"X1","X2","X3"
"BMPR1A","STK11","MAPK3"
"BMPR1A","SMO","MAPK3"
"BMPR1A","PTPN6","MAPK3"
"BMPR1A","PTPRJ","MAPK3"
"BMPR1A","FYN","MAPK3"
"BMPR1A","PTPRA","MAPK3"
"BMPR1A","FCRL3","MAPK3"
"BMPR1A","GRK2","AKT3"
"BMPR1A","STK11","AKT3"
"BMPR1A","SMO","AKT3"
"BMPR1A","ACP1","AKT3"
"BMPR1A","FYN","AKT3"
"BMPR1A","GRK2","MYOD1"
"BMPR1A","STK11","MYOD1"
"BMPR1A","PTPN6","MYOD1"
"BMPR1A","KIT","MYOD1"
"BMPR1A","FYN","MYOD1"
"BMPR1A","PDPK1","MYOD1"
"BMPR1A","CDK5","MYOD1"
"BMPR1A","CSNK1A1","MYOD1"
"BMPR1A","RET","MYOD1"
"BMPR1A","GRM5","MYOD1"
"BMPR1A","DCC","MYOD1"
"BMPR1A","TRIO","MYOD1"
"BMPR1A","FCRL3","MYOD1"
"BMPR1A","GRK2","CHUK"
"BMPR1A","STK11","CHUK"
"BMPR1A","ACP1","CHUK"
"BMPR1A","PTPRJ","CHUK"
"BMPR1A","FYN","CHUK"
"BMPR1A","GSK3B","CHUK"
"BMPR1A","AIIB/b3 integrin","CHUK"
"BMPR1A","CLK2","CHUK"
"BMPR1A","STK11","CTNNB1"
"BMPR1A","ACP1","CTNNB1"
"BMPR1A","PTPN6","CTNNB1"
"BMPR1A","FYN","CTNNB1"
"BMPR1A","GSK3B","CTNNB1"
"BMPR1A","CSNK1A1","CTNNB1"
"BMPR1A","GRM5","CTNNB1"
"BMPR1A","FCRL3","CTNNB1"
"BMPR1A","SRC","FBXW8"
"BMPR1A","STK11","FBXW8"
"BMPR1A","SMO","FBXW8"
"BMPR1A","PTPRJ","FBXW8"
"BMPR1A","PDPK1","FBXW8"
"BMPR1A","GSK3B","FBXW8"
"BMPR1A","RET","FBXW8"
"BMPR1A","BDKRB2","FBXW8"
"BMPR1A","S1PR1","FBXW8"
"BMPR1A","PTPRA","FBXW8"
"BMPR1A","GNAI1","FBXW8"
"BMPR1A","FERMT2","FBXW8"
"BMPR1A","CLK2","FBXW8"
"BMPR1A","TRIO","FBXW8"
"BMPR1A","FCRL3","FBXW8"
"BMPR1A","SRC","MAP2K6"
"BMPR1A","STK11","MAP2K6"
"BMPR1A","RET","MAP2K6"
"BMPR1A","PTPRA","MAP2K6"
"BMPR1A","GRM5","MAP2K6"
"BMPR1A","CLK2","MAP2K6"
"BMPR1A","STK11","ATM"
"BMPR1A","PTPN6","ATM"
"BMPR1A","KIT","ATM"
"BMPR1A","PTPRJ","ATM"
"BMPR1A","FYN","ATM"
"BMPR1A","PDPK1","ATM"
"BMPR1A","BDKRB2","ATM"
"BMPR1A","S1PR1","ATM"
"BMPR1A","FERMT2","ATM"
"BMPR1A","CLK2","ATM"
"BMPR1A","PTPN6","AURKA"
"BMPR1A","KIT","AURKA"
"BMPR1A","PTPRJ","AURKA"
"BMPR1A","PTPRA","AURKA"
"BMPR1A","GRM5","AURKA"
"BMPR1A","RET","GRK2"
"BMPR1A","AIIB/b3 integrin","GRK2"
"BMPR1A","S1PR1","GRK2"
"BMPR1A","DCC","GRK2"
"BMPR1A","STK11","RPS6KA2"
"BMPR1A","SMO","RPS6KA2"
"BMPR1A","KIT","RPS6KA2"
"BMPR1A","GSK3B","RPS6KA2"
"BMPR1A","RET","RPS6KA2"
"BMPR1A","BDKRB2","RPS6KA2"
"BMPR1A","AIIB/b3 integrin","RPS6KA2"
"BMPR1A","FERMT2","RPS6KA2"
"BMPR1A","GRK2","PTPRF"
"BMPR1A","PTPN6","PTPRF"
"BMPR1A","PTPRJ","PTPRF"
"BMPR1A","PDPK1","PTPRF"
"BMPR1A","CDK5","PTPRF"
"BMPR1A","RET","PTPRF"
"BMPR1A","S1PR1","PTPRF"
"BMPR1A","GNAI1","PTPRF"
"BMPR1A","TRIO","PTPRF"
"BMPR1A","ACP1","AKT2"
"BMPR1A","GNAI1","AKT2"
"BMPR1A","PDPK1","PTEN"
"BMPR1A","CDK5","PTEN"
"BMPR1A","BDKRB2","PTEN"
"BMPR1A","FERMT2","PTEN"
"BMPR1A","GRK2","PRKCQ"
"BMPR1A","GSK3B","PRKCQ"
"BMPR1A","AIIB/b3 integrin","PRKCQ"
"BMPR1A","S1PR1","PRKCQ"
"BMPR1A","GNAI1","PRKCQ"
"BMPR1A","FERMT2","PRKCQ"
"BMPR1A","TRIO","PRKCQ"
"BMPR1A","SRC","MAPK8"
"BMPR1A","STK11","MAPK8"
"BMPR1A","SMO","MAPK8"
"BMPR1A","ACP1","MAPK8"
"BMPR1A","PTPN6","MAPK8"
"BMPR1A","CSNK1A1","MAPK8"
"BMPR1A","RET","MAPK8"
"BMPR1A","AIIB/b3 integrin","MAPK8"
"BMPR1A","S1PR1","MAPK8"
"BMPR1A","GNAI1","MAPK8"
"BMPR1A","GRM5","MAPK8"
"BMPR1A","TRIO","MAPK8"
"BMPR1A","ACP1","MTOR"
"BMPR1A","PTPN6","MTOR"
"BMPR1A","KIT","MTOR"
"BMPR1A","GSK3B","MTOR"
"BMPR1A","RET","MTOR"
"BMPR1A","PTPRA","MTOR"
"BMPR1A","GNAI1","MTOR"
"BMPR1A","GRM5","MTOR"
"BMPR1A","DCC","MTOR"
"BMPR1A","TRIO","MTOR"
"BMPR1A","SRC","FANCD2"
"BMPR1A","GRK2","FANCD2"
"BMPR1A","PTPN6","FANCD2"
"BMPR1A","PTPRJ","FANCD2"
"BMPR1A","GSK3B","FANCD2"
"BMPR1A","AIIB/b3 integrin","FANCD2"
"BMPR1A","S1PR1","FANCD2"
"BMPR1A","TRIO","FANCD2"
"BMPR1A","ACP1","AKT1"
"BMPR1A","PDPK1","AKT1"
"BMPR1A","GSK3B","AKT1"
"BMPR1A","CDK5","AKT1"
"BMPR1A","RET","AKT1"
"BMPR1A","S1PR1","AKT1"
"BMPR1A","PTPRA","AKT1"
"BMPR1A","GRM5","AKT1"
"BMPR1A","FERMT2","AKT1"
"BMPR1A","DCC","AKT1"
"BMPR1A","GRK2","STK11"
"BMPR1A","ACP1","STK11"
"BMPR1A","RET","STK11"
"BMPR1A","S1PR1","STK11"
"BMPR1A","KIT","SMO"
"BMPR1A","FERMT2","SMO"
"BMPR1A","TRIO","SMO"
"BMPR1A","FYN","RAF1"
"BMPR1A","CDK5","RAF1"
"BMPR1A","CSNK1A1","RAF1"
"BMPR1A","RET","RAF1"
"BMPR1A","AIIB/b3 integrin","RAF1"
"BMPR1A","S1PR1","RAF1"
"BMPR1A","GRM5","RAF1"
"BMPR1A","FERMT2","RAF1"
"BMPR1A","DCC","RAF1"
"BMPR1A","TRIO","RAF1"
"BMPR1A","FCRL3","RAF1"
"BMPR1A","SRC","ACP1"
"BMPR1A","STK11","ACP1"
"BMPR1A","PTPN6","ACP1"
"BMPR1A","PTPRJ","ACP1"
"BMPR1A","PDPK1","ACP1"
"BMPR1A","RET","ACP1"
"BMPR1A","BDKRB2","ACP1"
"BMPR1A","AIIB/b3 integrin","ACP1"
"BMPR1A","SMO","PRKG1"
"BMPR1A","PTPRJ","PRKG1"
"BMPR1A","FYN","PRKG1"
"BMPR1A","PDPK1","PRKG1"
"BMPR1A","CDK5","PRKG1"
"BMPR1A","AIIB/b3 integrin","PRKG1"
"BMPR1A","S1PR1","PRKG1"
"BMPR1A","CLK2","PRKG1"
"BMPR1A","PTPN6","MAPK1"
"BMPR1A","PTPRJ","MAPK1"
"BMPR1A","FYN","MAPK1"
"BMPR1A","RET","MAPK1"
"BMPR1A","BDKRB2","MAPK1"
"BMPR1A","AIIB/b3 integrin","MAPK1"
"BMPR1A","TRIO","MAPK1"
"BMPR1A","ACP1","PRKCA"
"BMPR1A","CDK5","PRKCA"
"BMPR1A","S1PR1","PRKCA"
"BMPR1A","GNAI1","PRKCA"
"BMPR1A","GRM5","PRKCA"
"BMPR1A","DCC","PRKCA"
"BMPR1A","FCRL3","PRKCA"
"BMPR1A","SMO","AMPK"
"BMPR1A","CSNK1A1","AMPK"
"BMPR1A","BDKRB2","AMPK"
"BMPR1A","S1PR1","AMPK"
"BMPR1A","PTPRA","AMPK"
"BMPR1A","GRM5","AMPK"
"BMPR1A","CLK2","AMPK"
"BMPR1A","SMO","PTPN6"
"BMPR1A","PDPK1","PTPN6"
"BMPR1A","GRM5","PTPN6"
"BMPR1A","FYN","ARAF"
"BMPR1A","PDPK1","ARAF"
"BMPR1A","RET","ARAF"
"BMPR1A","AIIB/b3 integrin","ARAF"
"BMPR1A","GNAI1","ARAF"
"BMPR1A","FERMT2","ARAF"
"BMPR1A","TRIO","ARAF"
"BMPR1A","FCRL3","ARAF"
"BMPR1A","STK11","MAPK14"
"BMPR1A","SMO","MAPK14"
"BMPR1A","ACP1","MAPK14"
"BMPR1A","FYN","MAPK14"
"BMPR1A","PDPK1","MAPK14"
"BMPR1A","GSK3B","MAPK14"
"BMPR1A","CDK5","MAPK14"
"BMPR1A","RET","MAPK14"
"BMPR1A","PTPRA","MAPK14"
"BMPR1A","GNAI1","MAPK14"
"BMPR1A","GRM5","MAPK14"
"BMPR1A","FERMT2","MAPK14"
"BMPR1A","CLK2","MAPK14"
"BMPR1A","TRIO","MAPK14"
"BMPR1A","SRC","CCP110"
"BMPR1A","GRK2","CCP110"
"BMPR1A","STK11","CCP110"
"BMPR1A","ACP1","CCP110"
"BMPR1A","PTPN6","CCP110"
"BMPR1A","PDPK1","CCP110"
"BMPR1A","AIIB/b3 integrin","CCP110"
"BMPR1A","S1PR1","CCP110"
"BMPR1A","TRIO","CCP110"
"BMPR1A","SRC","RPS6K"
"BMPR1A","KIT","RPS6K"
"BMPR1A","PTPRJ","RPS6K"
"BMPR1A","FYN","RPS6K"
"BMPR1A","PDPK1","RPS6K"
"BMPR1A","GSK3B","RPS6K"
"BMPR1A","CDK5","RPS6K"
"BMPR1A","RET","RPS6K"
"BMPR1A","AIIB/b3 integrin","RPS6K"
"BMPR1A","S1PR1","RPS6K"
"BMPR1A","PTPRA","RPS6K"
"BMPR1A","FERMT2","RPS6K"
"BMPR1A","FCRL3","RPS6K"
"BMPR1A","GRK2","PTPRC"
"BMPR1A","PTPRJ","PTPRC"
"BMPR1A","PDPK1","PTPRC"
"BMPR1A","GSK3B","PTPRC"
"BMPR1A","AIIB/b3 integrin","PTPRC"
"BMPR1A","FERMT2","PTPRC"
"BMPR1A","TRIO","PTPRC"
"BMPR1A","FCRL3","PTPRC"
"BMPR1A","STK11","Gbeta"
"BMPR1A","PTPN6","Gbeta"
"BMPR1A","KIT","Gbeta"
"BMPR1A","FYN","Gbeta"
"BMPR1A","BDKRB2","Gbeta"
"BMPR1A","PTPRA","Gbeta"
"BMPR1A","DCC","Gbeta"
"BMPR1A","GSK3B","PLK1"
"BMPR1A","SRC","GABARAPL1"
"BMPR1A","GRK2","GABARAPL1"
"BMPR1A","ACP1","GABARAPL1"
"BMPR1A","PTPN6","GABARAPL1"
"BMPR1A","PTPRJ","GABARAPL1"
"BMPR1A","RET","GABARAPL1"
"BMPR1A","S1PR1","GABARAPL1"
"BMPR1A","DCC","GABARAPL1"
"BMPR1A","PTPN6","KRAS"
"BMPR1A","FYN","KRAS"
"BMPR1A","CDK5","KRAS"
"BMPR1A","RET","KRAS"
"BMPR1A","ACP1","RAC1"
"BMPR1A","PTPRJ","RAC1"
"BMPR1A","FYN","RAC1"
"BMPR1A","GSK3B","RAC1"
"BMPR1A","CLK2","RAC1"
"BMPR1A","FYN","PTPRJ"
"BMPR1A","CDK5","PTPRJ"
"BMPR1A","SRC","TGFBR1"
"BMPR1A","STK11","TGFBR1"
"BMPR1A","SMO","TGFBR1"
"BMPR1A","ACP1","TGFBR1"
"BMPR1A","KIT","TGFBR1"
"BMPR1A","PTPRJ","TGFBR1"
"BMPR1A","PDPK1","TGFBR1"
"BMPR1A","GSK3B","TGFBR1"
"BMPR1A","BDKRB2","TGFBR1"
"BMPR1A","S1PR1","TGFBR1"
"BMPR1A","DCC","TGFBR1"
"BMPR1A","TRIO","TGFBR1"
"BMPR1A","GRK2","PKA"
"BMPR1A","STK11","PKA"
"BMPR1A","ACP1","PKA"
"BMPR1A","PTPN6","PKA"
"BMPR1A","FYN","PKA"
"BMPR1A","CDK5","PKA"
"BMPR1A","CSNK1A1","PKA"
"BMPR1A","PTPRA","PKA"
"BMPR1A","GNAI1","PKA"
"BMPR1A","GRM5","PKA"
"BMPR1A","FERMT2","PKA"
"BMPR1A","CLK2","PKA"
"BMPR1A","GRK2","RPS6KB1"
"BMPR1A","STK11","RPS6KB1"
"BMPR1A","SMO","RPS6KB1"
"BMPR1A","FYN","RPS6KB1"
"BMPR1A","AIIB/b3 integrin","RPS6KB1"
"BMPR1A","PTPRA","RPS6KB1"
"BMPR1A","GNAI1","RPS6KB1"
"BMPR1A","GRM5","RPS6KB1"
"BMPR1A","FERMT2","RPS6KB1"
"BMPR1A","CLK2","RPS6KB1"
"BMPR1A","TRIO","RPS6KB1"
"BMPR1A","FCRL3","RPS6KB1"
"BMPR1A","STK11","FYN"
"BMPR1A","KIT","FYN"
"BMPR1A","PTPRJ","FYN"
"BMPR1A","PDPK1","FYN"
"BMPR1A","CDK5","FYN"
"BMPR1A","RET","FYN"
"BMPR1A","BDKRB2","FYN"
"BMPR1A","AIIB/b3 integrin","FYN"
"BMPR1A","S1PR1","FYN"
"BMPR1A","GNAI1","FYN"
"BMPR1A","GRM5","FYN"
"BMPR1A","TRIO","FYN"
"BMPR1A","FCRL3","FYN"
"BMPR1A","GRK2","ID3"
"BMPR1A","STK11","ID3"
"BMPR1A","PTPN6","ID3"
"BMPR1A","KIT","ID3"
"BMPR1A","PTPRJ","ID3"
"BMPR1A","PDPK1","ID3"
"BMPR1A","DCC","ID3"
"BMPR1A","TRIO","ID3"
"BMPR1A","FCRL3","ID3"
"BMPR1A","GRK2","EP300"
"BMPR1A","STK11","EP300"
"BMPR1A","SMO","EP300"
"BMPR1A","ACP1","EP300"
"BMPR1A","PTPN6","EP300"
"BMPR1A","KIT","EP300"
"BMPR1A","CSNK1A1","EP300"
"BMPR1A","BDKRB2","EP300"
"BMPR1A","AIIB/b3 integrin","EP300"
"BMPR1A","S1PR1","EP300"
"BMPR1A","PTPRA","EP300"
"BMPR1A","GRM5","EP300"
"BMPR1A","FERMT2","EP300"
"BMPR1A","CLK2","EP300"
"BMPR1A","DCC","EP300"
"BMPR1A","TRIO","EP300"
"BMPR1A","FCRL3","EP300"
"BMPR1A","SRC","SP1"
"BMPR1A","GRK2","SP1"
"BMPR1A","STK11","SP1"
"BMPR1A","ACP1","SP1"
"BMPR1A","PDPK1","SP1"
"BMPR1A","GSK3B","SP1"
"BMPR1A","CDK5","SP1"
"BMPR1A","RET","SP1"
"BMPR1A","BDKRB2","SP1"
"BMPR1A","AIIB/b3 integrin","SP1"
"BMPR1A","S1PR1","SP1"
"BMPR1A","PTPRA","SP1"
"BMPR1A","GNAI1","SP1"
"BMPR1A","GRM5","SP1"
"BMPR1A","FERMT2","SP1"
"BMPR1A","CLK2","SP1"
"BMPR1A","DCC","SP1"
"BMPR1A","TRIO","SP1"
"BMPR1A","GRK2","CHEK2"
"BMPR1A","STK11","CHEK2"
"BMPR1A","ACP1","CHEK2"
"BMPR1A","PTPRJ","CHEK2"
"BMPR1A","PDPK1","CHEK2"
"BMPR1A","BDKRB2","CHEK2"
"BMPR1A","AIIB/b3 integrin","CHEK2"
"BMPR1A","FERMT2","CHEK2"
"BMPR1A","FCRL3","CHEK2"
"BMPR1A","GRK2","RPS6KA5"
"BMPR1A","SMO","RPS6KA5"
"BMPR1A","PTPRJ","RPS6KA5"
"BMPR1A","RET","RPS6KA5"
"BMPR1A","GRM5","RPS6KA5"
"BMPR1A","TRIO","RPS6KA5"
"BMPR1A","FCRL3","RPS6KA5"
"BMPR1A","SMO","WNK1"
"BMPR1A","ACP1","WNK1"
"BMPR1A","PTPN6","WNK1"
"BMPR1A","CLK2","WNK1"
"BMPR1A","SMO","PDPK1"
"BMPR1A","ACP1","PDPK1"
"BMPR1A","CLK2","PDPK1"
"BMPR1A","PTPN6","RPS6KA1"
"BMPR1A","KIT","RPS6KA1"
"BMPR1A","PDPK1","RPS6KA1"
"BMPR1A","CDK5","RPS6KA1"
"BMPR1A","GNAI1","RPS6KA1"
"BMPR1A","CLK2","RPS6KA1"
"BMPR1A","DCC","RPS6KA1"
"BMPR1A","FCRL3","RPS6KA1"
"BMPR1A","GRK2","DDX5"
"BMPR1A","SMO","DDX5"
"BMPR1A","PTPN6","DDX5"
"BMPR1A","PDPK1","DDX5"
"BMPR1A","BDKRB2","DDX5"
"BMPR1A","AIIB/b3 integrin","DDX5"
"BMPR1A","S1PR1","DDX5"
"BMPR1A","FERMT2","DDX5"
"BMPR1A","CLK2","DDX5"
"BMPR1A","FCRL3","DDX5"
"BMPR1A","SRC","VAV1"
"BMPR1A","GRK2","VAV1"
"BMPR1A","STK11","VAV1"
"BMPR1A","PTPRJ","VAV1"
"BMPR1A","CDK5","VAV1"
"BMPR1A","RET","VAV1"
"BMPR1A","PTPRA","VAV1"
"BMPR1A","GNAI1","VAV1"
"BMPR1A","GRM5","VAV1"
"BMPR1A","FERMT2","VAV1"
"BMPR1A","TRIO","VAV1"
"BMPR1A","FCRL3","VAV1"
"BMPR1A","GRK2","PAK6"
"BMPR1A","ACP1","PAK6"
"BMPR1A","GNAI1","PAK6"
"BMPR1A","DCC","PAK6"
"BMPR1A","FYN","SGK1"
"BMPR1A","GSK3B","SGK1"
"BMPR1A","PTPRA","SGK1"
"BMPR1A","DCC","SGK1"
"BMPR1A","TRIO","SGK1"
"BMPR1A","PTPN6","IGF1R"
"BMPR1A","FYN","IGF1R"
"BMPR1A","RET","IGF1R"
"BMPR1A","GRM5","IGF1R"
"BMPR1A","TRIO","IGF1R"
"BMPR1A","SRC","MAP2K1"
"BMPR1A","GRK2","MAP2K1"
"BMPR1A","PTPN6","MAP2K1"
"BMPR1A","PTPRJ","MAP2K1"
"BMPR1A","FYN","MAP2K1"
"BMPR1A","PDPK1","MAP2K1"
"BMPR1A","GSK3B","MAP2K1"
"BMPR1A","CDK5","MAP2K1"
"BMPR1A","RET","MAP2K1"
"BMPR1A","BDKRB2","MAP2K1"
"BMPR1A","AIIB/b3 integrin","MAP2K1"
"BMPR1A","S1PR1","MAP2K1"
"BMPR1A","PTPRA","MAP2K1"
"BMPR1A","GNAI1","MAP2K1"
"BMPR1A","FERMT2","MAP2K1"
"BMPR1A","CLK2","MAP2K1"
"BMPR1A","DCC","MAP2K1"
"BMPR1A","FCRL3","MAP2K1"
"BMPR1A","SRC","GSK3B"
"BMPR1A","SMO","GSK3B"
"BMPR1A","PTPN6","GSK3B"
"BMPR1A","GNAI1","GSK3B"
"BMPR1A","CLK2","GSK3B"
"BMPR1A","STK11","PRKCB"
"BMPR1A","PDPK1","PRKCB"
"BMPR1A","CDK5","PRKCB"
"BMPR1A","GNAI1","PRKCB"
"BMPR1A","CLK2","PRKCB"
"BMPR1A","DCC","PRKCB"
"BMPR1A","TRIO","PRKCB"
"BMPR1A","SRC","DYRK2"
"BMPR1A","GRK2","DYRK2"
"BMPR1A","STK11","DYRK2"
"BMPR1A","KIT","DYRK2"
"BMPR1A","PTPRJ","DYRK2"
"BMPR1A","FYN","DYRK2"
"BMPR1A","PDPK1","DYRK2"
"BMPR1A","GSK3B","DYRK2"
"BMPR1A","CDK5","DYRK2"
"BMPR1A","RET","DYRK2"
"BMPR1A","AIIB/b3 integrin","DYRK2"
"BMPR1A","S1PR1","DYRK2"
"BMPR1A","PTPRA","DYRK2"
"BMPR1A","GRM5","DYRK2"
"BMPR1A","FERMT2","DYRK2"
"BMPR1A","TRIO","DYRK2"
"BMPR1A","SRC","RAB1A"
"BMPR1A","GRK2","RAB1A"
"BMPR1A","STK11","RAB1A"
"BMPR1A","ACP1","RAB1A"
"BMPR1A","FYN","RAB1A"
"BMPR1A","CDK5","RAB1A"
"BMPR1A","GNAI1","RAB1A"
"BMPR1A","KIT","TGFBR2"
"BMPR1A","TRIO","TGFBR2"
"BMPR1A","SRC","PAK2"
"BMPR1A","GRK2","PAK2"
"BMPR1A","ACP1","PAK2"
"BMPR1A","KIT","PAK2"
"BMPR1A","PTPRJ","PAK2"
"BMPR1A","FYN","PAK2"
"BMPR1A","PDPK1","PAK2"
"BMPR1A","GSK3B","PAK2"
"BMPR1A","CSNK1A1","PAK2"
"BMPR1A","RET","PAK2"
"BMPR1A","BDKRB2","PAK2"
"BMPR1A","AIIB/b3 integrin","PAK2"
"BMPR1A","S1PR1","PAK2"
"BMPR1A","GNAI1","PAK2"
"BMPR1A","GRM5","PAK2"
"BMPR1A","TRIO","PAK2"
"BMPR1A","AIIB/b3 integrin","PPP1R2"
"BMPR1A","GNAI1","PPP1R2"
"BMPR1A","TRIO","CDK5"
"BMPR1A","GRK2","TXK"
"BMPR1A","ACP1","TXK"
"BMPR1A","PTPN6","TXK"
"BMPR1A","CDK5","TXK"
"BMPR1A","GNAI1","TXK"
"BMPR1A","ACP1","AKT"
"BMPR1A","PTPN6","AKT"
"BMPR1A","PTPRJ","AKT"
"BMPR1A","FYN","AKT"
"BMPR1A","PDPK1","AKT"
"BMPR1A","GSK3B","AKT"
"BMPR1A","STK11","MAPK9"
"BMPR1A","PTPN6","MAPK9"
"BMPR1A","KIT","MAPK9"
"BMPR1A","PTPRJ","MAPK9"
"BMPR1A","TRIO","MAPK9"
"BMPR1A","FCRL3","MAPK9"
"BMPR1A","GRK2","IKBKB"
"BMPR1A","ACP1","IKBKB"
"BMPR1A","PTPN6","IKBKB"
"BMPR1A","PTPRJ","IKBKB"
"BMPR1A","FYN","IKBKB"
"BMPR1A","PDPK1","IKBKB"
"BMPR1A","CDK5","IKBKB"
"BMPR1A","AIIB/b3 integrin","IKBKB"
"BMPR1A","PTPRA","IKBKB"
"BMPR1A","CLK2","IKBKB"
"BMPR1A","DCC","IKBKB"
"BMPR1A","GRK2","PER1"
"BMPR1A","ACP1","PER1"
"BMPR1A","PTPRJ","PER1"
"BMPR1A","RET","PER1"
"BMPR1A","S1PR1","PER1"
"BMPR1A","PTPRA","PPP1R1B"
"BMPR1A","GNAI1","PPP1R1B"
"BMPR1A","FERMT2","PPP1R1B"
"BMPR1A","TRIO","PPP1R1B"
"BMPR1A","STK11","RACK1"
"BMPR1A","ACP1","RACK1"
"BMPR1A","PTPN6","RACK1"
"BMPR1A","KIT","RACK1"
"BMPR1A","FYN","RACK1"
"BMPR1A","GSK3B","RACK1"
"BMPR1A","CDK5","RACK1"
"BMPR1A","RET","RACK1"
"BMPR1A","AIIB/b3 integrin","RACK1"
"BMPR1A","S1PR1","RACK1"
"BMPR1A","GNAI1","RACK1"
"BMPR1A","GRM5","RACK1"
"BMPR1A","CLK2","RACK1"
"BMPR1A","TRIO","RACK1"
"BMPR1A","FCRL3","RACK1"
"BMPR1A","STK11","HMGA1"
"BMPR1A","ACP1","HMGA1"
"BMPR1A","PTPN6","HMGA1"
"BMPR1A","KIT","HMGA1"
"BMPR1A","FYN","HMGA1"
"BMPR1A","GSK3B","HMGA1"
"BMPR1A","CDK5","HMGA1"
"BMPR1A","RET","HMGA1"
"BMPR1A","AIIB/b3 integrin","HMGA1"
"BMPR1A","S1PR1","HMGA1"
"BMPR1A","DCC","HMGA1"
"BMPR1A","TRIO","HMGA1"
"BMPR1A","FCRL3","HMGA1"
"BMPR1A","SRC","ID2"
"BMPR1A","CDK5","ID2"
"BMPR1A","AIIB/b3 integrin","ID2"
"BMPR1A","PTPRA","ID2"
"BMPR1A","FERMT2","ID2"
"BMPR1A","CLK2","ID2"
"BMPR1A","TRIO","ID2"
"BMPR1A","GRK2","TLN1"
"BMPR1A","SMO","TLN1"
"BMPR1A","KIT","TLN1"
"BMPR1A","BDKRB2","TLN1"
"BMPR1A","GRM5","TLN1"
"BMPR1A","CLK2","TLN1"
"BMPR1A","SRC","MAP3K4"
"BMPR1A","PTPN6","MAP3K4"
"BMPR1A","PTPRJ","MAP3K4"
"BMPR1A","S1PR1","MAP3K4"
"BMPR1A","PDPK1","MUC1"
"BMPR1A","AIIB/b3 integrin","MUC1"
"BMPR1A","GRM5","MUC1"
"BMPR1A","PTPN6","PXN"
"BMPR1A","GRM5","PXN"
"BMPR1A","FERMT2","PXN"
"BMPR1A","TRIO","PXN"
"BMPR1A","FCRL3","PXN"
"BMPR1A","SRC","PRKD1"
"BMPR1A","SMO","PRKD1"
"BMPR1A","PTPN6","PRKD1"
"BMPR1A","FYN","PRKD1"
"BMPR1A","PDPK1","PRKD1"
"BMPR1A","CDK5","PRKD1"
"BMPR1A","RET","PRKD1"
"BMPR1A","BDKRB2","PRKD1"
"BMPR1A","AIIB/b3 integrin","PRKD1"
"BMPR1A","GRM5","PRKD1"
"BMPR1A","FERMT2","PRKD1"
"BMPR1A","DCC","PRKD1"
"BMPR1A","TRIO","PRKD1"
"BMPR1A","FCRL3","PRKD1"
"BMPR1A","SRC","MAPKAPK2"
"BMPR1A","GRK2","MAPKAPK2"
"BMPR1A","PTPRJ","MAPKAPK2"
"BMPR1A","FYN","MAPKAPK2"
"BMPR1A","PDPK1","MAPKAPK2"
"BMPR1A","GSK3B","MAPKAPK2"
"BMPR1A","CDK5","MAPKAPK2"
"BMPR1A","CSNK1A1","MAPKAPK2"
"BMPR1A","RET","MAPKAPK2"
"BMPR1A","BDKRB2","MAPKAPK2"
"BMPR1A","AIIB/b3 integrin","MAPKAPK2"
"BMPR1A","S1PR1","MAPKAPK2"
"BMPR1A","GNAI1","MAPKAPK2"
"BMPR1A","FCRL3","MAPKAPK2"
"BMPR1A","STK11","CBP/p300"
"BMPR1A","ACP1","CBP/p300"
"BMPR1A","PDPK1","CBP/p300"
"BMPR1A","CDK5","CBP/p300"
"BMPR1A","S1PR1","CBP/p300"
"BMPR1A","FERMT2","CBP/p300"
"BMPR1A","CLK2","CBP/p300"
"BMPR1A","TRIO","CBP/p300"
"BMPR1A","CSNK1A1","NFATC2"
"BMPR1A","GSK3B","PRKD2"
"BMPR1A","GRK2","PIK3CA"
"BMPR1A","STK11","PIK3CA"
"BMPR1A","ACP1","PIK3CA"
"BMPR1A","PTPN6","PIK3CA"
"BMPR1A","KIT","PIK3CA"
"BMPR1A","FYN","PIK3CA"
"BMPR1A","PDPK1","PIK3CA"
"BMPR1A","GSK3B","PIK3CA"
"BMPR1A","CDK5","PIK3CA"
"BMPR1A","RET","PIK3CA"
"BMPR1A","AIIB/b3 integrin","PIK3CA"
"BMPR1A","S1PR1","PIK3CA"
"BMPR1A","FERMT2","PIK3CA"
"BMPR1A","SRC","GATA3"
"BMPR1A","GRK2","GATA3"
"BMPR1A","KIT","GATA3"
"BMPR1A","PTPRJ","GATA3"
"BMPR1A","CDK5","GATA3"
"BMPR1A","GNAI1","GATA3"
"BMPR1A","GRM5","GATA3"
"BMPR1A","CLK2","GATA3"
"BMPR1A","DCC","GATA3"
"BMPR1A","TRIO","GATA3"
"BMPR1A","SRC","PRKCE"
"BMPR1A","STK11","PRKCE"
"BMPR1A","PTPN6","PRKCE"
"BMPR1A","KIT","PRKCE"
"BMPR1A","FYN","PRKCE"
"BMPR1A","PDPK1","PRKCE"
"BMPR1A","GSK3B","PRKCE"
"BMPR1A","CDK5","PRKCE"
"BMPR1A","RET","PRKCE"
"BMPR1A","AIIB/b3 integrin","PRKCE"
"BMPR1A","S1PR1","PRKCE"
"BMPR1A","PTPRA","PRKCE"
"BMPR1A","GNAI1","PRKCE"
"BMPR1A","CLK2","PRKCE"
"BMPR1A","DCC","PRKCE"
"BMPR1A","SRC","CyclinB/CDK1"
"BMPR1A","KIT","CyclinB/CDK1"
"BMPR1A","BDKRB2","CyclinB/CDK1"
"BMPR1A","PTPRA","CyclinB/CDK1"
"BMPR1A","DCC","CyclinB/CDK1"
"BMPR1A","TRIO","CyclinB/CDK1"
"BMPR1A","FCRL3","CyclinB/CDK1"
"BMPR1A","SRC","FBXW7"
"BMPR1A","KIT","FBXW7"
"BMPR1A","RET","FBXW7"
"BMPR1A","S1PR1","FBXW7"
"BMPR1A","GRM5","FBXW7"
"BMPR1A","FCRL3","FBXW7"
"BMPR1A","GNAI1","PTK2"
"BMPR1A","GRM5","PTK2"
"BMPR1A","FERMT2","PTK2"
"BMPR1A","CLK2","PTK2"
"BMPR1A","DCC","PTK2"
"BMPR1A","TRIO","PTK2"
"BMPR1A","FCRL3","PTK2"
"BMPR1A","SRC","RPS6KA3"
"BMPR1A","GRK2","RPS6KA3"
"BMPR1A","STK11","RPS6KA3"
"BMPR1A","SMO","RPS6KA3"
"BMPR1A","PTPN6","RPS6KA3"
"BMPR1A","KIT","RPS6KA3"
"BMPR1A","FYN","RPS6KA3"
"BMPR1A","CDK5","RPS6KA3"
"BMPR1A","RET","RPS6KA3"
"BMPR1A","GRM5","RPS6KA3"
"BMPR1A","CSNK1A1","MARK2"
"BMPR1A","STK11","BMPR2"
"BMPR1A","KIT","BMPR2"
"BMPR1A","PDPK1","BMPR2"
"BMPR1A","GSK3B","BMPR2"
"BMPR1A","RET","BMPR2"
"BMPR1A","BDKRB2","BMPR2"
"BMPR1A","S1PR1","BMPR2"
"BMPR1A","GRK2","mTORC1"
"BMPR1A","STK11","mTORC1"
"BMPR1A","SMO","mTORC1"
"BMPR1A","PTPN6","mTORC1"
"BMPR1A","FYN","mTORC1"
"BMPR1A","PDPK1","mTORC1"
"BMPR1A","CDK5","mTORC1"
"BMPR1A","AIIB/b3 integrin","mTORC1"
"BMPR1A","PTPRA","mTORC1"
"BMPR1A","FERMT2","mTORC1"
"BMPR1A","SRC","ROCK1"
"BMPR1A","KIT","ROCK1"
"BMPR1A","PDPK1","ROCK1"
"BMPR1A","GSK3B","ROCK1"
"BMPR1A","CSNK1A1","ROCK1"
"BMPR1A","S1PR1","ROCK1"
"BMPR1A","GRM5","ROCK1"
"BMPR1A","SRC","DLX5"
"BMPR1A","ACP1","DLX5"
"BMPR1A","FYN","DLX5"
"BMPR1A","GSK3B","DLX5"
"BMPR1A","BDKRB2","DLX5"
"BMPR1A","AIIB/b3 integrin","DLX5"
"BMPR1A","S1PR1","DLX5"
"BMPR1A","PTPRA","DLX5"
"BMPR1A","GRM5","DLX5"
"BMPR1A","FERMT2","DLX5"
"BMPR1A","CLK2","DLX5"
"BMPR1A","DCC","DLX5"
"BMPR1A","GRK2","NEB"
"BMPR1A","PTPRJ","NEB"
"BMPR1A","FYN","NEB"
"BMPR1A","PDPK1","NEB"
"BMPR1A","CSNK1A1","NEB"
"BMPR1A","RET","NEB"
"BMPR1A","S1PR1","NEB"
"BMPR1A","DCC","NEB"
"BMPR1A","SRC","A6/b4 integrin"
"BMPR1A","PTPN6","A6/b4 integrin"
"BMPR1A","PDPK1","A6/b4 integrin"
"BMPR1A","BDKRB2","A6/b4 integrin"
"BMPR1A","SRC","CCAR2"
"BMPR1A","GRK2","CCAR2"
"BMPR1A","STK11","CCAR2"
"BMPR1A","SMO","CCAR2"
"BMPR1A","ACP1","CCAR2"
"BMPR1A","PTPN6","CCAR2"
"BMPR1A","KIT","CCAR2"
"BMPR1A","PTPRJ","CCAR2"
"BMPR1A","FYN","CCAR2"
"BMPR1A","PDPK1","CCAR2"
"BMPR1A","GSK3B","CCAR2"
"BMPR1A","RET","CCAR2"
"BMPR1A","BDKRB2","CCAR2"
"BMPR1A","AIIB/b3 integrin","CCAR2"
"BMPR1A","S1PR1","CCAR2"
"BMPR1A","PTPRA","CCAR2"
"BMPR1A","GNAI1","CCAR2"
"BMPR1A","GRM5","CCAR2"
"BMPR1A","FERMT2","CCAR2"
"BMPR1A","CLK2","CCAR2"
"BMPR1A","DCC","CCAR2"
"BMPR1A","TRIO","CCAR2"
"BMPR1A","FCRL3","CCAR2"
"BMPR1A","GRK2","BTK"
"BMPR1A","KIT","BTK"
"BMPR1A","PTPRJ","BTK"
"BMPR1A","FYN","BTK"
"BMPR1A","CDK5","BTK"
"BMPR1A","RET","BTK"
"BMPR1A","AIIB/b3 integrin","BTK"
"BMPR1A","S1PR1","BTK"
"BMPR1A","GNAI1","BTK"
"BMPR1A","FCRL3","BTK"
"BMPR1A","STK11","APAF1"
"BMPR1A","FYN","APAF1"
"BMPR1A","TRIO","APAF1"
"BMPR1A","STK11","PRKAA2"
"BMPR1A","SMO","PRKAA2"
"BMPR1A","ACP1","PRKAA2"
"BMPR1A","PTPN6","PRKAA2"
"BMPR1A","PTPRJ","PRKAA2"
"BMPR1A","FYN","PRKAA2"
"BMPR1A","PDPK1","PRKAA2"
"BMPR1A","CDK5","PRKAA2"
"BMPR1A","CSNK1A1","PRKAA2"
"BMPR1A","RET","PRKAA2"
"BMPR1A","BDKRB2","PRKAA2"
"BMPR1A","AIIB/b3 integrin","PRKAA2"
"BMPR1A","S1PR1","PRKAA2"
"BMPR1A","PTPRA","PRKAA2"
"BMPR1A","GNAI1","PRKAA2"
"BMPR1A","GRM5","PRKAA2"
"BMPR1A","FERMT2","PRKAA2"
"BMPR1A","CLK2","PRKAA2"
"BMPR1A","DCC","PRKAA2"
"BMPR1A","FCRL3","PRKAA2"
"BMPR1A","GRK2","TNK2"
"BMPR1A","STK11","TNK2"
"BMPR1A","SMO","TNK2"
"BMPR1A","ACP1","TNK2"
"BMPR1A","KIT","TNK2"
"BMPR1A","PTPRJ","TNK2"
"BMPR1A","FYN","TNK2"
"BMPR1A","GSK3B","TNK2"
"BMPR1A","CDK5","TNK2"
"BMPR1A","RET","TNK2"
"BMPR1A","AIIB/b3 integrin","TNK2"
"BMPR1A","GRM5","TNK2"
"BMPR1A","FERMT2","TNK2"
"BMPR1A","CLK2","TNK2"
"BMPR1A","DCC","TNK2"
"BMPR1A","TRIO","TNK2"
"BMPR1A","FCRL3","TNK2"
"BMPR1A","GRK2","NCOR2"
"BMPR1A","SMO","NCOR2"
"BMPR1A","ACP1","NCOR2"
"BMPR1A","PTPN6","NCOR2"
"BMPR1A","KIT","NCOR2"
"BMPR1A","PTPRJ","NCOR2"
"BMPR1A","FYN","NCOR2"
"BMPR1A","PDPK1","NCOR2"
"BMPR1A","GSK3B","NCOR2"
"BMPR1A","CDK5","NCOR2"
"BMPR1A","BDKRB2","NCOR2"
"BMPR1A","PTPRA","NCOR2"
"BMPR1A","GRM5","NCOR2"
"BMPR1A","CLK2","NCOR2"
"BMPR1A","FCRL3","NCOR2"
"BMPR1A","ACP1","DVL1"
"BMPR1A","PTPN6","DVL1"
"BMPR1A","KIT","DVL1"
"BMPR1A","PTPRJ","DVL1"
"BMPR1A","PDPK1","DVL1"
"BMPR1A","GSK3B","DVL1"
"BMPR1A","INSR","DVL1"
"BMPR1A","BDKRB2","DVL1"
"BMPR1A","AIIB/b3 integrin","DVL1"
"BMPR1A","S1PR1","DVL1"
"BMPR1A","PTPRA","DVL1"
"BMPR1A","MGluR","DVL1"
"BMPR1A","GNAI1","DVL1"
"BMPR1A","FERMT2","DVL1"
"BMPR1A","CLK2","DVL1"
"BMPR1A","DCC","DVL1"
"BMPR1A","FCRL3","DVL1"
"BMPR1A","GSK3B","MCL1"
"BMPR1A","CSNK1A1","MCL1"
"BMPR1A","SRC","PINK1"
"BMPR1A","GRK2","PINK1"
"BMPR1A","SMO","PINK1"
"BMPR1A","PTPN6","PINK1"
"BMPR1A","KIT","PINK1"
"BMPR1A","PDPK1","PINK1"
"BMPR1A","CDK5","PINK1"
"BMPR1A","CSNK1A1","PINK1"
"BMPR1A","RET","PINK1"
"BMPR1A","BDKRB2","PINK1"
"BMPR1A","S1PR1","PINK1"
"BMPR1A","PTPRA","PINK1"
"BMPR1A","GNAI1","PINK1"
"BMPR1A","GRM5","PINK1"
"BMPR1A","FERMT2","PINK1"
"BMPR1A","DCC","PINK1"
"BMPR1A","TRIO","PINK1"
"BMPR1A","SRC","NUMA1"
"BMPR1A","GRK2","NUMA1"
"BMPR1A","STK11","NUMA1"
"BMPR1A","SMO","NUMA1"
"BMPR1A","ACP1","NUMA1"
"BMPR1A","PTPN6","NUMA1"
"BMPR1A","KIT","NUMA1"
"BMPR1A","PTPRJ","NUMA1"
"BMPR1A","FYN","NUMA1"
"BMPR1A","PDPK1","NUMA1"
"BMPR1A","GSK3B","NUMA1"
"BMPR1A","CDK5","NUMA1"
"BMPR1A","RET","NUMA1"
"BMPR1A","BDKRB2","NUMA1"
"BMPR1A","AIIB/b3 integrin","NUMA1"
"BMPR1A","S1PR1","NUMA1"
"BMPR1A","PTPRA","NUMA1"
"BMPR1A","GNAI1","NUMA1"
"BMPR1A","GRM5","NUMA1"
"BMPR1A","FERMT2","NUMA1"
"BMPR1A","CLK2","NUMA1"
"BMPR1A","DCC","NUMA1"
"BMPR1A","TRIO","NUMA1"
"BMPR1A","FCRL3","NUMA1"
"BMPR1A","ACP1","FZR1"
"BMPR1A","PTPN6","FZR1"
"BMPR1A","PTPRJ","FZR1"
"BMPR1A","BDKRB2","FZR1"
"BMPR1A","FERMT2","FZR1"
"BMPR1A","FCRL3","FZR1"
"BMPR1A","SRC","CAV1"
"BMPR1A","GRK2","CAV1"
"BMPR1A","STK11","CAV1"
"BMPR1A","SMO","CAV1"
"BMPR1A","PTPN6","CAV1"
"BMPR1A","PTPRJ","CAV1"
"BMPR1A","FYN","CAV1"
"BMPR1A","PDPK1","CAV1"
"BMPR1A","CDK5","CAV1"
"BMPR1A","CSNK1A1","CAV1"
"BMPR1A","RET","CAV1"
"BMPR1A","AIIB/b3 integrin","CAV1"
"BMPR1A","S1PR1","CAV1"
"BMPR1A","GNAI1","CAV1"
"BMPR1A","GRM5","CAV1"
"BMPR1A","CLK2","CAV1"
"BMPR1A","DCC","CAV1"
"BMPR1A","FCRL3","CAV1"
"BMPR1A","SRC","GRB2"
"BMPR1A","STK11","GRB2"
"BMPR1A","ACP1","GRB2"
"BMPR1A","PTPN6","GRB2"
"BMPR1A","FYN","GRB2"
"BMPR1A","PDPK1","GRB2"
"BMPR1A","GSK3B","GRB2"
"BMPR1A","RET","GRB2"
"BMPR1A","BDKRB2","GRB2"
"BMPR1A","S1PR1","GRB2"
"BMPR1A","PTPRA","GRB2"
"BMPR1A","GNAI1","GRB2"
"BMPR1A","GRM5","GRB2"
"BMPR1A","FERMT2","GRB2"
"BMPR1A","DCC","GRB2"
"BMPR1A","TRIO","GRB2"
"BMPR1A","FCRL3","GRB2"
"BMPR1A","SRC","PPP3CA"
"BMPR1A","KIT","PPP3CA"
"BMPR1A","CSNK1A1","PPP3CA"
"BMPR1A","TRIO","PPP3CA"
"BMPR1A","FCRL3","PPP3CA"
"BMPR1A","STK11","VCPIP1"
"BMPR1A","PTPN6","VCPIP1"
"BMPR1A","KIT","VCPIP1"
"BMPR1A","FYN","VCPIP1"
"BMPR1A","PDPK1","VCPIP1"
"BMPR1A","GSK3B","VCPIP1"
"BMPR1A","CDK5","VCPIP1"
"BMPR1A","RET","VCPIP1"
"BMPR1A","AIIB/b3 integrin","VCPIP1"
"BMPR1A","S1PR1","VCPIP1"
"BMPR1A","PTPRA","VCPIP1"
"BMPR1A","GNAI1","VCPIP1"
"BMPR1A","GRM5","VCPIP1"
"BMPR1A","CLK2","VCPIP1"
"BMPR1A","DCC","VCPIP1"
"BMPR1A","TRIO","VCPIP1"
"BMPR1A","CDK5","XIAP"
"BMPR1A","SRC","HCK"
"BMPR1A","ACP1","HCK"
"BMPR1A","PDPK1","HCK"
"BMPR1A","DCC","HCK"
"BMPR1A","SRC","PRKAA1"
"BMPR1A","GRK2","PRKAA1"
"BMPR1A","ACP1","PRKAA1"
"BMPR1A","KIT","PRKAA1"
"BMPR1A","PTPRJ","PRKAA1"
"BMPR1A","PDPK1","PRKAA1"
"BMPR1A","CDK5","PRKAA1"
"BMPR1A","BDKRB2","PRKAA1"
"BMPR1A","AIIB/b3 integrin","PRKAA1"
"BMPR1A","PTPRA","PRKAA1"
"BMPR1A","GNAI1","PRKAA1"
"BMPR1A","GRM5","PRKAA1"
"BMPR1A","CLK2","PRKAA1"
"BMPR1A","TRIO","PRKAA1"
"BMPR1A","FCRL3","PRKAA1"
"BMPR1A","STK11","STAT1"
"BMPR1A","SMO","STAT1"
"BMPR1A","CDK5","STAT1"
"BMPR1A","CSNK1A1","STAT1"
"BMPR1A","FCRL3","STAT1"
"BMPR1A","GRK2","MAP2K3"
"BMPR1A","SMO","MAP2K3"
"BMPR1A","ACP1","MAP2K3"
"BMPR1A","PTPRJ","MAP2K3"
"BMPR1A","CDK5","MAP2K3"
"BMPR1A","AIIB/b3 integrin","MAP2K3"
"BMPR1A","PTPRA","MAP2K3"
"BMPR1A","CLK2","MAP2K3"
"BMPR1A","ACP1","PPM1A"
"BMPR1A","PTPRJ","PPM1A"
"BMPR1A","FYN","PPM1A"
"BMPR1A","AIIB/b3 integrin","PPM1A"
"BMPR1A","CLK2","PPM1A"
"BMPR1A","CSNK1A1","NBR1"
"BMPR1A","TRIO","TP53RK"
"BMPR1A","SMO","HSP90AB1"
"BMPR1A","ACP1","HSP90AB1"
"BMPR1A","KIT","HSP90AB1"
"BMPR1A","PTPRJ","HSP90AB1"
"BMPR1A","GSK3B","HSP90AB1"
"BMPR1A","RET","HSP90AB1"
"BMPR1A","BDKRB2","HSP90AB1"
"BMPR1A","S1PR1","HSP90AB1"
"BMPR1A","PTPRA","HSP90AB1"
"BMPR1A","GNAI1","HSP90AB1"
"BMPR1A","GRM5","HSP90AB1"
"BMPR1A","FERMT2","HSP90AB1"
"BMPR1A","CLK2","HSP90AB1"
"BMPR1A","TRIO","HSP90AB1"
"BMPR1A","FCRL3","HSP90AB1"
"BMPR1A","SRC","SYP"
"BMPR1A","GRK2","SYP"
"BMPR1A","ACP1","SYP"
"BMPR1A","PTPN6","SYP"
"BMPR1A","KIT","SYP"
"BMPR1A","PTPRJ","SYP"
"BMPR1A","FYN","SYP"
"BMPR1A","GSK3B","SYP"
"BMPR1A","BDKRB2","SYP"
"BMPR1A","AIIB/b3 integrin","SYP"
"BMPR1A","S1PR1","SYP"
"BMPR1A","GNAI1","SYP"
"BMPR1A","GRM5","SYP"
"BMPR1A","CLK2","SYP"
"BMPR1A","DCC","SYP"
"BMPR1A","FCRL3","SYP"
"BMPR1A","SRC","mTORC2"
"BMPR1A","GRK2","mTORC2"
"BMPR1A","STK11","mTORC2"
"BMPR1A","SMO","mTORC2"
"BMPR1A","ACP1","mTORC2"
"BMPR1A","FYN","mTORC2"
"BMPR1A","PDPK1","mTORC2"
"BMPR1A","GSK3B","mTORC2"
"BMPR1A","CDK5","mTORC2"
"BMPR1A","RET","mTORC2"
"BMPR1A","BDKRB2","mTORC2"
"BMPR1A","AIIB/b3 integrin","mTORC2"
"BMPR1A","S1PR1","mTORC2"
"BMPR1A","PTPRA","mTORC2"
"BMPR1A","GNAI1","mTORC2"
"BMPR1A","GRM5","mTORC2"
"BMPR1A","CLK2","mTORC2"
"BMPR1A","CSNK1A1","CAMKK2"
"BMPR1A","GRK2","PPM1D"
"BMPR1A","ACP1","PPM1D"
"BMPR1A","PTPRJ","PPM1D"
"BMPR1A","BDKRB2","PPM1D"
"BMPR1A","GNAI1","PPM1D"
"BMPR1A","GRM5","PPM1D"
"BMPR1A","FERMT2","PPM1D"
"BMPR1A","CLK2","PPM1D"
"BMPR1A","DCC","PPM1D"
"BMPR1A","TRIO","PPM1D"
"BMPR1A","FCRL3","PPM1D"
"BMPR1A","SRC","PTK6"
"BMPR1A","GRK2","PTK6"
"BMPR1A","STK11","PTK6"
"BMPR1A","SMO","PTK6"
"BMPR1A","ACP1","PTK6"
"BMPR1A","PTPN6","PTK6"
"BMPR1A","KIT","PTK6"
"BMPR1A","PTPRJ","PTK6"
"BMPR1A","AIIB/b3 integrin","PTK6"
"BMPR1A","S1PR1","PTK6"
"BMPR1A","PTPRA","PTK6"
"BMPR1A","GNAI1","PTK6"
"BMPR1A","FERMT2","PTK6"
"BMPR1A","DCC","PTK6"
"BMPR1A","TRIO","PTK6"
"BMPR1A","FCRL3","PTK6"
"BMPR1A","SRC","TRIP11"
"BMPR1A","ACP1","TRIP11"
"BMPR1A","PTPN6","TRIP11"
"BMPR1A","KIT","TRIP11"
"BMPR1A","FYN","TRIP11"
"BMPR1A","RET","TRIP11"
"BMPR1A","S1PR1","TRIP11"
"BMPR1A","PTPRA","TRIP11"
"BMPR1A","GNAI1","TRIP11"
"BMPR1A","GRK2","SMAD1/5/8"
"BMPR1A","GSK3B","SMAD1/5/8"
"BMPR1A","RET","SMAD1/5/8"
"BMPR1A","SRC","PPP2R5C"
"BMPR1A","ACP1","PPP2R5C"
"BMPR1A","PTPN6","PPP2R5C"
"BMPR1A","FYN","PPP2R5C"
"BMPR1A","SMO","PAK1"
"BMPR1A","ACP1","PAK1"
"BMPR1A","PTPN6","PAK1"
"BMPR1A","KIT","PAK1"
"BMPR1A","FYN","PAK1"
"BMPR1A","GSK3B","PAK1"
"BMPR1A","CDK5","PAK1"
"BMPR1A","BDKRB2","PAK1"
"BMPR1A","AIIB/b3 integrin","PAK1"
"BMPR1A","GNAI1","PAK1"
"BMPR1A","DCC","PAK1"
"BMPR1A","TRIO","PAK1"
"BMPR1A","FCRL3","PAK1"
"BMPR1A","CSNK1A1","CCND1"
"BMPR1A","SRC","MAP1LC3A"
"BMPR1A","ACP1","MAP1LC3A"
"BMPR1A","PTPRJ","MAP1LC3A"
"BMPR1A","CDK5","MAP1LC3A"
"BMPR1A","AIIB/b3 integrin","MAP1LC3A"
"BMPR1A","GNAI1","MAP1LC3A"
"BMPR1A","TRIO","MAP1LC3A"
"BMPR1A","SMO","MAP2K2"
"BMPR1A","PTPRJ","MAP2K2"
"BMPR1A","PDPK1","MAP2K2"
"BMPR1A","RET","MAP2K2"
"BMPR1A","BDKRB2","MAP2K2"
"BMPR1A","AIIB/b3 integrin","MAP2K2"
"BMPR1A","TRIO","MAP2K2"
"BMPR1A","GRK2","DUSP1"
"BMPR1A","STK11","DUSP1"
"BMPR1A","SMO","DUSP1"
"BMPR1A","PTPN6","DUSP1"
"BMPR1A","PTPRJ","DUSP1"
"BMPR1A","PDPK1","DUSP1"
"BMPR1A","CDK5","DUSP1"
"BMPR1A","RET","DUSP1"
"BMPR1A","PTPRA","DUSP1"
"BMPR1A","GRM5","DUSP1"
"BMPR1A","TRIO","DUSP1"
"BMPR1A","SRC","CDK8"
"BMPR1A","TRIO","ILK"
"BMPR1A","FCRL3","ILK"
"BMPR1A","SRC","PML"
"BMPR1A","SMO","PML"
"BMPR1A","PTPN6","PML"
"BMPR1A","KIT","PML"
"BMPR1A","GSK3B","PML"
"BMPR1A","BDKRB2","PML"
"BMPR1A","AIIB/b3 integrin","PML"
"BMPR1A","S1PR1","PML"
"BMPR1A","PTPRA","PML"
"BMPR1A","CLK2","PML"
"BMPR1A","TRIO","PML"
"BMPR1A","FCRL3","PML"
"BMPR1A","GRK2","GIT1"
"BMPR1A","STK11","GIT1"
"BMPR1A","ACP1","GIT1"
"BMPR1A","KIT","GIT1"
"BMPR1A","PTPRJ","GIT1"
"BMPR1A","GSK3B","GIT1"
"BMPR1A","CDK5","GIT1"
"BMPR1A","RET","GIT1"
"BMPR1A","S1PR1","GIT1"
"BMPR1A","GNAI1","GIT1"
"BMPR1A","GRM5","GIT1"
"BMPR1A","DCC","GIT1"
"BMPR1A","STK11","INPPL1"
"BMPR1A","SMO","INPPL1"
"BMPR1A","KIT","INPPL1"
"BMPR1A","FYN","INPPL1"
"BMPR1A","CDK5","INPPL1"
"BMPR1A","BDKRB2","INPPL1"
"BMPR1A","PTPRA","INPPL1"
"BMPR1A","GNAI1","INPPL1"
"BMPR1A","GRM5","INPPL1"
"BMPR1A","FERMT2","INPPL1"
"BMPR1A","TRIO","INPPL1"
"BMPR1A","FCRL3","INPPL1"
"BMPR1A","SRC","PKN1"
"BMPR1A","GRK2","PKN1"
"BMPR1A","STK11","PKN1"
"BMPR1A","ACP1","PKN1"
"BMPR1A","PTPN6","PKN1"
"BMPR1A","FYN","PKN1"
"BMPR1A","BDKRB2","PKN1"
"BMPR1A","S1PR1","PKN1"
"BMPR1A","FCRL3","PKN1"
"BMPR1A","STK11","PKN2"
"BMPR1A","SMO","PKN2"
"BMPR1A","KIT","PKN2"
"BMPR1A","CSNK1A1","PKN2"
"BMPR1A","BDKRB2","PKN2"
"BMPR1A","AIIB/b3 integrin","PKN2"
"BMPR1A","GRM5","PKN2"
"BMPR1A","FERMT2","PKN2"
"BMPR1A","CLK2","PKN2"
"BMPR1A","TRIO","PKN2"
"BMPR1A","FCRL3","PKN2"
"BMPR1A","FYN","CREBBP"
"BMPR1A","PDPK1","CREBBP"
"BMPR1A","RET","CREBBP"
"BMPR1A","AIIB/b3 integrin","CREBBP"
"BMPR1A","CLK2","CREBBP"
"BMPR1A","FCRL3","CREBBP"
"BMPR1A","SRC","MEK1/2"
"BMPR1A","STK11","MEK1/2"
"BMPR1A","PTPN6","MEK1/2"
"BMPR1A","KIT","MEK1/2"
"BMPR1A","FYN","MEK1/2"
"BMPR1A","GSK3B","MEK1/2"
"BMPR1A","CSNK1A1","MEK1/2"
"BMPR1A","CLK2","MEK1/2"
"BMPR1A","SRC","NEK2"
"BMPR1A","GRK2","NEK2"
"BMPR1A","SMO","NEK2"
"BMPR1A","PTPN6","NEK2"
"BMPR1A","PTPRJ","NEK2"
"BMPR1A","GSK3B","NEK2"
"BMPR1A","BDKRB2","NEK2"
"BMPR1A","AIIB/b3 integrin","NEK2"
"BMPR1A","S1PR1","NEK2"
"BMPR1A","PTPRA","NEK2"
"BMPR1A","GNAI1","NEK2"
"BMPR1A","GRM5","NEK2"
"BMPR1A","FERMT2","NEK2"
"BMPR1A","CLK2","NEK2"
"BMPR1A","DCC","NEK2"
"BMPR1A","TRIO","NEK2"
"BMPR1A","FCRL3","NEK2"
"BMPR1A","GRK2","PTPN7"
"BMPR1A","STK11","PTPN7"
"BMPR1A","SMO","PTPN7"
"BMPR1A","ACP1","PTPN7"
"BMPR1A","PTPN6","PTPN7"
"BMPR1A","PTPRJ","PTPN7"
"BMPR1A","PDPK1","PTPN7"
"BMPR1A","CDK5","PTPN7"
"BMPR1A","RET","PTPN7"
"BMPR1A","BDKRB2","PTPN7"
"BMPR1A","AIIB/b3 integrin","PTPN7"
"BMPR1A","GNAI1","PTPN7"
"BMPR1A","GRM5","PTPN7"
"BMPR1A","FERMT2","PTPN7"
"BMPR1A","CLK2","PTPN7"
"BMPR1A","TRIO","PTPN7"
"BMPR1A","FCRL3","PTPN7"
"BMPR1A","PDPK1","STK38"
"BMPR1A","GRK2","Calcineurin"
"BMPR1A","ACP1","Calcineurin"
"BMPR1A","FYN","Calcineurin"
"BMPR1A","PDPK1","Calcineurin"
"BMPR1A","CDK5","Calcineurin"
"BMPR1A","RET","Calcineurin"
"BMPR1A","GRM5","Calcineurin"
"BMPR1A","FCRL3","Calcineurin"
"BMPR1A","SMO","CHKA"
"BMPR1A","PTPN6","CHKA"
"BMPR1A","PDPK1","CHKA"
"BMPR1A","GSK3B","CHKA"
"BMPR1A","CDK5","CHKA"
"BMPR1A","BDKRB2","CHKA"
"BMPR1A","GRM5","CHKA"
"BMPR1A","FERMT2","CHKA"
"BMPR1A","FCRL3","CHKA"
"BMPR1A","STK11","GAK"
"BMPR1A","KIT","GAK"
"BMPR1A","GSK3B","GAK"
"BMPR1A","PTPRA","GAK"
"BMPR1A","FERMT2","GAK"
"BMPR1A","GRK2","RPA2"
"BMPR1A","SMO","RPA2"
"BMPR1A","ACP1","RPA2"
"BMPR1A","PTPRJ","RPA2"
"BMPR1A","PTPRA","RPA2"
"BMPR1A","CLK2","RPA2"
"BMPR1A","DCC","RPA2"
"BMPR1A","SRC","NLGN2"
"BMPR1A","GRK2","NLGN2"
"BMPR1A","STK11","NLGN2"
"BMPR1A","SMO","NLGN2"
"BMPR1A","ACP1","NLGN2"
"BMPR1A","PTPRJ","NLGN2"
"BMPR1A","FYN","NLGN2"
"BMPR1A","PDPK1","NLGN2"
"BMPR1A","CDK5","NLGN2"
"BMPR1A","CSNK1A1","NLGN2"
"BMPR1A","RET","NLGN2"
"BMPR1A","AIIB/b3 integrin","NLGN2"
"BMPR1A","GNAI1","NLGN2"
"BMPR1A","GRM5","NLGN2"
"BMPR1A","CLK2","NLGN2"
"BMPR1A","SRC","BUB1"
"BMPR1A","ACP1","BUB1"
"BMPR1A","KIT","BUB1"
"BMPR1A","PDPK1","BUB1"
"BMPR1A","PTPRA","BUB1"
"BMPR1A","TRIO","BUB1"
"BMPR1A","GRK2","GNB1"
"BMPR1A","STK11","GNB1"
"BMPR1A","PTPN6","GNB1"
"BMPR1A","FYN","GNB1"
"BMPR1A","GSK3B","GNB1"
"BMPR1A","BDKRB2","GNB1"
"BMPR1A","PTPRA","GNB1"
"BMPR1A","GNAI1","GNB1"
"BMPR1A","GRM5","GNB1"
"BMPR1A","FERMT2","GNB1"
"BMPR1A","SRC","RET"
"BMPR1A","STK11","RET"
"BMPR1A","SMO","RET"
"BMPR1A","PTPN6","RET"
"BMPR1A","KIT","RET"
"BMPR1A","FYN","RET"
"BMPR1A","GSK3B","RET"
"BMPR1A","AIIB/b3 integrin","RET"
"BMPR1A","S1PR1","RET"
"BMPR1A","PTPRA","RET"
"BMPR1A","GNAI1","RET"
"BMPR1A","GRM5","RET"
"BMPR1A","CLK2","RET"
"BMPR1A","DCC","RET"
"BMPR1A","TRIO","RET"
"BMPR1A","FCRL3","RET"
"BMPR1A","STK11","ACVR1"
"BMPR1A","PTPN6","ACVR1"
"BMPR1A","PDPK1","ACVR1"
"BMPR1A","CSNK1A1","ACVR1"
"BMPR1A","GNAI1","ACVR1"
"BMPR1A","TRIO","ACVR1"
"BMPR1A","GRK2","EPS15"
"BMPR1A","PTPN6","EPS15"
"BMPR1A","KIT","EPS15"
"BMPR1A","PTPRJ","EPS15"
"BMPR1A","FYN","EPS15"
"BMPR1A","CSNK1A1","EPS15"
"BMPR1A","DCC","EPS15"
"BMPR1A","TRIO","EPS15"
"BMPR1A","FCRL3","EPS15"
"BMPR1A","STK11","RPS6KA4"
"BMPR1A","PTPN6","RPS6KA4"
"BMPR1A","KIT","RPS6KA4"
"BMPR1A","FYN","RPS6KA4"
"BMPR1A","PDPK1","RPS6KA4"
"BMPR1A","GSK3B","RPS6KA4"
"BMPR1A","CDK5","RPS6KA4"
"BMPR1A","RET","RPS6KA4"
"BMPR1A","AIIB/b3 integrin","RPS6KA4"
"BMPR1A","PTPRA","RPS6KA4"
"BMPR1A","GNAI1","RPS6KA4"
"BMPR1A","CLK2","RPS6KA4"
"BMPR1A","DCC","RPS6KA4"
"BMPR1A","FCRL3","RPS6KA4"
"BMPR1A","PTPN6","CSK"
"BMPR1A","PDPK1","CSK"
"BMPR1A","AIIB/b3 integrin","CSK"
"BMPR1A","GRK2","MKNK1"
"BMPR1A","STK11","MKNK1"
"BMPR1A","ACP1","MKNK1"
"BMPR1A","PTPN6","MKNK1"
"BMPR1A","KIT","MKNK1"
"BMPR1A","PDPK1","MKNK1"
"BMPR1A","BDKRB2","MKNK1"
"BMPR1A","S1PR1","MKNK1"
"BMPR1A","GRM5","MKNK1"
"BMPR1A","CLK2","MKNK1"
"BMPR1A","TRIO","MKNK1"
"BMPR1A","FCRL3","MKNK1"
"BMPR1A","SRC","CAMK4"
"BMPR1A","STK11","CAMK4"
"BMPR1A","SMO","CAMK4"
"BMPR1A","FYN","CAMK4"
"BMPR1A","RET","CAMK4"
"BMPR1A","BDKRB2","CAMK4"
"BMPR1A","PTPRA","CAMK4"
"BMPR1A","FERMT2","CAMK4"
"BMPR1A","DCC","CAMK4"
"BMPR1A","TRIO","CAMK4"
"BMPR1A","SRC","TPX2"
"BMPR1A","GRK2","TPX2"
"BMPR1A","STK11","TPX2"
"BMPR1A","SMO","TPX2"
"BMPR1A","PTPN6","TPX2"
"BMPR1A","KIT","TPX2"
"BMPR1A","PTPRJ","TPX2"
"BMPR1A","FYN","TPX2"
"BMPR1A","PDPK1","TPX2"
"BMPR1A","CDK5","TPX2"
"BMPR1A","RET","TPX2"
"BMPR1A","BDKRB2","TPX2"
"BMPR1A","AIIB/b3 integrin","TPX2"
"BMPR1A","S1PR1","TPX2"
"BMPR1A","GNAI1","TPX2"
"BMPR1A","GRM5","TPX2"
"BMPR1A","CLK2","TPX2"
"BMPR1A","TRIO","TPX2"
"BMPR1A","FCRL3","TPX2"
"BMPR1A","SRC","MYO5A"
"BMPR1A","GRK2","MYO5A"
"BMPR1A","STK11","MYO5A"
"BMPR1A","SMO","MYO5A"
"BMPR1A","ACP1","MYO5A"
"BMPR1A","KIT","MYO5A"
"BMPR1A","PTPRJ","MYO5A"
"BMPR1A","FYN","MYO5A"
"BMPR1A","RET","MYO5A"
"BMPR1A","BDKRB2","MYO5A"
"BMPR1A","S1PR1","MYO5A"
"BMPR1A","GRM5","MYO5A"
"BMPR1A","DCC","MYO5A"
"BMPR1A","TRIO","MYO5A"
"BMPR1A","FCRL3","MYO5A"
"BMPR1A","STK11","MAPK8IP3"
"BMPR1A","ACP1","MAPK8IP3"
"BMPR1A","PTPN6","MAPK8IP3"
"BMPR1A","FYN","MAPK8IP3"
"BMPR1A","GSK3B","MAPK8IP3"
"BMPR1A","CDK5","MAPK8IP3"
"BMPR1A","CSNK1A1","MAPK8IP3"
"BMPR1A","RET","MAPK8IP3"
"BMPR1A","PTPRA","MAPK8IP3"
"BMPR1A","FERMT2","MAPK8IP3"
"BMPR1A","FCRL3","MAPK8IP3"
"BMPR1A","GRK2","BID"
"BMPR1A","SMO","BID"
"BMPR1A","PDPK1","BID"
"BMPR1A","RET","BID"
"BMPR1A","AIIB/b3 integrin","BID"
"BMPR1A","S1PR1","BID"
"BMPR1A","TRIO","BID"
"BMPR1A","FCRL3","BID"
"BMPR1A","SRC","EEF2K"
"BMPR1A","CSNK1A1","EEF2K"
"BMPR1A","BDKRB2","EEF2K"
"BMPR1A","S1PR1","EEF2K"
"BMPR1A","PTPRA","EEF2K"
"BMPR1A","FERMT2","EEF2K"
"BMPR1A","CLK2","EEF2K"
"BMPR1A","DCC","EEF2K"
"BMPR1A","TRIO","EEF2K"
"BMPR1A","FCRL3","EEF2K"
"BMPR1A","SRC","MAP2K4"
"BMPR1A","GRK2","MAP2K4"
"BMPR1A","CDK5","MAP2K4"
"BMPR1A","CSNK1A1","MAP2K4"
"BMPR1A","RET","MAP2K4"
"BMPR1A","BDKRB2","MAP2K4"
"BMPR1A","S1PR1","MAP2K4"
"BMPR1A","PTPRA","MAP2K4"
"BMPR1A","GNAI1","MAP2K4"
"BMPR1A","GRM5","MAP2K4"
"BMPR1A","TRIO","MAP2K4"
"BMPR1A","GRK2","RELA"
"BMPR1A","ACP1","RELA"
"BMPR1A","PTPN6","RELA"
"BMPR1A","KIT","RELA"
"BMPR1A","PTPRJ","RELA"
"BMPR1A","FYN","RELA"
"BMPR1A","RET","RELA"
"BMPR1A","BDKRB2","RELA"
"BMPR1A","GNAI1","RELA"
"BMPR1A","FERMT2","RELA"
"BMPR1A","DCC","RELA"
"BMPR1A","TRIO","RELA"
"BMPR1A","FCRL3","RELA"
"BMPR1A","SRC","PRKDC"
"BMPR1A","STK11","PRKDC"
"BMPR1A","ACP1","PRKDC"
"BMPR1A","FYN","PRKDC"
"BMPR1A","AIIB/b3 integrin","PRKDC"
"BMPR1A","S1PR1","PRKDC"
"BMPR1A","GRM5","PRKDC"
"BMPR1A","FERMT2","PRKDC"
"BMPR1A","DCC","PRKDC"
"BMPR1A","FCRL3","PRKDC"
"BMPR1A","GRK2","RAB7A"
"BMPR1A","STK11","RAB7A"
"BMPR1A","SMO","RAB7A"
"BMPR1A","ACP1","RAB7A"
"BMPR1A","PTPN6","RAB7A"
"BMPR1A","KIT","RAB7A"
"BMPR1A","PTPRJ","RAB7A"
"BMPR1A","FYN","RAB7A"
"BMPR1A","PDPK1","RAB7A"
"BMPR1A","CDK5","RAB7A"
"BMPR1A","CSNK1A1","RAB7A"
"BMPR1A","PTPRA","RAB7A"
"BMPR1A","CLK2","RAB7A"
"BMPR1A","DCC","RAB7A"
"BMPR1A","PTPRA","UVRAG"
"BMPR1A","FERMT2","UVRAG"
"BMPR1A","CLK2","UVRAG"
"BMPR1A","TRIO","UVRAG"
"BMPR1A","SMO","MAPKAPK5"
"BMPR1A","PDPK1","MAPKAPK5"
"BMPR1A","BDKRB2","MAPKAPK5"
"BMPR1A","AIIB/b3 integrin","MAPKAPK5"
"BMPR1A","PTPRA","MAPKAPK5"
"BMPR1A","GNAI1","MAPKAPK5"
"BMPR1A","CLK2","MAPKAPK5"
"BMPR1A","SRC","LIMK1"
"BMPR1A","GRK2","LIMK1"
"BMPR1A","STK11","LIMK1"
"BMPR1A","SMO","LIMK1"
"BMPR1A","ACP1","LIMK1"
"BMPR1A","PTPN6","LIMK1"
"BMPR1A","KIT","LIMK1"
"BMPR1A","PTPRJ","LIMK1"
"BMPR1A","FYN","LIMK1"
"BMPR1A","PDPK1","LIMK1"
"BMPR1A","GSK3B","LIMK1"
"BMPR1A","CDK5","LIMK1"
"BMPR1A","CSNK1A1","LIMK1"
"BMPR1A","BDKRB2","LIMK1"
"BMPR1A","GNAI1","LIMK1"
"BMPR1A","FERMT2","LIMK1"
"BMPR1A","CLK2","LIMK1"
"BMPR1A","SRC","DIABLO"
"BMPR1A","GRK2","DIABLO"
"BMPR1A","STK11","DIABLO"
"BMPR1A","GSK3B","DIABLO"
"BMPR1A","BDKRB2","DIABLO"
"BMPR1A","S1PR1","DIABLO"
"BMPR1A","GNAI1","DIABLO"
"BMPR1A","FERMT2","DIABLO"
"BMPR1A","CLK2","DIABLO"
"BMPR1A","DCC","DIABLO"
"BMPR1A","TRIO","DIABLO"
"BMPR1A","RET","EPHA2"
"BMPR1A","BDKRB2","EPHA2"
"BMPR1A","AIIB/b3 integrin","EPHA2"
"BMPR1A","PTPRA","EPHA2"
"BMPR1A","GRM5","EPHA2"
"BMPR1A","CLK2","EPHA2"
"BMPR1A","DCC","EPHA2"
"BMPR1A","TRIO","EPHA2"
"BMPR1A","SRC","MAP3K8"
"BMPR1A","GRK2","MAP3K8"
"BMPR1A","STK11","MAP3K8"
"BMPR1A","ACP1","MAP3K8"
"BMPR1A","PTPN6","MAP3K8"
"BMPR1A","KIT","MAP3K8"
"BMPR1A","PTPRJ","MAP3K8"
"BMPR1A","FYN","MAP3K8"
"BMPR1A","PDPK1","MAP3K8"
"BMPR1A","GSK3B","MAP3K8"
"BMPR1A","CDK5","MAP3K8"
"BMPR1A","RET","MAP3K8"
"BMPR1A","BDKRB2","MAP3K8"
"BMPR1A","S1PR1","MAP3K8"
"BMPR1A","PTPRA","MAP3K8"
"BMPR1A","GNAI1","MAP3K8"
"BMPR1A","GRM5","MAP3K8"
"BMPR1A","DCC","MAP3K8"
"BMPR1A","FCRL3","MAP3K8"
"BMPR1A","GRK2","GOLGA2"
"BMPR1A","SMO","GOLGA2"
"BMPR1A","ACP1","GOLGA2"
"BMPR1A","PTPN6","GOLGA2"
"BMPR1A","KIT","GOLGA2"
"BMPR1A","PTPRJ","GOLGA2"
"BMPR1A","PDPK1","GOLGA2"
"BMPR1A","GSK3B","GOLGA2"
"BMPR1A","BDKRB2","GOLGA2"
"BMPR1A","AIIB/b3 integrin","GOLGA2"
"BMPR1A","GRM5","GOLGA2"
"BMPR1A","TRIO","GOLGA2"
"BMPR1A","SRC","PTPRR"
"BMPR1A","KIT","PTPRR"
"BMPR1A","PDPK1","PTPRR"
"BMPR1A","GSK3B","PTPRR"
"BMPR1A","CDK5","PTPRR"
"BMPR1A","FERMT2","PTPRR"
"BMPR1A","DCC","PTPRR"
"BMPR1A","STK11","CDCA5"
"BMPR1A","BDKRB2","CDCA5"
"BMPR1A","AIIB/b3 integrin","CDCA5"
"BMPR1A","DCC","CDCA5"
"BMPR1A","SRC","CDKN1B"
"BMPR1A","GRK2","CDKN1B"
"BMPR1A","S1PR1","CDKN1B"
"BMPR1A","GNAI1","CDKN1B"
"BMPR1A","GRM5","CDKN1B"
"BMPR1A","FERMT2","CDKN1B"
"BMPR1A","DCC","CDKN1B"
"BMPR1A","FCRL3","CDKN1B"
"BMPR1A","SRC","NSFL1C"
"BMPR1A","GRK2","NSFL1C"
"BMPR1A","PDPK1","NSFL1C"
"BMPR1A","BDKRB2","NSFL1C"
"BMPR1A","S1PR1","NSFL1C"
"BMPR1A","PTPRA","NSFL1C"
"BMPR1A","GRM5","NSFL1C"
"BMPR1A","FCRL3","NSFL1C"
"BMPR1A","STK11","AR"
"BMPR1A","ACP1","AR"
"BMPR1A","GSK3B","AR"
"BMPR1A","CSNK1A1","AR"
"BMPR1A","GNAI1","AR"
"BMPR1A","CLK2","AR"
"BMPR1A","DCC","AR"
"BMPR1A","SRC","GTF2I"
"BMPR1A","STK11","GTF2I"
"BMPR1A","ACP1","GTF2I"
"BMPR1A","GSK3B","GTF2I"
"BMPR1A","BDKRB2","GTF2I"
"BMPR1A","AIIB/b3 integrin","GTF2I"
"BMPR1A","TRIO","GTF2I"
"BMPR1A","PTPRA","PAK"
"BMPR1A","GNAI1","PAK"
"BMPR1A","GRM5","PAK"
"BMPR1A","TRIO","PAK"
"BMPR1A","SRC","?ñ-Catenin"
"BMPR1A","ACP1","?ñ-Catenin"
"BMPR1A","KIT","?ñ-Catenin"
"BMPR1A","AIIB/b3 integrin","?ñ-Catenin"
"BMPR1A","GNAI1","?ñ-Catenin"
"BMPR1A","GRK2","UBTF"
"BMPR1A","PTPRJ","UBTF"
"BMPR1A","FYN","UBTF"
"BMPR1A","PDPK1","UBTF"
"BMPR1A","CDK5","UBTF"
"BMPR1A","CSNK1A1","UBTF"
"BMPR1A","S1PR1","UBTF"
"BMPR1A","PTPRA","UBTF"
"BMPR1A","GNAI1","UBTF"
"BMPR1A","GRM5","UBTF"
"BMPR1A","FERMT2","UBTF"
"BMPR1A","TRIO","UBTF"
"BMPR1A","GSK3B","TSC1"
"BMPR1A","GRK2","UBQLN4"
"BMPR1A","PTPN6","UBQLN4"
"BMPR1A","KIT","UBQLN4"
"BMPR1A","RET","UBQLN4"
"BMPR1A","BDKRB2","UBQLN4"
"BMPR1A","S1PR1","UBQLN4"
"BMPR1A","PTPRA","UBQLN4"
"BMPR1A","GRM5","UBQLN4"
"BMPR1A","FERMT2","UBQLN4"
"BMPR1A","GRK2","BDKRB2"
"BMPR1A","STK11","BDKRB2"
"BMPR1A","SMO","BDKRB2"
"BMPR1A","ACP1","ROCK2"
"BMPR1A","PTPRJ","ROCK2"
"BMPR1A","GSK3B","ROCK2"
"BMPR1A","RET","ROCK2"
"BMPR1A","BDKRB2","ROCK2"
"BMPR1A","S1PR1","ROCK2"
"BMPR1A","PTPRA","ROCK2"
"BMPR1A","GNAI1","ROCK2"
"BMPR1A","FERMT2","ROCK2"
"BMPR1A","CLK2","ROCK2"
"BMPR1A","DCC","ROCK2"
"BMPR1A","TRIO","ROCK2"
"BMPR1A","FCRL3","ROCK2"
"BMPR1A","GRK2","GNG12"
"BMPR1A","STK11","GNG12"
"BMPR1A","PTPRJ","GNG12"
"BMPR1A","GSK3B","GNG12"
"BMPR1A","AIIB/b3 integrin","GNG12"
"BMPR1A","PTPRA","GNG12"
"BMPR1A","GRM5","GNG12"
"BMPR1A","SRC","DUSP3"
"BMPR1A","SMO","DUSP3"
"BMPR1A","PTPN6","DUSP3"
"BMPR1A","FYN","DUSP3"
"BMPR1A","PDPK1","DUSP3"
"BMPR1A","RET","DUSP3"
"BMPR1A","PTPRA","DUSP3"
"BMPR1A","FERMT2","DUSP3"
"BMPR1A","GRK2","MAX"
"BMPR1A","KIT","MAX"
"BMPR1A","PDPK1","MAX"
"BMPR1A","CDK5","MAX"
"BMPR1A","BDKRB2","MAX"
"BMPR1A","AIIB/b3 integrin","MAX"
"BMPR1A","GNAI1","MAX"
"BMPR1A","CLK2","MAX"
"BMPR1A","STK11","FLT4"
"BMPR1A","ACP1","FLT4"
"BMPR1A","PTPN6","FLT4"
"BMPR1A","PDPK1","FLT4"
"BMPR1A","AIIB/b3 integrin","FLT4"
"BMPR1A","S1PR1","FLT4"
"BMPR1A","PTPRA","FLT4"
"BMPR1A","GNAI1","FLT4"
"BMPR1A","GRM5","FLT4"
"BMPR1A","FERMT2","FLT4"
"BMPR1A","DCC","FLT4"
"BMPR1A","TRIO","FLT4"
"BMPR1A","FCRL3","FLT4"
"BMPR1A","SRC","BAD"
"BMPR1A","SMO","BAD"
"BMPR1A","PDPK1","BAD"
"BMPR1A","BDKRB2","BAD"
"BMPR1A","S1PR1","BAD"
"BMPR1A","GNAI1","BAD"
"BMPR1A","FCRL3","BAD"
"BMPR1A","STK11","ERBB3"
"BMPR1A","PTPN6","ERBB3"
"BMPR1A","RET","ERBB3"
"BMPR1A","S1PR1","ERBB3"
"BMPR1A","SMO","MAML1"
"BMPR1A","ACP1","MAML1"
"BMPR1A","PTPN6","MAML1"
"BMPR1A","KIT","MAML1"
"BMPR1A","PTPRJ","MAML1"
"BMPR1A","PDPK1","MAML1"
"BMPR1A","CDK5","MAML1"
"BMPR1A","CSNK1A1","MAML1"
"BMPR1A","RET","MAML1"
"BMPR1A","S1PR1","MAML1"
"BMPR1A","PTPRA","MAML1"
"BMPR1A","FERMT2","MAML1"
"BMPR1A","DCC","MAML1"
"BMPR1A","FCRL3","MAML1"
"BMPR1A","GRK2","NOTCH4"
"BMPR1A","STK11","NOTCH4"
"BMPR1A","SMO","NOTCH4"
"BMPR1A","KIT","NOTCH4"
"BMPR1A","PTPRJ","NOTCH4"
"BMPR1A","FYN","NOTCH4"
"BMPR1A","CDK5","NOTCH4"
"BMPR1A","RET","NOTCH4"
"BMPR1A","BDKRB2","NOTCH4"
"BMPR1A","S1PR1","NOTCH4"
"BMPR1A","PTPRA","NOTCH4"
"BMPR1A","GNAI1","NOTCH4"
"BMPR1A","CLK2","NOTCH4"
"BMPR1A","TRIO","NOTCH4"
"BMPR1A","SRC","ITGB4"
"BMPR1A","PTPN6","ITGB4"
"BMPR1A","KIT","ITGB4"
"BMPR1A","PTPRJ","ITGB4"
"BMPR1A","FYN","ITGB4"
"BMPR1A","PDPK1","ITGB4"
"BMPR1A","GSK3B","ITGB4"
"BMPR1A","BDKRB2","ITGB4"
"BMPR1A","GNAI1","ITGB4"
"BMPR1A","GRM5","ITGB4"
"BMPR1A","FERMT2","ITGB4"
"BMPR1A","SMO","TAOK1"
"BMPR1A","ACP1","TAOK1"
"BMPR1A","FYN","TAOK1"
"BMPR1A","PDPK1","TAOK1"
"BMPR1A","RET","TAOK1"
"BMPR1A","PTPRA","TAOK1"
"BMPR1A","TRIO","TAOK1"
"BMPR1A","PTPN6","GNAT1"
"BMPR1A","PDPK1","GNAT1"
"BMPR1A","AIIB/b3 integrin","GNAT1"
"BMPR1A","S1PR1","GNAT1"
"BMPR1A","GNAI1","GNAT1"
"BMPR1A","GRM5","GNAT1"
"BMPR1A","FCRL3","GNAT1"
"BMPR1A","FYN","MAP3K20"
"BMPR1A","GSK3B","MAP3K20"
"BMPR1A","CSNK1A1","MAP3K20"
"BMPR1A","GRM5","MAP3K20"
"BMPR1A","CLK2","MAP3K20"
"BMPR1A","DCC","MAP3K20"
"BMPR1A","FCRL3","MAP3K20"
"BMPR1A","PTPN6","FLNA"
"BMPR1A","GSK3B","FLNA"
"BMPR1A","CDK5","FLNA"
"BMPR1A","RET","FLNA"
"BMPR1A","BDKRB2","FLNA"
"BMPR1A","PTPRA","FLNA"
"BMPR1A","GRM5","FLNA"
"BMPR1A","FERMT2","FLNA"
"BMPR1A","CLK2","FLNA"
"BMPR1A","SMO","PGR"
"BMPR1A","FYN","PGR"
"BMPR1A","CDK5","PGR"
"BMPR1A","BDKRB2","PGR"
"BMPR1A","S1PR1","PGR"
"BMPR1A","GRM5","PGR"
"BMPR1A","FERMT2","PGR"
"BMPR1A","CLK2","PGR"
"BMPR1A","TRIO","PGR"
"BMPR1A","FCRL3","PGR"
"BMPR1A","SRC","VCP"
"BMPR1A","GRK2","VCP"
"BMPR1A","STK11","VCP"
"BMPR1A","PTPRJ","ASB2"
"BMPR1A","FYN","ASB2"
"BMPR1A","PDPK1","ASB2"
"BMPR1A","RET","ASB2"
"BMPR1A","BDKRB2","ASB2"
"BMPR1A","S1PR1","ASB2"
"BMPR1A","PTPRA","ASB2"
"BMPR1A","GNAI1","ASB2"
"BMPR1A","CLK2","ASB2"
"BMPR1A","SRC","CSNK1A1L"
"BMPR1A","STK11","CSNK1A1L"
"BMPR1A","SMO","CSNK1A1L"
"BMPR1A","RET","CSNK1A1L"
"BMPR1A","S1PR1","CSNK1A1L"
"BMPR1A","GNAI1","CSNK1A1L"
"BMPR1A","FCRL3","CSNK1A1L"
"BMPR1A","SMO","LEF1"
"BMPR1A","ACP1","LEF1"
"BMPR1A","PTPN6","LEF1"
"BMPR1A","KIT","LEF1"
"BMPR1A","PTPRJ","LEF1"
"BMPR1A","FYN","LEF1"
"BMPR1A","PDPK1","LEF1"
"BMPR1A","GSK3B","LEF1"
"BMPR1A","RET","LEF1"
"BMPR1A","BDKRB2","LEF1"
"BMPR1A","AIIB/b3 integrin","LEF1"
"BMPR1A","PTPRA","LEF1"
"BMPR1A","GRM5","LEF1"
"BMPR1A","FERMT2","LEF1"
"BMPR1A","CLK2","LEF1"
"BMPR1A","DCC","LEF1"
"BMPR1A","TRIO","LEF1"
"BMPR1A","SRC","AIIB/b3 integrin"
"BMPR1A","GRK2","AIIB/b3 integrin"
"BMPR1A","STK11","AIIB/b3 integrin"
"BMPR1A","RET","AIIB/b3 integrin"
"BMPR1A","PTPRA","AIIB/b3 integrin"
"BMPR1A","PDPK1","BMX"
"BMPR1A","RET","BMX"
"BMPR1A","BDKRB2","BMX"
"BMPR1A","FERMT2","BMX"
"BMPR1A","GRK2","SMAD7"
"BMPR1A","KIT","SMAD7"
"BMPR1A","PTPRJ","SMAD7"
"BMPR1A","GSK3B","SMAD7"
"BMPR1A","CDK5","SMAD7"
"BMPR1A","CSNK1A1","SMAD7"
"BMPR1A","AIIB/b3 integrin","SMAD7"
"BMPR1A","FERMT2","SMAD7"
"BMPR1A","DCC","SMAD7"
"BMPR1A","GRK2","GNB3"
"BMPR1A","PTPRJ","GNB3"
"BMPR1A","FYN","GNB3"
"BMPR1A","PDPK1","GNB3"
"BMPR1A","GSK3B","GNB3"
"BMPR1A","BDKRB2","GNB3"
"BMPR1A","AIIB/b3 integrin","GNB3"
"BMPR1A","PTPRA","GNB3"
"BMPR1A","GRM5","GNB3"
"BMPR1A","FERMT2","GNB3"
"BMPR1A","CLK2","GNB3"
"BMPR1A","DCC","GNB3"
"BMPR1A","TRIO","GNB3"
"BMPR1A","GRK2","CTTN"
"BMPR1A","KIT","CTTN"
"BMPR1A","PTPRJ","CTTN"
"BMPR1A","GSK3B","CTTN"
"BMPR1A","CDK5","CTTN"
"BMPR1A","CSNK1A1","CTTN"
"BMPR1A","SRC","CXCL1"
"BMPR1A","PTPRJ","CXCL1"
"BMPR1A","RET","CXCL1"
"BMPR1A","BDKRB2","CXCL1"
"BMPR1A","AIIB/b3 integrin","CXCL1"
"BMPR1A","S1PR1","CXCL1"
"BMPR1A","PTPRA","CXCL1"
"BMPR1A","GNAI1","CXCL1"
"BMPR1A","PTPN6","NUAK1"
"BMPR1A","GSK3B","NUAK1"
"BMPR1A","CDK5","NUAK1"
"BMPR1A","ACP1","IQGAP1"
"BMPR1A","PTPN6","IQGAP1"
"BMPR1A","KIT","IQGAP1"
"BMPR1A","PTPRJ","IQGAP1"
"BMPR1A","FYN","IQGAP1"
"BMPR1A","PDPK1","IQGAP1"
"BMPR1A","GSK3B","IQGAP1"
"BMPR1A","CDK5","IQGAP1"
"BMPR1A","CSNK1A1","IQGAP1"
"BMPR1A","RET","IQGAP1"
"BMPR1A","BDKRB2","IQGAP1"
"BMPR1A","S1PR1","IQGAP1"
"BMPR1A","PTPRA","IQGAP1"
"BMPR1A","GNAI1","IQGAP1"
"BMPR1A","FERMT2","IQGAP1"
"BMPR1A","CLK2","IQGAP1"
"BMPR1A","DCC","IQGAP1"
"BMPR1A","TRIO","IQGAP1"
"BMPR1A","FCRL3","IQGAP1"
"BMPR1A","SRC","CDC25B"
"BMPR1A","GRK2","CDC25B"
"BMPR1A","STK11","CDC25B"
"BMPR1A","SMO","CDC25B"
"BMPR1A","ACP1","CDC25B"
"BMPR1A","FYN","CDC25B"
"BMPR1A","PDPK1","CDC25B"
"BMPR1A","CDK5","CDC25B"
"BMPR1A","BDKRB2","CDC25B"
"BMPR1A","AIIB/b3 integrin","CDC25B"
"BMPR1A","S1PR1","CDC25B"
"BMPR1A","PTPRA","CDC25B"
"BMPR1A","GNAI1","CDC25B"
"BMPR1A","FERMT2","CDC25B"
"BMPR1A","CLK2","CDC25B"
"BMPR1A","DCC","CDC25B"
"BMPR1A","FCRL3","CDC25B"
"BMPR1A","GRK2","FERMT3"
"BMPR1A","STK11","FERMT3"
"BMPR1A","SMO","FERMT3"
"BMPR1A","KIT","FERMT3"
"BMPR1A","FYN","FERMT3"
"BMPR1A","CDK5","FERMT3"
"BMPR1A","AIIB/b3 integrin","FERMT3"
"BMPR1A","GRM5","FERMT3"
"BMPR1A","FERMT2","FERMT3"
"BMPR1A","DCC","FERMT3"
"BMPR1A","ACP1","ETS1"
"BMPR1A","FYN","ETS1"
"BMPR1A","CDK5","ETS1"
"BMPR1A","BDKRB2","ETS1"
"BMPR1A","AIIB/b3 integrin","ETS1"
"BMPR1A","CLK2","ETS1"
"BMPR1A","SMO","PTK2B"
"BMPR1A","PDPK1","PTK2B"
"BMPR1A","S1PR1","PTK2B"
"BMPR1A","GNAI1","PTK2B"
"BMPR1A","GRM5","PTK2B"
"BMPR1A","FERMT2","PTK2B"
"BMPR1A","KIT","RHOA"
"BMPR1A","KIT","PIAS1"
"BMPR1A","FYN","PIAS1"
"BMPR1A","CSNK1A1","PIAS1"
"BMPR1A","RET","PIAS1"
"BMPR1A","GRM5","PIAS1"
"BMPR1A","FCRL3","PIAS1"
"BMPR1A","PTPN6","P300/PCAF"
"BMPR1A","FYN","P300/PCAF"
"BMPR1A","CDK5","P300/PCAF"
"BMPR1A","BDKRB2","P300/PCAF"
"BMPR1A","AIIB/b3 integrin","P300/PCAF"
"BMPR1A","S1PR1","P300/PCAF"
"BMPR1A","CLK2","P300/PCAF"
"BMPR1A","SMO","BIRC5"
"BMPR1A","PTPRJ","BIRC5"
"BMPR1A","PDPK1","BIRC5"
"BMPR1A","CDK5","BIRC5"
"BMPR1A","PTPRA","BIRC5"
"BMPR1A","TRIO","BIRC5"
"BMPR1A","GRK2","PRKCI"
"BMPR1A","CDK5","PRKCI"
"BMPR1A","RET","PRKCI"
"BMPR1A","S1PR1","PRKCI"
"BMPR1A","FYN","KLF16"
"BMPR1A","CDK5","KLF16"
"BMPR1A","AIIB/b3 integrin","KLF16"
"BMPR1A","S1PR1","KLF16"
"BMPR1A","PTPRA","KLF16"
"BMPR1A","FERMT2","KLF16"
"BMPR1A","GRK2","S1PR1"
"BMPR1A","PTPN6","S1PR1"
"BMPR1A","KIT","S1PR1"
"BMPR1A","PTPRJ","S1PR1"
"BMPR1A","FYN","S1PR1"
"BMPR1A","PDPK1","S1PR1"
"BMPR1A","GSK3B","S1PR1"
"BMPR1A","CDK5","S1PR1"
"BMPR1A","RET","S1PR1"
"BMPR1A","AIIB/b3 integrin","S1PR1"
"BMPR1A","GNAI1","S1PR1"
"BMPR1A","GRM5","S1PR1"
"BMPR1A","FERMT2","S1PR1"
"BMPR1A","CLK2","S1PR1"
"BMPR1A","TRIO","S1PR1"
"BMPR1A","FCRL3","S1PR1"
"BMPR1A","SRC","KLF4"
"BMPR1A","GRK2","KLF4"
"BMPR1A","STK11","KLF4"
"BMPR1A","SMO","KLF4"
"BMPR1A","ACP1","KLF4"
"BMPR1A","RET","KLF4"
"BMPR1A","S1PR1","KLF4"
"BMPR1A","GNAI1","KLF4"
"BMPR1A","FCRL3","KLF4"
"BMPR1A","ACP1","CD300LB"
"BMPR1A","PTPN6","CD300LB"
"BMPR1A","KIT","CD300LB"
"BMPR1A","PTPRJ","CD300LB"
"BMPR1A","PDPK1","CD300LB"
"BMPR1A","GSK3B","CD300LB"
"BMPR1A","CDK5","CD300LB"
"BMPR1A","RET","CD300LB"
"BMPR1A","BDKRB2","CD300LB"
"BMPR1A","AIIB/b3 integrin","CD300LB"
"BMPR1A","S1PR1","CD300LB"
"BMPR1A","GRM5","CD300LB"
"BMPR1A","DCC","CD300LB"
"BMPR1A","GRK2","CTNND1"
"BMPR1A","SMO","CTNND1"
"BMPR1A","PTPN6","CTNND1"
"BMPR1A","CDK5","CTNND1"
"BMPR1A","BDKRB2","CTNND1"
"BMPR1A","AIIB/b3 integrin","CTNND1"
"BMPR1A","TRIO","CTNND1"
"BMPR1A","PTPN6","JUN"
"BMPR1A","CDK5","JUN"
"BMPR1A","BDKRB2","JUN"
"BMPR1A","AIIB/b3 integrin","JUN"
"BMPR1A","S1PR1","JUN"
"BMPR1A","GRM5","JUN"
"BMPR1A","FERMT2","JUN"
"BMPR1A","GRK2","DLC1"
"BMPR1A","ACP1","DLC1"
"BMPR1A","PDPK1","DLC1"
"BMPR1A","GSK3B","DLC1"
"BMPR1A","GNAI1","DLC1"
"BMPR1A","DCC","DLC1"
"BMPR1A","ACP1","GNG3"
"BMPR1A","GSK3B","GNG3"
"BMPR1A","BDKRB2","SMAD9"
"BMPR1A","S1PR1","SMAD9"
"BMPR1A","CLK2","SMAD9"
"BMPR1A","TRIO","SMAD9"
"BMPR1A","FCRL3","SMAD9"
"BMPR1A","SMO","TTC5"
"BMPR1A","PTPN6","TTC5"
"BMPR1A","KIT","TTC5"
"BMPR1A","FYN","TTC5"
"BMPR1A","PDPK1","TTC5"
"BMPR1A","GSK3B","TTC5"
"BMPR1A","RET","TTC5"
"BMPR1A","S1PR1","TTC5"
"BMPR1A","PTPRA","TTC5"
"BMPR1A","GRM5","TTC5"
"BMPR1A","CLK2","TTC5"
"BMPR1A","FCRL3","TTC5"
"BMPR1A","CSNK1A1","TCAP"
"BMPR1A","STK11","GAB1"
"BMPR1A","ACP1","GAB1"
"BMPR1A","PTPN6","GAB1"
"BMPR1A","PDPK1","GAB1"
"BMPR1A","PTPRA","GAB1"
"BMPR1A","GNAI1","GAB1"
"BMPR1A","CLK2","GAB1"
"BMPR1A","TRIO","GAB1"
"BMPR1A","SRC","GABARAP"
"BMPR1A","KIT","GABARAP"
"BMPR1A","PDPK1","GABARAP"
"BMPR1A","CDK5","GABARAP"
"BMPR1A","CSNK1A1","GABARAP"
"BMPR1A","BDKRB2","GABARAP"
"BMPR1A","S1PR1","GABARAP"
"BMPR1A","PTPRA","GABARAP"
"BMPR1A","GRM5","GABARAP"
"BMPR1A","DCC","GABARAP"
"BMPR1A","TRIO","GABARAP"
"BMPR1A","SMO","HJURP"
"BMPR1A","ACP1","HJURP"
"BMPR1A","KIT","HJURP"
"BMPR1A","PTPRJ","HJURP"
"BMPR1A","PDPK1","HJURP"
"BMPR1A","GSK3B","HJURP"
"BMPR1A","RET","HJURP"
"BMPR1A","BDKRB2","HJURP"
"BMPR1A","PTPN6","PTPRA"
"BMPR1A","FYN","PTPRA"
"BMPR1A","PDPK1","PTPRA"
"BMPR1A","GSK3B","PTPRA"
"BMPR1A","BDKRB2","PTPRA"
"BMPR1A","AIIB/b3 integrin","PTPRA"
"BMPR1A","S1PR1","PTPRA"
"BMPR1A","GRM5","PTPRA"
"BMPR1A","DCC","PTPRA"
"BMPR1A","SRC","MAPK8IP1"
"BMPR1A","KIT","MAPK8IP1"
"BMPR1A","GSK3B","MAPK8IP1"
"BMPR1A","RET","MAPK8IP1"
"BMPR1A","AIIB/b3 integrin","MAPK8IP1"
"BMPR1A","S1PR1","MAPK8IP1"
"BMPR1A","GNAI1","MAPK8IP1"
"BMPR1A","GRM5","MAPK8IP1"
"BMPR1A","CLK2","MAPK8IP1"
"BMPR1A","TRIO","MAPK8IP1"
"BMPR1A","FCRL3","MAPK8IP1"
"BMPR1A","SRC","EGR1"
"BMPR1A","STK11","EGR1"
"BMPR1A","SMO","EGR1"
"BMPR1A","PTPN6","EGR1"
"BMPR1A","PTPRJ","EGR1"
"BMPR1A","BDKRB2","EGR1"
"BMPR1A","AIIB/b3 integrin","EGR1"
"BMPR1A","GNAI1","EGR1"
"BMPR1A","FCRL3","EGR1"
"BMPR1A","PTPN6","L3MBTL2"
"BMPR1A","FYN","L3MBTL2"
"BMPR1A","PDPK1","L3MBTL2"
"BMPR1A","GSK3B","L3MBTL2"
"BMPR1A","BDKRB2","L3MBTL2"
"BMPR1A","AIIB/b3 integrin","L3MBTL2"
"BMPR1A","S1PR1","L3MBTL2"
"BMPR1A","PTPRA","L3MBTL2"
"BMPR1A","FERMT2","L3MBTL2"
"BMPR1A","TRIO","L3MBTL2"
"BMPR1A","FCRL3","L3MBTL2"
"BMPR1A","GRK2","TAB2"
"BMPR1A","STK11","TAB2"
"BMPR1A","SMO","TAB2"
"BMPR1A","ACP1","TAB2"
"BMPR1A","PTPN6","TAB2"
"BMPR1A","KIT","TAB2"
"BMPR1A","PTPRJ","TAB2"
"BMPR1A","FYN","TAB2"
"BMPR1A","PDPK1","TAB2"
"BMPR1A","GRM5","TAB2"
"BMPR1A","FCRL3","TAB2"
"BMPR1A","PTPN6","ESR1"
"BMPR1A","GSK3B","ESR1"
"BMPR1A","CDK5","ESR1"
"BMPR1A","RET","ESR1"
"BMPR1A","BDKRB2","ESR1"
"BMPR1A","AIIB/b3 integrin","ESR1"
"BMPR1A","S1PR1","ESR1"
"BMPR1A","GNAI1","ESR1"
"BMPR1A","GRM5","ESR1"
"BMPR1A","FERMT2","ESR1"
"BMPR1A","CLK2","ESR1"
"BMPR1A","DCC","ESR1"
"BMPR1A","TRIO","ESR1"
"BMPR1A","GRK2","NfKb-p65/p50"
"BMPR1A","STK11","NfKb-p65/p50"
"BMPR1A","SMO","NfKb-p65/p50"
"BMPR1A","ACP1","NfKb-p65/p50"
"BMPR1A","PTPRJ","NfKb-p65/p50"
"BMPR1A","FYN","NfKb-p65/p50"
"BMPR1A","PDPK1","NfKb-p65/p50"
"BMPR1A","RET","NfKb-p65/p50"
"BMPR1A","BDKRB2","NfKb-p65/p50"
"BMPR1A","S1PR1","NfKb-p65/p50"
"BMPR1A","GRM5","NfKb-p65/p50"
"BMPR1A","FERMT2","NfKb-p65/p50"
"BMPR1A","DCC","NfKb-p65/p50"
"BMPR1A","FCRL3","NfKb-p65/p50"
"BMPR1A","GRK2","WEE1"
"BMPR1A","ACP1","WEE1"
"BMPR1A","KIT","WEE1"
"BMPR1A","FYN","WEE1"
"BMPR1A","PDPK1","WEE1"
"BMPR1A","CDK5","WEE1"
"BMPR1A","RET","WEE1"
"BMPR1A","BDKRB2","WEE1"
"BMPR1A","GNAI1","WEE1"
"BMPR1A","GRM5","WEE1"
"BMPR1A","FERMT2","WEE1"
"BMPR1A","CLK2","WEE1"
"BMPR1A","TRIO","WEE1"
"BMPR1A","SRC","TMIGD2"
"BMPR1A","GRK2","TMIGD2"
"BMPR1A","STK11","TMIGD2"
"BMPR1A","SMO","TMIGD2"
"BMPR1A","ACP1","TMIGD2"
"BMPR1A","PTPN6","TMIGD2"
"BMPR1A","CDK5","TMIGD2"
"BMPR1A","AIIB/b3 integrin","TMIGD2"
"BMPR1A","S1PR1","TMIGD2"
"BMPR1A","DCC","TMIGD2"
"BMPR1A","SMO","BAK1"
"BMPR1A","FYN","BAK1"
"BMPR1A","RET","BAK1"
"BMPR1A","PTPRA","BAK1"
"BMPR1A","GNAI1","BAK1"
"BMPR1A","CLK2","BAK1"
"BMPR1A","STK11","MYLK"
"BMPR1A","KIT","MYLK"
"BMPR1A","FYN","MYLK"
"BMPR1A","PDPK1","MYLK"
"BMPR1A","GSK3B","MYLK"
"BMPR1A","CDK5","MYLK"
"BMPR1A","S1PR1","MYLK"
"BMPR1A","GRM5","MYLK"
"BMPR1A","FERMT2","MYLK"
"BMPR1A","CLK2","MYLK"
"BMPR1A","TRIO","MYLK"
"BMPR1A","SRC","SWI/SNF complex"
"BMPR1A","PDPK1","SWI/SNF complex"
"BMPR1A","CSNK1A1","SWI/SNF complex"
"BMPR1A","RET","SWI/SNF complex"
"BMPR1A","AIIB/b3 integrin","SWI/SNF complex"
"BMPR1A","GRM5","SWI/SNF complex"
"BMPR1A","DCC","SWI/SNF complex"
"BMPR1A","SMO","PER2"
"BMPR1A","PDPK1","PER2"
"BMPR1A","GSK3B","PER2"
"BMPR1A","CDK5","PER2"
"BMPR1A","RET","PER2"
"BMPR1A","BDKRB2","PER2"
"BMPR1A","FERMT2","PER2"
"BMPR1A","GRK2","STIP1"
"BMPR1A","ACP1","STIP1"
"BMPR1A","PTPN6","STIP1"
"BMPR1A","KIT","STIP1"
"BMPR1A","PTPRJ","STIP1"
"BMPR1A","FYN","STIP1"
"BMPR1A","PDPK1","STIP1"
"BMPR1A","GSK3B","STIP1"
"BMPR1A","CDK5","STIP1"
"BMPR1A","RET","STIP1"
"BMPR1A","BDKRB2","STIP1"
"BMPR1A","AIIB/b3 integrin","STIP1"
"BMPR1A","S1PR1","STIP1"
"BMPR1A","CLK2","STIP1"
"BMPR1A","FCRL3","STIP1"
"BMPR1A","SRC","SRPK2"
"BMPR1A","KIT","SRPK2"
"BMPR1A","RET","SRPK2"
"BMPR1A","PTPRA","SRPK2"
"BMPR1A","GNAI1","SRPK2"
"BMPR1A","GRM5","SRPK2"
"BMPR1A","FERMT2","SRPK2"
"BMPR1A","CLK2","SRPK2"
"BMPR1A","TRIO","SRPK2"
"BMPR1A","FCRL3","SRPK2"
"BMPR1A","SMO","ANP32A"
"BMPR1A","PTPN6","ANP32A"
"BMPR1A","PTPRJ","ANP32A"
"BMPR1A","FYN","ANP32A"
"BMPR1A","PDPK1","ANP32A"
"BMPR1A","GSK3B","ANP32A"
"BMPR1A","RET","ANP32A"
"BMPR1A","AIIB/b3 integrin","ANP32A"
"BMPR1A","S1PR1","ANP32A"
"BMPR1A","GRM5","ANP32A"
"BMPR1A","FERMT2","ANP32A"
"BMPR1A","DCC","ANP32A"
"BMPR1A","TRIO","ANP32A"
"BMPR1A","GSK3B","MYOG"
"BMPR1A","STK11","MORC2"
"BMPR1A","ACP1","MORC2"
"BMPR1A","PTPN6","MORC2"
"BMPR1A","PTPRJ","MORC2"
"BMPR1A","CDK5","MORC2"
"BMPR1A","RET","MORC2"
"BMPR1A","GNAI1","MORC2"
"BMPR1A","FERMT2","MORC2"
"BMPR1A","DCC","MORC2"
"BMPR1A","TRIO","MORC2"
"BMPR1A","GRK2","CLASP2"
"BMPR1A","ACP1","CLASP2"
"BMPR1A","PTPN6","CLASP2"
"BMPR1A","GNAI1","CLASP2"
"BMPR1A","GRM5","CLASP2"
"BMPR1A","FERMT2","CLASP2"
"BMPR1A","TRIO","CLASP2"
"BMPR1A","FCRL3","CLASP2"
"BMPR1A","SRC","ARRB2"
"BMPR1A","GRK2","ARRB2"
"BMPR1A","PTPN6","ARRB2"
"BMPR1A","KIT","ARRB2"
"BMPR1A","PDPK1","ARRB2"
"BMPR1A","GSK3B","ARRB2"
"BMPR1A","RET","ARRB2"
"BMPR1A","BDKRB2","ARRB2"
"BMPR1A","AIIB/b3 integrin","ARRB2"
"BMPR1A","S1PR1","ARRB2"
"BMPR1A","PTPRA","ARRB2"
"BMPR1A","FCRL3","ARRB2"
"BMPR1A","GRK2","BMPR1B"
"BMPR1A","STK11","BMPR1B"
"BMPR1A","PDPK1","BMPR1B"
"BMPR1A","BDKRB2","BMPR1B"
"BMPR1A","GRM5","BMPR1B"
"BMPR1A","CLK2","BMPR1B"
"BMPR1A","FCRL3","BMPR1B"
"BMPR1A","CSNK1A1","CDKN1A"
"BMPR1A","GRK2","GRIN2C"
"BMPR1A","SMO","GRIN2C"
"BMPR1A","PTPN6","GRIN2C"
"BMPR1A","FYN","GRIN2C"
"BMPR1A","PTPRA","GRIN2C"
"BMPR1A","FERMT2","GRIN2C"
"BMPR1A","CLK2","GRIN2C"
"BMPR1A","TRIO","GRIN2C"
"BMPR1A","FCRL3","GRIN2C"
"BMPR1A","GRK2","LRRK1"
"BMPR1A","STK11","LRRK1"
"BMPR1A","ACP1","LRRK1"
"BMPR1A","PTPN6","LRRK1"
"BMPR1A","PTPRJ","LRRK1"
"BMPR1A","FYN","LRRK1"
"BMPR1A","PDPK1","LRRK1"
"BMPR1A","GSK3B","LRRK1"
"BMPR1A","CDK5","LRRK1"
"BMPR1A","BDKRB2","LRRK1"
"BMPR1A","AIIB/b3 integrin","LRRK1"
"BMPR1A","GNAI1","LRRK1"
"BMPR1A","FERMT2","LRRK1"
"BMPR1A","CLK2","LRRK1"
"BMPR1A","DCC","LRRK1"
"BMPR1A","TRIO","LRRK1"
"BMPR1A","SRC","PSEN1"
"BMPR1A","SMO","PSEN1"
"BMPR1A","KIT","PSEN1"
"BMPR1A","FYN","PSEN1"
"BMPR1A","CDK5","PSEN1"
"BMPR1A","TRIO","PSEN1"
"BMPR1A","FCRL3","PSEN1"
"BMPR1A","GRK2","SOX9"
"BMPR1A","PDPK1","SOX9"
"BMPR1A","S1PR1","SOX9"
"BMPR1A","PTPRA","SOX9"
"BMPR1A","GNAI1","SOX9"
"BMPR1A","FERMT2","SOX9"
"BMPR1A","GRK2","MAPKAPK3"
"BMPR1A","PTPRJ","MAPKAPK3"
"BMPR1A","RET","MAPKAPK3"
"BMPR1A","S1PR1","MAPKAPK3"
"BMPR1A","PTPRA","MAPKAPK3"
"BMPR1A","GRM5","MAPKAPK3"
"BMPR1A","TRIO","MAPKAPK3"
"BMPR1A","GRK2","SYN3"
"BMPR1A","PTPRJ","SYN3"
"BMPR1A","RET","SYN3"
"BMPR1A","BDKRB2","SYN3"
"BMPR1A","PTPRA","SYN3"
"BMPR1A","DCC","SYN3"
"BMPR1A","GRK2","AAK1"
"BMPR1A","SMO","AAK1"
"BMPR1A","PTPN6","AAK1"
"BMPR1A","PTPRJ","AAK1"
"BMPR1A","GSK3B","SUN1"
"BMPR1A","S1PR1","SUN1"
"BMPR1A","GRM5","SUN1"
"BMPR1A","FERMT2","SUN1"
"BMPR1A","CLK2","SUN1"
"BMPR1A","TRIO","SUN1"
"BMPR1A","FCRL3","SUN1"
"BMPR1A","PTPN6","KAT2A"
"BMPR1A","PTPRJ","KAT2A"
"BMPR1A","CDK5","KAT2A"
"BMPR1A","RET","KAT2A"
"BMPR1A","GRM5","KAT2A"
"BMPR1A","DCC","KAT2A"
"BMPR1A","FCRL3","KAT2A"
"BMPR1A","STK11","GNG2"
"BMPR1A","CDK5","GNG2"
"BMPR1A","AIIB/b3 integrin","GNG2"
"BMPR1A","S1PR1","GNG2"
"BMPR1A","GNAI1","GNG2"
"BMPR1A","GRM5","GNG2"
"BMPR1A","FERMT2","GNG2"
"BMPR1A","DCC","GNG2"
"BMPR1A","STK11","FAM83G"
"BMPR1A","GRK2","INPP5D"
"BMPR1A","PTPN6","INPP5D"
"BMPR1A","KIT","INPP5D"
"BMPR1A","GSK3B","INPP5D"
"BMPR1A","BDKRB2","INPP5D"
"BMPR1A","AIIB/b3 integrin","INPP5D"
"BMPR1A","S1PR1","INPP5D"
"BMPR1A","GRM5","INPP5D"
"BMPR1A","SRC","SNCAIP"
"BMPR1A","GRK2","SNCAIP"
"BMPR1A","SMO","SNCAIP"
"BMPR1A","PTPN6","SNCAIP"
"BMPR1A","PTPRJ","SNCAIP"
"BMPR1A","PDPK1","SNCAIP"
"BMPR1A","CDK5","SNCAIP"
"BMPR1A","BDKRB2","SNCAIP"
"BMPR1A","S1PR1","SNCAIP"
"BMPR1A","PTPRA","SNCAIP"
"BMPR1A","GNAI1","SNCAIP"
"BMPR1A","GRM5","SNCAIP"
"BMPR1A","FERMT2","SNCAIP"
"BMPR1A","SMO","H2AX"
"BMPR1A","PTPN6","H2AX"
"BMPR1A","PDPK1","H2AX"
"BMPR1A","CDK5","H2AX"
"BMPR1A","RET","H2AX"
"BMPR1A","GRM5","H2AX"
"BMPR1A","DCC","H2AX"
"BMPR1A","TRIO","H2AX"
"BMPR1A","FCRL3","H2AX"
"BMPR1A","GRK2","FHIT"
"BMPR1A","STK11","FHIT"
"BMPR1A","PTPN6","FHIT"
"BMPR1A","FYN","FHIT"
"BMPR1A","PDPK1","FHIT"
"BMPR1A","GSK3B","FHIT"
"BMPR1A","CDK5","FHIT"
"BMPR1A","RET","FHIT"
"BMPR1A","AIIB/b3 integrin","FHIT"
"BMPR1A","PTPRA","FHIT"
"BMPR1A","GNAI1","FHIT"
"BMPR1A","GRM5","FHIT"
"BMPR1A","CLK2","FHIT"
"BMPR1A","DCC","FHIT"
"BMPR1A","TRIO","FHIT"
"BMPR1A","PTPRJ","PKMYT1"
"BMPR1A","GSK3B","PKMYT1"
"BMPR1A","CSNK1A1","PKMYT1"
"BMPR1A","GNAI1","PKMYT1"
"BMPR1A","FCRL3","PKMYT1"
"BMPR1A","SRC","GNAI1"
"BMPR1A","GRK2","GNAI1"
"BMPR1A","STK11","GNAI1"
"BMPR1A","ACP1","GNAI1"
"BMPR1A","KIT","GNAI1"
"BMPR1A","PTPRJ","GNAI1"
"BMPR1A","PDPK1","GNAI1"
"BMPR1A","GSK3B","GNAI1"
"BMPR1A","CDK5","GNAI1"
"BMPR1A","AIIB/b3 integrin","GNAI1"
"BMPR1A","PTPRA","GNAI1"
"BMPR1A","GRM5","GNAI1"
"BMPR1A","FERMT2","GNAI1"
"BMPR1A","CLK2","GNAI1"
"BMPR1A","DCC","GNAI1"
"BMPR1A","TRIO","GNAI1"
"BMPR1A","GRK2","MTSS1"
"BMPR1A","PTPRJ","MTSS1"
"BMPR1A","GSK3B","MTSS1"
"BMPR1A","RET","MTSS1"
"BMPR1A","GRM5","MTSS1"
"BMPR1A","DCC","MTSS1"
"BMPR1A","TRIO","MTSS1"
"BMPR1A","FCRL3","MTSS1"
"BMPR1A","ACP1","CLASP1"
"BMPR1A","PTPN6","CLASP1"
"BMPR1A","PTPRJ","CLASP1"
"BMPR1A","FYN","CLASP1"
"BMPR1A","GNAI1","CLASP1"
"BMPR1A","GRM5","CLASP1"
"BMPR1A","GSK3B","RUNX3"
"BMPR1A","SRC","GAB2"
"BMPR1A","GRK2","GAB2"
"BMPR1A","STK11","GAB2"
"BMPR1A","SMO","GAB2"
"BMPR1A","ACP1","GAB2"
"BMPR1A","PTPN6","GAB2"
"BMPR1A","KIT","GAB2"
"BMPR1A","FYN","GAB2"
"BMPR1A","PDPK1","GAB2"
"BMPR1A","GSK3B","GAB2"
"BMPR1A","CDK5","GAB2"
"BMPR1A","RET","GAB2"
"BMPR1A","BDKRB2","GAB2"
"BMPR1A","AIIB/b3 integrin","GAB2"
"BMPR1A","S1PR1","GAB2"
"BMPR1A","PTPRA","GAB2"
"BMPR1A","GNAI1","GAB2"
"BMPR1A","GRM5","GAB2"
"BMPR1A","FERMT2","GAB2"
"BMPR1A","CLK2","GAB2"
"BMPR1A","DCC","GAB2"
"BMPR1A","TRIO","GAB2"
"BMPR1A","FCRL3","GAB2"
"BMPR1A","SRC","PPP2R5D"
"BMPR1A","GRK2","PPP2R5D"
"BMPR1A","STK11","PPP2R5D"
"BMPR1A","GSK3B","PPP2R5D"
"BMPR1A","FCRL3","PPP2R5D"
"BMPR1A","GRM5","EZH2"
"BMPR1A","SRC","GNGT1"
"BMPR1A","PTPN6","GNGT1"
"BMPR1A","FYN","GNGT1"
"BMPR1A","CDK5","GNGT1"
"BMPR1A","BDKRB2","GNGT1"
"BMPR1A","FERMT2","GNGT1"
"BMPR1A","GRK2","BCR-Dk"
"BMPR1A","KIT","BCR-Dk"
"BMPR1A","PTPRJ","BCR-Dk"
"BMPR1A","GSK3B","BCR-Dk"
"BMPR1A","CDK5","BCR-Dk"
"BMPR1A","RET","BCR-Dk"
"BMPR1A","PTPRA","BCR-Dk"
"BMPR1A","CLK2","BCR-Dk"
"BMPR1A","TRIO","BCR-Dk"
"BMPR1A","FCRL3","BCR-Dk"
"BMPR1A","GSK3B","PIK3R1"
"BMPR1A","SRC","GNAI3"
"BMPR1A","GRK2","GNAI3"
"BMPR1A","STK11","GNAI3"
"BMPR1A","ACP1","GNAI3"
"BMPR1A","PTPN6","GNAI3"
"BMPR1A","KIT","GNAI3"
"BMPR1A","PTPRJ","GNAI3"
"BMPR1A","FYN","GNAI3"
"BMPR1A","CDK5","GNAI3"
"BMPR1A","CDK5","CAD"
"BMPR1A","BDKRB2","CAD"
"BMPR1A","AIIB/b3 integrin","CAD"
"BMPR1A","S1PR1","CAD"
"BMPR1A","GNAI1","CAD"
"BMPR1A","CLK2","CAD"
"BMPR1A","TRIO","CAD"
"BMPR1A","GRK2","CIC"
"BMPR1A","PTPRJ","CIC"
"BMPR1A","RET","CIC"
"BMPR1A","BDKRB2","CIC"
"BMPR1A","S1PR1","CIC"
"BMPR1A","GRM5","CIC"
"BMPR1A","FERMT2","CIC"
"BMPR1A","GSK3B","CCNE1"
"BMPR1A","PTPN6","BCAR1"
"BMPR1A","FYN","BCAR1"
"BMPR1A","GSK3B","BCAR1"
"BMPR1A","CDK5","BCAR1"
"BMPR1A","BDKRB2","BCAR1"
"BMPR1A","S1PR1","BCAR1"
"BMPR1A","PTPRA","BCAR1"
"BMPR1A","GRM5","BCAR1"
"BMPR1A","CLK2","BCAR1"
"BMPR1A","PTPN6","CD2AP"
"BMPR1A","PTPRJ","CD2AP"
"BMPR1A","PDPK1","CD2AP"
"BMPR1A","GSK3B","CD2AP"
"BMPR1A","CDK5","CD2AP"
"BMPR1A","CSNK1A1","CD2AP"
"BMPR1A","RET","CD2AP"
"BMPR1A","AIIB/b3 integrin","CD2AP"
"BMPR1A","S1PR1","CD2AP"
"BMPR1A","PTPRA","CD2AP"
"BMPR1A","GNAI1","CD2AP"
"BMPR1A","GRM5","CD2AP"
"BMPR1A","CLK2","CD2AP"
"BMPR1A","DCC","CD2AP"
"BMPR1A","TRIO","CD2AP"
"BMPR1A","FCRL3","CD2AP"
"BMPR1A","CDK5","BECN1"
"BMPR1A","SRC","VRK3"
"BMPR1A","GRK2","VRK3"
"BMPR1A","SMO","VRK3"
"BMPR1A","ACP1","VRK3"
"BMPR1A","PTPN6","VRK3"
"BMPR1A","FYN","VRK3"
"BMPR1A","GSK3B","VRK3"
"BMPR1A","S1PR1","VRK3"
"BMPR1A","DCC","VRK3"
"BMPR1A","GRK2","PPARG"
"BMPR1A","KIT","PPARG"
"BMPR1A","PDPK1","PPARG"
"BMPR1A","CDK5","PPARG"
"BMPR1A","AIIB/b3 integrin","PPARG"
"BMPR1A","S1PR1","PPARG"
"BMPR1A","PTPRA","PPARG"
"BMPR1A","GRM5","PPARG"
"BMPR1A","GSK3B","BAX"
"BMPR1A","ACP1","DLG4"
"BMPR1A","KIT","DLG4"
"BMPR1A","PTPRJ","DLG4"
"BMPR1A","FYN","DLG4"
"BMPR1A","PDPK1","DLG4"
"BMPR1A","S1PR1","DLG4"
"BMPR1A","PTPRA","DLG4"
"BMPR1A","DCC","DLG4"
"BMPR1A","STK11","GLI3"
"BMPR1A","SMO","GLI3"
"BMPR1A","KIT","GLI3"
"BMPR1A","GSK3B","GLI3"
"BMPR1A","CDK5","GLI3"
"BMPR1A","RET","GLI3"
"BMPR1A","BDKRB2","GLI3"
"BMPR1A","S1PR1","GLI3"
"BMPR1A","DCC","GLI3"
"BMPR1A","GRK2","BTRC"
"BMPR1A","SMO","BTRC"
"BMPR1A","ACP1","BTRC"
"BMPR1A","PTPN6","BTRC"
"BMPR1A","KIT","BTRC"
"BMPR1A","PTPRJ","BTRC"
"BMPR1A","FYN","BTRC"
"BMPR1A","PDPK1","BTRC"
"BMPR1A","GSK3B","BTRC"
"BMPR1A","RET","BTRC"
"BMPR1A","BDKRB2","BTRC"
"BMPR1A","AIIB/b3 integrin","BTRC"
"BMPR1A","S1PR1","BTRC"
"BMPR1A","PTPRA","BTRC"
"BMPR1A","GNAI1","BTRC"
"BMPR1A","GRM5","BTRC"
"BMPR1A","FERMT2","BTRC"
"BMPR1A","CLK2","BTRC"
"BMPR1A","DCC","BTRC"
"BMPR1A","TRIO","BTRC"
"BMPR1A","ACP1","PPP1R15A"
"BMPR1A","PTPRJ","PPP1R15A"
"BMPR1A","CDK5","PPP1R15A"
"BMPR1A","RET","PPP1R15A"
"BMPR1A","GRM5","PPP1R15A"
"BMPR1A","FCRL3","PPP1R15A"
"BMPR1A","SRC","IMPDH2"
"BMPR1A","STK11","IMPDH2"
"BMPR1A","SMO","IMPDH2"
"BMPR1A","PTPN6","IMPDH2"
"BMPR1A","KIT","IMPDH2"
"BMPR1A","GSK3B","IMPDH2"
"BMPR1A","RET","IMPDH2"
"BMPR1A","GRM5","IMPDH2"
"BMPR1A","FCRL3","IMPDH2"
"BMPR1A","GRK2","GPHN"
"BMPR1A","STK11","GPHN"
"BMPR1A","SMO","GPHN"
"BMPR1A","PTPN6","GPHN"
"BMPR1A","PDPK1","GPHN"
"BMPR1A","RET","GPHN"
"BMPR1A","GNAI1","GPHN"
"BMPR1A","TRIO","GPHN"
"BMPR1A","GRK2","GRM5"
"BMPR1A","STK11","GRM5"
"BMPR1A","SMO","GRM5"
"BMPR1A","KIT","GRM5"
"BMPR1A","PDPK1","GRM5"
"BMPR1A","S1PR1","GRM5"
"BMPR1A","FERMT2","GRM5"
"BMPR1A","CLK2","GRM5"
"BMPR1A","DCC","GRM5"
"BMPR1A","TRIO","GRM5"
"BMPR1A","FCRL3","GRM5"
"BMPR1A","SRC","TCF3"
"BMPR1A","GRK2","TCF3"
"BMPR1A","STK11","TCF3"
"BMPR1A","SMO","TCF3"
"BMPR1A","ACP1","TCF3"
"BMPR1A","KIT","TCF3"
"BMPR1A","PTPRJ","TCF3"
"BMPR1A","FYN","TCF3"
"BMPR1A","CDK5","TCF3"
"BMPR1A","CSNK1A1","TCF3"
"BMPR1A","RET","TCF3"
"BMPR1A","BDKRB2","TCF3"
"BMPR1A","AIIB/b3 integrin","TCF3"
"BMPR1A","S1PR1","TCF3"
"BMPR1A","PTPRA","TCF3"
"BMPR1A","GNAI1","TCF3"
"BMPR1A","GRM5","TCF3"
"BMPR1A","CLK2","TCF3"
"BMPR1A","TRIO","TCF3"
"BMPR1A","FCRL3","TCF3"
"BMPR1A","PTPN6","BCR-Ml"
"BMPR1A","PTPRJ","BCR-Ml"
"BMPR1A","RET","BCR-Ml"
"BMPR1A","S1PR1","BCR-Ml"
"BMPR1A","GNAI1","BCR-Ml"
"BMPR1A","GRM5","BCR-Ml"
"BMPR1A","FERMT2","BCR-Ml"
"BMPR1A","SRC","PIK3CG"
"BMPR1A","STK11","PIK3CG"
"BMPR1A","SMO","PIK3CG"
"BMPR1A","KIT","PIK3CG"
"BMPR1A","RET","PIK3CG"
"BMPR1A","GRM5","PIK3CG"
"BMPR1A","DCC","PIK3CG"
"BMPR1A","TRIO","PIK3CG"
"BMPR1A","FCRL3","PIK3CG"
"BMPR1A","SMO","GABARAPL2"
"BMPR1A","ACP1","GABARAPL2"
"BMPR1A","PTPRJ","GABARAPL2"
"BMPR1A","FYN","GABARAPL2"
"BMPR1A","PDPK1","GABARAPL2"
"BMPR1A","CDK5","GABARAPL2"
"BMPR1A","CSNK1A1","GABARAPL2"
"BMPR1A","RET","GABARAPL2"
"BMPR1A","AIIB/b3 integrin","GABARAPL2"
"BMPR1A","S1PR1","GABARAPL2"
"BMPR1A","PTPRA","GABARAPL2"
"BMPR1A","GNAI1","GABARAPL2"
"BMPR1A","GRM5","GABARAPL2"
"BMPR1A","CLK2","GABARAPL2"
"BMPR1A","DCC","GABARAPL2"
"BMPR1A","SRC","MDC1"
"BMPR1A","ACP1","MDC1"
"BMPR1A","PTPN6","MDC1"
"BMPR1A","FYN","MDC1"
"BMPR1A","GSK3B","MDC1"
"BMPR1A","RET","MDC1"
"BMPR1A","FCRL3","MDC1"
"BMPR1A","STK11","HDAC4"
"BMPR1A","PTPN6","HDAC4"
"BMPR1A","PDPK1","HDAC4"
"BMPR1A","AIIB/b3 integrin","HDAC4"
"BMPR1A","CLK2","HDAC4"
"BMPR1A","GRK2","PIK3CB"
"BMPR1A","ACP1","PIK3CB"
"BMPR1A","KIT","PIK3CB"
"BMPR1A","BDKRB2","PIK3CB"
"BMPR1A","FERMT2","PIK3CB"
"BMPR1A","SRC","FHOD1"
"BMPR1A","SMO","FHOD1"
"BMPR1A","ACP1","FHOD1"
"BMPR1A","KIT","FHOD1"
"BMPR1A","GSK3B","FHOD1"
"BMPR1A","RET","FHOD1"
"BMPR1A","GRM5","FHOD1"
"BMPR1A","ACP1","CNKSR1"
"BMPR1A","KIT","CNKSR1"
"BMPR1A","PTPRJ","CNKSR1"
"BMPR1A","TRIO","CNKSR1"
"BMPR1A","FCRL3","CNKSR1"
"BMPR1A","GRK2","SH2B2"
"BMPR1A","ACP1","SH2B2"
"BMPR1A","KIT","SH2B2"
"BMPR1A","CDK5","SH2B2"
"BMPR1A","GNAI1","SH2B2"
"BMPR1A","FERMT2","SH2B2"
"BMPR1A","CLK2","SH2B2"
"BMPR1A","TRIO","SH2B2"
"BMPR1A","FCRL3","SH2B2"
"BMPR1A","SRC","CFLAR"
"BMPR1A","GRK2","CFLAR"
"BMPR1A","STK11","CFLAR"
"BMPR1A","FYN","CFLAR"
"BMPR1A","GSK3B","CFLAR"
"BMPR1A","BDKRB2","CFLAR"
"BMPR1A","ACP1","NOTCH"
"BMPR1A","GRM5","NOTCH"
"BMPR1A","CLK2","NOTCH"
"BMPR1A","GSK3B","TRPV1"
"BMPR1A","PTPN6","UBE2S"
"BMPR1A","S1PR1","UBE2S"
"BMPR1A","PTPRA","UBE2S"
"BMPR1A","GNAI1","UBE2S"
"BMPR1A","FERMT2","UBE2S"
"BMPR1A","CLK2","UBE2S"
"BMPR1A","TRIO","UBE2S"
"BMPR1A","FCRL3","UBE2S"
"BMPR1A","GRK2","TRIM59"
"BMPR1A","STK11","TRIM59"
"BMPR1A","SMO","TRIM59"
"BMPR1A","PTPN6","TRIM59"
"BMPR1A","KIT","TRIM59"
"BMPR1A","PTPRJ","TRIM59"
"BMPR1A","FYN","TRIM59"
"BMPR1A","GSK3B","TRIM59"
"BMPR1A","RET","TRIM59"
"BMPR1A","AIIB/b3 integrin","TRIM59"
"BMPR1A","S1PR1","TRIM59"
"BMPR1A","GNAI1","TRIM59"
"BMPR1A","GRM5","TRIM59"
"BMPR1A","FERMT2","TRIM59"
"BMPR1A","CLK2","TRIM59"
"BMPR1A","PDPK1","AKAP11"
"BMPR1A","BDKRB2","AKAP11"
"BMPR1A","S1PR1","AKAP11"
"BMPR1A","PTPRA","AKAP11"
"BMPR1A","FERMT2","AKAP11"
"BMPR1A","TRIO","AKAP11"
"BMPR1A","SRC","NCOA1"
"BMPR1A","GRK2","NCOA1"
"BMPR1A","STK11","NCOA1"
"BMPR1A","ACP1","NCOA1"
"BMPR1A","PTPN6","NCOA1"
"BMPR1A","KIT","NCOA1"
"BMPR1A","PTPRJ","NCOA1"
"BMPR1A","FYN","NCOA1"
"BMPR1A","GSK3B","NCOA1"
"BMPR1A","CDK5","NCOA1"
"BMPR1A","RET","NCOA1"
"BMPR1A","FCRL3","SDC4"
"BMPR1A","AIIB/b3 integrin","FERMT2"
"BMPR1A","GNAI1","FERMT2"
"BMPR1A","GRM5","FERMT2"
"BMPR1A","DCC","FERMT2"
"BMPR1A","FCRL3","FERMT2"
"BMPR1A","GRK2","CLK2"
"BMPR1A","ACP1","CLK2"
"BMPR1A","CDK5","CLK2"
"BMPR1A","BDKRB2","CLK2"
"BMPR1A","PTPRA","CLK2"
"BMPR1A","GRM5","CLK2"
"BMPR1A","SRC","TAB3"
"BMPR1A","SMO","TAB3"
"BMPR1A","PTPN6","TAB3"
"BMPR1A","BDKRB2","TAB3"
"BMPR1A","GNAI1","TAB3"
"BMPR1A","FERMT2","TAB3"
"BMPR1A","CLK2","TAB3"
"BMPR1A","DCC","TAB3"
"BMPR1A","TRIO","TAB3"
"BMPR1A","SRC","PDE3A"
"BMPR1A","STK11","PDE3A"
"BMPR1A","SMO","PDE3A"
"BMPR1A","ACP1","PDE3A"
"BMPR1A","PTPN6","PDE3A"
"BMPR1A","KIT","PDE3A"
"BMPR1A","PTPRJ","PDE3A"
"BMPR1A","FYN","PDE3A"
"BMPR1A","PDPK1","PDE3A"
"BMPR1A","GSK3B","PDE3A"
"BMPR1A","CDK5","PDE3A"
"BMPR1A","RET","PDE3A"
"BMPR1A","BDKRB2","PDE3A"
"BMPR1A","AIIB/b3 integrin","PDE3A"
"BMPR1A","S1PR1","PDE3A"
"BMPR1A","PTPRA","PDE3A"
"BMPR1A","GNAI1","PDE3A"
"BMPR1A","GRM5","PDE3A"
"BMPR1A","FERMT2","PDE3A"
"BMPR1A","CLK2","PDE3A"
"BMPR1A","TRIO","PDE3A"
"BMPR1A","FCRL3","PDE3A"
"BMPR1A","SRC","NPM1"
"BMPR1A","SMO","NPM1"
"BMPR1A","ACP1","NPM1"
"BMPR1A","PTPN6","NPM1"
"BMPR1A","KIT","NPM1"
"BMPR1A","PTPRJ","NPM1"
"BMPR1A","FYN","NPM1"
"BMPR1A","PDPK1","NPM1"
"BMPR1A","GSK3B","NPM1"
"BMPR1A","CDK5","NPM1"
"BMPR1A","RET","NPM1"
"BMPR1A","BDKRB2","NPM1"
"BMPR1A","AIIB/b3 integrin","NPM1"
"BMPR1A","S1PR1","NPM1"
"BMPR1A","PTPRA","NPM1"
"BMPR1A","GNAI1","NPM1"
"BMPR1A","FERMT2","NPM1"
"BMPR1A","DCC","NPM1"
"BMPR1A","GRK2","VPS39"
"BMPR1A","STK11","VPS39"
"BMPR1A","ACP1","VPS39"
"BMPR1A","PTPN6","VPS39"
"BMPR1A","PTPRJ","VPS39"
"BMPR1A","FYN","VPS39"
"BMPR1A","PDPK1","VPS39"
"BMPR1A","GSK3B","VPS39"
"BMPR1A","CDK5","VPS39"
"BMPR1A","RET","VPS39"
"BMPR1A","BDKRB2","VPS39"
"BMPR1A","AIIB/b3 integrin","VPS39"
"BMPR1A","DCC","VPS39"
"BMPR1A","GRK2","SH3PXD2A"
"BMPR1A","SMO","SH3PXD2A"
"BMPR1A","PTPN6","SH3PXD2A"
"BMPR1A","FYN","SH3PXD2A"
"BMPR1A","GSK3B","SH3PXD2A"
"BMPR1A","AIIB/b3 integrin","SH3PXD2A"
"BMPR1A","GNAI1","SH3PXD2A"
"BMPR1A","GRM5","SH3PXD2A"
"BMPR1A","FERMT2","SH3PXD2A"
"BMPR1A","CLK2","SH3PXD2A"
"BMPR1A","TRIO","SH3PXD2A"
"BMPR1A","STK11","ATG9A"
"BMPR1A","SMO","ATG9A"
"BMPR1A","PTPN6","ATG9A"
"BMPR1A","KIT","ATG9A"
"BMPR1A","GSK3B","ATG9A"
"BMPR1A","AIIB/b3 integrin","ATG9A"
"BMPR1A","PTPRA","ATG9A"
"BMPR1A","DCC","ATG9A"
"BMPR1A","TRIO","ATG9A"
"BMPR1A","GRK2","NOTCH3"
"BMPR1A","ACP1","NOTCH3"
"BMPR1A","KIT","NOTCH3"
"BMPR1A","FYN","NOTCH3"
"BMPR1A","BDKRB2","NOTCH3"
"BMPR1A","CLK2","NOTCH3"
"BMPR1A","GRK2","SMAD1"
"BMPR1A","STK11","SMAD1"
"BMPR1A","SMO","SMAD1"
"BMPR1A","ACP1","SMAD1"
"BMPR1A","PDPK1","SMAD1"
"BMPR1A","RET","SMAD1"
"BMPR1A","GNAI1","SMAD1"
"BMPR1A","CLK2","SMAD1"
"BMPR1A","DCC","SMAD1"
"BMPR1A","ACP1","ARRB1"
"BMPR1A","GSK3B","ARRB1"
"BMPR1A","GRM5","ARRB1"
"BMPR1A","DCC","ARRB1"
"BMPR1A","TRIO","ARRB1"
"BMPR1A","GRK2","YY1"
"BMPR1A","ACP1","YY1"
"BMPR1A","GSK3B","YY1"
"BMPR1A","PTPRA","YY1"
"BMPR1A","FERMT2","YY1"
"BMPR1A","CLK2","YY1"
"BMPR1A","DCC","YY1"
"BMPR1A","FCRL3","YY1"
"BMPR1A","SRC","PTHLH"
"BMPR1A","GRK2","PTHLH"
"BMPR1A","STK11","PTHLH"
"BMPR1A","ACP1","PTHLH"
"BMPR1A","KIT","PTHLH"
"BMPR1A","FYN","PTHLH"
"BMPR1A","CDK5","PTHLH"
"BMPR1A","RET","PTHLH"
"BMPR1A","AIIB/b3 integrin","PTHLH"
"BMPR1A","GNAI1","PTHLH"
"BMPR1A","GRM5","PTHLH"
"BMPR1A","CLK2","PTHLH"
"BMPR1A","GSK3B","RCAN1"
"BMPR1A","STK11","CDT1"
"BMPR1A","FYN","CDT1"
"BMPR1A","CSNK1A1","CDT1"
"BMPR1A","RET","CDT1"
"BMPR1A","AIIB/b3 integrin","CDT1"
"BMPR1A","PTPRA","CDT1"
"BMPR1A","GRM5","CDT1"
"BMPR1A","CLK2","CDT1"
"BMPR1A","DCC","CDT1"
"BMPR1A","FCRL3","CDT1"
"BMPR1A","SRC","MDM2"
"BMPR1A","GRK2","MDM2"
"BMPR1A","STK11","MDM2"
"BMPR1A","SMO","MDM2"
"BMPR1A","ACP1","MDM2"
"BMPR1A","PTPN6","MDM2"
"BMPR1A","KIT","MDM2"
"BMPR1A","FYN","MDM2"
"BMPR1A","PDPK1","MDM2"
"BMPR1A","RET","MDM2"
"BMPR1A","PTPRA","MDM2"
"BMPR1A","GNAI1","MDM2"
"BMPR1A","FERMT2","MDM2"
"BMPR1A","TRIO","MDM2"
"BMPR1A","SRC","SCRIB"
"BMPR1A","GSK3B","SCRIB"
"BMPR1A","CDK5","SCRIB"
"BMPR1A","BDKRB2","SCRIB"
"BMPR1A","AIIB/b3 integrin","SCRIB"
"BMPR1A","PTPRA","SCRIB"
"BMPR1A","FERMT2","SCRIB"
"BMPR1A","CLK2","SCRIB"
"BMPR1A","FCRL3","SCRIB"
"BMPR1A","GSK3B","PPP1R14A"
"BMPR1A","GRK2","DCC"
"BMPR1A","PTPN6","DCC"
"BMPR1A","FCRL3","DCC"
"BMPR1A","RET","PIK3R6"
"BMPR1A","BDKRB2","PIK3R6"
"BMPR1A","S1PR1","PIK3R6"
"BMPR1A","PTPRA","PIK3R6"
"BMPR1A","GRM5","PIK3R6"
"BMPR1A","FERMT2","PIK3R6"
"BMPR1A","GRK2","MDM4"
"BMPR1A","PTPRJ","MDM4"
"BMPR1A","RET","MDM4"
"BMPR1A","CLK2","MDM4"
"BMPR1A","TRIO","MDM4"
"BMPR1A","GRK2","MRE11"
"BMPR1A","PTPRJ","MRE11"
"BMPR1A","RET","MRE11"
"BMPR1A","AIIB/b3 integrin","MRE11"
"BMPR1A","S1PR1","MRE11"
"BMPR1A","PTPRA","MRE11"
"BMPR1A","GNAI1","MRE11"
"BMPR1A","GRM5","MRE11"
"BMPR1A","FERMT2","MRE11"
"BMPR1A","DCC","MRE11"
"BMPR1A","FCRL3","MRE11"
"BMPR1A","SRC","FRAT1"
"BMPR1A","ACP1","FRAT1"
"BMPR1A","PTPN6","FRAT1"
"BMPR1A","KIT","FRAT1"
"BMPR1A","PTPRJ","FRAT1"
"BMPR1A","FYN","FRAT1"
"BMPR1A","PDPK1","FRAT1"
"BMPR1A","CSNK1A1","FRAT1"
"BMPR1A","BDKRB2","FRAT1"
"BMPR1A","AIIB/b3 integrin","FRAT1"
"BMPR1A","GNAI1","FRAT1"
"BMPR1A","DCC","FRAT1"
"BMPR1A","SRC","HMGA2"
"BMPR1A","GRK2","HMGA2"
"BMPR1A","STK11","HMGA2"
"BMPR1A","ACP1","HMGA2"
"BMPR1A","KIT","HMGA2"
"BMPR1A","PTPRJ","HMGA2"
"BMPR1A","GSK3B","HMGA2"
"BMPR1A","BDKRB2","HMGA2"
"BMPR1A","PTPRA","HMGA2"
"BMPR1A","GNAI1","HMGA2"
"BMPR1A","CLK2","HMGA2"
"BMPR1A","DCC","HMGA2"
"BMPR1A","TRIO","HMGA2"
"BMPR1A","SRC","PLCG1"
"BMPR1A","KIT","PLCG1"
"BMPR1A","PDPK1","PLCG1"
"BMPR1A","CDK5","PLCG1"
"BMPR1A","AIIB/b3 integrin","PLCG1"
"BMPR1A","GNAI1","PLCG1"
"BMPR1A","GRM5","PLCG1"
"BMPR1A","CLK2","PLCG1"
"BMPR1A","DCC","PLCG1"
"BMPR1A","SRC","STAT4"
"BMPR1A","KIT","STAT4"
"BMPR1A","FYN","STAT4"
"BMPR1A","PDPK1","STAT4"
"BMPR1A","CDK5","STAT4"
"BMPR1A","RET","STAT4"
"BMPR1A","BDKRB2","STAT4"
"BMPR1A","AIIB/b3 integrin","STAT4"
"BMPR1A","S1PR1","STAT4"
"BMPR1A","PTPRA","STAT4"
"BMPR1A","FERMT2","STAT4"
"BMPR1A","CLK2","STAT4"
"BMPR1A","DCC","STAT4"
"BMPR1A","FCRL3","STAT4"
"BMPR1A","PDPK1","SPRY2"
"BMPR1A","RET","SPRY2"
"BMPR1A","PTPRA","SPRY2"
"BMPR1A","GNAI1","SPRY2"
"BMPR1A","FERMT2","SPRY2"
"BMPR1A","DCC","SPRY2"
"BMPR1A","TRIO","SPRY2"
"BMPR1A","SRC","CARD11"
"BMPR1A","GRK2","CARD11"
"BMPR1A","SMO","CARD11"
"BMPR1A","PTPN6","CARD11"
"BMPR1A","PTPRJ","CARD11"
"BMPR1A","FYN","CARD11"
"BMPR1A","PDPK1","CARD11"
"BMPR1A","GSK3B","CARD11"
"BMPR1A","RET","CARD11"
"BMPR1A","AIIB/b3 integrin","CARD11"
"BMPR1A","PTPRA","CARD11"
"BMPR1A","FERMT2","CARD11"
"BMPR1A","CLK2","CARD11"
"BMPR1A","FCRL3","CARD11"
"BMPR1A","GRK2","HDAC2"
"BMPR1A","STK11","HDAC2"
"BMPR1A","SMO","HDAC2"
"BMPR1A","ACP1","HDAC2"
"BMPR1A","PTPN6","HDAC2"
"BMPR1A","PTPRJ","HDAC2"
"BMPR1A","FYN","HDAC2"
"BMPR1A","PDPK1","HDAC2"
"BMPR1A","CDK5","HDAC2"
"BMPR1A","CSNK1A1","HDAC2"
"BMPR1A","BDKRB2","HDAC2"
"BMPR1A","AIIB/b3 integrin","HDAC2"
"BMPR1A","S1PR1","HDAC2"
"BMPR1A","CLK2","HDAC2"
"BMPR1A","TRIO","HDAC2"
"BMPR1A","FCRL3","HDAC2"
"BMPR1A","GRK2","BCR-Dl"
"BMPR1A","STK11","BCR-Dl"
"BMPR1A","ACP1","BCR-Dl"
"BMPR1A","PTPN6","BCR-Dl"
"BMPR1A","KIT","BCR-Dl"
"BMPR1A","PTPRJ","BCR-Dl"
"BMPR1A","PDPK1","BCR-Dl"
"BMPR1A","GSK3B","BCR-Dl"
"BMPR1A","CDK5","BCR-Dl"
"BMPR1A","CLK2","BCR-Dl"
"BMPR1A","DCC","BCR-Dl"
"BMPR1A","FCRL3","BCR-Dl"
"BMPR1A","PTPRJ","CREB1"
"BMPR1A","CSNK1A1","CREB1"
"BMPR1A","S1PR1","CREB1"
"BMPR1A","CLK2","CREB1"
"BMPR1A","FCRL3","CREB1"
"BMPR1A","PTPN6","NBN"
"BMPR1A","RET","NBN"
"BMPR1A","AIIB/b3 integrin","NBN"
"BMPR1A","GNAI1","NBN"
"BMPR1A","GRM5","NBN"
"BMPR1A","SRC","NRBF2"
"BMPR1A","KIT","NRBF2"
"BMPR1A","FERMT2","NRBF2"
"BMPR1A","FCRL3","NRBF2"
"BMPR1A","AIIB/b3 integrin","MN1"
"BMPR1A","GRM5","MN1"
"BMPR1A","CLK2","MN1"
"BMPR1A","TRIO","MN1"
"BMPR1A","ACP1","SF1"
"BMPR1A","PTPRJ","SF1"
"BMPR1A","PDPK1","SF1"
"BMPR1A","RET","SF1"
"BMPR1A","S1PR1","SF1"
"BMPR1A","GRM5","SF1"
"BMPR1A","CLK2","SF1"
"BMPR1A","FCRL3","SF1"
"BMPR1A","SMO","PECAM1"
"BMPR1A","PTPN6","PECAM1"
"BMPR1A","PDPK1","UBXN2B"
"BMPR1A","S1PR1","UBXN2B"
"BMPR1A","TRIO","UBXN2B"
"BMPR1A","PTPN6","GNAI2"
"BMPR1A","PDPK1","GNAI2"
"BMPR1A","GSK3B","GNAI2"
"BMPR1A","BDKRB2","GNAI2"
"BMPR1A","S1PR1","GNAI2"
"BMPR1A","FERMT2","GNAI2"
"BMPR1A","CLK2","GNAI2"
"BMPR1A","DCC","GNAI2"
"BMPR1A","FCRL3","GNAI2"
"BMPR1A","GRK2","E2F2"
"BMPR1A","STK11","E2F2"
"BMPR1A","SMO","E2F2"
"BMPR1A","ACP1","E2F2"
"BMPR1A","PTPRA","E2F2"
"BMPR1A","FERMT2","E2F2"
"BMPR1A","KIT","MST1R"
"BMPR1A","CDK5","MST1R"
"BMPR1A","BDKRB2","MST1R"
"BMPR1A","AIIB/b3 integrin","MST1R"
"BMPR1A","DCC","MST1R"
"BMPR1A","SMO","PRL"
"BMPR1A","PTPN6","PRL"
"BMPR1A","KIT","PRL"
"BMPR1A","PTPRJ","PRL"
"BMPR1A","PDPK1","PRL"
"BMPR1A","GSK3B","PRL"
"BMPR1A","CDK5","PRL"
"BMPR1A","RET","PRL"
"BMPR1A","S1PR1","PRL"
"BMPR1A","FERMT2","PRL"
"BMPR1A","CLK2","PRL"
"BMPR1A","DCC","PRL"
"BMPR1A","FCRL3","PRL"
"BMPR1A","SRC","AVEN"
"BMPR1A","GRK2","AVEN"
"BMPR1A","STK11","AVEN"
"BMPR1A","SMO","AVEN"
"BMPR1A","ACP1","AVEN"
"BMPR1A","PDPK1","AVEN"
"BMPR1A","GSK3B","AVEN"
"BMPR1A","RET","AVEN"
"BMPR1A","BDKRB2","AVEN"
"BMPR1A","GRM5","AVEN"
"BMPR1A","FERMT2","AVEN"
"BMPR1A","TRIO","AVEN"
"BMPR1A","FCRL3","AVEN"
"BMPR1A","GRK2","ROR2"
"BMPR1A","ACP1","ROR2"
"BMPR1A","PDPK1","ROR2"
"BMPR1A","RET","ROR2"
"BMPR1A","AIIB/b3 integrin","ROR2"
"BMPR1A","GRM5","ROR2"
"BMPR1A","GRK2","PLEKHG2"
"BMPR1A","KIT","PLEKHG2"
"BMPR1A","PDPK1","PLEKHG2"
"BMPR1A","GSK3B","PLEKHG2"
"BMPR1A","RET","PLEKHG2"
"BMPR1A","BDKRB2","PLEKHG2"
"BMPR1A","FERMT2","PLEKHG2"
"BMPR1A","GSK3B","ABI1"
"BMPR1A","SRC","RPS6KB2"
"BMPR1A","SMO","RPS6KB2"
"BMPR1A","PTPN6","RPS6KB2"
"BMPR1A","KIT","RPS6KB2"
"BMPR1A","FYN","RPS6KB2"
"BMPR1A","CDK5","RPS6KB2"
"BMPR1A","RET","RPS6KB2"
"BMPR1A","S1PR1","RPS6KB2"
"BMPR1A","FERMT2","RPS6KB2"
"BMPR1A","GRK2","AL/b2 integrin"
"BMPR1A","ACP1","AL/b2 integrin"
"BMPR1A","KIT","AL/b2 integrin"
"BMPR1A","GSK3B","AL/b2 integrin"
"BMPR1A","BDKRB2","AL/b2 integrin"
"BMPR1A","CLK2","AL/b2 integrin"
"BMPR1A","ACP1","NOXA1"
"BMPR1A","PTPRJ","NOXA1"
"BMPR1A","FYN","NOXA1"
"BMPR1A","PDPK1","NOXA1"
"BMPR1A","RET","NOXA1"
"BMPR1A","BDKRB2","NOXA1"
"BMPR1A","AIIB/b3 integrin","NOXA1"
"BMPR1A","GNAI1","NOXA1"
"BMPR1A","GRM5","NOXA1"
"BMPR1A","FERMT2","NOXA1"
"BMPR1A","CLK2","NOXA1"
"BMPR1A","FCRL3","NOXA1"
"BMPR1A","SMO","TRIO"
"BMPR1A","ACP1","TRIO"
"BMPR1A","PTPN6","TRIO"
"BMPR1A","PDPK1","TRIO"
"BMPR1A","GSK3B","TRIO"
"BMPR1A","RET","TRIO"
"BMPR1A","BDKRB2","TRIO"
"BMPR1A","S1PR1","TRIO"
"BMPR1A","GRM5","TRIO"
"BMPR1A","CLK2","TRIO"
"BMPR1A","SRC","RUNX2"
"BMPR1A","GRK2","RUNX2"
"BMPR1A","STK11","RUNX2"
"BMPR1A","SMO","RUNX2"
"BMPR1A","ACP1","RUNX2"
"BMPR1A","PTPN6","RUNX2"
"BMPR1A","KIT","RUNX2"
"BMPR1A","GSK3B","CBL"
"BMPR1A","BDKRB2","CBL"
"BMPR1A","GNAI1","CBL"
"BMPR1A","FERMT2","CBL"
"BMPR1A","DCC","CBL"
"BMPR1A","SMO","KLHL3"
"BMPR1A","KIT","KLHL3"
"BMPR1A","KIT","PCBP2"
"BMPR1A","PDPK1","PCBP2"
"BMPR1A","GSK3B","PCBP2"
"BMPR1A","RET","PCBP2"
"BMPR1A","PTPRA","PCBP2"
"BMPR1A","FERMT2","PCBP2"
"BMPR1A","GRK2","AP1"
"BMPR1A","FYN","AP1"
"BMPR1A","PDPK1","AP1"
"BMPR1A","CDK5","AP1"
"BMPR1A","CSNK1A1","AP1"
"BMPR1A","RET","AP1"
"BMPR1A","PTPRA","AP1"
"BMPR1A","GRM5","AP1"
"BMPR1A","SMO","E2F1"
"BMPR1A","ACP1","E2F1"
"BMPR1A","FYN","E2F1"
"BMPR1A","CDK5","E2F1"
"BMPR1A","AIIB/b3 integrin","E2F1"
"BMPR1A","S1PR1","E2F1"
"BMPR1A","SMO","SMARCD3"
"BMPR1A","KIT","SMARCD3"
"BMPR1A","FYN","SMARCD3"
"BMPR1A","PDPK1","SMARCD3"
"BMPR1A","GSK3B","SMARCD3"
"BMPR1A","CSNK1A1","SMARCD3"
"BMPR1A","BDKRB2","SMARCD3"
"BMPR1A","AIIB/b3 integrin","SMARCD3"
"BMPR1A","PTPRA","SMARCD3"
"BMPR1A","GNAI1","SMARCD3"
"BMPR1A","GRM5","SMARCD3"
"BMPR1A","FERMT2","SMARCD3"
"BMPR1A","CLK2","SMARCD3"
"BMPR1A","TRIO","SMARCD3"
"BMPR1A","FCRL3","SMARCD3"
"BMPR1A","SRC","LHX3"
"BMPR1A","PTPN6","LHX3"
"BMPR1A","PDPK1","LHX3"
"BMPR1A","AIIB/b3 integrin","LHX3"
"BMPR1A","CLK2","LHX3"
"BMPR1A","SRC","DNM1"
"BMPR1A","GRK2","DNM1"
"BMPR1A","SMO","DNM1"
"BMPR1A","KIT","DNM1"
"BMPR1A","PTPRJ","DNM1"
"BMPR1A","PDPK1","DNM1"
"BMPR1A","GSK3B","DNM1"
"BMPR1A","CDK5","DNM1"
"BMPR1A","RET","DNM1"
"BMPR1A","BDKRB2","DNM1"
"BMPR1A","S1PR1","DNM1"
"BMPR1A","PTPRA","DNM1"
"BMPR1A","GNAI1","DNM1"
"BMPR1A","GRM5","DNM1"
"BMPR1A","FERMT2","DNM1"
"BMPR1A","CLK2","DNM1"
"BMPR1A","DCC","DNM1"
"BMPR1A","TRIO","DNM1"
"BMPR1A","FYN","PEX5"
"BMPR1A","STK11","FCRL3"
"BMPR1A","SMO","FCRL3"
"BMPR1A","ACP1","FCRL3"
"BMPR1A","PDPK1","FCRL3"
"BMPR1A","GSK3B","FCRL3"
"BMPR1A","CDK5","FCRL3"
"BMPR1A","RET","FCRL3"
"BMPR1A","BDKRB2","FCRL3"
"BMPR1A","S1PR1","FCRL3"
"BMPR1A","PTPRA","FCRL3"
"BMPR1A","GNAI1","FCRL3"
"BMPR1A","DCC","FCRL3"
"BMPR1A","GRK2","MYOCD"
"BMPR1A","SMO","MYOCD"
"BMPR1A","ACP1","MYOCD"
"BMPR1A","PTPRJ","MYOCD"
"BMPR1A","RET","MYOCD"
"BMPR1A","BDKRB2","MYOCD"
"BMPR1A","GRK2","WAS"
"BMPR1A","ACP1","WAS"
"BMPR1A","PTPN6","WAS"
"BMPR1A","PTPRJ","WAS"
"BMPR1A","GSK3B","WAS"
"BMPR1A","BDKRB2","WAS"
"BMPR1A","AIIB/b3 integrin","WAS"
"BMPR1A","GNAI1","WAS"
"BMPR1A","GRM5","WAS"
"BMPR1A","CLK2","WAS"
"BMPR1A","DCC","WAS"
"BMPR1A","GRK2","BAIAP2"
"BMPR1A","ACP1","BAIAP2"
"BMPR1A","KIT","BAIAP2"
"BMPR1A","PDPK1","BAIAP2"
"BMPR1A","BDKRB2","BAIAP2"
"BMPR1A","GRM5","BAIAP2"
"BMPR1A","DCC","BAIAP2"
"BMPR1A","SRC","HTRA2"
"BMPR1A","GRK2","HTRA2"
"BMPR1A","SMO","HTRA2"
"BMPR1A","ACP1","HTRA2"
"BMPR1A","PTPN6","HTRA2"
"BMPR1A","KIT","HTRA2"
"BMPR1A","FYN","HTRA2"
"BMPR1A","GSK3B","HTRA2"
"BMPR1A","AIIB/b3 integrin","HTRA2"
"BMPR1A","S1PR1","HTRA2"
"BMPR1A","PTPRA","HTRA2"
"BMPR1A","GNAI1","HTRA2"
"BMPR1A","FERMT2","HTRA2"
"BMPR1A","CLK2","HTRA2"
"BMPR1A","DCC","HTRA2"
"BMPR1A","GRK2","LARP6"
"BMPR1A","SMO","LARP6"
"BMPR1A","RET","LARP6"
"BMPR1A","AIIB/b3 integrin","LARP6"
"BMPR1A","CLK2","LARP6"
"BMPR1A","SRC","HDAC1"
"BMPR1A","GRK2","HDAC1"
"BMPR1A","SMO","HDAC1"
"BMPR1A","ACP1","HDAC1"
"BMPR1A","PTPN6","HDAC1"
"BMPR1A","PTPRJ","HDAC1"
"BMPR1A","FYN","HDAC1"
"BMPR1A","CDK5","HDAC1"
"BMPR1A","BDKRB2","HDAC1"
"BMPR1A","AIIB/b3 integrin","HDAC1"
"BMPR1A","S1PR1","HDAC1"
"BMPR1A","PTPRA","HDAC1"
"BMPR1A","GNAI1","HDAC1"
"BMPR1A","GRM5","HDAC1"
"BMPR1A","CLK2","HDAC1"
"BMPR1A","TRIO","HDAC1"
"BMPR1A","FCRL3","HDAC1"
"BMPR1A","GRK2","FBXO5"
"BMPR1A","PTPRJ","FBXO5"
"BMPR1A","CDK5","FBXO5"
"BMPR1A","BDKRB2","FBXO5"
"BMPR1A","S1PR1","FBXO5"
"BMPR1A","DCC","FBXO5"
"BMPR1A","SRC","VASP"
"BMPR1A","GRK2","VASP"
"BMPR1A","ACP1","VASP"
"BMPR1A","KIT","VASP"
"BMPR1A","FYN","VASP"
"BMPR1A","PDPK1","VASP"
"BMPR1A","CDK5","VASP"
"BMPR1A","RET","VASP"
"BMPR1A","GNAI1","VASP"
"BMPR1A","GRM5","VASP"
"BMPR1A","FERMT2","VASP"
"BMPR1A","DCC","VASP"
"BMPR1A","TRIO","VASP"
"BMPR1A","FCRL3","VASP"
"BMPR1A","SRC","NCL"
"BMPR1A","GRK2","NCL"
"BMPR1A","PTPN6","NCL"
"BMPR1A","CDK5","NCL"
"BMPR1A","RET","NCL"
"BMPR1A","BDKRB2","NCL"
"BMPR1A","AIIB/b3 integrin","NCL"
"BMPR1A","GNAI1","NCL"
"BMPR1A","DCC","NCL"
"BMPR1A","TRIO","NCL"
"BMPR1A","FCRL3","NCL"
"BMPR1A","SRC","WDFY3"
"BMPR1A","SMO","WDFY3"
"BMPR1A","ACP1","WDFY3"
"BMPR1A","KIT","WDFY3"
"BMPR1A","PTPRJ","WDFY3"
"BMPR1A","FYN","WDFY3"
"BMPR1A","GSK3B","WDFY3"
"BMPR1A","RET","WDFY3"
"BMPR1A","BDKRB2","WDFY3"
"BMPR1A","AIIB/b3 integrin","WDFY3"
"BMPR1A","S1PR1","WDFY3"
"BMPR1A","PTPRA","WDFY3"
"BMPR1A","GRM5","WDFY3"
"BMPR1A","DCC","WDFY3"
"BMPR1A","TRIO","WDFY3"
"BMPR1A","CSNK1A1","DEPTOR"
"BMPR1A","SMO","NMDA"
"BMPR1A","KIT","NMDA"
"BMPR1A","BDKRB2","NMDA"
"BMPR1A","GNAI1","NMDA"
"BMPR1A","CLK2","NMDA"
"BMPR1A","SRC","CLIP1"
"BMPR1A","STK11","CLIP1"
"BMPR1A","ACP1","CLIP1"
"BMPR1A","PTPN6","CLIP1"
"BMPR1A","FERMT2","CLIP1"
"BMPR1A","TRIO","CLIP1"
"BMPR1A","FCRL3","CLIP1"
"BMPR1A","ACP1","SYN1"
"BMPR1A","PTPRJ","SYN1"
"BMPR1A","CSNK1A1","SYN1"
"BMPR1A","S1PR1","SYN1"
"BMPR1A","GRM5","SYN1"
"BMPR1A","CLK2","SYN1"
"BMPR1A","DCC","SYN1"
"BMPR1A","SRC","DAAM1"
"BMPR1A","ACP1","DAAM1"
"BMPR1A","PTPN6","DAAM1"
"BMPR1A","KIT","DAAM1"
"BMPR1A","FYN","DAAM1"
"BMPR1A","PDPK1","DAAM1"
"BMPR1A","BDKRB2","DAAM1"
"BMPR1A","DCC","DAAM1"
"BMPR1A","TRIO","DAAM1"
"BMPR1A","FCRL3","DAAM1"
"BMPR1A","GRK2","RRM2B"
"BMPR1A","STK11","RRM2B"
"BMPR1A","SMO","RRM2B"
"BMPR1A","PDPK1","RRM2B"
"BMPR1A","GSK3B","RRM2B"
"BMPR1A","AIIB/b3 integrin","RRM2B"
"BMPR1A","AIIB/b3 integrin","LRP6"
"BMPR1A","S1PR1","LRP6"
"BMPR1A","GNAI1","LRP6"
"BMPR1A","GRM5","LRP6"
"BMPR1A","DCC","LRP6"
"BMPR1A","SRC","APP"
"BMPR1A","STK11","APP"
"BMPR1A","SMO","APP"
"BMPR1A","ACP1","APP"
"BMPR1A","PTPN6","APP"
"BMPR1A","KIT","APP"
"BMPR1A","PTPRJ","APP"
"BMPR1A","FYN","APP"
"BMPR1A","PDPK1","APP"
"BMPR1A","GSK3B","APP"
"BMPR1A","CDK5","APP"
"BMPR1A","CSNK1A1","APP"
"BMPR1A","AIIB/b3 integrin","APP"
"BMPR1A","PTPRA","APP"
"BMPR1A","GNAI1","APP"
"BMPR1A","GRM5","APP"
"BMPR1A","CLK2","APP"
"BMPR1A","PDPK1","SMAD1/4"
"BMPR1A","S1PR1","SMAD1/4"
"BMPR1A","GRM5","SMAD1/4"
"BMPR1A","TRIO","SMAD1/4"
"BMPR1A","SRC","GRB14"
"BMPR1A","STK11","GRB14"
"BMPR1A","FYN","GRB14"
"BMPR1A","CSNK1A1","GRB14"
"BMPR1A","CDK5","NKX3-1"
"BMPR1A","CSNK1A1","NKX3-1"
"BMPR1A","AIIB/b3 integrin","NKX3-1"
"BMPR1A","S1PR1","NKX3-1"
"BMPR1A","PTPRA","NKX3-1"
"BMPR1A","GNAI1","NKX3-1"
"BMPR1A","DCC","NKX3-1"
"BMPR1A","SRC","UIMC1"
"BMPR1A","GRK2","UIMC1"
"BMPR1A","SMO","UIMC1"
"BMPR1A","ACP1","UIMC1"
"BMPR1A","PTPN6","UIMC1"
"BMPR1A","KIT","UIMC1"
"BMPR1A","PTPRJ","UIMC1"
"BMPR1A","FYN","UIMC1"
"BMPR1A","GSK3B","SQSTM1"
"BMPR1A","CSNK1A1","SQSTM1"
"BMPR1A","BDKRB2","SQSTM1"
"BMPR1A","S1PR1","SQSTM1"
"BMPR1A","TRIO","SQSTM1"
"BMPR1A","FCRL3","SQSTM1"
"BMPR1A","SMO","LIMK2"
"BMPR1A","ACP1","LIMK2"
"BMPR1A","PTPRJ","LIMK2"
"BMPR1A","CDK5","LIMK2"
"BMPR1A","RET","LIMK2"
"BMPR1A","S1PR1","LIMK2"
"BMPR1A","PTPRA","LIMK2"
"BMPR1A","FERMT2","LIMK2"
"BMPR1A","FCRL3","LIMK2"
"BMPR1A","KIT","BCKDK"
"BMPR1A","AIIB/b3 integrin","BCKDK"
"BMPR1A","S1PR1","BCKDK"
"BMPR1A","GNAI1","BCKDK"
"BMPR1A","CLK2","BCKDK"
"BMPR1A","TRIO","BCKDK"
"BMPR1A","FCRL3","BCKDK"
"BMPR1A","PTPN6","KDM5B"
"BMPR1A","FYN","KDM5B"
"BMPR1A","CDK5","KDM5B"
"BMPR1A","BDKRB2","KDM5B"
"BMPR1A","PTPRA","KDM5B"
"BMPR1A","GNAI1","KDM5B"
"BMPR1A","FCRL3","KDM5B"
"BMPR1A","PTPN6","ARNTL"
"BMPR1A","PDPK1","ARNTL"
"BMPR1A","CSNK1A1","ARNTL"
"BMPR1A","RET","ARNTL"
"BMPR1A","BDKRB2","ARNTL"
"BMPR1A","AIIB/b3 integrin","ARNTL"
"BMPR1A","S1PR1","ARNTL"
"BMPR1A","PTPRA","ARNTL"
"BMPR1A","GNAI1","ARNTL"
"BMPR1A","GRM5","ARNTL"
"BMPR1A","CLK2","ARNTL"
"BMPR1A","DCC","ARNTL"
"BMPR1A","TRIO","ARNTL"
"BMPR1A","GSK3B","DNM1L"
"BMPR1A","STK11","PPM1G"
"BMPR1A","ACP1","PPM1G"
"BMPR1A","PTPN6","PPM1G"
"BMPR1A","RET","PPM1G"
"BMPR1A","PTPRA","PPM1G"
"BMPR1A","GRM5","PPM1G"
"BMPR1A","CLK2","PPM1G"
"BMPR1A","SMO","SH3PXD2B"
"BMPR1A","KIT","SH3PXD2B"
"BMPR1A","PDPK1","SH3PXD2B"
"BMPR1A","GSK3B","SH3PXD2B"
"BMPR1A","CDK5","SH3PXD2B"
"BMPR1A","BDKRB2","SH3PXD2B"
"BMPR1A","GNAI1","SH3PXD2B"
"BMPR1A","GRM5","SH3PXD2B"
"BMPR1A","FERMT2","SH3PXD2B"
"BMPR1A","DCC","SH3PXD2B"
"BMPR1A","FCRL3","SH3PXD2B"
"BMPR1A","GRK2","SUZ12/EZH2"
"BMPR1A","KIT","SUZ12/EZH2"
"BMPR1A","FYN","SUZ12/EZH2"
"BMPR1A","CDK5","SUZ12/EZH2"
"BMPR1A","CSNK1A1","SUZ12/EZH2"
"BMPR1A","RET","SUZ12/EZH2"
"BMPR1A","AIIB/b3 integrin","SUZ12/EZH2"
"BMPR1A","PTPRA","SUZ12/EZH2"
"BMPR1A","GRM5","SUZ12/EZH2"
"BMPR1A","DCC","SUZ12/EZH2"
"BMPR1A","ACP1","DAB1"
"BMPR1A","FYN","DAB1"
"BMPR1A","PDPK1","DAB1"
"BMPR1A","RET","DAB1"
"BMPR1A","BDKRB2","DAB1"
"BMPR1A","AIIB/b3 integrin","DAB1"
"BMPR1A","S1PR1","DAB1"
"BMPR1A","FERMT2","DAB1"
"BMPR1A","TRIO","DAB1"
"BMPR1A","FCRL3","DAB1"
"BMPR1A","GRK2","FOS"
"BMPR1A","STK11","FOS"
"BMPR1A","SMO","FOS"
"BMPR1A","ACP1","FOS"
"BMPR1A","KIT","FOS"
"BMPR1A","AIIB/b3 integrin","FOS"
"BMPR1A","GRM5","FOS"
"BMPR1A","GSK3B","CEBPA"
"BMPR1A","PTPN6","SMAD5"
"BMPR1A","PDPK1","SMAD5"
"BMPR1A","GSK3B","SMAD5"
"BMPR1A","CSNK1A1","SMAD5"
"BMPR1A","RET","SMAD5"
"BMPR1A","BDKRB2","SMAD5"
"BMPR1A","S1PR1","SMAD5"
"BMPR1A","GNAI1","SMAD5"
"BMPR1A","DCC","SMAD5"
"BMPR1A","TRIO","SMAD5"
"BMPR1A","FCRL3","SMAD5"
"BMPR1A","SRC","NDEL1"
"BMPR1A","GRK2","NDEL1"
"BMPR1A","STK11","NDEL1"
"BMPR1A","SMO","NDEL1"
"BMPR1A","ACP1","NDEL1"
"BMPR1A","PTPN6","NDEL1"
"BMPR1A","KIT","NDEL1"
"BMPR1A","BDKRB2","NDEL1"
"BMPR1A","AIIB/b3 integrin","NDEL1"
"BMPR1A","PTPRA","NDEL1"
"BMPR1A","FCRL3","NDEL1"
"BMPR1A","PTPN6","KDM5A"
"BMPR1A","FYN","KDM5A"
"BMPR1A","GSK3B","KDM5A"
"BMPR1A","CDK5","KDM5A"
"BMPR1A","BDKRB2","KDM5A"
"BMPR1A","AIIB/b3 integrin","KDM5A"
"BMPR1A","S1PR1","KDM5A"
"BMPR1A","PTPRA","KDM5A"
"BMPR1A","FCRL3","KDM5A"
"BMPR1A","KIT","BCR-Mk"
"BMPR1A","BDKRB2","BCR-Mk"
"BMPR1A","S1PR1","BCR-Mk"
"BMPR1A","FERMT2","BCR-Mk"
"BMPR1A","GRK2","ABRAXAS1"
"BMPR1A","PTPRJ","ABRAXAS1"
"BMPR1A","GNAI1","ABRAXAS1"
"BMPR1A","CLK2","ABRAXAS1"
"BMPR1A","TRIO","ABRAXAS1"
"BMPR1A","SRC","AD/b2 integrin"
"BMPR1A","SMO","AD/b2 integrin"
"BMPR1A","PTPRJ","AD/b2 integrin"
"BMPR1A","PDPK1","AD/b2 integrin"
"BMPR1A","GSK3B","AD/b2 integrin"
"BMPR1A","BDKRB2","AD/b2 integrin"
"BMPR1A","GNAI1","AD/b2 integrin"
"BMPR1A","GRM5","AD/b2 integrin"
"BMPR1A","TRIO","AD/b2 integrin"
"BMPR1A","CSNK1A1","WASL"
"BMPR1A","SRC","NOTCH2"
"BMPR1A","GRK2","NOTCH2"
"BMPR1A","PTPN6","NOTCH2"
"BMPR1A","PTPRJ","NOTCH2"
"BMPR1A","FYN","NOTCH2"
"BMPR1A","CSNK1A1","NOTCH2"
"BMPR1A","RET","NOTCH2"
"BMPR1A","AIIB/b3 integrin","NOTCH2"
"BMPR1A","S1PR1","NOTCH2"
"BMPR1A","GRM5","NOTCH2"
"BMPR1A","FERMT2","NOTCH2"
"BMPR1A","CLK2","NOTCH2"
"BMPR1A","SMO","ATF6"
"BMPR1A","PDPK1","ATF6"
"BMPR1A","BDKRB2","ATF6"
"BMPR1A","AIIB/b3 integrin","ATF6"
"BMPR1A","GNAI1","ATF6"
"BMPR1A","GRM5","ATF6"
"BMPR1A","CLK2","ATF6"
"BMPR1A","FCRL3","ATF6"
"BMPR1A","GSK3B","TP53BP1"
"BMPR1A","STK11","TARBP2"
"BMPR1A","SMO","TARBP2"
"BMPR1A","PTPN6","TARBP2"
"BMPR1A","KIT","TARBP2"
"BMPR1A","PTPRJ","TARBP2"
"BMPR1A","FYN","TARBP2"
"BMPR1A","BDKRB2","TARBP2"
"BMPR1A","S1PR1","TARBP2"
"BMPR1A","PTPRA","TARBP2"
"BMPR1A","GNAI1","TARBP2"
"BMPR1A","FERMT2","TARBP2"
"BMPR1A","FCRL3","TARBP2"
"BMPR1A","STK11","NFKB2"
"BMPR1A","FYN","NFKB2"
"BMPR1A","RET","NFKB2"
"BMPR1A","BDKRB2","NFKB2"
"BMPR1A","S1PR1","NFKB2"
"BMPR1A","PTPRA","NFKB2"
"BMPR1A","GNAI1","NFKB2"
"BMPR1A","FERMT2","NFKB2"
"BMPR1A","FCRL3","NFKB2"
"BMPR1A","GRK2","BLVRA"
"BMPR1A","STK11","BLVRA"
"BMPR1A","ACP1","BLVRA"
"BMPR1A","PTPN6","BLVRA"
"BMPR1A","KIT","BLVRA"
"BMPR1A","PTPRJ","BLVRA"
"BMPR1A","FYN","BLVRA"
"BMPR1A","PDPK1","BLVRA"
"BMPR1A","GSK3B","BLVRA"
"BMPR1A","CDK5","BLVRA"
"BMPR1A","RET","BLVRA"
"BMPR1A","BDKRB2","BLVRA"
"BMPR1A","S1PR1","BLVRA"
"BMPR1A","GNAI1","BLVRA"
"BMPR1A","DCC","BLVRA"
"BMPR1A","TRIO","BLVRA"
"BMPR1A","FCRL3","BLVRA"
"BMPR1A","SRC","ICOSLG"
"BMPR1A","GRK2","ICOSLG"
"BMPR1A","STK11","ICOSLG"
"BMPR1A","SMO","ICOSLG"
"BMPR1A","ACP1","ICOSLG"
"BMPR1A","PTPN6","ICOSLG"
"BMPR1A","KIT","ICOSLG"
"BMPR1A","PTPRJ","ICOSLG"
"BMPR1A","FYN","ICOSLG"
"BMPR1A","PDPK1","ICOSLG"
"BMPR1A","GSK3B","ICOSLG"
"BMPR1A","GNAI1","ICOSLG"
"BMPR1A","FERMT2","ICOSLG"
"BMPR1A","DCC","ICOSLG"
"BMPR1A","FCRL3","ICOSLG"
"BMPR1A","SMO","MAPKAP1"
"BMPR1A","KIT","MAPKAP1"
"BMPR1A","PDPK1","MAPKAP1"
"BMPR1A","RET","MAPKAP1"
"BMPR1A","BDKRB2","MAPKAP1"
"BMPR1A","AIIB/b3 integrin","MAPKAP1"
"BMPR1A","GRM5","MAPKAP1"
"BMPR1A","CLK2","MAPKAP1"
"BMPR1A","FCRL3","MAPKAP1"
"BMPR1A","GRK2","ARHGAP8"
"BMPR1A","ACP1","ARHGAP8"
"BMPR1A","FYN","ARHGAP8"
"BMPR1A","PDPK1","ARHGAP8"
"BMPR1A","GSK3B","ARHGAP8"
"BMPR1A","AIIB/b3 integrin","ARHGAP8"
"BMPR1A","GNAI1","ARHGAP8"
"BMPR1A","CLK2","ARHGAP8"
"BMPR1A","DCC","ARHGAP8"
"BMPR1A","SMO","EIF4EBP1"
"BMPR1A","PDPK1","EIF4EBP1"
"BMPR1A","AIIB/b3 integrin","EIF4EBP1"
"BMPR1A","GNAI1","EIF4EBP1"
"BMPR1A","GRM5","EIF4EBP1"
"BMPR1A","CLK2","EIF4EBP1"
"BMPR1A","TRIO","EIF4EBP1"
"BMPR1A","SRC","KCNQ2"
"BMPR1A","SMO","KCNQ2"
"BMPR1A","PDPK1","KCNQ2"
"BMPR1A","RET","KCNQ2"
"BMPR1A","BDKRB2","KCNQ2"
"BMPR1A","AIIB/b3 integrin","KCNQ2"
"BMPR1A","S1PR1","KCNQ2"
"BMPR1A","GNAI1","KCNQ2"
"BMPR1A","GRM5","KCNQ2"
"BMPR1A","FCRL3","KCNQ2"
"BMPR1A","SRC","MKNK2"
"BMPR1A","GRK2","MKNK2"
"BMPR1A","STK11","MKNK2"
"BMPR1A","SMO","MKNK2"
"BMPR1A","PTPN6","MKNK2"
"BMPR1A","KIT","MKNK2"
"BMPR1A","PTPRJ","MKNK2"
"BMPR1A","FYN","MKNK2"
"BMPR1A","PDPK1","MKNK2"
"BMPR1A","CDK5","MKNK2"
"BMPR1A","CSNK1A1","MKNK2"
"BMPR1A","BDKRB2","MKNK2"
"BMPR1A","AIIB/b3 integrin","MKNK2"
"BMPR1A","S1PR1","MKNK2"
"BMPR1A","GRM5","MKNK2"
"BMPR1A","CLK2","MKNK2"
"BMPR1A","DCC","MKNK2"
"BMPR1A","TRIO","MKNK2"
"BMPR1A","SRC","SFPQ"
"BMPR1A","SMO","SFPQ"
"BMPR1A","PTPN6","SFPQ"
"BMPR1A","FYN","SFPQ"
"BMPR1A","RET","SFPQ"
"BMPR1A","BDKRB2","SFPQ"
"BMPR1A","GRM5","SFPQ"
"BMPR1A","FERMT2","SFPQ"
"BMPR1A","DCC","SFPQ"
"BMPR1A","TRIO","SFPQ"
"BMPR1A","ACP1","PTTG1"
"BMPR1A","KIT","PTTG1"
"BMPR1A","CDK5","PTTG1"
"BMPR1A","GRM5","PTTG1"
"BMPR1A","CLK2","PTTG1"
"BMPR1A","DCC","PTTG1"
"BMPR1A","TRIO","PTTG1"
"BMPR1A","SRC","ATAD5"
"BMPR1A","CDK5","ATAD5"
"BMPR1A","RET","ATAD5"
"BMPR1A","PTPRA","ATAD5"
"BMPR1A","GRM5","ATAD5"
"BMPR1A","FERMT2","ATAD5"
"BMPR1A","CLK2","ATAD5"
"BMPR1A","GRK2","CEBPB"
"BMPR1A","PTPRJ","CEBPB"
"BMPR1A","GSK3B","CEBPB"
"BMPR1A","CSNK1A1","CEBPB"
"BMPR1A","PDPK1","BAZ1B"
"BMPR1A","GSK3B","BAZ1B"
"BMPR1A","CSNK1A1","BAZ1B"
"BMPR1A","RET","BAZ1B"
"BMPR1A","BDKRB2","BAZ1B"
"BMPR1A","AIIB/b3 integrin","BAZ1B"
"BMPR1A","GNAI1","BAZ1B"
"BMPR1A","GRM5","BAZ1B"
"BMPR1A","FERMT2","BAZ1B"
"BMPR1A","CLK2","BAZ1B"
"BMPR1A","DCC","BAZ1B"
"BMPR1A","TRIO","BAZ1B"
"BMPR1A","FCRL3","BAZ1B"
"BMPR1A","SRC","EIF4B"
"BMPR1A","GRK2","EIF4B"
"BMPR1A","STK11","EIF4B"
"BMPR1A","SMO","EIF4B"
"BMPR1A","ACP1","EIF4B"
"BMPR1A","PTPN6","EIF4B"
"BMPR1A","KIT","EIF4B"
"BMPR1A","PTPRJ","EIF4B"
"BMPR1A","GSK3B","EIF4B"
"BMPR1A","RET","EIF4B"
"BMPR1A","S1PR1","EIF4B"
"BMPR1A","PTPRA","EIF4B"
"BMPR1A","TRIO","EIF4B"
"BMPR1A","ACP1","STAT2"
"BMPR1A","PDPK1","STAT2"
"BMPR1A","CSNK1A1","STAT2"
"BMPR1A","RET","STAT2"
"BMPR1A","S1PR1","STAT2"
"BMPR1A","PTPRA","STAT2"
"BMPR1A","GNAI1","STAT2"
"BMPR1A","GRM5","STAT2"
"BMPR1A","SRC","EPN1"
"BMPR1A","GRK2","EPN1"
"BMPR1A","STK11","EPN1"
"BMPR1A","SMO","EPN1"
"BMPR1A","ACP1","EPN1"
"BMPR1A","PTPN6","EPN1"
"BMPR1A","PTPRJ","EPN1"
"BMPR1A","PTPRJ","PIK3CD"
"BMPR1A","FYN","PIK3CD"
"BMPR1A","PDPK1","PIK3CD"
"BMPR1A","RET","PIK3CD"
"BMPR1A","AIIB/b3 integrin","PIK3CD"
"BMPR1A","GNAI1","PIK3CD"
"BMPR1A","TRIO","PIK3CD"
"BMPR1A","FCRL3","PIK3CD"
"BMPR1A","GSK3B","CLOCK"
"BMPR1A","GRK2","NCF1"
"BMPR1A","STK11","NCF1"
"BMPR1A","SMO","NCF1"
"BMPR1A","ACP1","NCF1"
"BMPR1A","PTPRJ","NCF1"
"BMPR1A","FYN","NCF1"
"BMPR1A","GSK3B","NCF1"
"BMPR1A","CDK5","NCF1"
"BMPR1A","RET","NCF1"
"BMPR1A","BDKRB2","NCF1"
"BMPR1A","CLK2","NCF1"
"BMPR1A","STK11","PLCG2"
"BMPR1A","PDPK1","PLCG2"
"BMPR1A","GSK3B","PLCG2"
"BMPR1A","CDK5","PLCG2"
"BMPR1A","BDKRB2","PLCG2"
"BMPR1A","GRM5","PLCG2"
"BMPR1A","GRK2","IFITM3"
"BMPR1A","PTPN6","IFITM3"
"BMPR1A","KIT","IFITM3"
"BMPR1A","RET","IFITM3"
"BMPR1A","BDKRB2","IFITM3"
"BMPR1A","FCRL3","IFITM3"
"BMPR1A","PTPN6","MYO1E"
"BMPR1A","FYN","MYO1E"
"BMPR1A","GSK3B","MYO1E"
"BMPR1A","RET","MYO1E"
"BMPR1A","AIIB/b3 integrin","MYO1E"
"BMPR1A","S1PR1","MYO1E"
"BMPR1A","GNAI1","MYO1E"
"BMPR1A","CLK2","MYO1E"
"BMPR1A","SRC","RBL2"
"BMPR1A","KIT","RBL2"
"BMPR1A","CDK5","RBL2"
"BMPR1A","S1PR1","RBL2"
"BMPR1A","PTPRA","RBL2"
"BMPR1A","GNAI1","RBL2"
"BMPR1A","CLK2","RBL2"
"BMPR1A","TRIO","RBL2"
"BMPR1A","GRK2","RGCC"
"BMPR1A","KIT","RGCC"
"BMPR1A","PTPRJ","RGCC"
"BMPR1A","BDKRB2","RGCC"
"BMPR1A","AIIB/b3 integrin","RGCC"
"BMPR1A","PTPRA","RGCC"
"BMPR1A","GRM5","RGCC"
"BMPR1A","FERMT2","RGCC"
"BMPR1A","TRIO","RGCC"
"BMPR1A","FCRL3","RGCC"
"BMPR1A","SRC","SNCA"
"BMPR1A","GRK2","SNCA"
"BMPR1A","STK11","SNCA"
"BMPR1A","ACP1","SNCA"
"BMPR1A","PTPN6","SNCA"
"BMPR1A","KIT","SNCA"
"BMPR1A","PTPRJ","SNCA"
"BMPR1A","FYN","SNCA"
"BMPR1A","GSK3B","SNCA"
"BMPR1A","CDK5","SNCA"
"BMPR1A","RET","SNCA"
"BMPR1A","BDKRB2","SNCA"
"BMPR1A","AIIB/b3 integrin","SNCA"
"BMPR1A","S1PR1","SNCA"
"BMPR1A","PTPRA","SNCA"
"BMPR1A","GNAI1","SNCA"
"BMPR1A","GRM5","SNCA"
"BMPR1A","FERMT2","SNCA"
"BMPR1A","CLK2","SNCA"
"BMPR1A","DCC","SNCA"
"BMPR1A","TRIO","SNCA"
"BMPR1A","GRK2","DDR2"
"BMPR1A","STK11","DDR2"
"BMPR1A","SMO","DDR2"
"BMPR1A","ACP1","DDR2"
"BMPR1A","PTPN6","DDR2"
"BMPR1A","KIT","DDR2"
"BMPR1A","PTPRJ","DDR2"
"BMPR1A","FYN","DDR2"
"BMPR1A","PDPK1","DDR2"
"BMPR1A","GSK3B","DDR2"
"BMPR1A","CDK5","DDR2"
"BMPR1A","RET","DDR2"
"BMPR1A","BDKRB2","DDR2"
"BMPR1A","S1PR1","DDR2"
"BMPR1A","PTPRA","DDR2"
"BMPR1A","FERMT2","DDR2"
"BMPR1A","DCC","DDR2"
"BMPR1A","SRC","PITX1"
"BMPR1A","PTPN6","PITX1"
"BMPR1A","CDK5","PITX1"
"BMPR1A","AIIB/b3 integrin","PITX1"
"BMPR1A","PTPRA","PITX1"
"BMPR1A","GNAI1","PITX1"
"BMPR1A","GRM5","PITX1"
"BMPR1A","FERMT2","PITX1"
"BMPR1A","CLK2","PITX1"
"BMPR1A","TRIO","PITX1"
"BMPR1A","FCRL3","PITX1"
"BMPR1A","STK11","VTN"
"BMPR1A","PTPN6","VTN"
"BMPR1A","CDK5","VTN"
"BMPR1A","GRM5","VTN"
"BMPR1A","CLK2","VTN"
"BMPR1A","DCC","VTN"
"BMPR1A","ACP1","Tubulin"
"BMPR1A","GSK3B","Tubulin"
"BMPR1A","BDKRB2","Tubulin"
"BMPR1A","PTPRA","Tubulin"
"BMPR1A","FERMT2","Tubulin"
"BMPR1A","CLK2","Tubulin"
"BMPR1A","FCRL3","Tubulin"
"BMPR1A","SRC","EZR"
"BMPR1A","STK11","EZR"
"BMPR1A","BDKRB2","EZR"
"BMPR1A","AIIB/b3 integrin","EZR"
"BMPR1A","S1PR1","EZR"
"BMPR1A","GNAI1","EZR"
"BMPR1A","GRM5","EZR"
"BMPR1A","FERMT2","EZR"
"BMPR1A","CLK2","EZR"
"BMPR1A","DCC","EZR"
"BMPR1A","TRIO","EZR"
"BMPR1A","PTPN6","ANKRD2"
"BMPR1A","KIT","ANKRD2"
"BMPR1A","PTPRJ","ANKRD2"
"BMPR1A","FYN","ANKRD2"
"BMPR1A","PDPK1","ANKRD2"
"BMPR1A","GSK3B","ANKRD2"
"BMPR1A","CDK5","ANKRD2"
"BMPR1A","RET","ANKRD2"
"BMPR1A","BDKRB2","ANKRD2"
"BMPR1A","AIIB/b3 integrin","ANKRD2"
"BMPR1A","S1PR1","ANKRD2"
"BMPR1A","GNAI1","ANKRD2"
"BMPR1A","FERMT2","ANKRD2"
"BMPR1A","CLK2","ANKRD2"
"BMPR1A","FCRL3","ANKRD2"
"BMPR1A","GRK2","ATF2"
"BMPR1A","STK11","ATF2"
"BMPR1A","SMO","ATF2"
"BMPR1A","PTPN6","ATF2"
"BMPR1A","KIT","ATF2"
"BMPR1A","PTPRJ","ATF2"
"BMPR1A","FYN","ATF2"
"BMPR1A","PDPK1","ATF2"
"BMPR1A","CDK5","ATF2"
"BMPR1A","CSNK1A1","ATF2"
"BMPR1A","AIIB/b3 integrin","ATF2"
"BMPR1A","S1PR1","ATF2"
"BMPR1A","PTPRA","ATF2"
"BMPR1A","GNAI1","ATF2"
"BMPR1A","CLK2","ATF2"
"BMPR1A","TRIO","ATF2"
"BMPR1A","FCRL3","ATF2"
"BMPR1A","GSK3B","CHAT"
"BMPR1A","GRK2","PPARGC1A"
"BMPR1A","KIT","PPARGC1A"
"BMPR1A","CDK5","PPARGC1A"
"BMPR1A","BDKRB2","PPARGC1A"
"BMPR1A","AIIB/b3 integrin","PPARGC1A"
"BMPR1A","PTPRA","PPARGC1A"
"BMPR1A","DCC","PPARGC1A"
"BMPR1A","TRIO","PPARGC1A"
"BMPR1A","CSNK1A1","MXD1"
"BMPR1A","GRK2","GJA1"
"BMPR1A","SMO","GJA1"
"BMPR1A","PTPRJ","GJA1"
"BMPR1A","FYN","GJA1"
"BMPR1A","PDPK1","GJA1"
"BMPR1A","BDKRB2","GJA1"
"BMPR1A","S1PR1","GJA1"
"BMPR1A","GRM5","GJA1"
"BMPR1A","CLK2","GJA1"
"BMPR1A","DCC","GJA1"
"BMPR1A","FCRL3","GJA1"
"BMPR1A","GRK2","STAT3"
"BMPR1A","SMO","STAT3"
"BMPR1A","FYN","STAT3"
"BMPR1A","CDK5","STAT3"
"BMPR1A","RET","STAT3"
"BMPR1A","BDKRB2","STAT3"
"BMPR1A","PTPRA","STAT3"
"BMPR1A","GNAI1","STAT3"
"BMPR1A","GRM5","STAT3"
"BMPR1A","FERMT2","STAT3"
"BMPR1A","CLK2","STAT3"
"BMPR1A","TRIO","STAT3"
"BMPR1A","FCRL3","STAT3"
"BMPR1A","SRC","CFTR"
"BMPR1A","GRK2","CFTR"
"BMPR1A","STK11","CFTR"
"BMPR1A","ACP1","CFTR"
"BMPR1A","PTPN6","CFTR"
"BMPR1A","KIT","CFTR"
"BMPR1A","FYN","CFTR"
"BMPR1A","PDPK1","CFTR"
"BMPR1A","CDK5","CFTR"
"BMPR1A","RET","CFTR"
"BMPR1A","AIIB/b3 integrin","CFTR"
"BMPR1A","S1PR1","CFTR"
"BMPR1A","GRM5","CFTR"
"BMPR1A","FERMT2","CFTR"
"BMPR1A","TRIO","CFTR"
"BMPR1A","ACP1","KIRREL1"
"BMPR1A","PTPN6","KIRREL1"
"BMPR1A","KIT","KIRREL1"
"BMPR1A","GSK3B","KIRREL1"
"BMPR1A","CDK5","KIRREL1"
"BMPR1A","BDKRB2","KIRREL1"
"BMPR1A","AIIB/b3 integrin","KIRREL1"
"BMPR1A","PTPRA","KIRREL1"
"BMPR1A","DCC","KIRREL1"
"BMPR1A","TRIO","KIRREL1"
"BMPR1A","FCRL3","KIRREL1"
"BMPR1A","SRC","TCF7L2"
"BMPR1A","GRK2","TCF7L2"
"BMPR1A","STK11","TCF7L2"
"BMPR1A","SMO","TCF7L2"
"BMPR1A","FYN","TCF7L2"
"BMPR1A","PTPRA","TCF7L2"
"BMPR1A","FERMT2","TCF7L2"
"BMPR1A","FYN","CRX"
"BMPR1A","PDPK1","CRX"
"BMPR1A","GSK3B","CRX"
"BMPR1A","CDK5","CRX"
"BMPR1A","RET","CRX"
"BMPR1A","S1PR1","CRX"
"BMPR1A","GNAI1","CRX"
"BMPR1A","GRM5","CRX"
"BMPR1A","FERMT2","CRX"
"BMPR1A","CLK2","CRX"
"BMPR1A","TRIO","CRX"
"BMPR1A","STK11","TK1"
"BMPR1A","ACP1","TK1"
"BMPR1A","PTPRJ","TK1"
"BMPR1A","PDPK1","TK1"
"BMPR1A","GSK3B","TK1"
"BMPR1A","BDKRB2","TK1"
"BMPR1A","AIIB/b3 integrin","TK1"
"BMPR1A","S1PR1","TK1"
"BMPR1A","PTPRA","TK1"
"BMPR1A","TRIO","TK1"
"BMPR1A","ACP1","MAP2"
"BMPR1A","PDPK1","MAP2"
"BMPR1A","CSNK1A1","MAP2"
"BMPR1A","RET","MAP2"
"BMPR1A","AIIB/b3 integrin","MAP2"
"BMPR1A","FERMT2","MAP2"
"BMPR1A","KIT","A6/b1 integrin"
"BMPR1A","PDPK1","A6/b1 integrin"
"BMPR1A","GSK3B","A6/b1 integrin"
"BMPR1A","RET","A6/b1 integrin"
"BMPR1A","STK11","TSC"
"BMPR1A","SMO","TSC"
"BMPR1A","KIT","TSC"
"BMPR1A","PTPRJ","TSC"
"BMPR1A","FYN","TSC"
"BMPR1A","CDK5","TSC"
"BMPR1A","CSNK1A1","TSC"
"BMPR1A","RET","TSC"
"BMPR1A","PTPRA","TSC"
"BMPR1A","GNAI1","TSC"
"BMPR1A","DCC","TSC"
"BMPR1A","TRIO","TSC"
"BMPR1A","FCRL3","TSC"
"BMPR1A","STK11","GNAZ"
"BMPR1A","SMO","GNAZ"
"BMPR1A","ACP1","GNAZ"
"BMPR1A","PTPN6","GNAZ"
"BMPR1A","KIT","GNAZ"
"BMPR1A","PTPRJ","GNAZ"
"BMPR1A","RET","GNAZ"
"BMPR1A","AIIB/b3 integrin","GNAZ"
"BMPR1A","S1PR1","GNAZ"
"BMPR1A","GNAI1","GNAZ"
"BMPR1A","FERMT2","GNAZ"
"BMPR1A","TRIO","GNAZ"
"BMPR1A","STK11","Av/b3 integrin"
"BMPR1A","ACP1","Av/b3 integrin"
"BMPR1A","PTPRJ","Av/b3 integrin"
"BMPR1A","FYN","Av/b3 integrin"
"BMPR1A","PDPK1","Av/b3 integrin"
"BMPR1A","RET","Av/b3 integrin"
"BMPR1A","S1PR1","Av/b3 integrin"
"BMPR1A","PTPRA","Av/b3 integrin"
"BMPR1A","GRM5","Av/b3 integrin"
"BMPR1A","STK11","RGS16"
"BMPR1A","FYN","RGS16"
"BMPR1A","AIIB/b3 integrin","RGS16"
"BMPR1A","GNAI1","RGS16"
"BMPR1A","GRM5","RGS16"
"BMPR1A","DCC","RGS16"
"BMPR1A","SRC","POU5F1"
"BMPR1A","GRK2","POU5F1"
"BMPR1A","SMO","POU5F1"
"BMPR1A","PTPN6","POU5F1"
"BMPR1A","PTPRJ","POU5F1"
"BMPR1A","GSK3B","POU5F1"
"BMPR1A","CDK5","POU5F1"
"BMPR1A","PTPRA","POU5F1"
"BMPR1A","GNAI1","POU5F1"
"BMPR1A","GRM5","POU5F1"
"BMPR1A","FERMT2","POU5F1"
"BMPR1A","GRK2","NRGN"
"BMPR1A","PTPRJ","NRGN"
"BMPR1A","RET","NRGN"
"BMPR1A","BDKRB2","NRGN"
"BMPR1A","AIIB/b3 integrin","NRGN"
"BMPR1A","S1PR1","NRGN"
"BMPR1A","PTPRA","NRGN"
"BMPR1A","FERMT2","NRGN"
"BMPR1A","DCC","NRGN"
"BMPR1A","TRIO","NRGN"
"BMPR1A","CSNK1A1","SCN3A"
"BMPR1A","BDKRB2","SCN3A"
"BMPR1A","PTPRA","SCN3A"
"BMPR1A","CLK2","SCN3A"
"BMPR1A","SMO","TNS3"
"BMPR1A","PDPK1","TNS3"
"BMPR1A","BDKRB2","TNS3"
"BMPR1A","S1PR1","TNS3"
"BMPR1A","GNAI1","TNS3"
"BMPR1A","FERMT2","TNS3"
"BMPR1A","FCRL3","TNS3"
"BMPR1A","SRC","ADD1"
"BMPR1A","GRK2","ADD1"
"BMPR1A","STK11","ADD1"
"BMPR1A","ACP1","ADD1"
"BMPR1A","PTPRJ","ADD1"
"BMPR1A","RET","ADD1"
"BMPR1A","AIIB/b3 integrin","ADD1"
"BMPR1A","S1PR1","ADD1"
"BMPR1A","PTPRA","ADD1"
"BMPR1A","GRM5","ADD1"
"BMPR1A","FERMT2","ADD1"
"BMPR1A","PTPN6","VIM"
"BMPR1A","FYN","VIM"
"BMPR1A","PDPK1","VIM"
"BMPR1A","GSK3B","VIM"
"BMPR1A","CDK5","VIM"
"BMPR1A","RET","VIM"
"BMPR1A","BDKRB2","VIM"
"BMPR1A","GRM5","VIM"
"BMPR1A","SRC","EIF4ENIF1"
"BMPR1A","SMO","EIF4ENIF1"
"BMPR1A","KIT","EIF4ENIF1"
"BMPR1A","PTPRJ","EIF4ENIF1"
"BMPR1A","PDPK1","EIF4ENIF1"
"BMPR1A","CSNK1A1","EIF4ENIF1"
"BMPR1A","BDKRB2","EIF4ENIF1"
"BMPR1A","AIIB/b3 integrin","EIF4ENIF1"
"BMPR1A","PTPRA","EIF4ENIF1"
"BMPR1A","GNAI1","EIF4ENIF1"
"BMPR1A","FCRL3","EIF4ENIF1"
"BMPR1A","SMO","PFKFB2"
"BMPR1A","FYN","PFKFB2"
"BMPR1A","PDPK1","PFKFB2"
"BMPR1A","CDK5","PFKFB2"
"BMPR1A","RET","PFKFB2"
"BMPR1A","AIIB/b3 integrin","PFKFB2"
"BMPR1A","GNAI1","PFKFB2"
"BMPR1A","FERMT2","PFKFB2"
"BMPR1A","TRIO","PFKFB2"
"BMPR1A","SRC","CRMP1"
"BMPR1A","ACP1","CRMP1"
"BMPR1A","FYN","CRMP1"
"BMPR1A","CDK5","CRMP1"
"BMPR1A","RET","CRMP1"
"BMPR1A","AIIB/b3 integrin","CRMP1"
"BMPR1A","S1PR1","CRMP1"
"BMPR1A","GNAI1","CRMP1"
"BMPR1A","GRM5","CRMP1"
"BMPR1A","SRC","HSPB8"
"BMPR1A","KIT","HSPB8"
"BMPR1A","PDPK1","HSPB8"
"BMPR1A","GSK3B","HSPB8"
"BMPR1A","CDK5","HSPB8"
"BMPR1A","RET","HSPB8"
"BMPR1A","BDKRB2","HSPB8"
"BMPR1A","AIIB/b3 integrin","HSPB8"
"BMPR1A","PTPRA","HSPB8"
"BMPR1A","GNAI1","HSPB8"
"BMPR1A","GRM5","HSPB8"
"BMPR1A","FERMT2","HSPB8"
"BMPR1A","CLK2","HSPB8"
"BMPR1A","TRIO","HSPB8"
"BMPR1A","SRC","TCF4"
"BMPR1A","GRK2","TCF4"
"BMPR1A","STK11","TCF4"
"BMPR1A","SMO","TCF4"
"BMPR1A","ACP1","TCF4"
"BMPR1A","PTPN6","TCF4"
"BMPR1A","KIT","TCF4"
"BMPR1A","PTPRJ","TCF4"
"BMPR1A","GSK3B","TCF4"
"BMPR1A","BDKRB2","TCF4"
"BMPR1A","AIIB/b3 integrin","TCF4"
"BMPR1A","S1PR1","TCF4"
"BMPR1A","FERMT2","TCF4"
"BMPR1A","SRC","COPS6"
"BMPR1A","PTPRJ","COPS6"
"BMPR1A","PDPK1","COPS6"
"BMPR1A","GSK3B","COPS6"
"BMPR1A","BDKRB2","COPS6"
"BMPR1A","AIIB/b3 integrin","COPS6"
"BMPR1A","S1PR1","COPS6"
"BMPR1A","PTPRA","COPS6"
"BMPR1A","TRIO","COPS6"
"BMPR1A","FYN","ITGB7"
"BMPR1A","BDKRB2","ITGB7"
"BMPR1A","AIIB/b3 integrin","ITGB7"
"BMPR1A","S1PR1","ITGB7"
"BMPR1A","PTPRA","ITGB7"
"BMPR1A","GNAI1","ITGB7"
"BMPR1A","PTPN6","PPARA"
"BMPR1A","FYN","PPARA"
"BMPR1A","CDK5","PPARA"
"BMPR1A","AIIB/b3 integrin","PPARA"
"BMPR1A","S1PR1","PPARA"
"BMPR1A","DCC","PPARA"
"BMPR1A","FCRL3","PPARA"
"BMPR1A","PTPN6","MYL12A"
"BMPR1A","FYN","MYL12A"
"BMPR1A","PDPK1","MYL12A"
"BMPR1A","GSK3B","MYL12A"
"BMPR1A","CSNK1A1","MYL12A"
"BMPR1A","GNAI1","MYL12A"
"BMPR1A","GRM5","MYL12A"
"BMPR1A","FERMT2","MYL12A"
"BMPR1A","DCC","MYL12A"
"BMPR1A","TRIO","MYL12A"
"BMPR1A","FCRL3","MYL12A"
"BMPR1A","SRC","FLNC"
"BMPR1A","GRK2","FLNC"
"BMPR1A","STK11","FLNC"
"BMPR1A","SMO","FLNC"
"BMPR1A","ACP1","FLNC"
"BMPR1A","PTPN6","FLNC"
"BMPR1A","KIT","FLNC"
"BMPR1A","PTPRJ","FLNC"
"BMPR1A","GSK3B","FLNC"
"BMPR1A","RET","FLNC"
"BMPR1A","BDKRB2","FLNC"
"BMPR1A","S1PR1","FLNC"
"BMPR1A","GRM5","FLNC"
"BMPR1A","FERMT2","FLNC"
"BMPR1A","DCC","FLNC"
"BMPR1A","GRK2","SREBF1"
"BMPR1A","KIT","SREBF1"
"BMPR1A","FYN","SREBF1"
"BMPR1A","PDPK1","SREBF1"
"BMPR1A","CDK5","SREBF1"
"BMPR1A","CSNK1A1","SREBF1"
"BMPR1A","PTPRA","SREBF1"
"BMPR1A","GNAI1","SREBF1"
"BMPR1A","GRM5","SREBF1"
"BMPR1A","FCRL3","SREBF1"
"BMPR1A","GRK2",""
"BMPR1A","ACP1",""
"BMPR1A","PTPN6",""
"BMPR1A","PTPRJ",""
"BMPR1A","FYN",""
"BMPR1A","PDPK1",""
"BMPR1A","GSK3B",""
"BMPR1A","AIIB/b3 integrin",""
"BMPR1A","GNAI1",""
"BMPR1A","FCRL3",""
"BMPR1A","STK11","HDAC7"
"BMPR1A","PTPN6","HDAC7"
"BMPR1A","PTPRJ","HDAC7"
"BMPR1A","CDK5","HDAC7"
"BMPR1A","GNAI1","HDAC7"
"BMPR1A","FCRL3","HDAC7"
"BMPR1A","PTPRJ","MAFA"
"BMPR1A","CDK5","MAFA"
"BMPR1A","GNAI1","MAFA"
"BMPR1A","FCRL3","MAFA"
"BMPR1A","SMO","THOC5"
"BMPR1A","PTPRA","CCDC6"
"BMPR1A","TRIO","CCDC6"
"BMPR1A","KIT","GSTP1"
"BMPR1A","S1PR1","GSTP1"
"BMPR1A","SRC","IREB2"
"BMPR1A","GRK2","IREB2"
"BMPR1A","STK11","IREB2"
"BMPR1A","ACP1","IREB2"
"BMPR1A","KIT","IREB2"
"BMPR1A","GSK3B","IREB2"
"BMPR1A","CDK5","IREB2"
"BMPR1A","RET","IREB2"
"BMPR1A","BDKRB2","IREB2"
"BMPR1A","AIIB/b3 integrin","IREB2"
"BMPR1A","S1PR1","IREB2"
"BMPR1A","PTPRA","IREB2"
"BMPR1A","GNAI1","IREB2"
"BMPR1A","GRM5","IREB2"
"BMPR1A","FERMT2","IREB2"
"BMPR1A","CLK2","IREB2"
"BMPR1A","FCRL3","IREB2"
"BMPR1A","GRK2","GATA4"
"BMPR1A","STK11","GATA4"
"BMPR1A","ACP1","GATA4"
"BMPR1A","PTPRJ","GATA4"
"BMPR1A","FYN","GATA4"
"BMPR1A","PDPK1","GATA4"
"BMPR1A","CDK5","GATA4"
"BMPR1A","RET","GATA4"
"BMPR1A","BDKRB2","GATA4"
"BMPR1A","AIIB/b3 integrin","GATA4"
"BMPR1A","PTPRA","GATA4"
"BMPR1A","GNAI1","GATA4"
"BMPR1A","GRM5","GATA4"
"BMPR1A","FERMT2","GATA4"
"BMPR1A","CLK2","GATA4"
"BMPR1A","TRIO","GATA4"
"BMPR1A","FCRL3","GATA4"
"BMPR1A","STK11","GLI1"
"BMPR1A","SMO","GLI1"
"BMPR1A","PTPN6","GLI1"
"BMPR1A","KIT","GLI1"
"BMPR1A","FYN","GLI1"
"BMPR1A","CDK5","GLI1"
"BMPR1A","RET","GLI1"
"BMPR1A","BDKRB2","GLI1"
"BMPR1A","PTPRA","GLI1"
"BMPR1A","TRIO","GLI1"
"BMPR1A","GRK2","UNG"
"BMPR1A","ACP1","UNG"
"BMPR1A","PTPN6","UNG"
"BMPR1A","PTPRJ","UNG"
"BMPR1A","CSNK1A1","UNG"
"BMPR1A","AIIB/b3 integrin","UNG"
"BMPR1A","CLK2","UNG"
"BMPR1A","SRC","DNMT1"
"BMPR1A","SMO","DNMT1"
"BMPR1A","PTPN6","DNMT1"
"BMPR1A","PTPRJ","DNMT1"
"BMPR1A","FYN","DNMT1"
"BMPR1A","S1PR1","DNMT1"
"BMPR1A","SRC","RANBP3"
"BMPR1A","GRK2","RANBP3"
"BMPR1A","STK11","RANBP3"
"BMPR1A","PTPN6","RANBP3"
"BMPR1A","KIT","RANBP3"
"BMPR1A","PTPRJ","RANBP3"
"BMPR1A","FYN","RANBP3"
"BMPR1A","RET","RANBP3"
"BMPR1A","S1PR1","RANBP3"
"BMPR1A","GRM5","RANBP3"
"BMPR1A","FERMT2","RANBP3"
"BMPR1A","CLK2","RANBP3"
"BMPR1A","DCC","RANBP3"
"BMPR1A","PTPN6","HCN4"
"BMPR1A","FYN","HCN4"
"BMPR1A","PDPK1","HCN4"
"BMPR1A","S1PR1","HCN4"
"BMPR1A","DCC","HCN4"
"BMPR1A","ACP1","ARHGAP5"
"BMPR1A","FYN","ARHGAP5"
"BMPR1A","CDK5","ARHGAP5"
"BMPR1A","AIIB/b3 integrin","ARHGAP5"
"BMPR1A","S1PR1","ARHGAP5"
"BMPR1A","GNAI1","ARHGAP5"
"BMPR1A","FERMT2","ARHGAP5"
"BMPR1A","DCC","ARHGAP5"
"BMPR1A","FCRL3","ARHGAP5"
"BMPR1A","GRK2","GLO1"
"BMPR1A","STK11","GLO1"
"BMPR1A","FYN","GLO1"
"BMPR1A","GRK2","MCM4"
"BMPR1A","SMO","MCM4"
"BMPR1A","ACP1","MCM4"
"BMPR1A","PTPRJ","MCM4"
"BMPR1A","FYN","MCM4"
"BMPR1A","PDPK1","MCM4"
"BMPR1A","GSK3B","MCM4"
"BMPR1A","PTPRA","MCM4"
"BMPR1A","TRIO","MCM4"
"BMPR1A","GSK3B","PRDX1"
"BMPR1A","CDK5","PRDX1"
"BMPR1A","BDKRB2","PRDX1"
"BMPR1A","SMO","TOP2A"
"BMPR1A","PTPN6","TOP2A"
"BMPR1A","FYN","TOP2A"
"BMPR1A","PDPK1","TOP2A"
"BMPR1A","AIIB/b3 integrin","TOP2A"
"BMPR1A","CLK2","TOP2A"
"BMPR1A","SRC","DEK"
"BMPR1A","ACP1","DEK"
"BMPR1A","PTPN6","DEK"
"BMPR1A","PTPRJ","DEK"
"BMPR1A","FYN","DEK"
"BMPR1A","GNAI1","DEK"
"BMPR1A","FCRL3","DEK"
"BMPR1A","SRC","IRX2"
"BMPR1A","GRK2","IRX2"
"BMPR1A","STK11","IRX2"
"BMPR1A","SMO","IRX2"
"BMPR1A","ACP1","IRX2"
"BMPR1A","KIT","IRX2"
"BMPR1A","CDK5","IRX2"
"BMPR1A","RET","IRX2"
"BMPR1A","BDKRB2","IRX2"
"BMPR1A","S1PR1","IRX2"
"BMPR1A","FERMT2","IRX2"
"BMPR1A","CLK2","IRX2"
"BMPR1A","TRIO","IRX2"
"BMPR1A","FCRL3","IRX2"
"BMPR1A","GRK2","EEA1"
"BMPR1A","STK11","EEA1"
"BMPR1A","PTPN6","EEA1"
"BMPR1A","PTPRJ","EEA1"
"BMPR1A","RET","EEA1"
"BMPR1A","BDKRB2","EEA1"
"BMPR1A","S1PR1","EEA1"
"BMPR1A","PTPRA","EEA1"
"BMPR1A","GNAI1","EEA1"
"BMPR1A","GRM5","EEA1"
"BMPR1A","FERMT2","EEA1"
"BMPR1A","CLK2","EEA1"
"BMPR1A","FCRL3","EEA1"
"BMPR1A","GRK2","ZRANB1"
"BMPR1A","STK11","ZRANB1"
"BMPR1A","ACP1","ZRANB1"
"BMPR1A","KIT","ZRANB1"
"BMPR1A","CDK5","ZRANB1"
"BMPR1A","RET","ZRANB1"
"BMPR1A","AIIB/b3 integrin","ZRANB1"
"BMPR1A","S1PR1","ZRANB1"
"BMPR1A","PTPRA","ZRANB1"
"BMPR1A","GNAI1","ZRANB1"
"BMPR1A","GRM5","ZRANB1"
"BMPR1A","FERMT2","ZRANB1"
"BMPR1A","TRIO","ZRANB1"
"BMPR1A","STK11","DPYSL3"
"BMPR1A","ACP1","DPYSL3"
"BMPR1A","PTPN6","DPYSL3"
"BMPR1A","KIT","DPYSL3"
"BMPR1A","CDK5","DPYSL3"
"BMPR1A","GNAI1","DPYSL3"
"BMPR1A","CLK2","DPYSL3"
"BMPR1A","TRIO","DPYSL3"
"BMPR1A","FCRL3","DPYSL3"
"BMPR1A","SMO","MPZL1"
"BMPR1A","FYN","MPZL1"
"BMPR1A","CDK5","MPZL1"
"BMPR1A","GNAI1","MPZL1"
"BMPR1A","FERMT2","MPZL1"
"BMPR1A","CLK2","MPZL1"
"BMPR1A","DCC","MPZL1"
"BMPR1A","TRIO","MPZL1"
"BMPR1A","FCRL3","MPZL1"
"BMPR1A","SRC","PLEK"
"BMPR1A","STK11","PLEK"
"BMPR1A","ACP1","PLEK"
"BMPR1A","KIT","PLEK"
"BMPR1A","PTPRJ","PLEK"
"BMPR1A","CDK5","PLEK"
"BMPR1A","RET","PLEK"
"BMPR1A","FERMT2","PLEK"
"BMPR1A","DCC","PLEK"
"BMPR1A","TRIO","PLEK"
"BMPR1A","FCRL3","PLEK"
"BMPR1A","STK11","ACOT4"
"BMPR1A","SMO","ACOT4"
"BMPR1A","PTPN6","ACOT4"
"BMPR1A","PTPRJ","ACOT4"
"BMPR1A","FYN","ACOT4"
"BMPR1A","CDK5","ACOT4"
"BMPR1A","BDKRB2","ACOT4"
"BMPR1A","FERMT2","ACOT4"
"BMPR1A","STK11","SREBF2"
"BMPR1A","SMO","SREBF2"
"BMPR1A","ACP1","SREBF2"
"BMPR1A","PTPN6","SREBF2"
"BMPR1A","CDK5","SREBF2"
"BMPR1A","GNAI1","SREBF2"
"BMPR1A","CLK2","SREBF2"
"BMPR1A","TRIO","SREBF2"
"BMPR1A","SRC","CDC6"
"BMPR1A","SMO","CDC6"
"BMPR1A","ACP1","CDC6"
"BMPR1A","GSK3B","CDC6"
"BMPR1A","PTPRA","CDC6"
"BMPR1A","CLK2","CDC6"
"BMPR1A","SRC","AX/b2 integrin"
"BMPR1A","STK11","AX/b2 integrin"
"BMPR1A","SMO","AX/b2 integrin"
"BMPR1A","PDPK1","AX/b2 integrin"
"BMPR1A","PTPRA","AX/b2 integrin"
"BMPR1A","FERMT2","AX/b2 integrin"
"BMPR1A","TRIO","AX/b2 integrin"
"BMPR1A","FCRL3","AX/b2 integrin"
"BMPR1A","SRC","A1/b1 integrin"
"BMPR1A","STK11","A1/b1 integrin"
"BMPR1A","PTPN6","A1/b1 integrin"
"BMPR1A","PTPRJ","A1/b1 integrin"
"BMPR1A","PDPK1","A1/b1 integrin"
"BMPR1A","RET","A1/b1 integrin"
"BMPR1A","BDKRB2","A1/b1 integrin"
"BMPR1A","AIIB/b3 integrin","A1/b1 integrin"
"BMPR1A","S1PR1","A1/b1 integrin"
"BMPR1A","DCC","A1/b1 integrin"
"BMPR1A","TRIO","A1/b1 integrin"
"BMPR1A","SRC","DLG2"
"BMPR1A","GRK2","DLG2"
"BMPR1A","PTPN6","DLG2"
"BMPR1A","RET","DLG2"
"BMPR1A","GRM5","DLG2"
"BMPR1A","SRC","AATF"
"BMPR1A","STK11","AATF"
"BMPR1A","PTPN6","AATF"
"BMPR1A","KIT","AATF"
"BMPR1A","BDKRB2","AATF"
"BMPR1A","FERMT2","AATF"
"BMPR1A","GRK2","FOSL1"
"BMPR1A","SMO","FOSL1"
"BMPR1A","CDK5","FOSL1"
"BMPR1A","PTPRA","FOSL1"
"BMPR1A","GRM5","FOSL1"
"BMPR1A","FERMT2","FOSL1"
"BMPR1A","DCC","FOSL1"
"BMPR1A","FCRL3","FOSL1"
"BMPR1A","GRK2","HCN2"
"BMPR1A","STK11","HCN2"
"BMPR1A","ACP1","HCN2"
"BMPR1A","KIT","HCN2"
"BMPR1A","PTPRJ","HCN2"
"BMPR1A","PDPK1","HCN2"
"BMPR1A","RET","HCN2"
"BMPR1A","GRM5","HCN2"
"BMPR1A","FCRL3","HCN2"
"BMPR1A","GRK2","ETV1"
"BMPR1A","ACP1","ETV1"
"BMPR1A","KIT","ETV1"
"BMPR1A","FYN","ETV1"
"BMPR1A","PDPK1","ETV1"
"BMPR1A","CDK5","ETV1"
"BMPR1A","RET","ETV1"
"BMPR1A","S1PR1","ETV1"
"BMPR1A","GRM5","ETV1"
"BMPR1A","SRC","TGFB1I1"
"BMPR1A","ACP1","TGFB1I1"
"BMPR1A","KIT","TGFB1I1"
"BMPR1A","RET","TGFB1I1"
"BMPR1A","SMO","PIKFYVE"
"BMPR1A","KIT","PIKFYVE"
"BMPR1A","PTPRJ","PIKFYVE"
"BMPR1A","GSK3B","PIKFYVE"
"BMPR1A","DCC","PIKFYVE"
"BMPR1A","AIIB/b3 integrin","CLIC5"
"BMPR1A","TRIO","CLIC5"
"BMPR1A","FCRL3","CLIC5"
"BMPR1A","GRK2","A5/b1 integrin"
"BMPR1A","STK11","A5/b1 integrin"
"BMPR1A","PTPN6","A5/b1 integrin"
"BMPR1A","PTPRJ","A5/b1 integrin"
"BMPR1A","FYN","A5/b1 integrin"
"BMPR1A","PDPK1","A5/b1 integrin"
"BMPR1A","GSK3B","A5/b1 integrin"
"BMPR1A","RET","A5/b1 integrin"
"BMPR1A","BDKRB2","A5/b1 integrin"
"BMPR1A","S1PR1","A5/b1 integrin"
"BMPR1A","PTPRA","A5/b1 integrin"
"BMPR1A","FERMT2","A5/b1 integrin"
"BMPR1A","DCC","A5/b1 integrin"
"BMPR1A","TRIO","A5/b1 integrin"
"BMPR1A","FCRL3","A5/b1 integrin"
"BMPR1A","SRC","PKP1"
"BMPR1A","GRK2","PKP1"
"BMPR1A","SMO","PKP1"
"BMPR1A","ACP1","PKP1"
"BMPR1A","PTPN6","PKP1"
"BMPR1A","GSK3B","PKP1"
"BMPR1A","CDK5","PKP1"
"BMPR1A","RET","PKP1"
"BMPR1A","BDKRB2","PKP1"
"BMPR1A","AIIB/b3 integrin","PKP1"
"BMPR1A","S1PR1","PKP1"
"BMPR1A","GNAI1","PKP1"
"BMPR1A","GRM5","PKP1"
"BMPR1A","FERMT2","PKP1"
"BMPR1A","CLK2","PKP1"
"BMPR1A","DCC","PKP1"
"BMPR1A","TRIO","PKP1"
"BMPR1A","PTPRJ","PDE3B"
"BMPR1A","FYN","PDE3B"
"BMPR1A","FCRL3","PDE3B"
"BMPR1A","GRK2","METTL3"
"BMPR1A","ACP1","METTL3"
"BMPR1A","PTPN6","METTL3"
"BMPR1A","PTPRJ","METTL3"
"BMPR1A","CDK5","METTL3"
"BMPR1A","AIIB/b3 integrin","METTL3"
"BMPR1A","CLK2","METTL3"
"BMPR1A","SRC","GLI2"
"BMPR1A","GRK2","GLI2"
"BMPR1A","SMO","GLI2"
"BMPR1A","ACP1","GLI2"
"BMPR1A","PTPN6","GLI2"
"BMPR1A","KIT","GLI2"
"BMPR1A","FYN","GLI2"
"BMPR1A","PDPK1","GLI2"
"BMPR1A","GSK3B","GLI2"
"BMPR1A","CSNK1A1","GLI2"
"BMPR1A","RET","GLI2"
"BMPR1A","AIIB/b3 integrin","GLI2"
"BMPR1A","PTPRA","GLI2"
"BMPR1A","GNAI1","GLI2"
"BMPR1A","GRM5","GLI2"
"BMPR1A","CLK2","GLI2"
"BMPR1A","DCC","GLI2"
"BMPR1A","FCRL3","GLI2"
"BMPR1A","SRC","SCN5A"
"BMPR1A","STK11","SCN5A"
"BMPR1A","SMO","SCN5A"
"BMPR1A","ACP1","SCN5A"
"BMPR1A","PTPN6","SCN5A"
"BMPR1A","KIT","SCN5A"
"BMPR1A","PDPK1","SCN5A"
"BMPR1A","CSNK1A1","SCN5A"
"BMPR1A","AIIB/b3 integrin","SCN5A"
"BMPR1A","PTPRA","SCN5A"
"BMPR1A","CLK2","SCN5A"
"BMPR1A","PTPN6","SCN11A"
"BMPR1A","PDPK1","SCN11A"
"BMPR1A","CSNK1A1","SCN11A"
"BMPR1A","BDKRB2","SCN11A"
"BMPR1A","FERMT2","SCN11A"
"BMPR1A","TRIO","SCN11A"
"BMPR1A","FCRL3","SCN11A"
"BMPR1A","STK11","SHC3"
"BMPR1A","SMO","SHC3"
"BMPR1A","KIT","SHC3"
"BMPR1A","FYN","SHC3"
"BMPR1A","PDPK1","SHC3"
"BMPR1A","GSK3B","SHC3"
"BMPR1A","CDK5","SHC3"
"BMPR1A","RET","SHC3"
"BMPR1A","AIIB/b3 integrin","SHC3"
"BMPR1A","S1PR1","SHC3"
"BMPR1A","PTPRA","SHC3"
"BMPR1A","GNAI1","SHC3"
"BMPR1A","GRM5","SHC3"
"BMPR1A","CLK2","SHC3"
"BMPR1A","DCC","SHC3"
"BMPR1A","TRIO","SHC3"
"BMPR1A","FCRL3","SHC3"
"BMPR1A","GRK2","KCNB1"
"BMPR1A","STK11","KCNB1"
"BMPR1A","SMO","KCNB1"
"BMPR1A","KIT","KCNB1"
"BMPR1A","PTPRJ","KCNB1"
"BMPR1A","FYN","KCNB1"
"BMPR1A","PDPK1","KCNB1"
"BMPR1A","RET","KCNB1"
"BMPR1A","BDKRB2","KCNB1"
"BMPR1A","PTPRA","KCNB1"
"BMPR1A","FERMT2","KCNB1"
"BMPR1A","CLK2","KCNB1"
"BMPR1A","DCC","KCNB1"
"BMPR1A","TRIO","KCNB1"
"BMPR1A","FCRL3","KCNB1"
"BMPR1A","SRC","KIR3DL1"
"BMPR1A","ACP1","SLBP"
"BMPR1A","PTPRJ","SLBP"
"BMPR1A","PDPK1","SLBP"
"BMPR1A","GSK3B","SLBP"
"BMPR1A","S1PR1","SLBP"
"BMPR1A","GRM5","SLBP"
"BMPR1A","CLK2","SLBP"
"BMPR1A","GRK2","NFATC4"
"BMPR1A","SMO","NFATC4"
"BMPR1A","ACP1","NFATC4"
"BMPR1A","PTPN6","NFATC4"
"BMPR1A","KIT","NFATC4"
"BMPR1A","PTPRJ","NFATC4"
"BMPR1A","PDPK1","NFATC4"
"BMPR1A","BDKRB2","NFATC4"
"BMPR1A","PTPRA","NFATC4"
"BMPR1A","TRIO","NFATC4"
"BMPR1A","SMO","MACF1"
"BMPR1A","ACP1","MACF1"
"BMPR1A","KIT","MACF1"
"BMPR1A","CDK5","MACF1"
"BMPR1A","PTPRA","MACF1"
"BMPR1A","TRIO","MACF1"
"BMPR1A","STK11","TEX14"
"BMPR1A","PTPN6","TEX14"
"BMPR1A","PTPRJ","TEX14"
"BMPR1A","PDPK1","TEX14"
"BMPR1A","GSK3B","TEX14"
"BMPR1A","S1PR1","TEX14"
"BMPR1A","GNAI1","TEX14"
"BMPR1A","FERMT2","TEX14"
"BMPR1A","CLK2","TEX14"
"BMPR1A","TRIO","TEX14"
"BMPR1A","FCRL3","TEX14"
"BMPR1A","SRC","SMAD4"
"BMPR1A","GRK2","SMAD4"
"BMPR1A","PTPRJ","SMAD4"
"BMPR1A","CDK5","SMAD4"
"BMPR1A","RET","SMAD4"
"BMPR1A","AIIB/b3 integrin","SMAD4"
"BMPR1A","CLK2","SMAD4"
"BMPR1A","FCRL3","SMAD4"
"BMPR1A","SMO","DCLRE1C"
"BMPR1A","PTPN6","DCLRE1C"
"BMPR1A","KIT","DCLRE1C"
"BMPR1A","BDKRB2","DCLRE1C"
"BMPR1A","FERMT2","DCLRE1C"
"BMPR1A","TRIO","DCLRE1C"
"BMPR1A","SRC","ITGB2"
"BMPR1A","SMO","ITGB2"
"BMPR1A","STK11","PIAS2"
"BMPR1A","SMO","PIAS2"
"BMPR1A","ACP1","PIAS2"
"BMPR1A","PTPN6","PIAS2"
"BMPR1A","CSNK1A1","PIAS2"
"BMPR1A","TRIO","PIAS2"
"BMPR1A","FCRL3","PIAS2"
"BMPR1A","SRC","LRP1"
"BMPR1A","GRK2","LRP1"
"BMPR1A","SMO","LRP1"
"BMPR1A","ACP1","LRP1"
"BMPR1A","KIT","LRP1"
"BMPR1A","PTPRJ","LRP1"
"BMPR1A","FYN","LRP1"
"BMPR1A","PDPK1","LRP1"
"BMPR1A","GSK3B","LRP1"
"BMPR1A","CDK5","LRP1"
"BMPR1A","BDKRB2","LRP1"
"BMPR1A","AIIB/b3 integrin","LRP1"
"BMPR1A","S1PR1","LRP1"
"BMPR1A","PTPRA","LRP1"
"BMPR1A","GNAI1","LRP1"
"BMPR1A","FERMT2","LRP1"
"BMPR1A","CLK2","LRP1"
"BMPR1A","FCRL3","LRP1"
"BMPR1A","GRK2","MAZ"
"BMPR1A","STK11","MAZ"
"BMPR1A","ACP1","MAZ"
"BMPR1A","PTPN6","MAZ"
"BMPR1A","PTPRJ","MAZ"
"BMPR1A","FYN","MAZ"
"BMPR1A","CDK5","MAZ"
"BMPR1A","S1PR1","MAZ"
"BMPR1A","GNAI1","MAZ"
"BMPR1A","TRIO","MAZ"
"BMPR1A","GRK2","NACA"
"BMPR1A","PTPN6","NACA"
"BMPR1A","CSNK1A1","NACA"
"BMPR1A","GNAI1","NACA"
"BMPR1A","FCRL3","NACA"
"BMPR1A","PTPRJ","MVD"
"BMPR1A","PDPK1","MVD"
"BMPR1A","RET","MVD"
"BMPR1A","GRM5","MVD"
"BMPR1A","DCC","MVD"
"BMPR1A","TRIO","MVD"
"BMPR1A","STK11","RPS6"
"BMPR1A","SMO","RPS6"
"BMPR1A","PTPN6","RPS6"
"BMPR1A","KIT","RPS6"
"BMPR1A","RET","RPS6"
"BMPR1A","PTPRA","RPS6"
"BMPR1A","DCC","RPS6"
"BMPR1A","TRIO","RPS6"
"BMPR1A","GRK2","PNKP"
"BMPR1A","SMO","PNKP"
"BMPR1A","ACP1","PNKP"
"BMPR1A","PTPN6","PNKP"
"BMPR1A","KIT","PNKP"
"BMPR1A","PTPRJ","PNKP"
"BMPR1A","AIIB/b3 integrin","PNKP"
"BMPR1A","S1PR1","PNKP"
"BMPR1A","CLK2","PNKP"
"BMPR1A","GRK2","SLAMF1"
"BMPR1A","STK11","SLAMF1"
"BMPR1A","KIT","SLAMF1"
"BMPR1A","PTPRJ","SLAMF1"
"BMPR1A","PDPK1","SLAMF1"
"BMPR1A","PTPRA","SLAMF1"
"BMPR1A","PTPN6","CBLC"
"BMPR1A","FYN","CBLC"
"BMPR1A","CDK5","CBLC"
"BMPR1A","BDKRB2","CBLC"
"BMPR1A","S1PR1","CBLC"
"BMPR1A","GRM5","CBLC"
"BMPR1A","SMO","CSPG4"
"BMPR1A","ACP1","CSPG4"
"BMPR1A","PTPN6","CSPG4"
"BMPR1A","KIT","CSPG4"
"BMPR1A","PTPRJ","CSPG4"
"BMPR1A","FYN","CSPG4"
"BMPR1A","PDPK1","CSPG4"
"BMPR1A","GSK3B","CSPG4"
"BMPR1A","CDK5","CSPG4"
"BMPR1A","RET","CSPG4"
"BMPR1A","AIIB/b3 integrin","CSPG4"
"BMPR1A","S1PR1","CSPG4"
"BMPR1A","GNAI1","CSPG4"
"BMPR1A","GRM5","CSPG4"
"BMPR1A","FERMT2","CSPG4"
"BMPR1A","CLK2","CSPG4"
"BMPR1A","DCC","CSPG4"
"BMPR1A","STK11","H3-3A"
"BMPR1A","FYN","H3-3A"
"BMPR1A","BDKRB2","H3-3A"
"BMPR1A","AIIB/b3 integrin","H3-3A"
"BMPR1A","FERMT2","H3-3A"
"BMPR1A","FCRL3","H3-3A"
"BMPR1A","GRK2","CCND3"
"BMPR1A","PTPRJ","CCND3"
"BMPR1A","RET","CCND3"
"BMPR1A","AIIB/b3 integrin","CCND3"
"BMPR1A","S1PR1","CCND3"
"BMPR1A","GNAI1","CCND3"
"BMPR1A","DCC","CCND3"
"BMPR1A","TRIO","CCND3"
"BMPR1A","PTPRJ","ATG4B"
"BMPR1A","GSK3B","ATG4B"
"BMPR1A","S1PR1","ATG4B"
"BMPR1A","PTPRA","ATG4B"
"BMPR1A","GRM5","ATG4B"
"BMPR1A","FERMT2","ATG4B"
"BMPR1A","GRK2","IRF3"
"BMPR1A","PTPRJ","IRF3"
"BMPR1A","GSK3B","IRF3"
"BMPR1A","BDKRB2","SPHK2"
"BMPR1A","GNAI1","SPHK2"
"BMPR1A","FCRL3","SPHK2"
"BMPR1A","ACP1","NOX5"
"BMPR1A","PDPK1","NOX5"
"BMPR1A","RET","NOX5"
"BMPR1A","AIIB/b3 integrin","NOX5"
"BMPR1A","FERMT2","NOX5"
"BMPR1A","CLK2","NOX5"
"BMPR1A","TRIO","NOX5"
"BMPR1A","SRC","NOXO1"
"BMPR1A","GRK2","NOXO1"
"BMPR1A","FYN","NOXO1"
"BMPR1A","GSK3B","NOXO1"
"BMPR1A","CDK5","NOXO1"
"BMPR1A","RET","NOXO1"
"BMPR1A","BDKRB2","NOXO1"
"BMPR1A","AIIB/b3 integrin","NOXO1"
"BMPR1A","S1PR1","NOXO1"
"BMPR1A","GNAI1","NOXO1"
"BMPR1A","GRM5","NOXO1"
"BMPR1A","DCC","NOXO1"
"BMPR1A","FCRL3","NOXO1"
"BMPR1A","STK11","PANX2"
"BMPR1A","KIT","SMAD8/SMAD4"
"BMPR1A","FYN","SMAD8/SMAD4"
"BMPR1A","CSNK1A1","SMAD8/SMAD4"
"BMPR1A","AIIB/b3 integrin","SMAD8/SMAD4"
"BMPR1A","FCRL3","SMAD8/SMAD4"
"BMPR1A","STK11","AQP1"
"BMPR1A","ACP1","AQP1"
"BMPR1A","PTPRJ","AQP1"
"BMPR1A","GSK3B","AQP1"
"BMPR1A","CDK5","AQP1"
"BMPR1A","GNAI1","AQP1"
"BMPR1A","FCRL3","AQP1"
"BMPR1A","SMO","PARD3"
"BMPR1A","ACP1","PARD3"
"BMPR1A","KIT","PARD3"
"BMPR1A","PTPRJ","PARD3"
"BMPR1A","FYN","PARD3"
"BMPR1A","CDK5","PARD3"
"BMPR1A","BDKRB2","PARD3"
"BMPR1A","S1PR1","PARD3"
"BMPR1A","PTPRA","PARD3"
"BMPR1A","GNAI1","PARD3"
"BMPR1A","GRM5","PARD3"
"BMPR1A","FERMT2","PARD3"
"BMPR1A","CLK2","PARD3"
"BMPR1A","DCC","PARD3"
"BMPR1A","TRIO","PARD3"
"BMPR1A","FCRL3","PARD3"
"BMPR1A","PTPN6","RPS3"
"BMPR1A","RET","RPS3"
"BMPR1A","BDKRB2","RPS3"
"BMPR1A","AIIB/b3 integrin","RPS3"
"BMPR1A","S1PR1","RPS3"
"BMPR1A","PTPRA","RPS3"
"BMPR1A","KIT","CLTC"
"BMPR1A","PTPRJ","CLTC"
"BMPR1A","FYN","CLTC"
"BMPR1A","PDPK1","CLTC"
"BMPR1A","S1PR1","CLTC"
"BMPR1A","PTPRA","CLTC"
"BMPR1A","GNAI1","CLTC"
"BMPR1A","GRM5","CLTC"
"BMPR1A","FERMT2","CLTC"
"BMPR1A","DCC","CLTC"
"BMPR1A","TRIO","CLTC"
"BMPR1A","FCRL3","CLTC"
"BMPR1A","SRC","TTC3"
"BMPR1A","GRK2","TTC3"
"BMPR1A","SMO","TTC3"
"BMPR1A","ACP1","TTC3"
"BMPR1A","PTPRJ","TTC3"
"BMPR1A","PDPK1","TTC3"
"BMPR1A","CDK5","TTC3"
"BMPR1A","RET","TTC3"
"BMPR1A","AIIB/b3 integrin","TTC3"
"BMPR1A","PTPRA","TTC3"
"BMPR1A","GNAI1","TTC3"
"BMPR1A","GRM5","TTC3"
"BMPR1A","FERMT2","TTC3"
"BMPR1A","CLK2","TTC3"
"BMPR1A","FCRL3","TTC3"
"BMPR1A","GRK2","ITGB1"
"BMPR1A","PTPRJ","ITGB1"
"BMPR1A","RET","ITGB1"
"BMPR1A","AIIB/b3 integrin","ITGB1"
"BMPR1A","PTPRA","ITGB1"
"BMPR1A","TRIO","ITGB1"
"BMPR1A","GRK2","DPYSL2"
"BMPR1A","STK11","DPYSL2"
"BMPR1A","SMO","DPYSL2"
"BMPR1A","PTPN6","DPYSL2"
"BMPR1A","KIT","DPYSL2"
"BMPR1A","RET","DPYSL2"
"BMPR1A","S1PR1","DPYSL2"
"BMPR1A","PTPRA","DPYSL2"
"BMPR1A","GNAI1","DPYSL2"
"BMPR1A","PDPK1","DGKA"
"BMPR1A","BDKRB2","DGKA"
"BMPR1A","AIIB/b3 integrin","DGKA"
"BMPR1A","PTPRA","DGKA"
"BMPR1A","FERMT2","DGKA"
"BMPR1A","CLK2","DGKA"
"BMPR1A","DCC","DGKA"
"BMPR1A","TRIO","DGKA"
"BMPR1A","FCRL3","DGKA"
"BMPR1A","SRC","PEA15"
"BMPR1A","GRK2","PEA15"
"BMPR1A","PTPN6","PEA15"
"BMPR1A","PDPK1","PEA15"
"BMPR1A","CDK5","PEA15"
"BMPR1A","RET","PEA15"
"BMPR1A","GRM5","PEA15"
"BMPR1A","SRC","Hexokinase"
"BMPR1A","SMO","Hexokinase"
"BMPR1A","KIT","Hexokinase"
"BMPR1A","RET","Hexokinase"
"BMPR1A","AIIB/b3 integrin","Hexokinase"
"BMPR1A","S1PR1","Hexokinase"
"BMPR1A","PTPRA","Hexokinase"
"BMPR1A","GRM5","Hexokinase"
"BMPR1A","GRK2","GRIK2"
"BMPR1A","PTPN6","GRIK2"
"BMPR1A","KIT","GRIK2"
"BMPR1A","PTPRJ","GRIK2"
"BMPR1A","FYN","GRIK2"
"BMPR1A","PDPK1","GRIK2"
"BMPR1A","GSK3B","GRIK2"
"BMPR1A","CDK5","GRIK2"
"BMPR1A","BDKRB2","GRIK2"
"BMPR1A","AIIB/b3 integrin","GRIK2"
"BMPR1A","S1PR1","GRIK2"
"BMPR1A","PTPRA","GRIK2"
"BMPR1A","GNAI1","GRIK2"
"BMPR1A","GRM5","GRIK2"
"BMPR1A","FERMT2","GRIK2"
"BMPR1A","DCC","GRIK2"
"BMPR1A","TRIO","GRIK2"
"BMPR1A","FCRL3","GRIK2"
"BMPR1A","CSNK1A1","UTRN"
"BMPR1A","SRC","A11/b1 integrin"
"BMPR1A","GRK2","A11/b1 integrin"
"BMPR1A","STK11","A11/b1 integrin"
"BMPR1A","SMO","A11/b1 integrin"
"BMPR1A","ACP1","A11/b1 integrin"
"BMPR1A","PTPN6","A11/b1 integrin"
"BMPR1A","PTPRJ","A11/b1 integrin"
"BMPR1A","FYN","A11/b1 integrin"
"BMPR1A","PDPK1","A11/b1 integrin"
"BMPR1A","RET","A11/b1 integrin"
"BMPR1A","BDKRB2","A11/b1 integrin"
"BMPR1A","AIIB/b3 integrin","A11/b1 integrin"
"BMPR1A","PTPRJ","WASF2"
"BMPR1A","FYN","WASF2"
"BMPR1A","PDPK1","WASF2"
"BMPR1A","CDK5","WASF2"
"BMPR1A","RET","WASF2"
"BMPR1A","S1PR1","WASF2"
"BMPR1A","GNAI1","WASF2"
"BMPR1A","GRM5","WASF2"
"BMPR1A","FERMT2","WASF2"
"BMPR1A","CLK2","WASF2"
"BMPR1A","TRIO","WASF2"
"BMPR1A","FCRL3","WASF2"
"BMPR1A","GSK3B","CDX2"
"BMPR1A","SMO","ARID4A"
"BMPR1A","ACP1","ARID4A"
"BMPR1A","PTPN6","ARID4A"
"BMPR1A","KIT","ARID4A"
"BMPR1A","PTPRJ","ARID4A"
"BMPR1A","GSK3B","ARID4A"
"BMPR1A","PTPRA","ARID4A"
"BMPR1A","GNAI1","ARID4A"
"BMPR1A","FERMT2","ARID4A"
"BMPR1A","DCC","ARID4A"
"BMPR1A","FCRL3","ARID4A"
"BMPR1A","GRK2","CACNB2"
"BMPR1A","STK11","CACNB2"
"BMPR1A","SMO","CACNB2"
"BMPR1A","PTPN6","CACNB2"
"BMPR1A","PTPRJ","CACNB2"
"BMPR1A","FYN","CACNB2"
"BMPR1A","PDPK1","CACNB2"
"BMPR1A","CDK5","CACNB2"
"BMPR1A","AIIB/b3 integrin","CACNB2"
"BMPR1A","PTPRA","CACNB2"
"BMPR1A","GNAI1","CACNB2"
"BMPR1A","DCC","CACNB2"
"BMPR1A","FCRL3","CACNB2"
"BMPR1A","PTPN6","SMC1A"
"BMPR1A","FYN","SMC1A"
"BMPR1A","GSK3B","SMC1A"
"BMPR1A","RET","SMC1A"
"BMPR1A","AIIB/b3 integrin","SMC1A"
"BMPR1A","PTPRA","SMC1A"
"BMPR1A","FERMT2","SMC1A"
"BMPR1A","CSNK1A1","SCN10A"
"BMPR1A","SMO","ELF3"
"BMPR1A","KIT","ELF3"
"BMPR1A","PTPRJ","ELF3"
"BMPR1A","PDPK1","ELF3"
"BMPR1A","BDKRB2","ELF3"
"BMPR1A","AIIB/b3 integrin","ELF3"
"BMPR1A","GNAI1","ELF3"
"BMPR1A","GRM5","ELF3"
"BMPR1A","FERMT2","ELF3"
"BMPR1A","CLK2","ELF3"
"BMPR1A","PTPN6","TOM1L1"
"BMPR1A","GSK3B","TOM1L1"
"BMPR1A","PTPRA","TOM1L1"
"BMPR1A","TRIO","TOM1L1"
"BMPR1A","STK11","G6PD"
"BMPR1A","ACP1","G6PD"
"BMPR1A","PTPN6","G6PD"
"BMPR1A","KIT","G6PD"
"BMPR1A","PTPRJ","G6PD"
"BMPR1A","FYN","G6PD"
"BMPR1A","PDPK1","G6PD"
"BMPR1A","CSNK1A1","G6PD"
"BMPR1A","BDKRB2","G6PD"
"BMPR1A","AIIB/b3 integrin","G6PD"
"BMPR1A","S1PR1","G6PD"
"BMPR1A","GNAI1","G6PD"
"BMPR1A","GRM5","G6PD"
"BMPR1A","CLK2","G6PD"
"BMPR1A","TRIO","G6PD"
"BMPR1A","SRC","HNRNPK"
"BMPR1A","SRC","SNAP25"
"BMPR1A","ACP1","SNAP25"
"BMPR1A","PTPN6","SNAP25"
"BMPR1A","KIT","SNAP25"
"BMPR1A","PDPK1","SNAP25"
"BMPR1A","GSK3B","SNAP25"
"BMPR1A","BDKRB2","SNAP25"
"BMPR1A","GNAI1","SNAP25"
"BMPR1A","GRM5","SNAP25"
"BMPR1A","FERMT2","SNAP25"
"BMPR1A","DCC","SNAP25"
"BMPR1A","SMO","A10/b1 integrin"
"BMPR1A","PTPN6","A10/b1 integrin"
"BMPR1A","PTPRJ","A10/b1 integrin"
"BMPR1A","FYN","A10/b1 integrin"
"BMPR1A","PDPK1","A10/b1 integrin"
"BMPR1A","AIIB/b3 integrin","A10/b1 integrin"
"BMPR1A","PTPRA","A10/b1 integrin"
"BMPR1A","CLK2","A10/b1 integrin"
"BMPR1A","DCC","A10/b1 integrin"
"BMPR1A","TRIO","A10/b1 integrin"
"BMPR1A","FCRL3","A10/b1 integrin"
"BMPR1A","SRC","CEP55"
"BMPR1A","GRK2","CEP55"
"BMPR1A","ACP1","CEP55"
"BMPR1A","PTPRJ","CEP55"
"BMPR1A","PDPK1","CEP55"
"BMPR1A","CDK5","CEP55"
"BMPR1A","GRM5","CEP55"
"BMPR1A","FCRL3","CEP55"
"BMPR1A","GRK2","A4/b1 integrin"
"BMPR1A","STK11","A4/b1 integrin"
"BMPR1A","SMO","A4/b1 integrin"
"BMPR1A","ACP1","A4/b1 integrin"
"BMPR1A","KIT","A4/b1 integrin"
"BMPR1A","PDPK1","A4/b1 integrin"
"BMPR1A","BDKRB2","A4/b1 integrin"
"BMPR1A","S1PR1","A4/b1 integrin"
"BMPR1A","PTPRA","A4/b1 integrin"
"BMPR1A","GNAI1","A4/b1 integrin"
"BMPR1A","DCC","A4/b1 integrin"
"BMPR1A","TRIO","A4/b1 integrin"
"BMPR1A","GRK2","SCN2A"
"BMPR1A","STK11","SCN2A"
"BMPR1A","SMO","SCN2A"
"BMPR1A","PTPN6","SCN2A"
"BMPR1A","KIT","SCN2A"
"BMPR1A","PTPRJ","SCN2A"
"BMPR1A","FYN","SCN2A"
"BMPR1A","AIIB/b3 integrin","SCN2A"
"BMPR1A","STK11","A2/b1 integrin"
"BMPR1A","ACP1","A2/b1 integrin"
"BMPR1A","PTPN6","A2/b1 integrin"
"BMPR1A","PTPRJ","A2/b1 integrin"
"BMPR1A","FYN","A2/b1 integrin"
"BMPR1A","S1PR1","A2/b1 integrin"
"BMPR1A","DCC","A2/b1 integrin"
"BMPR1A","GRK2","GlyR"
"BMPR1A","GRK2","DERL1"
"BMPR1A","PDPK1","DERL1"
"BMPR1A","CDK5","DERL1"
"BMPR1A","PTPRA","DERL1"
"BMPR1A","TRIO","DERL1"
"BMPR1A","ACP1","FCGR2A"
"BMPR1A","PTPRJ","FCGR2A"
"BMPR1A","GSK3B","FCGR2A"
"BMPR1A","S1PR1","FCGR2A"
"BMPR1A","PTPRA","FCGR2A"
"BMPR1A","GRM5","FCGR2A"
"BMPR1A","FERMT2","FCGR2A"
"BMPR1A","CLK2","FCGR2A"
"BMPR1A","DCC","FCGR2A"
"BMPR1A","TRIO","FCGR2A"
"BMPR1A","SMO","JUP"
"BMPR1A","ACP1","JUP"
"BMPR1A","KIT","JUP"
"BMPR1A","PDPK1","JUP"
"BMPR1A","GSK3B","JUP"
"BMPR1A","PTPRA","JUP"
"BMPR1A","TRIO","JUP"
"BMPR1A","GRK2","ELAVL1"
"BMPR1A","STK11","ELAVL1"
"BMPR1A","PTPRJ","ELAVL1"
"BMPR1A","PDPK1","ELAVL1"
"BMPR1A","CDK5","ELAVL1"
"BMPR1A","S1PR1","ELAVL1"
"BMPR1A","FERMT2","ELAVL1"
"BMPR1A","GRK2","EIF4EBP3"
"BMPR1A","STK11","EIF4EBP3"
"BMPR1A","SMO","EIF4EBP3"
"BMPR1A","ACP1","EIF4EBP3"
"BMPR1A","PTPN6","EIF4EBP3"
"BMPR1A","FYN","EIF4EBP3"
"BMPR1A","CDK5","EIF4EBP3"
"BMPR1A","RET","EIF4EBP3"
"BMPR1A","BDKRB2","EIF4EBP3"
"BMPR1A","S1PR1","EIF4EBP3"
"BMPR1A","PTPRA","EIF4EBP3"
"BMPR1A","GNAI1","EIF4EBP3"
"BMPR1A","FERMT2","EIF4EBP3"
"BMPR1A","CLK2","EIF4EBP3"
"BMPR1A","DCC","EIF4EBP3"
"BMPR1A","FCRL3","EIF4EBP3"
"BMPR1A","SRC","TRRAP"
"BMPR1A","STK11","TRRAP"
"BMPR1A","SMO","TRRAP"
"BMPR1A","PTPN6","TRRAP"
"BMPR1A","PTPRJ","TRRAP"
"BMPR1A","FYN","TRRAP"
"BMPR1A","PDPK1","TRRAP"
"BMPR1A","CSNK1A1","TRRAP"
"BMPR1A","RET","TRRAP"
"BMPR1A","AIIB/b3 integrin","TRRAP"
"BMPR1A","S1PR1","TRRAP"
"BMPR1A","PTPRA","TRRAP"
"BMPR1A","GRM5","TRRAP"
"BMPR1A","FERMT2","TRRAP"
"BMPR1A","CLK2","TRRAP"
"BMPR1A","TRIO","TRRAP"
"BMPR1A","FCRL3","TRRAP"
"BMPR1A","SRC","PPM1J"
"BMPR1A","GSK3B","PPM1J"
"BMPR1A","RET","PPM1J"
"BMPR1A","AIIB/b3 integrin","PPM1J"
"BMPR1A","S1PR1","PPM1J"
"BMPR1A","GNAI1","PPM1J"
"BMPR1A","STK11","GRIA4"
"BMPR1A","SMO","GRIA4"
"BMPR1A","ACP1","GRIA4"
"BMPR1A","KIT","GRIA4"
"BMPR1A","PTPRJ","GRIA4"
"BMPR1A","PDPK1","GRIA4"
"BMPR1A","RET","GRIA4"
"BMPR1A","BDKRB2","GRIA4"
"BMPR1A","AIIB/b3 integrin","GRIA4"
"BMPR1A","S1PR1","GRIA4"
"BMPR1A","PTPRA","GRIA4"
"BMPR1A","GNAI1","GRIA4"
"BMPR1A","GRM5","GRIA4"
"BMPR1A","FERMT2","GRIA4"
"BMPR1A","CLK2","GRIA4"
"BMPR1A","DCC","GRIA4"
"BMPR1A","TRIO","GRIA4"
"BMPR1A","FCRL3","GRIA4"
"BMPR1A","SRC","LIPE"
"BMPR1A","GRK2","LIPE"
"BMPR1A","PTPN6","LIPE"
"BMPR1A","FYN","LIPE"
"BMPR1A","GSK3B","LIPE"
"BMPR1A","PTPRA","LIPE"
"BMPR1A","DCC","LIPE"
"BMPR1A","TRIO","LIPE"
"BMPR1A","GRK2","BAIAP2L1"
"BMPR1A","STK11","BAIAP2L1"
"BMPR1A","ACP1","BAIAP2L1"
"BMPR1A","FYN","BAIAP2L1"
"BMPR1A","GSK3B","BAIAP2L1"
"BMPR1A","CDK5","BAIAP2L1"
"BMPR1A","BDKRB2","BAIAP2L1"
"BMPR1A","GRM5","BAIAP2L1"
"BMPR1A","FCRL3","BAIAP2L1"
"BMPR1A","CSNK1A1","SCN4A"
"BMPR1A","STK11","STAT5B"
"BMPR1A","SMO","STAT5B"
"BMPR1A","PTPN6","STAT5B"
"BMPR1A","KIT","STAT5B"
"BMPR1A","PDPK1","STAT5B"
"BMPR1A","CDK5","STAT5B"
"BMPR1A","RET","STAT5B"
"BMPR1A","AIIB/b3 integrin","STAT5B"
"BMPR1A","S1PR1","STAT5B"
"BMPR1A","GNAI1","STAT5B"
"BMPR1A","GRM5","STAT5B"
"BMPR1A","FERMT2","STAT5B"
"BMPR1A","DCC","STAT5B"
"BMPR1A","TRIO","STAT5B"
"BMPR1A","SRC","ITGB8"
"BMPR1A","GRK2","ITGB8"
"BMPR1A","STK11","ITGB8"
"BMPR1A","SMO","ITGB8"
"BMPR1A","ACP1","ITGB8"
"BMPR1A","PTPRJ","ITGB8"
"BMPR1A","FYN","ITGB8"
"BMPR1A","GSK3B","ITGB8"
"BMPR1A","AIIB/b3 integrin","ITGB8"
"BMPR1A","GNAI1","ITGB8"
"BMPR1A","GRM5","ITGB8"
"BMPR1A","CLK2","ITGB8"
"BMPR1A","TRIO","ITGB8"
"BMPR1A","SRC","PIP4K2C"
"BMPR1A","SMO","PIP4K2C"
"BMPR1A","ACP1","PIP4K2C"
"BMPR1A","PTPN6","PIP4K2C"
"BMPR1A","PTPRJ","PIP4K2C"
"BMPR1A","FYN","PIP4K2C"
"BMPR1A","PDPK1","PIP4K2C"
"BMPR1A","GSK3B","PIP4K2C"
"BMPR1A","BDKRB2","PIP4K2C"
"BMPR1A","AIIB/b3 integrin","PIP4K2C"
"BMPR1A","PTPRA","PIP4K2C"
"BMPR1A","GNAI1","PIP4K2C"
"BMPR1A","GRM5","PIP4K2C"
"BMPR1A","FERMT2","PIP4K2C"
"BMPR1A","CLK2","PIP4K2C"
"BMPR1A","DCC","PIP4K2C"
"BMPR1A","TRIO","PIP4K2C"
"BMPR1A","FCRL3","PIP4K2C"
"BMPR1A","SRC","IL16"
"BMPR1A","GRK2","IL16"
"BMPR1A","STK11","IL16"
"BMPR1A","PTPN6","IL16"
"BMPR1A","KIT","IL16"
"BMPR1A","FYN","IL16"
"BMPR1A","PDPK1","IL16"
"BMPR1A","CDK5","IL16"
"BMPR1A","GNAI1","IL16"
"BMPR1A","FCRL3","IL16"
"BMPR1A","STK11","MAP4"
"BMPR1A","SMO","MAP4"
"BMPR1A","ACP1","MAP4"
"BMPR1A","PTPN6","MAP4"
"BMPR1A","KIT","MAP4"
"BMPR1A","PTPRJ","MAP4"
"BMPR1A","FYN","MAP4"
"BMPR1A","PDPK1","MAP4"
"BMPR1A","GSK3B","MAP4"
"BMPR1A","CDK5","MAP4"
"BMPR1A","RET","MAP4"
"BMPR1A","BDKRB2","MAP4"
"BMPR1A","AIIB/b3 integrin","MAP4"
"BMPR1A","S1PR1","MAP4"
"BMPR1A","PTPRA","MAP4"
"BMPR1A","GNAI1","MAP4"
"BMPR1A","GRM5","MAP4"
"BMPR1A","FERMT2","MAP4"
"BMPR1A","CLK2","MAP4"
"BMPR1A","DCC","MAP4"
"BMPR1A","TRIO","MAP4"
"BMPR1A","FCRL3","MAP4"
"BMPR1A","SRC","CD5"
"BMPR1A","GRK2","CD5"
"BMPR1A","STK11","CD5"
"BMPR1A","PDPK1","CD5"
"BMPR1A","CDK5","CD5"
"BMPR1A","RET","CD5"
"BMPR1A","FERMT2","CD5"
"BMPR1A","GRK2","MYL9"
"BMPR1A","SMO","MYL9"
"BMPR1A","PTPN6","MYL9"
"BMPR1A","KIT","MYL9"
"BMPR1A","PDPK1","MYL9"
"BMPR1A","CDK5","MYL9"
"BMPR1A","CSNK1A1","MYL9"
"BMPR1A","RET","MYL9"
"BMPR1A","BDKRB2","MYL9"
"BMPR1A","AIIB/b3 integrin","MYL9"
"BMPR1A","S1PR1","MYL9"
"BMPR1A","GNAI1","MYL9"
"BMPR1A","FCRL3","MYL9"
"BMPR1A","STK11","GORASP1"
"BMPR1A","SMO","GORASP1"
"BMPR1A","PTPN6","GORASP1"
"BMPR1A","FYN","GORASP1"
"BMPR1A","CDK5","GORASP1"
"BMPR1A","AIIB/b3 integrin","GORASP1"
"BMPR1A","PTPRA","GORASP1"
"BMPR1A","FERMT2","GORASP1"
"BMPR1A","GRK2","APEX1"
"BMPR1A","PTPN6","APEX1"
"BMPR1A","FYN","APEX1"
"BMPR1A","RET","APEX1"
"BMPR1A","BDKRB2","APEX1"
"BMPR1A","PTPRA","APEX1"
"BMPR1A","GRM5","APEX1"
"BMPR1A","CLK2","APEX1"
"BMPR1A","STK11","JUND"
"BMPR1A","PTPN6","JUND"
"BMPR1A","PTPRJ","JUND"
"BMPR1A","CSNK1A1","JUND"
"BMPR1A","AIIB/b3 integrin","JUND"
"BMPR1A","GNAI1","JUND"
"BMPR1A","GRM5","JUND"
"BMPR1A","SRC","OSBP2"
"BMPR1A","PTPRJ","OSBP2"
"BMPR1A","GSK3B","OSBP2"
"BMPR1A","BDKRB2","OSBP2"
"BMPR1A","AIIB/b3 integrin","OSBP2"
"BMPR1A","PTPRA","OSBP2"
"BMPR1A","CLK2","OSBP2"
"BMPR1A","STK11","ALOX5"
"BMPR1A","GSK3B","ESCO1"
"BMPR1A","CDK5","ESCO1"
"BMPR1A","BDKRB2","ESCO1"
"BMPR1A","AIIB/b3 integrin","ESCO1"
"BMPR1A","CLK2","ESCO1"
"BMPR1A","STK11","TERF1"
"BMPR1A","PTPN6","TERF1"
"BMPR1A","KIT","TERF1"
"BMPR1A","PTPRJ","TERF1"
"BMPR1A","FYN","TERF1"
"BMPR1A","GSK3B","TERF1"
"BMPR1A","BDKRB2","TERF1"
"BMPR1A","AIIB/b3 integrin","TERF1"
"BMPR1A","FCRL3","TERF1"
"BMPR1A","SRC","CFL1"
"BMPR1A","GRK2","CFL1"
"BMPR1A","STK11","CFL1"
"BMPR1A","SMO","CFL1"
"BMPR1A","ACP1","CFL1"
"BMPR1A","PTPN6","CFL1"
"BMPR1A","KIT","CFL1"
"BMPR1A","PTPRJ","CFL1"
"BMPR1A","FYN","CFL1"
"BMPR1A","PDPK1","CFL1"
"BMPR1A","CSNK1A1","CFL1"
"BMPR1A","RET","CFL1"
"BMPR1A","S1PR1","CFL1"
"BMPR1A","GNAI1","CFL1"
"BMPR1A","GRM5","CFL1"
"BMPR1A","SMO","MED1"
"BMPR1A","FYN","MED1"
"BMPR1A","GSK3B","MED1"
"BMPR1A","CDK5","MED1"
"BMPR1A","BDKRB2","MED1"
"BMPR1A","GNAI1","MED1"
"BMPR1A","FERMT2","MED1"
"BMPR1A","CLK2","MED1"
"BMPR1A","DCC","MED1"
"BMPR1A","TRIO","MED1"
"BMPR1A","SRC","TP63"
"BMPR1A","KIT","TP63"
"BMPR1A","GSK3B","TP63"
"BMPR1A","RET","TP63"
"BMPR1A","BDKRB2","TP63"
"BMPR1A","AIIB/b3 integrin","TP63"
"BMPR1A","S1PR1","TP63"
"BMPR1A","PTPRA","TP63"
"BMPR1A","GNAI1","TP63"
"BMPR1A","GRM5","TP63"
"BMPR1A","FERMT2","TP63"
"BMPR1A","DCC","TP63"
"BMPR1A","TRIO","TP63"
"BMPR1A","FCRL3","TP63"
"BMPR1A","CSNK1A1","RAB3IP"
"BMPR1A","SRC","TWIST1"
"BMPR1A","GRK2","TWIST1"
"BMPR1A","STK11","TWIST1"
"BMPR1A","ACP1","TWIST1"
"BMPR1A","PTPN6","TWIST1"
"BMPR1A","KIT","TWIST1"
"BMPR1A","CDK5","TWIST1"
"BMPR1A","CSNK1A1","TWIST1"
"BMPR1A","RET","TWIST1"
"BMPR1A","BDKRB2","TWIST1"
"BMPR1A","FERMT2","TWIST1"
"BMPR1A","SRC","ZNF148"
"BMPR1A","SMO","ZNF148"
"BMPR1A","ACP1","ZNF148"
"BMPR1A","PTPN6","ZNF148"
"BMPR1A","KIT","ZNF148"
"BMPR1A","PTPRJ","ZNF148"
"BMPR1A","FYN","ZNF148"
"BMPR1A","GSK3B","ZNF148"
"BMPR1A","RET","ZNF148"
"BMPR1A","GRM5","ZNF148"
"BMPR1A","CLK2","ZNF148"
"BMPR1A","DCC","ZNF148"
"BMPR1A","TRIO","ZNF148"
"BMPR1A","FCRL3","ZNF148"
"BMPR1A","SRC","ARHGAP24"
"BMPR1A","STK11","ARHGAP24"
"BMPR1A","SMO","ARHGAP24"
"BMPR1A","PDPK1","ARHGAP24"
"BMPR1A","CSNK1A1","ARHGAP24"
"BMPR1A","GRM5","ARHGAP24"
"BMPR1A","SRC","BMI1"
"BMPR1A","SMO","BMI1"
"BMPR1A","FYN","BMI1"
"BMPR1A","CDK5","BMI1"
"BMPR1A","PTPRA","BMI1"
"BMPR1A","CLK2","BMI1"
"BMPR1A","CSNK1A1","HIF1A"
"BMPR1A","SMO","CYP19A1"
"BMPR1A","ACP1","CYP19A1"
"BMPR1A","KIT","CYP19A1"
"BMPR1A","GSK3B","CYP19A1"
"BMPR1A","BDKRB2","CYP19A1"
"BMPR1A","S1PR1","CYP19A1"
"BMPR1A","FERMT2","CYP19A1"
"BMPR1A","FCRL3","CYP19A1"
"BMPR1A","GRK2","SP3"
"BMPR1A","STK11","SP3"
"BMPR1A","SMO","SP3"
"BMPR1A","ACP1","SP3"
"BMPR1A","PTPN6","SP3"
"BMPR1A","KIT","SP3"
"BMPR1A","FYN","SP3"
"BMPR1A","GSK3B","SP3"
"BMPR1A","RET","SP3"
"BMPR1A","BDKRB2","SP3"
"BMPR1A","AIIB/b3 integrin","SP3"
"BMPR1A","S1PR1","SP3"
"BMPR1A","PTPRA","SP3"
"BMPR1A","GRM5","SP3"
"BMPR1A","FERMT2","SP3"
"BMPR1A","CLK2","SP3"
"BMPR1A","SRC","NFAT5"
"BMPR1A","GRK2","NFAT5"
"BMPR1A","ACP1","NFAT5"
"BMPR1A","KIT","NFAT5"
"BMPR1A","FYN","NFAT5"
"BMPR1A","BDKRB2","NFAT5"
"BMPR1A","PTPRA","NFAT5"
"BMPR1A","GRM5","NFAT5"
"BMPR1A","DCC","NFAT5"
"BMPR1A","TRIO","NFAT5"
"BMPR1A","SRC","CAPN2"
"BMPR1A","ACP1","CAPN2"
"BMPR1A","PTPRJ","CAPN2"
"BMPR1A","BDKRB2","CAPN2"
"BMPR1A","GNAI1","CAPN2"
"BMPR1A","GRM5","CAPN2"
"BMPR1A","DCC","CAPN2"
"BMPR1A","FCRL3","CAPN2"
"BMPR1A","SRC","FXR1"
"BMPR1A","SMO","FXR1"
"BMPR1A","PTPN6","FXR1"
"BMPR1A","KIT","FXR1"
"BMPR1A","PTPRJ","FXR1"
"BMPR1A","GRM5","FXR1"
"BMPR1A","CLK2","FXR1"
"BMPR1A","TRIO","FXR1"
"BMPR1A","SRC","CD79A"
"BMPR1A","STK11","CD79A"
"BMPR1A","ACP1","CD79A"
"BMPR1A","PDPK1","CD79A"
"BMPR1A","AIIB/b3 integrin","CD79A"
"BMPR1A","PTPRA","CD79A"
"BMPR1A","GNAI1","CD79A"
"BMPR1A","FERMT2","CD79A"
"BMPR1A","CLK2","CD79A"
"BMPR1A","FCRL3","CD79A"
"BMPR1A","SRC","ACTN4"
"BMPR1A","GRK2","ACTN4"
"BMPR1A","ACP1","ACTN4"
"BMPR1A","PTPN6","ACTN4"
"BMPR1A","FYN","ACTN4"
"BMPR1A","S1PR1","ACTN4"
"BMPR1A","DCC","ACTN4"
"BMPR1A","FCRL3","ACTN4"
"BMPR1A","GRK2","HDAC6"
"BMPR1A","ACP1","HDAC6"
"BMPR1A","PTPN6","HDAC6"
"BMPR1A","KIT","HDAC6"
"BMPR1A","PTPRJ","HDAC6"
"BMPR1A","FYN","HDAC6"
"BMPR1A","GSK3B","HDAC6"
"BMPR1A","CDK5","HDAC6"
"BMPR1A","RET","HDAC6"
"BMPR1A","AIIB/b3 integrin","HDAC6"
"BMPR1A","GRM5","HDAC6"
"BMPR1A","FERMT2","HDAC6"
"BMPR1A","TRIO","HDAC6"
"BMPR1A","FCRL3","HDAC6"
"BMPR1A","SRC","AGAP2"
"BMPR1A","GRK2","AGAP2"
"BMPR1A","PTPN6","AGAP2"
"BMPR1A","FYN","AGAP2"
"BMPR1A","PDPK1","AGAP2"
"BMPR1A","RET","AGAP2"
"BMPR1A","BDKRB2","AGAP2"
"BMPR1A","AIIB/b3 integrin","AGAP2"
"BMPR1A","FERMT2","AGAP2"
"BMPR1A","CLK2","AGAP2"
"BMPR1A","SRC","PYGM"
"BMPR1A","STK11","PYGM"
"BMPR1A","PTPN6","PYGM"
"BMPR1A","KIT","PYGM"
"BMPR1A","PTPRJ","PYGM"
"BMPR1A","PTPRA","PYGM"
"BMPR1A","FERMT2","PYGM"
"BMPR1A","DCC","PYGM"
"BMPR1A","SMO","KLF5"
"BMPR1A","ACP1","KLF5"
"BMPR1A","KIT","KLF5"
"BMPR1A","PTPRJ","KLF5"
"BMPR1A","PDPK1","KLF5"
"BMPR1A","CDK5","KLF5"
"BMPR1A","RET","KLF5"
"BMPR1A","BDKRB2","KLF5"
"BMPR1A","AIIB/b3 integrin","KLF5"
"BMPR1A","S1PR1","KLF5"
"BMPR1A","PTPRA","KLF5"
"BMPR1A","DCC","KLF5"
"BMPR1A","TRIO","KLF5"
"BMPR1A","SRC","CD79B"
"BMPR1A","PTPN6","CD79B"
"BMPR1A","RET","CD79B"
"BMPR1A","GRM5","CD79B"
"BMPR1A","FCRL3","CD79B"
"BMPR1A","STK11","TDP1"
"BMPR1A","ACP1","TDP1"
"BMPR1A","PTPRJ","TDP1"
"BMPR1A","PDPK1","TDP1"
"BMPR1A","GSK3B","TDP1"
"BMPR1A","RET","TDP1"
"BMPR1A","BDKRB2","TDP1"
"BMPR1A","AIIB/b3 integrin","TDP1"
"BMPR1A","S1PR1","TDP1"
"BMPR1A","PTPRA","TDP1"
"BMPR1A","GNAI1","TDP1"
"BMPR1A","GRM5","TDP1"
"BMPR1A","FCRL3","TDP1"
"BMPR1A","SRC","CCND2"
"BMPR1A","STK11","CCND2"
"BMPR1A","SMO","CCND2"
"BMPR1A","FYN","CCND2"
"BMPR1A","RET","CCND2"
"BMPR1A","GRM5","CCND2"
"BMPR1A","TRIO","CCND2"
"BMPR1A","FCRL3","CCND2"
"BMPR1A","SMO","TERT"
"BMPR1A","SRC","ALX4"
"BMPR1A","STK11","ALX4"
"BMPR1A","KIT","ALX4"
"BMPR1A","PTPRJ","ALX4"
"BMPR1A","FYN","ALX4"
"BMPR1A","PDPK1","ALX4"
"BMPR1A","CSNK1A1","ALX4"
"BMPR1A","RET","ALX4"
"BMPR1A","BDKRB2","ALX4"
"BMPR1A","AIIB/b3 integrin","ALX4"
"BMPR1A","GNAI1","ALX4"
"BMPR1A","PTPRA","CEBPD"
"BMPR1A","GRM5","CEBPD"
"BMPR1A","FERMT2","CEBPD"
"BMPR1A","SRC","TRPV4"
"BMPR1A","GRK2","TRPV4"
"BMPR1A","SMO","TRPV4"
"BMPR1A","ACP1","TRPV4"
"BMPR1A","KIT","TRPV4"
"BMPR1A","PTPRJ","TRPV4"
"BMPR1A","PDPK1","TRPV4"
"BMPR1A","RET","TRPV4"
"BMPR1A","AIIB/b3 integrin","TRPV4"
"BMPR1A","FCRL3","TRPV4"
"BMPR1A","GRM5","A3/b1 integrin"
"BMPR1A","GRK2","Polycomb repressive complex 2"
"BMPR1A","SMO","Polycomb repressive complex 2"
"BMPR1A","ACP1","Polycomb repressive complex 2"
"BMPR1A","PTPN6","Polycomb repressive complex 2"
"BMPR1A","KIT","Polycomb repressive complex 2"
"BMPR1A","FYN","Polycomb repressive complex 2"
"BMPR1A","PDPK1","Polycomb repressive complex 2"
"BMPR1A","CDK5","Polycomb repressive complex 2"
"BMPR1A","CSNK1A1","Polycomb repressive complex 2"
"BMPR1A","RET","Polycomb repressive complex 2"
"BMPR1A","BDKRB2","Polycomb repressive complex 2"
"BMPR1A","GNAI1","Polycomb repressive complex 2"
"BMPR1A","FERMT2","Polycomb repressive complex 2"
"BMPR1A","TRIO","Polycomb repressive complex 2"
"BMPR1A","FCRL3","Polycomb repressive complex 2"
"BMPR1A","PTPN6","MYL12B"
"BMPR1A","CDK5","MYL12B"
"BMPR1A","S1PR1","MYL12B"
"BMPR1A","GRM5","MYL12B"
"BMPR1A","FERMT2","MYL12B"
"BMPR1A","DCC","MYL12B"
"BMPR1A","SRC","NEFL"
"BMPR1A","STK11","NEFL"
"BMPR1A","PTPN6","NEFL"
"BMPR1A","KIT","NEFL"
"BMPR1A","PDPK1","NEFL"
"BMPR1A","GSK3B","NEFL"
"BMPR1A","CDK5","NEFL"
"BMPR1A","RET","NEFL"
"BMPR1A","BDKRB2","NEFL"
"BMPR1A","PTPRA","NEFL"
"BMPR1A","GNAI1","NEFL"
"BMPR1A","FERMT2","NEFL"
"BMPR1A","FCRL3","NEFL"
"BMPR1A","S1PR1","TBX3"
"BMPR1A","PTPRA","TBX3"
"BMPR1A","GRM5","TBX3"
"BMPR1A","CLK2","TBX3"
"BMPR1A","DCC","TBX3"
"BMPR1A","SRC","ITGB6"
"BMPR1A","STK11","ITGB6"
"BMPR1A","SMO","ITGB6"
"BMPR1A","ACP1","ITGB6"
"BMPR1A","KIT","ITGB6"
"BMPR1A","PTPRJ","ITGB6"
"BMPR1A","FYN","ITGB6"
"BMPR1A","PDPK1","ITGB6"
"BMPR1A","GSK3B","ITGB6"
"BMPR1A","BDKRB2","ITGB6"
"BMPR1A","AIIB/b3 integrin","ITGB6"
"BMPR1A","PTPRA","ITGB6"
"BMPR1A","GNAI1","ITGB6"
"BMPR1A","TRIO","ITGB6"
"BMPR1A","GRK2","ATP7A"
"BMPR1A","STK11","ATP7A"
"BMPR1A","SMO","ATP7A"
"BMPR1A","ACP1","ATP7A"
"BMPR1A","PTPN6","ATP7A"
"BMPR1A","PTPRJ","ATP7A"
"BMPR1A","PDPK1","ATP7A"
"BMPR1A","GSK3B","ATP7A"
"BMPR1A","CDK5","ATP7A"
"BMPR1A","RET","ATP7A"
"BMPR1A","S1PR1","ATP7A"
"BMPR1A","GNAI1","ATP7A"
"BMPR1A","GRM5","ATP7A"
"BMPR1A","FERMT2","ATP7A"
"BMPR1A","CLK2","ATP7A"
"BMPR1A","DCC","ATP7A"
"BMPR1A","TRIO","ATP7A"
"BMPR1A","FCRL3","ATP7A"
"BMPR1A","SRC","A8/b1 integrin"
"BMPR1A","GRK2","A8/b1 integrin"
"BMPR1A","ACP1","A8/b1 integrin"
"BMPR1A","PTPN6","A8/b1 integrin"
"BMPR1A","KIT","A8/b1 integrin"
"BMPR1A","FYN","A8/b1 integrin"
"BMPR1A","PDPK1","A8/b1 integrin"
"BMPR1A","GSK3B","A8/b1 integrin"
"BMPR1A","RET","A8/b1 integrin"
"BMPR1A","BDKRB2","A8/b1 integrin"
"BMPR1A","AIIB/b3 integrin","A8/b1 integrin"
"BMPR1A","S1PR1","A8/b1 integrin"
"BMPR1A","PTPRA","A8/b1 integrin"
"BMPR1A","GNAI1","A8/b1 integrin"
"BMPR1A","GRM5","A8/b1 integrin"
"BMPR1A","CLK2","A8/b1 integrin"
"BMPR1A","FCRL3","A8/b1 integrin"
"BMPR1A","STK11","ANXA2"
"BMPR1A","PTPRJ","ANXA2"
"BMPR1A","GNAI1","ANXA2"
"BMPR1A","GRM5","ANXA2"
"BMPR1A","FERMT2","ANXA2"
"BMPR1A","CLK2","ANXA2"
"BMPR1A","TRIO","ANXA2"
"BMPR1A","FCRL3","ANXA2"
"BMPR1A","SRC","NFATC1"
"BMPR1A","ACP1","NFATC1"
"BMPR1A","PTPN6","NFATC1"
"BMPR1A","PTPRJ","NFATC1"
"BMPR1A","FYN","NFATC1"
"BMPR1A","PDPK1","NFATC1"
"BMPR1A","CDK5","NFATC1"
"BMPR1A","RET","NFATC1"
"BMPR1A","BDKRB2","NFATC1"
"BMPR1A","AIIB/b3 integrin","NFATC1"
"BMPR1A","S1PR1","NFATC1"
"BMPR1A","PTPRA","NFATC1"
"BMPR1A","GNAI1","NFATC1"
"BMPR1A","GRM5","NFATC1"
"BMPR1A","SRC","HTT"
"BMPR1A","GRK2","HTT"
"BMPR1A","FYN","HTT"
"BMPR1A","S1PR1","HTT"
"BMPR1A","GRM5","HTT"
"BMPR1A","FERMT2","HTT"
"BMPR1A","CLK2","HTT"
"BMPR1A","TRIO","HTT"
"BMPR1A","FCRL3","HTT"
"BMPR1A","SRC","HK2"
"BMPR1A","GRK2","HK2"
"BMPR1A","ACP1","HK2"
"BMPR1A","PTPN6","HK2"
"BMPR1A","KIT","HK2"
"BMPR1A","PTPRJ","HK2"
"BMPR1A","CDK5","HK2"
"BMPR1A","RET","HK2"
"BMPR1A","BDKRB2","HK2"
"BMPR1A","AIIB/b3 integrin","HK2"
"BMPR1A","PTPRA","HK2"
"BMPR1A","GNAI1","HK2"
"BMPR1A","SRC","PLA2G4A"
"BMPR1A","ACP1","PLA2G4A"
"BMPR1A","PDPK1","PLA2G4A"
"BMPR1A","FERMT2","PLA2G4A"
"BMPR1A","CLK2","PLA2G4A"
"BMPR1A","GRM5","IWS1"
"BMPR1A","FCRL3","IWS1"
"BMPR1A","GRK2","LIG3"
"BMPR1A","STK11","LIG3"
"BMPR1A","SMO","LIG3"
"BMPR1A","FYN","LIG3"
"BMPR1A","AIIB/b3 integrin","LIG3"
"BMPR1A","GNAI1","LIG3"
"BMPR1A","GRM5","LIG3"
"BMPR1A","FERMT2","LIG3"
"BMPR1A","DCC","LIG3"
"BMPR1A","TRIO","LIG3"
"BMPR1A","FCRL3","LIG3"
"BMPR1A","ACP1","MYB"
"BMPR1A","PTPN6","MYB"
"BMPR1A","PTPRJ","MYB"
"BMPR1A","FYN","MYB"
"BMPR1A","PDPK1","MYB"
"BMPR1A","CDK5","MYB"
"BMPR1A","CSNK1A1","MYB"
"BMPR1A","RET","MYB"
"BMPR1A","BDKRB2","MYB"
"BMPR1A","AIIB/b3 integrin","MYB"
"BMPR1A","S1PR1","MYB"
"BMPR1A","PTPRA","MSN"
"BMPR1A","GNAI1","MSN"
"BMPR1A","GRM5","MSN"
"BMPR1A","CLK2","MSN"
"BMPR1A","DCC","MSN"
"BMPR1A","TRIO","MSN"
"BMPR1A","SRC","SCN9A"
"BMPR1A","SMO","SCN9A"
"BMPR1A","ACP1","SCN9A"
"BMPR1A","KIT","SCN9A"
"BMPR1A","PTPRJ","SCN9A"
"BMPR1A","FYN","SCN9A"
"BMPR1A","PDPK1","SCN9A"
"BMPR1A","CDK5","SCN9A"
"BMPR1A","CSNK1A1","SCN9A"
"BMPR1A","RET","SCN9A"
"BMPR1A","BDKRB2","SCN9A"
"BMPR1A","AIIB/b3 integrin","SCN9A"
"BMPR1A","S1PR1","SCN9A"
"BMPR1A","PTPRA","VAV3"
"BMPR1A","FERMT2","VAV3"
"BMPR1A","CLK2","VAV3"
"BMPR1A","TRIO","VAV3"
"BMPR1A","STK11","HNF1A"
"BMPR1A","PTPN6","HNF1A"
"BMPR1A","GSK3B","HNF1A"
"BMPR1A","AIIB/b3 integrin","GABRG2"
"BMPR1A","S1PR1","GABRG2"
"BMPR1A","GNAI1","GABRG2"
"BMPR1A","CLK2","GABRG2"
"BMPR1A","DCC","GABRG2"
"BMPR1A","SMO","KCND3"
"BMPR1A","PDPK1","KCND3"
"BMPR1A","AIIB/b3 integrin","KCND3"
"BMPR1A","PTPRA","KCND3"
"BMPR1A","GRM5","KCND3"
"BMPR1A","CLK2","KCND3"
"BMPR1A","FCRL3","KCND3"
"BMPR1A","SMO","ACTB"
"BMPR1A","PDPK1","ACTB"
"BMPR1A","CSNK1A1","ACTB"
"BMPR1A","AIIB/b3 integrin","ACTB"
"BMPR1A","GNAI1","ACTB"
"BMPR1A","DCC","ACTB"
"BMPR1A","FCRL3","ACTB"
"BMPR1A","GRK2","NANOG"
"BMPR1A","PTPRJ","NANOG"
"BMPR1A","GSK3B","NANOG"
"BMPR1A","BDKRB2","NANOG"
"BMPR1A","PTPRA","NANOG"
"BMPR1A","FERMT2","NANOG"
"BMPR1A","CLK2","NANOG"
"BMPR1A","STK11","CUX1"
"BMPR1A","FYN","CUX1"
"BMPR1A","RET","GRIN2A"
"BMPR1A","PDPK1","NUSAP1"
"BMPR1A","GSK3B","NUSAP1"
"BMPR1A","CDK5","NUSAP1"
"BMPR1A","BDKRB2","NUSAP1"
"BMPR1A","PTPRA","NUSAP1"
"BMPR1A","FERMT2","NUSAP1"
"BMPR1A","DCC","NUSAP1"
"BMPR1A","GRK2","ARHGEF4"
"BMPR1A","SMO","ARHGEF4"
"BMPR1A","PTPRJ","ARHGEF4"
"BMPR1A","CDK5","ARHGEF4"
"BMPR1A","BDKRB2","ARHGEF4"
"BMPR1A","AIIB/b3 integrin","ARHGEF4"
"BMPR1A","GNAI1","ARHGEF4"
"BMPR1A","FERMT2","ARHGEF4"
"BMPR1A","CLK2","ARHGEF4"
"BMPR1A","DCC","ARHGEF4"
"BMPR1A","TRIO","ARHGEF4"
"BMPR1A","FCRL3","ARHGEF4"
"BMPR1A","STK11","CEACAM1"
"BMPR1A","SMO","CEACAM1"
"BMPR1A","ACP1","CEACAM1"
"BMPR1A","PTPN6","CEACAM1"
"BMPR1A","KIT","CEACAM1"
"BMPR1A","FYN","CEACAM1"
"BMPR1A","PDPK1","CEACAM1"
"BMPR1A","GSK3B","CEACAM1"
"BMPR1A","RET","CEACAM1"
"BMPR1A","BDKRB2","CEACAM1"
"BMPR1A","FERMT2","CEACAM1"
"BMPR1A","DCC","CEACAM1"
"BMPR1A","TRIO","CEACAM1"
"BMPR1A","SRC","TTN"
"BMPR1A","ACP1","TTN"
"BMPR1A","BDKRB2","TTN"
"BMPR1A","AIIB/b3 integrin","TTN"
"BMPR1A","PTPRA","TTN"
"BMPR1A","GNAI1","TTN"
"BMPR1A","FERMT2","TTN"
"BMPR1A","DCC","TTN"
"BMPR1A","ACP1","NEDD4"
"BMPR1A","PTPN6","NEDD4"
"BMPR1A","KIT","NEDD4"
"BMPR1A","GRM5","NEDD4"
"BMPR1A","CLK2","NEDD4"
"BMPR1A","SRC","LONP1"
"BMPR1A","GRK2","LONP1"
"BMPR1A","STK11","LONP1"
"BMPR1A","PTPN6","LONP1"
"BMPR1A","KIT","LONP1"
"BMPR1A","FYN","LONP1"
"BMPR1A","PDPK1","LONP1"
"BMPR1A","GRM5","LONP1"
"BMPR1A","TRIO","LONP1"
"BMPR1A","SRC","TH"
"BMPR1A","STK11","TH"
"BMPR1A","FYN","TH"
"BMPR1A","CDK5","TH"
"BMPR1A","PTPRA","TH"
"BMPR1A","GRM5","TH"
"BMPR1A","FERMT2","TH"
"BMPR1A","CLK2","TH"
"BMPR1A","SRC","XRCC6"
"BMPR1A","KIT","XRCC6"
"BMPR1A","PTPRA","XRCC6"
"BMPR1A","GRM5","XRCC6"
"BMPR1A","FERMT2","XRCC6"
"BMPR1A","GRK2","ATXN1"
"BMPR1A","GSK3B","ATXN1"
"BMPR1A","RET","KCNA3"
"BMPR1A","BDKRB2","KCNA3"
"BMPR1A","PTPRA","KCNA3"
"BMPR1A","GNAI1","KCNA3"
"BMPR1A","GRM5","KCNA3"
"BMPR1A","STK11","ENO1"
"BMPR1A","ACP1","ENO1"
"BMPR1A","RET","ENO1"
"BMPR1A","AIIB/b3 integrin","ENO1"
"BMPR1A","S1PR1","ENO1"
"BMPR1A","GRM5","ENO1"
"BMPR1A","CLK2","ENO1"
"BMPR1A","DCC","ENO1"
"BMPR1A","TRIO","ENO1"
"BMPR1A","FCRL3","ENO1"
"BMPR1A","SRC","KRT8"
"BMPR1A","STK11","KRT8"
"BMPR1A","SMO","KRT8"
"BMPR1A","ACP1","KRT8"
"BMPR1A","PTPN6","KRT8"
"BMPR1A","PTPRJ","KRT8"
"BMPR1A","FYN","KRT8"
"BMPR1A","GSK3B","KRT8"
"BMPR1A","CDK5","KRT8"
"BMPR1A","CSNK1A1","KRT8"
"BMPR1A","RET","KRT8"
"BMPR1A","S1PR1","KRT8"
"BMPR1A","PTPRA","KRT8"
"BMPR1A","GNAI1","KRT8"
"BMPR1A","CLK2","KRT8"
"BMPR1A","SRC","BCL2L12"
"BMPR1A","STK11","BCL2L12"
"BMPR1A","SMO","BCL2L12"
"BMPR1A","PDPK1","BCL2L12"
"BMPR1A","PTPRA","BCL2L12"
"BMPR1A","FERMT2","BCL2L12"
"BMPR1A","CLK2","BCL2L12"
"BMPR1A","DCC","BCL2L12"
"BMPR1A","TRIO","BCL2L12"
"BMPR1A","FCRL3","BCL2L12"
"BMPR1A","GRK2","ATG5"
"BMPR1A","STK11","ATG5"
"BMPR1A","PTPN6","ATG5"
"BMPR1A","PTPRJ","ATG5"
"BMPR1A","FYN","ATG5"
"BMPR1A","PDPK1","ATG5"
"BMPR1A","CDK5","ATG5"
"BMPR1A","CSNK1A1","ATG5"
"BMPR1A","RET","ATG5"
"BMPR1A","BDKRB2","ATG5"
"BMPR1A","AIIB/b3 integrin","ATG5"
"BMPR1A","PTPRA","ATG5"
"BMPR1A","GNAI1","ATG5"
"BMPR1A","CLK2","ATG5"
"BMPR1A","FCRL3","ATG5"
"BMPR1A","GRK2","CITED1"
"BMPR1A","STK11","CITED1"
"BMPR1A","FYN","CITED1"
"BMPR1A","AIIB/b3 integrin","CITED1"
"BMPR1A","FERMT2","CITED1"
"BMPR1A","CLK2","CITED1"
"BMPR1A","TRIO","CITED1"
"BMPR1A","FCRL3","CITED1"
"BMPR1A","SRC","Av/b2 integrin"
"BMPR1A","GRK2","Av/b2 integrin"
"BMPR1A","FYN","Av/b2 integrin"
"BMPR1A","SRC","FANCA"
"BMPR1A","ACP1","FANCA"
"BMPR1A","KIT","FANCA"
"BMPR1A","FYN","FANCA"
"BMPR1A","S1PR1","FANCA"
"BMPR1A","GRM5","FANCA"
"BMPR1A","DCC","FANCA"
"BMPR1A","TRIO","FANCA"
"BMPR1A","SRC","CTLA4"
"BMPR1A","GRK2","CTLA4"
"BMPR1A","ACP1","CTLA4"
"BMPR1A","PTPRJ","CTLA4"
"BMPR1A","PDPK1","CTLA4"
"BMPR1A","GSK3B","CTLA4"
"BMPR1A","RET","CTLA4"
"BMPR1A","BDKRB2","CTLA4"
"BMPR1A","AIIB/b3 integrin","CTLA4"
"BMPR1A","FERMT2","CTLA4"
"BMPR1A","DCC","CTLA4"
"BMPR1A","FCRL3","CTLA4"
"BMPR1A","SRC","SPHK1"
"BMPR1A","GRK2","SPHK1"
"BMPR1A","STK11","SPHK1"
"BMPR1A","ACP1","SPHK1"
"BMPR1A","PTPRJ","SPHK1"
"BMPR1A","FYN","SPHK1"
"BMPR1A","PDPK1","SPHK1"
"BMPR1A","GSK3B","SPHK1"
"BMPR1A","CDK5","SPHK1"
"BMPR1A","RET","SPHK1"
"BMPR1A","BDKRB2","SPHK1"
"BMPR1A","AIIB/b3 integrin","SPHK1"
"BMPR1A","S1PR1","SPHK1"
"BMPR1A","PTPRA","SPHK1"
"BMPR1A","GNAI1","SPHK1"
"BMPR1A","GRM5","SPHK1"
"BMPR1A","FERMT2","SPHK1"
"BMPR1A","SRC","NR1H4"
"BMPR1A","SMO","NR1H4"
"BMPR1A","ACP1","NR1H4"
"BMPR1A","CDK5","NR1H4"
"BMPR1A","GNAI1","NR1H4"
"BMPR1A","DCC","NR1H4"
"BMPR1A","TRIO","NR1H4"
"BMPR1A","FCRL3","NR1H4"
"BMPR1A","STK11","OPHN1"
"BMPR1A","SMO","OPHN1"
"BMPR1A","ACP1","OPHN1"
"BMPR1A","KIT","OPHN1"
"BMPR1A","PTPRJ","OPHN1"
"BMPR1A","FYN","OPHN1"
"BMPR1A","PDPK1","OPHN1"
"BMPR1A","CDK5","OPHN1"
"BMPR1A","BDKRB2","OPHN1"
"BMPR1A","AIIB/b3 integrin","OPHN1"
"BMPR1A","S1PR1","OPHN1"
"BMPR1A","PTPRA","OPHN1"
"BMPR1A","GNAI1","OPHN1"
"BMPR1A","FERMT2","OPHN1"
"BMPR1A","CLK2","OPHN1"
"BMPR1A","FCRL3","OPHN1"
"BMPR1A","SRC","SMURF1"
"BMPR1A","SMO","SMURF1"
"BMPR1A","KIT","SMURF1"
"BMPR1A","PTPRJ","SMURF1"
"BMPR1A","FYN","SMURF1"
"BMPR1A","PDPK1","SMURF1"
"BMPR1A","GSK3B","SMURF1"
"BMPR1A","CDK5","SMURF1"
"BMPR1A","RET","SMURF1"
"BMPR1A","GRM5","SMURF1"
"BMPR1A","DCC","SMURF1"
"BMPR1A","SRC","ITPR1"
"BMPR1A","ACP1","ITPR1"
"BMPR1A","PDPK1","ITPR1"
"BMPR1A","CDK5","ITPR1"
"BMPR1A","BDKRB2","ITPR1"
"BMPR1A","FERMT2","ITPR1"
"BMPR1A","TRIO","ITPR1"
"BMPR1A","SRC","ZBTB16"
"BMPR1A","GRK2","ZBTB16"
"BMPR1A","STK11","ZBTB16"
"BMPR1A","PTPRJ","ZBTB16"
"BMPR1A","GSK3B","ZBTB16"
"BMPR1A","CDK5","ZBTB16"
"BMPR1A","AIIB/b3 integrin","ZBTB16"
"BMPR1A","GRK2","ACIN1"
"BMPR1A","STK11","ACIN1"
"BMPR1A","ACP1","ACIN1"
"BMPR1A","PTPN6","ACIN1"
"BMPR1A","PTPRJ","ACIN1"
"BMPR1A","AIIB/b3 integrin","ACIN1"
"BMPR1A","CLK2","ACIN1"
"BMPR1A","SRC","PIDD1"
"BMPR1A","GRK2","PIDD1"
"BMPR1A","SMO","PIDD1"
"BMPR1A","ACP1","PIDD1"
"BMPR1A","AIIB/b3 integrin","PIDD1"
"BMPR1A","FCRL3","PIDD1"
"BMPR1A","SRC","F3"
"BMPR1A","GRK2","F3"
"BMPR1A","ACP1","F3"
"BMPR1A","PTPRJ","F3"
"BMPR1A","CDK5","F3"
"BMPR1A","BDKRB2","F3"
"BMPR1A","S1PR1","F3"
"BMPR1A","DCC","F3"
"BMPR1A","SRC","KIF3A"
"BMPR1A","GRK2","KIF3A"
"BMPR1A","ACP1","KIF3A"
"BMPR1A","PTPN6","KIF3A"
"BMPR1A","KIT","KIF3A"
"BMPR1A","PTPRJ","KIF3A"
"BMPR1A","FYN","KIF3A"
"BMPR1A","GSK3B","KIF3A"
"BMPR1A","AIIB/b3 integrin","KIF3A"
"BMPR1A","S1PR1","KIF3A"
"BMPR1A","PTPRA","KIF3A"
"BMPR1A","GRM5","KIF3A"
"BMPR1A","FERMT2","KIF3A"
"BMPR1A","CLK2","KIF3A"
"BMPR1A","DCC","KIF3A"
"BMPR1A","TRIO","KIF3A"
"BMPR1A","STK11","SPTAN1"
"BMPR1A","CDK5","SPTAN1"
"BMPR1A","BDKRB2","SPTAN1"
"BMPR1A","S1PR1","SPTAN1"
"BMPR1A","DCC","SPTAN1"
"BMPR1A","SRC","STAMBP"
"BMPR1A","ACP1","STAMBP"
"BMPR1A","KIT","STAMBP"
"BMPR1A","PTPRJ","STAMBP"
"BMPR1A","RET","STAMBP"
"BMPR1A","GRM5","STAMBP"
"BMPR1A","DCC","STAMBP"
"BMPR1A","TRIO","STAMBP"
"BMPR1A","STK11","CDKN1C"
"BMPR1A","ACP1","CDKN1C"
"BMPR1A","PTPRJ","CDKN1C"
"BMPR1A","PDPK1","CDKN1C"
"BMPR1A","CDK5","CDKN1C"
"BMPR1A","CSNK1A1","CDKN1C"
"BMPR1A","BDKRB2","CDKN1C"
"BMPR1A","AIIB/b3 integrin","CDKN1C"
"BMPR1A","S1PR1","CDKN1C"
"BMPR1A","PTPRA","CDKN1C"
"BMPR1A","CLK2","CDKN1C"
"BMPR1A","DCC","CDKN1C"
"BMPR1A","TRIO","CDKN1C"
"BMPR1A","SRC","ENAH"
"BMPR1A","STK11","ENAH"
"BMPR1A","SMO","ENAH"
"BMPR1A","PTPN6","ENAH"
"BMPR1A","KIT","ENAH"
"BMPR1A","CSNK1A1","ENAH"
"BMPR1A","PTPRA","ENAH"
"BMPR1A","CLK2","ENAH"
"BMPR1A","DCC","RNF40"
"BMPR1A","TRIO","RNF40"
"BMPR1A","SRC","TBCB"
"BMPR1A","GRK2","TBCB"
"BMPR1A","SMO","TBCB"
"BMPR1A","PTPRJ","TBCB"
"BMPR1A","FYN","TBCB"
"BMPR1A","CDK5","TBCB"
"BMPR1A","CSNK1A1","TBCB"
"BMPR1A","RET","TBCB"
"BMPR1A","AIIB/b3 integrin","TBCB"
"BMPR1A","S1PR1","TBCB"
"BMPR1A","GRM5","TBCB"
"BMPR1A","FCRL3","TBCB"
"BMPR1A","GRK2","GRIN1"
"BMPR1A","KIT","GRIN1"
"BMPR1A","PTPRJ","GRIN1"
"BMPR1A","FYN","GRIN1"
"BMPR1A","AIIB/b3 integrin","GRIN1"
"BMPR1A","GRM5","GRIN1"
"BMPR1A","FERMT2","GRIN1"
"BMPR1A","CLK2","GRIN1"
"BMPR1A","DCC","GRIN1"
"BMPR1A","TRIO","GRIN1"
"BMPR1A","FCRL3","GRIN1"
"BMPR1A","STK11","CACNA1C"
"BMPR1A","KIT","CACNA1C"
"BMPR1A","PTPRJ","CACNA1C"
"BMPR1A","FYN","CACNA1C"
"BMPR1A","PDPK1","CACNA1C"
"BMPR1A","GSK3B","CACNA1C"
"BMPR1A","RET","CACNA1C"
"BMPR1A","BDKRB2","CACNA1C"
"BMPR1A","AIIB/b3 integrin","CACNA1C"
"BMPR1A","S1PR1","CACNA1C"
"BMPR1A","PTPRA","CACNA1C"
"BMPR1A","GRM5","CACNA1C"
"BMPR1A","FERMT2","CACNA1C"
"BMPR1A","DCC","TYR"
"BMPR1A","TRIO","TYR"
"BMPR1A","CSNK1A1","PGM1"
"BMPR1A","SRC","NABP2"
"BMPR1A","GRK2","NABP2"
"BMPR1A","FYN","NABP2"
"BMPR1A","S1PR1","NABP2"
"BMPR1A","DCC","NABP2"
"BMPR1A","STK11","FCGR2C"
"BMPR1A","ACP1","FCGR2C"
"BMPR1A","KIT","FCGR2C"
"BMPR1A","PDPK1","FCGR2C"
"BMPR1A","RET","FCGR2C"
"BMPR1A","PTPRA","FCGR2C"
"BMPR1A","GRM5","FCGR2C"
"BMPR1A","DCC","FCGR2C"
"BMPR1A","FCRL3","FCGR2C"
"BMPR1A","STK11","PIK3C2A"
"BMPR1A","SMO","PIK3C2A"
"BMPR1A","ACP1","PIK3C2A"
"BMPR1A","PTPN6","PIK3C2A"
"BMPR1A","KIT","PIK3C2A"
"BMPR1A","RET","PIK3C2A"
"BMPR1A","AIIB/b3 integrin","PIK3C2A"
"BMPR1A","GRM5","PIK3C2A"
"BMPR1A","SRC","BSG"
"BMPR1A","ACP1","BSG"
"BMPR1A","PTPN6","BSG"
"BMPR1A","PDPK1","BSG"
"BMPR1A","CDK5","BSG"
"BMPR1A","BDKRB2","BSG"
"BMPR1A","FERMT2","BSG"
"BMPR1A","TRIO","BSG"
"BMPR1A","FCRL3","BSG"
"BMPR1A","PTPN6","Av/b6 integrin"
"BMPR1A","FYN","Av/b6 integrin"
"BMPR1A","PDPK1","Av/b6 integrin"
"BMPR1A","PTPRA","Av/b6 integrin"
"BMPR1A","TRIO","Av/b6 integrin"
"BMPR1A","S1PR1","MYL1"
"BMPR1A","DCC","MYL1"
"BMPR1A","ACP1","SLC6A4"
"BMPR1A","PTPRJ","SLC6A4"
"BMPR1A","CDK5","SLC6A4"
"BMPR1A","BDKRB2","SLC6A4"
"BMPR1A","S1PR1","SLC6A4"
"BMPR1A","DCC","SLC6A4"
"BMPR1A","SRC","A9/b1 integrin"
"BMPR1A","STK11","A9/b1 integrin"
"BMPR1A","PTPN6","A9/b1 integrin"
"BMPR1A","KIT","A9/b1 integrin"
"BMPR1A","FYN","A9/b1 integrin"
"BMPR1A","PDPK1","A9/b1 integrin"
"BMPR1A","PTPRA","A9/b1 integrin"
"BMPR1A","GRM5","A9/b1 integrin"
"BMPR1A","TRIO","A9/b1 integrin"
"BMPR1A","STK11","ITGB5"
"BMPR1A","SMO","ITGB5"
"BMPR1A","ACP1","ITGB5"
"BMPR1A","PTPN6","ITGB5"
"BMPR1A","KIT","ITGB5"
"BMPR1A","PTPRJ","ITGB5"
"BMPR1A","FYN","ITGB5"
"BMPR1A","PDPK1","ITGB5"
"BMPR1A","GSK3B","ITGB5"
"BMPR1A","RET","ITGB5"
"BMPR1A","BDKRB2","ITGB5"
"BMPR1A","AIIB/b3 integrin","ITGB5"
"BMPR1A","S1PR1","ITGB5"
"BMPR1A","PTPRA","ITGB5"
"BMPR1A","GRM5","ITGB5"
"BMPR1A","FERMT2","ITGB5"
"BMPR1A","CLK2","ITGB5"
"BMPR1A","DCC","ITGB5"
"BMPR1A","TRIO","ITGB5"
"BMPR1A","FCRL3","ITGB5"
"BMPR1A","CDK5","ARPC1B"
"BMPR1A","CSNK1A1","ARPC1B"
"BMPR1A","SRC","CROCC"
"BMPR1A","GRK2","CROCC"
"BMPR1A","SMO","CROCC"
"BMPR1A","KIT","CROCC"
"BMPR1A","PDPK1","CROCC"
"BMPR1A","BDKRB2","CROCC"
"BMPR1A","PTPRA","CROCC"
"BMPR1A","DCC","CROCC"
"BMPR1A","GRK2","TRPM4"
"BMPR1A","STK11","TRPM4"
"BMPR1A","SMO","TRPM4"
"BMPR1A","BDKRB2","TRPM4"
"BMPR1A","FERMT2","TRPM4"
"BMPR1A","TRIO","TRPM4"
"BMPR1A","FCRL3","TRPM4"
"BMPR1A","GRK2","BMF"
"BMPR1A","STK11","BMF"
"BMPR1A","PTPN6","BMF"
"BMPR1A","PDPK1","BMF"
"BMPR1A","GSK3B","BMF"
"BMPR1A","CDK5","BMF"
"BMPR1A","CSNK1A1","BMF"
"BMPR1A","RET","BMF"
"BMPR1A","AIIB/b3 integrin","BMF"
"BMPR1A","S1PR1","BMF"
"BMPR1A","PTPRA","BMF"
"BMPR1A","GNAI1","BMF"
"BMPR1A","GRM5","BMF"
"BMPR1A","CLK2","BMF"
"BMPR1A","DCC","BMF"
"BMPR1A","TRIO","BMF"
"BMPR1A","SRC","CDKN2D"
"BMPR1A","SMO","CDKN2D"
"BMPR1A","ACP1","CDKN2D"
"BMPR1A","KIT","CDKN2D"
"BMPR1A","GSK3B","CDKN2D"
"BMPR1A","BDKRB2","CDKN2D"
"BMPR1A","FERMT2","CDKN2D"
"BMPR1A","FCRL3","CDKN2D"
"BMPR1A","SRC","EXO1"
"BMPR1A","STK11","EXO1"
"BMPR1A","SMO","EXO1"
"BMPR1A","ACP1","EXO1"
"BMPR1A","FYN","EXO1"
"BMPR1A","PDPK1","EXO1"
"BMPR1A","BDKRB2","EXO1"
"BMPR1A","AIIB/b3 integrin","EXO1"
"BMPR1A","S1PR1","EXO1"
"BMPR1A","PTPRA","EXO1"
"BMPR1A","GNAI1","EXO1"
"BMPR1A","GRM5","EXO1"
"BMPR1A","FERMT2","EXO1"
"BMPR1A","CLK2","EXO1"
"BMPR1A","DCC","EXO1"
"BMPR1A","TRIO","EXO1"
"BMPR1A","DCC","TBC1D7"
"BMPR1A","TRIO","TBC1D7"
"BMPR1A","SRC","LGALS3"
"BMPR1A","GRK2","LGALS3"
"BMPR1A","ACP1","LGALS3"
"BMPR1A","KIT","LGALS3"
"BMPR1A","PTPRJ","LGALS3"
"BMPR1A","PDPK1","LGALS3"
"BMPR1A","GSK3B","LGALS3"
"BMPR1A","RET","LGALS3"
"BMPR1A","BDKRB2","LGALS3"
"BMPR1A","AIIB/b3 integrin","LGALS3"
"BMPR1A","S1PR1","LGALS3"
"BMPR1A","PTPRA","LGALS3"
"BMPR1A","GNAI1","LGALS3"
"BMPR1A","GRM5","LGALS3"
"BMPR1A","FERMT2","LGALS3"
"BMPR1A","CLK2","LGALS3"
"BMPR1A","DCC","LGALS3"
"BMPR1A","TRIO","LGALS3"
"BMPR1A","SRC","WRAP53"
"BMPR1A","GRK2","WRAP53"
"BMPR1A","STK11","WRAP53"
"BMPR1A","KIT","WRAP53"
"BMPR1A","PTPRJ","WRAP53"
"BMPR1A","FYN","WRAP53"
"BMPR1A","PDPK1","WRAP53"
"BMPR1A","GSK3B","WRAP53"
"BMPR1A","RET","WRAP53"
"BMPR1A","BDKRB2","WRAP53"
"BMPR1A","AIIB/b3 integrin","WRAP53"
"BMPR1A","S1PR1","WRAP53"
"BMPR1A","PTPRA","WRAP53"
"BMPR1A","GNAI1","WRAP53"
"BMPR1A","GRM5","WRAP53"
"BMPR1A","FERMT2","WRAP53"
"BMPR1A","CLK2","WRAP53"
"BMPR1A","DCC","WRAP53"
"BMPR1A","TRIO","WRAP53"
"BMPR1A","FCRL3","WRAP53"
"BMPR1A","PTPRJ","CYBA"
"BMPR1A","RET","CYBA"
"BMPR1A","S1PR1","CYBA"
"BMPR1A","PTPRA","CYBA"
"BMPR1A","GRM5","CYBA"
"BMPR1A","FERMT2","CYBA"
"BMPR1A","CLK2","CYBA"
"BMPR1A","DCC","CYBA"
"BMPR1A","TRIO","CYBA"
"BMPR1A","SRC","RDX"
"BMPR1A","ACP1","RDX"
"BMPR1A","PTPN6","RDX"
"BMPR1A","PTPRJ","RDX"
"BMPR1A","FYN","RDX"
"BMPR1A","GSK3B","RDX"
"BMPR1A","CSNK1A1","RDX"
"BMPR1A","RET","RDX"
"BMPR1A","BDKRB2","RDX"
"BMPR1A","S1PR1","RDX"
"BMPR1A","PTPRA","RDX"
"BMPR1A","FERMT2","RDX"
"BMPR1A","CLK2","RDX"
"BMPR1A","TRIO","RDX"
"BMPR1A","FCRL3","RDX"
"BMPR1A","SRC","CLIP2"
"BMPR1A","GRK2","CLIP2"
"BMPR1A","STK11","CLIP2"
"BMPR1A","FERMT2","CLIP2"
"BMPR1A","TRIO","CLIP2"
"BMPR1A","STK11","VAMP7"
"BMPR1A","SMO","VAMP7"
"BMPR1A","PDPK1","VAMP7"
"BMPR1A","S1PR1","VAMP7"
"BMPR1A","FERMT2","VAMP7"
"BMPR1A","TRIO","VAMP7"
"BMPR1A","GRK2","AMPA"
"BMPR1A","SMO","AMPA"
"BMPR1A","ACP1","AMPA"
"BMPR1A","PTPN6","AMPA"
"BMPR1A","KIT","AMPA"
"BMPR1A","PTPRJ","AMPA"
"BMPR1A","PDPK1","AMPA"
"BMPR1A","GSK3B","AMPA"
"BMPR1A","RET","AMPA"
"BMPR1A","BDKRB2","AMPA"
"BMPR1A","AIIB/b3 integrin","AMPA"
"BMPR1A","PTPRA","AMPA"
"BMPR1A","GNAI1","AMPA"
"BMPR1A","GRM5","AMPA"
"BMPR1A","FERMT2","AMPA"
"BMPR1A","CLK2","AMPA"
"BMPR1A","TRIO","AMPA"
"BMPR1A","FCRL3","AMPA"
"BMPR1A","SRC","IRF8"
"BMPR1A","GRK2","IRF8"
"BMPR1A","STK11","IRF8"
"BMPR1A","ACP1","IRF8"
"BMPR1A","KIT","IRF8"
"BMPR1A","PDPK1","IRF8"
"BMPR1A","GSK3B","IRF8"
"BMPR1A","CDK5","IRF8"
"BMPR1A","CSNK1A1","IRF8"
"BMPR1A","RET","IRF8"
"BMPR1A","BDKRB2","IRF8"
"BMPR1A","AIIB/b3 integrin","IRF8"
"BMPR1A","S1PR1","IRF8"
"BMPR1A","PTPRA","IRF8"
"BMPR1A","GNAI1","IRF8"
"BMPR1A","GRM5","IRF8"
"BMPR1A","FCRL3","IRF8"
"BMPR1A","STK11","ZNF281"
"BMPR1A","SMO","ZNF281"
"BMPR1A","PDPK1","ZNF281"
"BMPR1A","S1PR1","ZNF281"
"BMPR1A","CLK2","ZNF281"
"BMPR1A","FCRL3","ZNF281"
"BMPR1A","ACP1","RFC1"
"BMPR1A","KIT","RFC1"
"BMPR1A","PTPRJ","RFC1"
"BMPR1A","PDPK1","RFC1"
"BMPR1A","AIIB/b3 integrin","RFC1"
"BMPR1A","DCC","RFC1"
"BMPR1A","GRK2","SRCIN1"
"BMPR1A","STK11","SRCIN1"
"BMPR1A","FYN","SRCIN1"
"BMPR1A","AIIB/b3 integrin","SRCIN1"
"BMPR1A","GRM5","SRCIN1"
"BMPR1A","FERMT2","SRCIN1"
"BMPR1A","TRIO","SRCIN1"
"BMPR1A","GRK2","PLEC"
"BMPR1A","PTPN6","PLEC"
"BMPR1A","PTPRJ","PLEC"
"BMPR1A","PDPK1","PLEC"
"BMPR1A","S1PR1","PLEC"
"BMPR1A","GRM5","PLEC"
"BMPR1A","DCC","PLEC"
"BMPR1A","TRIO","PLEC"
"BMPR1A","GRK2","LBR"
"BMPR1A","STK11","LBR"
"BMPR1A","SMO","LBR"
"BMPR1A","ACP1","LBR"
"BMPR1A","GSK3B","LBR"
"BMPR1A","TRIO","LBR"
"BMPR1A","GSK3B","ADAM17"
"BMPR1A","CSNK1A1","ADAM17"
"BMPR1A","SRC","DYNC1H1"
"BMPR1A","STK11","DYNC1H1"
"BMPR1A","SMO","DYNC1H1"
"BMPR1A","ACP1","DYNC1H1"
"BMPR1A","KIT","DYNC1H1"
"BMPR1A","RET","DYNC1H1"
"BMPR1A","AIIB/b3 integrin","DYNC1H1"
"BMPR1A","S1PR1","DYNC1H1"
"BMPR1A","GRM5","DYNC1H1"
"BMPR1A","FERMT2","DYNC1H1"
"BMPR1A","FCRL3","DYNC1H1"
"BMPR1A","GRK2","ZC3HC1"
"BMPR1A","STK11","ZC3HC1"
"BMPR1A","FYN","ZC3HC1"
"BMPR1A","AIIB/b3 integrin","ZC3HC1"
"BMPR1A","GNAI1","ZC3HC1"
"BMPR1A","PTPRA","MBD4"
"BMPR1A","GNAI1","MBD4"
"BMPR1A","TRIO","MBD4"
"BMPR1A","STK11","PARK7"
"BMPR1A","FYN","PARK7"
"BMPR1A","AIIB/b3 integrin","PARK7"
"BMPR1A","FERMT2","PARK7"
"BMPR1A","CLK2","PARK7"
"BMPR1A","STK11","OGT"
"BMPR1A","PTPN6","OGT"
"BMPR1A","KIT","OGT"
"BMPR1A","PTPRJ","OGT"
"BMPR1A","PDPK1","OGT"
"BMPR1A","DCC","OGT"
"BMPR1A","SRC","MYBL1"
"BMPR1A","GRK2","MYBL1"
"BMPR1A","SMO","MYBL1"
"BMPR1A","PTPN6","MYBL1"
"BMPR1A","PTPRJ","MYBL1"
"BMPR1A","GSK3B","MYBL1"
"BMPR1A","AIIB/b3 integrin","MYBL1"
"BMPR1A","S1PR1","MYBL1"
"BMPR1A","GRM5","MYBL1"
"BMPR1A","DCC","MYBL1"
"BMPR1A","FCRL3","MYBL1"
"BMPR1A","SMO","USP4"
"BMPR1A","ACP1","USP4"
"BMPR1A","PTPN6","USP4"
"BMPR1A","PTPRJ","USP4"
"BMPR1A","RET","USP4"
"BMPR1A","BDKRB2","USP4"
"BMPR1A","S1PR1","USP4"
"BMPR1A","PTPRA","USP4"
"BMPR1A","FERMT2","USP4"
"BMPR1A","CLK2","USP4"
"BMPR1A","TRIO","USP4"
"BMPR1A","ACP1","RAB11FIP2"
"BMPR1A","PTPN6","RAB11FIP2"
"BMPR1A","KIT","RAB11FIP2"
"BMPR1A","PDPK1","RAB11FIP2"
"BMPR1A","CDK5","RAB11FIP2"
"BMPR1A","CSNK1A1","RAB11FIP2"
"BMPR1A","AIIB/b3 integrin","RAB11FIP2"
"BMPR1A","FERMT2","RAB11FIP2"
"BMPR1A","FCRL3","RAB11FIP2"
"BMPR1A","PTPN6","PRPH"
"BMPR1A","CDK5","PRPH"
"BMPR1A","BDKRB2","KHDC3L"
"BMPR1A","PTPRA","KHDC3L"
"BMPR1A","GNAI1","KHDC3L"
"BMPR1A","FERMT2","KHDC3L"
"BMPR1A","GSK3B","PAX8"
"BMPR1A","SRC","RALBP1"
"BMPR1A","GRK2","RALBP1"
"BMPR1A","STK11","RALBP1"
"BMPR1A","SMO","RALBP1"
"BMPR1A","PTPN6","RALBP1"
"BMPR1A","PTPRJ","RALBP1"
"BMPR1A","GSK3B","RALBP1"
"BMPR1A","CDK5","RALBP1"
"BMPR1A","RET","RALBP1"
"BMPR1A","BDKRB2","RALBP1"
"BMPR1A","PTPRA","RALBP1"
"BMPR1A","FERMT2","RALBP1"
"BMPR1A","CLK2","RALBP1"
"BMPR1A","FCRL3","RALBP1"
"BMPR1A","GRK2","ACADM"
"BMPR1A","SMO","ACADM"
"BMPR1A","PDPK1","ACADM"
"BMPR1A","CSNK1A1","ACADM"
"BMPR1A","CLK2","ACADM"
"BMPR1A","FCRL3","ACADM"
"BMPR1A","BDKRB2","FYB1"
"BMPR1A","AIIB/b3 integrin","FYB1"
"BMPR1A","PTPRA","FYB1"
"BMPR1A","GNAI1","FYB1"
"BMPR1A","CLK2","FYB1"
"BMPR1A","TRIO","FYB1"
"BMPR1A","FCRL3","FYB1"
"BMPR1A","GRK2","DAPP1"
"BMPR1A","STK11","DAPP1"
"BMPR1A","SMO","DAPP1"
"BMPR1A","PTPN6","DAPP1"
"BMPR1A","KIT","DAPP1"
"BMPR1A","PTPRJ","DAPP1"
"BMPR1A","FYN","DAPP1"
"BMPR1A","PDPK1","DAPP1"
"BMPR1A","CDK5","DAPP1"
"BMPR1A","RET","DAPP1"
"BMPR1A","BDKRB2","DAPP1"
"BMPR1A","STK11","HK1"
"BMPR1A","BDKRB2","HK1"
"BMPR1A","AIIB/b3 integrin","HK1"
"BMPR1A","PTPRA","HK1"
"BMPR1A","GNAI1","HK1"
"BMPR1A","GRM5","HK1"
"BMPR1A","FERMT2","HK1"
"BMPR1A","STK11","ITGB3BP"
"BMPR1A","ACP1","ITGB3BP"
"BMPR1A","FYN","ITGB3BP"
"BMPR1A","CSNK1A1","ITGB3BP"
"BMPR1A","BDKRB2","ITGB3BP"
"BMPR1A","AIIB/b3 integrin","ITGB3BP"
"BMPR1A","S1PR1","ITGB3BP"
"BMPR1A","PTPRA","ITGB3BP"
"BMPR1A","GNAI1","ITGB3BP"
"BMPR1A","FERMT2","ITGB3BP"
"BMPR1A","DCC","ITGB3BP"
"BMPR1A","TRIO","ITGB3BP"
"BMPR1A","FCRL3","ITGB3BP"
"BMPR1A","SRC","RAB11FIP1"
"BMPR1A","GRK2","RAB11FIP1"
"BMPR1A","STK11","RAB11FIP1"
"BMPR1A","SMO","RAB11FIP1"
"BMPR1A","FYN","RAB11FIP1"
"BMPR1A","PDPK1","RAB11FIP1"
"BMPR1A","CSNK1A1","RAB11FIP1"
"BMPR1A","RET","RAB11FIP1"
"BMPR1A","AIIB/b3 integrin","RAB11FIP1"
"BMPR1A","S1PR1","RAB11FIP1"
"BMPR1A","GRM5","RAB11FIP1"
"BMPR1A","CLK2","RAB11FIP1"
"BMPR1A","TRIO","RAB11FIP1"
"BMPR1A","SMO","ARHGEF9"
"BMPR1A","CDK5","ARHGEF9"
"BMPR1A","CSNK1A1","ARHGEF9"
"BMPR1A","BDKRB2","ARHGEF9"
"BMPR1A","AIIB/b3 integrin","ARHGEF9"
"BMPR1A","GNAI1","ARHGEF9"
"BMPR1A","FERMT2","ARHGEF9"
"BMPR1A","CLK2","ARHGEF9"
"BMPR1A","DCC","ARHGEF9"
"BMPR1A","TRIO","ARHGEF9"
"BMPR1A","FCRL3","ARHGEF9"
"BMPR1A","GRK2","EEF1A1"
"BMPR1A","STK11","EEF1A1"
"BMPR1A","SMO","EEF1A1"
"BMPR1A","ACP1","EEF1A1"
"BMPR1A","PTPN6","EEF1A1"
"BMPR1A","PTPRJ","EEF1A1"
"BMPR1A","FYN","EEF1A1"
"BMPR1A","PDPK1","EEF1A1"
"BMPR1A","GSK3B","EEF1A1"
"BMPR1A","CDK5","EEF1A1"
"BMPR1A","BDKRB2","EEF1A1"
"BMPR1A","AIIB/b3 integrin","EEF1A1"
"BMPR1A","S1PR1","EEF1A1"
"BMPR1A","FERMT2","EEF1A1"
"BMPR1A","CLK2","EEF1A1"
"BMPR1A","TRIO","EEF1A1"
"BMPR1A","FCRL3","EEF1A1"
"BMPR1A","SRC","DOCK6"
"BMPR1A","GRK2","DOCK6"
"BMPR1A","STK11","DOCK6"
"BMPR1A","SMO","DOCK6"
"BMPR1A","ACP1","DOCK6"
"BMPR1A","PTPN6","DOCK6"
"BMPR1A","PTPRJ","DOCK6"
"BMPR1A","FYN","DOCK6"
"BMPR1A","GSK3B","DOCK6"
"BMPR1A","CDK5","DOCK6"
"BMPR1A","AIIB/b3 integrin","DOCK6"
"BMPR1A","S1PR1","DOCK6"
"BMPR1A","GNAI1","DOCK6"
"BMPR1A","CLK2","DOCK6"
"BMPR1A","DCC","DOCK6"
"BMPR1A","GRK2","FLOT1"
"BMPR1A","STK11","FLOT1"
"BMPR1A","PTPN6","FLOT1"
"BMPR1A","KIT","FLOT1"
"BMPR1A","PTPRJ","FLOT1"
"BMPR1A","FYN","FLOT1"
"BMPR1A","CDK5","FLOT1"
"BMPR1A","RET","FLOT1"
"BMPR1A","S1PR1","FLOT1"
"BMPR1A","GNAI1","FLOT1"
"BMPR1A","CLK2","FLOT1"
"BMPR1A","TRIO","FLOT1"
"BMPR1A","FCRL3","FLOT1"
"BMPR1A","GRK2","A4/b7 integrin"
"BMPR1A","SMO","A4/b7 integrin"
"BMPR1A","ACP1","A4/b7 integrin"
"BMPR1A","PDPK1","A4/b7 integrin"
"BMPR1A","BDKRB2","A4/b7 integrin"
"BMPR1A","PTPRA","A4/b7 integrin"
"BMPR1A","GNAI1","A4/b7 integrin"
"BMPR1A","CLK2","A4/b7 integrin"
"BMPR1A","TRIO","A4/b7 integrin"
"BMPR1A","CSNK1A1","PI4KB"
"BMPR1A","SMO","FBXO31"
"BMPR1A","KIT","FBXO31"
"BMPR1A","PTPRJ","FBXO31"
"BMPR1A","FYN","FBXO31"
"BMPR1A","GSK3B","FBXO31"
"BMPR1A","RET","FBXO31"
"BMPR1A","BDKRB2","FBXO31"
"BMPR1A","GNAI1","FBXO31"
"BMPR1A","GRM5","FBXO31"
"BMPR1A","FERMT2","FBXO31"
"BMPR1A","CLK2","FBXO31"
"BMPR1A","DCC","FBXO31"
"BMPR1A","TRIO","FBXO31"
"BMPR1A","FCRL3","FBXO31"
"BMPR1A","GRK2","GNB2"
"BMPR1A","STK11","GNB2"
"BMPR1A","ACP1","GNB2"
"BMPR1A","KIT","GNB2"
"BMPR1A","PTPRJ","GNB2"
"BMPR1A","PDPK1","GNB2"
"BMPR1A","GSK3B","GNB2"
"BMPR1A","RET","GNB2"
"BMPR1A","AIIB/b3 integrin","GNB2"
"BMPR1A","FERMT2","GNB2"
"BMPR1A","DCC","GNB2"
"BMPR1A","TRIO","GNB2"
"BMPR1A","FCRL3","GNB2"
"BMPR1A","CSNK1A1","METTL1"
"BMPR1A","SRC","DROSHA"
"BMPR1A","GRK2","DROSHA"
"BMPR1A","STK11","DROSHA"
"BMPR1A","SMO","DROSHA"
"BMPR1A","ACP1","DROSHA"
"BMPR1A","PTPN6","DROSHA"
"BMPR1A","KIT","DROSHA"
"BMPR1A","FYN","DROSHA"
"BMPR1A","PDPK1","DROSHA"
"BMPR1A","CDK5","DROSHA"
"BMPR1A","RET","DROSHA"
"BMPR1A","BDKRB2","DROSHA"
"BMPR1A","S1PR1","DROSHA"
"BMPR1A","GRM5","DROSHA"
"BMPR1A","CLK2","DROSHA"
"BMPR1A","DCC","DROSHA"
"BMPR1A","TRIO","DROSHA"
"BMPR1A","FCRL3","DROSHA"
"BMPR1A","STK11","PLSCR1"
"BMPR1A","SMO","PLSCR1"
"BMPR1A","ACP1","PLSCR1"
"BMPR1A","PTPN6","PLSCR1"
"BMPR1A","FYN","PLSCR1"
"BMPR1A","PDPK1","PLSCR1"
"BMPR1A","GSK3B","PLSCR1"
"BMPR1A","RET","PLSCR1"
"BMPR1A","BDKRB2","PLSCR1"
"BMPR1A","AIIB/b3 integrin","PLSCR1"
"BMPR1A","S1PR1","PLSCR1"
"BMPR1A","PTPRA","PLSCR1"
"BMPR1A","GNAI1","PLSCR1"
"BMPR1A","FERMT2","PLSCR1"
"BMPR1A","DCC","PLSCR1"
"BMPR1A","TRIO","PLSCR1"
"BMPR1A","FCRL3","PLSCR1"
"BMPR1A","SRC","NFE2L2"
"BMPR1A","GRK2","NFE2L2"
"BMPR1A","SMO","NFE2L2"
"BMPR1A","ACP1","NFE2L2"
"BMPR1A","PTPN6","NFE2L2"
"BMPR1A","KIT","NFE2L2"
"BMPR1A","PTPRJ","NFE2L2"
"BMPR1A","FYN","NFE2L2"
"BMPR1A","CDK5","NFE2L2"
"BMPR1A","RET","NFE2L2"
"BMPR1A","BDKRB2","NFE2L2"
"BMPR1A","S1PR1","NFE2L2"
"BMPR1A","GNAI1","NFE2L2"
"BMPR1A","FERMT2","NFE2L2"
"BMPR1A","CLK2","NFE2L2"
"BMPR1A","DCC","NFE2L2"
"BMPR1A","TRIO","NFE2L2"
"BMPR1A","SRC","MAFB"
"BMPR1A","STK11","MAFB"
"BMPR1A","SMO","MAFB"
"BMPR1A","ACP1","MAFB"
"BMPR1A","PTPN6","MAFB"
"BMPR1A","KIT","MAFB"
"BMPR1A","FYN","MAFB"
"BMPR1A","CDK5","MAFB"
"BMPR1A","RET","MAFB"
"BMPR1A","S1PR1","MAFB"
"BMPR1A","GNAI1","MAFB"
"BMPR1A","GRM5","MAFB"
"BMPR1A","FERMT2","MAFB"
"BMPR1A","CLK2","MAFB"
"BMPR1A","DCC","MAFB"
"BMPR1A","FCRL3","MAFB"
"BMPR1A","SRC","TCF7"
"BMPR1A","GRK2","TCF7"
"BMPR1A","STK11","TCF7"
"BMPR1A","SMO","TCF7"
"BMPR1A","PTPN6","TCF7"
"BMPR1A","KIT","TCF7"
"BMPR1A","PTPRJ","TCF7"
"BMPR1A","FYN","TCF7"
"BMPR1A","PDPK1","TCF7"
"BMPR1A","CDK5","TCF7"
"BMPR1A","CSNK1A1","TCF7"
"BMPR1A","RET","TCF7"
"BMPR1A","BDKRB2","TCF7"
"BMPR1A","AIIB/b3 integrin","TCF7"
"BMPR1A","S1PR1","TCF7"
"BMPR1A","GRM5","TCF7"
"BMPR1A","TRIO","TCF7"
"BMPR1A","FCRL3","TCF7"
"BMPR1A","SRC","FBXL21P"
"BMPR1A","GRK2","FBXL21P"
"BMPR1A","STK11","FBXL21P"
"BMPR1A","SMO","FBXL21P"
"BMPR1A","ACP1","FBXL21P"
"BMPR1A","PTPN6","FBXL21P"
"BMPR1A","KIT","FBXL21P"
"BMPR1A","GNAI1","FBXL21P"
"BMPR1A","CLK2","FBXL21P"
"BMPR1A","ACP1","SAMHD1"
"BMPR1A","GSK3B","SAMHD1"
"BMPR1A","RET","SAMHD1"
"BMPR1A","BDKRB2","SAMHD1"
"BMPR1A","S1PR1","SAMHD1"
"BMPR1A","PTPRA","SAMHD1"
"BMPR1A","FERMT2","SAMHD1"
"BMPR1A","FCRL3","SAMHD1"
"BMPR1A","SRC","USP21"
"BMPR1A","GRK2","USP21"
"BMPR1A","FYN","USP21"
"BMPR1A","CSNK1A1","USP21"
"BMPR1A","AIIB/b3 integrin","USP21"
"BMPR1A","GRM5","USP21"
"BMPR1A","CLK2","USP21"
"BMPR1A","TRIO","USP21"
"BMPR1A","ACP1","Av/b5 integrin"
"BMPR1A","PTPRJ","Av/b5 integrin"
"BMPR1A","BDKRB2","UCHL3"
"BMPR1A","PTPRA","UCHL3"
"BMPR1A","GNAI1","UCHL3"
"BMPR1A","FCRL3","UCHL3"
"BMPR1A","PTPN6","SNAI2"
"BMPR1A","PDPK1","SNAI2"
"BMPR1A","GNAI1","SNAI2"
"BMPR1A","CDK5","NUP98"
"BMPR1A","RET","NUP98"
"BMPR1A","AIIB/b3 integrin","NUP98"
"BMPR1A","S1PR1","NUP98"
"BMPR1A","GNAI1","NUP98"
"BMPR1A","FERMT2","NUP98"
"BMPR1A","DCC","NUP98"
"BMPR1A","SRC","Av/b8 integrin"
"BMPR1A","KIT","Av/b8 integrin"
"BMPR1A","PTPRJ","Av/b8 integrin"
"BMPR1A","FYN","Av/b8 integrin"
"BMPR1A","GSK3B","Av/b8 integrin"
"BMPR1A","BDKRB2","Av/b8 integrin"
"BMPR1A","PTPRA","Av/b8 integrin"
"BMPR1A","GNAI1","Av/b8 integrin"
"BMPR1A","FERMT2","Av/b8 integrin"
"BMPR1A","FCRL3","Av/b8 integrin"
"BMPR1A","GRK2","PTGS2"
"BMPR1A","PDPK1","PTGS2"
"BMPR1A","AIIB/b3 integrin","PTGS2"
"BMPR1A","GNAI1","PTGS2"
"BMPR1A","CLK2","PTGS2"
"BMPR1A","DCC","PTGS2"
"BMPR1A","FCRL3","PTGS2"
"BMPR1A","ACP1","GAD1"
"BMPR1A","PTPN6","GAD1"
"BMPR1A","FYN","GAD1"
"BMPR1A","RET","GAD1"
"BMPR1A","BDKRB2","GAD1"
"BMPR1A","GRM5","GAD1"
"BMPR1A","DCC","GAD1"
"BMPR1A","STK11","AHR"
"BMPR1A","KIT","AHR"
"BMPR1A","CDK5","AHR"
"BMPR1A","AIIB/b3 integrin","AHR"
"BMPR1A","S1PR1","AHR"
"BMPR1A","GNAI1","AHR"
"BMPR1A","DCC","AHR"
"BMPR1A","SRC","PLD1"
"BMPR1A","KIT","PLD1"
"BMPR1A","CSNK1A1","PLD1"
"BMPR1A","BDKRB2","PLD1"
"BMPR1A","PTPRA","PLD1"
"BMPR1A","GNAI1","PLD1"
"BMPR1A","DCC","PLD1"
"BMPR1A","SRC","STK36"
"BMPR1A","GRK2","STK36"
"BMPR1A","STK11","STK36"
"BMPR1A","ACP1","STK36"
"BMPR1A","PTPRJ","STK36"
"BMPR1A","FYN","STK36"
"BMPR1A","GSK3B","STK36"
"BMPR1A","BDKRB2","STK36"
"BMPR1A","S1PR1","STK36"
"BMPR1A","GRM5","STK36"
"BMPR1A","FERMT2","STK36"
"BMPR1A","GRK2","NKX2-1"
"BMPR1A","PTPRJ","NKX2-1"
"BMPR1A","AIIB/b3 integrin","NKX2-1"
"BMPR1A","GRM5","NKX2-1"
"BMPR1A","SRC","USP10"
"BMPR1A","KIT","USP10"
"BMPR1A","RET","USP10"
"BMPR1A","BDKRB2","USP10"
"BMPR1A","S1PR1","USP10"
"BMPR1A","PTPRA","USP10"
"BMPR1A","GNAI1","USP10"
"BMPR1A","GRM5","USP10"
"BMPR1A","FERMT2","USP10"
"BMPR1A","STK11","WBP2"
"BMPR1A","FYN","WBP2"
"BMPR1A","AIIB/b3 integrin","WBP2"
"BMPR1A","GNAI1","WBP2"
"BMPR1A","DCC","WBP2"
"BMPR1A","FCRL3","WBP2"
"BMPR1A","GRK2","ARHGAP22"
"BMPR1A","PTPRJ","ARHGAP22"
"BMPR1A","GSK3B","ARHGAP22"
"BMPR1A","BDKRB2","ARHGAP22"
"BMPR1A","S1PR1","ARHGAP22"
"BMPR1A","PTPRA","ARHGAP22"
"BMPR1A","GNAI1","ARHGAP22"
"BMPR1A","GRM5","ARHGAP22"
"BMPR1A","FERMT2","ARHGAP22"
"BMPR1A","GRK2","NOS2"
"BMPR1A","PDPK1","NOS2"
"BMPR1A","AIIB/b3 integrin","RICTOR"
"BMPR1A","GNAI1","RICTOR"
"BMPR1A","FERMT2","RICTOR"
"BMPR1A","DCC","RICTOR"
"BMPR1A","CSNK1A1","ZNF322"
"BMPR1A","PTPN6","EIF2B4"
"BMPR1A","FYN","EIF2B4"
"BMPR1A","PDPK1","EIF2B4"
"BMPR1A","RET","EIF2B4"
"BMPR1A","BDKRB2","EIF2B4"
"BMPR1A","S1PR1","EIF2B4"
"BMPR1A","GNAI1","EIF2B4"
"BMPR1A","GRM5","EIF2B4"
"BMPR1A","CLK2","EIF2B4"
"BMPR1A","DCC","EIF2B4"
"BMPR1A","TRIO","EIF2B4"
"BMPR1A","GRK2","STIM1"
"BMPR1A","STK11","STIM1"
"BMPR1A","SMO","STIM1"
"BMPR1A","KIT","STIM1"
"BMPR1A","PTPRJ","STIM1"
"BMPR1A","FYN","STIM1"
"BMPR1A","GSK3B","STIM1"
"BMPR1A","CDK5","STIM1"
"BMPR1A","RET","STIM1"
"BMPR1A","GNAI1","STIM1"
"BMPR1A","GRM5","STIM1"
"BMPR1A","FERMT2","STIM1"
"BMPR1A","CLK2","STIM1"
"BMPR1A","DCC","STIM1"
"BMPR1A","TRIO","STIM1"
"BMPR1A","FCRL3","STIM1"
"BMPR1A","CDK5","KIF13B"
"BMPR1A","SRC","PYG"
"BMPR1A","GRK2","PYG"
"BMPR1A","SMO","PYG"
"BMPR1A","ACP1","PYG"
"BMPR1A","KIT","EIF2B1"
"BMPR1A","PTPRJ","EIF2B1"
"BMPR1A","FYN","EIF2B1"
"BMPR1A","PDPK1","EIF2B1"
"BMPR1A","CDK5","EIF2B1"
"BMPR1A","RET","EIF2B1"
"BMPR1A","S1PR1","EIF2B1"
"BMPR1A","GNAI1","EIF2B1"
"BMPR1A","GRM5","EIF2B1"
"BMPR1A","CLK2","EIF2B1"
"BMPR1A","TRIO","EIF2B1"
"BMPR1A","FCRL3","EIF2B1"
"BMPR1A","SRC","PAX6"
"BMPR1A","STK11","PAX6"
"BMPR1A","SMO","PAX6"
"BMPR1A","ACP1","PAX6"
"BMPR1A","PTPN6","PAX6"
"BMPR1A","KIT","PAX6"
"BMPR1A","PTPRJ","PAX6"
"BMPR1A","PDPK1","PAX6"
"BMPR1A","CDK5","PAX6"
"BMPR1A","CSNK1A1","PAX6"
"BMPR1A","AIIB/b3 integrin","PAX6"
"BMPR1A","PTPRA","PAX6"
"BMPR1A","GNAI1","PAX6"
"BMPR1A","GRM5","PAX6"
"BMPR1A","CLK2","PAX6"
"BMPR1A","DCC","PAX6"
"BMPR1A","TRIO","PAX6"
"BMPR1A","FCRL3","PAX6"
"BMPR1A","SRC","TIFA"
"BMPR1A","STK11","TIFA"
"BMPR1A","SMO","TIFA"
"BMPR1A","PTPN6","TIFA"
"BMPR1A","PTPRJ","TIFA"
"BMPR1A","FYN","TIFA"
"BMPR1A","CDK5","TIFA"
"BMPR1A","BDKRB2","TIFA"
"BMPR1A","AIIB/b3 integrin","TIFA"
"BMPR1A","S1PR1","TIFA"
"BMPR1A","PTPRA","TIFA"
"BMPR1A","GNAI1","TIFA"
"BMPR1A","FERMT2","TIFA"
"BMPR1A","CLK2","TIFA"
"BMPR1A","DCC","TIFA"
"BMPR1A","TRIO","TIFA"
"BMPR1A","FCRL3","TIFA"
"BMPR1A","GRK2","CCNF"
"BMPR1A","STK11","CCNF"
"BMPR1A","SMO","CCNF"
"BMPR1A","PDPK1","CCNF"
"BMPR1A","GSK3B","CCNF"
"BMPR1A","RET","CCNF"
"BMPR1A","GNAI1","CCNF"
"BMPR1A","CLK2","CCNF"
"BMPR1A","TRIO","CCNF"
"BMPR1A","STK11","TRPV5"
"BMPR1A","FYN","TRPV5"
"BMPR1A","AIIB/b3 integrin","TRPV5"
"BMPR1A","GRM5","TRPV5"
"BMPR1A","FERMT2","TRPV5"
"BMPR1A","CLK2","TRPV5"
"BMPR1A","DCC","TRPV5"
"BMPR1A","TRIO","TRPV5"
"BMPR1A","FCRL3","TRPV5"
"BMPR1A","GRK2","PAN2"
"BMPR1A","ACP1","PAN2"
"BMPR1A","PTPN6","PAN2"
"BMPR1A","PTPRJ","PAN2"
"BMPR1A","FYN","PAN2"
"BMPR1A","PDPK1","PAN2"
"BMPR1A","GSK3B","PAN2"
"BMPR1A","BDKRB2","PAN2"
"BMPR1A","AIIB/b3 integrin","PAN2"
"BMPR1A","S1PR1","PAN2"
"BMPR1A","PTPRA","PAN2"
"BMPR1A","GNAI1","PAN2"
"BMPR1A","GRM5","MAGEA11"
"BMPR1A","DCC","MAGEA11"
"BMPR1A","FCRL3","MAGEA11"
"BMPR1A","SMO","CELF2"
"BMPR1A","ACP1","CELF2"
"BMPR1A","GSK3B","CELF2"
"BMPR1A","PTPRA","CELF2"
"BMPR1A","SRC","SYT4"
"BMPR1A","SMO","SYT4"
"BMPR1A","ACP1","SYT4"
"BMPR1A","GSK3B","SYT4"
"BMPR1A","S1PR1","SYT4"
"BMPR1A","CLK2","SYT4"
"BMPR1A","DCC","SYT4"
"BMPR1A","FCRL3","SYT4"
"BMPR1A","SRC","MED28"
"BMPR1A","GRK2","MED28"
"BMPR1A","STK11","MED28"
"BMPR1A","TRIO","MED28"
"BMPR1A","GRK2","USP24"
"BMPR1A","STK11","USP24"
"BMPR1A","ACP1","USP24"
"BMPR1A","FYN","USP24"
"BMPR1A","CDK5","USP24"
"BMPR1A","GNAI1","USP24"
"BMPR1A","STK11","RAPGEF1"
"BMPR1A","ACP1","RAPGEF1"
"BMPR1A","PTPN6","RAPGEF1"
"BMPR1A","KIT","RAPGEF1"
"BMPR1A","FYN","RAPGEF1"
"BMPR1A","PDPK1","RAPGEF1"
"BMPR1A","CDK5","RAPGEF1"
"BMPR1A","AIIB/b3 integrin","RAPGEF1"
"BMPR1A","SRC","SFN"
"BMPR1A","SMO","SFN"
"BMPR1A","ACP1","SFN"
"BMPR1A","PTPN6","SFN"
"BMPR1A","KIT","SFN"
"BMPR1A","AIIB/b3 integrin","SFN"
"BMPR1A","PTPRA","SFN"
"BMPR1A","GNAI1","SFN"
"BMPR1A","FERMT2","SFN"
"BMPR1A","CLK2","SFN"
"BMPR1A","TRIO","SFN"
"BMPR1A","CSNK1A1","DDIT3"
"BMPR1A","SMO","RAD54L"
"BMPR1A","PTPN6","RAD54L"
"BMPR1A","PTPRJ","RAD54L"
"BMPR1A","FYN","RAD54L"
"BMPR1A","PDPK1","RAD54L"
"BMPR1A","CLK2","RAD54L"
"BMPR1A","TRIO","RAD54L"
"BMPR1A","FCRL3","RAD54L"
"BMPR1A","GRK2","BICD1"
"BMPR1A","STK11","BICD1"
"BMPR1A","SMO","BICD1"
"BMPR1A","ACP1","BICD1"
"BMPR1A","PTPN6","BICD1"
"BMPR1A","GRM5","BICD1"
"BMPR1A","SRC","PLCB2"
"BMPR1A","CDK5","PIP5K1C"
"BMPR1A","SRC","ILF3"
"BMPR1A","SMO","ILF3"
"BMPR1A","ACP1","ILF3"
"BMPR1A","KIT","ILF3"
"BMPR1A","GSK3B","ILF3"
"BMPR1A","BDKRB2","ILF3"
"BMPR1A","PTPRA","ILF3"
"BMPR1A","GNAI1","ILF3"
"BMPR1A","GRM5","ILF3"
"BMPR1A","FERMT2","ILF3"
"BMPR1A","DCC","ILF3"
"BMPR1A","SMO","MAP1B"
"BMPR1A","PTPRJ","MAP1B"
"BMPR1A","BDKRB2","MAP1B"
"BMPR1A","FERMT2","MAP1B"
"BMPR1A","GRK2","UGT2B7"
"BMPR1A","ACP1","UGT2B7"
"BMPR1A","FYN","UGT2B7"
"BMPR1A","AIIB/b3 integrin","UGT2B7"
"BMPR1A","CLK2","UGT2B7"
"BMPR1A","SRC","SCYL1"
"BMPR1A","GRK2","SCYL1"
"BMPR1A","ACP1","SCYL1"
"BMPR1A","KIT","SCYL1"
"BMPR1A","RET","SCYL1"
"BMPR1A","GNAI1","SCYL1"
"BMPR1A","FERMT2","SCYL1"
"BMPR1A","CLK2","SCYL1"
"BMPR1A","DCC","SCYL1"
"BMPR1A","FCRL3","SCYL1"
"BMPR1A","GRK2","ALYREF"
"BMPR1A","KIT","ALYREF"
"BMPR1A","FYN","ALYREF"
"BMPR1A","PDPK1","ALYREF"
"BMPR1A","GSK3B","ALYREF"
"BMPR1A","CDK5","ALYREF"
"BMPR1A","BDKRB2","ALYREF"
"BMPR1A","AIIB/b3 integrin","ALYREF"
"BMPR1A","S1PR1","ALYREF"
"BMPR1A","PTPRA","ALYREF"
"BMPR1A","GNAI1","ALYREF"
"BMPR1A","GRM5","ALYREF"
"BMPR1A","CLK2","ALYREF"
"BMPR1A","GRK2","GJB1"
"BMPR1A","ACP1","GJB1"
"BMPR1A","PDPK1","GJB1"
"BMPR1A","BDKRB2","GJB1"
"BMPR1A","GNAI1","GJB1"
"BMPR1A","CLK2","GJB1"
"BMPR1A","FCRL3","GJB1"
"BMPR1A","SRC","AREL1"
"BMPR1A","KIT","AREL1"
"BMPR1A","RET","AREL1"
"BMPR1A","FCRL3","AREL1"
"BMPR1A","STK11","ELP1"
"BMPR1A","CDK5","ELP1"
"BMPR1A","GNAI1","ELP1"
"BMPR1A","GRM5","ELP1"
"BMPR1A","FCRL3","ELP1"
"BMPR1A","SRC","KARS1"
"BMPR1A","GRK2","KARS1"
"BMPR1A","STK11","KARS1"
"BMPR1A","SMO","KARS1"
"BMPR1A","KIT","KARS1"
"BMPR1A","RET","KARS1"
"BMPR1A","BDKRB2","KARS1"
"BMPR1A","AIIB/b3 integrin","NPHS1"
"BMPR1A","S1PR1","NPHS1"
"BMPR1A","GNAI1","NPHS1"
"BMPR1A","GRM5","NPHS1"
"BMPR1A","FERMT2","NPHS1"
"BMPR1A","CLK2","NPHS1"
"BMPR1A","DCC","NPHS1"
"BMPR1A","SMO","WASF1"
"BMPR1A","RET","WASF1"
"BMPR1A","BDKRB2","WASF1"
"BMPR1A","S1PR1","WASF1"
"BMPR1A","GNAI1","WASF1"
"BMPR1A","GRM5","WASF1"
"BMPR1A","FERMT2","WASF1"
"BMPR1A","DCC","WASF1"
"BMPR1A","FCRL3","WASF1"
"BMPR1A","SRC","ZNHIT1"
"BMPR1A","GRK2","ZNHIT1"
"BMPR1A","STK11","ZNHIT1"
"BMPR1A","SMO","ZNHIT1"
"BMPR1A","ACP1","ZNHIT1"
"BMPR1A","PTPN6","ZNHIT1"
"BMPR1A","KIT","ZNHIT1"
"BMPR1A","PTPRJ","ZNHIT1"
"BMPR1A","FYN","ZNHIT1"
"BMPR1A","PDPK1","ZNHIT1"
"BMPR1A","CDK5","ZNHIT1"
"BMPR1A","RET","ZNHIT1"
"BMPR1A","RET","PFKFB3"
"BMPR1A","BDKRB2","PFKFB3"
"BMPR1A","S1PR1","PFKFB3"
"BMPR1A","GNAI1","PFKFB3"
"BMPR1A","TRIO","PFKFB3"
"BMPR1A","FCRL3","PFKFB3"
"BMPR1A","SRC","GABRB2"
"BMPR1A","GRK2","GABRB2"
"BMPR1A","STK11","GABRB2"
"BMPR1A","SMO","GABRB2"
"BMPR1A","ACP1","GABRB2"
"BMPR1A","PTPN6","GABRB2"
"BMPR1A","KIT","GABRB2"
"BMPR1A","PTPRJ","GABRB2"
"BMPR1A","FYN","GABRB2"
"BMPR1A","PDPK1","GABRB2"
"BMPR1A","GSK3B","GABRB2"
"BMPR1A","RET","GABRB2"
"BMPR1A","PTPRA","GABRB2"
"BMPR1A","GRM5","GABRB2"
"BMPR1A","FERMT2","GABRB2"
"BMPR1A","CLK2","GABRB2"
"BMPR1A","GRK2","TTL"
"BMPR1A","PTPRJ","TTL"
"BMPR1A","GSK3B","TTL"
"BMPR1A","S1PR1","TTL"
"BMPR1A","GNAI1","TTL"
"BMPR1A","GRM5","TTL"
"BMPR1A","SRC","CGAS"
"BMPR1A","KIT","CGAS"
"BMPR1A","PDPK1","CGAS"
"BMPR1A","CDK5","CGAS"
"BMPR1A","RET","CGAS"
"BMPR1A","AIIB/b3 integrin","CGAS"
"BMPR1A","GNAI1","CGAS"
"BMPR1A","FERMT2","CGAS"
"BMPR1A","TRIO","CGAS"
"BMPR1A","FCRL3","CGAS"
"BMPR1A","CSNK1A1","HBP1"
"BMPR1A","GRK2","PYGL"
"BMPR1A","STK11","PYGL"
"BMPR1A","SMO","PYGL"
"BMPR1A","ACP1","PYGL"
"BMPR1A","PTPN6","PYGL"
"BMPR1A","PTPRJ","PYGL"
"BMPR1A","FYN","PYGL"
"BMPR1A","GSK3B","PYGL"
"BMPR1A","RET","PYGL"
"BMPR1A","BDKRB2","PYGL"
"BMPR1A","AIIB/b3 integrin","PYGL"
"BMPR1A","S1PR1","PYGL"
"BMPR1A","PTPRA","PYGL"
"BMPR1A","GNAI1","PYGL"
"BMPR1A","GRM5","PYGL"
"BMPR1A","FERMT2","PYGL"
"BMPR1A","CLK2","PYGL"
"BMPR1A","DCC","PYGL"
"BMPR1A","SRC","USP14"
"BMPR1A","SMO","USP14"
"BMPR1A","ACP1","USP14"
"BMPR1A","GSK3B","USP14"
"BMPR1A","CDK5","USP14"
"BMPR1A","S1PR1","USP14"
"BMPR1A","GNAI1","USP14"
"BMPR1A","CLK2","USP14"
"BMPR1A","FCRL3","USP14"
"BMPR1A","GRK2","TNFAIP8"
"BMPR1A","STK11","TNFAIP8"
"BMPR1A","CDK5","TNFAIP8"
"BMPR1A","S1PR1","TNFAIP8"
"BMPR1A","GRM5","TNFAIP8"
"BMPR1A","CLK2","TNFAIP8"
"BMPR1A","DCC","TNFAIP8"
"BMPR1A","GRK2","PIP4K2B"
"BMPR1A","ACP1","PIP4K2B"
"BMPR1A","PTPN6","PIP4K2B"
"BMPR1A","PTPRJ","PIP4K2B"
"BMPR1A","FYN","PIP4K2B"
"BMPR1A","BDKRB2","PIP4K2B"
"BMPR1A","GRM5","PIP4K2B"
"BMPR1A","DCC","PIP4K2B"
"BMPR1A","TRIO","PIP4K2B"
"BMPR1A","GRK2","PANX1"
"BMPR1A","STK11","PANX1"
"BMPR1A","PTPN6","PANX1"
"BMPR1A","PTPRJ","PANX1"
"BMPR1A","FYN","PANX1"
"BMPR1A","PDPK1","PANX1"
"BMPR1A","GSK3B","PANX1"
"BMPR1A","CDK5","PANX1"
"BMPR1A","BDKRB2","PANX1"
"BMPR1A","AIIB/b3 integrin","PANX1"
"BMPR1A","S1PR1","PANX1"
"BMPR1A","PTPRA","PANX1"
"BMPR1A","GNAI1","PANX1"
"BMPR1A","GRM5","PANX1"
"BMPR1A","FERMT2","PANX1"
"BMPR1A","CLK2","PANX1"
"BMPR1A","DCC","PANX1"
"BMPR1A","FCRL3","PANX1"
"BMPR1A","GRK2","PKP3"
"BMPR1A","STK11","PKP3"
"BMPR1A","SMO","PKP3"
"BMPR1A","PTPN6","PKP3"
"BMPR1A","KIT","PKP3"
"BMPR1A","FYN","PKP3"
"BMPR1A","GSK3B","PKP3"
"BMPR1A","BDKRB2","PKP3"
"BMPR1A","AIIB/b3 integrin","PKP3"
"BMPR1A","PTPRA","PKP3"
"BMPR1A","GNAI1","PKP3"
"BMPR1A","FERMT2","PKP3"
"BMPR1A","DCC","PKP3"
"BMPR1A","SRC","UGT1A3"
"BMPR1A","SMO","UGT1A3"
"BMPR1A","PTPRJ","UGT1A3"
"BMPR1A","GSK3B","UGT1A3"
"BMPR1A","PTPRA","UGT1A3"
"BMPR1A","DCC","UGT1A3"
"BMPR1A","SRC","NREP"
"BMPR1A","GRK2","NREP"
"BMPR1A","PTPN6","NREP"
"BMPR1A","FYN","NREP"
"BMPR1A","PDPK1","NREP"
"BMPR1A","CSNK1A1","NREP"
"BMPR1A","S1PR1","NREP"
"BMPR1A","GRM5","NREP"
"BMPR1A","FERMT2","NREP"
"BMPR1A","DCC","NREP"
"BMPR1A","GRK2","Enolase"
"BMPR1A","ACP1","Enolase"
"BMPR1A","GSK3B","Enolase"
"BMPR1A","FERMT2","Enolase"
"BMPR1A","CLK2","Enolase"
"BMPR1A","FCRL3","Enolase"
"BMPR1A","GRK2","FEN1"
"BMPR1A","SMO","FEN1"
"BMPR1A","PDPK1","FEN1"
"BMPR1A","RET","FEN1"
"BMPR1A","DCC","FEN1"
"BMPR1A","FCRL3","FEN1"
"BMPR1A","SRC","MAG"
"BMPR1A","ACP1","MAG"
"BMPR1A","KIT","MAG"
"BMPR1A","PDPK1","MAG"
"BMPR1A","CDK5","MAG"
"BMPR1A","AIIB/b3 integrin","MAG"
"BMPR1A","GRM5","MAG"
"BMPR1A","CLK2","MAG"
"BMPR1A","DCC","MAG"
"BMPR1A","ACP1","DCBLD2"
"BMPR1A","CDK5","DCBLD2"
"BMPR1A","AIIB/b3 integrin","DCBLD2"
"BMPR1A","PTPRA","DCBLD2"
"BMPR1A","GNAI1","DCBLD2"
"BMPR1A","FERMT2","DCBLD2"
"BMPR1A","CLK2","DCBLD2"
"BMPR1A","DCC","DCBLD2"
"BMPR1A","TRIO","DCBLD2"
"BMPR1A","FCRL3","DCBLD2"
"BMPR1A","PTPN6","ISL2"
"BMPR1A","CDK5","ISL2"
"BMPR1A","S1PR1","ISL2"
"BMPR1A","PTPRA","ISL2"
"BMPR1A","FERMT2","ISL2"
"BMPR1A","CLK2","ISL2"
"BMPR1A","DCC","ISL2"
"BMPR1A","TRIO","ISL2"
"BMPR1A","ACP1","PPP6R2"
"BMPR1A","GSK3B","PPP6R2"
"BMPR1A","GRM5","PPP6R2"
"BMPR1A","FERMT2","PPP6R2"
"BMPR1A","CLK2","PPP6R2"
"BMPR1A","TRIO","PPP6R2"
"BMPR1A","SMO","EDVP"
"BMPR1A","PDPK1","EDVP"
"BMPR1A","RET","EDVP"
"BMPR1A","AIIB/b3 integrin","EDVP"
"BMPR1A","S1PR1","EDVP"
"BMPR1A","GNAI1","EDVP"
"BMPR1A","GRM5","EDVP"
"BMPR1A","CLK2","EDVP"
"BMPR1A","TRIO","EDVP"
"BMPR1A","GRK2","NCKIPSD"
"BMPR1A","PTPRJ","NCKIPSD"
"BMPR1A","GRK2","RND3"
"BMPR1A","SMO","RND3"
"BMPR1A","KIT","RND3"
"BMPR1A","PTPRJ","RND3"
"BMPR1A","PDPK1","RND3"
"BMPR1A","RET","RND3"
"BMPR1A","S1PR1","RND3"
"BMPR1A","CLK2","RND3"
"BMPR1A","SMO","REPS2"
"BMPR1A","PTPRJ","REPS2"
"BMPR1A","BDKRB2","REPS2"
"BMPR1A","FERMT2","REPS2"
"BMPR1A","FCRL3","REPS2"
"BMPR1A","SRC","POU1F1"
"BMPR1A","SMO","POU1F1"
"BMPR1A","KIT","POU1F1"
"BMPR1A","PTPRJ","POU1F1"
"BMPR1A","CSNK1A1","POU1F1"
"BMPR1A","RET","POU1F1"
"BMPR1A","GNAI1","POU1F1"
"BMPR1A","GRM5","POU1F1"
"BMPR1A","SMO","RBM38"
"BMPR1A","KIT","RBM38"
"BMPR1A","RET","RBM38"
"BMPR1A","S1PR1","RBM38"
"BMPR1A","GRM5","RBM38"
"BMPR1A","FERMT2","RBM38"
"BMPR1A","GRK2","FOXG1"
"BMPR1A","PTPRJ","FOXG1"
"BMPR1A","BDKRB2","FOXG1"
"BMPR1A","AIIB/b3 integrin","FOXG1"
"BMPR1A","S1PR1","FOXG1"
"BMPR1A","PTPRA","FOXG1"
"BMPR1A","GRM5","FOXG1"
"BMPR1A","FERMT2","FOXG1"
"BMPR1A","GRK2","EIF2B3"
"BMPR1A","PTPRJ","EIF2B3"
"BMPR1A","CDK5","EIF2B3"
"BMPR1A","RET","EIF2B3"
"BMPR1A","BDKRB2","EIF2B3"
"BMPR1A","S1PR1","EIF2B3"
"BMPR1A","PTPRA","EIF2B3"
"BMPR1A","FERMT2","EIF2B3"
"BMPR1A","DCC","EIF2B3"
"BMPR1A","TRIO","EIF2B3"
"BMPR1A","FCRL3","EIF2B3"
"BMPR1A","CSNK1A1","APLP2"
"BMPR1A","RET","APLP2"
"BMPR1A","BDKRB2","APLP2"
"BMPR1A","AIIB/b3 integrin","APLP2"
"BMPR1A","S1PR1","APLP2"
"BMPR1A","PTPRA","APLP2"
"BMPR1A","GNAI1","APLP2"
"BMPR1A","GRM5","APLP2"
"BMPR1A","FERMT2","APLP2"
"BMPR1A","CLK2","APLP2"
"BMPR1A","SRC","PGD"
"BMPR1A","STK11","PGD"
"BMPR1A","ACP1","PGD"
"BMPR1A","PTPN6","PGD"
"BMPR1A","CDK5","PGD"
"BMPR1A","GNAI1","PGD"
"BMPR1A","CLK2","PGD"
"BMPR1A","DCC","PGD"
"BMPR1A","TRIO","PGD"
"BMPR1A","SRC","KCNMA1"
"BMPR1A","GRK2","KCNMA1"
"BMPR1A","STK11","KCNMA1"
"BMPR1A","ACP1","KCNMA1"
"BMPR1A","FYN","KCNMA1"
"BMPR1A","GSK3B","KCNMA1"
"BMPR1A","CDK5","KCNMA1"
"BMPR1A","BDKRB2","KCNMA1"
"BMPR1A","S1PR1","KCNMA1"
"BMPR1A","PTPRA","KCNMA1"
"BMPR1A","GNAI1","KCNMA1"
"BMPR1A","GRM5","KCNMA1"
"BMPR1A","FERMT2","KCNMA1"
"BMPR1A","DCC","KCNMA1"
"BMPR1A","TRIO","GPM6A"
"BMPR1A","GRK2","ATP2B4"
"BMPR1A","STK11","ATP2B4"
"BMPR1A","ACP1","ATP2B4"
"BMPR1A","FYN","ATP2B4"
"BMPR1A","RET","ATP2B4"
"BMPR1A","GRM5","ATP2B4"
"BMPR1A","TRIO","NOX1"
"BMPR1A","SRC","MAPRE1"
"BMPR1A","ACP1","MAPRE1"
"BMPR1A","KIT","MAPRE1"
"BMPR1A","AIIB/b3 integrin","MAPRE1"
"BMPR1A","GNAI1","MAPRE1"
"BMPR1A","CLK2","MAPRE1"
"BMPR1A","TRIO","MAPRE1"
"BMPR1A","FCRL3","MAPRE1"
"BMPR1A","PTPN6","TKT"
"BMPR1A","PTPRJ","TKT"
"BMPR1A","RET","TKT"
"BMPR1A","TRIO","GLIS3"
"BMPR1A","GRK2","LGMN"
"BMPR1A","PDPK1","LGMN"
"BMPR1A","S1PR1","LGMN"
"BMPR1A","GRM5","LGMN"
"BMPR1A","TRIO","LGMN"
"BMPR1A","SRC","TRPV3"
"BMPR1A","STK11","TRPV3"
"BMPR1A","FYN","TRPV3"
"BMPR1A","CDK5","TRPV3"
"BMPR1A","BDKRB2","TRPV3"
"BMPR1A","AIIB/b3 integrin","TRPV3"
"BMPR1A","PTPRA","TRPV3"
"BMPR1A","GNAI1","TRPV3"
"BMPR1A","GRM5","TRPV3"
"BMPR1A","FERMT2","TRPV3"
"BMPR1A","CLK2","TRPV3"
"BMPR1A","STK11","MEIS2"
"BMPR1A","FYN","MEIS2"
"BMPR1A","RET","MEIS2"
"BMPR1A","BDKRB2","MEIS2"
"BMPR1A","S1PR1","MEIS2"
"BMPR1A","PTPRA","MEIS2"
"BMPR1A","GRM5","MEIS2"
"BMPR1A","FERMT2","MEIS2"
"BMPR1A","DCC","MEIS2"
"BMPR1A","STK11","GLRB"
"BMPR1A","FYN","GLRB"
"BMPR1A","RET","GLRB"
"BMPR1A","BDKRB2","GLRB"
"BMPR1A","S1PR1","GLRB"
"BMPR1A","PTPRA","GLRB"
"BMPR1A","GNAI1","GLRB"
"BMPR1A","FERMT2","GLRB"
"BMPR1A","DCC","GLRB"
"BMPR1A","TRIO","GLRB"
"BMPR1A","FCRL3","GLRB"
"BMPR1A","GRK2","SMAD5/SMAD4"
"BMPR1A","STK11","SMAD5/SMAD4"
"BMPR1A","KIT","SMAD5/SMAD4"
"BMPR1A","FYN","SMAD5/SMAD4"
"BMPR1A","PDPK1","SMAD5/SMAD4"
"BMPR1A","GSK3B","SMAD5/SMAD4"
"BMPR1A","BDKRB2","SMAD5/SMAD4"
"BMPR1A","S1PR1","SMAD5/SMAD4"
"BMPR1A","SRC","CD300LF"
"BMPR1A","PTPRJ","CD300LF"
"BMPR1A","BDKRB2","CD300LF"
"BMPR1A","AIIB/b3 integrin","CD300LF"
"BMPR1A","GNAI1","CD300LF"
"BMPR1A","GRM5","CD300LF"
"BMPR1A","DCC","CD300LF"
"BMPR1A","TRIO","CD300LF"
"BMPR1A","FCRL3","CD300LF"
"BMPR1A","STK11","FCAR"
"BMPR1A","PTPN6","FCAR"
"BMPR1A","PTPRJ","FCAR"
"BMPR1A","CDK5","FCAR"
"BMPR1A","CSNK1A1","FCAR"
"BMPR1A","GNAI1","FCAR"
"BMPR1A","FCRL3","FCAR"
"BMPR1A","SMO","CORO7"
"BMPR1A","ACP1","CORO7"
"BMPR1A","PTPN6","CORO7"
"BMPR1A","KIT","CORO7"
"BMPR1A","PTPRJ","CORO7"
"BMPR1A","FYN","CORO7"
"BMPR1A","PDPK1","CORO7"
"BMPR1A","GSK3B","CORO7"
"BMPR1A","CDK5","CORO7"
"BMPR1A","RET","CORO7"
"BMPR1A","BDKRB2","CORO7"
"BMPR1A","AIIB/b3 integrin","CORO7"
"BMPR1A","S1PR1","CORO7"
"BMPR1A","PTPRA","CORO7"
"BMPR1A","GNAI1","CORO7"
"BMPR1A","GRM5","CORO7"
"BMPR1A","FERMT2","CORO7"
"BMPR1A","CLK2","CORO7"
"BMPR1A","DCC","CORO7"
"BMPR1A","TRIO","CORO7"
"BMPR1A","FCRL3","CORO7"
"BMPR1A","SRC","NFE2L1"
"BMPR1A","GRK2","NFE2L1"
"BMPR1A","STK11","NFE2L1"
"BMPR1A","SMO","NFE2L1"
"BMPR1A","ACP1","NFE2L1"
"BMPR1A","PTPN6","NFE2L1"
"BMPR1A","KIT","NFE2L1"
"BMPR1A","PTPRJ","NFE2L1"
"BMPR1A","FYN","NFE2L1"
"BMPR1A","PDPK1","NFE2L1"
"BMPR1A","CDK5","NFE2L1"
"BMPR1A","CSNK1A1","NFE2L1"
"BMPR1A","RET","NFE2L1"
"BMPR1A","BDKRB2","NFE2L1"
"BMPR1A","AIIB/b3 integrin","NFE2L1"
"BMPR1A","S1PR1","NFE2L1"
"BMPR1A","PTPRA","NFE2L1"
"BMPR1A","GNAI1","NFE2L1"
"BMPR1A","GRM5","NFE2L1"
"BMPR1A","FERMT2","NFE2L1"
"BMPR1A","CLK2","NFE2L1"
"BMPR1A","DCC","NFE2L1"
"BMPR1A","TRIO","NFE2L1"
"BMPR1A","FCRL3","NFE2L1"
"BMPR1A","GRK2","PTTG1IP"
"BMPR1A","STK11","PTTG1IP"
"BMPR1A","SMO","PTTG1IP"
"BMPR1A","ACP1","PTTG1IP"
"BMPR1A","PTPN6","PTTG1IP"
"BMPR1A","KIT","PTTG1IP"
"BMPR1A","PTPRJ","PTTG1IP"
"BMPR1A","FYN","PTTG1IP"
"BMPR1A","PDPK1","PTTG1IP"
"BMPR1A","GSK3B","PTTG1IP"
"BMPR1A","CDK5","PTTG1IP"
"BMPR1A","RET","PTTG1IP"
"BMPR1A","BDKRB2","PTTG1IP"
"BMPR1A","AIIB/b3 integrin","PTTG1IP"
"BMPR1A","S1PR1","PTTG1IP"
"BMPR1A","PTPRA","PTTG1IP"
"BMPR1A","GNAI1","PTTG1IP"
"BMPR1A","GRM5","PTTG1IP"
"BMPR1A","FERMT2","PTTG1IP"
"BMPR1A","CLK2","PTTG1IP"
"BMPR1A","DCC","PTTG1IP"
"BMPR1A","TRIO","PTTG1IP"
"BMPR1A","FCRL3","PTTG1IP"
"BMPR1A","GRK2","GSN"
"BMPR1A","STK11","GSN"
"BMPR1A","SMO","GSN"
"BMPR1A","ACP1","GSN"
"BMPR1A","PTPN6","GSN"
"BMPR1A","KIT","GSN"
"BMPR1A","PTPRJ","GSN"
"BMPR1A","FYN","GSN"
"BMPR1A","PDPK1","GSN"
"BMPR1A","GSK3B","GSN"
"BMPR1A","CDK5","GSN"
"BMPR1A","RET","GSN"
"BMPR1A","BDKRB2","GSN"
"BMPR1A","AIIB/b3 integrin","GSN"
"BMPR1A","S1PR1","GSN"
"BMPR1A","PTPRA","GSN"
"BMPR1A","GNAI1","GSN"
"BMPR1A","GRM5","GSN"
"BMPR1A","FERMT2","GSN"
"BMPR1A","CLK2","GSN"
"BMPR1A","DCC","GSN"
"BMPR1A","TRIO","GSN"
"BMPR1A","FCRL3","GSN"
"BMPR1A","SRC","RIF1"
"BMPR1A","GRK2","RIF1"
"BMPR1A","STK11","RIF1"
"BMPR1A","SMO","RIF1"
"BMPR1A","ACP1","RIF1"
"BMPR1A","PTPN6","RIF1"
"BMPR1A","KIT","RIF1"
"BMPR1A","PTPRJ","RIF1"
"BMPR1A","FYN","RIF1"
"BMPR1A","PDPK1","RIF1"
"BMPR1A","GSK3B","RIF1"
"BMPR1A","RET","RIF1"
"BMPR1A","BDKRB2","RIF1"
"BMPR1A","AIIB/b3 integrin","RIF1"
"BMPR1A","S1PR1","RIF1"
"BMPR1A","PTPRA","RIF1"
"BMPR1A","GNAI1","RIF1"
"BMPR1A","GRM5","RIF1"
"BMPR1A","FERMT2","RIF1"
"BMPR1A","CLK2","RIF1"
"BMPR1A","DCC","RIF1"
"BMPR1A","TRIO","RIF1"
"BMPR1A","FCRL3","RIF1"
"BMPR1A","SRC","RAB3A"
"BMPR1A","GRK2","RAB3A"
"BMPR1A","STK11","RAB3A"
"BMPR1A","SMO","RAB3A"
"BMPR1A","ACP1","RAB3A"
"BMPR1A","PTPN6","RAB3A"
"BMPR1A","KIT","RAB3A"
"BMPR1A","PTPRJ","RAB3A"
"BMPR1A","FYN","RAB3A"
"BMPR1A","PDPK1","RAB3A"
"BMPR1A","GSK3B","RAB3A"
"BMPR1A","RET","RAB3A"
"BMPR1A","BDKRB2","RAB3A"
"BMPR1A","AIIB/b3 integrin","RAB3A"
"BMPR1A","S1PR1","RAB3A"
"BMPR1A","PTPRA","RAB3A"
"BMPR1A","GNAI1","RAB3A"
"BMPR1A","GRM5","RAB3A"
"BMPR1A","FERMT2","RAB3A"
"BMPR1A","CLK2","RAB3A"
"BMPR1A","DCC","RAB3A"
"BMPR1A","TRIO","RAB3A"
"BMPR1A","FCRL3","RAB3A"
"BMPR1A","GRK2","NDUFV2"
"BMPR1A","STK11","NDUFV2"
"BMPR1A","SMO","NDUFV2"
"BMPR1A","ACP1","NDUFV2"
"BMPR1A","PTPN6","NDUFV2"
"BMPR1A","KIT","NDUFV2"
"BMPR1A","PTPRJ","NDUFV2"
"BMPR1A","FYN","NDUFV2"
"BMPR1A","PDPK1","NDUFV2"
"BMPR1A","GSK3B","NDUFV2"
"BMPR1A","CDK5","NDUFV2"
"BMPR1A","RET","NDUFV2"
"BMPR1A","BDKRB2","NDUFV2"
"BMPR1A","AIIB/b3 integrin","NDUFV2"
"BMPR1A","S1PR1","NDUFV2"
"BMPR1A","PTPRA","NDUFV2"
"BMPR1A","GNAI1","NDUFV2"
"BMPR1A","GRM5","NDUFV2"
"BMPR1A","FERMT2","NDUFV2"
"BMPR1A","CLK2","NDUFV2"
"BMPR1A","DCC","NDUFV2"
"BMPR1A","TRIO","NDUFV2"
"BMPR1A","FCRL3","NDUFV2"
"BMPR1A","GRK2","SDHA"
"BMPR1A","STK11","SDHA"
"BMPR1A","SMO","SDHA"
"BMPR1A","ACP1","SDHA"
"BMPR1A","PTPN6","SDHA"
"BMPR1A","KIT","SDHA"
"BMPR1A","PTPRJ","SDHA"
"BMPR1A","FYN","SDHA"
"BMPR1A","PDPK1","SDHA"
"BMPR1A","GSK3B","SDHA"
"BMPR1A","CDK5","SDHA"
"BMPR1A","RET","SDHA"
"BMPR1A","BDKRB2","SDHA"
"BMPR1A","AIIB/b3 integrin","SDHA"
"BMPR1A","S1PR1","SDHA"
"BMPR1A","PTPRA","SDHA"
"BMPR1A","GNAI1","SDHA"
"BMPR1A","GRM5","SDHA"
"BMPR1A","FERMT2","SDHA"
"BMPR1A","CLK2","SDHA"
"BMPR1A","DCC","SDHA"
"BMPR1A","TRIO","SDHA"
"BMPR1A","FCRL3","SDHA"
"BMPR1A","SRC","GNAT2"
"BMPR1A","GRK2","GNAT2"
"BMPR1A","STK11","GNAT2"
"BMPR1A","ACP1","GNAT2"
"BMPR1A","PTPN6","GNAT2"
"BMPR1A","KIT","GNAT2"
"BMPR1A","PTPRJ","GNAT2"
"BMPR1A","FYN","GNAT2"
"BMPR1A","PDPK1","GNAT2"
"BMPR1A","GSK3B","GNAT2"
"BMPR1A","CDK5","GNAT2"
"BMPR1A","RET","GNAT2"
"BMPR1A","BDKRB2","GNAT2"
"BMPR1A","AIIB/b3 integrin","GNAT2"
"BMPR1A","S1PR1","GNAT2"
"BMPR1A","PTPRA","GNAT2"
"BMPR1A","GNAI1","GNAT2"
"BMPR1A","GRM5","GNAT2"
"BMPR1A","FERMT2","GNAT2"
"BMPR1A","CLK2","GNAT2"
"BMPR1A","DCC","GNAT2"
"BMPR1A","TRIO","GNAT2"
"BMPR1A","FCRL3","GNAT2"
"BMPR1A","SRC","RNF20"
"BMPR1A","GRK2","RNF20"
"BMPR1A","STK11","RNF20"
"BMPR1A","SMO","RNF20"
"BMPR1A","ACP1","RNF20"
"BMPR1A","PTPN6","RNF20"
"BMPR1A","KIT","RNF20"
"BMPR1A","PTPRJ","RNF20"
"BMPR1A","FYN","RNF20"
"BMPR1A","PDPK1","RNF20"
"BMPR1A","GSK3B","RNF20"
"BMPR1A","RET","RNF20"
"BMPR1A","BDKRB2","RNF20"
"BMPR1A","AIIB/b3 integrin","RNF20"
"BMPR1A","S1PR1","RNF20"
"BMPR1A","PTPRA","RNF20"
"BMPR1A","GNAI1","RNF20"
"BMPR1A","GRM5","RNF20"
"BMPR1A","FERMT2","RNF20"
"BMPR1A","CLK2","RNF20"
"BMPR1A","DCC","RNF20"
"BMPR1A","TRIO","RNF20"
"BMPR1A","FCRL3","RNF20"
"BMPR1A","SRC","EIF4G1"
"BMPR1A","GRK2","EIF4G1"
"BMPR1A","STK11","EIF4G1"
"BMPR1A","SMO","EIF4G1"
"BMPR1A","ACP1","EIF4G1"
"BMPR1A","PTPN6","EIF4G1"
"BMPR1A","KIT","EIF4G1"
"BMPR1A","PTPRJ","EIF4G1"
"BMPR1A","FYN","EIF4G1"
"BMPR1A","PDPK1","EIF4G1"
"BMPR1A","GSK3B","EIF4G1"
"BMPR1A","CDK5","EIF4G1"
"BMPR1A","RET","EIF4G1"
"BMPR1A","BDKRB2","EIF4G1"
"BMPR1A","AIIB/b3 integrin","EIF4G1"
"BMPR1A","S1PR1","EIF4G1"
"BMPR1A","PTPRA","EIF4G1"
"BMPR1A","GNAI1","EIF4G1"
"BMPR1A","GRM5","EIF4G1"
"BMPR1A","FERMT2","EIF4G1"
"BMPR1A","CLK2","EIF4G1"
"BMPR1A","DCC","EIF4G1"
"BMPR1A","TRIO","EIF4G1"
"BMPR1A","FCRL3","EIF4G1"
"BMPR1A","SRC","SRSF5"
"BMPR1A","GRK2","SRSF5"
"BMPR1A","STK11","SRSF5"
"BMPR1A","SMO","SRSF5"
"BMPR1A","ACP1","SRSF5"
"BMPR1A","PTPN6","SRSF5"
"BMPR1A","KIT","SRSF5"
"BMPR1A","PTPRJ","SRSF5"
"BMPR1A","FYN","SRSF5"
"BMPR1A","PDPK1","SRSF5"
"BMPR1A","GSK3B","SRSF5"
"BMPR1A","CDK5","SRSF5"
"BMPR1A","RET","SRSF5"
"BMPR1A","BDKRB2","SRSF5"
"BMPR1A","AIIB/b3 integrin","SRSF5"
"BMPR1A","S1PR1","SRSF5"
"BMPR1A","PTPRA","SRSF5"
"BMPR1A","GNAI1","SRSF5"
"BMPR1A","GRM5","SRSF5"
"BMPR1A","FERMT2","SRSF5"
"BMPR1A","CLK2","SRSF5"
"BMPR1A","DCC","SRSF5"
"BMPR1A","TRIO","SRSF5"
"BMPR1A","FCRL3","SRSF5"
"BMPR1A","SRC","RRM2"
"BMPR1A","GRK2","RRM2"
"BMPR1A","STK11","RRM2"
"BMPR1A","SMO","RRM2"
"BMPR1A","ACP1","RRM2"
"BMPR1A","PTPN6","RRM2"
"BMPR1A","KIT","RRM2"
"BMPR1A","PTPRJ","RRM2"
"BMPR1A","FYN","RRM2"
"BMPR1A","PDPK1","RRM2"
"BMPR1A","GSK3B","RRM2"
"BMPR1A","CDK5","RRM2"
"BMPR1A","RET","RRM2"
"BMPR1A","BDKRB2","RRM2"
"BMPR1A","AIIB/b3 integrin","RRM2"
"BMPR1A","S1PR1","RRM2"
"BMPR1A","PTPRA","RRM2"
"BMPR1A","GNAI1","RRM2"
"BMPR1A","GRM5","RRM2"
"BMPR1A","FERMT2","RRM2"
"BMPR1A","CLK2","RRM2"
"BMPR1A","DCC","RRM2"
"BMPR1A","TRIO","RRM2"
"BMPR1A","FCRL3","RRM2"
"BMPR1A","SRC","CORO1A"
"BMPR1A","GRK2","CORO1A"
"BMPR1A","STK11","CORO1A"
"BMPR1A","SMO","CORO1A"
"BMPR1A","ACP1","CORO1A"
"BMPR1A","PTPN6","CORO1A"
"BMPR1A","KIT","CORO1A"
"BMPR1A","PTPRJ","CORO1A"
"BMPR1A","FYN","CORO1A"
"BMPR1A","PDPK1","CORO1A"
"BMPR1A","GSK3B","CORO1A"
"BMPR1A","RET","CORO1A"
"BMPR1A","BDKRB2","CORO1A"
"BMPR1A","AIIB/b3 integrin","CORO1A"
"BMPR1A","S1PR1","CORO1A"
"BMPR1A","PTPRA","CORO1A"
"BMPR1A","GNAI1","CORO1A"
"BMPR1A","GRM5","CORO1A"
"BMPR1A","FERMT2","CORO1A"
"BMPR1A","CLK2","CORO1A"
"BMPR1A","DCC","CORO1A"
"BMPR1A","TRIO","CORO1A"
"BMPR1A","FCRL3","CORO1A"
"BMPR1A","GSK3B","PHB"
"BMPR1A","CSNK1A1","RAB11FIP5"
"BMPR1A","SRC","STRAP"
"BMPR1A","GRK2","STRAP"
"BMPR1A","STK11","STRAP"
"BMPR1A","SMO","STRAP"
"BMPR1A","ACP1","STRAP"
"BMPR1A","PTPN6","STRAP"
"BMPR1A","KIT","STRAP"
"BMPR1A","PTPRJ","STRAP"
"BMPR1A","FYN","STRAP"
"BMPR1A","PDPK1","STRAP"
"BMPR1A","GSK3B","STRAP"
"BMPR1A","CDK5","STRAP"
"BMPR1A","CSNK1A1","STRAP"
"BMPR1A","RET","STRAP"
"BMPR1A","BDKRB2","STRAP"
"BMPR1A","AIIB/b3 integrin","STRAP"
"BMPR1A","S1PR1","STRAP"
"BMPR1A","PTPRA","STRAP"
"BMPR1A","GNAI1","STRAP"
"BMPR1A","GRM5","STRAP"
"BMPR1A","FERMT2","STRAP"
"BMPR1A","CLK2","STRAP"
"BMPR1A","DCC","STRAP"
"BMPR1A","TRIO","STRAP"
"BMPR1A","FCRL3","STRAP"
"BMPR1A","SRC","BEX1"
"BMPR1A","GRK2","BEX1"
"BMPR1A","STK11","BEX1"
"BMPR1A","SMO","BEX1"
"BMPR1A","ACP1","BEX1"
"BMPR1A","PTPN6","BEX1"
"BMPR1A","KIT","BEX1"
"BMPR1A","PTPRJ","BEX1"
"BMPR1A","FYN","BEX1"
"BMPR1A","PDPK1","BEX1"
"BMPR1A","GSK3B","BEX1"
"BMPR1A","CDK5","BEX1"
"BMPR1A","RET","BEX1"
"BMPR1A","BDKRB2","BEX1"
"BMPR1A","AIIB/b3 integrin","BEX1"
"BMPR1A","S1PR1","BEX1"
"BMPR1A","PTPRA","BEX1"
"BMPR1A","GNAI1","BEX1"
"BMPR1A","GRM5","BEX1"
"BMPR1A","FERMT2","BEX1"
"BMPR1A","CLK2","BEX1"
"BMPR1A","DCC","BEX1"
"BMPR1A","TRIO","BEX1"
"BMPR1A","FCRL3","BEX1"
