"X1","X2","X3"
"CDK9","AURKA","MAPK3"
"CDK9","CDK1","MAPK3"
"CDK9","PRKCA","MAPK3"
"CDK9","PTPN6","MAPK3"
"CDK9","MAPK14","MAPK3"
"CDK9","PTPRC","MAPK3"
"CDK9","AKT","MAPK3"
"CDK9","PIK3CA","MAPK3"
"CDK9","CyclinE/CDK2","MAPK3"
"CDK9","PTK6","MAPK3"
"CDK9","ZAP70","MAPK3"
"CDK9","TRAF6","MAPK3"
"CDK9","CDK6","MAPK3"
"CDK9","CDC25C","MAPK3"
"CDK9","CDC25B","MAPK3"
"CDK9","LAT","MAPK3"
"CDK9","PTPRA","MAPK3"
"CDK9","ESR1","MAPK3"
"CDK9","PPP1R14A","MAPK3"
"CDK9","ABI1","MAPK3"
"CDK9","PEBP1","MAPK3"
"CDK9","LCK","AKT3"
"CDK9","NCOA2","AKT3"
"CDK9","NR3C1","AKT3"
"CDK9","GSK3B/Axin/APC","MYOD1"
"CDK9","PRKCD","MYOD1"
"CDK9","CSNK2A1","MYOD1"
"CDK9","CDK1","MYOD1"
"CDK9","PRKCA","MYOD1"
"CDK9","PTPN6","MYOD1"
"CDK9","MAPK14","MYOD1"
"CDK9","PTPRC","MYOD1"
"CDK9","CSNK1D","MYOD1"
"CDK9","PLK1","MYOD1"
"CDK9","TGFBR1","MYOD1"
"CDK9","ABL1","MYOD1"
"CDK9","CDK2","MYOD1"
"CDK9","PAK6","MYOD1"
"CDK9","PPP1R2","MYOD1"
"CDK9","CDK5","MYOD1"
"CDK9","PTK2","MYOD1"
"CDK9","CyclinE/CDK2","MYOD1"
"CDK9","RNF111","MYOD1"
"CDK9","mTORC1","MYOD1"
"CDK9","CDK3","MYOD1"
"CDK9","GRB2","MYOD1"
"CDK9","NCOA2","MYOD1"
"CDK9","TRAF6","MYOD1"
"CDK9","SHC1","MYOD1"
"CDK9","AXIN1","MYOD1"
"CDK9","CDK6","MYOD1"
"CDK9","CDC25C","MYOD1"
"CDK9","CDC25B","MYOD1"
"CDK9","LAT","MYOD1"
"CDK9","ESR1","MYOD1"
"CDK9","CD28","MYOD1"
"CDK9","NR3C1","MYOD1"
"CDK9","FGFR2","MYOD1"
"CDK9","NF2","MYOD1"
"CDK9","GRB10","MYOD1"
"CDK9","GRM5","MYOD1"
"CDK9","PIK3CG","MYOD1"
"CDK9","ABI1","MYOD1"
"CDK9","BORA","MYOD1"
"CDK9","GSK3B","MAP2K6"
"CDK9","CREBBP","SRC"
"CDK9","MAPK3","GSK3B/Axin/APC"
"CDK9","AURKA","GSK3B/Axin/APC"
"CDK9","PRKCD","GSK3B/Axin/APC"
"CDK9","MAPK1","GSK3B/Axin/APC"
"CDK9","CSNK2A1","GSK3B/Axin/APC"
"CDK9","PRKCA","GSK3B/Axin/APC"
"CDK9","PTPN6","GSK3B/Axin/APC"
"CDK9","ERK1/2","GSK3B/Axin/APC"
"CDK9","Gbeta","GSK3B/Axin/APC"
"CDK9","LCK","GSK3B/Axin/APC"
"CDK9","TGFBR1","GSK3B/Axin/APC"
"CDK9","CDK2","GSK3B/Axin/APC"
"CDK9","GSK3B","GSK3B/Axin/APC"
"CDK9","PPP1R2","GSK3B/Axin/APC"
"CDK9","CDK5","GSK3B/Axin/APC"
"CDK9","MAP3K1","GSK3B/Axin/APC"
"CDK9","AKT","GSK3B/Axin/APC"
"CDK9","IRS1","GSK3B/Axin/APC"
"CDK9","PIK3CA","GSK3B/Axin/APC"
"CDK9","PTK2","GSK3B/Axin/APC"
"CDK9","CyclinE/CDK2","GSK3B/Axin/APC"
"CDK9","RNF111","GSK3B/Axin/APC"
"CDK9","mTORC1","GSK3B/Axin/APC"
"CDK9","RASSF1","GSK3B/Axin/APC"
"CDK9","ADRA2A","GSK3B/Axin/APC"
"CDK9","CDK3","GSK3B/Axin/APC"
"CDK9","PTK6","GSK3B/Axin/APC"
"CDK9","NCOA2","GSK3B/Axin/APC"
"CDK9","TRAF6","GSK3B/Axin/APC"
"CDK9","CDC25C","GSK3B/Axin/APC"
"CDK9","CDC25B","GSK3B/Axin/APC"
"CDK9","LAT","GSK3B/Axin/APC"
"CDK9","GAB1","GSK3B/Axin/APC"
"CDK9","PTPRA","GSK3B/Axin/APC"
"CDK9","ESR1","GSK3B/Axin/APC"
"CDK9","ARRB2","GSK3B/Axin/APC"
"CDK9","CD28","GSK3B/Axin/APC"
"CDK9","NR3C1","GSK3B/Axin/APC"
"CDK9","GAB2","GSK3B/Axin/APC"
"CDK9","NF2","GSK3B/Axin/APC"
"CDK9","GRB10","GSK3B/Axin/APC"
"CDK9","PIK3CG","GSK3B/Axin/APC"
"CDK9","PPP1R14A","GSK3B/Axin/APC"
"CDK9","BORA","GSK3B/Axin/APC"
"CDK9","PPP1R14B","GSK3B/Axin/APC"
"CDK9","MAPK3","AURKA"
"CDK9","GSK3B/Axin/APC","AURKA"
"CDK9","MAPK1","AURKA"
"CDK9","PRKCA","AURKA"
"CDK9","PTPRC","AURKA"
"CDK9","ERK1/2","AURKA"
"CDK9","Gbeta","AURKA"
"CDK9","PLK1","AURKA"
"CDK9","LCK","AURKA"
"CDK9","TGFBR1","AURKA"
"CDK9","RPS6KA1","AURKA"
"CDK9","MAP3K1","AURKA"
"CDK9","AKT","AURKA"
"CDK9","IRS1","AURKA"
"CDK9","PIK3CA","AURKA"
"CDK9","PTK2","AURKA"
"CDK9","CDK3","AURKA"
"CDK9","PTK6","AURKA"
"CDK9","ZAP70","AURKA"
"CDK9","NCOA2","AURKA"
"CDK9","TRAF6","AURKA"
"CDK9","MAPKAPK5","AURKA"
"CDK9","LAT","AURKA"
"CDK9","GAB1","AURKA"
"CDK9","ESR1","AURKA"
"CDK9","NR3C1","AURKA"
"CDK9","MGluR","AURKA"
"CDK9","GAB2","AURKA"
"CDK9","FGFR2","AURKA"
"CDK9","GRB10","AURKA"
"CDK9","PPP1R14A","AURKA"
"CDK9","PPP1R14B","AURKA"
"CDK9","MAPK3","GRK2"
"CDK9","AURKA","RPS6KA2"
"CDK9","PRKCD","RPS6KA2"
"CDK9","CDK1","RPS6KA2"
"CDK9","PRKCA","RPS6KA2"
"CDK9","PTPN6","RPS6KA2"
"CDK9","MAPK14","RPS6KA2"
"CDK9","PTPRC","RPS6KA2"
"CDK9","PLK1","RPS6KA2"
"CDK9","TGFBR1","RPS6KA2"
"CDK9","MAP3K1","RPS6KA2"
"CDK9","IRS1","RPS6KA2"
"CDK9","CDK3","RPS6KA2"
"CDK9","TRAF6","RPS6KA2"
"CDK9","SHC1","RPS6KA2"
"CDK9","AXIN1","RPS6KA2"
"CDK9","CDK6","RPS6KA2"
"CDK9","ARRB2","RPS6KA2"
"CDK9","FGFR2","RPS6KA2"
"CDK9","GRM5","RPS6KA2"
"CDK9","PIK3CG","RPS6KA2"
"CDK9","PPP1R14A","RPS6KA2"
"CDK9","ABI1","RPS6KA2"
"CDK9","PEBP1","RPS6KA2"
"CDK9","PPP1R14B","RPS6KA2"
"CDK9","MAPK1","AKT2"
"CDK9","CSNK2A1","AKT2"
"CDK9","PRKCA","AKT2"
"CDK9","PTPRC","AKT2"
"CDK9","ERK1/2","AKT2"
"CDK9","Gbeta","AKT2"
"CDK9","LCK","AKT2"
"CDK9","TGFBR1","AKT2"
"CDK9","CDK2","AKT2"
"CDK9","PAK6","AKT2"
"CDK9","PPP1R2","AKT2"
"CDK9","PRKD1","AKT2"
"CDK9","IRS1","AKT2"
"CDK9","RNF111","AKT2"
"CDK9","RASSF1","AKT2"
"CDK9","CDK3","AKT2"
"CDK9","GRB2","AKT2"
"CDK9","SHC1","AKT2"
"CDK9","MAPKAPK5","AKT2"
"CDK9","LAT","AKT2"
"CDK9","GAB1","AKT2"
"CDK9","PTPRA","AKT2"
"CDK9","NR3C1","AKT2"
"CDK9","MGluR","AKT2"
"CDK9","INPP5D","AKT2"
"CDK9","FGFR2","AKT2"
"CDK9","NF2","AKT2"
"CDK9","GRB10","AKT2"
"CDK9","GRM5","AKT2"
"CDK9","ABI1","AKT2"
"CDK9","PEBP1","AKT2"
"CDK9","PPP1R14B","AKT2"
"CDK9","LCK","AKT1"
"CDK9","NR3C1","AKT1"
"CDK9","MAPK1","PRKCD"
"CDK9","PTPN6","PRKCD"
"CDK9","MAPK14","PRKCD"
"CDK9","PTPRC","PRKCD"
"CDK9","ERK1/2","PRKCD"
"CDK9","RPS6KA1","PRKCD"
"CDK9","GSK3B","PRKCD"
"CDK9","MAP3K1","PRKCD"
"CDK9","PIK3CA","PRKCD"
"CDK9","mTORC1","PRKCD"
"CDK9","RASSF1","PRKCD"
"CDK9","CDK3","PRKCD"
"CDK9","CDC25C","PRKCD"
"CDK9","CD28","PRKCD"
"CDK9","MGluR","PRKCD"
"CDK9","NF2","PRKCD"
"CDK9","PPP1R14A","PRKCD"
"CDK9","ABI1","PRKCD"
"CDK9","BORA","PRKCD"
"CDK9","PRKCD","CDK4"
"CDK9","MAPK1","CDK4"
"CDK9","CSNK2A1","CDK4"
"CDK9","CDK1","CDK4"
"CDK9","PRKCA","CDK4"
"CDK9","MAPK14","CDK4"
"CDK9","ERK1/2","CDK4"
"CDK9","Gbeta","CDK4"
"CDK9","CSNK1D","CDK4"
"CDK9","PLK1","CDK4"
"CDK9","LCK","CDK4"
"CDK9","ABL1","CDK4"
"CDK9","CDK2","CDK4"
"CDK9","RPS6KA1","CDK4"
"CDK9","GSK3B","CDK4"
"CDK9","PPP1R2","CDK4"
"CDK9","MAP3K1","CDK4"
"CDK9","AKT","CDK4"
"CDK9","IRS1","CDK4"
"CDK9","PIK3CA","CDK4"
"CDK9","mTORC1","CDK4"
"CDK9","RASSF1","CDK4"
"CDK9","PTK6","CDK4"
"CDK9","ZAP70","CDK4"
"CDK9","NCOA2","CDK4"
"CDK9","TRAF6","CDK4"
"CDK9","AXIN1","CDK4"
"CDK9","CDK6","CDK4"
"CDK9","CDC25B","CDK4"
"CDK9","GAB1","CDK4"
"CDK9","PTPRA","CDK4"
"CDK9","ESR1","CDK4"
"CDK9","CD28","CDK4"
"CDK9","INPP5D","CDK4"
"CDK9","GAB2","CDK4"
"CDK9","GRM5","CDK4"
"CDK9","ABI1","CDK4"
"CDK9","BORA","CDK4"
"CDK9","PPP1R14B","CDK4"
"CDK9","AKT3","ACP1"
"CDK9","PRKCD","ACP1"
"CDK9","MAPK1","ACP1"
"CDK9","CSNK2A1","ACP1"
"CDK9","CDK1","ACP1"
"CDK9","MAPK14","ACP1"
"CDK9","ERK1/2","ACP1"
"CDK9","CSNK1D","ACP1"
"CDK9","PLK1","ACP1"
"CDK9","TGFBR1","ACP1"
"CDK9","ABL1","ACP1"
"CDK9","RPS6KA1","ACP1"
"CDK9","GSK3B","ACP1"
"CDK9","CDK5","ACP1"
"CDK9","MAP3K1","ACP1"
"CDK9","PRKD1","ACP1"
"CDK9","PIK3CA","ACP1"
"CDK9","CyclinE/CDK2","ACP1"
"CDK9","RNF111","ACP1"
"CDK9","mTORC1","ACP1"
"CDK9","RASSF1","ACP1"
"CDK9","CDK3","ACP1"
"CDK9","GRB2","ACP1"
"CDK9","ZAP70","ACP1"
"CDK9","SHC1","ACP1"
"CDK9","AXIN1","ACP1"
"CDK9","CDK6","ACP1"
"CDK9","GAB1","ACP1"
"CDK9","PTPRA","ACP1"
"CDK9","ESR1","ACP1"
"CDK9","ARRB2","ACP1"
"CDK9","CD28","ACP1"
"CDK9","MGluR","ACP1"
"CDK9","INPP5D","ACP1"
"CDK9","NF2","ACP1"
"CDK9","GRB10","ACP1"
"CDK9","GRM5","ACP1"
"CDK9","PPP1R14A","ACP1"
"CDK9","BORA","ACP1"
"CDK9","PPP1R14B","ACP1"
"CDK9","AURKA","MAPK1"
"CDK9","PRKCD","MAPK1"
"CDK9","CSNK2A1","MAPK1"
"CDK9","CDK1","MAPK1"
"CDK9","MAPK14","MAPK1"
"CDK9","PLK1","MAPK1"
"CDK9","CDK2","MAPK1"
"CDK9","PRKD1","MAPK1"
"CDK9","IRS1","MAPK1"
"CDK9","mTORC1","MAPK1"
"CDK9","RASSF1","MAPK1"
"CDK9","CDK3","MAPK1"
"CDK9","GRB2","MAPK1"
"CDK9","MAPKAPK5","MAPK1"
"CDK9","GAB1","MAPK1"
"CDK9","CD28","MAPK1"
"CDK9","NR3C1","MAPK1"
"CDK9","MGluR","MAPK1"
"CDK9","GRB10","MAPK1"
"CDK9","PPP1R14A","MAPK1"
"CDK9","ABI1","MAPK1"
"CDK9","BORA","MAPK1"
"CDK9","PEBP1","MAPK1"
"CDK9","MAPK3","CSNK2A1"
"CDK9","CDK1","CSNK2A1"
"CDK9","CSNK1D","CSNK2A1"
"CDK9","PLK1","CSNK2A1"
"CDK9","TGFBR1","CSNK2A1"
"CDK9","PPP1R2","CSNK2A1"
"CDK9","AKT","CSNK2A1"
"CDK9","IRS1","CSNK2A1"
"CDK9","PIK3CA","CSNK2A1"
"CDK9","PTK2","CSNK2A1"
"CDK9","ADRA2A","CSNK2A1"
"CDK9","ZAP70","CSNK2A1"
"CDK9","SHC1","CSNK2A1"
"CDK9","AXIN1","CSNK2A1"
"CDK9","MAPKAPK5","CSNK2A1"
"CDK9","CDK6","CSNK2A1"
"CDK9","CDC25C","CSNK2A1"
"CDK9","CDC25B","CSNK2A1"
"CDK9","MGluR","CSNK2A1"
"CDK9","FGFR2","CSNK2A1"
"CDK9","PPP1R14A","CSNK2A1"
"CDK9","BORA","CSNK2A1"
"CDK9","PEBP1","CSNK2A1"
"CDK9","GSK3B/Axin/APC","CDK1"
"CDK9","PRKCD","CDK1"
"CDK9","PTPN6","CDK1"
"CDK9","PTPRC","CDK1"
"CDK9","ERK1/2","CDK1"
"CDK9","Gbeta","CDK1"
"CDK9","CSNK1D","CDK1"
"CDK9","LCK","CDK1"
"CDK9","CDK2","CDK1"
"CDK9","RPS6KA1","CDK1"
"CDK9","PAK6","CDK1"
"CDK9","AKT","CDK1"
"CDK9","CDK3","CDK1"
"CDK9","NCOA2","CDK1"
"CDK9","AXIN1","CDK1"
"CDK9","CDK6","CDK1"
"CDK9","CDC25C","CDK1"
"CDK9","LAT","CDK1"
"CDK9","GAB1","CDK1"
"CDK9","ESR1","CDK1"
"CDK9","ARRB2","CDK1"
"CDK9","MGluR","CDK1"
"CDK9","GAB2","CDK1"
"CDK9","GRB10","CDK1"
"CDK9","GRM5","CDK1"
"CDK9","PIK3CG","CDK1"
"CDK9","PPP1R14A","CDK1"
"CDK9","ABI1","CDK1"
"CDK9","BORA","CDK1"
"CDK9","PEBP1","CDK1"
"CDK9","PPP1R14B","CDK1"
"CDK9","MAPK3","PRKCA"
"CDK9","PRKCD","PRKCA"
"CDK9","MAPK1","PRKCA"
"CDK9","CSNK2A1","PRKCA"
"CDK9","CDK1","PRKCA"
"CDK9","PTPN6","PRKCA"
"CDK9","MAPK14","PRKCA"
"CDK9","CSNK1D","PRKCA"
"CDK9","ABL1","PRKCA"
"CDK9","CDK2","PRKCA"
"CDK9","PPP1R2","PRKCA"
"CDK9","CDK5","PRKCA"
"CDK9","IRS1","PRKCA"
"CDK9","PIK3CA","PRKCA"
"CDK9","CyclinE/CDK2","PRKCA"
"CDK9","RNF111","PRKCA"
"CDK9","mTORC1","PRKCA"
"CDK9","RASSF1","PRKCA"
"CDK9","ZAP70","PRKCA"
"CDK9","AXIN1","PRKCA"
"CDK9","CDK6","PRKCA"
"CDK9","CDC25B","PRKCA"
"CDK9","ESR1","PRKCA"
"CDK9","NR3C1","PRKCA"
"CDK9","GAB2","PRKCA"
"CDK9","PIK3CG","PRKCA"
"CDK9","ABI1","PRKCA"
"CDK9","MAPK3","PTPN6"
"CDK9","MAPK1","PTPN6"
"CDK9","CSNK2A1","PTPN6"
"CDK9","Gbeta","PTPN6"
"CDK9","ABL1","PTPN6"
"CDK9","CDK2","PTPN6"
"CDK9","RPS6KA1","PTPN6"
"CDK9","CDK5","PTPN6"
"CDK9","MAP3K1","PTPN6"
"CDK9","PIK3CA","PTPN6"
"CDK9","CyclinE/CDK2","PTPN6"
"CDK9","RASSF1","PTPN6"
"CDK9","CDK3","PTPN6"
"CDK9","GRB2","PTPN6"
"CDK9","SHC1","PTPN6"
"CDK9","MAPKAPK5","PTPN6"
"CDK9","CDK6","PTPN6"
"CDK9","CDC25B","PTPN6"
"CDK9","PTPRA","PTPN6"
"CDK9","ESR1","PTPN6"
"CDK9","INPP5D","PTPN6"
"CDK9","GAB2","PTPN6"
"CDK9","FGFR2","PTPN6"
"CDK9","GRB10","PTPN6"
"CDK9","PIK3CG","PTPN6"
"CDK9","ABI1","PTPN6"
"CDK9","PPP1R14B","PTPN6"
"CDK9","MAPK1","MAPK14"
"CDK9","PTPRC","MAPK14"
"CDK9","PLK1","MAPK14"
"CDK9","RPS6KA1","MAPK14"
"CDK9","PPP1R2","MAPK14"
"CDK9","PRKD1","MAPK14"
"CDK9","PTK2","MAPK14"
"CDK9","CyclinE/CDK2","MAPK14"
"CDK9","CDK3","MAPK14"
"CDK9","PTK6","MAPK14"
"CDK9","ZAP70","MAPK14"
"CDK9","CDC25C","MAPK14"
"CDK9","GAB1","MAPK14"
"CDK9","PTPRA","MAPK14"
"CDK9","NF2","MAPK14"
"CDK9","GRB10","MAPK14"
"CDK9","GRM5","MAPK14"
"CDK9","PPP1R14A","MAPK14"
"CDK9","ABI1","MAPK14"
"CDK9","PRKCD","RPS6K"
"CDK9","CSNK2A1","RPS6K"
"CDK9","ERK1/2","RPS6K"
"CDK9","Gbeta","RPS6K"
"CDK9","CSNK1D","RPS6K"
"CDK9","LCK","RPS6K"
"CDK9","RPS6KA1","RPS6K"
"CDK9","PAK6","RPS6K"
"CDK9","GSK3B","RPS6K"
"CDK9","CDK5","RPS6K"
"CDK9","AKT","RPS6K"
"CDK9","PRKD1","RPS6K"
"CDK9","PIK3CA","RPS6K"
"CDK9","PTK2","RPS6K"
"CDK9","CyclinE/CDK2","RPS6K"
"CDK9","RNF111","RPS6K"
"CDK9","RASSF1","RPS6K"
"CDK9","GRB2","RPS6K"
"CDK9","SHC1","RPS6K"
"CDK9","AXIN1","RPS6K"
"CDK9","CDK6","RPS6K"
"CDK9","LAT","RPS6K"
"CDK9","GAB1","RPS6K"
"CDK9","ESR1","RPS6K"
"CDK9","INPP5D","RPS6K"
"CDK9","GRB10","RPS6K"
"CDK9","GRM5","RPS6K"
"CDK9","ABI1","RPS6K"
"CDK9","BORA","RPS6K"
"CDK9","ERK1/2","PTPRC"
"CDK9","PLK1","PTPRC"
"CDK9","ABL1","PTPRC"
"CDK9","CDK2","PTPRC"
"CDK9","RPS6KA1","PTPRC"
"CDK9","PPP1R2","PTPRC"
"CDK9","IRS1","PTPRC"
"CDK9","PTK2","PTPRC"
"CDK9","CyclinE/CDK2","PTPRC"
"CDK9","mTORC1","PTPRC"
"CDK9","RASSF1","PTPRC"
"CDK9","PTK6","PTPRC"
"CDK9","TRAF6","PTPRC"
"CDK9","AXIN1","PTPRC"
"CDK9","MAPKAPK5","PTPRC"
"CDK9","CDC25C","PTPRC"
"CDK9","CDC25B","PTPRC"
"CDK9","LAT","PTPRC"
"CDK9","ESR1","PTPRC"
"CDK9","NR3C1","PTPRC"
"CDK9","PPP1R14A","PTPRC"
"CDK9","BORA","PTPRC"
"CDK9","PPP1R14B","PTPRC"
"CDK9","PRKCA","ERK1/2"
"CDK9","PTPN6","ERK1/2"
"CDK9","PTPRC","ERK1/2"
"CDK9","LCK","ERK1/2"
"CDK9","TGFBR1","ERK1/2"
"CDK9","CDK2","ERK1/2"
"CDK9","RPS6KA1","ERK1/2"
"CDK9","GSK3B","ERK1/2"
"CDK9","PRKD1","ERK1/2"
"CDK9","PTK2","ERK1/2"
"CDK9","RASSF1","ERK1/2"
"CDK9","ADRA2A","ERK1/2"
"CDK9","CDK3","ERK1/2"
"CDK9","NCOA2","ERK1/2"
"CDK9","AXIN1","ERK1/2"
"CDK9","MAPKAPK5","ERK1/2"
"CDK9","CDK6","ERK1/2"
"CDK9","CDC25C","ERK1/2"
"CDK9","CDC25B","ERK1/2"
"CDK9","LAT","ERK1/2"
"CDK9","ESR1","ERK1/2"
"CDK9","MGluR","ERK1/2"
"CDK9","GAB2","ERK1/2"
"CDK9","PEBP1","ERK1/2"
"CDK9","PRKCA","Gbeta"
"CDK9","PTPN6","Gbeta"
"CDK9","PTPRC","Gbeta"
"CDK9","LCK","Gbeta"
"CDK9","TGFBR1","Gbeta"
"CDK9","CDK2","Gbeta"
"CDK9","RPS6KA1","Gbeta"
"CDK9","GSK3B","Gbeta"
"CDK9","IRS1","Gbeta"
"CDK9","RASSF1","Gbeta"
"CDK9","ADRA2A","Gbeta"
"CDK9","CDK3","Gbeta"
"CDK9","GRB2","Gbeta"
"CDK9","PTK6","Gbeta"
"CDK9","ZAP70","Gbeta"
"CDK9","NCOA2","Gbeta"
"CDK9","SHC1","Gbeta"
"CDK9","AXIN1","Gbeta"
"CDK9","CDK6","Gbeta"
"CDK9","CDC25C","Gbeta"
"CDK9","CDC25B","Gbeta"
"CDK9","GAB1","Gbeta"
"CDK9","PTPRA","Gbeta"
"CDK9","ARRB2","Gbeta"
"CDK9","CD28","Gbeta"
"CDK9","INPP5D","Gbeta"
"CDK9","NF2","Gbeta"
"CDK9","GRB10","Gbeta"
"CDK9","GRM5","Gbeta"
"CDK9","PIK3CG","Gbeta"
"CDK9","PPP1R14A","Gbeta"
"CDK9","ABI1","Gbeta"
"CDK9","PPP1R14B","Gbeta"
"CDK9","AURKA","CSNK1D"
"CDK9","PRKCD","CSNK1D"
"CDK9","CSNK2A1","CSNK1D"
"CDK9","PRKCA","CSNK1D"
"CDK9","PTPN6","CSNK1D"
"CDK9","PTPRC","CSNK1D"
"CDK9","LCK","CSNK1D"
"CDK9","TGFBR1","CSNK1D"
"CDK9","ABL1","CSNK1D"
"CDK9","CDK2","CSNK1D"
"CDK9","RPS6KA1","CSNK1D"
"CDK9","PAK6","CSNK1D"
"CDK9","GSK3B","CSNK1D"
"CDK9","AKT","CSNK1D"
"CDK9","PRKD1","CSNK1D"
"CDK9","IRS1","CSNK1D"
"CDK9","PTK2","CSNK1D"
"CDK9","mTORC1","CSNK1D"
"CDK9","CDK3","CSNK1D"
"CDK9","GRB2","CSNK1D"
"CDK9","NCOA2","CSNK1D"
"CDK9","TRAF6","CSNK1D"
"CDK9","SHC1","CSNK1D"
"CDK9","AXIN1","CSNK1D"
"CDK9","MAPKAPK5","CSNK1D"
"CDK9","CDK6","CSNK1D"
"CDK9","CDC25C","CSNK1D"
"CDK9","CDC25B","CSNK1D"
"CDK9","LAT","CSNK1D"
"CDK9","GAB1","CSNK1D"
"CDK9","ESR1","CSNK1D"
"CDK9","ARRB2","CSNK1D"
"CDK9","CD28","CSNK1D"
"CDK9","NR3C1","CSNK1D"
"CDK9","MGluR","CSNK1D"
"CDK9","INPP5D","CSNK1D"
"CDK9","GAB2","CSNK1D"
"CDK9","NF2","CSNK1D"
"CDK9","GRB10","CSNK1D"
"CDK9","GRM5","CSNK1D"
"CDK9","PIK3CG","CSNK1D"
"CDK9","PPP1R14A","CSNK1D"
"CDK9","ABI1","CSNK1D"
"CDK9","BORA","CSNK1D"
"CDK9","PPP1R14B","CSNK1D"
"CDK9","MAPK3","MAGEL2"
"CDK9","GSK3B/Axin/APC","MAGEL2"
"CDK9","AURKA","MAGEL2"
"CDK9","PRKCD","MAGEL2"
"CDK9","MAPK1","MAGEL2"
"CDK9","CSNK2A1","MAGEL2"
"CDK9","CDK1","MAGEL2"
"CDK9","PRKCA","MAGEL2"
"CDK9","PTPN6","MAGEL2"
"CDK9","MAPK14","MAGEL2"
"CDK9","PTPRC","MAGEL2"
"CDK9","ERK1/2","MAGEL2"
"CDK9","Gbeta","MAGEL2"
"CDK9","CSNK1D","MAGEL2"
"CDK9","PLK1","MAGEL2"
"CDK9","LCK","MAGEL2"
"CDK9","TGFBR1","MAGEL2"
"CDK9","CDK2","MAGEL2"
"CDK9","RPS6KA1","MAGEL2"
"CDK9","PPP1R2","MAGEL2"
"CDK9","CDK5","MAGEL2"
"CDK9","MAP3K1","MAGEL2"
"CDK9","AKT","MAGEL2"
"CDK9","PRKD1","MAGEL2"
"CDK9","IRS1","MAGEL2"
"CDK9","PIK3CA","MAGEL2"
"CDK9","PTK2","MAGEL2"
"CDK9","mTORC1","MAGEL2"
"CDK9","ZAP70","MAGEL2"
"CDK9","NCOA2","MAGEL2"
"CDK9","TRAF6","MAGEL2"
"CDK9","SHC1","MAGEL2"
"CDK9","AXIN1","MAGEL2"
"CDK9","CDC25B","MAGEL2"
"CDK9","PTPRA","MAGEL2"
"CDK9","NF2","MAGEL2"
"CDK9","GRB10","MAGEL2"
"CDK9","PEBP1","MAGEL2"
"CDK9","GSK3B/Axin/APC","PLK1"
"CDK9","Gbeta","PLK1"
"CDK9","CDK2","PLK1"
"CDK9","RPS6KA1","PLK1"
"CDK9","AKT","PLK1"
"CDK9","PIK3CA","PLK1"
"CDK9","RASSF1","PLK1"
"CDK9","CDK3","PLK1"
"CDK9","PTK6","PLK1"
"CDK9","SHC1","PLK1"
"CDK9","CDC25C","PLK1"
"CDK9","CDC25B","PLK1"
"CDK9","LAT","PLK1"
"CDK9","FGFR2","PLK1"
"CDK9","GRM5","PLK1"
"CDK9","ABI1","PLK1"
"CDK9","AURKA","MEF2C"
"CDK9","CSNK2A1","MEF2C"
"CDK9","CDK1","MEF2C"
"CDK9","PRKCA","MEF2C"
"CDK9","Gbeta","MEF2C"
"CDK9","LCK","MEF2C"
"CDK9","TGFBR1","MEF2C"
"CDK9","RPS6KA1","MEF2C"
"CDK9","AKT","MEF2C"
"CDK9","RNF111","MEF2C"
"CDK9","mTORC1","MEF2C"
"CDK9","ADRA2A","MEF2C"
"CDK9","GRB2","MEF2C"
"CDK9","NCOA2","MEF2C"
"CDK9","SHC1","MEF2C"
"CDK9","AXIN1","MEF2C"
"CDK9","CDK6","MEF2C"
"CDK9","CDC25B","MEF2C"
"CDK9","GAB1","MEF2C"
"CDK9","PTPRA","MEF2C"
"CDK9","ARRB2","MEF2C"
"CDK9","INPP5D","MEF2C"
"CDK9","FGFR2","MEF2C"
"CDK9","GRB10","MEF2C"
"CDK9","GRM5","MEF2C"
"CDK9","PPP1R14A","MEF2C"
"CDK9","BORA","MEF2C"
"CDK9","PPP1R14B","MEF2C"
"CDK9","MAPK3","LCK"
"CDK9","AKT3","LCK"
"CDK9","AURKA","LCK"
"CDK9","MAPK1","LCK"
"CDK9","CDK1","LCK"
"CDK9","PRKCA","LCK"
"CDK9","Gbeta","LCK"
"CDK9","ABL1","LCK"
"CDK9","CDK2","LCK"
"CDK9","PPP1R2","LCK"
"CDK9","IRS1","LCK"
"CDK9","CyclinE/CDK2","LCK"
"CDK9","RNF111","LCK"
"CDK9","CDK3","LCK"
"CDK9","TRAF6","LCK"
"CDK9","PI3K","LCK"
"CDK9","SHC1","LCK"
"CDK9","AXIN1","LCK"
"CDK9","CDK6","LCK"
"CDK9","CDC25C","LCK"
"CDK9","CDC25B","LCK"
"CDK9","LAT","LCK"
"CDK9","FGFR2","LCK"
"CDK9","PIK3R1","LCK"
"CDK9","GRM5","LCK"
"CDK9","ABI1","LCK"
"CDK9","GSK3B/Axin/APC","MAP2K7"
"CDK9","AURKA","MAP2K7"
"CDK9","PRKCD","MAP2K7"
"CDK9","CSNK2A1","MAP2K7"
"CDK9","CDK1","MAP2K7"
"CDK9","PRKCA","MAP2K7"
"CDK9","PTPN6","MAP2K7"
"CDK9","MAPK14","MAP2K7"
"CDK9","ERK1/2","MAP2K7"
"CDK9","CSNK1D","MAP2K7"
"CDK9","PLK1","MAP2K7"
"CDK9","PAK6","MAP2K7"
"CDK9","GSK3B","MAP2K7"
"CDK9","PPP1R2","MAP2K7"
"CDK9","PRKD1","MAP2K7"
"CDK9","RASSF1","MAP2K7"
"CDK9","CDK3","MAP2K7"
"CDK9","GRB2","MAP2K7"
"CDK9","PTK6","MAP2K7"
"CDK9","CDC25C","MAP2K7"
"CDK9","ESR1","MAP2K7"
"CDK9","CD28","MAP2K7"
"CDK9","MGluR","MAP2K7"
"CDK9","PIK3CG","MAP2K7"
"CDK9","PPP1R14A","MAP2K7"
"CDK9","PPP1R14B","MAP2K7"
"CDK9","GSK3B/Axin/APC","TGFBR1"
"CDK9","PRKCD","TGFBR1"
"CDK9","MAPK1","TGFBR1"
"CDK9","PTPRC","TGFBR1"
"CDK9","Gbeta","TGFBR1"
"CDK9","GSK3B","TGFBR1"
"CDK9","AKT","TGFBR1"
"CDK9","PRKD1","TGFBR1"
"CDK9","IRS1","TGFBR1"
"CDK9","PIK3CA","TGFBR1"
"CDK9","RNF111","TGFBR1"
"CDK9","CDK3","TGFBR1"
"CDK9","SHC1","TGFBR1"
"CDK9","CDC25C","TGFBR1"
"CDK9","MGluR","TGFBR1"
"CDK9","INPP5D","TGFBR1"
"CDK9","FGFR2","TGFBR1"
"CDK9","GRM5","TGFBR1"
"CDK9","PPP1R14A","TGFBR1"
"CDK9","PPP1R14B","TGFBR1"
"CDK9","PRKCA","RPS6KB1"
"CDK9","PTPRC","RPS6KB1"
"CDK9","Gbeta","RPS6KB1"
"CDK9","TGFBR1","RPS6KB1"
"CDK9","ABL1","RPS6KB1"
"CDK9","CDK2","RPS6KB1"
"CDK9","GSK3B","RPS6KB1"
"CDK9","AKT","RPS6KB1"
"CDK9","PIK3CA","RPS6KB1"
"CDK9","PTK2","RPS6KB1"
"CDK9","CyclinE/CDK2","RPS6KB1"
"CDK9","RASSF1","RPS6KB1"
"CDK9","GRB2","RPS6KB1"
"CDK9","NCOA2","RPS6KB1"
"CDK9","CDC25C","RPS6KB1"
"CDK9","NR3C1","RPS6KB1"
"CDK9","FGFR2","RPS6KB1"
"CDK9","NF2","RPS6KB1"
"CDK9","GRB10","RPS6KB1"
"CDK9","GSK3B/Axin/APC","SP1"
"CDK9","CSNK2A1","SP1"
"CDK9","CDK1","SP1"
"CDK9","ERK1/2","SP1"
"CDK9","Gbeta","SP1"
"CDK9","ABL1","SP1"
"CDK9","PPP1R2","SP1"
"CDK9","PRKD1","SP1"
"CDK9","CyclinE/CDK2","SP1"
"CDK9","ADRA2A","SP1"
"CDK9","ZAP70","SP1"
"CDK9","TRAF6","SP1"
"CDK9","CDC25C","SP1"
"CDK9","ARRB2","SP1"
"CDK9","CD28","SP1"
"CDK9","PIK3CG","SP1"
"CDK9","PPP1R14A","SP1"
"CDK9","MAPK3","ABL1"
"CDK9","PRKCD","ABL1"
"CDK9","CSNK2A1","ABL1"
"CDK9","PTPRC","ABL1"
"CDK9","ERK1/2","ABL1"
"CDK9","TGFBR1","ABL1"
"CDK9","CDK2","ABL1"
"CDK9","PPP1R2","ABL1"
"CDK9","MAP3K1","ABL1"
"CDK9","AKT","ABL1"
"CDK9","mTORC1","ABL1"
"CDK9","ADRA2A","ABL1"
"CDK9","ZAP70","ABL1"
"CDK9","LAT","ABL1"
"CDK9","GAB1","ABL1"
"CDK9","MGluR","ABL1"
"CDK9","PIK3CG","ABL1"
"CDK9","PEBP1","ABL1"
"CDK9","ACP1","CDK2"
"CDK9","MAPK1","CDK2"
"CDK9","MAPK14","CDK2"
"CDK9","Gbeta","CDK2"
"CDK9","CSNK1D","CDK2"
"CDK9","ABL1","CDK2"
"CDK9","PAK6","CDK2"
"CDK9","AKT","CDK2"
"CDK9","PTK2","CDK2"
"CDK9","mTORC1","CDK2"
"CDK9","PTK6","CDK2"
"CDK9","CDC25C","CDK2"
"CDK9","ARRB2","CDK2"
"CDK9","GRM5","CDK2"
"CDK9","PRKCD","RPS6KA5"
"CDK9","PTPRC","RPS6KA5"
"CDK9","ERK1/2","RPS6KA5"
"CDK9","Gbeta","RPS6KA5"
"CDK9","CSNK1D","RPS6KA5"
"CDK9","CDK2","RPS6KA5"
"CDK9","RPS6KA1","RPS6KA5"
"CDK9","GSK3B","RPS6KA5"
"CDK9","PPP1R2","RPS6KA5"
"CDK9","CDK5","RPS6KA5"
"CDK9","AKT","RPS6KA5"
"CDK9","PRKD1","RPS6KA5"
"CDK9","mTORC1","RPS6KA5"
"CDK9","ZAP70","RPS6KA5"
"CDK9","TRAF6","RPS6KA5"
"CDK9","CDK6","RPS6KA5"
"CDK9","CDC25B","RPS6KA5"
"CDK9","CD28","RPS6KA5"
"CDK9","NF2","RPS6KA5"
"CDK9","GRB10","RPS6KA5"
"CDK9","GRM5","RPS6KA5"
"CDK9","MAPK1","RPS6KA1"
"CDK9","CSNK2A1","RPS6KA1"
"CDK9","PTPN6","RPS6KA1"
"CDK9","PTPRC","RPS6KA1"
"CDK9","PAK6","RPS6KA1"
"CDK9","CDK5","RPS6KA1"
"CDK9","IRS1","RPS6KA1"
"CDK9","mTORC1","RPS6KA1"
"CDK9","TRAF6","RPS6KA1"
"CDK9","CDC25B","RPS6KA1"
"CDK9","CD28","RPS6KA1"
"CDK9","GRB10","RPS6KA1"
"CDK9","GRM5","RPS6KA1"
"CDK9","PIK3CG","RPS6KA1"
"CDK9","PPP1R14A","RPS6KA1"
"CDK9","BORA","RPS6KA1"
"CDK9","MAPK3","DDX5"
"CDK9","PRKCD","DDX5"
"CDK9","CSNK2A1","DDX5"
"CDK9","PTPN6","DDX5"
"CDK9","ERK1/2","DDX5"
"CDK9","Gbeta","DDX5"
"CDK9","PLK1","DDX5"
"CDK9","TGFBR1","DDX5"
"CDK9","CDK2","DDX5"
"CDK9","PAK6","DDX5"
"CDK9","PPP1R2","DDX5"
"CDK9","PRKD1","DDX5"
"CDK9","PIK3CA","DDX5"
"CDK9","RNF111","DDX5"
"CDK9","mTORC1","DDX5"
"CDK9","RASSF1","DDX5"
"CDK9","ADRA2A","DDX5"
"CDK9","GRB2","DDX5"
"CDK9","ZAP70","DDX5"
"CDK9","MAPKAPK5","DDX5"
"CDK9","CDK6","DDX5"
"CDK9","CDC25C","DDX5"
"CDK9","NR3C1","DDX5"
"CDK9","GAB2","DDX5"
"CDK9","FGFR2","DDX5"
"CDK9","PIK3CG","DDX5"
"CDK9","ABI1","DDX5"
"CDK9","BORA","DDX5"
"CDK9","MAPK3","VAV1"
"CDK9","AURKA","VAV1"
"CDK9","CDK1","VAV1"
"CDK9","PRKCA","VAV1"
"CDK9","ERK1/2","VAV1"
"CDK9","Gbeta","VAV1"
"CDK9","TGFBR1","VAV1"
"CDK9","ABL1","VAV1"
"CDK9","CDK2","VAV1"
"CDK9","PAK6","VAV1"
"CDK9","CDK5","VAV1"
"CDK9","AKT","VAV1"
"CDK9","PIK3CA","VAV1"
"CDK9","RASSF1","VAV1"
"CDK9","CDK3","VAV1"
"CDK9","PTK6","VAV1"
"CDK9","SHC1","VAV1"
"CDK9","CDK6","VAV1"
"CDK9","CD28","VAV1"
"CDK9","MGluR","VAV1"
"CDK9","GAB2","VAV1"
"CDK9","NF2","VAV1"
"CDK9","PIK3CG","VAV1"
"CDK9","GSK3B/Axin/APC","PAK6"
"CDK9","AURKA","PAK6"
"CDK9","PRKCD","PAK6"
"CDK9","CSNK2A1","PAK6"
"CDK9","CDK1","PAK6"
"CDK9","PRKCA","PAK6"
"CDK9","ERK1/2","PAK6"
"CDK9","Gbeta","PAK6"
"CDK9","TGFBR1","PAK6"
"CDK9","ABL1","PAK6"
"CDK9","CDK2","PAK6"
"CDK9","RPS6KA1","PAK6"
"CDK9","GSK3B","PAK6"
"CDK9","CDK5","PAK6"
"CDK9","MAP3K1","PAK6"
"CDK9","AKT","PAK6"
"CDK9","PRKD1","PAK6"
"CDK9","PTK2","PAK6"
"CDK9","CyclinE/CDK2","PAK6"
"CDK9","RNF111","PAK6"
"CDK9","mTORC1","PAK6"
"CDK9","RASSF1","PAK6"
"CDK9","GRB2","PAK6"
"CDK9","PTK6","PAK6"
"CDK9","ZAP70","PAK6"
"CDK9","TRAF6","PAK6"
"CDK9","AXIN1","PAK6"
"CDK9","CDC25C","PAK6"
"CDK9","LAT","PAK6"
"CDK9","GAB1","PAK6"
"CDK9","PTPRA","PAK6"
"CDK9","ESR1","PAK6"
"CDK9","ARRB2","PAK6"
"CDK9","CD28","PAK6"
"CDK9","INPP5D","PAK6"
"CDK9","GAB2","PAK6"
"CDK9","FGFR2","PAK6"
"CDK9","GRB10","PAK6"
"CDK9","GRM5","PAK6"
"CDK9","PIK3CG","PAK6"
"CDK9","PPP1R14A","PAK6"
"CDK9","ABI1","PAK6"
"CDK9","BORA","PAK6"
"CDK9","PPP1R14B","PAK6"
"CDK9","MAPK3","GSK3B"
"CDK9","GSK3B/Axin/APC","GSK3B"
"CDK9","PRKCD","GSK3B"
"CDK9","PTPRC","GSK3B"
"CDK9","ERK1/2","GSK3B"
"CDK9","Gbeta","GSK3B"
"CDK9","CSNK1D","GSK3B"
"CDK9","LCK","GSK3B"
"CDK9","ABL1","GSK3B"
"CDK9","RPS6KA1","GSK3B"
"CDK9","MAP3K1","GSK3B"
"CDK9","IRS1","GSK3B"
"CDK9","ADRA2A","GSK3B"
"CDK9","TRAF6","GSK3B"
"CDK9","SHC1","GSK3B"
"CDK9","MAPKAPK5","GSK3B"
"CDK9","CDC25C","GSK3B"
"CDK9","GAB1","GSK3B"
"CDK9","ARRB2","GSK3B"
"CDK9","CD28","GSK3B"
"CDK9","NR3C1","GSK3B"
"CDK9","GRB10","GSK3B"
"CDK9","GSK3B/Axin/APC","PRKCB"
"CDK9","CSNK2A1","PRKCB"
"CDK9","CDK1","PRKCB"
"CDK9","PRKCA","PRKCB"
"CDK9","MAPK14","PRKCB"
"CDK9","ERK1/2","PRKCB"
"CDK9","Gbeta","PRKCB"
"CDK9","CSNK1D","PRKCB"
"CDK9","PLK1","PRKCB"
"CDK9","LCK","PRKCB"
"CDK9","ABL1","PRKCB"
"CDK9","PAK6","PRKCB"
"CDK9","PPP1R2","PRKCB"
"CDK9","CDK5","PRKCB"
"CDK9","MAP3K1","PRKCB"
"CDK9","AKT","PRKCB"
"CDK9","IRS1","PRKCB"
"CDK9","PIK3CA","PRKCB"
"CDK9","PTK2","PRKCB"
"CDK9","CyclinE/CDK2","PRKCB"
"CDK9","RNF111","PRKCB"
"CDK9","RASSF1","PRKCB"
"CDK9","CDK3","PRKCB"
"CDK9","GRB2","PRKCB"
"CDK9","PTK6","PRKCB"
"CDK9","ZAP70","PRKCB"
"CDK9","NCOA2","PRKCB"
"CDK9","TRAF6","PRKCB"
"CDK9","SHC1","PRKCB"
"CDK9","CDK6","PRKCB"
"CDK9","CDC25C","PRKCB"
"CDK9","GAB1","PRKCB"
"CDK9","ESR1","PRKCB"
"CDK9","ARRB2","PRKCB"
"CDK9","CD28","PRKCB"
"CDK9","NR3C1","PRKCB"
"CDK9","MGluR","PRKCB"
"CDK9","INPP5D","PRKCB"
"CDK9","NF2","PRKCB"
"CDK9","GRB10","PRKCB"
"CDK9","PIK3CG","PRKCB"
"CDK9","PPP1R14A","PRKCB"
"CDK9","ABI1","PRKCB"
"CDK9","BORA","PRKCB"
"CDK9","PPP1R14B","PRKCB"
"CDK9","GSK3B/Axin/APC","INSR"
"CDK9","CSNK2A1","INSR"
"CDK9","CDK1","INSR"
"CDK9","Gbeta","INSR"
"CDK9","PLK1","INSR"
"CDK9","LCK","INSR"
"CDK9","TGFBR1","INSR"
"CDK9","ABL1","INSR"
"CDK9","CDK2","INSR"
"CDK9","PAK6","INSR"
"CDK9","MAP3K1","INSR"
"CDK9","AKT","INSR"
"CDK9","PRKD1","INSR"
"CDK9","CyclinE/CDK2","INSR"
"CDK9","RNF111","INSR"
"CDK9","ADRA2A","INSR"
"CDK9","CDK3","INSR"
"CDK9","GRB2","INSR"
"CDK9","PTK6","INSR"
"CDK9","ZAP70","INSR"
"CDK9","NCOA2","INSR"
"CDK9","SHC1","INSR"
"CDK9","AXIN1","INSR"
"CDK9","CDC25C","INSR"
"CDK9","CDC25B","INSR"
"CDK9","ESR1","INSR"
"CDK9","ARRB2","INSR"
"CDK9","CD28","INSR"
"CDK9","NR3C1","INSR"
"CDK9","MGluR","INSR"
"CDK9","INPP5D","INSR"
"CDK9","FGFR2","INSR"
"CDK9","NF2","INSR"
"CDK9","GRM5","INSR"
"CDK9","BORA","INSR"
"CDK9","PEBP1","INSR"
"CDK9","AURKA","DYRK2"
"CDK9","CSNK2A1","DYRK2"
"CDK9","CDK1","DYRK2"
"CDK9","PRKCA","DYRK2"
"CDK9","MAPK14","DYRK2"
"CDK9","PTPRC","DYRK2"
"CDK9","ERK1/2","DYRK2"
"CDK9","Gbeta","DYRK2"
"CDK9","CSNK1D","DYRK2"
"CDK9","PLK1","DYRK2"
"CDK9","LCK","DYRK2"
"CDK9","TGFBR1","DYRK2"
"CDK9","CDK2","DYRK2"
"CDK9","RPS6KA1","DYRK2"
"CDK9","PPP1R2","DYRK2"
"CDK9","CDK5","DYRK2"
"CDK9","MAP3K1","DYRK2"
"CDK9","PRKD1","DYRK2"
"CDK9","IRS1","DYRK2"
"CDK9","PIK3CA","DYRK2"
"CDK9","CyclinE/CDK2","DYRK2"
"CDK9","mTORC1","DYRK2"
"CDK9","ADRA2A","DYRK2"
"CDK9","NCOA2","DYRK2"
"CDK9","TRAF6","DYRK2"
"CDK9","SHC1","DYRK2"
"CDK9","CDC25B","DYRK2"
"CDK9","LAT","DYRK2"
"CDK9","GAB1","DYRK2"
"CDK9","ESR1","DYRK2"
"CDK9","CD28","DYRK2"
"CDK9","NR3C1","DYRK2"
"CDK9","MGluR","DYRK2"
"CDK9","INPP5D","DYRK2"
"CDK9","PIK3CG","DYRK2"
"CDK9","PPP1R14B","DYRK2"
"CDK9","AURKA","EGFR"
"CDK9","CSNK2A1","EGFR"
"CDK9","CDK1","EGFR"
"CDK9","PTPN6","EGFR"
"CDK9","PTPRC","EGFR"
"CDK9","ERK1/2","EGFR"
"CDK9","LCK","EGFR"
"CDK9","RPS6KA1","EGFR"
"CDK9","PAK6","EGFR"
"CDK9","CDK5","EGFR"
"CDK9","PRKD1","EGFR"
"CDK9","IRS1","EGFR"
"CDK9","PTK2","EGFR"
"CDK9","CyclinE/CDK2","EGFR"
"CDK9","RNF111","EGFR"
"CDK9","RASSF1","EGFR"
"CDK9","PTK6","EGFR"
"CDK9","NCOA2","EGFR"
"CDK9","TRAF6","EGFR"
"CDK9","SHC1","EGFR"
"CDK9","AXIN1","EGFR"
"CDK9","CDC25C","EGFR"
"CDK9","LAT","EGFR"
"CDK9","GAB2","EGFR"
"CDK9","FGFR2","EGFR"
"CDK9","NF2","EGFR"
"CDK9","GRB10","EGFR"
"CDK9","ABI1","EGFR"
"CDK9","PEBP1","EGFR"
"CDK9","PPP1R14B","EGFR"
"CDK9","GSK3B/Axin/APC","AIMP1"
"CDK9","AURKA","AIMP1"
"CDK9","CSNK2A1","AIMP1"
"CDK9","PTPN6","AIMP1"
"CDK9","PTPRC","AIMP1"
"CDK9","ERK1/2","AIMP1"
"CDK9","Gbeta","AIMP1"
"CDK9","CSNK1D","AIMP1"
"CDK9","PLK1","AIMP1"
"CDK9","TGFBR1","AIMP1"
"CDK9","CDK2","AIMP1"
"CDK9","RPS6KA1","AIMP1"
"CDK9","PAK6","AIMP1"
"CDK9","PPP1R2","AIMP1"
"CDK9","MAP3K1","AIMP1"
"CDK9","PRKD1","AIMP1"
"CDK9","IRS1","AIMP1"
"CDK9","PIK3CA","AIMP1"
"CDK9","RNF111","AIMP1"
"CDK9","RASSF1","AIMP1"
"CDK9","ADRA2A","AIMP1"
"CDK9","CDK3","AIMP1"
"CDK9","GRB2","AIMP1"
"CDK9","PTK6","AIMP1"
"CDK9","ZAP70","AIMP1"
"CDK9","TRAF6","AIMP1"
"CDK9","SHC1","AIMP1"
"CDK9","AXIN1","AIMP1"
"CDK9","CDC25B","AIMP1"
"CDK9","LAT","AIMP1"
"CDK9","GAB1","AIMP1"
"CDK9","PTPRA","AIMP1"
"CDK9","ESR1","AIMP1"
"CDK9","ARRB2","AIMP1"
"CDK9","CD28","AIMP1"
"CDK9","NR3C1","AIMP1"
"CDK9","MGluR","AIMP1"
"CDK9","INPP5D","AIMP1"
"CDK9","GAB2","AIMP1"
"CDK9","NF2","AIMP1"
"CDK9","GRB10","AIMP1"
"CDK9","GRM5","AIMP1"
"CDK9","PIK3CG","AIMP1"
"CDK9","PPP1R14A","AIMP1"
"CDK9","ABI1","AIMP1"
"CDK9","PEBP1","AIMP1"
"CDK9","PPP1R14B","AIMP1"
"CDK9","MAPK3","PPP1R2"
"CDK9","GSK3B/Axin/APC","PPP1R2"
"CDK9","ERK1/2","PPP1R2"
"CDK9","PAK6","PPP1R2"
"CDK9","PIK3CA","PPP1R2"
"CDK9","PTK2","PPP1R2"
"CDK9","mTORC1","PPP1R2"
"CDK9","ZAP70","PPP1R2"
"CDK9","CDK6","PPP1R2"
"CDK9","LAT","PPP1R2"
"CDK9","PTPRA","PPP1R2"
"CDK9","INPP5D","PPP1R2"
"CDK9","GAB2","PPP1R2"
"CDK9","NF2","PPP1R2"
"CDK9","SDC4","PPP1R2"
"CDK9","PPP1R14A","PPP1R2"
"CDK9","BORA","PPP1R2"
"CDK9","PEBP1","PPP1R2"
"CDK9","PPP1R14B","PPP1R2"
"CDK9","MAPK3","CDK5"
"CDK9","AURKA","CDK5"
"CDK9","PRKCD","CDK5"
"CDK9","CSNK2A1","CDK5"
"CDK9","CDK1","CDK5"
"CDK9","ERK1/2","CDK5"
"CDK9","LCK","CDK5"
"CDK9","TGFBR1","CDK5"
"CDK9","ABL1","CDK5"
"CDK9","RPS6KA1","CDK5"
"CDK9","AKT","CDK5"
"CDK9","CyclinE/CDK2","CDK5"
"CDK9","mTORC1","CDK5"
"CDK9","GRB2","CDK5"
"CDK9","AXIN1","CDK5"
"CDK9","CDC25C","CDK5"
"CDK9","LAT","CDK5"
"CDK9","PTPRA","CDK5"
"CDK9","ESR1","CDK5"
"CDK9","NR3C1","CDK5"
"CDK9","PIK3CG","CDK5"
"CDK9","ABI1","CDK5"
"CDK9","PEBP1","CDK5"
"CDK9","AURKA","MAP3K1"
"CDK9","CSNK2A1","MAP3K1"
"CDK9","CDK1","MAP3K1"
"CDK9","PTPN6","MAP3K1"
"CDK9","PTPRC","MAP3K1"
"CDK9","ERK1/2","MAP3K1"
"CDK9","CSNK1D","MAP3K1"
"CDK9","LCK","MAP3K1"
"CDK9","CDK5","MAP3K1"
"CDK9","CyclinE/CDK2","MAP3K1"
"CDK9","RASSF1","MAP3K1"
"CDK9","PTK6","MAP3K1"
"CDK9","CDC25B","MAP3K1"
"CDK9","GAB1","MAP3K1"
"CDK9","ESR1","MAP3K1"
"CDK9","NF2","MAP3K1"
"CDK9","GRB10","MAP3K1"
"CDK9","GRM5","MAP3K1"
"CDK9","BORA","MAP3K1"
"CDK9","MAPK3","AKT"
"CDK9","GSK3B/Axin/APC","AKT"
"CDK9","PRKCD","AKT"
"CDK9","CSNK2A1","AKT"
"CDK9","MAPK14","AKT"
"CDK9","ERK1/2","AKT"
"CDK9","CSNK1D","AKT"
"CDK9","RPS6KA1","AKT"
"CDK9","PAK6","AKT"
"CDK9","IRS1","AKT"
"CDK9","PTK2","AKT"
"CDK9","mTORC1","AKT"
"CDK9","ZAP70","AKT"
"CDK9","NCOA2","AKT"
"CDK9","TRAF6","AKT"
"CDK9","SHC1","AKT"
"CDK9","MAPKAPK5","AKT"
"CDK9","GAB1","AKT"
"CDK9","CD28","AKT"
"CDK9","MGluR","AKT"
"CDK9","GAB2","AKT"
"CDK9","NF2","AKT"
"CDK9","GRB10","AKT"
"CDK9","GRM5","AKT"
"CDK9","PIK3CG","AKT"
"CDK9","BORA","AKT"
"CDK9","PRKCD","DOK1"
"CDK9","CSNK2A1","DOK1"
"CDK9","Gbeta","DOK1"
"CDK9","TGFBR1","DOK1"
"CDK9","RPS6KA1","DOK1"
"CDK9","GSK3B","DOK1"
"CDK9","AKT","DOK1"
"CDK9","RNF111","DOK1"
"CDK9","GRB2","DOK1"
"CDK9","LAT","DOK1"
"CDK9","ARRB2","DOK1"
"CDK9","GRB10","DOK1"
"CDK9","PEBP1","DOK1"
"CDK9","AURKA","MAP3K4"
"CDK9","MAPK1","MAP3K4"
"CDK9","CDK1","MAP3K4"
"CDK9","PTPRC","MAP3K4"
"CDK9","LCK","MAP3K4"
"CDK9","TGFBR1","MAP3K4"
"CDK9","RPS6KA1","MAP3K4"
"CDK9","GSK3B","MAP3K4"
"CDK9","PRKD1","MAP3K4"
"CDK9","PIK3CA","MAP3K4"
"CDK9","NCOA2","MAP3K4"
"CDK9","TRAF6","MAP3K4"
"CDK9","ARRB2","MAP3K4"
"CDK9","CD28","MAP3K4"
"CDK9","FGFR2","MAP3K4"
"CDK9","PPP1R14A","MAP3K4"
"CDK9","BORA","MAP3K4"
"CDK9","PEBP1","MAP3K4"
"CDK9","AURKA","MUC1"
"CDK9","CDK1","MUC1"
"CDK9","PTPRC","MUC1"
"CDK9","ERK1/2","MUC1"
"CDK9","PLK1","MUC1"
"CDK9","GSK3B","MUC1"
"CDK9","PPP1R2","MUC1"
"CDK9","PRKD1","MUC1"
"CDK9","PIK3CA","MUC1"
"CDK9","CyclinE/CDK2","MUC1"
"CDK9","RASSF1","MUC1"
"CDK9","TRAF6","MUC1"
"CDK9","MAPKAPK5","MUC1"
"CDK9","CDC25B","MUC1"
"CDK9","LAT","MUC1"
"CDK9","CD28","MUC1"
"CDK9","MGluR","MUC1"
"CDK9","NF2","MUC1"
"CDK9","GRB10","MUC1"
"CDK9","BORA","MUC1"
"CDK9","PPP1R14B","MUC1"
"CDK9","MAPK1","PRKD1"
"CDK9","CDK1","PRKD1"
"CDK9","MAPK14","PRKD1"
"CDK9","PLK1","PRKD1"
"CDK9","ABL1","PRKD1"
"CDK9","RPS6KA1","PRKD1"
"CDK9","RASSF1","PRKD1"
"CDK9","ADRA2A","PRKD1"
"CDK9","CDK3","PRKD1"
"CDK9","PTK6","PRKD1"
"CDK9","MAPKAPK5","PRKD1"
"CDK9","CDC25C","PRKD1"
"CDK9","GAB1","PRKD1"
"CDK9","ARRB2","PRKD1"
"CDK9","CD28","PRKD1"
"CDK9","MGluR","PRKD1"
"CDK9","GRM5","PRKD1"
"CDK9","BORA","PRKD1"
"CDK9","PPP1R14B","PRKD1"
"CDK9","GSK3B/Axin/APC","MAPKAPK2"
"CDK9","PTPN6","MAPKAPK2"
"CDK9","PLK1","MAPKAPK2"
"CDK9","TGFBR1","MAPKAPK2"
"CDK9","ABL1","MAPKAPK2"
"CDK9","RPS6KA1","MAPKAPK2"
"CDK9","PPP1R2","MAPKAPK2"
"CDK9","CDK5","MAPKAPK2"
"CDK9","MAP3K1","MAPKAPK2"
"CDK9","AKT","MAPKAPK2"
"CDK9","IRS1","MAPKAPK2"
"CDK9","PTK2","MAPKAPK2"
"CDK9","PTK6","MAPKAPK2"
"CDK9","ZAP70","MAPKAPK2"
"CDK9","TRAF6","MAPKAPK2"
"CDK9","SHC1","MAPKAPK2"
"CDK9","CDK6","MAPKAPK2"
"CDK9","CDC25C","MAPKAPK2"
"CDK9","CDC25B","MAPKAPK2"
"CDK9","LAT","MAPKAPK2"
"CDK9","ESR1","MAPKAPK2"
"CDK9","ARRB2","MAPKAPK2"
"CDK9","GRB10","MAPKAPK2"
"CDK9","PPP1R14A","MAPKAPK2"
"CDK9","ABI1","MAPKAPK2"
"CDK9","PEBP1","MAPKAPK2"
"CDK9","PPP1R14B","MAPKAPK2"
"CDK9","PRKCD","CBP/p300"
"CDK9","MAPK1","CBP/p300"
"CDK9","PRKCA","CBP/p300"
"CDK9","PTPRC","CBP/p300"
"CDK9","ERK1/2","CBP/p300"
"CDK9","Gbeta","CBP/p300"
"CDK9","CSNK1D","CBP/p300"
"CDK9","PLK1","CBP/p300"
"CDK9","CDK2","CBP/p300"
"CDK9","PAK6","CBP/p300"
"CDK9","PPP1R2","CBP/p300"
"CDK9","MAP3K1","CBP/p300"
"CDK9","PIK3CA","CBP/p300"
"CDK9","PTK2","CBP/p300"
"CDK9","CyclinE/CDK2","CBP/p300"
"CDK9","mTORC1","CBP/p300"
"CDK9","RASSF1","CBP/p300"
"CDK9","ADRA2A","CBP/p300"
"CDK9","PTK6","CBP/p300"
"CDK9","ZAP70","CBP/p300"
"CDK9","NCOA2","CBP/p300"
"CDK9","SHC1","CBP/p300"
"CDK9","AXIN1","CBP/p300"
"CDK9","CDK6","CBP/p300"
"CDK9","CDC25C","CBP/p300"
"CDK9","CDC25B","CBP/p300"
"CDK9","LAT","CBP/p300"
"CDK9","GAB1","CBP/p300"
"CDK9","PTPRA","CBP/p300"
"CDK9","ESR1","CBP/p300"
"CDK9","CD28","CBP/p300"
"CDK9","NR3C1","CBP/p300"
"CDK9","MGluR","CBP/p300"
"CDK9","NF2","CBP/p300"
"CDK9","GRM5","CBP/p300"
"CDK9","PIK3CG","CBP/p300"
"CDK9","PPP1R14A","CBP/p300"
"CDK9","ABI1","CBP/p300"
"CDK9","GSK3B/Axin/APC","RXRB"
"CDK9","AURKA","RXRB"
"CDK9","MAPK1","RXRB"
"CDK9","MAPK14","RXRB"
"CDK9","ERK1/2","RXRB"
"CDK9","PLK1","RXRB"
"CDK9","LCK","RXRB"
"CDK9","TGFBR1","RXRB"
"CDK9","CDK2","RXRB"
"CDK9","RPS6KA1","RXRB"
"CDK9","GSK3B","RXRB"
"CDK9","CDK5","RXRB"
"CDK9","MAP3K1","RXRB"
"CDK9","PRKD1","RXRB"
"CDK9","PTK2","RXRB"
"CDK9","CyclinE/CDK2","RXRB"
"CDK9","RASSF1","RXRB"
"CDK9","ADRA2A","RXRB"
"CDK9","CDK3","RXRB"
"CDK9","PTK6","RXRB"
"CDK9","ZAP70","RXRB"
"CDK9","TRAF6","RXRB"
"CDK9","SHC1","RXRB"
"CDK9","AXIN1","RXRB"
"CDK9","CDC25B","RXRB"
"CDK9","LAT","RXRB"
"CDK9","GAB1","RXRB"
"CDK9","PTPRA","RXRB"
"CDK9","ESR1","RXRB"
"CDK9","ARRB2","RXRB"
"CDK9","NR3C1","RXRB"
"CDK9","MGluR","RXRB"
"CDK9","GAB2","RXRB"
"CDK9","GRB10","RXRB"
"CDK9","PPP1R14A","RXRB"
"CDK9","ABI1","RXRB"
"CDK9","PEBP1","RXRB"
"CDK9","PPP1R14B","RXRB"
"CDK9","GSK3B","NFATC2"
"CDK9","AURKA","IRS1"
"CDK9","PRKCD","IRS1"
"CDK9","MAPK1","IRS1"
"CDK9","MAPK14","IRS1"
"CDK9","ERK1/2","IRS1"
"CDK9","CSNK1D","IRS1"
"CDK9","PLK1","IRS1"
"CDK9","LCK","IRS1"
"CDK9","ABL1","IRS1"
"CDK9","PAK6","IRS1"
"CDK9","GSK3B","IRS1"
"CDK9","CDK5","IRS1"
"CDK9","MAP3K1","IRS1"
"CDK9","AKT","IRS1"
"CDK9","PIK3CA","IRS1"
"CDK9","PTK2","IRS1"
"CDK9","mTORC1","IRS1"
"CDK9","RASSF1","IRS1"
"CDK9","CDK3","IRS1"
"CDK9","TRAF6","IRS1"
"CDK9","CDK6","IRS1"
"CDK9","LAT","IRS1"
"CDK9","PTPRA","IRS1"
"CDK9","ESR1","IRS1"
"CDK9","GAB2","IRS1"
"CDK9","FGFR2","IRS1"
"CDK9","MAPK3","PRKD2"
"CDK9","MAPK1","PRKD2"
"CDK9","CDK1","PRKD2"
"CDK9","Gbeta","PRKD2"
"CDK9","LCK","PRKD2"
"CDK9","TGFBR1","PRKD2"
"CDK9","CDK2","PRKD2"
"CDK9","PPP1R2","PRKD2"
"CDK9","CDK5","PRKD2"
"CDK9","MAP3K1","PRKD2"
"CDK9","PRKD1","PRKD2"
"CDK9","IRS1","PRKD2"
"CDK9","PIK3CA","PRKD2"
"CDK9","PTK2","PRKD2"
"CDK9","RNF111","PRKD2"
"CDK9","mTORC1","PRKD2"
"CDK9","RASSF1","PRKD2"
"CDK9","ADRA2A","PRKD2"
"CDK9","CDK3","PRKD2"
"CDK9","PTK6","PRKD2"
"CDK9","TRAF6","PRKD2"
"CDK9","SHC1","PRKD2"
"CDK9","AXIN1","PRKD2"
"CDK9","CDC25C","PRKD2"
"CDK9","LAT","PRKD2"
"CDK9","GAB1","PRKD2"
"CDK9","ARRB2","PRKD2"
"CDK9","CD28","PRKD2"
"CDK9","NR3C1","PRKD2"
"CDK9","FGFR2","PRKD2"
"CDK9","NF2","PRKD2"
"CDK9","GRB10","PRKD2"
"CDK9","GRM5","PRKD2"
"CDK9","BORA","PRKD2"
"CDK9","PEBP1","PRKD2"
"CDK9","PPP1R14B","PRKD2"
"CDK9","MAPK3","PIK3CA"
"CDK9","GSK3B/Axin/APC","PIK3CA"
"CDK9","MAPK1","PIK3CA"
"CDK9","CDK1","PIK3CA"
"CDK9","PTPRC","PIK3CA"
"CDK9","ERK1/2","PIK3CA"
"CDK9","PLK1","PIK3CA"
"CDK9","ABL1","PIK3CA"
"CDK9","RPS6KA1","PIK3CA"
"CDK9","PAK6","PIK3CA"
"CDK9","PPP1R2","PIK3CA"
"CDK9","CDK5","PIK3CA"
"CDK9","MAP3K1","PIK3CA"
"CDK9","AKT","PIK3CA"
"CDK9","PRKD1","PIK3CA"
"CDK9","IRS1","PIK3CA"
"CDK9","PTK2","PIK3CA"
"CDK9","CyclinE/CDK2","PIK3CA"
"CDK9","RNF111","PIK3CA"
"CDK9","mTORC1","PIK3CA"
"CDK9","RASSF1","PIK3CA"
"CDK9","CDK3","PIK3CA"
"CDK9","GRB2","PIK3CA"
"CDK9","ZAP70","PIK3CA"
"CDK9","TRAF6","PIK3CA"
"CDK9","SHC1","PIK3CA"
"CDK9","AXIN1","PIK3CA"
"CDK9","CDK6","PIK3CA"
"CDK9","CDC25B","PIK3CA"
"CDK9","GAB1","PIK3CA"
"CDK9","PTPRA","PIK3CA"
"CDK9","ARRB2","PIK3CA"
"CDK9","CD28","PIK3CA"
"CDK9","MGluR","PIK3CA"
"CDK9","INPP5D","PIK3CA"
"CDK9","GAB2","PIK3CA"
"CDK9","FGFR2","PIK3CA"
"CDK9","NF2","PIK3CA"
"CDK9","GRB10","PIK3CA"
"CDK9","GRM5","PIK3CA"
"CDK9","PIK3CG","PIK3CA"
"CDK9","BORA","PIK3CA"
"CDK9","PEBP1","PIK3CA"
"CDK9","PPP1R14B","PIK3CA"
"CDK9","MAPK3","PRKCE"
"CDK9","GSK3B/Axin/APC","PRKCE"
"CDK9","AURKA","PRKCE"
"CDK9","PRKCD","PRKCE"
"CDK9","MAPK1","PRKCE"
"CDK9","CDK1","PRKCE"
"CDK9","PRKCA","PRKCE"
"CDK9","PTPN6","PRKCE"
"CDK9","PTPRC","PRKCE"
"CDK9","ERK1/2","PRKCE"
"CDK9","Gbeta","PRKCE"
"CDK9","CSNK1D","PRKCE"
"CDK9","PLK1","PRKCE"
"CDK9","LCK","PRKCE"
"CDK9","CDK2","PRKCE"
"CDK9","RPS6KA1","PRKCE"
"CDK9","PAK6","PRKCE"
"CDK9","MAP3K1","PRKCE"
"CDK9","PRKD1","PRKCE"
"CDK9","PIK3CA","PRKCE"
"CDK9","CyclinE/CDK2","PRKCE"
"CDK9","RNF111","PRKCE"
"CDK9","ADRA2A","PRKCE"
"CDK9","GRB2","PRKCE"
"CDK9","AXIN1","PRKCE"
"CDK9","CDC25C","PRKCE"
"CDK9","LAT","PRKCE"
"CDK9","GAB1","PRKCE"
"CDK9","PTPRA","PRKCE"
"CDK9","ARRB2","PRKCE"
"CDK9","MGluR","PRKCE"
"CDK9","INPP5D","PRKCE"
"CDK9","GAB2","PRKCE"
"CDK9","NF2","PRKCE"
"CDK9","GRB10","PRKCE"
"CDK9","GRM5","PRKCE"
"CDK9","PIK3CG","PRKCE"
"CDK9","BORA","PRKCE"
"CDK9","PEBP1","PRKCE"
"CDK9","AURKA","FBXO4"
"CDK9","PRKCD","FBXO4"
"CDK9","MAPK1","FBXO4"
"CDK9","CSNK2A1","FBXO4"
"CDK9","PTPN6","FBXO4"
"CDK9","MAPK14","FBXO4"
"CDK9","ERK1/2","FBXO4"
"CDK9","CSNK1D","FBXO4"
"CDK9","PLK1","FBXO4"
"CDK9","LCK","FBXO4"
"CDK9","TGFBR1","FBXO4"
"CDK9","ABL1","FBXO4"
"CDK9","CDK2","FBXO4"
"CDK9","PAK6","FBXO4"
"CDK9","PPP1R2","FBXO4"
"CDK9","CDK5","FBXO4"
"CDK9","AKT","FBXO4"
"CDK9","IRS1","FBXO4"
"CDK9","PTK2","FBXO4"
"CDK9","CyclinE/CDK2","FBXO4"
"CDK9","RNF111","FBXO4"
"CDK9","mTORC1","FBXO4"
"CDK9","RASSF1","FBXO4"
"CDK9","ADRA2A","FBXO4"
"CDK9","CDK3","FBXO4"
"CDK9","PTK6","FBXO4"
"CDK9","ZAP70","FBXO4"
"CDK9","TRAF6","FBXO4"
"CDK9","AXIN1","FBXO4"
"CDK9","GAB1","FBXO4"
"CDK9","ARRB2","FBXO4"
"CDK9","NR3C1","FBXO4"
"CDK9","MGluR","FBXO4"
"CDK9","FGFR2","FBXO4"
"CDK9","GRB10","FBXO4"
"CDK9","GRM5","FBXO4"
"CDK9","PPP1R14A","FBXO4"
"CDK9","PEBP1","FBXO4"
"CDK9","PPP1R14B","FBXO4"
"CDK9","MAPK3","CyclinB/CDK1"
"CDK9","CSNK2A1","CyclinB/CDK1"
"CDK9","CDK1","CyclinB/CDK1"
"CDK9","PRKCA","CyclinB/CDK1"
"CDK9","ERK1/2","CyclinB/CDK1"
"CDK9","Gbeta","CyclinB/CDK1"
"CDK9","CSNK1D","CyclinB/CDK1"
"CDK9","CDK2","CyclinB/CDK1"
"CDK9","MAP3K1","CyclinB/CDK1"
"CDK9","IRS1","CyclinB/CDK1"
"CDK9","PTK2","CyclinB/CDK1"
"CDK9","RNF111","CyclinB/CDK1"
"CDK9","mTORC1","CyclinB/CDK1"
"CDK9","CDK3","CyclinB/CDK1"
"CDK9","GRB2","CyclinB/CDK1"
"CDK9","ZAP70","CyclinB/CDK1"
"CDK9","TRAF6","CyclinB/CDK1"
"CDK9","SHC1","CyclinB/CDK1"
"CDK9","LAT","CyclinB/CDK1"
"CDK9","GAB1","CyclinB/CDK1"
"CDK9","PTPRA","CyclinB/CDK1"
"CDK9","CD28","CyclinB/CDK1"
"CDK9","NR3C1","CyclinB/CDK1"
"CDK9","FGFR2","CyclinB/CDK1"
"CDK9","NF2","CyclinB/CDK1"
"CDK9","PPP1R14A","CyclinB/CDK1"
"CDK9","PPP1R14B","CyclinB/CDK1"
"CDK9","MAPK3","PTK2"
"CDK9","MAPK14","PTK2"
"CDK9","PTPRC","PTK2"
"CDK9","ERK1/2","PTK2"
"CDK9","Gbeta","PTK2"
"CDK9","LCK","PTK2"
"CDK9","CDK2","PTK2"
"CDK9","PRKD1","PTK2"
"CDK9","IRS1","PTK2"
"CDK9","CyclinE/CDK2","PTK2"
"CDK9","mTORC1","PTK2"
"CDK9","ZAP70","PTK2"
"CDK9","SHC1","PTK2"
"CDK9","AXIN1","PTK2"
"CDK9","MAPKAPK5","PTK2"
"CDK9","CDC25C","PTK2"
"CDK9","ESR1","PTK2"
"CDK9","GAB2","PTK2"
"CDK9","FGFR2","PTK2"
"CDK9","NF2","PTK2"
"CDK9","GRB10","PTK2"
"CDK9","GRM5","PTK2"
"CDK9","PPP1R14A","PTK2"
"CDK9","ABI1","PTK2"
"CDK9","PRKCD","CyclinE/CDK2"
"CDK9","MAPK1","CyclinE/CDK2"
"CDK9","PTPN6","CyclinE/CDK2"
"CDK9","Gbeta","CyclinE/CDK2"
"CDK9","CSNK1D","CyclinE/CDK2"
"CDK9","PLK1","CyclinE/CDK2"
"CDK9","TGFBR1","CyclinE/CDK2"
"CDK9","ABL1","CyclinE/CDK2"
"CDK9","GRB2","CyclinE/CDK2"
"CDK9","CDK6","CyclinE/CDK2"
"CDK9","CDC25C","CyclinE/CDK2"
"CDK9","LAT","CyclinE/CDK2"
"CDK9","ARRB2","CyclinE/CDK2"
"CDK9","CD28","CyclinE/CDK2"
"CDK9","INPP5D","CyclinE/CDK2"
"CDK9","GAB2","CyclinE/CDK2"
"CDK9","FGFR2","CyclinE/CDK2"
"CDK9","GRB10","CyclinE/CDK2"
"CDK9","PIK3CG","CyclinE/CDK2"
"CDK9","AURKA","ITK"
"CDK9","PTPN6","ITK"
"CDK9","MAPK14","ITK"
"CDK9","Gbeta","ITK"
"CDK9","TGFBR1","ITK"
"CDK9","ABL1","ITK"
"CDK9","CDK2","ITK"
"CDK9","GSK3B","ITK"
"CDK9","PPP1R2","ITK"
"CDK9","CDK5","ITK"
"CDK9","AKT","ITK"
"CDK9","PRKD1","ITK"
"CDK9","PTK2","ITK"
"CDK9","CyclinE/CDK2","ITK"
"CDK9","RASSF1","ITK"
"CDK9","ADRA2A","ITK"
"CDK9","TRAF6","ITK"
"CDK9","SHC1","ITK"
"CDK9","AXIN1","ITK"
"CDK9","MAPKAPK5","ITK"
"CDK9","CDK6","ITK"
"CDK9","CDC25C","ITK"
"CDK9","CDC25B","ITK"
"CDK9","LAT","ITK"
"CDK9","GAB1","ITK"
"CDK9","ESR1","ITK"
"CDK9","CD28","ITK"
"CDK9","MGluR","ITK"
"CDK9","INPP5D","ITK"
"CDK9","GAB2","ITK"
"CDK9","FGFR2","ITK"
"CDK9","NF2","ITK"
"CDK9","GRB10","ITK"
"CDK9","PIK3CG","ITK"
"CDK9","PPP1R14A","ITK"
"CDK9","PPP1R14B","ITK"
"CDK9","MAPK3","RPS6KA3"
"CDK9","GSK3B/Axin/APC","RPS6KA3"
"CDK9","AURKA","RPS6KA3"
"CDK9","MAPK1","RPS6KA3"
"CDK9","CDK1","RPS6KA3"
"CDK9","PTPN6","RPS6KA3"
"CDK9","MAPK14","RPS6KA3"
"CDK9","PTPRC","RPS6KA3"
"CDK9","ERK1/2","RPS6KA3"
"CDK9","Gbeta","RPS6KA3"
"CDK9","CSNK1D","RPS6KA3"
"CDK9","PLK1","RPS6KA3"
"CDK9","RPS6KA1","RPS6KA3"
"CDK9","PAK6","RPS6KA3"
"CDK9","CDK5","RPS6KA3"
"CDK9","MAP3K1","RPS6KA3"
"CDK9","IRS1","RPS6KA3"
"CDK9","PTK2","RPS6KA3"
"CDK9","RNF111","RPS6KA3"
"CDK9","mTORC1","RPS6KA3"
"CDK9","CDK3","RPS6KA3"
"CDK9","GRB2","RPS6KA3"
"CDK9","TRAF6","RPS6KA3"
"CDK9","CDC25C","RPS6KA3"
"CDK9","LAT","RPS6KA3"
"CDK9","GAB1","RPS6KA3"
"CDK9","PTPRA","RPS6KA3"
"CDK9","ARRB2","RPS6KA3"
"CDK9","MGluR","RPS6KA3"
"CDK9","GAB2","RPS6KA3"
"CDK9","FGFR2","RPS6KA3"
"CDK9","NF2","RPS6KA3"
"CDK9","GRB10","RPS6KA3"
"CDK9","ABI1","RPS6KA3"
"CDK9","BORA","RPS6KA3"
"CDK9","PEBP1","RPS6KA3"
"CDK9","PPP1R14B","RPS6KA3"
"CDK9","MAPK3","RARA"
"CDK9","GSK3B/Axin/APC","RARA"
"CDK9","MAPK1","RARA"
"CDK9","CSNK2A1","RARA"
"CDK9","CDK1","RARA"
"CDK9","PTPN6","RARA"
"CDK9","Gbeta","RARA"
"CDK9","LCK","RARA"
"CDK9","TGFBR1","RARA"
"CDK9","RPS6KA1","RARA"
"CDK9","PAK6","RARA"
"CDK9","MAP3K1","RARA"
"CDK9","PIK3CA","RARA"
"CDK9","RNF111","RARA"
"CDK9","ADRA2A","RARA"
"CDK9","CDC25C","RARA"
"CDK9","INPP5D","RARA"
"CDK9","NF2","RARA"
"CDK9","GRB10","RARA"
"CDK9","GRM5","RARA"
"CDK9","PEBP1","RARA"
"CDK9","CSNK2A1","RNF111"
"CDK9","PTPRC","RNF111"
"CDK9","ERK1/2","RNF111"
"CDK9","Gbeta","RNF111"
"CDK9","LCK","RNF111"
"CDK9","TGFBR1","RNF111"
"CDK9","CDK2","RNF111"
"CDK9","GSK3B","RNF111"
"CDK9","PPP1R2","RNF111"
"CDK9","CDK5","RNF111"
"CDK9","IRS1","RNF111"
"CDK9","PTK2","RNF111"
"CDK9","RASSF1","RNF111"
"CDK9","ZAP70","RNF111"
"CDK9","MAPKAPK5","RNF111"
"CDK9","CDC25C","RNF111"
"CDK9","PTPRA","RNF111"
"CDK9","NR3C1","RNF111"
"CDK9","GAB2","RNF111"
"CDK9","FGFR2","RNF111"
"CDK9","ABI1","RNF111"
"CDK9","PPP1R14B","RNF111"
"CDK9","PRKCA","mTORC1"
"CDK9","PTPN6","mTORC1"
"CDK9","ERK1/2","mTORC1"
"CDK9","CSNK1D","mTORC1"
"CDK9","PLK1","mTORC1"
"CDK9","LCK","mTORC1"
"CDK9","TGFBR1","mTORC1"
"CDK9","CDK2","mTORC1"
"CDK9","RPS6KA1","mTORC1"
"CDK9","GSK3B","mTORC1"
"CDK9","PPP1R2","mTORC1"
"CDK9","CDK5","mTORC1"
"CDK9","MAP3K1","mTORC1"
"CDK9","PRKD1","mTORC1"
"CDK9","CyclinE/CDK2","mTORC1"
"CDK9","RNF111","mTORC1"
"CDK9","RASSF1","mTORC1"
"CDK9","ADRA2A","mTORC1"
"CDK9","PTK6","mTORC1"
"CDK9","ZAP70","mTORC1"
"CDK9","TRAF6","mTORC1"
"CDK9","AXIN1","mTORC1"
"CDK9","MAPKAPK5","mTORC1"
"CDK9","CDK6","mTORC1"
"CDK9","PTPRA","mTORC1"
"CDK9","ESR1","mTORC1"
"CDK9","NR3C1","mTORC1"
"CDK9","INPP5D","mTORC1"
"CDK9","GAB2","mTORC1"
"CDK9","FGFR2","mTORC1"
"CDK9","GRB10","mTORC1"
"CDK9","PIK3CG","mTORC1"
"CDK9","PPP1R14A","mTORC1"
"CDK9","ABI1","mTORC1"
"CDK9","BORA","mTORC1"
"CDK9","PPP1R14B","mTORC1"
"CDK9","AURKA","DLX5"
"CDK9","PRKCD","DLX5"
"CDK9","CSNK2A1","DLX5"
"CDK9","CDK1","DLX5"
"CDK9","PTPN6","DLX5"
"CDK9","ABL1","DLX5"
"CDK9","CDK2","DLX5"
"CDK9","RPS6KA1","DLX5"
"CDK9","PAK6","DLX5"
"CDK9","PPP1R2","DLX5"
"CDK9","PRKD1","DLX5"
"CDK9","mTORC1","DLX5"
"CDK9","ADRA2A","DLX5"
"CDK9","CDK6","DLX5"
"CDK9","CDC25C","DLX5"
"CDK9","LAT","DLX5"
"CDK9","GAB1","DLX5"
"CDK9","MGluR","DLX5"
"CDK9","GAB2","DLX5"
"CDK9","NF2","DLX5"
"CDK9","PPP1R14A","DLX5"
"CDK9","PEBP1","DLX5"
"CDK9","MAPK3","RASSF1"
"CDK9","GSK3B/Axin/APC","RASSF1"
"CDK9","CDK4","RASSF1"
"CDK9","MAPK1","RASSF1"
"CDK9","CSNK2A1","RASSF1"
"CDK9","MAPK14","RASSF1"
"CDK9","PTPRC","RASSF1"
"CDK9","ERK1/2","RASSF1"
"CDK9","Gbeta","RASSF1"
"CDK9","PLK1","RASSF1"
"CDK9","LCK","RASSF1"
"CDK9","TGFBR1","RASSF1"
"CDK9","RPS6KA1","RASSF1"
"CDK9","PPP1R2","RASSF1"
"CDK9","CDK5","RASSF1"
"CDK9","MAP3K1","RASSF1"
"CDK9","PIK3CA","RASSF1"
"CDK9","PTK2","RASSF1"
"CDK9","CyclinE/CDK2","RASSF1"
"CDK9","mTORC1","RASSF1"
"CDK9","ADRA2A","RASSF1"
"CDK9","CDK3","RASSF1"
"CDK9","GRB2","RASSF1"
"CDK9","PTK6","RASSF1"
"CDK9","ZAP70","RASSF1"
"CDK9","TRAF6","RASSF1"
"CDK9","SHC1","RASSF1"
"CDK9","MAPKAPK5","RASSF1"
"CDK9","CDK6","RASSF1"
"CDK9","CDC25C","RASSF1"
"CDK9","CDC25B","RASSF1"
"CDK9","LAT","RASSF1"
"CDK9","PTPRA","RASSF1"
"CDK9","ESR1","RASSF1"
"CDK9","MGluR","RASSF1"
"CDK9","INPP5D","RASSF1"
"CDK9","GAB2","RASSF1"
"CDK9","FGFR2","RASSF1"
"CDK9","GRB10","RASSF1"
"CDK9","GRM5","RASSF1"
"CDK9","PIK3CG","RASSF1"
"CDK9","ABI1","RASSF1"
"CDK9","BORA","RASSF1"
"CDK9","PPP1R14B","RASSF1"
"CDK9","MAPK3","ADRA2A"
"CDK9","GSK3B/Axin/APC","ADRA2A"
"CDK9","AURKA","ADRA2A"
"CDK9","CDK1","ADRA2A"
"CDK9","PTPN6","ADRA2A"
"CDK9","MAPK14","ADRA2A"
"CDK9","Gbeta","ADRA2A"
"CDK9","PLK1","ADRA2A"
"CDK9","CDK2","ADRA2A"
"CDK9","GSK3B","ADRA2A"
"CDK9","CDK5","ADRA2A"
"CDK9","MAP3K1","ADRA2A"
"CDK9","PRKD1","ADRA2A"
"CDK9","IRS1","ADRA2A"
"CDK9","CyclinE/CDK2","ADRA2A"
"CDK9","mTORC1","ADRA2A"
"CDK9","RASSF1","ADRA2A"
"CDK9","CDK3","ADRA2A"
"CDK9","GRB2","ADRA2A"
"CDK9","PTK6","ADRA2A"
"CDK9","SHC1","ADRA2A"
"CDK9","AXIN1","ADRA2A"
"CDK9","MAPKAPK5","ADRA2A"
"CDK9","LAT","ADRA2A"
"CDK9","GAB1","ADRA2A"
"CDK9","ESR1","ADRA2A"
"CDK9","CD28","ADRA2A"
"CDK9","MGluR","ADRA2A"
"CDK9","NF2","ADRA2A"
"CDK9","GRB10","ADRA2A"
"CDK9","PIK3CG","ADRA2A"
"CDK9","MAPK3","NCOR2"
"CDK9","AURKA","NCOR2"
"CDK9","PRKCD","NCOR2"
"CDK9","CSNK2A1","NCOR2"
"CDK9","CDK1","NCOR2"
"CDK9","PTPN6","NCOR2"
"CDK9","MAPK14","NCOR2"
"CDK9","PTPRC","NCOR2"
"CDK9","ERK1/2","NCOR2"
"CDK9","PLK1","NCOR2"
"CDK9","TGFBR1","NCOR2"
"CDK9","ABL1","NCOR2"
"CDK9","CDK2","NCOR2"
"CDK9","PAK6","NCOR2"
"CDK9","CDK5","NCOR2"
"CDK9","MAP3K1","NCOR2"
"CDK9","PRKD1","NCOR2"
"CDK9","IRS1","NCOR2"
"CDK9","PIK3CA","NCOR2"
"CDK9","CyclinE/CDK2","NCOR2"
"CDK9","mTORC1","NCOR2"
"CDK9","RASSF1","NCOR2"
"CDK9","ADRA2A","NCOR2"
"CDK9","CDK3","NCOR2"
"CDK9","PTK6","NCOR2"
"CDK9","ZAP70","NCOR2"
"CDK9","NCOA2","NCOR2"
"CDK9","SHC1","NCOR2"
"CDK9","AXIN1","NCOR2"
"CDK9","CDK6","NCOR2"
"CDK9","CDC25C","NCOR2"
"CDK9","CDC25B","NCOR2"
"CDK9","LAT","NCOR2"
"CDK9","GAB1","NCOR2"
"CDK9","PTPRA","NCOR2"
"CDK9","ARRB2","NCOR2"
"CDK9","CD28","NCOR2"
"CDK9","GAB2","NCOR2"
"CDK9","FGFR2","NCOR2"
"CDK9","GRB10","NCOR2"
"CDK9","PIK3CG","NCOR2"
"CDK9","PPP1R14A","NCOR2"
"CDK9","ABI1","NCOR2"
"CDK9","PEBP1","NCOR2"
"CDK9","PPP1R14B","NCOR2"
"CDK9","GSK3B/Axin/APC","YAP1"
"CDK9","AURKA","YAP1"
"CDK9","PRKCD","YAP1"
"CDK9","MAPK1","YAP1"
"CDK9","PRKCA","YAP1"
"CDK9","PTPN6","YAP1"
"CDK9","MAPK14","YAP1"
"CDK9","Gbeta","YAP1"
"CDK9","CSNK1D","YAP1"
"CDK9","PLK1","YAP1"
"CDK9","LCK","YAP1"
"CDK9","ABL1","YAP1"
"CDK9","RPS6KA1","YAP1"
"CDK9","PAK6","YAP1"
"CDK9","GSK3B","YAP1"
"CDK9","PPP1R2","YAP1"
"CDK9","CDK5","YAP1"
"CDK9","MAP3K1","YAP1"
"CDK9","AKT","YAP1"
"CDK9","CyclinE/CDK2","YAP1"
"CDK9","RNF111","YAP1"
"CDK9","mTORC1","YAP1"
"CDK9","RASSF1","YAP1"
"CDK9","ADRA2A","YAP1"
"CDK9","GRB2","YAP1"
"CDK9","PTK6","YAP1"
"CDK9","ZAP70","YAP1"
"CDK9","TRAF6","YAP1"
"CDK9","MAPKAPK5","YAP1"
"CDK9","CDK6","YAP1"
"CDK9","CDC25B","YAP1"
"CDK9","PTPRA","YAP1"
"CDK9","ESR1","YAP1"
"CDK9","ARRB2","YAP1"
"CDK9","NR3C1","YAP1"
"CDK9","INPP5D","YAP1"
"CDK9","GAB2","YAP1"
"CDK9","FGFR2","YAP1"
"CDK9","NF2","YAP1"
"CDK9","PIK3CG","YAP1"
"CDK9","PPP1R14A","YAP1"
"CDK9","ABI1","YAP1"
"CDK9","BORA","YAP1"
"CDK9","MAPK3","CDK3"
"CDK9","GSK3B/Axin/APC","CDK3"
"CDK9","AURKA","CDK3"
"CDK9","MAPK1","CDK3"
"CDK9","CDK1","CDK3"
"CDK9","PRKCA","CDK3"
"CDK9","PTPRC","CDK3"
"CDK9","ERK1/2","CDK3"
"CDK9","Gbeta","CDK3"
"CDK9","CSNK1D","CDK3"
"CDK9","PLK1","CDK3"
"CDK9","LCK","CDK3"
"CDK9","TGFBR1","CDK3"
"CDK9","ABL1","CDK3"
"CDK9","CDK2","CDK3"
"CDK9","RPS6KA1","CDK3"
"CDK9","PPP1R2","CDK3"
"CDK9","MAP3K1","CDK3"
"CDK9","PRKD1","CDK3"
"CDK9","PTK2","CDK3"
"CDK9","RNF111","CDK3"
"CDK9","RASSF1","CDK3"
"CDK9","TRAF6","CDK3"
"CDK9","MAPKAPK5","CDK3"
"CDK9","PTPRA","CDK3"
"CDK9","ESR1","CDK3"
"CDK9","ARRB2","CDK3"
"CDK9","NF2","CDK3"
"CDK9","PIK3CG","CDK3"
"CDK9","PPP1R14B","CDK3"
"CDK9","AURKA","CAV1"
"CDK9","PRKCD","CAV1"
"CDK9","MAPK1","CAV1"
"CDK9","PTPRC","CAV1"
"CDK9","ERK1/2","CAV1"
"CDK9","CSNK1D","CAV1"
"CDK9","LCK","CAV1"
"CDK9","CDK2","CAV1"
"CDK9","PAK6","CAV1"
"CDK9","GSK3B","CAV1"
"CDK9","MAP3K1","CAV1"
"CDK9","PRKD1","CAV1"
"CDK9","PIK3CA","CAV1"
"CDK9","PTK2","CAV1"
"CDK9","CyclinE/CDK2","CAV1"
"CDK9","RNF111","CAV1"
"CDK9","PTK6","CAV1"
"CDK9","ZAP70","CAV1"
"CDK9","TRAF6","CAV1"
"CDK9","SHC1","CAV1"
"CDK9","MAPKAPK5","CAV1"
"CDK9","CDC25B","CAV1"
"CDK9","GAB1","CAV1"
"CDK9","ESR1","CAV1"
"CDK9","ARRB2","CAV1"
"CDK9","CD28","CAV1"
"CDK9","MGluR","CAV1"
"CDK9","GAB2","CAV1"
"CDK9","FGFR2","CAV1"
"CDK9","GRB10","CAV1"
"CDK9","ABI1","CAV1"
"CDK9","PEBP1","CAV1"
"CDK9","PPP1R14B","CAV1"
"CDK9","MAPK3","GRB2"
"CDK9","GSK3B/Axin/APC","GRB2"
"CDK9","AURKA","GRB2"
"CDK9","CDK1","GRB2"
"CDK9","PTPRC","GRB2"
"CDK9","Gbeta","GRB2"
"CDK9","CSNK1D","GRB2"
"CDK9","PLK1","GRB2"
"CDK9","CDK2","GRB2"
"CDK9","RPS6KA1","GRB2"
"CDK9","PPP1R2","GRB2"
"CDK9","MAP3K1","GRB2"
"CDK9","PRKD1","GRB2"
"CDK9","PIK3CA","GRB2"
"CDK9","PTK2","GRB2"
"CDK9","RNF111","GRB2"
"CDK9","RASSF1","GRB2"
"CDK9","CDK3","GRB2"
"CDK9","ZAP70","GRB2"
"CDK9","AXIN1","GRB2"
"CDK9","PTPRA","GRB2"
"CDK9","ESR1","GRB2"
"CDK9","ARRB2","GRB2"
"CDK9","MGluR","GRB2"
"CDK9","INPP5D","GRB2"
"CDK9","GAB2","GRB2"
"CDK9","NF2","GRB2"
"CDK9","GRB10","GRB2"
"CDK9","GRM5","GRB2"
"CDK9","PIK3CG","GRB2"
"CDK9","PPP1R14A","GRB2"
"CDK9","NCOA2","FGFR1"
"CDK9","NR3C1","FGFR1"
"CDK9","AURKA","DEF6"
"CDK9","PRKCD","DEF6"
"CDK9","MAPK1","DEF6"
"CDK9","CSNK2A1","DEF6"
"CDK9","CDK1","DEF6"
"CDK9","PTPN6","DEF6"
"CDK9","MAPK14","DEF6"
"CDK9","PTPRC","DEF6"
"CDK9","Gbeta","DEF6"
"CDK9","CDK2","DEF6"
"CDK9","RPS6KA1","DEF6"
"CDK9","PAK6","DEF6"
"CDK9","GSK3B","DEF6"
"CDK9","AKT","DEF6"
"CDK9","PTK2","DEF6"
"CDK9","mTORC1","DEF6"
"CDK9","TRAF6","DEF6"
"CDK9","MAPKAPK5","DEF6"
"CDK9","CDC25C","DEF6"
"CDK9","CDC25B","DEF6"
"CDK9","GAB1","DEF6"
"CDK9","ARRB2","DEF6"
"CDK9","FGFR2","DEF6"
"CDK9","NF2","DEF6"
"CDK9","GRB10","DEF6"
"CDK9","GRM5","DEF6"
"CDK9","GSK3B/Axin/APC","GFI1"
"CDK9","AURKA","GFI1"
"CDK9","PRKCD","GFI1"
"CDK9","MAPK1","GFI1"
"CDK9","CSNK2A1","GFI1"
"CDK9","CDK1","GFI1"
"CDK9","PTPN6","GFI1"
"CDK9","Gbeta","GFI1"
"CDK9","CSNK1D","GFI1"
"CDK9","PLK1","GFI1"
"CDK9","ABL1","GFI1"
"CDK9","CDK2","GFI1"
"CDK9","RPS6KA1","GFI1"
"CDK9","PAK6","GFI1"
"CDK9","PPP1R2","GFI1"
"CDK9","CDK5","GFI1"
"CDK9","MAP3K1","GFI1"
"CDK9","AKT","GFI1"
"CDK9","PRKD1","GFI1"
"CDK9","PIK3CA","GFI1"
"CDK9","PTK2","GFI1"
"CDK9","RNF111","GFI1"
"CDK9","mTORC1","GFI1"
"CDK9","RASSF1","GFI1"
"CDK9","ADRA2A","GFI1"
"CDK9","GRB2","GFI1"
"CDK9","ZAP70","GFI1"
"CDK9","NCOA2","GFI1"
"CDK9","TRAF6","GFI1"
"CDK9","AXIN1","GFI1"
"CDK9","MAPKAPK5","GFI1"
"CDK9","CDK6","GFI1"
"CDK9","CDC25C","GFI1"
"CDK9","CDC25B","GFI1"
"CDK9","GAB1","GFI1"
"CDK9","PTPRA","GFI1"
"CDK9","ESR1","GFI1"
"CDK9","ARRB2","GFI1"
"CDK9","MGluR","GFI1"
"CDK9","INPP5D","GFI1"
"CDK9","GAB2","GFI1"
"CDK9","FGFR2","GFI1"
"CDK9","NF2","GFI1"
"CDK9","GRB10","GFI1"
"CDK9","GRM5","GFI1"
"CDK9","PIK3CG","GFI1"
"CDK9","BORA","GFI1"
"CDK9","PEBP1","GFI1"
"CDK9","MAPK3","STAT1"
"CDK9","GSK3B/Axin/APC","STAT1"
"CDK9","AURKA","STAT1"
"CDK9","PRKCD","STAT1"
"CDK9","MAPK1","STAT1"
"CDK9","CSNK2A1","STAT1"
"CDK9","PTPN6","STAT1"
"CDK9","MAPK14","STAT1"
"CDK9","PTPRC","STAT1"
"CDK9","ERK1/2","STAT1"
"CDK9","Gbeta","STAT1"
"CDK9","CSNK1D","STAT1"
"CDK9","PLK1","STAT1"
"CDK9","LCK","STAT1"
"CDK9","ABL1","STAT1"
"CDK9","RPS6KA1","STAT1"
"CDK9","PAK6","STAT1"
"CDK9","GSK3B","STAT1"
"CDK9","PPP1R2","STAT1"
"CDK9","CDK5","STAT1"
"CDK9","PRKD1","STAT1"
"CDK9","IRS1","STAT1"
"CDK9","PIK3CA","STAT1"
"CDK9","PTK2","STAT1"
"CDK9","CyclinE/CDK2","STAT1"
"CDK9","RNF111","STAT1"
"CDK9","GRB2","STAT1"
"CDK9","PTK6","STAT1"
"CDK9","ZAP70","STAT1"
"CDK9","NCOA2","STAT1"
"CDK9","SHC1","STAT1"
"CDK9","CDK6","STAT1"
"CDK9","CDC25B","STAT1"
"CDK9","GAB1","STAT1"
"CDK9","PTPRA","STAT1"
"CDK9","ESR1","STAT1"
"CDK9","NR3C1","STAT1"
"CDK9","PEBP1","STAT1"
"CDK9","GSK3B/Axin/APC","NR2F2"
"CDK9","AURKA","NR2F2"
"CDK9","PRKCD","NR2F2"
"CDK9","CSNK2A1","NR2F2"
"CDK9","PTPN6","NR2F2"
"CDK9","MAPK14","NR2F2"
"CDK9","PTPRC","NR2F2"
"CDK9","ERK1/2","NR2F2"
"CDK9","Gbeta","NR2F2"
"CDK9","CSNK1D","NR2F2"
"CDK9","PLK1","NR2F2"
"CDK9","LCK","NR2F2"
"CDK9","TGFBR1","NR2F2"
"CDK9","RPS6KA1","NR2F2"
"CDK9","PAK6","NR2F2"
"CDK9","PPP1R2","NR2F2"
"CDK9","CDK5","NR2F2"
"CDK9","AKT","NR2F2"
"CDK9","IRS1","NR2F2"
"CDK9","PIK3CA","NR2F2"
"CDK9","PTK2","NR2F2"
"CDK9","mTORC1","NR2F2"
"CDK9","RASSF1","NR2F2"
"CDK9","ADRA2A","NR2F2"
"CDK9","PTK6","NR2F2"
"CDK9","ZAP70","NR2F2"
"CDK9","TRAF6","NR2F2"
"CDK9","CDK6","NR2F2"
"CDK9","GAB1","NR2F2"
"CDK9","PTPRA","NR2F2"
"CDK9","ESR1","NR2F2"
"CDK9","ARRB2","NR2F2"
"CDK9","CD28","NR2F2"
"CDK9","MGluR","NR2F2"
"CDK9","INPP5D","NR2F2"
"CDK9","GAB2","NR2F2"
"CDK9","FGFR2","NR2F2"
"CDK9","GRB10","NR2F2"
"CDK9","PIK3CG","NR2F2"
"CDK9","PPP1R14A","NR2F2"
"CDK9","ABI1","NR2F2"
"CDK9","PEBP1","NR2F2"
"CDK9","PPP1R14B","NR2F2"
"CDK9","GSK3B","MAP2K3"
"CDK9","GSK3B","PPM1A"
"CDK9","MAPK3","DPYSL5"
"CDK9","GSK3B/Axin/APC","DPYSL5"
"CDK9","PRKCD","DPYSL5"
"CDK9","CSNK2A1","DPYSL5"
"CDK9","CDK1","DPYSL5"
"CDK9","PRKCA","DPYSL5"
"CDK9","PTPRC","DPYSL5"
"CDK9","ERK1/2","DPYSL5"
"CDK9","CSNK1D","DPYSL5"
"CDK9","PLK1","DPYSL5"
"CDK9","TGFBR1","DPYSL5"
"CDK9","ABL1","DPYSL5"
"CDK9","CDK2","DPYSL5"
"CDK9","RPS6KA1","DPYSL5"
"CDK9","PTK2","DPYSL5"
"CDK9","RNF111","DPYSL5"
"CDK9","RASSF1","DPYSL5"
"CDK9","CDK3","DPYSL5"
"CDK9","PTK6","DPYSL5"
"CDK9","NCOA2","DPYSL5"
"CDK9","AXIN1","DPYSL5"
"CDK9","MAPKAPK5","DPYSL5"
"CDK9","CDK6","DPYSL5"
"CDK9","LAT","DPYSL5"
"CDK9","PTPRA","DPYSL5"
"CDK9","ESR1","DPYSL5"
"CDK9","ARRB2","DPYSL5"
"CDK9","CD28","DPYSL5"
"CDK9","NR3C1","DPYSL5"
"CDK9","FGFR2","DPYSL5"
"CDK9","NF2","DPYSL5"
"CDK9","PIK3CG","DPYSL5"
"CDK9","PPP1R14A","DPYSL5"
"CDK9","ABI1","DPYSL5"
"CDK9","PEBP1","DPYSL5"
"CDK9","PPP1R14B","DPYSL5"
"CDK9","MAPK3","IL6ST"
"CDK9","GSK3B/Axin/APC","IL6ST"
"CDK9","AURKA","IL6ST"
"CDK9","MAPK1","IL6ST"
"CDK9","CSNK2A1","IL6ST"
"CDK9","ERK1/2","IL6ST"
"CDK9","PLK1","IL6ST"
"CDK9","ABL1","IL6ST"
"CDK9","PPP1R2","IL6ST"
"CDK9","CDK5","IL6ST"
"CDK9","IRS1","IL6ST"
"CDK9","PIK3CA","IL6ST"
"CDK9","PTK2","IL6ST"
"CDK9","mTORC1","IL6ST"
"CDK9","RASSF1","IL6ST"
"CDK9","ADRA2A","IL6ST"
"CDK9","GRB2","IL6ST"
"CDK9","MAPKAPK5","IL6ST"
"CDK9","CDC25C","IL6ST"
"CDK9","CDC25B","IL6ST"
"CDK9","INPP5D","IL6ST"
"CDK9","NF2","IL6ST"
"CDK9","PIK3CG","IL6ST"
"CDK9","PPP1R14A","IL6ST"
"CDK9","PRKCD","FGF14"
"CDK9","MAPK1","FGF14"
"CDK9","CDK1","FGF14"
"CDK9","PTPN6","FGF14"
"CDK9","PTPRC","FGF14"
"CDK9","Gbeta","FGF14"
"CDK9","CSNK1D","FGF14"
"CDK9","PLK1","FGF14"
"CDK9","LCK","FGF14"
"CDK9","TGFBR1","FGF14"
"CDK9","ABL1","FGF14"
"CDK9","CDK2","FGF14"
"CDK9","PAK6","FGF14"
"CDK9","PPP1R2","FGF14"
"CDK9","AKT","FGF14"
"CDK9","CyclinE/CDK2","FGF14"
"CDK9","RNF111","FGF14"
"CDK9","mTORC1","FGF14"
"CDK9","RASSF1","FGF14"
"CDK9","PTK6","FGF14"
"CDK9","ZAP70","FGF14"
"CDK9","NCOA2","FGF14"
"CDK9","TRAF6","FGF14"
"CDK9","SHC1","FGF14"
"CDK9","AXIN1","FGF14"
"CDK9","MAPKAPK5","FGF14"
"CDK9","CDC25C","FGF14"
"CDK9","GAB1","FGF14"
"CDK9","ESR1","FGF14"
"CDK9","ARRB2","FGF14"
"CDK9","CD28","FGF14"
"CDK9","NR3C1","FGF14"
"CDK9","INPP5D","FGF14"
"CDK9","FGFR2","FGF14"
"CDK9","GRB10","FGF14"
"CDK9","PIK3CG","FGF14"
"CDK9","PPP1R14A","FGF14"
"CDK9","ABI1","FGF14"
"CDK9","BORA","FGF14"
"CDK9","PEBP1","FGF14"
"CDK9","PPP1R14B","FGF14"
"CDK9","AURKA","PTK6"
"CDK9","PRKCD","PTK6"
"CDK9","MAPK1","PTK6"
"CDK9","CSNK2A1","PTK6"
"CDK9","CDK1","PTK6"
"CDK9","PRKCA","PTK6"
"CDK9","PTPN6","PTK6"
"CDK9","MAPK14","PTK6"
"CDK9","PTPRC","PTK6"
"CDK9","Gbeta","PTK6"
"CDK9","CSNK1D","PTK6"
"CDK9","PLK1","PTK6"
"CDK9","LCK","PTK6"
"CDK9","TGFBR1","PTK6"
"CDK9","ABL1","PTK6"
"CDK9","CDK2","PTK6"
"CDK9","PAK6","PTK6"
"CDK9","PPP1R2","PTK6"
"CDK9","CDK5","PTK6"
"CDK9","MAP3K1","PTK6"
"CDK9","AKT","PTK6"
"CDK9","PRKD1","PTK6"
"CDK9","IRS1","PTK6"
"CDK9","PTK2","PTK6"
"CDK9","CyclinE/CDK2","PTK6"
"CDK9","RNF111","PTK6"
"CDK9","mTORC1","PTK6"
"CDK9","RASSF1","PTK6"
"CDK9","ADRA2A","PTK6"
"CDK9","CDK3","PTK6"
"CDK9","NCOA2","PTK6"
"CDK9","TRAF6","PTK6"
"CDK9","AXIN1","PTK6"
"CDK9","MAPKAPK5","PTK6"
"CDK9","CDC25C","PTK6"
"CDK9","CDC25B","PTK6"
"CDK9","LAT","PTK6"
"CDK9","ARRB2","PTK6"
"CDK9","CD28","PTK6"
"CDK9","MGluR","PTK6"
"CDK9","GAB2","PTK6"
"CDK9","FGFR2","PTK6"
"CDK9","PIK3CG","PTK6"
"CDK9","PPP1R14A","PTK6"
"CDK9","ABI1","PTK6"
"CDK9","BORA","PTK6"
"CDK9","PPP1R14B","PTK6"
"CDK9","NR3C1","PREX2"
"CDK9","LCK","DVL2"
"CDK9","GSK3B","CCND1"
"CDK9","MAPK3","ZAP70"
"CDK9","GSK3B/Axin/APC","ZAP70"
"CDK9","CSNK2A1","ZAP70"
"CDK9","CDK1","ZAP70"
"CDK9","PRKCA","ZAP70"
"CDK9","MAPK14","ZAP70"
"CDK9","PTPRC","ZAP70"
"CDK9","ERK1/2","ZAP70"
"CDK9","ABL1","ZAP70"
"CDK9","RPS6KA1","ZAP70"
"CDK9","CDK5","ZAP70"
"CDK9","AKT","ZAP70"
"CDK9","PRKD1","ZAP70"
"CDK9","PIK3CA","ZAP70"
"CDK9","PTK2","ZAP70"
"CDK9","RNF111","ZAP70"
"CDK9","CDK3","ZAP70"
"CDK9","GRB2","ZAP70"
"CDK9","PTK6","ZAP70"
"CDK9","SHC1","ZAP70"
"CDK9","AXIN1","ZAP70"
"CDK9","MAPKAPK5","ZAP70"
"CDK9","CDK6","ZAP70"
"CDK9","CDC25C","ZAP70"
"CDK9","PTPRA","ZAP70"
"CDK9","CD28","ZAP70"
"CDK9","MGluR","ZAP70"
"CDK9","INPP5D","ZAP70"
"CDK9","GAB2","ZAP70"
"CDK9","FGFR2","ZAP70"
"CDK9","NF2","ZAP70"
"CDK9","GRB10","ZAP70"
"CDK9","GRM5","ZAP70"
"CDK9","ABI1","ZAP70"
"CDK9","BORA","ZAP70"
"CDK9","PEBP1","ZAP70"
"CDK9","PPP1R14B","ZAP70"
"CDK9","MAPK3","CIITA"
"CDK9","GSK3B/Axin/APC","CIITA"
"CDK9","AURKA","CIITA"
"CDK9","PRKCD","CIITA"
"CDK9","MAPK1","CIITA"
"CDK9","CDK1","CIITA"
"CDK9","PTPRC","CIITA"
"CDK9","ERK1/2","CIITA"
"CDK9","Gbeta","CIITA"
"CDK9","CSNK1D","CIITA"
"CDK9","PLK1","CIITA"
"CDK9","LCK","CIITA"
"CDK9","TGFBR1","CIITA"
"CDK9","CDK2","CIITA"
"CDK9","RPS6KA1","CIITA"
"CDK9","PAK6","CIITA"
"CDK9","PPP1R2","CIITA"
"CDK9","CDK5","CIITA"
"CDK9","MAP3K1","CIITA"
"CDK9","AKT","CIITA"
"CDK9","PIK3CA","CIITA"
"CDK9","PTK2","CIITA"
"CDK9","RNF111","CIITA"
"CDK9","RASSF1","CIITA"
"CDK9","ADRA2A","CIITA"
"CDK9","CDK3","CIITA"
"CDK9","ZAP70","CIITA"
"CDK9","AXIN1","CIITA"
"CDK9","CDK6","CIITA"
"CDK9","CDC25C","CIITA"
"CDK9","CDC25B","CIITA"
"CDK9","PTPRA","CIITA"
"CDK9","NR3C1","CIITA"
"CDK9","PIK3CG","CIITA"
"CDK9","PPP1R14A","CIITA"
"CDK9","ABI1","CIITA"
"CDK9","BORA","CIITA"
"CDK9","IRS1","NCOA2"
"CDK9","CDK3","NCOA2"
"CDK9","FGFR1","NCOA2"
"CDK9","DVL2","NCOA2"
"CDK9","SHC1","NCOA2"
"CDK9","LAT","NCOA2"
"CDK9","ESR1","NCOA2"
"CDK9","MGluR","NCOA2"
"CDK9","PIK3R1","NCOA2"
"CDK9","PPP1R14A","NCOA2"
"CDK9","GSK3B/Axin/APC","PML"
"CDK9","CSNK2A1","PML"
"CDK9","CDK1","PML"
"CDK9","PTPN6","PML"
"CDK9","MAPK14","PML"
"CDK9","PTPRC","PML"
"CDK9","ERK1/2","PML"
"CDK9","Gbeta","PML"
"CDK9","CSNK1D","PML"
"CDK9","PLK1","PML"
"CDK9","RPS6KA1","PML"
"CDK9","PAK6","PML"
"CDK9","GSK3B","PML"
"CDK9","PPP1R2","PML"
"CDK9","MAP3K1","PML"
"CDK9","AKT","PML"
"CDK9","PIK3CA","PML"
"CDK9","PTK2","PML"
"CDK9","CyclinE/CDK2","PML"
"CDK9","mTORC1","PML"
"CDK9","CDK3","PML"
"CDK9","ZAP70","PML"
"CDK9","TRAF6","PML"
"CDK9","SHC1","PML"
"CDK9","AXIN1","PML"
"CDK9","CDK6","PML"
"CDK9","CDC25C","PML"
"CDK9","GAB1","PML"
"CDK9","PTPRA","PML"
"CDK9","CD28","PML"
"CDK9","GAB2","PML"
"CDK9","FGFR2","PML"
"CDK9","GRM5","PML"
"CDK9","PIK3CG","PML"
"CDK9","PEBP1","PML"
"CDK9","MAPK3","TRAF6"
"CDK9","AURKA","TRAF6"
"CDK9","PTPN6","TRAF6"
"CDK9","TGFBR1","TRAF6"
"CDK9","PAK6","TRAF6"
"CDK9","GSK3B","TRAF6"
"CDK9","CDK5","TRAF6"
"CDK9","PIK3CA","TRAF6"
"CDK9","PTK2","TRAF6"
"CDK9","ADRA2A","TRAF6"
"CDK9","AXIN1","TRAF6"
"CDK9","MAPKAPK5","TRAF6"
"CDK9","GAB1","TRAF6"
"CDK9","PTPRA","TRAF6"
"CDK9","ARRB2","TRAF6"
"CDK9","CD28","TRAF6"
"CDK9","NR3C1","TRAF6"
"CDK9","GAB2","TRAF6"
"CDK9","NF2","TRAF6"
"CDK9","GRB10","TRAF6"
"CDK9","GRM5","TRAF6"
"CDK9","PIK3CG","TRAF6"
"CDK9","ABI1","TRAF6"
"CDK9","BORA","TRAF6"
"CDK9","MAPK3","CREBBP"
"CDK9","SRC","CREBBP"
"CDK9","AURKA","CREBBP"
"CDK9","PRKCD","CREBBP"
"CDK9","PTPN6","CREBBP"
"CDK9","ERK1/2","CREBBP"
"CDK9","PLK1","CREBBP"
"CDK9","LCK","CREBBP"
"CDK9","PAK6","CREBBP"
"CDK9","GSK3B","CREBBP"
"CDK9","AKT","CREBBP"
"CDK9","PRKD1","CREBBP"
"CDK9","PIK3CA","CREBBP"
"CDK9","PTK2","CREBBP"
"CDK9","mTORC1","CREBBP"
"CDK9","ADRA2A","CREBBP"
"CDK9","CDK3","CREBBP"
"CDK9","PTK6","CREBBP"
"CDK9","NCOA2","CREBBP"
"CDK9","TRAF6","CREBBP"
"CDK9","MAPKAPK5","CREBBP"
"CDK9","CDK6","CREBBP"
"CDK9","LAT","CREBBP"
"CDK9","INPP5D","CREBBP"
"CDK9","GAB2","CREBBP"
"CDK9","NF2","CREBBP"
"CDK9","GRB10","CREBBP"
"CDK9","BORA","CREBBP"
"CDK9","PPP1R14B","CREBBP"
"CDK9","PRKCD","PCNA"
"CDK9","CSNK2A1","PCNA"
"CDK9","PRKCA","PCNA"
"CDK9","PTPN6","PCNA"
"CDK9","MAPK14","PCNA"
"CDK9","Gbeta","PCNA"
"CDK9","PLK1","PCNA"
"CDK9","LCK","PCNA"
"CDK9","ABL1","PCNA"
"CDK9","AKT","PCNA"
"CDK9","PRKD1","PCNA"
"CDK9","PTK2","PCNA"
"CDK9","RNF111","PCNA"
"CDK9","CDK3","PCNA"
"CDK9","PTK6","PCNA"
"CDK9","ZAP70","PCNA"
"CDK9","NCOA2","PCNA"
"CDK9","SHC1","PCNA"
"CDK9","CDK6","PCNA"
"CDK9","CDC25C","PCNA"
"CDK9","GAB1","PCNA"
"CDK9","ESR1","PCNA"
"CDK9","CD28","PCNA"
"CDK9","NR3C1","PCNA"
"CDK9","GAB2","PCNA"
"CDK9","FGFR2","PCNA"
"CDK9","GRM5","PCNA"
"CDK9","ABI1","PCNA"
"CDK9","BORA","PCNA"
"CDK9","PEBP1","PCNA"
"CDK9","PPP1R14B","PCNA"
"CDK9","PRKCD","PTPN7"
"CDK9","CSNK2A1","PTPN7"
"CDK9","CDK1","PTPN7"
"CDK9","PRKCA","PTPN7"
"CDK9","PTPRC","PTPN7"
"CDK9","CSNK1D","PTPN7"
"CDK9","CDK2","PTPN7"
"CDK9","CDK5","PTPN7"
"CDK9","MAP3K1","PTPN7"
"CDK9","IRS1","PTPN7"
"CDK9","mTORC1","PTPN7"
"CDK9","RASSF1","PTPN7"
"CDK9","GRB2","PTPN7"
"CDK9","TRAF6","PTPN7"
"CDK9","AXIN1","PTPN7"
"CDK9","MAPKAPK5","PTPN7"
"CDK9","CDK6","PTPN7"
"CDK9","CDC25B","PTPN7"
"CDK9","GAB1","PTPN7"
"CDK9","ARRB2","PTPN7"
"CDK9","CD28","PTPN7"
"CDK9","NR3C1","PTPN7"
"CDK9","NF2","PTPN7"
"CDK9","GRB10","PTPN7"
"CDK9","GRM5","PTPN7"
"CDK9","PPP1R14A","PTPN7"
"CDK9","PPP1R14B","PTPN7"
"CDK9","MAPK3","JAK3"
"CDK9","PRKCA","JAK3"
"CDK9","MAPK14","JAK3"
"CDK9","PTPRC","JAK3"
"CDK9","TGFBR1","JAK3"
"CDK9","GSK3B","JAK3"
"CDK9","CDK5","JAK3"
"CDK9","PIK3CA","JAK3"
"CDK9","mTORC1","JAK3"
"CDK9","GRB2","JAK3"
"CDK9","PTK6","JAK3"
"CDK9","ZAP70","JAK3"
"CDK9","AXIN1","JAK3"
"CDK9","CDC25C","JAK3"
"CDK9","CDC25B","JAK3"
"CDK9","GAB1","JAK3"
"CDK9","PTPRA","JAK3"
"CDK9","ESR1","JAK3"
"CDK9","CD28","JAK3"
"CDK9","MGluR","JAK3"
"CDK9","FGFR2","JAK3"
"CDK9","BORA","JAK3"
"CDK9","PEBP1","JAK3"
"CDK9","PPP1R14B","JAK3"
"CDK9","AURKA","CTBP1"
"CDK9","MAPK1","CTBP1"
"CDK9","PRKCA","CTBP1"
"CDK9","MAPK14","CTBP1"
"CDK9","Gbeta","CTBP1"
"CDK9","PLK1","CTBP1"
"CDK9","ABL1","CTBP1"
"CDK9","CDK2","CTBP1"
"CDK9","CDK5","CTBP1"
"CDK9","AKT","CTBP1"
"CDK9","PRKD1","CTBP1"
"CDK9","PTK2","CTBP1"
"CDK9","CyclinE/CDK2","CTBP1"
"CDK9","mTORC1","CTBP1"
"CDK9","ADRA2A","CTBP1"
"CDK9","CDK3","CTBP1"
"CDK9","GRB2","CTBP1"
"CDK9","PTK6","CTBP1"
"CDK9","TRAF6","CTBP1"
"CDK9","SHC1","CTBP1"
"CDK9","CDK6","CTBP1"
"CDK9","CDC25C","CTBP1"
"CDK9","GAB1","CTBP1"
"CDK9","PTPRA","CTBP1"
"CDK9","ESR1","CTBP1"
"CDK9","ARRB2","CTBP1"
"CDK9","CD28","CTBP1"
"CDK9","NR3C1","CTBP1"
"CDK9","INPP5D","CTBP1"
"CDK9","GAB2","CTBP1"
"CDK9","FGFR2","CTBP1"
"CDK9","NF2","CTBP1"
"CDK9","GRB10","CTBP1"
"CDK9","GRM5","CTBP1"
"CDK9","PIK3CG","CTBP1"
"CDK9","ABI1","CTBP1"
"CDK9","PEBP1","CTBP1"
"CDK9","PPP1R14B","CTBP1"
"CDK9","MAPK3","RARG"
"CDK9","GSK3B/Axin/APC","RARG"
"CDK9","AURKA","RARG"
"CDK9","MAPK1","RARG"
"CDK9","CSNK2A1","RARG"
"CDK9","CDK1","RARG"
"CDK9","PRKCA","RARG"
"CDK9","PTPN6","RARG"
"CDK9","MAPK14","RARG"
"CDK9","PTPRC","RARG"
"CDK9","ERK1/2","RARG"
"CDK9","Gbeta","RARG"
"CDK9","CSNK1D","RARG"
"CDK9","PLK1","RARG"
"CDK9","ABL1","RARG"
"CDK9","GSK3B","RARG"
"CDK9","PPP1R2","RARG"
"CDK9","CDK5","RARG"
"CDK9","AKT","RARG"
"CDK9","PRKD1","RARG"
"CDK9","IRS1","RARG"
"CDK9","PIK3CA","RARG"
"CDK9","PTK2","RARG"
"CDK9","CyclinE/CDK2","RARG"
"CDK9","RNF111","RARG"
"CDK9","SHC1","RARG"
"CDK9","MAPKAPK5","RARG"
"CDK9","CDK6","RARG"
"CDK9","CDC25B","RARG"
"CDK9","GAB1","RARG"
"CDK9","PTPRA","RARG"
"CDK9","GRB10","RARG"
"CDK9","BORA","RARG"
"CDK9","PEBP1","RARG"
"CDK9","MAPK3","SHC1"
"CDK9","AURKA","SHC1"
"CDK9","CSNK2A1","SHC1"
"CDK9","CDK1","SHC1"
"CDK9","Gbeta","SHC1"
"CDK9","PLK1","SHC1"
"CDK9","TGFBR1","SHC1"
"CDK9","CDK2","SHC1"
"CDK9","MAP3K1","SHC1"
"CDK9","AKT","SHC1"
"CDK9","IRS1","SHC1"
"CDK9","PIK3CA","SHC1"
"CDK9","PTK2","SHC1"
"CDK9","RNF111","SHC1"
"CDK9","mTORC1","SHC1"
"CDK9","RASSF1","SHC1"
"CDK9","GRB2","SHC1"
"CDK9","ZAP70","SHC1"
"CDK9","TRAF6","SHC1"
"CDK9","AXIN1","SHC1"
"CDK9","CDC25C","SHC1"
"CDK9","GAB1","SHC1"
"CDK9","NR3C1","SHC1"
"CDK9","GAB2","SHC1"
"CDK9","FGFR2","SHC1"
"CDK9","NF2","SHC1"
"CDK9","GRM5","SHC1"
"CDK9","PPP1R14A","SHC1"
"CDK9","PEBP1","SHC1"
"CDK9","PPP1R14B","SHC1"
"CDK9","MAPK14","RPS6KA4"
"CDK9","SRC","CSK"
"CDK9","MAPK1","CSK"
"CDK9","CSNK2A1","CSK"
"CDK9","CDK1","CSK"
"CDK9","PRKCA","CSK"
"CDK9","PTPN6","CSK"
"CDK9","ERK1/2","CSK"
"CDK9","PLK1","CSK"
"CDK9","TGFBR1","CSK"
"CDK9","RPS6KA1","CSK"
"CDK9","CDK5","CSK"
"CDK9","AKT","CSK"
"CDK9","PRKD1","CSK"
"CDK9","IRS1","CSK"
"CDK9","PIK3CA","CSK"
"CDK9","mTORC1","CSK"
"CDK9","ADRA2A","CSK"
"CDK9","GRB2","CSK"
"CDK9","ZAP70","CSK"
"CDK9","NCOA2","CSK"
"CDK9","TRAF6","CSK"
"CDK9","AXIN1","CSK"
"CDK9","MAPKAPK5","CSK"
"CDK9","CDK6","CSK"
"CDK9","CDC25B","CSK"
"CDK9","LAT","CSK"
"CDK9","ARRB2","CSK"
"CDK9","MGluR","CSK"
"CDK9","GAB2","CSK"
"CDK9","NF2","CSK"
"CDK9","GRB10","CSK"
"CDK9","GRM5","CSK"
"CDK9","ABI1","CSK"
"CDK9","PEBP1","CSK"
"CDK9","AURKA","EEF2K"
"CDK9","CSNK2A1","EEF2K"
"CDK9","CDK1","EEF2K"
"CDK9","PTPN6","EEF2K"
"CDK9","PTPRC","EEF2K"
"CDK9","ERK1/2","EEF2K"
"CDK9","PLK1","EEF2K"
"CDK9","LCK","EEF2K"
"CDK9","CDK2","EEF2K"
"CDK9","RPS6KA1","EEF2K"
"CDK9","PAK6","EEF2K"
"CDK9","PPP1R2","EEF2K"
"CDK9","MAP3K1","EEF2K"
"CDK9","IRS1","EEF2K"
"CDK9","PIK3CA","EEF2K"
"CDK9","CyclinE/CDK2","EEF2K"
"CDK9","mTORC1","EEF2K"
"CDK9","RASSF1","EEF2K"
"CDK9","ADRA2A","EEF2K"
"CDK9","CDK3","EEF2K"
"CDK9","ZAP70","EEF2K"
"CDK9","TRAF6","EEF2K"
"CDK9","MAPKAPK5","EEF2K"
"CDK9","GAB1","EEF2K"
"CDK9","NF2","EEF2K"
"CDK9","MAPK1","GATA1"
"CDK9","PRKCA","GATA1"
"CDK9","ERK1/2","GATA1"
"CDK9","PLK1","GATA1"
"CDK9","LCK","GATA1"
"CDK9","TGFBR1","GATA1"
"CDK9","PPP1R2","GATA1"
"CDK9","PRKD1","GATA1"
"CDK9","PIK3CA","GATA1"
"CDK9","CyclinE/CDK2","GATA1"
"CDK9","ADRA2A","GATA1"
"CDK9","PTK6","GATA1"
"CDK9","CDK6","GATA1"
"CDK9","CDC25C","GATA1"
"CDK9","GAB1","GATA1"
"CDK9","ESR1","GATA1"
"CDK9","ARRB2","GATA1"
"CDK9","CD28","GATA1"
"CDK9","NR3C1","GATA1"
"CDK9","PEBP1","GATA1"
"CDK9","PPP1R14B","GATA1"
"CDK9","GSK3B","HDAC3"
"CDK9","GSK3B","MAP2K4"
"CDK9","PRKCD","AXIN1"
"CDK9","MAPK1","AXIN1"
"CDK9","CSNK2A1","AXIN1"
"CDK9","CDK1","AXIN1"
"CDK9","PRKCA","AXIN1"
"CDK9","PTPN6","AXIN1"
"CDK9","MAPK14","AXIN1"
"CDK9","RPS6KA1","AXIN1"
"CDK9","GSK3B","AXIN1"
"CDK9","PPP1R2","AXIN1"
"CDK9","CDK5","AXIN1"
"CDK9","PRKD1","AXIN1"
"CDK9","PIK3CA","AXIN1"
"CDK9","CyclinE/CDK2","AXIN1"
"CDK9","RASSF1","AXIN1"
"CDK9","GRB2","AXIN1"
"CDK9","ZAP70","AXIN1"
"CDK9","NCOA2","AXIN1"
"CDK9","CDK6","AXIN1"
"CDK9","CDC25B","AXIN1"
"CDK9","PTPRA","AXIN1"
"CDK9","ESR1","AXIN1"
"CDK9","CD28","AXIN1"
"CDK9","MGluR","AXIN1"
"CDK9","GRB10","AXIN1"
"CDK9","GRM5","AXIN1"
"CDK9","ABI1","AXIN1"
"CDK9","BORA","AXIN1"
"CDK9","PEBP1","AXIN1"
"CDK9","MAPK3","RELA"
"CDK9","GSK3B/Axin/APC","RELA"
"CDK9","PRKCD","RELA"
"CDK9","CDK1","RELA"
"CDK9","PRKCA","RELA"
"CDK9","Gbeta","RELA"
"CDK9","CSNK1D","RELA"
"CDK9","LCK","RELA"
"CDK9","TGFBR1","RELA"
"CDK9","ABL1","RELA"
"CDK9","RPS6KA1","RELA"
"CDK9","PAK6","RELA"
"CDK9","PPP1R2","RELA"
"CDK9","CDK5","RELA"
"CDK9","MAP3K1","RELA"
"CDK9","IRS1","RELA"
"CDK9","RNF111","RELA"
"CDK9","mTORC1","RELA"
"CDK9","RASSF1","RELA"
"CDK9","ADRA2A","RELA"
"CDK9","CDK3","RELA"
"CDK9","ZAP70","RELA"
"CDK9","NCOA2","RELA"
"CDK9","TRAF6","RELA"
"CDK9","SHC1","RELA"
"CDK9","AXIN1","RELA"
"CDK9","MAPKAPK5","RELA"
"CDK9","GAB1","RELA"
"CDK9","PTPRA","RELA"
"CDK9","ESR1","RELA"
"CDK9","ARRB2","RELA"
"CDK9","CD28","RELA"
"CDK9","NR3C1","RELA"
"CDK9","MGluR","RELA"
"CDK9","INPP5D","RELA"
"CDK9","NF2","RELA"
"CDK9","GRM5","RELA"
"CDK9","PIK3CG","RELA"
"CDK9","MAPK3","MAPKAPK5"
"CDK9","AURKA","MAPKAPK5"
"CDK9","PRKCD","MAPKAPK5"
"CDK9","MAPK1","MAPKAPK5"
"CDK9","CSNK2A1","MAPKAPK5"
"CDK9","CDK1","MAPKAPK5"
"CDK9","PTPN6","MAPKAPK5"
"CDK9","ERK1/2","MAPKAPK5"
"CDK9","Gbeta","MAPKAPK5"
"CDK9","RPS6KA1","MAPKAPK5"
"CDK9","PPP1R2","MAPKAPK5"
"CDK9","CDK5","MAPKAPK5"
"CDK9","AKT","MAPKAPK5"
"CDK9","IRS1","MAPKAPK5"
"CDK9","PIK3CA","MAPKAPK5"
"CDK9","PTK2","MAPKAPK5"
"CDK9","CyclinE/CDK2","MAPKAPK5"
"CDK9","CDK3","MAPKAPK5"
"CDK9","CDC25C","MAPKAPK5"
"CDK9","CDC25B","MAPKAPK5"
"CDK9","GAB2","MAPKAPK5"
"CDK9","FGFR2","MAPKAPK5"
"CDK9","NF2","MAPKAPK5"
"CDK9","PIK3CG","MAPKAPK5"
"CDK9","ABI1","MAPKAPK5"
"CDK9","BORA","MAPKAPK5"
"CDK9","PEBP1","MAPKAPK5"
"CDK9","PTPN6","TP53"
"CDK9","PTPRC","TP53"
"CDK9","CSNK1D","TP53"
"CDK9","PLK1","TP53"
"CDK9","LCK","TP53"
"CDK9","TGFBR1","TP53"
"CDK9","ABL1","TP53"
"CDK9","RPS6KA1","TP53"
"CDK9","GSK3B","TP53"
"CDK9","MAP3K1","TP53"
"CDK9","AKT","TP53"
"CDK9","PRKD1","TP53"
"CDK9","IRS1","TP53"
"CDK9","PTK2","TP53"
"CDK9","CyclinE/CDK2","TP53"
"CDK9","ADRA2A","TP53"
"CDK9","CDK3","TP53"
"CDK9","GRB2","TP53"
"CDK9","PTK6","TP53"
"CDK9","NCOA2","TP53"
"CDK9","CDK6","TP53"
"CDK9","CDC25C","TP53"
"CDK9","CDC25B","TP53"
"CDK9","LAT","TP53"
"CDK9","GAB1","TP53"
"CDK9","PTPRA","TP53"
"CDK9","ARRB2","TP53"
"CDK9","CD28","TP53"
"CDK9","NR3C1","TP53"
"CDK9","MGluR","TP53"
"CDK9","INPP5D","TP53"
"CDK9","GAB2","TP53"
"CDK9","NF2","TP53"
"CDK9","GRB10","TP53"
"CDK9","GRM5","TP53"
"CDK9","ABI1","TP53"
"CDK9","BORA","TP53"
"CDK9","GSK3B/Axin/APC","DIABLO"
"CDK9","PRKCD","DIABLO"
"CDK9","MAPK1","DIABLO"
"CDK9","CSNK2A1","DIABLO"
"CDK9","CDK1","DIABLO"
"CDK9","PRKCA","DIABLO"
"CDK9","PTPN6","DIABLO"
"CDK9","MAPK14","DIABLO"
"CDK9","ERK1/2","DIABLO"
"CDK9","CSNK1D","DIABLO"
"CDK9","LCK","DIABLO"
"CDK9","ABL1","DIABLO"
"CDK9","PAK6","DIABLO"
"CDK9","GSK3B","DIABLO"
"CDK9","PPP1R2","DIABLO"
"CDK9","CDK5","DIABLO"
"CDK9","MAP3K1","DIABLO"
"CDK9","AKT","DIABLO"
"CDK9","IRS1","DIABLO"
"CDK9","PTK2","DIABLO"
"CDK9","CyclinE/CDK2","DIABLO"
"CDK9","RNF111","DIABLO"
"CDK9","mTORC1","DIABLO"
"CDK9","ADRA2A","DIABLO"
"CDK9","CDK3","DIABLO"
"CDK9","GRB2","DIABLO"
"CDK9","ZAP70","DIABLO"
"CDK9","NCOA2","DIABLO"
"CDK9","TRAF6","DIABLO"
"CDK9","SHC1","DIABLO"
"CDK9","AXIN1","DIABLO"
"CDK9","MAPKAPK5","DIABLO"
"CDK9","CDK6","DIABLO"
"CDK9","CDC25C","DIABLO"
"CDK9","CDC25B","DIABLO"
"CDK9","LAT","DIABLO"
"CDK9","PTPRA","DIABLO"
"CDK9","ESR1","DIABLO"
"CDK9","NR3C1","DIABLO"
"CDK9","MGluR","DIABLO"
"CDK9","INPP5D","DIABLO"
"CDK9","GAB2","DIABLO"
"CDK9","GRB10","DIABLO"
"CDK9","GRM5","DIABLO"
"CDK9","PPP1R14A","DIABLO"
"CDK9","ABI1","DIABLO"
"CDK9","PEBP1","DIABLO"
"CDK9","PPP1R14B","DIABLO"
"CDK9","MAPK3","TOB1"
"CDK9","GSK3B/Axin/APC","TOB1"
"CDK9","PRKCD","TOB1"
"CDK9","MAPK1","TOB1"
"CDK9","CSNK2A1","TOB1"
"CDK9","PTPRC","TOB1"
"CDK9","ERK1/2","TOB1"
"CDK9","CSNK1D","TOB1"
"CDK9","TGFBR1","TOB1"
"CDK9","ABL1","TOB1"
"CDK9","PPP1R2","TOB1"
"CDK9","MAP3K1","TOB1"
"CDK9","IRS1","TOB1"
"CDK9","PIK3CA","TOB1"
"CDK9","CyclinE/CDK2","TOB1"
"CDK9","RNF111","TOB1"
"CDK9","RASSF1","TOB1"
"CDK9","ADRA2A","TOB1"
"CDK9","CDK3","TOB1"
"CDK9","PTK6","TOB1"
"CDK9","ZAP70","TOB1"
"CDK9","NCOA2","TOB1"
"CDK9","SHC1","TOB1"
"CDK9","MAPKAPK5","TOB1"
"CDK9","CDC25C","TOB1"
"CDK9","GAB1","TOB1"
"CDK9","CD28","TOB1"
"CDK9","NR3C1","TOB1"
"CDK9","INPP5D","TOB1"
"CDK9","NF2","TOB1"
"CDK9","PIK3CG","TOB1"
"CDK9","ABI1","TOB1"
"CDK9","PEBP1","TOB1"
"CDK9","PPP1R14B","TOB1"
"CDK9","GSK3B","MAP3K8"
"CDK9","PRKCD","PTPRR"
"CDK9","MAPK14","PTPRR"
"CDK9","PTPRC","PTPRR"
"CDK9","CSNK1D","PTPRR"
"CDK9","PLK1","PTPRR"
"CDK9","GSK3B","PTPRR"
"CDK9","PIK3CA","PTPRR"
"CDK9","PTK2","PTPRR"
"CDK9","GRB2","PTPRR"
"CDK9","SHC1","PTPRR"
"CDK9","AXIN1","PTPRR"
"CDK9","CDC25B","PTPRR"
"CDK9","LAT","PTPRR"
"CDK9","GAB1","PTPRR"
"CDK9","INPP5D","PTPRR"
"CDK9","NF2","PTPRR"
"CDK9","PIK3CG","PTPRR"
"CDK9","PEBP1","PTPRR"
"CDK9","MAPK3","CDCA5"
"CDK9","GSK3B/Axin/APC","CDCA5"
"CDK9","AURKA","CDCA5"
"CDK9","PRKCD","CDCA5"
"CDK9","PRKCA","CDCA5"
"CDK9","PTPN6","CDCA5"
"CDK9","MAPK14","CDCA5"
"CDK9","PTPRC","CDCA5"
"CDK9","Gbeta","CDCA5"
"CDK9","CSNK1D","CDCA5"
"CDK9","TGFBR1","CDCA5"
"CDK9","ABL1","CDCA5"
"CDK9","PAK6","CDCA5"
"CDK9","GSK3B","CDCA5"
"CDK9","CDK5","CDCA5"
"CDK9","MAP3K1","CDCA5"
"CDK9","AKT","CDCA5"
"CDK9","PRKD1","CDCA5"
"CDK9","IRS1","CDCA5"
"CDK9","PIK3CA","CDCA5"
"CDK9","PTK2","CDCA5"
"CDK9","RNF111","CDCA5"
"CDK9","mTORC1","CDCA5"
"CDK9","RASSF1","CDCA5"
"CDK9","ADRA2A","CDCA5"
"CDK9","CDK3","CDCA5"
"CDK9","GRB2","CDCA5"
"CDK9","ZAP70","CDCA5"
"CDK9","TRAF6","CDCA5"
"CDK9","AXIN1","CDCA5"
"CDK9","CDK6","CDCA5"
"CDK9","CDC25C","CDCA5"
"CDK9","CDC25B","CDCA5"
"CDK9","GAB1","CDCA5"
"CDK9","PTPRA","CDCA5"
"CDK9","ESR1","CDCA5"
"CDK9","ARRB2","CDCA5"
"CDK9","CD28","CDCA5"
"CDK9","MGluR","CDCA5"
"CDK9","INPP5D","CDCA5"
"CDK9","GAB2","CDCA5"
"CDK9","FGFR2","CDCA5"
"CDK9","NF2","CDCA5"
"CDK9","GRB10","CDCA5"
"CDK9","GRM5","CDCA5"
"CDK9","PIK3CG","CDCA5"
"CDK9","PPP1R14A","CDCA5"
"CDK9","BORA","CDCA5"
"CDK9","PEBP1","CDCA5"
"CDK9","PPP1R14B","CDCA5"
"CDK9","MAPK3","CDKN1B"
"CDK9","MAPK3","CDK6"
"CDK9","MAPK1","CDK6"
"CDK9","CSNK2A1","CDK6"
"CDK9","CDK1","CDK6"
"CDK9","PRKCA","CDK6"
"CDK9","PTPN6","CDK6"
"CDK9","ERK1/2","CDK6"
"CDK9","PLK1","CDK6"
"CDK9","LCK","CDK6"
"CDK9","ABL1","CDK6"
"CDK9","RPS6KA1","CDK6"
"CDK9","MAP3K1","CDK6"
"CDK9","AKT","CDK6"
"CDK9","PRKD1","CDK6"
"CDK9","PIK3CA","CDK6"
"CDK9","PTK2","CDK6"
"CDK9","ADRA2A","CDK6"
"CDK9","PTK6","CDK6"
"CDK9","SHC1","CDK6"
"CDK9","MAPKAPK5","CDK6"
"CDK9","CDC25B","CDK6"
"CDK9","LAT","CDK6"
"CDK9","ESR1","CDK6"
"CDK9","ARRB2","CDK6"
"CDK9","CD28","CDK6"
"CDK9","FGFR2","CDK6"
"CDK9","NF2","CDK6"
"CDK9","GRB10","CDK6"
"CDK9","GRM5","CDK6"
"CDK9","PPP1R14A","CDK6"
"CDK9","PEBP1","CDK6"
"CDK9","AURKA","AR"
"CDK9","MAPK1","AR"
"CDK9","CSNK2A1","AR"
"CDK9","CDK1","AR"
"CDK9","PRKCA","AR"
"CDK9","PTPN6","AR"
"CDK9","MAPK14","AR"
"CDK9","PTPRC","AR"
"CDK9","ERK1/2","AR"
"CDK9","Gbeta","AR"
"CDK9","CSNK1D","AR"
"CDK9","PLK1","AR"
"CDK9","LCK","AR"
"CDK9","TGFBR1","AR"
"CDK9","CDK2","AR"
"CDK9","RPS6KA1","AR"
"CDK9","PAK6","AR"
"CDK9","GSK3B","AR"
"CDK9","PPP1R2","AR"
"CDK9","CDK5","AR"
"CDK9","AKT","AR"
"CDK9","PRKD1","AR"
"CDK9","IRS1","AR"
"CDK9","PIK3CA","AR"
"CDK9","PTK2","AR"
"CDK9","RNF111","AR"
"CDK9","RASSF1","AR"
"CDK9","ADRA2A","AR"
"CDK9","CDK3","AR"
"CDK9","GRB2","AR"
"CDK9","PTK6","AR"
"CDK9","ZAP70","AR"
"CDK9","TRAF6","AR"
"CDK9","SHC1","AR"
"CDK9","MAPKAPK5","AR"
"CDK9","CDK6","AR"
"CDK9","CDC25C","AR"
"CDK9","CDC25B","AR"
"CDK9","LAT","AR"
"CDK9","PTPRA","AR"
"CDK9","ESR1","AR"
"CDK9","ARRB2","AR"
"CDK9","CD28","AR"
"CDK9","NR3C1","AR"
"CDK9","INPP5D","AR"
"CDK9","GAB2","AR"
"CDK9","FGFR2","AR"
"CDK9","GRB10","AR"
"CDK9","GRM5","AR"
"CDK9","PIK3CG","AR"
"CDK9","ABI1","AR"
"CDK9","BORA","AR"
"CDK9","MAPK3","GTF2I"
"CDK9","GSK3B/Axin/APC","GTF2I"
"CDK9","AURKA","GTF2I"
"CDK9","MAPK1","GTF2I"
"CDK9","CSNK2A1","GTF2I"
"CDK9","CDK1","GTF2I"
"CDK9","PRKCA","GTF2I"
"CDK9","CSNK1D","GTF2I"
"CDK9","PLK1","GTF2I"
"CDK9","TGFBR1","GTF2I"
"CDK9","ABL1","GTF2I"
"CDK9","RPS6KA1","GTF2I"
"CDK9","AKT","GTF2I"
"CDK9","PRKD1","GTF2I"
"CDK9","PTK2","GTF2I"
"CDK9","mTORC1","GTF2I"
"CDK9","PTK6","GTF2I"
"CDK9","CDK6","GTF2I"
"CDK9","CDC25C","GTF2I"
"CDK9","LAT","GTF2I"
"CDK9","GAB1","GTF2I"
"CDK9","PTPRA","GTF2I"
"CDK9","ESR1","GTF2I"
"CDK9","ARRB2","GTF2I"
"CDK9","CD28","GTF2I"
"CDK9","GRB10","GTF2I"
"CDK9","GRM5","GTF2I"
"CDK9","PPP1R14A","GTF2I"
"CDK9","BORA","GTF2I"
"CDK9","GSK3B/Axin/APC","TSC1"
"CDK9","AURKA","TSC1"
"CDK9","PRKCD","TSC1"
"CDK9","CDK1","TSC1"
"CDK9","PRKCA","TSC1"
"CDK9","MAPK14","TSC1"
"CDK9","PTPRC","TSC1"
"CDK9","ERK1/2","TSC1"
"CDK9","Gbeta","TSC1"
"CDK9","CDK2","TSC1"
"CDK9","RPS6KA1","TSC1"
"CDK9","PAK6","TSC1"
"CDK9","CDK5","TSC1"
"CDK9","AKT","TSC1"
"CDK9","IRS1","TSC1"
"CDK9","PIK3CA","TSC1"
"CDK9","PTK2","TSC1"
"CDK9","CyclinE/CDK2","TSC1"
"CDK9","RNF111","TSC1"
"CDK9","mTORC1","TSC1"
"CDK9","GRB2","TSC1"
"CDK9","ZAP70","TSC1"
"CDK9","NCOA2","TSC1"
"CDK9","TRAF6","TSC1"
"CDK9","SHC1","TSC1"
"CDK9","AXIN1","TSC1"
"CDK9","MAPKAPK5","TSC1"
"CDK9","CDK6","TSC1"
"CDK9","GAB1","TSC1"
"CDK9","PTPRA","TSC1"
"CDK9","INPP5D","TSC1"
"CDK9","GAB2","TSC1"
"CDK9","NF2","TSC1"
"CDK9","GRB10","TSC1"
"CDK9","GRM5","TSC1"
"CDK9","PPP1R14A","TSC1"
"CDK9","BORA","TSC1"
"CDK9","PEBP1","TSC1"
"CDK9","LCK","YWHAB"
"CDK9","NR3C1","YWHAB"
"CDK9","MAPK3","DUSP3"
"CDK9","AURKA","DUSP3"
"CDK9","PRKCD","DUSP3"
"CDK9","CSNK2A1","DUSP3"
"CDK9","CDK1","DUSP3"
"CDK9","PTPN6","DUSP3"
"CDK9","Gbeta","DUSP3"
"CDK9","CSNK1D","DUSP3"
"CDK9","PLK1","DUSP3"
"CDK9","ABL1","DUSP3"
"CDK9","CDK2","DUSP3"
"CDK9","RPS6KA1","DUSP3"
"CDK9","PAK6","DUSP3"
"CDK9","GSK3B","DUSP3"
"CDK9","AKT","DUSP3"
"CDK9","IRS1","DUSP3"
"CDK9","PTK2","DUSP3"
"CDK9","RNF111","DUSP3"
"CDK9","ADRA2A","DUSP3"
"CDK9","CDK3","DUSP3"
"CDK9","GRB2","DUSP3"
"CDK9","SHC1","DUSP3"
"CDK9","AXIN1","DUSP3"
"CDK9","MAPKAPK5","DUSP3"
"CDK9","CDC25B","DUSP3"
"CDK9","GAB1","DUSP3"
"CDK9","PTPRA","DUSP3"
"CDK9","ESR1","DUSP3"
"CDK9","CD28","DUSP3"
"CDK9","MGluR","DUSP3"
"CDK9","INPP5D","DUSP3"
"CDK9","GAB2","DUSP3"
"CDK9","FGFR2","DUSP3"
"CDK9","NF2","DUSP3"
"CDK9","GRM5","DUSP3"
"CDK9","PIK3CG","DUSP3"
"CDK9","BORA","DUSP3"
"CDK9","PEBP1","DUSP3"
"CDK9","PPP1R14B","DUSP3"
"CDK9","LCK","MAX"
"CDK9","NCOA2","MAX"
"CDK9","NR3C1","MAX"
"CDK9","GSK3B/Axin/APC","CTNNA1"
"CDK9","AURKA","CTNNA1"
"CDK9","MAPK1","CTNNA1"
"CDK9","CSNK2A1","CTNNA1"
"CDK9","CDK1","CTNNA1"
"CDK9","PRKCA","CTNNA1"
"CDK9","PTPN6","CTNNA1"
"CDK9","MAPK14","CTNNA1"
"CDK9","PTPRC","CTNNA1"
"CDK9","ERK1/2","CTNNA1"
"CDK9","Gbeta","CTNNA1"
"CDK9","CSNK1D","CTNNA1"
"CDK9","LCK","CTNNA1"
"CDK9","TGFBR1","CTNNA1"
"CDK9","ABL1","CTNNA1"
"CDK9","CDK2","CTNNA1"
"CDK9","RPS6KA1","CTNNA1"
"CDK9","PAK6","CTNNA1"
"CDK9","PPP1R2","CTNNA1"
"CDK9","CDK5","CTNNA1"
"CDK9","MAP3K1","CTNNA1"
"CDK9","PRKD1","CTNNA1"
"CDK9","IRS1","CTNNA1"
"CDK9","PIK3CA","CTNNA1"
"CDK9","CyclinE/CDK2","CTNNA1"
"CDK9","RASSF1","CTNNA1"
"CDK9","ADRA2A","CTNNA1"
"CDK9","PTK6","CTNNA1"
"CDK9","NCOA2","CTNNA1"
"CDK9","MAPKAPK5","CTNNA1"
"CDK9","CDC25C","CTNNA1"
"CDK9","LAT","CTNNA1"
"CDK9","PTPRA","CTNNA1"
"CDK9","ESR1","CTNNA1"
"CDK9","GAB2","CTNNA1"
"CDK9","NF2","CTNNA1"
"CDK9","ABI1","CTNNA1"
"CDK9","BORA","CTNNA1"
"CDK9","PPP1R14B","CTNNA1"
"CDK9","GSK3B","FOXO1"
"CDK9","PRKCD","TEC"
"CDK9","MAPK1","TEC"
"CDK9","CSNK2A1","TEC"
"CDK9","PRKCA","TEC"
"CDK9","ERK1/2","TEC"
"CDK9","CSNK1D","TEC"
"CDK9","CDK2","TEC"
"CDK9","CDK5","TEC"
"CDK9","ADRA2A","TEC"
"CDK9","CDK3","TEC"
"CDK9","PTK6","TEC"
"CDK9","ZAP70","TEC"
"CDK9","SHC1","TEC"
"CDK9","AXIN1","TEC"
"CDK9","MAPKAPK5","TEC"
"CDK9","GAB1","TEC"
"CDK9","FGFR2","TEC"
"CDK9","GRM5","TEC"
"CDK9","GSK3B/Axin/APC","RXRA"
"CDK9","AURKA","RXRA"
"CDK9","CSNK2A1","RXRA"
"CDK9","CDK1","RXRA"
"CDK9","PRKCA","RXRA"
"CDK9","PTPN6","RXRA"
"CDK9","MAPK14","RXRA"
"CDK9","CSNK1D","RXRA"
"CDK9","RPS6KA1","RXRA"
"CDK9","GSK3B","RXRA"
"CDK9","PTK2","RXRA"
"CDK9","RNF111","RXRA"
"CDK9","mTORC1","RXRA"
"CDK9","ZAP70","RXRA"
"CDK9","TRAF6","RXRA"
"CDK9","AXIN1","RXRA"
"CDK9","CDC25C","RXRA"
"CDK9","ESR1","RXRA"
"CDK9","CD28","RXRA"
"CDK9","GAB2","RXRA"
"CDK9","FGFR2","RXRA"
"CDK9","GRM5","RXRA"
"CDK9","PPP1R14A","RXRA"
"CDK9","ABI1","RXRA"
"CDK9","PEBP1","RXRA"
"CDK9","PRKCD","RXR"
"CDK9","MAPK1","RXR"
"CDK9","CDK1","RXR"
"CDK9","PTPN6","RXR"
"CDK9","Gbeta","RXR"
"CDK9","CSNK1D","RXR"
"CDK9","PLK1","RXR"
"CDK9","ABL1","RXR"
"CDK9","RPS6KA1","RXR"
"CDK9","GSK3B","RXR"
"CDK9","CDK5","RXR"
"CDK9","MAP3K1","RXR"
"CDK9","AKT","RXR"
"CDK9","PRKD1","RXR"
"CDK9","IRS1","RXR"
"CDK9","PIK3CA","RXR"
"CDK9","RNF111","RXR"
"CDK9","mTORC1","RXR"
"CDK9","PTK6","RXR"
"CDK9","CDK6","RXR"
"CDK9","GAB1","RXR"
"CDK9","ARRB2","RXR"
"CDK9","CD28","RXR"
"CDK9","GAB2","RXR"
"CDK9","FGFR2","RXR"
"CDK9","GRB10","RXR"
"CDK9","PIK3CG","RXR"
"CDK9","PPP1R14A","RXR"
"CDK9","ABI1","RXR"
"CDK9","PPP1R14B","RXR"
"CDK9","GSK3B/Axin/APC","RB1"
"CDK9","PRKCD","RB1"
"CDK9","PRKCA","RB1"
"CDK9","PTPN6","RB1"
"CDK9","PLK1","RB1"
"CDK9","RPS6KA1","RB1"
"CDK9","MAP3K1","RB1"
"CDK9","PRKD1","RB1"
"CDK9","GRB2","RB1"
"CDK9","SHC1","RB1"
"CDK9","AXIN1","RB1"
"CDK9","ARRB2","RB1"
"CDK9","CD28","RB1"
"CDK9","GRM5","RB1"
"CDK9","PPP1R14B","RB1"
"CDK9","PRKCD","CDC25C"
"CDK9","CSNK2A1","CDC25C"
"CDK9","PTPN6","CDC25C"
"CDK9","MAPK14","CDC25C"
"CDK9","LCK","CDC25C"
"CDK9","ABL1","CDC25C"
"CDK9","RPS6KA1","CDC25C"
"CDK9","GSK3B","CDC25C"
"CDK9","PPP1R2","CDC25C"
"CDK9","PIK3CA","CDC25C"
"CDK9","PTK2","CDC25C"
"CDK9","RASSF1","CDC25C"
"CDK9","ADRA2A","CDC25C"
"CDK9","PTK6","CDC25C"
"CDK9","ZAP70","CDC25C"
"CDK9","NCOA2","CDC25C"
"CDK9","TRAF6","CDC25C"
"CDK9","SHC1","CDC25C"
"CDK9","AXIN1","CDC25C"
"CDK9","CDK6","CDC25C"
"CDK9","CDC25B","CDC25C"
"CDK9","LAT","CDC25C"
"CDK9","PTPRA","CDC25C"
"CDK9","ESR1","CDC25C"
"CDK9","ARRB2","CDC25C"
"CDK9","CD28","CDC25C"
"CDK9","MGluR","CDC25C"
"CDK9","INPP5D","CDC25C"
"CDK9","FGFR2","CDC25C"
"CDK9","NF2","CDC25C"
"CDK9","GRB10","CDC25C"
"CDK9","GRM5","CDC25C"
"CDK9","BORA","CDC25C"
"CDK9","PEBP1","CDC25C"
"CDK9","PPP1R14B","CDC25C"
"CDK9","MAPK3","ASB2"
"CDK9","GSK3B/Axin/APC","ASB2"
"CDK9","AURKA","ASB2"
"CDK9","PRKCD","ASB2"
"CDK9","MAPK1","ASB2"
"CDK9","CSNK2A1","ASB2"
"CDK9","CDK1","ASB2"
"CDK9","PRKCA","ASB2"
"CDK9","PTPN6","ASB2"
"CDK9","MAPK14","ASB2"
"CDK9","PTPRC","ASB2"
"CDK9","ERK1/2","ASB2"
"CDK9","Gbeta","ASB2"
"CDK9","TGFBR1","ASB2"
"CDK9","ABL1","ASB2"
"CDK9","RPS6KA1","ASB2"
"CDK9","PAK6","ASB2"
"CDK9","GSK3B","ASB2"
"CDK9","MAP3K1","ASB2"
"CDK9","PRKD1","ASB2"
"CDK9","PIK3CA","ASB2"
"CDK9","PTK2","ASB2"
"CDK9","mTORC1","ASB2"
"CDK9","GRB2","ASB2"
"CDK9","PTK6","ASB2"
"CDK9","ZAP70","ASB2"
"CDK9","TRAF6","ASB2"
"CDK9","SHC1","ASB2"
"CDK9","CDC25B","ASB2"
"CDK9","GAB1","ASB2"
"CDK9","PTPRA","ASB2"
"CDK9","ESR1","ASB2"
"CDK9","CD28","ASB2"
"CDK9","MGluR","ASB2"
"CDK9","GAB2","ASB2"
"CDK9","FGFR2","ASB2"
"CDK9","ABI1","ASB2"
"CDK9","PEBP1","ASB2"
"CDK9","PPP1R14B","ASB2"
"CDK9","MAPK3","BMX"
"CDK9","PRKCD","BMX"
"CDK9","PRKCA","BMX"
"CDK9","MAPK14","BMX"
"CDK9","PTPRC","BMX"
"CDK9","CSNK1D","BMX"
"CDK9","TGFBR1","BMX"
"CDK9","CDK2","BMX"
"CDK9","RPS6KA1","BMX"
"CDK9","PPP1R2","BMX"
"CDK9","AKT","BMX"
"CDK9","PRKD1","BMX"
"CDK9","IRS1","BMX"
"CDK9","PIK3CA","BMX"
"CDK9","PTK2","BMX"
"CDK9","CyclinE/CDK2","BMX"
"CDK9","RNF111","BMX"
"CDK9","mTORC1","BMX"
"CDK9","GRB2","BMX"
"CDK9","PTK6","BMX"
"CDK9","ZAP70","BMX"
"CDK9","AXIN1","BMX"
"CDK9","CDK6","BMX"
"CDK9","ESR1","BMX"
"CDK9","CD28","BMX"
"CDK9","MGluR","BMX"
"CDK9","INPP5D","BMX"
"CDK9","PPP1R14A","BMX"
"CDK9","PEBP1","BMX"
"CDK9","GSK3B/Axin/APC","SMAD2"
"CDK9","AURKA","SMAD2"
"CDK9","MAPK1","SMAD2"
"CDK9","CSNK2A1","SMAD2"
"CDK9","PTPN6","SMAD2"
"CDK9","MAPK14","SMAD2"
"CDK9","PTPRC","SMAD2"
"CDK9","ERK1/2","SMAD2"
"CDK9","Gbeta","SMAD2"
"CDK9","CSNK1D","SMAD2"
"CDK9","ABL1","SMAD2"
"CDK9","CDK2","SMAD2"
"CDK9","RPS6KA1","SMAD2"
"CDK9","PAK6","SMAD2"
"CDK9","PPP1R2","SMAD2"
"CDK9","MAP3K1","SMAD2"
"CDK9","AKT","SMAD2"
"CDK9","IRS1","SMAD2"
"CDK9","PIK3CA","SMAD2"
"CDK9","CyclinE/CDK2","SMAD2"
"CDK9","RNF111","SMAD2"
"CDK9","RASSF1","SMAD2"
"CDK9","CDK3","SMAD2"
"CDK9","GRB2","SMAD2"
"CDK9","PTK6","SMAD2"
"CDK9","TRAF6","SMAD2"
"CDK9","SHC1","SMAD2"
"CDK9","AXIN1","SMAD2"
"CDK9","CDC25B","SMAD2"
"CDK9","LAT","SMAD2"
"CDK9","GAB1","SMAD2"
"CDK9","PTPRA","SMAD2"
"CDK9","ARRB2","SMAD2"
"CDK9","CD28","SMAD2"
"CDK9","FGFR2","SMAD2"
"CDK9","NF2","SMAD2"
"CDK9","GRB10","SMAD2"
"CDK9","GRM5","SMAD2"
"CDK9","ABI1","SMAD2"
"CDK9","BORA","SMAD2"
"CDK9","PEBP1","SMAD2"
"CDK9","PPP1R14B","SMAD2"
"CDK9","GSK3B/Axin/APC","CDC25B"
"CDK9","AURKA","CDC25B"
"CDK9","PRKCD","CDC25B"
"CDK9","CSNK2A1","CDC25B"
"CDK9","PRKCA","CDC25B"
"CDK9","PTPN6","CDC25B"
"CDK9","MAPK14","CDC25B"
"CDK9","PTPRC","CDC25B"
"CDK9","ERK1/2","CDC25B"
"CDK9","Gbeta","CDC25B"
"CDK9","CSNK1D","CDC25B"
"CDK9","PLK1","CDC25B"
"CDK9","LCK","CDC25B"
"CDK9","ABL1","CDC25B"
"CDK9","PPP1R2","CDC25B"
"CDK9","AKT","CDC25B"
"CDK9","PRKD1","CDC25B"
"CDK9","IRS1","CDC25B"
"CDK9","PTK2","CDC25B"
"CDK9","ADRA2A","CDC25B"
"CDK9","NCOA2","CDC25B"
"CDK9","CDC25C","CDC25B"
"CDK9","ESR1","CDC25B"
"CDK9","NR3C1","CDC25B"
"CDK9","GRB10","CDC25B"
"CDK9","ABI1","CDC25B"
"CDK9","BORA","CDC25B"
"CDK9","PEBP1","CDC25B"
"CDK9","AURKA","THR"
"CDK9","CSNK2A1","THR"
"CDK9","PTPN6","THR"
"CDK9","MAPK14","THR"
"CDK9","PLK1","THR"
"CDK9","LCK","THR"
"CDK9","PPP1R2","THR"
"CDK9","CDK5","THR"
"CDK9","AKT","THR"
"CDK9","PRKD1","THR"
"CDK9","CyclinE/CDK2","THR"
"CDK9","RNF111","THR"
"CDK9","mTORC1","THR"
"CDK9","RASSF1","THR"
"CDK9","ADRA2A","THR"
"CDK9","GRB2","THR"
"CDK9","SHC1","THR"
"CDK9","CDC25C","THR"
"CDK9","CDC25B","THR"
"CDK9","LAT","THR"
"CDK9","PTPRA","THR"
"CDK9","ARRB2","THR"
"CDK9","GAB2","THR"
"CDK9","FGFR2","THR"
"CDK9","NF2","THR"
"CDK9","GRB10","THR"
"CDK9","GRM5","THR"
"CDK9","PIK3CG","THR"
"CDK9","ABI1","THR"
"CDK9","MAPK3","RARB"
"CDK9","AURKA","RARB"
"CDK9","PRKCD","RARB"
"CDK9","PRKCA","RARB"
"CDK9","PTPN6","RARB"
"CDK9","MAPK14","RARB"
"CDK9","Gbeta","RARB"
"CDK9","PLK1","RARB"
"CDK9","LCK","RARB"
"CDK9","TGFBR1","RARB"
"CDK9","CDK2","RARB"
"CDK9","RPS6KA1","RARB"
"CDK9","PAK6","RARB"
"CDK9","CDK5","RARB"
"CDK9","MAP3K1","RARB"
"CDK9","PRKD1","RARB"
"CDK9","RNF111","RARB"
"CDK9","mTORC1","RARB"
"CDK9","RASSF1","RARB"
"CDK9","CDK3","RARB"
"CDK9","MAPKAPK5","RARB"
"CDK9","CDK6","RARB"
"CDK9","CDC25C","RARB"
"CDK9","GAB1","RARB"
"CDK9","PTPRA","RARB"
"CDK9","ESR1","RARB"
"CDK9","ARRB2","RARB"
"CDK9","PIK3CG","RARB"
"CDK9","PPP1R14A","RARB"
"CDK9","ABI1","RARB"
"CDK9","PEBP1","RARB"
"CDK9","MAPK3","LAT"
"CDK9","AURKA","LAT"
"CDK9","PRKCD","LAT"
"CDK9","MAPK1","LAT"
"CDK9","CSNK2A1","LAT"
"CDK9","PTPRC","LAT"
"CDK9","ERK1/2","LAT"
"CDK9","Gbeta","LAT"
"CDK9","CSNK1D","LAT"
"CDK9","PLK1","LAT"
"CDK9","LCK","LAT"
"CDK9","TGFBR1","LAT"
"CDK9","ABL1","LAT"
"CDK9","CDK2","LAT"
"CDK9","RPS6KA1","LAT"
"CDK9","PAK6","LAT"
"CDK9","AKT","LAT"
"CDK9","PRKD1","LAT"
"CDK9","IRS1","LAT"
"CDK9","PTK2","LAT"
"CDK9","CyclinE/CDK2","LAT"
"CDK9","mTORC1","LAT"
"CDK9","RASSF1","LAT"
"CDK9","ADRA2A","LAT"
"CDK9","GRB2","LAT"
"CDK9","PTK6","LAT"
"CDK9","ZAP70","LAT"
"CDK9","NCOA2","LAT"
"CDK9","TRAF6","LAT"
"CDK9","AXIN1","LAT"
"CDK9","MAPKAPK5","LAT"
"CDK9","CDK6","LAT"
"CDK9","CDC25C","LAT"
"CDK9","GAB1","LAT"
"CDK9","ARRB2","LAT"
"CDK9","CD28","LAT"
"CDK9","NR3C1","LAT"
"CDK9","GAB2","LAT"
"CDK9","GRM5","LAT"
"CDK9","PPP1R14A","LAT"
"CDK9","PPP1R14B","LAT"
"CDK9","MAPK3","PIN1"
"CDK9","AURKA","PIN1"
"CDK9","PRKCD","PIN1"
"CDK9","MAPK1","PIN1"
"CDK9","CSNK2A1","PIN1"
"CDK9","CDK1","PIN1"
"CDK9","PTPN6","PIN1"
"CDK9","MAPK14","PIN1"
"CDK9","PTPRC","PIN1"
"CDK9","ERK1/2","PIN1"
"CDK9","Gbeta","PIN1"
"CDK9","PLK1","PIN1"
"CDK9","LCK","PIN1"
"CDK9","TGFBR1","PIN1"
"CDK9","ABL1","PIN1"
"CDK9","CDK2","PIN1"
"CDK9","RPS6KA1","PIN1"
"CDK9","PAK6","PIN1"
"CDK9","PPP1R2","PIN1"
"CDK9","CDK5","PIN1"
"CDK9","PIK3CA","PIN1"
"CDK9","PTK2","PIN1"
"CDK9","CyclinE/CDK2","PIN1"
"CDK9","RNF111","PIN1"
"CDK9","mTORC1","PIN1"
"CDK9","RASSF1","PIN1"
"CDK9","PTK6","PIN1"
"CDK9","ZAP70","PIN1"
"CDK9","AXIN1","PIN1"
"CDK9","MAPKAPK5","PIN1"
"CDK9","CDK6","PIN1"
"CDK9","GAB1","PIN1"
"CDK9","ARRB2","PIN1"
"CDK9","CD28","PIN1"
"CDK9","MGluR","PIN1"
"CDK9","GAB2","PIN1"
"CDK9","FGFR2","PIN1"
"CDK9","GRM5","PIN1"
"CDK9","PIK3CG","PIN1"
"CDK9","PPP1R14A","PIN1"
"CDK9","PPP1R14B","PIN1"
"CDK9","MAPK3","NR2F1"
"CDK9","AURKA","NR2F1"
"CDK9","PRKCD","NR2F1"
"CDK9","MAPK1","NR2F1"
"CDK9","CSNK2A1","NR2F1"
"CDK9","PRKCA","NR2F1"
"CDK9","ERK1/2","NR2F1"
"CDK9","CSNK1D","NR2F1"
"CDK9","CDK5","NR2F1"
"CDK9","CyclinE/CDK2","NR2F1"
"CDK9","PTK6","NR2F1"
"CDK9","INPP5D","NR2F1"
"CDK9","PIK3CG","NR2F1"
"CDK9","PPP1R14A","NR2F1"
"CDK9","BORA","NR2F1"
"CDK9","PEBP1","NR2F1"
"CDK9","MAPK3","GAB1"
"CDK9","GSK3B/Axin/APC","GAB1"
"CDK9","MAPK1","GAB1"
"CDK9","CSNK2A1","GAB1"
"CDK9","CDK1","GAB1"
"CDK9","PTPN6","GAB1"
"CDK9","PTPRC","GAB1"
"CDK9","Gbeta","GAB1"
"CDK9","TGFBR1","GAB1"
"CDK9","ABL1","GAB1"
"CDK9","CDK2","GAB1"
"CDK9","GSK3B","GAB1"
"CDK9","CDK5","GAB1"
"CDK9","AKT","GAB1"
"CDK9","PRKD1","GAB1"
"CDK9","IRS1","GAB1"
"CDK9","PIK3CA","GAB1"
"CDK9","PTK2","GAB1"
"CDK9","CyclinE/CDK2","GAB1"
"CDK9","RASSF1","GAB1"
"CDK9","ADRA2A","GAB1"
"CDK9","CDK3","GAB1"
"CDK9","SHC1","GAB1"
"CDK9","AXIN1","GAB1"
"CDK9","CDK6","GAB1"
"CDK9","CDC25C","GAB1"
"CDK9","PTPRA","GAB1"
"CDK9","ARRB2","GAB1"
"CDK9","CD28","GAB1"
"CDK9","FGFR2","GAB1"
"CDK9","NF2","GAB1"
"CDK9","PIK3CG","GAB1"
"CDK9","BORA","GAB1"
"CDK9","MAPK3","PTPRA"
"CDK9","AURKA","PTPRA"
"CDK9","CSNK2A1","PTPRA"
"CDK9","CDK1","PTPRA"
"CDK9","PRKCA","PTPRA"
"CDK9","Gbeta","PTPRA"
"CDK9","CSNK1D","PTPRA"
"CDK9","RPS6KA1","PTPRA"
"CDK9","GSK3B","PTPRA"
"CDK9","PTK2","PTPRA"
"CDK9","CyclinE/CDK2","PTPRA"
"CDK9","RNF111","PTPRA"
"CDK9","GRB2","PTPRA"
"CDK9","ZAP70","PTPRA"
"CDK9","AXIN1","PTPRA"
"CDK9","MAPKAPK5","PTPRA"
"CDK9","CDK6","PTPRA"
"CDK9","CDC25B","PTPRA"
"CDK9","ARRB2","PTPRA"
"CDK9","INPP5D","PTPRA"
"CDK9","GAB2","PTPRA"
"CDK9","FGFR2","PTPRA"
"CDK9","NF2","PTPRA"
"CDK9","GRB10","PTPRA"
"CDK9","PPP1R14A","PTPRA"
"CDK9","ABI1","PTPRA"
"CDK9","PEBP1","PTPRA"
"CDK9","MAPK3","GRIP1"
"CDK9","GSK3B/Axin/APC","GRIP1"
"CDK9","AURKA","GRIP1"
"CDK9","PRKCD","GRIP1"
"CDK9","CSNK2A1","GRIP1"
"CDK9","MAPK14","GRIP1"
"CDK9","PTPRC","GRIP1"
"CDK9","PLK1","GRIP1"
"CDK9","TGFBR1","GRIP1"
"CDK9","RPS6KA1","GRIP1"
"CDK9","PAK6","GRIP1"
"CDK9","GSK3B","GRIP1"
"CDK9","PPP1R2","GRIP1"
"CDK9","CDK5","GRIP1"
"CDK9","PRKD1","GRIP1"
"CDK9","PIK3CA","GRIP1"
"CDK9","CyclinE/CDK2","GRIP1"
"CDK9","RNF111","GRIP1"
"CDK9","mTORC1","GRIP1"
"CDK9","ADRA2A","GRIP1"
"CDK9","ZAP70","GRIP1"
"CDK9","TRAF6","GRIP1"
"CDK9","LAT","GRIP1"
"CDK9","GAB1","GRIP1"
"CDK9","PTPRA","GRIP1"
"CDK9","CD28","GRIP1"
"CDK9","GAB2","GRIP1"
"CDK9","FGFR2","GRIP1"
"CDK9","PIK3CG","GRIP1"
"CDK9","BORA","GRIP1"
"CDK9","PEBP1","GRIP1"
"CDK9","MAPK3","SMARCA4"
"CDK9","GSK3B/Axin/APC","SMARCA4"
"CDK9","AURKA","SMARCA4"
"CDK9","CSNK2A1","SMARCA4"
"CDK9","MAPK14","SMARCA4"
"CDK9","LCK","SMARCA4"
"CDK9","TGFBR1","SMARCA4"
"CDK9","ABL1","SMARCA4"
"CDK9","CDK2","SMARCA4"
"CDK9","RPS6KA1","SMARCA4"
"CDK9","CDK5","SMARCA4"
"CDK9","MAP3K1","SMARCA4"
"CDK9","AKT","SMARCA4"
"CDK9","IRS1","SMARCA4"
"CDK9","PTK2","SMARCA4"
"CDK9","PTK6","SMARCA4"
"CDK9","ZAP70","SMARCA4"
"CDK9","NCOA2","SMARCA4"
"CDK9","TRAF6","SMARCA4"
"CDK9","CDK6","SMARCA4"
"CDK9","CDC25C","SMARCA4"
"CDK9","CDC25B","SMARCA4"
"CDK9","LAT","SMARCA4"
"CDK9","GAB1","SMARCA4"
"CDK9","PTPRA","SMARCA4"
"CDK9","ESR1","SMARCA4"
"CDK9","FGFR2","SMARCA4"
"CDK9","NF2","SMARCA4"
"CDK9","GRM5","SMARCA4"
"CDK9","PIK3CG","SMARCA4"
"CDK9","ABI1","SMARCA4"
"CDK9","BORA","SMARCA4"
"CDK9","PEBP1","SMARCA4"
"CDK9","GSK3B/Axin/APC","EGR1"
"CDK9","AURKA","EGR1"
"CDK9","PRKCD","EGR1"
"CDK9","CSNK2A1","EGR1"
"CDK9","CDK1","EGR1"
"CDK9","PRKCA","EGR1"
"CDK9","PTPN6","EGR1"
"CDK9","MAPK14","EGR1"
"CDK9","PTPRC","EGR1"
"CDK9","ERK1/2","EGR1"
"CDK9","Gbeta","EGR1"
"CDK9","CSNK1D","EGR1"
"CDK9","PLK1","EGR1"
"CDK9","RPS6KA1","EGR1"
"CDK9","PAK6","EGR1"
"CDK9","PPP1R2","EGR1"
"CDK9","CDK5","EGR1"
"CDK9","AKT","EGR1"
"CDK9","PRKD1","EGR1"
"CDK9","IRS1","EGR1"
"CDK9","CyclinE/CDK2","EGR1"
"CDK9","mTORC1","EGR1"
"CDK9","RASSF1","EGR1"
"CDK9","CDK3","EGR1"
"CDK9","GRB2","EGR1"
"CDK9","PTK6","EGR1"
"CDK9","ZAP70","EGR1"
"CDK9","TRAF6","EGR1"
"CDK9","AXIN1","EGR1"
"CDK9","MAPKAPK5","EGR1"
"CDK9","CDK6","EGR1"
"CDK9","LAT","EGR1"
"CDK9","GAB1","EGR1"
"CDK9","ESR1","EGR1"
"CDK9","ARRB2","EGR1"
"CDK9","CD28","EGR1"
"CDK9","MGluR","EGR1"
"CDK9","NF2","EGR1"
"CDK9","GRB10","EGR1"
"CDK9","GRM5","EGR1"
"CDK9","PPP1R14A","EGR1"
"CDK9","ABI1","EGR1"
"CDK9","BORA","EGR1"
"CDK9","PEBP1","EGR1"
"CDK9","MAPK3","ESR1"
"CDK9","GSK3B/Axin/APC","ESR1"
"CDK9","AURKA","ESR1"
"CDK9","PRKCD","ESR1"
"CDK9","MAPK1","ESR1"
"CDK9","CDK1","ESR1"
"CDK9","PRKCA","ESR1"
"CDK9","MAPK14","ESR1"
"CDK9","PTPRC","ESR1"
"CDK9","ERK1/2","ESR1"
"CDK9","Gbeta","ESR1"
"CDK9","PLK1","ESR1"
"CDK9","LCK","ESR1"
"CDK9","TGFBR1","ESR1"
"CDK9","ABL1","ESR1"
"CDK9","CDK2","ESR1"
"CDK9","PAK6","ESR1"
"CDK9","GSK3B","ESR1"
"CDK9","PPP1R2","ESR1"
"CDK9","CDK5","ESR1"
"CDK9","MAP3K1","ESR1"
"CDK9","PRKD1","ESR1"
"CDK9","IRS1","ESR1"
"CDK9","PIK3CA","ESR1"
"CDK9","PTK2","ESR1"
"CDK9","mTORC1","ESR1"
"CDK9","RASSF1","ESR1"
"CDK9","ADRA2A","ESR1"
"CDK9","CDK3","ESR1"
"CDK9","GRB2","ESR1"
"CDK9","PTK6","ESR1"
"CDK9","ZAP70","ESR1"
"CDK9","NCOA2","ESR1"
"CDK9","SHC1","ESR1"
"CDK9","AXIN1","ESR1"
"CDK9","MAPKAPK5","ESR1"
"CDK9","CDC25C","ESR1"
"CDK9","CDC25B","ESR1"
"CDK9","LAT","ESR1"
"CDK9","GAB1","ESR1"
"CDK9","PTPRA","ESR1"
"CDK9","ARRB2","ESR1"
"CDK9","MGluR","ESR1"
"CDK9","INPP5D","ESR1"
"CDK9","GAB2","ESR1"
"CDK9","FGFR2","ESR1"
"CDK9","GRB10","ESR1"
"CDK9","GRM5","ESR1"
"CDK9","PIK3CG","ESR1"
"CDK9","PPP1R14A","ESR1"
"CDK9","BORA","ESR1"
"CDK9","PEBP1","ESR1"
"CDK9","PPP1R14B","ESR1"
"CDK9","MAPK3","NfKb-p65/p50"
"CDK9","GSK3B/Axin/APC","NfKb-p65/p50"
"CDK9","AURKA","NfKb-p65/p50"
"CDK9","PRKCD","NfKb-p65/p50"
"CDK9","CSNK2A1","NfKb-p65/p50"
"CDK9","CDK1","NfKb-p65/p50"
"CDK9","PRKCA","NfKb-p65/p50"
"CDK9","PTPN6","NfKb-p65/p50"
"CDK9","ERK1/2","NfKb-p65/p50"
"CDK9","PLK1","NfKb-p65/p50"
"CDK9","ABL1","NfKb-p65/p50"
"CDK9","CDK2","NfKb-p65/p50"
"CDK9","RPS6KA1","NfKb-p65/p50"
"CDK9","PAK6","NfKb-p65/p50"
"CDK9","PPP1R2","NfKb-p65/p50"
"CDK9","AKT","NfKb-p65/p50"
"CDK9","PRKD1","NfKb-p65/p50"
"CDK9","IRS1","NfKb-p65/p50"
"CDK9","PIK3CA","NfKb-p65/p50"
"CDK9","mTORC1","NfKb-p65/p50"
"CDK9","GRB2","NfKb-p65/p50"
"CDK9","NCOA2","NfKb-p65/p50"
"CDK9","TRAF6","NfKb-p65/p50"
"CDK9","SHC1","NfKb-p65/p50"
"CDK9","AXIN1","NfKb-p65/p50"
"CDK9","CDK6","NfKb-p65/p50"
"CDK9","CDC25B","NfKb-p65/p50"
"CDK9","GAB1","NfKb-p65/p50"
"CDK9","PTPRA","NfKb-p65/p50"
"CDK9","ARRB2","NfKb-p65/p50"
"CDK9","NF2","NfKb-p65/p50"
"CDK9","GRB10","NfKb-p65/p50"
"CDK9","GRM5","NfKb-p65/p50"
"CDK9","PIK3CG","NfKb-p65/p50"
"CDK9","PPP1R14A","NfKb-p65/p50"
"CDK9","ABI1","NfKb-p65/p50"
"CDK9","BORA","NfKb-p65/p50"
"CDK9","PPP1R14B","NfKb-p65/p50"
"CDK9","MAPK3","SOCS1"
"CDK9","GSK3B/Axin/APC","SOCS1"
"CDK9","PRKCD","SOCS1"
"CDK9","MAPK1","SOCS1"
"CDK9","CSNK2A1","SOCS1"
"CDK9","CDK1","SOCS1"
"CDK9","MAPK14","SOCS1"
"CDK9","ERK1/2","SOCS1"
"CDK9","Gbeta","SOCS1"
"CDK9","CSNK1D","SOCS1"
"CDK9","PLK1","SOCS1"
"CDK9","ABL1","SOCS1"
"CDK9","CDK2","SOCS1"
"CDK9","RPS6KA1","SOCS1"
"CDK9","PAK6","SOCS1"
"CDK9","PPP1R2","SOCS1"
"CDK9","CDK5","SOCS1"
"CDK9","AKT","SOCS1"
"CDK9","PRKD1","SOCS1"
"CDK9","IRS1","SOCS1"
"CDK9","CyclinE/CDK2","SOCS1"
"CDK9","RNF111","SOCS1"
"CDK9","mTORC1","SOCS1"
"CDK9","GRB2","SOCS1"
"CDK9","ZAP70","SOCS1"
"CDK9","SHC1","SOCS1"
"CDK9","AXIN1","SOCS1"
"CDK9","MAPKAPK5","SOCS1"
"CDK9","CDC25C","SOCS1"
"CDK9","CDC25B","SOCS1"
"CDK9","LAT","SOCS1"
"CDK9","ESR1","SOCS1"
"CDK9","ARRB2","SOCS1"
"CDK9","CD28","SOCS1"
"CDK9","MGluR","SOCS1"
"CDK9","INPP5D","SOCS1"
"CDK9","GAB2","SOCS1"
"CDK9","PIK3CG","SOCS1"
"CDK9","PPP1R14A","SOCS1"
"CDK9","BORA","SOCS1"
"CDK9","PPP1R14B","SOCS1"
"CDK9","GSK3B/Axin/APC","RAR"
"CDK9","PRKCA","RAR"
"CDK9","PTPN6","RAR"
"CDK9","ERK1/2","RAR"
"CDK9","Gbeta","RAR"
"CDK9","CSNK1D","RAR"
"CDK9","PLK1","RAR"
"CDK9","TGFBR1","RAR"
"CDK9","CDK2","RAR"
"CDK9","PPP1R2","RAR"
"CDK9","AKT","RAR"
"CDK9","PIK3CA","RAR"
"CDK9","CyclinE/CDK2","RAR"
"CDK9","RNF111","RAR"
"CDK9","GRB2","RAR"
"CDK9","ZAP70","RAR"
"CDK9","TRAF6","RAR"
"CDK9","SHC1","RAR"
"CDK9","AXIN1","RAR"
"CDK9","GAB1","RAR"
"CDK9","ARRB2","RAR"
"CDK9","CD28","RAR"
"CDK9","MGluR","RAR"
"CDK9","NF2","RAR"
"CDK9","BORA","RAR"
"CDK9","PEBP1","RAR"
"CDK9","GSK3B/Axin/APC","BAK1"
"CDK9","PRKCD","BAK1"
"CDK9","PRKCA","BAK1"
"CDK9","ERK1/2","BAK1"
"CDK9","Gbeta","BAK1"
"CDK9","CSNK1D","BAK1"
"CDK9","CDK2","BAK1"
"CDK9","PAK6","BAK1"
"CDK9","PPP1R2","BAK1"
"CDK9","MAP3K1","BAK1"
"CDK9","mTORC1","BAK1"
"CDK9","ADRA2A","BAK1"
"CDK9","CDK3","BAK1"
"CDK9","PTK6","BAK1"
"CDK9","ZAP70","BAK1"
"CDK9","NCOA2","BAK1"
"CDK9","TRAF6","BAK1"
"CDK9","SHC1","BAK1"
"CDK9","AXIN1","BAK1"
"CDK9","MAPKAPK5","BAK1"
"CDK9","CDK6","BAK1"
"CDK9","CDC25C","BAK1"
"CDK9","CDC25B","BAK1"
"CDK9","LAT","BAK1"
"CDK9","PTPRA","BAK1"
"CDK9","ESR1","BAK1"
"CDK9","CD28","BAK1"
"CDK9","NR3C1","BAK1"
"CDK9","MGluR","BAK1"
"CDK9","INPP5D","BAK1"
"CDK9","GAB2","BAK1"
"CDK9","FGFR2","BAK1"
"CDK9","GRB10","BAK1"
"CDK9","GRM5","BAK1"
"CDK9","ABI1","BAK1"
"CDK9","BORA","BAK1"
"CDK9","PEBP1","BAK1"
"CDK9","PPP1R14B","BAK1"
"CDK9","MAPK3","SWI/SNF complex"
"CDK9","AURKA","SWI/SNF complex"
"CDK9","PRKCD","SWI/SNF complex"
"CDK9","MAPK1","SWI/SNF complex"
"CDK9","CSNK2A1","SWI/SNF complex"
"CDK9","PRKCA","SWI/SNF complex"
"CDK9","PTPN6","SWI/SNF complex"
"CDK9","PTPRC","SWI/SNF complex"
"CDK9","ERK1/2","SWI/SNF complex"
"CDK9","Gbeta","SWI/SNF complex"
"CDK9","CSNK1D","SWI/SNF complex"
"CDK9","PLK1","SWI/SNF complex"
"CDK9","LCK","SWI/SNF complex"
"CDK9","TGFBR1","SWI/SNF complex"
"CDK9","CDK2","SWI/SNF complex"
"CDK9","RPS6KA1","SWI/SNF complex"
"CDK9","PAK6","SWI/SNF complex"
"CDK9","GSK3B","SWI/SNF complex"
"CDK9","CDK5","SWI/SNF complex"
"CDK9","MAP3K1","SWI/SNF complex"
"CDK9","AKT","SWI/SNF complex"
"CDK9","PRKD1","SWI/SNF complex"
"CDK9","IRS1","SWI/SNF complex"
"CDK9","CyclinE/CDK2","SWI/SNF complex"
"CDK9","RNF111","SWI/SNF complex"
"CDK9","RASSF1","SWI/SNF complex"
"CDK9","ADRA2A","SWI/SNF complex"
"CDK9","PTK6","SWI/SNF complex"
"CDK9","ZAP70","SWI/SNF complex"
"CDK9","TRAF6","SWI/SNF complex"
"CDK9","AXIN1","SWI/SNF complex"
"CDK9","CDC25C","SWI/SNF complex"
"CDK9","GAB1","SWI/SNF complex"
"CDK9","ARRB2","SWI/SNF complex"
"CDK9","NR3C1","SWI/SNF complex"
"CDK9","INPP5D","SWI/SNF complex"
"CDK9","GAB2","SWI/SNF complex"
"CDK9","BORA","SWI/SNF complex"
"CDK9","PPP1R14B","SWI/SNF complex"
"CDK9","MAPK3","NR1D1"
"CDK9","AURKA","NR1D1"
"CDK9","MAPK1","NR1D1"
"CDK9","CSNK2A1","NR1D1"
"CDK9","CDK1","NR1D1"
"CDK9","PRKCA","NR1D1"
"CDK9","MAPK14","NR1D1"
"CDK9","ABL1","NR1D1"
"CDK9","PAK6","NR1D1"
"CDK9","PPP1R2","NR1D1"
"CDK9","CDK5","NR1D1"
"CDK9","MAP3K1","NR1D1"
"CDK9","AKT","NR1D1"
"CDK9","PRKD1","NR1D1"
"CDK9","PIK3CA","NR1D1"
"CDK9","RNF111","NR1D1"
"CDK9","mTORC1","NR1D1"
"CDK9","GRB2","NR1D1"
"CDK9","TRAF6","NR1D1"
"CDK9","CDK6","NR1D1"
"CDK9","CDC25C","NR1D1"
"CDK9","CDC25B","NR1D1"
"CDK9","LAT","NR1D1"
"CDK9","CD28","NR1D1"
"CDK9","GAB2","NR1D1"
"CDK9","NF2","NR1D1"
"CDK9","GRB10","NR1D1"
"CDK9","PPP1R14B","NR1D1"
"CDK9","PRKCD","TICAM2"
"CDK9","MAPK1","TICAM2"
"CDK9","CSNK2A1","TICAM2"
"CDK9","PTPRC","TICAM2"
"CDK9","PLK1","TICAM2"
"CDK9","ABL1","TICAM2"
"CDK9","MAP3K1","TICAM2"
"CDK9","AKT","TICAM2"
"CDK9","IRS1","TICAM2"
"CDK9","PIK3CA","TICAM2"
"CDK9","RNF111","TICAM2"
"CDK9","ADRA2A","TICAM2"
"CDK9","CDK3","TICAM2"
"CDK9","GRB2","TICAM2"
"CDK9","PTK6","TICAM2"
"CDK9","TRAF6","TICAM2"
"CDK9","MGluR","TICAM2"
"CDK9","GRB10","TICAM2"
"CDK9","ABI1","TICAM2"
"CDK9","BORA","TICAM2"
"CDK9","MAPK3","MYOG"
"CDK9","CSNK2A1","MYOG"
"CDK9","PRKCA","MYOG"
"CDK9","PLK1","MYOG"
"CDK9","LCK","MYOG"
"CDK9","RPS6KA1","MYOG"
"CDK9","CDK5","MYOG"
"CDK9","MAP3K1","MYOG"
"CDK9","AKT","MYOG"
"CDK9","IRS1","MYOG"
"CDK9","PIK3CA","MYOG"
"CDK9","PTK2","MYOG"
"CDK9","CyclinE/CDK2","MYOG"
"CDK9","RNF111","MYOG"
"CDK9","ADRA2A","MYOG"
"CDK9","CDK3","MYOG"
"CDK9","GRB2","MYOG"
"CDK9","ZAP70","MYOG"
"CDK9","NCOA2","MYOG"
"CDK9","SHC1","MYOG"
"CDK9","AXIN1","MYOG"
"CDK9","MAPKAPK5","MYOG"
"CDK9","CDC25C","MYOG"
"CDK9","CDC25B","MYOG"
"CDK9","LAT","MYOG"
"CDK9","GAB1","MYOG"
"CDK9","PTPRA","MYOG"
"CDK9","CD28","MYOG"
"CDK9","NR3C1","MYOG"
"CDK9","MGluR","MYOG"
"CDK9","INPP5D","MYOG"
"CDK9","GAB2","MYOG"
"CDK9","FGFR2","MYOG"
"CDK9","NF2","MYOG"
"CDK9","GRB10","MYOG"
"CDK9","PIK3CG","MYOG"
"CDK9","ABI1","MYOG"
"CDK9","BORA","MYOG"
"CDK9","PEBP1","MYOG"
"CDK9","PPP1R14B","MYOG"
"CDK9","MAPK3","ARRB2"
"CDK9","AURKA","ARRB2"
"CDK9","PRKCD","ARRB2"
"CDK9","MAPK1","ARRB2"
"CDK9","CDK1","ARRB2"
"CDK9","PRKCA","ARRB2"
"CDK9","PTPN6","ARRB2"
"CDK9","PTPRC","ARRB2"
"CDK9","Gbeta","ARRB2"
"CDK9","CSNK1D","ARRB2"
"CDK9","TGFBR1","ARRB2"
"CDK9","ABL1","ARRB2"
"CDK9","CDK2","ARRB2"
"CDK9","RPS6KA1","ARRB2"
"CDK9","PAK6","ARRB2"
"CDK9","PPP1R2","ARRB2"
"CDK9","AKT","ARRB2"
"CDK9","PRKD1","ARRB2"
"CDK9","IRS1","ARRB2"
"CDK9","PTK2","ARRB2"
"CDK9","mTORC1","ARRB2"
"CDK9","RASSF1","ARRB2"
"CDK9","CDK3","ARRB2"
"CDK9","PTK6","ARRB2"
"CDK9","ZAP70","ARRB2"
"CDK9","AXIN1","ARRB2"
"CDK9","MAPKAPK5","ARRB2"
"CDK9","CDK6","ARRB2"
"CDK9","CDC25C","ARRB2"
"CDK9","LAT","ARRB2"
"CDK9","GAB1","ARRB2"
"CDK9","CD28","ARRB2"
"CDK9","MGluR","ARRB2"
"CDK9","INPP5D","ARRB2"
"CDK9","FGFR2","ARRB2"
"CDK9","NF2","ARRB2"
"CDK9","GRM5","ARRB2"
"CDK9","ABI1","ARRB2"
"CDK9","PEBP1","ARRB2"
"CDK9","MAPK3","BCL2L1"
"CDK9","PRKCD","BCL2L1"
"CDK9","MAPK1","BCL2L1"
"CDK9","CSNK2A1","BCL2L1"
"CDK9","CDK1","BCL2L1"
"CDK9","PTPN6","BCL2L1"
"CDK9","MAPK14","BCL2L1"
"CDK9","PTPRC","BCL2L1"
"CDK9","ERK1/2","BCL2L1"
"CDK9","Gbeta","BCL2L1"
"CDK9","LCK","BCL2L1"
"CDK9","ABL1","BCL2L1"
"CDK9","RPS6KA1","BCL2L1"
"CDK9","PAK6","BCL2L1"
"CDK9","GSK3B","BCL2L1"
"CDK9","PPP1R2","BCL2L1"
"CDK9","CDK5","BCL2L1"
"CDK9","MAP3K1","BCL2L1"
"CDK9","AKT","BCL2L1"
"CDK9","PRKD1","BCL2L1"
"CDK9","IRS1","BCL2L1"
"CDK9","PIK3CA","BCL2L1"
"CDK9","PTK2","BCL2L1"
"CDK9","CyclinE/CDK2","BCL2L1"
"CDK9","RNF111","BCL2L1"
"CDK9","mTORC1","BCL2L1"
"CDK9","ADRA2A","BCL2L1"
"CDK9","CDK3","BCL2L1"
"CDK9","PTK6","BCL2L1"
"CDK9","SHC1","BCL2L1"
"CDK9","AXIN1","BCL2L1"
"CDK9","MAPKAPK5","BCL2L1"
"CDK9","CDK6","BCL2L1"
"CDK9","CDC25B","BCL2L1"
"CDK9","LAT","BCL2L1"
"CDK9","GAB1","BCL2L1"
"CDK9","PTPRA","BCL2L1"
"CDK9","ESR1","BCL2L1"
"CDK9","CD28","BCL2L1"
"CDK9","NR3C1","BCL2L1"
"CDK9","MGluR","BCL2L1"
"CDK9","INPP5D","BCL2L1"
"CDK9","NF2","BCL2L1"
"CDK9","PPP1R14A","BCL2L1"
"CDK9","BORA","BCL2L1"
"CDK9","PEBP1","BCL2L1"
"CDK9","PPP1R14B","BCL2L1"
"CDK9","MAPK3","MAP3K11"
"CDK9","GSK3B/Axin/APC","MAP3K11"
"CDK9","AURKA","MAP3K11"
"CDK9","PRKCD","MAP3K11"
"CDK9","CSNK2A1","MAP3K11"
"CDK9","CDK1","MAP3K11"
"CDK9","PRKCA","MAP3K11"
"CDK9","PTPN6","MAP3K11"
"CDK9","PTPRC","MAP3K11"
"CDK9","Gbeta","MAP3K11"
"CDK9","PLK1","MAP3K11"
"CDK9","TGFBR1","MAP3K11"
"CDK9","ABL1","MAP3K11"
"CDK9","CDK2","MAP3K11"
"CDK9","CDK5","MAP3K11"
"CDK9","PRKD1","MAP3K11"
"CDK9","IRS1","MAP3K11"
"CDK9","RASSF1","MAP3K11"
"CDK9","ADRA2A","MAP3K11"
"CDK9","GRB2","MAP3K11"
"CDK9","ZAP70","MAP3K11"
"CDK9","TRAF6","MAP3K11"
"CDK9","MAPKAPK5","MAP3K11"
"CDK9","ESR1","MAP3K11"
"CDK9","ARRB2","MAP3K11"
"CDK9","CD28","MAP3K11"
"CDK9","PPP1R14A","MAP3K11"
"CDK9","ABI1","MAP3K11"
"CDK9","GSK3B/Axin/APC","CD28"
"CDK9","AURKA","CD28"
"CDK9","MAPK1","CD28"
"CDK9","CDK1","CD28"
"CDK9","PTPN6","CD28"
"CDK9","MAPK14","CD28"
"CDK9","PTPRC","CD28"
"CDK9","ERK1/2","CD28"
"CDK9","CSNK1D","CD28"
"CDK9","PLK1","CD28"
"CDK9","TGFBR1","CD28"
"CDK9","ABL1","CD28"
"CDK9","GSK3B","CD28"
"CDK9","CDK5","CD28"
"CDK9","AKT","CD28"
"CDK9","PRKD1","CD28"
"CDK9","IRS1","CD28"
"CDK9","PTK2","CD28"
"CDK9","CyclinE/CDK2","CD28"
"CDK9","RNF111","CD28"
"CDK9","mTORC1","CD28"
"CDK9","RASSF1","CD28"
"CDK9","ADRA2A","CD28"
"CDK9","CDK3","CD28"
"CDK9","GRB2","CD28"
"CDK9","PTK6","CD28"
"CDK9","TRAF6","CD28"
"CDK9","SHC1","CD28"
"CDK9","AXIN1","CD28"
"CDK9","MAPKAPK5","CD28"
"CDK9","CDC25C","CD28"
"CDK9","CDC25B","CD28"
"CDK9","LAT","CD28"
"CDK9","GAB1","CD28"
"CDK9","ESR1","CD28"
"CDK9","ARRB2","CD28"
"CDK9","MGluR","CD28"
"CDK9","INPP5D","CD28"
"CDK9","GAB2","CD28"
"CDK9","FGFR2","CD28"
"CDK9","NF2","CD28"
"CDK9","GRB10","CD28"
"CDK9","GRM5","CD28"
"CDK9","PPP1R14A","CD28"
"CDK9","ABI1","CD28"
"CDK9","BORA","CD28"
"CDK9","PEBP1","CD28"
"CDK9","CSNK2A1","NCOA3"
"CDK9","CDK1","NCOA3"
"CDK9","PRKCA","NCOA3"
"CDK9","PTPN6","NCOA3"
"CDK9","MAPK14","NCOA3"
"CDK9","PTPRC","NCOA3"
"CDK9","PAK6","NCOA3"
"CDK9","MAP3K1","NCOA3"
"CDK9","AKT","NCOA3"
"CDK9","PRKD1","NCOA3"
"CDK9","IRS1","NCOA3"
"CDK9","CyclinE/CDK2","NCOA3"
"CDK9","mTORC1","NCOA3"
"CDK9","RASSF1","NCOA3"
"CDK9","ADRA2A","NCOA3"
"CDK9","GRB2","NCOA3"
"CDK9","ZAP70","NCOA3"
"CDK9","SHC1","NCOA3"
"CDK9","MAPKAPK5","NCOA3"
"CDK9","CDK6","NCOA3"
"CDK9","CDC25B","NCOA3"
"CDK9","LAT","NCOA3"
"CDK9","GAB1","NCOA3"
"CDK9","PTPRA","NCOA3"
"CDK9","ARRB2","NCOA3"
"CDK9","MGluR","NCOA3"
"CDK9","INPP5D","NCOA3"
"CDK9","GAB2","NCOA3"
"CDK9","FGFR2","NCOA3"
"CDK9","NF2","NCOA3"
"CDK9","PIK3CG","NCOA3"
"CDK9","PPP1R14A","NCOA3"
"CDK9","GSK3B/Axin/APC","SYN3"
"CDK9","AURKA","SYN3"
"CDK9","MAPK1","SYN3"
"CDK9","CSNK2A1","SYN3"
"CDK9","PRKCA","SYN3"
"CDK9","PTPN6","SYN3"
"CDK9","ERK1/2","SYN3"
"CDK9","CSNK1D","SYN3"
"CDK9","PLK1","SYN3"
"CDK9","TGFBR1","SYN3"
"CDK9","CDK2","SYN3"
"CDK9","PAK6","SYN3"
"CDK9","CDK5","SYN3"
"CDK9","AKT","SYN3"
"CDK9","PRKD1","SYN3"
"CDK9","PIK3CA","SYN3"
"CDK9","CyclinE/CDK2","SYN3"
"CDK9","RNF111","SYN3"
"CDK9","mTORC1","SYN3"
"CDK9","ADRA2A","SYN3"
"CDK9","CDK3","SYN3"
"CDK9","PTK6","SYN3"
"CDK9","TRAF6","SYN3"
"CDK9","AXIN1","SYN3"
"CDK9","MAPKAPK5","SYN3"
"CDK9","CDK6","SYN3"
"CDK9","CDC25C","SYN3"
"CDK9","CDC25B","SYN3"
"CDK9","LAT","SYN3"
"CDK9","GAB1","SYN3"
"CDK9","PTPRA","SYN3"
"CDK9","ESR1","SYN3"
"CDK9","CD28","SYN3"
"CDK9","MGluR","SYN3"
"CDK9","INPP5D","SYN3"
"CDK9","GRB10","SYN3"
"CDK9","PIK3CG","SYN3"
"CDK9","ABI1","SYN3"
"CDK9","PEBP1","SYN3"
"CDK9","PPP1R14B","SYN3"
"CDK9","AKT3","NR3C1"
"CDK9","GSK3B/Axin/APC","NR3C1"
"CDK9","AURKA","NR3C1"
"CDK9","MAPK1","NR3C1"
"CDK9","PRKCA","NR3C1"
"CDK9","ERK1/2","NR3C1"
"CDK9","CSNK1D","NR3C1"
"CDK9","TGFBR1","NR3C1"
"CDK9","GSK3B","NR3C1"
"CDK9","PPP1R2","NR3C1"
"CDK9","CDK5","NR3C1"
"CDK9","MAP3K1","NR3C1"
"CDK9","IRS1","NR3C1"
"CDK9","RNF111","NR3C1"
"CDK9","RASSF1","NR3C1"
"CDK9","CDK3","NR3C1"
"CDK9","FGFR1","NR3C1"
"CDK9","PI3K","NR3C1"
"CDK9","AXIN1","NR3C1"
"CDK9","CDK6","NR3C1"
"CDK9","CDC25B","NR3C1"
"CDK9","ESR1","NR3C1"
"CDK9","MGluR","NR3C1"
"CDK9","NF2","NR3C1"
"CDK9","BORA","NR3C1"
"CDK9","GSK3B/Axin/APC","MGluR"
"CDK9","PRKCD","MGluR"
"CDK9","MAPK1","MGluR"
"CDK9","CDK1","MGluR"
"CDK9","PRKCA","MGluR"
"CDK9","MAPK14","MGluR"
"CDK9","PTPRC","MGluR"
"CDK9","PLK1","MGluR"
"CDK9","TGFBR1","MGluR"
"CDK9","ABL1","MGluR"
"CDK9","CDK2","MGluR"
"CDK9","MAP3K1","MGluR"
"CDK9","AKT","MGluR"
"CDK9","PRKD1","MGluR"
"CDK9","PIK3CA","MGluR"
"CDK9","PTK2","MGluR"
"CDK9","CyclinE/CDK2","MGluR"
"CDK9","RNF111","MGluR"
"CDK9","mTORC1","MGluR"
"CDK9","ADRA2A","MGluR"
"CDK9","CDK3","MGluR"
"CDK9","GRB2","MGluR"
"CDK9","PTK6","MGluR"
"CDK9","ZAP70","MGluR"
"CDK9","NCOA2","MGluR"
"CDK9","TRAF6","MGluR"
"CDK9","MAPKAPK5","MGluR"
"CDK9","CDK6","MGluR"
"CDK9","CDC25C","MGluR"
"CDK9","CDC25B","MGluR"
"CDK9","GAB1","MGluR"
"CDK9","PTPRA","MGluR"
"CDK9","ARRB2","MGluR"
"CDK9","CD28","MGluR"
"CDK9","NR3C1","MGluR"
"CDK9","INPP5D","MGluR"
"CDK9","GAB2","MGluR"
"CDK9","FGFR2","MGluR"
"CDK9","GRB10","MGluR"
"CDK9","GRM5","MGluR"
"CDK9","PIK3CG","MGluR"
"CDK9","PPP1R14A","MGluR"
"CDK9","ABI1","MGluR"
"CDK9","BORA","MGluR"
"CDK9","PEBP1","MGluR"
"CDK9","LCK","STAT6"
"CDK9","NCOA2","STAT6"
"CDK9","NR3C1","STAT6"
"CDK9","MAPK3","MAF"
"CDK9","GSK3B/Axin/APC","MAF"
"CDK9","AURKA","MAF"
"CDK9","PRKCD","MAF"
"CDK9","MAPK1","MAF"
"CDK9","CSNK2A1","MAF"
"CDK9","CDK1","MAF"
"CDK9","PRKCA","MAF"
"CDK9","LCK","MAF"
"CDK9","TGFBR1","MAF"
"CDK9","ABL1","MAF"
"CDK9","CDK2","MAF"
"CDK9","PRKD1","MAF"
"CDK9","PIK3CA","MAF"
"CDK9","CDK3","MAF"
"CDK9","MAPKAPK5","MAF"
"CDK9","CDC25C","MAF"
"CDK9","LAT","MAF"
"CDK9","ESR1","MAF"
"CDK9","CD28","MAF"
"CDK9","NF2","MAF"
"CDK9","ABI1","MAF"
"CDK9","PPP1R14B","MAF"
"CDK9","GSK3B/Axin/APC","INPP5D"
"CDK9","MAPK1","INPP5D"
"CDK9","CSNK2A1","INPP5D"
"CDK9","PRKCA","INPP5D"
"CDK9","MAPK14","INPP5D"
"CDK9","ERK1/2","INPP5D"
"CDK9","Gbeta","INPP5D"
"CDK9","CSNK1D","INPP5D"
"CDK9","PLK1","INPP5D"
"CDK9","ABL1","INPP5D"
"CDK9","CDK2","INPP5D"
"CDK9","GSK3B","INPP5D"
"CDK9","PPP1R2","INPP5D"
"CDK9","AKT","INPP5D"
"CDK9","PRKD1","INPP5D"
"CDK9","PTK2","INPP5D"
"CDK9","CyclinE/CDK2","INPP5D"
"CDK9","RNF111","INPP5D"
"CDK9","RASSF1","INPP5D"
"CDK9","ADRA2A","INPP5D"
"CDK9","GRB2","INPP5D"
"CDK9","PTK6","INPP5D"
"CDK9","ZAP70","INPP5D"
"CDK9","AXIN1","INPP5D"
"CDK9","MAPKAPK5","INPP5D"
"CDK9","CDK6","INPP5D"
"CDK9","LAT","INPP5D"
"CDK9","PTPRA","INPP5D"
"CDK9","ESR1","INPP5D"
"CDK9","ARRB2","INPP5D"
"CDK9","FGFR2","INPP5D"
"CDK9","NF2","INPP5D"
"CDK9","GRB10","INPP5D"
"CDK9","GRM5","INPP5D"
"CDK9","PIK3CG","INPP5D"
"CDK9","PPP1R14A","INPP5D"
"CDK9","ABI1","INPP5D"
"CDK9","BORA","INPP5D"
"CDK9","PEBP1","INPP5D"
"CDK9","PPP1R14B","INPP5D"
"CDK9","MAPK3","RUNX3"
"CDK9","GSK3B/Axin/APC","RUNX3"
"CDK9","AURKA","RUNX3"
"CDK9","CDK1","RUNX3"
"CDK9","PRKCA","RUNX3"
"CDK9","CSNK1D","RUNX3"
"CDK9","PLK1","RUNX3"
"CDK9","LCK","RUNX3"
"CDK9","CDK2","RUNX3"
"CDK9","RPS6KA1","RUNX3"
"CDK9","PAK6","RUNX3"
"CDK9","CDK5","RUNX3"
"CDK9","MAP3K1","RUNX3"
"CDK9","IRS1","RUNX3"
"CDK9","CyclinE/CDK2","RUNX3"
"CDK9","RNF111","RUNX3"
"CDK9","ADRA2A","RUNX3"
"CDK9","CDK3","RUNX3"
"CDK9","GRB2","RUNX3"
"CDK9","PTK6","RUNX3"
"CDK9","ZAP70","RUNX3"
"CDK9","NCOA2","RUNX3"
"CDK9","TRAF6","RUNX3"
"CDK9","SHC1","RUNX3"
"CDK9","AXIN1","RUNX3"
"CDK9","MAPKAPK5","RUNX3"
"CDK9","CDK6","RUNX3"
"CDK9","LAT","RUNX3"
"CDK9","CD28","RUNX3"
"CDK9","INPP5D","RUNX3"
"CDK9","GAB2","RUNX3"
"CDK9","FGFR2","RUNX3"
"CDK9","NF2","RUNX3"
"CDK9","GRM5","RUNX3"
"CDK9","PIK3CG","RUNX3"
"CDK9","PPP1R14A","RUNX3"
"CDK9","BORA","RUNX3"
"CDK9","PEBP1","RUNX3"
"CDK9","MAPK3","GAB2"
"CDK9","GSK3B/Axin/APC","GAB2"
"CDK9","AURKA","GAB2"
"CDK9","PTPN6","GAB2"
"CDK9","PTPRC","GAB2"
"CDK9","Gbeta","GAB2"
"CDK9","CSNK1D","GAB2"
"CDK9","PLK1","GAB2"
"CDK9","TGFBR1","GAB2"
"CDK9","RPS6KA1","GAB2"
"CDK9","GSK3B","GAB2"
"CDK9","MAP3K1","GAB2"
"CDK9","PIK3CA","GAB2"
"CDK9","PTK2","GAB2"
"CDK9","RNF111","GAB2"
"CDK9","mTORC1","GAB2"
"CDK9","ADRA2A","GAB2"
"CDK9","CDK3","GAB2"
"CDK9","GRB2","GAB2"
"CDK9","PTK6","GAB2"
"CDK9","AXIN1","GAB2"
"CDK9","MAPKAPK5","GAB2"
"CDK9","CDK6","GAB2"
"CDK9","LAT","GAB2"
"CDK9","ESR1","GAB2"
"CDK9","MGluR","GAB2"
"CDK9","GRM5","GAB2"
"CDK9","PIK3CG","GAB2"
"CDK9","PPP1R14A","GAB2"
"CDK9","PEBP1","GAB2"
"CDK9","MAPK3","TAB1"
"CDK9","GSK3B/Axin/APC","TAB1"
"CDK9","PRKCD","TAB1"
"CDK9","MAPK1","TAB1"
"CDK9","CSNK2A1","TAB1"
"CDK9","PRKCA","TAB1"
"CDK9","MAPK14","TAB1"
"CDK9","PTPRC","TAB1"
"CDK9","ERK1/2","TAB1"
"CDK9","Gbeta","TAB1"
"CDK9","TGFBR1","TAB1"
"CDK9","ABL1","TAB1"
"CDK9","PAK6","TAB1"
"CDK9","PPP1R2","TAB1"
"CDK9","CDK5","TAB1"
"CDK9","MAP3K1","TAB1"
"CDK9","PIK3CA","TAB1"
"CDK9","RNF111","TAB1"
"CDK9","PTK6","TAB1"
"CDK9","ZAP70","TAB1"
"CDK9","NCOA2","TAB1"
"CDK9","TRAF6","TAB1"
"CDK9","SHC1","TAB1"
"CDK9","MAPKAPK5","TAB1"
"CDK9","CDK6","TAB1"
"CDK9","CDC25C","TAB1"
"CDK9","CDC25B","TAB1"
"CDK9","LAT","TAB1"
"CDK9","GAB1","TAB1"
"CDK9","PTPRA","TAB1"
"CDK9","ESR1","TAB1"
"CDK9","CD28","TAB1"
"CDK9","NR3C1","TAB1"
"CDK9","GRB10","TAB1"
"CDK9","GRM5","TAB1"
"CDK9","PIK3CG","TAB1"
"CDK9","PPP1R14A","TAB1"
"CDK9","BORA","TAB1"
"CDK9","PPP1R14B","TAB1"
"CDK9","GSK3B/Axin/APC","FGFR2"
"CDK9","AURKA","FGFR2"
"CDK9","MAPK1","FGFR2"
"CDK9","CSNK2A1","FGFR2"
"CDK9","CDK1","FGFR2"
"CDK9","PRKCA","FGFR2"
"CDK9","PTPRC","FGFR2"
"CDK9","ERK1/2","FGFR2"
"CDK9","PLK1","FGFR2"
"CDK9","LCK","FGFR2"
"CDK9","ABL1","FGFR2"
"CDK9","RPS6KA1","FGFR2"
"CDK9","PAK6","FGFR2"
"CDK9","PPP1R2","FGFR2"
"CDK9","IRS1","FGFR2"
"CDK9","PTK2","FGFR2"
"CDK9","RNF111","FGFR2"
"CDK9","mTORC1","FGFR2"
"CDK9","RASSF1","FGFR2"
"CDK9","ZAP70","FGFR2"
"CDK9","NCOA2","FGFR2"
"CDK9","SHC1","FGFR2"
"CDK9","AXIN1","FGFR2"
"CDK9","CDC25C","FGFR2"
"CDK9","CDC25B","FGFR2"
"CDK9","LAT","FGFR2"
"CDK9","ESR1","FGFR2"
"CDK9","CD28","FGFR2"
"CDK9","GAB2","FGFR2"
"CDK9","GRB10","FGFR2"
"CDK9","GRM5","FGFR2"
"CDK9","PPP1R14A","FGFR2"
"CDK9","ABI1","FGFR2"
"CDK9","PEBP1","FGFR2"
"CDK9","MAPK3","EZH2"
"CDK9","PRKCD","EZH2"
"CDK9","CSNK2A1","EZH2"
"CDK9","CDK1","EZH2"
"CDK9","PRKCA","EZH2"
"CDK9","PTPRC","EZH2"
"CDK9","ERK1/2","EZH2"
"CDK9","Gbeta","EZH2"
"CDK9","TGFBR1","EZH2"
"CDK9","ABL1","EZH2"
"CDK9","RPS6KA1","EZH2"
"CDK9","PPP1R2","EZH2"
"CDK9","CDK5","EZH2"
"CDK9","MAP3K1","EZH2"
"CDK9","IRS1","EZH2"
"CDK9","PIK3CA","EZH2"
"CDK9","CyclinE/CDK2","EZH2"
"CDK9","ADRA2A","EZH2"
"CDK9","GRB2","EZH2"
"CDK9","TRAF6","EZH2"
"CDK9","CDK6","EZH2"
"CDK9","GAB1","EZH2"
"CDK9","PTPRA","EZH2"
"CDK9","ESR1","EZH2"
"CDK9","CD28","EZH2"
"CDK9","MGluR","EZH2"
"CDK9","INPP5D","EZH2"
"CDK9","GAB2","EZH2"
"CDK9","FGFR2","EZH2"
"CDK9","NF2","EZH2"
"CDK9","GRB10","EZH2"
"CDK9","PIK3CG","EZH2"
"CDK9","ABI1","EZH2"
"CDK9","PPP1R14B","EZH2"
"CDK9","LCK","PIK3R1"
"CDK9","MAPK3","CAD"
"CDK9","AURKA","CAD"
"CDK9","CSNK2A1","CAD"
"CDK9","CDK1","CAD"
"CDK9","PRKCA","CAD"
"CDK9","PTPRC","CAD"
"CDK9","Gbeta","CAD"
"CDK9","CSNK1D","CAD"
"CDK9","TGFBR1","CAD"
"CDK9","ABL1","CAD"
"CDK9","CDK2","CAD"
"CDK9","RPS6KA1","CAD"
"CDK9","GSK3B","CAD"
"CDK9","PPP1R2","CAD"
"CDK9","AKT","CAD"
"CDK9","PIK3CA","CAD"
"CDK9","CyclinE/CDK2","CAD"
"CDK9","RNF111","CAD"
"CDK9","mTORC1","CAD"
"CDK9","RASSF1","CAD"
"CDK9","NCOA2","CAD"
"CDK9","TRAF6","CAD"
"CDK9","SHC1","CAD"
"CDK9","AXIN1","CAD"
"CDK9","CDK6","CAD"
"CDK9","ESR1","CAD"
"CDK9","ARRB2","CAD"
"CDK9","GRB10","CAD"
"CDK9","MAPK3","THRA"
"CDK9","PRKCD","THRA"
"CDK9","PRKCA","THRA"
"CDK9","MAPK14","THRA"
"CDK9","ERK1/2","THRA"
"CDK9","CSNK1D","THRA"
"CDK9","PLK1","THRA"
"CDK9","LCK","THRA"
"CDK9","ABL1","THRA"
"CDK9","CDK2","THRA"
"CDK9","RPS6KA1","THRA"
"CDK9","PAK6","THRA"
"CDK9","GSK3B","THRA"
"CDK9","CDK5","THRA"
"CDK9","AKT","THRA"
"CDK9","PRKD1","THRA"
"CDK9","PIK3CA","THRA"
"CDK9","CyclinE/CDK2","THRA"
"CDK9","RASSF1","THRA"
"CDK9","ADRA2A","THRA"
"CDK9","CDK3","THRA"
"CDK9","GRB2","THRA"
"CDK9","TRAF6","THRA"
"CDK9","MAPKAPK5","THRA"
"CDK9","CDK6","THRA"
"CDK9","CDC25C","THRA"
"CDK9","CDC25B","THRA"
"CDK9","GAB1","THRA"
"CDK9","PTPRA","THRA"
"CDK9","CD28","THRA"
"CDK9","NR3C1","THRA"
"CDK9","MGluR","THRA"
"CDK9","GRB10","THRA"
"CDK9","ABI1","THRA"
"CDK9","PEBP1","THRA"
"CDK9","PRKCD","BECN1"
"CDK9","MAPK1","BECN1"
"CDK9","CSNK2A1","BECN1"
"CDK9","PRKCA","BECN1"
"CDK9","PTPRC","BECN1"
"CDK9","ERK1/2","BECN1"
"CDK9","Gbeta","BECN1"
"CDK9","LCK","BECN1"
"CDK9","CDK2","BECN1"
"CDK9","RPS6KA1","BECN1"
"CDK9","GSK3B","BECN1"
"CDK9","PPP1R2","BECN1"
"CDK9","CDK5","BECN1"
"CDK9","PIK3CA","BECN1"
"CDK9","PTK2","BECN1"
"CDK9","RNF111","BECN1"
"CDK9","RASSF1","BECN1"
"CDK9","CDK3","BECN1"
"CDK9","GRB2","BECN1"
"CDK9","ZAP70","BECN1"
"CDK9","NCOA2","BECN1"
"CDK9","TRAF6","BECN1"
"CDK9","GRB10","BECN1"
"CDK9","GRM5","BECN1"
"CDK9","PPP1R14A","BECN1"
"CDK9","GSK3B/Axin/APC","PPARG"
"CDK9","AURKA","PPARG"
"CDK9","PRKCA","PPARG"
"CDK9","MAPK14","PPARG"
"CDK9","PTPRC","PPARG"
"CDK9","PLK1","PPARG"
"CDK9","LCK","PPARG"
"CDK9","GSK3B","PPARG"
"CDK9","PIK3CA","PPARG"
"CDK9","CyclinE/CDK2","PPARG"
"CDK9","NCOA2","PPARG"
"CDK9","TRAF6","PPARG"
"CDK9","GAB2","PPARG"
"CDK9","PIK3CG","PPARG"
"CDK9","BORA","PPARG"
"CDK9","PPP1R14B","PPARG"
"CDK9","PRKCD","BAX"
"CDK9","CSNK2A1","BAX"
"CDK9","CDK1","BAX"
"CDK9","PTPN6","BAX"
"CDK9","PTPRC","BAX"
"CDK9","PLK1","BAX"
"CDK9","TGFBR1","BAX"
"CDK9","RPS6KA1","BAX"
"CDK9","PIK3CA","BAX"
"CDK9","PTK2","BAX"
"CDK9","RNF111","BAX"
"CDK9","ADRA2A","BAX"
"CDK9","PTK6","BAX"
"CDK9","ZAP70","BAX"
"CDK9","NCOA2","BAX"
"CDK9","AXIN1","BAX"
"CDK9","PTPRA","BAX"
"CDK9","NR3C1","BAX"
"CDK9","MGluR","BAX"
"CDK9","GAB2","BAX"
"CDK9","FGFR2","BAX"
"CDK9","NF2","BAX"
"CDK9","PIK3CG","BAX"
"CDK9","PPP1R14A","BAX"
"CDK9","ABI1","BAX"
"CDK9","PEBP1","BAX"
"CDK9","PPP1R14B","BAX"
"CDK9","GSK3B/Axin/APC","NF2"
"CDK9","AURKA","NF2"
"CDK9","PRKCD","NF2"
"CDK9","CSNK2A1","NF2"
"CDK9","PRKCA","NF2"
"CDK9","PTPN6","NF2"
"CDK9","MAPK14","NF2"
"CDK9","PTPRC","NF2"
"CDK9","ERK1/2","NF2"
"CDK9","CSNK1D","NF2"
"CDK9","PLK1","NF2"
"CDK9","LCK","NF2"
"CDK9","TGFBR1","NF2"
"CDK9","CDK2","NF2"
"CDK9","RPS6KA1","NF2"
"CDK9","GSK3B","NF2"
"CDK9","PPP1R2","NF2"
"CDK9","CDK5","NF2"
"CDK9","MAP3K1","NF2"
"CDK9","AKT","NF2"
"CDK9","PRKD1","NF2"
"CDK9","PIK3CA","NF2"
"CDK9","PTK2","NF2"
"CDK9","CyclinE/CDK2","NF2"
"CDK9","RNF111","NF2"
"CDK9","RASSF1","NF2"
"CDK9","ADRA2A","NF2"
"CDK9","CDK3","NF2"
"CDK9","GRB2","NF2"
"CDK9","PTK6","NF2"
"CDK9","TRAF6","NF2"
"CDK9","SHC1","NF2"
"CDK9","AXIN1","NF2"
"CDK9","MAPKAPK5","NF2"
"CDK9","CDK6","NF2"
"CDK9","LAT","NF2"
"CDK9","PTPRA","NF2"
"CDK9","ESR1","NF2"
"CDK9","NR3C1","NF2"
"CDK9","GAB2","NF2"
"CDK9","FGFR2","NF2"
"CDK9","GRM5","NF2"
"CDK9","PPP1R14A","NF2"
"CDK9","ABI1","NF2"
"CDK9","PEBP1","NF2"
"CDK9","AURKA","GRB10"
"CDK9","PRKCD","GRB10"
"CDK9","PTPRC","GRB10"
"CDK9","ERK1/2","GRB10"
"CDK9","Gbeta","GRB10"
"CDK9","PPP1R2","GRB10"
"CDK9","CDK5","GRB10"
"CDK9","MAP3K1","GRB10"
"CDK9","IRS1","GRB10"
"CDK9","PIK3CA","GRB10"
"CDK9","PTK2","GRB10"
"CDK9","CyclinE/CDK2","GRB10"
"CDK9","RNF111","GRB10"
"CDK9","ZAP70","GRB10"
"CDK9","CDK6","GRB10"
"CDK9","CDC25C","GRB10"
"CDK9","CDC25B","GRB10"
"CDK9","LAT","GRB10"
"CDK9","GAB1","GRB10"
"CDK9","ARRB2","GRB10"
"CDK9","MGluR","GRB10"
"CDK9","INPP5D","GRB10"
"CDK9","FGFR2","GRB10"
"CDK9","NF2","GRB10"
"CDK9","GRM5","GRB10"
"CDK9","BORA","GRB10"
"CDK9","PEBP1","GRB10"
"CDK9","PPP1R14B","GRB10"
"CDK9","GSK3B/Axin/APC","RUNX1"
"CDK9","PRKCA","RUNX1"
"CDK9","Gbeta","RUNX1"
"CDK9","LCK","RUNX1"
"CDK9","TGFBR1","RUNX1"
"CDK9","RPS6KA1","RUNX1"
"CDK9","PAK6","RUNX1"
"CDK9","CDK5","RUNX1"
"CDK9","MAP3K1","RUNX1"
"CDK9","AKT","RUNX1"
"CDK9","PIK3CA","RUNX1"
"CDK9","CyclinE/CDK2","RUNX1"
"CDK9","RASSF1","RUNX1"
"CDK9","CDK3","RUNX1"
"CDK9","PTK6","RUNX1"
"CDK9","SHC1","RUNX1"
"CDK9","AXIN1","RUNX1"
"CDK9","CDC25C","RUNX1"
"CDK9","GAB1","RUNX1"
"CDK9","PTPRA","RUNX1"
"CDK9","ARRB2","RUNX1"
"CDK9","NR3C1","RUNX1"
"CDK9","GAB2","RUNX1"
"CDK9","FGFR2","RUNX1"
"CDK9","NF2","RUNX1"
"CDK9","GRB10","RUNX1"
"CDK9","GRM5","RUNX1"
"CDK9","PIK3CG","RUNX1"
"CDK9","ABI1","RUNX1"
"CDK9","PEBP1","RUNX1"
"CDK9","PPP1R14B","RUNX1"
"CDK9","MAPK3","GRM5"
"CDK9","AURKA","GRM5"
"CDK9","MAPK1","GRM5"
"CDK9","CSNK2A1","GRM5"
"CDK9","PRKCA","GRM5"
"CDK9","MAPK14","GRM5"
"CDK9","PTPRC","GRM5"
"CDK9","ERK1/2","GRM5"
"CDK9","Gbeta","GRM5"
"CDK9","TGFBR1","GRM5"
"CDK9","ABL1","GRM5"
"CDK9","CDK2","GRM5"
"CDK9","RPS6KA1","GRM5"
"CDK9","PAK6","GRM5"
"CDK9","CDK5","GRM5"
"CDK9","IRS1","GRM5"
"CDK9","mTORC1","GRM5"
"CDK9","RASSF1","GRM5"
"CDK9","CDK3","GRM5"
"CDK9","NCOA2","GRM5"
"CDK9","AXIN1","GRM5"
"CDK9","CDC25C","GRM5"
"CDK9","GAB1","GRM5"
"CDK9","CD28","GRM5"
"CDK9","NR3C1","GRM5"
"CDK9","NF2","GRM5"
"CDK9","PPP1R14A","GRM5"
"CDK9","ABI1","GRM5"
"CDK9","AURKA","TCF3"
"CDK9","MAPK1","TCF3"
"CDK9","CDK1","TCF3"
"CDK9","PRKCA","TCF3"
"CDK9","PTPN6","TCF3"
"CDK9","PTPRC","TCF3"
"CDK9","ERK1/2","TCF3"
"CDK9","CSNK1D","TCF3"
"CDK9","LCK","TCF3"
"CDK9","RPS6KA1","TCF3"
"CDK9","CDK5","TCF3"
"CDK9","AKT","TCF3"
"CDK9","PRKD1","TCF3"
"CDK9","IRS1","TCF3"
"CDK9","PIK3CA","TCF3"
"CDK9","PTK2","TCF3"
"CDK9","CyclinE/CDK2","TCF3"
"CDK9","RASSF1","TCF3"
"CDK9","GRB2","TCF3"
"CDK9","NCOA2","TCF3"
"CDK9","CDK6","TCF3"
"CDK9","CDC25C","TCF3"
"CDK9","CDC25B","TCF3"
"CDK9","LAT","TCF3"
"CDK9","ARRB2","TCF3"
"CDK9","NR3C1","TCF3"
"CDK9","MGluR","TCF3"
"CDK9","GAB2","TCF3"
"CDK9","FGFR2","TCF3"
"CDK9","GRB10","TCF3"
"CDK9","PPP1R14A","TCF3"
"CDK9","ABI1","TCF3"
"CDK9","BORA","TCF3"
"CDK9","PEBP1","TCF3"
"CDK9","PPP1R14B","TCF3"
"CDK9","MAPK3","PIK3CG"
"CDK9","GSK3B/Axin/APC","PIK3CG"
"CDK9","AURKA","PIK3CG"
"CDK9","CDK1","PIK3CG"
"CDK9","PTPN6","PIK3CG"
"CDK9","PTPRC","PIK3CG"
"CDK9","ERK1/2","PIK3CG"
"CDK9","Gbeta","PIK3CG"
"CDK9","CSNK1D","PIK3CG"
"CDK9","ABL1","PIK3CG"
"CDK9","CDK2","PIK3CG"
"CDK9","RPS6KA1","PIK3CG"
"CDK9","PAK6","PIK3CG"
"CDK9","GSK3B","PIK3CG"
"CDK9","CDK5","PIK3CG"
"CDK9","MAP3K1","PIK3CG"
"CDK9","AKT","PIK3CG"
"CDK9","IRS1","PIK3CG"
"CDK9","PIK3CA","PIK3CG"
"CDK9","PTK2","PIK3CG"
"CDK9","CyclinE/CDK2","PIK3CG"
"CDK9","RNF111","PIK3CG"
"CDK9","PTK6","PIK3CG"
"CDK9","ZAP70","PIK3CG"
"CDK9","TRAF6","PIK3CG"
"CDK9","AXIN1","PIK3CG"
"CDK9","MAPKAPK5","PIK3CG"
"CDK9","CDC25B","PIK3CG"
"CDK9","PTPRA","PIK3CG"
"CDK9","ESR1","PIK3CG"
"CDK9","ARRB2","PIK3CG"
"CDK9","FGFR2","PIK3CG"
"CDK9","GRM5","PIK3CG"
"CDK9","BORA","PIK3CG"
"CDK9","MAPK3","KCNE3"
"CDK9","CDK1","KCNE3"
"CDK9","PTPRC","KCNE3"
"CDK9","ERK1/2","KCNE3"
"CDK9","CSNK1D","KCNE3"
"CDK9","PLK1","KCNE3"
"CDK9","RPS6KA1","KCNE3"
"CDK9","PAK6","KCNE3"
"CDK9","GSK3B","KCNE3"
"CDK9","CDK5","KCNE3"
"CDK9","MAP3K1","KCNE3"
"CDK9","AKT","KCNE3"
"CDK9","IRS1","KCNE3"
"CDK9","PTK2","KCNE3"
"CDK9","CyclinE/CDK2","KCNE3"
"CDK9","mTORC1","KCNE3"
"CDK9","RASSF1","KCNE3"
"CDK9","CDK3","KCNE3"
"CDK9","GRB2","KCNE3"
"CDK9","ZAP70","KCNE3"
"CDK9","TRAF6","KCNE3"
"CDK9","SHC1","KCNE3"
"CDK9","AXIN1","KCNE3"
"CDK9","CDK6","KCNE3"
"CDK9","CDC25C","KCNE3"
"CDK9","LAT","KCNE3"
"CDK9","GAB1","KCNE3"
"CDK9","PTPRA","KCNE3"
"CDK9","ESR1","KCNE3"
"CDK9","INPP5D","KCNE3"
"CDK9","GAB2","KCNE3"
"CDK9","FGFR2","KCNE3"
"CDK9","GRM5","KCNE3"
"CDK9","PEBP1","KCNE3"
"CDK9","PPP1R14B","KCNE3"
"CDK9","GSK3B","CFLAR"
"CDK9","MAPK3","TRPV1"
"CDK9","GSK3B/Axin/APC","TRPV1"
"CDK9","AURKA","TRPV1"
"CDK9","PTPRC","TRPV1"
"CDK9","ERK1/2","TRPV1"
"CDK9","CSNK1D","TRPV1"
"CDK9","TGFBR1","TRPV1"
"CDK9","ABL1","TRPV1"
"CDK9","RPS6KA1","TRPV1"
"CDK9","PAK6","TRPV1"
"CDK9","PPP1R2","TRPV1"
"CDK9","IRS1","TRPV1"
"CDK9","PIK3CA","TRPV1"
"CDK9","CyclinE/CDK2","TRPV1"
"CDK9","mTORC1","TRPV1"
"CDK9","PTK6","TRPV1"
"CDK9","TRAF6","TRPV1"
"CDK9","SHC1","TRPV1"
"CDK9","AXIN1","TRPV1"
"CDK9","CDC25C","TRPV1"
"CDK9","ESR1","TRPV1"
"CDK9","ARRB2","TRPV1"
"CDK9","NR3C1","TRPV1"
"CDK9","FGFR2","TRPV1"
"CDK9","NF2","TRPV1"
"CDK9","PPP1R14A","TRPV1"
"CDK9","ABI1","TRPV1"
"CDK9","MAPK3","NCOA1"
"CDK9","AURKA","NCOA1"
"CDK9","PRKCD","NCOA1"
"CDK9","CSNK2A1","NCOA1"
"CDK9","CDK1","NCOA1"
"CDK9","PRKCA","NCOA1"
"CDK9","PTPN6","NCOA1"
"CDK9","PTPRC","NCOA1"
"CDK9","ERK1/2","NCOA1"
"CDK9","Gbeta","NCOA1"
"CDK9","CSNK1D","NCOA1"
"CDK9","PLK1","NCOA1"
"CDK9","TGFBR1","NCOA1"
"CDK9","CDK2","NCOA1"
"CDK9","PAK6","NCOA1"
"CDK9","GSK3B","NCOA1"
"CDK9","PPP1R2","NCOA1"
"CDK9","AKT","NCOA1"
"CDK9","IRS1","NCOA1"
"CDK9","RNF111","NCOA1"
"CDK9","mTORC1","NCOA1"
"CDK9","RASSF1","NCOA1"
"CDK9","GRB2","NCOA1"
"CDK9","ZAP70","NCOA1"
"CDK9","TRAF6","NCOA1"
"CDK9","SHC1","NCOA1"
"CDK9","AXIN1","NCOA1"
"CDK9","LAT","NCOA1"
"CDK9","GAB1","NCOA1"
"CDK9","ESR1","NCOA1"
"CDK9","CD28","NCOA1"
"CDK9","INPP5D","NCOA1"
"CDK9","FGFR2","NCOA1"
"CDK9","NF2","NCOA1"
"CDK9","GRB10","NCOA1"
"CDK9","PPP1R14A","NCOA1"
"CDK9","ABI1","NCOA1"
"CDK9","PEBP1","NCOA1"
"CDK9","PPP1R14B","NCOA1"
"CDK9","PRKCD","YWHAZ"
"CDK9","LCK","YWHAZ"
"CDK9","NCOA2","YWHAZ"
"CDK9","MAPK3","SDC4"
"CDK9","GSK3B/Axin/APC","SDC4"
"CDK9","AURKA","SDC4"
"CDK9","MAPK1","SDC4"
"CDK9","CDK1","SDC4"
"CDK9","ERK1/2","SDC4"
"CDK9","Gbeta","SDC4"
"CDK9","CSNK1D","SDC4"
"CDK9","TGFBR1","SDC4"
"CDK9","ABL1","SDC4"
"CDK9","CDK2","SDC4"
"CDK9","GSK3B","SDC4"
"CDK9","MAP3K1","SDC4"
"CDK9","AKT","SDC4"
"CDK9","RASSF1","SDC4"
"CDK9","CDK3","SDC4"
"CDK9","GRB2","SDC4"
"CDK9","SHC1","SDC4"
"CDK9","GAB1","SDC4"
"CDK9","INPP5D","SDC4"
"CDK9","NF2","SDC4"
"CDK9","GRM5","SDC4"
"CDK9","PIK3CG","SDC4"
"CDK9","PPP1R14A","SDC4"
"CDK9","BORA","SDC4"
"CDK9","PEBP1","SDC4"
"CDK9","MAPK3","RAP1B"
"CDK9","GSK3B/Axin/APC","RAP1B"
"CDK9","AURKA","RAP1B"
"CDK9","MAPK1","RAP1B"
"CDK9","CDK1","RAP1B"
"CDK9","MAPK14","RAP1B"
"CDK9","CSNK1D","RAP1B"
"CDK9","PLK1","RAP1B"
"CDK9","TGFBR1","RAP1B"
"CDK9","CDK2","RAP1B"
"CDK9","PAK6","RAP1B"
"CDK9","PPP1R2","RAP1B"
"CDK9","CDK5","RAP1B"
"CDK9","IRS1","RAP1B"
"CDK9","PIK3CA","RAP1B"
"CDK9","PTK2","RAP1B"
"CDK9","ADRA2A","RAP1B"
"CDK9","CDK3","RAP1B"
"CDK9","GRB2","RAP1B"
"CDK9","TRAF6","RAP1B"
"CDK9","SHC1","RAP1B"
"CDK9","MAPKAPK5","RAP1B"
"CDK9","GAB1","RAP1B"
"CDK9","PTPRA","RAP1B"
"CDK9","ARRB2","RAP1B"
"CDK9","INPP5D","RAP1B"
"CDK9","FGFR2","RAP1B"
"CDK9","GRB10","RAP1B"
"CDK9","GRM5","RAP1B"
"CDK9","ABI1","RAP1B"
"CDK9","PEBP1","RAP1B"
"CDK9","LCK","PFKP"
"CDK9","CSNK2A1","YY1"
"CDK9","ERK1/2","YY1"
"CDK9","Gbeta","YY1"
"CDK9","PLK1","YY1"
"CDK9","TGFBR1","YY1"
"CDK9","PPP1R2","YY1"
"CDK9","CDK5","YY1"
"CDK9","AKT","YY1"
"CDK9","IRS1","YY1"
"CDK9","PIK3CA","YY1"
"CDK9","CyclinE/CDK2","YY1"
"CDK9","ZAP70","YY1"
"CDK9","MAPKAPK5","YY1"
"CDK9","CDC25B","YY1"
"CDK9","ESR1","YY1"
"CDK9","CD28","YY1"
"CDK9","GAB2","YY1"
"CDK9","PIK3CG","YY1"
"CDK9","PPP1R14A","YY1"
"CDK9","ABI1","YY1"
"CDK9","BORA","YY1"
"CDK9","PRKCD","RCAN1"
"CDK9","CDK1","RCAN1"
"CDK9","PTPRC","RCAN1"
"CDK9","Gbeta","RCAN1"
"CDK9","TGFBR1","RCAN1"
"CDK9","ABL1","RCAN1"
"CDK9","CDK2","RCAN1"
"CDK9","PPP1R2","RCAN1"
"CDK9","MAP3K1","RCAN1"
"CDK9","RNF111","RCAN1"
"CDK9","TRAF6","RCAN1"
"CDK9","MAPKAPK5","RCAN1"
"CDK9","CDC25C","RCAN1"
"CDK9","CDC25B","RCAN1"
"CDK9","GAB1","RCAN1"
"CDK9","ESR1","RCAN1"
"CDK9","MGluR","RCAN1"
"CDK9","GAB2","RCAN1"
"CDK9","NF2","RCAN1"
"CDK9","GRB10","RCAN1"
"CDK9","GRM5","RCAN1"
"CDK9","BORA","RCAN1"
"CDK9","GSK3B/Axin/APC","PPP1R14A"
"CDK9","AURKA","PPP1R14A"
"CDK9","MAPK1","PPP1R14A"
"CDK9","PRKCA","PPP1R14A"
"CDK9","PTPRC","PPP1R14A"
"CDK9","ERK1/2","PPP1R14A"
"CDK9","Gbeta","PPP1R14A"
"CDK9","CSNK1D","PPP1R14A"
"CDK9","LCK","PPP1R14A"
"CDK9","IRS1","PPP1R14A"
"CDK9","PIK3CA","PPP1R14A"
"CDK9","CyclinE/CDK2","PPP1R14A"
"CDK9","RNF111","PPP1R14A"
"CDK9","PTK6","PPP1R14A"
"CDK9","NCOA2","PPP1R14A"
"CDK9","MAPKAPK5","PPP1R14A"
"CDK9","CDC25C","PPP1R14A"
"CDK9","NR3C1","PPP1R14A"
"CDK9","GRM5","PPP1R14A"
"CDK9","PIK3CG","PPP1R14A"
"CDK9","BORA","PPP1R14A"
"CDK9","PEBP1","PPP1R14A"
"CDK9","CDK1","USF1"
"CDK9","MAPK14","USF1"
"CDK9","PPP1R2","USF1"
"CDK9","CDK5","USF1"
"CDK9","PIK3CA","USF1"
"CDK9","PTK2","USF1"
"CDK9","RNF111","USF1"
"CDK9","ADRA2A","USF1"
"CDK9","CDK3","USF1"
"CDK9","AXIN1","USF1"
"CDK9","MAPKAPK5","USF1"
"CDK9","CDK6","USF1"
"CDK9","CDC25B","USF1"
"CDK9","LAT","USF1"
"CDK9","GAB1","USF1"
"CDK9","PTPRA","USF1"
"CDK9","ESR1","USF1"
"CDK9","ARRB2","USF1"
"CDK9","CD28","USF1"
"CDK9","NR3C1","USF1"
"CDK9","MGluR","USF1"
"CDK9","FGFR2","USF1"
"CDK9","GRB10","USF1"
"CDK9","PIK3CG","USF1"
"CDK9","PPP1R14A","USF1"
"CDK9","BORA","USF1"
"CDK9","PEBP1","USF1"
"CDK9","PPP1R14B","USF1"
"CDK9","AURKA","RAP1A"
"CDK9","PRKCD","RAP1A"
"CDK9","MAPK1","RAP1A"
"CDK9","CSNK2A1","RAP1A"
"CDK9","PRKCA","RAP1A"
"CDK9","MAPK14","RAP1A"
"CDK9","PTPRC","RAP1A"
"CDK9","Gbeta","RAP1A"
"CDK9","CSNK1D","RAP1A"
"CDK9","PLK1","RAP1A"
"CDK9","TGFBR1","RAP1A"
"CDK9","ABL1","RAP1A"
"CDK9","CDK2","RAP1A"
"CDK9","RPS6KA1","RAP1A"
"CDK9","GSK3B","RAP1A"
"CDK9","MAP3K1","RAP1A"
"CDK9","AKT","RAP1A"
"CDK9","IRS1","RAP1A"
"CDK9","CyclinE/CDK2","RAP1A"
"CDK9","RNF111","RAP1A"
"CDK9","mTORC1","RAP1A"
"CDK9","RASSF1","RAP1A"
"CDK9","ADRA2A","RAP1A"
"CDK9","CDK3","RAP1A"
"CDK9","PTK6","RAP1A"
"CDK9","ZAP70","RAP1A"
"CDK9","TRAF6","RAP1A"
"CDK9","SHC1","RAP1A"
"CDK9","CDK6","RAP1A"
"CDK9","CDC25C","RAP1A"
"CDK9","CDC25B","RAP1A"
"CDK9","LAT","RAP1A"
"CDK9","ESR1","RAP1A"
"CDK9","ARRB2","RAP1A"
"CDK9","CD28","RAP1A"
"CDK9","MGluR","RAP1A"
"CDK9","INPP5D","RAP1A"
"CDK9","FGFR2","RAP1A"
"CDK9","GRB10","RAP1A"
"CDK9","GRM5","RAP1A"
"CDK9","PIK3CG","RAP1A"
"CDK9","BORA","RAP1A"
"CDK9","PEBP1","RAP1A"
"CDK9","PPP1R14B","RAP1A"
"CDK9","AURKA","PLCG1"
"CDK9","PRKCD","PLCG1"
"CDK9","MAPK1","PLCG1"
"CDK9","CDK1","PLCG1"
"CDK9","PRKCA","PLCG1"
"CDK9","PTPN6","PLCG1"
"CDK9","MAPK14","PLCG1"
"CDK9","ERK1/2","PLCG1"
"CDK9","Gbeta","PLCG1"
"CDK9","CSNK1D","PLCG1"
"CDK9","PLK1","PLCG1"
"CDK9","TGFBR1","PLCG1"
"CDK9","ABL1","PLCG1"
"CDK9","CDK2","PLCG1"
"CDK9","RPS6KA1","PLCG1"
"CDK9","PAK6","PLCG1"
"CDK9","GSK3B","PLCG1"
"CDK9","PPP1R2","PLCG1"
"CDK9","CDK5","PLCG1"
"CDK9","MAP3K1","PLCG1"
"CDK9","PRKD1","PLCG1"
"CDK9","IRS1","PLCG1"
"CDK9","PIK3CA","PLCG1"
"CDK9","CyclinE/CDK2","PLCG1"
"CDK9","RNF111","PLCG1"
"CDK9","mTORC1","PLCG1"
"CDK9","RASSF1","PLCG1"
"CDK9","CDK3","PLCG1"
"CDK9","ZAP70","PLCG1"
"CDK9","TRAF6","PLCG1"
"CDK9","AXIN1","PLCG1"
"CDK9","CDK6","PLCG1"
"CDK9","GAB1","PLCG1"
"CDK9","PTPRA","PLCG1"
"CDK9","FGFR2","PLCG1"
"CDK9","NF2","PLCG1"
"CDK9","GRB10","PLCG1"
"CDK9","ABI1","PLCG1"
"CDK9","BORA","PLCG1"
"CDK9","PPP1R14B","PLCG1"
"CDK9","AURKA","STAT4"
"CDK9","PRKCD","STAT4"
"CDK9","MAPK1","STAT4"
"CDK9","CSNK2A1","STAT4"
"CDK9","PRKCA","STAT4"
"CDK9","CSNK1D","STAT4"
"CDK9","PLK1","STAT4"
"CDK9","TGFBR1","STAT4"
"CDK9","ABL1","STAT4"
"CDK9","CDK2","STAT4"
"CDK9","PRKD1","STAT4"
"CDK9","PTK2","STAT4"
"CDK9","CyclinE/CDK2","STAT4"
"CDK9","mTORC1","STAT4"
"CDK9","PTK6","STAT4"
"CDK9","ESR1","STAT4"
"CDK9","GAB2","STAT4"
"CDK9","FGFR2","STAT4"
"CDK9","PPP1R14A","STAT4"
"CDK9","MAPK1","DCK"
"CDK9","CDK1","DCK"
"CDK9","MAPK14","DCK"
"CDK9","ABL1","DCK"
"CDK9","MAP3K1","DCK"
"CDK9","AKT","DCK"
"CDK9","IRS1","DCK"
"CDK9","PTK2","DCK"
"CDK9","mTORC1","DCK"
"CDK9","RASSF1","DCK"
"CDK9","GRB2","DCK"
"CDK9","NCOA2","DCK"
"CDK9","TRAF6","DCK"
"CDK9","SHC1","DCK"
"CDK9","MAPKAPK5","DCK"
"CDK9","CDK6","DCK"
"CDK9","CDC25C","DCK"
"CDK9","CDC25B","DCK"
"CDK9","GAB1","DCK"
"CDK9","CD28","DCK"
"CDK9","NR3C1","DCK"
"CDK9","INPP5D","DCK"
"CDK9","GAB2","DCK"
"CDK9","NF2","DCK"
"CDK9","GRM5","DCK"
"CDK9","PIK3CG","DCK"
"CDK9","ABI1","DCK"
"CDK9","PEBP1","DCK"
"CDK9","PPP1R14B","DCK"
"CDK9","GSK3B","HDAC2"
"CDK9","MAPK3","WWC1"
"CDK9","AURKA","WWC1"
"CDK9","MAPK1","WWC1"
"CDK9","CDK1","WWC1"
"CDK9","PTPRC","WWC1"
"CDK9","Gbeta","WWC1"
"CDK9","CSNK1D","WWC1"
"CDK9","PLK1","WWC1"
"CDK9","LCK","WWC1"
"CDK9","ABL1","WWC1"
"CDK9","PPP1R2","WWC1"
"CDK9","CDK5","WWC1"
"CDK9","AKT","WWC1"
"CDK9","IRS1","WWC1"
"CDK9","CyclinE/CDK2","WWC1"
"CDK9","mTORC1","WWC1"
"CDK9","RASSF1","WWC1"
"CDK9","GRB2","WWC1"
"CDK9","PTK6","WWC1"
"CDK9","ZAP70","WWC1"
"CDK9","SHC1","WWC1"
"CDK9","AXIN1","WWC1"
"CDK9","CDC25B","WWC1"
"CDK9","ARRB2","WWC1"
"CDK9","CD28","WWC1"
"CDK9","GAB2","WWC1"
"CDK9","GRB10","WWC1"
"CDK9","PIK3CG","WWC1"
"CDK9","PPP1R14A","WWC1"
"CDK9","ABI1","WWC1"
"CDK9","AURKA","NFIB"
"CDK9","CDK1","NFIB"
"CDK9","PTPN6","NFIB"
"CDK9","MAPK14","NFIB"
"CDK9","ERK1/2","NFIB"
"CDK9","Gbeta","NFIB"
"CDK9","TGFBR1","NFIB"
"CDK9","GSK3B","NFIB"
"CDK9","IRS1","NFIB"
"CDK9","PTK2","NFIB"
"CDK9","CyclinE/CDK2","NFIB"
"CDK9","mTORC1","NFIB"
"CDK9","NCOA2","NFIB"
"CDK9","TRAF6","NFIB"
"CDK9","LAT","NFIB"
"CDK9","PTPRA","NFIB"
"CDK9","ARRB2","NFIB"
"CDK9","GRM5","NFIB"
"CDK9","PIK3CG","NFIB"
"CDK9","PPP1R14A","NFIB"
"CDK9","ABI1","NFIB"
"CDK9","PEBP1","NFIB"
"CDK9","MAPK3","FBXO25"
"CDK9","CSNK2A1","FBXO25"
"CDK9","PRKCA","FBXO25"
"CDK9","PTPN6","FBXO25"
"CDK9","Gbeta","FBXO25"
"CDK9","ABL1","FBXO25"
"CDK9","PAK6","FBXO25"
"CDK9","GSK3B","FBXO25"
"CDK9","CDK5","FBXO25"
"CDK9","MAP3K1","FBXO25"
"CDK9","AKT","FBXO25"
"CDK9","PTK2","FBXO25"
"CDK9","CyclinE/CDK2","FBXO25"
"CDK9","RNF111","FBXO25"
"CDK9","RASSF1","FBXO25"
"CDK9","TRAF6","FBXO25"
"CDK9","CDK6","FBXO25"
"CDK9","CDC25B","FBXO25"
"CDK9","CD28","FBXO25"
"CDK9","MGluR","FBXO25"
"CDK9","NF2","FBXO25"
"CDK9","GRB10","FBXO25"
"CDK9","GRM5","FBXO25"
"CDK9","ABI1","FBXO25"
"CDK9","PTPN6","CREB1"
"CDK9","MAPK14","CREB1"
"CDK9","PTPRC","CREB1"
"CDK9","Gbeta","CREB1"
"CDK9","CSNK1D","CREB1"
"CDK9","PLK1","CREB1"
"CDK9","TGFBR1","CREB1"
"CDK9","ABL1","CREB1"
"CDK9","RPS6KA1","CREB1"
"CDK9","CDK5","CREB1"
"CDK9","MAP3K1","CREB1"
"CDK9","AKT","CREB1"
"CDK9","IRS1","CREB1"
"CDK9","CyclinE/CDK2","CREB1"
"CDK9","RNF111","CREB1"
"CDK9","mTORC1","CREB1"
"CDK9","RASSF1","CREB1"
"CDK9","ADRA2A","CREB1"
"CDK9","CDK3","CREB1"
"CDK9","ZAP70","CREB1"
"CDK9","NCOA2","CREB1"
"CDK9","TRAF6","CREB1"
"CDK9","AXIN1","CREB1"
"CDK9","MAPKAPK5","CREB1"
"CDK9","CDK6","CREB1"
"CDK9","CDC25C","CREB1"
"CDK9","LAT","CREB1"
"CDK9","ESR1","CREB1"
"CDK9","ARRB2","CREB1"
"CDK9","CD28","CREB1"
"CDK9","NF2","CREB1"
"CDK9","GRM5","CREB1"
"CDK9","PIK3CG","CREB1"
"CDK9","PPP1R14A","CREB1"
"CDK9","ABI1","CREB1"
"CDK9","PEBP1","CREB1"
"CDK9","PPP1R14B","CREB1"
"CDK9","MAPK3","STMN1"
"CDK9","GSK3B/Axin/APC","STMN1"
"CDK9","AURKA","STMN1"
"CDK9","PRKCD","STMN1"
"CDK9","CDK1","STMN1"
"CDK9","ERK1/2","STMN1"
"CDK9","Gbeta","STMN1"
"CDK9","PLK1","STMN1"
"CDK9","LCK","STMN1"
"CDK9","ABL1","STMN1"
"CDK9","CDK2","STMN1"
"CDK9","CDK5","STMN1"
"CDK9","IRS1","STMN1"
"CDK9","PIK3CA","STMN1"
"CDK9","PTK2","STMN1"
"CDK9","ADRA2A","STMN1"
"CDK9","CDK3","STMN1"
"CDK9","GRB2","STMN1"
"CDK9","PTK6","STMN1"
"CDK9","AXIN1","STMN1"
"CDK9","LAT","STMN1"
"CDK9","MGluR","STMN1"
"CDK9","INPP5D","STMN1"
"CDK9","NF2","STMN1"
"CDK9","GRM5","STMN1"
"CDK9","PEBP1","STMN1"
"CDK9","MAPK3","CDH1"
"CDK9","GSK3B/Axin/APC","CDH1"
"CDK9","AURKA","CDH1"
"CDK9","CSNK2A1","CDH1"
"CDK9","CDK1","CDH1"
"CDK9","MAPK14","CDH1"
"CDK9","PTPRC","CDH1"
"CDK9","ERK1/2","CDH1"
"CDK9","Gbeta","CDH1"
"CDK9","TGFBR1","CDH1"
"CDK9","ABL1","CDH1"
"CDK9","AKT","CDH1"
"CDK9","PRKD1","CDH1"
"CDK9","CyclinE/CDK2","CDH1"
"CDK9","CDK3","CDH1"
"CDK9","TRAF6","CDH1"
"CDK9","MAPKAPK5","CDH1"
"CDK9","ESR1","CDH1"
"CDK9","ABI1","CDH1"
"CDK9","GSK3B","FOXC1"
"CDK9","GSK3B/Axin/APC","PBXIP1"
"CDK9","MAPK1","PBXIP1"
"CDK9","CSNK2A1","PBXIP1"
"CDK9","CDK1","PBXIP1"
"CDK9","PTPRC","PBXIP1"
"CDK9","ERK1/2","PBXIP1"
"CDK9","CSNK1D","PBXIP1"
"CDK9","PLK1","PBXIP1"
"CDK9","TGFBR1","PBXIP1"
"CDK9","ABL1","PBXIP1"
"CDK9","CDK2","PBXIP1"
"CDK9","RPS6KA1","PBXIP1"
"CDK9","CDK5","PBXIP1"
"CDK9","MAP3K1","PBXIP1"
"CDK9","RNF111","PBXIP1"
"CDK9","mTORC1","PBXIP1"
"CDK9","RASSF1","PBXIP1"
"CDK9","CDK3","PBXIP1"
"CDK9","MAPKAPK5","PBXIP1"
"CDK9","CDK6","PBXIP1"
"CDK9","CDC25C","PBXIP1"
"CDK9","GAB1","PBXIP1"
"CDK9","ESR1","PBXIP1"
"CDK9","CD28","PBXIP1"
"CDK9","GRM5","PBXIP1"
"CDK9","ABI1","PBXIP1"
"CDK9","PEBP1","PBXIP1"
"CDK9","MAPK3","BRCA1"
"CDK9","MAPK1","BRCA1"
"CDK9","CSNK2A1","BRCA1"
"CDK9","CDK1","BRCA1"
"CDK9","MAPK14","BRCA1"
"CDK9","Gbeta","BRCA1"
"CDK9","LCK","BRCA1"
"CDK9","PPP1R2","BRCA1"
"CDK9","AKT","BRCA1"
"CDK9","mTORC1","BRCA1"
"CDK9","PTK6","BRCA1"
"CDK9","SHC1","BRCA1"
"CDK9","CDK6","BRCA1"
"CDK9","PTPRA","BRCA1"
"CDK9","NR3C1","BRCA1"
"CDK9","GAB2","BRCA1"
"CDK9","ABI1","BRCA1"
"CDK9","MAPK3","PECAM1"
"CDK9","PRKCD","PECAM1"
"CDK9","MAPK1","PECAM1"
"CDK9","CDK1","PECAM1"
"CDK9","PTPN6","PECAM1"
"CDK9","ERK1/2","PECAM1"
"CDK9","CSNK1D","PECAM1"
"CDK9","PLK1","PECAM1"
"CDK9","ABL1","PECAM1"
"CDK9","RPS6KA1","PECAM1"
"CDK9","GSK3B","PECAM1"
"CDK9","PPP1R2","PECAM1"
"CDK9","CDK5","PECAM1"
"CDK9","MAP3K1","PECAM1"
"CDK9","PRKD1","PECAM1"
"CDK9","RASSF1","PECAM1"
"CDK9","CDK3","PECAM1"
"CDK9","PTK6","PECAM1"
"CDK9","ZAP70","PECAM1"
"CDK9","MAPKAPK5","PECAM1"
"CDK9","LAT","PECAM1"
"CDK9","ESR1","PECAM1"
"CDK9","MGluR","PECAM1"
"CDK9","GAB2","PECAM1"
"CDK9","FGFR2","PECAM1"
"CDK9","NF2","PECAM1"
"CDK9","GRB10","PECAM1"
"CDK9","ABI1","PECAM1"
"CDK9","MAPK3","CD3"
"CDK9","GSK3B/Axin/APC","CD3"
"CDK9","PRKCD","CD3"
"CDK9","CDK1","CD3"
"CDK9","MAPK14","CD3"
"CDK9","PTPRC","CD3"
"CDK9","RPS6KA1","CD3"
"CDK9","GSK3B","CD3"
"CDK9","PRKD1","CD3"
"CDK9","IRS1","CD3"
"CDK9","PTK2","CD3"
"CDK9","CyclinE/CDK2","CD3"
"CDK9","ADRA2A","CD3"
"CDK9","TRAF6","CD3"
"CDK9","SHC1","CD3"
"CDK9","CDC25C","CD3"
"CDK9","ESR1","CD3"
"CDK9","NF2","CD3"
"CDK9","PIK3CG","CD3"
"CDK9","ABI1","CD3"
"CDK9","PEBP1","CD3"
"CDK9","PPP1R14B","CD3"
"CDK9","MAPK3","SORT1"
"CDK9","GSK3B/Axin/APC","SORT1"
"CDK9","PRKCD","SORT1"
"CDK9","CDK1","SORT1"
"CDK9","PRKCA","SORT1"
"CDK9","MAPK14","SORT1"
"CDK9","PTPRC","SORT1"
"CDK9","ERK1/2","SORT1"
"CDK9","CSNK1D","SORT1"
"CDK9","PLK1","SORT1"
"CDK9","LCK","SORT1"
"CDK9","TGFBR1","SORT1"
"CDK9","CDK5","SORT1"
"CDK9","MAP3K1","SORT1"
"CDK9","IRS1","SORT1"
"CDK9","PIK3CA","SORT1"
"CDK9","PTK2","SORT1"
"CDK9","CyclinE/CDK2","SORT1"
"CDK9","ADRA2A","SORT1"
"CDK9","PTK6","SORT1"
"CDK9","ZAP70","SORT1"
"CDK9","NCOA2","SORT1"
"CDK9","TRAF6","SORT1"
"CDK9","CDK6","SORT1"
"CDK9","CDC25C","SORT1"
"CDK9","CDC25B","SORT1"
"CDK9","LAT","SORT1"
"CDK9","ESR1","SORT1"
"CDK9","NR3C1","SORT1"
"CDK9","GAB2","SORT1"
"CDK9","FGFR2","SORT1"
"CDK9","PIK3CG","SORT1"
"CDK9","PPP1R14A","SORT1"
"CDK9","ABI1","SORT1"
"CDK9","BORA","SORT1"
"CDK9","MAPK3","BAG3"
"CDK9","MAPK1","BAG3"
"CDK9","CSNK2A1","BAG3"
"CDK9","PRKCA","BAG3"
"CDK9","PTPN6","BAG3"
"CDK9","MAPK14","BAG3"
"CDK9","PTPRC","BAG3"
"CDK9","Gbeta","BAG3"
"CDK9","TGFBR1","BAG3"
"CDK9","CDK5","BAG3"
"CDK9","MAP3K1","BAG3"
"CDK9","AKT","BAG3"
"CDK9","IRS1","BAG3"
"CDK9","PIK3CA","BAG3"
"CDK9","CyclinE/CDK2","BAG3"
"CDK9","ZAP70","BAG3"
"CDK9","SHC1","BAG3"
"CDK9","CDK6","BAG3"
"CDK9","CDC25C","BAG3"
"CDK9","GAB1","BAG3"
"CDK9","ESR1","BAG3"
"CDK9","CD28","BAG3"
"CDK9","MGluR","BAG3"
"CDK9","GAB2","BAG3"
"CDK9","FGFR2","BAG3"
"CDK9","GRB10","BAG3"
"CDK9","GRM5","BAG3"
"CDK9","ABI1","BAG3"
"CDK9","BORA","BAG3"
"CDK9","PEBP1","BAG3"
"CDK9","PPP1R14B","BAG3"
"CDK9","MAPK3","THRB"
"CDK9","GSK3B/Axin/APC","THRB"
"CDK9","PRKCD","THRB"
"CDK9","PTPRC","THRB"
"CDK9","ERK1/2","THRB"
"CDK9","Gbeta","THRB"
"CDK9","TGFBR1","THRB"
"CDK9","PAK6","THRB"
"CDK9","GSK3B","THRB"
"CDK9","MAP3K1","THRB"
"CDK9","AKT","THRB"
"CDK9","PTK2","THRB"
"CDK9","CDK3","THRB"
"CDK9","ZAP70","THRB"
"CDK9","TRAF6","THRB"
"CDK9","AXIN1","THRB"
"CDK9","CDK6","THRB"
"CDK9","CDC25C","THRB"
"CDK9","CDC25B","THRB"
"CDK9","LAT","THRB"
"CDK9","CD28","THRB"
"CDK9","GAB2","THRB"
"CDK9","FGFR2","THRB"
"CDK9","GRM5","THRB"
"CDK9","ABI1","THRB"
"CDK9","PEBP1","THRB"
"CDK9","PPP1R14B","THRB"
"CDK9","PRKCA","ABI1"
"CDK9","PTPN6","ABI1"
"CDK9","MAPK14","ABI1"
"CDK9","ERK1/2","ABI1"
"CDK9","Gbeta","ABI1"
"CDK9","CSNK1D","ABI1"
"CDK9","PLK1","ABI1"
"CDK9","LCK","ABI1"
"CDK9","ABL1","ABI1"
"CDK9","RPS6KA1","ABI1"
"CDK9","CDK5","ABI1"
"CDK9","IRS1","ABI1"
"CDK9","PIK3CA","ABI1"
"CDK9","PTK2","ABI1"
"CDK9","RASSF1","ABI1"
"CDK9","ADRA2A","ABI1"
"CDK9","CDK3","ABI1"
"CDK9","GRB2","ABI1"
"CDK9","PTK6","ABI1"
"CDK9","TRAF6","ABI1"
"CDK9","SHC1","ABI1"
"CDK9","AXIN1","ABI1"
"CDK9","CDK6","ABI1"
"CDK9","CDC25C","ABI1"
"CDK9","CDC25B","ABI1"
"CDK9","LAT","ABI1"
"CDK9","GAB1","ABI1"
"CDK9","ARRB2","ABI1"
"CDK9","CD28","ABI1"
"CDK9","MGluR","ABI1"
"CDK9","GAB2","ABI1"
"CDK9","GRB10","ABI1"
"CDK9","GRM5","ABI1"
"CDK9","PIK3CG","ABI1"
"CDK9","PPP1R14A","ABI1"
"CDK9","BORA","ABI1"
"CDK9","PEBP1","ABI1"
"CDK9","PPP1R14B","ABI1"
"CDK9","SRC","RUNX2"
"CDK9","GSK3B/Axin/APC","RUNX2"
"CDK9","AURKA","RUNX2"
"CDK9","MAPK1","RUNX2"
"CDK9","CDK1","RUNX2"
"CDK9","PTPN6","RUNX2"
"CDK9","MAPK14","RUNX2"
"CDK9","CSNK1D","RUNX2"
"CDK9","CDK2","RUNX2"
"CDK9","RPS6KA1","RUNX2"
"CDK9","PAK6","RUNX2"
"CDK9","GSK3B","RUNX2"
"CDK9","PPP1R2","RUNX2"
"CDK9","CDK5","RUNX2"
"CDK9","MAP3K1","RUNX2"
"CDK9","AKT","RUNX2"
"CDK9","PRKD1","RUNX2"
"CDK9","IRS1","RUNX2"
"CDK9","PIK3CA","RUNX2"
"CDK9","PTK2","RUNX2"
"CDK9","CyclinE/CDK2","RUNX2"
"CDK9","mTORC1","RUNX2"
"CDK9","RASSF1","RUNX2"
"CDK9","CDK3","RUNX2"
"CDK9","PTK6","RUNX2"
"CDK9","ZAP70","RUNX2"
"CDK9","TRAF6","RUNX2"
"CDK9","SHC1","RUNX2"
"CDK9","MAPKAPK5","RUNX2"
"CDK9","CDK6","RUNX2"
"CDK9","CDC25C","RUNX2"
"CDK9","CDC25B","RUNX2"
"CDK9","PTPRA","RUNX2"
"CDK9","ESR1","RUNX2"
"CDK9","NR3C1","RUNX2"
"CDK9","INPP5D","RUNX2"
"CDK9","FGFR2","RUNX2"
"CDK9","NF2","RUNX2"
"CDK9","GRB10","RUNX2"
"CDK9","PIK3CG","RUNX2"
"CDK9","PPP1R14A","RUNX2"
"CDK9","ABI1","RUNX2"
"CDK9","PEBP1","RUNX2"
"CDK9","MAPK3","PCBP2"
"CDK9","GSK3B/Axin/APC","PCBP2"
"CDK9","PRKCD","PCBP2"
"CDK9","CSNK2A1","PCBP2"
"CDK9","CDK1","PCBP2"
"CDK9","PRKCA","PCBP2"
"CDK9","MAPK14","PCBP2"
"CDK9","PTPRC","PCBP2"
"CDK9","Gbeta","PCBP2"
"CDK9","CSNK1D","PCBP2"
"CDK9","PLK1","PCBP2"
"CDK9","TGFBR1","PCBP2"
"CDK9","ABL1","PCBP2"
"CDK9","CDK2","PCBP2"
"CDK9","PAK6","PCBP2"
"CDK9","GSK3B","PCBP2"
"CDK9","PPP1R2","PCBP2"
"CDK9","CDK5","PCBP2"
"CDK9","PRKD1","PCBP2"
"CDK9","IRS1","PCBP2"
"CDK9","PIK3CA","PCBP2"
"CDK9","PTK2","PCBP2"
"CDK9","RNF111","PCBP2"
"CDK9","mTORC1","PCBP2"
"CDK9","RASSF1","PCBP2"
"CDK9","CDK3","PCBP2"
"CDK9","GRB2","PCBP2"
"CDK9","ZAP70","PCBP2"
"CDK9","TRAF6","PCBP2"
"CDK9","SHC1","PCBP2"
"CDK9","AXIN1","PCBP2"
"CDK9","MAPKAPK5","PCBP2"
"CDK9","CDC25B","PCBP2"
"CDK9","LAT","PCBP2"
"CDK9","GAB1","PCBP2"
"CDK9","ESR1","PCBP2"
"CDK9","ARRB2","PCBP2"
"CDK9","CD28","PCBP2"
"CDK9","INPP5D","PCBP2"
"CDK9","GAB2","PCBP2"
"CDK9","FGFR2","PCBP2"
"CDK9","GRB10","PCBP2"
"CDK9","GRM5","PCBP2"
"CDK9","PIK3CG","PCBP2"
"CDK9","ABI1","PCBP2"
"CDK9","BORA","PCBP2"
"CDK9","PPP1R14B","PCBP2"
"CDK9","MAPK3","AP1"
"CDK9","GSK3B/Axin/APC","AP1"
"CDK9","AURKA","AP1"
"CDK9","PRKCD","AP1"
"CDK9","MAPK1","AP1"
"CDK9","CDK1","AP1"
"CDK9","PRKCA","AP1"
"CDK9","PTPN6","AP1"
"CDK9","PTPRC","AP1"
"CDK9","ERK1/2","AP1"
"CDK9","Gbeta","AP1"
"CDK9","CSNK1D","AP1"
"CDK9","PLK1","AP1"
"CDK9","LCK","AP1"
"CDK9","TGFBR1","AP1"
"CDK9","ABL1","AP1"
"CDK9","CDK2","AP1"
"CDK9","RPS6KA1","AP1"
"CDK9","PAK6","AP1"
"CDK9","PPP1R2","AP1"
"CDK9","CDK5","AP1"
"CDK9","MAP3K1","AP1"
"CDK9","IRS1","AP1"
"CDK9","PIK3CA","AP1"
"CDK9","PTK2","AP1"
"CDK9","CyclinE/CDK2","AP1"
"CDK9","mTORC1","AP1"
"CDK9","RASSF1","AP1"
"CDK9","ADRA2A","AP1"
"CDK9","GRB2","AP1"
"CDK9","PTK6","AP1"
"CDK9","NCOA2","AP1"
"CDK9","TRAF6","AP1"
"CDK9","SHC1","AP1"
"CDK9","AXIN1","AP1"
"CDK9","CDC25B","AP1"
"CDK9","LAT","AP1"
"CDK9","GAB1","AP1"
"CDK9","PTPRA","AP1"
"CDK9","ARRB2","AP1"
"CDK9","CD28","AP1"
"CDK9","NR3C1","AP1"
"CDK9","MGluR","AP1"
"CDK9","GAB2","AP1"
"CDK9","NF2","AP1"
"CDK9","GRB10","AP1"
"CDK9","GRM5","AP1"
"CDK9","PIK3CG","AP1"
"CDK9","PPP1R14A","AP1"
"CDK9","ABI1","AP1"
"CDK9","PEBP1","AP1"
"CDK9","MAPK3","SH2B3"
"CDK9","GSK3B/Axin/APC","SH2B3"
"CDK9","PRKCD","SH2B3"
"CDK9","CSNK2A1","SH2B3"
"CDK9","CDK1","SH2B3"
"CDK9","PRKCA","SH2B3"
"CDK9","MAPK14","SH2B3"
"CDK9","PTPRC","SH2B3"
"CDK9","Gbeta","SH2B3"
"CDK9","CSNK1D","SH2B3"
"CDK9","PLK1","SH2B3"
"CDK9","TGFBR1","SH2B3"
"CDK9","ABL1","SH2B3"
"CDK9","CDK2","SH2B3"
"CDK9","PAK6","SH2B3"
"CDK9","PPP1R2","SH2B3"
"CDK9","PRKD1","SH2B3"
"CDK9","IRS1","SH2B3"
"CDK9","PIK3CA","SH2B3"
"CDK9","PTK2","SH2B3"
"CDK9","RNF111","SH2B3"
"CDK9","mTORC1","SH2B3"
"CDK9","RASSF1","SH2B3"
"CDK9","CDK3","SH2B3"
"CDK9","GRB2","SH2B3"
"CDK9","ZAP70","SH2B3"
"CDK9","TRAF6","SH2B3"
"CDK9","SHC1","SH2B3"
"CDK9","AXIN1","SH2B3"
"CDK9","MAPKAPK5","SH2B3"
"CDK9","CDK6","SH2B3"
"CDK9","CDC25C","SH2B3"
"CDK9","GAB1","SH2B3"
"CDK9","MGluR","SH2B3"
"CDK9","INPP5D","SH2B3"
"CDK9","GAB2","SH2B3"
"CDK9","FGFR2","SH2B3"
"CDK9","ABI1","SH2B3"
"CDK9","PPP1R14B","SH2B3"
"CDK9","CDK1","E2F1"
"CDK9","PTPRC","E2F1"
"CDK9","ERK1/2","E2F1"
"CDK9","Gbeta","E2F1"
"CDK9","RPS6KA1","E2F1"
"CDK9","GSK3B","E2F1"
"CDK9","CDK5","E2F1"
"CDK9","CDC25B","E2F1"
"CDK9","LAT","E2F1"
"CDK9","ESR1","E2F1"
"CDK9","MGluR","E2F1"
"CDK9","INPP5D","E2F1"
"CDK9","FGFR2","E2F1"
"CDK9","GRB10","E2F1"
"CDK9","PPP1R14A","E2F1"
"CDK9","ABI1","E2F1"
"CDK9","BORA","E2F1"
"CDK9","PEBP1","E2F1"
"CDK9","PPP1R14B","E2F1"
"CDK9","MAPK3","SMARCD3"
"CDK9","GSK3B/Axin/APC","SMARCD3"
"CDK9","PRKCD","SMARCD3"
"CDK9","CDK1","SMARCD3"
"CDK9","MAPK14","SMARCD3"
"CDK9","PTPRC","SMARCD3"
"CDK9","ERK1/2","SMARCD3"
"CDK9","PLK1","SMARCD3"
"CDK9","LCK","SMARCD3"
"CDK9","ABL1","SMARCD3"
"CDK9","CDK2","SMARCD3"
"CDK9","RPS6KA1","SMARCD3"
"CDK9","PAK6","SMARCD3"
"CDK9","PPP1R2","SMARCD3"
"CDK9","CDK5","SMARCD3"
"CDK9","MAP3K1","SMARCD3"
"CDK9","AKT","SMARCD3"
"CDK9","IRS1","SMARCD3"
"CDK9","RNF111","SMARCD3"
"CDK9","ADRA2A","SMARCD3"
"CDK9","GRB2","SMARCD3"
"CDK9","PTK6","SMARCD3"
"CDK9","TRAF6","SMARCD3"
"CDK9","SHC1","SMARCD3"
"CDK9","CDK6","SMARCD3"
"CDK9","CDC25B","SMARCD3"
"CDK9","LAT","SMARCD3"
"CDK9","PTPRA","SMARCD3"
"CDK9","ARRB2","SMARCD3"
"CDK9","INPP5D","SMARCD3"
"CDK9","FGFR2","SMARCD3"
"CDK9","GRM5","SMARCD3"
"CDK9","PEBP1","SMARCD3"
"CDK9","AURKA","LHX3"
"CDK9","PRKCD","LHX3"
"CDK9","CSNK2A1","LHX3"
"CDK9","PTPN6","LHX3"
"CDK9","ERK1/2","LHX3"
"CDK9","Gbeta","LHX3"
"CDK9","CSNK1D","LHX3"
"CDK9","TGFBR1","LHX3"
"CDK9","IRS1","LHX3"
"CDK9","PIK3CA","LHX3"
"CDK9","CyclinE/CDK2","LHX3"
"CDK9","RNF111","LHX3"
"CDK9","mTORC1","LHX3"
"CDK9","RASSF1","LHX3"
"CDK9","ADRA2A","LHX3"
"CDK9","GRB2","LHX3"
"CDK9","ZAP70","LHX3"
"CDK9","NCOA2","LHX3"
"CDK9","SHC1","LHX3"
"CDK9","AXIN1","LHX3"
"CDK9","MAPKAPK5","LHX3"
"CDK9","CDK6","LHX3"
"CDK9","CDC25C","LHX3"
"CDK9","GAB1","LHX3"
"CDK9","PTPRA","LHX3"
"CDK9","ESR1","LHX3"
"CDK9","CD28","LHX3"
"CDK9","MGluR","LHX3"
"CDK9","FGFR2","LHX3"
"CDK9","GRB10","LHX3"
"CDK9","PIK3CG","LHX3"
"CDK9","ABI1","LHX3"
"CDK9","MAPK3","H3C1"
"CDK9","GSK3B/Axin/APC","H3C1"
"CDK9","MAPK1","H3C1"
"CDK9","CSNK2A1","H3C1"
"CDK9","PRKCA","H3C1"
"CDK9","MAPK14","H3C1"
"CDK9","Gbeta","H3C1"
"CDK9","PLK1","H3C1"
"CDK9","ABL1","H3C1"
"CDK9","CDK2","H3C1"
"CDK9","RPS6KA1","H3C1"
"CDK9","PPP1R2","H3C1"
"CDK9","MAP3K1","H3C1"
"CDK9","AKT","H3C1"
"CDK9","IRS1","H3C1"
"CDK9","PIK3CA","H3C1"
"CDK9","PTK2","H3C1"
"CDK9","mTORC1","H3C1"
"CDK9","GRB2","H3C1"
"CDK9","PTK6","H3C1"
"CDK9","AXIN1","H3C1"
"CDK9","CDC25C","H3C1"
"CDK9","LAT","H3C1"
"CDK9","GAB1","H3C1"
"CDK9","PTPRA","H3C1"
"CDK9","ARRB2","H3C1"
"CDK9","MGluR","H3C1"
"CDK9","INPP5D","H3C1"
"CDK9","FGFR2","H3C1"
"CDK9","PIK3CG","H3C1"
"CDK9","PEBP1","H3C1"
"CDK9","PPP1R14B","H3C1"
"CDK9","AURKA","HDAC1"
"CDK9","PRKCD","HDAC1"
"CDK9","MAPK1","HDAC1"
"CDK9","CDK1","HDAC1"
"CDK9","PRKCA","HDAC1"
"CDK9","PTPN6","HDAC1"
"CDK9","CSNK1D","HDAC1"
"CDK9","TGFBR1","HDAC1"
"CDK9","CDK2","HDAC1"
"CDK9","MAP3K1","HDAC1"
"CDK9","PTK2","HDAC1"
"CDK9","RNF111","HDAC1"
"CDK9","RASSF1","HDAC1"
"CDK9","ADRA2A","HDAC1"
"CDK9","CDK3","HDAC1"
"CDK9","PTK6","HDAC1"
"CDK9","NCOA2","HDAC1"
"CDK9","TRAF6","HDAC1"
"CDK9","SHC1","HDAC1"
"CDK9","MAPKAPK5","HDAC1"
"CDK9","CDK6","HDAC1"
"CDK9","CDC25C","HDAC1"
"CDK9","CDC25B","HDAC1"
"CDK9","LAT","HDAC1"
"CDK9","GAB1","HDAC1"
"CDK9","PTPRA","HDAC1"
"CDK9","ARRB2","HDAC1"
"CDK9","NR3C1","HDAC1"
"CDK9","MGluR","HDAC1"
"CDK9","INPP5D","HDAC1"
"CDK9","GAB2","HDAC1"
"CDK9","FGFR2","HDAC1"
"CDK9","NF2","HDAC1"
"CDK9","GRB10","HDAC1"
"CDK9","GRM5","HDAC1"
"CDK9","PIK3CG","HDAC1"
"CDK9","ABI1","HDAC1"
"CDK9","BORA","HDAC1"
"CDK9","PEBP1","HDAC1"
"CDK9","PPP1R14B","HDAC1"
"CDK9","MAPK3","PARP1"
"CDK9","AURKA","PARP1"
"CDK9","MAPK1","PARP1"
"CDK9","CDK1","PARP1"
"CDK9","PRKCA","PARP1"
"CDK9","MAPK14","PARP1"
"CDK9","PTPRC","PARP1"
"CDK9","Gbeta","PARP1"
"CDK9","CSNK1D","PARP1"
"CDK9","TGFBR1","PARP1"
"CDK9","ABL1","PARP1"
"CDK9","CDK2","PARP1"
"CDK9","RPS6KA1","PARP1"
"CDK9","PAK6","PARP1"
"CDK9","PPP1R2","PARP1"
"CDK9","CDK5","PARP1"
"CDK9","AKT","PARP1"
"CDK9","PRKD1","PARP1"
"CDK9","IRS1","PARP1"
"CDK9","PIK3CA","PARP1"
"CDK9","PTK2","PARP1"
"CDK9","CyclinE/CDK2","PARP1"
"CDK9","RNF111","PARP1"
"CDK9","mTORC1","PARP1"
"CDK9","ADRA2A","PARP1"
"CDK9","CDK3","PARP1"
"CDK9","GRB2","PARP1"
"CDK9","ZAP70","PARP1"
"CDK9","TRAF6","PARP1"
"CDK9","AXIN1","PARP1"
"CDK9","MAPKAPK5","PARP1"
"CDK9","CDK6","PARP1"
"CDK9","CDC25B","PARP1"
"CDK9","GAB1","PARP1"
"CDK9","ESR1","PARP1"
"CDK9","ARRB2","PARP1"
"CDK9","CD28","PARP1"
"CDK9","MGluR","PARP1"
"CDK9","INPP5D","PARP1"
"CDK9","FGFR2","PARP1"
"CDK9","NF2","PARP1"
"CDK9","GRB10","PARP1"
"CDK9","GRM5","PARP1"
"CDK9","PIK3CG","PARP1"
"CDK9","PPP1R14A","PARP1"
"CDK9","ABI1","PARP1"
"CDK9","BORA","PARP1"
"CDK9","PEBP1","PARP1"
"CDK9","PPP1R14B","PARP1"
"CDK9","GSK3B","NCL"
"CDK9","MAPK3","KAT5"
"CDK9","AURKA","KAT5"
"CDK9","PRKCD","KAT5"
"CDK9","CSNK2A1","KAT5"
"CDK9","CDK1","KAT5"
"CDK9","PRKCA","KAT5"
"CDK9","PTPN6","KAT5"
"CDK9","MAPK14","KAT5"
"CDK9","PTPRC","KAT5"
"CDK9","ERK1/2","KAT5"
"CDK9","Gbeta","KAT5"
"CDK9","CSNK1D","KAT5"
"CDK9","LCK","KAT5"
"CDK9","TGFBR1","KAT5"
"CDK9","CDK2","KAT5"
"CDK9","RPS6KA1","KAT5"
"CDK9","PPP1R2","KAT5"
"CDK9","CDK5","KAT5"
"CDK9","MAP3K1","KAT5"
"CDK9","AKT","KAT5"
"CDK9","PRKD1","KAT5"
"CDK9","PTK2","KAT5"
"CDK9","RNF111","KAT5"
"CDK9","mTORC1","KAT5"
"CDK9","RASSF1","KAT5"
"CDK9","CDK3","KAT5"
"CDK9","GRB2","KAT5"
"CDK9","ZAP70","KAT5"
"CDK9","SHC1","KAT5"
"CDK9","MAPKAPK5","KAT5"
"CDK9","CDK6","KAT5"
"CDK9","CDC25C","KAT5"
"CDK9","CDC25B","KAT5"
"CDK9","LAT","KAT5"
"CDK9","GAB1","KAT5"
"CDK9","PTPRA","KAT5"
"CDK9","ESR1","KAT5"
"CDK9","ARRB2","KAT5"
"CDK9","MGluR","KAT5"
"CDK9","GAB2","KAT5"
"CDK9","FGFR2","KAT5"
"CDK9","NF2","KAT5"
"CDK9","GRB10","KAT5"
"CDK9","PIK3CG","KAT5"
"CDK9","ABI1","KAT5"
"CDK9","PEBP1","KAT5"
"CDK9","MAPK3","TSC2"
"CDK9","AURKA","TSC2"
"CDK9","PRKCD","TSC2"
"CDK9","MAPK1","TSC2"
"CDK9","CSNK2A1","TSC2"
"CDK9","CDK1","TSC2"
"CDK9","PRKCA","TSC2"
"CDK9","PTPN6","TSC2"
"CDK9","ERK1/2","TSC2"
"CDK9","Gbeta","TSC2"
"CDK9","CSNK1D","TSC2"
"CDK9","ABL1","TSC2"
"CDK9","RPS6KA1","TSC2"
"CDK9","PAK6","TSC2"
"CDK9","PPP1R2","TSC2"
"CDK9","CDK5","TSC2"
"CDK9","MAP3K1","TSC2"
"CDK9","PRKD1","TSC2"
"CDK9","IRS1","TSC2"
"CDK9","CyclinE/CDK2","TSC2"
"CDK9","RNF111","TSC2"
"CDK9","RASSF1","TSC2"
"CDK9","GRB2","TSC2"
"CDK9","ZAP70","TSC2"
"CDK9","TRAF6","TSC2"
"CDK9","SHC1","TSC2"
"CDK9","CDC25C","TSC2"
"CDK9","GAB1","TSC2"
"CDK9","PTPRA","TSC2"
"CDK9","ESR1","TSC2"
"CDK9","ARRB2","TSC2"
"CDK9","NR3C1","TSC2"
"CDK9","MGluR","TSC2"
"CDK9","GAB2","TSC2"
"CDK9","GRM5","TSC2"
"CDK9","PIK3CG","TSC2"
"CDK9","PPP1R14A","TSC2"
"CDK9","ABI1","TSC2"
"CDK9","PEBP1","TSC2"
"CDK9","MAPK3","BORA"
"CDK9","PRKCD","BORA"
"CDK9","MAPK1","BORA"
"CDK9","PRKCA","BORA"
"CDK9","MAPK14","BORA"
"CDK9","PTPRC","BORA"
"CDK9","Gbeta","BORA"
"CDK9","CSNK1D","BORA"
"CDK9","ABL1","BORA"
"CDK9","CDK2","BORA"
"CDK9","RPS6KA1","BORA"
"CDK9","MAP3K1","BORA"
"CDK9","AKT","BORA"
"CDK9","PTK2","BORA"
"CDK9","RNF111","BORA"
"CDK9","ADRA2A","BORA"
"CDK9","NCOA2","BORA"
"CDK9","SHC1","BORA"
"CDK9","MAPKAPK5","BORA"
"CDK9","GAB1","BORA"
"CDK9","PTPRA","BORA"
"CDK9","MGluR","BORA"
"CDK9","GAB2","BORA"
"CDK9","PIK3CG","BORA"
"CDK9","PPP1R14A","BORA"
"CDK9","PEBP1","BORA"
"CDK9","PPP1R14B","BORA"
"CDK9","MAPK3","FOXA1"
"CDK9","AURKA","FOXA1"
"CDK9","MAPK1","FOXA1"
"CDK9","CDK1","FOXA1"
"CDK9","ERK1/2","FOXA1"
"CDK9","Gbeta","FOXA1"
"CDK9","LCK","FOXA1"
"CDK9","TGFBR1","FOXA1"
"CDK9","ABL1","FOXA1"
"CDK9","RPS6KA1","FOXA1"
"CDK9","CDK5","FOXA1"
"CDK9","PRKD1","FOXA1"
"CDK9","RASSF1","FOXA1"
"CDK9","ADRA2A","FOXA1"
"CDK9","GRB2","FOXA1"
"CDK9","ZAP70","FOXA1"
"CDK9","MAPKAPK5","FOXA1"
"CDK9","CDK6","FOXA1"
"CDK9","CDC25C","FOXA1"
"CDK9","PTPRA","FOXA1"
"CDK9","ARRB2","FOXA1"
"CDK9","NR3C1","FOXA1"
"CDK9","ABI1","FOXA1"
"CDK9","BORA","FOXA1"
"CDK9","PEBP1","FOXA1"
"CDK9","MAPK3","PEBP1"
"CDK9","MAPK1","PEBP1"
"CDK9","CSNK2A1","PEBP1"
"CDK9","CDK1","PEBP1"
"CDK9","PRKCA","PEBP1"
"CDK9","MAPK14","PEBP1"
"CDK9","ERK1/2","PEBP1"
"CDK9","CSNK1D","PEBP1"
"CDK9","PLK1","PEBP1"
"CDK9","ABL1","PEBP1"
"CDK9","RPS6KA1","PEBP1"
"CDK9","GSK3B","PEBP1"
"CDK9","PPP1R2","PEBP1"
"CDK9","AKT","PEBP1"
"CDK9","PRKD1","PEBP1"
"CDK9","PTK2","PEBP1"
"CDK9","mTORC1","PEBP1"
"CDK9","RASSF1","PEBP1"
"CDK9","ADRA2A","PEBP1"
"CDK9","CDK3","PEBP1"
"CDK9","PTK6","PEBP1"
"CDK9","ZAP70","PEBP1"
"CDK9","TRAF6","PEBP1"
"CDK9","AXIN1","PEBP1"
"CDK9","MAPKAPK5","PEBP1"
"CDK9","CDC25C","PEBP1"
"CDK9","ESR1","PEBP1"
"CDK9","ARRB2","PEBP1"
"CDK9","MGluR","PEBP1"
"CDK9","GRB10","PEBP1"
"CDK9","PIK3CG","PEBP1"
"CDK9","PPP1R14A","PEBP1"
"CDK9","PPP1R14B","PEBP1"
"CDK9","MAPK3","TBL1XR1"
"CDK9","CDK1","TBL1XR1"
"CDK9","PRKCA","TBL1XR1"
"CDK9","PTPN6","TBL1XR1"
"CDK9","MAPK14","TBL1XR1"
"CDK9","PLK1","TBL1XR1"
"CDK9","TGFBR1","TBL1XR1"
"CDK9","CDK2","TBL1XR1"
"CDK9","RPS6KA1","TBL1XR1"
"CDK9","PAK6","TBL1XR1"
"CDK9","GSK3B","TBL1XR1"
"CDK9","PPP1R2","TBL1XR1"
"CDK9","MAP3K1","TBL1XR1"
"CDK9","PRKD1","TBL1XR1"
"CDK9","IRS1","TBL1XR1"
"CDK9","PIK3CA","TBL1XR1"
"CDK9","RNF111","TBL1XR1"
"CDK9","RASSF1","TBL1XR1"
"CDK9","ADRA2A","TBL1XR1"
"CDK9","CDK3","TBL1XR1"
"CDK9","GRB2","TBL1XR1"
"CDK9","ZAP70","TBL1XR1"
"CDK9","SHC1","TBL1XR1"
"CDK9","AXIN1","TBL1XR1"
"CDK9","CDC25C","TBL1XR1"
"CDK9","LAT","TBL1XR1"
"CDK9","GAB1","TBL1XR1"
"CDK9","ESR1","TBL1XR1"
"CDK9","ARRB2","TBL1XR1"
"CDK9","CD28","TBL1XR1"
"CDK9","INPP5D","TBL1XR1"
"CDK9","GAB2","TBL1XR1"
"CDK9","FGFR2","TBL1XR1"
"CDK9","GRB10","TBL1XR1"
"CDK9","GRM5","TBL1XR1"
"CDK9","PIK3CG","TBL1XR1"
"CDK9","PPP1R14A","TBL1XR1"
"CDK9","PPP1R14B","TBL1XR1"
"CDK9","GSK3B/Axin/APC","APC-c"
"CDK9","AURKA","APC-c"
"CDK9","PRKCD","APC-c"
"CDK9","CSNK2A1","APC-c"
"CDK9","PRKCA","APC-c"
"CDK9","PTPN6","APC-c"
"CDK9","MAPK14","APC-c"
"CDK9","ERK1/2","APC-c"
"CDK9","Gbeta","APC-c"
"CDK9","TGFBR1","APC-c"
"CDK9","ABL1","APC-c"
"CDK9","MAP3K1","APC-c"
"CDK9","PRKD1","APC-c"
"CDK9","PTK2","APC-c"
"CDK9","RNF111","APC-c"
"CDK9","RASSF1","APC-c"
"CDK9","ADRA2A","APC-c"
"CDK9","PTK6","APC-c"
"CDK9","NCOA2","APC-c"
"CDK9","AXIN1","APC-c"
"CDK9","MAPKAPK5","APC-c"
"CDK9","LAT","APC-c"
"CDK9","ESR1","APC-c"
"CDK9","NR3C1","APC-c"
"CDK9","MGluR","APC-c"
"CDK9","INPP5D","APC-c"
"CDK9","GAB2","APC-c"
"CDK9","NF2","APC-c"
"CDK9","GRM5","APC-c"
"CDK9","PIK3CG","APC-c"
"CDK9","PPP1R14A","APC-c"
"CDK9","PPP1R14B","APC-c"
"CDK9","GSK3B/Axin/APC","NKX3-1"
"CDK9","AURKA","NKX3-1"
"CDK9","CSNK2A1","NKX3-1"
"CDK9","PRKCA","NKX3-1"
"CDK9","PTPN6","NKX3-1"
"CDK9","ERK1/2","NKX3-1"
"CDK9","CSNK1D","NKX3-1"
"CDK9","PLK1","NKX3-1"
"CDK9","ABL1","NKX3-1"
"CDK9","CDK2","NKX3-1"
"CDK9","RPS6KA1","NKX3-1"
"CDK9","PAK6","NKX3-1"
"CDK9","AKT","NKX3-1"
"CDK9","CDK3","NKX3-1"
"CDK9","PTK6","NKX3-1"
"CDK9","MAPKAPK5","NKX3-1"
"CDK9","CDC25C","NKX3-1"
"CDK9","ARRB2","NKX3-1"
"CDK9","PRKCD","TNK1"
"CDK9","CSNK2A1","TNK1"
"CDK9","CDK1","TNK1"
"CDK9","PRKCA","TNK1"
"CDK9","PTPN6","TNK1"
"CDK9","MAPK14","TNK1"
"CDK9","PTPRC","TNK1"
"CDK9","Gbeta","TNK1"
"CDK9","CSNK1D","TNK1"
"CDK9","PLK1","TNK1"
"CDK9","LCK","TNK1"
"CDK9","TGFBR1","TNK1"
"CDK9","PAK6","TNK1"
"CDK9","PPP1R2","TNK1"
"CDK9","CDK5","TNK1"
"CDK9","AKT","TNK1"
"CDK9","PRKD1","TNK1"
"CDK9","PIK3CA","TNK1"
"CDK9","PTK2","TNK1"
"CDK9","CyclinE/CDK2","TNK1"
"CDK9","RNF111","TNK1"
"CDK9","RASSF1","TNK1"
"CDK9","CDK3","TNK1"
"CDK9","GRB2","TNK1"
"CDK9","PTK6","TNK1"
"CDK9","NCOA2","TNK1"
"CDK9","TRAF6","TNK1"
"CDK9","SHC1","TNK1"
"CDK9","AXIN1","TNK1"
"CDK9","MAPKAPK5","TNK1"
"CDK9","CDC25C","TNK1"
"CDK9","LAT","TNK1"
"CDK9","GAB1","TNK1"
"CDK9","ARRB2","TNK1"
"CDK9","CD28","TNK1"
"CDK9","NR3C1","TNK1"
"CDK9","MGluR","TNK1"
"CDK9","INPP5D","TNK1"
"CDK9","GAB2","TNK1"
"CDK9","NF2","TNK1"
"CDK9","PIK3CG","TNK1"
"CDK9","PPP1R14A","TNK1"
"CDK9","BORA","TNK1"
"CDK9","PEBP1","TNK1"
"CDK9","PPP1R14B","TNK1"
"CDK9","MAPK3","SPEN"
"CDK9","AURKA","SPEN"
"CDK9","CSNK2A1","SPEN"
"CDK9","CDK1","SPEN"
"CDK9","PTPN6","SPEN"
"CDK9","Gbeta","SPEN"
"CDK9","PLK1","SPEN"
"CDK9","TGFBR1","SPEN"
"CDK9","PAK6","SPEN"
"CDK9","GSK3B","SPEN"
"CDK9","PIK3CA","SPEN"
"CDK9","PTK2","SPEN"
"CDK9","CyclinE/CDK2","SPEN"
"CDK9","CDK3","SPEN"
"CDK9","PTK6","SPEN"
"CDK9","TRAF6","SPEN"
"CDK9","SHC1","SPEN"
"CDK9","AXIN1","SPEN"
"CDK9","MAPKAPK5","SPEN"
"CDK9","CDK6","SPEN"
"CDK9","CDC25C","SPEN"
"CDK9","ESR1","SPEN"
"CDK9","ARRB2","SPEN"
"CDK9","CD28","SPEN"
"CDK9","INPP5D","SPEN"
"CDK9","NF2","SPEN"
"CDK9","GRB10","SPEN"
"CDK9","GRM5","SPEN"
"CDK9","ABI1","SPEN"
"CDK9","BORA","SPEN"
"CDK9","PPP1R14B","SPEN"
"CDK9","MAPK3","NFKB1"
"CDK9","GSK3B/Axin/APC","NFKB1"
"CDK9","AURKA","NFKB1"
"CDK9","PRKCD","NFKB1"
"CDK9","MAPK1","NFKB1"
"CDK9","CSNK2A1","NFKB1"
"CDK9","CDK1","NFKB1"
"CDK9","PTPN6","NFKB1"
"CDK9","MAPK14","NFKB1"
"CDK9","ERK1/2","NFKB1"
"CDK9","Gbeta","NFKB1"
"CDK9","CSNK1D","NFKB1"
"CDK9","PLK1","NFKB1"
"CDK9","TGFBR1","NFKB1"
"CDK9","CDK2","NFKB1"
"CDK9","RPS6KA1","NFKB1"
"CDK9","PAK6","NFKB1"
"CDK9","GSK3B","NFKB1"
"CDK9","PPP1R2","NFKB1"
"CDK9","CDK5","NFKB1"
"CDK9","MAP3K1","NFKB1"
"CDK9","AKT","NFKB1"
"CDK9","IRS1","NFKB1"
"CDK9","PIK3CA","NFKB1"
"CDK9","PTK2","NFKB1"
"CDK9","CyclinE/CDK2","NFKB1"
"CDK9","RNF111","NFKB1"
"CDK9","mTORC1","NFKB1"
"CDK9","RASSF1","NFKB1"
"CDK9","ADRA2A","NFKB1"
"CDK9","CDK3","NFKB1"
"CDK9","GRB2","NFKB1"
"CDK9","PTK6","NFKB1"
"CDK9","TRAF6","NFKB1"
"CDK9","SHC1","NFKB1"
"CDK9","CDK6","NFKB1"
"CDK9","CDC25C","NFKB1"
"CDK9","LAT","NFKB1"
"CDK9","GAB1","NFKB1"
"CDK9","ESR1","NFKB1"
"CDK9","GRB10","NFKB1"
"CDK9","PIK3CG","NFKB1"
"CDK9","PPP1R14A","NFKB1"
"CDK9","ABI1","NFKB1"
"CDK9","PRKCD","DNM1L"
"CDK9","PTPRC","DNM1L"
"CDK9","TGFBR1","DNM1L"
"CDK9","ABL1","DNM1L"
"CDK9","CDK2","DNM1L"
"CDK9","RPS6KA1","DNM1L"
"CDK9","PRKD1","DNM1L"
"CDK9","ADRA2A","DNM1L"
"CDK9","CDK3","DNM1L"
"CDK9","GRB2","DNM1L"
"CDK9","NCOA2","DNM1L"
"CDK9","TRAF6","DNM1L"
"CDK9","AXIN1","DNM1L"
"CDK9","CDC25C","DNM1L"
"CDK9","CDC25B","DNM1L"
"CDK9","NR3C1","DNM1L"
"CDK9","MGluR","DNM1L"
"CDK9","GRB10","DNM1L"
"CDK9","PIK3CG","DNM1L"
"CDK9","ABI1","DNM1L"
"CDK9","PEBP1","DNM1L"
"CDK9","MAPK3","SUZ12/EZH2"
"CDK9","AURKA","SUZ12/EZH2"
"CDK9","ERK1/2","SUZ12/EZH2"
"CDK9","TGFBR1","SUZ12/EZH2"
"CDK9","MAP3K1","SUZ12/EZH2"
"CDK9","IRS1","SUZ12/EZH2"
"CDK9","PTK2","SUZ12/EZH2"
"CDK9","ADRA2A","SUZ12/EZH2"
"CDK9","AXIN1","SUZ12/EZH2"
"CDK9","CDC25B","SUZ12/EZH2"
"CDK9","LAT","SUZ12/EZH2"
"CDK9","PTPRA","SUZ12/EZH2"
"CDK9","ARRB2","SUZ12/EZH2"
"CDK9","CD28","SUZ12/EZH2"
"CDK9","MGluR","SUZ12/EZH2"
"CDK9","INPP5D","SUZ12/EZH2"
"CDK9","GAB2","SUZ12/EZH2"
"CDK9","FGFR2","SUZ12/EZH2"
"CDK9","GRB10","SUZ12/EZH2"
"CDK9","GRM5","SUZ12/EZH2"
"CDK9","PIK3CG","SUZ12/EZH2"
"CDK9","PPP1R14A","SUZ12/EZH2"
"CDK9","PEBP1","SUZ12/EZH2"
"CDK9","PPP1R14B","SUZ12/EZH2"
"CDK9","AURKA","FOS"
"CDK9","PTPN6","FOS"
"CDK9","PTPRC","FOS"
"CDK9","ERK1/2","FOS"
"CDK9","Gbeta","FOS"
"CDK9","LCK","FOS"
"CDK9","TGFBR1","FOS"
"CDK9","ABL1","FOS"
"CDK9","CDK2","FOS"
"CDK9","PAK6","FOS"
"CDK9","GSK3B","FOS"
"CDK9","PPP1R2","FOS"
"CDK9","CDK5","FOS"
"CDK9","PRKD1","FOS"
"CDK9","PIK3CA","FOS"
"CDK9","PTK2","FOS"
"CDK9","CyclinE/CDK2","FOS"
"CDK9","RNF111","FOS"
"CDK9","mTORC1","FOS"
"CDK9","RASSF1","FOS"
"CDK9","ADRA2A","FOS"
"CDK9","GRB2","FOS"
"CDK9","NCOA2","FOS"
"CDK9","SHC1","FOS"
"CDK9","AXIN1","FOS"
"CDK9","CDK6","FOS"
"CDK9","GAB1","FOS"
"CDK9","ESR1","FOS"
"CDK9","CD28","FOS"
"CDK9","NR3C1","FOS"
"CDK9","MGluR","FOS"
"CDK9","INPP5D","FOS"
"CDK9","GAB2","FOS"
"CDK9","FGFR2","FOS"
"CDK9","GRM5","FOS"
"CDK9","PIK3CG","FOS"
"CDK9","PPP1R14A","FOS"
"CDK9","ABI1","FOS"
"CDK9","BORA","FOS"
"CDK9","MAPK3","CEBPA"
"CDK9","GSK3B/Axin/APC","CEBPA"
"CDK9","AURKA","CEBPA"
"CDK9","PRKCD","CEBPA"
"CDK9","MAPK1","CEBPA"
"CDK9","CSNK2A1","CEBPA"
"CDK9","PTPRC","CEBPA"
"CDK9","ERK1/2","CEBPA"
"CDK9","Gbeta","CEBPA"
"CDK9","CSNK1D","CEBPA"
"CDK9","PLK1","CEBPA"
"CDK9","LCK","CEBPA"
"CDK9","ABL1","CEBPA"
"CDK9","RPS6KA1","CEBPA"
"CDK9","PAK6","CEBPA"
"CDK9","GSK3B","CEBPA"
"CDK9","CDK5","CEBPA"
"CDK9","AKT","CEBPA"
"CDK9","PRKD1","CEBPA"
"CDK9","IRS1","CEBPA"
"CDK9","PIK3CA","CEBPA"
"CDK9","mTORC1","CEBPA"
"CDK9","RASSF1","CEBPA"
"CDK9","ADRA2A","CEBPA"
"CDK9","CDK3","CEBPA"
"CDK9","ZAP70","CEBPA"
"CDK9","NCOA2","CEBPA"
"CDK9","TRAF6","CEBPA"
"CDK9","SHC1","CEBPA"
"CDK9","AXIN1","CEBPA"
"CDK9","CDC25C","CEBPA"
"CDK9","ESR1","CEBPA"
"CDK9","ARRB2","CEBPA"
"CDK9","NR3C1","CEBPA"
"CDK9","INPP5D","CEBPA"
"CDK9","GAB2","CEBPA"
"CDK9","NF2","CEBPA"
"CDK9","PPP1R14A","CEBPA"
"CDK9","BORA","CEBPA"
"CDK9","MAPK3","ALDH2"
"CDK9","CSNK2A1","ALDH2"
"CDK9","CDK1","ALDH2"
"CDK9","RPS6KA1","ALDH2"
"CDK9","CDK5","ALDH2"
"CDK9","IRS1","ALDH2"
"CDK9","RASSF1","ALDH2"
"CDK9","PTK6","ALDH2"
"CDK9","NCOA2","ALDH2"
"CDK9","SHC1","ALDH2"
"CDK9","AXIN1","ALDH2"
"CDK9","LAT","ALDH2"
"CDK9","PTPRA","ALDH2"
"CDK9","ESR1","ALDH2"
"CDK9","ARRB2","ALDH2"
"CDK9","NR3C1","ALDH2"
"CDK9","MGluR","ALDH2"
"CDK9","NF2","ALDH2"
"CDK9","PIK3CG","ALDH2"
"CDK9","GSK3B/Axin/APC","GFAP"
"CDK9","PRKCD","GFAP"
"CDK9","PTPRC","GFAP"
"CDK9","ERK1/2","GFAP"
"CDK9","Gbeta","GFAP"
"CDK9","CSNK1D","GFAP"
"CDK9","LCK","GFAP"
"CDK9","TGFBR1","GFAP"
"CDK9","CDK2","GFAP"
"CDK9","RPS6KA1","GFAP"
"CDK9","PAK6","GFAP"
"CDK9","GSK3B","GFAP"
"CDK9","PPP1R2","GFAP"
"CDK9","CDK5","GFAP"
"CDK9","RNF111","GFAP"
"CDK9","RASSF1","GFAP"
"CDK9","GRB2","GFAP"
"CDK9","PTK6","GFAP"
"CDK9","ZAP70","GFAP"
"CDK9","TRAF6","GFAP"
"CDK9","PTPRA","GFAP"
"CDK9","ESR1","GFAP"
"CDK9","FGFR2","GFAP"
"CDK9","GRM5","GFAP"
"CDK9","PIK3CG","GFAP"
"CDK9","PPP1R14B","GFAP"
"CDK9","MAPK3","Cullin 1-RBX1-Skp1"
"CDK9","CSNK2A1","Cullin 1-RBX1-Skp1"
"CDK9","PRKCA","Cullin 1-RBX1-Skp1"
"CDK9","ERK1/2","Cullin 1-RBX1-Skp1"
"CDK9","CDK5","Cullin 1-RBX1-Skp1"
"CDK9","MAP3K1","Cullin 1-RBX1-Skp1"
"CDK9","AKT","Cullin 1-RBX1-Skp1"
"CDK9","IRS1","Cullin 1-RBX1-Skp1"
"CDK9","RNF111","Cullin 1-RBX1-Skp1"
"CDK9","RASSF1","Cullin 1-RBX1-Skp1"
"CDK9","ADRA2A","Cullin 1-RBX1-Skp1"
"CDK9","PTK6","Cullin 1-RBX1-Skp1"
"CDK9","NCOA2","Cullin 1-RBX1-Skp1"
"CDK9","SHC1","Cullin 1-RBX1-Skp1"
"CDK9","AXIN1","Cullin 1-RBX1-Skp1"
"CDK9","MAPKAPK5","Cullin 1-RBX1-Skp1"
"CDK9","CDC25C","Cullin 1-RBX1-Skp1"
"CDK9","GAB1","Cullin 1-RBX1-Skp1"
"CDK9","ESR1","Cullin 1-RBX1-Skp1"
"CDK9","ARRB2","Cullin 1-RBX1-Skp1"
"CDK9","MGluR","Cullin 1-RBX1-Skp1"
"CDK9","GAB2","Cullin 1-RBX1-Skp1"
"CDK9","FGFR2","Cullin 1-RBX1-Skp1"
"CDK9","NF2","Cullin 1-RBX1-Skp1"
"CDK9","GRM5","Cullin 1-RBX1-Skp1"
"CDK9","PIK3CG","Cullin 1-RBX1-Skp1"
"CDK9","PPP1R14A","Cullin 1-RBX1-Skp1"
"CDK9","LCK","KHSRP"
"CDK9","NCOA2","KHSRP"
"CDK9","NR3C1","KHSRP"
"CDK9","GSK3B","ATF6"
"CDK9","MAPK3","PPIF"
"CDK9","GSK3B/Axin/APC","PPIF"
"CDK9","AURKA","PPIF"
"CDK9","MAPK1","PPIF"
"CDK9","CSNK2A1","PPIF"
"CDK9","CDK1","PPIF"
"CDK9","PRKCA","PPIF"
"CDK9","MAPK14","PPIF"
"CDK9","PTPRC","PPIF"
"CDK9","ERK1/2","PPIF"
"CDK9","Gbeta","PPIF"
"CDK9","PLK1","PPIF"
"CDK9","ABL1","PPIF"
"CDK9","CDK2","PPIF"
"CDK9","RPS6KA1","PPIF"
"CDK9","PAK6","PPIF"
"CDK9","AKT","PPIF"
"CDK9","IRS1","PPIF"
"CDK9","PIK3CA","PPIF"
"CDK9","RASSF1","PPIF"
"CDK9","ADRA2A","PPIF"
"CDK9","ZAP70","PPIF"
"CDK9","NCOA2","PPIF"
"CDK9","SHC1","PPIF"
"CDK9","LAT","PPIF"
"CDK9","ESR1","PPIF"
"CDK9","MGluR","PPIF"
"CDK9","FGFR2","PPIF"
"CDK9","NF2","PPIF"
"CDK9","GRB10","PPIF"
"CDK9","PPP1R14A","PPIF"
"CDK9","ABI1","PPIF"
"CDK9","BORA","PPIF"
"CDK9","PEBP1","PPIF"
"CDK9","GSK3B/Axin/APC","TNIP1"
"CDK9","AURKA","TNIP1"
"CDK9","MAPK1","TNIP1"
"CDK9","CDK1","TNIP1"
"CDK9","PRKCA","TNIP1"
"CDK9","Gbeta","TNIP1"
"CDK9","PLK1","TNIP1"
"CDK9","GSK3B","TNIP1"
"CDK9","CDK5","TNIP1"
"CDK9","PRKD1","TNIP1"
"CDK9","PTK2","TNIP1"
"CDK9","CyclinE/CDK2","TNIP1"
"CDK9","RNF111","TNIP1"
"CDK9","RASSF1","TNIP1"
"CDK9","TRAF6","TNIP1"
"CDK9","AXIN1","TNIP1"
"CDK9","MAPKAPK5","TNIP1"
"CDK9","LAT","TNIP1"
"CDK9","GAB1","TNIP1"
"CDK9","ESR1","TNIP1"
"CDK9","PRKCA","TP53BP1"
"CDK9","PAK6","TP53BP1"
"CDK9","CDK5","TP53BP1"
"CDK9","RNF111","TP53BP1"
"CDK9","mTORC1","TP53BP1"
"CDK9","RASSF1","TP53BP1"
"CDK9","TRAF6","TP53BP1"
"CDK9","AXIN1","TP53BP1"
"CDK9","MAPKAPK5","TP53BP1"
"CDK9","CDK6","TP53BP1"
"CDK9","CDC25C","TP53BP1"
"CDK9","ESR1","TP53BP1"
"CDK9","ARRB2","TP53BP1"
"CDK9","GAB2","TP53BP1"
"CDK9","NF2","TP53BP1"
"CDK9","GRB10","TP53BP1"
"CDK9","GRM5","TP53BP1"
"CDK9","PIK3CG","TP53BP1"
"CDK9","PRKCD","NFKB2"
"CDK9","MAPK1","NFKB2"
"CDK9","CSNK2A1","NFKB2"
"CDK9","PTPN6","NFKB2"
"CDK9","MAPK14","NFKB2"
"CDK9","PTPRC","NFKB2"
"CDK9","ERK1/2","NFKB2"
"CDK9","Gbeta","NFKB2"
"CDK9","CSNK1D","NFKB2"
"CDK9","LCK","NFKB2"
"CDK9","TGFBR1","NFKB2"
"CDK9","PAK6","NFKB2"
"CDK9","AKT","NFKB2"
"CDK9","PRKD1","NFKB2"
"CDK9","PIK3CA","NFKB2"
"CDK9","PTK2","NFKB2"
"CDK9","CyclinE/CDK2","NFKB2"
"CDK9","mTORC1","NFKB2"
"CDK9","RASSF1","NFKB2"
"CDK9","ADRA2A","NFKB2"
"CDK9","PTK6","NFKB2"
"CDK9","ZAP70","NFKB2"
"CDK9","SHC1","NFKB2"
"CDK9","AXIN1","NFKB2"
"CDK9","CDC25C","NFKB2"
"CDK9","LAT","NFKB2"
"CDK9","PTPRA","NFKB2"
"CDK9","NR3C1","NFKB2"
"CDK9","INPP5D","NFKB2"
"CDK9","PIK3CG","NFKB2"
"CDK9","PPP1R14A","NFKB2"
"CDK9","ABI1","NFKB2"
"CDK9","BORA","NFKB2"
"CDK9","MAPK3","BLVRA"
"CDK9","AURKA","BLVRA"
"CDK9","Gbeta","BLVRA"
"CDK9","CSNK1D","BLVRA"
"CDK9","PLK1","BLVRA"
"CDK9","TGFBR1","BLVRA"
"CDK9","RPS6KA1","BLVRA"
"CDK9","PAK6","BLVRA"
"CDK9","PPP1R2","BLVRA"
"CDK9","CDK5","BLVRA"
"CDK9","AKT","BLVRA"
"CDK9","PRKD1","BLVRA"
"CDK9","PIK3CA","BLVRA"
"CDK9","PTK2","BLVRA"
"CDK9","CyclinE/CDK2","BLVRA"
"CDK9","RNF111","BLVRA"
"CDK9","RASSF1","BLVRA"
"CDK9","ADRA2A","BLVRA"
"CDK9","CDK3","BLVRA"
"CDK9","GRB2","BLVRA"
"CDK9","PTK6","BLVRA"
"CDK9","TRAF6","BLVRA"
"CDK9","MAPKAPK5","BLVRA"
"CDK9","CDK6","BLVRA"
"CDK9","CDC25C","BLVRA"
"CDK9","CDC25B","BLVRA"
"CDK9","GAB1","BLVRA"
"CDK9","ESR1","BLVRA"
"CDK9","ARRB2","BLVRA"
"CDK9","INPP5D","BLVRA"
"CDK9","GAB2","BLVRA"
"CDK9","FGFR2","BLVRA"
"CDK9","NF2","BLVRA"
"CDK9","GRB10","BLVRA"
"CDK9","PIK3CG","BLVRA"
"CDK9","PPP1R14A","BLVRA"
"CDK9","ABI1","BLVRA"
"CDK9","AURKA","APC"
"CDK9","CSNK2A1","APC"
"CDK9","CDK1","APC"
"CDK9","MAPK14","APC"
"CDK9","PTPRC","APC"
"CDK9","ERK1/2","APC"
"CDK9","PLK1","APC"
"CDK9","CDK2","APC"
"CDK9","PAK6","APC"
"CDK9","GSK3B","APC"
"CDK9","PPP1R2","APC"
"CDK9","PRKD1","APC"
"CDK9","PIK3CA","APC"
"CDK9","GRB2","APC"
"CDK9","GAB1","APC"
"CDK9","ESR1","APC"
"CDK9","MGluR","APC"
"CDK9","NF2","APC"
"CDK9","GRM5","APC"
"CDK9","ABI1","APC"
"CDK9","PEBP1","APC"
"CDK9","PPP1R14B","APC"
"CDK9","MAPK1","CASP8"
"CDK9","CSNK2A1","CASP8"
"CDK9","CDK1","CASP8"
"CDK9","PLK1","CASP8"
"CDK9","LCK","CASP8"
"CDK9","TGFBR1","CASP8"
"CDK9","ABL1","CASP8"
"CDK9","CDK5","CASP8"
"CDK9","MAP3K1","CASP8"
"CDK9","AKT","CASP8"
"CDK9","PRKD1","CASP8"
"CDK9","PTK2","CASP8"
"CDK9","CyclinE/CDK2","CASP8"
"CDK9","RASSF1","CASP8"
"CDK9","ADRA2A","CASP8"
"CDK9","ZAP70","CASP8"
"CDK9","CDK6","CASP8"
"CDK9","CDC25C","CASP8"
"CDK9","CDC25B","CASP8"
"CDK9","LAT","CASP8"
"CDK9","GAB1","CASP8"
"CDK9","ESR1","CASP8"
"CDK9","ARRB2","CASP8"
"CDK9","NF2","CASP8"
"CDK9","GRB10","CASP8"
"CDK9","PIK3CG","CASP8"
"CDK9","ABI1","CASP8"
"CDK9","MAPK3","MKNK2"
"CDK9","GSK3B/Axin/APC","MKNK2"
"CDK9","AURKA","MKNK2"
"CDK9","CSNK2A1","MKNK2"
"CDK9","PRKCA","MKNK2"
"CDK9","PTPN6","MKNK2"
"CDK9","PTPRC","MKNK2"
"CDK9","ERK1/2","MKNK2"
"CDK9","CSNK1D","MKNK2"
"CDK9","TGFBR1","MKNK2"
"CDK9","CDK2","MKNK2"
"CDK9","RPS6KA1","MKNK2"
"CDK9","PAK6","MKNK2"
"CDK9","GSK3B","MKNK2"
"CDK9","AKT","MKNK2"
"CDK9","PRKD1","MKNK2"
"CDK9","IRS1","MKNK2"
"CDK9","PIK3CA","MKNK2"
"CDK9","ADRA2A","MKNK2"
"CDK9","CDK3","MKNK2"
"CDK9","PTK6","MKNK2"
"CDK9","TRAF6","MKNK2"
"CDK9","SHC1","MKNK2"
"CDK9","MAPKAPK5","MKNK2"
"CDK9","CDC25C","MKNK2"
"CDK9","CDC25B","MKNK2"
"CDK9","LAT","MKNK2"
"CDK9","GAB1","MKNK2"
"CDK9","ESR1","MKNK2"
"CDK9","PPP1R14A","MKNK2"
"CDK9","ABI1","MKNK2"
"CDK9","BORA","MKNK2"
"CDK9","PEBP1","MKNK2"
"CDK9","PPP1R14B","MKNK2"
"CDK9","MAPK3","PPP1R3A"
"CDK9","AURKA","PPP1R3A"
"CDK9","MAPK14","PPP1R3A"
"CDK9","PTPRC","PPP1R3A"
"CDK9","ERK1/2","PPP1R3A"
"CDK9","Gbeta","PPP1R3A"
"CDK9","CSNK1D","PPP1R3A"
"CDK9","PLK1","PPP1R3A"
"CDK9","LCK","PPP1R3A"
"CDK9","TGFBR1","PPP1R3A"
"CDK9","ABL1","PPP1R3A"
"CDK9","CDK2","PPP1R3A"
"CDK9","RPS6KA1","PPP1R3A"
"CDK9","PAK6","PPP1R3A"
"CDK9","PPP1R2","PPP1R3A"
"CDK9","CDK5","PPP1R3A"
"CDK9","MAP3K1","PPP1R3A"
"CDK9","PRKD1","PPP1R3A"
"CDK9","IRS1","PPP1R3A"
"CDK9","PIK3CA","PPP1R3A"
"CDK9","PTK2","PPP1R3A"
"CDK9","CyclinE/CDK2","PPP1R3A"
"CDK9","RNF111","PPP1R3A"
"CDK9","mTORC1","PPP1R3A"
"CDK9","RASSF1","PPP1R3A"
"CDK9","ADRA2A","PPP1R3A"
"CDK9","CDK3","PPP1R3A"
"CDK9","GRB2","PPP1R3A"
"CDK9","ZAP70","PPP1R3A"
"CDK9","TRAF6","PPP1R3A"
"CDK9","SHC1","PPP1R3A"
"CDK9","AXIN1","PPP1R3A"
"CDK9","MAPKAPK5","PPP1R3A"
"CDK9","CDC25C","PPP1R3A"
"CDK9","CDC25B","PPP1R3A"
"CDK9","LAT","PPP1R3A"
"CDK9","PTPRA","PPP1R3A"
"CDK9","ESR1","PPP1R3A"
"CDK9","ARRB2","PPP1R3A"
"CDK9","CD28","PPP1R3A"
"CDK9","MGluR","PPP1R3A"
"CDK9","INPP5D","PPP1R3A"
"CDK9","GAB2","PPP1R3A"
"CDK9","FGFR2","PPP1R3A"
"CDK9","NF2","PPP1R3A"
"CDK9","GRB10","PPP1R3A"
"CDK9","GRM5","PPP1R3A"
"CDK9","PPP1R14A","PPP1R3A"
"CDK9","BORA","PPP1R3A"
"CDK9","PPP1R14B","PPP1R3A"
"CDK9","PRKCD","DYNLL1"
"CDK9","MAPK1","DYNLL1"
"CDK9","CSNK2A1","DYNLL1"
"CDK9","PRKCA","DYNLL1"
"CDK9","ERK1/2","DYNLL1"
"CDK9","CSNK1D","DYNLL1"
"CDK9","TGFBR1","DYNLL1"
"CDK9","ABL1","DYNLL1"
"CDK9","PPP1R2","DYNLL1"
"CDK9","PTK2","DYNLL1"
"CDK9","ZAP70","DYNLL1"
"CDK9","SHC1","DYNLL1"
"CDK9","AXIN1","DYNLL1"
"CDK9","CDK6","DYNLL1"
"CDK9","LAT","DYNLL1"
"CDK9","ESR1","DYNLL1"
"CDK9","ARRB2","DYNLL1"
"CDK9","NR3C1","DYNLL1"
"CDK9","MGluR","DYNLL1"
"CDK9","INPP5D","DYNLL1"
"CDK9","NF2","DYNLL1"
"CDK9","GRM5","DYNLL1"
"CDK9","PIK3CG","DYNLL1"
"CDK9","PPP1R14A","DYNLL1"
"CDK9","ABI1","DYNLL1"
"CDK9","PEBP1","DYNLL1"
"CDK9","MAPK3","RCSD1"
"CDK9","GSK3B/Axin/APC","RCSD1"
"CDK9","AURKA","RCSD1"
"CDK9","MAPK1","RCSD1"
"CDK9","CSNK2A1","RCSD1"
"CDK9","CDK1","RCSD1"
"CDK9","PTPN6","RCSD1"
"CDK9","PTPRC","RCSD1"
"CDK9","CSNK1D","RCSD1"
"CDK9","PLK1","RCSD1"
"CDK9","LCK","RCSD1"
"CDK9","ABL1","RCSD1"
"CDK9","PAK6","RCSD1"
"CDK9","GSK3B","RCSD1"
"CDK9","CDK5","RCSD1"
"CDK9","PRKD1","RCSD1"
"CDK9","PTK2","RCSD1"
"CDK9","CyclinE/CDK2","RCSD1"
"CDK9","ADRA2A","RCSD1"
"CDK9","CDK3","RCSD1"
"CDK9","ZAP70","RCSD1"
"CDK9","NCOA2","RCSD1"
"CDK9","TRAF6","RCSD1"
"CDK9","AXIN1","RCSD1"
"CDK9","MAPKAPK5","RCSD1"
"CDK9","CDK6","RCSD1"
"CDK9","CDC25C","RCSD1"
"CDK9","PTPRA","RCSD1"
"CDK9","ESR1","RCSD1"
"CDK9","ARRB2","RCSD1"
"CDK9","GAB2","RCSD1"
"CDK9","FGFR2","RCSD1"
"CDK9","NF2","RCSD1"
"CDK9","GRB10","RCSD1"
"CDK9","GRM5","RCSD1"
"CDK9","PIK3CG","RCSD1"
"CDK9","PPP1R14A","RCSD1"
"CDK9","BORA","RCSD1"
"CDK9","PEBP1","RCSD1"
"CDK9","GSK3B/Axin/APC","CEBPB"
"CDK9","AURKA","CEBPB"
"CDK9","PRKCD","CEBPB"
"CDK9","CSNK2A1","CEBPB"
"CDK9","CDK1","CEBPB"
"CDK9","PRKCA","CEBPB"
"CDK9","MAPK14","CEBPB"
"CDK9","PTPRC","CEBPB"
"CDK9","CSNK1D","CEBPB"
"CDK9","LCK","CEBPB"
"CDK9","TGFBR1","CEBPB"
"CDK9","CDK2","CEBPB"
"CDK9","PAK6","CEBPB"
"CDK9","GSK3B","CEBPB"
"CDK9","PPP1R2","CEBPB"
"CDK9","MAP3K1","CEBPB"
"CDK9","AKT","CEBPB"
"CDK9","PRKD1","CEBPB"
"CDK9","IRS1","CEBPB"
"CDK9","PIK3CA","CEBPB"
"CDK9","CyclinE/CDK2","CEBPB"
"CDK9","RNF111","CEBPB"
"CDK9","mTORC1","CEBPB"
"CDK9","CDK3","CEBPB"
"CDK9","GRB2","CEBPB"
"CDK9","TRAF6","CEBPB"
"CDK9","SHC1","CEBPB"
"CDK9","MAPKAPK5","CEBPB"
"CDK9","CDC25B","CEBPB"
"CDK9","LAT","CEBPB"
"CDK9","PTPRA","CEBPB"
"CDK9","ESR1","CEBPB"
"CDK9","ARRB2","CEBPB"
"CDK9","CD28","CEBPB"
"CDK9","NR3C1","CEBPB"
"CDK9","MGluR","CEBPB"
"CDK9","INPP5D","CEBPB"
"CDK9","NF2","CEBPB"
"CDK9","GRB10","CEBPB"
"CDK9","GRM5","CEBPB"
"CDK9","BORA","CEBPB"
"CDK9","PEBP1","CEBPB"
"CDK9","PPP1R14B","CEBPB"
"CDK9","GSK3B/Axin/APC","EIF4B"
"CDK9","AURKA","EIF4B"
"CDK9","PRKCD","EIF4B"
"CDK9","MAPK1","EIF4B"
"CDK9","CSNK2A1","EIF4B"
"CDK9","PTPN6","EIF4B"
"CDK9","MAPK14","EIF4B"
"CDK9","PTPRC","EIF4B"
"CDK9","ERK1/2","EIF4B"
"CDK9","Gbeta","EIF4B"
"CDK9","CSNK1D","EIF4B"
"CDK9","PLK1","EIF4B"
"CDK9","TGFBR1","EIF4B"
"CDK9","ABL1","EIF4B"
"CDK9","RPS6KA1","EIF4B"
"CDK9","CDK5","EIF4B"
"CDK9","PRKD1","EIF4B"
"CDK9","IRS1","EIF4B"
"CDK9","PIK3CA","EIF4B"
"CDK9","PTK2","EIF4B"
"CDK9","CyclinE/CDK2","EIF4B"
"CDK9","RNF111","EIF4B"
"CDK9","RASSF1","EIF4B"
"CDK9","ADRA2A","EIF4B"
"CDK9","CDK3","EIF4B"
"CDK9","GRB2","EIF4B"
"CDK9","ZAP70","EIF4B"
"CDK9","SHC1","EIF4B"
"CDK9","CDC25C","EIF4B"
"CDK9","CDC25B","EIF4B"
"CDK9","LAT","EIF4B"
"CDK9","PTPRA","EIF4B"
"CDK9","CD28","EIF4B"
"CDK9","NR3C1","EIF4B"
"CDK9","INPP5D","EIF4B"
"CDK9","GAB2","EIF4B"
"CDK9","FGFR2","EIF4B"
"CDK9","GRM5","EIF4B"
"CDK9","PIK3CG","EIF4B"
"CDK9","BORA","EIF4B"
"CDK9","PPP1R14B","EIF4B"
"CDK9","MAPK3","PLCB1"
"CDK9","GSK3B/Axin/APC","PLCB1"
"CDK9","CSNK2A1","PLCB1"
"CDK9","PTPRC","PLCB1"
"CDK9","ERK1/2","PLCB1"
"CDK9","ABL1","PLCB1"
"CDK9","CDK2","PLCB1"
"CDK9","RPS6KA1","PLCB1"
"CDK9","PPP1R2","PLCB1"
"CDK9","PRKD1","PLCB1"
"CDK9","IRS1","PLCB1"
"CDK9","PIK3CA","PLCB1"
"CDK9","PTK2","PLCB1"
"CDK9","CyclinE/CDK2","PLCB1"
"CDK9","mTORC1","PLCB1"
"CDK9","CDK3","PLCB1"
"CDK9","GRB2","PLCB1"
"CDK9","PTK6","PLCB1"
"CDK9","ZAP70","PLCB1"
"CDK9","AXIN1","PLCB1"
"CDK9","MAPKAPK5","PLCB1"
"CDK9","CDK6","PLCB1"
"CDK9","CDC25C","PLCB1"
"CDK9","LAT","PLCB1"
"CDK9","PTPRA","PLCB1"
"CDK9","ARRB2","PLCB1"
"CDK9","INPP5D","PLCB1"
"CDK9","NF2","PLCB1"
"CDK9","GRB10","PLCB1"
"CDK9","PIK3CG","PLCB1"
"CDK9","ABI1","PLCB1"
"CDK9","BORA","PLCB1"
"CDK9","PEBP1","PLCB1"
"CDK9","PPP1R14B","PLCB1"
"CDK9","GSK3B/Axin/APC","SARM1"
"CDK9","AURKA","SARM1"
"CDK9","PRKCD","SARM1"
"CDK9","CSNK2A1","SARM1"
"CDK9","CDK1","SARM1"
"CDK9","PTPN6","SARM1"
"CDK9","MAPK14","SARM1"
"CDK9","Gbeta","SARM1"
"CDK9","CSNK1D","SARM1"
"CDK9","LCK","SARM1"
"CDK9","TGFBR1","SARM1"
"CDK9","ABL1","SARM1"
"CDK9","CDK2","SARM1"
"CDK9","PAK6","SARM1"
"CDK9","GSK3B","SARM1"
"CDK9","PPP1R2","SARM1"
"CDK9","MAP3K1","SARM1"
"CDK9","AKT","SARM1"
"CDK9","IRS1","SARM1"
"CDK9","PIK3CA","SARM1"
"CDK9","CyclinE/CDK2","SARM1"
"CDK9","mTORC1","SARM1"
"CDK9","RASSF1","SARM1"
"CDK9","GRB2","SARM1"
"CDK9","PTK6","SARM1"
"CDK9","TRAF6","SARM1"
"CDK9","SHC1","SARM1"
"CDK9","AXIN1","SARM1"
"CDK9","MAPKAPK5","SARM1"
"CDK9","CDC25C","SARM1"
"CDK9","CDC25B","SARM1"
"CDK9","LAT","SARM1"
"CDK9","PTPRA","SARM1"
"CDK9","ESR1","SARM1"
"CDK9","NR3C1","SARM1"
"CDK9","MGluR","SARM1"
"CDK9","FGFR2","SARM1"
"CDK9","PIK3CG","SARM1"
"CDK9","PPP1R14A","SARM1"
"CDK9","ABI1","SARM1"
"CDK9","BORA","SARM1"
"CDK9","PEBP1","SARM1"
"CDK9","PPP1R14B","SARM1"
"CDK9","MAPK3","MIIP"
"CDK9","GSK3B/Axin/APC","MIIP"
"CDK9","AURKA","MIIP"
"CDK9","CSNK2A1","MIIP"
"CDK9","CDK1","MIIP"
"CDK9","PTPN6","MIIP"
"CDK9","MAPK14","MIIP"
"CDK9","PTPRC","MIIP"
"CDK9","ERK1/2","MIIP"
"CDK9","Gbeta","MIIP"
"CDK9","CSNK1D","MIIP"
"CDK9","LCK","MIIP"
"CDK9","TGFBR1","MIIP"
"CDK9","ABL1","MIIP"
"CDK9","CDK2","MIIP"
"CDK9","RPS6KA1","MIIP"
"CDK9","PAK6","MIIP"
"CDK9","PPP1R2","MIIP"
"CDK9","CDK5","MIIP"
"CDK9","MAP3K1","MIIP"
"CDK9","AKT","MIIP"
"CDK9","PRKD1","MIIP"
"CDK9","IRS1","MIIP"
"CDK9","PIK3CA","MIIP"
"CDK9","PTK2","MIIP"
"CDK9","CyclinE/CDK2","MIIP"
"CDK9","RNF111","MIIP"
"CDK9","mTORC1","MIIP"
"CDK9","ADRA2A","MIIP"
"CDK9","CDK3","MIIP"
"CDK9","PTK6","MIIP"
"CDK9","NCOA2","MIIP"
"CDK9","TRAF6","MIIP"
"CDK9","SHC1","MIIP"
"CDK9","AXIN1","MIIP"
"CDK9","MAPKAPK5","MIIP"
"CDK9","CDK6","MIIP"
"CDK9","CDC25C","MIIP"
"CDK9","LAT","MIIP"
"CDK9","GAB1","MIIP"
"CDK9","PTPRA","MIIP"
"CDK9","ARRB2","MIIP"
"CDK9","CD28","MIIP"
"CDK9","NR3C1","MIIP"
"CDK9","MGluR","MIIP"
"CDK9","INPP5D","MIIP"
"CDK9","GAB2","MIIP"
"CDK9","FGFR2","MIIP"
"CDK9","GRB10","MIIP"
"CDK9","PIK3CG","MIIP"
"CDK9","BORA","MIIP"
"CDK9","PEBP1","MIIP"
"CDK9","GSK3B/Axin/APC","NCF1"
"CDK9","AURKA","NCF1"
"CDK9","MAPK1","NCF1"
"CDK9","CSNK2A1","NCF1"
"CDK9","MAPK14","NCF1"
"CDK9","PTPRC","NCF1"
"CDK9","Gbeta","NCF1"
"CDK9","PLK1","NCF1"
"CDK9","TGFBR1","NCF1"
"CDK9","GSK3B","NCF1"
"CDK9","PPP1R2","NCF1"
"CDK9","IRS1","NCF1"
"CDK9","ADRA2A","NCF1"
"CDK9","TRAF6","NCF1"
"CDK9","SHC1","NCF1"
"CDK9","AXIN1","NCF1"
"CDK9","MAPKAPK5","NCF1"
"CDK9","GAB1","NCF1"
"CDK9","CD28","NCF1"
"CDK9","GAB2","NCF1"
"CDK9","FGFR2","NCF1"
"CDK9","PIK3CG","NCF1"
"CDK9","PPP1R14A","NCF1"
"CDK9","ABI1","NCF1"
"CDK9","PPP1R14B","NCF1"
"CDK9","MAPK3","PLCG2"
"CDK9","GSK3B/Axin/APC","PLCG2"
"CDK9","AURKA","PLCG2"
"CDK9","PRKCD","PLCG2"
"CDK9","MAPK1","PLCG2"
"CDK9","CSNK2A1","PLCG2"
"CDK9","MAPK14","PLCG2"
"CDK9","PTPRC","PLCG2"
"CDK9","ERK1/2","PLCG2"
"CDK9","Gbeta","PLCG2"
"CDK9","CSNK1D","PLCG2"
"CDK9","PLK1","PLCG2"
"CDK9","TGFBR1","PLCG2"
"CDK9","ABL1","PLCG2"
"CDK9","RPS6KA1","PLCG2"
"CDK9","PAK6","PLCG2"
"CDK9","GSK3B","PLCG2"
"CDK9","PPP1R2","PLCG2"
"CDK9","CDK5","PLCG2"
"CDK9","PRKD1","PLCG2"
"CDK9","PTK2","PLCG2"
"CDK9","CyclinE/CDK2","PLCG2"
"CDK9","RASSF1","PLCG2"
"CDK9","ADRA2A","PLCG2"
"CDK9","CDK3","PLCG2"
"CDK9","PTK6","PLCG2"
"CDK9","ZAP70","PLCG2"
"CDK9","TRAF6","PLCG2"
"CDK9","SHC1","PLCG2"
"CDK9","MAPKAPK5","PLCG2"
"CDK9","CDK6","PLCG2"
"CDK9","CDC25C","PLCG2"
"CDK9","CDC25B","PLCG2"
"CDK9","GAB1","PLCG2"
"CDK9","ESR1","PLCG2"
"CDK9","ARRB2","PLCG2"
"CDK9","CD28","PLCG2"
"CDK9","MGluR","PLCG2"
"CDK9","FGFR2","PLCG2"
"CDK9","GRM5","PLCG2"
"CDK9","ABI1","PLCG2"
"CDK9","BORA","PLCG2"
"CDK9","PPP1R14B","PLCG2"
"CDK9","AURKA","PPP1R14B"
"CDK9","PRKCA","PPP1R14B"
"CDK9","ERK1/2","PPP1R14B"
"CDK9","Gbeta","PPP1R14B"
"CDK9","PLK1","PPP1R14B"
"CDK9","TGFBR1","PPP1R14B"
"CDK9","PAK6","PPP1R14B"
"CDK9","MAP3K1","PPP1R14B"
"CDK9","mTORC1","PPP1R14B"
"CDK9","ADRA2A","PPP1R14B"
"CDK9","CDK3","PPP1R14B"
"CDK9","GRB2","PPP1R14B"
"CDK9","TRAF6","PPP1R14B"
"CDK9","AXIN1","PPP1R14B"
"CDK9","CD28","PPP1R14B"
"CDK9","MGluR","PPP1R14B"
"CDK9","INPP5D","PPP1R14B"
"CDK9","GAB2","PPP1R14B"
"CDK9","NF2","PPP1R14B"
"CDK9","PPP1R14A","PPP1R14B"
"CDK9","GSK3B","MAPT"
"CDK9","GSK3B/Axin/APC","POLR2A"
"CDK9","CDK1","POLR2A"
"CDK9","PRKCA","POLR2A"
"CDK9","PTPN6","POLR2A"
"CDK9","Gbeta","POLR2A"
"CDK9","CSNK1D","POLR2A"
"CDK9","PLK1","POLR2A"
"CDK9","TGFBR1","POLR2A"
"CDK9","RPS6KA1","POLR2A"
"CDK9","GSK3B","POLR2A"
"CDK9","RASSF1","POLR2A"
"CDK9","ADRA2A","POLR2A"
"CDK9","CDK3","POLR2A"
"CDK9","CDC25C","POLR2A"
"CDK9","CDC25B","POLR2A"
"CDK9","LAT","POLR2A"
"CDK9","CD28","POLR2A"
"CDK9","MGluR","POLR2A"
"CDK9","INPP5D","POLR2A"
"CDK9","PIK3CG","POLR2A"
"CDK9","PPP1R14B","POLR2A"
"CDK9","PRKCD","ATF2"
"CDK9","CDK1","ATF2"
"CDK9","PRKCA","ATF2"
"CDK9","MAPK14","ATF2"
"CDK9","ERK1/2","ATF2"
"CDK9","AKT","ATF2"
"CDK9","PRKD1","ATF2"
"CDK9","CyclinE/CDK2","ATF2"
"CDK9","CDK3","ATF2"
"CDK9","NCOA2","ATF2"
"CDK9","AXIN1","ATF2"
"CDK9","CDK6","ATF2"
"CDK9","LAT","ATF2"
"CDK9","PTPRA","ATF2"
"CDK9","MGluR","ATF2"
"CDK9","INPP5D","ATF2"
"CDK9","GAB2","ATF2"
"CDK9","NF2","ATF2"
"CDK9","GRB10","ATF2"
"CDK9","GRM5","ATF2"
"CDK9","PIK3CG","ATF2"
"CDK9","PPP1R14A","ATF2"
"CDK9","ABI1","ATF2"
"CDK9","BORA","ATF2"
"CDK9","PEBP1","ATF2"
"CDK9","MAPK3","CHAT"
"CDK9","GSK3B/Axin/APC","CHAT"
"CDK9","MAPK1","CHAT"
"CDK9","CSNK2A1","CHAT"
"CDK9","PRKCA","CHAT"
"CDK9","PTPN6","CHAT"
"CDK9","MAPK14","CHAT"
"CDK9","Gbeta","CHAT"
"CDK9","PLK1","CHAT"
"CDK9","LCK","CHAT"
"CDK9","CDK2","CHAT"
"CDK9","RPS6KA1","CHAT"
"CDK9","PAK6","CHAT"
"CDK9","GSK3B","CHAT"
"CDK9","MAP3K1","CHAT"
"CDK9","AKT","CHAT"
"CDK9","PRKD1","CHAT"
"CDK9","IRS1","CHAT"
"CDK9","CyclinE/CDK2","CHAT"
"CDK9","mTORC1","CHAT"
"CDK9","RASSF1","CHAT"
"CDK9","ADRA2A","CHAT"
"CDK9","CDK3","CHAT"
"CDK9","PTK6","CHAT"
"CDK9","TRAF6","CHAT"
"CDK9","MAPKAPK5","CHAT"
"CDK9","CDC25C","CHAT"
"CDK9","CDC25B","CHAT"
"CDK9","GAB1","CHAT"
"CDK9","PTPRA","CHAT"
"CDK9","ARRB2","CHAT"
"CDK9","CD28","CHAT"
"CDK9","NR3C1","CHAT"
"CDK9","PIK3CG","CHAT"
"CDK9","PPP1R14A","CHAT"
"CDK9","ABI1","CHAT"
"CDK9","GSK3B/Axin/APC","NIFK"
"CDK9","AURKA","NIFK"
"CDK9","MAPK14","NIFK"
"CDK9","PTPRC","NIFK"
"CDK9","Gbeta","NIFK"
"CDK9","PLK1","NIFK"
"CDK9","TGFBR1","NIFK"
"CDK9","PAK6","NIFK"
"CDK9","CDK5","NIFK"
"CDK9","AKT","NIFK"
"CDK9","IRS1","NIFK"
"CDK9","PIK3CA","NIFK"
"CDK9","PTK2","NIFK"
"CDK9","ADRA2A","NIFK"
"CDK9","PTK6","NIFK"
"CDK9","NCOA2","NIFK"
"CDK9","SHC1","NIFK"
"CDK9","CDK6","NIFK"
"CDK9","CDC25B","NIFK"
"CDK9","PTPRA","NIFK"
"CDK9","ESR1","NIFK"
"CDK9","CD28","NIFK"
"CDK9","NR3C1","NIFK"
"CDK9","MGluR","NIFK"
"CDK9","INPP5D","NIFK"
"CDK9","FGFR2","NIFK"
"CDK9","BORA","NIFK"
"CDK9","CSNK2A1","OCLN"
"CDK9","CDK1","OCLN"
"CDK9","PRKCA","OCLN"
"CDK9","LCK","OCLN"
"CDK9","ABL1","OCLN"
"CDK9","CDK2","OCLN"
"CDK9","PAK6","OCLN"
"CDK9","PPP1R2","OCLN"
"CDK9","CDK5","OCLN"
"CDK9","MAP3K1","OCLN"
"CDK9","AKT","OCLN"
"CDK9","PRKD1","OCLN"
"CDK9","SHC1","OCLN"
"CDK9","MAPKAPK5","OCLN"
"CDK9","CDC25C","OCLN"
"CDK9","CDC25B","OCLN"
"CDK9","PTPRA","OCLN"
"CDK9","ESR1","OCLN"
"CDK9","INPP5D","OCLN"
"CDK9","GAB2","OCLN"
"CDK9","FGFR2","OCLN"
"CDK9","GRB10","OCLN"
"CDK9","GRM5","OCLN"
"CDK9","PPP1R14A","OCLN"
"CDK9","ABI1","OCLN"
"CDK9","BORA","OCLN"
"CDK9","PEBP1","OCLN"
"CDK9","PPP1R14B","OCLN"
"CDK9","GSK3B","PPARGC1A"
"CDK9","AURKA","ARHGEF2"
"CDK9","PRKCD","ARHGEF2"
"CDK9","CSNK2A1","ARHGEF2"
"CDK9","CDK1","ARHGEF2"
"CDK9","PTPN6","ARHGEF2"
"CDK9","MAPK14","ARHGEF2"
"CDK9","PTPRC","ARHGEF2"
"CDK9","ERK1/2","ARHGEF2"
"CDK9","Gbeta","ARHGEF2"
"CDK9","CSNK1D","ARHGEF2"
"CDK9","LCK","ARHGEF2"
"CDK9","CDK2","ARHGEF2"
"CDK9","RPS6KA1","ARHGEF2"
"CDK9","PAK6","ARHGEF2"
"CDK9","PPP1R2","ARHGEF2"
"CDK9","CDK5","ARHGEF2"
"CDK9","MAP3K1","ARHGEF2"
"CDK9","AKT","ARHGEF2"
"CDK9","PRKD1","ARHGEF2"
"CDK9","PIK3CA","ARHGEF2"
"CDK9","CyclinE/CDK2","ARHGEF2"
"CDK9","mTORC1","ARHGEF2"
"CDK9","RASSF1","ARHGEF2"
"CDK9","GRB2","ARHGEF2"
"CDK9","PTK6","ARHGEF2"
"CDK9","ZAP70","ARHGEF2"
"CDK9","TRAF6","ARHGEF2"
"CDK9","CDC25B","ARHGEF2"
"CDK9","NR3C1","ARHGEF2"
"CDK9","INPP5D","ARHGEF2"
"CDK9","NF2","ARHGEF2"
"CDK9","ABI1","ARHGEF2"
"CDK9","CDK1","GJA1"
"CDK9","Gbeta","GJA1"
"CDK9","CSNK1D","GJA1"
"CDK9","PAK6","GJA1"
"CDK9","RNF111","GJA1"
"CDK9","mTORC1","GJA1"
"CDK9","RASSF1","GJA1"
"CDK9","CDK3","GJA1"
"CDK9","ZAP70","GJA1"
"CDK9","NCOA2","GJA1"
"CDK9","AXIN1","GJA1"
"CDK9","CDK6","GJA1"
"CDK9","CDC25B","GJA1"
"CDK9","GAB1","GJA1"
"CDK9","CD28","GJA1"
"CDK9","MGluR","GJA1"
"CDK9","GAB2","GJA1"
"CDK9","GRB10","GJA1"
"CDK9","ABI1","GJA1"
"CDK9","BORA","GJA1"
"CDK9","PEBP1","GJA1"
"CDK9","MAPK14","STAT3"
"CDK9","MAPK3","SOS1"
"CDK9","MAPK3","CASP2"
"CDK9","AURKA","CASP2"
"CDK9","PRKCD","CASP2"
"CDK9","MAPK1","CASP2"
"CDK9","CSNK2A1","CASP2"
"CDK9","CDK1","CASP2"
"CDK9","PTPN6","CASP2"
"CDK9","CSNK1D","CASP2"
"CDK9","TGFBR1","CASP2"
"CDK9","ABL1","CASP2"
"CDK9","CDK2","CASP2"
"CDK9","GSK3B","CASP2"
"CDK9","MAP3K1","CASP2"
"CDK9","IRS1","CASP2"
"CDK9","PTK2","CASP2"
"CDK9","RASSF1","CASP2"
"CDK9","PTK6","CASP2"
"CDK9","ZAP70","CASP2"
"CDK9","NCOA2","CASP2"
"CDK9","TRAF6","CASP2"
"CDK9","INPP5D","CASP2"
"CDK9","PIK3CG","CASP2"
"CDK9","PPP1R14A","CASP2"
"CDK9","MAPK3","STAT5A"
"CDK9","MAPK1","STAT5A"
"CDK9","CDK2","STAT5A"
"CDK9","AKT","STAT5A"
"CDK9","IRS1","STAT5A"
"CDK9","PIK3CA","STAT5A"
"CDK9","PTK2","STAT5A"
"CDK9","CyclinE/CDK2","STAT5A"
"CDK9","RNF111","STAT5A"
"CDK9","mTORC1","STAT5A"
"CDK9","RASSF1","STAT5A"
"CDK9","CDK3","STAT5A"
"CDK9","GRB2","STAT5A"
"CDK9","PTK6","STAT5A"
"CDK9","ZAP70","STAT5A"
"CDK9","NCOA2","STAT5A"
"CDK9","SHC1","STAT5A"
"CDK9","AXIN1","STAT5A"
"CDK9","MAPKAPK5","STAT5A"
"CDK9","CDC25C","STAT5A"
"CDK9","CDC25B","STAT5A"
"CDK9","LAT","STAT5A"
"CDK9","GAB1","STAT5A"
"CDK9","ESR1","STAT5A"
"CDK9","CD28","STAT5A"
"CDK9","NR3C1","STAT5A"
"CDK9","MGluR","STAT5A"
"CDK9","INPP5D","STAT5A"
"CDK9","FGFR2","STAT5A"
"CDK9","NF2","STAT5A"
"CDK9","GRB10","STAT5A"
"CDK9","BORA","STAT5A"
"CDK9","PEBP1","STAT5A"
"CDK9","PPP1R14B","STAT5A"
"CDK9","GSK3B/Axin/APC","PFN1"
"CDK9","PRKCD","PFN1"
"CDK9","MAPK1","PFN1"
"CDK9","CSNK2A1","PFN1"
"CDK9","PTPRC","PFN1"
"CDK9","Gbeta","PFN1"
"CDK9","PLK1","PFN1"
"CDK9","ABL1","PFN1"
"CDK9","CDK5","PFN1"
"CDK9","AKT","PFN1"
"CDK9","RASSF1","PFN1"
"CDK9","ADRA2A","PFN1"
"CDK9","CDK3","PFN1"
"CDK9","ZAP70","PFN1"
"CDK9","NCOA2","PFN1"
"CDK9","MAPKAPK5","PFN1"
"CDK9","LAT","PFN1"
"CDK9","ESR1","PFN1"
"CDK9","NF2","PFN1"
"CDK9","GRM5","PFN1"
"CDK9","PPP1R14A","PFN1"
"CDK9","ABI1","PFN1"
"CDK9","PRKCD","WDR62"
"CDK9","CSNK2A1","WDR62"
"CDK9","PTPN6","WDR62"
"CDK9","PTPRC","WDR62"
"CDK9","LCK","WDR62"
"CDK9","TGFBR1","WDR62"
"CDK9","ABL1","WDR62"
"CDK9","RPS6KA1","WDR62"
"CDK9","GSK3B","WDR62"
"CDK9","CDK5","WDR62"
"CDK9","MAP3K1","WDR62"
"CDK9","AKT","WDR62"
"CDK9","PRKD1","WDR62"
"CDK9","PIK3CA","WDR62"
"CDK9","PTK2","WDR62"
"CDK9","CyclinE/CDK2","WDR62"
"CDK9","RNF111","WDR62"
"CDK9","mTORC1","WDR62"
"CDK9","RASSF1","WDR62"
"CDK9","ADRA2A","WDR62"
"CDK9","CDK3","WDR62"
"CDK9","GRB2","WDR62"
"CDK9","PTK6","WDR62"
"CDK9","ZAP70","WDR62"
"CDK9","NCOA2","WDR62"
"CDK9","TRAF6","WDR62"
"CDK9","SHC1","WDR62"
"CDK9","AXIN1","WDR62"
"CDK9","MAPKAPK5","WDR62"
"CDK9","CDC25C","WDR62"
"CDK9","CDC25B","WDR62"
"CDK9","LAT","WDR62"
"CDK9","GAB1","WDR62"
"CDK9","PTPRA","WDR62"
"CDK9","ESR1","WDR62"
"CDK9","CD28","WDR62"
"CDK9","NR3C1","WDR62"
"CDK9","MGluR","WDR62"
"CDK9","INPP5D","WDR62"
"CDK9","FGFR2","WDR62"
"CDK9","NF2","WDR62"
"CDK9","GRB10","WDR62"
"CDK9","GRM5","WDR62"
"CDK9","PIK3CG","WDR62"
"CDK9","PPP1R14A","WDR62"
"CDK9","ABI1","WDR62"
"CDK9","BORA","WDR62"
"CDK9","PEBP1","WDR62"
"CDK9","PPP1R14B","WDR62"
"CDK9","MAPK3","VIM"
"CDK9","GSK3B/Axin/APC","VIM"
"CDK9","AURKA","VIM"
"CDK9","PRKCD","VIM"
"CDK9","MAPK1","VIM"
"CDK9","CSNK2A1","VIM"
"CDK9","PRKCA","VIM"
"CDK9","PTPN6","VIM"
"CDK9","ERK1/2","VIM"
"CDK9","Gbeta","VIM"
"CDK9","CSNK1D","VIM"
"CDK9","PLK1","VIM"
"CDK9","LCK","VIM"
"CDK9","RPS6KA1","VIM"
"CDK9","PAK6","VIM"
"CDK9","PPP1R2","VIM"
"CDK9","CDK5","VIM"
"CDK9","AKT","VIM"
"CDK9","IRS1","VIM"
"CDK9","CyclinE/CDK2","VIM"
"CDK9","RNF111","VIM"
"CDK9","ADRA2A","VIM"
"CDK9","GRB2","VIM"
"CDK9","ZAP70","VIM"
"CDK9","SHC1","VIM"
"CDK9","CDC25C","VIM"
"CDK9","CDC25B","VIM"
"CDK9","ARRB2","VIM"
"CDK9","NR3C1","VIM"
"CDK9","INPP5D","VIM"
"CDK9","GAB2","VIM"
"CDK9","FGFR2","VIM"
"CDK9","GRM5","VIM"
"CDK9","MAPK1","LCP2"
"CDK9","CSNK2A1","LCP2"
"CDK9","PTPRC","LCP2"
"CDK9","Gbeta","LCP2"
"CDK9","CSNK1D","LCP2"
"CDK9","TGFBR1","LCP2"
"CDK9","ABL1","LCP2"
"CDK9","CDK2","LCP2"
"CDK9","CyclinE/CDK2","LCP2"
"CDK9","RNF111","LCP2"
"CDK9","mTORC1","LCP2"
"CDK9","ADRA2A","LCP2"
"CDK9","MAPKAPK5","LCP2"
"CDK9","CDK6","LCP2"
"CDK9","GAB1","LCP2"
"CDK9","ESR1","LCP2"
"CDK9","ARRB2","LCP2"
"CDK9","CD28","LCP2"
"CDK9","ABI1","LCP2"
"CDK9","BORA","LCP2"
"CDK9","PEBP1","LCP2"
"CDK9","GSK3B/Axin/APC","CRMP1"
"CDK9","PRKCD","CRMP1"
"CDK9","MAPK1","CRMP1"
"CDK9","CSNK2A1","CRMP1"
"CDK9","PTPN6","CRMP1"
"CDK9","Gbeta","CRMP1"
"CDK9","CSNK1D","CRMP1"
"CDK9","PLK1","CRMP1"
"CDK9","LCK","CRMP1"
"CDK9","ABL1","CRMP1"
"CDK9","IRS1","CRMP1"
"CDK9","PTK2","CRMP1"
"CDK9","ADRA2A","CRMP1"
"CDK9","CDK3","CRMP1"
"CDK9","TRAF6","CRMP1"
"CDK9","SHC1","CRMP1"
"CDK9","AXIN1","CRMP1"
"CDK9","CD28","CRMP1"
"CDK9","INPP5D","CRMP1"
"CDK9","NF2","CRMP1"
"CDK9","GRM5","CRMP1"
"CDK9","PIK3CG","CRMP1"
"CDK9","ABI1","CRMP1"
"CDK9","PEBP1","CRMP1"
"CDK9","PPP1R14B","CRMP1"
"CDK9","GSK3B/Axin/APC","HSPB8"
"CDK9","AURKA","HSPB8"
"CDK9","MAPK1","HSPB8"
"CDK9","CDK1","HSPB8"
"CDK9","PRKCA","HSPB8"
"CDK9","MAPK14","HSPB8"
"CDK9","PTPRC","HSPB8"
"CDK9","ERK1/2","HSPB8"
"CDK9","PLK1","HSPB8"
"CDK9","TGFBR1","HSPB8"
"CDK9","RPS6KA1","HSPB8"
"CDK9","GSK3B","HSPB8"
"CDK9","PPP1R2","HSPB8"
"CDK9","CDK5","HSPB8"
"CDK9","AKT","HSPB8"
"CDK9","PRKD1","HSPB8"
"CDK9","IRS1","HSPB8"
"CDK9","PIK3CA","HSPB8"
"CDK9","RNF111","HSPB8"
"CDK9","mTORC1","HSPB8"
"CDK9","RASSF1","HSPB8"
"CDK9","ADRA2A","HSPB8"
"CDK9","PTK6","HSPB8"
"CDK9","TRAF6","HSPB8"
"CDK9","SHC1","HSPB8"
"CDK9","AXIN1","HSPB8"
"CDK9","MAPKAPK5","HSPB8"
"CDK9","CDC25C","HSPB8"
"CDK9","GAB1","HSPB8"
"CDK9","ARRB2","HSPB8"
"CDK9","MGluR","HSPB8"
"CDK9","INPP5D","HSPB8"
"CDK9","FGFR2","HSPB8"
"CDK9","NF2","HSPB8"
"CDK9","GRM5","HSPB8"
"CDK9","PIK3CG","HSPB8"
"CDK9","PPP1R14A","HSPB8"
"CDK9","ABI1","HSPB8"
"CDK9","BORA","HSPB8"
"CDK9","PPP1R14B","HSPB8"
"CDK9","MAPK3","PPARA"
"CDK9","GSK3B/Axin/APC","PPARA"
"CDK9","PRKCD","PPARA"
"CDK9","CSNK2A1","PPARA"
"CDK9","PRKCA","PPARA"
"CDK9","PTPN6","PPARA"
"CDK9","MAPK14","PPARA"
"CDK9","ERK1/2","PPARA"
"CDK9","Gbeta","PPARA"
"CDK9","PLK1","PPARA"
"CDK9","LCK","PPARA"
"CDK9","TGFBR1","PPARA"
"CDK9","ABL1","PPARA"
"CDK9","CDK2","PPARA"
"CDK9","RPS6KA1","PPARA"
"CDK9","GSK3B","PPARA"
"CDK9","PPP1R2","PPARA"
"CDK9","CDK5","PPARA"
"CDK9","AKT","PPARA"
"CDK9","PRKD1","PPARA"
"CDK9","IRS1","PPARA"
"CDK9","PIK3CA","PPARA"
"CDK9","RNF111","PPARA"
"CDK9","mTORC1","PPARA"
"CDK9","RASSF1","PPARA"
"CDK9","ADRA2A","PPARA"
"CDK9","GRB2","PPARA"
"CDK9","PTK6","PPARA"
"CDK9","AXIN1","PPARA"
"CDK9","MAPKAPK5","PPARA"
"CDK9","CDK6","PPARA"
"CDK9","CDC25C","PPARA"
"CDK9","LAT","PPARA"
"CDK9","GAB1","PPARA"
"CDK9","PTPRA","PPARA"
"CDK9","ESR1","PPARA"
"CDK9","ARRB2","PPARA"
"CDK9","NR3C1","PPARA"
"CDK9","MGluR","PPARA"
"CDK9","INPP5D","PPARA"
"CDK9","GAB2","PPARA"
"CDK9","FGFR2","PPARA"
"CDK9","PIK3CG","PPARA"
"CDK9","PPP1R14A","PPARA"
"CDK9","ABI1","PPARA"
"CDK9","BORA","PPARA"
"CDK9","PPP1R14B","PPARA"
"CDK9","MAPK3","ZFP36"
"CDK9","GSK3B/Axin/APC","ZFP36"
"CDK9","MAPK1","ZFP36"
"CDK9","CDK1","ZFP36"
"CDK9","PRKCA","ZFP36"
"CDK9","PTPN6","ZFP36"
"CDK9","PTPRC","ZFP36"
"CDK9","ERK1/2","ZFP36"
"CDK9","Gbeta","ZFP36"
"CDK9","PLK1","ZFP36"
"CDK9","LCK","ZFP36"
"CDK9","TGFBR1","ZFP36"
"CDK9","CDK2","ZFP36"
"CDK9","PAK6","ZFP36"
"CDK9","PPP1R2","ZFP36"
"CDK9","MAP3K1","ZFP36"
"CDK9","AKT","ZFP36"
"CDK9","PRKD1","ZFP36"
"CDK9","PIK3CA","ZFP36"
"CDK9","PTK2","ZFP36"
"CDK9","CyclinE/CDK2","ZFP36"
"CDK9","ADRA2A","ZFP36"
"CDK9","GRB2","ZFP36"
"CDK9","PTK6","ZFP36"
"CDK9","NCOA2","ZFP36"
"CDK9","SHC1","ZFP36"
"CDK9","AXIN1","ZFP36"
"CDK9","MAPKAPK5","ZFP36"
"CDK9","CDK6","ZFP36"
"CDK9","CDC25C","ZFP36"
"CDK9","LAT","ZFP36"
"CDK9","GAB1","ZFP36"
"CDK9","ESR1","ZFP36"
"CDK9","CD28","ZFP36"
"CDK9","NR3C1","ZFP36"
"CDK9","INPP5D","ZFP36"
"CDK9","GAB2","ZFP36"
"CDK9","NF2","ZFP36"
"CDK9","GRB10","ZFP36"
"CDK9","PIK3CG","ZFP36"
"CDK9","ABI1","ZFP36"
"CDK9","PPP1R14B","ZFP36"
"CDK9","GSK3B","SREBF1"
"CDK9","GSK3B/Axin/APC","ELK1"
"CDK9","AURKA","ELK1"
"CDK9","PRKCD","ELK1"
"CDK9","MAPK1","ELK1"
"CDK9","CSNK2A1","ELK1"
"CDK9","CDK1","ELK1"
"CDK9","ERK1/2","ELK1"
"CDK9","RPS6KA1","ELK1"
"CDK9","PAK6","ELK1"
"CDK9","RNF111","ELK1"
"CDK9","mTORC1","ELK1"
"CDK9","CDK3","ELK1"
"CDK9","PTK6","ELK1"
"CDK9","ZAP70","ELK1"
"CDK9","TRAF6","ELK1"
"CDK9","LAT","ELK1"
"CDK9","CD28","ELK1"
"CDK9","MGluR","ELK1"
"CDK9","INPP5D","ELK1"
"CDK9","FGFR2","ELK1"
"CDK9","GRB10","ELK1"
"CDK9","PIK3CG","ELK1"
"CDK9","PPP1R14A","ELK1"
"CDK9","ABI1","ELK1"
"CDK9","MAPK3","HDAC7"
"CDK9","AURKA","HDAC7"
"CDK9","PRKCD","HDAC7"
"CDK9","CDK1","HDAC7"
"CDK9","PTPN6","HDAC7"
"CDK9","MAPK14","HDAC7"
"CDK9","PTPRC","HDAC7"
"CDK9","ERK1/2","HDAC7"
"CDK9","CSNK1D","HDAC7"
"CDK9","PLK1","HDAC7"
"CDK9","LCK","HDAC7"
"CDK9","ABL1","HDAC7"
"CDK9","CDK2","HDAC7"
"CDK9","RPS6KA1","HDAC7"
"CDK9","PAK6","HDAC7"
"CDK9","MAP3K1","HDAC7"
"CDK9","AKT","HDAC7"
"CDK9","PRKD1","HDAC7"
"CDK9","IRS1","HDAC7"
"CDK9","PTK2","HDAC7"
"CDK9","CyclinE/CDK2","HDAC7"
"CDK9","ADRA2A","HDAC7"
"CDK9","CDK3","HDAC7"
"CDK9","GRB2","HDAC7"
"CDK9","PTK6","HDAC7"
"CDK9","SHC1","HDAC7"
"CDK9","MAPKAPK5","HDAC7"
"CDK9","CDC25C","HDAC7"
"CDK9","CDC25B","HDAC7"
"CDK9","LAT","HDAC7"
"CDK9","PTPRA","HDAC7"
"CDK9","CD28","HDAC7"
"CDK9","NR3C1","HDAC7"
"CDK9","GAB2","HDAC7"
"CDK9","PIK3CG","HDAC7"
"CDK9","PPP1R14B","HDAC7"
"CDK9","CDK1","CCDC6"
"CDK9","MAPK14","CCDC6"
"CDK9","Gbeta","CCDC6"
"CDK9","CSNK1D","CCDC6"
"CDK9","CDK2","CCDC6"
"CDK9","RPS6KA1","CCDC6"
"CDK9","PAK6","CCDC6"
"CDK9","GSK3B","CCDC6"
"CDK9","CDK5","CCDC6"
"CDK9","MAP3K1","CCDC6"
"CDK9","AKT","CCDC6"
"CDK9","PRKD1","CCDC6"
"CDK9","mTORC1","CCDC6"
"CDK9","GRB2","CCDC6"
"CDK9","PTK6","CCDC6"
"CDK9","ZAP70","CCDC6"
"CDK9","TRAF6","CCDC6"
"CDK9","AXIN1","CCDC6"
"CDK9","LAT","CCDC6"
"CDK9","ESR1","CCDC6"
"CDK9","ARRB2","CCDC6"
"CDK9","CD28","CCDC6"
"CDK9","MGluR","CCDC6"
"CDK9","INPP5D","CCDC6"
"CDK9","GAB2","CCDC6"
"CDK9","GRM5","CCDC6"
"CDK9","ABI1","CCDC6"
"CDK9","PPP1R14B","CCDC6"
"CDK9","GSK3B/Axin/APC","GSTP1"
"CDK9","MAPK1","GSTP1"
"CDK9","PRKCA","GSTP1"
"CDK9","PTPRC","GSTP1"
"CDK9","Gbeta","GSTP1"
"CDK9","PLK1","GSTP1"
"CDK9","LCK","GSTP1"
"CDK9","TGFBR1","GSTP1"
"CDK9","ABL1","GSTP1"
"CDK9","RPS6KA1","GSTP1"
"CDK9","MAP3K1","GSTP1"
"CDK9","AKT","GSTP1"
"CDK9","IRS1","GSTP1"
"CDK9","PIK3CA","GSTP1"
"CDK9","PTK2","GSTP1"
"CDK9","RNF111","GSTP1"
"CDK9","mTORC1","GSTP1"
"CDK9","RASSF1","GSTP1"
"CDK9","ADRA2A","GSTP1"
"CDK9","GRB2","GSTP1"
"CDK9","PTK6","GSTP1"
"CDK9","ZAP70","GSTP1"
"CDK9","NCOA2","GSTP1"
"CDK9","SHC1","GSTP1"
"CDK9","AXIN1","GSTP1"
"CDK9","CDK6","GSTP1"
"CDK9","CDC25C","GSTP1"
"CDK9","GAB1","GSTP1"
"CDK9","ESR1","GSTP1"
"CDK9","ARRB2","GSTP1"
"CDK9","CD28","GSTP1"
"CDK9","NR3C1","GSTP1"
"CDK9","MGluR","GSTP1"
"CDK9","FGFR2","GSTP1"
"CDK9","NF2","GSTP1"
"CDK9","GRB10","GSTP1"
"CDK9","GRM5","GSTP1"
"CDK9","PPP1R14A","GSTP1"
"CDK9","ABI1","GSTP1"
"CDK9","BORA","GSTP1"
"CDK9","PEBP1","GSTP1"
"CDK9","GSK3B/Axin/APC","SLC29A1"
"CDK9","CSNK2A1","SLC29A1"
"CDK9","CDK1","SLC29A1"
"CDK9","PRKCA","SLC29A1"
"CDK9","PTPN6","SLC29A1"
"CDK9","PTPRC","SLC29A1"
"CDK9","ERK1/2","SLC29A1"
"CDK9","Gbeta","SLC29A1"
"CDK9","CSNK1D","SLC29A1"
"CDK9","PLK1","SLC29A1"
"CDK9","TGFBR1","SLC29A1"
"CDK9","CDK2","SLC29A1"
"CDK9","GSK3B","SLC29A1"
"CDK9","AKT","SLC29A1"
"CDK9","IRS1","SLC29A1"
"CDK9","CyclinE/CDK2","SLC29A1"
"CDK9","RNF111","SLC29A1"
"CDK9","mTORC1","SLC29A1"
"CDK9","RASSF1","SLC29A1"
"CDK9","CDK3","SLC29A1"
"CDK9","PTK6","SLC29A1"
"CDK9","ZAP70","SLC29A1"
"CDK9","AXIN1","SLC29A1"
"CDK9","MAPKAPK5","SLC29A1"
"CDK9","CDC25C","SLC29A1"
"CDK9","ARRB2","SLC29A1"
"CDK9","CD28","SLC29A1"
"CDK9","INPP5D","SLC29A1"
"CDK9","FGFR2","SLC29A1"
"CDK9","GRB10","SLC29A1"
"CDK9","GRM5","SLC29A1"
"CDK9","PIK3CG","SLC29A1"
"CDK9","ABI1","SLC29A1"
"CDK9","PPP1R14B","SLC29A1"
"CDK9","MAPK3","ESPL1"
"CDK9","GSK3B/Axin/APC","ESPL1"
"CDK9","AURKA","ESPL1"
"CDK9","PRKCD","ESPL1"
"CDK9","CSNK2A1","ESPL1"
"CDK9","CDK1","ESPL1"
"CDK9","PRKCA","ESPL1"
"CDK9","ERK1/2","ESPL1"
"CDK9","CSNK1D","ESPL1"
"CDK9","PLK1","ESPL1"
"CDK9","LCK","ESPL1"
"CDK9","ABL1","ESPL1"
"CDK9","RPS6KA1","ESPL1"
"CDK9","PAK6","ESPL1"
"CDK9","PPP1R2","ESPL1"
"CDK9","MAP3K1","ESPL1"
"CDK9","AKT","ESPL1"
"CDK9","PIK3CA","ESPL1"
"CDK9","PTK2","ESPL1"
"CDK9","CyclinE/CDK2","ESPL1"
"CDK9","mTORC1","ESPL1"
"CDK9","RASSF1","ESPL1"
"CDK9","CDK3","ESPL1"
"CDK9","GRB2","ESPL1"
"CDK9","ZAP70","ESPL1"
"CDK9","NCOA2","ESPL1"
"CDK9","TRAF6","ESPL1"
"CDK9","AXIN1","ESPL1"
"CDK9","CDC25C","ESPL1"
"CDK9","PTPRA","ESPL1"
"CDK9","ESR1","ESPL1"
"CDK9","ARRB2","ESPL1"
"CDK9","CD28","ESPL1"
"CDK9","NR3C1","ESPL1"
"CDK9","MGluR","ESPL1"
"CDK9","INPP5D","ESPL1"
"CDK9","GAB2","ESPL1"
"CDK9","FGFR2","ESPL1"
"CDK9","GRB10","ESPL1"
"CDK9","PPP1R14A","ESPL1"
"CDK9","BORA","ESPL1"
"CDK9","PEBP1","ESPL1"
"CDK9","PPP1R14B","ESPL1"
"CDK9","GSK3B/Axin/APC","MYBPC3"
"CDK9","AURKA","MYBPC3"
"CDK9","MAPK1","MYBPC3"
"CDK9","CDK1","MYBPC3"
"CDK9","PRKCA","MYBPC3"
"CDK9","PTPN6","MYBPC3"
"CDK9","MAPK14","MYBPC3"
"CDK9","PTPRC","MYBPC3"
"CDK9","Gbeta","MYBPC3"
"CDK9","CSNK1D","MYBPC3"
"CDK9","PLK1","MYBPC3"
"CDK9","TGFBR1","MYBPC3"
"CDK9","CDK2","MYBPC3"
"CDK9","RPS6KA1","MYBPC3"
"CDK9","PAK6","MYBPC3"
"CDK9","CDK5","MYBPC3"
"CDK9","MAP3K1","MYBPC3"
"CDK9","AKT","MYBPC3"
"CDK9","PRKD1","MYBPC3"
"CDK9","IRS1","MYBPC3"
"CDK9","PIK3CA","MYBPC3"
"CDK9","PTK2","MYBPC3"
"CDK9","RNF111","MYBPC3"
"CDK9","RASSF1","MYBPC3"
"CDK9","CDK3","MYBPC3"
"CDK9","GRB2","MYBPC3"
"CDK9","ZAP70","MYBPC3"
"CDK9","TRAF6","MYBPC3"
"CDK9","SHC1","MYBPC3"
"CDK9","AXIN1","MYBPC3"
"CDK9","MAPKAPK5","MYBPC3"
"CDK9","CDK6","MYBPC3"
"CDK9","CDC25C","MYBPC3"
"CDK9","GAB1","MYBPC3"
"CDK9","ESR1","MYBPC3"
"CDK9","ARRB2","MYBPC3"
"CDK9","MGluR","MYBPC3"
"CDK9","INPP5D","MYBPC3"
"CDK9","FGFR2","MYBPC3"
"CDK9","GRM5","MYBPC3"
"CDK9","PIK3CG","MYBPC3"
"CDK9","BORA","MYBPC3"
"CDK9","PEBP1","MYBPC3"
"CDK9","MAPK3","IRX2"
"CDK9","PRKCD","IRX2"
"CDK9","MAPK1","IRX2"
"CDK9","PRKCA","IRX2"
"CDK9","PTPN6","IRX2"
"CDK9","Gbeta","IRX2"
"CDK9","CSNK1D","IRX2"
"CDK9","PLK1","IRX2"
"CDK9","TGFBR1","IRX2"
"CDK9","RPS6KA1","IRX2"
"CDK9","PAK6","IRX2"
"CDK9","GSK3B","IRX2"
"CDK9","PPP1R2","IRX2"
"CDK9","CDK5","IRX2"
"CDK9","AKT","IRX2"
"CDK9","IRS1","IRX2"
"CDK9","RNF111","IRX2"
"CDK9","CDK3","IRX2"
"CDK9","PTK6","IRX2"
"CDK9","SHC1","IRX2"
"CDK9","AXIN1","IRX2"
"CDK9","MAPKAPK5","IRX2"
"CDK9","CDC25B","IRX2"
"CDK9","GAB1","IRX2"
"CDK9","PTPRA","IRX2"
"CDK9","MGluR","IRX2"
"CDK9","INPP5D","IRX2"
"CDK9","GAB2","IRX2"
"CDK9","FGFR2","IRX2"
"CDK9","GRB10","IRX2"
"CDK9","BORA","IRX2"
"CDK9","PEBP1","IRX2"
"CDK9","CSNK2A1","TNNI3"
"CDK9","CDK1","TNNI3"
"CDK9","PRKCA","TNNI3"
"CDK9","PTPN6","TNNI3"
"CDK9","Gbeta","TNNI3"
"CDK9","CSNK1D","TNNI3"
"CDK9","PLK1","TNNI3"
"CDK9","TGFBR1","TNNI3"
"CDK9","RPS6KA1","TNNI3"
"CDK9","AKT","TNNI3"
"CDK9","PRKD1","TNNI3"
"CDK9","IRS1","TNNI3"
"CDK9","PIK3CA","TNNI3"
"CDK9","PTK2","TNNI3"
"CDK9","CyclinE/CDK2","TNNI3"
"CDK9","RASSF1","TNNI3"
"CDK9","ADRA2A","TNNI3"
"CDK9","CDK3","TNNI3"
"CDK9","GRB2","TNNI3"
"CDK9","ZAP70","TNNI3"
"CDK9","AXIN1","TNNI3"
"CDK9","MAPKAPK5","TNNI3"
"CDK9","ARRB2","TNNI3"
"CDK9","MGluR","TNNI3"
"CDK9","INPP5D","TNNI3"
"CDK9","GAB2","TNNI3"
"CDK9","NF2","TNNI3"
"CDK9","MAPK3","DPYSL3"
"CDK9","AURKA","DPYSL3"
"CDK9","CDK1","DPYSL3"
"CDK9","PTPN6","DPYSL3"
"CDK9","MAPK14","DPYSL3"
"CDK9","RPS6KA1","DPYSL3"
"CDK9","PAK6","DPYSL3"
"CDK9","PRKD1","DPYSL3"
"CDK9","PIK3CA","DPYSL3"
"CDK9","CyclinE/CDK2","DPYSL3"
"CDK9","RASSF1","DPYSL3"
"CDK9","MAPKAPK5","DPYSL3"
"CDK9","CDK6","DPYSL3"
"CDK9","GAB1","DPYSL3"
"CDK9","PTPRA","DPYSL3"
"CDK9","ARRB2","DPYSL3"
"CDK9","INPP5D","DPYSL3"
"CDK9","PEBP1","DPYSL3"
"CDK9","PPP1R14B","DPYSL3"
"CDK9","GSK3B/Axin/APC","MITF"
"CDK9","MAPK1","MITF"
"CDK9","PTPN6","MITF"
"CDK9","MAPK14","MITF"
"CDK9","CSNK1D","MITF"
"CDK9","LCK","MITF"
"CDK9","TGFBR1","MITF"
"CDK9","ABL1","MITF"
"CDK9","MAP3K1","MITF"
"CDK9","AKT","MITF"
"CDK9","CyclinE/CDK2","MITF"
"CDK9","RNF111","MITF"
"CDK9","mTORC1","MITF"
"CDK9","ADRA2A","MITF"
"CDK9","CDK3","MITF"
"CDK9","NCOA2","MITF"
"CDK9","CDK6","MITF"
"CDK9","CD28","MITF"
"CDK9","MGluR","MITF"
"CDK9","GAB2","MITF"
"CDK9","NF2","MITF"
"CDK9","GRB10","MITF"
"CDK9","GRM5","MITF"
"CDK9","BORA","MITF"
"CDK9","PEBP1","MITF"
"CDK9","GSK3B/Axin/APC","CASP9"
"CDK9","AURKA","CASP9"
"CDK9","CDK1","CASP9"
"CDK9","PTPRC","CASP9"
"CDK9","Gbeta","CASP9"
"CDK9","CSNK1D","CASP9"
"CDK9","LCK","CASP9"
"CDK9","RPS6KA1","CASP9"
"CDK9","PAK6","CASP9"
"CDK9","GSK3B","CASP9"
"CDK9","MAP3K1","CASP9"
"CDK9","IRS1","CASP9"
"CDK9","RASSF1","CASP9"
"CDK9","CDK3","CASP9"
"CDK9","NCOA2","CASP9"
"CDK9","CDC25B","CASP9"
"CDK9","NR3C1","CASP9"
"CDK9","MGluR","CASP9"
"CDK9","FGFR2","CASP9"
"CDK9","GRB10","CASP9"
"CDK9","PEBP1","CASP9"
"CDK9","PPP1R14B","CASP9"
"CDK9","MAPK3","SREBF2"
"CDK9","AURKA","SREBF2"
"CDK9","CSNK2A1","SREBF2"
"CDK9","MAPK14","SREBF2"
"CDK9","PTPRC","SREBF2"
"CDK9","Gbeta","SREBF2"
"CDK9","RPS6KA1","SREBF2"
"CDK9","GSK3B","SREBF2"
"CDK9","AKT","SREBF2"
"CDK9","PIK3CA","SREBF2"
"CDK9","PTK2","SREBF2"
"CDK9","CyclinE/CDK2","SREBF2"
"CDK9","RNF111","SREBF2"
"CDK9","RASSF1","SREBF2"
"CDK9","ADRA2A","SREBF2"
"CDK9","CDK3","SREBF2"
"CDK9","GRB2","SREBF2"
"CDK9","PTK6","SREBF2"
"CDK9","TRAF6","SREBF2"
"CDK9","SHC1","SREBF2"
"CDK9","AXIN1","SREBF2"
"CDK9","MAPKAPK5","SREBF2"
"CDK9","CDK6","SREBF2"
"CDK9","CDC25B","SREBF2"
"CDK9","LAT","SREBF2"
"CDK9","GAB1","SREBF2"
"CDK9","PTPRA","SREBF2"
"CDK9","ESR1","SREBF2"
"CDK9","ARRB2","SREBF2"
"CDK9","CD28","SREBF2"
"CDK9","INPP5D","SREBF2"
"CDK9","FGFR2","SREBF2"
"CDK9","NF2","SREBF2"
"CDK9","GRB10","SREBF2"
"CDK9","PIK3CG","SREBF2"
"CDK9","PPP1R14A","SREBF2"
"CDK9","ABI1","SREBF2"
"CDK9","BORA","SREBF2"
"CDK9","PEBP1","SREBF2"
"CDK9","MAPK3","CCNB1"
"CDK9","GSK3B/Axin/APC","CCNB1"
"CDK9","AURKA","CCNB1"
"CDK9","PRKCD","CCNB1"
"CDK9","CDK1","CCNB1"
"CDK9","PRKCA","CCNB1"
"CDK9","PTPN6","CCNB1"
"CDK9","MAPK14","CCNB1"
"CDK9","PTPRC","CCNB1"
"CDK9","ERK1/2","CCNB1"
"CDK9","Gbeta","CCNB1"
"CDK9","CSNK1D","CCNB1"
"CDK9","LCK","CCNB1"
"CDK9","TGFBR1","CCNB1"
"CDK9","ABL1","CCNB1"
"CDK9","RPS6KA1","CCNB1"
"CDK9","PAK6","CCNB1"
"CDK9","PPP1R2","CCNB1"
"CDK9","CDK5","CCNB1"
"CDK9","MAP3K1","CCNB1"
"CDK9","AKT","CCNB1"
"CDK9","PIK3CA","CCNB1"
"CDK9","PTK2","CCNB1"
"CDK9","mTORC1","CCNB1"
"CDK9","PTK6","CCNB1"
"CDK9","NCOA2","CCNB1"
"CDK9","MAPKAPK5","CCNB1"
"CDK9","CDK6","CCNB1"
"CDK9","CDC25B","CCNB1"
"CDK9","LAT","CCNB1"
"CDK9","NR3C1","CCNB1"
"CDK9","GAB2","CCNB1"
"CDK9","NF2","CCNB1"
"CDK9","PPP1R14A","CCNB1"
"CDK9","BORA","CCNB1"
"CDK9","PEBP1","CCNB1"
"CDK9","PPP1R14B","CCNB1"
"CDK9","MAPK1","SRF"
"CDK9","CSNK2A1","SRF"
"CDK9","CDK1","SRF"
"CDK9","PRKCA","SRF"
"CDK9","PTPN6","SRF"
"CDK9","LCK","SRF"
"CDK9","CDK5","SRF"
"CDK9","AKT","SRF"
"CDK9","PRKD1","SRF"
"CDK9","IRS1","SRF"
"CDK9","PIK3CA","SRF"
"CDK9","PTK2","SRF"
"CDK9","GRB2","SRF"
"CDK9","PTK6","SRF"
"CDK9","ZAP70","SRF"
"CDK9","TRAF6","SRF"
"CDK9","SHC1","SRF"
"CDK9","CDK6","SRF"
"CDK9","GAB1","SRF"
"CDK9","MGluR","SRF"
"CDK9","INPP5D","SRF"
"CDK9","GAB2","SRF"
"CDK9","FGFR2","SRF"
"CDK9","PPP1R14A","SRF"
"CDK9","ABI1","SRF"
"CDK9","BORA","SRF"
"CDK9","PPP1R14B","SRF"
"CDK9","MAPK3","CD3E"
"CDK9","MAPK1","CD3E"
"CDK9","PTPN6","CD3E"
"CDK9","MAPK14","CD3E"
"CDK9","PTPRC","CD3E"
"CDK9","ERK1/2","CD3E"
"CDK9","PLK1","CD3E"
"CDK9","TGFBR1","CD3E"
"CDK9","ABL1","CD3E"
"CDK9","CDK2","CD3E"
"CDK9","PAK6","CD3E"
"CDK9","GSK3B","CD3E"
"CDK9","PPP1R2","CD3E"
"CDK9","MAP3K1","CD3E"
"CDK9","IRS1","CD3E"
"CDK9","PIK3CA","CD3E"
"CDK9","RNF111","CD3E"
"CDK9","CDK3","CD3E"
"CDK9","GRB2","CD3E"
"CDK9","TRAF6","CD3E"
"CDK9","CDK6","CD3E"
"CDK9","PTPRA","CD3E"
"CDK9","GRM5","CD3E"
"CDK9","PEBP1","CD3E"
"CDK9","MAPK1","TP73"
"CDK9","CSNK2A1","TP73"
"CDK9","CDK1","TP73"
"CDK9","PTPRC","TP73"
"CDK9","PLK1","TP73"
"CDK9","CDK2","TP73"
"CDK9","PPP1R2","TP73"
"CDK9","MAP3K1","TP73"
"CDK9","PRKD1","TP73"
"CDK9","CyclinE/CDK2","TP73"
"CDK9","RNF111","TP73"
"CDK9","mTORC1","TP73"
"CDK9","RASSF1","TP73"
"CDK9","TRAF6","TP73"
"CDK9","PTPRA","TP73"
"CDK9","ESR1","TP73"
"CDK9","GRB10","TP73"
"CDK9","GRM5","TP73"
"CDK9","PIK3CG","TP73"
"CDK9","ABI1","TP73"
"CDK9","GSK3B/Axin/APC","UHRF1"
"CDK9","AURKA","UHRF1"
"CDK9","PRKCD","UHRF1"
"CDK9","CDK1","UHRF1"
"CDK9","PRKCA","UHRF1"
"CDK9","MAPK14","UHRF1"
"CDK9","PTPRC","UHRF1"
"CDK9","Gbeta","UHRF1"
"CDK9","LCK","UHRF1"
"CDK9","TGFBR1","UHRF1"
"CDK9","ABL1","UHRF1"
"CDK9","RPS6KA1","UHRF1"
"CDK9","PAK6","UHRF1"
"CDK9","GSK3B","UHRF1"
"CDK9","PPP1R2","UHRF1"
"CDK9","CDK5","UHRF1"
"CDK9","AKT","UHRF1"
"CDK9","IRS1","UHRF1"
"CDK9","PIK3CA","UHRF1"
"CDK9","PTK2","UHRF1"
"CDK9","RNF111","UHRF1"
"CDK9","mTORC1","UHRF1"
"CDK9","CDK3","UHRF1"
"CDK9","GRB2","UHRF1"
"CDK9","PTK6","UHRF1"
"CDK9","NCOA2","UHRF1"
"CDK9","TRAF6","UHRF1"
"CDK9","SHC1","UHRF1"
"CDK9","AXIN1","UHRF1"
"CDK9","MAPKAPK5","UHRF1"
"CDK9","CDC25C","UHRF1"
"CDK9","CDC25B","UHRF1"
"CDK9","GAB1","UHRF1"
"CDK9","PTPRA","UHRF1"
"CDK9","ESR1","UHRF1"
"CDK9","ARRB2","UHRF1"
"CDK9","CD28","UHRF1"
"CDK9","NR3C1","UHRF1"
"CDK9","MGluR","UHRF1"
"CDK9","INPP5D","UHRF1"
"CDK9","FGFR2","UHRF1"
"CDK9","GRB10","UHRF1"
"CDK9","GRM5","UHRF1"
"CDK9","PIK3CG","UHRF1"
"CDK9","PPP1R14A","UHRF1"
"CDK9","ABI1","UHRF1"
"CDK9","BORA","UHRF1"
"CDK9","PPP1R14B","UHRF1"
"CDK9","MAPK3","CASP7"
"CDK9","GSK3B/Axin/APC","CASP7"
"CDK9","PRKCD","CASP7"
"CDK9","MAPK1","CASP7"
"CDK9","CDK1","CASP7"
"CDK9","PTPN6","CASP7"
"CDK9","MAPK14","CASP7"
"CDK9","PTPRC","CASP7"
"CDK9","Gbeta","CASP7"
"CDK9","CSNK1D","CASP7"
"CDK9","LCK","CASP7"
"CDK9","GSK3B","CASP7"
"CDK9","PPP1R2","CASP7"
"CDK9","CDK5","CASP7"
"CDK9","IRS1","CASP7"
"CDK9","PIK3CA","CASP7"
"CDK9","RNF111","CASP7"
"CDK9","ZAP70","CASP7"
"CDK9","NCOA2","CASP7"
"CDK9","SHC1","CASP7"
"CDK9","GAB1","CASP7"
"CDK9","PTPRA","CASP7"
"CDK9","ARRB2","CASP7"
"CDK9","CD28","CASP7"
"CDK9","MGluR","CASP7"
"CDK9","INPP5D","CASP7"
"CDK9","GAB2","CASP7"
"CDK9","MAPK3","ETV1"
"CDK9","AURKA","ETV1"
"CDK9","PRKCD","ETV1"
"CDK9","CSNK2A1","ETV1"
"CDK9","CDK1","ETV1"
"CDK9","PTPN6","ETV1"
"CDK9","MAPK14","ETV1"
"CDK9","ERK1/2","ETV1"
"CDK9","PLK1","ETV1"
"CDK9","LCK","ETV1"
"CDK9","TGFBR1","ETV1"
"CDK9","CDK2","ETV1"
"CDK9","RPS6KA1","ETV1"
"CDK9","PPP1R2","ETV1"
"CDK9","AKT","ETV1"
"CDK9","PIK3CA","ETV1"
"CDK9","CyclinE/CDK2","ETV1"
"CDK9","RNF111","ETV1"
"CDK9","mTORC1","ETV1"
"CDK9","ADRA2A","ETV1"
"CDK9","ZAP70","ETV1"
"CDK9","NCOA2","ETV1"
"CDK9","TRAF6","ETV1"
"CDK9","SHC1","ETV1"
"CDK9","AXIN1","ETV1"
"CDK9","MAPKAPK5","ETV1"
"CDK9","CDC25C","ETV1"
"CDK9","CDC25B","ETV1"
"CDK9","LAT","ETV1"
"CDK9","PTPRA","ETV1"
"CDK9","ESR1","ETV1"
"CDK9","ARRB2","ETV1"
"CDK9","CD28","ETV1"
"CDK9","NR3C1","ETV1"
"CDK9","MGluR","ETV1"
"CDK9","INPP5D","ETV1"
"CDK9","FGFR2","ETV1"
"CDK9","GRB10","ETV1"
"CDK9","GRM5","ETV1"
"CDK9","PIK3CG","ETV1"
"CDK9","PPP1R14A","ETV1"
"CDK9","PEBP1","ETV1"
"CDK9","PPP1R14B","ETV1"
"CDK9","MAPK3","PSEN2"
"CDK9","GSK3B/Axin/APC","PSEN2"
"CDK9","PRKCD","PSEN2"
"CDK9","MAPK1","PSEN2"
"CDK9","CDK1","PSEN2"
"CDK9","PTPN6","PSEN2"
"CDK9","Gbeta","PSEN2"
"CDK9","PLK1","PSEN2"
"CDK9","ABL1","PSEN2"
"CDK9","RPS6KA1","PSEN2"
"CDK9","PAK6","PSEN2"
"CDK9","PPP1R2","PSEN2"
"CDK9","CDK5","PSEN2"
"CDK9","AKT","PSEN2"
"CDK9","IRS1","PSEN2"
"CDK9","CyclinE/CDK2","PSEN2"
"CDK9","RASSF1","PSEN2"
"CDK9","ADRA2A","PSEN2"
"CDK9","CDK3","PSEN2"
"CDK9","GRB2","PSEN2"
"CDK9","NCOA2","PSEN2"
"CDK9","TRAF6","PSEN2"
"CDK9","SHC1","PSEN2"
"CDK9","CDK6","PSEN2"
"CDK9","LAT","PSEN2"
"CDK9","ESR1","PSEN2"
"CDK9","ARRB2","PSEN2"
"CDK9","GAB2","PSEN2"
"CDK9","FGFR2","PSEN2"
"CDK9","GRB10","PSEN2"
"CDK9","GRM5","PSEN2"
"CDK9","PIK3CG","PSEN2"
"CDK9","ABI1","PSEN2"
"CDK9","MAPK3","CRTC1"
"CDK9","GSK3B/Axin/APC","CRTC1"
"CDK9","PRKCD","CRTC1"
"CDK9","MAPK1","CRTC1"
"CDK9","CDK1","CRTC1"
"CDK9","PRKCA","CRTC1"
"CDK9","PTPN6","CRTC1"
"CDK9","PTPRC","CRTC1"
"CDK9","Gbeta","CRTC1"
"CDK9","LCK","CRTC1"
"CDK9","GSK3B","CRTC1"
"CDK9","PPP1R2","CRTC1"
"CDK9","CDK5","CRTC1"
"CDK9","AKT","CRTC1"
"CDK9","PRKD1","CRTC1"
"CDK9","PIK3CA","CRTC1"
"CDK9","PTK2","CRTC1"
"CDK9","CyclinE/CDK2","CRTC1"
"CDK9","RNF111","CRTC1"
"CDK9","mTORC1","CRTC1"
"CDK9","RASSF1","CRTC1"
"CDK9","ADRA2A","CRTC1"
"CDK9","CDK3","CRTC1"
"CDK9","MAPKAPK5","CRTC1"
"CDK9","CDK6","CRTC1"
"CDK9","CDC25C","CRTC1"
"CDK9","CDC25B","CRTC1"
"CDK9","GAB1","CRTC1"
"CDK9","ESR1","CRTC1"
"CDK9","ARRB2","CRTC1"
"CDK9","CD28","CRTC1"
"CDK9","NR3C1","CRTC1"
"CDK9","MGluR","CRTC1"
"CDK9","INPP5D","CRTC1"
"CDK9","GAB2","CRTC1"
"CDK9","FGFR2","CRTC1"
"CDK9","GRB10","CRTC1"
"CDK9","BORA","CRTC1"
"CDK9","PEBP1","CRTC1"
"CDK9","MAPK3","METTL3"
"CDK9","GSK3B/Axin/APC","METTL3"
"CDK9","AURKA","METTL3"
"CDK9","PRKCD","METTL3"
"CDK9","MAPK1","METTL3"
"CDK9","CSNK2A1","METTL3"
"CDK9","MAPK14","METTL3"
"CDK9","PTPRC","METTL3"
"CDK9","RPS6KA1","METTL3"
"CDK9","PPP1R2","METTL3"
"CDK9","CyclinE/CDK2","METTL3"
"CDK9","RNF111","METTL3"
"CDK9","ADRA2A","METTL3"
"CDK9","CDK3","METTL3"
"CDK9","GRB2","METTL3"
"CDK9","PTK6","METTL3"
"CDK9","ZAP70","METTL3"
"CDK9","CDC25B","METTL3"
"CDK9","LAT","METTL3"
"CDK9","ARRB2","METTL3"
"CDK9","MGluR","METTL3"
"CDK9","NF2","METTL3"
"CDK9","GRM5","METTL3"
"CDK9","PIK3CG","METTL3"
"CDK9","ABI1","METTL3"
"CDK9","PPP1R14B","METTL3"
"CDK9","AURKA","KIR3DL1"
"CDK9","CSNK2A1","KIR3DL1"
"CDK9","PRKCA","KIR3DL1"
"CDK9","MAPK14","KIR3DL1"
"CDK9","PTPRC","KIR3DL1"
"CDK9","PPP1R2","KIR3DL1"
"CDK9","MAP3K1","KIR3DL1"
"CDK9","PRKD1","KIR3DL1"
"CDK9","IRS1","KIR3DL1"
"CDK9","PTK2","KIR3DL1"
"CDK9","RASSF1","KIR3DL1"
"CDK9","GRB2","KIR3DL1"
"CDK9","PTK6","KIR3DL1"
"CDK9","TRAF6","KIR3DL1"
"CDK9","MAPKAPK5","KIR3DL1"
"CDK9","CDK6","KIR3DL1"
"CDK9","CDC25B","KIR3DL1"
"CDK9","LAT","KIR3DL1"
"CDK9","GAB1","KIR3DL1"
"CDK9","PTPRA","KIR3DL1"
"CDK9","CD28","KIR3DL1"
"CDK9","INPP5D","KIR3DL1"
"CDK9","GAB2","KIR3DL1"
"CDK9","NF2","KIR3DL1"
"CDK9","GRM5","KIR3DL1"
"CDK9","ABI1","KIR3DL1"
"CDK9","PEBP1","KIR3DL1"
"CDK9","PPP1R14B","KIR3DL1"
"CDK9","AURKA","NFATC4"
"CDK9","MAPK1","NFATC4"
"CDK9","CDK1","NFATC4"
"CDK9","PRKCA","NFATC4"
"CDK9","PTPN6","NFATC4"
"CDK9","MAPK14","NFATC4"
"CDK9","ERK1/2","NFATC4"
"CDK9","LCK","NFATC4"
"CDK9","TGFBR1","NFATC4"
"CDK9","ABL1","NFATC4"
"CDK9","CDK2","NFATC4"
"CDK9","RPS6KA1","NFATC4"
"CDK9","PAK6","NFATC4"
"CDK9","PPP1R2","NFATC4"
"CDK9","CDK5","NFATC4"
"CDK9","AKT","NFATC4"
"CDK9","IRS1","NFATC4"
"CDK9","PIK3CA","NFATC4"
"CDK9","PTK2","NFATC4"
"CDK9","CyclinE/CDK2","NFATC4"
"CDK9","mTORC1","NFATC4"
"CDK9","RASSF1","NFATC4"
"CDK9","CDK3","NFATC4"
"CDK9","NCOA2","NFATC4"
"CDK9","SHC1","NFATC4"
"CDK9","AXIN1","NFATC4"
"CDK9","MAPKAPK5","NFATC4"
"CDK9","CDK6","NFATC4"
"CDK9","CDC25B","NFATC4"
"CDK9","LAT","NFATC4"
"CDK9","MGluR","NFATC4"
"CDK9","GRB10","NFATC4"
"CDK9","PPP1R14A","NFATC4"
"CDK9","Gbeta","DCX"
"CDK9","LCK","DCX"
"CDK9","ABL1","DCX"
"CDK9","PIK3CA","DCX"
"CDK9","CyclinE/CDK2","DCX"
"CDK9","mTORC1","DCX"
"CDK9","TRAF6","DCX"
"CDK9","SHC1","DCX"
"CDK9","AXIN1","DCX"
"CDK9","LAT","DCX"
"CDK9","ESR1","DCX"
"CDK9","NR3C1","DCX"
"CDK9","MGluR","DCX"
"CDK9","NF2","DCX"
"CDK9","PIK3CG","DCX"
"CDK9","AURKA","L1CAM"
"CDK9","CDK1","L1CAM"
"CDK9","ERK1/2","L1CAM"
"CDK9","Gbeta","L1CAM"
"CDK9","PLK1","L1CAM"
"CDK9","ABL1","L1CAM"
"CDK9","RPS6KA1","L1CAM"
"CDK9","PAK6","L1CAM"
"CDK9","PPP1R2","L1CAM"
"CDK9","CDK5","L1CAM"
"CDK9","mTORC1","L1CAM"
"CDK9","ADRA2A","L1CAM"
"CDK9","TRAF6","L1CAM"
"CDK9","AXIN1","L1CAM"
"CDK9","CDC25B","L1CAM"
"CDK9","LAT","L1CAM"
"CDK9","PTPRA","L1CAM"
"CDK9","ESR1","L1CAM"
"CDK9","MGluR","L1CAM"
"CDK9","NF2","L1CAM"
"CDK9","GRM5","L1CAM"
"CDK9","PPP1R14A","L1CAM"
"CDK9","ABI1","L1CAM"
"CDK9","BORA","L1CAM"
"CDK9","AURKA","NR5A1"
"CDK9","PRKCD","NR5A1"
"CDK9","CDK1","NR5A1"
"CDK9","MAPK14","NR5A1"
"CDK9","PTPRC","NR5A1"
"CDK9","PLK1","NR5A1"
"CDK9","TGFBR1","NR5A1"
"CDK9","PAK6","NR5A1"
"CDK9","GSK3B","NR5A1"
"CDK9","PPP1R2","NR5A1"
"CDK9","AKT","NR5A1"
"CDK9","PRKD1","NR5A1"
"CDK9","PIK3CA","NR5A1"
"CDK9","CyclinE/CDK2","NR5A1"
"CDK9","mTORC1","NR5A1"
"CDK9","RASSF1","NR5A1"
"CDK9","ADRA2A","NR5A1"
"CDK9","GRB2","NR5A1"
"CDK9","PTK6","NR5A1"
"CDK9","SHC1","NR5A1"
"CDK9","AXIN1","NR5A1"
"CDK9","CDC25B","NR5A1"
"CDK9","PTPRA","NR5A1"
"CDK9","ESR1","NR5A1"
"CDK9","CD28","NR5A1"
"CDK9","MGluR","NR5A1"
"CDK9","FGFR2","NR5A1"
"CDK9","NF2","NR5A1"
"CDK9","GRM5","NR5A1"
"CDK9","ABI1","NR5A1"
"CDK9","PEBP1","NR5A1"
"CDK9","MAPK3","Microprocessor complex"
"CDK9","GSK3B/Axin/APC","Microprocessor complex"
"CDK9","AURKA","Microprocessor complex"
"CDK9","PRKCD","Microprocessor complex"
"CDK9","CDK1","Microprocessor complex"
"CDK9","MAPK14","Microprocessor complex"
"CDK9","PTPRC","Microprocessor complex"
"CDK9","ERK1/2","Microprocessor complex"
"CDK9","Gbeta","Microprocessor complex"
"CDK9","CSNK1D","Microprocessor complex"
"CDK9","PLK1","Microprocessor complex"
"CDK9","TGFBR1","Microprocessor complex"
"CDK9","ABL1","Microprocessor complex"
"CDK9","CDK2","Microprocessor complex"
"CDK9","GSK3B","Microprocessor complex"
"CDK9","PPP1R2","Microprocessor complex"
"CDK9","MAP3K1","Microprocessor complex"
"CDK9","IRS1","Microprocessor complex"
"CDK9","PTK2","Microprocessor complex"
"CDK9","RASSF1","Microprocessor complex"
"CDK9","CDK3","Microprocessor complex"
"CDK9","GRB2","Microprocessor complex"
"CDK9","PTK6","Microprocessor complex"
"CDK9","ZAP70","Microprocessor complex"
"CDK9","NCOA2","Microprocessor complex"
"CDK9","AXIN1","Microprocessor complex"
"CDK9","MAPKAPK5","Microprocessor complex"
"CDK9","CDC25C","Microprocessor complex"
"CDK9","CDC25B","Microprocessor complex"
"CDK9","LAT","Microprocessor complex"
"CDK9","MGluR","Microprocessor complex"
"CDK9","PPP1R14B","Microprocessor complex"
"CDK9","PRKCA","MAZ"
"CDK9","PLK1","MAZ"
"CDK9","PAK6","MAZ"
"CDK9","RASSF1","MAZ"
"CDK9","TRAF6","MAZ"
"CDK9","SHC1","MAZ"
"CDK9","CDK6","MAZ"
"CDK9","ARRB2","MAZ"
"CDK9","CD28","MAZ"
"CDK9","MGluR","MAZ"
"CDK9","FGFR2","MAZ"
"CDK9","GRM5","MAZ"
"CDK9","AURKA","SCN8A"
"CDK9","PLK1","SCN8A"
"CDK9","TGFBR1","SCN8A"
"CDK9","ZAP70","SCN8A"
"CDK9","TRAF6","SCN8A"
"CDK9","CDK6","SCN8A"
"CDK9","PTPRA","SCN8A"
"CDK9","ESR1","SCN8A"
"CDK9","CD28","SCN8A"
"CDK9","INPP5D","SCN8A"
"CDK9","PIK3CG","SCN8A"
"CDK9","BORA","SCN8A"
"CDK9","PPP1R14B","SCN8A"
"CDK9","MAPK3","RPS6"
"CDK9","CDK1","RPS6"
"CDK9","PRKCA","RPS6"
"CDK9","PTPN6","RPS6"
"CDK9","Gbeta","RPS6"
"CDK9","TGFBR1","RPS6"
"CDK9","ABL1","RPS6"
"CDK9","MAP3K1","RPS6"
"CDK9","PRKD1","RPS6"
"CDK9","PTK2","RPS6"
"CDK9","CyclinE/CDK2","RPS6"
"CDK9","RASSF1","RPS6"
"CDK9","ADRA2A","RPS6"
"CDK9","CDK3","RPS6"
"CDK9","PTK6","RPS6"
"CDK9","TRAF6","RPS6"
"CDK9","SHC1","RPS6"
"CDK9","LAT","RPS6"
"CDK9","GAB1","RPS6"
"CDK9","ESR1","RPS6"
"CDK9","NF2","RPS6"
"CDK9","GRM5","RPS6"
"CDK9","PIK3CG","RPS6"
"CDK9","PPP1R14A","RPS6"
"CDK9","ABI1","RPS6"
"CDK9","GSK3B/Axin/APC","MEFV"
"CDK9","CSNK2A1","MEFV"
"CDK9","PRKCA","MEFV"
"CDK9","PTPN6","MEFV"
"CDK9","MAPK14","MEFV"
"CDK9","LCK","MEFV"
"CDK9","RPS6KA1","MEFV"
"CDK9","PAK6","MEFV"
"CDK9","GSK3B","MEFV"
"CDK9","MAP3K1","MEFV"
"CDK9","PRKD1","MEFV"
"CDK9","PTK2","MEFV"
"CDK9","CyclinE/CDK2","MEFV"
"CDK9","RNF111","MEFV"
"CDK9","RASSF1","MEFV"
"CDK9","ADRA2A","MEFV"
"CDK9","CDK3","MEFV"
"CDK9","TRAF6","MEFV"
"CDK9","AXIN1","MEFV"
"CDK9","MAPKAPK5","MEFV"
"CDK9","CDK6","MEFV"
"CDK9","LAT","MEFV"
"CDK9","GAB1","MEFV"
"CDK9","NR3C1","MEFV"
"CDK9","MGluR","MEFV"
"CDK9","GRM5","MEFV"
"CDK9","PIK3CG","MEFV"
"CDK9","PPP1R14A","MEFV"
"CDK9","GSK3B/Axin/APC","NFATC3"
"CDK9","PRKCD","NFATC3"
"CDK9","MAPK1","NFATC3"
"CDK9","CSNK2A1","NFATC3"
"CDK9","CDK1","NFATC3"
"CDK9","PRKCA","NFATC3"
"CDK9","PTPN6","NFATC3"
"CDK9","PTPRC","NFATC3"
"CDK9","Gbeta","NFATC3"
"CDK9","CSNK1D","NFATC3"
"CDK9","PLK1","NFATC3"
"CDK9","LCK","NFATC3"
"CDK9","TGFBR1","NFATC3"
"CDK9","CDK2","NFATC3"
"CDK9","PPP1R2","NFATC3"
"CDK9","CDK5","NFATC3"
"CDK9","MAP3K1","NFATC3"
"CDK9","AKT","NFATC3"
"CDK9","PRKD1","NFATC3"
"CDK9","IRS1","NFATC3"
"CDK9","PIK3CA","NFATC3"
"CDK9","RNF111","NFATC3"
"CDK9","ADRA2A","NFATC3"
"CDK9","CDK3","NFATC3"
"CDK9","GRB2","NFATC3"
"CDK9","PTK6","NFATC3"
"CDK9","ZAP70","NFATC3"
"CDK9","NCOA2","NFATC3"
"CDK9","TRAF6","NFATC3"
"CDK9","MAPKAPK5","NFATC3"
"CDK9","CDK6","NFATC3"
"CDK9","CDC25B","NFATC3"
"CDK9","ESR1","NFATC3"
"CDK9","ARRB2","NFATC3"
"CDK9","MGluR","NFATC3"
"CDK9","INPP5D","NFATC3"
"CDK9","FGFR2","NFATC3"
"CDK9","NF2","NFATC3"
"CDK9","GRB10","NFATC3"
"CDK9","GRM5","NFATC3"
"CDK9","PPP1R14A","NFATC3"
"CDK9","ABI1","NFATC3"
"CDK9","PEBP1","NFATC3"
"CDK9","PPP1R14B","NFATC3"
"CDK9","MAPK3","VDAC1"
"CDK9","AURKA","VDAC1"
"CDK9","PRKCD","VDAC1"
"CDK9","MAPK1","VDAC1"
"CDK9","CSNK2A1","VDAC1"
"CDK9","PTPN6","VDAC1"
"CDK9","PTPRC","VDAC1"
"CDK9","ERK1/2","VDAC1"
"CDK9","PLK1","VDAC1"
"CDK9","ABL1","VDAC1"
"CDK9","CDK2","VDAC1"
"CDK9","RPS6KA1","VDAC1"
"CDK9","PAK6","VDAC1"
"CDK9","GSK3B","VDAC1"
"CDK9","PPP1R2","VDAC1"
"CDK9","CDK5","VDAC1"
"CDK9","MAP3K1","VDAC1"
"CDK9","AKT","VDAC1"
"CDK9","PRKD1","VDAC1"
"CDK9","IRS1","VDAC1"
"CDK9","PTK2","VDAC1"
"CDK9","CyclinE/CDK2","VDAC1"
"CDK9","RNF111","VDAC1"
"CDK9","mTORC1","VDAC1"
"CDK9","RASSF1","VDAC1"
"CDK9","PTK6","VDAC1"
"CDK9","SHC1","VDAC1"
"CDK9","MAPKAPK5","VDAC1"
"CDK9","CDK6","VDAC1"
"CDK9","CDC25B","VDAC1"
"CDK9","LAT","VDAC1"
"CDK9","GAB1","VDAC1"
"CDK9","MGluR","VDAC1"
"CDK9","GRB10","VDAC1"
"CDK9","PPP1R14A","VDAC1"
"CDK9","BORA","VDAC1"
"CDK9","PRKCD","SPHK2"
"CDK9","MAPK1","SPHK2"
"CDK9","CSNK2A1","SPHK2"
"CDK9","MAPK14","SPHK2"
"CDK9","ERK1/2","SPHK2"
"CDK9","CSNK1D","SPHK2"
"CDK9","ABL1","SPHK2"
"CDK9","CyclinE/CDK2","SPHK2"
"CDK9","PTK6","SPHK2"
"CDK9","MAPKAPK5","SPHK2"
"CDK9","LAT","SPHK2"
"CDK9","GAB1","SPHK2"
"CDK9","PTPRA","SPHK2"
"CDK9","ESR1","SPHK2"
"CDK9","PEBP1","SPHK2"
"CDK9","CSNK2A1","SIGLEC10"
"CDK9","PTPRC","SIGLEC10"
"CDK9","CSNK1D","SIGLEC10"
"CDK9","RPS6KA1","SIGLEC10"
"CDK9","IRS1","SIGLEC10"
"CDK9","PTK2","SIGLEC10"
"CDK9","CyclinE/CDK2","SIGLEC10"
"CDK9","GRB2","SIGLEC10"
"CDK9","PTK6","SIGLEC10"
"CDK9","SHC1","SIGLEC10"
"CDK9","CDC25C","SIGLEC10"
"CDK9","GAB1","SIGLEC10"
"CDK9","ESR1","SIGLEC10"
"CDK9","ARRB2","SIGLEC10"
"CDK9","MGluR","SIGLEC10"
"CDK9","INPP5D","SIGLEC10"
"CDK9","GAB2","SIGLEC10"
"CDK9","FGFR2","SIGLEC10"
"CDK9","NF2","SIGLEC10"
"CDK9","GRB10","SIGLEC10"
"CDK9","GRM5","SIGLEC10"
"CDK9","BORA","SIGLEC10"
"CDK9","PEBP1","SIGLEC10"
"CDK9","MAPK3","TCR"
"CDK9","GSK3B/Axin/APC","TCR"
"CDK9","AURKA","TCR"
"CDK9","PRKCD","TCR"
"CDK9","MAPK1","TCR"
"CDK9","CSNK2A1","TCR"
"CDK9","PRKCA","TCR"
"CDK9","PTPN6","TCR"
"CDK9","MAPK14","TCR"
"CDK9","PTPRC","TCR"
"CDK9","ERK1/2","TCR"
"CDK9","Gbeta","TCR"
"CDK9","CSNK1D","TCR"
"CDK9","PLK1","TCR"
"CDK9","CDK2","TCR"
"CDK9","RPS6KA1","TCR"
"CDK9","PAK6","TCR"
"CDK9","GSK3B","TCR"
"CDK9","PPP1R2","TCR"
"CDK9","CDK5","TCR"
"CDK9","MAP3K1","TCR"
"CDK9","AKT","TCR"
"CDK9","PRKD1","TCR"
"CDK9","IRS1","TCR"
"CDK9","PIK3CA","TCR"
"CDK9","PTK2","TCR"
"CDK9","CyclinE/CDK2","TCR"
"CDK9","RNF111","TCR"
"CDK9","RASSF1","TCR"
"CDK9","CDK3","TCR"
"CDK9","GRB2","TCR"
"CDK9","PTK6","TCR"
"CDK9","ZAP70","TCR"
"CDK9","TRAF6","TCR"
"CDK9","SHC1","TCR"
"CDK9","MAPKAPK5","TCR"
"CDK9","CDK6","TCR"
"CDK9","CDC25B","TCR"
"CDK9","LAT","TCR"
"CDK9","GAB1","TCR"
"CDK9","GAB2","TCR"
"CDK9","FGFR2","TCR"
"CDK9","GRM5","TCR"
"CDK9","PIK3CG","TCR"
"CDK9","BORA","TCR"
"CDK9","PPP1R14B","TCR"
"CDK9","GSK3B/Axin/APC","YBX1"
"CDK9","PRKCD","YBX1"
"CDK9","PRKCA","YBX1"
"CDK9","MAPK14","YBX1"
"CDK9","PTPRC","YBX1"
"CDK9","ERK1/2","YBX1"
"CDK9","Gbeta","YBX1"
"CDK9","TGFBR1","YBX1"
"CDK9","ABL1","YBX1"
"CDK9","IRS1","YBX1"
"CDK9","CyclinE/CDK2","YBX1"
"CDK9","RNF111","YBX1"
"CDK9","GRB2","YBX1"
"CDK9","PTK6","YBX1"
"CDK9","NCOA2","YBX1"
"CDK9","AXIN1","YBX1"
"CDK9","MAPKAPK5","YBX1"
"CDK9","LAT","YBX1"
"CDK9","GAB1","YBX1"
"CDK9","ARRB2","YBX1"
"CDK9","NR3C1","YBX1"
"CDK9","MGluR","YBX1"
"CDK9","INPP5D","YBX1"
"CDK9","GRB10","YBX1"
"CDK9","PIK3CG","YBX1"
"CDK9","AURKA","RPTOR"
"CDK9","PLK1","RPTOR"
"CDK9","TGFBR1","RPTOR"
"CDK9","RPS6KA1","RPTOR"
"CDK9","PAK6","RPTOR"
"CDK9","GSK3B","RPTOR"
"CDK9","PRKD1","RPTOR"
"CDK9","PTK2","RPTOR"
"CDK9","GRB2","RPTOR"
"CDK9","PTK6","RPTOR"
"CDK9","ZAP70","RPTOR"
"CDK9","SHC1","RPTOR"
"CDK9","AXIN1","RPTOR"
"CDK9","CDC25C","RPTOR"
"CDK9","CDC25B","RPTOR"
"CDK9","LAT","RPTOR"
"CDK9","GAB1","RPTOR"
"CDK9","ESR1","RPTOR"
"CDK9","CD28","RPTOR"
"CDK9","NR3C1","RPTOR"
"CDK9","MGluR","RPTOR"
"CDK9","GAB2","RPTOR"
"CDK9","FGFR2","RPTOR"
"CDK9","PEBP1","RPTOR"
"CDK9","ERK1/2","PGAM1"
"CDK9","PLK1","PGAM1"
"CDK9","LCK","PGAM1"
"CDK9","TGFBR1","PGAM1"
"CDK9","CyclinE/CDK2","PGAM1"
"CDK9","RNF111","PGAM1"
"CDK9","mTORC1","PGAM1"
"CDK9","PTK6","PGAM1"
"CDK9","SHC1","PGAM1"
"CDK9","AXIN1","PGAM1"
"CDK9","MAPKAPK5","PGAM1"
"CDK9","CDK6","PGAM1"
"CDK9","GRB10","PGAM1"
"CDK9","GSK3B/Axin/APC","CD247"
"CDK9","AURKA","CD247"
"CDK9","PRKCD","CD247"
"CDK9","CSNK2A1","CD247"
"CDK9","PRKCA","CD247"
"CDK9","ERK1/2","CD247"
"CDK9","CSNK1D","CD247"
"CDK9","PLK1","CD247"
"CDK9","ABL1","CD247"
"CDK9","CDK2","CD247"
"CDK9","PAK6","CD247"
"CDK9","AKT","CD247"
"CDK9","PRKD1","CD247"
"CDK9","PIK3CA","CD247"
"CDK9","PTK2","CD247"
"CDK9","RNF111","CD247"
"CDK9","mTORC1","CD247"
"CDK9","RASSF1","CD247"
"CDK9","ADRA2A","CD247"
"CDK9","PTK6","CD247"
"CDK9","ZAP70","CD247"
"CDK9","MAPKAPK5","CD247"
"CDK9","CDC25C","CD247"
"CDK9","LAT","CD247"
"CDK9","GAB1","CD247"
"CDK9","PTPRA","CD247"
"CDK9","ARRB2","CD247"
"CDK9","CD28","CD247"
"CDK9","MGluR","CD247"
"CDK9","INPP5D","CD247"
"CDK9","GAB2","CD247"
"CDK9","FGFR2","CD247"
"CDK9","NF2","CD247"
"CDK9","GRM5","CD247"
"CDK9","PIK3CG","CD247"
"CDK9","PPP1R14A","CD247"
"CDK9","BORA","CD247"
"CDK9","PEBP1","CD247"
"CDK9","PPP1R14B","CD247"
"CDK9","MAPK3","PIK3R2"
"CDK9","GSK3B/Axin/APC","PIK3R2"
"CDK9","PRKCD","PIK3R2"
"CDK9","PRKCA","PIK3R2"
"CDK9","PTPN6","PIK3R2"
"CDK9","MAPK14","PIK3R2"
"CDK9","PTPRC","PIK3R2"
"CDK9","Gbeta","PIK3R2"
"CDK9","CSNK1D","PIK3R2"
"CDK9","PLK1","PIK3R2"
"CDK9","TGFBR1","PIK3R2"
"CDK9","ABL1","PIK3R2"
"CDK9","CDK2","PIK3R2"
"CDK9","RPS6KA1","PIK3R2"
"CDK9","PAK6","PIK3R2"
"CDK9","GSK3B","PIK3R2"
"CDK9","PPP1R2","PIK3R2"
"CDK9","AKT","PIK3R2"
"CDK9","PRKD1","PIK3R2"
"CDK9","CDK3","PIK3R2"
"CDK9","PTK6","PIK3R2"
"CDK9","TRAF6","PIK3R2"
"CDK9","MAPKAPK5","PIK3R2"
"CDK9","LAT","PIK3R2"
"CDK9","PTPRA","PIK3R2"
"CDK9","ARRB2","PIK3R2"
"CDK9","CD28","PIK3R2"
"CDK9","NR3C1","PIK3R2"
"CDK9","MGluR","PIK3R2"
"CDK9","NF2","PIK3R2"
"CDK9","GRM5","PIK3R2"
"CDK9","PIK3CG","PIK3R2"
"CDK9","PPP1R14A","PIK3R2"
"CDK9","ABI1","PIK3R2"
"CDK9","PPP1R14B","PIK3R2"
"CDK9","GSK3B/Axin/APC","RPS3"
"CDK9","CDK1","RPS3"
"CDK9","ERK1/2","RPS3"
"CDK9","Gbeta","RPS3"
"CDK9","PLK1","RPS3"
"CDK9","CDK2","RPS3"
"CDK9","PAK6","RPS3"
"CDK9","GSK3B","RPS3"
"CDK9","CDK5","RPS3"
"CDK9","MAP3K1","RPS3"
"CDK9","PRKD1","RPS3"
"CDK9","CyclinE/CDK2","RPS3"
"CDK9","RNF111","RPS3"
"CDK9","mTORC1","RPS3"
"CDK9","RASSF1","RPS3"
"CDK9","ADRA2A","RPS3"
"CDK9","CDK3","RPS3"
"CDK9","ZAP70","RPS3"
"CDK9","TRAF6","RPS3"
"CDK9","SHC1","RPS3"
"CDK9","AXIN1","RPS3"
"CDK9","CDC25C","RPS3"
"CDK9","PTPRA","RPS3"
"CDK9","ESR1","RPS3"
"CDK9","ARRB2","RPS3"
"CDK9","CD28","RPS3"
"CDK9","INPP5D","RPS3"
"CDK9","PPP1R14A","RPS3"
"CDK9","ABI1","RPS3"
"CDK9","BORA","RPS3"
"CDK9","MAPK3","ARP2/3"
"CDK9","GSK3B/Axin/APC","ARP2/3"
"CDK9","AURKA","ARP2/3"
"CDK9","PRKCD","ARP2/3"
"CDK9","MAPK1","ARP2/3"
"CDK9","CSNK2A1","ARP2/3"
"CDK9","PRKCA","ARP2/3"
"CDK9","PTPRC","ARP2/3"
"CDK9","Gbeta","ARP2/3"
"CDK9","ABL1","ARP2/3"
"CDK9","CDK2","ARP2/3"
"CDK9","PAK6","ARP2/3"
"CDK9","PPP1R2","ARP2/3"
"CDK9","CDK5","ARP2/3"
"CDK9","MAP3K1","ARP2/3"
"CDK9","IRS1","ARP2/3"
"CDK9","CyclinE/CDK2","ARP2/3"
"CDK9","mTORC1","ARP2/3"
"CDK9","RASSF1","ARP2/3"
"CDK9","ADRA2A","ARP2/3"
"CDK9","CDK3","ARP2/3"
"CDK9","GRB2","ARP2/3"
"CDK9","ZAP70","ARP2/3"
"CDK9","NCOA2","ARP2/3"
"CDK9","AXIN1","ARP2/3"
"CDK9","CDK6","ARP2/3"
"CDK9","CDC25C","ARP2/3"
"CDK9","LAT","ARP2/3"
"CDK9","PTPRA","ARP2/3"
"CDK9","ESR1","ARP2/3"
"CDK9","ARRB2","ARP2/3"
"CDK9","NR3C1","ARP2/3"
"CDK9","MGluR","ARP2/3"
"CDK9","INPP5D","ARP2/3"
"CDK9","FGFR2","ARP2/3"
"CDK9","GRB10","ARP2/3"
"CDK9","GRM5","ARP2/3"
"CDK9","PIK3CG","ARP2/3"
"CDK9","BORA","ARP2/3"
"CDK9","PEBP1","ARP2/3"
"CDK9","AURKA","KIF2C"
"CDK9","PRKCD","KIF2C"
"CDK9","MAPK1","KIF2C"
"CDK9","CSNK2A1","KIF2C"
"CDK9","PRKCA","KIF2C"
"CDK9","PTPN6","KIF2C"
"CDK9","ERK1/2","KIF2C"
"CDK9","Gbeta","KIF2C"
"CDK9","CSNK1D","KIF2C"
"CDK9","PLK1","KIF2C"
"CDK9","LCK","KIF2C"
"CDK9","TGFBR1","KIF2C"
"CDK9","ABL1","KIF2C"
"CDK9","PAK6","KIF2C"
"CDK9","GSK3B","KIF2C"
"CDK9","MAP3K1","KIF2C"
"CDK9","IRS1","KIF2C"
"CDK9","PIK3CA","KIF2C"
"CDK9","CyclinE/CDK2","KIF2C"
"CDK9","mTORC1","KIF2C"
"CDK9","CDK3","KIF2C"
"CDK9","ZAP70","KIF2C"
"CDK9","SHC1","KIF2C"
"CDK9","MAPKAPK5","KIF2C"
"CDK9","CDC25C","KIF2C"
"CDK9","CDC25B","KIF2C"
"CDK9","LAT","KIF2C"
"CDK9","GAB1","KIF2C"
"CDK9","MGluR","KIF2C"
"CDK9","INPP5D","KIF2C"
"CDK9","GAB2","KIF2C"
"CDK9","FGFR2","KIF2C"
"CDK9","NF2","KIF2C"
"CDK9","GRB10","KIF2C"
"CDK9","PIK3CG","KIF2C"
"CDK9","PPP1R14A","KIF2C"
"CDK9","BORA","KIF2C"
"CDK9","PPP1R14B","KIF2C"
"CDK9","LCK","CDX2"
"CDK9","NCOA2","CDX2"
"CDK9","NR3C1","CDX2"
"CDK9","GSK3B/Axin/APC","BHLHE41"
"CDK9","AURKA","BHLHE41"
"CDK9","MAPK1","BHLHE41"
"CDK9","PTPN6","BHLHE41"
"CDK9","PTPRC","BHLHE41"
"CDK9","ERK1/2","BHLHE41"
"CDK9","Gbeta","BHLHE41"
"CDK9","CSNK1D","BHLHE41"
"CDK9","TGFBR1","BHLHE41"
"CDK9","ABL1","BHLHE41"
"CDK9","RPS6KA1","BHLHE41"
"CDK9","GSK3B","BHLHE41"
"CDK9","PPP1R2","BHLHE41"
"CDK9","MAP3K1","BHLHE41"
"CDK9","PIK3CA","BHLHE41"
"CDK9","RASSF1","BHLHE41"
"CDK9","PTK6","BHLHE41"
"CDK9","ZAP70","BHLHE41"
"CDK9","NCOA2","BHLHE41"
"CDK9","LAT","BHLHE41"
"CDK9","NR3C1","BHLHE41"
"CDK9","INPP5D","BHLHE41"
"CDK9","GAB2","BHLHE41"
"CDK9","FGFR2","BHLHE41"
"CDK9","NF2","BHLHE41"
"CDK9","BORA","BHLHE41"
"CDK9","PEBP1","BHLHE41"
"CDK9","GSK3B/Axin/APC","BCL6"
"CDK9","AURKA","BCL6"
"CDK9","MAPK1","BCL6"
"CDK9","CSNK2A1","BCL6"
"CDK9","CDK1","BCL6"
"CDK9","PTPN6","BCL6"
"CDK9","MAPK14","BCL6"
"CDK9","PTPRC","BCL6"
"CDK9","ERK1/2","BCL6"
"CDK9","CSNK1D","BCL6"
"CDK9","TGFBR1","BCL6"
"CDK9","ABL1","BCL6"
"CDK9","CDK2","BCL6"
"CDK9","RPS6KA1","BCL6"
"CDK9","PPP1R2","BCL6"
"CDK9","CDK5","BCL6"
"CDK9","MAP3K1","BCL6"
"CDK9","AKT","BCL6"
"CDK9","IRS1","BCL6"
"CDK9","PIK3CA","BCL6"
"CDK9","CyclinE/CDK2","BCL6"
"CDK9","RNF111","BCL6"
"CDK9","mTORC1","BCL6"
"CDK9","RASSF1","BCL6"
"CDK9","CDK3","BCL6"
"CDK9","GRB2","BCL6"
"CDK9","PTK6","BCL6"
"CDK9","TRAF6","BCL6"
"CDK9","SHC1","BCL6"
"CDK9","AXIN1","BCL6"
"CDK9","CDK6","BCL6"
"CDK9","CDC25B","BCL6"
"CDK9","LAT","BCL6"
"CDK9","PTPRA","BCL6"
"CDK9","ESR1","BCL6"
"CDK9","CD28","BCL6"
"CDK9","NR3C1","BCL6"
"CDK9","GAB2","BCL6"
"CDK9","GRB10","BCL6"
"CDK9","GRM5","BCL6"
"CDK9","PPP1R14A","BCL6"
"CDK9","ABI1","BCL6"
"CDK9","PPP1R14B","BCL6"
"CDK9","PRKCD","RRN3"
"CDK9","MAPK1","RRN3"
"CDK9","CSNK2A1","RRN3"
"CDK9","PTPN6","RRN3"
"CDK9","PTPRC","RRN3"
"CDK9","ERK1/2","RRN3"
"CDK9","PLK1","RRN3"
"CDK9","LCK","RRN3"
"CDK9","TGFBR1","RRN3"
"CDK9","ABL1","RRN3"
"CDK9","CDK2","RRN3"
"CDK9","RPS6KA1","RRN3"
"CDK9","PAK6","RRN3"
"CDK9","CDK5","RRN3"
"CDK9","MAP3K1","RRN3"
"CDK9","PRKD1","RRN3"
"CDK9","IRS1","RRN3"
"CDK9","PIK3CA","RRN3"
"CDK9","PTK2","RRN3"
"CDK9","CyclinE/CDK2","RRN3"
"CDK9","RNF111","RRN3"
"CDK9","RASSF1","RRN3"
"CDK9","ADRA2A","RRN3"
"CDK9","CDK3","RRN3"
"CDK9","GRB2","RRN3"
"CDK9","PTK6","RRN3"
"CDK9","ZAP70","RRN3"
"CDK9","NCOA2","RRN3"
"CDK9","AXIN1","RRN3"
"CDK9","MAPKAPK5","RRN3"
"CDK9","CDK6","RRN3"
"CDK9","CDC25B","RRN3"
"CDK9","PTPRA","RRN3"
"CDK9","ARRB2","RRN3"
"CDK9","NR3C1","RRN3"
"CDK9","MGluR","RRN3"
"CDK9","INPP5D","RRN3"
"CDK9","GAB2","RRN3"
"CDK9","FGFR2","RRN3"
"CDK9","GRM5","RRN3"
"CDK9","PIK3CG","RRN3"
"CDK9","BORA","RRN3"
"CDK9","MAPK3","PAPOLA"
"CDK9","GSK3B/Axin/APC","PAPOLA"
"CDK9","PRKCD","PAPOLA"
"CDK9","MAPK1","PAPOLA"
"CDK9","CSNK2A1","PAPOLA"
"CDK9","CDK1","PAPOLA"
"CDK9","PRKCA","PAPOLA"
"CDK9","PTPN6","PAPOLA"
"CDK9","CSNK1D","PAPOLA"
"CDK9","PLK1","PAPOLA"
"CDK9","PPP1R2","PAPOLA"
"CDK9","CDK5","PAPOLA"
"CDK9","MAP3K1","PAPOLA"
"CDK9","PRKD1","PAPOLA"
"CDK9","RASSF1","PAPOLA"
"CDK9","ADRA2A","PAPOLA"
"CDK9","CDK3","PAPOLA"
"CDK9","ZAP70","PAPOLA"
"CDK9","TRAF6","PAPOLA"
"CDK9","SHC1","PAPOLA"
"CDK9","AXIN1","PAPOLA"
"CDK9","MAPKAPK5","PAPOLA"
"CDK9","GAB2","PAPOLA"
"CDK9","FGFR2","PAPOLA"
"CDK9","GRB10","PAPOLA"
"CDK9","PIK3CG","PAPOLA"
"CDK9","ABI1","PAPOLA"
"CDK9","BORA","PAPOLA"
"CDK9","PEBP1","PAPOLA"
"CDK9","PPP1R14B","PAPOLA"
"CDK9","MAPK3","CASP3"
"CDK9","GSK3B/Axin/APC","CASP3"
"CDK9","MAPK1","CASP3"
"CDK9","CSNK2A1","CASP3"
"CDK9","CDK1","CASP3"
"CDK9","LCK","CASP3"
"CDK9","PPP1R2","CASP3"
"CDK9","IRS1","CASP3"
"CDK9","PIK3CA","CASP3"
"CDK9","CyclinE/CDK2","CASP3"
"CDK9","RNF111","CASP3"
"CDK9","RASSF1","CASP3"
"CDK9","ADRA2A","CASP3"
"CDK9","SHC1","CASP3"
"CDK9","CDC25C","CASP3"
"CDK9","LAT","CASP3"
"CDK9","PTPRA","CASP3"
"CDK9","CD28","CASP3"
"CDK9","NR3C1","CASP3"
"CDK9","PPP1R14A","CASP3"
"CDK9","ABI1","CASP3"
"CDK9","BORA","CASP3"
"CDK9","PTPRC","PPM1J"
"CDK9","PPP1R2","PPM1J"
"CDK9","LAT","PPM1J"
"CDK9","PTPRA","PPM1J"
"CDK9","ARRB2","PPM1J"
"CDK9","CD28","PPM1J"
"CDK9","NR3C1","PPM1J"
"CDK9","MGluR","PPM1J"
"CDK9","INPP5D","PPM1J"
"CDK9","GAB2","PPM1J"
"CDK9","FGFR2","PPM1J"
"CDK9","NF2","PPM1J"
"CDK9","GRB10","PPM1J"
"CDK9","GRM5","PPM1J"
"CDK9","PPP1R14A","PPM1J"
"CDK9","BORA","PPM1J"
"CDK9","MAPK3","LIPE"
"CDK9","CSNK2A1","LIPE"
"CDK9","MAPK14","LIPE"
"CDK9","PRKD1","LIPE"
"CDK9","PIK3CA","LIPE"
"CDK9","RNF111","LIPE"
"CDK9","CDK3","LIPE"
"CDK9","PTK6","LIPE"
"CDK9","TRAF6","LIPE"
"CDK9","CDC25C","LIPE"
"CDK9","CDC25B","LIPE"
"CDK9","GAB1","LIPE"
"CDK9","PTPRA","LIPE"
"CDK9","ESR1","LIPE"
"CDK9","ARRB2","LIPE"
"CDK9","CD28","LIPE"
"CDK9","MGluR","LIPE"
"CDK9","GRB10","LIPE"
"CDK9","PPP1R14B","LIPE"
"CDK9","MAPK3","JMJD1C"
"CDK9","GSK3B/Axin/APC","JMJD1C"
"CDK9","PTPRC","JMJD1C"
"CDK9","ERK1/2","JMJD1C"
"CDK9","LCK","JMJD1C"
"CDK9","ABL1","JMJD1C"
"CDK9","CDK2","JMJD1C"
"CDK9","RPS6KA1","JMJD1C"
"CDK9","PRKD1","JMJD1C"
"CDK9","IRS1","JMJD1C"
"CDK9","PTK2","JMJD1C"
"CDK9","RNF111","JMJD1C"
"CDK9","RASSF1","JMJD1C"
"CDK9","CDK3","JMJD1C"
"CDK9","GRB2","JMJD1C"
"CDK9","ZAP70","JMJD1C"
"CDK9","TRAF6","JMJD1C"
"CDK9","MAPKAPK5","JMJD1C"
"CDK9","CDK6","JMJD1C"
"CDK9","CDC25B","JMJD1C"
"CDK9","GAB1","JMJD1C"
"CDK9","PTPRA","JMJD1C"
"CDK9","MGluR","JMJD1C"
"CDK9","NF2","JMJD1C"
"CDK9","GRB10","JMJD1C"
"CDK9","PIK3CG","JMJD1C"
"CDK9","BORA","JMJD1C"
"CDK9","MAPK3","IL16"
"CDK9","GSK3B/Axin/APC","IL16"
"CDK9","AURKA","IL16"
"CDK9","CSNK2A1","IL16"
"CDK9","ABL1","IL16"
"CDK9","CDK2","IL16"
"CDK9","CyclinE/CDK2","IL16"
"CDK9","CDK3","IL16"
"CDK9","GRB2","IL16"
"CDK9","CDC25C","IL16"
"CDK9","LAT","IL16"
"CDK9","GAB1","IL16"
"CDK9","ESR1","IL16"
"CDK9","INPP5D","IL16"
"CDK9","GAB2","IL16"
"CDK9","FGFR2","IL16"
"CDK9","NF2","IL16"
"CDK9","PIK3CG","IL16"
"CDK9","ABI1","IL16"
"CDK9","BORA","IL16"
"CDK9","GSK3B/Axin/APC","NR4A1"
"CDK9","AURKA","NR4A1"
"CDK9","PRKCD","NR4A1"
"CDK9","CSNK2A1","NR4A1"
"CDK9","CDK1","NR4A1"
"CDK9","PRKCA","NR4A1"
"CDK9","PTPN6","NR4A1"
"CDK9","MAPK14","NR4A1"
"CDK9","ERK1/2","NR4A1"
"CDK9","Gbeta","NR4A1"
"CDK9","PLK1","NR4A1"
"CDK9","LCK","NR4A1"
"CDK9","ABL1","NR4A1"
"CDK9","CDK2","NR4A1"
"CDK9","RPS6KA1","NR4A1"
"CDK9","PPP1R2","NR4A1"
"CDK9","MAP3K1","NR4A1"
"CDK9","PRKD1","NR4A1"
"CDK9","PIK3CA","NR4A1"
"CDK9","PTK2","NR4A1"
"CDK9","CyclinE/CDK2","NR4A1"
"CDK9","RASSF1","NR4A1"
"CDK9","ADRA2A","NR4A1"
"CDK9","GRB2","NR4A1"
"CDK9","PTK6","NR4A1"
"CDK9","SHC1","NR4A1"
"CDK9","AXIN1","NR4A1"
"CDK9","MAPKAPK5","NR4A1"
"CDK9","CDC25C","NR4A1"
"CDK9","CD28","NR4A1"
"CDK9","NR3C1","NR4A1"
"CDK9","MGluR","NR4A1"
"CDK9","FGFR2","NR4A1"
"CDK9","NF2","NR4A1"
"CDK9","GRM5","NR4A1"
"CDK9","PIK3CG","NR4A1"
"CDK9","GSK3B/Axin/APC","CD5"
"CDK9","PRKCD","CD5"
"CDK9","MAPK1","CD5"
"CDK9","CSNK2A1","CD5"
"CDK9","PTPRC","CD5"
"CDK9","CSNK1D","CD5"
"CDK9","TGFBR1","CD5"
"CDK9","GSK3B","CD5"
"CDK9","MAP3K1","CD5"
"CDK9","AKT","CD5"
"CDK9","PRKD1","CD5"
"CDK9","PTK2","CD5"
"CDK9","CyclinE/CDK2","CD5"
"CDK9","mTORC1","CD5"
"CDK9","CDK3","CD5"
"CDK9","PTK6","CD5"
"CDK9","TRAF6","CD5"
"CDK9","SHC1","CD5"
"CDK9","CDC25C","CD5"
"CDK9","PTPRA","CD5"
"CDK9","ARRB2","CD5"
"CDK9","INPP5D","CD5"
"CDK9","FGFR2","CD5"
"CDK9","NF2","CD5"
"CDK9","GRB10","CD5"
"CDK9","GRM5","CD5"
"CDK9","PIK3CG","CD5"
"CDK9","PPP1R14A","CD5"
"CDK9","ABI1","CD5"
"CDK9","BORA","CD5"
"CDK9","PEBP1","CD5"
"CDK9","MAPK3","JUND"
"CDK9","AURKA","JUND"
"CDK9","PRKCD","JUND"
"CDK9","MAPK1","JUND"
"CDK9","CDK1","JUND"
"CDK9","PRKCA","JUND"
"CDK9","MAPK14","JUND"
"CDK9","PTPRC","JUND"
"CDK9","ERK1/2","JUND"
"CDK9","Gbeta","JUND"
"CDK9","PLK1","JUND"
"CDK9","ABL1","JUND"
"CDK9","CDK2","JUND"
"CDK9","RPS6KA1","JUND"
"CDK9","GSK3B","JUND"
"CDK9","PPP1R2","JUND"
"CDK9","CDK5","JUND"
"CDK9","MAP3K1","JUND"
"CDK9","AKT","JUND"
"CDK9","IRS1","JUND"
"CDK9","PIK3CA","JUND"
"CDK9","PTK2","JUND"
"CDK9","CyclinE/CDK2","JUND"
"CDK9","RASSF1","JUND"
"CDK9","ADRA2A","JUND"
"CDK9","CDK3","JUND"
"CDK9","GRB2","JUND"
"CDK9","PTK6","JUND"
"CDK9","ZAP70","JUND"
"CDK9","TRAF6","JUND"
"CDK9","SHC1","JUND"
"CDK9","MAPKAPK5","JUND"
"CDK9","CDK6","JUND"
"CDK9","CDC25C","JUND"
"CDK9","LAT","JUND"
"CDK9","GAB1","JUND"
"CDK9","PTPRA","JUND"
"CDK9","ESR1","JUND"
"CDK9","ARRB2","JUND"
"CDK9","CD28","JUND"
"CDK9","GAB2","JUND"
"CDK9","FGFR2","JUND"
"CDK9","GRB10","JUND"
"CDK9","PIK3CG","JUND"
"CDK9","BORA","JUND"
"CDK9","PEBP1","JUND"
"CDK9","PPP1R14B","JUND"
"CDK9","MAPK1","OSBP2"
"CDK9","CSNK2A1","OSBP2"
"CDK9","CDK1","OSBP2"
"CDK9","PTPN6","OSBP2"
"CDK9","ERK1/2","OSBP2"
"CDK9","CSNK1D","OSBP2"
"CDK9","PAK6","OSBP2"
"CDK9","CDK5","OSBP2"
"CDK9","AKT","OSBP2"
"CDK9","PRKD1","OSBP2"
"CDK9","CyclinE/CDK2","OSBP2"
"CDK9","CDK3","OSBP2"
"CDK9","PTK6","OSBP2"
"CDK9","TRAF6","OSBP2"
"CDK9","CDC25C","OSBP2"
"CDK9","CDC25B","OSBP2"
"CDK9","GAB1","OSBP2"
"CDK9","ARRB2","OSBP2"
"CDK9","INPP5D","OSBP2"
"CDK9","GRB10","OSBP2"
"CDK9","GRM5","OSBP2"
"CDK9","PIK3CG","OSBP2"
"CDK9","BORA","OSBP2"
"CDK9","PEBP1","OSBP2"
"CDK9","PPP1R14B","OSBP2"
"CDK9","MAPK3","CD33"
"CDK9","PRKCD","CD33"
"CDK9","CSNK2A1","CD33"
"CDK9","PTPN6","CD33"
"CDK9","Gbeta","CD33"
"CDK9","CSNK1D","CD33"
"CDK9","CDK2","CD33"
"CDK9","MAP3K1","CD33"
"CDK9","RNF111","CD33"
"CDK9","TRAF6","CD33"
"CDK9","AXIN1","CD33"
"CDK9","CDK6","CD33"
"CDK9","LAT","CD33"
"CDK9","GAB1","CD33"
"CDK9","ARRB2","CD33"
"CDK9","GAB2","CD33"
"CDK9","FGFR2","CD33"
"CDK9","GRB10","CD33"
"CDK9","PIK3CG","CD33"
"CDK9","PPP1R14A","CD33"
"CDK9","ABI1","CD33"
"CDK9","PPP1R14B","CD33"
"CDK9","MAPK3","ALOX5"
"CDK9","AURKA","ALOX5"
"CDK9","PRKCD","ALOX5"
"CDK9","MAPK1","ALOX5"
"CDK9","CDK1","ALOX5"
"CDK9","PRKCA","ALOX5"
"CDK9","MAPK14","ALOX5"
"CDK9","PTPRC","ALOX5"
"CDK9","ERK1/2","ALOX5"
"CDK9","CSNK1D","ALOX5"
"CDK9","PLK1","ALOX5"
"CDK9","TGFBR1","ALOX5"
"CDK9","ABL1","ALOX5"
"CDK9","PAK6","ALOX5"
"CDK9","GSK3B","ALOX5"
"CDK9","PPP1R2","ALOX5"
"CDK9","CDK5","ALOX5"
"CDK9","AKT","ALOX5"
"CDK9","PIK3CA","ALOX5"
"CDK9","PTK2","ALOX5"
"CDK9","CyclinE/CDK2","ALOX5"
"CDK9","RNF111","ALOX5"
"CDK9","mTORC1","ALOX5"
"CDK9","CDK3","ALOX5"
"CDK9","GRB2","ALOX5"
"CDK9","PTK6","ALOX5"
"CDK9","AXIN1","ALOX5"
"CDK9","CDK6","ALOX5"
"CDK9","CDC25C","ALOX5"
"CDK9","CDC25B","ALOX5"
"CDK9","ESR1","ALOX5"
"CDK9","MGluR","ALOX5"
"CDK9","FGFR2","ALOX5"
"CDK9","NF2","ALOX5"
"CDK9","GRM5","ALOX5"
"CDK9","PPP1R14A","ALOX5"
"CDK9","PEBP1","ALOX5"
"CDK9","PPP1R14B","ALOX5"
"CDK9","MAPK3","CFL1"
"CDK9","GSK3B/Axin/APC","CFL1"
"CDK9","MAPK1","CFL1"
"CDK9","CSNK2A1","CFL1"
"CDK9","CDK1","CFL1"
"CDK9","PTPN6","CFL1"
"CDK9","MAPK14","CFL1"
"CDK9","PTPRC","CFL1"
"CDK9","ERK1/2","CFL1"
"CDK9","CDK2","CFL1"
"CDK9","RPS6KA1","CFL1"
"CDK9","GSK3B","CFL1"
"CDK9","CDK5","CFL1"
"CDK9","AKT","CFL1"
"CDK9","PRKD1","CFL1"
"CDK9","PIK3CA","CFL1"
"CDK9","CyclinE/CDK2","CFL1"
"CDK9","RNF111","CFL1"
"CDK9","mTORC1","CFL1"
"CDK9","RASSF1","CFL1"
"CDK9","CDK3","CFL1"
"CDK9","GRB2","CFL1"
"CDK9","ZAP70","CFL1"
"CDK9","MAPKAPK5","CFL1"
"CDK9","CDC25C","CFL1"
"CDK9","CDC25B","CFL1"
"CDK9","LAT","CFL1"
"CDK9","GAB1","CFL1"
"CDK9","ESR1","CFL1"
"CDK9","INPP5D","CFL1"
"CDK9","FGFR2","CFL1"
"CDK9","GRB10","CFL1"
"CDK9","ABI1","CFL1"
"CDK9","BORA","CFL1"
"CDK9","MAPK3","GRIN2B"
"CDK9","MAPK1","GRIN2B"
"CDK9","CSNK2A1","GRIN2B"
"CDK9","CDK1","GRIN2B"
"CDK9","PTPRC","GRIN2B"
"CDK9","ERK1/2","GRIN2B"
"CDK9","Gbeta","GRIN2B"
"CDK9","TGFBR1","GRIN2B"
"CDK9","ABL1","GRIN2B"
"CDK9","CDK2","GRIN2B"
"CDK9","RPS6KA1","GRIN2B"
"CDK9","PPP1R2","GRIN2B"
"CDK9","IRS1","GRIN2B"
"CDK9","PIK3CA","GRIN2B"
"CDK9","PTK2","GRIN2B"
"CDK9","RNF111","GRIN2B"
"CDK9","ZAP70","GRIN2B"
"CDK9","TRAF6","GRIN2B"
"CDK9","MAPKAPK5","GRIN2B"
"CDK9","LAT","GRIN2B"
"CDK9","MGluR","GRIN2B"
"CDK9","INPP5D","GRIN2B"
"CDK9","BORA","GRIN2B"
"CDK9","PEBP1","GRIN2B"
"CDK9","PPP1R14B","GRIN2B"
"CDK9","PRKCD","MED1"
"CDK9","CSNK2A1","MED1"
"CDK9","PTPRC","MED1"
"CDK9","CSNK1D","MED1"
"CDK9","CDK2","MED1"
"CDK9","PAK6","MED1"
"CDK9","GSK3B","MED1"
"CDK9","PPP1R2","MED1"
"CDK9","AKT","MED1"
"CDK9","PRKD1","MED1"
"CDK9","IRS1","MED1"
"CDK9","PIK3CA","MED1"
"CDK9","PTK2","MED1"
"CDK9","mTORC1","MED1"
"CDK9","ADRA2A","MED1"
"CDK9","TRAF6","MED1"
"CDK9","CDK6","MED1"
"CDK9","GAB1","MED1"
"CDK9","INPP5D","MED1"
"CDK9","GRM5","MED1"
"CDK9","PIK3CG","MED1"
"CDK9","GSK3B","HSF1"
"CDK9","MAPK1","HIF1A"
"CDK9","CSNK2A1","HIF1A"
"CDK9","PTPN6","HIF1A"
"CDK9","ABL1","HIF1A"
"CDK9","CDK5","HIF1A"
"CDK9","MAP3K1","HIF1A"
"CDK9","IRS1","HIF1A"
"CDK9","PIK3CA","HIF1A"
"CDK9","PTK2","HIF1A"
"CDK9","RASSF1","HIF1A"
"CDK9","ADRA2A","HIF1A"
"CDK9","GRB2","HIF1A"
"CDK9","SHC1","HIF1A"
"CDK9","CDK6","HIF1A"
"CDK9","CD28","HIF1A"
"CDK9","ABI1","HIF1A"
"CDK9","BORA","HIF1A"
"CDK9","GSK3B/Axin/APC","SP3"
"CDK9","PRKCD","SP3"
"CDK9","MAPK1","SP3"
"CDK9","ERK1/2","SP3"
"CDK9","TGFBR1","SP3"
"CDK9","CDK2","SP3"
"CDK9","PAK6","SP3"
"CDK9","GSK3B","SP3"
"CDK9","CDK5","SP3"
"CDK9","MAP3K1","SP3"
"CDK9","AKT","SP3"
"CDK9","PRKD1","SP3"
"CDK9","PIK3CA","SP3"
"CDK9","PTK2","SP3"
"CDK9","RNF111","SP3"
"CDK9","mTORC1","SP3"
"CDK9","RASSF1","SP3"
"CDK9","ADRA2A","SP3"
"CDK9","CDK3","SP3"
"CDK9","PTK6","SP3"
"CDK9","ZAP70","SP3"
"CDK9","TRAF6","SP3"
"CDK9","SHC1","SP3"
"CDK9","AXIN1","SP3"
"CDK9","CDK6","SP3"
"CDK9","CDC25C","SP3"
"CDK9","LAT","SP3"
"CDK9","GAB1","SP3"
"CDK9","PTPRA","SP3"
"CDK9","ESR1","SP3"
"CDK9","CD28","SP3"
"CDK9","INPP5D","SP3"
"CDK9","GAB2","SP3"
"CDK9","FGFR2","SP3"
"CDK9","GRB10","SP3"
"CDK9","GRM5","SP3"
"CDK9","PIK3CG","SP3"
"CDK9","PPP1R14A","SP3"
"CDK9","ABI1","SP3"
"CDK9","PEBP1","SP3"
"CDK9","PPP1R14B","SP3"
"CDK9","MAPK3","SIAH2"
"CDK9","GSK3B/Axin/APC","SIAH2"
"CDK9","MAPK1","SIAH2"
"CDK9","CSNK2A1","SIAH2"
"CDK9","CDK1","SIAH2"
"CDK9","PRKCA","SIAH2"
"CDK9","PTPN6","SIAH2"
"CDK9","PTPRC","SIAH2"
"CDK9","ERK1/2","SIAH2"
"CDK9","Gbeta","SIAH2"
"CDK9","PLK1","SIAH2"
"CDK9","TGFBR1","SIAH2"
"CDK9","ABL1","SIAH2"
"CDK9","RPS6KA1","SIAH2"
"CDK9","PAK6","SIAH2"
"CDK9","GSK3B","SIAH2"
"CDK9","PPP1R2","SIAH2"
"CDK9","CDK5","SIAH2"
"CDK9","MAP3K1","SIAH2"
"CDK9","IRS1","SIAH2"
"CDK9","PIK3CA","SIAH2"
"CDK9","CyclinE/CDK2","SIAH2"
"CDK9","RNF111","SIAH2"
"CDK9","PTK6","SIAH2"
"CDK9","ZAP70","SIAH2"
"CDK9","SHC1","SIAH2"
"CDK9","MAPKAPK5","SIAH2"
"CDK9","CDC25B","SIAH2"
"CDK9","PTPRA","SIAH2"
"CDK9","CD28","SIAH2"
"CDK9","MGluR","SIAH2"
"CDK9","INPP5D","SIAH2"
"CDK9","FGFR2","SIAH2"
"CDK9","NF2","SIAH2"
"CDK9","GRB10","SIAH2"
"CDK9","GRM5","SIAH2"
"CDK9","PPP1R14A","SIAH2"
"CDK9","PPP1R14B","SIAH2"
"CDK9","MAPK3","CAPN2"
"CDK9","AURKA","CAPN2"
"CDK9","MAPK1","CAPN2"
"CDK9","CDK1","CAPN2"
"CDK9","PRKCA","CAPN2"
"CDK9","PTPN6","CAPN2"
"CDK9","MAPK14","CAPN2"
"CDK9","ERK1/2","CAPN2"
"CDK9","Gbeta","CAPN2"
"CDK9","CSNK1D","CAPN2"
"CDK9","PLK1","CAPN2"
"CDK9","ABL1","CAPN2"
"CDK9","CDK2","CAPN2"
"CDK9","PAK6","CAPN2"
"CDK9","MAP3K1","CAPN2"
"CDK9","PRKD1","CAPN2"
"CDK9","IRS1","CAPN2"
"CDK9","PIK3CA","CAPN2"
"CDK9","PTK2","CAPN2"
"CDK9","CyclinE/CDK2","CAPN2"
"CDK9","RNF111","CAPN2"
"CDK9","RASSF1","CAPN2"
"CDK9","ADRA2A","CAPN2"
"CDK9","CDK3","CAPN2"
"CDK9","PTK6","CAPN2"
"CDK9","ZAP70","CAPN2"
"CDK9","TRAF6","CAPN2"
"CDK9","SHC1","CAPN2"
"CDK9","AXIN1","CAPN2"
"CDK9","MAPKAPK5","CAPN2"
"CDK9","CDK6","CAPN2"
"CDK9","LAT","CAPN2"
"CDK9","GAB1","CAPN2"
"CDK9","PTPRA","CAPN2"
"CDK9","ARRB2","CAPN2"
"CDK9","CD28","CAPN2"
"CDK9","MGluR","CAPN2"
"CDK9","GAB2","CAPN2"
"CDK9","PIK3CG","CAPN2"
"CDK9","ABI1","CAPN2"
"CDK9","BORA","CAPN2"
"CDK9","MAPK3","ENOX2"
"CDK9","GSK3B/Axin/APC","ENOX2"
"CDK9","AURKA","ENOX2"
"CDK9","CSNK2A1","ENOX2"
"CDK9","CDK1","ENOX2"
"CDK9","PRKCA","ENOX2"
"CDK9","PTPN6","ENOX2"
"CDK9","MAPK14","ENOX2"
"CDK9","ERK1/2","ENOX2"
"CDK9","PLK1","ENOX2"
"CDK9","CDK2","ENOX2"
"CDK9","GSK3B","ENOX2"
"CDK9","IRS1","ENOX2"
"CDK9","RASSF1","ENOX2"
"CDK9","CDK3","ENOX2"
"CDK9","PTK6","ENOX2"
"CDK9","ZAP70","ENOX2"
"CDK9","TRAF6","ENOX2"
"CDK9","LAT","ENOX2"
"CDK9","PTPRA","ENOX2"
"CDK9","CD28","ENOX2"
"CDK9","INPP5D","ENOX2"
"CDK9","GAB2","ENOX2"
"CDK9","FGFR2","ENOX2"
"CDK9","NF2","ENOX2"
"CDK9","GRB10","ENOX2"
"CDK9","GRM5","ENOX2"
"CDK9","PPP1R14A","ENOX2"
"CDK9","BORA","ENOX2"
"CDK9","PEBP1","ENOX2"
"CDK9","MAPK3","HDAC6"
"CDK9","GSK3B/Axin/APC","HDAC6"
"CDK9","AURKA","HDAC6"
"CDK9","MAPK1","HDAC6"
"CDK9","PRKCA","HDAC6"
"CDK9","PTPN6","HDAC6"
"CDK9","MAPK14","HDAC6"
"CDK9","PTPRC","HDAC6"
"CDK9","Gbeta","HDAC6"
"CDK9","PLK1","HDAC6"
"CDK9","ABL1","HDAC6"
"CDK9","RPS6KA1","HDAC6"
"CDK9","PAK6","HDAC6"
"CDK9","GSK3B","HDAC6"
"CDK9","PPP1R2","HDAC6"
"CDK9","AKT","HDAC6"
"CDK9","PIK3CA","HDAC6"
"CDK9","RNF111","HDAC6"
"CDK9","RASSF1","HDAC6"
"CDK9","ADRA2A","HDAC6"
"CDK9","GRB2","HDAC6"
"CDK9","MAPKAPK5","HDAC6"
"CDK9","CDC25B","HDAC6"
"CDK9","ESR1","HDAC6"
"CDK9","ARRB2","HDAC6"
"CDK9","MGluR","HDAC6"
"CDK9","GAB2","HDAC6"
"CDK9","ABI1","HDAC6"
"CDK9","GSK3B/Axin/APC","CACNA1B"
"CDK9","PRKCD","CACNA1B"
"CDK9","PTPN6","CACNA1B"
"CDK9","ABL1","CACNA1B"
"CDK9","PAK6","CACNA1B"
"CDK9","PPP1R2","CACNA1B"
"CDK9","CDK5","CACNA1B"
"CDK9","AKT","CACNA1B"
"CDK9","PRKD1","CACNA1B"
"CDK9","PIK3CA","CACNA1B"
"CDK9","PTK2","CACNA1B"
"CDK9","CyclinE/CDK2","CACNA1B"
"CDK9","RNF111","CACNA1B"
"CDK9","ADRA2A","CACNA1B"
"CDK9","CDK3","CACNA1B"
"CDK9","ZAP70","CACNA1B"
"CDK9","SHC1","CACNA1B"
"CDK9","CDK6","CACNA1B"
"CDK9","CDC25C","CACNA1B"
"CDK9","CDC25B","CACNA1B"
"CDK9","LAT","CACNA1B"
"CDK9","CD28","CACNA1B"
"CDK9","FGFR2","CACNA1B"
"CDK9","NF2","CACNA1B"
"CDK9","GRB10","CACNA1B"
"CDK9","PPP1R14A","CACNA1B"
"CDK9","BORA","CACNA1B"
"CDK9","PRKCD","DBNL"
"CDK9","CDK1","DBNL"
"CDK9","PRKCA","DBNL"
"CDK9","PTPN6","DBNL"
"CDK9","MAPK14","DBNL"
"CDK9","ERK1/2","DBNL"
"CDK9","Gbeta","DBNL"
"CDK9","CSNK1D","DBNL"
"CDK9","TGFBR1","DBNL"
"CDK9","ABL1","DBNL"
"CDK9","CDK2","DBNL"
"CDK9","GSK3B","DBNL"
"CDK9","PPP1R2","DBNL"
"CDK9","IRS1","DBNL"
"CDK9","CyclinE/CDK2","DBNL"
"CDK9","RASSF1","DBNL"
"CDK9","ADRA2A","DBNL"
"CDK9","GRB2","DBNL"
"CDK9","AXIN1","DBNL"
"CDK9","MAPKAPK5","DBNL"
"CDK9","LAT","DBNL"
"CDK9","CD28","DBNL"
"CDK9","NF2","DBNL"
"CDK9","PPP1R14A","DBNL"
"CDK9","PRKCD","STMN3"
"CDK9","PRKCA","STMN3"
"CDK9","PTPRC","STMN3"
"CDK9","TGFBR1","STMN3"
"CDK9","ABL1","STMN3"
"CDK9","PAK6","STMN3"
"CDK9","CDK5","STMN3"
"CDK9","MAP3K1","STMN3"
"CDK9","AKT","STMN3"
"CDK9","IRS1","STMN3"
"CDK9","PIK3CA","STMN3"
"CDK9","PTK2","STMN3"
"CDK9","CDK3","STMN3"
"CDK9","ZAP70","STMN3"
"CDK9","SHC1","STMN3"
"CDK9","MAPKAPK5","STMN3"
"CDK9","CDC25B","STMN3"
"CDK9","ESR1","STMN3"
"CDK9","NR3C1","STMN3"
"CDK9","MGluR","STMN3"
"CDK9","INPP5D","STMN3"
"CDK9","BORA","STMN3"
"CDK9","PRKCD","TERT"
"CDK9","MAPK1","TERT"
"CDK9","CDK1","TERT"
"CDK9","PTPRC","TERT"
"CDK9","CSNK1D","TERT"
"CDK9","PLK1","TERT"
"CDK9","CDK2","TERT"
"CDK9","RPS6KA1","TERT"
"CDK9","PPP1R2","TERT"
"CDK9","CDK5","TERT"
"CDK9","MAP3K1","TERT"
"CDK9","CyclinE/CDK2","TERT"
"CDK9","RNF111","TERT"
"CDK9","mTORC1","TERT"
"CDK9","CDK3","TERT"
"CDK9","GRB2","TERT"
"CDK9","PTK6","TERT"
"CDK9","ZAP70","TERT"
"CDK9","TRAF6","TERT"
"CDK9","SHC1","TERT"
"CDK9","AXIN1","TERT"
"CDK9","CDK6","TERT"
"CDK9","CDC25C","TERT"
"CDK9","CDC25B","TERT"
"CDK9","LAT","TERT"
"CDK9","PTPRA","TERT"
"CDK9","ESR1","TERT"
"CDK9","NR3C1","TERT"
"CDK9","MGluR","TERT"
"CDK9","INPP5D","TERT"
"CDK9","NF2","TERT"
"CDK9","GRB10","TERT"
"CDK9","GRM5","TERT"
"CDK9","PIK3CG","TERT"
"CDK9","PPP1R14A","TERT"
"CDK9","BORA","TERT"
"CDK9","PPP1R14B","TERT"
"CDK9","MAPK3","Polycomb repressive complex 2"
"CDK9","GSK3B/Axin/APC","Polycomb repressive complex 2"
"CDK9","PRKCD","Polycomb repressive complex 2"
"CDK9","CSNK2A1","Polycomb repressive complex 2"
"CDK9","PTPN6","Polycomb repressive complex 2"
"CDK9","ERK1/2","Polycomb repressive complex 2"
"CDK9","CSNK1D","Polycomb repressive complex 2"
"CDK9","TGFBR1","Polycomb repressive complex 2"
"CDK9","RPS6KA1","Polycomb repressive complex 2"
"CDK9","PAK6","Polycomb repressive complex 2"
"CDK9","GSK3B","Polycomb repressive complex 2"
"CDK9","PPP1R2","Polycomb repressive complex 2"
"CDK9","PRKD1","Polycomb repressive complex 2"
"CDK9","PTK2","Polycomb repressive complex 2"
"CDK9","CyclinE/CDK2","Polycomb repressive complex 2"
"CDK9","RNF111","Polycomb repressive complex 2"
"CDK9","mTORC1","Polycomb repressive complex 2"
"CDK9","RASSF1","Polycomb repressive complex 2"
"CDK9","ADRA2A","Polycomb repressive complex 2"
"CDK9","CDK3","Polycomb repressive complex 2"
"CDK9","SHC1","Polycomb repressive complex 2"
"CDK9","AXIN1","Polycomb repressive complex 2"
"CDK9","MAPKAPK5","Polycomb repressive complex 2"
"CDK9","CDC25C","Polycomb repressive complex 2"
"CDK9","CDC25B","Polycomb repressive complex 2"
"CDK9","PTPRA","Polycomb repressive complex 2"
"CDK9","ARRB2","Polycomb repressive complex 2"
"CDK9","CD28","Polycomb repressive complex 2"
"CDK9","INPP5D","Polycomb repressive complex 2"
"CDK9","GAB2","Polycomb repressive complex 2"
"CDK9","FGFR2","Polycomb repressive complex 2"
"CDK9","NF2","Polycomb repressive complex 2"
"CDK9","GRM5","Polycomb repressive complex 2"
"CDK9","PIK3CG","Polycomb repressive complex 2"
"CDK9","ABI1","Polycomb repressive complex 2"
"CDK9","BORA","Polycomb repressive complex 2"
"CDK9","PEBP1","Polycomb repressive complex 2"
"CDK9","PPP1R14B","Polycomb repressive complex 2"
"CDK9","MAPK3","NFATC1"
"CDK9","GSK3B/Axin/APC","NFATC1"
"CDK9","AURKA","NFATC1"
"CDK9","MAPK1","NFATC1"
"CDK9","CSNK2A1","NFATC1"
"CDK9","CDK1","NFATC1"
"CDK9","PRKCA","NFATC1"
"CDK9","PTPRC","NFATC1"
"CDK9","Gbeta","NFATC1"
"CDK9","CSNK1D","NFATC1"
"CDK9","PLK1","NFATC1"
"CDK9","TGFBR1","NFATC1"
"CDK9","ABL1","NFATC1"
"CDK9","RPS6KA1","NFATC1"
"CDK9","PAK6","NFATC1"
"CDK9","PPP1R2","NFATC1"
"CDK9","CDK5","NFATC1"
"CDK9","AKT","NFATC1"
"CDK9","IRS1","NFATC1"
"CDK9","PIK3CA","NFATC1"
"CDK9","PTK2","NFATC1"
"CDK9","RNF111","NFATC1"
"CDK9","mTORC1","NFATC1"
"CDK9","RASSF1","NFATC1"
"CDK9","ADRA2A","NFATC1"
"CDK9","CDK3","NFATC1"
"CDK9","PTK6","NFATC1"
"CDK9","ZAP70","NFATC1"
"CDK9","NCOA2","NFATC1"
"CDK9","TRAF6","NFATC1"
"CDK9","MAPKAPK5","NFATC1"
"CDK9","CDK6","NFATC1"
"CDK9","CDC25C","NFATC1"
"CDK9","CDC25B","NFATC1"
"CDK9","LAT","NFATC1"
"CDK9","GAB1","NFATC1"
"CDK9","PTPRA","NFATC1"
"CDK9","ESR1","NFATC1"
"CDK9","CD28","NFATC1"
"CDK9","NR3C1","NFATC1"
"CDK9","MGluR","NFATC1"
"CDK9","GAB2","NFATC1"
"CDK9","FGFR2","NFATC1"
"CDK9","NF2","NFATC1"
"CDK9","GRB10","NFATC1"
"CDK9","GRM5","NFATC1"
"CDK9","PIK3CG","NFATC1"
"CDK9","BORA","NFATC1"
"CDK9","PEBP1","NFATC1"
"CDK9","PPP1R14B","NFATC1"
"CDK9","MAPK3","SH2D2A"
"CDK9","GSK3B/Axin/APC","SH2D2A"
"CDK9","AURKA","SH2D2A"
"CDK9","PRKCD","SH2D2A"
"CDK9","MAPK1","SH2D2A"
"CDK9","CSNK2A1","SH2D2A"
"CDK9","CDK1","SH2D2A"
"CDK9","PRKCA","SH2D2A"
"CDK9","MAPK14","SH2D2A"
"CDK9","PTPRC","SH2D2A"
"CDK9","ERK1/2","SH2D2A"
"CDK9","Gbeta","SH2D2A"
"CDK9","CSNK1D","SH2D2A"
"CDK9","PLK1","SH2D2A"
"CDK9","TGFBR1","SH2D2A"
"CDK9","ABL1","SH2D2A"
"CDK9","CDK2","SH2D2A"
"CDK9","PAK6","SH2D2A"
"CDK9","GSK3B","SH2D2A"
"CDK9","PPP1R2","SH2D2A"
"CDK9","CDK5","SH2D2A"
"CDK9","MAP3K1","SH2D2A"
"CDK9","AKT","SH2D2A"
"CDK9","PRKD1","SH2D2A"
"CDK9","IRS1","SH2D2A"
"CDK9","PIK3CA","SH2D2A"
"CDK9","PTK2","SH2D2A"
"CDK9","CyclinE/CDK2","SH2D2A"
"CDK9","RNF111","SH2D2A"
"CDK9","mTORC1","SH2D2A"
"CDK9","RASSF1","SH2D2A"
"CDK9","ADRA2A","SH2D2A"
"CDK9","CDK3","SH2D2A"
"CDK9","GRB2","SH2D2A"
"CDK9","PTK6","SH2D2A"
"CDK9","ZAP70","SH2D2A"
"CDK9","TRAF6","SH2D2A"
"CDK9","SHC1","SH2D2A"
"CDK9","CDK6","SH2D2A"
"CDK9","CDC25C","SH2D2A"
"CDK9","CDC25B","SH2D2A"
"CDK9","LAT","SH2D2A"
"CDK9","PTPRA","SH2D2A"
"CDK9","ESR1","SH2D2A"
"CDK9","ARRB2","SH2D2A"
"CDK9","CD28","SH2D2A"
"CDK9","FGFR2","SH2D2A"
"CDK9","GRB10","SH2D2A"
"CDK9","GRM5","SH2D2A"
"CDK9","PIK3CG","SH2D2A"
"CDK9","BORA","SH2D2A"
"CDK9","PPP1R14B","SH2D2A"
"CDK9","MAPK3","DDAH2"
"CDK9","GSK3B/Axin/APC","DDAH2"
"CDK9","AURKA","DDAH2"
"CDK9","PRKCD","DDAH2"
"CDK9","MAPK1","DDAH2"
"CDK9","CSNK2A1","DDAH2"
"CDK9","PRKCA","DDAH2"
"CDK9","MAPK14","DDAH2"
"CDK9","PTPRC","DDAH2"
"CDK9","ERK1/2","DDAH2"
"CDK9","Gbeta","DDAH2"
"CDK9","TGFBR1","DDAH2"
"CDK9","ABL1","DDAH2"
"CDK9","CDK2","DDAH2"
"CDK9","PAK6","DDAH2"
"CDK9","GSK3B","DDAH2"
"CDK9","CDK5","DDAH2"
"CDK9","MAP3K1","DDAH2"
"CDK9","AKT","DDAH2"
"CDK9","PRKD1","DDAH2"
"CDK9","PTK2","DDAH2"
"CDK9","RNF111","DDAH2"
"CDK9","mTORC1","DDAH2"
"CDK9","ADRA2A","DDAH2"
"CDK9","CDK3","DDAH2"
"CDK9","GRB2","DDAH2"
"CDK9","ZAP70","DDAH2"
"CDK9","TRAF6","DDAH2"
"CDK9","SHC1","DDAH2"
"CDK9","AXIN1","DDAH2"
"CDK9","MAPKAPK5","DDAH2"
"CDK9","CDK6","DDAH2"
"CDK9","GAB1","DDAH2"
"CDK9","CD28","DDAH2"
"CDK9","MGluR","DDAH2"
"CDK9","INPP5D","DDAH2"
"CDK9","GAB2","DDAH2"
"CDK9","FGFR2","DDAH2"
"CDK9","GRM5","DDAH2"
"CDK9","PIK3CG","DDAH2"
"CDK9","PPP1R14A","DDAH2"
"CDK9","GSK3B/Axin/APC","EIF4E"
"CDK9","PRKCD","EIF4E"
"CDK9","MAPK1","EIF4E"
"CDK9","CDK1","EIF4E"
"CDK9","PRKCA","EIF4E"
"CDK9","PTPRC","EIF4E"
"CDK9","Gbeta","EIF4E"
"CDK9","LCK","EIF4E"
"CDK9","RPS6KA1","EIF4E"
"CDK9","PAK6","EIF4E"
"CDK9","CDK5","EIF4E"
"CDK9","AKT","EIF4E"
"CDK9","PRKD1","EIF4E"
"CDK9","IRS1","EIF4E"
"CDK9","PIK3CA","EIF4E"
"CDK9","CyclinE/CDK2","EIF4E"
"CDK9","RASSF1","EIF4E"
"CDK9","ADRA2A","EIF4E"
"CDK9","CDK3","EIF4E"
"CDK9","GRB2","EIF4E"
"CDK9","TRAF6","EIF4E"
"CDK9","CDK6","EIF4E"
"CDK9","CDC25B","EIF4E"
"CDK9","GAB1","EIF4E"
"CDK9","CD28","EIF4E"
"CDK9","FGFR2","EIF4E"
"CDK9","PPP1R14A","EIF4E"
"CDK9","PPP1R14B","EIF4E"
"CDK9","AURKA","CAT"
"CDK9","PRKCA","CAT"
"CDK9","PTPN6","CAT"
"CDK9","MAPK14","CAT"
"CDK9","PLK1","CAT"
"CDK9","TGFBR1","CAT"
"CDK9","AKT","CAT"
"CDK9","IRS1","CAT"
"CDK9","RASSF1","CAT"
"CDK9","ADRA2A","CAT"
"CDK9","TRAF6","CAT"
"CDK9","AXIN1","CAT"
"CDK9","MAPKAPK5","CAT"
"CDK9","CDK6","CAT"
"CDK9","CDC25C","CAT"
"CDK9","CDC25B","CAT"
"CDK9","LAT","CAT"
"CDK9","ARRB2","CAT"
"CDK9","GRM5","CAT"
"CDK9","PIK3CG","CAT"
"CDK9","PPP1R14A","CAT"
"CDK9","BORA","CAT"
"CDK9","MAPK1","SLC9A1"
"CDK9","CSNK2A1","SLC9A1"
"CDK9","CDK1","SLC9A1"
"CDK9","MAPK14","SLC9A1"
"CDK9","PTPRC","SLC9A1"
"CDK9","ERK1/2","SLC9A1"
"CDK9","CSNK1D","SLC9A1"
"CDK9","ABL1","SLC9A1"
"CDK9","PAK6","SLC9A1"
"CDK9","CDK5","SLC9A1"
"CDK9","MAP3K1","SLC9A1"
"CDK9","AKT","SLC9A1"
"CDK9","PRKD1","SLC9A1"
"CDK9","IRS1","SLC9A1"
"CDK9","PIK3CA","SLC9A1"
"CDK9","CyclinE/CDK2","SLC9A1"
"CDK9","RNF111","SLC9A1"
"CDK9","mTORC1","SLC9A1"
"CDK9","ADRA2A","SLC9A1"
"CDK9","CDK3","SLC9A1"
"CDK9","GRB2","SLC9A1"
"CDK9","PTK6","SLC9A1"
"CDK9","ZAP70","SLC9A1"
"CDK9","TRAF6","SLC9A1"
"CDK9","SHC1","SLC9A1"
"CDK9","MAPKAPK5","SLC9A1"
"CDK9","CDK6","SLC9A1"
"CDK9","CDC25C","SLC9A1"
"CDK9","CDC25B","SLC9A1"
"CDK9","GAB1","SLC9A1"
"CDK9","ESR1","SLC9A1"
"CDK9","ARRB2","SLC9A1"
"CDK9","CD28","SLC9A1"
"CDK9","MGluR","SLC9A1"
"CDK9","INPP5D","SLC9A1"
"CDK9","GAB2","SLC9A1"
"CDK9","FGFR2","SLC9A1"
"CDK9","NF2","SLC9A1"
"CDK9","GRM5","SLC9A1"
"CDK9","PIK3CG","SLC9A1"
"CDK9","PPP1R14A","SLC9A1"
"CDK9","ABI1","SLC9A1"
"CDK9","BORA","SLC9A1"
"CDK9","PEBP1","SLC9A1"
"CDK9","PPP1R14B","SLC9A1"
"CDK9","MAPK3","CAP1"
"CDK9","AURKA","CAP1"
"CDK9","PRKCD","CAP1"
"CDK9","CSNK2A1","CAP1"
"CDK9","CDK1","CAP1"
"CDK9","PRKCA","CAP1"
"CDK9","PTPRC","CAP1"
"CDK9","PLK1","CAP1"
"CDK9","TGFBR1","CAP1"
"CDK9","ABL1","CAP1"
"CDK9","CDK2","CAP1"
"CDK9","PAK6","CAP1"
"CDK9","CDK5","CAP1"
"CDK9","IRS1","CAP1"
"CDK9","CyclinE/CDK2","CAP1"
"CDK9","mTORC1","CAP1"
"CDK9","ADRA2A","CAP1"
"CDK9","TRAF6","CAP1"
"CDK9","SHC1","CAP1"
"CDK9","LAT","CAP1"
"CDK9","ARRB2","CAP1"
"CDK9","CD28","CAP1"
"CDK9","FGFR2","CAP1"
"CDK9","GRM5","CAP1"
"CDK9","ABI1","CAP1"
"CDK9","BORA","CAP1"
"CDK9","GSK3B","KCNK3"
"CDK9","MAPK3","CD3G"
"CDK9","PRKCD","CD3G"
"CDK9","CSNK2A1","CD3G"
"CDK9","CDK1","CD3G"
"CDK9","PTPN6","CD3G"
"CDK9","PTPRC","CD3G"
"CDK9","PLK1","CD3G"
"CDK9","ABL1","CD3G"
"CDK9","RPS6KA1","CD3G"
"CDK9","PAK6","CD3G"
"CDK9","GSK3B","CD3G"
"CDK9","PTK2","CD3G"
"CDK9","CyclinE/CDK2","CD3G"
"CDK9","mTORC1","CD3G"
"CDK9","ADRA2A","CD3G"
"CDK9","CDK3","CD3G"
"CDK9","ZAP70","CD3G"
"CDK9","TRAF6","CD3G"
"CDK9","SHC1","CD3G"
"CDK9","CDK6","CD3G"
"CDK9","GAB2","CD3G"
"CDK9","FGFR2","CD3G"
"CDK9","BORA","CD3G"
"CDK9","MAPK3","PLD2"
"CDK9","AURKA","PLD2"
"CDK9","MAPK1","PLD2"
"CDK9","PRKCA","PLD2"
"CDK9","PTPN6","PLD2"
"CDK9","MAPK14","PLD2"
"CDK9","PTPRC","PLD2"
"CDK9","ERK1/2","PLD2"
"CDK9","Gbeta","PLD2"
"CDK9","CSNK1D","PLD2"
"CDK9","PLK1","PLD2"
"CDK9","TGFBR1","PLD2"
"CDK9","RPS6KA1","PLD2"
"CDK9","PAK6","PLD2"
"CDK9","GSK3B","PLD2"
"CDK9","PPP1R2","PLD2"
"CDK9","CDK5","PLD2"
"CDK9","PRKD1","PLD2"
"CDK9","IRS1","PLD2"
"CDK9","PIK3CA","PLD2"
"CDK9","PTK2","PLD2"
"CDK9","CyclinE/CDK2","PLD2"
"CDK9","RNF111","PLD2"
"CDK9","mTORC1","PLD2"
"CDK9","RASSF1","PLD2"
"CDK9","ADRA2A","PLD2"
"CDK9","CDK3","PLD2"
"CDK9","PTK6","PLD2"
"CDK9","TRAF6","PLD2"
"CDK9","SHC1","PLD2"
"CDK9","MAPKAPK5","PLD2"
"CDK9","CDC25C","PLD2"
"CDK9","LAT","PLD2"
"CDK9","PTPRA","PLD2"
"CDK9","ARRB2","PLD2"
"CDK9","INPP5D","PLD2"
"CDK9","GAB2","PLD2"
"CDK9","NF2","PLD2"
"CDK9","GRB10","PLD2"
"CDK9","PPP1R14A","PLD2"
"CDK9","ABI1","PLD2"
"CDK9","PRKCA","PPP1R12A"
"CDK9","PTPN6","PPP1R12A"
"CDK9","PTPRC","PPP1R12A"
"CDK9","ERK1/2","PPP1R12A"
"CDK9","Gbeta","PPP1R12A"
"CDK9","CSNK1D","PPP1R12A"
"CDK9","LCK","PPP1R12A"
"CDK9","TGFBR1","PPP1R12A"
"CDK9","CDK2","PPP1R12A"
"CDK9","PPP1R2","PPP1R12A"
"CDK9","PRKD1","PPP1R12A"
"CDK9","IRS1","PPP1R12A"
"CDK9","PIK3CA","PPP1R12A"
"CDK9","CyclinE/CDK2","PPP1R12A"
"CDK9","RASSF1","PPP1R12A"
"CDK9","ADRA2A","PPP1R12A"
"CDK9","GRB2","PPP1R12A"
"CDK9","ZAP70","PPP1R12A"
"CDK9","SHC1","PPP1R12A"
"CDK9","CDC25B","PPP1R12A"
"CDK9","LAT","PPP1R12A"
"CDK9","PTPRA","PPP1R12A"
"CDK9","ARRB2","PPP1R12A"
"CDK9","CD28","PPP1R12A"
"CDK9","INPP5D","PPP1R12A"
"CDK9","GAB2","PPP1R12A"
"CDK9","BORA","PPP1R12A"
"CDK9","PEBP1","PPP1R12A"
"CDK9","MAPK3","TH"
"CDK9","AURKA","TH"
"CDK9","CSNK2A1","TH"
"CDK9","PRKCA","TH"
"CDK9","PTPN6","TH"
"CDK9","ERK1/2","TH"
"CDK9","CSNK1D","TH"
"CDK9","TGFBR1","TH"
"CDK9","ABL1","TH"
"CDK9","CDK2","TH"
"CDK9","RPS6KA1","TH"
"CDK9","GSK3B","TH"
"CDK9","PPP1R2","TH"
"CDK9","PRKD1","TH"
"CDK9","IRS1","TH"
"CDK9","PIK3CA","TH"
"CDK9","CyclinE/CDK2","TH"
"CDK9","mTORC1","TH"
"CDK9","RASSF1","TH"
"CDK9","CDK3","TH"
"CDK9","PTK6","TH"
"CDK9","ZAP70","TH"
"CDK9","TRAF6","TH"
"CDK9","SHC1","TH"
"CDK9","AXIN1","TH"
"CDK9","MAPKAPK5","TH"
"CDK9","CDC25B","TH"
"CDK9","LAT","TH"
"CDK9","CD28","TH"
"CDK9","MGluR","TH"
"CDK9","INPP5D","TH"
"CDK9","GAB2","TH"
"CDK9","FGFR2","TH"
"CDK9","ABI1","TH"
"CDK9","BORA","TH"
"CDK9","PEBP1","TH"
"CDK9","MAPK3","MFN2"
"CDK9","GSK3B/Axin/APC","MFN2"
"CDK9","CSNK2A1","MFN2"
"CDK9","PTPN6","MFN2"
"CDK9","LCK","MFN2"
"CDK9","CDK5","MFN2"
"CDK9","MAP3K1","MFN2"
"CDK9","AKT","MFN2"
"CDK9","PRKD1","MFN2"
"CDK9","IRS1","MFN2"
"CDK9","PTK2","MFN2"
"CDK9","CyclinE/CDK2","MFN2"
"CDK9","mTORC1","MFN2"
"CDK9","RASSF1","MFN2"
"CDK9","ADRA2A","MFN2"
"CDK9","CDK3","MFN2"
"CDK9","PTK6","MFN2"
"CDK9","CDK6","MFN2"
"CDK9","CDC25C","MFN2"
"CDK9","LAT","MFN2"
"CDK9","ESR1","MFN2"
"CDK9","ARRB2","MFN2"
"CDK9","CD28","MFN2"
"CDK9","MGluR","MFN2"
"CDK9","INPP5D","MFN2"
"CDK9","FGFR2","MFN2"
"CDK9","NF2","MFN2"
"CDK9","PIK3CG","MFN2"
"CDK9","ABI1","MFN2"
"CDK9","BORA","MFN2"
"CDK9","PEBP1","MFN2"
"CDK9","PPP1R14B","MFN2"
"CDK9","MAPK3","KRT8"
"CDK9","AURKA","KRT8"
"CDK9","CSNK2A1","KRT8"
"CDK9","CDK1","KRT8"
"CDK9","PTPN6","KRT8"
"CDK9","MAPK14","KRT8"
"CDK9","ERK1/2","KRT8"
"CDK9","CSNK1D","KRT8"
"CDK9","PLK1","KRT8"
"CDK9","TGFBR1","KRT8"
"CDK9","CDK2","KRT8"
"CDK9","RPS6KA1","KRT8"
"CDK9","PAK6","KRT8"
"CDK9","GSK3B","KRT8"
"CDK9","PPP1R2","KRT8"
"CDK9","CDK5","KRT8"
"CDK9","MAP3K1","KRT8"
"CDK9","AKT","KRT8"
"CDK9","PRKD1","KRT8"
"CDK9","PIK3CA","KRT8"
"CDK9","CyclinE/CDK2","KRT8"
"CDK9","ADRA2A","KRT8"
"CDK9","CDK3","KRT8"
"CDK9","GRB2","KRT8"
"CDK9","PTK6","KRT8"
"CDK9","ZAP70","KRT8"
"CDK9","TRAF6","KRT8"
"CDK9","SHC1","KRT8"
"CDK9","AXIN1","KRT8"
"CDK9","MAPKAPK5","KRT8"
"CDK9","CDK6","KRT8"
"CDK9","CDC25C","KRT8"
"CDK9","CDC25B","KRT8"
"CDK9","LAT","KRT8"
"CDK9","GAB1","KRT8"
"CDK9","PTPRA","KRT8"
"CDK9","ESR1","KRT8"
"CDK9","MGluR","KRT8"
"CDK9","INPP5D","KRT8"
"CDK9","GAB2","KRT8"
"CDK9","FGFR2","KRT8"
"CDK9","NF2","KRT8"
"CDK9","GRB10","KRT8"
"CDK9","ABI1","KRT8"
"CDK9","BORA","KRT8"
"CDK9","AURKA","ELK3"
"CDK9","PTPN6","ELK3"
"CDK9","PTPRC","ELK3"
"CDK9","TGFBR1","ELK3"
"CDK9","ABL1","ELK3"
"CDK9","MAP3K1","ELK3"
"CDK9","IRS1","ELK3"
"CDK9","CyclinE/CDK2","ELK3"
"CDK9","ADRA2A","ELK3"
"CDK9","PTK6","ELK3"
"CDK9","ZAP70","ELK3"
"CDK9","NCOA2","ELK3"
"CDK9","AXIN1","ELK3"
"CDK9","CDC25C","ELK3"
"CDK9","CDC25B","ELK3"
"CDK9","ESR1","ELK3"
"CDK9","CD28","ELK3"
"CDK9","NR3C1","ELK3"
"CDK9","MGluR","ELK3"
"CDK9","INPP5D","ELK3"
"CDK9","GAB2","ELK3"
"CDK9","NF2","ELK3"
"CDK9","GRB10","ELK3"
"CDK9","GRM5","ELK3"
"CDK9","PIK3CG","ELK3"
"CDK9","PPP1R14A","ELK3"
"CDK9","ABI1","ELK3"
"CDK9","PEBP1","ELK3"
"CDK9","GSK3B/Axin/APC","MARCKS"
"CDK9","PRKCD","MARCKS"
"CDK9","MAPK1","MARCKS"
"CDK9","CDK1","MARCKS"
"CDK9","PRKCA","MARCKS"
"CDK9","MAPK14","MARCKS"
"CDK9","PTPRC","MARCKS"
"CDK9","ERK1/2","MARCKS"
"CDK9","Gbeta","MARCKS"
"CDK9","CSNK1D","MARCKS"
"CDK9","PLK1","MARCKS"
"CDK9","LCK","MARCKS"
"CDK9","TGFBR1","MARCKS"
"CDK9","ABL1","MARCKS"
"CDK9","CDK2","MARCKS"
"CDK9","RPS6KA1","MARCKS"
"CDK9","PAK6","MARCKS"
"CDK9","GSK3B","MARCKS"
"CDK9","PPP1R2","MARCKS"
"CDK9","CDK5","MARCKS"
"CDK9","AKT","MARCKS"
"CDK9","IRS1","MARCKS"
"CDK9","PIK3CA","MARCKS"
"CDK9","PTK2","MARCKS"
"CDK9","RNF111","MARCKS"
"CDK9","mTORC1","MARCKS"
"CDK9","RASSF1","MARCKS"
"CDK9","ADRA2A","MARCKS"
"CDK9","NCOA2","MARCKS"
"CDK9","TRAF6","MARCKS"
"CDK9","AXIN1","MARCKS"
"CDK9","CDC25C","MARCKS"
"CDK9","CDC25B","MARCKS"
"CDK9","CD28","MARCKS"
"CDK9","GRB10","MARCKS"
"CDK9","GRM5","MARCKS"
"CDK9","PIK3CG","MARCKS"
"CDK9","ABI1","MARCKS"
"CDK9","BORA","MARCKS"
"CDK9","PEBP1","MARCKS"
"CDK9","AURKA","SMARCC2"
"CDK9","PRKCD","SMARCC2"
"CDK9","MAPK1","SMARCC2"
"CDK9","CSNK2A1","SMARCC2"
"CDK9","PRKCA","SMARCC2"
"CDK9","PTPN6","SMARCC2"
"CDK9","PTPRC","SMARCC2"
"CDK9","Gbeta","SMARCC2"
"CDK9","LCK","SMARCC2"
"CDK9","CDK2","SMARCC2"
"CDK9","RPS6KA1","SMARCC2"
"CDK9","PPP1R2","SMARCC2"
"CDK9","CDK5","SMARCC2"
"CDK9","PIK3CA","SMARCC2"
"CDK9","CyclinE/CDK2","SMARCC2"
"CDK9","mTORC1","SMARCC2"
"CDK9","RASSF1","SMARCC2"
"CDK9","ADRA2A","SMARCC2"
"CDK9","ZAP70","SMARCC2"
"CDK9","NCOA2","SMARCC2"
"CDK9","CDC25B","SMARCC2"
"CDK9","LAT","SMARCC2"
"CDK9","GAB1","SMARCC2"
"CDK9","ESR1","SMARCC2"
"CDK9","FGFR2","SMARCC2"
"CDK9","NF2","SMARCC2"
"CDK9","GRB10","SMARCC2"
"CDK9","PPP1R14A","SMARCC2"
"CDK9","ABI1","SMARCC2"
"CDK9","BORA","SMARCC2"
"CDK9","PEBP1","SMARCC2"
"CDK9","PTPN6","BCL2L12"
"CDK9","PTPRC","BCL2L12"
"CDK9","ERK1/2","BCL2L12"
"CDK9","Gbeta","BCL2L12"
"CDK9","CSNK1D","BCL2L12"
"CDK9","PLK1","BCL2L12"
"CDK9","LCK","BCL2L12"
"CDK9","CDK2","BCL2L12"
"CDK9","PAK6","BCL2L12"
"CDK9","PPP1R2","BCL2L12"
"CDK9","CDK5","BCL2L12"
"CDK9","MAP3K1","BCL2L12"
"CDK9","AKT","BCL2L12"
"CDK9","PRKD1","BCL2L12"
"CDK9","IRS1","BCL2L12"
"CDK9","CyclinE/CDK2","BCL2L12"
"CDK9","RNF111","BCL2L12"
"CDK9","RASSF1","BCL2L12"
"CDK9","NCOA2","BCL2L12"
"CDK9","TRAF6","BCL2L12"
"CDK9","PTPRA","BCL2L12"
"CDK9","ESR1","BCL2L12"
"CDK9","INPP5D","BCL2L12"
"CDK9","GAB2","BCL2L12"
"CDK9","FGFR2","BCL2L12"
"CDK9","TGFBR1","SUPT5H"
"CDK9","PRKD1","SUPT5H"
"CDK9","mTORC1","SUPT5H"
"CDK9","CDK3","SUPT5H"
"CDK9","ZAP70","SUPT5H"
"CDK9","NCOA2","SUPT5H"
"CDK9","MAPKAPK5","SUPT5H"
"CDK9","GAB1","SUPT5H"
"CDK9","ESR1","SUPT5H"
"CDK9","INPP5D","SUPT5H"
"CDK9","PIK3CG","SUPT5H"
"CDK9","PPP1R14A","SUPT5H"
"CDK9","MAPK3","ACLY"
"CDK9","AURKA","ACLY"
"CDK9","CSNK2A1","ACLY"
"CDK9","PRKCA","ACLY"
"CDK9","PTPN6","ACLY"
"CDK9","MAPK14","ACLY"
"CDK9","PTPRC","ACLY"
"CDK9","CSNK1D","ACLY"
"CDK9","TGFBR1","ACLY"
"CDK9","ABL1","ACLY"
"CDK9","CDK5","ACLY"
"CDK9","AKT","ACLY"
"CDK9","PRKD1","ACLY"
"CDK9","PIK3CA","ACLY"
"CDK9","PTK2","ACLY"
"CDK9","RASSF1","ACLY"
"CDK9","ADRA2A","ACLY"
"CDK9","CDK3","ACLY"
"CDK9","TRAF6","ACLY"
"CDK9","CDC25C","ACLY"
"CDK9","GAB1","ACLY"
"CDK9","PTPRA","ACLY"
"CDK9","NR3C1","ACLY"
"CDK9","INPP5D","ACLY"
"CDK9","GAB2","ACLY"
"CDK9","GRM5","ACLY"
"CDK9","PPP1R14A","ACLY"
"CDK9","PEBP1","ACLY"
"CDK9","PPP1R14B","ACLY"
"CDK9","GSK3B/Axin/APC","CITED1"
"CDK9","MAPK1","CITED1"
"CDK9","CDK1","CITED1"
"CDK9","PTPRC","CITED1"
"CDK9","Gbeta","CITED1"
"CDK9","LCK","CITED1"
"CDK9","RPS6KA1","CITED1"
"CDK9","PAK6","CITED1"
"CDK9","CDK5","CITED1"
"CDK9","RNF111","CITED1"
"CDK9","NCOA2","CITED1"
"CDK9","AXIN1","CITED1"
"CDK9","LAT","CITED1"
"CDK9","GAB1","CITED1"
"CDK9","PTPRA","CITED1"
"CDK9","CD28","CITED1"
"CDK9","GAB2","CITED1"
"CDK9","FGFR2","CITED1"
"CDK9","PIK3CG","CITED1"
"CDK9","ABI1","CITED1"
"CDK9","BORA","CITED1"
"CDK9","PEBP1","CITED1"
"CDK9","PPP1R14B","CITED1"
"CDK9","MAPK3","CTLA4"
"CDK9","GSK3B/Axin/APC","CTLA4"
"CDK9","AURKA","CTLA4"
"CDK9","CSNK2A1","CTLA4"
"CDK9","CDK1","CTLA4"
"CDK9","PTPN6","CTLA4"
"CDK9","MAPK14","CTLA4"
"CDK9","CSNK1D","CTLA4"
"CDK9","PLK1","CTLA4"
"CDK9","TGFBR1","CTLA4"
"CDK9","PAK6","CTLA4"
"CDK9","AKT","CTLA4"
"CDK9","PRKD1","CTLA4"
"CDK9","IRS1","CTLA4"
"CDK9","CyclinE/CDK2","CTLA4"
"CDK9","RNF111","CTLA4"
"CDK9","mTORC1","CTLA4"
"CDK9","RASSF1","CTLA4"
"CDK9","CDK6","CTLA4"
"CDK9","CDC25C","CTLA4"
"CDK9","CDC25B","CTLA4"
"CDK9","LAT","CTLA4"
"CDK9","GAB1","CTLA4"
"CDK9","ESR1","CTLA4"
"CDK9","ARRB2","CTLA4"
"CDK9","CD28","CTLA4"
"CDK9","MGluR","CTLA4"
"CDK9","INPP5D","CTLA4"
"CDK9","FGFR2","CTLA4"
"CDK9","GRB10","CTLA4"
"CDK9","GRM5","CTLA4"
"CDK9","PIK3CG","CTLA4"
"CDK9","ABI1","CTLA4"
"CDK9","BORA","CTLA4"
"CDK9","PPP1R14B","CTLA4"
"CDK9","MAPK3","SPHK1"
"CDK9","GSK3B/Axin/APC","SPHK1"
"CDK9","AURKA","SPHK1"
"CDK9","MAPK1","SPHK1"
"CDK9","CDK1","SPHK1"
"CDK9","PRKCA","SPHK1"
"CDK9","PTPN6","SPHK1"
"CDK9","PTPRC","SPHK1"
"CDK9","ERK1/2","SPHK1"
"CDK9","Gbeta","SPHK1"
"CDK9","CSNK1D","SPHK1"
"CDK9","PLK1","SPHK1"
"CDK9","ABL1","SPHK1"
"CDK9","CDK2","SPHK1"
"CDK9","RPS6KA1","SPHK1"
"CDK9","PAK6","SPHK1"
"CDK9","CDK5","SPHK1"
"CDK9","MAP3K1","SPHK1"
"CDK9","AKT","SPHK1"
"CDK9","PRKD1","SPHK1"
"CDK9","IRS1","SPHK1"
"CDK9","PIK3CA","SPHK1"
"CDK9","PTK2","SPHK1"
"CDK9","CyclinE/CDK2","SPHK1"
"CDK9","mTORC1","SPHK1"
"CDK9","RASSF1","SPHK1"
"CDK9","ADRA2A","SPHK1"
"CDK9","GRB2","SPHK1"
"CDK9","PTK6","SPHK1"
"CDK9","ZAP70","SPHK1"
"CDK9","TRAF6","SPHK1"
"CDK9","SHC1","SPHK1"
"CDK9","AXIN1","SPHK1"
"CDK9","CDC25C","SPHK1"
"CDK9","CDC25B","SPHK1"
"CDK9","PTPRA","SPHK1"
"CDK9","ESR1","SPHK1"
"CDK9","ARRB2","SPHK1"
"CDK9","INPP5D","SPHK1"
"CDK9","GAB2","SPHK1"
"CDK9","GRB10","SPHK1"
"CDK9","GRM5","SPHK1"
"CDK9","PIK3CG","SPHK1"
"CDK9","PPP1R14A","SPHK1"
"CDK9","ABI1","SPHK1"
"CDK9","BORA","SPHK1"
"CDK9","PEBP1","SPHK1"
"CDK9","MAPK3","OPHN1"
"CDK9","PRKCD","OPHN1"
"CDK9","ERK1/2","OPHN1"
"CDK9","Gbeta","OPHN1"
"CDK9","CSNK1D","OPHN1"
"CDK9","TGFBR1","OPHN1"
"CDK9","CDK2","OPHN1"
"CDK9","PPP1R2","OPHN1"
"CDK9","IRS1","OPHN1"
"CDK9","PTK2","OPHN1"
"CDK9","mTORC1","OPHN1"
"CDK9","RASSF1","OPHN1"
"CDK9","ADRA2A","OPHN1"
"CDK9","PTK6","OPHN1"
"CDK9","ZAP70","OPHN1"
"CDK9","NCOA2","OPHN1"
"CDK9","TRAF6","OPHN1"
"CDK9","AXIN1","OPHN1"
"CDK9","MAPKAPK5","OPHN1"
"CDK9","CDC25C","OPHN1"
"CDK9","CDC25B","OPHN1"
"CDK9","LAT","OPHN1"
"CDK9","PTPRA","OPHN1"
"CDK9","ESR1","OPHN1"
"CDK9","NR3C1","OPHN1"
"CDK9","MGluR","OPHN1"
"CDK9","GAB2","OPHN1"
"CDK9","FGFR2","OPHN1"
"CDK9","NF2","OPHN1"
"CDK9","PIK3CG","OPHN1"
"CDK9","PPP1R14A","OPHN1"
"CDK9","ABI1","OPHN1"
"CDK9","PEBP1","OPHN1"
"CDK9","PPP1R14B","OPHN1"
"CDK9","MAPK3","GRAP"
"CDK9","GSK3B/Axin/APC","GRAP"
"CDK9","PRKCD","GRAP"
"CDK9","MAPK1","GRAP"
"CDK9","CSNK2A1","GRAP"
"CDK9","CDK1","GRAP"
"CDK9","PRKCA","GRAP"
"CDK9","MAPK14","GRAP"
"CDK9","PTPRC","GRAP"
"CDK9","Gbeta","GRAP"
"CDK9","GSK3B","GRAP"
"CDK9","PPP1R2","GRAP"
"CDK9","CDK5","GRAP"
"CDK9","MAP3K1","GRAP"
"CDK9","AKT","GRAP"
"CDK9","PRKD1","GRAP"
"CDK9","PIK3CA","GRAP"
"CDK9","PTK2","GRAP"
"CDK9","CyclinE/CDK2","GRAP"
"CDK9","RNF111","GRAP"
"CDK9","mTORC1","GRAP"
"CDK9","RASSF1","GRAP"
"CDK9","GRB2","GRAP"
"CDK9","ZAP70","GRAP"
"CDK9","TRAF6","GRAP"
"CDK9","CDK6","GRAP"
"CDK9","CDC25C","GRAP"
"CDK9","CDC25B","GRAP"
"CDK9","GAB1","GRAP"
"CDK9","PTPRA","GRAP"
"CDK9","CD28","GRAP"
"CDK9","GAB2","GRAP"
"CDK9","GRB10","GRAP"
"CDK9","GRM5","GRAP"
"CDK9","PPP1R14A","GRAP"
"CDK9","ABI1","GRAP"
"CDK9","PPP1R14B","GRAP"
"CDK9","MAPK1","HVCN1"
"CDK9","CSNK2A1","HVCN1"
"CDK9","CDK1","HVCN1"
"CDK9","PRKCA","HVCN1"
"CDK9","Gbeta","HVCN1"
"CDK9","CSNK1D","HVCN1"
"CDK9","ABL1","HVCN1"
"CDK9","PAK6","HVCN1"
"CDK9","GSK3B","HVCN1"
"CDK9","RASSF1","HVCN1"
"CDK9","CDK3","HVCN1"
"CDK9","TRAF6","HVCN1"
"CDK9","SHC1","HVCN1"
"CDK9","CDC25C","HVCN1"
"CDK9","GAB1","HVCN1"
"CDK9","PTPRA","HVCN1"
"CDK9","ARRB2","HVCN1"
"CDK9","MGluR","HVCN1"
"CDK9","FGFR2","HVCN1"
"CDK9","GRB10","HVCN1"
"CDK9","GRM5","HVCN1"
"CDK9","ABI1","HVCN1"
"CDK9","PEBP1","HVCN1"
"CDK9","MAPK3","F3"
"CDK9","GSK3B/Axin/APC","F3"
"CDK9","AURKA","F3"
"CDK9","PRKCD","F3"
"CDK9","MAPK1","F3"
"CDK9","CDK1","F3"
"CDK9","ERK1/2","F3"
"CDK9","Gbeta","F3"
"CDK9","CSNK1D","F3"
"CDK9","PLK1","F3"
"CDK9","LCK","F3"
"CDK9","TGFBR1","F3"
"CDK9","ABL1","F3"
"CDK9","CDK2","F3"
"CDK9","RPS6KA1","F3"
"CDK9","PAK6","F3"
"CDK9","PPP1R2","F3"
"CDK9","PRKD1","F3"
"CDK9","IRS1","F3"
"CDK9","PIK3CA","F3"
"CDK9","PTK2","F3"
"CDK9","CyclinE/CDK2","F3"
"CDK9","RNF111","F3"
"CDK9","mTORC1","F3"
"CDK9","RASSF1","F3"
"CDK9","PTK6","F3"
"CDK9","ZAP70","F3"
"CDK9","TRAF6","F3"
"CDK9","AXIN1","F3"
"CDK9","CDK6","F3"
"CDK9","CDC25C","F3"
"CDK9","CDC25B","F3"
"CDK9","LAT","F3"
"CDK9","GAB1","F3"
"CDK9","ESR1","F3"
"CDK9","CD28","F3"
"CDK9","NR3C1","F3"
"CDK9","GAB2","F3"
"CDK9","FGFR2","F3"
"CDK9","GRB10","F3"
"CDK9","GRM5","F3"
"CDK9","PIK3CG","F3"
"CDK9","PPP1R14A","F3"
"CDK9","BORA","F3"
"CDK9","PEBP1","F3"
"CDK9","PPP1R14B","F3"
"CDK9","MAPK3","EEF1A2"
"CDK9","GSK3B/Axin/APC","EEF1A2"
"CDK9","AURKA","EEF1A2"
"CDK9","PRKCD","EEF1A2"
"CDK9","MAPK1","EEF1A2"
"CDK9","CSNK2A1","EEF1A2"
"CDK9","CDK1","EEF1A2"
"CDK9","PRKCA","EEF1A2"
"CDK9","MAPK14","EEF1A2"
"CDK9","PTPRC","EEF1A2"
"CDK9","ERK1/2","EEF1A2"
"CDK9","Gbeta","EEF1A2"
"CDK9","CSNK1D","EEF1A2"
"CDK9","PLK1","EEF1A2"
"CDK9","LCK","EEF1A2"
"CDK9","TGFBR1","EEF1A2"
"CDK9","CDK2","EEF1A2"
"CDK9","RPS6KA1","EEF1A2"
"CDK9","PAK6","EEF1A2"
"CDK9","GSK3B","EEF1A2"
"CDK9","PPP1R2","EEF1A2"
"CDK9","CDK5","EEF1A2"
"CDK9","PTK2","EEF1A2"
"CDK9","RNF111","EEF1A2"
"CDK9","ADRA2A","EEF1A2"
"CDK9","TRAF6","EEF1A2"
"CDK9","AXIN1","EEF1A2"
"CDK9","LAT","EEF1A2"
"CDK9","CD28","EEF1A2"
"CDK9","NF2","EEF1A2"
"CDK9","GRB10","EEF1A2"
"CDK9","PPP1R14A","EEF1A2"
"CDK9","BORA","EEF1A2"
"CDK9","PEBP1","EEF1A2"
"CDK9","CSNK2A1","ADAM15"
"CDK9","CDK1","ADAM15"
"CDK9","PTPRC","ADAM15"
"CDK9","TGFBR1","ADAM15"
"CDK9","ABL1","ADAM15"
"CDK9","PAK6","ADAM15"
"CDK9","GSK3B","ADAM15"
"CDK9","CDK5","ADAM15"
"CDK9","MAP3K1","ADAM15"
"CDK9","AKT","ADAM15"
"CDK9","PIK3CA","ADAM15"
"CDK9","mTORC1","ADAM15"
"CDK9","RASSF1","ADAM15"
"CDK9","GRB2","ADAM15"
"CDK9","TRAF6","ADAM15"
"CDK9","SHC1","ADAM15"
"CDK9","AXIN1","ADAM15"
"CDK9","MAPKAPK5","ADAM15"
"CDK9","CDK6","ADAM15"
"CDK9","CDC25C","ADAM15"
"CDK9","PTPRA","ADAM15"
"CDK9","ESR1","ADAM15"
"CDK9","CD28","ADAM15"
"CDK9","MGluR","ADAM15"
"CDK9","INPP5D","ADAM15"
"CDK9","GAB2","ADAM15"
"CDK9","GRM5","ADAM15"
"CDK9","MAPK3","CCT2"
"CDK9","GSK3B/Axin/APC","CCT2"
"CDK9","MAPK1","CCT2"
"CDK9","CDK1","CCT2"
"CDK9","PRKCA","CCT2"
"CDK9","PTPN6","CCT2"
"CDK9","MAPK14","CCT2"
"CDK9","PTPRC","CCT2"
"CDK9","ERK1/2","CCT2"
"CDK9","Gbeta","CCT2"
"CDK9","CSNK1D","CCT2"
"CDK9","PLK1","CCT2"
"CDK9","LCK","CCT2"
"CDK9","TGFBR1","CCT2"
"CDK9","CDK2","CCT2"
"CDK9","PAK6","CCT2"
"CDK9","PPP1R2","CCT2"
"CDK9","CDK5","CCT2"
"CDK9","AKT","CCT2"
"CDK9","PRKD1","CCT2"
"CDK9","PIK3CA","CCT2"
"CDK9","PTK2","CCT2"
"CDK9","CyclinE/CDK2","CCT2"
"CDK9","RNF111","CCT2"
"CDK9","RASSF1","CCT2"
"CDK9","CDK3","CCT2"
"CDK9","GRB2","CCT2"
"CDK9","PTK6","CCT2"
"CDK9","TRAF6","CCT2"
"CDK9","SHC1","CCT2"
"CDK9","AXIN1","CCT2"
"CDK9","MAPKAPK5","CCT2"
"CDK9","CDK6","CCT2"
"CDK9","CDC25C","CCT2"
"CDK9","CDC25B","CCT2"
"CDK9","LAT","CCT2"
"CDK9","GAB1","CCT2"
"CDK9","ARRB2","CCT2"
"CDK9","CD28","CCT2"
"CDK9","NR3C1","CCT2"
"CDK9","MGluR","CCT2"
"CDK9","INPP5D","CCT2"
"CDK9","GAB2","CCT2"
"CDK9","FGFR2","CCT2"
"CDK9","NF2","CCT2"
"CDK9","GRM5","CCT2"
"CDK9","PIK3CG","CCT2"
"CDK9","PPP1R14A","CCT2"
"CDK9","BORA","CCT2"
"CDK9","PEBP1","CCT2"
"CDK9","PPP1R14B","CCT2"
"CDK9","MAPK3","ATXN3"
"CDK9","GSK3B/Axin/APC","ATXN3"
"CDK9","AURKA","ATXN3"
"CDK9","CSNK2A1","ATXN3"
"CDK9","CDK1","ATXN3"
"CDK9","CSNK1D","ATXN3"
"CDK9","TGFBR1","ATXN3"
"CDK9","PAK6","ATXN3"
"CDK9","CDK5","ATXN3"
"CDK9","AKT","ATXN3"
"CDK9","mTORC1","ATXN3"
"CDK9","RASSF1","ATXN3"
"CDK9","CDK3","ATXN3"
"CDK9","GRB2","ATXN3"
"CDK9","NCOA2","ATXN3"
"CDK9","TRAF6","ATXN3"
"CDK9","SHC1","ATXN3"
"CDK9","AXIN1","ATXN3"
"CDK9","LAT","ATXN3"
"CDK9","GAB1","ATXN3"
"CDK9","MGluR","ATXN3"
"CDK9","NF2","ATXN3"
"CDK9","GRM5","ATXN3"
"CDK9","PIK3CG","ATXN3"
"CDK9","MAPK3","MPRIP"
"CDK9","GSK3B/Axin/APC","MPRIP"
"CDK9","AURKA","MPRIP"
"CDK9","PRKCD","MPRIP"
"CDK9","MAPK1","MPRIP"
"CDK9","CSNK2A1","MPRIP"
"CDK9","PTPN6","MPRIP"
"CDK9","MAPK14","MPRIP"
"CDK9","PTPRC","MPRIP"
"CDK9","Gbeta","MPRIP"
"CDK9","CSNK1D","MPRIP"
"CDK9","PLK1","MPRIP"
"CDK9","LCK","MPRIP"
"CDK9","TGFBR1","MPRIP"
"CDK9","RPS6KA1","MPRIP"
"CDK9","PAK6","MPRIP"
"CDK9","GSK3B","MPRIP"
"CDK9","PPP1R2","MPRIP"
"CDK9","AKT","MPRIP"
"CDK9","IRS1","MPRIP"
"CDK9","PIK3CA","MPRIP"
"CDK9","RNF111","MPRIP"
"CDK9","mTORC1","MPRIP"
"CDK9","RASSF1","MPRIP"
"CDK9","ADRA2A","MPRIP"
"CDK9","GRB2","MPRIP"
"CDK9","PTK6","MPRIP"
"CDK9","ZAP70","MPRIP"
"CDK9","SHC1","MPRIP"
"CDK9","MAPKAPK5","MPRIP"
"CDK9","CDC25C","MPRIP"
"CDK9","CDC25B","MPRIP"
"CDK9","LAT","MPRIP"
"CDK9","GAB1","MPRIP"
"CDK9","PTPRA","MPRIP"
"CDK9","ESR1","MPRIP"
"CDK9","CD28","MPRIP"
"CDK9","NR3C1","MPRIP"
"CDK9","MGluR","MPRIP"
"CDK9","INPP5D","MPRIP"
"CDK9","GAB2","MPRIP"
"CDK9","FGFR2","MPRIP"
"CDK9","GRB10","MPRIP"
"CDK9","GRM5","MPRIP"
"CDK9","PIK3CG","MPRIP"
"CDK9","ABI1","MPRIP"
"CDK9","BORA","MPRIP"
"CDK9","PEBP1","MPRIP"
"CDK9","GSK3B/Axin/APC","RBPJ/NOTCH"
"CDK9","PRKCD","RBPJ/NOTCH"
"CDK9","MAPK1","RBPJ/NOTCH"
"CDK9","CDK1","RBPJ/NOTCH"
"CDK9","PTPN6","RBPJ/NOTCH"
"CDK9","Gbeta","RBPJ/NOTCH"
"CDK9","CSNK1D","RBPJ/NOTCH"
"CDK9","PLK1","RBPJ/NOTCH"
"CDK9","LCK","RBPJ/NOTCH"
"CDK9","TGFBR1","RBPJ/NOTCH"
"CDK9","PPP1R2","RBPJ/NOTCH"
"CDK9","IRS1","RBPJ/NOTCH"
"CDK9","CyclinE/CDK2","RBPJ/NOTCH"
"CDK9","RNF111","RBPJ/NOTCH"
"CDK9","ADRA2A","RBPJ/NOTCH"
"CDK9","CDK3","RBPJ/NOTCH"
"CDK9","ZAP70","RBPJ/NOTCH"
"CDK9","NCOA2","RBPJ/NOTCH"
"CDK9","TRAF6","RBPJ/NOTCH"
"CDK9","MAPKAPK5","RBPJ/NOTCH"
"CDK9","CDC25C","RBPJ/NOTCH"
"CDK9","GAB1","RBPJ/NOTCH"
"CDK9","ESR1","RBPJ/NOTCH"
"CDK9","CD28","RBPJ/NOTCH"
"CDK9","GAB2","RBPJ/NOTCH"
"CDK9","FGFR2","RBPJ/NOTCH"
"CDK9","GRB10","RBPJ/NOTCH"
"CDK9","GRM5","RBPJ/NOTCH"
"CDK9","ABI1","RBPJ/NOTCH"
"CDK9","BORA","RBPJ/NOTCH"
"CDK9","PEBP1","RBPJ/NOTCH"
"CDK9","PPP1R14B","RBPJ/NOTCH"
"CDK9","MAPK3","ARHGDIA"
"CDK9","GSK3B/Axin/APC","ARHGDIA"
"CDK9","AURKA","ARHGDIA"
"CDK9","PRKCD","ARHGDIA"
"CDK9","MAPK1","ARHGDIA"
"CDK9","CSNK2A1","ARHGDIA"
"CDK9","MAPK14","ARHGDIA"
"CDK9","PTPRC","ARHGDIA"
"CDK9","ERK1/2","ARHGDIA"
"CDK9","Gbeta","ARHGDIA"
"CDK9","CSNK1D","ARHGDIA"
"CDK9","ABL1","ARHGDIA"
"CDK9","RPS6KA1","ARHGDIA"
"CDK9","GSK3B","ARHGDIA"
"CDK9","PPP1R2","ARHGDIA"
"CDK9","CDK5","ARHGDIA"
"CDK9","MAP3K1","ARHGDIA"
"CDK9","IRS1","ARHGDIA"
"CDK9","PIK3CA","ARHGDIA"
"CDK9","PTK2","ARHGDIA"
"CDK9","CyclinE/CDK2","ARHGDIA"
"CDK9","RNF111","ARHGDIA"
"CDK9","ADRA2A","ARHGDIA"
"CDK9","CDK3","ARHGDIA"
"CDK9","GRB2","ARHGDIA"
"CDK9","NCOA2","ARHGDIA"
"CDK9","SHC1","ARHGDIA"
"CDK9","AXIN1","ARHGDIA"
"CDK9","CDC25B","ARHGDIA"
"CDK9","LAT","ARHGDIA"
"CDK9","GAB1","ARHGDIA"
"CDK9","ESR1","ARHGDIA"
"CDK9","MGluR","ARHGDIA"
"CDK9","INPP5D","ARHGDIA"
"CDK9","GAB2","ARHGDIA"
"CDK9","FGFR2","ARHGDIA"
"CDK9","GRB10","ARHGDIA"
"CDK9","GRM5","ARHGDIA"
"CDK9","PIK3CG","ARHGDIA"
"CDK9","PPP1R14A","ARHGDIA"
"CDK9","ABI1","ARHGDIA"
"CDK9","PEBP1","ARHGDIA"
"CDK9","GSK3B/Axin/APC","MYL1"
"CDK9","AURKA","MYL1"
"CDK9","PRKCD","MYL1"
"CDK9","CSNK2A1","MYL1"
"CDK9","CDK1","MYL1"
"CDK9","PTPN6","MYL1"
"CDK9","MAPK14","MYL1"
"CDK9","PTPRC","MYL1"
"CDK9","ERK1/2","MYL1"
"CDK9","CSNK1D","MYL1"
"CDK9","TGFBR1","MYL1"
"CDK9","ABL1","MYL1"
"CDK9","CDK2","MYL1"
"CDK9","PAK6","MYL1"
"CDK9","GSK3B","MYL1"
"CDK9","PPP1R2","MYL1"
"CDK9","CDK5","MYL1"
"CDK9","MAP3K1","MYL1"
"CDK9","PRKD1","MYL1"
"CDK9","IRS1","MYL1"
"CDK9","PIK3CA","MYL1"
"CDK9","PTK2","MYL1"
"CDK9","mTORC1","MYL1"
"CDK9","RASSF1","MYL1"
"CDK9","ADRA2A","MYL1"
"CDK9","CDK3","MYL1"
"CDK9","GRB2","MYL1"
"CDK9","PTK6","MYL1"
"CDK9","ZAP70","MYL1"
"CDK9","TRAF6","MYL1"
"CDK9","AXIN1","MYL1"
"CDK9","MAPKAPK5","MYL1"
"CDK9","CDK6","MYL1"
"CDK9","CDC25B","MYL1"
"CDK9","LAT","MYL1"
"CDK9","GAB1","MYL1"
"CDK9","PTPRA","MYL1"
"CDK9","ESR1","MYL1"
"CDK9","ARRB2","MYL1"
"CDK9","INPP5D","MYL1"
"CDK9","GAB2","MYL1"
"CDK9","GRB10","MYL1"
"CDK9","GRM5","MYL1"
"CDK9","PPP1R14A","MYL1"
"CDK9","ABI1","MYL1"
"CDK9","PEBP1","MYL1"
"CDK9","MAPK3","TAL1"
"CDK9","GSK3B/Axin/APC","MARS1"
"CDK9","MAPK1","MARS1"
"CDK9","CSNK2A1","MARS1"
"CDK9","PTPRC","MARS1"
"CDK9","Gbeta","MARS1"
"CDK9","CDK2","MARS1"
"CDK9","RPS6KA1","MARS1"
"CDK9","PAK6","MARS1"
"CDK9","GSK3B","MARS1"
"CDK9","PPP1R2","MARS1"
"CDK9","MAP3K1","MARS1"
"CDK9","RNF111","MARS1"
"CDK9","mTORC1","MARS1"
"CDK9","RASSF1","MARS1"
"CDK9","CDK3","MARS1"
"CDK9","GRB2","MARS1"
"CDK9","PTK6","MARS1"
"CDK9","TRAF6","MARS1"
"CDK9","AXIN1","MARS1"
"CDK9","CDK6","MARS1"
"CDK9","CDC25B","MARS1"
"CDK9","LAT","MARS1"
"CDK9","PTPRA","MARS1"
"CDK9","ESR1","MARS1"
"CDK9","CD28","MARS1"
"CDK9","GAB2","MARS1"
"CDK9","FGFR2","MARS1"
"CDK9","NF2","MARS1"
"CDK9","GRB10","MARS1"
"CDK9","GRM5","MARS1"
"CDK9","PIK3CG","MARS1"
"CDK9","BORA","MARS1"
"CDK9","PEBP1","MARS1"
"CDK9","PPP1R14B","MARS1"
"CDK9","GSK3B/Axin/APC","CYBA"
"CDK9","AURKA","CYBA"
"CDK9","PRKCA","CYBA"
"CDK9","PTPN6","CYBA"
"CDK9","MAPK14","CYBA"
"CDK9","PTPRC","CYBA"
"CDK9","ERK1/2","CYBA"
"CDK9","Gbeta","CYBA"
"CDK9","CSNK1D","CYBA"
"CDK9","PLK1","CYBA"
"CDK9","TGFBR1","CYBA"
"CDK9","CDK2","CYBA"
"CDK9","PAK6","CYBA"
"CDK9","CDK5","CYBA"
"CDK9","MAP3K1","CYBA"
"CDK9","AKT","CYBA"
"CDK9","PRKD1","CYBA"
"CDK9","IRS1","CYBA"
"CDK9","RNF111","CYBA"
"CDK9","mTORC1","CYBA"
"CDK9","RASSF1","CYBA"
"CDK9","ADRA2A","CYBA"
"CDK9","CDK3","CYBA"
"CDK9","PTK6","CYBA"
"CDK9","TRAF6","CYBA"
"CDK9","SHC1","CYBA"
"CDK9","AXIN1","CYBA"
"CDK9","MAPKAPK5","CYBA"
"CDK9","CDK6","CYBA"
"CDK9","LAT","CYBA"
"CDK9","GAB1","CYBA"
"CDK9","ESR1","CYBA"
"CDK9","ARRB2","CYBA"
"CDK9","INPP5D","CYBA"
"CDK9","GAB2","CYBA"
"CDK9","NF2","CYBA"
"CDK9","GRM5","CYBA"
"CDK9","ABI1","CYBA"
"CDK9","PEBP1","CYBA"
"CDK9","PPP1R14B","CYBA"
"CDK9","AURKA","ARHGAP35"
"CDK9","MAPK1","ARHGAP35"
"CDK9","CDK1","ARHGAP35"
"CDK9","PRKCA","ARHGAP35"
"CDK9","PTPN6","ARHGAP35"
"CDK9","MAPK14","ARHGAP35"
"CDK9","ERK1/2","ARHGAP35"
"CDK9","Gbeta","ARHGAP35"
"CDK9","LCK","ARHGAP35"
"CDK9","TGFBR1","ARHGAP35"
"CDK9","ABL1","ARHGAP35"
"CDK9","CDK2","ARHGAP35"
"CDK9","PAK6","ARHGAP35"
"CDK9","PPP1R2","ARHGAP35"
"CDK9","CDK5","ARHGAP35"
"CDK9","MAP3K1","ARHGAP35"
"CDK9","AKT","ARHGAP35"
"CDK9","IRS1","ARHGAP35"
"CDK9","PIK3CA","ARHGAP35"
"CDK9","PTK2","ARHGAP35"
"CDK9","CyclinE/CDK2","ARHGAP35"
"CDK9","mTORC1","ARHGAP35"
"CDK9","RASSF1","ARHGAP35"
"CDK9","CDK3","ARHGAP35"
"CDK9","NCOA2","ARHGAP35"
"CDK9","SHC1","ARHGAP35"
"CDK9","AXIN1","ARHGAP35"
"CDK9","MAPKAPK5","ARHGAP35"
"CDK9","CDK6","ARHGAP35"
"CDK9","CDC25C","ARHGAP35"
"CDK9","CDC25B","ARHGAP35"
"CDK9","GAB1","ARHGAP35"
"CDK9","ESR1","ARHGAP35"
"CDK9","ARRB2","ARHGAP35"
"CDK9","NR3C1","ARHGAP35"
"CDK9","MGluR","ARHGAP35"
"CDK9","INPP5D","ARHGAP35"
"CDK9","GAB2","ARHGAP35"
"CDK9","FGFR2","ARHGAP35"
"CDK9","NF2","ARHGAP35"
"CDK9","GRB10","ARHGAP35"
"CDK9","GRM5","ARHGAP35"
"CDK9","PPP1R14A","ARHGAP35"
"CDK9","ABI1","ARHGAP35"
"CDK9","BORA","ARHGAP35"
"CDK9","MAPK3","ADAM17"
"CDK9","AURKA","ADAM17"
"CDK9","PRKCD","ADAM17"
"CDK9","CDK1","ADAM17"
"CDK9","PRKCA","ADAM17"
"CDK9","MAPK14","ADAM17"
"CDK9","PTPRC","ADAM17"
"CDK9","Gbeta","ADAM17"
"CDK9","CSNK1D","ADAM17"
"CDK9","PLK1","ADAM17"
"CDK9","TGFBR1","ADAM17"
"CDK9","ABL1","ADAM17"
"CDK9","GSK3B","ADAM17"
"CDK9","AKT","ADAM17"
"CDK9","PIK3CA","ADAM17"
"CDK9","PTK2","ADAM17"
"CDK9","CyclinE/CDK2","ADAM17"
"CDK9","RNF111","ADAM17"
"CDK9","mTORC1","ADAM17"
"CDK9","ADRA2A","ADAM17"
"CDK9","CDK3","ADAM17"
"CDK9","GRB2","ADAM17"
"CDK9","ZAP70","ADAM17"
"CDK9","SHC1","ADAM17"
"CDK9","AXIN1","ADAM17"
"CDK9","MAPKAPK5","ADAM17"
"CDK9","CDK6","ADAM17"
"CDK9","CDC25C","ADAM17"
"CDK9","CDC25B","ADAM17"
"CDK9","LAT","ADAM17"
"CDK9","GAB1","ADAM17"
"CDK9","ARRB2","ADAM17"
"CDK9","GAB2","ADAM17"
"CDK9","NF2","ADAM17"
"CDK9","GRB10","ADAM17"
"CDK9","GRM5","ADAM17"
"CDK9","ABI1","ADAM17"
"CDK9","PEBP1","ADAM17"
"CDK9","PPP1R14B","ADAM17"
"CDK9","GSK3B/Axin/APC","DHPS"
"CDK9","AURKA","DHPS"
"CDK9","PRKCD","DHPS"
"CDK9","MAPK1","DHPS"
"CDK9","PRKCA","DHPS"
"CDK9","Gbeta","DHPS"
"CDK9","CSNK1D","DHPS"
"CDK9","PLK1","DHPS"
"CDK9","TGFBR1","DHPS"
"CDK9","CDK2","DHPS"
"CDK9","RPS6KA1","DHPS"
"CDK9","PAK6","DHPS"
"CDK9","PPP1R2","DHPS"
"CDK9","CDK5","DHPS"
"CDK9","MAP3K1","DHPS"
"CDK9","AKT","DHPS"
"CDK9","PRKD1","DHPS"
"CDK9","IRS1","DHPS"
"CDK9","PIK3CA","DHPS"
"CDK9","RNF111","DHPS"
"CDK9","mTORC1","DHPS"
"CDK9","RASSF1","DHPS"
"CDK9","ADRA2A","DHPS"
"CDK9","GRB2","DHPS"
"CDK9","PTK6","DHPS"
"CDK9","ZAP70","DHPS"
"CDK9","TRAF6","DHPS"
"CDK9","SHC1","DHPS"
"CDK9","MAPKAPK5","DHPS"
"CDK9","CDC25C","DHPS"
"CDK9","CDC25B","DHPS"
"CDK9","LAT","DHPS"
"CDK9","PTPRA","DHPS"
"CDK9","ESR1","DHPS"
"CDK9","CD28","DHPS"
"CDK9","MGluR","DHPS"
"CDK9","INPP5D","DHPS"
"CDK9","GAB2","DHPS"
"CDK9","NF2","DHPS"
"CDK9","GRM5","DHPS"
"CDK9","PIK3CG","DHPS"
"CDK9","PPP1R14A","DHPS"
"CDK9","BORA","DHPS"
"CDK9","PEBP1","DHPS"
"CDK9","PPP1R14B","DHPS"
"CDK9","MAPK3","OGT"
"CDK9","GSK3B/Axin/APC","OGT"
"CDK9","PRKCD","OGT"
"CDK9","MAPK1","OGT"
"CDK9","CSNK2A1","OGT"
"CDK9","CDK1","OGT"
"CDK9","MAPK14","OGT"
"CDK9","PTPRC","OGT"
"CDK9","ERK1/2","OGT"
"CDK9","Gbeta","OGT"
"CDK9","CSNK1D","OGT"
"CDK9","PLK1","OGT"
"CDK9","LCK","OGT"
"CDK9","TGFBR1","OGT"
"CDK9","CDK2","OGT"
"CDK9","RPS6KA1","OGT"
"CDK9","PAK6","OGT"
"CDK9","CDK5","OGT"
"CDK9","MAP3K1","OGT"
"CDK9","AKT","OGT"
"CDK9","PRKD1","OGT"
"CDK9","IRS1","OGT"
"CDK9","PIK3CA","OGT"
"CDK9","RNF111","OGT"
"CDK9","mTORC1","OGT"
"CDK9","ADRA2A","OGT"
"CDK9","CDK3","OGT"
"CDK9","ZAP70","OGT"
"CDK9","NCOA2","OGT"
"CDK9","TRAF6","OGT"
"CDK9","SHC1","OGT"
"CDK9","AXIN1","OGT"
"CDK9","MAPKAPK5","OGT"
"CDK9","CDC25B","OGT"
"CDK9","PTPRA","OGT"
"CDK9","CD28","OGT"
"CDK9","NR3C1","OGT"
"CDK9","INPP5D","OGT"
"CDK9","GAB2","OGT"
"CDK9","GRB10","OGT"
"CDK9","ABI1","OGT"
"CDK9","BORA","OGT"
"CDK9","PEBP1","OGT"
"CDK9","PPP1R14B","OGT"
"CDK9","MAPK1","MYBL1"
"CDK9","CDK1","MYBL1"
"CDK9","PTPN6","MYBL1"
"CDK9","PTPRC","MYBL1"
"CDK9","ERK1/2","MYBL1"
"CDK9","Gbeta","MYBL1"
"CDK9","LCK","MYBL1"
"CDK9","ABL1","MYBL1"
"CDK9","PAK6","MYBL1"
"CDK9","MAP3K1","MYBL1"
"CDK9","CyclinE/CDK2","MYBL1"
"CDK9","RNF111","MYBL1"
"CDK9","ADRA2A","MYBL1"
"CDK9","GRB2","MYBL1"
"CDK9","ZAP70","MYBL1"
"CDK9","SHC1","MYBL1"
"CDK9","AXIN1","MYBL1"
"CDK9","LAT","MYBL1"
"CDK9","GAB1","MYBL1"
"CDK9","INPP5D","MYBL1"
"CDK9","FGFR2","MYBL1"
"CDK9","NF2","MYBL1"
"CDK9","GRM5","MYBL1"
"CDK9","ABI1","MYBL1"
"CDK9","PPP1R14B","MYBL1"
"CDK9","GSK3B","JUNB"
"CDK9","MAPK3","ZWINT"
"CDK9","MAPK1","ZWINT"
"CDK9","CDK1","ZWINT"
"CDK9","PTPN6","ZWINT"
"CDK9","MAPK14","ZWINT"
"CDK9","ERK1/2","ZWINT"
"CDK9","Gbeta","ZWINT"
"CDK9","TGFBR1","ZWINT"
"CDK9","CDK2","ZWINT"
"CDK9","RPS6KA1","ZWINT"
"CDK9","PPP1R2","ZWINT"
"CDK9","AKT","ZWINT"
"CDK9","PRKD1","ZWINT"
"CDK9","PTK2","ZWINT"
"CDK9","CyclinE/CDK2","ZWINT"
"CDK9","mTORC1","ZWINT"
"CDK9","RASSF1","ZWINT"
"CDK9","CDK3","ZWINT"
"CDK9","PTK6","ZWINT"
"CDK9","SHC1","ZWINT"
"CDK9","MAPKAPK5","ZWINT"
"CDK9","CDK6","ZWINT"
"CDK9","CDC25B","ZWINT"
"CDK9","LAT","ZWINT"
"CDK9","NR3C1","ZWINT"
"CDK9","MGluR","ZWINT"
"CDK9","FGFR2","ZWINT"
"CDK9","GRB10","ZWINT"
"CDK9","GRM5","ZWINT"
"CDK9","PIK3CG","ZWINT"
"CDK9","PPP1R14A","ZWINT"
"CDK9","PEBP1","ZWINT"
"CDK9","MAPK3","PAX8"
"CDK9","MAPK1","PAX8"
"CDK9","CSNK2A1","PAX8"
"CDK9","CDK1","PAX8"
"CDK9","MAPK14","PAX8"
"CDK9","ERK1/2","PAX8"
"CDK9","Gbeta","PAX8"
"CDK9","PLK1","PAX8"
"CDK9","LCK","PAX8"
"CDK9","PAK6","PAX8"
"CDK9","GSK3B","PAX8"
"CDK9","MAP3K1","PAX8"
"CDK9","AKT","PAX8"
"CDK9","IRS1","PAX8"
"CDK9","PIK3CA","PAX8"
"CDK9","CyclinE/CDK2","PAX8"
"CDK9","RNF111","PAX8"
"CDK9","mTORC1","PAX8"
"CDK9","ADRA2A","PAX8"
"CDK9","CDK3","PAX8"
"CDK9","GRB2","PAX8"
"CDK9","PTK6","PAX8"
"CDK9","ZAP70","PAX8"
"CDK9","TRAF6","PAX8"
"CDK9","AXIN1","PAX8"
"CDK9","MAPKAPK5","PAX8"
"CDK9","CDK6","PAX8"
"CDK9","CDC25C","PAX8"
"CDK9","LAT","PAX8"
"CDK9","GAB1","PAX8"
"CDK9","ESR1","PAX8"
"CDK9","ARRB2","PAX8"
"CDK9","CD28","PAX8"
"CDK9","NR3C1","PAX8"
"CDK9","MGluR","PAX8"
"CDK9","INPP5D","PAX8"
"CDK9","GAB2","PAX8"
"CDK9","NF2","PAX8"
"CDK9","GRB10","PAX8"
"CDK9","GRM5","PAX8"
"CDK9","PIK3CG","PAX8"
"CDK9","PPP1R14A","PAX8"
"CDK9","ABI1","PAX8"
"CDK9","BORA","PAX8"
"CDK9","PEBP1","PAX8"
"CDK9","PPP1R14B","PAX8"
"CDK9","MAPK3","LAX1"
"CDK9","GSK3B/Axin/APC","LAX1"
"CDK9","PRKCD","LAX1"
"CDK9","MAPK1","LAX1"
"CDK9","CSNK2A1","LAX1"
"CDK9","CDK1","LAX1"
"CDK9","PRKCA","LAX1"
"CDK9","PTPN6","LAX1"
"CDK9","MAPK14","LAX1"
"CDK9","ERK1/2","LAX1"
"CDK9","Gbeta","LAX1"
"CDK9","PLK1","LAX1"
"CDK9","TGFBR1","LAX1"
"CDK9","CDK2","LAX1"
"CDK9","RPS6KA1","LAX1"
"CDK9","PPP1R2","LAX1"
"CDK9","MAP3K1","LAX1"
"CDK9","PRKD1","LAX1"
"CDK9","IRS1","LAX1"
"CDK9","PTK2","LAX1"
"CDK9","RNF111","LAX1"
"CDK9","CDK3","LAX1"
"CDK9","GRB2","LAX1"
"CDK9","TRAF6","LAX1"
"CDK9","SHC1","LAX1"
"CDK9","ESR1","LAX1"
"CDK9","ARRB2","LAX1"
"CDK9","MGluR","LAX1"
"CDK9","FGFR2","LAX1"
"CDK9","GRM5","LAX1"
"CDK9","PIK3CG","LAX1"
"CDK9","PPP1R14A","LAX1"
"CDK9","PEBP1","LAX1"
"CDK9","CSNK2A1","MED12"
"CDK9","MAPK14","MED12"
"CDK9","PTPRC","MED12"
"CDK9","PLK1","MED12"
"CDK9","ABL1","MED12"
"CDK9","RPS6KA1","MED12"
"CDK9","PPP1R2","MED12"
"CDK9","CDK5","MED12"
"CDK9","PTK2","MED12"
"CDK9","mTORC1","MED12"
"CDK9","NCOA2","MED12"
"CDK9","MAPKAPK5","MED12"
"CDK9","CDK6","MED12"
"CDK9","CDC25C","MED12"
"CDK9","CDC25B","MED12"
"CDK9","ARRB2","MED12"
"CDK9","NR3C1","MED12"
"CDK9","INPP5D","MED12"
"CDK9","PPP1R14A","MED12"
"CDK9","MAPK3","DAPP1"
"CDK9","MAPK1","DAPP1"
"CDK9","PTPRC","DAPP1"
"CDK9","ERK1/2","DAPP1"
"CDK9","PLK1","DAPP1"
"CDK9","TGFBR1","DAPP1"
"CDK9","CDK2","DAPP1"
"CDK9","RPS6KA1","DAPP1"
"CDK9","PAK6","DAPP1"
"CDK9","GSK3B","DAPP1"
"CDK9","PPP1R2","DAPP1"
"CDK9","CDK5","DAPP1"
"CDK9","PIK3CA","DAPP1"
"CDK9","CDK3","DAPP1"
"CDK9","GRB2","DAPP1"
"CDK9","PTK6","DAPP1"
"CDK9","LAT","DAPP1"
"CDK9","GAB1","DAPP1"
"CDK9","PTPRA","DAPP1"
"CDK9","MGluR","DAPP1"
"CDK9","INPP5D","DAPP1"
"CDK9","GAB2","DAPP1"
"CDK9","PPP1R14B","DAPP1"
"CDK9","GSK3B/Axin/APC","PPARD"
"CDK9","AURKA","PPARD"
"CDK9","MAPK1","PPARD"
"CDK9","CSNK2A1","PPARD"
"CDK9","CDK1","PPARD"
"CDK9","PRKCA","PPARD"
"CDK9","MAPK14","PPARD"
"CDK9","PTPRC","PPARD"
"CDK9","ERK1/2","PPARD"
"CDK9","CSNK1D","PPARD"
"CDK9","PLK1","PPARD"
"CDK9","TGFBR1","PPARD"
"CDK9","ABL1","PPARD"
"CDK9","PAK6","PPARD"
"CDK9","AKT","PPARD"
"CDK9","IRS1","PPARD"
"CDK9","PIK3CA","PPARD"
"CDK9","PTK2","PPARD"
"CDK9","RNF111","PPARD"
"CDK9","mTORC1","PPARD"
"CDK9","ADRA2A","PPARD"
"CDK9","ZAP70","PPARD"
"CDK9","TRAF6","PPARD"
"CDK9","SHC1","PPARD"
"CDK9","AXIN1","PPARD"
"CDK9","MAPKAPK5","PPARD"
"CDK9","CDK6","PPARD"
"CDK9","CDC25B","PPARD"
"CDK9","LAT","PPARD"
"CDK9","PTPRA","PPARD"
"CDK9","ARRB2","PPARD"
"CDK9","NR3C1","PPARD"
"CDK9","MGluR","PPARD"
"CDK9","GAB2","PPARD"
"CDK9","FGFR2","PPARD"
"CDK9","NF2","PPARD"
"CDK9","GRB10","PPARD"
"CDK9","GRM5","PPARD"
"CDK9","PIK3CG","PPARD"
"CDK9","PPP1R14A","PPARD"
"CDK9","BORA","PPARD"
"CDK9","PEBP1","PPARD"
"CDK9","PPP1R14B","PPARD"
"CDK9","MAPK3","DROSHA"
"CDK9","GSK3B/Axin/APC","DROSHA"
"CDK9","PRKCD","DROSHA"
"CDK9","MAPK1","DROSHA"
"CDK9","CSNK2A1","DROSHA"
"CDK9","CDK1","DROSHA"
"CDK9","PTPN6","DROSHA"
"CDK9","PTPRC","DROSHA"
"CDK9","ERK1/2","DROSHA"
"CDK9","Gbeta","DROSHA"
"CDK9","PLK1","DROSHA"
"CDK9","LCK","DROSHA"
"CDK9","TGFBR1","DROSHA"
"CDK9","ABL1","DROSHA"
"CDK9","CDK2","DROSHA"
"CDK9","PAK6","DROSHA"
"CDK9","PPP1R2","DROSHA"
"CDK9","CDK5","DROSHA"
"CDK9","MAP3K1","DROSHA"
"CDK9","IRS1","DROSHA"
"CDK9","PIK3CA","DROSHA"
"CDK9","PTK2","DROSHA"
"CDK9","CyclinE/CDK2","DROSHA"
"CDK9","RNF111","DROSHA"
"CDK9","mTORC1","DROSHA"
"CDK9","RASSF1","DROSHA"
"CDK9","ADRA2A","DROSHA"
"CDK9","GRB2","DROSHA"
"CDK9","PTK6","DROSHA"
"CDK9","ZAP70","DROSHA"
"CDK9","TRAF6","DROSHA"
"CDK9","SHC1","DROSHA"
"CDK9","AXIN1","DROSHA"
"CDK9","MAPKAPK5","DROSHA"
"CDK9","CDK6","DROSHA"
"CDK9","CDC25C","DROSHA"
"CDK9","GAB1","DROSHA"
"CDK9","PTPRA","DROSHA"
"CDK9","ARRB2","DROSHA"
"CDK9","CD28","DROSHA"
"CDK9","MGluR","DROSHA"
"CDK9","GAB2","DROSHA"
"CDK9","FGFR2","DROSHA"
"CDK9","NF2","DROSHA"
"CDK9","PIK3CG","DROSHA"
"CDK9","PPP1R14A","DROSHA"
"CDK9","PEBP1","DROSHA"
"CDK9","MAPK3","PLSCR1"
"CDK9","GSK3B/Axin/APC","PLSCR1"
"CDK9","MAPK1","PLSCR1"
"CDK9","CDK1","PLSCR1"
"CDK9","Gbeta","PLSCR1"
"CDK9","CSNK1D","PLSCR1"
"CDK9","PLK1","PLSCR1"
"CDK9","PAK6","PLSCR1"
"CDK9","GSK3B","PLSCR1"
"CDK9","PPP1R2","PLSCR1"
"CDK9","AKT","PLSCR1"
"CDK9","RNF111","PLSCR1"
"CDK9","ADRA2A","PLSCR1"
"CDK9","CDK3","PLSCR1"
"CDK9","TRAF6","PLSCR1"
"CDK9","MAPKAPK5","PLSCR1"
"CDK9","CDK6","PLSCR1"
"CDK9","CDC25B","PLSCR1"
"CDK9","GAB1","PLSCR1"
"CDK9","ARRB2","PLSCR1"
"CDK9","CD28","PLSCR1"
"CDK9","MGluR","PLSCR1"
"CDK9","INPP5D","PLSCR1"
"CDK9","NF2","PLSCR1"
"CDK9","GRM5","PLSCR1"
"CDK9","PPP1R14A","PLSCR1"
"CDK9","ABI1","PLSCR1"
"CDK9","BORA","PLSCR1"
"CDK9","PEBP1","PLSCR1"
"CDK9","MAPK3","AE/b7 integrin"
"CDK9","GSK3B/Axin/APC","AE/b7 integrin"
"CDK9","MAPK1","AE/b7 integrin"
"CDK9","CSNK2A1","AE/b7 integrin"
"CDK9","CDK1","AE/b7 integrin"
"CDK9","PRKCA","AE/b7 integrin"
"CDK9","PTPN6","AE/b7 integrin"
"CDK9","ERK1/2","AE/b7 integrin"
"CDK9","Gbeta","AE/b7 integrin"
"CDK9","PLK1","AE/b7 integrin"
"CDK9","TGFBR1","AE/b7 integrin"
"CDK9","ABL1","AE/b7 integrin"
"CDK9","RPS6KA1","AE/b7 integrin"
"CDK9","PPP1R2","AE/b7 integrin"
"CDK9","CDK5","AE/b7 integrin"
"CDK9","AKT","AE/b7 integrin"
"CDK9","PRKD1","AE/b7 integrin"
"CDK9","PTK2","AE/b7 integrin"
"CDK9","RNF111","AE/b7 integrin"
"CDK9","mTORC1","AE/b7 integrin"
"CDK9","RASSF1","AE/b7 integrin"
"CDK9","ADRA2A","AE/b7 integrin"
"CDK9","CDK3","AE/b7 integrin"
"CDK9","ZAP70","AE/b7 integrin"
"CDK9","NCOA2","AE/b7 integrin"
"CDK9","SHC1","AE/b7 integrin"
"CDK9","AXIN1","AE/b7 integrin"
"CDK9","MAPKAPK5","AE/b7 integrin"
"CDK9","CDC25C","AE/b7 integrin"
"CDK9","LAT","AE/b7 integrin"
"CDK9","ESR1","AE/b7 integrin"
"CDK9","ARRB2","AE/b7 integrin"
"CDK9","CD28","AE/b7 integrin"
"CDK9","GRM5","AE/b7 integrin"
"CDK9","PIK3CG","AE/b7 integrin"
"CDK9","ABI1","AE/b7 integrin"
"CDK9","MAPK3","NFE2L2"
"CDK9","MAPK1","NFE2L2"
"CDK9","CSNK2A1","NFE2L2"
"CDK9","MAPK14","NFE2L2"
"CDK9","ERK1/2","NFE2L2"
"CDK9","Gbeta","NFE2L2"
"CDK9","CSNK1D","NFE2L2"
"CDK9","CDK2","NFE2L2"
"CDK9","PPP1R2","NFE2L2"
"CDK9","AKT","NFE2L2"
"CDK9","PRKD1","NFE2L2"
"CDK9","IRS1","NFE2L2"
"CDK9","PTK2","NFE2L2"
"CDK9","RNF111","NFE2L2"
"CDK9","mTORC1","NFE2L2"
"CDK9","ADRA2A","NFE2L2"
"CDK9","GRB2","NFE2L2"
"CDK9","SHC1","NFE2L2"
"CDK9","MAPKAPK5","NFE2L2"
"CDK9","CDC25C","NFE2L2"
"CDK9","CDC25B","NFE2L2"
"CDK9","ARRB2","NFE2L2"
"CDK9","GAB2","NFE2L2"
"CDK9","FGFR2","NFE2L2"
"CDK9","PIK3CG","NFE2L2"
"CDK9","PPP1R14A","NFE2L2"
"CDK9","PEBP1","NFE2L2"
"CDK9","PPP1R14B","NFE2L2"
"CDK9","MAPK3","MAFB"
"CDK9","GSK3B/Axin/APC","MAFB"
"CDK9","PRKCD","MAFB"
"CDK9","PLK1","MAFB"
"CDK9","LCK","MAFB"
"CDK9","ABL1","MAFB"
"CDK9","RPS6KA1","MAFB"
"CDK9","PAK6","MAFB"
"CDK9","PPP1R2","MAFB"
"CDK9","PTK2","MAFB"
"CDK9","CyclinE/CDK2","MAFB"
"CDK9","RASSF1","MAFB"
"CDK9","ADRA2A","MAFB"
"CDK9","PTK6","MAFB"
"CDK9","NCOA2","MAFB"
"CDK9","SHC1","MAFB"
"CDK9","ESR1","MAFB"
"CDK9","ARRB2","MAFB"
"CDK9","GAB2","MAFB"
"CDK9","FGFR2","MAFB"
"CDK9","GRB10","MAFB"
"CDK9","AURKA","FBXL21P"
"CDK9","PRKCD","FBXL21P"
"CDK9","PTPN6","FBXL21P"
"CDK9","MAPK14","FBXL21P"
"CDK9","PTPRC","FBXL21P"
"CDK9","ERK1/2","FBXL21P"
"CDK9","PLK1","FBXL21P"
"CDK9","LCK","FBXL21P"
"CDK9","ABL1","FBXL21P"
"CDK9","CDK2","FBXL21P"
"CDK9","RPS6KA1","FBXL21P"
"CDK9","PAK6","FBXL21P"
"CDK9","PPP1R2","FBXL21P"
"CDK9","CDK5","FBXL21P"
"CDK9","AKT","FBXL21P"
"CDK9","PTK2","FBXL21P"
"CDK9","CyclinE/CDK2","FBXL21P"
"CDK9","RNF111","FBXL21P"
"CDK9","mTORC1","FBXL21P"
"CDK9","RASSF1","FBXL21P"
"CDK9","ADRA2A","FBXL21P"
"CDK9","CDK3","FBXL21P"
"CDK9","GRB2","FBXL21P"
"CDK9","TRAF6","FBXL21P"
"CDK9","SHC1","FBXL21P"
"CDK9","AXIN1","FBXL21P"
"CDK9","MAPKAPK5","FBXL21P"
"CDK9","CDK6","FBXL21P"
"CDK9","CDC25C","FBXL21P"
"CDK9","CDC25B","FBXL21P"
"CDK9","LAT","FBXL21P"
"CDK9","PTPRA","FBXL21P"
"CDK9","ESR1","FBXL21P"
"CDK9","INPP5D","FBXL21P"
"CDK9","GAB2","FBXL21P"
"CDK9","FGFR2","FBXL21P"
"CDK9","GRB10","FBXL21P"
"CDK9","GRM5","FBXL21P"
"CDK9","ABI1","FBXL21P"
"CDK9","BORA","FBXL21P"
"CDK9","PEBP1","FBXL21P"
"CDK9","PPP1R14B","FBXL21P"
"CDK9","GSK3B/Axin/APC","NET1"
"CDK9","AURKA","NET1"
"CDK9","PRKCD","NET1"
"CDK9","MAPK1","NET1"
"CDK9","CDK1","NET1"
"CDK9","PRKCA","NET1"
"CDK9","MAPK14","NET1"
"CDK9","PTPRC","NET1"
"CDK9","ERK1/2","NET1"
"CDK9","Gbeta","NET1"
"CDK9","CSNK1D","NET1"
"CDK9","PLK1","NET1"
"CDK9","LCK","NET1"
"CDK9","ABL1","NET1"
"CDK9","CDK2","NET1"
"CDK9","RPS6KA1","NET1"
"CDK9","PAK6","NET1"
"CDK9","GSK3B","NET1"
"CDK9","CDK5","NET1"
"CDK9","MAP3K1","NET1"
"CDK9","AKT","NET1"
"CDK9","PRKD1","NET1"
"CDK9","IRS1","NET1"
"CDK9","PTK2","NET1"
"CDK9","CyclinE/CDK2","NET1"
"CDK9","mTORC1","NET1"
"CDK9","RASSF1","NET1"
"CDK9","ADRA2A","NET1"
"CDK9","CDK3","NET1"
"CDK9","PTK6","NET1"
"CDK9","NCOA2","NET1"
"CDK9","TRAF6","NET1"
"CDK9","SHC1","NET1"
"CDK9","MAPKAPK5","NET1"
"CDK9","CDK6","NET1"
"CDK9","CDC25C","NET1"
"CDK9","CDC25B","NET1"
"CDK9","LAT","NET1"
"CDK9","PTPRA","NET1"
"CDK9","ESR1","NET1"
"CDK9","ARRB2","NET1"
"CDK9","CD28","NET1"
"CDK9","INPP5D","NET1"
"CDK9","GAB2","NET1"
"CDK9","FGFR2","NET1"
"CDK9","NF2","NET1"
"CDK9","GRB10","NET1"
"CDK9","GRM5","NET1"
"CDK9","PIK3CG","NET1"
"CDK9","PPP1R14A","NET1"
"CDK9","BORA","NET1"
"CDK9","PEBP1","NET1"
"CDK9","PPP1R14B","NET1"
"CDK9","GSK3B/Axin/APC","RXRG"
"CDK9","AURKA","RXRG"
"CDK9","PRKCD","RXRG"
"CDK9","MAPK1","RXRG"
"CDK9","CSNK2A1","RXRG"
"CDK9","CDK1","RXRG"
"CDK9","MAPK14","RXRG"
"CDK9","PTPRC","RXRG"
"CDK9","Gbeta","RXRG"
"CDK9","PLK1","RXRG"
"CDK9","TGFBR1","RXRG"
"CDK9","CDK2","RXRG"
"CDK9","RPS6KA1","RXRG"
"CDK9","PAK6","RXRG"
"CDK9","MAP3K1","RXRG"
"CDK9","AKT","RXRG"
"CDK9","RASSF1","RXRG"
"CDK9","GRB2","RXRG"
"CDK9","CDK6","RXRG"
"CDK9","CDC25C","RXRG"
"CDK9","PTPRA","RXRG"
"CDK9","ESR1","RXRG"
"CDK9","ARRB2","RXRG"
"CDK9","CD28","RXRG"
"CDK9","NF2","RXRG"
"CDK9","GRM5","RXRG"
"CDK9","PPP1R14A","RXRG"
"CDK9","ABI1","RXRG"
"CDK9","BORA","RXRG"
"CDK9","PPP1R14B","RXRG"
"CDK9","GSK3B","USP21"
"CDK9","MAPK3","CD3D"
"CDK9","PRKCD","CD3D"
"CDK9","CSNK2A1","CD3D"
"CDK9","CDK1","CD3D"
"CDK9","PTPRC","CD3D"
"CDK9","Gbeta","CD3D"
"CDK9","TGFBR1","CD3D"
"CDK9","PAK6","CD3D"
"CDK9","GSK3B","CD3D"
"CDK9","PPP1R2","CD3D"
"CDK9","RNF111","CD3D"
"CDK9","ADRA2A","CD3D"
"CDK9","GRB2","CD3D"
"CDK9","LAT","CD3D"
"CDK9","ARRB2","CD3D"
"CDK9","INPP5D","CD3D"
"CDK9","GAB2","CD3D"
"CDK9","GRB10","CD3D"
"CDK9","PIK3CG","CD3D"
"CDK9","PPP1R14A","CD3D"
"CDK9","PEBP1","CD3D"
"CDK9","PPP1R14B","CD3D"
"CDK9","MAPK3","SLC4A3"
"CDK9","GSK3B/Axin/APC","SLC4A3"
"CDK9","PRKCD","SLC4A3"
"CDK9","CSNK2A1","SLC4A3"
"CDK9","PTPRC","SLC4A3"
"CDK9","LCK","SLC4A3"
"CDK9","RPS6KA1","SLC4A3"
"CDK9","PRKD1","SLC4A3"
"CDK9","NCOA2","SLC4A3"
"CDK9","SHC1","SLC4A3"
"CDK9","AXIN1","SLC4A3"
"CDK9","CDC25C","SLC4A3"
"CDK9","LAT","SLC4A3"
"CDK9","GAB1","SLC4A3"
"CDK9","PTPRA","SLC4A3"
"CDK9","MGluR","SLC4A3"
"CDK9","FGFR2","SLC4A3"
"CDK9","NF2","SLC4A3"
"CDK9","GRB10","SLC4A3"
"CDK9","GRM5","SLC4A3"
"CDK9","PIK3CG","SLC4A3"
"CDK9","PPP1R14A","SLC4A3"
"CDK9","PEBP1","SLC4A3"
"CDK9","PPP1R14B","SLC4A3"
"CDK9","GSK3B/Axin/APC","SPAG5"
"CDK9","CDK1","SPAG5"
"CDK9","PRKCA","SPAG5"
"CDK9","PTPN6","SPAG5"
"CDK9","Gbeta","SPAG5"
"CDK9","ABL1","SPAG5"
"CDK9","CDK2","SPAG5"
"CDK9","RPS6KA1","SPAG5"
"CDK9","CDK5","SPAG5"
"CDK9","MAP3K1","SPAG5"
"CDK9","AKT","SPAG5"
"CDK9","PRKD1","SPAG5"
"CDK9","GRB2","SPAG5"
"CDK9","PTK6","SPAG5"
"CDK9","ZAP70","SPAG5"
"CDK9","AXIN1","SPAG5"
"CDK9","MAPKAPK5","SPAG5"
"CDK9","CDC25C","SPAG5"
"CDK9","LAT","SPAG5"
"CDK9","ESR1","SPAG5"
"CDK9","ARRB2","SPAG5"
"CDK9","MGluR","SPAG5"
"CDK9","GAB2","SPAG5"
"CDK9","NF2","SPAG5"
"CDK9","GRB10","SPAG5"
"CDK9","GRM5","SPAG5"
"CDK9","PPP1R14A","SPAG5"
"CDK9","PEBP1","SPAG5"
"CDK9","MAPK3","AHR"
"CDK9","PRKCD","AHR"
"CDK9","MAPK1","AHR"
"CDK9","PTPN6","AHR"
"CDK9","ERK1/2","AHR"
"CDK9","PLK1","AHR"
"CDK9","TGFBR1","AHR"
"CDK9","ABL1","AHR"
"CDK9","CDK2","AHR"
"CDK9","RPS6KA1","AHR"
"CDK9","PRKD1","AHR"
"CDK9","PTK2","AHR"
"CDK9","mTORC1","AHR"
"CDK9","RASSF1","AHR"
"CDK9","CDK3","AHR"
"CDK9","NCOA2","AHR"
"CDK9","TRAF6","AHR"
"CDK9","SHC1","AHR"
"CDK9","CDC25C","AHR"
"CDK9","CDC25B","AHR"
"CDK9","LAT","AHR"
"CDK9","ABI1","AHR"
"CDK9","PPP1R14B","AHR"
"CDK9","MAPK3","NKX2-1"
"CDK9","GSK3B/Axin/APC","NKX2-1"
"CDK9","AURKA","NKX2-1"
"CDK9","MAPK1","NKX2-1"
"CDK9","CSNK2A1","NKX2-1"
"CDK9","CDK1","NKX2-1"
"CDK9","PRKCA","NKX2-1"
"CDK9","PTPN6","NKX2-1"
"CDK9","ERK1/2","NKX2-1"
"CDK9","CSNK1D","NKX2-1"
"CDK9","PLK1","NKX2-1"
"CDK9","LCK","NKX2-1"
"CDK9","TGFBR1","NKX2-1"
"CDK9","ABL1","NKX2-1"
"CDK9","CDK2","NKX2-1"
"CDK9","RPS6KA1","NKX2-1"
"CDK9","PAK6","NKX2-1"
"CDK9","AKT","NKX2-1"
"CDK9","PRKD1","NKX2-1"
"CDK9","IRS1","NKX2-1"
"CDK9","PTK2","NKX2-1"
"CDK9","CyclinE/CDK2","NKX2-1"
"CDK9","mTORC1","NKX2-1"
"CDK9","RASSF1","NKX2-1"
"CDK9","CDK3","NKX2-1"
"CDK9","GRB2","NKX2-1"
"CDK9","ZAP70","NKX2-1"
"CDK9","NCOA2","NKX2-1"
"CDK9","TRAF6","NKX2-1"
"CDK9","SHC1","NKX2-1"
"CDK9","MAPKAPK5","NKX2-1"
"CDK9","CDK6","NKX2-1"
"CDK9","CDC25B","NKX2-1"
"CDK9","GAB1","NKX2-1"
"CDK9","PTPRA","NKX2-1"
"CDK9","ESR1","NKX2-1"
"CDK9","CD28","NKX2-1"
"CDK9","NR3C1","NKX2-1"
"CDK9","PIK3CG","NKX2-1"
"CDK9","PPP1R14A","NKX2-1"
"CDK9","PEBP1","NKX2-1"
"CDK9","GSK3B/Axin/APC","NOS2"
"CDK9","PRKCD","NOS2"
"CDK9","CSNK2A1","NOS2"
"CDK9","PRKCA","NOS2"
"CDK9","ABL1","NOS2"
"CDK9","CDK2","NOS2"
"CDK9","RPS6KA1","NOS2"
"CDK9","PPP1R2","NOS2"
"CDK9","MAP3K1","NOS2"
"CDK9","CyclinE/CDK2","NOS2"
"CDK9","RASSF1","NOS2"
"CDK9","ADRA2A","NOS2"
"CDK9","GRB2","NOS2"
"CDK9","ZAP70","NOS2"
"CDK9","TRAF6","NOS2"
"CDK9","SHC1","NOS2"
"CDK9","MAPKAPK5","NOS2"
"CDK9","CDK6","NOS2"
"CDK9","CDC25B","NOS2"
"CDK9","LAT","NOS2"
"CDK9","PTPRA","NOS2"
"CDK9","ESR1","NOS2"
"CDK9","ARRB2","NOS2"
"CDK9","CD28","NOS2"
"CDK9","INPP5D","NOS2"
"CDK9","GAB2","NOS2"
"CDK9","FGFR2","NOS2"
"CDK9","NF2","NOS2"
"CDK9","GRB10","NOS2"
"CDK9","PIK3CG","NOS2"
"CDK9","BORA","NOS2"
"CDK9","PEBP1","NOS2"
"CDK9","PPP1R14B","NOS2"
"CDK9","AURKA","PGAM"
"CDK9","MAPK1","PGAM"
"CDK9","CSNK2A1","PGAM"
"CDK9","PTPN6","PGAM"
"CDK9","MAPK14","PGAM"
"CDK9","ERK1/2","PGAM"
"CDK9","Gbeta","PGAM"
"CDK9","PLK1","PGAM"
"CDK9","LCK","PGAM"
"CDK9","TGFBR1","PGAM"
"CDK9","PPP1R2","PGAM"
"CDK9","AKT","PGAM"
"CDK9","PRKD1","PGAM"
"CDK9","PTK2","PGAM"
"CDK9","CyclinE/CDK2","PGAM"
"CDK9","RNF111","PGAM"
"CDK9","mTORC1","PGAM"
"CDK9","ADRA2A","PGAM"
"CDK9","CDK3","PGAM"
"CDK9","GRB2","PGAM"
"CDK9","NCOA2","PGAM"
"CDK9","TRAF6","PGAM"
"CDK9","MAPKAPK5","PGAM"
"CDK9","CDK6","PGAM"
"CDK9","LAT","PGAM"
"CDK9","GAB1","PGAM"
"CDK9","ESR1","PGAM"
"CDK9","ARRB2","PGAM"
"CDK9","NR3C1","PGAM"
"CDK9","INPP5D","PGAM"
"CDK9","FGFR2","PGAM"
"CDK9","PIK3CG","PGAM"
"CDK9","ABI1","PGAM"
"CDK9","BORA","PGAM"
"CDK9","PEBP1","PGAM"
"CDK9","PPP1R14B","PGAM"
"CDK9","PRKCD","KIF13B"
"CDK9","MAPK1","KIF13B"
"CDK9","CDK1","KIF13B"
"CDK9","CSNK1D","KIF13B"
"CDK9","ABL1","KIF13B"
"CDK9","CDK5","KIF13B"
"CDK9","PRKD1","KIF13B"
"CDK9","PTK2","KIF13B"
"CDK9","CyclinE/CDK2","KIF13B"
"CDK9","mTORC1","KIF13B"
"CDK9","RASSF1","KIF13B"
"CDK9","ADRA2A","KIF13B"
"CDK9","PTK6","KIF13B"
"CDK9","ZAP70","KIF13B"
"CDK9","NCOA2","KIF13B"
"CDK9","MAPKAPK5","KIF13B"
"CDK9","CDK6","KIF13B"
"CDK9","CDC25C","KIF13B"
"CDK9","GAB1","KIF13B"
"CDK9","PTPRA","KIF13B"
"CDK9","ESR1","KIF13B"
"CDK9","NR3C1","KIF13B"
"CDK9","FGFR2","KIF13B"
"CDK9","NF2","KIF13B"
"CDK9","GRB10","KIF13B"
"CDK9","GRM5","KIF13B"
"CDK9","GSK3B/Axin/APC","SMPD1"
"CDK9","AURKA","SMPD1"
"CDK9","MAPK1","SMPD1"
"CDK9","CSNK2A1","SMPD1"
"CDK9","PTPN6","SMPD1"
"CDK9","PTPRC","SMPD1"
"CDK9","ERK1/2","SMPD1"
"CDK9","Gbeta","SMPD1"
"CDK9","CSNK1D","SMPD1"
"CDK9","TGFBR1","SMPD1"
"CDK9","CDK2","SMPD1"
"CDK9","GSK3B","SMPD1"
"CDK9","AKT","SMPD1"
"CDK9","PRKD1","SMPD1"
"CDK9","PIK3CA","SMPD1"
"CDK9","PTK2","SMPD1"
"CDK9","CyclinE/CDK2","SMPD1"
"CDK9","RASSF1","SMPD1"
"CDK9","GRB2","SMPD1"
"CDK9","AXIN1","SMPD1"
"CDK9","CDC25C","SMPD1"
"CDK9","LAT","SMPD1"
"CDK9","GAB1","SMPD1"
"CDK9","CD28","SMPD1"
"CDK9","MGluR","SMPD1"
"CDK9","INPP5D","SMPD1"
"CDK9","GAB2","SMPD1"
"CDK9","ABI1","SMPD1"
"CDK9","PEBP1","SMPD1"
"CDK9","MAPK3","PAX6"
"CDK9","CDK1","PAX6"
"CDK9","ERK1/2","PAX6"
"CDK9","TGFBR1","PAX6"
"CDK9","MAP3K1","PAX6"
"CDK9","AKT","PAX6"
"CDK9","PRKD1","PAX6"
"CDK9","IRS1","PAX6"
"CDK9","RNF111","PAX6"
"CDK9","ADRA2A","PAX6"
"CDK9","PTK6","PAX6"
"CDK9","ZAP70","PAX6"
"CDK9","NCOA2","PAX6"
"CDK9","MAPKAPK5","PAX6"
"CDK9","CDK6","PAX6"
"CDK9","ARRB2","PAX6"
"CDK9","CD28","PAX6"
"CDK9","NR3C1","PAX6"
"CDK9","PPP1R14A","PAX6"
"CDK9","ABI1","PAX6"
"CDK9","BORA","PAX6"
"CDK9","GSK3B/Axin/APC","MAGEA11"
"CDK9","MAPK1","MAGEA11"
"CDK9","CSNK2A1","MAGEA11"
"CDK9","ERK1/2","MAGEA11"
"CDK9","PLK1","MAGEA11"
"CDK9","TGFBR1","MAGEA11"
"CDK9","ABL1","MAGEA11"
"CDK9","CDK2","MAGEA11"
"CDK9","PAK6","MAGEA11"
"CDK9","GSK3B","MAGEA11"
"CDK9","PPP1R2","MAGEA11"
"CDK9","CDK5","MAGEA11"
"CDK9","MAP3K1","MAGEA11"
"CDK9","AKT","MAGEA11"
"CDK9","PRKD1","MAGEA11"
"CDK9","IRS1","MAGEA11"
"CDK9","CyclinE/CDK2","MAGEA11"
"CDK9","RNF111","MAGEA11"
"CDK9","ADRA2A","MAGEA11"
"CDK9","PTK6","MAGEA11"
"CDK9","TRAF6","MAGEA11"
"CDK9","MAPKAPK5","MAGEA11"
"CDK9","CDC25C","MAGEA11"
"CDK9","CDC25B","MAGEA11"
"CDK9","ESR1","MAGEA11"
"CDK9","ARRB2","MAGEA11"
"CDK9","CD28","MAGEA11"
"CDK9","MGluR","MAGEA11"
"CDK9","GAB2","MAGEA11"
"CDK9","FGFR2","MAGEA11"
"CDK9","GRB10","MAGEA11"
"CDK9","PPP1R14A","MAGEA11"
"CDK9","ABI1","MAGEA11"
"CDK9","BORA","MAGEA11"
"CDK9","PEBP1","MAGEA11"
"CDK9","PPP1R14B","MAGEA11"
"CDK9","MAPK3","PRH1"
"CDK9","AURKA","PRH1"
"CDK9","MAPK1","PRH1"
"CDK9","CDK1","PRH1"
"CDK9","PTPN6","PRH1"
"CDK9","MAPK14","PRH1"
"CDK9","PTPRC","PRH1"
"CDK9","ERK1/2","PRH1"
"CDK9","Gbeta","PRH1"
"CDK9","PLK1","PRH1"
"CDK9","LCK","PRH1"
"CDK9","ABL1","PRH1"
"CDK9","CDK2","PRH1"
"CDK9","GSK3B","PRH1"
"CDK9","MAP3K1","PRH1"
"CDK9","AKT","PRH1"
"CDK9","IRS1","PRH1"
"CDK9","PIK3CA","PRH1"
"CDK9","PTK2","PRH1"
"CDK9","mTORC1","PRH1"
"CDK9","RASSF1","PRH1"
"CDK9","CDK3","PRH1"
"CDK9","TRAF6","PRH1"
"CDK9","SHC1","PRH1"
"CDK9","AXIN1","PRH1"
"CDK9","CDC25B","PRH1"
"CDK9","GAB1","PRH1"
"CDK9","ARRB2","PRH1"
"CDK9","CD28","PRH1"
"CDK9","NR3C1","PRH1"
"CDK9","GAB2","PRH1"
"CDK9","NF2","PRH1"
"CDK9","GRB10","PRH1"
"CDK9","AURKA","H1-5"
"CDK9","PRKCD","H1-5"
"CDK9","MAPK1","H1-5"
"CDK9","CDK1","H1-5"
"CDK9","PTPN6","H1-5"
"CDK9","MAPK14","H1-5"
"CDK9","ERK1/2","H1-5"
"CDK9","CSNK1D","H1-5"
"CDK9","ABL1","H1-5"
"CDK9","RPS6KA1","H1-5"
"CDK9","CDK5","H1-5"
"CDK9","MAP3K1","H1-5"
"CDK9","PIK3CA","H1-5"
"CDK9","mTORC1","H1-5"
"CDK9","RASSF1","H1-5"
"CDK9","PTK6","H1-5"
"CDK9","ZAP70","H1-5"
"CDK9","SHC1","H1-5"
"CDK9","AXIN1","H1-5"
"CDK9","MAPKAPK5","H1-5"
"CDK9","CDC25B","H1-5"
"CDK9","NR3C1","H1-5"
"CDK9","FGFR2","H1-5"
"CDK9","NF2","H1-5"
"CDK9","PPP1R14A","H1-5"
"CDK9","BORA","H1-5"
"CDK9","PEBP1","H1-5"
"CDK9","PPP1R14B","H1-5"
"CDK9","MAPK3","DES"
"CDK9","GSK3B/Axin/APC","DES"
"CDK9","AURKA","DES"
"CDK9","PRKCD","DES"
"CDK9","CDK1","DES"
"CDK9","PRKCA","DES"
"CDK9","PTPN6","DES"
"CDK9","ERK1/2","DES"
"CDK9","LCK","DES"
"CDK9","TGFBR1","DES"
"CDK9","ABL1","DES"
"CDK9","RPS6KA1","DES"
"CDK9","GSK3B","DES"
"CDK9","PRKD1","DES"
"CDK9","IRS1","DES"
"CDK9","PIK3CA","DES"
"CDK9","RNF111","DES"
"CDK9","ADRA2A","DES"
"CDK9","SHC1","DES"
"CDK9","AXIN1","DES"
"CDK9","CDC25C","DES"
"CDK9","CDC25B","DES"
"CDK9","GAB1","DES"
"CDK9","PTPRA","DES"
"CDK9","ESR1","DES"
"CDK9","CD28","DES"
"CDK9","MGluR","DES"
"CDK9","INPP5D","DES"
"CDK9","GRM5","DES"
"CDK9","PIK3CG","DES"
"CDK9","BORA","DES"
"CDK9","CDK1","MED28"
"CDK9","PRKCA","MED28"
"CDK9","PLK1","MED28"
"CDK9","CDK2","MED28"
"CDK9","GSK3B","MED28"
"CDK9","CyclinE/CDK2","MED28"
"CDK9","RASSF1","MED28"
"CDK9","CDK3","MED28"
"CDK9","ZAP70","MED28"
"CDK9","AXIN1","MED28"
"CDK9","CDC25C","MED28"
"CDK9","LAT","MED28"
"CDK9","PTPRA","MED28"
"CDK9","ESR1","MED28"
"CDK9","ARRB2","MED28"
"CDK9","CD28","MED28"
"CDK9","INPP5D","MED28"
"CDK9","GRB10","MED28"
"CDK9","GRM5","MED28"
"CDK9","PIK3CG","MED28"
"CDK9","PPP1R14A","MED28"
"CDK9","BORA","MED28"
"CDK9","PPP1R14B","MED28"
"CDK9","MAPK3","NR4A2"
"CDK9","AURKA","NR4A2"
"CDK9","MAPK1","NR4A2"
"CDK9","CSNK2A1","NR4A2"
"CDK9","CDK1","NR4A2"
"CDK9","PRKCA","NR4A2"
"CDK9","PTPRC","NR4A2"
"CDK9","Gbeta","NR4A2"
"CDK9","TGFBR1","NR4A2"
"CDK9","CDK2","NR4A2"
"CDK9","RPS6KA1","NR4A2"
"CDK9","PAK6","NR4A2"
"CDK9","GSK3B","NR4A2"
"CDK9","CDK5","NR4A2"
"CDK9","MAP3K1","NR4A2"
"CDK9","IRS1","NR4A2"
"CDK9","PIK3CA","NR4A2"
"CDK9","PTK2","NR4A2"
"CDK9","CyclinE/CDK2","NR4A2"
"CDK9","RNF111","NR4A2"
"CDK9","CDK3","NR4A2"
"CDK9","CDK6","NR4A2"
"CDK9","CDC25C","NR4A2"
"CDK9","CDC25B","NR4A2"
"CDK9","GAB2","NR4A2"
"CDK9","GRM5","NR4A2"
"CDK9","PIK3CG","NR4A2"
"CDK9","ABI1","NR4A2"
"CDK9","MAPK1","DAP3"
"CDK9","MAPK14","DAP3"
"CDK9","ERK1/2","DAP3"
"CDK9","CSNK1D","DAP3"
"CDK9","PLK1","DAP3"
"CDK9","ABL1","DAP3"
"CDK9","RPS6KA1","DAP3"
"CDK9","CDK5","DAP3"
"CDK9","AKT","DAP3"
"CDK9","IRS1","DAP3"
"CDK9","PIK3CA","DAP3"
"CDK9","RASSF1","DAP3"
"CDK9","PTK6","DAP3"
"CDK9","ZAP70","DAP3"
"CDK9","SHC1","DAP3"
"CDK9","CDK6","DAP3"
"CDK9","LAT","DAP3"
"CDK9","GAB1","DAP3"
"CDK9","PTPRA","DAP3"
"CDK9","CD28","DAP3"
"CDK9","GRM5","DAP3"
"CDK9","PEBP1","DAP3"
"CDK9","MAPK3","SFN"
"CDK9","GSK3B/Axin/APC","SFN"
"CDK9","PRKCD","SFN"
"CDK9","MAPK1","SFN"
"CDK9","CSNK2A1","SFN"
"CDK9","CDK1","SFN"
"CDK9","PTPN6","SFN"
"CDK9","PTPRC","SFN"
"CDK9","ERK1/2","SFN"
"CDK9","Gbeta","SFN"
"CDK9","PLK1","SFN"
"CDK9","LCK","SFN"
"CDK9","ABL1","SFN"
"CDK9","CDK2","SFN"
"CDK9","RPS6KA1","SFN"
"CDK9","PAK6","SFN"
"CDK9","PPP1R2","SFN"
"CDK9","MAP3K1","SFN"
"CDK9","AKT","SFN"
"CDK9","PRKD1","SFN"
"CDK9","PIK3CA","SFN"
"CDK9","PTK2","SFN"
"CDK9","CyclinE/CDK2","SFN"
"CDK9","RNF111","SFN"
"CDK9","mTORC1","SFN"
"CDK9","ADRA2A","SFN"
"CDK9","CDK3","SFN"
"CDK9","GRB2","SFN"
"CDK9","PTK6","SFN"
"CDK9","ZAP70","SFN"
"CDK9","NCOA2","SFN"
"CDK9","TRAF6","SFN"
"CDK9","AXIN1","SFN"
"CDK9","CDK6","SFN"
"CDK9","CDC25C","SFN"
"CDK9","LAT","SFN"
"CDK9","GAB1","SFN"
"CDK9","PTPRA","SFN"
"CDK9","NF2","SFN"
"CDK9","GRM5","SFN"
"CDK9","PIK3CG","SFN"
"CDK9","PPP1R14A","SFN"
"CDK9","BORA","SFN"
"CDK9","AURKA","NRIP1"
"CDK9","PTPN6","NRIP1"
"CDK9","MAPK14","NRIP1"
"CDK9","PLK1","NRIP1"
"CDK9","LCK","NRIP1"
"CDK9","TGFBR1","NRIP1"
"CDK9","PAK6","NRIP1"
"CDK9","PIK3CA","NRIP1"
"CDK9","PTK2","NRIP1"
"CDK9","CyclinE/CDK2","NRIP1"
"CDK9","mTORC1","NRIP1"
"CDK9","RASSF1","NRIP1"
"CDK9","CDK3","NRIP1"
"CDK9","GRB2","NRIP1"
"CDK9","CDC25C","NRIP1"
"CDK9","CDC25B","NRIP1"
"CDK9","GAB1","NRIP1"
"CDK9","PTPRA","NRIP1"
"CDK9","ESR1","NRIP1"
"CDK9","ARRB2","NRIP1"
"CDK9","CD28","NRIP1"
"CDK9","MGluR","NRIP1"
"CDK9","INPP5D","NRIP1"
"CDK9","GAB2","NRIP1"
"CDK9","NF2","NRIP1"
"CDK9","GRB10","NRIP1"
"CDK9","PPP1R14A","NRIP1"
"CDK9","BORA","NRIP1"
"CDK9","PEBP1","NRIP1"
"CDK9","PPP1R14B","NRIP1"
"CDK9","MAPK3","SMARCC1"
"CDK9","GSK3B/Axin/APC","SMARCC1"
"CDK9","AURKA","SMARCC1"
"CDK9","PRKCA","SMARCC1"
"CDK9","PTPN6","SMARCC1"
"CDK9","MAPK14","SMARCC1"
"CDK9","ERK1/2","SMARCC1"
"CDK9","CSNK1D","SMARCC1"
"CDK9","PLK1","SMARCC1"
"CDK9","LCK","SMARCC1"
"CDK9","TGFBR1","SMARCC1"
"CDK9","ABL1","SMARCC1"
"CDK9","CDK2","SMARCC1"
"CDK9","RPS6KA1","SMARCC1"
"CDK9","PPP1R2","SMARCC1"
"CDK9","CDK5","SMARCC1"
"CDK9","MAP3K1","SMARCC1"
"CDK9","AKT","SMARCC1"
"CDK9","IRS1","SMARCC1"
"CDK9","PTK2","SMARCC1"
"CDK9","RNF111","SMARCC1"
"CDK9","mTORC1","SMARCC1"
"CDK9","ADRA2A","SMARCC1"
"CDK9","GRB2","SMARCC1"
"CDK9","NCOA2","SMARCC1"
"CDK9","TRAF6","SMARCC1"
"CDK9","AXIN1","SMARCC1"
"CDK9","CDK6","SMARCC1"
"CDK9","CDC25C","SMARCC1"
"CDK9","CDC25B","SMARCC1"
"CDK9","MGluR","SMARCC1"
"CDK9","INPP5D","SMARCC1"
"CDK9","FGFR2","SMARCC1"
"CDK9","GRB10","SMARCC1"
"CDK9","GRM5","SMARCC1"
"CDK9","ABI1","SMARCC1"
"CDK9","BORA","SMARCC1"
"CDK9","PEBP1","SMARCC1"
"CDK9","PPP1R14B","SMARCC1"
"CDK9","MAPK3","BICD1"
"CDK9","ERK1/2","BICD1"
"CDK9","Gbeta","BICD1"
"CDK9","CDK2","BICD1"
"CDK9","PPP1R2","BICD1"
"CDK9","MAP3K1","BICD1"
"CDK9","CyclinE/CDK2","BICD1"
"CDK9","RASSF1","BICD1"
"CDK9","PTK6","BICD1"
"CDK9","AXIN1","BICD1"
"CDK9","LAT","BICD1"
"CDK9","GAB1","BICD1"
"CDK9","ESR1","BICD1"
"CDK9","ARRB2","BICD1"
"CDK9","CD28","BICD1"
"CDK9","NR3C1","BICD1"
"CDK9","GRM5","BICD1"
"CDK9","PPP1R14A","BICD1"
"CDK9","BORA","BICD1"
"CDK9","AURKA","KARS1"
"CDK9","PRKCD","KARS1"
"CDK9","MAPK1","KARS1"
"CDK9","CSNK2A1","KARS1"
"CDK9","CDK1","KARS1"
"CDK9","PTPN6","KARS1"
"CDK9","MAPK14","KARS1"
"CDK9","PTPRC","KARS1"
"CDK9","Gbeta","KARS1"
"CDK9","CDK2","KARS1"
"CDK9","RPS6KA1","KARS1"
"CDK9","PPP1R2","KARS1"
"CDK9","PRKD1","KARS1"
"CDK9","IRS1","KARS1"
"CDK9","PIK3CA","KARS1"
"CDK9","PTK2","KARS1"
"CDK9","CyclinE/CDK2","KARS1"
"CDK9","CDK3","KARS1"
"CDK9","PTK6","KARS1"
"CDK9","ZAP70","KARS1"
"CDK9","TRAF6","KARS1"
"CDK9","SHC1","KARS1"
"CDK9","AXIN1","KARS1"
"CDK9","CDK6","KARS1"
"CDK9","CDC25C","KARS1"
"CDK9","ARRB2","KARS1"
"CDK9","CD28","KARS1"
"CDK9","MGluR","KARS1"
"CDK9","INPP5D","KARS1"
"CDK9","NF2","KARS1"
"CDK9","PIK3CG","KARS1"
"CDK9","BORA","KARS1"
"CDK9","PEBP1","KARS1"
"CDK9","GSK3B/Axin/APC","ZNHIT1"
"CDK9","PRKCD","ZNHIT1"
"CDK9","CSNK2A1","ZNHIT1"
"CDK9","Gbeta","ZNHIT1"
"CDK9","TGFBR1","ZNHIT1"
"CDK9","PPP1R2","ZNHIT1"
"CDK9","CDK5","ZNHIT1"
"CDK9","AKT","ZNHIT1"
"CDK9","PRKD1","ZNHIT1"
"CDK9","PIK3CA","ZNHIT1"
"CDK9","PTK2","ZNHIT1"
"CDK9","CyclinE/CDK2","ZNHIT1"
"CDK9","ADRA2A","ZNHIT1"
"CDK9","SHC1","ZNHIT1"
"CDK9","AXIN1","ZNHIT1"
"CDK9","MAPKAPK5","ZNHIT1"
"CDK9","CDC25B","ZNHIT1"
"CDK9","LAT","ZNHIT1"
"CDK9","GAB1","ZNHIT1"
"CDK9","ESR1","ZNHIT1"
"CDK9","INPP5D","ZNHIT1"
"CDK9","FGFR2","ZNHIT1"
"CDK9","NF2","ZNHIT1"
"CDK9","PIK3CG","ZNHIT1"
"CDK9","MAPK1","HBP1"
"CDK9","CDK1","HBP1"
"CDK9","PRKCA","HBP1"
"CDK9","PTPN6","HBP1"
"CDK9","CSNK1D","HBP1"
"CDK9","ABL1","HBP1"
"CDK9","MAP3K1","HBP1"
"CDK9","AKT","HBP1"
"CDK9","PRKD1","HBP1"
"CDK9","PIK3CA","HBP1"
"CDK9","RNF111","HBP1"
"CDK9","mTORC1","HBP1"
"CDK9","RASSF1","HBP1"
"CDK9","CDC25B","HBP1"
"CDK9","LAT","HBP1"
"CDK9","GAB1","HBP1"
"CDK9","PTPRA","HBP1"
"CDK9","MGluR","HBP1"
"CDK9","INPP5D","HBP1"
"CDK9","GAB2","HBP1"
"CDK9","FGFR2","HBP1"
"CDK9","NF2","HBP1"
"CDK9","GRB10","HBP1"
"CDK9","GRM5","HBP1"
"CDK9","AURKA","CACNB1"
"CDK9","PRKCD","CACNB1"
"CDK9","CSNK2A1","CACNB1"
"CDK9","CDK1","CACNB1"
"CDK9","PRKCA","CACNB1"
"CDK9","PTPRC","CACNB1"
"CDK9","PIK3CA","CACNB1"
"CDK9","CDK3","CACNB1"
"CDK9","MAPKAPK5","CACNB1"
"CDK9","MGluR","CACNB1"
"CDK9","PIK3CG","CACNB1"
"CDK9","MAPK3","CD38"
"CDK9","GSK3B/Axin/APC","CD38"
"CDK9","PRKCD","CD38"
"CDK9","MAPK1","CD38"
"CDK9","CSNK2A1","CD38"
"CDK9","CDK1","CD38"
"CDK9","PRKCA","CD38"
"CDK9","PTPN6","CD38"
"CDK9","MAPK14","CD38"
"CDK9","PTPRC","CD38"
"CDK9","ERK1/2","CD38"
"CDK9","Gbeta","CD38"
"CDK9","CSNK1D","CD38"
"CDK9","PLK1","CD38"
"CDK9","TGFBR1","CD38"
"CDK9","ABL1","CD38"
"CDK9","CDK2","CD38"
"CDK9","RPS6KA1","CD38"
"CDK9","PAK6","CD38"
"CDK9","GSK3B","CD38"
"CDK9","PPP1R2","CD38"
"CDK9","CDK5","CD38"
"CDK9","MAP3K1","CD38"
"CDK9","AKT","CD38"
"CDK9","PRKD1","CD38"
"CDK9","IRS1","CD38"
"CDK9","PIK3CA","CD38"
"CDK9","PTK2","CD38"
"CDK9","CyclinE/CDK2","CD38"
"CDK9","RNF111","CD38"
"CDK9","mTORC1","CD38"
"CDK9","RASSF1","CD38"
"CDK9","ADRA2A","CD38"
"CDK9","CDK3","CD38"
"CDK9","GRB2","CD38"
"CDK9","PTK6","CD38"
"CDK9","ZAP70","CD38"
"CDK9","TRAF6","CD38"
"CDK9","SHC1","CD38"
"CDK9","AXIN1","CD38"
"CDK9","MAPKAPK5","CD38"
"CDK9","CDK6","CD38"
"CDK9","CDC25C","CD38"
"CDK9","CDC25B","CD38"
"CDK9","LAT","CD38"
"CDK9","GAB1","CD38"
"CDK9","PTPRA","CD38"
"CDK9","ESR1","CD38"
"CDK9","ARRB2","CD38"
"CDK9","CD28","CD38"
"CDK9","MGluR","CD38"
"CDK9","INPP5D","CD38"
"CDK9","GAB2","CD38"
"CDK9","FGFR2","CD38"
"CDK9","NF2","CD38"
"CDK9","GRB10","CD38"
"CDK9","GRM5","CD38"
"CDK9","PIK3CG","CD38"
"CDK9","PPP1R14A","CD38"
"CDK9","ABI1","CD38"
"CDK9","BORA","CD38"
"CDK9","PEBP1","CD38"
"CDK9","PPP1R14B","CD38"
"CDK9","MAPK3","NFIX"
"CDK9","GSK3B/Axin/APC","NFIX"
"CDK9","AURKA","NFIX"
"CDK9","PRKCD","NFIX"
"CDK9","MAPK1","NFIX"
"CDK9","CSNK2A1","NFIX"
"CDK9","CDK1","NFIX"
"CDK9","PRKCA","NFIX"
"CDK9","PTPN6","NFIX"
"CDK9","MAPK14","NFIX"
"CDK9","PTPRC","NFIX"
"CDK9","ERK1/2","NFIX"
"CDK9","Gbeta","NFIX"
"CDK9","CSNK1D","NFIX"
"CDK9","PLK1","NFIX"
"CDK9","LCK","NFIX"
"CDK9","TGFBR1","NFIX"
"CDK9","ABL1","NFIX"
"CDK9","CDK2","NFIX"
"CDK9","RPS6KA1","NFIX"
"CDK9","PAK6","NFIX"
"CDK9","GSK3B","NFIX"
"CDK9","PPP1R2","NFIX"
"CDK9","CDK5","NFIX"
"CDK9","MAP3K1","NFIX"
"CDK9","AKT","NFIX"
"CDK9","PRKD1","NFIX"
"CDK9","IRS1","NFIX"
"CDK9","PIK3CA","NFIX"
"CDK9","PTK2","NFIX"
"CDK9","CyclinE/CDK2","NFIX"
"CDK9","RNF111","NFIX"
"CDK9","mTORC1","NFIX"
"CDK9","RASSF1","NFIX"
"CDK9","ADRA2A","NFIX"
"CDK9","CDK3","NFIX"
"CDK9","GRB2","NFIX"
"CDK9","PTK6","NFIX"
"CDK9","ZAP70","NFIX"
"CDK9","NCOA2","NFIX"
"CDK9","TRAF6","NFIX"
"CDK9","SHC1","NFIX"
"CDK9","AXIN1","NFIX"
"CDK9","MAPKAPK5","NFIX"
"CDK9","CDK6","NFIX"
"CDK9","CDC25C","NFIX"
"CDK9","CDC25B","NFIX"
"CDK9","LAT","NFIX"
"CDK9","GAB1","NFIX"
"CDK9","PTPRA","NFIX"
"CDK9","ESR1","NFIX"
"CDK9","ARRB2","NFIX"
"CDK9","CD28","NFIX"
"CDK9","NR3C1","NFIX"
"CDK9","MGluR","NFIX"
"CDK9","INPP5D","NFIX"
"CDK9","GAB2","NFIX"
"CDK9","FGFR2","NFIX"
"CDK9","NF2","NFIX"
"CDK9","GRB10","NFIX"
"CDK9","GRM5","NFIX"
"CDK9","PIK3CG","NFIX"
"CDK9","PPP1R14A","NFIX"
"CDK9","ABI1","NFIX"
"CDK9","BORA","NFIX"
"CDK9","PEBP1","NFIX"
"CDK9","PPP1R14B","NFIX"
"CDK9","MAPK3","ZEB1"
"CDK9","GSK3B/Axin/APC","ZEB1"
"CDK9","AURKA","ZEB1"
"CDK9","PRKCD","ZEB1"
"CDK9","MAPK1","ZEB1"
"CDK9","CSNK2A1","ZEB1"
"CDK9","CDK1","ZEB1"
"CDK9","PRKCA","ZEB1"
"CDK9","PTPN6","ZEB1"
"CDK9","MAPK14","ZEB1"
"CDK9","PTPRC","ZEB1"
"CDK9","ERK1/2","ZEB1"
"CDK9","Gbeta","ZEB1"
"CDK9","CSNK1D","ZEB1"
"CDK9","PLK1","ZEB1"
"CDK9","LCK","ZEB1"
"CDK9","TGFBR1","ZEB1"
"CDK9","ABL1","ZEB1"
"CDK9","CDK2","ZEB1"
"CDK9","RPS6KA1","ZEB1"
"CDK9","PAK6","ZEB1"
"CDK9","GSK3B","ZEB1"
"CDK9","PPP1R2","ZEB1"
"CDK9","CDK5","ZEB1"
"CDK9","MAP3K1","ZEB1"
"CDK9","AKT","ZEB1"
"CDK9","PRKD1","ZEB1"
"CDK9","IRS1","ZEB1"
"CDK9","PIK3CA","ZEB1"
"CDK9","PTK2","ZEB1"
"CDK9","CyclinE/CDK2","ZEB1"
"CDK9","RNF111","ZEB1"
"CDK9","mTORC1","ZEB1"
"CDK9","RASSF1","ZEB1"
"CDK9","ADRA2A","ZEB1"
"CDK9","CDK3","ZEB1"
"CDK9","GRB2","ZEB1"
"CDK9","PTK6","ZEB1"
"CDK9","ZAP70","ZEB1"
"CDK9","NCOA2","ZEB1"
"CDK9","TRAF6","ZEB1"
"CDK9","SHC1","ZEB1"
"CDK9","AXIN1","ZEB1"
"CDK9","MAPKAPK5","ZEB1"
"CDK9","CDK6","ZEB1"
"CDK9","CDC25C","ZEB1"
"CDK9","CDC25B","ZEB1"
"CDK9","LAT","ZEB1"
"CDK9","GAB1","ZEB1"
"CDK9","PTPRA","ZEB1"
"CDK9","ESR1","ZEB1"
"CDK9","ARRB2","ZEB1"
"CDK9","CD28","ZEB1"
"CDK9","NR3C1","ZEB1"
"CDK9","MGluR","ZEB1"
"CDK9","INPP5D","ZEB1"
"CDK9","GAB2","ZEB1"
"CDK9","FGFR2","ZEB1"
"CDK9","NF2","ZEB1"
"CDK9","GRB10","ZEB1"
"CDK9","GRM5","ZEB1"
"CDK9","PIK3CG","ZEB1"
"CDK9","PPP1R14A","ZEB1"
"CDK9","ABI1","ZEB1"
"CDK9","BORA","ZEB1"
"CDK9","PEBP1","ZEB1"
"CDK9","PPP1R14B","ZEB1"
"CDK9","MAPK3","NFE2"
"CDK9","GSK3B/Axin/APC","NFE2"
"CDK9","AURKA","NFE2"
"CDK9","PRKCD","NFE2"
"CDK9","MAPK1","NFE2"
"CDK9","CSNK2A1","NFE2"
"CDK9","CDK1","NFE2"
"CDK9","PRKCA","NFE2"
"CDK9","PTPN6","NFE2"
"CDK9","MAPK14","NFE2"
"CDK9","PTPRC","NFE2"
"CDK9","ERK1/2","NFE2"
"CDK9","Gbeta","NFE2"
"CDK9","CSNK1D","NFE2"
"CDK9","PLK1","NFE2"
"CDK9","LCK","NFE2"
"CDK9","TGFBR1","NFE2"
"CDK9","ABL1","NFE2"
"CDK9","CDK2","NFE2"
"CDK9","RPS6KA1","NFE2"
"CDK9","PAK6","NFE2"
"CDK9","GSK3B","NFE2"
"CDK9","PPP1R2","NFE2"
"CDK9","CDK5","NFE2"
"CDK9","MAP3K1","NFE2"
"CDK9","AKT","NFE2"
"CDK9","PRKD1","NFE2"
"CDK9","IRS1","NFE2"
"CDK9","PIK3CA","NFE2"
"CDK9","PTK2","NFE2"
"CDK9","CyclinE/CDK2","NFE2"
"CDK9","RNF111","NFE2"
"CDK9","mTORC1","NFE2"
"CDK9","RASSF1","NFE2"
"CDK9","ADRA2A","NFE2"
"CDK9","CDK3","NFE2"
"CDK9","GRB2","NFE2"
"CDK9","PTK6","NFE2"
"CDK9","ZAP70","NFE2"
"CDK9","NCOA2","NFE2"
"CDK9","TRAF6","NFE2"
"CDK9","SHC1","NFE2"
"CDK9","AXIN1","NFE2"
"CDK9","MAPKAPK5","NFE2"
"CDK9","CDK6","NFE2"
"CDK9","CDC25C","NFE2"
"CDK9","CDC25B","NFE2"
"CDK9","LAT","NFE2"
"CDK9","GAB1","NFE2"
"CDK9","PTPRA","NFE2"
"CDK9","ESR1","NFE2"
"CDK9","ARRB2","NFE2"
"CDK9","CD28","NFE2"
"CDK9","NR3C1","NFE2"
"CDK9","MGluR","NFE2"
"CDK9","INPP5D","NFE2"
"CDK9","GAB2","NFE2"
"CDK9","FGFR2","NFE2"
"CDK9","NF2","NFE2"
"CDK9","GRB10","NFE2"
"CDK9","GRM5","NFE2"
"CDK9","PIK3CG","NFE2"
"CDK9","PPP1R14A","NFE2"
"CDK9","ABI1","NFE2"
"CDK9","BORA","NFE2"
"CDK9","PEBP1","NFE2"
"CDK9","PPP1R14B","NFE2"
"CDK9","MAPK3","NLRP5"
"CDK9","GSK3B/Axin/APC","NLRP5"
"CDK9","AURKA","NLRP5"
"CDK9","PRKCD","NLRP5"
"CDK9","MAPK1","NLRP5"
"CDK9","CSNK2A1","NLRP5"
"CDK9","CDK1","NLRP5"
"CDK9","PRKCA","NLRP5"
"CDK9","PTPN6","NLRP5"
"CDK9","MAPK14","NLRP5"
"CDK9","PTPRC","NLRP5"
"CDK9","ERK1/2","NLRP5"
"CDK9","Gbeta","NLRP5"
"CDK9","CSNK1D","NLRP5"
"CDK9","PLK1","NLRP5"
"CDK9","LCK","NLRP5"
"CDK9","TGFBR1","NLRP5"
"CDK9","ABL1","NLRP5"
"CDK9","CDK2","NLRP5"
"CDK9","RPS6KA1","NLRP5"
"CDK9","PAK6","NLRP5"
"CDK9","PPP1R2","NLRP5"
"CDK9","CDK5","NLRP5"
"CDK9","MAP3K1","NLRP5"
"CDK9","AKT","NLRP5"
"CDK9","PRKD1","NLRP5"
"CDK9","IRS1","NLRP5"
"CDK9","PIK3CA","NLRP5"
"CDK9","PTK2","NLRP5"
"CDK9","CyclinE/CDK2","NLRP5"
"CDK9","RNF111","NLRP5"
"CDK9","mTORC1","NLRP5"
"CDK9","RASSF1","NLRP5"
"CDK9","ADRA2A","NLRP5"
"CDK9","CDK3","NLRP5"
"CDK9","GRB2","NLRP5"
"CDK9","PTK6","NLRP5"
"CDK9","ZAP70","NLRP5"
"CDK9","NCOA2","NLRP5"
"CDK9","TRAF6","NLRP5"
"CDK9","SHC1","NLRP5"
"CDK9","AXIN1","NLRP5"
"CDK9","MAPKAPK5","NLRP5"
"CDK9","CDK6","NLRP5"
"CDK9","CDC25C","NLRP5"
"CDK9","CDC25B","NLRP5"
"CDK9","LAT","NLRP5"
"CDK9","GAB1","NLRP5"
"CDK9","PTPRA","NLRP5"
"CDK9","ESR1","NLRP5"
"CDK9","ARRB2","NLRP5"
"CDK9","CD28","NLRP5"
"CDK9","NR3C1","NLRP5"
"CDK9","MGluR","NLRP5"
"CDK9","INPP5D","NLRP5"
"CDK9","GAB2","NLRP5"
"CDK9","FGFR2","NLRP5"
"CDK9","NF2","NLRP5"
"CDK9","GRB10","NLRP5"
"CDK9","GRM5","NLRP5"
"CDK9","PIK3CG","NLRP5"
"CDK9","PPP1R14A","NLRP5"
"CDK9","ABI1","NLRP5"
"CDK9","BORA","NLRP5"
"CDK9","PEBP1","NLRP5"
"CDK9","PPP1R14B","NLRP5"
"CDK9","MAPK3","ATN1"
"CDK9","GSK3B/Axin/APC","ATN1"
"CDK9","AURKA","ATN1"
"CDK9","PRKCD","ATN1"
"CDK9","MAPK1","ATN1"
"CDK9","CSNK2A1","ATN1"
"CDK9","CDK1","ATN1"
"CDK9","PRKCA","ATN1"
"CDK9","PTPN6","ATN1"
"CDK9","MAPK14","ATN1"
"CDK9","PTPRC","ATN1"
"CDK9","ERK1/2","ATN1"
"CDK9","Gbeta","ATN1"
"CDK9","CSNK1D","ATN1"
"CDK9","PLK1","ATN1"
"CDK9","LCK","ATN1"
"CDK9","TGFBR1","ATN1"
"CDK9","ABL1","ATN1"
"CDK9","CDK2","ATN1"
"CDK9","RPS6KA1","ATN1"
"CDK9","PAK6","ATN1"
"CDK9","GSK3B","ATN1"
"CDK9","PPP1R2","ATN1"
"CDK9","CDK5","ATN1"
"CDK9","MAP3K1","ATN1"
"CDK9","AKT","ATN1"
"CDK9","PRKD1","ATN1"
"CDK9","IRS1","ATN1"
"CDK9","PIK3CA","ATN1"
"CDK9","PTK2","ATN1"
"CDK9","CyclinE/CDK2","ATN1"
"CDK9","RNF111","ATN1"
"CDK9","mTORC1","ATN1"
"CDK9","RASSF1","ATN1"
"CDK9","ADRA2A","ATN1"
"CDK9","CDK3","ATN1"
"CDK9","GRB2","ATN1"
"CDK9","PTK6","ATN1"
"CDK9","ZAP70","ATN1"
"CDK9","NCOA2","ATN1"
"CDK9","TRAF6","ATN1"
"CDK9","SHC1","ATN1"
"CDK9","AXIN1","ATN1"
"CDK9","MAPKAPK5","ATN1"
"CDK9","CDK6","ATN1"
"CDK9","CDC25C","ATN1"
"CDK9","CDC25B","ATN1"
"CDK9","LAT","ATN1"
"CDK9","GAB1","ATN1"
"CDK9","PTPRA","ATN1"
"CDK9","ESR1","ATN1"
"CDK9","ARRB2","ATN1"
"CDK9","CD28","ATN1"
"CDK9","NR3C1","ATN1"
"CDK9","MGluR","ATN1"
"CDK9","INPP5D","ATN1"
"CDK9","GAB2","ATN1"
"CDK9","FGFR2","ATN1"
"CDK9","NF2","ATN1"
"CDK9","GRB10","ATN1"
"CDK9","GRM5","ATN1"
"CDK9","PIK3CG","ATN1"
"CDK9","PPP1R14A","ATN1"
"CDK9","ABI1","ATN1"
"CDK9","BORA","ATN1"
"CDK9","PEBP1","ATN1"
"CDK9","PPP1R14B","ATN1"
"CDK9","LCK","PIP4K2B"
"CDK9","NCOA2","PIP4K2B"
"CDK9","NR3C1","PIP4K2B"
"CDK9","MAPK3","MFN1"
"CDK9","GSK3B/Axin/APC","MFN1"
"CDK9","AURKA","MFN1"
"CDK9","PRKCD","MFN1"
"CDK9","MAPK1","MFN1"
"CDK9","CSNK2A1","MFN1"
"CDK9","CDK1","MFN1"
"CDK9","PRKCA","MFN1"
"CDK9","PTPN6","MFN1"
"CDK9","MAPK14","MFN1"
"CDK9","PTPRC","MFN1"
"CDK9","Gbeta","MFN1"
"CDK9","CSNK1D","MFN1"
"CDK9","PLK1","MFN1"
"CDK9","TGFBR1","MFN1"
"CDK9","ABL1","MFN1"
"CDK9","CDK2","MFN1"
"CDK9","RPS6KA1","MFN1"
"CDK9","PAK6","MFN1"
"CDK9","GSK3B","MFN1"
"CDK9","PPP1R2","MFN1"
"CDK9","CDK5","MFN1"
"CDK9","MAP3K1","MFN1"
"CDK9","AKT","MFN1"
"CDK9","PRKD1","MFN1"
"CDK9","IRS1","MFN1"
"CDK9","PIK3CA","MFN1"
"CDK9","PTK2","MFN1"
"CDK9","CyclinE/CDK2","MFN1"
"CDK9","RNF111","MFN1"
"CDK9","mTORC1","MFN1"
"CDK9","RASSF1","MFN1"
"CDK9","ADRA2A","MFN1"
"CDK9","CDK3","MFN1"
"CDK9","GRB2","MFN1"
"CDK9","PTK6","MFN1"
"CDK9","ZAP70","MFN1"
"CDK9","TRAF6","MFN1"
"CDK9","SHC1","MFN1"
"CDK9","AXIN1","MFN1"
"CDK9","MAPKAPK5","MFN1"
"CDK9","CDK6","MFN1"
"CDK9","CDC25C","MFN1"
"CDK9","CDC25B","MFN1"
"CDK9","LAT","MFN1"
"CDK9","GAB1","MFN1"
"CDK9","PTPRA","MFN1"
"CDK9","ESR1","MFN1"
"CDK9","ARRB2","MFN1"
"CDK9","CD28","MFN1"
"CDK9","MGluR","MFN1"
"CDK9","INPP5D","MFN1"
"CDK9","GAB2","MFN1"
"CDK9","FGFR2","MFN1"
"CDK9","NF2","MFN1"
"CDK9","GRB10","MFN1"
"CDK9","GRM5","MFN1"
"CDK9","PIK3CG","MFN1"
"CDK9","PPP1R14A","MFN1"
"CDK9","ABI1","MFN1"
"CDK9","BORA","MFN1"
"CDK9","PEBP1","MFN1"
"CDK9","PPP1R14B","MFN1"
"CDK9","MAPK3","KIF11"
"CDK9","GSK3B/Axin/APC","KIF11"
"CDK9","AURKA","KIF11"
"CDK9","PRKCD","KIF11"
"CDK9","MAPK1","KIF11"
"CDK9","CSNK2A1","KIF11"
"CDK9","CDK1","KIF11"
"CDK9","PRKCA","KIF11"
"CDK9","PTPN6","KIF11"
"CDK9","MAPK14","KIF11"
"CDK9","PTPRC","KIF11"
"CDK9","ERK1/2","KIF11"
"CDK9","Gbeta","KIF11"
"CDK9","CSNK1D","KIF11"
"CDK9","PLK1","KIF11"
"CDK9","TGFBR1","KIF11"
"CDK9","ABL1","KIF11"
"CDK9","CDK2","KIF11"
"CDK9","RPS6KA1","KIF11"
"CDK9","PAK6","KIF11"
"CDK9","GSK3B","KIF11"
"CDK9","PPP1R2","KIF11"
"CDK9","CDK5","KIF11"
"CDK9","MAP3K1","KIF11"
"CDK9","AKT","KIF11"
"CDK9","PRKD1","KIF11"
"CDK9","IRS1","KIF11"
"CDK9","PIK3CA","KIF11"
"CDK9","PTK2","KIF11"
"CDK9","CyclinE/CDK2","KIF11"
"CDK9","RNF111","KIF11"
"CDK9","mTORC1","KIF11"
"CDK9","RASSF1","KIF11"
"CDK9","ADRA2A","KIF11"
"CDK9","CDK3","KIF11"
"CDK9","GRB2","KIF11"
"CDK9","PTK6","KIF11"
"CDK9","ZAP70","KIF11"
"CDK9","TRAF6","KIF11"
"CDK9","SHC1","KIF11"
"CDK9","AXIN1","KIF11"
"CDK9","MAPKAPK5","KIF11"
"CDK9","CDK6","KIF11"
"CDK9","CDC25C","KIF11"
"CDK9","CDC25B","KIF11"
"CDK9","LAT","KIF11"
"CDK9","GAB1","KIF11"
"CDK9","PTPRA","KIF11"
"CDK9","ESR1","KIF11"
"CDK9","ARRB2","KIF11"
"CDK9","CD28","KIF11"
"CDK9","MGluR","KIF11"
"CDK9","INPP5D","KIF11"
"CDK9","GAB2","KIF11"
"CDK9","FGFR2","KIF11"
"CDK9","NF2","KIF11"
"CDK9","GRB10","KIF11"
"CDK9","GRM5","KIF11"
"CDK9","PIK3CG","KIF11"
"CDK9","PPP1R14A","KIF11"
"CDK9","ABI1","KIF11"
"CDK9","BORA","KIF11"
"CDK9","PEBP1","KIF11"
"CDK9","PPP1R14B","KIF11"
"CDK9","GSK3B/Axin/APC","NCKIPSD"
"CDK9","AURKA","NCKIPSD"
"CDK9","PRKCD","NCKIPSD"
"CDK9","MAPK1","NCKIPSD"
"CDK9","CSNK2A1","NCKIPSD"
"CDK9","CDK1","NCKIPSD"
"CDK9","PRKCA","NCKIPSD"
"CDK9","PTPN6","NCKIPSD"
"CDK9","MAPK14","NCKIPSD"
"CDK9","PTPRC","NCKIPSD"
"CDK9","ERK1/2","NCKIPSD"
"CDK9","Gbeta","NCKIPSD"
"CDK9","CSNK1D","NCKIPSD"
"CDK9","PLK1","NCKIPSD"
"CDK9","TGFBR1","NCKIPSD"
"CDK9","ABL1","NCKIPSD"
"CDK9","CDK2","NCKIPSD"
"CDK9","RPS6KA1","NCKIPSD"
"CDK9","PAK6","NCKIPSD"
"CDK9","GSK3B","NCKIPSD"
"CDK9","PPP1R2","NCKIPSD"
"CDK9","CDK5","NCKIPSD"
"CDK9","MAP3K1","NCKIPSD"
"CDK9","AKT","NCKIPSD"
"CDK9","PRKD1","NCKIPSD"
"CDK9","IRS1","NCKIPSD"
"CDK9","PIK3CA","NCKIPSD"
"CDK9","PTK2","NCKIPSD"
"CDK9","CyclinE/CDK2","NCKIPSD"
"CDK9","RNF111","NCKIPSD"
"CDK9","mTORC1","NCKIPSD"
"CDK9","RASSF1","NCKIPSD"
"CDK9","ADRA2A","NCKIPSD"
"CDK9","CDK3","NCKIPSD"
"CDK9","GRB2","NCKIPSD"
"CDK9","PTK6","NCKIPSD"
"CDK9","ZAP70","NCKIPSD"
"CDK9","TRAF6","NCKIPSD"
"CDK9","SHC1","NCKIPSD"
"CDK9","AXIN1","NCKIPSD"
"CDK9","MAPKAPK5","NCKIPSD"
"CDK9","CDK6","NCKIPSD"
"CDK9","CDC25C","NCKIPSD"
"CDK9","CDC25B","NCKIPSD"
"CDK9","LAT","NCKIPSD"
"CDK9","GAB1","NCKIPSD"
"CDK9","PTPRA","NCKIPSD"
"CDK9","ESR1","NCKIPSD"
"CDK9","ARRB2","NCKIPSD"
"CDK9","CD28","NCKIPSD"
"CDK9","MGluR","NCKIPSD"
"CDK9","INPP5D","NCKIPSD"
"CDK9","GAB2","NCKIPSD"
"CDK9","FGFR2","NCKIPSD"
"CDK9","NF2","NCKIPSD"
"CDK9","GRB10","NCKIPSD"
"CDK9","GRM5","NCKIPSD"
"CDK9","PIK3CG","NCKIPSD"
"CDK9","PPP1R14A","NCKIPSD"
"CDK9","ABI1","NCKIPSD"
"CDK9","BORA","NCKIPSD"
"CDK9","PEBP1","NCKIPSD"
"CDK9","PPP1R14B","NCKIPSD"
"CDK9","MAPK3","ARHGAP31"
"CDK9","GSK3B/Axin/APC","ARHGAP31"
"CDK9","AURKA","ARHGAP31"
"CDK9","PRKCD","ARHGAP31"
"CDK9","MAPK1","ARHGAP31"
"CDK9","CSNK2A1","ARHGAP31"
"CDK9","CDK1","ARHGAP31"
"CDK9","PRKCA","ARHGAP31"
"CDK9","PTPN6","ARHGAP31"
"CDK9","MAPK14","ARHGAP31"
"CDK9","PTPRC","ARHGAP31"
"CDK9","ERK1/2","ARHGAP31"
"CDK9","Gbeta","ARHGAP31"
"CDK9","CSNK1D","ARHGAP31"
"CDK9","PLK1","ARHGAP31"
"CDK9","LCK","ARHGAP31"
"CDK9","TGFBR1","ARHGAP31"
"CDK9","ABL1","ARHGAP31"
"CDK9","CDK2","ARHGAP31"
"CDK9","RPS6KA1","ARHGAP31"
"CDK9","PAK6","ARHGAP31"
"CDK9","GSK3B","ARHGAP31"
"CDK9","PPP1R2","ARHGAP31"
"CDK9","CDK5","ARHGAP31"
"CDK9","MAP3K1","ARHGAP31"
"CDK9","AKT","ARHGAP31"
"CDK9","PRKD1","ARHGAP31"
"CDK9","IRS1","ARHGAP31"
"CDK9","PIK3CA","ARHGAP31"
"CDK9","PTK2","ARHGAP31"
"CDK9","CyclinE/CDK2","ARHGAP31"
"CDK9","RNF111","ARHGAP31"
"CDK9","mTORC1","ARHGAP31"
"CDK9","RASSF1","ARHGAP31"
"CDK9","ADRA2A","ARHGAP31"
"CDK9","CDK3","ARHGAP31"
"CDK9","GRB2","ARHGAP31"
"CDK9","PTK6","ARHGAP31"
"CDK9","ZAP70","ARHGAP31"
"CDK9","NCOA2","ARHGAP31"
"CDK9","TRAF6","ARHGAP31"
"CDK9","SHC1","ARHGAP31"
"CDK9","AXIN1","ARHGAP31"
"CDK9","MAPKAPK5","ARHGAP31"
"CDK9","CDK6","ARHGAP31"
"CDK9","CDC25C","ARHGAP31"
"CDK9","CDC25B","ARHGAP31"
"CDK9","LAT","ARHGAP31"
"CDK9","GAB1","ARHGAP31"
"CDK9","PTPRA","ARHGAP31"
"CDK9","ESR1","ARHGAP31"
"CDK9","ARRB2","ARHGAP31"
"CDK9","CD28","ARHGAP31"
"CDK9","NR3C1","ARHGAP31"
"CDK9","MGluR","ARHGAP31"
"CDK9","INPP5D","ARHGAP31"
"CDK9","GAB2","ARHGAP31"
"CDK9","FGFR2","ARHGAP31"
"CDK9","NF2","ARHGAP31"
"CDK9","GRB10","ARHGAP31"
"CDK9","GRM5","ARHGAP31"
"CDK9","PIK3CG","ARHGAP31"
"CDK9","PPP1R14A","ARHGAP31"
"CDK9","ABI1","ARHGAP31"
"CDK9","BORA","ARHGAP31"
"CDK9","PEBP1","ARHGAP31"
"CDK9","PPP1R14B","ARHGAP31"
"CDK9","MAPK3","HECTD3"
"CDK9","GSK3B/Axin/APC","HECTD3"
"CDK9","AURKA","HECTD3"
"CDK9","PRKCD","HECTD3"
"CDK9","MAPK1","HECTD3"
"CDK9","CSNK2A1","HECTD3"
"CDK9","CDK1","HECTD3"
"CDK9","PRKCA","HECTD3"
"CDK9","PTPN6","HECTD3"
"CDK9","MAPK14","HECTD3"
"CDK9","PTPRC","HECTD3"
"CDK9","Gbeta","HECTD3"
"CDK9","CSNK1D","HECTD3"
"CDK9","PLK1","HECTD3"
"CDK9","TGFBR1","HECTD3"
"CDK9","ABL1","HECTD3"
"CDK9","CDK2","HECTD3"
"CDK9","RPS6KA1","HECTD3"
"CDK9","PAK6","HECTD3"
"CDK9","GSK3B","HECTD3"
"CDK9","PPP1R2","HECTD3"
"CDK9","CDK5","HECTD3"
"CDK9","MAP3K1","HECTD3"
"CDK9","AKT","HECTD3"
"CDK9","PRKD1","HECTD3"
"CDK9","IRS1","HECTD3"
"CDK9","PIK3CA","HECTD3"
"CDK9","PTK2","HECTD3"
"CDK9","CyclinE/CDK2","HECTD3"
"CDK9","RNF111","HECTD3"
"CDK9","mTORC1","HECTD3"
"CDK9","RASSF1","HECTD3"
"CDK9","ADRA2A","HECTD3"
"CDK9","CDK3","HECTD3"
"CDK9","GRB2","HECTD3"
"CDK9","PTK6","HECTD3"
"CDK9","ZAP70","HECTD3"
"CDK9","TRAF6","HECTD3"
"CDK9","SHC1","HECTD3"
"CDK9","AXIN1","HECTD3"
"CDK9","MAPKAPK5","HECTD3"
"CDK9","CDK6","HECTD3"
"CDK9","CDC25C","HECTD3"
"CDK9","CDC25B","HECTD3"
"CDK9","LAT","HECTD3"
"CDK9","GAB1","HECTD3"
"CDK9","PTPRA","HECTD3"
"CDK9","ESR1","HECTD3"
"CDK9","ARRB2","HECTD3"
"CDK9","CD28","HECTD3"
"CDK9","MGluR","HECTD3"
"CDK9","INPP5D","HECTD3"
"CDK9","GAB2","HECTD3"
"CDK9","FGFR2","HECTD3"
"CDK9","NF2","HECTD3"
"CDK9","GRB10","HECTD3"
"CDK9","GRM5","HECTD3"
"CDK9","PIK3CG","HECTD3"
"CDK9","PPP1R14A","HECTD3"
"CDK9","ABI1","HECTD3"
"CDK9","BORA","HECTD3"
"CDK9","PEBP1","HECTD3"
"CDK9","PPP1R14B","HECTD3"
"CDK9","MAPK3","DBI"
"CDK9","GSK3B/Axin/APC","DBI"
"CDK9","AURKA","DBI"
"CDK9","MAPK1","DBI"
"CDK9","CSNK2A1","DBI"
"CDK9","CDK1","DBI"
"CDK9","PRKCA","DBI"
"CDK9","PTPN6","DBI"
"CDK9","MAPK14","DBI"
"CDK9","PTPRC","DBI"
"CDK9","ERK1/2","DBI"
"CDK9","Gbeta","DBI"
"CDK9","CSNK1D","DBI"
"CDK9","PLK1","DBI"
"CDK9","TGFBR1","DBI"
"CDK9","ABL1","DBI"
"CDK9","CDK2","DBI"
"CDK9","RPS6KA1","DBI"
"CDK9","PAK6","DBI"
"CDK9","GSK3B","DBI"
"CDK9","PPP1R2","DBI"
"CDK9","CDK5","DBI"
"CDK9","MAP3K1","DBI"
"CDK9","AKT","DBI"
"CDK9","PRKD1","DBI"
"CDK9","IRS1","DBI"
"CDK9","PIK3CA","DBI"
"CDK9","PTK2","DBI"
"CDK9","CyclinE/CDK2","DBI"
"CDK9","RNF111","DBI"
"CDK9","mTORC1","DBI"
"CDK9","RASSF1","DBI"
"CDK9","ADRA2A","DBI"
"CDK9","CDK3","DBI"
"CDK9","GRB2","DBI"
"CDK9","PTK6","DBI"
"CDK9","ZAP70","DBI"
"CDK9","TRAF6","DBI"
"CDK9","SHC1","DBI"
"CDK9","AXIN1","DBI"
"CDK9","MAPKAPK5","DBI"
"CDK9","CDK6","DBI"
"CDK9","CDC25C","DBI"
"CDK9","CDC25B","DBI"
"CDK9","LAT","DBI"
"CDK9","GAB1","DBI"
"CDK9","PTPRA","DBI"
"CDK9","ESR1","DBI"
"CDK9","ARRB2","DBI"
"CDK9","CD28","DBI"
"CDK9","MGluR","DBI"
"CDK9","INPP5D","DBI"
"CDK9","GAB2","DBI"
"CDK9","FGFR2","DBI"
"CDK9","NF2","DBI"
"CDK9","GRB10","DBI"
"CDK9","GRM5","DBI"
"CDK9","PIK3CG","DBI"
"CDK9","PPP1R14A","DBI"
"CDK9","ABI1","DBI"
"CDK9","BORA","DBI"
"CDK9","PEBP1","DBI"
"CDK9","PPP1R14B","DBI"
"CDK9","MAPK3","DIAPH1"
"CDK9","GSK3B/Axin/APC","DIAPH1"
"CDK9","AURKA","DIAPH1"
"CDK9","PRKCD","DIAPH1"
"CDK9","MAPK1","DIAPH1"
"CDK9","CSNK2A1","DIAPH1"
"CDK9","CDK1","DIAPH1"
"CDK9","PRKCA","DIAPH1"
"CDK9","PTPN6","DIAPH1"
"CDK9","MAPK14","DIAPH1"
"CDK9","PTPRC","DIAPH1"
"CDK9","Gbeta","DIAPH1"
"CDK9","CSNK1D","DIAPH1"
"CDK9","PLK1","DIAPH1"
"CDK9","TGFBR1","DIAPH1"
"CDK9","ABL1","DIAPH1"
"CDK9","CDK2","DIAPH1"
"CDK9","RPS6KA1","DIAPH1"
"CDK9","PAK6","DIAPH1"
"CDK9","GSK3B","DIAPH1"
"CDK9","PPP1R2","DIAPH1"
"CDK9","CDK5","DIAPH1"
"CDK9","MAP3K1","DIAPH1"
"CDK9","AKT","DIAPH1"
"CDK9","PRKD1","DIAPH1"
"CDK9","IRS1","DIAPH1"
"CDK9","PIK3CA","DIAPH1"
"CDK9","PTK2","DIAPH1"
"CDK9","CyclinE/CDK2","DIAPH1"
"CDK9","RNF111","DIAPH1"
"CDK9","mTORC1","DIAPH1"
"CDK9","RASSF1","DIAPH1"
"CDK9","ADRA2A","DIAPH1"
"CDK9","CDK3","DIAPH1"
"CDK9","GRB2","DIAPH1"
"CDK9","PTK6","DIAPH1"
"CDK9","ZAP70","DIAPH1"
"CDK9","TRAF6","DIAPH1"
"CDK9","SHC1","DIAPH1"
"CDK9","AXIN1","DIAPH1"
"CDK9","MAPKAPK5","DIAPH1"
"CDK9","CDK6","DIAPH1"
"CDK9","CDC25C","DIAPH1"
"CDK9","CDC25B","DIAPH1"
"CDK9","LAT","DIAPH1"
"CDK9","GAB1","DIAPH1"
"CDK9","PTPRA","DIAPH1"
"CDK9","ESR1","DIAPH1"
"CDK9","ARRB2","DIAPH1"
"CDK9","CD28","DIAPH1"
"CDK9","MGluR","DIAPH1"
"CDK9","INPP5D","DIAPH1"
"CDK9","GAB2","DIAPH1"
"CDK9","FGFR2","DIAPH1"
"CDK9","NF2","DIAPH1"
"CDK9","GRB10","DIAPH1"
"CDK9","GRM5","DIAPH1"
"CDK9","PIK3CG","DIAPH1"
"CDK9","PPP1R14A","DIAPH1"
"CDK9","ABI1","DIAPH1"
"CDK9","BORA","DIAPH1"
"CDK9","PEBP1","DIAPH1"
"CDK9","PPP1R14B","DIAPH1"
"CDK9","MAPK3","PPP1R12B"
"CDK9","GSK3B/Axin/APC","PPP1R12B"
"CDK9","AURKA","PPP1R12B"
"CDK9","PRKCD","PPP1R12B"
"CDK9","MAPK1","PPP1R12B"
"CDK9","CSNK2A1","PPP1R12B"
"CDK9","CDK1","PPP1R12B"
"CDK9","PRKCA","PPP1R12B"
"CDK9","PTPN6","PPP1R12B"
"CDK9","MAPK14","PPP1R12B"
"CDK9","PTPRC","PPP1R12B"
"CDK9","ERK1/2","PPP1R12B"
"CDK9","Gbeta","PPP1R12B"
"CDK9","CSNK1D","PPP1R12B"
"CDK9","PLK1","PPP1R12B"
"CDK9","LCK","PPP1R12B"
"CDK9","TGFBR1","PPP1R12B"
"CDK9","ABL1","PPP1R12B"
"CDK9","CDK2","PPP1R12B"
"CDK9","RPS6KA1","PPP1R12B"
"CDK9","PAK6","PPP1R12B"
"CDK9","GSK3B","PPP1R12B"
"CDK9","PPP1R2","PPP1R12B"
"CDK9","CDK5","PPP1R12B"
"CDK9","MAP3K1","PPP1R12B"
"CDK9","AKT","PPP1R12B"
"CDK9","PRKD1","PPP1R12B"
"CDK9","IRS1","PPP1R12B"
"CDK9","PIK3CA","PPP1R12B"
"CDK9","PTK2","PPP1R12B"
"CDK9","CyclinE/CDK2","PPP1R12B"
"CDK9","RNF111","PPP1R12B"
"CDK9","mTORC1","PPP1R12B"
"CDK9","RASSF1","PPP1R12B"
"CDK9","ADRA2A","PPP1R12B"
"CDK9","CDK3","PPP1R12B"
"CDK9","GRB2","PPP1R12B"
"CDK9","PTK6","PPP1R12B"
"CDK9","ZAP70","PPP1R12B"
"CDK9","NCOA2","PPP1R12B"
"CDK9","TRAF6","PPP1R12B"
"CDK9","SHC1","PPP1R12B"
"CDK9","AXIN1","PPP1R12B"
"CDK9","MAPKAPK5","PPP1R12B"
"CDK9","CDK6","PPP1R12B"
"CDK9","CDC25C","PPP1R12B"
"CDK9","CDC25B","PPP1R12B"
"CDK9","LAT","PPP1R12B"
"CDK9","GAB1","PPP1R12B"
"CDK9","PTPRA","PPP1R12B"
"CDK9","ESR1","PPP1R12B"
"CDK9","ARRB2","PPP1R12B"
"CDK9","CD28","PPP1R12B"
"CDK9","NR3C1","PPP1R12B"
"CDK9","MGluR","PPP1R12B"
"CDK9","INPP5D","PPP1R12B"
"CDK9","GAB2","PPP1R12B"
"CDK9","FGFR2","PPP1R12B"
"CDK9","NF2","PPP1R12B"
"CDK9","GRB10","PPP1R12B"
"CDK9","GRM5","PPP1R12B"
"CDK9","PIK3CG","PPP1R12B"
"CDK9","PPP1R14A","PPP1R12B"
"CDK9","ABI1","PPP1R12B"
"CDK9","BORA","PPP1R12B"
"CDK9","PEBP1","PPP1R12B"
"CDK9","PPP1R14B","PPP1R12B"
"CDK9","MAPK3","SSBP3"
"CDK9","GSK3B/Axin/APC","SSBP3"
"CDK9","AURKA","SSBP3"
"CDK9","PRKCD","SSBP3"
"CDK9","MAPK1","SSBP3"
"CDK9","CSNK2A1","SSBP3"
"CDK9","CDK1","SSBP3"
"CDK9","PRKCA","SSBP3"
"CDK9","PTPN6","SSBP3"
"CDK9","MAPK14","SSBP3"
"CDK9","PTPRC","SSBP3"
"CDK9","ERK1/2","SSBP3"
"CDK9","Gbeta","SSBP3"
"CDK9","CSNK1D","SSBP3"
"CDK9","PLK1","SSBP3"
"CDK9","TGFBR1","SSBP3"
"CDK9","ABL1","SSBP3"
"CDK9","CDK2","SSBP3"
"CDK9","RPS6KA1","SSBP3"
"CDK9","PAK6","SSBP3"
"CDK9","GSK3B","SSBP3"
"CDK9","PPP1R2","SSBP3"
"CDK9","CDK5","SSBP3"
"CDK9","MAP3K1","SSBP3"
"CDK9","AKT","SSBP3"
"CDK9","PRKD1","SSBP3"
"CDK9","IRS1","SSBP3"
"CDK9","PIK3CA","SSBP3"
"CDK9","PTK2","SSBP3"
"CDK9","CyclinE/CDK2","SSBP3"
"CDK9","RNF111","SSBP3"
"CDK9","mTORC1","SSBP3"
"CDK9","RASSF1","SSBP3"
"CDK9","ADRA2A","SSBP3"
"CDK9","CDK3","SSBP3"
"CDK9","GRB2","SSBP3"
"CDK9","PTK6","SSBP3"
"CDK9","ZAP70","SSBP3"
"CDK9","TRAF6","SSBP3"
"CDK9","SHC1","SSBP3"
"CDK9","AXIN1","SSBP3"
"CDK9","MAPKAPK5","SSBP3"
"CDK9","CDK6","SSBP3"
"CDK9","CDC25C","SSBP3"
"CDK9","CDC25B","SSBP3"
"CDK9","LAT","SSBP3"
"CDK9","GAB1","SSBP3"
"CDK9","PTPRA","SSBP3"
"CDK9","ESR1","SSBP3"
"CDK9","ARRB2","SSBP3"
"CDK9","CD28","SSBP3"
"CDK9","MGluR","SSBP3"
"CDK9","INPP5D","SSBP3"
"CDK9","GAB2","SSBP3"
"CDK9","FGFR2","SSBP3"
"CDK9","NF2","SSBP3"
"CDK9","GRB10","SSBP3"
"CDK9","GRM5","SSBP3"
"CDK9","PIK3CG","SSBP3"
"CDK9","PPP1R14A","SSBP3"
"CDK9","ABI1","SSBP3"
"CDK9","BORA","SSBP3"
"CDK9","PEBP1","SSBP3"
"CDK9","PPP1R14B","SSBP3"
"CDK9","GSK3B/Axin/APC","TRPV3"
"CDK9","AURKA","TRPV3"
"CDK9","PRKCD","TRPV3"
"CDK9","MAPK1","TRPV3"
"CDK9","CSNK2A1","TRPV3"
"CDK9","CDK1","TRPV3"
"CDK9","PRKCA","TRPV3"
"CDK9","PTPN6","TRPV3"
"CDK9","MAPK14","TRPV3"
"CDK9","PTPRC","TRPV3"
"CDK9","ERK1/2","TRPV3"
"CDK9","Gbeta","TRPV3"
"CDK9","CSNK1D","TRPV3"
"CDK9","PLK1","TRPV3"
"CDK9","TGFBR1","TRPV3"
"CDK9","ABL1","TRPV3"
"CDK9","CDK2","TRPV3"
"CDK9","RPS6KA1","TRPV3"
"CDK9","PAK6","TRPV3"
"CDK9","GSK3B","TRPV3"
"CDK9","PPP1R2","TRPV3"
"CDK9","CDK5","TRPV3"
"CDK9","MAP3K1","TRPV3"
"CDK9","AKT","TRPV3"
"CDK9","PRKD1","TRPV3"
"CDK9","IRS1","TRPV3"
"CDK9","PIK3CA","TRPV3"
"CDK9","PTK2","TRPV3"
"CDK9","CyclinE/CDK2","TRPV3"
"CDK9","RNF111","TRPV3"
"CDK9","mTORC1","TRPV3"
"CDK9","RASSF1","TRPV3"
"CDK9","ADRA2A","TRPV3"
"CDK9","CDK3","TRPV3"
"CDK9","GRB2","TRPV3"
"CDK9","PTK6","TRPV3"
"CDK9","ZAP70","TRPV3"
"CDK9","TRAF6","TRPV3"
"CDK9","SHC1","TRPV3"
"CDK9","AXIN1","TRPV3"
"CDK9","MAPKAPK5","TRPV3"
"CDK9","CDK6","TRPV3"
"CDK9","CDC25C","TRPV3"
"CDK9","CDC25B","TRPV3"
"CDK9","LAT","TRPV3"
"CDK9","GAB1","TRPV3"
"CDK9","PTPRA","TRPV3"
"CDK9","ESR1","TRPV3"
"CDK9","ARRB2","TRPV3"
"CDK9","CD28","TRPV3"
"CDK9","MGluR","TRPV3"
"CDK9","INPP5D","TRPV3"
"CDK9","GAB2","TRPV3"
"CDK9","FGFR2","TRPV3"
"CDK9","NF2","TRPV3"
"CDK9","GRB10","TRPV3"
"CDK9","GRM5","TRPV3"
"CDK9","PIK3CG","TRPV3"
"CDK9","PPP1R14A","TRPV3"
"CDK9","ABI1","TRPV3"
"CDK9","BORA","TRPV3"
"CDK9","PEBP1","TRPV3"
"CDK9","PPP1R14B","TRPV3"
"CDK9","MAPK3","PLSCR3"
"CDK9","GSK3B/Axin/APC","PLSCR3"
"CDK9","AURKA","PLSCR3"
"CDK9","MAPK1","PLSCR3"
"CDK9","CSNK2A1","PLSCR3"
"CDK9","CDK1","PLSCR3"
"CDK9","PRKCA","PLSCR3"
"CDK9","PTPN6","PLSCR3"
"CDK9","MAPK14","PLSCR3"
"CDK9","PTPRC","PLSCR3"
"CDK9","ERK1/2","PLSCR3"
"CDK9","Gbeta","PLSCR3"
"CDK9","CSNK1D","PLSCR3"
"CDK9","PLK1","PLSCR3"
"CDK9","TGFBR1","PLSCR3"
"CDK9","ABL1","PLSCR3"
"CDK9","CDK2","PLSCR3"
"CDK9","RPS6KA1","PLSCR3"
"CDK9","PAK6","PLSCR3"
"CDK9","GSK3B","PLSCR3"
"CDK9","PPP1R2","PLSCR3"
"CDK9","CDK5","PLSCR3"
"CDK9","MAP3K1","PLSCR3"
"CDK9","AKT","PLSCR3"
"CDK9","PRKD1","PLSCR3"
"CDK9","IRS1","PLSCR3"
"CDK9","PIK3CA","PLSCR3"
"CDK9","PTK2","PLSCR3"
"CDK9","CyclinE/CDK2","PLSCR3"
"CDK9","RNF111","PLSCR3"
"CDK9","mTORC1","PLSCR3"
"CDK9","RASSF1","PLSCR3"
"CDK9","ADRA2A","PLSCR3"
"CDK9","CDK3","PLSCR3"
"CDK9","GRB2","PLSCR3"
"CDK9","PTK6","PLSCR3"
"CDK9","ZAP70","PLSCR3"
"CDK9","TRAF6","PLSCR3"
"CDK9","SHC1","PLSCR3"
"CDK9","AXIN1","PLSCR3"
"CDK9","MAPKAPK5","PLSCR3"
"CDK9","CDK6","PLSCR3"
"CDK9","CDC25C","PLSCR3"
"CDK9","CDC25B","PLSCR3"
"CDK9","LAT","PLSCR3"
"CDK9","GAB1","PLSCR3"
"CDK9","PTPRA","PLSCR3"
"CDK9","ESR1","PLSCR3"
"CDK9","ARRB2","PLSCR3"
"CDK9","CD28","PLSCR3"
"CDK9","MGluR","PLSCR3"
"CDK9","INPP5D","PLSCR3"
"CDK9","GAB2","PLSCR3"
"CDK9","FGFR2","PLSCR3"
"CDK9","NF2","PLSCR3"
"CDK9","GRB10","PLSCR3"
"CDK9","GRM5","PLSCR3"
"CDK9","PIK3CG","PLSCR3"
"CDK9","PPP1R14A","PLSCR3"
"CDK9","ABI1","PLSCR3"
"CDK9","BORA","PLSCR3"
"CDK9","PEBP1","PLSCR3"
"CDK9","PPP1R14B","PLSCR3"
"CDK9","MAPK3","ATP5PO"
"CDK9","GSK3B/Axin/APC","ATP5PO"
"CDK9","AURKA","ATP5PO"
"CDK9","PRKCD","ATP5PO"
"CDK9","MAPK1","ATP5PO"
"CDK9","CSNK2A1","ATP5PO"
"CDK9","CDK1","ATP5PO"
"CDK9","PRKCA","ATP5PO"
"CDK9","PTPN6","ATP5PO"
"CDK9","MAPK14","ATP5PO"
"CDK9","PTPRC","ATP5PO"
"CDK9","ERK1/2","ATP5PO"
"CDK9","Gbeta","ATP5PO"
"CDK9","CSNK1D","ATP5PO"
"CDK9","PLK1","ATP5PO"
"CDK9","LCK","ATP5PO"
"CDK9","TGFBR1","ATP5PO"
"CDK9","ABL1","ATP5PO"
"CDK9","CDK2","ATP5PO"
"CDK9","RPS6KA1","ATP5PO"
"CDK9","PAK6","ATP5PO"
"CDK9","PPP1R2","ATP5PO"
"CDK9","CDK5","ATP5PO"
"CDK9","MAP3K1","ATP5PO"
"CDK9","AKT","ATP5PO"
"CDK9","PRKD1","ATP5PO"
"CDK9","IRS1","ATP5PO"
"CDK9","PIK3CA","ATP5PO"
"CDK9","PTK2","ATP5PO"
"CDK9","CyclinE/CDK2","ATP5PO"
"CDK9","RNF111","ATP5PO"
"CDK9","mTORC1","ATP5PO"
"CDK9","RASSF1","ATP5PO"
"CDK9","ADRA2A","ATP5PO"
"CDK9","CDK3","ATP5PO"
"CDK9","GRB2","ATP5PO"
"CDK9","PTK6","ATP5PO"
"CDK9","ZAP70","ATP5PO"
"CDK9","NCOA2","ATP5PO"
"CDK9","TRAF6","ATP5PO"
"CDK9","SHC1","ATP5PO"
"CDK9","AXIN1","ATP5PO"
"CDK9","MAPKAPK5","ATP5PO"
"CDK9","CDK6","ATP5PO"
"CDK9","CDC25C","ATP5PO"
"CDK9","CDC25B","ATP5PO"
"CDK9","LAT","ATP5PO"
"CDK9","GAB1","ATP5PO"
"CDK9","PTPRA","ATP5PO"
"CDK9","ESR1","ATP5PO"
"CDK9","ARRB2","ATP5PO"
"CDK9","CD28","ATP5PO"
"CDK9","NR3C1","ATP5PO"
"CDK9","MGluR","ATP5PO"
"CDK9","INPP5D","ATP5PO"
"CDK9","GAB2","ATP5PO"
"CDK9","FGFR2","ATP5PO"
"CDK9","NF2","ATP5PO"
"CDK9","GRB10","ATP5PO"
"CDK9","GRM5","ATP5PO"
"CDK9","PIK3CG","ATP5PO"
"CDK9","PPP1R14A","ATP5PO"
"CDK9","ABI1","ATP5PO"
"CDK9","BORA","ATP5PO"
"CDK9","PEBP1","ATP5PO"
"CDK9","PPP1R14B","ATP5PO"
"CDK9","MAPK3","RELB"
"CDK9","GSK3B/Axin/APC","RELB"
"CDK9","AURKA","RELB"
"CDK9","PRKCD","RELB"
"CDK9","MAPK1","RELB"
"CDK9","CSNK2A1","RELB"
"CDK9","CDK1","RELB"
"CDK9","PRKCA","RELB"
"CDK9","PTPN6","RELB"
"CDK9","MAPK14","RELB"
"CDK9","PTPRC","RELB"
"CDK9","ERK1/2","RELB"
"CDK9","Gbeta","RELB"
"CDK9","CSNK1D","RELB"
"CDK9","PLK1","RELB"
"CDK9","LCK","RELB"
"CDK9","TGFBR1","RELB"
"CDK9","ABL1","RELB"
"CDK9","CDK2","RELB"
"CDK9","RPS6KA1","RELB"
"CDK9","PAK6","RELB"
"CDK9","GSK3B","RELB"
"CDK9","PPP1R2","RELB"
"CDK9","CDK5","RELB"
"CDK9","MAP3K1","RELB"
"CDK9","AKT","RELB"
"CDK9","PRKD1","RELB"
"CDK9","IRS1","RELB"
"CDK9","PIK3CA","RELB"
"CDK9","PTK2","RELB"
"CDK9","CyclinE/CDK2","RELB"
"CDK9","RNF111","RELB"
"CDK9","mTORC1","RELB"
"CDK9","RASSF1","RELB"
"CDK9","ADRA2A","RELB"
"CDK9","CDK3","RELB"
"CDK9","GRB2","RELB"
"CDK9","PTK6","RELB"
"CDK9","ZAP70","RELB"
"CDK9","NCOA2","RELB"
"CDK9","TRAF6","RELB"
"CDK9","SHC1","RELB"
"CDK9","AXIN1","RELB"
"CDK9","MAPKAPK5","RELB"
"CDK9","CDK6","RELB"
"CDK9","CDC25C","RELB"
"CDK9","CDC25B","RELB"
"CDK9","LAT","RELB"
"CDK9","GAB1","RELB"
"CDK9","PTPRA","RELB"
"CDK9","ESR1","RELB"
"CDK9","ARRB2","RELB"
"CDK9","CD28","RELB"
"CDK9","NR3C1","RELB"
"CDK9","MGluR","RELB"
"CDK9","INPP5D","RELB"
"CDK9","GAB2","RELB"
"CDK9","FGFR2","RELB"
"CDK9","NF2","RELB"
"CDK9","GRB10","RELB"
"CDK9","GRM5","RELB"
"CDK9","PIK3CG","RELB"
"CDK9","PPP1R14A","RELB"
"CDK9","ABI1","RELB"
"CDK9","BORA","RELB"
"CDK9","PEBP1","RELB"
"CDK9","PPP1R14B","RELB"
"CDK9","MAPK3","RFX5"
"CDK9","GSK3B/Axin/APC","RFX5"
"CDK9","AURKA","RFX5"
"CDK9","PRKCD","RFX5"
"CDK9","MAPK1","RFX5"
"CDK9","CSNK2A1","RFX5"
"CDK9","CDK1","RFX5"
"CDK9","PRKCA","RFX5"
"CDK9","PTPN6","RFX5"
"CDK9","MAPK14","RFX5"
"CDK9","PTPRC","RFX5"
"CDK9","ERK1/2","RFX5"
"CDK9","Gbeta","RFX5"
"CDK9","CSNK1D","RFX5"
"CDK9","PLK1","RFX5"
"CDK9","LCK","RFX5"
"CDK9","TGFBR1","RFX5"
"CDK9","ABL1","RFX5"
"CDK9","CDK2","RFX5"
"CDK9","RPS6KA1","RFX5"
"CDK9","PAK6","RFX5"
"CDK9","PPP1R2","RFX5"
"CDK9","CDK5","RFX5"
"CDK9","MAP3K1","RFX5"
"CDK9","AKT","RFX5"
"CDK9","PRKD1","RFX5"
"CDK9","IRS1","RFX5"
"CDK9","PIK3CA","RFX5"
"CDK9","PTK2","RFX5"
"CDK9","CyclinE/CDK2","RFX5"
"CDK9","RNF111","RFX5"
"CDK9","mTORC1","RFX5"
"CDK9","RASSF1","RFX5"
"CDK9","ADRA2A","RFX5"
"CDK9","CDK3","RFX5"
"CDK9","GRB2","RFX5"
"CDK9","PTK6","RFX5"
"CDK9","ZAP70","RFX5"
"CDK9","NCOA2","RFX5"
"CDK9","TRAF6","RFX5"
"CDK9","SHC1","RFX5"
"CDK9","AXIN1","RFX5"
"CDK9","MAPKAPK5","RFX5"
"CDK9","CDK6","RFX5"
"CDK9","CDC25C","RFX5"
"CDK9","CDC25B","RFX5"
"CDK9","LAT","RFX5"
"CDK9","GAB1","RFX5"
"CDK9","PTPRA","RFX5"
"CDK9","ESR1","RFX5"
"CDK9","ARRB2","RFX5"
"CDK9","CD28","RFX5"
"CDK9","NR3C1","RFX5"
"CDK9","MGluR","RFX5"
"CDK9","INPP5D","RFX5"
"CDK9","GAB2","RFX5"
"CDK9","FGFR2","RFX5"
"CDK9","NF2","RFX5"
"CDK9","GRB10","RFX5"
"CDK9","GRM5","RFX5"
"CDK9","PIK3CG","RFX5"
"CDK9","PPP1R14A","RFX5"
"CDK9","ABI1","RFX5"
"CDK9","BORA","RFX5"
"CDK9","PEBP1","RFX5"
"CDK9","PPP1R14B","RFX5"
"CDK9","MAPK3","NCF4"
"CDK9","GSK3B/Axin/APC","NCF4"
"CDK9","AURKA","NCF4"
"CDK9","MAPK1","NCF4"
"CDK9","CSNK2A1","NCF4"
"CDK9","CDK1","NCF4"
"CDK9","PRKCA","NCF4"
"CDK9","PTPN6","NCF4"
"CDK9","MAPK14","NCF4"
"CDK9","PTPRC","NCF4"
"CDK9","ERK1/2","NCF4"
"CDK9","Gbeta","NCF4"
"CDK9","CSNK1D","NCF4"
"CDK9","PLK1","NCF4"
"CDK9","TGFBR1","NCF4"
"CDK9","ABL1","NCF4"
"CDK9","CDK2","NCF4"
"CDK9","RPS6KA1","NCF4"
"CDK9","PAK6","NCF4"
"CDK9","GSK3B","NCF4"
"CDK9","PPP1R2","NCF4"
"CDK9","CDK5","NCF4"
"CDK9","MAP3K1","NCF4"
"CDK9","AKT","NCF4"
"CDK9","PRKD1","NCF4"
"CDK9","IRS1","NCF4"
"CDK9","PIK3CA","NCF4"
"CDK9","PTK2","NCF4"
"CDK9","CyclinE/CDK2","NCF4"
"CDK9","RNF111","NCF4"
"CDK9","mTORC1","NCF4"
"CDK9","RASSF1","NCF4"
"CDK9","ADRA2A","NCF4"
"CDK9","CDK3","NCF4"
"CDK9","GRB2","NCF4"
"CDK9","PTK6","NCF4"
"CDK9","ZAP70","NCF4"
"CDK9","TRAF6","NCF4"
"CDK9","SHC1","NCF4"
"CDK9","AXIN1","NCF4"
"CDK9","MAPKAPK5","NCF4"
"CDK9","CDK6","NCF4"
"CDK9","CDC25C","NCF4"
"CDK9","CDC25B","NCF4"
"CDK9","LAT","NCF4"
"CDK9","GAB1","NCF4"
"CDK9","PTPRA","NCF4"
"CDK9","ESR1","NCF4"
"CDK9","ARRB2","NCF4"
"CDK9","CD28","NCF4"
"CDK9","MGluR","NCF4"
"CDK9","INPP5D","NCF4"
"CDK9","GAB2","NCF4"
"CDK9","FGFR2","NCF4"
"CDK9","NF2","NCF4"
"CDK9","GRB10","NCF4"
"CDK9","GRM5","NCF4"
"CDK9","PIK3CG","NCF4"
"CDK9","PPP1R14A","NCF4"
"CDK9","ABI1","NCF4"
"CDK9","BORA","NCF4"
"CDK9","PEBP1","NCF4"
"CDK9","PPP1R14B","NCF4"
"CDK9","MAPK3","HAVCR2"
"CDK9","GSK3B/Axin/APC","HAVCR2"
"CDK9","AURKA","HAVCR2"
"CDK9","PRKCD","HAVCR2"
"CDK9","MAPK1","HAVCR2"
"CDK9","CSNK2A1","HAVCR2"
"CDK9","CDK1","HAVCR2"
"CDK9","PRKCA","HAVCR2"
"CDK9","PTPN6","HAVCR2"
"CDK9","MAPK14","HAVCR2"
"CDK9","PTPRC","HAVCR2"
"CDK9","ERK1/2","HAVCR2"
"CDK9","Gbeta","HAVCR2"
"CDK9","CSNK1D","HAVCR2"
"CDK9","PLK1","HAVCR2"
"CDK9","TGFBR1","HAVCR2"
"CDK9","ABL1","HAVCR2"
"CDK9","CDK2","HAVCR2"
"CDK9","RPS6KA1","HAVCR2"
"CDK9","PAK6","HAVCR2"
"CDK9","GSK3B","HAVCR2"
"CDK9","PPP1R2","HAVCR2"
"CDK9","CDK5","HAVCR2"
"CDK9","MAP3K1","HAVCR2"
"CDK9","AKT","HAVCR2"
"CDK9","PRKD1","HAVCR2"
"CDK9","IRS1","HAVCR2"
"CDK9","PIK3CA","HAVCR2"
"CDK9","PTK2","HAVCR2"
"CDK9","CyclinE/CDK2","HAVCR2"
"CDK9","RNF111","HAVCR2"
"CDK9","mTORC1","HAVCR2"
"CDK9","RASSF1","HAVCR2"
"CDK9","ADRA2A","HAVCR2"
"CDK9","CDK3","HAVCR2"
"CDK9","GRB2","HAVCR2"
"CDK9","PTK6","HAVCR2"
"CDK9","ZAP70","HAVCR2"
"CDK9","TRAF6","HAVCR2"
"CDK9","SHC1","HAVCR2"
"CDK9","AXIN1","HAVCR2"
"CDK9","MAPKAPK5","HAVCR2"
"CDK9","CDK6","HAVCR2"
"CDK9","CDC25C","HAVCR2"
"CDK9","CDC25B","HAVCR2"
"CDK9","LAT","HAVCR2"
"CDK9","GAB1","HAVCR2"
"CDK9","PTPRA","HAVCR2"
"CDK9","ESR1","HAVCR2"
"CDK9","ARRB2","HAVCR2"
"CDK9","CD28","HAVCR2"
"CDK9","MGluR","HAVCR2"
"CDK9","INPP5D","HAVCR2"
"CDK9","GAB2","HAVCR2"
"CDK9","FGFR2","HAVCR2"
"CDK9","NF2","HAVCR2"
"CDK9","GRB10","HAVCR2"
"CDK9","GRM5","HAVCR2"
"CDK9","PIK3CG","HAVCR2"
"CDK9","PPP1R14A","HAVCR2"
"CDK9","ABI1","HAVCR2"
"CDK9","BORA","HAVCR2"
"CDK9","PEBP1","HAVCR2"
"CDK9","PPP1R14B","HAVCR2"
"CDK9","MAPK3","NR1H2"
"CDK9","GSK3B/Axin/APC","NR1H2"
"CDK9","AURKA","NR1H2"
"CDK9","PRKCD","NR1H2"
"CDK9","MAPK1","NR1H2"
"CDK9","CSNK2A1","NR1H2"
"CDK9","CDK1","NR1H2"
"CDK9","PRKCA","NR1H2"
"CDK9","PTPN6","NR1H2"
"CDK9","MAPK14","NR1H2"
"CDK9","PTPRC","NR1H2"
"CDK9","ERK1/2","NR1H2"
"CDK9","Gbeta","NR1H2"
"CDK9","CSNK1D","NR1H2"
"CDK9","PLK1","NR1H2"
"CDK9","LCK","NR1H2"
"CDK9","TGFBR1","NR1H2"
"CDK9","ABL1","NR1H2"
"CDK9","CDK2","NR1H2"
"CDK9","RPS6KA1","NR1H2"
"CDK9","PAK6","NR1H2"
"CDK9","GSK3B","NR1H2"
"CDK9","PPP1R2","NR1H2"
"CDK9","CDK5","NR1H2"
"CDK9","MAP3K1","NR1H2"
"CDK9","AKT","NR1H2"
"CDK9","PRKD1","NR1H2"
"CDK9","IRS1","NR1H2"
"CDK9","PIK3CA","NR1H2"
"CDK9","PTK2","NR1H2"
"CDK9","CyclinE/CDK2","NR1H2"
"CDK9","RNF111","NR1H2"
"CDK9","mTORC1","NR1H2"
"CDK9","RASSF1","NR1H2"
"CDK9","ADRA2A","NR1H2"
"CDK9","CDK3","NR1H2"
"CDK9","GRB2","NR1H2"
"CDK9","PTK6","NR1H2"
"CDK9","ZAP70","NR1H2"
"CDK9","TRAF6","NR1H2"
"CDK9","SHC1","NR1H2"
"CDK9","AXIN1","NR1H2"
"CDK9","MAPKAPK5","NR1H2"
"CDK9","CDK6","NR1H2"
"CDK9","CDC25C","NR1H2"
"CDK9","CDC25B","NR1H2"
"CDK9","LAT","NR1H2"
"CDK9","GAB1","NR1H2"
"CDK9","PTPRA","NR1H2"
"CDK9","ESR1","NR1H2"
"CDK9","ARRB2","NR1H2"
"CDK9","CD28","NR1H2"
"CDK9","NR3C1","NR1H2"
"CDK9","MGluR","NR1H2"
"CDK9","INPP5D","NR1H2"
"CDK9","GAB2","NR1H2"
"CDK9","FGFR2","NR1H2"
"CDK9","NF2","NR1H2"
"CDK9","GRB10","NR1H2"
"CDK9","GRM5","NR1H2"
"CDK9","PIK3CG","NR1H2"
"CDK9","PPP1R14A","NR1H2"
"CDK9","ABI1","NR1H2"
"CDK9","BORA","NR1H2"
"CDK9","PEBP1","NR1H2"
"CDK9","PPP1R14B","NR1H2"
"CDK9","MAPK3","HACE1"
"CDK9","GSK3B/Axin/APC","HACE1"
"CDK9","AURKA","HACE1"
"CDK9","PRKCD","HACE1"
"CDK9","MAPK1","HACE1"
"CDK9","CSNK2A1","HACE1"
"CDK9","CDK1","HACE1"
"CDK9","PRKCA","HACE1"
"CDK9","PTPN6","HACE1"
"CDK9","MAPK14","HACE1"
"CDK9","PTPRC","HACE1"
"CDK9","ERK1/2","HACE1"
"CDK9","Gbeta","HACE1"
"CDK9","CSNK1D","HACE1"
"CDK9","PLK1","HACE1"
"CDK9","LCK","HACE1"
"CDK9","TGFBR1","HACE1"
"CDK9","ABL1","HACE1"
"CDK9","CDK2","HACE1"
"CDK9","RPS6KA1","HACE1"
"CDK9","PAK6","HACE1"
"CDK9","GSK3B","HACE1"
"CDK9","PPP1R2","HACE1"
"CDK9","CDK5","HACE1"
"CDK9","MAP3K1","HACE1"
"CDK9","AKT","HACE1"
"CDK9","PRKD1","HACE1"
"CDK9","IRS1","HACE1"
"CDK9","PIK3CA","HACE1"
"CDK9","PTK2","HACE1"
"CDK9","CyclinE/CDK2","HACE1"
"CDK9","RNF111","HACE1"
"CDK9","mTORC1","HACE1"
"CDK9","RASSF1","HACE1"
"CDK9","ADRA2A","HACE1"
"CDK9","CDK3","HACE1"
"CDK9","GRB2","HACE1"
"CDK9","PTK6","HACE1"
"CDK9","ZAP70","HACE1"
"CDK9","NCOA2","HACE1"
"CDK9","TRAF6","HACE1"
"CDK9","SHC1","HACE1"
"CDK9","AXIN1","HACE1"
"CDK9","MAPKAPK5","HACE1"
"CDK9","CDK6","HACE1"
"CDK9","CDC25C","HACE1"
"CDK9","CDC25B","HACE1"
"CDK9","LAT","HACE1"
"CDK9","GAB1","HACE1"
"CDK9","PTPRA","HACE1"
"CDK9","ESR1","HACE1"
"CDK9","ARRB2","HACE1"
"CDK9","CD28","HACE1"
"CDK9","NR3C1","HACE1"
"CDK9","MGluR","HACE1"
"CDK9","INPP5D","HACE1"
"CDK9","GAB2","HACE1"
"CDK9","FGFR2","HACE1"
"CDK9","NF2","HACE1"
"CDK9","GRB10","HACE1"
"CDK9","GRM5","HACE1"
"CDK9","PIK3CG","HACE1"
"CDK9","PPP1R14A","HACE1"
"CDK9","ABI1","HACE1"
"CDK9","BORA","HACE1"
"CDK9","PEBP1","HACE1"
"CDK9","PPP1R14B","HACE1"
"CDK9","MAPK3","PHB"
"CDK9","GSK3B/Axin/APC","PHB"
"CDK9","AURKA","PHB"
"CDK9","PRKCD","PHB"
"CDK9","MAPK1","PHB"
"CDK9","CSNK2A1","PHB"
"CDK9","CDK1","PHB"
"CDK9","PRKCA","PHB"
"CDK9","PTPN6","PHB"
"CDK9","MAPK14","PHB"
"CDK9","PTPRC","PHB"
"CDK9","ERK1/2","PHB"
"CDK9","Gbeta","PHB"
"CDK9","CSNK1D","PHB"
"CDK9","PLK1","PHB"
"CDK9","LCK","PHB"
"CDK9","TGFBR1","PHB"
"CDK9","ABL1","PHB"
"CDK9","CDK2","PHB"
"CDK9","RPS6KA1","PHB"
"CDK9","PAK6","PHB"
"CDK9","GSK3B","PHB"
"CDK9","PPP1R2","PHB"
"CDK9","CDK5","PHB"
"CDK9","MAP3K1","PHB"
"CDK9","AKT","PHB"
"CDK9","PRKD1","PHB"
"CDK9","IRS1","PHB"
"CDK9","PIK3CA","PHB"
"CDK9","PTK2","PHB"
"CDK9","CyclinE/CDK2","PHB"
"CDK9","RNF111","PHB"
"CDK9","mTORC1","PHB"
"CDK9","RASSF1","PHB"
"CDK9","ADRA2A","PHB"
"CDK9","CDK3","PHB"
"CDK9","GRB2","PHB"
"CDK9","PTK6","PHB"
"CDK9","ZAP70","PHB"
"CDK9","NCOA2","PHB"
"CDK9","TRAF6","PHB"
"CDK9","SHC1","PHB"
"CDK9","AXIN1","PHB"
"CDK9","MAPKAPK5","PHB"
"CDK9","CDK6","PHB"
"CDK9","CDC25C","PHB"
"CDK9","CDC25B","PHB"
"CDK9","LAT","PHB"
"CDK9","GAB1","PHB"
"CDK9","PTPRA","PHB"
"CDK9","ESR1","PHB"
"CDK9","ARRB2","PHB"
"CDK9","CD28","PHB"
"CDK9","NR3C1","PHB"
"CDK9","MGluR","PHB"
"CDK9","INPP5D","PHB"
"CDK9","GAB2","PHB"
"CDK9","FGFR2","PHB"
"CDK9","NF2","PHB"
"CDK9","GRB10","PHB"
"CDK9","GRM5","PHB"
"CDK9","PIK3CG","PHB"
"CDK9","PPP1R14A","PHB"
"CDK9","ABI1","PHB"
"CDK9","BORA","PHB"
"CDK9","PEBP1","PHB"
"CDK9","PPP1R14B","PHB"
"CDK9","MAPK3","ESR2"
"CDK9","GSK3B/Axin/APC","ESR2"
"CDK9","AURKA","ESR2"
"CDK9","PRKCD","ESR2"
"CDK9","MAPK1","ESR2"
"CDK9","CSNK2A1","ESR2"
"CDK9","CDK1","ESR2"
"CDK9","PRKCA","ESR2"
"CDK9","PTPN6","ESR2"
"CDK9","MAPK14","ESR2"
"CDK9","PTPRC","ESR2"
"CDK9","ERK1/2","ESR2"
"CDK9","Gbeta","ESR2"
"CDK9","CSNK1D","ESR2"
"CDK9","PLK1","ESR2"
"CDK9","LCK","ESR2"
"CDK9","TGFBR1","ESR2"
"CDK9","ABL1","ESR2"
"CDK9","CDK2","ESR2"
"CDK9","RPS6KA1","ESR2"
"CDK9","PAK6","ESR2"
"CDK9","GSK3B","ESR2"
"CDK9","PPP1R2","ESR2"
"CDK9","CDK5","ESR2"
"CDK9","MAP3K1","ESR2"
"CDK9","AKT","ESR2"
"CDK9","PRKD1","ESR2"
"CDK9","IRS1","ESR2"
"CDK9","PIK3CA","ESR2"
"CDK9","PTK2","ESR2"
"CDK9","CyclinE/CDK2","ESR2"
"CDK9","RNF111","ESR2"
"CDK9","mTORC1","ESR2"
"CDK9","RASSF1","ESR2"
"CDK9","ADRA2A","ESR2"
"CDK9","CDK3","ESR2"
"CDK9","GRB2","ESR2"
"CDK9","PTK6","ESR2"
"CDK9","ZAP70","ESR2"
"CDK9","NCOA2","ESR2"
"CDK9","TRAF6","ESR2"
"CDK9","SHC1","ESR2"
"CDK9","AXIN1","ESR2"
"CDK9","MAPKAPK5","ESR2"
"CDK9","CDK6","ESR2"
"CDK9","CDC25C","ESR2"
"CDK9","CDC25B","ESR2"
"CDK9","LAT","ESR2"
"CDK9","GAB1","ESR2"
"CDK9","PTPRA","ESR2"
"CDK9","ARRB2","ESR2"
"CDK9","CD28","ESR2"
"CDK9","NR3C1","ESR2"
"CDK9","MGluR","ESR2"
"CDK9","INPP5D","ESR2"
"CDK9","GAB2","ESR2"
"CDK9","FGFR2","ESR2"
"CDK9","NF2","ESR2"
"CDK9","GRB10","ESR2"
"CDK9","GRM5","ESR2"
"CDK9","PIK3CG","ESR2"
"CDK9","PPP1R14A","ESR2"
"CDK9","ABI1","ESR2"
"CDK9","BORA","ESR2"
"CDK9","PEBP1","ESR2"
"CDK9","PPP1R14B","ESR2"
