"X1","X2","X3"
"HDAC1","RPS6KA2","MAPK3"
"HDAC1","PTEN","MAPK3"
"HDAC1","MAPK8","MAPK3"
"HDAC1","PTPRJ","MAPK3"
"HDAC1","RPS6KB1","MAPK3"
"HDAC1","MAML3","MAPK3"
"HDAC1","PAK2","MAPK3"
"HDAC1","AKT","MAPK3"
"HDAC1","RACK1","MAPK3"
"HDAC1","DAPK1","MAPK3"
"HDAC1","PXN","MAPK3"
"HDAC1","FBXW7","MAPK3"
"HDAC1","AHSA1","MAPK3"
"HDAC1","TNK2","MAPK3"
"HDAC1","YAP1","MAPK3"
"HDAC1","CD19","MAPK3"
"HDAC1","HSP90AB1","MAPK3"
"HDAC1","JAK1","MAPK3"
"HDAC1","CDKN2A","MAPK3"
"HDAC1","EPS15","MAPK3"
"HDAC1","IKK-complex","MAPK3"
"HDAC1","PTPRR","MAPK3"
"HDAC1","FLT4","MAPK3"
"HDAC1","SNW1","MAPK3"
"HDAC1","NEK6","MAPK3"
"HDAC1","LAT","MAPK3"
"HDAC1","PIN1","MAPK3"
"HDAC1","PARD6A","MAPK3"
"HDAC1","PTPRA","MAPK3"
"HDAC1","ESR1","MAPK3"
"HDAC1","EZH2","MAPK3"
"HDAC1","BCR-Dk","MAPK3"
"HDAC1","BCR-Ml","MAPK3"
"HDAC1","NOTCH","MAPK3"
"HDAC1","FERMT2","MAPK3"
"HDAC1","ZMIZ1","MAPK3"
"HDAC1","TAB3","MAPK3"
"HDAC1","NPM1","MAPK3"
"HDAC1","GCSAM","MAPK3"
"HDAC1","OPTN","MAPK3"
"HDAC1","SPRY2","MAPK3"
"HDAC1","BCR-Dl","MAPK3"
"HDAC1","DDX58","MAPK3"
"HDAC1","ROR2","MAPK3"
"HDAC1","IFIH1","MAPK3"
"HDAC1","BCR-Mk","MAPK3"
"HDAC1","PLCG2","MAPK3"
"HDAC1","AKT1","CHUK"
"HDAC1","PRKCD","CHUK"
"HDAC1","Gbeta","CHUK"
"HDAC1","KRAS","CHUK"
"HDAC1","KIT","CHUK"
"HDAC1","RPS6KB1","CHUK"
"HDAC1","EIF2AK2","CHUK"
"HDAC1","PDPK1","CHUK"
"HDAC1","CDK5","CHUK"
"HDAC1","AKT","CHUK"
"HDAC1","MAPK9","CHUK"
"HDAC1","PXN","CHUK"
"HDAC1","HSP90AB1","CHUK"
"HDAC1","DVL2","CHUK"
"HDAC1","MAPK10","CHUK"
"HDAC1","DYRK1B","CHUK"
"HDAC1","PTPN7","CHUK"
"HDAC1","CDKN2A","CHUK"
"HDAC1","SHC1","CHUK"
"HDAC1","MAPK8IP3","CHUK"
"HDAC1","AXIN1","CHUK"
"HDAC1","DUSP16","CHUK"
"HDAC1","BDKRB2","CHUK"
"HDAC1","SNW1","CHUK"
"HDAC1","PARD6A","CHUK"
"HDAC1","CEP192","CHUK"
"HDAC1","ARRB2","CHUK"
"HDAC1","BCR-Dk","CHUK"
"HDAC1","GCSAM","CHUK"
"HDAC1","OPTN","CHUK"
"HDAC1","BCR-Dl","CHUK"
"HDAC1","DDX58","CHUK"
"HDAC1","ROR2","CHUK"
"HDAC1","IFIH1","CHUK"
"HDAC1","DAB1","CHUK"
"HDAC1","PLCG2","CHUK"
"HDAC1","PTEN","SRC"
"HDAC1","MAPK8","SRC"
"HDAC1","MTOR","SRC"
"HDAC1","MAPK1","SRC"
"HDAC1","RPS6KB1","SRC"
"HDAC1","MAML3","SRC"
"HDAC1","GSK3B","SRC"
"HDAC1","FBXW7","SRC"
"HDAC1","ITK","SRC"
"HDAC1","STAT1","SRC"
"HDAC1","DVL2","SRC"
"HDAC1","MAPK10","SRC"
"HDAC1","MEK1/2","SRC"
"HDAC1","MAP4K1","SRC"
"HDAC1","SHC1","SRC"
"HDAC1","MAPK8IP3","SRC"
"HDAC1","AXIN1","SRC"
"HDAC1","MAPKAPK5","SRC"
"HDAC1","MAP3K8","SRC"
"HDAC1","PTPRR","SRC"
"HDAC1","SNW1","SRC"
"HDAC1","NEK6","SRC"
"HDAC1","PARD6A","SRC"
"HDAC1","CEP192","SRC"
"HDAC1","GAB1","SRC"
"HDAC1","ARRB2","SRC"
"HDAC1","GAB2","SRC"
"HDAC1","EZH2","SRC"
"HDAC1","BCR-Dk","SRC"
"HDAC1","GRB10","SRC"
"HDAC1","NOTCH","SRC"
"HDAC1","NCOA1","SRC"
"HDAC1","ZMIZ1","SRC"
"HDAC1","TAB3","SRC"
"HDAC1","NPM1","SRC"
"HDAC1","GCSAM","SRC"
"HDAC1","OPTN","SRC"
"HDAC1","BCR-Dl","SRC"
"HDAC1","DDX58","SRC"
"HDAC1","IFIH1","SRC"
"HDAC1","SH2B3","SRC"
"HDAC1","BCR-Mk","SRC"
"HDAC1","RPS6KA2","GSK3B/Axin/APC"
"HDAC1","MAPK8","GSK3B/Axin/APC"
"HDAC1","MTOR","GSK3B/Axin/APC"
"HDAC1","AKT1","GSK3B/Axin/APC"
"HDAC1","PRKCD","GSK3B/Axin/APC"
"HDAC1","MAPK1","GSK3B/Axin/APC"
"HDAC1","PTPN1","GSK3B/Axin/APC"
"HDAC1","Gbeta","GSK3B/Axin/APC"
"HDAC1","KRAS","GSK3B/Axin/APC"
"HDAC1","PDPK1","GSK3B/Axin/APC"
"HDAC1","GSK3B","GSK3B/Axin/APC"
"HDAC1","TGFBR2","GSK3B/Axin/APC"
"HDAC1","PAK2","GSK3B/Axin/APC"
"HDAC1","PPP1R2","GSK3B/Axin/APC"
"HDAC1","CDK5","GSK3B/Axin/APC"
"HDAC1","MAPK9","GSK3B/Axin/APC"
"HDAC1","WWTR1","GSK3B/Axin/APC"
"HDAC1","PXN","GSK3B/Axin/APC"
"HDAC1","PRKD1","GSK3B/Axin/APC"
"HDAC1","FBXW7","GSK3B/Axin/APC"
"HDAC1","AHSA1","GSK3B/Axin/APC"
"HDAC1","BTK","GSK3B/Axin/APC"
"HDAC1","TNK2","GSK3B/Axin/APC"
"HDAC1","YAP1","GSK3B/Axin/APC"
"HDAC1","STAT1","GSK3B/Axin/APC"
"HDAC1","MAPK10","GSK3B/Axin/APC"
"HDAC1","MEK1/2","GSK3B/Axin/APC"
"HDAC1","JAK1","GSK3B/Axin/APC"
"HDAC1","PTPN7","GSK3B/Axin/APC"
"HDAC1","CDKN2A","GSK3B/Axin/APC"
"HDAC1","EPS15","GSK3B/Axin/APC"
"HDAC1","SHC1","GSK3B/Axin/APC"
"HDAC1","AXIN1","GSK3B/Axin/APC"
"HDAC1","MAPKAPK5","GSK3B/Axin/APC"
"HDAC1","DUSP16","GSK3B/Axin/APC"
"HDAC1","EPHA2","GSK3B/Axin/APC"
"HDAC1","MAP3K8","GSK3B/Axin/APC"
"HDAC1","PTPRR","GSK3B/Axin/APC"
"HDAC1","BDKRB2","GSK3B/Axin/APC"
"HDAC1","BMX","GSK3B/Axin/APC"
"HDAC1","NEK6","GSK3B/Axin/APC"
"HDAC1","CTNND1","GSK3B/Axin/APC"
"HDAC1","PIN1","GSK3B/Axin/APC"
"HDAC1","CEP192","GSK3B/Axin/APC"
"HDAC1","PTPRA","GSK3B/Axin/APC"
"HDAC1","GRIP1","GSK3B/Axin/APC"
"HDAC1","INPP5D","GSK3B/Axin/APC"
"HDAC1","GAB2","GSK3B/Axin/APC"
"HDAC1","EZH2","GSK3B/Axin/APC"
"HDAC1","NCOA1","GSK3B/Axin/APC"
"HDAC1","FERMT2","GSK3B/Axin/APC"
"HDAC1","ZMIZ1","GSK3B/Axin/APC"
"HDAC1","TAB3","GSK3B/Axin/APC"
"HDAC1","NPM1","GSK3B/Axin/APC"
"HDAC1","GCSAM","GSK3B/Axin/APC"
"HDAC1","SPRY2","GSK3B/Axin/APC"
"HDAC1","DDX58","GSK3B/Axin/APC"
"HDAC1","ROR2","GSK3B/Axin/APC"
"HDAC1","IFIH1","GSK3B/Axin/APC"
"HDAC1","DAB1","GSK3B/Axin/APC"
"HDAC1","BCR-Mk","GSK3B/Axin/APC"
"HDAC1","CHUK","AURKA"
"HDAC1","SRC","AURKA"
"HDAC1","PTEN","AURKA"
"HDAC1","MAPK8","AURKA"
"HDAC1","PRKCD","AURKA"
"HDAC1","MAPK1","AURKA"
"HDAC1","PTPN1","AURKA"
"HDAC1","Gbeta","AURKA"
"HDAC1","KIT","AURKA"
"HDAC1","EIF2AK2","AURKA"
"HDAC1","MAP3K14","AURKA"
"HDAC1","MAP2K1","AURKA"
"HDAC1","TGFBR2","AURKA"
"HDAC1","PAK2","AURKA"
"HDAC1","CDK5","AURKA"
"HDAC1","AKT","AURKA"
"HDAC1","MAPK9","AURKA"
"HDAC1","RACK1","AURKA"
"HDAC1","PXN","AURKA"
"HDAC1","PRKD1","AURKA"
"HDAC1","ABL2","AURKA"
"HDAC1","NCK1","AURKA"
"HDAC1","BTK","AURKA"
"HDAC1","HSP90AB1","AURKA"
"HDAC1","DVL2","AURKA"
"HDAC1","MAP2K2","AURKA"
"HDAC1","MAPK10","AURKA"
"HDAC1","JAK1","AURKA"
"HDAC1","CDKN2A","AURKA"
"HDAC1","MAP4K1","AURKA"
"HDAC1","SHC1","AURKA"
"HDAC1","AXIN1","AURKA"
"HDAC1","MAPKAPK5","AURKA"
"HDAC1","DUSP16","AURKA"
"HDAC1","PTPRR","AURKA"
"HDAC1","BDKRB2","AURKA"
"HDAC1","FLT4","AURKA"
"HDAC1","BMX","AURKA"
"HDAC1","PTK2B","AURKA"
"HDAC1","SNW1","AURKA"
"HDAC1","NEK6","AURKA"
"HDAC1","PRKCI","AURKA"
"HDAC1","CTNND1","AURKA"
"HDAC1","PARD6A","AURKA"
"HDAC1","GAB1","AURKA"
"HDAC1","PTPRA","AURKA"
"HDAC1","ARRB2","AURKA"
"HDAC1","INPP5D","AURKA"
"HDAC1","EZH2","AURKA"
"HDAC1","BCR-Dk","AURKA"
"HDAC1","BCR-Ml","AURKA"
"HDAC1","ZMIZ1","AURKA"
"HDAC1","TAB3","AURKA"
"HDAC1","OPTN","AURKA"
"HDAC1","ROR2","AURKA"
"HDAC1","BCR-Mk","AURKA"
"HDAC1","MAP3K8","GRK2"
"HDAC1","CHUK","RPS6KA2"
"HDAC1","SRC","RPS6KA2"
"HDAC1","MAPK8","RPS6KA2"
"HDAC1","PRKCD","RPS6KA2"
"HDAC1","PTPN1","RPS6KA2"
"HDAC1","Gbeta","RPS6KA2"
"HDAC1","KRAS","RPS6KA2"
"HDAC1","PTPRJ","RPS6KA2"
"HDAC1","MAP3K14","RPS6KA2"
"HDAC1","MAP2K1","RPS6KA2"
"HDAC1","GSK3B","RPS6KA2"
"HDAC1","PAK2","RPS6KA2"
"HDAC1","PPP1R2","RPS6KA2"
"HDAC1","WWTR1","RPS6KA2"
"HDAC1","RACK1","RPS6KA2"
"HDAC1","DAPK1","RPS6KA2"
"HDAC1","FBXW7","RPS6KA2"
"HDAC1","NCK1","RPS6KA2"
"HDAC1","AHSA1","RPS6KA2"
"HDAC1","HSP90AB1","RPS6KA2"
"HDAC1","DVL2","RPS6KA2"
"HDAC1","MAP2K2","RPS6KA2"
"HDAC1","MAPK10","RPS6KA2"
"HDAC1","DYRK1B","RPS6KA2"
"HDAC1","PTPN7","RPS6KA2"
"HDAC1","CDKN2A","RPS6KA2"
"HDAC1","MAP4K1","RPS6KA2"
"HDAC1","EPS15","RPS6KA2"
"HDAC1","IKK-complex","RPS6KA2"
"HDAC1","SHC1","RPS6KA2"
"HDAC1","MAPK8IP3","RPS6KA2"
"HDAC1","AXIN1","RPS6KA2"
"HDAC1","DUSP16","RPS6KA2"
"HDAC1","PTPRR","RPS6KA2"
"HDAC1","BDKRB2","RPS6KA2"
"HDAC1","FLT4","RPS6KA2"
"HDAC1","BMX","RPS6KA2"
"HDAC1","PTK2B","RPS6KA2"
"HDAC1","PIN1","RPS6KA2"
"HDAC1","GAB1","RPS6KA2"
"HDAC1","PTPRA","RPS6KA2"
"HDAC1","ESR1","RPS6KA2"
"HDAC1","GAB2","RPS6KA2"
"HDAC1","BCR-Dk","RPS6KA2"
"HDAC1","NOTCH","RPS6KA2"
"HDAC1","NCOA1","RPS6KA2"
"HDAC1","FERMT2","RPS6KA2"
"HDAC1","ZMIZ1","RPS6KA2"
"HDAC1","NPM1","RPS6KA2"
"HDAC1","DDX58","RPS6KA2"
"HDAC1","ROR2","RPS6KA2"
"HDAC1","RPS6KA2","AKT2"
"HDAC1","MAPK8","AKT2"
"HDAC1","MTOR","AKT2"
"HDAC1","MAPK1","AKT2"
"HDAC1","PTPN1","AKT2"
"HDAC1","KIT","AKT2"
"HDAC1","PTPRJ","AKT2"
"HDAC1","RPS6KB1","AKT2"
"HDAC1","MAP2K1","AKT2"
"HDAC1","GSK3B","AKT2"
"HDAC1","TGFBR2","AKT2"
"HDAC1","PPP1R2","AKT2"
"HDAC1","CDK5","AKT2"
"HDAC1","AKT","AKT2"
"HDAC1","PXN","AKT2"
"HDAC1","FBXW7","AKT2"
"HDAC1","AHSA1","AKT2"
"HDAC1","YAP1","AKT2"
"HDAC1","STAT1","AKT2"
"HDAC1","DVL2","AKT2"
"HDAC1","MEK1/2","AKT2"
"HDAC1","PTPN7","AKT2"
"HDAC1","CDKN2A","AKT2"
"HDAC1","AXIN1","AKT2"
"HDAC1","NEK6","AKT2"
"HDAC1","PRKCI","AKT2"
"HDAC1","CTNND1","AKT2"
"HDAC1","PIN1","AKT2"
"HDAC1","ESR1","AKT2"
"HDAC1","ARRB2","AKT2"
"HDAC1","INPP5D","AKT2"
"HDAC1","EZH2","AKT2"
"HDAC1","BCAR1","AKT2"
"HDAC1","NCOA1","AKT2"
"HDAC1","TAB3","AKT2"
"HDAC1","GCSAM","AKT2"
"HDAC1","OPTN","AKT2"
"HDAC1","IFIH1","AKT2"
"HDAC1","DAB1","AKT2"
"HDAC1","BCR-Mk","AKT2"
"HDAC1","PLCG2","AKT2"
"HDAC1","MTOR","PTEN"
"HDAC1","PRKCD","PTEN"
"HDAC1","PTPN1","PTEN"
"HDAC1","Gbeta","PTEN"
"HDAC1","EIF2AK2","PTEN"
"HDAC1","MAP2K1","PTEN"
"HDAC1","CDK5","PTEN"
"HDAC1","WWTR1","PTEN"
"HDAC1","RACK1","PTEN"
"HDAC1","PXN","PTEN"
"HDAC1","ITK","PTEN"
"HDAC1","AHSA1","PTEN"
"HDAC1","YAP1","PTEN"
"HDAC1","DVL2","PTEN"
"HDAC1","MAP2K2","PTEN"
"HDAC1","DYRK1B","PTEN"
"HDAC1","JAK1","PTEN"
"HDAC1","PTPN7","PTEN"
"HDAC1","MAP4K1","PTEN"
"HDAC1","EPS15","PTEN"
"HDAC1","IKK-complex","PTEN"
"HDAC1","MAPKAPK5","PTEN"
"HDAC1","DUSP16","PTEN"
"HDAC1","PTPRR","PTEN"
"HDAC1","BDKRB2","PTEN"
"HDAC1","BMX","PTEN"
"HDAC1","PTK2B","PTEN"
"HDAC1","SNW1","PTEN"
"HDAC1","NEK6","PTEN"
"HDAC1","CTNND1","PTEN"
"HDAC1","PIN1","PTEN"
"HDAC1","PARD6A","PTEN"
"HDAC1","CEP192","PTEN"
"HDAC1","GAB1","PTEN"
"HDAC1","PTPRA","PTEN"
"HDAC1","GRIP1","PTEN"
"HDAC1","ESR1","PTEN"
"HDAC1","INPP5D","PTEN"
"HDAC1","GAB2","PTEN"
"HDAC1","EZH2","PTEN"
"HDAC1","BCR-Ml","PTEN"
"HDAC1","NOTCH","PTEN"
"HDAC1","ZMIZ1","PTEN"
"HDAC1","NPM1","PTEN"
"HDAC1","GCSAM","PTEN"
"HDAC1","SPRY2","PTEN"
"HDAC1","ROR2","PTEN"
"HDAC1","IFIH1","PTEN"
"HDAC1","CHUK","MAPK8"
"HDAC1","SRC","MAPK8"
"HDAC1","GSK3B/Axin/APC","MAPK8"
"HDAC1","MTOR","MAPK8"
"HDAC1","Gbeta","MAPK8"
"HDAC1","KRAS","MAPK8"
"HDAC1","KIT","MAPK8"
"HDAC1","PTPRJ","MAPK8"
"HDAC1","RPS6KB1","MAPK8"
"HDAC1","PDPK1","MAPK8"
"HDAC1","MAML3","MAPK8"
"HDAC1","MAP3K14","MAPK8"
"HDAC1","GSK3B","MAPK8"
"HDAC1","TGFBR2","MAPK8"
"HDAC1","PAK2","MAPK8"
"HDAC1","PPP1R2","MAPK8"
"HDAC1","CDK5","MAPK8"
"HDAC1","WWTR1","MAPK8"
"HDAC1","RACK1","MAPK8"
"HDAC1","DAPK1","MAPK8"
"HDAC1","PXN","MAPK8"
"HDAC1","PRKD1","MAPK8"
"HDAC1","FBXW7","MAPK8"
"HDAC1","ITK","MAPK8"
"HDAC1","STAT1","MAPK8"
"HDAC1","HSP90AB1","MAPK8"
"HDAC1","DVL2","MAPK8"
"HDAC1","MEK1/2","MAPK8"
"HDAC1","JAK1","MAPK8"
"HDAC1","EPS15","MAPK8"
"HDAC1","IKK-complex","MAPK8"
"HDAC1","SHC1","MAPK8"
"HDAC1","EPHA2","MAPK8"
"HDAC1","FLT4","MAPK8"
"HDAC1","PTK2B","MAPK8"
"HDAC1","CTNND1","MAPK8"
"HDAC1","PIN1","MAPK8"
"HDAC1","MAPK8IP1","MAPK8"
"HDAC1","GAB2","MAPK8"
"HDAC1","BCAR1","MAPK8"
"HDAC1","BCR-Ml","MAPK8"
"HDAC1","NCOA1","MAPK8"
"HDAC1","ZMIZ1","MAPK8"
"HDAC1","NPM1","MAPK8"
"HDAC1","SPRY2","MAPK8"
"HDAC1","BCR-Dl","MAPK8"
"HDAC1","DDX58","MAPK8"
"HDAC1","DAB1","MAPK8"
"HDAC1","SRC","MTOR"
"HDAC1","RPS6KA2","MTOR"
"HDAC1","PTEN","MTOR"
"HDAC1","KRAS","MTOR"
"HDAC1","KIT","MTOR"
"HDAC1","PDPK1","MTOR"
"HDAC1","DAPK1","MTOR"
"HDAC1","PXN","MTOR"
"HDAC1","ITK","MTOR"
"HDAC1","TNK2","MTOR"
"HDAC1","HSP90AB1","MTOR"
"HDAC1","DVL2","MTOR"
"HDAC1","MAP2K2","MTOR"
"HDAC1","DYRK1B","MTOR"
"HDAC1","JAK1","MTOR"
"HDAC1","AXIN1","MTOR"
"HDAC1","MAPKAPK5","MTOR"
"HDAC1","DUSP16","MTOR"
"HDAC1","FLT4","MTOR"
"HDAC1","GAB2","MTOR"
"HDAC1","EZH2","MTOR"
"HDAC1","NOTCH","MTOR"
"HDAC1","ZMIZ1","MTOR"
"HDAC1","NPM1","MTOR"
"HDAC1","OPTN","MTOR"
"HDAC1","DDX58","MTOR"
"HDAC1","ROR2","MTOR"
"HDAC1","DAB1","MTOR"
"HDAC1","PLCG2","MTOR"
"HDAC1","MTOR","AKT1"
"HDAC1","PRKCD","AKT1"
"HDAC1","PTPRJ","AKT1"
"HDAC1","MAP3K14","AKT1"
"HDAC1","TGFBR2","AKT1"
"HDAC1","MAPK9","AKT1"
"HDAC1","WWTR1","AKT1"
"HDAC1","PXN","AKT1"
"HDAC1","ABL2","AKT1"
"HDAC1","BTK","AKT1"
"HDAC1","HSP90AB1","AKT1"
"HDAC1","DYRK1B","AKT1"
"HDAC1","JAK1","AKT1"
"HDAC1","MAP4K1","AKT1"
"HDAC1","MAPK8IP3","AKT1"
"HDAC1","AXIN1","AKT1"
"HDAC1","DUSP16","AKT1"
"HDAC1","FLT4","AKT1"
"HDAC1","SNW1","AKT1"
"HDAC1","CTNND1","AKT1"
"HDAC1","PARD6A","AKT1"
"HDAC1","CEP192","AKT1"
"HDAC1","GAB2","AKT1"
"HDAC1","EZH2","AKT1"
"HDAC1","NCOA1","AKT1"
"HDAC1","TAB3","AKT1"
"HDAC1","GCSAM","AKT1"
"HDAC1","OPTN","AKT1"
"HDAC1","BCR-Dl","AKT1"
"HDAC1","IFIH1","AKT1"
"HDAC1","DAB1","AKT1"
"HDAC1","PLCG2","AKT1"
"HDAC1","SRC","PRKCD"
"HDAC1","MAPK1","PRKCD"
"HDAC1","PTPN1","PRKCD"
"HDAC1","KRAS","PRKCD"
"HDAC1","RPS6KB1","PRKCD"
"HDAC1","PDPK1","PRKCD"
"HDAC1","MAP2K1","PRKCD"
"HDAC1","CDK5","PRKCD"
"HDAC1","MAPK9","PRKCD"
"HDAC1","WWTR1","PRKCD"
"HDAC1","RACK1","PRKCD"
"HDAC1","DAPK1","PRKCD"
"HDAC1","PXN","PRKCD"
"HDAC1","PRKD1","PRKCD"
"HDAC1","ABL2","PRKCD"
"HDAC1","FBXW7","PRKCD"
"HDAC1","BTK","PRKCD"
"HDAC1","YAP1","PRKCD"
"HDAC1","HSP90AB1","PRKCD"
"HDAC1","DVL2","PRKCD"
"HDAC1","DYRK1B","PRKCD"
"HDAC1","MEK1/2","PRKCD"
"HDAC1","JAK1","PRKCD"
"HDAC1","PTPN7","PRKCD"
"HDAC1","CDKN2A","PRKCD"
"HDAC1","MAP4K1","PRKCD"
"HDAC1","EPS15","PRKCD"
"HDAC1","IKK-complex","PRKCD"
"HDAC1","SHC1","PRKCD"
"HDAC1","MAPK8IP3","PRKCD"
"HDAC1","MAPKAPK5","PRKCD"
"HDAC1","DUSP16","PRKCD"
"HDAC1","EPHA2","PRKCD"
"HDAC1","MAP3K8","PRKCD"
"HDAC1","PTPRR","PRKCD"
"HDAC1","BDKRB2","PRKCD"
"HDAC1","FLT4","PRKCD"
"HDAC1","BMX","PRKCD"
"HDAC1","SNW1","PRKCD"
"HDAC1","NEK6","PRKCD"
"HDAC1","PARD6A","PRKCD"
"HDAC1","CEP192","PRKCD"
"HDAC1","PTPRA","PRKCD"
"HDAC1","ESR1","PRKCD"
"HDAC1","ARRB2","PRKCD"
"HDAC1","INPP5D","PRKCD"
"HDAC1","BCR-Dk","PRKCD"
"HDAC1","BCR-Ml","PRKCD"
"HDAC1","NOTCH","PRKCD"
"HDAC1","NCOA1","PRKCD"
"HDAC1","FERMT2","PRKCD"
"HDAC1","NPM1","PRKCD"
"HDAC1","GCSAM","PRKCD"
"HDAC1","OPTN","PRKCD"
"HDAC1","SPRY2","PRKCD"
"HDAC1","BCR-Dl","PRKCD"
"HDAC1","DDX58","PRKCD"
"HDAC1","ROR2","PRKCD"
"HDAC1","DAB1","PRKCD"
"HDAC1","BCR-Mk","PRKCD"
"HDAC1","PLCG2","PRKCD"
"HDAC1","MAP3K8","RAF1"
"HDAC1","CHUK","CDK4"
"HDAC1","SRC","CDK4"
"HDAC1","RPS6KA2","CDK4"
"HDAC1","PTEN","CDK4"
"HDAC1","MTOR","CDK4"
"HDAC1","MAPK1","CDK4"
"HDAC1","PTPN1","CDK4"
"HDAC1","Gbeta","CDK4"
"HDAC1","STK4","CDK4"
"HDAC1","KRAS","CDK4"
"HDAC1","KIT","CDK4"
"HDAC1","PTPRJ","CDK4"
"HDAC1","RPS6KB1","CDK4"
"HDAC1","EIF2AK2","CDK4"
"HDAC1","PDPK1","CDK4"
"HDAC1","MAML3","CDK4"
"HDAC1","MAP3K14","CDK4"
"HDAC1","MAP2K1","CDK4"
"HDAC1","GSK3B","CDK4"
"HDAC1","PPP1R2","CDK4"
"HDAC1","WWTR1","CDK4"
"HDAC1","RACK1","CDK4"
"HDAC1","PXN","CDK4"
"HDAC1","FBXW7","CDK4"
"HDAC1","BTK","CDK4"
"HDAC1","TNK2","CDK4"
"HDAC1","STAT1","CDK4"
"HDAC1","DVL2","CDK4"
"HDAC1","MAP2K2","CDK4"
"HDAC1","MAPK10","CDK4"
"HDAC1","DYRK1B","CDK4"
"HDAC1","MEK1/2","CDK4"
"HDAC1","JAK1","CDK4"
"HDAC1","CDKN2A","CDK4"
"HDAC1","IKK-complex","CDK4"
"HDAC1","SHC1","CDK4"
"HDAC1","MAPK8IP3","CDK4"
"HDAC1","SMAD3","CDK4"
"HDAC1","MAPKAPK5","CDK4"
"HDAC1","MAP3K8","CDK4"
"HDAC1","PTPRR","CDK4"
"HDAC1","FLT4","CDK4"
"HDAC1","BMX","CDK4"
"HDAC1","PTK2B","CDK4"
"HDAC1","CTNND1","CDK4"
"HDAC1","PIN1","CDK4"
"HDAC1","PARD6A","CDK4"
"HDAC1","CEP192","CDK4"
"HDAC1","GRIP1","CDK4"
"HDAC1","GAB2","CDK4"
"HDAC1","BCR-Dk","CDK4"
"HDAC1","BCR-Ml","CDK4"
"HDAC1","NCOA1","CDK4"
"HDAC1","FERMT2","CDK4"
"HDAC1","NPM1","CDK4"
"HDAC1","GCSAM","CDK4"
"HDAC1","OPTN","CDK4"
"HDAC1","PLCG1","CDK4"
"HDAC1","SPRY2","CDK4"
"HDAC1","BCR-Dl","CDK4"
"HDAC1","DDX58","CDK4"
"HDAC1","IFIH1","CDK4"
"HDAC1","SH2B3","CDK4"
"HDAC1","DAB1","CDK4"
"HDAC1","BCR-Mk","CDK4"
"HDAC1","PLCG2","CDK4"
"HDAC1","CHUK","ACP1"
"HDAC1","SRC","ACP1"
"HDAC1","RPS6KA2","ACP1"
"HDAC1","PTEN","ACP1"
"HDAC1","MAPK8","ACP1"
"HDAC1","MTOR","ACP1"
"HDAC1","MAPK1","ACP1"
"HDAC1","PTPN1","ACP1"
"HDAC1","PTPRJ","ACP1"
"HDAC1","RPS6KB1","ACP1"
"HDAC1","PDPK1","ACP1"
"HDAC1","MAPK9","ACP1"
"HDAC1","WWTR1","ACP1"
"HDAC1","DAPK1","ACP1"
"HDAC1","PXN","ACP1"
"HDAC1","PRKD1","ACP1"
"HDAC1","ITK","ACP1"
"HDAC1","BTK","ACP1"
"HDAC1","TNK2","ACP1"
"HDAC1","MAP2K2","ACP1"
"HDAC1","MAPK10","ACP1"
"HDAC1","DYRK1B","ACP1"
"HDAC1","PTPN7","ACP1"
"HDAC1","IKK-complex","ACP1"
"HDAC1","MAPK8IP3","ACP1"
"HDAC1","MAP3K8","ACP1"
"HDAC1","BDKRB2","ACP1"
"HDAC1","BMX","ACP1"
"HDAC1","SNW1","ACP1"
"HDAC1","PTPRA","ACP1"
"HDAC1","ESR1","ACP1"
"HDAC1","ARRB2","ACP1"
"HDAC1","GAB2","ACP1"
"HDAC1","BCR-Dk","ACP1"
"HDAC1","BCAR1","ACP1"
"HDAC1","BCR-Ml","ACP1"
"HDAC1","NOTCH","ACP1"
"HDAC1","NCOA1","ACP1"
"HDAC1","ZMIZ1","ACP1"
"HDAC1","TAB3","ACP1"
"HDAC1","NPM1","ACP1"
"HDAC1","GCSAM","ACP1"
"HDAC1","BCR-Dl","ACP1"
"HDAC1","DDX58","ACP1"
"HDAC1","SH2B3","ACP1"
"HDAC1","PTEN","MAPK1"
"HDAC1","MTOR","MAPK1"
"HDAC1","KIT","MAPK1"
"HDAC1","PDPK1","MAPK1"
"HDAC1","MAML3","MAPK1"
"HDAC1","MAP2K1","MAPK1"
"HDAC1","TGFBR2","MAPK1"
"HDAC1","PAK2","MAPK1"
"HDAC1","PPP1R2","MAPK1"
"HDAC1","CDK5","MAPK1"
"HDAC1","AKT","MAPK1"
"HDAC1","WWTR1","MAPK1"
"HDAC1","RACK1","MAPK1"
"HDAC1","PXN","MAPK1"
"HDAC1","FBXW7","MAPK1"
"HDAC1","BTK","MAPK1"
"HDAC1","TNK2","MAPK1"
"HDAC1","CD19","MAPK1"
"HDAC1","STAT1","MAPK1"
"HDAC1","MAP2K2","MAPK1"
"HDAC1","MAPK10","MAPK1"
"HDAC1","MEK1/2","MAPK1"
"HDAC1","PTPN7","MAPK1"
"HDAC1","SHC1","MAPK1"
"HDAC1","MAPKAPK5","MAPK1"
"HDAC1","EPHA2","MAPK1"
"HDAC1","PTPRR","MAPK1"
"HDAC1","PRKCI","MAPK1"
"HDAC1","CTNND1","MAPK1"
"HDAC1","PIN1","MAPK1"
"HDAC1","PARD6A","MAPK1"
"HDAC1","GAB1","MAPK1"
"HDAC1","PTPRA","MAPK1"
"HDAC1","GRIP1","MAPK1"
"HDAC1","GAB2","MAPK1"
"HDAC1","EZH2","MAPK1"
"HDAC1","BCR-Dk","MAPK1"
"HDAC1","BCAR1","MAPK1"
"HDAC1","BCR-Ml","MAPK1"
"HDAC1","NCOA1","MAPK1"
"HDAC1","TAB3","MAPK1"
"HDAC1","NPM1","MAPK1"
"HDAC1","DDX58","MAPK1"
"HDAC1","SH2B3","MAPK1"
"HDAC1","CHUK","CSNK2A1"
"HDAC1","MAPK8","CSNK2A1"
"HDAC1","MTOR","CSNK2A1"
"HDAC1","AKT1","CSNK2A1"
"HDAC1","PRKCD","CSNK2A1"
"HDAC1","MAPK1","CSNK2A1"
"HDAC1","PTPN1","CSNK2A1"
"HDAC1","KRAS","CSNK2A1"
"HDAC1","LCK","CSNK2A1"
"HDAC1","EIF2AK2","CSNK2A1"
"HDAC1","PDPK1","CSNK2A1"
"HDAC1","MAP3K14","CSNK2A1"
"HDAC1","GSK3B","CSNK2A1"
"HDAC1","TGFBR2","CSNK2A1"
"HDAC1","AKT","CSNK2A1"
"HDAC1","WWTR1","CSNK2A1"
"HDAC1","RACK1","CSNK2A1"
"HDAC1","FBXW7","CSNK2A1"
"HDAC1","ITK","CSNK2A1"
"HDAC1","AHSA1","CSNK2A1"
"HDAC1","TNK2","CSNK2A1"
"HDAC1","CDKN2A","CSNK2A1"
"HDAC1","MAP4K1","CSNK2A1"
"HDAC1","AXIN1","CSNK2A1"
"HDAC1","MAPKAPK5","CSNK2A1"
"HDAC1","BDKRB2","CSNK2A1"
"HDAC1","FLT4","CSNK2A1"
"HDAC1","SNW1","CSNK2A1"
"HDAC1","NEK6","CSNK2A1"
"HDAC1","PIN1","CSNK2A1"
"HDAC1","CEP192","CSNK2A1"
"HDAC1","PTPRA","CSNK2A1"
"HDAC1","ESR1","CSNK2A1"
"HDAC1","FHIT","CSNK2A1"
"HDAC1","GAB2","CSNK2A1"
"HDAC1","EZH2","CSNK2A1"
"HDAC1","BCR-Dk","CSNK2A1"
"HDAC1","BCAR1","CSNK2A1"
"HDAC1","BCR-Ml","CSNK2A1"
"HDAC1","FERMT2","CSNK2A1"
"HDAC1","ZMIZ1","CSNK2A1"
"HDAC1","TAB3","CSNK2A1"
"HDAC1","SPRY2","CSNK2A1"
"HDAC1","DDX58","CSNK2A1"
"HDAC1","IFIH1","CSNK2A1"
"HDAC1","BCR-Mk","CSNK2A1"
"HDAC1","APC","CSNK2A1"
"HDAC1","CHUK","CDK1"
"HDAC1","SRC","CDK1"
"HDAC1","RPS6KA2","CDK1"
"HDAC1","PRKCD","CDK1"
"HDAC1","MAPK1","CDK1"
"HDAC1","PTPN1","CDK1"
"HDAC1","Gbeta","CDK1"
"HDAC1","PTPRJ","CDK1"
"HDAC1","RPS6KB1","CDK1"
"HDAC1","PDPK1","CDK1"
"HDAC1","MAML3","CDK1"
"HDAC1","MAP3K14","CDK1"
"HDAC1","MAP2K1","CDK1"
"HDAC1","PPP1R2","CDK1"
"HDAC1","CDK5","CDK1"
"HDAC1","WWTR1","CDK1"
"HDAC1","PXN","CDK1"
"HDAC1","PRKD1","CDK1"
"HDAC1","FBXW7","CDK1"
"HDAC1","NCK1","CDK1"
"HDAC1","BTK","CDK1"
"HDAC1","STAT1","CDK1"
"HDAC1","DYRK1B","CDK1"
"HDAC1","MEK1/2","CDK1"
"HDAC1","PTPN7","CDK1"
"HDAC1","CDKN2A","CDK1"
"HDAC1","MAP4K1","CDK1"
"HDAC1","IKK-complex","CDK1"
"HDAC1","SHC1","CDK1"
"HDAC1","MAPK8IP3","CDK1"
"HDAC1","MAPKAPK5","CDK1"
"HDAC1","DUSP16","CDK1"
"HDAC1","EPHA2","CDK1"
"HDAC1","PTPRR","CDK1"
"HDAC1","BDKRB2","CDK1"
"HDAC1","BMX","CDK1"
"HDAC1","PTK2B","CDK1"
"HDAC1","SNW1","CDK1"
"HDAC1","CTNND1","CDK1"
"HDAC1","PIN1","CDK1"
"HDAC1","PARD6A","CDK1"
"HDAC1","CEP192","CDK1"
"HDAC1","GAB1","CDK1"
"HDAC1","PTPRA","CDK1"
"HDAC1","GRIP1","CDK1"
"HDAC1","ESR1","CDK1"
"HDAC1","ARRB2","CDK1"
"HDAC1","INPP5D","CDK1"
"HDAC1","EZH2","CDK1"
"HDAC1","BCAR1","CDK1"
"HDAC1","FERMT2","CDK1"
"HDAC1","NPM1","CDK1"
"HDAC1","GCSAM","CDK1"
"HDAC1","DDX58","CDK1"
"HDAC1","ROR2","CDK1"
"HDAC1","IFIH1","CDK1"
"HDAC1","DAB1","CDK1"
"HDAC1","BCR-Mk","CDK1"
"HDAC1","CHUK","PTPN6"
"HDAC1","SRC","PTPN6"
"HDAC1","MTOR","PTPN6"
"HDAC1","AKT1","PTPN6"
"HDAC1","Gbeta","PTPN6"
"HDAC1","KRAS","PTPN6"
"HDAC1","KIT","PTPN6"
"HDAC1","PTPRJ","PTPN6"
"HDAC1","PDPK1","PTPN6"
"HDAC1","MAML3","PTPN6"
"HDAC1","MAP3K14","PTPN6"
"HDAC1","GSK3B","PTPN6"
"HDAC1","TGFBR2","PTPN6"
"HDAC1","PAK2","PTPN6"
"HDAC1","PXN","PTPN6"
"HDAC1","PRKD1","PTPN6"
"HDAC1","FBXW7","PTPN6"
"HDAC1","ITK","PTPN6"
"HDAC1","NCK1","PTPN6"
"HDAC1","TNK2","PTPN6"
"HDAC1","DVL2","PTPN6"
"HDAC1","MAPK10","PTPN6"
"HDAC1","MEK1/2","PTPN6"
"HDAC1","JAK1","PTPN6"
"HDAC1","CDKN2A","PTPN6"
"HDAC1","MAP4K1","PTPN6"
"HDAC1","IKK-complex","PTPN6"
"HDAC1","MAPK8IP3","PTPN6"
"HDAC1","AXIN1","PTPN6"
"HDAC1","MAPKAPK5","PTPN6"
"HDAC1","EPHA2","PTPN6"
"HDAC1","PTPRR","PTPN6"
"HDAC1","BDKRB2","PTPN6"
"HDAC1","FLT4","PTPN6"
"HDAC1","NEK6","PTPN6"
"HDAC1","PRKCI","PTPN6"
"HDAC1","PARD6A","PTPN6"
"HDAC1","CEP192","PTPN6"
"HDAC1","GAB1","PTPN6"
"HDAC1","PTPRA","PTPN6"
"HDAC1","BCAR1","PTPN6"
"HDAC1","NOTCH","PTPN6"
"HDAC1","FERMT2","PTPN6"
"HDAC1","TAB3","PTPN6"
"HDAC1","OPTN","PTPN6"
"HDAC1","DDX58","PTPN6"
"HDAC1","SH2B3","PTPN6"
"HDAC1","PTEN","ARAF"
"HDAC1","MTOR","ARAF"
"HDAC1","AKT1","ARAF"
"HDAC1","MAPK1","ARAF"
"HDAC1","PTPN1","ARAF"
"HDAC1","PTPRJ","ARAF"
"HDAC1","RPS6KB1","ARAF"
"HDAC1","MAP2K1","ARAF"
"HDAC1","GSK3B","ARAF"
"HDAC1","TGFBR2","ARAF"
"HDAC1","PPP1R2","ARAF"
"HDAC1","AKT","ARAF"
"HDAC1","PRKD1","ARAF"
"HDAC1","FBXW7","ARAF"
"HDAC1","NCK1","ARAF"
"HDAC1","AHSA1","ARAF"
"HDAC1","BTK","ARAF"
"HDAC1","TNK2","ARAF"
"HDAC1","CD19","ARAF"
"HDAC1","STAT1","ARAF"
"HDAC1","DVL2","ARAF"
"HDAC1","DYRK1B","ARAF"
"HDAC1","MEK1/2","ARAF"
"HDAC1","IKK-complex","ARAF"
"HDAC1","SHC1","ARAF"
"HDAC1","DUSP16","ARAF"
"HDAC1","PRKCI","ARAF"
"HDAC1","CTNND1","ARAF"
"HDAC1","CEP192","ARAF"
"HDAC1","ESR1","ARAF"
"HDAC1","BCR-Dk","ARAF"
"HDAC1","BCR-Ml","ARAF"
"HDAC1","NOTCH","ARAF"
"HDAC1","FERMT2","ARAF"
"HDAC1","TAB3","ARAF"
"HDAC1","OPTN","ARAF"
"HDAC1","BCR-Dl","ARAF"
"HDAC1","SH2B3","ARAF"
"HDAC1","DAB1","ARAF"
"HDAC1","PLCG2","ARAF"
"HDAC1","CHUK","MAPK14"
"HDAC1","PTEN","MAPK14"
"HDAC1","MAPK8","MAPK14"
"HDAC1","PRKCD","MAPK14"
"HDAC1","MAPK1","MAPK14"
"HDAC1","KRAS","MAPK14"
"HDAC1","KIT","MAPK14"
"HDAC1","PTPRJ","MAPK14"
"HDAC1","RPS6KB1","MAPK14"
"HDAC1","PDPK1","MAPK14"
"HDAC1","MAP2K1","MAPK14"
"HDAC1","GSK3B","MAPK14"
"HDAC1","TGFBR2","MAPK14"
"HDAC1","PPP1R2","MAPK14"
"HDAC1","CDK5","MAPK14"
"HDAC1","AKT","MAPK14"
"HDAC1","WWTR1","MAPK14"
"HDAC1","DAPK1","MAPK14"
"HDAC1","PRKD1","MAPK14"
"HDAC1","ABL2","MAPK14"
"HDAC1","FBXW7","MAPK14"
"HDAC1","NCK1","MAPK14"
"HDAC1","TNK2","MAPK14"
"HDAC1","CD19","MAPK14"
"HDAC1","MAP2K2","MAPK14"
"HDAC1","MEK1/2","MAPK14"
"HDAC1","JAK1","MAPK14"
"HDAC1","PTPN7","MAPK14"
"HDAC1","CDKN2A","MAPK14"
"HDAC1","MAP4K1","MAPK14"
"HDAC1","SHC1","MAPK14"
"HDAC1","AXIN1","MAPK14"
"HDAC1","MAPKAPK5","MAPK14"
"HDAC1","EPHA2","MAPK14"
"HDAC1","PTPRR","MAPK14"
"HDAC1","BDKRB2","MAPK14"
"HDAC1","FLT4","MAPK14"
"HDAC1","BMX","MAPK14"
"HDAC1","PTK2B","MAPK14"
"HDAC1","SNW1","MAPK14"
"HDAC1","NEK6","MAPK14"
"HDAC1","PRKCI","MAPK14"
"HDAC1","CTNND1","MAPK14"
"HDAC1","PARD6A","MAPK14"
"HDAC1","CEP192","MAPK14"
"HDAC1","GAB1","MAPK14"
"HDAC1","GRIP1","MAPK14"
"HDAC1","TAB2","MAPK14"
"HDAC1","ESR1","MAPK14"
"HDAC1","ARRB2","MAPK14"
"HDAC1","MAP3K11","MAPK14"
"HDAC1","INPP5D","MAPK14"
"HDAC1","GAB2","MAPK14"
"HDAC1","BCR-Ml","MAPK14"
"HDAC1","NOTCH","MAPK14"
"HDAC1","FERMT2","MAPK14"
"HDAC1","ZMIZ1","MAPK14"
"HDAC1","TAB3","MAPK14"
"HDAC1","NPM1","MAPK14"
"HDAC1","GCSAM","MAPK14"
"HDAC1","OPTN","MAPK14"
"HDAC1","SPRY2","MAPK14"
"HDAC1","DDX58","MAPK14"
"HDAC1","ROR2","MAPK14"
"HDAC1","IFIH1","MAPK14"
"HDAC1","SH2B3","MAPK14"
"HDAC1","FCRL3","MAPK14"
"HDAC1","DAB1","MAPK14"
"HDAC1","BCR-Mk","MAPK14"
"HDAC1","CHUK","RPS6K"
"HDAC1","SRC","RPS6K"
"HDAC1","RPS6KA2","RPS6K"
"HDAC1","PTEN","RPS6K"
"HDAC1","MTOR","RPS6K"
"HDAC1","AKT1","RPS6K"
"HDAC1","PRKCD","RPS6K"
"HDAC1","KRAS","RPS6K"
"HDAC1","PTPRJ","RPS6K"
"HDAC1","PDPK1","RPS6K"
"HDAC1","MAP3K14","RPS6K"
"HDAC1","GSK3B","RPS6K"
"HDAC1","TGFBR2","RPS6K"
"HDAC1","PAK2","RPS6K"
"HDAC1","PPP1R2","RPS6K"
"HDAC1","MAPK9","RPS6K"
"HDAC1","WWTR1","RPS6K"
"HDAC1","RACK1","RPS6K"
"HDAC1","DAPK1","RPS6K"
"HDAC1","PXN","RPS6K"
"HDAC1","PRKD1","RPS6K"
"HDAC1","ABL2","RPS6K"
"HDAC1","ITK","RPS6K"
"HDAC1","NCK1","RPS6K"
"HDAC1","AHSA1","RPS6K"
"HDAC1","BTK","RPS6K"
"HDAC1","TNK2","RPS6K"
"HDAC1","YAP1","RPS6K"
"HDAC1","CD19","RPS6K"
"HDAC1","STAT1","RPS6K"
"HDAC1","HSP90AB1","RPS6K"
"HDAC1","DVL2","RPS6K"
"HDAC1","DYRK1B","RPS6K"
"HDAC1","MEK1/2","RPS6K"
"HDAC1","JAK1","RPS6K"
"HDAC1","PTPN7","RPS6K"
"HDAC1","CDKN2A","RPS6K"
"HDAC1","EPS15","RPS6K"
"HDAC1","DUSP16","RPS6K"
"HDAC1","EPHA2","RPS6K"
"HDAC1","FLT4","RPS6K"
"HDAC1","PRKCI","RPS6K"
"HDAC1","CEP192","RPS6K"
"HDAC1","PTPRA","RPS6K"
"HDAC1","ESR1","RPS6K"
"HDAC1","ARRB2","RPS6K"
"HDAC1","GAB2","RPS6K"
"HDAC1","BCAR1","RPS6K"
"HDAC1","NOTCH","RPS6K"
"HDAC1","NCOA1","RPS6K"
"HDAC1","FERMT2","RPS6K"
"HDAC1","TAB3","RPS6K"
"HDAC1","OPTN","RPS6K"
"HDAC1","DDX58","RPS6K"
"HDAC1","ROR2","RPS6K"
"HDAC1","IFIH1","RPS6K"
"HDAC1","DAB1","RPS6K"
"HDAC1","BCR-Mk","RPS6K"
"HDAC1","MTOR","PTPN1"
"HDAC1","PRKCD","PTPN1"
"HDAC1","KRAS","PTPN1"
"HDAC1","PTPRJ","PTPN1"
"HDAC1","RPS6KB1","PTPN1"
"HDAC1","EIF2AK2","PTPN1"
"HDAC1","MAML3","PTPN1"
"HDAC1","MAP3K14","PTPN1"
"HDAC1","MAP2K1","PTPN1"
"HDAC1","PAK2","PTPN1"
"HDAC1","PPP1R2","PTPN1"
"HDAC1","CDK5","PTPN1"
"HDAC1","MAPK9","PTPN1"
"HDAC1","WWTR1","PTPN1"
"HDAC1","DAPK1","PTPN1"
"HDAC1","PXN","PTPN1"
"HDAC1","ABL2","PTPN1"
"HDAC1","FBXW7","PTPN1"
"HDAC1","PTK2","PTPN1"
"HDAC1","ITK","PTPN1"
"HDAC1","NCK1","PTPN1"
"HDAC1","AHSA1","PTPN1"
"HDAC1","BTK","PTPN1"
"HDAC1","TNK2","PTPN1"
"HDAC1","YAP1","PTPN1"
"HDAC1","CD19","PTPN1"
"HDAC1","DVL2","PTPN1"
"HDAC1","MAP2K2","PTPN1"
"HDAC1","MAPK10","PTPN1"
"HDAC1","IKK-complex","PTPN1"
"HDAC1","SHC1","PTPN1"
"HDAC1","MAPKAPK5","PTPN1"
"HDAC1","PRKCI","PTPN1"
"HDAC1","CTNND1","PTPN1"
"HDAC1","PARD6A","PTPN1"
"HDAC1","GAB1","PTPN1"
"HDAC1","PTPRA","PTPN1"
"HDAC1","ARRB2","PTPN1"
"HDAC1","GAB2","PTPN1"
"HDAC1","BCR-Dk","PTPN1"
"HDAC1","BCR-Ml","PTPN1"
"HDAC1","ZMIZ1","PTPN1"
"HDAC1","NPM1","PTPN1"
"HDAC1","GCSAM","PTPN1"
"HDAC1","OPTN","PTPN1"
"HDAC1","BCR-Dl","PTPN1"
"HDAC1","DDX58","PTPN1"
"HDAC1","RPS6KA2","ERK1/2"
"HDAC1","MTOR","ERK1/2"
"HDAC1","AKT1","ERK1/2"
"HDAC1","PRKCD","ERK1/2"
"HDAC1","PTPN1","ERK1/2"
"HDAC1","Gbeta","ERK1/2"
"HDAC1","KRAS","ERK1/2"
"HDAC1","LCK","ERK1/2"
"HDAC1","RPS6KB1","ERK1/2"
"HDAC1","MAML3","ERK1/2"
"HDAC1","MAP3K14","ERK1/2"
"HDAC1","MAP2K1","ERK1/2"
"HDAC1","TGFBR2","ERK1/2"
"HDAC1","PAK2","ERK1/2"
"HDAC1","PPP1R2","ERK1/2"
"HDAC1","CDK5","ERK1/2"
"HDAC1","AKT","ERK1/2"
"HDAC1","MAPK9","ERK1/2"
"HDAC1","WWTR1","ERK1/2"
"HDAC1","RACK1","ERK1/2"
"HDAC1","DAPK1","ERK1/2"
"HDAC1","PXN","ERK1/2"
"HDAC1","PRKD1","ERK1/2"
"HDAC1","ABL2","ERK1/2"
"HDAC1","FBXW7","ERK1/2"
"HDAC1","ITK","ERK1/2"
"HDAC1","NCK1","ERK1/2"
"HDAC1","BTK","ERK1/2"
"HDAC1","YAP1","ERK1/2"
"HDAC1","CD19","ERK1/2"
"HDAC1","STAT1","ERK1/2"
"HDAC1","MEK1/2","ERK1/2"
"HDAC1","JAK1","ERK1/2"
"HDAC1","PTPN7","ERK1/2"
"HDAC1","CDKN2A","ERK1/2"
"HDAC1","IKK-complex","ERK1/2"
"HDAC1","MAPK8IP3","ERK1/2"
"HDAC1","MAPKAPK5","ERK1/2"
"HDAC1","DUSP16","ERK1/2"
"HDAC1","EPHA2","ERK1/2"
"HDAC1","PTPRR","ERK1/2"
"HDAC1","BDKRB2","ERK1/2"
"HDAC1","FLT4","ERK1/2"
"HDAC1","SNW1","ERK1/2"
"HDAC1","PRKCI","ERK1/2"
"HDAC1","GAB1","ERK1/2"
"HDAC1","PTPRA","ERK1/2"
"HDAC1","INPP5D","ERK1/2"
"HDAC1","EZH2","ERK1/2"
"HDAC1","BCR-Dk","ERK1/2"
"HDAC1","BCR-Ml","ERK1/2"
"HDAC1","NOTCH","ERK1/2"
"HDAC1","NCOA1","ERK1/2"
"HDAC1","TAB3","ERK1/2"
"HDAC1","OPTN","ERK1/2"
"HDAC1","SPRY2","ERK1/2"
"HDAC1","BCR-Dl","ERK1/2"
"HDAC1","IFIH1","ERK1/2"
"HDAC1","SH2B3","ERK1/2"
"HDAC1","CHUK","Gbeta"
"HDAC1","PTEN","Gbeta"
"HDAC1","MAPK8","Gbeta"
"HDAC1","MTOR","Gbeta"
"HDAC1","PTPN1","Gbeta"
"HDAC1","KRAS","Gbeta"
"HDAC1","EIF2AK2","Gbeta"
"HDAC1","PDPK1","Gbeta"
"HDAC1","MAP3K14","Gbeta"
"HDAC1","TGFBR2","Gbeta"
"HDAC1","CDK5","Gbeta"
"HDAC1","MAPK9","Gbeta"
"HDAC1","RACK1","Gbeta"
"HDAC1","PRKD1","Gbeta"
"HDAC1","YAP1","Gbeta"
"HDAC1","CD19","Gbeta"
"HDAC1","MAPK10","Gbeta"
"HDAC1","DYRK1B","Gbeta"
"HDAC1","MEK1/2","Gbeta"
"HDAC1","JAK1","Gbeta"
"HDAC1","IKK-complex","Gbeta"
"HDAC1","AXIN1","Gbeta"
"HDAC1","DUSP16","Gbeta"
"HDAC1","BDKRB2","Gbeta"
"HDAC1","ESR1","Gbeta"
"HDAC1","BCR-Ml","Gbeta"
"HDAC1","NOTCH","Gbeta"
"HDAC1","NCOA1","Gbeta"
"HDAC1","ZMIZ1","Gbeta"
"HDAC1","TAB3","Gbeta"
"HDAC1","NPM1","Gbeta"
"HDAC1","GCSAM","Gbeta"
"HDAC1","OPTN","Gbeta"
"HDAC1","BCR-Dl","Gbeta"
"HDAC1","DDX58","Gbeta"
"HDAC1","ROR2","Gbeta"
"HDAC1","PLCG2","Gbeta"
"HDAC1","CHUK","CDK5RAP2"
"HDAC1","SRC","CDK5RAP2"
"HDAC1","PTEN","CDK5RAP2"
"HDAC1","MAPK8","CDK5RAP2"
"HDAC1","PTPN1","CDK5RAP2"
"HDAC1","KRAS","CDK5RAP2"
"HDAC1","KIT","CDK5RAP2"
"HDAC1","PTPRJ","CDK5RAP2"
"HDAC1","EIF2AK2","CDK5RAP2"
"HDAC1","MAML3","CDK5RAP2"
"HDAC1","GSK3B","CDK5RAP2"
"HDAC1","PPP1R2","CDK5RAP2"
"HDAC1","CDK5","CDK5RAP2"
"HDAC1","MAPK9","CDK5RAP2"
"HDAC1","DAPK1","CDK5RAP2"
"HDAC1","NCK1","CDK5RAP2"
"HDAC1","TNK2","CDK5RAP2"
"HDAC1","YAP1","CDK5RAP2"
"HDAC1","HSP90AB1","CDK5RAP2"
"HDAC1","MAP2K2","CDK5RAP2"
"HDAC1","DYRK1B","CDK5RAP2"
"HDAC1","JAK1","CDK5RAP2"
"HDAC1","MAP4K1","CDK5RAP2"
"HDAC1","IKK-complex","CDK5RAP2"
"HDAC1","AXIN1","CDK5RAP2"
"HDAC1","EPHA2","CDK5RAP2"
"HDAC1","PTPRR","CDK5RAP2"
"HDAC1","BDKRB2","CDK5RAP2"
"HDAC1","BMX","CDK5RAP2"
"HDAC1","PTK2B","CDK5RAP2"
"HDAC1","NEK6","CDK5RAP2"
"HDAC1","CEP192","CDK5RAP2"
"HDAC1","GAB1","CDK5RAP2"
"HDAC1","PTPRA","CDK5RAP2"
"HDAC1","GRIP1","CDK5RAP2"
"HDAC1","ESR1","CDK5RAP2"
"HDAC1","INPP5D","CDK5RAP2"
"HDAC1","EZH2","CDK5RAP2"
"HDAC1","NOTCH","CDK5RAP2"
"HDAC1","FERMT2","CDK5RAP2"
"HDAC1","ZMIZ1","CDK5RAP2"
"HDAC1","NPM1","CDK5RAP2"
"HDAC1","GCSAM","CDK5RAP2"
"HDAC1","OPTN","CDK5RAP2"
"HDAC1","BCR-Dl","CDK5RAP2"
"HDAC1","ROR2","CDK5RAP2"
"HDAC1","IFIH1","CDK5RAP2"
"HDAC1","DAB1","CDK5RAP2"
"HDAC1","BCR-Mk","CDK5RAP2"
"HDAC1","SRC","PLK1"
"HDAC1","PTEN","PLK1"
"HDAC1","MAPK1","PLK1"
"HDAC1","Gbeta","PLK1"
"HDAC1","KRAS","PLK1"
"HDAC1","KIT","PLK1"
"HDAC1","EIF2AK2","PLK1"
"HDAC1","PDPK1","PLK1"
"HDAC1","MAP2K1","PLK1"
"HDAC1","WWTR1","PLK1"
"HDAC1","RACK1","PLK1"
"HDAC1","PXN","PLK1"
"HDAC1","MAPKAPK2","PLK1"
"HDAC1","PTK2","PLK1"
"HDAC1","ITK","PLK1"
"HDAC1","AHSA1","PLK1"
"HDAC1","BTK","PLK1"
"HDAC1","TNK2","PLK1"
"HDAC1","CD19","PLK1"
"HDAC1","STAT1","PLK1"
"HDAC1","HSP90AB1","PLK1"
"HDAC1","MAPK10","PLK1"
"HDAC1","DYRK1B","PLK1"
"HDAC1","JAK1","PLK1"
"HDAC1","PTPN7","PLK1"
"HDAC1","MAP4K1","PLK1"
"HDAC1","IKK-complex","PLK1"
"HDAC1","SHC1","PLK1"
"HDAC1","AXIN1","PLK1"
"HDAC1","EPHA2","PLK1"
"HDAC1","FLT4","PLK1"
"HDAC1","BMX","PLK1"
"HDAC1","PRKCI","PLK1"
"HDAC1","CTNND1","PLK1"
"HDAC1","PTPRA","PLK1"
"HDAC1","GRIP1","PLK1"
"HDAC1","ARRB2","PLK1"
"HDAC1","INPP5D","PLK1"
"HDAC1","PKMYT1","PLK1"
"HDAC1","GAB2","PLK1"
"HDAC1","EZH2","PLK1"
"HDAC1","BCR-Dk","PLK1"
"HDAC1","BCAR1","PLK1"
"HDAC1","BCR-Ml","PLK1"
"HDAC1","NOTCH","PLK1"
"HDAC1","NCOA1","PLK1"
"HDAC1","ZMIZ1","PLK1"
"HDAC1","GCSAM","PLK1"
"HDAC1","BCR-Dl","PLK1"
"HDAC1","DDX58","PLK1"
"HDAC1","SH2B3","PLK1"
"HDAC1","DAB1","PLK1"
"HDAC1","CHUK","LYN"
"HDAC1","SRC","LYN"
"HDAC1","AKT1","LYN"
"HDAC1","PRKCD","LYN"
"HDAC1","MAPK1","LYN"
"HDAC1","PTPN1","LYN"
"HDAC1","KIT","LYN"
"HDAC1","PTPRJ","LYN"
"HDAC1","MAML3","LYN"
"HDAC1","MAP3K14","LYN"
"HDAC1","GSK3B","LYN"
"HDAC1","TGFBR2","LYN"
"HDAC1","CDK5","LYN"
"HDAC1","AKT","LYN"
"HDAC1","MAPK9","LYN"
"HDAC1","WWTR1","LYN"
"HDAC1","PXN","LYN"
"HDAC1","PRKD1","LYN"
"HDAC1","ABL2","LYN"
"HDAC1","FBXW7","LYN"
"HDAC1","ITK","LYN"
"HDAC1","NCK1","LYN"
"HDAC1","AHSA1","LYN"
"HDAC1","BTK","LYN"
"HDAC1","TNK2","LYN"
"HDAC1","YAP1","LYN"
"HDAC1","CD19","LYN"
"HDAC1","STAT1","LYN"
"HDAC1","HSP90AB1","LYN"
"HDAC1","DVL2","LYN"
"HDAC1","MAP2K2","LYN"
"HDAC1","MAPK10","LYN"
"HDAC1","DYRK1B","LYN"
"HDAC1","MEK1/2","LYN"
"HDAC1","JAK1","LYN"
"HDAC1","PTPN7","LYN"
"HDAC1","EPS15","LYN"
"HDAC1","IKK-complex","LYN"
"HDAC1","SHC1","LYN"
"HDAC1","MAPK8IP3","LYN"
"HDAC1","MAPKAPK5","LYN"
"HDAC1","EPHA2","LYN"
"HDAC1","MAP3K8","LYN"
"HDAC1","FLT4","LYN"
"HDAC1","BMX","LYN"
"HDAC1","PTK2B","LYN"
"HDAC1","SNW1","LYN"
"HDAC1","NEK6","LYN"
"HDAC1","PRKCI","LYN"
"HDAC1","PIN1","LYN"
"HDAC1","CEP192","LYN"
"HDAC1","PTPRA","LYN"
"HDAC1","ARRB2","LYN"
"HDAC1","FERMT2","LYN"
"HDAC1","TAB3","LYN"
"HDAC1","SPRY2","LYN"
"HDAC1","DDX58","LYN"
"HDAC1","SH2B3","LYN"
"HDAC1","PTEN","KRAS"
"HDAC1","MAPK8","KRAS"
"HDAC1","PRKCD","KRAS"
"HDAC1","PTPN1","KRAS"
"HDAC1","MAP3K14","KRAS"
"HDAC1","MAP2K1","KRAS"
"HDAC1","GSK3B","KRAS"
"HDAC1","PAK2","KRAS"
"HDAC1","AKT","KRAS"
"HDAC1","WWTR1","KRAS"
"HDAC1","DAPK1","KRAS"
"HDAC1","PXN","KRAS"
"HDAC1","PRKD1","KRAS"
"HDAC1","AHSA1","KRAS"
"HDAC1","BTK","KRAS"
"HDAC1","TNK2","KRAS"
"HDAC1","YAP1","KRAS"
"HDAC1","CD19","KRAS"
"HDAC1","STAT1","KRAS"
"HDAC1","HSP90AB1","KRAS"
"HDAC1","DVL2","KRAS"
"HDAC1","MAP2K2","KRAS"
"HDAC1","MAPK10","KRAS"
"HDAC1","DYRK1B","KRAS"
"HDAC1","MEK1/2","KRAS"
"HDAC1","PTPN7","KRAS"
"HDAC1","MAP4K1","KRAS"
"HDAC1","EPS15","KRAS"
"HDAC1","SHC1","KRAS"
"HDAC1","MAPK8IP3","KRAS"
"HDAC1","MAPKAPK5","KRAS"
"HDAC1","PTPRR","KRAS"
"HDAC1","BDKRB2","KRAS"
"HDAC1","BMX","KRAS"
"HDAC1","PTK2B","KRAS"
"HDAC1","SNW1","KRAS"
"HDAC1","NEK6","KRAS"
"HDAC1","CTNND1","KRAS"
"HDAC1","CEP192","KRAS"
"HDAC1","GAB1","KRAS"
"HDAC1","PTPRA","KRAS"
"HDAC1","GAB2","KRAS"
"HDAC1","EZH2","KRAS"
"HDAC1","BCR-Dk","KRAS"
"HDAC1","NOTCH","KRAS"
"HDAC1","FERMT2","KRAS"
"HDAC1","ZMIZ1","KRAS"
"HDAC1","TAB3","KRAS"
"HDAC1","DAB1","KRAS"
"HDAC1","BCR-Mk","KRAS"
"HDAC1","PLCG2","KRAS"
"HDAC1","SRC","LCK"
"HDAC1","RPS6KA2","LCK"
"HDAC1","MAPK8","LCK"
"HDAC1","MTOR","LCK"
"HDAC1","AKT1","LCK"
"HDAC1","PRKCD","LCK"
"HDAC1","MAPK1","LCK"
"HDAC1","PTPN1","LCK"
"HDAC1","KIT","LCK"
"HDAC1","PTPRJ","LCK"
"HDAC1","RPS6KB1","LCK"
"HDAC1","EIF2AK2","LCK"
"HDAC1","MAML3","LCK"
"HDAC1","MAP2K1","LCK"
"HDAC1","GSK3B","LCK"
"HDAC1","TGFBR2","LCK"
"HDAC1","CDK5","LCK"
"HDAC1","MAPK9","LCK"
"HDAC1","PXN","LCK"
"HDAC1","PRKD1","LCK"
"HDAC1","FBXW7","LCK"
"HDAC1","STAT1","LCK"
"HDAC1","DVL2","LCK"
"HDAC1","MAPK10","LCK"
"HDAC1","DYRK1B","LCK"
"HDAC1","JAK1","LCK"
"HDAC1","CDKN2A","LCK"
"HDAC1","MAP4K1","LCK"
"HDAC1","IKK-complex","LCK"
"HDAC1","SHC1","LCK"
"HDAC1","AXIN1","LCK"
"HDAC1","BDKRB2","LCK"
"HDAC1","FLT4","LCK"
"HDAC1","PTK2B","LCK"
"HDAC1","SNW1","LCK"
"HDAC1","NEK6","LCK"
"HDAC1","PIN1","LCK"
"HDAC1","PARD6A","LCK"
"HDAC1","CEP192","LCK"
"HDAC1","PTPRA","LCK"
"HDAC1","GRIP1","LCK"
"HDAC1","ESR1","LCK"
"HDAC1","ARRB2","LCK"
"HDAC1","INPP5D","LCK"
"HDAC1","BCAR1","LCK"
"HDAC1","NOTCH","LCK"
"HDAC1","NCOA1","LCK"
"HDAC1","FERMT2","LCK"
"HDAC1","ZMIZ1","LCK"
"HDAC1","OPTN","LCK"
"HDAC1","IFIH1","LCK"
"HDAC1","DAB1","LCK"
"HDAC1","PLCG2","LCK"
"HDAC1","SRC","KIT"
"HDAC1","RPS6KA2","KIT"
"HDAC1","PTEN","KIT"
"HDAC1","MAPK8","KIT"
"HDAC1","PRKCD","KIT"
"HDAC1","MAPK1","KIT"
"HDAC1","Gbeta","KIT"
"HDAC1","PTPRJ","KIT"
"HDAC1","RPS6KB1","KIT"
"HDAC1","EIF2AK2","KIT"
"HDAC1","PDPK1","KIT"
"HDAC1","MAP2K1","KIT"
"HDAC1","PPP1R2","KIT"
"HDAC1","AKT","KIT"
"HDAC1","ABL2","KIT"
"HDAC1","FBXW7","KIT"
"HDAC1","AHSA1","KIT"
"HDAC1","TNK2","KIT"
"HDAC1","DVL2","KIT"
"HDAC1","MAP2K2","KIT"
"HDAC1","MAPK10","KIT"
"HDAC1","EPS15","KIT"
"HDAC1","AXIN1","KIT"
"HDAC1","DUSP16","KIT"
"HDAC1","EPHA2","KIT"
"HDAC1","PTK2B","KIT"
"HDAC1","PRKCI","KIT"
"HDAC1","CEP192","KIT"
"HDAC1","PTPRA","KIT"
"HDAC1","ESR1","KIT"
"HDAC1","INPP5D","KIT"
"HDAC1","BCR-Dk","KIT"
"HDAC1","BCR-Ml","KIT"
"HDAC1","NCOA1","KIT"
"HDAC1","SPRY2","KIT"
"HDAC1","IFIH1","KIT"
"HDAC1","DAB1","KIT"
"HDAC1","CHUK","PTPRJ"
"HDAC1","RPS6KA2","PTPRJ"
"HDAC1","MAPK8","PTPRJ"
"HDAC1","AKT1","PTPRJ"
"HDAC1","KRAS","PTPRJ"
"HDAC1","KIT","PTPRJ"
"HDAC1","MAP3K14","PTPRJ"
"HDAC1","MAP2K1","PTPRJ"
"HDAC1","CDK5","PTPRJ"
"HDAC1","DAPK1","PTPRJ"
"HDAC1","ITK","PTPRJ"
"HDAC1","TNK2","PTPRJ"
"HDAC1","STAT1","PTPRJ"
"HDAC1","DVL2","PTPRJ"
"HDAC1","MAP2K2","PTPRJ"
"HDAC1","CDKN2A","PTPRJ"
"HDAC1","IKK-complex","PTPRJ"
"HDAC1","MAPKAPK5","PTPRJ"
"HDAC1","DUSP16","PTPRJ"
"HDAC1","EPHA2","PTPRJ"
"HDAC1","MAP3K8","PTPRJ"
"HDAC1","FLT4","PTPRJ"
"HDAC1","SNW1","PTPRJ"
"HDAC1","PRKCI","PTPRJ"
"HDAC1","CTNND1","PTPRJ"
"HDAC1","PTPRA","PTPRJ"
"HDAC1","INPP5D","PTPRJ"
"HDAC1","BCR-Dk","PTPRJ"
"HDAC1","BCR-Ml","PTPRJ"
"HDAC1","NCOA1","PTPRJ"
"HDAC1","BCR-Dl","PTPRJ"
"HDAC1","IFIH1","PTPRJ"
"HDAC1","DAB1","PTPRJ"
"HDAC1","PLCG2","PTPRJ"
"HDAC1","CHUK","RPS6KB1"
"HDAC1","RPS6KA2","RPS6KB1"
"HDAC1","MTOR","RPS6KB1"
"HDAC1","AKT1","RPS6KB1"
"HDAC1","PTPN1","RPS6KB1"
"HDAC1","KRAS","RPS6KB1"
"HDAC1","KIT","RPS6KB1"
"HDAC1","PTPRJ","RPS6KB1"
"HDAC1","EIF2AK2","RPS6KB1"
"HDAC1","MAP3K14","RPS6KB1"
"HDAC1","MAP2K1","RPS6KB1"
"HDAC1","GSK3B","RPS6KB1"
"HDAC1","PPP1R2","RPS6KB1"
"HDAC1","MAPK9","RPS6KB1"
"HDAC1","NCK1","RPS6KB1"
"HDAC1","BTK","RPS6KB1"
"HDAC1","TNK2","RPS6KB1"
"HDAC1","CD19","RPS6KB1"
"HDAC1","MEK1/2","RPS6KB1"
"HDAC1","MAP4K1","RPS6KB1"
"HDAC1","SHC1","RPS6KB1"
"HDAC1","MAPK8IP3","RPS6KB1"
"HDAC1","BMX","RPS6KB1"
"HDAC1","PTK2B","RPS6KB1"
"HDAC1","PRKCI","RPS6KB1"
"HDAC1","CTNND1","RPS6KB1"
"HDAC1","PARD6A","RPS6KB1"
"HDAC1","PTPRA","RPS6KB1"
"HDAC1","ESR1","RPS6KB1"
"HDAC1","ARRB2","RPS6KB1"
"HDAC1","GAB2","RPS6KB1"
"HDAC1","BCR-Dk","RPS6KB1"
"HDAC1","BCAR1","RPS6KB1"
"HDAC1","NCOA1","RPS6KB1"
"HDAC1","TAB3","RPS6KB1"
"HDAC1","NPM1","RPS6KB1"
"HDAC1","GCSAM","RPS6KB1"
"HDAC1","OPTN","RPS6KB1"
"HDAC1","SPRY2","RPS6KB1"
"HDAC1","ROR2","RPS6KB1"
"HDAC1","IFIH1","RPS6KB1"
"HDAC1","BCR-Mk","RPS6KB1"
"HDAC1","CHUK","EP300"
"HDAC1","MAPK8","EP300"
"HDAC1","MTOR","EP300"
"HDAC1","AKT1","EP300"
"HDAC1","MAPK1","EP300"
"HDAC1","KRAS","EP300"
"HDAC1","PTPRJ","EP300"
"HDAC1","MAML3","EP300"
"HDAC1","MAP2K1","EP300"
"HDAC1","GSK3B","EP300"
"HDAC1","PPP1R2","EP300"
"HDAC1","CDK5","EP300"
"HDAC1","AKT","EP300"
"HDAC1","WWTR1","EP300"
"HDAC1","DAPK1","EP300"
"HDAC1","ABL2","EP300"
"HDAC1","NCK1","EP300"
"HDAC1","AHSA1","EP300"
"HDAC1","TNK2","EP300"
"HDAC1","YAP1","EP300"
"HDAC1","HSP90AB1","EP300"
"HDAC1","MAP2K2","EP300"
"HDAC1","MEK1/2","EP300"
"HDAC1","PTPN7","EP300"
"HDAC1","MAP4K1","EP300"
"HDAC1","SHC1","EP300"
"HDAC1","MAPKAPK5","EP300"
"HDAC1","DUSP16","EP300"
"HDAC1","EPHA2","EP300"
"HDAC1","FLT4","EP300"
"HDAC1","CTNND1","EP300"
"HDAC1","PIN1","EP300"
"HDAC1","CEP192","EP300"
"HDAC1","GRIP1","EP300"
"HDAC1","ESR1","EP300"
"HDAC1","ARRB2","EP300"
"HDAC1","GAB2","EP300"
"HDAC1","EZH2","EP300"
"HDAC1","NOTCH","EP300"
"HDAC1","NCOA1","EP300"
"HDAC1","FERMT2","EP300"
"HDAC1","ZMIZ1","EP300"
"HDAC1","TAB3","EP300"
"HDAC1","NPM1","EP300"
"HDAC1","GCSAM","EP300"
"HDAC1","OPTN","EP300"
"HDAC1","BCR-Dl","EP300"
"HDAC1","DDX58","EP300"
"HDAC1","IFIH1","EP300"
"HDAC1","PLCG2","EP300"
"HDAC1","CHUK","ABL1"
"HDAC1","SRC","ABL1"
"HDAC1","PTEN","ABL1"
"HDAC1","MTOR","ABL1"
"HDAC1","KIT","ABL1"
"HDAC1","PTPRJ","ABL1"
"HDAC1","RPS6KB1","ABL1"
"HDAC1","PDPK1","ABL1"
"HDAC1","MAP3K14","ABL1"
"HDAC1","MAP2K1","ABL1"
"HDAC1","TGFBR2","ABL1"
"HDAC1","AKT","ABL1"
"HDAC1","MAPK9","ABL1"
"HDAC1","DAPK1","ABL1"
"HDAC1","ITK","ABL1"
"HDAC1","TNK2","ABL1"
"HDAC1","YAP1","ABL1"
"HDAC1","CD19","ABL1"
"HDAC1","DVL2","ABL1"
"HDAC1","JAK1","ABL1"
"HDAC1","PTPN7","ABL1"
"HDAC1","SHC1","ABL1"
"HDAC1","AXIN1","ABL1"
"HDAC1","DUSP16","ABL1"
"HDAC1","EPHA2","ABL1"
"HDAC1","MAP3K8","ABL1"
"HDAC1","PRKCI","ABL1"
"HDAC1","CTNND1","ABL1"
"HDAC1","PIN1","ABL1"
"HDAC1","CEP192","ABL1"
"HDAC1","PTPRA","ABL1"
"HDAC1","ESR1","ABL1"
"HDAC1","CD28","ABL1"
"HDAC1","INPP5D","ABL1"
"HDAC1","GAB2","ABL1"
"HDAC1","BCR-Dk","ABL1"
"HDAC1","BCAR1","ABL1"
"HDAC1","NOTCH","ABL1"
"HDAC1","TAB3","ABL1"
"HDAC1","NPM1","ABL1"
"HDAC1","OPTN","ABL1"
"HDAC1","PLCG1","ABL1"
"HDAC1","DDX58","ABL1"
"HDAC1","ROR2","ABL1"
"HDAC1","SH2B3","ABL1"
"HDAC1","BCR-Mk","ABL1"
"HDAC1","DOK3","ABL1"
"HDAC1","PLCG2","ABL1"
"HDAC1","CHUK","CHEK2"
"HDAC1","SRC","CHEK2"
"HDAC1","RPS6KA2","CHEK2"
"HDAC1","PTPRJ","CHEK2"
"HDAC1","MAP3K14","CHEK2"
"HDAC1","MAP2K1","CHEK2"
"HDAC1","TGFBR2","CHEK2"
"HDAC1","PAK2","CHEK2"
"HDAC1","AKT","CHEK2"
"HDAC1","RACK1","CHEK2"
"HDAC1","DAPK1","CHEK2"
"HDAC1","FBXW7","CHEK2"
"HDAC1","TTK","CHEK2"
"HDAC1","AHSA1","CHEK2"
"HDAC1","TNK2","CHEK2"
"HDAC1","DVL2","CHEK2"
"HDAC1","MAPK10","CHEK2"
"HDAC1","JAK1","CHEK2"
"HDAC1","CDKN2A","CHEK2"
"HDAC1","IKK-complex","CHEK2"
"HDAC1","BDKRB2","CHEK2"
"HDAC1","BMX","CHEK2"
"HDAC1","PTK2B","CHEK2"
"HDAC1","SNW1","CHEK2"
"HDAC1","ESR1","CHEK2"
"HDAC1","ARRB2","CHEK2"
"HDAC1","EZH2","CHEK2"
"HDAC1","BCR-Dk","CHEK2"
"HDAC1","BCAR1","CHEK2"
"HDAC1","BCR-Ml","CHEK2"
"HDAC1","FERMT2","CHEK2"
"HDAC1","ZMIZ1","CHEK2"
"HDAC1","OPTN","CHEK2"
"HDAC1","BCR-Dl","CHEK2"
"HDAC1","DDX58","CHEK2"
"HDAC1","ROR2","CHEK2"
"HDAC1","IFIH1","CHEK2"
"HDAC1","DAB1","CHEK2"
"HDAC1","BCR-Mk","CHEK2"
"HDAC1","RPS6KA2","CDK2"
"HDAC1","PTEN","CDK2"
"HDAC1","MAPK8","CDK2"
"HDAC1","PTPN1","CDK2"
"HDAC1","Gbeta","CDK2"
"HDAC1","KIT","CDK2"
"HDAC1","PTPRJ","CDK2"
"HDAC1","PDPK1","CDK2"
"HDAC1","GSK3B","CDK2"
"HDAC1","TGFBR2","CDK2"
"HDAC1","PPP1R2","CDK2"
"HDAC1","AKT","CDK2"
"HDAC1","MAPK9","CDK2"
"HDAC1","RACK1","CDK2"
"HDAC1","DAPK1","CDK2"
"HDAC1","ABL2","CDK2"
"HDAC1","ITK","CDK2"
"HDAC1","NCK1","CDK2"
"HDAC1","AHSA1","CDK2"
"HDAC1","BTK","CDK2"
"HDAC1","TNK2","CDK2"
"HDAC1","YAP1","CDK2"
"HDAC1","CD19","CDK2"
"HDAC1","STAT1","CDK2"
"HDAC1","HSP90AB1","CDK2"
"HDAC1","MAP2K2","CDK2"
"HDAC1","MAPK10","CDK2"
"HDAC1","DYRK1B","CDK2"
"HDAC1","MEK1/2","CDK2"
"HDAC1","JAK1","CDK2"
"HDAC1","PTPN7","CDK2"
"HDAC1","MAP4K1","CDK2"
"HDAC1","EPS15","CDK2"
"HDAC1","IKK-complex","CDK2"
"HDAC1","MAPKAPK5","CDK2"
"HDAC1","DUSP16","CDK2"
"HDAC1","EPHA2","CDK2"
"HDAC1","FLT4","CDK2"
"HDAC1","PTK2B","CDK2"
"HDAC1","NEK6","CDK2"
"HDAC1","PRKCI","CDK2"
"HDAC1","CTNND1","CDK2"
"HDAC1","PIN1","CDK2"
"HDAC1","PARD6A","CDK2"
"HDAC1","ESR1","CDK2"
"HDAC1","ARRB2","CDK2"
"HDAC1","GAB2","CDK2"
"HDAC1","BCAR1","CDK2"
"HDAC1","BCR-Ml","CDK2"
"HDAC1","NOTCH","CDK2"
"HDAC1","ZMIZ1","CDK2"
"HDAC1","TAB3","CDK2"
"HDAC1","GCSAM","CDK2"
"HDAC1","OPTN","CDK2"
"HDAC1","SPRY2","CDK2"
"HDAC1","BCR-Dl","CDK2"
"HDAC1","ROR2","CDK2"
"HDAC1","BCR-Mk","CDK2"
"HDAC1","PLCG2","CDK2"
"HDAC1","CHUK","RPS6KA5"
"HDAC1","MAPK8","RPS6KA5"
"HDAC1","MTOR","RPS6KA5"
"HDAC1","MAPK1","RPS6KA5"
"HDAC1","PTPN1","RPS6KA5"
"HDAC1","KIT","RPS6KA5"
"HDAC1","PDPK1","RPS6KA5"
"HDAC1","MAP3K14","RPS6KA5"
"HDAC1","TGFBR2","RPS6KA5"
"HDAC1","CDK5","RPS6KA5"
"HDAC1","MAPK9","RPS6KA5"
"HDAC1","WWTR1","RPS6KA5"
"HDAC1","DAPK1","RPS6KA5"
"HDAC1","PRKD1","RPS6KA5"
"HDAC1","ABL2","RPS6KA5"
"HDAC1","NCK1","RPS6KA5"
"HDAC1","AHSA1","RPS6KA5"
"HDAC1","TNK2","RPS6KA5"
"HDAC1","YAP1","RPS6KA5"
"HDAC1","STAT1","RPS6KA5"
"HDAC1","HSP90AB1","RPS6KA5"
"HDAC1","DVL2","RPS6KA5"
"HDAC1","MAP2K2","RPS6KA5"
"HDAC1","MAPK10","RPS6KA5"
"HDAC1","DYRK1B","RPS6KA5"
"HDAC1","MEK1/2","RPS6KA5"
"HDAC1","JAK1","RPS6KA5"
"HDAC1","PTPN7","RPS6KA5"
"HDAC1","CDKN2A","RPS6KA5"
"HDAC1","EPS15","RPS6KA5"
"HDAC1","IKK-complex","RPS6KA5"
"HDAC1","MAPK8IP3","RPS6KA5"
"HDAC1","AXIN1","RPS6KA5"
"HDAC1","DUSP16","RPS6KA5"
"HDAC1","PTPRR","RPS6KA5"
"HDAC1","BMX","RPS6KA5"
"HDAC1","SNW1","RPS6KA5"
"HDAC1","NEK6","RPS6KA5"
"HDAC1","PRKCI","RPS6KA5"
"HDAC1","PARD6A","RPS6KA5"
"HDAC1","GAB1","RPS6KA5"
"HDAC1","PTPRA","RPS6KA5"
"HDAC1","GRIP1","RPS6KA5"
"HDAC1","ESR1","RPS6KA5"
"HDAC1","INPP5D","RPS6KA5"
"HDAC1","BCR-Dk","RPS6KA5"
"HDAC1","BCR-Ml","RPS6KA5"
"HDAC1","FERMT2","RPS6KA5"
"HDAC1","OPTN","RPS6KA5"
"HDAC1","DDX58","RPS6KA5"
"HDAC1","SH2B3","RPS6KA5"
"HDAC1","DAB1","RPS6KA5"
"HDAC1","BCR-Mk","RPS6KA5"
"HDAC1","PLCG2","RPS6KA5"
"HDAC1","CHUK","JAK2"
"HDAC1","MAPK8","JAK2"
"HDAC1","PRKCD","JAK2"
"HDAC1","Gbeta","JAK2"
"HDAC1","KRAS","JAK2"
"HDAC1","PTPRJ","JAK2"
"HDAC1","MAP3K14","JAK2"
"HDAC1","PPP1R2","JAK2"
"HDAC1","MAPK9","JAK2"
"HDAC1","WWTR1","JAK2"
"HDAC1","RACK1","JAK2"
"HDAC1","PXN","JAK2"
"HDAC1","ABL2","JAK2"
"HDAC1","FBXW7","JAK2"
"HDAC1","BTK","JAK2"
"HDAC1","STAT1","JAK2"
"HDAC1","HSP90AB1","JAK2"
"HDAC1","MAPK10","JAK2"
"HDAC1","DYRK1B","JAK2"
"HDAC1","MEK1/2","JAK2"
"HDAC1","JAK1","JAK2"
"HDAC1","CDKN2A","JAK2"
"HDAC1","MAP4K1","JAK2"
"HDAC1","EPHA2","JAK2"
"HDAC1","MAP3K8","JAK2"
"HDAC1","PTPRR","JAK2"
"HDAC1","BDKRB2","JAK2"
"HDAC1","FLT4","JAK2"
"HDAC1","NEK6","JAK2"
"HDAC1","PRKCI","JAK2"
"HDAC1","GAB1","JAK2"
"HDAC1","GRIP1","JAK2"
"HDAC1","ESR1","JAK2"
"HDAC1","ARRB2","JAK2"
"HDAC1","GAB2","JAK2"
"HDAC1","EZH2","JAK2"
"HDAC1","NOTCH","JAK2"
"HDAC1","FERMT2","JAK2"
"HDAC1","GCSAM","JAK2"
"HDAC1","BCR-Dl","JAK2"
"HDAC1","DDX58","JAK2"
"HDAC1","PLCG2","JAK2"
"HDAC1","CHUK","PPP1CA"
"HDAC1","RPS6KA2","PPP1CA"
"HDAC1","PTEN","PPP1CA"
"HDAC1","MAPK8","PPP1CA"
"HDAC1","MTOR","PPP1CA"
"HDAC1","AKT1","PPP1CA"
"HDAC1","PRKCD","PPP1CA"
"HDAC1","KIT","PPP1CA"
"HDAC1","PTPRJ","PPP1CA"
"HDAC1","RPS6KB1","PPP1CA"
"HDAC1","PDPK1","PPP1CA"
"HDAC1","MAP3K14","PPP1CA"
"HDAC1","MAP2K1","PPP1CA"
"HDAC1","CDK5","PPP1CA"
"HDAC1","AKT","PPP1CA"
"HDAC1","RACK1","PPP1CA"
"HDAC1","PRKD1","PPP1CA"
"HDAC1","ABL2","PPP1CA"
"HDAC1","ITK","PPP1CA"
"HDAC1","NCK1","PPP1CA"
"HDAC1","BTK","PPP1CA"
"HDAC1","YAP1","PPP1CA"
"HDAC1","DYRK1B","PPP1CA"
"HDAC1","MEK1/2","PPP1CA"
"HDAC1","MAP4K1","PPP1CA"
"HDAC1","EPS15","PPP1CA"
"HDAC1","IKK-complex","PPP1CA"
"HDAC1","MAPK8IP3","PPP1CA"
"HDAC1","MAP3K8","PPP1CA"
"HDAC1","BDKRB2","PPP1CA"
"HDAC1","FLT4","PPP1CA"
"HDAC1","BMX","PPP1CA"
"HDAC1","PTK2B","PPP1CA"
"HDAC1","SNW1","PPP1CA"
"HDAC1","CTNND1","PPP1CA"
"HDAC1","PIN1","PPP1CA"
"HDAC1","PARD6A","PPP1CA"
"HDAC1","GAB1","PPP1CA"
"HDAC1","GAB2","PPP1CA"
"HDAC1","BCR-Dk","PPP1CA"
"HDAC1","BCAR1","PPP1CA"
"HDAC1","NOTCH","PPP1CA"
"HDAC1","FERMT2","PPP1CA"
"HDAC1","SPRY2","PPP1CA"
"HDAC1","ROR2","PPP1CA"
"HDAC1","CHUK","EIF2AK2"
"HDAC1","SRC","EIF2AK2"
"HDAC1","RPS6KA2","EIF2AK2"
"HDAC1","MTOR","EIF2AK2"
"HDAC1","AKT1","EIF2AK2"
"HDAC1","PRKCD","EIF2AK2"
"HDAC1","Gbeta","EIF2AK2"
"HDAC1","KRAS","EIF2AK2"
"HDAC1","KIT","EIF2AK2"
"HDAC1","RPS6KB1","EIF2AK2"
"HDAC1","PDPK1","EIF2AK2"
"HDAC1","MAML3","EIF2AK2"
"HDAC1","MAP3K14","EIF2AK2"
"HDAC1","AKT","EIF2AK2"
"HDAC1","MAPK9","EIF2AK2"
"HDAC1","RACK1","EIF2AK2"
"HDAC1","DAPK1","EIF2AK2"
"HDAC1","PXN","EIF2AK2"
"HDAC1","PRKD1","EIF2AK2"
"HDAC1","AHSA1","EIF2AK2"
"HDAC1","BTK","EIF2AK2"
"HDAC1","HSP90AB1","EIF2AK2"
"HDAC1","DVL2","EIF2AK2"
"HDAC1","MEK1/2","EIF2AK2"
"HDAC1","PTPN7","EIF2AK2"
"HDAC1","CDKN2A","EIF2AK2"
"HDAC1","EPS15","EIF2AK2"
"HDAC1","MAPK8IP3","EIF2AK2"
"HDAC1","MAPKAPK5","EIF2AK2"
"HDAC1","DUSP16","EIF2AK2"
"HDAC1","PARD6A","EIF2AK2"
"HDAC1","CEP192","EIF2AK2"
"HDAC1","PTPRA","EIF2AK2"
"HDAC1","GRIP1","EIF2AK2"
"HDAC1","ESR1","EIF2AK2"
"HDAC1","ARRB2","EIF2AK2"
"HDAC1","GAB2","EIF2AK2"
"HDAC1","BCAR1","EIF2AK2"
"HDAC1","NOTCH","EIF2AK2"
"HDAC1","NCOA1","EIF2AK2"
"HDAC1","FERMT2","EIF2AK2"
"HDAC1","ZMIZ1","EIF2AK2"
"HDAC1","TAB3","EIF2AK2"
"HDAC1","NPM1","EIF2AK2"
"HDAC1","GCSAM","EIF2AK2"
"HDAC1","OPTN","EIF2AK2"
"HDAC1","BCR-Dl","EIF2AK2"
"HDAC1","DDX58","EIF2AK2"
"HDAC1","ROR2","EIF2AK2"
"HDAC1","SH2B3","EIF2AK2"
"HDAC1","PTEN","PDPK1"
"HDAC1","MAPK8","PDPK1"
"HDAC1","PRKCD","PDPK1"
"HDAC1","MAPK1","PDPK1"
"HDAC1","EIF2AK2","PDPK1"
"HDAC1","MAML3","PDPK1"
"HDAC1","MAP2K1","PDPK1"
"HDAC1","GSK3B","PDPK1"
"HDAC1","TGFBR2","PDPK1"
"HDAC1","PPP1R2","PDPK1"
"HDAC1","MAPK9","PDPK1"
"HDAC1","DAPK1","PDPK1"
"HDAC1","ABL2","PDPK1"
"HDAC1","YAP1","PDPK1"
"HDAC1","CD19","PDPK1"
"HDAC1","HSP90AB1","PDPK1"
"HDAC1","DVL2","PDPK1"
"HDAC1","PTPN7","PDPK1"
"HDAC1","IKK-complex","PDPK1"
"HDAC1","SHC1","PDPK1"
"HDAC1","MAPK8IP3","PDPK1"
"HDAC1","AXIN1","PDPK1"
"HDAC1","MAPKAPK5","PDPK1"
"HDAC1","PTK2B","PDPK1"
"HDAC1","SNW1","PDPK1"
"HDAC1","PRKCI","PDPK1"
"HDAC1","PARD6A","PDPK1"
"HDAC1","GAB1","PDPK1"
"HDAC1","PTPRA","PDPK1"
"HDAC1","GRIP1","PDPK1"
"HDAC1","ESR1","PDPK1"
"HDAC1","ARRB2","PDPK1"
"HDAC1","INPP5D","PDPK1"
"HDAC1","BCR-Dk","PDPK1"
"HDAC1","BCAR1","PDPK1"
"HDAC1","BCR-Ml","PDPK1"
"HDAC1","ZMIZ1","PDPK1"
"HDAC1","TAB3","PDPK1"
"HDAC1","NPM1","PDPK1"
"HDAC1","SPRY2","PDPK1"
"HDAC1","BCR-Dl","PDPK1"
"HDAC1","IFIH1","PDPK1"
"HDAC1","SH2B3","PDPK1"
"HDAC1","BCR-Mk","PDPK1"
"HDAC1","PLCG2","PDPK1"
"HDAC1","PRKCD","TP53BP2"
"HDAC1","Gbeta","TP53BP2"
"HDAC1","KIT","TP53BP2"
"HDAC1","MAP3K14","TP53BP2"
"HDAC1","GSK3B","TP53BP2"
"HDAC1","TGFBR2","TP53BP2"
"HDAC1","PPP1R2","TP53BP2"
"HDAC1","CDK5","TP53BP2"
"HDAC1","AKT","TP53BP2"
"HDAC1","MAPK9","TP53BP2"
"HDAC1","WWTR1","TP53BP2"
"HDAC1","PXN","TP53BP2"
"HDAC1","PRKD1","TP53BP2"
"HDAC1","ITK","TP53BP2"
"HDAC1","NCK1","TP53BP2"
"HDAC1","CD19","TP53BP2"
"HDAC1","HSP90AB1","TP53BP2"
"HDAC1","MAP2K2","TP53BP2"
"HDAC1","MEK1/2","TP53BP2"
"HDAC1","PTPN7","TP53BP2"
"HDAC1","CDKN2A","TP53BP2"
"HDAC1","MAPK8IP3","TP53BP2"
"HDAC1","MAPKAPK5","TP53BP2"
"HDAC1","DUSP16","TP53BP2"
"HDAC1","EPHA2","TP53BP2"
"HDAC1","BDKRB2","TP53BP2"
"HDAC1","BMX","TP53BP2"
"HDAC1","NEK6","TP53BP2"
"HDAC1","CTNND1","TP53BP2"
"HDAC1","PIN1","TP53BP2"
"HDAC1","PTPRA","TP53BP2"
"HDAC1","ESR1","TP53BP2"
"HDAC1","GAB2","TP53BP2"
"HDAC1","EZH2","TP53BP2"
"HDAC1","BCR-Dk","TP53BP2"
"HDAC1","BCAR1","TP53BP2"
"HDAC1","NOTCH","TP53BP2"
"HDAC1","NCOA1","TP53BP2"
"HDAC1","FERMT2","TP53BP2"
"HDAC1","BCR-Dl","TP53BP2"
"HDAC1","DDX58","TP53BP2"
"HDAC1","ROR2","TP53BP2"
"HDAC1","IFIH1","TP53BP2"
"HDAC1","SH2B3","TP53BP2"
"HDAC1","BCR-Mk","TP53BP2"
"HDAC1","SRC","MAML3"
"HDAC1","MAPK8","MAML3"
"HDAC1","PRKCD","MAML3"
"HDAC1","KRAS","MAML3"
"HDAC1","KIT","MAML3"
"HDAC1","RPS6KB1","MAML3"
"HDAC1","EIF2AK2","MAML3"
"HDAC1","MAP2K1","MAML3"
"HDAC1","CDK5","MAML3"
"HDAC1","AKT","MAML3"
"HDAC1","PXN","MAML3"
"HDAC1","PRKD1","MAML3"
"HDAC1","ABL2","MAML3"
"HDAC1","ITK","MAML3"
"HDAC1","NCK1","MAML3"
"HDAC1","AHSA1","MAML3"
"HDAC1","BTK","MAML3"
"HDAC1","CD19","MAML3"
"HDAC1","MAP2K2","MAML3"
"HDAC1","MAPK10","MAML3"
"HDAC1","DYRK1B","MAML3"
"HDAC1","MEK1/2","MAML3"
"HDAC1","JAK1","MAML3"
"HDAC1","CDKN2A","MAML3"
"HDAC1","MAP4K1","MAML3"
"HDAC1","IKK-complex","MAML3"
"HDAC1","AXIN1","MAML3"
"HDAC1","MAPKAPK5","MAML3"
"HDAC1","DUSP16","MAML3"
"HDAC1","EPHA2","MAML3"
"HDAC1","MAP3K8","MAML3"
"HDAC1","FLT4","MAML3"
"HDAC1","PTK2B","MAML3"
"HDAC1","SNW1","MAML3"
"HDAC1","NEK6","MAML3"
"HDAC1","PRKCI","MAML3"
"HDAC1","CTNND1","MAML3"
"HDAC1","PARD6A","MAML3"
"HDAC1","GRIP1","MAML3"
"HDAC1","BCR-Dk","MAML3"
"HDAC1","BCAR1","MAML3"
"HDAC1","BCR-Ml","MAML3"
"HDAC1","NCOA1","MAML3"
"HDAC1","FERMT2","MAML3"
"HDAC1","TAB3","MAML3"
"HDAC1","NPM1","MAML3"
"HDAC1","OPTN","MAML3"
"HDAC1","BCR-Dl","MAML3"
"HDAC1","SH2B3","MAML3"
"HDAC1","BCR-Mk","MAML3"
"HDAC1","AKT1","MAP3K14"
"HDAC1","Gbeta","MAP3K14"
"HDAC1","RPS6KB1","MAP3K14"
"HDAC1","EIF2AK2","MAP3K14"
"HDAC1","TGFBR2","MAP3K14"
"HDAC1","AKT","MAP3K14"
"HDAC1","MAPK9","MAP3K14"
"HDAC1","WWTR1","MAP3K14"
"HDAC1","DAPK1","MAP3K14"
"HDAC1","PXN","MAP3K14"
"HDAC1","FBXW7","MAP3K14"
"HDAC1","ITK","MAP3K14"
"HDAC1","YAP1","MAP3K14"
"HDAC1","HSP90AB1","MAP3K14"
"HDAC1","MAP2K2","MAP3K14"
"HDAC1","MAPK10","MAP3K14"
"HDAC1","CDKN2A","MAP3K14"
"HDAC1","EPS15","MAP3K14"
"HDAC1","SHC1","MAP3K14"
"HDAC1","MAPK8IP3","MAP3K14"
"HDAC1","AXIN1","MAP3K14"
"HDAC1","MAPKAPK5","MAP3K14"
"HDAC1","EPHA2","MAP3K14"
"HDAC1","BDKRB2","MAP3K14"
"HDAC1","FLT4","MAP3K14"
"HDAC1","BMX","MAP3K14"
"HDAC1","SNW1","MAP3K14"
"HDAC1","NEK6","MAP3K14"
"HDAC1","PRKCI","MAP3K14"
"HDAC1","PIN1","MAP3K14"
"HDAC1","CEP192","MAP3K14"
"HDAC1","PTPRA","MAP3K14"
"HDAC1","INPP5D","MAP3K14"
"HDAC1","EZH2","MAP3K14"
"HDAC1","BCAR1","MAP3K14"
"HDAC1","BCR-Ml","MAP3K14"
"HDAC1","NOTCH","MAP3K14"
"HDAC1","NCOA1","MAP3K14"
"HDAC1","ZMIZ1","MAP3K14"
"HDAC1","NPM1","MAP3K14"
"HDAC1","BCR-Dl","MAP3K14"
"HDAC1","ROR2","MAP3K14"
"HDAC1","IFIH1","MAP3K14"
"HDAC1","SH2B3","MAP3K14"
"HDAC1","DAB1","MAP3K14"
"HDAC1","CHUK","RPS6KA1"
"HDAC1","SRC","RPS6KA1"
"HDAC1","RPS6KA2","RPS6KA1"
"HDAC1","PTPN1","RPS6KA1"
"HDAC1","Gbeta","RPS6KA1"
"HDAC1","KIT","RPS6KA1"
"HDAC1","RPS6KB1","RPS6KA1"
"HDAC1","GSK3B","RPS6KA1"
"HDAC1","PAK2","RPS6KA1"
"HDAC1","PPP1R2","RPS6KA1"
"HDAC1","AKT","RPS6KA1"
"HDAC1","MAPK9","RPS6KA1"
"HDAC1","WWTR1","RPS6KA1"
"HDAC1","DAPK1","RPS6KA1"
"HDAC1","PXN","RPS6KA1"
"HDAC1","PRKD1","RPS6KA1"
"HDAC1","ABL2","RPS6KA1"
"HDAC1","ITK","RPS6KA1"
"HDAC1","BTK","RPS6KA1"
"HDAC1","YAP1","RPS6KA1"
"HDAC1","CD19","RPS6KA1"
"HDAC1","STAT1","RPS6KA1"
"HDAC1","HSP90AB1","RPS6KA1"
"HDAC1","DVL2","RPS6KA1"
"HDAC1","MAP2K2","RPS6KA1"
"HDAC1","DYRK1B","RPS6KA1"
"HDAC1","JAK1","RPS6KA1"
"HDAC1","PTPN7","RPS6KA1"
"HDAC1","CDKN2A","RPS6KA1"
"HDAC1","MAP4K1","RPS6KA1"
"HDAC1","EPS15","RPS6KA1"
"HDAC1","IKK-complex","RPS6KA1"
"HDAC1","SHC1","RPS6KA1"
"HDAC1","MAPK8IP3","RPS6KA1"
"HDAC1","AXIN1","RPS6KA1"
"HDAC1","DUSP16","RPS6KA1"
"HDAC1","PTPRR","RPS6KA1"
"HDAC1","FLT4","RPS6KA1"
"HDAC1","PTK2B","RPS6KA1"
"HDAC1","PRKCI","RPS6KA1"
"HDAC1","PIN1","RPS6KA1"
"HDAC1","PTPRA","RPS6KA1"
"HDAC1","ARRB2","RPS6KA1"
"HDAC1","EZH2","RPS6KA1"
"HDAC1","BCR-Dk","RPS6KA1"
"HDAC1","NCOA1","RPS6KA1"
"HDAC1","ZMIZ1","RPS6KA1"
"HDAC1","TAB3","RPS6KA1"
"HDAC1","GCSAM","RPS6KA1"
"HDAC1","SPRY2","RPS6KA1"
"HDAC1","BCR-Dl","RPS6KA1"
"HDAC1","DDX58","RPS6KA1"
"HDAC1","DAB1","RPS6KA1"
"HDAC1","BCR-Mk","RPS6KA1"
"HDAC1","SRC","VAV1"
"HDAC1","MAPK8","VAV1"
"HDAC1","MTOR","VAV1"
"HDAC1","PRKCD","VAV1"
"HDAC1","KIT","VAV1"
"HDAC1","RPS6KB1","VAV1"
"HDAC1","EIF2AK2","VAV1"
"HDAC1","PDPK1","VAV1"
"HDAC1","GSK3B","VAV1"
"HDAC1","TGFBR2","VAV1"
"HDAC1","PAK2","VAV1"
"HDAC1","PPP1R2","VAV1"
"HDAC1","AKT","VAV1"
"HDAC1","MAPK9","VAV1"
"HDAC1","PRKD1","VAV1"
"HDAC1","ABL2","VAV1"
"HDAC1","FBXW7","VAV1"
"HDAC1","NCK1","VAV1"
"HDAC1","AHSA1","VAV1"
"HDAC1","YAP1","VAV1"
"HDAC1","CD19","VAV1"
"HDAC1","STAT1","VAV1"
"HDAC1","HSP90AB1","VAV1"
"HDAC1","DVL2","VAV1"
"HDAC1","MAP2K2","VAV1"
"HDAC1","MAPK10","VAV1"
"HDAC1","DYRK1B","VAV1"
"HDAC1","MEK1/2","VAV1"
"HDAC1","JAK1","VAV1"
"HDAC1","EPS15","VAV1"
"HDAC1","IKK-complex","VAV1"
"HDAC1","MAPKAPK5","VAV1"
"HDAC1","EPHA2","VAV1"
"HDAC1","MAP3K8","VAV1"
"HDAC1","FLT4","VAV1"
"HDAC1","SNW1","VAV1"
"HDAC1","PRKCI","VAV1"
"HDAC1","CTNND1","VAV1"
"HDAC1","PIN1","VAV1"
"HDAC1","PARD6A","VAV1"
"HDAC1","CEP192","VAV1"
"HDAC1","PTPRA","VAV1"
"HDAC1","GRIP1","VAV1"
"HDAC1","ARRB2","VAV1"
"HDAC1","NOTCH","VAV1"
"HDAC1","ZMIZ1","VAV1"
"HDAC1","TAB3","VAV1"
"HDAC1","GCSAM","VAV1"
"HDAC1","BCR-Dl","VAV1"
"HDAC1","IFIH1","VAV1"
"HDAC1","CHUK","PAK6"
"HDAC1","SRC","PAK6"
"HDAC1","RPS6KA2","PAK6"
"HDAC1","PTEN","PAK6"
"HDAC1","MTOR","PAK6"
"HDAC1","PRKCD","PAK6"
"HDAC1","MAPK1","PAK6"
"HDAC1","PTPN1","PAK6"
"HDAC1","Gbeta","PAK6"
"HDAC1","KRAS","PAK6"
"HDAC1","KIT","PAK6"
"HDAC1","EIF2AK2","PAK6"
"HDAC1","MAML3","PAK6"
"HDAC1","MAP3K14","PAK6"
"HDAC1","MAP2K1","PAK6"
"HDAC1","GSK3B","PAK6"
"HDAC1","TGFBR2","PAK6"
"HDAC1","PAK2","PAK6"
"HDAC1","PPP1R2","PAK6"
"HDAC1","CDK5","PAK6"
"HDAC1","AKT","PAK6"
"HDAC1","MAPK9","PAK6"
"HDAC1","WWTR1","PAK6"
"HDAC1","DAPK1","PAK6"
"HDAC1","PRKD1","PAK6"
"HDAC1","ABL2","PAK6"
"HDAC1","AHSA1","PAK6"
"HDAC1","BTK","PAK6"
"HDAC1","TNK2","PAK6"
"HDAC1","STAT1","PAK6"
"HDAC1","HSP90AB1","PAK6"
"HDAC1","MAP2K2","PAK6"
"HDAC1","DYRK1B","PAK6"
"HDAC1","MEK1/2","PAK6"
"HDAC1","PTPN7","PAK6"
"HDAC1","CDKN2A","PAK6"
"HDAC1","EPS15","PAK6"
"HDAC1","IKK-complex","PAK6"
"HDAC1","MAPK8IP3","PAK6"
"HDAC1","AXIN1","PAK6"
"HDAC1","PTPRR","PAK6"
"HDAC1","BDKRB2","PAK6"
"HDAC1","FLT4","PAK6"
"HDAC1","BMX","PAK6"
"HDAC1","NEK6","PAK6"
"HDAC1","PRKCI","PAK6"
"HDAC1","CTNND1","PAK6"
"HDAC1","PIN1","PAK6"
"HDAC1","PARD6A","PAK6"
"HDAC1","CEP192","PAK6"
"HDAC1","PTPRA","PAK6"
"HDAC1","BCAR1","PAK6"
"HDAC1","FERMT2","PAK6"
"HDAC1","ZMIZ1","PAK6"
"HDAC1","NPM1","PAK6"
"HDAC1","GCSAM","PAK6"
"HDAC1","OPTN","PAK6"
"HDAC1","BCR-Dl","PAK6"
"HDAC1","DDX58","PAK6"
"HDAC1","ROR2","PAK6"
"HDAC1","SH2B3","PAK6"
"HDAC1","BCR-Mk","PAK6"
"HDAC1","PTPN1","IGF1R"
"HDAC1","MAP3K8","IGF1R"
"HDAC1","CHUK","MAP2K1"
"HDAC1","SRC","MAP2K1"
"HDAC1","RPS6KA2","MAP2K1"
"HDAC1","PTEN","MAP2K1"
"HDAC1","MAPK8","MAP2K1"
"HDAC1","MTOR","MAP2K1"
"HDAC1","AKT1","MAP2K1"
"HDAC1","PRKCD","MAP2K1"
"HDAC1","PTPN1","MAP2K1"
"HDAC1","Gbeta","MAP2K1"
"HDAC1","KRAS","MAP2K1"
"HDAC1","PTPRJ","MAP2K1"
"HDAC1","EIF2AK2","MAP2K1"
"HDAC1","MAML3","MAP2K1"
"HDAC1","TGFBR2","MAP2K1"
"HDAC1","PAK2","MAP2K1"
"HDAC1","PPP1R2","MAP2K1"
"HDAC1","CDK5","MAP2K1"
"HDAC1","RACK1","MAP2K1"
"HDAC1","DAPK1","MAP2K1"
"HDAC1","PXN","MAP2K1"
"HDAC1","ITK","MAP2K1"
"HDAC1","TNK2","MAP2K1"
"HDAC1","STAT1","MAP2K1"
"HDAC1","HSP90AB1","MAP2K1"
"HDAC1","MAP2K2","MAP2K1"
"HDAC1","DYRK1B","MAP2K1"
"HDAC1","GIT1","MAP2K1"
"HDAC1","MEK1/2","MAP2K1"
"HDAC1","JAK1","MAP2K1"
"HDAC1","IKK-complex","MAP2K1"
"HDAC1","AXIN1","MAP2K1"
"HDAC1","MAPKAPK5","MAP2K1"
"HDAC1","DUSP16","MAP2K1"
"HDAC1","EPHA2","MAP2K1"
"HDAC1","PTPRR","MAP2K1"
"HDAC1","FLT4","MAP2K1"
"HDAC1","PTK2B","MAP2K1"
"HDAC1","NEK6","MAP2K1"
"HDAC1","PRKCI","MAP2K1"
"HDAC1","PIN1","MAP2K1"
"HDAC1","PARD6A","MAP2K1"
"HDAC1","CEP192","MAP2K1"
"HDAC1","PTPRA","MAP2K1"
"HDAC1","GRIP1","MAP2K1"
"HDAC1","ARRB2","MAP2K1"
"HDAC1","GAB2","MAP2K1"
"HDAC1","EZH2","MAP2K1"
"HDAC1","BCR-Dk","MAP2K1"
"HDAC1","BCAR1","MAP2K1"
"HDAC1","BCR-Ml","MAP2K1"
"HDAC1","NOTCH","MAP2K1"
"HDAC1","NCOA1","MAP2K1"
"HDAC1","FERMT2","MAP2K1"
"HDAC1","ZMIZ1","MAP2K1"
"HDAC1","TAB3","MAP2K1"
"HDAC1","NPM1","MAP2K1"
"HDAC1","OPTN","MAP2K1"
"HDAC1","SPRY2","MAP2K1"
"HDAC1","BCR-Dl","MAP2K1"
"HDAC1","DDX58","MAP2K1"
"HDAC1","ROR2","MAP2K1"
"HDAC1","SH2B3","MAP2K1"
"HDAC1","DAB1","MAP2K1"
"HDAC1","BCR-Mk","MAP2K1"
"HDAC1","CHUK","GSK3B"
"HDAC1","SRC","GSK3B"
"HDAC1","AKT1","GSK3B"
"HDAC1","MAPK1","GSK3B"
"HDAC1","KRAS","GSK3B"
"HDAC1","RPS6KB1","GSK3B"
"HDAC1","MAML3","GSK3B"
"HDAC1","MAP2K1","GSK3B"
"HDAC1","CDK5","GSK3B"
"HDAC1","PXN","GSK3B"
"HDAC1","ABL2","GSK3B"
"HDAC1","TNK2","GSK3B"
"HDAC1","CD19","GSK3B"
"HDAC1","STAT1","GSK3B"
"HDAC1","HSP90AB1","GSK3B"
"HDAC1","MAP2K2","GSK3B"
"HDAC1","MAPK10","GSK3B"
"HDAC1","DYRK1B","GSK3B"
"HDAC1","JAK1","GSK3B"
"HDAC1","MAP4K1","GSK3B"
"HDAC1","IKK-complex","GSK3B"
"HDAC1","SHC1","GSK3B"
"HDAC1","DUSP16","GSK3B"
"HDAC1","MAP3K8","GSK3B"
"HDAC1","BDKRB2","GSK3B"
"HDAC1","PTK2B","GSK3B"
"HDAC1","NEK6","GSK3B"
"HDAC1","PRKCI","GSK3B"
"HDAC1","PARD6A","GSK3B"
"HDAC1","GAB1","GSK3B"
"HDAC1","PTPRA","GSK3B"
"HDAC1","ARRB2","GSK3B"
"HDAC1","INPP5D","GSK3B"
"HDAC1","GAB2","GSK3B"
"HDAC1","BCR-Dk","GSK3B"
"HDAC1","BCR-Ml","GSK3B"
"HDAC1","CDC42","GSK3B"
"HDAC1","NCOA1","GSK3B"
"HDAC1","FERMT2","GSK3B"
"HDAC1","OPTN","GSK3B"
"HDAC1","SPRY2","GSK3B"
"HDAC1","DDX58","GSK3B"
"HDAC1","SH2B3","GSK3B"
"HDAC1","SRC","RIN1"
"HDAC1","RPS6KA2","RIN1"
"HDAC1","PTEN","RIN1"
"HDAC1","MTOR","RIN1"
"HDAC1","PRKCD","RIN1"
"HDAC1","PTPRJ","RIN1"
"HDAC1","RPS6KB1","RIN1"
"HDAC1","EIF2AK2","RIN1"
"HDAC1","MAP2K1","RIN1"
"HDAC1","TGFBR2","RIN1"
"HDAC1","MAPK9","RIN1"
"HDAC1","WWTR1","RIN1"
"HDAC1","RACK1","RIN1"
"HDAC1","PRKD1","RIN1"
"HDAC1","ABL2","RIN1"
"HDAC1","NCK1","RIN1"
"HDAC1","AHSA1","RIN1"
"HDAC1","BTK","RIN1"
"HDAC1","DVL2","RIN1"
"HDAC1","MAP2K2","RIN1"
"HDAC1","MAPK10","RIN1"
"HDAC1","PTPN7","RIN1"
"HDAC1","SHC1","RIN1"
"HDAC1","AXIN1","RIN1"
"HDAC1","MAPKAPK5","RIN1"
"HDAC1","EPHA2","RIN1"
"HDAC1","MAP3K8","RIN1"
"HDAC1","PTPRR","RIN1"
"HDAC1","BDKRB2","RIN1"
"HDAC1","FLT4","RIN1"
"HDAC1","PTK2B","RIN1"
"HDAC1","NEK6","RIN1"
"HDAC1","PRKCI","RIN1"
"HDAC1","CEP192","RIN1"
"HDAC1","PTPRA","RIN1"
"HDAC1","ARRB2","RIN1"
"HDAC1","INPP5D","RIN1"
"HDAC1","GAB2","RIN1"
"HDAC1","BCR-Dk","RIN1"
"HDAC1","BCR-Ml","RIN1"
"HDAC1","NOTCH","RIN1"
"HDAC1","FERMT2","RIN1"
"HDAC1","GCSAM","RIN1"
"HDAC1","OPTN","RIN1"
"HDAC1","IFIH1","RIN1"
"HDAC1","DAB1","RIN1"
"HDAC1","CHUK","TGFBR2"
"HDAC1","PTEN","TGFBR2"
"HDAC1","MTOR","TGFBR2"
"HDAC1","PRKCD","TGFBR2"
"HDAC1","EIF2AK2","TGFBR2"
"HDAC1","MAP3K14","TGFBR2"
"HDAC1","GSK3B","TGFBR2"
"HDAC1","PPP1R2","TGFBR2"
"HDAC1","CDK5","TGFBR2"
"HDAC1","AKT","TGFBR2"
"HDAC1","MAPK9","TGFBR2"
"HDAC1","WWTR1","TGFBR2"
"HDAC1","PRKD1","TGFBR2"
"HDAC1","ABL2","TGFBR2"
"HDAC1","FBXW7","TGFBR2"
"HDAC1","ITK","TGFBR2"
"HDAC1","NCK1","TGFBR2"
"HDAC1","AHSA1","TGFBR2"
"HDAC1","TNK2","TGFBR2"
"HDAC1","YAP1","TGFBR2"
"HDAC1","MAP2K2","TGFBR2"
"HDAC1","MAPK10","TGFBR2"
"HDAC1","JAK1","TGFBR2"
"HDAC1","PTPN7","TGFBR2"
"HDAC1","CDKN2A","TGFBR2"
"HDAC1","EPS15","TGFBR2"
"HDAC1","SHC1","TGFBR2"
"HDAC1","MAP3K8","TGFBR2"
"HDAC1","BDKRB2","TGFBR2"
"HDAC1","FLT4","TGFBR2"
"HDAC1","NEK6","TGFBR2"
"HDAC1","GRIP1","TGFBR2"
"HDAC1","EZH2","TGFBR2"
"HDAC1","BCR-Ml","TGFBR2"
"HDAC1","NOTCH","TGFBR2"
"HDAC1","NPM1","TGFBR2"
"HDAC1","OPTN","TGFBR2"
"HDAC1","SPRY2","TGFBR2"
"HDAC1","BCR-Dl","TGFBR2"
"HDAC1","DDX58","TGFBR2"
"HDAC1","ROR2","TGFBR2"
"HDAC1","SH2B3","TGFBR2"
"HDAC1","PLCG2","TGFBR2"
"HDAC1","RPS6KA2","PAK2"
"HDAC1","MAPK8","PAK2"
"HDAC1","PRKCD","PAK2"
"HDAC1","PTPN1","PAK2"
"HDAC1","Gbeta","PAK2"
"HDAC1","EIF2AK2","PAK2"
"HDAC1","MAP2K1","PAK2"
"HDAC1","CDK5","PAK2"
"HDAC1","WWTR1","PAK2"
"HDAC1","DAPK1","PAK2"
"HDAC1","ITK","PAK2"
"HDAC1","NCK1","PAK2"
"HDAC1","BTK","PAK2"
"HDAC1","TNK2","PAK2"
"HDAC1","CD19","PAK2"
"HDAC1","MAPK10","PAK2"
"HDAC1","MEK1/2","PAK2"
"HDAC1","PTPN7","PAK2"
"HDAC1","EPS15","PAK2"
"HDAC1","IKK-complex","PAK2"
"HDAC1","MAPK8IP3","PAK2"
"HDAC1","AXIN1","PAK2"
"HDAC1","MAPKAPK5","PAK2"
"HDAC1","DUSP16","PAK2"
"HDAC1","EPHA2","PAK2"
"HDAC1","PTPRR","PAK2"
"HDAC1","BMX","PAK2"
"HDAC1","SNW1","PAK2"
"HDAC1","NEK6","PAK2"
"HDAC1","PRKCI","PAK2"
"HDAC1","PTPRA","PAK2"
"HDAC1","ARRB2","PAK2"
"HDAC1","GAB2","PAK2"
"HDAC1","EZH2","PAK2"
"HDAC1","NOTCH","PAK2"
"HDAC1","NCOA1","PAK2"
"HDAC1","GCSAM","PAK2"
"HDAC1","OPTN","PAK2"
"HDAC1","SPRY2","PAK2"
"HDAC1","ROR2","PAK2"
"HDAC1","DAB1","PAK2"
"HDAC1","CHUK","PPP1R2"
"HDAC1","SRC","PPP1R2"
"HDAC1","RPS6KA2","PPP1R2"
"HDAC1","PTEN","PPP1R2"
"HDAC1","MAPK8","PPP1R2"
"HDAC1","MTOR","PPP1R2"
"HDAC1","PRKCD","PPP1R2"
"HDAC1","MAPK1","PPP1R2"
"HDAC1","Gbeta","PPP1R2"
"HDAC1","KIT","PPP1R2"
"HDAC1","PTPRJ","PPP1R2"
"HDAC1","RPS6KB1","PPP1R2"
"HDAC1","EIF2AK2","PPP1R2"
"HDAC1","MAML3","PPP1R2"
"HDAC1","MAP2K1","PPP1R2"
"HDAC1","PAK2","PPP1R2"
"HDAC1","MAPK9","PPP1R2"
"HDAC1","WWTR1","PPP1R2"
"HDAC1","RACK1","PPP1R2"
"HDAC1","DAPK1","PPP1R2"
"HDAC1","FBXW7","PPP1R2"
"HDAC1","ITK","PPP1R2"
"HDAC1","STAT1","PPP1R2"
"HDAC1","HSP90AB1","PPP1R2"
"HDAC1","DVL2","PPP1R2"
"HDAC1","DYRK1B","PPP1R2"
"HDAC1","MEK1/2","PPP1R2"
"HDAC1","IKK-complex","PPP1R2"
"HDAC1","PTPRR","PPP1R2"
"HDAC1","BDKRB2","PPP1R2"
"HDAC1","FLT4","PPP1R2"
"HDAC1","BMX","PPP1R2"
"HDAC1","NEK6","PPP1R2"
"HDAC1","CTNND1","PPP1R2"
"HDAC1","PARD6A","PPP1R2"
"HDAC1","CEP192","PPP1R2"
"HDAC1","PTPRA","PPP1R2"
"HDAC1","ESR1","PPP1R2"
"HDAC1","ARRB2","PPP1R2"
"HDAC1","INPP5D","PPP1R2"
"HDAC1","BCR-Dk","PPP1R2"
"HDAC1","BCAR1","PPP1R2"
"HDAC1","NOTCH","PPP1R2"
"HDAC1","NCOA1","PPP1R2"
"HDAC1","GCSAM","PPP1R2"
"HDAC1","OPTN","PPP1R2"
"HDAC1","BCR-Dl","PPP1R2"
"HDAC1","BCR-Mk","PPP1R2"
"HDAC1","PLCG2","PPP1R2"
"HDAC1","RPS6KA2","CDK5"
"HDAC1","AKT1","CDK5"
"HDAC1","PRKCD","CDK5"
"HDAC1","MAPK1","CDK5"
"HDAC1","PTPN1","CDK5"
"HDAC1","KIT","CDK5"
"HDAC1","PDPK1","CDK5"
"HDAC1","MAP2K1","CDK5"
"HDAC1","GSK3B","CDK5"
"HDAC1","DAPK1","CDK5"
"HDAC1","PXN","CDK5"
"HDAC1","PRKD1","CDK5"
"HDAC1","ABL2","CDK5"
"HDAC1","FBXW7","CDK5"
"HDAC1","ITK","CDK5"
"HDAC1","NCK1","CDK5"
"HDAC1","AHSA1","CDK5"
"HDAC1","BTK","CDK5"
"HDAC1","CD19","CDK5"
"HDAC1","DVL2","CDK5"
"HDAC1","MAP2K2","CDK5"
"HDAC1","DYRK1B","CDK5"
"HDAC1","PTPN7","CDK5"
"HDAC1","IKK-complex","CDK5"
"HDAC1","SHC1","CDK5"
"HDAC1","MAPKAPK5","CDK5"
"HDAC1","EPHA2","CDK5"
"HDAC1","MAP3K8","CDK5"
"HDAC1","PTPRR","CDK5"
"HDAC1","BMX","CDK5"
"HDAC1","PTK2B","CDK5"
"HDAC1","CEP192","CDK5"
"HDAC1","PTPRA","CDK5"
"HDAC1","ARRB2","CDK5"
"HDAC1","BCAR1","CDK5"
"HDAC1","BCR-Ml","CDK5"
"HDAC1","NOTCH","CDK5"
"HDAC1","FERMT2","CDK5"
"HDAC1","TAB3","CDK5"
"HDAC1","OPTN","CDK5"
"HDAC1","BCR-Dl","CDK5"
"HDAC1","IFIH1","CDK5"
"HDAC1","DAB1","CDK5"
"HDAC1","PLCG2","CDK5"
"HDAC1","CHUK","MAP3K7"
"HDAC1","SRC","MAP3K7"
"HDAC1","KRAS","MAP3K7"
"HDAC1","PTPRJ","MAP3K7"
"HDAC1","MAML3","MAP3K7"
"HDAC1","MAP3K14","MAP3K7"
"HDAC1","TGFBR2","MAP3K7"
"HDAC1","PAK2","MAP3K7"
"HDAC1","PPP1R2","MAP3K7"
"HDAC1","AKT","MAP3K7"
"HDAC1","WWTR1","MAP3K7"
"HDAC1","DAPK1","MAP3K7"
"HDAC1","TNK2","MAP3K7"
"HDAC1","STAT1","MAP3K7"
"HDAC1","HSP90AB1","MAP3K7"
"HDAC1","DVL2","MAP3K7"
"HDAC1","MAPK10","MAP3K7"
"HDAC1","MAP4K1","MAP3K7"
"HDAC1","AXIN1","MAP3K7"
"HDAC1","MAPKAPK5","MAP3K7"
"HDAC1","EPHA2","MAP3K7"
"HDAC1","MAP3K8","MAP3K7"
"HDAC1","FLT4","MAP3K7"
"HDAC1","PTK2B","MAP3K7"
"HDAC1","SNW1","MAP3K7"
"HDAC1","PRKCI","MAP3K7"
"HDAC1","PARD6A","MAP3K7"
"HDAC1","CEP192","MAP3K7"
"HDAC1","PTPRA","MAP3K7"
"HDAC1","ESR1","MAP3K7"
"HDAC1","ARRB2","MAP3K7"
"HDAC1","INPP5D","MAP3K7"
"HDAC1","GAB2","MAP3K7"
"HDAC1","BCR-Dk","MAP3K7"
"HDAC1","FERMT2","MAP3K7"
"HDAC1","ZMIZ1","MAP3K7"
"HDAC1","GCSAM","MAP3K7"
"HDAC1","OPTN","MAP3K7"
"HDAC1","SPRY2","MAP3K7"
"HDAC1","ROR2","MAP3K7"
"HDAC1","DAB1","MAP3K7"
"HDAC1","PLCG2","MAP3K7"
"HDAC1","RPS6KA2","TXK"
"HDAC1","MAPK1","TXK"
"HDAC1","PTPN1","TXK"
"HDAC1","Gbeta","TXK"
"HDAC1","KIT","TXK"
"HDAC1","EIF2AK2","TXK"
"HDAC1","PDPK1","TXK"
"HDAC1","PPP1R2","TXK"
"HDAC1","CDK5","TXK"
"HDAC1","AKT","TXK"
"HDAC1","RACK1","TXK"
"HDAC1","DAPK1","TXK"
"HDAC1","PRKD1","TXK"
"HDAC1","FBXW7","TXK"
"HDAC1","ITK","TXK"
"HDAC1","NCK1","TXK"
"HDAC1","AHSA1","TXK"
"HDAC1","YAP1","TXK"
"HDAC1","DVL2","TXK"
"HDAC1","MAP2K2","TXK"
"HDAC1","MEK1/2","TXK"
"HDAC1","IKK-complex","TXK"
"HDAC1","SHC1","TXK"
"HDAC1","MAPK8IP3","TXK"
"HDAC1","AXIN1","TXK"
"HDAC1","MAPKAPK5","TXK"
"HDAC1","DUSP16","TXK"
"HDAC1","MAP3K8","TXK"
"HDAC1","FLT4","TXK"
"HDAC1","BMX","TXK"
"HDAC1","SNW1","TXK"
"HDAC1","PRKCI","TXK"
"HDAC1","CTNND1","TXK"
"HDAC1","PTPRA","TXK"
"HDAC1","GAB2","TXK"
"HDAC1","BCR-Ml","TXK"
"HDAC1","NOTCH","TXK"
"HDAC1","FERMT2","TXK"
"HDAC1","OPTN","TXK"
"HDAC1","SPRY2","TXK"
"HDAC1","BCR-Dl","TXK"
"HDAC1","ROR2","TXK"
"HDAC1","SH2B3","TXK"
"HDAC1","DAB1","TXK"
"HDAC1","BCR-Mk","TXK"
"HDAC1","PLCG2","TXK"
"HDAC1","CHUK","AKT"
"HDAC1","PTEN","AKT"
"HDAC1","AKT1","AKT"
"HDAC1","KRAS","AKT"
"HDAC1","PTPRJ","AKT"
"HDAC1","RPS6KB1","AKT"
"HDAC1","EIF2AK2","AKT"
"HDAC1","PDPK1","AKT"
"HDAC1","MAP2K1","AKT"
"HDAC1","CDK5","AKT"
"HDAC1","MAPK9","AKT"
"HDAC1","RACK1","AKT"
"HDAC1","PRKD1","AKT"
"HDAC1","ABL2","AKT"
"HDAC1","NCK1","AKT"
"HDAC1","DVL2","AKT"
"HDAC1","MAP2K2","AKT"
"HDAC1","DYRK1B","AKT"
"HDAC1","PTPN7","AKT"
"HDAC1","MAP4K1","AKT"
"HDAC1","EPS15","AKT"
"HDAC1","SHC1","AKT"
"HDAC1","MAPK8IP3","AKT"
"HDAC1","EPHA2","AKT"
"HDAC1","MAP3K8","AKT"
"HDAC1","FLT4","AKT"
"HDAC1","PTK2B","AKT"
"HDAC1","SNW1","AKT"
"HDAC1","PRKCI","AKT"
"HDAC1","CTNND1","AKT"
"HDAC1","PIN1","AKT"
"HDAC1","PARD6A","AKT"
"HDAC1","PTPRA","AKT"
"HDAC1","GRIP1","AKT"
"HDAC1","INPP5D","AKT"
"HDAC1","GAB2","AKT"
"HDAC1","BCR-Dk","AKT"
"HDAC1","FERMT2","AKT"
"HDAC1","NPM1","AKT"
"HDAC1","GCSAM","AKT"
"HDAC1","OPTN","AKT"
"HDAC1","DDX58","AKT"
"HDAC1","ROR2","AKT"
"HDAC1","IFIH1","AKT"
"HDAC1","SH2B3","AKT"
"HDAC1","DAB1","AKT"
"HDAC1","CHUK","MAPK9"
"HDAC1","SRC","MAPK9"
"HDAC1","AKT1","MAPK9"
"HDAC1","PRKCD","MAPK9"
"HDAC1","PTPN1","MAPK9"
"HDAC1","KRAS","MAPK9"
"HDAC1","KIT","MAPK9"
"HDAC1","RPS6KB1","MAPK9"
"HDAC1","EIF2AK2","MAPK9"
"HDAC1","MAP2K1","MAPK9"
"HDAC1","CDK5","MAPK9"
"HDAC1","WWTR1","MAPK9"
"HDAC1","ABL2","MAPK9"
"HDAC1","ITK","MAPK9"
"HDAC1","NCK1","MAPK9"
"HDAC1","AHSA1","MAPK9"
"HDAC1","YAP1","MAPK9"
"HDAC1","CD19","MAPK9"
"HDAC1","HSP90AB1","MAPK9"
"HDAC1","MAP2K2","MAPK9"
"HDAC1","MAPK10","MAPK9"
"HDAC1","MEK1/2","MAPK9"
"HDAC1","IKK-complex","MAPK9"
"HDAC1","MAPKAPK5","MAPK9"
"HDAC1","EPHA2","MAPK9"
"HDAC1","PTPRR","MAPK9"
"HDAC1","SNW1","MAPK9"
"HDAC1","NEK6","MAPK9"
"HDAC1","CEP192","MAPK9"
"HDAC1","PTPRA","MAPK9"
"HDAC1","ESR1","MAPK9"
"HDAC1","GAB2","MAPK9"
"HDAC1","EZH2","MAPK9"
"HDAC1","BCR-Dk","MAPK9"
"HDAC1","BCR-Ml","MAPK9"
"HDAC1","GCSAM","MAPK9"
"HDAC1","BCR-Dl","MAPK9"
"HDAC1","DDX58","MAPK9"
"HDAC1","SH2B3","MAPK9"
"HDAC1","MAP3K8","IKBKB"
"HDAC1","MAPK8","WWTR1"
"HDAC1","MTOR","WWTR1"
"HDAC1","PRKCD","WWTR1"
"HDAC1","PTPN1","WWTR1"
"HDAC1","Gbeta","WWTR1"
"HDAC1","KRAS","WWTR1"
"HDAC1","EIF2AK2","WWTR1"
"HDAC1","GSK3B","WWTR1"
"HDAC1","PPP1R2","WWTR1"
"HDAC1","AKT","WWTR1"
"HDAC1","RACK1","WWTR1"
"HDAC1","ABL2","WWTR1"
"HDAC1","FBXW7","WWTR1"
"HDAC1","ITK","WWTR1"
"HDAC1","NCK1","WWTR1"
"HDAC1","TNK2","WWTR1"
"HDAC1","CD19","WWTR1"
"HDAC1","DYRK1B","WWTR1"
"HDAC1","MEK1/2","WWTR1"
"HDAC1","CDKN2A","WWTR1"
"HDAC1","MAP4K1","WWTR1"
"HDAC1","SHC1","WWTR1"
"HDAC1","MAPK8IP3","WWTR1"
"HDAC1","AXIN1","WWTR1"
"HDAC1","MAPKAPK5","WWTR1"
"HDAC1","MAP3K8","WWTR1"
"HDAC1","PTPRR","WWTR1"
"HDAC1","FLT4","WWTR1"
"HDAC1","PTK2B","WWTR1"
"HDAC1","SNW1","WWTR1"
"HDAC1","PRKCI","WWTR1"
"HDAC1","PARD6A","WWTR1"
"HDAC1","GAB1","WWTR1"
"HDAC1","GRIP1","WWTR1"
"HDAC1","INPP5D","WWTR1"
"HDAC1","EZH2","WWTR1"
"HDAC1","BCR-Dk","WWTR1"
"HDAC1","BCR-Ml","WWTR1"
"HDAC1","TAB3","WWTR1"
"HDAC1","NPM1","WWTR1"
"HDAC1","GCSAM","WWTR1"
"HDAC1","OPTN","WWTR1"
"HDAC1","BCR-Dl","WWTR1"
"HDAC1","ROR2","WWTR1"
"HDAC1","IFIH1","WWTR1"
"HDAC1","DAB1","WWTR1"
"HDAC1","BCR-Mk","WWTR1"
"HDAC1","PLCG2","WWTR1"
"HDAC1","CHUK","DOK1"
"HDAC1","PTEN","DOK1"
"HDAC1","MAPK8","DOK1"
"HDAC1","AKT1","DOK1"
"HDAC1","Gbeta","DOK1"
"HDAC1","KRAS","DOK1"
"HDAC1","RPS6KB1","DOK1"
"HDAC1","EIF2AK2","DOK1"
"HDAC1","MAML3","DOK1"
"HDAC1","CDK5","DOK1"
"HDAC1","AKT","DOK1"
"HDAC1","MAPK9","DOK1"
"HDAC1","WWTR1","DOK1"
"HDAC1","RACK1","DOK1"
"HDAC1","PXN","DOK1"
"HDAC1","FBXW7","DOK1"
"HDAC1","AHSA1","DOK1"
"HDAC1","YAP1","DOK1"
"HDAC1","MAPK10","DOK1"
"HDAC1","DYRK1B","DOK1"
"HDAC1","MEK1/2","DOK1"
"HDAC1","CDKN2A","DOK1"
"HDAC1","MAPK8IP3","DOK1"
"HDAC1","AXIN1","DOK1"
"HDAC1","PTPRR","DOK1"
"HDAC1","FLT4","DOK1"
"HDAC1","PTK2B","DOK1"
"HDAC1","NEK6","DOK1"
"HDAC1","PRKCI","DOK1"
"HDAC1","PTPRA","DOK1"
"HDAC1","GRIP1","DOK1"
"HDAC1","ESR1","DOK1"
"HDAC1","ARRB2","DOK1"
"HDAC1","INPP5D","DOK1"
"HDAC1","GAB2","DOK1"
"HDAC1","BCR-Dk","DOK1"
"HDAC1","BCR-Ml","DOK1"
"HDAC1","NCOA1","DOK1"
"HDAC1","FERMT2","DOK1"
"HDAC1","ZMIZ1","DOK1"
"HDAC1","TAB3","DOK1"
"HDAC1","GCSAM","DOK1"
"HDAC1","OPTN","DOK1"
"HDAC1","DDX58","DOK1"
"HDAC1","ROR2","DOK1"
"HDAC1","IFIH1","DOK1"
"HDAC1","BCR-Mk","DOK1"
"HDAC1","CHUK","RACK1"
"HDAC1","SRC","RACK1"
"HDAC1","PTEN","RACK1"
"HDAC1","MAPK8","RACK1"
"HDAC1","AKT1","RACK1"
"HDAC1","PRKCD","RACK1"
"HDAC1","MAPK1","RACK1"
"HDAC1","Gbeta","RACK1"
"HDAC1","KRAS","RACK1"
"HDAC1","KIT","RACK1"
"HDAC1","RPS6KB1","RACK1"
"HDAC1","PDPK1","RACK1"
"HDAC1","MAML3","RACK1"
"HDAC1","MAP3K14","RACK1"
"HDAC1","MAP2K1","RACK1"
"HDAC1","TGFBR2","RACK1"
"HDAC1","PAK2","RACK1"
"HDAC1","CDK5","RACK1"
"HDAC1","PXN","RACK1"
"HDAC1","NCK1","RACK1"
"HDAC1","AHSA1","RACK1"
"HDAC1","CD19","RACK1"
"HDAC1","DVL2","RACK1"
"HDAC1","MAPK10","RACK1"
"HDAC1","DYRK1B","RACK1"
"HDAC1","MEK1/2","RACK1"
"HDAC1","CDKN2A","RACK1"
"HDAC1","MAP4K1","RACK1"
"HDAC1","IKK-complex","RACK1"
"HDAC1","SHC1","RACK1"
"HDAC1","MAPK8IP3","RACK1"
"HDAC1","MAPKAPK5","RACK1"
"HDAC1","EPHA2","RACK1"
"HDAC1","BDKRB2","RACK1"
"HDAC1","FLT4","RACK1"
"HDAC1","PTK2B","RACK1"
"HDAC1","NEK6","RACK1"
"HDAC1","PIN1","RACK1"
"HDAC1","CEP192","RACK1"
"HDAC1","GAB1","RACK1"
"HDAC1","PTPRA","RACK1"
"HDAC1","GRIP1","RACK1"
"HDAC1","ARRB2","RACK1"
"HDAC1","GAB2","RACK1"
"HDAC1","BCAR1","RACK1"
"HDAC1","BCR-Ml","RACK1"
"HDAC1","FERMT2","RACK1"
"HDAC1","GCSAM","RACK1"
"HDAC1","SPRY2","RACK1"
"HDAC1","BCR-Dl","RACK1"
"HDAC1","SH2B3","RACK1"
"HDAC1","CHUK","DAPK1"
"HDAC1","RPS6KA2","DAPK1"
"HDAC1","PTEN","DAPK1"
"HDAC1","PRKCD","DAPK1"
"HDAC1","PTPN1","DAPK1"
"HDAC1","MAP3K14","DAPK1"
"HDAC1","AKT","DAPK1"
"HDAC1","PXN","DAPK1"
"HDAC1","PRKD1","DAPK1"
"HDAC1","ABL2","DAPK1"
"HDAC1","FBXW7","DAPK1"
"HDAC1","ITK","DAPK1"
"HDAC1","AHSA1","DAPK1"
"HDAC1","TNK2","DAPK1"
"HDAC1","STAT1","DAPK1"
"HDAC1","DVL2","DAPK1"
"HDAC1","DYRK1B","DAPK1"
"HDAC1","JAK1","DAPK1"
"HDAC1","PTPN7","DAPK1"
"HDAC1","CDKN2A","DAPK1"
"HDAC1","EPS15","DAPK1"
"HDAC1","IKK-complex","DAPK1"
"HDAC1","SHC1","DAPK1"
"HDAC1","AXIN1","DAPK1"
"HDAC1","MAPKAPK5","DAPK1"
"HDAC1","EPHA2","DAPK1"
"HDAC1","PTPRR","DAPK1"
"HDAC1","BDKRB2","DAPK1"
"HDAC1","FLT4","DAPK1"
"HDAC1","BMX","DAPK1"
"HDAC1","SNW1","DAPK1"
"HDAC1","PRKCI","DAPK1"
"HDAC1","CEP192","DAPK1"
"HDAC1","GAB1","DAPK1"
"HDAC1","GRIP1","DAPK1"
"HDAC1","ESR1","DAPK1"
"HDAC1","ARRB2","DAPK1"
"HDAC1","INPP5D","DAPK1"
"HDAC1","GAB2","DAPK1"
"HDAC1","NOTCH","DAPK1"
"HDAC1","TAB3","DAPK1"
"HDAC1","GCSAM","DAPK1"
"HDAC1","OPTN","DAPK1"
"HDAC1","BCR-Dl","DAPK1"
"HDAC1","ROR2","DAPK1"
"HDAC1","IFIH1","DAPK1"
"HDAC1","SH2B3","DAPK1"
"HDAC1","PTEN","MUC1"
"HDAC1","MAPK8","MUC1"
"HDAC1","AKT1","MUC1"
"HDAC1","MAPK1","MUC1"
"HDAC1","KRAS","MUC1"
"HDAC1","PTPRJ","MUC1"
"HDAC1","RPS6KB1","MUC1"
"HDAC1","EIF2AK2","MUC1"
"HDAC1","PDPK1","MUC1"
"HDAC1","MAP3K14","MUC1"
"HDAC1","MAP2K1","MUC1"
"HDAC1","GSK3B","MUC1"
"HDAC1","TGFBR2","MUC1"
"HDAC1","PAK2","MUC1"
"HDAC1","AKT","MUC1"
"HDAC1","MAPK9","MUC1"
"HDAC1","WWTR1","MUC1"
"HDAC1","RACK1","MUC1"
"HDAC1","DAPK1","MUC1"
"HDAC1","PXN","MUC1"
"HDAC1","PRKD1","MUC1"
"HDAC1","FBXW7","MUC1"
"HDAC1","ITK","MUC1"
"HDAC1","NCK1","MUC1"
"HDAC1","AHSA1","MUC1"
"HDAC1","BTK","MUC1"
"HDAC1","TNK2","MUC1"
"HDAC1","YAP1","MUC1"
"HDAC1","STAT1","MUC1"
"HDAC1","HSP90AB1","MUC1"
"HDAC1","MAP2K2","MUC1"
"HDAC1","MAPK10","MUC1"
"HDAC1","DYRK1B","MUC1"
"HDAC1","MEK1/2","MUC1"
"HDAC1","EPS15","MUC1"
"HDAC1","MAPK8IP3","MUC1"
"HDAC1","PTPRR","MUC1"
"HDAC1","BDKRB2","MUC1"
"HDAC1","FLT4","MUC1"
"HDAC1","PTK2B","MUC1"
"HDAC1","SNW1","MUC1"
"HDAC1","CTNND1","MUC1"
"HDAC1","PIN1","MUC1"
"HDAC1","CEP192","MUC1"
"HDAC1","GAB1","MUC1"
"HDAC1","PTPRA","MUC1"
"HDAC1","ARRB2","MUC1"
"HDAC1","INPP5D","MUC1"
"HDAC1","EZH2","MUC1"
"HDAC1","BCAR1","MUC1"
"HDAC1","NOTCH","MUC1"
"HDAC1","NCOA1","MUC1"
"HDAC1","ZMIZ1","MUC1"
"HDAC1","NPM1","MUC1"
"HDAC1","SPRY2","MUC1"
"HDAC1","DDX58","MUC1"
"HDAC1","ROR2","MUC1"
"HDAC1","IFIH1","MUC1"
"HDAC1","PLCG2","MUC1"
"HDAC1","CHUK","PSME3"
"HDAC1","SRC","PSME3"
"HDAC1","RPS6KA2","PSME3"
"HDAC1","MTOR","PSME3"
"HDAC1","AKT1","PSME3"
"HDAC1","MAPK1","PSME3"
"HDAC1","PTPN1","PSME3"
"HDAC1","Gbeta","PSME3"
"HDAC1","KRAS","PSME3"
"HDAC1","RPS6KB1","PSME3"
"HDAC1","EIF2AK2","PSME3"
"HDAC1","PDPK1","PSME3"
"HDAC1","MAML3","PSME3"
"HDAC1","MAP3K14","PSME3"
"HDAC1","MAP2K1","PSME3"
"HDAC1","GSK3B","PSME3"
"HDAC1","TGFBR2","PSME3"
"HDAC1","PAK2","PSME3"
"HDAC1","PPP1R2","PSME3"
"HDAC1","CDK5","PSME3"
"HDAC1","AKT","PSME3"
"HDAC1","MAPK9","PSME3"
"HDAC1","WWTR1","PSME3"
"HDAC1","RACK1","PSME3"
"HDAC1","DAPK1","PSME3"
"HDAC1","PXN","PSME3"
"HDAC1","PRKD1","PSME3"
"HDAC1","FBXW7","PSME3"
"HDAC1","ITK","PSME3"
"HDAC1","YAP1","PSME3"
"HDAC1","MAP2K2","PSME3"
"HDAC1","JAK1","PSME3"
"HDAC1","CDKN2A","PSME3"
"HDAC1","SHC1","PSME3"
"HDAC1","MAPKAPK5","PSME3"
"HDAC1","EPHA2","PSME3"
"HDAC1","PTPRR","PSME3"
"HDAC1","FLT4","PSME3"
"HDAC1","PARD6A","PSME3"
"HDAC1","PTPRA","PSME3"
"HDAC1","ESR1","PSME3"
"HDAC1","INPP5D","PSME3"
"HDAC1","BCR-Dk","PSME3"
"HDAC1","BCR-Ml","PSME3"
"HDAC1","NOTCH","PSME3"
"HDAC1","TAB3","PSME3"
"HDAC1","NPM1","PSME3"
"HDAC1","GCSAM","PSME3"
"HDAC1","OPTN","PSME3"
"HDAC1","SPRY2","PSME3"
"HDAC1","ROR2","PSME3"
"HDAC1","SH2B3","PSME3"
"HDAC1","DAB1","PSME3"
"HDAC1","PLCG2","PSME3"
"HDAC1","RPS6KA2","PXN"
"HDAC1","PTEN","PXN"
"HDAC1","PRKCD","PXN"
"HDAC1","MAPK1","PXN"
"HDAC1","Gbeta","PXN"
"HDAC1","PTPRJ","PXN"
"HDAC1","MAML3","PXN"
"HDAC1","MAP3K14","PXN"
"HDAC1","MAP2K1","PXN"
"HDAC1","GSK3B","PXN"
"HDAC1","CDK5","PXN"
"HDAC1","WWTR1","PXN"
"HDAC1","DAPK1","PXN"
"HDAC1","YAP1","PXN"
"HDAC1","IKK-complex","PXN"
"HDAC1","AXIN1","PXN"
"HDAC1","EPHA2","PXN"
"HDAC1","PTPRR","PXN"
"HDAC1","NEK6","PXN"
"HDAC1","PRKCI","PXN"
"HDAC1","PIN1","PXN"
"HDAC1","BCAR1","PXN"
"HDAC1","BCR-Ml","PXN"
"HDAC1","NCOA1","PXN"
"HDAC1","ZMIZ1","PXN"
"HDAC1","OPTN","PXN"
"HDAC1","BCR-Dl","PXN"
"HDAC1","SH2B3","PXN"
"HDAC1","DAB1","PXN"
"HDAC1","PLCG2","PXN"
"HDAC1","CHUK","PRKD1"
"HDAC1","SRC","PRKD1"
"HDAC1","PTEN","PRKD1"
"HDAC1","MAPK8","PRKD1"
"HDAC1","MTOR","PRKD1"
"HDAC1","AKT1","PRKD1"
"HDAC1","KRAS","PRKD1"
"HDAC1","KIT","PRKD1"
"HDAC1","RPS6KB1","PRKD1"
"HDAC1","PDPK1","PRKD1"
"HDAC1","MAML3","PRKD1"
"HDAC1","GSK3B","PRKD1"
"HDAC1","TGFBR2","PRKD1"
"HDAC1","AKT","PRKD1"
"HDAC1","WWTR1","PRKD1"
"HDAC1","RACK1","PRKD1"
"HDAC1","PXN","PRKD1"
"HDAC1","ABL2","PRKD1"
"HDAC1","FBXW7","PRKD1"
"HDAC1","ITK","PRKD1"
"HDAC1","NCK1","PRKD1"
"HDAC1","BTK","PRKD1"
"HDAC1","TNK2","PRKD1"
"HDAC1","YAP1","PRKD1"
"HDAC1","HSP90AB1","PRKD1"
"HDAC1","MAP2K2","PRKD1"
"HDAC1","MAPK10","PRKD1"
"HDAC1","MEK1/2","PRKD1"
"HDAC1","JAK1","PRKD1"
"HDAC1","PTPN7","PRKD1"
"HDAC1","SHC1","PRKD1"
"HDAC1","MAPK8IP3","PRKD1"
"HDAC1","EPHA2","PRKD1"
"HDAC1","PTPRR","PRKD1"
"HDAC1","BMX","PRKD1"
"HDAC1","NEK6","PRKD1"
"HDAC1","PRKCI","PRKD1"
"HDAC1","CTNND1","PRKD1"
"HDAC1","PIN1","PRKD1"
"HDAC1","GAB1","PRKD1"
"HDAC1","ARRB2","PRKD1"
"HDAC1","INPP5D","PRKD1"
"HDAC1","EZH2","PRKD1"
"HDAC1","BCR-Dk","PRKD1"
"HDAC1","BCR-Ml","PRKD1"
"HDAC1","NOTCH","PRKD1"
"HDAC1","NCOA1","PRKD1"
"HDAC1","FERMT2","PRKD1"
"HDAC1","ZMIZ1","PRKD1"
"HDAC1","TAB3","PRKD1"
"HDAC1","NPM1","PRKD1"
"HDAC1","OPTN","PRKD1"
"HDAC1","SPRY2","PRKD1"
"HDAC1","BCR-Dl","PRKD1"
"HDAC1","DDX58","PRKD1"
"HDAC1","ROR2","PRKD1"
"HDAC1","IFIH1","PRKD1"
"HDAC1","SH2B3","PRKD1"
"HDAC1","BCR-Mk","PRKD1"
"HDAC1","PLCG2","PRKD1"
"HDAC1","CHUK","MAPKAPK2"
"HDAC1","SRC","MAPKAPK2"
"HDAC1","PRKCD","MAPKAPK2"
"HDAC1","KRAS","MAPKAPK2"
"HDAC1","KIT","MAPKAPK2"
"HDAC1","RPS6KB1","MAPKAPK2"
"HDAC1","MAML3","MAPKAPK2"
"HDAC1","MAP3K14","MAPKAPK2"
"HDAC1","MAP2K1","MAPKAPK2"
"HDAC1","GSK3B","MAPKAPK2"
"HDAC1","TGFBR2","MAPKAPK2"
"HDAC1","PPP1R2","MAPKAPK2"
"HDAC1","CDK5","MAPKAPK2"
"HDAC1","MAPK9","MAPKAPK2"
"HDAC1","WWTR1","MAPKAPK2"
"HDAC1","DAPK1","MAPKAPK2"
"HDAC1","PRKD1","MAPKAPK2"
"HDAC1","ABL2","MAPKAPK2"
"HDAC1","NCK1","MAPKAPK2"
"HDAC1","TNK2","MAPKAPK2"
"HDAC1","YAP1","MAPKAPK2"
"HDAC1","STAT1","MAPKAPK2"
"HDAC1","HSP90AB1","MAPKAPK2"
"HDAC1","DVL2","MAPKAPK2"
"HDAC1","MAPK10","MAPKAPK2"
"HDAC1","DYRK1B","MAPKAPK2"
"HDAC1","MEK1/2","MAPKAPK2"
"HDAC1","JAK1","MAPKAPK2"
"HDAC1","CDKN2A","MAPKAPK2"
"HDAC1","MAP4K1","MAPKAPK2"
"HDAC1","EPS15","MAPKAPK2"
"HDAC1","SHC1","MAPKAPK2"
"HDAC1","DUSP16","MAPKAPK2"
"HDAC1","NEK6","MAPKAPK2"
"HDAC1","CTNND1","MAPKAPK2"
"HDAC1","CEP192","MAPKAPK2"
"HDAC1","GAB1","MAPKAPK2"
"HDAC1","INPP5D","MAPKAPK2"
"HDAC1","GAB2","MAPKAPK2"
"HDAC1","EZH2","MAPKAPK2"
"HDAC1","BCAR1","MAPKAPK2"
"HDAC1","NOTCH","MAPKAPK2"
"HDAC1","NCOA1","MAPKAPK2"
"HDAC1","FERMT2","MAPKAPK2"
"HDAC1","ZMIZ1","MAPKAPK2"
"HDAC1","NPM1","MAPKAPK2"
"HDAC1","GCSAM","MAPKAPK2"
"HDAC1","OPTN","MAPKAPK2"
"HDAC1","BCR-Dl","MAPKAPK2"
"HDAC1","DDX58","MAPKAPK2"
"HDAC1","IFIH1","MAPKAPK2"
"HDAC1","RPS6KA2","MAPK13"
"HDAC1","PTEN","MAPK13"
"HDAC1","MAPK8","MAPK13"
"HDAC1","AKT1","MAPK13"
"HDAC1","RPS6KB1","MAPK13"
"HDAC1","EIF2AK2","MAPK13"
"HDAC1","PDPK1","MAPK13"
"HDAC1","MAML3","MAPK13"
"HDAC1","MAP3K14","MAPK13"
"HDAC1","MAP2K1","MAPK13"
"HDAC1","GSK3B","MAPK13"
"HDAC1","PAK2","MAPK13"
"HDAC1","AKT","MAPK13"
"HDAC1","WWTR1","MAPK13"
"HDAC1","RACK1","MAPK13"
"HDAC1","PRKD1","MAPK13"
"HDAC1","ITK","MAPK13"
"HDAC1","NCK1","MAPK13"
"HDAC1","TNK2","MAPK13"
"HDAC1","YAP1","MAPK13"
"HDAC1","STAT1","MAPK13"
"HDAC1","HSP90AB1","MAPK13"
"HDAC1","DVL2","MAPK13"
"HDAC1","DYRK1B","MAPK13"
"HDAC1","PTPN7","MAPK13"
"HDAC1","IKK-complex","MAPK13"
"HDAC1","SHC1","MAPK13"
"HDAC1","MAPK8IP3","MAPK13"
"HDAC1","MAPKAPK5","MAPK13"
"HDAC1","DUSP16","MAPK13"
"HDAC1","PTK2B","MAPK13"
"HDAC1","PRKCI","MAPK13"
"HDAC1","CTNND1","MAPK13"
"HDAC1","PARD6A","MAPK13"
"HDAC1","PTPRA","MAPK13"
"HDAC1","GRIP1","MAPK13"
"HDAC1","ESR1","MAPK13"
"HDAC1","INPP5D","MAPK13"
"HDAC1","GAB2","MAPK13"
"HDAC1","EZH2","MAPK13"
"HDAC1","BCR-Dk","MAPK13"
"HDAC1","BCAR1","MAPK13"
"HDAC1","BCR-Ml","MAPK13"
"HDAC1","NOTCH","MAPK13"
"HDAC1","FERMT2","MAPK13"
"HDAC1","ZMIZ1","MAPK13"
"HDAC1","NPM1","MAPK13"
"HDAC1","SPRY2","MAPK13"
"HDAC1","BCR-Dl","MAPK13"
"HDAC1","DDX58","MAPK13"
"HDAC1","BCR-Mk","MAPK13"
"HDAC1","PLCG2","MAPK13"
"HDAC1","RPS6KA2","PRKCE"
"HDAC1","MTOR","PRKCE"
"HDAC1","PTPN1","PRKCE"
"HDAC1","Gbeta","PRKCE"
"HDAC1","MAML3","PRKCE"
"HDAC1","MAP3K14","PRKCE"
"HDAC1","AKT","PRKCE"
"HDAC1","MAPK9","PRKCE"
"HDAC1","WWTR1","PRKCE"
"HDAC1","RACK1","PRKCE"
"HDAC1","PXN","PRKCE"
"HDAC1","ABL2","PRKCE"
"HDAC1","FBXW7","PRKCE"
"HDAC1","NCK1","PRKCE"
"HDAC1","AHSA1","PRKCE"
"HDAC1","TNK2","PRKCE"
"HDAC1","MAPK10","PRKCE"
"HDAC1","MAP4K1","PRKCE"
"HDAC1","EPHA2","PRKCE"
"HDAC1","PTPRR","PRKCE"
"HDAC1","FLT4","PRKCE"
"HDAC1","NEK6","PRKCE"
"HDAC1","PRKCI","PRKCE"
"HDAC1","PIN1","PRKCE"
"HDAC1","GAB1","PRKCE"
"HDAC1","PTPRA","PRKCE"
"HDAC1","GRIP1","PRKCE"
"HDAC1","ARRB2","PRKCE"
"HDAC1","INPP5D","PRKCE"
"HDAC1","GAB2","PRKCE"
"HDAC1","EZH2","PRKCE"
"HDAC1","NOTCH","PRKCE"
"HDAC1","FERMT2","PRKCE"
"HDAC1","ZMIZ1","PRKCE"
"HDAC1","NPM1","PRKCE"
"HDAC1","GCSAM","PRKCE"
"HDAC1","OPTN","PRKCE"
"HDAC1","BCR-Mk","PRKCE"
"HDAC1","CHUK","FBXO4"
"HDAC1","SRC","FBXO4"
"HDAC1","MTOR","FBXO4"
"HDAC1","AKT1","FBXO4"
"HDAC1","PRKCD","FBXO4"
"HDAC1","Gbeta","FBXO4"
"HDAC1","KRAS","FBXO4"
"HDAC1","PTPRJ","FBXO4"
"HDAC1","RPS6KB1","FBXO4"
"HDAC1","EIF2AK2","FBXO4"
"HDAC1","MAML3","FBXO4"
"HDAC1","PPP1R2","FBXO4"
"HDAC1","MAPK9","FBXO4"
"HDAC1","DAPK1","FBXO4"
"HDAC1","PXN","FBXO4"
"HDAC1","ABL2","FBXO4"
"HDAC1","FBXW7","FBXO4"
"HDAC1","AHSA1","FBXO4"
"HDAC1","TNK2","FBXO4"
"HDAC1","STAT1","FBXO4"
"HDAC1","HSP90AB1","FBXO4"
"HDAC1","MAPK10","FBXO4"
"HDAC1","DYRK1B","FBXO4"
"HDAC1","JAK1","FBXO4"
"HDAC1","PTPN7","FBXO4"
"HDAC1","CDKN2A","FBXO4"
"HDAC1","MAP4K1","FBXO4"
"HDAC1","EPS15","FBXO4"
"HDAC1","AXIN1","FBXO4"
"HDAC1","FLT4","FBXO4"
"HDAC1","NEK6","FBXO4"
"HDAC1","PARD6A","FBXO4"
"HDAC1","CEP192","FBXO4"
"HDAC1","EZH2","FBXO4"
"HDAC1","BCAR1","FBXO4"
"HDAC1","BCR-Ml","FBXO4"
"HDAC1","ZMIZ1","FBXO4"
"HDAC1","GCSAM","FBXO4"
"HDAC1","IFIH1","FBXO4"
"HDAC1","RPS6KA2","CyclinB/CDK1"
"HDAC1","MTOR","CyclinB/CDK1"
"HDAC1","PRKCD","CyclinB/CDK1"
"HDAC1","KRAS","CyclinB/CDK1"
"HDAC1","KIT","CyclinB/CDK1"
"HDAC1","RPS6KB1","CyclinB/CDK1"
"HDAC1","MAML3","CyclinB/CDK1"
"HDAC1","TGFBR2","CyclinB/CDK1"
"HDAC1","PPP1R2","CyclinB/CDK1"
"HDAC1","RACK1","CyclinB/CDK1"
"HDAC1","PRKD1","CyclinB/CDK1"
"HDAC1","ABL2","CyclinB/CDK1"
"HDAC1","ITK","CyclinB/CDK1"
"HDAC1","BTK","CyclinB/CDK1"
"HDAC1","HSP90AB1","CyclinB/CDK1"
"HDAC1","MEK1/2","CyclinB/CDK1"
"HDAC1","JAK1","CyclinB/CDK1"
"HDAC1","EPS15","CyclinB/CDK1"
"HDAC1","IKK-complex","CyclinB/CDK1"
"HDAC1","DUSP16","CyclinB/CDK1"
"HDAC1","BMX","CyclinB/CDK1"
"HDAC1","PTK2B","CyclinB/CDK1"
"HDAC1","PIN1","CyclinB/CDK1"
"HDAC1","PTPRA","CyclinB/CDK1"
"HDAC1","ARRB2","CyclinB/CDK1"
"HDAC1","BCR-Dk","CyclinB/CDK1"
"HDAC1","BCR-Ml","CyclinB/CDK1"
"HDAC1","OPTN","CyclinB/CDK1"
"HDAC1","DDX58","CyclinB/CDK1"
"HDAC1","ROR2","CyclinB/CDK1"
"HDAC1","IFIH1","CyclinB/CDK1"
"HDAC1","DAB1","CyclinB/CDK1"
"HDAC1","CHUK","ABL2"
"HDAC1","RPS6KA2","ABL2"
"HDAC1","PTEN","ABL2"
"HDAC1","PRKCD","ABL2"
"HDAC1","KRAS","ABL2"
"HDAC1","RPS6KB1","ABL2"
"HDAC1","PDPK1","ABL2"
"HDAC1","PAK2","ABL2"
"HDAC1","PPP1R2","ABL2"
"HDAC1","WWTR1","ABL2"
"HDAC1","RACK1","ABL2"
"HDAC1","PXN","ABL2"
"HDAC1","ITK","ABL2"
"HDAC1","YAP1","ABL2"
"HDAC1","CD19","ABL2"
"HDAC1","MAP2K2","ABL2"
"HDAC1","MAPK10","ABL2"
"HDAC1","DYRK1B","ABL2"
"HDAC1","JAK1","ABL2"
"HDAC1","CDKN2A","ABL2"
"HDAC1","MAP4K1","ABL2"
"HDAC1","MAPKAPK5","ABL2"
"HDAC1","DUSP16","ABL2"
"HDAC1","EPHA2","ABL2"
"HDAC1","MAP3K8","ABL2"
"HDAC1","BDKRB2","ABL2"
"HDAC1","BMX","ABL2"
"HDAC1","PIN1","ABL2"
"HDAC1","GAB1","ABL2"
"HDAC1","GRIP1","ABL2"
"HDAC1","ARRB2","ABL2"
"HDAC1","INPP5D","ABL2"
"HDAC1","EZH2","ABL2"
"HDAC1","NCOA1","ABL2"
"HDAC1","NPM1","ABL2"
"HDAC1","GCSAM","ABL2"
"HDAC1","SPRY2","ABL2"
"HDAC1","ROR2","ABL2"
"HDAC1","IFIH1","ABL2"
"HDAC1","BCR-Mk","ABL2"
"HDAC1","PLCG2","ABL2"
"HDAC1","CHUK","FBXW7"
"HDAC1","MTOR","FBXW7"
"HDAC1","AKT1","FBXW7"
"HDAC1","MAPK1","FBXW7"
"HDAC1","PTPN1","FBXW7"
"HDAC1","KRAS","FBXW7"
"HDAC1","RPS6KB1","FBXW7"
"HDAC1","MAP2K1","FBXW7"
"HDAC1","PPP1R2","FBXW7"
"HDAC1","CDK5","FBXW7"
"HDAC1","AKT","FBXW7"
"HDAC1","MAPK9","FBXW7"
"HDAC1","WWTR1","FBXW7"
"HDAC1","DAPK1","FBXW7"
"HDAC1","PXN","FBXW7"
"HDAC1","PRKD1","FBXW7"
"HDAC1","ABL2","FBXW7"
"HDAC1","BTK","FBXW7"
"HDAC1","DVL2","FBXW7"
"HDAC1","MAPK10","FBXW7"
"HDAC1","DYRK1B","FBXW7"
"HDAC1","CDKN2A","FBXW7"
"HDAC1","EPS15","FBXW7"
"HDAC1","IKK-complex","FBXW7"
"HDAC1","SHC1","FBXW7"
"HDAC1","AXIN1","FBXW7"
"HDAC1","MAPKAPK5","FBXW7"
"HDAC1","BDKRB2","FBXW7"
"HDAC1","PTK2B","FBXW7"
"HDAC1","PARD6A","FBXW7"
"HDAC1","CEP192","FBXW7"
"HDAC1","PTPRA","FBXW7"
"HDAC1","ESR1","FBXW7"
"HDAC1","ARRB2","FBXW7"
"HDAC1","INPP5D","FBXW7"
"HDAC1","GAB2","FBXW7"
"HDAC1","EZH2","FBXW7"
"HDAC1","BCR-Dk","FBXW7"
"HDAC1","BCAR1","FBXW7"
"HDAC1","NOTCH","FBXW7"
"HDAC1","FERMT2","FBXW7"
"HDAC1","ZMIZ1","FBXW7"
"HDAC1","TAB3","FBXW7"
"HDAC1","BCR-Dl","FBXW7"
"HDAC1","ROR2","FBXW7"
"HDAC1","IFIH1","FBXW7"
"HDAC1","PTPN1","PTK2"
"HDAC1","CHUK","CyclinE/CDK2"
"HDAC1","SRC","CyclinE/CDK2"
"HDAC1","KRAS","CyclinE/CDK2"
"HDAC1","RPS6KB1","CyclinE/CDK2"
"HDAC1","EIF2AK2","CyclinE/CDK2"
"HDAC1","MAML3","CyclinE/CDK2"
"HDAC1","MAP3K14","CyclinE/CDK2"
"HDAC1","MAP2K1","CyclinE/CDK2"
"HDAC1","GSK3B","CyclinE/CDK2"
"HDAC1","PAK2","CyclinE/CDK2"
"HDAC1","PPP1R2","CyclinE/CDK2"
"HDAC1","CDK5","CyclinE/CDK2"
"HDAC1","MAPK9","CyclinE/CDK2"
"HDAC1","DAPK1","CyclinE/CDK2"
"HDAC1","FBXW7","CyclinE/CDK2"
"HDAC1","AHSA1","CyclinE/CDK2"
"HDAC1","TNK2","CyclinE/CDK2"
"HDAC1","DVL2","CyclinE/CDK2"
"HDAC1","MAPK10","CyclinE/CDK2"
"HDAC1","DYRK1B","CyclinE/CDK2"
"HDAC1","MEK1/2","CyclinE/CDK2"
"HDAC1","JAK1","CyclinE/CDK2"
"HDAC1","CDKN2A","CyclinE/CDK2"
"HDAC1","MAP4K1","CyclinE/CDK2"
"HDAC1","IKK-complex","CyclinE/CDK2"
"HDAC1","EPHA2","CyclinE/CDK2"
"HDAC1","NEK6","CyclinE/CDK2"
"HDAC1","PRKCI","CyclinE/CDK2"
"HDAC1","PARD6A","CyclinE/CDK2"
"HDAC1","GAB1","CyclinE/CDK2"
"HDAC1","INPP5D","CyclinE/CDK2"
"HDAC1","GAB2","CyclinE/CDK2"
"HDAC1","EZH2","CyclinE/CDK2"
"HDAC1","BCAR1","CyclinE/CDK2"
"HDAC1","NOTCH","CyclinE/CDK2"
"HDAC1","NCOA1","CyclinE/CDK2"
"HDAC1","ZMIZ1","CyclinE/CDK2"
"HDAC1","TAB3","CyclinE/CDK2"
"HDAC1","GCSAM","CyclinE/CDK2"
"HDAC1","OPTN","CyclinE/CDK2"
"HDAC1","ROR2","CyclinE/CDK2"
"HDAC1","DAB1","CyclinE/CDK2"
"HDAC1","PLCG2","CyclinE/CDK2"
"HDAC1","RPS6KA2","ITK"
"HDAC1","PTEN","ITK"
"HDAC1","MTOR","ITK"
"HDAC1","AKT1","ITK"
"HDAC1","PRKCD","ITK"
"HDAC1","MAPK1","ITK"
"HDAC1","KRAS","ITK"
"HDAC1","PTPRJ","ITK"
"HDAC1","RPS6KB1","ITK"
"HDAC1","MAML3","ITK"
"HDAC1","MAP3K14","ITK"
"HDAC1","MAP2K1","ITK"
"HDAC1","GSK3B","ITK"
"HDAC1","PPP1R2","ITK"
"HDAC1","CDK5","ITK"
"HDAC1","AKT","ITK"
"HDAC1","WWTR1","ITK"
"HDAC1","RACK1","ITK"
"HDAC1","DAPK1","ITK"
"HDAC1","ABL2","ITK"
"HDAC1","FBXW7","ITK"
"HDAC1","AHSA1","ITK"
"HDAC1","TNK2","ITK"
"HDAC1","YAP1","ITK"
"HDAC1","CD19","ITK"
"HDAC1","STAT1","ITK"
"HDAC1","HSP90AB1","ITK"
"HDAC1","MAP2K2","ITK"
"HDAC1","DYRK1B","ITK"
"HDAC1","MEK1/2","ITK"
"HDAC1","CDKN2A","ITK"
"HDAC1","EPS15","ITK"
"HDAC1","SHC1","ITK"
"HDAC1","AXIN1","ITK"
"HDAC1","MAPKAPK5","ITK"
"HDAC1","DUSP16","ITK"
"HDAC1","BDKRB2","ITK"
"HDAC1","PTK2B","ITK"
"HDAC1","CTNND1","ITK"
"HDAC1","PIN1","ITK"
"HDAC1","PARD6A","ITK"
"HDAC1","CEP192","ITK"
"HDAC1","PTPRA","ITK"
"HDAC1","GRIP1","ITK"
"HDAC1","INPP5D","ITK"
"HDAC1","EZH2","ITK"
"HDAC1","BCAR1","ITK"
"HDAC1","FERMT2","ITK"
"HDAC1","ZMIZ1","ITK"
"HDAC1","TAB3","ITK"
"HDAC1","GCSAM","ITK"
"HDAC1","OPTN","ITK"
"HDAC1","SPRY2","ITK"
"HDAC1","BCR-Dl","ITK"
"HDAC1","DDX58","ITK"
"HDAC1","ROR2","ITK"
"HDAC1","IFIH1","ITK"
"HDAC1","DAB1","ITK"
"HDAC1","BCR-Mk","ITK"
"HDAC1","PLCG2","ITK"
"HDAC1","PTEN","RPS6KA3"
"HDAC1","MTOR","RPS6KA3"
"HDAC1","MAPK1","RPS6KA3"
"HDAC1","Gbeta","RPS6KA3"
"HDAC1","KRAS","RPS6KA3"
"HDAC1","PTPRJ","RPS6KA3"
"HDAC1","EIF2AK2","RPS6KA3"
"HDAC1","GSK3B","RPS6KA3"
"HDAC1","PAK2","RPS6KA3"
"HDAC1","CDK5","RPS6KA3"
"HDAC1","MAPK9","RPS6KA3"
"HDAC1","RACK1","RPS6KA3"
"HDAC1","AHSA1","RPS6KA3"
"HDAC1","YAP1","RPS6KA3"
"HDAC1","CD19","RPS6KA3"
"HDAC1","STAT1","RPS6KA3"
"HDAC1","DVL2","RPS6KA3"
"HDAC1","DYRK1B","RPS6KA3"
"HDAC1","JAK1","RPS6KA3"
"HDAC1","PTPN7","RPS6KA3"
"HDAC1","IKK-complex","RPS6KA3"
"HDAC1","MAPKAPK5","RPS6KA3"
"HDAC1","EPHA2","RPS6KA3"
"HDAC1","MAP3K8","RPS6KA3"
"HDAC1","BDKRB2","RPS6KA3"
"HDAC1","PIN1","RPS6KA3"
"HDAC1","GAB1","RPS6KA3"
"HDAC1","PTPRA","RPS6KA3"
"HDAC1","GRIP1","RPS6KA3"
"HDAC1","ARRB2","RPS6KA3"
"HDAC1","BCR-Dk","RPS6KA3"
"HDAC1","NCOA1","RPS6KA3"
"HDAC1","ZMIZ1","RPS6KA3"
"HDAC1","OPTN","RPS6KA3"
"HDAC1","SPRY2","RPS6KA3"
"HDAC1","BCR-Dl","RPS6KA3"
"HDAC1","ROR2","RPS6KA3"
"HDAC1","SH2B3","RPS6KA3"
"HDAC1","DAB1","RPS6KA3"
"HDAC1","SRC","TTK"
"HDAC1","PTEN","TTK"
"HDAC1","MAPK8","TTK"
"HDAC1","MTOR","TTK"
"HDAC1","AKT1","TTK"
"HDAC1","RPS6KB1","TTK"
"HDAC1","PDPK1","TTK"
"HDAC1","GSK3B","TTK"
"HDAC1","PAK2","TTK"
"HDAC1","PPP1R2","TTK"
"HDAC1","AKT","TTK"
"HDAC1","PXN","TTK"
"HDAC1","ABL2","TTK"
"HDAC1","FBXW7","TTK"
"HDAC1","ITK","TTK"
"HDAC1","AHSA1","TTK"
"HDAC1","TNK2","TTK"
"HDAC1","STAT1","TTK"
"HDAC1","MAP4K1","TTK"
"HDAC1","DUSP16","TTK"
"HDAC1","NEK6","TTK"
"HDAC1","CTNND1","TTK"
"HDAC1","PIN1","TTK"
"HDAC1","PARD6A","TTK"
"HDAC1","GAB1","TTK"
"HDAC1","PTPRA","TTK"
"HDAC1","GRIP1","TTK"
"HDAC1","BCAR1","TTK"
"HDAC1","NCOA1","TTK"
"HDAC1","FERMT2","TTK"
"HDAC1","TAB3","TTK"
"HDAC1","SPRY2","TTK"
"HDAC1","BCR-Dl","TTK"
"HDAC1","DDX58","TTK"
"HDAC1","ROR2","TTK"
"HDAC1","IFIH1","TTK"
"HDAC1","SH2B3","TTK"
"HDAC1","DAB1","TTK"
"HDAC1","BCR-Mk","TTK"
"HDAC1","CHUK","NCK1"
"HDAC1","PTEN","NCK1"
"HDAC1","MAPK8","NCK1"
"HDAC1","AKT1","NCK1"
"HDAC1","MAPK1","NCK1"
"HDAC1","KRAS","NCK1"
"HDAC1","KIT","NCK1"
"HDAC1","EIF2AK2","NCK1"
"HDAC1","PDPK1","NCK1"
"HDAC1","MAP2K1","NCK1"
"HDAC1","TGFBR2","NCK1"
"HDAC1","PAK2","NCK1"
"HDAC1","AKT","NCK1"
"HDAC1","MAPK9","NCK1"
"HDAC1","PRKD1","NCK1"
"HDAC1","FBXW7","NCK1"
"HDAC1","ITK","NCK1"
"HDAC1","AHSA1","NCK1"
"HDAC1","BTK","NCK1"
"HDAC1","CD19","NCK1"
"HDAC1","STAT1","NCK1"
"HDAC1","HSP90AB1","NCK1"
"HDAC1","DVL2","NCK1"
"HDAC1","MAP2K2","NCK1"
"HDAC1","MAPK10","NCK1"
"HDAC1","DYRK1B","NCK1"
"HDAC1","MEK1/2","NCK1"
"HDAC1","JAK1","NCK1"
"HDAC1","PTPN7","NCK1"
"HDAC1","CDKN2A","NCK1"
"HDAC1","MAP4K1","NCK1"
"HDAC1","EPS15","NCK1"
"HDAC1","IKK-complex","NCK1"
"HDAC1","SHC1","NCK1"
"HDAC1","AXIN1","NCK1"
"HDAC1","DUSP16","NCK1"
"HDAC1","EPHA2","NCK1"
"HDAC1","PTPRR","NCK1"
"HDAC1","BDKRB2","NCK1"
"HDAC1","FLT4","NCK1"
"HDAC1","NEK6","NCK1"
"HDAC1","PIN1","NCK1"
"HDAC1","PARD6A","NCK1"
"HDAC1","CEP192","NCK1"
"HDAC1","GAB1","NCK1"
"HDAC1","PTPRA","NCK1"
"HDAC1","GRIP1","NCK1"
"HDAC1","ESR1","NCK1"
"HDAC1","EZH2","NCK1"
"HDAC1","BCR-Dk","NCK1"
"HDAC1","BCR-Ml","NCK1"
"HDAC1","NOTCH","NCK1"
"HDAC1","FERMT2","NCK1"
"HDAC1","ZMIZ1","NCK1"
"HDAC1","TAB3","NCK1"
"HDAC1","NPM1","NCK1"
"HDAC1","OPTN","NCK1"
"HDAC1","SPRY2","NCK1"
"HDAC1","DDX58","NCK1"
"HDAC1","ROR2","NCK1"
"HDAC1","IFIH1","NCK1"
"HDAC1","BCR-Mk","NCK1"
"HDAC1","CHUK","mTORC1"
"HDAC1","SRC","mTORC1"
"HDAC1","PTEN","mTORC1"
"HDAC1","MAPK1","mTORC1"
"HDAC1","PTPN1","mTORC1"
"HDAC1","KIT","mTORC1"
"HDAC1","RPS6KB1","mTORC1"
"HDAC1","MAML3","mTORC1"
"HDAC1","MAP3K14","mTORC1"
"HDAC1","MAP2K1","mTORC1"
"HDAC1","TGFBR2","mTORC1"
"HDAC1","PAK2","mTORC1"
"HDAC1","PPP1R2","mTORC1"
"HDAC1","CDK5","mTORC1"
"HDAC1","RACK1","mTORC1"
"HDAC1","PXN","mTORC1"
"HDAC1","PRKD1","mTORC1"
"HDAC1","ABL2","mTORC1"
"HDAC1","ITK","mTORC1"
"HDAC1","AHSA1","mTORC1"
"HDAC1","YAP1","mTORC1"
"HDAC1","HSP90AB1","mTORC1"
"HDAC1","DYRK1B","mTORC1"
"HDAC1","MEK1/2","mTORC1"
"HDAC1","JAK1","mTORC1"
"HDAC1","CDKN2A","mTORC1"
"HDAC1","MAP4K1","mTORC1"
"HDAC1","IKK-complex","mTORC1"
"HDAC1","SHC1","mTORC1"
"HDAC1","MAPK8IP3","mTORC1"
"HDAC1","MAPKAPK5","mTORC1"
"HDAC1","EPHA2","mTORC1"
"HDAC1","BDKRB2","mTORC1"
"HDAC1","SNW1","mTORC1"
"HDAC1","NEK6","mTORC1"
"HDAC1","CTNND1","mTORC1"
"HDAC1","PIN1","mTORC1"
"HDAC1","PARD6A","mTORC1"
"HDAC1","CEP192","mTORC1"
"HDAC1","GAB1","mTORC1"
"HDAC1","INPP5D","mTORC1"
"HDAC1","BCAR1","mTORC1"
"HDAC1","NOTCH","mTORC1"
"HDAC1","NCOA1","mTORC1"
"HDAC1","ZMIZ1","mTORC1"
"HDAC1","NPM1","mTORC1"
"HDAC1","GCSAM","mTORC1"
"HDAC1","OPTN","mTORC1"
"HDAC1","DAB1","mTORC1"
"HDAC1","BCR-Mk","mTORC1"
"HDAC1","CHUK","AHSA1"
"HDAC1","RPS6KA2","AHSA1"
"HDAC1","MTOR","AHSA1"
"HDAC1","PRKCD","AHSA1"
"HDAC1","MAPK1","AHSA1"
"HDAC1","PTPN1","AHSA1"
"HDAC1","Gbeta","AHSA1"
"HDAC1","KIT","AHSA1"
"HDAC1","PTPRJ","AHSA1"
"HDAC1","RPS6KB1","AHSA1"
"HDAC1","PDPK1","AHSA1"
"HDAC1","MAP2K1","AHSA1"
"HDAC1","GSK3B","AHSA1"
"HDAC1","TGFBR2","AHSA1"
"HDAC1","PAK2","AHSA1"
"HDAC1","PPP1R2","AHSA1"
"HDAC1","CDK5","AHSA1"
"HDAC1","AKT","AHSA1"
"HDAC1","WWTR1","AHSA1"
"HDAC1","RACK1","AHSA1"
"HDAC1","DAPK1","AHSA1"
"HDAC1","PXN","AHSA1"
"HDAC1","PRKD1","AHSA1"
"HDAC1","ABL2","AHSA1"
"HDAC1","FBXW7","AHSA1"
"HDAC1","NCK1","AHSA1"
"HDAC1","TNK2","AHSA1"
"HDAC1","YAP1","AHSA1"
"HDAC1","MAP2K2","AHSA1"
"HDAC1","DYRK1B","AHSA1"
"HDAC1","PTPN7","AHSA1"
"HDAC1","EPS15","AHSA1"
"HDAC1","AXIN1","AHSA1"
"HDAC1","MAPKAPK5","AHSA1"
"HDAC1","BDKRB2","AHSA1"
"HDAC1","FLT4","AHSA1"
"HDAC1","PTK2B","AHSA1"
"HDAC1","CTNND1","AHSA1"
"HDAC1","GAB2","AHSA1"
"HDAC1","EZH2","AHSA1"
"HDAC1","BCAR1","AHSA1"
"HDAC1","NCOA1","AHSA1"
"HDAC1","TAB3","AHSA1"
"HDAC1","GCSAM","AHSA1"
"HDAC1","OPTN","AHSA1"
"HDAC1","ROR2","AHSA1"
"HDAC1","BCR-Mk","AHSA1"
"HDAC1","SRC","DLX5"
"HDAC1","PTEN","DLX5"
"HDAC1","MAPK8","DLX5"
"HDAC1","MTOR","DLX5"
"HDAC1","AKT1","DLX5"
"HDAC1","PTPN1","DLX5"
"HDAC1","KRAS","DLX5"
"HDAC1","KIT","DLX5"
"HDAC1","RPS6KB1","DLX5"
"HDAC1","EIF2AK2","DLX5"
"HDAC1","PDPK1","DLX5"
"HDAC1","MAML3","DLX5"
"HDAC1","MAP3K14","DLX5"
"HDAC1","TGFBR2","DLX5"
"HDAC1","PAK2","DLX5"
"HDAC1","CDK5","DLX5"
"HDAC1","AKT","DLX5"
"HDAC1","WWTR1","DLX5"
"HDAC1","DAPK1","DLX5"
"HDAC1","PXN","DLX5"
"HDAC1","FBXW7","DLX5"
"HDAC1","ITK","DLX5"
"HDAC1","BTK","DLX5"
"HDAC1","TNK2","DLX5"
"HDAC1","CD19","DLX5"
"HDAC1","STAT1","DLX5"
"HDAC1","HSP90AB1","DLX5"
"HDAC1","MAP2K2","DLX5"
"HDAC1","DYRK1B","DLX5"
"HDAC1","MEK1/2","DLX5"
"HDAC1","PTPN7","DLX5"
"HDAC1","IKK-complex","DLX5"
"HDAC1","AXIN1","DLX5"
"HDAC1","BDKRB2","DLX5"
"HDAC1","BMX","DLX5"
"HDAC1","PTK2B","DLX5"
"HDAC1","PRKCI","DLX5"
"HDAC1","CTNND1","DLX5"
"HDAC1","PIN1","DLX5"
"HDAC1","CEP192","DLX5"
"HDAC1","PTPRA","DLX5"
"HDAC1","ARRB2","DLX5"
"HDAC1","BCAR1","DLX5"
"HDAC1","BCR-Ml","DLX5"
"HDAC1","NCOA1","DLX5"
"HDAC1","TAB3","DLX5"
"HDAC1","GCSAM","DLX5"
"HDAC1","BCR-Dl","DLX5"
"HDAC1","ROR2","DLX5"
"HDAC1","BCR-Mk","DLX5"
"HDAC1","PLCG2","DLX5"
"HDAC1","CHUK","BTK"
"HDAC1","RPS6KA2","BTK"
"HDAC1","PTEN","BTK"
"HDAC1","MAPK8","BTK"
"HDAC1","AKT1","BTK"
"HDAC1","PRKCD","BTK"
"HDAC1","MAPK1","BTK"
"HDAC1","KRAS","BTK"
"HDAC1","KIT","BTK"
"HDAC1","PDPK1","BTK"
"HDAC1","MAP3K14","BTK"
"HDAC1","TGFBR2","BTK"
"HDAC1","PAK2","BTK"
"HDAC1","PPP1R2","BTK"
"HDAC1","DAPK1","BTK"
"HDAC1","PXN","BTK"
"HDAC1","PRKD1","BTK"
"HDAC1","AHSA1","BTK"
"HDAC1","YAP1","BTK"
"HDAC1","STAT1","BTK"
"HDAC1","HSP90AB1","BTK"
"HDAC1","MAP2K2","BTK"
"HDAC1","IKK-complex","BTK"
"HDAC1","MAPK8IP3","BTK"
"HDAC1","AXIN1","BTK"
"HDAC1","MAPKAPK5","BTK"
"HDAC1","MAP3K8","BTK"
"HDAC1","BDKRB2","BTK"
"HDAC1","SNW1","BTK"
"HDAC1","NEK6","BTK"
"HDAC1","PRKCI","BTK"
"HDAC1","CEP192","BTK"
"HDAC1","GAB1","BTK"
"HDAC1","GRIP1","BTK"
"HDAC1","ESR1","BTK"
"HDAC1","ARRB2","BTK"
"HDAC1","INPP5D","BTK"
"HDAC1","EZH2","BTK"
"HDAC1","BCAR1","BTK"
"HDAC1","BCR-Ml","BTK"
"HDAC1","NOTCH","BTK"
"HDAC1","FERMT2","BTK"
"HDAC1","ZMIZ1","BTK"
"HDAC1","NPM1","BTK"
"HDAC1","OPTN","BTK"
"HDAC1","DDX58","BTK"
"HDAC1","IFIH1","BTK"
"HDAC1","CHUK","TNK2"
"HDAC1","RPS6KA2","TNK2"
"HDAC1","PTEN","TNK2"
"HDAC1","PRKCD","TNK2"
"HDAC1","KRAS","TNK2"
"HDAC1","KIT","TNK2"
"HDAC1","PTPRJ","TNK2"
"HDAC1","EIF2AK2","TNK2"
"HDAC1","PDPK1","TNK2"
"HDAC1","MAP2K1","TNK2"
"HDAC1","PPP1R2","TNK2"
"HDAC1","CDK5","TNK2"
"HDAC1","DAPK1","TNK2"
"HDAC1","PRKD1","TNK2"
"HDAC1","ABL2","TNK2"
"HDAC1","NCK1","TNK2"
"HDAC1","YAP1","TNK2"
"HDAC1","STAT1","TNK2"
"HDAC1","DVL2","TNK2"
"HDAC1","MAP2K2","TNK2"
"HDAC1","DYRK1B","TNK2"
"HDAC1","MEK1/2","TNK2"
"HDAC1","EPS15","TNK2"
"HDAC1","EPHA2","TNK2"
"HDAC1","PTK2B","TNK2"
"HDAC1","PRKCI","TNK2"
"HDAC1","CTNND1","TNK2"
"HDAC1","PARD6A","TNK2"
"HDAC1","CEP192","TNK2"
"HDAC1","GAB1","TNK2"
"HDAC1","GRIP1","TNK2"
"HDAC1","ESR1","TNK2"
"HDAC1","ARRB2","TNK2"
"HDAC1","EZH2","TNK2"
"HDAC1","BCAR1","TNK2"
"HDAC1","BCR-Ml","TNK2"
"HDAC1","NOTCH","TNK2"
"HDAC1","TAB3","TNK2"
"HDAC1","NPM1","TNK2"
"HDAC1","GCSAM","TNK2"
"HDAC1","OPTN","TNK2"
"HDAC1","SPRY2","TNK2"
"HDAC1","ROR2","TNK2"
"HDAC1","IFIH1","TNK2"
"HDAC1","PLCG2","TNK2"
"HDAC1","MAP2K1","MCL1"
"HDAC1","CHUK","YAP1"
"HDAC1","SRC","YAP1"
"HDAC1","PTEN","YAP1"
"HDAC1","MTOR","YAP1"
"HDAC1","AKT1","YAP1"
"HDAC1","PRKCD","YAP1"
"HDAC1","MAPK1","YAP1"
"HDAC1","EIF2AK2","YAP1"
"HDAC1","MAML3","YAP1"
"HDAC1","MAP2K1","YAP1"
"HDAC1","PPP1R2","YAP1"
"HDAC1","AKT","YAP1"
"HDAC1","RACK1","YAP1"
"HDAC1","PXN","YAP1"
"HDAC1","PRKD1","YAP1"
"HDAC1","ABL2","YAP1"
"HDAC1","FBXW7","YAP1"
"HDAC1","ITK","YAP1"
"HDAC1","NCK1","YAP1"
"HDAC1","AHSA1","YAP1"
"HDAC1","BTK","YAP1"
"HDAC1","TNK2","YAP1"
"HDAC1","CD19","YAP1"
"HDAC1","STAT1","YAP1"
"HDAC1","HSP90AB1","YAP1"
"HDAC1","DVL2","YAP1"
"HDAC1","MAP2K2","YAP1"
"HDAC1","MAPK10","YAP1"
"HDAC1","DYRK1B","YAP1"
"HDAC1","JAK1","YAP1"
"HDAC1","PTPN7","YAP1"
"HDAC1","CDKN2A","YAP1"
"HDAC1","MAP4K1","YAP1"
"HDAC1","EPS15","YAP1"
"HDAC1","IKK-complex","YAP1"
"HDAC1","SHC1","YAP1"
"HDAC1","MAPK8IP3","YAP1"
"HDAC1","AXIN1","YAP1"
"HDAC1","MAPKAPK5","YAP1"
"HDAC1","DUSP16","YAP1"
"HDAC1","MAP3K8","YAP1"
"HDAC1","BMX","YAP1"
"HDAC1","PTK2B","YAP1"
"HDAC1","CTNND1","YAP1"
"HDAC1","PIN1","YAP1"
"HDAC1","GAB1","YAP1"
"HDAC1","PTPRA","YAP1"
"HDAC1","BCR-Dk","YAP1"
"HDAC1","BCAR1","YAP1"
"HDAC1","BCR-Ml","YAP1"
"HDAC1","NOTCH","YAP1"
"HDAC1","FERMT2","YAP1"
"HDAC1","GCSAM","YAP1"
"HDAC1","OPTN","YAP1"
"HDAC1","DAB1","YAP1"
"HDAC1","BCR-Mk","YAP1"
"HDAC1","PLCG2","YAP1"
"HDAC1","SRC","CD19"
"HDAC1","RPS6KA2","CD19"
"HDAC1","AKT1","CD19"
"HDAC1","PRKCD","CD19"
"HDAC1","MAPK1","CD19"
"HDAC1","KIT","CD19"
"HDAC1","EIF2AK2","CD19"
"HDAC1","PDPK1","CD19"
"HDAC1","MAML3","CD19"
"HDAC1","TGFBR2","CD19"
"HDAC1","PAK2","CD19"
"HDAC1","CDK5","CD19"
"HDAC1","AKT","CD19"
"HDAC1","MAPK9","CD19"
"HDAC1","WWTR1","CD19"
"HDAC1","RACK1","CD19"
"HDAC1","DAPK1","CD19"
"HDAC1","PRKD1","CD19"
"HDAC1","FBXW7","CD19"
"HDAC1","ITK","CD19"
"HDAC1","AHSA1","CD19"
"HDAC1","YAP1","CD19"
"HDAC1","MAP2K2","CD19"
"HDAC1","MAPK10","CD19"
"HDAC1","DYRK1B","CD19"
"HDAC1","PTPN7","CD19"
"HDAC1","CDKN2A","CD19"
"HDAC1","MAP4K1","CD19"
"HDAC1","EPS15","CD19"
"HDAC1","IKK-complex","CD19"
"HDAC1","MAPK8IP3","CD19"
"HDAC1","AXIN1","CD19"
"HDAC1","MAPKAPK5","CD19"
"HDAC1","DUSP16","CD19"
"HDAC1","EPHA2","CD19"
"HDAC1","MAP3K8","CD19"
"HDAC1","PTPRR","CD19"
"HDAC1","FLT4","CD19"
"HDAC1","BMX","CD19"
"HDAC1","PTK2B","CD19"
"HDAC1","SNW1","CD19"
"HDAC1","PRKCI","CD19"
"HDAC1","CEP192","CD19"
"HDAC1","GAB1","CD19"
"HDAC1","PTPRA","CD19"
"HDAC1","GRIP1","CD19"
"HDAC1","ESR1","CD19"
"HDAC1","ARRB2","CD19"
"HDAC1","NOTCH","CD19"
"HDAC1","FERMT2","CD19"
"HDAC1","SPRY2","CD19"
"HDAC1","DDX58","CD19"
"HDAC1","ROR2","CD19"
"HDAC1","IFIH1","CD19"
"HDAC1","SRC","XIAP"
"HDAC1","RPS6KA2","XIAP"
"HDAC1","MAPK8","XIAP"
"HDAC1","MTOR","XIAP"
"HDAC1","AKT1","XIAP"
"HDAC1","PRKCD","XIAP"
"HDAC1","MAPK1","XIAP"
"HDAC1","Gbeta","XIAP"
"HDAC1","KRAS","XIAP"
"HDAC1","PTPRJ","XIAP"
"HDAC1","RPS6KB1","XIAP"
"HDAC1","EIF2AK2","XIAP"
"HDAC1","PDPK1","XIAP"
"HDAC1","MAML3","XIAP"
"HDAC1","MAP3K14","XIAP"
"HDAC1","GSK3B","XIAP"
"HDAC1","TGFBR2","XIAP"
"HDAC1","PAK2","XIAP"
"HDAC1","AKT","XIAP"
"HDAC1","MAPK9","XIAP"
"HDAC1","WWTR1","XIAP"
"HDAC1","DAPK1","XIAP"
"HDAC1","ITK","XIAP"
"HDAC1","TNK2","XIAP"
"HDAC1","CD19","XIAP"
"HDAC1","DVL2","XIAP"
"HDAC1","MAP2K2","XIAP"
"HDAC1","DYRK1B","XIAP"
"HDAC1","SHC1","XIAP"
"HDAC1","MAPK8IP3","XIAP"
"HDAC1","AXIN1","XIAP"
"HDAC1","DUSP16","XIAP"
"HDAC1","EPHA2","XIAP"
"HDAC1","MAP3K8","XIAP"
"HDAC1","FLT4","XIAP"
"HDAC1","PTK2B","XIAP"
"HDAC1","NEK6","XIAP"
"HDAC1","PRKCI","XIAP"
"HDAC1","PIN1","XIAP"
"HDAC1","PARD6A","XIAP"
"HDAC1","GRIP1","XIAP"
"HDAC1","EZH2","XIAP"
"HDAC1","BCR-Ml","XIAP"
"HDAC1","NPM1","XIAP"
"HDAC1","OPTN","XIAP"
"HDAC1","SPRY2","XIAP"
"HDAC1","BCR-Dl","XIAP"
"HDAC1","DDX58","XIAP"
"HDAC1","IFIH1","XIAP"
"HDAC1","BCR-Mk","XIAP"
"HDAC1","CHUK","DEF6"
"HDAC1","SRC","DEF6"
"HDAC1","RPS6KA2","DEF6"
"HDAC1","MAPK8","DEF6"
"HDAC1","AKT1","DEF6"
"HDAC1","MAPK1","DEF6"
"HDAC1","PTPN1","DEF6"
"HDAC1","Gbeta","DEF6"
"HDAC1","KRAS","DEF6"
"HDAC1","PTPRJ","DEF6"
"HDAC1","EIF2AK2","DEF6"
"HDAC1","PDPK1","DEF6"
"HDAC1","MAML3","DEF6"
"HDAC1","MAP3K14","DEF6"
"HDAC1","GSK3B","DEF6"
"HDAC1","CDK5","DEF6"
"HDAC1","AKT","DEF6"
"HDAC1","WWTR1","DEF6"
"HDAC1","ABL2","DEF6"
"HDAC1","ITK","DEF6"
"HDAC1","NCK1","DEF6"
"HDAC1","YAP1","DEF6"
"HDAC1","CD19","DEF6"
"HDAC1","HSP90AB1","DEF6"
"HDAC1","MAP2K2","DEF6"
"HDAC1","DYRK1B","DEF6"
"HDAC1","PTPN7","DEF6"
"HDAC1","MAP4K1","DEF6"
"HDAC1","EPS15","DEF6"
"HDAC1","SHC1","DEF6"
"HDAC1","MAPK8IP3","DEF6"
"HDAC1","MAPKAPK5","DEF6"
"HDAC1","MAP3K8","DEF6"
"HDAC1","PTPRR","DEF6"
"HDAC1","BMX","DEF6"
"HDAC1","SNW1","DEF6"
"HDAC1","NEK6","DEF6"
"HDAC1","CTNND1","DEF6"
"HDAC1","PIN1","DEF6"
"HDAC1","PARD6A","DEF6"
"HDAC1","PTPRA","DEF6"
"HDAC1","INPP5D","DEF6"
"HDAC1","EZH2","DEF6"
"HDAC1","BCAR1","DEF6"
"HDAC1","BCR-Ml","DEF6"
"HDAC1","TAB3","DEF6"
"HDAC1","BCR-Dl","DEF6"
"HDAC1","BCR-Mk","DEF6"
"HDAC1","PTEN","STAT1"
"HDAC1","MAPK8","STAT1"
"HDAC1","AKT1","STAT1"
"HDAC1","Gbeta","STAT1"
"HDAC1","PTPRJ","STAT1"
"HDAC1","EIF2AK2","STAT1"
"HDAC1","PDPK1","STAT1"
"HDAC1","MAML3","STAT1"
"HDAC1","MAP2K1","STAT1"
"HDAC1","GSK3B","STAT1"
"HDAC1","TGFBR2","STAT1"
"HDAC1","MAPK9","STAT1"
"HDAC1","PRKD1","STAT1"
"HDAC1","ITK","STAT1"
"HDAC1","YAP1","STAT1"
"HDAC1","HSP90AB1","STAT1"
"HDAC1","MAP2K2","STAT1"
"HDAC1","MEK1/2","STAT1"
"HDAC1","JAK1","STAT1"
"HDAC1","CDKN2A","STAT1"
"HDAC1","EPS15","STAT1"
"HDAC1","MAPK8IP3","STAT1"
"HDAC1","PTK2B","STAT1"
"HDAC1","SNW1","STAT1"
"HDAC1","NEK6","STAT1"
"HDAC1","PIN1","STAT1"
"HDAC1","PARD6A","STAT1"
"HDAC1","CEP192","STAT1"
"HDAC1","GAB1","STAT1"
"HDAC1","PTPRA","STAT1"
"HDAC1","GRIP1","STAT1"
"HDAC1","ESR1","STAT1"
"HDAC1","INPP5D","STAT1"
"HDAC1","BCAR1","STAT1"
"HDAC1","NCOA1","STAT1"
"HDAC1","ZMIZ1","STAT1"
"HDAC1","TAB3","STAT1"
"HDAC1","NPM1","STAT1"
"HDAC1","BCR-Dl","STAT1"
"HDAC1","DDX58","STAT1"
"HDAC1","IFIH1","STAT1"
"HDAC1","BCR-Mk","STAT1"
"HDAC1","PLCG2","STAT1"
"HDAC1","SRC","DPYSL5"
"HDAC1","RPS6KA2","DPYSL5"
"HDAC1","PTEN","DPYSL5"
"HDAC1","PRKCD","DPYSL5"
"HDAC1","MAPK1","DPYSL5"
"HDAC1","PTPN1","DPYSL5"
"HDAC1","Gbeta","DPYSL5"
"HDAC1","PTPRJ","DPYSL5"
"HDAC1","RPS6KB1","DPYSL5"
"HDAC1","PDPK1","DPYSL5"
"HDAC1","MAML3","DPYSL5"
"HDAC1","MAP3K14","DPYSL5"
"HDAC1","MAP2K1","DPYSL5"
"HDAC1","TGFBR2","DPYSL5"
"HDAC1","CDK5","DPYSL5"
"HDAC1","WWTR1","DPYSL5"
"HDAC1","RACK1","DPYSL5"
"HDAC1","PXN","DPYSL5"
"HDAC1","FBXW7","DPYSL5"
"HDAC1","NCK1","DPYSL5"
"HDAC1","BTK","DPYSL5"
"HDAC1","YAP1","DPYSL5"
"HDAC1","STAT1","DPYSL5"
"HDAC1","HSP90AB1","DPYSL5"
"HDAC1","MAPK10","DPYSL5"
"HDAC1","DYRK1B","DPYSL5"
"HDAC1","MEK1/2","DPYSL5"
"HDAC1","JAK1","DPYSL5"
"HDAC1","PTPN7","DPYSL5"
"HDAC1","CDKN2A","DPYSL5"
"HDAC1","MAP4K1","DPYSL5"
"HDAC1","IKK-complex","DPYSL5"
"HDAC1","AXIN1","DPYSL5"
"HDAC1","MAPKAPK5","DPYSL5"
"HDAC1","DUSP16","DPYSL5"
"HDAC1","BMX","DPYSL5"
"HDAC1","PTK2B","DPYSL5"
"HDAC1","SNW1","DPYSL5"
"HDAC1","NEK6","DPYSL5"
"HDAC1","PRKCI","DPYSL5"
"HDAC1","CEP192","DPYSL5"
"HDAC1","PTPRA","DPYSL5"
"HDAC1","GRIP1","DPYSL5"
"HDAC1","ESR1","DPYSL5"
"HDAC1","GAB2","DPYSL5"
"HDAC1","EZH2","DPYSL5"
"HDAC1","BCR-Dk","DPYSL5"
"HDAC1","BCAR1","DPYSL5"
"HDAC1","BCR-Ml","DPYSL5"
"HDAC1","NCOA1","DPYSL5"
"HDAC1","TAB3","DPYSL5"
"HDAC1","NPM1","DPYSL5"
"HDAC1","GCSAM","DPYSL5"
"HDAC1","OPTN","DPYSL5"
"HDAC1","DDX58","DPYSL5"
"HDAC1","SH2B3","DPYSL5"
"HDAC1","DAB1","DPYSL5"
"HDAC1","CHUK","ATR"
"HDAC1","SRC","ATR"
"HDAC1","MAPK8","ATR"
"HDAC1","MTOR","ATR"
"HDAC1","MAPK1","ATR"
"HDAC1","KRAS","ATR"
"HDAC1","PTPRJ","ATR"
"HDAC1","RPS6KB1","ATR"
"HDAC1","PAK2","ATR"
"HDAC1","PPP1R2","ATR"
"HDAC1","WWTR1","ATR"
"HDAC1","RACK1","ATR"
"HDAC1","DAPK1","ATR"
"HDAC1","PXN","ATR"
"HDAC1","FBXW7","ATR"
"HDAC1","NCK1","ATR"
"HDAC1","YAP1","ATR"
"HDAC1","CD19","ATR"
"HDAC1","STAT1","ATR"
"HDAC1","DVL2","ATR"
"HDAC1","MAP2K2","ATR"
"HDAC1","MAPK10","ATR"
"HDAC1","DYRK1B","ATR"
"HDAC1","MEK1/2","ATR"
"HDAC1","PTPN7","ATR"
"HDAC1","MAP4K1","ATR"
"HDAC1","EPS15","ATR"
"HDAC1","MAPK8IP3","ATR"
"HDAC1","MAPKAPK5","ATR"
"HDAC1","DUSP16","ATR"
"HDAC1","PTPRR","ATR"
"HDAC1","BDKRB2","ATR"
"HDAC1","FLT4","ATR"
"HDAC1","SNW1","ATR"
"HDAC1","PIN1","ATR"
"HDAC1","GAB1","ATR"
"HDAC1","PTPRA","ATR"
"HDAC1","GRIP1","ATR"
"HDAC1","ESR1","ATR"
"HDAC1","INPP5D","ATR"
"HDAC1","GAB2","ATR"
"HDAC1","BCR-Dk","ATR"
"HDAC1","BCR-Ml","ATR"
"HDAC1","NCOA1","ATR"
"HDAC1","ZMIZ1","ATR"
"HDAC1","TAB3","ATR"
"HDAC1","SPRY2","ATR"
"HDAC1","BCR-Dl","ATR"
"HDAC1","DDX58","ATR"
"HDAC1","ROR2","ATR"
"HDAC1","SH2B3","ATR"
"HDAC1","BCR-Mk","ATR"
"HDAC1","CHUK","HSP90AB1"
"HDAC1","PTEN","HSP90AB1"
"HDAC1","MAPK8","HSP90AB1"
"HDAC1","MAPK1","HSP90AB1"
"HDAC1","Gbeta","HSP90AB1"
"HDAC1","KRAS","HSP90AB1"
"HDAC1","KIT","HSP90AB1"
"HDAC1","PTPRJ","HSP90AB1"
"HDAC1","RPS6KB1","HSP90AB1"
"HDAC1","PDPK1","HSP90AB1"
"HDAC1","MAML3","HSP90AB1"
"HDAC1","GSK3B","HSP90AB1"
"HDAC1","TGFBR2","HSP90AB1"
"HDAC1","PAK2","HSP90AB1"
"HDAC1","PPP1R2","HSP90AB1"
"HDAC1","CDK5","HSP90AB1"
"HDAC1","AKT","HSP90AB1"
"HDAC1","MAPK9","HSP90AB1"
"HDAC1","WWTR1","HSP90AB1"
"HDAC1","RACK1","HSP90AB1"
"HDAC1","DAPK1","HSP90AB1"
"HDAC1","PXN","HSP90AB1"
"HDAC1","PRKD1","HSP90AB1"
"HDAC1","ABL2","HSP90AB1"
"HDAC1","FBXW7","HSP90AB1"
"HDAC1","ITK","HSP90AB1"
"HDAC1","AHSA1","HSP90AB1"
"HDAC1","BTK","HSP90AB1"
"HDAC1","TNK2","HSP90AB1"
"HDAC1","CD19","HSP90AB1"
"HDAC1","DVL2","HSP90AB1"
"HDAC1","MAP2K2","HSP90AB1"
"HDAC1","DYRK1B","HSP90AB1"
"HDAC1","JAK1","HSP90AB1"
"HDAC1","PTPN7","HSP90AB1"
"HDAC1","EPS15","HSP90AB1"
"HDAC1","IKK-complex","HSP90AB1"
"HDAC1","SHC1","HSP90AB1"
"HDAC1","DUSP16","HSP90AB1"
"HDAC1","MAP3K8","HSP90AB1"
"HDAC1","BDKRB2","HSP90AB1"
"HDAC1","PTK2B","HSP90AB1"
"HDAC1","PRKCI","HSP90AB1"
"HDAC1","CTNND1","HSP90AB1"
"HDAC1","PIN1","HSP90AB1"
"HDAC1","PARD6A","HSP90AB1"
"HDAC1","CEP192","HSP90AB1"
"HDAC1","PTPRA","HSP90AB1"
"HDAC1","GRIP1","HSP90AB1"
"HDAC1","ARRB2","HSP90AB1"
"HDAC1","GAB2","HSP90AB1"
"HDAC1","BCR-Ml","HSP90AB1"
"HDAC1","NOTCH","HSP90AB1"
"HDAC1","FERMT2","HSP90AB1"
"HDAC1","ZMIZ1","HSP90AB1"
"HDAC1","TAB3","HSP90AB1"
"HDAC1","NPM1","HSP90AB1"
"HDAC1","GCSAM","HSP90AB1"
"HDAC1","BCR-Dl","HSP90AB1"
"HDAC1","DDX58","HSP90AB1"
"HDAC1","IFIH1","HSP90AB1"
"HDAC1","PLCG2","HSP90AB1"
"HDAC1","CHUK","JNK"
"HDAC1","AKT1","JNK"
"HDAC1","PRKCD","JNK"
"HDAC1","MAPK1","JNK"
"HDAC1","KRAS","JNK"
"HDAC1","RPS6KB1","JNK"
"HDAC1","EIF2AK2","JNK"
"HDAC1","MAML3","JNK"
"HDAC1","TGFBR2","JNK"
"HDAC1","PAK2","JNK"
"HDAC1","AKT","JNK"
"HDAC1","MAPK9","JNK"
"HDAC1","RACK1","JNK"
"HDAC1","NCK1","JNK"
"HDAC1","TNK2","JNK"
"HDAC1","YAP1","JNK"
"HDAC1","JAK1","JNK"
"HDAC1","MAP4K1","JNK"
"HDAC1","IKK-complex","JNK"
"HDAC1","SHC1","JNK"
"HDAC1","MAPK8IP3","JNK"
"HDAC1","AXIN1","JNK"
"HDAC1","MAPKAPK5","JNK"
"HDAC1","DUSP16","JNK"
"HDAC1","EPHA2","JNK"
"HDAC1","BDKRB2","JNK"
"HDAC1","PTK2B","JNK"
"HDAC1","SNW1","JNK"
"HDAC1","NEK6","JNK"
"HDAC1","PRKCI","JNK"
"HDAC1","PARD6A","JNK"
"HDAC1","PTPRA","JNK"
"HDAC1","GRIP1","JNK"
"HDAC1","ESR1","JNK"
"HDAC1","ARRB2","JNK"
"HDAC1","GAB2","JNK"
"HDAC1","EZH2","JNK"
"HDAC1","BCR-Dk","JNK"
"HDAC1","NOTCH","JNK"
"HDAC1","NCOA1","JNK"
"HDAC1","TAB3","JNK"
"HDAC1","NPM1","JNK"
"HDAC1","BCR-Dl","JNK"
"HDAC1","ROR2","JNK"
"HDAC1","DAB1","JNK"
"HDAC1","BCR-Mk","JNK"
"HDAC1","PLCG2","JNK"
"HDAC1","RPS6KA2","PPP1CC"
"HDAC1","MAPK8","PPP1CC"
"HDAC1","MTOR","PPP1CC"
"HDAC1","AKT1","PPP1CC"
"HDAC1","MAPK1","PPP1CC"
"HDAC1","Gbeta","PPP1CC"
"HDAC1","KRAS","PPP1CC"
"HDAC1","KIT","PPP1CC"
"HDAC1","PTPRJ","PPP1CC"
"HDAC1","RPS6KB1","PPP1CC"
"HDAC1","PDPK1","PPP1CC"
"HDAC1","MAML3","PPP1CC"
"HDAC1","MAP3K14","PPP1CC"
"HDAC1","MAP2K1","PPP1CC"
"HDAC1","DAPK1","PPP1CC"
"HDAC1","PXN","PPP1CC"
"HDAC1","ABL2","PPP1CC"
"HDAC1","FBXW7","PPP1CC"
"HDAC1","NCK1","PPP1CC"
"HDAC1","YAP1","PPP1CC"
"HDAC1","CD19","PPP1CC"
"HDAC1","STAT1","PPP1CC"
"HDAC1","MAPK10","PPP1CC"
"HDAC1","DYRK1B","PPP1CC"
"HDAC1","JAK1","PPP1CC"
"HDAC1","PTPN7","PPP1CC"
"HDAC1","CDKN2A","PPP1CC"
"HDAC1","EPS15","PPP1CC"
"HDAC1","SHC1","PPP1CC"
"HDAC1","DUSP16","PPP1CC"
"HDAC1","PTPRR","PPP1CC"
"HDAC1","FLT4","PPP1CC"
"HDAC1","PRKCI","PPP1CC"
"HDAC1","CTNND1","PPP1CC"
"HDAC1","PARD6A","PPP1CC"
"HDAC1","CEP192","PPP1CC"
"HDAC1","PTPRA","PPP1CC"
"HDAC1","ESR1","PPP1CC"
"HDAC1","ARRB2","PPP1CC"
"HDAC1","INPP5D","PPP1CC"
"HDAC1","BCR-Dk","PPP1CC"
"HDAC1","NOTCH","PPP1CC"
"HDAC1","NCOA1","PPP1CC"
"HDAC1","NPM1","PPP1CC"
"HDAC1","OPTN","PPP1CC"
"HDAC1","SPRY2","PPP1CC"
"HDAC1","BCR-Dl","PPP1CC"
"HDAC1","DDX58","PPP1CC"
"HDAC1","ROR2","PPP1CC"
"HDAC1","SH2B3","PPP1CC"
"HDAC1","PLCG2","PPP1CC"
"HDAC1","SRC","FGF14"
"HDAC1","RPS6KA2","FGF14"
"HDAC1","PTEN","FGF14"
"HDAC1","Gbeta","FGF14"
"HDAC1","KRAS","FGF14"
"HDAC1","PTPRJ","FGF14"
"HDAC1","RPS6KB1","FGF14"
"HDAC1","MAP3K14","FGF14"
"HDAC1","TGFBR2","FGF14"
"HDAC1","MAPK9","FGF14"
"HDAC1","PXN","FGF14"
"HDAC1","ABL2","FGF14"
"HDAC1","NCK1","FGF14"
"HDAC1","TNK2","FGF14"
"HDAC1","YAP1","FGF14"
"HDAC1","CD19","FGF14"
"HDAC1","STAT1","FGF14"
"HDAC1","HSP90AB1","FGF14"
"HDAC1","MAP2K2","FGF14"
"HDAC1","MAPK10","FGF14"
"HDAC1","DYRK1B","FGF14"
"HDAC1","MEK1/2","FGF14"
"HDAC1","CDKN2A","FGF14"
"HDAC1","MAP4K1","FGF14"
"HDAC1","IKK-complex","FGF14"
"HDAC1","SHC1","FGF14"
"HDAC1","MAPK8IP3","FGF14"
"HDAC1","AXIN1","FGF14"
"HDAC1","MAPKAPK5","FGF14"
"HDAC1","EPHA2","FGF14"
"HDAC1","BDKRB2","FGF14"
"HDAC1","FLT4","FGF14"
"HDAC1","NEK6","FGF14"
"HDAC1","CTNND1","FGF14"
"HDAC1","CEP192","FGF14"
"HDAC1","PTPRA","FGF14"
"HDAC1","ESR1","FGF14"
"HDAC1","INPP5D","FGF14"
"HDAC1","GAB2","FGF14"
"HDAC1","BCR-Dk","FGF14"
"HDAC1","NOTCH","FGF14"
"HDAC1","FERMT2","FGF14"
"HDAC1","SPRY2","FGF14"
"HDAC1","BCR-Dl","FGF14"
"HDAC1","DAB1","FGF14"
"HDAC1","BCR-Mk","FGF14"
"HDAC1","PLCG2","FGF14"
"HDAC1","SRC","IER3"
"HDAC1","Gbeta","IER3"
"HDAC1","RPS6KB1","IER3"
"HDAC1","EIF2AK2","IER3"
"HDAC1","MAML3","IER3"
"HDAC1","MAP3K14","IER3"
"HDAC1","GSK3B","IER3"
"HDAC1","PAK2","IER3"
"HDAC1","AKT","IER3"
"HDAC1","WWTR1","IER3"
"HDAC1","RACK1","IER3"
"HDAC1","DAPK1","IER3"
"HDAC1","PXN","IER3"
"HDAC1","PRKD1","IER3"
"HDAC1","ABL2","IER3"
"HDAC1","FBXW7","IER3"
"HDAC1","ITK","IER3"
"HDAC1","NCK1","IER3"
"HDAC1","BTK","IER3"
"HDAC1","YAP1","IER3"
"HDAC1","CD19","IER3"
"HDAC1","MAP2K2","IER3"
"HDAC1","DYRK1B","IER3"
"HDAC1","PTPN7","IER3"
"HDAC1","MAP4K1","IER3"
"HDAC1","IKK-complex","IER3"
"HDAC1","SHC1","IER3"
"HDAC1","MAPK8IP3","IER3"
"HDAC1","AXIN1","IER3"
"HDAC1","MAPKAPK5","IER3"
"HDAC1","DUSP16","IER3"
"HDAC1","BDKRB2","IER3"
"HDAC1","FLT4","IER3"
"HDAC1","BMX","IER3"
"HDAC1","CTNND1","IER3"
"HDAC1","PIN1","IER3"
"HDAC1","PARD6A","IER3"
"HDAC1","ESR1","IER3"
"HDAC1","ARRB2","IER3"
"HDAC1","INPP5D","IER3"
"HDAC1","EZH2","IER3"
"HDAC1","TAB3","IER3"
"HDAC1","NPM1","IER3"
"HDAC1","OPTN","IER3"
"HDAC1","SPRY2","IER3"
"HDAC1","BCR-Dl","IER3"
"HDAC1","ROR2","IER3"
"HDAC1","IFIH1","IER3"
"HDAC1","DAB1","IER3"
"HDAC1","BCR-Mk","IER3"
"HDAC1","RPS6KA2","TRIP11"
"HDAC1","PTEN","TRIP11"
"HDAC1","MAPK8","TRIP11"
"HDAC1","MTOR","TRIP11"
"HDAC1","MAPK1","TRIP11"
"HDAC1","Gbeta","TRIP11"
"HDAC1","KRAS","TRIP11"
"HDAC1","KIT","TRIP11"
"HDAC1","PTPRJ","TRIP11"
"HDAC1","PDPK1","TRIP11"
"HDAC1","MAP3K14","TRIP11"
"HDAC1","PPP1R2","TRIP11"
"HDAC1","CDK5","TRIP11"
"HDAC1","MAPK9","TRIP11"
"HDAC1","WWTR1","TRIP11"
"HDAC1","RACK1","TRIP11"
"HDAC1","DAPK1","TRIP11"
"HDAC1","PRKD1","TRIP11"
"HDAC1","ABL2","TRIP11"
"HDAC1","ITK","TRIP11"
"HDAC1","AHSA1","TRIP11"
"HDAC1","YAP1","TRIP11"
"HDAC1","STAT1","TRIP11"
"HDAC1","HSP90AB1","TRIP11"
"HDAC1","DVL2","TRIP11"
"HDAC1","MAPK10","TRIP11"
"HDAC1","DYRK1B","TRIP11"
"HDAC1","PTPN7","TRIP11"
"HDAC1","EPS15","TRIP11"
"HDAC1","IKK-complex","TRIP11"
"HDAC1","MAPK8IP3","TRIP11"
"HDAC1","MAPKAPK5","TRIP11"
"HDAC1","EPHA2","TRIP11"
"HDAC1","BDKRB2","TRIP11"
"HDAC1","FLT4","TRIP11"
"HDAC1","CTNND1","TRIP11"
"HDAC1","PIN1","TRIP11"
"HDAC1","PARD6A","TRIP11"
"HDAC1","CEP192","TRIP11"
"HDAC1","GAB1","TRIP11"
"HDAC1","GRIP1","TRIP11"
"HDAC1","ESR1","TRIP11"
"HDAC1","ARRB2","TRIP11"
"HDAC1","GAB2","TRIP11"
"HDAC1","EZH2","TRIP11"
"HDAC1","BCR-Dk","TRIP11"
"HDAC1","BCAR1","TRIP11"
"HDAC1","BCR-Ml","TRIP11"
"HDAC1","NCOA1","TRIP11"
"HDAC1","ZMIZ1","TRIP11"
"HDAC1","TAB3","TRIP11"
"HDAC1","NPM1","TRIP11"
"HDAC1","GCSAM","TRIP11"
"HDAC1","OPTN","TRIP11"
"HDAC1","SPRY2","TRIP11"
"HDAC1","BCR-Dl","TRIP11"
"HDAC1","DDX58","TRIP11"
"HDAC1","ROR2","TRIP11"
"HDAC1","BCR-Mk","TRIP11"
"HDAC1","CHUK","DVL2"
"HDAC1","PTEN","DVL2"
"HDAC1","MTOR","DVL2"
"HDAC1","PTPN1","DVL2"
"HDAC1","PTPRJ","DVL2"
"HDAC1","RPS6KB1","DVL2"
"HDAC1","MAP3K14","DVL2"
"HDAC1","MAP2K1","DVL2"
"HDAC1","GSK3B","DVL2"
"HDAC1","PPP1R2","DVL2"
"HDAC1","AKT","DVL2"
"HDAC1","WWTR1","DVL2"
"HDAC1","PRKD1","DVL2"
"HDAC1","FBXW7","DVL2"
"HDAC1","NCK1","DVL2"
"HDAC1","YAP1","DVL2"
"HDAC1","MAPK10","DVL2"
"HDAC1","MEK1/2","DVL2"
"HDAC1","JAK1","DVL2"
"HDAC1","EPS15","DVL2"
"HDAC1","IKK-complex","DVL2"
"HDAC1","MAPKAPK5","DVL2"
"HDAC1","EPHA2","DVL2"
"HDAC1","BDKRB2","DVL2"
"HDAC1","FLT4","DVL2"
"HDAC1","SNW1","DVL2"
"HDAC1","NEK6","DVL2"
"HDAC1","PRKCI","DVL2"
"HDAC1","GAB1","DVL2"
"HDAC1","PTPRA","DVL2"
"HDAC1","NCOA1","DVL2"
"HDAC1","FERMT2","DVL2"
"HDAC1","ZMIZ1","DVL2"
"HDAC1","TAB3","DVL2"
"HDAC1","NPM1","DVL2"
"HDAC1","OPTN","DVL2"
"HDAC1","SPRY2","DVL2"
"HDAC1","DAB1","DVL2"
"HDAC1","PLCG2","DVL2"
"HDAC1","SRC","CCND1"
"HDAC1","RPS6KA2","CCND1"
"HDAC1","PTEN","CCND1"
"HDAC1","MTOR","CCND1"
"HDAC1","AKT1","CCND1"
"HDAC1","Gbeta","CCND1"
"HDAC1","STK4","CCND1"
"HDAC1","KIT","CCND1"
"HDAC1","EIF2AK2","CCND1"
"HDAC1","MAP2K1","CCND1"
"HDAC1","PAK2","CCND1"
"HDAC1","PPP1R2","CCND1"
"HDAC1","AKT","CCND1"
"HDAC1","DAPK1","CCND1"
"HDAC1","PRKD1","CCND1"
"HDAC1","ITK","CCND1"
"HDAC1","YAP1","CCND1"
"HDAC1","CD19","CCND1"
"HDAC1","MAPK10","CCND1"
"HDAC1","DYRK1B","CCND1"
"HDAC1","JAK1","CCND1"
"HDAC1","CDKN2A","CCND1"
"HDAC1","MAP4K1","CCND1"
"HDAC1","IKK-complex","CCND1"
"HDAC1","SHC1","CCND1"
"HDAC1","MAPK8IP3","CCND1"
"HDAC1","SMAD3","CCND1"
"HDAC1","AXIN1","CCND1"
"HDAC1","MAP3K8","CCND1"
"HDAC1","BDKRB2","CCND1"
"HDAC1","BMX","CCND1"
"HDAC1","PRKCI","CCND1"
"HDAC1","CEP192","CCND1"
"HDAC1","GAB1","CCND1"
"HDAC1","PTPRA","CCND1"
"HDAC1","ARRB2","CCND1"
"HDAC1","BCR-Dk","CCND1"
"HDAC1","BCAR1","CCND1"
"HDAC1","NOTCH","CCND1"
"HDAC1","NCOA1","CCND1"
"HDAC1","OPTN","CCND1"
"HDAC1","SPRY2","CCND1"
"HDAC1","BCR-Mk","CCND1"
"HDAC1","SRC","SPART"
"HDAC1","PTEN","SPART"
"HDAC1","MAPK8","SPART"
"HDAC1","MTOR","SPART"
"HDAC1","MAPK1","SPART"
"HDAC1","PTPN1","SPART"
"HDAC1","KIT","SPART"
"HDAC1","PTPRJ","SPART"
"HDAC1","RPS6KB1","SPART"
"HDAC1","MAML3","SPART"
"HDAC1","TGFBR2","SPART"
"HDAC1","PAK2","SPART"
"HDAC1","MAPK9","SPART"
"HDAC1","ABL2","SPART"
"HDAC1","NCK1","SPART"
"HDAC1","BTK","SPART"
"HDAC1","CD19","SPART"
"HDAC1","DVL2","SPART"
"HDAC1","MEK1/2","SPART"
"HDAC1","JAK1","SPART"
"HDAC1","AXIN1","SPART"
"HDAC1","EPHA2","SPART"
"HDAC1","MAP3K8","SPART"
"HDAC1","BDKRB2","SPART"
"HDAC1","FLT4","SPART"
"HDAC1","PTK2B","SPART"
"HDAC1","SNW1","SPART"
"HDAC1","PRKCI","SPART"
"HDAC1","CTNND1","SPART"
"HDAC1","CEP192","SPART"
"HDAC1","PTPRA","SPART"
"HDAC1","GRIP1","SPART"
"HDAC1","INPP5D","SPART"
"HDAC1","BCAR1","SPART"
"HDAC1","BCR-Ml","SPART"
"HDAC1","NCOA1","SPART"
"HDAC1","ZMIZ1","SPART"
"HDAC1","SPRY2","SPART"
"HDAC1","DDX58","SPART"
"HDAC1","SH2B3","SPART"
"HDAC1","PLCG2","SPART"
"HDAC1","PTPN1","TYK2"
"HDAC1","CHUK","MAP2K2"
"HDAC1","PTEN","MAP2K2"
"HDAC1","MTOR","MAP2K2"
"HDAC1","MAPK1","MAP2K2"
"HDAC1","PTPN1","MAP2K2"
"HDAC1","EIF2AK2","MAP2K2"
"HDAC1","MAML3","MAP2K2"
"HDAC1","MAP3K14","MAP2K2"
"HDAC1","GSK3B","MAP2K2"
"HDAC1","TGFBR2","MAP2K2"
"HDAC1","PAK2","MAP2K2"
"HDAC1","PPP1R2","MAP2K2"
"HDAC1","CDK5","MAP2K2"
"HDAC1","AKT","MAP2K2"
"HDAC1","MAPK9","MAP2K2"
"HDAC1","WWTR1","MAP2K2"
"HDAC1","DAPK1","MAP2K2"
"HDAC1","PXN","MAP2K2"
"HDAC1","ABL2","MAP2K2"
"HDAC1","ITK","MAP2K2"
"HDAC1","NCK1","MAP2K2"
"HDAC1","YAP1","MAP2K2"
"HDAC1","HSP90AB1","MAP2K2"
"HDAC1","DVL2","MAP2K2"
"HDAC1","MEK1/2","MAP2K2"
"HDAC1","PTPN7","MAP2K2"
"HDAC1","CDKN2A","MAP2K2"
"HDAC1","MAP4K1","MAP2K2"
"HDAC1","EPS15","MAP2K2"
"HDAC1","IKK-complex","MAP2K2"
"HDAC1","SHC1","MAP2K2"
"HDAC1","MAPKAPK5","MAP2K2"
"HDAC1","EPHA2","MAP2K2"
"HDAC1","SNW1","MAP2K2"
"HDAC1","NEK6","MAP2K2"
"HDAC1","PRKCI","MAP2K2"
"HDAC1","CTNND1","MAP2K2"
"HDAC1","GAB1","MAP2K2"
"HDAC1","PTPRA","MAP2K2"
"HDAC1","ESR1","MAP2K2"
"HDAC1","INPP5D","MAP2K2"
"HDAC1","NOTCH","MAP2K2"
"HDAC1","TAB3","MAP2K2"
"HDAC1","NPM1","MAP2K2"
"HDAC1","GCSAM","MAP2K2"
"HDAC1","OPTN","MAP2K2"
"HDAC1","BCR-Dl","MAP2K2"
"HDAC1","ROR2","MAP2K2"
"HDAC1","IFIH1","MAP2K2"
"HDAC1","DAB1","MAP2K2"
"HDAC1","BCR-Mk","MAP2K2"
"HDAC1","MAPK8","ZAP70"
"HDAC1","MTOR","ZAP70"
"HDAC1","AKT1","ZAP70"
"HDAC1","MAPK1","ZAP70"
"HDAC1","KRAS","ZAP70"
"HDAC1","KIT","ZAP70"
"HDAC1","RPS6KB1","ZAP70"
"HDAC1","MAML3","ZAP70"
"HDAC1","MAP3K14","ZAP70"
"HDAC1","GSK3B","ZAP70"
"HDAC1","TGFBR2","ZAP70"
"HDAC1","PAK2","ZAP70"
"HDAC1","PPP1R2","ZAP70"
"HDAC1","WWTR1","ZAP70"
"HDAC1","RACK1","ZAP70"
"HDAC1","DAPK1","ZAP70"
"HDAC1","PRKD1","ZAP70"
"HDAC1","NCK1","ZAP70"
"HDAC1","AHSA1","ZAP70"
"HDAC1","BTK","ZAP70"
"HDAC1","STAT1","ZAP70"
"HDAC1","HSP90AB1","ZAP70"
"HDAC1","DVL2","ZAP70"
"HDAC1","MAPK10","ZAP70"
"HDAC1","MEK1/2","ZAP70"
"HDAC1","PTPN7","ZAP70"
"HDAC1","MAP4K1","ZAP70"
"HDAC1","EPS15","ZAP70"
"HDAC1","SHC1","ZAP70"
"HDAC1","AXIN1","ZAP70"
"HDAC1","DUSP16","ZAP70"
"HDAC1","BMX","ZAP70"
"HDAC1","PTK2B","ZAP70"
"HDAC1","SNW1","ZAP70"
"HDAC1","NEK6","ZAP70"
"HDAC1","PRKCI","ZAP70"
"HDAC1","CTNND1","ZAP70"
"HDAC1","PIN1","ZAP70"
"HDAC1","PARD6A","ZAP70"
"HDAC1","CEP192","ZAP70"
"HDAC1","PTPRA","ZAP70"
"HDAC1","ESR1","ZAP70"
"HDAC1","BCR-Dk","ZAP70"
"HDAC1","BCR-Ml","ZAP70"
"HDAC1","FERMT2","ZAP70"
"HDAC1","TAB3","ZAP70"
"HDAC1","GCSAM","ZAP70"
"HDAC1","SPRY2","ZAP70"
"HDAC1","BCR-Dl","ZAP70"
"HDAC1","DDX58","ZAP70"
"HDAC1","ROR2","ZAP70"
"HDAC1","FCRL3","ZAP70"
"HDAC1","DAB1","ZAP70"
"HDAC1","BCR-Mk","ZAP70"
"HDAC1","RPS6KA2","CIITA"
"HDAC1","MAPK8","CIITA"
"HDAC1","PRKCD","CIITA"
"HDAC1","PTPN1","CIITA"
"HDAC1","KRAS","CIITA"
"HDAC1","PTPRJ","CIITA"
"HDAC1","TGFBR2","CIITA"
"HDAC1","PAK2","CIITA"
"HDAC1","MAPK9","CIITA"
"HDAC1","RACK1","CIITA"
"HDAC1","DAPK1","CIITA"
"HDAC1","PRKD1","CIITA"
"HDAC1","ABL2","CIITA"
"HDAC1","FBXW7","CIITA"
"HDAC1","AHSA1","CIITA"
"HDAC1","BTK","CIITA"
"HDAC1","TNK2","CIITA"
"HDAC1","YAP1","CIITA"
"HDAC1","CD19","CIITA"
"HDAC1","STAT1","CIITA"
"HDAC1","HSP90AB1","CIITA"
"HDAC1","MAPK10","CIITA"
"HDAC1","DYRK1B","CIITA"
"HDAC1","JAK1","CIITA"
"HDAC1","PTPN7","CIITA"
"HDAC1","CDKN2A","CIITA"
"HDAC1","IKK-complex","CIITA"
"HDAC1","SHC1","CIITA"
"HDAC1","MAPK8IP3","CIITA"
"HDAC1","AXIN1","CIITA"
"HDAC1","MAPKAPK5","CIITA"
"HDAC1","DUSP16","CIITA"
"HDAC1","EPHA2","CIITA"
"HDAC1","FLT4","CIITA"
"HDAC1","BMX","CIITA"
"HDAC1","NEK6","CIITA"
"HDAC1","PRKCI","CIITA"
"HDAC1","PIN1","CIITA"
"HDAC1","PARD6A","CIITA"
"HDAC1","CEP192","CIITA"
"HDAC1","PTPRA","CIITA"
"HDAC1","ESR1","CIITA"
"HDAC1","ARRB2","CIITA"
"HDAC1","INPP5D","CIITA"
"HDAC1","BCAR1","CIITA"
"HDAC1","BCR-Ml","CIITA"
"HDAC1","NCOA1","CIITA"
"HDAC1","FERMT2","CIITA"
"HDAC1","NPM1","CIITA"
"HDAC1","OPTN","CIITA"
"HDAC1","BCR-Dl","CIITA"
"HDAC1","DDX58","CIITA"
"HDAC1","IFIH1","CIITA"
"HDAC1","PLCG2","CIITA"
"HDAC1","SRC","HSPA9"
"HDAC1","PTEN","HSPA9"
"HDAC1","MAPK8","HSPA9"
"HDAC1","MTOR","HSPA9"
"HDAC1","PRKCD","HSPA9"
"HDAC1","MAPK1","HSPA9"
"HDAC1","PTPN1","HSPA9"
"HDAC1","Gbeta","HSPA9"
"HDAC1","KIT","HSPA9"
"HDAC1","EIF2AK2","HSPA9"
"HDAC1","PDPK1","HSPA9"
"HDAC1","MAML3","HSPA9"
"HDAC1","MAP3K14","HSPA9"
"HDAC1","MAP2K1","HSPA9"
"HDAC1","GSK3B","HSPA9"
"HDAC1","TGFBR2","HSPA9"
"HDAC1","PAK2","HSPA9"
"HDAC1","CDK5","HSPA9"
"HDAC1","AKT","HSPA9"
"HDAC1","MAPK9","HSPA9"
"HDAC1","WWTR1","HSPA9"
"HDAC1","RACK1","HSPA9"
"HDAC1","DAPK1","HSPA9"
"HDAC1","PXN","HSPA9"
"HDAC1","PRKD1","HSPA9"
"HDAC1","ABL2","HSPA9"
"HDAC1","FBXW7","HSPA9"
"HDAC1","TNK2","HSPA9"
"HDAC1","YAP1","HSPA9"
"HDAC1","STAT1","HSPA9"
"HDAC1","HSP90AB1","HSPA9"
"HDAC1","DVL2","HSPA9"
"HDAC1","MAP2K2","HSPA9"
"HDAC1","MAPK10","HSPA9"
"HDAC1","PTPN7","HSPA9"
"HDAC1","CDKN2A","HSPA9"
"HDAC1","MAP4K1","HSPA9"
"HDAC1","SHC1","HSPA9"
"HDAC1","AXIN1","HSPA9"
"HDAC1","EPHA2","HSPA9"
"HDAC1","FLT4","HSPA9"
"HDAC1","BMX","HSPA9"
"HDAC1","SNW1","HSPA9"
"HDAC1","PIN1","HSPA9"
"HDAC1","CEP192","HSPA9"
"HDAC1","GRIP1","HSPA9"
"HDAC1","ARRB2","HSPA9"
"HDAC1","INPP5D","HSPA9"
"HDAC1","EZH2","HSPA9"
"HDAC1","BCR-Ml","HSPA9"
"HDAC1","NOTCH","HSPA9"
"HDAC1","NCOA1","HSPA9"
"HDAC1","FERMT2","HSPA9"
"HDAC1","ZMIZ1","HSPA9"
"HDAC1","NPM1","HSPA9"
"HDAC1","GCSAM","HSPA9"
"HDAC1","OPTN","HSPA9"
"HDAC1","SPRY2","HSPA9"
"HDAC1","BCR-Dl","HSPA9"
"HDAC1","DDX58","HSPA9"
"HDAC1","IFIH1","HSPA9"
"HDAC1","SH2B3","HSPA9"
"HDAC1","DAB1","HSPA9"
"HDAC1","BCR-Mk","HSPA9"
"HDAC1","PLCG2","HSPA9"
"HDAC1","CHUK","PML"
"HDAC1","RPS6KA2","PML"
"HDAC1","MAPK8","PML"
"HDAC1","AKT1","PML"
"HDAC1","PRKCD","PML"
"HDAC1","Gbeta","PML"
"HDAC1","KIT","PML"
"HDAC1","RPS6KB1","PML"
"HDAC1","MAML3","PML"
"HDAC1","GSK3B","PML"
"HDAC1","PAK2","PML"
"HDAC1","CDK5","PML"
"HDAC1","AKT","PML"
"HDAC1","PXN","PML"
"HDAC1","PRKD1","PML"
"HDAC1","ITK","PML"
"HDAC1","NCK1","PML"
"HDAC1","BTK","PML"
"HDAC1","PTPN7","PML"
"HDAC1","MAP4K1","PML"
"HDAC1","EPHA2","PML"
"HDAC1","PTPRR","PML"
"HDAC1","SNW1","PML"
"HDAC1","PRKCI","PML"
"HDAC1","PIN1","PML"
"HDAC1","CEP192","PML"
"HDAC1","GRIP1","PML"
"HDAC1","ESR1","PML"
"HDAC1","BCAR1","PML"
"HDAC1","BCR-Ml","PML"
"HDAC1","NCOA1","PML"
"HDAC1","ZMIZ1","PML"
"HDAC1","GCSAM","PML"
"HDAC1","OPTN","PML"
"HDAC1","BCR-Dl","PML"
"HDAC1","DDX58","PML"
"HDAC1","ROR2","PML"
"HDAC1","IFIH1","PML"
"HDAC1","DAB1","PML"
"HDAC1","CHUK","MAPK10"
"HDAC1","RPS6KA2","MAPK10"
"HDAC1","MTOR","MAPK10"
"HDAC1","PRKCD","MAPK10"
"HDAC1","Gbeta","MAPK10"
"HDAC1","KRAS","MAPK10"
"HDAC1","RPS6KB1","MAPK10"
"HDAC1","PDPK1","MAPK10"
"HDAC1","MAML3","MAPK10"
"HDAC1","TGFBR2","MAPK10"
"HDAC1","PAK2","MAPK10"
"HDAC1","PPP1R2","MAPK10"
"HDAC1","CDK5","MAPK10"
"HDAC1","DAPK1","MAPK10"
"HDAC1","PXN","MAPK10"
"HDAC1","BTK","MAPK10"
"HDAC1","TNK2","MAPK10"
"HDAC1","CD19","MAPK10"
"HDAC1","DVL2","MAPK10"
"HDAC1","CDKN2A","MAPK10"
"HDAC1","MAP4K1","MAPK10"
"HDAC1","IKK-complex","MAPK10"
"HDAC1","SHC1","MAPK10"
"HDAC1","MAPK8IP3","MAPK10"
"HDAC1","AXIN1","MAPK10"
"HDAC1","MAPKAPK5","MAPK10"
"HDAC1","DUSP16","MAPK10"
"HDAC1","FLT4","MAPK10"
"HDAC1","BMX","MAPK10"
"HDAC1","PTK2B","MAPK10"
"HDAC1","NEK6","MAPK10"
"HDAC1","PRKCI","MAPK10"
"HDAC1","GAB1","MAPK10"
"HDAC1","ESR1","MAPK10"
"HDAC1","ARRB2","MAPK10"
"HDAC1","INPP5D","MAPK10"
"HDAC1","GAB2","MAPK10"
"HDAC1","EZH2","MAPK10"
"HDAC1","NOTCH","MAPK10"
"HDAC1","FERMT2","MAPK10"
"HDAC1","ZMIZ1","MAPK10"
"HDAC1","TAB3","MAPK10"
"HDAC1","NPM1","MAPK10"
"HDAC1","GCSAM","MAPK10"
"HDAC1","OPTN","MAPK10"
"HDAC1","SPRY2","MAPK10"
"HDAC1","IFIH1","MAPK10"
"HDAC1","PLCG2","MAPK10"
"HDAC1","CHUK","DYRK1B"
"HDAC1","SRC","DYRK1B"
"HDAC1","RPS6KA2","DYRK1B"
"HDAC1","PTEN","DYRK1B"
"HDAC1","MAPK8","DYRK1B"
"HDAC1","MTOR","DYRK1B"
"HDAC1","PRKCD","DYRK1B"
"HDAC1","PTPN1","DYRK1B"
"HDAC1","KRAS","DYRK1B"
"HDAC1","KIT","DYRK1B"
"HDAC1","PTPRJ","DYRK1B"
"HDAC1","PDPK1","DYRK1B"
"HDAC1","MAML3","DYRK1B"
"HDAC1","MAP3K14","DYRK1B"
"HDAC1","MAP2K1","DYRK1B"
"HDAC1","TGFBR2","DYRK1B"
"HDAC1","MAPK9","DYRK1B"
"HDAC1","RACK1","DYRK1B"
"HDAC1","FBXW7","DYRK1B"
"HDAC1","ITK","DYRK1B"
"HDAC1","NCK1","DYRK1B"
"HDAC1","BTK","DYRK1B"
"HDAC1","TNK2","DYRK1B"
"HDAC1","YAP1","DYRK1B"
"HDAC1","MAP2K2","DYRK1B"
"HDAC1","JAK1","DYRK1B"
"HDAC1","PTPN7","DYRK1B"
"HDAC1","CDKN2A","DYRK1B"
"HDAC1","EPS15","DYRK1B"
"HDAC1","SHC1","DYRK1B"
"HDAC1","MAPK8IP3","DYRK1B"
"HDAC1","MAPKAPK5","DYRK1B"
"HDAC1","DUSP16","DYRK1B"
"HDAC1","PTPRR","DYRK1B"
"HDAC1","BDKRB2","DYRK1B"
"HDAC1","FLT4","DYRK1B"
"HDAC1","NEK6","DYRK1B"
"HDAC1","PRKCI","DYRK1B"
"HDAC1","PTPRA","DYRK1B"
"HDAC1","GRIP1","DYRK1B"
"HDAC1","GAB2","DYRK1B"
"HDAC1","BCAR1","DYRK1B"
"HDAC1","OPTN","DYRK1B"
"HDAC1","SPRY2","DYRK1B"
"HDAC1","BCR-Dl","DYRK1B"
"HDAC1","DDX58","DYRK1B"
"HDAC1","MAPK8","GIT1"
"HDAC1","KRAS","GIT1"
"HDAC1","PTPRJ","GIT1"
"HDAC1","EIF2AK2","GIT1"
"HDAC1","PDPK1","GIT1"
"HDAC1","MAML3","GIT1"
"HDAC1","TGFBR2","GIT1"
"HDAC1","PAK2","GIT1"
"HDAC1","CDK5","GIT1"
"HDAC1","MAPK9","GIT1"
"HDAC1","DAPK1","GIT1"
"HDAC1","TNK2","GIT1"
"HDAC1","YAP1","GIT1"
"HDAC1","MAP2K2","GIT1"
"HDAC1","PTPN7","GIT1"
"HDAC1","MAPK8IP3","GIT1"
"HDAC1","AXIN1","GIT1"
"HDAC1","MAP3K8","GIT1"
"HDAC1","SNW1","GIT1"
"HDAC1","NEK6","GIT1"
"HDAC1","PIN1","GIT1"
"HDAC1","PARD6A","GIT1"
"HDAC1","BCR-Dk","GIT1"
"HDAC1","NOTCH","GIT1"
"HDAC1","ZMIZ1","GIT1"
"HDAC1","NPM1","GIT1"
"HDAC1","OPTN","GIT1"
"HDAC1","DAB1","GIT1"
"HDAC1","MTOR","INPPL1"
"HDAC1","AKT1","INPPL1"
"HDAC1","MAPK1","INPPL1"
"HDAC1","RPS6KB1","INPPL1"
"HDAC1","GSK3B","INPPL1"
"HDAC1","DAPK1","INPPL1"
"HDAC1","PXN","INPPL1"
"HDAC1","ABL2","INPPL1"
"HDAC1","TNK2","INPPL1"
"HDAC1","CD19","INPPL1"
"HDAC1","DVL2","INPPL1"
"HDAC1","DYRK1B","INPPL1"
"HDAC1","JAK1","INPPL1"
"HDAC1","IKK-complex","INPPL1"
"HDAC1","SHC1","INPPL1"
"HDAC1","MAPK8IP3","INPPL1"
"HDAC1","MAPKAPK5","INPPL1"
"HDAC1","EPHA2","INPPL1"
"HDAC1","FLT4","INPPL1"
"HDAC1","BMX","INPPL1"
"HDAC1","PTK2B","INPPL1"
"HDAC1","NEK6","INPPL1"
"HDAC1","PIN1","INPPL1"
"HDAC1","ESR1","INPPL1"
"HDAC1","ARRB2","INPPL1"
"HDAC1","INPP5D","INPPL1"
"HDAC1","GAB2","INPPL1"
"HDAC1","EZH2","INPPL1"
"HDAC1","BCR-Dk","INPPL1"
"HDAC1","BCR-Ml","INPPL1"
"HDAC1","FERMT2","INPPL1"
"HDAC1","NPM1","INPPL1"
"HDAC1","SPRY2","INPPL1"
"HDAC1","ROR2","INPPL1"
"HDAC1","IFIH1","INPPL1"
"HDAC1","DAB1","INPPL1"
"HDAC1","BCR-Mk","INPPL1"
"HDAC1","PLCG2","INPPL1"
"HDAC1","RPS6KA2","HIPK2"
"HDAC1","PTEN","HIPK2"
"HDAC1","PRKCD","HIPK2"
"HDAC1","MAPK1","HIPK2"
"HDAC1","PTPN1","HIPK2"
"HDAC1","RPS6KB1","HIPK2"
"HDAC1","MAP3K14","HIPK2"
"HDAC1","MAP2K1","HIPK2"
"HDAC1","GSK3B","HIPK2"
"HDAC1","AKT","HIPK2"
"HDAC1","MAPK9","HIPK2"
"HDAC1","RACK1","HIPK2"
"HDAC1","DAPK1","HIPK2"
"HDAC1","PXN","HIPK2"
"HDAC1","PRKD1","HIPK2"
"HDAC1","ABL2","HIPK2"
"HDAC1","FBXW7","HIPK2"
"HDAC1","NCK1","HIPK2"
"HDAC1","TNK2","HIPK2"
"HDAC1","CD19","HIPK2"
"HDAC1","STAT1","HIPK2"
"HDAC1","HSP90AB1","HIPK2"
"HDAC1","DVL2","HIPK2"
"HDAC1","DYRK1B","HIPK2"
"HDAC1","MEK1/2","HIPK2"
"HDAC1","JAK1","HIPK2"
"HDAC1","CDKN2A","HIPK2"
"HDAC1","MAP4K1","HIPK2"
"HDAC1","IKK-complex","HIPK2"
"HDAC1","SHC1","HIPK2"
"HDAC1","AXIN1","HIPK2"
"HDAC1","DUSP16","HIPK2"
"HDAC1","EPHA2","HIPK2"
"HDAC1","PTPRR","HIPK2"
"HDAC1","SNW1","HIPK2"
"HDAC1","NEK6","HIPK2"
"HDAC1","PRKCI","HIPK2"
"HDAC1","PIN1","HIPK2"
"HDAC1","GAB1","HIPK2"
"HDAC1","ESR1","HIPK2"
"HDAC1","ARRB2","HIPK2"
"HDAC1","INPP5D","HIPK2"
"HDAC1","GAB2","HIPK2"
"HDAC1","EZH2","HIPK2"
"HDAC1","NCOA1","HIPK2"
"HDAC1","FERMT2","HIPK2"
"HDAC1","ZMIZ1","HIPK2"
"HDAC1","TAB3","HIPK2"
"HDAC1","NPM1","HIPK2"
"HDAC1","GCSAM","HIPK2"
"HDAC1","SPRY2","HIPK2"
"HDAC1","DDX58","HIPK2"
"HDAC1","IFIH1","HIPK2"
"HDAC1","SH2B3","HIPK2"
"HDAC1","MAPK1","MEK1/2"
"HDAC1","KIT","MEK1/2"
"HDAC1","MAML3","MEK1/2"
"HDAC1","MAP2K1","MEK1/2"
"HDAC1","TGFBR2","MEK1/2"
"HDAC1","PAK2","MEK1/2"
"HDAC1","PPP1R2","MEK1/2"
"HDAC1","AKT","MEK1/2"
"HDAC1","MAPK9","MEK1/2"
"HDAC1","WWTR1","MEK1/2"
"HDAC1","RACK1","MEK1/2"
"HDAC1","DAPK1","MEK1/2"
"HDAC1","PXN","MEK1/2"
"HDAC1","ABL2","MEK1/2"
"HDAC1","FBXW7","MEK1/2"
"HDAC1","ITK","MEK1/2"
"HDAC1","BTK","MEK1/2"
"HDAC1","YAP1","MEK1/2"
"HDAC1","DVL2","MEK1/2"
"HDAC1","MAP2K2","MEK1/2"
"HDAC1","JAK1","MEK1/2"
"HDAC1","MAP4K1","MEK1/2"
"HDAC1","IKK-complex","MEK1/2"
"HDAC1","MAPKAPK5","MEK1/2"
"HDAC1","DUSP16","MEK1/2"
"HDAC1","EPHA2","MEK1/2"
"HDAC1","PTPRR","MEK1/2"
"HDAC1","BDKRB2","MEK1/2"
"HDAC1","FLT4","MEK1/2"
"HDAC1","PTK2B","MEK1/2"
"HDAC1","PRKCI","MEK1/2"
"HDAC1","PARD6A","MEK1/2"
"HDAC1","PTPRA","MEK1/2"
"HDAC1","EZH2","MEK1/2"
"HDAC1","BCR-Dk","MEK1/2"
"HDAC1","NOTCH","MEK1/2"
"HDAC1","NCOA1","MEK1/2"
"HDAC1","NPM1","MEK1/2"
"HDAC1","GCSAM","MEK1/2"
"HDAC1","ROR2","MEK1/2"
"HDAC1","DAB1","MEK1/2"
"HDAC1","TIAM1","MEK1/2"
"HDAC1","PLCG2","MEK1/2"
"HDAC1","CHUK","VHL"
"HDAC1","MAPK8","VHL"
"HDAC1","AKT1","VHL"
"HDAC1","PRKCD","VHL"
"HDAC1","MAPK1","VHL"
"HDAC1","PTPN1","VHL"
"HDAC1","KRAS","VHL"
"HDAC1","PTPRJ","VHL"
"HDAC1","PDPK1","VHL"
"HDAC1","MAP3K14","VHL"
"HDAC1","MAP2K1","VHL"
"HDAC1","GSK3B","VHL"
"HDAC1","TGFBR2","VHL"
"HDAC1","PAK2","VHL"
"HDAC1","PPP1R2","VHL"
"HDAC1","AKT","VHL"
"HDAC1","MAPK9","VHL"
"HDAC1","WWTR1","VHL"
"HDAC1","RACK1","VHL"
"HDAC1","DAPK1","VHL"
"HDAC1","PXN","VHL"
"HDAC1","ABL2","VHL"
"HDAC1","FBXW7","VHL"
"HDAC1","ITK","VHL"
"HDAC1","AHSA1","VHL"
"HDAC1","BTK","VHL"
"HDAC1","YAP1","VHL"
"HDAC1","STAT1","VHL"
"HDAC1","HSP90AB1","VHL"
"HDAC1","MAP2K2","VHL"
"HDAC1","MAPK10","VHL"
"HDAC1","DYRK1B","VHL"
"HDAC1","MEK1/2","VHL"
"HDAC1","MAP4K1","VHL"
"HDAC1","IKK-complex","VHL"
"HDAC1","SHC1","VHL"
"HDAC1","MAPKAPK5","VHL"
"HDAC1","DUSP16","VHL"
"HDAC1","EPHA2","VHL"
"HDAC1","PTPRR","VHL"
"HDAC1","BDKRB2","VHL"
"HDAC1","FLT4","VHL"
"HDAC1","BMX","VHL"
"HDAC1","PTK2B","VHL"
"HDAC1","SNW1","VHL"
"HDAC1","PRKCI","VHL"
"HDAC1","CTNND1","VHL"
"HDAC1","PIN1","VHL"
"HDAC1","GAB1","VHL"
"HDAC1","PTPRA","VHL"
"HDAC1","GRIP1","VHL"
"HDAC1","ARRB2","VHL"
"HDAC1","EZH2","VHL"
"HDAC1","BCR-Dk","VHL"
"HDAC1","BCAR1","VHL"
"HDAC1","BCR-Ml","VHL"
"HDAC1","FERMT2","VHL"
"HDAC1","ZMIZ1","VHL"
"HDAC1","NPM1","VHL"
"HDAC1","GCSAM","VHL"
"HDAC1","OPTN","VHL"
"HDAC1","SPRY2","VHL"
"HDAC1","DDX58","VHL"
"HDAC1","ROR2","VHL"
"HDAC1","SH2B3","VHL"
"HDAC1","BCR-Mk","VHL"
"HDAC1","PLCG2","VHL"
"HDAC1","SRC","JAK1"
"HDAC1","RPS6KA2","JAK1"
"HDAC1","PTEN","JAK1"
"HDAC1","MTOR","JAK1"
"HDAC1","AKT1","JAK1"
"HDAC1","PRKCD","JAK1"
"HDAC1","EIF2AK2","JAK1"
"HDAC1","PDPK1","JAK1"
"HDAC1","MAP2K1","JAK1"
"HDAC1","PPP1R2","JAK1"
"HDAC1","CDK5","JAK1"
"HDAC1","WWTR1","JAK1"
"HDAC1","DAPK1","JAK1"
"HDAC1","ABL2","JAK1"
"HDAC1","FBXW7","JAK1"
"HDAC1","ITK","JAK1"
"HDAC1","NCK1","JAK1"
"HDAC1","AHSA1","JAK1"
"HDAC1","TNK2","JAK1"
"HDAC1","YAP1","JAK1"
"HDAC1","CD19","JAK1"
"HDAC1","HSP90AB1","JAK1"
"HDAC1","DVL2","JAK1"
"HDAC1","DYRK1B","JAK1"
"HDAC1","MAP4K1","JAK1"
"HDAC1","SHC1","JAK1"
"HDAC1","MAPK8IP3","JAK1"
"HDAC1","AXIN1","JAK1"
"HDAC1","MAPKAPK5","JAK1"
"HDAC1","DUSP16","JAK1"
"HDAC1","BDKRB2","JAK1"
"HDAC1","FLT4","JAK1"
"HDAC1","PTK2B","JAK1"
"HDAC1","PRKCI","JAK1"
"HDAC1","PARD6A","JAK1"
"HDAC1","CEP192","JAK1"
"HDAC1","GAB1","JAK1"
"HDAC1","PTPRA","JAK1"
"HDAC1","GRIP1","JAK1"
"HDAC1","ESR1","JAK1"
"HDAC1","INPP5D","JAK1"
"HDAC1","BCR-Dk","JAK1"
"HDAC1","BCAR1","JAK1"
"HDAC1","NCOA1","JAK1"
"HDAC1","FERMT2","JAK1"
"HDAC1","NPM1","JAK1"
"HDAC1","GCSAM","JAK1"
"HDAC1","DDX58","JAK1"
"HDAC1","IFIH1","JAK1"
"HDAC1","SH2B3","JAK1"
"HDAC1","CHUK","PTPN7"
"HDAC1","SRC","PTPN7"
"HDAC1","PTEN","PTPN7"
"HDAC1","MTOR","PTPN7"
"HDAC1","MAPK1","PTPN7"
"HDAC1","KIT","PTPN7"
"HDAC1","RPS6KB1","PTPN7"
"HDAC1","EIF2AK2","PTPN7"
"HDAC1","RACK1","PTPN7"
"HDAC1","DAPK1","PTPN7"
"HDAC1","PXN","PTPN7"
"HDAC1","NCK1","PTPN7"
"HDAC1","TNK2","PTPN7"
"HDAC1","CD19","PTPN7"
"HDAC1","MAP2K2","PTPN7"
"HDAC1","DYRK1B","PTPN7"
"HDAC1","JAK1","PTPN7"
"HDAC1","EPS15","PTPN7"
"HDAC1","IKK-complex","PTPN7"
"HDAC1","AXIN1","PTPN7"
"HDAC1","BDKRB2","PTPN7"
"HDAC1","FLT4","PTPN7"
"HDAC1","PIN1","PTPN7"
"HDAC1","CEP192","PTPN7"
"HDAC1","INPP5D","PTPN7"
"HDAC1","EZH2","PTPN7"
"HDAC1","BCR-Dk","PTPN7"
"HDAC1","BCAR1","PTPN7"
"HDAC1","BCR-Ml","PTPN7"
"HDAC1","NOTCH","PTPN7"
"HDAC1","NCOA1","PTPN7"
"HDAC1","TAB3","PTPN7"
"HDAC1","OPTN","PTPN7"
"HDAC1","SPRY2","PTPN7"
"HDAC1","BCR-Dl","PTPN7"
"HDAC1","DDX58","PTPN7"
"HDAC1","IFIH1","PTPN7"
"HDAC1","SH2B3","PTPN7"
"HDAC1","BCR-Mk","PTPN7"
"HDAC1","CHUK","CHKA"
"HDAC1","PTEN","CHKA"
"HDAC1","MTOR","CHKA"
"HDAC1","PRKCD","CHKA"
"HDAC1","MAPK1","CHKA"
"HDAC1","PTPN1","CHKA"
"HDAC1","Gbeta","CHKA"
"HDAC1","KIT","CHKA"
"HDAC1","PTPRJ","CHKA"
"HDAC1","EIF2AK2","CHKA"
"HDAC1","PDPK1","CHKA"
"HDAC1","MAML3","CHKA"
"HDAC1","MAP2K1","CHKA"
"HDAC1","PAK2","CHKA"
"HDAC1","PPP1R2","CHKA"
"HDAC1","CDK5","CHKA"
"HDAC1","MAPK9","CHKA"
"HDAC1","WWTR1","CHKA"
"HDAC1","PXN","CHKA"
"HDAC1","ABL2","CHKA"
"HDAC1","FBXW7","CHKA"
"HDAC1","ITK","CHKA"
"HDAC1","NCK1","CHKA"
"HDAC1","BTK","CHKA"
"HDAC1","YAP1","CHKA"
"HDAC1","MEK1/2","CHKA"
"HDAC1","PTPN7","CHKA"
"HDAC1","CDKN2A","CHKA"
"HDAC1","MAP4K1","CHKA"
"HDAC1","IKK-complex","CHKA"
"HDAC1","SHC1","CHKA"
"HDAC1","AXIN1","CHKA"
"HDAC1","DUSP16","CHKA"
"HDAC1","EPHA2","CHKA"
"HDAC1","PTPRR","CHKA"
"HDAC1","BDKRB2","CHKA"
"HDAC1","FLT4","CHKA"
"HDAC1","BMX","CHKA"
"HDAC1","PTK2B","CHKA"
"HDAC1","NEK6","CHKA"
"HDAC1","PRKCI","CHKA"
"HDAC1","PIN1","CHKA"
"HDAC1","PARD6A","CHKA"
"HDAC1","CEP192","CHKA"
"HDAC1","GAB1","CHKA"
"HDAC1","ESR1","CHKA"
"HDAC1","INPP5D","CHKA"
"HDAC1","BCR-Dk","CHKA"
"HDAC1","BCAR1","CHKA"
"HDAC1","BCR-Ml","CHKA"
"HDAC1","NOTCH","CHKA"
"HDAC1","TAB3","CHKA"
"HDAC1","NPM1","CHKA"
"HDAC1","GCSAM","CHKA"
"HDAC1","OPTN","CHKA"
"HDAC1","ROR2","CHKA"
"HDAC1","IFIH1","CHKA"
"HDAC1","DAB1","CHKA"
"HDAC1","BCR-Mk","CHKA"
"HDAC1","PLCG2","CHKA"
"HDAC1","RPS6KA2","NEK7"
"HDAC1","PTEN","NEK7"
"HDAC1","MTOR","NEK7"
"HDAC1","Gbeta","NEK7"
"HDAC1","RPS6KB1","NEK7"
"HDAC1","MAML3","NEK7"
"HDAC1","MAP3K14","NEK7"
"HDAC1","TGFBR2","NEK7"
"HDAC1","PPP1R2","NEK7"
"HDAC1","MAPK9","NEK7"
"HDAC1","RACK1","NEK7"
"HDAC1","DAPK1","NEK7"
"HDAC1","PXN","NEK7"
"HDAC1","PRKD1","NEK7"
"HDAC1","ABL2","NEK7"
"HDAC1","ITK","NEK7"
"HDAC1","NCK1","NEK7"
"HDAC1","BTK","NEK7"
"HDAC1","TNK2","NEK7"
"HDAC1","YAP1","NEK7"
"HDAC1","CD19","NEK7"
"HDAC1","HSP90AB1","NEK7"
"HDAC1","MAP2K2","NEK7"
"HDAC1","MAPK10","NEK7"
"HDAC1","DYRK1B","NEK7"
"HDAC1","JAK1","NEK7"
"HDAC1","PTPN7","NEK7"
"HDAC1","CDKN2A","NEK7"
"HDAC1","EPS15","NEK7"
"HDAC1","SHC1","NEK7"
"HDAC1","MAPKAPK5","NEK7"
"HDAC1","EPHA2","NEK7"
"HDAC1","PTPRR","NEK7"
"HDAC1","FLT4","NEK7"
"HDAC1","BMX","NEK7"
"HDAC1","PIN1","NEK7"
"HDAC1","CEP192","NEK7"
"HDAC1","GAB1","NEK7"
"HDAC1","PTPRA","NEK7"
"HDAC1","ESR1","NEK7"
"HDAC1","ARRB2","NEK7"
"HDAC1","INPP5D","NEK7"
"HDAC1","GAB2","NEK7"
"HDAC1","EZH2","NEK7"
"HDAC1","BCR-Dk","NEK7"
"HDAC1","BCAR1","NEK7"
"HDAC1","NOTCH","NEK7"
"HDAC1","FERMT2","NEK7"
"HDAC1","ZMIZ1","NEK7"
"HDAC1","TAB3","NEK7"
"HDAC1","GCSAM","NEK7"
"HDAC1","SPRY2","NEK7"
"HDAC1","BCR-Dl","NEK7"
"HDAC1","DDX58","NEK7"
"HDAC1","IFIH1","NEK7"
"HDAC1","BCR-Mk","NEK7"
"HDAC1","CHUK","GAK"
"HDAC1","MTOR","GAK"
"HDAC1","MAPK1","GAK"
"HDAC1","KIT","GAK"
"HDAC1","RPS6KB1","GAK"
"HDAC1","EIF2AK2","GAK"
"HDAC1","PDPK1","GAK"
"HDAC1","MAP3K14","GAK"
"HDAC1","TGFBR2","GAK"
"HDAC1","PAK2","GAK"
"HDAC1","CDK5","GAK"
"HDAC1","AKT","GAK"
"HDAC1","MAPK9","GAK"
"HDAC1","WWTR1","GAK"
"HDAC1","DAPK1","GAK"
"HDAC1","PRKD1","GAK"
"HDAC1","ITK","GAK"
"HDAC1","NCK1","GAK"
"HDAC1","AHSA1","GAK"
"HDAC1","BTK","GAK"
"HDAC1","YAP1","GAK"
"HDAC1","STAT1","GAK"
"HDAC1","MAP2K2","GAK"
"HDAC1","MAPK10","GAK"
"HDAC1","DYRK1B","GAK"
"HDAC1","MEK1/2","GAK"
"HDAC1","JAK1","GAK"
"HDAC1","PTPN7","GAK"
"HDAC1","CDKN2A","GAK"
"HDAC1","MAP4K1","GAK"
"HDAC1","EPS15","GAK"
"HDAC1","SHC1","GAK"
"HDAC1","AXIN1","GAK"
"HDAC1","EPHA2","GAK"
"HDAC1","MAP3K8","GAK"
"HDAC1","PTPRR","GAK"
"HDAC1","BMX","GAK"
"HDAC1","PTK2B","GAK"
"HDAC1","PRKCI","GAK"
"HDAC1","CTNND1","GAK"
"HDAC1","GAB1","GAK"
"HDAC1","ESR1","GAK"
"HDAC1","ARRB2","GAK"
"HDAC1","INPP5D","GAK"
"HDAC1","GAB2","GAK"
"HDAC1","EZH2","GAK"
"HDAC1","BCAR1","GAK"
"HDAC1","NCOA1","GAK"
"HDAC1","FERMT2","GAK"
"HDAC1","ZMIZ1","GAK"
"HDAC1","NPM1","GAK"
"HDAC1","OPTN","GAK"
"HDAC1","DDX58","GAK"
"HDAC1","IFIH1","GAK"
"HDAC1","SH2B3","GAK"
"HDAC1","PLCG2","GAK"
"HDAC1","SRC","TFDP1"
"HDAC1","RPS6KA2","TFDP1"
"HDAC1","PTEN","TFDP1"
"HDAC1","MAPK8","TFDP1"
"HDAC1","MTOR","TFDP1"
"HDAC1","AKT1","TFDP1"
"HDAC1","MAPK1","TFDP1"
"HDAC1","PTPN1","TFDP1"
"HDAC1","KRAS","TFDP1"
"HDAC1","KIT","TFDP1"
"HDAC1","RPS6KB1","TFDP1"
"HDAC1","EIF2AK2","TFDP1"
"HDAC1","PDPK1","TFDP1"
"HDAC1","MAML3","TFDP1"
"HDAC1","MAP3K14","TFDP1"
"HDAC1","MAP2K1","TFDP1"
"HDAC1","GSK3B","TFDP1"
"HDAC1","TGFBR2","TFDP1"
"HDAC1","PAK2","TFDP1"
"HDAC1","PPP1R2","TFDP1"
"HDAC1","CDK5","TFDP1"
"HDAC1","AKT","TFDP1"
"HDAC1","MAPK9","TFDP1"
"HDAC1","WWTR1","TFDP1"
"HDAC1","RACK1","TFDP1"
"HDAC1","DAPK1","TFDP1"
"HDAC1","PXN","TFDP1"
"HDAC1","PRKD1","TFDP1"
"HDAC1","ABL2","TFDP1"
"HDAC1","FBXW7","TFDP1"
"HDAC1","ITK","TFDP1"
"HDAC1","AHSA1","TFDP1"
"HDAC1","BTK","TFDP1"
"HDAC1","YAP1","TFDP1"
"HDAC1","HSP90AB1","TFDP1"
"HDAC1","DVL2","TFDP1"
"HDAC1","MAP2K2","TFDP1"
"HDAC1","MAPK10","TFDP1"
"HDAC1","MEK1/2","TFDP1"
"HDAC1","JAK1","TFDP1"
"HDAC1","CDKN2A","TFDP1"
"HDAC1","MAP4K1","TFDP1"
"HDAC1","MAPKAPK5","TFDP1"
"HDAC1","DUSP16","TFDP1"
"HDAC1","EPHA2","TFDP1"
"HDAC1","PTPRR","TFDP1"
"HDAC1","FLT4","TFDP1"
"HDAC1","BMX","TFDP1"
"HDAC1","SNW1","TFDP1"
"HDAC1","CTNND1","TFDP1"
"HDAC1","CEP192","TFDP1"
"HDAC1","ESR1","TFDP1"
"HDAC1","INPP5D","TFDP1"
"HDAC1","GAB2","TFDP1"
"HDAC1","EZH2","TFDP1"
"HDAC1","BCR-Ml","TFDP1"
"HDAC1","ZMIZ1","TFDP1"
"HDAC1","TAB3","TFDP1"
"HDAC1","BCR-Dl","TFDP1"
"HDAC1","ROR2","TFDP1"
"HDAC1","SH2B3","TFDP1"
"HDAC1","BCR-Mk","TFDP1"
"HDAC1","PTEN","CDKN2A"
"HDAC1","MAPK8","CDKN2A"
"HDAC1","AKT1","CDKN2A"
"HDAC1","PRKCD","CDKN2A"
"HDAC1","MAPK1","CDKN2A"
"HDAC1","PTPN1","CDKN2A"
"HDAC1","Gbeta","CDKN2A"
"HDAC1","KIT","CDKN2A"
"HDAC1","PTPRJ","CDKN2A"
"HDAC1","RPS6KB1","CDKN2A"
"HDAC1","MAML3","CDKN2A"
"HDAC1","MAP3K14","CDKN2A"
"HDAC1","MAP2K1","CDKN2A"
"HDAC1","PAK2","CDKN2A"
"HDAC1","MAPK9","CDKN2A"
"HDAC1","RACK1","CDKN2A"
"HDAC1","PRKD1","CDKN2A"
"HDAC1","ABL2","CDKN2A"
"HDAC1","NCK1","CDKN2A"
"HDAC1","TNK2","CDKN2A"
"HDAC1","YAP1","CDKN2A"
"HDAC1","HSP90AB1","CDKN2A"
"HDAC1","MAP2K2","CDKN2A"
"HDAC1","MAPK10","CDKN2A"
"HDAC1","DYRK1B","CDKN2A"
"HDAC1","MEK1/2","CDKN2A"
"HDAC1","JAK1","CDKN2A"
"HDAC1","IKK-complex","CDKN2A"
"HDAC1","SHC1","CDKN2A"
"HDAC1","EPHA2","CDKN2A"
"HDAC1","BDKRB2","CDKN2A"
"HDAC1","FLT4","CDKN2A"
"HDAC1","BMX","CDKN2A"
"HDAC1","SNW1","CDKN2A"
"HDAC1","NEK6","CDKN2A"
"HDAC1","PARD6A","CDKN2A"
"HDAC1","CEP192","CDKN2A"
"HDAC1","ESR1","CDKN2A"
"HDAC1","GAB2","CDKN2A"
"HDAC1","NCOA1","CDKN2A"
"HDAC1","FERMT2","CDKN2A"
"HDAC1","TAB3","CDKN2A"
"HDAC1","NPM1","CDKN2A"
"HDAC1","GCSAM","CDKN2A"
"HDAC1","OPTN","CDKN2A"
"HDAC1","SPRY2","CDKN2A"
"HDAC1","BCR-Dl","CDKN2A"
"HDAC1","ROR2","CDKN2A"
"HDAC1","IFIH1","CDKN2A"
"HDAC1","DAB1","CDKN2A"
"HDAC1","BCR-Mk","CDKN2A"
"HDAC1","CHUK","MAP4K1"
"HDAC1","RPS6KA2","MAP4K1"
"HDAC1","PTEN","MAP4K1"
"HDAC1","PRKCD","MAP4K1"
"HDAC1","MAPK1","MAP4K1"
"HDAC1","PTPN1","MAP4K1"
"HDAC1","PDPK1","MAP4K1"
"HDAC1","MAML3","MAP4K1"
"HDAC1","MAP3K14","MAP4K1"
"HDAC1","MAP2K1","MAP4K1"
"HDAC1","TGFBR2","MAP4K1"
"HDAC1","PAK2","MAP4K1"
"HDAC1","AKT","MAP4K1"
"HDAC1","RACK1","MAP4K1"
"HDAC1","PXN","MAP4K1"
"HDAC1","ITK","MAP4K1"
"HDAC1","NCK1","MAP4K1"
"HDAC1","AHSA1","MAP4K1"
"HDAC1","BTK","MAP4K1"
"HDAC1","STAT1","MAP4K1"
"HDAC1","HSP90AB1","MAP4K1"
"HDAC1","DVL2","MAP4K1"
"HDAC1","MAP2K2","MAP4K1"
"HDAC1","DYRK1B","MAP4K1"
"HDAC1","MAPK8IP3","MAP4K1"
"HDAC1","MAPKAPK5","MAP4K1"
"HDAC1","MAP3K8","MAP4K1"
"HDAC1","BDKRB2","MAP4K1"
"HDAC1","FLT4","MAP4K1"
"HDAC1","BMX","MAP4K1"
"HDAC1","PTK2B","MAP4K1"
"HDAC1","PARD6A","MAP4K1"
"HDAC1","GAB1","MAP4K1"
"HDAC1","GRIP1","MAP4K1"
"HDAC1","ESR1","MAP4K1"
"HDAC1","INPP5D","MAP4K1"
"HDAC1","BCR-Dk","MAP4K1"
"HDAC1","BCAR1","MAP4K1"
"HDAC1","BCR-Ml","MAP4K1"
"HDAC1","NCOA1","MAP4K1"
"HDAC1","ZMIZ1","MAP4K1"
"HDAC1","TAB3","MAP4K1"
"HDAC1","NPM1","MAP4K1"
"HDAC1","SPRY2","MAP4K1"
"HDAC1","BCR-Dl","MAP4K1"
"HDAC1","DDX58","MAP4K1"
"HDAC1","IFIH1","MAP4K1"
"HDAC1","SH2B3","MAP4K1"
"HDAC1","CHUK","JAK3"
"HDAC1","SRC","JAK3"
"HDAC1","RPS6KA2","JAK3"
"HDAC1","MAPK8","JAK3"
"HDAC1","MAPK1","JAK3"
"HDAC1","Gbeta","JAK3"
"HDAC1","KRAS","JAK3"
"HDAC1","KIT","JAK3"
"HDAC1","PTPRJ","JAK3"
"HDAC1","RPS6KB1","JAK3"
"HDAC1","EIF2AK2","JAK3"
"HDAC1","TGFBR2","JAK3"
"HDAC1","PAK2","JAK3"
"HDAC1","CDK5","JAK3"
"HDAC1","AKT","JAK3"
"HDAC1","MAPK9","JAK3"
"HDAC1","RACK1","JAK3"
"HDAC1","PXN","JAK3"
"HDAC1","PRKD1","JAK3"
"HDAC1","CD19","JAK3"
"HDAC1","DVL2","JAK3"
"HDAC1","MEK1/2","JAK3"
"HDAC1","EPS15","JAK3"
"HDAC1","AXIN1","JAK3"
"HDAC1","MAPKAPK5","JAK3"
"HDAC1","DUSP16","JAK3"
"HDAC1","EPHA2","JAK3"
"HDAC1","BDKRB2","JAK3"
"HDAC1","FLT4","JAK3"
"HDAC1","PTK2B","JAK3"
"HDAC1","PRKCI","JAK3"
"HDAC1","PIN1","JAK3"
"HDAC1","GAB1","JAK3"
"HDAC1","GRIP1","JAK3"
"HDAC1","ARRB2","JAK3"
"HDAC1","BCR-Ml","JAK3"
"HDAC1","NOTCH","JAK3"
"HDAC1","DDX58","JAK3"
"HDAC1","SH2B3","JAK3"
"HDAC1","BCR-Mk","JAK3"
"HDAC1","PLCG2","JAK3"
"HDAC1","CHUK","EPS15"
"HDAC1","RPS6KA2","EPS15"
"HDAC1","KRAS","EPS15"
"HDAC1","PDPK1","EPS15"
"HDAC1","MAML3","EPS15"
"HDAC1","GSK3B","EPS15"
"HDAC1","PAK2","EPS15"
"HDAC1","PPP1R2","EPS15"
"HDAC1","WWTR1","EPS15"
"HDAC1","DAPK1","EPS15"
"HDAC1","PXN","EPS15"
"HDAC1","PRKD1","EPS15"
"HDAC1","NCK1","EPS15"
"HDAC1","CD19","EPS15"
"HDAC1","MAP2K2","EPS15"
"HDAC1","DYRK1B","EPS15"
"HDAC1","MEK1/2","EPS15"
"HDAC1","CDKN2A","EPS15"
"HDAC1","IKK-complex","EPS15"
"HDAC1","SHC1","EPS15"
"HDAC1","AXIN1","EPS15"
"HDAC1","DUSP16","EPS15"
"HDAC1","PTPRR","EPS15"
"HDAC1","CTNND1","EPS15"
"HDAC1","CEP192","EPS15"
"HDAC1","GAB1","EPS15"
"HDAC1","ESR1","EPS15"
"HDAC1","GAB2","EPS15"
"HDAC1","BCR-Dk","EPS15"
"HDAC1","BCAR1","EPS15"
"HDAC1","FERMT2","EPS15"
"HDAC1","TAB3","EPS15"
"HDAC1","GCSAM","EPS15"
"HDAC1","BCR-Dl","EPS15"
"HDAC1","ROR2","EPS15"
"HDAC1","IFIH1","EPS15"
"HDAC1","DAB1","EPS15"
"HDAC1","SRC","IKK-complex"
"HDAC1","PTEN","IKK-complex"
"HDAC1","MAPK8","IKK-complex"
"HDAC1","MTOR","IKK-complex"
"HDAC1","AKT1","IKK-complex"
"HDAC1","MAPK1","IKK-complex"
"HDAC1","KRAS","IKK-complex"
"HDAC1","KIT","IKK-complex"
"HDAC1","EIF2AK2","IKK-complex"
"HDAC1","TGFBR2","IKK-complex"
"HDAC1","PAK2","IKK-complex"
"HDAC1","AKT","IKK-complex"
"HDAC1","FBXW7","IKK-complex"
"HDAC1","NCK1","IKK-complex"
"HDAC1","AHSA1","IKK-complex"
"HDAC1","BTK","IKK-complex"
"HDAC1","YAP1","IKK-complex"
"HDAC1","HSP90AB1","IKK-complex"
"HDAC1","MAP2K2","IKK-complex"
"HDAC1","MAPK10","IKK-complex"
"HDAC1","DYRK1B","IKK-complex"
"HDAC1","JAK1","IKK-complex"
"HDAC1","MAPK8IP3","IKK-complex"
"HDAC1","AXIN1","IKK-complex"
"HDAC1","MAPKAPK5","IKK-complex"
"HDAC1","EPHA2","IKK-complex"
"HDAC1","MAP3K8","IKK-complex"
"HDAC1","BMX","IKK-complex"
"HDAC1","PTK2B","IKK-complex"
"HDAC1","SNW1","IKK-complex"
"HDAC1","CTNND1","IKK-complex"
"HDAC1","PARD6A","IKK-complex"
"HDAC1","CEP192","IKK-complex"
"HDAC1","GAB1","IKK-complex"
"HDAC1","INPP5D","IKK-complex"
"HDAC1","GAB2","IKK-complex"
"HDAC1","EZH2","IKK-complex"
"HDAC1","BCAR1","IKK-complex"
"HDAC1","NOTCH","IKK-complex"
"HDAC1","NCOA1","IKK-complex"
"HDAC1","ZMIZ1","IKK-complex"
"HDAC1","TAB3","IKK-complex"
"HDAC1","NPM1","IKK-complex"
"HDAC1","OPTN","IKK-complex"
"HDAC1","SPRY2","IKK-complex"
"HDAC1","ROR2","IKK-complex"
"HDAC1","IFIH1","IKK-complex"
"HDAC1","SH2B3","IKK-complex"
"HDAC1","DAB1","IKK-complex"
"HDAC1","BCR-Mk","IKK-complex"
"HDAC1","PLCG2","IKK-complex"
"HDAC1","CHUK","SHC1"
"HDAC1","PTEN","SHC1"
"HDAC1","AKT1","SHC1"
"HDAC1","PTPN1","SHC1"
"HDAC1","KIT","SHC1"
"HDAC1","PDPK1","SHC1"
"HDAC1","MAML3","SHC1"
"HDAC1","MAP3K14","SHC1"
"HDAC1","GSK3B","SHC1"
"HDAC1","PAK2","SHC1"
"HDAC1","CDK5","SHC1"
"HDAC1","MAPK9","SHC1"
"HDAC1","PXN","SHC1"
"HDAC1","FBXW7","SHC1"
"HDAC1","ITK","SHC1"
"HDAC1","BTK","SHC1"
"HDAC1","CD19","SHC1"
"HDAC1","HSP90AB1","SHC1"
"HDAC1","DYRK1B","SHC1"
"HDAC1","MEK1/2","SHC1"
"HDAC1","PTPN7","SHC1"
"HDAC1","CDKN2A","SHC1"
"HDAC1","MAP4K1","SHC1"
"HDAC1","MAPK8IP3","SHC1"
"HDAC1","AXIN1","SHC1"
"HDAC1","MAPKAPK5","SHC1"
"HDAC1","DUSP16","SHC1"
"HDAC1","PTPRR","SHC1"
"HDAC1","BDKRB2","SHC1"
"HDAC1","FLT4","SHC1"
"HDAC1","PTK2B","SHC1"
"HDAC1","NEK6","SHC1"
"HDAC1","PRKCI","SHC1"
"HDAC1","PIN1","SHC1"
"HDAC1","ARRB2","SHC1"
"HDAC1","INPP5D","SHC1"
"HDAC1","EZH2","SHC1"
"HDAC1","BCR-Dk","SHC1"
"HDAC1","BCAR1","SHC1"
"HDAC1","NPM1","SHC1"
"HDAC1","GCSAM","SHC1"
"HDAC1","OPTN","SHC1"
"HDAC1","SPRY2","SHC1"
"HDAC1","BCR-Dl","SHC1"
"HDAC1","DDX58","SHC1"
"HDAC1","ROR2","SHC1"
"HDAC1","SH2B3","SHC1"
"HDAC1","DAB1","SHC1"
"HDAC1","BCR-Mk","SHC1"
"HDAC1","SRC","RPS6KA4"
"HDAC1","RPS6KA2","RPS6KA4"
"HDAC1","MTOR","RPS6KA4"
"HDAC1","PTPN1","RPS6KA4"
"HDAC1","KIT","RPS6KA4"
"HDAC1","PTPRJ","RPS6KA4"
"HDAC1","EIF2AK2","RPS6KA4"
"HDAC1","PDPK1","RPS6KA4"
"HDAC1","MAP3K14","RPS6KA4"
"HDAC1","GSK3B","RPS6KA4"
"HDAC1","CDK5","RPS6KA4"
"HDAC1","DAPK1","RPS6KA4"
"HDAC1","ABL2","RPS6KA4"
"HDAC1","FBXW7","RPS6KA4"
"HDAC1","NCK1","RPS6KA4"
"HDAC1","TNK2","RPS6KA4"
"HDAC1","CD19","RPS6KA4"
"HDAC1","STAT1","RPS6KA4"
"HDAC1","DVL2","RPS6KA4"
"HDAC1","PTPN7","RPS6KA4"
"HDAC1","MAP4K1","RPS6KA4"
"HDAC1","EPS15","RPS6KA4"
"HDAC1","IKK-complex","RPS6KA4"
"HDAC1","AXIN1","RPS6KA4"
"HDAC1","MAPKAPK5","RPS6KA4"
"HDAC1","DUSP16","RPS6KA4"
"HDAC1","EPHA2","RPS6KA4"
"HDAC1","PTPRR","RPS6KA4"
"HDAC1","SNW1","RPS6KA4"
"HDAC1","NEK6","RPS6KA4"
"HDAC1","PRKCI","RPS6KA4"
"HDAC1","CTNND1","RPS6KA4"
"HDAC1","CEP192","RPS6KA4"
"HDAC1","GAB1","RPS6KA4"
"HDAC1","INPP5D","RPS6KA4"
"HDAC1","GAB2","RPS6KA4"
"HDAC1","NCOA1","RPS6KA4"
"HDAC1","ZMIZ1","RPS6KA4"
"HDAC1","NPM1","RPS6KA4"
"HDAC1","OPTN","RPS6KA4"
"HDAC1","IFIH1","RPS6KA4"
"HDAC1","SH2B3","RPS6KA4"
"HDAC1","DAB1","RPS6KA4"
"HDAC1","MAPK8","NEK9"
"HDAC1","MTOR","NEK9"
"HDAC1","AKT1","NEK9"
"HDAC1","MAPK1","NEK9"
"HDAC1","PTPN1","NEK9"
"HDAC1","Gbeta","NEK9"
"HDAC1","KRAS","NEK9"
"HDAC1","PTPRJ","NEK9"
"HDAC1","RPS6KB1","NEK9"
"HDAC1","PDPK1","NEK9"
"HDAC1","PPP1R2","NEK9"
"HDAC1","ABL2","NEK9"
"HDAC1","TNK2","NEK9"
"HDAC1","YAP1","NEK9"
"HDAC1","DVL2","NEK9"
"HDAC1","MAPK10","NEK9"
"HDAC1","JAK1","NEK9"
"HDAC1","IKK-complex","NEK9"
"HDAC1","SHC1","NEK9"
"HDAC1","MAPK8IP3","NEK9"
"HDAC1","AXIN1","NEK9"
"HDAC1","PTPRR","NEK9"
"HDAC1","BDKRB2","NEK9"
"HDAC1","PTK2B","NEK9"
"HDAC1","SNW1","NEK9"
"HDAC1","CTNND1","NEK9"
"HDAC1","PIN1","NEK9"
"HDAC1","GAB1","NEK9"
"HDAC1","PTPRA","NEK9"
"HDAC1","GRIP1","NEK9"
"HDAC1","GAB2","NEK9"
"HDAC1","EZH2","NEK9"
"HDAC1","BCR-Dk","NEK9"
"HDAC1","NOTCH","NEK9"
"HDAC1","TAB3","NEK9"
"HDAC1","GCSAM","NEK9"
"HDAC1","OPTN","NEK9"
"HDAC1","SPRY2","NEK9"
"HDAC1","BCR-Dl","NEK9"
"HDAC1","DDX58","NEK9"
"HDAC1","SH2B3","NEK9"
"HDAC1","DAB1","NEK9"
"HDAC1","RPS6KA2","MKNK1"
"HDAC1","MAPK8","MKNK1"
"HDAC1","MTOR","MKNK1"
"HDAC1","MAPK1","MKNK1"
"HDAC1","PTPN1","MKNK1"
"HDAC1","Gbeta","MKNK1"
"HDAC1","KIT","MKNK1"
"HDAC1","PDPK1","MKNK1"
"HDAC1","GSK3B","MKNK1"
"HDAC1","ABL2","MKNK1"
"HDAC1","FBXW7","MKNK1"
"HDAC1","ITK","MKNK1"
"HDAC1","DVL2","MKNK1"
"HDAC1","MAP2K2","MKNK1"
"HDAC1","MAPK10","MKNK1"
"HDAC1","JAK1","MKNK1"
"HDAC1","CDKN2A","MKNK1"
"HDAC1","MAP4K1","MKNK1"
"HDAC1","SHC1","MKNK1"
"HDAC1","MAPK8IP3","MKNK1"
"HDAC1","AXIN1","MKNK1"
"HDAC1","MAPKAPK5","MKNK1"
"HDAC1","EPHA2","MKNK1"
"HDAC1","PTPRR","MKNK1"
"HDAC1","FLT4","MKNK1"
"HDAC1","BMX","MKNK1"
"HDAC1","SNW1","MKNK1"
"HDAC1","NEK6","MKNK1"
"HDAC1","CTNND1","MKNK1"
"HDAC1","ESR1","MKNK1"
"HDAC1","ARRB2","MKNK1"
"HDAC1","INPP5D","MKNK1"
"HDAC1","BCR-Dk","MKNK1"
"HDAC1","NOTCH","MKNK1"
"HDAC1","NCOA1","MKNK1"
"HDAC1","ZMIZ1","MKNK1"
"HDAC1","TAB3","MKNK1"
"HDAC1","NPM1","MKNK1"
"HDAC1","GCSAM","MKNK1"
"HDAC1","SPRY2","MKNK1"
"HDAC1","DDX58","MKNK1"
"HDAC1","ROR2","MKNK1"
"HDAC1","IFIH1","MKNK1"
"HDAC1","BCR-Mk","MKNK1"
"HDAC1","PLCG2","MKNK1"
"HDAC1","CHUK","IKBKG"
"HDAC1","RPS6KA2","IKBKG"
"HDAC1","PTEN","IKBKG"
"HDAC1","MAPK8","IKBKG"
"HDAC1","MTOR","IKBKG"
"HDAC1","AKT1","IKBKG"
"HDAC1","PTPN1","IKBKG"
"HDAC1","KRAS","IKBKG"
"HDAC1","RPS6KB1","IKBKG"
"HDAC1","EIF2AK2","IKBKG"
"HDAC1","PDPK1","IKBKG"
"HDAC1","MAP3K14","IKBKG"
"HDAC1","MAP2K1","IKBKG"
"HDAC1","PAK2","IKBKG"
"HDAC1","CDK5","IKBKG"
"HDAC1","MAPK9","IKBKG"
"HDAC1","WWTR1","IKBKG"
"HDAC1","RACK1","IKBKG"
"HDAC1","PXN","IKBKG"
"HDAC1","PRKD1","IKBKG"
"HDAC1","ABL2","IKBKG"
"HDAC1","AHSA1","IKBKG"
"HDAC1","BTK","IKBKG"
"HDAC1","TNK2","IKBKG"
"HDAC1","YAP1","IKBKG"
"HDAC1","CD19","IKBKG"
"HDAC1","STAT1","IKBKG"
"HDAC1","HSP90AB1","IKBKG"
"HDAC1","DVL2","IKBKG"
"HDAC1","MAPK10","IKBKG"
"HDAC1","DYRK1B","IKBKG"
"HDAC1","CDKN2A","IKBKG"
"HDAC1","MAP4K1","IKBKG"
"HDAC1","MAPK8IP3","IKBKG"
"HDAC1","EPHA2","IKBKG"
"HDAC1","PTPRR","IKBKG"
"HDAC1","BDKRB2","IKBKG"
"HDAC1","PTK2B","IKBKG"
"HDAC1","PRKCI","IKBKG"
"HDAC1","CTNND1","IKBKG"
"HDAC1","CEP192","IKBKG"
"HDAC1","GAB1","IKBKG"
"HDAC1","GRIP1","IKBKG"
"HDAC1","INPP5D","IKBKG"
"HDAC1","EZH2","IKBKG"
"HDAC1","BCR-Dk","IKBKG"
"HDAC1","NCOA1","IKBKG"
"HDAC1","ZMIZ1","IKBKG"
"HDAC1","OPTN","IKBKG"
"HDAC1","DDX58","IKBKG"
"HDAC1","BCR-Mk","IKBKG"
"HDAC1","CHUK","MAPK8IP3"
"HDAC1","RPS6KA2","MAPK8IP3"
"HDAC1","MAPK8","MAPK8IP3"
"HDAC1","MTOR","MAPK8IP3"
"HDAC1","PRKCD","MAPK8IP3"
"HDAC1","PTPN1","MAPK8IP3"
"HDAC1","Gbeta","MAPK8IP3"
"HDAC1","KRAS","MAPK8IP3"
"HDAC1","RPS6KB1","MAPK8IP3"
"HDAC1","EIF2AK2","MAPK8IP3"
"HDAC1","MAML3","MAPK8IP3"
"HDAC1","MAP3K14","MAPK8IP3"
"HDAC1","MAP2K1","MAPK8IP3"
"HDAC1","GSK3B","MAPK8IP3"
"HDAC1","TGFBR2","MAPK8IP3"
"HDAC1","PAK2","MAPK8IP3"
"HDAC1","PPP1R2","MAPK8IP3"
"HDAC1","CDK5","MAPK8IP3"
"HDAC1","AKT","MAPK8IP3"
"HDAC1","WWTR1","MAPK8IP3"
"HDAC1","RACK1","MAPK8IP3"
"HDAC1","PXN","MAPK8IP3"
"HDAC1","ABL2","MAPK8IP3"
"HDAC1","FBXW7","MAPK8IP3"
"HDAC1","BTK","MAPK8IP3"
"HDAC1","YAP1","MAPK8IP3"
"HDAC1","MAP2K2","MAPK8IP3"
"HDAC1","MEK1/2","MAPK8IP3"
"HDAC1","PTPN7","MAPK8IP3"
"HDAC1","CDKN2A","MAPK8IP3"
"HDAC1","EPS15","MAPK8IP3"
"HDAC1","DUSP16","MAPK8IP3"
"HDAC1","BMX","MAPK8IP3"
"HDAC1","PTK2B","MAPK8IP3"
"HDAC1","SNW1","MAPK8IP3"
"HDAC1","PARD6A","MAPK8IP3"
"HDAC1","CEP192","MAPK8IP3"
"HDAC1","GAB1","MAPK8IP3"
"HDAC1","GRIP1","MAPK8IP3"
"HDAC1","BCAR1","MAPK8IP3"
"HDAC1","BCR-Ml","MAPK8IP3"
"HDAC1","NOTCH","MAPK8IP3"
"HDAC1","NCOA1","MAPK8IP3"
"HDAC1","FERMT2","MAPK8IP3"
"HDAC1","ZMIZ1","MAPK8IP3"
"HDAC1","NPM1","MAPK8IP3"
"HDAC1","GCSAM","MAPK8IP3"
"HDAC1","SPRY2","MAPK8IP3"
"HDAC1","SH2B3","MAPK8IP3"
"HDAC1","BCR-Mk","MAPK8IP3"
"HDAC1","PLCG2","MAPK8IP3"
"HDAC1","CHUK","GATA1"
"HDAC1","MAPK8","GATA1"
"HDAC1","AKT1","GATA1"
"HDAC1","PTPN1","GATA1"
"HDAC1","RPS6KB1","GATA1"
"HDAC1","PDPK1","GATA1"
"HDAC1","MAML3","GATA1"
"HDAC1","PPP1R2","GATA1"
"HDAC1","CDK5","GATA1"
"HDAC1","AKT","GATA1"
"HDAC1","RACK1","GATA1"
"HDAC1","ITK","GATA1"
"HDAC1","NCK1","GATA1"
"HDAC1","AHSA1","GATA1"
"HDAC1","BTK","GATA1"
"HDAC1","YAP1","GATA1"
"HDAC1","MEK1/2","GATA1"
"HDAC1","JAK1","GATA1"
"HDAC1","EPS15","GATA1"
"HDAC1","IKK-complex","GATA1"
"HDAC1","MAPK8IP3","GATA1"
"HDAC1","MAPKAPK5","GATA1"
"HDAC1","DUSP16","GATA1"
"HDAC1","BMX","GATA1"
"HDAC1","SNW1","GATA1"
"HDAC1","NEK6","GATA1"
"HDAC1","CTNND1","GATA1"
"HDAC1","PARD6A","GATA1"
"HDAC1","GAB1","GATA1"
"HDAC1","ESR1","GATA1"
"HDAC1","ARRB2","GATA1"
"HDAC1","GCSAM","GATA1"
"HDAC1","OPTN","GATA1"
"HDAC1","SPRY2","GATA1"
"HDAC1","DDX58","GATA1"
"HDAC1","SH2B3","GATA1"
"HDAC1","BCR-Mk","GATA1"
"HDAC1","RPS6KA2","HDAC3"
"HDAC1","MTOR","HDAC3"
"HDAC1","AKT1","HDAC3"
"HDAC1","MAPK1","HDAC3"
"HDAC1","PTPN1","HDAC3"
"HDAC1","KRAS","HDAC3"
"HDAC1","EIF2AK2","HDAC3"
"HDAC1","PDPK1","HDAC3"
"HDAC1","MAP2K1","HDAC3"
"HDAC1","PPP1R2","HDAC3"
"HDAC1","RACK1","HDAC3"
"HDAC1","PXN","HDAC3"
"HDAC1","PRKD1","HDAC3"
"HDAC1","ABL2","HDAC3"
"HDAC1","ITK","HDAC3"
"HDAC1","BTK","HDAC3"
"HDAC1","CD19","HDAC3"
"HDAC1","STAT1","HDAC3"
"HDAC1","DVL2","HDAC3"
"HDAC1","PTPN7","HDAC3"
"HDAC1","CDKN2A","HDAC3"
"HDAC1","MAP4K1","HDAC3"
"HDAC1","SHC1","HDAC3"
"HDAC1","DUSP16","HDAC3"
"HDAC1","EPHA2","HDAC3"
"HDAC1","MAP3K8","HDAC3"
"HDAC1","PTPRR","HDAC3"
"HDAC1","BMX","HDAC3"
"HDAC1","SNW1","HDAC3"
"HDAC1","NEK6","HDAC3"
"HDAC1","GAB1","HDAC3"
"HDAC1","PTPRA","HDAC3"
"HDAC1","GRIP1","HDAC3"
"HDAC1","ARRB2","HDAC3"
"HDAC1","GAB2","HDAC3"
"HDAC1","BCR-Dk","HDAC3"
"HDAC1","BCAR1","HDAC3"
"HDAC1","BCR-Ml","HDAC3"
"HDAC1","NOTCH","HDAC3"
"HDAC1","FERMT2","HDAC3"
"HDAC1","NPM1","HDAC3"
"HDAC1","GCSAM","HDAC3"
"HDAC1","OPTN","HDAC3"
"HDAC1","RPS6KA2","p38"
"HDAC1","MAPK8","p38"
"HDAC1","PTPN1","p38"
"HDAC1","KRAS","p38"
"HDAC1","KIT","p38"
"HDAC1","PTPRJ","p38"
"HDAC1","RPS6KB1","p38"
"HDAC1","EIF2AK2","p38"
"HDAC1","PDPK1","p38"
"HDAC1","PPP1R2","p38"
"HDAC1","WWTR1","p38"
"HDAC1","PXN","p38"
"HDAC1","PRKD1","p38"
"HDAC1","ITK","p38"
"HDAC1","AHSA1","p38"
"HDAC1","BTK","p38"
"HDAC1","TNK2","p38"
"HDAC1","YAP1","p38"
"HDAC1","STAT1","p38"
"HDAC1","DVL2","p38"
"HDAC1","MAPK10","p38"
"HDAC1","PTPN7","p38"
"HDAC1","CDKN2A","p38"
"HDAC1","MAP4K1","p38"
"HDAC1","EPS15","p38"
"HDAC1","IKK-complex","p38"
"HDAC1","AXIN1","p38"
"HDAC1","DUSP16","p38"
"HDAC1","EPHA2","p38"
"HDAC1","PTPRR","p38"
"HDAC1","NEK6","p38"
"HDAC1","PRKCI","p38"
"HDAC1","PIN1","p38"
"HDAC1","GAB1","p38"
"HDAC1","PTPRA","p38"
"HDAC1","GRIP1","p38"
"HDAC1","ESR1","p38"
"HDAC1","INPP5D","p38"
"HDAC1","GAB2","p38"
"HDAC1","ZMIZ1","p38"
"HDAC1","NPM1","p38"
"HDAC1","OPTN","p38"
"HDAC1","SPRY2","p38"
"HDAC1","BCR-Dl","p38"
"HDAC1","ROR2","p38"
"HDAC1","IFIH1","p38"
"HDAC1","SH2B3","p38"
"HDAC1","DAB1","p38"
"HDAC1","CHUK","MAP2K4"
"HDAC1","SRC","MAP2K4"
"HDAC1","PRKCD","MAP2K4"
"HDAC1","MAPK1","MAP2K4"
"HDAC1","PTPN1","MAP2K4"
"HDAC1","Gbeta","MAP2K4"
"HDAC1","EIF2AK2","MAP2K4"
"HDAC1","MAML3","MAP2K4"
"HDAC1","MAP2K1","MAP2K4"
"HDAC1","GSK3B","MAP2K4"
"HDAC1","TGFBR2","MAP2K4"
"HDAC1","PAK2","MAP2K4"
"HDAC1","CDK5","MAP2K4"
"HDAC1","WWTR1","MAP2K4"
"HDAC1","DAPK1","MAP2K4"
"HDAC1","PRKD1","MAP2K4"
"HDAC1","ABL2","MAP2K4"
"HDAC1","FBXW7","MAP2K4"
"HDAC1","NCK1","MAP2K4"
"HDAC1","BTK","MAP2K4"
"HDAC1","DYRK1B","MAP2K4"
"HDAC1","IKK-complex","MAP2K4"
"HDAC1","EPHA2","MAP2K4"
"HDAC1","PTPRR","MAP2K4"
"HDAC1","FLT4","MAP2K4"
"HDAC1","PTK2B","MAP2K4"
"HDAC1","PARD6A","MAP2K4"
"HDAC1","CEP192","MAP2K4"
"HDAC1","GAB1","MAP2K4"
"HDAC1","PTPRA","MAP2K4"
"HDAC1","ESR1","MAP2K4"
"HDAC1","ARRB2","MAP2K4"
"HDAC1","GAB2","MAP2K4"
"HDAC1","BCR-Dk","MAP2K4"
"HDAC1","NOTCH","MAP2K4"
"HDAC1","NCOA1","MAP2K4"
"HDAC1","FERMT2","MAP2K4"
"HDAC1","ZMIZ1","MAP2K4"
"HDAC1","TAB3","MAP2K4"
"HDAC1","NPM1","MAP2K4"
"HDAC1","GCSAM","MAP2K4"
"HDAC1","OPTN","MAP2K4"
"HDAC1","SPRY2","MAP2K4"
"HDAC1","BCR-Dl","MAP2K4"
"HDAC1","IFIH1","MAP2K4"
"HDAC1","SH2B3","MAP2K4"
"HDAC1","DAB1","MAP2K4"
"HDAC1","BCR-Mk","MAP2K4"
"HDAC1","CHUK","AXIN1"
"HDAC1","SRC","AXIN1"
"HDAC1","MAPK8","AXIN1"
"HDAC1","MTOR","AXIN1"
"HDAC1","PRKCD","AXIN1"
"HDAC1","MAPK1","AXIN1"
"HDAC1","PTPN1","AXIN1"
"HDAC1","KRAS","AXIN1"
"HDAC1","KIT","AXIN1"
"HDAC1","PTPRJ","AXIN1"
"HDAC1","PDPK1","AXIN1"
"HDAC1","MAML3","AXIN1"
"HDAC1","MAP3K14","AXIN1"
"HDAC1","MAP2K1","AXIN1"
"HDAC1","GSK3B","AXIN1"
"HDAC1","TGFBR2","AXIN1"
"HDAC1","CDK5","AXIN1"
"HDAC1","MAPK9","AXIN1"
"HDAC1","RACK1","AXIN1"
"HDAC1","PRKD1","AXIN1"
"HDAC1","ABL2","AXIN1"
"HDAC1","FBXW7","AXIN1"
"HDAC1","ITK","AXIN1"
"HDAC1","AHSA1","AXIN1"
"HDAC1","BTK","AXIN1"
"HDAC1","TNK2","AXIN1"
"HDAC1","YAP1","AXIN1"
"HDAC1","CD19","AXIN1"
"HDAC1","STAT1","AXIN1"
"HDAC1","HSP90AB1","AXIN1"
"HDAC1","DVL2","AXIN1"
"HDAC1","MAPK10","AXIN1"
"HDAC1","DYRK1B","AXIN1"
"HDAC1","JAK1","AXIN1"
"HDAC1","PTPN7","AXIN1"
"HDAC1","CDKN2A","AXIN1"
"HDAC1","MAP4K1","AXIN1"
"HDAC1","EPS15","AXIN1"
"HDAC1","IKK-complex","AXIN1"
"HDAC1","MAPK8IP3","AXIN1"
"HDAC1","DUSP16","AXIN1"
"HDAC1","BDKRB2","AXIN1"
"HDAC1","SNW1","AXIN1"
"HDAC1","PRKCI","AXIN1"
"HDAC1","CEP192","AXIN1"
"HDAC1","GAB1","AXIN1"
"HDAC1","ARRB2","AXIN1"
"HDAC1","BCR-Dk","AXIN1"
"HDAC1","ZMIZ1","AXIN1"
"HDAC1","TAB3","AXIN1"
"HDAC1","GCSAM","AXIN1"
"HDAC1","SPRY2","AXIN1"
"HDAC1","BCR-Dl","AXIN1"
"HDAC1","DAB1","AXIN1"
"HDAC1","CHUK","MAPKAPK5"
"HDAC1","AKT1","MAPKAPK5"
"HDAC1","PRKCD","MAPKAPK5"
"HDAC1","MAPK1","MAPKAPK5"
"HDAC1","PTPN1","MAPKAPK5"
"HDAC1","Gbeta","MAPKAPK5"
"HDAC1","KRAS","MAPKAPK5"
"HDAC1","RPS6KB1","MAPKAPK5"
"HDAC1","PDPK1","MAPKAPK5"
"HDAC1","MAP3K14","MAPKAPK5"
"HDAC1","GSK3B","MAPKAPK5"
"HDAC1","PPP1R2","MAPKAPK5"
"HDAC1","AKT","MAPKAPK5"
"HDAC1","MAPK9","MAPKAPK5"
"HDAC1","WWTR1","MAPKAPK5"
"HDAC1","RACK1","MAPKAPK5"
"HDAC1","PRKD1","MAPKAPK5"
"HDAC1","ITK","MAPKAPK5"
"HDAC1","BTK","MAPKAPK5"
"HDAC1","TNK2","MAPKAPK5"
"HDAC1","CD19","MAPKAPK5"
"HDAC1","DVL2","MAPKAPK5"
"HDAC1","MAP2K2","MAPKAPK5"
"HDAC1","MAPK10","MAPKAPK5"
"HDAC1","DYRK1B","MAPKAPK5"
"HDAC1","JAK1","MAPKAPK5"
"HDAC1","EPS15","MAPKAPK5"
"HDAC1","IKK-complex","MAPKAPK5"
"HDAC1","SHC1","MAPKAPK5"
"HDAC1","AXIN1","MAPKAPK5"
"HDAC1","DUSP16","MAPKAPK5"
"HDAC1","EPHA2","MAPKAPK5"
"HDAC1","FLT4","MAPKAPK5"
"HDAC1","PTK2B","MAPKAPK5"
"HDAC1","SNW1","MAPKAPK5"
"HDAC1","NEK6","MAPKAPK5"
"HDAC1","PRKCI","MAPKAPK5"
"HDAC1","CEP192","MAPKAPK5"
"HDAC1","GRIP1","MAPKAPK5"
"HDAC1","ESR1","MAPKAPK5"
"HDAC1","ARRB2","MAPKAPK5"
"HDAC1","INPP5D","MAPKAPK5"
"HDAC1","EZH2","MAPKAPK5"
"HDAC1","BCR-Dk","MAPKAPK5"
"HDAC1","BCAR1","MAPKAPK5"
"HDAC1","NCOA1","MAPKAPK5"
"HDAC1","ZMIZ1","MAPKAPK5"
"HDAC1","TAB3","MAPKAPK5"
"HDAC1","NPM1","MAPKAPK5"
"HDAC1","SPRY2","MAPKAPK5"
"HDAC1","DDX58","MAPKAPK5"
"HDAC1","SH2B3","MAPKAPK5"
"HDAC1","DAB1","MAPKAPK5"
"HDAC1","BCR-Mk","MAPKAPK5"
"HDAC1","SRC","DUSP16"
"HDAC1","RPS6KA2","DUSP16"
"HDAC1","PTEN","DUSP16"
"HDAC1","AKT1","DUSP16"
"HDAC1","PTPN1","DUSP16"
"HDAC1","PTPRJ","DUSP16"
"HDAC1","RPS6KB1","DUSP16"
"HDAC1","EIF2AK2","DUSP16"
"HDAC1","MAML3","DUSP16"
"HDAC1","PAK2","DUSP16"
"HDAC1","CDK5","DUSP16"
"HDAC1","MAPK9","DUSP16"
"HDAC1","DAPK1","DUSP16"
"HDAC1","ITK","DUSP16"
"HDAC1","NCK1","DUSP16"
"HDAC1","BTK","DUSP16"
"HDAC1","CD19","DUSP16"
"HDAC1","MAP2K2","DUSP16"
"HDAC1","MAPK10","DUSP16"
"HDAC1","JAK1","DUSP16"
"HDAC1","PTPN7","DUSP16"
"HDAC1","CDKN2A","DUSP16"
"HDAC1","EPS15","DUSP16"
"HDAC1","SHC1","DUSP16"
"HDAC1","MAPK8IP3","DUSP16"
"HDAC1","MAPKAPK5","DUSP16"
"HDAC1","PTPRR","DUSP16"
"HDAC1","BDKRB2","DUSP16"
"HDAC1","NEK6","DUSP16"
"HDAC1","CTNND1","DUSP16"
"HDAC1","PARD6A","DUSP16"
"HDAC1","PTPRA","DUSP16"
"HDAC1","GRIP1","DUSP16"
"HDAC1","INPP5D","DUSP16"
"HDAC1","EZH2","DUSP16"
"HDAC1","BCAR1","DUSP16"
"HDAC1","BCR-Ml","DUSP16"
"HDAC1","TAB3","DUSP16"
"HDAC1","GCSAM","DUSP16"
"HDAC1","OPTN","DUSP16"
"HDAC1","BCR-Dl","DUSP16"
"HDAC1","ROR2","DUSP16"
"HDAC1","SH2B3","DUSP16"
"HDAC1","DAB1","DUSP16"
"HDAC1","RPS6KA2","EPHA2"
"HDAC1","PTEN","EPHA2"
"HDAC1","MAPK8","EPHA2"
"HDAC1","MTOR","EPHA2"
"HDAC1","AKT1","EPHA2"
"HDAC1","PRKCD","EPHA2"
"HDAC1","KIT","EPHA2"
"HDAC1","PTPRJ","EPHA2"
"HDAC1","RPS6KB1","EPHA2"
"HDAC1","EIF2AK2","EPHA2"
"HDAC1","PDPK1","EPHA2"
"HDAC1","MAP2K1","EPHA2"
"HDAC1","GSK3B","EPHA2"
"HDAC1","PPP1R2","EPHA2"
"HDAC1","AKT","EPHA2"
"HDAC1","MAPK9","EPHA2"
"HDAC1","WWTR1","EPHA2"
"HDAC1","RACK1","EPHA2"
"HDAC1","FBXW7","EPHA2"
"HDAC1","ITK","EPHA2"
"HDAC1","NCK1","EPHA2"
"HDAC1","TNK2","EPHA2"
"HDAC1","YAP1","EPHA2"
"HDAC1","STAT1","EPHA2"
"HDAC1","MAP2K2","EPHA2"
"HDAC1","MEK1/2","EPHA2"
"HDAC1","PTPN7","EPHA2"
"HDAC1","IKK-complex","EPHA2"
"HDAC1","SHC1","EPHA2"
"HDAC1","MAPK8IP3","EPHA2"
"HDAC1","AXIN1","EPHA2"
"HDAC1","MAP3K8","EPHA2"
"HDAC1","PTK2B","EPHA2"
"HDAC1","SNW1","EPHA2"
"HDAC1","PRKCI","EPHA2"
"HDAC1","CTNND1","EPHA2"
"HDAC1","PIN1","EPHA2"
"HDAC1","PARD6A","EPHA2"
"HDAC1","PTPRA","EPHA2"
"HDAC1","ESR1","EPHA2"
"HDAC1","GAB2","EPHA2"
"HDAC1","EZH2","EPHA2"
"HDAC1","BCR-Dk","EPHA2"
"HDAC1","BCAR1","EPHA2"
"HDAC1","NCOA1","EPHA2"
"HDAC1","FERMT2","EPHA2"
"HDAC1","GCSAM","EPHA2"
"HDAC1","OPTN","EPHA2"
"HDAC1","SPRY2","EPHA2"
"HDAC1","BCR-Dl","EPHA2"
"HDAC1","DDX58","EPHA2"
"HDAC1","IFIH1","EPHA2"
"HDAC1","SH2B3","EPHA2"
"HDAC1","BCR-Mk","EPHA2"
"HDAC1","PLCG2","EPHA2"
"HDAC1","PTEN","HASPIN"
"HDAC1","MTOR","HASPIN"
"HDAC1","MAPK1","HASPIN"
"HDAC1","Gbeta","HASPIN"
"HDAC1","EIF2AK2","HASPIN"
"HDAC1","MAML3","HASPIN"
"HDAC1","MAP3K14","HASPIN"
"HDAC1","MAP2K1","HASPIN"
"HDAC1","GSK3B","HASPIN"
"HDAC1","TGFBR2","HASPIN"
"HDAC1","PAK2","HASPIN"
"HDAC1","PPP1R2","HASPIN"
"HDAC1","RACK1","HASPIN"
"HDAC1","DAPK1","HASPIN"
"HDAC1","PRKD1","HASPIN"
"HDAC1","NCK1","HASPIN"
"HDAC1","AHSA1","HASPIN"
"HDAC1","BTK","HASPIN"
"HDAC1","YAP1","HASPIN"
"HDAC1","HSP90AB1","HASPIN"
"HDAC1","DVL2","HASPIN"
"HDAC1","MAP2K2","HASPIN"
"HDAC1","DYRK1B","HASPIN"
"HDAC1","JAK1","HASPIN"
"HDAC1","EPS15","HASPIN"
"HDAC1","IKK-complex","HASPIN"
"HDAC1","SHC1","HASPIN"
"HDAC1","EPHA2","HASPIN"
"HDAC1","BDKRB2","HASPIN"
"HDAC1","FLT4","HASPIN"
"HDAC1","BMX","HASPIN"
"HDAC1","PTK2B","HASPIN"
"HDAC1","CEP192","HASPIN"
"HDAC1","GRIP1","HASPIN"
"HDAC1","INPP5D","HASPIN"
"HDAC1","GAB2","HASPIN"
"HDAC1","BCR-Dk","HASPIN"
"HDAC1","BCAR1","HASPIN"
"HDAC1","NOTCH","HASPIN"
"HDAC1","NCOA1","HASPIN"
"HDAC1","FERMT2","HASPIN"
"HDAC1","TAB3","HASPIN"
"HDAC1","GCSAM","HASPIN"
"HDAC1","IFIH1","HASPIN"
"HDAC1","PLCG2","HASPIN"
"HDAC1","SRC","MAP3K8"
"HDAC1","PTEN","MAP3K8"
"HDAC1","PRKCD","MAP3K8"
"HDAC1","KRAS","MAP3K8"
"HDAC1","PTPRJ","MAP3K8"
"HDAC1","GSK3B","MAP3K8"
"HDAC1","CDK5","MAP3K8"
"HDAC1","RACK1","MAP3K8"
"HDAC1","PXN","MAP3K8"
"HDAC1","PRKD1","MAP3K8"
"HDAC1","ABL2","MAP3K8"
"HDAC1","PTK2","MAP3K8"
"HDAC1","BTK","MAP3K8"
"HDAC1","TNK2","MAP3K8"
"HDAC1","CD19","MAP3K8"
"HDAC1","STAT1","MAP3K8"
"HDAC1","JAK1","MAP3K8"
"HDAC1","MAP4K1","MAP3K8"
"HDAC1","IKK-complex","MAP3K8"
"HDAC1","SHC1","MAP3K8"
"HDAC1","BMX","MAP3K8"
"HDAC1","PTK2B","MAP3K8"
"HDAC1","SNW1","MAP3K8"
"HDAC1","PTPRA","MAP3K8"
"HDAC1","ESR1","MAP3K8"
"HDAC1","BCR-Dk","MAP3K8"
"HDAC1","BCAR1","MAP3K8"
"HDAC1","BCR-Ml","MAP3K8"
"HDAC1","FERMT2","MAP3K8"
"HDAC1","TAB3","MAP3K8"
"HDAC1","GCSAM","MAP3K8"
"HDAC1","SPRY2","MAP3K8"
"HDAC1","DDX58","MAP3K8"
"HDAC1","ROR2","MAP3K8"
"HDAC1","SH2B3","MAP3K8"
"HDAC1","TIAM1","MAP3K8"
"HDAC1","BCR-Mk","MAP3K8"
"HDAC1","PLCG2","MAP3K8"
"HDAC1","CHUK","ERCC6"
"HDAC1","RPS6KA2","ERCC6"
"HDAC1","MAPK8","ERCC6"
"HDAC1","PRKCD","ERCC6"
"HDAC1","MAPK1","ERCC6"
"HDAC1","PTPRJ","ERCC6"
"HDAC1","RPS6KB1","ERCC6"
"HDAC1","MAP3K14","ERCC6"
"HDAC1","MAP2K1","ERCC6"
"HDAC1","PPP1R2","ERCC6"
"HDAC1","CDK5","ERCC6"
"HDAC1","AKT","ERCC6"
"HDAC1","WWTR1","ERCC6"
"HDAC1","DAPK1","ERCC6"
"HDAC1","PRKD1","ERCC6"
"HDAC1","ABL2","ERCC6"
"HDAC1","FBXW7","ERCC6"
"HDAC1","BTK","ERCC6"
"HDAC1","TNK2","ERCC6"
"HDAC1","YAP1","ERCC6"
"HDAC1","CD19","ERCC6"
"HDAC1","DVL2","ERCC6"
"HDAC1","MAPK10","ERCC6"
"HDAC1","MEK1/2","ERCC6"
"HDAC1","IKK-complex","ERCC6"
"HDAC1","MAPK8IP3","ERCC6"
"HDAC1","EPHA2","ERCC6"
"HDAC1","MAP3K8","ERCC6"
"HDAC1","PTPRR","ERCC6"
"HDAC1","BDKRB2","ERCC6"
"HDAC1","SNW1","ERCC6"
"HDAC1","NEK6","ERCC6"
"HDAC1","PRKCI","ERCC6"
"HDAC1","PIN1","ERCC6"
"HDAC1","PARD6A","ERCC6"
"HDAC1","ARRB2","ERCC6"
"HDAC1","INPP5D","ERCC6"
"HDAC1","EZH2","ERCC6"
"HDAC1","BCAR1","ERCC6"
"HDAC1","BCR-Ml","ERCC6"
"HDAC1","NCOA1","ERCC6"
"HDAC1","FERMT2","ERCC6"
"HDAC1","ZMIZ1","ERCC6"
"HDAC1","NPM1","ERCC6"
"HDAC1","GCSAM","ERCC6"
"HDAC1","OPTN","ERCC6"
"HDAC1","SPRY2","ERCC6"
"HDAC1","SH2B3","ERCC6"
"HDAC1","DAB1","ERCC6"
"HDAC1","BCR-Mk","ERCC6"
"HDAC1","PLCG2","ERCC6"
"HDAC1","CHUK","PTPRR"
"HDAC1","SRC","PTPRR"
"HDAC1","PTEN","PTPRR"
"HDAC1","MAPK8","PTPRR"
"HDAC1","MTOR","PTPRR"
"HDAC1","AKT1","PTPRR"
"HDAC1","PRKCD","PTPRR"
"HDAC1","KRAS","PTPRR"
"HDAC1","EIF2AK2","PTPRR"
"HDAC1","PDPK1","PTPRR"
"HDAC1","MAML3","PTPRR"
"HDAC1","AKT","PTPRR"
"HDAC1","MAPK9","PTPRR"
"HDAC1","RACK1","PTPRR"
"HDAC1","DAPK1","PTPRR"
"HDAC1","FBXW7","PTPRR"
"HDAC1","TNK2","PTPRR"
"HDAC1","YAP1","PTPRR"
"HDAC1","CD19","PTPRR"
"HDAC1","DVL2","PTPRR"
"HDAC1","MAPK10","PTPRR"
"HDAC1","MEK1/2","PTPRR"
"HDAC1","JAK1","PTPRR"
"HDAC1","PTPN7","PTPRR"
"HDAC1","CDKN2A","PTPRR"
"HDAC1","MAP4K1","PTPRR"
"HDAC1","EPS15","PTPRR"
"HDAC1","SHC1","PTPRR"
"HDAC1","DUSP16","PTPRR"
"HDAC1","NEK6","PTPRR"
"HDAC1","PRKCI","PTPRR"
"HDAC1","CTNND1","PTPRR"
"HDAC1","PIN1","PTPRR"
"HDAC1","CEP192","PTPRR"
"HDAC1","GAB2","PTPRR"
"HDAC1","BCR-Dk","PTPRR"
"HDAC1","BCAR1","PTPRR"
"HDAC1","NOTCH","PTPRR"
"HDAC1","FERMT2","PTPRR"
"HDAC1","DDX58","PTPRR"
"HDAC1","SH2B3","PTPRR"
"HDAC1","PLCG2","PTPRR"
"HDAC1","CHUK","SOD1"
"HDAC1","MTOR","SOD1"
"HDAC1","AKT1","SOD1"
"HDAC1","MAPK1","SOD1"
"HDAC1","Gbeta","SOD1"
"HDAC1","KRAS","SOD1"
"HDAC1","PTPRJ","SOD1"
"HDAC1","EIF2AK2","SOD1"
"HDAC1","GSK3B","SOD1"
"HDAC1","CDK5","SOD1"
"HDAC1","MAPK9","SOD1"
"HDAC1","RACK1","SOD1"
"HDAC1","PRKD1","SOD1"
"HDAC1","ABL2","SOD1"
"HDAC1","ITK","SOD1"
"HDAC1","YAP1","SOD1"
"HDAC1","CD19","SOD1"
"HDAC1","STAT1","SOD1"
"HDAC1","PTPN7","SOD1"
"HDAC1","CDKN2A","SOD1"
"HDAC1","EPS15","SOD1"
"HDAC1","IKK-complex","SOD1"
"HDAC1","MAPK8IP3","SOD1"
"HDAC1","AXIN1","SOD1"
"HDAC1","BDKRB2","SOD1"
"HDAC1","NEK6","SOD1"
"HDAC1","PRKCI","SOD1"
"HDAC1","PIN1","SOD1"
"HDAC1","GAB1","SOD1"
"HDAC1","GAB2","SOD1"
"HDAC1","BCR-Dk","SOD1"
"HDAC1","BCAR1","SOD1"
"HDAC1","FERMT2","SOD1"
"HDAC1","ZMIZ1","SOD1"
"HDAC1","GCSAM","SOD1"
"HDAC1","SH2B3","SOD1"
"HDAC1","DAB1","SOD1"
"HDAC1","CHUK","GTF2I"
"HDAC1","MAPK8","GTF2I"
"HDAC1","AKT1","GTF2I"
"HDAC1","PRKCD","GTF2I"
"HDAC1","MAPK1","GTF2I"
"HDAC1","PTPN1","GTF2I"
"HDAC1","KRAS","GTF2I"
"HDAC1","RPS6KB1","GTF2I"
"HDAC1","PDPK1","GTF2I"
"HDAC1","MAP3K14","GTF2I"
"HDAC1","TGFBR2","GTF2I"
"HDAC1","RACK1","GTF2I"
"HDAC1","ABL2","GTF2I"
"HDAC1","NCK1","GTF2I"
"HDAC1","BTK","GTF2I"
"HDAC1","YAP1","GTF2I"
"HDAC1","CD19","GTF2I"
"HDAC1","STAT1","GTF2I"
"HDAC1","HSP90AB1","GTF2I"
"HDAC1","DVL2","GTF2I"
"HDAC1","MAP2K2","GTF2I"
"HDAC1","MAPK10","GTF2I"
"HDAC1","DYRK1B","GTF2I"
"HDAC1","JAK1","GTF2I"
"HDAC1","CDKN2A","GTF2I"
"HDAC1","SHC1","GTF2I"
"HDAC1","MAPK8IP3","GTF2I"
"HDAC1","MAPKAPK5","GTF2I"
"HDAC1","BDKRB2","GTF2I"
"HDAC1","BMX","GTF2I"
"HDAC1","PTK2B","GTF2I"
"HDAC1","NEK6","GTF2I"
"HDAC1","CTNND1","GTF2I"
"HDAC1","CEP192","GTF2I"
"HDAC1","PTPRA","GTF2I"
"HDAC1","EZH2","GTF2I"
"HDAC1","BCR-Dk","GTF2I"
"HDAC1","FERMT2","GTF2I"
"HDAC1","ZMIZ1","GTF2I"
"HDAC1","TAB3","GTF2I"
"HDAC1","GCSAM","GTF2I"
"HDAC1","DAB1","GTF2I"
"HDAC1","CHUK","SUGT1"
"HDAC1","SRC","SUGT1"
"HDAC1","PTEN","SUGT1"
"HDAC1","MAPK8","SUGT1"
"HDAC1","AKT1","SUGT1"
"HDAC1","PRKCD","SUGT1"
"HDAC1","MAPK1","SUGT1"
"HDAC1","KRAS","SUGT1"
"HDAC1","KIT","SUGT1"
"HDAC1","PTPRJ","SUGT1"
"HDAC1","RPS6KB1","SUGT1"
"HDAC1","EIF2AK2","SUGT1"
"HDAC1","MAML3","SUGT1"
"HDAC1","MAP3K14","SUGT1"
"HDAC1","MAP2K1","SUGT1"
"HDAC1","GSK3B","SUGT1"
"HDAC1","TGFBR2","SUGT1"
"HDAC1","PPP1R2","SUGT1"
"HDAC1","AKT","SUGT1"
"HDAC1","MAPK9","SUGT1"
"HDAC1","PXN","SUGT1"
"HDAC1","ABL2","SUGT1"
"HDAC1","NCK1","SUGT1"
"HDAC1","AHSA1","SUGT1"
"HDAC1","BTK","SUGT1"
"HDAC1","YAP1","SUGT1"
"HDAC1","CD19","SUGT1"
"HDAC1","STAT1","SUGT1"
"HDAC1","HSP90AB1","SUGT1"
"HDAC1","DVL2","SUGT1"
"HDAC1","MAP2K2","SUGT1"
"HDAC1","MAPK10","SUGT1"
"HDAC1","MEK1/2","SUGT1"
"HDAC1","JAK1","SUGT1"
"HDAC1","CDKN2A","SUGT1"
"HDAC1","AXIN1","SUGT1"
"HDAC1","MAPKAPK5","SUGT1"
"HDAC1","FLT4","SUGT1"
"HDAC1","BMX","SUGT1"
"HDAC1","PTK2B","SUGT1"
"HDAC1","NEK6","SUGT1"
"HDAC1","GRIP1","SUGT1"
"HDAC1","ESR1","SUGT1"
"HDAC1","ARRB2","SUGT1"
"HDAC1","EZH2","SUGT1"
"HDAC1","BCAR1","SUGT1"
"HDAC1","BCR-Ml","SUGT1"
"HDAC1","NCOA1","SUGT1"
"HDAC1","ZMIZ1","SUGT1"
"HDAC1","GCSAM","SUGT1"
"HDAC1","SPRY2","SUGT1"
"HDAC1","BCR-Dl","SUGT1"
"HDAC1","IFIH1","SUGT1"
"HDAC1","SH2B3","SUGT1"
"HDAC1","DAB1","SUGT1"
"HDAC1","BCR-Mk","SUGT1"
"HDAC1","PLCG2","SUGT1"
"HDAC1","MAPK8","UBTF"
"HDAC1","MAPK1","UBTF"
"HDAC1","PTPN1","UBTF"
"HDAC1","Gbeta","UBTF"
"HDAC1","KRAS","UBTF"
"HDAC1","KIT","UBTF"
"HDAC1","PTPRJ","UBTF"
"HDAC1","MAP3K14","UBTF"
"HDAC1","MAP2K1","UBTF"
"HDAC1","GSK3B","UBTF"
"HDAC1","PPP1R2","UBTF"
"HDAC1","AKT","UBTF"
"HDAC1","RACK1","UBTF"
"HDAC1","DAPK1","UBTF"
"HDAC1","ITK","UBTF"
"HDAC1","NCK1","UBTF"
"HDAC1","AHSA1","UBTF"
"HDAC1","TNK2","UBTF"
"HDAC1","YAP1","UBTF"
"HDAC1","CD19","UBTF"
"HDAC1","STAT1","UBTF"
"HDAC1","HSP90AB1","UBTF"
"HDAC1","MEK1/2","UBTF"
"HDAC1","JAK1","UBTF"
"HDAC1","EPHA2","UBTF"
"HDAC1","MAP3K8","UBTF"
"HDAC1","BDKRB2","UBTF"
"HDAC1","BMX","UBTF"
"HDAC1","NEK6","UBTF"
"HDAC1","PARD6A","UBTF"
"HDAC1","CEP192","UBTF"
"HDAC1","PTPRA","UBTF"
"HDAC1","ESR1","UBTF"
"HDAC1","ARRB2","UBTF"
"HDAC1","INPP5D","UBTF"
"HDAC1","EZH2","UBTF"
"HDAC1","BCR-Dk","UBTF"
"HDAC1","BCAR1","UBTF"
"HDAC1","FERMT2","UBTF"
"HDAC1","TAB3","UBTF"
"HDAC1","GCSAM","UBTF"
"HDAC1","DDX58","UBTF"
"HDAC1","ROR2","UBTF"
"HDAC1","IFIH1","UBTF"
"HDAC1","DAB1","UBTF"
"HDAC1","CHUK","YWHAB"
"HDAC1","PTEN","YWHAB"
"HDAC1","MAPK8","YWHAB"
"HDAC1","MTOR","YWHAB"
"HDAC1","AKT1","YWHAB"
"HDAC1","PRKCD","YWHAB"
"HDAC1","RPS6KB1","YWHAB"
"HDAC1","EIF2AK2","YWHAB"
"HDAC1","MAML3","YWHAB"
"HDAC1","MAP3K14","YWHAB"
"HDAC1","MAP2K1","YWHAB"
"HDAC1","PPP1R2","YWHAB"
"HDAC1","CDK5","YWHAB"
"HDAC1","AHSA1","YWHAB"
"HDAC1","CD19","YWHAB"
"HDAC1","DVL2","YWHAB"
"HDAC1","MAP2K2","YWHAB"
"HDAC1","PTPN7","YWHAB"
"HDAC1","CDKN2A","YWHAB"
"HDAC1","MAP4K1","YWHAB"
"HDAC1","EPS15","YWHAB"
"HDAC1","SHC1","YWHAB"
"HDAC1","AXIN1","YWHAB"
"HDAC1","MAPKAPK5","YWHAB"
"HDAC1","EPHA2","YWHAB"
"HDAC1","BDKRB2","YWHAB"
"HDAC1","FLT4","YWHAB"
"HDAC1","PTK2B","YWHAB"
"HDAC1","SNW1","YWHAB"
"HDAC1","PRKCI","YWHAB"
"HDAC1","CTNND1","YWHAB"
"HDAC1","PIN1","YWHAB"
"HDAC1","PARD6A","YWHAB"
"HDAC1","CEP192","YWHAB"
"HDAC1","GRIP1","YWHAB"
"HDAC1","INPP5D","YWHAB"
"HDAC1","GAB2","YWHAB"
"HDAC1","NOTCH","YWHAB"
"HDAC1","NCOA1","YWHAB"
"HDAC1","FERMT2","YWHAB"
"HDAC1","ZMIZ1","YWHAB"
"HDAC1","TAB3","YWHAB"
"HDAC1","BCR-Dl","YWHAB"
"HDAC1","ROR2","YWHAB"
"HDAC1","DAB1","YWHAB"
"HDAC1","BCR-Mk","YWHAB"
"HDAC1","PLCG2","YWHAB"
"HDAC1","MAPK8","BDKRB2"
"HDAC1","PRKCD","BDKRB2"
"HDAC1","PTPRJ","BDKRB2"
"HDAC1","RPS6KB1","BDKRB2"
"HDAC1","MAML3","BDKRB2"
"HDAC1","MAP3K14","BDKRB2"
"HDAC1","PAK2","BDKRB2"
"HDAC1","CDK5","BDKRB2"
"HDAC1","AKT","BDKRB2"
"HDAC1","MAPK9","BDKRB2"
"HDAC1","PXN","BDKRB2"
"HDAC1","PRKD1","BDKRB2"
"HDAC1","ABL2","BDKRB2"
"HDAC1","FBXW7","BDKRB2"
"HDAC1","ITK","BDKRB2"
"HDAC1","AHSA1","BDKRB2"
"HDAC1","BTK","BDKRB2"
"HDAC1","STAT1","BDKRB2"
"HDAC1","HSP90AB1","BDKRB2"
"HDAC1","MAP2K2","BDKRB2"
"HDAC1","MAPK10","BDKRB2"
"HDAC1","DYRK1B","BDKRB2"
"HDAC1","PTPN7","BDKRB2"
"HDAC1","MAP4K1","BDKRB2"
"HDAC1","EPS15","BDKRB2"
"HDAC1","SHC1","BDKRB2"
"HDAC1","MAPK8IP3","BDKRB2"
"HDAC1","MAPKAPK5","BDKRB2"
"HDAC1","DUSP16","BDKRB2"
"HDAC1","EPHA2","BDKRB2"
"HDAC1","MAP3K8","BDKRB2"
"HDAC1","PTK2B","BDKRB2"
"HDAC1","CTNND1","BDKRB2"
"HDAC1","PIN1","BDKRB2"
"HDAC1","PTPRA","BDKRB2"
"HDAC1","EZH2","BDKRB2"
"HDAC1","BCR-Dk","BDKRB2"
"HDAC1","NCOA1","BDKRB2"
"HDAC1","ZMIZ1","BDKRB2"
"HDAC1","OPTN","BDKRB2"
"HDAC1","SPRY2","BDKRB2"
"HDAC1","BCR-Dl","BDKRB2"
"HDAC1","IFIH1","BDKRB2"
"HDAC1","SH2B3","BDKRB2"
"HDAC1","BCR-Mk","BDKRB2"
"HDAC1","PTEN","FLT4"
"HDAC1","MAPK1","FLT4"
"HDAC1","EIF2AK2","FLT4"
"HDAC1","PDPK1","FLT4"
"HDAC1","PAK2","FLT4"
"HDAC1","MAPK9","FLT4"
"HDAC1","WWTR1","FLT4"
"HDAC1","DAPK1","FLT4"
"HDAC1","AHSA1","FLT4"
"HDAC1","TNK2","FLT4"
"HDAC1","CD19","FLT4"
"HDAC1","STAT1","FLT4"
"HDAC1","MAPK10","FLT4"
"HDAC1","MEK1/2","FLT4"
"HDAC1","JAK1","FLT4"
"HDAC1","PTPN7","FLT4"
"HDAC1","SHC1","FLT4"
"HDAC1","MAPK8IP3","FLT4"
"HDAC1","AXIN1","FLT4"
"HDAC1","DUSP16","FLT4"
"HDAC1","MAP3K8","FLT4"
"HDAC1","BDKRB2","FLT4"
"HDAC1","BMX","FLT4"
"HDAC1","NEK6","FLT4"
"HDAC1","PIN1","FLT4"
"HDAC1","PARD6A","FLT4"
"HDAC1","ARRB2","FLT4"
"HDAC1","INPP5D","FLT4"
"HDAC1","BCR-Dk","FLT4"
"HDAC1","FERMT2","FLT4"
"HDAC1","TAB3","FLT4"
"HDAC1","GCSAM","FLT4"
"HDAC1","BCR-Dl","FLT4"
"HDAC1","BCR-Mk","FLT4"
"HDAC1","CHUK","CDC25C"
"HDAC1","AKT1","CDC25C"
"HDAC1","PTPRJ","CDC25C"
"HDAC1","EIF2AK2","CDC25C"
"HDAC1","PDPK1","CDC25C"
"HDAC1","MAP3K14","CDC25C"
"HDAC1","MAP2K1","CDC25C"
"HDAC1","PPP1R2","CDC25C"
"HDAC1","CDK5","CDC25C"
"HDAC1","AKT","CDC25C"
"HDAC1","WWTR1","CDC25C"
"HDAC1","PXN","CDC25C"
"HDAC1","PRKD1","CDC25C"
"HDAC1","ABL2","CDC25C"
"HDAC1","AHSA1","CDC25C"
"HDAC1","BTK","CDC25C"
"HDAC1","TNK2","CDC25C"
"HDAC1","HSP90AB1","CDC25C"
"HDAC1","DVL2","CDC25C"
"HDAC1","DYRK1B","CDC25C"
"HDAC1","PTPN7","CDC25C"
"HDAC1","MAP4K1","CDC25C"
"HDAC1","IKK-complex","CDC25C"
"HDAC1","MAPK8IP3","CDC25C"
"HDAC1","AXIN1","CDC25C"
"HDAC1","EPHA2","CDC25C"
"HDAC1","PTPRR","CDC25C"
"HDAC1","BDKRB2","CDC25C"
"HDAC1","CTNND1","CDC25C"
"HDAC1","PIN1","CDC25C"
"HDAC1","PARD6A","CDC25C"
"HDAC1","GAB1","CDC25C"
"HDAC1","GRIP1","CDC25C"
"HDAC1","ESR1","CDC25C"
"HDAC1","INPP5D","CDC25C"
"HDAC1","GAB2","CDC25C"
"HDAC1","BCR-Dk","CDC25C"
"HDAC1","BCR-Ml","CDC25C"
"HDAC1","TAB3","CDC25C"
"HDAC1","IFIH1","CDC25C"
"HDAC1","SRC","ASB2"
"HDAC1","RPS6KA2","ASB2"
"HDAC1","MAPK8","ASB2"
"HDAC1","AKT1","ASB2"
"HDAC1","MAPK1","ASB2"
"HDAC1","KRAS","ASB2"
"HDAC1","KIT","ASB2"
"HDAC1","MAML3","ASB2"
"HDAC1","TGFBR2","ASB2"
"HDAC1","PAK2","ASB2"
"HDAC1","AKT","ASB2"
"HDAC1","MAPK9","ASB2"
"HDAC1","PXN","ASB2"
"HDAC1","NCK1","ASB2"
"HDAC1","AHSA1","ASB2"
"HDAC1","BTK","ASB2"
"HDAC1","YAP1","ASB2"
"HDAC1","STAT1","ASB2"
"HDAC1","DVL2","ASB2"
"HDAC1","MEK1/2","ASB2"
"HDAC1","CDKN2A","ASB2"
"HDAC1","MAP4K1","ASB2"
"HDAC1","AXIN1","ASB2"
"HDAC1","MAPKAPK5","ASB2"
"HDAC1","DUSP16","ASB2"
"HDAC1","PTPRR","ASB2"
"HDAC1","PIN1","ASB2"
"HDAC1","GRIP1","ASB2"
"HDAC1","ARRB2","ASB2"
"HDAC1","GAB2","ASB2"
"HDAC1","EZH2","ASB2"
"HDAC1","BCR-Dk","ASB2"
"HDAC1","NCOA1","ASB2"
"HDAC1","FERMT2","ASB2"
"HDAC1","TAB3","ASB2"
"HDAC1","NPM1","ASB2"
"HDAC1","OPTN","ASB2"
"HDAC1","DDX58","ASB2"
"HDAC1","ROR2","ASB2"
"HDAC1","IFIH1","ASB2"
"HDAC1","SH2B3","ASB2"
"HDAC1","BCR-Mk","ASB2"
"HDAC1","PLCG2","ASB2"
"HDAC1","MTOR","BMX"
"HDAC1","AKT1","BMX"
"HDAC1","PTPN1","BMX"
"HDAC1","Gbeta","BMX"
"HDAC1","RPS6KB1","BMX"
"HDAC1","PDPK1","BMX"
"HDAC1","MAP2K1","BMX"
"HDAC1","GSK3B","BMX"
"HDAC1","TGFBR2","BMX"
"HDAC1","PPP1R2","BMX"
"HDAC1","CDK5","BMX"
"HDAC1","PXN","BMX"
"HDAC1","ABL2","BMX"
"HDAC1","FBXW7","BMX"
"HDAC1","ITK","BMX"
"HDAC1","NCK1","BMX"
"HDAC1","AHSA1","BMX"
"HDAC1","CD19","BMX"
"HDAC1","STAT1","BMX"
"HDAC1","JAK1","BMX"
"HDAC1","PTPN7","BMX"
"HDAC1","CDKN2A","BMX"
"HDAC1","EPS15","BMX"
"HDAC1","IKK-complex","BMX"
"HDAC1","MAPKAPK5","BMX"
"HDAC1","DUSP16","BMX"
"HDAC1","EPHA2","BMX"
"HDAC1","FLT4","BMX"
"HDAC1","NEK6","BMX"
"HDAC1","CTNND1","BMX"
"HDAC1","GAB1","BMX"
"HDAC1","PTPRA","BMX"
"HDAC1","ESR1","BMX"
"HDAC1","ARRB2","BMX"
"HDAC1","INPP5D","BMX"
"HDAC1","GAB2","BMX"
"HDAC1","EZH2","BMX"
"HDAC1","BCR-Dk","BMX"
"HDAC1","BCR-Ml","BMX"
"HDAC1","NOTCH","BMX"
"HDAC1","FERMT2","BMX"
"HDAC1","ZMIZ1","BMX"
"HDAC1","ROR2","BMX"
"HDAC1","IFIH1","BMX"
"HDAC1","DAB1","BMX"
"HDAC1","SRC","SMAD7"
"HDAC1","RPS6KA2","SMAD7"
"HDAC1","MTOR","SMAD7"
"HDAC1","AKT1","SMAD7"
"HDAC1","PRKCD","SMAD7"
"HDAC1","MAPK1","SMAD7"
"HDAC1","Gbeta","SMAD7"
"HDAC1","KIT","SMAD7"
"HDAC1","RPS6KB1","SMAD7"
"HDAC1","MAP2K1","SMAD7"
"HDAC1","MAPK9","SMAD7"
"HDAC1","PRKD1","SMAD7"
"HDAC1","FBXW7","SMAD7"
"HDAC1","AHSA1","SMAD7"
"HDAC1","STAT1","SMAD7"
"HDAC1","HSP90AB1","SMAD7"
"HDAC1","DVL2","SMAD7"
"HDAC1","MAP2K2","SMAD7"
"HDAC1","MAPK10","SMAD7"
"HDAC1","DYRK1B","SMAD7"
"HDAC1","JAK1","SMAD7"
"HDAC1","CDKN2A","SMAD7"
"HDAC1","MAP4K1","SMAD7"
"HDAC1","EPS15","SMAD7"
"HDAC1","SHC1","SMAD7"
"HDAC1","AXIN1","SMAD7"
"HDAC1","EPHA2","SMAD7"
"HDAC1","MAP3K8","SMAD7"
"HDAC1","PTPRR","SMAD7"
"HDAC1","BDKRB2","SMAD7"
"HDAC1","BMX","SMAD7"
"HDAC1","SNW1","SMAD7"
"HDAC1","NEK6","SMAD7"
"HDAC1","PRKCI","SMAD7"
"HDAC1","PARD6A","SMAD7"
"HDAC1","CEP192","SMAD7"
"HDAC1","ESR1","SMAD7"
"HDAC1","ARRB2","SMAD7"
"HDAC1","INPP5D","SMAD7"
"HDAC1","EZH2","SMAD7"
"HDAC1","FERMT2","SMAD7"
"HDAC1","ZMIZ1","SMAD7"
"HDAC1","GCSAM","SMAD7"
"HDAC1","SPRY2","SMAD7"
"HDAC1","BCR-Dl","SMAD7"
"HDAC1","SH2B3","SMAD7"
"HDAC1","PLCG2","SMAD7"
"HDAC1","SRC","CTTN"
"HDAC1","RPS6KA2","CTTN"
"HDAC1","PTEN","CTTN"
"HDAC1","MTOR","CTTN"
"HDAC1","KRAS","CTTN"
"HDAC1","PTPRJ","CTTN"
"HDAC1","EIF2AK2","CTTN"
"HDAC1","PDPK1","CTTN"
"HDAC1","AKT","CTTN"
"HDAC1","MAPK9","CTTN"
"HDAC1","WWTR1","CTTN"
"HDAC1","RACK1","CTTN"
"HDAC1","DAPK1","CTTN"
"HDAC1","FBXW7","CTTN"
"HDAC1","ITK","CTTN"
"HDAC1","NCK1","CTTN"
"HDAC1","BTK","CTTN"
"HDAC1","YAP1","CTTN"
"HDAC1","CD19","CTTN"
"HDAC1","STAT1","CTTN"
"HDAC1","HSP90AB1","CTTN"
"HDAC1","DVL2","CTTN"
"HDAC1","MAP2K2","CTTN"
"HDAC1","MAPK10","CTTN"
"HDAC1","DYRK1B","CTTN"
"HDAC1","MEK1/2","CTTN"
"HDAC1","CDKN2A","CTTN"
"HDAC1","MAP4K1","CTTN"
"HDAC1","AXIN1","CTTN"
"HDAC1","DUSP16","CTTN"
"HDAC1","BDKRB2","CTTN"
"HDAC1","FLT4","CTTN"
"HDAC1","BMX","CTTN"
"HDAC1","SNW1","CTTN"
"HDAC1","NEK6","CTTN"
"HDAC1","PRKCI","CTTN"
"HDAC1","CTNND1","CTTN"
"HDAC1","PARD6A","CTTN"
"HDAC1","GAB1","CTTN"
"HDAC1","GRIP1","CTTN"
"HDAC1","ESR1","CTTN"
"HDAC1","ARRB2","CTTN"
"HDAC1","INPP5D","CTTN"
"HDAC1","GAB2","CTTN"
"HDAC1","EZH2","CTTN"
"HDAC1","BCR-Dk","CTTN"
"HDAC1","NOTCH","CTTN"
"HDAC1","TAB3","CTTN"
"HDAC1","NPM1","CTTN"
"HDAC1","SPRY2","CTTN"
"HDAC1","BCR-Dl","CTTN"
"HDAC1","IFIH1","CTTN"
"HDAC1","DAB1","CTTN"
"HDAC1","CHUK","SMAD2"
"HDAC1","SRC","SMAD2"
"HDAC1","RPS6KA2","SMAD2"
"HDAC1","MTOR","SMAD2"
"HDAC1","MAPK1","SMAD2"
"HDAC1","PTPN1","SMAD2"
"HDAC1","KRAS","SMAD2"
"HDAC1","KIT","SMAD2"
"HDAC1","RPS6KB1","SMAD2"
"HDAC1","EIF2AK2","SMAD2"
"HDAC1","PDPK1","SMAD2"
"HDAC1","MAML3","SMAD2"
"HDAC1","MAP3K14","SMAD2"
"HDAC1","MAP2K1","SMAD2"
"HDAC1","GSK3B","SMAD2"
"HDAC1","PAK2","SMAD2"
"HDAC1","PPP1R2","SMAD2"
"HDAC1","CDK5","SMAD2"
"HDAC1","MAPK9","SMAD2"
"HDAC1","RACK1","SMAD2"
"HDAC1","DAPK1","SMAD2"
"HDAC1","PXN","SMAD2"
"HDAC1","PRKD1","SMAD2"
"HDAC1","ABL2","SMAD2"
"HDAC1","AHSA1","SMAD2"
"HDAC1","BTK","SMAD2"
"HDAC1","TNK2","SMAD2"
"HDAC1","CD19","SMAD2"
"HDAC1","STAT1","SMAD2"
"HDAC1","HSP90AB1","SMAD2"
"HDAC1","MAPK10","SMAD2"
"HDAC1","AXIN1","SMAD2"
"HDAC1","MAPKAPK5","SMAD2"
"HDAC1","EPHA2","SMAD2"
"HDAC1","MAP3K8","SMAD2"
"HDAC1","PTPRR","SMAD2"
"HDAC1","SNW1","SMAD2"
"HDAC1","NEK6","SMAD2"
"HDAC1","CEP192","SMAD2"
"HDAC1","PTPRA","SMAD2"
"HDAC1","GRIP1","SMAD2"
"HDAC1","ESR1","SMAD2"
"HDAC1","GAB2","SMAD2"
"HDAC1","NOTCH","SMAD2"
"HDAC1","NCOA1","SMAD2"
"HDAC1","NPM1","SMAD2"
"HDAC1","OPTN","SMAD2"
"HDAC1","SPRY2","SMAD2"
"HDAC1","BCR-Dl","SMAD2"
"HDAC1","DDX58","SMAD2"
"HDAC1","IFIH1","SMAD2"
"HDAC1","SRC","FBXO32"
"HDAC1","RPS6KA2","FBXO32"
"HDAC1","PTEN","FBXO32"
"HDAC1","MAPK8","FBXO32"
"HDAC1","MTOR","FBXO32"
"HDAC1","PRKCD","FBXO32"
"HDAC1","Gbeta","FBXO32"
"HDAC1","KRAS","FBXO32"
"HDAC1","RPS6KB1","FBXO32"
"HDAC1","PDPK1","FBXO32"
"HDAC1","MAML3","FBXO32"
"HDAC1","MAP2K1","FBXO32"
"HDAC1","GSK3B","FBXO32"
"HDAC1","TGFBR2","FBXO32"
"HDAC1","PAK2","FBXO32"
"HDAC1","PPP1R2","FBXO32"
"HDAC1","CDK5","FBXO32"
"HDAC1","DAPK1","FBXO32"
"HDAC1","PRKD1","FBXO32"
"HDAC1","ITK","FBXO32"
"HDAC1","NCK1","FBXO32"
"HDAC1","AHSA1","FBXO32"
"HDAC1","BTK","FBXO32"
"HDAC1","TNK2","FBXO32"
"HDAC1","YAP1","FBXO32"
"HDAC1","CD19","FBXO32"
"HDAC1","STAT1","FBXO32"
"HDAC1","HSP90AB1","FBXO32"
"HDAC1","DVL2","FBXO32"
"HDAC1","MAP2K2","FBXO32"
"HDAC1","MAPK10","FBXO32"
"HDAC1","DYRK1B","FBXO32"
"HDAC1","JAK1","FBXO32"
"HDAC1","PTPN7","FBXO32"
"HDAC1","MAP4K1","FBXO32"
"HDAC1","IKK-complex","FBXO32"
"HDAC1","SHC1","FBXO32"
"HDAC1","AXIN1","FBXO32"
"HDAC1","PTPRR","FBXO32"
"HDAC1","BDKRB2","FBXO32"
"HDAC1","FLT4","FBXO32"
"HDAC1","SNW1","FBXO32"
"HDAC1","NEK6","FBXO32"
"HDAC1","PRKCI","FBXO32"
"HDAC1","CTNND1","FBXO32"
"HDAC1","PIN1","FBXO32"
"HDAC1","CEP192","FBXO32"
"HDAC1","PTPRA","FBXO32"
"HDAC1","ESR1","FBXO32"
"HDAC1","ARRB2","FBXO32"
"HDAC1","INPP5D","FBXO32"
"HDAC1","GAB2","FBXO32"
"HDAC1","EZH2","FBXO32"
"HDAC1","BCR-Dk","FBXO32"
"HDAC1","BCAR1","FBXO32"
"HDAC1","BCR-Ml","FBXO32"
"HDAC1","NOTCH","FBXO32"
"HDAC1","NCOA1","FBXO32"
"HDAC1","ZMIZ1","FBXO32"
"HDAC1","NPM1","FBXO32"
"HDAC1","GCSAM","FBXO32"
"HDAC1","OPTN","FBXO32"
"HDAC1","SPRY2","FBXO32"
"HDAC1","ROR2","FBXO32"
"HDAC1","BCR-Mk","FBXO32"
"HDAC1","CHUK","CDC25B"
"HDAC1","PTPRJ","CDC25B"
"HDAC1","MAML3","CDC25B"
"HDAC1","MAP2K1","CDC25B"
"HDAC1","GSK3B","CDC25B"
"HDAC1","PAK2","CDC25B"
"HDAC1","CDK5","CDC25B"
"HDAC1","WWTR1","CDC25B"
"HDAC1","RACK1","CDC25B"
"HDAC1","FBXW7","CDC25B"
"HDAC1","ITK","CDC25B"
"HDAC1","BTK","CDC25B"
"HDAC1","CD19","CDC25B"
"HDAC1","STAT1","CDC25B"
"HDAC1","DVL2","CDC25B"
"HDAC1","PTPN7","CDC25B"
"HDAC1","EPS15","CDC25B"
"HDAC1","SHC1","CDC25B"
"HDAC1","EPHA2","CDC25B"
"HDAC1","BDKRB2","CDC25B"
"HDAC1","FLT4","CDC25B"
"HDAC1","BMX","CDC25B"
"HDAC1","PARD6A","CDC25B"
"HDAC1","CEP192","CDC25B"
"HDAC1","PTPRA","CDC25B"
"HDAC1","ARRB2","CDC25B"
"HDAC1","INPP5D","CDC25B"
"HDAC1","GAB2","CDC25B"
"HDAC1","EZH2","CDC25B"
"HDAC1","BCR-Ml","CDC25B"
"HDAC1","ZMIZ1","CDC25B"
"HDAC1","NPM1","CDC25B"
"HDAC1","GCSAM","CDC25B"
"HDAC1","OPTN","CDC25B"
"HDAC1","SPRY2","CDC25B"
"HDAC1","DDX58","CDC25B"
"HDAC1","ROR2","CDC25B"
"HDAC1","IFIH1","CDC25B"
"HDAC1","MTOR","ETS1"
"HDAC1","AKT1","ETS1"
"HDAC1","PRKCD","ETS1"
"HDAC1","Gbeta","ETS1"
"HDAC1","KRAS","ETS1"
"HDAC1","EIF2AK2","ETS1"
"HDAC1","MAML3","ETS1"
"HDAC1","MAP3K14","ETS1"
"HDAC1","MAP2K1","ETS1"
"HDAC1","GSK3B","ETS1"
"HDAC1","PAK2","ETS1"
"HDAC1","CDK5","ETS1"
"HDAC1","ABL2","ETS1"
"HDAC1","FBXW7","ETS1"
"HDAC1","AHSA1","ETS1"
"HDAC1","BTK","ETS1"
"HDAC1","STAT1","ETS1"
"HDAC1","DYRK1B","ETS1"
"HDAC1","MEK1/2","ETS1"
"HDAC1","IKK-complex","ETS1"
"HDAC1","SHC1","ETS1"
"HDAC1","MAPK8IP3","ETS1"
"HDAC1","AXIN1","ETS1"
"HDAC1","EPHA2","ETS1"
"HDAC1","MAP3K8","ETS1"
"HDAC1","PTPRR","ETS1"
"HDAC1","BDKRB2","ETS1"
"HDAC1","FLT4","ETS1"
"HDAC1","BMX","ETS1"
"HDAC1","PTK2B","ETS1"
"HDAC1","PRKCI","ETS1"
"HDAC1","CTNND1","ETS1"
"HDAC1","PARD6A","ETS1"
"HDAC1","CEP192","ETS1"
"HDAC1","GAB1","ETS1"
"HDAC1","PTPRA","ETS1"
"HDAC1","GRIP1","ETS1"
"HDAC1","ESR1","ETS1"
"HDAC1","ARRB2","ETS1"
"HDAC1","INPP5D","ETS1"
"HDAC1","GAB2","ETS1"
"HDAC1","BCR-Dk","ETS1"
"HDAC1","BCAR1","ETS1"
"HDAC1","BCR-Ml","ETS1"
"HDAC1","NCOA1","ETS1"
"HDAC1","ZMIZ1","ETS1"
"HDAC1","NPM1","ETS1"
"HDAC1","BCR-Dl","ETS1"
"HDAC1","DDX58","ETS1"
"HDAC1","IFIH1","ETS1"
"HDAC1","SH2B3","ETS1"
"HDAC1","DAB1","ETS1"
"HDAC1","BCR-Mk","ETS1"
"HDAC1","PLCG2","ETS1"
"HDAC1","MTOR","PTK2B"
"HDAC1","AKT1","PTK2B"
"HDAC1","PTPN1","PTK2B"
"HDAC1","KRAS","PTK2B"
"HDAC1","KIT","PTK2B"
"HDAC1","RPS6KB1","PTK2B"
"HDAC1","PDPK1","PTK2B"
"HDAC1","MAML3","PTK2B"
"HDAC1","AKT","PTK2B"
"HDAC1","MAPK9","PTK2B"
"HDAC1","PXN","PTK2B"
"HDAC1","FBXW7","PTK2B"
"HDAC1","NCK1","PTK2B"
"HDAC1","AHSA1","PTK2B"
"HDAC1","TNK2","PTK2B"
"HDAC1","YAP1","PTK2B"
"HDAC1","CD19","PTK2B"
"HDAC1","STAT1","PTK2B"
"HDAC1","HSP90AB1","PTK2B"
"HDAC1","DVL2","PTK2B"
"HDAC1","MAP2K2","PTK2B"
"HDAC1","MEK1/2","PTK2B"
"HDAC1","JAK1","PTK2B"
"HDAC1","PTPN7","PTK2B"
"HDAC1","CDKN2A","PTK2B"
"HDAC1","MAP4K1","PTK2B"
"HDAC1","EPS15","PTK2B"
"HDAC1","IKK-complex","PTK2B"
"HDAC1","MAPK8IP3","PTK2B"
"HDAC1","AXIN1","PTK2B"
"HDAC1","MAPKAPK5","PTK2B"
"HDAC1","DUSP16","PTK2B"
"HDAC1","EPHA2","PTK2B"
"HDAC1","MAP3K8","PTK2B"
"HDAC1","PTPRR","PTK2B"
"HDAC1","FLT4","PTK2B"
"HDAC1","SNW1","PTK2B"
"HDAC1","PIN1","PTK2B"
"HDAC1","CEP192","PTK2B"
"HDAC1","PTPRA","PTK2B"
"HDAC1","ARRB2","PTK2B"
"HDAC1","INPP5D","PTK2B"
"HDAC1","GAB2","PTK2B"
"HDAC1","EZH2","PTK2B"
"HDAC1","BCR-Dk","PTK2B"
"HDAC1","BCAR1","PTK2B"
"HDAC1","NOTCH","PTK2B"
"HDAC1","NCOA1","PTK2B"
"HDAC1","TAB3","PTK2B"
"HDAC1","NPM1","PTK2B"
"HDAC1","GCSAM","PTK2B"
"HDAC1","OPTN","PTK2B"
"HDAC1","SPRY2","PTK2B"
"HDAC1","BCR-Dl","PTK2B"
"HDAC1","ROR2","PTK2B"
"HDAC1","IFIH1","PTK2B"
"HDAC1","SH2B3","PTK2B"
"HDAC1","DAB1","PTK2B"
"HDAC1","PLCG2","PTK2B"
"HDAC1","PTEN","SNW1"
"HDAC1","MAPK8","SNW1"
"HDAC1","MTOR","SNW1"
"HDAC1","AKT1","SNW1"
"HDAC1","PRKCD","SNW1"
"HDAC1","MAPK1","SNW1"
"HDAC1","RPS6KB1","SNW1"
"HDAC1","EIF2AK2","SNW1"
"HDAC1","PDPK1","SNW1"
"HDAC1","MAML3","SNW1"
"HDAC1","PPP1R2","SNW1"
"HDAC1","AKT","SNW1"
"HDAC1","MAPK9","SNW1"
"HDAC1","FBXW7","SNW1"
"HDAC1","ITK","SNW1"
"HDAC1","BTK","SNW1"
"HDAC1","TNK2","SNW1"
"HDAC1","CD19","SNW1"
"HDAC1","HSP90AB1","SNW1"
"HDAC1","DVL2","SNW1"
"HDAC1","DYRK1B","SNW1"
"HDAC1","MEK1/2","SNW1"
"HDAC1","JAK1","SNW1"
"HDAC1","EPS15","SNW1"
"HDAC1","MAPKAPK5","SNW1"
"HDAC1","DUSP16","SNW1"
"HDAC1","PTPRR","SNW1"
"HDAC1","FLT4","SNW1"
"HDAC1","PARD6A","SNW1"
"HDAC1","GAB1","SNW1"
"HDAC1","GRIP1","SNW1"
"HDAC1","ARRB2","SNW1"
"HDAC1","NCOA1","SNW1"
"HDAC1","TAB3","SNW1"
"HDAC1","GCSAM","SNW1"
"HDAC1","SPRY2","SNW1"
"HDAC1","ROR2","SNW1"
"HDAC1","SH2B3","SNW1"
"HDAC1","DAB1","SNW1"
"HDAC1","CHUK","NEK6"
"HDAC1","MAPK8","NEK6"
"HDAC1","PRKCD","NEK6"
"HDAC1","PTPN1","NEK6"
"HDAC1","Gbeta","NEK6"
"HDAC1","EIF2AK2","NEK6"
"HDAC1","PDPK1","NEK6"
"HDAC1","MAP3K14","NEK6"
"HDAC1","GSK3B","NEK6"
"HDAC1","TGFBR2","NEK6"
"HDAC1","PPP1R2","NEK6"
"HDAC1","MAPK9","NEK6"
"HDAC1","WWTR1","NEK6"
"HDAC1","DAPK1","NEK6"
"HDAC1","PXN","NEK6"
"HDAC1","ABL2","NEK6"
"HDAC1","FBXW7","NEK6"
"HDAC1","BTK","NEK6"
"HDAC1","TNK2","NEK6"
"HDAC1","STAT1","NEK6"
"HDAC1","DYRK1B","NEK6"
"HDAC1","PTPN7","NEK6"
"HDAC1","CDKN2A","NEK6"
"HDAC1","EPS15","NEK6"
"HDAC1","SHC1","NEK6"
"HDAC1","MAPK8IP3","NEK6"
"HDAC1","PTPRR","NEK6"
"HDAC1","FLT4","NEK6"
"HDAC1","BMX","NEK6"
"HDAC1","PRKCI","NEK6"
"HDAC1","PTPRA","NEK6"
"HDAC1","INPP5D","NEK6"
"HDAC1","GAB2","NEK6"
"HDAC1","BCR-Ml","NEK6"
"HDAC1","ZMIZ1","NEK6"
"HDAC1","GCSAM","NEK6"
"HDAC1","OPTN","NEK6"
"HDAC1","DDX58","NEK6"
"HDAC1","ROR2","NEK6"
"HDAC1","IFIH1","NEK6"
"HDAC1","SH2B3","NEK6"
"HDAC1","PLCG2","NEK6"
"HDAC1","CHUK","BIRC5"
"HDAC1","SRC","BIRC5"
"HDAC1","RPS6KA2","BIRC5"
"HDAC1","MAPK8","BIRC5"
"HDAC1","AKT1","BIRC5"
"HDAC1","PRKCD","BIRC5"
"HDAC1","PTPN1","BIRC5"
"HDAC1","Gbeta","BIRC5"
"HDAC1","KRAS","BIRC5"
"HDAC1","KIT","BIRC5"
"HDAC1","PTPRJ","BIRC5"
"HDAC1","RPS6KB1","BIRC5"
"HDAC1","EIF2AK2","BIRC5"
"HDAC1","PDPK1","BIRC5"
"HDAC1","MAP2K1","BIRC5"
"HDAC1","AKT","BIRC5"
"HDAC1","PXN","BIRC5"
"HDAC1","PRKD1","BIRC5"
"HDAC1","FBXW7","BIRC5"
"HDAC1","NCK1","BIRC5"
"HDAC1","HSP90AB1","BIRC5"
"HDAC1","DVL2","BIRC5"
"HDAC1","MAPK8IP3","BIRC5"
"HDAC1","AXIN1","BIRC5"
"HDAC1","MAPKAPK5","BIRC5"
"HDAC1","DUSP16","BIRC5"
"HDAC1","EPHA2","BIRC5"
"HDAC1","FLT4","BIRC5"
"HDAC1","BMX","BIRC5"
"HDAC1","SNW1","BIRC5"
"HDAC1","CTNND1","BIRC5"
"HDAC1","ESR1","BIRC5"
"HDAC1","ARRB2","BIRC5"
"HDAC1","TAB3","BIRC5"
"HDAC1","NPM1","BIRC5"
"HDAC1","OPTN","BIRC5"
"HDAC1","SPRY2","BIRC5"
"HDAC1","BCR-Mk","BIRC5"
"HDAC1","PLCG2","BIRC5"
"HDAC1","CHUK","BCL2"
"HDAC1","SRC","BCL2"
"HDAC1","PTPN1","BCL2"
"HDAC1","KRAS","BCL2"
"HDAC1","PTPRJ","BCL2"
"HDAC1","RPS6KB1","BCL2"
"HDAC1","EIF2AK2","BCL2"
"HDAC1","PDPK1","BCL2"
"HDAC1","MAML3","BCL2"
"HDAC1","MAP2K1","BCL2"
"HDAC1","PAK2","BCL2"
"HDAC1","PPP1R2","BCL2"
"HDAC1","RACK1","BCL2"
"HDAC1","DAPK1","BCL2"
"HDAC1","ABL2","BCL2"
"HDAC1","AHSA1","BCL2"
"HDAC1","CD19","BCL2"
"HDAC1","STAT1","BCL2"
"HDAC1","DVL2","BCL2"
"HDAC1","MAP2K2","BCL2"
"HDAC1","CDKN2A","BCL2"
"HDAC1","IKK-complex","BCL2"
"HDAC1","SHC1","BCL2"
"HDAC1","AXIN1","BCL2"
"HDAC1","MAPKAPK5","BCL2"
"HDAC1","BDKRB2","BCL2"
"HDAC1","FLT4","BCL2"
"HDAC1","PTK2B","BCL2"
"HDAC1","PARD6A","BCL2"
"HDAC1","CEP192","BCL2"
"HDAC1","GAB1","BCL2"
"HDAC1","PTPRA","BCL2"
"HDAC1","ESR1","BCL2"
"HDAC1","ARRB2","BCL2"
"HDAC1","INPP5D","BCL2"
"HDAC1","GAB2","BCL2"
"HDAC1","EZH2","BCL2"
"HDAC1","BCAR1","BCL2"
"HDAC1","BCR-Ml","BCL2"
"HDAC1","TAB3","BCL2"
"HDAC1","GCSAM","BCL2"
"HDAC1","SPRY2","BCL2"
"HDAC1","BCR-Dl","BCL2"
"HDAC1","DDX58","BCL2"
"HDAC1","ROR2","BCL2"
"HDAC1","IFIH1","BCL2"
"HDAC1","CHUK","CELF1"
"HDAC1","RPS6KA2","CELF1"
"HDAC1","MAPK8","CELF1"
"HDAC1","MTOR","CELF1"
"HDAC1","AKT1","CELF1"
"HDAC1","PRKCD","CELF1"
"HDAC1","MAPK1","CELF1"
"HDAC1","Gbeta","CELF1"
"HDAC1","PTPRJ","CELF1"
"HDAC1","RPS6KB1","CELF1"
"HDAC1","GSK3B","CELF1"
"HDAC1","TGFBR2","CELF1"
"HDAC1","PAK2","CELF1"
"HDAC1","AKT","CELF1"
"HDAC1","MAPK9","CELF1"
"HDAC1","PXN","CELF1"
"HDAC1","FBXW7","CELF1"
"HDAC1","AHSA1","CELF1"
"HDAC1","BTK","CELF1"
"HDAC1","YAP1","CELF1"
"HDAC1","STAT1","CELF1"
"HDAC1","HSP90AB1","CELF1"
"HDAC1","MAP2K2","CELF1"
"HDAC1","MAPK10","CELF1"
"HDAC1","DYRK1B","CELF1"
"HDAC1","MEK1/2","CELF1"
"HDAC1","CDKN2A","CELF1"
"HDAC1","EPS15","CELF1"
"HDAC1","IKK-complex","CELF1"
"HDAC1","MAPKAPK5","CELF1"
"HDAC1","DUSP16","CELF1"
"HDAC1","EPHA2","CELF1"
"HDAC1","PTPRR","CELF1"
"HDAC1","BDKRB2","CELF1"
"HDAC1","FLT4","CELF1"
"HDAC1","PRKCI","CELF1"
"HDAC1","CTNND1","CELF1"
"HDAC1","PIN1","CELF1"
"HDAC1","PARD6A","CELF1"
"HDAC1","CEP192","CELF1"
"HDAC1","GAB1","CELF1"
"HDAC1","GAB2","CELF1"
"HDAC1","EZH2","CELF1"
"HDAC1","BCAR1","CELF1"
"HDAC1","NOTCH","CELF1"
"HDAC1","FERMT2","CELF1"
"HDAC1","GCSAM","CELF1"
"HDAC1","OPTN","CELF1"
"HDAC1","SPRY2","CELF1"
"HDAC1","BCR-Dl","CELF1"
"HDAC1","DDX58","CELF1"
"HDAC1","ROR2","CELF1"
"HDAC1","IFIH1","CELF1"
"HDAC1","SH2B3","CELF1"
"HDAC1","DAB1","CELF1"
"HDAC1","BCR-Mk","CELF1"
"HDAC1","RPS6KA2","PRKCI"
"HDAC1","MAPK8","PRKCI"
"HDAC1","AKT1","PRKCI"
"HDAC1","MAPK1","PRKCI"
"HDAC1","KRAS","PRKCI"
"HDAC1","KIT","PRKCI"
"HDAC1","RPS6KB1","PRKCI"
"HDAC1","EIF2AK2","PRKCI"
"HDAC1","PDPK1","PRKCI"
"HDAC1","MAP3K14","PRKCI"
"HDAC1","GSK3B","PRKCI"
"HDAC1","TGFBR2","PRKCI"
"HDAC1","PAK2","PRKCI"
"HDAC1","PPP1R2","PRKCI"
"HDAC1","MAPK9","PRKCI"
"HDAC1","DAPK1","PRKCI"
"HDAC1","PXN","PRKCI"
"HDAC1","ABL2","PRKCI"
"HDAC1","AHSA1","PRKCI"
"HDAC1","STAT1","PRKCI"
"HDAC1","HSP90AB1","PRKCI"
"HDAC1","MAP2K2","PRKCI"
"HDAC1","DYRK1B","PRKCI"
"HDAC1","MEK1/2","PRKCI"
"HDAC1","JAK1","PRKCI"
"HDAC1","PTPN7","PRKCI"
"HDAC1","CDKN2A","PRKCI"
"HDAC1","MAP4K1","PRKCI"
"HDAC1","EPS15","PRKCI"
"HDAC1","SHC1","PRKCI"
"HDAC1","MAPK8IP3","PRKCI"
"HDAC1","AXIN1","PRKCI"
"HDAC1","MAPKAPK5","PRKCI"
"HDAC1","DUSP16","PRKCI"
"HDAC1","MAP3K8","PRKCI"
"HDAC1","PTPRR","PRKCI"
"HDAC1","BDKRB2","PRKCI"
"HDAC1","FLT4","PRKCI"
"HDAC1","NEK6","PRKCI"
"HDAC1","PIN1","PRKCI"
"HDAC1","GAB1","PRKCI"
"HDAC1","PTPRA","PRKCI"
"HDAC1","GRIP1","PRKCI"
"HDAC1","ARRB2","PRKCI"
"HDAC1","INPP5D","PRKCI"
"HDAC1","GAB2","PRKCI"
"HDAC1","EZH2","PRKCI"
"HDAC1","BCR-Dk","PRKCI"
"HDAC1","BCAR1","PRKCI"
"HDAC1","NOTCH","PRKCI"
"HDAC1","FERMT2","PRKCI"
"HDAC1","ZMIZ1","PRKCI"
"HDAC1","TAB3","PRKCI"
"HDAC1","NPM1","PRKCI"
"HDAC1","GCSAM","PRKCI"
"HDAC1","BCR-Dl","PRKCI"
"HDAC1","ROR2","PRKCI"
"HDAC1","IFIH1","PRKCI"
"HDAC1","SH2B3","PRKCI"
"HDAC1","BCR-Mk","PRKCI"
"HDAC1","AKT1","KLF16"
"HDAC1","PRKCD","KLF16"
"HDAC1","PTPN1","KLF16"
"HDAC1","Gbeta","KLF16"
"HDAC1","KRAS","KLF16"
"HDAC1","RPS6KB1","KLF16"
"HDAC1","EIF2AK2","KLF16"
"HDAC1","PDPK1","KLF16"
"HDAC1","MAP2K1","KLF16"
"HDAC1","GSK3B","KLF16"
"HDAC1","TGFBR2","KLF16"
"HDAC1","PPP1R2","KLF16"
"HDAC1","CDK5","KLF16"
"HDAC1","AKT","KLF16"
"HDAC1","MAPK9","KLF16"
"HDAC1","WWTR1","KLF16"
"HDAC1","RACK1","KLF16"
"HDAC1","DAPK1","KLF16"
"HDAC1","PXN","KLF16"
"HDAC1","PRKD1","KLF16"
"HDAC1","ABL2","KLF16"
"HDAC1","ITK","KLF16"
"HDAC1","NCK1","KLF16"
"HDAC1","AHSA1","KLF16"
"HDAC1","BTK","KLF16"
"HDAC1","TNK2","KLF16"
"HDAC1","YAP1","KLF16"
"HDAC1","CD19","KLF16"
"HDAC1","STAT1","KLF16"
"HDAC1","MAP2K2","KLF16"
"HDAC1","MAPK10","KLF16"
"HDAC1","DYRK1B","KLF16"
"HDAC1","MEK1/2","KLF16"
"HDAC1","JAK1","KLF16"
"HDAC1","PTPN7","KLF16"
"HDAC1","CDKN2A","KLF16"
"HDAC1","MAP4K1","KLF16"
"HDAC1","EPS15","KLF16"
"HDAC1","MAPK8IP3","KLF16"
"HDAC1","AXIN1","KLF16"
"HDAC1","DUSP16","KLF16"
"HDAC1","EPHA2","KLF16"
"HDAC1","MAP3K8","KLF16"
"HDAC1","PTPRR","KLF16"
"HDAC1","BDKRB2","KLF16"
"HDAC1","PTK2B","KLF16"
"HDAC1","SNW1","KLF16"
"HDAC1","NEK6","KLF16"
"HDAC1","PRKCI","KLF16"
"HDAC1","PIN1","KLF16"
"HDAC1","PARD6A","KLF16"
"HDAC1","CEP192","KLF16"
"HDAC1","GAB1","KLF16"
"HDAC1","PTPRA","KLF16"
"HDAC1","ESR1","KLF16"
"HDAC1","GAB2","KLF16"
"HDAC1","EZH2","KLF16"
"HDAC1","BCR-Dk","KLF16"
"HDAC1","BCAR1","KLF16"
"HDAC1","BCR-Ml","KLF16"
"HDAC1","NCOA1","KLF16"
"HDAC1","FERMT2","KLF16"
"HDAC1","ZMIZ1","KLF16"
"HDAC1","TAB3","KLF16"
"HDAC1","OPTN","KLF16"
"HDAC1","DDX58","KLF16"
"HDAC1","DAB1","KLF16"
"HDAC1","BCR-Mk","KLF16"
"HDAC1","PLCG2","KLF16"
"HDAC1","CHUK","CTNND1"
"HDAC1","RPS6KA2","CTNND1"
"HDAC1","MTOR","CTNND1"
"HDAC1","PTPN1","CTNND1"
"HDAC1","Gbeta","CTNND1"
"HDAC1","KRAS","CTNND1"
"HDAC1","PDPK1","CTNND1"
"HDAC1","MAML3","CTNND1"
"HDAC1","MAP3K14","CTNND1"
"HDAC1","GSK3B","CTNND1"
"HDAC1","TGFBR2","CTNND1"
"HDAC1","PAK2","CTNND1"
"HDAC1","PXN","CTNND1"
"HDAC1","PRKD1","CTNND1"
"HDAC1","ABL2","CTNND1"
"HDAC1","FBXW7","CTNND1"
"HDAC1","ITK","CTNND1"
"HDAC1","AHSA1","CTNND1"
"HDAC1","BTK","CTNND1"
"HDAC1","TNK2","CTNND1"
"HDAC1","STAT1","CTNND1"
"HDAC1","HSP90AB1","CTNND1"
"HDAC1","DYRK1B","CTNND1"
"HDAC1","MEK1/2","CTNND1"
"HDAC1","MAP4K1","CTNND1"
"HDAC1","MAPK8IP3","CTNND1"
"HDAC1","AXIN1","CTNND1"
"HDAC1","MAPKAPK5","CTNND1"
"HDAC1","DUSP16","CTNND1"
"HDAC1","MAP3K8","CTNND1"
"HDAC1","BMX","CTNND1"
"HDAC1","PRKCI","CTNND1"
"HDAC1","PARD6A","CTNND1"
"HDAC1","CEP192","CTNND1"
"HDAC1","ESR1","CTNND1"
"HDAC1","ARRB2","CTNND1"
"HDAC1","GAB2","CTNND1"
"HDAC1","EZH2","CTNND1"
"HDAC1","NCOA1","CTNND1"
"HDAC1","TAB3","CTNND1"
"HDAC1","NPM1","CTNND1"
"HDAC1","OPTN","CTNND1"
"HDAC1","SPRY2","CTNND1"
"HDAC1","BCR-Dl","CTNND1"
"HDAC1","IFIH1","CTNND1"
"HDAC1","BCR-Mk","CTNND1"
"HDAC1","PRKCD","AMBRA1"
"HDAC1","Gbeta","AMBRA1"
"HDAC1","KRAS","AMBRA1"
"HDAC1","KIT","AMBRA1"
"HDAC1","EIF2AK2","AMBRA1"
"HDAC1","PAK2","AMBRA1"
"HDAC1","PPP1R2","AMBRA1"
"HDAC1","CDK5","AMBRA1"
"HDAC1","AKT","AMBRA1"
"HDAC1","MAPK9","AMBRA1"
"HDAC1","WWTR1","AMBRA1"
"HDAC1","RACK1","AMBRA1"
"HDAC1","DAPK1","AMBRA1"
"HDAC1","PRKD1","AMBRA1"
"HDAC1","ABL2","AMBRA1"
"HDAC1","FBXW7","AMBRA1"
"HDAC1","ITK","AMBRA1"
"HDAC1","NCK1","AMBRA1"
"HDAC1","AHSA1","AMBRA1"
"HDAC1","BTK","AMBRA1"
"HDAC1","CD19","AMBRA1"
"HDAC1","STAT1","AMBRA1"
"HDAC1","DVL2","AMBRA1"
"HDAC1","MAPK10","AMBRA1"
"HDAC1","JAK1","AMBRA1"
"HDAC1","CDKN2A","AMBRA1"
"HDAC1","MAP4K1","AMBRA1"
"HDAC1","SHC1","AMBRA1"
"HDAC1","MAPK8IP3","AMBRA1"
"HDAC1","AXIN1","AMBRA1"
"HDAC1","MAPKAPK5","AMBRA1"
"HDAC1","BDKRB2","AMBRA1"
"HDAC1","FLT4","AMBRA1"
"HDAC1","BMX","AMBRA1"
"HDAC1","PTK2B","AMBRA1"
"HDAC1","SNW1","AMBRA1"
"HDAC1","PRKCI","AMBRA1"
"HDAC1","CTNND1","AMBRA1"
"HDAC1","PIN1","AMBRA1"
"HDAC1","PARD6A","AMBRA1"
"HDAC1","CEP192","AMBRA1"
"HDAC1","GAB1","AMBRA1"
"HDAC1","PTPRA","AMBRA1"
"HDAC1","GRIP1","AMBRA1"
"HDAC1","INPP5D","AMBRA1"
"HDAC1","GAB2","AMBRA1"
"HDAC1","EZH2","AMBRA1"
"HDAC1","BCAR1","AMBRA1"
"HDAC1","BCR-Ml","AMBRA1"
"HDAC1","NOTCH","AMBRA1"
"HDAC1","FERMT2","AMBRA1"
"HDAC1","TAB3","AMBRA1"
"HDAC1","NPM1","AMBRA1"
"HDAC1","GCSAM","AMBRA1"
"HDAC1","OPTN","AMBRA1"
"HDAC1","SPRY2","AMBRA1"
"HDAC1","BCR-Dl","AMBRA1"
"HDAC1","ROR2","AMBRA1"
"HDAC1","SH2B3","AMBRA1"
"HDAC1","DAB1","AMBRA1"
"HDAC1","MAP3K8","LAT"
"HDAC1","CHUK","PIN1"
"HDAC1","SRC","PIN1"
"HDAC1","MAPK8","PIN1"
"HDAC1","MTOR","PIN1"
"HDAC1","PTPN1","PIN1"
"HDAC1","KRAS","PIN1"
"HDAC1","KIT","PIN1"
"HDAC1","PTPRJ","PIN1"
"HDAC1","EIF2AK2","PIN1"
"HDAC1","PDPK1","PIN1"
"HDAC1","MAML3","PIN1"
"HDAC1","MAP3K14","PIN1"
"HDAC1","MAP2K1","PIN1"
"HDAC1","GSK3B","PIN1"
"HDAC1","PPP1R2","PIN1"
"HDAC1","CDK5","PIN1"
"HDAC1","AKT","PIN1"
"HDAC1","WWTR1","PIN1"
"HDAC1","ABL2","PIN1"
"HDAC1","ITK","PIN1"
"HDAC1","NCK1","PIN1"
"HDAC1","AHSA1","PIN1"
"HDAC1","BTK","PIN1"
"HDAC1","TNK2","PIN1"
"HDAC1","DVL2","PIN1"
"HDAC1","MAP2K2","PIN1"
"HDAC1","MEK1/2","PIN1"
"HDAC1","PTPN7","PIN1"
"HDAC1","MAPK8IP3","PIN1"
"HDAC1","EPHA2","PIN1"
"HDAC1","PTK2B","PIN1"
"HDAC1","SNW1","PIN1"
"HDAC1","CTNND1","PIN1"
"HDAC1","GAB1","PIN1"
"HDAC1","PTPRA","PIN1"
"HDAC1","GRIP1","PIN1"
"HDAC1","ESR1","PIN1"
"HDAC1","ARRB2","PIN1"
"HDAC1","INPP5D","PIN1"
"HDAC1","EZH2","PIN1"
"HDAC1","BCAR1","PIN1"
"HDAC1","FERMT2","PIN1"
"HDAC1","ZMIZ1","PIN1"
"HDAC1","TAB3","PIN1"
"HDAC1","GCSAM","PIN1"
"HDAC1","OPTN","PIN1"
"HDAC1","SPRY2","PIN1"
"HDAC1","BCR-Dl","PIN1"
"HDAC1","IFIH1","PIN1"
"HDAC1","SH2B3","PIN1"
"HDAC1","DAB1","PIN1"
"HDAC1","CHUK","PARD6A"
"HDAC1","MAPK8","PARD6A"
"HDAC1","MTOR","PARD6A"
"HDAC1","AKT1","PARD6A"
"HDAC1","PTPN1","PARD6A"
"HDAC1","Gbeta","PARD6A"
"HDAC1","RPS6KB1","PARD6A"
"HDAC1","EIF2AK2","PARD6A"
"HDAC1","GSK3B","PARD6A"
"HDAC1","CDK5","PARD6A"
"HDAC1","AKT","PARD6A"
"HDAC1","WWTR1","PARD6A"
"HDAC1","PXN","PARD6A"
"HDAC1","CD19","PARD6A"
"HDAC1","MAP4K1","PARD6A"
"HDAC1","EPS15","PARD6A"
"HDAC1","IKK-complex","PARD6A"
"HDAC1","FLT4","PARD6A"
"HDAC1","CTNND1","PARD6A"
"HDAC1","GAB1","PARD6A"
"HDAC1","ARRB2","PARD6A"
"HDAC1","INPP5D","PARD6A"
"HDAC1","EZH2","PARD6A"
"HDAC1","BCAR1","PARD6A"
"HDAC1","BCR-Ml","PARD6A"
"HDAC1","TAB3","PARD6A"
"HDAC1","NPM1","PARD6A"
"HDAC1","GCSAM","PARD6A"
"HDAC1","DDX58","PARD6A"
"HDAC1","ROR2","PARD6A"
"HDAC1","IFIH1","PARD6A"
"HDAC1","PLCG2","PARD6A"
"HDAC1","CHUK","MYC"
"HDAC1","PTEN","MYC"
"HDAC1","AKT1","MYC"
"HDAC1","MAPK1","MYC"
"HDAC1","Gbeta","MYC"
"HDAC1","KIT","MYC"
"HDAC1","MAML3","MYC"
"HDAC1","MAP3K14","MYC"
"HDAC1","MAP2K1","MYC"
"HDAC1","TGFBR2","MYC"
"HDAC1","MAPK9","MYC"
"HDAC1","WWTR1","MYC"
"HDAC1","ABL2","MYC"
"HDAC1","FBXW7","MYC"
"HDAC1","NCK1","MYC"
"HDAC1","TNK2","MYC"
"HDAC1","CD19","MYC"
"HDAC1","MAPK10","MYC"
"HDAC1","SHC1","MYC"
"HDAC1","PTPRR","MYC"
"HDAC1","BDKRB2","MYC"
"HDAC1","BMX","MYC"
"HDAC1","SNW1","MYC"
"HDAC1","PRKCI","MYC"
"HDAC1","CTNND1","MYC"
"HDAC1","PTPRA","MYC"
"HDAC1","ESR1","MYC"
"HDAC1","ARRB2","MYC"
"HDAC1","INPP5D","MYC"
"HDAC1","BCAR1","MYC"
"HDAC1","BCR-Ml","MYC"
"HDAC1","NCOA1","MYC"
"HDAC1","FERMT2","MYC"
"HDAC1","TAB3","MYC"
"HDAC1","NPM1","MYC"
"HDAC1","GCSAM","MYC"
"HDAC1","BCR-Dl","MYC"
"HDAC1","ROR2","MYC"
"HDAC1","IFIH1","MYC"
"HDAC1","DAB1","MYC"
"HDAC1","BCR-Mk","MYC"
"HDAC1","MAP3K8","RAD51"
"HDAC1","CHUK","CEP192"
"HDAC1","SRC","CEP192"
"HDAC1","RPS6KA2","CEP192"
"HDAC1","PTEN","CEP192"
"HDAC1","AKT1","CEP192"
"HDAC1","PTPN1","CEP192"
"HDAC1","KRAS","CEP192"
"HDAC1","KIT","CEP192"
"HDAC1","EIF2AK2","CEP192"
"HDAC1","PDPK1","CEP192"
"HDAC1","GSK3B","CEP192"
"HDAC1","TGFBR2","CEP192"
"HDAC1","PAK2","CEP192"
"HDAC1","WWTR1","CEP192"
"HDAC1","RACK1","CEP192"
"HDAC1","DAPK1","CEP192"
"HDAC1","PRKD1","CEP192"
"HDAC1","ABL2","CEP192"
"HDAC1","ITK","CEP192"
"HDAC1","NCK1","CEP192"
"HDAC1","BTK","CEP192"
"HDAC1","CD19","CEP192"
"HDAC1","STAT1","CEP192"
"HDAC1","HSP90AB1","CEP192"
"HDAC1","MAP2K2","CEP192"
"HDAC1","MEK1/2","CEP192"
"HDAC1","JAK1","CEP192"
"HDAC1","PTPN7","CEP192"
"HDAC1","MAP4K1","CEP192"
"HDAC1","EPS15","CEP192"
"HDAC1","IKK-complex","CEP192"
"HDAC1","SHC1","CEP192"
"HDAC1","MAPK8IP3","CEP192"
"HDAC1","AXIN1","CEP192"
"HDAC1","MAPKAPK5","CEP192"
"HDAC1","DUSP16","CEP192"
"HDAC1","EPHA2","CEP192"
"HDAC1","BDKRB2","CEP192"
"HDAC1","BMX","CEP192"
"HDAC1","PTK2B","CEP192"
"HDAC1","PRKCI","CEP192"
"HDAC1","CTNND1","CEP192"
"HDAC1","PARD6A","CEP192"
"HDAC1","ARRB2","CEP192"
"HDAC1","GAB2","CEP192"
"HDAC1","EZH2","CEP192"
"HDAC1","BCR-Dk","CEP192"
"HDAC1","BCAR1","CEP192"
"HDAC1","NOTCH","CEP192"
"HDAC1","ZMIZ1","CEP192"
"HDAC1","TAB3","CEP192"
"HDAC1","NPM1","CEP192"
"HDAC1","DDX58","CEP192"
"HDAC1","ROR2","CEP192"
"HDAC1","IFIH1","CEP192"
"HDAC1","CHUK","GAB1"
"HDAC1","SRC","GAB1"
"HDAC1","RPS6KA2","GAB1"
"HDAC1","KIT","GAB1"
"HDAC1","PTPRJ","GAB1"
"HDAC1","RPS6KB1","GAB1"
"HDAC1","EIF2AK2","GAB1"
"HDAC1","MAML3","GAB1"
"HDAC1","MAP2K1","GAB1"
"HDAC1","GSK3B","GAB1"
"HDAC1","TGFBR2","GAB1"
"HDAC1","PAK2","GAB1"
"HDAC1","PPP1R2","GAB1"
"HDAC1","CDK5","GAB1"
"HDAC1","WWTR1","GAB1"
"HDAC1","RACK1","GAB1"
"HDAC1","DAPK1","GAB1"
"HDAC1","PXN","GAB1"
"HDAC1","FBXW7","GAB1"
"HDAC1","ITK","GAB1"
"HDAC1","NCK1","GAB1"
"HDAC1","AHSA1","GAB1"
"HDAC1","BTK","GAB1"
"HDAC1","TNK2","GAB1"
"HDAC1","STAT1","GAB1"
"HDAC1","DVL2","GAB1"
"HDAC1","MAPK10","GAB1"
"HDAC1","JAK1","GAB1"
"HDAC1","PTPN7","GAB1"
"HDAC1","CDKN2A","GAB1"
"HDAC1","EPS15","GAB1"
"HDAC1","IKK-complex","GAB1"
"HDAC1","SHC1","GAB1"
"HDAC1","MAPKAPK5","GAB1"
"HDAC1","MAP3K8","GAB1"
"HDAC1","PTPRR","GAB1"
"HDAC1","BDKRB2","GAB1"
"HDAC1","FLT4","GAB1"
"HDAC1","BMX","GAB1"
"HDAC1","PTK2B","GAB1"
"HDAC1","NEK6","GAB1"
"HDAC1","PRKCI","GAB1"
"HDAC1","PIN1","GAB1"
"HDAC1","PARD6A","GAB1"
"HDAC1","CEP192","GAB1"
"HDAC1","GRIP1","GAB1"
"HDAC1","INPP5D","GAB1"
"HDAC1","BCR-Dk","GAB1"
"HDAC1","BCAR1","GAB1"
"HDAC1","BCR-Ml","GAB1"
"HDAC1","NCOA1","GAB1"
"HDAC1","FERMT2","GAB1"
"HDAC1","TAB3","GAB1"
"HDAC1","GCSAM","GAB1"
"HDAC1","BCR-Dl","GAB1"
"HDAC1","DDX58","GAB1"
"HDAC1","DAB1","GAB1"
"HDAC1","CHUK","TAGLN2"
"HDAC1","SRC","TAGLN2"
"HDAC1","PTEN","TAGLN2"
"HDAC1","MAPK8","TAGLN2"
"HDAC1","MTOR","TAGLN2"
"HDAC1","AKT1","TAGLN2"
"HDAC1","PRKCD","TAGLN2"
"HDAC1","PTPN1","TAGLN2"
"HDAC1","KRAS","TAGLN2"
"HDAC1","PTPRJ","TAGLN2"
"HDAC1","EIF2AK2","TAGLN2"
"HDAC1","PDPK1","TAGLN2"
"HDAC1","MAML3","TAGLN2"
"HDAC1","MAP3K14","TAGLN2"
"HDAC1","MAP2K1","TAGLN2"
"HDAC1","GSK3B","TAGLN2"
"HDAC1","TGFBR2","TAGLN2"
"HDAC1","PAK2","TAGLN2"
"HDAC1","PPP1R2","TAGLN2"
"HDAC1","CDK5","TAGLN2"
"HDAC1","AKT","TAGLN2"
"HDAC1","MAPK9","TAGLN2"
"HDAC1","WWTR1","TAGLN2"
"HDAC1","RACK1","TAGLN2"
"HDAC1","PRKD1","TAGLN2"
"HDAC1","ABL2","TAGLN2"
"HDAC1","FBXW7","TAGLN2"
"HDAC1","ITK","TAGLN2"
"HDAC1","NCK1","TAGLN2"
"HDAC1","AHSA1","TAGLN2"
"HDAC1","BTK","TAGLN2"
"HDAC1","STAT1","TAGLN2"
"HDAC1","HSP90AB1","TAGLN2"
"HDAC1","DYRK1B","TAGLN2"
"HDAC1","MEK1/2","TAGLN2"
"HDAC1","CDKN2A","TAGLN2"
"HDAC1","MAP4K1","TAGLN2"
"HDAC1","IKK-complex","TAGLN2"
"HDAC1","SHC1","TAGLN2"
"HDAC1","MAPK8IP3","TAGLN2"
"HDAC1","MAPKAPK5","TAGLN2"
"HDAC1","EPHA2","TAGLN2"
"HDAC1","PTPRR","TAGLN2"
"HDAC1","BDKRB2","TAGLN2"
"HDAC1","FLT4","TAGLN2"
"HDAC1","BMX","TAGLN2"
"HDAC1","PTK2B","TAGLN2"
"HDAC1","NEK6","TAGLN2"
"HDAC1","CTNND1","TAGLN2"
"HDAC1","PIN1","TAGLN2"
"HDAC1","PARD6A","TAGLN2"
"HDAC1","GAB1","TAGLN2"
"HDAC1","ARRB2","TAGLN2"
"HDAC1","GAB2","TAGLN2"
"HDAC1","EZH2","TAGLN2"
"HDAC1","BCR-Dk","TAGLN2"
"HDAC1","NOTCH","TAGLN2"
"HDAC1","NCOA1","TAGLN2"
"HDAC1","FERMT2","TAGLN2"
"HDAC1","TAB3","TAGLN2"
"HDAC1","NPM1","TAGLN2"
"HDAC1","GCSAM","TAGLN2"
"HDAC1","OPTN","TAGLN2"
"HDAC1","SPRY2","TAGLN2"
"HDAC1","ROR2","TAGLN2"
"HDAC1","IFIH1","TAGLN2"
"HDAC1","DAB1","TAGLN2"
"HDAC1","BCR-Mk","TAGLN2"
"HDAC1","PLCG2","TAGLN2"
"HDAC1","CHUK","PTPRA"
"HDAC1","RPS6KA2","PTPRA"
"HDAC1","PTEN","PTPRA"
"HDAC1","MTOR","PTPRA"
"HDAC1","AKT1","PTPRA"
"HDAC1","PRKCD","PTPRA"
"HDAC1","MAPK1","PTPRA"
"HDAC1","PTPN1","PTPRA"
"HDAC1","Gbeta","PTPRA"
"HDAC1","KRAS","PTPRA"
"HDAC1","KIT","PTPRA"
"HDAC1","PTPRJ","PTPRA"
"HDAC1","RPS6KB1","PTPRA"
"HDAC1","EIF2AK2","PTPRA"
"HDAC1","MAML3","PTPRA"
"HDAC1","MAP2K1","PTPRA"
"HDAC1","TGFBR2","PTPRA"
"HDAC1","PAK2","PTPRA"
"HDAC1","PPP1R2","PTPRA"
"HDAC1","CDK5","PTPRA"
"HDAC1","MAPK9","PTPRA"
"HDAC1","WWTR1","PTPRA"
"HDAC1","DAPK1","PTPRA"
"HDAC1","FBXW7","PTPRA"
"HDAC1","NCK1","PTPRA"
"HDAC1","AHSA1","PTPRA"
"HDAC1","BTK","PTPRA"
"HDAC1","TNK2","PTPRA"
"HDAC1","YAP1","PTPRA"
"HDAC1","CD19","PTPRA"
"HDAC1","HSP90AB1","PTPRA"
"HDAC1","MAP2K2","PTPRA"
"HDAC1","MAPK10","PTPRA"
"HDAC1","DYRK1B","PTPRA"
"HDAC1","PTPN7","PTPRA"
"HDAC1","MAP4K1","PTPRA"
"HDAC1","EPS15","PTPRA"
"HDAC1","SHC1","PTPRA"
"HDAC1","FLT4","PTPRA"
"HDAC1","BMX","PTPRA"
"HDAC1","PTK2B","PTPRA"
"HDAC1","PARD6A","PTPRA"
"HDAC1","GAB1","PTPRA"
"HDAC1","ARRB2","PTPRA"
"HDAC1","BCR-Dk","PTPRA"
"HDAC1","BCR-Ml","PTPRA"
"HDAC1","GCSAM","PTPRA"
"HDAC1","OPTN","PTPRA"
"HDAC1","BCR-Dl","PTPRA"
"HDAC1","IFIH1","PTPRA"
"HDAC1","PLCG2","PTPRA"
"HDAC1","SRC","GRIP1"
"HDAC1","PTEN","GRIP1"
"HDAC1","KIT","GRIP1"
"HDAC1","RPS6KB1","GRIP1"
"HDAC1","EIF2AK2","GRIP1"
"HDAC1","MAML3","GRIP1"
"HDAC1","MAP2K1","GRIP1"
"HDAC1","GSK3B","GRIP1"
"HDAC1","PAK2","GRIP1"
"HDAC1","PPP1R2","GRIP1"
"HDAC1","CDK5","GRIP1"
"HDAC1","AKT","GRIP1"
"HDAC1","MAPK9","GRIP1"
"HDAC1","RACK1","GRIP1"
"HDAC1","PRKD1","GRIP1"
"HDAC1","ABL2","GRIP1"
"HDAC1","ITK","GRIP1"
"HDAC1","NCK1","GRIP1"
"HDAC1","AHSA1","GRIP1"
"HDAC1","TNK2","GRIP1"
"HDAC1","YAP1","GRIP1"
"HDAC1","CD19","GRIP1"
"HDAC1","DVL2","GRIP1"
"HDAC1","MAP2K2","GRIP1"
"HDAC1","MAPK10","GRIP1"
"HDAC1","CDKN2A","GRIP1"
"HDAC1","EPS15","GRIP1"
"HDAC1","IKK-complex","GRIP1"
"HDAC1","SHC1","GRIP1"
"HDAC1","MAPK8IP3","GRIP1"
"HDAC1","DUSP16","GRIP1"
"HDAC1","PTK2B","GRIP1"
"HDAC1","SNW1","GRIP1"
"HDAC1","PRKCI","GRIP1"
"HDAC1","PIN1","GRIP1"
"HDAC1","PARD6A","GRIP1"
"HDAC1","CEP192","GRIP1"
"HDAC1","GAB1","GRIP1"
"HDAC1","ESR1","GRIP1"
"HDAC1","ARRB2","GRIP1"
"HDAC1","INPP5D","GRIP1"
"HDAC1","GAB2","GRIP1"
"HDAC1","EZH2","GRIP1"
"HDAC1","BCR-Dk","GRIP1"
"HDAC1","BCAR1","GRIP1"
"HDAC1","FERMT2","GRIP1"
"HDAC1","NPM1","GRIP1"
"HDAC1","DDX58","GRIP1"
"HDAC1","ROR2","GRIP1"
"HDAC1","SH2B3","GRIP1"
"HDAC1","BCR-Mk","GRIP1"
"HDAC1","PLCG2","GRIP1"
"HDAC1","SRC","MAPK8IP1"
"HDAC1","RPS6KA2","MAPK8IP1"
"HDAC1","PTEN","MAPK8IP1"
"HDAC1","MTOR","MAPK8IP1"
"HDAC1","AKT1","MAPK8IP1"
"HDAC1","PRKCD","MAPK8IP1"
"HDAC1","MAPK1","MAPK8IP1"
"HDAC1","PTPN1","MAPK8IP1"
"HDAC1","KIT","MAPK8IP1"
"HDAC1","PTPRJ","MAPK8IP1"
"HDAC1","EIF2AK2","MAPK8IP1"
"HDAC1","PDPK1","MAPK8IP1"
"HDAC1","MAML3","MAPK8IP1"
"HDAC1","GSK3B","MAPK8IP1"
"HDAC1","PAK2","MAPK8IP1"
"HDAC1","PPP1R2","MAPK8IP1"
"HDAC1","AKT","MAPK8IP1"
"HDAC1","WWTR1","MAPK8IP1"
"HDAC1","PXN","MAPK8IP1"
"HDAC1","ITK","MAPK8IP1"
"HDAC1","NCK1","MAPK8IP1"
"HDAC1","YAP1","MAPK8IP1"
"HDAC1","STAT1","MAPK8IP1"
"HDAC1","DVL2","MAPK8IP1"
"HDAC1","MAP2K2","MAPK8IP1"
"HDAC1","DYRK1B","MAPK8IP1"
"HDAC1","IKK-complex","MAPK8IP1"
"HDAC1","SHC1","MAPK8IP1"
"HDAC1","AXIN1","MAPK8IP1"
"HDAC1","MAPKAPK5","MAPK8IP1"
"HDAC1","DUSP16","MAPK8IP1"
"HDAC1","PTPRR","MAPK8IP1"
"HDAC1","BMX","MAPK8IP1"
"HDAC1","PTK2B","MAPK8IP1"
"HDAC1","NEK6","MAPK8IP1"
"HDAC1","PRKCI","MAPK8IP1"
"HDAC1","CTNND1","MAPK8IP1"
"HDAC1","PARD6A","MAPK8IP1"
"HDAC1","CEP192","MAPK8IP1"
"HDAC1","GAB1","MAPK8IP1"
"HDAC1","PTPRA","MAPK8IP1"
"HDAC1","GRIP1","MAPK8IP1"
"HDAC1","ARRB2","MAPK8IP1"
"HDAC1","INPP5D","MAPK8IP1"
"HDAC1","GAB2","MAPK8IP1"
"HDAC1","BCAR1","MAPK8IP1"
"HDAC1","BCR-Ml","MAPK8IP1"
"HDAC1","NOTCH","MAPK8IP1"
"HDAC1","NCOA1","MAPK8IP1"
"HDAC1","FERMT2","MAPK8IP1"
"HDAC1","ZMIZ1","MAPK8IP1"
"HDAC1","TAB3","MAPK8IP1"
"HDAC1","NPM1","MAPK8IP1"
"HDAC1","OPTN","MAPK8IP1"
"HDAC1","SPRY2","MAPK8IP1"
"HDAC1","IFIH1","MAPK8IP1"
"HDAC1","DAB1","MAPK8IP1"
"HDAC1","BCR-Mk","MAPK8IP1"
"HDAC1","PLCG2","MAPK8IP1"
"HDAC1","CHUK","KHDRBS1"
"HDAC1","RPS6KA2","KHDRBS1"
"HDAC1","PTEN","KHDRBS1"
"HDAC1","MAPK8","KHDRBS1"
"HDAC1","MTOR","KHDRBS1"
"HDAC1","AKT1","KHDRBS1"
"HDAC1","PRKCD","KHDRBS1"
"HDAC1","PTPN1","KHDRBS1"
"HDAC1","Gbeta","KHDRBS1"
"HDAC1","KIT","KHDRBS1"
"HDAC1","PTPRJ","KHDRBS1"
"HDAC1","RPS6KB1","KHDRBS1"
"HDAC1","EIF2AK2","KHDRBS1"
"HDAC1","PDPK1","KHDRBS1"
"HDAC1","MAML3","KHDRBS1"
"HDAC1","MAP3K14","KHDRBS1"
"HDAC1","GSK3B","KHDRBS1"
"HDAC1","PAK2","KHDRBS1"
"HDAC1","PPP1R2","KHDRBS1"
"HDAC1","CDK5","KHDRBS1"
"HDAC1","AKT","KHDRBS1"
"HDAC1","MAPK9","KHDRBS1"
"HDAC1","WWTR1","KHDRBS1"
"HDAC1","RACK1","KHDRBS1"
"HDAC1","DAPK1","KHDRBS1"
"HDAC1","PXN","KHDRBS1"
"HDAC1","PRKD1","KHDRBS1"
"HDAC1","ABL2","KHDRBS1"
"HDAC1","FBXW7","KHDRBS1"
"HDAC1","ITK","KHDRBS1"
"HDAC1","AHSA1","KHDRBS1"
"HDAC1","YAP1","KHDRBS1"
"HDAC1","CD19","KHDRBS1"
"HDAC1","STAT1","KHDRBS1"
"HDAC1","HSP90AB1","KHDRBS1"
"HDAC1","MAP2K2","KHDRBS1"
"HDAC1","MAPK10","KHDRBS1"
"HDAC1","DYRK1B","KHDRBS1"
"HDAC1","PTPN7","KHDRBS1"
"HDAC1","CDKN2A","KHDRBS1"
"HDAC1","MAP4K1","KHDRBS1"
"HDAC1","EPS15","KHDRBS1"
"HDAC1","IKK-complex","KHDRBS1"
"HDAC1","SHC1","KHDRBS1"
"HDAC1","AXIN1","KHDRBS1"
"HDAC1","DUSP16","KHDRBS1"
"HDAC1","FLT4","KHDRBS1"
"HDAC1","BMX","KHDRBS1"
"HDAC1","SNW1","KHDRBS1"
"HDAC1","NEK6","KHDRBS1"
"HDAC1","PARD6A","KHDRBS1"
"HDAC1","GAB1","KHDRBS1"
"HDAC1","PTPRA","KHDRBS1"
"HDAC1","GRIP1","KHDRBS1"
"HDAC1","ESR1","KHDRBS1"
"HDAC1","INPP5D","KHDRBS1"
"HDAC1","GAB2","KHDRBS1"
"HDAC1","BCAR1","KHDRBS1"
"HDAC1","NOTCH","KHDRBS1"
"HDAC1","NPM1","KHDRBS1"
"HDAC1","GCSAM","KHDRBS1"
"HDAC1","OPTN","KHDRBS1"
"HDAC1","SPRY2","KHDRBS1"
"HDAC1","IFIH1","KHDRBS1"
"HDAC1","SH2B3","KHDRBS1"
"HDAC1","DAB1","KHDRBS1"
"HDAC1","BCR-Mk","KHDRBS1"
"HDAC1","CHUK","TAB2"
"HDAC1","RPS6KA2","TAB2"
"HDAC1","MAPK1","TAB2"
"HDAC1","Gbeta","TAB2"
"HDAC1","KIT","TAB2"
"HDAC1","PDPK1","TAB2"
"HDAC1","MAML3","TAB2"
"HDAC1","PPP1R2","TAB2"
"HDAC1","WWTR1","TAB2"
"HDAC1","RACK1","TAB2"
"HDAC1","FBXW7","TAB2"
"HDAC1","AHSA1","TAB2"
"HDAC1","BTK","TAB2"
"HDAC1","TNK2","TAB2"
"HDAC1","HSP90AB1","TAB2"
"HDAC1","DVL2","TAB2"
"HDAC1","DYRK1B","TAB2"
"HDAC1","MEK1/2","TAB2"
"HDAC1","PTPN7","TAB2"
"HDAC1","MAPK8IP3","TAB2"
"HDAC1","AXIN1","TAB2"
"HDAC1","MAPKAPK5","TAB2"
"HDAC1","DUSP16","TAB2"
"HDAC1","EPHA2","TAB2"
"HDAC1","FLT4","TAB2"
"HDAC1","BMX","TAB2"
"HDAC1","CTNND1","TAB2"
"HDAC1","PARD6A","TAB2"
"HDAC1","CEP192","TAB2"
"HDAC1","GAB1","TAB2"
"HDAC1","GRIP1","TAB2"
"HDAC1","ESR1","TAB2"
"HDAC1","EZH2","TAB2"
"HDAC1","BCR-Dk","TAB2"
"HDAC1","BCAR1","TAB2"
"HDAC1","FERMT2","TAB2"
"HDAC1","NPM1","TAB2"
"HDAC1","GCSAM","TAB2"
"HDAC1","ROR2","TAB2"
"HDAC1","IFIH1","TAB2"
"HDAC1","DAB1","TAB2"
"HDAC1","BCR-Mk","TAB2"
"HDAC1","PLCG2","TAB2"
"HDAC1","CHUK","ESR1"
"HDAC1","SRC","ESR1"
"HDAC1","RPS6KA2","ESR1"
"HDAC1","AKT1","ESR1"
"HDAC1","PRKCD","ESR1"
"HDAC1","Gbeta","ESR1"
"HDAC1","KIT","ESR1"
"HDAC1","PDPK1","ESR1"
"HDAC1","MAML3","ESR1"
"HDAC1","MAP3K14","ESR1"
"HDAC1","GSK3B","ESR1"
"HDAC1","AKT","ESR1"
"HDAC1","WWTR1","ESR1"
"HDAC1","DAPK1","ESR1"
"HDAC1","PXN","ESR1"
"HDAC1","PRKD1","ESR1"
"HDAC1","ABL2","ESR1"
"HDAC1","FBXW7","ESR1"
"HDAC1","ITK","ESR1"
"HDAC1","AHSA1","ESR1"
"HDAC1","TNK2","ESR1"
"HDAC1","DVL2","ESR1"
"HDAC1","MAP2K2","ESR1"
"HDAC1","MEK1/2","ESR1"
"HDAC1","JAK1","ESR1"
"HDAC1","CDKN2A","ESR1"
"HDAC1","MAP4K1","ESR1"
"HDAC1","EPS15","ESR1"
"HDAC1","AXIN1","ESR1"
"HDAC1","MAPKAPK5","ESR1"
"HDAC1","SNW1","ESR1"
"HDAC1","NEK6","ESR1"
"HDAC1","PRKCI","ESR1"
"HDAC1","CTNND1","ESR1"
"HDAC1","PIN1","ESR1"
"HDAC1","CEP192","ESR1"
"HDAC1","PTPRA","ESR1"
"HDAC1","GRIP1","ESR1"
"HDAC1","ARRB2","ESR1"
"HDAC1","INPP5D","ESR1"
"HDAC1","GAB2","ESR1"
"HDAC1","EZH2","ESR1"
"HDAC1","BCAR1","ESR1"
"HDAC1","BCR-Ml","ESR1"
"HDAC1","NPM1","ESR1"
"HDAC1","DDX58","ESR1"
"HDAC1","DAB1","ESR1"
"HDAC1","PLCG2","ESR1"
"HDAC1","CHUK","MYLK"
"HDAC1","AKT1","MYLK"
"HDAC1","MAPK1","MYLK"
"HDAC1","PTPN1","MYLK"
"HDAC1","Gbeta","MYLK"
"HDAC1","KIT","MYLK"
"HDAC1","MAP2K1","MYLK"
"HDAC1","PPP1R2","MYLK"
"HDAC1","CDK5","MYLK"
"HDAC1","AKT","MYLK"
"HDAC1","WWTR1","MYLK"
"HDAC1","PXN","MYLK"
"HDAC1","ABL2","MYLK"
"HDAC1","FBXW7","MYLK"
"HDAC1","BTK","MYLK"
"HDAC1","YAP1","MYLK"
"HDAC1","STAT1","MYLK"
"HDAC1","MAP2K2","MYLK"
"HDAC1","DYRK1B","MYLK"
"HDAC1","MEK1/2","MYLK"
"HDAC1","PTPN7","MYLK"
"HDAC1","CDKN2A","MYLK"
"HDAC1","IKK-complex","MYLK"
"HDAC1","AXIN1","MYLK"
"HDAC1","MAPKAPK5","MYLK"
"HDAC1","DUSP16","MYLK"
"HDAC1","MAP3K8","MYLK"
"HDAC1","FLT4","MYLK"
"HDAC1","PTK2B","MYLK"
"HDAC1","SNW1","MYLK"
"HDAC1","NEK6","MYLK"
"HDAC1","CTNND1","MYLK"
"HDAC1","PIN1","MYLK"
"HDAC1","PARD6A","MYLK"
"HDAC1","PTPRA","MYLK"
"HDAC1","GRIP1","MYLK"
"HDAC1","ESR1","MYLK"
"HDAC1","GAB2","MYLK"
"HDAC1","EZH2","MYLK"
"HDAC1","BCAR1","MYLK"
"HDAC1","BCR-Ml","MYLK"
"HDAC1","NOTCH","MYLK"
"HDAC1","NCOA1","MYLK"
"HDAC1","FERMT2","MYLK"
"HDAC1","ZMIZ1","MYLK"
"HDAC1","TAB3","MYLK"
"HDAC1","NPM1","MYLK"
"HDAC1","OPTN","MYLK"
"HDAC1","SPRY2","MYLK"
"HDAC1","DDX58","MYLK"
"HDAC1","IFIH1","MYLK"
"HDAC1","BCR-Mk","MYLK"
"HDAC1","PLCG2","MYLK"
"HDAC1","MAPK8","NR1D1"
"HDAC1","MTOR","NR1D1"
"HDAC1","PRKCD","NR1D1"
"HDAC1","PTPN1","NR1D1"
"HDAC1","KIT","NR1D1"
"HDAC1","RPS6KB1","NR1D1"
"HDAC1","PDPK1","NR1D1"
"HDAC1","PAK2","NR1D1"
"HDAC1","WWTR1","NR1D1"
"HDAC1","RACK1","NR1D1"
"HDAC1","DAPK1","NR1D1"
"HDAC1","PRKD1","NR1D1"
"HDAC1","ABL2","NR1D1"
"HDAC1","FBXW7","NR1D1"
"HDAC1","ITK","NR1D1"
"HDAC1","NCK1","NR1D1"
"HDAC1","AHSA1","NR1D1"
"HDAC1","TNK2","NR1D1"
"HDAC1","YAP1","NR1D1"
"HDAC1","HSP90AB1","NR1D1"
"HDAC1","MAP2K2","NR1D1"
"HDAC1","MAPK10","NR1D1"
"HDAC1","JAK1","NR1D1"
"HDAC1","PTPN7","NR1D1"
"HDAC1","CDKN2A","NR1D1"
"HDAC1","IKK-complex","NR1D1"
"HDAC1","SHC1","NR1D1"
"HDAC1","MAPK8IP3","NR1D1"
"HDAC1","AXIN1","NR1D1"
"HDAC1","PTPRR","NR1D1"
"HDAC1","BDKRB2","NR1D1"
"HDAC1","FLT4","NR1D1"
"HDAC1","BMX","NR1D1"
"HDAC1","PTK2B","NR1D1"
"HDAC1","SNW1","NR1D1"
"HDAC1","PRKCI","NR1D1"
"HDAC1","PIN1","NR1D1"
"HDAC1","PARD6A","NR1D1"
"HDAC1","GRIP1","NR1D1"
"HDAC1","ARRB2","NR1D1"
"HDAC1","EZH2","NR1D1"
"HDAC1","BCR-Dk","NR1D1"
"HDAC1","NOTCH","NR1D1"
"HDAC1","NCOA1","NR1D1"
"HDAC1","FERMT2","NR1D1"
"HDAC1","ZMIZ1","NR1D1"
"HDAC1","NPM1","NR1D1"
"HDAC1","GCSAM","NR1D1"
"HDAC1","SPRY2","NR1D1"
"HDAC1","BCR-Dl","NR1D1"
"HDAC1","ROR2","NR1D1"
"HDAC1","PLCG2","NR1D1"
"HDAC1","CHUK","ANP32A"
"HDAC1","SRC","ANP32A"
"HDAC1","MTOR","ANP32A"
"HDAC1","AKT1","ANP32A"
"HDAC1","MAPK1","ANP32A"
"HDAC1","Gbeta","ANP32A"
"HDAC1","MAP3K14","ANP32A"
"HDAC1","MAP2K1","ANP32A"
"HDAC1","PPP1R2","ANP32A"
"HDAC1","AKT","ANP32A"
"HDAC1","MAPK9","ANP32A"
"HDAC1","WWTR1","ANP32A"
"HDAC1","RACK1","ANP32A"
"HDAC1","ABL2","ANP32A"
"HDAC1","FBXW7","ANP32A"
"HDAC1","ITK","ANP32A"
"HDAC1","NCK1","ANP32A"
"HDAC1","AHSA1","ANP32A"
"HDAC1","BTK","ANP32A"
"HDAC1","YAP1","ANP32A"
"HDAC1","HSP90AB1","ANP32A"
"HDAC1","MEK1/2","ANP32A"
"HDAC1","PTPN7","ANP32A"
"HDAC1","EPS15","ANP32A"
"HDAC1","MAPK8IP3","ANP32A"
"HDAC1","MAPKAPK5","ANP32A"
"HDAC1","DUSP16","ANP32A"
"HDAC1","BDKRB2","ANP32A"
"HDAC1","PIN1","ANP32A"
"HDAC1","CEP192","ANP32A"
"HDAC1","ESR1","ANP32A"
"HDAC1","ARRB2","ANP32A"
"HDAC1","INPP5D","ANP32A"
"HDAC1","BCR-Dk","ANP32A"
"HDAC1","NOTCH","ANP32A"
"HDAC1","NCOA1","ANP32A"
"HDAC1","ZMIZ1","ANP32A"
"HDAC1","OPTN","ANP32A"
"HDAC1","SPRY2","ANP32A"
"HDAC1","BCR-Dl","ANP32A"
"HDAC1","DDX58","ANP32A"
"HDAC1","IFIH1","ANP32A"
"HDAC1","DAB1","ANP32A"
"HDAC1","PLCG2","ANP32A"
"HDAC1","CHUK","PSTPIP1"
"HDAC1","SRC","PSTPIP1"
"HDAC1","RPS6KA2","PSTPIP1"
"HDAC1","PRKCD","PSTPIP1"
"HDAC1","MAPK1","PSTPIP1"
"HDAC1","Gbeta","PSTPIP1"
"HDAC1","KRAS","PSTPIP1"
"HDAC1","KIT","PSTPIP1"
"HDAC1","EIF2AK2","PSTPIP1"
"HDAC1","PDPK1","PSTPIP1"
"HDAC1","GSK3B","PSTPIP1"
"HDAC1","CDK5","PSTPIP1"
"HDAC1","AKT","PSTPIP1"
"HDAC1","WWTR1","PSTPIP1"
"HDAC1","RACK1","PSTPIP1"
"HDAC1","FBXW7","PSTPIP1"
"HDAC1","BTK","PSTPIP1"
"HDAC1","YAP1","PSTPIP1"
"HDAC1","STAT1","PSTPIP1"
"HDAC1","HSP90AB1","PSTPIP1"
"HDAC1","DVL2","PSTPIP1"
"HDAC1","MAP2K2","PSTPIP1"
"HDAC1","MEK1/2","PSTPIP1"
"HDAC1","JAK1","PSTPIP1"
"HDAC1","CDKN2A","PSTPIP1"
"HDAC1","EPS15","PSTPIP1"
"HDAC1","IKK-complex","PSTPIP1"
"HDAC1","SHC1","PSTPIP1"
"HDAC1","DUSP16","PSTPIP1"
"HDAC1","PTPRR","PSTPIP1"
"HDAC1","BDKRB2","PSTPIP1"
"HDAC1","FLT4","PSTPIP1"
"HDAC1","BMX","PSTPIP1"
"HDAC1","PTK2B","PSTPIP1"
"HDAC1","CTNND1","PSTPIP1"
"HDAC1","PIN1","PSTPIP1"
"HDAC1","PARD6A","PSTPIP1"
"HDAC1","CEP192","PSTPIP1"
"HDAC1","GAB1","PSTPIP1"
"HDAC1","ESR1","PSTPIP1"
"HDAC1","INPP5D","PSTPIP1"
"HDAC1","BCR-Dk","PSTPIP1"
"HDAC1","BCAR1","PSTPIP1"
"HDAC1","NCOA1","PSTPIP1"
"HDAC1","NPM1","PSTPIP1"
"HDAC1","GCSAM","PSTPIP1"
"HDAC1","OPTN","PSTPIP1"
"HDAC1","DAB1","PSTPIP1"
"HDAC1","CHUK","ARRB2"
"HDAC1","SRC","ARRB2"
"HDAC1","RPS6KA2","ARRB2"
"HDAC1","MTOR","ARRB2"
"HDAC1","AKT1","ARRB2"
"HDAC1","PTPN1","ARRB2"
"HDAC1","KRAS","ARRB2"
"HDAC1","EIF2AK2","ARRB2"
"HDAC1","PDPK1","ARRB2"
"HDAC1","MAP2K1","ARRB2"
"HDAC1","PAK2","ARRB2"
"HDAC1","MAPK9","ARRB2"
"HDAC1","RACK1","ARRB2"
"HDAC1","PXN","ARRB2"
"HDAC1","NCK1","ARRB2"
"HDAC1","AHSA1","ARRB2"
"HDAC1","STAT1","ARRB2"
"HDAC1","HSP90AB1","ARRB2"
"HDAC1","DYRK1B","ARRB2"
"HDAC1","MEK1/2","ARRB2"
"HDAC1","JAK1","ARRB2"
"HDAC1","CDKN2A","ARRB2"
"HDAC1","MAP4K1","ARRB2"
"HDAC1","SHC1","ARRB2"
"HDAC1","AXIN1","ARRB2"
"HDAC1","DUSP16","ARRB2"
"HDAC1","EPHA2","ARRB2"
"HDAC1","PTPRR","ARRB2"
"HDAC1","NEK6","ARRB2"
"HDAC1","PRKCI","ARRB2"
"HDAC1","PIN1","ARRB2"
"HDAC1","PTPRA","ARRB2"
"HDAC1","GRIP1","ARRB2"
"HDAC1","ESR1","ARRB2"
"HDAC1","GAB2","ARRB2"
"HDAC1","BCAR1","ARRB2"
"HDAC1","NOTCH","ARRB2"
"HDAC1","NPM1","ARRB2"
"HDAC1","OPTN","ARRB2"
"HDAC1","IFIH1","ARRB2"
"HDAC1","KRAS","TAX1BP1"
"HDAC1","KIT","TAX1BP1"
"HDAC1","PTPRJ","TAX1BP1"
"HDAC1","RPS6KB1","TAX1BP1"
"HDAC1","MAP2K1","TAX1BP1"
"HDAC1","GSK3B","TAX1BP1"
"HDAC1","TGFBR2","TAX1BP1"
"HDAC1","CDK5","TAX1BP1"
"HDAC1","WWTR1","TAX1BP1"
"HDAC1","RACK1","TAX1BP1"
"HDAC1","DAPK1","TAX1BP1"
"HDAC1","PXN","TAX1BP1"
"HDAC1","PRKD1","TAX1BP1"
"HDAC1","ITK","TAX1BP1"
"HDAC1","NCK1","TAX1BP1"
"HDAC1","AHSA1","TAX1BP1"
"HDAC1","BTK","TAX1BP1"
"HDAC1","CD19","TAX1BP1"
"HDAC1","HSP90AB1","TAX1BP1"
"HDAC1","MAPK8IP3","TAX1BP1"
"HDAC1","AXIN1","TAX1BP1"
"HDAC1","PTPRR","TAX1BP1"
"HDAC1","FLT4","TAX1BP1"
"HDAC1","PTK2B","TAX1BP1"
"HDAC1","PRKCI","TAX1BP1"
"HDAC1","PARD6A","TAX1BP1"
"HDAC1","PTPRA","TAX1BP1"
"HDAC1","GAB2","TAX1BP1"
"HDAC1","EZH2","TAX1BP1"
"HDAC1","BCR-Dk","TAX1BP1"
"HDAC1","BCAR1","TAX1BP1"
"HDAC1","BCR-Ml","TAX1BP1"
"HDAC1","NCOA1","TAX1BP1"
"HDAC1","ZMIZ1","TAX1BP1"
"HDAC1","TAB3","TAX1BP1"
"HDAC1","SPRY2","TAX1BP1"
"HDAC1","DDX58","TAX1BP1"
"HDAC1","SH2B3","TAX1BP1"
"HDAC1","BCR-Mk","TAX1BP1"
"HDAC1","CHUK","LRRK1"
"HDAC1","SRC","LRRK1"
"HDAC1","RPS6KA2","LRRK1"
"HDAC1","PTEN","LRRK1"
"HDAC1","MTOR","LRRK1"
"HDAC1","MAPK1","LRRK1"
"HDAC1","Gbeta","LRRK1"
"HDAC1","KRAS","LRRK1"
"HDAC1","EIF2AK2","LRRK1"
"HDAC1","PDPK1","LRRK1"
"HDAC1","MAML3","LRRK1"
"HDAC1","MAP3K14","LRRK1"
"HDAC1","PPP1R2","LRRK1"
"HDAC1","CDK5","LRRK1"
"HDAC1","NCK1","LRRK1"
"HDAC1","AHSA1","LRRK1"
"HDAC1","TNK2","LRRK1"
"HDAC1","CD19","LRRK1"
"HDAC1","HSP90AB1","LRRK1"
"HDAC1","DVL2","LRRK1"
"HDAC1","MAPK10","LRRK1"
"HDAC1","DYRK1B","LRRK1"
"HDAC1","MEK1/2","LRRK1"
"HDAC1","MAP4K1","LRRK1"
"HDAC1","EPS15","LRRK1"
"HDAC1","IKK-complex","LRRK1"
"HDAC1","SHC1","LRRK1"
"HDAC1","AXIN1","LRRK1"
"HDAC1","MAPKAPK5","LRRK1"
"HDAC1","EPHA2","LRRK1"
"HDAC1","PTPRR","LRRK1"
"HDAC1","FLT4","LRRK1"
"HDAC1","PTK2B","LRRK1"
"HDAC1","CTNND1","LRRK1"
"HDAC1","CEP192","LRRK1"
"HDAC1","GAB1","LRRK1"
"HDAC1","ESR1","LRRK1"
"HDAC1","ARRB2","LRRK1"
"HDAC1","GAB2","LRRK1"
"HDAC1","BCR-Dk","LRRK1"
"HDAC1","BCAR1","LRRK1"
"HDAC1","NOTCH","LRRK1"
"HDAC1","NCOA1","LRRK1"
"HDAC1","TAB3","LRRK1"
"HDAC1","IFIH1","LRRK1"
"HDAC1","BCR-Mk","LRRK1"
"HDAC1","CHUK","MAP3K11"
"HDAC1","SRC","MAP3K11"
"HDAC1","RPS6KA2","MAP3K11"
"HDAC1","MAPK8","MAP3K11"
"HDAC1","PTPN1","MAP3K11"
"HDAC1","KIT","MAP3K11"
"HDAC1","PTPRJ","MAP3K11"
"HDAC1","EIF2AK2","MAP3K11"
"HDAC1","MAP2K1","MAP3K11"
"HDAC1","TGFBR2","MAP3K11"
"HDAC1","CDK5","MAP3K11"
"HDAC1","AKT","MAP3K11"
"HDAC1","ABL2","MAP3K11"
"HDAC1","FBXW7","MAP3K11"
"HDAC1","AHSA1","MAP3K11"
"HDAC1","BTK","MAP3K11"
"HDAC1","CD19","MAP3K11"
"HDAC1","STAT1","MAP3K11"
"HDAC1","DVL2","MAP3K11"
"HDAC1","MAP2K2","MAP3K11"
"HDAC1","MEK1/2","MAP3K11"
"HDAC1","IKK-complex","MAP3K11"
"HDAC1","SHC1","MAP3K11"
"HDAC1","AXIN1","MAP3K11"
"HDAC1","MAPKAPK5","MAP3K11"
"HDAC1","DUSP16","MAP3K11"
"HDAC1","EPHA2","MAP3K11"
"HDAC1","BMX","MAP3K11"
"HDAC1","NEK6","MAP3K11"
"HDAC1","PIN1","MAP3K11"
"HDAC1","PARD6A","MAP3K11"
"HDAC1","CEP192","MAP3K11"
"HDAC1","ESR1","MAP3K11"
"HDAC1","INPP5D","MAP3K11"
"HDAC1","GAB2","MAP3K11"
"HDAC1","EZH2","MAP3K11"
"HDAC1","BCAR1","MAP3K11"
"HDAC1","BCR-Ml","MAP3K11"
"HDAC1","FERMT2","MAP3K11"
"HDAC1","ZMIZ1","MAP3K11"
"HDAC1","TAB3","MAP3K11"
"HDAC1","NPM1","MAP3K11"
"HDAC1","SPRY2","MAP3K11"
"HDAC1","BCR-Dl","MAP3K11"
"HDAC1","DDX58","MAP3K11"
"HDAC1","SH2B3","MAP3K11"
"HDAC1","DAB1","MAP3K11"
"HDAC1","BCR-Mk","MAP3K11"
"HDAC1","PLCG2","MAP3K11"
"HDAC1","RPS6KA2","CD28"
"HDAC1","PTEN","CD28"
"HDAC1","MAPK8","CD28"
"HDAC1","MTOR","CD28"
"HDAC1","MAPK1","CD28"
"HDAC1","Gbeta","CD28"
"HDAC1","KRAS","CD28"
"HDAC1","RPS6KB1","CD28"
"HDAC1","EIF2AK2","CD28"
"HDAC1","PDPK1","CD28"
"HDAC1","MAML3","CD28"
"HDAC1","MAP3K14","CD28"
"HDAC1","TGFBR2","CD28"
"HDAC1","PAK2","CD28"
"HDAC1","MAPK9","CD28"
"HDAC1","PRKD1","CD28"
"HDAC1","FBXW7","CD28"
"HDAC1","ITK","CD28"
"HDAC1","NCK1","CD28"
"HDAC1","AHSA1","CD28"
"HDAC1","BTK","CD28"
"HDAC1","TNK2","CD28"
"HDAC1","CD19","CD28"
"HDAC1","HSP90AB1","CD28"
"HDAC1","DVL2","CD28"
"HDAC1","MEK1/2","CD28"
"HDAC1","PTPN7","CD28"
"HDAC1","SHC1","CD28"
"HDAC1","AXIN1","CD28"
"HDAC1","DUSP16","CD28"
"HDAC1","EPHA2","CD28"
"HDAC1","PTPRR","CD28"
"HDAC1","BDKRB2","CD28"
"HDAC1","PTK2B","CD28"
"HDAC1","NEK6","CD28"
"HDAC1","PRKCI","CD28"
"HDAC1","CEP192","CD28"
"HDAC1","PTPRA","CD28"
"HDAC1","GAB2","CD28"
"HDAC1","EZH2","CD28"
"HDAC1","BCR-Dk","CD28"
"HDAC1","BCR-Ml","CD28"
"HDAC1","OPTN","CD28"
"HDAC1","IFIH1","CD28"
"HDAC1","DAB1","CD28"
"HDAC1","BCR-Mk","CD28"
"HDAC1","PLCG2","CD28"
"HDAC1","MAP3K8","NCOA3"
"HDAC1","MAPK8","GATA2"
"HDAC1","AKT1","GATA2"
"HDAC1","PRKCD","GATA2"
"HDAC1","PTPN1","GATA2"
"HDAC1","Gbeta","GATA2"
"HDAC1","KRAS","GATA2"
"HDAC1","KIT","GATA2"
"HDAC1","PTPRJ","GATA2"
"HDAC1","RPS6KB1","GATA2"
"HDAC1","PDPK1","GATA2"
"HDAC1","MAP3K14","GATA2"
"HDAC1","MAP2K1","GATA2"
"HDAC1","PPP1R2","GATA2"
"HDAC1","AKT","GATA2"
"HDAC1","RACK1","GATA2"
"HDAC1","DAPK1","GATA2"
"HDAC1","PXN","GATA2"
"HDAC1","ABL2","GATA2"
"HDAC1","FBXW7","GATA2"
"HDAC1","ITK","GATA2"
"HDAC1","NCK1","GATA2"
"HDAC1","BTK","GATA2"
"HDAC1","CD19","GATA2"
"HDAC1","HSP90AB1","GATA2"
"HDAC1","MEK1/2","GATA2"
"HDAC1","PTPN7","GATA2"
"HDAC1","EPS15","GATA2"
"HDAC1","SHC1","GATA2"
"HDAC1","MAPK8IP3","GATA2"
"HDAC1","AXIN1","GATA2"
"HDAC1","DUSP16","GATA2"
"HDAC1","NEK6","GATA2"
"HDAC1","PRKCI","GATA2"
"HDAC1","CTNND1","GATA2"
"HDAC1","PARD6A","GATA2"
"HDAC1","CEP192","GATA2"
"HDAC1","PTPRA","GATA2"
"HDAC1","GRIP1","GATA2"
"HDAC1","ESR1","GATA2"
"HDAC1","ARRB2","GATA2"
"HDAC1","INPP5D","GATA2"
"HDAC1","BCAR1","GATA2"
"HDAC1","BCR-Ml","GATA2"
"HDAC1","NOTCH","GATA2"
"HDAC1","NCOA1","GATA2"
"HDAC1","ZMIZ1","GATA2"
"HDAC1","TAB3","GATA2"
"HDAC1","NPM1","GATA2"
"HDAC1","OPTN","GATA2"
"HDAC1","SPRY2","GATA2"
"HDAC1","BCR-Dl","GATA2"
"HDAC1","DDX58","GATA2"
"HDAC1","ROR2","GATA2"
"HDAC1","DAB1","GATA2"
"HDAC1","BCR-Mk","GATA2"
"HDAC1","SRC","MAPKAPK3"
"HDAC1","RPS6KA2","MAPKAPK3"
"HDAC1","MAPK8","MAPKAPK3"
"HDAC1","MTOR","MAPKAPK3"
"HDAC1","AKT1","MAPKAPK3"
"HDAC1","PRKCD","MAPKAPK3"
"HDAC1","PTPN1","MAPKAPK3"
"HDAC1","Gbeta","MAPKAPK3"
"HDAC1","KRAS","MAPKAPK3"
"HDAC1","PTPRJ","MAPKAPK3"
"HDAC1","PDPK1","MAPKAPK3"
"HDAC1","MAML3","MAPKAPK3"
"HDAC1","MAP2K1","MAPKAPK3"
"HDAC1","TGFBR2","MAPKAPK3"
"HDAC1","PAK2","MAPKAPK3"
"HDAC1","CDK5","MAPKAPK3"
"HDAC1","AKT","MAPKAPK3"
"HDAC1","MAPK9","MAPKAPK3"
"HDAC1","RACK1","MAPKAPK3"
"HDAC1","PRKD1","MAPKAPK3"
"HDAC1","ABL2","MAPKAPK3"
"HDAC1","FBXW7","MAPKAPK3"
"HDAC1","ITK","MAPKAPK3"
"HDAC1","NCK1","MAPKAPK3"
"HDAC1","AHSA1","MAPKAPK3"
"HDAC1","TNK2","MAPKAPK3"
"HDAC1","YAP1","MAPKAPK3"
"HDAC1","CD19","MAPKAPK3"
"HDAC1","DVL2","MAPKAPK3"
"HDAC1","MAP2K2","MAPKAPK3"
"HDAC1","MAPK10","MAPKAPK3"
"HDAC1","DYRK1B","MAPKAPK3"
"HDAC1","MEK1/2","MAPKAPK3"
"HDAC1","PTPN7","MAPKAPK3"
"HDAC1","CDKN2A","MAPKAPK3"
"HDAC1","MAP4K1","MAPKAPK3"
"HDAC1","MAPK8IP3","MAPKAPK3"
"HDAC1","DUSP16","MAPKAPK3"
"HDAC1","EPHA2","MAPKAPK3"
"HDAC1","PTPRR","MAPKAPK3"
"HDAC1","BDKRB2","MAPKAPK3"
"HDAC1","FLT4","MAPKAPK3"
"HDAC1","BMX","MAPKAPK3"
"HDAC1","PTK2B","MAPKAPK3"
"HDAC1","SNW1","MAPKAPK3"
"HDAC1","PRKCI","MAPKAPK3"
"HDAC1","PIN1","MAPKAPK3"
"HDAC1","PARD6A","MAPKAPK3"
"HDAC1","CEP192","MAPKAPK3"
"HDAC1","PTPRA","MAPKAPK3"
"HDAC1","ESR1","MAPKAPK3"
"HDAC1","INPP5D","MAPKAPK3"
"HDAC1","GAB2","MAPKAPK3"
"HDAC1","EZH2","MAPKAPK3"
"HDAC1","BCAR1","MAPKAPK3"
"HDAC1","NOTCH","MAPKAPK3"
"HDAC1","NCOA1","MAPKAPK3"
"HDAC1","TAB3","MAPKAPK3"
"HDAC1","NPM1","MAPKAPK3"
"HDAC1","GCSAM","MAPKAPK3"
"HDAC1","OPTN","MAPKAPK3"
"HDAC1","BCR-Dl","MAPKAPK3"
"HDAC1","ROR2","MAPKAPK3"
"HDAC1","IFIH1","MAPKAPK3"
"HDAC1","SH2B3","MAPKAPK3"
"HDAC1","CHUK","SYN3"
"HDAC1","SRC","SYN3"
"HDAC1","RPS6KA2","SYN3"
"HDAC1","PTEN","SYN3"
"HDAC1","MTOR","SYN3"
"HDAC1","AKT1","SYN3"
"HDAC1","MAPK1","SYN3"
"HDAC1","PTPN1","SYN3"
"HDAC1","KRAS","SYN3"
"HDAC1","PTPRJ","SYN3"
"HDAC1","RPS6KB1","SYN3"
"HDAC1","MAML3","SYN3"
"HDAC1","GSK3B","SYN3"
"HDAC1","TGFBR2","SYN3"
"HDAC1","PAK2","SYN3"
"HDAC1","AKT","SYN3"
"HDAC1","MAPK9","SYN3"
"HDAC1","WWTR1","SYN3"
"HDAC1","DAPK1","SYN3"
"HDAC1","PRKD1","SYN3"
"HDAC1","FBXW7","SYN3"
"HDAC1","NCK1","SYN3"
"HDAC1","AHSA1","SYN3"
"HDAC1","YAP1","SYN3"
"HDAC1","CD19","SYN3"
"HDAC1","STAT1","SYN3"
"HDAC1","HSP90AB1","SYN3"
"HDAC1","MAP2K2","SYN3"
"HDAC1","MAPK10","SYN3"
"HDAC1","DYRK1B","SYN3"
"HDAC1","JAK1","SYN3"
"HDAC1","MAP4K1","SYN3"
"HDAC1","SHC1","SYN3"
"HDAC1","AXIN1","SYN3"
"HDAC1","MAPKAPK5","SYN3"
"HDAC1","DUSP16","SYN3"
"HDAC1","PTPRR","SYN3"
"HDAC1","FLT4","SYN3"
"HDAC1","PTK2B","SYN3"
"HDAC1","PARD6A","SYN3"
"HDAC1","GAB1","SYN3"
"HDAC1","PTPRA","SYN3"
"HDAC1","GRIP1","SYN3"
"HDAC1","ESR1","SYN3"
"HDAC1","BCAR1","SYN3"
"HDAC1","FERMT2","SYN3"
"HDAC1","SPRY2","SYN3"
"HDAC1","BCR-Dl","SYN3"
"HDAC1","IFIH1","SYN3"
"HDAC1","SH2B3","SYN3"
"HDAC1","RPS6KA2","KAT2A"
"HDAC1","PTEN","KAT2A"
"HDAC1","MTOR","KAT2A"
"HDAC1","AKT1","KAT2A"
"HDAC1","PRKCD","KAT2A"
"HDAC1","PTPN1","KAT2A"
"HDAC1","KIT","KAT2A"
"HDAC1","RPS6KB1","KAT2A"
"HDAC1","EIF2AK2","KAT2A"
"HDAC1","PDPK1","KAT2A"
"HDAC1","MAP3K14","KAT2A"
"HDAC1","CDK5","KAT2A"
"HDAC1","AKT","KAT2A"
"HDAC1","MAPK9","KAT2A"
"HDAC1","RACK1","KAT2A"
"HDAC1","DAPK1","KAT2A"
"HDAC1","FBXW7","KAT2A"
"HDAC1","ITK","KAT2A"
"HDAC1","NCK1","KAT2A"
"HDAC1","YAP1","KAT2A"
"HDAC1","STAT1","KAT2A"
"HDAC1","HSP90AB1","KAT2A"
"HDAC1","JAK1","KAT2A"
"HDAC1","PTPN7","KAT2A"
"HDAC1","CDKN2A","KAT2A"
"HDAC1","EPS15","KAT2A"
"HDAC1","SHC1","KAT2A"
"HDAC1","MAPK8IP3","KAT2A"
"HDAC1","AXIN1","KAT2A"
"HDAC1","MAPKAPK5","KAT2A"
"HDAC1","DUSP16","KAT2A"
"HDAC1","EPHA2","KAT2A"
"HDAC1","MAP3K8","KAT2A"
"HDAC1","PTPRR","KAT2A"
"HDAC1","BDKRB2","KAT2A"
"HDAC1","FLT4","KAT2A"
"HDAC1","PTK2B","KAT2A"
"HDAC1","SNW1","KAT2A"
"HDAC1","PRKCI","KAT2A"
"HDAC1","PIN1","KAT2A"
"HDAC1","PARD6A","KAT2A"
"HDAC1","PTPRA","KAT2A"
"HDAC1","GRIP1","KAT2A"
"HDAC1","ARRB2","KAT2A"
"HDAC1","INPP5D","KAT2A"
"HDAC1","FERMT2","KAT2A"
"HDAC1","ZMIZ1","KAT2A"
"HDAC1","GCSAM","KAT2A"
"HDAC1","CHUK","MAF"
"HDAC1","MTOR","MAF"
"HDAC1","PRKCD","MAF"
"HDAC1","MAPK1","MAF"
"HDAC1","PTPRJ","MAF"
"HDAC1","MAP2K1","MAF"
"HDAC1","TGFBR2","MAF"
"HDAC1","CDK5","MAF"
"HDAC1","AKT","MAF"
"HDAC1","DAPK1","MAF"
"HDAC1","PXN","MAF"
"HDAC1","ABL2","MAF"
"HDAC1","AHSA1","MAF"
"HDAC1","CD19","MAF"
"HDAC1","DVL2","MAF"
"HDAC1","MAPK10","MAF"
"HDAC1","DYRK1B","MAF"
"HDAC1","MEK1/2","MAF"
"HDAC1","JAK1","MAF"
"HDAC1","PTPN7","MAF"
"HDAC1","CDKN2A","MAF"
"HDAC1","EPS15","MAF"
"HDAC1","IKK-complex","MAF"
"HDAC1","PTPRR","MAF"
"HDAC1","PTK2B","MAF"
"HDAC1","SNW1","MAF"
"HDAC1","EZH2","MAF"
"HDAC1","BCR-Dk","MAF"
"HDAC1","NCOA1","MAF"
"HDAC1","FERMT2","MAF"
"HDAC1","ZMIZ1","MAF"
"HDAC1","TAB3","MAF"
"HDAC1","ROR2","MAF"
"HDAC1","IFIH1","MAF"
"HDAC1","BCR-Mk","MAF"
"HDAC1","CHUK","INPP5D"
"HDAC1","PTEN","INPP5D"
"HDAC1","MAPK8","INPP5D"
"HDAC1","MTOR","INPP5D"
"HDAC1","AKT1","INPP5D"
"HDAC1","Gbeta","INPP5D"
"HDAC1","PTPRJ","INPP5D"
"HDAC1","EIF2AK2","INPP5D"
"HDAC1","MAP3K14","INPP5D"
"HDAC1","GSK3B","INPP5D"
"HDAC1","TGFBR2","INPP5D"
"HDAC1","PAK2","INPP5D"
"HDAC1","CDK5","INPP5D"
"HDAC1","MAPK9","INPP5D"
"HDAC1","DAPK1","INPP5D"
"HDAC1","PXN","INPP5D"
"HDAC1","PRKD1","INPP5D"
"HDAC1","ABL2","INPP5D"
"HDAC1","BTK","INPP5D"
"HDAC1","TNK2","INPP5D"
"HDAC1","YAP1","INPP5D"
"HDAC1","CD19","INPP5D"
"HDAC1","STAT1","INPP5D"
"HDAC1","DVL2","INPP5D"
"HDAC1","MAP2K2","INPP5D"
"HDAC1","MAPK10","INPP5D"
"HDAC1","JAK1","INPP5D"
"HDAC1","PTPN7","INPP5D"
"HDAC1","CDKN2A","INPP5D"
"HDAC1","MAPKAPK5","INPP5D"
"HDAC1","DUSP16","INPP5D"
"HDAC1","PTPRR","INPP5D"
"HDAC1","BDKRB2","INPP5D"
"HDAC1","FLT4","INPP5D"
"HDAC1","BMX","INPP5D"
"HDAC1","SNW1","INPP5D"
"HDAC1","NEK6","INPP5D"
"HDAC1","PRKCI","INPP5D"
"HDAC1","CTNND1","INPP5D"
"HDAC1","PIN1","INPP5D"
"HDAC1","CEP192","INPP5D"
"HDAC1","GAB1","INPP5D"
"HDAC1","PTPRA","INPP5D"
"HDAC1","GRIP1","INPP5D"
"HDAC1","GAB2","INPP5D"
"HDAC1","EZH2","INPP5D"
"HDAC1","BCAR1","INPP5D"
"HDAC1","BCR-Ml","INPP5D"
"HDAC1","NOTCH","INPP5D"
"HDAC1","NCOA1","INPP5D"
"HDAC1","ZMIZ1","INPP5D"
"HDAC1","TAB3","INPP5D"
"HDAC1","NPM1","INPP5D"
"HDAC1","GCSAM","INPP5D"
"HDAC1","SPRY2","INPP5D"
"HDAC1","BCR-Dl","INPP5D"
"HDAC1","DDX58","INPP5D"
"HDAC1","ROR2","INPP5D"
"HDAC1","IFIH1","INPP5D"
"HDAC1","DAB1","INPP5D"
"HDAC1","PLCG2","INPP5D"
"HDAC1","CHUK","RAN"
"HDAC1","SRC","RAN"
"HDAC1","RPS6KA2","RAN"
"HDAC1","PTEN","RAN"
"HDAC1","MAPK8","RAN"
"HDAC1","MTOR","RAN"
"HDAC1","AKT1","RAN"
"HDAC1","PRKCD","RAN"
"HDAC1","MAPK1","RAN"
"HDAC1","PTPN1","RAN"
"HDAC1","KRAS","RAN"
"HDAC1","PTPRJ","RAN"
"HDAC1","RPS6KB1","RAN"
"HDAC1","EIF2AK2","RAN"
"HDAC1","PDPK1","RAN"
"HDAC1","MAP2K1","RAN"
"HDAC1","GSK3B","RAN"
"HDAC1","PAK2","RAN"
"HDAC1","MAPK9","RAN"
"HDAC1","WWTR1","RAN"
"HDAC1","PXN","RAN"
"HDAC1","PRKD1","RAN"
"HDAC1","ABL2","RAN"
"HDAC1","NCK1","RAN"
"HDAC1","TNK2","RAN"
"HDAC1","CD19","RAN"
"HDAC1","HSP90AB1","RAN"
"HDAC1","MAP2K2","RAN"
"HDAC1","JAK1","RAN"
"HDAC1","CDKN2A","RAN"
"HDAC1","MAP4K1","RAN"
"HDAC1","IKK-complex","RAN"
"HDAC1","MAPKAPK5","RAN"
"HDAC1","DUSP16","RAN"
"HDAC1","EPHA2","RAN"
"HDAC1","BMX","RAN"
"HDAC1","PTK2B","RAN"
"HDAC1","SNW1","RAN"
"HDAC1","PRKCI","RAN"
"HDAC1","PARD6A","RAN"
"HDAC1","INPP5D","RAN"
"HDAC1","ZMIZ1","RAN"
"HDAC1","BCR-Dl","RAN"
"HDAC1","DDX58","RAN"
"HDAC1","IFIH1","RAN"
"HDAC1","PLCG2","RAN"
"HDAC1","SRC","H2AX"
"HDAC1","RPS6KA2","H2AX"
"HDAC1","MAPK8","H2AX"
"HDAC1","MTOR","H2AX"
"HDAC1","AKT1","H2AX"
"HDAC1","PRKCD","H2AX"
"HDAC1","MAPK1","H2AX"
"HDAC1","Gbeta","H2AX"
"HDAC1","KRAS","H2AX"
"HDAC1","KIT","H2AX"
"HDAC1","RPS6KB1","H2AX"
"HDAC1","PDPK1","H2AX"
"HDAC1","MAP2K1","H2AX"
"HDAC1","TGFBR2","H2AX"
"HDAC1","PAK2","H2AX"
"HDAC1","PPP1R2","H2AX"
"HDAC1","CDK5","H2AX"
"HDAC1","AKT","H2AX"
"HDAC1","WWTR1","H2AX"
"HDAC1","PXN","H2AX"
"HDAC1","PRKD1","H2AX"
"HDAC1","ABL2","H2AX"
"HDAC1","ITK","H2AX"
"HDAC1","NCK1","H2AX"
"HDAC1","BTK","H2AX"
"HDAC1","TNK2","H2AX"
"HDAC1","YAP1","H2AX"
"HDAC1","HSP90AB1","H2AX"
"HDAC1","MAPK10","H2AX"
"HDAC1","DYRK1B","H2AX"
"HDAC1","JAK1","H2AX"
"HDAC1","PTPN7","H2AX"
"HDAC1","CDKN2A","H2AX"
"HDAC1","MAP4K1","H2AX"
"HDAC1","IKK-complex","H2AX"
"HDAC1","MAPK8IP3","H2AX"
"HDAC1","EPHA2","H2AX"
"HDAC1","BDKRB2","H2AX"
"HDAC1","FLT4","H2AX"
"HDAC1","PTK2B","H2AX"
"HDAC1","SNW1","H2AX"
"HDAC1","CTNND1","H2AX"
"HDAC1","PIN1","H2AX"
"HDAC1","PARD6A","H2AX"
"HDAC1","CEP192","H2AX"
"HDAC1","GAB1","H2AX"
"HDAC1","GRIP1","H2AX"
"HDAC1","ESR1","H2AX"
"HDAC1","ARRB2","H2AX"
"HDAC1","INPP5D","H2AX"
"HDAC1","GAB2","H2AX"
"HDAC1","EZH2","H2AX"
"HDAC1","BCAR1","H2AX"
"HDAC1","BCR-Ml","H2AX"
"HDAC1","NOTCH","H2AX"
"HDAC1","NCOA1","H2AX"
"HDAC1","FERMT2","H2AX"
"HDAC1","ZMIZ1","H2AX"
"HDAC1","TAB3","H2AX"
"HDAC1","NPM1","H2AX"
"HDAC1","GCSAM","H2AX"
"HDAC1","SPRY2","H2AX"
"HDAC1","DAB1","H2AX"
"HDAC1","BCR-Mk","H2AX"
"HDAC1","PLCG2","H2AX"
"HDAC1","CHUK","FHIT"
"HDAC1","PTEN","FHIT"
"HDAC1","MTOR","FHIT"
"HDAC1","MAPK1","FHIT"
"HDAC1","PTPN1","FHIT"
"HDAC1","Gbeta","FHIT"
"HDAC1","KRAS","FHIT"
"HDAC1","KIT","FHIT"
"HDAC1","RPS6KB1","FHIT"
"HDAC1","MAML3","FHIT"
"HDAC1","TGFBR2","FHIT"
"HDAC1","PAK2","FHIT"
"HDAC1","PRKD1","FHIT"
"HDAC1","ITK","FHIT"
"HDAC1","NCK1","FHIT"
"HDAC1","BTK","FHIT"
"HDAC1","YAP1","FHIT"
"HDAC1","HSP90AB1","FHIT"
"HDAC1","DVL2","FHIT"
"HDAC1","MAP2K2","FHIT"
"HDAC1","DYRK1B","FHIT"
"HDAC1","MEK1/2","FHIT"
"HDAC1","JAK1","FHIT"
"HDAC1","EPS15","FHIT"
"HDAC1","SHC1","FHIT"
"HDAC1","MAPK8IP3","FHIT"
"HDAC1","BMX","FHIT"
"HDAC1","PRKCI","FHIT"
"HDAC1","CTNND1","FHIT"
"HDAC1","PIN1","FHIT"
"HDAC1","PARD6A","FHIT"
"HDAC1","CEP192","FHIT"
"HDAC1","PTPRA","FHIT"
"HDAC1","ESR1","FHIT"
"HDAC1","EZH2","FHIT"
"HDAC1","BCR-Dk","FHIT"
"HDAC1","BCR-Ml","FHIT"
"HDAC1","FERMT2","FHIT"
"HDAC1","TAB3","FHIT"
"HDAC1","GCSAM","FHIT"
"HDAC1","OPTN","FHIT"
"HDAC1","SPRY2","FHIT"
"HDAC1","BCR-Dl","FHIT"
"HDAC1","ROR2","FHIT"
"HDAC1","IFIH1","FHIT"
"HDAC1","DAB1","FHIT"
"HDAC1","BCR-Mk","FHIT"
"HDAC1","PLCG2","FHIT"
"HDAC1","MAPK8","GAB2"
"HDAC1","MTOR","GAB2"
"HDAC1","AKT1","GAB2"
"HDAC1","KRAS","GAB2"
"HDAC1","KIT","GAB2"
"HDAC1","PTPRJ","GAB2"
"HDAC1","EIF2AK2","GAB2"
"HDAC1","PPP1R2","GAB2"
"HDAC1","CDK5","GAB2"
"HDAC1","WWTR1","GAB2"
"HDAC1","RACK1","GAB2"
"HDAC1","PXN","GAB2"
"HDAC1","PRKD1","GAB2"
"HDAC1","ABL2","GAB2"
"HDAC1","FBXW7","GAB2"
"HDAC1","NCK1","GAB2"
"HDAC1","BTK","GAB2"
"HDAC1","TNK2","GAB2"
"HDAC1","YAP1","GAB2"
"HDAC1","CD19","GAB2"
"HDAC1","STAT1","GAB2"
"HDAC1","HSP90AB1","GAB2"
"HDAC1","DVL2","GAB2"
"HDAC1","MAP2K2","GAB2"
"HDAC1","MAPK10","GAB2"
"HDAC1","DYRK1B","GAB2"
"HDAC1","MEK1/2","GAB2"
"HDAC1","CDKN2A","GAB2"
"HDAC1","EPS15","GAB2"
"HDAC1","IKK-complex","GAB2"
"HDAC1","MAPKAPK5","GAB2"
"HDAC1","BDKRB2","GAB2"
"HDAC1","FLT4","GAB2"
"HDAC1","BMX","GAB2"
"HDAC1","PTK2B","GAB2"
"HDAC1","NEK6","GAB2"
"HDAC1","PRKCI","GAB2"
"HDAC1","CTNND1","GAB2"
"HDAC1","PIN1","GAB2"
"HDAC1","PARD6A","GAB2"
"HDAC1","CEP192","GAB2"
"HDAC1","GRIP1","GAB2"
"HDAC1","ESR1","GAB2"
"HDAC1","ARRB2","GAB2"
"HDAC1","BCR-Ml","GAB2"
"HDAC1","NOTCH","GAB2"
"HDAC1","NCOA1","GAB2"
"HDAC1","FERMT2","GAB2"
"HDAC1","GCSAM","GAB2"
"HDAC1","OPTN","GAB2"
"HDAC1","SPRY2","GAB2"
"HDAC1","BCR-Dl","GAB2"
"HDAC1","PLCG2","GAB2"
"HDAC1","PTEN","EZH2"
"HDAC1","MAPK8","EZH2"
"HDAC1","MTOR","EZH2"
"HDAC1","PRKCD","EZH2"
"HDAC1","PTPN1","EZH2"
"HDAC1","Gbeta","EZH2"
"HDAC1","KIT","EZH2"
"HDAC1","PTPRJ","EZH2"
"HDAC1","RPS6KB1","EZH2"
"HDAC1","MAP3K14","EZH2"
"HDAC1","MAP2K1","EZH2"
"HDAC1","GSK3B","EZH2"
"HDAC1","TGFBR2","EZH2"
"HDAC1","PAK2","EZH2"
"HDAC1","AKT","EZH2"
"HDAC1","MAPK9","EZH2"
"HDAC1","RACK1","EZH2"
"HDAC1","PRKD1","EZH2"
"HDAC1","FBXW7","EZH2"
"HDAC1","ITK","EZH2"
"HDAC1","AHSA1","EZH2"
"HDAC1","BTK","EZH2"
"HDAC1","TNK2","EZH2"
"HDAC1","YAP1","EZH2"
"HDAC1","STAT1","EZH2"
"HDAC1","HSP90AB1","EZH2"
"HDAC1","DVL2","EZH2"
"HDAC1","DYRK1B","EZH2"
"HDAC1","JAK1","EZH2"
"HDAC1","CDKN2A","EZH2"
"HDAC1","IKK-complex","EZH2"
"HDAC1","MAPK8IP3","EZH2"
"HDAC1","AXIN1","EZH2"
"HDAC1","MAPKAPK5","EZH2"
"HDAC1","DUSP16","EZH2"
"HDAC1","BDKRB2","EZH2"
"HDAC1","FLT4","EZH2"
"HDAC1","PTK2B","EZH2"
"HDAC1","NEK6","EZH2"
"HDAC1","PRKCI","EZH2"
"HDAC1","CTNND1","EZH2"
"HDAC1","PIN1","EZH2"
"HDAC1","PARD6A","EZH2"
"HDAC1","CEP192","EZH2"
"HDAC1","PTPRA","EZH2"
"HDAC1","GRIP1","EZH2"
"HDAC1","ARRB2","EZH2"
"HDAC1","GAB2","EZH2"
"HDAC1","BCR-Dk","EZH2"
"HDAC1","BCAR1","EZH2"
"HDAC1","BCR-Ml","EZH2"
"HDAC1","NCOA1","EZH2"
"HDAC1","FERMT2","EZH2"
"HDAC1","TAB3","EZH2"
"HDAC1","NPM1","EZH2"
"HDAC1","GCSAM","EZH2"
"HDAC1","OPTN","EZH2"
"HDAC1","SPRY2","EZH2"
"HDAC1","BCR-Dl","EZH2"
"HDAC1","SH2B3","EZH2"
"HDAC1","DAB1","EZH2"
"HDAC1","PLCG2","EZH2"
"HDAC1","CHUK","BCR-Dk"
"HDAC1","MTOR","BCR-Dk"
"HDAC1","AKT1","BCR-Dk"
"HDAC1","PTPN1","BCR-Dk"
"HDAC1","Gbeta","BCR-Dk"
"HDAC1","KIT","BCR-Dk"
"HDAC1","PTPRJ","BCR-Dk"
"HDAC1","PDPK1","BCR-Dk"
"HDAC1","MAML3","BCR-Dk"
"HDAC1","MAP3K14","BCR-Dk"
"HDAC1","GSK3B","BCR-Dk"
"HDAC1","TGFBR2","BCR-Dk"
"HDAC1","PAK2","BCR-Dk"
"HDAC1","PPP1R2","BCR-Dk"
"HDAC1","RACK1","BCR-Dk"
"HDAC1","DAPK1","BCR-Dk"
"HDAC1","ABL2","BCR-Dk"
"HDAC1","FBXW7","BCR-Dk"
"HDAC1","ITK","BCR-Dk"
"HDAC1","BTK","BCR-Dk"
"HDAC1","STAT1","BCR-Dk"
"HDAC1","HSP90AB1","BCR-Dk"
"HDAC1","MAP2K2","BCR-Dk"
"HDAC1","MAPK10","BCR-Dk"
"HDAC1","DYRK1B","BCR-Dk"
"HDAC1","MEK1/2","BCR-Dk"
"HDAC1","PTPN7","BCR-Dk"
"HDAC1","CDKN2A","BCR-Dk"
"HDAC1","EPS15","BCR-Dk"
"HDAC1","SHC1","BCR-Dk"
"HDAC1","AXIN1","BCR-Dk"
"HDAC1","DUSP16","BCR-Dk"
"HDAC1","EPHA2","BCR-Dk"
"HDAC1","BMX","BCR-Dk"
"HDAC1","PTK2B","BCR-Dk"
"HDAC1","SNW1","BCR-Dk"
"HDAC1","PRKCI","BCR-Dk"
"HDAC1","CTNND1","BCR-Dk"
"HDAC1","PARD6A","BCR-Dk"
"HDAC1","GAB1","BCR-Dk"
"HDAC1","GRIP1","BCR-Dk"
"HDAC1","ESR1","BCR-Dk"
"HDAC1","EZH2","BCR-Dk"
"HDAC1","BCR-Ml","BCR-Dk"
"HDAC1","NOTCH","BCR-Dk"
"HDAC1","NCOA1","BCR-Dk"
"HDAC1","FERMT2","BCR-Dk"
"HDAC1","ZMIZ1","BCR-Dk"
"HDAC1","TAB3","BCR-Dk"
"HDAC1","GCSAM","BCR-Dk"
"HDAC1","BCR-Dl","BCR-Dk"
"HDAC1","DDX58","BCR-Dk"
"HDAC1","ROR2","BCR-Dk"
"HDAC1","IFIH1","BCR-Dk"
"HDAC1","SH2B3","BCR-Dk"
"HDAC1","DAB1","BCR-Dk"
"HDAC1","BCR-Mk","BCR-Dk"
"HDAC1","PLCG2","BCR-Dk"
"HDAC1","CHUK","CAD"
"HDAC1","SRC","CAD"
"HDAC1","RPS6KA2","CAD"
"HDAC1","PTEN","CAD"
"HDAC1","MAPK8","CAD"
"HDAC1","MTOR","CAD"
"HDAC1","AKT1","CAD"
"HDAC1","PRKCD","CAD"
"HDAC1","MAPK1","CAD"
"HDAC1","PTPN1","CAD"
"HDAC1","KRAS","CAD"
"HDAC1","EIF2AK2","CAD"
"HDAC1","PDPK1","CAD"
"HDAC1","MAP3K14","CAD"
"HDAC1","MAP2K1","CAD"
"HDAC1","CDK5","CAD"
"HDAC1","WWTR1","CAD"
"HDAC1","RACK1","CAD"
"HDAC1","PXN","CAD"
"HDAC1","FBXW7","CAD"
"HDAC1","NCK1","CAD"
"HDAC1","BTK","CAD"
"HDAC1","TNK2","CAD"
"HDAC1","CD19","CAD"
"HDAC1","STAT1","CAD"
"HDAC1","MEK1/2","CAD"
"HDAC1","JAK1","CAD"
"HDAC1","MAP4K1","CAD"
"HDAC1","MAPK8IP3","CAD"
"HDAC1","MAPKAPK5","CAD"
"HDAC1","BDKRB2","CAD"
"HDAC1","FLT4","CAD"
"HDAC1","PTK2B","CAD"
"HDAC1","SNW1","CAD"
"HDAC1","NEK6","CAD"
"HDAC1","PARD6A","CAD"
"HDAC1","CEP192","CAD"
"HDAC1","PTPRA","CAD"
"HDAC1","GRIP1","CAD"
"HDAC1","ARRB2","CAD"
"HDAC1","INPP5D","CAD"
"HDAC1","EZH2","CAD"
"HDAC1","BCR-Dk","CAD"
"HDAC1","BCAR1","CAD"
"HDAC1","BCR-Ml","CAD"
"HDAC1","NOTCH","CAD"
"HDAC1","NCOA1","CAD"
"HDAC1","ZMIZ1","CAD"
"HDAC1","GCSAM","CAD"
"HDAC1","OPTN","CAD"
"HDAC1","DDX58","CAD"
"HDAC1","ROR2","CAD"
"HDAC1","DAB1","CAD"
"HDAC1","BCR-Mk","CAD"
"HDAC1","PLCG2","CAD"
"HDAC1","PTEN","SIRT1"
"HDAC1","AKT1","SIRT1"
"HDAC1","Gbeta","SIRT1"
"HDAC1","KRAS","SIRT1"
"HDAC1","RPS6KB1","SIRT1"
"HDAC1","MAML3","SIRT1"
"HDAC1","GSK3B","SIRT1"
"HDAC1","TGFBR2","SIRT1"
"HDAC1","CDK5","SIRT1"
"HDAC1","MAPK9","SIRT1"
"HDAC1","RACK1","SIRT1"
"HDAC1","DAPK1","SIRT1"
"HDAC1","PRKD1","SIRT1"
"HDAC1","ITK","SIRT1"
"HDAC1","AHSA1","SIRT1"
"HDAC1","YAP1","SIRT1"
"HDAC1","HSP90AB1","SIRT1"
"HDAC1","MAPK10","SIRT1"
"HDAC1","DYRK1B","SIRT1"
"HDAC1","PTPN7","SIRT1"
"HDAC1","CDKN2A","SIRT1"
"HDAC1","EPS15","SIRT1"
"HDAC1","SHC1","SIRT1"
"HDAC1","MAPK8IP3","SIRT1"
"HDAC1","MAPKAPK5","SIRT1"
"HDAC1","EPHA2","SIRT1"
"HDAC1","FLT4","SIRT1"
"HDAC1","GAB1","SIRT1"
"HDAC1","GRIP1","SIRT1"
"HDAC1","BCR-Dk","SIRT1"
"HDAC1","NCOA1","SIRT1"
"HDAC1","GCSAM","SIRT1"
"HDAC1","OPTN","SIRT1"
"HDAC1","DDX58","SIRT1"
"HDAC1","ROR2","SIRT1"
"HDAC1","IFIH1","SIRT1"
"HDAC1","PLCG2","SIRT1"
"HDAC1","CHUK","THRA"
"HDAC1","SRC","THRA"
"HDAC1","MTOR","THRA"
"HDAC1","AKT1","THRA"
"HDAC1","PTPN1","THRA"
"HDAC1","KIT","THRA"
"HDAC1","RPS6KB1","THRA"
"HDAC1","PDPK1","THRA"
"HDAC1","MAP3K14","THRA"
"HDAC1","PAK2","THRA"
"HDAC1","PPP1R2","THRA"
"HDAC1","CDK5","THRA"
"HDAC1","AKT","THRA"
"HDAC1","PRKD1","THRA"
"HDAC1","ABL2","THRA"
"HDAC1","FBXW7","THRA"
"HDAC1","ITK","THRA"
"HDAC1","AHSA1","THRA"
"HDAC1","BTK","THRA"
"HDAC1","TNK2","THRA"
"HDAC1","YAP1","THRA"
"HDAC1","HSP90AB1","THRA"
"HDAC1","MAP2K2","THRA"
"HDAC1","DYRK1B","THRA"
"HDAC1","MAP4K1","THRA"
"HDAC1","MAP3K8","THRA"
"HDAC1","SNW1","THRA"
"HDAC1","NEK6","THRA"
"HDAC1","PRKCI","THRA"
"HDAC1","PIN1","THRA"
"HDAC1","CEP192","THRA"
"HDAC1","GAB1","THRA"
"HDAC1","GRIP1","THRA"
"HDAC1","GAB2","THRA"
"HDAC1","BCR-Dk","THRA"
"HDAC1","NCOA1","THRA"
"HDAC1","FERMT2","THRA"
"HDAC1","ZMIZ1","THRA"
"HDAC1","NPM1","THRA"
"HDAC1","GCSAM","THRA"
"HDAC1","DDX58","THRA"
"HDAC1","IFIH1","THRA"
"HDAC1","DAB1","THRA"
"HDAC1","PLCG2","THRA"
"HDAC1","CHUK","BCAR1"
"HDAC1","PTEN","BCAR1"
"HDAC1","MTOR","BCAR1"
"HDAC1","AKT1","BCAR1"
"HDAC1","MAPK1","BCAR1"
"HDAC1","Gbeta","BCAR1"
"HDAC1","KIT","BCAR1"
"HDAC1","RPS6KB1","BCAR1"
"HDAC1","EIF2AK2","BCAR1"
"HDAC1","MAML3","BCAR1"
"HDAC1","MAP3K14","BCAR1"
"HDAC1","MAP2K1","BCAR1"
"HDAC1","PAK2","BCAR1"
"HDAC1","AKT","BCAR1"
"HDAC1","WWTR1","BCAR1"
"HDAC1","DAPK1","BCAR1"
"HDAC1","AHSA1","BCAR1"
"HDAC1","BTK","BCAR1"
"HDAC1","STAT1","BCAR1"
"HDAC1","DYRK1B","BCAR1"
"HDAC1","JAK1","BCAR1"
"HDAC1","MAP4K1","BCAR1"
"HDAC1","EPS15","BCAR1"
"HDAC1","IKK-complex","BCAR1"
"HDAC1","MAPK8IP3","BCAR1"
"HDAC1","MAPKAPK5","BCAR1"
"HDAC1","EPHA2","BCAR1"
"HDAC1","PTPRR","BCAR1"
"HDAC1","BMX","BCAR1"
"HDAC1","PTK2B","BCAR1"
"HDAC1","CTNND1","BCAR1"
"HDAC1","PIN1","BCAR1"
"HDAC1","GRIP1","BCAR1"
"HDAC1","ESR1","BCAR1"
"HDAC1","INPP5D","BCAR1"
"HDAC1","EZH2","BCAR1"
"HDAC1","BCR-Ml","BCAR1"
"HDAC1","NCOA1","BCAR1"
"HDAC1","ZMIZ1","BCAR1"
"HDAC1","NPM1","BCAR1"
"HDAC1","GCSAM","BCAR1"
"HDAC1","OPTN","BCAR1"
"HDAC1","SPRY2","BCAR1"
"HDAC1","ROR2","BCAR1"
"HDAC1","IFIH1","BCAR1"
"HDAC1","SH2B3","BCAR1"
"HDAC1","BCR-Mk","BCAR1"
"HDAC1","CHUK","TPR"
"HDAC1","RPS6KA2","TPR"
"HDAC1","MAPK8","TPR"
"HDAC1","PRKCD","TPR"
"HDAC1","Gbeta","TPR"
"HDAC1","KIT","TPR"
"HDAC1","MAP3K14","TPR"
"HDAC1","MAP2K1","TPR"
"HDAC1","GSK3B","TPR"
"HDAC1","TGFBR2","TPR"
"HDAC1","PPP1R2","TPR"
"HDAC1","CDK5","TPR"
"HDAC1","WWTR1","TPR"
"HDAC1","RACK1","TPR"
"HDAC1","DAPK1","TPR"
"HDAC1","PXN","TPR"
"HDAC1","PRKD1","TPR"
"HDAC1","ITK","TPR"
"HDAC1","NCK1","TPR"
"HDAC1","AHSA1","TPR"
"HDAC1","TNK2","TPR"
"HDAC1","YAP1","TPR"
"HDAC1","CD19","TPR"
"HDAC1","HSP90AB1","TPR"
"HDAC1","DVL2","TPR"
"HDAC1","MAP2K2","TPR"
"HDAC1","MAPK10","TPR"
"HDAC1","MEK1/2","TPR"
"HDAC1","JAK1","TPR"
"HDAC1","CDKN2A","TPR"
"HDAC1","MAP4K1","TPR"
"HDAC1","IKK-complex","TPR"
"HDAC1","SHC1","TPR"
"HDAC1","MAPK8IP3","TPR"
"HDAC1","AXIN1","TPR"
"HDAC1","EPHA2","TPR"
"HDAC1","PTPRR","TPR"
"HDAC1","FLT4","TPR"
"HDAC1","PTK2B","TPR"
"HDAC1","NEK6","TPR"
"HDAC1","PRKCI","TPR"
"HDAC1","PIN1","TPR"
"HDAC1","PARD6A","TPR"
"HDAC1","PTPRA","TPR"
"HDAC1","INPP5D","TPR"
"HDAC1","GAB2","TPR"
"HDAC1","BCR-Dk","TPR"
"HDAC1","FERMT2","TPR"
"HDAC1","ZMIZ1","TPR"
"HDAC1","TAB3","TPR"
"HDAC1","GCSAM","TPR"
"HDAC1","SPRY2","TPR"
"HDAC1","IFIH1","TPR"
"HDAC1","PLCG2","TPR"
"HDAC1","CHUK","PHF8"
"HDAC1","SRC","PHF8"
"HDAC1","PTEN","PHF8"
"HDAC1","MTOR","PHF8"
"HDAC1","AKT1","PHF8"
"HDAC1","MAPK1","PHF8"
"HDAC1","PTPN1","PHF8"
"HDAC1","KRAS","PHF8"
"HDAC1","KIT","PHF8"
"HDAC1","PTPRJ","PHF8"
"HDAC1","RPS6KB1","PHF8"
"HDAC1","EIF2AK2","PHF8"
"HDAC1","PDPK1","PHF8"
"HDAC1","MAML3","PHF8"
"HDAC1","MAP3K14","PHF8"
"HDAC1","MAP2K1","PHF8"
"HDAC1","TGFBR2","PHF8"
"HDAC1","PPP1R2","PHF8"
"HDAC1","CDK5","PHF8"
"HDAC1","RACK1","PHF8"
"HDAC1","PXN","PHF8"
"HDAC1","PRKD1","PHF8"
"HDAC1","FBXW7","PHF8"
"HDAC1","NCK1","PHF8"
"HDAC1","BTK","PHF8"
"HDAC1","TNK2","PHF8"
"HDAC1","YAP1","PHF8"
"HDAC1","CD19","PHF8"
"HDAC1","HSP90AB1","PHF8"
"HDAC1","MAPK10","PHF8"
"HDAC1","DYRK1B","PHF8"
"HDAC1","MEK1/2","PHF8"
"HDAC1","EPS15","PHF8"
"HDAC1","IKK-complex","PHF8"
"HDAC1","SHC1","PHF8"
"HDAC1","MAPK8IP3","PHF8"
"HDAC1","EPHA2","PHF8"
"HDAC1","PTPRR","PHF8"
"HDAC1","BDKRB2","PHF8"
"HDAC1","FLT4","PHF8"
"HDAC1","PTK2B","PHF8"
"HDAC1","NEK6","PHF8"
"HDAC1","GAB1","PHF8"
"HDAC1","ESR1","PHF8"
"HDAC1","INPP5D","PHF8"
"HDAC1","EZH2","PHF8"
"HDAC1","BCR-Dk","PHF8"
"HDAC1","BCR-Ml","PHF8"
"HDAC1","NCOA1","PHF8"
"HDAC1","ZMIZ1","PHF8"
"HDAC1","NPM1","PHF8"
"HDAC1","GCSAM","PHF8"
"HDAC1","OPTN","PHF8"
"HDAC1","SPRY2","PHF8"
"HDAC1","BCR-Dl","PHF8"
"HDAC1","ROR2","PHF8"
"HDAC1","SH2B3","PHF8"
"HDAC1","DAB1","PHF8"
"HDAC1","PLCG2","PHF8"
"HDAC1","RPS6KA2","RAPH1"
"HDAC1","PRKCD","RAPH1"
"HDAC1","MAPK1","RAPH1"
"HDAC1","PTPN1","RAPH1"
"HDAC1","Gbeta","RAPH1"
"HDAC1","KRAS","RAPH1"
"HDAC1","KIT","RAPH1"
"HDAC1","PTPRJ","RAPH1"
"HDAC1","EIF2AK2","RAPH1"
"HDAC1","MAP2K1","RAPH1"
"HDAC1","GSK3B","RAPH1"
"HDAC1","TGFBR2","RAPH1"
"HDAC1","PAK2","RAPH1"
"HDAC1","CDK5","RAPH1"
"HDAC1","MAPK9","RAPH1"
"HDAC1","RACK1","RAPH1"
"HDAC1","ABL2","RAPH1"
"HDAC1","ITK","RAPH1"
"HDAC1","BTK","RAPH1"
"HDAC1","TNK2","RAPH1"
"HDAC1","YAP1","RAPH1"
"HDAC1","STAT1","RAPH1"
"HDAC1","HSP90AB1","RAPH1"
"HDAC1","DVL2","RAPH1"
"HDAC1","MAP2K2","RAPH1"
"HDAC1","DYRK1B","RAPH1"
"HDAC1","PTPN7","RAPH1"
"HDAC1","MAP4K1","RAPH1"
"HDAC1","EPS15","RAPH1"
"HDAC1","EPHA2","RAPH1"
"HDAC1","PTPRR","RAPH1"
"HDAC1","BMX","RAPH1"
"HDAC1","SNW1","RAPH1"
"HDAC1","NEK6","RAPH1"
"HDAC1","PRKCI","RAPH1"
"HDAC1","CTNND1","RAPH1"
"HDAC1","PIN1","RAPH1"
"HDAC1","CEP192","RAPH1"
"HDAC1","PTPRA","RAPH1"
"HDAC1","GRIP1","RAPH1"
"HDAC1","ESR1","RAPH1"
"HDAC1","ARRB2","RAPH1"
"HDAC1","GAB2","RAPH1"
"HDAC1","EZH2","RAPH1"
"HDAC1","BCR-Dk","RAPH1"
"HDAC1","BCAR1","RAPH1"
"HDAC1","BCR-Ml","RAPH1"
"HDAC1","NOTCH","RAPH1"
"HDAC1","NCOA1","RAPH1"
"HDAC1","FERMT2","RAPH1"
"HDAC1","NPM1","RAPH1"
"HDAC1","OPTN","RAPH1"
"HDAC1","SPRY2","RAPH1"
"HDAC1","BCR-Dl","RAPH1"
"HDAC1","DDX58","RAPH1"
"HDAC1","ROR2","RAPH1"
"HDAC1","IFIH1","RAPH1"
"HDAC1","SH2B3","RAPH1"
"HDAC1","BCR-Mk","RAPH1"
"HDAC1","PLCG2","RAPH1"
"HDAC1","CHUK","PPARG"
"HDAC1","MAPK8","PPARG"
"HDAC1","AKT1","PPARG"
"HDAC1","PTPN1","PPARG"
"HDAC1","MAP3K14","PPARG"
"HDAC1","MAP2K1","PPARG"
"HDAC1","GSK3B","PPARG"
"HDAC1","TGFBR2","PPARG"
"HDAC1","CDK5","PPARG"
"HDAC1","MAPK9","PPARG"
"HDAC1","RACK1","PPARG"
"HDAC1","PRKD1","PPARG"
"HDAC1","TNK2","PPARG"
"HDAC1","YAP1","PPARG"
"HDAC1","DYRK1B","PPARG"
"HDAC1","MEK1/2","PPARG"
"HDAC1","MAP4K1","PPARG"
"HDAC1","IKK-complex","PPARG"
"HDAC1","SHC1","PPARG"
"HDAC1","DUSP16","PPARG"
"HDAC1","EPHA2","PPARG"
"HDAC1","FLT4","PPARG"
"HDAC1","BMX","PPARG"
"HDAC1","CTNND1","PPARG"
"HDAC1","PARD6A","PPARG"
"HDAC1","CEP192","PPARG"
"HDAC1","GAB1","PPARG"
"HDAC1","ESR1","PPARG"
"HDAC1","GAB2","PPARG"
"HDAC1","BCR-Ml","PPARG"
"HDAC1","NOTCH","PPARG"
"HDAC1","FERMT2","PPARG"
"HDAC1","TAB3","PPARG"
"HDAC1","GCSAM","PPARG"
"HDAC1","OPTN","PPARG"
"HDAC1","BCR-Dl","PPARG"
"HDAC1","DDX58","PPARG"
"HDAC1","ROR2","PPARG"
"HDAC1","IFIH1","PPARG"
"HDAC1","DAB1","PPARG"
"HDAC1","BCR-Mk","PPARG"
"HDAC1","PLCG2","PPARG"
"HDAC1","PTEN","DLG4"
"HDAC1","AKT1","DLG4"
"HDAC1","PRKCD","DLG4"
"HDAC1","PTPN1","DLG4"
"HDAC1","Gbeta","DLG4"
"HDAC1","KIT","DLG4"
"HDAC1","EIF2AK2","DLG4"
"HDAC1","MAML3","DLG4"
"HDAC1","MAP3K14","DLG4"
"HDAC1","TGFBR2","DLG4"
"HDAC1","PPP1R2","DLG4"
"HDAC1","AKT","DLG4"
"HDAC1","MAPK9","DLG4"
"HDAC1","WWTR1","DLG4"
"HDAC1","RACK1","DLG4"
"HDAC1","DAPK1","DLG4"
"HDAC1","ABL2","DLG4"
"HDAC1","FBXW7","DLG4"
"HDAC1","NCK1","DLG4"
"HDAC1","BTK","DLG4"
"HDAC1","TNK2","DLG4"
"HDAC1","DVL2","DLG4"
"HDAC1","MAP2K2","DLG4"
"HDAC1","MEK1/2","DLG4"
"HDAC1","JAK1","DLG4"
"HDAC1","PTPN7","DLG4"
"HDAC1","MAPK8IP3","DLG4"
"HDAC1","MAPKAPK5","DLG4"
"HDAC1","DUSP16","DLG4"
"HDAC1","EPHA2","DLG4"
"HDAC1","MAP3K8","DLG4"
"HDAC1","PTPRR","DLG4"
"HDAC1","FLT4","DLG4"
"HDAC1","PTK2B","DLG4"
"HDAC1","PRKCI","DLG4"
"HDAC1","CTNND1","DLG4"
"HDAC1","PIN1","DLG4"
"HDAC1","PARD6A","DLG4"
"HDAC1","CEP192","DLG4"
"HDAC1","ESR1","DLG4"
"HDAC1","ARRB2","DLG4"
"HDAC1","INPP5D","DLG4"
"HDAC1","BCR-Dk","DLG4"
"HDAC1","BCAR1","DLG4"
"HDAC1","NOTCH","DLG4"
"HDAC1","FERMT2","DLG4"
"HDAC1","TAB3","DLG4"
"HDAC1","NPM1","DLG4"
"HDAC1","GCSAM","DLG4"
"HDAC1","OPTN","DLG4"
"HDAC1","BCR-Dl","DLG4"
"HDAC1","DDX58","DLG4"
"HDAC1","ROR2","DLG4"
"HDAC1","SH2B3","DLG4"
"HDAC1","PLCG2","DLG4"
"HDAC1","SRC","MAP1LC3B"
"HDAC1","MTOR","MAP1LC3B"
"HDAC1","PRKCD","MAP1LC3B"
"HDAC1","MAPK1","MAP1LC3B"
"HDAC1","Gbeta","MAP1LC3B"
"HDAC1","KRAS","MAP1LC3B"
"HDAC1","RPS6KB1","MAP1LC3B"
"HDAC1","MAP3K14","MAP1LC3B"
"HDAC1","MAP2K1","MAP1LC3B"
"HDAC1","TGFBR2","MAP1LC3B"
"HDAC1","PAK2","MAP1LC3B"
"HDAC1","PPP1R2","MAP1LC3B"
"HDAC1","MAPK9","MAP1LC3B"
"HDAC1","RACK1","MAP1LC3B"
"HDAC1","DAPK1","MAP1LC3B"
"HDAC1","PXN","MAP1LC3B"
"HDAC1","PRKD1","MAP1LC3B"
"HDAC1","ABL2","MAP1LC3B"
"HDAC1","FBXW7","MAP1LC3B"
"HDAC1","ITK","MAP1LC3B"
"HDAC1","NCK1","MAP1LC3B"
"HDAC1","AHSA1","MAP1LC3B"
"HDAC1","BTK","MAP1LC3B"
"HDAC1","CD19","MAP1LC3B"
"HDAC1","HSP90AB1","MAP1LC3B"
"HDAC1","MAP2K2","MAP1LC3B"
"HDAC1","MEK1/2","MAP1LC3B"
"HDAC1","JAK1","MAP1LC3B"
"HDAC1","PTPN7","MAP1LC3B"
"HDAC1","EPS15","MAP1LC3B"
"HDAC1","SHC1","MAP1LC3B"
"HDAC1","AXIN1","MAP1LC3B"
"HDAC1","MAPKAPK5","MAP1LC3B"
"HDAC1","BDKRB2","MAP1LC3B"
"HDAC1","NEK6","MAP1LC3B"
"HDAC1","PRKCI","MAP1LC3B"
"HDAC1","CTNND1","MAP1LC3B"
"HDAC1","PIN1","MAP1LC3B"
"HDAC1","PARD6A","MAP1LC3B"
"HDAC1","CEP192","MAP1LC3B"
"HDAC1","GAB1","MAP1LC3B"
"HDAC1","GRIP1","MAP1LC3B"
"HDAC1","GAB2","MAP1LC3B"
"HDAC1","EZH2","MAP1LC3B"
"HDAC1","BCR-Dk","MAP1LC3B"
"HDAC1","BCAR1","MAP1LC3B"
"HDAC1","BCR-Ml","MAP1LC3B"
"HDAC1","FERMT2","MAP1LC3B"
"HDAC1","TAB3","MAP1LC3B"
"HDAC1","OPTN","MAP1LC3B"
"HDAC1","SPRY2","MAP1LC3B"
"HDAC1","BCR-Dl","MAP1LC3B"
"HDAC1","ROR2","MAP1LC3B"
"HDAC1","IFIH1","MAP1LC3B"
"HDAC1","SH2B3","MAP1LC3B"
"HDAC1","PLCG2","MAP1LC3B"
"HDAC1","RPS6KA2","PPP1R15A"
"HDAC1","PRKCD","PPP1R15A"
"HDAC1","PTPN1","PPP1R15A"
"HDAC1","KRAS","PPP1R15A"
"HDAC1","KIT","PPP1R15A"
"HDAC1","RPS6KB1","PPP1R15A"
"HDAC1","EIF2AK2","PPP1R15A"
"HDAC1","PDPK1","PPP1R15A"
"HDAC1","MAML3","PPP1R15A"
"HDAC1","MAP3K14","PPP1R15A"
"HDAC1","GSK3B","PPP1R15A"
"HDAC1","PPP1R2","PPP1R15A"
"HDAC1","MAPK9","PPP1R15A"
"HDAC1","ABL2","PPP1R15A"
"HDAC1","ITK","PPP1R15A"
"HDAC1","NCK1","PPP1R15A"
"HDAC1","AHSA1","PPP1R15A"
"HDAC1","BTK","PPP1R15A"
"HDAC1","TNK2","PPP1R15A"
"HDAC1","STAT1","PPP1R15A"
"HDAC1","HSP90AB1","PPP1R15A"
"HDAC1","DVL2","PPP1R15A"
"HDAC1","MAP2K2","PPP1R15A"
"HDAC1","MAPK10","PPP1R15A"
"HDAC1","MEK1/2","PPP1R15A"
"HDAC1","PTPN7","PPP1R15A"
"HDAC1","CDKN2A","PPP1R15A"
"HDAC1","MAP4K1","PPP1R15A"
"HDAC1","EPS15","PPP1R15A"
"HDAC1","SHC1","PPP1R15A"
"HDAC1","AXIN1","PPP1R15A"
"HDAC1","DUSP16","PPP1R15A"
"HDAC1","EPHA2","PPP1R15A"
"HDAC1","MAP3K8","PPP1R15A"
"HDAC1","PTPRR","PPP1R15A"
"HDAC1","BDKRB2","PPP1R15A"
"HDAC1","FLT4","PPP1R15A"
"HDAC1","PIN1","PPP1R15A"
"HDAC1","PARD6A","PPP1R15A"
"HDAC1","CEP192","PPP1R15A"
"HDAC1","INPP5D","PPP1R15A"
"HDAC1","EZH2","PPP1R15A"
"HDAC1","BCR-Dk","PPP1R15A"
"HDAC1","TAB3","PPP1R15A"
"HDAC1","NPM1","PPP1R15A"
"HDAC1","SPRY2","PPP1R15A"
"HDAC1","BCR-Dl","PPP1R15A"
"HDAC1","ROR2","PPP1R15A"
"HDAC1","SH2B3","PPP1R15A"
"HDAC1","DAB1","PPP1R15A"
"HDAC1","BCR-Mk","PPP1R15A"
"HDAC1","PLCG2","PPP1R15A"
"HDAC1","CHUK","FGR"
"HDAC1","AKT1","FGR"
"HDAC1","Gbeta","FGR"
"HDAC1","KIT","FGR"
"HDAC1","RPS6KB1","FGR"
"HDAC1","PDPK1","FGR"
"HDAC1","MAML3","FGR"
"HDAC1","MAP2K1","FGR"
"HDAC1","GSK3B","FGR"
"HDAC1","PAK2","FGR"
"HDAC1","PPP1R2","FGR"
"HDAC1","CDK5","FGR"
"HDAC1","AKT","FGR"
"HDAC1","WWTR1","FGR"
"HDAC1","DAPK1","FGR"
"HDAC1","ABL2","FGR"
"HDAC1","NCK1","FGR"
"HDAC1","BTK","FGR"
"HDAC1","TNK2","FGR"
"HDAC1","STAT1","FGR"
"HDAC1","MAP2K2","FGR"
"HDAC1","MAPK10","FGR"
"HDAC1","MEK1/2","FGR"
"HDAC1","CDKN2A","FGR"
"HDAC1","EPS15","FGR"
"HDAC1","MAPK8IP3","FGR"
"HDAC1","MAPKAPK5","FGR"
"HDAC1","MAP3K8","FGR"
"HDAC1","PTK2B","FGR"
"HDAC1","SNW1","FGR"
"HDAC1","PARD6A","FGR"
"HDAC1","CEP192","FGR"
"HDAC1","GAB1","FGR"
"HDAC1","PTPRA","FGR"
"HDAC1","ARRB2","FGR"
"HDAC1","GAB2","FGR"
"HDAC1","BCAR1","FGR"
"HDAC1","FERMT2","FGR"
"HDAC1","ZMIZ1","FGR"
"HDAC1","TAB3","FGR"
"HDAC1","GCSAM","FGR"
"HDAC1","OPTN","FGR"
"HDAC1","SPRY2","FGR"
"HDAC1","BCR-Dl","FGR"
"HDAC1","DDX58","FGR"
"HDAC1","ROR2","FGR"
"HDAC1","IFIH1","FGR"
"HDAC1","DAB1","FGR"
"HDAC1","BCR-Mk","FGR"
"HDAC1","PLCG2","FGR"
"HDAC1","PTEN","WDCP"
"HDAC1","MTOR","WDCP"
"HDAC1","AKT1","WDCP"
"HDAC1","PRKCD","WDCP"
"HDAC1","PTPN1","WDCP"
"HDAC1","Gbeta","WDCP"
"HDAC1","KRAS","WDCP"
"HDAC1","PTPRJ","WDCP"
"HDAC1","PDPK1","WDCP"
"HDAC1","MAML3","WDCP"
"HDAC1","MAP3K14","WDCP"
"HDAC1","GSK3B","WDCP"
"HDAC1","CDK5","WDCP"
"HDAC1","AKT","WDCP"
"HDAC1","MAPK9","WDCP"
"HDAC1","RACK1","WDCP"
"HDAC1","DAPK1","WDCP"
"HDAC1","ABL2","WDCP"
"HDAC1","FBXW7","WDCP"
"HDAC1","AHSA1","WDCP"
"HDAC1","BTK","WDCP"
"HDAC1","YAP1","WDCP"
"HDAC1","CD19","WDCP"
"HDAC1","STAT1","WDCP"
"HDAC1","MAP2K2","WDCP"
"HDAC1","MAPK10","WDCP"
"HDAC1","DYRK1B","WDCP"
"HDAC1","MEK1/2","WDCP"
"HDAC1","PTPN7","WDCP"
"HDAC1","MAP4K1","WDCP"
"HDAC1","IKK-complex","WDCP"
"HDAC1","MAPK8IP3","WDCP"
"HDAC1","AXIN1","WDCP"
"HDAC1","MAPKAPK5","WDCP"
"HDAC1","DUSP16","WDCP"
"HDAC1","BDKRB2","WDCP"
"HDAC1","BMX","WDCP"
"HDAC1","CTNND1","WDCP"
"HDAC1","CEP192","WDCP"
"HDAC1","ARRB2","WDCP"
"HDAC1","NOTCH","WDCP"
"HDAC1","FERMT2","WDCP"
"HDAC1","TAB3","WDCP"
"HDAC1","NPM1","WDCP"
"HDAC1","GCSAM","WDCP"
"HDAC1","DDX58","WDCP"
"HDAC1","ROR2","WDCP"
"HDAC1","CHUK","BCR-Ml"
"HDAC1","SRC","BCR-Ml"
"HDAC1","PTEN","BCR-Ml"
"HDAC1","MTOR","BCR-Ml"
"HDAC1","AKT1","BCR-Ml"
"HDAC1","PRKCD","BCR-Ml"
"HDAC1","Gbeta","BCR-Ml"
"HDAC1","PTPRJ","BCR-Ml"
"HDAC1","EIF2AK2","BCR-Ml"
"HDAC1","PDPK1","BCR-Ml"
"HDAC1","MAP2K1","BCR-Ml"
"HDAC1","GSK3B","BCR-Ml"
"HDAC1","TGFBR2","BCR-Ml"
"HDAC1","PAK2","BCR-Ml"
"HDAC1","PPP1R2","BCR-Ml"
"HDAC1","CDK5","BCR-Ml"
"HDAC1","RACK1","BCR-Ml"
"HDAC1","DAPK1","BCR-Ml"
"HDAC1","PRKD1","BCR-Ml"
"HDAC1","FBXW7","BCR-Ml"
"HDAC1","ITK","BCR-Ml"
"HDAC1","AHSA1","BCR-Ml"
"HDAC1","MAPKAPK5","BCR-Ml"
"HDAC1","DUSP16","BCR-Ml"
"HDAC1","EPHA2","BCR-Ml"
"HDAC1","BMX","BCR-Ml"
"HDAC1","SNW1","BCR-Ml"
"HDAC1","NEK6","BCR-Ml"
"HDAC1","CTNND1","BCR-Ml"
"HDAC1","GRIP1","BCR-Ml"
"HDAC1","GAB2","BCR-Ml"
"HDAC1","EZH2","BCR-Ml"
"HDAC1","BCR-Dk","BCR-Ml"
"HDAC1","NOTCH","BCR-Ml"
"HDAC1","NCOA1","BCR-Ml"
"HDAC1","NPM1","BCR-Ml"
"HDAC1","BCR-Dl","BCR-Ml"
"HDAC1","ROR2","BCR-Ml"
"HDAC1","DAB1","BCR-Ml"
"HDAC1","BCR-Mk","BCR-Ml"
"HDAC1","PLCG2","BCR-Ml"
"HDAC1","PTEN","CDC42"
"HDAC1","AKT1","CDC42"
"HDAC1","PTPN1","CDC42"
"HDAC1","EIF2AK2","CDC42"
"HDAC1","MAML3","CDC42"
"HDAC1","GSK3B","CDC42"
"HDAC1","MAPK9","CDC42"
"HDAC1","PXN","CDC42"
"HDAC1","PRKD1","CDC42"
"HDAC1","ABL2","CDC42"
"HDAC1","FBXW7","CDC42"
"HDAC1","NCK1","CDC42"
"HDAC1","BTK","CDC42"
"HDAC1","DVL2","CDC42"
"HDAC1","MAP2K2","CDC42"
"HDAC1","DYRK1B","CDC42"
"HDAC1","JAK1","CDC42"
"HDAC1","CDKN2A","CDC42"
"HDAC1","EPS15","CDC42"
"HDAC1","IKK-complex","CDC42"
"HDAC1","SHC1","CDC42"
"HDAC1","MAPK8IP3","CDC42"
"HDAC1","AXIN1","CDC42"
"HDAC1","DUSP16","CDC42"
"HDAC1","EPHA2","CDC42"
"HDAC1","MAP3K8","CDC42"
"HDAC1","PTPRR","CDC42"
"HDAC1","BDKRB2","CDC42"
"HDAC1","BMX","CDC42"
"HDAC1","SNW1","CDC42"
"HDAC1","NEK6","CDC42"
"HDAC1","PARD6A","CDC42"
"HDAC1","GAB1","CDC42"
"HDAC1","ESR1","CDC42"
"HDAC1","INPP5D","CDC42"
"HDAC1","EZH2","CDC42"
"HDAC1","BCAR1","CDC42"
"HDAC1","BCR-Ml","CDC42"
"HDAC1","NOTCH","CDC42"
"HDAC1","NCOA1","CDC42"
"HDAC1","TAB3","CDC42"
"HDAC1","NPM1","CDC42"
"HDAC1","GCSAM","CDC42"
"HDAC1","IFIH1","CDC42"
"HDAC1","SH2B3","CDC42"
"HDAC1","RPS6KA2","ANXA1"
"HDAC1","MAPK8","ANXA1"
"HDAC1","AKT1","ANXA1"
"HDAC1","RPS6KB1","ANXA1"
"HDAC1","EIF2AK2","ANXA1"
"HDAC1","PDPK1","ANXA1"
"HDAC1","MAML3","ANXA1"
"HDAC1","MAP2K1","ANXA1"
"HDAC1","TGFBR2","ANXA1"
"HDAC1","PAK2","ANXA1"
"HDAC1","PPP1R2","ANXA1"
"HDAC1","CDK5","ANXA1"
"HDAC1","AKT","ANXA1"
"HDAC1","MAPK9","ANXA1"
"HDAC1","DAPK1","ANXA1"
"HDAC1","PRKD1","ANXA1"
"HDAC1","ABL2","ANXA1"
"HDAC1","FBXW7","ANXA1"
"HDAC1","ITK","ANXA1"
"HDAC1","NCK1","ANXA1"
"HDAC1","BTK","ANXA1"
"HDAC1","TNK2","ANXA1"
"HDAC1","DVL2","ANXA1"
"HDAC1","MEK1/2","ANXA1"
"HDAC1","JAK1","ANXA1"
"HDAC1","PTPN7","ANXA1"
"HDAC1","MAP4K1","ANXA1"
"HDAC1","MAPK8IP3","ANXA1"
"HDAC1","MAP3K8","ANXA1"
"HDAC1","PTPRR","ANXA1"
"HDAC1","PTK2B","ANXA1"
"HDAC1","PARD6A","ANXA1"
"HDAC1","CEP192","ANXA1"
"HDAC1","GRIP1","ANXA1"
"HDAC1","INPP5D","ANXA1"
"HDAC1","EZH2","ANXA1"
"HDAC1","BCAR1","ANXA1"
"HDAC1","NOTCH","ANXA1"
"HDAC1","GCSAM","ANXA1"
"HDAC1","BCR-Dl","ANXA1"
"HDAC1","DAB1","ANXA1"
"HDAC1","PLCG2","ANXA1"
"HDAC1","CHUK","PKM"
"HDAC1","SRC","PKM"
"HDAC1","PTEN","PKM"
"HDAC1","PRKCD","PKM"
"HDAC1","MAPK1","PKM"
"HDAC1","Gbeta","PKM"
"HDAC1","KRAS","PKM"
"HDAC1","EIF2AK2","PKM"
"HDAC1","MAML3","PKM"
"HDAC1","TGFBR2","PKM"
"HDAC1","PAK2","PKM"
"HDAC1","AKT","PKM"
"HDAC1","PXN","PKM"
"HDAC1","FBXW7","PKM"
"HDAC1","AHSA1","PKM"
"HDAC1","BTK","PKM"
"HDAC1","TNK2","PKM"
"HDAC1","YAP1","PKM"
"HDAC1","STAT1","PKM"
"HDAC1","DVL2","PKM"
"HDAC1","MAP2K2","PKM"
"HDAC1","DYRK1B","PKM"
"HDAC1","MEK1/2","PKM"
"HDAC1","JAK1","PKM"
"HDAC1","CDKN2A","PKM"
"HDAC1","MAPKAPK5","PKM"
"HDAC1","DUSP16","PKM"
"HDAC1","BDKRB2","PKM"
"HDAC1","PIN1","PKM"
"HDAC1","PARD6A","PKM"
"HDAC1","CEP192","PKM"
"HDAC1","GRIP1","PKM"
"HDAC1","ARRB2","PKM"
"HDAC1","INPP5D","PKM"
"HDAC1","GAB2","PKM"
"HDAC1","EZH2","PKM"
"HDAC1","BCR-Dk","PKM"
"HDAC1","BCR-Ml","PKM"
"HDAC1","FERMT2","PKM"
"HDAC1","TAB3","PKM"
"HDAC1","NPM1","PKM"
"HDAC1","GCSAM","PKM"
"HDAC1","OPTN","PKM"
"HDAC1","SPRY2","PKM"
"HDAC1","BCR-Dl","PKM"
"HDAC1","ROR2","PKM"
"HDAC1","IFIH1","PKM"
"HDAC1","SH2B3","PKM"
"HDAC1","DAB1","PKM"
"HDAC1","BCR-Mk","PKM"
"HDAC1","CHUK","FHOD1"
"HDAC1","RPS6KA2","FHOD1"
"HDAC1","PTEN","FHOD1"
"HDAC1","MTOR","FHOD1"
"HDAC1","AKT1","FHOD1"
"HDAC1","PRKCD","FHOD1"
"HDAC1","PTPRJ","FHOD1"
"HDAC1","EIF2AK2","FHOD1"
"HDAC1","MAP2K1","FHOD1"
"HDAC1","GSK3B","FHOD1"
"HDAC1","TGFBR2","FHOD1"
"HDAC1","CDK5","FHOD1"
"HDAC1","MAPK9","FHOD1"
"HDAC1","WWTR1","FHOD1"
"HDAC1","ITK","FHOD1"
"HDAC1","NCK1","FHOD1"
"HDAC1","BTK","FHOD1"
"HDAC1","TNK2","FHOD1"
"HDAC1","YAP1","FHOD1"
"HDAC1","CD19","FHOD1"
"HDAC1","HSP90AB1","FHOD1"
"HDAC1","DVL2","FHOD1"
"HDAC1","MAPK10","FHOD1"
"HDAC1","JAK1","FHOD1"
"HDAC1","PTPN7","FHOD1"
"HDAC1","EPS15","FHOD1"
"HDAC1","MAPK8IP3","FHOD1"
"HDAC1","AXIN1","FHOD1"
"HDAC1","DUSP16","FHOD1"
"HDAC1","MAP3K8","FHOD1"
"HDAC1","BMX","FHOD1"
"HDAC1","PTK2B","FHOD1"
"HDAC1","NEK6","FHOD1"
"HDAC1","PRKCI","FHOD1"
"HDAC1","GRIP1","FHOD1"
"HDAC1","INPP5D","FHOD1"
"HDAC1","BCAR1","FHOD1"
"HDAC1","ZMIZ1","FHOD1"
"HDAC1","TAB3","FHOD1"
"HDAC1","GCSAM","FHOD1"
"HDAC1","BCR-Dl","FHOD1"
"HDAC1","ROR2","FHOD1"
"HDAC1","IFIH1","FHOD1"
"HDAC1","SH2B3","FHOD1"
"HDAC1","BCR-Mk","FHOD1"
"HDAC1","PLCG2","FHOD1"
"HDAC1","CHUK","CNKSR1"
"HDAC1","PTEN","CNKSR1"
"HDAC1","MAPK8","CNKSR1"
"HDAC1","AKT1","CNKSR1"
"HDAC1","PRKCD","CNKSR1"
"HDAC1","MAPK1","CNKSR1"
"HDAC1","PTPN1","CNKSR1"
"HDAC1","KIT","CNKSR1"
"HDAC1","PTPRJ","CNKSR1"
"HDAC1","RPS6KB1","CNKSR1"
"HDAC1","EIF2AK2","CNKSR1"
"HDAC1","MAML3","CNKSR1"
"HDAC1","MAP3K14","CNKSR1"
"HDAC1","MAP2K1","CNKSR1"
"HDAC1","PPP1R2","CNKSR1"
"HDAC1","CDK5","CNKSR1"
"HDAC1","AKT","CNKSR1"
"HDAC1","MAPK9","CNKSR1"
"HDAC1","WWTR1","CNKSR1"
"HDAC1","DAPK1","CNKSR1"
"HDAC1","PXN","CNKSR1"
"HDAC1","PRKD1","CNKSR1"
"HDAC1","FBXW7","CNKSR1"
"HDAC1","AHSA1","CNKSR1"
"HDAC1","TNK2","CNKSR1"
"HDAC1","DVL2","CNKSR1"
"HDAC1","MAP2K2","CNKSR1"
"HDAC1","DYRK1B","CNKSR1"
"HDAC1","MEK1/2","CNKSR1"
"HDAC1","CDKN2A","CNKSR1"
"HDAC1","SHC1","CNKSR1"
"HDAC1","MAPK8IP3","CNKSR1"
"HDAC1","MAPKAPK5","CNKSR1"
"HDAC1","DUSP16","CNKSR1"
"HDAC1","MAP3K8","CNKSR1"
"HDAC1","BDKRB2","CNKSR1"
"HDAC1","FLT4","CNKSR1"
"HDAC1","BMX","CNKSR1"
"HDAC1","PTK2B","CNKSR1"
"HDAC1","SNW1","CNKSR1"
"HDAC1","NEK6","CNKSR1"
"HDAC1","PRKCI","CNKSR1"
"HDAC1","CTNND1","CNKSR1"
"HDAC1","PIN1","CNKSR1"
"HDAC1","CEP192","CNKSR1"
"HDAC1","GAB1","CNKSR1"
"HDAC1","PTPRA","CNKSR1"
"HDAC1","GRIP1","CNKSR1"
"HDAC1","GAB2","CNKSR1"
"HDAC1","EZH2","CNKSR1"
"HDAC1","BCAR1","CNKSR1"
"HDAC1","NOTCH","CNKSR1"
"HDAC1","FERMT2","CNKSR1"
"HDAC1","ZMIZ1","CNKSR1"
"HDAC1","GCSAM","CNKSR1"
"HDAC1","SPRY2","CNKSR1"
"HDAC1","IFIH1","CNKSR1"
"HDAC1","SH2B3","CNKSR1"
"HDAC1","PLCG2","CNKSR1"
"HDAC1","AKT1","CFLAR"
"HDAC1","PRKCD","CFLAR"
"HDAC1","PTPN1","CFLAR"
"HDAC1","Gbeta","CFLAR"
"HDAC1","KRAS","CFLAR"
"HDAC1","PTPRJ","CFLAR"
"HDAC1","PDPK1","CFLAR"
"HDAC1","MAP3K14","CFLAR"
"HDAC1","MAP2K1","CFLAR"
"HDAC1","GSK3B","CFLAR"
"HDAC1","PAK2","CFLAR"
"HDAC1","RACK1","CFLAR"
"HDAC1","DAPK1","CFLAR"
"HDAC1","PXN","CFLAR"
"HDAC1","ABL2","CFLAR"
"HDAC1","FBXW7","CFLAR"
"HDAC1","BTK","CFLAR"
"HDAC1","YAP1","CFLAR"
"HDAC1","DVL2","CFLAR"
"HDAC1","MAPK10","CFLAR"
"HDAC1","DYRK1B","CFLAR"
"HDAC1","MEK1/2","CFLAR"
"HDAC1","EPS15","CFLAR"
"HDAC1","IKK-complex","CFLAR"
"HDAC1","SHC1","CFLAR"
"HDAC1","MAPK8IP3","CFLAR"
"HDAC1","AXIN1","CFLAR"
"HDAC1","DUSP16","CFLAR"
"HDAC1","EPHA2","CFLAR"
"HDAC1","PTPRR","CFLAR"
"HDAC1","BDKRB2","CFLAR"
"HDAC1","FLT4","CFLAR"
"HDAC1","BMX","CFLAR"
"HDAC1","PTK2B","CFLAR"
"HDAC1","PRKCI","CFLAR"
"HDAC1","PTPRA","CFLAR"
"HDAC1","INPP5D","CFLAR"
"HDAC1","FERMT2","CFLAR"
"HDAC1","ZMIZ1","CFLAR"
"HDAC1","NPM1","CFLAR"
"HDAC1","OPTN","CFLAR"
"HDAC1","BCR-Dl","CFLAR"
"HDAC1","DDX58","CFLAR"
"HDAC1","IFIH1","CFLAR"
"HDAC1","DAB1","CFLAR"
"HDAC1","BCR-Mk","CFLAR"
"HDAC1","PLCG2","CFLAR"
"HDAC1","CHUK","NOTCH"
"HDAC1","PTEN","NOTCH"
"HDAC1","AKT1","NOTCH"
"HDAC1","PRKCD","NOTCH"
"HDAC1","Gbeta","NOTCH"
"HDAC1","KIT","NOTCH"
"HDAC1","PTPRJ","NOTCH"
"HDAC1","RPS6KB1","NOTCH"
"HDAC1","PDPK1","NOTCH"
"HDAC1","MAP3K14","NOTCH"
"HDAC1","TGFBR2","NOTCH"
"HDAC1","PPP1R2","NOTCH"
"HDAC1","AKT","NOTCH"
"HDAC1","WWTR1","NOTCH"
"HDAC1","PXN","NOTCH"
"HDAC1","ABL2","NOTCH"
"HDAC1","ITK","NOTCH"
"HDAC1","NCK1","NOTCH"
"HDAC1","STAT1","NOTCH"
"HDAC1","HSP90AB1","NOTCH"
"HDAC1","MAP2K2","NOTCH"
"HDAC1","MAPK10","NOTCH"
"HDAC1","MEK1/2","NOTCH"
"HDAC1","CDKN2A","NOTCH"
"HDAC1","EPS15","NOTCH"
"HDAC1","IKK-complex","NOTCH"
"HDAC1","AXIN1","NOTCH"
"HDAC1","MAP3K8","NOTCH"
"HDAC1","PTPRR","NOTCH"
"HDAC1","BDKRB2","NOTCH"
"HDAC1","FLT4","NOTCH"
"HDAC1","BMX","NOTCH"
"HDAC1","PTK2B","NOTCH"
"HDAC1","SNW1","NOTCH"
"HDAC1","NEK6","NOTCH"
"HDAC1","PRKCI","NOTCH"
"HDAC1","CTNND1","NOTCH"
"HDAC1","ESR1","NOTCH"
"HDAC1","ARRB2","NOTCH"
"HDAC1","EZH2","NOTCH"
"HDAC1","BCAR1","NOTCH"
"HDAC1","BCR-Ml","NOTCH"
"HDAC1","ZMIZ1","NOTCH"
"HDAC1","TAB3","NOTCH"
"HDAC1","GCSAM","NOTCH"
"HDAC1","OPTN","NOTCH"
"HDAC1","SPRY2","NOTCH"
"HDAC1","BCR-Dl","NOTCH"
"HDAC1","DDX58","NOTCH"
"HDAC1","IFIH1","NOTCH"
"HDAC1","BCR-Mk","NOTCH"
"HDAC1","PLCG2","NOTCH"
"HDAC1","PTEN","NCOA1"
"HDAC1","AKT1","NCOA1"
"HDAC1","PRKCD","NCOA1"
"HDAC1","Gbeta","NCOA1"
"HDAC1","KRAS","NCOA1"
"HDAC1","RPS6KB1","NCOA1"
"HDAC1","EIF2AK2","NCOA1"
"HDAC1","PDPK1","NCOA1"
"HDAC1","MAML3","NCOA1"
"HDAC1","GSK3B","NCOA1"
"HDAC1","MAPK9","NCOA1"
"HDAC1","RACK1","NCOA1"
"HDAC1","PXN","NCOA1"
"HDAC1","ITK","NCOA1"
"HDAC1","NCK1","NCOA1"
"HDAC1","AHSA1","NCOA1"
"HDAC1","BTK","NCOA1"
"HDAC1","YAP1","NCOA1"
"HDAC1","CD19","NCOA1"
"HDAC1","HSP90AB1","NCOA1"
"HDAC1","MAP2K2","NCOA1"
"HDAC1","MAPK10","NCOA1"
"HDAC1","DYRK1B","NCOA1"
"HDAC1","MEK1/2","NCOA1"
"HDAC1","JAK1","NCOA1"
"HDAC1","CDKN2A","NCOA1"
"HDAC1","EPS15","NCOA1"
"HDAC1","IKK-complex","NCOA1"
"HDAC1","SHC1","NCOA1"
"HDAC1","AXIN1","NCOA1"
"HDAC1","EPHA2","NCOA1"
"HDAC1","PTK2B","NCOA1"
"HDAC1","SNW1","NCOA1"
"HDAC1","PRKCI","NCOA1"
"HDAC1","PIN1","NCOA1"
"HDAC1","PARD6A","NCOA1"
"HDAC1","GAB2","NCOA1"
"HDAC1","EZH2","NCOA1"
"HDAC1","BCR-Dk","NCOA1"
"HDAC1","BCAR1","NCOA1"
"HDAC1","NOTCH","NCOA1"
"HDAC1","ZMIZ1","NCOA1"
"HDAC1","NPM1","NCOA1"
"HDAC1","OPTN","NCOA1"
"HDAC1","SPRY2","NCOA1"
"HDAC1","BCR-Dl","NCOA1"
"HDAC1","DDX58","NCOA1"
"HDAC1","ROR2","NCOA1"
"HDAC1","BCR-Mk","NCOA1"
"HDAC1","CHUK","FERMT2"
"HDAC1","RPS6KA2","FERMT2"
"HDAC1","MTOR","FERMT2"
"HDAC1","AKT1","FERMT2"
"HDAC1","KRAS","FERMT2"
"HDAC1","KIT","FERMT2"
"HDAC1","RPS6KB1","FERMT2"
"HDAC1","EIF2AK2","FERMT2"
"HDAC1","MAML3","FERMT2"
"HDAC1","PAK2","FERMT2"
"HDAC1","PPP1R2","FERMT2"
"HDAC1","CDK5","FERMT2"
"HDAC1","MAPK9","FERMT2"
"HDAC1","WWTR1","FERMT2"
"HDAC1","DAPK1","FERMT2"
"HDAC1","AHSA1","FERMT2"
"HDAC1","BTK","FERMT2"
"HDAC1","TNK2","FERMT2"
"HDAC1","CD19","FERMT2"
"HDAC1","STAT1","FERMT2"
"HDAC1","DVL2","FERMT2"
"HDAC1","DYRK1B","FERMT2"
"HDAC1","MEK1/2","FERMT2"
"HDAC1","JAK1","FERMT2"
"HDAC1","CDKN2A","FERMT2"
"HDAC1","MAP4K1","FERMT2"
"HDAC1","IKK-complex","FERMT2"
"HDAC1","SHC1","FERMT2"
"HDAC1","MAPK8IP3","FERMT2"
"HDAC1","AXIN1","FERMT2"
"HDAC1","MAPKAPK5","FERMT2"
"HDAC1","DUSP16","FERMT2"
"HDAC1","MAP3K8","FERMT2"
"HDAC1","BDKRB2","FERMT2"
"HDAC1","NEK6","FERMT2"
"HDAC1","CTNND1","FERMT2"
"HDAC1","CEP192","FERMT2"
"HDAC1","GAB1","FERMT2"
"HDAC1","PTPRA","FERMT2"
"HDAC1","ESR1","FERMT2"
"HDAC1","INPP5D","FERMT2"
"HDAC1","GAB2","FERMT2"
"HDAC1","BCR-Dk","FERMT2"
"HDAC1","NOTCH","FERMT2"
"HDAC1","NCOA1","FERMT2"
"HDAC1","SPRY2","FERMT2"
"HDAC1","BCR-Dl","FERMT2"
"HDAC1","DDX58","FERMT2"
"HDAC1","DAB1","FERMT2"
"HDAC1","BCR-Mk","FERMT2"
"HDAC1","CHUK","ZMIZ1"
"HDAC1","RPS6KA2","ZMIZ1"
"HDAC1","KRAS","ZMIZ1"
"HDAC1","PTPRJ","ZMIZ1"
"HDAC1","RPS6KB1","ZMIZ1"
"HDAC1","PDPK1","ZMIZ1"
"HDAC1","MAP3K14","ZMIZ1"
"HDAC1","MAP2K1","ZMIZ1"
"HDAC1","GSK3B","ZMIZ1"
"HDAC1","TGFBR2","ZMIZ1"
"HDAC1","PAK2","ZMIZ1"
"HDAC1","AKT","ZMIZ1"
"HDAC1","MAPK9","ZMIZ1"
"HDAC1","WWTR1","ZMIZ1"
"HDAC1","RACK1","ZMIZ1"
"HDAC1","DAPK1","ZMIZ1"
"HDAC1","PXN","ZMIZ1"
"HDAC1","ABL2","ZMIZ1"
"HDAC1","FBXW7","ZMIZ1"
"HDAC1","ITK","ZMIZ1"
"HDAC1","AHSA1","ZMIZ1"
"HDAC1","TNK2","ZMIZ1"
"HDAC1","CD19","ZMIZ1"
"HDAC1","STAT1","ZMIZ1"
"HDAC1","HSP90AB1","ZMIZ1"
"HDAC1","MAP2K2","ZMIZ1"
"HDAC1","DYRK1B","ZMIZ1"
"HDAC1","MEK1/2","ZMIZ1"
"HDAC1","CDKN2A","ZMIZ1"
"HDAC1","MAP4K1","ZMIZ1"
"HDAC1","IKK-complex","ZMIZ1"
"HDAC1","SHC1","ZMIZ1"
"HDAC1","AXIN1","ZMIZ1"
"HDAC1","MAPKAPK5","ZMIZ1"
"HDAC1","DUSP16","ZMIZ1"
"HDAC1","MAP3K8","ZMIZ1"
"HDAC1","BDKRB2","ZMIZ1"
"HDAC1","BMX","ZMIZ1"
"HDAC1","PTK2B","ZMIZ1"
"HDAC1","NEK6","ZMIZ1"
"HDAC1","CTNND1","ZMIZ1"
"HDAC1","PARD6A","ZMIZ1"
"HDAC1","ESR1","ZMIZ1"
"HDAC1","ARRB2","ZMIZ1"
"HDAC1","INPP5D","ZMIZ1"
"HDAC1","GAB2","ZMIZ1"
"HDAC1","EZH2","ZMIZ1"
"HDAC1","BCR-Dk","ZMIZ1"
"HDAC1","BCAR1","ZMIZ1"
"HDAC1","NOTCH","ZMIZ1"
"HDAC1","NCOA1","ZMIZ1"
"HDAC1","TAB3","ZMIZ1"
"HDAC1","GCSAM","ZMIZ1"
"HDAC1","SPRY2","ZMIZ1"
"HDAC1","ROR2","ZMIZ1"
"HDAC1","SH2B3","ZMIZ1"
"HDAC1","BCR-Mk","ZMIZ1"
"HDAC1","MAPK8","TAB3"
"HDAC1","MAPK1","TAB3"
"HDAC1","PTPN1","TAB3"
"HDAC1","Gbeta","TAB3"
"HDAC1","KIT","TAB3"
"HDAC1","PTPRJ","TAB3"
"HDAC1","RPS6KB1","TAB3"
"HDAC1","EIF2AK2","TAB3"
"HDAC1","PDPK1","TAB3"
"HDAC1","MAML3","TAB3"
"HDAC1","MAP2K1","TAB3"
"HDAC1","GSK3B","TAB3"
"HDAC1","TGFBR2","TAB3"
"HDAC1","PPP1R2","TAB3"
"HDAC1","CDK5","TAB3"
"HDAC1","AKT","TAB3"
"HDAC1","MAPK9","TAB3"
"HDAC1","WWTR1","TAB3"
"HDAC1","RACK1","TAB3"
"HDAC1","DAPK1","TAB3"
"HDAC1","PRKD1","TAB3"
"HDAC1","FBXW7","TAB3"
"HDAC1","ITK","TAB3"
"HDAC1","TNK2","TAB3"
"HDAC1","CD19","TAB3"
"HDAC1","DVL2","TAB3"
"HDAC1","MAP2K2","TAB3"
"HDAC1","MAPK10","TAB3"
"HDAC1","MEK1/2","TAB3"
"HDAC1","JAK1","TAB3"
"HDAC1","CDKN2A","TAB3"
"HDAC1","EPS15","TAB3"
"HDAC1","MAPK8IP3","TAB3"
"HDAC1","AXIN1","TAB3"
"HDAC1","MAPKAPK5","TAB3"
"HDAC1","BDKRB2","TAB3"
"HDAC1","FLT4","TAB3"
"HDAC1","BMX","TAB3"
"HDAC1","CTNND1","TAB3"
"HDAC1","PIN1","TAB3"
"HDAC1","PARD6A","TAB3"
"HDAC1","GAB1","TAB3"
"HDAC1","BCR-Dk","TAB3"
"HDAC1","BCAR1","TAB3"
"HDAC1","BCR-Ml","TAB3"
"HDAC1","FERMT2","TAB3"
"HDAC1","NPM1","TAB3"
"HDAC1","GCSAM","TAB3"
"HDAC1","OPTN","TAB3"
"HDAC1","SPRY2","TAB3"
"HDAC1","DDX58","TAB3"
"HDAC1","IFIH1","TAB3"
"HDAC1","SH2B3","TAB3"
"HDAC1","BCR-Mk","TAB3"
"HDAC1","PLCG2","TAB3"
"HDAC1","CHUK","TNKS"
"HDAC1","SRC","TNKS"
"HDAC1","RPS6KA2","TNKS"
"HDAC1","MAPK8","TNKS"
"HDAC1","MTOR","TNKS"
"HDAC1","AKT1","TNKS"
"HDAC1","PRKCD","TNKS"
"HDAC1","MAPK1","TNKS"
"HDAC1","KRAS","TNKS"
"HDAC1","RPS6KB1","TNKS"
"HDAC1","PDPK1","TNKS"
"HDAC1","MAML3","TNKS"
"HDAC1","MAP3K14","TNKS"
"HDAC1","MAP2K1","TNKS"
"HDAC1","TGFBR2","TNKS"
"HDAC1","CDK5","TNKS"
"HDAC1","MAPK9","TNKS"
"HDAC1","WWTR1","TNKS"
"HDAC1","RACK1","TNKS"
"HDAC1","DAPK1","TNKS"
"HDAC1","PXN","TNKS"
"HDAC1","PRKD1","TNKS"
"HDAC1","ITK","TNKS"
"HDAC1","TNK2","TNKS"
"HDAC1","MAP2K2","TNKS"
"HDAC1","MAPK10","TNKS"
"HDAC1","JAK1","TNKS"
"HDAC1","PTPN7","TNKS"
"HDAC1","MAP4K1","TNKS"
"HDAC1","EPS15","TNKS"
"HDAC1","IKK-complex","TNKS"
"HDAC1","SHC1","TNKS"
"HDAC1","AXIN1","TNKS"
"HDAC1","DUSP16","TNKS"
"HDAC1","PTPRR","TNKS"
"HDAC1","CEP192","TNKS"
"HDAC1","GAB1","TNKS"
"HDAC1","GRIP1","TNKS"
"HDAC1","ESR1","TNKS"
"HDAC1","BCR-Dk","TNKS"
"HDAC1","NOTCH","TNKS"
"HDAC1","FERMT2","TNKS"
"HDAC1","NPM1","TNKS"
"HDAC1","GCSAM","TNKS"
"HDAC1","OPTN","TNKS"
"HDAC1","SPRY2","TNKS"
"HDAC1","DDX58","TNKS"
"HDAC1","ROR2","TNKS"
"HDAC1","SH2B3","TNKS"
"HDAC1","DAB1","TNKS"
"HDAC1","RPS6KA2","NPM1"
"HDAC1","PTEN","NPM1"
"HDAC1","MAPK8","NPM1"
"HDAC1","PRKCD","NPM1"
"HDAC1","MAPK1","NPM1"
"HDAC1","Gbeta","NPM1"
"HDAC1","KRAS","NPM1"
"HDAC1","EIF2AK2","NPM1"
"HDAC1","PDPK1","NPM1"
"HDAC1","MAP2K1","NPM1"
"HDAC1","TGFBR2","NPM1"
"HDAC1","PAK2","NPM1"
"HDAC1","MAPK9","NPM1"
"HDAC1","WWTR1","NPM1"
"HDAC1","RACK1","NPM1"
"HDAC1","DAPK1","NPM1"
"HDAC1","ITK","NPM1"
"HDAC1","NCK1","NPM1"
"HDAC1","AHSA1","NPM1"
"HDAC1","BTK","NPM1"
"HDAC1","HSP90AB1","NPM1"
"HDAC1","MAP2K2","NPM1"
"HDAC1","MAPK10","NPM1"
"HDAC1","CDKN2A","NPM1"
"HDAC1","MAPK8IP3","NPM1"
"HDAC1","MAPKAPK5","NPM1"
"HDAC1","EPHA2","NPM1"
"HDAC1","FLT4","NPM1"
"HDAC1","CTNND1","NPM1"
"HDAC1","PARD6A","NPM1"
"HDAC1","GAB1","NPM1"
"HDAC1","GRIP1","NPM1"
"HDAC1","ESR1","NPM1"
"HDAC1","ARRB2","NPM1"
"HDAC1","INPP5D","NPM1"
"HDAC1","EZH2","NPM1"
"HDAC1","BCAR1","NPM1"
"HDAC1","FERMT2","NPM1"
"HDAC1","ZMIZ1","NPM1"
"HDAC1","TAB3","NPM1"
"HDAC1","OPTN","NPM1"
"HDAC1","BCR-Dl","NPM1"
"HDAC1","ROR2","NPM1"
"HDAC1","SH2B3","NPM1"
"HDAC1","DAB1","NPM1"
"HDAC1","PLCG2","NPM1"
"HDAC1","CHUK","GCSAM"
"HDAC1","SRC","GCSAM"
"HDAC1","PTEN","GCSAM"
"HDAC1","MTOR","GCSAM"
"HDAC1","PRKCD","GCSAM"
"HDAC1","MAPK1","GCSAM"
"HDAC1","PTPN1","GCSAM"
"HDAC1","Gbeta","GCSAM"
"HDAC1","KRAS","GCSAM"
"HDAC1","KIT","GCSAM"
"HDAC1","PTPRJ","GCSAM"
"HDAC1","RPS6KB1","GCSAM"
"HDAC1","EIF2AK2","GCSAM"
"HDAC1","PDPK1","GCSAM"
"HDAC1","MAML3","GCSAM"
"HDAC1","MAP3K14","GCSAM"
"HDAC1","TGFBR2","GCSAM"
"HDAC1","PPP1R2","GCSAM"
"HDAC1","CDK5","GCSAM"
"HDAC1","AKT","GCSAM"
"HDAC1","DAPK1","GCSAM"
"HDAC1","PXN","GCSAM"
"HDAC1","PRKD1","GCSAM"
"HDAC1","NCK1","GCSAM"
"HDAC1","BTK","GCSAM"
"HDAC1","YAP1","GCSAM"
"HDAC1","CD19","GCSAM"
"HDAC1","HSP90AB1","GCSAM"
"HDAC1","DVL2","GCSAM"
"HDAC1","MAP2K2","GCSAM"
"HDAC1","DYRK1B","GCSAM"
"HDAC1","MEK1/2","GCSAM"
"HDAC1","JAK1","GCSAM"
"HDAC1","PTPN7","GCSAM"
"HDAC1","CDKN2A","GCSAM"
"HDAC1","MAP4K1","GCSAM"
"HDAC1","EPS15","GCSAM"
"HDAC1","AXIN1","GCSAM"
"HDAC1","MAPKAPK5","GCSAM"
"HDAC1","EPHA2","GCSAM"
"HDAC1","MAP3K8","GCSAM"
"HDAC1","PTPRR","GCSAM"
"HDAC1","BDKRB2","GCSAM"
"HDAC1","PTK2B","GCSAM"
"HDAC1","PRKCI","GCSAM"
"HDAC1","CTNND1","GCSAM"
"HDAC1","CEP192","GCSAM"
"HDAC1","GRIP1","GCSAM"
"HDAC1","ESR1","GCSAM"
"HDAC1","GAB2","GCSAM"
"HDAC1","BCAR1","GCSAM"
"HDAC1","NCOA1","GCSAM"
"HDAC1","FERMT2","GCSAM"
"HDAC1","ZMIZ1","GCSAM"
"HDAC1","TAB3","GCSAM"
"HDAC1","NPM1","GCSAM"
"HDAC1","OPTN","GCSAM"
"HDAC1","SPRY2","GCSAM"
"HDAC1","BCR-Dl","GCSAM"
"HDAC1","DDX58","GCSAM"
"HDAC1","SH2B3","GCSAM"
"HDAC1","BCR-Mk","GCSAM"
"HDAC1","PLCG2","GCSAM"
"HDAC1","CHUK","SH3PXD2A"
"HDAC1","PTEN","SH3PXD2A"
"HDAC1","MAPK8","SH3PXD2A"
"HDAC1","PTPN1","SH3PXD2A"
"HDAC1","Gbeta","SH3PXD2A"
"HDAC1","KRAS","SH3PXD2A"
"HDAC1","RPS6KB1","SH3PXD2A"
"HDAC1","EIF2AK2","SH3PXD2A"
"HDAC1","MAML3","SH3PXD2A"
"HDAC1","MAP3K14","SH3PXD2A"
"HDAC1","MAP2K1","SH3PXD2A"
"HDAC1","GSK3B","SH3PXD2A"
"HDAC1","TGFBR2","SH3PXD2A"
"HDAC1","AKT","SH3PXD2A"
"HDAC1","RACK1","SH3PXD2A"
"HDAC1","PRKD1","SH3PXD2A"
"HDAC1","NCK1","SH3PXD2A"
"HDAC1","AHSA1","SH3PXD2A"
"HDAC1","BTK","SH3PXD2A"
"HDAC1","TNK2","SH3PXD2A"
"HDAC1","YAP1","SH3PXD2A"
"HDAC1","STAT1","SH3PXD2A"
"HDAC1","MAP2K2","SH3PXD2A"
"HDAC1","MAPK10","SH3PXD2A"
"HDAC1","DYRK1B","SH3PXD2A"
"HDAC1","MEK1/2","SH3PXD2A"
"HDAC1","JAK1","SH3PXD2A"
"HDAC1","EPS15","SH3PXD2A"
"HDAC1","IKK-complex","SH3PXD2A"
"HDAC1","MAPKAPK5","SH3PXD2A"
"HDAC1","DUSP16","SH3PXD2A"
"HDAC1","EPHA2","SH3PXD2A"
"HDAC1","BDKRB2","SH3PXD2A"
"HDAC1","FLT4","SH3PXD2A"
"HDAC1","BMX","SH3PXD2A"
"HDAC1","PRKCI","SH3PXD2A"
"HDAC1","PIN1","SH3PXD2A"
"HDAC1","CEP192","SH3PXD2A"
"HDAC1","GAB1","SH3PXD2A"
"HDAC1","ESR1","SH3PXD2A"
"HDAC1","GAB2","SH3PXD2A"
"HDAC1","EZH2","SH3PXD2A"
"HDAC1","BCR-Dk","SH3PXD2A"
"HDAC1","BCAR1","SH3PXD2A"
"HDAC1","BCR-Ml","SH3PXD2A"
"HDAC1","NOTCH","SH3PXD2A"
"HDAC1","FERMT2","SH3PXD2A"
"HDAC1","ZMIZ1","SH3PXD2A"
"HDAC1","TAB3","SH3PXD2A"
"HDAC1","DDX58","SH3PXD2A"
"HDAC1","ROR2","SH3PXD2A"
"HDAC1","IFIH1","SH3PXD2A"
"HDAC1","SH2B3","SH3PXD2A"
"HDAC1","BCR-Mk","SH3PXD2A"
"HDAC1","PLCG2","SH3PXD2A"
"HDAC1","CHUK","ATG9A"
"HDAC1","RPS6KA2","ATG9A"
"HDAC1","PTEN","ATG9A"
"HDAC1","MTOR","ATG9A"
"HDAC1","PRKCD","ATG9A"
"HDAC1","MAPK1","ATG9A"
"HDAC1","PTPN1","ATG9A"
"HDAC1","Gbeta","ATG9A"
"HDAC1","KRAS","ATG9A"
"HDAC1","KIT","ATG9A"
"HDAC1","PTPRJ","ATG9A"
"HDAC1","EIF2AK2","ATG9A"
"HDAC1","MAML3","ATG9A"
"HDAC1","MAP3K14","ATG9A"
"HDAC1","MAP2K1","ATG9A"
"HDAC1","GSK3B","ATG9A"
"HDAC1","CDK5","ATG9A"
"HDAC1","WWTR1","ATG9A"
"HDAC1","RACK1","ATG9A"
"HDAC1","PXN","ATG9A"
"HDAC1","PRKD1","ATG9A"
"HDAC1","NCK1","ATG9A"
"HDAC1","AHSA1","ATG9A"
"HDAC1","BTK","ATG9A"
"HDAC1","TNK2","ATG9A"
"HDAC1","CD19","ATG9A"
"HDAC1","MAPK10","ATG9A"
"HDAC1","DYRK1B","ATG9A"
"HDAC1","MEK1/2","ATG9A"
"HDAC1","JAK1","ATG9A"
"HDAC1","PTPN7","ATG9A"
"HDAC1","MAP4K1","ATG9A"
"HDAC1","IKK-complex","ATG9A"
"HDAC1","MAPK8IP3","ATG9A"
"HDAC1","AXIN1","ATG9A"
"HDAC1","MAPKAPK5","ATG9A"
"HDAC1","DUSP16","ATG9A"
"HDAC1","MAP3K8","ATG9A"
"HDAC1","BDKRB2","ATG9A"
"HDAC1","FLT4","ATG9A"
"HDAC1","PTK2B","ATG9A"
"HDAC1","PRKCI","ATG9A"
"HDAC1","CTNND1","ATG9A"
"HDAC1","PIN1","ATG9A"
"HDAC1","PARD6A","ATG9A"
"HDAC1","CEP192","ATG9A"
"HDAC1","GAB1","ATG9A"
"HDAC1","PTPRA","ATG9A"
"HDAC1","ARRB2","ATG9A"
"HDAC1","INPP5D","ATG9A"
"HDAC1","GAB2","ATG9A"
"HDAC1","EZH2","ATG9A"
"HDAC1","BCR-Dk","ATG9A"
"HDAC1","BCAR1","ATG9A"
"HDAC1","NOTCH","ATG9A"
"HDAC1","NCOA1","ATG9A"
"HDAC1","FERMT2","ATG9A"
"HDAC1","ZMIZ1","ATG9A"
"HDAC1","TAB3","ATG9A"
"HDAC1","NPM1","ATG9A"
"HDAC1","SPRY2","ATG9A"
"HDAC1","BCR-Mk","ATG9A"
"HDAC1","PLCG2","ATG9A"
"HDAC1","CHUK","YY1"
"HDAC1","SRC","YY1"
"HDAC1","RPS6KA2","YY1"
"HDAC1","PTEN","YY1"
"HDAC1","AKT1","YY1"
"HDAC1","PRKCD","YY1"
"HDAC1","PTPN1","YY1"
"HDAC1","Gbeta","YY1"
"HDAC1","KIT","YY1"
"HDAC1","PTPRJ","YY1"
"HDAC1","RPS6KB1","YY1"
"HDAC1","EIF2AK2","YY1"
"HDAC1","MAML3","YY1"
"HDAC1","MAP2K1","YY1"
"HDAC1","TGFBR2","YY1"
"HDAC1","PPP1R2","YY1"
"HDAC1","CDK5","YY1"
"HDAC1","AKT","YY1"
"HDAC1","MAPK9","YY1"
"HDAC1","WWTR1","YY1"
"HDAC1","ABL2","YY1"
"HDAC1","FBXW7","YY1"
"HDAC1","BTK","YY1"
"HDAC1","STAT1","YY1"
"HDAC1","HSP90AB1","YY1"
"HDAC1","DVL2","YY1"
"HDAC1","JAK1","YY1"
"HDAC1","CDKN2A","YY1"
"HDAC1","EPS15","YY1"
"HDAC1","IKK-complex","YY1"
"HDAC1","SHC1","YY1"
"HDAC1","MAPK8IP3","YY1"
"HDAC1","AXIN1","YY1"
"HDAC1","DUSP16","YY1"
"HDAC1","EPHA2","YY1"
"HDAC1","BDKRB2","YY1"
"HDAC1","FLT4","YY1"
"HDAC1","BMX","YY1"
"HDAC1","PTK2B","YY1"
"HDAC1","SNW1","YY1"
"HDAC1","NEK6","YY1"
"HDAC1","PRKCI","YY1"
"HDAC1","CTNND1","YY1"
"HDAC1","CEP192","YY1"
"HDAC1","GAB1","YY1"
"HDAC1","PTPRA","YY1"
"HDAC1","GRIP1","YY1"
"HDAC1","ARRB2","YY1"
"HDAC1","INPP5D","YY1"
"HDAC1","GAB2","YY1"
"HDAC1","EZH2","YY1"
"HDAC1","NOTCH","YY1"
"HDAC1","FERMT2","YY1"
"HDAC1","ZMIZ1","YY1"
"HDAC1","GCSAM","YY1"
"HDAC1","ROR2","YY1"
"HDAC1","DAB1","YY1"
"HDAC1","PLCG2","YY1"
"HDAC1","CHUK","RCAN1"
"HDAC1","RPS6KA2","RCAN1"
"HDAC1","PTEN","RCAN1"
"HDAC1","MAPK8","RCAN1"
"HDAC1","MTOR","RCAN1"
"HDAC1","AKT1","RCAN1"
"HDAC1","PRKCD","RCAN1"
"HDAC1","MAPK1","RCAN1"
"HDAC1","PTPN1","RCAN1"
"HDAC1","Gbeta","RCAN1"
"HDAC1","KRAS","RCAN1"
"HDAC1","RPS6KB1","RCAN1"
"HDAC1","EIF2AK2","RCAN1"
"HDAC1","MAP3K14","RCAN1"
"HDAC1","MAPK9","RCAN1"
"HDAC1","WWTR1","RCAN1"
"HDAC1","DAPK1","RCAN1"
"HDAC1","PXN","RCAN1"
"HDAC1","PRKD1","RCAN1"
"HDAC1","ABL2","RCAN1"
"HDAC1","NCK1","RCAN1"
"HDAC1","AHSA1","RCAN1"
"HDAC1","YAP1","RCAN1"
"HDAC1","HSP90AB1","RCAN1"
"HDAC1","MAPK10","RCAN1"
"HDAC1","DYRK1B","RCAN1"
"HDAC1","MEK1/2","RCAN1"
"HDAC1","JAK1","RCAN1"
"HDAC1","MAP4K1","RCAN1"
"HDAC1","EPS15","RCAN1"
"HDAC1","MAPK8IP3","RCAN1"
"HDAC1","AXIN1","RCAN1"
"HDAC1","EPHA2","RCAN1"
"HDAC1","PTK2B","RCAN1"
"HDAC1","PARD6A","RCAN1"
"HDAC1","ESR1","RCAN1"
"HDAC1","ARRB2","RCAN1"
"HDAC1","GAB2","RCAN1"
"HDAC1","NOTCH","RCAN1"
"HDAC1","ZMIZ1","RCAN1"
"HDAC1","TAB3","RCAN1"
"HDAC1","NPM1","RCAN1"
"HDAC1","GCSAM","RCAN1"
"HDAC1","OPTN","RCAN1"
"HDAC1","BCR-Dl","RCAN1"
"HDAC1","DDX58","RCAN1"
"HDAC1","ROR2","RCAN1"
"HDAC1","PTEN","CDT1"
"HDAC1","AKT1","CDT1"
"HDAC1","PTPN1","CDT1"
"HDAC1","KIT","CDT1"
"HDAC1","MAP3K14","CDT1"
"HDAC1","GSK3B","CDT1"
"HDAC1","PAK2","CDT1"
"HDAC1","AKT","CDT1"
"HDAC1","MAPK9","CDT1"
"HDAC1","WWTR1","CDT1"
"HDAC1","DAPK1","CDT1"
"HDAC1","FBXW7","CDT1"
"HDAC1","AHSA1","CDT1"
"HDAC1","BTK","CDT1"
"HDAC1","YAP1","CDT1"
"HDAC1","CD19","CDT1"
"HDAC1","STAT1","CDT1"
"HDAC1","MAP2K2","CDT1"
"HDAC1","MEK1/2","CDT1"
"HDAC1","IKK-complex","CDT1"
"HDAC1","SHC1","CDT1"
"HDAC1","MAPKAPK5","CDT1"
"HDAC1","DUSP16","CDT1"
"HDAC1","EPHA2","CDT1"
"HDAC1","PTPRR","CDT1"
"HDAC1","BDKRB2","CDT1"
"HDAC1","BMX","CDT1"
"HDAC1","NEK6","CDT1"
"HDAC1","PIN1","CDT1"
"HDAC1","PARD6A","CDT1"
"HDAC1","GAB1","CDT1"
"HDAC1","ESR1","CDT1"
"HDAC1","INPP5D","CDT1"
"HDAC1","EZH2","CDT1"
"HDAC1","BCR-Dk","CDT1"
"HDAC1","BCAR1","CDT1"
"HDAC1","BCR-Ml","CDT1"
"HDAC1","NCOA1","CDT1"
"HDAC1","FERMT2","CDT1"
"HDAC1","GCSAM","CDT1"
"HDAC1","ROR2","CDT1"
"HDAC1","IFIH1","CDT1"
"HDAC1","SH2B3","CDT1"
"HDAC1","SRC","MDM2"
"HDAC1","RPS6KA2","MDM2"
"HDAC1","PTEN","MDM2"
"HDAC1","MTOR","MDM2"
"HDAC1","PTPRJ","MDM2"
"HDAC1","RPS6KB1","MDM2"
"HDAC1","PDPK1","MDM2"
"HDAC1","MAML3","MDM2"
"HDAC1","MAP3K14","MDM2"
"HDAC1","GSK3B","MDM2"
"HDAC1","TGFBR2","MDM2"
"HDAC1","PAK2","MDM2"
"HDAC1","PPP1R2","MDM2"
"HDAC1","AKT","MDM2"
"HDAC1","RACK1","MDM2"
"HDAC1","PXN","MDM2"
"HDAC1","PRKD1","MDM2"
"HDAC1","FBXW7","MDM2"
"HDAC1","ITK","MDM2"
"HDAC1","NCK1","MDM2"
"HDAC1","BTK","MDM2"
"HDAC1","TNK2","MDM2"
"HDAC1","YAP1","MDM2"
"HDAC1","CD19","MDM2"
"HDAC1","STAT1","MDM2"
"HDAC1","HSP90AB1","MDM2"
"HDAC1","MAP2K2","MDM2"
"HDAC1","DYRK1B","MDM2"
"HDAC1","CDKN2A","MDM2"
"HDAC1","MAP4K1","MDM2"
"HDAC1","EPS15","MDM2"
"HDAC1","MAPK8IP3","MDM2"
"HDAC1","MAPKAPK5","MDM2"
"HDAC1","DUSP16","MDM2"
"HDAC1","EPHA2","MDM2"
"HDAC1","BMX","MDM2"
"HDAC1","SNW1","MDM2"
"HDAC1","PRKCI","MDM2"
"HDAC1","CTNND1","MDM2"
"HDAC1","PIN1","MDM2"
"HDAC1","CEP192","MDM2"
"HDAC1","ESR1","MDM2"
"HDAC1","ARRB2","MDM2"
"HDAC1","INPP5D","MDM2"
"HDAC1","BCAR1","MDM2"
"HDAC1","FERMT2","MDM2"
"HDAC1","TAB3","MDM2"
"HDAC1","NPM1","MDM2"
"HDAC1","OPTN","MDM2"
"HDAC1","ROR2","MDM2"
"HDAC1","IFIH1","MDM2"
"HDAC1","SH2B3","MDM2"
"HDAC1","DAB1","MDM2"
"HDAC1","BCR-Mk","MDM2"
"HDAC1","PLCG2","MDM2"
"HDAC1","CHUK","OPTN"
"HDAC1","RPS6KA2","OPTN"
"HDAC1","MTOR","OPTN"
"HDAC1","MAPK1","OPTN"
"HDAC1","PTPN1","OPTN"
"HDAC1","Gbeta","OPTN"
"HDAC1","KRAS","OPTN"
"HDAC1","KIT","OPTN"
"HDAC1","RPS6KB1","OPTN"
"HDAC1","EIF2AK2","OPTN"
"HDAC1","PDPK1","OPTN"
"HDAC1","MAML3","OPTN"
"HDAC1","MAP3K14","OPTN"
"HDAC1","GSK3B","OPTN"
"HDAC1","PAK2","OPTN"
"HDAC1","CDK5","OPTN"
"HDAC1","AKT","OPTN"
"HDAC1","RACK1","OPTN"
"HDAC1","PXN","OPTN"
"HDAC1","ITK","OPTN"
"HDAC1","NCK1","OPTN"
"HDAC1","AHSA1","OPTN"
"HDAC1","YAP1","OPTN"
"HDAC1","CD19","OPTN"
"HDAC1","DVL2","OPTN"
"HDAC1","CDKN2A","OPTN"
"HDAC1","MAP4K1","OPTN"
"HDAC1","EPS15","OPTN"
"HDAC1","SHC1","OPTN"
"HDAC1","MAPK8IP3","OPTN"
"HDAC1","AXIN1","OPTN"
"HDAC1","EPHA2","OPTN"
"HDAC1","PTPRR","OPTN"
"HDAC1","FLT4","OPTN"
"HDAC1","BMX","OPTN"
"HDAC1","PTK2B","OPTN"
"HDAC1","CTNND1","OPTN"
"HDAC1","PIN1","OPTN"
"HDAC1","CEP192","OPTN"
"HDAC1","GAB1","OPTN"
"HDAC1","GRIP1","OPTN"
"HDAC1","ARRB2","OPTN"
"HDAC1","BCR-Dk","OPTN"
"HDAC1","NOTCH","OPTN"
"HDAC1","NCOA1","OPTN"
"HDAC1","FERMT2","OPTN"
"HDAC1","NPM1","OPTN"
"HDAC1","BCR-Dl","OPTN"
"HDAC1","DDX58","OPTN"
"HDAC1","ROR2","OPTN"
"HDAC1","SH2B3","OPTN"
"HDAC1","DAB1","OPTN"
"HDAC1","PLCG2","OPTN"
"HDAC1","CHUK","TOB2"
"HDAC1","SRC","TOB2"
"HDAC1","RPS6KA2","TOB2"
"HDAC1","MTOR","TOB2"
"HDAC1","AKT1","TOB2"
"HDAC1","PRKCD","TOB2"
"HDAC1","PTPN1","TOB2"
"HDAC1","Gbeta","TOB2"
"HDAC1","KRAS","TOB2"
"HDAC1","KIT","TOB2"
"HDAC1","PTPRJ","TOB2"
"HDAC1","RPS6KB1","TOB2"
"HDAC1","PDPK1","TOB2"
"HDAC1","MAP3K14","TOB2"
"HDAC1","MAP2K1","TOB2"
"HDAC1","GSK3B","TOB2"
"HDAC1","TGFBR2","TOB2"
"HDAC1","PAK2","TOB2"
"HDAC1","PPP1R2","TOB2"
"HDAC1","CDK5","TOB2"
"HDAC1","AKT","TOB2"
"HDAC1","MAPK9","TOB2"
"HDAC1","WWTR1","TOB2"
"HDAC1","RACK1","TOB2"
"HDAC1","DAPK1","TOB2"
"HDAC1","PXN","TOB2"
"HDAC1","ABL2","TOB2"
"HDAC1","ITK","TOB2"
"HDAC1","YAP1","TOB2"
"HDAC1","STAT1","TOB2"
"HDAC1","DYRK1B","TOB2"
"HDAC1","JAK1","TOB2"
"HDAC1","PTPN7","TOB2"
"HDAC1","CDKN2A","TOB2"
"HDAC1","MAP4K1","TOB2"
"HDAC1","IKK-complex","TOB2"
"HDAC1","AXIN1","TOB2"
"HDAC1","DUSP16","TOB2"
"HDAC1","FLT4","TOB2"
"HDAC1","BMX","TOB2"
"HDAC1","PTK2B","TOB2"
"HDAC1","PIN1","TOB2"
"HDAC1","CEP192","TOB2"
"HDAC1","PTPRA","TOB2"
"HDAC1","BCAR1","TOB2"
"HDAC1","BCR-Ml","TOB2"
"HDAC1","NOTCH","TOB2"
"HDAC1","NCOA1","TOB2"
"HDAC1","FERMT2","TOB2"
"HDAC1","ZMIZ1","TOB2"
"HDAC1","NPM1","TOB2"
"HDAC1","GCSAM","TOB2"
"HDAC1","OPTN","TOB2"
"HDAC1","SPRY2","TOB2"
"HDAC1","BCR-Dl","TOB2"
"HDAC1","DDX58","TOB2"
"HDAC1","SH2B3","TOB2"
"HDAC1","BCR-Mk","TOB2"
"HDAC1","PLCG2","TOB2"
"HDAC1","CHUK","g-TuRC complex"
"HDAC1","SRC","g-TuRC complex"
"HDAC1","RPS6KA2","g-TuRC complex"
"HDAC1","PTEN","g-TuRC complex"
"HDAC1","MAPK8","g-TuRC complex"
"HDAC1","MTOR","g-TuRC complex"
"HDAC1","PRKCD","g-TuRC complex"
"HDAC1","MAPK1","g-TuRC complex"
"HDAC1","PTPN1","g-TuRC complex"
"HDAC1","Gbeta","g-TuRC complex"
"HDAC1","PTPRJ","g-TuRC complex"
"HDAC1","RPS6KB1","g-TuRC complex"
"HDAC1","EIF2AK2","g-TuRC complex"
"HDAC1","MAP3K14","g-TuRC complex"
"HDAC1","MAP2K1","g-TuRC complex"
"HDAC1","GSK3B","g-TuRC complex"
"HDAC1","WWTR1","g-TuRC complex"
"HDAC1","RACK1","g-TuRC complex"
"HDAC1","PXN","g-TuRC complex"
"HDAC1","PRKD1","g-TuRC complex"
"HDAC1","FBXW7","g-TuRC complex"
"HDAC1","ITK","g-TuRC complex"
"HDAC1","NCK1","g-TuRC complex"
"HDAC1","AHSA1","g-TuRC complex"
"HDAC1","YAP1","g-TuRC complex"
"HDAC1","HSP90AB1","g-TuRC complex"
"HDAC1","DYRK1B","g-TuRC complex"
"HDAC1","MEK1/2","g-TuRC complex"
"HDAC1","JAK1","g-TuRC complex"
"HDAC1","PTPN7","g-TuRC complex"
"HDAC1","CDKN2A","g-TuRC complex"
"HDAC1","IKK-complex","g-TuRC complex"
"HDAC1","MAPKAPK5","g-TuRC complex"
"HDAC1","DUSP16","g-TuRC complex"
"HDAC1","EPHA2","g-TuRC complex"
"HDAC1","PTK2B","g-TuRC complex"
"HDAC1","SNW1","g-TuRC complex"
"HDAC1","NEK6","g-TuRC complex"
"HDAC1","CTNND1","g-TuRC complex"
"HDAC1","PARD6A","g-TuRC complex"
"HDAC1","GRIP1","g-TuRC complex"
"HDAC1","ESR1","g-TuRC complex"
"HDAC1","ARRB2","g-TuRC complex"
"HDAC1","INPP5D","g-TuRC complex"
"HDAC1","GAB2","g-TuRC complex"
"HDAC1","EZH2","g-TuRC complex"
"HDAC1","BCR-Dk","g-TuRC complex"
"HDAC1","BCAR1","g-TuRC complex"
"HDAC1","BCR-Ml","g-TuRC complex"
"HDAC1","NCOA1","g-TuRC complex"
"HDAC1","ZMIZ1","g-TuRC complex"
"HDAC1","GCSAM","g-TuRC complex"
"HDAC1","OPTN","g-TuRC complex"
"HDAC1","SPRY2","g-TuRC complex"
"HDAC1","BCR-Dl","g-TuRC complex"
"HDAC1","DDX58","g-TuRC complex"
"HDAC1","ROR2","g-TuRC complex"
"HDAC1","IFIH1","g-TuRC complex"
"HDAC1","SH2B3","g-TuRC complex"
"HDAC1","CHUK","STAT4"
"HDAC1","SRC","STAT4"
"HDAC1","MTOR","STAT4"
"HDAC1","PRKCD","STAT4"
"HDAC1","Gbeta","STAT4"
"HDAC1","KRAS","STAT4"
"HDAC1","KIT","STAT4"
"HDAC1","RPS6KB1","STAT4"
"HDAC1","EIF2AK2","STAT4"
"HDAC1","PDPK1","STAT4"
"HDAC1","MAML3","STAT4"
"HDAC1","MAP2K1","STAT4"
"HDAC1","GSK3B","STAT4"
"HDAC1","CDK5","STAT4"
"HDAC1","DAPK1","STAT4"
"HDAC1","PXN","STAT4"
"HDAC1","PRKD1","STAT4"
"HDAC1","AHSA1","STAT4"
"HDAC1","BTK","STAT4"
"HDAC1","TNK2","STAT4"
"HDAC1","JAK1","STAT4"
"HDAC1","CDKN2A","STAT4"
"HDAC1","MAP4K1","STAT4"
"HDAC1","IKK-complex","STAT4"
"HDAC1","MAPK8IP3","STAT4"
"HDAC1","AXIN1","STAT4"
"HDAC1","MAPKAPK5","STAT4"
"HDAC1","DUSP16","STAT4"
"HDAC1","EPHA2","STAT4"
"HDAC1","PTPRR","STAT4"
"HDAC1","BMX","STAT4"
"HDAC1","SNW1","STAT4"
"HDAC1","NEK6","STAT4"
"HDAC1","PRKCI","STAT4"
"HDAC1","CTNND1","STAT4"
"HDAC1","PIN1","STAT4"
"HDAC1","PARD6A","STAT4"
"HDAC1","PTPRA","STAT4"
"HDAC1","INPP5D","STAT4"
"HDAC1","EZH2","STAT4"
"HDAC1","NOTCH","STAT4"
"HDAC1","NCOA1","STAT4"
"HDAC1","FERMT2","STAT4"
"HDAC1","TAB3","STAT4"
"HDAC1","IFIH1","STAT4"
"HDAC1","SH2B3","STAT4"
"HDAC1","BCR-Mk","STAT4"
"HDAC1","PLCG2","STAT4"
"HDAC1","RPS6KA2","SPRY2"
"HDAC1","PTEN","SPRY2"
"HDAC1","MAPK8","SPRY2"
"HDAC1","MTOR","SPRY2"
"HDAC1","PRKCD","SPRY2"
"HDAC1","PTPN1","SPRY2"
"HDAC1","PTPRJ","SPRY2"
"HDAC1","MAP3K14","SPRY2"
"HDAC1","MAP2K1","SPRY2"
"HDAC1","GSK3B","SPRY2"
"HDAC1","PAK2","SPRY2"
"HDAC1","PPP1R2","SPRY2"
"HDAC1","CDK5","SPRY2"
"HDAC1","WWTR1","SPRY2"
"HDAC1","RACK1","SPRY2"
"HDAC1","DAPK1","SPRY2"
"HDAC1","FBXW7","SPRY2"
"HDAC1","NCK1","SPRY2"
"HDAC1","AHSA1","SPRY2"
"HDAC1","BTK","SPRY2"
"HDAC1","TNK2","SPRY2"
"HDAC1","MAP2K2","SPRY2"
"HDAC1","MAPK10","SPRY2"
"HDAC1","DYRK1B","SPRY2"
"HDAC1","MEK1/2","SPRY2"
"HDAC1","PTPN7","SPRY2"
"HDAC1","CDKN2A","SPRY2"
"HDAC1","MAP4K1","SPRY2"
"HDAC1","MAPK8IP3","SPRY2"
"HDAC1","AXIN1","SPRY2"
"HDAC1","DUSP16","SPRY2"
"HDAC1","EPHA2","SPRY2"
"HDAC1","MAP3K8","SPRY2"
"HDAC1","BDKRB2","SPRY2"
"HDAC1","BMX","SPRY2"
"HDAC1","PTK2B","SPRY2"
"HDAC1","PRKCI","SPRY2"
"HDAC1","CTNND1","SPRY2"
"HDAC1","GAB1","SPRY2"
"HDAC1","PTPRA","SPRY2"
"HDAC1","GRIP1","SPRY2"
"HDAC1","ARRB2","SPRY2"
"HDAC1","EZH2","SPRY2"
"HDAC1","BCAR1","SPRY2"
"HDAC1","BCR-Ml","SPRY2"
"HDAC1","FERMT2","SPRY2"
"HDAC1","TAB3","SPRY2"
"HDAC1","NPM1","SPRY2"
"HDAC1","OPTN","SPRY2"
"HDAC1","DDX58","SPRY2"
"HDAC1","ROR2","SPRY2"
"HDAC1","IFIH1","SPRY2"
"HDAC1","DAB1","SPRY2"
"HDAC1","MAPK8","HDAC2"
"HDAC1","MTOR","HDAC2"
"HDAC1","MAPK1","HDAC2"
"HDAC1","PTPN1","HDAC2"
"HDAC1","KIT","HDAC2"
"HDAC1","PDPK1","HDAC2"
"HDAC1","MAML3","HDAC2"
"HDAC1","MAP2K1","HDAC2"
"HDAC1","GSK3B","HDAC2"
"HDAC1","CDK5","HDAC2"
"HDAC1","WWTR1","HDAC2"
"HDAC1","RACK1","HDAC2"
"HDAC1","DAPK1","HDAC2"
"HDAC1","PXN","HDAC2"
"HDAC1","FBXW7","HDAC2"
"HDAC1","TNK2","HDAC2"
"HDAC1","YAP1","HDAC2"
"HDAC1","STAT1","HDAC2"
"HDAC1","DVL2","HDAC2"
"HDAC1","MAP2K2","HDAC2"
"HDAC1","DYRK1B","HDAC2"
"HDAC1","MEK1/2","HDAC2"
"HDAC1","JAK1","HDAC2"
"HDAC1","CDKN2A","HDAC2"
"HDAC1","MAP4K1","HDAC2"
"HDAC1","EPS15","HDAC2"
"HDAC1","IKK-complex","HDAC2"
"HDAC1","SHC1","HDAC2"
"HDAC1","MAPK8IP3","HDAC2"
"HDAC1","MAPKAPK5","HDAC2"
"HDAC1","EPHA2","HDAC2"
"HDAC1","MAP3K8","HDAC2"
"HDAC1","PTPRR","HDAC2"
"HDAC1","BDKRB2","HDAC2"
"HDAC1","FLT4","HDAC2"
"HDAC1","BMX","HDAC2"
"HDAC1","SNW1","HDAC2"
"HDAC1","NEK6","HDAC2"
"HDAC1","PRKCI","HDAC2"
"HDAC1","CTNND1","HDAC2"
"HDAC1","PIN1","HDAC2"
"HDAC1","GAB1","HDAC2"
"HDAC1","GRIP1","HDAC2"
"HDAC1","INPP5D","HDAC2"
"HDAC1","TAB3","HDAC2"
"HDAC1","NPM1","HDAC2"
"HDAC1","ROR2","HDAC2"
"HDAC1","SH2B3","HDAC2"
"HDAC1","PLCG2","HDAC2"
"HDAC1","PRKCD","BCR-Dl"
"HDAC1","KIT","BCR-Dl"
"HDAC1","MAML3","BCR-Dl"
"HDAC1","MAP3K14","BCR-Dl"
"HDAC1","MAP2K1","BCR-Dl"
"HDAC1","PXN","BCR-Dl"
"HDAC1","ITK","BCR-Dl"
"HDAC1","AHSA1","BCR-Dl"
"HDAC1","BTK","BCR-Dl"
"HDAC1","HSP90AB1","BCR-Dl"
"HDAC1","MAP2K2","BCR-Dl"
"HDAC1","JAK1","BCR-Dl"
"HDAC1","PTPN7","BCR-Dl"
"HDAC1","MAP4K1","BCR-Dl"
"HDAC1","MAPK8IP3","BCR-Dl"
"HDAC1","MAPKAPK5","BCR-Dl"
"HDAC1","BDKRB2","BCR-Dl"
"HDAC1","PTK2B","BCR-Dl"
"HDAC1","SNW1","BCR-Dl"
"HDAC1","PIN1","BCR-Dl"
"HDAC1","CEP192","BCR-Dl"
"HDAC1","BCR-Dk","BCR-Dl"
"HDAC1","BCAR1","BCR-Dl"
"HDAC1","NCOA1","BCR-Dl"
"HDAC1","TAB3","BCR-Dl"
"HDAC1","SPRY2","BCR-Dl"
"HDAC1","DDX58","BCR-Dl"
"HDAC1","ROR2","BCR-Dl"
"HDAC1","DAB1","BCR-Dl"
"HDAC1","BCR-Mk","BCR-Dl"
"HDAC1","PTEN","FUS"
"HDAC1","MAPK1","FUS"
"HDAC1","KRAS","FUS"
"HDAC1","KIT","FUS"
"HDAC1","RPS6KB1","FUS"
"HDAC1","MAP2K1","FUS"
"HDAC1","TGFBR2","FUS"
"HDAC1","PPP1R2","FUS"
"HDAC1","AKT","FUS"
"HDAC1","PXN","FUS"
"HDAC1","FBXW7","FUS"
"HDAC1","ITK","FUS"
"HDAC1","NCK1","FUS"
"HDAC1","AHSA1","FUS"
"HDAC1","TNK2","FUS"
"HDAC1","YAP1","FUS"
"HDAC1","CD19","FUS"
"HDAC1","STAT1","FUS"
"HDAC1","DVL2","FUS"
"HDAC1","DYRK1B","FUS"
"HDAC1","JAK1","FUS"
"HDAC1","PTPN7","FUS"
"HDAC1","IKK-complex","FUS"
"HDAC1","SHC1","FUS"
"HDAC1","MAPKAPK5","FUS"
"HDAC1","MAP3K8","FUS"
"HDAC1","BDKRB2","FUS"
"HDAC1","FLT4","FUS"
"HDAC1","PTK2B","FUS"
"HDAC1","PRKCI","FUS"
"HDAC1","CTNND1","FUS"
"HDAC1","PARD6A","FUS"
"HDAC1","CEP192","FUS"
"HDAC1","GAB1","FUS"
"HDAC1","PTPRA","FUS"
"HDAC1","ESR1","FUS"
"HDAC1","INPP5D","FUS"
"HDAC1","GAB2","FUS"
"HDAC1","BCR-Ml","FUS"
"HDAC1","NOTCH","FUS"
"HDAC1","NCOA1","FUS"
"HDAC1","TAB3","FUS"
"HDAC1","NPM1","FUS"
"HDAC1","GCSAM","FUS"
"HDAC1","BCR-Dl","FUS"
"HDAC1","DDX58","FUS"
"HDAC1","ROR2","FUS"
"HDAC1","SRC","FOXC1"
"HDAC1","RPS6KA2","FOXC1"
"HDAC1","MAPK8","FOXC1"
"HDAC1","MTOR","FOXC1"
"HDAC1","PRKCD","FOXC1"
"HDAC1","Gbeta","FOXC1"
"HDAC1","PTPRJ","FOXC1"
"HDAC1","PDPK1","FOXC1"
"HDAC1","GSK3B","FOXC1"
"HDAC1","TGFBR2","FOXC1"
"HDAC1","PPP1R2","FOXC1"
"HDAC1","CDK5","FOXC1"
"HDAC1","WWTR1","FOXC1"
"HDAC1","RACK1","FOXC1"
"HDAC1","ABL2","FOXC1"
"HDAC1","FBXW7","FOXC1"
"HDAC1","TNK2","FOXC1"
"HDAC1","YAP1","FOXC1"
"HDAC1","HSP90AB1","FOXC1"
"HDAC1","DVL2","FOXC1"
"HDAC1","MAP2K2","FOXC1"
"HDAC1","EPS15","FOXC1"
"HDAC1","IKK-complex","FOXC1"
"HDAC1","SHC1","FOXC1"
"HDAC1","MAPK8IP3","FOXC1"
"HDAC1","AXIN1","FOXC1"
"HDAC1","DUSP16","FOXC1"
"HDAC1","EPHA2","FOXC1"
"HDAC1","PTPRR","FOXC1"
"HDAC1","BMX","FOXC1"
"HDAC1","PTK2B","FOXC1"
"HDAC1","SNW1","FOXC1"
"HDAC1","NEK6","FOXC1"
"HDAC1","PRKCI","FOXC1"
"HDAC1","CTNND1","FOXC1"
"HDAC1","PIN1","FOXC1"
"HDAC1","PARD6A","FOXC1"
"HDAC1","CEP192","FOXC1"
"HDAC1","GAB1","FOXC1"
"HDAC1","PTPRA","FOXC1"
"HDAC1","ESR1","FOXC1"
"HDAC1","INPP5D","FOXC1"
"HDAC1","EZH2","FOXC1"
"HDAC1","BCR-Ml","FOXC1"
"HDAC1","NCOA1","FOXC1"
"HDAC1","FERMT2","FOXC1"
"HDAC1","ZMIZ1","FOXC1"
"HDAC1","TAB3","FOXC1"
"HDAC1","NPM1","FOXC1"
"HDAC1","SPRY2","FOXC1"
"HDAC1","DDX58","FOXC1"
"HDAC1","DAB1","FOXC1"
"HDAC1","PLCG2","FOXC1"
"HDAC1","CHUK","DDX58"
"HDAC1","RPS6KA2","DDX58"
"HDAC1","MAPK8","DDX58"
"HDAC1","MTOR","DDX58"
"HDAC1","PTPN1","DDX58"
"HDAC1","PTPRJ","DDX58"
"HDAC1","RPS6KB1","DDX58"
"HDAC1","PDPK1","DDX58"
"HDAC1","MAP3K14","DDX58"
"HDAC1","MAP2K1","DDX58"
"HDAC1","TGFBR2","DDX58"
"HDAC1","PPP1R2","DDX58"
"HDAC1","CDK5","DDX58"
"HDAC1","AKT","DDX58"
"HDAC1","MAPK9","DDX58"
"HDAC1","WWTR1","DDX58"
"HDAC1","RACK1","DDX58"
"HDAC1","DAPK1","DDX58"
"HDAC1","PRKD1","DDX58"
"HDAC1","ABL2","DDX58"
"HDAC1","NCK1","DDX58"
"HDAC1","AHSA1","DDX58"
"HDAC1","TNK2","DDX58"
"HDAC1","YAP1","DDX58"
"HDAC1","CD19","DDX58"
"HDAC1","DVL2","DDX58"
"HDAC1","MAP2K2","DDX58"
"HDAC1","MAPK10","DDX58"
"HDAC1","DYRK1B","DDX58"
"HDAC1","MEK1/2","DDX58"
"HDAC1","JAK1","DDX58"
"HDAC1","PTPN7","DDX58"
"HDAC1","MAP4K1","DDX58"
"HDAC1","EPS15","DDX58"
"HDAC1","SHC1","DDX58"
"HDAC1","AXIN1","DDX58"
"HDAC1","MAPKAPK5","DDX58"
"HDAC1","DUSP16","DDX58"
"HDAC1","MAP3K8","DDX58"
"HDAC1","PTPRR","DDX58"
"HDAC1","PTK2B","DDX58"
"HDAC1","SNW1","DDX58"
"HDAC1","NEK6","DDX58"
"HDAC1","PRKCI","DDX58"
"HDAC1","PARD6A","DDX58"
"HDAC1","GAB1","DDX58"
"HDAC1","ESR1","DDX58"
"HDAC1","ARRB2","DDX58"
"HDAC1","NOTCH","DDX58"
"HDAC1","NCOA1","DDX58"
"HDAC1","FERMT2","DDX58"
"HDAC1","TAB3","DDX58"
"HDAC1","GCSAM","DDX58"
"HDAC1","BCR-Dl","DDX58"
"HDAC1","ROR2","DDX58"
"HDAC1","DAB1","DDX58"
"HDAC1","PTEN","ZNF318"
"HDAC1","MAPK8","ZNF318"
"HDAC1","MTOR","ZNF318"
"HDAC1","MAPK1","ZNF318"
"HDAC1","PTPRJ","ZNF318"
"HDAC1","PDPK1","ZNF318"
"HDAC1","MAP3K14","ZNF318"
"HDAC1","MAP2K1","ZNF318"
"HDAC1","GSK3B","ZNF318"
"HDAC1","PAK2","ZNF318"
"HDAC1","CDK5","ZNF318"
"HDAC1","AKT","ZNF318"
"HDAC1","MAPK9","ZNF318"
"HDAC1","WWTR1","ZNF318"
"HDAC1","DAPK1","ZNF318"
"HDAC1","PRKD1","ZNF318"
"HDAC1","ABL2","ZNF318"
"HDAC1","TNK2","ZNF318"
"HDAC1","DVL2","ZNF318"
"HDAC1","DYRK1B","ZNF318"
"HDAC1","MEK1/2","ZNF318"
"HDAC1","JAK1","ZNF318"
"HDAC1","MAP4K1","ZNF318"
"HDAC1","EPS15","ZNF318"
"HDAC1","SHC1","ZNF318"
"HDAC1","MAPKAPK5","ZNF318"
"HDAC1","MAP3K8","ZNF318"
"HDAC1","PTPRR","ZNF318"
"HDAC1","FLT4","ZNF318"
"HDAC1","BMX","ZNF318"
"HDAC1","PTK2B","ZNF318"
"HDAC1","NEK6","ZNF318"
"HDAC1","CTNND1","ZNF318"
"HDAC1","PIN1","ZNF318"
"HDAC1","GAB1","ZNF318"
"HDAC1","PTPRA","ZNF318"
"HDAC1","GRIP1","ZNF318"
"HDAC1","ARRB2","ZNF318"
"HDAC1","INPP5D","ZNF318"
"HDAC1","GAB2","ZNF318"
"HDAC1","EZH2","ZNF318"
"HDAC1","BCR-Dk","ZNF318"
"HDAC1","BCAR1","ZNF318"
"HDAC1","NOTCH","ZNF318"
"HDAC1","FERMT2","ZNF318"
"HDAC1","NPM1","ZNF318"
"HDAC1","GCSAM","ZNF318"
"HDAC1","OPTN","ZNF318"
"HDAC1","DDX58","ZNF318"
"HDAC1","ROR2","ZNF318"
"HDAC1","DAB1","ZNF318"
"HDAC1","BCR-Mk","ZNF318"
"HDAC1","RPS6KA2","E2F2"
"HDAC1","MTOR","E2F2"
"HDAC1","AKT1","E2F2"
"HDAC1","PRKCD","E2F2"
"HDAC1","MAPK1","E2F2"
"HDAC1","PTPN1","E2F2"
"HDAC1","KRAS","E2F2"
"HDAC1","RPS6KB1","E2F2"
"HDAC1","PDPK1","E2F2"
"HDAC1","MAP3K14","E2F2"
"HDAC1","GSK3B","E2F2"
"HDAC1","PPP1R2","E2F2"
"HDAC1","AKT","E2F2"
"HDAC1","WWTR1","E2F2"
"HDAC1","PRKD1","E2F2"
"HDAC1","ABL2","E2F2"
"HDAC1","FBXW7","E2F2"
"HDAC1","ITK","E2F2"
"HDAC1","NCK1","E2F2"
"HDAC1","AHSA1","E2F2"
"HDAC1","BTK","E2F2"
"HDAC1","TNK2","E2F2"
"HDAC1","YAP1","E2F2"
"HDAC1","CD19","E2F2"
"HDAC1","STAT1","E2F2"
"HDAC1","DVL2","E2F2"
"HDAC1","MAP2K2","E2F2"
"HDAC1","DYRK1B","E2F2"
"HDAC1","MEK1/2","E2F2"
"HDAC1","JAK1","E2F2"
"HDAC1","PTPN7","E2F2"
"HDAC1","CDKN2A","E2F2"
"HDAC1","MAP4K1","E2F2"
"HDAC1","EPS15","E2F2"
"HDAC1","IKK-complex","E2F2"
"HDAC1","SHC1","E2F2"
"HDAC1","MAPK8IP3","E2F2"
"HDAC1","AXIN1","E2F2"
"HDAC1","MAPKAPK5","E2F2"
"HDAC1","DUSP16","E2F2"
"HDAC1","EPHA2","E2F2"
"HDAC1","MAP3K8","E2F2"
"HDAC1","PTPRR","E2F2"
"HDAC1","BDKRB2","E2F2"
"HDAC1","FLT4","E2F2"
"HDAC1","BMX","E2F2"
"HDAC1","PTK2B","E2F2"
"HDAC1","CTNND1","E2F2"
"HDAC1","PARD6A","E2F2"
"HDAC1","GRIP1","E2F2"
"HDAC1","ESR1","E2F2"
"HDAC1","GAB2","E2F2"
"HDAC1","BCAR1","E2F2"
"HDAC1","TAB3","E2F2"
"HDAC1","NPM1","E2F2"
"HDAC1","GCSAM","E2F2"
"HDAC1","OPTN","E2F2"
"HDAC1","SPRY2","E2F2"
"HDAC1","BCR-Dl","E2F2"
"HDAC1","ROR2","E2F2"
"HDAC1","DAB1","E2F2"
"HDAC1","CHUK","CD3"
"HDAC1","PTEN","CD3"
"HDAC1","PRKCD","CD3"
"HDAC1","PTPN1","CD3"
"HDAC1","Gbeta","CD3"
"HDAC1","KRAS","CD3"
"HDAC1","RPS6KB1","CD3"
"HDAC1","EIF2AK2","CD3"
"HDAC1","MAP2K1","CD3"
"HDAC1","GSK3B","CD3"
"HDAC1","AKT","CD3"
"HDAC1","WWTR1","CD3"
"HDAC1","DAPK1","CD3"
"HDAC1","PRKD1","CD3"
"HDAC1","ABL2","CD3"
"HDAC1","BTK","CD3"
"HDAC1","YAP1","CD3"
"HDAC1","CD19","CD3"
"HDAC1","STAT1","CD3"
"HDAC1","HSP90AB1","CD3"
"HDAC1","DVL2","CD3"
"HDAC1","MAPK10","CD3"
"HDAC1","MEK1/2","CD3"
"HDAC1","PTPN7","CD3"
"HDAC1","CDKN2A","CD3"
"HDAC1","MAP4K1","CD3"
"HDAC1","EPS15","CD3"
"HDAC1","IKK-complex","CD3"
"HDAC1","SHC1","CD3"
"HDAC1","AXIN1","CD3"
"HDAC1","EPHA2","CD3"
"HDAC1","PTPRR","CD3"
"HDAC1","PTK2B","CD3"
"HDAC1","SNW1","CD3"
"HDAC1","NEK6","CD3"
"HDAC1","CTNND1","CD3"
"HDAC1","CEP192","CD3"
"HDAC1","PTPRA","CD3"
"HDAC1","INPP5D","CD3"
"HDAC1","GAB2","CD3"
"HDAC1","BCR-Dk","CD3"
"HDAC1","BCR-Ml","CD3"
"HDAC1","NOTCH","CD3"
"HDAC1","NCOA1","CD3"
"HDAC1","FERMT2","CD3"
"HDAC1","ZMIZ1","CD3"
"HDAC1","TAB3","CD3"
"HDAC1","NPM1","CD3"
"HDAC1","OPTN","CD3"
"HDAC1","DDX58","CD3"
"HDAC1","IFIH1","CD3"
"HDAC1","SH2B3","CD3"
"HDAC1","PLCG2","CD3"
"HDAC1","CHUK","TRIM28"
"HDAC1","MTOR","TRIM28"
"HDAC1","AKT1","TRIM28"
"HDAC1","MAPK1","TRIM28"
"HDAC1","PTPN1","TRIM28"
"HDAC1","Gbeta","TRIM28"
"HDAC1","RPS6KB1","TRIM28"
"HDAC1","MAML3","TRIM28"
"HDAC1","MAP3K14","TRIM28"
"HDAC1","PAK2","TRIM28"
"HDAC1","PPP1R2","TRIM28"
"HDAC1","RACK1","TRIM28"
"HDAC1","DAPK1","TRIM28"
"HDAC1","FBXW7","TRIM28"
"HDAC1","ITK","TRIM28"
"HDAC1","NCK1","TRIM28"
"HDAC1","AHSA1","TRIM28"
"HDAC1","BTK","TRIM28"
"HDAC1","DVL2","TRIM28"
"HDAC1","MAP2K2","TRIM28"
"HDAC1","MAPK10","TRIM28"
"HDAC1","DYRK1B","TRIM28"
"HDAC1","MEK1/2","TRIM28"
"HDAC1","CDKN2A","TRIM28"
"HDAC1","MAP4K1","TRIM28"
"HDAC1","MAPK8IP3","TRIM28"
"HDAC1","MAP3K8","TRIM28"
"HDAC1","BMX","TRIM28"
"HDAC1","SNW1","TRIM28"
"HDAC1","CEP192","TRIM28"
"HDAC1","GAB1","TRIM28"
"HDAC1","ESR1","TRIM28"
"HDAC1","ARRB2","TRIM28"
"HDAC1","GAB2","TRIM28"
"HDAC1","BCAR1","TRIM28"
"HDAC1","FERMT2","TRIM28"
"HDAC1","ZMIZ1","TRIM28"
"HDAC1","TAB3","TRIM28"
"HDAC1","GCSAM","TRIM28"
"HDAC1","OPTN","TRIM28"
"HDAC1","SPRY2","TRIM28"
"HDAC1","DDX58","TRIM28"
"HDAC1","SH2B3","TRIM28"
"HDAC1","BCR-Mk","TRIM28"
"HDAC1","PLCG2","TRIM28"
"HDAC1","RPS6KA2","ROR2"
"HDAC1","MAPK8","ROR2"
"HDAC1","AKT1","ROR2"
"HDAC1","PTPN1","ROR2"
"HDAC1","KRAS","ROR2"
"HDAC1","MAML3","ROR2"
"HDAC1","MAP3K14","ROR2"
"HDAC1","GSK3B","ROR2"
"HDAC1","TGFBR2","ROR2"
"HDAC1","PAK2","ROR2"
"HDAC1","PPP1R2","ROR2"
"HDAC1","WWTR1","ROR2"
"HDAC1","RACK1","ROR2"
"HDAC1","PXN","ROR2"
"HDAC1","PRKD1","ROR2"
"HDAC1","ITK","ROR2"
"HDAC1","TNK2","ROR2"
"HDAC1","YAP1","ROR2"
"HDAC1","HSP90AB1","ROR2"
"HDAC1","MAP2K2","ROR2"
"HDAC1","MAPK10","ROR2"
"HDAC1","MAP4K1","ROR2"
"HDAC1","EPS15","ROR2"
"HDAC1","IKK-complex","ROR2"
"HDAC1","MAPK8IP3","ROR2"
"HDAC1","MAPKAPK5","ROR2"
"HDAC1","DUSP16","ROR2"
"HDAC1","MAP3K8","ROR2"
"HDAC1","FLT4","ROR2"
"HDAC1","SNW1","ROR2"
"HDAC1","CEP192","ROR2"
"HDAC1","GAB1","ROR2"
"HDAC1","PTPRA","ROR2"
"HDAC1","ARRB2","ROR2"
"HDAC1","INPP5D","ROR2"
"HDAC1","BCR-Dk","ROR2"
"HDAC1","BCAR1","ROR2"
"HDAC1","BCR-Ml","ROR2"
"HDAC1","TAB3","ROR2"
"HDAC1","NPM1","ROR2"
"HDAC1","SPRY2","ROR2"
"HDAC1","DDX58","ROR2"
"HDAC1","PLCG2","ROR2"
"HDAC1","RPS6KA2","BAG3"
"HDAC1","PTEN","BAG3"
"HDAC1","MAPK8","BAG3"
"HDAC1","MTOR","BAG3"
"HDAC1","AKT1","BAG3"
"HDAC1","MAPK1","BAG3"
"HDAC1","Gbeta","BAG3"
"HDAC1","KIT","BAG3"
"HDAC1","PTPRJ","BAG3"
"HDAC1","RPS6KB1","BAG3"
"HDAC1","EIF2AK2","BAG3"
"HDAC1","PDPK1","BAG3"
"HDAC1","MAP3K14","BAG3"
"HDAC1","MAP2K1","BAG3"
"HDAC1","TGFBR2","BAG3"
"HDAC1","RACK1","BAG3"
"HDAC1","DAPK1","BAG3"
"HDAC1","PXN","BAG3"
"HDAC1","ABL2","BAG3"
"HDAC1","AHSA1","BAG3"
"HDAC1","BTK","BAG3"
"HDAC1","YAP1","BAG3"
"HDAC1","CD19","BAG3"
"HDAC1","STAT1","BAG3"
"HDAC1","DVL2","BAG3"
"HDAC1","MAP2K2","BAG3"
"HDAC1","MAPK10","BAG3"
"HDAC1","DYRK1B","BAG3"
"HDAC1","JAK1","BAG3"
"HDAC1","PTPN7","BAG3"
"HDAC1","MAP4K1","BAG3"
"HDAC1","IKK-complex","BAG3"
"HDAC1","SHC1","BAG3"
"HDAC1","MAPKAPK5","BAG3"
"HDAC1","FLT4","BAG3"
"HDAC1","BMX","BAG3"
"HDAC1","PTK2B","BAG3"
"HDAC1","NEK6","BAG3"
"HDAC1","PRKCI","BAG3"
"HDAC1","CEP192","BAG3"
"HDAC1","GAB1","BAG3"
"HDAC1","PTPRA","BAG3"
"HDAC1","ESR1","BAG3"
"HDAC1","GAB2","BAG3"
"HDAC1","BCR-Ml","BAG3"
"HDAC1","NCOA1","BAG3"
"HDAC1","TAB3","BAG3"
"HDAC1","NPM1","BAG3"
"HDAC1","OPTN","BAG3"
"HDAC1","SPRY2","BAG3"
"HDAC1","BCR-Dl","BAG3"
"HDAC1","DDX58","BAG3"
"HDAC1","IFIH1","BAG3"
"HDAC1","DAB1","BAG3"
"HDAC1","BCR-Mk","BAG3"
"HDAC1","PLCG2","BAG3"
"HDAC1","CHUK","PLEKHG2"
"HDAC1","RPS6KA2","PLEKHG2"
"HDAC1","PTEN","PLEKHG2"
"HDAC1","MAPK8","PLEKHG2"
"HDAC1","MTOR","PLEKHG2"
"HDAC1","MAPK1","PLEKHG2"
"HDAC1","RPS6KB1","PLEKHG2"
"HDAC1","MAP3K14","PLEKHG2"
"HDAC1","MAP2K1","PLEKHG2"
"HDAC1","PAK2","PLEKHG2"
"HDAC1","PRKD1","PLEKHG2"
"HDAC1","FBXW7","PLEKHG2"
"HDAC1","ITK","PLEKHG2"
"HDAC1","AHSA1","PLEKHG2"
"HDAC1","TNK2","PLEKHG2"
"HDAC1","MAP2K2","PLEKHG2"
"HDAC1","MEK1/2","PLEKHG2"
"HDAC1","MAP4K1","PLEKHG2"
"HDAC1","IKK-complex","PLEKHG2"
"HDAC1","SHC1","PLEKHG2"
"HDAC1","DUSP16","PLEKHG2"
"HDAC1","BDKRB2","PLEKHG2"
"HDAC1","FLT4","PLEKHG2"
"HDAC1","BMX","PLEKHG2"
"HDAC1","SNW1","PLEKHG2"
"HDAC1","CTNND1","PLEKHG2"
"HDAC1","GAB1","PLEKHG2"
"HDAC1","GRIP1","PLEKHG2"
"HDAC1","ARRB2","PLEKHG2"
"HDAC1","EZH2","PLEKHG2"
"HDAC1","BCR-Dk","PLEKHG2"
"HDAC1","BCR-Ml","PLEKHG2"
"HDAC1","NPM1","PLEKHG2"
"HDAC1","DAB1","PLEKHG2"
"HDAC1","BCR-Mk","PLEKHG2"
"HDAC1","SRC","MCC"
"HDAC1","PTEN","MCC"
"HDAC1","MAPK8","MCC"
"HDAC1","MTOR","MCC"
"HDAC1","AKT1","MCC"
"HDAC1","PTPRJ","MCC"
"HDAC1","PDPK1","MCC"
"HDAC1","MAML3","MCC"
"HDAC1","MAP3K14","MCC"
"HDAC1","MAP2K1","MCC"
"HDAC1","PAK2","MCC"
"HDAC1","CDK5","MCC"
"HDAC1","AKT","MCC"
"HDAC1","MAPK9","MCC"
"HDAC1","WWTR1","MCC"
"HDAC1","RACK1","MCC"
"HDAC1","DAPK1","MCC"
"HDAC1","PXN","MCC"
"HDAC1","ABL2","MCC"
"HDAC1","FBXW7","MCC"
"HDAC1","NCK1","MCC"
"HDAC1","BTK","MCC"
"HDAC1","TNK2","MCC"
"HDAC1","STAT1","MCC"
"HDAC1","MAP2K2","MCC"
"HDAC1","MAPK10","MCC"
"HDAC1","JAK1","MCC"
"HDAC1","PTPN7","MCC"
"HDAC1","CDKN2A","MCC"
"HDAC1","EPS15","MCC"
"HDAC1","IKK-complex","MCC"
"HDAC1","SHC1","MCC"
"HDAC1","AXIN1","MCC"
"HDAC1","DUSP16","MCC"
"HDAC1","PTPRR","MCC"
"HDAC1","BMX","MCC"
"HDAC1","PTK2B","MCC"
"HDAC1","SNW1","MCC"
"HDAC1","NEK6","MCC"
"HDAC1","CTNND1","MCC"
"HDAC1","GAB1","MCC"
"HDAC1","GRIP1","MCC"
"HDAC1","ESR1","MCC"
"HDAC1","INPP5D","MCC"
"HDAC1","NOTCH","MCC"
"HDAC1","NCOA1","MCC"
"HDAC1","FERMT2","MCC"
"HDAC1","TAB3","MCC"
"HDAC1","OPTN","MCC"
"HDAC1","SPRY2","MCC"
"HDAC1","BCR-Dl","MCC"
"HDAC1","DDX58","MCC"
"HDAC1","DAB1","MCC"
"HDAC1","PLCG2","MCC"
"HDAC1","MAP3K8","THRB"
"HDAC1","CHUK","ABI1"
"HDAC1","PTEN","ABI1"
"HDAC1","PRKCD","ABI1"
"HDAC1","MAPK1","ABI1"
"HDAC1","PTPN1","ABI1"
"HDAC1","KRAS","ABI1"
"HDAC1","PTPRJ","ABI1"
"HDAC1","PDPK1","ABI1"
"HDAC1","MAP3K14","ABI1"
"HDAC1","GSK3B","ABI1"
"HDAC1","TGFBR2","ABI1"
"HDAC1","PPP1R2","ABI1"
"HDAC1","CDK5","ABI1"
"HDAC1","MAPK9","ABI1"
"HDAC1","WWTR1","ABI1"
"HDAC1","RACK1","ABI1"
"HDAC1","DAPK1","ABI1"
"HDAC1","PXN","ABI1"
"HDAC1","NCK1","ABI1"
"HDAC1","AHSA1","ABI1"
"HDAC1","BTK","ABI1"
"HDAC1","TNK2","ABI1"
"HDAC1","YAP1","ABI1"
"HDAC1","CD19","ABI1"
"HDAC1","HSP90AB1","ABI1"
"HDAC1","MAP2K2","ABI1"
"HDAC1","DYRK1B","ABI1"
"HDAC1","MEK1/2","ABI1"
"HDAC1","JAK1","ABI1"
"HDAC1","MAP4K1","ABI1"
"HDAC1","AXIN1","ABI1"
"HDAC1","EPHA2","ABI1"
"HDAC1","FLT4","ABI1"
"HDAC1","SNW1","ABI1"
"HDAC1","PIN1","ABI1"
"HDAC1","CEP192","ABI1"
"HDAC1","GAB1","ABI1"
"HDAC1","PTPRA","ABI1"
"HDAC1","GRIP1","ABI1"
"HDAC1","ESR1","ABI1"
"HDAC1","INPP5D","ABI1"
"HDAC1","BCR-Dk","ABI1"
"HDAC1","BCAR1","ABI1"
"HDAC1","BCR-Ml","ABI1"
"HDAC1","NOTCH","ABI1"
"HDAC1","NCOA1","ABI1"
"HDAC1","FERMT2","ABI1"
"HDAC1","GCSAM","ABI1"
"HDAC1","OPTN","ABI1"
"HDAC1","ROR2","ABI1"
"HDAC1","SH2B3","ABI1"
"HDAC1","PLCG2","ABI1"
"HDAC1","CHUK","RUNX2"
"HDAC1","RPS6KA2","RUNX2"
"HDAC1","PTEN","RUNX2"
"HDAC1","MAPK8","RUNX2"
"HDAC1","MTOR","RUNX2"
"HDAC1","AKT1","RUNX2"
"HDAC1","PRKCD","RUNX2"
"HDAC1","Gbeta","RUNX2"
"HDAC1","KIT","RUNX2"
"HDAC1","MAML3","RUNX2"
"HDAC1","MAP2K1","RUNX2"
"HDAC1","CDK5","RUNX2"
"HDAC1","AKT","RUNX2"
"HDAC1","MAPK9","RUNX2"
"HDAC1","RACK1","RUNX2"
"HDAC1","AHSA1","RUNX2"
"HDAC1","BTK","RUNX2"
"HDAC1","TNK2","RUNX2"
"HDAC1","STAT1","RUNX2"
"HDAC1","DVL2","RUNX2"
"HDAC1","MAP2K2","RUNX2"
"HDAC1","DYRK1B","RUNX2"
"HDAC1","MEK1/2","RUNX2"
"HDAC1","JAK1","RUNX2"
"HDAC1","MAP4K1","RUNX2"
"HDAC1","EPS15","RUNX2"
"HDAC1","IKK-complex","RUNX2"
"HDAC1","SHC1","RUNX2"
"HDAC1","AXIN1","RUNX2"
"HDAC1","DUSP16","RUNX2"
"HDAC1","FLT4","RUNX2"
"HDAC1","BMX","RUNX2"
"HDAC1","PTK2B","RUNX2"
"HDAC1","PRKCI","RUNX2"
"HDAC1","PARD6A","RUNX2"
"HDAC1","GAB1","RUNX2"
"HDAC1","ESR1","RUNX2"
"HDAC1","BCR-Dk","RUNX2"
"HDAC1","BCAR1","RUNX2"
"HDAC1","NCOA1","RUNX2"
"HDAC1","NPM1","RUNX2"
"HDAC1","BCR-Dl","RUNX2"
"HDAC1","SH2B3","RUNX2"
"HDAC1","PLCG2","RUNX2"
"HDAC1","CHUK","IFIH1"
"HDAC1","SRC","IFIH1"
"HDAC1","MAPK8","IFIH1"
"HDAC1","AKT1","IFIH1"
"HDAC1","PTPN1","IFIH1"
"HDAC1","Gbeta","IFIH1"
"HDAC1","KRAS","IFIH1"
"HDAC1","KIT","IFIH1"
"HDAC1","EIF2AK2","IFIH1"
"HDAC1","MAP3K14","IFIH1"
"HDAC1","PAK2","IFIH1"
"HDAC1","MAPK9","IFIH1"
"HDAC1","WWTR1","IFIH1"
"HDAC1","AHSA1","IFIH1"
"HDAC1","TNK2","IFIH1"
"HDAC1","DVL2","IFIH1"
"HDAC1","JAK1","IFIH1"
"HDAC1","SHC1","IFIH1"
"HDAC1","MAPKAPK5","IFIH1"
"HDAC1","DUSP16","IFIH1"
"HDAC1","EPHA2","IFIH1"
"HDAC1","BDKRB2","IFIH1"
"HDAC1","PTK2B","IFIH1"
"HDAC1","SNW1","IFIH1"
"HDAC1","NEK6","IFIH1"
"HDAC1","CEP192","IFIH1"
"HDAC1","GAB1","IFIH1"
"HDAC1","PTPRA","IFIH1"
"HDAC1","ESR1","IFIH1"
"HDAC1","INPP5D","IFIH1"
"HDAC1","GAB2","IFIH1"
"HDAC1","EZH2","IFIH1"
"HDAC1","BCR-Dk","IFIH1"
"HDAC1","NOTCH","IFIH1"
"HDAC1","ZMIZ1","IFIH1"
"HDAC1","BCR-Dl","IFIH1"
"HDAC1","DDX58","IFIH1"
"HDAC1","DAB1","IFIH1"
"HDAC1","BCR-Mk","IFIH1"
"HDAC1","SRC","PCBP2"
"HDAC1","PTEN","PCBP2"
"HDAC1","MAPK8","PCBP2"
"HDAC1","PTPN1","PCBP2"
"HDAC1","KRAS","PCBP2"
"HDAC1","PTPRJ","PCBP2"
"HDAC1","RPS6KB1","PCBP2"
"HDAC1","PDPK1","PCBP2"
"HDAC1","GSK3B","PCBP2"
"HDAC1","TGFBR2","PCBP2"
"HDAC1","PPP1R2","PCBP2"
"HDAC1","CDK5","PCBP2"
"HDAC1","MAPK9","PCBP2"
"HDAC1","WWTR1","PCBP2"
"HDAC1","RACK1","PCBP2"
"HDAC1","PRKD1","PCBP2"
"HDAC1","FBXW7","PCBP2"
"HDAC1","NCK1","PCBP2"
"HDAC1","AHSA1","PCBP2"
"HDAC1","BTK","PCBP2"
"HDAC1","YAP1","PCBP2"
"HDAC1","STAT1","PCBP2"
"HDAC1","HSP90AB1","PCBP2"
"HDAC1","JAK1","PCBP2"
"HDAC1","PTPN7","PCBP2"
"HDAC1","MAP4K1","PCBP2"
"HDAC1","EPS15","PCBP2"
"HDAC1","IKK-complex","PCBP2"
"HDAC1","SHC1","PCBP2"
"HDAC1","AXIN1","PCBP2"
"HDAC1","MAPKAPK5","PCBP2"
"HDAC1","BDKRB2","PCBP2"
"HDAC1","FLT4","PCBP2"
"HDAC1","SNW1","PCBP2"
"HDAC1","NEK6","PCBP2"
"HDAC1","CTNND1","PCBP2"
"HDAC1","CEP192","PCBP2"
"HDAC1","GAB1","PCBP2"
"HDAC1","PTPRA","PCBP2"
"HDAC1","GRIP1","PCBP2"
"HDAC1","ESR1","PCBP2"
"HDAC1","INPP5D","PCBP2"
"HDAC1","BCR-Ml","PCBP2"
"HDAC1","NOTCH","PCBP2"
"HDAC1","FERMT2","PCBP2"
"HDAC1","ZMIZ1","PCBP2"
"HDAC1","TAB3","PCBP2"
"HDAC1","OPTN","PCBP2"
"HDAC1","BCR-Dl","PCBP2"
"HDAC1","BCR-Mk","PCBP2"
"HDAC1","PLCG2","PCBP2"
"HDAC1","PTEN","AP1"
"HDAC1","AKT1","AP1"
"HDAC1","Gbeta","AP1"
"HDAC1","EIF2AK2","AP1"
"HDAC1","MAML3","AP1"
"HDAC1","GSK3B","AP1"
"HDAC1","TGFBR2","AP1"
"HDAC1","PAK2","AP1"
"HDAC1","CDK5","AP1"
"HDAC1","WWTR1","AP1"
"HDAC1","DAPK1","AP1"
"HDAC1","PXN","AP1"
"HDAC1","PRKD1","AP1"
"HDAC1","ABL2","AP1"
"HDAC1","FBXW7","AP1"
"HDAC1","ITK","AP1"
"HDAC1","NCK1","AP1"
"HDAC1","AHSA1","AP1"
"HDAC1","BTK","AP1"
"HDAC1","TNK2","AP1"
"HDAC1","YAP1","AP1"
"HDAC1","STAT1","AP1"
"HDAC1","DVL2","AP1"
"HDAC1","DYRK1B","AP1"
"HDAC1","MEK1/2","AP1"
"HDAC1","JAK1","AP1"
"HDAC1","PTPN7","AP1"
"HDAC1","MAP4K1","AP1"
"HDAC1","EPS15","AP1"
"HDAC1","IKK-complex","AP1"
"HDAC1","SHC1","AP1"
"HDAC1","MAPK8IP3","AP1"
"HDAC1","AXIN1","AP1"
"HDAC1","DUSP16","AP1"
"HDAC1","PTPRR","AP1"
"HDAC1","BMX","AP1"
"HDAC1","PTK2B","AP1"
"HDAC1","SNW1","AP1"
"HDAC1","NEK6","AP1"
"HDAC1","PRKCI","AP1"
"HDAC1","PIN1","AP1"
"HDAC1","CEP192","AP1"
"HDAC1","GAB1","AP1"
"HDAC1","PTPRA","AP1"
"HDAC1","GRIP1","AP1"
"HDAC1","ARRB2","AP1"
"HDAC1","GAB2","AP1"
"HDAC1","BCAR1","AP1"
"HDAC1","NOTCH","AP1"
"HDAC1","NCOA1","AP1"
"HDAC1","FERMT2","AP1"
"HDAC1","NPM1","AP1"
"HDAC1","OPTN","AP1"
"HDAC1","SPRY2","AP1"
"HDAC1","BCR-Dl","AP1"
"HDAC1","DDX58","AP1"
"HDAC1","ROR2","AP1"
"HDAC1","IFIH1","AP1"
"HDAC1","DAB1","AP1"
"HDAC1","PLCG2","AP1"
"HDAC1","CHUK","SH2B3"
"HDAC1","PTEN","SH2B3"
"HDAC1","MAPK8","SH2B3"
"HDAC1","MTOR","SH2B3"
"HDAC1","AKT1","SH2B3"
"HDAC1","PRKCD","SH2B3"
"HDAC1","MAPK1","SH2B3"
"HDAC1","PTPN1","SH2B3"
"HDAC1","Gbeta","SH2B3"
"HDAC1","KRAS","SH2B3"
"HDAC1","KIT","SH2B3"
"HDAC1","PTPRJ","SH2B3"
"HDAC1","RPS6KB1","SH2B3"
"HDAC1","EIF2AK2","SH2B3"
"HDAC1","PDPK1","SH2B3"
"HDAC1","MAML3","SH2B3"
"HDAC1","MAP3K14","SH2B3"
"HDAC1","MAP2K1","SH2B3"
"HDAC1","GSK3B","SH2B3"
"HDAC1","TGFBR2","SH2B3"
"HDAC1","PPP1R2","SH2B3"
"HDAC1","CDK5","SH2B3"
"HDAC1","AKT","SH2B3"
"HDAC1","MAPK9","SH2B3"
"HDAC1","WWTR1","SH2B3"
"HDAC1","PXN","SH2B3"
"HDAC1","PRKD1","SH2B3"
"HDAC1","NCK1","SH2B3"
"HDAC1","TNK2","SH2B3"
"HDAC1","YAP1","SH2B3"
"HDAC1","CD19","SH2B3"
"HDAC1","STAT1","SH2B3"
"HDAC1","HSP90AB1","SH2B3"
"HDAC1","DVL2","SH2B3"
"HDAC1","MAP2K2","SH2B3"
"HDAC1","MAPK10","SH2B3"
"HDAC1","DYRK1B","SH2B3"
"HDAC1","JAK1","SH2B3"
"HDAC1","PTPN7","SH2B3"
"HDAC1","CDKN2A","SH2B3"
"HDAC1","MAP4K1","SH2B3"
"HDAC1","IKK-complex","SH2B3"
"HDAC1","SHC1","SH2B3"
"HDAC1","MAPK8IP3","SH2B3"
"HDAC1","AXIN1","SH2B3"
"HDAC1","MAPKAPK5","SH2B3"
"HDAC1","DUSP16","SH2B3"
"HDAC1","EPHA2","SH2B3"
"HDAC1","PTPRR","SH2B3"
"HDAC1","BDKRB2","SH2B3"
"HDAC1","FLT4","SH2B3"
"HDAC1","BMX","SH2B3"
"HDAC1","SNW1","SH2B3"
"HDAC1","NEK6","SH2B3"
"HDAC1","PRKCI","SH2B3"
"HDAC1","CTNND1","SH2B3"
"HDAC1","PARD6A","SH2B3"
"HDAC1","CEP192","SH2B3"
"HDAC1","ESR1","SH2B3"
"HDAC1","ARRB2","SH2B3"
"HDAC1","INPP5D","SH2B3"
"HDAC1","GAB2","SH2B3"
"HDAC1","BCR-Dk","SH2B3"
"HDAC1","BCAR1","SH2B3"
"HDAC1","BCR-Ml","SH2B3"
"HDAC1","NCOA1","SH2B3"
"HDAC1","FERMT2","SH2B3"
"HDAC1","ZMIZ1","SH2B3"
"HDAC1","TAB3","SH2B3"
"HDAC1","GCSAM","SH2B3"
"HDAC1","OPTN","SH2B3"
"HDAC1","SPRY2","SH2B3"
"HDAC1","BCR-Dl","SH2B3"
"HDAC1","IFIH1","SH2B3"
"HDAC1","DAB1","SH2B3"
"HDAC1","BCR-Mk","SH2B3"
"HDAC1","PLCG2","SH2B3"
"HDAC1","MAPK3","E2F1"
"HDAC1","CHUK","E2F1"
"HDAC1","SRC","E2F1"
"HDAC1","RPS6KA2","E2F1"
"HDAC1","MAPK8","E2F1"
"HDAC1","MTOR","E2F1"
"HDAC1","AKT1","E2F1"
"HDAC1","PRKCD","E2F1"
"HDAC1","MAPK1","E2F1"
"HDAC1","ARAF","E2F1"
"HDAC1","PTPN1","E2F1"
"HDAC1","PLK1","E2F1"
"HDAC1","KRAS","E2F1"
"HDAC1","PTPRJ","E2F1"
"HDAC1","MAP3K14","E2F1"
"HDAC1","GSK3B","E2F1"
"HDAC1","CDK5","E2F1"
"HDAC1","WWTR1","E2F1"
"HDAC1","RACK1","E2F1"
"HDAC1","MAPKAPK2","E2F1"
"HDAC1","ABL2","E2F1"
"HDAC1","TTK","E2F1"
"HDAC1","TNK2","E2F1"
"HDAC1","CD19","E2F1"
"HDAC1","STAT1","E2F1"
"HDAC1","DVL2","E2F1"
"HDAC1","MAP2K2","E2F1"
"HDAC1","DYRK1B","E2F1"
"HDAC1","GIT1","E2F1"
"HDAC1","MEK1/2","E2F1"
"HDAC1","PTPN7","E2F1"
"HDAC1","AXIN1","E2F1"
"HDAC1","MAP3K8","E2F1"
"HDAC1","BMX","E2F1"
"HDAC1","PTK2B","E2F1"
"HDAC1","SNW1","E2F1"
"HDAC1","NEK6","E2F1"
"HDAC1","PARD6A","E2F1"
"HDAC1","PTPRA","E2F1"
"HDAC1","GRIP1","E2F1"
"HDAC1","ESR1","E2F1"
"HDAC1","ARRB2","E2F1"
"HDAC1","GAB2","E2F1"
"HDAC1","BCR-Dk","E2F1"
"HDAC1","BCAR1","E2F1"
"HDAC1","NOTCH","E2F1"
"HDAC1","NCOA1","E2F1"
"HDAC1","FERMT2","E2F1"
"HDAC1","ZMIZ1","E2F1"
"HDAC1","TAB3","E2F1"
"HDAC1","GCSAM","E2F1"
"HDAC1","BCR-Dl","E2F1"
"HDAC1","IFIH1","E2F1"
"HDAC1","RAD9A","E2F1"
"HDAC1","DAB1","E2F1"
"HDAC1","BCR-Mk","E2F1"
"HDAC1","RPS6KA2","DNM1"
"HDAC1","PRKCD","DNM1"
"HDAC1","MAPK1","DNM1"
"HDAC1","PTPN1","DNM1"
"HDAC1","KIT","DNM1"
"HDAC1","PTPRJ","DNM1"
"HDAC1","RPS6KB1","DNM1"
"HDAC1","PDPK1","DNM1"
"HDAC1","MAP2K1","DNM1"
"HDAC1","GSK3B","DNM1"
"HDAC1","CDK5","DNM1"
"HDAC1","MAPK9","DNM1"
"HDAC1","WWTR1","DNM1"
"HDAC1","RACK1","DNM1"
"HDAC1","PXN","DNM1"
"HDAC1","ABL2","DNM1"
"HDAC1","NCK1","DNM1"
"HDAC1","TNK2","DNM1"
"HDAC1","STAT1","DNM1"
"HDAC1","MAPK10","DNM1"
"HDAC1","JAK1","DNM1"
"HDAC1","PTPN7","DNM1"
"HDAC1","MAP4K1","DNM1"
"HDAC1","EPS15","DNM1"
"HDAC1","AXIN1","DNM1"
"HDAC1","MAPKAPK5","DNM1"
"HDAC1","EPHA2","DNM1"
"HDAC1","FLT4","DNM1"
"HDAC1","BMX","DNM1"
"HDAC1","SNW1","DNM1"
"HDAC1","PRKCI","DNM1"
"HDAC1","PIN1","DNM1"
"HDAC1","PARD6A","DNM1"
"HDAC1","GRIP1","DNM1"
"HDAC1","ARRB2","DNM1"
"HDAC1","INPP5D","DNM1"
"HDAC1","GAB2","DNM1"
"HDAC1","BCR-Dk","DNM1"
"HDAC1","BCAR1","DNM1"
"HDAC1","NOTCH","DNM1"
"HDAC1","FERMT2","DNM1"
"HDAC1","ZMIZ1","DNM1"
"HDAC1","NPM1","DNM1"
"HDAC1","GCSAM","DNM1"
"HDAC1","OPTN","DNM1"
"HDAC1","DDX58","DNM1"
"HDAC1","ROR2","DNM1"
"HDAC1","IFIH1","DNM1"
"HDAC1","SH2B3","DNM1"
"HDAC1","DAB1","DNM1"
"HDAC1","BCR-Mk","DNM1"
"HDAC1","SRC","H3C1"
"HDAC1","RPS6KA2","H3C1"
"HDAC1","PTEN","H3C1"
"HDAC1","MAPK8","H3C1"
"HDAC1","PRKCD","H3C1"
"HDAC1","Gbeta","H3C1"
"HDAC1","KIT","H3C1"
"HDAC1","RPS6KB1","H3C1"
"HDAC1","EIF2AK2","H3C1"
"HDAC1","PDPK1","H3C1"
"HDAC1","MAML3","H3C1"
"HDAC1","MAP2K1","H3C1"
"HDAC1","GSK3B","H3C1"
"HDAC1","TGFBR2","H3C1"
"HDAC1","PPP1R2","H3C1"
"HDAC1","MAPK9","H3C1"
"HDAC1","WWTR1","H3C1"
"HDAC1","RACK1","H3C1"
"HDAC1","PXN","H3C1"
"HDAC1","ABL2","H3C1"
"HDAC1","ITK","H3C1"
"HDAC1","BTK","H3C1"
"HDAC1","TNK2","H3C1"
"HDAC1","YAP1","H3C1"
"HDAC1","STAT1","H3C1"
"HDAC1","HSP90AB1","H3C1"
"HDAC1","MAPK10","H3C1"
"HDAC1","DYRK1B","H3C1"
"HDAC1","JAK1","H3C1"
"HDAC1","PTPN7","H3C1"
"HDAC1","MAP4K1","H3C1"
"HDAC1","IKK-complex","H3C1"
"HDAC1","MAPK8IP3","H3C1"
"HDAC1","AXIN1","H3C1"
"HDAC1","MAPKAPK5","H3C1"
"HDAC1","DUSP16","H3C1"
"HDAC1","EPHA2","H3C1"
"HDAC1","BDKRB2","H3C1"
"HDAC1","FLT4","H3C1"
"HDAC1","BMX","H3C1"
"HDAC1","PTK2B","H3C1"
"HDAC1","SNW1","H3C1"
"HDAC1","CTNND1","H3C1"
"HDAC1","PARD6A","H3C1"
"HDAC1","GAB1","H3C1"
"HDAC1","ESR1","H3C1"
"HDAC1","ARRB2","H3C1"
"HDAC1","INPP5D","H3C1"
"HDAC1","BCR-Ml","H3C1"
"HDAC1","NCOA1","H3C1"
"HDAC1","FERMT2","H3C1"
"HDAC1","NPM1","H3C1"
"HDAC1","OPTN","H3C1"
"HDAC1","ROR2","H3C1"
"HDAC1","IFIH1","H3C1"
"HDAC1","BCR-Mk","H3C1"
"HDAC1","PLCG2","H3C1"
"HDAC1","PRKCD","FCRL3"
"HDAC1","Gbeta","FCRL3"
"HDAC1","KRAS","FCRL3"
"HDAC1","PTPRJ","FCRL3"
"HDAC1","EIF2AK2","FCRL3"
"HDAC1","PDPK1","FCRL3"
"HDAC1","MAP3K14","FCRL3"
"HDAC1","GSK3B","FCRL3"
"HDAC1","CDK5","FCRL3"
"HDAC1","PRKD1","FCRL3"
"HDAC1","ABL2","FCRL3"
"HDAC1","ITK","FCRL3"
"HDAC1","NCK1","FCRL3"
"HDAC1","BTK","FCRL3"
"HDAC1","YAP1","FCRL3"
"HDAC1","CD19","FCRL3"
"HDAC1","DVL2","FCRL3"
"HDAC1","MAPK10","FCRL3"
"HDAC1","JAK1","FCRL3"
"HDAC1","CDKN2A","FCRL3"
"HDAC1","EPS15","FCRL3"
"HDAC1","IKK-complex","FCRL3"
"HDAC1","SHC1","FCRL3"
"HDAC1","MAPKAPK5","FCRL3"
"HDAC1","EPHA2","FCRL3"
"HDAC1","MAP3K8","FCRL3"
"HDAC1","BDKRB2","FCRL3"
"HDAC1","PRKCI","FCRL3"
"HDAC1","PIN1","FCRL3"
"HDAC1","GAB1","FCRL3"
"HDAC1","ESR1","FCRL3"
"HDAC1","ARRB2","FCRL3"
"HDAC1","INPP5D","FCRL3"
"HDAC1","GAB2","FCRL3"
"HDAC1","BCR-Dk","FCRL3"
"HDAC1","BCAR1","FCRL3"
"HDAC1","BCR-Ml","FCRL3"
"HDAC1","TAB3","FCRL3"
"HDAC1","NPM1","FCRL3"
"HDAC1","OPTN","FCRL3"
"HDAC1","SPRY2","FCRL3"
"HDAC1","BCR-Dl","FCRL3"
"HDAC1","DDX58","FCRL3"
"HDAC1","ROR2","FCRL3"
"HDAC1","SH2B3","FCRL3"
"HDAC1","DAB1","FCRL3"
"HDAC1","BCR-Mk","FCRL3"
"HDAC1","PLCG2","FCRL3"
"HDAC1","RPS6KA2","WAS"
"HDAC1","PTEN","WAS"
"HDAC1","PRKCD","WAS"
"HDAC1","PTPN1","WAS"
"HDAC1","PDPK1","WAS"
"HDAC1","MAP2K1","WAS"
"HDAC1","GSK3B","WAS"
"HDAC1","WWTR1","WAS"
"HDAC1","RACK1","WAS"
"HDAC1","PXN","WAS"
"HDAC1","FBXW7","WAS"
"HDAC1","NCK1","WAS"
"HDAC1","AHSA1","WAS"
"HDAC1","BTK","WAS"
"HDAC1","TNK2","WAS"
"HDAC1","YAP1","WAS"
"HDAC1","CD19","WAS"
"HDAC1","STAT1","WAS"
"HDAC1","DVL2","WAS"
"HDAC1","MAPK10","WAS"
"HDAC1","JAK1","WAS"
"HDAC1","PTPN7","WAS"
"HDAC1","CDKN2A","WAS"
"HDAC1","MAPK8IP3","WAS"
"HDAC1","MAPKAPK5","WAS"
"HDAC1","EPHA2","WAS"
"HDAC1","MAP3K8","WAS"
"HDAC1","BMX","WAS"
"HDAC1","PTK2B","WAS"
"HDAC1","NEK6","WAS"
"HDAC1","CTNND1","WAS"
"HDAC1","PIN1","WAS"
"HDAC1","PARD6A","WAS"
"HDAC1","GRIP1","WAS"
"HDAC1","ESR1","WAS"
"HDAC1","ARRB2","WAS"
"HDAC1","INPP5D","WAS"
"HDAC1","GAB2","WAS"
"HDAC1","EZH2","WAS"
"HDAC1","BCR-Dk","WAS"
"HDAC1","BCAR1","WAS"
"HDAC1","BCR-Ml","WAS"
"HDAC1","NOTCH","WAS"
"HDAC1","FERMT2","WAS"
"HDAC1","TAB3","WAS"
"HDAC1","NPM1","WAS"
"HDAC1","GCSAM","WAS"
"HDAC1","OPTN","WAS"
"HDAC1","BCR-Dl","WAS"
"HDAC1","DDX58","WAS"
"HDAC1","ROR2","WAS"
"HDAC1","SH2B3","WAS"
"HDAC1","BCR-Mk","WAS"
"HDAC1","SRC","RAD9A"
"HDAC1","RPS6KA2","RAD9A"
"HDAC1","MTOR","RAD9A"
"HDAC1","AKT1","RAD9A"
"HDAC1","Gbeta","RAD9A"
"HDAC1","KRAS","RAD9A"
"HDAC1","RPS6KB1","RAD9A"
"HDAC1","EIF2AK2","RAD9A"
"HDAC1","PAK2","RAD9A"
"HDAC1","PPP1R2","RAD9A"
"HDAC1","CDK5","RAD9A"
"HDAC1","MAPK9","RAD9A"
"HDAC1","RACK1","RAD9A"
"HDAC1","DAPK1","RAD9A"
"HDAC1","PXN","RAD9A"
"HDAC1","PRKD1","RAD9A"
"HDAC1","ABL2","RAD9A"
"HDAC1","ITK","RAD9A"
"HDAC1","NCK1","RAD9A"
"HDAC1","BTK","RAD9A"
"HDAC1","YAP1","RAD9A"
"HDAC1","CD19","RAD9A"
"HDAC1","STAT1","RAD9A"
"HDAC1","HSP90AB1","RAD9A"
"HDAC1","DVL2","RAD9A"
"HDAC1","MEK1/2","RAD9A"
"HDAC1","JAK1","RAD9A"
"HDAC1","PTPN7","RAD9A"
"HDAC1","CDKN2A","RAD9A"
"HDAC1","MAP4K1","RAD9A"
"HDAC1","IKK-complex","RAD9A"
"HDAC1","MAPK8IP3","RAD9A"
"HDAC1","AXIN1","RAD9A"
"HDAC1","DUSP16","RAD9A"
"HDAC1","MAP3K8","RAD9A"
"HDAC1","BDKRB2","RAD9A"
"HDAC1","BMX","RAD9A"
"HDAC1","PTK2B","RAD9A"
"HDAC1","SNW1","RAD9A"
"HDAC1","NEK6","RAD9A"
"HDAC1","PRKCI","RAD9A"
"HDAC1","GAB1","RAD9A"
"HDAC1","PTPRA","RAD9A"
"HDAC1","GRIP1","RAD9A"
"HDAC1","ARRB2","RAD9A"
"HDAC1","INPP5D","RAD9A"
"HDAC1","GAB2","RAD9A"
"HDAC1","BCR-Dk","RAD9A"
"HDAC1","BCR-Ml","RAD9A"
"HDAC1","NOTCH","RAD9A"
"HDAC1","FERMT2","RAD9A"
"HDAC1","ZMIZ1","RAD9A"
"HDAC1","NPM1","RAD9A"
"HDAC1","GCSAM","RAD9A"
"HDAC1","SPRY2","RAD9A"
"HDAC1","IFIH1","RAD9A"
"HDAC1","SH2B3","RAD9A"
"HDAC1","PLCG2","RAD9A"
"HDAC1","RPS6KA2","FH"
"HDAC1","PTEN","FH"
"HDAC1","MAPK8","FH"
"HDAC1","AKT1","FH"
"HDAC1","RPS6KB1","FH"
"HDAC1","PDPK1","FH"
"HDAC1","MAML3","FH"
"HDAC1","MAP3K14","FH"
"HDAC1","GSK3B","FH"
"HDAC1","PAK2","FH"
"HDAC1","CDK5","FH"
"HDAC1","AKT","FH"
"HDAC1","WWTR1","FH"
"HDAC1","RACK1","FH"
"HDAC1","DAPK1","FH"
"HDAC1","PRKD1","FH"
"HDAC1","ABL2","FH"
"HDAC1","FBXW7","FH"
"HDAC1","NCK1","FH"
"HDAC1","AHSA1","FH"
"HDAC1","BTK","FH"
"HDAC1","TNK2","FH"
"HDAC1","CD19","FH"
"HDAC1","STAT1","FH"
"HDAC1","MAPK10","FH"
"HDAC1","DYRK1B","FH"
"HDAC1","MEK1/2","FH"
"HDAC1","JAK1","FH"
"HDAC1","PTPN7","FH"
"HDAC1","CDKN2A","FH"
"HDAC1","MAP4K1","FH"
"HDAC1","MAPK8IP3","FH"
"HDAC1","MAPKAPK5","FH"
"HDAC1","DUSP16","FH"
"HDAC1","EPHA2","FH"
"HDAC1","PTPRR","FH"
"HDAC1","FLT4","FH"
"HDAC1","BMX","FH"
"HDAC1","PTK2B","FH"
"HDAC1","NEK6","FH"
"HDAC1","PIN1","FH"
"HDAC1","PARD6A","FH"
"HDAC1","CEP192","FH"
"HDAC1","PTPRA","FH"
"HDAC1","GRIP1","FH"
"HDAC1","ESR1","FH"
"HDAC1","INPP5D","FH"
"HDAC1","BCR-Dk","FH"
"HDAC1","BCAR1","FH"
"HDAC1","NCOA1","FH"
"HDAC1","FERMT2","FH"
"HDAC1","NPM1","FH"
"HDAC1","OPTN","FH"
"HDAC1","SPRY2","FH"
"HDAC1","BCR-Dl","FH"
"HDAC1","DDX58","FH"
"HDAC1","ROR2","FH"
"HDAC1","IFIH1","FH"
"HDAC1","SH2B3","FH"
"HDAC1","PLCG2","FH"
"HDAC1","MAP3K8","FBXO5"
"HDAC1","CHUK","PARP1"
"HDAC1","SRC","PARP1"
"HDAC1","MAPK8","PARP1"
"HDAC1","MTOR","PARP1"
"HDAC1","AKT1","PARP1"
"HDAC1","PRKCD","PARP1"
"HDAC1","MAPK1","PARP1"
"HDAC1","PTPN1","PARP1"
"HDAC1","Gbeta","PARP1"
"HDAC1","RPS6KB1","PARP1"
"HDAC1","AKT","PARP1"
"HDAC1","MAPK9","PARP1"
"HDAC1","WWTR1","PARP1"
"HDAC1","RACK1","PARP1"
"HDAC1","DAPK1","PARP1"
"HDAC1","PRKD1","PARP1"
"HDAC1","FBXW7","PARP1"
"HDAC1","ITK","PARP1"
"HDAC1","TNK2","PARP1"
"HDAC1","CD19","PARP1"
"HDAC1","DVL2","PARP1"
"HDAC1","MAPK10","PARP1"
"HDAC1","MEK1/2","PARP1"
"HDAC1","JAK1","PARP1"
"HDAC1","PTPN7","PARP1"
"HDAC1","CDKN2A","PARP1"
"HDAC1","EPS15","PARP1"
"HDAC1","AXIN1","PARP1"
"HDAC1","MAPKAPK5","PARP1"
"HDAC1","FLT4","PARP1"
"HDAC1","BMX","PARP1"
"HDAC1","PTK2B","PARP1"
"HDAC1","PIN1","PARP1"
"HDAC1","CEP192","PARP1"
"HDAC1","PTPRA","PARP1"
"HDAC1","BCAR1","PARP1"
"HDAC1","NOTCH","PARP1"
"HDAC1","NCOA1","PARP1"
"HDAC1","FERMT2","PARP1"
"HDAC1","ZMIZ1","PARP1"
"HDAC1","NPM1","PARP1"
"HDAC1","GCSAM","PARP1"
"HDAC1","SPRY2","PARP1"
"HDAC1","BCR-Dl","PARP1"
"HDAC1","DDX58","PARP1"
"HDAC1","SH2B3","PARP1"
"HDAC1","BCR-Mk","PARP1"
"HDAC1","PLCG2","PARP1"
"HDAC1","RPS6KA2","XPOT"
"HDAC1","MTOR","XPOT"
"HDAC1","AKT1","XPOT"
"HDAC1","KRAS","XPOT"
"HDAC1","EIF2AK2","XPOT"
"HDAC1","PDPK1","XPOT"
"HDAC1","MAP2K1","XPOT"
"HDAC1","CDK5","XPOT"
"HDAC1","RACK1","XPOT"
"HDAC1","PXN","XPOT"
"HDAC1","PRKD1","XPOT"
"HDAC1","BTK","XPOT"
"HDAC1","TNK2","XPOT"
"HDAC1","MAP2K2","XPOT"
"HDAC1","MAPK10","XPOT"
"HDAC1","MAP4K1","XPOT"
"HDAC1","MAPKAPK5","XPOT"
"HDAC1","PTPRR","XPOT"
"HDAC1","FLT4","XPOT"
"HDAC1","BMX","XPOT"
"HDAC1","PTK2B","XPOT"
"HDAC1","PRKCI","XPOT"
"HDAC1","PIN1","XPOT"
"HDAC1","CEP192","XPOT"
"HDAC1","ARRB2","XPOT"
"HDAC1","GAB2","XPOT"
"HDAC1","EZH2","XPOT"
"HDAC1","BCAR1","XPOT"
"HDAC1","FERMT2","XPOT"
"HDAC1","TAB3","XPOT"
"HDAC1","OPTN","XPOT"
"HDAC1","DDX58","XPOT"
"HDAC1","ROR2","XPOT"
"HDAC1","IFIH1","XPOT"
"HDAC1","SH2B3","XPOT"
"HDAC1","DAB1","XPOT"
"HDAC1","CHUK","KAT5"
"HDAC1","SRC","KAT5"
"HDAC1","RPS6KA2","KAT5"
"HDAC1","PTEN","KAT5"
"HDAC1","MAPK8","KAT5"
"HDAC1","MTOR","KAT5"
"HDAC1","AKT1","KAT5"
"HDAC1","Gbeta","KAT5"
"HDAC1","KRAS","KAT5"
"HDAC1","KIT","KAT5"
"HDAC1","EIF2AK2","KAT5"
"HDAC1","PDPK1","KAT5"
"HDAC1","MAP3K14","KAT5"
"HDAC1","TGFBR2","KAT5"
"HDAC1","PAK2","KAT5"
"HDAC1","PPP1R2","KAT5"
"HDAC1","CDK5","KAT5"
"HDAC1","AKT","KAT5"
"HDAC1","RACK1","KAT5"
"HDAC1","DAPK1","KAT5"
"HDAC1","PXN","KAT5"
"HDAC1","PRKD1","KAT5"
"HDAC1","ABL2","KAT5"
"HDAC1","ITK","KAT5"
"HDAC1","NCK1","KAT5"
"HDAC1","AHSA1","KAT5"
"HDAC1","BTK","KAT5"
"HDAC1","YAP1","KAT5"
"HDAC1","CD19","KAT5"
"HDAC1","HSP90AB1","KAT5"
"HDAC1","DVL2","KAT5"
"HDAC1","MAP2K2","KAT5"
"HDAC1","MEK1/2","KAT5"
"HDAC1","JAK1","KAT5"
"HDAC1","PTPN7","KAT5"
"HDAC1","CDKN2A","KAT5"
"HDAC1","IKK-complex","KAT5"
"HDAC1","SHC1","KAT5"
"HDAC1","AXIN1","KAT5"
"HDAC1","MAPKAPK5","KAT5"
"HDAC1","EPHA2","KAT5"
"HDAC1","PTPRR","KAT5"
"HDAC1","FLT4","KAT5"
"HDAC1","BMX","KAT5"
"HDAC1","PTK2B","KAT5"
"HDAC1","SNW1","KAT5"
"HDAC1","PRKCI","KAT5"
"HDAC1","CTNND1","KAT5"
"HDAC1","PIN1","KAT5"
"HDAC1","PARD6A","KAT5"
"HDAC1","CEP192","KAT5"
"HDAC1","GAB1","KAT5"
"HDAC1","PTPRA","KAT5"
"HDAC1","GRIP1","KAT5"
"HDAC1","ESR1","KAT5"
"HDAC1","ARRB2","KAT5"
"HDAC1","INPP5D","KAT5"
"HDAC1","GAB2","KAT5"
"HDAC1","EZH2","KAT5"
"HDAC1","BCR-Dk","KAT5"
"HDAC1","BCAR1","KAT5"
"HDAC1","BCR-Ml","KAT5"
"HDAC1","FERMT2","KAT5"
"HDAC1","ZMIZ1","KAT5"
"HDAC1","TAB3","KAT5"
"HDAC1","DDX58","KAT5"
"HDAC1","ROR2","KAT5"
"HDAC1","BCR-Mk","KAT5"
"HDAC1","MAP2K2","TSC2"
"HDAC1","CHUK","LRP6"
"HDAC1","RPS6KA2","LRP6"
"HDAC1","MAPK8","LRP6"
"HDAC1","MTOR","LRP6"
"HDAC1","KRAS","LRP6"
"HDAC1","KIT","LRP6"
"HDAC1","PDPK1","LRP6"
"HDAC1","MAML3","LRP6"
"HDAC1","MAP3K14","LRP6"
"HDAC1","MAP2K1","LRP6"
"HDAC1","GSK3B","LRP6"
"HDAC1","AKT","LRP6"
"HDAC1","MAPK9","LRP6"
"HDAC1","PRKD1","LRP6"
"HDAC1","ABL2","LRP6"
"HDAC1","ITK","LRP6"
"HDAC1","NCK1","LRP6"
"HDAC1","CD19","LRP6"
"HDAC1","HSP90AB1","LRP6"
"HDAC1","DVL2","LRP6"
"HDAC1","MAPK10","LRP6"
"HDAC1","JAK1","LRP6"
"HDAC1","PTPN7","LRP6"
"HDAC1","CDKN2A","LRP6"
"HDAC1","MAP4K1","LRP6"
"HDAC1","MAPKAPK5","LRP6"
"HDAC1","PTPRR","LRP6"
"HDAC1","FLT4","LRP6"
"HDAC1","PTK2B","LRP6"
"HDAC1","NEK6","LRP6"
"HDAC1","PRKCI","LRP6"
"HDAC1","PIN1","LRP6"
"HDAC1","PARD6A","LRP6"
"HDAC1","GRIP1","LRP6"
"HDAC1","ESR1","LRP6"
"HDAC1","INPP5D","LRP6"
"HDAC1","EZH2","LRP6"
"HDAC1","BCR-Dk","LRP6"
"HDAC1","BCAR1","LRP6"
"HDAC1","NOTCH","LRP6"
"HDAC1","NCOA1","LRP6"
"HDAC1","NPM1","LRP6"
"HDAC1","GCSAM","LRP6"
"HDAC1","BCR-Dl","LRP6"
"HDAC1","ROR2","LRP6"
"HDAC1","IFIH1","LRP6"
"HDAC1","SH2B3","LRP6"
"HDAC1","BCR-Mk","LRP6"
"HDAC1","CHUK","APP"
"HDAC1","SRC","APP"
"HDAC1","PTEN","APP"
"HDAC1","MAPK8","APP"
"HDAC1","PRKCD","APP"
"HDAC1","MAPK1","APP"
"HDAC1","PDPK1","APP"
"HDAC1","MAP2K1","APP"
"HDAC1","PAK2","APP"
"HDAC1","PPP1R2","APP"
"HDAC1","CDK5","APP"
"HDAC1","WWTR1","APP"
"HDAC1","RACK1","APP"
"HDAC1","PXN","APP"
"HDAC1","PRKD1","APP"
"HDAC1","FBXW7","APP"
"HDAC1","AHSA1","APP"
"HDAC1","BTK","APP"
"HDAC1","YAP1","APP"
"HDAC1","CD19","APP"
"HDAC1","STAT1","APP"
"HDAC1","DVL2","APP"
"HDAC1","MAPK10","APP"
"HDAC1","DYRK1B","APP"
"HDAC1","PTPN7","APP"
"HDAC1","CDKN2A","APP"
"HDAC1","MAP4K1","APP"
"HDAC1","IKK-complex","APP"
"HDAC1","SHC1","APP"
"HDAC1","MAPK8IP3","APP"
"HDAC1","AXIN1","APP"
"HDAC1","MAPKAPK5","APP"
"HDAC1","DUSP16","APP"
"HDAC1","PTPRR","APP"
"HDAC1","FLT4","APP"
"HDAC1","NEK6","APP"
"HDAC1","PRKCI","APP"
"HDAC1","PIN1","APP"
"HDAC1","PARD6A","APP"
"HDAC1","CEP192","APP"
"HDAC1","PTPRA","APP"
"HDAC1","GAB2","APP"
"HDAC1","BCR-Ml","APP"
"HDAC1","NOTCH","APP"
"HDAC1","NCOA1","APP"
"HDAC1","FERMT2","APP"
"HDAC1","TAB3","APP"
"HDAC1","OPTN","APP"
"HDAC1","ROR2","APP"
"HDAC1","BCR-Mk","APP"
"HDAC1","PLCG2","APP"
"HDAC1","PTEN","ITCH"
"HDAC1","PRKCD","ITCH"
"HDAC1","Gbeta","ITCH"
"HDAC1","KRAS","ITCH"
"HDAC1","KIT","ITCH"
"HDAC1","PTPRJ","ITCH"
"HDAC1","RPS6KB1","ITCH"
"HDAC1","EIF2AK2","ITCH"
"HDAC1","PDPK1","ITCH"
"HDAC1","MAP2K1","ITCH"
"HDAC1","PAK2","ITCH"
"HDAC1","PPP1R2","ITCH"
"HDAC1","CDK5","ITCH"
"HDAC1","AKT","ITCH"
"HDAC1","MAPK9","ITCH"
"HDAC1","WWTR1","ITCH"
"HDAC1","RACK1","ITCH"
"HDAC1","PXN","ITCH"
"HDAC1","PRKD1","ITCH"
"HDAC1","ABL2","ITCH"
"HDAC1","FBXW7","ITCH"
"HDAC1","ITK","ITCH"
"HDAC1","NCK1","ITCH"
"HDAC1","AHSA1","ITCH"
"HDAC1","TNK2","ITCH"
"HDAC1","CD19","ITCH"
"HDAC1","STAT1","ITCH"
"HDAC1","MAPK10","ITCH"
"HDAC1","DYRK1B","ITCH"
"HDAC1","JAK1","ITCH"
"HDAC1","CDKN2A","ITCH"
"HDAC1","MAP4K1","ITCH"
"HDAC1","EPS15","ITCH"
"HDAC1","AXIN1","ITCH"
"HDAC1","MAPKAPK5","ITCH"
"HDAC1","DUSP16","ITCH"
"HDAC1","EPHA2","ITCH"
"HDAC1","MAP3K8","ITCH"
"HDAC1","PTPRR","ITCH"
"HDAC1","BDKRB2","ITCH"
"HDAC1","FLT4","ITCH"
"HDAC1","PTK2B","ITCH"
"HDAC1","SNW1","ITCH"
"HDAC1","NEK6","ITCH"
"HDAC1","PIN1","ITCH"
"HDAC1","PARD6A","ITCH"
"HDAC1","CEP192","ITCH"
"HDAC1","GRIP1","ITCH"
"HDAC1","INPP5D","ITCH"
"HDAC1","EZH2","ITCH"
"HDAC1","BCR-Ml","ITCH"
"HDAC1","NOTCH","ITCH"
"HDAC1","ZMIZ1","ITCH"
"HDAC1","TAB3","ITCH"
"HDAC1","NPM1","ITCH"
"HDAC1","BCR-Dl","ITCH"
"HDAC1","SH2B3","ITCH"
"HDAC1","DAB1","ITCH"
"HDAC1","PLCG2","ITCH"
"HDAC1","CHUK","BCKDK"
"HDAC1","MAPK8","BCKDK"
"HDAC1","MTOR","BCKDK"
"HDAC1","AKT1","BCKDK"
"HDAC1","PRKCD","BCKDK"
"HDAC1","MAPK1","BCKDK"
"HDAC1","KRAS","BCKDK"
"HDAC1","PTPRJ","BCKDK"
"HDAC1","PDPK1","BCKDK"
"HDAC1","MAML3","BCKDK"
"HDAC1","MAP2K1","BCKDK"
"HDAC1","PAK2","BCKDK"
"HDAC1","PPP1R2","BCKDK"
"HDAC1","CDK5","BCKDK"
"HDAC1","AKT","BCKDK"
"HDAC1","DAPK1","BCKDK"
"HDAC1","PXN","BCKDK"
"HDAC1","FBXW7","BCKDK"
"HDAC1","NCK1","BCKDK"
"HDAC1","DVL2","BCKDK"
"HDAC1","JAK1","BCKDK"
"HDAC1","MAP4K1","BCKDK"
"HDAC1","EPS15","BCKDK"
"HDAC1","IKK-complex","BCKDK"
"HDAC1","AXIN1","BCKDK"
"HDAC1","FLT4","BCKDK"
"HDAC1","BMX","BCKDK"
"HDAC1","SNW1","BCKDK"
"HDAC1","NEK6","BCKDK"
"HDAC1","PRKCI","BCKDK"
"HDAC1","PIN1","BCKDK"
"HDAC1","GAB1","BCKDK"
"HDAC1","GRIP1","BCKDK"
"HDAC1","ESR1","BCKDK"
"HDAC1","GAB2","BCKDK"
"HDAC1","NCOA1","BCKDK"
"HDAC1","FERMT2","BCKDK"
"HDAC1","ZMIZ1","BCKDK"
"HDAC1","NPM1","BCKDK"
"HDAC1","GCSAM","BCKDK"
"HDAC1","OPTN","BCKDK"
"HDAC1","ROR2","BCKDK"
"HDAC1","IFIH1","BCKDK"
"HDAC1","PLCG2","BCKDK"
"HDAC1","CHUK","NFKB1"
"HDAC1","PTEN","NFKB1"
"HDAC1","PTPN1","NFKB1"
"HDAC1","Gbeta","NFKB1"
"HDAC1","KIT","NFKB1"
"HDAC1","MAML3","NFKB1"
"HDAC1","MAP3K14","NFKB1"
"HDAC1","TGFBR2","NFKB1"
"HDAC1","PAK2","NFKB1"
"HDAC1","PPP1R2","NFKB1"
"HDAC1","WWTR1","NFKB1"
"HDAC1","RACK1","NFKB1"
"HDAC1","PRKD1","NFKB1"
"HDAC1","ABL2","NFKB1"
"HDAC1","FBXW7","NFKB1"
"HDAC1","AHSA1","NFKB1"
"HDAC1","TNK2","NFKB1"
"HDAC1","YAP1","NFKB1"
"HDAC1","CD19","NFKB1"
"HDAC1","STAT1","NFKB1"
"HDAC1","MAP2K2","NFKB1"
"HDAC1","PTPN7","NFKB1"
"HDAC1","CDKN2A","NFKB1"
"HDAC1","MAP4K1","NFKB1"
"HDAC1","EPS15","NFKB1"
"HDAC1","MAPK8IP3","NFKB1"
"HDAC1","AXIN1","NFKB1"
"HDAC1","MAPKAPK5","NFKB1"
"HDAC1","EPHA2","NFKB1"
"HDAC1","BDKRB2","NFKB1"
"HDAC1","FLT4","NFKB1"
"HDAC1","BMX","NFKB1"
"HDAC1","PTK2B","NFKB1"
"HDAC1","NEK6","NFKB1"
"HDAC1","CTNND1","NFKB1"
"HDAC1","PIN1","NFKB1"
"HDAC1","PARD6A","NFKB1"
"HDAC1","CEP192","NFKB1"
"HDAC1","PTPRA","NFKB1"
"HDAC1","ESR1","NFKB1"
"HDAC1","ARRB2","NFKB1"
"HDAC1","GAB2","NFKB1"
"HDAC1","EZH2","NFKB1"
"HDAC1","BCAR1","NFKB1"
"HDAC1","NOTCH","NFKB1"
"HDAC1","FERMT2","NFKB1"
"HDAC1","ZMIZ1","NFKB1"
"HDAC1","TAB3","NFKB1"
"HDAC1","BCR-Dl","NFKB1"
"HDAC1","DDX58","NFKB1"
"HDAC1","BCR-Mk","NFKB1"
"HDAC1","RPS6KA2","DNM1L"
"HDAC1","PTEN","DNM1L"
"HDAC1","KRAS","DNM1L"
"HDAC1","KIT","DNM1L"
"HDAC1","EIF2AK2","DNM1L"
"HDAC1","MAP2K1","DNM1L"
"HDAC1","GSK3B","DNM1L"
"HDAC1","PPP1R2","DNM1L"
"HDAC1","CDK5","DNM1L"
"HDAC1","AKT","DNM1L"
"HDAC1","MAPK9","DNM1L"
"HDAC1","RACK1","DNM1L"
"HDAC1","PRKD1","DNM1L"
"HDAC1","ABL2","DNM1L"
"HDAC1","BTK","DNM1L"
"HDAC1","TNK2","DNM1L"
"HDAC1","YAP1","DNM1L"
"HDAC1","CD19","DNM1L"
"HDAC1","MEK1/2","DNM1L"
"HDAC1","JAK1","DNM1L"
"HDAC1","MAPK8IP3","DNM1L"
"HDAC1","AXIN1","DNM1L"
"HDAC1","MAPKAPK5","DNM1L"
"HDAC1","PTPRR","DNM1L"
"HDAC1","PTK2B","DNM1L"
"HDAC1","SNW1","DNM1L"
"HDAC1","NEK6","DNM1L"
"HDAC1","PARD6A","DNM1L"
"HDAC1","PTPRA","DNM1L"
"HDAC1","GRIP1","DNM1L"
"HDAC1","EZH2","DNM1L"
"HDAC1","BCR-Dk","DNM1L"
"HDAC1","BCR-Ml","DNM1L"
"HDAC1","NCOA1","DNM1L"
"HDAC1","FERMT2","DNM1L"
"HDAC1","ZMIZ1","DNM1L"
"HDAC1","TAB3","DNM1L"
"HDAC1","GCSAM","DNM1L"
"HDAC1","SPRY2","DNM1L"
"HDAC1","BCR-Dl","DNM1L"
"HDAC1","IFIH1","DNM1L"
"HDAC1","DAB1","DNM1L"
"HDAC1","RPS6KA2","SH3PXD2B"
"HDAC1","MAPK8","SH3PXD2B"
"HDAC1","AKT1","SH3PXD2B"
"HDAC1","PRKCD","SH3PXD2B"
"HDAC1","PTPN1","SH3PXD2B"
"HDAC1","KRAS","SH3PXD2B"
"HDAC1","EIF2AK2","SH3PXD2B"
"HDAC1","PDPK1","SH3PXD2B"
"HDAC1","MAML3","SH3PXD2B"
"HDAC1","MAP3K14","SH3PXD2B"
"HDAC1","GSK3B","SH3PXD2B"
"HDAC1","TGFBR2","SH3PXD2B"
"HDAC1","PAK2","SH3PXD2B"
"HDAC1","PPP1R2","SH3PXD2B"
"HDAC1","CDK5","SH3PXD2B"
"HDAC1","AKT","SH3PXD2B"
"HDAC1","MAPK9","SH3PXD2B"
"HDAC1","RACK1","SH3PXD2B"
"HDAC1","PRKD1","SH3PXD2B"
"HDAC1","ITK","SH3PXD2B"
"HDAC1","NCK1","SH3PXD2B"
"HDAC1","AHSA1","SH3PXD2B"
"HDAC1","BTK","SH3PXD2B"
"HDAC1","TNK2","SH3PXD2B"
"HDAC1","DVL2","SH3PXD2B"
"HDAC1","DYRK1B","SH3PXD2B"
"HDAC1","MEK1/2","SH3PXD2B"
"HDAC1","EPS15","SH3PXD2B"
"HDAC1","AXIN1","SH3PXD2B"
"HDAC1","MAP3K8","SH3PXD2B"
"HDAC1","BMX","SH3PXD2B"
"HDAC1","SNW1","SH3PXD2B"
"HDAC1","CEP192","SH3PXD2B"
"HDAC1","GAB1","SH3PXD2B"
"HDAC1","PTPRA","SH3PXD2B"
"HDAC1","GRIP1","SH3PXD2B"
"HDAC1","GAB2","SH3PXD2B"
"HDAC1","BCR-Dk","SH3PXD2B"
"HDAC1","BCAR1","SH3PXD2B"
"HDAC1","BCR-Ml","SH3PXD2B"
"HDAC1","NOTCH","SH3PXD2B"
"HDAC1","ZMIZ1","SH3PXD2B"
"HDAC1","GCSAM","SH3PXD2B"
"HDAC1","BCR-Dl","SH3PXD2B"
"HDAC1","SH2B3","SH3PXD2B"
"HDAC1","DAB1","SH3PXD2B"
"HDAC1","BCR-Mk","SH3PXD2B"
"HDAC1","CHUK","SUZ12/EZH2"
"HDAC1","PTEN","SUZ12/EZH2"
"HDAC1","Gbeta","SUZ12/EZH2"
"HDAC1","KRAS","SUZ12/EZH2"
"HDAC1","KIT","SUZ12/EZH2"
"HDAC1","RPS6KB1","SUZ12/EZH2"
"HDAC1","PDPK1","SUZ12/EZH2"
"HDAC1","MAML3","SUZ12/EZH2"
"HDAC1","MAP2K1","SUZ12/EZH2"
"HDAC1","PAK2","SUZ12/EZH2"
"HDAC1","AKT","SUZ12/EZH2"
"HDAC1","MAPK9","SUZ12/EZH2"
"HDAC1","DAPK1","SUZ12/EZH2"
"HDAC1","ABL2","SUZ12/EZH2"
"HDAC1","FBXW7","SUZ12/EZH2"
"HDAC1","CD19","SUZ12/EZH2"
"HDAC1","STAT1","SUZ12/EZH2"
"HDAC1","HSP90AB1","SUZ12/EZH2"
"HDAC1","MAP2K2","SUZ12/EZH2"
"HDAC1","MEK1/2","SUZ12/EZH2"
"HDAC1","PTPN7","SUZ12/EZH2"
"HDAC1","MAP4K1","SUZ12/EZH2"
"HDAC1","EPS15","SUZ12/EZH2"
"HDAC1","DUSP16","SUZ12/EZH2"
"HDAC1","BDKRB2","SUZ12/EZH2"
"HDAC1","FLT4","SUZ12/EZH2"
"HDAC1","PTK2B","SUZ12/EZH2"
"HDAC1","PRKCI","SUZ12/EZH2"
"HDAC1","PIN1","SUZ12/EZH2"
"HDAC1","PARD6A","SUZ12/EZH2"
"HDAC1","GAB1","SUZ12/EZH2"
"HDAC1","ARRB2","SUZ12/EZH2"
"HDAC1","INPP5D","SUZ12/EZH2"
"HDAC1","GAB2","SUZ12/EZH2"
"HDAC1","EZH2","SUZ12/EZH2"
"HDAC1","BCR-Ml","SUZ12/EZH2"
"HDAC1","NOTCH","SUZ12/EZH2"
"HDAC1","ZMIZ1","SUZ12/EZH2"
"HDAC1","TAB3","SUZ12/EZH2"
"HDAC1","GCSAM","SUZ12/EZH2"
"HDAC1","OPTN","SUZ12/EZH2"
"HDAC1","SPRY2","SUZ12/EZH2"
"HDAC1","BCR-Dl","SUZ12/EZH2"
"HDAC1","IFIH1","SUZ12/EZH2"
"HDAC1","SH2B3","SUZ12/EZH2"
"HDAC1","DAB1","SUZ12/EZH2"
"HDAC1","BCR-Mk","SUZ12/EZH2"
"HDAC1","AKT1","DAB1"
"HDAC1","PRKCD","DAB1"
"HDAC1","MAPK1","DAB1"
"HDAC1","Gbeta","DAB1"
"HDAC1","KRAS","DAB1"
"HDAC1","KIT","DAB1"
"HDAC1","RPS6KB1","DAB1"
"HDAC1","MAML3","DAB1"
"HDAC1","MAP3K14","DAB1"
"HDAC1","PAK2","DAB1"
"HDAC1","PPP1R2","DAB1"
"HDAC1","CDK5","DAB1"
"HDAC1","AKT","DAB1"
"HDAC1","MAPK9","DAB1"
"HDAC1","WWTR1","DAB1"
"HDAC1","DAPK1","DAB1"
"HDAC1","PRKD1","DAB1"
"HDAC1","ITK","DAB1"
"HDAC1","NCK1","DAB1"
"HDAC1","CD19","DAB1"
"HDAC1","HSP90AB1","DAB1"
"HDAC1","MAP2K2","DAB1"
"HDAC1","MEK1/2","DAB1"
"HDAC1","PTPN7","DAB1"
"HDAC1","MAP4K1","DAB1"
"HDAC1","IKK-complex","DAB1"
"HDAC1","MAPK8IP3","DAB1"
"HDAC1","DUSP16","DAB1"
"HDAC1","MAP3K8","DAB1"
"HDAC1","BDKRB2","DAB1"
"HDAC1","FLT4","DAB1"
"HDAC1","PTK2B","DAB1"
"HDAC1","SNW1","DAB1"
"HDAC1","NEK6","DAB1"
"HDAC1","CTNND1","DAB1"
"HDAC1","PIN1","DAB1"
"HDAC1","PARD6A","DAB1"
"HDAC1","CEP192","DAB1"
"HDAC1","PTPRA","DAB1"
"HDAC1","ESR1","DAB1"
"HDAC1","INPP5D","DAB1"
"HDAC1","BCR-Dk","DAB1"
"HDAC1","BCAR1","DAB1"
"HDAC1","BCR-Ml","DAB1"
"HDAC1","NOTCH","DAB1"
"HDAC1","FERMT2","DAB1"
"HDAC1","OPTN","DAB1"
"HDAC1","SH2B3","DAB1"
"HDAC1","BCR-Mk","DAB1"
"HDAC1","MEK1/2","TIAM1"
"HDAC1","MAP3K8","TIAM1"
"HDAC1","CHUK","FOS"
"HDAC1","SRC","FOS"
"HDAC1","RPS6KA2","FOS"
"HDAC1","PTEN","FOS"
"HDAC1","MAPK8","FOS"
"HDAC1","AKT1","FOS"
"HDAC1","PTPN1","FOS"
"HDAC1","KIT","FOS"
"HDAC1","PTPRJ","FOS"
"HDAC1","EIF2AK2","FOS"
"HDAC1","PDPK1","FOS"
"HDAC1","MAML3","FOS"
"HDAC1","MAP2K1","FOS"
"HDAC1","CDK5","FOS"
"HDAC1","AKT","FOS"
"HDAC1","MAPK9","FOS"
"HDAC1","RACK1","FOS"
"HDAC1","PRKD1","FOS"
"HDAC1","ABL2","FOS"
"HDAC1","NCK1","FOS"
"HDAC1","AHSA1","FOS"
"HDAC1","DYRK1B","FOS"
"HDAC1","MEK1/2","FOS"
"HDAC1","PTPN7","FOS"
"HDAC1","EPS15","FOS"
"HDAC1","IKK-complex","FOS"
"HDAC1","SHC1","FOS"
"HDAC1","MAPK8IP3","FOS"
"HDAC1","MAPKAPK5","FOS"
"HDAC1","BDKRB2","FOS"
"HDAC1","FLT4","FOS"
"HDAC1","BMX","FOS"
"HDAC1","PTK2B","FOS"
"HDAC1","PRKCI","FOS"
"HDAC1","CTNND1","FOS"
"HDAC1","PIN1","FOS"
"HDAC1","PTPRA","FOS"
"HDAC1","INPP5D","FOS"
"HDAC1","GAB2","FOS"
"HDAC1","EZH2","FOS"
"HDAC1","BCAR1","FOS"
"HDAC1","NCOA1","FOS"
"HDAC1","ZMIZ1","FOS"
"HDAC1","OPTN","FOS"
"HDAC1","SPRY2","FOS"
"HDAC1","DDX58","FOS"
"HDAC1","IFIH1","FOS"
"HDAC1","DAB1","FOS"
"HDAC1","PLCG2","FOS"
"HDAC1","SRC","NDEL1"
"HDAC1","PTEN","NDEL1"
"HDAC1","PRKCD","NDEL1"
"HDAC1","PTPN1","NDEL1"
"HDAC1","KRAS","NDEL1"
"HDAC1","KIT","NDEL1"
"HDAC1","PTPRJ","NDEL1"
"HDAC1","RPS6KB1","NDEL1"
"HDAC1","EIF2AK2","NDEL1"
"HDAC1","MAML3","NDEL1"
"HDAC1","MAP3K14","NDEL1"
"HDAC1","GSK3B","NDEL1"
"HDAC1","PAK2","NDEL1"
"HDAC1","PPP1R2","NDEL1"
"HDAC1","RACK1","NDEL1"
"HDAC1","ABL2","NDEL1"
"HDAC1","NCK1","NDEL1"
"HDAC1","BTK","NDEL1"
"HDAC1","TNK2","NDEL1"
"HDAC1","DVL2","NDEL1"
"HDAC1","MAPK10","NDEL1"
"HDAC1","MEK1/2","NDEL1"
"HDAC1","PTPN7","NDEL1"
"HDAC1","MAP4K1","NDEL1"
"HDAC1","EPS15","NDEL1"
"HDAC1","SHC1","NDEL1"
"HDAC1","MAPK8IP3","NDEL1"
"HDAC1","AXIN1","NDEL1"
"HDAC1","MAPKAPK5","NDEL1"
"HDAC1","DUSP16","NDEL1"
"HDAC1","EPHA2","NDEL1"
"HDAC1","BDKRB2","NDEL1"
"HDAC1","PTK2B","NDEL1"
"HDAC1","CTNND1","NDEL1"
"HDAC1","PARD6A","NDEL1"
"HDAC1","PTPRA","NDEL1"
"HDAC1","ESR1","NDEL1"
"HDAC1","INPP5D","NDEL1"
"HDAC1","GAB2","NDEL1"
"HDAC1","EZH2","NDEL1"
"HDAC1","BCR-Dk","NDEL1"
"HDAC1","BCR-Ml","NDEL1"
"HDAC1","NOTCH","NDEL1"
"HDAC1","FERMT2","NDEL1"
"HDAC1","TAB3","NDEL1"
"HDAC1","BCR-Dl","NDEL1"
"HDAC1","DDX58","NDEL1"
"HDAC1","ROR2","NDEL1"
"HDAC1","PLCG2","NDEL1"
"HDAC1","CHUK","BCR-Mk"
"HDAC1","SRC","BCR-Mk"
"HDAC1","PTEN","BCR-Mk"
"HDAC1","KRAS","BCR-Mk"
"HDAC1","KIT","BCR-Mk"
"HDAC1","PTPRJ","BCR-Mk"
"HDAC1","RPS6KB1","BCR-Mk"
"HDAC1","EIF2AK2","BCR-Mk"
"HDAC1","PDPK1","BCR-Mk"
"HDAC1","MAP3K14","BCR-Mk"
"HDAC1","MAP2K1","BCR-Mk"
"HDAC1","GSK3B","BCR-Mk"
"HDAC1","TGFBR2","BCR-Mk"
"HDAC1","AKT","BCR-Mk"
"HDAC1","MAPK9","BCR-Mk"
"HDAC1","WWTR1","BCR-Mk"
"HDAC1","RACK1","BCR-Mk"
"HDAC1","DAPK1","BCR-Mk"
"HDAC1","ABL2","BCR-Mk"
"HDAC1","FBXW7","BCR-Mk"
"HDAC1","ITK","BCR-Mk"
"HDAC1","NCK1","BCR-Mk"
"HDAC1","AHSA1","BCR-Mk"
"HDAC1","TNK2","BCR-Mk"
"HDAC1","CD19","BCR-Mk"
"HDAC1","MEK1/2","BCR-Mk"
"HDAC1","CDKN2A","BCR-Mk"
"HDAC1","EPS15","BCR-Mk"
"HDAC1","SHC1","BCR-Mk"
"HDAC1","MAPK8IP3","BCR-Mk"
"HDAC1","AXIN1","BCR-Mk"
"HDAC1","MAPKAPK5","BCR-Mk"
"HDAC1","FLT4","BCR-Mk"
"HDAC1","BMX","BCR-Mk"
"HDAC1","PARD6A","BCR-Mk"
"HDAC1","INPP5D","BCR-Mk"
"HDAC1","EZH2","BCR-Mk"
"HDAC1","BCAR1","BCR-Mk"
"HDAC1","TAB3","BCR-Mk"
"HDAC1","GCSAM","BCR-Mk"
"HDAC1","BCR-Dl","BCR-Mk"
"HDAC1","ROR2","BCR-Mk"
"HDAC1","IFIH1","BCR-Mk"
"HDAC1","DAB1","BCR-Mk"
"HDAC1","PLCG2","BCR-Mk"
"HDAC1","PTEN","Cullin 1-RBX1-Skp1"
"HDAC1","MAPK8","Cullin 1-RBX1-Skp1"
"HDAC1","MTOR","Cullin 1-RBX1-Skp1"
"HDAC1","AKT1","Cullin 1-RBX1-Skp1"
"HDAC1","PRKCD","Cullin 1-RBX1-Skp1"
"HDAC1","PTPN1","Cullin 1-RBX1-Skp1"
"HDAC1","KRAS","Cullin 1-RBX1-Skp1"
"HDAC1","KIT","Cullin 1-RBX1-Skp1"
"HDAC1","PTPRJ","Cullin 1-RBX1-Skp1"
"HDAC1","PPP1R2","Cullin 1-RBX1-Skp1"
"HDAC1","AKT","Cullin 1-RBX1-Skp1"
"HDAC1","DAPK1","Cullin 1-RBX1-Skp1"
"HDAC1","ABL2","Cullin 1-RBX1-Skp1"
"HDAC1","FBXW7","Cullin 1-RBX1-Skp1"
"HDAC1","ITK","Cullin 1-RBX1-Skp1"
"HDAC1","NCK1","Cullin 1-RBX1-Skp1"
"HDAC1","AHSA1","Cullin 1-RBX1-Skp1"
"HDAC1","TNK2","Cullin 1-RBX1-Skp1"
"HDAC1","CD19","Cullin 1-RBX1-Skp1"
"HDAC1","HSP90AB1","Cullin 1-RBX1-Skp1"
"HDAC1","MAP4K1","Cullin 1-RBX1-Skp1"
"HDAC1","SHC1","Cullin 1-RBX1-Skp1"
"HDAC1","MAPK8IP3","Cullin 1-RBX1-Skp1"
"HDAC1","DUSP16","Cullin 1-RBX1-Skp1"
"HDAC1","BMX","Cullin 1-RBX1-Skp1"
"HDAC1","CTNND1","Cullin 1-RBX1-Skp1"
"HDAC1","PARD6A","Cullin 1-RBX1-Skp1"
"HDAC1","CEP192","Cullin 1-RBX1-Skp1"
"HDAC1","GAB1","Cullin 1-RBX1-Skp1"
"HDAC1","PTPRA","Cullin 1-RBX1-Skp1"
"HDAC1","ESR1","Cullin 1-RBX1-Skp1"
"HDAC1","INPP5D","Cullin 1-RBX1-Skp1"
"HDAC1","GAB2","Cullin 1-RBX1-Skp1"
"HDAC1","BCR-Dk","Cullin 1-RBX1-Skp1"
"HDAC1","BCAR1","Cullin 1-RBX1-Skp1"
"HDAC1","NOTCH","Cullin 1-RBX1-Skp1"
"HDAC1","NCOA1","Cullin 1-RBX1-Skp1"
"HDAC1","FERMT2","Cullin 1-RBX1-Skp1"
"HDAC1","ZMIZ1","Cullin 1-RBX1-Skp1"
"HDAC1","TAB3","Cullin 1-RBX1-Skp1"
"HDAC1","NPM1","Cullin 1-RBX1-Skp1"
"HDAC1","SPRY2","Cullin 1-RBX1-Skp1"
"HDAC1","BCR-Dl","Cullin 1-RBX1-Skp1"
"HDAC1","ROR2","Cullin 1-RBX1-Skp1"
"HDAC1","IFIH1","Cullin 1-RBX1-Skp1"
"HDAC1","SRC","WASL"
"HDAC1","MTOR","WASL"
"HDAC1","AKT1","WASL"
"HDAC1","Gbeta","WASL"
"HDAC1","KRAS","WASL"
"HDAC1","KIT","WASL"
"HDAC1","RPS6KB1","WASL"
"HDAC1","PDPK1","WASL"
"HDAC1","MAP2K1","WASL"
"HDAC1","GSK3B","WASL"
"HDAC1","PPP1R2","WASL"
"HDAC1","CDK5","WASL"
"HDAC1","AKT","WASL"
"HDAC1","WWTR1","WASL"
"HDAC1","RACK1","WASL"
"HDAC1","PRKD1","WASL"
"HDAC1","TNK2","WASL"
"HDAC1","CD19","WASL"
"HDAC1","STAT1","WASL"
"HDAC1","HSP90AB1","WASL"
"HDAC1","DVL2","WASL"
"HDAC1","MAP2K2","WASL"
"HDAC1","DYRK1B","WASL"
"HDAC1","MEK1/2","WASL"
"HDAC1","PTPN7","WASL"
"HDAC1","MAP4K1","WASL"
"HDAC1","IKK-complex","WASL"
"HDAC1","AXIN1","WASL"
"HDAC1","FLT4","WASL"
"HDAC1","GRIP1","WASL"
"HDAC1","ESR1","WASL"
"HDAC1","INPP5D","WASL"
"HDAC1","ZMIZ1","WASL"
"HDAC1","TAB3","WASL"
"HDAC1","NPM1","WASL"
"HDAC1","SPRY2","WASL"
"HDAC1","DDX58","WASL"
"HDAC1","DAB1","WASL"
"HDAC1","BCR-Mk","WASL"
"HDAC1","SRC","ATF6"
"HDAC1","MTOR","ATF6"
"HDAC1","MAPK1","ATF6"
"HDAC1","PTPN1","ATF6"
"HDAC1","KRAS","ATF6"
"HDAC1","KIT","ATF6"
"HDAC1","PTPRJ","ATF6"
"HDAC1","EIF2AK2","ATF6"
"HDAC1","MAP3K14","ATF6"
"HDAC1","TGFBR2","ATF6"
"HDAC1","PAK2","ATF6"
"HDAC1","CDK5","ATF6"
"HDAC1","PXN","ATF6"
"HDAC1","PRKD1","ATF6"
"HDAC1","ABL2","ATF6"
"HDAC1","ITK","ATF6"
"HDAC1","NCK1","ATF6"
"HDAC1","YAP1","ATF6"
"HDAC1","CD19","ATF6"
"HDAC1","STAT1","ATF6"
"HDAC1","MAPK10","ATF6"
"HDAC1","MEK1/2","ATF6"
"HDAC1","JAK1","ATF6"
"HDAC1","PTPN7","ATF6"
"HDAC1","SHC1","ATF6"
"HDAC1","MAPK8IP3","ATF6"
"HDAC1","AXIN1","ATF6"
"HDAC1","DUSP16","ATF6"
"HDAC1","PTPRR","ATF6"
"HDAC1","BDKRB2","ATF6"
"HDAC1","FLT4","ATF6"
"HDAC1","BMX","ATF6"
"HDAC1","PTK2B","ATF6"
"HDAC1","SNW1","ATF6"
"HDAC1","CTNND1","ATF6"
"HDAC1","PIN1","ATF6"
"HDAC1","GAB1","ATF6"
"HDAC1","PTPRA","ATF6"
"HDAC1","ESR1","ATF6"
"HDAC1","GAB2","ATF6"
"HDAC1","EZH2","ATF6"
"HDAC1","BCR-Dk","ATF6"
"HDAC1","BCAR1","ATF6"
"HDAC1","NOTCH","ATF6"
"HDAC1","NCOA1","ATF6"
"HDAC1","FERMT2","ATF6"
"HDAC1","BCR-Dl","ATF6"
"HDAC1","DDX58","ATF6"
"HDAC1","ROR2","ATF6"
"HDAC1","SH2B3","ATF6"
"HDAC1","BCR-Mk","ATF6"
"HDAC1","PLCG2","ATF6"
"HDAC1","SRC","PPIF"
"HDAC1","MAPK8","PPIF"
"HDAC1","PRKCD","PPIF"
"HDAC1","KRAS","PPIF"
"HDAC1","KIT","PPIF"
"HDAC1","PTPRJ","PPIF"
"HDAC1","RPS6KB1","PPIF"
"HDAC1","EIF2AK2","PPIF"
"HDAC1","MAP3K14","PPIF"
"HDAC1","MAP2K1","PPIF"
"HDAC1","CDK5","PPIF"
"HDAC1","AKT","PPIF"
"HDAC1","PXN","PPIF"
"HDAC1","PRKD1","PPIF"
"HDAC1","ITK","PPIF"
"HDAC1","AHSA1","PPIF"
"HDAC1","STAT1","PPIF"
"HDAC1","DVL2","PPIF"
"HDAC1","MAP2K2","PPIF"
"HDAC1","MAPK10","PPIF"
"HDAC1","DYRK1B","PPIF"
"HDAC1","MEK1/2","PPIF"
"HDAC1","JAK1","PPIF"
"HDAC1","CDKN2A","PPIF"
"HDAC1","EPS15","PPIF"
"HDAC1","MAPK8IP3","PPIF"
"HDAC1","AXIN1","PPIF"
"HDAC1","MAPKAPK5","PPIF"
"HDAC1","DUSP16","PPIF"
"HDAC1","BDKRB2","PPIF"
"HDAC1","FLT4","PPIF"
"HDAC1","BMX","PPIF"
"HDAC1","SNW1","PPIF"
"HDAC1","PRKCI","PPIF"
"HDAC1","CTNND1","PPIF"
"HDAC1","PIN1","PPIF"
"HDAC1","PTPRA","PPIF"
"HDAC1","GRIP1","PPIF"
"HDAC1","ARRB2","PPIF"
"HDAC1","INPP5D","PPIF"
"HDAC1","GAB2","PPIF"
"HDAC1","BCR-Dk","PPIF"
"HDAC1","NOTCH","PPIF"
"HDAC1","FERMT2","PPIF"
"HDAC1","NPM1","PPIF"
"HDAC1","GCSAM","PPIF"
"HDAC1","OPTN","PPIF"
"HDAC1","SPRY2","PPIF"
"HDAC1","BCR-Dl","PPIF"
"HDAC1","ROR2","PPIF"
"HDAC1","DAB1","PPIF"
"HDAC1","SRC","DOK3"
"HDAC1","PTEN","DOK3"
"HDAC1","MTOR","DOK3"
"HDAC1","AKT1","DOK3"
"HDAC1","Gbeta","DOK3"
"HDAC1","RPS6KB1","DOK3"
"HDAC1","PDPK1","DOK3"
"HDAC1","MAML3","DOK3"
"HDAC1","MAP3K14","DOK3"
"HDAC1","MAP2K1","DOK3"
"HDAC1","TGFBR2","DOK3"
"HDAC1","PAK2","DOK3"
"HDAC1","PPP1R2","DOK3"
"HDAC1","AKT","DOK3"
"HDAC1","MAPK9","DOK3"
"HDAC1","DAPK1","DOK3"
"HDAC1","PXN","DOK3"
"HDAC1","PRKD1","DOK3"
"HDAC1","ABL2","DOK3"
"HDAC1","FBXW7","DOK3"
"HDAC1","ITK","DOK3"
"HDAC1","NCK1","DOK3"
"HDAC1","AHSA1","DOK3"
"HDAC1","BTK","DOK3"
"HDAC1","TNK2","DOK3"
"HDAC1","YAP1","DOK3"
"HDAC1","CD19","DOK3"
"HDAC1","STAT1","DOK3"
"HDAC1","HSP90AB1","DOK3"
"HDAC1","DVL2","DOK3"
"HDAC1","MAPK10","DOK3"
"HDAC1","MEK1/2","DOK3"
"HDAC1","JAK1","DOK3"
"HDAC1","PTPN7","DOK3"
"HDAC1","CDKN2A","DOK3"
"HDAC1","MAP4K1","DOK3"
"HDAC1","AXIN1","DOK3"
"HDAC1","MAPKAPK5","DOK3"
"HDAC1","EPHA2","DOK3"
"HDAC1","MAP3K8","DOK3"
"HDAC1","BDKRB2","DOK3"
"HDAC1","PTK2B","DOK3"
"HDAC1","SNW1","DOK3"
"HDAC1","NEK6","DOK3"
"HDAC1","CTNND1","DOK3"
"HDAC1","PIN1","DOK3"
"HDAC1","PARD6A","DOK3"
"HDAC1","CEP192","DOK3"
"HDAC1","GAB1","DOK3"
"HDAC1","PTPRA","DOK3"
"HDAC1","GRIP1","DOK3"
"HDAC1","ARRB2","DOK3"
"HDAC1","INPP5D","DOK3"
"HDAC1","GAB2","DOK3"
"HDAC1","EZH2","DOK3"
"HDAC1","FERMT2","DOK3"
"HDAC1","ZMIZ1","DOK3"
"HDAC1","NPM1","DOK3"
"HDAC1","GCSAM","DOK3"
"HDAC1","OPTN","DOK3"
"HDAC1","SPRY2","DOK3"
"HDAC1","DDX58","DOK3"
"HDAC1","IFIH1","DOK3"
"HDAC1","BCR-Mk","DOK3"
"HDAC1","RPS6KA2","ARHGAP8"
"HDAC1","PTEN","ARHGAP8"
"HDAC1","AKT1","ARHGAP8"
"HDAC1","PRKCD","ARHGAP8"
"HDAC1","PTPN1","ARHGAP8"
"HDAC1","KRAS","ARHGAP8"
"HDAC1","KIT","ARHGAP8"
"HDAC1","RPS6KB1","ARHGAP8"
"HDAC1","EIF2AK2","ARHGAP8"
"HDAC1","PDPK1","ARHGAP8"
"HDAC1","MAP3K14","ARHGAP8"
"HDAC1","MAP2K1","ARHGAP8"
"HDAC1","TGFBR2","ARHGAP8"
"HDAC1","PPP1R2","ARHGAP8"
"HDAC1","CDK5","ARHGAP8"
"HDAC1","AKT","ARHGAP8"
"HDAC1","WWTR1","ARHGAP8"
"HDAC1","RACK1","ARHGAP8"
"HDAC1","DAPK1","ARHGAP8"
"HDAC1","NCK1","ARHGAP8"
"HDAC1","CD19","ARHGAP8"
"HDAC1","DVL2","ARHGAP8"
"HDAC1","MAP2K2","ARHGAP8"
"HDAC1","MAPK10","ARHGAP8"
"HDAC1","DYRK1B","ARHGAP8"
"HDAC1","CDKN2A","ARHGAP8"
"HDAC1","MAP4K1","ARHGAP8"
"HDAC1","EPS15","ARHGAP8"
"HDAC1","AXIN1","ARHGAP8"
"HDAC1","MAPKAPK5","ARHGAP8"
"HDAC1","DUSP16","ARHGAP8"
"HDAC1","PTK2B","ARHGAP8"
"HDAC1","NEK6","ARHGAP8"
"HDAC1","PRKCI","ARHGAP8"
"HDAC1","PARD6A","ARHGAP8"
"HDAC1","CEP192","ARHGAP8"
"HDAC1","GAB1","ARHGAP8"
"HDAC1","GRIP1","ARHGAP8"
"HDAC1","BCR-Dk","ARHGAP8"
"HDAC1","ZMIZ1","ARHGAP8"
"HDAC1","NPM1","ARHGAP8"
"HDAC1","GCSAM","ARHGAP8"
"HDAC1","BCR-Dl","ARHGAP8"
"HDAC1","DDX58","ARHGAP8"
"HDAC1","ROR2","ARHGAP8"
"HDAC1","DAB1","ARHGAP8"
"HDAC1","BCR-Mk","ARHGAP8"
"HDAC1","PLCG2","ARHGAP8"
"HDAC1","SRC","APC"
"HDAC1","RPS6KA2","APC"
"HDAC1","MAPK8","APC"
"HDAC1","MTOR","APC"
"HDAC1","AKT1","APC"
"HDAC1","PRKCD","APC"
"HDAC1","MAPK1","APC"
"HDAC1","PTPN1","APC"
"HDAC1","KIT","APC"
"HDAC1","PTPRJ","APC"
"HDAC1","PDPK1","APC"
"HDAC1","MAML3","APC"
"HDAC1","GSK3B","APC"
"HDAC1","TGFBR2","APC"
"HDAC1","PAK2","APC"
"HDAC1","PPP1R2","APC"
"HDAC1","AKT","APC"
"HDAC1","MAPK9","APC"
"HDAC1","RACK1","APC"
"HDAC1","PXN","APC"
"HDAC1","ITK","APC"
"HDAC1","AHSA1","APC"
"HDAC1","BTK","APC"
"HDAC1","YAP1","APC"
"HDAC1","CD19","APC"
"HDAC1","STAT1","APC"
"HDAC1","HSP90AB1","APC"
"HDAC1","DVL2","APC"
"HDAC1","MAP2K2","APC"
"HDAC1","MAP4K1","APC"
"HDAC1","EPS15","APC"
"HDAC1","SHC1","APC"
"HDAC1","MAPK8IP3","APC"
"HDAC1","AXIN1","APC"
"HDAC1","EPHA2","APC"
"HDAC1","PTPRR","APC"
"HDAC1","FLT4","APC"
"HDAC1","BMX","APC"
"HDAC1","PTK2B","APC"
"HDAC1","PIN1","APC"
"HDAC1","CEP192","APC"
"HDAC1","GAB1","APC"
"HDAC1","PTPRA","APC"
"HDAC1","GRIP1","APC"
"HDAC1","ARRB2","APC"
"HDAC1","GAB2","APC"
"HDAC1","NOTCH","APC"
"HDAC1","NCOA1","APC"
"HDAC1","ZMIZ1","APC"
"HDAC1","TAB3","APC"
"HDAC1","NPM1","APC"
"HDAC1","GCSAM","APC"
"HDAC1","OPTN","APC"
"HDAC1","SPRY2","APC"
"HDAC1","BCR-Dl","APC"
"HDAC1","ROR2","APC"
"HDAC1","IFIH1","APC"
"HDAC1","SH2B3","APC"
"HDAC1","DAB1","APC"
"HDAC1","BCR-Mk","APC"
"HDAC1","PLCG2","APC"
"HDAC1","MAPK8","MKNK2"
"HDAC1","MTOR","MKNK2"
"HDAC1","PRKCD","MKNK2"
"HDAC1","MAPK1","MKNK2"
"HDAC1","KIT","MKNK2"
"HDAC1","PTPRJ","MKNK2"
"HDAC1","RPS6KB1","MKNK2"
"HDAC1","EIF2AK2","MKNK2"
"HDAC1","MAML3","MKNK2"
"HDAC1","MAP3K14","MKNK2"
"HDAC1","GSK3B","MKNK2"
"HDAC1","PPP1R2","MKNK2"
"HDAC1","CDK5","MKNK2"
"HDAC1","PRKD1","MKNK2"
"HDAC1","ABL2","MKNK2"
"HDAC1","FBXW7","MKNK2"
"HDAC1","NCK1","MKNK2"
"HDAC1","BTK","MKNK2"
"HDAC1","CD19","MKNK2"
"HDAC1","MAP2K2","MKNK2"
"HDAC1","JAK1","MKNK2"
"HDAC1","PTPN7","MKNK2"
"HDAC1","CDKN2A","MKNK2"
"HDAC1","SHC1","MKNK2"
"HDAC1","PTPRR","MKNK2"
"HDAC1","BDKRB2","MKNK2"
"HDAC1","PTK2B","MKNK2"
"HDAC1","CEP192","MKNK2"
"HDAC1","GAB1","MKNK2"
"HDAC1","GRIP1","MKNK2"
"HDAC1","ESR1","MKNK2"
"HDAC1","ARRB2","MKNK2"
"HDAC1","INPP5D","MKNK2"
"HDAC1","GAB2","MKNK2"
"HDAC1","BCAR1","MKNK2"
"HDAC1","NCOA1","MKNK2"
"HDAC1","FERMT2","MKNK2"
"HDAC1","TAB3","MKNK2"
"HDAC1","DDX58","MKNK2"
"HDAC1","ROR2","MKNK2"
"HDAC1","IFIH1","MKNK2"
"HDAC1","DAB1","MKNK2"
"HDAC1","BCR-Mk","MKNK2"
"HDAC1","RPS6KA2","PTTG1"
"HDAC1","PTEN","PTTG1"
"HDAC1","MAPK8","PTTG1"
"HDAC1","MAPK1","PTTG1"
"HDAC1","Gbeta","PTTG1"
"HDAC1","KRAS","PTTG1"
"HDAC1","KIT","PTTG1"
"HDAC1","MAML3","PTTG1"
"HDAC1","MAP3K14","PTTG1"
"HDAC1","MAP2K1","PTTG1"
"HDAC1","TGFBR2","PTTG1"
"HDAC1","PPP1R2","PTTG1"
"HDAC1","CDK5","PTTG1"
"HDAC1","MAPK9","PTTG1"
"HDAC1","WWTR1","PTTG1"
"HDAC1","RACK1","PTTG1"
"HDAC1","ABL2","PTTG1"
"HDAC1","AHSA1","PTTG1"
"HDAC1","BTK","PTTG1"
"HDAC1","TNK2","PTTG1"
"HDAC1","YAP1","PTTG1"
"HDAC1","PTPN7","PTTG1"
"HDAC1","CDKN2A","PTTG1"
"HDAC1","MAP4K1","PTTG1"
"HDAC1","IKK-complex","PTTG1"
"HDAC1","SHC1","PTTG1"
"HDAC1","MAPKAPK5","PTTG1"
"HDAC1","EPHA2","PTTG1"
"HDAC1","BDKRB2","PTTG1"
"HDAC1","PTK2B","PTTG1"
"HDAC1","PRKCI","PTTG1"
"HDAC1","PIN1","PTTG1"
"HDAC1","PARD6A","PTTG1"
"HDAC1","GAB1","PTTG1"
"HDAC1","PTPRA","PTTG1"
"HDAC1","ARRB2","PTTG1"
"HDAC1","GAB2","PTTG1"
"HDAC1","NOTCH","PTTG1"
"HDAC1","FERMT2","PTTG1"
"HDAC1","TAB3","PTTG1"
"HDAC1","NPM1","PTTG1"
"HDAC1","GCSAM","PTTG1"
"HDAC1","OPTN","PTTG1"
"HDAC1","BCR-Dl","PTTG1"
"HDAC1","ROR2","PTTG1"
"HDAC1","SH2B3","PTTG1"
"HDAC1","BCR-Mk","PTTG1"
"HDAC1","MAPK1","PSMA7"
"HDAC1","Gbeta","PSMA7"
"HDAC1","KIT","PSMA7"
"HDAC1","MAP2K1","PSMA7"
"HDAC1","CDK5","PSMA7"
"HDAC1","MAPK9","PSMA7"
"HDAC1","WWTR1","PSMA7"
"HDAC1","RACK1","PSMA7"
"HDAC1","PXN","PSMA7"
"HDAC1","PRKD1","PSMA7"
"HDAC1","ABL2","PSMA7"
"HDAC1","FBXW7","PSMA7"
"HDAC1","ITK","PSMA7"
"HDAC1","NCK1","PSMA7"
"HDAC1","AHSA1","PSMA7"
"HDAC1","CD19","PSMA7"
"HDAC1","STAT1","PSMA7"
"HDAC1","DVL2","PSMA7"
"HDAC1","MAP2K2","PSMA7"
"HDAC1","MAPK10","PSMA7"
"HDAC1","DYRK1B","PSMA7"
"HDAC1","MEK1/2","PSMA7"
"HDAC1","JAK1","PSMA7"
"HDAC1","PTPN7","PSMA7"
"HDAC1","CDKN2A","PSMA7"
"HDAC1","MAP4K1","PSMA7"
"HDAC1","IKK-complex","PSMA7"
"HDAC1","MAPK8IP3","PSMA7"
"HDAC1","MAPKAPK5","PSMA7"
"HDAC1","MAP3K8","PSMA7"
"HDAC1","BDKRB2","PSMA7"
"HDAC1","BMX","PSMA7"
"HDAC1","SNW1","PSMA7"
"HDAC1","NEK6","PSMA7"
"HDAC1","PRKCI","PSMA7"
"HDAC1","PIN1","PSMA7"
"HDAC1","PTPRA","PSMA7"
"HDAC1","ESR1","PSMA7"
"HDAC1","GAB2","PSMA7"
"HDAC1","EZH2","PSMA7"
"HDAC1","FERMT2","PSMA7"
"HDAC1","ZMIZ1","PSMA7"
"HDAC1","TAB3","PSMA7"
"HDAC1","NPM1","PSMA7"
"HDAC1","BCR-Dl","PSMA7"
"HDAC1","ROR2","PSMA7"
"HDAC1","IFIH1","PSMA7"
"HDAC1","SH2B3","PSMA7"
"HDAC1","DAB1","PSMA7"
"HDAC1","BCR-Mk","PSMA7"
"HDAC1","RPS6KA2","BAZ1B"
"HDAC1","PTEN","BAZ1B"
"HDAC1","AKT1","BAZ1B"
"HDAC1","PRKCD","BAZ1B"
"HDAC1","MAPK1","BAZ1B"
"HDAC1","Gbeta","BAZ1B"
"HDAC1","KIT","BAZ1B"
"HDAC1","PTPRJ","BAZ1B"
"HDAC1","MAML3","BAZ1B"
"HDAC1","MAP3K14","BAZ1B"
"HDAC1","GSK3B","BAZ1B"
"HDAC1","TGFBR2","BAZ1B"
"HDAC1","PAK2","BAZ1B"
"HDAC1","PPP1R2","BAZ1B"
"HDAC1","DAPK1","BAZ1B"
"HDAC1","PXN","BAZ1B"
"HDAC1","PRKD1","BAZ1B"
"HDAC1","BTK","BAZ1B"
"HDAC1","TNK2","BAZ1B"
"HDAC1","YAP1","BAZ1B"
"HDAC1","CD19","BAZ1B"
"HDAC1","STAT1","BAZ1B"
"HDAC1","HSP90AB1","BAZ1B"
"HDAC1","MAPK10","BAZ1B"
"HDAC1","DYRK1B","BAZ1B"
"HDAC1","JAK1","BAZ1B"
"HDAC1","PTPN7","BAZ1B"
"HDAC1","CDKN2A","BAZ1B"
"HDAC1","IKK-complex","BAZ1B"
"HDAC1","SHC1","BAZ1B"
"HDAC1","AXIN1","BAZ1B"
"HDAC1","DUSP16","BAZ1B"
"HDAC1","PTPRR","BAZ1B"
"HDAC1","BDKRB2","BAZ1B"
"HDAC1","BMX","BAZ1B"
"HDAC1","PTK2B","BAZ1B"
"HDAC1","SNW1","BAZ1B"
"HDAC1","NEK6","BAZ1B"
"HDAC1","CTNND1","BAZ1B"
"HDAC1","PARD6A","BAZ1B"
"HDAC1","CEP192","BAZ1B"
"HDAC1","GAB1","BAZ1B"
"HDAC1","ESR1","BAZ1B"
"HDAC1","ARRB2","BAZ1B"
"HDAC1","INPP5D","BAZ1B"
"HDAC1","GAB2","BAZ1B"
"HDAC1","EZH2","BAZ1B"
"HDAC1","BCR-Dk","BAZ1B"
"HDAC1","BCR-Ml","BAZ1B"
"HDAC1","NOTCH","BAZ1B"
"HDAC1","FERMT2","BAZ1B"
"HDAC1","ZMIZ1","BAZ1B"
"HDAC1","TAB3","BAZ1B"
"HDAC1","NPM1","BAZ1B"
"HDAC1","SPRY2","BAZ1B"
"HDAC1","BCR-Dl","BAZ1B"
"HDAC1","DDX58","BAZ1B"
"HDAC1","ROR2","BAZ1B"
"HDAC1","IFIH1","BAZ1B"
"HDAC1","SH2B3","BAZ1B"
"HDAC1","DAB1","BAZ1B"
"HDAC1","BCR-Mk","BAZ1B"
"HDAC1","PLCG2","BAZ1B"
"HDAC1","CHUK","PLCB1"
"HDAC1","SRC","PLCB1"
"HDAC1","RPS6KA2","PLCB1"
"HDAC1","PTEN","PLCB1"
"HDAC1","MAPK8","PLCB1"
"HDAC1","MTOR","PLCB1"
"HDAC1","AKT1","PLCB1"
"HDAC1","PRKCD","PLCB1"
"HDAC1","MAPK1","PLCB1"
"HDAC1","PTPN1","PLCB1"
"HDAC1","KRAS","PLCB1"
"HDAC1","PTPRJ","PLCB1"
"HDAC1","EIF2AK2","PLCB1"
"HDAC1","MAML3","PLCB1"
"HDAC1","PAK2","PLCB1"
"HDAC1","PPP1R2","PLCB1"
"HDAC1","AKT","PLCB1"
"HDAC1","WWTR1","PLCB1"
"HDAC1","RACK1","PLCB1"
"HDAC1","DAPK1","PLCB1"
"HDAC1","ABL2","PLCB1"
"HDAC1","ITK","PLCB1"
"HDAC1","NCK1","PLCB1"
"HDAC1","AHSA1","PLCB1"
"HDAC1","BTK","PLCB1"
"HDAC1","TNK2","PLCB1"
"HDAC1","YAP1","PLCB1"
"HDAC1","CD19","PLCB1"
"HDAC1","STAT1","PLCB1"
"HDAC1","HSP90AB1","PLCB1"
"HDAC1","DVL2","PLCB1"
"HDAC1","PTPN7","PLCB1"
"HDAC1","MAP4K1","PLCB1"
"HDAC1","EPS15","PLCB1"
"HDAC1","MAPK8IP3","PLCB1"
"HDAC1","AXIN1","PLCB1"
"HDAC1","PTPRR","PLCB1"
"HDAC1","BDKRB2","PLCB1"
"HDAC1","SNW1","PLCB1"
"HDAC1","NEK6","PLCB1"
"HDAC1","CTNND1","PLCB1"
"HDAC1","GAB1","PLCB1"
"HDAC1","PTPRA","PLCB1"
"HDAC1","INPP5D","PLCB1"
"HDAC1","GAB2","PLCB1"
"HDAC1","BCR-Dk","PLCB1"
"HDAC1","BCAR1","PLCB1"
"HDAC1","NOTCH","PLCB1"
"HDAC1","NCOA1","PLCB1"
"HDAC1","ZMIZ1","PLCB1"
"HDAC1","NPM1","PLCB1"
"HDAC1","DDX58","PLCB1"
"HDAC1","IFIH1","PLCB1"
"HDAC1","PLCG2","PLCB1"
"HDAC1","SRC","NCF1"
"HDAC1","MTOR","NCF1"
"HDAC1","AKT1","NCF1"
"HDAC1","PRKCD","NCF1"
"HDAC1","MAPK1","NCF1"
"HDAC1","PTPN1","NCF1"
"HDAC1","Gbeta","NCF1"
"HDAC1","KRAS","NCF1"
"HDAC1","KIT","NCF1"
"HDAC1","PTPRJ","NCF1"
"HDAC1","RPS6KB1","NCF1"
"HDAC1","MAML3","NCF1"
"HDAC1","MAP3K14","NCF1"
"HDAC1","MAP2K1","NCF1"
"HDAC1","GSK3B","NCF1"
"HDAC1","PAK2","NCF1"
"HDAC1","AKT","NCF1"
"HDAC1","MAPK9","NCF1"
"HDAC1","DAPK1","NCF1"
"HDAC1","PXN","NCF1"
"HDAC1","FBXW7","NCF1"
"HDAC1","ITK","NCF1"
"HDAC1","NCK1","NCF1"
"HDAC1","AHSA1","NCF1"
"HDAC1","YAP1","NCF1"
"HDAC1","CD19","NCF1"
"HDAC1","MAPK10","NCF1"
"HDAC1","JAK1","NCF1"
"HDAC1","PTPN7","NCF1"
"HDAC1","CDKN2A","NCF1"
"HDAC1","MAP4K1","NCF1"
"HDAC1","SHC1","NCF1"
"HDAC1","MAPK8IP3","NCF1"
"HDAC1","AXIN1","NCF1"
"HDAC1","MAPKAPK5","NCF1"
"HDAC1","DUSP16","NCF1"
"HDAC1","EPHA2","NCF1"
"HDAC1","PTPRR","NCF1"
"HDAC1","FLT4","NCF1"
"HDAC1","BMX","NCF1"
"HDAC1","PTK2B","NCF1"
"HDAC1","SNW1","NCF1"
"HDAC1","NEK6","NCF1"
"HDAC1","PRKCI","NCF1"
"HDAC1","CTNND1","NCF1"
"HDAC1","PIN1","NCF1"
"HDAC1","PARD6A","NCF1"
"HDAC1","CEP192","NCF1"
"HDAC1","GAB1","NCF1"
"HDAC1","PTPRA","NCF1"
"HDAC1","INPP5D","NCF1"
"HDAC1","BCR-Ml","NCF1"
"HDAC1","NCOA1","NCF1"
"HDAC1","TAB3","NCF1"
"HDAC1","GCSAM","NCF1"
"HDAC1","SPRY2","NCF1"
"HDAC1","BCR-Dl","NCF1"
"HDAC1","DDX58","NCF1"
"HDAC1","ROR2","NCF1"
"HDAC1","SH2B3","NCF1"
"HDAC1","DAB1","NCF1"
"HDAC1","PLCG2","NCF1"
"HDAC1","SRC","PLCG2"
"HDAC1","AKT1","PLCG2"
"HDAC1","PRKCD","PLCG2"
"HDAC1","MAPK1","PLCG2"
"HDAC1","KRAS","PLCG2"
"HDAC1","PTPRJ","PLCG2"
"HDAC1","EIF2AK2","PLCG2"
"HDAC1","MAML3","PLCG2"
"HDAC1","AKT","PLCG2"
"HDAC1","MAPK9","PLCG2"
"HDAC1","RACK1","PLCG2"
"HDAC1","PXN","PLCG2"
"HDAC1","ABL2","PLCG2"
"HDAC1","FBXW7","PLCG2"
"HDAC1","NCK1","PLCG2"
"HDAC1","AHSA1","PLCG2"
"HDAC1","BTK","PLCG2"
"HDAC1","CD19","PLCG2"
"HDAC1","HSP90AB1","PLCG2"
"HDAC1","DVL2","PLCG2"
"HDAC1","MAPK10","PLCG2"
"HDAC1","DYRK1B","PLCG2"
"HDAC1","MEK1/2","PLCG2"
"HDAC1","PTPN7","PLCG2"
"HDAC1","CDKN2A","PLCG2"
"HDAC1","MAP4K1","PLCG2"
"HDAC1","AXIN1","PLCG2"
"HDAC1","MAPKAPK5","PLCG2"
"HDAC1","DUSP16","PLCG2"
"HDAC1","BDKRB2","PLCG2"
"HDAC1","FLT4","PLCG2"
"HDAC1","NEK6","PLCG2"
"HDAC1","PRKCI","PLCG2"
"HDAC1","PARD6A","PLCG2"
"HDAC1","CEP192","PLCG2"
"HDAC1","PTPRA","PLCG2"
"HDAC1","GRIP1","PLCG2"
"HDAC1","BCR-Dk","PLCG2"
"HDAC1","BCAR1","PLCG2"
"HDAC1","ZMIZ1","PLCG2"
"HDAC1","TAB3","PLCG2"
"HDAC1","NPM1","PLCG2"
"HDAC1","OPTN","PLCG2"
"HDAC1","BCR-Dl","PLCG2"
"HDAC1","DDX58","PLCG2"
"HDAC1","ROR2","PLCG2"
"HDAC1","IFIH1","PLCG2"
"HDAC1","SH2B3","PLCG2"
"HDAC1","BCR-Mk","PLCG2"
"HDAC1","CHUK","NEDD1"
"HDAC1","SRC","NEDD1"
"HDAC1","PTEN","NEDD1"
"HDAC1","MAPK8","NEDD1"
"HDAC1","MTOR","NEDD1"
"HDAC1","PRKCD","NEDD1"
"HDAC1","PTPN1","NEDD1"
"HDAC1","Gbeta","NEDD1"
"HDAC1","KRAS","NEDD1"
"HDAC1","KIT","NEDD1"
"HDAC1","EIF2AK2","NEDD1"
"HDAC1","TGFBR2","NEDD1"
"HDAC1","PAK2","NEDD1"
"HDAC1","PPP1R2","NEDD1"
"HDAC1","AKT","NEDD1"
"HDAC1","RACK1","NEDD1"
"HDAC1","AHSA1","NEDD1"
"HDAC1","BTK","NEDD1"
"HDAC1","TNK2","NEDD1"
"HDAC1","STAT1","NEDD1"
"HDAC1","HSP90AB1","NEDD1"
"HDAC1","MAP2K2","NEDD1"
"HDAC1","DYRK1B","NEDD1"
"HDAC1","MEK1/2","NEDD1"
"HDAC1","PTPN7","NEDD1"
"HDAC1","MAP4K1","NEDD1"
"HDAC1","SHC1","NEDD1"
"HDAC1","MAPK8IP3","NEDD1"
"HDAC1","MAPKAPK5","NEDD1"
"HDAC1","DUSP16","NEDD1"
"HDAC1","BDKRB2","NEDD1"
"HDAC1","FLT4","NEDD1"
"HDAC1","BMX","NEDD1"
"HDAC1","NEK6","NEDD1"
"HDAC1","GAB1","NEDD1"
"HDAC1","PTPRA","NEDD1"
"HDAC1","GRIP1","NEDD1"
"HDAC1","ESR1","NEDD1"
"HDAC1","ARRB2","NEDD1"
"HDAC1","INPP5D","NEDD1"
"HDAC1","EZH2","NEDD1"
"HDAC1","BCR-Dk","NEDD1"
"HDAC1","NOTCH","NEDD1"
"HDAC1","NCOA1","NEDD1"
"HDAC1","FERMT2","NEDD1"
"HDAC1","TAB3","NEDD1"
"HDAC1","DDX58","NEDD1"
"HDAC1","ROR2","NEDD1"
"HDAC1","MAPK8","DDR2"
"HDAC1","PRKCD","DDR2"
"HDAC1","MAPK1","DDR2"
"HDAC1","KRAS","DDR2"
"HDAC1","PTPRJ","DDR2"
"HDAC1","MAML3","DDR2"
"HDAC1","MAP3K14","DDR2"
"HDAC1","TGFBR2","DDR2"
"HDAC1","AKT","DDR2"
"HDAC1","MAPK9","DDR2"
"HDAC1","PXN","DDR2"
"HDAC1","ABL2","DDR2"
"HDAC1","FBXW7","DDR2"
"HDAC1","ITK","DDR2"
"HDAC1","AHSA1","DDR2"
"HDAC1","BTK","DDR2"
"HDAC1","TNK2","DDR2"
"HDAC1","YAP1","DDR2"
"HDAC1","HSP90AB1","DDR2"
"HDAC1","DVL2","DDR2"
"HDAC1","MAPK10","DDR2"
"HDAC1","PTPN7","DDR2"
"HDAC1","MAP4K1","DDR2"
"HDAC1","EPS15","DDR2"
"HDAC1","MAPK8IP3","DDR2"
"HDAC1","AXIN1","DDR2"
"HDAC1","MAP3K8","DDR2"
"HDAC1","PTPRR","DDR2"
"HDAC1","BDKRB2","DDR2"
"HDAC1","SNW1","DDR2"
"HDAC1","PRKCI","DDR2"
"HDAC1","PIN1","DDR2"
"HDAC1","PARD6A","DDR2"
"HDAC1","CEP192","DDR2"
"HDAC1","ARRB2","DDR2"
"HDAC1","INPP5D","DDR2"
"HDAC1","GAB2","DDR2"
"HDAC1","BCR-Dk","DDR2"
"HDAC1","NOTCH","DDR2"
"HDAC1","NCOA1","DDR2"
"HDAC1","ZMIZ1","DDR2"
"HDAC1","TAB3","DDR2"
"HDAC1","NPM1","DDR2"
"HDAC1","OPTN","DDR2"
"HDAC1","SPRY2","DDR2"
"HDAC1","DDX58","DDR2"
"HDAC1","ROR2","DDR2"
"HDAC1","IFIH1","DDR2"
"HDAC1","SH2B3","DDR2"
"HDAC1","DAB1","DDR2"
"HDAC1","BCR-Mk","DDR2"
"HDAC1","PLCG2","DDR2"
"HDAC1","MTOR","EZR"
"HDAC1","AKT1","EZR"
"HDAC1","PRKCD","EZR"
"HDAC1","PTPN1","EZR"
"HDAC1","Gbeta","EZR"
"HDAC1","KRAS","EZR"
"HDAC1","PDPK1","EZR"
"HDAC1","MAP2K1","EZR"
"HDAC1","TGFBR2","EZR"
"HDAC1","PAK2","EZR"
"HDAC1","PPP1R2","EZR"
"HDAC1","RACK1","EZR"
"HDAC1","DAPK1","EZR"
"HDAC1","ABL2","EZR"
"HDAC1","NCK1","EZR"
"HDAC1","AHSA1","EZR"
"HDAC1","BTK","EZR"
"HDAC1","YAP1","EZR"
"HDAC1","MAP2K2","EZR"
"HDAC1","MEK1/2","EZR"
"HDAC1","CDKN2A","EZR"
"HDAC1","MAP4K1","EZR"
"HDAC1","IKK-complex","EZR"
"HDAC1","SHC1","EZR"
"HDAC1","DUSP16","EZR"
"HDAC1","PTPRR","EZR"
"HDAC1","BDKRB2","EZR"
"HDAC1","PTK2B","EZR"
"HDAC1","NEK6","EZR"
"HDAC1","PRKCI","EZR"
"HDAC1","PIN1","EZR"
"HDAC1","PARD6A","EZR"
"HDAC1","GAB1","EZR"
"HDAC1","PTPRA","EZR"
"HDAC1","GRIP1","EZR"
"HDAC1","ESR1","EZR"
"HDAC1","ARRB2","EZR"
"HDAC1","GAB2","EZR"
"HDAC1","BCR-Dk","EZR"
"HDAC1","BCAR1","EZR"
"HDAC1","FERMT2","EZR"
"HDAC1","TAB3","EZR"
"HDAC1","OPTN","EZR"
"HDAC1","SPRY2","EZR"
"HDAC1","BCR-Dl","EZR"
"HDAC1","ROR2","EZR"
"HDAC1","IFIH1","EZR"
"HDAC1","SH2B3","EZR"
"HDAC1","DAB1","EZR"
"HDAC1","PLCG2","EZR"
"HDAC1","PTEN","ATF2"
"HDAC1","MAPK8","ATF2"
"HDAC1","PTPN1","ATF2"
"HDAC1","Gbeta","ATF2"
"HDAC1","KRAS","ATF2"
"HDAC1","PDPK1","ATF2"
"HDAC1","MAML3","ATF2"
"HDAC1","MAP3K14","ATF2"
"HDAC1","GSK3B","ATF2"
"HDAC1","RACK1","ATF2"
"HDAC1","DAPK1","ATF2"
"HDAC1","PRKD1","ATF2"
"HDAC1","ABL2","ATF2"
"HDAC1","FBXW7","ATF2"
"HDAC1","ITK","ATF2"
"HDAC1","NCK1","ATF2"
"HDAC1","AHSA1","ATF2"
"HDAC1","BTK","ATF2"
"HDAC1","TNK2","ATF2"
"HDAC1","YAP1","ATF2"
"HDAC1","CD19","ATF2"
"HDAC1","DVL2","ATF2"
"HDAC1","MAPK10","ATF2"
"HDAC1","DYRK1B","ATF2"
"HDAC1","MEK1/2","ATF2"
"HDAC1","JAK1","ATF2"
"HDAC1","MAP4K1","ATF2"
"HDAC1","EPS15","ATF2"
"HDAC1","SHC1","ATF2"
"HDAC1","MAPK8IP3","ATF2"
"HDAC1","BDKRB2","ATF2"
"HDAC1","FLT4","ATF2"
"HDAC1","SNW1","ATF2"
"HDAC1","PIN1","ATF2"
"HDAC1","GAB1","ATF2"
"HDAC1","PTPRA","ATF2"
"HDAC1","ESR1","ATF2"
"HDAC1","ARRB2","ATF2"
"HDAC1","EZH2","ATF2"
"HDAC1","NOTCH","ATF2"
"HDAC1","FERMT2","ATF2"
"HDAC1","ZMIZ1","ATF2"
"HDAC1","TAB3","ATF2"
"HDAC1","GCSAM","ATF2"
"HDAC1","BCR-Dl","ATF2"
"HDAC1","SH2B3","ATF2"
"HDAC1","BCR-Mk","ATF2"
"HDAC1","CHUK","FOXM1"
"HDAC1","RPS6KA2","FOXM1"
"HDAC1","MAPK8","FOXM1"
"HDAC1","AKT1","FOXM1"
"HDAC1","MAPK1","FOXM1"
"HDAC1","KRAS","FOXM1"
"HDAC1","PTPRJ","FOXM1"
"HDAC1","RPS6KB1","FOXM1"
"HDAC1","EIF2AK2","FOXM1"
"HDAC1","MAP3K14","FOXM1"
"HDAC1","GSK3B","FOXM1"
"HDAC1","TGFBR2","FOXM1"
"HDAC1","CDK5","FOXM1"
"HDAC1","AKT","FOXM1"
"HDAC1","MAPK9","FOXM1"
"HDAC1","RACK1","FOXM1"
"HDAC1","PXN","FOXM1"
"HDAC1","PRKD1","FOXM1"
"HDAC1","FBXW7","FOXM1"
"HDAC1","NCK1","FOXM1"
"HDAC1","AHSA1","FOXM1"
"HDAC1","BTK","FOXM1"
"HDAC1","TNK2","FOXM1"
"HDAC1","HSP90AB1","FOXM1"
"HDAC1","DVL2","FOXM1"
"HDAC1","DYRK1B","FOXM1"
"HDAC1","MEK1/2","FOXM1"
"HDAC1","JAK1","FOXM1"
"HDAC1","PTPN7","FOXM1"
"HDAC1","IKK-complex","FOXM1"
"HDAC1","SHC1","FOXM1"
"HDAC1","DUSP16","FOXM1"
"HDAC1","MAP3K8","FOXM1"
"HDAC1","BDKRB2","FOXM1"
"HDAC1","FLT4","FOXM1"
"HDAC1","PTK2B","FOXM1"
"HDAC1","PRKCI","FOXM1"
"HDAC1","CTNND1","FOXM1"
"HDAC1","PIN1","FOXM1"
"HDAC1","CEP192","FOXM1"
"HDAC1","GRIP1","FOXM1"
"HDAC1","ARRB2","FOXM1"
"HDAC1","INPP5D","FOXM1"
"HDAC1","GAB2","FOXM1"
"HDAC1","NCOA1","FOXM1"
"HDAC1","FERMT2","FOXM1"
"HDAC1","ZMIZ1","FOXM1"
"HDAC1","TAB3","FOXM1"
"HDAC1","GCSAM","FOXM1"
"HDAC1","OPTN","FOXM1"
"HDAC1","SPRY2","FOXM1"
"HDAC1","BCR-Dl","FOXM1"
"HDAC1","DDX58","FOXM1"
"HDAC1","IFIH1","FOXM1"
"HDAC1","DAB1","FOXM1"
"HDAC1","SRC","NIFK"
"HDAC1","RPS6KA2","NIFK"
"HDAC1","MAPK8","NIFK"
"HDAC1","MTOR","NIFK"
"HDAC1","AKT1","NIFK"
"HDAC1","PRKCD","NIFK"
"HDAC1","MAPK1","NIFK"
"HDAC1","PTPRJ","NIFK"
"HDAC1","MAML3","NIFK"
"HDAC1","MAP2K1","NIFK"
"HDAC1","TGFBR2","NIFK"
"HDAC1","PPP1R2","NIFK"
"HDAC1","AKT","NIFK"
"HDAC1","MAPK9","NIFK"
"HDAC1","PXN","NIFK"
"HDAC1","ITK","NIFK"
"HDAC1","NCK1","NIFK"
"HDAC1","YAP1","NIFK"
"HDAC1","HSP90AB1","NIFK"
"HDAC1","MAP2K2","NIFK"
"HDAC1","MAPK10","NIFK"
"HDAC1","DYRK1B","NIFK"
"HDAC1","MEK1/2","NIFK"
"HDAC1","PTPN7","NIFK"
"HDAC1","CDKN2A","NIFK"
"HDAC1","MAP4K1","NIFK"
"HDAC1","EPS15","NIFK"
"HDAC1","IKK-complex","NIFK"
"HDAC1","AXIN1","NIFK"
"HDAC1","MAPKAPK5","NIFK"
"HDAC1","DUSP16","NIFK"
"HDAC1","EPHA2","NIFK"
"HDAC1","PTPRR","NIFK"
"HDAC1","BDKRB2","NIFK"
"HDAC1","FLT4","NIFK"
"HDAC1","PTK2B","NIFK"
"HDAC1","SNW1","NIFK"
"HDAC1","NEK6","NIFK"
"HDAC1","PRKCI","NIFK"
"HDAC1","CTNND1","NIFK"
"HDAC1","PIN1","NIFK"
"HDAC1","PARD6A","NIFK"
"HDAC1","GRIP1","NIFK"
"HDAC1","ESR1","NIFK"
"HDAC1","ARRB2","NIFK"
"HDAC1","INPP5D","NIFK"
"HDAC1","GAB2","NIFK"
"HDAC1","BCR-Dk","NIFK"
"HDAC1","BCR-Ml","NIFK"
"HDAC1","ZMIZ1","NIFK"
"HDAC1","TAB3","NIFK"
"HDAC1","BCR-Dl","NIFK"
"HDAC1","DDX58","NIFK"
"HDAC1","SH2B3","NIFK"
"HDAC1","DAB1","NIFK"
"HDAC1","PLCG2","NIFK"
"HDAC1","CHUK","PPARGC1A"
"HDAC1","SRC","PPARGC1A"
"HDAC1","MAPK8","PPARGC1A"
"HDAC1","MTOR","PPARGC1A"
"HDAC1","AKT1","PPARGC1A"
"HDAC1","PRKCD","PPARGC1A"
"HDAC1","PTPRJ","PPARGC1A"
"HDAC1","RPS6KB1","PPARGC1A"
"HDAC1","EIF2AK2","PPARGC1A"
"HDAC1","MAP3K14","PPARGC1A"
"HDAC1","MAP2K1","PPARGC1A"
"HDAC1","GSK3B","PPARGC1A"
"HDAC1","TGFBR2","PPARGC1A"
"HDAC1","PPP1R2","PPARGC1A"
"HDAC1","AKT","PPARGC1A"
"HDAC1","MAPK9","PPARGC1A"
"HDAC1","RACK1","PPARGC1A"
"HDAC1","FBXW7","PPARGC1A"
"HDAC1","HSP90AB1","PPARGC1A"
"HDAC1","DVL2","PPARGC1A"
"HDAC1","JAK1","PPARGC1A"
"HDAC1","CDKN2A","PPARGC1A"
"HDAC1","EPS15","PPARGC1A"
"HDAC1","SHC1","PPARGC1A"
"HDAC1","MAPK8IP3","PPARGC1A"
"HDAC1","MAPKAPK5","PPARGC1A"
"HDAC1","EPHA2","PPARGC1A"
"HDAC1","PTPRR","PPARGC1A"
"HDAC1","BMX","PPARGC1A"
"HDAC1","PTK2B","PPARGC1A"
"HDAC1","NEK6","PPARGC1A"
"HDAC1","PRKCI","PPARGC1A"
"HDAC1","PIN1","PPARGC1A"
"HDAC1","PARD6A","PPARGC1A"
"HDAC1","CEP192","PPARGC1A"
"HDAC1","GRIP1","PPARGC1A"
"HDAC1","ESR1","PPARGC1A"
"HDAC1","ARRB2","PPARGC1A"
"HDAC1","BCR-Dk","PPARGC1A"
"HDAC1","BCAR1","PPARGC1A"
"HDAC1","NOTCH","PPARGC1A"
"HDAC1","NCOA1","PPARGC1A"
"HDAC1","TAB3","PPARGC1A"
"HDAC1","GCSAM","PPARGC1A"
"HDAC1","OPTN","PPARGC1A"
"HDAC1","BCR-Dl","PPARGC1A"
"HDAC1","IFIH1","PPARGC1A"
"HDAC1","BCR-Mk","PPARGC1A"
"HDAC1","RPS6KA2","ARHGEF2"
"HDAC1","PTEN","ARHGEF2"
"HDAC1","MAPK8","ARHGEF2"
"HDAC1","MTOR","ARHGEF2"
"HDAC1","AKT1","ARHGEF2"
"HDAC1","PTPN1","ARHGEF2"
"HDAC1","RPS6KB1","ARHGEF2"
"HDAC1","EIF2AK2","ARHGEF2"
"HDAC1","GSK3B","ARHGEF2"
"HDAC1","TGFBR2","ARHGEF2"
"HDAC1","PAK2","ARHGEF2"
"HDAC1","CDK5","ARHGEF2"
"HDAC1","MAPK9","ARHGEF2"
"HDAC1","PRKD1","ARHGEF2"
"HDAC1","FBXW7","ARHGEF2"
"HDAC1","ITK","ARHGEF2"
"HDAC1","NCK1","ARHGEF2"
"HDAC1","AHSA1","ARHGEF2"
"HDAC1","BTK","ARHGEF2"
"HDAC1","TNK2","ARHGEF2"
"HDAC1","CD19","ARHGEF2"
"HDAC1","HSP90AB1","ARHGEF2"
"HDAC1","MAPK10","ARHGEF2"
"HDAC1","DYRK1B","ARHGEF2"
"HDAC1","MAP4K1","ARHGEF2"
"HDAC1","EPS15","ARHGEF2"
"HDAC1","IKK-complex","ARHGEF2"
"HDAC1","AXIN1","ARHGEF2"
"HDAC1","DUSP16","ARHGEF2"
"HDAC1","EPHA2","ARHGEF2"
"HDAC1","BMX","ARHGEF2"
"HDAC1","PTK2B","ARHGEF2"
"HDAC1","NEK6","ARHGEF2"
"HDAC1","CEP192","ARHGEF2"
"HDAC1","PTPRA","ARHGEF2"
"HDAC1","ESR1","ARHGEF2"
"HDAC1","INPP5D","ARHGEF2"
"HDAC1","GAB2","ARHGEF2"
"HDAC1","BCR-Ml","ARHGEF2"
"HDAC1","NOTCH","ARHGEF2"
"HDAC1","NCOA1","ARHGEF2"
"HDAC1","FERMT2","ARHGEF2"
"HDAC1","OPTN","ARHGEF2"
"HDAC1","BCR-Dl","ARHGEF2"
"HDAC1","DDX58","ARHGEF2"
"HDAC1","ROR2","ARHGEF2"
"HDAC1","IFIH1","ARHGEF2"
"HDAC1","DAB1","ARHGEF2"
"HDAC1","PLCG2","ARHGEF2"
"HDAC1","SRC","STAT3"
"HDAC1","AKT1","STAT3"
"HDAC1","KRAS","STAT3"
"HDAC1","KIT","STAT3"
"HDAC1","PDPK1","STAT3"
"HDAC1","MAML3","STAT3"
"HDAC1","MAP3K14","STAT3"
"HDAC1","TGFBR2","STAT3"
"HDAC1","PPP1R2","STAT3"
"HDAC1","AKT","STAT3"
"HDAC1","WWTR1","STAT3"
"HDAC1","RACK1","STAT3"
"HDAC1","DAPK1","STAT3"
"HDAC1","PRKD1","STAT3"
"HDAC1","ABL2","STAT3"
"HDAC1","FBXW7","STAT3"
"HDAC1","ITK","STAT3"
"HDAC1","AHSA1","STAT3"
"HDAC1","BTK","STAT3"
"HDAC1","TNK2","STAT3"
"HDAC1","YAP1","STAT3"
"HDAC1","CD19","STAT3"
"HDAC1","STAT1","STAT3"
"HDAC1","DVL2","STAT3"
"HDAC1","MAPK10","STAT3"
"HDAC1","PTPN7","STAT3"
"HDAC1","CDKN2A","STAT3"
"HDAC1","EPS15","STAT3"
"HDAC1","MAPKAPK5","STAT3"
"HDAC1","EPHA2","STAT3"
"HDAC1","PTPRR","STAT3"
"HDAC1","BDKRB2","STAT3"
"HDAC1","FLT4","STAT3"
"HDAC1","PTK2B","STAT3"
"HDAC1","SNW1","STAT3"
"HDAC1","GAB1","STAT3"
"HDAC1","INPP5D","STAT3"
"HDAC1","GAB2","STAT3"
"HDAC1","EZH2","STAT3"
"HDAC1","NCOA1","STAT3"
"HDAC1","FERMT2","STAT3"
"HDAC1","ZMIZ1","STAT3"
"HDAC1","OPTN","STAT3"
"HDAC1","DAB1","STAT3"
"HDAC1","PLCG2","STAT3"
"HDAC1","RPS6KA2","CASP2"
"HDAC1","MAPK8","CASP2"
"HDAC1","MTOR","CASP2"
"HDAC1","AKT1","CASP2"
"HDAC1","PRKCD","CASP2"
"HDAC1","RPS6KB1","CASP2"
"HDAC1","PDPK1","CASP2"
"HDAC1","MAML3","CASP2"
"HDAC1","TGFBR2","CASP2"
"HDAC1","PAK2","CASP2"
"HDAC1","PPP1R2","CASP2"
"HDAC1","CDK5","CASP2"
"HDAC1","AKT","CASP2"
"HDAC1","RACK1","CASP2"
"HDAC1","PXN","CASP2"
"HDAC1","PRKD1","CASP2"
"HDAC1","FBXW7","CASP2"
"HDAC1","NCK1","CASP2"
"HDAC1","AHSA1","CASP2"
"HDAC1","YAP1","CASP2"
"HDAC1","CD19","CASP2"
"HDAC1","DVL2","CASP2"
"HDAC1","MAP2K2","CASP2"
"HDAC1","DYRK1B","CASP2"
"HDAC1","MEK1/2","CASP2"
"HDAC1","JAK1","CASP2"
"HDAC1","PTPN7","CASP2"
"HDAC1","CDKN2A","CASP2"
"HDAC1","MAP4K1","CASP2"
"HDAC1","AXIN1","CASP2"
"HDAC1","DUSP16","CASP2"
"HDAC1","FLT4","CASP2"
"HDAC1","BMX","CASP2"
"HDAC1","SNW1","CASP2"
"HDAC1","NEK6","CASP2"
"HDAC1","PRKCI","CASP2"
"HDAC1","PIN1","CASP2"
"HDAC1","PARD6A","CASP2"
"HDAC1","GAB1","CASP2"
"HDAC1","GRIP1","CASP2"
"HDAC1","ARRB2","CASP2"
"HDAC1","INPP5D","CASP2"
"HDAC1","NOTCH","CASP2"
"HDAC1","NCOA1","CASP2"
"HDAC1","ZMIZ1","CASP2"
"HDAC1","NPM1","CASP2"
"HDAC1","GCSAM","CASP2"
"HDAC1","OPTN","CASP2"
"HDAC1","SPRY2","CASP2"
"HDAC1","DDX58","CASP2"
"HDAC1","ROR2","CASP2"
"HDAC1","DAB1","CASP2"
"HDAC1","CHUK","STAT5A"
"HDAC1","SRC","STAT5A"
"HDAC1","PTEN","STAT5A"
"HDAC1","MAPK8","STAT5A"
"HDAC1","MTOR","STAT5A"
"HDAC1","AKT1","STAT5A"
"HDAC1","PRKCD","STAT5A"
"HDAC1","MAPK1","STAT5A"
"HDAC1","PTPN1","STAT5A"
"HDAC1","Gbeta","STAT5A"
"HDAC1","RPS6KB1","STAT5A"
"HDAC1","MAML3","STAT5A"
"HDAC1","MAP3K14","STAT5A"
"HDAC1","GSK3B","STAT5A"
"HDAC1","TGFBR2","STAT5A"
"HDAC1","PPP1R2","STAT5A"
"HDAC1","WWTR1","STAT5A"
"HDAC1","RACK1","STAT5A"
"HDAC1","DAPK1","STAT5A"
"HDAC1","PRKD1","STAT5A"
"HDAC1","AHSA1","STAT5A"
"HDAC1","CD19","STAT5A"
"HDAC1","HSP90AB1","STAT5A"
"HDAC1","DVL2","STAT5A"
"HDAC1","MAP2K2","STAT5A"
"HDAC1","DYRK1B","STAT5A"
"HDAC1","MEK1/2","STAT5A"
"HDAC1","PTPN7","STAT5A"
"HDAC1","CDKN2A","STAT5A"
"HDAC1","MAP4K1","STAT5A"
"HDAC1","IKK-complex","STAT5A"
"HDAC1","MAPK8IP3","STAT5A"
"HDAC1","DUSP16","STAT5A"
"HDAC1","EPHA2","STAT5A"
"HDAC1","PTPRR","STAT5A"
"HDAC1","BDKRB2","STAT5A"
"HDAC1","FLT4","STAT5A"
"HDAC1","PTK2B","STAT5A"
"HDAC1","SNW1","STAT5A"
"HDAC1","NEK6","STAT5A"
"HDAC1","PARD6A","STAT5A"
"HDAC1","CEP192","STAT5A"
"HDAC1","GAB1","STAT5A"
"HDAC1","ARRB2","STAT5A"
"HDAC1","EZH2","STAT5A"
"HDAC1","BCR-Ml","STAT5A"
"HDAC1","NCOA1","STAT5A"
"HDAC1","FERMT2","STAT5A"
"HDAC1","ZMIZ1","STAT5A"
"HDAC1","TAB3","STAT5A"
"HDAC1","NPM1","STAT5A"
"HDAC1","GCSAM","STAT5A"
"HDAC1","SPRY2","STAT5A"
"HDAC1","BCR-Dl","STAT5A"
"HDAC1","DDX58","STAT5A"
"HDAC1","IFIH1","STAT5A"
"HDAC1","SH2B3","STAT5A"
"HDAC1","DAB1","STAT5A"
"HDAC1","BCR-Mk","STAT5A"
"HDAC1","PLCG2","STAT5A"
"HDAC1","CHUK","PFN1"
"HDAC1","SRC","PFN1"
"HDAC1","RPS6KA2","PFN1"
"HDAC1","MAPK8","PFN1"
"HDAC1","MTOR","PFN1"
"HDAC1","AKT1","PFN1"
"HDAC1","PRKCD","PFN1"
"HDAC1","MAPK1","PFN1"
"HDAC1","Gbeta","PFN1"
"HDAC1","KIT","PFN1"
"HDAC1","PDPK1","PFN1"
"HDAC1","MAML3","PFN1"
"HDAC1","MAP3K14","PFN1"
"HDAC1","GSK3B","PFN1"
"HDAC1","PAK2","PFN1"
"HDAC1","PPP1R2","PFN1"
"HDAC1","CDK5","PFN1"
"HDAC1","DAPK1","PFN1"
"HDAC1","PXN","PFN1"
"HDAC1","FBXW7","PFN1"
"HDAC1","NCK1","PFN1"
"HDAC1","AHSA1","PFN1"
"HDAC1","TNK2","PFN1"
"HDAC1","CD19","PFN1"
"HDAC1","STAT1","PFN1"
"HDAC1","HSP90AB1","PFN1"
"HDAC1","DVL2","PFN1"
"HDAC1","MAPK10","PFN1"
"HDAC1","MEK1/2","PFN1"
"HDAC1","PTPN7","PFN1"
"HDAC1","CDKN2A","PFN1"
"HDAC1","MAP4K1","PFN1"
"HDAC1","EPS15","PFN1"
"HDAC1","SHC1","PFN1"
"HDAC1","MAPKAPK5","PFN1"
"HDAC1","EPHA2","PFN1"
"HDAC1","MAP3K8","PFN1"
"HDAC1","PTPRR","PFN1"
"HDAC1","BDKRB2","PFN1"
"HDAC1","BMX","PFN1"
"HDAC1","PTK2B","PFN1"
"HDAC1","SNW1","PFN1"
"HDAC1","PRKCI","PFN1"
"HDAC1","PARD6A","PFN1"
"HDAC1","CEP192","PFN1"
"HDAC1","GAB1","PFN1"
"HDAC1","PTPRA","PFN1"
"HDAC1","GRIP1","PFN1"
"HDAC1","ESR1","PFN1"
"HDAC1","ARRB2","PFN1"
"HDAC1","EZH2","PFN1"
"HDAC1","BCR-Dk","PFN1"
"HDAC1","BCAR1","PFN1"
"HDAC1","BCR-Ml","PFN1"
"HDAC1","NOTCH","PFN1"
"HDAC1","FERMT2","PFN1"
"HDAC1","GCSAM","PFN1"
"HDAC1","OPTN","PFN1"
"HDAC1","DDX58","PFN1"
"HDAC1","ROR2","PFN1"
"HDAC1","IFIH1","PFN1"
"HDAC1","BCR-Mk","PFN1"
"HDAC1","PLCG2","PFN1"
"HDAC1","CHUK","FOXO4"
"HDAC1","RPS6KA2","FOXO4"
"HDAC1","PTEN","FOXO4"
"HDAC1","PRKCD","FOXO4"
"HDAC1","KRAS","FOXO4"
"HDAC1","PTPRJ","FOXO4"
"HDAC1","RPS6KB1","FOXO4"
"HDAC1","PDPK1","FOXO4"
"HDAC1","MAP3K14","FOXO4"
"HDAC1","MAP2K1","FOXO4"
"HDAC1","TGFBR2","FOXO4"
"HDAC1","RACK1","FOXO4"
"HDAC1","DAPK1","FOXO4"
"HDAC1","PRKD1","FOXO4"
"HDAC1","ABL2","FOXO4"
"HDAC1","FBXW7","FOXO4"
"HDAC1","AHSA1","FOXO4"
"HDAC1","TNK2","FOXO4"
"HDAC1","YAP1","FOXO4"
"HDAC1","CD19","FOXO4"
"HDAC1","STAT1","FOXO4"
"HDAC1","HSP90AB1","FOXO4"
"HDAC1","MEK1/2","FOXO4"
"HDAC1","PTPN7","FOXO4"
"HDAC1","MAP4K1","FOXO4"
"HDAC1","EPS15","FOXO4"
"HDAC1","MAPK8IP3","FOXO4"
"HDAC1","PTPRR","FOXO4"
"HDAC1","BDKRB2","FOXO4"
"HDAC1","BMX","FOXO4"
"HDAC1","PTK2B","FOXO4"
"HDAC1","SNW1","FOXO4"
"HDAC1","NEK6","FOXO4"
"HDAC1","PRKCI","FOXO4"
"HDAC1","CTNND1","FOXO4"
"HDAC1","PIN1","FOXO4"
"HDAC1","CEP192","FOXO4"
"HDAC1","GAB1","FOXO4"
"HDAC1","PTPRA","FOXO4"
"HDAC1","ARRB2","FOXO4"
"HDAC1","EZH2","FOXO4"
"HDAC1","NOTCH","FOXO4"
"HDAC1","TAB3","FOXO4"
"HDAC1","NPM1","FOXO4"
"HDAC1","GCSAM","FOXO4"
"HDAC1","SPRY2","FOXO4"
"HDAC1","DDX58","FOXO4"
"HDAC1","ROR2","FOXO4"
"HDAC1","IFIH1","FOXO4"
"HDAC1","SH2B3","FOXO4"
"HDAC1","BCR-Mk","FOXO4"
"HDAC1","CHUK","RGS16"
"HDAC1","SRC","RGS16"
"HDAC1","RPS6KA2","RGS16"
"HDAC1","PTEN","RGS16"
"HDAC1","AKT1","RGS16"
"HDAC1","PRKCD","RGS16"
"HDAC1","MAPK1","RGS16"
"HDAC1","Gbeta","RGS16"
"HDAC1","EIF2AK2","RGS16"
"HDAC1","MAML3","RGS16"
"HDAC1","MAP3K14","RGS16"
"HDAC1","MAP2K1","RGS16"
"HDAC1","TGFBR2","RGS16"
"HDAC1","PAK2","RGS16"
"HDAC1","CDK5","RGS16"
"HDAC1","MAPK9","RGS16"
"HDAC1","WWTR1","RGS16"
"HDAC1","DAPK1","RGS16"
"HDAC1","PRKD1","RGS16"
"HDAC1","AHSA1","RGS16"
"HDAC1","BTK","RGS16"
"HDAC1","YAP1","RGS16"
"HDAC1","MAP2K2","RGS16"
"HDAC1","MEK1/2","RGS16"
"HDAC1","PTPN7","RGS16"
"HDAC1","MAP4K1","RGS16"
"HDAC1","EPS15","RGS16"
"HDAC1","SHC1","RGS16"
"HDAC1","MAPK8IP3","RGS16"
"HDAC1","DUSP16","RGS16"
"HDAC1","EPHA2","RGS16"
"HDAC1","MAP3K8","RGS16"
"HDAC1","PTPRR","RGS16"
"HDAC1","BDKRB2","RGS16"
"HDAC1","FLT4","RGS16"
"HDAC1","BMX","RGS16"
"HDAC1","SNW1","RGS16"
"HDAC1","PRKCI","RGS16"
"HDAC1","CTNND1","RGS16"
"HDAC1","GAB1","RGS16"
"HDAC1","GRIP1","RGS16"
"HDAC1","INPP5D","RGS16"
"HDAC1","EZH2","RGS16"
"HDAC1","BCAR1","RGS16"
"HDAC1","BCR-Ml","RGS16"
"HDAC1","NCOA1","RGS16"
"HDAC1","ZMIZ1","RGS16"
"HDAC1","TAB3","RGS16"
"HDAC1","OPTN","RGS16"
"HDAC1","SPRY2","RGS16"
"HDAC1","DAB1","RGS16"
"HDAC1","BCR-Mk","RGS16"
"HDAC1","PTEN","IKZF1"
"HDAC1","MAPK8","IKZF1"
"HDAC1","MTOR","IKZF1"
"HDAC1","PRKCD","IKZF1"
"HDAC1","EIF2AK2","IKZF1"
"HDAC1","MAML3","IKZF1"
"HDAC1","GSK3B","IKZF1"
"HDAC1","PAK2","IKZF1"
"HDAC1","PPP1R2","IKZF1"
"HDAC1","AKT","IKZF1"
"HDAC1","MAPK9","IKZF1"
"HDAC1","PXN","IKZF1"
"HDAC1","PRKD1","IKZF1"
"HDAC1","ABL2","IKZF1"
"HDAC1","FBXW7","IKZF1"
"HDAC1","NCK1","IKZF1"
"HDAC1","AHSA1","IKZF1"
"HDAC1","BTK","IKZF1"
"HDAC1","TNK2","IKZF1"
"HDAC1","YAP1","IKZF1"
"HDAC1","CD19","IKZF1"
"HDAC1","STAT1","IKZF1"
"HDAC1","HSP90AB1","IKZF1"
"HDAC1","DVL2","IKZF1"
"HDAC1","DYRK1B","IKZF1"
"HDAC1","EPS15","IKZF1"
"HDAC1","IKK-complex","IKZF1"
"HDAC1","AXIN1","IKZF1"
"HDAC1","BMX","IKZF1"
"HDAC1","SNW1","IKZF1"
"HDAC1","NEK6","IKZF1"
"HDAC1","PRKCI","IKZF1"
"HDAC1","PIN1","IKZF1"
"HDAC1","GAB1","IKZF1"
"HDAC1","GRIP1","IKZF1"
"HDAC1","ESR1","IKZF1"
"HDAC1","ARRB2","IKZF1"
"HDAC1","GAB2","IKZF1"
"HDAC1","NCOA1","IKZF1"
"HDAC1","FERMT2","IKZF1"
"HDAC1","ZMIZ1","IKZF1"
"HDAC1","NPM1","IKZF1"
"HDAC1","GCSAM","IKZF1"
"HDAC1","DDX58","IKZF1"
"HDAC1","ROR2","IKZF1"
"HDAC1","IFIH1","IKZF1"
"HDAC1","PLCG2","IKZF1"
"HDAC1","RPS6KA2","TNS3"
"HDAC1","PTEN","TNS3"
"HDAC1","MAPK8","TNS3"
"HDAC1","PTPN1","TNS3"
"HDAC1","Gbeta","TNS3"
"HDAC1","KRAS","TNS3"
"HDAC1","PTPRJ","TNS3"
"HDAC1","EIF2AK2","TNS3"
"HDAC1","PDPK1","TNS3"
"HDAC1","MAP3K14","TNS3"
"HDAC1","MAP2K1","TNS3"
"HDAC1","GSK3B","TNS3"
"HDAC1","PPP1R2","TNS3"
"HDAC1","MAPK9","TNS3"
"HDAC1","WWTR1","TNS3"
"HDAC1","PXN","TNS3"
"HDAC1","PRKD1","TNS3"
"HDAC1","ITK","TNS3"
"HDAC1","NCK1","TNS3"
"HDAC1","AHSA1","TNS3"
"HDAC1","YAP1","TNS3"
"HDAC1","CD19","TNS3"
"HDAC1","CDKN2A","TNS3"
"HDAC1","MAP4K1","TNS3"
"HDAC1","EPS15","TNS3"
"HDAC1","SHC1","TNS3"
"HDAC1","EPHA2","TNS3"
"HDAC1","PRKCI","TNS3"
"HDAC1","CTNND1","TNS3"
"HDAC1","PIN1","TNS3"
"HDAC1","CEP192","TNS3"
"HDAC1","GAB1","TNS3"
"HDAC1","PTPRA","TNS3"
"HDAC1","ARRB2","TNS3"
"HDAC1","INPP5D","TNS3"
"HDAC1","GAB2","TNS3"
"HDAC1","EZH2","TNS3"
"HDAC1","NOTCH","TNS3"
"HDAC1","TAB3","TNS3"
"HDAC1","DDX58","TNS3"
"HDAC1","ROR2","TNS3"
"HDAC1","CHUK","MEF2D"
"HDAC1","SRC","MEF2D"
"HDAC1","MAPK8","MEF2D"
"HDAC1","AKT1","MEF2D"
"HDAC1","PTPN1","MEF2D"
"HDAC1","Gbeta","MEF2D"
"HDAC1","KRAS","MEF2D"
"HDAC1","KIT","MEF2D"
"HDAC1","RPS6KB1","MEF2D"
"HDAC1","MAML3","MEF2D"
"HDAC1","GSK3B","MEF2D"
"HDAC1","TGFBR2","MEF2D"
"HDAC1","AKT","MEF2D"
"HDAC1","WWTR1","MEF2D"
"HDAC1","PRKD1","MEF2D"
"HDAC1","ABL2","MEF2D"
"HDAC1","FBXW7","MEF2D"
"HDAC1","ITK","MEF2D"
"HDAC1","NCK1","MEF2D"
"HDAC1","AHSA1","MEF2D"
"HDAC1","BTK","MEF2D"
"HDAC1","TNK2","MEF2D"
"HDAC1","YAP1","MEF2D"
"HDAC1","CD19","MEF2D"
"HDAC1","DVL2","MEF2D"
"HDAC1","MAPK10","MEF2D"
"HDAC1","DYRK1B","MEF2D"
"HDAC1","PTPN7","MEF2D"
"HDAC1","CDKN2A","MEF2D"
"HDAC1","EPS15","MEF2D"
"HDAC1","IKK-complex","MEF2D"
"HDAC1","AXIN1","MEF2D"
"HDAC1","MAPKAPK5","MEF2D"
"HDAC1","EPHA2","MEF2D"
"HDAC1","PTPRR","MEF2D"
"HDAC1","BDKRB2","MEF2D"
"HDAC1","FLT4","MEF2D"
"HDAC1","BMX","MEF2D"
"HDAC1","NEK6","MEF2D"
"HDAC1","GAB1","MEF2D"
"HDAC1","ESR1","MEF2D"
"HDAC1","ARRB2","MEF2D"
"HDAC1","BCAR1","MEF2D"
"HDAC1","BCR-Ml","MEF2D"
"HDAC1","NCOA1","MEF2D"
"HDAC1","TAB3","MEF2D"
"HDAC1","NPM1","MEF2D"
"HDAC1","GCSAM","MEF2D"
"HDAC1","OPTN","MEF2D"
"HDAC1","SPRY2","MEF2D"
"HDAC1","BCR-Dl","MEF2D"
"HDAC1","ROR2","MEF2D"
"HDAC1","IFIH1","MEF2D"
"HDAC1","SH2B3","MEF2D"
"HDAC1","DAB1","MEF2D"
"HDAC1","BCR-Mk","MEF2D"
"HDAC1","PLCG2","MEF2D"
"HDAC1","CHUK","SMURF2"
"HDAC1","SRC","SMURF2"
"HDAC1","MAPK1","SMURF2"
"HDAC1","KIT","SMURF2"
"HDAC1","RPS6KB1","SMURF2"
"HDAC1","EIF2AK2","SMURF2"
"HDAC1","MAP3K14","SMURF2"
"HDAC1","MAP2K1","SMURF2"
"HDAC1","TGFBR2","SMURF2"
"HDAC1","PAK2","SMURF2"
"HDAC1","PPP1R2","SMURF2"
"HDAC1","CDK5","SMURF2"
"HDAC1","AKT","SMURF2"
"HDAC1","WWTR1","SMURF2"
"HDAC1","PXN","SMURF2"
"HDAC1","PRKD1","SMURF2"
"HDAC1","FBXW7","SMURF2"
"HDAC1","NCK1","SMURF2"
"HDAC1","TNK2","SMURF2"
"HDAC1","YAP1","SMURF2"
"HDAC1","HSP90AB1","SMURF2"
"HDAC1","DVL2","SMURF2"
"HDAC1","DYRK1B","SMURF2"
"HDAC1","MEK1/2","SMURF2"
"HDAC1","JAK1","SMURF2"
"HDAC1","PTPN7","SMURF2"
"HDAC1","EPS15","SMURF2"
"HDAC1","IKK-complex","SMURF2"
"HDAC1","DUSP16","SMURF2"
"HDAC1","MAP3K8","SMURF2"
"HDAC1","PTPRR","SMURF2"
"HDAC1","BDKRB2","SMURF2"
"HDAC1","FLT4","SMURF2"
"HDAC1","SNW1","SMURF2"
"HDAC1","NEK6","SMURF2"
"HDAC1","PRKCI","SMURF2"
"HDAC1","CTNND1","SMURF2"
"HDAC1","PIN1","SMURF2"
"HDAC1","PARD6A","SMURF2"
"HDAC1","CEP192","SMURF2"
"HDAC1","GAB1","SMURF2"
"HDAC1","PTPRA","SMURF2"
"HDAC1","GRIP1","SMURF2"
"HDAC1","ESR1","SMURF2"
"HDAC1","ARRB2","SMURF2"
"HDAC1","INPP5D","SMURF2"
"HDAC1","GAB2","SMURF2"
"HDAC1","FERMT2","SMURF2"
"HDAC1","TAB3","SMURF2"
"HDAC1","SPRY2","SMURF2"
"HDAC1","BCR-Dl","SMURF2"
"HDAC1","IFIH1","SMURF2"
"HDAC1","MAPK8","VIM"
"HDAC1","AKT1","VIM"
"HDAC1","PRKCD","VIM"
"HDAC1","PTPN1","VIM"
"HDAC1","KRAS","VIM"
"HDAC1","RPS6KB1","VIM"
"HDAC1","MAML3","VIM"
"HDAC1","GSK3B","VIM"
"HDAC1","MAPK9","VIM"
"HDAC1","WWTR1","VIM"
"HDAC1","RACK1","VIM"
"HDAC1","ABL2","VIM"
"HDAC1","NCK1","VIM"
"HDAC1","AHSA1","VIM"
"HDAC1","BTK","VIM"
"HDAC1","TNK2","VIM"
"HDAC1","CD19","VIM"
"HDAC1","DVL2","VIM"
"HDAC1","MAP2K2","VIM"
"HDAC1","MEK1/2","VIM"
"HDAC1","MAPK8IP3","VIM"
"HDAC1","MAPKAPK5","VIM"
"HDAC1","PTPRR","VIM"
"HDAC1","BMX","VIM"
"HDAC1","PTK2B","VIM"
"HDAC1","SNW1","VIM"
"HDAC1","PTPRA","VIM"
"HDAC1","GRIP1","VIM"
"HDAC1","ESR1","VIM"
"HDAC1","INPP5D","VIM"
"HDAC1","GAB2","VIM"
"HDAC1","EZH2","VIM"
"HDAC1","BCR-Dk","VIM"
"HDAC1","BCAR1","VIM"
"HDAC1","BCR-Ml","VIM"
"HDAC1","FERMT2","VIM"
"HDAC1","GCSAM","VIM"
"HDAC1","OPTN","VIM"
"HDAC1","SPRY2","VIM"
"HDAC1","DDX58","VIM"
"HDAC1","IFIH1","VIM"
"HDAC1","SH2B3","VIM"
"HDAC1","PLCG2","VIM"
"HDAC1","CHUK","EIF4ENIF1"
"HDAC1","SRC","EIF4ENIF1"
"HDAC1","RPS6KA2","EIF4ENIF1"
"HDAC1","PTEN","EIF4ENIF1"
"HDAC1","MTOR","EIF4ENIF1"
"HDAC1","AKT1","EIF4ENIF1"
"HDAC1","PRKCD","EIF4ENIF1"
"HDAC1","PTPN1","EIF4ENIF1"
"HDAC1","KIT","EIF4ENIF1"
"HDAC1","PTPRJ","EIF4ENIF1"
"HDAC1","RPS6KB1","EIF4ENIF1"
"HDAC1","MAML3","EIF4ENIF1"
"HDAC1","GSK3B","EIF4ENIF1"
"HDAC1","TGFBR2","EIF4ENIF1"
"HDAC1","CDK5","EIF4ENIF1"
"HDAC1","AKT","EIF4ENIF1"
"HDAC1","DAPK1","EIF4ENIF1"
"HDAC1","PXN","EIF4ENIF1"
"HDAC1","PRKD1","EIF4ENIF1"
"HDAC1","ABL2","EIF4ENIF1"
"HDAC1","NCK1","EIF4ENIF1"
"HDAC1","AHSA1","EIF4ENIF1"
"HDAC1","STAT1","EIF4ENIF1"
"HDAC1","DVL2","EIF4ENIF1"
"HDAC1","MAPK10","EIF4ENIF1"
"HDAC1","DYRK1B","EIF4ENIF1"
"HDAC1","PTPN7","EIF4ENIF1"
"HDAC1","CDKN2A","EIF4ENIF1"
"HDAC1","MAP4K1","EIF4ENIF1"
"HDAC1","EPS15","EIF4ENIF1"
"HDAC1","IKK-complex","EIF4ENIF1"
"HDAC1","SHC1","EIF4ENIF1"
"HDAC1","MAPK8IP3","EIF4ENIF1"
"HDAC1","MAPKAPK5","EIF4ENIF1"
"HDAC1","DUSP16","EIF4ENIF1"
"HDAC1","EPHA2","EIF4ENIF1"
"HDAC1","PTPRR","EIF4ENIF1"
"HDAC1","BDKRB2","EIF4ENIF1"
"HDAC1","FLT4","EIF4ENIF1"
"HDAC1","SNW1","EIF4ENIF1"
"HDAC1","CEP192","EIF4ENIF1"
"HDAC1","ESR1","EIF4ENIF1"
"HDAC1","ARRB2","EIF4ENIF1"
"HDAC1","INPP5D","EIF4ENIF1"
"HDAC1","EZH2","EIF4ENIF1"
"HDAC1","NPM1","EIF4ENIF1"
"HDAC1","OPTN","EIF4ENIF1"
"HDAC1","SPRY2","EIF4ENIF1"
"HDAC1","DDX58","EIF4ENIF1"
"HDAC1","IFIH1","EIF4ENIF1"
"HDAC1","SH2B3","EIF4ENIF1"
"HDAC1","PLCG2","EIF4ENIF1"
"HDAC1","MAPK8","CRMP1"
"HDAC1","PRKCD","CRMP1"
"HDAC1","MAPK1","CRMP1"
"HDAC1","KRAS","CRMP1"
"HDAC1","KIT","CRMP1"
"HDAC1","PDPK1","CRMP1"
"HDAC1","TGFBR2","CRMP1"
"HDAC1","PAK2","CRMP1"
"HDAC1","CDK5","CRMP1"
"HDAC1","WWTR1","CRMP1"
"HDAC1","PRKD1","CRMP1"
"HDAC1","STAT1","CRMP1"
"HDAC1","HSP90AB1","CRMP1"
"HDAC1","MAP2K2","CRMP1"
"HDAC1","MEK1/2","CRMP1"
"HDAC1","JAK1","CRMP1"
"HDAC1","PTPN7","CRMP1"
"HDAC1","CDKN2A","CRMP1"
"HDAC1","EPS15","CRMP1"
"HDAC1","AXIN1","CRMP1"
"HDAC1","MAPKAPK5","CRMP1"
"HDAC1","DUSP16","CRMP1"
"HDAC1","EPHA2","CRMP1"
"HDAC1","PTPRR","CRMP1"
"HDAC1","BDKRB2","CRMP1"
"HDAC1","FLT4","CRMP1"
"HDAC1","BMX","CRMP1"
"HDAC1","PTK2B","CRMP1"
"HDAC1","NEK6","CRMP1"
"HDAC1","CTNND1","CRMP1"
"HDAC1","PIN1","CRMP1"
"HDAC1","GAB1","CRMP1"
"HDAC1","PTPRA","CRMP1"
"HDAC1","ESR1","CRMP1"
"HDAC1","GAB2","CRMP1"
"HDAC1","BCR-Dk","CRMP1"
"HDAC1","BCR-Ml","CRMP1"
"HDAC1","NOTCH","CRMP1"
"HDAC1","NCOA1","CRMP1"
"HDAC1","FERMT2","CRMP1"
"HDAC1","TAB3","CRMP1"
"HDAC1","OPTN","CRMP1"
"HDAC1","SPRY2","CRMP1"
"HDAC1","DDX58","CRMP1"
"HDAC1","PLCG2","CRMP1"
"HDAC1","CHUK","FOXO"
"HDAC1","SRC","FOXO"
"HDAC1","AKT1","FOXO"
"HDAC1","MAPK1","FOXO"
"HDAC1","Gbeta","FOXO"
"HDAC1","MAP3K14","FOXO"
"HDAC1","GSK3B","FOXO"
"HDAC1","TGFBR2","FOXO"
"HDAC1","PAK2","FOXO"
"HDAC1","PPP1R2","FOXO"
"HDAC1","AKT","FOXO"
"HDAC1","MAPK9","FOXO"
"HDAC1","RACK1","FOXO"
"HDAC1","FBXW7","FOXO"
"HDAC1","ITK","FOXO"
"HDAC1","NCK1","FOXO"
"HDAC1","AHSA1","FOXO"
"HDAC1","YAP1","FOXO"
"HDAC1","CD19","FOXO"
"HDAC1","STAT1","FOXO"
"HDAC1","HSP90AB1","FOXO"
"HDAC1","DVL2","FOXO"
"HDAC1","MEK1/2","FOXO"
"HDAC1","JAK1","FOXO"
"HDAC1","EPS15","FOXO"
"HDAC1","SHC1","FOXO"
"HDAC1","EPHA2","FOXO"
"HDAC1","PTPRR","FOXO"
"HDAC1","BDKRB2","FOXO"
"HDAC1","FLT4","FOXO"
"HDAC1","BMX","FOXO"
"HDAC1","PTK2B","FOXO"
"HDAC1","SNW1","FOXO"
"HDAC1","NEK6","FOXO"
"HDAC1","CTNND1","FOXO"
"HDAC1","PARD6A","FOXO"
"HDAC1","ESR1","FOXO"
"HDAC1","ARRB2","FOXO"
"HDAC1","INPP5D","FOXO"
"HDAC1","BCR-Ml","FOXO"
"HDAC1","NCOA1","FOXO"
"HDAC1","ZMIZ1","FOXO"
"HDAC1","ROR2","FOXO"
"HDAC1","SH2B3","FOXO"
"HDAC1","DAB1","FOXO"
"HDAC1","PLCG2","FOXO"
"HDAC1","SRC","HSPB8"
"HDAC1","RPS6KA2","HSPB8"
"HDAC1","MAPK8","HSPB8"
"HDAC1","MTOR","HSPB8"
"HDAC1","AKT1","HSPB8"
"HDAC1","PTPN1","HSPB8"
"HDAC1","Gbeta","HSPB8"
"HDAC1","KRAS","HSPB8"
"HDAC1","KIT","HSPB8"
"HDAC1","PTPRJ","HSPB8"
"HDAC1","EIF2AK2","HSPB8"
"HDAC1","PDPK1","HSPB8"
"HDAC1","MAML3","HSPB8"
"HDAC1","MAP3K14","HSPB8"
"HDAC1","MAP2K1","HSPB8"
"HDAC1","TGFBR2","HSPB8"
"HDAC1","PPP1R2","HSPB8"
"HDAC1","RACK1","HSPB8"
"HDAC1","PXN","HSPB8"
"HDAC1","NCK1","HSPB8"
"HDAC1","BTK","HSPB8"
"HDAC1","TNK2","HSPB8"
"HDAC1","YAP1","HSPB8"
"HDAC1","CD19","HSPB8"
"HDAC1","HSP90AB1","HSPB8"
"HDAC1","DVL2","HSPB8"
"HDAC1","DYRK1B","HSPB8"
"HDAC1","JAK1","HSPB8"
"HDAC1","SHC1","HSPB8"
"HDAC1","MAPK8IP3","HSPB8"
"HDAC1","PTPRR","HSPB8"
"HDAC1","BDKRB2","HSPB8"
"HDAC1","FLT4","HSPB8"
"HDAC1","PTK2B","HSPB8"
"HDAC1","GAB1","HSPB8"
"HDAC1","PTPRA","HSPB8"
"HDAC1","INPP5D","HSPB8"
"HDAC1","EZH2","HSPB8"
"HDAC1","BCR-Dk","HSPB8"
"HDAC1","BCR-Ml","HSPB8"
"HDAC1","NCOA1","HSPB8"
"HDAC1","TAB3","HSPB8"
"HDAC1","NPM1","HSPB8"
"HDAC1","GCSAM","HSPB8"
"HDAC1","OPTN","HSPB8"
"HDAC1","SPRY2","HSPB8"
"HDAC1","IFIH1","HSPB8"
"HDAC1","SH2B3","HSPB8"
"HDAC1","PLCG2","HSPB8"
"HDAC1","PTEN","PRKN"
"HDAC1","PRKCD","PRKN"
"HDAC1","MAPK1","PRKN"
"HDAC1","RPS6KB1","PRKN"
"HDAC1","EIF2AK2","PRKN"
"HDAC1","PDPK1","PRKN"
"HDAC1","PPP1R2","PRKN"
"HDAC1","AKT","PRKN"
"HDAC1","MAPK9","PRKN"
"HDAC1","DAPK1","PRKN"
"HDAC1","FBXW7","PRKN"
"HDAC1","STAT1","PRKN"
"HDAC1","MAPK10","PRKN"
"HDAC1","CDKN2A","PRKN"
"HDAC1","EPS15","PRKN"
"HDAC1","IKK-complex","PRKN"
"HDAC1","SHC1","PRKN"
"HDAC1","MAPKAPK5","PRKN"
"HDAC1","DUSP16","PRKN"
"HDAC1","EPHA2","PRKN"
"HDAC1","BMX","PRKN"
"HDAC1","NEK6","PRKN"
"HDAC1","PRKCI","PRKN"
"HDAC1","CTNND1","PRKN"
"HDAC1","PIN1","PRKN"
"HDAC1","GAB1","PRKN"
"HDAC1","ESR1","PRKN"
"HDAC1","BCAR1","PRKN"
"HDAC1","NCOA1","PRKN"
"HDAC1","ZMIZ1","PRKN"
"HDAC1","GCSAM","PRKN"
"HDAC1","SPRY2","PRKN"
"HDAC1","ROR2","PRKN"
"HDAC1","IFIH1","PRKN"
"HDAC1","SH2B3","PRKN"
"HDAC1","DAB1","PRKN"
"HDAC1","PLCG2","PRKN"
"HDAC1","CHUK","PDE4B"
"HDAC1","MAPK8","PDE4B"
"HDAC1","PTPN1","PDE4B"
"HDAC1","KRAS","PDE4B"
"HDAC1","KIT","PDE4B"
"HDAC1","PTPRJ","PDE4B"
"HDAC1","RPS6KB1","PDE4B"
"HDAC1","EIF2AK2","PDE4B"
"HDAC1","MAML3","PDE4B"
"HDAC1","MAP2K1","PDE4B"
"HDAC1","CDK5","PDE4B"
"HDAC1","AKT","PDE4B"
"HDAC1","WWTR1","PDE4B"
"HDAC1","RACK1","PDE4B"
"HDAC1","PRKD1","PDE4B"
"HDAC1","ABL2","PDE4B"
"HDAC1","FBXW7","PDE4B"
"HDAC1","ITK","PDE4B"
"HDAC1","AHSA1","PDE4B"
"HDAC1","BTK","PDE4B"
"HDAC1","TNK2","PDE4B"
"HDAC1","YAP1","PDE4B"
"HDAC1","MAPK10","PDE4B"
"HDAC1","MEK1/2","PDE4B"
"HDAC1","JAK1","PDE4B"
"HDAC1","PTPN7","PDE4B"
"HDAC1","CDKN2A","PDE4B"
"HDAC1","MAP4K1","PDE4B"
"HDAC1","EPS15","PDE4B"
"HDAC1","IKK-complex","PDE4B"
"HDAC1","SHC1","PDE4B"
"HDAC1","MAPKAPK5","PDE4B"
"HDAC1","DUSP16","PDE4B"
"HDAC1","EPHA2","PDE4B"
"HDAC1","PTPRR","PDE4B"
"HDAC1","BDKRB2","PDE4B"
"HDAC1","BMX","PDE4B"
"HDAC1","PTK2B","PDE4B"
"HDAC1","SNW1","PDE4B"
"HDAC1","CTNND1","PDE4B"
"HDAC1","PTPRA","PDE4B"
"HDAC1","GRIP1","PDE4B"
"HDAC1","INPP5D","PDE4B"
"HDAC1","GAB2","PDE4B"
"HDAC1","BCAR1","PDE4B"
"HDAC1","NCOA1","PDE4B"
"HDAC1","ZMIZ1","PDE4B"
"HDAC1","TAB3","PDE4B"
"HDAC1","NPM1","PDE4B"
"HDAC1","OPTN","PDE4B"
"HDAC1","ROR2","PDE4B"
"HDAC1","IFIH1","PDE4B"
"HDAC1","CHUK","SREBF1"
"HDAC1","RPS6KA2","SREBF1"
"HDAC1","PTEN","SREBF1"
"HDAC1","MAPK8","SREBF1"
"HDAC1","AKT1","SREBF1"
"HDAC1","PRKCD","SREBF1"
"HDAC1","KRAS","SREBF1"
"HDAC1","KIT","SREBF1"
"HDAC1","PTPRJ","SREBF1"
"HDAC1","MAML3","SREBF1"
"HDAC1","GSK3B","SREBF1"
"HDAC1","TGFBR2","SREBF1"
"HDAC1","MAPK9","SREBF1"
"HDAC1","WWTR1","SREBF1"
"HDAC1","DAPK1","SREBF1"
"HDAC1","PXN","SREBF1"
"HDAC1","PRKD1","SREBF1"
"HDAC1","ABL2","SREBF1"
"HDAC1","FBXW7","SREBF1"
"HDAC1","ITK","SREBF1"
"HDAC1","TNK2","SREBF1"
"HDAC1","STAT1","SREBF1"
"HDAC1","HSP90AB1","SREBF1"
"HDAC1","MAP2K2","SREBF1"
"HDAC1","JAK1","SREBF1"
"HDAC1","PTPN7","SREBF1"
"HDAC1","MAPK8IP3","SREBF1"
"HDAC1","AXIN1","SREBF1"
"HDAC1","PTPRR","SREBF1"
"HDAC1","FLT4","SREBF1"
"HDAC1","BMX","SREBF1"
"HDAC1","PTK2B","SREBF1"
"HDAC1","SNW1","SREBF1"
"HDAC1","NEK6","SREBF1"
"HDAC1","PRKCI","SREBF1"
"HDAC1","GAB1","SREBF1"
"HDAC1","PTPRA","SREBF1"
"HDAC1","GRIP1","SREBF1"
"HDAC1","BCAR1","SREBF1"
"HDAC1","BCR-Ml","SREBF1"
"HDAC1","FERMT2","SREBF1"
"HDAC1","ZMIZ1","SREBF1"
"HDAC1","TAB3","SREBF1"
"HDAC1","OPTN","SREBF1"
"HDAC1","BCR-Dl","SREBF1"
"HDAC1","DDX58","SREBF1"
"HDAC1","ROR2","SREBF1"
"HDAC1","DAB1","SREBF1"
"HDAC1","PLCG2","SREBF1"
"HDAC1","SRC","ELK1"
"HDAC1","PTEN","ELK1"
"HDAC1","MTOR","ELK1"
"HDAC1","MAPK1","ELK1"
"HDAC1","PTPN1","ELK1"
"HDAC1","Gbeta","ELK1"
"HDAC1","KRAS","ELK1"
"HDAC1","KIT","ELK1"
"HDAC1","PTPRJ","ELK1"
"HDAC1","RPS6KB1","ELK1"
"HDAC1","MAP2K1","ELK1"
"HDAC1","PAK2","ELK1"
"HDAC1","PPP1R2","ELK1"
"HDAC1","WWTR1","ELK1"
"HDAC1","RACK1","ELK1"
"HDAC1","PRKD1","ELK1"
"HDAC1","FBXW7","ELK1"
"HDAC1","ITK","ELK1"
"HDAC1","BTK","ELK1"
"HDAC1","TNK2","ELK1"
"HDAC1","YAP1","ELK1"
"HDAC1","DVL2","ELK1"
"HDAC1","MEK1/2","ELK1"
"HDAC1","JAK1","ELK1"
"HDAC1","PTPN7","ELK1"
"HDAC1","CDKN2A","ELK1"
"HDAC1","MAP4K1","ELK1"
"HDAC1","AXIN1","ELK1"
"HDAC1","MAPKAPK5","ELK1"
"HDAC1","EPHA2","ELK1"
"HDAC1","PTPRR","ELK1"
"HDAC1","BMX","ELK1"
"HDAC1","PTK2B","ELK1"
"HDAC1","CTNND1","ELK1"
"HDAC1","PIN1","ELK1"
"HDAC1","GAB2","ELK1"
"HDAC1","EZH2","ELK1"
"HDAC1","BCR-Ml","ELK1"
"HDAC1","NOTCH","ELK1"
"HDAC1","NCOA1","ELK1"
"HDAC1","FERMT2","ELK1"
"HDAC1","GCSAM","ELK1"
"HDAC1","OPTN","ELK1"
"HDAC1","IFIH1","ELK1"
"HDAC1","CHUK","MAFA"
"HDAC1","SRC","MAFA"
"HDAC1","MTOR","MAFA"
"HDAC1","AKT1","MAFA"
"HDAC1","PTPN1","MAFA"
"HDAC1","Gbeta","MAFA"
"HDAC1","KRAS","MAFA"
"HDAC1","PTPRJ","MAFA"
"HDAC1","RPS6KB1","MAFA"
"HDAC1","EIF2AK2","MAFA"
"HDAC1","PDPK1","MAFA"
"HDAC1","TGFBR2","MAFA"
"HDAC1","PAK2","MAFA"
"HDAC1","PPP1R2","MAFA"
"HDAC1","CDK5","MAFA"
"HDAC1","MAPK9","MAFA"
"HDAC1","DAPK1","MAFA"
"HDAC1","PXN","MAFA"
"HDAC1","PRKD1","MAFA"
"HDAC1","ABL2","MAFA"
"HDAC1","FBXW7","MAFA"
"HDAC1","ITK","MAFA"
"HDAC1","BTK","MAFA"
"HDAC1","TNK2","MAFA"
"HDAC1","HSP90AB1","MAFA"
"HDAC1","DVL2","MAFA"
"HDAC1","MAP2K2","MAFA"
"HDAC1","SHC1","MAFA"
"HDAC1","AXIN1","MAFA"
"HDAC1","MAPKAPK5","MAFA"
"HDAC1","BDKRB2","MAFA"
"HDAC1","NEK6","MAFA"
"HDAC1","PRKCI","MAFA"
"HDAC1","CTNND1","MAFA"
"HDAC1","PIN1","MAFA"
"HDAC1","GAB1","MAFA"
"HDAC1","PTPRA","MAFA"
"HDAC1","GRIP1","MAFA"
"HDAC1","ESR1","MAFA"
"HDAC1","ARRB2","MAFA"
"HDAC1","INPP5D","MAFA"
"HDAC1","GAB2","MAFA"
"HDAC1","EZH2","MAFA"
"HDAC1","BCR-Dk","MAFA"
"HDAC1","BCAR1","MAFA"
"HDAC1","BCR-Ml","MAFA"
"HDAC1","NOTCH","MAFA"
"HDAC1","NCOA1","MAFA"
"HDAC1","ZMIZ1","MAFA"
"HDAC1","SPRY2","MAFA"
"HDAC1","BCR-Dl","MAFA"
"HDAC1","SH2B3","MAFA"
"HDAC1","DAB1","MAFA"
"HDAC1","PTEN","CCDC6"
"HDAC1","MAPK8","CCDC6"
"HDAC1","MTOR","CCDC6"
"HDAC1","Gbeta","CCDC6"
"HDAC1","KRAS","CCDC6"
"HDAC1","KIT","CCDC6"
"HDAC1","RPS6KB1","CCDC6"
"HDAC1","PDPK1","CCDC6"
"HDAC1","MAP3K14","CCDC6"
"HDAC1","MAP2K1","CCDC6"
"HDAC1","GSK3B","CCDC6"
"HDAC1","PAK2","CCDC6"
"HDAC1","RACK1","CCDC6"
"HDAC1","PRKD1","CCDC6"
"HDAC1","ABL2","CCDC6"
"HDAC1","ITK","CCDC6"
"HDAC1","NCK1","CCDC6"
"HDAC1","CD19","CCDC6"
"HDAC1","HSP90AB1","CCDC6"
"HDAC1","MAP2K2","CCDC6"
"HDAC1","EPS15","CCDC6"
"HDAC1","PTPRR","CCDC6"
"HDAC1","SNW1","CCDC6"
"HDAC1","NEK6","CCDC6"
"HDAC1","CTNND1","CCDC6"
"HDAC1","PARD6A","CCDC6"
"HDAC1","PTPRA","CCDC6"
"HDAC1","ESR1","CCDC6"
"HDAC1","ARRB2","CCDC6"
"HDAC1","EZH2","CCDC6"
"HDAC1","BCAR1","CCDC6"
"HDAC1","FERMT2","CCDC6"
"HDAC1","OPTN","CCDC6"
"HDAC1","BCR-Dl","CCDC6"
"HDAC1","ROR2","CCDC6"
"HDAC1","BCR-Mk","CCDC6"
"HDAC1","CHUK","TOP1"
"HDAC1","SRC","TOP1"
"HDAC1","PTEN","TOP1"
"HDAC1","MAPK8","TOP1"
"HDAC1","MTOR","TOP1"
"HDAC1","AKT1","TOP1"
"HDAC1","MAPK1","TOP1"
"HDAC1","PTPN1","TOP1"
"HDAC1","RPS6KB1","TOP1"
"HDAC1","MAML3","TOP1"
"HDAC1","MAP3K14","TOP1"
"HDAC1","MAP2K1","TOP1"
"HDAC1","GSK3B","TOP1"
"HDAC1","TGFBR2","TOP1"
"HDAC1","PAK2","TOP1"
"HDAC1","MAPK9","TOP1"
"HDAC1","WWTR1","TOP1"
"HDAC1","ABL2","TOP1"
"HDAC1","FBXW7","TOP1"
"HDAC1","AHSA1","TOP1"
"HDAC1","BTK","TOP1"
"HDAC1","YAP1","TOP1"
"HDAC1","CD19","TOP1"
"HDAC1","MAPK10","TOP1"
"HDAC1","CDKN2A","TOP1"
"HDAC1","MAP4K1","TOP1"
"HDAC1","MAPKAPK5","TOP1"
"HDAC1","DUSP16","TOP1"
"HDAC1","EPHA2","TOP1"
"HDAC1","MAP3K8","TOP1"
"HDAC1","BMX","TOP1"
"HDAC1","SNW1","TOP1"
"HDAC1","NEK6","TOP1"
"HDAC1","CTNND1","TOP1"
"HDAC1","CEP192","TOP1"
"HDAC1","GAB1","TOP1"
"HDAC1","ARRB2","TOP1"
"HDAC1","INPP5D","TOP1"
"HDAC1","GAB2","TOP1"
"HDAC1","EZH2","TOP1"
"HDAC1","BCR-Ml","TOP1"
"HDAC1","NOTCH","TOP1"
"HDAC1","NCOA1","TOP1"
"HDAC1","ZMIZ1","TOP1"
"HDAC1","TAB3","TOP1"
"HDAC1","GCSAM","TOP1"
"HDAC1","OPTN","TOP1"
"HDAC1","ROR2","TOP1"
"HDAC1","PLCG2","TOP1"
"HDAC1","CHUK","HCN4"
"HDAC1","RPS6KA2","HCN4"
"HDAC1","PTEN","HCN4"
"HDAC1","PRKCD","HCN4"
"HDAC1","MAPK1","HCN4"
"HDAC1","PTPN1","HCN4"
"HDAC1","Gbeta","HCN4"
"HDAC1","KRAS","HCN4"
"HDAC1","KIT","HCN4"
"HDAC1","RPS6KB1","HCN4"
"HDAC1","EIF2AK2","HCN4"
"HDAC1","MAP2K1","HCN4"
"HDAC1","GSK3B","HCN4"
"HDAC1","PAK2","HCN4"
"HDAC1","PPP1R2","HCN4"
"HDAC1","CDK5","HCN4"
"HDAC1","AKT","HCN4"
"HDAC1","PRKD1","HCN4"
"HDAC1","AHSA1","HCN4"
"HDAC1","BTK","HCN4"
"HDAC1","DVL2","HCN4"
"HDAC1","MAPK10","HCN4"
"HDAC1","DYRK1B","HCN4"
"HDAC1","MEK1/2","HCN4"
"HDAC1","PTPN7","HCN4"
"HDAC1","EPS15","HCN4"
"HDAC1","IKK-complex","HCN4"
"HDAC1","SHC1","HCN4"
"HDAC1","DUSP16","HCN4"
"HDAC1","BDKRB2","HCN4"
"HDAC1","FLT4","HCN4"
"HDAC1","PTK2B","HCN4"
"HDAC1","SNW1","HCN4"
"HDAC1","NEK6","HCN4"
"HDAC1","PRKCI","HCN4"
"HDAC1","CTNND1","HCN4"
"HDAC1","PARD6A","HCN4"
"HDAC1","PTPRA","HCN4"
"HDAC1","GAB2","HCN4"
"HDAC1","BCR-Dk","HCN4"
"HDAC1","BCAR1","HCN4"
"HDAC1","BCR-Ml","HCN4"
"HDAC1","NCOA1","HCN4"
"HDAC1","FERMT2","HCN4"
"HDAC1","NPM1","HCN4"
"HDAC1","BCR-Dl","HCN4"
"HDAC1","DDX58","HCN4"
"HDAC1","ROR2","HCN4"
"HDAC1","DAB1","HCN4"
"HDAC1","MAPK8","ARHGAP5"
"HDAC1","MTOR","ARHGAP5"
"HDAC1","AKT1","ARHGAP5"
"HDAC1","MAPK1","ARHGAP5"
"HDAC1","PTPN1","ARHGAP5"
"HDAC1","EIF2AK2","ARHGAP5"
"HDAC1","MAP3K14","ARHGAP5"
"HDAC1","MAP2K1","ARHGAP5"
"HDAC1","GSK3B","ARHGAP5"
"HDAC1","RACK1","ARHGAP5"
"HDAC1","DAPK1","ARHGAP5"
"HDAC1","PXN","ARHGAP5"
"HDAC1","FBXW7","ARHGAP5"
"HDAC1","CD19","ARHGAP5"
"HDAC1","STAT1","ARHGAP5"
"HDAC1","HSP90AB1","ARHGAP5"
"HDAC1","DVL2","ARHGAP5"
"HDAC1","PTPN7","ARHGAP5"
"HDAC1","CDKN2A","ARHGAP5"
"HDAC1","MAP4K1","ARHGAP5"
"HDAC1","IKK-complex","ARHGAP5"
"HDAC1","MAPKAPK5","ARHGAP5"
"HDAC1","PTPRR","ARHGAP5"
"HDAC1","FLT4","ARHGAP5"
"HDAC1","BMX","ARHGAP5"
"HDAC1","PTK2B","ARHGAP5"
"HDAC1","SNW1","ARHGAP5"
"HDAC1","NEK6","ARHGAP5"
"HDAC1","PRKCI","ARHGAP5"
"HDAC1","CTNND1","ARHGAP5"
"HDAC1","PIN1","ARHGAP5"
"HDAC1","PARD6A","ARHGAP5"
"HDAC1","CEP192","ARHGAP5"
"HDAC1","GAB1","ARHGAP5"
"HDAC1","PTPRA","ARHGAP5"
"HDAC1","ARRB2","ARHGAP5"
"HDAC1","EZH2","ARHGAP5"
"HDAC1","BCR-Dk","ARHGAP5"
"HDAC1","BCR-Ml","ARHGAP5"
"HDAC1","NOTCH","ARHGAP5"
"HDAC1","NCOA1","ARHGAP5"
"HDAC1","TAB3","ARHGAP5"
"HDAC1","OPTN","ARHGAP5"
"HDAC1","BCR-Mk","ARHGAP5"
"HDAC1","CHUK","GLO1"
"HDAC1","SRC","GLO1"
"HDAC1","RPS6KA2","GLO1"
"HDAC1","PTEN","GLO1"
"HDAC1","PRKCD","GLO1"
"HDAC1","KRAS","GLO1"
"HDAC1","KIT","GLO1"
"HDAC1","PTPRJ","GLO1"
"HDAC1","EIF2AK2","GLO1"
"HDAC1","MAML3","GLO1"
"HDAC1","MAP3K14","GLO1"
"HDAC1","MAP2K1","GLO1"
"HDAC1","GSK3B","GLO1"
"HDAC1","TGFBR2","GLO1"
"HDAC1","PAK2","GLO1"
"HDAC1","PPP1R2","GLO1"
"HDAC1","CDK5","GLO1"
"HDAC1","AKT","GLO1"
"HDAC1","MAPK9","GLO1"
"HDAC1","WWTR1","GLO1"
"HDAC1","RACK1","GLO1"
"HDAC1","DAPK1","GLO1"
"HDAC1","PXN","GLO1"
"HDAC1","PRKD1","GLO1"
"HDAC1","ABL2","GLO1"
"HDAC1","AHSA1","GLO1"
"HDAC1","BTK","GLO1"
"HDAC1","CD19","GLO1"
"HDAC1","STAT1","GLO1"
"HDAC1","DVL2","GLO1"
"HDAC1","DYRK1B","GLO1"
"HDAC1","JAK1","GLO1"
"HDAC1","CDKN2A","GLO1"
"HDAC1","MAP4K1","GLO1"
"HDAC1","EPS15","GLO1"
"HDAC1","IKK-complex","GLO1"
"HDAC1","MAPK8IP3","GLO1"
"HDAC1","AXIN1","GLO1"
"HDAC1","DUSP16","GLO1"
"HDAC1","MAP3K8","GLO1"
"HDAC1","PTK2B","GLO1"
"HDAC1","NEK6","GLO1"
"HDAC1","CEP192","GLO1"
"HDAC1","GAB1","GLO1"
"HDAC1","PTPRA","GLO1"
"HDAC1","ESR1","GLO1"
"HDAC1","NOTCH","GLO1"
"HDAC1","NCOA1","GLO1"
"HDAC1","FERMT2","GLO1"
"HDAC1","TAB3","GLO1"
"HDAC1","NPM1","GLO1"
"HDAC1","OPTN","GLO1"
"HDAC1","SPRY2","GLO1"
"HDAC1","BCR-Dl","GLO1"
"HDAC1","DDX58","GLO1"
"HDAC1","BCR-Mk","GLO1"
"HDAC1","CHUK","TOP2A"
"HDAC1","SRC","TOP2A"
"HDAC1","RPS6KA2","TOP2A"
"HDAC1","PTEN","TOP2A"
"HDAC1","MAPK8","TOP2A"
"HDAC1","MTOR","TOP2A"
"HDAC1","MAPK1","TOP2A"
"HDAC1","KRAS","TOP2A"
"HDAC1","KIT","TOP2A"
"HDAC1","PTPRJ","TOP2A"
"HDAC1","EIF2AK2","TOP2A"
"HDAC1","PDPK1","TOP2A"
"HDAC1","MAML3","TOP2A"
"HDAC1","MAP2K1","TOP2A"
"HDAC1","GSK3B","TOP2A"
"HDAC1","TGFBR2","TOP2A"
"HDAC1","PPP1R2","TOP2A"
"HDAC1","MAPK9","TOP2A"
"HDAC1","DAPK1","TOP2A"
"HDAC1","FBXW7","TOP2A"
"HDAC1","DVL2","TOP2A"
"HDAC1","DYRK1B","TOP2A"
"HDAC1","MEK1/2","TOP2A"
"HDAC1","MAP4K1","TOP2A"
"HDAC1","SHC1","TOP2A"
"HDAC1","MAPK8IP3","TOP2A"
"HDAC1","AXIN1","TOP2A"
"HDAC1","MAPKAPK5","TOP2A"
"HDAC1","DUSP16","TOP2A"
"HDAC1","EPHA2","TOP2A"
"HDAC1","PTPRR","TOP2A"
"HDAC1","BDKRB2","TOP2A"
"HDAC1","PRKCI","TOP2A"
"HDAC1","CTNND1","TOP2A"
"HDAC1","PTPRA","TOP2A"
"HDAC1","NCOA1","TOP2A"
"HDAC1","ZMIZ1","TOP2A"
"HDAC1","SPRY2","TOP2A"
"HDAC1","BCR-Dl","TOP2A"
"HDAC1","SH2B3","TOP2A"
"HDAC1","DAB1","TOP2A"
"HDAC1","PLCG2","TOP2A"
"HDAC1","MAPK8","IRX2"
"HDAC1","AKT1","IRX2"
"HDAC1","MAPK1","IRX2"
"HDAC1","KRAS","IRX2"
"HDAC1","EIF2AK2","IRX2"
"HDAC1","PDPK1","IRX2"
"HDAC1","MAML3","IRX2"
"HDAC1","MAP3K14","IRX2"
"HDAC1","PPP1R2","IRX2"
"HDAC1","CDK5","IRX2"
"HDAC1","AKT","IRX2"
"HDAC1","MAPK9","IRX2"
"HDAC1","WWTR1","IRX2"
"HDAC1","DAPK1","IRX2"
"HDAC1","PXN","IRX2"
"HDAC1","ABL2","IRX2"
"HDAC1","ITK","IRX2"
"HDAC1","NCK1","IRX2"
"HDAC1","MAP2K2","IRX2"
"HDAC1","MEK1/2","IRX2"
"HDAC1","MAP4K1","IRX2"
"HDAC1","AXIN1","IRX2"
"HDAC1","DUSP16","IRX2"
"HDAC1","PTPRR","IRX2"
"HDAC1","BDKRB2","IRX2"
"HDAC1","FLT4","IRX2"
"HDAC1","BMX","IRX2"
"HDAC1","PTK2B","IRX2"
"HDAC1","NEK6","IRX2"
"HDAC1","PIN1","IRX2"
"HDAC1","PARD6A","IRX2"
"HDAC1","CEP192","IRX2"
"HDAC1","GAB1","IRX2"
"HDAC1","PTPRA","IRX2"
"HDAC1","GRIP1","IRX2"
"HDAC1","ARRB2","IRX2"
"HDAC1","GAB2","IRX2"
"HDAC1","NOTCH","IRX2"
"HDAC1","FERMT2","IRX2"
"HDAC1","NPM1","IRX2"
"HDAC1","GCSAM","IRX2"
"HDAC1","OPTN","IRX2"
"HDAC1","BCR-Dl","IRX2"
"HDAC1","DDX58","IRX2"
"HDAC1","IFIH1","IRX2"
"HDAC1","DAB1","IRX2"
"HDAC1","SRC","EEA1"
"HDAC1","RPS6KA2","EEA1"
"HDAC1","PRKCD","EEA1"
"HDAC1","MAPK1","EEA1"
"HDAC1","PTPN1","EEA1"
"HDAC1","RPS6KB1","EEA1"
"HDAC1","PDPK1","EEA1"
"HDAC1","MAP3K14","EEA1"
"HDAC1","MAPK9","EEA1"
"HDAC1","DAPK1","EEA1"
"HDAC1","PXN","EEA1"
"HDAC1","PRKD1","EEA1"
"HDAC1","FBXW7","EEA1"
"HDAC1","ITK","EEA1"
"HDAC1","AHSA1","EEA1"
"HDAC1","BTK","EEA1"
"HDAC1","TNK2","EEA1"
"HDAC1","STAT1","EEA1"
"HDAC1","DVL2","EEA1"
"HDAC1","MAP2K2","EEA1"
"HDAC1","MAPK10","EEA1"
"HDAC1","DYRK1B","EEA1"
"HDAC1","MEK1/2","EEA1"
"HDAC1","JAK1","EEA1"
"HDAC1","PTPN7","EEA1"
"HDAC1","EPS15","EEA1"
"HDAC1","IKK-complex","EEA1"
"HDAC1","SHC1","EEA1"
"HDAC1","MAPK8IP3","EEA1"
"HDAC1","AXIN1","EEA1"
"HDAC1","MAPKAPK5","EEA1"
"HDAC1","EPHA2","EEA1"
"HDAC1","PTPRR","EEA1"
"HDAC1","PTK2B","EEA1"
"HDAC1","SNW1","EEA1"
"HDAC1","PRKCI","EEA1"
"HDAC1","CTNND1","EEA1"
"HDAC1","PARD6A","EEA1"
"HDAC1","CEP192","EEA1"
"HDAC1","PTPRA","EEA1"
"HDAC1","GRIP1","EEA1"
"HDAC1","ESR1","EEA1"
"HDAC1","ARRB2","EEA1"
"HDAC1","INPP5D","EEA1"
"HDAC1","EZH2","EEA1"
"HDAC1","BCAR1","EEA1"
"HDAC1","NCOA1","EEA1"
"HDAC1","FERMT2","EEA1"
"HDAC1","GCSAM","EEA1"
"HDAC1","OPTN","EEA1"
"HDAC1","SPRY2","EEA1"
"HDAC1","BCR-Dl","EEA1"
"HDAC1","DDX58","EEA1"
"HDAC1","IFIH1","EEA1"
"HDAC1","DAB1","EEA1"
"HDAC1","BCR-Mk","EEA1"
"HDAC1","CHUK","DPYSL3"
"HDAC1","RPS6KA2","DPYSL3"
"HDAC1","PTEN","DPYSL3"
"HDAC1","MTOR","DPYSL3"
"HDAC1","Gbeta","DPYSL3"
"HDAC1","KRAS","DPYSL3"
"HDAC1","MAML3","DPYSL3"
"HDAC1","MAP3K14","DPYSL3"
"HDAC1","TGFBR2","DPYSL3"
"HDAC1","PAK2","DPYSL3"
"HDAC1","CDK5","DPYSL3"
"HDAC1","MAPK9","DPYSL3"
"HDAC1","WWTR1","DPYSL3"
"HDAC1","RACK1","DPYSL3"
"HDAC1","DAPK1","DPYSL3"
"HDAC1","PRKD1","DPYSL3"
"HDAC1","ABL2","DPYSL3"
"HDAC1","FBXW7","DPYSL3"
"HDAC1","ITK","DPYSL3"
"HDAC1","AHSA1","DPYSL3"
"HDAC1","CD19","DPYSL3"
"HDAC1","HSP90AB1","DPYSL3"
"HDAC1","DYRK1B","DPYSL3"
"HDAC1","CDKN2A","DPYSL3"
"HDAC1","MAP4K1","DPYSL3"
"HDAC1","MAPK8IP3","DPYSL3"
"HDAC1","EPHA2","DPYSL3"
"HDAC1","BDKRB2","DPYSL3"
"HDAC1","FLT4","DPYSL3"
"HDAC1","PTK2B","DPYSL3"
"HDAC1","SNW1","DPYSL3"
"HDAC1","NEK6","DPYSL3"
"HDAC1","PIN1","DPYSL3"
"HDAC1","GAB1","DPYSL3"
"HDAC1","ESR1","DPYSL3"
"HDAC1","BCR-Dk","DPYSL3"
"HDAC1","BCAR1","DPYSL3"
"HDAC1","BCR-Ml","DPYSL3"
"HDAC1","NCOA1","DPYSL3"
"HDAC1","ZMIZ1","DPYSL3"
"HDAC1","SPRY2","DPYSL3"
"HDAC1","DDX58","DPYSL3"
"HDAC1","SH2B3","DPYSL3"
"HDAC1","CHUK","MPZL1"
"HDAC1","PRKCD","MPZL1"
"HDAC1","MAPK1","MPZL1"
"HDAC1","Gbeta","MPZL1"
"HDAC1","PDPK1","MPZL1"
"HDAC1","MAML3","MPZL1"
"HDAC1","MAP3K14","MPZL1"
"HDAC1","CDK5","MPZL1"
"HDAC1","AKT","MPZL1"
"HDAC1","WWTR1","MPZL1"
"HDAC1","RACK1","MPZL1"
"HDAC1","DAPK1","MPZL1"
"HDAC1","PXN","MPZL1"
"HDAC1","PRKD1","MPZL1"
"HDAC1","ABL2","MPZL1"
"HDAC1","ITK","MPZL1"
"HDAC1","AHSA1","MPZL1"
"HDAC1","STAT1","MPZL1"
"HDAC1","DVL2","MPZL1"
"HDAC1","DYRK1B","MPZL1"
"HDAC1","JAK1","MPZL1"
"HDAC1","CDKN2A","MPZL1"
"HDAC1","IKK-complex","MPZL1"
"HDAC1","MAPK8IP3","MPZL1"
"HDAC1","MAP3K8","MPZL1"
"HDAC1","PTK2B","MPZL1"
"HDAC1","NEK6","MPZL1"
"HDAC1","PIN1","MPZL1"
"HDAC1","CEP192","MPZL1"
"HDAC1","PTPRA","MPZL1"
"HDAC1","NOTCH","MPZL1"
"HDAC1","NCOA1","MPZL1"
"HDAC1","ZMIZ1","MPZL1"
"HDAC1","TAB3","MPZL1"
"HDAC1","NPM1","MPZL1"
"HDAC1","OPTN","MPZL1"
"HDAC1","SPRY2","MPZL1"
"HDAC1","DDX58","MPZL1"
"HDAC1","ROR2","MPZL1"
"HDAC1","DAB1","MPZL1"
"HDAC1","BCR-Mk","MPZL1"
"HDAC1","CHUK","LASP1"
"HDAC1","SRC","LASP1"
"HDAC1","PTEN","LASP1"
"HDAC1","MAPK8","LASP1"
"HDAC1","MTOR","LASP1"
"HDAC1","PRKCD","LASP1"
"HDAC1","MAPK1","LASP1"
"HDAC1","PTPN1","LASP1"
"HDAC1","KIT","LASP1"
"HDAC1","RPS6KB1","LASP1"
"HDAC1","MAP3K14","LASP1"
"HDAC1","MAP2K1","LASP1"
"HDAC1","GSK3B","LASP1"
"HDAC1","PAK2","LASP1"
"HDAC1","WWTR1","LASP1"
"HDAC1","PRKD1","LASP1"
"HDAC1","FBXW7","LASP1"
"HDAC1","ITK","LASP1"
"HDAC1","NCK1","LASP1"
"HDAC1","AHSA1","LASP1"
"HDAC1","BTK","LASP1"
"HDAC1","TNK2","LASP1"
"HDAC1","CD19","LASP1"
"HDAC1","STAT1","LASP1"
"HDAC1","DVL2","LASP1"
"HDAC1","DYRK1B","LASP1"
"HDAC1","PTPN7","LASP1"
"HDAC1","CDKN2A","LASP1"
"HDAC1","EPS15","LASP1"
"HDAC1","IKK-complex","LASP1"
"HDAC1","SHC1","LASP1"
"HDAC1","AXIN1","LASP1"
"HDAC1","MAPKAPK5","LASP1"
"HDAC1","DUSP16","LASP1"
"HDAC1","PTPRR","LASP1"
"HDAC1","FLT4","LASP1"
"HDAC1","BMX","LASP1"
"HDAC1","PTK2B","LASP1"
"HDAC1","CTNND1","LASP1"
"HDAC1","PARD6A","LASP1"
"HDAC1","CEP192","LASP1"
"HDAC1","GAB1","LASP1"
"HDAC1","ARRB2","LASP1"
"HDAC1","INPP5D","LASP1"
"HDAC1","GAB2","LASP1"
"HDAC1","EZH2","LASP1"
"HDAC1","BCR-Dk","LASP1"
"HDAC1","BCAR1","LASP1"
"HDAC1","NOTCH","LASP1"
"HDAC1","NCOA1","LASP1"
"HDAC1","FERMT2","LASP1"
"HDAC1","TAB3","LASP1"
"HDAC1","NPM1","LASP1"
"HDAC1","GCSAM","LASP1"
"HDAC1","OPTN","LASP1"
"HDAC1","SPRY2","LASP1"
"HDAC1","BCR-Dl","LASP1"
"HDAC1","IFIH1","LASP1"
"HDAC1","SH2B3","LASP1"
"HDAC1","SRC","PITPNM1"
"HDAC1","AKT1","PITPNM1"
"HDAC1","PTPN1","PITPNM1"
"HDAC1","PTPRJ","PITPNM1"
"HDAC1","GSK3B","PITPNM1"
"HDAC1","PAK2","PITPNM1"
"HDAC1","PPP1R2","PITPNM1"
"HDAC1","CDK5","PITPNM1"
"HDAC1","MAPK9","PITPNM1"
"HDAC1","ITK","PITPNM1"
"HDAC1","BTK","PITPNM1"
"HDAC1","TNK2","PITPNM1"
"HDAC1","STAT1","PITPNM1"
"HDAC1","MAP2K2","PITPNM1"
"HDAC1","DYRK1B","PITPNM1"
"HDAC1","MEK1/2","PITPNM1"
"HDAC1","MAP4K1","PITPNM1"
"HDAC1","MAPK8IP3","PITPNM1"
"HDAC1","DUSP16","PITPNM1"
"HDAC1","PTPRR","PITPNM1"
"HDAC1","BDKRB2","PITPNM1"
"HDAC1","NEK6","PITPNM1"
"HDAC1","PRKCI","PITPNM1"
"HDAC1","PIN1","PITPNM1"
"HDAC1","CEP192","PITPNM1"
"HDAC1","GAB1","PITPNM1"
"HDAC1","PTPRA","PITPNM1"
"HDAC1","GRIP1","PITPNM1"
"HDAC1","ESR1","PITPNM1"
"HDAC1","ARRB2","PITPNM1"
"HDAC1","INPP5D","PITPNM1"
"HDAC1","EZH2","PITPNM1"
"HDAC1","BCR-Dk","PITPNM1"
"HDAC1","BCAR1","PITPNM1"
"HDAC1","BCR-Ml","PITPNM1"
"HDAC1","NCOA1","PITPNM1"
"HDAC1","FERMT2","PITPNM1"
"HDAC1","ZMIZ1","PITPNM1"
"HDAC1","TAB3","PITPNM1"
"HDAC1","OPTN","PITPNM1"
"HDAC1","BCR-Dl","PITPNM1"
"HDAC1","ROR2","PITPNM1"
"HDAC1","IFIH1","PITPNM1"
"HDAC1","SH2B3","PITPNM1"
"HDAC1","DAB1","PITPNM1"
"HDAC1","BCR-Mk","PITPNM1"
"HDAC1","PLCG2","PITPNM1"
"HDAC1","RPS6KA2","PAG1"
"HDAC1","PTEN","PAG1"
"HDAC1","MAPK8","PAG1"
"HDAC1","MTOR","PAG1"
"HDAC1","PRKCD","PAG1"
"HDAC1","MAPK1","PAG1"
"HDAC1","PTPN1","PAG1"
"HDAC1","Gbeta","PAG1"
"HDAC1","KRAS","PAG1"
"HDAC1","PTPRJ","PAG1"
"HDAC1","MAML3","PAG1"
"HDAC1","GSK3B","PAG1"
"HDAC1","TGFBR2","PAG1"
"HDAC1","AKT","PAG1"
"HDAC1","MAPK9","PAG1"
"HDAC1","WWTR1","PAG1"
"HDAC1","DAPK1","PAG1"
"HDAC1","PRKD1","PAG1"
"HDAC1","ABL2","PAG1"
"HDAC1","ITK","PAG1"
"HDAC1","NCK1","PAG1"
"HDAC1","TNK2","PAG1"
"HDAC1","YAP1","PAG1"
"HDAC1","CD19","PAG1"
"HDAC1","STAT1","PAG1"
"HDAC1","DVL2","PAG1"
"HDAC1","MAP2K2","PAG1"
"HDAC1","MAPK10","PAG1"
"HDAC1","DYRK1B","PAG1"
"HDAC1","PTPN7","PAG1"
"HDAC1","CDKN2A","PAG1"
"HDAC1","MAP4K1","PAG1"
"HDAC1","EPS15","PAG1"
"HDAC1","IKK-complex","PAG1"
"HDAC1","SHC1","PAG1"
"HDAC1","AXIN1","PAG1"
"HDAC1","MAPKAPK5","PAG1"
"HDAC1","DUSP16","PAG1"
"HDAC1","EPHA2","PAG1"
"HDAC1","MAP3K8","PAG1"
"HDAC1","PTPRR","PAG1"
"HDAC1","BDKRB2","PAG1"
"HDAC1","FLT4","PAG1"
"HDAC1","BMX","PAG1"
"HDAC1","SNW1","PAG1"
"HDAC1","NEK6","PAG1"
"HDAC1","PIN1","PAG1"
"HDAC1","PARD6A","PAG1"
"HDAC1","GRIP1","PAG1"
"HDAC1","ESR1","PAG1"
"HDAC1","ARRB2","PAG1"
"HDAC1","BCR-Dk","PAG1"
"HDAC1","BCAR1","PAG1"
"HDAC1","NOTCH","PAG1"
"HDAC1","FERMT2","PAG1"
"HDAC1","TAB3","PAG1"
"HDAC1","GCSAM","PAG1"
"HDAC1","OPTN","PAG1"
"HDAC1","BCR-Dl","PAG1"
"HDAC1","IFIH1","PAG1"
"HDAC1","SH2B3","PAG1"
"HDAC1","DAB1","PAG1"
"HDAC1","PLCG2","PAG1"
"HDAC1","CHUK","SREBF2"
"HDAC1","RPS6KA2","SREBF2"
"HDAC1","MAPK8","SREBF2"
"HDAC1","Gbeta","SREBF2"
"HDAC1","KRAS","SREBF2"
"HDAC1","KIT","SREBF2"
"HDAC1","PTPRJ","SREBF2"
"HDAC1","EIF2AK2","SREBF2"
"HDAC1","PDPK1","SREBF2"
"HDAC1","MAML3","SREBF2"
"HDAC1","GSK3B","SREBF2"
"HDAC1","PPP1R2","SREBF2"
"HDAC1","CDK5","SREBF2"
"HDAC1","AKT","SREBF2"
"HDAC1","MAPK9","SREBF2"
"HDAC1","RACK1","SREBF2"
"HDAC1","DAPK1","SREBF2"
"HDAC1","PRKD1","SREBF2"
"HDAC1","NCK1","SREBF2"
"HDAC1","AHSA1","SREBF2"
"HDAC1","BTK","SREBF2"
"HDAC1","TNK2","SREBF2"
"HDAC1","YAP1","SREBF2"
"HDAC1","CD19","SREBF2"
"HDAC1","STAT1","SREBF2"
"HDAC1","HSP90AB1","SREBF2"
"HDAC1","MAP2K2","SREBF2"
"HDAC1","MEK1/2","SREBF2"
"HDAC1","PTPN7","SREBF2"
"HDAC1","CDKN2A","SREBF2"
"HDAC1","MAP4K1","SREBF2"
"HDAC1","IKK-complex","SREBF2"
"HDAC1","AXIN1","SREBF2"
"HDAC1","MAPKAPK5","SREBF2"
"HDAC1","EPHA2","SREBF2"
"HDAC1","PTPRR","SREBF2"
"HDAC1","BDKRB2","SREBF2"
"HDAC1","BMX","SREBF2"
"HDAC1","PTK2B","SREBF2"
"HDAC1","SNW1","SREBF2"
"HDAC1","PRKCI","SREBF2"
"HDAC1","CTNND1","SREBF2"
"HDAC1","PIN1","SREBF2"
"HDAC1","CEP192","SREBF2"
"HDAC1","GAB1","SREBF2"
"HDAC1","ARRB2","SREBF2"
"HDAC1","GAB2","SREBF2"
"HDAC1","BCAR1","SREBF2"
"HDAC1","NOTCH","SREBF2"
"HDAC1","ZMIZ1","SREBF2"
"HDAC1","NPM1","SREBF2"
"HDAC1","BCR-Dl","SREBF2"
"HDAC1","DDX58","SREBF2"
"HDAC1","ROR2","SREBF2"
"HDAC1","IFIH1","SREBF2"
"HDAC1","SH2B3","SREBF2"
"HDAC1","BCR-Mk","SREBF2"
"HDAC1","CHUK","NOS3"
"HDAC1","SRC","NOS3"
"HDAC1","PTEN","NOS3"
"HDAC1","PTPN1","NOS3"
"HDAC1","KIT","NOS3"
"HDAC1","PDPK1","NOS3"
"HDAC1","MAML3","NOS3"
"HDAC1","GSK3B","NOS3"
"HDAC1","PPP1R2","NOS3"
"HDAC1","CDK5","NOS3"
"HDAC1","RACK1","NOS3"
"HDAC1","DAPK1","NOS3"
"HDAC1","PXN","NOS3"
"HDAC1","PRKD1","NOS3"
"HDAC1","ABL2","NOS3"
"HDAC1","FBXW7","NOS3"
"HDAC1","ITK","NOS3"
"HDAC1","NCK1","NOS3"
"HDAC1","AHSA1","NOS3"
"HDAC1","YAP1","NOS3"
"HDAC1","STAT1","NOS3"
"HDAC1","HSP90AB1","NOS3"
"HDAC1","MAPK10","NOS3"
"HDAC1","PTPN7","NOS3"
"HDAC1","MAP4K1","NOS3"
"HDAC1","EPS15","NOS3"
"HDAC1","IKK-complex","NOS3"
"HDAC1","MAPK8IP3","NOS3"
"HDAC1","AXIN1","NOS3"
"HDAC1","MAP3K8","NOS3"
"HDAC1","PTPRR","NOS3"
"HDAC1","BDKRB2","NOS3"
"HDAC1","NEK6","NOS3"
"HDAC1","PIN1","NOS3"
"HDAC1","GAB1","NOS3"
"HDAC1","ESR1","NOS3"
"HDAC1","GAB2","NOS3"
"HDAC1","EZH2","NOS3"
"HDAC1","BCR-Dk","NOS3"
"HDAC1","BCAR1","NOS3"
"HDAC1","BCR-Ml","NOS3"
"HDAC1","NOTCH","NOS3"
"HDAC1","FERMT2","NOS3"
"HDAC1","ZMIZ1","NOS3"
"HDAC1","TAB3","NOS3"
"HDAC1","GCSAM","NOS3"
"HDAC1","OPTN","NOS3"
"HDAC1","SPRY2","NOS3"
"HDAC1","ROR2","NOS3"
"HDAC1","IFIH1","NOS3"
"HDAC1","SH2B3","NOS3"
"HDAC1","PLCG2","NOS3"
"HDAC1","SRC","CDC6"
"HDAC1","RPS6KA2","CDC6"
"HDAC1","PTEN","CDC6"
"HDAC1","MAPK8","CDC6"
"HDAC1","AKT1","CDC6"
"HDAC1","PRKCD","CDC6"
"HDAC1","PTPN1","CDC6"
"HDAC1","KRAS","CDC6"
"HDAC1","KIT","CDC6"
"HDAC1","PTPRJ","CDC6"
"HDAC1","RPS6KB1","CDC6"
"HDAC1","EIF2AK2","CDC6"
"HDAC1","MAP2K1","CDC6"
"HDAC1","GSK3B","CDC6"
"HDAC1","TGFBR2","CDC6"
"HDAC1","PAK2","CDC6"
"HDAC1","MAPK9","CDC6"
"HDAC1","WWTR1","CDC6"
"HDAC1","RACK1","CDC6"
"HDAC1","DAPK1","CDC6"
"HDAC1","PXN","CDC6"
"HDAC1","PRKD1","CDC6"
"HDAC1","ITK","CDC6"
"HDAC1","AHSA1","CDC6"
"HDAC1","TNK2","CDC6"
"HDAC1","YAP1","CDC6"
"HDAC1","CD19","CDC6"
"HDAC1","STAT1","CDC6"
"HDAC1","DVL2","CDC6"
"HDAC1","MAP2K2","CDC6"
"HDAC1","MAPK10","CDC6"
"HDAC1","MEK1/2","CDC6"
"HDAC1","PTPN7","CDC6"
"HDAC1","MAP4K1","CDC6"
"HDAC1","MAPK8IP3","CDC6"
"HDAC1","AXIN1","CDC6"
"HDAC1","DUSP16","CDC6"
"HDAC1","BDKRB2","CDC6"
"HDAC1","FLT4","CDC6"
"HDAC1","BMX","CDC6"
"HDAC1","NEK6","CDC6"
"HDAC1","PRKCI","CDC6"
"HDAC1","PIN1","CDC6"
"HDAC1","CEP192","CDC6"
"HDAC1","GAB1","CDC6"
"HDAC1","PTPRA","CDC6"
"HDAC1","ARRB2","CDC6"
"HDAC1","INPP5D","CDC6"
"HDAC1","GAB2","CDC6"
"HDAC1","EZH2","CDC6"
"HDAC1","BCR-Ml","CDC6"
"HDAC1","NOTCH","CDC6"
"HDAC1","NCOA1","CDC6"
"HDAC1","FERMT2","CDC6"
"HDAC1","ZMIZ1","CDC6"
"HDAC1","TAB3","CDC6"
"HDAC1","SPRY2","CDC6"
"HDAC1","ROR2","CDC6"
"HDAC1","IFIH1","CDC6"
"HDAC1","SH2B3","CDC6"
"HDAC1","DAB1","CDC6"
"HDAC1","BCR-Mk","CDC6"
"HDAC1","RPS6KA2","CCNB1"
"HDAC1","PTEN","CCNB1"
"HDAC1","MAPK8","CCNB1"
"HDAC1","MTOR","CCNB1"
"HDAC1","PRKCD","CCNB1"
"HDAC1","PTPN1","CCNB1"
"HDAC1","KIT","CCNB1"
"HDAC1","EIF2AK2","CCNB1"
"HDAC1","PDPK1","CCNB1"
"HDAC1","MAML3","CCNB1"
"HDAC1","TGFBR2","CCNB1"
"HDAC1","PAK2","CCNB1"
"HDAC1","PPP1R2","CCNB1"
"HDAC1","CDK5","CCNB1"
"HDAC1","AKT","CCNB1"
"HDAC1","WWTR1","CCNB1"
"HDAC1","RACK1","CCNB1"
"HDAC1","PXN","CCNB1"
"HDAC1","PRKD1","CCNB1"
"HDAC1","FBXW7","CCNB1"
"HDAC1","AHSA1","CCNB1"
"HDAC1","BTK","CCNB1"
"HDAC1","TNK2","CCNB1"
"HDAC1","YAP1","CCNB1"
"HDAC1","CD19","CCNB1"
"HDAC1","STAT1","CCNB1"
"HDAC1","HSP90AB1","CCNB1"
"HDAC1","MAP2K2","CCNB1"
"HDAC1","MAPK10","CCNB1"
"HDAC1","DYRK1B","CCNB1"
"HDAC1","MEK1/2","CCNB1"
"HDAC1","JAK1","CCNB1"
"HDAC1","CDKN2A","CCNB1"
"HDAC1","MAP4K1","CCNB1"
"HDAC1","EPS15","CCNB1"
"HDAC1","IKK-complex","CCNB1"
"HDAC1","SHC1","CCNB1"
"HDAC1","MAPKAPK5","CCNB1"
"HDAC1","DUSP16","CCNB1"
"HDAC1","EPHA2","CCNB1"
"HDAC1","BMX","CCNB1"
"HDAC1","PTK2B","CCNB1"
"HDAC1","CTNND1","CCNB1"
"HDAC1","PIN1","CCNB1"
"HDAC1","PARD6A","CCNB1"
"HDAC1","ARRB2","CCNB1"
"HDAC1","GAB2","CCNB1"
"HDAC1","BCR-Dk","CCNB1"
"HDAC1","BCR-Ml","CCNB1"
"HDAC1","ZMIZ1","CCNB1"
"HDAC1","GCSAM","CCNB1"
"HDAC1","SH2B3","CCNB1"
"HDAC1","DAB1","CCNB1"
"HDAC1","BCR-Mk","CCNB1"
"HDAC1","CHUK","AATF"
"HDAC1","SRC","AATF"
"HDAC1","RPS6KA2","AATF"
"HDAC1","PTEN","AATF"
"HDAC1","AKT1","AATF"
"HDAC1","MAPK1","AATF"
"HDAC1","Gbeta","AATF"
"HDAC1","EIF2AK2","AATF"
"HDAC1","CDK5","AATF"
"HDAC1","PXN","AATF"
"HDAC1","PRKD1","AATF"
"HDAC1","FBXW7","AATF"
"HDAC1","BTK","AATF"
"HDAC1","TNK2","AATF"
"HDAC1","YAP1","AATF"
"HDAC1","STAT1","AATF"
"HDAC1","HSP90AB1","AATF"
"HDAC1","DVL2","AATF"
"HDAC1","DYRK1B","AATF"
"HDAC1","CDKN2A","AATF"
"HDAC1","IKK-complex","AATF"
"HDAC1","SHC1","AATF"
"HDAC1","AXIN1","AATF"
"HDAC1","PTPRR","AATF"
"HDAC1","BDKRB2","AATF"
"HDAC1","FLT4","AATF"
"HDAC1","BMX","AATF"
"HDAC1","PTK2B","AATF"
"HDAC1","SNW1","AATF"
"HDAC1","NEK6","AATF"
"HDAC1","PRKCI","AATF"
"HDAC1","CTNND1","AATF"
"HDAC1","PIN1","AATF"
"HDAC1","GAB1","AATF"
"HDAC1","PTPRA","AATF"
"HDAC1","GRIP1","AATF"
"HDAC1","ESR1","AATF"
"HDAC1","INPP5D","AATF"
"HDAC1","BCR-Dk","AATF"
"HDAC1","BCAR1","AATF"
"HDAC1","NCOA1","AATF"
"HDAC1","FERMT2","AATF"
"HDAC1","NPM1","AATF"
"HDAC1","GCSAM","AATF"
"HDAC1","OPTN","AATF"
"HDAC1","SPRY2","AATF"
"HDAC1","ROR2","AATF"
"HDAC1","IFIH1","AATF"
"HDAC1","CHUK","CD3E"
"HDAC1","RPS6KA2","CD3E"
"HDAC1","PTEN","CD3E"
"HDAC1","MAPK8","CD3E"
"HDAC1","MTOR","CD3E"
"HDAC1","MAPK1","CD3E"
"HDAC1","PTPN1","CD3E"
"HDAC1","Gbeta","CD3E"
"HDAC1","KRAS","CD3E"
"HDAC1","KIT","CD3E"
"HDAC1","PTPRJ","CD3E"
"HDAC1","RPS6KB1","CD3E"
"HDAC1","PDPK1","CD3E"
"HDAC1","MAML3","CD3E"
"HDAC1","MAP3K14","CD3E"
"HDAC1","MAP2K1","CD3E"
"HDAC1","GSK3B","CD3E"
"HDAC1","TGFBR2","CD3E"
"HDAC1","PPP1R2","CD3E"
"HDAC1","CDK5","CD3E"
"HDAC1","AKT","CD3E"
"HDAC1","WWTR1","CD3E"
"HDAC1","RACK1","CD3E"
"HDAC1","PXN","CD3E"
"HDAC1","ITK","CD3E"
"HDAC1","NCK1","CD3E"
"HDAC1","TNK2","CD3E"
"HDAC1","STAT1","CD3E"
"HDAC1","MAPK10","CD3E"
"HDAC1","DYRK1B","CD3E"
"HDAC1","JAK1","CD3E"
"HDAC1","PTPN7","CD3E"
"HDAC1","CDKN2A","CD3E"
"HDAC1","MAP4K1","CD3E"
"HDAC1","EPS15","CD3E"
"HDAC1","MAPK8IP3","CD3E"
"HDAC1","DUSP16","CD3E"
"HDAC1","EPHA2","CD3E"
"HDAC1","PTPRR","CD3E"
"HDAC1","NEK6","CD3E"
"HDAC1","PRKCI","CD3E"
"HDAC1","CTNND1","CD3E"
"HDAC1","PARD6A","CD3E"
"HDAC1","CEP192","CD3E"
"HDAC1","ESR1","CD3E"
"HDAC1","ARRB2","CD3E"
"HDAC1","INPP5D","CD3E"
"HDAC1","GAB2","CD3E"
"HDAC1","BCAR1","CD3E"
"HDAC1","NOTCH","CD3E"
"HDAC1","NCOA1","CD3E"
"HDAC1","FERMT2","CD3E"
"HDAC1","ZMIZ1","CD3E"
"HDAC1","OPTN","CD3E"
"HDAC1","SPRY2","CD3E"
"HDAC1","BCR-Dl","CD3E"
"HDAC1","ROR2","CD3E"
"HDAC1","SH2B3","CD3E"
"HDAC1","DAB1","CD3E"
"HDAC1","PLCG2","CD3E"
"HDAC1","MAP3K8","TP73"
"HDAC1","CHUK","HCN2"
"HDAC1","MTOR","HCN2"
"HDAC1","AKT1","HCN2"
"HDAC1","PRKCD","HCN2"
"HDAC1","Gbeta","HCN2"
"HDAC1","KRAS","HCN2"
"HDAC1","KIT","HCN2"
"HDAC1","EIF2AK2","HCN2"
"HDAC1","PDPK1","HCN2"
"HDAC1","MAML3","HCN2"
"HDAC1","MAP2K1","HCN2"
"HDAC1","TGFBR2","HCN2"
"HDAC1","PPP1R2","HCN2"
"HDAC1","AKT","HCN2"
"HDAC1","MAPK9","HCN2"
"HDAC1","RACK1","HCN2"
"HDAC1","PRKD1","HCN2"
"HDAC1","ABL2","HCN2"
"HDAC1","FBXW7","HCN2"
"HDAC1","ITK","HCN2"
"HDAC1","AHSA1","HCN2"
"HDAC1","TNK2","HCN2"
"HDAC1","YAP1","HCN2"
"HDAC1","CD19","HCN2"
"HDAC1","DYRK1B","HCN2"
"HDAC1","MEK1/2","HCN2"
"HDAC1","CDKN2A","HCN2"
"HDAC1","MAP4K1","HCN2"
"HDAC1","EPS15","HCN2"
"HDAC1","MAPK8IP3","HCN2"
"HDAC1","MAPKAPK5","HCN2"
"HDAC1","DUSP16","HCN2"
"HDAC1","PTPRR","HCN2"
"HDAC1","BDKRB2","HCN2"
"HDAC1","FLT4","HCN2"
"HDAC1","PTK2B","HCN2"
"HDAC1","PIN1","HCN2"
"HDAC1","GRIP1","HCN2"
"HDAC1","ESR1","HCN2"
"HDAC1","ARRB2","HCN2"
"HDAC1","GAB2","HCN2"
"HDAC1","BCR-Dk","HCN2"
"HDAC1","BCAR1","HCN2"
"HDAC1","NOTCH","HCN2"
"HDAC1","FERMT2","HCN2"
"HDAC1","ZMIZ1","HCN2"
"HDAC1","OPTN","HCN2"
"HDAC1","SPRY2","HCN2"
"HDAC1","DDX58","HCN2"
"HDAC1","ROR2","HCN2"
"HDAC1","DAB1","HCN2"
"HDAC1","BCR-Mk","HCN2"
"HDAC1","MTOR","ACACA"
"HDAC1","Gbeta","ACACA"
"HDAC1","PTPRJ","ACACA"
"HDAC1","MAP3K14","ACACA"
"HDAC1","MAP2K1","ACACA"
"HDAC1","TGFBR2","ACACA"
"HDAC1","CDK5","ACACA"
"HDAC1","MAPK9","ACACA"
"HDAC1","RACK1","ACACA"
"HDAC1","PXN","ACACA"
"HDAC1","PRKD1","ACACA"
"HDAC1","FBXW7","ACACA"
"HDAC1","ITK","ACACA"
"HDAC1","NCK1","ACACA"
"HDAC1","AHSA1","ACACA"
"HDAC1","BTK","ACACA"
"HDAC1","YAP1","ACACA"
"HDAC1","CD19","ACACA"
"HDAC1","HSP90AB1","ACACA"
"HDAC1","MAP2K2","ACACA"
"HDAC1","DYRK1B","ACACA"
"HDAC1","JAK1","ACACA"
"HDAC1","EPS15","ACACA"
"HDAC1","MAPKAPK5","ACACA"
"HDAC1","EPHA2","ACACA"
"HDAC1","BDKRB2","ACACA"
"HDAC1","BMX","ACACA"
"HDAC1","PTK2B","ACACA"
"HDAC1","SNW1","ACACA"
"HDAC1","CEP192","ACACA"
"HDAC1","INPP5D","ACACA"
"HDAC1","BCR-Dk","ACACA"
"HDAC1","BCAR1","ACACA"
"HDAC1","FERMT2","ACACA"
"HDAC1","ZMIZ1","ACACA"
"HDAC1","TAB3","ACACA"
"HDAC1","SPRY2","ACACA"
"HDAC1","BCR-Dl","ACACA"
"HDAC1","IFIH1","ACACA"
"HDAC1","SH2B3","ACACA"
"HDAC1","DAB1","ACACA"
"HDAC1","BCR-Mk","ACACA"
"HDAC1","CHUK","VAMP2"
"HDAC1","RPS6KA2","VAMP2"
"HDAC1","PTEN","VAMP2"
"HDAC1","AKT1","VAMP2"
"HDAC1","PRKCD","VAMP2"
"HDAC1","MAPK1","VAMP2"
"HDAC1","MAP2K1","VAMP2"
"HDAC1","AKT","VAMP2"
"HDAC1","WWTR1","VAMP2"
"HDAC1","RACK1","VAMP2"
"HDAC1","PRKD1","VAMP2"
"HDAC1","FBXW7","VAMP2"
"HDAC1","BTK","VAMP2"
"HDAC1","TNK2","VAMP2"
"HDAC1","STAT1","VAMP2"
"HDAC1","JAK1","VAMP2"
"HDAC1","PTPN7","VAMP2"
"HDAC1","MAP4K1","VAMP2"
"HDAC1","EPS15","VAMP2"
"HDAC1","IKK-complex","VAMP2"
"HDAC1","MAPK8IP3","VAMP2"
"HDAC1","DUSP16","VAMP2"
"HDAC1","PTPRR","VAMP2"
"HDAC1","BDKRB2","VAMP2"
"HDAC1","FLT4","VAMP2"
"HDAC1","PTK2B","VAMP2"
"HDAC1","PARD6A","VAMP2"
"HDAC1","CEP192","VAMP2"
"HDAC1","GAB1","VAMP2"
"HDAC1","ESR1","VAMP2"
"HDAC1","EZH2","VAMP2"
"HDAC1","BCR-Dk","VAMP2"
"HDAC1","BCAR1","VAMP2"
"HDAC1","FERMT2","VAMP2"
"HDAC1","NPM1","VAMP2"
"HDAC1","GCSAM","VAMP2"
"HDAC1","ROR2","VAMP2"
"HDAC1","IFIH1","VAMP2"
"HDAC1","SH2B3","VAMP2"
"HDAC1","BCR-Mk","VAMP2"
"HDAC1","CHUK","METTL3"
"HDAC1","SRC","METTL3"
"HDAC1","PTEN","METTL3"
"HDAC1","MAPK8","METTL3"
"HDAC1","MTOR","METTL3"
"HDAC1","AKT1","METTL3"
"HDAC1","PRKCD","METTL3"
"HDAC1","PTPN1","METTL3"
"HDAC1","Gbeta","METTL3"
"HDAC1","PTPRJ","METTL3"
"HDAC1","EIF2AK2","METTL3"
"HDAC1","MAP2K1","METTL3"
"HDAC1","GSK3B","METTL3"
"HDAC1","TGFBR2","METTL3"
"HDAC1","AKT","METTL3"
"HDAC1","WWTR1","METTL3"
"HDAC1","PRKD1","METTL3"
"HDAC1","FBXW7","METTL3"
"HDAC1","ITK","METTL3"
"HDAC1","TNK2","METTL3"
"HDAC1","YAP1","METTL3"
"HDAC1","CD19","METTL3"
"HDAC1","STAT1","METTL3"
"HDAC1","DVL2","METTL3"
"HDAC1","MEK1/2","METTL3"
"HDAC1","JAK1","METTL3"
"HDAC1","CDKN2A","METTL3"
"HDAC1","MAP4K1","METTL3"
"HDAC1","EPS15","METTL3"
"HDAC1","PTPRR","METTL3"
"HDAC1","FLT4","METTL3"
"HDAC1","PTK2B","METTL3"
"HDAC1","PIN1","METTL3"
"HDAC1","PARD6A","METTL3"
"HDAC1","EZH2","METTL3"
"HDAC1","BCAR1","METTL3"
"HDAC1","NCOA1","METTL3"
"HDAC1","FERMT2","METTL3"
"HDAC1","ZMIZ1","METTL3"
"HDAC1","NPM1","METTL3"
"HDAC1","BCR-Dl","METTL3"
"HDAC1","DDX58","METTL3"
"HDAC1","ROR2","METTL3"
"HDAC1","IFIH1","METTL3"
"HDAC1","BCR-Mk","METTL3"
"HDAC1","PLCG2","METTL3"
"HDAC1","CHUK","SHC3"
"HDAC1","PTEN","SHC3"
"HDAC1","MAPK8","SHC3"
"HDAC1","MTOR","SHC3"
"HDAC1","AKT1","SHC3"
"HDAC1","MAPK1","SHC3"
"HDAC1","PTPN1","SHC3"
"HDAC1","KRAS","SHC3"
"HDAC1","KIT","SHC3"
"HDAC1","PTPRJ","SHC3"
"HDAC1","RPS6KB1","SHC3"
"HDAC1","EIF2AK2","SHC3"
"HDAC1","PDPK1","SHC3"
"HDAC1","MAML3","SHC3"
"HDAC1","MAP3K14","SHC3"
"HDAC1","MAP2K1","SHC3"
"HDAC1","CDK5","SHC3"
"HDAC1","MAPK9","SHC3"
"HDAC1","DAPK1","SHC3"
"HDAC1","PRKD1","SHC3"
"HDAC1","FBXW7","SHC3"
"HDAC1","ITK","SHC3"
"HDAC1","NCK1","SHC3"
"HDAC1","TNK2","SHC3"
"HDAC1","HSP90AB1","SHC3"
"HDAC1","MAP2K2","SHC3"
"HDAC1","MEK1/2","SHC3"
"HDAC1","JAK1","SHC3"
"HDAC1","MAP4K1","SHC3"
"HDAC1","MAPKAPK5","SHC3"
"HDAC1","DUSP16","SHC3"
"HDAC1","EPHA2","SHC3"
"HDAC1","PTPRR","SHC3"
"HDAC1","BDKRB2","SHC3"
"HDAC1","PTK2B","SHC3"
"HDAC1","SNW1","SHC3"
"HDAC1","NEK6","SHC3"
"HDAC1","PRKCI","SHC3"
"HDAC1","PIN1","SHC3"
"HDAC1","CEP192","SHC3"
"HDAC1","ESR1","SHC3"
"HDAC1","ARRB2","SHC3"
"HDAC1","INPP5D","SHC3"
"HDAC1","EZH2","SHC3"
"HDAC1","BCR-Dk","SHC3"
"HDAC1","BCAR1","SHC3"
"HDAC1","TAB3","SHC3"
"HDAC1","DDX58","SHC3"
"HDAC1","DAB1","SHC3"
"HDAC1","BCR-Mk","SHC3"
"HDAC1","PLCG2","SHC3"
"HDAC1","RPS6KA2","KCNB1"
"HDAC1","MTOR","KCNB1"
"HDAC1","KRAS","KCNB1"
"HDAC1","KIT","KCNB1"
"HDAC1","PTPRJ","KCNB1"
"HDAC1","RPS6KB1","KCNB1"
"HDAC1","PDPK1","KCNB1"
"HDAC1","MAP3K14","KCNB1"
"HDAC1","PAK2","KCNB1"
"HDAC1","CDK5","KCNB1"
"HDAC1","WWTR1","KCNB1"
"HDAC1","RACK1","KCNB1"
"HDAC1","PRKD1","KCNB1"
"HDAC1","FBXW7","KCNB1"
"HDAC1","ITK","KCNB1"
"HDAC1","AHSA1","KCNB1"
"HDAC1","TNK2","KCNB1"
"HDAC1","HSP90AB1","KCNB1"
"HDAC1","DVL2","KCNB1"
"HDAC1","MAP2K2","KCNB1"
"HDAC1","DYRK1B","KCNB1"
"HDAC1","PTPN7","KCNB1"
"HDAC1","MAP4K1","KCNB1"
"HDAC1","IKK-complex","KCNB1"
"HDAC1","SHC1","KCNB1"
"HDAC1","MAP3K8","KCNB1"
"HDAC1","PTPRR","KCNB1"
"HDAC1","FLT4","KCNB1"
"HDAC1","BMX","KCNB1"
"HDAC1","SNW1","KCNB1"
"HDAC1","NEK6","KCNB1"
"HDAC1","PIN1","KCNB1"
"HDAC1","CEP192","KCNB1"
"HDAC1","GAB1","KCNB1"
"HDAC1","GRIP1","KCNB1"
"HDAC1","GAB2","KCNB1"
"HDAC1","EZH2","KCNB1"
"HDAC1","BCR-Dk","KCNB1"
"HDAC1","BCAR1","KCNB1"
"HDAC1","BCR-Ml","KCNB1"
"HDAC1","NOTCH","KCNB1"
"HDAC1","NCOA1","KCNB1"
"HDAC1","ZMIZ1","KCNB1"
"HDAC1","NPM1","KCNB1"
"HDAC1","OPTN","KCNB1"
"HDAC1","ROR2","KCNB1"
"HDAC1","IFIH1","KCNB1"
"HDAC1","BCR-Mk","KCNB1"
"HDAC1","PLCG2","KCNB1"
"HDAC1","RPS6KA2","NFATC4"
"HDAC1","PTEN","NFATC4"
"HDAC1","PRKCD","NFATC4"
"HDAC1","MAPK1","NFATC4"
"HDAC1","PTPN1","NFATC4"
"HDAC1","Gbeta","NFATC4"
"HDAC1","KIT","NFATC4"
"HDAC1","PTPRJ","NFATC4"
"HDAC1","RPS6KB1","NFATC4"
"HDAC1","EIF2AK2","NFATC4"
"HDAC1","MAML3","NFATC4"
"HDAC1","TGFBR2","NFATC4"
"HDAC1","PAK2","NFATC4"
"HDAC1","CDK5","NFATC4"
"HDAC1","AKT","NFATC4"
"HDAC1","DAPK1","NFATC4"
"HDAC1","PXN","NFATC4"
"HDAC1","FBXW7","NFATC4"
"HDAC1","ITK","NFATC4"
"HDAC1","BTK","NFATC4"
"HDAC1","TNK2","NFATC4"
"HDAC1","CD19","NFATC4"
"HDAC1","MAP2K2","NFATC4"
"HDAC1","DYRK1B","NFATC4"
"HDAC1","JAK1","NFATC4"
"HDAC1","PTPN7","NFATC4"
"HDAC1","DUSP16","NFATC4"
"HDAC1","EPHA2","NFATC4"
"HDAC1","PTPRR","NFATC4"
"HDAC1","FLT4","NFATC4"
"HDAC1","SNW1","NFATC4"
"HDAC1","PRKCI","NFATC4"
"HDAC1","PIN1","NFATC4"
"HDAC1","PARD6A","NFATC4"
"HDAC1","CEP192","NFATC4"
"HDAC1","GAB1","NFATC4"
"HDAC1","PTPRA","NFATC4"
"HDAC1","GRIP1","NFATC4"
"HDAC1","ESR1","NFATC4"
"HDAC1","ARRB2","NFATC4"
"HDAC1","INPP5D","NFATC4"
"HDAC1","EZH2","NFATC4"
"HDAC1","BCAR1","NFATC4"
"HDAC1","ZMIZ1","NFATC4"
"HDAC1","NPM1","NFATC4"
"HDAC1","SPRY2","NFATC4"
"HDAC1","DDX58","NFATC4"
"HDAC1","IFIH1","NFATC4"
"HDAC1","SH2B3","NFATC4"
"HDAC1","DAB1","NFATC4"
"HDAC1","BCR-Mk","NFATC4"
"HDAC1","CHUK","SP100"
"HDAC1","PTEN","SP100"
"HDAC1","MAPK8","SP100"
"HDAC1","MTOR","SP100"
"HDAC1","Gbeta","SP100"
"HDAC1","KRAS","SP100"
"HDAC1","KIT","SP100"
"HDAC1","MAML3","SP100"
"HDAC1","MAP2K1","SP100"
"HDAC1","TGFBR2","SP100"
"HDAC1","DAPK1","SP100"
"HDAC1","PXN","SP100"
"HDAC1","PRKD1","SP100"
"HDAC1","ABL2","SP100"
"HDAC1","FBXW7","SP100"
"HDAC1","ITK","SP100"
"HDAC1","AHSA1","SP100"
"HDAC1","BTK","SP100"
"HDAC1","YAP1","SP100"
"HDAC1","STAT1","SP100"
"HDAC1","MAP2K2","SP100"
"HDAC1","MAPK10","SP100"
"HDAC1","DYRK1B","SP100"
"HDAC1","MEK1/2","SP100"
"HDAC1","PTPN7","SP100"
"HDAC1","EPS15","SP100"
"HDAC1","IKK-complex","SP100"
"HDAC1","DUSP16","SP100"
"HDAC1","FLT4","SP100"
"HDAC1","BMX","SP100"
"HDAC1","PTK2B","SP100"
"HDAC1","NEK6","SP100"
"HDAC1","CEP192","SP100"
"HDAC1","ESR1","SP100"
"HDAC1","INPP5D","SP100"
"HDAC1","GAB2","SP100"
"HDAC1","BCR-Dk","SP100"
"HDAC1","BCR-Ml","SP100"
"HDAC1","NCOA1","SP100"
"HDAC1","FERMT2","SP100"
"HDAC1","NPM1","SP100"
"HDAC1","GCSAM","SP100"
"HDAC1","SPRY2","SP100"
"HDAC1","ROR2","SP100"
"HDAC1","IFIH1","SP100"
"HDAC1","DAB1","SP100"
"HDAC1","BCR-Mk","SP100"
"HDAC1","PLCG2","SP100"
"HDAC1","SRC","DCX"
"HDAC1","RPS6KA2","DCX"
"HDAC1","PRKCD","DCX"
"HDAC1","MAPK1","DCX"
"HDAC1","PTPRJ","DCX"
"HDAC1","PDPK1","DCX"
"HDAC1","MAML3","DCX"
"HDAC1","RACK1","DCX"
"HDAC1","DAPK1","DCX"
"HDAC1","PXN","DCX"
"HDAC1","ABL2","DCX"
"HDAC1","FBXW7","DCX"
"HDAC1","ITK","DCX"
"HDAC1","NCK1","DCX"
"HDAC1","BTK","DCX"
"HDAC1","YAP1","DCX"
"HDAC1","CD19","DCX"
"HDAC1","STAT1","DCX"
"HDAC1","HSP90AB1","DCX"
"HDAC1","MAP2K2","DCX"
"HDAC1","MAPK10","DCX"
"HDAC1","PTPN7","DCX"
"HDAC1","CDKN2A","DCX"
"HDAC1","MAP4K1","DCX"
"HDAC1","EPS15","DCX"
"HDAC1","MAPK8IP3","DCX"
"HDAC1","AXIN1","DCX"
"HDAC1","MAPKAPK5","DCX"
"HDAC1","EPHA2","DCX"
"HDAC1","PTPRR","DCX"
"HDAC1","BDKRB2","DCX"
"HDAC1","CTNND1","DCX"
"HDAC1","PIN1","DCX"
"HDAC1","PARD6A","DCX"
"HDAC1","GAB1","DCX"
"HDAC1","GRIP1","DCX"
"HDAC1","ESR1","DCX"
"HDAC1","INPP5D","DCX"
"HDAC1","BCR-Dk","DCX"
"HDAC1","NOTCH","DCX"
"HDAC1","TAB3","DCX"
"HDAC1","NPM1","DCX"
"HDAC1","GCSAM","DCX"
"HDAC1","OPTN","DCX"
"HDAC1","SPRY2","DCX"
"HDAC1","DDX58","DCX"
"HDAC1","ROR2","DCX"
"HDAC1","PLCG2","DCX"
"HDAC1","CHUK","RACGAP1"
"HDAC1","MTOR","RACGAP1"
"HDAC1","AKT1","RACGAP1"
"HDAC1","PRKCD","RACGAP1"
"HDAC1","PTPN1","RACGAP1"
"HDAC1","KRAS","RACGAP1"
"HDAC1","KIT","RACGAP1"
"HDAC1","EIF2AK2","RACGAP1"
"HDAC1","MAP2K1","RACGAP1"
"HDAC1","GSK3B","RACGAP1"
"HDAC1","TGFBR2","RACGAP1"
"HDAC1","PAK2","RACGAP1"
"HDAC1","PPP1R2","RACGAP1"
"HDAC1","WWTR1","RACGAP1"
"HDAC1","PXN","RACGAP1"
"HDAC1","PRKD1","RACGAP1"
"HDAC1","FBXW7","RACGAP1"
"HDAC1","NCK1","RACGAP1"
"HDAC1","AHSA1","RACGAP1"
"HDAC1","TNK2","RACGAP1"
"HDAC1","YAP1","RACGAP1"
"HDAC1","STAT1","RACGAP1"
"HDAC1","MAPK10","RACGAP1"
"HDAC1","DYRK1B","RACGAP1"
"HDAC1","PTPN7","RACGAP1"
"HDAC1","AXIN1","RACGAP1"
"HDAC1","MAPKAPK5","RACGAP1"
"HDAC1","EPHA2","RACGAP1"
"HDAC1","PTPRR","RACGAP1"
"HDAC1","BDKRB2","RACGAP1"
"HDAC1","FLT4","RACGAP1"
"HDAC1","BMX","RACGAP1"
"HDAC1","NEK6","RACGAP1"
"HDAC1","PIN1","RACGAP1"
"HDAC1","PARD6A","RACGAP1"
"HDAC1","GAB1","RACGAP1"
"HDAC1","ARRB2","RACGAP1"
"HDAC1","INPP5D","RACGAP1"
"HDAC1","GAB2","RACGAP1"
"HDAC1","EZH2","RACGAP1"
"HDAC1","BCAR1","RACGAP1"
"HDAC1","BCR-Ml","RACGAP1"
"HDAC1","ZMIZ1","RACGAP1"
"HDAC1","TAB3","RACGAP1"
"HDAC1","NPM1","RACGAP1"
"HDAC1","BCR-Dl","RACGAP1"
"HDAC1","ROR2","RACGAP1"
"HDAC1","IFIH1","RACGAP1"
"HDAC1","SH2B3","RACGAP1"
"HDAC1","SRC","PIAS2"
"HDAC1","RPS6KA2","PIAS2"
"HDAC1","PTEN","PIAS2"
"HDAC1","MTOR","PIAS2"
"HDAC1","PRKCD","PIAS2"
"HDAC1","MAPK1","PIAS2"
"HDAC1","PTPN1","PIAS2"
"HDAC1","Gbeta","PIAS2"
"HDAC1","KRAS","PIAS2"
"HDAC1","KIT","PIAS2"
"HDAC1","RPS6KB1","PIAS2"
"HDAC1","EIF2AK2","PIAS2"
"HDAC1","MAP3K14","PIAS2"
"HDAC1","GSK3B","PIAS2"
"HDAC1","PAK2","PIAS2"
"HDAC1","PPP1R2","PIAS2"
"HDAC1","CDK5","PIAS2"
"HDAC1","AKT","PIAS2"
"HDAC1","RACK1","PIAS2"
"HDAC1","DAPK1","PIAS2"
"HDAC1","PXN","PIAS2"
"HDAC1","PRKD1","PIAS2"
"HDAC1","FBXW7","PIAS2"
"HDAC1","ITK","PIAS2"
"HDAC1","AHSA1","PIAS2"
"HDAC1","TNK2","PIAS2"
"HDAC1","YAP1","PIAS2"
"HDAC1","HSP90AB1","PIAS2"
"HDAC1","DVL2","PIAS2"
"HDAC1","JAK1","PIAS2"
"HDAC1","CDKN2A","PIAS2"
"HDAC1","SHC1","PIAS2"
"HDAC1","DUSP16","PIAS2"
"HDAC1","BDKRB2","PIAS2"
"HDAC1","PTK2B","PIAS2"
"HDAC1","CTNND1","PIAS2"
"HDAC1","PTPRA","PIAS2"
"HDAC1","GRIP1","PIAS2"
"HDAC1","ARRB2","PIAS2"
"HDAC1","INPP5D","PIAS2"
"HDAC1","GAB2","PIAS2"
"HDAC1","NCOA1","PIAS2"
"HDAC1","FERMT2","PIAS2"
"HDAC1","ZMIZ1","PIAS2"
"HDAC1","TAB3","PIAS2"
"HDAC1","GCSAM","PIAS2"
"HDAC1","SH2B3","PIAS2"
"HDAC1","DAB1","PIAS2"
"HDAC1","PLCG2","PIAS2"
"HDAC1","CHUK","BUB1B"
"HDAC1","SRC","BUB1B"
"HDAC1","MAPK8","BUB1B"
"HDAC1","PRKCD","BUB1B"
"HDAC1","PTPN1","BUB1B"
"HDAC1","Gbeta","BUB1B"
"HDAC1","PTPRJ","BUB1B"
"HDAC1","PDPK1","BUB1B"
"HDAC1","MAML3","BUB1B"
"HDAC1","GSK3B","BUB1B"
"HDAC1","TGFBR2","BUB1B"
"HDAC1","CDK5","BUB1B"
"HDAC1","AKT","BUB1B"
"HDAC1","RACK1","BUB1B"
"HDAC1","DAPK1","BUB1B"
"HDAC1","PXN","BUB1B"
"HDAC1","PRKD1","BUB1B"
"HDAC1","ABL2","BUB1B"
"HDAC1","AHSA1","BUB1B"
"HDAC1","YAP1","BUB1B"
"HDAC1","CD19","BUB1B"
"HDAC1","DVL2","BUB1B"
"HDAC1","MAP2K2","BUB1B"
"HDAC1","DYRK1B","BUB1B"
"HDAC1","JAK1","BUB1B"
"HDAC1","PTPN7","BUB1B"
"HDAC1","CDKN2A","BUB1B"
"HDAC1","MAP4K1","BUB1B"
"HDAC1","IKK-complex","BUB1B"
"HDAC1","SHC1","BUB1B"
"HDAC1","AXIN1","BUB1B"
"HDAC1","DUSP16","BUB1B"
"HDAC1","PTPRR","BUB1B"
"HDAC1","BDKRB2","BUB1B"
"HDAC1","BMX","BUB1B"
"HDAC1","SNW1","BUB1B"
"HDAC1","CTNND1","BUB1B"
"HDAC1","PIN1","BUB1B"
"HDAC1","PARD6A","BUB1B"
"HDAC1","PTPRA","BUB1B"
"HDAC1","GAB2","BUB1B"
"HDAC1","EZH2","BUB1B"
"HDAC1","BCR-Ml","BUB1B"
"HDAC1","NCOA1","BUB1B"
"HDAC1","NPM1","BUB1B"
"HDAC1","GCSAM","BUB1B"
"HDAC1","SPRY2","BUB1B"
"HDAC1","BCR-Dl","BUB1B"
"HDAC1","DDX58","BUB1B"
"HDAC1","IFIH1","BUB1B"
"HDAC1","BCR-Mk","BUB1B"
"HDAC1","CHUK","LRP1"
"HDAC1","RPS6KA2","LRP1"
"HDAC1","PTEN","LRP1"
"HDAC1","MTOR","LRP1"
"HDAC1","MAPK1","LRP1"
"HDAC1","KRAS","LRP1"
"HDAC1","PTPRJ","LRP1"
"HDAC1","EIF2AK2","LRP1"
"HDAC1","PDPK1","LRP1"
"HDAC1","AKT","LRP1"
"HDAC1","MAPK9","LRP1"
"HDAC1","WWTR1","LRP1"
"HDAC1","RACK1","LRP1"
"HDAC1","PXN","LRP1"
"HDAC1","ITK","LRP1"
"HDAC1","NCK1","LRP1"
"HDAC1","AHSA1","LRP1"
"HDAC1","TNK2","LRP1"
"HDAC1","CD19","LRP1"
"HDAC1","STAT1","LRP1"
"HDAC1","HSP90AB1","LRP1"
"HDAC1","DVL2","LRP1"
"HDAC1","MAP2K2","LRP1"
"HDAC1","MAPK10","LRP1"
"HDAC1","MEK1/2","LRP1"
"HDAC1","JAK1","LRP1"
"HDAC1","MAP4K1","LRP1"
"HDAC1","IKK-complex","LRP1"
"HDAC1","MAPK8IP3","LRP1"
"HDAC1","AXIN1","LRP1"
"HDAC1","MAPKAPK5","LRP1"
"HDAC1","DUSP16","LRP1"
"HDAC1","PTPRR","LRP1"
"HDAC1","BDKRB2","LRP1"
"HDAC1","FLT4","LRP1"
"HDAC1","NEK6","LRP1"
"HDAC1","CTNND1","LRP1"
"HDAC1","PIN1","LRP1"
"HDAC1","PARD6A","LRP1"
"HDAC1","CEP192","LRP1"
"HDAC1","GRIP1","LRP1"
"HDAC1","ESR1","LRP1"
"HDAC1","BCAR1","LRP1"
"HDAC1","BCR-Ml","LRP1"
"HDAC1","NOTCH","LRP1"
"HDAC1","FERMT2","LRP1"
"HDAC1","NPM1","LRP1"
"HDAC1","OPTN","LRP1"
"HDAC1","DDX58","LRP1"
"HDAC1","SH2B3","LRP1"
"HDAC1","CHUK","NR5A1"
"HDAC1","MTOR","NR5A1"
"HDAC1","AKT1","NR5A1"
"HDAC1","PTPN1","NR5A1"
"HDAC1","Gbeta","NR5A1"
"HDAC1","KRAS","NR5A1"
"HDAC1","KIT","NR5A1"
"HDAC1","PTPRJ","NR5A1"
"HDAC1","EIF2AK2","NR5A1"
"HDAC1","MAML3","NR5A1"
"HDAC1","TGFBR2","NR5A1"
"HDAC1","PAK2","NR5A1"
"HDAC1","CDK5","NR5A1"
"HDAC1","AKT","NR5A1"
"HDAC1","MAPK9","NR5A1"
"HDAC1","WWTR1","NR5A1"
"HDAC1","RACK1","NR5A1"
"HDAC1","FBXW7","NR5A1"
"HDAC1","BTK","NR5A1"
"HDAC1","YAP1","NR5A1"
"HDAC1","CD19","NR5A1"
"HDAC1","HSP90AB1","NR5A1"
"HDAC1","MAP2K2","NR5A1"
"HDAC1","MAPK10","NR5A1"
"HDAC1","DYRK1B","NR5A1"
"HDAC1","SHC1","NR5A1"
"HDAC1","AXIN1","NR5A1"
"HDAC1","DUSP16","NR5A1"
"HDAC1","BDKRB2","NR5A1"
"HDAC1","BMX","NR5A1"
"HDAC1","PTK2B","NR5A1"
"HDAC1","SNW1","NR5A1"
"HDAC1","NEK6","NR5A1"
"HDAC1","PRKCI","NR5A1"
"HDAC1","CTNND1","NR5A1"
"HDAC1","PIN1","NR5A1"
"HDAC1","PARD6A","NR5A1"
"HDAC1","CEP192","NR5A1"
"HDAC1","GAB1","NR5A1"
"HDAC1","ESR1","NR5A1"
"HDAC1","ARRB2","NR5A1"
"HDAC1","INPP5D","NR5A1"
"HDAC1","GAB2","NR5A1"
"HDAC1","EZH2","NR5A1"
"HDAC1","BCR-Dk","NR5A1"
"HDAC1","BCAR1","NR5A1"
"HDAC1","NOTCH","NR5A1"
"HDAC1","NCOA1","NR5A1"
"HDAC1","FERMT2","NR5A1"
"HDAC1","ZMIZ1","NR5A1"
"HDAC1","TAB3","NR5A1"
"HDAC1","GCSAM","NR5A1"
"HDAC1","SPRY2","NR5A1"
"HDAC1","BCR-Dl","NR5A1"
"HDAC1","DDX58","NR5A1"
"HDAC1","IFIH1","NR5A1"
"HDAC1","DAB1","NR5A1"
"HDAC1","BCR-Mk","NR5A1"
"HDAC1","PLCG2","NR5A1"
"HDAC1","RPS6KA2","MAZ"
"HDAC1","PTEN","MAZ"
"HDAC1","MAPK8","MAZ"
"HDAC1","MTOR","MAZ"
"HDAC1","PRKCD","MAZ"
"HDAC1","MAPK1","MAZ"
"HDAC1","PTPN1","MAZ"
"HDAC1","RPS6KB1","MAZ"
"HDAC1","PDPK1","MAZ"
"HDAC1","MAML3","MAZ"
"HDAC1","GSK3B","MAZ"
"HDAC1","PAK2","MAZ"
"HDAC1","AKT","MAZ"
"HDAC1","RACK1","MAZ"
"HDAC1","PRKD1","MAZ"
"HDAC1","NCK1","MAZ"
"HDAC1","AHSA1","MAZ"
"HDAC1","BTK","MAZ"
"HDAC1","TNK2","MAZ"
"HDAC1","YAP1","MAZ"
"HDAC1","HSP90AB1","MAZ"
"HDAC1","MEK1/2","MAZ"
"HDAC1","JAK1","MAZ"
"HDAC1","IKK-complex","MAZ"
"HDAC1","SHC1","MAZ"
"HDAC1","MAPKAPK5","MAZ"
"HDAC1","EPHA2","MAZ"
"HDAC1","NEK6","MAZ"
"HDAC1","PRKCI","MAZ"
"HDAC1","CTNND1","MAZ"
"HDAC1","PIN1","MAZ"
"HDAC1","CEP192","MAZ"
"HDAC1","GAB1","MAZ"
"HDAC1","GRIP1","MAZ"
"HDAC1","ESR1","MAZ"
"HDAC1","ARRB2","MAZ"
"HDAC1","EZH2","MAZ"
"HDAC1","BCR-Dk","MAZ"
"HDAC1","BCR-Ml","MAZ"
"HDAC1","NOTCH","MAZ"
"HDAC1","NCOA1","MAZ"
"HDAC1","FERMT2","MAZ"
"HDAC1","ZMIZ1","MAZ"
"HDAC1","NPM1","MAZ"
"HDAC1","OPTN","MAZ"
"HDAC1","IFIH1","MAZ"
"HDAC1","DAB1","MAZ"
"HDAC1","CHUK","SCN8A"
"HDAC1","SRC","SCN8A"
"HDAC1","RPS6KA2","SCN8A"
"HDAC1","MAPK8","SCN8A"
"HDAC1","MTOR","SCN8A"
"HDAC1","AKT1","SCN8A"
"HDAC1","PRKCD","SCN8A"
"HDAC1","PTPN1","SCN8A"
"HDAC1","PTPRJ","SCN8A"
"HDAC1","RPS6KB1","SCN8A"
"HDAC1","MAP2K1","SCN8A"
"HDAC1","TGFBR2","SCN8A"
"HDAC1","PAK2","SCN8A"
"HDAC1","WWTR1","SCN8A"
"HDAC1","RACK1","SCN8A"
"HDAC1","DAPK1","SCN8A"
"HDAC1","PRKD1","SCN8A"
"HDAC1","YAP1","SCN8A"
"HDAC1","CD19","SCN8A"
"HDAC1","STAT1","SCN8A"
"HDAC1","HSP90AB1","SCN8A"
"HDAC1","DVL2","SCN8A"
"HDAC1","MAP2K2","SCN8A"
"HDAC1","DYRK1B","SCN8A"
"HDAC1","MEK1/2","SCN8A"
"HDAC1","PTPN7","SCN8A"
"HDAC1","MAP4K1","SCN8A"
"HDAC1","SHC1","SCN8A"
"HDAC1","MAPK8IP3","SCN8A"
"HDAC1","AXIN1","SCN8A"
"HDAC1","MAPKAPK5","SCN8A"
"HDAC1","DUSP16","SCN8A"
"HDAC1","EPHA2","SCN8A"
"HDAC1","PTPRR","SCN8A"
"HDAC1","BDKRB2","SCN8A"
"HDAC1","BMX","SCN8A"
"HDAC1","PTK2B","SCN8A"
"HDAC1","SNW1","SCN8A"
"HDAC1","CTNND1","SCN8A"
"HDAC1","GAB1","SCN8A"
"HDAC1","PTPRA","SCN8A"
"HDAC1","ESR1","SCN8A"
"HDAC1","ARRB2","SCN8A"
"HDAC1","GAB2","SCN8A"
"HDAC1","BCAR1","SCN8A"
"HDAC1","BCR-Ml","SCN8A"
"HDAC1","NOTCH","SCN8A"
"HDAC1","FERMT2","SCN8A"
"HDAC1","ZMIZ1","SCN8A"
"HDAC1","TAB3","SCN8A"
"HDAC1","NPM1","SCN8A"
"HDAC1","GCSAM","SCN8A"
"HDAC1","SPRY2","SCN8A"
"HDAC1","ROR2","SCN8A"
"HDAC1","IFIH1","SCN8A"
"HDAC1","SH2B3","SCN8A"
"HDAC1","DAB1","SCN8A"
"HDAC1","PLCG2","SCN8A"
"HDAC1","RPS6KA2","NDE1"
"HDAC1","PTEN","NDE1"
"HDAC1","AKT1","NDE1"
"HDAC1","PRKCD","NDE1"
"HDAC1","KRAS","NDE1"
"HDAC1","KIT","NDE1"
"HDAC1","PTPRJ","NDE1"
"HDAC1","RPS6KB1","NDE1"
"HDAC1","MAML3","NDE1"
"HDAC1","MAP3K14","NDE1"
"HDAC1","TGFBR2","NDE1"
"HDAC1","PPP1R2","NDE1"
"HDAC1","AKT","NDE1"
"HDAC1","MAPK9","NDE1"
"HDAC1","WWTR1","NDE1"
"HDAC1","RACK1","NDE1"
"HDAC1","PRKD1","NDE1"
"HDAC1","ABL2","NDE1"
"HDAC1","FBXW7","NDE1"
"HDAC1","ITK","NDE1"
"HDAC1","NCK1","NDE1"
"HDAC1","AHSA1","NDE1"
"HDAC1","BTK","NDE1"
"HDAC1","TNK2","NDE1"
"HDAC1","YAP1","NDE1"
"HDAC1","CD19","NDE1"
"HDAC1","STAT1","NDE1"
"HDAC1","HSP90AB1","NDE1"
"HDAC1","DVL2","NDE1"
"HDAC1","MAP2K2","NDE1"
"HDAC1","MAPK10","NDE1"
"HDAC1","DYRK1B","NDE1"
"HDAC1","JAK1","NDE1"
"HDAC1","PTPN7","NDE1"
"HDAC1","MAP4K1","NDE1"
"HDAC1","IKK-complex","NDE1"
"HDAC1","SHC1","NDE1"
"HDAC1","DUSP16","NDE1"
"HDAC1","PTPRR","NDE1"
"HDAC1","BDKRB2","NDE1"
"HDAC1","BMX","NDE1"
"HDAC1","PTK2B","NDE1"
"HDAC1","SNW1","NDE1"
"HDAC1","PRKCI","NDE1"
"HDAC1","PIN1","NDE1"
"HDAC1","PARD6A","NDE1"
"HDAC1","ARRB2","NDE1"
"HDAC1","GAB2","NDE1"
"HDAC1","NOTCH","NDE1"
"HDAC1","ZMIZ1","NDE1"
"HDAC1","OPTN","NDE1"
"HDAC1","SPRY2","NDE1"
"HDAC1","BCR-Mk","NDE1"
"HDAC1","RPS6KA2","DCTN1"
"HDAC1","MAPK8","DCTN1"
"HDAC1","MTOR","DCTN1"
"HDAC1","MAPK1","DCTN1"
"HDAC1","KIT","DCTN1"
"HDAC1","PTPRJ","DCTN1"
"HDAC1","MAP3K14","DCTN1"
"HDAC1","PPP1R2","DCTN1"
"HDAC1","AKT","DCTN1"
"HDAC1","MAPK9","DCTN1"
"HDAC1","RACK1","DCTN1"
"HDAC1","DAPK1","DCTN1"
"HDAC1","PXN","DCTN1"
"HDAC1","ITK","DCTN1"
"HDAC1","YAP1","DCTN1"
"HDAC1","CD19","DCTN1"
"HDAC1","HSP90AB1","DCTN1"
"HDAC1","DYRK1B","DCTN1"
"HDAC1","EPS15","DCTN1"
"HDAC1","IKK-complex","DCTN1"
"HDAC1","MAPK8IP3","DCTN1"
"HDAC1","MAPKAPK5","DCTN1"
"HDAC1","EPHA2","DCTN1"
"HDAC1","PTPRR","DCTN1"
"HDAC1","SNW1","DCTN1"
"HDAC1","CTNND1","DCTN1"
"HDAC1","PIN1","DCTN1"
"HDAC1","GAB1","DCTN1"
"HDAC1","PTPRA","DCTN1"
"HDAC1","GRIP1","DCTN1"
"HDAC1","ARRB2","DCTN1"
"HDAC1","EZH2","DCTN1"
"HDAC1","BCAR1","DCTN1"
"HDAC1","BCR-Ml","DCTN1"
"HDAC1","ZMIZ1","DCTN1"
"HDAC1","NPM1","DCTN1"
"HDAC1","OPTN","DCTN1"
"HDAC1","BCR-Dl","DCTN1"
"HDAC1","DDX58","DCTN1"
"HDAC1","BCR-Mk","DCTN1"
"HDAC1","PLCG2","DCTN1"
"HDAC1","RPS6KA2","CBLC"
"HDAC1","MAPK8","CBLC"
"HDAC1","MTOR","CBLC"
"HDAC1","AKT1","CBLC"
"HDAC1","MAPK1","CBLC"
"HDAC1","PTPN1","CBLC"
"HDAC1","Gbeta","CBLC"
"HDAC1","KRAS","CBLC"
"HDAC1","KIT","CBLC"
"HDAC1","PTPRJ","CBLC"
"HDAC1","EIF2AK2","CBLC"
"HDAC1","PDPK1","CBLC"
"HDAC1","GSK3B","CBLC"
"HDAC1","PAK2","CBLC"
"HDAC1","MAPK9","CBLC"
"HDAC1","WWTR1","CBLC"
"HDAC1","RACK1","CBLC"
"HDAC1","PXN","CBLC"
"HDAC1","CD19","CBLC"
"HDAC1","STAT1","CBLC"
"HDAC1","HSP90AB1","CBLC"
"HDAC1","DVL2","CBLC"
"HDAC1","MAP2K2","CBLC"
"HDAC1","DYRK1B","CBLC"
"HDAC1","PTPN7","CBLC"
"HDAC1","EPS15","CBLC"
"HDAC1","MAPK8IP3","CBLC"
"HDAC1","PTPRR","CBLC"
"HDAC1","BDKRB2","CBLC"
"HDAC1","FLT4","CBLC"
"HDAC1","SNW1","CBLC"
"HDAC1","NEK6","CBLC"
"HDAC1","PIN1","CBLC"
"HDAC1","PARD6A","CBLC"
"HDAC1","CEP192","CBLC"
"HDAC1","ARRB2","CBLC"
"HDAC1","GAB2","CBLC"
"HDAC1","BCR-Dk","CBLC"
"HDAC1","BCAR1","CBLC"
"HDAC1","BCR-Ml","CBLC"
"HDAC1","TAB3","CBLC"
"HDAC1","NPM1","CBLC"
"HDAC1","OPTN","CBLC"
"HDAC1","SPRY2","CBLC"
"HDAC1","DDX58","CBLC"
"HDAC1","ROR2","CBLC"
"HDAC1","IFIH1","CBLC"
"HDAC1","DAB1","CBLC"
"HDAC1","PLCG2","CBLC"
"HDAC1","MAP3K14","COPS5"
"HDAC1","PIN1","IRF3"
"HDAC1","CHUK","SPHK2"
"HDAC1","RPS6KA2","SPHK2"
"HDAC1","PTEN","SPHK2"
"HDAC1","MTOR","SPHK2"
"HDAC1","AKT1","SPHK2"
"HDAC1","PRKCD","SPHK2"
"HDAC1","MAPK1","SPHK2"
"HDAC1","PTPN1","SPHK2"
"HDAC1","KRAS","SPHK2"
"HDAC1","PTPRJ","SPHK2"
"HDAC1","MAML3","SPHK2"
"HDAC1","MAP3K14","SPHK2"
"HDAC1","GSK3B","SPHK2"
"HDAC1","TGFBR2","SPHK2"
"HDAC1","PAK2","SPHK2"
"HDAC1","PPP1R2","SPHK2"
"HDAC1","CDK5","SPHK2"
"HDAC1","AKT","SPHK2"
"HDAC1","DAPK1","SPHK2"
"HDAC1","FBXW7","SPHK2"
"HDAC1","NCK1","SPHK2"
"HDAC1","AHSA1","SPHK2"
"HDAC1","TNK2","SPHK2"
"HDAC1","CD19","SPHK2"
"HDAC1","STAT1","SPHK2"
"HDAC1","MAPK10","SPHK2"
"HDAC1","PTPN7","SPHK2"
"HDAC1","CDKN2A","SPHK2"
"HDAC1","EPS15","SPHK2"
"HDAC1","SHC1","SPHK2"
"HDAC1","MAPKAPK5","SPHK2"
"HDAC1","EPHA2","SPHK2"
"HDAC1","PTPRR","SPHK2"
"HDAC1","BDKRB2","SPHK2"
"HDAC1","FLT4","SPHK2"
"HDAC1","BMX","SPHK2"
"HDAC1","PTK2B","SPHK2"
"HDAC1","SNW1","SPHK2"
"HDAC1","NEK6","SPHK2"
"HDAC1","PRKCI","SPHK2"
"HDAC1","CTNND1","SPHK2"
"HDAC1","CEP192","SPHK2"
"HDAC1","GAB1","SPHK2"
"HDAC1","PTPRA","SPHK2"
"HDAC1","GRIP1","SPHK2"
"HDAC1","ESR1","SPHK2"
"HDAC1","ARRB2","SPHK2"
"HDAC1","INPP5D","SPHK2"
"HDAC1","EZH2","SPHK2"
"HDAC1","BCR-Dk","SPHK2"
"HDAC1","BCAR1","SPHK2"
"HDAC1","BCR-Ml","SPHK2"
"HDAC1","NOTCH","SPHK2"
"HDAC1","FERMT2","SPHK2"
"HDAC1","GCSAM","SPHK2"
"HDAC1","OPTN","SPHK2"
"HDAC1","DDX58","SPHK2"
"HDAC1","IFIH1","SPHK2"
"HDAC1","PLCG2","SPHK2"
"HDAC1","MAP2K1","NEFH"
"HDAC1","GSK3B","NEFH"
"HDAC1","SRC","NOX5"
"HDAC1","MAPK8","NOX5"
"HDAC1","AKT1","NOX5"
"HDAC1","KRAS","NOX5"
"HDAC1","KIT","NOX5"
"HDAC1","PTPRJ","NOX5"
"HDAC1","RPS6KB1","NOX5"
"HDAC1","PDPK1","NOX5"
"HDAC1","MAP3K14","NOX5"
"HDAC1","TGFBR2","NOX5"
"HDAC1","PPP1R2","NOX5"
"HDAC1","CDK5","NOX5"
"HDAC1","WWTR1","NOX5"
"HDAC1","PRKD1","NOX5"
"HDAC1","FBXW7","NOX5"
"HDAC1","ITK","NOX5"
"HDAC1","NCK1","NOX5"
"HDAC1","TNK2","NOX5"
"HDAC1","YAP1","NOX5"
"HDAC1","DVL2","NOX5"
"HDAC1","MAP2K2","NOX5"
"HDAC1","MAPK10","NOX5"
"HDAC1","CDKN2A","NOX5"
"HDAC1","MAP4K1","NOX5"
"HDAC1","SHC1","NOX5"
"HDAC1","AXIN1","NOX5"
"HDAC1","MAPKAPK5","NOX5"
"HDAC1","BDKRB2","NOX5"
"HDAC1","FLT4","NOX5"
"HDAC1","BMX","NOX5"
"HDAC1","PTK2B","NOX5"
"HDAC1","CTNND1","NOX5"
"HDAC1","PIN1","NOX5"
"HDAC1","CEP192","NOX5"
"HDAC1","PTPRA","NOX5"
"HDAC1","ARRB2","NOX5"
"HDAC1","INPP5D","NOX5"
"HDAC1","EZH2","NOX5"
"HDAC1","BCAR1","NOX5"
"HDAC1","BCR-Ml","NOX5"
"HDAC1","ZMIZ1","NOX5"
"HDAC1","TAB3","NOX5"
"HDAC1","NPM1","NOX5"
"HDAC1","BCR-Dl","NOX5"
"HDAC1","DDX58","NOX5"
"HDAC1","ROR2","NOX5"
"HDAC1","SH2B3","NOX5"
"HDAC1","BCR-Mk","NOX5"
"HDAC1","CHUK","SIGLEC10"
"HDAC1","RPS6KA2","SIGLEC10"
"HDAC1","MAPK8","SIGLEC10"
"HDAC1","MTOR","SIGLEC10"
"HDAC1","MAPK1","SIGLEC10"
"HDAC1","PTPN1","SIGLEC10"
"HDAC1","Gbeta","SIGLEC10"
"HDAC1","KRAS","SIGLEC10"
"HDAC1","KIT","SIGLEC10"
"HDAC1","RPS6KB1","SIGLEC10"
"HDAC1","EIF2AK2","SIGLEC10"
"HDAC1","MAML3","SIGLEC10"
"HDAC1","MAP2K1","SIGLEC10"
"HDAC1","PPP1R2","SIGLEC10"
"HDAC1","CDK5","SIGLEC10"
"HDAC1","MAPK9","SIGLEC10"
"HDAC1","WWTR1","SIGLEC10"
"HDAC1","RACK1","SIGLEC10"
"HDAC1","DAPK1","SIGLEC10"
"HDAC1","PXN","SIGLEC10"
"HDAC1","PRKD1","SIGLEC10"
"HDAC1","ABL2","SIGLEC10"
"HDAC1","ITK","SIGLEC10"
"HDAC1","AHSA1","SIGLEC10"
"HDAC1","BTK","SIGLEC10"
"HDAC1","STAT1","SIGLEC10"
"HDAC1","DVL2","SIGLEC10"
"HDAC1","JAK1","SIGLEC10"
"HDAC1","CDKN2A","SIGLEC10"
"HDAC1","MAP4K1","SIGLEC10"
"HDAC1","EPS15","SIGLEC10"
"HDAC1","IKK-complex","SIGLEC10"
"HDAC1","MAPK8IP3","SIGLEC10"
"HDAC1","DUSP16","SIGLEC10"
"HDAC1","MAP3K8","SIGLEC10"
"HDAC1","SNW1","SIGLEC10"
"HDAC1","NEK6","SIGLEC10"
"HDAC1","CEP192","SIGLEC10"
"HDAC1","GAB1","SIGLEC10"
"HDAC1","PTPRA","SIGLEC10"
"HDAC1","ESR1","SIGLEC10"
"HDAC1","NOTCH","SIGLEC10"
"HDAC1","FERMT2","SIGLEC10"
"HDAC1","ZMIZ1","SIGLEC10"
"HDAC1","TAB3","SIGLEC10"
"HDAC1","NPM1","SIGLEC10"
"HDAC1","OPTN","SIGLEC10"
"HDAC1","SPRY2","SIGLEC10"
"HDAC1","DDX58","SIGLEC10"
"HDAC1","DAB1","SIGLEC10"
"HDAC1","BCR-Mk","SIGLEC10"
"HDAC1","CHUK","TCR"
"HDAC1","SRC","TCR"
"HDAC1","AKT1","TCR"
"HDAC1","PRKCD","TCR"
"HDAC1","KRAS","TCR"
"HDAC1","PTPRJ","TCR"
"HDAC1","MAP3K14","TCR"
"HDAC1","TGFBR2","TCR"
"HDAC1","PAK2","TCR"
"HDAC1","MAPK9","TCR"
"HDAC1","RACK1","TCR"
"HDAC1","DAPK1","TCR"
"HDAC1","FBXW7","TCR"
"HDAC1","ITK","TCR"
"HDAC1","NCK1","TCR"
"HDAC1","AHSA1","TCR"
"HDAC1","YAP1","TCR"
"HDAC1","CD19","TCR"
"HDAC1","STAT1","TCR"
"HDAC1","HSP90AB1","TCR"
"HDAC1","DVL2","TCR"
"HDAC1","MAP2K2","TCR"
"HDAC1","DYRK1B","TCR"
"HDAC1","MEK1/2","TCR"
"HDAC1","JAK1","TCR"
"HDAC1","CDKN2A","TCR"
"HDAC1","MAP4K1","TCR"
"HDAC1","EPS15","TCR"
"HDAC1","IKK-complex","TCR"
"HDAC1","SHC1","TCR"
"HDAC1","MAP3K8","TCR"
"HDAC1","BDKRB2","TCR"
"HDAC1","PTK2B","TCR"
"HDAC1","PRKCI","TCR"
"HDAC1","PTPRA","TCR"
"HDAC1","GRIP1","TCR"
"HDAC1","GAB2","TCR"
"HDAC1","BCR-Ml","TCR"
"HDAC1","FERMT2","TCR"
"HDAC1","NPM1","TCR"
"HDAC1","GCSAM","TCR"
"HDAC1","ROR2","TCR"
"HDAC1","IFIH1","TCR"
"HDAC1","BCR-Mk","TCR"
"HDAC1","PRKCD","RPTOR"
"HDAC1","MAPK1","RPTOR"
"HDAC1","PTPN1","RPTOR"
"HDAC1","KRAS","RPTOR"
"HDAC1","PDPK1","RPTOR"
"HDAC1","PPP1R2","RPTOR"
"HDAC1","CDK5","RPTOR"
"HDAC1","AKT","RPTOR"
"HDAC1","RACK1","RPTOR"
"HDAC1","ABL2","RPTOR"
"HDAC1","FBXW7","RPTOR"
"HDAC1","ITK","RPTOR"
"HDAC1","TNK2","RPTOR"
"HDAC1","STAT1","RPTOR"
"HDAC1","HSP90AB1","RPTOR"
"HDAC1","MEK1/2","RPTOR"
"HDAC1","JAK1","RPTOR"
"HDAC1","CDKN2A","RPTOR"
"HDAC1","MAP4K1","RPTOR"
"HDAC1","EPS15","RPTOR"
"HDAC1","IKK-complex","RPTOR"
"HDAC1","SHC1","RPTOR"
"HDAC1","MAPK8IP3","RPTOR"
"HDAC1","MAPKAPK5","RPTOR"
"HDAC1","EPHA2","RPTOR"
"HDAC1","PTPRR","RPTOR"
"HDAC1","BDKRB2","RPTOR"
"HDAC1","BMX","RPTOR"
"HDAC1","PTK2B","RPTOR"
"HDAC1","SNW1","RPTOR"
"HDAC1","NEK6","RPTOR"
"HDAC1","GAB1","RPTOR"
"HDAC1","PTPRA","RPTOR"
"HDAC1","GRIP1","RPTOR"
"HDAC1","ARRB2","RPTOR"
"HDAC1","INPP5D","RPTOR"
"HDAC1","GAB2","RPTOR"
"HDAC1","BCR-Dk","RPTOR"
"HDAC1","NOTCH","RPTOR"
"HDAC1","ZMIZ1","RPTOR"
"HDAC1","NPM1","RPTOR"
"HDAC1","GCSAM","RPTOR"
"HDAC1","OPTN","RPTOR"
"HDAC1","IFIH1","RPTOR"
"HDAC1","SH2B3","RPTOR"
"HDAC1","PLCG2","RPTOR"
"HDAC1","PTEN","CD247"
"HDAC1","MAPK8","CD247"
"HDAC1","AKT1","CD247"
"HDAC1","KRAS","CD247"
"HDAC1","RPS6KB1","CD247"
"HDAC1","MAML3","CD247"
"HDAC1","MAP3K14","CD247"
"HDAC1","GSK3B","CD247"
"HDAC1","TGFBR2","CD247"
"HDAC1","CDK5","CD247"
"HDAC1","AKT","CD247"
"HDAC1","WWTR1","CD247"
"HDAC1","RACK1","CD247"
"HDAC1","DAPK1","CD247"
"HDAC1","PRKD1","CD247"
"HDAC1","ABL2","CD247"
"HDAC1","FBXW7","CD247"
"HDAC1","NCK1","CD247"
"HDAC1","AHSA1","CD247"
"HDAC1","BTK","CD247"
"HDAC1","TNK2","CD247"
"HDAC1","HSP90AB1","CD247"
"HDAC1","MEK1/2","CD247"
"HDAC1","JAK1","CD247"
"HDAC1","PTPN7","CD247"
"HDAC1","MAP4K1","CD247"
"HDAC1","EPS15","CD247"
"HDAC1","IKK-complex","CD247"
"HDAC1","SHC1","CD247"
"HDAC1","MAPKAPK5","CD247"
"HDAC1","BMX","CD247"
"HDAC1","SNW1","CD247"
"HDAC1","CTNND1","CD247"
"HDAC1","CEP192","CD247"
"HDAC1","GAB2","CD247"
"HDAC1","BCR-Dk","CD247"
"HDAC1","BCAR1","CD247"
"HDAC1","BCR-Ml","CD247"
"HDAC1","NCOA1","CD247"
"HDAC1","ZMIZ1","CD247"
"HDAC1","BCR-Dl","CD247"
"HDAC1","IFIH1","CD247"
"HDAC1","BCR-Mk","CD247"
"HDAC1","PLCG2","CD247"
"HDAC1","SRC","RPS3"
"HDAC1","Gbeta","RPS3"
"HDAC1","KRAS","RPS3"
"HDAC1","MAML3","RPS3"
"HDAC1","TGFBR2","RPS3"
"HDAC1","PAK2","RPS3"
"HDAC1","CDK5","RPS3"
"HDAC1","AKT","RPS3"
"HDAC1","MAPK9","RPS3"
"HDAC1","WWTR1","RPS3"
"HDAC1","DAPK1","RPS3"
"HDAC1","ABL2","RPS3"
"HDAC1","AHSA1","RPS3"
"HDAC1","BTK","RPS3"
"HDAC1","CD19","RPS3"
"HDAC1","HSP90AB1","RPS3"
"HDAC1","DVL2","RPS3"
"HDAC1","MAPK10","RPS3"
"HDAC1","DYRK1B","RPS3"
"HDAC1","MEK1/2","RPS3"
"HDAC1","PTPN7","RPS3"
"HDAC1","CDKN2A","RPS3"
"HDAC1","MAP4K1","RPS3"
"HDAC1","EPS15","RPS3"
"HDAC1","IKK-complex","RPS3"
"HDAC1","MAPK8IP3","RPS3"
"HDAC1","DUSP16","RPS3"
"HDAC1","EPHA2","RPS3"
"HDAC1","BDKRB2","RPS3"
"HDAC1","BMX","RPS3"
"HDAC1","NEK6","RPS3"
"HDAC1","PRKCI","RPS3"
"HDAC1","PARD6A","RPS3"
"HDAC1","CEP192","RPS3"
"HDAC1","GRIP1","RPS3"
"HDAC1","ESR1","RPS3"
"HDAC1","ARRB2","RPS3"
"HDAC1","INPP5D","RPS3"
"HDAC1","BCR-Dk","RPS3"
"HDAC1","BCAR1","RPS3"
"HDAC1","NCOA1","RPS3"
"HDAC1","ZMIZ1","RPS3"
"HDAC1","NPM1","RPS3"
"HDAC1","GCSAM","RPS3"
"HDAC1","OPTN","RPS3"
"HDAC1","SPRY2","RPS3"
"HDAC1","ROR2","RPS3"
"HDAC1","IFIH1","RPS3"
"HDAC1","SH2B3","RPS3"
"HDAC1","DAB1","RPS3"
"HDAC1","BCR-Mk","RPS3"
"HDAC1","PLCG2","RPS3"
"HDAC1","CHUK","CLTC"
"HDAC1","PTEN","CLTC"
"HDAC1","MAPK8","CLTC"
"HDAC1","MTOR","CLTC"
"HDAC1","AKT1","CLTC"
"HDAC1","PRKCD","CLTC"
"HDAC1","MAPK1","CLTC"
"HDAC1","PTPN1","CLTC"
"HDAC1","Gbeta","CLTC"
"HDAC1","KRAS","CLTC"
"HDAC1","KIT","CLTC"
"HDAC1","PTPRJ","CLTC"
"HDAC1","MAML3","CLTC"
"HDAC1","PAK2","CLTC"
"HDAC1","CDK5","CLTC"
"HDAC1","WWTR1","CLTC"
"HDAC1","RACK1","CLTC"
"HDAC1","DAPK1","CLTC"
"HDAC1","PRKD1","CLTC"
"HDAC1","ABL2","CLTC"
"HDAC1","FBXW7","CLTC"
"HDAC1","ITK","CLTC"
"HDAC1","AHSA1","CLTC"
"HDAC1","CD19","CLTC"
"HDAC1","STAT1","CLTC"
"HDAC1","DYRK1B","CLTC"
"HDAC1","JAK1","CLTC"
"HDAC1","EPS15","CLTC"
"HDAC1","IKK-complex","CLTC"
"HDAC1","MAPK8IP3","CLTC"
"HDAC1","MAPKAPK5","CLTC"
"HDAC1","SNW1","CLTC"
"HDAC1","PRKCI","CLTC"
"HDAC1","CTNND1","CLTC"
"HDAC1","PIN1","CLTC"
"HDAC1","PARD6A","CLTC"
"HDAC1","GAB1","CLTC"
"HDAC1","PTPRA","CLTC"
"HDAC1","GRIP1","CLTC"
"HDAC1","ESR1","CLTC"
"HDAC1","INPP5D","CLTC"
"HDAC1","EZH2","CLTC"
"HDAC1","BCR-Dk","CLTC"
"HDAC1","BCAR1","CLTC"
"HDAC1","BCR-Ml","CLTC"
"HDAC1","NOTCH","CLTC"
"HDAC1","NCOA1","CLTC"
"HDAC1","FERMT2","CLTC"
"HDAC1","ZMIZ1","CLTC"
"HDAC1","TAB3","CLTC"
"HDAC1","GCSAM","CLTC"
"HDAC1","OPTN","CLTC"
"HDAC1","SPRY2","CLTC"
"HDAC1","IFIH1","CLTC"
"HDAC1","CHUK","DGKA"
"HDAC1","MAPK8","DGKA"
"HDAC1","AKT1","DGKA"
"HDAC1","MAPK1","DGKA"
"HDAC1","PTPN1","DGKA"
"HDAC1","EIF2AK2","DGKA"
"HDAC1","MAML3","DGKA"
"HDAC1","MAP2K1","DGKA"
"HDAC1","TGFBR2","DGKA"
"HDAC1","ABL2","DGKA"
"HDAC1","ITK","DGKA"
"HDAC1","AHSA1","DGKA"
"HDAC1","YAP1","DGKA"
"HDAC1","STAT1","DGKA"
"HDAC1","HSP90AB1","DGKA"
"HDAC1","DYRK1B","DGKA"
"HDAC1","CDKN2A","DGKA"
"HDAC1","IKK-complex","DGKA"
"HDAC1","MAPK8IP3","DGKA"
"HDAC1","AXIN1","DGKA"
"HDAC1","EPHA2","DGKA"
"HDAC1","BDKRB2","DGKA"
"HDAC1","BMX","DGKA"
"HDAC1","SNW1","DGKA"
"HDAC1","NEK6","DGKA"
"HDAC1","CTNND1","DGKA"
"HDAC1","CEP192","DGKA"
"HDAC1","PTPRA","DGKA"
"HDAC1","GRIP1","DGKA"
"HDAC1","INPP5D","DGKA"
"HDAC1","GAB2","DGKA"
"HDAC1","EZH2","DGKA"
"HDAC1","BCR-Ml","DGKA"
"HDAC1","NOTCH","DGKA"
"HDAC1","NCOA1","DGKA"
"HDAC1","TAB3","DGKA"
"HDAC1","OPTN","DGKA"
"HDAC1","DDX58","DGKA"
"HDAC1","ROR2","DGKA"
"HDAC1","SH2B3","DGKA"
"HDAC1","RPS6KA2","GRIK2"
"HDAC1","MAPK8","GRIK2"
"HDAC1","MTOR","GRIK2"
"HDAC1","KRAS","GRIK2"
"HDAC1","KIT","GRIK2"
"HDAC1","PTPRJ","GRIK2"
"HDAC1","EIF2AK2","GRIK2"
"HDAC1","MAML3","GRIK2"
"HDAC1","MAP3K14","GRIK2"
"HDAC1","MAP2K1","GRIK2"
"HDAC1","TGFBR2","GRIK2"
"HDAC1","CDK5","GRIK2"
"HDAC1","MAPK9","GRIK2"
"HDAC1","PRKD1","GRIK2"
"HDAC1","AHSA1","GRIK2"
"HDAC1","CD19","GRIK2"
"HDAC1","DYRK1B","GRIK2"
"HDAC1","MEK1/2","GRIK2"
"HDAC1","JAK1","GRIK2"
"HDAC1","PTPN7","GRIK2"
"HDAC1","CDKN2A","GRIK2"
"HDAC1","EPS15","GRIK2"
"HDAC1","MAPK8IP3","GRIK2"
"HDAC1","AXIN1","GRIK2"
"HDAC1","MAPKAPK5","GRIK2"
"HDAC1","DUSP16","GRIK2"
"HDAC1","EPHA2","GRIK2"
"HDAC1","MAP3K8","GRIK2"
"HDAC1","BDKRB2","GRIK2"
"HDAC1","PTK2B","GRIK2"
"HDAC1","CTNND1","GRIK2"
"HDAC1","PARD6A","GRIK2"
"HDAC1","PTPRA","GRIK2"
"HDAC1","ESR1","GRIK2"
"HDAC1","INPP5D","GRIK2"
"HDAC1","BCR-Dk","GRIK2"
"HDAC1","BCR-Ml","GRIK2"
"HDAC1","FERMT2","GRIK2"
"HDAC1","TAB3","GRIK2"
"HDAC1","BCR-Dl","GRIK2"
"HDAC1","DDX58","GRIK2"
"HDAC1","ROR2","GRIK2"
"HDAC1","PLCG2","GRIK2"
"HDAC1","CHUK","KIF2C"
"HDAC1","SRC","KIF2C"
"HDAC1","PTEN","KIF2C"
"HDAC1","KRAS","KIF2C"
"HDAC1","RPS6KB1","KIF2C"
"HDAC1","PDPK1","KIF2C"
"HDAC1","MAP3K14","KIF2C"
"HDAC1","MAP2K1","KIF2C"
"HDAC1","TGFBR2","KIF2C"
"HDAC1","PAK2","KIF2C"
"HDAC1","PPP1R2","KIF2C"
"HDAC1","MAPK9","KIF2C"
"HDAC1","RACK1","KIF2C"
"HDAC1","DAPK1","KIF2C"
"HDAC1","PXN","KIF2C"
"HDAC1","PRKD1","KIF2C"
"HDAC1","ABL2","KIF2C"
"HDAC1","FBXW7","KIF2C"
"HDAC1","ITK","KIF2C"
"HDAC1","NCK1","KIF2C"
"HDAC1","AHSA1","KIF2C"
"HDAC1","CD19","KIF2C"
"HDAC1","STAT1","KIF2C"
"HDAC1","MAPK10","KIF2C"
"HDAC1","MEK1/2","KIF2C"
"HDAC1","CDKN2A","KIF2C"
"HDAC1","MAP4K1","KIF2C"
"HDAC1","EPS15","KIF2C"
"HDAC1","SHC1","KIF2C"
"HDAC1","MAPK8IP3","KIF2C"
"HDAC1","AXIN1","KIF2C"
"HDAC1","MAPKAPK5","KIF2C"
"HDAC1","EPHA2","KIF2C"
"HDAC1","FLT4","KIF2C"
"HDAC1","BMX","KIF2C"
"HDAC1","PTK2B","KIF2C"
"HDAC1","PARD6A","KIF2C"
"HDAC1","CEP192","KIF2C"
"HDAC1","ARRB2","KIF2C"
"HDAC1","INPP5D","KIF2C"
"HDAC1","GAB2","KIF2C"
"HDAC1","BCR-Dk","KIF2C"
"HDAC1","NPM1","KIF2C"
"HDAC1","GCSAM","KIF2C"
"HDAC1","SPRY2","KIF2C"
"HDAC1","BCR-Dl","KIF2C"
"HDAC1","DDX58","KIF2C"
"HDAC1","IFIH1","KIF2C"
"HDAC1","SH2B3","KIF2C"
"HDAC1","BCR-Mk","KIF2C"
"HDAC1","PLCG2","KIF2C"
"HDAC1","PTEN","XRCC1"
"HDAC1","MTOR","XRCC1"
"HDAC1","AKT1","XRCC1"
"HDAC1","PRKCD","XRCC1"
"HDAC1","PTPN1","XRCC1"
"HDAC1","Gbeta","XRCC1"
"HDAC1","KRAS","XRCC1"
"HDAC1","KIT","XRCC1"
"HDAC1","PTPRJ","XRCC1"
"HDAC1","EIF2AK2","XRCC1"
"HDAC1","MAML3","XRCC1"
"HDAC1","MAP3K14","XRCC1"
"HDAC1","PAK2","XRCC1"
"HDAC1","CDK5","XRCC1"
"HDAC1","WWTR1","XRCC1"
"HDAC1","RACK1","XRCC1"
"HDAC1","DAPK1","XRCC1"
"HDAC1","PRKD1","XRCC1"
"HDAC1","FBXW7","XRCC1"
"HDAC1","ITK","XRCC1"
"HDAC1","AHSA1","XRCC1"
"HDAC1","BTK","XRCC1"
"HDAC1","STAT1","XRCC1"
"HDAC1","DYRK1B","XRCC1"
"HDAC1","MEK1/2","XRCC1"
"HDAC1","JAK1","XRCC1"
"HDAC1","IKK-complex","XRCC1"
"HDAC1","MAPK8IP3","XRCC1"
"HDAC1","MAPKAPK5","XRCC1"
"HDAC1","SNW1","XRCC1"
"HDAC1","NEK6","XRCC1"
"HDAC1","PRKCI","XRCC1"
"HDAC1","PARD6A","XRCC1"
"HDAC1","GAB1","XRCC1"
"HDAC1","PTPRA","XRCC1"
"HDAC1","GRIP1","XRCC1"
"HDAC1","ESR1","XRCC1"
"HDAC1","ARRB2","XRCC1"
"HDAC1","INPP5D","XRCC1"
"HDAC1","EZH2","XRCC1"
"HDAC1","BCR-Dk","XRCC1"
"HDAC1","BCR-Ml","XRCC1"
"HDAC1","NOTCH","XRCC1"
"HDAC1","FERMT2","XRCC1"
"HDAC1","NPM1","XRCC1"
"HDAC1","SPRY2","XRCC1"
"HDAC1","BCR-Mk","XRCC1"
"HDAC1","PLCG2","XRCC1"
"HDAC1","CHUK","PARVA"
"HDAC1","RPS6KA2","PARVA"
"HDAC1","MTOR","PARVA"
"HDAC1","KRAS","PARVA"
"HDAC1","KIT","PARVA"
"HDAC1","RPS6KB1","PARVA"
"HDAC1","EIF2AK2","PARVA"
"HDAC1","PDPK1","PARVA"
"HDAC1","MAP3K14","PARVA"
"HDAC1","TGFBR2","PARVA"
"HDAC1","CDK5","PARVA"
"HDAC1","WWTR1","PARVA"
"HDAC1","PRKD1","PARVA"
"HDAC1","FBXW7","PARVA"
"HDAC1","ITK","PARVA"
"HDAC1","NCK1","PARVA"
"HDAC1","BTK","PARVA"
"HDAC1","TNK2","PARVA"
"HDAC1","DVL2","PARVA"
"HDAC1","MAP2K2","PARVA"
"HDAC1","DYRK1B","PARVA"
"HDAC1","PTPN7","PARVA"
"HDAC1","MAP4K1","PARVA"
"HDAC1","EPS15","PARVA"
"HDAC1","DUSP16","PARVA"
"HDAC1","BDKRB2","PARVA"
"HDAC1","FLT4","PARVA"
"HDAC1","PTK2B","PARVA"
"HDAC1","NEK6","PARVA"
"HDAC1","PIN1","PARVA"
"HDAC1","CEP192","PARVA"
"HDAC1","GAB1","PARVA"
"HDAC1","PTPRA","PARVA"
"HDAC1","GRIP1","PARVA"
"HDAC1","ESR1","PARVA"
"HDAC1","ARRB2","PARVA"
"HDAC1","INPP5D","PARVA"
"HDAC1","GAB2","PARVA"
"HDAC1","EZH2","PARVA"
"HDAC1","BCAR1","PARVA"
"HDAC1","NOTCH","PARVA"
"HDAC1","NCOA1","PARVA"
"HDAC1","NPM1","PARVA"
"HDAC1","OPTN","PARVA"
"HDAC1","DDX58","PARVA"
"HDAC1","IFIH1","PARVA"
"HDAC1","DAB1","PARVA"
"HDAC1","BCR-Mk","PARVA"
"HDAC1","PLCG2","PARVA"
"HDAC1","CHUK","ERF"
"HDAC1","RPS6KA2","ERF"
"HDAC1","MTOR","ERF"
"HDAC1","AKT1","ERF"
"HDAC1","PRKCD","ERF"
"HDAC1","PTPRJ","ERF"
"HDAC1","RPS6KB1","ERF"
"HDAC1","EIF2AK2","ERF"
"HDAC1","GSK3B","ERF"
"HDAC1","TGFBR2","ERF"
"HDAC1","PAK2","ERF"
"HDAC1","CDK5","ERF"
"HDAC1","ABL2","ERF"
"HDAC1","FBXW7","ERF"
"HDAC1","ITK","ERF"
"HDAC1","NCK1","ERF"
"HDAC1","AHSA1","ERF"
"HDAC1","BTK","ERF"
"HDAC1","YAP1","ERF"
"HDAC1","CD19","ERF"
"HDAC1","HSP90AB1","ERF"
"HDAC1","MAP2K2","ERF"
"HDAC1","DYRK1B","ERF"
"HDAC1","MEK1/2","ERF"
"HDAC1","JAK1","ERF"
"HDAC1","PTPN7","ERF"
"HDAC1","CDKN2A","ERF"
"HDAC1","SHC1","ERF"
"HDAC1","EPHA2","ERF"
"HDAC1","SNW1","ERF"
"HDAC1","NEK6","ERF"
"HDAC1","CEP192","ERF"
"HDAC1","INPP5D","ERF"
"HDAC1","GAB2","ERF"
"HDAC1","NOTCH","ERF"
"HDAC1","SPRY2","ERF"
"HDAC1","BCR-Dl","ERF"
"HDAC1","DAB1","ERF"
"HDAC1","SRC","MAD2L1"
"HDAC1","RPS6KA2","MAD2L1"
"HDAC1","MAPK8","MAD2L1"
"HDAC1","PTPN1","MAD2L1"
"HDAC1","KRAS","MAD2L1"
"HDAC1","PTPRJ","MAD2L1"
"HDAC1","PDPK1","MAD2L1"
"HDAC1","MAML3","MAD2L1"
"HDAC1","CDK5","MAD2L1"
"HDAC1","WWTR1","MAD2L1"
"HDAC1","DAPK1","MAD2L1"
"HDAC1","PXN","MAD2L1"
"HDAC1","ABL2","MAD2L1"
"HDAC1","BTK","MAD2L1"
"HDAC1","TNK2","MAD2L1"
"HDAC1","YAP1","MAD2L1"
"HDAC1","DVL2","MAD2L1"
"HDAC1","MAP2K2","MAD2L1"
"HDAC1","DYRK1B","MAD2L1"
"HDAC1","MEK1/2","MAD2L1"
"HDAC1","JAK1","MAD2L1"
"HDAC1","SHC1","MAD2L1"
"HDAC1","MAPK8IP3","MAD2L1"
"HDAC1","SNW1","MAD2L1"
"HDAC1","PRKCI","MAD2L1"
"HDAC1","PIN1","MAD2L1"
"HDAC1","PARD6A","MAD2L1"
"HDAC1","INPP5D","MAD2L1"
"HDAC1","BCR-Dk","MAD2L1"
"HDAC1","NOTCH","MAD2L1"
"HDAC1","OPTN","MAD2L1"
"HDAC1","SPRY2","MAD2L1"
"HDAC1","DDX58","MAD2L1"
"HDAC1","IFIH1","MAD2L1"
"HDAC1","CHUK","G6PD"
"HDAC1","MAPK8","G6PD"
"HDAC1","PRKCD","G6PD"
"HDAC1","MAPK1","G6PD"
"HDAC1","Gbeta","G6PD"
"HDAC1","KRAS","G6PD"
"HDAC1","KIT","G6PD"
"HDAC1","RPS6KB1","G6PD"
"HDAC1","MAML3","G6PD"
"HDAC1","MAP3K14","G6PD"
"HDAC1","PAK2","G6PD"
"HDAC1","PPP1R2","G6PD"
"HDAC1","CDK5","G6PD"
"HDAC1","AKT","G6PD"
"HDAC1","MAPK9","G6PD"
"HDAC1","WWTR1","G6PD"
"HDAC1","PXN","G6PD"
"HDAC1","FBXW7","G6PD"
"HDAC1","ITK","G6PD"
"HDAC1","BTK","G6PD"
"HDAC1","HSP90AB1","G6PD"
"HDAC1","MAPK10","G6PD"
"HDAC1","DYRK1B","G6PD"
"HDAC1","JAK1","G6PD"
"HDAC1","EPS15","G6PD"
"HDAC1","SHC1","G6PD"
"HDAC1","DUSP16","G6PD"
"HDAC1","MAP3K8","G6PD"
"HDAC1","PTPRR","G6PD"
"HDAC1","BDKRB2","G6PD"
"HDAC1","PTK2B","G6PD"
"HDAC1","SNW1","G6PD"
"HDAC1","NEK6","G6PD"
"HDAC1","CEP192","G6PD"
"HDAC1","PTPRA","G6PD"
"HDAC1","INPP5D","G6PD"
"HDAC1","EZH2","G6PD"
"HDAC1","BCAR1","G6PD"
"HDAC1","BCR-Ml","G6PD"
"HDAC1","NOTCH","G6PD"
"HDAC1","FERMT2","G6PD"
"HDAC1","DDX58","G6PD"
"HDAC1","ROR2","G6PD"
"HDAC1","IFIH1","G6PD"
"HDAC1","PLCG2","G6PD"
"HDAC1","SRC","HNRNPK"
"HDAC1","PTEN","DNMT3A"
"HDAC1","MTOR","DNMT3A"
"HDAC1","PRKCD","DNMT3A"
"HDAC1","MAPK1","DNMT3A"
"HDAC1","Gbeta","DNMT3A"
"HDAC1","RPS6KB1","DNMT3A"
"HDAC1","EIF2AK2","DNMT3A"
"HDAC1","PDPK1","DNMT3A"
"HDAC1","MAP3K14","DNMT3A"
"HDAC1","GSK3B","DNMT3A"
"HDAC1","PAK2","DNMT3A"
"HDAC1","RACK1","DNMT3A"
"HDAC1","DAPK1","DNMT3A"
"HDAC1","PXN","DNMT3A"
"HDAC1","PRKD1","DNMT3A"
"HDAC1","FBXW7","DNMT3A"
"HDAC1","ITK","DNMT3A"
"HDAC1","NCK1","DNMT3A"
"HDAC1","BTK","DNMT3A"
"HDAC1","YAP1","DNMT3A"
"HDAC1","STAT1","DNMT3A"
"HDAC1","MAPK10","DNMT3A"
"HDAC1","DYRK1B","DNMT3A"
"HDAC1","JAK1","DNMT3A"
"HDAC1","PTPN7","DNMT3A"
"HDAC1","CDKN2A","DNMT3A"
"HDAC1","MAP4K1","DNMT3A"
"HDAC1","EPS15","DNMT3A"
"HDAC1","MAPK8IP3","DNMT3A"
"HDAC1","MAPKAPK5","DNMT3A"
"HDAC1","BDKRB2","DNMT3A"
"HDAC1","BMX","DNMT3A"
"HDAC1","PTK2B","DNMT3A"
"HDAC1","NEK6","DNMT3A"
"HDAC1","CTNND1","DNMT3A"
"HDAC1","PIN1","DNMT3A"
"HDAC1","INPP5D","DNMT3A"
"HDAC1","GAB2","DNMT3A"
"HDAC1","BCR-Dk","DNMT3A"
"HDAC1","BCR-Ml","DNMT3A"
"HDAC1","FERMT2","DNMT3A"
"HDAC1","TAB3","DNMT3A"
"HDAC1","NPM1","DNMT3A"
"HDAC1","GCSAM","DNMT3A"
"HDAC1","OPTN","DNMT3A"
"HDAC1","SPRY2","DNMT3A"
"HDAC1","BCR-Dl","DNMT3A"
"HDAC1","DDX58","DNMT3A"
"HDAC1","ROR2","DNMT3A"
"HDAC1","IFIH1","DNMT3A"
"HDAC1","SH2B3","DNMT3A"
"HDAC1","PLCG2","DNMT3A"
"HDAC1","CHUK","RRN3"
"HDAC1","SRC","RRN3"
"HDAC1","RPS6KA2","RRN3"
"HDAC1","PTEN","RRN3"
"HDAC1","MAPK8","RRN3"
"HDAC1","MTOR","RRN3"
"HDAC1","PRKCD","RRN3"
"HDAC1","MAPK1","RRN3"
"HDAC1","PTPN1","RRN3"
"HDAC1","Gbeta","RRN3"
"HDAC1","KRAS","RRN3"
"HDAC1","KIT","RRN3"
"HDAC1","PTPRJ","RRN3"
"HDAC1","MAML3","RRN3"
"HDAC1","MAP3K14","RRN3"
"HDAC1","MAP2K1","RRN3"
"HDAC1","PPP1R2","RRN3"
"HDAC1","CDK5","RRN3"
"HDAC1","AKT","RRN3"
"HDAC1","RACK1","RRN3"
"HDAC1","DAPK1","RRN3"
"HDAC1","PXN","RRN3"
"HDAC1","FBXW7","RRN3"
"HDAC1","AHSA1","RRN3"
"HDAC1","TNK2","RRN3"
"HDAC1","CD19","RRN3"
"HDAC1","HSP90AB1","RRN3"
"HDAC1","PTPN7","RRN3"
"HDAC1","CDKN2A","RRN3"
"HDAC1","AXIN1","RRN3"
"HDAC1","MAPKAPK5","RRN3"
"HDAC1","DUSP16","RRN3"
"HDAC1","EPHA2","RRN3"
"HDAC1","BMX","RRN3"
"HDAC1","PTK2B","RRN3"
"HDAC1","PRKCI","RRN3"
"HDAC1","PIN1","RRN3"
"HDAC1","CEP192","RRN3"
"HDAC1","ARRB2","RRN3"
"HDAC1","FERMT2","RRN3"
"HDAC1","SPRY2","RRN3"
"HDAC1","BCR-Dl","RRN3"
"HDAC1","DDX58","RRN3"
"HDAC1","ROR2","RRN3"
"HDAC1","SH2B3","RRN3"
"HDAC1","BCR-Mk","RRN3"
"HDAC1","PLCG2","RRN3"
"HDAC1","SRC","RNA Polymerase I"
"HDAC1","RPS6KA2","RNA Polymerase I"
"HDAC1","PTEN","RNA Polymerase I"
"HDAC1","MAPK8","RNA Polymerase I"
"HDAC1","AKT1","RNA Polymerase I"
"HDAC1","MAPK1","RNA Polymerase I"
"HDAC1","RPS6KB1","RNA Polymerase I"
"HDAC1","EIF2AK2","RNA Polymerase I"
"HDAC1","MAP3K14","RNA Polymerase I"
"HDAC1","GSK3B","RNA Polymerase I"
"HDAC1","PAK2","RNA Polymerase I"
"HDAC1","AKT","RNA Polymerase I"
"HDAC1","WWTR1","RNA Polymerase I"
"HDAC1","PRKD1","RNA Polymerase I"
"HDAC1","FBXW7","RNA Polymerase I"
"HDAC1","ITK","RNA Polymerase I"
"HDAC1","TNK2","RNA Polymerase I"
"HDAC1","YAP1","RNA Polymerase I"
"HDAC1","CD19","RNA Polymerase I"
"HDAC1","MEK1/2","RNA Polymerase I"
"HDAC1","JAK1","RNA Polymerase I"
"HDAC1","EPS15","RNA Polymerase I"
"HDAC1","DUSP16","RNA Polymerase I"
"HDAC1","MAP3K8","RNA Polymerase I"
"HDAC1","PTPRR","RNA Polymerase I"
"HDAC1","BDKRB2","RNA Polymerase I"
"HDAC1","FLT4","RNA Polymerase I"
"HDAC1","BMX","RNA Polymerase I"
"HDAC1","PTK2B","RNA Polymerase I"
"HDAC1","NEK6","RNA Polymerase I"
"HDAC1","PRKCI","RNA Polymerase I"
"HDAC1","CTNND1","RNA Polymerase I"
"HDAC1","PARD6A","RNA Polymerase I"
"HDAC1","CEP192","RNA Polymerase I"
"HDAC1","GAB1","RNA Polymerase I"
"HDAC1","PTPRA","RNA Polymerase I"
"HDAC1","GRIP1","RNA Polymerase I"
"HDAC1","ARRB2","RNA Polymerase I"
"HDAC1","GAB2","RNA Polymerase I"
"HDAC1","EZH2","RNA Polymerase I"
"HDAC1","BCR-Dk","RNA Polymerase I"
"HDAC1","BCAR1","RNA Polymerase I"
"HDAC1","BCR-Ml","RNA Polymerase I"
"HDAC1","NOTCH","RNA Polymerase I"
"HDAC1","NCOA1","RNA Polymerase I"
"HDAC1","FERMT2","RNA Polymerase I"
"HDAC1","TAB3","RNA Polymerase I"
"HDAC1","GCSAM","RNA Polymerase I"
"HDAC1","OPTN","RNA Polymerase I"
"HDAC1","SPRY2","RNA Polymerase I"
"HDAC1","BCR-Dl","RNA Polymerase I"
"HDAC1","IFIH1","RNA Polymerase I"
"HDAC1","PLCG2","RNA Polymerase I"
"HDAC1","RPS6KA2","CEP55"
"HDAC1","PTEN","CEP55"
"HDAC1","MTOR","CEP55"
"HDAC1","AKT1","CEP55"
"HDAC1","PRKCD","CEP55"
"HDAC1","KIT","CEP55"
"HDAC1","PTPRJ","CEP55"
"HDAC1","PDPK1","CEP55"
"HDAC1","MAP3K14","CEP55"
"HDAC1","GSK3B","CEP55"
"HDAC1","TGFBR2","CEP55"
"HDAC1","AKT","CEP55"
"HDAC1","WWTR1","CEP55"
"HDAC1","ITK","CEP55"
"HDAC1","NCK1","CEP55"
"HDAC1","YAP1","CEP55"
"HDAC1","HSP90AB1","CEP55"
"HDAC1","MAPK10","CEP55"
"HDAC1","PTPN7","CEP55"
"HDAC1","MAP4K1","CEP55"
"HDAC1","IKK-complex","CEP55"
"HDAC1","AXIN1","CEP55"
"HDAC1","PTPRR","CEP55"
"HDAC1","BDKRB2","CEP55"
"HDAC1","FLT4","CEP55"
"HDAC1","BMX","CEP55"
"HDAC1","SNW1","CEP55"
"HDAC1","NEK6","CEP55"
"HDAC1","PRKCI","CEP55"
"HDAC1","PIN1","CEP55"
"HDAC1","PARD6A","CEP55"
"HDAC1","CEP192","CEP55"
"HDAC1","GAB1","CEP55"
"HDAC1","PTPRA","CEP55"
"HDAC1","INPP5D","CEP55"
"HDAC1","GAB2","CEP55"
"HDAC1","BCAR1","CEP55"
"HDAC1","TAB3","CEP55"
"HDAC1","NPM1","CEP55"
"HDAC1","SPRY2","CEP55"
"HDAC1","BCR-Mk","CEP55"
"HDAC1","PLCG2","CEP55"
"HDAC1","SRC","PAPOLA"
"HDAC1","RPS6KA2","PAPOLA"
"HDAC1","PTEN","PAPOLA"
"HDAC1","MAPK8","PAPOLA"
"HDAC1","MTOR","PAPOLA"
"HDAC1","MAPK1","PAPOLA"
"HDAC1","KRAS","PAPOLA"
"HDAC1","KIT","PAPOLA"
"HDAC1","RPS6KB1","PAPOLA"
"HDAC1","GSK3B","PAPOLA"
"HDAC1","TGFBR2","PAPOLA"
"HDAC1","PAK2","PAPOLA"
"HDAC1","CDK5","PAPOLA"
"HDAC1","AKT","PAPOLA"
"HDAC1","DAPK1","PAPOLA"
"HDAC1","PRKD1","PAPOLA"
"HDAC1","NCK1","PAPOLA"
"HDAC1","BTK","PAPOLA"
"HDAC1","TNK2","PAPOLA"
"HDAC1","YAP1","PAPOLA"
"HDAC1","MAP2K2","PAPOLA"
"HDAC1","MAPK10","PAPOLA"
"HDAC1","DYRK1B","PAPOLA"
"HDAC1","JAK1","PAPOLA"
"HDAC1","CDKN2A","PAPOLA"
"HDAC1","MAP4K1","PAPOLA"
"HDAC1","EPS15","PAPOLA"
"HDAC1","IKK-complex","PAPOLA"
"HDAC1","SHC1","PAPOLA"
"HDAC1","MAPK8IP3","PAPOLA"
"HDAC1","MAPKAPK5","PAPOLA"
"HDAC1","DUSP16","PAPOLA"
"HDAC1","EPHA2","PAPOLA"
"HDAC1","PTPRR","PAPOLA"
"HDAC1","BDKRB2","PAPOLA"
"HDAC1","BMX","PAPOLA"
"HDAC1","SNW1","PAPOLA"
"HDAC1","PARD6A","PAPOLA"
"HDAC1","GAB1","PAPOLA"
"HDAC1","INPP5D","PAPOLA"
"HDAC1","EZH2","PAPOLA"
"HDAC1","BCR-Dk","PAPOLA"
"HDAC1","BCAR1","PAPOLA"
"HDAC1","BCR-Ml","PAPOLA"
"HDAC1","NCOA1","PAPOLA"
"HDAC1","FERMT2","PAPOLA"
"HDAC1","NPM1","PAPOLA"
"HDAC1","GCSAM","PAPOLA"
"HDAC1","ROR2","PAPOLA"
"HDAC1","IFIH1","PAPOLA"
"HDAC1","SH2B3","PAPOLA"
"HDAC1","RPS6KA2","GlyR"
"HDAC1","MAPK8","GlyR"
"HDAC1","AKT1","GlyR"
"HDAC1","RPS6KB1","GlyR"
"HDAC1","PDPK1","GlyR"
"HDAC1","MAML3","GlyR"
"HDAC1","MAP2K1","GlyR"
"HDAC1","TGFBR2","GlyR"
"HDAC1","PAK2","GlyR"
"HDAC1","PPP1R2","GlyR"
"HDAC1","CDK5","GlyR"
"HDAC1","MAPK9","GlyR"
"HDAC1","DAPK1","GlyR"
"HDAC1","PRKD1","GlyR"
"HDAC1","ABL2","GlyR"
"HDAC1","FBXW7","GlyR"
"HDAC1","ITK","GlyR"
"HDAC1","NCK1","GlyR"
"HDAC1","DVL2","GlyR"
"HDAC1","MAPK10","GlyR"
"HDAC1","JAK1","GlyR"
"HDAC1","PTPN7","GlyR"
"HDAC1","CDKN2A","GlyR"
"HDAC1","MAP4K1","GlyR"
"HDAC1","EPS15","GlyR"
"HDAC1","SHC1","GlyR"
"HDAC1","MAPK8IP3","GlyR"
"HDAC1","AXIN1","GlyR"
"HDAC1","DUSP16","GlyR"
"HDAC1","EPHA2","GlyR"
"HDAC1","PTPRR","GlyR"
"HDAC1","BDKRB2","GlyR"
"HDAC1","FLT4","GlyR"
"HDAC1","PTK2B","GlyR"
"HDAC1","SNW1","GlyR"
"HDAC1","NEK6","GlyR"
"HDAC1","PRKCI","GlyR"
"HDAC1","PARD6A","GlyR"
"HDAC1","PTPRA","GlyR"
"HDAC1","GRIP1","GlyR"
"HDAC1","EZH2","GlyR"
"HDAC1","BCR-Dk","GlyR"
"HDAC1","NOTCH","GlyR"
"HDAC1","NCOA1","GlyR"
"HDAC1","OPTN","GlyR"
"HDAC1","SPRY2","GlyR"
"HDAC1","ROR2","GlyR"
"HDAC1","PLCG2","GlyR"
"HDAC1","SRC","FCGR2A"
"HDAC1","PTEN","FCGR2A"
"HDAC1","PTPN1","FCGR2A"
"HDAC1","Gbeta","FCGR2A"
"HDAC1","PDPK1","FCGR2A"
"HDAC1","MAP3K14","FCGR2A"
"HDAC1","GSK3B","FCGR2A"
"HDAC1","AKT","FCGR2A"
"HDAC1","PRKD1","FCGR2A"
"HDAC1","NCK1","FCGR2A"
"HDAC1","TNK2","FCGR2A"
"HDAC1","CD19","FCGR2A"
"HDAC1","STAT1","FCGR2A"
"HDAC1","DVL2","FCGR2A"
"HDAC1","MEK1/2","FCGR2A"
"HDAC1","JAK1","FCGR2A"
"HDAC1","PTPN7","FCGR2A"
"HDAC1","MAP4K1","FCGR2A"
"HDAC1","IKK-complex","FCGR2A"
"HDAC1","SHC1","FCGR2A"
"HDAC1","MAPKAPK5","FCGR2A"
"HDAC1","DUSP16","FCGR2A"
"HDAC1","FLT4","FCGR2A"
"HDAC1","BMX","FCGR2A"
"HDAC1","SNW1","FCGR2A"
"HDAC1","PRKCI","FCGR2A"
"HDAC1","CEP192","FCGR2A"
"HDAC1","GAB1","FCGR2A"
"HDAC1","PTPRA","FCGR2A"
"HDAC1","GRIP1","FCGR2A"
"HDAC1","BCAR1","FCGR2A"
"HDAC1","FERMT2","FCGR2A"
"HDAC1","ZMIZ1","FCGR2A"
"HDAC1","GCSAM","FCGR2A"
"HDAC1","BCR-Mk","FCGR2A"
"HDAC1","PLCG2","FCGR2A"
"HDAC1","PTEN","KAT7"
"HDAC1","MAPK8","KAT7"
"HDAC1","AKT1","KAT7"
"HDAC1","PRKCD","KAT7"
"HDAC1","MAPK1","KAT7"
"HDAC1","Gbeta","KAT7"
"HDAC1","KRAS","KAT7"
"HDAC1","KIT","KAT7"
"HDAC1","PDPK1","KAT7"
"HDAC1","MAP3K14","KAT7"
"HDAC1","MAP2K1","KAT7"
"HDAC1","PPP1R2","KAT7"
"HDAC1","DAPK1","KAT7"
"HDAC1","ITK","KAT7"
"HDAC1","BTK","KAT7"
"HDAC1","TNK2","KAT7"
"HDAC1","YAP1","KAT7"
"HDAC1","CD19","KAT7"
"HDAC1","STAT1","KAT7"
"HDAC1","HSP90AB1","KAT7"
"HDAC1","MAP2K2","KAT7"
"HDAC1","DYRK1B","KAT7"
"HDAC1","MAP4K1","KAT7"
"HDAC1","EPS15","KAT7"
"HDAC1","IKK-complex","KAT7"
"HDAC1","SHC1","KAT7"
"HDAC1","DUSP16","KAT7"
"HDAC1","EPHA2","KAT7"
"HDAC1","CTNND1","KAT7"
"HDAC1","CEP192","KAT7"
"HDAC1","GAB1","KAT7"
"HDAC1","ARRB2","KAT7"
"HDAC1","INPP5D","KAT7"
"HDAC1","GAB2","KAT7"
"HDAC1","NOTCH","KAT7"
"HDAC1","NCOA1","KAT7"
"HDAC1","FERMT2","KAT7"
"HDAC1","ZMIZ1","KAT7"
"HDAC1","OPTN","KAT7"
"HDAC1","BCR-Dl","KAT7"
"HDAC1","IFIH1","KAT7"
"HDAC1","DAB1","KAT7"
"HDAC1","CHUK","JUP"
"HDAC1","RPS6KA2","JUP"
"HDAC1","PTEN","JUP"
"HDAC1","MAPK8","JUP"
"HDAC1","MTOR","JUP"
"HDAC1","PTPRJ","JUP"
"HDAC1","RPS6KB1","JUP"
"HDAC1","PDPK1","JUP"
"HDAC1","MAP2K1","JUP"
"HDAC1","GSK3B","JUP"
"HDAC1","TGFBR2","JUP"
"HDAC1","PPP1R2","JUP"
"HDAC1","CDK5","JUP"
"HDAC1","AKT","JUP"
"HDAC1","MAPK9","JUP"
"HDAC1","RACK1","JUP"
"HDAC1","ABL2","JUP"
"HDAC1","FBXW7","JUP"
"HDAC1","TNK2","JUP"
"HDAC1","CD19","JUP"
"HDAC1","MAPK10","JUP"
"HDAC1","DYRK1B","JUP"
"HDAC1","MEK1/2","JUP"
"HDAC1","PTPN7","JUP"
"HDAC1","MAPKAPK5","JUP"
"HDAC1","DUSP16","JUP"
"HDAC1","EPHA2","JUP"
"HDAC1","MAP3K8","JUP"
"HDAC1","BDKRB2","JUP"
"HDAC1","BMX","JUP"
"HDAC1","PTK2B","JUP"
"HDAC1","SNW1","JUP"
"HDAC1","NEK6","JUP"
"HDAC1","PRKCI","JUP"
"HDAC1","CEP192","JUP"
"HDAC1","GAB1","JUP"
"HDAC1","PTPRA","JUP"
"HDAC1","GRIP1","JUP"
"HDAC1","ESR1","JUP"
"HDAC1","INPP5D","JUP"
"HDAC1","GAB2","JUP"
"HDAC1","BCR-Dk","JUP"
"HDAC1","BCAR1","JUP"
"HDAC1","BCR-Ml","JUP"
"HDAC1","FERMT2","JUP"
"HDAC1","GCSAM","JUP"
"HDAC1","DDX58","JUP"
"HDAC1","IFIH1","JUP"
"HDAC1","SH2B3","JUP"
"HDAC1","PLCG2","JUP"
"HDAC1","CHUK","ELAVL1"
"HDAC1","SRC","HNF4A"
"HDAC1","CHUK","TRIOBP"
"HDAC1","SRC","TRIOBP"
"HDAC1","RPS6KA2","TRIOBP"
"HDAC1","PTEN","TRIOBP"
"HDAC1","MAPK8","TRIOBP"
"HDAC1","MTOR","TRIOBP"
"HDAC1","MAPK1","TRIOBP"
"HDAC1","PTPN1","TRIOBP"
"HDAC1","KRAS","TRIOBP"
"HDAC1","PTPRJ","TRIOBP"
"HDAC1","PDPK1","TRIOBP"
"HDAC1","MAML3","TRIOBP"
"HDAC1","GSK3B","TRIOBP"
"HDAC1","TGFBR2","TRIOBP"
"HDAC1","CDK5","TRIOBP"
"HDAC1","AKT","TRIOBP"
"HDAC1","MAPK9","TRIOBP"
"HDAC1","WWTR1","TRIOBP"
"HDAC1","PXN","TRIOBP"
"HDAC1","AHSA1","TRIOBP"
"HDAC1","TNK2","TRIOBP"
"HDAC1","YAP1","TRIOBP"
"HDAC1","CD19","TRIOBP"
"HDAC1","STAT1","TRIOBP"
"HDAC1","HSP90AB1","TRIOBP"
"HDAC1","MAP2K2","TRIOBP"
"HDAC1","MAPK10","TRIOBP"
"HDAC1","DYRK1B","TRIOBP"
"HDAC1","MEK1/2","TRIOBP"
"HDAC1","JAK1","TRIOBP"
"HDAC1","PTPN7","TRIOBP"
"HDAC1","CDKN2A","TRIOBP"
"HDAC1","MAP4K1","TRIOBP"
"HDAC1","EPS15","TRIOBP"
"HDAC1","IKK-complex","TRIOBP"
"HDAC1","SHC1","TRIOBP"
"HDAC1","MAPK8IP3","TRIOBP"
"HDAC1","AXIN1","TRIOBP"
"HDAC1","MAPKAPK5","TRIOBP"
"HDAC1","DUSP16","TRIOBP"
"HDAC1","EPHA2","TRIOBP"
"HDAC1","BDKRB2","TRIOBP"
"HDAC1","FLT4","TRIOBP"
"HDAC1","BMX","TRIOBP"
"HDAC1","PTK2B","TRIOBP"
"HDAC1","CTNND1","TRIOBP"
"HDAC1","PIN1","TRIOBP"
"HDAC1","PARD6A","TRIOBP"
"HDAC1","GAB1","TRIOBP"
"HDAC1","PTPRA","TRIOBP"
"HDAC1","ESR1","TRIOBP"
"HDAC1","ARRB2","TRIOBP"
"HDAC1","INPP5D","TRIOBP"
"HDAC1","GAB2","TRIOBP"
"HDAC1","EZH2","TRIOBP"
"HDAC1","BCR-Dk","TRIOBP"
"HDAC1","BCAR1","TRIOBP"
"HDAC1","BCR-Ml","TRIOBP"
"HDAC1","NCOA1","TRIOBP"
"HDAC1","ZMIZ1","TRIOBP"
"HDAC1","TAB3","TRIOBP"
"HDAC1","NPM1","TRIOBP"
"HDAC1","OPTN","TRIOBP"
"HDAC1","SPRY2","TRIOBP"
"HDAC1","BCR-Dl","TRIOBP"
"HDAC1","DDX58","TRIOBP"
"HDAC1","ROR2","TRIOBP"
"HDAC1","IFIH1","TRIOBP"
"HDAC1","SH2B3","TRIOBP"
"HDAC1","DAB1","TRIOBP"
"HDAC1","PLCG2","TRIOBP"
"HDAC1","SRC","LIPE"
"HDAC1","RPS6KA2","LIPE"
"HDAC1","PTEN","LIPE"
"HDAC1","MAPK8","LIPE"
"HDAC1","MTOR","LIPE"
"HDAC1","AKT1","LIPE"
"HDAC1","PRKCD","LIPE"
"HDAC1","PTPN1","LIPE"
"HDAC1","Gbeta","LIPE"
"HDAC1","RPS6KB1","LIPE"
"HDAC1","EIF2AK2","LIPE"
"HDAC1","PDPK1","LIPE"
"HDAC1","MAML3","LIPE"
"HDAC1","MAP2K1","LIPE"
"HDAC1","GSK3B","LIPE"
"HDAC1","TGFBR2","LIPE"
"HDAC1","PPP1R2","LIPE"
"HDAC1","CDK5","LIPE"
"HDAC1","AKT","LIPE"
"HDAC1","MAPK9","LIPE"
"HDAC1","RACK1","LIPE"
"HDAC1","DAPK1","LIPE"
"HDAC1","PXN","LIPE"
"HDAC1","PRKD1","LIPE"
"HDAC1","ITK","LIPE"
"HDAC1","NCK1","LIPE"
"HDAC1","AHSA1","LIPE"
"HDAC1","BTK","LIPE"
"HDAC1","TNK2","LIPE"
"HDAC1","YAP1","LIPE"
"HDAC1","CD19","LIPE"
"HDAC1","STAT1","LIPE"
"HDAC1","DVL2","LIPE"
"HDAC1","MAPK10","LIPE"
"HDAC1","DYRK1B","LIPE"
"HDAC1","JAK1","LIPE"
"HDAC1","PTPN7","LIPE"
"HDAC1","CDKN2A","LIPE"
"HDAC1","EPS15","LIPE"
"HDAC1","IKK-complex","LIPE"
"HDAC1","SHC1","LIPE"
"HDAC1","MAPK8IP3","LIPE"
"HDAC1","AXIN1","LIPE"
"HDAC1","PTPRR","LIPE"
"HDAC1","BDKRB2","LIPE"
"HDAC1","FLT4","LIPE"
"HDAC1","PTK2B","LIPE"
"HDAC1","NEK6","LIPE"
"HDAC1","PARD6A","LIPE"
"HDAC1","CEP192","LIPE"
"HDAC1","GAB1","LIPE"
"HDAC1","ESR1","LIPE"
"HDAC1","INPP5D","LIPE"
"HDAC1","BCR-Dk","LIPE"
"HDAC1","BCAR1","LIPE"
"HDAC1","NPM1","LIPE"
"HDAC1","GCSAM","LIPE"
"HDAC1","OPTN","LIPE"
"HDAC1","ROR2","LIPE"
"HDAC1","DAB1","LIPE"
"HDAC1","RPS6KA2","BAIAP2L1"
"HDAC1","PTEN","BAIAP2L1"
"HDAC1","KRAS","BAIAP2L1"
"HDAC1","KIT","BAIAP2L1"
"HDAC1","MAML3","BAIAP2L1"
"HDAC1","MAP3K14","BAIAP2L1"
"HDAC1","MAP2K1","BAIAP2L1"
"HDAC1","TGFBR2","BAIAP2L1"
"HDAC1","CDK5","BAIAP2L1"
"HDAC1","PXN","BAIAP2L1"
"HDAC1","PRKD1","BAIAP2L1"
"HDAC1","ABL2","BAIAP2L1"
"HDAC1","ITK","BAIAP2L1"
"HDAC1","TNK2","BAIAP2L1"
"HDAC1","YAP1","BAIAP2L1"
"HDAC1","DVL2","BAIAP2L1"
"HDAC1","DYRK1B","BAIAP2L1"
"HDAC1","MEK1/2","BAIAP2L1"
"HDAC1","JAK1","BAIAP2L1"
"HDAC1","CDKN2A","BAIAP2L1"
"HDAC1","MAP4K1","BAIAP2L1"
"HDAC1","MAPK8IP3","BAIAP2L1"
"HDAC1","AXIN1","BAIAP2L1"
"HDAC1","MAPKAPK5","BAIAP2L1"
"HDAC1","PTPRR","BAIAP2L1"
"HDAC1","BMX","BAIAP2L1"
"HDAC1","PTK2B","BAIAP2L1"
"HDAC1","PIN1","BAIAP2L1"
"HDAC1","PARD6A","BAIAP2L1"
"HDAC1","GAB1","BAIAP2L1"
"HDAC1","PTPRA","BAIAP2L1"
"HDAC1","GRIP1","BAIAP2L1"
"HDAC1","ESR1","BAIAP2L1"
"HDAC1","ARRB2","BAIAP2L1"
"HDAC1","INPP5D","BAIAP2L1"
"HDAC1","GAB2","BAIAP2L1"
"HDAC1","EZH2","BAIAP2L1"
"HDAC1","BCR-Dk","BAIAP2L1"
"HDAC1","BCR-Ml","BAIAP2L1"
"HDAC1","NOTCH","BAIAP2L1"
"HDAC1","NCOA1","BAIAP2L1"
"HDAC1","FERMT2","BAIAP2L1"
"HDAC1","ZMIZ1","BAIAP2L1"
"HDAC1","NPM1","BAIAP2L1"
"HDAC1","GCSAM","BAIAP2L1"
"HDAC1","OPTN","BAIAP2L1"
"HDAC1","DDX58","BAIAP2L1"
"HDAC1","ROR2","BAIAP2L1"
"HDAC1","IFIH1","BAIAP2L1"
"HDAC1","BCR-Mk","BAIAP2L1"
"HDAC1","PLCG2","BAIAP2L1"
"HDAC1","PTPN1","STAT5B"
"HDAC1","MAP3K8","STAT5B"
"HDAC1","CHUK","IL16"
"HDAC1","SRC","IL16"
"HDAC1","PTEN","IL16"
"HDAC1","MTOR","IL16"
"HDAC1","PTPN1","IL16"
"HDAC1","KIT","IL16"
"HDAC1","PTPRJ","IL16"
"HDAC1","EIF2AK2","IL16"
"HDAC1","MAML3","IL16"
"HDAC1","MAP3K14","IL16"
"HDAC1","MAP2K1","IL16"
"HDAC1","GSK3B","IL16"
"HDAC1","PAK2","IL16"
"HDAC1","MAPK9","IL16"
"HDAC1","WWTR1","IL16"
"HDAC1","RACK1","IL16"
"HDAC1","PRKD1","IL16"
"HDAC1","FBXW7","IL16"
"HDAC1","NCK1","IL16"
"HDAC1","BTK","IL16"
"HDAC1","TNK2","IL16"
"HDAC1","YAP1","IL16"
"HDAC1","CD19","IL16"
"HDAC1","STAT1","IL16"
"HDAC1","HSP90AB1","IL16"
"HDAC1","MAP2K2","IL16"
"HDAC1","MAPK10","IL16"
"HDAC1","DYRK1B","IL16"
"HDAC1","MEK1/2","IL16"
"HDAC1","JAK1","IL16"
"HDAC1","PTPN7","IL16"
"HDAC1","CDKN2A","IL16"
"HDAC1","MAP4K1","IL16"
"HDAC1","EPS15","IL16"
"HDAC1","IKK-complex","IL16"
"HDAC1","SHC1","IL16"
"HDAC1","MAPK8IP3","IL16"
"HDAC1","AXIN1","IL16"
"HDAC1","MAPKAPK5","IL16"
"HDAC1","PTPRR","IL16"
"HDAC1","BDKRB2","IL16"
"HDAC1","FLT4","IL16"
"HDAC1","BMX","IL16"
"HDAC1","PTK2B","IL16"
"HDAC1","NEK6","IL16"
"HDAC1","PRKCI","IL16"
"HDAC1","CTNND1","IL16"
"HDAC1","PIN1","IL16"
"HDAC1","PARD6A","IL16"
"HDAC1","CEP192","IL16"
"HDAC1","GAB1","IL16"
"HDAC1","GRIP1","IL16"
"HDAC1","ARRB2","IL16"
"HDAC1","BCAR1","IL16"
"HDAC1","NOTCH","IL16"
"HDAC1","TAB3","IL16"
"HDAC1","NPM1","IL16"
"HDAC1","OPTN","IL16"
"HDAC1","SPRY2","IL16"
"HDAC1","BCR-Dl","IL16"
"HDAC1","DDX58","IL16"
"HDAC1","IFIH1","IL16"
"HDAC1","CHUK","WASF3"
"HDAC1","RPS6KA2","WASF3"
"HDAC1","MAPK1","WASF3"
"HDAC1","PTPN1","WASF3"
"HDAC1","KIT","WASF3"
"HDAC1","RPS6KB1","WASF3"
"HDAC1","EIF2AK2","WASF3"
"HDAC1","MAML3","WASF3"
"HDAC1","MAP2K1","WASF3"
"HDAC1","PPP1R2","WASF3"
"HDAC1","RACK1","WASF3"
"HDAC1","FBXW7","WASF3"
"HDAC1","NCK1","WASF3"
"HDAC1","AHSA1","WASF3"
"HDAC1","BTK","WASF3"
"HDAC1","TNK2","WASF3"
"HDAC1","HSP90AB1","WASF3"
"HDAC1","MAP2K2","WASF3"
"HDAC1","MAPK10","WASF3"
"HDAC1","JAK1","WASF3"
"HDAC1","PTPN7","WASF3"
"HDAC1","MAP4K1","WASF3"
"HDAC1","EPS15","WASF3"
"HDAC1","SHC1","WASF3"
"HDAC1","MAPK8IP3","WASF3"
"HDAC1","AXIN1","WASF3"
"HDAC1","MAP3K8","WASF3"
"HDAC1","PTK2B","WASF3"
"HDAC1","SNW1","WASF3"
"HDAC1","PARD6A","WASF3"
"HDAC1","GRIP1","WASF3"
"HDAC1","ARRB2","WASF3"
"HDAC1","INPP5D","WASF3"
"HDAC1","EZH2","WASF3"
"HDAC1","BCAR1","WASF3"
"HDAC1","NOTCH","WASF3"
"HDAC1","OPTN","WASF3"
"HDAC1","SPRY2","WASF3"
"HDAC1","ROR2","WASF3"
"HDAC1","IFIH1","WASF3"
"HDAC1","SH2B3","WASF3"
"HDAC1","BCR-Mk","WASF3"
"HDAC1","SRC","NR4A1"
"HDAC1","PTEN","NR4A1"
"HDAC1","MAPK8","NR4A1"
"HDAC1","PTPN1","NR4A1"
"HDAC1","KRAS","NR4A1"
"HDAC1","PTPRJ","NR4A1"
"HDAC1","PDPK1","NR4A1"
"HDAC1","MAP3K14","NR4A1"
"HDAC1","CDK5","NR4A1"
"HDAC1","AKT","NR4A1"
"HDAC1","WWTR1","NR4A1"
"HDAC1","DAPK1","NR4A1"
"HDAC1","PXN","NR4A1"
"HDAC1","ABL2","NR4A1"
"HDAC1","FBXW7","NR4A1"
"HDAC1","ITK","NR4A1"
"HDAC1","NCK1","NR4A1"
"HDAC1","AHSA1","NR4A1"
"HDAC1","CD19","NR4A1"
"HDAC1","STAT1","NR4A1"
"HDAC1","HSP90AB1","NR4A1"
"HDAC1","MAP2K2","NR4A1"
"HDAC1","MAPK10","NR4A1"
"HDAC1","PTPN7","NR4A1"
"HDAC1","CDKN2A","NR4A1"
"HDAC1","MAP4K1","NR4A1"
"HDAC1","IKK-complex","NR4A1"
"HDAC1","DUSP16","NR4A1"
"HDAC1","PTPRR","NR4A1"
"HDAC1","SNW1","NR4A1"
"HDAC1","GAB1","NR4A1"
"HDAC1","ESR1","NR4A1"
"HDAC1","ARRB2","NR4A1"
"HDAC1","BCR-Dk","NR4A1"
"HDAC1","NOTCH","NR4A1"
"HDAC1","NCOA1","NR4A1"
"HDAC1","FERMT2","NR4A1"
"HDAC1","NPM1","NR4A1"
"HDAC1","GCSAM","NR4A1"
"HDAC1","OPTN","NR4A1"
"HDAC1","ROR2","NR4A1"
"HDAC1","SH2B3","NR4A1"
"HDAC1","DAB1","NR4A1"
"HDAC1","SRC","TARDBP"
"HDAC1","RPS6KA2","TARDBP"
"HDAC1","PRKCD","TARDBP"
"HDAC1","KIT","TARDBP"
"HDAC1","PTPRJ","TARDBP"
"HDAC1","RPS6KB1","TARDBP"
"HDAC1","MAP3K14","TARDBP"
"HDAC1","PPP1R2","TARDBP"
"HDAC1","CDK5","TARDBP"
"HDAC1","WWTR1","TARDBP"
"HDAC1","PXN","TARDBP"
"HDAC1","FBXW7","TARDBP"
"HDAC1","ITK","TARDBP"
"HDAC1","AHSA1","TARDBP"
"HDAC1","TNK2","TARDBP"
"HDAC1","CD19","TARDBP"
"HDAC1","DVL2","TARDBP"
"HDAC1","MAPK10","TARDBP"
"HDAC1","DYRK1B","TARDBP"
"HDAC1","MEK1/2","TARDBP"
"HDAC1","PTPN7","TARDBP"
"HDAC1","MAPK8IP3","TARDBP"
"HDAC1","MAPKAPK5","TARDBP"
"HDAC1","PTPRR","TARDBP"
"HDAC1","PIN1","TARDBP"
"HDAC1","PARD6A","TARDBP"
"HDAC1","GAB1","TARDBP"
"HDAC1","PTPRA","TARDBP"
"HDAC1","GAB2","TARDBP"
"HDAC1","EZH2","TARDBP"
"HDAC1","BCR-Dk","TARDBP"
"HDAC1","BCAR1","TARDBP"
"HDAC1","BCR-Ml","TARDBP"
"HDAC1","NOTCH","TARDBP"
"HDAC1","NCOA1","TARDBP"
"HDAC1","ZMIZ1","TARDBP"
"HDAC1","TAB3","TARDBP"
"HDAC1","NPM1","TARDBP"
"HDAC1","OPTN","TARDBP"
"HDAC1","SPRY2","TARDBP"
"HDAC1","BCR-Dl","TARDBP"
"HDAC1","DDX58","TARDBP"
"HDAC1","ROR2","TARDBP"
"HDAC1","SH2B3","TARDBP"
"HDAC1","BCR-Mk","TARDBP"
"HDAC1","PTEN","CD5"
"HDAC1","MTOR","CD5"
"HDAC1","Gbeta","CD5"
"HDAC1","KIT","CD5"
"HDAC1","PTPRJ","CD5"
"HDAC1","RPS6KB1","CD5"
"HDAC1","EIF2AK2","CD5"
"HDAC1","MAML3","CD5"
"HDAC1","MAP3K14","CD5"
"HDAC1","PPP1R2","CD5"
"HDAC1","RACK1","CD5"
"HDAC1","DAPK1","CD5"
"HDAC1","PXN","CD5"
"HDAC1","FBXW7","CD5"
"HDAC1","NCK1","CD5"
"HDAC1","AHSA1","CD5"
"HDAC1","BTK","CD5"
"HDAC1","YAP1","CD5"
"HDAC1","MEK1/2","CD5"
"HDAC1","PTPN7","CD5"
"HDAC1","MAP4K1","CD5"
"HDAC1","EPS15","CD5"
"HDAC1","SHC1","CD5"
"HDAC1","MAPK8IP3","CD5"
"HDAC1","AXIN1","CD5"
"HDAC1","MAPKAPK5","CD5"
"HDAC1","BDKRB2","CD5"
"HDAC1","BMX","CD5"
"HDAC1","PTK2B","CD5"
"HDAC1","PRKCI","CD5"
"HDAC1","CTNND1","CD5"
"HDAC1","PIN1","CD5"
"HDAC1","PARD6A","CD5"
"HDAC1","CEP192","CD5"
"HDAC1","PTPRA","CD5"
"HDAC1","ESR1","CD5"
"HDAC1","ARRB2","CD5"
"HDAC1","BCR-Dk","CD5"
"HDAC1","BCR-Ml","CD5"
"HDAC1","FERMT2","CD5"
"HDAC1","TAB3","CD5"
"HDAC1","GCSAM","CD5"
"HDAC1","OPTN","CD5"
"HDAC1","SPRY2","CD5"
"HDAC1","BCR-Dl","CD5"
"HDAC1","DDX58","CD5"
"HDAC1","ROR2","CD5"
"HDAC1","DAB1","CD5"
"HDAC1","PLCG2","CD5"
"HDAC1","MAPK8","JUND"
"HDAC1","MTOR","JUND"
"HDAC1","AKT1","JUND"
"HDAC1","KRAS","JUND"
"HDAC1","KIT","JUND"
"HDAC1","PTPRJ","JUND"
"HDAC1","EIF2AK2","JUND"
"HDAC1","PPP1R2","JUND"
"HDAC1","CDK5","JUND"
"HDAC1","AKT","JUND"
"HDAC1","MAPK9","JUND"
"HDAC1","WWTR1","JUND"
"HDAC1","RACK1","JUND"
"HDAC1","PXN","JUND"
"HDAC1","PRKD1","JUND"
"HDAC1","ABL2","JUND"
"HDAC1","FBXW7","JUND"
"HDAC1","TNK2","JUND"
"HDAC1","CD19","JUND"
"HDAC1","STAT1","JUND"
"HDAC1","DVL2","JUND"
"HDAC1","DYRK1B","JUND"
"HDAC1","PTPN7","JUND"
"HDAC1","EPS15","JUND"
"HDAC1","AXIN1","JUND"
"HDAC1","MAPKAPK5","JUND"
"HDAC1","PTPRR","JUND"
"HDAC1","BDKRB2","JUND"
"HDAC1","BMX","JUND"
"HDAC1","PTK2B","JUND"
"HDAC1","CTNND1","JUND"
"HDAC1","PARD6A","JUND"
"HDAC1","CEP192","JUND"
"HDAC1","GAB1","JUND"
"HDAC1","PTPRA","JUND"
"HDAC1","GRIP1","JUND"
"HDAC1","ESR1","JUND"
"HDAC1","ARRB2","JUND"
"HDAC1","BCR-Dk","JUND"
"HDAC1","BCAR1","JUND"
"HDAC1","NCOA1","JUND"
"HDAC1","TAB3","JUND"
"HDAC1","GCSAM","JUND"
"HDAC1","OPTN","JUND"
"HDAC1","SPRY2","JUND"
"HDAC1","ROR2","JUND"
"HDAC1","BCR-Mk","JUND"
"HDAC1","PLCG2","JUND"
"HDAC1","CHUK","WAPL"
"HDAC1","MTOR","WAPL"
"HDAC1","MAPK1","WAPL"
"HDAC1","PTPN1","WAPL"
"HDAC1","KRAS","WAPL"
"HDAC1","RPS6KB1","WAPL"
"HDAC1","MAML3","WAPL"
"HDAC1","MAP3K14","WAPL"
"HDAC1","MAP2K1","WAPL"
"HDAC1","TGFBR2","WAPL"
"HDAC1","PPP1R2","WAPL"
"HDAC1","CDK5","WAPL"
"HDAC1","AKT","WAPL"
"HDAC1","RACK1","WAPL"
"HDAC1","DAPK1","WAPL"
"HDAC1","FBXW7","WAPL"
"HDAC1","ITK","WAPL"
"HDAC1","NCK1","WAPL"
"HDAC1","TNK2","WAPL"
"HDAC1","YAP1","WAPL"
"HDAC1","CD19","WAPL"
"HDAC1","MAP2K2","WAPL"
"HDAC1","MAPK10","WAPL"
"HDAC1","MEK1/2","WAPL"
"HDAC1","PTPN7","WAPL"
"HDAC1","MAP4K1","WAPL"
"HDAC1","IKK-complex","WAPL"
"HDAC1","SHC1","WAPL"
"HDAC1","MAPKAPK5","WAPL"
"HDAC1","PTPRR","WAPL"
"HDAC1","BDKRB2","WAPL"
"HDAC1","FLT4","WAPL"
"HDAC1","BMX","WAPL"
"HDAC1","SNW1","WAPL"
"HDAC1","PRKCI","WAPL"
"HDAC1","PIN1","WAPL"
"HDAC1","ESR1","WAPL"
"HDAC1","ARRB2","WAPL"
"HDAC1","INPP5D","WAPL"
"HDAC1","GAB2","WAPL"
"HDAC1","BCAR1","WAPL"
"HDAC1","BCR-Ml","WAPL"
"HDAC1","NOTCH","WAPL"
"HDAC1","NCOA1","WAPL"
"HDAC1","TAB3","WAPL"
"HDAC1","NPM1","WAPL"
"HDAC1","GCSAM","WAPL"
"HDAC1","BCR-Dl","WAPL"
"HDAC1","DDX58","WAPL"
"HDAC1","IFIH1","WAPL"
"HDAC1","SH2B3","WAPL"
"HDAC1","DAB1","WAPL"
"HDAC1","BCR-Mk","WAPL"
"HDAC1","PLCG2","WAPL"
"HDAC1","CHUK","OSBP2"
"HDAC1","SRC","OSBP2"
"HDAC1","RPS6KA2","OSBP2"
"HDAC1","PTEN","OSBP2"
"HDAC1","AKT1","OSBP2"
"HDAC1","PRKCD","OSBP2"
"HDAC1","MAPK1","OSBP2"
"HDAC1","PTPN1","OSBP2"
"HDAC1","KRAS","OSBP2"
"HDAC1","KIT","OSBP2"
"HDAC1","PTPRJ","OSBP2"
"HDAC1","RPS6KB1","OSBP2"
"HDAC1","EIF2AK2","OSBP2"
"HDAC1","MAML3","OSBP2"
"HDAC1","MAP3K14","OSBP2"
"HDAC1","GSK3B","OSBP2"
"HDAC1","TGFBR2","OSBP2"
"HDAC1","PAK2","OSBP2"
"HDAC1","PPP1R2","OSBP2"
"HDAC1","CDK5","OSBP2"
"HDAC1","AKT","OSBP2"
"HDAC1","MAPK9","OSBP2"
"HDAC1","RACK1","OSBP2"
"HDAC1","DAPK1","OSBP2"
"HDAC1","PXN","OSBP2"
"HDAC1","PRKD1","OSBP2"
"HDAC1","ABL2","OSBP2"
"HDAC1","FBXW7","OSBP2"
"HDAC1","ITK","OSBP2"
"HDAC1","AHSA1","OSBP2"
"HDAC1","BTK","OSBP2"
"HDAC1","TNK2","OSBP2"
"HDAC1","CD19","OSBP2"
"HDAC1","STAT1","OSBP2"
"HDAC1","MAP2K2","OSBP2"
"HDAC1","MAPK10","OSBP2"
"HDAC1","MEK1/2","OSBP2"
"HDAC1","PTPN7","OSBP2"
"HDAC1","CDKN2A","OSBP2"
"HDAC1","MAP4K1","OSBP2"
"HDAC1","EPS15","OSBP2"
"HDAC1","SHC1","OSBP2"
"HDAC1","MAPK8IP3","OSBP2"
"HDAC1","DUSP16","OSBP2"
"HDAC1","PTPRR","OSBP2"
"HDAC1","BDKRB2","OSBP2"
"HDAC1","BMX","OSBP2"
"HDAC1","NEK6","OSBP2"
"HDAC1","PIN1","OSBP2"
"HDAC1","PARD6A","OSBP2"
"HDAC1","CEP192","OSBP2"
"HDAC1","ESR1","OSBP2"
"HDAC1","GAB2","OSBP2"
"HDAC1","BCR-Ml","OSBP2"
"HDAC1","NCOA1","OSBP2"
"HDAC1","FERMT2","OSBP2"
"HDAC1","GCSAM","OSBP2"
"HDAC1","OPTN","OSBP2"
"HDAC1","BCR-Dl","OSBP2"
"HDAC1","ROR2","OSBP2"
"HDAC1","IFIH1","OSBP2"
"HDAC1","RPS6KA2","KIF2B"
"HDAC1","PTEN","KIF2B"
"HDAC1","MAPK8","KIF2B"
"HDAC1","AKT1","KIF2B"
"HDAC1","MAPK1","KIF2B"
"HDAC1","RPS6KB1","KIF2B"
"HDAC1","MAML3","KIF2B"
"HDAC1","MAP2K1","KIF2B"
"HDAC1","TGFBR2","KIF2B"
"HDAC1","PAK2","KIF2B"
"HDAC1","CDK5","KIF2B"
"HDAC1","FBXW7","KIF2B"
"HDAC1","ITK","KIF2B"
"HDAC1","AHSA1","KIF2B"
"HDAC1","YAP1","KIF2B"
"HDAC1","CD19","KIF2B"
"HDAC1","DVL2","KIF2B"
"HDAC1","MAPK10","KIF2B"
"HDAC1","CDKN2A","KIF2B"
"HDAC1","MAP4K1","KIF2B"
"HDAC1","IKK-complex","KIF2B"
"HDAC1","SHC1","KIF2B"
"HDAC1","AXIN1","KIF2B"
"HDAC1","EPHA2","KIF2B"
"HDAC1","PTK2B","KIF2B"
"HDAC1","CTNND1","KIF2B"
"HDAC1","PIN1","KIF2B"
"HDAC1","PARD6A","KIF2B"
"HDAC1","CEP192","KIF2B"
"HDAC1","GRIP1","KIF2B"
"HDAC1","ESR1","KIF2B"
"HDAC1","ARRB2","KIF2B"
"HDAC1","INPP5D","KIF2B"
"HDAC1","EZH2","KIF2B"
"HDAC1","BCR-Dk","KIF2B"
"HDAC1","NCOA1","KIF2B"
"HDAC1","FERMT2","KIF2B"
"HDAC1","NPM1","KIF2B"
"HDAC1","IFIH1","KIF2B"
"HDAC1","DAB1","KIF2B"
"HDAC1","BCR-Mk","KIF2B"
"HDAC1","PLCG2","KIF2B"
"HDAC1","CHUK","CD33"
"HDAC1","SRC","CD33"
"HDAC1","MAPK8","CD33"
"HDAC1","AKT1","CD33"
"HDAC1","PRKCD","CD33"
"HDAC1","MAPK1","CD33"
"HDAC1","Gbeta","CD33"
"HDAC1","PDPK1","CD33"
"HDAC1","MAML3","CD33"
"HDAC1","MAP3K14","CD33"
"HDAC1","TGFBR2","CD33"
"HDAC1","PXN","CD33"
"HDAC1","PRKD1","CD33"
"HDAC1","FBXW7","CD33"
"HDAC1","YAP1","CD33"
"HDAC1","CD19","CD33"
"HDAC1","STAT1","CD33"
"HDAC1","DVL2","CD33"
"HDAC1","MAPK10","CD33"
"HDAC1","DYRK1B","CD33"
"HDAC1","MEK1/2","CD33"
"HDAC1","JAK1","CD33"
"HDAC1","PTPN7","CD33"
"HDAC1","CDKN2A","CD33"
"HDAC1","MAP4K1","CD33"
"HDAC1","EPS15","CD33"
"HDAC1","IKK-complex","CD33"
"HDAC1","SHC1","CD33"
"HDAC1","MAPK8IP3","CD33"
"HDAC1","AXIN1","CD33"
"HDAC1","DUSP16","CD33"
"HDAC1","MAP3K8","CD33"
"HDAC1","PTPRR","CD33"
"HDAC1","PTK2B","CD33"
"HDAC1","NEK6","CD33"
"HDAC1","PIN1","CD33"
"HDAC1","PARD6A","CD33"
"HDAC1","CEP192","CD33"
"HDAC1","PTPRA","CD33"
"HDAC1","ESR1","CD33"
"HDAC1","ARRB2","CD33"
"HDAC1","GAB2","CD33"
"HDAC1","NOTCH","CD33"
"HDAC1","NPM1","CD33"
"HDAC1","OPTN","CD33"
"HDAC1","IFIH1","CD33"
"HDAC1","DAB1","CD33"
"HDAC1","PLCG2","CD33"
"HDAC1","PRKCD","ALOX5"
"HDAC1","MAPK1","ALOX5"
"HDAC1","PTPN1","ALOX5"
"HDAC1","Gbeta","ALOX5"
"HDAC1","KRAS","ALOX5"
"HDAC1","KIT","ALOX5"
"HDAC1","RPS6KB1","ALOX5"
"HDAC1","EIF2AK2","ALOX5"
"HDAC1","PDPK1","ALOX5"
"HDAC1","MAML3","ALOX5"
"HDAC1","MAP3K14","ALOX5"
"HDAC1","MAP2K1","ALOX5"
"HDAC1","TGFBR2","ALOX5"
"HDAC1","PAK2","ALOX5"
"HDAC1","PPP1R2","ALOX5"
"HDAC1","CDK5","ALOX5"
"HDAC1","AKT","ALOX5"
"HDAC1","MAPK9","ALOX5"
"HDAC1","WWTR1","ALOX5"
"HDAC1","RACK1","ALOX5"
"HDAC1","DAPK1","ALOX5"
"HDAC1","PXN","ALOX5"
"HDAC1","PRKD1","ALOX5"
"HDAC1","ABL2","ALOX5"
"HDAC1","ITK","ALOX5"
"HDAC1","AHSA1","ALOX5"
"HDAC1","STAT1","ALOX5"
"HDAC1","DVL2","ALOX5"
"HDAC1","MEK1/2","ALOX5"
"HDAC1","CDKN2A","ALOX5"
"HDAC1","MAP4K1","ALOX5"
"HDAC1","IKK-complex","ALOX5"
"HDAC1","MAPK8IP3","ALOX5"
"HDAC1","PTK2B","ALOX5"
"HDAC1","SNW1","ALOX5"
"HDAC1","NEK6","ALOX5"
"HDAC1","PRKCI","ALOX5"
"HDAC1","GAB1","ALOX5"
"HDAC1","ARRB2","ALOX5"
"HDAC1","NCOA1","ALOX5"
"HDAC1","FERMT2","ALOX5"
"HDAC1","ZMIZ1","ALOX5"
"HDAC1","TAB3","ALOX5"
"HDAC1","NPM1","ALOX5"
"HDAC1","GCSAM","ALOX5"
"HDAC1","BCR-Dl","ALOX5"
"HDAC1","ROR2","ALOX5"
"HDAC1","SH2B3","ALOX5"
"HDAC1","PLCG2","ALOX5"
"HDAC1","SRC","MIS12 complex"
"HDAC1","RPS6KA2","MIS12 complex"
"HDAC1","PTEN","MIS12 complex"
"HDAC1","MAPK8","MIS12 complex"
"HDAC1","MTOR","MIS12 complex"
"HDAC1","AKT1","MIS12 complex"
"HDAC1","PRKCD","MIS12 complex"
"HDAC1","MAPK1","MIS12 complex"
"HDAC1","PTPN1","MIS12 complex"
"HDAC1","KRAS","MIS12 complex"
"HDAC1","PTPRJ","MIS12 complex"
"HDAC1","RPS6KB1","MIS12 complex"
"HDAC1","MAP3K14","MIS12 complex"
"HDAC1","GSK3B","MIS12 complex"
"HDAC1","AKT","MIS12 complex"
"HDAC1","WWTR1","MIS12 complex"
"HDAC1","RACK1","MIS12 complex"
"HDAC1","DAPK1","MIS12 complex"
"HDAC1","PXN","MIS12 complex"
"HDAC1","ABL2","MIS12 complex"
"HDAC1","NCK1","MIS12 complex"
"HDAC1","BTK","MIS12 complex"
"HDAC1","MAP2K2","MIS12 complex"
"HDAC1","PTPN7","MIS12 complex"
"HDAC1","CDKN2A","MIS12 complex"
"HDAC1","MAP4K1","MIS12 complex"
"HDAC1","IKK-complex","MIS12 complex"
"HDAC1","BDKRB2","MIS12 complex"
"HDAC1","BMX","MIS12 complex"
"HDAC1","PTK2B","MIS12 complex"
"HDAC1","NEK6","MIS12 complex"
"HDAC1","CTNND1","MIS12 complex"
"HDAC1","PIN1","MIS12 complex"
"HDAC1","PARD6A","MIS12 complex"
"HDAC1","CEP192","MIS12 complex"
"HDAC1","GAB1","MIS12 complex"
"HDAC1","ARRB2","MIS12 complex"
"HDAC1","GAB2","MIS12 complex"
"HDAC1","EZH2","MIS12 complex"
"HDAC1","BCR-Dk","MIS12 complex"
"HDAC1","BCAR1","MIS12 complex"
"HDAC1","FERMT2","MIS12 complex"
"HDAC1","ZMIZ1","MIS12 complex"
"HDAC1","TAB3","MIS12 complex"
"HDAC1","GCSAM","MIS12 complex"
"HDAC1","SPRY2","MIS12 complex"
"HDAC1","BCR-Dl","MIS12 complex"
"HDAC1","DDX58","MIS12 complex"
"HDAC1","DAB1","MIS12 complex"
"HDAC1","SRC","TERF1"
"HDAC1","PTEN","TERF1"
"HDAC1","MAPK8","TERF1"
"HDAC1","AKT1","TERF1"
"HDAC1","PRKCD","TERF1"
"HDAC1","PTPN1","TERF1"
"HDAC1","KRAS","TERF1"
"HDAC1","MAP3K14","TERF1"
"HDAC1","MAP2K1","TERF1"
"HDAC1","PPP1R2","TERF1"
"HDAC1","CDK5","TERF1"
"HDAC1","AKT","TERF1"
"HDAC1","WWTR1","TERF1"
"HDAC1","PRKD1","TERF1"
"HDAC1","ABL2","TERF1"
"HDAC1","ITK","TERF1"
"HDAC1","NCK1","TERF1"
"HDAC1","AHSA1","TERF1"
"HDAC1","BTK","TERF1"
"HDAC1","TNK2","TERF1"
"HDAC1","STAT1","TERF1"
"HDAC1","HSP90AB1","TERF1"
"HDAC1","DVL2","TERF1"
"HDAC1","MAPK10","TERF1"
"HDAC1","MEK1/2","TERF1"
"HDAC1","CDKN2A","TERF1"
"HDAC1","MAP4K1","TERF1"
"HDAC1","IKK-complex","TERF1"
"HDAC1","SHC1","TERF1"
"HDAC1","MAPK8IP3","TERF1"
"HDAC1","AXIN1","TERF1"
"HDAC1","DUSP16","TERF1"
"HDAC1","PTK2B","TERF1"
"HDAC1","SNW1","TERF1"
"HDAC1","NEK6","TERF1"
"HDAC1","PRKCI","TERF1"
"HDAC1","GAB1","TERF1"
"HDAC1","PTPRA","TERF1"
"HDAC1","GRIP1","TERF1"
"HDAC1","ESR1","TERF1"
"HDAC1","INPP5D","TERF1"
"HDAC1","EZH2","TERF1"
"HDAC1","NOTCH","TERF1"
"HDAC1","NCOA1","TERF1"
"HDAC1","TAB3","TERF1"
"HDAC1","GCSAM","TERF1"
"HDAC1","OPTN","TERF1"
"HDAC1","ROR2","TERF1"
"HDAC1","IFIH1","TERF1"
"HDAC1","SH2B3","TERF1"
"HDAC1","DAB1","TERF1"
"HDAC1","CHUK","GRIN2B"
"HDAC1","PTEN","GRIN2B"
"HDAC1","MAPK8","GRIN2B"
"HDAC1","AKT1","GRIN2B"
"HDAC1","PTPN1","GRIN2B"
"HDAC1","KIT","GRIN2B"
"HDAC1","MAP3K14","GRIN2B"
"HDAC1","MAP2K1","GRIN2B"
"HDAC1","GSK3B","GRIN2B"
"HDAC1","PPP1R2","GRIN2B"
"HDAC1","RACK1","GRIN2B"
"HDAC1","DAPK1","GRIN2B"
"HDAC1","ITK","GRIN2B"
"HDAC1","NCK1","GRIN2B"
"HDAC1","TNK2","GRIN2B"
"HDAC1","YAP1","GRIN2B"
"HDAC1","CD19","GRIN2B"
"HDAC1","STAT1","GRIN2B"
"HDAC1","DYRK1B","GRIN2B"
"HDAC1","MEK1/2","GRIN2B"
"HDAC1","JAK1","GRIN2B"
"HDAC1","PTPN7","GRIN2B"
"HDAC1","CDKN2A","GRIN2B"
"HDAC1","MAP4K1","GRIN2B"
"HDAC1","EPS15","GRIN2B"
"HDAC1","SHC1","GRIN2B"
"HDAC1","AXIN1","GRIN2B"
"HDAC1","DUSP16","GRIN2B"
"HDAC1","EPHA2","GRIN2B"
"HDAC1","MAP3K8","GRIN2B"
"HDAC1","PTPRR","GRIN2B"
"HDAC1","BDKRB2","GRIN2B"
"HDAC1","FLT4","GRIN2B"
"HDAC1","PTK2B","GRIN2B"
"HDAC1","SNW1","GRIN2B"
"HDAC1","NEK6","GRIN2B"
"HDAC1","PRKCI","GRIN2B"
"HDAC1","CTNND1","GRIN2B"
"HDAC1","PIN1","GRIN2B"
"HDAC1","PARD6A","GRIN2B"
"HDAC1","GAB1","GRIN2B"
"HDAC1","PTPRA","GRIN2B"
"HDAC1","GRIP1","GRIN2B"
"HDAC1","ESR1","GRIN2B"
"HDAC1","GAB2","GRIN2B"
"HDAC1","EZH2","GRIN2B"
"HDAC1","BCR-Dk","GRIN2B"
"HDAC1","BCAR1","GRIN2B"
"HDAC1","BCR-Ml","GRIN2B"
"HDAC1","NOTCH","GRIN2B"
"HDAC1","NCOA1","GRIN2B"
"HDAC1","ZMIZ1","GRIN2B"
"HDAC1","NPM1","GRIN2B"
"HDAC1","GCSAM","GRIN2B"
"HDAC1","SPRY2","GRIN2B"
"HDAC1","BCR-Dl","GRIN2B"
"HDAC1","DDX58","GRIN2B"
"HDAC1","ROR2","GRIN2B"
"HDAC1","IFIH1","GRIN2B"
"HDAC1","SH2B3","GRIN2B"
"HDAC1","BCR-Mk","GRIN2B"
"HDAC1","PLCG2","GRIN2B"
"HDAC1","CHUK","MED1"
"HDAC1","SRC","MED1"
"HDAC1","RPS6KA2","MED1"
"HDAC1","PTEN","MED1"
"HDAC1","MAPK8","MED1"
"HDAC1","MTOR","MED1"
"HDAC1","AKT1","MED1"
"HDAC1","PRKCD","MED1"
"HDAC1","MAPK1","MED1"
"HDAC1","Gbeta","MED1"
"HDAC1","KRAS","MED1"
"HDAC1","KIT","MED1"
"HDAC1","PTPRJ","MED1"
"HDAC1","RPS6KB1","MED1"
"HDAC1","EIF2AK2","MED1"
"HDAC1","PDPK1","MED1"
"HDAC1","MAML3","MED1"
"HDAC1","MAP3K14","MED1"
"HDAC1","GSK3B","MED1"
"HDAC1","TGFBR2","MED1"
"HDAC1","PAK2","MED1"
"HDAC1","PPP1R2","MED1"
"HDAC1","CDK5","MED1"
"HDAC1","AKT","MED1"
"HDAC1","RACK1","MED1"
"HDAC1","DAPK1","MED1"
"HDAC1","PXN","MED1"
"HDAC1","PRKD1","MED1"
"HDAC1","FBXW7","MED1"
"HDAC1","ITK","MED1"
"HDAC1","AHSA1","MED1"
"HDAC1","BTK","MED1"
"HDAC1","YAP1","MED1"
"HDAC1","CD19","MED1"
"HDAC1","DVL2","MED1"
"HDAC1","MAP2K2","MED1"
"HDAC1","JAK1","MED1"
"HDAC1","IKK-complex","MED1"
"HDAC1","SHC1","MED1"
"HDAC1","MAPKAPK5","MED1"
"HDAC1","EPHA2","MED1"
"HDAC1","PTPRR","MED1"
"HDAC1","BMX","MED1"
"HDAC1","PTK2B","MED1"
"HDAC1","NEK6","MED1"
"HDAC1","CTNND1","MED1"
"HDAC1","PARD6A","MED1"
"HDAC1","PTPRA","MED1"
"HDAC1","ESR1","MED1"
"HDAC1","ARRB2","MED1"
"HDAC1","INPP5D","MED1"
"HDAC1","EZH2","MED1"
"HDAC1","BCR-Ml","MED1"
"HDAC1","FERMT2","MED1"
"HDAC1","TAB3","MED1"
"HDAC1","OPTN","MED1"
"HDAC1","PLCG2","MED1"
"HDAC1","CHUK","PELP1"
"HDAC1","SRC","PELP1"
"HDAC1","RPS6KA2","PELP1"
"HDAC1","PTEN","PELP1"
"HDAC1","MAPK1","PELP1"
"HDAC1","PTPN1","PELP1"
"HDAC1","Gbeta","PELP1"
"HDAC1","KRAS","PELP1"
"HDAC1","KIT","PELP1"
"HDAC1","RPS6KB1","PELP1"
"HDAC1","EIF2AK2","PELP1"
"HDAC1","PDPK1","PELP1"
"HDAC1","MAML3","PELP1"
"HDAC1","MAP3K14","PELP1"
"HDAC1","MAP2K1","PELP1"
"HDAC1","GSK3B","PELP1"
"HDAC1","TGFBR2","PELP1"
"HDAC1","PPP1R2","PELP1"
"HDAC1","WWTR1","PELP1"
"HDAC1","DAPK1","PELP1"
"HDAC1","ABL2","PELP1"
"HDAC1","FBXW7","PELP1"
"HDAC1","AHSA1","PELP1"
"HDAC1","BTK","PELP1"
"HDAC1","DVL2","PELP1"
"HDAC1","MAP2K2","PELP1"
"HDAC1","MAPK10","PELP1"
"HDAC1","DYRK1B","PELP1"
"HDAC1","MEK1/2","PELP1"
"HDAC1","PTPN7","PELP1"
"HDAC1","IKK-complex","PELP1"
"HDAC1","SHC1","PELP1"
"HDAC1","PTPRR","PELP1"
"HDAC1","BDKRB2","PELP1"
"HDAC1","FLT4","PELP1"
"HDAC1","PTK2B","PELP1"
"HDAC1","SNW1","PELP1"
"HDAC1","PIN1","PELP1"
"HDAC1","PARD6A","PELP1"
"HDAC1","CEP192","PELP1"
"HDAC1","GAB1","PELP1"
"HDAC1","ESR1","PELP1"
"HDAC1","GAB2","PELP1"
"HDAC1","NCOA1","PELP1"
"HDAC1","FERMT2","PELP1"
"HDAC1","TAB3","PELP1"
"HDAC1","NPM1","PELP1"
"HDAC1","GCSAM","PELP1"
"HDAC1","OPTN","PELP1"
"HDAC1","SPRY2","PELP1"
"HDAC1","BCR-Dl","PELP1"
"HDAC1","DDX58","PELP1"
"HDAC1","ROR2","PELP1"
"HDAC1","IFIH1","PELP1"
"HDAC1","DAB1","PELP1"
"HDAC1","BCR-Mk","PELP1"
"HDAC1","PLCG2","PELP1"
"HDAC1","CHUK","TP63"
"HDAC1","SRC","TP63"
"HDAC1","PTEN","TP63"
"HDAC1","MTOR","TP63"
"HDAC1","PTPN1","TP63"
"HDAC1","Gbeta","TP63"
"HDAC1","KIT","TP63"
"HDAC1","PTPRJ","TP63"
"HDAC1","RPS6KB1","TP63"
"HDAC1","EIF2AK2","TP63"
"HDAC1","PDPK1","TP63"
"HDAC1","MAP2K1","TP63"
"HDAC1","TGFBR2","TP63"
"HDAC1","AKT","TP63"
"HDAC1","WWTR1","TP63"
"HDAC1","RACK1","TP63"
"HDAC1","PXN","TP63"
"HDAC1","ABL2","TP63"
"HDAC1","FBXW7","TP63"
"HDAC1","BTK","TP63"
"HDAC1","STAT1","TP63"
"HDAC1","HSP90AB1","TP63"
"HDAC1","DYRK1B","TP63"
"HDAC1","PTPN7","TP63"
"HDAC1","MAP4K1","TP63"
"HDAC1","EPS15","TP63"
"HDAC1","IKK-complex","TP63"
"HDAC1","SHC1","TP63"
"HDAC1","MAPK8IP3","TP63"
"HDAC1","AXIN1","TP63"
"HDAC1","MAPKAPK5","TP63"
"HDAC1","DUSP16","TP63"
"HDAC1","MAP3K8","TP63"
"HDAC1","FLT4","TP63"
"HDAC1","BMX","TP63"
"HDAC1","PTK2B","TP63"
"HDAC1","SNW1","TP63"
"HDAC1","NEK6","TP63"
"HDAC1","PRKCI","TP63"
"HDAC1","CTNND1","TP63"
"HDAC1","PARD6A","TP63"
"HDAC1","CEP192","TP63"
"HDAC1","GAB1","TP63"
"HDAC1","PTPRA","TP63"
"HDAC1","GRIP1","TP63"
"HDAC1","ESR1","TP63"
"HDAC1","ARRB2","TP63"
"HDAC1","GAB2","TP63"
"HDAC1","BCAR1","TP63"
"HDAC1","BCR-Ml","TP63"
"HDAC1","GCSAM","TP63"
"HDAC1","BCR-Dl","TP63"
"HDAC1","DDX58","TP63"
"HDAC1","ROR2","TP63"
"HDAC1","DAB1","TP63"
"HDAC1","SRC","TWIST1"
"HDAC1","PTEN","TWIST1"
"HDAC1","MTOR","TWIST1"
"HDAC1","PRKCD","TWIST1"
"HDAC1","MAPK1","TWIST1"
"HDAC1","PTPRJ","TWIST1"
"HDAC1","RPS6KB1","TWIST1"
"HDAC1","PDPK1","TWIST1"
"HDAC1","MAP2K1","TWIST1"
"HDAC1","TGFBR2","TWIST1"
"HDAC1","PAK2","TWIST1"
"HDAC1","MAPK9","TWIST1"
"HDAC1","WWTR1","TWIST1"
"HDAC1","RACK1","TWIST1"
"HDAC1","DAPK1","TWIST1"
"HDAC1","PRKD1","TWIST1"
"HDAC1","AHSA1","TWIST1"
"HDAC1","STAT1","TWIST1"
"HDAC1","JAK1","TWIST1"
"HDAC1","MAPKAPK5","TWIST1"
"HDAC1","DUSP16","TWIST1"
"HDAC1","FLT4","TWIST1"
"HDAC1","PTK2B","TWIST1"
"HDAC1","SNW1","TWIST1"
"HDAC1","PRKCI","TWIST1"
"HDAC1","CTNND1","TWIST1"
"HDAC1","ARRB2","TWIST1"
"HDAC1","INPP5D","TWIST1"
"HDAC1","GAB2","TWIST1"
"HDAC1","BCAR1","TWIST1"
"HDAC1","NOTCH","TWIST1"
"HDAC1","NCOA1","TWIST1"
"HDAC1","FERMT2","TWIST1"
"HDAC1","TAB3","TWIST1"
"HDAC1","NPM1","TWIST1"
"HDAC1","GCSAM","TWIST1"
"HDAC1","OPTN","TWIST1"
"HDAC1","SPRY2","TWIST1"
"HDAC1","BCR-Dl","TWIST1"
"HDAC1","DDX58","TWIST1"
"HDAC1","ROR2","TWIST1"
"HDAC1","IFIH1","TWIST1"
"HDAC1","SH2B3","TWIST1"
"HDAC1","PLCG2","TWIST1"
"HDAC1","SRC","HIF1A"
"HDAC1","MAPK8","HIF1A"
"HDAC1","Gbeta","HIF1A"
"HDAC1","KRAS","HIF1A"
"HDAC1","EIF2AK2","HIF1A"
"HDAC1","PDPK1","HIF1A"
"HDAC1","MAML3","HIF1A"
"HDAC1","MAP3K14","HIF1A"
"HDAC1","MAP2K1","HIF1A"
"HDAC1","GSK3B","HIF1A"
"HDAC1","PAK2","HIF1A"
"HDAC1","CDK5","HIF1A"
"HDAC1","AKT","HIF1A"
"HDAC1","RACK1","HIF1A"
"HDAC1","ABL2","HIF1A"
"HDAC1","FBXW7","HIF1A"
"HDAC1","ITK","HIF1A"
"HDAC1","NCK1","HIF1A"
"HDAC1","AHSA1","HIF1A"
"HDAC1","BTK","HIF1A"
"HDAC1","STAT1","HIF1A"
"HDAC1","MAP2K2","HIF1A"
"HDAC1","JAK1","HIF1A"
"HDAC1","EPS15","HIF1A"
"HDAC1","SHC1","HIF1A"
"HDAC1","MAPK8IP3","HIF1A"
"HDAC1","AXIN1","HIF1A"
"HDAC1","MAPKAPK5","HIF1A"
"HDAC1","NEK6","HIF1A"
"HDAC1","CTNND1","HIF1A"
"HDAC1","ESR1","HIF1A"
"HDAC1","ARRB2","HIF1A"
"HDAC1","INPP5D","HIF1A"
"HDAC1","GAB2","HIF1A"
"HDAC1","EZH2","HIF1A"
"HDAC1","BCR-Dk","HIF1A"
"HDAC1","NOTCH","HIF1A"
"HDAC1","NCOA1","HIF1A"
"HDAC1","ZMIZ1","HIF1A"
"HDAC1","NPM1","HIF1A"
"HDAC1","BCR-Dl","HIF1A"
"HDAC1","IFIH1","HIF1A"
"HDAC1","SH2B3","HIF1A"
"HDAC1","PLCG2","HIF1A"
"HDAC1","CHUK","CYP19A1"
"HDAC1","PTEN","CYP19A1"
"HDAC1","MAPK8","CYP19A1"
"HDAC1","MTOR","CYP19A1"
"HDAC1","AKT1","CYP19A1"
"HDAC1","MAPK1","CYP19A1"
"HDAC1","Gbeta","CYP19A1"
"HDAC1","KIT","CYP19A1"
"HDAC1","PDPK1","CYP19A1"
"HDAC1","MAP3K14","CYP19A1"
"HDAC1","MAP2K1","CYP19A1"
"HDAC1","GSK3B","CYP19A1"
"HDAC1","TGFBR2","CYP19A1"
"HDAC1","CDK5","CYP19A1"
"HDAC1","MAPK9","CYP19A1"
"HDAC1","DAPK1","CYP19A1"
"HDAC1","ABL2","CYP19A1"
"HDAC1","NCK1","CYP19A1"
"HDAC1","AHSA1","CYP19A1"
"HDAC1","BTK","CYP19A1"
"HDAC1","YAP1","CYP19A1"
"HDAC1","STAT1","CYP19A1"
"HDAC1","HSP90AB1","CYP19A1"
"HDAC1","DVL2","CYP19A1"
"HDAC1","MAP2K2","CYP19A1"
"HDAC1","MAPK10","CYP19A1"
"HDAC1","DYRK1B","CYP19A1"
"HDAC1","MEK1/2","CYP19A1"
"HDAC1","JAK1","CYP19A1"
"HDAC1","PTPN7","CYP19A1"
"HDAC1","MAP4K1","CYP19A1"
"HDAC1","EPS15","CYP19A1"
"HDAC1","IKK-complex","CYP19A1"
"HDAC1","SHC1","CYP19A1"
"HDAC1","MAPK8IP3","CYP19A1"
"HDAC1","AXIN1","CYP19A1"
"HDAC1","DUSP16","CYP19A1"
"HDAC1","EPHA2","CYP19A1"
"HDAC1","MAP3K8","CYP19A1"
"HDAC1","PTPRR","CYP19A1"
"HDAC1","BDKRB2","CYP19A1"
"HDAC1","PTK2B","CYP19A1"
"HDAC1","SNW1","CYP19A1"
"HDAC1","PRKCI","CYP19A1"
"HDAC1","CTNND1","CYP19A1"
"HDAC1","PIN1","CYP19A1"
"HDAC1","PARD6A","CYP19A1"
"HDAC1","CEP192","CYP19A1"
"HDAC1","GAB1","CYP19A1"
"HDAC1","ESR1","CYP19A1"
"HDAC1","INPP5D","CYP19A1"
"HDAC1","GAB2","CYP19A1"
"HDAC1","BCR-Dk","CYP19A1"
"HDAC1","BCAR1","CYP19A1"
"HDAC1","FERMT2","CYP19A1"
"HDAC1","ZMIZ1","CYP19A1"
"HDAC1","TAB3","CYP19A1"
"HDAC1","NPM1","CYP19A1"
"HDAC1","GCSAM","CYP19A1"
"HDAC1","OPTN","CYP19A1"
"HDAC1","SH2B3","CYP19A1"
"HDAC1","DAB1","CYP19A1"
"HDAC1","BCR-Mk","CYP19A1"
"HDAC1","PLCG2","CYP19A1"
"HDAC1","CHUK","SP3"
"HDAC1","SRC","SP3"
"HDAC1","PTEN","SP3"
"HDAC1","MTOR","SP3"
"HDAC1","PRKCD","SP3"
"HDAC1","MAPK1","SP3"
"HDAC1","PTPN1","SP3"
"HDAC1","KIT","SP3"
"HDAC1","PTPRJ","SP3"
"HDAC1","RPS6KB1","SP3"
"HDAC1","EIF2AK2","SP3"
"HDAC1","PDPK1","SP3"
"HDAC1","MAML3","SP3"
"HDAC1","MAP3K14","SP3"
"HDAC1","MAP2K1","SP3"
"HDAC1","GSK3B","SP3"
"HDAC1","TGFBR2","SP3"
"HDAC1","PAK2","SP3"
"HDAC1","CDK5","SP3"
"HDAC1","AKT","SP3"
"HDAC1","WWTR1","SP3"
"HDAC1","RACK1","SP3"
"HDAC1","PXN","SP3"
"HDAC1","PRKD1","SP3"
"HDAC1","ABL2","SP3"
"HDAC1","FBXW7","SP3"
"HDAC1","ITK","SP3"
"HDAC1","BTK","SP3"
"HDAC1","TNK2","SP3"
"HDAC1","YAP1","SP3"
"HDAC1","CD19","SP3"
"HDAC1","HSP90AB1","SP3"
"HDAC1","DVL2","SP3"
"HDAC1","MAP2K2","SP3"
"HDAC1","PTPN7","SP3"
"HDAC1","MAP4K1","SP3"
"HDAC1","EPS15","SP3"
"HDAC1","IKK-complex","SP3"
"HDAC1","MAPK8IP3","SP3"
"HDAC1","MAPKAPK5","SP3"
"HDAC1","PTPRR","SP3"
"HDAC1","BMX","SP3"
"HDAC1","NEK6","SP3"
"HDAC1","CTNND1","SP3"
"HDAC1","PARD6A","SP3"
"HDAC1","CEP192","SP3"
"HDAC1","GAB1","SP3"
"HDAC1","PTPRA","SP3"
"HDAC1","GRIP1","SP3"
"HDAC1","INPP5D","SP3"
"HDAC1","GAB2","SP3"
"HDAC1","BCR-Ml","SP3"
"HDAC1","NOTCH","SP3"
"HDAC1","NPM1","SP3"
"HDAC1","OPTN","SP3"
"HDAC1","BCR-Dl","SP3"
"HDAC1","ROR2","SP3"
"HDAC1","IFIH1","SP3"
"HDAC1","CHUK","SIAH2"
"HDAC1","SRC","SIAH2"
"HDAC1","RPS6KA2","SIAH2"
"HDAC1","PTEN","SIAH2"
"HDAC1","MAPK8","SIAH2"
"HDAC1","MTOR","SIAH2"
"HDAC1","AKT1","SIAH2"
"HDAC1","MAPK1","SIAH2"
"HDAC1","PTPN1","SIAH2"
"HDAC1","Gbeta","SIAH2"
"HDAC1","PTPRJ","SIAH2"
"HDAC1","RPS6KB1","SIAH2"
"HDAC1","EIF2AK2","SIAH2"
"HDAC1","MAML3","SIAH2"
"HDAC1","MAP3K14","SIAH2"
"HDAC1","CDK5","SIAH2"
"HDAC1","MAPK9","SIAH2"
"HDAC1","RACK1","SIAH2"
"HDAC1","DAPK1","SIAH2"
"HDAC1","PXN","SIAH2"
"HDAC1","NCK1","SIAH2"
"HDAC1","CD19","SIAH2"
"HDAC1","STAT1","SIAH2"
"HDAC1","HSP90AB1","SIAH2"
"HDAC1","DVL2","SIAH2"
"HDAC1","MAPK10","SIAH2"
"HDAC1","MEK1/2","SIAH2"
"HDAC1","CDKN2A","SIAH2"
"HDAC1","SHC1","SIAH2"
"HDAC1","AXIN1","SIAH2"
"HDAC1","MAPKAPK5","SIAH2"
"HDAC1","EPHA2","SIAH2"
"HDAC1","PTPRR","SIAH2"
"HDAC1","BDKRB2","SIAH2"
"HDAC1","NEK6","SIAH2"
"HDAC1","CTNND1","SIAH2"
"HDAC1","PARD6A","SIAH2"
"HDAC1","CEP192","SIAH2"
"HDAC1","GAB1","SIAH2"
"HDAC1","ESR1","SIAH2"
"HDAC1","NCOA1","SIAH2"
"HDAC1","ZMIZ1","SIAH2"
"HDAC1","OPTN","SIAH2"
"HDAC1","BCR-Dl","SIAH2"
"HDAC1","ROR2","SIAH2"
"HDAC1","BCR-Mk","SIAH2"
"HDAC1","CHUK","CAPN2"
"HDAC1","PTEN","CAPN2"
"HDAC1","MAPK8","CAPN2"
"HDAC1","MTOR","CAPN2"
"HDAC1","MAPK1","CAPN2"
"HDAC1","Gbeta","CAPN2"
"HDAC1","KRAS","CAPN2"
"HDAC1","EIF2AK2","CAPN2"
"HDAC1","PDPK1","CAPN2"
"HDAC1","MAP3K14","CAPN2"
"HDAC1","MAP2K1","CAPN2"
"HDAC1","GSK3B","CAPN2"
"HDAC1","PPP1R2","CAPN2"
"HDAC1","AKT","CAPN2"
"HDAC1","WWTR1","CAPN2"
"HDAC1","FBXW7","CAPN2"
"HDAC1","ITK","CAPN2"
"HDAC1","NCK1","CAPN2"
"HDAC1","AHSA1","CAPN2"
"HDAC1","BTK","CAPN2"
"HDAC1","HSP90AB1","CAPN2"
"HDAC1","MAP2K2","CAPN2"
"HDAC1","MAPK10","CAPN2"
"HDAC1","JAK1","CAPN2"
"HDAC1","PTPN7","CAPN2"
"HDAC1","CDKN2A","CAPN2"
"HDAC1","EPS15","CAPN2"
"HDAC1","SHC1","CAPN2"
"HDAC1","AXIN1","CAPN2"
"HDAC1","PTK2B","CAPN2"
"HDAC1","PRKCI","CAPN2"
"HDAC1","PARD6A","CAPN2"
"HDAC1","CEP192","CAPN2"
"HDAC1","GAB1","CAPN2"
"HDAC1","BCR-Dk","CAPN2"
"HDAC1","BCAR1","CAPN2"
"HDAC1","BCR-Ml","CAPN2"
"HDAC1","NOTCH","CAPN2"
"HDAC1","FERMT2","CAPN2"
"HDAC1","ZMIZ1","CAPN2"
"HDAC1","TAB3","CAPN2"
"HDAC1","GCSAM","CAPN2"
"HDAC1","OPTN","CAPN2"
"HDAC1","SPRY2","CAPN2"
"HDAC1","BCR-Dl","CAPN2"
"HDAC1","DDX58","CAPN2"
"HDAC1","ROR2","CAPN2"
"HDAC1","BCR-Mk","CAPN2"
"HDAC1","PTEN","CD79A"
"HDAC1","MTOR","CD79A"
"HDAC1","MAPK1","CD79A"
"HDAC1","PTPN1","CD79A"
"HDAC1","Gbeta","CD79A"
"HDAC1","KIT","CD79A"
"HDAC1","PTPRJ","CD79A"
"HDAC1","EIF2AK2","CD79A"
"HDAC1","MAML3","CD79A"
"HDAC1","MAP3K14","CD79A"
"HDAC1","GSK3B","CD79A"
"HDAC1","PAK2","CD79A"
"HDAC1","WWTR1","CD79A"
"HDAC1","RACK1","CD79A"
"HDAC1","DAPK1","CD79A"
"HDAC1","ITK","CD79A"
"HDAC1","NCK1","CD79A"
"HDAC1","AHSA1","CD79A"
"HDAC1","TNK2","CD79A"
"HDAC1","DYRK1B","CD79A"
"HDAC1","MEK1/2","CD79A"
"HDAC1","JAK1","CD79A"
"HDAC1","PTPN7","CD79A"
"HDAC1","MAP4K1","CD79A"
"HDAC1","IKK-complex","CD79A"
"HDAC1","SHC1","CD79A"
"HDAC1","AXIN1","CD79A"
"HDAC1","MAPKAPK5","CD79A"
"HDAC1","PTPRR","CD79A"
"HDAC1","FLT4","CD79A"
"HDAC1","BMX","CD79A"
"HDAC1","SNW1","CD79A"
"HDAC1","NEK6","CD79A"
"HDAC1","PRKCI","CD79A"
"HDAC1","PIN1","CD79A"
"HDAC1","PARD6A","CD79A"
"HDAC1","CEP192","CD79A"
"HDAC1","GAB1","CD79A"
"HDAC1","PTPRA","CD79A"
"HDAC1","ESR1","CD79A"
"HDAC1","ARRB2","CD79A"
"HDAC1","INPP5D","CD79A"
"HDAC1","BCAR1","CD79A"
"HDAC1","BCR-Ml","CD79A"
"HDAC1","NOTCH","CD79A"
"HDAC1","NCOA1","CD79A"
"HDAC1","FERMT2","CD79A"
"HDAC1","TAB3","CD79A"
"HDAC1","NPM1","CD79A"
"HDAC1","GCSAM","CD79A"
"HDAC1","SPRY2","CD79A"
"HDAC1","BCR-Dl","CD79A"
"HDAC1","ROR2","CD79A"
"HDAC1","IFIH1","CD79A"
"HDAC1","SH2B3","CD79A"
"HDAC1","BCR-Mk","CD79A"
"HDAC1","SRC","HDAC6"
"HDAC1","RPS6KA2","HDAC6"
"HDAC1","MAPK8","HDAC6"
"HDAC1","MTOR","HDAC6"
"HDAC1","MAPK1","HDAC6"
"HDAC1","KIT","HDAC6"
"HDAC1","PTPRJ","HDAC6"
"HDAC1","EIF2AK2","HDAC6"
"HDAC1","PDPK1","HDAC6"
"HDAC1","MAP3K14","HDAC6"
"HDAC1","GSK3B","HDAC6"
"HDAC1","TGFBR2","HDAC6"
"HDAC1","PAK2","HDAC6"
"HDAC1","PPP1R2","HDAC6"
"HDAC1","CDK5","HDAC6"
"HDAC1","AKT","HDAC6"
"HDAC1","MAPK9","HDAC6"
"HDAC1","WWTR1","HDAC6"
"HDAC1","RACK1","HDAC6"
"HDAC1","PXN","HDAC6"
"HDAC1","PRKD1","HDAC6"
"HDAC1","ABL2","HDAC6"
"HDAC1","FBXW7","HDAC6"
"HDAC1","BTK","HDAC6"
"HDAC1","TNK2","HDAC6"
"HDAC1","CD19","HDAC6"
"HDAC1","MAP2K2","HDAC6"
"HDAC1","JAK1","HDAC6"
"HDAC1","PTPN7","HDAC6"
"HDAC1","IKK-complex","HDAC6"
"HDAC1","SHC1","HDAC6"
"HDAC1","MAPKAPK5","HDAC6"
"HDAC1","NEK6","HDAC6"
"HDAC1","PRKCI","HDAC6"
"HDAC1","CTNND1","HDAC6"
"HDAC1","PIN1","HDAC6"
"HDAC1","PARD6A","HDAC6"
"HDAC1","GRIP1","HDAC6"
"HDAC1","ESR1","HDAC6"
"HDAC1","BCR-Ml","HDAC6"
"HDAC1","NOTCH","HDAC6"
"HDAC1","NCOA1","HDAC6"
"HDAC1","ZMIZ1","HDAC6"
"HDAC1","TAB3","HDAC6"
"HDAC1","SPRY2","HDAC6"
"HDAC1","BCR-Dl","HDAC6"
"HDAC1","DDX58","HDAC6"
"HDAC1","DAB1","HDAC6"
"HDAC1","CHUK","CACNA1B"
"HDAC1","SRC","CACNA1B"
"HDAC1","RPS6KA2","CACNA1B"
"HDAC1","AKT1","CACNA1B"
"HDAC1","PRKCD","CACNA1B"
"HDAC1","PTPN1","CACNA1B"
"HDAC1","Gbeta","CACNA1B"
"HDAC1","KRAS","CACNA1B"
"HDAC1","KIT","CACNA1B"
"HDAC1","PTPRJ","CACNA1B"
"HDAC1","RPS6KB1","CACNA1B"
"HDAC1","PDPK1","CACNA1B"
"HDAC1","MAML3","CACNA1B"
"HDAC1","MAP2K1","CACNA1B"
"HDAC1","GSK3B","CACNA1B"
"HDAC1","TGFBR2","CACNA1B"
"HDAC1","PAK2","CACNA1B"
"HDAC1","PPP1R2","CACNA1B"
"HDAC1","AKT","CACNA1B"
"HDAC1","WWTR1","CACNA1B"
"HDAC1","PRKD1","CACNA1B"
"HDAC1","FBXW7","CACNA1B"
"HDAC1","NCK1","CACNA1B"
"HDAC1","AHSA1","CACNA1B"
"HDAC1","BTK","CACNA1B"
"HDAC1","TNK2","CACNA1B"
"HDAC1","YAP1","CACNA1B"
"HDAC1","CD19","CACNA1B"
"HDAC1","HSP90AB1","CACNA1B"
"HDAC1","MAP2K2","CACNA1B"
"HDAC1","JAK1","CACNA1B"
"HDAC1","CDKN2A","CACNA1B"
"HDAC1","MAP4K1","CACNA1B"
"HDAC1","IKK-complex","CACNA1B"
"HDAC1","MAPK8IP3","CACNA1B"
"HDAC1","AXIN1","CACNA1B"
"HDAC1","MAPKAPK5","CACNA1B"
"HDAC1","PTPRR","CACNA1B"
"HDAC1","PTK2B","CACNA1B"
"HDAC1","PRKCI","CACNA1B"
"HDAC1","PIN1","CACNA1B"
"HDAC1","GAB1","CACNA1B"
"HDAC1","GRIP1","CACNA1B"
"HDAC1","ESR1","CACNA1B"
"HDAC1","ARRB2","CACNA1B"
"HDAC1","INPP5D","CACNA1B"
"HDAC1","EZH2","CACNA1B"
"HDAC1","BCR-Dk","CACNA1B"
"HDAC1","BCAR1","CACNA1B"
"HDAC1","NOTCH","CACNA1B"
"HDAC1","ZMIZ1","CACNA1B"
"HDAC1","TAB3","CACNA1B"
"HDAC1","NPM1","CACNA1B"
"HDAC1","GCSAM","CACNA1B"
"HDAC1","OPTN","CACNA1B"
"HDAC1","SPRY2","CACNA1B"
"HDAC1","BCR-Dl","CACNA1B"
"HDAC1","ROR2","CACNA1B"
"HDAC1","IFIH1","CACNA1B"
"HDAC1","SH2B3","CACNA1B"
"HDAC1","DAB1","CACNA1B"
"HDAC1","BCR-Mk","CACNA1B"
"HDAC1","PLCG2","CACNA1B"
"HDAC1","CHUK","CD79B"
"HDAC1","RPS6KA2","CD79B"
"HDAC1","PTEN","CD79B"
"HDAC1","MAPK8","CD79B"
"HDAC1","MTOR","CD79B"
"HDAC1","PTPN1","CD79B"
"HDAC1","RPS6KB1","CD79B"
"HDAC1","EIF2AK2","CD79B"
"HDAC1","MAML3","CD79B"
"HDAC1","TGFBR2","CD79B"
"HDAC1","AKT","CD79B"
"HDAC1","MAPK9","CD79B"
"HDAC1","WWTR1","CD79B"
"HDAC1","RACK1","CD79B"
"HDAC1","DAPK1","CD79B"
"HDAC1","FBXW7","CD79B"
"HDAC1","ITK","CD79B"
"HDAC1","NCK1","CD79B"
"HDAC1","YAP1","CD79B"
"HDAC1","HSP90AB1","CD79B"
"HDAC1","DVL2","CD79B"
"HDAC1","DYRK1B","CD79B"
"HDAC1","CDKN2A","CD79B"
"HDAC1","SHC1","CD79B"
"HDAC1","MAPK8IP3","CD79B"
"HDAC1","MAP3K8","CD79B"
"HDAC1","PTPRR","CD79B"
"HDAC1","BDKRB2","CD79B"
"HDAC1","BMX","CD79B"
"HDAC1","PRKCI","CD79B"
"HDAC1","PIN1","CD79B"
"HDAC1","PARD6A","CD79B"
"HDAC1","CEP192","CD79B"
"HDAC1","PTPRA","CD79B"
"HDAC1","ESR1","CD79B"
"HDAC1","ARRB2","CD79B"
"HDAC1","GAB2","CD79B"
"HDAC1","BCR-Dk","CD79B"
"HDAC1","BCAR1","CD79B"
"HDAC1","BCR-Ml","CD79B"
"HDAC1","NOTCH","CD79B"
"HDAC1","NCOA1","CD79B"
"HDAC1","FERMT2","CD79B"
"HDAC1","ZMIZ1","CD79B"
"HDAC1","NPM1","CD79B"
"HDAC1","OPTN","CD79B"
"HDAC1","SPRY2","CD79B"
"HDAC1","BCR-Dl","CD79B"
"HDAC1","ROR2","CD79B"
"HDAC1","PLCG2","CD79B"
"HDAC1","SRC","STMN3"
"HDAC1","RPS6KA2","STMN3"
"HDAC1","PTEN","STMN3"
"HDAC1","MAPK8","STMN3"
"HDAC1","Gbeta","STMN3"
"HDAC1","PDPK1","STMN3"
"HDAC1","PAK2","STMN3"
"HDAC1","PPP1R2","STMN3"
"HDAC1","CDK5","STMN3"
"HDAC1","WWTR1","STMN3"
"HDAC1","ABL2","STMN3"
"HDAC1","FBXW7","STMN3"
"HDAC1","ITK","STMN3"
"HDAC1","YAP1","STMN3"
"HDAC1","CD19","STMN3"
"HDAC1","STAT1","STMN3"
"HDAC1","HSP90AB1","STMN3"
"HDAC1","DVL2","STMN3"
"HDAC1","MAP2K2","STMN3"
"HDAC1","MAPK10","STMN3"
"HDAC1","DYRK1B","STMN3"
"HDAC1","JAK1","STMN3"
"HDAC1","PTPN7","STMN3"
"HDAC1","MAP4K1","STMN3"
"HDAC1","IKK-complex","STMN3"
"HDAC1","SHC1","STMN3"
"HDAC1","MAPK8IP3","STMN3"
"HDAC1","EPHA2","STMN3"
"HDAC1","BDKRB2","STMN3"
"HDAC1","BMX","STMN3"
"HDAC1","PTK2B","STMN3"
"HDAC1","SNW1","STMN3"
"HDAC1","PRKCI","STMN3"
"HDAC1","PIN1","STMN3"
"HDAC1","PARD6A","STMN3"
"HDAC1","GAB1","STMN3"
"HDAC1","PTPRA","STMN3"
"HDAC1","GRIP1","STMN3"
"HDAC1","ESR1","STMN3"
"HDAC1","ARRB2","STMN3"
"HDAC1","GAB2","STMN3"
"HDAC1","EZH2","STMN3"
"HDAC1","BCR-Dk","STMN3"
"HDAC1","NCOA1","STMN3"
"HDAC1","FERMT2","STMN3"
"HDAC1","TAB3","STMN3"
"HDAC1","GCSAM","STMN3"
"HDAC1","OPTN","STMN3"
"HDAC1","SPRY2","STMN3"
"HDAC1","SH2B3","STMN3"
"HDAC1","CHUK","Polycomb repressive complex 2"
"HDAC1","RPS6KA2","Polycomb repressive complex 2"
"HDAC1","PTEN","Polycomb repressive complex 2"
"HDAC1","MTOR","Polycomb repressive complex 2"
"HDAC1","PRKCD","Polycomb repressive complex 2"
"HDAC1","MAPK1","Polycomb repressive complex 2"
"HDAC1","PDPK1","Polycomb repressive complex 2"
"HDAC1","MAML3","Polycomb repressive complex 2"
"HDAC1","MAP2K1","Polycomb repressive complex 2"
"HDAC1","TGFBR2","Polycomb repressive complex 2"
"HDAC1","CDK5","Polycomb repressive complex 2"
"HDAC1","MAPK9","Polycomb repressive complex 2"
"HDAC1","WWTR1","Polycomb repressive complex 2"
"HDAC1","RACK1","Polycomb repressive complex 2"
"HDAC1","DAPK1","Polycomb repressive complex 2"
"HDAC1","PXN","Polycomb repressive complex 2"
"HDAC1","PRKD1","Polycomb repressive complex 2"
"HDAC1","ABL2","Polycomb repressive complex 2"
"HDAC1","FBXW7","Polycomb repressive complex 2"
"HDAC1","ITK","Polycomb repressive complex 2"
"HDAC1","NCK1","Polycomb repressive complex 2"
"HDAC1","TNK2","Polycomb repressive complex 2"
"HDAC1","YAP1","Polycomb repressive complex 2"
"HDAC1","CD19","Polycomb repressive complex 2"
"HDAC1","STAT1","Polycomb repressive complex 2"
"HDAC1","HSP90AB1","Polycomb repressive complex 2"
"HDAC1","DVL2","Polycomb repressive complex 2"
"HDAC1","MAP2K2","Polycomb repressive complex 2"
"HDAC1","DYRK1B","Polycomb repressive complex 2"
"HDAC1","MEK1/2","Polycomb repressive complex 2"
"HDAC1","JAK1","Polycomb repressive complex 2"
"HDAC1","PTPN7","Polycomb repressive complex 2"
"HDAC1","CDKN2A","Polycomb repressive complex 2"
"HDAC1","MAP4K1","Polycomb repressive complex 2"
"HDAC1","EPS15","Polycomb repressive complex 2"
"HDAC1","MAPK8IP3","Polycomb repressive complex 2"
"HDAC1","AXIN1","Polycomb repressive complex 2"
"HDAC1","MAPKAPK5","Polycomb repressive complex 2"
"HDAC1","PTPRR","Polycomb repressive complex 2"
"HDAC1","FLT4","Polycomb repressive complex 2"
"HDAC1","NEK6","Polycomb repressive complex 2"
"HDAC1","PRKCI","Polycomb repressive complex 2"
"HDAC1","PARD6A","Polycomb repressive complex 2"
"HDAC1","CEP192","Polycomb repressive complex 2"
"HDAC1","GAB1","Polycomb repressive complex 2"
"HDAC1","ARRB2","Polycomb repressive complex 2"
"HDAC1","EZH2","Polycomb repressive complex 2"
"HDAC1","NOTCH","Polycomb repressive complex 2"
"HDAC1","FERMT2","Polycomb repressive complex 2"
"HDAC1","NPM1","Polycomb repressive complex 2"
"HDAC1","OPTN","Polycomb repressive complex 2"
"HDAC1","SPRY2","Polycomb repressive complex 2"
"HDAC1","ROR2","Polycomb repressive complex 2"
"HDAC1","BCR-Mk","Polycomb repressive complex 2"
"HDAC1","PLCG2","Polycomb repressive complex 2"
"HDAC1","CHUK","ANXA2"
"HDAC1","RPS6KA2","ANXA2"
"HDAC1","PTEN","ANXA2"
"HDAC1","AKT1","ANXA2"
"HDAC1","Gbeta","ANXA2"
"HDAC1","KRAS","ANXA2"
"HDAC1","KIT","ANXA2"
"HDAC1","MAML3","ANXA2"
"HDAC1","MAP3K14","ANXA2"
"HDAC1","MAP2K1","ANXA2"
"HDAC1","TGFBR2","ANXA2"
"HDAC1","PPP1R2","ANXA2"
"HDAC1","CDK5","ANXA2"
"HDAC1","PXN","ANXA2"
"HDAC1","PRKD1","ANXA2"
"HDAC1","ABL2","ANXA2"
"HDAC1","FBXW7","ANXA2"
"HDAC1","ITK","ANXA2"
"HDAC1","NCK1","ANXA2"
"HDAC1","BTK","ANXA2"
"HDAC1","YAP1","ANXA2"
"HDAC1","HSP90AB1","ANXA2"
"HDAC1","DVL2","ANXA2"
"HDAC1","MAPK10","ANXA2"
"HDAC1","DYRK1B","ANXA2"
"HDAC1","MEK1/2","ANXA2"
"HDAC1","JAK1","ANXA2"
"HDAC1","CDKN2A","ANXA2"
"HDAC1","MAP4K1","ANXA2"
"HDAC1","EPS15","ANXA2"
"HDAC1","AXIN1","ANXA2"
"HDAC1","MAPKAPK5","ANXA2"
"HDAC1","DUSP16","ANXA2"
"HDAC1","MAP3K8","ANXA2"
"HDAC1","FLT4","ANXA2"
"HDAC1","CTNND1","ANXA2"
"HDAC1","PIN1","ANXA2"
"HDAC1","PARD6A","ANXA2"
"HDAC1","CEP192","ANXA2"
"HDAC1","GAB1","ANXA2"
"HDAC1","PTPRA","ANXA2"
"HDAC1","GAB2","ANXA2"
"HDAC1","EZH2","ANXA2"
"HDAC1","ZMIZ1","ANXA2"
"HDAC1","TAB3","ANXA2"
"HDAC1","NPM1","ANXA2"
"HDAC1","OPTN","ANXA2"
"HDAC1","SPRY2","ANXA2"
"HDAC1","IFIH1","ANXA2"
"HDAC1","SH2B3","ANXA2"
"HDAC1","DAB1","ANXA2"
"HDAC1","SRC","SH2D2A"
"HDAC1","MAPK8","SH2D2A"
"HDAC1","PRKCD","SH2D2A"
"HDAC1","KRAS","SH2D2A"
"HDAC1","KIT","SH2D2A"
"HDAC1","RPS6KB1","SH2D2A"
"HDAC1","EIF2AK2","SH2D2A"
"HDAC1","PDPK1","SH2D2A"
"HDAC1","MAML3","SH2D2A"
"HDAC1","MAP3K14","SH2D2A"
"HDAC1","GSK3B","SH2D2A"
"HDAC1","TGFBR2","SH2D2A"
"HDAC1","PAK2","SH2D2A"
"HDAC1","CDK5","SH2D2A"
"HDAC1","AKT","SH2D2A"
"HDAC1","WWTR1","SH2D2A"
"HDAC1","DAPK1","SH2D2A"
"HDAC1","ABL2","SH2D2A"
"HDAC1","AHSA1","SH2D2A"
"HDAC1","CD19","SH2D2A"
"HDAC1","HSP90AB1","SH2D2A"
"HDAC1","DVL2","SH2D2A"
"HDAC1","DYRK1B","SH2D2A"
"HDAC1","MEK1/2","SH2D2A"
"HDAC1","JAK1","SH2D2A"
"HDAC1","PTPN7","SH2D2A"
"HDAC1","CDKN2A","SH2D2A"
"HDAC1","MAP4K1","SH2D2A"
"HDAC1","EPS15","SH2D2A"
"HDAC1","IKK-complex","SH2D2A"
"HDAC1","SHC1","SH2D2A"
"HDAC1","MAPK8IP3","SH2D2A"
"HDAC1","DUSP16","SH2D2A"
"HDAC1","EPHA2","SH2D2A"
"HDAC1","MAP3K8","SH2D2A"
"HDAC1","PTPRR","SH2D2A"
"HDAC1","FLT4","SH2D2A"
"HDAC1","SNW1","SH2D2A"
"HDAC1","NEK6","SH2D2A"
"HDAC1","PIN1","SH2D2A"
"HDAC1","PARD6A","SH2D2A"
"HDAC1","PTPRA","SH2D2A"
"HDAC1","GRIP1","SH2D2A"
"HDAC1","ESR1","SH2D2A"
"HDAC1","ARRB2","SH2D2A"
"HDAC1","EZH2","SH2D2A"
"HDAC1","BCR-Dk","SH2D2A"
"HDAC1","FERMT2","SH2D2A"
"HDAC1","TAB3","SH2D2A"
"HDAC1","NPM1","SH2D2A"
"HDAC1","GCSAM","SH2D2A"
"HDAC1","OPTN","SH2D2A"
"HDAC1","DDX58","SH2D2A"
"HDAC1","ROR2","SH2D2A"
"HDAC1","IFIH1","SH2D2A"
"HDAC1","SH2B3","SH2D2A"
"HDAC1","DAB1","SH2D2A"
"HDAC1","BCR-Mk","SH2D2A"
"HDAC1","PLCG2","SH2D2A"
"HDAC1","RPS6KA2","STAP2"
"HDAC1","PTEN","STAP2"
"HDAC1","MAPK8","STAP2"
"HDAC1","MTOR","STAP2"
"HDAC1","AKT1","STAP2"
"HDAC1","PRKCD","STAP2"
"HDAC1","MAPK1","STAP2"
"HDAC1","PTPN1","STAP2"
"HDAC1","KIT","STAP2"
"HDAC1","EIF2AK2","STAP2"
"HDAC1","PDPK1","STAP2"
"HDAC1","MAML3","STAP2"
"HDAC1","MAP3K14","STAP2"
"HDAC1","MAP2K1","STAP2"
"HDAC1","PAK2","STAP2"
"HDAC1","PPP1R2","STAP2"
"HDAC1","CDK5","STAP2"
"HDAC1","RACK1","STAP2"
"HDAC1","PXN","STAP2"
"HDAC1","PRKD1","STAP2"
"HDAC1","HSP90AB1","STAP2"
"HDAC1","DVL2","STAP2"
"HDAC1","MAP2K2","STAP2"
"HDAC1","MAPK10","STAP2"
"HDAC1","JAK1","STAP2"
"HDAC1","CDKN2A","STAP2"
"HDAC1","EPS15","STAP2"
"HDAC1","MAPK8IP3","STAP2"
"HDAC1","DUSP16","STAP2"
"HDAC1","EPHA2","STAP2"
"HDAC1","BDKRB2","STAP2"
"HDAC1","FLT4","STAP2"
"HDAC1","NEK6","STAP2"
"HDAC1","PRKCI","STAP2"
"HDAC1","PIN1","STAP2"
"HDAC1","PARD6A","STAP2"
"HDAC1","CEP192","STAP2"
"HDAC1","GAB1","STAP2"
"HDAC1","PTPRA","STAP2"
"HDAC1","ESR1","STAP2"
"HDAC1","INPP5D","STAP2"
"HDAC1","BCR-Dk","STAP2"
"HDAC1","BCR-Ml","STAP2"
"HDAC1","NCOA1","STAP2"
"HDAC1","FERMT2","STAP2"
"HDAC1","NPM1","STAP2"
"HDAC1","DDX58","STAP2"
"HDAC1","SH2B3","STAP2"
"HDAC1","DAB1","STAP2"
"HDAC1","PLCG2","STAP2"
"HDAC1","CHUK","CAT"
"HDAC1","RPS6KA2","CAT"
"HDAC1","MAPK8","CAT"
"HDAC1","MTOR","CAT"
"HDAC1","AKT1","CAT"
"HDAC1","PTPN1","CAT"
"HDAC1","KRAS","CAT"
"HDAC1","PTPRJ","CAT"
"HDAC1","RPS6KB1","CAT"
"HDAC1","PDPK1","CAT"
"HDAC1","MAP3K14","CAT"
"HDAC1","TGFBR2","CAT"
"HDAC1","PPP1R2","CAT"
"HDAC1","CDK5","CAT"
"HDAC1","AKT","CAT"
"HDAC1","MAPK9","CAT"
"HDAC1","RACK1","CAT"
"HDAC1","PXN","CAT"
"HDAC1","PRKD1","CAT"
"HDAC1","ABL2","CAT"
"HDAC1","FBXW7","CAT"
"HDAC1","AHSA1","CAT"
"HDAC1","BTK","CAT"
"HDAC1","TNK2","CAT"
"HDAC1","YAP1","CAT"
"HDAC1","CD19","CAT"
"HDAC1","STAT1","CAT"
"HDAC1","HSP90AB1","CAT"
"HDAC1","DVL2","CAT"
"HDAC1","MAP2K2","CAT"
"HDAC1","MAPK10","CAT"
"HDAC1","DYRK1B","CAT"
"HDAC1","MEK1/2","CAT"
"HDAC1","JAK1","CAT"
"HDAC1","PTPN7","CAT"
"HDAC1","MAP4K1","CAT"
"HDAC1","EPS15","CAT"
"HDAC1","IKK-complex","CAT"
"HDAC1","SHC1","CAT"
"HDAC1","AXIN1","CAT"
"HDAC1","MAPKAPK5","CAT"
"HDAC1","DUSP16","CAT"
"HDAC1","EPHA2","CAT"
"HDAC1","MAP3K8","CAT"
"HDAC1","BDKRB2","CAT"
"HDAC1","FLT4","CAT"
"HDAC1","BMX","CAT"
"HDAC1","PRKCI","CAT"
"HDAC1","CTNND1","CAT"
"HDAC1","PARD6A","CAT"
"HDAC1","CEP192","CAT"
"HDAC1","GAB1","CAT"
"HDAC1","PTPRA","CAT"
"HDAC1","GRIP1","CAT"
"HDAC1","ESR1","CAT"
"HDAC1","EZH2","CAT"
"HDAC1","NOTCH","CAT"
"HDAC1","FERMT2","CAT"
"HDAC1","ZMIZ1","CAT"
"HDAC1","NPM1","CAT"
"HDAC1","OPTN","CAT"
"HDAC1","SPRY2","CAT"
"HDAC1","IFIH1","CAT"
"HDAC1","PLCG2","CAT"
"HDAC1","CHUK","SLC9A1"
"HDAC1","MAPK8","SLC9A1"
"HDAC1","PRKCD","SLC9A1"
"HDAC1","PTPN1","SLC9A1"
"HDAC1","Gbeta","SLC9A1"
"HDAC1","KRAS","SLC9A1"
"HDAC1","KIT","SLC9A1"
"HDAC1","PTPRJ","SLC9A1"
"HDAC1","RPS6KB1","SLC9A1"
"HDAC1","EIF2AK2","SLC9A1"
"HDAC1","PDPK1","SLC9A1"
"HDAC1","MAP3K14","SLC9A1"
"HDAC1","TGFBR2","SLC9A1"
"HDAC1","PAK2","SLC9A1"
"HDAC1","PPP1R2","SLC9A1"
"HDAC1","CDK5","SLC9A1"
"HDAC1","AKT","SLC9A1"
"HDAC1","MAPK9","SLC9A1"
"HDAC1","WWTR1","SLC9A1"
"HDAC1","DAPK1","SLC9A1"
"HDAC1","PXN","SLC9A1"
"HDAC1","PRKD1","SLC9A1"
"HDAC1","ABL2","SLC9A1"
"HDAC1","FBXW7","SLC9A1"
"HDAC1","ITK","SLC9A1"
"HDAC1","NCK1","SLC9A1"
"HDAC1","TNK2","SLC9A1"
"HDAC1","YAP1","SLC9A1"
"HDAC1","CD19","SLC9A1"
"HDAC1","STAT1","SLC9A1"
"HDAC1","HSP90AB1","SLC9A1"
"HDAC1","DVL2","SLC9A1"
"HDAC1","MAPK10","SLC9A1"
"HDAC1","PTPN7","SLC9A1"
"HDAC1","MAP4K1","SLC9A1"
"HDAC1","IKK-complex","SLC9A1"
"HDAC1","MAPK8IP3","SLC9A1"
"HDAC1","EPHA2","SLC9A1"
"HDAC1","BDKRB2","SLC9A1"
"HDAC1","FLT4","SLC9A1"
"HDAC1","BMX","SLC9A1"
"HDAC1","PTK2B","SLC9A1"
"HDAC1","SNW1","SLC9A1"
"HDAC1","PRKCI","SLC9A1"
"HDAC1","PIN1","SLC9A1"
"HDAC1","PARD6A","SLC9A1"
"HDAC1","ARRB2","SLC9A1"
"HDAC1","EZH2","SLC9A1"
"HDAC1","BCR-Dk","SLC9A1"
"HDAC1","NOTCH","SLC9A1"
"HDAC1","NCOA1","SLC9A1"
"HDAC1","TAB3","SLC9A1"
"HDAC1","NPM1","SLC9A1"
"HDAC1","GCSAM","SLC9A1"
"HDAC1","IFIH1","SLC9A1"
"HDAC1","SH2B3","SLC9A1"
"HDAC1","PLCG2","SLC9A1"
"HDAC1","CHUK","CAP1"
"HDAC1","SRC","CAP1"
"HDAC1","RPS6KA2","CAP1"
"HDAC1","PTEN","CAP1"
"HDAC1","MAPK8","CAP1"
"HDAC1","PRKCD","CAP1"
"HDAC1","MAPK1","CAP1"
"HDAC1","PTPN1","CAP1"
"HDAC1","KIT","CAP1"
"HDAC1","PTPRJ","CAP1"
"HDAC1","PDPK1","CAP1"
"HDAC1","CDK5","CAP1"
"HDAC1","RACK1","CAP1"
"HDAC1","DAPK1","CAP1"
"HDAC1","NCK1","CAP1"
"HDAC1","BTK","CAP1"
"HDAC1","TNK2","CAP1"
"HDAC1","DVL2","CAP1"
"HDAC1","MAPK10","CAP1"
"HDAC1","MEK1/2","CAP1"
"HDAC1","PTPN7","CAP1"
"HDAC1","CDKN2A","CAP1"
"HDAC1","IKK-complex","CAP1"
"HDAC1","MAPK8IP3","CAP1"
"HDAC1","AXIN1","CAP1"
"HDAC1","EPHA2","CAP1"
"HDAC1","BMX","CAP1"
"HDAC1","PTK2B","CAP1"
"HDAC1","SNW1","CAP1"
"HDAC1","CTNND1","CAP1"
"HDAC1","PIN1","CAP1"
"HDAC1","EZH2","CAP1"
"HDAC1","BCR-Dk","CAP1"
"HDAC1","BCR-Ml","CAP1"
"HDAC1","NOTCH","CAP1"
"HDAC1","FERMT2","CAP1"
"HDAC1","NPM1","CAP1"
"HDAC1","SPRY2","CAP1"
"HDAC1","DDX58","CAP1"
"HDAC1","SH2B3","CAP1"
"HDAC1","DAB1","CAP1"
"HDAC1","BCR-Mk","CAP1"
"HDAC1","CHUK","PLA2G4A"
"HDAC1","MAPK8","PLA2G4A"
"HDAC1","MTOR","PLA2G4A"
"HDAC1","PRKCD","PLA2G4A"
"HDAC1","MAPK1","PLA2G4A"
"HDAC1","PTPN1","PLA2G4A"
"HDAC1","Gbeta","PLA2G4A"
"HDAC1","KRAS","PLA2G4A"
"HDAC1","PTPRJ","PLA2G4A"
"HDAC1","EIF2AK2","PLA2G4A"
"HDAC1","PDPK1","PLA2G4A"
"HDAC1","MAP2K1","PLA2G4A"
"HDAC1","GSK3B","PLA2G4A"
"HDAC1","PAK2","PLA2G4A"
"HDAC1","MAPK9","PLA2G4A"
"HDAC1","WWTR1","PLA2G4A"
"HDAC1","DAPK1","PLA2G4A"
"HDAC1","ABL2","PLA2G4A"
"HDAC1","ITK","PLA2G4A"
"HDAC1","TNK2","PLA2G4A"
"HDAC1","YAP1","PLA2G4A"
"HDAC1","MAP2K2","PLA2G4A"
"HDAC1","MAPK10","PLA2G4A"
"HDAC1","DYRK1B","PLA2G4A"
"HDAC1","MAP4K1","PLA2G4A"
"HDAC1","IKK-complex","PLA2G4A"
"HDAC1","MAPK8IP3","PLA2G4A"
"HDAC1","DUSP16","PLA2G4A"
"HDAC1","BMX","PLA2G4A"
"HDAC1","PTK2B","PLA2G4A"
"HDAC1","SNW1","PLA2G4A"
"HDAC1","NEK6","PLA2G4A"
"HDAC1","CTNND1","PLA2G4A"
"HDAC1","PARD6A","PLA2G4A"
"HDAC1","CEP192","PLA2G4A"
"HDAC1","GAB1","PLA2G4A"
"HDAC1","PTPRA","PLA2G4A"
"HDAC1","GRIP1","PLA2G4A"
"HDAC1","ESR1","PLA2G4A"
"HDAC1","GAB2","PLA2G4A"
"HDAC1","BCR-Dk","PLA2G4A"
"HDAC1","BCAR1","PLA2G4A"
"HDAC1","NCOA1","PLA2G4A"
"HDAC1","ZMIZ1","PLA2G4A"
"HDAC1","TAB3","PLA2G4A"
"HDAC1","NPM1","PLA2G4A"
"HDAC1","GCSAM","PLA2G4A"
"HDAC1","SPRY2","PLA2G4A"
"HDAC1","SH2B3","PLA2G4A"
"HDAC1","DAB1","PLA2G4A"
"HDAC1","CHUK","CDCA8"
"HDAC1","SRC","CDCA8"
"HDAC1","MAPK1","CDCA8"
"HDAC1","KRAS","CDCA8"
"HDAC1","PTPRJ","CDCA8"
"HDAC1","PDPK1","CDCA8"
"HDAC1","MAP2K1","CDCA8"
"HDAC1","TGFBR2","CDCA8"
"HDAC1","PAK2","CDCA8"
"HDAC1","AKT","CDCA8"
"HDAC1","RACK1","CDCA8"
"HDAC1","FBXW7","CDCA8"
"HDAC1","NCK1","CDCA8"
"HDAC1","AHSA1","CDCA8"
"HDAC1","CD19","CDCA8"
"HDAC1","JAK1","CDCA8"
"HDAC1","PTPN7","CDCA8"
"HDAC1","CDKN2A","CDCA8"
"HDAC1","EPS15","CDCA8"
"HDAC1","IKK-complex","CDCA8"
"HDAC1","MAPK8IP3","CDCA8"
"HDAC1","DUSP16","CDCA8"
"HDAC1","EPHA2","CDCA8"
"HDAC1","BDKRB2","CDCA8"
"HDAC1","FLT4","CDCA8"
"HDAC1","BMX","CDCA8"
"HDAC1","PTK2B","CDCA8"
"HDAC1","NEK6","CDCA8"
"HDAC1","PRKCI","CDCA8"
"HDAC1","PIN1","CDCA8"
"HDAC1","PARD6A","CDCA8"
"HDAC1","CEP192","CDCA8"
"HDAC1","GAB1","CDCA8"
"HDAC1","PTPRA","CDCA8"
"HDAC1","GRIP1","CDCA8"
"HDAC1","GAB2","CDCA8"
"HDAC1","EZH2","CDCA8"
"HDAC1","BCR-Dk","CDCA8"
"HDAC1","BCAR1","CDCA8"
"HDAC1","FERMT2","CDCA8"
"HDAC1","ZMIZ1","CDCA8"
"HDAC1","OPTN","CDCA8"
"HDAC1","SPRY2","CDCA8"
"HDAC1","DDX58","CDCA8"
"HDAC1","BCR-Mk","CDCA8"
"HDAC1","PLCG2","CDCA8"
"HDAC1","CHUK","VAV3"
"HDAC1","PTEN","VAV3"
"HDAC1","PTPN1","VAV3"
"HDAC1","Gbeta","VAV3"
"HDAC1","KRAS","VAV3"
"HDAC1","PTPRJ","VAV3"
"HDAC1","EIF2AK2","VAV3"
"HDAC1","MAP3K14","VAV3"
"HDAC1","MAP2K1","VAV3"
"HDAC1","GSK3B","VAV3"
"HDAC1","TGFBR2","VAV3"
"HDAC1","PPP1R2","VAV3"
"HDAC1","CDK5","VAV3"
"HDAC1","AKT","VAV3"
"HDAC1","WWTR1","VAV3"
"HDAC1","DAPK1","VAV3"
"HDAC1","PXN","VAV3"
"HDAC1","PRKD1","VAV3"
"HDAC1","YAP1","VAV3"
"HDAC1","MAPK10","VAV3"
"HDAC1","DYRK1B","VAV3"
"HDAC1","MAP4K1","VAV3"
"HDAC1","IKK-complex","VAV3"
"HDAC1","MAPK8IP3","VAV3"
"HDAC1","AXIN1","VAV3"
"HDAC1","MAPKAPK5","VAV3"
"HDAC1","EPHA2","VAV3"
"HDAC1","PTPRR","VAV3"
"HDAC1","FLT4","VAV3"
"HDAC1","BMX","VAV3"
"HDAC1","NEK6","VAV3"
"HDAC1","PARD6A","VAV3"
"HDAC1","CEP192","VAV3"
"HDAC1","ESR1","VAV3"
"HDAC1","ARRB2","VAV3"
"HDAC1","EZH2","VAV3"
"HDAC1","ZMIZ1","VAV3"
"HDAC1","NPM1","VAV3"
"HDAC1","GCSAM","VAV3"
"HDAC1","OPTN","VAV3"
"HDAC1","SPRY2","VAV3"
"HDAC1","BCR-Dl","VAV3"
"HDAC1","SH2B3","VAV3"
"HDAC1","DAB1","VAV3"
"HDAC1","RPS6KA2","EIF2S1"
"HDAC1","MAPK8","EIF2S1"
"HDAC1","MTOR","EIF2S1"
"HDAC1","AKT1","EIF2S1"
"HDAC1","PTPN1","EIF2S1"
"HDAC1","PTPRJ","EIF2S1"
"HDAC1","RPS6KB1","EIF2S1"
"HDAC1","EIF2AK2","EIF2S1"
"HDAC1","MAP2K1","EIF2S1"
"HDAC1","PAK2","EIF2S1"
"HDAC1","PPP1R2","EIF2S1"
"HDAC1","CDK5","EIF2S1"
"HDAC1","RACK1","EIF2S1"
"HDAC1","DAPK1","EIF2S1"
"HDAC1","PRKD1","EIF2S1"
"HDAC1","ABL2","EIF2S1"
"HDAC1","FBXW7","EIF2S1"
"HDAC1","ITK","EIF2S1"
"HDAC1","NCK1","EIF2S1"
"HDAC1","AHSA1","EIF2S1"
"HDAC1","TNK2","EIF2S1"
"HDAC1","CD19","EIF2S1"
"HDAC1","STAT1","EIF2S1"
"HDAC1","DYRK1B","EIF2S1"
"HDAC1","MAP4K1","EIF2S1"
"HDAC1","MAPKAPK5","EIF2S1"
"HDAC1","FLT4","EIF2S1"
"HDAC1","BMX","EIF2S1"
"HDAC1","PRKCI","EIF2S1"
"HDAC1","PIN1","EIF2S1"
"HDAC1","INPP5D","EIF2S1"
"HDAC1","BCR-Dk","EIF2S1"
"HDAC1","NCOA1","EIF2S1"
"HDAC1","TAB3","EIF2S1"
"HDAC1","GCSAM","EIF2S1"
"HDAC1","OPTN","EIF2S1"
"HDAC1","ROR2","EIF2S1"
"HDAC1","SH2B3","EIF2S1"
"HDAC1","BCR-Mk","EIF2S1"
"HDAC1","SRC","RSPH3"
"HDAC1","PTEN","RSPH3"
"HDAC1","AKT1","RSPH3"
"HDAC1","PRKCD","RSPH3"
"HDAC1","Gbeta","RSPH3"
"HDAC1","KRAS","RSPH3"
"HDAC1","RPS6KB1","RSPH3"
"HDAC1","EIF2AK2","RSPH3"
"HDAC1","PDPK1","RSPH3"
"HDAC1","MAML3","RSPH3"
"HDAC1","MAP3K14","RSPH3"
"HDAC1","CDK5","RSPH3"
"HDAC1","AKT","RSPH3"
"HDAC1","MAPK9","RSPH3"
"HDAC1","WWTR1","RSPH3"
"HDAC1","PXN","RSPH3"
"HDAC1","PRKD1","RSPH3"
"HDAC1","ITK","RSPH3"
"HDAC1","BTK","RSPH3"
"HDAC1","TNK2","RSPH3"
"HDAC1","HSP90AB1","RSPH3"
"HDAC1","MAP2K2","RSPH3"
"HDAC1","MAPK10","RSPH3"
"HDAC1","DYRK1B","RSPH3"
"HDAC1","MEK1/2","RSPH3"
"HDAC1","JAK1","RSPH3"
"HDAC1","PTPN7","RSPH3"
"HDAC1","MAPK8IP3","RSPH3"
"HDAC1","AXIN1","RSPH3"
"HDAC1","PTK2B","RSPH3"
"HDAC1","PRKCI","RSPH3"
"HDAC1","CTNND1","RSPH3"
"HDAC1","PIN1","RSPH3"
"HDAC1","GAB1","RSPH3"
"HDAC1","PTPRA","RSPH3"
"HDAC1","GRIP1","RSPH3"
"HDAC1","ARRB2","RSPH3"
"HDAC1","EZH2","RSPH3"
"HDAC1","BCAR1","RSPH3"
"HDAC1","NOTCH","RSPH3"
"HDAC1","FERMT2","RSPH3"
"HDAC1","TAB3","RSPH3"
"HDAC1","GCSAM","RSPH3"
"HDAC1","OPTN","RSPH3"
"HDAC1","DDX58","RSPH3"
"HDAC1","ROR2","RSPH3"
"HDAC1","IFIH1","RSPH3"
"HDAC1","SH2B3","RSPH3"
"HDAC1","CHUK","KCND3"
"HDAC1","SRC","KCND3"
"HDAC1","PTEN","KCND3"
"HDAC1","MAPK8","KCND3"
"HDAC1","MTOR","KCND3"
"HDAC1","PTPN1","KCND3"
"HDAC1","Gbeta","KCND3"
"HDAC1","KRAS","KCND3"
"HDAC1","KIT","KCND3"
"HDAC1","PTPRJ","KCND3"
"HDAC1","PDPK1","KCND3"
"HDAC1","MAML3","KCND3"
"HDAC1","GSK3B","KCND3"
"HDAC1","TGFBR2","KCND3"
"HDAC1","PAK2","KCND3"
"HDAC1","AKT","KCND3"
"HDAC1","RACK1","KCND3"
"HDAC1","PXN","KCND3"
"HDAC1","ABL2","KCND3"
"HDAC1","ITK","KCND3"
"HDAC1","NCK1","KCND3"
"HDAC1","YAP1","KCND3"
"HDAC1","CD19","KCND3"
"HDAC1","STAT1","KCND3"
"HDAC1","HSP90AB1","KCND3"
"HDAC1","JAK1","KCND3"
"HDAC1","PTPN7","KCND3"
"HDAC1","CDKN2A","KCND3"
"HDAC1","MAP4K1","KCND3"
"HDAC1","EPS15","KCND3"
"HDAC1","IKK-complex","KCND3"
"HDAC1","SHC1","KCND3"
"HDAC1","MAPK8IP3","KCND3"
"HDAC1","AXIN1","KCND3"
"HDAC1","DUSP16","KCND3"
"HDAC1","PTPRR","KCND3"
"HDAC1","PRKCI","KCND3"
"HDAC1","ARRB2","KCND3"
"HDAC1","BCR-Ml","KCND3"
"HDAC1","NCOA1","KCND3"
"HDAC1","FERMT2","KCND3"
"HDAC1","NPM1","KCND3"
"HDAC1","OPTN","KCND3"
"HDAC1","SPRY2","KCND3"
"HDAC1","DDX58","KCND3"
"HDAC1","ROR2","KCND3"
"HDAC1","SH2B3","KCND3"
"HDAC1","DAB1","KCND3"
"HDAC1","RPS6KA2","NANOG"
"HDAC1","PTEN","NANOG"
"HDAC1","MAPK8","NANOG"
"HDAC1","PRKCD","NANOG"
"HDAC1","PTPRJ","NANOG"
"HDAC1","PDPK1","NANOG"
"HDAC1","MAP3K14","NANOG"
"HDAC1","MAP2K1","NANOG"
"HDAC1","GSK3B","NANOG"
"HDAC1","PPP1R2","NANOG"
"HDAC1","AKT","NANOG"
"HDAC1","MAPK9","NANOG"
"HDAC1","WWTR1","NANOG"
"HDAC1","DAPK1","NANOG"
"HDAC1","NCK1","NANOG"
"HDAC1","BTK","NANOG"
"HDAC1","CD19","NANOG"
"HDAC1","PTPN7","NANOG"
"HDAC1","CDKN2A","NANOG"
"HDAC1","EPS15","NANOG"
"HDAC1","DUSP16","NANOG"
"HDAC1","EPHA2","NANOG"
"HDAC1","PTPRR","NANOG"
"HDAC1","FLT4","NANOG"
"HDAC1","BMX","NANOG"
"HDAC1","PTK2B","NANOG"
"HDAC1","NEK6","NANOG"
"HDAC1","PRKCI","NANOG"
"HDAC1","CTNND1","NANOG"
"HDAC1","PARD6A","NANOG"
"HDAC1","CEP192","NANOG"
"HDAC1","GAB1","NANOG"
"HDAC1","PTPRA","NANOG"
"HDAC1","GRIP1","NANOG"
"HDAC1","ARRB2","NANOG"
"HDAC1","GAB2","NANOG"
"HDAC1","EZH2","NANOG"
"HDAC1","NOTCH","NANOG"
"HDAC1","FERMT2","NANOG"
"HDAC1","NPM1","NANOG"
"HDAC1","OPTN","NANOG"
"HDAC1","BCR-Dl","NANOG"
"HDAC1","ROR2","NANOG"
"HDAC1","IFIH1","NANOG"
"HDAC1","SH2B3","NANOG"
"HDAC1","DAB1","NANOG"
"HDAC1","CHUK","CD3G"
"HDAC1","SRC","CD3G"
"HDAC1","RPS6KA2","CD3G"
"HDAC1","PRKCD","CD3G"
"HDAC1","MAPK1","CD3G"
"HDAC1","PTPN1","CD3G"
"HDAC1","RPS6KB1","CD3G"
"HDAC1","PDPK1","CD3G"
"HDAC1","MAP3K14","CD3G"
"HDAC1","MAPK9","CD3G"
"HDAC1","WWTR1","CD3G"
"HDAC1","RACK1","CD3G"
"HDAC1","PRKD1","CD3G"
"HDAC1","FBXW7","CD3G"
"HDAC1","ITK","CD3G"
"HDAC1","NCK1","CD3G"
"HDAC1","AHSA1","CD3G"
"HDAC1","BTK","CD3G"
"HDAC1","TNK2","CD3G"
"HDAC1","STAT1","CD3G"
"HDAC1","HSP90AB1","CD3G"
"HDAC1","DVL2","CD3G"
"HDAC1","MAP2K2","CD3G"
"HDAC1","MAPK10","CD3G"
"HDAC1","MEK1/2","CD3G"
"HDAC1","PTPN7","CD3G"
"HDAC1","CDKN2A","CD3G"
"HDAC1","MAP4K1","CD3G"
"HDAC1","MAPK8IP3","CD3G"
"HDAC1","MAP3K8","CD3G"
"HDAC1","BMX","CD3G"
"HDAC1","SNW1","CD3G"
"HDAC1","NEK6","CD3G"
"HDAC1","CEP192","CD3G"
"HDAC1","GAB1","CD3G"
"HDAC1","GRIP1","CD3G"
"HDAC1","ARRB2","CD3G"
"HDAC1","GAB2","CD3G"
"HDAC1","FERMT2","CD3G"
"HDAC1","ZMIZ1","CD3G"
"HDAC1","GCSAM","CD3G"
"HDAC1","OPTN","CD3G"
"HDAC1","SPRY2","CD3G"
"HDAC1","DDX58","CD3G"
"HDAC1","SH2B3","CD3G"
"HDAC1","BCR-Mk","CD3G"
"HDAC1","PLCG2","CD3G"
"HDAC1","MAPK8","GRIN2A"
"HDAC1","AKT1","GRIN2A"
"HDAC1","MAPK1","GRIN2A"
"HDAC1","KRAS","GRIN2A"
"HDAC1","PTPRJ","GRIN2A"
"HDAC1","RPS6KB1","GRIN2A"
"HDAC1","MAML3","GRIN2A"
"HDAC1","GSK3B","GRIN2A"
"HDAC1","PAK2","GRIN2A"
"HDAC1","PPP1R2","GRIN2A"
"HDAC1","CDK5","GRIN2A"
"HDAC1","AKT","GRIN2A"
"HDAC1","WWTR1","GRIN2A"
"HDAC1","PXN","GRIN2A"
"HDAC1","PRKD1","GRIN2A"
"HDAC1","ABL2","GRIN2A"
"HDAC1","ITK","GRIN2A"
"HDAC1","NCK1","GRIN2A"
"HDAC1","CD19","GRIN2A"
"HDAC1","DVL2","GRIN2A"
"HDAC1","MAPK10","GRIN2A"
"HDAC1","DYRK1B","GRIN2A"
"HDAC1","MEK1/2","GRIN2A"
"HDAC1","PTPN7","GRIN2A"
"HDAC1","CDKN2A","GRIN2A"
"HDAC1","MAP4K1","GRIN2A"
"HDAC1","EPS15","GRIN2A"
"HDAC1","IKK-complex","GRIN2A"
"HDAC1","SHC1","GRIN2A"
"HDAC1","DUSP16","GRIN2A"
"HDAC1","EPHA2","GRIN2A"
"HDAC1","PIN1","GRIN2A"
"HDAC1","GAB1","GRIN2A"
"HDAC1","PTPRA","GRIN2A"
"HDAC1","INPP5D","GRIN2A"
"HDAC1","GAB2","GRIN2A"
"HDAC1","BCR-Dk","GRIN2A"
"HDAC1","NOTCH","GRIN2A"
"HDAC1","ZMIZ1","GRIN2A"
"HDAC1","TAB3","GRIN2A"
"HDAC1","GCSAM","GRIN2A"
"HDAC1","OPTN","GRIN2A"
"HDAC1","SPRY2","GRIN2A"
"HDAC1","DDX58","GRIN2A"
"HDAC1","IFIH1","GRIN2A"
"HDAC1","SH2B3","GRIN2A"
"HDAC1","PLCG2","GRIN2A"
"HDAC1","CHUK","WRN"
"HDAC1","SRC","WRN"
"HDAC1","RPS6KA2","WRN"
"HDAC1","MAPK8","WRN"
"HDAC1","MTOR","WRN"
"HDAC1","AKT1","WRN"
"HDAC1","PRKCD","WRN"
"HDAC1","MAPK1","WRN"
"HDAC1","Gbeta","WRN"
"HDAC1","KRAS","WRN"
"HDAC1","KIT","WRN"
"HDAC1","PDPK1","WRN"
"HDAC1","MAML3","WRN"
"HDAC1","MAP2K1","WRN"
"HDAC1","GSK3B","WRN"
"HDAC1","TGFBR2","WRN"
"HDAC1","PAK2","WRN"
"HDAC1","PPP1R2","WRN"
"HDAC1","CDK5","WRN"
"HDAC1","RACK1","WRN"
"HDAC1","ABL2","WRN"
"HDAC1","ITK","WRN"
"HDAC1","NCK1","WRN"
"HDAC1","BTK","WRN"
"HDAC1","YAP1","WRN"
"HDAC1","CD19","WRN"
"HDAC1","MAP2K2","WRN"
"HDAC1","JAK1","WRN"
"HDAC1","PTPN7","WRN"
"HDAC1","MAP4K1","WRN"
"HDAC1","IKK-complex","WRN"
"HDAC1","AXIN1","WRN"
"HDAC1","DUSP16","WRN"
"HDAC1","EPHA2","WRN"
"HDAC1","MAP3K8","WRN"
"HDAC1","PTPRR","WRN"
"HDAC1","BDKRB2","WRN"
"HDAC1","FLT4","WRN"
"HDAC1","BMX","WRN"
"HDAC1","PTK2B","WRN"
"HDAC1","SNW1","WRN"
"HDAC1","NEK6","WRN"
"HDAC1","PIN1","WRN"
"HDAC1","PARD6A","WRN"
"HDAC1","CEP192","WRN"
"HDAC1","GAB1","WRN"
"HDAC1","PTPRA","WRN"
"HDAC1","GRIP1","WRN"
"HDAC1","ESR1","WRN"
"HDAC1","INPP5D","WRN"
"HDAC1","GAB2","WRN"
"HDAC1","EZH2","WRN"
"HDAC1","BCR-Dk","WRN"
"HDAC1","BCAR1","WRN"
"HDAC1","BCR-Ml","WRN"
"HDAC1","NOTCH","WRN"
"HDAC1","FERMT2","WRN"
"HDAC1","ZMIZ1","WRN"
"HDAC1","NPM1","WRN"
"HDAC1","OPTN","WRN"
"HDAC1","DDX58","WRN"
"HDAC1","DAB1","WRN"
"HDAC1","BCR-Mk","WRN"
"HDAC1","PLCG2","WRN"
"HDAC1","SRC","MAP9"
"HDAC1","PTEN","MAP9"
"HDAC1","MAPK8","MAP9"
"HDAC1","PRKCD","MAP9"
"HDAC1","MAPK1","MAP9"
"HDAC1","PTPN1","MAP9"
"HDAC1","Gbeta","MAP9"
"HDAC1","KRAS","MAP9"
"HDAC1","KIT","MAP9"
"HDAC1","PTPRJ","MAP9"
"HDAC1","RPS6KB1","MAP9"
"HDAC1","PDPK1","MAP9"
"HDAC1","MAP2K1","MAP9"
"HDAC1","GSK3B","MAP9"
"HDAC1","TGFBR2","MAP9"
"HDAC1","PAK2","MAP9"
"HDAC1","CDK5","MAP9"
"HDAC1","WWTR1","MAP9"
"HDAC1","RACK1","MAP9"
"HDAC1","PXN","MAP9"
"HDAC1","PRKD1","MAP9"
"HDAC1","ABL2","MAP9"
"HDAC1","AHSA1","MAP9"
"HDAC1","BTK","MAP9"
"HDAC1","TNK2","MAP9"
"HDAC1","YAP1","MAP9"
"HDAC1","HSP90AB1","MAP9"
"HDAC1","DVL2","MAP9"
"HDAC1","DYRK1B","MAP9"
"HDAC1","JAK1","MAP9"
"HDAC1","CDKN2A","MAP9"
"HDAC1","EPS15","MAP9"
"HDAC1","IKK-complex","MAP9"
"HDAC1","AXIN1","MAP9"
"HDAC1","MAPKAPK5","MAP9"
"HDAC1","DUSP16","MAP9"
"HDAC1","EPHA2","MAP9"
"HDAC1","PTPRR","MAP9"
"HDAC1","BDKRB2","MAP9"
"HDAC1","FLT4","MAP9"
"HDAC1","PTK2B","MAP9"
"HDAC1","SNW1","MAP9"
"HDAC1","NEK6","MAP9"
"HDAC1","PRKCI","MAP9"
"HDAC1","CTNND1","MAP9"
"HDAC1","PIN1","MAP9"
"HDAC1","PARD6A","MAP9"
"HDAC1","GAB1","MAP9"
"HDAC1","PTPRA","MAP9"
"HDAC1","ESR1","MAP9"
"HDAC1","ARRB2","MAP9"
"HDAC1","INPP5D","MAP9"
"HDAC1","BCR-Dk","MAP9"
"HDAC1","BCAR1","MAP9"
"HDAC1","BCR-Ml","MAP9"
"HDAC1","NOTCH","MAP9"
"HDAC1","FERMT2","MAP9"
"HDAC1","GCSAM","MAP9"
"HDAC1","DDX58","MAP9"
"HDAC1","ROR2","MAP9"
"HDAC1","IFIH1","MAP9"
"HDAC1","SH2B3","MAP9"
"HDAC1","DAB1","MAP9"
"HDAC1","BCR-Mk","MAP9"
"HDAC1","PTEN","ARHGEF4"
"HDAC1","MAPK8","ARHGEF4"
"HDAC1","MAPK1","ARHGEF4"
"HDAC1","PTPN1","ARHGEF4"
"HDAC1","KRAS","ARHGEF4"
"HDAC1","KIT","ARHGEF4"
"HDAC1","PTPRJ","ARHGEF4"
"HDAC1","EIF2AK2","ARHGEF4"
"HDAC1","PDPK1","ARHGEF4"
"HDAC1","GSK3B","ARHGEF4"
"HDAC1","TGFBR2","ARHGEF4"
"HDAC1","PAK2","ARHGEF4"
"HDAC1","MAPK9","ARHGEF4"
"HDAC1","DAPK1","ARHGEF4"
"HDAC1","PXN","ARHGEF4"
"HDAC1","NCK1","ARHGEF4"
"HDAC1","AHSA1","ARHGEF4"
"HDAC1","TNK2","ARHGEF4"
"HDAC1","YAP1","ARHGEF4"
"HDAC1","CD19","ARHGEF4"
"HDAC1","STAT1","ARHGEF4"
"HDAC1","HSP90AB1","ARHGEF4"
"HDAC1","DVL2","ARHGEF4"
"HDAC1","MAP2K2","ARHGEF4"
"HDAC1","MAPK10","ARHGEF4"
"HDAC1","DYRK1B","ARHGEF4"
"HDAC1","MEK1/2","ARHGEF4"
"HDAC1","JAK1","ARHGEF4"
"HDAC1","PTPN7","ARHGEF4"
"HDAC1","CDKN2A","ARHGEF4"
"HDAC1","MAP4K1","ARHGEF4"
"HDAC1","MAP3K8","ARHGEF4"
"HDAC1","BDKRB2","ARHGEF4"
"HDAC1","PTK2B","ARHGEF4"
"HDAC1","CTNND1","ARHGEF4"
"HDAC1","PARD6A","ARHGEF4"
"HDAC1","CEP192","ARHGEF4"
"HDAC1","GAB1","ARHGEF4"
"HDAC1","PTPRA","ARHGEF4"
"HDAC1","ESR1","ARHGEF4"
"HDAC1","GAB2","ARHGEF4"
"HDAC1","FERMT2","ARHGEF4"
"HDAC1","NPM1","ARHGEF4"
"HDAC1","BCR-Dl","ARHGEF4"
"HDAC1","IFIH1","ARHGEF4"
"HDAC1","SH2B3","ARHGEF4"
"HDAC1","DAB1","ARHGEF4"
"HDAC1","PLCG2","ARHGEF4"
"HDAC1","MTOR","CEACAM1"
"HDAC1","PRKCD","CEACAM1"
"HDAC1","MAPK1","CEACAM1"
"HDAC1","Gbeta","CEACAM1"
"HDAC1","PTPRJ","CEACAM1"
"HDAC1","RPS6KB1","CEACAM1"
"HDAC1","EIF2AK2","CEACAM1"
"HDAC1","PDPK1","CEACAM1"
"HDAC1","PAK2","CEACAM1"
"HDAC1","AKT","CEACAM1"
"HDAC1","WWTR1","CEACAM1"
"HDAC1","RACK1","CEACAM1"
"HDAC1","PRKD1","CEACAM1"
"HDAC1","ABL2","CEACAM1"
"HDAC1","FBXW7","CEACAM1"
"HDAC1","TNK2","CEACAM1"
"HDAC1","YAP1","CEACAM1"
"HDAC1","HSP90AB1","CEACAM1"
"HDAC1","DVL2","CEACAM1"
"HDAC1","MAP2K2","CEACAM1"
"HDAC1","DYRK1B","CEACAM1"
"HDAC1","MEK1/2","CEACAM1"
"HDAC1","CDKN2A","CEACAM1"
"HDAC1","EPS15","CEACAM1"
"HDAC1","SHC1","CEACAM1"
"HDAC1","AXIN1","CEACAM1"
"HDAC1","MAPKAPK5","CEACAM1"
"HDAC1","BDKRB2","CEACAM1"
"HDAC1","FLT4","CEACAM1"
"HDAC1","PIN1","CEACAM1"
"HDAC1","PARD6A","CEACAM1"
"HDAC1","CEP192","CEACAM1"
"HDAC1","PTPRA","CEACAM1"
"HDAC1","GRIP1","CEACAM1"
"HDAC1","ESR1","CEACAM1"
"HDAC1","ARRB2","CEACAM1"
"HDAC1","GAB2","CEACAM1"
"HDAC1","BCAR1","CEACAM1"
"HDAC1","NPM1","CEACAM1"
"HDAC1","DAB1","CEACAM1"
"HDAC1","MAPK8","NEDD4"
"HDAC1","MTOR","NEDD4"
"HDAC1","PRKCD","NEDD4"
"HDAC1","PTPN1","NEDD4"
"HDAC1","KRAS","NEDD4"
"HDAC1","RPS6KB1","NEDD4"
"HDAC1","EIF2AK2","NEDD4"
"HDAC1","PDPK1","NEDD4"
"HDAC1","GSK3B","NEDD4"
"HDAC1","TGFBR2","NEDD4"
"HDAC1","PAK2","NEDD4"
"HDAC1","MAPK9","NEDD4"
"HDAC1","WWTR1","NEDD4"
"HDAC1","DAPK1","NEDD4"
"HDAC1","PXN","NEDD4"
"HDAC1","FBXW7","NEDD4"
"HDAC1","NCK1","NEDD4"
"HDAC1","BTK","NEDD4"
"HDAC1","YAP1","NEDD4"
"HDAC1","MAPK10","NEDD4"
"HDAC1","DYRK1B","NEDD4"
"HDAC1","EPS15","NEDD4"
"HDAC1","IKK-complex","NEDD4"
"HDAC1","SHC1","NEDD4"
"HDAC1","MAPK8IP3","NEDD4"
"HDAC1","MAPKAPK5","NEDD4"
"HDAC1","DUSP16","NEDD4"
"HDAC1","MAP3K8","NEDD4"
"HDAC1","BDKRB2","NEDD4"
"HDAC1","PTK2B","NEDD4"
"HDAC1","CEP192","NEDD4"
"HDAC1","BCR-Dk","NEDD4"
"HDAC1","ZMIZ1","NEDD4"
"HDAC1","TAB3","NEDD4"
"HDAC1","GCSAM","NEDD4"
"HDAC1","SPRY2","NEDD4"
"HDAC1","DDX58","NEDD4"
"HDAC1","ROR2","NEDD4"
"HDAC1","IFIH1","NEDD4"
"HDAC1","SH2B3","NEDD4"
"HDAC1","BCR-Mk","NEDD4"
"HDAC1","CHUK","TH"
"HDAC1","SRC","TH"
"HDAC1","RPS6KA2","TH"
"HDAC1","PRKCD","TH"
"HDAC1","KRAS","TH"
"HDAC1","KIT","TH"
"HDAC1","PTPRJ","TH"
"HDAC1","RPS6KB1","TH"
"HDAC1","GSK3B","TH"
"HDAC1","TGFBR2","TH"
"HDAC1","CDK5","TH"
"HDAC1","MAPK9","TH"
"HDAC1","DAPK1","TH"
"HDAC1","ABL2","TH"
"HDAC1","NCK1","TH"
"HDAC1","BTK","TH"
"HDAC1","CD19","TH"
"HDAC1","HSP90AB1","TH"
"HDAC1","DVL2","TH"
"HDAC1","DYRK1B","TH"
"HDAC1","MAP4K1","TH"
"HDAC1","IKK-complex","TH"
"HDAC1","MAPK8IP3","TH"
"HDAC1","DUSP16","TH"
"HDAC1","EPHA2","TH"
"HDAC1","FLT4","TH"
"HDAC1","PTK2B","TH"
"HDAC1","GAB1","TH"
"HDAC1","EZH2","TH"
"HDAC1","BCAR1","TH"
"HDAC1","BCR-Ml","TH"
"HDAC1","GCSAM","TH"
"HDAC1","BCR-Dl","TH"
"HDAC1","DDX58","TH"
"HDAC1","IFIH1","TH"
"HDAC1","SH2B3","TH"
"HDAC1","DAB1","TH"
"HDAC1","BCR-Mk","TH"
"HDAC1","PLCG2","TH"
"HDAC1","RPS6KA2","KCNA3"
"HDAC1","MAPK8","KCNA3"
"HDAC1","MAPK1","KCNA3"
"HDAC1","PTPN1","KCNA3"
"HDAC1","KRAS","KCNA3"
"HDAC1","KIT","KCNA3"
"HDAC1","PTPRJ","KCNA3"
"HDAC1","RPS6KB1","KCNA3"
"HDAC1","EIF2AK2","KCNA3"
"HDAC1","GSK3B","KCNA3"
"HDAC1","CDK5","KCNA3"
"HDAC1","MAPK9","KCNA3"
"HDAC1","WWTR1","KCNA3"
"HDAC1","DAPK1","KCNA3"
"HDAC1","PRKD1","KCNA3"
"HDAC1","ABL2","KCNA3"
"HDAC1","AHSA1","KCNA3"
"HDAC1","STAT1","KCNA3"
"HDAC1","MAPK10","KCNA3"
"HDAC1","JAK1","KCNA3"
"HDAC1","CDKN2A","KCNA3"
"HDAC1","MAP4K1","KCNA3"
"HDAC1","EPS15","KCNA3"
"HDAC1","IKK-complex","KCNA3"
"HDAC1","MAPK8IP3","KCNA3"
"HDAC1","AXIN1","KCNA3"
"HDAC1","MAPKAPK5","KCNA3"
"HDAC1","DUSP16","KCNA3"
"HDAC1","EPHA2","KCNA3"
"HDAC1","BDKRB2","KCNA3"
"HDAC1","FLT4","KCNA3"
"HDAC1","BMX","KCNA3"
"HDAC1","PTK2B","KCNA3"
"HDAC1","SNW1","KCNA3"
"HDAC1","NEK6","KCNA3"
"HDAC1","PRKCI","KCNA3"
"HDAC1","PIN1","KCNA3"
"HDAC1","PARD6A","KCNA3"
"HDAC1","CEP192","KCNA3"
"HDAC1","GAB1","KCNA3"
"HDAC1","PTPRA","KCNA3"
"HDAC1","GRIP1","KCNA3"
"HDAC1","ESR1","KCNA3"
"HDAC1","INPP5D","KCNA3"
"HDAC1","GAB2","KCNA3"
"HDAC1","EZH2","KCNA3"
"HDAC1","BCR-Dk","KCNA3"
"HDAC1","BCAR1","KCNA3"
"HDAC1","NOTCH","KCNA3"
"HDAC1","ZMIZ1","KCNA3"
"HDAC1","OPTN","KCNA3"
"HDAC1","BCR-Dl","KCNA3"
"HDAC1","IFIH1","KCNA3"
"HDAC1","DAB1","KCNA3"
"HDAC1","BCR-Mk","KCNA3"
"HDAC1","PLCG2","KCNA3"
"HDAC1","CHUK","ENO1"
"HDAC1","RPS6KA2","ENO1"
"HDAC1","PTEN","ENO1"
"HDAC1","MAPK8","ENO1"
"HDAC1","MTOR","ENO1"
"HDAC1","AKT1","ENO1"
"HDAC1","Gbeta","ENO1"
"HDAC1","KRAS","ENO1"
"HDAC1","RPS6KB1","ENO1"
"HDAC1","EIF2AK2","ENO1"
"HDAC1","MAML3","ENO1"
"HDAC1","PAK2","ENO1"
"HDAC1","PPP1R2","ENO1"
"HDAC1","CDK5","ENO1"
"HDAC1","AKT","ENO1"
"HDAC1","MAPK9","ENO1"
"HDAC1","RACK1","ENO1"
"HDAC1","FBXW7","ENO1"
"HDAC1","NCK1","ENO1"
"HDAC1","BTK","ENO1"
"HDAC1","TNK2","ENO1"
"HDAC1","CD19","ENO1"
"HDAC1","HSP90AB1","ENO1"
"HDAC1","DVL2","ENO1"
"HDAC1","MAP2K2","ENO1"
"HDAC1","MAPK10","ENO1"
"HDAC1","DYRK1B","ENO1"
"HDAC1","MEK1/2","ENO1"
"HDAC1","CDKN2A","ENO1"
"HDAC1","EPS15","ENO1"
"HDAC1","IKK-complex","ENO1"
"HDAC1","SHC1","ENO1"
"HDAC1","MAPK8IP3","ENO1"
"HDAC1","AXIN1","ENO1"
"HDAC1","EPHA2","ENO1"
"HDAC1","MAP3K8","ENO1"
"HDAC1","PTK2B","ENO1"
"HDAC1","SNW1","ENO1"
"HDAC1","NEK6","ENO1"
"HDAC1","PARD6A","ENO1"
"HDAC1","CEP192","ENO1"
"HDAC1","GRIP1","ENO1"
"HDAC1","INPP5D","ENO1"
"HDAC1","EZH2","ENO1"
"HDAC1","BCAR1","ENO1"
"HDAC1","NOTCH","ENO1"
"HDAC1","GCSAM","ENO1"
"HDAC1","OPTN","ENO1"
"HDAC1","SH2B3","ENO1"
"HDAC1","DAB1","ENO1"
"HDAC1","BCR-Mk","ENO1"
"HDAC1","SRC","IRF7"
"HDAC1","RPS6KA2","IRF7"
"HDAC1","PTEN","IRF7"
"HDAC1","MAPK8","IRF7"
"HDAC1","AKT1","IRF7"
"HDAC1","PTPN1","IRF7"
"HDAC1","KRAS","IRF7"
"HDAC1","PDPK1","IRF7"
"HDAC1","MAPK9","IRF7"
"HDAC1","ABL2","IRF7"
"HDAC1","FBXW7","IRF7"
"HDAC1","NCK1","IRF7"
"HDAC1","BTK","IRF7"
"HDAC1","YAP1","IRF7"
"HDAC1","STAT1","IRF7"
"HDAC1","HSP90AB1","IRF7"
"HDAC1","MAP2K2","IRF7"
"HDAC1","DYRK1B","IRF7"
"HDAC1","MEK1/2","IRF7"
"HDAC1","JAK1","IRF7"
"HDAC1","MAP4K1","IRF7"
"HDAC1","AXIN1","IRF7"
"HDAC1","MAPKAPK5","IRF7"
"HDAC1","DUSP16","IRF7"
"HDAC1","EPHA2","IRF7"
"HDAC1","PTPRR","IRF7"
"HDAC1","BDKRB2","IRF7"
"HDAC1","FLT4","IRF7"
"HDAC1","BMX","IRF7"
"HDAC1","PTK2B","IRF7"
"HDAC1","SNW1","IRF7"
"HDAC1","PRKCI","IRF7"
"HDAC1","CTNND1","IRF7"
"HDAC1","PARD6A","IRF7"
"HDAC1","CEP192","IRF7"
"HDAC1","GAB1","IRF7"
"HDAC1","PTPRA","IRF7"
"HDAC1","GRIP1","IRF7"
"HDAC1","ESR1","IRF7"
"HDAC1","ARRB2","IRF7"
"HDAC1","INPP5D","IRF7"
"HDAC1","EZH2","IRF7"
"HDAC1","BCAR1","IRF7"
"HDAC1","NOTCH","IRF7"
"HDAC1","ZMIZ1","IRF7"
"HDAC1","NPM1","IRF7"
"HDAC1","GCSAM","IRF7"
"HDAC1","OPTN","IRF7"
"HDAC1","DDX58","IRF7"
"HDAC1","ROR2","IRF7"
"HDAC1","IFIH1","IRF7"
"HDAC1","SH2B3","IRF7"
"HDAC1","DAB1","IRF7"
"HDAC1","PLCG2","IRF7"
"HDAC1","CHUK","CENPA"
"HDAC1","SRC","CENPA"
"HDAC1","RPS6KA2","CENPA"
"HDAC1","PTEN","CENPA"
"HDAC1","MAPK8","CENPA"
"HDAC1","PRKCD","CENPA"
"HDAC1","MAPK1","CENPA"
"HDAC1","PTPN1","CENPA"
"HDAC1","Gbeta","CENPA"
"HDAC1","KRAS","CENPA"
"HDAC1","KIT","CENPA"
"HDAC1","PTPRJ","CENPA"
"HDAC1","RPS6KB1","CENPA"
"HDAC1","MAML3","CENPA"
"HDAC1","MAP3K14","CENPA"
"HDAC1","MAP2K1","CENPA"
"HDAC1","GSK3B","CENPA"
"HDAC1","TGFBR2","CENPA"
"HDAC1","PAK2","CENPA"
"HDAC1","CDK5","CENPA"
"HDAC1","MAPK9","CENPA"
"HDAC1","WWTR1","CENPA"
"HDAC1","PRKD1","CENPA"
"HDAC1","FBXW7","CENPA"
"HDAC1","TNK2","CENPA"
"HDAC1","CD19","CENPA"
"HDAC1","HSP90AB1","CENPA"
"HDAC1","DVL2","CENPA"
"HDAC1","MAPK10","CENPA"
"HDAC1","CDKN2A","CENPA"
"HDAC1","MAPK8IP3","CENPA"
"HDAC1","AXIN1","CENPA"
"HDAC1","MAPKAPK5","CENPA"
"HDAC1","FLT4","CENPA"
"HDAC1","PTK2B","CENPA"
"HDAC1","NEK6","CENPA"
"HDAC1","GRIP1","CENPA"
"HDAC1","ESR1","CENPA"
"HDAC1","ARRB2","CENPA"
"HDAC1","EZH2","CENPA"
"HDAC1","BCAR1","CENPA"
"HDAC1","BCR-Ml","CENPA"
"HDAC1","NOTCH","CENPA"
"HDAC1","NCOA1","CENPA"
"HDAC1","GCSAM","CENPA"
"HDAC1","OPTN","CENPA"
"HDAC1","BCR-Dl","CENPA"
"HDAC1","DDX58","CENPA"
"HDAC1","ROR2","CENPA"
"HDAC1","IFIH1","CENPA"
"HDAC1","BCR-Mk","CENPA"
"HDAC1","CHUK","KIF2A"
"HDAC1","RPS6KA2","KIF2A"
"HDAC1","AKT1","KIF2A"
"HDAC1","PRKCD","KIF2A"
"HDAC1","MAPK1","KIF2A"
"HDAC1","KRAS","KIF2A"
"HDAC1","RPS6KB1","KIF2A"
"HDAC1","GSK3B","KIF2A"
"HDAC1","TGFBR2","KIF2A"
"HDAC1","PAK2","KIF2A"
"HDAC1","CDK5","KIF2A"
"HDAC1","WWTR1","KIF2A"
"HDAC1","PXN","KIF2A"
"HDAC1","PRKD1","KIF2A"
"HDAC1","FBXW7","KIF2A"
"HDAC1","AHSA1","KIF2A"
"HDAC1","BTK","KIF2A"
"HDAC1","YAP1","KIF2A"
"HDAC1","STAT1","KIF2A"
"HDAC1","IKK-complex","KIF2A"
"HDAC1","SHC1","KIF2A"
"HDAC1","AXIN1","KIF2A"
"HDAC1","MAPKAPK5","KIF2A"
"HDAC1","DUSP16","KIF2A"
"HDAC1","BMX","KIF2A"
"HDAC1","PTK2B","KIF2A"
"HDAC1","SNW1","KIF2A"
"HDAC1","PRKCI","KIF2A"
"HDAC1","CTNND1","KIF2A"
"HDAC1","PARD6A","KIF2A"
"HDAC1","GRIP1","KIF2A"
"HDAC1","ESR1","KIF2A"
"HDAC1","ARRB2","KIF2A"
"HDAC1","GAB2","KIF2A"
"HDAC1","BCAR1","KIF2A"
"HDAC1","NOTCH","KIF2A"
"HDAC1","FERMT2","KIF2A"
"HDAC1","ZMIZ1","KIF2A"
"HDAC1","TAB3","KIF2A"
"HDAC1","NPM1","KIF2A"
"HDAC1","GCSAM","KIF2A"
"HDAC1","SPRY2","KIF2A"
"HDAC1","DDX58","KIF2A"
"HDAC1","BCR-Mk","KIF2A"
"HDAC1","CHUK","BCL2L12"
"HDAC1","PTEN","BCL2L12"
"HDAC1","MTOR","BCL2L12"
"HDAC1","PRKCD","BCL2L12"
"HDAC1","MAPK1","BCL2L12"
"HDAC1","PTPN1","BCL2L12"
"HDAC1","Gbeta","BCL2L12"
"HDAC1","KIT","BCL2L12"
"HDAC1","MAML3","BCL2L12"
"HDAC1","MAP3K14","BCL2L12"
"HDAC1","CDK5","BCL2L12"
"HDAC1","AKT","BCL2L12"
"HDAC1","MAPK9","BCL2L12"
"HDAC1","DAPK1","BCL2L12"
"HDAC1","PXN","BCL2L12"
"HDAC1","ABL2","BCL2L12"
"HDAC1","HSP90AB1","BCL2L12"
"HDAC1","DVL2","BCL2L12"
"HDAC1","DYRK1B","BCL2L12"
"HDAC1","MEK1/2","BCL2L12"
"HDAC1","PTPN7","BCL2L12"
"HDAC1","CDKN2A","BCL2L12"
"HDAC1","EPS15","BCL2L12"
"HDAC1","IKK-complex","BCL2L12"
"HDAC1","SHC1","BCL2L12"
"HDAC1","MAPKAPK5","BCL2L12"
"HDAC1","EPHA2","BCL2L12"
"HDAC1","PTPRR","BCL2L12"
"HDAC1","BDKRB2","BCL2L12"
"HDAC1","FLT4","BCL2L12"
"HDAC1","PTK2B","BCL2L12"
"HDAC1","SNW1","BCL2L12"
"HDAC1","CTNND1","BCL2L12"
"HDAC1","PIN1","BCL2L12"
"HDAC1","CEP192","BCL2L12"
"HDAC1","ESR1","BCL2L12"
"HDAC1","ARRB2","BCL2L12"
"HDAC1","INPP5D","BCL2L12"
"HDAC1","EZH2","BCL2L12"
"HDAC1","BCR-Dk","BCL2L12"
"HDAC1","BCAR1","BCL2L12"
"HDAC1","ZMIZ1","BCL2L12"
"HDAC1","NPM1","BCL2L12"
"HDAC1","GCSAM","BCL2L12"
"HDAC1","BCR-Dl","BCL2L12"
"HDAC1","ROR2","BCL2L12"
"HDAC1","DAB1","BCL2L12"
"HDAC1","CHUK","TOPORS"
"HDAC1","PTEN","TOPORS"
"HDAC1","PRKCD","TOPORS"
"HDAC1","MAPK1","TOPORS"
"HDAC1","PTPN1","TOPORS"
"HDAC1","Gbeta","TOPORS"
"HDAC1","KRAS","TOPORS"
"HDAC1","RPS6KB1","TOPORS"
"HDAC1","EIF2AK2","TOPORS"
"HDAC1","MAP3K14","TOPORS"
"HDAC1","MAP2K1","TOPORS"
"HDAC1","GSK3B","TOPORS"
"HDAC1","AKT","TOPORS"
"HDAC1","MAPK9","TOPORS"
"HDAC1","WWTR1","TOPORS"
"HDAC1","DAPK1","TOPORS"
"HDAC1","PXN","TOPORS"
"HDAC1","PRKD1","TOPORS"
"HDAC1","YAP1","TOPORS"
"HDAC1","CD19","TOPORS"
"HDAC1","STAT1","TOPORS"
"HDAC1","HSP90AB1","TOPORS"
"HDAC1","DVL2","TOPORS"
"HDAC1","MAPK10","TOPORS"
"HDAC1","MEK1/2","TOPORS"
"HDAC1","CDKN2A","TOPORS"
"HDAC1","MAP4K1","TOPORS"
"HDAC1","EPS15","TOPORS"
"HDAC1","MAPK8IP3","TOPORS"
"HDAC1","AXIN1","TOPORS"
"HDAC1","MAPKAPK5","TOPORS"
"HDAC1","BDKRB2","TOPORS"
"HDAC1","FLT4","TOPORS"
"HDAC1","BMX","TOPORS"
"HDAC1","PRKCI","TOPORS"
"HDAC1","CTNND1","TOPORS"
"HDAC1","CEP192","TOPORS"
"HDAC1","GRIP1","TOPORS"
"HDAC1","ARRB2","TOPORS"
"HDAC1","GAB2","TOPORS"
"HDAC1","BCR-Dk","TOPORS"
"HDAC1","BCAR1","TOPORS"
"HDAC1","ZMIZ1","TOPORS"
"HDAC1","TAB3","TOPORS"
"HDAC1","DDX58","TOPORS"
"HDAC1","ROR2","TOPORS"
"HDAC1","IFIH1","TOPORS"
"HDAC1","SH2B3","TOPORS"
"HDAC1","BCR-Mk","TOPORS"
"HDAC1","CHUK","ACLY"
"HDAC1","SRC","ACLY"
"HDAC1","MAPK8","ACLY"
"HDAC1","AKT1","ACLY"
"HDAC1","PTPRJ","ACLY"
"HDAC1","PAK2","ACLY"
"HDAC1","RACK1","ACLY"
"HDAC1","DAPK1","ACLY"
"HDAC1","PXN","ACLY"
"HDAC1","PRKD1","ACLY"
"HDAC1","NCK1","ACLY"
"HDAC1","BTK","ACLY"
"HDAC1","TNK2","ACLY"
"HDAC1","HSP90AB1","ACLY"
"HDAC1","MAP2K2","ACLY"
"HDAC1","MAPK10","ACLY"
"HDAC1","JAK1","ACLY"
"HDAC1","PTPN7","ACLY"
"HDAC1","EPS15","ACLY"
"HDAC1","IKK-complex","ACLY"
"HDAC1","SHC1","ACLY"
"HDAC1","PTPRR","ACLY"
"HDAC1","BDKRB2","ACLY"
"HDAC1","FLT4","ACLY"
"HDAC1","PTK2B","ACLY"
"HDAC1","NEK6","ACLY"
"HDAC1","PIN1","ACLY"
"HDAC1","GAB1","ACLY"
"HDAC1","ESR1","ACLY"
"HDAC1","BCR-Dk","ACLY"
"HDAC1","BCAR1","ACLY"
"HDAC1","BCR-Ml","ACLY"
"HDAC1","NOTCH","ACLY"
"HDAC1","ZMIZ1","ACLY"
"HDAC1","SPRY2","ACLY"
"HDAC1","BCR-Dl","ACLY"
"HDAC1","DAB1","ACLY"
"HDAC1","BCR-Mk","ACLY"
"HDAC1","PLCG2","ACLY"
"HDAC1","SRC","CTLA4"
"HDAC1","RPS6KA2","CTLA4"
"HDAC1","PTEN","CTLA4"
"HDAC1","MAPK1","CTLA4"
"HDAC1","PTPN1","CTLA4"
"HDAC1","KRAS","CTLA4"
"HDAC1","KIT","CTLA4"
"HDAC1","PTPRJ","CTLA4"
"HDAC1","RPS6KB1","CTLA4"
"HDAC1","EIF2AK2","CTLA4"
"HDAC1","MAML3","CTLA4"
"HDAC1","MAP2K1","CTLA4"
"HDAC1","PAK2","CTLA4"
"HDAC1","PPP1R2","CTLA4"
"HDAC1","MAPK9","CTLA4"
"HDAC1","WWTR1","CTLA4"
"HDAC1","RACK1","CTLA4"
"HDAC1","DAPK1","CTLA4"
"HDAC1","PXN","CTLA4"
"HDAC1","BTK","CTLA4"
"HDAC1","TNK2","CTLA4"
"HDAC1","YAP1","CTLA4"
"HDAC1","STAT1","CTLA4"
"HDAC1","MAP2K2","CTLA4"
"HDAC1","MEK1/2","CTLA4"
"HDAC1","JAK1","CTLA4"
"HDAC1","CDKN2A","CTLA4"
"HDAC1","MAP4K1","CTLA4"
"HDAC1","EPS15","CTLA4"
"HDAC1","IKK-complex","CTLA4"
"HDAC1","SHC1","CTLA4"
"HDAC1","MAPKAPK5","CTLA4"
"HDAC1","EPHA2","CTLA4"
"HDAC1","MAP3K8","CTLA4"
"HDAC1","PTPRR","CTLA4"
"HDAC1","FLT4","CTLA4"
"HDAC1","CTNND1","CTLA4"
"HDAC1","PARD6A","CTLA4"
"HDAC1","PTPRA","CTLA4"
"HDAC1","BCR-Ml","CTLA4"
"HDAC1","NOTCH","CTLA4"
"HDAC1","NCOA1","CTLA4"
"HDAC1","FERMT2","CTLA4"
"HDAC1","ZMIZ1","CTLA4"
"HDAC1","SPRY2","CTLA4"
"HDAC1","BCR-Dl","CTLA4"
"HDAC1","DDX58","CTLA4"
"HDAC1","IFIH1","CTLA4"
"HDAC1","DAB1","CTLA4"
"HDAC1","BCR-Mk","CTLA4"
"HDAC1","PLCG2","CTLA4"
"HDAC1","CHUK","SPHK1"
"HDAC1","SRC","SPHK1"
"HDAC1","RPS6KA2","SPHK1"
"HDAC1","MAPK8","SPHK1"
"HDAC1","AKT1","SPHK1"
"HDAC1","Gbeta","SPHK1"
"HDAC1","EIF2AK2","SPHK1"
"HDAC1","PDPK1","SPHK1"
"HDAC1","MAP2K1","SPHK1"
"HDAC1","GSK3B","SPHK1"
"HDAC1","MAPK9","SPHK1"
"HDAC1","RACK1","SPHK1"
"HDAC1","DAPK1","SPHK1"
"HDAC1","PXN","SPHK1"
"HDAC1","PRKD1","SPHK1"
"HDAC1","ABL2","SPHK1"
"HDAC1","AHSA1","SPHK1"
"HDAC1","BTK","SPHK1"
"HDAC1","MAP2K2","SPHK1"
"HDAC1","MAPK10","SPHK1"
"HDAC1","DYRK1B","SPHK1"
"HDAC1","PTPN7","SPHK1"
"HDAC1","IKK-complex","SPHK1"
"HDAC1","SHC1","SPHK1"
"HDAC1","MAPK8IP3","SPHK1"
"HDAC1","EPHA2","SPHK1"
"HDAC1","FLT4","SPHK1"
"HDAC1","BMX","SPHK1"
"HDAC1","CTNND1","SPHK1"
"HDAC1","PIN1","SPHK1"
"HDAC1","CEP192","SPHK1"
"HDAC1","GAB1","SPHK1"
"HDAC1","PTPRA","SPHK1"
"HDAC1","GRIP1","SPHK1"
"HDAC1","ESR1","SPHK1"
"HDAC1","ARRB2","SPHK1"
"HDAC1","GAB2","SPHK1"
"HDAC1","EZH2","SPHK1"
"HDAC1","BCR-Dk","SPHK1"
"HDAC1","BCAR1","SPHK1"
"HDAC1","BCR-Ml","SPHK1"
"HDAC1","NCOA1","SPHK1"
"HDAC1","ZMIZ1","SPHK1"
"HDAC1","SPRY2","SPHK1"
"HDAC1","DDX58","SPHK1"
"HDAC1","SH2B3","SPHK1"
"HDAC1","DAB1","SPHK1"
"HDAC1","BCR-Mk","SPHK1"
"HDAC1","CHUK","VIL1"
"HDAC1","RPS6KA2","VIL1"
"HDAC1","PTEN","VIL1"
"HDAC1","MAPK8","VIL1"
"HDAC1","AKT1","VIL1"
"HDAC1","KRAS","VIL1"
"HDAC1","PDPK1","VIL1"
"HDAC1","TGFBR2","VIL1"
"HDAC1","PPP1R2","VIL1"
"HDAC1","CDK5","VIL1"
"HDAC1","AKT","VIL1"
"HDAC1","WWTR1","VIL1"
"HDAC1","NCK1","VIL1"
"HDAC1","AHSA1","VIL1"
"HDAC1","TNK2","VIL1"
"HDAC1","CD19","VIL1"
"HDAC1","HSP90AB1","VIL1"
"HDAC1","DVL2","VIL1"
"HDAC1","MAPK10","VIL1"
"HDAC1","DYRK1B","VIL1"
"HDAC1","MEK1/2","VIL1"
"HDAC1","CDKN2A","VIL1"
"HDAC1","MAP4K1","VIL1"
"HDAC1","EPS15","VIL1"
"HDAC1","IKK-complex","VIL1"
"HDAC1","MAPK8IP3","VIL1"
"HDAC1","AXIN1","VIL1"
"HDAC1","MAPKAPK5","VIL1"
"HDAC1","DUSP16","VIL1"
"HDAC1","EPHA2","VIL1"
"HDAC1","MAP3K8","VIL1"
"HDAC1","BDKRB2","VIL1"
"HDAC1","BMX","VIL1"
"HDAC1","PTK2B","VIL1"
"HDAC1","CTNND1","VIL1"
"HDAC1","PARD6A","VIL1"
"HDAC1","GRIP1","VIL1"
"HDAC1","ESR1","VIL1"
"HDAC1","INPP5D","VIL1"
"HDAC1","EZH2","VIL1"
"HDAC1","BCR-Dk","VIL1"
"HDAC1","BCR-Ml","VIL1"
"HDAC1","ZMIZ1","VIL1"
"HDAC1","TAB3","VIL1"
"HDAC1","BCR-Dl","VIL1"
"HDAC1","DDX58","VIL1"
"HDAC1","ROR2","VIL1"
"HDAC1","PLCG2","VIL1"
"HDAC1","CHUK","SMURF1"
"HDAC1","SRC","SMURF1"
"HDAC1","PTEN","SMURF1"
"HDAC1","AKT1","SMURF1"
"HDAC1","KRAS","SMURF1"
"HDAC1","PTPRJ","SMURF1"
"HDAC1","RPS6KB1","SMURF1"
"HDAC1","PDPK1","SMURF1"
"HDAC1","MAP3K14","SMURF1"
"HDAC1","MAP2K1","SMURF1"
"HDAC1","GSK3B","SMURF1"
"HDAC1","TGFBR2","SMURF1"
"HDAC1","PAK2","SMURF1"
"HDAC1","PPP1R2","SMURF1"
"HDAC1","MAPK9","SMURF1"
"HDAC1","WWTR1","SMURF1"
"HDAC1","RACK1","SMURF1"
"HDAC1","DAPK1","SMURF1"
"HDAC1","PXN","SMURF1"
"HDAC1","PRKD1","SMURF1"
"HDAC1","ITK","SMURF1"
"HDAC1","NCK1","SMURF1"
"HDAC1","AHSA1","SMURF1"
"HDAC1","BTK","SMURF1"
"HDAC1","TNK2","SMURF1"
"HDAC1","YAP1","SMURF1"
"HDAC1","STAT1","SMURF1"
"HDAC1","HSP90AB1","SMURF1"
"HDAC1","MAPK10","SMURF1"
"HDAC1","DYRK1B","SMURF1"
"HDAC1","MEK1/2","SMURF1"
"HDAC1","MAP4K1","SMURF1"
"HDAC1","IKK-complex","SMURF1"
"HDAC1","MAPK8IP3","SMURF1"
"HDAC1","AXIN1","SMURF1"
"HDAC1","MAPKAPK5","SMURF1"
"HDAC1","EPHA2","SMURF1"
"HDAC1","MAP3K8","SMURF1"
"HDAC1","PTPRR","SMURF1"
"HDAC1","FLT4","SMURF1"
"HDAC1","BMX","SMURF1"
"HDAC1","PTK2B","SMURF1"
"HDAC1","SNW1","SMURF1"
"HDAC1","NEK6","SMURF1"
"HDAC1","PTPRA","SMURF1"
"HDAC1","GRIP1","SMURF1"
"HDAC1","ARRB2","SMURF1"
"HDAC1","INPP5D","SMURF1"
"HDAC1","GAB2","SMURF1"
"HDAC1","BCR-Dk","SMURF1"
"HDAC1","BCAR1","SMURF1"
"HDAC1","NOTCH","SMURF1"
"HDAC1","NCOA1","SMURF1"
"HDAC1","NPM1","SMURF1"
"HDAC1","OPTN","SMURF1"
"HDAC1","DDX58","SMURF1"
"HDAC1","CHUK","GRAP"
"HDAC1","MTOR","GRAP"
"HDAC1","PRKCD","GRAP"
"HDAC1","PTPN1","GRAP"
"HDAC1","KRAS","GRAP"
"HDAC1","KIT","GRAP"
"HDAC1","PTPRJ","GRAP"
"HDAC1","RPS6KB1","GRAP"
"HDAC1","EIF2AK2","GRAP"
"HDAC1","MAML3","GRAP"
"HDAC1","MAP3K14","GRAP"
"HDAC1","GSK3B","GRAP"
"HDAC1","TGFBR2","GRAP"
"HDAC1","PAK2","GRAP"
"HDAC1","CDK5","GRAP"
"HDAC1","AKT","GRAP"
"HDAC1","MAPK9","GRAP"
"HDAC1","PRKD1","GRAP"
"HDAC1","ITK","GRAP"
"HDAC1","NCK1","GRAP"
"HDAC1","TNK2","GRAP"
"HDAC1","YAP1","GRAP"
"HDAC1","DVL2","GRAP"
"HDAC1","MAP2K2","GRAP"
"HDAC1","MAPK10","GRAP"
"HDAC1","DYRK1B","GRAP"
"HDAC1","JAK1","GRAP"
"HDAC1","PTPN7","GRAP"
"HDAC1","CDKN2A","GRAP"
"HDAC1","MAP4K1","GRAP"
"HDAC1","EPS15","GRAP"
"HDAC1","SHC1","GRAP"
"HDAC1","AXIN1","GRAP"
"HDAC1","MAPKAPK5","GRAP"
"HDAC1","DUSP16","GRAP"
"HDAC1","MAP3K8","GRAP"
"HDAC1","SNW1","GRAP"
"HDAC1","NEK6","GRAP"
"HDAC1","PRKCI","GRAP"
"HDAC1","PARD6A","GRAP"
"HDAC1","GRIP1","GRAP"
"HDAC1","ARRB2","GRAP"
"HDAC1","BCR-Dk","GRAP"
"HDAC1","BCR-Ml","GRAP"
"HDAC1","NOTCH","GRAP"
"HDAC1","FERMT2","GRAP"
"HDAC1","NPM1","GRAP"
"HDAC1","SPRY2","GRAP"
"HDAC1","BCR-Dl","GRAP"
"HDAC1","DDX58","GRAP"
"HDAC1","ROR2","GRAP"
"HDAC1","IFIH1","GRAP"
"HDAC1","DAB1","GRAP"
"HDAC1","PLCG2","GRAP"
"HDAC1","CHUK","HCLS1"
"HDAC1","SRC","HCLS1"
"HDAC1","RPS6KA2","HCLS1"
"HDAC1","PTEN","HCLS1"
"HDAC1","MAPK8","HCLS1"
"HDAC1","MTOR","HCLS1"
"HDAC1","PRKCD","HCLS1"
"HDAC1","MAPK1","HCLS1"
"HDAC1","PTPN1","HCLS1"
"HDAC1","Gbeta","HCLS1"
"HDAC1","KRAS","HCLS1"
"HDAC1","PTPRJ","HCLS1"
"HDAC1","EIF2AK2","HCLS1"
"HDAC1","PDPK1","HCLS1"
"HDAC1","GSK3B","HCLS1"
"HDAC1","PAK2","HCLS1"
"HDAC1","AKT","HCLS1"
"HDAC1","WWTR1","HCLS1"
"HDAC1","DAPK1","HCLS1"
"HDAC1","PXN","HCLS1"
"HDAC1","PRKD1","HCLS1"
"HDAC1","ABL2","HCLS1"
"HDAC1","ITK","HCLS1"
"HDAC1","TNK2","HCLS1"
"HDAC1","YAP1","HCLS1"
"HDAC1","MAP2K2","HCLS1"
"HDAC1","DYRK1B","HCLS1"
"HDAC1","MAP4K1","HCLS1"
"HDAC1","IKK-complex","HCLS1"
"HDAC1","MAPK8IP3","HCLS1"
"HDAC1","FLT4","HCLS1"
"HDAC1","BMX","HCLS1"
"HDAC1","NEK6","HCLS1"
"HDAC1","PRKCI","HCLS1"
"HDAC1","PIN1","HCLS1"
"HDAC1","PARD6A","HCLS1"
"HDAC1","GAB1","HCLS1"
"HDAC1","GRIP1","HCLS1"
"HDAC1","ARRB2","HCLS1"
"HDAC1","INPP5D","HCLS1"
"HDAC1","GAB2","HCLS1"
"HDAC1","EZH2","HCLS1"
"HDAC1","BCR-Dk","HCLS1"
"HDAC1","BCR-Ml","HCLS1"
"HDAC1","FERMT2","HCLS1"
"HDAC1","ZMIZ1","HCLS1"
"HDAC1","TAB3","HCLS1"
"HDAC1","NPM1","HCLS1"
"HDAC1","SPRY2","HCLS1"
"HDAC1","BCR-Dl","HCLS1"
"HDAC1","DAB1","HCLS1"
"HDAC1","BCR-Mk","HCLS1"
"HDAC1","SRC","KIF3A"
"HDAC1","MAPK8","KIF3A"
"HDAC1","AKT1","KIF3A"
"HDAC1","MAPK1","KIF3A"
"HDAC1","Gbeta","KIF3A"
"HDAC1","PDPK1","KIF3A"
"HDAC1","MAML3","KIF3A"
"HDAC1","CDK5","KIF3A"
"HDAC1","AKT","KIF3A"
"HDAC1","MAPK9","KIF3A"
"HDAC1","WWTR1","KIF3A"
"HDAC1","PXN","KIF3A"
"HDAC1","PRKD1","KIF3A"
"HDAC1","ABL2","KIF3A"
"HDAC1","ITK","KIF3A"
"HDAC1","NCK1","KIF3A"
"HDAC1","BTK","KIF3A"
"HDAC1","YAP1","KIF3A"
"HDAC1","MAP2K2","KIF3A"
"HDAC1","IKK-complex","KIF3A"
"HDAC1","EPHA2","KIF3A"
"HDAC1","PTPRR","KIF3A"
"HDAC1","BDKRB2","KIF3A"
"HDAC1","FLT4","KIF3A"
"HDAC1","NEK6","KIF3A"
"HDAC1","PRKCI","KIF3A"
"HDAC1","PIN1","KIF3A"
"HDAC1","PARD6A","KIF3A"
"HDAC1","GAB1","KIF3A"
"HDAC1","ESR1","KIF3A"
"HDAC1","BCR-Dk","KIF3A"
"HDAC1","BCAR1","KIF3A"
"HDAC1","NCOA1","KIF3A"
"HDAC1","TAB3","KIF3A"
"HDAC1","OPTN","KIF3A"
"HDAC1","DDX58","KIF3A"
"HDAC1","IFIH1","KIF3A"
"HDAC1","DAB1","KIF3A"
"HDAC1","CHUK","SPTAN1"
"HDAC1","PTEN","SPTAN1"
"HDAC1","MAPK8","SPTAN1"
"HDAC1","MTOR","SPTAN1"
"HDAC1","PRKCD","SPTAN1"
"HDAC1","PTPRJ","SPTAN1"
"HDAC1","RPS6KB1","SPTAN1"
"HDAC1","EIF2AK2","SPTAN1"
"HDAC1","MAP3K14","SPTAN1"
"HDAC1","WWTR1","SPTAN1"
"HDAC1","RACK1","SPTAN1"
"HDAC1","PXN","SPTAN1"
"HDAC1","ABL2","SPTAN1"
"HDAC1","AHSA1","SPTAN1"
"HDAC1","BTK","SPTAN1"
"HDAC1","TNK2","SPTAN1"
"HDAC1","CD19","SPTAN1"
"HDAC1","STAT1","SPTAN1"
"HDAC1","HSP90AB1","SPTAN1"
"HDAC1","MAP2K2","SPTAN1"
"HDAC1","MAPK10","SPTAN1"
"HDAC1","DYRK1B","SPTAN1"
"HDAC1","MEK1/2","SPTAN1"
"HDAC1","JAK1","SPTAN1"
"HDAC1","PTPN7","SPTAN1"
"HDAC1","MAP4K1","SPTAN1"
"HDAC1","EPS15","SPTAN1"
"HDAC1","IKK-complex","SPTAN1"
"HDAC1","SHC1","SPTAN1"
"HDAC1","MAPK8IP3","SPTAN1"
"HDAC1","MAPKAPK5","SPTAN1"
"HDAC1","EPHA2","SPTAN1"
"HDAC1","MAP3K8","SPTAN1"
"HDAC1","FLT4","SPTAN1"
"HDAC1","BMX","SPTAN1"
"HDAC1","PTK2B","SPTAN1"
"HDAC1","PRKCI","SPTAN1"
"HDAC1","PIN1","SPTAN1"
"HDAC1","CEP192","SPTAN1"
"HDAC1","GAB1","SPTAN1"
"HDAC1","GRIP1","SPTAN1"
"HDAC1","ARRB2","SPTAN1"
"HDAC1","EZH2","SPTAN1"
"HDAC1","BCR-Dk","SPTAN1"
"HDAC1","BCR-Ml","SPTAN1"
"HDAC1","NCOA1","SPTAN1"
"HDAC1","ZMIZ1","SPTAN1"
"HDAC1","NPM1","SPTAN1"
"HDAC1","GCSAM","SPTAN1"
"HDAC1","SPRY2","SPTAN1"
"HDAC1","ROR2","SPTAN1"
"HDAC1","BCR-Mk","SPTAN1"
"HDAC1","PLCG2","SPTAN1"
"HDAC1","SRC","ADAM15"
"HDAC1","PTEN","ADAM15"
"HDAC1","AKT1","ADAM15"
"HDAC1","Gbeta","ADAM15"
"HDAC1","KRAS","ADAM15"
"HDAC1","KIT","ADAM15"
"HDAC1","PTPRJ","ADAM15"
"HDAC1","RPS6KB1","ADAM15"
"HDAC1","EIF2AK2","ADAM15"
"HDAC1","PDPK1","ADAM15"
"HDAC1","MAP3K14","ADAM15"
"HDAC1","MAP2K1","ADAM15"
"HDAC1","PAK2","ADAM15"
"HDAC1","PPP1R2","ADAM15"
"HDAC1","CDK5","ADAM15"
"HDAC1","AKT","ADAM15"
"HDAC1","MAPK9","ADAM15"
"HDAC1","WWTR1","ADAM15"
"HDAC1","RACK1","ADAM15"
"HDAC1","DAPK1","ADAM15"
"HDAC1","PXN","ADAM15"
"HDAC1","PRKD1","ADAM15"
"HDAC1","ABL2","ADAM15"
"HDAC1","FBXW7","ADAM15"
"HDAC1","ITK","ADAM15"
"HDAC1","NCK1","ADAM15"
"HDAC1","AHSA1","ADAM15"
"HDAC1","BTK","ADAM15"
"HDAC1","TNK2","ADAM15"
"HDAC1","YAP1","ADAM15"
"HDAC1","DVL2","ADAM15"
"HDAC1","PTPN7","ADAM15"
"HDAC1","IKK-complex","ADAM15"
"HDAC1","SHC1","ADAM15"
"HDAC1","MAPK8IP3","ADAM15"
"HDAC1","PTPRR","ADAM15"
"HDAC1","BMX","ADAM15"
"HDAC1","PTK2B","ADAM15"
"HDAC1","SNW1","ADAM15"
"HDAC1","NEK6","ADAM15"
"HDAC1","PRKCI","ADAM15"
"HDAC1","PIN1","ADAM15"
"HDAC1","PARD6A","ADAM15"
"HDAC1","BCAR1","ADAM15"
"HDAC1","NCOA1","ADAM15"
"HDAC1","GCSAM","ADAM15"
"HDAC1","SPRY2","ADAM15"
"HDAC1","DDX58","ADAM15"
"HDAC1","SH2B3","ADAM15"
"HDAC1","DAB1","ADAM15"
"HDAC1","PLCG2","ADAM15"
"HDAC1","SRC","CDKN1C"
"HDAC1","MAPK8","CDKN1C"
"HDAC1","RPS6KB1","CDKN1C"
"HDAC1","PDPK1","CDKN1C"
"HDAC1","MAP3K14","CDKN1C"
"HDAC1","TGFBR2","CDKN1C"
"HDAC1","PPP1R2","CDKN1C"
"HDAC1","CDK5","CDKN1C"
"HDAC1","MAPK9","CDKN1C"
"HDAC1","WWTR1","CDKN1C"
"HDAC1","RACK1","CDKN1C"
"HDAC1","DAPK1","CDKN1C"
"HDAC1","ABL2","CDKN1C"
"HDAC1","FBXW7","CDKN1C"
"HDAC1","NCK1","CDKN1C"
"HDAC1","BTK","CDKN1C"
"HDAC1","CD19","CDKN1C"
"HDAC1","DVL2","CDKN1C"
"HDAC1","MAPK10","CDKN1C"
"HDAC1","DYRK1B","CDKN1C"
"HDAC1","MEK1/2","CDKN1C"
"HDAC1","JAK1","CDKN1C"
"HDAC1","PTPN7","CDKN1C"
"HDAC1","CDKN2A","CDKN1C"
"HDAC1","EPS15","CDKN1C"
"HDAC1","SHC1","CDKN1C"
"HDAC1","MAPK8IP3","CDKN1C"
"HDAC1","MAPKAPK5","CDKN1C"
"HDAC1","DUSP16","CDKN1C"
"HDAC1","FLT4","CDKN1C"
"HDAC1","PTK2B","CDKN1C"
"HDAC1","SNW1","CDKN1C"
"HDAC1","PRKCI","CDKN1C"
"HDAC1","CTNND1","CDKN1C"
"HDAC1","PIN1","CDKN1C"
"HDAC1","PARD6A","CDKN1C"
"HDAC1","CEP192","CDKN1C"
"HDAC1","GAB1","CDKN1C"
"HDAC1","PTPRA","CDKN1C"
"HDAC1","GRIP1","CDKN1C"
"HDAC1","ESR1","CDKN1C"
"HDAC1","ARRB2","CDKN1C"
"HDAC1","INPP5D","CDKN1C"
"HDAC1","GAB2","CDKN1C"
"HDAC1","EZH2","CDKN1C"
"HDAC1","BCAR1","CDKN1C"
"HDAC1","BCR-Ml","CDKN1C"
"HDAC1","NOTCH","CDKN1C"
"HDAC1","NCOA1","CDKN1C"
"HDAC1","ZMIZ1","CDKN1C"
"HDAC1","TAB3","CDKN1C"
"HDAC1","NPM1","CDKN1C"
"HDAC1","GCSAM","CDKN1C"
"HDAC1","OPTN","CDKN1C"
"HDAC1","SPRY2","CDKN1C"
"HDAC1","ROR2","CDKN1C"
"HDAC1","IFIH1","CDKN1C"
"HDAC1","SH2B3","CDKN1C"
"HDAC1","DAB1","CDKN1C"
"HDAC1","BCR-Mk","CDKN1C"
"HDAC1","PLCG2","CDKN1C"
"HDAC1","CHUK","FCGR2B"
"HDAC1","SRC","FCGR2B"
"HDAC1","PTEN","FCGR2B"
"HDAC1","MAPK8","FCGR2B"
"HDAC1","MTOR","FCGR2B"
"HDAC1","AKT1","FCGR2B"
"HDAC1","PRKCD","FCGR2B"
"HDAC1","MAPK1","FCGR2B"
"HDAC1","KRAS","FCGR2B"
"HDAC1","KIT","FCGR2B"
"HDAC1","RPS6KB1","FCGR2B"
"HDAC1","EIF2AK2","FCGR2B"
"HDAC1","PDPK1","FCGR2B"
"HDAC1","MAP2K1","FCGR2B"
"HDAC1","TGFBR2","FCGR2B"
"HDAC1","PAK2","FCGR2B"
"HDAC1","PPP1R2","FCGR2B"
"HDAC1","CDK5","FCGR2B"
"HDAC1","MAPK9","FCGR2B"
"HDAC1","RACK1","FCGR2B"
"HDAC1","PXN","FCGR2B"
"HDAC1","PRKD1","FCGR2B"
"HDAC1","ITK","FCGR2B"
"HDAC1","NCK1","FCGR2B"
"HDAC1","AHSA1","FCGR2B"
"HDAC1","BTK","FCGR2B"
"HDAC1","TNK2","FCGR2B"
"HDAC1","CD19","FCGR2B"
"HDAC1","STAT1","FCGR2B"
"HDAC1","HSP90AB1","FCGR2B"
"HDAC1","DVL2","FCGR2B"
"HDAC1","MAP2K2","FCGR2B"
"HDAC1","MAPK10","FCGR2B"
"HDAC1","DYRK1B","FCGR2B"
"HDAC1","MEK1/2","FCGR2B"
"HDAC1","JAK1","FCGR2B"
"HDAC1","PTPN7","FCGR2B"
"HDAC1","EPS15","FCGR2B"
"HDAC1","IKK-complex","FCGR2B"
"HDAC1","MAPK8IP3","FCGR2B"
"HDAC1","DUSP16","FCGR2B"
"HDAC1","BDKRB2","FCGR2B"
"HDAC1","FLT4","FCGR2B"
"HDAC1","SNW1","FCGR2B"
"HDAC1","CEP192","FCGR2B"
"HDAC1","GAB1","FCGR2B"
"HDAC1","GRIP1","FCGR2B"
"HDAC1","ARRB2","FCGR2B"
"HDAC1","INPP5D","FCGR2B"
"HDAC1","GAB2","FCGR2B"
"HDAC1","BCAR1","FCGR2B"
"HDAC1","NOTCH","FCGR2B"
"HDAC1","NCOA1","FCGR2B"
"HDAC1","FERMT2","FCGR2B"
"HDAC1","TAB3","FCGR2B"
"HDAC1","DDX58","FCGR2B"
"HDAC1","ROR2","FCGR2B"
"HDAC1","IFIH1","FCGR2B"
"HDAC1","DAB1","FCGR2B"
"HDAC1","BCR-Mk","FCGR2B"
"HDAC1","PTEN","EXOC7"
"HDAC1","PRKCD","EXOC7"
"HDAC1","PTPN1","EXOC7"
"HDAC1","Gbeta","EXOC7"
"HDAC1","KRAS","EXOC7"
"HDAC1","KIT","EXOC7"
"HDAC1","MAML3","EXOC7"
"HDAC1","MAP3K14","EXOC7"
"HDAC1","MAP2K1","EXOC7"
"HDAC1","TGFBR2","EXOC7"
"HDAC1","PPP1R2","EXOC7"
"HDAC1","CDK5","EXOC7"
"HDAC1","AKT","EXOC7"
"HDAC1","MAPK9","EXOC7"
"HDAC1","WWTR1","EXOC7"
"HDAC1","RACK1","EXOC7"
"HDAC1","ABL2","EXOC7"
"HDAC1","FBXW7","EXOC7"
"HDAC1","ITK","EXOC7"
"HDAC1","YAP1","EXOC7"
"HDAC1","DVL2","EXOC7"
"HDAC1","MAP2K2","EXOC7"
"HDAC1","MAPK10","EXOC7"
"HDAC1","JAK1","EXOC7"
"HDAC1","MAP4K1","EXOC7"
"HDAC1","IKK-complex","EXOC7"
"HDAC1","MAPK8IP3","EXOC7"
"HDAC1","MAPKAPK5","EXOC7"
"HDAC1","FLT4","EXOC7"
"HDAC1","BMX","EXOC7"
"HDAC1","PTK2B","EXOC7"
"HDAC1","PARD6A","EXOC7"
"HDAC1","CEP192","EXOC7"
"HDAC1","GAB1","EXOC7"
"HDAC1","PTPRA","EXOC7"
"HDAC1","ESR1","EXOC7"
"HDAC1","ARRB2","EXOC7"
"HDAC1","INPP5D","EXOC7"
"HDAC1","GAB2","EXOC7"
"HDAC1","BCR-Dk","EXOC7"
"HDAC1","NOTCH","EXOC7"
"HDAC1","OPTN","EXOC7"
"HDAC1","PLCG2","EXOC7"
"HDAC1","MTOR","ATXN3"
"HDAC1","AKT1","ATXN3"
"HDAC1","MAPK1","ATXN3"
"HDAC1","Gbeta","ATXN3"
"HDAC1","KIT","ATXN3"
"HDAC1","EIF2AK2","ATXN3"
"HDAC1","PAK2","ATXN3"
"HDAC1","PPP1R2","ATXN3"
"HDAC1","MAPK9","ATXN3"
"HDAC1","WWTR1","ATXN3"
"HDAC1","RACK1","ATXN3"
"HDAC1","ITK","ATXN3"
"HDAC1","AHSA1","ATXN3"
"HDAC1","TNK2","ATXN3"
"HDAC1","YAP1","ATXN3"
"HDAC1","CD19","ATXN3"
"HDAC1","HSP90AB1","ATXN3"
"HDAC1","DVL2","ATXN3"
"HDAC1","MAP2K2","ATXN3"
"HDAC1","MAPK10","ATXN3"
"HDAC1","DYRK1B","ATXN3"
"HDAC1","MAP4K1","ATXN3"
"HDAC1","EPS15","ATXN3"
"HDAC1","SHC1","ATXN3"
"HDAC1","MAPK8IP3","ATXN3"
"HDAC1","AXIN1","ATXN3"
"HDAC1","MAPKAPK5","ATXN3"
"HDAC1","DUSP16","ATXN3"
"HDAC1","BMX","ATXN3"
"HDAC1","PTK2B","ATXN3"
"HDAC1","SNW1","ATXN3"
"HDAC1","PRKCI","ATXN3"
"HDAC1","PARD6A","ATXN3"
"HDAC1","ARRB2","ATXN3"
"HDAC1","INPP5D","ATXN3"
"HDAC1","GAB2","ATXN3"
"HDAC1","BCR-Dk","ATXN3"
"HDAC1","BCAR1","ATXN3"
"HDAC1","NCOA1","ATXN3"
"HDAC1","FERMT2","ATXN3"
"HDAC1","ZMIZ1","ATXN3"
"HDAC1","GCSAM","ATXN3"
"HDAC1","ROR2","ATXN3"
"HDAC1","DAB1","ATXN3"
"HDAC1","PLCG2","ATXN3"
"HDAC1","CHUK","CACNA1C"
"HDAC1","RPS6KA2","CACNA1C"
"HDAC1","MAPK8","CACNA1C"
"HDAC1","MTOR","CACNA1C"
"HDAC1","AKT1","CACNA1C"
"HDAC1","PRKCD","CACNA1C"
"HDAC1","MAPK1","CACNA1C"
"HDAC1","PTPN1","CACNA1C"
"HDAC1","Gbeta","CACNA1C"
"HDAC1","PTPRJ","CACNA1C"
"HDAC1","RPS6KB1","CACNA1C"
"HDAC1","GSK3B","CACNA1C"
"HDAC1","AKT","CACNA1C"
"HDAC1","RACK1","CACNA1C"
"HDAC1","DAPK1","CACNA1C"
"HDAC1","PXN","CACNA1C"
"HDAC1","FBXW7","CACNA1C"
"HDAC1","ITK","CACNA1C"
"HDAC1","AHSA1","CACNA1C"
"HDAC1","YAP1","CACNA1C"
"HDAC1","CD19","CACNA1C"
"HDAC1","HSP90AB1","CACNA1C"
"HDAC1","DVL2","CACNA1C"
"HDAC1","MAPK10","CACNA1C"
"HDAC1","DYRK1B","CACNA1C"
"HDAC1","MEK1/2","CACNA1C"
"HDAC1","PTPN7","CACNA1C"
"HDAC1","MAP4K1","CACNA1C"
"HDAC1","EPS15","CACNA1C"
"HDAC1","MAPK8IP3","CACNA1C"
"HDAC1","AXIN1","CACNA1C"
"HDAC1","EPHA2","CACNA1C"
"HDAC1","MAP3K8","CACNA1C"
"HDAC1","PTPRR","CACNA1C"
"HDAC1","PTK2B","CACNA1C"
"HDAC1","PIN1","CACNA1C"
"HDAC1","ESR1","CACNA1C"
"HDAC1","ARRB2","CACNA1C"
"HDAC1","EZH2","CACNA1C"
"HDAC1","BCAR1","CACNA1C"
"HDAC1","BCR-Ml","CACNA1C"
"HDAC1","NCOA1","CACNA1C"
"HDAC1","FERMT2","CACNA1C"
"HDAC1","ZMIZ1","CACNA1C"
"HDAC1","NPM1","CACNA1C"
"HDAC1","IFIH1","CACNA1C"
"HDAC1","SH2B3","CACNA1C"
"HDAC1","PLCG2","CACNA1C"
"HDAC1","CHUK","RBM39"
"HDAC1","SRC","RBM39"
"HDAC1","PTEN","RBM39"
"HDAC1","AKT1","RBM39"
"HDAC1","MAPK1","RBM39"
"HDAC1","PTPN1","RBM39"
"HDAC1","PTPRJ","RBM39"
"HDAC1","EIF2AK2","RBM39"
"HDAC1","MAML3","RBM39"
"HDAC1","GSK3B","RBM39"
"HDAC1","PAK2","RBM39"
"HDAC1","MAPK9","RBM39"
"HDAC1","RACK1","RBM39"
"HDAC1","DAPK1","RBM39"
"HDAC1","PRKD1","RBM39"
"HDAC1","FBXW7","RBM39"
"HDAC1","ITK","RBM39"
"HDAC1","AHSA1","RBM39"
"HDAC1","BTK","RBM39"
"HDAC1","YAP1","RBM39"
"HDAC1","MAPK10","RBM39"
"HDAC1","MEK1/2","RBM39"
"HDAC1","JAK1","RBM39"
"HDAC1","PTPN7","RBM39"
"HDAC1","MAP4K1","RBM39"
"HDAC1","EPS15","RBM39"
"HDAC1","IKK-complex","RBM39"
"HDAC1","SHC1","RBM39"
"HDAC1","AXIN1","RBM39"
"HDAC1","DUSP16","RBM39"
"HDAC1","EPHA2","RBM39"
"HDAC1","MAP3K8","RBM39"
"HDAC1","PTPRR","RBM39"
"HDAC1","BDKRB2","RBM39"
"HDAC1","FLT4","RBM39"
"HDAC1","BMX","RBM39"
"HDAC1","SNW1","RBM39"
"HDAC1","NEK6","RBM39"
"HDAC1","CTNND1","RBM39"
"HDAC1","PIN1","RBM39"
"HDAC1","PARD6A","RBM39"
"HDAC1","CEP192","RBM39"
"HDAC1","GAB1","RBM39"
"HDAC1","GRIP1","RBM39"
"HDAC1","ARRB2","RBM39"
"HDAC1","GAB2","RBM39"
"HDAC1","EZH2","RBM39"
"HDAC1","BCAR1","RBM39"
"HDAC1","NOTCH","RBM39"
"HDAC1","NCOA1","RBM39"
"HDAC1","FERMT2","RBM39"
"HDAC1","ZMIZ1","RBM39"
"HDAC1","TAB3","RBM39"
"HDAC1","GCSAM","RBM39"
"HDAC1","BCR-Dl","RBM39"
"HDAC1","DDX58","RBM39"
"HDAC1","IFIH1","RBM39"
"HDAC1","DAB1","RBM39"
"HDAC1","BCR-Mk","RBM39"
"HDAC1","PLCG2","RBM39"
"HDAC1","RPS6KA2","FCGR2C"
"HDAC1","PTEN","FCGR2C"
"HDAC1","MTOR","FCGR2C"
"HDAC1","KRAS","FCGR2C"
"HDAC1","KIT","FCGR2C"
"HDAC1","PTPRJ","FCGR2C"
"HDAC1","RPS6KB1","FCGR2C"
"HDAC1","EIF2AK2","FCGR2C"
"HDAC1","MAP2K1","FCGR2C"
"HDAC1","GSK3B","FCGR2C"
"HDAC1","AKT","FCGR2C"
"HDAC1","WWTR1","FCGR2C"
"HDAC1","RACK1","FCGR2C"
"HDAC1","DAPK1","FCGR2C"
"HDAC1","PRKD1","FCGR2C"
"HDAC1","ABL2","FCGR2C"
"HDAC1","AHSA1","FCGR2C"
"HDAC1","BTK","FCGR2C"
"HDAC1","TNK2","FCGR2C"
"HDAC1","HSP90AB1","FCGR2C"
"HDAC1","MAPK10","FCGR2C"
"HDAC1","MAP4K1","FCGR2C"
"HDAC1","EPS15","FCGR2C"
"HDAC1","IKK-complex","FCGR2C"
"HDAC1","SHC1","FCGR2C"
"HDAC1","MAPK8IP3","FCGR2C"
"HDAC1","AXIN1","FCGR2C"
"HDAC1","MAPKAPK5","FCGR2C"
"HDAC1","DUSP16","FCGR2C"
"HDAC1","EPHA2","FCGR2C"
"HDAC1","FLT4","FCGR2C"
"HDAC1","BMX","FCGR2C"
"HDAC1","CTNND1","FCGR2C"
"HDAC1","PARD6A","FCGR2C"
"HDAC1","PTPRA","FCGR2C"
"HDAC1","GRIP1","FCGR2C"
"HDAC1","EZH2","FCGR2C"
"HDAC1","ZMIZ1","FCGR2C"
"HDAC1","NPM1","FCGR2C"
"HDAC1","OPTN","FCGR2C"
"HDAC1","BCR-Dl","FCGR2C"
"HDAC1","CHUK","MYL1"
"HDAC1","PTEN","MYL1"
"HDAC1","MTOR","MYL1"
"HDAC1","PRKCD","MYL1"
"HDAC1","Gbeta","MYL1"
"HDAC1","KIT","MYL1"
"HDAC1","PTPRJ","MYL1"
"HDAC1","MAML3","MYL1"
"HDAC1","MAP2K1","MYL1"
"HDAC1","TGFBR2","MYL1"
"HDAC1","CDK5","MYL1"
"HDAC1","MAPK9","MYL1"
"HDAC1","WWTR1","MYL1"
"HDAC1","DAPK1","MYL1"
"HDAC1","ABL2","MYL1"
"HDAC1","FBXW7","MYL1"
"HDAC1","NCK1","MYL1"
"HDAC1","AHSA1","MYL1"
"HDAC1","BTK","MYL1"
"HDAC1","CD19","MYL1"
"HDAC1","DVL2","MYL1"
"HDAC1","MAP2K2","MYL1"
"HDAC1","DYRK1B","MYL1"
"HDAC1","JAK1","MYL1"
"HDAC1","PTPN7","MYL1"
"HDAC1","IKK-complex","MYL1"
"HDAC1","SHC1","MYL1"
"HDAC1","MAPK8IP3","MYL1"
"HDAC1","MAPKAPK5","MYL1"
"HDAC1","EPHA2","MYL1"
"HDAC1","BMX","MYL1"
"HDAC1","PTK2B","MYL1"
"HDAC1","NEK6","MYL1"
"HDAC1","CTNND1","MYL1"
"HDAC1","PARD6A","MYL1"
"HDAC1","PTPRA","MYL1"
"HDAC1","ARRB2","MYL1"
"HDAC1","INPP5D","MYL1"
"HDAC1","EZH2","MYL1"
"HDAC1","FERMT2","MYL1"
"HDAC1","TAB3","MYL1"
"HDAC1","OPTN","MYL1"
"HDAC1","PLCG2","MYL1"
"HDAC1","CHUK","SLC6A4"
"HDAC1","PTEN","SLC6A4"
"HDAC1","PTPN1","SLC6A4"
"HDAC1","Gbeta","SLC6A4"
"HDAC1","KRAS","SLC6A4"
"HDAC1","PTPRJ","SLC6A4"
"HDAC1","EIF2AK2","SLC6A4"
"HDAC1","PDPK1","SLC6A4"
"HDAC1","MAML3","SLC6A4"
"HDAC1","MAP3K14","SLC6A4"
"HDAC1","MAP2K1","SLC6A4"
"HDAC1","GSK3B","SLC6A4"
"HDAC1","PAK2","SLC6A4"
"HDAC1","PPP1R2","SLC6A4"
"HDAC1","AKT","SLC6A4"
"HDAC1","MAPK9","SLC6A4"
"HDAC1","WWTR1","SLC6A4"
"HDAC1","PXN","SLC6A4"
"HDAC1","ITK","SLC6A4"
"HDAC1","BTK","SLC6A4"
"HDAC1","TNK2","SLC6A4"
"HDAC1","CD19","SLC6A4"
"HDAC1","MAP2K2","SLC6A4"
"HDAC1","MAPK10","SLC6A4"
"HDAC1","MEK1/2","SLC6A4"
"HDAC1","JAK1","SLC6A4"
"HDAC1","PTPN7","SLC6A4"
"HDAC1","CDKN2A","SLC6A4"
"HDAC1","MAP4K1","SLC6A4"
"HDAC1","IKK-complex","SLC6A4"
"HDAC1","AXIN1","SLC6A4"
"HDAC1","MAPKAPK5","SLC6A4"
"HDAC1","DUSP16","SLC6A4"
"HDAC1","EPHA2","SLC6A4"
"HDAC1","PTPRR","SLC6A4"
"HDAC1","BMX","SLC6A4"
"HDAC1","PTK2B","SLC6A4"
"HDAC1","PRKCI","SLC6A4"
"HDAC1","CTNND1","SLC6A4"
"HDAC1","CEP192","SLC6A4"
"HDAC1","GAB1","SLC6A4"
"HDAC1","PTPRA","SLC6A4"
"HDAC1","GRIP1","SLC6A4"
"HDAC1","INPP5D","SLC6A4"
"HDAC1","GAB2","SLC6A4"
"HDAC1","NOTCH","SLC6A4"
"HDAC1","FERMT2","SLC6A4"
"HDAC1","ZMIZ1","SLC6A4"
"HDAC1","TAB3","SLC6A4"
"HDAC1","NPM1","SLC6A4"
"HDAC1","SPRY2","SLC6A4"
"HDAC1","BCR-Dl","SLC6A4"
"HDAC1","DDX58","SLC6A4"
"HDAC1","ROR2","SLC6A4"
"HDAC1","IFIH1","SLC6A4"
"HDAC1","SH2B3","SLC6A4"
"HDAC1","DAB1","SLC6A4"
"HDAC1","BCR-Mk","SLC6A4"
"HDAC1","PLCG2","SLC6A4"
"HDAC1","CHUK","WWOX"
"HDAC1","RPS6KA2","WWOX"
"HDAC1","PTEN","WWOX"
"HDAC1","MAPK8","WWOX"
"HDAC1","MTOR","WWOX"
"HDAC1","MAPK1","WWOX"
"HDAC1","PTPN1","WWOX"
"HDAC1","KRAS","WWOX"
"HDAC1","KIT","WWOX"
"HDAC1","MAP3K14","WWOX"
"HDAC1","MAP2K1","WWOX"
"HDAC1","PAK2","WWOX"
"HDAC1","RACK1","WWOX"
"HDAC1","PRKD1","WWOX"
"HDAC1","FBXW7","WWOX"
"HDAC1","ITK","WWOX"
"HDAC1","NCK1","WWOX"
"HDAC1","TNK2","WWOX"
"HDAC1","CD19","WWOX"
"HDAC1","STAT1","WWOX"
"HDAC1","HSP90AB1","WWOX"
"HDAC1","MAP2K2","WWOX"
"HDAC1","CDKN2A","WWOX"
"HDAC1","EPS15","WWOX"
"HDAC1","MAPK8IP3","WWOX"
"HDAC1","BMX","WWOX"
"HDAC1","PTK2B","WWOX"
"HDAC1","NEK6","WWOX"
"HDAC1","GAB1","WWOX"
"HDAC1","PTPRA","WWOX"
"HDAC1","GRIP1","WWOX"
"HDAC1","ARRB2","WWOX"
"HDAC1","INPP5D","WWOX"
"HDAC1","GAB2","WWOX"
"HDAC1","EZH2","WWOX"
"HDAC1","BCR-Dk","WWOX"
"HDAC1","BCAR1","WWOX"
"HDAC1","BCR-Ml","WWOX"
"HDAC1","NOTCH","WWOX"
"HDAC1","NCOA1","WWOX"
"HDAC1","FERMT2","WWOX"
"HDAC1","ZMIZ1","WWOX"
"HDAC1","TAB3","WWOX"
"HDAC1","NPM1","WWOX"
"HDAC1","BCR-Dl","WWOX"
"HDAC1","SH2B3","WWOX"
"HDAC1","DAB1","WWOX"
"HDAC1","PLCG2","WWOX"
"HDAC1","RPS6KA2","BMF"
"HDAC1","MAPK8","BMF"
"HDAC1","AKT1","BMF"
"HDAC1","PRKCD","BMF"
"HDAC1","MAPK1","BMF"
"HDAC1","PTPN1","BMF"
"HDAC1","KRAS","BMF"
"HDAC1","PDPK1","BMF"
"HDAC1","TGFBR2","BMF"
"HDAC1","PAK2","BMF"
"HDAC1","PPP1R2","BMF"
"HDAC1","RACK1","BMF"
"HDAC1","DAPK1","BMF"
"HDAC1","PXN","BMF"
"HDAC1","ABL2","BMF"
"HDAC1","CD19","BMF"
"HDAC1","STAT1","BMF"
"HDAC1","HSP90AB1","BMF"
"HDAC1","DVL2","BMF"
"HDAC1","MAPK10","BMF"
"HDAC1","MEK1/2","BMF"
"HDAC1","JAK1","BMF"
"HDAC1","CDKN2A","BMF"
"HDAC1","EPS15","BMF"
"HDAC1","SHC1","BMF"
"HDAC1","MAPK8IP3","BMF"
"HDAC1","AXIN1","BMF"
"HDAC1","MAPKAPK5","BMF"
"HDAC1","DUSP16","BMF"
"HDAC1","EPHA2","BMF"
"HDAC1","PTPRR","BMF"
"HDAC1","BDKRB2","BMF"
"HDAC1","FLT4","BMF"
"HDAC1","BMX","BMF"
"HDAC1","PTK2B","BMF"
"HDAC1","SNW1","BMF"
"HDAC1","PRKCI","BMF"
"HDAC1","PIN1","BMF"
"HDAC1","GRIP1","BMF"
"HDAC1","ARRB2","BMF"
"HDAC1","EZH2","BMF"
"HDAC1","BCR-Dk","BMF"
"HDAC1","BCAR1","BMF"
"HDAC1","NOTCH","BMF"
"HDAC1","NCOA1","BMF"
"HDAC1","FERMT2","BMF"
"HDAC1","ZMIZ1","BMF"
"HDAC1","NPM1","BMF"
"HDAC1","SPRY2","BMF"
"HDAC1","BCR-Dl","BMF"
"HDAC1","DDX58","BMF"
"HDAC1","BCR-Mk","BMF"
"HDAC1","CHUK","XPO1"
"HDAC1","MTOR","XPO1"
"HDAC1","PRKCD","XPO1"
"HDAC1","MAML3","XPO1"
"HDAC1","MAP3K14","XPO1"
"HDAC1","MAP2K1","XPO1"
"HDAC1","GSK3B","XPO1"
"HDAC1","TGFBR2","XPO1"
"HDAC1","PAK2","XPO1"
"HDAC1","CDK5","XPO1"
"HDAC1","AKT","XPO1"
"HDAC1","WWTR1","XPO1"
"HDAC1","RACK1","XPO1"
"HDAC1","ABL2","XPO1"
"HDAC1","FBXW7","XPO1"
"HDAC1","ITK","XPO1"
"HDAC1","NCK1","XPO1"
"HDAC1","TNK2","XPO1"
"HDAC1","YAP1","XPO1"
"HDAC1","CD19","XPO1"
"HDAC1","STAT1","XPO1"
"HDAC1","HSP90AB1","XPO1"
"HDAC1","MAP2K2","XPO1"
"HDAC1","DYRK1B","XPO1"
"HDAC1","MEK1/2","XPO1"
"HDAC1","MAP4K1","XPO1"
"HDAC1","IKK-complex","XPO1"
"HDAC1","AXIN1","XPO1"
"HDAC1","MAPKAPK5","XPO1"
"HDAC1","DUSP16","XPO1"
"HDAC1","PTPRR","XPO1"
"HDAC1","BDKRB2","XPO1"
"HDAC1","BMX","XPO1"
"HDAC1","SNW1","XPO1"
"HDAC1","CTNND1","XPO1"
"HDAC1","PIN1","XPO1"
"HDAC1","PARD6A","XPO1"
"HDAC1","ARRB2","XPO1"
"HDAC1","INPP5D","XPO1"
"HDAC1","BCR-Ml","XPO1"
"HDAC1","NOTCH","XPO1"
"HDAC1","NCOA1","XPO1"
"HDAC1","ZMIZ1","XPO1"
"HDAC1","ROR2","XPO1"
"HDAC1","IFIH1","XPO1"
"HDAC1","DAB1","XPO1"
"HDAC1","BCR-Mk","XPO1"
"HDAC1","PLCG2","XPO1"
"HDAC1","SRC","TAL1"
"HDAC1","RPS6KA2","TAL1"
"HDAC1","MAPK8","TAL1"
"HDAC1","MTOR","TAL1"
"HDAC1","AKT1","TAL1"
"HDAC1","PTPN1","TAL1"
"HDAC1","KRAS","TAL1"
"HDAC1","KIT","TAL1"
"HDAC1","RPS6KB1","TAL1"
"HDAC1","EIF2AK2","TAL1"
"HDAC1","PDPK1","TAL1"
"HDAC1","MAML3","TAL1"
"HDAC1","MAP3K14","TAL1"
"HDAC1","MAP2K1","TAL1"
"HDAC1","TGFBR2","TAL1"
"HDAC1","PPP1R2","TAL1"
"HDAC1","CDK5","TAL1"
"HDAC1","RACK1","TAL1"
"HDAC1","PXN","TAL1"
"HDAC1","FBXW7","TAL1"
"HDAC1","NCK1","TAL1"
"HDAC1","BTK","TAL1"
"HDAC1","TNK2","TAL1"
"HDAC1","YAP1","TAL1"
"HDAC1","CD19","TAL1"
"HDAC1","STAT1","TAL1"
"HDAC1","HSP90AB1","TAL1"
"HDAC1","DVL2","TAL1"
"HDAC1","DYRK1B","TAL1"
"HDAC1","MEK1/2","TAL1"
"HDAC1","EPS15","TAL1"
"HDAC1","IKK-complex","TAL1"
"HDAC1","SHC1","TAL1"
"HDAC1","EPHA2","TAL1"
"HDAC1","PTPRR","TAL1"
"HDAC1","FLT4","TAL1"
"HDAC1","SNW1","TAL1"
"HDAC1","PARD6A","TAL1"
"HDAC1","CEP192","TAL1"
"HDAC1","GAB1","TAL1"
"HDAC1","PTPRA","TAL1"
"HDAC1","ESR1","TAL1"
"HDAC1","INPP5D","TAL1"
"HDAC1","GAB2","TAL1"
"HDAC1","EZH2","TAL1"
"HDAC1","BCR-Dk","TAL1"
"HDAC1","BCAR1","TAL1"
"HDAC1","FERMT2","TAL1"
"HDAC1","ZMIZ1","TAL1"
"HDAC1","TAB3","TAL1"
"HDAC1","NPM1","TAL1"
"HDAC1","GCSAM","TAL1"
"HDAC1","BCR-Dl","TAL1"
"HDAC1","DDX58","TAL1"
"HDAC1","SH2B3","TAL1"
"HDAC1","DAB1","TAL1"
"HDAC1","RPS6KA2","SP7"
"HDAC1","PTEN","SP7"
"HDAC1","AKT1","SP7"
"HDAC1","PRKCD","SP7"
"HDAC1","PTPN1","SP7"
"HDAC1","PTPRJ","SP7"
"HDAC1","EIF2AK2","SP7"
"HDAC1","PDPK1","SP7"
"HDAC1","MAML3","SP7"
"HDAC1","MAP3K14","SP7"
"HDAC1","MAP2K1","SP7"
"HDAC1","PPP1R2","SP7"
"HDAC1","CDK5","SP7"
"HDAC1","RACK1","SP7"
"HDAC1","DAPK1","SP7"
"HDAC1","PRKD1","SP7"
"HDAC1","ABL2","SP7"
"HDAC1","FBXW7","SP7"
"HDAC1","NCK1","SP7"
"HDAC1","AHSA1","SP7"
"HDAC1","CD19","SP7"
"HDAC1","STAT1","SP7"
"HDAC1","HSP90AB1","SP7"
"HDAC1","DVL2","SP7"
"HDAC1","DYRK1B","SP7"
"HDAC1","PTPN7","SP7"
"HDAC1","CDKN2A","SP7"
"HDAC1","MAPK8IP3","SP7"
"HDAC1","AXIN1","SP7"
"HDAC1","DUSP16","SP7"
"HDAC1","EPHA2","SP7"
"HDAC1","PTPRR","SP7"
"HDAC1","BDKRB2","SP7"
"HDAC1","FLT4","SP7"
"HDAC1","BMX","SP7"
"HDAC1","SNW1","SP7"
"HDAC1","NEK6","SP7"
"HDAC1","PRKCI","SP7"
"HDAC1","CTNND1","SP7"
"HDAC1","PIN1","SP7"
"HDAC1","CEP192","SP7"
"HDAC1","PTPRA","SP7"
"HDAC1","GRIP1","SP7"
"HDAC1","INPP5D","SP7"
"HDAC1","GAB2","SP7"
"HDAC1","BCR-Dk","SP7"
"HDAC1","NOTCH","SP7"
"HDAC1","FERMT2","SP7"
"HDAC1","TAB3","SP7"
"HDAC1","NPM1","SP7"
"HDAC1","GCSAM","SP7"
"HDAC1","OPTN","SP7"
"HDAC1","BCR-Dl","SP7"
"HDAC1","DAB1","SP7"
"HDAC1","SRC","MARS1"
"HDAC1","RPS6KA2","MARS1"
"HDAC1","PTEN","MARS1"
"HDAC1","MAPK8","MARS1"
"HDAC1","PTPN1","MARS1"
"HDAC1","Gbeta","MARS1"
"HDAC1","KRAS","MARS1"
"HDAC1","PTPRJ","MARS1"
"HDAC1","TGFBR2","MARS1"
"HDAC1","CDK5","MARS1"
"HDAC1","MAPK9","MARS1"
"HDAC1","RACK1","MARS1"
"HDAC1","DAPK1","MARS1"
"HDAC1","PXN","MARS1"
"HDAC1","PRKD1","MARS1"
"HDAC1","FBXW7","MARS1"
"HDAC1","AHSA1","MARS1"
"HDAC1","TNK2","MARS1"
"HDAC1","YAP1","MARS1"
"HDAC1","STAT1","MARS1"
"HDAC1","HSP90AB1","MARS1"
"HDAC1","DVL2","MARS1"
"HDAC1","MAP2K2","MARS1"
"HDAC1","MAPK10","MARS1"
"HDAC1","DYRK1B","MARS1"
"HDAC1","JAK1","MARS1"
"HDAC1","MAP4K1","MARS1"
"HDAC1","MAPK8IP3","MARS1"
"HDAC1","MAPKAPK5","MARS1"
"HDAC1","PTPRR","MARS1"
"HDAC1","FLT4","MARS1"
"HDAC1","PTK2B","MARS1"
"HDAC1","SNW1","MARS1"
"HDAC1","NEK6","MARS1"
"HDAC1","PRKCI","MARS1"
"HDAC1","PIN1","MARS1"
"HDAC1","GAB1","MARS1"
"HDAC1","GRIP1","MARS1"
"HDAC1","EZH2","MARS1"
"HDAC1","BCR-Dk","MARS1"
"HDAC1","BCAR1","MARS1"
"HDAC1","ZMIZ1","MARS1"
"HDAC1","TAB3","MARS1"
"HDAC1","NPM1","MARS1"
"HDAC1","OPTN","MARS1"
"HDAC1","BCR-Mk","MARS1"
"HDAC1","PLCG2","MARS1"
"HDAC1","RPS6KA2","VAMP7"
"HDAC1","PTEN","VAMP7"
"HDAC1","MAPK8","VAMP7"
"HDAC1","AKT1","VAMP7"
"HDAC1","PRKCD","VAMP7"
"HDAC1","MAPK1","VAMP7"
"HDAC1","PTPN1","VAMP7"
"HDAC1","KRAS","VAMP7"
"HDAC1","PTPRJ","VAMP7"
"HDAC1","RPS6KB1","VAMP7"
"HDAC1","EIF2AK2","VAMP7"
"HDAC1","PDPK1","VAMP7"
"HDAC1","MAML3","VAMP7"
"HDAC1","MAP3K14","VAMP7"
"HDAC1","MAP2K1","VAMP7"
"HDAC1","GSK3B","VAMP7"
"HDAC1","TGFBR2","VAMP7"
"HDAC1","AKT","VAMP7"
"HDAC1","MAPK9","VAMP7"
"HDAC1","WWTR1","VAMP7"
"HDAC1","DAPK1","VAMP7"
"HDAC1","PXN","VAMP7"
"HDAC1","PRKD1","VAMP7"
"HDAC1","NCK1","VAMP7"
"HDAC1","AHSA1","VAMP7"
"HDAC1","BTK","VAMP7"
"HDAC1","CD19","VAMP7"
"HDAC1","STAT1","VAMP7"
"HDAC1","HSP90AB1","VAMP7"
"HDAC1","MAPK10","VAMP7"
"HDAC1","DYRK1B","VAMP7"
"HDAC1","IKK-complex","VAMP7"
"HDAC1","SHC1","VAMP7"
"HDAC1","MAPK8IP3","VAMP7"
"HDAC1","MAPKAPK5","VAMP7"
"HDAC1","EPHA2","VAMP7"
"HDAC1","BDKRB2","VAMP7"
"HDAC1","SNW1","VAMP7"
"HDAC1","NEK6","VAMP7"
"HDAC1","PIN1","VAMP7"
"HDAC1","PARD6A","VAMP7"
"HDAC1","INPP5D","VAMP7"
"HDAC1","EZH2","VAMP7"
"HDAC1","BCR-Dk","VAMP7"
"HDAC1","BCR-Ml","VAMP7"
"HDAC1","NOTCH","VAMP7"
"HDAC1","NCOA1","VAMP7"
"HDAC1","FERMT2","VAMP7"
"HDAC1","ZMIZ1","VAMP7"
"HDAC1","NPM1","VAMP7"
"HDAC1","GCSAM","VAMP7"
"HDAC1","OPTN","VAMP7"
"HDAC1","BCR-Dl","VAMP7"
"HDAC1","DDX58","VAMP7"
"HDAC1","IFIH1","VAMP7"
"HDAC1","SH2B3","VAMP7"
"HDAC1","DAB1","VAMP7"
"HDAC1","PLCG2","VAMP7"
"HDAC1","CHUK","ARHGAP35"
"HDAC1","RPS6KA2","ARHGAP35"
"HDAC1","PTEN","ARHGAP35"
"HDAC1","AKT1","ARHGAP35"
"HDAC1","PTPN1","ARHGAP35"
"HDAC1","PTPRJ","ARHGAP35"
"HDAC1","EIF2AK2","ARHGAP35"
"HDAC1","PDPK1","ARHGAP35"
"HDAC1","MAP2K1","ARHGAP35"
"HDAC1","GSK3B","ARHGAP35"
"HDAC1","CDK5","ARHGAP35"
"HDAC1","WWTR1","ARHGAP35"
"HDAC1","PRKD1","ARHGAP35"
"HDAC1","FBXW7","ARHGAP35"
"HDAC1","MAP2K2","ARHGAP35"
"HDAC1","MAPK10","ARHGAP35"
"HDAC1","DYRK1B","ARHGAP35"
"HDAC1","PTPN7","ARHGAP35"
"HDAC1","CDKN2A","ARHGAP35"
"HDAC1","MAP4K1","ARHGAP35"
"HDAC1","MAPK8IP3","ARHGAP35"
"HDAC1","AXIN1","ARHGAP35"
"HDAC1","MAPKAPK5","ARHGAP35"
"HDAC1","EPHA2","ARHGAP35"
"HDAC1","BDKRB2","ARHGAP35"
"HDAC1","PRKCI","ARHGAP35"
"HDAC1","CTNND1","ARHGAP35"
"HDAC1","PIN1","ARHGAP35"
"HDAC1","GRIP1","ARHGAP35"
"HDAC1","BCR-Dk","ARHGAP35"
"HDAC1","BCAR1","ARHGAP35"
"HDAC1","BCR-Ml","ARHGAP35"
"HDAC1","NOTCH","ARHGAP35"
"HDAC1","NCOA1","ARHGAP35"
"HDAC1","FERMT2","ARHGAP35"
"HDAC1","ZMIZ1","ARHGAP35"
"HDAC1","TAB3","ARHGAP35"
"HDAC1","NPM1","ARHGAP35"
"HDAC1","GCSAM","ARHGAP35"
"HDAC1","OPTN","ARHGAP35"
"HDAC1","SPRY2","ARHGAP35"
"HDAC1","BCR-Dl","ARHGAP35"
"HDAC1","DDX58","ARHGAP35"
"HDAC1","ROR2","ARHGAP35"
"HDAC1","IFIH1","ARHGAP35"
"HDAC1","SH2B3","ARHGAP35"
"HDAC1","DAB1","ARHGAP35"
"HDAC1","BCR-Mk","ARHGAP35"
"HDAC1","PLCG2","ARHGAP35"
"HDAC1","CHUK","SRCIN1"
"HDAC1","RPS6KA2","SRCIN1"
"HDAC1","PTEN","SRCIN1"
"HDAC1","MAPK8","SRCIN1"
"HDAC1","MTOR","SRCIN1"
"HDAC1","AKT1","SRCIN1"
"HDAC1","PRKCD","SRCIN1"
"HDAC1","MAPK1","SRCIN1"
"HDAC1","PTPN1","SRCIN1"
"HDAC1","Gbeta","SRCIN1"
"HDAC1","KRAS","SRCIN1"
"HDAC1","KIT","SRCIN1"
"HDAC1","PTPRJ","SRCIN1"
"HDAC1","RPS6KB1","SRCIN1"
"HDAC1","EIF2AK2","SRCIN1"
"HDAC1","PDPK1","SRCIN1"
"HDAC1","MAML3","SRCIN1"
"HDAC1","MAP3K14","SRCIN1"
"HDAC1","MAP2K1","SRCIN1"
"HDAC1","GSK3B","SRCIN1"
"HDAC1","TGFBR2","SRCIN1"
"HDAC1","PAK2","SRCIN1"
"HDAC1","PPP1R2","SRCIN1"
"HDAC1","CDK5","SRCIN1"
"HDAC1","AKT","SRCIN1"
"HDAC1","MAPK9","SRCIN1"
"HDAC1","WWTR1","SRCIN1"
"HDAC1","RACK1","SRCIN1"
"HDAC1","DAPK1","SRCIN1"
"HDAC1","PXN","SRCIN1"
"HDAC1","PRKD1","SRCIN1"
"HDAC1","ABL2","SRCIN1"
"HDAC1","FBXW7","SRCIN1"
"HDAC1","ITK","SRCIN1"
"HDAC1","NCK1","SRCIN1"
"HDAC1","AHSA1","SRCIN1"
"HDAC1","BTK","SRCIN1"
"HDAC1","TNK2","SRCIN1"
"HDAC1","YAP1","SRCIN1"
"HDAC1","CD19","SRCIN1"
"HDAC1","STAT1","SRCIN1"
"HDAC1","HSP90AB1","SRCIN1"
"HDAC1","DVL2","SRCIN1"
"HDAC1","MAP2K2","SRCIN1"
"HDAC1","MAPK10","SRCIN1"
"HDAC1","DYRK1B","SRCIN1"
"HDAC1","MEK1/2","SRCIN1"
"HDAC1","JAK1","SRCIN1"
"HDAC1","PTPN7","SRCIN1"
"HDAC1","CDKN2A","SRCIN1"
"HDAC1","MAP4K1","SRCIN1"
"HDAC1","EPS15","SRCIN1"
"HDAC1","IKK-complex","SRCIN1"
"HDAC1","SHC1","SRCIN1"
"HDAC1","MAPK8IP3","SRCIN1"
"HDAC1","AXIN1","SRCIN1"
"HDAC1","MAPKAPK5","SRCIN1"
"HDAC1","DUSP16","SRCIN1"
"HDAC1","EPHA2","SRCIN1"
"HDAC1","MAP3K8","SRCIN1"
"HDAC1","PTPRR","SRCIN1"
"HDAC1","BDKRB2","SRCIN1"
"HDAC1","FLT4","SRCIN1"
"HDAC1","BMX","SRCIN1"
"HDAC1","PTK2B","SRCIN1"
"HDAC1","SNW1","SRCIN1"
"HDAC1","NEK6","SRCIN1"
"HDAC1","PRKCI","SRCIN1"
"HDAC1","CTNND1","SRCIN1"
"HDAC1","PIN1","SRCIN1"
"HDAC1","PARD6A","SRCIN1"
"HDAC1","CEP192","SRCIN1"
"HDAC1","GAB1","SRCIN1"
"HDAC1","PTPRA","SRCIN1"
"HDAC1","GRIP1","SRCIN1"
"HDAC1","ESR1","SRCIN1"
"HDAC1","ARRB2","SRCIN1"
"HDAC1","INPP5D","SRCIN1"
"HDAC1","GAB2","SRCIN1"
"HDAC1","EZH2","SRCIN1"
"HDAC1","BCR-Dk","SRCIN1"
"HDAC1","BCAR1","SRCIN1"
"HDAC1","BCR-Ml","SRCIN1"
"HDAC1","NOTCH","SRCIN1"
"HDAC1","NCOA1","SRCIN1"
"HDAC1","FERMT2","SRCIN1"
"HDAC1","ZMIZ1","SRCIN1"
"HDAC1","TAB3","SRCIN1"
"HDAC1","NPM1","SRCIN1"
"HDAC1","GCSAM","SRCIN1"
"HDAC1","OPTN","SRCIN1"
"HDAC1","SPRY2","SRCIN1"
"HDAC1","BCR-Dl","SRCIN1"
"HDAC1","DDX58","SRCIN1"
"HDAC1","ROR2","SRCIN1"
"HDAC1","IFIH1","SRCIN1"
"HDAC1","SH2B3","SRCIN1"
"HDAC1","DAB1","SRCIN1"
"HDAC1","BCR-Mk","SRCIN1"
"HDAC1","PLCG2","SRCIN1"
"HDAC1","CHUK","MAML2"
"HDAC1","SRC","MAML2"
"HDAC1","RPS6KA2","MAML2"
"HDAC1","PTEN","MAML2"
"HDAC1","MAPK8","MAML2"
"HDAC1","MTOR","MAML2"
"HDAC1","AKT1","MAML2"
"HDAC1","PRKCD","MAML2"
"HDAC1","MAPK1","MAML2"
"HDAC1","PTPN1","MAML2"
"HDAC1","Gbeta","MAML2"
"HDAC1","KRAS","MAML2"
"HDAC1","KIT","MAML2"
"HDAC1","PTPRJ","MAML2"
"HDAC1","RPS6KB1","MAML2"
"HDAC1","EIF2AK2","MAML2"
"HDAC1","PDPK1","MAML2"
"HDAC1","MAML3","MAML2"
"HDAC1","MAP3K14","MAML2"
"HDAC1","MAP2K1","MAML2"
"HDAC1","GSK3B","MAML2"
"HDAC1","TGFBR2","MAML2"
"HDAC1","PAK2","MAML2"
"HDAC1","PPP1R2","MAML2"
"HDAC1","CDK5","MAML2"
"HDAC1","AKT","MAML2"
"HDAC1","MAPK9","MAML2"
"HDAC1","WWTR1","MAML2"
"HDAC1","RACK1","MAML2"
"HDAC1","DAPK1","MAML2"
"HDAC1","PXN","MAML2"
"HDAC1","PRKD1","MAML2"
"HDAC1","ABL2","MAML2"
"HDAC1","FBXW7","MAML2"
"HDAC1","ITK","MAML2"
"HDAC1","NCK1","MAML2"
"HDAC1","AHSA1","MAML2"
"HDAC1","BTK","MAML2"
"HDAC1","TNK2","MAML2"
"HDAC1","YAP1","MAML2"
"HDAC1","CD19","MAML2"
"HDAC1","STAT1","MAML2"
"HDAC1","HSP90AB1","MAML2"
"HDAC1","DVL2","MAML2"
"HDAC1","MAP2K2","MAML2"
"HDAC1","MAPK10","MAML2"
"HDAC1","DYRK1B","MAML2"
"HDAC1","MEK1/2","MAML2"
"HDAC1","JAK1","MAML2"
"HDAC1","PTPN7","MAML2"
"HDAC1","CDKN2A","MAML2"
"HDAC1","MAP4K1","MAML2"
"HDAC1","EPS15","MAML2"
"HDAC1","IKK-complex","MAML2"
"HDAC1","SHC1","MAML2"
"HDAC1","MAPK8IP3","MAML2"
"HDAC1","AXIN1","MAML2"
"HDAC1","MAPKAPK5","MAML2"
"HDAC1","DUSP16","MAML2"
"HDAC1","EPHA2","MAML2"
"HDAC1","MAP3K8","MAML2"
"HDAC1","PTPRR","MAML2"
"HDAC1","BDKRB2","MAML2"
"HDAC1","FLT4","MAML2"
"HDAC1","BMX","MAML2"
"HDAC1","PTK2B","MAML2"
"HDAC1","SNW1","MAML2"
"HDAC1","NEK6","MAML2"
"HDAC1","PRKCI","MAML2"
"HDAC1","CTNND1","MAML2"
"HDAC1","PIN1","MAML2"
"HDAC1","PARD6A","MAML2"
"HDAC1","CEP192","MAML2"
"HDAC1","GAB1","MAML2"
"HDAC1","PTPRA","MAML2"
"HDAC1","GRIP1","MAML2"
"HDAC1","ESR1","MAML2"
"HDAC1","ARRB2","MAML2"
"HDAC1","INPP5D","MAML2"
"HDAC1","GAB2","MAML2"
"HDAC1","EZH2","MAML2"
"HDAC1","BCR-Dk","MAML2"
"HDAC1","BCAR1","MAML2"
"HDAC1","BCR-Ml","MAML2"
"HDAC1","NCOA1","MAML2"
"HDAC1","FERMT2","MAML2"
"HDAC1","ZMIZ1","MAML2"
"HDAC1","TAB3","MAML2"
"HDAC1","NPM1","MAML2"
"HDAC1","GCSAM","MAML2"
"HDAC1","OPTN","MAML2"
"HDAC1","SPRY2","MAML2"
"HDAC1","BCR-Dl","MAML2"
"HDAC1","DDX58","MAML2"
"HDAC1","ROR2","MAML2"
"HDAC1","IFIH1","MAML2"
"HDAC1","SH2B3","MAML2"
"HDAC1","DAB1","MAML2"
"HDAC1","BCR-Mk","MAML2"
"HDAC1","PLCG2","MAML2"
"HDAC1","CHUK","ADAM17"
"HDAC1","SRC","ADAM17"
"HDAC1","RPS6KA2","ADAM17"
"HDAC1","PTEN","ADAM17"
"HDAC1","MAPK8","ADAM17"
"HDAC1","MTOR","ADAM17"
"HDAC1","AKT1","ADAM17"
"HDAC1","PRKCD","ADAM17"
"HDAC1","MAPK1","ADAM17"
"HDAC1","PTPN1","ADAM17"
"HDAC1","Gbeta","ADAM17"
"HDAC1","KRAS","ADAM17"
"HDAC1","KIT","ADAM17"
"HDAC1","PTPRJ","ADAM17"
"HDAC1","RPS6KB1","ADAM17"
"HDAC1","EIF2AK2","ADAM17"
"HDAC1","PDPK1","ADAM17"
"HDAC1","MAML3","ADAM17"
"HDAC1","MAP3K14","ADAM17"
"HDAC1","MAP2K1","ADAM17"
"HDAC1","GSK3B","ADAM17"
"HDAC1","TGFBR2","ADAM17"
"HDAC1","PAK2","ADAM17"
"HDAC1","PPP1R2","ADAM17"
"HDAC1","CDK5","ADAM17"
"HDAC1","AKT","ADAM17"
"HDAC1","MAPK9","ADAM17"
"HDAC1","WWTR1","ADAM17"
"HDAC1","RACK1","ADAM17"
"HDAC1","DAPK1","ADAM17"
"HDAC1","PXN","ADAM17"
"HDAC1","PRKD1","ADAM17"
"HDAC1","ABL2","ADAM17"
"HDAC1","FBXW7","ADAM17"
"HDAC1","ITK","ADAM17"
"HDAC1","NCK1","ADAM17"
"HDAC1","AHSA1","ADAM17"
"HDAC1","BTK","ADAM17"
"HDAC1","TNK2","ADAM17"
"HDAC1","YAP1","ADAM17"
"HDAC1","CD19","ADAM17"
"HDAC1","STAT1","ADAM17"
"HDAC1","HSP90AB1","ADAM17"
"HDAC1","DVL2","ADAM17"
"HDAC1","MAP2K2","ADAM17"
"HDAC1","MAPK10","ADAM17"
"HDAC1","DYRK1B","ADAM17"
"HDAC1","MEK1/2","ADAM17"
"HDAC1","JAK1","ADAM17"
"HDAC1","PTPN7","ADAM17"
"HDAC1","CDKN2A","ADAM17"
"HDAC1","MAP4K1","ADAM17"
"HDAC1","EPS15","ADAM17"
"HDAC1","IKK-complex","ADAM17"
"HDAC1","SHC1","ADAM17"
"HDAC1","MAPK8IP3","ADAM17"
"HDAC1","AXIN1","ADAM17"
"HDAC1","MAPKAPK5","ADAM17"
"HDAC1","DUSP16","ADAM17"
"HDAC1","EPHA2","ADAM17"
"HDAC1","PTPRR","ADAM17"
"HDAC1","BDKRB2","ADAM17"
"HDAC1","FLT4","ADAM17"
"HDAC1","BMX","ADAM17"
"HDAC1","PTK2B","ADAM17"
"HDAC1","SNW1","ADAM17"
"HDAC1","NEK6","ADAM17"
"HDAC1","PRKCI","ADAM17"
"HDAC1","CTNND1","ADAM17"
"HDAC1","PIN1","ADAM17"
"HDAC1","PARD6A","ADAM17"
"HDAC1","CEP192","ADAM17"
"HDAC1","GAB1","ADAM17"
"HDAC1","PTPRA","ADAM17"
"HDAC1","GRIP1","ADAM17"
"HDAC1","ESR1","ADAM17"
"HDAC1","ARRB2","ADAM17"
"HDAC1","INPP5D","ADAM17"
"HDAC1","GAB2","ADAM17"
"HDAC1","EZH2","ADAM17"
"HDAC1","BCR-Dk","ADAM17"
"HDAC1","BCAR1","ADAM17"
"HDAC1","BCR-Ml","ADAM17"
"HDAC1","NOTCH","ADAM17"
"HDAC1","NCOA1","ADAM17"
"HDAC1","FERMT2","ADAM17"
"HDAC1","ZMIZ1","ADAM17"
"HDAC1","TAB3","ADAM17"
"HDAC1","NPM1","ADAM17"
"HDAC1","GCSAM","ADAM17"
"HDAC1","OPTN","ADAM17"
"HDAC1","SPRY2","ADAM17"
"HDAC1","BCR-Dl","ADAM17"
"HDAC1","DDX58","ADAM17"
"HDAC1","ROR2","ADAM17"
"HDAC1","IFIH1","ADAM17"
"HDAC1","SH2B3","ADAM17"
"HDAC1","DAB1","ADAM17"
"HDAC1","BCR-Mk","ADAM17"
"HDAC1","PLCG2","ADAM17"
"HDAC1","CHUK","RBL1"
"HDAC1","SRC","RBL1"
"HDAC1","RPS6KA2","RBL1"
"HDAC1","PTEN","RBL1"
"HDAC1","MAPK8","RBL1"
"HDAC1","MTOR","RBL1"
"HDAC1","AKT1","RBL1"
"HDAC1","PRKCD","RBL1"
"HDAC1","MAPK1","RBL1"
"HDAC1","PTPN1","RBL1"
"HDAC1","Gbeta","RBL1"
"HDAC1","KRAS","RBL1"
"HDAC1","KIT","RBL1"
"HDAC1","PTPRJ","RBL1"
"HDAC1","RPS6KB1","RBL1"
"HDAC1","EIF2AK2","RBL1"
"HDAC1","PDPK1","RBL1"
"HDAC1","MAML3","RBL1"
"HDAC1","MAP3K14","RBL1"
"HDAC1","MAP2K1","RBL1"
"HDAC1","GSK3B","RBL1"
"HDAC1","TGFBR2","RBL1"
"HDAC1","PAK2","RBL1"
"HDAC1","PPP1R2","RBL1"
"HDAC1","CDK5","RBL1"
"HDAC1","AKT","RBL1"
"HDAC1","MAPK9","RBL1"
"HDAC1","WWTR1","RBL1"
"HDAC1","RACK1","RBL1"
"HDAC1","DAPK1","RBL1"
"HDAC1","PXN","RBL1"
"HDAC1","PRKD1","RBL1"
"HDAC1","ABL2","RBL1"
"HDAC1","FBXW7","RBL1"
"HDAC1","ITK","RBL1"
"HDAC1","NCK1","RBL1"
"HDAC1","AHSA1","RBL1"
"HDAC1","BTK","RBL1"
"HDAC1","TNK2","RBL1"
"HDAC1","YAP1","RBL1"
"HDAC1","CD19","RBL1"
"HDAC1","STAT1","RBL1"
"HDAC1","HSP90AB1","RBL1"
"HDAC1","DVL2","RBL1"
"HDAC1","MAP2K2","RBL1"
"HDAC1","MAPK10","RBL1"
"HDAC1","DYRK1B","RBL1"
"HDAC1","MEK1/2","RBL1"
"HDAC1","JAK1","RBL1"
"HDAC1","PTPN7","RBL1"
"HDAC1","CDKN2A","RBL1"
"HDAC1","MAP4K1","RBL1"
"HDAC1","EPS15","RBL1"
"HDAC1","IKK-complex","RBL1"
"HDAC1","SHC1","RBL1"
"HDAC1","MAPK8IP3","RBL1"
"HDAC1","AXIN1","RBL1"
"HDAC1","MAPKAPK5","RBL1"
"HDAC1","DUSP16","RBL1"
"HDAC1","EPHA2","RBL1"
"HDAC1","MAP3K8","RBL1"
"HDAC1","PTPRR","RBL1"
"HDAC1","BDKRB2","RBL1"
"HDAC1","FLT4","RBL1"
"HDAC1","BMX","RBL1"
"HDAC1","PTK2B","RBL1"
"HDAC1","SNW1","RBL1"
"HDAC1","NEK6","RBL1"
"HDAC1","PRKCI","RBL1"
"HDAC1","CTNND1","RBL1"
"HDAC1","PIN1","RBL1"
"HDAC1","PARD6A","RBL1"
"HDAC1","CEP192","RBL1"
"HDAC1","GAB1","RBL1"
"HDAC1","PTPRA","RBL1"
"HDAC1","GRIP1","RBL1"
"HDAC1","ESR1","RBL1"
"HDAC1","ARRB2","RBL1"
"HDAC1","INPP5D","RBL1"
"HDAC1","GAB2","RBL1"
"HDAC1","EZH2","RBL1"
"HDAC1","BCR-Dk","RBL1"
"HDAC1","BCAR1","RBL1"
"HDAC1","BCR-Ml","RBL1"
"HDAC1","NOTCH","RBL1"
"HDAC1","NCOA1","RBL1"
"HDAC1","FERMT2","RBL1"
"HDAC1","ZMIZ1","RBL1"
"HDAC1","TAB3","RBL1"
"HDAC1","NPM1","RBL1"
"HDAC1","GCSAM","RBL1"
"HDAC1","OPTN","RBL1"
"HDAC1","SPRY2","RBL1"
"HDAC1","BCR-Dl","RBL1"
"HDAC1","DDX58","RBL1"
"HDAC1","ROR2","RBL1"
"HDAC1","IFIH1","RBL1"
"HDAC1","SH2B3","RBL1"
"HDAC1","DAB1","RBL1"
"HDAC1","BCR-Mk","RBL1"
"HDAC1","PLCG2","RBL1"
"HDAC1","CHUK","DHPS"
"HDAC1","SRC","DHPS"
"HDAC1","RPS6KA2","DHPS"
"HDAC1","PTEN","DHPS"
"HDAC1","MAPK8","DHPS"
"HDAC1","MTOR","DHPS"
"HDAC1","AKT1","DHPS"
"HDAC1","PRKCD","DHPS"
"HDAC1","MAPK1","DHPS"
"HDAC1","PTPN1","DHPS"
"HDAC1","Gbeta","DHPS"
"HDAC1","KRAS","DHPS"
"HDAC1","KIT","DHPS"
"HDAC1","PTPRJ","DHPS"
"HDAC1","RPS6KB1","DHPS"
"HDAC1","EIF2AK2","DHPS"
"HDAC1","PDPK1","DHPS"
"HDAC1","MAML3","DHPS"
"HDAC1","MAP3K14","DHPS"
"HDAC1","MAP2K1","DHPS"
"HDAC1","GSK3B","DHPS"
"HDAC1","TGFBR2","DHPS"
"HDAC1","PAK2","DHPS"
"HDAC1","PPP1R2","DHPS"
"HDAC1","CDK5","DHPS"
"HDAC1","AKT","DHPS"
"HDAC1","MAPK9","DHPS"
"HDAC1","WWTR1","DHPS"
"HDAC1","RACK1","DHPS"
"HDAC1","DAPK1","DHPS"
"HDAC1","PXN","DHPS"
"HDAC1","PRKD1","DHPS"
"HDAC1","ABL2","DHPS"
"HDAC1","FBXW7","DHPS"
"HDAC1","ITK","DHPS"
"HDAC1","NCK1","DHPS"
"HDAC1","AHSA1","DHPS"
"HDAC1","BTK","DHPS"
"HDAC1","TNK2","DHPS"
"HDAC1","YAP1","DHPS"
"HDAC1","CD19","DHPS"
"HDAC1","STAT1","DHPS"
"HDAC1","HSP90AB1","DHPS"
"HDAC1","DVL2","DHPS"
"HDAC1","MAP2K2","DHPS"
"HDAC1","MAPK10","DHPS"
"HDAC1","DYRK1B","DHPS"
"HDAC1","MEK1/2","DHPS"
"HDAC1","JAK1","DHPS"
"HDAC1","PTPN7","DHPS"
"HDAC1","CDKN2A","DHPS"
"HDAC1","MAP4K1","DHPS"
"HDAC1","EPS15","DHPS"
"HDAC1","IKK-complex","DHPS"
"HDAC1","SHC1","DHPS"
"HDAC1","MAPK8IP3","DHPS"
"HDAC1","AXIN1","DHPS"
"HDAC1","MAPKAPK5","DHPS"
"HDAC1","DUSP16","DHPS"
"HDAC1","EPHA2","DHPS"
"HDAC1","PTPRR","DHPS"
"HDAC1","BDKRB2","DHPS"
"HDAC1","FLT4","DHPS"
"HDAC1","BMX","DHPS"
"HDAC1","PTK2B","DHPS"
"HDAC1","SNW1","DHPS"
"HDAC1","NEK6","DHPS"
"HDAC1","PRKCI","DHPS"
"HDAC1","CTNND1","DHPS"
"HDAC1","PIN1","DHPS"
"HDAC1","PARD6A","DHPS"
"HDAC1","CEP192","DHPS"
"HDAC1","GAB1","DHPS"
"HDAC1","PTPRA","DHPS"
"HDAC1","GRIP1","DHPS"
"HDAC1","ESR1","DHPS"
"HDAC1","ARRB2","DHPS"
"HDAC1","INPP5D","DHPS"
"HDAC1","GAB2","DHPS"
"HDAC1","EZH2","DHPS"
"HDAC1","BCR-Dk","DHPS"
"HDAC1","BCAR1","DHPS"
"HDAC1","BCR-Ml","DHPS"
"HDAC1","NOTCH","DHPS"
"HDAC1","NCOA1","DHPS"
"HDAC1","FERMT2","DHPS"
"HDAC1","ZMIZ1","DHPS"
"HDAC1","TAB3","DHPS"
"HDAC1","NPM1","DHPS"
"HDAC1","GCSAM","DHPS"
"HDAC1","OPTN","DHPS"
"HDAC1","SPRY2","DHPS"
"HDAC1","BCR-Dl","DHPS"
"HDAC1","DDX58","DHPS"
"HDAC1","ROR2","DHPS"
"HDAC1","IFIH1","DHPS"
"HDAC1","SH2B3","DHPS"
"HDAC1","DAB1","DHPS"
"HDAC1","BCR-Mk","DHPS"
"HDAC1","PLCG2","DHPS"
"HDAC1","CHUK","NCOA6"
"HDAC1","SRC","NCOA6"
"HDAC1","RPS6KA2","NCOA6"
"HDAC1","PTEN","NCOA6"
"HDAC1","MAPK8","NCOA6"
"HDAC1","MTOR","NCOA6"
"HDAC1","AKT1","NCOA6"
"HDAC1","PRKCD","NCOA6"
"HDAC1","PTPN1","NCOA6"
"HDAC1","Gbeta","NCOA6"
"HDAC1","KRAS","NCOA6"
"HDAC1","KIT","NCOA6"
"HDAC1","PTPRJ","NCOA6"
"HDAC1","RPS6KB1","NCOA6"
"HDAC1","EIF2AK2","NCOA6"
"HDAC1","PDPK1","NCOA6"
"HDAC1","MAML3","NCOA6"
"HDAC1","MAP3K14","NCOA6"
"HDAC1","MAP2K1","NCOA6"
"HDAC1","GSK3B","NCOA6"
"HDAC1","TGFBR2","NCOA6"
"HDAC1","PAK2","NCOA6"
"HDAC1","PPP1R2","NCOA6"
"HDAC1","CDK5","NCOA6"
"HDAC1","AKT","NCOA6"
"HDAC1","MAPK9","NCOA6"
"HDAC1","WWTR1","NCOA6"
"HDAC1","RACK1","NCOA6"
"HDAC1","DAPK1","NCOA6"
"HDAC1","PXN","NCOA6"
"HDAC1","PRKD1","NCOA6"
"HDAC1","ABL2","NCOA6"
"HDAC1","FBXW7","NCOA6"
"HDAC1","ITK","NCOA6"
"HDAC1","NCK1","NCOA6"
"HDAC1","AHSA1","NCOA6"
"HDAC1","BTK","NCOA6"
"HDAC1","TNK2","NCOA6"
"HDAC1","YAP1","NCOA6"
"HDAC1","CD19","NCOA6"
"HDAC1","STAT1","NCOA6"
"HDAC1","HSP90AB1","NCOA6"
"HDAC1","DVL2","NCOA6"
"HDAC1","MAP2K2","NCOA6"
"HDAC1","MAPK10","NCOA6"
"HDAC1","DYRK1B","NCOA6"
"HDAC1","MEK1/2","NCOA6"
"HDAC1","JAK1","NCOA6"
"HDAC1","PTPN7","NCOA6"
"HDAC1","CDKN2A","NCOA6"
"HDAC1","MAP4K1","NCOA6"
"HDAC1","EPS15","NCOA6"
"HDAC1","IKK-complex","NCOA6"
"HDAC1","SHC1","NCOA6"
"HDAC1","MAPK8IP3","NCOA6"
"HDAC1","AXIN1","NCOA6"
"HDAC1","MAPKAPK5","NCOA6"
"HDAC1","DUSP16","NCOA6"
"HDAC1","EPHA2","NCOA6"
"HDAC1","PTPRR","NCOA6"
"HDAC1","BDKRB2","NCOA6"
"HDAC1","FLT4","NCOA6"
"HDAC1","BMX","NCOA6"
"HDAC1","PTK2B","NCOA6"
"HDAC1","SNW1","NCOA6"
"HDAC1","NEK6","NCOA6"
"HDAC1","PRKCI","NCOA6"
"HDAC1","CTNND1","NCOA6"
"HDAC1","PIN1","NCOA6"
"HDAC1","PARD6A","NCOA6"
"HDAC1","CEP192","NCOA6"
"HDAC1","GAB1","NCOA6"
"HDAC1","PTPRA","NCOA6"
"HDAC1","GRIP1","NCOA6"
"HDAC1","ESR1","NCOA6"
"HDAC1","ARRB2","NCOA6"
"HDAC1","INPP5D","NCOA6"
"HDAC1","GAB2","NCOA6"
"HDAC1","EZH2","NCOA6"
"HDAC1","BCR-Dk","NCOA6"
"HDAC1","BCAR1","NCOA6"
"HDAC1","BCR-Ml","NCOA6"
"HDAC1","NOTCH","NCOA6"
"HDAC1","NCOA1","NCOA6"
"HDAC1","FERMT2","NCOA6"
"HDAC1","ZMIZ1","NCOA6"
"HDAC1","TAB3","NCOA6"
"HDAC1","NPM1","NCOA6"
"HDAC1","GCSAM","NCOA6"
"HDAC1","OPTN","NCOA6"
"HDAC1","SPRY2","NCOA6"
"HDAC1","BCR-Dl","NCOA6"
"HDAC1","DDX58","NCOA6"
"HDAC1","ROR2","NCOA6"
"HDAC1","IFIH1","NCOA6"
"HDAC1","SH2B3","NCOA6"
"HDAC1","DAB1","NCOA6"
"HDAC1","BCR-Mk","NCOA6"
"HDAC1","PLCG2","NCOA6"
"HDAC1","CHUK","OGT"
"HDAC1","SRC","OGT"
"HDAC1","RPS6KA2","OGT"
"HDAC1","PTEN","OGT"
"HDAC1","MAPK8","OGT"
"HDAC1","MTOR","OGT"
"HDAC1","AKT1","OGT"
"HDAC1","PRKCD","OGT"
"HDAC1","MAPK1","OGT"
"HDAC1","PTPN1","OGT"
"HDAC1","Gbeta","OGT"
"HDAC1","KRAS","OGT"
"HDAC1","KIT","OGT"
"HDAC1","PTPRJ","OGT"
"HDAC1","RPS6KB1","OGT"
"HDAC1","EIF2AK2","OGT"
"HDAC1","PDPK1","OGT"
"HDAC1","MAML3","OGT"
"HDAC1","MAP3K14","OGT"
"HDAC1","MAP2K1","OGT"
"HDAC1","TGFBR2","OGT"
"HDAC1","PAK2","OGT"
"HDAC1","PPP1R2","OGT"
"HDAC1","CDK5","OGT"
"HDAC1","AKT","OGT"
"HDAC1","MAPK9","OGT"
"HDAC1","WWTR1","OGT"
"HDAC1","RACK1","OGT"
"HDAC1","DAPK1","OGT"
"HDAC1","PXN","OGT"
"HDAC1","PRKD1","OGT"
"HDAC1","ABL2","OGT"
"HDAC1","FBXW7","OGT"
"HDAC1","ITK","OGT"
"HDAC1","NCK1","OGT"
"HDAC1","AHSA1","OGT"
"HDAC1","BTK","OGT"
"HDAC1","TNK2","OGT"
"HDAC1","YAP1","OGT"
"HDAC1","CD19","OGT"
"HDAC1","STAT1","OGT"
"HDAC1","HSP90AB1","OGT"
"HDAC1","DVL2","OGT"
"HDAC1","MAP2K2","OGT"
"HDAC1","MAPK10","OGT"
"HDAC1","DYRK1B","OGT"
"HDAC1","MEK1/2","OGT"
"HDAC1","JAK1","OGT"
"HDAC1","PTPN7","OGT"
"HDAC1","CDKN2A","OGT"
"HDAC1","MAP4K1","OGT"
"HDAC1","EPS15","OGT"
"HDAC1","IKK-complex","OGT"
"HDAC1","SHC1","OGT"
"HDAC1","MAPK8IP3","OGT"
"HDAC1","AXIN1","OGT"
"HDAC1","MAPKAPK5","OGT"
"HDAC1","DUSP16","OGT"
"HDAC1","EPHA2","OGT"
"HDAC1","PTPRR","OGT"
"HDAC1","BDKRB2","OGT"
"HDAC1","FLT4","OGT"
"HDAC1","BMX","OGT"
"HDAC1","PTK2B","OGT"
"HDAC1","SNW1","OGT"
"HDAC1","NEK6","OGT"
"HDAC1","PRKCI","OGT"
"HDAC1","CTNND1","OGT"
"HDAC1","PIN1","OGT"
"HDAC1","PARD6A","OGT"
"HDAC1","CEP192","OGT"
"HDAC1","GAB1","OGT"
"HDAC1","PTPRA","OGT"
"HDAC1","GRIP1","OGT"
"HDAC1","ESR1","OGT"
"HDAC1","ARRB2","OGT"
"HDAC1","INPP5D","OGT"
"HDAC1","GAB2","OGT"
"HDAC1","EZH2","OGT"
"HDAC1","BCR-Dk","OGT"
"HDAC1","BCAR1","OGT"
"HDAC1","BCR-Ml","OGT"
"HDAC1","NOTCH","OGT"
"HDAC1","NCOA1","OGT"
"HDAC1","FERMT2","OGT"
"HDAC1","ZMIZ1","OGT"
"HDAC1","TAB3","OGT"
"HDAC1","NPM1","OGT"
"HDAC1","GCSAM","OGT"
"HDAC1","OPTN","OGT"
"HDAC1","SPRY2","OGT"
"HDAC1","BCR-Dl","OGT"
"HDAC1","DDX58","OGT"
"HDAC1","ROR2","OGT"
"HDAC1","IFIH1","OGT"
"HDAC1","SH2B3","OGT"
"HDAC1","DAB1","OGT"
"HDAC1","BCR-Mk","OGT"
"HDAC1","PLCG2","OGT"
"HDAC1","GSK3B","JUNB"
"HDAC1","CHUK","MAD1L1"
"HDAC1","SRC","MAD1L1"
"HDAC1","RPS6KA2","MAD1L1"
"HDAC1","PTEN","MAD1L1"
"HDAC1","MAPK8","MAD1L1"
"HDAC1","MTOR","MAD1L1"
"HDAC1","AKT1","MAD1L1"
"HDAC1","PRKCD","MAD1L1"
"HDAC1","MAPK1","MAD1L1"
"HDAC1","PTPN1","MAD1L1"
"HDAC1","Gbeta","MAD1L1"
"HDAC1","KRAS","MAD1L1"
"HDAC1","KIT","MAD1L1"
"HDAC1","PTPRJ","MAD1L1"
"HDAC1","RPS6KB1","MAD1L1"
"HDAC1","EIF2AK2","MAD1L1"
"HDAC1","PDPK1","MAD1L1"
"HDAC1","MAML3","MAD1L1"
"HDAC1","MAP3K14","MAD1L1"
"HDAC1","MAP2K1","MAD1L1"
"HDAC1","GSK3B","MAD1L1"
"HDAC1","TGFBR2","MAD1L1"
"HDAC1","PAK2","MAD1L1"
"HDAC1","PPP1R2","MAD1L1"
"HDAC1","CDK5","MAD1L1"
"HDAC1","AKT","MAD1L1"
"HDAC1","MAPK9","MAD1L1"
"HDAC1","WWTR1","MAD1L1"
"HDAC1","RACK1","MAD1L1"
"HDAC1","DAPK1","MAD1L1"
"HDAC1","PXN","MAD1L1"
"HDAC1","PRKD1","MAD1L1"
"HDAC1","ABL2","MAD1L1"
"HDAC1","FBXW7","MAD1L1"
"HDAC1","ITK","MAD1L1"
"HDAC1","NCK1","MAD1L1"
"HDAC1","AHSA1","MAD1L1"
"HDAC1","BTK","MAD1L1"
"HDAC1","TNK2","MAD1L1"
"HDAC1","YAP1","MAD1L1"
"HDAC1","CD19","MAD1L1"
"HDAC1","STAT1","MAD1L1"
"HDAC1","HSP90AB1","MAD1L1"
"HDAC1","DVL2","MAD1L1"
"HDAC1","MAP2K2","MAD1L1"
"HDAC1","MAPK10","MAD1L1"
"HDAC1","DYRK1B","MAD1L1"
"HDAC1","MEK1/2","MAD1L1"
"HDAC1","JAK1","MAD1L1"
"HDAC1","PTPN7","MAD1L1"
"HDAC1","CDKN2A","MAD1L1"
"HDAC1","MAP4K1","MAD1L1"
"HDAC1","EPS15","MAD1L1"
"HDAC1","IKK-complex","MAD1L1"
"HDAC1","SHC1","MAD1L1"
"HDAC1","MAPK8IP3","MAD1L1"
"HDAC1","AXIN1","MAD1L1"
"HDAC1","MAPKAPK5","MAD1L1"
"HDAC1","DUSP16","MAD1L1"
"HDAC1","EPHA2","MAD1L1"
"HDAC1","PTPRR","MAD1L1"
"HDAC1","BDKRB2","MAD1L1"
"HDAC1","FLT4","MAD1L1"
"HDAC1","BMX","MAD1L1"
"HDAC1","PTK2B","MAD1L1"
"HDAC1","SNW1","MAD1L1"
"HDAC1","NEK6","MAD1L1"
"HDAC1","PRKCI","MAD1L1"
"HDAC1","CTNND1","MAD1L1"
"HDAC1","PIN1","MAD1L1"
"HDAC1","PARD6A","MAD1L1"
"HDAC1","CEP192","MAD1L1"
"HDAC1","GAB1","MAD1L1"
"HDAC1","PTPRA","MAD1L1"
"HDAC1","GRIP1","MAD1L1"
"HDAC1","ESR1","MAD1L1"
"HDAC1","ARRB2","MAD1L1"
"HDAC1","INPP5D","MAD1L1"
"HDAC1","GAB2","MAD1L1"
"HDAC1","EZH2","MAD1L1"
"HDAC1","BCR-Dk","MAD1L1"
"HDAC1","BCAR1","MAD1L1"
"HDAC1","BCR-Ml","MAD1L1"
"HDAC1","NOTCH","MAD1L1"
"HDAC1","NCOA1","MAD1L1"
"HDAC1","FERMT2","MAD1L1"
"HDAC1","ZMIZ1","MAD1L1"
"HDAC1","TAB3","MAD1L1"
"HDAC1","NPM1","MAD1L1"
"HDAC1","GCSAM","MAD1L1"
"HDAC1","OPTN","MAD1L1"
"HDAC1","SPRY2","MAD1L1"
"HDAC1","BCR-Dl","MAD1L1"
"HDAC1","DDX58","MAD1L1"
"HDAC1","ROR2","MAD1L1"
"HDAC1","IFIH1","MAD1L1"
"HDAC1","SH2B3","MAD1L1"
"HDAC1","DAB1","MAD1L1"
"HDAC1","BCR-Mk","MAD1L1"
"HDAC1","PLCG2","MAD1L1"
"HDAC1","CHUK","LAX1"
"HDAC1","SRC","LAX1"
"HDAC1","RPS6KA2","LAX1"
"HDAC1","PTEN","LAX1"
"HDAC1","MAPK8","LAX1"
"HDAC1","MTOR","LAX1"
"HDAC1","AKT1","LAX1"
"HDAC1","PRKCD","LAX1"
"HDAC1","MAPK1","LAX1"
"HDAC1","PTPN1","LAX1"
"HDAC1","Gbeta","LAX1"
"HDAC1","KRAS","LAX1"
"HDAC1","KIT","LAX1"
"HDAC1","PTPRJ","LAX1"
"HDAC1","RPS6KB1","LAX1"
"HDAC1","EIF2AK2","LAX1"
"HDAC1","PDPK1","LAX1"
"HDAC1","MAML3","LAX1"
"HDAC1","MAP3K14","LAX1"
"HDAC1","MAP2K1","LAX1"
"HDAC1","GSK3B","LAX1"
"HDAC1","TGFBR2","LAX1"
"HDAC1","PAK2","LAX1"
"HDAC1","PPP1R2","LAX1"
"HDAC1","CDK5","LAX1"
"HDAC1","AKT","LAX1"
"HDAC1","MAPK9","LAX1"
"HDAC1","WWTR1","LAX1"
"HDAC1","RACK1","LAX1"
"HDAC1","DAPK1","LAX1"
"HDAC1","PXN","LAX1"
"HDAC1","PRKD1","LAX1"
"HDAC1","ABL2","LAX1"
"HDAC1","FBXW7","LAX1"
"HDAC1","ITK","LAX1"
"HDAC1","NCK1","LAX1"
"HDAC1","AHSA1","LAX1"
"HDAC1","BTK","LAX1"
"HDAC1","TNK2","LAX1"
"HDAC1","YAP1","LAX1"
"HDAC1","CD19","LAX1"
"HDAC1","STAT1","LAX1"
"HDAC1","HSP90AB1","LAX1"
"HDAC1","DVL2","LAX1"
"HDAC1","MAP2K2","LAX1"
"HDAC1","MAPK10","LAX1"
"HDAC1","DYRK1B","LAX1"
"HDAC1","MEK1/2","LAX1"
"HDAC1","JAK1","LAX1"
"HDAC1","PTPN7","LAX1"
"HDAC1","CDKN2A","LAX1"
"HDAC1","MAP4K1","LAX1"
"HDAC1","EPS15","LAX1"
"HDAC1","IKK-complex","LAX1"
"HDAC1","SHC1","LAX1"
"HDAC1","MAPK8IP3","LAX1"
"HDAC1","AXIN1","LAX1"
"HDAC1","MAPKAPK5","LAX1"
"HDAC1","DUSP16","LAX1"
"HDAC1","EPHA2","LAX1"
"HDAC1","MAP3K8","LAX1"
"HDAC1","PTPRR","LAX1"
"HDAC1","BDKRB2","LAX1"
"HDAC1","FLT4","LAX1"
"HDAC1","BMX","LAX1"
"HDAC1","PTK2B","LAX1"
"HDAC1","SNW1","LAX1"
"HDAC1","NEK6","LAX1"
"HDAC1","PRKCI","LAX1"
"HDAC1","CTNND1","LAX1"
"HDAC1","PIN1","LAX1"
"HDAC1","PARD6A","LAX1"
"HDAC1","CEP192","LAX1"
"HDAC1","GAB1","LAX1"
"HDAC1","PTPRA","LAX1"
"HDAC1","GRIP1","LAX1"
"HDAC1","ESR1","LAX1"
"HDAC1","ARRB2","LAX1"
"HDAC1","INPP5D","LAX1"
"HDAC1","GAB2","LAX1"
"HDAC1","EZH2","LAX1"
"HDAC1","BCR-Dk","LAX1"
"HDAC1","BCAR1","LAX1"
"HDAC1","BCR-Ml","LAX1"
"HDAC1","NOTCH","LAX1"
"HDAC1","NCOA1","LAX1"
"HDAC1","FERMT2","LAX1"
"HDAC1","ZMIZ1","LAX1"
"HDAC1","TAB3","LAX1"
"HDAC1","NPM1","LAX1"
"HDAC1","GCSAM","LAX1"
"HDAC1","OPTN","LAX1"
"HDAC1","SPRY2","LAX1"
"HDAC1","BCR-Dl","LAX1"
"HDAC1","DDX58","LAX1"
"HDAC1","ROR2","LAX1"
"HDAC1","IFIH1","LAX1"
"HDAC1","SH2B3","LAX1"
"HDAC1","DAB1","LAX1"
"HDAC1","BCR-Mk","LAX1"
"HDAC1","PLCG2","LAX1"
"HDAC1","CHUK","DAPP1"
"HDAC1","SRC","DAPP1"
"HDAC1","RPS6KA2","DAPP1"
"HDAC1","PTEN","DAPP1"
"HDAC1","MAPK8","DAPP1"
"HDAC1","MTOR","DAPP1"
"HDAC1","AKT1","DAPP1"
"HDAC1","PRKCD","DAPP1"
"HDAC1","MAPK1","DAPP1"
"HDAC1","PTPN1","DAPP1"
"HDAC1","Gbeta","DAPP1"
"HDAC1","KRAS","DAPP1"
"HDAC1","KIT","DAPP1"
"HDAC1","PTPRJ","DAPP1"
"HDAC1","RPS6KB1","DAPP1"
"HDAC1","EIF2AK2","DAPP1"
"HDAC1","PDPK1","DAPP1"
"HDAC1","MAML3","DAPP1"
"HDAC1","MAP3K14","DAPP1"
"HDAC1","MAP2K1","DAPP1"
"HDAC1","GSK3B","DAPP1"
"HDAC1","TGFBR2","DAPP1"
"HDAC1","PAK2","DAPP1"
"HDAC1","PPP1R2","DAPP1"
"HDAC1","CDK5","DAPP1"
"HDAC1","AKT","DAPP1"
"HDAC1","MAPK9","DAPP1"
"HDAC1","WWTR1","DAPP1"
"HDAC1","RACK1","DAPP1"
"HDAC1","DAPK1","DAPP1"
"HDAC1","PXN","DAPP1"
"HDAC1","PRKD1","DAPP1"
"HDAC1","ABL2","DAPP1"
"HDAC1","FBXW7","DAPP1"
"HDAC1","ITK","DAPP1"
"HDAC1","NCK1","DAPP1"
"HDAC1","AHSA1","DAPP1"
"HDAC1","BTK","DAPP1"
"HDAC1","TNK2","DAPP1"
"HDAC1","YAP1","DAPP1"
"HDAC1","CD19","DAPP1"
"HDAC1","STAT1","DAPP1"
"HDAC1","HSP90AB1","DAPP1"
"HDAC1","DVL2","DAPP1"
"HDAC1","MAP2K2","DAPP1"
"HDAC1","MAPK10","DAPP1"
"HDAC1","DYRK1B","DAPP1"
"HDAC1","MEK1/2","DAPP1"
"HDAC1","JAK1","DAPP1"
"HDAC1","PTPN7","DAPP1"
"HDAC1","CDKN2A","DAPP1"
"HDAC1","MAP4K1","DAPP1"
"HDAC1","EPS15","DAPP1"
"HDAC1","IKK-complex","DAPP1"
"HDAC1","SHC1","DAPP1"
"HDAC1","MAPK8IP3","DAPP1"
"HDAC1","AXIN1","DAPP1"
"HDAC1","MAPKAPK5","DAPP1"
"HDAC1","DUSP16","DAPP1"
"HDAC1","EPHA2","DAPP1"
"HDAC1","MAP3K8","DAPP1"
"HDAC1","PTPRR","DAPP1"
"HDAC1","BDKRB2","DAPP1"
"HDAC1","FLT4","DAPP1"
"HDAC1","BMX","DAPP1"
"HDAC1","PTK2B","DAPP1"
"HDAC1","SNW1","DAPP1"
"HDAC1","NEK6","DAPP1"
"HDAC1","PRKCI","DAPP1"
"HDAC1","CTNND1","DAPP1"
"HDAC1","PIN1","DAPP1"
"HDAC1","PARD6A","DAPP1"
"HDAC1","CEP192","DAPP1"
"HDAC1","GAB1","DAPP1"
"HDAC1","PTPRA","DAPP1"
"HDAC1","GRIP1","DAPP1"
"HDAC1","ESR1","DAPP1"
"HDAC1","ARRB2","DAPP1"
"HDAC1","INPP5D","DAPP1"
"HDAC1","GAB2","DAPP1"
"HDAC1","EZH2","DAPP1"
"HDAC1","BCR-Dk","DAPP1"
"HDAC1","BCAR1","DAPP1"
"HDAC1","BCR-Ml","DAPP1"
"HDAC1","NOTCH","DAPP1"
"HDAC1","NCOA1","DAPP1"
"HDAC1","FERMT2","DAPP1"
"HDAC1","ZMIZ1","DAPP1"
"HDAC1","TAB3","DAPP1"
"HDAC1","NPM1","DAPP1"
"HDAC1","GCSAM","DAPP1"
"HDAC1","OPTN","DAPP1"
"HDAC1","SPRY2","DAPP1"
"HDAC1","BCR-Dl","DAPP1"
"HDAC1","DDX58","DAPP1"
"HDAC1","ROR2","DAPP1"
"HDAC1","IFIH1","DAPP1"
"HDAC1","SH2B3","DAPP1"
"HDAC1","DAB1","DAPP1"
"HDAC1","BCR-Mk","DAPP1"
"HDAC1","PLCG2","DAPP1"
"HDAC1","CHUK","NFKBIB"
"HDAC1","SRC","NFKBIB"
"HDAC1","RPS6KA2","NFKBIB"
"HDAC1","PTEN","NFKBIB"
"HDAC1","MAPK8","NFKBIB"
"HDAC1","MTOR","NFKBIB"
"HDAC1","AKT1","NFKBIB"
"HDAC1","PRKCD","NFKBIB"
"HDAC1","MAPK1","NFKBIB"
"HDAC1","PTPN1","NFKBIB"
"HDAC1","Gbeta","NFKBIB"
"HDAC1","KRAS","NFKBIB"
"HDAC1","KIT","NFKBIB"
"HDAC1","PTPRJ","NFKBIB"
"HDAC1","RPS6KB1","NFKBIB"
"HDAC1","EIF2AK2","NFKBIB"
"HDAC1","PDPK1","NFKBIB"
"HDAC1","MAML3","NFKBIB"
"HDAC1","MAP3K14","NFKBIB"
"HDAC1","MAP2K1","NFKBIB"
"HDAC1","GSK3B","NFKBIB"
"HDAC1","TGFBR2","NFKBIB"
"HDAC1","PAK2","NFKBIB"
"HDAC1","PPP1R2","NFKBIB"
"HDAC1","CDK5","NFKBIB"
"HDAC1","AKT","NFKBIB"
"HDAC1","MAPK9","NFKBIB"
"HDAC1","WWTR1","NFKBIB"
"HDAC1","RACK1","NFKBIB"
"HDAC1","DAPK1","NFKBIB"
"HDAC1","PXN","NFKBIB"
"HDAC1","PRKD1","NFKBIB"
"HDAC1","ABL2","NFKBIB"
"HDAC1","FBXW7","NFKBIB"
"HDAC1","ITK","NFKBIB"
"HDAC1","NCK1","NFKBIB"
"HDAC1","AHSA1","NFKBIB"
"HDAC1","BTK","NFKBIB"
"HDAC1","TNK2","NFKBIB"
"HDAC1","YAP1","NFKBIB"
"HDAC1","CD19","NFKBIB"
"HDAC1","STAT1","NFKBIB"
"HDAC1","HSP90AB1","NFKBIB"
"HDAC1","DVL2","NFKBIB"
"HDAC1","MAP2K2","NFKBIB"
"HDAC1","MAPK10","NFKBIB"
"HDAC1","DYRK1B","NFKBIB"
"HDAC1","MEK1/2","NFKBIB"
"HDAC1","JAK1","NFKBIB"
"HDAC1","PTPN7","NFKBIB"
"HDAC1","CDKN2A","NFKBIB"
"HDAC1","MAP4K1","NFKBIB"
"HDAC1","EPS15","NFKBIB"
"HDAC1","IKK-complex","NFKBIB"
"HDAC1","SHC1","NFKBIB"
"HDAC1","MAPK8IP3","NFKBIB"
"HDAC1","AXIN1","NFKBIB"
"HDAC1","MAPKAPK5","NFKBIB"
"HDAC1","DUSP16","NFKBIB"
"HDAC1","EPHA2","NFKBIB"
"HDAC1","PTPRR","NFKBIB"
"HDAC1","BDKRB2","NFKBIB"
"HDAC1","FLT4","NFKBIB"
"HDAC1","BMX","NFKBIB"
"HDAC1","PTK2B","NFKBIB"
"HDAC1","SNW1","NFKBIB"
"HDAC1","NEK6","NFKBIB"
"HDAC1","PRKCI","NFKBIB"
"HDAC1","CTNND1","NFKBIB"
"HDAC1","PIN1","NFKBIB"
"HDAC1","PARD6A","NFKBIB"
"HDAC1","CEP192","NFKBIB"
"HDAC1","GAB1","NFKBIB"
"HDAC1","PTPRA","NFKBIB"
"HDAC1","GRIP1","NFKBIB"
"HDAC1","ESR1","NFKBIB"
"HDAC1","ARRB2","NFKBIB"
"HDAC1","INPP5D","NFKBIB"
"HDAC1","GAB2","NFKBIB"
"HDAC1","EZH2","NFKBIB"
"HDAC1","BCR-Dk","NFKBIB"
"HDAC1","BCAR1","NFKBIB"
"HDAC1","BCR-Ml","NFKBIB"
"HDAC1","NOTCH","NFKBIB"
"HDAC1","NCOA1","NFKBIB"
"HDAC1","FERMT2","NFKBIB"
"HDAC1","ZMIZ1","NFKBIB"
"HDAC1","TAB3","NFKBIB"
"HDAC1","NPM1","NFKBIB"
"HDAC1","GCSAM","NFKBIB"
"HDAC1","OPTN","NFKBIB"
"HDAC1","SPRY2","NFKBIB"
"HDAC1","BCR-Dl","NFKBIB"
"HDAC1","DDX58","NFKBIB"
"HDAC1","ROR2","NFKBIB"
"HDAC1","IFIH1","NFKBIB"
"HDAC1","SH2B3","NFKBIB"
"HDAC1","DAB1","NFKBIB"
"HDAC1","BCR-Mk","NFKBIB"
"HDAC1","PLCG2","NFKBIB"
"HDAC1","CHUK","RBSN"
"HDAC1","SRC","RBSN"
"HDAC1","RPS6KA2","RBSN"
"HDAC1","PTEN","RBSN"
"HDAC1","MAPK8","RBSN"
"HDAC1","MTOR","RBSN"
"HDAC1","AKT1","RBSN"
"HDAC1","PRKCD","RBSN"
"HDAC1","MAPK1","RBSN"
"HDAC1","PTPN1","RBSN"
"HDAC1","Gbeta","RBSN"
"HDAC1","KRAS","RBSN"
"HDAC1","KIT","RBSN"
"HDAC1","PTPRJ","RBSN"
"HDAC1","RPS6KB1","RBSN"
"HDAC1","EIF2AK2","RBSN"
"HDAC1","PDPK1","RBSN"
"HDAC1","MAML3","RBSN"
"HDAC1","MAP3K14","RBSN"
"HDAC1","MAP2K1","RBSN"
"HDAC1","GSK3B","RBSN"
"HDAC1","TGFBR2","RBSN"
"HDAC1","PAK2","RBSN"
"HDAC1","PPP1R2","RBSN"
"HDAC1","CDK5","RBSN"
"HDAC1","AKT","RBSN"
"HDAC1","MAPK9","RBSN"
"HDAC1","WWTR1","RBSN"
"HDAC1","RACK1","RBSN"
"HDAC1","DAPK1","RBSN"
"HDAC1","PXN","RBSN"
"HDAC1","PRKD1","RBSN"
"HDAC1","ABL2","RBSN"
"HDAC1","FBXW7","RBSN"
"HDAC1","ITK","RBSN"
"HDAC1","NCK1","RBSN"
"HDAC1","AHSA1","RBSN"
"HDAC1","BTK","RBSN"
"HDAC1","TNK2","RBSN"
"HDAC1","YAP1","RBSN"
"HDAC1","CD19","RBSN"
"HDAC1","STAT1","RBSN"
"HDAC1","HSP90AB1","RBSN"
"HDAC1","DVL2","RBSN"
"HDAC1","MAP2K2","RBSN"
"HDAC1","MAPK10","RBSN"
"HDAC1","DYRK1B","RBSN"
"HDAC1","MEK1/2","RBSN"
"HDAC1","JAK1","RBSN"
"HDAC1","PTPN7","RBSN"
"HDAC1","CDKN2A","RBSN"
"HDAC1","MAP4K1","RBSN"
"HDAC1","EPS15","RBSN"
"HDAC1","IKK-complex","RBSN"
"HDAC1","SHC1","RBSN"
"HDAC1","MAPK8IP3","RBSN"
"HDAC1","AXIN1","RBSN"
"HDAC1","MAPKAPK5","RBSN"
"HDAC1","DUSP16","RBSN"
"HDAC1","EPHA2","RBSN"
"HDAC1","PTPRR","RBSN"
"HDAC1","BDKRB2","RBSN"
"HDAC1","FLT4","RBSN"
"HDAC1","BMX","RBSN"
"HDAC1","PTK2B","RBSN"
"HDAC1","SNW1","RBSN"
"HDAC1","NEK6","RBSN"
"HDAC1","PRKCI","RBSN"
"HDAC1","CTNND1","RBSN"
"HDAC1","PIN1","RBSN"
"HDAC1","PARD6A","RBSN"
"HDAC1","CEP192","RBSN"
"HDAC1","GAB1","RBSN"
"HDAC1","PTPRA","RBSN"
"HDAC1","GRIP1","RBSN"
"HDAC1","ESR1","RBSN"
"HDAC1","ARRB2","RBSN"
"HDAC1","INPP5D","RBSN"
"HDAC1","GAB2","RBSN"
"HDAC1","EZH2","RBSN"
"HDAC1","BCR-Dk","RBSN"
"HDAC1","BCAR1","RBSN"
"HDAC1","BCR-Ml","RBSN"
"HDAC1","NOTCH","RBSN"
"HDAC1","NCOA1","RBSN"
"HDAC1","FERMT2","RBSN"
"HDAC1","ZMIZ1","RBSN"
"HDAC1","TAB3","RBSN"
"HDAC1","NPM1","RBSN"
"HDAC1","GCSAM","RBSN"
"HDAC1","OPTN","RBSN"
"HDAC1","SPRY2","RBSN"
"HDAC1","BCR-Dl","RBSN"
"HDAC1","DDX58","RBSN"
"HDAC1","ROR2","RBSN"
"HDAC1","IFIH1","RBSN"
"HDAC1","SH2B3","RBSN"
"HDAC1","DAB1","RBSN"
"HDAC1","BCR-Mk","RBSN"
"HDAC1","PLCG2","RBSN"
"HDAC1","CHUK","EEF1A1"
"HDAC1","SRC","EEF1A1"
"HDAC1","RPS6KA2","EEF1A1"
"HDAC1","PTEN","EEF1A1"
"HDAC1","MAPK8","EEF1A1"
"HDAC1","MTOR","EEF1A1"
"HDAC1","AKT1","EEF1A1"
"HDAC1","PRKCD","EEF1A1"
"HDAC1","MAPK1","EEF1A1"
"HDAC1","PTPN1","EEF1A1"
"HDAC1","Gbeta","EEF1A1"
"HDAC1","KRAS","EEF1A1"
"HDAC1","KIT","EEF1A1"
"HDAC1","PTPRJ","EEF1A1"
"HDAC1","RPS6KB1","EEF1A1"
"HDAC1","EIF2AK2","EEF1A1"
"HDAC1","PDPK1","EEF1A1"
"HDAC1","MAML3","EEF1A1"
"HDAC1","MAP3K14","EEF1A1"
"HDAC1","MAP2K1","EEF1A1"
"HDAC1","GSK3B","EEF1A1"
"HDAC1","TGFBR2","EEF1A1"
"HDAC1","PAK2","EEF1A1"
"HDAC1","PPP1R2","EEF1A1"
"HDAC1","CDK5","EEF1A1"
"HDAC1","AKT","EEF1A1"
"HDAC1","MAPK9","EEF1A1"
"HDAC1","WWTR1","EEF1A1"
"HDAC1","RACK1","EEF1A1"
"HDAC1","DAPK1","EEF1A1"
"HDAC1","PXN","EEF1A1"
"HDAC1","PRKD1","EEF1A1"
"HDAC1","ABL2","EEF1A1"
"HDAC1","FBXW7","EEF1A1"
"HDAC1","ITK","EEF1A1"
"HDAC1","NCK1","EEF1A1"
"HDAC1","AHSA1","EEF1A1"
"HDAC1","BTK","EEF1A1"
"HDAC1","TNK2","EEF1A1"
"HDAC1","YAP1","EEF1A1"
"HDAC1","CD19","EEF1A1"
"HDAC1","STAT1","EEF1A1"
"HDAC1","HSP90AB1","EEF1A1"
"HDAC1","DVL2","EEF1A1"
"HDAC1","MAP2K2","EEF1A1"
"HDAC1","MAPK10","EEF1A1"
"HDAC1","DYRK1B","EEF1A1"
"HDAC1","MEK1/2","EEF1A1"
"HDAC1","JAK1","EEF1A1"
"HDAC1","PTPN7","EEF1A1"
"HDAC1","CDKN2A","EEF1A1"
"HDAC1","MAP4K1","EEF1A1"
"HDAC1","EPS15","EEF1A1"
"HDAC1","IKK-complex","EEF1A1"
"HDAC1","SHC1","EEF1A1"
"HDAC1","MAPK8IP3","EEF1A1"
"HDAC1","AXIN1","EEF1A1"
"HDAC1","MAPKAPK5","EEF1A1"
"HDAC1","DUSP16","EEF1A1"
"HDAC1","EPHA2","EEF1A1"
"HDAC1","MAP3K8","EEF1A1"
"HDAC1","PTPRR","EEF1A1"
"HDAC1","BDKRB2","EEF1A1"
"HDAC1","FLT4","EEF1A1"
"HDAC1","BMX","EEF1A1"
"HDAC1","PTK2B","EEF1A1"
"HDAC1","SNW1","EEF1A1"
"HDAC1","NEK6","EEF1A1"
"HDAC1","PRKCI","EEF1A1"
"HDAC1","CTNND1","EEF1A1"
"HDAC1","PIN1","EEF1A1"
"HDAC1","PARD6A","EEF1A1"
"HDAC1","CEP192","EEF1A1"
"HDAC1","GAB1","EEF1A1"
"HDAC1","PTPRA","EEF1A1"
"HDAC1","GRIP1","EEF1A1"
"HDAC1","ESR1","EEF1A1"
"HDAC1","ARRB2","EEF1A1"
"HDAC1","INPP5D","EEF1A1"
"HDAC1","GAB2","EEF1A1"
"HDAC1","EZH2","EEF1A1"
"HDAC1","BCR-Dk","EEF1A1"
"HDAC1","BCAR1","EEF1A1"
"HDAC1","BCR-Ml","EEF1A1"
"HDAC1","NOTCH","EEF1A1"
"HDAC1","NCOA1","EEF1A1"
"HDAC1","FERMT2","EEF1A1"
"HDAC1","ZMIZ1","EEF1A1"
"HDAC1","TAB3","EEF1A1"
"HDAC1","NPM1","EEF1A1"
"HDAC1","GCSAM","EEF1A1"
"HDAC1","OPTN","EEF1A1"
"HDAC1","SPRY2","EEF1A1"
"HDAC1","BCR-Dl","EEF1A1"
"HDAC1","DDX58","EEF1A1"
"HDAC1","ROR2","EEF1A1"
"HDAC1","IFIH1","EEF1A1"
"HDAC1","SH2B3","EEF1A1"
"HDAC1","DAB1","EEF1A1"
"HDAC1","BCR-Mk","EEF1A1"
"HDAC1","PLCG2","EEF1A1"
"HDAC1","CHUK","ANAPC1"
"HDAC1","SRC","ANAPC1"
"HDAC1","RPS6KA2","ANAPC1"
"HDAC1","PTEN","ANAPC1"
"HDAC1","MAPK8","ANAPC1"
"HDAC1","MTOR","ANAPC1"
"HDAC1","AKT1","ANAPC1"
"HDAC1","PRKCD","ANAPC1"
"HDAC1","MAPK1","ANAPC1"
"HDAC1","PTPN1","ANAPC1"
"HDAC1","Gbeta","ANAPC1"
"HDAC1","KRAS","ANAPC1"
"HDAC1","KIT","ANAPC1"
"HDAC1","PTPRJ","ANAPC1"
"HDAC1","RPS6KB1","ANAPC1"
"HDAC1","EIF2AK2","ANAPC1"
"HDAC1","PDPK1","ANAPC1"
"HDAC1","MAML3","ANAPC1"
"HDAC1","MAP3K14","ANAPC1"
"HDAC1","MAP2K1","ANAPC1"
"HDAC1","GSK3B","ANAPC1"
"HDAC1","TGFBR2","ANAPC1"
"HDAC1","PAK2","ANAPC1"
"HDAC1","PPP1R2","ANAPC1"
"HDAC1","CDK5","ANAPC1"
"HDAC1","AKT","ANAPC1"
"HDAC1","MAPK9","ANAPC1"
"HDAC1","WWTR1","ANAPC1"
"HDAC1","RACK1","ANAPC1"
"HDAC1","DAPK1","ANAPC1"
"HDAC1","PXN","ANAPC1"
"HDAC1","PRKD1","ANAPC1"
"HDAC1","ABL2","ANAPC1"
"HDAC1","FBXW7","ANAPC1"
"HDAC1","ITK","ANAPC1"
"HDAC1","NCK1","ANAPC1"
"HDAC1","AHSA1","ANAPC1"
"HDAC1","BTK","ANAPC1"
"HDAC1","TNK2","ANAPC1"
"HDAC1","YAP1","ANAPC1"
"HDAC1","CD19","ANAPC1"
"HDAC1","STAT1","ANAPC1"
"HDAC1","HSP90AB1","ANAPC1"
"HDAC1","DVL2","ANAPC1"
"HDAC1","MAP2K2","ANAPC1"
"HDAC1","MAPK10","ANAPC1"
"HDAC1","DYRK1B","ANAPC1"
"HDAC1","MEK1/2","ANAPC1"
"HDAC1","JAK1","ANAPC1"
"HDAC1","PTPN7","ANAPC1"
"HDAC1","CDKN2A","ANAPC1"
"HDAC1","MAP4K1","ANAPC1"
"HDAC1","EPS15","ANAPC1"
"HDAC1","IKK-complex","ANAPC1"
"HDAC1","SHC1","ANAPC1"
"HDAC1","MAPK8IP3","ANAPC1"
"HDAC1","AXIN1","ANAPC1"
"HDAC1","MAPKAPK5","ANAPC1"
"HDAC1","DUSP16","ANAPC1"
"HDAC1","EPHA2","ANAPC1"
"HDAC1","PTPRR","ANAPC1"
"HDAC1","BDKRB2","ANAPC1"
"HDAC1","FLT4","ANAPC1"
"HDAC1","BMX","ANAPC1"
"HDAC1","PTK2B","ANAPC1"
"HDAC1","SNW1","ANAPC1"
"HDAC1","NEK6","ANAPC1"
"HDAC1","PRKCI","ANAPC1"
"HDAC1","CTNND1","ANAPC1"
"HDAC1","PIN1","ANAPC1"
"HDAC1","PARD6A","ANAPC1"
"HDAC1","CEP192","ANAPC1"
"HDAC1","GAB1","ANAPC1"
"HDAC1","PTPRA","ANAPC1"
"HDAC1","GRIP1","ANAPC1"
"HDAC1","ESR1","ANAPC1"
"HDAC1","ARRB2","ANAPC1"
"HDAC1","INPP5D","ANAPC1"
"HDAC1","GAB2","ANAPC1"
"HDAC1","EZH2","ANAPC1"
"HDAC1","BCR-Dk","ANAPC1"
"HDAC1","BCAR1","ANAPC1"
"HDAC1","BCR-Ml","ANAPC1"
"HDAC1","NOTCH","ANAPC1"
"HDAC1","NCOA1","ANAPC1"
"HDAC1","FERMT2","ANAPC1"
"HDAC1","ZMIZ1","ANAPC1"
"HDAC1","TAB3","ANAPC1"
"HDAC1","NPM1","ANAPC1"
"HDAC1","GCSAM","ANAPC1"
"HDAC1","OPTN","ANAPC1"
"HDAC1","SPRY2","ANAPC1"
"HDAC1","BCR-Dl","ANAPC1"
"HDAC1","DDX58","ANAPC1"
"HDAC1","ROR2","ANAPC1"
"HDAC1","IFIH1","ANAPC1"
"HDAC1","SH2B3","ANAPC1"
"HDAC1","DAB1","ANAPC1"
"HDAC1","BCR-Mk","ANAPC1"
"HDAC1","PLCG2","ANAPC1"
"HDAC1","CHUK","FLOT1"
"HDAC1","RPS6KA2","FLOT1"
"HDAC1","PTEN","FLOT1"
"HDAC1","MAPK8","FLOT1"
"HDAC1","MTOR","FLOT1"
"HDAC1","AKT1","FLOT1"
"HDAC1","PRKCD","FLOT1"
"HDAC1","MAPK1","FLOT1"
"HDAC1","PTPN1","FLOT1"
"HDAC1","Gbeta","FLOT1"
"HDAC1","KRAS","FLOT1"
"HDAC1","KIT","FLOT1"
"HDAC1","PTPRJ","FLOT1"
"HDAC1","RPS6KB1","FLOT1"
"HDAC1","EIF2AK2","FLOT1"
"HDAC1","PDPK1","FLOT1"
"HDAC1","MAML3","FLOT1"
"HDAC1","MAP3K14","FLOT1"
"HDAC1","MAP2K1","FLOT1"
"HDAC1","GSK3B","FLOT1"
"HDAC1","TGFBR2","FLOT1"
"HDAC1","PAK2","FLOT1"
"HDAC1","PPP1R2","FLOT1"
"HDAC1","CDK5","FLOT1"
"HDAC1","AKT","FLOT1"
"HDAC1","MAPK9","FLOT1"
"HDAC1","WWTR1","FLOT1"
"HDAC1","RACK1","FLOT1"
"HDAC1","DAPK1","FLOT1"
"HDAC1","PXN","FLOT1"
"HDAC1","PRKD1","FLOT1"
"HDAC1","ABL2","FLOT1"
"HDAC1","FBXW7","FLOT1"
"HDAC1","ITK","FLOT1"
"HDAC1","NCK1","FLOT1"
"HDAC1","AHSA1","FLOT1"
"HDAC1","BTK","FLOT1"
"HDAC1","TNK2","FLOT1"
"HDAC1","YAP1","FLOT1"
"HDAC1","CD19","FLOT1"
"HDAC1","STAT1","FLOT1"
"HDAC1","HSP90AB1","FLOT1"
"HDAC1","DVL2","FLOT1"
"HDAC1","MAP2K2","FLOT1"
"HDAC1","MAPK10","FLOT1"
"HDAC1","DYRK1B","FLOT1"
"HDAC1","MEK1/2","FLOT1"
"HDAC1","JAK1","FLOT1"
"HDAC1","PTPN7","FLOT1"
"HDAC1","CDKN2A","FLOT1"
"HDAC1","MAP4K1","FLOT1"
"HDAC1","EPS15","FLOT1"
"HDAC1","IKK-complex","FLOT1"
"HDAC1","SHC1","FLOT1"
"HDAC1","MAPK8IP3","FLOT1"
"HDAC1","AXIN1","FLOT1"
"HDAC1","MAPKAPK5","FLOT1"
"HDAC1","DUSP16","FLOT1"
"HDAC1","EPHA2","FLOT1"
"HDAC1","MAP3K8","FLOT1"
"HDAC1","PTPRR","FLOT1"
"HDAC1","BDKRB2","FLOT1"
"HDAC1","FLT4","FLOT1"
"HDAC1","BMX","FLOT1"
"HDAC1","PTK2B","FLOT1"
"HDAC1","SNW1","FLOT1"
"HDAC1","NEK6","FLOT1"
"HDAC1","PRKCI","FLOT1"
"HDAC1","CTNND1","FLOT1"
"HDAC1","PIN1","FLOT1"
"HDAC1","PARD6A","FLOT1"
"HDAC1","CEP192","FLOT1"
"HDAC1","GAB1","FLOT1"
"HDAC1","PTPRA","FLOT1"
"HDAC1","GRIP1","FLOT1"
"HDAC1","ESR1","FLOT1"
"HDAC1","ARRB2","FLOT1"
"HDAC1","INPP5D","FLOT1"
"HDAC1","GAB2","FLOT1"
"HDAC1","EZH2","FLOT1"
"HDAC1","BCR-Dk","FLOT1"
"HDAC1","BCAR1","FLOT1"
"HDAC1","BCR-Ml","FLOT1"
"HDAC1","NOTCH","FLOT1"
"HDAC1","NCOA1","FLOT1"
"HDAC1","FERMT2","FLOT1"
"HDAC1","ZMIZ1","FLOT1"
"HDAC1","TAB3","FLOT1"
"HDAC1","NPM1","FLOT1"
"HDAC1","GCSAM","FLOT1"
"HDAC1","OPTN","FLOT1"
"HDAC1","SPRY2","FLOT1"
"HDAC1","BCR-Dl","FLOT1"
"HDAC1","DDX58","FLOT1"
"HDAC1","ROR2","FLOT1"
"HDAC1","IFIH1","FLOT1"
"HDAC1","SH2B3","FLOT1"
"HDAC1","DAB1","FLOT1"
"HDAC1","BCR-Mk","FLOT1"
"HDAC1","PLCG2","FLOT1"
"HDAC1","CHUK","PREX1"
"HDAC1","SRC","PREX1"
"HDAC1","RPS6KA2","PREX1"
"HDAC1","PTEN","PREX1"
"HDAC1","MAPK8","PREX1"
"HDAC1","MTOR","PREX1"
"HDAC1","AKT1","PREX1"
"HDAC1","PRKCD","PREX1"
"HDAC1","MAPK1","PREX1"
"HDAC1","PTPN1","PREX1"
"HDAC1","Gbeta","PREX1"
"HDAC1","KRAS","PREX1"
"HDAC1","KIT","PREX1"
"HDAC1","PTPRJ","PREX1"
"HDAC1","RPS6KB1","PREX1"
"HDAC1","EIF2AK2","PREX1"
"HDAC1","PDPK1","PREX1"
"HDAC1","MAML3","PREX1"
"HDAC1","MAP3K14","PREX1"
"HDAC1","MAP2K1","PREX1"
"HDAC1","GSK3B","PREX1"
"HDAC1","TGFBR2","PREX1"
"HDAC1","PAK2","PREX1"
"HDAC1","PPP1R2","PREX1"
"HDAC1","CDK5","PREX1"
"HDAC1","AKT","PREX1"
"HDAC1","MAPK9","PREX1"
"HDAC1","WWTR1","PREX1"
"HDAC1","RACK1","PREX1"
"HDAC1","DAPK1","PREX1"
"HDAC1","PXN","PREX1"
"HDAC1","PRKD1","PREX1"
"HDAC1","ABL2","PREX1"
"HDAC1","FBXW7","PREX1"
"HDAC1","ITK","PREX1"
"HDAC1","NCK1","PREX1"
"HDAC1","AHSA1","PREX1"
"HDAC1","BTK","PREX1"
"HDAC1","TNK2","PREX1"
"HDAC1","YAP1","PREX1"
"HDAC1","CD19","PREX1"
"HDAC1","STAT1","PREX1"
"HDAC1","HSP90AB1","PREX1"
"HDAC1","DVL2","PREX1"
"HDAC1","MAP2K2","PREX1"
"HDAC1","MAPK10","PREX1"
"HDAC1","DYRK1B","PREX1"
"HDAC1","MEK1/2","PREX1"
"HDAC1","JAK1","PREX1"
"HDAC1","PTPN7","PREX1"
"HDAC1","CDKN2A","PREX1"
"HDAC1","MAP4K1","PREX1"
"HDAC1","EPS15","PREX1"
"HDAC1","IKK-complex","PREX1"
"HDAC1","SHC1","PREX1"
"HDAC1","MAPK8IP3","PREX1"
"HDAC1","AXIN1","PREX1"
"HDAC1","MAPKAPK5","PREX1"
"HDAC1","DUSP16","PREX1"
"HDAC1","EPHA2","PREX1"
"HDAC1","MAP3K8","PREX1"
"HDAC1","PTPRR","PREX1"
"HDAC1","BDKRB2","PREX1"
"HDAC1","FLT4","PREX1"
"HDAC1","BMX","PREX1"
"HDAC1","PTK2B","PREX1"
"HDAC1","SNW1","PREX1"
"HDAC1","NEK6","PREX1"
"HDAC1","PRKCI","PREX1"
"HDAC1","CTNND1","PREX1"
"HDAC1","PIN1","PREX1"
"HDAC1","PARD6A","PREX1"
"HDAC1","CEP192","PREX1"
"HDAC1","GAB1","PREX1"
"HDAC1","PTPRA","PREX1"
"HDAC1","GRIP1","PREX1"
"HDAC1","ESR1","PREX1"
"HDAC1","ARRB2","PREX1"
"HDAC1","INPP5D","PREX1"
"HDAC1","GAB2","PREX1"
"HDAC1","EZH2","PREX1"
"HDAC1","BCR-Dk","PREX1"
"HDAC1","BCAR1","PREX1"
"HDAC1","BCR-Ml","PREX1"
"HDAC1","NOTCH","PREX1"
"HDAC1","NCOA1","PREX1"
"HDAC1","FERMT2","PREX1"
"HDAC1","ZMIZ1","PREX1"
"HDAC1","TAB3","PREX1"
"HDAC1","NPM1","PREX1"
"HDAC1","GCSAM","PREX1"
"HDAC1","OPTN","PREX1"
"HDAC1","SPRY2","PREX1"
"HDAC1","BCR-Dl","PREX1"
"HDAC1","DDX58","PREX1"
"HDAC1","ROR2","PREX1"
"HDAC1","IFIH1","PREX1"
"HDAC1","SH2B3","PREX1"
"HDAC1","DAB1","PREX1"
"HDAC1","BCR-Mk","PREX1"
"HDAC1","PLCG2","PREX1"
"HDAC1","CHUK","RGS19"
"HDAC1","SRC","RGS19"
"HDAC1","RPS6KA2","RGS19"
"HDAC1","PTEN","RGS19"
"HDAC1","MAPK8","RGS19"
"HDAC1","MTOR","RGS19"
"HDAC1","AKT1","RGS19"
"HDAC1","PRKCD","RGS19"
"HDAC1","PTPN1","RGS19"
"HDAC1","Gbeta","RGS19"
"HDAC1","KRAS","RGS19"
"HDAC1","KIT","RGS19"
"HDAC1","PTPRJ","RGS19"
"HDAC1","RPS6KB1","RGS19"
"HDAC1","EIF2AK2","RGS19"
"HDAC1","PDPK1","RGS19"
"HDAC1","MAML3","RGS19"
"HDAC1","MAP3K14","RGS19"
"HDAC1","MAP2K1","RGS19"
"HDAC1","GSK3B","RGS19"
"HDAC1","TGFBR2","RGS19"
"HDAC1","PAK2","RGS19"
"HDAC1","PPP1R2","RGS19"
"HDAC1","CDK5","RGS19"
"HDAC1","AKT","RGS19"
"HDAC1","MAPK9","RGS19"
"HDAC1","WWTR1","RGS19"
"HDAC1","RACK1","RGS19"
"HDAC1","DAPK1","RGS19"
"HDAC1","PXN","RGS19"
"HDAC1","PRKD1","RGS19"
"HDAC1","ABL2","RGS19"
"HDAC1","FBXW7","RGS19"
"HDAC1","ITK","RGS19"
"HDAC1","NCK1","RGS19"
"HDAC1","AHSA1","RGS19"
"HDAC1","BTK","RGS19"
"HDAC1","TNK2","RGS19"
"HDAC1","YAP1","RGS19"
"HDAC1","CD19","RGS19"
"HDAC1","STAT1","RGS19"
"HDAC1","HSP90AB1","RGS19"
"HDAC1","DVL2","RGS19"
"HDAC1","MAP2K2","RGS19"
"HDAC1","MAPK10","RGS19"
"HDAC1","DYRK1B","RGS19"
"HDAC1","MEK1/2","RGS19"
"HDAC1","JAK1","RGS19"
"HDAC1","PTPN7","RGS19"
"HDAC1","CDKN2A","RGS19"
"HDAC1","MAP4K1","RGS19"
"HDAC1","EPS15","RGS19"
"HDAC1","IKK-complex","RGS19"
"HDAC1","SHC1","RGS19"
"HDAC1","MAPK8IP3","RGS19"
"HDAC1","AXIN1","RGS19"
"HDAC1","MAPKAPK5","RGS19"
"HDAC1","DUSP16","RGS19"
"HDAC1","EPHA2","RGS19"
"HDAC1","PTPRR","RGS19"
"HDAC1","BDKRB2","RGS19"
"HDAC1","FLT4","RGS19"
"HDAC1","BMX","RGS19"
"HDAC1","PTK2B","RGS19"
"HDAC1","SNW1","RGS19"
"HDAC1","NEK6","RGS19"
"HDAC1","PRKCI","RGS19"
"HDAC1","CTNND1","RGS19"
"HDAC1","PIN1","RGS19"
"HDAC1","PARD6A","RGS19"
"HDAC1","CEP192","RGS19"
"HDAC1","GAB1","RGS19"
"HDAC1","PTPRA","RGS19"
"HDAC1","GRIP1","RGS19"
"HDAC1","ESR1","RGS19"
"HDAC1","ARRB2","RGS19"
"HDAC1","INPP5D","RGS19"
"HDAC1","GAB2","RGS19"
"HDAC1","EZH2","RGS19"
"HDAC1","BCR-Dk","RGS19"
"HDAC1","BCAR1","RGS19"
"HDAC1","BCR-Ml","RGS19"
"HDAC1","NOTCH","RGS19"
"HDAC1","NCOA1","RGS19"
"HDAC1","FERMT2","RGS19"
"HDAC1","ZMIZ1","RGS19"
"HDAC1","TAB3","RGS19"
"HDAC1","NPM1","RGS19"
"HDAC1","GCSAM","RGS19"
"HDAC1","OPTN","RGS19"
"HDAC1","SPRY2","RGS19"
"HDAC1","BCR-Dl","RGS19"
"HDAC1","DDX58","RGS19"
"HDAC1","ROR2","RGS19"
"HDAC1","IFIH1","RGS19"
"HDAC1","SH2B3","RGS19"
"HDAC1","DAB1","RGS19"
"HDAC1","BCR-Mk","RGS19"
"HDAC1","PLCG2","RGS19"
"HDAC1","CHUK","DROSHA"
"HDAC1","SRC","DROSHA"
"HDAC1","RPS6KA2","DROSHA"
"HDAC1","PTEN","DROSHA"
"HDAC1","MAPK8","DROSHA"
"HDAC1","MTOR","DROSHA"
"HDAC1","AKT1","DROSHA"
"HDAC1","PRKCD","DROSHA"
"HDAC1","MAPK1","DROSHA"
"HDAC1","PTPN1","DROSHA"
"HDAC1","Gbeta","DROSHA"
"HDAC1","KRAS","DROSHA"
"HDAC1","KIT","DROSHA"
"HDAC1","PTPRJ","DROSHA"
"HDAC1","RPS6KB1","DROSHA"
"HDAC1","EIF2AK2","DROSHA"
"HDAC1","PDPK1","DROSHA"
"HDAC1","MAML3","DROSHA"
"HDAC1","MAP3K14","DROSHA"
"HDAC1","MAP2K1","DROSHA"
"HDAC1","TGFBR2","DROSHA"
"HDAC1","PAK2","DROSHA"
"HDAC1","PPP1R2","DROSHA"
"HDAC1","CDK5","DROSHA"
"HDAC1","AKT","DROSHA"
"HDAC1","MAPK9","DROSHA"
"HDAC1","WWTR1","DROSHA"
"HDAC1","RACK1","DROSHA"
"HDAC1","DAPK1","DROSHA"
"HDAC1","PXN","DROSHA"
"HDAC1","PRKD1","DROSHA"
"HDAC1","ABL2","DROSHA"
"HDAC1","FBXW7","DROSHA"
"HDAC1","ITK","DROSHA"
"HDAC1","NCK1","DROSHA"
"HDAC1","AHSA1","DROSHA"
"HDAC1","BTK","DROSHA"
"HDAC1","TNK2","DROSHA"
"HDAC1","YAP1","DROSHA"
"HDAC1","CD19","DROSHA"
"HDAC1","STAT1","DROSHA"
"HDAC1","HSP90AB1","DROSHA"
"HDAC1","DVL2","DROSHA"
"HDAC1","MAP2K2","DROSHA"
"HDAC1","MAPK10","DROSHA"
"HDAC1","DYRK1B","DROSHA"
"HDAC1","MEK1/2","DROSHA"
"HDAC1","JAK1","DROSHA"
"HDAC1","PTPN7","DROSHA"
"HDAC1","CDKN2A","DROSHA"
"HDAC1","MAP4K1","DROSHA"
"HDAC1","EPS15","DROSHA"
"HDAC1","IKK-complex","DROSHA"
"HDAC1","SHC1","DROSHA"
"HDAC1","MAPK8IP3","DROSHA"
"HDAC1","AXIN1","DROSHA"
"HDAC1","MAPKAPK5","DROSHA"
"HDAC1","DUSP16","DROSHA"
"HDAC1","EPHA2","DROSHA"
"HDAC1","PTPRR","DROSHA"
"HDAC1","BDKRB2","DROSHA"
"HDAC1","FLT4","DROSHA"
"HDAC1","BMX","DROSHA"
"HDAC1","PTK2B","DROSHA"
"HDAC1","SNW1","DROSHA"
"HDAC1","NEK6","DROSHA"
"HDAC1","PRKCI","DROSHA"
"HDAC1","CTNND1","DROSHA"
"HDAC1","PIN1","DROSHA"
"HDAC1","PARD6A","DROSHA"
"HDAC1","CEP192","DROSHA"
"HDAC1","GAB1","DROSHA"
"HDAC1","PTPRA","DROSHA"
"HDAC1","GRIP1","DROSHA"
"HDAC1","ESR1","DROSHA"
"HDAC1","ARRB2","DROSHA"
"HDAC1","INPP5D","DROSHA"
"HDAC1","GAB2","DROSHA"
"HDAC1","EZH2","DROSHA"
"HDAC1","BCR-Dk","DROSHA"
"HDAC1","BCAR1","DROSHA"
"HDAC1","BCR-Ml","DROSHA"
"HDAC1","NOTCH","DROSHA"
"HDAC1","NCOA1","DROSHA"
"HDAC1","FERMT2","DROSHA"
"HDAC1","ZMIZ1","DROSHA"
"HDAC1","TAB3","DROSHA"
"HDAC1","NPM1","DROSHA"
"HDAC1","GCSAM","DROSHA"
"HDAC1","OPTN","DROSHA"
"HDAC1","SPRY2","DROSHA"
"HDAC1","BCR-Dl","DROSHA"
"HDAC1","DDX58","DROSHA"
"HDAC1","ROR2","DROSHA"
"HDAC1","IFIH1","DROSHA"
"HDAC1","SH2B3","DROSHA"
"HDAC1","DAB1","DROSHA"
"HDAC1","BCR-Mk","DROSHA"
"HDAC1","PLCG2","DROSHA"
"HDAC1","CHUK","PLSCR1"
"HDAC1","RPS6KA2","PLSCR1"
"HDAC1","PTEN","PLSCR1"
"HDAC1","MAPK8","PLSCR1"
"HDAC1","MTOR","PLSCR1"
"HDAC1","AKT1","PLSCR1"
"HDAC1","PRKCD","PLSCR1"
"HDAC1","MAPK1","PLSCR1"
"HDAC1","PTPN1","PLSCR1"
"HDAC1","Gbeta","PLSCR1"
"HDAC1","KRAS","PLSCR1"
"HDAC1","KIT","PLSCR1"
"HDAC1","PTPRJ","PLSCR1"
"HDAC1","RPS6KB1","PLSCR1"
"HDAC1","EIF2AK2","PLSCR1"
"HDAC1","PDPK1","PLSCR1"
"HDAC1","MAML3","PLSCR1"
"HDAC1","MAP3K14","PLSCR1"
"HDAC1","MAP2K1","PLSCR1"
"HDAC1","GSK3B","PLSCR1"
"HDAC1","TGFBR2","PLSCR1"
"HDAC1","PAK2","PLSCR1"
"HDAC1","PPP1R2","PLSCR1"
"HDAC1","CDK5","PLSCR1"
"HDAC1","AKT","PLSCR1"
"HDAC1","MAPK9","PLSCR1"
"HDAC1","WWTR1","PLSCR1"
"HDAC1","RACK1","PLSCR1"
"HDAC1","DAPK1","PLSCR1"
"HDAC1","PXN","PLSCR1"
"HDAC1","PRKD1","PLSCR1"
"HDAC1","ABL2","PLSCR1"
"HDAC1","FBXW7","PLSCR1"
"HDAC1","ITK","PLSCR1"
"HDAC1","NCK1","PLSCR1"
"HDAC1","AHSA1","PLSCR1"
"HDAC1","BTK","PLSCR1"
"HDAC1","TNK2","PLSCR1"
"HDAC1","YAP1","PLSCR1"
"HDAC1","CD19","PLSCR1"
"HDAC1","STAT1","PLSCR1"
"HDAC1","HSP90AB1","PLSCR1"
"HDAC1","DVL2","PLSCR1"
"HDAC1","MAP2K2","PLSCR1"
"HDAC1","MAPK10","PLSCR1"
"HDAC1","DYRK1B","PLSCR1"
"HDAC1","MEK1/2","PLSCR1"
"HDAC1","JAK1","PLSCR1"
"HDAC1","PTPN7","PLSCR1"
"HDAC1","CDKN2A","PLSCR1"
"HDAC1","MAP4K1","PLSCR1"
"HDAC1","EPS15","PLSCR1"
"HDAC1","IKK-complex","PLSCR1"
"HDAC1","SHC1","PLSCR1"
"HDAC1","MAPK8IP3","PLSCR1"
"HDAC1","AXIN1","PLSCR1"
"HDAC1","MAPKAPK5","PLSCR1"
"HDAC1","DUSP16","PLSCR1"
"HDAC1","EPHA2","PLSCR1"
"HDAC1","MAP3K8","PLSCR1"
"HDAC1","PTPRR","PLSCR1"
"HDAC1","BDKRB2","PLSCR1"
"HDAC1","FLT4","PLSCR1"
"HDAC1","BMX","PLSCR1"
"HDAC1","PTK2B","PLSCR1"
"HDAC1","SNW1","PLSCR1"
"HDAC1","NEK6","PLSCR1"
"HDAC1","PRKCI","PLSCR1"
"HDAC1","CTNND1","PLSCR1"
"HDAC1","PIN1","PLSCR1"
"HDAC1","PARD6A","PLSCR1"
"HDAC1","CEP192","PLSCR1"
"HDAC1","GAB1","PLSCR1"
"HDAC1","PTPRA","PLSCR1"
"HDAC1","GRIP1","PLSCR1"
"HDAC1","ESR1","PLSCR1"
"HDAC1","ARRB2","PLSCR1"
"HDAC1","INPP5D","PLSCR1"
"HDAC1","GAB2","PLSCR1"
"HDAC1","EZH2","PLSCR1"
"HDAC1","BCR-Dk","PLSCR1"
"HDAC1","BCAR1","PLSCR1"
"HDAC1","BCR-Ml","PLSCR1"
"HDAC1","NOTCH","PLSCR1"
"HDAC1","NCOA1","PLSCR1"
"HDAC1","FERMT2","PLSCR1"
"HDAC1","ZMIZ1","PLSCR1"
"HDAC1","TAB3","PLSCR1"
"HDAC1","NPM1","PLSCR1"
"HDAC1","GCSAM","PLSCR1"
"HDAC1","OPTN","PLSCR1"
"HDAC1","SPRY2","PLSCR1"
"HDAC1","BCR-Dl","PLSCR1"
"HDAC1","DDX58","PLSCR1"
"HDAC1","ROR2","PLSCR1"
"HDAC1","IFIH1","PLSCR1"
"HDAC1","SH2B3","PLSCR1"
"HDAC1","DAB1","PLSCR1"
"HDAC1","BCR-Mk","PLSCR1"
"HDAC1","PLCG2","PLSCR1"
"HDAC1","CHUK","MAFB"
"HDAC1","SRC","MAFB"
"HDAC1","RPS6KA2","MAFB"
"HDAC1","PTEN","MAFB"
"HDAC1","MAPK8","MAFB"
"HDAC1","MTOR","MAFB"
"HDAC1","AKT1","MAFB"
"HDAC1","PRKCD","MAFB"
"HDAC1","MAPK1","MAFB"
"HDAC1","PTPN1","MAFB"
"HDAC1","Gbeta","MAFB"
"HDAC1","KRAS","MAFB"
"HDAC1","KIT","MAFB"
"HDAC1","PTPRJ","MAFB"
"HDAC1","RPS6KB1","MAFB"
"HDAC1","EIF2AK2","MAFB"
"HDAC1","PDPK1","MAFB"
"HDAC1","MAML3","MAFB"
"HDAC1","MAP3K14","MAFB"
"HDAC1","MAP2K1","MAFB"
"HDAC1","TGFBR2","MAFB"
"HDAC1","PAK2","MAFB"
"HDAC1","PPP1R2","MAFB"
"HDAC1","CDK5","MAFB"
"HDAC1","AKT","MAFB"
"HDAC1","MAPK9","MAFB"
"HDAC1","WWTR1","MAFB"
"HDAC1","RACK1","MAFB"
"HDAC1","DAPK1","MAFB"
"HDAC1","PXN","MAFB"
"HDAC1","PRKD1","MAFB"
"HDAC1","ABL2","MAFB"
"HDAC1","FBXW7","MAFB"
"HDAC1","ITK","MAFB"
"HDAC1","NCK1","MAFB"
"HDAC1","AHSA1","MAFB"
"HDAC1","BTK","MAFB"
"HDAC1","TNK2","MAFB"
"HDAC1","YAP1","MAFB"
"HDAC1","CD19","MAFB"
"HDAC1","STAT1","MAFB"
"HDAC1","HSP90AB1","MAFB"
"HDAC1","DVL2","MAFB"
"HDAC1","MAP2K2","MAFB"
"HDAC1","MAPK10","MAFB"
"HDAC1","DYRK1B","MAFB"
"HDAC1","MEK1/2","MAFB"
"HDAC1","JAK1","MAFB"
"HDAC1","PTPN7","MAFB"
"HDAC1","CDKN2A","MAFB"
"HDAC1","MAP4K1","MAFB"
"HDAC1","EPS15","MAFB"
"HDAC1","IKK-complex","MAFB"
"HDAC1","SHC1","MAFB"
"HDAC1","MAPK8IP3","MAFB"
"HDAC1","AXIN1","MAFB"
"HDAC1","MAPKAPK5","MAFB"
"HDAC1","DUSP16","MAFB"
"HDAC1","EPHA2","MAFB"
"HDAC1","PTPRR","MAFB"
"HDAC1","BDKRB2","MAFB"
"HDAC1","FLT4","MAFB"
"HDAC1","BMX","MAFB"
"HDAC1","PTK2B","MAFB"
"HDAC1","SNW1","MAFB"
"HDAC1","NEK6","MAFB"
"HDAC1","PRKCI","MAFB"
"HDAC1","CTNND1","MAFB"
"HDAC1","PIN1","MAFB"
"HDAC1","PARD6A","MAFB"
"HDAC1","CEP192","MAFB"
"HDAC1","GAB1","MAFB"
"HDAC1","PTPRA","MAFB"
"HDAC1","GRIP1","MAFB"
"HDAC1","ESR1","MAFB"
"HDAC1","ARRB2","MAFB"
"HDAC1","INPP5D","MAFB"
"HDAC1","GAB2","MAFB"
"HDAC1","EZH2","MAFB"
"HDAC1","BCR-Dk","MAFB"
"HDAC1","BCAR1","MAFB"
"HDAC1","BCR-Ml","MAFB"
"HDAC1","NOTCH","MAFB"
"HDAC1","NCOA1","MAFB"
"HDAC1","FERMT2","MAFB"
"HDAC1","ZMIZ1","MAFB"
"HDAC1","TAB3","MAFB"
"HDAC1","NPM1","MAFB"
"HDAC1","GCSAM","MAFB"
"HDAC1","OPTN","MAFB"
"HDAC1","SPRY2","MAFB"
"HDAC1","BCR-Dl","MAFB"
"HDAC1","DDX58","MAFB"
"HDAC1","ROR2","MAFB"
"HDAC1","IFIH1","MAFB"
"HDAC1","SH2B3","MAFB"
"HDAC1","DAB1","MAFB"
"HDAC1","BCR-Mk","MAFB"
"HDAC1","PLCG2","MAFB"
"HDAC1","CHUK","FBXL21P"
"HDAC1","SRC","FBXL21P"
"HDAC1","RPS6KA2","FBXL21P"
"HDAC1","PTEN","FBXL21P"
"HDAC1","MAPK8","FBXL21P"
"HDAC1","MTOR","FBXL21P"
"HDAC1","AKT1","FBXL21P"
"HDAC1","PRKCD","FBXL21P"
"HDAC1","MAPK1","FBXL21P"
"HDAC1","PTPN1","FBXL21P"
"HDAC1","Gbeta","FBXL21P"
"HDAC1","KRAS","FBXL21P"
"HDAC1","KIT","FBXL21P"
"HDAC1","PTPRJ","FBXL21P"
"HDAC1","RPS6KB1","FBXL21P"
"HDAC1","EIF2AK2","FBXL21P"
"HDAC1","PDPK1","FBXL21P"
"HDAC1","MAML3","FBXL21P"
"HDAC1","MAP3K14","FBXL21P"
"HDAC1","MAP2K1","FBXL21P"
"HDAC1","TGFBR2","FBXL21P"
"HDAC1","PAK2","FBXL21P"
"HDAC1","PPP1R2","FBXL21P"
"HDAC1","CDK5","FBXL21P"
"HDAC1","AKT","FBXL21P"
"HDAC1","MAPK9","FBXL21P"
"HDAC1","WWTR1","FBXL21P"
"HDAC1","RACK1","FBXL21P"
"HDAC1","DAPK1","FBXL21P"
"HDAC1","PXN","FBXL21P"
"HDAC1","PRKD1","FBXL21P"
"HDAC1","ABL2","FBXL21P"
"HDAC1","FBXW7","FBXL21P"
"HDAC1","ITK","FBXL21P"
"HDAC1","NCK1","FBXL21P"
"HDAC1","AHSA1","FBXL21P"
"HDAC1","BTK","FBXL21P"
"HDAC1","TNK2","FBXL21P"
"HDAC1","YAP1","FBXL21P"
"HDAC1","CD19","FBXL21P"
"HDAC1","STAT1","FBXL21P"
"HDAC1","HSP90AB1","FBXL21P"
"HDAC1","DVL2","FBXL21P"
"HDAC1","MAP2K2","FBXL21P"
"HDAC1","MAPK10","FBXL21P"
"HDAC1","DYRK1B","FBXL21P"
"HDAC1","MEK1/2","FBXL21P"
"HDAC1","JAK1","FBXL21P"
"HDAC1","PTPN7","FBXL21P"
"HDAC1","CDKN2A","FBXL21P"
"HDAC1","MAP4K1","FBXL21P"
"HDAC1","EPS15","FBXL21P"
"HDAC1","IKK-complex","FBXL21P"
"HDAC1","SHC1","FBXL21P"
"HDAC1","MAPK8IP3","FBXL21P"
"HDAC1","AXIN1","FBXL21P"
"HDAC1","MAPKAPK5","FBXL21P"
"HDAC1","DUSP16","FBXL21P"
"HDAC1","EPHA2","FBXL21P"
"HDAC1","PTPRR","FBXL21P"
"HDAC1","BDKRB2","FBXL21P"
"HDAC1","FLT4","FBXL21P"
"HDAC1","BMX","FBXL21P"
"HDAC1","PTK2B","FBXL21P"
"HDAC1","SNW1","FBXL21P"
"HDAC1","NEK6","FBXL21P"
"HDAC1","PRKCI","FBXL21P"
"HDAC1","CTNND1","FBXL21P"
"HDAC1","PIN1","FBXL21P"
"HDAC1","PARD6A","FBXL21P"
"HDAC1","CEP192","FBXL21P"
"HDAC1","GAB1","FBXL21P"
"HDAC1","PTPRA","FBXL21P"
"HDAC1","GRIP1","FBXL21P"
"HDAC1","ESR1","FBXL21P"
"HDAC1","ARRB2","FBXL21P"
"HDAC1","INPP5D","FBXL21P"
"HDAC1","GAB2","FBXL21P"
"HDAC1","EZH2","FBXL21P"
"HDAC1","BCR-Dk","FBXL21P"
"HDAC1","BCAR1","FBXL21P"
"HDAC1","BCR-Ml","FBXL21P"
"HDAC1","NOTCH","FBXL21P"
"HDAC1","NCOA1","FBXL21P"
"HDAC1","FERMT2","FBXL21P"
"HDAC1","ZMIZ1","FBXL21P"
"HDAC1","TAB3","FBXL21P"
"HDAC1","NPM1","FBXL21P"
"HDAC1","GCSAM","FBXL21P"
"HDAC1","OPTN","FBXL21P"
"HDAC1","SPRY2","FBXL21P"
"HDAC1","BCR-Dl","FBXL21P"
"HDAC1","DDX58","FBXL21P"
"HDAC1","ROR2","FBXL21P"
"HDAC1","IFIH1","FBXL21P"
"HDAC1","SH2B3","FBXL21P"
"HDAC1","DAB1","FBXL21P"
"HDAC1","BCR-Mk","FBXL21P"
"HDAC1","PLCG2","FBXL21P"
"HDAC1","CHUK","USP21"
"HDAC1","SRC","USP21"
"HDAC1","RPS6KA2","USP21"
"HDAC1","PTEN","USP21"
"HDAC1","MAPK8","USP21"
"HDAC1","MTOR","USP21"
"HDAC1","AKT1","USP21"
"HDAC1","PRKCD","USP21"
"HDAC1","MAPK1","USP21"
"HDAC1","PTPN1","USP21"
"HDAC1","Gbeta","USP21"
"HDAC1","KRAS","USP21"
"HDAC1","KIT","USP21"
"HDAC1","PTPRJ","USP21"
"HDAC1","RPS6KB1","USP21"
"HDAC1","EIF2AK2","USP21"
"HDAC1","PDPK1","USP21"
"HDAC1","MAML3","USP21"
"HDAC1","MAP3K14","USP21"
"HDAC1","MAP2K1","USP21"
"HDAC1","GSK3B","USP21"
"HDAC1","TGFBR2","USP21"
"HDAC1","PAK2","USP21"
"HDAC1","PPP1R2","USP21"
"HDAC1","CDK5","USP21"
"HDAC1","AKT","USP21"
"HDAC1","MAPK9","USP21"
"HDAC1","WWTR1","USP21"
"HDAC1","RACK1","USP21"
"HDAC1","DAPK1","USP21"
"HDAC1","PXN","USP21"
"HDAC1","PRKD1","USP21"
"HDAC1","ABL2","USP21"
"HDAC1","FBXW7","USP21"
"HDAC1","ITK","USP21"
"HDAC1","NCK1","USP21"
"HDAC1","AHSA1","USP21"
"HDAC1","BTK","USP21"
"HDAC1","TNK2","USP21"
"HDAC1","YAP1","USP21"
"HDAC1","CD19","USP21"
"HDAC1","STAT1","USP21"
"HDAC1","HSP90AB1","USP21"
"HDAC1","DVL2","USP21"
"HDAC1","MAP2K2","USP21"
"HDAC1","MAPK10","USP21"
"HDAC1","DYRK1B","USP21"
"HDAC1","MEK1/2","USP21"
"HDAC1","JAK1","USP21"
"HDAC1","PTPN7","USP21"
"HDAC1","CDKN2A","USP21"
"HDAC1","MAP4K1","USP21"
"HDAC1","EPS15","USP21"
"HDAC1","IKK-complex","USP21"
"HDAC1","SHC1","USP21"
"HDAC1","MAPK8IP3","USP21"
"HDAC1","AXIN1","USP21"
"HDAC1","MAPKAPK5","USP21"
"HDAC1","DUSP16","USP21"
"HDAC1","EPHA2","USP21"
"HDAC1","PTPRR","USP21"
"HDAC1","BDKRB2","USP21"
"HDAC1","FLT4","USP21"
"HDAC1","BMX","USP21"
"HDAC1","PTK2B","USP21"
"HDAC1","SNW1","USP21"
"HDAC1","NEK6","USP21"
"HDAC1","PRKCI","USP21"
"HDAC1","CTNND1","USP21"
"HDAC1","PIN1","USP21"
"HDAC1","PARD6A","USP21"
"HDAC1","CEP192","USP21"
"HDAC1","GAB1","USP21"
"HDAC1","PTPRA","USP21"
"HDAC1","GRIP1","USP21"
"HDAC1","ESR1","USP21"
"HDAC1","ARRB2","USP21"
"HDAC1","INPP5D","USP21"
"HDAC1","GAB2","USP21"
"HDAC1","EZH2","USP21"
"HDAC1","BCR-Dk","USP21"
"HDAC1","BCAR1","USP21"
"HDAC1","BCR-Ml","USP21"
"HDAC1","NOTCH","USP21"
"HDAC1","NCOA1","USP21"
"HDAC1","FERMT2","USP21"
"HDAC1","ZMIZ1","USP21"
"HDAC1","TAB3","USP21"
"HDAC1","NPM1","USP21"
"HDAC1","GCSAM","USP21"
"HDAC1","OPTN","USP21"
"HDAC1","SPRY2","USP21"
"HDAC1","BCR-Dl","USP21"
"HDAC1","DDX58","USP21"
"HDAC1","ROR2","USP21"
"HDAC1","IFIH1","USP21"
"HDAC1","SH2B3","USP21"
"HDAC1","DAB1","USP21"
"HDAC1","BCR-Mk","USP21"
"HDAC1","PLCG2","USP21"
"HDAC1","CHUK","KCND2"
"HDAC1","SRC","KCND2"
"HDAC1","RPS6KA2","KCND2"
"HDAC1","PTEN","KCND2"
"HDAC1","MAPK8","KCND2"
"HDAC1","MTOR","KCND2"
"HDAC1","AKT1","KCND2"
"HDAC1","PRKCD","KCND2"
"HDAC1","PTPN1","KCND2"
"HDAC1","Gbeta","KCND2"
"HDAC1","KRAS","KCND2"
"HDAC1","KIT","KCND2"
"HDAC1","PTPRJ","KCND2"
"HDAC1","RPS6KB1","KCND2"
"HDAC1","EIF2AK2","KCND2"
"HDAC1","PDPK1","KCND2"
"HDAC1","MAML3","KCND2"
"HDAC1","MAP3K14","KCND2"
"HDAC1","MAP2K1","KCND2"
"HDAC1","GSK3B","KCND2"
"HDAC1","TGFBR2","KCND2"
"HDAC1","PAK2","KCND2"
"HDAC1","PPP1R2","KCND2"
"HDAC1","CDK5","KCND2"
"HDAC1","AKT","KCND2"
"HDAC1","MAPK9","KCND2"
"HDAC1","WWTR1","KCND2"
"HDAC1","RACK1","KCND2"
"HDAC1","DAPK1","KCND2"
"HDAC1","PXN","KCND2"
"HDAC1","PRKD1","KCND2"
"HDAC1","ABL2","KCND2"
"HDAC1","FBXW7","KCND2"
"HDAC1","ITK","KCND2"
"HDAC1","NCK1","KCND2"
"HDAC1","AHSA1","KCND2"
"HDAC1","BTK","KCND2"
"HDAC1","TNK2","KCND2"
"HDAC1","YAP1","KCND2"
"HDAC1","CD19","KCND2"
"HDAC1","STAT1","KCND2"
"HDAC1","HSP90AB1","KCND2"
"HDAC1","DVL2","KCND2"
"HDAC1","MAP2K2","KCND2"
"HDAC1","MAPK10","KCND2"
"HDAC1","DYRK1B","KCND2"
"HDAC1","MEK1/2","KCND2"
"HDAC1","JAK1","KCND2"
"HDAC1","PTPN7","KCND2"
"HDAC1","CDKN2A","KCND2"
"HDAC1","MAP4K1","KCND2"
"HDAC1","EPS15","KCND2"
"HDAC1","IKK-complex","KCND2"
"HDAC1","SHC1","KCND2"
"HDAC1","MAPK8IP3","KCND2"
"HDAC1","AXIN1","KCND2"
"HDAC1","MAPKAPK5","KCND2"
"HDAC1","DUSP16","KCND2"
"HDAC1","EPHA2","KCND2"
"HDAC1","PTPRR","KCND2"
"HDAC1","BDKRB2","KCND2"
"HDAC1","FLT4","KCND2"
"HDAC1","BMX","KCND2"
"HDAC1","PTK2B","KCND2"
"HDAC1","SNW1","KCND2"
"HDAC1","NEK6","KCND2"
"HDAC1","PRKCI","KCND2"
"HDAC1","CTNND1","KCND2"
"HDAC1","PIN1","KCND2"
"HDAC1","PARD6A","KCND2"
"HDAC1","CEP192","KCND2"
"HDAC1","GAB1","KCND2"
"HDAC1","PTPRA","KCND2"
"HDAC1","GRIP1","KCND2"
"HDAC1","ESR1","KCND2"
"HDAC1","ARRB2","KCND2"
"HDAC1","INPP5D","KCND2"
"HDAC1","GAB2","KCND2"
"HDAC1","EZH2","KCND2"
"HDAC1","BCR-Dk","KCND2"
"HDAC1","BCAR1","KCND2"
"HDAC1","BCR-Ml","KCND2"
"HDAC1","NOTCH","KCND2"
"HDAC1","NCOA1","KCND2"
"HDAC1","FERMT2","KCND2"
"HDAC1","ZMIZ1","KCND2"
"HDAC1","TAB3","KCND2"
"HDAC1","NPM1","KCND2"
"HDAC1","GCSAM","KCND2"
"HDAC1","OPTN","KCND2"
"HDAC1","SPRY2","KCND2"
"HDAC1","BCR-Dl","KCND2"
"HDAC1","DDX58","KCND2"
"HDAC1","ROR2","KCND2"
"HDAC1","IFIH1","KCND2"
"HDAC1","SH2B3","KCND2"
"HDAC1","DAB1","KCND2"
"HDAC1","BCR-Mk","KCND2"
"HDAC1","PLCG2","KCND2"
"HDAC1","CHUK","CD3D"
"HDAC1","SRC","CD3D"
"HDAC1","RPS6KA2","CD3D"
"HDAC1","PTEN","CD3D"
"HDAC1","MAPK8","CD3D"
"HDAC1","MTOR","CD3D"
"HDAC1","AKT1","CD3D"
"HDAC1","PRKCD","CD3D"
"HDAC1","MAPK1","CD3D"
"HDAC1","PTPN1","CD3D"
"HDAC1","Gbeta","CD3D"
"HDAC1","KRAS","CD3D"
"HDAC1","KIT","CD3D"
"HDAC1","PTPRJ","CD3D"
"HDAC1","RPS6KB1","CD3D"
"HDAC1","EIF2AK2","CD3D"
"HDAC1","PDPK1","CD3D"
"HDAC1","MAML3","CD3D"
"HDAC1","MAP3K14","CD3D"
"HDAC1","MAP2K1","CD3D"
"HDAC1","GSK3B","CD3D"
"HDAC1","TGFBR2","CD3D"
"HDAC1","PAK2","CD3D"
"HDAC1","PPP1R2","CD3D"
"HDAC1","CDK5","CD3D"
"HDAC1","AKT","CD3D"
"HDAC1","MAPK9","CD3D"
"HDAC1","WWTR1","CD3D"
"HDAC1","RACK1","CD3D"
"HDAC1","DAPK1","CD3D"
"HDAC1","PXN","CD3D"
"HDAC1","PRKD1","CD3D"
"HDAC1","ABL2","CD3D"
"HDAC1","FBXW7","CD3D"
"HDAC1","ITK","CD3D"
"HDAC1","NCK1","CD3D"
"HDAC1","AHSA1","CD3D"
"HDAC1","BTK","CD3D"
"HDAC1","TNK2","CD3D"
"HDAC1","YAP1","CD3D"
"HDAC1","CD19","CD3D"
"HDAC1","STAT1","CD3D"
"HDAC1","HSP90AB1","CD3D"
"HDAC1","DVL2","CD3D"
"HDAC1","MAP2K2","CD3D"
"HDAC1","MAPK10","CD3D"
"HDAC1","DYRK1B","CD3D"
"HDAC1","MEK1/2","CD3D"
"HDAC1","JAK1","CD3D"
"HDAC1","PTPN7","CD3D"
"HDAC1","CDKN2A","CD3D"
"HDAC1","MAP4K1","CD3D"
"HDAC1","EPS15","CD3D"
"HDAC1","IKK-complex","CD3D"
"HDAC1","SHC1","CD3D"
"HDAC1","MAPK8IP3","CD3D"
"HDAC1","AXIN1","CD3D"
"HDAC1","MAPKAPK5","CD3D"
"HDAC1","DUSP16","CD3D"
"HDAC1","EPHA2","CD3D"
"HDAC1","MAP3K8","CD3D"
"HDAC1","PTPRR","CD3D"
"HDAC1","BDKRB2","CD3D"
"HDAC1","FLT4","CD3D"
"HDAC1","BMX","CD3D"
"HDAC1","PTK2B","CD3D"
"HDAC1","SNW1","CD3D"
"HDAC1","NEK6","CD3D"
"HDAC1","PRKCI","CD3D"
"HDAC1","CTNND1","CD3D"
"HDAC1","PIN1","CD3D"
"HDAC1","PARD6A","CD3D"
"HDAC1","CEP192","CD3D"
"HDAC1","GAB1","CD3D"
"HDAC1","PTPRA","CD3D"
"HDAC1","GRIP1","CD3D"
"HDAC1","ESR1","CD3D"
"HDAC1","ARRB2","CD3D"
"HDAC1","INPP5D","CD3D"
"HDAC1","GAB2","CD3D"
"HDAC1","EZH2","CD3D"
"HDAC1","BCR-Dk","CD3D"
"HDAC1","BCAR1","CD3D"
"HDAC1","BCR-Ml","CD3D"
"HDAC1","NOTCH","CD3D"
"HDAC1","NCOA1","CD3D"
"HDAC1","FERMT2","CD3D"
"HDAC1","ZMIZ1","CD3D"
"HDAC1","TAB3","CD3D"
"HDAC1","NPM1","CD3D"
"HDAC1","GCSAM","CD3D"
"HDAC1","OPTN","CD3D"
"HDAC1","SPRY2","CD3D"
"HDAC1","BCR-Dl","CD3D"
"HDAC1","DDX58","CD3D"
"HDAC1","ROR2","CD3D"
"HDAC1","IFIH1","CD3D"
"HDAC1","SH2B3","CD3D"
"HDAC1","DAB1","CD3D"
"HDAC1","BCR-Mk","CD3D"
"HDAC1","PLCG2","CD3D"
"HDAC1","CHUK","PTGS2"
"HDAC1","SRC","PTGS2"
"HDAC1","RPS6KA2","PTGS2"
"HDAC1","PTEN","PTGS2"
"HDAC1","MAPK8","PTGS2"
"HDAC1","MTOR","PTGS2"
"HDAC1","AKT1","PTGS2"
"HDAC1","PRKCD","PTGS2"
"HDAC1","MAPK1","PTGS2"
"HDAC1","PTPN1","PTGS2"
"HDAC1","Gbeta","PTGS2"
"HDAC1","KRAS","PTGS2"
"HDAC1","KIT","PTGS2"
"HDAC1","PTPRJ","PTGS2"
"HDAC1","RPS6KB1","PTGS2"
"HDAC1","EIF2AK2","PTGS2"
"HDAC1","PDPK1","PTGS2"
"HDAC1","MAML3","PTGS2"
"HDAC1","MAP3K14","PTGS2"
"HDAC1","MAP2K1","PTGS2"
"HDAC1","GSK3B","PTGS2"
"HDAC1","TGFBR2","PTGS2"
"HDAC1","PAK2","PTGS2"
"HDAC1","PPP1R2","PTGS2"
"HDAC1","CDK5","PTGS2"
"HDAC1","AKT","PTGS2"
"HDAC1","MAPK9","PTGS2"
"HDAC1","WWTR1","PTGS2"
"HDAC1","RACK1","PTGS2"
"HDAC1","DAPK1","PTGS2"
"HDAC1","PXN","PTGS2"
"HDAC1","PRKD1","PTGS2"
"HDAC1","ABL2","PTGS2"
"HDAC1","FBXW7","PTGS2"
"HDAC1","ITK","PTGS2"
"HDAC1","NCK1","PTGS2"
"HDAC1","AHSA1","PTGS2"
"HDAC1","BTK","PTGS2"
"HDAC1","TNK2","PTGS2"
"HDAC1","YAP1","PTGS2"
"HDAC1","CD19","PTGS2"
"HDAC1","STAT1","PTGS2"
"HDAC1","HSP90AB1","PTGS2"
"HDAC1","DVL2","PTGS2"
"HDAC1","MAP2K2","PTGS2"
"HDAC1","MAPK10","PTGS2"
"HDAC1","DYRK1B","PTGS2"
"HDAC1","MEK1/2","PTGS2"
"HDAC1","JAK1","PTGS2"
"HDAC1","PTPN7","PTGS2"
"HDAC1","CDKN2A","PTGS2"
"HDAC1","MAP4K1","PTGS2"
"HDAC1","EPS15","PTGS2"
"HDAC1","IKK-complex","PTGS2"
"HDAC1","SHC1","PTGS2"
"HDAC1","MAPK8IP3","PTGS2"
"HDAC1","AXIN1","PTGS2"
"HDAC1","MAPKAPK5","PTGS2"
"HDAC1","DUSP16","PTGS2"
"HDAC1","EPHA2","PTGS2"
"HDAC1","MAP3K8","PTGS2"
"HDAC1","PTPRR","PTGS2"
"HDAC1","BDKRB2","PTGS2"
"HDAC1","FLT4","PTGS2"
"HDAC1","BMX","PTGS2"
"HDAC1","PTK2B","PTGS2"
"HDAC1","SNW1","PTGS2"
"HDAC1","NEK6","PTGS2"
"HDAC1","PRKCI","PTGS2"
"HDAC1","CTNND1","PTGS2"
"HDAC1","PIN1","PTGS2"
"HDAC1","PARD6A","PTGS2"
"HDAC1","CEP192","PTGS2"
"HDAC1","GAB1","PTGS2"
"HDAC1","PTPRA","PTGS2"
"HDAC1","GRIP1","PTGS2"
"HDAC1","ESR1","PTGS2"
"HDAC1","ARRB2","PTGS2"
"HDAC1","INPP5D","PTGS2"
"HDAC1","GAB2","PTGS2"
"HDAC1","EZH2","PTGS2"
"HDAC1","BCR-Dk","PTGS2"
"HDAC1","BCAR1","PTGS2"
"HDAC1","BCR-Ml","PTGS2"
"HDAC1","NOTCH","PTGS2"
"HDAC1","NCOA1","PTGS2"
"HDAC1","FERMT2","PTGS2"
"HDAC1","ZMIZ1","PTGS2"
"HDAC1","TAB3","PTGS2"
"HDAC1","NPM1","PTGS2"
"HDAC1","GCSAM","PTGS2"
"HDAC1","OPTN","PTGS2"
"HDAC1","SPRY2","PTGS2"
"HDAC1","BCR-Dl","PTGS2"
"HDAC1","DDX58","PTGS2"
"HDAC1","ROR2","PTGS2"
"HDAC1","IFIH1","PTGS2"
"HDAC1","SH2B3","PTGS2"
"HDAC1","DAB1","PTGS2"
"HDAC1","BCR-Mk","PTGS2"
"HDAC1","PLCG2","PTGS2"
"HDAC1","CHUK","SPAG5"
"HDAC1","SRC","SPAG5"
"HDAC1","RPS6KA2","SPAG5"
"HDAC1","PTEN","SPAG5"
"HDAC1","MAPK8","SPAG5"
"HDAC1","MTOR","SPAG5"
"HDAC1","AKT1","SPAG5"
"HDAC1","PRKCD","SPAG5"
"HDAC1","MAPK1","SPAG5"
"HDAC1","PTPN1","SPAG5"
"HDAC1","Gbeta","SPAG5"
"HDAC1","KRAS","SPAG5"
"HDAC1","KIT","SPAG5"
"HDAC1","PTPRJ","SPAG5"
"HDAC1","RPS6KB1","SPAG5"
"HDAC1","EIF2AK2","SPAG5"
"HDAC1","PDPK1","SPAG5"
"HDAC1","MAML3","SPAG5"
"HDAC1","MAP3K14","SPAG5"
"HDAC1","MAP2K1","SPAG5"
"HDAC1","TGFBR2","SPAG5"
"HDAC1","PAK2","SPAG5"
"HDAC1","PPP1R2","SPAG5"
"HDAC1","CDK5","SPAG5"
"HDAC1","AKT","SPAG5"
"HDAC1","MAPK9","SPAG5"
"HDAC1","WWTR1","SPAG5"
"HDAC1","RACK1","SPAG5"
"HDAC1","DAPK1","SPAG5"
"HDAC1","PXN","SPAG5"
"HDAC1","PRKD1","SPAG5"
"HDAC1","ABL2","SPAG5"
"HDAC1","FBXW7","SPAG5"
"HDAC1","ITK","SPAG5"
"HDAC1","NCK1","SPAG5"
"HDAC1","AHSA1","SPAG5"
"HDAC1","BTK","SPAG5"
"HDAC1","TNK2","SPAG5"
"HDAC1","YAP1","SPAG5"
"HDAC1","CD19","SPAG5"
"HDAC1","STAT1","SPAG5"
"HDAC1","HSP90AB1","SPAG5"
"HDAC1","DVL2","SPAG5"
"HDAC1","MAP2K2","SPAG5"
"HDAC1","MAPK10","SPAG5"
"HDAC1","DYRK1B","SPAG5"
"HDAC1","MEK1/2","SPAG5"
"HDAC1","JAK1","SPAG5"
"HDAC1","PTPN7","SPAG5"
"HDAC1","CDKN2A","SPAG5"
"HDAC1","MAP4K1","SPAG5"
"HDAC1","EPS15","SPAG5"
"HDAC1","IKK-complex","SPAG5"
"HDAC1","SHC1","SPAG5"
"HDAC1","MAPK8IP3","SPAG5"
"HDAC1","AXIN1","SPAG5"
"HDAC1","MAPKAPK5","SPAG5"
"HDAC1","DUSP16","SPAG5"
"HDAC1","EPHA2","SPAG5"
"HDAC1","PTPRR","SPAG5"
"HDAC1","BDKRB2","SPAG5"
"HDAC1","FLT4","SPAG5"
"HDAC1","BMX","SPAG5"
"HDAC1","PTK2B","SPAG5"
"HDAC1","SNW1","SPAG5"
"HDAC1","NEK6","SPAG5"
"HDAC1","PRKCI","SPAG5"
"HDAC1","CTNND1","SPAG5"
"HDAC1","PIN1","SPAG5"
"HDAC1","PARD6A","SPAG5"
"HDAC1","CEP192","SPAG5"
"HDAC1","GAB1","SPAG5"
"HDAC1","PTPRA","SPAG5"
"HDAC1","GRIP1","SPAG5"
"HDAC1","ESR1","SPAG5"
"HDAC1","ARRB2","SPAG5"
"HDAC1","INPP5D","SPAG5"
"HDAC1","GAB2","SPAG5"
"HDAC1","EZH2","SPAG5"
"HDAC1","BCR-Dk","SPAG5"
"HDAC1","BCAR1","SPAG5"
"HDAC1","BCR-Ml","SPAG5"
"HDAC1","NOTCH","SPAG5"
"HDAC1","NCOA1","SPAG5"
"HDAC1","FERMT2","SPAG5"
"HDAC1","ZMIZ1","SPAG5"
"HDAC1","TAB3","SPAG5"
"HDAC1","NPM1","SPAG5"
"HDAC1","GCSAM","SPAG5"
"HDAC1","OPTN","SPAG5"
"HDAC1","SPRY2","SPAG5"
"HDAC1","BCR-Dl","SPAG5"
"HDAC1","DDX58","SPAG5"
"HDAC1","ROR2","SPAG5"
"HDAC1","IFIH1","SPAG5"
"HDAC1","SH2B3","SPAG5"
"HDAC1","DAB1","SPAG5"
"HDAC1","BCR-Mk","SPAG5"
"HDAC1","PLCG2","SPAG5"
"HDAC1","CHUK","AHR"
"HDAC1","SRC","AHR"
"HDAC1","RPS6KA2","AHR"
"HDAC1","PTEN","AHR"
"HDAC1","MAPK8","AHR"
"HDAC1","MTOR","AHR"
"HDAC1","AKT1","AHR"
"HDAC1","PRKCD","AHR"
"HDAC1","MAPK1","AHR"
"HDAC1","PTPN1","AHR"
"HDAC1","Gbeta","AHR"
"HDAC1","KRAS","AHR"
"HDAC1","KIT","AHR"
"HDAC1","PTPRJ","AHR"
"HDAC1","RPS6KB1","AHR"
"HDAC1","EIF2AK2","AHR"
"HDAC1","PDPK1","AHR"
"HDAC1","MAML3","AHR"
"HDAC1","MAP3K14","AHR"
"HDAC1","MAP2K1","AHR"
"HDAC1","TGFBR2","AHR"
"HDAC1","PAK2","AHR"
"HDAC1","PPP1R2","AHR"
"HDAC1","CDK5","AHR"
"HDAC1","AKT","AHR"
"HDAC1","MAPK9","AHR"
"HDAC1","WWTR1","AHR"
"HDAC1","RACK1","AHR"
"HDAC1","DAPK1","AHR"
"HDAC1","PXN","AHR"
"HDAC1","PRKD1","AHR"
"HDAC1","ABL2","AHR"
"HDAC1","FBXW7","AHR"
"HDAC1","ITK","AHR"
"HDAC1","NCK1","AHR"
"HDAC1","AHSA1","AHR"
"HDAC1","BTK","AHR"
"HDAC1","TNK2","AHR"
"HDAC1","YAP1","AHR"
"HDAC1","CD19","AHR"
"HDAC1","STAT1","AHR"
"HDAC1","HSP90AB1","AHR"
"HDAC1","DVL2","AHR"
"HDAC1","MAP2K2","AHR"
"HDAC1","MAPK10","AHR"
"HDAC1","DYRK1B","AHR"
"HDAC1","MEK1/2","AHR"
"HDAC1","JAK1","AHR"
"HDAC1","PTPN7","AHR"
"HDAC1","CDKN2A","AHR"
"HDAC1","MAP4K1","AHR"
"HDAC1","EPS15","AHR"
"HDAC1","IKK-complex","AHR"
"HDAC1","SHC1","AHR"
"HDAC1","MAPK8IP3","AHR"
"HDAC1","AXIN1","AHR"
"HDAC1","MAPKAPK5","AHR"
"HDAC1","DUSP16","AHR"
"HDAC1","EPHA2","AHR"
"HDAC1","PTPRR","AHR"
"HDAC1","BDKRB2","AHR"
"HDAC1","FLT4","AHR"
"HDAC1","BMX","AHR"
"HDAC1","PTK2B","AHR"
"HDAC1","SNW1","AHR"
"HDAC1","NEK6","AHR"
"HDAC1","PRKCI","AHR"
"HDAC1","CTNND1","AHR"
"HDAC1","PIN1","AHR"
"HDAC1","PARD6A","AHR"
"HDAC1","CEP192","AHR"
"HDAC1","GAB1","AHR"
"HDAC1","PTPRA","AHR"
"HDAC1","GRIP1","AHR"
"HDAC1","ESR1","AHR"
"HDAC1","ARRB2","AHR"
"HDAC1","INPP5D","AHR"
"HDAC1","GAB2","AHR"
"HDAC1","EZH2","AHR"
"HDAC1","BCR-Dk","AHR"
"HDAC1","BCAR1","AHR"
"HDAC1","BCR-Ml","AHR"
"HDAC1","NOTCH","AHR"
"HDAC1","NCOA1","AHR"
"HDAC1","FERMT2","AHR"
"HDAC1","ZMIZ1","AHR"
"HDAC1","TAB3","AHR"
"HDAC1","NPM1","AHR"
"HDAC1","GCSAM","AHR"
"HDAC1","OPTN","AHR"
"HDAC1","SPRY2","AHR"
"HDAC1","BCR-Dl","AHR"
"HDAC1","DDX58","AHR"
"HDAC1","ROR2","AHR"
"HDAC1","IFIH1","AHR"
"HDAC1","SH2B3","AHR"
"HDAC1","DAB1","AHR"
"HDAC1","BCR-Mk","AHR"
"HDAC1","PLCG2","AHR"
"HDAC1","CHUK","KRT20"
"HDAC1","SRC","KRT20"
"HDAC1","RPS6KA2","KRT20"
"HDAC1","PTEN","KRT20"
"HDAC1","MAPK8","KRT20"
"HDAC1","MTOR","KRT20"
"HDAC1","AKT1","KRT20"
"HDAC1","PRKCD","KRT20"
"HDAC1","MAPK1","KRT20"
"HDAC1","PTPN1","KRT20"
"HDAC1","Gbeta","KRT20"
"HDAC1","KRAS","KRT20"
"HDAC1","KIT","KRT20"
"HDAC1","PTPRJ","KRT20"
"HDAC1","RPS6KB1","KRT20"
"HDAC1","EIF2AK2","KRT20"
"HDAC1","PDPK1","KRT20"
"HDAC1","MAML3","KRT20"
"HDAC1","MAP3K14","KRT20"
"HDAC1","MAP2K1","KRT20"
"HDAC1","GSK3B","KRT20"
"HDAC1","TGFBR2","KRT20"
"HDAC1","PAK2","KRT20"
"HDAC1","PPP1R2","KRT20"
"HDAC1","CDK5","KRT20"
"HDAC1","AKT","KRT20"
"HDAC1","MAPK9","KRT20"
"HDAC1","WWTR1","KRT20"
"HDAC1","RACK1","KRT20"
"HDAC1","DAPK1","KRT20"
"HDAC1","PXN","KRT20"
"HDAC1","PRKD1","KRT20"
"HDAC1","ABL2","KRT20"
"HDAC1","FBXW7","KRT20"
"HDAC1","ITK","KRT20"
"HDAC1","NCK1","KRT20"
"HDAC1","AHSA1","KRT20"
"HDAC1","BTK","KRT20"
"HDAC1","TNK2","KRT20"
"HDAC1","YAP1","KRT20"
"HDAC1","CD19","KRT20"
"HDAC1","STAT1","KRT20"
"HDAC1","HSP90AB1","KRT20"
"HDAC1","DVL2","KRT20"
"HDAC1","MAP2K2","KRT20"
"HDAC1","MAPK10","KRT20"
"HDAC1","DYRK1B","KRT20"
"HDAC1","MEK1/2","KRT20"
"HDAC1","JAK1","KRT20"
"HDAC1","PTPN7","KRT20"
"HDAC1","CDKN2A","KRT20"
"HDAC1","MAP4K1","KRT20"
"HDAC1","EPS15","KRT20"
"HDAC1","IKK-complex","KRT20"
"HDAC1","SHC1","KRT20"
"HDAC1","MAPK8IP3","KRT20"
"HDAC1","AXIN1","KRT20"
"HDAC1","MAPKAPK5","KRT20"
"HDAC1","DUSP16","KRT20"
"HDAC1","EPHA2","KRT20"
"HDAC1","PTPRR","KRT20"
"HDAC1","BDKRB2","KRT20"
"HDAC1","FLT4","KRT20"
"HDAC1","BMX","KRT20"
"HDAC1","PTK2B","KRT20"
"HDAC1","SNW1","KRT20"
"HDAC1","NEK6","KRT20"
"HDAC1","PRKCI","KRT20"
"HDAC1","CTNND1","KRT20"
"HDAC1","PIN1","KRT20"
"HDAC1","PARD6A","KRT20"
"HDAC1","CEP192","KRT20"
"HDAC1","GAB1","KRT20"
"HDAC1","PTPRA","KRT20"
"HDAC1","GRIP1","KRT20"
"HDAC1","ESR1","KRT20"
"HDAC1","ARRB2","KRT20"
"HDAC1","INPP5D","KRT20"
"HDAC1","GAB2","KRT20"
"HDAC1","EZH2","KRT20"
"HDAC1","BCR-Dk","KRT20"
"HDAC1","BCAR1","KRT20"
"HDAC1","BCR-Ml","KRT20"
"HDAC1","NOTCH","KRT20"
"HDAC1","NCOA1","KRT20"
"HDAC1","FERMT2","KRT20"
"HDAC1","ZMIZ1","KRT20"
"HDAC1","TAB3","KRT20"
"HDAC1","NPM1","KRT20"
"HDAC1","GCSAM","KRT20"
"HDAC1","OPTN","KRT20"
"HDAC1","SPRY2","KRT20"
"HDAC1","BCR-Dl","KRT20"
"HDAC1","DDX58","KRT20"
"HDAC1","ROR2","KRT20"
"HDAC1","IFIH1","KRT20"
"HDAC1","SH2B3","KRT20"
"HDAC1","DAB1","KRT20"
"HDAC1","BCR-Mk","KRT20"
"HDAC1","PLCG2","KRT20"
"HDAC1","CHUK","NKX2-1"
"HDAC1","SRC","NKX2-1"
"HDAC1","RPS6KA2","NKX2-1"
"HDAC1","PTEN","NKX2-1"
"HDAC1","MAPK8","NKX2-1"
"HDAC1","MTOR","NKX2-1"
"HDAC1","AKT1","NKX2-1"
"HDAC1","PRKCD","NKX2-1"
"HDAC1","MAPK1","NKX2-1"
"HDAC1","PTPN1","NKX2-1"
"HDAC1","Gbeta","NKX2-1"
"HDAC1","KRAS","NKX2-1"
"HDAC1","KIT","NKX2-1"
"HDAC1","PTPRJ","NKX2-1"
"HDAC1","RPS6KB1","NKX2-1"
"HDAC1","EIF2AK2","NKX2-1"
"HDAC1","PDPK1","NKX2-1"
"HDAC1","MAML3","NKX2-1"
"HDAC1","MAP3K14","NKX2-1"
"HDAC1","MAP2K1","NKX2-1"
"HDAC1","GSK3B","NKX2-1"
"HDAC1","TGFBR2","NKX2-1"
"HDAC1","PAK2","NKX2-1"
"HDAC1","PPP1R2","NKX2-1"
"HDAC1","CDK5","NKX2-1"
"HDAC1","AKT","NKX2-1"
"HDAC1","MAPK9","NKX2-1"
"HDAC1","WWTR1","NKX2-1"
"HDAC1","RACK1","NKX2-1"
"HDAC1","DAPK1","NKX2-1"
"HDAC1","PXN","NKX2-1"
"HDAC1","PRKD1","NKX2-1"
"HDAC1","ABL2","NKX2-1"
"HDAC1","FBXW7","NKX2-1"
"HDAC1","ITK","NKX2-1"
"HDAC1","NCK1","NKX2-1"
"HDAC1","AHSA1","NKX2-1"
"HDAC1","BTK","NKX2-1"
"HDAC1","TNK2","NKX2-1"
"HDAC1","YAP1","NKX2-1"
"HDAC1","CD19","NKX2-1"
"HDAC1","STAT1","NKX2-1"
"HDAC1","HSP90AB1","NKX2-1"
"HDAC1","DVL2","NKX2-1"
"HDAC1","MAP2K2","NKX2-1"
"HDAC1","MAPK10","NKX2-1"
"HDAC1","DYRK1B","NKX2-1"
"HDAC1","MEK1/2","NKX2-1"
"HDAC1","JAK1","NKX2-1"
"HDAC1","PTPN7","NKX2-1"
"HDAC1","CDKN2A","NKX2-1"
"HDAC1","MAP4K1","NKX2-1"
"HDAC1","EPS15","NKX2-1"
"HDAC1","IKK-complex","NKX2-1"
"HDAC1","SHC1","NKX2-1"
"HDAC1","MAPK8IP3","NKX2-1"
"HDAC1","AXIN1","NKX2-1"
"HDAC1","MAPKAPK5","NKX2-1"
"HDAC1","DUSP16","NKX2-1"
"HDAC1","EPHA2","NKX2-1"
"HDAC1","MAP3K8","NKX2-1"
"HDAC1","PTPRR","NKX2-1"
"HDAC1","BDKRB2","NKX2-1"
"HDAC1","FLT4","NKX2-1"
"HDAC1","BMX","NKX2-1"
"HDAC1","PTK2B","NKX2-1"
"HDAC1","SNW1","NKX2-1"
"HDAC1","NEK6","NKX2-1"
"HDAC1","PRKCI","NKX2-1"
"HDAC1","CTNND1","NKX2-1"
"HDAC1","PIN1","NKX2-1"
"HDAC1","PARD6A","NKX2-1"
"HDAC1","CEP192","NKX2-1"
"HDAC1","GAB1","NKX2-1"
"HDAC1","PTPRA","NKX2-1"
"HDAC1","GRIP1","NKX2-1"
"HDAC1","ESR1","NKX2-1"
"HDAC1","ARRB2","NKX2-1"
"HDAC1","INPP5D","NKX2-1"
"HDAC1","GAB2","NKX2-1"
"HDAC1","EZH2","NKX2-1"
"HDAC1","BCR-Dk","NKX2-1"
"HDAC1","BCAR1","NKX2-1"
"HDAC1","BCR-Ml","NKX2-1"
"HDAC1","NOTCH","NKX2-1"
"HDAC1","NCOA1","NKX2-1"
"HDAC1","FERMT2","NKX2-1"
"HDAC1","ZMIZ1","NKX2-1"
"HDAC1","TAB3","NKX2-1"
"HDAC1","NPM1","NKX2-1"
"HDAC1","GCSAM","NKX2-1"
"HDAC1","OPTN","NKX2-1"
"HDAC1","SPRY2","NKX2-1"
"HDAC1","BCR-Dl","NKX2-1"
"HDAC1","DDX58","NKX2-1"
"HDAC1","ROR2","NKX2-1"
"HDAC1","IFIH1","NKX2-1"
"HDAC1","SH2B3","NKX2-1"
"HDAC1","DAB1","NKX2-1"
"HDAC1","BCR-Mk","NKX2-1"
"HDAC1","PLCG2","NKX2-1"
"HDAC1","CHUK","WBP2"
"HDAC1","RPS6KA2","WBP2"
"HDAC1","PTEN","WBP2"
"HDAC1","MAPK8","WBP2"
"HDAC1","MTOR","WBP2"
"HDAC1","AKT1","WBP2"
"HDAC1","PRKCD","WBP2"
"HDAC1","MAPK1","WBP2"
"HDAC1","PTPN1","WBP2"
"HDAC1","Gbeta","WBP2"
"HDAC1","KRAS","WBP2"
"HDAC1","KIT","WBP2"
"HDAC1","PTPRJ","WBP2"
"HDAC1","RPS6KB1","WBP2"
"HDAC1","EIF2AK2","WBP2"
"HDAC1","PDPK1","WBP2"
"HDAC1","MAML3","WBP2"
"HDAC1","MAP3K14","WBP2"
"HDAC1","MAP2K1","WBP2"
"HDAC1","GSK3B","WBP2"
"HDAC1","TGFBR2","WBP2"
"HDAC1","PAK2","WBP2"
"HDAC1","PPP1R2","WBP2"
"HDAC1","CDK5","WBP2"
"HDAC1","AKT","WBP2"
"HDAC1","MAPK9","WBP2"
"HDAC1","WWTR1","WBP2"
"HDAC1","RACK1","WBP2"
"HDAC1","DAPK1","WBP2"
"HDAC1","PXN","WBP2"
"HDAC1","PRKD1","WBP2"
"HDAC1","ABL2","WBP2"
"HDAC1","FBXW7","WBP2"
"HDAC1","ITK","WBP2"
"HDAC1","NCK1","WBP2"
"HDAC1","AHSA1","WBP2"
"HDAC1","BTK","WBP2"
"HDAC1","TNK2","WBP2"
"HDAC1","YAP1","WBP2"
"HDAC1","CD19","WBP2"
"HDAC1","STAT1","WBP2"
"HDAC1","HSP90AB1","WBP2"
"HDAC1","DVL2","WBP2"
"HDAC1","MAP2K2","WBP2"
"HDAC1","MAPK10","WBP2"
"HDAC1","DYRK1B","WBP2"
"HDAC1","MEK1/2","WBP2"
"HDAC1","JAK1","WBP2"
"HDAC1","PTPN7","WBP2"
"HDAC1","CDKN2A","WBP2"
"HDAC1","MAP4K1","WBP2"
"HDAC1","EPS15","WBP2"
"HDAC1","IKK-complex","WBP2"
"HDAC1","SHC1","WBP2"
"HDAC1","MAPK8IP3","WBP2"
"HDAC1","AXIN1","WBP2"
"HDAC1","MAPKAPK5","WBP2"
"HDAC1","DUSP16","WBP2"
"HDAC1","EPHA2","WBP2"
"HDAC1","MAP3K8","WBP2"
"HDAC1","PTPRR","WBP2"
"HDAC1","BDKRB2","WBP2"
"HDAC1","FLT4","WBP2"
"HDAC1","BMX","WBP2"
"HDAC1","PTK2B","WBP2"
"HDAC1","SNW1","WBP2"
"HDAC1","NEK6","WBP2"
"HDAC1","PRKCI","WBP2"
"HDAC1","CTNND1","WBP2"
"HDAC1","PIN1","WBP2"
"HDAC1","PARD6A","WBP2"
"HDAC1","CEP192","WBP2"
"HDAC1","GAB1","WBP2"
"HDAC1","PTPRA","WBP2"
"HDAC1","GRIP1","WBP2"
"HDAC1","ESR1","WBP2"
"HDAC1","ARRB2","WBP2"
"HDAC1","INPP5D","WBP2"
"HDAC1","GAB2","WBP2"
"HDAC1","EZH2","WBP2"
"HDAC1","BCR-Dk","WBP2"
"HDAC1","BCAR1","WBP2"
"HDAC1","BCR-Ml","WBP2"
"HDAC1","NOTCH","WBP2"
"HDAC1","NCOA1","WBP2"
"HDAC1","FERMT2","WBP2"
"HDAC1","ZMIZ1","WBP2"
"HDAC1","TAB3","WBP2"
"HDAC1","NPM1","WBP2"
"HDAC1","GCSAM","WBP2"
"HDAC1","OPTN","WBP2"
"HDAC1","SPRY2","WBP2"
"HDAC1","BCR-Dl","WBP2"
"HDAC1","DDX58","WBP2"
"HDAC1","ROR2","WBP2"
"HDAC1","IFIH1","WBP2"
"HDAC1","SH2B3","WBP2"
"HDAC1","DAB1","WBP2"
"HDAC1","BCR-Mk","WBP2"
"HDAC1","PLCG2","WBP2"
"HDAC1","CHUK","NOS2"
"HDAC1","SRC","NOS2"
"HDAC1","RPS6KA2","NOS2"
"HDAC1","PTEN","NOS2"
"HDAC1","MAPK8","NOS2"
"HDAC1","MTOR","NOS2"
"HDAC1","AKT1","NOS2"
"HDAC1","PRKCD","NOS2"
"HDAC1","MAPK1","NOS2"
"HDAC1","PTPN1","NOS2"
"HDAC1","Gbeta","NOS2"
"HDAC1","KRAS","NOS2"
"HDAC1","KIT","NOS2"
"HDAC1","PTPRJ","NOS2"
"HDAC1","RPS6KB1","NOS2"
"HDAC1","EIF2AK2","NOS2"
"HDAC1","PDPK1","NOS2"
"HDAC1","MAML3","NOS2"
"HDAC1","MAP3K14","NOS2"
"HDAC1","MAP2K1","NOS2"
"HDAC1","GSK3B","NOS2"
"HDAC1","TGFBR2","NOS2"
"HDAC1","PAK2","NOS2"
"HDAC1","PPP1R2","NOS2"
"HDAC1","CDK5","NOS2"
"HDAC1","AKT","NOS2"
"HDAC1","MAPK9","NOS2"
"HDAC1","WWTR1","NOS2"
"HDAC1","RACK1","NOS2"
"HDAC1","DAPK1","NOS2"
"HDAC1","PXN","NOS2"
"HDAC1","PRKD1","NOS2"
"HDAC1","ABL2","NOS2"
"HDAC1","FBXW7","NOS2"
"HDAC1","ITK","NOS2"
"HDAC1","NCK1","NOS2"
"HDAC1","AHSA1","NOS2"
"HDAC1","BTK","NOS2"
"HDAC1","TNK2","NOS2"
"HDAC1","YAP1","NOS2"
"HDAC1","CD19","NOS2"
"HDAC1","STAT1","NOS2"
"HDAC1","HSP90AB1","NOS2"
"HDAC1","DVL2","NOS2"
"HDAC1","MAP2K2","NOS2"
"HDAC1","MAPK10","NOS2"
"HDAC1","DYRK1B","NOS2"
"HDAC1","MEK1/2","NOS2"
"HDAC1","JAK1","NOS2"
"HDAC1","PTPN7","NOS2"
"HDAC1","CDKN2A","NOS2"
"HDAC1","MAP4K1","NOS2"
"HDAC1","EPS15","NOS2"
"HDAC1","IKK-complex","NOS2"
"HDAC1","SHC1","NOS2"
"HDAC1","MAPK8IP3","NOS2"
"HDAC1","AXIN1","NOS2"
"HDAC1","MAPKAPK5","NOS2"
"HDAC1","DUSP16","NOS2"
"HDAC1","EPHA2","NOS2"
"HDAC1","MAP3K8","NOS2"
"HDAC1","PTPRR","NOS2"
"HDAC1","BDKRB2","NOS2"
"HDAC1","FLT4","NOS2"
"HDAC1","BMX","NOS2"
"HDAC1","PTK2B","NOS2"
"HDAC1","SNW1","NOS2"
"HDAC1","NEK6","NOS2"
"HDAC1","PRKCI","NOS2"
"HDAC1","CTNND1","NOS2"
"HDAC1","PIN1","NOS2"
"HDAC1","PARD6A","NOS2"
"HDAC1","CEP192","NOS2"
"HDAC1","GAB1","NOS2"
"HDAC1","PTPRA","NOS2"
"HDAC1","GRIP1","NOS2"
"HDAC1","ESR1","NOS2"
"HDAC1","ARRB2","NOS2"
"HDAC1","INPP5D","NOS2"
"HDAC1","GAB2","NOS2"
"HDAC1","EZH2","NOS2"
"HDAC1","BCR-Dk","NOS2"
"HDAC1","BCAR1","NOS2"
"HDAC1","BCR-Ml","NOS2"
"HDAC1","NOTCH","NOS2"
"HDAC1","NCOA1","NOS2"
"HDAC1","FERMT2","NOS2"
"HDAC1","ZMIZ1","NOS2"
"HDAC1","TAB3","NOS2"
"HDAC1","NPM1","NOS2"
"HDAC1","GCSAM","NOS2"
"HDAC1","OPTN","NOS2"
"HDAC1","SPRY2","NOS2"
"HDAC1","BCR-Dl","NOS2"
"HDAC1","DDX58","NOS2"
"HDAC1","ROR2","NOS2"
"HDAC1","IFIH1","NOS2"
"HDAC1","SH2B3","NOS2"
"HDAC1","DAB1","NOS2"
"HDAC1","BCR-Mk","NOS2"
"HDAC1","PLCG2","NOS2"
"HDAC1","CHUK","USP16"
"HDAC1","SRC","USP16"
"HDAC1","RPS6KA2","USP16"
"HDAC1","PTEN","USP16"
"HDAC1","MAPK8","USP16"
"HDAC1","MTOR","USP16"
"HDAC1","AKT1","USP16"
"HDAC1","PRKCD","USP16"
"HDAC1","MAPK1","USP16"
"HDAC1","PTPN1","USP16"
"HDAC1","Gbeta","USP16"
"HDAC1","KRAS","USP16"
"HDAC1","KIT","USP16"
"HDAC1","PTPRJ","USP16"
"HDAC1","RPS6KB1","USP16"
"HDAC1","EIF2AK2","USP16"
"HDAC1","PDPK1","USP16"
"HDAC1","MAML3","USP16"
"HDAC1","MAP3K14","USP16"
"HDAC1","MAP2K1","USP16"
"HDAC1","GSK3B","USP16"
"HDAC1","TGFBR2","USP16"
"HDAC1","PAK2","USP16"
"HDAC1","PPP1R2","USP16"
"HDAC1","CDK5","USP16"
"HDAC1","AKT","USP16"
"HDAC1","MAPK9","USP16"
"HDAC1","WWTR1","USP16"
"HDAC1","RACK1","USP16"
"HDAC1","DAPK1","USP16"
"HDAC1","PXN","USP16"
"HDAC1","PRKD1","USP16"
"HDAC1","ABL2","USP16"
"HDAC1","FBXW7","USP16"
"HDAC1","ITK","USP16"
"HDAC1","NCK1","USP16"
"HDAC1","AHSA1","USP16"
"HDAC1","BTK","USP16"
"HDAC1","TNK2","USP16"
"HDAC1","YAP1","USP16"
"HDAC1","CD19","USP16"
"HDAC1","STAT1","USP16"
"HDAC1","HSP90AB1","USP16"
"HDAC1","DVL2","USP16"
"HDAC1","MAP2K2","USP16"
"HDAC1","MAPK10","USP16"
"HDAC1","DYRK1B","USP16"
"HDAC1","MEK1/2","USP16"
"HDAC1","JAK1","USP16"
"HDAC1","PTPN7","USP16"
"HDAC1","CDKN2A","USP16"
"HDAC1","MAP4K1","USP16"
"HDAC1","EPS15","USP16"
"HDAC1","IKK-complex","USP16"
"HDAC1","SHC1","USP16"
"HDAC1","MAPK8IP3","USP16"
"HDAC1","AXIN1","USP16"
"HDAC1","MAPKAPK5","USP16"
"HDAC1","DUSP16","USP16"
"HDAC1","EPHA2","USP16"
"HDAC1","PTPRR","USP16"
"HDAC1","BDKRB2","USP16"
"HDAC1","FLT4","USP16"
"HDAC1","BMX","USP16"
"HDAC1","PTK2B","USP16"
"HDAC1","SNW1","USP16"
"HDAC1","NEK6","USP16"
"HDAC1","PRKCI","USP16"
"HDAC1","CTNND1","USP16"
"HDAC1","PIN1","USP16"
"HDAC1","PARD6A","USP16"
"HDAC1","CEP192","USP16"
"HDAC1","GAB1","USP16"
"HDAC1","PTPRA","USP16"
"HDAC1","GRIP1","USP16"
"HDAC1","ESR1","USP16"
"HDAC1","ARRB2","USP16"
"HDAC1","INPP5D","USP16"
"HDAC1","GAB2","USP16"
"HDAC1","EZH2","USP16"
"HDAC1","BCR-Dk","USP16"
"HDAC1","BCAR1","USP16"
"HDAC1","BCR-Ml","USP16"
"HDAC1","NOTCH","USP16"
"HDAC1","NCOA1","USP16"
"HDAC1","FERMT2","USP16"
"HDAC1","ZMIZ1","USP16"
"HDAC1","TAB3","USP16"
"HDAC1","NPM1","USP16"
"HDAC1","GCSAM","USP16"
"HDAC1","OPTN","USP16"
"HDAC1","SPRY2","USP16"
"HDAC1","BCR-Dl","USP16"
"HDAC1","DDX58","USP16"
"HDAC1","ROR2","USP16"
"HDAC1","IFIH1","USP16"
"HDAC1","SH2B3","USP16"
"HDAC1","DAB1","USP16"
"HDAC1","BCR-Mk","USP16"
"HDAC1","PLCG2","USP16"
"HDAC1","CHUK","KDM4B"
"HDAC1","SRC","KDM4B"
"HDAC1","RPS6KA2","KDM4B"
"HDAC1","PTEN","KDM4B"
"HDAC1","MAPK8","KDM4B"
"HDAC1","MTOR","KDM4B"
"HDAC1","AKT1","KDM4B"
"HDAC1","PRKCD","KDM4B"
"HDAC1","PTPN1","KDM4B"
"HDAC1","Gbeta","KDM4B"
"HDAC1","KRAS","KDM4B"
"HDAC1","KIT","KDM4B"
"HDAC1","PTPRJ","KDM4B"
"HDAC1","RPS6KB1","KDM4B"
"HDAC1","EIF2AK2","KDM4B"
"HDAC1","PDPK1","KDM4B"
"HDAC1","MAML3","KDM4B"
"HDAC1","MAP3K14","KDM4B"
"HDAC1","MAP2K1","KDM4B"
"HDAC1","GSK3B","KDM4B"
"HDAC1","TGFBR2","KDM4B"
"HDAC1","PAK2","KDM4B"
"HDAC1","PPP1R2","KDM4B"
"HDAC1","CDK5","KDM4B"
"HDAC1","AKT","KDM4B"
"HDAC1","MAPK9","KDM4B"
"HDAC1","WWTR1","KDM4B"
"HDAC1","RACK1","KDM4B"
"HDAC1","DAPK1","KDM4B"
"HDAC1","PXN","KDM4B"
"HDAC1","PRKD1","KDM4B"
"HDAC1","ABL2","KDM4B"
"HDAC1","FBXW7","KDM4B"
"HDAC1","ITK","KDM4B"
"HDAC1","NCK1","KDM4B"
"HDAC1","AHSA1","KDM4B"
"HDAC1","BTK","KDM4B"
"HDAC1","TNK2","KDM4B"
"HDAC1","YAP1","KDM4B"
"HDAC1","CD19","KDM4B"
"HDAC1","STAT1","KDM4B"
"HDAC1","HSP90AB1","KDM4B"
"HDAC1","DVL2","KDM4B"
"HDAC1","MAP2K2","KDM4B"
"HDAC1","MAPK10","KDM4B"
"HDAC1","DYRK1B","KDM4B"
"HDAC1","MEK1/2","KDM4B"
"HDAC1","JAK1","KDM4B"
"HDAC1","PTPN7","KDM4B"
"HDAC1","CDKN2A","KDM4B"
"HDAC1","MAP4K1","KDM4B"
"HDAC1","EPS15","KDM4B"
"HDAC1","IKK-complex","KDM4B"
"HDAC1","SHC1","KDM4B"
"HDAC1","MAPK8IP3","KDM4B"
"HDAC1","AXIN1","KDM4B"
"HDAC1","MAPKAPK5","KDM4B"
"HDAC1","DUSP16","KDM4B"
"HDAC1","EPHA2","KDM4B"
"HDAC1","PTPRR","KDM4B"
"HDAC1","BDKRB2","KDM4B"
"HDAC1","FLT4","KDM4B"
"HDAC1","BMX","KDM4B"
"HDAC1","PTK2B","KDM4B"
"HDAC1","SNW1","KDM4B"
"HDAC1","NEK6","KDM4B"
"HDAC1","PRKCI","KDM4B"
"HDAC1","CTNND1","KDM4B"
"HDAC1","PIN1","KDM4B"
"HDAC1","PARD6A","KDM4B"
"HDAC1","CEP192","KDM4B"
"HDAC1","GAB1","KDM4B"
"HDAC1","PTPRA","KDM4B"
"HDAC1","GRIP1","KDM4B"
"HDAC1","ESR1","KDM4B"
"HDAC1","ARRB2","KDM4B"
"HDAC1","INPP5D","KDM4B"
"HDAC1","GAB2","KDM4B"
"HDAC1","EZH2","KDM4B"
"HDAC1","BCR-Dk","KDM4B"
"HDAC1","BCAR1","KDM4B"
"HDAC1","BCR-Ml","KDM4B"
"HDAC1","NOTCH","KDM4B"
"HDAC1","NCOA1","KDM4B"
"HDAC1","FERMT2","KDM4B"
"HDAC1","ZMIZ1","KDM4B"
"HDAC1","TAB3","KDM4B"
"HDAC1","NPM1","KDM4B"
"HDAC1","GCSAM","KDM4B"
"HDAC1","OPTN","KDM4B"
"HDAC1","SPRY2","KDM4B"
"HDAC1","BCR-Dl","KDM4B"
"HDAC1","DDX58","KDM4B"
"HDAC1","ROR2","KDM4B"
"HDAC1","IFIH1","KDM4B"
"HDAC1","SH2B3","KDM4B"
"HDAC1","DAB1","KDM4B"
"HDAC1","BCR-Mk","KDM4B"
"HDAC1","PLCG2","KDM4B"
"HDAC1","CHUK","RAD52"
"HDAC1","SRC","RAD52"
"HDAC1","RPS6KA2","RAD52"
"HDAC1","PTEN","RAD52"
"HDAC1","MAPK8","RAD52"
"HDAC1","MTOR","RAD52"
"HDAC1","AKT1","RAD52"
"HDAC1","PRKCD","RAD52"
"HDAC1","MAPK1","RAD52"
"HDAC1","PTPN1","RAD52"
"HDAC1","Gbeta","RAD52"
"HDAC1","KRAS","RAD52"
"HDAC1","KIT","RAD52"
"HDAC1","PTPRJ","RAD52"
"HDAC1","RPS6KB1","RAD52"
"HDAC1","EIF2AK2","RAD52"
"HDAC1","PDPK1","RAD52"
"HDAC1","MAML3","RAD52"
"HDAC1","MAP3K14","RAD52"
"HDAC1","MAP2K1","RAD52"
"HDAC1","GSK3B","RAD52"
"HDAC1","TGFBR2","RAD52"
"HDAC1","PAK2","RAD52"
"HDAC1","PPP1R2","RAD52"
"HDAC1","CDK5","RAD52"
"HDAC1","AKT","RAD52"
"HDAC1","MAPK9","RAD52"
"HDAC1","WWTR1","RAD52"
"HDAC1","RACK1","RAD52"
"HDAC1","DAPK1","RAD52"
"HDAC1","PXN","RAD52"
"HDAC1","PRKD1","RAD52"
"HDAC1","ABL2","RAD52"
"HDAC1","FBXW7","RAD52"
"HDAC1","ITK","RAD52"
"HDAC1","NCK1","RAD52"
"HDAC1","AHSA1","RAD52"
"HDAC1","BTK","RAD52"
"HDAC1","TNK2","RAD52"
"HDAC1","YAP1","RAD52"
"HDAC1","CD19","RAD52"
"HDAC1","STAT1","RAD52"
"HDAC1","HSP90AB1","RAD52"
"HDAC1","DVL2","RAD52"
"HDAC1","MAP2K2","RAD52"
"HDAC1","MAPK10","RAD52"
"HDAC1","DYRK1B","RAD52"
"HDAC1","MEK1/2","RAD52"
"HDAC1","JAK1","RAD52"
"HDAC1","PTPN7","RAD52"
"HDAC1","CDKN2A","RAD52"
"HDAC1","MAP4K1","RAD52"
"HDAC1","EPS15","RAD52"
"HDAC1","IKK-complex","RAD52"
"HDAC1","SHC1","RAD52"
"HDAC1","MAPK8IP3","RAD52"
"HDAC1","AXIN1","RAD52"
"HDAC1","MAPKAPK5","RAD52"
"HDAC1","DUSP16","RAD52"
"HDAC1","EPHA2","RAD52"
"HDAC1","MAP3K8","RAD52"
"HDAC1","PTPRR","RAD52"
"HDAC1","BDKRB2","RAD52"
"HDAC1","FLT4","RAD52"
"HDAC1","BMX","RAD52"
"HDAC1","PTK2B","RAD52"
"HDAC1","SNW1","RAD52"
"HDAC1","NEK6","RAD52"
"HDAC1","PRKCI","RAD52"
"HDAC1","CTNND1","RAD52"
"HDAC1","PIN1","RAD52"
"HDAC1","PARD6A","RAD52"
"HDAC1","CEP192","RAD52"
"HDAC1","GAB1","RAD52"
"HDAC1","PTPRA","RAD52"
"HDAC1","GRIP1","RAD52"
"HDAC1","ESR1","RAD52"
"HDAC1","ARRB2","RAD52"
"HDAC1","INPP5D","RAD52"
"HDAC1","GAB2","RAD52"
"HDAC1","EZH2","RAD52"
"HDAC1","BCR-Dk","RAD52"
"HDAC1","BCAR1","RAD52"
"HDAC1","BCR-Ml","RAD52"
"HDAC1","NOTCH","RAD52"
"HDAC1","NCOA1","RAD52"
"HDAC1","FERMT2","RAD52"
"HDAC1","ZMIZ1","RAD52"
"HDAC1","TAB3","RAD52"
"HDAC1","NPM1","RAD52"
"HDAC1","GCSAM","RAD52"
"HDAC1","OPTN","RAD52"
"HDAC1","SPRY2","RAD52"
"HDAC1","BCR-Dl","RAD52"
"HDAC1","DDX58","RAD52"
"HDAC1","ROR2","RAD52"
"HDAC1","IFIH1","RAD52"
"HDAC1","SH2B3","RAD52"
"HDAC1","DAB1","RAD52"
"HDAC1","BCR-Mk","RAD52"
"HDAC1","PLCG2","RAD52"
"HDAC1","CHUK","STIM1"
"HDAC1","SRC","STIM1"
"HDAC1","RPS6KA2","STIM1"
"HDAC1","PTEN","STIM1"
"HDAC1","MAPK8","STIM1"
"HDAC1","MTOR","STIM1"
"HDAC1","AKT1","STIM1"
"HDAC1","PRKCD","STIM1"
"HDAC1","PTPN1","STIM1"
"HDAC1","Gbeta","STIM1"
"HDAC1","KRAS","STIM1"
"HDAC1","KIT","STIM1"
"HDAC1","PTPRJ","STIM1"
"HDAC1","RPS6KB1","STIM1"
"HDAC1","EIF2AK2","STIM1"
"HDAC1","PDPK1","STIM1"
"HDAC1","MAML3","STIM1"
"HDAC1","MAP3K14","STIM1"
"HDAC1","MAP2K1","STIM1"
"HDAC1","GSK3B","STIM1"
"HDAC1","TGFBR2","STIM1"
"HDAC1","PAK2","STIM1"
"HDAC1","PPP1R2","STIM1"
"HDAC1","CDK5","STIM1"
"HDAC1","AKT","STIM1"
"HDAC1","MAPK9","STIM1"
"HDAC1","WWTR1","STIM1"
"HDAC1","RACK1","STIM1"
"HDAC1","DAPK1","STIM1"
"HDAC1","PXN","STIM1"
"HDAC1","PRKD1","STIM1"
"HDAC1","ABL2","STIM1"
"HDAC1","FBXW7","STIM1"
"HDAC1","ITK","STIM1"
"HDAC1","NCK1","STIM1"
"HDAC1","AHSA1","STIM1"
"HDAC1","BTK","STIM1"
"HDAC1","TNK2","STIM1"
"HDAC1","YAP1","STIM1"
"HDAC1","CD19","STIM1"
"HDAC1","STAT1","STIM1"
"HDAC1","HSP90AB1","STIM1"
"HDAC1","DVL2","STIM1"
"HDAC1","MAP2K2","STIM1"
"HDAC1","MAPK10","STIM1"
"HDAC1","DYRK1B","STIM1"
"HDAC1","MEK1/2","STIM1"
"HDAC1","JAK1","STIM1"
"HDAC1","PTPN7","STIM1"
"HDAC1","CDKN2A","STIM1"
"HDAC1","MAP4K1","STIM1"
"HDAC1","EPS15","STIM1"
"HDAC1","IKK-complex","STIM1"
"HDAC1","SHC1","STIM1"
"HDAC1","MAPK8IP3","STIM1"
"HDAC1","AXIN1","STIM1"
"HDAC1","MAPKAPK5","STIM1"
"HDAC1","DUSP16","STIM1"
"HDAC1","EPHA2","STIM1"
"HDAC1","PTPRR","STIM1"
"HDAC1","BDKRB2","STIM1"
"HDAC1","FLT4","STIM1"
"HDAC1","BMX","STIM1"
"HDAC1","PTK2B","STIM1"
"HDAC1","SNW1","STIM1"
"HDAC1","NEK6","STIM1"
"HDAC1","PRKCI","STIM1"
"HDAC1","CTNND1","STIM1"
"HDAC1","PIN1","STIM1"
"HDAC1","PARD6A","STIM1"
"HDAC1","CEP192","STIM1"
"HDAC1","GAB1","STIM1"
"HDAC1","PTPRA","STIM1"
"HDAC1","GRIP1","STIM1"
"HDAC1","ESR1","STIM1"
"HDAC1","ARRB2","STIM1"
"HDAC1","INPP5D","STIM1"
"HDAC1","GAB2","STIM1"
"HDAC1","EZH2","STIM1"
"HDAC1","BCR-Dk","STIM1"
"HDAC1","BCAR1","STIM1"
"HDAC1","BCR-Ml","STIM1"
"HDAC1","NOTCH","STIM1"
"HDAC1","NCOA1","STIM1"
"HDAC1","FERMT2","STIM1"
"HDAC1","ZMIZ1","STIM1"
"HDAC1","TAB3","STIM1"
"HDAC1","NPM1","STIM1"
"HDAC1","GCSAM","STIM1"
"HDAC1","OPTN","STIM1"
"HDAC1","SPRY2","STIM1"
"HDAC1","BCR-Dl","STIM1"
"HDAC1","DDX58","STIM1"
"HDAC1","ROR2","STIM1"
"HDAC1","IFIH1","STIM1"
"HDAC1","SH2B3","STIM1"
"HDAC1","DAB1","STIM1"
"HDAC1","BCR-Mk","STIM1"
"HDAC1","PLCG2","STIM1"
"HDAC1","CHUK","PLEKHG6"
"HDAC1","SRC","PLEKHG6"
"HDAC1","RPS6KA2","PLEKHG6"
"HDAC1","PTEN","PLEKHG6"
"HDAC1","MAPK8","PLEKHG6"
"HDAC1","MTOR","PLEKHG6"
"HDAC1","AKT1","PLEKHG6"
"HDAC1","PRKCD","PLEKHG6"
"HDAC1","MAPK1","PLEKHG6"
"HDAC1","PTPN1","PLEKHG6"
"HDAC1","Gbeta","PLEKHG6"
"HDAC1","KRAS","PLEKHG6"
"HDAC1","KIT","PLEKHG6"
"HDAC1","PTPRJ","PLEKHG6"
"HDAC1","RPS6KB1","PLEKHG6"
"HDAC1","EIF2AK2","PLEKHG6"
"HDAC1","PDPK1","PLEKHG6"
"HDAC1","MAML3","PLEKHG6"
"HDAC1","MAP3K14","PLEKHG6"
"HDAC1","MAP2K1","PLEKHG6"
"HDAC1","GSK3B","PLEKHG6"
"HDAC1","TGFBR2","PLEKHG6"
"HDAC1","PAK2","PLEKHG6"
"HDAC1","PPP1R2","PLEKHG6"
"HDAC1","CDK5","PLEKHG6"
"HDAC1","AKT","PLEKHG6"
"HDAC1","MAPK9","PLEKHG6"
"HDAC1","WWTR1","PLEKHG6"
"HDAC1","RACK1","PLEKHG6"
"HDAC1","DAPK1","PLEKHG6"
"HDAC1","PXN","PLEKHG6"
"HDAC1","PRKD1","PLEKHG6"
"HDAC1","ABL2","PLEKHG6"
"HDAC1","FBXW7","PLEKHG6"
"HDAC1","ITK","PLEKHG6"
"HDAC1","NCK1","PLEKHG6"
"HDAC1","AHSA1","PLEKHG6"
"HDAC1","BTK","PLEKHG6"
"HDAC1","TNK2","PLEKHG6"
"HDAC1","YAP1","PLEKHG6"
"HDAC1","CD19","PLEKHG6"
"HDAC1","STAT1","PLEKHG6"
"HDAC1","HSP90AB1","PLEKHG6"
"HDAC1","DVL2","PLEKHG6"
"HDAC1","MAP2K2","PLEKHG6"
"HDAC1","MAPK10","PLEKHG6"
"HDAC1","DYRK1B","PLEKHG6"
"HDAC1","MEK1/2","PLEKHG6"
"HDAC1","JAK1","PLEKHG6"
"HDAC1","PTPN7","PLEKHG6"
"HDAC1","CDKN2A","PLEKHG6"
"HDAC1","MAP4K1","PLEKHG6"
"HDAC1","EPS15","PLEKHG6"
"HDAC1","IKK-complex","PLEKHG6"
"HDAC1","SHC1","PLEKHG6"
"HDAC1","MAPK8IP3","PLEKHG6"
"HDAC1","AXIN1","PLEKHG6"
"HDAC1","MAPKAPK5","PLEKHG6"
"HDAC1","DUSP16","PLEKHG6"
"HDAC1","EPHA2","PLEKHG6"
"HDAC1","PTPRR","PLEKHG6"
"HDAC1","BDKRB2","PLEKHG6"
"HDAC1","FLT4","PLEKHG6"
"HDAC1","BMX","PLEKHG6"
"HDAC1","PTK2B","PLEKHG6"
"HDAC1","SNW1","PLEKHG6"
"HDAC1","NEK6","PLEKHG6"
"HDAC1","PRKCI","PLEKHG6"
"HDAC1","CTNND1","PLEKHG6"
"HDAC1","PIN1","PLEKHG6"
"HDAC1","PARD6A","PLEKHG6"
"HDAC1","CEP192","PLEKHG6"
"HDAC1","GAB1","PLEKHG6"
"HDAC1","PTPRA","PLEKHG6"
"HDAC1","GRIP1","PLEKHG6"
"HDAC1","ESR1","PLEKHG6"
"HDAC1","ARRB2","PLEKHG6"
"HDAC1","INPP5D","PLEKHG6"
"HDAC1","GAB2","PLEKHG6"
"HDAC1","EZH2","PLEKHG6"
"HDAC1","BCR-Dk","PLEKHG6"
"HDAC1","BCAR1","PLEKHG6"
"HDAC1","BCR-Ml","PLEKHG6"
"HDAC1","NOTCH","PLEKHG6"
"HDAC1","NCOA1","PLEKHG6"
"HDAC1","FERMT2","PLEKHG6"
"HDAC1","ZMIZ1","PLEKHG6"
"HDAC1","TAB3","PLEKHG6"
"HDAC1","NPM1","PLEKHG6"
"HDAC1","GCSAM","PLEKHG6"
"HDAC1","OPTN","PLEKHG6"
"HDAC1","SPRY2","PLEKHG6"
"HDAC1","BCR-Dl","PLEKHG6"
"HDAC1","DDX58","PLEKHG6"
"HDAC1","ROR2","PLEKHG6"
"HDAC1","IFIH1","PLEKHG6"
"HDAC1","SH2B3","PLEKHG6"
"HDAC1","DAB1","PLEKHG6"
"HDAC1","BCR-Mk","PLEKHG6"
"HDAC1","PLCG2","PLEKHG6"
"HDAC1","CHUK","MAGEA11"
"HDAC1","SRC","MAGEA11"
"HDAC1","RPS6KA2","MAGEA11"
"HDAC1","PTEN","MAGEA11"
"HDAC1","MAPK8","MAGEA11"
"HDAC1","MTOR","MAGEA11"
"HDAC1","AKT1","MAGEA11"
"HDAC1","PRKCD","MAGEA11"
"HDAC1","MAPK1","MAGEA11"
"HDAC1","PTPN1","MAGEA11"
"HDAC1","Gbeta","MAGEA11"
"HDAC1","KRAS","MAGEA11"
"HDAC1","KIT","MAGEA11"
"HDAC1","PTPRJ","MAGEA11"
"HDAC1","RPS6KB1","MAGEA11"
"HDAC1","EIF2AK2","MAGEA11"
"HDAC1","PDPK1","MAGEA11"
"HDAC1","MAML3","MAGEA11"
"HDAC1","MAP3K14","MAGEA11"
"HDAC1","MAP2K1","MAGEA11"
"HDAC1","GSK3B","MAGEA11"
"HDAC1","TGFBR2","MAGEA11"
"HDAC1","PAK2","MAGEA11"
"HDAC1","PPP1R2","MAGEA11"
"HDAC1","CDK5","MAGEA11"
"HDAC1","AKT","MAGEA11"
"HDAC1","MAPK9","MAGEA11"
"HDAC1","WWTR1","MAGEA11"
"HDAC1","RACK1","MAGEA11"
"HDAC1","DAPK1","MAGEA11"
"HDAC1","PXN","MAGEA11"
"HDAC1","PRKD1","MAGEA11"
"HDAC1","ABL2","MAGEA11"
"HDAC1","FBXW7","MAGEA11"
"HDAC1","ITK","MAGEA11"
"HDAC1","NCK1","MAGEA11"
"HDAC1","AHSA1","MAGEA11"
"HDAC1","BTK","MAGEA11"
"HDAC1","TNK2","MAGEA11"
"HDAC1","YAP1","MAGEA11"
"HDAC1","CD19","MAGEA11"
"HDAC1","STAT1","MAGEA11"
"HDAC1","HSP90AB1","MAGEA11"
"HDAC1","DVL2","MAGEA11"
"HDAC1","MAP2K2","MAGEA11"
"HDAC1","MAPK10","MAGEA11"
"HDAC1","DYRK1B","MAGEA11"
"HDAC1","MEK1/2","MAGEA11"
"HDAC1","JAK1","MAGEA11"
"HDAC1","PTPN7","MAGEA11"
"HDAC1","CDKN2A","MAGEA11"
"HDAC1","MAP4K1","MAGEA11"
"HDAC1","EPS15","MAGEA11"
"HDAC1","IKK-complex","MAGEA11"
"HDAC1","SHC1","MAGEA11"
"HDAC1","MAPK8IP3","MAGEA11"
"HDAC1","AXIN1","MAGEA11"
"HDAC1","MAPKAPK5","MAGEA11"
"HDAC1","DUSP16","MAGEA11"
"HDAC1","EPHA2","MAGEA11"
"HDAC1","PTPRR","MAGEA11"
"HDAC1","BDKRB2","MAGEA11"
"HDAC1","FLT4","MAGEA11"
"HDAC1","BMX","MAGEA11"
"HDAC1","PTK2B","MAGEA11"
"HDAC1","SNW1","MAGEA11"
"HDAC1","NEK6","MAGEA11"
"HDAC1","PRKCI","MAGEA11"
"HDAC1","CTNND1","MAGEA11"
"HDAC1","PIN1","MAGEA11"
"HDAC1","PARD6A","MAGEA11"
"HDAC1","CEP192","MAGEA11"
"HDAC1","GAB1","MAGEA11"
"HDAC1","PTPRA","MAGEA11"
"HDAC1","GRIP1","MAGEA11"
"HDAC1","ESR1","MAGEA11"
"HDAC1","ARRB2","MAGEA11"
"HDAC1","INPP5D","MAGEA11"
"HDAC1","GAB2","MAGEA11"
"HDAC1","EZH2","MAGEA11"
"HDAC1","BCR-Dk","MAGEA11"
"HDAC1","BCAR1","MAGEA11"
"HDAC1","BCR-Ml","MAGEA11"
"HDAC1","NOTCH","MAGEA11"
"HDAC1","NCOA1","MAGEA11"
"HDAC1","FERMT2","MAGEA11"
"HDAC1","ZMIZ1","MAGEA11"
"HDAC1","TAB3","MAGEA11"
"HDAC1","NPM1","MAGEA11"
"HDAC1","GCSAM","MAGEA11"
"HDAC1","OPTN","MAGEA11"
"HDAC1","SPRY2","MAGEA11"
"HDAC1","BCR-Dl","MAGEA11"
"HDAC1","DDX58","MAGEA11"
"HDAC1","ROR2","MAGEA11"
"HDAC1","IFIH1","MAGEA11"
"HDAC1","SH2B3","MAGEA11"
"HDAC1","DAB1","MAGEA11"
"HDAC1","BCR-Mk","MAGEA11"
"HDAC1","PLCG2","MAGEA11"
"HDAC1","CHUK","CELF2"
"HDAC1","RPS6KA2","CELF2"
"HDAC1","PTEN","CELF2"
"HDAC1","MAPK8","CELF2"
"HDAC1","MTOR","CELF2"
"HDAC1","AKT1","CELF2"
"HDAC1","PRKCD","CELF2"
"HDAC1","MAPK1","CELF2"
"HDAC1","PTPN1","CELF2"
"HDAC1","Gbeta","CELF2"
"HDAC1","KRAS","CELF2"
"HDAC1","KIT","CELF2"
"HDAC1","PTPRJ","CELF2"
"HDAC1","RPS6KB1","CELF2"
"HDAC1","EIF2AK2","CELF2"
"HDAC1","PDPK1","CELF2"
"HDAC1","MAML3","CELF2"
"HDAC1","MAP3K14","CELF2"
"HDAC1","MAP2K1","CELF2"
"HDAC1","GSK3B","CELF2"
"HDAC1","TGFBR2","CELF2"
"HDAC1","PAK2","CELF2"
"HDAC1","PPP1R2","CELF2"
"HDAC1","CDK5","CELF2"
"HDAC1","AKT","CELF2"
"HDAC1","MAPK9","CELF2"
"HDAC1","WWTR1","CELF2"
"HDAC1","RACK1","CELF2"
"HDAC1","DAPK1","CELF2"
"HDAC1","PXN","CELF2"
"HDAC1","PRKD1","CELF2"
"HDAC1","ABL2","CELF2"
"HDAC1","FBXW7","CELF2"
"HDAC1","ITK","CELF2"
"HDAC1","NCK1","CELF2"
"HDAC1","AHSA1","CELF2"
"HDAC1","BTK","CELF2"
"HDAC1","TNK2","CELF2"
"HDAC1","YAP1","CELF2"
"HDAC1","CD19","CELF2"
"HDAC1","STAT1","CELF2"
"HDAC1","HSP90AB1","CELF2"
"HDAC1","DVL2","CELF2"
"HDAC1","MAP2K2","CELF2"
"HDAC1","MAPK10","CELF2"
"HDAC1","DYRK1B","CELF2"
"HDAC1","MEK1/2","CELF2"
"HDAC1","JAK1","CELF2"
"HDAC1","PTPN7","CELF2"
"HDAC1","CDKN2A","CELF2"
"HDAC1","MAP4K1","CELF2"
"HDAC1","EPS15","CELF2"
"HDAC1","IKK-complex","CELF2"
"HDAC1","SHC1","CELF2"
"HDAC1","MAPK8IP3","CELF2"
"HDAC1","AXIN1","CELF2"
"HDAC1","MAPKAPK5","CELF2"
"HDAC1","DUSP16","CELF2"
"HDAC1","EPHA2","CELF2"
"HDAC1","MAP3K8","CELF2"
"HDAC1","PTPRR","CELF2"
"HDAC1","BDKRB2","CELF2"
"HDAC1","FLT4","CELF2"
"HDAC1","BMX","CELF2"
"HDAC1","PTK2B","CELF2"
"HDAC1","SNW1","CELF2"
"HDAC1","NEK6","CELF2"
"HDAC1","PRKCI","CELF2"
"HDAC1","CTNND1","CELF2"
"HDAC1","PIN1","CELF2"
"HDAC1","PARD6A","CELF2"
"HDAC1","CEP192","CELF2"
"HDAC1","GAB1","CELF2"
"HDAC1","PTPRA","CELF2"
"HDAC1","GRIP1","CELF2"
"HDAC1","ESR1","CELF2"
"HDAC1","ARRB2","CELF2"
"HDAC1","INPP5D","CELF2"
"HDAC1","GAB2","CELF2"
"HDAC1","EZH2","CELF2"
"HDAC1","BCR-Dk","CELF2"
"HDAC1","BCAR1","CELF2"
"HDAC1","BCR-Ml","CELF2"
"HDAC1","NOTCH","CELF2"
"HDAC1","NCOA1","CELF2"
"HDAC1","FERMT2","CELF2"
"HDAC1","ZMIZ1","CELF2"
"HDAC1","TAB3","CELF2"
"HDAC1","NPM1","CELF2"
"HDAC1","GCSAM","CELF2"
"HDAC1","OPTN","CELF2"
"HDAC1","SPRY2","CELF2"
"HDAC1","BCR-Dl","CELF2"
"HDAC1","DDX58","CELF2"
"HDAC1","ROR2","CELF2"
"HDAC1","IFIH1","CELF2"
"HDAC1","SH2B3","CELF2"
"HDAC1","DAB1","CELF2"
"HDAC1","BCR-Mk","CELF2"
"HDAC1","PLCG2","CELF2"
"HDAC1","CHUK","GPX1"
"HDAC1","SRC","GPX1"
"HDAC1","RPS6KA2","GPX1"
"HDAC1","PTEN","GPX1"
"HDAC1","MAPK8","GPX1"
"HDAC1","MTOR","GPX1"
"HDAC1","AKT1","GPX1"
"HDAC1","PRKCD","GPX1"
"HDAC1","MAPK1","GPX1"
"HDAC1","PTPN1","GPX1"
"HDAC1","Gbeta","GPX1"
"HDAC1","KRAS","GPX1"
"HDAC1","KIT","GPX1"
"HDAC1","PTPRJ","GPX1"
"HDAC1","RPS6KB1","GPX1"
"HDAC1","EIF2AK2","GPX1"
"HDAC1","PDPK1","GPX1"
"HDAC1","MAML3","GPX1"
"HDAC1","MAP3K14","GPX1"
"HDAC1","MAP2K1","GPX1"
"HDAC1","GSK3B","GPX1"
"HDAC1","TGFBR2","GPX1"
"HDAC1","PAK2","GPX1"
"HDAC1","PPP1R2","GPX1"
"HDAC1","CDK5","GPX1"
"HDAC1","AKT","GPX1"
"HDAC1","MAPK9","GPX1"
"HDAC1","WWTR1","GPX1"
"HDAC1","RACK1","GPX1"
"HDAC1","DAPK1","GPX1"
"HDAC1","PXN","GPX1"
"HDAC1","PRKD1","GPX1"
"HDAC1","ABL2","GPX1"
"HDAC1","FBXW7","GPX1"
"HDAC1","ITK","GPX1"
"HDAC1","NCK1","GPX1"
"HDAC1","AHSA1","GPX1"
"HDAC1","BTK","GPX1"
"HDAC1","TNK2","GPX1"
"HDAC1","YAP1","GPX1"
"HDAC1","CD19","GPX1"
"HDAC1","STAT1","GPX1"
"HDAC1","HSP90AB1","GPX1"
"HDAC1","DVL2","GPX1"
"HDAC1","MAP2K2","GPX1"
"HDAC1","MAPK10","GPX1"
"HDAC1","DYRK1B","GPX1"
"HDAC1","MEK1/2","GPX1"
"HDAC1","JAK1","GPX1"
"HDAC1","PTPN7","GPX1"
"HDAC1","CDKN2A","GPX1"
"HDAC1","MAP4K1","GPX1"
"HDAC1","EPS15","GPX1"
"HDAC1","IKK-complex","GPX1"
"HDAC1","SHC1","GPX1"
"HDAC1","MAPK8IP3","GPX1"
"HDAC1","AXIN1","GPX1"
"HDAC1","MAPKAPK5","GPX1"
"HDAC1","DUSP16","GPX1"
"HDAC1","EPHA2","GPX1"
"HDAC1","MAP3K8","GPX1"
"HDAC1","PTPRR","GPX1"
"HDAC1","BDKRB2","GPX1"
"HDAC1","FLT4","GPX1"
"HDAC1","BMX","GPX1"
"HDAC1","PTK2B","GPX1"
"HDAC1","SNW1","GPX1"
"HDAC1","NEK6","GPX1"
"HDAC1","PRKCI","GPX1"
"HDAC1","CTNND1","GPX1"
"HDAC1","PIN1","GPX1"
"HDAC1","PARD6A","GPX1"
"HDAC1","CEP192","GPX1"
"HDAC1","GAB1","GPX1"
"HDAC1","PTPRA","GPX1"
"HDAC1","GRIP1","GPX1"
"HDAC1","ESR1","GPX1"
"HDAC1","ARRB2","GPX1"
"HDAC1","INPP5D","GPX1"
"HDAC1","GAB2","GPX1"
"HDAC1","EZH2","GPX1"
"HDAC1","BCR-Dk","GPX1"
"HDAC1","BCAR1","GPX1"
"HDAC1","BCR-Ml","GPX1"
"HDAC1","NOTCH","GPX1"
"HDAC1","NCOA1","GPX1"
"HDAC1","FERMT2","GPX1"
"HDAC1","ZMIZ1","GPX1"
"HDAC1","TAB3","GPX1"
"HDAC1","NPM1","GPX1"
"HDAC1","GCSAM","GPX1"
"HDAC1","OPTN","GPX1"
"HDAC1","SPRY2","GPX1"
"HDAC1","BCR-Dl","GPX1"
"HDAC1","DDX58","GPX1"
"HDAC1","ROR2","GPX1"
"HDAC1","IFIH1","GPX1"
"HDAC1","SH2B3","GPX1"
"HDAC1","DAB1","GPX1"
"HDAC1","BCR-Mk","GPX1"
"HDAC1","PLCG2","GPX1"
"HDAC1","CHUK","SYT4"
"HDAC1","SRC","SYT4"
"HDAC1","RPS6KA2","SYT4"
"HDAC1","PTEN","SYT4"
"HDAC1","MTOR","SYT4"
"HDAC1","AKT1","SYT4"
"HDAC1","PRKCD","SYT4"
"HDAC1","MAPK1","SYT4"
"HDAC1","PTPN1","SYT4"
"HDAC1","Gbeta","SYT4"
"HDAC1","KRAS","SYT4"
"HDAC1","KIT","SYT4"
"HDAC1","PTPRJ","SYT4"
"HDAC1","RPS6KB1","SYT4"
"HDAC1","EIF2AK2","SYT4"
"HDAC1","PDPK1","SYT4"
"HDAC1","MAML3","SYT4"
"HDAC1","MAP3K14","SYT4"
"HDAC1","MAP2K1","SYT4"
"HDAC1","GSK3B","SYT4"
"HDAC1","TGFBR2","SYT4"
"HDAC1","PAK2","SYT4"
"HDAC1","PPP1R2","SYT4"
"HDAC1","CDK5","SYT4"
"HDAC1","AKT","SYT4"
"HDAC1","MAPK9","SYT4"
"HDAC1","WWTR1","SYT4"
"HDAC1","RACK1","SYT4"
"HDAC1","DAPK1","SYT4"
"HDAC1","PXN","SYT4"
"HDAC1","PRKD1","SYT4"
"HDAC1","ABL2","SYT4"
"HDAC1","FBXW7","SYT4"
"HDAC1","ITK","SYT4"
"HDAC1","NCK1","SYT4"
"HDAC1","AHSA1","SYT4"
"HDAC1","BTK","SYT4"
"HDAC1","TNK2","SYT4"
"HDAC1","YAP1","SYT4"
"HDAC1","CD19","SYT4"
"HDAC1","STAT1","SYT4"
"HDAC1","HSP90AB1","SYT4"
"HDAC1","DVL2","SYT4"
"HDAC1","MAP2K2","SYT4"
"HDAC1","MAPK10","SYT4"
"HDAC1","DYRK1B","SYT4"
"HDAC1","MEK1/2","SYT4"
"HDAC1","JAK1","SYT4"
"HDAC1","PTPN7","SYT4"
"HDAC1","CDKN2A","SYT4"
"HDAC1","MAP4K1","SYT4"
"HDAC1","EPS15","SYT4"
"HDAC1","IKK-complex","SYT4"
"HDAC1","SHC1","SYT4"
"HDAC1","MAPK8IP3","SYT4"
"HDAC1","AXIN1","SYT4"
"HDAC1","MAPKAPK5","SYT4"
"HDAC1","DUSP16","SYT4"
"HDAC1","EPHA2","SYT4"
"HDAC1","PTPRR","SYT4"
"HDAC1","BDKRB2","SYT4"
"HDAC1","FLT4","SYT4"
"HDAC1","BMX","SYT4"
"HDAC1","PTK2B","SYT4"
"HDAC1","SNW1","SYT4"
"HDAC1","NEK6","SYT4"
"HDAC1","PRKCI","SYT4"
"HDAC1","CTNND1","SYT4"
"HDAC1","PIN1","SYT4"
"HDAC1","PARD6A","SYT4"
"HDAC1","CEP192","SYT4"
"HDAC1","GAB1","SYT4"
"HDAC1","PTPRA","SYT4"
"HDAC1","GRIP1","SYT4"
"HDAC1","ESR1","SYT4"
"HDAC1","ARRB2","SYT4"
"HDAC1","INPP5D","SYT4"
"HDAC1","GAB2","SYT4"
"HDAC1","EZH2","SYT4"
"HDAC1","BCR-Dk","SYT4"
"HDAC1","BCAR1","SYT4"
"HDAC1","BCR-Ml","SYT4"
"HDAC1","NOTCH","SYT4"
"HDAC1","NCOA1","SYT4"
"HDAC1","FERMT2","SYT4"
"HDAC1","ZMIZ1","SYT4"
"HDAC1","TAB3","SYT4"
"HDAC1","NPM1","SYT4"
"HDAC1","GCSAM","SYT4"
"HDAC1","OPTN","SYT4"
"HDAC1","SPRY2","SYT4"
"HDAC1","BCR-Dl","SYT4"
"HDAC1","DDX58","SYT4"
"HDAC1","ROR2","SYT4"
"HDAC1","IFIH1","SYT4"
"HDAC1","SH2B3","SYT4"
"HDAC1","DAB1","SYT4"
"HDAC1","BCR-Mk","SYT4"
"HDAC1","PLCG2","SYT4"
"HDAC1","CHUK","H1-5"
"HDAC1","SRC","H1-5"
"HDAC1","RPS6KA2","H1-5"
"HDAC1","PTEN","H1-5"
"HDAC1","MAPK8","H1-5"
"HDAC1","MTOR","H1-5"
"HDAC1","AKT1","H1-5"
"HDAC1","PRKCD","H1-5"
"HDAC1","MAPK1","H1-5"
"HDAC1","PTPN1","H1-5"
"HDAC1","Gbeta","H1-5"
"HDAC1","KRAS","H1-5"
"HDAC1","KIT","H1-5"
"HDAC1","PTPRJ","H1-5"
"HDAC1","RPS6KB1","H1-5"
"HDAC1","EIF2AK2","H1-5"
"HDAC1","PDPK1","H1-5"
"HDAC1","MAML3","H1-5"
"HDAC1","MAP3K14","H1-5"
"HDAC1","MAP2K1","H1-5"
"HDAC1","TGFBR2","H1-5"
"HDAC1","PAK2","H1-5"
"HDAC1","PPP1R2","H1-5"
"HDAC1","CDK5","H1-5"
"HDAC1","AKT","H1-5"
"HDAC1","MAPK9","H1-5"
"HDAC1","WWTR1","H1-5"
"HDAC1","RACK1","H1-5"
"HDAC1","DAPK1","H1-5"
"HDAC1","PXN","H1-5"
"HDAC1","PRKD1","H1-5"
"HDAC1","ABL2","H1-5"
"HDAC1","FBXW7","H1-5"
"HDAC1","ITK","H1-5"
"HDAC1","NCK1","H1-5"
"HDAC1","AHSA1","H1-5"
"HDAC1","BTK","H1-5"
"HDAC1","TNK2","H1-5"
"HDAC1","YAP1","H1-5"
"HDAC1","CD19","H1-5"
"HDAC1","STAT1","H1-5"
"HDAC1","HSP90AB1","H1-5"
"HDAC1","DVL2","H1-5"
"HDAC1","MAP2K2","H1-5"
"HDAC1","MAPK10","H1-5"
"HDAC1","DYRK1B","H1-5"
"HDAC1","MEK1/2","H1-5"
"HDAC1","JAK1","H1-5"
"HDAC1","PTPN7","H1-5"
"HDAC1","CDKN2A","H1-5"
"HDAC1","MAP4K1","H1-5"
"HDAC1","EPS15","H1-5"
"HDAC1","IKK-complex","H1-5"
"HDAC1","SHC1","H1-5"
"HDAC1","MAPK8IP3","H1-5"
"HDAC1","AXIN1","H1-5"
"HDAC1","MAPKAPK5","H1-5"
"HDAC1","DUSP16","H1-5"
"HDAC1","EPHA2","H1-5"
"HDAC1","PTPRR","H1-5"
"HDAC1","BDKRB2","H1-5"
"HDAC1","FLT4","H1-5"
"HDAC1","BMX","H1-5"
"HDAC1","PTK2B","H1-5"
"HDAC1","SNW1","H1-5"
"HDAC1","NEK6","H1-5"
"HDAC1","PRKCI","H1-5"
"HDAC1","CTNND1","H1-5"
"HDAC1","PIN1","H1-5"
"HDAC1","PARD6A","H1-5"
"HDAC1","CEP192","H1-5"
"HDAC1","GAB1","H1-5"
"HDAC1","PTPRA","H1-5"
"HDAC1","GRIP1","H1-5"
"HDAC1","ESR1","H1-5"
"HDAC1","ARRB2","H1-5"
"HDAC1","INPP5D","H1-5"
"HDAC1","GAB2","H1-5"
"HDAC1","EZH2","H1-5"
"HDAC1","BCR-Dk","H1-5"
"HDAC1","BCAR1","H1-5"
"HDAC1","BCR-Ml","H1-5"
"HDAC1","NOTCH","H1-5"
"HDAC1","NCOA1","H1-5"
"HDAC1","FERMT2","H1-5"
"HDAC1","ZMIZ1","H1-5"
"HDAC1","TAB3","H1-5"
"HDAC1","NPM1","H1-5"
"HDAC1","GCSAM","H1-5"
"HDAC1","OPTN","H1-5"
"HDAC1","SPRY2","H1-5"
"HDAC1","BCR-Dl","H1-5"
"HDAC1","DDX58","H1-5"
"HDAC1","ROR2","H1-5"
"HDAC1","IFIH1","H1-5"
"HDAC1","SH2B3","H1-5"
"HDAC1","DAB1","H1-5"
"HDAC1","BCR-Mk","H1-5"
"HDAC1","PLCG2","H1-5"
"HDAC1","CHUK","MED28"
"HDAC1","SRC","MED28"
"HDAC1","RPS6KA2","MED28"
"HDAC1","PTEN","MED28"
"HDAC1","MAPK8","MED28"
"HDAC1","MTOR","MED28"
"HDAC1","AKT1","MED28"
"HDAC1","PRKCD","MED28"
"HDAC1","MAPK1","MED28"
"HDAC1","PTPN1","MED28"
"HDAC1","Gbeta","MED28"
"HDAC1","KRAS","MED28"
"HDAC1","KIT","MED28"
"HDAC1","PTPRJ","MED28"
"HDAC1","RPS6KB1","MED28"
"HDAC1","EIF2AK2","MED28"
"HDAC1","PDPK1","MED28"
"HDAC1","MAML3","MED28"
"HDAC1","MAP3K14","MED28"
"HDAC1","MAP2K1","MED28"
"HDAC1","GSK3B","MED28"
"HDAC1","TGFBR2","MED28"
"HDAC1","PAK2","MED28"
"HDAC1","PPP1R2","MED28"
"HDAC1","CDK5","MED28"
"HDAC1","AKT","MED28"
"HDAC1","MAPK9","MED28"
"HDAC1","WWTR1","MED28"
"HDAC1","RACK1","MED28"
"HDAC1","DAPK1","MED28"
"HDAC1","PXN","MED28"
"HDAC1","PRKD1","MED28"
"HDAC1","ABL2","MED28"
"HDAC1","FBXW7","MED28"
"HDAC1","ITK","MED28"
"HDAC1","NCK1","MED28"
"HDAC1","AHSA1","MED28"
"HDAC1","BTK","MED28"
"HDAC1","TNK2","MED28"
"HDAC1","YAP1","MED28"
"HDAC1","CD19","MED28"
"HDAC1","STAT1","MED28"
"HDAC1","HSP90AB1","MED28"
"HDAC1","DVL2","MED28"
"HDAC1","MAP2K2","MED28"
"HDAC1","MAPK10","MED28"
"HDAC1","DYRK1B","MED28"
"HDAC1","MEK1/2","MED28"
"HDAC1","JAK1","MED28"
"HDAC1","PTPN7","MED28"
"HDAC1","CDKN2A","MED28"
"HDAC1","MAP4K1","MED28"
"HDAC1","EPS15","MED28"
"HDAC1","IKK-complex","MED28"
"HDAC1","SHC1","MED28"
"HDAC1","MAPK8IP3","MED28"
"HDAC1","AXIN1","MED28"
"HDAC1","MAPKAPK5","MED28"
"HDAC1","DUSP16","MED28"
"HDAC1","EPHA2","MED28"
"HDAC1","MAP3K8","MED28"
"HDAC1","PTPRR","MED28"
"HDAC1","BDKRB2","MED28"
"HDAC1","FLT4","MED28"
"HDAC1","BMX","MED28"
"HDAC1","PTK2B","MED28"
"HDAC1","SNW1","MED28"
"HDAC1","NEK6","MED28"
"HDAC1","PRKCI","MED28"
"HDAC1","CTNND1","MED28"
"HDAC1","PIN1","MED28"
"HDAC1","PARD6A","MED28"
"HDAC1","CEP192","MED28"
"HDAC1","GAB1","MED28"
"HDAC1","PTPRA","MED28"
"HDAC1","GRIP1","MED28"
"HDAC1","ESR1","MED28"
"HDAC1","ARRB2","MED28"
"HDAC1","INPP5D","MED28"
"HDAC1","GAB2","MED28"
"HDAC1","EZH2","MED28"
"HDAC1","BCR-Dk","MED28"
"HDAC1","BCAR1","MED28"
"HDAC1","BCR-Ml","MED28"
"HDAC1","NOTCH","MED28"
"HDAC1","NCOA1","MED28"
"HDAC1","FERMT2","MED28"
"HDAC1","ZMIZ1","MED28"
"HDAC1","TAB3","MED28"
"HDAC1","NPM1","MED28"
"HDAC1","GCSAM","MED28"
"HDAC1","OPTN","MED28"
"HDAC1","SPRY2","MED28"
"HDAC1","BCR-Dl","MED28"
"HDAC1","DDX58","MED28"
"HDAC1","ROR2","MED28"
"HDAC1","IFIH1","MED28"
"HDAC1","SH2B3","MED28"
"HDAC1","DAB1","MED28"
"HDAC1","BCR-Mk","MED28"
"HDAC1","PLCG2","MED28"
"HDAC1","CHUK","NR4A2"
"HDAC1","SRC","NR4A2"
"HDAC1","RPS6KA2","NR4A2"
"HDAC1","PTEN","NR4A2"
"HDAC1","MAPK8","NR4A2"
"HDAC1","MTOR","NR4A2"
"HDAC1","AKT1","NR4A2"
"HDAC1","PRKCD","NR4A2"
"HDAC1","PTPN1","NR4A2"
"HDAC1","Gbeta","NR4A2"
"HDAC1","KRAS","NR4A2"
"HDAC1","KIT","NR4A2"
"HDAC1","PTPRJ","NR4A2"
"HDAC1","RPS6KB1","NR4A2"
"HDAC1","EIF2AK2","NR4A2"
"HDAC1","PDPK1","NR4A2"
"HDAC1","MAML3","NR4A2"
"HDAC1","MAP3K14","NR4A2"
"HDAC1","MAP2K1","NR4A2"
"HDAC1","GSK3B","NR4A2"
"HDAC1","TGFBR2","NR4A2"
"HDAC1","PAK2","NR4A2"
"HDAC1","PPP1R2","NR4A2"
"HDAC1","CDK5","NR4A2"
"HDAC1","AKT","NR4A2"
"HDAC1","MAPK9","NR4A2"
"HDAC1","WWTR1","NR4A2"
"HDAC1","RACK1","NR4A2"
"HDAC1","DAPK1","NR4A2"
"HDAC1","PXN","NR4A2"
"HDAC1","PRKD1","NR4A2"
"HDAC1","ABL2","NR4A2"
"HDAC1","FBXW7","NR4A2"
"HDAC1","ITK","NR4A2"
"HDAC1","NCK1","NR4A2"
"HDAC1","AHSA1","NR4A2"
"HDAC1","BTK","NR4A2"
"HDAC1","TNK2","NR4A2"
"HDAC1","YAP1","NR4A2"
"HDAC1","CD19","NR4A2"
"HDAC1","STAT1","NR4A2"
"HDAC1","HSP90AB1","NR4A2"
"HDAC1","DVL2","NR4A2"
"HDAC1","MAP2K2","NR4A2"
"HDAC1","MAPK10","NR4A2"
"HDAC1","DYRK1B","NR4A2"
"HDAC1","MEK1/2","NR4A2"
"HDAC1","JAK1","NR4A2"
"HDAC1","PTPN7","NR4A2"
"HDAC1","CDKN2A","NR4A2"
"HDAC1","MAP4K1","NR4A2"
"HDAC1","EPS15","NR4A2"
"HDAC1","IKK-complex","NR4A2"
"HDAC1","SHC1","NR4A2"
"HDAC1","MAPK8IP3","NR4A2"
"HDAC1","AXIN1","NR4A2"
"HDAC1","MAPKAPK5","NR4A2"
"HDAC1","DUSP16","NR4A2"
"HDAC1","EPHA2","NR4A2"
"HDAC1","PTPRR","NR4A2"
"HDAC1","BDKRB2","NR4A2"
"HDAC1","FLT4","NR4A2"
"HDAC1","BMX","NR4A2"
"HDAC1","PTK2B","NR4A2"
"HDAC1","SNW1","NR4A2"
"HDAC1","NEK6","NR4A2"
"HDAC1","PRKCI","NR4A2"
"HDAC1","CTNND1","NR4A2"
"HDAC1","PIN1","NR4A2"
"HDAC1","PARD6A","NR4A2"
"HDAC1","CEP192","NR4A2"
"HDAC1","GAB1","NR4A2"
"HDAC1","PTPRA","NR4A2"
"HDAC1","GRIP1","NR4A2"
"HDAC1","ESR1","NR4A2"
"HDAC1","ARRB2","NR4A2"
"HDAC1","INPP5D","NR4A2"
"HDAC1","GAB2","NR4A2"
"HDAC1","EZH2","NR4A2"
"HDAC1","BCR-Dk","NR4A2"
"HDAC1","BCAR1","NR4A2"
"HDAC1","BCR-Ml","NR4A2"
"HDAC1","NOTCH","NR4A2"
"HDAC1","NCOA1","NR4A2"
"HDAC1","FERMT2","NR4A2"
"HDAC1","ZMIZ1","NR4A2"
"HDAC1","TAB3","NR4A2"
"HDAC1","NPM1","NR4A2"
"HDAC1","GCSAM","NR4A2"
"HDAC1","OPTN","NR4A2"
"HDAC1","SPRY2","NR4A2"
"HDAC1","BCR-Dl","NR4A2"
"HDAC1","DDX58","NR4A2"
"HDAC1","ROR2","NR4A2"
"HDAC1","IFIH1","NR4A2"
"HDAC1","SH2B3","NR4A2"
"HDAC1","DAB1","NR4A2"
"HDAC1","BCR-Mk","NR4A2"
"HDAC1","PLCG2","NR4A2"
"HDAC1","CHUK","RAPGEF1"
"HDAC1","RPS6KA2","RAPGEF1"
"HDAC1","PTEN","RAPGEF1"
"HDAC1","MAPK8","RAPGEF1"
"HDAC1","MTOR","RAPGEF1"
"HDAC1","AKT1","RAPGEF1"
"HDAC1","PRKCD","RAPGEF1"
"HDAC1","MAPK1","RAPGEF1"
"HDAC1","PTPN1","RAPGEF1"
"HDAC1","Gbeta","RAPGEF1"
"HDAC1","KRAS","RAPGEF1"
"HDAC1","KIT","RAPGEF1"
"HDAC1","PTPRJ","RAPGEF1"
"HDAC1","RPS6KB1","RAPGEF1"
"HDAC1","EIF2AK2","RAPGEF1"
"HDAC1","PDPK1","RAPGEF1"
"HDAC1","MAML3","RAPGEF1"
"HDAC1","MAP3K14","RAPGEF1"
"HDAC1","MAP2K1","RAPGEF1"
"HDAC1","GSK3B","RAPGEF1"
"HDAC1","TGFBR2","RAPGEF1"
"HDAC1","PAK2","RAPGEF1"
"HDAC1","PPP1R2","RAPGEF1"
"HDAC1","CDK5","RAPGEF1"
"HDAC1","AKT","RAPGEF1"
"HDAC1","MAPK9","RAPGEF1"
"HDAC1","WWTR1","RAPGEF1"
"HDAC1","RACK1","RAPGEF1"
"HDAC1","DAPK1","RAPGEF1"
"HDAC1","PXN","RAPGEF1"
"HDAC1","PRKD1","RAPGEF1"
"HDAC1","ABL2","RAPGEF1"
"HDAC1","FBXW7","RAPGEF1"
"HDAC1","ITK","RAPGEF1"
"HDAC1","NCK1","RAPGEF1"
"HDAC1","AHSA1","RAPGEF1"
"HDAC1","BTK","RAPGEF1"
"HDAC1","TNK2","RAPGEF1"
"HDAC1","YAP1","RAPGEF1"
"HDAC1","CD19","RAPGEF1"
"HDAC1","STAT1","RAPGEF1"
"HDAC1","HSP90AB1","RAPGEF1"
"HDAC1","DVL2","RAPGEF1"
"HDAC1","MAP2K2","RAPGEF1"
"HDAC1","MAPK10","RAPGEF1"
"HDAC1","DYRK1B","RAPGEF1"
"HDAC1","MEK1/2","RAPGEF1"
"HDAC1","JAK1","RAPGEF1"
"HDAC1","PTPN7","RAPGEF1"
"HDAC1","CDKN2A","RAPGEF1"
"HDAC1","MAP4K1","RAPGEF1"
"HDAC1","EPS15","RAPGEF1"
"HDAC1","IKK-complex","RAPGEF1"
"HDAC1","SHC1","RAPGEF1"
"HDAC1","MAPK8IP3","RAPGEF1"
"HDAC1","AXIN1","RAPGEF1"
"HDAC1","MAPKAPK5","RAPGEF1"
"HDAC1","DUSP16","RAPGEF1"
"HDAC1","EPHA2","RAPGEF1"
"HDAC1","MAP3K8","RAPGEF1"
"HDAC1","PTPRR","RAPGEF1"
"HDAC1","BDKRB2","RAPGEF1"
"HDAC1","FLT4","RAPGEF1"
"HDAC1","BMX","RAPGEF1"
"HDAC1","PTK2B","RAPGEF1"
"HDAC1","SNW1","RAPGEF1"
"HDAC1","NEK6","RAPGEF1"
"HDAC1","PRKCI","RAPGEF1"
"HDAC1","CTNND1","RAPGEF1"
"HDAC1","PIN1","RAPGEF1"
"HDAC1","PARD6A","RAPGEF1"
"HDAC1","CEP192","RAPGEF1"
"HDAC1","GAB1","RAPGEF1"
"HDAC1","PTPRA","RAPGEF1"
"HDAC1","GRIP1","RAPGEF1"
"HDAC1","ESR1","RAPGEF1"
"HDAC1","ARRB2","RAPGEF1"
"HDAC1","INPP5D","RAPGEF1"
"HDAC1","GAB2","RAPGEF1"
"HDAC1","EZH2","RAPGEF1"
"HDAC1","BCR-Dk","RAPGEF1"
"HDAC1","BCAR1","RAPGEF1"
"HDAC1","BCR-Ml","RAPGEF1"
"HDAC1","NOTCH","RAPGEF1"
"HDAC1","NCOA1","RAPGEF1"
"HDAC1","FERMT2","RAPGEF1"
"HDAC1","ZMIZ1","RAPGEF1"
"HDAC1","TAB3","RAPGEF1"
"HDAC1","NPM1","RAPGEF1"
"HDAC1","GCSAM","RAPGEF1"
"HDAC1","OPTN","RAPGEF1"
"HDAC1","SPRY2","RAPGEF1"
"HDAC1","BCR-Dl","RAPGEF1"
"HDAC1","DDX58","RAPGEF1"
"HDAC1","ROR2","RAPGEF1"
"HDAC1","IFIH1","RAPGEF1"
"HDAC1","SH2B3","RAPGEF1"
"HDAC1","DAB1","RAPGEF1"
"HDAC1","BCR-Mk","RAPGEF1"
"HDAC1","PLCG2","RAPGEF1"
"HDAC1","CHUK","GTSE1"
"HDAC1","SRC","GTSE1"
"HDAC1","RPS6KA2","GTSE1"
"HDAC1","PTEN","GTSE1"
"HDAC1","MAPK8","GTSE1"
"HDAC1","MTOR","GTSE1"
"HDAC1","AKT1","GTSE1"
"HDAC1","PRKCD","GTSE1"
"HDAC1","MAPK1","GTSE1"
"HDAC1","PTPN1","GTSE1"
"HDAC1","Gbeta","GTSE1"
"HDAC1","KRAS","GTSE1"
"HDAC1","KIT","GTSE1"
"HDAC1","PTPRJ","GTSE1"
"HDAC1","RPS6KB1","GTSE1"
"HDAC1","EIF2AK2","GTSE1"
"HDAC1","PDPK1","GTSE1"
"HDAC1","MAML3","GTSE1"
"HDAC1","MAP3K14","GTSE1"
"HDAC1","MAP2K1","GTSE1"
"HDAC1","GSK3B","GTSE1"
"HDAC1","TGFBR2","GTSE1"
"HDAC1","PAK2","GTSE1"
"HDAC1","PPP1R2","GTSE1"
"HDAC1","CDK5","GTSE1"
"HDAC1","AKT","GTSE1"
"HDAC1","MAPK9","GTSE1"
"HDAC1","WWTR1","GTSE1"
"HDAC1","RACK1","GTSE1"
"HDAC1","DAPK1","GTSE1"
"HDAC1","PXN","GTSE1"
"HDAC1","PRKD1","GTSE1"
"HDAC1","ABL2","GTSE1"
"HDAC1","FBXW7","GTSE1"
"HDAC1","ITK","GTSE1"
"HDAC1","NCK1","GTSE1"
"HDAC1","AHSA1","GTSE1"
"HDAC1","BTK","GTSE1"
"HDAC1","TNK2","GTSE1"
"HDAC1","YAP1","GTSE1"
"HDAC1","CD19","GTSE1"
"HDAC1","STAT1","GTSE1"
"HDAC1","HSP90AB1","GTSE1"
"HDAC1","DVL2","GTSE1"
"HDAC1","MAP2K2","GTSE1"
"HDAC1","MAPK10","GTSE1"
"HDAC1","DYRK1B","GTSE1"
"HDAC1","MEK1/2","GTSE1"
"HDAC1","JAK1","GTSE1"
"HDAC1","PTPN7","GTSE1"
"HDAC1","CDKN2A","GTSE1"
"HDAC1","MAP4K1","GTSE1"
"HDAC1","EPS15","GTSE1"
"HDAC1","IKK-complex","GTSE1"
"HDAC1","SHC1","GTSE1"
"HDAC1","MAPK8IP3","GTSE1"
"HDAC1","AXIN1","GTSE1"
"HDAC1","MAPKAPK5","GTSE1"
"HDAC1","DUSP16","GTSE1"
"HDAC1","EPHA2","GTSE1"
"HDAC1","PTPRR","GTSE1"
"HDAC1","BDKRB2","GTSE1"
"HDAC1","FLT4","GTSE1"
"HDAC1","BMX","GTSE1"
"HDAC1","PTK2B","GTSE1"
"HDAC1","SNW1","GTSE1"
"HDAC1","NEK6","GTSE1"
"HDAC1","PRKCI","GTSE1"
"HDAC1","CTNND1","GTSE1"
"HDAC1","PIN1","GTSE1"
"HDAC1","PARD6A","GTSE1"
"HDAC1","CEP192","GTSE1"
"HDAC1","GAB1","GTSE1"
"HDAC1","PTPRA","GTSE1"
"HDAC1","GRIP1","GTSE1"
"HDAC1","ESR1","GTSE1"
"HDAC1","ARRB2","GTSE1"
"HDAC1","INPP5D","GTSE1"
"HDAC1","GAB2","GTSE1"
"HDAC1","EZH2","GTSE1"
"HDAC1","BCR-Dk","GTSE1"
"HDAC1","BCAR1","GTSE1"
"HDAC1","BCR-Ml","GTSE1"
"HDAC1","NOTCH","GTSE1"
"HDAC1","NCOA1","GTSE1"
"HDAC1","FERMT2","GTSE1"
"HDAC1","ZMIZ1","GTSE1"
"HDAC1","TAB3","GTSE1"
"HDAC1","NPM1","GTSE1"
"HDAC1","GCSAM","GTSE1"
"HDAC1","OPTN","GTSE1"
"HDAC1","SPRY2","GTSE1"
"HDAC1","BCR-Dl","GTSE1"
"HDAC1","DDX58","GTSE1"
"HDAC1","ROR2","GTSE1"
"HDAC1","IFIH1","GTSE1"
"HDAC1","SH2B3","GTSE1"
"HDAC1","DAB1","GTSE1"
"HDAC1","BCR-Mk","GTSE1"
"HDAC1","PLCG2","GTSE1"
"HDAC1","CHUK","SVIL"
"HDAC1","SRC","SVIL"
"HDAC1","RPS6KA2","SVIL"
"HDAC1","PTEN","SVIL"
"HDAC1","MAPK8","SVIL"
"HDAC1","MTOR","SVIL"
"HDAC1","AKT1","SVIL"
"HDAC1","PRKCD","SVIL"
"HDAC1","MAPK1","SVIL"
"HDAC1","PTPN1","SVIL"
"HDAC1","Gbeta","SVIL"
"HDAC1","KRAS","SVIL"
"HDAC1","KIT","SVIL"
"HDAC1","PTPRJ","SVIL"
"HDAC1","RPS6KB1","SVIL"
"HDAC1","EIF2AK2","SVIL"
"HDAC1","PDPK1","SVIL"
"HDAC1","MAML3","SVIL"
"HDAC1","MAP3K14","SVIL"
"HDAC1","MAP2K1","SVIL"
"HDAC1","GSK3B","SVIL"
"HDAC1","TGFBR2","SVIL"
"HDAC1","PAK2","SVIL"
"HDAC1","PPP1R2","SVIL"
"HDAC1","CDK5","SVIL"
"HDAC1","AKT","SVIL"
"HDAC1","MAPK9","SVIL"
"HDAC1","WWTR1","SVIL"
"HDAC1","RACK1","SVIL"
"HDAC1","DAPK1","SVIL"
"HDAC1","PXN","SVIL"
"HDAC1","PRKD1","SVIL"
"HDAC1","ABL2","SVIL"
"HDAC1","FBXW7","SVIL"
"HDAC1","ITK","SVIL"
"HDAC1","NCK1","SVIL"
"HDAC1","AHSA1","SVIL"
"HDAC1","BTK","SVIL"
"HDAC1","TNK2","SVIL"
"HDAC1","YAP1","SVIL"
"HDAC1","CD19","SVIL"
"HDAC1","STAT1","SVIL"
"HDAC1","HSP90AB1","SVIL"
"HDAC1","DVL2","SVIL"
"HDAC1","MAP2K2","SVIL"
"HDAC1","MAPK10","SVIL"
"HDAC1","DYRK1B","SVIL"
"HDAC1","MEK1/2","SVIL"
"HDAC1","JAK1","SVIL"
"HDAC1","PTPN7","SVIL"
"HDAC1","CDKN2A","SVIL"
"HDAC1","MAP4K1","SVIL"
"HDAC1","EPS15","SVIL"
"HDAC1","IKK-complex","SVIL"
"HDAC1","SHC1","SVIL"
"HDAC1","MAPK8IP3","SVIL"
"HDAC1","AXIN1","SVIL"
"HDAC1","MAPKAPK5","SVIL"
"HDAC1","DUSP16","SVIL"
"HDAC1","EPHA2","SVIL"
"HDAC1","PTPRR","SVIL"
"HDAC1","BDKRB2","SVIL"
"HDAC1","FLT4","SVIL"
"HDAC1","BMX","SVIL"
"HDAC1","PTK2B","SVIL"
"HDAC1","SNW1","SVIL"
"HDAC1","NEK6","SVIL"
"HDAC1","PRKCI","SVIL"
"HDAC1","CTNND1","SVIL"
"HDAC1","PIN1","SVIL"
"HDAC1","PARD6A","SVIL"
"HDAC1","CEP192","SVIL"
"HDAC1","GAB1","SVIL"
"HDAC1","PTPRA","SVIL"
"HDAC1","GRIP1","SVIL"
"HDAC1","ESR1","SVIL"
"HDAC1","ARRB2","SVIL"
"HDAC1","INPP5D","SVIL"
"HDAC1","GAB2","SVIL"
"HDAC1","EZH2","SVIL"
"HDAC1","BCR-Dk","SVIL"
"HDAC1","BCAR1","SVIL"
"HDAC1","BCR-Ml","SVIL"
"HDAC1","NOTCH","SVIL"
"HDAC1","NCOA1","SVIL"
"HDAC1","FERMT2","SVIL"
"HDAC1","ZMIZ1","SVIL"
"HDAC1","TAB3","SVIL"
"HDAC1","NPM1","SVIL"
"HDAC1","GCSAM","SVIL"
"HDAC1","OPTN","SVIL"
"HDAC1","SPRY2","SVIL"
"HDAC1","BCR-Dl","SVIL"
"HDAC1","DDX58","SVIL"
"HDAC1","ROR2","SVIL"
"HDAC1","IFIH1","SVIL"
"HDAC1","SH2B3","SVIL"
"HDAC1","DAB1","SVIL"
"HDAC1","BCR-Mk","SVIL"
"HDAC1","PLCG2","SVIL"
"HDAC1","CHUK","DDIT3"
"HDAC1","SRC","DDIT3"
"HDAC1","RPS6KA2","DDIT3"
"HDAC1","PTEN","DDIT3"
"HDAC1","MAPK8","DDIT3"
"HDAC1","MTOR","DDIT3"
"HDAC1","AKT1","DDIT3"
"HDAC1","PRKCD","DDIT3"
"HDAC1","MAPK1","DDIT3"
"HDAC1","PTPN1","DDIT3"
"HDAC1","Gbeta","DDIT3"
"HDAC1","KRAS","DDIT3"
"HDAC1","KIT","DDIT3"
"HDAC1","PTPRJ","DDIT3"
"HDAC1","RPS6KB1","DDIT3"
"HDAC1","EIF2AK2","DDIT3"
"HDAC1","PDPK1","DDIT3"
"HDAC1","MAML3","DDIT3"
"HDAC1","MAP3K14","DDIT3"
"HDAC1","MAP2K1","DDIT3"
"HDAC1","GSK3B","DDIT3"
"HDAC1","TGFBR2","DDIT3"
"HDAC1","PAK2","DDIT3"
"HDAC1","PPP1R2","DDIT3"
"HDAC1","CDK5","DDIT3"
"HDAC1","AKT","DDIT3"
"HDAC1","MAPK9","DDIT3"
"HDAC1","WWTR1","DDIT3"
"HDAC1","RACK1","DDIT3"
"HDAC1","DAPK1","DDIT3"
"HDAC1","PXN","DDIT3"
"HDAC1","PRKD1","DDIT3"
"HDAC1","ABL2","DDIT3"
"HDAC1","FBXW7","DDIT3"
"HDAC1","ITK","DDIT3"
"HDAC1","NCK1","DDIT3"
"HDAC1","AHSA1","DDIT3"
"HDAC1","BTK","DDIT3"
"HDAC1","TNK2","DDIT3"
"HDAC1","YAP1","DDIT3"
"HDAC1","CD19","DDIT3"
"HDAC1","STAT1","DDIT3"
"HDAC1","HSP90AB1","DDIT3"
"HDAC1","DVL2","DDIT3"
"HDAC1","MAP2K2","DDIT3"
"HDAC1","MAPK10","DDIT3"
"HDAC1","DYRK1B","DDIT3"
"HDAC1","MEK1/2","DDIT3"
"HDAC1","JAK1","DDIT3"
"HDAC1","PTPN7","DDIT3"
"HDAC1","CDKN2A","DDIT3"
"HDAC1","MAP4K1","DDIT3"
"HDAC1","EPS15","DDIT3"
"HDAC1","IKK-complex","DDIT3"
"HDAC1","SHC1","DDIT3"
"HDAC1","MAPK8IP3","DDIT3"
"HDAC1","AXIN1","DDIT3"
"HDAC1","MAPKAPK5","DDIT3"
"HDAC1","DUSP16","DDIT3"
"HDAC1","EPHA2","DDIT3"
"HDAC1","PTPRR","DDIT3"
"HDAC1","BDKRB2","DDIT3"
"HDAC1","FLT4","DDIT3"
"HDAC1","BMX","DDIT3"
"HDAC1","PTK2B","DDIT3"
"HDAC1","SNW1","DDIT3"
"HDAC1","NEK6","DDIT3"
"HDAC1","PRKCI","DDIT3"
"HDAC1","CTNND1","DDIT3"
"HDAC1","PIN1","DDIT3"
"HDAC1","PARD6A","DDIT3"
"HDAC1","CEP192","DDIT3"
"HDAC1","GAB1","DDIT3"
"HDAC1","PTPRA","DDIT3"
"HDAC1","GRIP1","DDIT3"
"HDAC1","ESR1","DDIT3"
"HDAC1","ARRB2","DDIT3"
"HDAC1","INPP5D","DDIT3"
"HDAC1","GAB2","DDIT3"
"HDAC1","EZH2","DDIT3"
"HDAC1","BCR-Dk","DDIT3"
"HDAC1","BCAR1","DDIT3"
"HDAC1","BCR-Ml","DDIT3"
"HDAC1","NOTCH","DDIT3"
"HDAC1","NCOA1","DDIT3"
"HDAC1","FERMT2","DDIT3"
"HDAC1","ZMIZ1","DDIT3"
"HDAC1","TAB3","DDIT3"
"HDAC1","NPM1","DDIT3"
"HDAC1","GCSAM","DDIT3"
"HDAC1","OPTN","DDIT3"
"HDAC1","SPRY2","DDIT3"
"HDAC1","BCR-Dl","DDIT3"
"HDAC1","DDX58","DDIT3"
"HDAC1","ROR2","DDIT3"
"HDAC1","IFIH1","DDIT3"
"HDAC1","SH2B3","DDIT3"
"HDAC1","DAB1","DDIT3"
"HDAC1","BCR-Mk","DDIT3"
"HDAC1","PLCG2","DDIT3"
"HDAC1","CHUK","BICD1"
"HDAC1","SRC","BICD1"
"HDAC1","RPS6KA2","BICD1"
"HDAC1","PTEN","BICD1"
"HDAC1","MAPK8","BICD1"
"HDAC1","MTOR","BICD1"
"HDAC1","AKT1","BICD1"
"HDAC1","PRKCD","BICD1"
"HDAC1","MAPK1","BICD1"
"HDAC1","PTPN1","BICD1"
"HDAC1","Gbeta","BICD1"
"HDAC1","KRAS","BICD1"
"HDAC1","KIT","BICD1"
"HDAC1","PTPRJ","BICD1"
"HDAC1","RPS6KB1","BICD1"
"HDAC1","EIF2AK2","BICD1"
"HDAC1","PDPK1","BICD1"
"HDAC1","MAML3","BICD1"
"HDAC1","MAP3K14","BICD1"
"HDAC1","MAP2K1","BICD1"
"HDAC1","TGFBR2","BICD1"
"HDAC1","PAK2","BICD1"
"HDAC1","PPP1R2","BICD1"
"HDAC1","CDK5","BICD1"
"HDAC1","AKT","BICD1"
"HDAC1","MAPK9","BICD1"
"HDAC1","WWTR1","BICD1"
"HDAC1","RACK1","BICD1"
"HDAC1","DAPK1","BICD1"
"HDAC1","PXN","BICD1"
"HDAC1","PRKD1","BICD1"
"HDAC1","ABL2","BICD1"
"HDAC1","FBXW7","BICD1"
"HDAC1","ITK","BICD1"
"HDAC1","NCK1","BICD1"
"HDAC1","AHSA1","BICD1"
"HDAC1","BTK","BICD1"
"HDAC1","TNK2","BICD1"
"HDAC1","YAP1","BICD1"
"HDAC1","CD19","BICD1"
"HDAC1","STAT1","BICD1"
"HDAC1","HSP90AB1","BICD1"
"HDAC1","DVL2","BICD1"
"HDAC1","MAP2K2","BICD1"
"HDAC1","MAPK10","BICD1"
"HDAC1","DYRK1B","BICD1"
"HDAC1","MEK1/2","BICD1"
"HDAC1","JAK1","BICD1"
"HDAC1","PTPN7","BICD1"
"HDAC1","CDKN2A","BICD1"
"HDAC1","MAP4K1","BICD1"
"HDAC1","EPS15","BICD1"
"HDAC1","IKK-complex","BICD1"
"HDAC1","SHC1","BICD1"
"HDAC1","MAPK8IP3","BICD1"
"HDAC1","AXIN1","BICD1"
"HDAC1","MAPKAPK5","BICD1"
"HDAC1","DUSP16","BICD1"
"HDAC1","EPHA2","BICD1"
"HDAC1","PTPRR","BICD1"
"HDAC1","BDKRB2","BICD1"
"HDAC1","FLT4","BICD1"
"HDAC1","BMX","BICD1"
"HDAC1","PTK2B","BICD1"
"HDAC1","SNW1","BICD1"
"HDAC1","NEK6","BICD1"
"HDAC1","PRKCI","BICD1"
"HDAC1","CTNND1","BICD1"
"HDAC1","PIN1","BICD1"
"HDAC1","PARD6A","BICD1"
"HDAC1","CEP192","BICD1"
"HDAC1","GAB1","BICD1"
"HDAC1","PTPRA","BICD1"
"HDAC1","GRIP1","BICD1"
"HDAC1","ESR1","BICD1"
"HDAC1","ARRB2","BICD1"
"HDAC1","INPP5D","BICD1"
"HDAC1","GAB2","BICD1"
"HDAC1","EZH2","BICD1"
"HDAC1","BCR-Dk","BICD1"
"HDAC1","BCAR1","BICD1"
"HDAC1","BCR-Ml","BICD1"
"HDAC1","NOTCH","BICD1"
"HDAC1","NCOA1","BICD1"
"HDAC1","FERMT2","BICD1"
"HDAC1","ZMIZ1","BICD1"
"HDAC1","TAB3","BICD1"
"HDAC1","NPM1","BICD1"
"HDAC1","GCSAM","BICD1"
"HDAC1","OPTN","BICD1"
"HDAC1","SPRY2","BICD1"
"HDAC1","BCR-Dl","BICD1"
"HDAC1","DDX58","BICD1"
"HDAC1","ROR2","BICD1"
"HDAC1","IFIH1","BICD1"
"HDAC1","SH2B3","BICD1"
"HDAC1","DAB1","BICD1"
"HDAC1","BCR-Mk","BICD1"
"HDAC1","PLCG2","BICD1"
"HDAC1","CHUK","PIP5K1C"
"HDAC1","RPS6KA2","PIP5K1C"
"HDAC1","PTEN","PIP5K1C"
"HDAC1","MAPK8","PIP5K1C"
"HDAC1","MTOR","PIP5K1C"
"HDAC1","AKT1","PIP5K1C"
"HDAC1","PRKCD","PIP5K1C"
"HDAC1","MAPK1","PIP5K1C"
"HDAC1","PTPN1","PIP5K1C"
"HDAC1","Gbeta","PIP5K1C"
"HDAC1","KRAS","PIP5K1C"
"HDAC1","KIT","PIP5K1C"
"HDAC1","PTPRJ","PIP5K1C"
"HDAC1","RPS6KB1","PIP5K1C"
"HDAC1","EIF2AK2","PIP5K1C"
"HDAC1","PDPK1","PIP5K1C"
"HDAC1","MAML3","PIP5K1C"
"HDAC1","MAP3K14","PIP5K1C"
"HDAC1","MAP2K1","PIP5K1C"
"HDAC1","GSK3B","PIP5K1C"
"HDAC1","TGFBR2","PIP5K1C"
"HDAC1","PAK2","PIP5K1C"
"HDAC1","PPP1R2","PIP5K1C"
"HDAC1","CDK5","PIP5K1C"
"HDAC1","AKT","PIP5K1C"
"HDAC1","MAPK9","PIP5K1C"
"HDAC1","WWTR1","PIP5K1C"
"HDAC1","RACK1","PIP5K1C"
"HDAC1","DAPK1","PIP5K1C"
"HDAC1","PXN","PIP5K1C"
"HDAC1","PRKD1","PIP5K1C"
"HDAC1","ABL2","PIP5K1C"
"HDAC1","FBXW7","PIP5K1C"
"HDAC1","ITK","PIP5K1C"
"HDAC1","NCK1","PIP5K1C"
"HDAC1","AHSA1","PIP5K1C"
"HDAC1","BTK","PIP5K1C"
"HDAC1","TNK2","PIP5K1C"
"HDAC1","YAP1","PIP5K1C"
"HDAC1","CD19","PIP5K1C"
"HDAC1","STAT1","PIP5K1C"
"HDAC1","HSP90AB1","PIP5K1C"
"HDAC1","DVL2","PIP5K1C"
"HDAC1","MAP2K2","PIP5K1C"
"HDAC1","MAPK10","PIP5K1C"
"HDAC1","DYRK1B","PIP5K1C"
"HDAC1","MEK1/2","PIP5K1C"
"HDAC1","JAK1","PIP5K1C"
"HDAC1","PTPN7","PIP5K1C"
"HDAC1","CDKN2A","PIP5K1C"
"HDAC1","MAP4K1","PIP5K1C"
"HDAC1","EPS15","PIP5K1C"
"HDAC1","IKK-complex","PIP5K1C"
"HDAC1","SHC1","PIP5K1C"
"HDAC1","MAPK8IP3","PIP5K1C"
"HDAC1","AXIN1","PIP5K1C"
"HDAC1","MAPKAPK5","PIP5K1C"
"HDAC1","DUSP16","PIP5K1C"
"HDAC1","EPHA2","PIP5K1C"
"HDAC1","MAP3K8","PIP5K1C"
"HDAC1","PTPRR","PIP5K1C"
"HDAC1","BDKRB2","PIP5K1C"
"HDAC1","FLT4","PIP5K1C"
"HDAC1","BMX","PIP5K1C"
"HDAC1","PTK2B","PIP5K1C"
"HDAC1","SNW1","PIP5K1C"
"HDAC1","NEK6","PIP5K1C"
"HDAC1","PRKCI","PIP5K1C"
"HDAC1","CTNND1","PIP5K1C"
"HDAC1","PIN1","PIP5K1C"
"HDAC1","PARD6A","PIP5K1C"
"HDAC1","CEP192","PIP5K1C"
"HDAC1","GAB1","PIP5K1C"
"HDAC1","PTPRA","PIP5K1C"
"HDAC1","GRIP1","PIP5K1C"
"HDAC1","ESR1","PIP5K1C"
"HDAC1","ARRB2","PIP5K1C"
"HDAC1","INPP5D","PIP5K1C"
"HDAC1","GAB2","PIP5K1C"
"HDAC1","EZH2","PIP5K1C"
"HDAC1","BCR-Dk","PIP5K1C"
"HDAC1","BCAR1","PIP5K1C"
"HDAC1","BCR-Ml","PIP5K1C"
"HDAC1","NOTCH","PIP5K1C"
"HDAC1","NCOA1","PIP5K1C"
"HDAC1","FERMT2","PIP5K1C"
"HDAC1","ZMIZ1","PIP5K1C"
"HDAC1","TAB3","PIP5K1C"
"HDAC1","NPM1","PIP5K1C"
"HDAC1","GCSAM","PIP5K1C"
"HDAC1","OPTN","PIP5K1C"
"HDAC1","SPRY2","PIP5K1C"
"HDAC1","BCR-Dl","PIP5K1C"
"HDAC1","DDX58","PIP5K1C"
"HDAC1","ROR2","PIP5K1C"
"HDAC1","IFIH1","PIP5K1C"
"HDAC1","SH2B3","PIP5K1C"
"HDAC1","DAB1","PIP5K1C"
"HDAC1","BCR-Mk","PIP5K1C"
"HDAC1","PLCG2","PIP5K1C"
"HDAC1","CHUK","RIOK2"
"HDAC1","SRC","RIOK2"
"HDAC1","RPS6KA2","RIOK2"
"HDAC1","PTEN","RIOK2"
"HDAC1","MAPK8","RIOK2"
"HDAC1","MTOR","RIOK2"
"HDAC1","AKT1","RIOK2"
"HDAC1","PRKCD","RIOK2"
"HDAC1","MAPK1","RIOK2"
"HDAC1","PTPN1","RIOK2"
"HDAC1","Gbeta","RIOK2"
"HDAC1","KRAS","RIOK2"
"HDAC1","KIT","RIOK2"
"HDAC1","PTPRJ","RIOK2"
"HDAC1","RPS6KB1","RIOK2"
"HDAC1","EIF2AK2","RIOK2"
"HDAC1","PDPK1","RIOK2"
"HDAC1","MAML3","RIOK2"
"HDAC1","MAP3K14","RIOK2"
"HDAC1","MAP2K1","RIOK2"
"HDAC1","GSK3B","RIOK2"
"HDAC1","TGFBR2","RIOK2"
"HDAC1","PAK2","RIOK2"
"HDAC1","PPP1R2","RIOK2"
"HDAC1","CDK5","RIOK2"
"HDAC1","AKT","RIOK2"
"HDAC1","MAPK9","RIOK2"
"HDAC1","WWTR1","RIOK2"
"HDAC1","RACK1","RIOK2"
"HDAC1","DAPK1","RIOK2"
"HDAC1","PXN","RIOK2"
"HDAC1","PRKD1","RIOK2"
"HDAC1","ABL2","RIOK2"
"HDAC1","FBXW7","RIOK2"
"HDAC1","ITK","RIOK2"
"HDAC1","NCK1","RIOK2"
"HDAC1","AHSA1","RIOK2"
"HDAC1","BTK","RIOK2"
"HDAC1","TNK2","RIOK2"
"HDAC1","YAP1","RIOK2"
"HDAC1","CD19","RIOK2"
"HDAC1","STAT1","RIOK2"
"HDAC1","HSP90AB1","RIOK2"
"HDAC1","DVL2","RIOK2"
"HDAC1","MAP2K2","RIOK2"
"HDAC1","MAPK10","RIOK2"
"HDAC1","DYRK1B","RIOK2"
"HDAC1","MEK1/2","RIOK2"
"HDAC1","JAK1","RIOK2"
"HDAC1","PTPN7","RIOK2"
"HDAC1","CDKN2A","RIOK2"
"HDAC1","MAP4K1","RIOK2"
"HDAC1","EPS15","RIOK2"
"HDAC1","IKK-complex","RIOK2"
"HDAC1","SHC1","RIOK2"
"HDAC1","MAPK8IP3","RIOK2"
"HDAC1","AXIN1","RIOK2"
"HDAC1","MAPKAPK5","RIOK2"
"HDAC1","DUSP16","RIOK2"
"HDAC1","EPHA2","RIOK2"
"HDAC1","PTPRR","RIOK2"
"HDAC1","BDKRB2","RIOK2"
"HDAC1","FLT4","RIOK2"
"HDAC1","BMX","RIOK2"
"HDAC1","PTK2B","RIOK2"
"HDAC1","SNW1","RIOK2"
"HDAC1","NEK6","RIOK2"
"HDAC1","PRKCI","RIOK2"
"HDAC1","CTNND1","RIOK2"
"HDAC1","PIN1","RIOK2"
"HDAC1","PARD6A","RIOK2"
"HDAC1","CEP192","RIOK2"
"HDAC1","GAB1","RIOK2"
"HDAC1","PTPRA","RIOK2"
"HDAC1","GRIP1","RIOK2"
"HDAC1","ESR1","RIOK2"
"HDAC1","ARRB2","RIOK2"
"HDAC1","INPP5D","RIOK2"
"HDAC1","GAB2","RIOK2"
"HDAC1","EZH2","RIOK2"
"HDAC1","BCR-Dk","RIOK2"
"HDAC1","BCAR1","RIOK2"
"HDAC1","BCR-Ml","RIOK2"
"HDAC1","NOTCH","RIOK2"
"HDAC1","NCOA1","RIOK2"
"HDAC1","FERMT2","RIOK2"
"HDAC1","ZMIZ1","RIOK2"
"HDAC1","TAB3","RIOK2"
"HDAC1","NPM1","RIOK2"
"HDAC1","GCSAM","RIOK2"
"HDAC1","OPTN","RIOK2"
"HDAC1","SPRY2","RIOK2"
"HDAC1","BCR-Dl","RIOK2"
"HDAC1","DDX58","RIOK2"
"HDAC1","ROR2","RIOK2"
"HDAC1","IFIH1","RIOK2"
"HDAC1","SH2B3","RIOK2"
"HDAC1","DAB1","RIOK2"
"HDAC1","BCR-Mk","RIOK2"
"HDAC1","PLCG2","RIOK2"
"HDAC1","CHUK","EWSR1"
"HDAC1","SRC","EWSR1"
"HDAC1","RPS6KA2","EWSR1"
"HDAC1","PTEN","EWSR1"
"HDAC1","MAPK8","EWSR1"
"HDAC1","MTOR","EWSR1"
"HDAC1","AKT1","EWSR1"
"HDAC1","PRKCD","EWSR1"
"HDAC1","MAPK1","EWSR1"
"HDAC1","PTPN1","EWSR1"
"HDAC1","Gbeta","EWSR1"
"HDAC1","KRAS","EWSR1"
"HDAC1","KIT","EWSR1"
"HDAC1","PTPRJ","EWSR1"
"HDAC1","RPS6KB1","EWSR1"
"HDAC1","EIF2AK2","EWSR1"
"HDAC1","PDPK1","EWSR1"
"HDAC1","MAML3","EWSR1"
"HDAC1","MAP3K14","EWSR1"
"HDAC1","MAP2K1","EWSR1"
"HDAC1","GSK3B","EWSR1"
"HDAC1","TGFBR2","EWSR1"
"HDAC1","PAK2","EWSR1"
"HDAC1","PPP1R2","EWSR1"
"HDAC1","CDK5","EWSR1"
"HDAC1","AKT","EWSR1"
"HDAC1","MAPK9","EWSR1"
"HDAC1","WWTR1","EWSR1"
"HDAC1","RACK1","EWSR1"
"HDAC1","DAPK1","EWSR1"
"HDAC1","PXN","EWSR1"
"HDAC1","PRKD1","EWSR1"
"HDAC1","ABL2","EWSR1"
"HDAC1","FBXW7","EWSR1"
"HDAC1","ITK","EWSR1"
"HDAC1","NCK1","EWSR1"
"HDAC1","AHSA1","EWSR1"
"HDAC1","BTK","EWSR1"
"HDAC1","TNK2","EWSR1"
"HDAC1","YAP1","EWSR1"
"HDAC1","CD19","EWSR1"
"HDAC1","STAT1","EWSR1"
"HDAC1","HSP90AB1","EWSR1"
"HDAC1","DVL2","EWSR1"
"HDAC1","MAP2K2","EWSR1"
"HDAC1","MAPK10","EWSR1"
"HDAC1","DYRK1B","EWSR1"
"HDAC1","MEK1/2","EWSR1"
"HDAC1","JAK1","EWSR1"
"HDAC1","PTPN7","EWSR1"
"HDAC1","CDKN2A","EWSR1"
"HDAC1","MAP4K1","EWSR1"
"HDAC1","EPS15","EWSR1"
"HDAC1","IKK-complex","EWSR1"
"HDAC1","SHC1","EWSR1"
"HDAC1","MAPK8IP3","EWSR1"
"HDAC1","AXIN1","EWSR1"
"HDAC1","MAPKAPK5","EWSR1"
"HDAC1","DUSP16","EWSR1"
"HDAC1","EPHA2","EWSR1"
"HDAC1","MAP3K8","EWSR1"
"HDAC1","PTPRR","EWSR1"
"HDAC1","BDKRB2","EWSR1"
"HDAC1","FLT4","EWSR1"
"HDAC1","BMX","EWSR1"
"HDAC1","PTK2B","EWSR1"
"HDAC1","SNW1","EWSR1"
"HDAC1","NEK6","EWSR1"
"HDAC1","PRKCI","EWSR1"
"HDAC1","CTNND1","EWSR1"
"HDAC1","PIN1","EWSR1"
"HDAC1","PARD6A","EWSR1"
"HDAC1","CEP192","EWSR1"
"HDAC1","GAB1","EWSR1"
"HDAC1","PTPRA","EWSR1"
"HDAC1","GRIP1","EWSR1"
"HDAC1","ESR1","EWSR1"
"HDAC1","ARRB2","EWSR1"
"HDAC1","INPP5D","EWSR1"
"HDAC1","GAB2","EWSR1"
"HDAC1","EZH2","EWSR1"
"HDAC1","BCR-Dk","EWSR1"
"HDAC1","BCAR1","EWSR1"
"HDAC1","BCR-Ml","EWSR1"
"HDAC1","NOTCH","EWSR1"
"HDAC1","NCOA1","EWSR1"
"HDAC1","FERMT2","EWSR1"
"HDAC1","ZMIZ1","EWSR1"
"HDAC1","TAB3","EWSR1"
"HDAC1","NPM1","EWSR1"
"HDAC1","GCSAM","EWSR1"
"HDAC1","OPTN","EWSR1"
"HDAC1","SPRY2","EWSR1"
"HDAC1","BCR-Dl","EWSR1"
"HDAC1","DDX58","EWSR1"
"HDAC1","ROR2","EWSR1"
"HDAC1","IFIH1","EWSR1"
"HDAC1","SH2B3","EWSR1"
"HDAC1","DAB1","EWSR1"
"HDAC1","BCR-Mk","EWSR1"
"HDAC1","PLCG2","EWSR1"
"HDAC1","CHUK","UGT2B7"
"HDAC1","RPS6KA2","UGT2B7"
"HDAC1","PTEN","UGT2B7"
"HDAC1","MAPK8","UGT2B7"
"HDAC1","MTOR","UGT2B7"
"HDAC1","AKT1","UGT2B7"
"HDAC1","PRKCD","UGT2B7"
"HDAC1","MAPK1","UGT2B7"
"HDAC1","PTPN1","UGT2B7"
"HDAC1","Gbeta","UGT2B7"
"HDAC1","KRAS","UGT2B7"
"HDAC1","KIT","UGT2B7"
"HDAC1","PTPRJ","UGT2B7"
"HDAC1","RPS6KB1","UGT2B7"
"HDAC1","EIF2AK2","UGT2B7"
"HDAC1","PDPK1","UGT2B7"
"HDAC1","MAML3","UGT2B7"
"HDAC1","MAP3K14","UGT2B7"
"HDAC1","MAP2K1","UGT2B7"
"HDAC1","GSK3B","UGT2B7"
"HDAC1","TGFBR2","UGT2B7"
"HDAC1","PAK2","UGT2B7"
"HDAC1","PPP1R2","UGT2B7"
"HDAC1","CDK5","UGT2B7"
"HDAC1","AKT","UGT2B7"
"HDAC1","MAPK9","UGT2B7"
"HDAC1","WWTR1","UGT2B7"
"HDAC1","RACK1","UGT2B7"
"HDAC1","DAPK1","UGT2B7"
"HDAC1","PXN","UGT2B7"
"HDAC1","PRKD1","UGT2B7"
"HDAC1","ABL2","UGT2B7"
"HDAC1","FBXW7","UGT2B7"
"HDAC1","ITK","UGT2B7"
"HDAC1","NCK1","UGT2B7"
"HDAC1","AHSA1","UGT2B7"
"HDAC1","BTK","UGT2B7"
"HDAC1","TNK2","UGT2B7"
"HDAC1","YAP1","UGT2B7"
"HDAC1","CD19","UGT2B7"
"HDAC1","STAT1","UGT2B7"
"HDAC1","HSP90AB1","UGT2B7"
"HDAC1","DVL2","UGT2B7"
"HDAC1","MAP2K2","UGT2B7"
"HDAC1","MAPK10","UGT2B7"
"HDAC1","DYRK1B","UGT2B7"
"HDAC1","MEK1/2","UGT2B7"
"HDAC1","JAK1","UGT2B7"
"HDAC1","PTPN7","UGT2B7"
"HDAC1","CDKN2A","UGT2B7"
"HDAC1","MAP4K1","UGT2B7"
"HDAC1","EPS15","UGT2B7"
"HDAC1","IKK-complex","UGT2B7"
"HDAC1","SHC1","UGT2B7"
"HDAC1","MAPK8IP3","UGT2B7"
"HDAC1","AXIN1","UGT2B7"
"HDAC1","MAPKAPK5","UGT2B7"
"HDAC1","DUSP16","UGT2B7"
"HDAC1","EPHA2","UGT2B7"
"HDAC1","MAP3K8","UGT2B7"
"HDAC1","PTPRR","UGT2B7"
"HDAC1","BDKRB2","UGT2B7"
"HDAC1","FLT4","UGT2B7"
"HDAC1","BMX","UGT2B7"
"HDAC1","PTK2B","UGT2B7"
"HDAC1","SNW1","UGT2B7"
"HDAC1","NEK6","UGT2B7"
"HDAC1","PRKCI","UGT2B7"
"HDAC1","CTNND1","UGT2B7"
"HDAC1","PIN1","UGT2B7"
"HDAC1","PARD6A","UGT2B7"
"HDAC1","CEP192","UGT2B7"
"HDAC1","GAB1","UGT2B7"
"HDAC1","PTPRA","UGT2B7"
"HDAC1","GRIP1","UGT2B7"
"HDAC1","ESR1","UGT2B7"
"HDAC1","ARRB2","UGT2B7"
"HDAC1","INPP5D","UGT2B7"
"HDAC1","GAB2","UGT2B7"
"HDAC1","EZH2","UGT2B7"
"HDAC1","BCR-Dk","UGT2B7"
"HDAC1","BCAR1","UGT2B7"
"HDAC1","BCR-Ml","UGT2B7"
"HDAC1","NOTCH","UGT2B7"
"HDAC1","NCOA1","UGT2B7"
"HDAC1","FERMT2","UGT2B7"
"HDAC1","ZMIZ1","UGT2B7"
"HDAC1","TAB3","UGT2B7"
"HDAC1","NPM1","UGT2B7"
"HDAC1","GCSAM","UGT2B7"
"HDAC1","OPTN","UGT2B7"
"HDAC1","SPRY2","UGT2B7"
"HDAC1","BCR-Dl","UGT2B7"
"HDAC1","DDX58","UGT2B7"
"HDAC1","ROR2","UGT2B7"
"HDAC1","IFIH1","UGT2B7"
"HDAC1","SH2B3","UGT2B7"
"HDAC1","DAB1","UGT2B7"
"HDAC1","BCR-Mk","UGT2B7"
"HDAC1","PLCG2","UGT2B7"
"HDAC1","CHUK","KARS1"
"HDAC1","SRC","KARS1"
"HDAC1","RPS6KA2","KARS1"
"HDAC1","PTEN","KARS1"
"HDAC1","MAPK8","KARS1"
"HDAC1","MTOR","KARS1"
"HDAC1","AKT1","KARS1"
"HDAC1","PRKCD","KARS1"
"HDAC1","MAPK1","KARS1"
"HDAC1","PTPN1","KARS1"
"HDAC1","Gbeta","KARS1"
"HDAC1","KRAS","KARS1"
"HDAC1","KIT","KARS1"
"HDAC1","PTPRJ","KARS1"
"HDAC1","RPS6KB1","KARS1"
"HDAC1","EIF2AK2","KARS1"
"HDAC1","PDPK1","KARS1"
"HDAC1","MAML3","KARS1"
"HDAC1","MAP3K14","KARS1"
"HDAC1","MAP2K1","KARS1"
"HDAC1","GSK3B","KARS1"
"HDAC1","TGFBR2","KARS1"
"HDAC1","PAK2","KARS1"
"HDAC1","PPP1R2","KARS1"
"HDAC1","CDK5","KARS1"
"HDAC1","AKT","KARS1"
"HDAC1","MAPK9","KARS1"
"HDAC1","WWTR1","KARS1"
"HDAC1","RACK1","KARS1"
"HDAC1","DAPK1","KARS1"
"HDAC1","PXN","KARS1"
"HDAC1","PRKD1","KARS1"
"HDAC1","ABL2","KARS1"
"HDAC1","FBXW7","KARS1"
"HDAC1","ITK","KARS1"
"HDAC1","NCK1","KARS1"
"HDAC1","AHSA1","KARS1"
"HDAC1","BTK","KARS1"
"HDAC1","TNK2","KARS1"
"HDAC1","YAP1","KARS1"
"HDAC1","CD19","KARS1"
"HDAC1","STAT1","KARS1"
"HDAC1","HSP90AB1","KARS1"
"HDAC1","DVL2","KARS1"
"HDAC1","MAP2K2","KARS1"
"HDAC1","MAPK10","KARS1"
"HDAC1","DYRK1B","KARS1"
"HDAC1","MEK1/2","KARS1"
"HDAC1","JAK1","KARS1"
"HDAC1","PTPN7","KARS1"
"HDAC1","CDKN2A","KARS1"
"HDAC1","MAP4K1","KARS1"
"HDAC1","EPS15","KARS1"
"HDAC1","IKK-complex","KARS1"
"HDAC1","SHC1","KARS1"
"HDAC1","MAPK8IP3","KARS1"
"HDAC1","AXIN1","KARS1"
"HDAC1","MAPKAPK5","KARS1"
"HDAC1","DUSP16","KARS1"
"HDAC1","EPHA2","KARS1"
"HDAC1","PTPRR","KARS1"
"HDAC1","BDKRB2","KARS1"
"HDAC1","FLT4","KARS1"
"HDAC1","BMX","KARS1"
"HDAC1","PTK2B","KARS1"
"HDAC1","SNW1","KARS1"
"HDAC1","NEK6","KARS1"
"HDAC1","PRKCI","KARS1"
"HDAC1","CTNND1","KARS1"
"HDAC1","PIN1","KARS1"
"HDAC1","PARD6A","KARS1"
"HDAC1","CEP192","KARS1"
"HDAC1","GAB1","KARS1"
"HDAC1","PTPRA","KARS1"
"HDAC1","GRIP1","KARS1"
"HDAC1","ESR1","KARS1"
"HDAC1","ARRB2","KARS1"
"HDAC1","INPP5D","KARS1"
"HDAC1","GAB2","KARS1"
"HDAC1","EZH2","KARS1"
"HDAC1","BCR-Dk","KARS1"
"HDAC1","BCAR1","KARS1"
"HDAC1","BCR-Ml","KARS1"
"HDAC1","NOTCH","KARS1"
"HDAC1","NCOA1","KARS1"
"HDAC1","FERMT2","KARS1"
"HDAC1","ZMIZ1","KARS1"
"HDAC1","TAB3","KARS1"
"HDAC1","NPM1","KARS1"
"HDAC1","GCSAM","KARS1"
"HDAC1","OPTN","KARS1"
"HDAC1","SPRY2","KARS1"
"HDAC1","BCR-Dl","KARS1"
"HDAC1","DDX58","KARS1"
"HDAC1","ROR2","KARS1"
"HDAC1","IFIH1","KARS1"
"HDAC1","SH2B3","KARS1"
"HDAC1","DAB1","KARS1"
"HDAC1","BCR-Mk","KARS1"
"HDAC1","PLCG2","KARS1"
"HDAC1","CHUK","SNRNP70"
"HDAC1","SRC","SNRNP70"
"HDAC1","RPS6KA2","SNRNP70"
"HDAC1","PTEN","SNRNP70"
"HDAC1","MAPK8","SNRNP70"
"HDAC1","MTOR","SNRNP70"
"HDAC1","AKT1","SNRNP70"
"HDAC1","PRKCD","SNRNP70"
"HDAC1","MAPK1","SNRNP70"
"HDAC1","PTPN1","SNRNP70"
"HDAC1","Gbeta","SNRNP70"
"HDAC1","KRAS","SNRNP70"
"HDAC1","KIT","SNRNP70"
"HDAC1","PTPRJ","SNRNP70"
"HDAC1","RPS6KB1","SNRNP70"
"HDAC1","EIF2AK2","SNRNP70"
"HDAC1","PDPK1","SNRNP70"
"HDAC1","MAML3","SNRNP70"
"HDAC1","MAP3K14","SNRNP70"
"HDAC1","MAP2K1","SNRNP70"
"HDAC1","GSK3B","SNRNP70"
"HDAC1","TGFBR2","SNRNP70"
"HDAC1","PAK2","SNRNP70"
"HDAC1","PPP1R2","SNRNP70"
"HDAC1","CDK5","SNRNP70"
"HDAC1","AKT","SNRNP70"
"HDAC1","MAPK9","SNRNP70"
"HDAC1","WWTR1","SNRNP70"
"HDAC1","RACK1","SNRNP70"
"HDAC1","DAPK1","SNRNP70"
"HDAC1","PXN","SNRNP70"
"HDAC1","PRKD1","SNRNP70"
"HDAC1","ABL2","SNRNP70"
"HDAC1","FBXW7","SNRNP70"
"HDAC1","ITK","SNRNP70"
"HDAC1","NCK1","SNRNP70"
"HDAC1","AHSA1","SNRNP70"
"HDAC1","BTK","SNRNP70"
"HDAC1","TNK2","SNRNP70"
"HDAC1","YAP1","SNRNP70"
"HDAC1","CD19","SNRNP70"
"HDAC1","STAT1","SNRNP70"
"HDAC1","HSP90AB1","SNRNP70"
"HDAC1","DVL2","SNRNP70"
"HDAC1","MAP2K2","SNRNP70"
"HDAC1","MAPK10","SNRNP70"
"HDAC1","DYRK1B","SNRNP70"
"HDAC1","MEK1/2","SNRNP70"
"HDAC1","JAK1","SNRNP70"
"HDAC1","PTPN7","SNRNP70"
"HDAC1","CDKN2A","SNRNP70"
"HDAC1","MAP4K1","SNRNP70"
"HDAC1","EPS15","SNRNP70"
"HDAC1","IKK-complex","SNRNP70"
"HDAC1","SHC1","SNRNP70"
"HDAC1","MAPK8IP3","SNRNP70"
"HDAC1","AXIN1","SNRNP70"
"HDAC1","MAPKAPK5","SNRNP70"
"HDAC1","DUSP16","SNRNP70"
"HDAC1","EPHA2","SNRNP70"
"HDAC1","MAP3K8","SNRNP70"
"HDAC1","PTPRR","SNRNP70"
"HDAC1","BDKRB2","SNRNP70"
"HDAC1","FLT4","SNRNP70"
"HDAC1","BMX","SNRNP70"
"HDAC1","PTK2B","SNRNP70"
"HDAC1","SNW1","SNRNP70"
"HDAC1","NEK6","SNRNP70"
"HDAC1","PRKCI","SNRNP70"
"HDAC1","CTNND1","SNRNP70"
"HDAC1","PIN1","SNRNP70"
"HDAC1","PARD6A","SNRNP70"
"HDAC1","CEP192","SNRNP70"
"HDAC1","GAB1","SNRNP70"
"HDAC1","PTPRA","SNRNP70"
"HDAC1","GRIP1","SNRNP70"
"HDAC1","ESR1","SNRNP70"
"HDAC1","ARRB2","SNRNP70"
"HDAC1","INPP5D","SNRNP70"
"HDAC1","GAB2","SNRNP70"
"HDAC1","EZH2","SNRNP70"
"HDAC1","BCR-Dk","SNRNP70"
"HDAC1","BCAR1","SNRNP70"
"HDAC1","BCR-Ml","SNRNP70"
"HDAC1","NOTCH","SNRNP70"
"HDAC1","NCOA1","SNRNP70"
"HDAC1","FERMT2","SNRNP70"
"HDAC1","ZMIZ1","SNRNP70"
"HDAC1","TAB3","SNRNP70"
"HDAC1","NPM1","SNRNP70"
"HDAC1","GCSAM","SNRNP70"
"HDAC1","OPTN","SNRNP70"
"HDAC1","SPRY2","SNRNP70"
"HDAC1","BCR-Dl","SNRNP70"
"HDAC1","DDX58","SNRNP70"
"HDAC1","ROR2","SNRNP70"
"HDAC1","IFIH1","SNRNP70"
"HDAC1","SH2B3","SNRNP70"
"HDAC1","DAB1","SNRNP70"
"HDAC1","BCR-Mk","SNRNP70"
"HDAC1","PLCG2","SNRNP70"
"HDAC1","CHUK","WASF1"
"HDAC1","RPS6KA2","WASF1"
"HDAC1","PTEN","WASF1"
"HDAC1","MAPK8","WASF1"
"HDAC1","MTOR","WASF1"
"HDAC1","AKT1","WASF1"
"HDAC1","PRKCD","WASF1"
"HDAC1","MAPK1","WASF1"
"HDAC1","PTPN1","WASF1"
"HDAC1","Gbeta","WASF1"
"HDAC1","KRAS","WASF1"
"HDAC1","KIT","WASF1"
"HDAC1","PTPRJ","WASF1"
"HDAC1","RPS6KB1","WASF1"
"HDAC1","EIF2AK2","WASF1"
"HDAC1","PDPK1","WASF1"
"HDAC1","MAML3","WASF1"
"HDAC1","MAP3K14","WASF1"
"HDAC1","MAP2K1","WASF1"
"HDAC1","GSK3B","WASF1"
"HDAC1","TGFBR2","WASF1"
"HDAC1","PAK2","WASF1"
"HDAC1","PPP1R2","WASF1"
"HDAC1","CDK5","WASF1"
"HDAC1","AKT","WASF1"
"HDAC1","MAPK9","WASF1"
"HDAC1","WWTR1","WASF1"
"HDAC1","RACK1","WASF1"
"HDAC1","DAPK1","WASF1"
"HDAC1","PXN","WASF1"
"HDAC1","PRKD1","WASF1"
"HDAC1","ABL2","WASF1"
"HDAC1","FBXW7","WASF1"
"HDAC1","ITK","WASF1"
"HDAC1","NCK1","WASF1"
"HDAC1","AHSA1","WASF1"
"HDAC1","BTK","WASF1"
"HDAC1","TNK2","WASF1"
"HDAC1","YAP1","WASF1"
"HDAC1","CD19","WASF1"
"HDAC1","STAT1","WASF1"
"HDAC1","HSP90AB1","WASF1"
"HDAC1","DVL2","WASF1"
"HDAC1","MAP2K2","WASF1"
"HDAC1","MAPK10","WASF1"
"HDAC1","DYRK1B","WASF1"
"HDAC1","MEK1/2","WASF1"
"HDAC1","JAK1","WASF1"
"HDAC1","PTPN7","WASF1"
"HDAC1","CDKN2A","WASF1"
"HDAC1","MAP4K1","WASF1"
"HDAC1","EPS15","WASF1"
"HDAC1","IKK-complex","WASF1"
"HDAC1","SHC1","WASF1"
"HDAC1","MAPK8IP3","WASF1"
"HDAC1","AXIN1","WASF1"
"HDAC1","MAPKAPK5","WASF1"
"HDAC1","DUSP16","WASF1"
"HDAC1","EPHA2","WASF1"
"HDAC1","MAP3K8","WASF1"
"HDAC1","PTPRR","WASF1"
"HDAC1","BDKRB2","WASF1"
"HDAC1","FLT4","WASF1"
"HDAC1","BMX","WASF1"
"HDAC1","PTK2B","WASF1"
"HDAC1","SNW1","WASF1"
"HDAC1","NEK6","WASF1"
"HDAC1","PRKCI","WASF1"
"HDAC1","CTNND1","WASF1"
"HDAC1","PIN1","WASF1"
"HDAC1","PARD6A","WASF1"
"HDAC1","CEP192","WASF1"
"HDAC1","GAB1","WASF1"
"HDAC1","PTPRA","WASF1"
"HDAC1","GRIP1","WASF1"
"HDAC1","ESR1","WASF1"
"HDAC1","ARRB2","WASF1"
"HDAC1","INPP5D","WASF1"
"HDAC1","GAB2","WASF1"
"HDAC1","EZH2","WASF1"
"HDAC1","BCR-Dk","WASF1"
"HDAC1","BCAR1","WASF1"
"HDAC1","BCR-Ml","WASF1"
"HDAC1","NOTCH","WASF1"
"HDAC1","NCOA1","WASF1"
"HDAC1","FERMT2","WASF1"
"HDAC1","ZMIZ1","WASF1"
"HDAC1","TAB3","WASF1"
"HDAC1","NPM1","WASF1"
"HDAC1","GCSAM","WASF1"
"HDAC1","OPTN","WASF1"
"HDAC1","SPRY2","WASF1"
"HDAC1","BCR-Dl","WASF1"
"HDAC1","DDX58","WASF1"
"HDAC1","ROR2","WASF1"
"HDAC1","IFIH1","WASF1"
"HDAC1","SH2B3","WASF1"
"HDAC1","DAB1","WASF1"
"HDAC1","BCR-Mk","WASF1"
"HDAC1","PLCG2","WASF1"
"HDAC1","CHUK","ZNHIT1"
"HDAC1","SRC","ZNHIT1"
"HDAC1","RPS6KA2","ZNHIT1"
"HDAC1","PTEN","ZNHIT1"
"HDAC1","MAPK8","ZNHIT1"
"HDAC1","MTOR","ZNHIT1"
"HDAC1","AKT1","ZNHIT1"
"HDAC1","PRKCD","ZNHIT1"
"HDAC1","MAPK1","ZNHIT1"
"HDAC1","PTPN1","ZNHIT1"
"HDAC1","Gbeta","ZNHIT1"
"HDAC1","KRAS","ZNHIT1"
"HDAC1","KIT","ZNHIT1"
"HDAC1","PTPRJ","ZNHIT1"
"HDAC1","RPS6KB1","ZNHIT1"
"HDAC1","EIF2AK2","ZNHIT1"
"HDAC1","PDPK1","ZNHIT1"
"HDAC1","MAML3","ZNHIT1"
"HDAC1","MAP3K14","ZNHIT1"
"HDAC1","MAP2K1","ZNHIT1"
"HDAC1","GSK3B","ZNHIT1"
"HDAC1","TGFBR2","ZNHIT1"
"HDAC1","PAK2","ZNHIT1"
"HDAC1","PPP1R2","ZNHIT1"
"HDAC1","CDK5","ZNHIT1"
"HDAC1","AKT","ZNHIT1"
"HDAC1","MAPK9","ZNHIT1"
"HDAC1","WWTR1","ZNHIT1"
"HDAC1","RACK1","ZNHIT1"
"HDAC1","DAPK1","ZNHIT1"
"HDAC1","PXN","ZNHIT1"
"HDAC1","PRKD1","ZNHIT1"
"HDAC1","ABL2","ZNHIT1"
"HDAC1","FBXW7","ZNHIT1"
"HDAC1","ITK","ZNHIT1"
"HDAC1","NCK1","ZNHIT1"
"HDAC1","AHSA1","ZNHIT1"
"HDAC1","BTK","ZNHIT1"
"HDAC1","TNK2","ZNHIT1"
"HDAC1","YAP1","ZNHIT1"
"HDAC1","CD19","ZNHIT1"
"HDAC1","STAT1","ZNHIT1"
"HDAC1","HSP90AB1","ZNHIT1"
"HDAC1","DVL2","ZNHIT1"
"HDAC1","MAP2K2","ZNHIT1"
"HDAC1","MAPK10","ZNHIT1"
"HDAC1","DYRK1B","ZNHIT1"
"HDAC1","MEK1/2","ZNHIT1"
"HDAC1","JAK1","ZNHIT1"
"HDAC1","PTPN7","ZNHIT1"
"HDAC1","CDKN2A","ZNHIT1"
"HDAC1","MAP4K1","ZNHIT1"
"HDAC1","EPS15","ZNHIT1"
"HDAC1","IKK-complex","ZNHIT1"
"HDAC1","SHC1","ZNHIT1"
"HDAC1","MAPK8IP3","ZNHIT1"
"HDAC1","AXIN1","ZNHIT1"
"HDAC1","MAPKAPK5","ZNHIT1"
"HDAC1","DUSP16","ZNHIT1"
"HDAC1","EPHA2","ZNHIT1"
"HDAC1","PTPRR","ZNHIT1"
"HDAC1","BDKRB2","ZNHIT1"
"HDAC1","FLT4","ZNHIT1"
"HDAC1","BMX","ZNHIT1"
"HDAC1","PTK2B","ZNHIT1"
"HDAC1","SNW1","ZNHIT1"
"HDAC1","NEK6","ZNHIT1"
"HDAC1","PRKCI","ZNHIT1"
"HDAC1","CTNND1","ZNHIT1"
"HDAC1","PIN1","ZNHIT1"
"HDAC1","PARD6A","ZNHIT1"
"HDAC1","CEP192","ZNHIT1"
"HDAC1","GAB1","ZNHIT1"
"HDAC1","PTPRA","ZNHIT1"
"HDAC1","GRIP1","ZNHIT1"
"HDAC1","ESR1","ZNHIT1"
"HDAC1","ARRB2","ZNHIT1"
"HDAC1","INPP5D","ZNHIT1"
"HDAC1","GAB2","ZNHIT1"
"HDAC1","EZH2","ZNHIT1"
"HDAC1","BCR-Dk","ZNHIT1"
"HDAC1","BCAR1","ZNHIT1"
"HDAC1","BCR-Ml","ZNHIT1"
"HDAC1","NOTCH","ZNHIT1"
"HDAC1","NCOA1","ZNHIT1"
"HDAC1","FERMT2","ZNHIT1"
"HDAC1","ZMIZ1","ZNHIT1"
"HDAC1","TAB3","ZNHIT1"
"HDAC1","NPM1","ZNHIT1"
"HDAC1","GCSAM","ZNHIT1"
"HDAC1","OPTN","ZNHIT1"
"HDAC1","SPRY2","ZNHIT1"
"HDAC1","BCR-Dl","ZNHIT1"
"HDAC1","DDX58","ZNHIT1"
"HDAC1","ROR2","ZNHIT1"
"HDAC1","IFIH1","ZNHIT1"
"HDAC1","SH2B3","ZNHIT1"
"HDAC1","DAB1","ZNHIT1"
"HDAC1","BCR-Mk","ZNHIT1"
"HDAC1","PLCG2","ZNHIT1"
"HDAC1","CHUK","KIZ"
"HDAC1","SRC","KIZ"
"HDAC1","RPS6KA2","KIZ"
"HDAC1","PTEN","KIZ"
"HDAC1","MAPK8","KIZ"
"HDAC1","MTOR","KIZ"
"HDAC1","AKT1","KIZ"
"HDAC1","PRKCD","KIZ"
"HDAC1","MAPK1","KIZ"
"HDAC1","PTPN1","KIZ"
"HDAC1","Gbeta","KIZ"
"HDAC1","KRAS","KIZ"
"HDAC1","KIT","KIZ"
"HDAC1","PTPRJ","KIZ"
"HDAC1","RPS6KB1","KIZ"
"HDAC1","EIF2AK2","KIZ"
"HDAC1","PDPK1","KIZ"
"HDAC1","MAML3","KIZ"
"HDAC1","MAP3K14","KIZ"
"HDAC1","MAP2K1","KIZ"
"HDAC1","GSK3B","KIZ"
"HDAC1","TGFBR2","KIZ"
"HDAC1","PAK2","KIZ"
"HDAC1","PPP1R2","KIZ"
"HDAC1","CDK5","KIZ"
"HDAC1","AKT","KIZ"
"HDAC1","MAPK9","KIZ"
"HDAC1","WWTR1","KIZ"
"HDAC1","RACK1","KIZ"
"HDAC1","DAPK1","KIZ"
"HDAC1","PXN","KIZ"
"HDAC1","PRKD1","KIZ"
"HDAC1","ABL2","KIZ"
"HDAC1","FBXW7","KIZ"
"HDAC1","ITK","KIZ"
"HDAC1","NCK1","KIZ"
"HDAC1","AHSA1","KIZ"
"HDAC1","BTK","KIZ"
"HDAC1","TNK2","KIZ"
"HDAC1","YAP1","KIZ"
"HDAC1","CD19","KIZ"
"HDAC1","STAT1","KIZ"
"HDAC1","HSP90AB1","KIZ"
"HDAC1","DVL2","KIZ"
"HDAC1","MAP2K2","KIZ"
"HDAC1","MAPK10","KIZ"
"HDAC1","DYRK1B","KIZ"
"HDAC1","MEK1/2","KIZ"
"HDAC1","JAK1","KIZ"
"HDAC1","PTPN7","KIZ"
"HDAC1","CDKN2A","KIZ"
"HDAC1","MAP4K1","KIZ"
"HDAC1","EPS15","KIZ"
"HDAC1","IKK-complex","KIZ"
"HDAC1","SHC1","KIZ"
"HDAC1","MAPK8IP3","KIZ"
"HDAC1","AXIN1","KIZ"
"HDAC1","MAPKAPK5","KIZ"
"HDAC1","DUSP16","KIZ"
"HDAC1","EPHA2","KIZ"
"HDAC1","PTPRR","KIZ"
"HDAC1","BDKRB2","KIZ"
"HDAC1","FLT4","KIZ"
"HDAC1","BMX","KIZ"
"HDAC1","PTK2B","KIZ"
"HDAC1","SNW1","KIZ"
"HDAC1","NEK6","KIZ"
"HDAC1","PRKCI","KIZ"
"HDAC1","CTNND1","KIZ"
"HDAC1","PIN1","KIZ"
"HDAC1","PARD6A","KIZ"
"HDAC1","CEP192","KIZ"
"HDAC1","GAB1","KIZ"
"HDAC1","PTPRA","KIZ"
"HDAC1","GRIP1","KIZ"
"HDAC1","ESR1","KIZ"
"HDAC1","ARRB2","KIZ"
"HDAC1","INPP5D","KIZ"
"HDAC1","GAB2","KIZ"
"HDAC1","EZH2","KIZ"
"HDAC1","BCR-Dk","KIZ"
"HDAC1","BCAR1","KIZ"
"HDAC1","BCR-Ml","KIZ"
"HDAC1","NOTCH","KIZ"
"HDAC1","NCOA1","KIZ"
"HDAC1","FERMT2","KIZ"
"HDAC1","ZMIZ1","KIZ"
"HDAC1","TAB3","KIZ"
"HDAC1","NPM1","KIZ"
"HDAC1","GCSAM","KIZ"
"HDAC1","OPTN","KIZ"
"HDAC1","SPRY2","KIZ"
"HDAC1","BCR-Dl","KIZ"
"HDAC1","DDX58","KIZ"
"HDAC1","ROR2","KIZ"
"HDAC1","IFIH1","KIZ"
"HDAC1","SH2B3","KIZ"
"HDAC1","DAB1","KIZ"
"HDAC1","BCR-Mk","KIZ"
"HDAC1","PLCG2","KIZ"
"HDAC1","CHUK","HBP1"
"HDAC1","SRC","HBP1"
"HDAC1","RPS6KA2","HBP1"
"HDAC1","PTEN","HBP1"
"HDAC1","MAPK8","HBP1"
"HDAC1","MTOR","HBP1"
"HDAC1","AKT1","HBP1"
"HDAC1","PRKCD","HBP1"
"HDAC1","MAPK1","HBP1"
"HDAC1","PTPN1","HBP1"
"HDAC1","Gbeta","HBP1"
"HDAC1","KRAS","HBP1"
"HDAC1","KIT","HBP1"
"HDAC1","PTPRJ","HBP1"
"HDAC1","RPS6KB1","HBP1"
"HDAC1","EIF2AK2","HBP1"
"HDAC1","PDPK1","HBP1"
"HDAC1","MAML3","HBP1"
"HDAC1","MAP3K14","HBP1"
"HDAC1","MAP2K1","HBP1"
"HDAC1","GSK3B","HBP1"
"HDAC1","TGFBR2","HBP1"
"HDAC1","PAK2","HBP1"
"HDAC1","PPP1R2","HBP1"
"HDAC1","CDK5","HBP1"
"HDAC1","AKT","HBP1"
"HDAC1","MAPK9","HBP1"
"HDAC1","WWTR1","HBP1"
"HDAC1","RACK1","HBP1"
"HDAC1","DAPK1","HBP1"
"HDAC1","PXN","HBP1"
"HDAC1","PRKD1","HBP1"
"HDAC1","ABL2","HBP1"
"HDAC1","FBXW7","HBP1"
"HDAC1","ITK","HBP1"
"HDAC1","NCK1","HBP1"
"HDAC1","AHSA1","HBP1"
"HDAC1","BTK","HBP1"
"HDAC1","TNK2","HBP1"
"HDAC1","YAP1","HBP1"
"HDAC1","CD19","HBP1"
"HDAC1","STAT1","HBP1"
"HDAC1","HSP90AB1","HBP1"
"HDAC1","DVL2","HBP1"
"HDAC1","MAP2K2","HBP1"
"HDAC1","MAPK10","HBP1"
"HDAC1","DYRK1B","HBP1"
"HDAC1","MEK1/2","HBP1"
"HDAC1","JAK1","HBP1"
"HDAC1","PTPN7","HBP1"
"HDAC1","CDKN2A","HBP1"
"HDAC1","MAP4K1","HBP1"
"HDAC1","EPS15","HBP1"
"HDAC1","IKK-complex","HBP1"
"HDAC1","SHC1","HBP1"
"HDAC1","MAPK8IP3","HBP1"
"HDAC1","AXIN1","HBP1"
"HDAC1","MAPKAPK5","HBP1"
"HDAC1","DUSP16","HBP1"
"HDAC1","EPHA2","HBP1"
"HDAC1","PTPRR","HBP1"
"HDAC1","BDKRB2","HBP1"
"HDAC1","FLT4","HBP1"
"HDAC1","BMX","HBP1"
"HDAC1","PTK2B","HBP1"
"HDAC1","SNW1","HBP1"
"HDAC1","NEK6","HBP1"
"HDAC1","PRKCI","HBP1"
"HDAC1","CTNND1","HBP1"
"HDAC1","PIN1","HBP1"
"HDAC1","PARD6A","HBP1"
"HDAC1","CEP192","HBP1"
"HDAC1","GAB1","HBP1"
"HDAC1","PTPRA","HBP1"
"HDAC1","GRIP1","HBP1"
"HDAC1","ESR1","HBP1"
"HDAC1","ARRB2","HBP1"
"HDAC1","INPP5D","HBP1"
"HDAC1","GAB2","HBP1"
"HDAC1","EZH2","HBP1"
"HDAC1","BCR-Dk","HBP1"
"HDAC1","BCAR1","HBP1"
"HDAC1","BCR-Ml","HBP1"
"HDAC1","NOTCH","HBP1"
"HDAC1","NCOA1","HBP1"
"HDAC1","FERMT2","HBP1"
"HDAC1","ZMIZ1","HBP1"
"HDAC1","TAB3","HBP1"
"HDAC1","NPM1","HBP1"
"HDAC1","GCSAM","HBP1"
"HDAC1","OPTN","HBP1"
"HDAC1","SPRY2","HBP1"
"HDAC1","BCR-Dl","HBP1"
"HDAC1","DDX58","HBP1"
"HDAC1","ROR2","HBP1"
"HDAC1","IFIH1","HBP1"
"HDAC1","SH2B3","HBP1"
"HDAC1","DAB1","HBP1"
"HDAC1","BCR-Mk","HBP1"
"HDAC1","PLCG2","HBP1"
"HDAC1","CHUK","CACNB1"
"HDAC1","SRC","CACNB1"
"HDAC1","RPS6KA2","CACNB1"
"HDAC1","PTEN","CACNB1"
"HDAC1","MAPK8","CACNB1"
"HDAC1","MTOR","CACNB1"
"HDAC1","AKT1","CACNB1"
"HDAC1","PRKCD","CACNB1"
"HDAC1","MAPK1","CACNB1"
"HDAC1","PTPN1","CACNB1"
"HDAC1","Gbeta","CACNB1"
"HDAC1","KRAS","CACNB1"
"HDAC1","KIT","CACNB1"
"HDAC1","PTPRJ","CACNB1"
"HDAC1","RPS6KB1","CACNB1"
"HDAC1","EIF2AK2","CACNB1"
"HDAC1","PDPK1","CACNB1"
"HDAC1","MAML3","CACNB1"
"HDAC1","MAP3K14","CACNB1"
"HDAC1","MAP2K1","CACNB1"
"HDAC1","GSK3B","CACNB1"
"HDAC1","TGFBR2","CACNB1"
"HDAC1","PAK2","CACNB1"
"HDAC1","PPP1R2","CACNB1"
"HDAC1","CDK5","CACNB1"
"HDAC1","AKT","CACNB1"
"HDAC1","MAPK9","CACNB1"
"HDAC1","WWTR1","CACNB1"
"HDAC1","RACK1","CACNB1"
"HDAC1","DAPK1","CACNB1"
"HDAC1","PXN","CACNB1"
"HDAC1","PRKD1","CACNB1"
"HDAC1","ABL2","CACNB1"
"HDAC1","FBXW7","CACNB1"
"HDAC1","ITK","CACNB1"
"HDAC1","NCK1","CACNB1"
"HDAC1","AHSA1","CACNB1"
"HDAC1","BTK","CACNB1"
"HDAC1","TNK2","CACNB1"
"HDAC1","YAP1","CACNB1"
"HDAC1","CD19","CACNB1"
"HDAC1","STAT1","CACNB1"
"HDAC1","HSP90AB1","CACNB1"
"HDAC1","DVL2","CACNB1"
"HDAC1","MAP2K2","CACNB1"
"HDAC1","MAPK10","CACNB1"
"HDAC1","DYRK1B","CACNB1"
"HDAC1","MEK1/2","CACNB1"
"HDAC1","JAK1","CACNB1"
"HDAC1","PTPN7","CACNB1"
"HDAC1","CDKN2A","CACNB1"
"HDAC1","MAP4K1","CACNB1"
"HDAC1","EPS15","CACNB1"
"HDAC1","IKK-complex","CACNB1"
"HDAC1","SHC1","CACNB1"
"HDAC1","MAPK8IP3","CACNB1"
"HDAC1","AXIN1","CACNB1"
"HDAC1","MAPKAPK5","CACNB1"
"HDAC1","DUSP16","CACNB1"
"HDAC1","EPHA2","CACNB1"
"HDAC1","PTPRR","CACNB1"
"HDAC1","BDKRB2","CACNB1"
"HDAC1","FLT4","CACNB1"
"HDAC1","BMX","CACNB1"
"HDAC1","PTK2B","CACNB1"
"HDAC1","SNW1","CACNB1"
"HDAC1","NEK6","CACNB1"
"HDAC1","PRKCI","CACNB1"
"HDAC1","CTNND1","CACNB1"
"HDAC1","PIN1","CACNB1"
"HDAC1","PARD6A","CACNB1"
"HDAC1","CEP192","CACNB1"
"HDAC1","GAB1","CACNB1"
"HDAC1","PTPRA","CACNB1"
"HDAC1","GRIP1","CACNB1"
"HDAC1","ESR1","CACNB1"
"HDAC1","ARRB2","CACNB1"
"HDAC1","INPP5D","CACNB1"
"HDAC1","GAB2","CACNB1"
"HDAC1","EZH2","CACNB1"
"HDAC1","BCR-Dk","CACNB1"
"HDAC1","BCAR1","CACNB1"
"HDAC1","BCR-Ml","CACNB1"
"HDAC1","NOTCH","CACNB1"
"HDAC1","NCOA1","CACNB1"
"HDAC1","FERMT2","CACNB1"
"HDAC1","ZMIZ1","CACNB1"
"HDAC1","TAB3","CACNB1"
"HDAC1","NPM1","CACNB1"
"HDAC1","GCSAM","CACNB1"
"HDAC1","OPTN","CACNB1"
"HDAC1","SPRY2","CACNB1"
"HDAC1","BCR-Dl","CACNB1"
"HDAC1","DDX58","CACNB1"
"HDAC1","ROR2","CACNB1"
"HDAC1","IFIH1","CACNB1"
"HDAC1","SH2B3","CACNB1"
"HDAC1","DAB1","CACNB1"
"HDAC1","BCR-Mk","CACNB1"
"HDAC1","PLCG2","CACNB1"
"HDAC1","CHUK","AEBP1"
"HDAC1","SRC","AEBP1"
"HDAC1","RPS6KA2","AEBP1"
"HDAC1","PTEN","AEBP1"
"HDAC1","MAPK8","AEBP1"
"HDAC1","MTOR","AEBP1"
"HDAC1","AKT1","AEBP1"
"HDAC1","PRKCD","AEBP1"
"HDAC1","PTPN1","AEBP1"
"HDAC1","Gbeta","AEBP1"
"HDAC1","KRAS","AEBP1"
"HDAC1","KIT","AEBP1"
"HDAC1","PTPRJ","AEBP1"
"HDAC1","RPS6KB1","AEBP1"
"HDAC1","EIF2AK2","AEBP1"
"HDAC1","PDPK1","AEBP1"
"HDAC1","MAML3","AEBP1"
"HDAC1","MAP3K14","AEBP1"
"HDAC1","MAP2K1","AEBP1"
"HDAC1","GSK3B","AEBP1"
"HDAC1","TGFBR2","AEBP1"
"HDAC1","PAK2","AEBP1"
"HDAC1","PPP1R2","AEBP1"
"HDAC1","CDK5","AEBP1"
"HDAC1","AKT","AEBP1"
"HDAC1","MAPK9","AEBP1"
"HDAC1","WWTR1","AEBP1"
"HDAC1","RACK1","AEBP1"
"HDAC1","DAPK1","AEBP1"
"HDAC1","PXN","AEBP1"
"HDAC1","PRKD1","AEBP1"
"HDAC1","ABL2","AEBP1"
"HDAC1","FBXW7","AEBP1"
"HDAC1","ITK","AEBP1"
"HDAC1","NCK1","AEBP1"
"HDAC1","AHSA1","AEBP1"
"HDAC1","BTK","AEBP1"
"HDAC1","TNK2","AEBP1"
"HDAC1","YAP1","AEBP1"
"HDAC1","CD19","AEBP1"
"HDAC1","STAT1","AEBP1"
"HDAC1","HSP90AB1","AEBP1"
"HDAC1","DVL2","AEBP1"
"HDAC1","MAP2K2","AEBP1"
"HDAC1","MAPK10","AEBP1"
"HDAC1","DYRK1B","AEBP1"
"HDAC1","MEK1/2","AEBP1"
"HDAC1","JAK1","AEBP1"
"HDAC1","PTPN7","AEBP1"
"HDAC1","CDKN2A","AEBP1"
"HDAC1","MAP4K1","AEBP1"
"HDAC1","EPS15","AEBP1"
"HDAC1","IKK-complex","AEBP1"
"HDAC1","SHC1","AEBP1"
"HDAC1","MAPK8IP3","AEBP1"
"HDAC1","AXIN1","AEBP1"
"HDAC1","MAPKAPK5","AEBP1"
"HDAC1","DUSP16","AEBP1"
"HDAC1","EPHA2","AEBP1"
"HDAC1","PTPRR","AEBP1"
"HDAC1","BDKRB2","AEBP1"
"HDAC1","FLT4","AEBP1"
"HDAC1","BMX","AEBP1"
"HDAC1","PTK2B","AEBP1"
"HDAC1","SNW1","AEBP1"
"HDAC1","NEK6","AEBP1"
"HDAC1","PRKCI","AEBP1"
"HDAC1","CTNND1","AEBP1"
"HDAC1","PIN1","AEBP1"
"HDAC1","PARD6A","AEBP1"
"HDAC1","CEP192","AEBP1"
"HDAC1","GAB1","AEBP1"
"HDAC1","PTPRA","AEBP1"
"HDAC1","GRIP1","AEBP1"
"HDAC1","ESR1","AEBP1"
"HDAC1","ARRB2","AEBP1"
"HDAC1","INPP5D","AEBP1"
"HDAC1","GAB2","AEBP1"
"HDAC1","EZH2","AEBP1"
"HDAC1","BCR-Dk","AEBP1"
"HDAC1","BCAR1","AEBP1"
"HDAC1","BCR-Ml","AEBP1"
"HDAC1","NOTCH","AEBP1"
"HDAC1","NCOA1","AEBP1"
"HDAC1","FERMT2","AEBP1"
"HDAC1","ZMIZ1","AEBP1"
"HDAC1","TAB3","AEBP1"
"HDAC1","NPM1","AEBP1"
"HDAC1","GCSAM","AEBP1"
"HDAC1","OPTN","AEBP1"
"HDAC1","SPRY2","AEBP1"
"HDAC1","BCR-Dl","AEBP1"
"HDAC1","DDX58","AEBP1"
"HDAC1","ROR2","AEBP1"
"HDAC1","IFIH1","AEBP1"
"HDAC1","SH2B3","AEBP1"
"HDAC1","DAB1","AEBP1"
"HDAC1","BCR-Mk","AEBP1"
"HDAC1","PLCG2","AEBP1"
"HDAC1","CHUK","PANX1"
"HDAC1","RPS6KA2","PANX1"
"HDAC1","PTEN","PANX1"
"HDAC1","MAPK8","PANX1"
"HDAC1","MTOR","PANX1"
"HDAC1","AKT1","PANX1"
"HDAC1","PRKCD","PANX1"
"HDAC1","MAPK1","PANX1"
"HDAC1","PTPN1","PANX1"
"HDAC1","Gbeta","PANX1"
"HDAC1","KRAS","PANX1"
"HDAC1","KIT","PANX1"
"HDAC1","PTPRJ","PANX1"
"HDAC1","RPS6KB1","PANX1"
"HDAC1","EIF2AK2","PANX1"
"HDAC1","PDPK1","PANX1"
"HDAC1","MAML3","PANX1"
"HDAC1","MAP3K14","PANX1"
"HDAC1","MAP2K1","PANX1"
"HDAC1","GSK3B","PANX1"
"HDAC1","TGFBR2","PANX1"
"HDAC1","PAK2","PANX1"
"HDAC1","PPP1R2","PANX1"
"HDAC1","CDK5","PANX1"
"HDAC1","AKT","PANX1"
"HDAC1","MAPK9","PANX1"
"HDAC1","WWTR1","PANX1"
"HDAC1","RACK1","PANX1"
"HDAC1","DAPK1","PANX1"
"HDAC1","PXN","PANX1"
"HDAC1","PRKD1","PANX1"
"HDAC1","ABL2","PANX1"
"HDAC1","FBXW7","PANX1"
"HDAC1","ITK","PANX1"
"HDAC1","NCK1","PANX1"
"HDAC1","AHSA1","PANX1"
"HDAC1","BTK","PANX1"
"HDAC1","TNK2","PANX1"
"HDAC1","YAP1","PANX1"
"HDAC1","CD19","PANX1"
"HDAC1","STAT1","PANX1"
"HDAC1","HSP90AB1","PANX1"
"HDAC1","DVL2","PANX1"
"HDAC1","MAP2K2","PANX1"
"HDAC1","MAPK10","PANX1"
"HDAC1","DYRK1B","PANX1"
"HDAC1","MEK1/2","PANX1"
"HDAC1","JAK1","PANX1"
"HDAC1","PTPN7","PANX1"
"HDAC1","CDKN2A","PANX1"
"HDAC1","MAP4K1","PANX1"
"HDAC1","EPS15","PANX1"
"HDAC1","IKK-complex","PANX1"
"HDAC1","SHC1","PANX1"
"HDAC1","MAPK8IP3","PANX1"
"HDAC1","AXIN1","PANX1"
"HDAC1","MAPKAPK5","PANX1"
"HDAC1","DUSP16","PANX1"
"HDAC1","EPHA2","PANX1"
"HDAC1","MAP3K8","PANX1"
"HDAC1","PTPRR","PANX1"
"HDAC1","BDKRB2","PANX1"
"HDAC1","FLT4","PANX1"
"HDAC1","BMX","PANX1"
"HDAC1","PTK2B","PANX1"
"HDAC1","SNW1","PANX1"
"HDAC1","NEK6","PANX1"
"HDAC1","PRKCI","PANX1"
"HDAC1","CTNND1","PANX1"
"HDAC1","PIN1","PANX1"
"HDAC1","PARD6A","PANX1"
"HDAC1","CEP192","PANX1"
"HDAC1","GAB1","PANX1"
"HDAC1","PTPRA","PANX1"
"HDAC1","GRIP1","PANX1"
"HDAC1","ESR1","PANX1"
"HDAC1","ARRB2","PANX1"
"HDAC1","INPP5D","PANX1"
"HDAC1","GAB2","PANX1"
"HDAC1","EZH2","PANX1"
"HDAC1","BCR-Dk","PANX1"
"HDAC1","BCAR1","PANX1"
"HDAC1","BCR-Ml","PANX1"
"HDAC1","NOTCH","PANX1"
"HDAC1","NCOA1","PANX1"
"HDAC1","FERMT2","PANX1"
"HDAC1","ZMIZ1","PANX1"
"HDAC1","TAB3","PANX1"
"HDAC1","NPM1","PANX1"
"HDAC1","GCSAM","PANX1"
"HDAC1","OPTN","PANX1"
"HDAC1","SPRY2","PANX1"
"HDAC1","BCR-Dl","PANX1"
"HDAC1","DDX58","PANX1"
"HDAC1","ROR2","PANX1"
"HDAC1","IFIH1","PANX1"
"HDAC1","SH2B3","PANX1"
"HDAC1","DAB1","PANX1"
"HDAC1","BCR-Mk","PANX1"
"HDAC1","PLCG2","PANX1"
"HDAC1","CHUK","PKP3"
"HDAC1","RPS6KA2","PKP3"
"HDAC1","PTEN","PKP3"
"HDAC1","MAPK8","PKP3"
"HDAC1","MTOR","PKP3"
"HDAC1","AKT1","PKP3"
"HDAC1","PRKCD","PKP3"
"HDAC1","MAPK1","PKP3"
"HDAC1","PTPN1","PKP3"
"HDAC1","Gbeta","PKP3"
"HDAC1","KRAS","PKP3"
"HDAC1","KIT","PKP3"
"HDAC1","PTPRJ","PKP3"
"HDAC1","RPS6KB1","PKP3"
"HDAC1","EIF2AK2","PKP3"
"HDAC1","PDPK1","PKP3"
"HDAC1","MAML3","PKP3"
"HDAC1","MAP3K14","PKP3"
"HDAC1","MAP2K1","PKP3"
"HDAC1","GSK3B","PKP3"
"HDAC1","TGFBR2","PKP3"
"HDAC1","PAK2","PKP3"
"HDAC1","PPP1R2","PKP3"
"HDAC1","CDK5","PKP3"
"HDAC1","AKT","PKP3"
"HDAC1","MAPK9","PKP3"
"HDAC1","WWTR1","PKP3"
"HDAC1","RACK1","PKP3"
"HDAC1","DAPK1","PKP3"
"HDAC1","PXN","PKP3"
"HDAC1","PRKD1","PKP3"
"HDAC1","ABL2","PKP3"
"HDAC1","FBXW7","PKP3"
"HDAC1","ITK","PKP3"
"HDAC1","NCK1","PKP3"
"HDAC1","AHSA1","PKP3"
"HDAC1","BTK","PKP3"
"HDAC1","TNK2","PKP3"
"HDAC1","YAP1","PKP3"
"HDAC1","CD19","PKP3"
"HDAC1","STAT1","PKP3"
"HDAC1","HSP90AB1","PKP3"
"HDAC1","DVL2","PKP3"
"HDAC1","MAP2K2","PKP3"
"HDAC1","MAPK10","PKP3"
"HDAC1","DYRK1B","PKP3"
"HDAC1","MEK1/2","PKP3"
"HDAC1","JAK1","PKP3"
"HDAC1","PTPN7","PKP3"
"HDAC1","CDKN2A","PKP3"
"HDAC1","MAP4K1","PKP3"
"HDAC1","EPS15","PKP3"
"HDAC1","IKK-complex","PKP3"
"HDAC1","SHC1","PKP3"
"HDAC1","MAPK8IP3","PKP3"
"HDAC1","AXIN1","PKP3"
"HDAC1","MAPKAPK5","PKP3"
"HDAC1","DUSP16","PKP3"
"HDAC1","EPHA2","PKP3"
"HDAC1","MAP3K8","PKP3"
"HDAC1","PTPRR","PKP3"
"HDAC1","BDKRB2","PKP3"
"HDAC1","FLT4","PKP3"
"HDAC1","BMX","PKP3"
"HDAC1","PTK2B","PKP3"
"HDAC1","SNW1","PKP3"
"HDAC1","NEK6","PKP3"
"HDAC1","PRKCI","PKP3"
"HDAC1","CTNND1","PKP3"
"HDAC1","PIN1","PKP3"
"HDAC1","PARD6A","PKP3"
"HDAC1","CEP192","PKP3"
"HDAC1","GAB1","PKP3"
"HDAC1","PTPRA","PKP3"
"HDAC1","GRIP1","PKP3"
"HDAC1","ESR1","PKP3"
"HDAC1","ARRB2","PKP3"
"HDAC1","INPP5D","PKP3"
"HDAC1","GAB2","PKP3"
"HDAC1","EZH2","PKP3"
"HDAC1","BCR-Dk","PKP3"
"HDAC1","BCAR1","PKP3"
"HDAC1","BCR-Ml","PKP3"
"HDAC1","NOTCH","PKP3"
"HDAC1","NCOA1","PKP3"
"HDAC1","FERMT2","PKP3"
"HDAC1","ZMIZ1","PKP3"
"HDAC1","TAB3","PKP3"
"HDAC1","NPM1","PKP3"
"HDAC1","GCSAM","PKP3"
"HDAC1","OPTN","PKP3"
"HDAC1","SPRY2","PKP3"
"HDAC1","BCR-Dl","PKP3"
"HDAC1","DDX58","PKP3"
"HDAC1","ROR2","PKP3"
"HDAC1","IFIH1","PKP3"
"HDAC1","SH2B3","PKP3"
"HDAC1","DAB1","PKP3"
"HDAC1","BCR-Mk","PKP3"
"HDAC1","PLCG2","PKP3"
"HDAC1","CHUK","PARP10"
"HDAC1","SRC","PARP10"
"HDAC1","RPS6KA2","PARP10"
"HDAC1","PTEN","PARP10"
"HDAC1","MAPK8","PARP10"
"HDAC1","MTOR","PARP10"
"HDAC1","AKT1","PARP10"
"HDAC1","PRKCD","PARP10"
"HDAC1","MAPK1","PARP10"
"HDAC1","PTPN1","PARP10"
"HDAC1","Gbeta","PARP10"
"HDAC1","KRAS","PARP10"
"HDAC1","KIT","PARP10"
"HDAC1","PTPRJ","PARP10"
"HDAC1","RPS6KB1","PARP10"
"HDAC1","EIF2AK2","PARP10"
"HDAC1","PDPK1","PARP10"
"HDAC1","MAML3","PARP10"
"HDAC1","MAP3K14","PARP10"
"HDAC1","MAP2K1","PARP10"
"HDAC1","GSK3B","PARP10"
"HDAC1","TGFBR2","PARP10"
"HDAC1","PAK2","PARP10"
"HDAC1","PPP1R2","PARP10"
"HDAC1","CDK5","PARP10"
"HDAC1","AKT","PARP10"
"HDAC1","MAPK9","PARP10"
"HDAC1","WWTR1","PARP10"
"HDAC1","RACK1","PARP10"
"HDAC1","DAPK1","PARP10"
"HDAC1","PXN","PARP10"
"HDAC1","PRKD1","PARP10"
"HDAC1","ABL2","PARP10"
"HDAC1","FBXW7","PARP10"
"HDAC1","ITK","PARP10"
"HDAC1","NCK1","PARP10"
"HDAC1","AHSA1","PARP10"
"HDAC1","BTK","PARP10"
"HDAC1","TNK2","PARP10"
"HDAC1","YAP1","PARP10"
"HDAC1","CD19","PARP10"
"HDAC1","STAT1","PARP10"
"HDAC1","HSP90AB1","PARP10"
"HDAC1","DVL2","PARP10"
"HDAC1","MAP2K2","PARP10"
"HDAC1","MAPK10","PARP10"
"HDAC1","DYRK1B","PARP10"
"HDAC1","MEK1/2","PARP10"
"HDAC1","JAK1","PARP10"
"HDAC1","PTPN7","PARP10"
"HDAC1","CDKN2A","PARP10"
"HDAC1","MAP4K1","PARP10"
"HDAC1","EPS15","PARP10"
"HDAC1","IKK-complex","PARP10"
"HDAC1","SHC1","PARP10"
"HDAC1","MAPK8IP3","PARP10"
"HDAC1","AXIN1","PARP10"
"HDAC1","MAPKAPK5","PARP10"
"HDAC1","DUSP16","PARP10"
"HDAC1","EPHA2","PARP10"
"HDAC1","PTPRR","PARP10"
"HDAC1","BDKRB2","PARP10"
"HDAC1","FLT4","PARP10"
"HDAC1","BMX","PARP10"
"HDAC1","PTK2B","PARP10"
"HDAC1","SNW1","PARP10"
"HDAC1","NEK6","PARP10"
"HDAC1","PRKCI","PARP10"
"HDAC1","CTNND1","PARP10"
"HDAC1","PIN1","PARP10"
"HDAC1","PARD6A","PARP10"
"HDAC1","CEP192","PARP10"
"HDAC1","GAB1","PARP10"
"HDAC1","PTPRA","PARP10"
"HDAC1","GRIP1","PARP10"
"HDAC1","ESR1","PARP10"
"HDAC1","ARRB2","PARP10"
"HDAC1","INPP5D","PARP10"
"HDAC1","GAB2","PARP10"
"HDAC1","EZH2","PARP10"
"HDAC1","BCR-Dk","PARP10"
"HDAC1","BCAR1","PARP10"
"HDAC1","BCR-Ml","PARP10"
"HDAC1","NOTCH","PARP10"
"HDAC1","NCOA1","PARP10"
"HDAC1","FERMT2","PARP10"
"HDAC1","ZMIZ1","PARP10"
"HDAC1","TAB3","PARP10"
"HDAC1","NPM1","PARP10"
"HDAC1","GCSAM","PARP10"
"HDAC1","OPTN","PARP10"
"HDAC1","SPRY2","PARP10"
"HDAC1","BCR-Dl","PARP10"
"HDAC1","DDX58","PARP10"
"HDAC1","ROR2","PARP10"
"HDAC1","IFIH1","PARP10"
"HDAC1","SH2B3","PARP10"
"HDAC1","DAB1","PARP10"
"HDAC1","BCR-Mk","PARP10"
"HDAC1","PLCG2","PARP10"
"HDAC1","CHUK","MFN1"
"HDAC1","SRC","MFN1"
"HDAC1","RPS6KA2","MFN1"
"HDAC1","PTEN","MFN1"
"HDAC1","MAPK8","MFN1"
"HDAC1","MTOR","MFN1"
"HDAC1","AKT1","MFN1"
"HDAC1","PRKCD","MFN1"
"HDAC1","MAPK1","MFN1"
"HDAC1","PTPN1","MFN1"
"HDAC1","Gbeta","MFN1"
"HDAC1","KRAS","MFN1"
"HDAC1","KIT","MFN1"
"HDAC1","PTPRJ","MFN1"
"HDAC1","RPS6KB1","MFN1"
"HDAC1","EIF2AK2","MFN1"
"HDAC1","PDPK1","MFN1"
"HDAC1","MAML3","MFN1"
"HDAC1","MAP3K14","MFN1"
"HDAC1","MAP2K1","MFN1"
"HDAC1","GSK3B","MFN1"
"HDAC1","TGFBR2","MFN1"
"HDAC1","PAK2","MFN1"
"HDAC1","PPP1R2","MFN1"
"HDAC1","CDK5","MFN1"
"HDAC1","AKT","MFN1"
"HDAC1","MAPK9","MFN1"
"HDAC1","WWTR1","MFN1"
"HDAC1","RACK1","MFN1"
"HDAC1","DAPK1","MFN1"
"HDAC1","PXN","MFN1"
"HDAC1","PRKD1","MFN1"
"HDAC1","ABL2","MFN1"
"HDAC1","FBXW7","MFN1"
"HDAC1","ITK","MFN1"
"HDAC1","NCK1","MFN1"
"HDAC1","AHSA1","MFN1"
"HDAC1","BTK","MFN1"
"HDAC1","TNK2","MFN1"
"HDAC1","YAP1","MFN1"
"HDAC1","CD19","MFN1"
"HDAC1","STAT1","MFN1"
"HDAC1","HSP90AB1","MFN1"
"HDAC1","DVL2","MFN1"
"HDAC1","MAP2K2","MFN1"
"HDAC1","MAPK10","MFN1"
"HDAC1","DYRK1B","MFN1"
"HDAC1","MEK1/2","MFN1"
"HDAC1","JAK1","MFN1"
"HDAC1","PTPN7","MFN1"
"HDAC1","CDKN2A","MFN1"
"HDAC1","MAP4K1","MFN1"
"HDAC1","EPS15","MFN1"
"HDAC1","IKK-complex","MFN1"
"HDAC1","SHC1","MFN1"
"HDAC1","MAPK8IP3","MFN1"
"HDAC1","AXIN1","MFN1"
"HDAC1","MAPKAPK5","MFN1"
"HDAC1","DUSP16","MFN1"
"HDAC1","EPHA2","MFN1"
"HDAC1","PTPRR","MFN1"
"HDAC1","BDKRB2","MFN1"
"HDAC1","FLT4","MFN1"
"HDAC1","BMX","MFN1"
"HDAC1","PTK2B","MFN1"
"HDAC1","SNW1","MFN1"
"HDAC1","NEK6","MFN1"
"HDAC1","PRKCI","MFN1"
"HDAC1","CTNND1","MFN1"
"HDAC1","PIN1","MFN1"
"HDAC1","PARD6A","MFN1"
"HDAC1","CEP192","MFN1"
"HDAC1","GAB1","MFN1"
"HDAC1","PTPRA","MFN1"
"HDAC1","GRIP1","MFN1"
"HDAC1","ESR1","MFN1"
"HDAC1","ARRB2","MFN1"
"HDAC1","INPP5D","MFN1"
"HDAC1","GAB2","MFN1"
"HDAC1","EZH2","MFN1"
"HDAC1","BCR-Dk","MFN1"
"HDAC1","BCAR1","MFN1"
"HDAC1","BCR-Ml","MFN1"
"HDAC1","NOTCH","MFN1"
"HDAC1","NCOA1","MFN1"
"HDAC1","FERMT2","MFN1"
"HDAC1","ZMIZ1","MFN1"
"HDAC1","TAB3","MFN1"
"HDAC1","NPM1","MFN1"
"HDAC1","GCSAM","MFN1"
"HDAC1","OPTN","MFN1"
"HDAC1","SPRY2","MFN1"
"HDAC1","BCR-Dl","MFN1"
"HDAC1","DDX58","MFN1"
"HDAC1","ROR2","MFN1"
"HDAC1","IFIH1","MFN1"
"HDAC1","SH2B3","MFN1"
"HDAC1","DAB1","MFN1"
"HDAC1","BCR-Mk","MFN1"
"HDAC1","PLCG2","MFN1"
"HDAC1","CHUK","Enolase"
"HDAC1","RPS6KA2","Enolase"
"HDAC1","PTEN","Enolase"
"HDAC1","MAPK8","Enolase"
"HDAC1","MTOR","Enolase"
"HDAC1","AKT1","Enolase"
"HDAC1","PRKCD","Enolase"
"HDAC1","MAPK1","Enolase"
"HDAC1","PTPN1","Enolase"
"HDAC1","Gbeta","Enolase"
"HDAC1","KRAS","Enolase"
"HDAC1","KIT","Enolase"
"HDAC1","PTPRJ","Enolase"
"HDAC1","RPS6KB1","Enolase"
"HDAC1","EIF2AK2","Enolase"
"HDAC1","PDPK1","Enolase"
"HDAC1","MAML3","Enolase"
"HDAC1","MAP3K14","Enolase"
"HDAC1","MAP2K1","Enolase"
"HDAC1","GSK3B","Enolase"
"HDAC1","TGFBR2","Enolase"
"HDAC1","PAK2","Enolase"
"HDAC1","PPP1R2","Enolase"
"HDAC1","CDK5","Enolase"
"HDAC1","AKT","Enolase"
"HDAC1","MAPK9","Enolase"
"HDAC1","WWTR1","Enolase"
"HDAC1","RACK1","Enolase"
"HDAC1","DAPK1","Enolase"
"HDAC1","PXN","Enolase"
"HDAC1","PRKD1","Enolase"
"HDAC1","ABL2","Enolase"
"HDAC1","FBXW7","Enolase"
"HDAC1","ITK","Enolase"
"HDAC1","NCK1","Enolase"
"HDAC1","AHSA1","Enolase"
"HDAC1","BTK","Enolase"
"HDAC1","TNK2","Enolase"
"HDAC1","YAP1","Enolase"
"HDAC1","CD19","Enolase"
"HDAC1","STAT1","Enolase"
"HDAC1","HSP90AB1","Enolase"
"HDAC1","DVL2","Enolase"
"HDAC1","MAP2K2","Enolase"
"HDAC1","MAPK10","Enolase"
"HDAC1","DYRK1B","Enolase"
"HDAC1","MEK1/2","Enolase"
"HDAC1","JAK1","Enolase"
"HDAC1","PTPN7","Enolase"
"HDAC1","CDKN2A","Enolase"
"HDAC1","MAP4K1","Enolase"
"HDAC1","EPS15","Enolase"
"HDAC1","IKK-complex","Enolase"
"HDAC1","SHC1","Enolase"
"HDAC1","MAPK8IP3","Enolase"
"HDAC1","AXIN1","Enolase"
"HDAC1","MAPKAPK5","Enolase"
"HDAC1","DUSP16","Enolase"
"HDAC1","EPHA2","Enolase"
"HDAC1","MAP3K8","Enolase"
"HDAC1","PTPRR","Enolase"
"HDAC1","BDKRB2","Enolase"
"HDAC1","FLT4","Enolase"
"HDAC1","BMX","Enolase"
"HDAC1","PTK2B","Enolase"
"HDAC1","SNW1","Enolase"
"HDAC1","NEK6","Enolase"
"HDAC1","PRKCI","Enolase"
"HDAC1","CTNND1","Enolase"
"HDAC1","PIN1","Enolase"
"HDAC1","PARD6A","Enolase"
"HDAC1","CEP192","Enolase"
"HDAC1","GAB1","Enolase"
"HDAC1","PTPRA","Enolase"
"HDAC1","GRIP1","Enolase"
"HDAC1","ESR1","Enolase"
"HDAC1","ARRB2","Enolase"
"HDAC1","INPP5D","Enolase"
"HDAC1","GAB2","Enolase"
"HDAC1","EZH2","Enolase"
"HDAC1","BCR-Dk","Enolase"
"HDAC1","BCAR1","Enolase"
"HDAC1","BCR-Ml","Enolase"
"HDAC1","NOTCH","Enolase"
"HDAC1","NCOA1","Enolase"
"HDAC1","FERMT2","Enolase"
"HDAC1","ZMIZ1","Enolase"
"HDAC1","TAB3","Enolase"
"HDAC1","NPM1","Enolase"
"HDAC1","GCSAM","Enolase"
"HDAC1","OPTN","Enolase"
"HDAC1","SPRY2","Enolase"
"HDAC1","BCR-Dl","Enolase"
"HDAC1","DDX58","Enolase"
"HDAC1","ROR2","Enolase"
"HDAC1","IFIH1","Enolase"
"HDAC1","SH2B3","Enolase"
"HDAC1","DAB1","Enolase"
"HDAC1","BCR-Mk","Enolase"
"HDAC1","PLCG2","Enolase"
"HDAC1","CHUK","RSF1"
"HDAC1","SRC","RSF1"
"HDAC1","RPS6KA2","RSF1"
"HDAC1","PTEN","RSF1"
"HDAC1","MAPK8","RSF1"
"HDAC1","MTOR","RSF1"
"HDAC1","AKT1","RSF1"
"HDAC1","PRKCD","RSF1"
"HDAC1","MAPK1","RSF1"
"HDAC1","PTPN1","RSF1"
"HDAC1","Gbeta","RSF1"
"HDAC1","KRAS","RSF1"
"HDAC1","KIT","RSF1"
"HDAC1","PTPRJ","RSF1"
"HDAC1","RPS6KB1","RSF1"
"HDAC1","EIF2AK2","RSF1"
"HDAC1","PDPK1","RSF1"
"HDAC1","MAML3","RSF1"
"HDAC1","MAP3K14","RSF1"
"HDAC1","MAP2K1","RSF1"
"HDAC1","GSK3B","RSF1"
"HDAC1","TGFBR2","RSF1"
"HDAC1","PAK2","RSF1"
"HDAC1","PPP1R2","RSF1"
"HDAC1","CDK5","RSF1"
"HDAC1","AKT","RSF1"
"HDAC1","MAPK9","RSF1"
"HDAC1","WWTR1","RSF1"
"HDAC1","RACK1","RSF1"
"HDAC1","DAPK1","RSF1"
"HDAC1","PXN","RSF1"
"HDAC1","PRKD1","RSF1"
"HDAC1","ABL2","RSF1"
"HDAC1","FBXW7","RSF1"
"HDAC1","ITK","RSF1"
"HDAC1","NCK1","RSF1"
"HDAC1","AHSA1","RSF1"
"HDAC1","BTK","RSF1"
"HDAC1","TNK2","RSF1"
"HDAC1","YAP1","RSF1"
"HDAC1","CD19","RSF1"
"HDAC1","STAT1","RSF1"
"HDAC1","HSP90AB1","RSF1"
"HDAC1","DVL2","RSF1"
"HDAC1","MAP2K2","RSF1"
"HDAC1","MAPK10","RSF1"
"HDAC1","DYRK1B","RSF1"
"HDAC1","MEK1/2","RSF1"
"HDAC1","JAK1","RSF1"
"HDAC1","PTPN7","RSF1"
"HDAC1","CDKN2A","RSF1"
"HDAC1","MAP4K1","RSF1"
"HDAC1","EPS15","RSF1"
"HDAC1","IKK-complex","RSF1"
"HDAC1","SHC1","RSF1"
"HDAC1","MAPK8IP3","RSF1"
"HDAC1","AXIN1","RSF1"
"HDAC1","MAPKAPK5","RSF1"
"HDAC1","DUSP16","RSF1"
"HDAC1","EPHA2","RSF1"
"HDAC1","PTPRR","RSF1"
"HDAC1","BDKRB2","RSF1"
"HDAC1","FLT4","RSF1"
"HDAC1","BMX","RSF1"
"HDAC1","PTK2B","RSF1"
"HDAC1","SNW1","RSF1"
"HDAC1","NEK6","RSF1"
"HDAC1","PRKCI","RSF1"
"HDAC1","CTNND1","RSF1"
"HDAC1","PIN1","RSF1"
"HDAC1","PARD6A","RSF1"
"HDAC1","CEP192","RSF1"
"HDAC1","GAB1","RSF1"
"HDAC1","PTPRA","RSF1"
"HDAC1","GRIP1","RSF1"
"HDAC1","ESR1","RSF1"
"HDAC1","ARRB2","RSF1"
"HDAC1","INPP5D","RSF1"
"HDAC1","GAB2","RSF1"
"HDAC1","EZH2","RSF1"
"HDAC1","BCR-Dk","RSF1"
"HDAC1","BCAR1","RSF1"
"HDAC1","BCR-Ml","RSF1"
"HDAC1","NOTCH","RSF1"
"HDAC1","NCOA1","RSF1"
"HDAC1","FERMT2","RSF1"
"HDAC1","ZMIZ1","RSF1"
"HDAC1","TAB3","RSF1"
"HDAC1","NPM1","RSF1"
"HDAC1","GCSAM","RSF1"
"HDAC1","OPTN","RSF1"
"HDAC1","SPRY2","RSF1"
"HDAC1","BCR-Dl","RSF1"
"HDAC1","DDX58","RSF1"
"HDAC1","ROR2","RSF1"
"HDAC1","IFIH1","RSF1"
"HDAC1","SH2B3","RSF1"
"HDAC1","DAB1","RSF1"
"HDAC1","BCR-Mk","RSF1"
"HDAC1","PLCG2","RSF1"
"HDAC1","CHUK","NCKIPSD"
"HDAC1","SRC","NCKIPSD"
"HDAC1","RPS6KA2","NCKIPSD"
"HDAC1","PTEN","NCKIPSD"
"HDAC1","MAPK8","NCKIPSD"
"HDAC1","MTOR","NCKIPSD"
"HDAC1","AKT1","NCKIPSD"
"HDAC1","PRKCD","NCKIPSD"
"HDAC1","MAPK1","NCKIPSD"
"HDAC1","PTPN1","NCKIPSD"
"HDAC1","Gbeta","NCKIPSD"
"HDAC1","KRAS","NCKIPSD"
"HDAC1","KIT","NCKIPSD"
"HDAC1","PTPRJ","NCKIPSD"
"HDAC1","RPS6KB1","NCKIPSD"
"HDAC1","EIF2AK2","NCKIPSD"
"HDAC1","PDPK1","NCKIPSD"
"HDAC1","MAML3","NCKIPSD"
"HDAC1","MAP3K14","NCKIPSD"
"HDAC1","MAP2K1","NCKIPSD"
"HDAC1","GSK3B","NCKIPSD"
"HDAC1","TGFBR2","NCKIPSD"
"HDAC1","PAK2","NCKIPSD"
"HDAC1","PPP1R2","NCKIPSD"
"HDAC1","CDK5","NCKIPSD"
"HDAC1","AKT","NCKIPSD"
"HDAC1","MAPK9","NCKIPSD"
"HDAC1","WWTR1","NCKIPSD"
"HDAC1","RACK1","NCKIPSD"
"HDAC1","DAPK1","NCKIPSD"
"HDAC1","PXN","NCKIPSD"
"HDAC1","PRKD1","NCKIPSD"
"HDAC1","ABL2","NCKIPSD"
"HDAC1","FBXW7","NCKIPSD"
"HDAC1","ITK","NCKIPSD"
"HDAC1","NCK1","NCKIPSD"
"HDAC1","AHSA1","NCKIPSD"
"HDAC1","BTK","NCKIPSD"
"HDAC1","TNK2","NCKIPSD"
"HDAC1","YAP1","NCKIPSD"
"HDAC1","CD19","NCKIPSD"
"HDAC1","STAT1","NCKIPSD"
"HDAC1","HSP90AB1","NCKIPSD"
"HDAC1","DVL2","NCKIPSD"
"HDAC1","MAP2K2","NCKIPSD"
"HDAC1","MAPK10","NCKIPSD"
"HDAC1","DYRK1B","NCKIPSD"
"HDAC1","MEK1/2","NCKIPSD"
"HDAC1","JAK1","NCKIPSD"
"HDAC1","PTPN7","NCKIPSD"
"HDAC1","CDKN2A","NCKIPSD"
"HDAC1","MAP4K1","NCKIPSD"
"HDAC1","EPS15","NCKIPSD"
"HDAC1","IKK-complex","NCKIPSD"
"HDAC1","SHC1","NCKIPSD"
"HDAC1","MAPK8IP3","NCKIPSD"
"HDAC1","AXIN1","NCKIPSD"
"HDAC1","MAPKAPK5","NCKIPSD"
"HDAC1","DUSP16","NCKIPSD"
"HDAC1","EPHA2","NCKIPSD"
"HDAC1","PTPRR","NCKIPSD"
"HDAC1","BDKRB2","NCKIPSD"
"HDAC1","FLT4","NCKIPSD"
"HDAC1","BMX","NCKIPSD"
"HDAC1","PTK2B","NCKIPSD"
"HDAC1","SNW1","NCKIPSD"
"HDAC1","NEK6","NCKIPSD"
"HDAC1","PRKCI","NCKIPSD"
"HDAC1","CTNND1","NCKIPSD"
"HDAC1","PIN1","NCKIPSD"
"HDAC1","PARD6A","NCKIPSD"
"HDAC1","CEP192","NCKIPSD"
"HDAC1","GAB1","NCKIPSD"
"HDAC1","PTPRA","NCKIPSD"
"HDAC1","GRIP1","NCKIPSD"
"HDAC1","ESR1","NCKIPSD"
"HDAC1","ARRB2","NCKIPSD"
"HDAC1","INPP5D","NCKIPSD"
"HDAC1","GAB2","NCKIPSD"
"HDAC1","EZH2","NCKIPSD"
"HDAC1","BCR-Dk","NCKIPSD"
"HDAC1","BCAR1","NCKIPSD"
"HDAC1","BCR-Ml","NCKIPSD"
"HDAC1","NOTCH","NCKIPSD"
"HDAC1","NCOA1","NCKIPSD"
"HDAC1","FERMT2","NCKIPSD"
"HDAC1","ZMIZ1","NCKIPSD"
"HDAC1","TAB3","NCKIPSD"
"HDAC1","NPM1","NCKIPSD"
"HDAC1","GCSAM","NCKIPSD"
"HDAC1","OPTN","NCKIPSD"
"HDAC1","SPRY2","NCKIPSD"
"HDAC1","BCR-Dl","NCKIPSD"
"HDAC1","DDX58","NCKIPSD"
"HDAC1","ROR2","NCKIPSD"
"HDAC1","IFIH1","NCKIPSD"
"HDAC1","SH2B3","NCKIPSD"
"HDAC1","DAB1","NCKIPSD"
"HDAC1","BCR-Mk","NCKIPSD"
"HDAC1","PLCG2","NCKIPSD"
"HDAC1","CHUK","ARHGAP31"
"HDAC1","SRC","ARHGAP31"
"HDAC1","RPS6KA2","ARHGAP31"
"HDAC1","PTEN","ARHGAP31"
"HDAC1","MAPK8","ARHGAP31"
"HDAC1","MTOR","ARHGAP31"
"HDAC1","AKT1","ARHGAP31"
"HDAC1","PRKCD","ARHGAP31"
"HDAC1","MAPK1","ARHGAP31"
"HDAC1","PTPN1","ARHGAP31"
"HDAC1","Gbeta","ARHGAP31"
"HDAC1","KRAS","ARHGAP31"
"HDAC1","KIT","ARHGAP31"
"HDAC1","PTPRJ","ARHGAP31"
"HDAC1","RPS6KB1","ARHGAP31"
"HDAC1","EIF2AK2","ARHGAP31"
"HDAC1","PDPK1","ARHGAP31"
"HDAC1","MAML3","ARHGAP31"
"HDAC1","MAP3K14","ARHGAP31"
"HDAC1","MAP2K1","ARHGAP31"
"HDAC1","GSK3B","ARHGAP31"
"HDAC1","TGFBR2","ARHGAP31"
"HDAC1","PAK2","ARHGAP31"
"HDAC1","PPP1R2","ARHGAP31"
"HDAC1","CDK5","ARHGAP31"
"HDAC1","AKT","ARHGAP31"
"HDAC1","MAPK9","ARHGAP31"
"HDAC1","WWTR1","ARHGAP31"
"HDAC1","RACK1","ARHGAP31"
"HDAC1","DAPK1","ARHGAP31"
"HDAC1","PXN","ARHGAP31"
"HDAC1","PRKD1","ARHGAP31"
"HDAC1","ABL2","ARHGAP31"
"HDAC1","FBXW7","ARHGAP31"
"HDAC1","ITK","ARHGAP31"
"HDAC1","NCK1","ARHGAP31"
"HDAC1","AHSA1","ARHGAP31"
"HDAC1","BTK","ARHGAP31"
"HDAC1","TNK2","ARHGAP31"
"HDAC1","YAP1","ARHGAP31"
"HDAC1","CD19","ARHGAP31"
"HDAC1","STAT1","ARHGAP31"
"HDAC1","HSP90AB1","ARHGAP31"
"HDAC1","DVL2","ARHGAP31"
"HDAC1","MAP2K2","ARHGAP31"
"HDAC1","MAPK10","ARHGAP31"
"HDAC1","DYRK1B","ARHGAP31"
"HDAC1","MEK1/2","ARHGAP31"
"HDAC1","JAK1","ARHGAP31"
"HDAC1","PTPN7","ARHGAP31"
"HDAC1","CDKN2A","ARHGAP31"
"HDAC1","MAP4K1","ARHGAP31"
"HDAC1","EPS15","ARHGAP31"
"HDAC1","IKK-complex","ARHGAP31"
"HDAC1","SHC1","ARHGAP31"
"HDAC1","MAPK8IP3","ARHGAP31"
"HDAC1","AXIN1","ARHGAP31"
"HDAC1","MAPKAPK5","ARHGAP31"
"HDAC1","DUSP16","ARHGAP31"
"HDAC1","EPHA2","ARHGAP31"
"HDAC1","PTPRR","ARHGAP31"
"HDAC1","BDKRB2","ARHGAP31"
"HDAC1","FLT4","ARHGAP31"
"HDAC1","BMX","ARHGAP31"
"HDAC1","PTK2B","ARHGAP31"
"HDAC1","SNW1","ARHGAP31"
"HDAC1","NEK6","ARHGAP31"
"HDAC1","PRKCI","ARHGAP31"
"HDAC1","CTNND1","ARHGAP31"
"HDAC1","PIN1","ARHGAP31"
"HDAC1","PARD6A","ARHGAP31"
"HDAC1","CEP192","ARHGAP31"
"HDAC1","GAB1","ARHGAP31"
"HDAC1","PTPRA","ARHGAP31"
"HDAC1","GRIP1","ARHGAP31"
"HDAC1","ESR1","ARHGAP31"
"HDAC1","ARRB2","ARHGAP31"
"HDAC1","INPP5D","ARHGAP31"
"HDAC1","GAB2","ARHGAP31"
"HDAC1","EZH2","ARHGAP31"
"HDAC1","BCR-Dk","ARHGAP31"
"HDAC1","BCAR1","ARHGAP31"
"HDAC1","BCR-Ml","ARHGAP31"
"HDAC1","NOTCH","ARHGAP31"
"HDAC1","NCOA1","ARHGAP31"
"HDAC1","FERMT2","ARHGAP31"
"HDAC1","ZMIZ1","ARHGAP31"
"HDAC1","TAB3","ARHGAP31"
"HDAC1","NPM1","ARHGAP31"
"HDAC1","GCSAM","ARHGAP31"
"HDAC1","OPTN","ARHGAP31"
"HDAC1","SPRY2","ARHGAP31"
"HDAC1","BCR-Dl","ARHGAP31"
"HDAC1","DDX58","ARHGAP31"
"HDAC1","ROR2","ARHGAP31"
"HDAC1","IFIH1","ARHGAP31"
"HDAC1","SH2B3","ARHGAP31"
"HDAC1","DAB1","ARHGAP31"
"HDAC1","BCR-Mk","ARHGAP31"
"HDAC1","PLCG2","ARHGAP31"
"HDAC1","CHUK","TNFAIP3"
"HDAC1","SRC","TNFAIP3"
"HDAC1","RPS6KA2","TNFAIP3"
"HDAC1","PTEN","TNFAIP3"
"HDAC1","MAPK8","TNFAIP3"
"HDAC1","MTOR","TNFAIP3"
"HDAC1","AKT1","TNFAIP3"
"HDAC1","PRKCD","TNFAIP3"
"HDAC1","MAPK1","TNFAIP3"
"HDAC1","PTPN1","TNFAIP3"
"HDAC1","Gbeta","TNFAIP3"
"HDAC1","KRAS","TNFAIP3"
"HDAC1","KIT","TNFAIP3"
"HDAC1","PTPRJ","TNFAIP3"
"HDAC1","RPS6KB1","TNFAIP3"
"HDAC1","EIF2AK2","TNFAIP3"
"HDAC1","PDPK1","TNFAIP3"
"HDAC1","MAML3","TNFAIP3"
"HDAC1","MAP3K14","TNFAIP3"
"HDAC1","MAP2K1","TNFAIP3"
"HDAC1","GSK3B","TNFAIP3"
"HDAC1","TGFBR2","TNFAIP3"
"HDAC1","PAK2","TNFAIP3"
"HDAC1","PPP1R2","TNFAIP3"
"HDAC1","CDK5","TNFAIP3"
"HDAC1","AKT","TNFAIP3"
"HDAC1","MAPK9","TNFAIP3"
"HDAC1","WWTR1","TNFAIP3"
"HDAC1","RACK1","TNFAIP3"
"HDAC1","DAPK1","TNFAIP3"
"HDAC1","PXN","TNFAIP3"
"HDAC1","PRKD1","TNFAIP3"
"HDAC1","ABL2","TNFAIP3"
"HDAC1","FBXW7","TNFAIP3"
"HDAC1","ITK","TNFAIP3"
"HDAC1","NCK1","TNFAIP3"
"HDAC1","AHSA1","TNFAIP3"
"HDAC1","BTK","TNFAIP3"
"HDAC1","TNK2","TNFAIP3"
"HDAC1","YAP1","TNFAIP3"
"HDAC1","CD19","TNFAIP3"
"HDAC1","STAT1","TNFAIP3"
"HDAC1","HSP90AB1","TNFAIP3"
"HDAC1","DVL2","TNFAIP3"
"HDAC1","MAP2K2","TNFAIP3"
"HDAC1","MAPK10","TNFAIP3"
"HDAC1","DYRK1B","TNFAIP3"
"HDAC1","MEK1/2","TNFAIP3"
"HDAC1","JAK1","TNFAIP3"
"HDAC1","PTPN7","TNFAIP3"
"HDAC1","CDKN2A","TNFAIP3"
"HDAC1","MAP4K1","TNFAIP3"
"HDAC1","EPS15","TNFAIP3"
"HDAC1","IKK-complex","TNFAIP3"
"HDAC1","SHC1","TNFAIP3"
"HDAC1","MAPK8IP3","TNFAIP3"
"HDAC1","AXIN1","TNFAIP3"
"HDAC1","MAPKAPK5","TNFAIP3"
"HDAC1","DUSP16","TNFAIP3"
"HDAC1","EPHA2","TNFAIP3"
"HDAC1","MAP3K8","TNFAIP3"
"HDAC1","PTPRR","TNFAIP3"
"HDAC1","BDKRB2","TNFAIP3"
"HDAC1","FLT4","TNFAIP3"
"HDAC1","BMX","TNFAIP3"
"HDAC1","PTK2B","TNFAIP3"
"HDAC1","SNW1","TNFAIP3"
"HDAC1","NEK6","TNFAIP3"
"HDAC1","PRKCI","TNFAIP3"
"HDAC1","CTNND1","TNFAIP3"
"HDAC1","PIN1","TNFAIP3"
"HDAC1","PARD6A","TNFAIP3"
"HDAC1","CEP192","TNFAIP3"
"HDAC1","GAB1","TNFAIP3"
"HDAC1","PTPRA","TNFAIP3"
"HDAC1","GRIP1","TNFAIP3"
"HDAC1","ESR1","TNFAIP3"
"HDAC1","ARRB2","TNFAIP3"
"HDAC1","INPP5D","TNFAIP3"
"HDAC1","GAB2","TNFAIP3"
"HDAC1","EZH2","TNFAIP3"
"HDAC1","BCR-Dk","TNFAIP3"
"HDAC1","BCAR1","TNFAIP3"
"HDAC1","BCR-Ml","TNFAIP3"
"HDAC1","NOTCH","TNFAIP3"
"HDAC1","NCOA1","TNFAIP3"
"HDAC1","FERMT2","TNFAIP3"
"HDAC1","ZMIZ1","TNFAIP3"
"HDAC1","TAB3","TNFAIP3"
"HDAC1","NPM1","TNFAIP3"
"HDAC1","GCSAM","TNFAIP3"
"HDAC1","OPTN","TNFAIP3"
"HDAC1","SPRY2","TNFAIP3"
"HDAC1","BCR-Dl","TNFAIP3"
"HDAC1","DDX58","TNFAIP3"
"HDAC1","ROR2","TNFAIP3"
"HDAC1","IFIH1","TNFAIP3"
"HDAC1","SH2B3","TNFAIP3"
"HDAC1","DAB1","TNFAIP3"
"HDAC1","BCR-Mk","TNFAIP3"
"HDAC1","PLCG2","TNFAIP3"
"HDAC1","CHUK","ANAPC7"
"HDAC1","SRC","ANAPC7"
"HDAC1","RPS6KA2","ANAPC7"
"HDAC1","PTEN","ANAPC7"
"HDAC1","MAPK8","ANAPC7"
"HDAC1","MTOR","ANAPC7"
"HDAC1","AKT1","ANAPC7"
"HDAC1","PRKCD","ANAPC7"
"HDAC1","MAPK1","ANAPC7"
"HDAC1","PTPN1","ANAPC7"
"HDAC1","Gbeta","ANAPC7"
"HDAC1","KRAS","ANAPC7"
"HDAC1","KIT","ANAPC7"
"HDAC1","PTPRJ","ANAPC7"
"HDAC1","RPS6KB1","ANAPC7"
"HDAC1","EIF2AK2","ANAPC7"
"HDAC1","PDPK1","ANAPC7"
"HDAC1","MAML3","ANAPC7"
"HDAC1","MAP3K14","ANAPC7"
"HDAC1","MAP2K1","ANAPC7"
"HDAC1","GSK3B","ANAPC7"
"HDAC1","TGFBR2","ANAPC7"
"HDAC1","PAK2","ANAPC7"
"HDAC1","PPP1R2","ANAPC7"
"HDAC1","CDK5","ANAPC7"
"HDAC1","AKT","ANAPC7"
"HDAC1","MAPK9","ANAPC7"
"HDAC1","WWTR1","ANAPC7"
"HDAC1","RACK1","ANAPC7"
"HDAC1","DAPK1","ANAPC7"
"HDAC1","PXN","ANAPC7"
"HDAC1","PRKD1","ANAPC7"
"HDAC1","ABL2","ANAPC7"
"HDAC1","FBXW7","ANAPC7"
"HDAC1","ITK","ANAPC7"
"HDAC1","NCK1","ANAPC7"
"HDAC1","AHSA1","ANAPC7"
"HDAC1","BTK","ANAPC7"
"HDAC1","TNK2","ANAPC7"
"HDAC1","YAP1","ANAPC7"
"HDAC1","CD19","ANAPC7"
"HDAC1","STAT1","ANAPC7"
"HDAC1","HSP90AB1","ANAPC7"
"HDAC1","DVL2","ANAPC7"
"HDAC1","MAP2K2","ANAPC7"
"HDAC1","MAPK10","ANAPC7"
"HDAC1","DYRK1B","ANAPC7"
"HDAC1","MEK1/2","ANAPC7"
"HDAC1","JAK1","ANAPC7"
"HDAC1","PTPN7","ANAPC7"
"HDAC1","CDKN2A","ANAPC7"
"HDAC1","MAP4K1","ANAPC7"
"HDAC1","EPS15","ANAPC7"
"HDAC1","IKK-complex","ANAPC7"
"HDAC1","SHC1","ANAPC7"
"HDAC1","MAPK8IP3","ANAPC7"
"HDAC1","AXIN1","ANAPC7"
"HDAC1","MAPKAPK5","ANAPC7"
"HDAC1","DUSP16","ANAPC7"
"HDAC1","EPHA2","ANAPC7"
"HDAC1","PTPRR","ANAPC7"
"HDAC1","BDKRB2","ANAPC7"
"HDAC1","FLT4","ANAPC7"
"HDAC1","BMX","ANAPC7"
"HDAC1","PTK2B","ANAPC7"
"HDAC1","SNW1","ANAPC7"
"HDAC1","NEK6","ANAPC7"
"HDAC1","PRKCI","ANAPC7"
"HDAC1","CTNND1","ANAPC7"
"HDAC1","PIN1","ANAPC7"
"HDAC1","PARD6A","ANAPC7"
"HDAC1","CEP192","ANAPC7"
"HDAC1","GAB1","ANAPC7"
"HDAC1","PTPRA","ANAPC7"
"HDAC1","GRIP1","ANAPC7"
"HDAC1","ESR1","ANAPC7"
"HDAC1","ARRB2","ANAPC7"
"HDAC1","INPP5D","ANAPC7"
"HDAC1","GAB2","ANAPC7"
"HDAC1","EZH2","ANAPC7"
"HDAC1","BCR-Dk","ANAPC7"
"HDAC1","BCAR1","ANAPC7"
"HDAC1","BCR-Ml","ANAPC7"
"HDAC1","NOTCH","ANAPC7"
"HDAC1","NCOA1","ANAPC7"
"HDAC1","FERMT2","ANAPC7"
"HDAC1","ZMIZ1","ANAPC7"
"HDAC1","TAB3","ANAPC7"
"HDAC1","NPM1","ANAPC7"
"HDAC1","GCSAM","ANAPC7"
"HDAC1","OPTN","ANAPC7"
"HDAC1","SPRY2","ANAPC7"
"HDAC1","BCR-Dl","ANAPC7"
"HDAC1","DDX58","ANAPC7"
"HDAC1","ROR2","ANAPC7"
"HDAC1","IFIH1","ANAPC7"
"HDAC1","SH2B3","ANAPC7"
"HDAC1","DAB1","ANAPC7"
"HDAC1","BCR-Mk","ANAPC7"
"HDAC1","PLCG2","ANAPC7"
"HDAC1","CHUK","STAM2"
"HDAC1","SRC","STAM2"
"HDAC1","RPS6KA2","STAM2"
"HDAC1","PTEN","STAM2"
"HDAC1","MAPK8","STAM2"
"HDAC1","MTOR","STAM2"
"HDAC1","AKT1","STAM2"
"HDAC1","PRKCD","STAM2"
"HDAC1","MAPK1","STAM2"
"HDAC1","Gbeta","STAM2"
"HDAC1","KRAS","STAM2"
"HDAC1","KIT","STAM2"
"HDAC1","PTPRJ","STAM2"
"HDAC1","RPS6KB1","STAM2"
"HDAC1","EIF2AK2","STAM2"
"HDAC1","PDPK1","STAM2"
"HDAC1","MAML3","STAM2"
"HDAC1","MAP3K14","STAM2"
"HDAC1","MAP2K1","STAM2"
"HDAC1","GSK3B","STAM2"
"HDAC1","TGFBR2","STAM2"
"HDAC1","PAK2","STAM2"
"HDAC1","PPP1R2","STAM2"
"HDAC1","CDK5","STAM2"
"HDAC1","AKT","STAM2"
"HDAC1","MAPK9","STAM2"
"HDAC1","WWTR1","STAM2"
"HDAC1","RACK1","STAM2"
"HDAC1","DAPK1","STAM2"
"HDAC1","PXN","STAM2"
"HDAC1","PRKD1","STAM2"
"HDAC1","ABL2","STAM2"
"HDAC1","FBXW7","STAM2"
"HDAC1","ITK","STAM2"
"HDAC1","NCK1","STAM2"
"HDAC1","AHSA1","STAM2"
"HDAC1","BTK","STAM2"
"HDAC1","TNK2","STAM2"
"HDAC1","YAP1","STAM2"
"HDAC1","CD19","STAM2"
"HDAC1","STAT1","STAM2"
"HDAC1","HSP90AB1","STAM2"
"HDAC1","DVL2","STAM2"
"HDAC1","MAP2K2","STAM2"
"HDAC1","MAPK10","STAM2"
"HDAC1","DYRK1B","STAM2"
"HDAC1","MEK1/2","STAM2"
"HDAC1","JAK1","STAM2"
"HDAC1","PTPN7","STAM2"
"HDAC1","CDKN2A","STAM2"
"HDAC1","MAP4K1","STAM2"
"HDAC1","EPS15","STAM2"
"HDAC1","IKK-complex","STAM2"
"HDAC1","SHC1","STAM2"
"HDAC1","MAPK8IP3","STAM2"
"HDAC1","AXIN1","STAM2"
"HDAC1","MAPKAPK5","STAM2"
"HDAC1","DUSP16","STAM2"
"HDAC1","EPHA2","STAM2"
"HDAC1","PTPRR","STAM2"
"HDAC1","BDKRB2","STAM2"
"HDAC1","FLT4","STAM2"
"HDAC1","BMX","STAM2"
"HDAC1","PTK2B","STAM2"
"HDAC1","SNW1","STAM2"
"HDAC1","NEK6","STAM2"
"HDAC1","PRKCI","STAM2"
"HDAC1","CTNND1","STAM2"
"HDAC1","PIN1","STAM2"
"HDAC1","PARD6A","STAM2"
"HDAC1","CEP192","STAM2"
"HDAC1","GAB1","STAM2"
"HDAC1","PTPRA","STAM2"
"HDAC1","GRIP1","STAM2"
"HDAC1","ESR1","STAM2"
"HDAC1","ARRB2","STAM2"
"HDAC1","INPP5D","STAM2"
"HDAC1","GAB2","STAM2"
"HDAC1","EZH2","STAM2"
"HDAC1","BCR-Dk","STAM2"
"HDAC1","BCAR1","STAM2"
"HDAC1","BCR-Ml","STAM2"
"HDAC1","NOTCH","STAM2"
"HDAC1","NCOA1","STAM2"
"HDAC1","FERMT2","STAM2"
"HDAC1","ZMIZ1","STAM2"
"HDAC1","TAB3","STAM2"
"HDAC1","NPM1","STAM2"
"HDAC1","GCSAM","STAM2"
"HDAC1","OPTN","STAM2"
"HDAC1","SPRY2","STAM2"
"HDAC1","BCR-Dl","STAM2"
"HDAC1","DDX58","STAM2"
"HDAC1","ROR2","STAM2"
"HDAC1","IFIH1","STAM2"
"HDAC1","SH2B3","STAM2"
"HDAC1","DAB1","STAM2"
"HDAC1","BCR-Mk","STAM2"
"HDAC1","PLCG2","STAM2"
"HDAC1","CHUK","HECTD3"
"HDAC1","SRC","HECTD3"
"HDAC1","RPS6KA2","HECTD3"
"HDAC1","PTEN","HECTD3"
"HDAC1","MAPK8","HECTD3"
"HDAC1","MTOR","HECTD3"
"HDAC1","AKT1","HECTD3"
"HDAC1","PRKCD","HECTD3"
"HDAC1","MAPK1","HECTD3"
"HDAC1","PTPN1","HECTD3"
"HDAC1","Gbeta","HECTD3"
"HDAC1","KRAS","HECTD3"
"HDAC1","KIT","HECTD3"
"HDAC1","PTPRJ","HECTD3"
"HDAC1","RPS6KB1","HECTD3"
"HDAC1","EIF2AK2","HECTD3"
"HDAC1","PDPK1","HECTD3"
"HDAC1","MAML3","HECTD3"
"HDAC1","MAP3K14","HECTD3"
"HDAC1","MAP2K1","HECTD3"
"HDAC1","GSK3B","HECTD3"
"HDAC1","TGFBR2","HECTD3"
"HDAC1","PAK2","HECTD3"
"HDAC1","PPP1R2","HECTD3"
"HDAC1","CDK5","HECTD3"
"HDAC1","AKT","HECTD3"
"HDAC1","MAPK9","HECTD3"
"HDAC1","WWTR1","HECTD3"
"HDAC1","RACK1","HECTD3"
"HDAC1","DAPK1","HECTD3"
"HDAC1","PXN","HECTD3"
"HDAC1","PRKD1","HECTD3"
"HDAC1","ABL2","HECTD3"
"HDAC1","FBXW7","HECTD3"
"HDAC1","ITK","HECTD3"
"HDAC1","NCK1","HECTD3"
"HDAC1","AHSA1","HECTD3"
"HDAC1","BTK","HECTD3"
"HDAC1","TNK2","HECTD3"
"HDAC1","YAP1","HECTD3"
"HDAC1","CD19","HECTD3"
"HDAC1","STAT1","HECTD3"
"HDAC1","HSP90AB1","HECTD3"
"HDAC1","DVL2","HECTD3"
"HDAC1","MAP2K2","HECTD3"
"HDAC1","MAPK10","HECTD3"
"HDAC1","DYRK1B","HECTD3"
"HDAC1","MEK1/2","HECTD3"
"HDAC1","JAK1","HECTD3"
"HDAC1","PTPN7","HECTD3"
"HDAC1","CDKN2A","HECTD3"
"HDAC1","MAP4K1","HECTD3"
"HDAC1","EPS15","HECTD3"
"HDAC1","IKK-complex","HECTD3"
"HDAC1","SHC1","HECTD3"
"HDAC1","MAPK8IP3","HECTD3"
"HDAC1","AXIN1","HECTD3"
"HDAC1","MAPKAPK5","HECTD3"
"HDAC1","DUSP16","HECTD3"
"HDAC1","EPHA2","HECTD3"
"HDAC1","PTPRR","HECTD3"
"HDAC1","BDKRB2","HECTD3"
"HDAC1","FLT4","HECTD3"
"HDAC1","BMX","HECTD3"
"HDAC1","PTK2B","HECTD3"
"HDAC1","SNW1","HECTD3"
"HDAC1","NEK6","HECTD3"
"HDAC1","PRKCI","HECTD3"
"HDAC1","CTNND1","HECTD3"
"HDAC1","PIN1","HECTD3"
"HDAC1","PARD6A","HECTD3"
"HDAC1","CEP192","HECTD3"
"HDAC1","GAB1","HECTD3"
"HDAC1","PTPRA","HECTD3"
"HDAC1","GRIP1","HECTD3"
"HDAC1","ESR1","HECTD3"
"HDAC1","ARRB2","HECTD3"
"HDAC1","INPP5D","HECTD3"
"HDAC1","GAB2","HECTD3"
"HDAC1","EZH2","HECTD3"
"HDAC1","BCR-Dk","HECTD3"
"HDAC1","BCAR1","HECTD3"
"HDAC1","BCR-Ml","HECTD3"
"HDAC1","NOTCH","HECTD3"
"HDAC1","NCOA1","HECTD3"
"HDAC1","FERMT2","HECTD3"
"HDAC1","ZMIZ1","HECTD3"
"HDAC1","TAB3","HECTD3"
"HDAC1","NPM1","HECTD3"
"HDAC1","GCSAM","HECTD3"
"HDAC1","OPTN","HECTD3"
"HDAC1","SPRY2","HECTD3"
"HDAC1","BCR-Dl","HECTD3"
"HDAC1","DDX58","HECTD3"
"HDAC1","ROR2","HECTD3"
"HDAC1","IFIH1","HECTD3"
"HDAC1","SH2B3","HECTD3"
"HDAC1","DAB1","HECTD3"
"HDAC1","BCR-Mk","HECTD3"
"HDAC1","PLCG2","HECTD3"
"HDAC1","CHUK","NUDC"
"HDAC1","SRC","NUDC"
"HDAC1","RPS6KA2","NUDC"
"HDAC1","PTEN","NUDC"
"HDAC1","MAPK8","NUDC"
"HDAC1","MTOR","NUDC"
"HDAC1","AKT1","NUDC"
"HDAC1","PRKCD","NUDC"
"HDAC1","MAPK1","NUDC"
"HDAC1","PTPN1","NUDC"
"HDAC1","Gbeta","NUDC"
"HDAC1","KRAS","NUDC"
"HDAC1","KIT","NUDC"
"HDAC1","PTPRJ","NUDC"
"HDAC1","RPS6KB1","NUDC"
"HDAC1","EIF2AK2","NUDC"
"HDAC1","PDPK1","NUDC"
"HDAC1","MAML3","NUDC"
"HDAC1","MAP3K14","NUDC"
"HDAC1","MAP2K1","NUDC"
"HDAC1","GSK3B","NUDC"
"HDAC1","TGFBR2","NUDC"
"HDAC1","PAK2","NUDC"
"HDAC1","PPP1R2","NUDC"
"HDAC1","CDK5","NUDC"
"HDAC1","AKT","NUDC"
"HDAC1","MAPK9","NUDC"
"HDAC1","WWTR1","NUDC"
"HDAC1","RACK1","NUDC"
"HDAC1","DAPK1","NUDC"
"HDAC1","PXN","NUDC"
"HDAC1","PRKD1","NUDC"
"HDAC1","ABL2","NUDC"
"HDAC1","FBXW7","NUDC"
"HDAC1","ITK","NUDC"
"HDAC1","NCK1","NUDC"
"HDAC1","AHSA1","NUDC"
"HDAC1","BTK","NUDC"
"HDAC1","TNK2","NUDC"
"HDAC1","YAP1","NUDC"
"HDAC1","CD19","NUDC"
"HDAC1","STAT1","NUDC"
"HDAC1","HSP90AB1","NUDC"
"HDAC1","DVL2","NUDC"
"HDAC1","MAP2K2","NUDC"
"HDAC1","MAPK10","NUDC"
"HDAC1","DYRK1B","NUDC"
"HDAC1","MEK1/2","NUDC"
"HDAC1","JAK1","NUDC"
"HDAC1","PTPN7","NUDC"
"HDAC1","CDKN2A","NUDC"
"HDAC1","MAP4K1","NUDC"
"HDAC1","EPS15","NUDC"
"HDAC1","IKK-complex","NUDC"
"HDAC1","SHC1","NUDC"
"HDAC1","MAPK8IP3","NUDC"
"HDAC1","AXIN1","NUDC"
"HDAC1","MAPKAPK5","NUDC"
"HDAC1","DUSP16","NUDC"
"HDAC1","EPHA2","NUDC"
"HDAC1","PTPRR","NUDC"
"HDAC1","BDKRB2","NUDC"
"HDAC1","FLT4","NUDC"
"HDAC1","BMX","NUDC"
"HDAC1","PTK2B","NUDC"
"HDAC1","SNW1","NUDC"
"HDAC1","NEK6","NUDC"
"HDAC1","PRKCI","NUDC"
"HDAC1","CTNND1","NUDC"
"HDAC1","PIN1","NUDC"
"HDAC1","PARD6A","NUDC"
"HDAC1","CEP192","NUDC"
"HDAC1","GAB1","NUDC"
"HDAC1","PTPRA","NUDC"
"HDAC1","GRIP1","NUDC"
"HDAC1","ESR1","NUDC"
"HDAC1","ARRB2","NUDC"
"HDAC1","INPP5D","NUDC"
"HDAC1","GAB2","NUDC"
"HDAC1","EZH2","NUDC"
"HDAC1","BCR-Dk","NUDC"
"HDAC1","BCAR1","NUDC"
"HDAC1","BCR-Ml","NUDC"
"HDAC1","NOTCH","NUDC"
"HDAC1","NCOA1","NUDC"
"HDAC1","FERMT2","NUDC"
"HDAC1","ZMIZ1","NUDC"
"HDAC1","TAB3","NUDC"
"HDAC1","NPM1","NUDC"
"HDAC1","GCSAM","NUDC"
"HDAC1","OPTN","NUDC"
"HDAC1","SPRY2","NUDC"
"HDAC1","BCR-Dl","NUDC"
"HDAC1","DDX58","NUDC"
"HDAC1","ROR2","NUDC"
"HDAC1","IFIH1","NUDC"
"HDAC1","SH2B3","NUDC"
"HDAC1","DAB1","NUDC"
"HDAC1","BCR-Mk","NUDC"
"HDAC1","PLCG2","NUDC"
"HDAC1","CHUK","REV1"
"HDAC1","SRC","REV1"
"HDAC1","RPS6KA2","REV1"
"HDAC1","PTEN","REV1"
"HDAC1","MAPK8","REV1"
"HDAC1","MTOR","REV1"
"HDAC1","AKT1","REV1"
"HDAC1","PRKCD","REV1"
"HDAC1","MAPK1","REV1"
"HDAC1","PTPN1","REV1"
"HDAC1","Gbeta","REV1"
"HDAC1","KRAS","REV1"
"HDAC1","KIT","REV1"
"HDAC1","PTPRJ","REV1"
"HDAC1","RPS6KB1","REV1"
"HDAC1","EIF2AK2","REV1"
"HDAC1","PDPK1","REV1"
"HDAC1","MAML3","REV1"
"HDAC1","MAP3K14","REV1"
"HDAC1","MAP2K1","REV1"
"HDAC1","GSK3B","REV1"
"HDAC1","TGFBR2","REV1"
"HDAC1","PAK2","REV1"
"HDAC1","PPP1R2","REV1"
"HDAC1","CDK5","REV1"
"HDAC1","AKT","REV1"
"HDAC1","MAPK9","REV1"
"HDAC1","WWTR1","REV1"
"HDAC1","RACK1","REV1"
"HDAC1","DAPK1","REV1"
"HDAC1","PXN","REV1"
"HDAC1","PRKD1","REV1"
"HDAC1","ABL2","REV1"
"HDAC1","FBXW7","REV1"
"HDAC1","ITK","REV1"
"HDAC1","NCK1","REV1"
"HDAC1","AHSA1","REV1"
"HDAC1","BTK","REV1"
"HDAC1","TNK2","REV1"
"HDAC1","YAP1","REV1"
"HDAC1","CD19","REV1"
"HDAC1","STAT1","REV1"
"HDAC1","HSP90AB1","REV1"
"HDAC1","DVL2","REV1"
"HDAC1","MAP2K2","REV1"
"HDAC1","MAPK10","REV1"
"HDAC1","DYRK1B","REV1"
"HDAC1","MEK1/2","REV1"
"HDAC1","JAK1","REV1"
"HDAC1","PTPN7","REV1"
"HDAC1","CDKN2A","REV1"
"HDAC1","MAP4K1","REV1"
"HDAC1","EPS15","REV1"
"HDAC1","IKK-complex","REV1"
"HDAC1","SHC1","REV1"
"HDAC1","MAPK8IP3","REV1"
"HDAC1","AXIN1","REV1"
"HDAC1","MAPKAPK5","REV1"
"HDAC1","DUSP16","REV1"
"HDAC1","EPHA2","REV1"
"HDAC1","PTPRR","REV1"
"HDAC1","BDKRB2","REV1"
"HDAC1","FLT4","REV1"
"HDAC1","BMX","REV1"
"HDAC1","PTK2B","REV1"
"HDAC1","SNW1","REV1"
"HDAC1","NEK6","REV1"
"HDAC1","PRKCI","REV1"
"HDAC1","CTNND1","REV1"
"HDAC1","PIN1","REV1"
"HDAC1","PARD6A","REV1"
"HDAC1","CEP192","REV1"
"HDAC1","GAB1","REV1"
"HDAC1","PTPRA","REV1"
"HDAC1","GRIP1","REV1"
"HDAC1","ESR1","REV1"
"HDAC1","ARRB2","REV1"
"HDAC1","INPP5D","REV1"
"HDAC1","GAB2","REV1"
"HDAC1","EZH2","REV1"
"HDAC1","BCR-Dk","REV1"
"HDAC1","BCAR1","REV1"
"HDAC1","BCR-Ml","REV1"
"HDAC1","NOTCH","REV1"
"HDAC1","NCOA1","REV1"
"HDAC1","FERMT2","REV1"
"HDAC1","ZMIZ1","REV1"
"HDAC1","TAB3","REV1"
"HDAC1","NPM1","REV1"
"HDAC1","GCSAM","REV1"
"HDAC1","OPTN","REV1"
"HDAC1","SPRY2","REV1"
"HDAC1","BCR-Dl","REV1"
"HDAC1","DDX58","REV1"
"HDAC1","ROR2","REV1"
"HDAC1","IFIH1","REV1"
"HDAC1","SH2B3","REV1"
"HDAC1","DAB1","REV1"
"HDAC1","BCR-Mk","REV1"
"HDAC1","PLCG2","REV1"
"HDAC1","CHUK","APLP2"
"HDAC1","SRC","APLP2"
"HDAC1","RPS6KA2","APLP2"
"HDAC1","PTEN","APLP2"
"HDAC1","MTOR","APLP2"
"HDAC1","AKT1","APLP2"
"HDAC1","PRKCD","APLP2"
"HDAC1","MAPK1","APLP2"
"HDAC1","PTPN1","APLP2"
"HDAC1","Gbeta","APLP2"
"HDAC1","KRAS","APLP2"
"HDAC1","KIT","APLP2"
"HDAC1","PTPRJ","APLP2"
"HDAC1","RPS6KB1","APLP2"
"HDAC1","EIF2AK2","APLP2"
"HDAC1","PDPK1","APLP2"
"HDAC1","MAML3","APLP2"
"HDAC1","MAP3K14","APLP2"
"HDAC1","MAP2K1","APLP2"
"HDAC1","GSK3B","APLP2"
"HDAC1","TGFBR2","APLP2"
"HDAC1","PAK2","APLP2"
"HDAC1","PPP1R2","APLP2"
"HDAC1","CDK5","APLP2"
"HDAC1","AKT","APLP2"
"HDAC1","MAPK9","APLP2"
"HDAC1","WWTR1","APLP2"
"HDAC1","RACK1","APLP2"
"HDAC1","DAPK1","APLP2"
"HDAC1","PXN","APLP2"
"HDAC1","PRKD1","APLP2"
"HDAC1","ABL2","APLP2"
"HDAC1","FBXW7","APLP2"
"HDAC1","ITK","APLP2"
"HDAC1","NCK1","APLP2"
"HDAC1","AHSA1","APLP2"
"HDAC1","BTK","APLP2"
"HDAC1","TNK2","APLP2"
"HDAC1","YAP1","APLP2"
"HDAC1","CD19","APLP2"
"HDAC1","STAT1","APLP2"
"HDAC1","HSP90AB1","APLP2"
"HDAC1","DVL2","APLP2"
"HDAC1","MAP2K2","APLP2"
"HDAC1","MAPK10","APLP2"
"HDAC1","DYRK1B","APLP2"
"HDAC1","MEK1/2","APLP2"
"HDAC1","JAK1","APLP2"
"HDAC1","PTPN7","APLP2"
"HDAC1","CDKN2A","APLP2"
"HDAC1","MAP4K1","APLP2"
"HDAC1","EPS15","APLP2"
"HDAC1","IKK-complex","APLP2"
"HDAC1","SHC1","APLP2"
"HDAC1","MAPK8IP3","APLP2"
"HDAC1","AXIN1","APLP2"
"HDAC1","MAPKAPK5","APLP2"
"HDAC1","DUSP16","APLP2"
"HDAC1","EPHA2","APLP2"
"HDAC1","PTPRR","APLP2"
"HDAC1","BDKRB2","APLP2"
"HDAC1","FLT4","APLP2"
"HDAC1","BMX","APLP2"
"HDAC1","PTK2B","APLP2"
"HDAC1","SNW1","APLP2"
"HDAC1","NEK6","APLP2"
"HDAC1","PRKCI","APLP2"
"HDAC1","CTNND1","APLP2"
"HDAC1","PIN1","APLP2"
"HDAC1","PARD6A","APLP2"
"HDAC1","CEP192","APLP2"
"HDAC1","GAB1","APLP2"
"HDAC1","PTPRA","APLP2"
"HDAC1","GRIP1","APLP2"
"HDAC1","ESR1","APLP2"
"HDAC1","ARRB2","APLP2"
"HDAC1","INPP5D","APLP2"
"HDAC1","GAB2","APLP2"
"HDAC1","EZH2","APLP2"
"HDAC1","BCR-Dk","APLP2"
"HDAC1","BCAR1","APLP2"
"HDAC1","BCR-Ml","APLP2"
"HDAC1","NOTCH","APLP2"
"HDAC1","NCOA1","APLP2"
"HDAC1","FERMT2","APLP2"
"HDAC1","ZMIZ1","APLP2"
"HDAC1","TAB3","APLP2"
"HDAC1","NPM1","APLP2"
"HDAC1","GCSAM","APLP2"
"HDAC1","OPTN","APLP2"
"HDAC1","SPRY2","APLP2"
"HDAC1","BCR-Dl","APLP2"
"HDAC1","DDX58","APLP2"
"HDAC1","ROR2","APLP2"
"HDAC1","IFIH1","APLP2"
"HDAC1","SH2B3","APLP2"
"HDAC1","DAB1","APLP2"
"HDAC1","BCR-Mk","APLP2"
"HDAC1","PLCG2","APLP2"
"HDAC1","CHUK","DGCR8"
"HDAC1","SRC","DGCR8"
"HDAC1","RPS6KA2","DGCR8"
"HDAC1","PTEN","DGCR8"
"HDAC1","MAPK8","DGCR8"
"HDAC1","MTOR","DGCR8"
"HDAC1","AKT1","DGCR8"
"HDAC1","PRKCD","DGCR8"
"HDAC1","MAPK1","DGCR8"
"HDAC1","PTPN1","DGCR8"
"HDAC1","Gbeta","DGCR8"
"HDAC1","KRAS","DGCR8"
"HDAC1","KIT","DGCR8"
"HDAC1","PTPRJ","DGCR8"
"HDAC1","RPS6KB1","DGCR8"
"HDAC1","EIF2AK2","DGCR8"
"HDAC1","PDPK1","DGCR8"
"HDAC1","MAML3","DGCR8"
"HDAC1","MAP3K14","DGCR8"
"HDAC1","MAP2K1","DGCR8"
"HDAC1","GSK3B","DGCR8"
"HDAC1","TGFBR2","DGCR8"
"HDAC1","PAK2","DGCR8"
"HDAC1","PPP1R2","DGCR8"
"HDAC1","CDK5","DGCR8"
"HDAC1","AKT","DGCR8"
"HDAC1","MAPK9","DGCR8"
"HDAC1","WWTR1","DGCR8"
"HDAC1","RACK1","DGCR8"
"HDAC1","DAPK1","DGCR8"
"HDAC1","PXN","DGCR8"
"HDAC1","PRKD1","DGCR8"
"HDAC1","ABL2","DGCR8"
"HDAC1","FBXW7","DGCR8"
"HDAC1","ITK","DGCR8"
"HDAC1","NCK1","DGCR8"
"HDAC1","AHSA1","DGCR8"
"HDAC1","BTK","DGCR8"
"HDAC1","TNK2","DGCR8"
"HDAC1","YAP1","DGCR8"
"HDAC1","CD19","DGCR8"
"HDAC1","STAT1","DGCR8"
"HDAC1","HSP90AB1","DGCR8"
"HDAC1","DVL2","DGCR8"
"HDAC1","MAP2K2","DGCR8"
"HDAC1","MAPK10","DGCR8"
"HDAC1","DYRK1B","DGCR8"
"HDAC1","MEK1/2","DGCR8"
"HDAC1","JAK1","DGCR8"
"HDAC1","PTPN7","DGCR8"
"HDAC1","CDKN2A","DGCR8"
"HDAC1","MAP4K1","DGCR8"
"HDAC1","EPS15","DGCR8"
"HDAC1","IKK-complex","DGCR8"
"HDAC1","SHC1","DGCR8"
"HDAC1","MAPK8IP3","DGCR8"
"HDAC1","AXIN1","DGCR8"
"HDAC1","MAPKAPK5","DGCR8"
"HDAC1","DUSP16","DGCR8"
"HDAC1","EPHA2","DGCR8"
"HDAC1","MAP3K8","DGCR8"
"HDAC1","PTPRR","DGCR8"
"HDAC1","BDKRB2","DGCR8"
"HDAC1","FLT4","DGCR8"
"HDAC1","BMX","DGCR8"
"HDAC1","PTK2B","DGCR8"
"HDAC1","SNW1","DGCR8"
"HDAC1","NEK6","DGCR8"
"HDAC1","PRKCI","DGCR8"
"HDAC1","CTNND1","DGCR8"
"HDAC1","PIN1","DGCR8"
"HDAC1","PARD6A","DGCR8"
"HDAC1","CEP192","DGCR8"
"HDAC1","GAB1","DGCR8"
"HDAC1","PTPRA","DGCR8"
"HDAC1","GRIP1","DGCR8"
"HDAC1","ESR1","DGCR8"
"HDAC1","ARRB2","DGCR8"
"HDAC1","INPP5D","DGCR8"
"HDAC1","GAB2","DGCR8"
"HDAC1","EZH2","DGCR8"
"HDAC1","BCR-Dk","DGCR8"
"HDAC1","BCAR1","DGCR8"
"HDAC1","BCR-Ml","DGCR8"
"HDAC1","NOTCH","DGCR8"
"HDAC1","NCOA1","DGCR8"
"HDAC1","FERMT2","DGCR8"
"HDAC1","ZMIZ1","DGCR8"
"HDAC1","TAB3","DGCR8"
"HDAC1","NPM1","DGCR8"
"HDAC1","GCSAM","DGCR8"
"HDAC1","OPTN","DGCR8"
"HDAC1","SPRY2","DGCR8"
"HDAC1","BCR-Dl","DGCR8"
"HDAC1","DDX58","DGCR8"
"HDAC1","ROR2","DGCR8"
"HDAC1","IFIH1","DGCR8"
"HDAC1","SH2B3","DGCR8"
"HDAC1","DAB1","DGCR8"
"HDAC1","BCR-Mk","DGCR8"
"HDAC1","PLCG2","DGCR8"
"HDAC1","CHUK","SMAD7/HDAC1/E2F-1"
"HDAC1","SRC","SMAD7/HDAC1/E2F-1"
"HDAC1","RPS6KA2","SMAD7/HDAC1/E2F-1"
"HDAC1","MAPK8","SMAD7/HDAC1/E2F-1"
"HDAC1","MTOR","SMAD7/HDAC1/E2F-1"
"HDAC1","AKT1","SMAD7/HDAC1/E2F-1"
"HDAC1","PRKCD","SMAD7/HDAC1/E2F-1"
"HDAC1","MAPK1","SMAD7/HDAC1/E2F-1"
"HDAC1","PTPN1","SMAD7/HDAC1/E2F-1"
"HDAC1","Gbeta","SMAD7/HDAC1/E2F-1"
"HDAC1","KRAS","SMAD7/HDAC1/E2F-1"
"HDAC1","KIT","SMAD7/HDAC1/E2F-1"
"HDAC1","PTPRJ","SMAD7/HDAC1/E2F-1"
"HDAC1","RPS6KB1","SMAD7/HDAC1/E2F-1"
"HDAC1","EIF2AK2","SMAD7/HDAC1/E2F-1"
"HDAC1","PDPK1","SMAD7/HDAC1/E2F-1"
"HDAC1","MAML3","SMAD7/HDAC1/E2F-1"
"HDAC1","MAP3K14","SMAD7/HDAC1/E2F-1"
"HDAC1","MAP2K1","SMAD7/HDAC1/E2F-1"
"HDAC1","GSK3B","SMAD7/HDAC1/E2F-1"
"HDAC1","TGFBR2","SMAD7/HDAC1/E2F-1"
"HDAC1","PAK2","SMAD7/HDAC1/E2F-1"
"HDAC1","PPP1R2","SMAD7/HDAC1/E2F-1"
"HDAC1","CDK5","SMAD7/HDAC1/E2F-1"
"HDAC1","AKT","SMAD7/HDAC1/E2F-1"
"HDAC1","MAPK9","SMAD7/HDAC1/E2F-1"
"HDAC1","WWTR1","SMAD7/HDAC1/E2F-1"
"HDAC1","RACK1","SMAD7/HDAC1/E2F-1"
"HDAC1","DAPK1","SMAD7/HDAC1/E2F-1"
"HDAC1","PXN","SMAD7/HDAC1/E2F-1"
"HDAC1","PRKD1","SMAD7/HDAC1/E2F-1"
"HDAC1","ABL2","SMAD7/HDAC1/E2F-1"
"HDAC1","FBXW7","SMAD7/HDAC1/E2F-1"
"HDAC1","ITK","SMAD7/HDAC1/E2F-1"
"HDAC1","NCK1","SMAD7/HDAC1/E2F-1"
"HDAC1","AHSA1","SMAD7/HDAC1/E2F-1"
"HDAC1","BTK","SMAD7/HDAC1/E2F-1"
"HDAC1","TNK2","SMAD7/HDAC1/E2F-1"
"HDAC1","YAP1","SMAD7/HDAC1/E2F-1"
"HDAC1","CD19","SMAD7/HDAC1/E2F-1"
"HDAC1","STAT1","SMAD7/HDAC1/E2F-1"
"HDAC1","HSP90AB1","SMAD7/HDAC1/E2F-1"
"HDAC1","DVL2","SMAD7/HDAC1/E2F-1"
"HDAC1","MAP2K2","SMAD7/HDAC1/E2F-1"
"HDAC1","MAPK10","SMAD7/HDAC1/E2F-1"
"HDAC1","DYRK1B","SMAD7/HDAC1/E2F-1"
"HDAC1","MEK1/2","SMAD7/HDAC1/E2F-1"
"HDAC1","JAK1","SMAD7/HDAC1/E2F-1"
"HDAC1","PTPN7","SMAD7/HDAC1/E2F-1"
"HDAC1","CDKN2A","SMAD7/HDAC1/E2F-1"
"HDAC1","MAP4K1","SMAD7/HDAC1/E2F-1"
"HDAC1","EPS15","SMAD7/HDAC1/E2F-1"
"HDAC1","IKK-complex","SMAD7/HDAC1/E2F-1"
"HDAC1","SHC1","SMAD7/HDAC1/E2F-1"
"HDAC1","MAPK8IP3","SMAD7/HDAC1/E2F-1"
"HDAC1","AXIN1","SMAD7/HDAC1/E2F-1"
"HDAC1","MAPKAPK5","SMAD7/HDAC1/E2F-1"
"HDAC1","DUSP16","SMAD7/HDAC1/E2F-1"
"HDAC1","EPHA2","SMAD7/HDAC1/E2F-1"
"HDAC1","MAP3K8","SMAD7/HDAC1/E2F-1"
"HDAC1","PTPRR","SMAD7/HDAC1/E2F-1"
"HDAC1","BDKRB2","SMAD7/HDAC1/E2F-1"
"HDAC1","FLT4","SMAD7/HDAC1/E2F-1"
"HDAC1","BMX","SMAD7/HDAC1/E2F-1"
"HDAC1","PTK2B","SMAD7/HDAC1/E2F-1"
"HDAC1","SNW1","SMAD7/HDAC1/E2F-1"
"HDAC1","NEK6","SMAD7/HDAC1/E2F-1"
"HDAC1","PRKCI","SMAD7/HDAC1/E2F-1"
"HDAC1","CTNND1","SMAD7/HDAC1/E2F-1"
"HDAC1","PIN1","SMAD7/HDAC1/E2F-1"
"HDAC1","PARD6A","SMAD7/HDAC1/E2F-1"
"HDAC1","CEP192","SMAD7/HDAC1/E2F-1"
"HDAC1","GAB1","SMAD7/HDAC1/E2F-1"
"HDAC1","PTPRA","SMAD7/HDAC1/E2F-1"
"HDAC1","GRIP1","SMAD7/HDAC1/E2F-1"
"HDAC1","ESR1","SMAD7/HDAC1/E2F-1"
"HDAC1","ARRB2","SMAD7/HDAC1/E2F-1"
"HDAC1","INPP5D","SMAD7/HDAC1/E2F-1"
"HDAC1","GAB2","SMAD7/HDAC1/E2F-1"
"HDAC1","EZH2","SMAD7/HDAC1/E2F-1"
"HDAC1","BCR-Dk","SMAD7/HDAC1/E2F-1"
"HDAC1","BCAR1","SMAD7/HDAC1/E2F-1"
"HDAC1","BCR-Ml","SMAD7/HDAC1/E2F-1"
"HDAC1","NOTCH","SMAD7/HDAC1/E2F-1"
"HDAC1","NCOA1","SMAD7/HDAC1/E2F-1"
"HDAC1","FERMT2","SMAD7/HDAC1/E2F-1"
"HDAC1","ZMIZ1","SMAD7/HDAC1/E2F-1"
"HDAC1","TAB3","SMAD7/HDAC1/E2F-1"
"HDAC1","NPM1","SMAD7/HDAC1/E2F-1"
"HDAC1","GCSAM","SMAD7/HDAC1/E2F-1"
"HDAC1","OPTN","SMAD7/HDAC1/E2F-1"
"HDAC1","SPRY2","SMAD7/HDAC1/E2F-1"
"HDAC1","BCR-Dl","SMAD7/HDAC1/E2F-1"
"HDAC1","DDX58","SMAD7/HDAC1/E2F-1"
"HDAC1","ROR2","SMAD7/HDAC1/E2F-1"
"HDAC1","IFIH1","SMAD7/HDAC1/E2F-1"
"HDAC1","SH2B3","SMAD7/HDAC1/E2F-1"
"HDAC1","DAB1","SMAD7/HDAC1/E2F-1"
"HDAC1","BCR-Mk","SMAD7/HDAC1/E2F-1"
"HDAC1","PLCG2","SMAD7/HDAC1/E2F-1"
"HDAC1","CHUK","PRDX6"
"HDAC1","SRC","PRDX6"
"HDAC1","RPS6KA2","PRDX6"
"HDAC1","PTEN","PRDX6"
"HDAC1","MAPK8","PRDX6"
"HDAC1","MTOR","PRDX6"
"HDAC1","AKT1","PRDX6"
"HDAC1","PRKCD","PRDX6"
"HDAC1","PTPN1","PRDX6"
"HDAC1","Gbeta","PRDX6"
"HDAC1","KRAS","PRDX6"
"HDAC1","KIT","PRDX6"
"HDAC1","PTPRJ","PRDX6"
"HDAC1","RPS6KB1","PRDX6"
"HDAC1","EIF2AK2","PRDX6"
"HDAC1","PDPK1","PRDX6"
"HDAC1","MAML3","PRDX6"
"HDAC1","MAP3K14","PRDX6"
"HDAC1","MAP2K1","PRDX6"
"HDAC1","GSK3B","PRDX6"
"HDAC1","TGFBR2","PRDX6"
"HDAC1","PAK2","PRDX6"
"HDAC1","PPP1R2","PRDX6"
"HDAC1","CDK5","PRDX6"
"HDAC1","AKT","PRDX6"
"HDAC1","MAPK9","PRDX6"
"HDAC1","WWTR1","PRDX6"
"HDAC1","RACK1","PRDX6"
"HDAC1","DAPK1","PRDX6"
"HDAC1","PXN","PRDX6"
"HDAC1","PRKD1","PRDX6"
"HDAC1","ABL2","PRDX6"
"HDAC1","FBXW7","PRDX6"
"HDAC1","ITK","PRDX6"
"HDAC1","NCK1","PRDX6"
"HDAC1","AHSA1","PRDX6"
"HDAC1","BTK","PRDX6"
"HDAC1","TNK2","PRDX6"
"HDAC1","YAP1","PRDX6"
"HDAC1","CD19","PRDX6"
"HDAC1","STAT1","PRDX6"
"HDAC1","HSP90AB1","PRDX6"
"HDAC1","DVL2","PRDX6"
"HDAC1","MAP2K2","PRDX6"
"HDAC1","MAPK10","PRDX6"
"HDAC1","DYRK1B","PRDX6"
"HDAC1","MEK1/2","PRDX6"
"HDAC1","JAK1","PRDX6"
"HDAC1","PTPN7","PRDX6"
"HDAC1","CDKN2A","PRDX6"
"HDAC1","MAP4K1","PRDX6"
"HDAC1","EPS15","PRDX6"
"HDAC1","IKK-complex","PRDX6"
"HDAC1","SHC1","PRDX6"
"HDAC1","MAPK8IP3","PRDX6"
"HDAC1","AXIN1","PRDX6"
"HDAC1","MAPKAPK5","PRDX6"
"HDAC1","DUSP16","PRDX6"
"HDAC1","EPHA2","PRDX6"
"HDAC1","PTPRR","PRDX6"
"HDAC1","BDKRB2","PRDX6"
"HDAC1","FLT4","PRDX6"
"HDAC1","BMX","PRDX6"
"HDAC1","PTK2B","PRDX6"
"HDAC1","SNW1","PRDX6"
"HDAC1","NEK6","PRDX6"
"HDAC1","PRKCI","PRDX6"
"HDAC1","CTNND1","PRDX6"
"HDAC1","PIN1","PRDX6"
"HDAC1","PARD6A","PRDX6"
"HDAC1","CEP192","PRDX6"
"HDAC1","GAB1","PRDX6"
"HDAC1","PTPRA","PRDX6"
"HDAC1","GRIP1","PRDX6"
"HDAC1","ESR1","PRDX6"
"HDAC1","ARRB2","PRDX6"
"HDAC1","INPP5D","PRDX6"
"HDAC1","GAB2","PRDX6"
"HDAC1","EZH2","PRDX6"
"HDAC1","BCR-Dk","PRDX6"
"HDAC1","BCAR1","PRDX6"
"HDAC1","BCR-Ml","PRDX6"
"HDAC1","NOTCH","PRDX6"
"HDAC1","NCOA1","PRDX6"
"HDAC1","FERMT2","PRDX6"
"HDAC1","ZMIZ1","PRDX6"
"HDAC1","TAB3","PRDX6"
"HDAC1","NPM1","PRDX6"
"HDAC1","GCSAM","PRDX6"
"HDAC1","OPTN","PRDX6"
"HDAC1","SPRY2","PRDX6"
"HDAC1","BCR-Dl","PRDX6"
"HDAC1","DDX58","PRDX6"
"HDAC1","ROR2","PRDX6"
"HDAC1","IFIH1","PRDX6"
"HDAC1","SH2B3","PRDX6"
"HDAC1","DAB1","PRDX6"
"HDAC1","BCR-Mk","PRDX6"
"HDAC1","PLCG2","PRDX6"
"HDAC1","CHUK","APBB1"
"HDAC1","SRC","APBB1"
"HDAC1","RPS6KA2","APBB1"
"HDAC1","PTEN","APBB1"
"HDAC1","MAPK8","APBB1"
"HDAC1","MTOR","APBB1"
"HDAC1","AKT1","APBB1"
"HDAC1","PRKCD","APBB1"
"HDAC1","MAPK1","APBB1"
"HDAC1","PTPN1","APBB1"
"HDAC1","Gbeta","APBB1"
"HDAC1","KRAS","APBB1"
"HDAC1","KIT","APBB1"
"HDAC1","PTPRJ","APBB1"
"HDAC1","RPS6KB1","APBB1"
"HDAC1","EIF2AK2","APBB1"
"HDAC1","PDPK1","APBB1"
"HDAC1","MAML3","APBB1"
"HDAC1","MAP3K14","APBB1"
"HDAC1","MAP2K1","APBB1"
"HDAC1","GSK3B","APBB1"
"HDAC1","TGFBR2","APBB1"
"HDAC1","PAK2","APBB1"
"HDAC1","PPP1R2","APBB1"
"HDAC1","CDK5","APBB1"
"HDAC1","AKT","APBB1"
"HDAC1","MAPK9","APBB1"
"HDAC1","WWTR1","APBB1"
"HDAC1","RACK1","APBB1"
"HDAC1","DAPK1","APBB1"
"HDAC1","PXN","APBB1"
"HDAC1","PRKD1","APBB1"
"HDAC1","ABL2","APBB1"
"HDAC1","FBXW7","APBB1"
"HDAC1","ITK","APBB1"
"HDAC1","NCK1","APBB1"
"HDAC1","AHSA1","APBB1"
"HDAC1","BTK","APBB1"
"HDAC1","TNK2","APBB1"
"HDAC1","YAP1","APBB1"
"HDAC1","CD19","APBB1"
"HDAC1","STAT1","APBB1"
"HDAC1","HSP90AB1","APBB1"
"HDAC1","DVL2","APBB1"
"HDAC1","MAP2K2","APBB1"
"HDAC1","MAPK10","APBB1"
"HDAC1","DYRK1B","APBB1"
"HDAC1","MEK1/2","APBB1"
"HDAC1","JAK1","APBB1"
"HDAC1","PTPN7","APBB1"
"HDAC1","CDKN2A","APBB1"
"HDAC1","MAP4K1","APBB1"
"HDAC1","EPS15","APBB1"
"HDAC1","IKK-complex","APBB1"
"HDAC1","SHC1","APBB1"
"HDAC1","MAPK8IP3","APBB1"
"HDAC1","AXIN1","APBB1"
"HDAC1","MAPKAPK5","APBB1"
"HDAC1","DUSP16","APBB1"
"HDAC1","EPHA2","APBB1"
"HDAC1","MAP3K8","APBB1"
"HDAC1","PTPRR","APBB1"
"HDAC1","BDKRB2","APBB1"
"HDAC1","FLT4","APBB1"
"HDAC1","BMX","APBB1"
"HDAC1","PTK2B","APBB1"
"HDAC1","SNW1","APBB1"
"HDAC1","NEK6","APBB1"
"HDAC1","PRKCI","APBB1"
"HDAC1","CTNND1","APBB1"
"HDAC1","PIN1","APBB1"
"HDAC1","PARD6A","APBB1"
"HDAC1","CEP192","APBB1"
"HDAC1","GAB1","APBB1"
"HDAC1","PTPRA","APBB1"
"HDAC1","GRIP1","APBB1"
"HDAC1","ESR1","APBB1"
"HDAC1","ARRB2","APBB1"
"HDAC1","INPP5D","APBB1"
"HDAC1","GAB2","APBB1"
"HDAC1","EZH2","APBB1"
"HDAC1","BCR-Dk","APBB1"
"HDAC1","BCAR1","APBB1"
"HDAC1","BCR-Ml","APBB1"
"HDAC1","NOTCH","APBB1"
"HDAC1","NCOA1","APBB1"
"HDAC1","FERMT2","APBB1"
"HDAC1","ZMIZ1","APBB1"
"HDAC1","TAB3","APBB1"
"HDAC1","NPM1","APBB1"
"HDAC1","GCSAM","APBB1"
"HDAC1","OPTN","APBB1"
"HDAC1","SPRY2","APBB1"
"HDAC1","BCR-Dl","APBB1"
"HDAC1","DDX58","APBB1"
"HDAC1","ROR2","APBB1"
"HDAC1","IFIH1","APBB1"
"HDAC1","SH2B3","APBB1"
"HDAC1","DAB1","APBB1"
"HDAC1","BCR-Mk","APBB1"
"HDAC1","PLCG2","APBB1"
"HDAC1","CHUK","DIAPH1"
"HDAC1","SRC","DIAPH1"
"HDAC1","RPS6KA2","DIAPH1"
"HDAC1","PTEN","DIAPH1"
"HDAC1","MAPK8","DIAPH1"
"HDAC1","MTOR","DIAPH1"
"HDAC1","AKT1","DIAPH1"
"HDAC1","PRKCD","DIAPH1"
"HDAC1","MAPK1","DIAPH1"
"HDAC1","PTPN1","DIAPH1"
"HDAC1","Gbeta","DIAPH1"
"HDAC1","KRAS","DIAPH1"
"HDAC1","KIT","DIAPH1"
"HDAC1","PTPRJ","DIAPH1"
"HDAC1","RPS6KB1","DIAPH1"
"HDAC1","EIF2AK2","DIAPH1"
"HDAC1","PDPK1","DIAPH1"
"HDAC1","MAML3","DIAPH1"
"HDAC1","MAP3K14","DIAPH1"
"HDAC1","MAP2K1","DIAPH1"
"HDAC1","GSK3B","DIAPH1"
"HDAC1","TGFBR2","DIAPH1"
"HDAC1","PAK2","DIAPH1"
"HDAC1","PPP1R2","DIAPH1"
"HDAC1","CDK5","DIAPH1"
"HDAC1","AKT","DIAPH1"
"HDAC1","MAPK9","DIAPH1"
"HDAC1","WWTR1","DIAPH1"
"HDAC1","RACK1","DIAPH1"
"HDAC1","DAPK1","DIAPH1"
"HDAC1","PXN","DIAPH1"
"HDAC1","PRKD1","DIAPH1"
"HDAC1","ABL2","DIAPH1"
"HDAC1","FBXW7","DIAPH1"
"HDAC1","ITK","DIAPH1"
"HDAC1","NCK1","DIAPH1"
"HDAC1","AHSA1","DIAPH1"
"HDAC1","BTK","DIAPH1"
"HDAC1","TNK2","DIAPH1"
"HDAC1","YAP1","DIAPH1"
"HDAC1","CD19","DIAPH1"
"HDAC1","STAT1","DIAPH1"
"HDAC1","HSP90AB1","DIAPH1"
"HDAC1","DVL2","DIAPH1"
"HDAC1","MAP2K2","DIAPH1"
"HDAC1","MAPK10","DIAPH1"
"HDAC1","DYRK1B","DIAPH1"
"HDAC1","MEK1/2","DIAPH1"
"HDAC1","JAK1","DIAPH1"
"HDAC1","PTPN7","DIAPH1"
"HDAC1","CDKN2A","DIAPH1"
"HDAC1","MAP4K1","DIAPH1"
"HDAC1","EPS15","DIAPH1"
"HDAC1","IKK-complex","DIAPH1"
"HDAC1","SHC1","DIAPH1"
"HDAC1","MAPK8IP3","DIAPH1"
"HDAC1","AXIN1","DIAPH1"
"HDAC1","MAPKAPK5","DIAPH1"
"HDAC1","DUSP16","DIAPH1"
"HDAC1","EPHA2","DIAPH1"
"HDAC1","PTPRR","DIAPH1"
"HDAC1","BDKRB2","DIAPH1"
"HDAC1","FLT4","DIAPH1"
"HDAC1","BMX","DIAPH1"
"HDAC1","PTK2B","DIAPH1"
"HDAC1","SNW1","DIAPH1"
"HDAC1","NEK6","DIAPH1"
"HDAC1","PRKCI","DIAPH1"
"HDAC1","CTNND1","DIAPH1"
"HDAC1","PIN1","DIAPH1"
"HDAC1","PARD6A","DIAPH1"
"HDAC1","CEP192","DIAPH1"
"HDAC1","GAB1","DIAPH1"
"HDAC1","PTPRA","DIAPH1"
"HDAC1","GRIP1","DIAPH1"
"HDAC1","ESR1","DIAPH1"
"HDAC1","ARRB2","DIAPH1"
"HDAC1","INPP5D","DIAPH1"
"HDAC1","GAB2","DIAPH1"
"HDAC1","EZH2","DIAPH1"
"HDAC1","BCR-Dk","DIAPH1"
"HDAC1","BCAR1","DIAPH1"
"HDAC1","BCR-Ml","DIAPH1"
"HDAC1","NOTCH","DIAPH1"
"HDAC1","NCOA1","DIAPH1"
"HDAC1","FERMT2","DIAPH1"
"HDAC1","ZMIZ1","DIAPH1"
"HDAC1","TAB3","DIAPH1"
"HDAC1","NPM1","DIAPH1"
"HDAC1","GCSAM","DIAPH1"
"HDAC1","OPTN","DIAPH1"
"HDAC1","SPRY2","DIAPH1"
"HDAC1","BCR-Dl","DIAPH1"
"HDAC1","DDX58","DIAPH1"
"HDAC1","ROR2","DIAPH1"
"HDAC1","IFIH1","DIAPH1"
"HDAC1","SH2B3","DIAPH1"
"HDAC1","DAB1","DIAPH1"
"HDAC1","BCR-Mk","DIAPH1"
"HDAC1","PLCG2","DIAPH1"
"HDAC1","CHUK","SSBP3"
"HDAC1","SRC","SSBP3"
"HDAC1","RPS6KA2","SSBP3"
"HDAC1","PTEN","SSBP3"
"HDAC1","MAPK8","SSBP3"
"HDAC1","MTOR","SSBP3"
"HDAC1","AKT1","SSBP3"
"HDAC1","PRKCD","SSBP3"
"HDAC1","MAPK1","SSBP3"
"HDAC1","PTPN1","SSBP3"
"HDAC1","Gbeta","SSBP3"
"HDAC1","KRAS","SSBP3"
"HDAC1","KIT","SSBP3"
"HDAC1","PTPRJ","SSBP3"
"HDAC1","RPS6KB1","SSBP3"
"HDAC1","EIF2AK2","SSBP3"
"HDAC1","PDPK1","SSBP3"
"HDAC1","MAML3","SSBP3"
"HDAC1","MAP3K14","SSBP3"
"HDAC1","MAP2K1","SSBP3"
"HDAC1","GSK3B","SSBP3"
"HDAC1","TGFBR2","SSBP3"
"HDAC1","PAK2","SSBP3"
"HDAC1","PPP1R2","SSBP3"
"HDAC1","CDK5","SSBP3"
"HDAC1","AKT","SSBP3"
"HDAC1","MAPK9","SSBP3"
"HDAC1","WWTR1","SSBP3"
"HDAC1","RACK1","SSBP3"
"HDAC1","DAPK1","SSBP3"
"HDAC1","PXN","SSBP3"
"HDAC1","PRKD1","SSBP3"
"HDAC1","ABL2","SSBP3"
"HDAC1","FBXW7","SSBP3"
"HDAC1","ITK","SSBP3"
"HDAC1","NCK1","SSBP3"
"HDAC1","AHSA1","SSBP3"
"HDAC1","BTK","SSBP3"
"HDAC1","TNK2","SSBP3"
"HDAC1","YAP1","SSBP3"
"HDAC1","CD19","SSBP3"
"HDAC1","STAT1","SSBP3"
"HDAC1","HSP90AB1","SSBP3"
"HDAC1","DVL2","SSBP3"
"HDAC1","MAP2K2","SSBP3"
"HDAC1","MAPK10","SSBP3"
"HDAC1","DYRK1B","SSBP3"
"HDAC1","MEK1/2","SSBP3"
"HDAC1","JAK1","SSBP3"
"HDAC1","PTPN7","SSBP3"
"HDAC1","CDKN2A","SSBP3"
"HDAC1","MAP4K1","SSBP3"
"HDAC1","EPS15","SSBP3"
"HDAC1","IKK-complex","SSBP3"
"HDAC1","SHC1","SSBP3"
"HDAC1","MAPK8IP3","SSBP3"
"HDAC1","AXIN1","SSBP3"
"HDAC1","MAPKAPK5","SSBP3"
"HDAC1","DUSP16","SSBP3"
"HDAC1","EPHA2","SSBP3"
"HDAC1","MAP3K8","SSBP3"
"HDAC1","PTPRR","SSBP3"
"HDAC1","BDKRB2","SSBP3"
"HDAC1","FLT4","SSBP3"
"HDAC1","BMX","SSBP3"
"HDAC1","PTK2B","SSBP3"
"HDAC1","SNW1","SSBP3"
"HDAC1","NEK6","SSBP3"
"HDAC1","PRKCI","SSBP3"
"HDAC1","CTNND1","SSBP3"
"HDAC1","PIN1","SSBP3"
"HDAC1","PARD6A","SSBP3"
"HDAC1","CEP192","SSBP3"
"HDAC1","GAB1","SSBP3"
"HDAC1","PTPRA","SSBP3"
"HDAC1","GRIP1","SSBP3"
"HDAC1","ESR1","SSBP3"
"HDAC1","ARRB2","SSBP3"
"HDAC1","INPP5D","SSBP3"
"HDAC1","GAB2","SSBP3"
"HDAC1","EZH2","SSBP3"
"HDAC1","BCR-Dk","SSBP3"
"HDAC1","BCAR1","SSBP3"
"HDAC1","BCR-Ml","SSBP3"
"HDAC1","NOTCH","SSBP3"
"HDAC1","NCOA1","SSBP3"
"HDAC1","FERMT2","SSBP3"
"HDAC1","ZMIZ1","SSBP3"
"HDAC1","TAB3","SSBP3"
"HDAC1","NPM1","SSBP3"
"HDAC1","GCSAM","SSBP3"
"HDAC1","OPTN","SSBP3"
"HDAC1","SPRY2","SSBP3"
"HDAC1","BCR-Dl","SSBP3"
"HDAC1","DDX58","SSBP3"
"HDAC1","ROR2","SSBP3"
"HDAC1","IFIH1","SSBP3"
"HDAC1","SH2B3","SSBP3"
"HDAC1","DAB1","SSBP3"
"HDAC1","BCR-Mk","SSBP3"
"HDAC1","PLCG2","SSBP3"
"HDAC1","CHUK","TRPV3"
"HDAC1","SRC","TRPV3"
"HDAC1","RPS6KA2","TRPV3"
"HDAC1","PTEN","TRPV3"
"HDAC1","MAPK8","TRPV3"
"HDAC1","MTOR","TRPV3"
"HDAC1","AKT1","TRPV3"
"HDAC1","PRKCD","TRPV3"
"HDAC1","MAPK1","TRPV3"
"HDAC1","PTPN1","TRPV3"
"HDAC1","Gbeta","TRPV3"
"HDAC1","KRAS","TRPV3"
"HDAC1","KIT","TRPV3"
"HDAC1","PTPRJ","TRPV3"
"HDAC1","RPS6KB1","TRPV3"
"HDAC1","EIF2AK2","TRPV3"
"HDAC1","PDPK1","TRPV3"
"HDAC1","MAML3","TRPV3"
"HDAC1","MAP3K14","TRPV3"
"HDAC1","MAP2K1","TRPV3"
"HDAC1","GSK3B","TRPV3"
"HDAC1","TGFBR2","TRPV3"
"HDAC1","PAK2","TRPV3"
"HDAC1","PPP1R2","TRPV3"
"HDAC1","CDK5","TRPV3"
"HDAC1","AKT","TRPV3"
"HDAC1","MAPK9","TRPV3"
"HDAC1","WWTR1","TRPV3"
"HDAC1","RACK1","TRPV3"
"HDAC1","DAPK1","TRPV3"
"HDAC1","PXN","TRPV3"
"HDAC1","PRKD1","TRPV3"
"HDAC1","ABL2","TRPV3"
"HDAC1","FBXW7","TRPV3"
"HDAC1","ITK","TRPV3"
"HDAC1","NCK1","TRPV3"
"HDAC1","AHSA1","TRPV3"
"HDAC1","BTK","TRPV3"
"HDAC1","TNK2","TRPV3"
"HDAC1","YAP1","TRPV3"
"HDAC1","CD19","TRPV3"
"HDAC1","STAT1","TRPV3"
"HDAC1","HSP90AB1","TRPV3"
"HDAC1","DVL2","TRPV3"
"HDAC1","MAP2K2","TRPV3"
"HDAC1","MAPK10","TRPV3"
"HDAC1","DYRK1B","TRPV3"
"HDAC1","MEK1/2","TRPV3"
"HDAC1","JAK1","TRPV3"
"HDAC1","PTPN7","TRPV3"
"HDAC1","CDKN2A","TRPV3"
"HDAC1","MAP4K1","TRPV3"
"HDAC1","EPS15","TRPV3"
"HDAC1","IKK-complex","TRPV3"
"HDAC1","SHC1","TRPV3"
"HDAC1","MAPK8IP3","TRPV3"
"HDAC1","AXIN1","TRPV3"
"HDAC1","MAPKAPK5","TRPV3"
"HDAC1","DUSP16","TRPV3"
"HDAC1","EPHA2","TRPV3"
"HDAC1","PTPRR","TRPV3"
"HDAC1","BDKRB2","TRPV3"
"HDAC1","FLT4","TRPV3"
"HDAC1","BMX","TRPV3"
"HDAC1","PTK2B","TRPV3"
"HDAC1","SNW1","TRPV3"
"HDAC1","NEK6","TRPV3"
"HDAC1","PRKCI","TRPV3"
"HDAC1","CTNND1","TRPV3"
"HDAC1","PIN1","TRPV3"
"HDAC1","PARD6A","TRPV3"
"HDAC1","CEP192","TRPV3"
"HDAC1","GAB1","TRPV3"
"HDAC1","PTPRA","TRPV3"
"HDAC1","GRIP1","TRPV3"
"HDAC1","ESR1","TRPV3"
"HDAC1","ARRB2","TRPV3"
"HDAC1","INPP5D","TRPV3"
"HDAC1","GAB2","TRPV3"
"HDAC1","EZH2","TRPV3"
"HDAC1","BCR-Dk","TRPV3"
"HDAC1","BCAR1","TRPV3"
"HDAC1","BCR-Ml","TRPV3"
"HDAC1","NOTCH","TRPV3"
"HDAC1","NCOA1","TRPV3"
"HDAC1","FERMT2","TRPV3"
"HDAC1","ZMIZ1","TRPV3"
"HDAC1","TAB3","TRPV3"
"HDAC1","NPM1","TRPV3"
"HDAC1","GCSAM","TRPV3"
"HDAC1","OPTN","TRPV3"
"HDAC1","SPRY2","TRPV3"
"HDAC1","BCR-Dl","TRPV3"
"HDAC1","DDX58","TRPV3"
"HDAC1","ROR2","TRPV3"
"HDAC1","IFIH1","TRPV3"
"HDAC1","SH2B3","TRPV3"
"HDAC1","DAB1","TRPV3"
"HDAC1","BCR-Mk","TRPV3"
"HDAC1","PLCG2","TRPV3"
"HDAC1","CHUK","GLRB"
"HDAC1","RPS6KA2","GLRB"
"HDAC1","PTEN","GLRB"
"HDAC1","MAPK8","GLRB"
"HDAC1","MTOR","GLRB"
"HDAC1","AKT1","GLRB"
"HDAC1","PRKCD","GLRB"
"HDAC1","MAPK1","GLRB"
"HDAC1","PTPN1","GLRB"
"HDAC1","Gbeta","GLRB"
"HDAC1","KRAS","GLRB"
"HDAC1","KIT","GLRB"
"HDAC1","PTPRJ","GLRB"
"HDAC1","RPS6KB1","GLRB"
"HDAC1","EIF2AK2","GLRB"
"HDAC1","PDPK1","GLRB"
"HDAC1","MAML3","GLRB"
"HDAC1","MAP3K14","GLRB"
"HDAC1","MAP2K1","GLRB"
"HDAC1","GSK3B","GLRB"
"HDAC1","TGFBR2","GLRB"
"HDAC1","PAK2","GLRB"
"HDAC1","PPP1R2","GLRB"
"HDAC1","CDK5","GLRB"
"HDAC1","AKT","GLRB"
"HDAC1","MAPK9","GLRB"
"HDAC1","WWTR1","GLRB"
"HDAC1","RACK1","GLRB"
"HDAC1","DAPK1","GLRB"
"HDAC1","PXN","GLRB"
"HDAC1","PRKD1","GLRB"
"HDAC1","ABL2","GLRB"
"HDAC1","FBXW7","GLRB"
"HDAC1","ITK","GLRB"
"HDAC1","NCK1","GLRB"
"HDAC1","AHSA1","GLRB"
"HDAC1","BTK","GLRB"
"HDAC1","TNK2","GLRB"
"HDAC1","YAP1","GLRB"
"HDAC1","CD19","GLRB"
"HDAC1","STAT1","GLRB"
"HDAC1","HSP90AB1","GLRB"
"HDAC1","DVL2","GLRB"
"HDAC1","MAP2K2","GLRB"
"HDAC1","MAPK10","GLRB"
"HDAC1","DYRK1B","GLRB"
"HDAC1","MEK1/2","GLRB"
"HDAC1","JAK1","GLRB"
"HDAC1","PTPN7","GLRB"
"HDAC1","CDKN2A","GLRB"
"HDAC1","MAP4K1","GLRB"
"HDAC1","EPS15","GLRB"
"HDAC1","IKK-complex","GLRB"
"HDAC1","SHC1","GLRB"
"HDAC1","MAPK8IP3","GLRB"
"HDAC1","AXIN1","GLRB"
"HDAC1","MAPKAPK5","GLRB"
"HDAC1","DUSP16","GLRB"
"HDAC1","EPHA2","GLRB"
"HDAC1","MAP3K8","GLRB"
"HDAC1","PTPRR","GLRB"
"HDAC1","BDKRB2","GLRB"
"HDAC1","FLT4","GLRB"
"HDAC1","BMX","GLRB"
"HDAC1","PTK2B","GLRB"
"HDAC1","SNW1","GLRB"
"HDAC1","NEK6","GLRB"
"HDAC1","PRKCI","GLRB"
"HDAC1","CTNND1","GLRB"
"HDAC1","PIN1","GLRB"
"HDAC1","PARD6A","GLRB"
"HDAC1","CEP192","GLRB"
"HDAC1","GAB1","GLRB"
"HDAC1","PTPRA","GLRB"
"HDAC1","GRIP1","GLRB"
"HDAC1","ESR1","GLRB"
"HDAC1","ARRB2","GLRB"
"HDAC1","INPP5D","GLRB"
"HDAC1","GAB2","GLRB"
"HDAC1","EZH2","GLRB"
"HDAC1","BCR-Dk","GLRB"
"HDAC1","BCAR1","GLRB"
"HDAC1","BCR-Ml","GLRB"
"HDAC1","NOTCH","GLRB"
"HDAC1","NCOA1","GLRB"
"HDAC1","FERMT2","GLRB"
"HDAC1","ZMIZ1","GLRB"
"HDAC1","TAB3","GLRB"
"HDAC1","NPM1","GLRB"
"HDAC1","GCSAM","GLRB"
"HDAC1","OPTN","GLRB"
"HDAC1","SPRY2","GLRB"
"HDAC1","BCR-Dl","GLRB"
"HDAC1","DDX58","GLRB"
"HDAC1","ROR2","GLRB"
"HDAC1","IFIH1","GLRB"
"HDAC1","SH2B3","GLRB"
"HDAC1","DAB1","GLRB"
"HDAC1","BCR-Mk","GLRB"
"HDAC1","PLCG2","GLRB"
"HDAC1","CHUK","CORO7"
"HDAC1","RPS6KA2","CORO7"
"HDAC1","PTEN","CORO7"
"HDAC1","MAPK8","CORO7"
"HDAC1","MTOR","CORO7"
"HDAC1","AKT1","CORO7"
"HDAC1","PRKCD","CORO7"
"HDAC1","MAPK1","CORO7"
"HDAC1","PTPN1","CORO7"
"HDAC1","Gbeta","CORO7"
"HDAC1","KRAS","CORO7"
"HDAC1","KIT","CORO7"
"HDAC1","PTPRJ","CORO7"
"HDAC1","RPS6KB1","CORO7"
"HDAC1","EIF2AK2","CORO7"
"HDAC1","PDPK1","CORO7"
"HDAC1","MAML3","CORO7"
"HDAC1","MAP3K14","CORO7"
"HDAC1","MAP2K1","CORO7"
"HDAC1","GSK3B","CORO7"
"HDAC1","TGFBR2","CORO7"
"HDAC1","PAK2","CORO7"
"HDAC1","PPP1R2","CORO7"
"HDAC1","CDK5","CORO7"
"HDAC1","AKT","CORO7"
"HDAC1","MAPK9","CORO7"
"HDAC1","WWTR1","CORO7"
"HDAC1","RACK1","CORO7"
"HDAC1","DAPK1","CORO7"
"HDAC1","PXN","CORO7"
"HDAC1","PRKD1","CORO7"
"HDAC1","ABL2","CORO7"
"HDAC1","FBXW7","CORO7"
"HDAC1","ITK","CORO7"
"HDAC1","NCK1","CORO7"
"HDAC1","AHSA1","CORO7"
"HDAC1","BTK","CORO7"
"HDAC1","TNK2","CORO7"
"HDAC1","YAP1","CORO7"
"HDAC1","CD19","CORO7"
"HDAC1","STAT1","CORO7"
"HDAC1","HSP90AB1","CORO7"
"HDAC1","DVL2","CORO7"
"HDAC1","MAP2K2","CORO7"
"HDAC1","MAPK10","CORO7"
"HDAC1","DYRK1B","CORO7"
"HDAC1","MEK1/2","CORO7"
"HDAC1","JAK1","CORO7"
"HDAC1","PTPN7","CORO7"
"HDAC1","CDKN2A","CORO7"
"HDAC1","MAP4K1","CORO7"
"HDAC1","EPS15","CORO7"
"HDAC1","IKK-complex","CORO7"
"HDAC1","SHC1","CORO7"
"HDAC1","MAPK8IP3","CORO7"
"HDAC1","AXIN1","CORO7"
"HDAC1","MAPKAPK5","CORO7"
"HDAC1","DUSP16","CORO7"
"HDAC1","EPHA2","CORO7"
"HDAC1","MAP3K8","CORO7"
"HDAC1","PTPRR","CORO7"
"HDAC1","BDKRB2","CORO7"
"HDAC1","FLT4","CORO7"
"HDAC1","BMX","CORO7"
"HDAC1","PTK2B","CORO7"
"HDAC1","SNW1","CORO7"
"HDAC1","NEK6","CORO7"
"HDAC1","PRKCI","CORO7"
"HDAC1","CTNND1","CORO7"
"HDAC1","PIN1","CORO7"
"HDAC1","PARD6A","CORO7"
"HDAC1","CEP192","CORO7"
"HDAC1","GAB1","CORO7"
"HDAC1","PTPRA","CORO7"
"HDAC1","GRIP1","CORO7"
"HDAC1","ESR1","CORO7"
"HDAC1","ARRB2","CORO7"
"HDAC1","INPP5D","CORO7"
"HDAC1","GAB2","CORO7"
"HDAC1","EZH2","CORO7"
"HDAC1","BCR-Dk","CORO7"
"HDAC1","BCAR1","CORO7"
"HDAC1","BCR-Ml","CORO7"
"HDAC1","NOTCH","CORO7"
"HDAC1","NCOA1","CORO7"
"HDAC1","FERMT2","CORO7"
"HDAC1","ZMIZ1","CORO7"
"HDAC1","TAB3","CORO7"
"HDAC1","NPM1","CORO7"
"HDAC1","GCSAM","CORO7"
"HDAC1","OPTN","CORO7"
"HDAC1","SPRY2","CORO7"
"HDAC1","BCR-Dl","CORO7"
"HDAC1","DDX58","CORO7"
"HDAC1","ROR2","CORO7"
"HDAC1","IFIH1","CORO7"
"HDAC1","SH2B3","CORO7"
"HDAC1","DAB1","CORO7"
"HDAC1","BCR-Mk","CORO7"
"HDAC1","PLCG2","CORO7"
"HDAC1","CHUK","PTTG1IP"
"HDAC1","RPS6KA2","PTTG1IP"
"HDAC1","PTEN","PTTG1IP"
"HDAC1","MAPK8","PTTG1IP"
"HDAC1","MTOR","PTTG1IP"
"HDAC1","AKT1","PTTG1IP"
"HDAC1","PRKCD","PTTG1IP"
"HDAC1","MAPK1","PTTG1IP"
"HDAC1","PTPN1","PTTG1IP"
"HDAC1","Gbeta","PTTG1IP"
"HDAC1","KRAS","PTTG1IP"
"HDAC1","KIT","PTTG1IP"
"HDAC1","PTPRJ","PTTG1IP"
"HDAC1","RPS6KB1","PTTG1IP"
"HDAC1","EIF2AK2","PTTG1IP"
"HDAC1","PDPK1","PTTG1IP"
"HDAC1","MAML3","PTTG1IP"
"HDAC1","MAP3K14","PTTG1IP"
"HDAC1","MAP2K1","PTTG1IP"
"HDAC1","GSK3B","PTTG1IP"
"HDAC1","TGFBR2","PTTG1IP"
"HDAC1","PAK2","PTTG1IP"
"HDAC1","PPP1R2","PTTG1IP"
"HDAC1","CDK5","PTTG1IP"
"HDAC1","AKT","PTTG1IP"
"HDAC1","MAPK9","PTTG1IP"
"HDAC1","WWTR1","PTTG1IP"
"HDAC1","RACK1","PTTG1IP"
"HDAC1","DAPK1","PTTG1IP"
"HDAC1","PXN","PTTG1IP"
"HDAC1","PRKD1","PTTG1IP"
"HDAC1","ABL2","PTTG1IP"
"HDAC1","FBXW7","PTTG1IP"
"HDAC1","ITK","PTTG1IP"
"HDAC1","NCK1","PTTG1IP"
"HDAC1","AHSA1","PTTG1IP"
"HDAC1","BTK","PTTG1IP"
"HDAC1","TNK2","PTTG1IP"
"HDAC1","YAP1","PTTG1IP"
"HDAC1","CD19","PTTG1IP"
"HDAC1","STAT1","PTTG1IP"
"HDAC1","HSP90AB1","PTTG1IP"
"HDAC1","DVL2","PTTG1IP"
"HDAC1","MAP2K2","PTTG1IP"
"HDAC1","MAPK10","PTTG1IP"
"HDAC1","DYRK1B","PTTG1IP"
"HDAC1","MEK1/2","PTTG1IP"
"HDAC1","JAK1","PTTG1IP"
"HDAC1","PTPN7","PTTG1IP"
"HDAC1","CDKN2A","PTTG1IP"
"HDAC1","MAP4K1","PTTG1IP"
"HDAC1","EPS15","PTTG1IP"
"HDAC1","IKK-complex","PTTG1IP"
"HDAC1","SHC1","PTTG1IP"
"HDAC1","MAPK8IP3","PTTG1IP"
"HDAC1","AXIN1","PTTG1IP"
"HDAC1","MAPKAPK5","PTTG1IP"
"HDAC1","DUSP16","PTTG1IP"
"HDAC1","EPHA2","PTTG1IP"
"HDAC1","MAP3K8","PTTG1IP"
"HDAC1","PTPRR","PTTG1IP"
"HDAC1","BDKRB2","PTTG1IP"
"HDAC1","FLT4","PTTG1IP"
"HDAC1","BMX","PTTG1IP"
"HDAC1","PTK2B","PTTG1IP"
"HDAC1","SNW1","PTTG1IP"
"HDAC1","NEK6","PTTG1IP"
"HDAC1","PRKCI","PTTG1IP"
"HDAC1","CTNND1","PTTG1IP"
"HDAC1","PIN1","PTTG1IP"
"HDAC1","PARD6A","PTTG1IP"
"HDAC1","CEP192","PTTG1IP"
"HDAC1","GAB1","PTTG1IP"
"HDAC1","PTPRA","PTTG1IP"
"HDAC1","GRIP1","PTTG1IP"
"HDAC1","ESR1","PTTG1IP"
"HDAC1","ARRB2","PTTG1IP"
"HDAC1","INPP5D","PTTG1IP"
"HDAC1","GAB2","PTTG1IP"
"HDAC1","EZH2","PTTG1IP"
"HDAC1","BCR-Dk","PTTG1IP"
"HDAC1","BCAR1","PTTG1IP"
"HDAC1","BCR-Ml","PTTG1IP"
"HDAC1","NOTCH","PTTG1IP"
"HDAC1","NCOA1","PTTG1IP"
"HDAC1","FERMT2","PTTG1IP"
"HDAC1","ZMIZ1","PTTG1IP"
"HDAC1","TAB3","PTTG1IP"
"HDAC1","NPM1","PTTG1IP"
"HDAC1","GCSAM","PTTG1IP"
"HDAC1","OPTN","PTTG1IP"
"HDAC1","SPRY2","PTTG1IP"
"HDAC1","BCR-Dl","PTTG1IP"
"HDAC1","DDX58","PTTG1IP"
"HDAC1","ROR2","PTTG1IP"
"HDAC1","IFIH1","PTTG1IP"
"HDAC1","SH2B3","PTTG1IP"
"HDAC1","DAB1","PTTG1IP"
"HDAC1","BCR-Mk","PTTG1IP"
"HDAC1","PLCG2","PTTG1IP"
"HDAC1","CHUK","GSN"
"HDAC1","RPS6KA2","GSN"
"HDAC1","PTEN","GSN"
"HDAC1","MAPK8","GSN"
"HDAC1","MTOR","GSN"
"HDAC1","AKT1","GSN"
"HDAC1","PRKCD","GSN"
"HDAC1","MAPK1","GSN"
"HDAC1","PTPN1","GSN"
"HDAC1","Gbeta","GSN"
"HDAC1","KRAS","GSN"
"HDAC1","KIT","GSN"
"HDAC1","PTPRJ","GSN"
"HDAC1","RPS6KB1","GSN"
"HDAC1","EIF2AK2","GSN"
"HDAC1","PDPK1","GSN"
"HDAC1","MAML3","GSN"
"HDAC1","MAP3K14","GSN"
"HDAC1","MAP2K1","GSN"
"HDAC1","GSK3B","GSN"
"HDAC1","TGFBR2","GSN"
"HDAC1","PAK2","GSN"
"HDAC1","PPP1R2","GSN"
"HDAC1","CDK5","GSN"
"HDAC1","AKT","GSN"
"HDAC1","MAPK9","GSN"
"HDAC1","WWTR1","GSN"
"HDAC1","RACK1","GSN"
"HDAC1","DAPK1","GSN"
"HDAC1","PXN","GSN"
"HDAC1","PRKD1","GSN"
"HDAC1","ABL2","GSN"
"HDAC1","FBXW7","GSN"
"HDAC1","ITK","GSN"
"HDAC1","NCK1","GSN"
"HDAC1","AHSA1","GSN"
"HDAC1","BTK","GSN"
"HDAC1","TNK2","GSN"
"HDAC1","YAP1","GSN"
"HDAC1","CD19","GSN"
"HDAC1","STAT1","GSN"
"HDAC1","HSP90AB1","GSN"
"HDAC1","DVL2","GSN"
"HDAC1","MAP2K2","GSN"
"HDAC1","MAPK10","GSN"
"HDAC1","DYRK1B","GSN"
"HDAC1","MEK1/2","GSN"
"HDAC1","JAK1","GSN"
"HDAC1","PTPN7","GSN"
"HDAC1","CDKN2A","GSN"
"HDAC1","MAP4K1","GSN"
"HDAC1","EPS15","GSN"
"HDAC1","IKK-complex","GSN"
"HDAC1","SHC1","GSN"
"HDAC1","MAPK8IP3","GSN"
"HDAC1","AXIN1","GSN"
"HDAC1","MAPKAPK5","GSN"
"HDAC1","DUSP16","GSN"
"HDAC1","EPHA2","GSN"
"HDAC1","MAP3K8","GSN"
"HDAC1","PTPRR","GSN"
"HDAC1","BDKRB2","GSN"
"HDAC1","FLT4","GSN"
"HDAC1","BMX","GSN"
"HDAC1","PTK2B","GSN"
"HDAC1","SNW1","GSN"
"HDAC1","NEK6","GSN"
"HDAC1","PRKCI","GSN"
"HDAC1","CTNND1","GSN"
"HDAC1","PIN1","GSN"
"HDAC1","PARD6A","GSN"
"HDAC1","CEP192","GSN"
"HDAC1","GAB1","GSN"
"HDAC1","PTPRA","GSN"
"HDAC1","GRIP1","GSN"
"HDAC1","ESR1","GSN"
"HDAC1","ARRB2","GSN"
"HDAC1","INPP5D","GSN"
"HDAC1","GAB2","GSN"
"HDAC1","EZH2","GSN"
"HDAC1","BCR-Dk","GSN"
"HDAC1","BCAR1","GSN"
"HDAC1","BCR-Ml","GSN"
"HDAC1","NOTCH","GSN"
"HDAC1","NCOA1","GSN"
"HDAC1","FERMT2","GSN"
"HDAC1","ZMIZ1","GSN"
"HDAC1","TAB3","GSN"
"HDAC1","NPM1","GSN"
"HDAC1","GCSAM","GSN"
"HDAC1","OPTN","GSN"
"HDAC1","SPRY2","GSN"
"HDAC1","BCR-Dl","GSN"
"HDAC1","DDX58","GSN"
"HDAC1","ROR2","GSN"
"HDAC1","IFIH1","GSN"
"HDAC1","SH2B3","GSN"
"HDAC1","DAB1","GSN"
"HDAC1","BCR-Mk","GSN"
"HDAC1","PLCG2","GSN"
"HDAC1","CHUK","PFAS"
"HDAC1","SRC","PFAS"
"HDAC1","RPS6KA2","PFAS"
"HDAC1","PTEN","PFAS"
"HDAC1","MAPK8","PFAS"
"HDAC1","MTOR","PFAS"
"HDAC1","AKT1","PFAS"
"HDAC1","PRKCD","PFAS"
"HDAC1","PTPN1","PFAS"
"HDAC1","Gbeta","PFAS"
"HDAC1","KRAS","PFAS"
"HDAC1","KIT","PFAS"
"HDAC1","PTPRJ","PFAS"
"HDAC1","RPS6KB1","PFAS"
"HDAC1","EIF2AK2","PFAS"
"HDAC1","PDPK1","PFAS"
"HDAC1","MAML3","PFAS"
"HDAC1","MAP3K14","PFAS"
"HDAC1","MAP2K1","PFAS"
"HDAC1","GSK3B","PFAS"
"HDAC1","TGFBR2","PFAS"
"HDAC1","PAK2","PFAS"
"HDAC1","PPP1R2","PFAS"
"HDAC1","CDK5","PFAS"
"HDAC1","AKT","PFAS"
"HDAC1","MAPK9","PFAS"
"HDAC1","WWTR1","PFAS"
"HDAC1","RACK1","PFAS"
"HDAC1","DAPK1","PFAS"
"HDAC1","PXN","PFAS"
"HDAC1","PRKD1","PFAS"
"HDAC1","ABL2","PFAS"
"HDAC1","FBXW7","PFAS"
"HDAC1","ITK","PFAS"
"HDAC1","NCK1","PFAS"
"HDAC1","AHSA1","PFAS"
"HDAC1","BTK","PFAS"
"HDAC1","TNK2","PFAS"
"HDAC1","YAP1","PFAS"
"HDAC1","CD19","PFAS"
"HDAC1","STAT1","PFAS"
"HDAC1","HSP90AB1","PFAS"
"HDAC1","DVL2","PFAS"
"HDAC1","MAP2K2","PFAS"
"HDAC1","MAPK10","PFAS"
"HDAC1","DYRK1B","PFAS"
"HDAC1","MEK1/2","PFAS"
"HDAC1","JAK1","PFAS"
"HDAC1","PTPN7","PFAS"
"HDAC1","CDKN2A","PFAS"
"HDAC1","MAP4K1","PFAS"
"HDAC1","EPS15","PFAS"
"HDAC1","IKK-complex","PFAS"
"HDAC1","SHC1","PFAS"
"HDAC1","MAPK8IP3","PFAS"
"HDAC1","AXIN1","PFAS"
"HDAC1","MAPKAPK5","PFAS"
"HDAC1","DUSP16","PFAS"
"HDAC1","EPHA2","PFAS"
"HDAC1","PTPRR","PFAS"
"HDAC1","BDKRB2","PFAS"
"HDAC1","FLT4","PFAS"
"HDAC1","BMX","PFAS"
"HDAC1","PTK2B","PFAS"
"HDAC1","SNW1","PFAS"
"HDAC1","NEK6","PFAS"
"HDAC1","PRKCI","PFAS"
"HDAC1","CTNND1","PFAS"
"HDAC1","PIN1","PFAS"
"HDAC1","PARD6A","PFAS"
"HDAC1","CEP192","PFAS"
"HDAC1","GAB1","PFAS"
"HDAC1","PTPRA","PFAS"
"HDAC1","GRIP1","PFAS"
"HDAC1","ESR1","PFAS"
"HDAC1","ARRB2","PFAS"
"HDAC1","INPP5D","PFAS"
"HDAC1","GAB2","PFAS"
"HDAC1","EZH2","PFAS"
"HDAC1","BCR-Dk","PFAS"
"HDAC1","BCAR1","PFAS"
"HDAC1","BCR-Ml","PFAS"
"HDAC1","NOTCH","PFAS"
"HDAC1","NCOA1","PFAS"
"HDAC1","FERMT2","PFAS"
"HDAC1","ZMIZ1","PFAS"
"HDAC1","TAB3","PFAS"
"HDAC1","NPM1","PFAS"
"HDAC1","GCSAM","PFAS"
"HDAC1","OPTN","PFAS"
"HDAC1","SPRY2","PFAS"
"HDAC1","BCR-Dl","PFAS"
"HDAC1","DDX58","PFAS"
"HDAC1","ROR2","PFAS"
"HDAC1","IFIH1","PFAS"
"HDAC1","SH2B3","PFAS"
"HDAC1","DAB1","PFAS"
"HDAC1","BCR-Mk","PFAS"
"HDAC1","PLCG2","PFAS"
"HDAC1","CHUK","NDUFV2"
"HDAC1","RPS6KA2","NDUFV2"
"HDAC1","PTEN","NDUFV2"
"HDAC1","MAPK8","NDUFV2"
"HDAC1","MTOR","NDUFV2"
"HDAC1","AKT1","NDUFV2"
"HDAC1","PRKCD","NDUFV2"
"HDAC1","MAPK1","NDUFV2"
"HDAC1","PTPN1","NDUFV2"
"HDAC1","Gbeta","NDUFV2"
"HDAC1","KRAS","NDUFV2"
"HDAC1","KIT","NDUFV2"
"HDAC1","PTPRJ","NDUFV2"
"HDAC1","RPS6KB1","NDUFV2"
"HDAC1","EIF2AK2","NDUFV2"
"HDAC1","PDPK1","NDUFV2"
"HDAC1","MAML3","NDUFV2"
"HDAC1","MAP3K14","NDUFV2"
"HDAC1","MAP2K1","NDUFV2"
"HDAC1","GSK3B","NDUFV2"
"HDAC1","TGFBR2","NDUFV2"
"HDAC1","PAK2","NDUFV2"
"HDAC1","PPP1R2","NDUFV2"
"HDAC1","CDK5","NDUFV2"
"HDAC1","AKT","NDUFV2"
"HDAC1","MAPK9","NDUFV2"
"HDAC1","WWTR1","NDUFV2"
"HDAC1","RACK1","NDUFV2"
"HDAC1","DAPK1","NDUFV2"
"HDAC1","PXN","NDUFV2"
"HDAC1","PRKD1","NDUFV2"
"HDAC1","ABL2","NDUFV2"
"HDAC1","FBXW7","NDUFV2"
"HDAC1","ITK","NDUFV2"
"HDAC1","NCK1","NDUFV2"
"HDAC1","AHSA1","NDUFV2"
"HDAC1","BTK","NDUFV2"
"HDAC1","TNK2","NDUFV2"
"HDAC1","YAP1","NDUFV2"
"HDAC1","CD19","NDUFV2"
"HDAC1","STAT1","NDUFV2"
"HDAC1","HSP90AB1","NDUFV2"
"HDAC1","DVL2","NDUFV2"
"HDAC1","MAP2K2","NDUFV2"
"HDAC1","MAPK10","NDUFV2"
"HDAC1","DYRK1B","NDUFV2"
"HDAC1","MEK1/2","NDUFV2"
"HDAC1","JAK1","NDUFV2"
"HDAC1","PTPN7","NDUFV2"
"HDAC1","CDKN2A","NDUFV2"
"HDAC1","MAP4K1","NDUFV2"
"HDAC1","EPS15","NDUFV2"
"HDAC1","IKK-complex","NDUFV2"
"HDAC1","SHC1","NDUFV2"
"HDAC1","MAPK8IP3","NDUFV2"
"HDAC1","AXIN1","NDUFV2"
"HDAC1","MAPKAPK5","NDUFV2"
"HDAC1","DUSP16","NDUFV2"
"HDAC1","EPHA2","NDUFV2"
"HDAC1","MAP3K8","NDUFV2"
"HDAC1","PTPRR","NDUFV2"
"HDAC1","BDKRB2","NDUFV2"
"HDAC1","FLT4","NDUFV2"
"HDAC1","BMX","NDUFV2"
"HDAC1","PTK2B","NDUFV2"
"HDAC1","SNW1","NDUFV2"
"HDAC1","NEK6","NDUFV2"
"HDAC1","PRKCI","NDUFV2"
"HDAC1","CTNND1","NDUFV2"
"HDAC1","PIN1","NDUFV2"
"HDAC1","PARD6A","NDUFV2"
"HDAC1","CEP192","NDUFV2"
"HDAC1","GAB1","NDUFV2"
"HDAC1","PTPRA","NDUFV2"
"HDAC1","GRIP1","NDUFV2"
"HDAC1","ESR1","NDUFV2"
"HDAC1","ARRB2","NDUFV2"
"HDAC1","INPP5D","NDUFV2"
"HDAC1","GAB2","NDUFV2"
"HDAC1","EZH2","NDUFV2"
"HDAC1","BCR-Dk","NDUFV2"
"HDAC1","BCAR1","NDUFV2"
"HDAC1","BCR-Ml","NDUFV2"
"HDAC1","NOTCH","NDUFV2"
"HDAC1","NCOA1","NDUFV2"
"HDAC1","FERMT2","NDUFV2"
"HDAC1","ZMIZ1","NDUFV2"
"HDAC1","TAB3","NDUFV2"
"HDAC1","NPM1","NDUFV2"
"HDAC1","GCSAM","NDUFV2"
"HDAC1","OPTN","NDUFV2"
"HDAC1","SPRY2","NDUFV2"
"HDAC1","BCR-Dl","NDUFV2"
"HDAC1","DDX58","NDUFV2"
"HDAC1","ROR2","NDUFV2"
"HDAC1","IFIH1","NDUFV2"
"HDAC1","SH2B3","NDUFV2"
"HDAC1","DAB1","NDUFV2"
"HDAC1","BCR-Mk","NDUFV2"
"HDAC1","PLCG2","NDUFV2"
"HDAC1","CHUK","SDHA"
"HDAC1","RPS6KA2","SDHA"
"HDAC1","PTEN","SDHA"
"HDAC1","MAPK8","SDHA"
"HDAC1","MTOR","SDHA"
"HDAC1","AKT1","SDHA"
"HDAC1","PRKCD","SDHA"
"HDAC1","MAPK1","SDHA"
"HDAC1","PTPN1","SDHA"
"HDAC1","Gbeta","SDHA"
"HDAC1","KRAS","SDHA"
"HDAC1","KIT","SDHA"
"HDAC1","PTPRJ","SDHA"
"HDAC1","RPS6KB1","SDHA"
"HDAC1","EIF2AK2","SDHA"
"HDAC1","PDPK1","SDHA"
"HDAC1","MAML3","SDHA"
"HDAC1","MAP3K14","SDHA"
"HDAC1","MAP2K1","SDHA"
"HDAC1","GSK3B","SDHA"
"HDAC1","TGFBR2","SDHA"
"HDAC1","PAK2","SDHA"
"HDAC1","PPP1R2","SDHA"
"HDAC1","CDK5","SDHA"
"HDAC1","AKT","SDHA"
"HDAC1","MAPK9","SDHA"
"HDAC1","WWTR1","SDHA"
"HDAC1","RACK1","SDHA"
"HDAC1","DAPK1","SDHA"
"HDAC1","PXN","SDHA"
"HDAC1","PRKD1","SDHA"
"HDAC1","ABL2","SDHA"
"HDAC1","FBXW7","SDHA"
"HDAC1","ITK","SDHA"
"HDAC1","NCK1","SDHA"
"HDAC1","AHSA1","SDHA"
"HDAC1","BTK","SDHA"
"HDAC1","TNK2","SDHA"
"HDAC1","YAP1","SDHA"
"HDAC1","CD19","SDHA"
"HDAC1","STAT1","SDHA"
"HDAC1","HSP90AB1","SDHA"
"HDAC1","DVL2","SDHA"
"HDAC1","MAP2K2","SDHA"
"HDAC1","MAPK10","SDHA"
"HDAC1","DYRK1B","SDHA"
"HDAC1","MEK1/2","SDHA"
"HDAC1","JAK1","SDHA"
"HDAC1","PTPN7","SDHA"
"HDAC1","CDKN2A","SDHA"
"HDAC1","MAP4K1","SDHA"
"HDAC1","EPS15","SDHA"
"HDAC1","IKK-complex","SDHA"
"HDAC1","SHC1","SDHA"
"HDAC1","MAPK8IP3","SDHA"
"HDAC1","AXIN1","SDHA"
"HDAC1","MAPKAPK5","SDHA"
"HDAC1","DUSP16","SDHA"
"HDAC1","EPHA2","SDHA"
"HDAC1","MAP3K8","SDHA"
"HDAC1","PTPRR","SDHA"
"HDAC1","BDKRB2","SDHA"
"HDAC1","FLT4","SDHA"
"HDAC1","BMX","SDHA"
"HDAC1","PTK2B","SDHA"
"HDAC1","SNW1","SDHA"
"HDAC1","NEK6","SDHA"
"HDAC1","PRKCI","SDHA"
"HDAC1","CTNND1","SDHA"
"HDAC1","PIN1","SDHA"
"HDAC1","PARD6A","SDHA"
"HDAC1","CEP192","SDHA"
"HDAC1","GAB1","SDHA"
"HDAC1","PTPRA","SDHA"
"HDAC1","GRIP1","SDHA"
"HDAC1","ESR1","SDHA"
"HDAC1","ARRB2","SDHA"
"HDAC1","INPP5D","SDHA"
"HDAC1","GAB2","SDHA"
"HDAC1","EZH2","SDHA"
"HDAC1","BCR-Dk","SDHA"
"HDAC1","BCAR1","SDHA"
"HDAC1","BCR-Ml","SDHA"
"HDAC1","NOTCH","SDHA"
"HDAC1","NCOA1","SDHA"
"HDAC1","FERMT2","SDHA"
"HDAC1","ZMIZ1","SDHA"
"HDAC1","TAB3","SDHA"
"HDAC1","NPM1","SDHA"
"HDAC1","GCSAM","SDHA"
"HDAC1","OPTN","SDHA"
"HDAC1","SPRY2","SDHA"
"HDAC1","BCR-Dl","SDHA"
"HDAC1","DDX58","SDHA"
"HDAC1","ROR2","SDHA"
"HDAC1","IFIH1","SDHA"
"HDAC1","SH2B3","SDHA"
"HDAC1","DAB1","SDHA"
"HDAC1","BCR-Mk","SDHA"
"HDAC1","PLCG2","SDHA"
"HDAC1","CHUK","LPXN"
"HDAC1","SRC","LPXN"
"HDAC1","RPS6KA2","LPXN"
"HDAC1","PTEN","LPXN"
"HDAC1","MAPK8","LPXN"
"HDAC1","MTOR","LPXN"
"HDAC1","AKT1","LPXN"
"HDAC1","PRKCD","LPXN"
"HDAC1","MAPK1","LPXN"
"HDAC1","PTPN1","LPXN"
"HDAC1","Gbeta","LPXN"
"HDAC1","KRAS","LPXN"
"HDAC1","KIT","LPXN"
"HDAC1","PTPRJ","LPXN"
"HDAC1","RPS6KB1","LPXN"
"HDAC1","EIF2AK2","LPXN"
"HDAC1","PDPK1","LPXN"
"HDAC1","MAML3","LPXN"
"HDAC1","MAP3K14","LPXN"
"HDAC1","MAP2K1","LPXN"
"HDAC1","GSK3B","LPXN"
"HDAC1","TGFBR2","LPXN"
"HDAC1","PAK2","LPXN"
"HDAC1","PPP1R2","LPXN"
"HDAC1","CDK5","LPXN"
"HDAC1","AKT","LPXN"
"HDAC1","MAPK9","LPXN"
"HDAC1","WWTR1","LPXN"
"HDAC1","RACK1","LPXN"
"HDAC1","DAPK1","LPXN"
"HDAC1","PXN","LPXN"
"HDAC1","PRKD1","LPXN"
"HDAC1","ABL2","LPXN"
"HDAC1","FBXW7","LPXN"
"HDAC1","ITK","LPXN"
"HDAC1","NCK1","LPXN"
"HDAC1","AHSA1","LPXN"
"HDAC1","BTK","LPXN"
"HDAC1","TNK2","LPXN"
"HDAC1","YAP1","LPXN"
"HDAC1","CD19","LPXN"
"HDAC1","STAT1","LPXN"
"HDAC1","HSP90AB1","LPXN"
"HDAC1","DVL2","LPXN"
"HDAC1","MAP2K2","LPXN"
"HDAC1","MAPK10","LPXN"
"HDAC1","DYRK1B","LPXN"
"HDAC1","MEK1/2","LPXN"
"HDAC1","JAK1","LPXN"
"HDAC1","PTPN7","LPXN"
"HDAC1","CDKN2A","LPXN"
"HDAC1","MAP4K1","LPXN"
"HDAC1","EPS15","LPXN"
"HDAC1","IKK-complex","LPXN"
"HDAC1","SHC1","LPXN"
"HDAC1","MAPK8IP3","LPXN"
"HDAC1","AXIN1","LPXN"
"HDAC1","MAPKAPK5","LPXN"
"HDAC1","DUSP16","LPXN"
"HDAC1","EPHA2","LPXN"
"HDAC1","MAP3K8","LPXN"
"HDAC1","PTPRR","LPXN"
"HDAC1","BDKRB2","LPXN"
"HDAC1","FLT4","LPXN"
"HDAC1","BMX","LPXN"
"HDAC1","PTK2B","LPXN"
"HDAC1","SNW1","LPXN"
"HDAC1","NEK6","LPXN"
"HDAC1","PRKCI","LPXN"
"HDAC1","CTNND1","LPXN"
"HDAC1","PIN1","LPXN"
"HDAC1","PARD6A","LPXN"
"HDAC1","CEP192","LPXN"
"HDAC1","GAB1","LPXN"
"HDAC1","PTPRA","LPXN"
"HDAC1","GRIP1","LPXN"
"HDAC1","ESR1","LPXN"
"HDAC1","ARRB2","LPXN"
"HDAC1","INPP5D","LPXN"
"HDAC1","GAB2","LPXN"
"HDAC1","EZH2","LPXN"
"HDAC1","BCR-Dk","LPXN"
"HDAC1","BCAR1","LPXN"
"HDAC1","BCR-Ml","LPXN"
"HDAC1","NOTCH","LPXN"
"HDAC1","NCOA1","LPXN"
"HDAC1","FERMT2","LPXN"
"HDAC1","ZMIZ1","LPXN"
"HDAC1","TAB3","LPXN"
"HDAC1","NPM1","LPXN"
"HDAC1","GCSAM","LPXN"
"HDAC1","OPTN","LPXN"
"HDAC1","SPRY2","LPXN"
"HDAC1","BCR-Dl","LPXN"
"HDAC1","DDX58","LPXN"
"HDAC1","ROR2","LPXN"
"HDAC1","IFIH1","LPXN"
"HDAC1","SH2B3","LPXN"
"HDAC1","DAB1","LPXN"
"HDAC1","BCR-Mk","LPXN"
"HDAC1","PLCG2","LPXN"
"HDAC1","CHUK","STRAP"
"HDAC1","SRC","STRAP"
"HDAC1","RPS6KA2","STRAP"
"HDAC1","PTEN","STRAP"
"HDAC1","MAPK8","STRAP"
"HDAC1","MTOR","STRAP"
"HDAC1","AKT1","STRAP"
"HDAC1","PRKCD","STRAP"
"HDAC1","MAPK1","STRAP"
"HDAC1","PTPN1","STRAP"
"HDAC1","Gbeta","STRAP"
"HDAC1","KRAS","STRAP"
"HDAC1","KIT","STRAP"
"HDAC1","PTPRJ","STRAP"
"HDAC1","RPS6KB1","STRAP"
"HDAC1","EIF2AK2","STRAP"
"HDAC1","PDPK1","STRAP"
"HDAC1","MAML3","STRAP"
"HDAC1","MAP3K14","STRAP"
"HDAC1","MAP2K1","STRAP"
"HDAC1","GSK3B","STRAP"
"HDAC1","TGFBR2","STRAP"
"HDAC1","PAK2","STRAP"
"HDAC1","PPP1R2","STRAP"
"HDAC1","CDK5","STRAP"
"HDAC1","AKT","STRAP"
"HDAC1","MAPK9","STRAP"
"HDAC1","WWTR1","STRAP"
"HDAC1","RACK1","STRAP"
"HDAC1","DAPK1","STRAP"
"HDAC1","PXN","STRAP"
"HDAC1","PRKD1","STRAP"
"HDAC1","ABL2","STRAP"
"HDAC1","FBXW7","STRAP"
"HDAC1","ITK","STRAP"
"HDAC1","NCK1","STRAP"
"HDAC1","AHSA1","STRAP"
"HDAC1","BTK","STRAP"
"HDAC1","TNK2","STRAP"
"HDAC1","YAP1","STRAP"
"HDAC1","CD19","STRAP"
"HDAC1","STAT1","STRAP"
"HDAC1","HSP90AB1","STRAP"
"HDAC1","DVL2","STRAP"
"HDAC1","MAP2K2","STRAP"
"HDAC1","MAPK10","STRAP"
"HDAC1","DYRK1B","STRAP"
"HDAC1","MEK1/2","STRAP"
"HDAC1","JAK1","STRAP"
"HDAC1","PTPN7","STRAP"
"HDAC1","CDKN2A","STRAP"
"HDAC1","MAP4K1","STRAP"
"HDAC1","EPS15","STRAP"
"HDAC1","IKK-complex","STRAP"
"HDAC1","SHC1","STRAP"
"HDAC1","MAPK8IP3","STRAP"
"HDAC1","AXIN1","STRAP"
"HDAC1","MAPKAPK5","STRAP"
"HDAC1","DUSP16","STRAP"
"HDAC1","EPHA2","STRAP"
"HDAC1","MAP3K8","STRAP"
"HDAC1","PTPRR","STRAP"
"HDAC1","BDKRB2","STRAP"
"HDAC1","FLT4","STRAP"
"HDAC1","BMX","STRAP"
"HDAC1","PTK2B","STRAP"
"HDAC1","SNW1","STRAP"
"HDAC1","NEK6","STRAP"
"HDAC1","PRKCI","STRAP"
"HDAC1","CTNND1","STRAP"
"HDAC1","PIN1","STRAP"
"HDAC1","PARD6A","STRAP"
"HDAC1","CEP192","STRAP"
"HDAC1","GAB1","STRAP"
"HDAC1","PTPRA","STRAP"
"HDAC1","GRIP1","STRAP"
"HDAC1","ESR1","STRAP"
"HDAC1","ARRB2","STRAP"
"HDAC1","INPP5D","STRAP"
"HDAC1","GAB2","STRAP"
"HDAC1","EZH2","STRAP"
"HDAC1","BCR-Dk","STRAP"
"HDAC1","BCAR1","STRAP"
"HDAC1","BCR-Ml","STRAP"
"HDAC1","NOTCH","STRAP"
"HDAC1","NCOA1","STRAP"
"HDAC1","FERMT2","STRAP"
"HDAC1","ZMIZ1","STRAP"
"HDAC1","TAB3","STRAP"
"HDAC1","NPM1","STRAP"
"HDAC1","GCSAM","STRAP"
"HDAC1","OPTN","STRAP"
"HDAC1","SPRY2","STRAP"
"HDAC1","BCR-Dl","STRAP"
"HDAC1","DDX58","STRAP"
"HDAC1","ROR2","STRAP"
"HDAC1","IFIH1","STRAP"
"HDAC1","SH2B3","STRAP"
"HDAC1","DAB1","STRAP"
"HDAC1","BCR-Mk","STRAP"
"HDAC1","PLCG2","STRAP"
"HDAC1","CHUK","ZFPM1"
"HDAC1","SRC","ZFPM1"
"HDAC1","RPS6KA2","ZFPM1"
"HDAC1","PTEN","ZFPM1"
"HDAC1","MAPK8","ZFPM1"
"HDAC1","MTOR","ZFPM1"
"HDAC1","AKT1","ZFPM1"
"HDAC1","PRKCD","ZFPM1"
"HDAC1","MAPK1","ZFPM1"
"HDAC1","PTPN1","ZFPM1"
"HDAC1","Gbeta","ZFPM1"
"HDAC1","KRAS","ZFPM1"
"HDAC1","KIT","ZFPM1"
"HDAC1","PTPRJ","ZFPM1"
"HDAC1","RPS6KB1","ZFPM1"
"HDAC1","EIF2AK2","ZFPM1"
"HDAC1","PDPK1","ZFPM1"
"HDAC1","MAML3","ZFPM1"
"HDAC1","MAP3K14","ZFPM1"
"HDAC1","MAP2K1","ZFPM1"
"HDAC1","GSK3B","ZFPM1"
"HDAC1","TGFBR2","ZFPM1"
"HDAC1","PAK2","ZFPM1"
"HDAC1","PPP1R2","ZFPM1"
"HDAC1","CDK5","ZFPM1"
"HDAC1","AKT","ZFPM1"
"HDAC1","MAPK9","ZFPM1"
"HDAC1","WWTR1","ZFPM1"
"HDAC1","RACK1","ZFPM1"
"HDAC1","DAPK1","ZFPM1"
"HDAC1","PXN","ZFPM1"
"HDAC1","PRKD1","ZFPM1"
"HDAC1","ABL2","ZFPM1"
"HDAC1","FBXW7","ZFPM1"
"HDAC1","ITK","ZFPM1"
"HDAC1","NCK1","ZFPM1"
"HDAC1","AHSA1","ZFPM1"
"HDAC1","BTK","ZFPM1"
"HDAC1","TNK2","ZFPM1"
"HDAC1","YAP1","ZFPM1"
"HDAC1","CD19","ZFPM1"
"HDAC1","STAT1","ZFPM1"
"HDAC1","HSP90AB1","ZFPM1"
"HDAC1","DVL2","ZFPM1"
"HDAC1","MAP2K2","ZFPM1"
"HDAC1","MAPK10","ZFPM1"
"HDAC1","DYRK1B","ZFPM1"
"HDAC1","MEK1/2","ZFPM1"
"HDAC1","JAK1","ZFPM1"
"HDAC1","PTPN7","ZFPM1"
"HDAC1","CDKN2A","ZFPM1"
"HDAC1","MAP4K1","ZFPM1"
"HDAC1","EPS15","ZFPM1"
"HDAC1","IKK-complex","ZFPM1"
"HDAC1","SHC1","ZFPM1"
"HDAC1","MAPK8IP3","ZFPM1"
"HDAC1","AXIN1","ZFPM1"
"HDAC1","MAPKAPK5","ZFPM1"
"HDAC1","DUSP16","ZFPM1"
"HDAC1","EPHA2","ZFPM1"
"HDAC1","MAP3K8","ZFPM1"
"HDAC1","PTPRR","ZFPM1"
"HDAC1","BDKRB2","ZFPM1"
"HDAC1","FLT4","ZFPM1"
"HDAC1","BMX","ZFPM1"
"HDAC1","PTK2B","ZFPM1"
"HDAC1","SNW1","ZFPM1"
"HDAC1","NEK6","ZFPM1"
"HDAC1","PRKCI","ZFPM1"
"HDAC1","CTNND1","ZFPM1"
"HDAC1","PIN1","ZFPM1"
"HDAC1","PARD6A","ZFPM1"
"HDAC1","CEP192","ZFPM1"
"HDAC1","GAB1","ZFPM1"
"HDAC1","PTPRA","ZFPM1"
"HDAC1","GRIP1","ZFPM1"
"HDAC1","ESR1","ZFPM1"
"HDAC1","ARRB2","ZFPM1"
"HDAC1","INPP5D","ZFPM1"
"HDAC1","GAB2","ZFPM1"
"HDAC1","EZH2","ZFPM1"
"HDAC1","BCR-Dk","ZFPM1"
"HDAC1","BCAR1","ZFPM1"
"HDAC1","BCR-Ml","ZFPM1"
"HDAC1","NOTCH","ZFPM1"
"HDAC1","NCOA1","ZFPM1"
"HDAC1","FERMT2","ZFPM1"
"HDAC1","ZMIZ1","ZFPM1"
"HDAC1","TAB3","ZFPM1"
"HDAC1","NPM1","ZFPM1"
"HDAC1","GCSAM","ZFPM1"
"HDAC1","OPTN","ZFPM1"
"HDAC1","SPRY2","ZFPM1"
"HDAC1","BCR-Dl","ZFPM1"
"HDAC1","DDX58","ZFPM1"
"HDAC1","ROR2","ZFPM1"
"HDAC1","IFIH1","ZFPM1"
"HDAC1","SH2B3","ZFPM1"
"HDAC1","DAB1","ZFPM1"
"HDAC1","BCR-Mk","ZFPM1"
"HDAC1","PLCG2","ZFPM1"
