"X1","X2","X3"
"JAK3","TYK2","MAPK3"
"JAK3","DUSP3","MAPK3"
"JAK3","CHUK","AKT3"
"JAK3","CILK1","AKT3"
"JAK3","MAPK8","AKT3"
"JAK3","MTOR","AKT3"
"JAK3","AKT1","AKT3"
"JAK3","CSNK2A1","AKT3"
"JAK3","RAC1","AKT3"
"JAK3","MAP2K7","AKT3"
"JAK3","PPP1CA","AKT3"
"JAK3","MAP3K14","AKT3"
"JAK3","RPS6KA1","AKT3"
"JAK3","SGK1","AKT3"
"JAK3","RAB1A","AKT3"
"JAK3","AKT","AKT3"
"JAK3","RACK1","AKT3"
"JAK3","MAPK13","AKT3"
"JAK3","PIK3CA","AKT3"
"JAK3","RPS6KA3","AKT3"
"JAK3","mTORC1","AKT3"
"JAK3","ROCK1","AKT3"
"JAK3","SGK3","AKT3"
"JAK3","SH2B1","AKT3"
"JAK3","SHOC2","AKT3"
"JAK3","PTPN12","AKT3"
"JAK3","PPP2R5C","AKT3"
"JAK3","PAK1","AKT3"
"JAK3","TYK2","AKT3"
"JAK3","ZAP70","AKT3"
"JAK3","MAP2K4","AKT3"
"JAK3","AR","AKT3"
"JAK3","DUSP3","AKT3"
"JAK3","MAPK11","AKT3"
"JAK3","UNC5A","AKT3"
"JAK3","PRKCI","AKT3"
"JAK3","PTPRA","AKT3"
"JAK3","CCR2","AKT3"
"JAK3","RHEB","AKT3"
"JAK3","DAXX","AKT3"
"JAK3","CCNE1","AKT3"
"JAK3","CDC42","AKT3"
"JAK3","PPP2R5A","AKT3"
"JAK3","CLK2","AKT3"
"JAK3","MDM2","AKT3"
"JAK3","YWHAE","AKT3"
"JAK3","PLCG1","AKT3"
"JAK3","SPRY2","AKT3"
"JAK3","PIK3C3","AKT3"
"JAK3","RND1","AKT3"
"JAK3","TIAM1","AKT3"
"JAK3","WAC","AKT3"
"JAK3","DCTN6","AKT3"
"JAK3","PTEN","CHUK"
"JAK3","CSNK2A1","CHUK"
"JAK3","KRAS","CHUK"
"JAK3","PTPRJ","CHUK"
"JAK3","RPS6KA1","CHUK"
"JAK3","RAB1A","CHUK"
"JAK3","TGFBR2","CHUK"
"JAK3","HRAS","CHUK"
"JAK3","ROCK1","CHUK"
"JAK3","RASSF1","CHUK"
"JAK3","BTK","CHUK"
"JAK3","PTPN11","CHUK"
"JAK3","SHOC2","CHUK"
"JAK3","PTPN12","CHUK"
"JAK3","PPP2R5C","CHUK"
"JAK3","ZAP70","CHUK"
"JAK3","TRAF2","CHUK"
"JAK3","RAB7A","CHUK"
"JAK3","PRKCI","CHUK"
"JAK3","PARD6A","CHUK"
"JAK3","PIK3R1","CHUK"
"JAK3","PIK3CG","CHUK"
"JAK3","PPP2R5A","CHUK"
"JAK3","YWHAE","CHUK"
"JAK3","PLCG1","CHUK"
"JAK3","SPRY2","CHUK"
"JAK3","RUNX2","CHUK"
"JAK3","RND1","CHUK"
"JAK3","MAP2K7","CTNNB1"
"JAK3","PTPRJ","CTNNB1"
"JAK3","PPP1CA","CTNNB1"
"JAK3","MAP3K14","CTNNB1"
"JAK3","PRKCB","CTNNB1"
"JAK3","RACK1","CTNNB1"
"JAK3","HRAS","CTNNB1"
"JAK3","AHSA1","CTNNB1"
"JAK3","SGK3","CTNNB1"
"JAK3","SH2B1","CTNNB1"
"JAK3","PPP2R5C","CTNNB1"
"JAK3","ZAP70","CTNNB1"
"JAK3","DUSP1","CTNNB1"
"JAK3","GIT1","CTNNB1"
"JAK3","MAPK11","CTNNB1"
"JAK3","UNC5A","CTNNB1"
"JAK3","PARD6A","CTNNB1"
"JAK3","RHEB","CTNNB1"
"JAK3","PIK3R1","CTNNB1"
"JAK3","CCNE1","CTNNB1"
"JAK3","IRS2","CTNNB1"
"JAK3","CDC42","CTNNB1"
"JAK3","PIK3CG","CTNNB1"
"JAK3","SH2B2","CTNNB1"
"JAK3","YWHAE","CTNNB1"
"JAK3","PLCG1","CTNNB1"
"JAK3","SPRY2","CTNNB1"
"JAK3","SH2B3","CTNNB1"
"JAK3","WAC","CTNNB1"
"JAK3","BANP","CTNNB1"
"JAK3","DCTN6","CTNNB1"
"JAK3","ACTN1","CTNNB1"
"JAK3","RGCC","CTNNB1"
"JAK3","MAPK8","MAP2K6"
"JAK3","MTOR","MAP2K6"
"JAK3","AKT1","MAP2K6"
"JAK3","CSNK2A1","MAP2K6"
"JAK3","RAC1","MAP2K6"
"JAK3","MAP2K7","MAP2K6"
"JAK3","PPP1CA","MAP2K6"
"JAK3","PDPK1","MAP2K6"
"JAK3","RPS6KA1","MAP2K6"
"JAK3","SGK1","MAP2K6"
"JAK3","IGF1R","MAP2K6"
"JAK3","STK3","MAP2K6"
"JAK3","PRKCZ","MAP2K6"
"JAK3","PAK2","MAP2K6"
"JAK3","RACK1","MAP2K6"
"JAK3","MAPK13","MAP2K6"
"JAK3","PIK3CA","MAP2K6"
"JAK3","RPS6KA3","MAP2K6"
"JAK3","ROCK1","MAP2K6"
"JAK3","RASSF1","MAP2K6"
"JAK3","BTK","MAP2K6"
"JAK3","PTPN12","MAP2K6"
"JAK3","GIT1","MAP2K6"
"JAK3","MAP2K4","MAP2K6"
"JAK3","EPHA2","MAP2K6"
"JAK3","NRAS","MAP2K6"
"JAK3","AR","MAP2K6"
"JAK3","DUSP3","MAP2K6"
"JAK3","UNC5A","MAP2K6"
"JAK3","PARD6A","MAP2K6"
"JAK3","CCR2","MAP2K6"
"JAK3","RHEB","MAP2K6"
"JAK3","DAXX","MAP2K6"
"JAK3","INPP5D","MAP2K6"
"JAK3","CCNE1","MAP2K6"
"JAK3","IRS2","MAP2K6"
"JAK3","PIK3CG","MAP2K6"
"JAK3","SH2B2","MAP2K6"
"JAK3","CLK2","MAP2K6"
"JAK3","MDM2","MAP2K6"
"JAK3","YWHAE","MAP2K6"
"JAK3","PLCG1","MAP2K6"
"JAK3","SPRY2","MAP2K6"
"JAK3","RUNX2","MAP2K6"
"JAK3","TIAM1","MAP2K6"
"JAK3","DCTN6","MAP2K6"
"JAK3","RGCC","MAP2K6"
"JAK3","PTPN11","ATM"
"JAK3","CHUK","SRC"
"JAK3","PTEN","SRC"
"JAK3","MAPK8","SRC"
"JAK3","STK3/4","SRC"
"JAK3","CSNK2A1","SRC"
"JAK3","KRAS","SRC"
"JAK3","STK3","SRC"
"JAK3","RAB1A","SRC"
"JAK3","TGFBR2","SRC"
"JAK3","AKT","SRC"
"JAK3","HRAS","SRC"
"JAK3","PIK3CA","SRC"
"JAK3","LEPR","SRC"
"JAK3","mTORC1","SRC"
"JAK3","AHSA1","SRC"
"JAK3","RASSF1","SRC"
"JAK3","SH2B1","SRC"
"JAK3","SHOC2","SRC"
"JAK3","PTPN12","SRC"
"JAK3","TYK2","SRC"
"JAK3","NRAS","SRC"
"JAK3","AR","SRC"
"JAK3","MAPK11","SRC"
"JAK3","CCR2","SRC"
"JAK3","PSTPIP1","SRC"
"JAK3","RHEB","SRC"
"JAK3","DAXX","SRC"
"JAK3","INPP5D","SRC"
"JAK3","CCNE1","SRC"
"JAK3","PIK3CG","SRC"
"JAK3","PPP2R5A","SRC"
"JAK3","CLK2","SRC"
"JAK3","MDM2","SRC"
"JAK3","RUNX2","SRC"
"JAK3","SH2B3","SRC"
"JAK3","PIK3C3","SRC"
"JAK3","WAC","SRC"
"JAK3","BANP","SRC"
"JAK3","DCTN6","SRC"
"JAK3","RGCC","SRC"
"JAK3","CTNNB1","GSK3B/Axin/APC"
"JAK3","CILK1","GSK3B/Axin/APC"
"JAK3","MAPK8","GSK3B/Axin/APC"
"JAK3","CSNK2A1","GSK3B/Axin/APC"
"JAK3","PLK1","GSK3B/Axin/APC"
"JAK3","RAC1","GSK3B/Axin/APC"
"JAK3","MAP2K7","GSK3B/Axin/APC"
"JAK3","PTPRJ","GSK3B/Axin/APC"
"JAK3","PPP1CA","GSK3B/Axin/APC"
"JAK3","PDPK1","GSK3B/Axin/APC"
"JAK3","MAP3K14","GSK3B/Axin/APC"
"JAK3","RPS6KA1","GSK3B/Axin/APC"
"JAK3","IGF1R","GSK3B/Axin/APC"
"JAK3","PRKCB","GSK3B/Axin/APC"
"JAK3","STK3","GSK3B/Axin/APC"
"JAK3","RAB1A","GSK3B/Axin/APC"
"JAK3","PRKCZ","GSK3B/Axin/APC"
"JAK3","AKT","GSK3B/Axin/APC"
"JAK3","LEPR","GSK3B/Axin/APC"
"JAK3","AHSA1","GSK3B/Axin/APC"
"JAK3","ROCK1","GSK3B/Axin/APC"
"JAK3","RASSF1","GSK3B/Axin/APC"
"JAK3","BTK","GSK3B/Axin/APC"
"JAK3","PTPN11","GSK3B/Axin/APC"
"JAK3","PTPN12","GSK3B/Axin/APC"
"JAK3","PPP2R5C","GSK3B/Axin/APC"
"JAK3","PAK1","GSK3B/Axin/APC"
"JAK3","ZAP70","GSK3B/Axin/APC"
"JAK3","DUSP1","GSK3B/Axin/APC"
"JAK3","MAP2K4","GSK3B/Axin/APC"
"JAK3","RAB7A","GSK3B/Axin/APC"
"JAK3","EPHA2","GSK3B/Axin/APC"
"JAK3","AR","GSK3B/Axin/APC"
"JAK3","UNC5A","GSK3B/Axin/APC"
"JAK3","PTPRA","GSK3B/Axin/APC"
"JAK3","DUSP6","GSK3B/Axin/APC"
"JAK3","INPP5D","GSK3B/Axin/APC"
"JAK3","PIK3R1","GSK3B/Axin/APC"
"JAK3","PIK3CG","GSK3B/Axin/APC"
"JAK3","SH2B2","GSK3B/Axin/APC"
"JAK3","PPP2R5A","GSK3B/Axin/APC"
"JAK3","CLK2","GSK3B/Axin/APC"
"JAK3","MDM2","GSK3B/Axin/APC"
"JAK3","YWHAE","GSK3B/Axin/APC"
"JAK3","PLCG1","GSK3B/Axin/APC"
"JAK3","SPRY2","GSK3B/Axin/APC"
"JAK3","RND1","GSK3B/Axin/APC"
"JAK3","TIAM1","GSK3B/Axin/APC"
"JAK3","BANP","GSK3B/Axin/APC"
"JAK3","DCTN6","GSK3B/Axin/APC"
"JAK3","MAPK8","CILK1"
"JAK3","MTOR","CILK1"
"JAK3","AKT1","CILK1"
"JAK3","PLK1","CILK1"
"JAK3","KRAS","CILK1"
"JAK3","RAC1","CILK1"
"JAK3","MAP2K7","CILK1"
"JAK3","TGFBR1","CILK1"
"JAK3","PDPK1","CILK1"
"JAK3","MAP3K14","CILK1"
"JAK3","RPS6KA1","CILK1"
"JAK3","IGF1R","CILK1"
"JAK3","PRKCB","CILK1"
"JAK3","STK3","CILK1"
"JAK3","TGFBR2","CILK1"
"JAK3","AKT","CILK1"
"JAK3","PIK3CA","CILK1"
"JAK3","LEPR","CILK1"
"JAK3","mTORC1","CILK1"
"JAK3","ROCK1","CILK1"
"JAK3","BTK","CILK1"
"JAK3","SGK3","CILK1"
"JAK3","SH2B1","CILK1"
"JAK3","HSP90AB1","CILK1"
"JAK3","SHOC2","CILK1"
"JAK3","PPP2R5C","CILK1"
"JAK3","PAK1","CILK1"
"JAK3","ZAP70","CILK1"
"JAK3","DUSP1","CILK1"
"JAK3","TRAF2","CILK1"
"JAK3","MAP2K4","CILK1"
"JAK3","RAB7A","CILK1"
"JAK3","EPHA2","CILK1"
"JAK3","NRAS","CILK1"
"JAK3","AR","CILK1"
"JAK3","UNC5A","CILK1"
"JAK3","PTPRA","CILK1"
"JAK3","CCR2","CILK1"
"JAK3","PSTPIP1","CILK1"
"JAK3","INPP5D","CILK1"
"JAK3","IRS2","CILK1"
"JAK3","CDC42","CILK1"
"JAK3","CLK2","CILK1"
"JAK3","YWHAE","CILK1"
"JAK3","PLCG1","CILK1"
"JAK3","RUNX2","CILK1"
"JAK3","SH2B3","CILK1"
"JAK3","TIAM1","CILK1"
"JAK3","WAC","CILK1"
"JAK3","BANP","CILK1"
"JAK3","ACTN1","CILK1"
"JAK3","CHUK","GRK2"
"JAK3","MAPK8","GRK2"
"JAK3","CSNK2A1","GRK2"
"JAK3","PLK1","GRK2"
"JAK3","KRAS","GRK2"
"JAK3","PTPRJ","GRK2"
"JAK3","TGFBR1","GRK2"
"JAK3","RPS6KA1","GRK2"
"JAK3","SGK1","GRK2"
"JAK3","IGF1R","GRK2"
"JAK3","PRKCB","GRK2"
"JAK3","RAB1A","GRK2"
"JAK3","TGFBR2","GRK2"
"JAK3","PAK2","GRK2"
"JAK3","AKT","GRK2"
"JAK3","HRAS","GRK2"
"JAK3","MAPK13","GRK2"
"JAK3","LEPR","GRK2"
"JAK3","RPS6KA3","GRK2"
"JAK3","AHSA1","GRK2"
"JAK3","ROCK1","GRK2"
"JAK3","RASSF1","GRK2"
"JAK3","BTK","GRK2"
"JAK3","PTPN11","GRK2"
"JAK3","SGK3","GRK2"
"JAK3","SH2B1","GRK2"
"JAK3","HSP90AB1","GRK2"
"JAK3","PTPN12","GRK2"
"JAK3","PPP2R5C","GRK2"
"JAK3","PAK1","GRK2"
"JAK3","TYK2","GRK2"
"JAK3","ZAP70","GRK2"
"JAK3","GIT1","GRK2"
"JAK3","TRAF2","GRK2"
"JAK3","MAP2K4","GRK2"
"JAK3","RAB7A","GRK2"
"JAK3","NRAS","GRK2"
"JAK3","PARD6A","GRK2"
"JAK3","PTPRA","GRK2"
"JAK3","CCR2","GRK2"
"JAK3","DUSP6","GRK2"
"JAK3","IRS2","GRK2"
"JAK3","CDC42","GRK2"
"JAK3","PPP2R5A","GRK2"
"JAK3","MDM2","GRK2"
"JAK3","YWHAE","GRK2"
"JAK3","RND1","GRK2"
"JAK3","WAC","GRK2"
"JAK3","BANP","GRK2"
"JAK3","DCTN6","GRK2"
"JAK3","RGCC","GRK2"
"JAK3","CTNNB1","AKT2"
"JAK3","CSNK2A1","AKT2"
"JAK3","RAC1","AKT2"
"JAK3","MAP2K7","AKT2"
"JAK3","PTPRJ","AKT2"
"JAK3","PPP1CA","AKT2"
"JAK3","PDPK1","AKT2"
"JAK3","SGK1","AKT2"
"JAK3","RACK1","AKT2"
"JAK3","HRAS","AKT2"
"JAK3","MAPK13","AKT2"
"JAK3","PIK3CA","AKT2"
"JAK3","mTORC1","AKT2"
"JAK3","ROCK1","AKT2"
"JAK3","RASSF1","AKT2"
"JAK3","BTK","AKT2"
"JAK3","SH2B1","AKT2"
"JAK3","HSP90AB1","AKT2"
"JAK3","TYK2","AKT2"
"JAK3","RAB7A","AKT2"
"JAK3","EPHA2","AKT2"
"JAK3","AR","AKT2"
"JAK3","UNC5A","AKT2"
"JAK3","PSTPIP1","AKT2"
"JAK3","DUSP6","AKT2"
"JAK3","INPP5D","AKT2"
"JAK3","SH2B2","AKT2"
"JAK3","CLK2","AKT2"
"JAK3","SPRY2","AKT2"
"JAK3","RUNX2","AKT2"
"JAK3","SH2B3","AKT2"
"JAK3","PIK3C3","AKT2"
"JAK3","RND1","AKT2"
"JAK3","TIAM1","AKT2"
"JAK3","BANP","AKT2"
"JAK3","DCTN6","AKT2"
"JAK3","ACTN1","AKT2"
"JAK3","CTNNB1","PTEN"
"JAK3","CILK1","PTEN"
"JAK3","MAPK8","PTEN"
"JAK3","AKT1","PTEN"
"JAK3","MAP2K7","PTEN"
"JAK3","PPP1CA","PTEN"
"JAK3","RAB1A","PTEN"
"JAK3","TGFBR2","PTEN"
"JAK3","PAK2","PTEN"
"JAK3","RACK1","PTEN"
"JAK3","HRAS","PTEN"
"JAK3","RPS6KA3","PTEN"
"JAK3","AHSA1","PTEN"
"JAK3","ROCK1","PTEN"
"JAK3","RASSF1","PTEN"
"JAK3","SGK3","PTEN"
"JAK3","SH2B1","PTEN"
"JAK3","HSP90AB1","PTEN"
"JAK3","SHOC2","PTEN"
"JAK3","PTPN12","PTEN"
"JAK3","PAK1","PTEN"
"JAK3","DUSP1","PTEN"
"JAK3","GIT1","PTEN"
"JAK3","EPHA2","PTEN"
"JAK3","AR","PTEN"
"JAK3","PRKCI","PTEN"
"JAK3","PARD6A","PTEN"
"JAK3","PSTPIP1","PTEN"
"JAK3","RHEB","PTEN"
"JAK3","DUSP6","PTEN"
"JAK3","PIK3R1","PTEN"
"JAK3","IRS2","PTEN"
"JAK3","CDC42","PTEN"
"JAK3","CLK2","PTEN"
"JAK3","YWHAE","PTEN"
"JAK3","SPRY2","PTEN"
"JAK3","TIAM1","PTEN"
"JAK3","WAC","PTEN"
"JAK3","RGCC","PTEN"
"JAK3","CHUK","PRKCQ"
"JAK3","PTEN","PRKCQ"
"JAK3","MAPK8","PRKCQ"
"JAK3","CSNK2A1","PRKCQ"
"JAK3","KRAS","PRKCQ"
"JAK3","TGFBR1","PRKCQ"
"JAK3","MAP3K14","PRKCQ"
"JAK3","RPS6KA1","PRKCQ"
"JAK3","SGK1","PRKCQ"
"JAK3","IGF1R","PRKCQ"
"JAK3","PRKCB","PRKCQ"
"JAK3","STK3","PRKCQ"
"JAK3","TGFBR2","PRKCQ"
"JAK3","PAK2","PRKCQ"
"JAK3","AKT","PRKCQ"
"JAK3","RACK1","PRKCQ"
"JAK3","HRAS","PRKCQ"
"JAK3","LEPR","PRKCQ"
"JAK3","RPS6KA3","PRKCQ"
"JAK3","mTORC1","PRKCQ"
"JAK3","AHSA1","PRKCQ"
"JAK3","RASSF1","PRKCQ"
"JAK3","BTK","PRKCQ"
"JAK3","HSP90AB1","PRKCQ"
"JAK3","PTPN12","PRKCQ"
"JAK3","PAK1","PRKCQ"
"JAK3","DUSP1","PRKCQ"
"JAK3","GIT1","PRKCQ"
"JAK3","TRAF2","PRKCQ"
"JAK3","MAP2K4","PRKCQ"
"JAK3","RAB7A","PRKCQ"
"JAK3","EPHA2","PRKCQ"
"JAK3","NRAS","PRKCQ"
"JAK3","AR","PRKCQ"
"JAK3","MAPK11","PRKCQ"
"JAK3","UNC5A","PRKCQ"
"JAK3","PRKCI","PRKCQ"
"JAK3","PSTPIP1","PRKCQ"
"JAK3","DAXX","PRKCQ"
"JAK3","DUSP6","PRKCQ"
"JAK3","PIK3R1","PRKCQ"
"JAK3","CCNE1","PRKCQ"
"JAK3","IRS2","PRKCQ"
"JAK3","PPP2R5A","PRKCQ"
"JAK3","CLK2","PRKCQ"
"JAK3","PLCG1","PRKCQ"
"JAK3","SH2B3","PRKCQ"
"JAK3","RND1","PRKCQ"
"JAK3","WAC","PRKCQ"
"JAK3","DCTN6","PRKCQ"
"JAK3","ACTN1","PRKCQ"
"JAK3","RGCC","PRKCQ"
"JAK3","PTEN","MAPK8"
"JAK3","MTOR","MAPK8"
"JAK3","AKT1","MAPK8"
"JAK3","CSNK2A1","MAPK8"
"JAK3","PDPK1","MAPK8"
"JAK3","MAP3K14","MAPK8"
"JAK3","SGK1","MAPK8"
"JAK3","STK3","MAPK8"
"JAK3","MAPK13","MAPK8"
"JAK3","LEPR","MAPK8"
"JAK3","ROCK1","MAPK8"
"JAK3","SH2B1","MAPK8"
"JAK3","ZAP70","MAPK8"
"JAK3","GIT1","MAPK8"
"JAK3","RAB7A","MAPK8"
"JAK3","PARD6A","MAPK8"
"JAK3","INPP5D","MAPK8"
"JAK3","PIK3R1","MAPK8"
"JAK3","CDC42","MAPK8"
"JAK3","CLK2","MAPK8"
"JAK3","MDM2","MAPK8"
"JAK3","YWHAE","MAPK8"
"JAK3","RUNX2","MAPK8"
"JAK3","SH2B3","MAPK8"
"JAK3","TIAM1","MAPK8"
"JAK3","WAC","MAPK8"
"JAK3","PTEN","MTOR"
"JAK3","MAPK8","MTOR"
"JAK3","CSNK2A1","MTOR"
"JAK3","RAC1","MTOR"
"JAK3","MAP2K7","MTOR"
"JAK3","PDPK1","MTOR"
"JAK3","RPS6KA1","MTOR"
"JAK3","SGK1","MTOR"
"JAK3","PRKCB","MTOR"
"JAK3","STK3","MTOR"
"JAK3","RAB1A","MTOR"
"JAK3","PAK2","MTOR"
"JAK3","MAPK13","MTOR"
"JAK3","LEPR","MTOR"
"JAK3","SGK3","MTOR"
"JAK3","PPP2R5C","MTOR"
"JAK3","TYK2","MTOR"
"JAK3","MAPK11","MTOR"
"JAK3","PRKCI","MTOR"
"JAK3","PARD6A","MTOR"
"JAK3","PTPRA","MTOR"
"JAK3","DUSP6","MTOR"
"JAK3","CLK2","MTOR"
"JAK3","YWHAE","MTOR"
"JAK3","PIK3C3","MTOR"
"JAK3","WAC","MTOR"
"JAK3","BANP","MTOR"
"JAK3","CHUK","AKT1"
"JAK3","MAPK8","AKT1"
"JAK3","CSNK2A1","AKT1"
"JAK3","RAC1","AKT1"
"JAK3","MAP2K7","AKT1"
"JAK3","PTPRJ","AKT1"
"JAK3","TGFBR1","AKT1"
"JAK3","MAP3K14","AKT1"
"JAK3","RPS6KA1","AKT1"
"JAK3","SGK1","AKT1"
"JAK3","IGF1R","AKT1"
"JAK3","PRKCB","AKT1"
"JAK3","STK3","AKT1"
"JAK3","PRKCZ","AKT1"
"JAK3","PAK2","AKT1"
"JAK3","AKT","AKT1"
"JAK3","RACK1","AKT1"
"JAK3","HRAS","AKT1"
"JAK3","PIK3CA","AKT1"
"JAK3","LEPR","AKT1"
"JAK3","RPS6KA3","AKT1"
"JAK3","AHSA1","AKT1"
"JAK3","RASSF1","AKT1"
"JAK3","BTK","AKT1"
"JAK3","PTPN11","AKT1"
"JAK3","SGK3","AKT1"
"JAK3","SH2B1","AKT1"
"JAK3","HSP90AB1","AKT1"
"JAK3","SHOC2","AKT1"
"JAK3","PPP2R5C","AKT1"
"JAK3","PAK1","AKT1"
"JAK3","TYK2","AKT1"
"JAK3","ZAP70","AKT1"
"JAK3","GIT1","AKT1"
"JAK3","PI3K","AKT1"
"JAK3","TRAF2","AKT1"
"JAK3","NRAS","AKT1"
"JAK3","AR","AKT1"
"JAK3","DUSP3","AKT1"
"JAK3","MAPK11","AKT1"
"JAK3","PSTPIP1","AKT1"
"JAK3","DAXX","AKT1"
"JAK3","INPP5D","AKT1"
"JAK3","CCNE1","AKT1"
"JAK3","IRS2","AKT1"
"JAK3","PIK3CG","AKT1"
"JAK3","MDM2","AKT1"
"JAK3","YWHAE","AKT1"
"JAK3","PLCG1","AKT1"
"JAK3","SPRY2","AKT1"
"JAK3","RUNX2","AKT1"
"JAK3","PIK3C3","AKT1"
"JAK3","RND1","AKT1"
"JAK3","BANP","AKT1"
"JAK3","ACTN1","AKT1"
"JAK3","CHUK","GSK3A"
"JAK3","CTNNB1","GSK3A"
"JAK3","CILK1","GSK3A"
"JAK3","MAPK8","GSK3A"
"JAK3","MTOR","GSK3A"
"JAK3","AKT1","GSK3A"
"JAK3","PLK1","GSK3A"
"JAK3","RAC1","GSK3A"
"JAK3","MAP2K7","GSK3A"
"JAK3","PDPK1","GSK3A"
"JAK3","MAP3K14","GSK3A"
"JAK3","RPS6KA1","GSK3A"
"JAK3","IGF1R","GSK3A"
"JAK3","PRKCB","GSK3A"
"JAK3","STK3","GSK3A"
"JAK3","RAB1A","GSK3A"
"JAK3","PRKCZ","GSK3A"
"JAK3","TGFBR2","GSK3A"
"JAK3","PAK2","GSK3A"
"JAK3","AKT","GSK3A"
"JAK3","RACK1","GSK3A"
"JAK3","HRAS","GSK3A"
"JAK3","PIK3CA","GSK3A"
"JAK3","mTORC1","GSK3A"
"JAK3","AHSA1","GSK3A"
"JAK3","ROCK1","GSK3A"
"JAK3","RASSF1","GSK3A"
"JAK3","BTK","GSK3A"
"JAK3","SGK3","GSK3A"
"JAK3","SH2B1","GSK3A"
"JAK3","HSP90AB1","GSK3A"
"JAK3","SHOC2","GSK3A"
"JAK3","PPP2R5C","GSK3A"
"JAK3","PAK1","GSK3A"
"JAK3","TYK2","GSK3A"
"JAK3","ZAP70","GSK3A"
"JAK3","DUSP1","GSK3A"
"JAK3","GIT1","GSK3A"
"JAK3","MAP2K4","GSK3A"
"JAK3","RAB7A","GSK3A"
"JAK3","EPHA2","GSK3A"
"JAK3","NRAS","GSK3A"
"JAK3","DUSP3","GSK3A"
"JAK3","MAPK11","GSK3A"
"JAK3","PRKCI","GSK3A"
"JAK3","PTPRA","GSK3A"
"JAK3","DAXX","GSK3A"
"JAK3","INPP5D","GSK3A"
"JAK3","PIK3R1","GSK3A"
"JAK3","CCNE1","GSK3A"
"JAK3","YWHAE","GSK3A"
"JAK3","PLCG1","GSK3A"
"JAK3","SH2B3","GSK3A"
"JAK3","PIK3C3","GSK3A"
"JAK3","RND1","GSK3A"
"JAK3","TIAM1","GSK3A"
"JAK3","WAC","GSK3A"
"JAK3","BANP","GSK3A"
"JAK3","DCTN6","GSK3A"
"JAK3","RGCC","GSK3A"
"JAK3","PTPN11","STK11"
"JAK3","CTNNB1","SMO"
"JAK3","CILK1","SMO"
"JAK3","PTEN","SMO"
"JAK3","MTOR","SMO"
"JAK3","AKT1","SMO"
"JAK3","PLK1","SMO"
"JAK3","KRAS","SMO"
"JAK3","RAC1","SMO"
"JAK3","MAP2K7","SMO"
"JAK3","PTPRJ","SMO"
"JAK3","MAP3K14","SMO"
"JAK3","RPS6KA1","SMO"
"JAK3","PRKCB","SMO"
"JAK3","PRKCZ","SMO"
"JAK3","PAK2","SMO"
"JAK3","AKT","SMO"
"JAK3","LEPR","SMO"
"JAK3","RASSF1","SMO"
"JAK3","HSP90AB1","SMO"
"JAK3","PTPN12","SMO"
"JAK3","PPP2R5C","SMO"
"JAK3","PAK1","SMO"
"JAK3","TRAF2","SMO"
"JAK3","MAP2K4","SMO"
"JAK3","RAB7A","SMO"
"JAK3","EPHA2","SMO"
"JAK3","NRAS","SMO"
"JAK3","AR","SMO"
"JAK3","MAPK11","SMO"
"JAK3","PTPRA","SMO"
"JAK3","RHEB","SMO"
"JAK3","DAXX","SMO"
"JAK3","INPP5D","SMO"
"JAK3","IRS2","SMO"
"JAK3","PPP2R5A","SMO"
"JAK3","CLK2","SMO"
"JAK3","RND1","SMO"
"JAK3","TIAM1","SMO"
"JAK3","WAC","SMO"
"JAK3","BANP","SMO"
"JAK3","ACTN1","SMO"
"JAK3","CHUK","PRKCD"
"JAK3","CTNNB1","PRKCD"
"JAK3","PTEN","PRKCD"
"JAK3","MAPK8","PRKCD"
"JAK3","MTOR","PRKCD"
"JAK3","AKT1","PRKCD"
"JAK3","CSNK2A1","PRKCD"
"JAK3","PLK1","PRKCD"
"JAK3","RAC1","PRKCD"
"JAK3","MAP2K7","PRKCD"
"JAK3","PTPRJ","PRKCD"
"JAK3","TGFBR1","PRKCD"
"JAK3","PPP1CA","PRKCD"
"JAK3","PDPK1","PRKCD"
"JAK3","IGF1R","PRKCD"
"JAK3","STK3","PRKCD"
"JAK3","TGFBR2","PRKCD"
"JAK3","AKT","PRKCD"
"JAK3","RACK1","PRKCD"
"JAK3","MAPK13","PRKCD"
"JAK3","LEPR","PRKCD"
"JAK3","RPS6KA3","PRKCD"
"JAK3","mTORC1","PRKCD"
"JAK3","AHSA1","PRKCD"
"JAK3","SGK3","PRKCD"
"JAK3","HSP90AB1","PRKCD"
"JAK3","PTPN12","PRKCD"
"JAK3","PPP2R5C","PRKCD"
"JAK3","PAK1","PRKCD"
"JAK3","TYK2","PRKCD"
"JAK3","DUSP1","PRKCD"
"JAK3","RAB7A","PRKCD"
"JAK3","DUSP3","PRKCD"
"JAK3","UNC5A","PRKCD"
"JAK3","PRKCI","PRKCD"
"JAK3","PARD6A","PRKCD"
"JAK3","PSTPIP1","PRKCD"
"JAK3","DUSP6","PRKCD"
"JAK3","INPP5D","PRKCD"
"JAK3","PIK3R1","PRKCD"
"JAK3","CCNE1","PRKCD"
"JAK3","CDC42","PRKCD"
"JAK3","SH2B2","PRKCD"
"JAK3","PPP2R5A","PRKCD"
"JAK3","YWHAE","PRKCD"
"JAK3","SPRY2","PRKCD"
"JAK3","RND1","PRKCD"
"JAK3","TIAM1","PRKCD"
"JAK3","BANP","PRKCD"
"JAK3","DCTN6","PRKCD"
"JAK3","ACTN1","PRKCD"
"JAK3","RGCC","PRKCD"
"JAK3","CHUK","RAF1"
"JAK3","CTNNB1","RAF1"
"JAK3","CILK1","RAF1"
"JAK3","PTEN","RAF1"
"JAK3","AKT1","RAF1"
"JAK3","CSNK2A1","RAF1"
"JAK3","RAC1","RAF1"
"JAK3","PTPRJ","RAF1"
"JAK3","PPP1CA","RAF1"
"JAK3","PDPK1","RAF1"
"JAK3","MAP3K14","RAF1"
"JAK3","STK3","RAF1"
"JAK3","RAB1A","RAF1"
"JAK3","PRKCZ","RAF1"
"JAK3","PAK2","RAF1"
"JAK3","HRAS","RAF1"
"JAK3","AHSA1","RAF1"
"JAK3","RASSF1","RAF1"
"JAK3","BTK","RAF1"
"JAK3","PTPN11","RAF1"
"JAK3","PTPN12","RAF1"
"JAK3","TYK2","RAF1"
"JAK3","ZAP70","RAF1"
"JAK3","DUSP1","RAF1"
"JAK3","GIT1","RAF1"
"JAK3","MAP2K4","RAF1"
"JAK3","RAB7A","RAF1"
"JAK3","NRAS","RAF1"
"JAK3","AR","RAF1"
"JAK3","DUSP3","RAF1"
"JAK3","MAPK11","RAF1"
"JAK3","PRKCI","RAF1"
"JAK3","PARD6A","RAF1"
"JAK3","CCR2","RAF1"
"JAK3","RHEB","RAF1"
"JAK3","DAXX","RAF1"
"JAK3","INPP5D","RAF1"
"JAK3","CCNE1","RAF1"
"JAK3","SH2B2","RAF1"
"JAK3","PPP2R5A","RAF1"
"JAK3","PIK3C3","RAF1"
"JAK3","RND1","RAF1"
"JAK3","BANP","RAF1"
"JAK3","DCTN6","RAF1"
"JAK3","ACTN1","RAF1"
"JAK3","RGCC","RAF1"
"JAK3","CTNNB1","CSNK2A1"
"JAK3","PTEN","CSNK2A1"
"JAK3","PRKCQ","CSNK2A1"
"JAK3","PLK1","CSNK2A1"
"JAK3","PTPRJ","CSNK2A1"
"JAK3","TGFBR1","CSNK2A1"
"JAK3","RAB1A","CSNK2A1"
"JAK3","PRKCZ","CSNK2A1"
"JAK3","RACK1","CSNK2A1"
"JAK3","AHSA1","CSNK2A1"
"JAK3","PPP2R5C","CSNK2A1"
"JAK3","ZAP70","CSNK2A1"
"JAK3","GIT1","CSNK2A1"
"JAK3","EPHA2","CSNK2A1"
"JAK3","NRAS","CSNK2A1"
"JAK3","PTPRA","CSNK2A1"
"JAK3","DAXX","CSNK2A1"
"JAK3","DUSP6","CSNK2A1"
"JAK3","IRS2","CSNK2A1"
"JAK3","SCRIB","CSNK2A1"
"JAK3","RUNX2","CSNK2A1"
"JAK3","WAC","CSNK2A1"
"JAK3","ACTN1","CSNK2A1"
"JAK3","RGCC","CSNK2A1"
"JAK3","PTPN11","CDK1"
"JAK3","CTNNB1","AMPK"
"JAK3","PTEN","AMPK"
"JAK3","MAPK8","AMPK"
"JAK3","RAC1","AMPK"
"JAK3","PTPRJ","AMPK"
"JAK3","TGFBR1","AMPK"
"JAK3","PPP1CA","AMPK"
"JAK3","MAP3K14","AMPK"
"JAK3","RPS6KA1","AMPK"
"JAK3","SGK1","AMPK"
"JAK3","PRKCZ","AMPK"
"JAK3","TGFBR2","AMPK"
"JAK3","RACK1","AMPK"
"JAK3","HRAS","AMPK"
"JAK3","PIK3CA","AMPK"
"JAK3","mTORC1","AMPK"
"JAK3","AHSA1","AMPK"
"JAK3","ROCK1","AMPK"
"JAK3","BTK","AMPK"
"JAK3","PTPN11","AMPK"
"JAK3","HSP90AB1","AMPK"
"JAK3","DUSP1","AMPK"
"JAK3","RAB7A","AMPK"
"JAK3","AR","AMPK"
"JAK3","DUSP3","AMPK"
"JAK3","PARD6A","AMPK"
"JAK3","PTPRA","AMPK"
"JAK3","CCR2","AMPK"
"JAK3","PSTPIP1","AMPK"
"JAK3","RHEB","AMPK"
"JAK3","DUSP6","AMPK"
"JAK3","PIK3R1","AMPK"
"JAK3","CCNE1","AMPK"
"JAK3","IRS2","AMPK"
"JAK3","CDC42","AMPK"
"JAK3","PIK3CG","AMPK"
"JAK3","YWHAE","AMPK"
"JAK3","PIK3C3","AMPK"
"JAK3","TIAM1","AMPK"
"JAK3","DCTN6","AMPK"
"JAK3","RGCC","AMPK"
"JAK3","AKT2","PTPN6"
"JAK3","PTEN","PTPN6"
"JAK3","RAF1","PTPN6"
"JAK3","ARAF","PTPN6"
"JAK3","LCK","PTPN6"
"JAK3","RAC1","PTPN6"
"JAK3","TGFBR1","PTPN6"
"JAK3","MAP3K14","PTPN6"
"JAK3","MAP2K1","PTPN6"
"JAK3","AKT","PTPN6"
"JAK3","IKBKB","PTPN6"
"JAK3","LEPR","PTPN6"
"JAK3","ROCK1","PTPN6"
"JAK3","GRB2","PTPN6"
"JAK3","SGK3","PTPN6"
"JAK3","SH2B1","PTPN6"
"JAK3","PTPN12","PTPN6"
"JAK3","PPP2R5C","PTPN6"
"JAK3","HIPK2","PTPN6"
"JAK3","SHC1","PTPN6"
"JAK3","PAK","PTPN6"
"JAK3","MAPK11","PTPN6"
"JAK3","UNC5A","PTPN6"
"JAK3","BRAF","PTPN6"
"JAK3","CCR2","PTPN6"
"JAK3","PSTPIP1","PTPN6"
"JAK3","RHEB","PTPN6"
"JAK3","MAP4K5","PTPN6"
"JAK3","PPP2R5A","PTPN6"
"JAK3","YWHAE","PTPN6"
"JAK3","SH2B3","PTPN6"
"JAK3","BANP","PTPN6"
"JAK3","RGCC","PTPN6"
"JAK3","DDR2","PTPN6"
"JAK3","CHUK","ARAF"
"JAK3","CTNNB1","ARAF"
"JAK3","CILK1","ARAF"
"JAK3","PTEN","ARAF"
"JAK3","AKT1","ARAF"
"JAK3","PLK1","ARAF"
"JAK3","KRAS","ARAF"
"JAK3","RAC1","ARAF"
"JAK3","MAP2K7","ARAF"
"JAK3","PTPRJ","ARAF"
"JAK3","TGFBR1","ARAF"
"JAK3","MAP3K14","ARAF"
"JAK3","RPS6KA1","ARAF"
"JAK3","IGF1R","ARAF"
"JAK3","STK3","ARAF"
"JAK3","RAB1A","ARAF"
"JAK3","PRKCZ","ARAF"
"JAK3","PAK2","ARAF"
"JAK3","AKT","ARAF"
"JAK3","PIK3CA","ARAF"
"JAK3","LEPR","ARAF"
"JAK3","ROCK1","ARAF"
"JAK3","SH2B1","ARAF"
"JAK3","PPP2R5C","ARAF"
"JAK3","ZAP70","ARAF"
"JAK3","GIT1","ARAF"
"JAK3","RAB7A","ARAF"
"JAK3","EPHA2","ARAF"
"JAK3","NRAS","ARAF"
"JAK3","DUSP3","ARAF"
"JAK3","MAPK11","ARAF"
"JAK3","UNC5A","ARAF"
"JAK3","PRKCI","ARAF"
"JAK3","PTPRA","ARAF"
"JAK3","PSTPIP1","ARAF"
"JAK3","DAXX","ARAF"
"JAK3","DUSP6","ARAF"
"JAK3","CDC42","ARAF"
"JAK3","PIK3CG","ARAF"
"JAK3","SH2B2","ARAF"
"JAK3","CLK2","ARAF"
"JAK3","MDM2","ARAF"
"JAK3","YWHAE","ARAF"
"JAK3","PLCG1","ARAF"
"JAK3","RUNX2","ARAF"
"JAK3","WAC","ARAF"
"JAK3","ACTN1","ARAF"
"JAK3","CHUK","CCP110"
"JAK3","CILK1","CCP110"
"JAK3","PTEN","CCP110"
"JAK3","PTPRJ","CCP110"
"JAK3","PDPK1","CCP110"
"JAK3","MAP3K14","CCP110"
"JAK3","SGK1","CCP110"
"JAK3","HRAS","CCP110"
"JAK3","MAPK13","CCP110"
"JAK3","LEPR","CCP110"
"JAK3","ROCK1","CCP110"
"JAK3","HSP90AB1","CCP110"
"JAK3","PTPN12","CCP110"
"JAK3","GIT1","CCP110"
"JAK3","NRAS","CCP110"
"JAK3","AR","CCP110"
"JAK3","MAPK11","CCP110"
"JAK3","UNC5A","CCP110"
"JAK3","IRS2","CCP110"
"JAK3","PPP2R5A","CCP110"
"JAK3","MDM2","CCP110"
"JAK3","YWHAE","CCP110"
"JAK3","PLCG1","CCP110"
"JAK3","SPRY2","CCP110"
"JAK3","SH2B3","CCP110"
"JAK3","RND1","CCP110"
"JAK3","TIAM1","CCP110"
"JAK3","WAC","CCP110"
"JAK3","TYK2","RPS6K"
"JAK3","DUSP3","RPS6K"
"JAK3","MAPK8","CALM2"
"JAK3","CSNK2A1","CALM2"
"JAK3","PLK1","CALM2"
"JAK3","KRAS","CALM2"
"JAK3","MAP2K7","CALM2"
"JAK3","TGFBR1","CALM2"
"JAK3","PPP1CA","CALM2"
"JAK3","PDPK1","CALM2"
"JAK3","RPS6KA1","CALM2"
"JAK3","PRKCB","CALM2"
"JAK3","STK3","CALM2"
"JAK3","RAB1A","CALM2"
"JAK3","PRKCZ","CALM2"
"JAK3","RACK1","CALM2"
"JAK3","BTK","CALM2"
"JAK3","HSP90AB1","CALM2"
"JAK3","SHOC2","CALM2"
"JAK3","ZAP70","CALM2"
"JAK3","PARD6A","CALM2"
"JAK3","PTPRA","CALM2"
"JAK3","CCR2","CALM2"
"JAK3","CDC42","CALM2"
"JAK3","PPP2R5A","CALM2"
"JAK3","PLCG1","CALM2"
"JAK3","SPRY2","CALM2"
"JAK3","RUNX2","CALM2"
"JAK3","PIK3C3","CALM2"
"JAK3","TIAM1","CALM2"
"JAK3","BANP","CALM2"
"JAK3","ACTN1","CALM2"
"JAK3","RGCC","CALM2"
"JAK3","TYK2","ERK1/2"
"JAK3","TYK2","Gbeta"
"JAK3","DUSP3","Gbeta"
"JAK3","CHUK","CDK5RAP2"
"JAK3","CTNNB1","CDK5RAP2"
"JAK3","CILK1","CDK5RAP2"
"JAK3","PTEN","CDK5RAP2"
"JAK3","MAPK8","CDK5RAP2"
"JAK3","RAC1","CDK5RAP2"
"JAK3","MAP2K7","CDK5RAP2"
"JAK3","MAP3K14","CDK5RAP2"
"JAK3","SGK1","CDK5RAP2"
"JAK3","AKT","CDK5RAP2"
"JAK3","RASSF1","CDK5RAP2"
"JAK3","HSP90AB1","CDK5RAP2"
"JAK3","SHOC2","CDK5RAP2"
"JAK3","PTPN12","CDK5RAP2"
"JAK3","PPP2R5C","CDK5RAP2"
"JAK3","PAK1","CDK5RAP2"
"JAK3","ZAP70","CDK5RAP2"
"JAK3","GIT1","CDK5RAP2"
"JAK3","MAP2K4","CDK5RAP2"
"JAK3","RAB7A","CDK5RAP2"
"JAK3","EPHA2","CDK5RAP2"
"JAK3","NRAS","CDK5RAP2"
"JAK3","AR","CDK5RAP2"
"JAK3","UNC5A","CDK5RAP2"
"JAK3","RHEB","CDK5RAP2"
"JAK3","DAXX","CDK5RAP2"
"JAK3","DUSP6","CDK5RAP2"
"JAK3","CCNE1","CDK5RAP2"
"JAK3","CDC42","CDK5RAP2"
"JAK3","PIK3CG","CDK5RAP2"
"JAK3","SH2B2","CDK5RAP2"
"JAK3","PPP2R5A","CDK5RAP2"
"JAK3","YWHAE","CDK5RAP2"
"JAK3","SPRY2","CDK5RAP2"
"JAK3","RUNX2","CDK5RAP2"
"JAK3","SH2B3","CDK5RAP2"
"JAK3","PIK3C3","CDK5RAP2"
"JAK3","TIAM1","CDK5RAP2"
"JAK3","DCTN6","CDK5RAP2"
"JAK3","ACTN1","CDK5RAP2"
"JAK3","CTNNB1","PLK1"
"JAK3","PTEN","PLK1"
"JAK3","MAPK8","PLK1"
"JAK3","AKT1","PLK1"
"JAK3","PTPRJ","PLK1"
"JAK3","TGFBR1","PLK1"
"JAK3","PPP1CA","PLK1"
"JAK3","PDPK1","PLK1"
"JAK3","RPS6KA1","PLK1"
"JAK3","SGK1","PLK1"
"JAK3","RAB1A","PLK1"
"JAK3","PRKCZ","PLK1"
"JAK3","TGFBR2","PLK1"
"JAK3","AKT","PLK1"
"JAK3","PIK3CA","PLK1"
"JAK3","LEPR","PLK1"
"JAK3","RPS6KA3","PLK1"
"JAK3","mTORC1","PLK1"
"JAK3","AHSA1","PLK1"
"JAK3","ROCK1","PLK1"
"JAK3","RASSF1","PLK1"
"JAK3","PTPN11","PLK1"
"JAK3","SH2B1","PLK1"
"JAK3","SHOC2","PLK1"
"JAK3","PPP2R5C","PLK1"
"JAK3","PAK1","PLK1"
"JAK3","ZAP70","PLK1"
"JAK3","DUSP1","PLK1"
"JAK3","RAB7A","PLK1"
"JAK3","EPHA2","PLK1"
"JAK3","NRAS","PLK1"
"JAK3","AR","PLK1"
"JAK3","MAPK11","PLK1"
"JAK3","DAXX","PLK1"
"JAK3","DUSP6","PLK1"
"JAK3","IRS2","PLK1"
"JAK3","CDC42","PLK1"
"JAK3","PIK3CG","PLK1"
"JAK3","CLK2","PLK1"
"JAK3","YWHAE","PLK1"
"JAK3","RND1","PLK1"
"JAK3","ACTN1","PLK1"
"JAK3","CILK1","KRAS"
"JAK3","PTEN","KRAS"
"JAK3","CSNK2A1","KRAS"
"JAK3","PTPRJ","KRAS"
"JAK3","MAP3K14","KRAS"
"JAK3","IGF1R","KRAS"
"JAK3","RAB1A","KRAS"
"JAK3","RACK1","KRAS"
"JAK3","LEPR","KRAS"
"JAK3","RPS6KA3","KRAS"
"JAK3","AHSA1","KRAS"
"JAK3","ROCK1","KRAS"
"JAK3","BTK","KRAS"
"JAK3","SH2B1","KRAS"
"JAK3","HSP90AB1","KRAS"
"JAK3","SHOC2","KRAS"
"JAK3","PPP2R5C","KRAS"
"JAK3","TYK2","KRAS"
"JAK3","ZAP70","KRAS"
"JAK3","DUSP1","KRAS"
"JAK3","TRAF2","KRAS"
"JAK3","MAP2K4","KRAS"
"JAK3","EPHA2","KRAS"
"JAK3","AR","KRAS"
"JAK3","DUSP3","KRAS"
"JAK3","MAPK11","KRAS"
"JAK3","UNC5A","KRAS"
"JAK3","PRKCI","KRAS"
"JAK3","PARD6A","KRAS"
"JAK3","RHEB","KRAS"
"JAK3","DAXX","KRAS"
"JAK3","DUSP6","KRAS"
"JAK3","INPP5D","KRAS"
"JAK3","PIK3R1","KRAS"
"JAK3","CCNE1","KRAS"
"JAK3","IRS2","KRAS"
"JAK3","PIK3CG","KRAS"
"JAK3","PPP2R5A","KRAS"
"JAK3","MDM2","KRAS"
"JAK3","YWHAE","KRAS"
"JAK3","RUNX2","KRAS"
"JAK3","PIK3C3","KRAS"
"JAK3","RND1","KRAS"
"JAK3","TIAM1","KRAS"
"JAK3","DCTN6","KRAS"
"JAK3","ACTN1","KRAS"
"JAK3","CHUK","LCK"
"JAK3","CILK1","LCK"
"JAK3","PTEN","LCK"
"JAK3","MTOR","LCK"
"JAK3","AKT1","LCK"
"JAK3","CSNK2A1","LCK"
"JAK3","KRAS","LCK"
"JAK3","RAC1","LCK"
"JAK3","TGFBR1","LCK"
"JAK3","PDPK1","LCK"
"JAK3","MAP3K14","LCK"
"JAK3","RPS6KA1","LCK"
"JAK3","SGK1","LCK"
"JAK3","IGF1R","LCK"
"JAK3","MAP2K1","LCK"
"JAK3","STK3","LCK"
"JAK3","RAB1A","LCK"
"JAK3","PRKCZ","LCK"
"JAK3","TGFBR2","LCK"
"JAK3","PAK2","LCK"
"JAK3","MAP3K1","LCK"
"JAK3","RACK1","LCK"
"JAK3","LEPR","LCK"
"JAK3","RASSF1","LCK"
"JAK3","BTK","LCK"
"JAK3","SGK3","LCK"
"JAK3","SH2B1","LCK"
"JAK3","PAK1","LCK"
"JAK3","ZAP70","LCK"
"JAK3","MEK1/2","LCK"
"JAK3","TRAF2","LCK"
"JAK3","MAP2K4","LCK"
"JAK3","RAB7A","LCK"
"JAK3","NRAS","LCK"
"JAK3","PAK","LCK"
"JAK3","MAPK11","LCK"
"JAK3","PRKCI","LCK"
"JAK3","PARD6A","LCK"
"JAK3","PTPRA","LCK"
"JAK3","CCR2","LCK"
"JAK3","RHEB","LCK"
"JAK3","DAXX","LCK"
"JAK3","CCNE1","LCK"
"JAK3","PIK3CG","LCK"
"JAK3","CLK2","LCK"
"JAK3","SPRY2","LCK"
"JAK3","RUNX2","LCK"
"JAK3","TIAM1","LCK"
"JAK3","BANP","LCK"
"JAK3","DCTN6","LCK"
"JAK3","RGCC","LCK"
"JAK3","CHUK","RAC1"
"JAK3","PTEN","RAC1"
"JAK3","MTOR","RAC1"
"JAK3","AKT1","RAC1"
"JAK3","CSNK2A1","RAC1"
"JAK3","KRAS","RAC1"
"JAK3","PTPRJ","RAC1"
"JAK3","TGFBR1","RAC1"
"JAK3","MAP3K14","RAC1"
"JAK3","RPS6KA1","RAC1"
"JAK3","SGK1","RAC1"
"JAK3","PRKCB","RAC1"
"JAK3","PRKCZ","RAC1"
"JAK3","PAK2","RAC1"
"JAK3","AKT","RAC1"
"JAK3","RACK1","RAC1"
"JAK3","HRAS","RAC1"
"JAK3","MAPK13","RAC1"
"JAK3","PIK3CA","RAC1"
"JAK3","mTORC1","RAC1"
"JAK3","SGK3","RAC1"
"JAK3","SH2B1","RAC1"
"JAK3","SHOC2","RAC1"
"JAK3","PPP2R5C","RAC1"
"JAK3","PAK1","RAC1"
"JAK3","TYK2","RAC1"
"JAK3","ZAP70","RAC1"
"JAK3","RAB7A","RAC1"
"JAK3","EPHA2","RAC1"
"JAK3","NRAS","RAC1"
"JAK3","MAPK11","RAC1"
"JAK3","UNC5A","RAC1"
"JAK3","PTPRA","RAC1"
"JAK3","CCR2","RAC1"
"JAK3","RHEB","RAC1"
"JAK3","DAXX","RAC1"
"JAK3","DUSP6","RAC1"
"JAK3","PIK3R1","RAC1"
"JAK3","CCNE1","RAC1"
"JAK3","IRS2","RAC1"
"JAK3","PIK3CG","RAC1"
"JAK3","MDM2","RAC1"
"JAK3","SPRY2","RAC1"
"JAK3","RND1","RAC1"
"JAK3","WAC","RAC1"
"JAK3","CHUK","KIT"
"JAK3","PTEN","KIT"
"JAK3","CSNK2A1","KIT"
"JAK3","PLK1","KIT"
"JAK3","KRAS","KIT"
"JAK3","MAP2K7","KIT"
"JAK3","PTPRJ","KIT"
"JAK3","TGFBR1","KIT"
"JAK3","PPP1CA","KIT"
"JAK3","PDPK1","KIT"
"JAK3","RAB1A","KIT"
"JAK3","TGFBR2","KIT"
"JAK3","MAPK13","KIT"
"JAK3","PIK3CA","KIT"
"JAK3","LEPR","KIT"
"JAK3","RPS6KA3","KIT"
"JAK3","mTORC1","KIT"
"JAK3","AHSA1","KIT"
"JAK3","ROCK1","KIT"
"JAK3","RASSF1","KIT"
"JAK3","BTK","KIT"
"JAK3","SGK3","KIT"
"JAK3","SHOC2","KIT"
"JAK3","PTPN12","KIT"
"JAK3","PPP2R5C","KIT"
"JAK3","PAK1","KIT"
"JAK3","DUSP1","KIT"
"JAK3","GIT1","KIT"
"JAK3","TRAF2","KIT"
"JAK3","EPHA2","KIT"
"JAK3","NRAS","KIT"
"JAK3","MAPK11","KIT"
"JAK3","UNC5A","KIT"
"JAK3","PRKCI","KIT"
"JAK3","PARD6A","KIT"
"JAK3","PTPRA","KIT"
"JAK3","PSTPIP1","KIT"
"JAK3","RHEB","KIT"
"JAK3","DAXX","KIT"
"JAK3","DUSP6","KIT"
"JAK3","INPP5D","KIT"
"JAK3","IRS2","KIT"
"JAK3","CDC42","KIT"
"JAK3","SH2B2","KIT"
"JAK3","PPP2R5A","KIT"
"JAK3","CLK2","KIT"
"JAK3","YWHAE","KIT"
"JAK3","PLCG1","KIT"
"JAK3","SPRY2","KIT"
"JAK3","RUNX2","KIT"
"JAK3","SH2B3","KIT"
"JAK3","PIK3C3","KIT"
"JAK3","RND1","KIT"
"JAK3","TIAM1","KIT"
"JAK3","DCTN6","KIT"
"JAK3","ACTN1","KIT"
"JAK3","CHUK","MAP2K7"
"JAK3","CTNNB1","MAP2K7"
"JAK3","CILK1","MAP2K7"
"JAK3","PTEN","MAP2K7"
"JAK3","MAPK8","MAP2K7"
"JAK3","AKT1","MAP2K7"
"JAK3","RAC1","MAP2K7"
"JAK3","PTPRJ","MAP2K7"
"JAK3","TGFBR1","MAP2K7"
"JAK3","PPP1CA","MAP2K7"
"JAK3","PDPK1","MAP2K7"
"JAK3","MAP3K14","MAP2K7"
"JAK3","SGK1","MAP2K7"
"JAK3","PRKCB","MAP2K7"
"JAK3","PRKCZ","MAP2K7"
"JAK3","TGFBR2","MAP2K7"
"JAK3","PAK2","MAP2K7"
"JAK3","AKT","MAP2K7"
"JAK3","MAPK13","MAP2K7"
"JAK3","PIK3CA","MAP2K7"
"JAK3","RPS6KA3","MAP2K7"
"JAK3","mTORC1","MAP2K7"
"JAK3","ROCK1","MAP2K7"
"JAK3","RASSF1","MAP2K7"
"JAK3","BTK","MAP2K7"
"JAK3","SGK3","MAP2K7"
"JAK3","HSP90AB1","MAP2K7"
"JAK3","SHOC2","MAP2K7"
"JAK3","PTPN12","MAP2K7"
"JAK3","PPP2R5C","MAP2K7"
"JAK3","PAK1","MAP2K7"
"JAK3","TYK2","MAP2K7"
"JAK3","ZAP70","MAP2K7"
"JAK3","RAB7A","MAP2K7"
"JAK3","NRAS","MAP2K7"
"JAK3","AR","MAP2K7"
"JAK3","MAPK11","MAP2K7"
"JAK3","UNC5A","MAP2K7"
"JAK3","PRKCI","MAP2K7"
"JAK3","PARD6A","MAP2K7"
"JAK3","PTPRA","MAP2K7"
"JAK3","CCR2","MAP2K7"
"JAK3","PSTPIP1","MAP2K7"
"JAK3","RHEB","MAP2K7"
"JAK3","DUSP6","MAP2K7"
"JAK3","INPP5D","MAP2K7"
"JAK3","PIK3R1","MAP2K7"
"JAK3","CCNE1","MAP2K7"
"JAK3","CDC42","MAP2K7"
"JAK3","PIK3CG","MAP2K7"
"JAK3","SH2B2","MAP2K7"
"JAK3","MDM2","MAP2K7"
"JAK3","PLCG1","MAP2K7"
"JAK3","RUNX2","MAP2K7"
"JAK3","PIK3C3","MAP2K7"
"JAK3","RND1","MAP2K7"
"JAK3","TIAM1","MAP2K7"
"JAK3","WAC","MAP2K7"
"JAK3","RGCC","MAP2K7"
"JAK3","CHUK","PTPRJ"
"JAK3","CTNNB1","PTPRJ"
"JAK3","CILK1","PTPRJ"
"JAK3","AKT1","PTPRJ"
"JAK3","CSNK2A1","PTPRJ"
"JAK3","KRAS","PTPRJ"
"JAK3","TGFBR1","PTPRJ"
"JAK3","PPP1CA","PTPRJ"
"JAK3","PDPK1","PTPRJ"
"JAK3","MAP3K14","PTPRJ"
"JAK3","RPS6KA1","PTPRJ"
"JAK3","SGK1","PTPRJ"
"JAK3","STK3","PTPRJ"
"JAK3","PRKCZ","PTPRJ"
"JAK3","TGFBR2","PTPRJ"
"JAK3","AKT","PTPRJ"
"JAK3","RACK1","PTPRJ"
"JAK3","HRAS","PTPRJ"
"JAK3","PIK3CA","PTPRJ"
"JAK3","LEPR","PTPRJ"
"JAK3","RPS6KA3","PTPRJ"
"JAK3","AHSA1","PTPRJ"
"JAK3","RASSF1","PTPRJ"
"JAK3","BTK","PTPRJ"
"JAK3","SGK3","PTPRJ"
"JAK3","HSP90AB1","PTPRJ"
"JAK3","TYK2","PTPRJ"
"JAK3","ZAP70","PTPRJ"
"JAK3","MAP2K4","PTPRJ"
"JAK3","AR","PTPRJ"
"JAK3","MAPK11","PTPRJ"
"JAK3","PRKCI","PTPRJ"
"JAK3","CCR2","PTPRJ"
"JAK3","RHEB","PTPRJ"
"JAK3","DUSP6","PTPRJ"
"JAK3","INPP5D","PTPRJ"
"JAK3","PIK3R1","PTPRJ"
"JAK3","CDC42","PTPRJ"
"JAK3","PIK3CG","PTPRJ"
"JAK3","SH2B2","PTPRJ"
"JAK3","PPP2R5A","PTPRJ"
"JAK3","MDM2","PTPRJ"
"JAK3","PLCG1","PTPRJ"
"JAK3","RUNX2","PTPRJ"
"JAK3","SH2B3","PTPRJ"
"JAK3","WAC","PTPRJ"
"JAK3","BANP","PTPRJ"
"JAK3","DCTN6","PTPRJ"
"JAK3","ACTN1","PTPRJ"
"JAK3","CHUK","TGFBR1"
"JAK3","PTEN","TGFBR1"
"JAK3","MAPK8","TGFBR1"
"JAK3","AKT1","TGFBR1"
"JAK3","CSNK2A1","TGFBR1"
"JAK3","PTPRJ","TGFBR1"
"JAK3","PDPK1","TGFBR1"
"JAK3","MAP3K14","TGFBR1"
"JAK3","IGF1R","TGFBR1"
"JAK3","RAB1A","TGFBR1"
"JAK3","RACK1","TGFBR1"
"JAK3","HRAS","TGFBR1"
"JAK3","SH2B1","TGFBR1"
"JAK3","HSP90AB1","TGFBR1"
"JAK3","ZAP70","TGFBR1"
"JAK3","DUSP1","TGFBR1"
"JAK3","GIT1","TGFBR1"
"JAK3","TRAF2","TGFBR1"
"JAK3","MAP2K4","TGFBR1"
"JAK3","UNC5A","TGFBR1"
"JAK3","PTPRA","TGFBR1"
"JAK3","CCR2","TGFBR1"
"JAK3","PSTPIP1","TGFBR1"
"JAK3","RHEB","TGFBR1"
"JAK3","CDC42","TGFBR1"
"JAK3","PIK3CG","TGFBR1"
"JAK3","YWHAE","TGFBR1"
"JAK3","SH2B3","TGFBR1"
"JAK3","PIK3C3","TGFBR1"
"JAK3","TIAM1","TGFBR1"
"JAK3","WAC","TGFBR1"
"JAK3","BANP","TGFBR1"
"JAK3","DCTN6","TGFBR1"
"JAK3","ACTN1","TGFBR1"
"JAK3","RGCC","TGFBR1"
"JAK3","PTEN","RPS6KB1"
"JAK3","CTNNB1","ID3"
"JAK3","CILK1","ID3"
"JAK3","MAPK8","ID3"
"JAK3","AKT1","ID3"
"JAK3","KRAS","ID3"
"JAK3","RAC1","ID3"
"JAK3","MAP2K7","ID3"
"JAK3","PTPRJ","ID3"
"JAK3","PPP1CA","ID3"
"JAK3","RPS6KA1","ID3"
"JAK3","SGK1","ID3"
"JAK3","IGF1R","ID3"
"JAK3","PRKCB","ID3"
"JAK3","PRKCZ","ID3"
"JAK3","TGFBR2","ID3"
"JAK3","RACK1","ID3"
"JAK3","LEPR","ID3"
"JAK3","mTORC1","ID3"
"JAK3","AHSA1","ID3"
"JAK3","RASSF1","ID3"
"JAK3","BTK","ID3"
"JAK3","PPP2R5C","ID3"
"JAK3","TYK2","ID3"
"JAK3","DUSP1","ID3"
"JAK3","TRAF2","ID3"
"JAK3","MAP2K4","ID3"
"JAK3","EPHA2","ID3"
"JAK3","AR","ID3"
"JAK3","PRKCI","ID3"
"JAK3","CCR2","ID3"
"JAK3","PSTPIP1","ID3"
"JAK3","CCNE1","ID3"
"JAK3","CDC42","ID3"
"JAK3","PIK3CG","ID3"
"JAK3","PPP2R5A","ID3"
"JAK3","CLK2","ID3"
"JAK3","MDM2","ID3"
"JAK3","YWHAE","ID3"
"JAK3","RUNX2","ID3"
"JAK3","SH2B3","ID3"
"JAK3","PIK3C3","ID3"
"JAK3","RND1","ID3"
"JAK3","TIAM1","ID3"
"JAK3","WAC","ID3"
"JAK3","BANP","ID3"
"JAK3","DCTN6","ID3"
"JAK3","ACTN1","ID3"
"JAK3","RGCC","ID3"
"JAK3","CHUK","ABL1"
"JAK3","AKT2","ABL1"
"JAK3","PTEN","ABL1"
"JAK3","MAPK8","ABL1"
"JAK3","MTOR","ABL1"
"JAK3","AKT1","ABL1"
"JAK3","KRAS","ABL1"
"JAK3","RAC1","ABL1"
"JAK3","MAP2K7","ABL1"
"JAK3","TGFBR1","ABL1"
"JAK3","PPP1CA","ABL1"
"JAK3","PDPK1","ABL1"
"JAK3","RPS6KA1","ABL1"
"JAK3","IGF1R","ABL1"
"JAK3","STK3","ABL1"
"JAK3","RAB1A","ABL1"
"JAK3","TGFBR2","ABL1"
"JAK3","AKT","ABL1"
"JAK3","RACK1","ABL1"
"JAK3","PIK3CA","ABL1"
"JAK3","PTPN11","ABL1"
"JAK3","SH2B1","ABL1"
"JAK3","SHOC2","ABL1"
"JAK3","PPP2R5C","ABL1"
"JAK3","TYK2","ABL1"
"JAK3","ZAP70","ABL1"
"JAK3","GIT1","ABL1"
"JAK3","PI3K","ABL1"
"JAK3","TRAF2","ABL1"
"JAK3","SHC1","ABL1"
"JAK3","MAP2K4","ABL1"
"JAK3","EPHA2","ABL1"
"JAK3","NRAS","ABL1"
"JAK3","AR","ABL1"
"JAK3","DUSP3","ABL1"
"JAK3","MAPK11","ABL1"
"JAK3","PRKCI","ABL1"
"JAK3","PARD6A","ABL1"
"JAK3","PTPRA","ABL1"
"JAK3","CCR2","ABL1"
"JAK3","DAXX","ABL1"
"JAK3","INPP5D","ABL1"
"JAK3","CCNE1","ABL1"
"JAK3","IRS2","ABL1"
"JAK3","CDC42","ABL1"
"JAK3","PIK3CG","ABL1"
"JAK3","SH2B2","ABL1"
"JAK3","RUNX2","ABL1"
"JAK3","SH2B3","ABL1"
"JAK3","RND1","ABL1"
"JAK3","WAC","ABL1"
"JAK3","RGCC","ABL1"
"JAK3","DDR2","ABL1"
"JAK3","CHUK","JAK2"
"JAK3","CILK1","JAK2"
"JAK3","PTEN","JAK2"
"JAK3","MAPK8","JAK2"
"JAK3","MTOR","JAK2"
"JAK3","CSNK2A1","JAK2"
"JAK3","RAC1","JAK2"
"JAK3","MAP2K7","JAK2"
"JAK3","PTPRJ","JAK2"
"JAK3","PPP1CA","JAK2"
"JAK3","PDPK1","JAK2"
"JAK3","MAP3K14","JAK2"
"JAK3","IGF1R","JAK2"
"JAK3","TGFBR2","JAK2"
"JAK3","RACK1","JAK2"
"JAK3","HRAS","JAK2"
"JAK3","MAPK13","JAK2"
"JAK3","PIK3CA","JAK2"
"JAK3","BTK","JAK2"
"JAK3","SGK3","JAK2"
"JAK3","SHOC2","JAK2"
"JAK3","PPP2R5C","JAK2"
"JAK3","PAK1","JAK2"
"JAK3","ZAP70","JAK2"
"JAK3","GIT1","JAK2"
"JAK3","EPHA2","JAK2"
"JAK3","NRAS","JAK2"
"JAK3","MAPK11","JAK2"
"JAK3","UNC5A","JAK2"
"JAK3","PTPRA","JAK2"
"JAK3","RHEB","JAK2"
"JAK3","DUSP6","JAK2"
"JAK3","INPP5D","JAK2"
"JAK3","CCNE1","JAK2"
"JAK3","IRS2","JAK2"
"JAK3","CDC42","JAK2"
"JAK3","SH2B2","JAK2"
"JAK3","PPP2R5A","JAK2"
"JAK3","CLK2","JAK2"
"JAK3","MDM2","JAK2"
"JAK3","YWHAE","JAK2"
"JAK3","PLCG1","JAK2"
"JAK3","SPRY2","JAK2"
"JAK3","RUNX2","JAK2"
"JAK3","PIK3C3","JAK2"
"JAK3","RND1","JAK2"
"JAK3","TIAM1","JAK2"
"JAK3","BANP","JAK2"
"JAK3","ACTN1","JAK2"
"JAK3","PTEN","PPP1CA"
"JAK3","KRAS","PPP1CA"
"JAK3","PTPRJ","PPP1CA"
"JAK3","SGK1","PPP1CA"
"JAK3","IGF1R","PPP1CA"
"JAK3","PRKCZ","PPP1CA"
"JAK3","PAK2","PPP1CA"
"JAK3","RASSF1","PPP1CA"
"JAK3","BTK","PPP1CA"
"JAK3","SGK3","PPP1CA"
"JAK3","PPP2R5C","PPP1CA"
"JAK3","TYK2","PPP1CA"
"JAK3","MAP2K4","PPP1CA"
"JAK3","EPHA2","PPP1CA"
"JAK3","PARD6A","PPP1CA"
"JAK3","PTPRA","PPP1CA"
"JAK3","DAXX","PPP1CA"
"JAK3","CCNE1","PPP1CA"
"JAK3","IRS2","PPP1CA"
"JAK3","SH2B2","PPP1CA"
"JAK3","CLK2","PPP1CA"
"JAK3","PLCG1","PPP1CA"
"JAK3","SPRY2","PPP1CA"
"JAK3","RUNX2","PPP1CA"
"JAK3","PIK3C3","PPP1CA"
"JAK3","TIAM1","PPP1CA"
"JAK3","WAC","PPP1CA"
"JAK3","DCTN6","PPP1CA"
"JAK3","ACTN1","PPP1CA"
"JAK3","RGCC","PPP1CA"
"JAK3","CTNNB1","IFNGR1"
"JAK3","CILK1","IFNGR1"
"JAK3","PTEN","IFNGR1"
"JAK3","AKT1","IFNGR1"
"JAK3","KRAS","IFNGR1"
"JAK3","RAC1","IFNGR1"
"JAK3","TGFBR1","IFNGR1"
"JAK3","PPP1CA","IFNGR1"
"JAK3","PDPK1","IFNGR1"
"JAK3","IGF1R","IFNGR1"
"JAK3","STK3","IFNGR1"
"JAK3","RAB1A","IFNGR1"
"JAK3","RACK1","IFNGR1"
"JAK3","HRAS","IFNGR1"
"JAK3","MAPK13","IFNGR1"
"JAK3","RPS6KA3","IFNGR1"
"JAK3","mTORC1","IFNGR1"
"JAK3","AHSA1","IFNGR1"
"JAK3","ROCK1","IFNGR1"
"JAK3","RASSF1","IFNGR1"
"JAK3","BTK","IFNGR1"
"JAK3","PTPN11","IFNGR1"
"JAK3","SGK3","IFNGR1"
"JAK3","SH2B1","IFNGR1"
"JAK3","HSP90AB1","IFNGR1"
"JAK3","PTPN12","IFNGR1"
"JAK3","PPP2R5C","IFNGR1"
"JAK3","PAK1","IFNGR1"
"JAK3","TRAF2","IFNGR1"
"JAK3","MAP2K4","IFNGR1"
"JAK3","NRAS","IFNGR1"
"JAK3","AR","IFNGR1"
"JAK3","MAPK11","IFNGR1"
"JAK3","UNC5A","IFNGR1"
"JAK3","PRKCI","IFNGR1"
"JAK3","PSTPIP1","IFNGR1"
"JAK3","DAXX","IFNGR1"
"JAK3","DUSP6","IFNGR1"
"JAK3","INPP5D","IFNGR1"
"JAK3","PIK3R1","IFNGR1"
"JAK3","CCNE1","IFNGR1"
"JAK3","SH2B2","IFNGR1"
"JAK3","CLK2","IFNGR1"
"JAK3","YWHAE","IFNGR1"
"JAK3","PLCG1","IFNGR1"
"JAK3","PIK3C3","IFNGR1"
"JAK3","TIAM1","IFNGR1"
"JAK3","WAC","IFNGR1"
"JAK3","RGCC","IFNGR1"
"JAK3","PTEN","WNK1"
"JAK3","MTOR","WNK1"
"JAK3","AKT1","WNK1"
"JAK3","RAC1","WNK1"
"JAK3","PPP1CA","WNK1"
"JAK3","PDPK1","WNK1"
"JAK3","MAP3K14","WNK1"
"JAK3","SGK1","WNK1"
"JAK3","PRKCB","WNK1"
"JAK3","STK3","WNK1"
"JAK3","RAB1A","WNK1"
"JAK3","PRKCZ","WNK1"
"JAK3","TGFBR2","WNK1"
"JAK3","PAK2","WNK1"
"JAK3","HRAS","WNK1"
"JAK3","mTORC1","WNK1"
"JAK3","AHSA1","WNK1"
"JAK3","BTK","WNK1"
"JAK3","SH2B1","WNK1"
"JAK3","SHOC2","WNK1"
"JAK3","PAK1","WNK1"
"JAK3","TRAF2","WNK1"
"JAK3","MAP2K4","WNK1"
"JAK3","RAB7A","WNK1"
"JAK3","NRAS","WNK1"
"JAK3","DUSP3","WNK1"
"JAK3","UNC5A","WNK1"
"JAK3","PRKCI","WNK1"
"JAK3","PARD6A","WNK1"
"JAK3","PTPRA","WNK1"
"JAK3","CCR2","WNK1"
"JAK3","PSTPIP1","WNK1"
"JAK3","DAXX","WNK1"
"JAK3","IRS2","WNK1"
"JAK3","PIK3CG","WNK1"
"JAK3","SH2B2","WNK1"
"JAK3","PLCG1","WNK1"
"JAK3","SPRY2","WNK1"
"JAK3","PIK3C3","WNK1"
"JAK3","RND1","WNK1"
"JAK3","ACTN1","WNK1"
"JAK3","RGCC","WNK1"
"JAK3","CHUK","PDPK1"
"JAK3","MAPK8","PDPK1"
"JAK3","AKT1","PDPK1"
"JAK3","CSNK2A1","PDPK1"
"JAK3","PLK1","PDPK1"
"JAK3","RAC1","PDPK1"
"JAK3","PTPRJ","PDPK1"
"JAK3","TGFBR1","PDPK1"
"JAK3","PPP1CA","PDPK1"
"JAK3","TGFBR2","PDPK1"
"JAK3","PAK2","PDPK1"
"JAK3","AKT","PDPK1"
"JAK3","RACK1","PDPK1"
"JAK3","MAPK13","PDPK1"
"JAK3","AHSA1","PDPK1"
"JAK3","SH2B1","PDPK1"
"JAK3","SHOC2","PDPK1"
"JAK3","PAK1","PDPK1"
"JAK3","ZAP70","PDPK1"
"JAK3","DUSP1","PDPK1"
"JAK3","GIT1","PDPK1"
"JAK3","DUSP3","PDPK1"
"JAK3","MAPK11","PDPK1"
"JAK3","PRKCI","PDPK1"
"JAK3","PTPRA","PDPK1"
"JAK3","DUSP6","PDPK1"
"JAK3","SH2B2","PDPK1"
"JAK3","CLK2","PDPK1"
"JAK3","RUNX2","PDPK1"
"JAK3","DCTN6","PDPK1"
"JAK3","ACTN1","PDPK1"
"JAK3","CHUK","MAP3K14"
"JAK3","CTNNB1","MAP3K14"
"JAK3","CILK1","MAP3K14"
"JAK3","MAPK8","MAP3K14"
"JAK3","MTOR","MAP3K14"
"JAK3","KRAS","MAP3K14"
"JAK3","RAC1","MAP3K14"
"JAK3","MAP2K7","MAP3K14"
"JAK3","RPS6KA1","MAP3K14"
"JAK3","SGK1","MAP3K14"
"JAK3","PRKCZ","MAP3K14"
"JAK3","AKT","MAP3K14"
"JAK3","RACK1","MAP3K14"
"JAK3","HRAS","MAP3K14"
"JAK3","PIK3CA","MAP3K14"
"JAK3","LEPR","MAP3K14"
"JAK3","RPS6KA3","MAP3K14"
"JAK3","AHSA1","MAP3K14"
"JAK3","PTPN11","MAP3K14"
"JAK3","PTPN12","MAP3K14"
"JAK3","TYK2","MAP3K14"
"JAK3","GIT1","MAP3K14"
"JAK3","RAB7A","MAP3K14"
"JAK3","EPHA2","MAP3K14"
"JAK3","NRAS","MAP3K14"
"JAK3","AR","MAP3K14"
"JAK3","MAPK11","MAP3K14"
"JAK3","PRKCI","MAP3K14"
"JAK3","PIK3R1","MAP3K14"
"JAK3","IRS2","MAP3K14"
"JAK3","SH2B3","MAP3K14"
"JAK3","RND1","MAP3K14"
"JAK3","ACTN1","MAP3K14"
"JAK3","RGCC","MAP3K14"
"JAK3","MAPK8","RPS6KA1"
"JAK3","MTOR","RPS6KA1"
"JAK3","AKT1","RPS6KA1"
"JAK3","PLK1","RPS6KA1"
"JAK3","RAC1","RPS6KA1"
"JAK3","PTPRJ","RPS6KA1"
"JAK3","MAP3K14","RPS6KA1"
"JAK3","IGF1R","RPS6KA1"
"JAK3","PRKCB","RPS6KA1"
"JAK3","STK3","RPS6KA1"
"JAK3","RAB1A","RPS6KA1"
"JAK3","HRAS","RPS6KA1"
"JAK3","LEPR","RPS6KA1"
"JAK3","ROCK1","RPS6KA1"
"JAK3","BTK","RPS6KA1"
"JAK3","SGK3","RPS6KA1"
"JAK3","SHOC2","RPS6KA1"
"JAK3","PTPN12","RPS6KA1"
"JAK3","PPP2R5C","RPS6KA1"
"JAK3","PAK1","RPS6KA1"
"JAK3","TRAF2","RPS6KA1"
"JAK3","RAB7A","RPS6KA1"
"JAK3","NRAS","RPS6KA1"
"JAK3","AR","RPS6KA1"
"JAK3","MAPK11","RPS6KA1"
"JAK3","PARD6A","RPS6KA1"
"JAK3","CCR2","RPS6KA1"
"JAK3","DUSP6","RPS6KA1"
"JAK3","PIK3R1","RPS6KA1"
"JAK3","CCNE1","RPS6KA1"
"JAK3","IRS2","RPS6KA1"
"JAK3","PIK3CG","RPS6KA1"
"JAK3","SH2B2","RPS6KA1"
"JAK3","PLCG1","RPS6KA1"
"JAK3","RUNX2","RPS6KA1"
"JAK3","TIAM1","RPS6KA1"
"JAK3","WAC","RPS6KA1"
"JAK3","DCTN6","RPS6KA1"
"JAK3","ACTN1","RPS6KA1"
"JAK3","RGCC","RPS6KA1"
"JAK3","CHUK","PAK6"
"JAK3","CTNNB1","PAK6"
"JAK3","CILK1","PAK6"
"JAK3","PTEN","PAK6"
"JAK3","AKT1","PAK6"
"JAK3","CSNK2A1","PAK6"
"JAK3","PLK1","PAK6"
"JAK3","TGFBR1","PAK6"
"JAK3","PDPK1","PAK6"
"JAK3","MAP3K14","PAK6"
"JAK3","RPS6KA1","PAK6"
"JAK3","IGF1R","PAK6"
"JAK3","PRKCB","PAK6"
"JAK3","STK3","PAK6"
"JAK3","RACK1","PAK6"
"JAK3","LEPR","PAK6"
"JAK3","RPS6KA3","PAK6"
"JAK3","mTORC1","PAK6"
"JAK3","AHSA1","PAK6"
"JAK3","ROCK1","PAK6"
"JAK3","RASSF1","PAK6"
"JAK3","BTK","PAK6"
"JAK3","SH2B1","PAK6"
"JAK3","HSP90AB1","PAK6"
"JAK3","SHOC2","PAK6"
"JAK3","PTPN12","PAK6"
"JAK3","PAK1","PAK6"
"JAK3","DUSP1","PAK6"
"JAK3","TRAF2","PAK6"
"JAK3","MAP2K4","PAK6"
"JAK3","RAB7A","PAK6"
"JAK3","EPHA2","PAK6"
"JAK3","AR","PAK6"
"JAK3","DAXX","PAK6"
"JAK3","PIK3R1","PAK6"
"JAK3","IRS2","PAK6"
"JAK3","CDC42","PAK6"
"JAK3","PIK3CG","PAK6"
"JAK3","PPP2R5A","PAK6"
"JAK3","CLK2","PAK6"
"JAK3","YWHAE","PAK6"
"JAK3","PLCG1","PAK6"
"JAK3","SH2B3","PAK6"
"JAK3","PIK3C3","PAK6"
"JAK3","TIAM1","PAK6"
"JAK3","DCTN6","PAK6"
"JAK3","CTNNB1","SGK1"
"JAK3","KRAS","SGK1"
"JAK3","RPS6KA1","SGK1"
"JAK3","IGF1R","SGK1"
"JAK3","PRKCB","SGK1"
"JAK3","STK3","SGK1"
"JAK3","TGFBR2","SGK1"
"JAK3","PAK2","SGK1"
"JAK3","AKT","SGK1"
"JAK3","RACK1","SGK1"
"JAK3","LEPR","SGK1"
"JAK3","BTK","SGK1"
"JAK3","SGK3","SGK1"
"JAK3","SH2B1","SGK1"
"JAK3","SHOC2","SGK1"
"JAK3","PTPN12","SGK1"
"JAK3","PPP2R5C","SGK1"
"JAK3","PAK1","SGK1"
"JAK3","DUSP1","SGK1"
"JAK3","GIT1","SGK1"
"JAK3","TRAF2","SGK1"
"JAK3","MAP2K4","SGK1"
"JAK3","RAB7A","SGK1"
"JAK3","NRAS","SGK1"
"JAK3","AR","SGK1"
"JAK3","PARD6A","SGK1"
"JAK3","RHEB","SGK1"
"JAK3","DUSP6","SGK1"
"JAK3","PIK3R1","SGK1"
"JAK3","CCNE1","SGK1"
"JAK3","IRS2","SGK1"
"JAK3","SH2B2","SGK1"
"JAK3","PPP2R5A","SGK1"
"JAK3","YWHAE","SGK1"
"JAK3","PLCG1","SGK1"
"JAK3","RUNX2","SGK1"
"JAK3","TIAM1","SGK1"
"JAK3","ACTN1","SGK1"
"JAK3","CHUK","IGF1R"
"JAK3","CTNNB1","IGF1R"
"JAK3","CILK1","IGF1R"
"JAK3","MTOR","IGF1R"
"JAK3","AKT1","IGF1R"
"JAK3","PTPRJ","IGF1R"
"JAK3","TGFBR1","IGF1R"
"JAK3","PDPK1","IGF1R"
"JAK3","MAP3K14","IGF1R"
"JAK3","PRKCB","IGF1R"
"JAK3","PRKCZ","IGF1R"
"JAK3","HRAS","IGF1R"
"JAK3","PIK3CA","IGF1R"
"JAK3","RPS6KA3","IGF1R"
"JAK3","mTORC1","IGF1R"
"JAK3","AHSA1","IGF1R"
"JAK3","ROCK1","IGF1R"
"JAK3","RASSF1","IGF1R"
"JAK3","BTK","IGF1R"
"JAK3","SGK3","IGF1R"
"JAK3","SHOC2","IGF1R"
"JAK3","PTPN12","IGF1R"
"JAK3","PPP2R5C","IGF1R"
"JAK3","PAK1","IGF1R"
"JAK3","TYK2","IGF1R"
"JAK3","TRAF2","IGF1R"
"JAK3","MAP2K4","IGF1R"
"JAK3","RAB7A","IGF1R"
"JAK3","EPHA2","IGF1R"
"JAK3","NRAS","IGF1R"
"JAK3","AR","IGF1R"
"JAK3","PRKCI","IGF1R"
"JAK3","PARD6A","IGF1R"
"JAK3","PTPRA","IGF1R"
"JAK3","PSTPIP1","IGF1R"
"JAK3","PIK3CG","IGF1R"
"JAK3","SH2B2","IGF1R"
"JAK3","PPP2R5A","IGF1R"
"JAK3","CLK2","IGF1R"
"JAK3","RUNX2","IGF1R"
"JAK3","SH2B3","IGF1R"
"JAK3","TIAM1","IGF1R"
"JAK3","BANP","IGF1R"
"JAK3","CHUK","MAP2K1"
"JAK3","MAPK8","MAP2K1"
"JAK3","MAP2K7","MAP2K1"
"JAK3","PTPRJ","MAP2K1"
"JAK3","TGFBR1","MAP2K1"
"JAK3","PPP1CA","MAP2K1"
"JAK3","RPS6KA1","MAP2K1"
"JAK3","PRKCB","MAP2K1"
"JAK3","STK3","MAP2K1"
"JAK3","PRKCZ","MAP2K1"
"JAK3","TGFBR2","MAP2K1"
"JAK3","PAK2","MAP2K1"
"JAK3","MAP3K1","MAP2K1"
"JAK3","RACK1","MAP2K1"
"JAK3","LEPR","MAP2K1"
"JAK3","RPS6KA3","MAP2K1"
"JAK3","AHSA1","MAP2K1"
"JAK3","RASSF1","MAP2K1"
"JAK3","BTK","MAP2K1"
"JAK3","PTPN11","MAP2K1"
"JAK3","HSP90AB1","MAP2K1"
"JAK3","SHOC2","MAP2K1"
"JAK3","PTPN12","MAP2K1"
"JAK3","PPP2R5C","MAP2K1"
"JAK3","TYK2","MAP2K1"
"JAK3","ZAP70","MAP2K1"
"JAK3","GIT1","MAP2K1"
"JAK3","MAP2K4","MAP2K1"
"JAK3","RAB7A","MAP2K1"
"JAK3","EPHA2","MAP2K1"
"JAK3","AR","MAP2K1"
"JAK3","PAK","MAP2K1"
"JAK3","DUSP3","MAP2K1"
"JAK3","MAPK11","MAP2K1"
"JAK3","UNC5A","MAP2K1"
"JAK3","PRKCI","MAP2K1"
"JAK3","PARD6A","MAP2K1"
"JAK3","PTPRA","MAP2K1"
"JAK3","BRAF","MAP2K1"
"JAK3","PSTPIP1","MAP2K1"
"JAK3","RHEB","MAP2K1"
"JAK3","DAXX","MAP2K1"
"JAK3","PIK3R1","MAP2K1"
"JAK3","CCNE1","MAP2K1"
"JAK3","IRS2","MAP2K1"
"JAK3","CDC42","MAP2K1"
"JAK3","SH2B2","MAP2K1"
"JAK3","PPP2R5A","MAP2K1"
"JAK3","CLK2","MAP2K1"
"JAK3","MDM2","MAP2K1"
"JAK3","YWHAE","MAP2K1"
"JAK3","PLCG1","MAP2K1"
"JAK3","SH2B3","MAP2K1"
"JAK3","PIK3C3","MAP2K1"
"JAK3","TIAM1","MAP2K1"
"JAK3","WAC","MAP2K1"
"JAK3","BANP","MAP2K1"
"JAK3","DCTN6","MAP2K1"
"JAK3","PTEN","PRKCB"
"JAK3","MAPK8","PRKCB"
"JAK3","MTOR","PRKCB"
"JAK3","PLK1","PRKCB"
"JAK3","KRAS","PRKCB"
"JAK3","RAC1","PRKCB"
"JAK3","MAP2K7","PRKCB"
"JAK3","PTPRJ","PRKCB"
"JAK3","TGFBR1","PRKCB"
"JAK3","PPP1CA","PRKCB"
"JAK3","MAP3K14","PRKCB"
"JAK3","RPS6KA1","PRKCB"
"JAK3","TGFBR2","PRKCB"
"JAK3","PAK2","PRKCB"
"JAK3","RACK1","PRKCB"
"JAK3","MAPK13","PRKCB"
"JAK3","PIK3CA","PRKCB"
"JAK3","RPS6KA3","PRKCB"
"JAK3","ROCK1","PRKCB"
"JAK3","RASSF1","PRKCB"
"JAK3","SGK3","PRKCB"
"JAK3","HSP90AB1","PRKCB"
"JAK3","SHOC2","PRKCB"
"JAK3","PTPN12","PRKCB"
"JAK3","TYK2","PRKCB"
"JAK3","DUSP1","PRKCB"
"JAK3","MAP2K4","PRKCB"
"JAK3","RAB7A","PRKCB"
"JAK3","EPHA2","PRKCB"
"JAK3","AR","PRKCB"
"JAK3","DUSP3","PRKCB"
"JAK3","PRKCI","PRKCB"
"JAK3","CCR2","PRKCB"
"JAK3","PSTPIP1","PRKCB"
"JAK3","RHEB","PRKCB"
"JAK3","CCNE1","PRKCB"
"JAK3","CLK2","PRKCB"
"JAK3","MDM2","PRKCB"
"JAK3","PLCG1","PRKCB"
"JAK3","SPRY2","PRKCB"
"JAK3","RUNX2","PRKCB"
"JAK3","SH2B3","PRKCB"
"JAK3","RND1","PRKCB"
"JAK3","TIAM1","PRKCB"
"JAK3","PTEN","INSR"
"JAK3","MTOR","INSR"
"JAK3","AKT1","INSR"
"JAK3","CSNK2A1","INSR"
"JAK3","RAC1","INSR"
"JAK3","MAP2K7","INSR"
"JAK3","TGFBR1","INSR"
"JAK3","MAP3K14","INSR"
"JAK3","RPS6KA1","INSR"
"JAK3","SGK1","INSR"
"JAK3","TGFBR2","INSR"
"JAK3","IKBKB","INSR"
"JAK3","DOK1","INSR"
"JAK3","LEPR","INSR"
"JAK3","AHSA1","INSR"
"JAK3","ROCK1","INSR"
"JAK3","RASSF1","INSR"
"JAK3","BTK","INSR"
"JAK3","SH2B1","INSR"
"JAK3","PTPN12","INSR"
"JAK3","PAK1","INSR"
"JAK3","TYK2","INSR"
"JAK3","ZAP70","INSR"
"JAK3","GIT1","INSR"
"JAK3","RAB7A","INSR"
"JAK3","MAPK11","INSR"
"JAK3","UNC5A","INSR"
"JAK3","PRKCI","INSR"
"JAK3","PTPRA","INSR"
"JAK3","CCR2","INSR"
"JAK3","PSTPIP1","INSR"
"JAK3","RHEB","INSR"
"JAK3","CCNE1","INSR"
"JAK3","IRS2","INSR"
"JAK3","CDC42","INSR"
"JAK3","PPP2R5A","INSR"
"JAK3","YWHAE","INSR"
"JAK3","PLCG1","INSR"
"JAK3","RUNX2","INSR"
"JAK3","CBL","INSR"
"JAK3","SH2B3","INSR"
"JAK3","PIK3C3","INSR"
"JAK3","RND1","INSR"
"JAK3","RGCC","INSR"
"JAK3","CTNNB1","STK3"
"JAK3","CILK1","STK3"
"JAK3","MAPK8","STK3"
"JAK3","PLK1","STK3"
"JAK3","RAC1","STK3"
"JAK3","MAP2K7","STK3"
"JAK3","PTPRJ","STK3"
"JAK3","PPP1CA","STK3"
"JAK3","PDPK1","STK3"
"JAK3","RPS6KA1","STK3"
"JAK3","SGK1","STK3"
"JAK3","PRKCB","STK3"
"JAK3","PRKCZ","STK3"
"JAK3","TGFBR2","STK3"
"JAK3","HRAS","STK3"
"JAK3","MAPK13","STK3"
"JAK3","PIK3CA","STK3"
"JAK3","mTORC1","STK3"
"JAK3","AHSA1","STK3"
"JAK3","BTK","STK3"
"JAK3","SGK3","STK3"
"JAK3","SH2B1","STK3"
"JAK3","SHOC2","STK3"
"JAK3","TYK2","STK3"
"JAK3","ZAP70","STK3"
"JAK3","RAB7A","STK3"
"JAK3","NRAS","STK3"
"JAK3","AR","STK3"
"JAK3","UNC5A","STK3"
"JAK3","PRKCI","STK3"
"JAK3","CCR2","STK3"
"JAK3","PSTPIP1","STK3"
"JAK3","RHEB","STK3"
"JAK3","DUSP6","STK3"
"JAK3","INPP5D","STK3"
"JAK3","SH2B2","STK3"
"JAK3","CLK2","STK3"
"JAK3","PLCG1","STK3"
"JAK3","SPRY2","STK3"
"JAK3","SH2B3","STK3"
"JAK3","PIK3C3","STK3"
"JAK3","RND1","STK3"
"JAK3","BANP","STK3"
"JAK3","DCTN6","STK3"
"JAK3","RGCC","STK3"
"JAK3","CTNNB1","PRKCG"
"JAK3","MAPK8","PRKCG"
"JAK3","MTOR","PRKCG"
"JAK3","CSNK2A1","PRKCG"
"JAK3","KRAS","PRKCG"
"JAK3","MAP2K7","PRKCG"
"JAK3","PTPRJ","PRKCG"
"JAK3","MAP3K14","PRKCG"
"JAK3","RPS6KA1","PRKCG"
"JAK3","SGK1","PRKCG"
"JAK3","IGF1R","PRKCG"
"JAK3","PRKCB","PRKCG"
"JAK3","STK3","PRKCG"
"JAK3","PRKCZ","PRKCG"
"JAK3","RACK1","PRKCG"
"JAK3","PIK3CA","PRKCG"
"JAK3","LEPR","PRKCG"
"JAK3","RASSF1","PRKCG"
"JAK3","BTK","PRKCG"
"JAK3","SGK3","PRKCG"
"JAK3","SH2B1","PRKCG"
"JAK3","SHOC2","PRKCG"
"JAK3","PTPN12","PRKCG"
"JAK3","TYK2","PRKCG"
"JAK3","DUSP1","PRKCG"
"JAK3","TRAF2","PRKCG"
"JAK3","MAP2K4","PRKCG"
"JAK3","EPHA2","PRKCG"
"JAK3","NRAS","PRKCG"
"JAK3","AR","PRKCG"
"JAK3","MAPK11","PRKCG"
"JAK3","PRKCI","PRKCG"
"JAK3","PARD6A","PRKCG"
"JAK3","CCR2","PRKCG"
"JAK3","DAXX","PRKCG"
"JAK3","DUSP6","PRKCG"
"JAK3","CCNE1","PRKCG"
"JAK3","CDC42","PRKCG"
"JAK3","PIK3CG","PRKCG"
"JAK3","CLK2","PRKCG"
"JAK3","YWHAE","PRKCG"
"JAK3","PLCG1","PRKCG"
"JAK3","SPRY2","PRKCG"
"JAK3","RUNX2","PRKCG"
"JAK3","SH2B3","PRKCG"
"JAK3","PIK3C3","PRKCG"
"JAK3","TIAM1","PRKCG"
"JAK3","WAC","PRKCG"
"JAK3","BANP","PRKCG"
"JAK3","CTNNB1","RAB1A"
"JAK3","PTEN","RAB1A"
"JAK3","MTOR","RAB1A"
"JAK3","CSNK2A1","RAB1A"
"JAK3","PTPRJ","RAB1A"
"JAK3","PRKCB","RAB1A"
"JAK3","STK3","RAB1A"
"JAK3","AKT","RAB1A"
"JAK3","RACK1","RAB1A"
"JAK3","LEPR","RAB1A"
"JAK3","mTORC1","RAB1A"
"JAK3","AHSA1","RAB1A"
"JAK3","ROCK1","RAB1A"
"JAK3","RASSF1","RAB1A"
"JAK3","BTK","RAB1A"
"JAK3","SGK3","RAB1A"
"JAK3","HSP90AB1","RAB1A"
"JAK3","SHOC2","RAB1A"
"JAK3","PTPN12","RAB1A"
"JAK3","ZAP70","RAB1A"
"JAK3","DUSP1","RAB1A"
"JAK3","GIT1","RAB1A"
"JAK3","MAPK11","RAB1A"
"JAK3","UNC5A","RAB1A"
"JAK3","PRKCI","RAB1A"
"JAK3","PTPRA","RAB1A"
"JAK3","INPP5D","RAB1A"
"JAK3","PIK3CG","RAB1A"
"JAK3","PPP2R5A","RAB1A"
"JAK3","CLK2","RAB1A"
"JAK3","MDM2","RAB1A"
"JAK3","YWHAE","RAB1A"
"JAK3","SPRY2","RAB1A"
"JAK3","RUNX2","RAB1A"
"JAK3","SH2B3","RAB1A"
"JAK3","PIK3C3","RAB1A"
"JAK3","RND1","RAB1A"
"JAK3","TIAM1","RAB1A"
"JAK3","WAC","RAB1A"
"JAK3","ACTN1","RAB1A"
"JAK3","RGCC","RAB1A"
"JAK3","CILK1","PRKCZ"
"JAK3","MAPK8","PRKCZ"
"JAK3","MTOR","PRKCZ"
"JAK3","AKT1","PRKCZ"
"JAK3","CSNK2A1","PRKCZ"
"JAK3","KRAS","PRKCZ"
"JAK3","RAC1","PRKCZ"
"JAK3","MAP2K7","PRKCZ"
"JAK3","PTPRJ","PRKCZ"
"JAK3","TGFBR1","PRKCZ"
"JAK3","PPP1CA","PRKCZ"
"JAK3","MAP3K14","PRKCZ"
"JAK3","RPS6KA1","PRKCZ"
"JAK3","IGF1R","PRKCZ"
"JAK3","PRKCB","PRKCZ"
"JAK3","RAB1A","PRKCZ"
"JAK3","TGFBR2","PRKCZ"
"JAK3","PAK2","PRKCZ"
"JAK3","AKT","PRKCZ"
"JAK3","HRAS","PRKCZ"
"JAK3","MAPK13","PRKCZ"
"JAK3","PIK3CA","PRKCZ"
"JAK3","RPS6KA3","PRKCZ"
"JAK3","mTORC1","PRKCZ"
"JAK3","BTK","PRKCZ"
"JAK3","SH2B1","PRKCZ"
"JAK3","HSP90AB1","PRKCZ"
"JAK3","PTPN12","PRKCZ"
"JAK3","PPP2R5C","PRKCZ"
"JAK3","PAK1","PRKCZ"
"JAK3","DUSP1","PRKCZ"
"JAK3","GIT1","PRKCZ"
"JAK3","TRAF2","PRKCZ"
"JAK3","MAP2K4","PRKCZ"
"JAK3","RAB7A","PRKCZ"
"JAK3","NRAS","PRKCZ"
"JAK3","AR","PRKCZ"
"JAK3","DUSP3","PRKCZ"
"JAK3","PRKCI","PRKCZ"
"JAK3","CCR2","PRKCZ"
"JAK3","PSTPIP1","PRKCZ"
"JAK3","RHEB","PRKCZ"
"JAK3","DUSP6","PRKCZ"
"JAK3","PIK3R1","PRKCZ"
"JAK3","IRS2","PRKCZ"
"JAK3","PIK3CG","PRKCZ"
"JAK3","PPP2R5A","PRKCZ"
"JAK3","CLK2","PRKCZ"
"JAK3","MDM2","PRKCZ"
"JAK3","YWHAE","PRKCZ"
"JAK3","PLCG1","PRKCZ"
"JAK3","SPRY2","PRKCZ"
"JAK3","SH2B3","PRKCZ"
"JAK3","RND1","PRKCZ"
"JAK3","WAC","PRKCZ"
"JAK3","DCTN6","PRKCZ"
"JAK3","ACTN1","PRKCZ"
"JAK3","RGCC","PRKCZ"
"JAK3","CHUK","RIN1"
"JAK3","CTNNB1","RIN1"
"JAK3","CILK1","RIN1"
"JAK3","PTEN","RIN1"
"JAK3","MAPK8","RIN1"
"JAK3","AKT1","RIN1"
"JAK3","CSNK2A1","RIN1"
"JAK3","PLK1","RIN1"
"JAK3","KRAS","RIN1"
"JAK3","RAC1","RIN1"
"JAK3","PTPRJ","RIN1"
"JAK3","TGFBR1","RIN1"
"JAK3","PPP1CA","RIN1"
"JAK3","PDPK1","RIN1"
"JAK3","MAP3K14","RIN1"
"JAK3","IGF1R","RIN1"
"JAK3","PRKCB","RIN1"
"JAK3","STK3","RIN1"
"JAK3","RAB1A","RIN1"
"JAK3","PRKCZ","RIN1"
"JAK3","AKT","RIN1"
"JAK3","RACK1","RIN1"
"JAK3","MAPK13","RIN1"
"JAK3","LEPR","RIN1"
"JAK3","RPS6KA3","RIN1"
"JAK3","mTORC1","RIN1"
"JAK3","BTK","RIN1"
"JAK3","SGK3","RIN1"
"JAK3","SH2B1","RIN1"
"JAK3","PTPN12","RIN1"
"JAK3","PAK1","RIN1"
"JAK3","ZAP70","RIN1"
"JAK3","DUSP1","RIN1"
"JAK3","GIT1","RIN1"
"JAK3","EPHA2","RIN1"
"JAK3","NRAS","RIN1"
"JAK3","AR","RIN1"
"JAK3","DUSP3","RIN1"
"JAK3","MAPK11","RIN1"
"JAK3","PRKCI","RIN1"
"JAK3","PSTPIP1","RIN1"
"JAK3","DAXX","RIN1"
"JAK3","INPP5D","RIN1"
"JAK3","PIK3R1","RIN1"
"JAK3","CCNE1","RIN1"
"JAK3","PPP2R5A","RIN1"
"JAK3","PLCG1","RIN1"
"JAK3","SPRY2","RIN1"
"JAK3","RUNX2","RIN1"
"JAK3","PIK3C3","RIN1"
"JAK3","WAC","RIN1"
"JAK3","BANP","RIN1"
"JAK3","RGCC","RIN1"
"JAK3","CILK1","CyclinD/CDK4"
"JAK3","PTEN","CyclinD/CDK4"
"JAK3","MAPK8","CyclinD/CDK4"
"JAK3","MTOR","CyclinD/CDK4"
"JAK3","AKT1","CyclinD/CDK4"
"JAK3","PLK1","CyclinD/CDK4"
"JAK3","RAC1","CyclinD/CDK4"
"JAK3","MAP2K7","CyclinD/CDK4"
"JAK3","SGK1","CyclinD/CDK4"
"JAK3","RAB1A","CyclinD/CDK4"
"JAK3","PRKCZ","CyclinD/CDK4"
"JAK3","TGFBR2","CyclinD/CDK4"
"JAK3","PAK2","CyclinD/CDK4"
"JAK3","MAPK13","CyclinD/CDK4"
"JAK3","PIK3CA","CyclinD/CDK4"
"JAK3","LEPR","CyclinD/CDK4"
"JAK3","RPS6KA3","CyclinD/CDK4"
"JAK3","mTORC1","CyclinD/CDK4"
"JAK3","ROCK1","CyclinD/CDK4"
"JAK3","PTPN11","CyclinD/CDK4"
"JAK3","SGK3","CyclinD/CDK4"
"JAK3","SH2B1","CyclinD/CDK4"
"JAK3","HSP90AB1","CyclinD/CDK4"
"JAK3","SHOC2","CyclinD/CDK4"
"JAK3","PTPN12","CyclinD/CDK4"
"JAK3","PPP2R5C","CyclinD/CDK4"
"JAK3","GIT1","CyclinD/CDK4"
"JAK3","RAB7A","CyclinD/CDK4"
"JAK3","EPHA2","CyclinD/CDK4"
"JAK3","UNC5A","CyclinD/CDK4"
"JAK3","PRKCI","CyclinD/CDK4"
"JAK3","PARD6A","CyclinD/CDK4"
"JAK3","PTPRA","CyclinD/CDK4"
"JAK3","CCR2","CyclinD/CDK4"
"JAK3","DUSP6","CyclinD/CDK4"
"JAK3","INPP5D","CyclinD/CDK4"
"JAK3","PIK3R1","CyclinD/CDK4"
"JAK3","CCNE1","CyclinD/CDK4"
"JAK3","PIK3CG","CyclinD/CDK4"
"JAK3","CLK2","CyclinD/CDK4"
"JAK3","PLCG1","CyclinD/CDK4"
"JAK3","SPRY2","CyclinD/CDK4"
"JAK3","PIK3C3","CyclinD/CDK4"
"JAK3","RND1","CyclinD/CDK4"
"JAK3","TIAM1","CyclinD/CDK4"
"JAK3","BANP","CyclinD/CDK4"
"JAK3","RGCC","CyclinD/CDK4"
"JAK3","CHUK","TGFBR2"
"JAK3","CTNNB1","TGFBR2"
"JAK3","CILK1","TGFBR2"
"JAK3","MAPK8","TGFBR2"
"JAK3","AKT1","TGFBR2"
"JAK3","CSNK2A1","TGFBR2"
"JAK3","PLK1","TGFBR2"
"JAK3","KRAS","TGFBR2"
"JAK3","RAC1","TGFBR2"
"JAK3","PDPK1","TGFBR2"
"JAK3","MAP3K14","TGFBR2"
"JAK3","SGK1","TGFBR2"
"JAK3","IGF1R","TGFBR2"
"JAK3","STK3","TGFBR2"
"JAK3","RACK1","TGFBR2"
"JAK3","PIK3CA","TGFBR2"
"JAK3","LEPR","TGFBR2"
"JAK3","mTORC1","TGFBR2"
"JAK3","AHSA1","TGFBR2"
"JAK3","SGK3","TGFBR2"
"JAK3","HSP90AB1","TGFBR2"
"JAK3","PPP2R5C","TGFBR2"
"JAK3","PAK1","TGFBR2"
"JAK3","TYK2","TGFBR2"
"JAK3","ZAP70","TGFBR2"
"JAK3","DUSP1","TGFBR2"
"JAK3","GIT1","TGFBR2"
"JAK3","TRAF2","TGFBR2"
"JAK3","MAP2K4","TGFBR2"
"JAK3","RAB7A","TGFBR2"
"JAK3","EPHA2","TGFBR2"
"JAK3","AR","TGFBR2"
"JAK3","DUSP3","TGFBR2"
"JAK3","UNC5A","TGFBR2"
"JAK3","PRKCI","TGFBR2"
"JAK3","PARD6A","TGFBR2"
"JAK3","PTPRA","TGFBR2"
"JAK3","INPP5D","TGFBR2"
"JAK3","CCNE1","TGFBR2"
"JAK3","IRS2","TGFBR2"
"JAK3","CDC42","TGFBR2"
"JAK3","PPP2R5A","TGFBR2"
"JAK3","CLK2","TGFBR2"
"JAK3","MDM2","TGFBR2"
"JAK3","PLCG1","TGFBR2"
"JAK3","SPRY2","TGFBR2"
"JAK3","RUNX2","TGFBR2"
"JAK3","RND1","TGFBR2"
"JAK3","WAC","TGFBR2"
"JAK3","ACTN1","TGFBR2"
"JAK3","CHUK","PAK2"
"JAK3","CTNNB1","PAK2"
"JAK3","CILK1","PAK2"
"JAK3","PTEN","PAK2"
"JAK3","PLK1","PAK2"
"JAK3","KRAS","PAK2"
"JAK3","RPS6KA1","PAK2"
"JAK3","SGK1","PAK2"
"JAK3","IGF1R","PAK2"
"JAK3","PRKCB","PAK2"
"JAK3","RAB1A","PAK2"
"JAK3","PRKCZ","PAK2"
"JAK3","TGFBR2","PAK2"
"JAK3","AKT","PAK2"
"JAK3","HRAS","PAK2"
"JAK3","AHSA1","PAK2"
"JAK3","SH2B1","PAK2"
"JAK3","HSP90AB1","PAK2"
"JAK3","SHOC2","PAK2"
"JAK3","PTPN12","PAK2"
"JAK3","PPP2R5C","PAK2"
"JAK3","ZAP70","PAK2"
"JAK3","GIT1","PAK2"
"JAK3","MAP2K4","PAK2"
"JAK3","RAB7A","PAK2"
"JAK3","EPHA2","PAK2"
"JAK3","NRAS","PAK2"
"JAK3","AR","PAK2"
"JAK3","DUSP3","PAK2"
"JAK3","PRKCI","PAK2"
"JAK3","PARD6A","PAK2"
"JAK3","PTPRA","PAK2"
"JAK3","PSTPIP1","PAK2"
"JAK3","DUSP6","PAK2"
"JAK3","INPP5D","PAK2"
"JAK3","PIK3R1","PAK2"
"JAK3","CDC42","PAK2"
"JAK3","PIK3CG","PAK2"
"JAK3","PPP2R5A","PAK2"
"JAK3","CLK2","PAK2"
"JAK3","MDM2","PAK2"
"JAK3","YWHAE","PAK2"
"JAK3","SPRY2","PAK2"
"JAK3","SH2B3","PAK2"
"JAK3","PIK3C3","PAK2"
"JAK3","RND1","PAK2"
"JAK3","BANP","PAK2"
"JAK3","RGCC","PAK2"
"JAK3","CHUK","PPP1R2"
"JAK3","CILK1","PPP1R2"
"JAK3","PTEN","PPP1R2"
"JAK3","MAPK8","PPP1R2"
"JAK3","AKT1","PPP1R2"
"JAK3","CSNK2A1","PPP1R2"
"JAK3","PLK1","PPP1R2"
"JAK3","KRAS","PPP1R2"
"JAK3","RAC1","PPP1R2"
"JAK3","MAP2K7","PPP1R2"
"JAK3","PTPRJ","PPP1R2"
"JAK3","PPP1CA","PPP1R2"
"JAK3","MAP3K14","PPP1R2"
"JAK3","RPS6KA1","PPP1R2"
"JAK3","IGF1R","PPP1R2"
"JAK3","PRKCB","PPP1R2"
"JAK3","STK3","PPP1R2"
"JAK3","RAB1A","PPP1R2"
"JAK3","PRKCZ","PPP1R2"
"JAK3","PAK2","PPP1R2"
"JAK3","MAPK13","PPP1R2"
"JAK3","PIK3CA","PPP1R2"
"JAK3","LEPR","PPP1R2"
"JAK3","RPS6KA3","PPP1R2"
"JAK3","mTORC1","PPP1R2"
"JAK3","AHSA1","PPP1R2"
"JAK3","RASSF1","PPP1R2"
"JAK3","SGK3","PPP1R2"
"JAK3","SHOC2","PPP1R2"
"JAK3","PTPN12","PPP1R2"
"JAK3","PPP2R5C","PPP1R2"
"JAK3","PAK1","PPP1R2"
"JAK3","GIT1","PPP1R2"
"JAK3","RAB7A","PPP1R2"
"JAK3","EPHA2","PPP1R2"
"JAK3","AR","PPP1R2"
"JAK3","UNC5A","PPP1R2"
"JAK3","PSTPIP1","PPP1R2"
"JAK3","INPP5D","PPP1R2"
"JAK3","CCNE1","PPP1R2"
"JAK3","PPP2R5A","PPP1R2"
"JAK3","SPRY2","PPP1R2"
"JAK3","SH2B3","PPP1R2"
"JAK3","PIK3C3","PPP1R2"
"JAK3","RND1","PPP1R2"
"JAK3","DCTN6","PPP1R2"
"JAK3","RGCC","PPP1R2"
"JAK3","CHUK","CDK5"
"JAK3","CILK1","CDK5"
"JAK3","MTOR","CDK5"
"JAK3","CSNK2A1","CDK5"
"JAK3","PTPRJ","CDK5"
"JAK3","PDPK1","CDK5"
"JAK3","MAP3K14","CDK5"
"JAK3","TGFBR2","CDK5"
"JAK3","HRAS","CDK5"
"JAK3","MAPK13","CDK5"
"JAK3","PIK3CA","CDK5"
"JAK3","LEPR","CDK5"
"JAK3","AHSA1","CDK5"
"JAK3","ROCK1","CDK5"
"JAK3","RASSF1","CDK5"
"JAK3","BTK","CDK5"
"JAK3","SH2B1","CDK5"
"JAK3","SHOC2","CDK5"
"JAK3","PPP2R5C","CDK5"
"JAK3","PAK1","CDK5"
"JAK3","TYK2","CDK5"
"JAK3","ZAP70","CDK5"
"JAK3","MAP2K4","CDK5"
"JAK3","RAB7A","CDK5"
"JAK3","MAPK11","CDK5"
"JAK3","PRKCI","CDK5"
"JAK3","PSTPIP1","CDK5"
"JAK3","DAXX","CDK5"
"JAK3","DUSP6","CDK5"
"JAK3","INPP5D","CDK5"
"JAK3","PIK3R1","CDK5"
"JAK3","CCNE1","CDK5"
"JAK3","CDC42","CDK5"
"JAK3","SH2B2","CDK5"
"JAK3","CLK2","CDK5"
"JAK3","MDM2","CDK5"
"JAK3","YWHAE","CDK5"
"JAK3","PLCG1","CDK5"
"JAK3","SPRY2","CDK5"
"JAK3","SH2B3","CDK5"
"JAK3","PIK3C3","CDK5"
"JAK3","RND1","CDK5"
"JAK3","ACTN1","CDK5"
"JAK3","RGCC","CDK5"
"JAK3","CHUK","MAP3K1"
"JAK3","CTNNB1","MAP3K1"
"JAK3","CILK1","MAP3K1"
"JAK3","CSNK2A1","MAP3K1"
"JAK3","RAC1","MAP3K1"
"JAK3","MAP2K7","MAP3K1"
"JAK3","PTPRJ","MAP3K1"
"JAK3","PPP1CA","MAP3K1"
"JAK3","RPS6KA1","MAP3K1"
"JAK3","SGK1","MAP3K1"
"JAK3","PRKCB","MAP3K1"
"JAK3","RACK1","MAP3K1"
"JAK3","MAPK13","MAP3K1"
"JAK3","PIK3CA","MAP3K1"
"JAK3","AHSA1","MAP3K1"
"JAK3","SH2B1","MAP3K1"
"JAK3","SHOC2","MAP3K1"
"JAK3","PTPN12","MAP3K1"
"JAK3","TYK2","MAP3K1"
"JAK3","ZAP70","MAP3K1"
"JAK3","GIT1","MAP3K1"
"JAK3","TRAF2","MAP3K1"
"JAK3","MAP2K4","MAP3K1"
"JAK3","PRKCI","MAP3K1"
"JAK3","PSTPIP1","MAP3K1"
"JAK3","DUSP6","MAP3K1"
"JAK3","SH2B2","MAP3K1"
"JAK3","PPP2R5A","MAP3K1"
"JAK3","CLK2","MAP3K1"
"JAK3","MDM2","MAP3K1"
"JAK3","PLCG1","MAP3K1"
"JAK3","RUNX2","MAP3K1"
"JAK3","SH2B3","MAP3K1"
"JAK3","TIAM1","MAP3K1"
"JAK3","DCTN6","MAP3K1"
"JAK3","RGCC","MAP3K1"
"JAK3","CHUK","TXK"
"JAK3","MAPK8","TXK"
"JAK3","MTOR","TXK"
"JAK3","CSNK2A1","TXK"
"JAK3","KRAS","TXK"
"JAK3","MAP2K7","TXK"
"JAK3","PTPRJ","TXK"
"JAK3","MAP3K14","TXK"
"JAK3","RPS6KA1","TXK"
"JAK3","IGF1R","TXK"
"JAK3","PRKCB","TXK"
"JAK3","STK3","TXK"
"JAK3","RAB1A","TXK"
"JAK3","PAK2","TXK"
"JAK3","AKT","TXK"
"JAK3","RACK1","TXK"
"JAK3","HRAS","TXK"
"JAK3","MAPK13","TXK"
"JAK3","PIK3CA","TXK"
"JAK3","RPS6KA3","TXK"
"JAK3","BTK","TXK"
"JAK3","SGK3","TXK"
"JAK3","PTPN12","TXK"
"JAK3","PPP2R5C","TXK"
"JAK3","DUSP3","TXK"
"JAK3","MAPK11","TXK"
"JAK3","UNC5A","TXK"
"JAK3","PRKCI","TXK"
"JAK3","DAXX","TXK"
"JAK3","DUSP6","TXK"
"JAK3","PIK3R1","TXK"
"JAK3","CCNE1","TXK"
"JAK3","PIK3CG","TXK"
"JAK3","PPP2R5A","TXK"
"JAK3","MDM2","TXK"
"JAK3","PIK3C3","TXK"
"JAK3","RND1","TXK"
"JAK3","BANP","TXK"
"JAK3","ACTN1","TXK"
"JAK3","CILK1","AKT"
"JAK3","MAPK8","AKT"
"JAK3","MTOR","AKT"
"JAK3","TGFBR1","AKT"
"JAK3","PPP1CA","AKT"
"JAK3","PDPK1","AKT"
"JAK3","MAP3K14","AKT"
"JAK3","RPS6KA1","AKT"
"JAK3","SGK1","AKT"
"JAK3","IGF1R","AKT"
"JAK3","PRKCB","AKT"
"JAK3","RAB1A","AKT"
"JAK3","PRKCZ","AKT"
"JAK3","TGFBR2","AKT"
"JAK3","HRAS","AKT"
"JAK3","LEPR","AKT"
"JAK3","mTORC1","AKT"
"JAK3","AHSA1","AKT"
"JAK3","RASSF1","AKT"
"JAK3","SH2B1","AKT"
"JAK3","HSP90AB1","AKT"
"JAK3","SHOC2","AKT"
"JAK3","TYK2","AKT"
"JAK3","ZAP70","AKT"
"JAK3","DUSP1","AKT"
"JAK3","GIT1","AKT"
"JAK3","RAB7A","AKT"
"JAK3","AR","AKT"
"JAK3","DUSP3","AKT"
"JAK3","MAPK11","AKT"
"JAK3","UNC5A","AKT"
"JAK3","PRKCI","AKT"
"JAK3","PARD6A","AKT"
"JAK3","CCR2","AKT"
"JAK3","RHEB","AKT"
"JAK3","DAXX","AKT"
"JAK3","CCNE1","AKT"
"JAK3","IRS2","AKT"
"JAK3","PIK3CG","AKT"
"JAK3","PLCG1","AKT"
"JAK3","SPRY2","AKT"
"JAK3","RUNX2","AKT"
"JAK3","BANP","AKT"
"JAK3","DCTN6","AKT"
"JAK3","CHUK","MAPK9"
"JAK3","CILK1","MAPK9"
"JAK3","MAPK8","MAPK9"
"JAK3","AKT1","MAPK9"
"JAK3","CSNK2A1","MAPK9"
"JAK3","PLK1","MAPK9"
"JAK3","KRAS","MAPK9"
"JAK3","RAC1","MAPK9"
"JAK3","MAP2K7","MAPK9"
"JAK3","PTPRJ","MAPK9"
"JAK3","TGFBR1","MAPK9"
"JAK3","PPP1CA","MAPK9"
"JAK3","PDPK1","MAPK9"
"JAK3","MAP3K14","MAPK9"
"JAK3","RPS6KA1","MAPK9"
"JAK3","SGK1","MAPK9"
"JAK3","IGF1R","MAPK9"
"JAK3","TGFBR2","MAPK9"
"JAK3","PAK2","MAPK9"
"JAK3","HRAS","MAPK9"
"JAK3","PIK3CA","MAPK9"
"JAK3","LEPR","MAPK9"
"JAK3","RPS6KA3","MAPK9"
"JAK3","ROCK1","MAPK9"
"JAK3","RASSF1","MAPK9"
"JAK3","BTK","MAPK9"
"JAK3","SH2B1","MAPK9"
"JAK3","PAK1","MAPK9"
"JAK3","TYK2","MAPK9"
"JAK3","ZAP70","MAPK9"
"JAK3","DUSP1","MAPK9"
"JAK3","TRAF2","MAPK9"
"JAK3","RAB7A","MAPK9"
"JAK3","EPHA2","MAPK9"
"JAK3","NRAS","MAPK9"
"JAK3","AR","MAPK9"
"JAK3","DUSP3","MAPK9"
"JAK3","UNC5A","MAPK9"
"JAK3","PARD6A","MAPK9"
"JAK3","PTPRA","MAPK9"
"JAK3","DAXX","MAPK9"
"JAK3","DUSP6","MAPK9"
"JAK3","INPP5D","MAPK9"
"JAK3","PIK3R1","MAPK9"
"JAK3","CCNE1","MAPK9"
"JAK3","PIK3CG","MAPK9"
"JAK3","SH2B2","MAPK9"
"JAK3","PPP2R5A","MAPK9"
"JAK3","CLK2","MAPK9"
"JAK3","SPRY2","MAPK9"
"JAK3","SH2B3","MAPK9"
"JAK3","BANP","MAPK9"
"JAK3","DCTN6","MAPK9"
"JAK3","ACTN1","MAPK9"
"JAK3","RGCC","MAPK9"
"JAK3","CHUK","IKBKB"
"JAK3","CTNNB1","IKBKB"
"JAK3","CILK1","IKBKB"
"JAK3","MAPK8","IKBKB"
"JAK3","MTOR","IKBKB"
"JAK3","AKT1","IKBKB"
"JAK3","RAC1","IKBKB"
"JAK3","TGFBR1","IKBKB"
"JAK3","PPP1CA","IKBKB"
"JAK3","PDPK1","IKBKB"
"JAK3","MAP3K14","IKBKB"
"JAK3","RPS6KA1","IKBKB"
"JAK3","STK3","IKBKB"
"JAK3","PRKCZ","IKBKB"
"JAK3","TGFBR2","IKBKB"
"JAK3","AKT","IKBKB"
"JAK3","RACK1","IKBKB"
"JAK3","PIK3CA","IKBKB"
"JAK3","RPS6KA3","IKBKB"
"JAK3","AHSA1","IKBKB"
"JAK3","RASSF1","IKBKB"
"JAK3","BTK","IKBKB"
"JAK3","PTPN11","IKBKB"
"JAK3","SGK3","IKBKB"
"JAK3","TYK2","IKBKB"
"JAK3","ZAP70","IKBKB"
"JAK3","GIT1","IKBKB"
"JAK3","RAB7A","IKBKB"
"JAK3","NRAS","IKBKB"
"JAK3","DUSP3","IKBKB"
"JAK3","PARD6A","IKBKB"
"JAK3","PTPRA","IKBKB"
"JAK3","DAXX","IKBKB"
"JAK3","INPP5D","IKBKB"
"JAK3","IRS2","IKBKB"
"JAK3","CDC42","IKBKB"
"JAK3","PIK3CG","IKBKB"
"JAK3","SH2B2","IKBKB"
"JAK3","CLK2","IKBKB"
"JAK3","MDM2","IKBKB"
"JAK3","YWHAE","IKBKB"
"JAK3","PLCG1","IKBKB"
"JAK3","RUNX2","IKBKB"
"JAK3","SH2B3","IKBKB"
"JAK3","PIK3C3","IKBKB"
"JAK3","NFKB1","IKBKB"
"JAK3","TIAM1","IKBKB"
"JAK3","BANP","IKBKB"
"JAK3","CILK1","PPP3CB"
"JAK3","PTEN","PPP3CB"
"JAK3","MTOR","PPP3CB"
"JAK3","AKT1","PPP3CB"
"JAK3","PLK1","PPP3CB"
"JAK3","RAC1","PPP3CB"
"JAK3","MAP2K7","PPP3CB"
"JAK3","PTPRJ","PPP3CB"
"JAK3","TGFBR1","PPP3CB"
"JAK3","PPP1CA","PPP3CB"
"JAK3","PDPK1","PPP3CB"
"JAK3","MAP3K14","PPP3CB"
"JAK3","IGF1R","PPP3CB"
"JAK3","STK3","PPP3CB"
"JAK3","RAB1A","PPP3CB"
"JAK3","PRKCZ","PPP3CB"
"JAK3","TGFBR2","PPP3CB"
"JAK3","PAK2","PPP3CB"
"JAK3","AKT","PPP3CB"
"JAK3","HRAS","PPP3CB"
"JAK3","PIK3CA","PPP3CB"
"JAK3","RPS6KA3","PPP3CB"
"JAK3","AHSA1","PPP3CB"
"JAK3","RASSF1","PPP3CB"
"JAK3","SGK3","PPP3CB"
"JAK3","SH2B1","PPP3CB"
"JAK3","HSP90AB1","PPP3CB"
"JAK3","PAK1","PPP3CB"
"JAK3","GIT1","PPP3CB"
"JAK3","EPHA2","PPP3CB"
"JAK3","AR","PPP3CB"
"JAK3","DUSP3","PPP3CB"
"JAK3","MAPK11","PPP3CB"
"JAK3","PARD6A","PPP3CB"
"JAK3","CCR2","PPP3CB"
"JAK3","DAXX","PPP3CB"
"JAK3","DUSP6","PPP3CB"
"JAK3","INPP5D","PPP3CB"
"JAK3","CCNE1","PPP3CB"
"JAK3","IRS2","PPP3CB"
"JAK3","CDC42","PPP3CB"
"JAK3","PIK3CG","PPP3CB"
"JAK3","SH2B2","PPP3CB"
"JAK3","PPP2R5A","PPP3CB"
"JAK3","MDM2","PPP3CB"
"JAK3","PLCG1","PPP3CB"
"JAK3","SPRY2","PPP3CB"
"JAK3","RND1","PPP3CB"
"JAK3","WAC","PPP3CB"
"JAK3","BANP","PPP3CB"
"JAK3","ACTN1","PPP3CB"
"JAK3","RGCC","PPP3CB"
"JAK3","CHUK","DOK1"
"JAK3","CILK1","DOK1"
"JAK3","CSNK2A1","DOK1"
"JAK3","RAC1","DOK1"
"JAK3","MAP2K7","DOK1"
"JAK3","SGK1","DOK1"
"JAK3","IGF1R","DOK1"
"JAK3","PRKCB","DOK1"
"JAK3","STK3","DOK1"
"JAK3","RAB1A","DOK1"
"JAK3","PRKCZ","DOK1"
"JAK3","PAK2","DOK1"
"JAK3","AKT","DOK1"
"JAK3","RACK1","DOK1"
"JAK3","HRAS","DOK1"
"JAK3","mTORC1","DOK1"
"JAK3","RASSF1","DOK1"
"JAK3","BTK","DOK1"
"JAK3","SGK3","DOK1"
"JAK3","SHOC2","DOK1"
"JAK3","PTPN12","DOK1"
"JAK3","PPP2R5C","DOK1"
"JAK3","ZAP70","DOK1"
"JAK3","DUSP1","DOK1"
"JAK3","GIT1","DOK1"
"JAK3","MAP2K4","DOK1"
"JAK3","RAB7A","DOK1"
"JAK3","DUSP3","DOK1"
"JAK3","UNC5A","DOK1"
"JAK3","CCR2","DOK1"
"JAK3","DUSP6","DOK1"
"JAK3","CCNE1","DOK1"
"JAK3","SH2B2","DOK1"
"JAK3","CLK2","DOK1"
"JAK3","PIK3C3","DOK1"
"JAK3","RND1","DOK1"
"JAK3","TIAM1","DOK1"
"JAK3","WAC","DOK1"
"JAK3","BANP","DOK1"
"JAK3","RGCC","DOK1"
"JAK3","CHUK","RACK1"
"JAK3","CTNNB1","RACK1"
"JAK3","CILK1","RACK1"
"JAK3","PTEN","RACK1"
"JAK3","MAPK8","RACK1"
"JAK3","AKT1","RACK1"
"JAK3","CSNK2A1","RACK1"
"JAK3","PLK1","RACK1"
"JAK3","RAC1","RACK1"
"JAK3","PTPRJ","RACK1"
"JAK3","TGFBR1","RACK1"
"JAK3","PPP1CA","RACK1"
"JAK3","PDPK1","RACK1"
"JAK3","MAP3K14","RACK1"
"JAK3","RPS6KA1","RACK1"
"JAK3","STK3","RACK1"
"JAK3","TGFBR2","RACK1"
"JAK3","RPS6KA3","RACK1"
"JAK3","AHSA1","RACK1"
"JAK3","ROCK1","RACK1"
"JAK3","RASSF1","RACK1"
"JAK3","BTK","RACK1"
"JAK3","SGK3","RACK1"
"JAK3","SH2B1","RACK1"
"JAK3","HSP90AB1","RACK1"
"JAK3","SHOC2","RACK1"
"JAK3","PTPN12","RACK1"
"JAK3","PPP2R5C","RACK1"
"JAK3","PAK1","RACK1"
"JAK3","TYK2","RACK1"
"JAK3","DUSP1","RACK1"
"JAK3","GIT1","RACK1"
"JAK3","TRAF2","RACK1"
"JAK3","MAP2K4","RACK1"
"JAK3","RAB7A","RACK1"
"JAK3","EPHA2","RACK1"
"JAK3","NRAS","RACK1"
"JAK3","AR","RACK1"
"JAK3","MAPK11","RACK1"
"JAK3","UNC5A","RACK1"
"JAK3","PARD6A","RACK1"
"JAK3","PTPRA","RACK1"
"JAK3","RHEB","RACK1"
"JAK3","DUSP6","RACK1"
"JAK3","INPP5D","RACK1"
"JAK3","PIK3R1","RACK1"
"JAK3","CDC42","RACK1"
"JAK3","PIK3CG","RACK1"
"JAK3","CLK2","RACK1"
"JAK3","YWHAE","RACK1"
"JAK3","SH2B3","RACK1"
"JAK3","PIK3C3","RACK1"
"JAK3","TIAM1","RACK1"
"JAK3","WAC","RACK1"
"JAK3","DCTN6","RACK1"
"JAK3","ACTN1","RACK1"
"JAK3","RGCC","RACK1"
"JAK3","CTNNB1","HMGA1"
"JAK3","CILK1","HMGA1"
"JAK3","PTEN","HMGA1"
"JAK3","MAPK8","HMGA1"
"JAK3","AKT1","HMGA1"
"JAK3","PLK1","HMGA1"
"JAK3","KRAS","HMGA1"
"JAK3","RAC1","HMGA1"
"JAK3","TGFBR1","HMGA1"
"JAK3","PPP1CA","HMGA1"
"JAK3","PDPK1","HMGA1"
"JAK3","MAP3K14","HMGA1"
"JAK3","STK3","HMGA1"
"JAK3","RAB1A","HMGA1"
"JAK3","PRKCZ","HMGA1"
"JAK3","TGFBR2","HMGA1"
"JAK3","PAK2","HMGA1"
"JAK3","MAPK13","HMGA1"
"JAK3","LEPR","HMGA1"
"JAK3","BTK","HMGA1"
"JAK3","SGK3","HMGA1"
"JAK3","SH2B1","HMGA1"
"JAK3","HSP90AB1","HMGA1"
"JAK3","SHOC2","HMGA1"
"JAK3","PTPN12","HMGA1"
"JAK3","PAK1","HMGA1"
"JAK3","ZAP70","HMGA1"
"JAK3","MAP2K4","HMGA1"
"JAK3","DUSP3","HMGA1"
"JAK3","MAPK11","HMGA1"
"JAK3","PRKCI","HMGA1"
"JAK3","PTPRA","HMGA1"
"JAK3","RHEB","HMGA1"
"JAK3","DAXX","HMGA1"
"JAK3","DUSP6","HMGA1"
"JAK3","PIK3R1","HMGA1"
"JAK3","CCNE1","HMGA1"
"JAK3","IRS2","HMGA1"
"JAK3","SH2B2","HMGA1"
"JAK3","MDM2","HMGA1"
"JAK3","YWHAE","HMGA1"
"JAK3","SH2B3","HMGA1"
"JAK3","RND1","HMGA1"
"JAK3","RGCC","HMGA1"
"JAK3","CTNNB1","ID2"
"JAK3","PTEN","ID2"
"JAK3","MTOR","ID2"
"JAK3","AKT1","ID2"
"JAK3","CSNK2A1","ID2"
"JAK3","PLK1","ID2"
"JAK3","RAC1","ID2"
"JAK3","RPS6KA1","ID2"
"JAK3","SGK1","ID2"
"JAK3","RAB1A","ID2"
"JAK3","TGFBR2","ID2"
"JAK3","AKT","ID2"
"JAK3","RACK1","ID2"
"JAK3","MAPK13","ID2"
"JAK3","PIK3CA","ID2"
"JAK3","LEPR","ID2"
"JAK3","AHSA1","ID2"
"JAK3","ROCK1","ID2"
"JAK3","RASSF1","ID2"
"JAK3","SGK3","ID2"
"JAK3","SH2B1","ID2"
"JAK3","HSP90AB1","ID2"
"JAK3","PTPN12","ID2"
"JAK3","PPP2R5C","ID2"
"JAK3","ZAP70","ID2"
"JAK3","DUSP1","ID2"
"JAK3","GIT1","ID2"
"JAK3","TRAF2","ID2"
"JAK3","MAP2K4","ID2"
"JAK3","NRAS","ID2"
"JAK3","AR","ID2"
"JAK3","MAPK11","ID2"
"JAK3","PARD6A","ID2"
"JAK3","PTPRA","ID2"
"JAK3","RHEB","ID2"
"JAK3","INPP5D","ID2"
"JAK3","PIK3R1","ID2"
"JAK3","IRS2","ID2"
"JAK3","PIK3CG","ID2"
"JAK3","SH2B2","ID2"
"JAK3","PPP2R5A","ID2"
"JAK3","MDM2","ID2"
"JAK3","PLCG1","ID2"
"JAK3","RUNX2","ID2"
"JAK3","SH2B3","ID2"
"JAK3","BANP","ID2"
"JAK3","ACTN1","ID2"
"JAK3","RGCC","ID2"
"JAK3","CHUK","SNX9"
"JAK3","CILK1","SNX9"
"JAK3","AKT1","SNX9"
"JAK3","PLK1","SNX9"
"JAK3","KRAS","SNX9"
"JAK3","RAC1","SNX9"
"JAK3","PTPRJ","SNX9"
"JAK3","TGFBR1","SNX9"
"JAK3","PPP1CA","SNX9"
"JAK3","IGF1R","SNX9"
"JAK3","PRKCB","SNX9"
"JAK3","PRKCZ","SNX9"
"JAK3","PAK2","SNX9"
"JAK3","AKT","SNX9"
"JAK3","RACK1","SNX9"
"JAK3","HRAS","SNX9"
"JAK3","MAPK13","SNX9"
"JAK3","PIK3CA","SNX9"
"JAK3","LEPR","SNX9"
"JAK3","RPS6KA3","SNX9"
"JAK3","RASSF1","SNX9"
"JAK3","BTK","SNX9"
"JAK3","SH2B1","SNX9"
"JAK3","HSP90AB1","SNX9"
"JAK3","SHOC2","SNX9"
"JAK3","PTPN12","SNX9"
"JAK3","PPP2R5C","SNX9"
"JAK3","TYK2","SNX9"
"JAK3","ZAP70","SNX9"
"JAK3","GIT1","SNX9"
"JAK3","MAP2K4","SNX9"
"JAK3","RAB7A","SNX9"
"JAK3","EPHA2","SNX9"
"JAK3","NRAS","SNX9"
"JAK3","AR","SNX9"
"JAK3","DUSP3","SNX9"
"JAK3","UNC5A","SNX9"
"JAK3","PRKCI","SNX9"
"JAK3","PARD6A","SNX9"
"JAK3","PTPRA","SNX9"
"JAK3","CCR2","SNX9"
"JAK3","PSTPIP1","SNX9"
"JAK3","PIK3R1","SNX9"
"JAK3","CCNE1","SNX9"
"JAK3","IRS2","SNX9"
"JAK3","SH2B2","SNX9"
"JAK3","PPP2R5A","SNX9"
"JAK3","CLK2","SNX9"
"JAK3","SPRY2","SNX9"
"JAK3","RUNX2","SNX9"
"JAK3","SH2B3","SNX9"
"JAK3","PIK3C3","SNX9"
"JAK3","TIAM1","SNX9"
"JAK3","WAC","SNX9"
"JAK3","BANP","SNX9"
"JAK3","ACTN1","SNX9"
"JAK3","RGCC","SNX9"
"JAK3","CILK1","MUC1"
"JAK3","PTEN","MUC1"
"JAK3","MAPK8","MUC1"
"JAK3","MTOR","MUC1"
"JAK3","AKT1","MUC1"
"JAK3","CSNK2A1","MUC1"
"JAK3","RAC1","MUC1"
"JAK3","PTPRJ","MUC1"
"JAK3","TGFBR1","MUC1"
"JAK3","PPP1CA","MUC1"
"JAK3","RPS6KA1","MUC1"
"JAK3","TGFBR2","MUC1"
"JAK3","PAK2","MUC1"
"JAK3","AKT","MUC1"
"JAK3","HRAS","MUC1"
"JAK3","PIK3CA","MUC1"
"JAK3","RPS6KA3","MUC1"
"JAK3","mTORC1","MUC1"
"JAK3","BTK","MUC1"
"JAK3","PTPN11","MUC1"
"JAK3","SGK3","MUC1"
"JAK3","HSP90AB1","MUC1"
"JAK3","SHOC2","MUC1"
"JAK3","PTPN12","MUC1"
"JAK3","ZAP70","MUC1"
"JAK3","GIT1","MUC1"
"JAK3","RAB7A","MUC1"
"JAK3","PRKCI","MUC1"
"JAK3","PARD6A","MUC1"
"JAK3","PTPRA","MUC1"
"JAK3","PSTPIP1","MUC1"
"JAK3","RHEB","MUC1"
"JAK3","DAXX","MUC1"
"JAK3","DUSP6","MUC1"
"JAK3","PIK3R1","MUC1"
"JAK3","IRS2","MUC1"
"JAK3","CDC42","MUC1"
"JAK3","SH2B2","MUC1"
"JAK3","PPP2R5A","MUC1"
"JAK3","CLK2","MUC1"
"JAK3","MDM2","MUC1"
"JAK3","YWHAE","MUC1"
"JAK3","SH2B3","MUC1"
"JAK3","TIAM1","MUC1"
"JAK3","WAC","MUC1"
"JAK3","BANP","MUC1"
"JAK3","DCTN6","MUC1"
"JAK3","RGCC","MUC1"
"JAK3","CHUK","PRKD1"
"JAK3","CTNNB1","PRKD1"
"JAK3","PTEN","PRKD1"
"JAK3","MTOR","PRKD1"
"JAK3","AKT1","PRKD1"
"JAK3","CSNK2A1","PRKD1"
"JAK3","KRAS","PRKD1"
"JAK3","RAC1","PRKD1"
"JAK3","MAP2K7","PRKD1"
"JAK3","TGFBR1","PRKD1"
"JAK3","MAP3K14","PRKD1"
"JAK3","RPS6KA1","PRKD1"
"JAK3","SGK1","PRKD1"
"JAK3","STK3","PRKD1"
"JAK3","PRKCZ","PRKD1"
"JAK3","TGFBR2","PRKD1"
"JAK3","AKT","PRKD1"
"JAK3","PIK3CA","PRKD1"
"JAK3","LEPR","PRKD1"
"JAK3","RPS6KA3","PRKD1"
"JAK3","ROCK1","PRKD1"
"JAK3","RASSF1","PRKD1"
"JAK3","SGK3","PRKD1"
"JAK3","HSP90AB1","PRKD1"
"JAK3","SHOC2","PRKD1"
"JAK3","PPP2R5C","PRKD1"
"JAK3","TYK2","PRKD1"
"JAK3","DUSP1","PRKD1"
"JAK3","GIT1","PRKD1"
"JAK3","NRAS","PRKD1"
"JAK3","AR","PRKD1"
"JAK3","MAPK11","PRKD1"
"JAK3","PTPRA","PRKD1"
"JAK3","PSTPIP1","PRKD1"
"JAK3","DUSP6","PRKD1"
"JAK3","INPP5D","PRKD1"
"JAK3","PIK3R1","PRKD1"
"JAK3","IRS2","PRKD1"
"JAK3","CDC42","PRKD1"
"JAK3","PIK3CG","PRKD1"
"JAK3","SH2B2","PRKD1"
"JAK3","PPP2R5A","PRKD1"
"JAK3","CLK2","PRKD1"
"JAK3","MDM2","PRKD1"
"JAK3","PLCG1","PRKD1"
"JAK3","ACTN1","PRKD1"
"JAK3","RGCC","PRKD1"
"JAK3","CTNNB1","IFNGR2/INFGR1"
"JAK3","CILK1","IFNGR2/INFGR1"
"JAK3","PTEN","IFNGR2/INFGR1"
"JAK3","MAPK8","IFNGR2/INFGR1"
"JAK3","MTOR","IFNGR2/INFGR1"
"JAK3","CSNK2A1","IFNGR2/INFGR1"
"JAK3","PLK1","IFNGR2/INFGR1"
"JAK3","KRAS","IFNGR2/INFGR1"
"JAK3","RAC1","IFNGR2/INFGR1"
"JAK3","MAP2K7","IFNGR2/INFGR1"
"JAK3","PTPRJ","IFNGR2/INFGR1"
"JAK3","PPP1CA","IFNGR2/INFGR1"
"JAK3","PDPK1","IFNGR2/INFGR1"
"JAK3","MAP3K14","IFNGR2/INFGR1"
"JAK3","RPS6KA1","IFNGR2/INFGR1"
"JAK3","IGF1R","IFNGR2/INFGR1"
"JAK3","PRKCB","IFNGR2/INFGR1"
"JAK3","STK3","IFNGR2/INFGR1"
"JAK3","RAB1A","IFNGR2/INFGR1"
"JAK3","PRKCZ","IFNGR2/INFGR1"
"JAK3","TGFBR2","IFNGR2/INFGR1"
"JAK3","RACK1","IFNGR2/INFGR1"
"JAK3","HRAS","IFNGR2/INFGR1"
"JAK3","PIK3CA","IFNGR2/INFGR1"
"JAK3","RPS6KA3","IFNGR2/INFGR1"
"JAK3","mTORC1","IFNGR2/INFGR1"
"JAK3","AHSA1","IFNGR2/INFGR1"
"JAK3","ROCK1","IFNGR2/INFGR1"
"JAK3","RASSF1","IFNGR2/INFGR1"
"JAK3","BTK","IFNGR2/INFGR1"
"JAK3","PTPN11","IFNGR2/INFGR1"
"JAK3","SHOC2","IFNGR2/INFGR1"
"JAK3","PPP2R5C","IFNGR2/INFGR1"
"JAK3","DUSP1","IFNGR2/INFGR1"
"JAK3","GIT1","IFNGR2/INFGR1"
"JAK3","TRAF2","IFNGR2/INFGR1"
"JAK3","MAP2K4","IFNGR2/INFGR1"
"JAK3","EPHA2","IFNGR2/INFGR1"
"JAK3","MAPK11","IFNGR2/INFGR1"
"JAK3","UNC5A","IFNGR2/INFGR1"
"JAK3","PRKCI","IFNGR2/INFGR1"
"JAK3","PARD6A","IFNGR2/INFGR1"
"JAK3","PTPRA","IFNGR2/INFGR1"
"JAK3","CCR2","IFNGR2/INFGR1"
"JAK3","PSTPIP1","IFNGR2/INFGR1"
"JAK3","RHEB","IFNGR2/INFGR1"
"JAK3","IRS2","IFNGR2/INFGR1"
"JAK3","CDC42","IFNGR2/INFGR1"
"JAK3","SH2B2","IFNGR2/INFGR1"
"JAK3","PPP2R5A","IFNGR2/INFGR1"
"JAK3","CLK2","IFNGR2/INFGR1"
"JAK3","MDM2","IFNGR2/INFGR1"
"JAK3","YWHAE","IFNGR2/INFGR1"
"JAK3","PLCG1","IFNGR2/INFGR1"
"JAK3","RUNX2","IFNGR2/INFGR1"
"JAK3","SH2B3","IFNGR2/INFGR1"
"JAK3","PIK3C3","IFNGR2/INFGR1"
"JAK3","RND1","IFNGR2/INFGR1"
"JAK3","TIAM1","IFNGR2/INFGR1"
"JAK3","DCTN6","IFNGR2/INFGR1"
"JAK3","RGCC","IFNGR2/INFGR1"
"JAK3","CHUK","GNAQ"
"JAK3","CTNNB1","GNAQ"
"JAK3","CILK1","GNAQ"
"JAK3","MTOR","GNAQ"
"JAK3","CSNK2A1","GNAQ"
"JAK3","PLK1","GNAQ"
"JAK3","KRAS","GNAQ"
"JAK3","PTPRJ","GNAQ"
"JAK3","TGFBR1","GNAQ"
"JAK3","PPP1CA","GNAQ"
"JAK3","PDPK1","GNAQ"
"JAK3","SGK1","GNAQ"
"JAK3","PRKCB","GNAQ"
"JAK3","RAB1A","GNAQ"
"JAK3","PRKCZ","GNAQ"
"JAK3","TGFBR2","GNAQ"
"JAK3","AKT","GNAQ"
"JAK3","MAPK13","GNAQ"
"JAK3","LEPR","GNAQ"
"JAK3","RPS6KA3","GNAQ"
"JAK3","AHSA1","GNAQ"
"JAK3","ROCK1","GNAQ"
"JAK3","SH2B1","GNAQ"
"JAK3","SHOC2","GNAQ"
"JAK3","PTPN12","GNAQ"
"JAK3","TYK2","GNAQ"
"JAK3","ZAP70","GNAQ"
"JAK3","DUSP1","GNAQ"
"JAK3","GIT1","GNAQ"
"JAK3","RAB7A","GNAQ"
"JAK3","EPHA2","GNAQ"
"JAK3","NRAS","GNAQ"
"JAK3","AR","GNAQ"
"JAK3","DUSP3","GNAQ"
"JAK3","MAPK11","GNAQ"
"JAK3","UNC5A","GNAQ"
"JAK3","PARD6A","GNAQ"
"JAK3","PTPRA","GNAQ"
"JAK3","PIK3R1","GNAQ"
"JAK3","CCNE1","GNAQ"
"JAK3","IRS2","GNAQ"
"JAK3","PIK3CG","GNAQ"
"JAK3","PPP2R5A","GNAQ"
"JAK3","CLK2","GNAQ"
"JAK3","MDM2","GNAQ"
"JAK3","YWHAE","GNAQ"
"JAK3","PLCG1","GNAQ"
"JAK3","SPRY2","GNAQ"
"JAK3","RUNX2","GNAQ"
"JAK3","SH2B3","GNAQ"
"JAK3","PIK3C3","GNAQ"
"JAK3","RND1","GNAQ"
"JAK3","TIAM1","GNAQ"
"JAK3","WAC","GNAQ"
"JAK3","BANP","GNAQ"
"JAK3","CTNNB1","NOD2"
"JAK3","CILK1","NOD2"
"JAK3","PTEN","NOD2"
"JAK3","MAPK8","NOD2"
"JAK3","MTOR","NOD2"
"JAK3","AKT1","NOD2"
"JAK3","CSNK2A1","NOD2"
"JAK3","KRAS","NOD2"
"JAK3","MAP2K7","NOD2"
"JAK3","PTPRJ","NOD2"
"JAK3","PPP1CA","NOD2"
"JAK3","PDPK1","NOD2"
"JAK3","MAP3K14","NOD2"
"JAK3","SGK1","NOD2"
"JAK3","PRKCB","NOD2"
"JAK3","RAB1A","NOD2"
"JAK3","TGFBR2","NOD2"
"JAK3","AKT","NOD2"
"JAK3","HRAS","NOD2"
"JAK3","MAPK13","NOD2"
"JAK3","mTORC1","NOD2"
"JAK3","AHSA1","NOD2"
"JAK3","SGK3","NOD2"
"JAK3","ZAP70","NOD2"
"JAK3","DUSP1","NOD2"
"JAK3","MAP2K4","NOD2"
"JAK3","EPHA2","NOD2"
"JAK3","AR","NOD2"
"JAK3","DUSP3","NOD2"
"JAK3","MAPK11","NOD2"
"JAK3","PARD6A","NOD2"
"JAK3","PTPRA","NOD2"
"JAK3","CCR2","NOD2"
"JAK3","PSTPIP1","NOD2"
"JAK3","RHEB","NOD2"
"JAK3","DAXX","NOD2"
"JAK3","INPP5D","NOD2"
"JAK3","CCNE1","NOD2"
"JAK3","IRS2","NOD2"
"JAK3","CLK2","NOD2"
"JAK3","MDM2","NOD2"
"JAK3","YWHAE","NOD2"
"JAK3","SPRY2","NOD2"
"JAK3","RUNX2","NOD2"
"JAK3","PIK3C3","NOD2"
"JAK3","RND1","NOD2"
"JAK3","TIAM1","NOD2"
"JAK3","WAC","NOD2"
"JAK3","BANP","NOD2"
"JAK3","DCTN6","NOD2"
"JAK3","CHUK","HRAS"
"JAK3","CILK1","HRAS"
"JAK3","MTOR","HRAS"
"JAK3","AKT1","HRAS"
"JAK3","CSNK2A1","HRAS"
"JAK3","RAC1","HRAS"
"JAK3","MAP2K7","HRAS"
"JAK3","PTPRJ","HRAS"
"JAK3","PDPK1","HRAS"
"JAK3","SGK1","HRAS"
"JAK3","IGF1R","HRAS"
"JAK3","STK3","HRAS"
"JAK3","RAB1A","HRAS"
"JAK3","PRKCZ","HRAS"
"JAK3","TGFBR2","HRAS"
"JAK3","PAK2","HRAS"
"JAK3","AKT","HRAS"
"JAK3","MAPK13","HRAS"
"JAK3","PIK3CA","HRAS"
"JAK3","AHSA1","HRAS"
"JAK3","SGK3","HRAS"
"JAK3","SH2B1","HRAS"
"JAK3","PPP2R5C","HRAS"
"JAK3","PAK1","HRAS"
"JAK3","TYK2","HRAS"
"JAK3","ZAP70","HRAS"
"JAK3","GIT1","HRAS"
"JAK3","TRAF2","HRAS"
"JAK3","MAP2K4","HRAS"
"JAK3","AR","HRAS"
"JAK3","MAPK11","HRAS"
"JAK3","PRKCI","HRAS"
"JAK3","CCR2","HRAS"
"JAK3","PSTPIP1","HRAS"
"JAK3","RHEB","HRAS"
"JAK3","DAXX","HRAS"
"JAK3","DUSP6","HRAS"
"JAK3","INPP5D","HRAS"
"JAK3","PIK3R1","HRAS"
"JAK3","PIK3CG","HRAS"
"JAK3","SH2B2","HRAS"
"JAK3","PPP2R5A","HRAS"
"JAK3","CLK2","HRAS"
"JAK3","MDM2","HRAS"
"JAK3","YWHAE","HRAS"
"JAK3","SH2B3","HRAS"
"JAK3","RND1","HRAS"
"JAK3","TIAM1","HRAS"
"JAK3","DCTN6","HRAS"
"JAK3","RGCC","HRAS"
"JAK3","CILK1","MAPK13"
"JAK3","PTEN","MAPK13"
"JAK3","AKT1","MAPK13"
"JAK3","TGFBR1","MAPK13"
"JAK3","PPP1CA","MAPK13"
"JAK3","PDPK1","MAPK13"
"JAK3","MAP3K14","MAPK13"
"JAK3","SGK1","MAPK13"
"JAK3","PRKCB","MAPK13"
"JAK3","STK3","MAPK13"
"JAK3","RAB1A","MAPK13"
"JAK3","PRKCZ","MAPK13"
"JAK3","HRAS","MAPK13"
"JAK3","PIK3CA","MAPK13"
"JAK3","mTORC1","MAPK13"
"JAK3","AHSA1","MAPK13"
"JAK3","ROCK1","MAPK13"
"JAK3","RASSF1","MAPK13"
"JAK3","BTK","MAPK13"
"JAK3","HSP90AB1","MAPK13"
"JAK3","PPP2R5C","MAPK13"
"JAK3","DUSP1","MAPK13"
"JAK3","RAB7A","MAPK13"
"JAK3","MAPK11","MAPK13"
"JAK3","UNC5A","MAPK13"
"JAK3","PRKCI","MAPK13"
"JAK3","PARD6A","MAPK13"
"JAK3","PTPRA","MAPK13"
"JAK3","CCR2","MAPK13"
"JAK3","PSTPIP1","MAPK13"
"JAK3","RHEB","MAPK13"
"JAK3","DAXX","MAPK13"
"JAK3","DUSP6","MAPK13"
"JAK3","INPP5D","MAPK13"
"JAK3","IRS2","MAPK13"
"JAK3","CDC42","MAPK13"
"JAK3","CLK2","MAPK13"
"JAK3","MDM2","MAPK13"
"JAK3","YWHAE","MAPK13"
"JAK3","PLCG1","MAPK13"
"JAK3","RUNX2","MAPK13"
"JAK3","TIAM1","MAPK13"
"JAK3","WAC","MAPK13"
"JAK3","DCTN6","MAPK13"
"JAK3","ACTN1","MAPK13"
"JAK3","CILK1","IRS1"
"JAK3","AKT1","IRS1"
"JAK3","KRAS","IRS1"
"JAK3","MAP2K7","IRS1"
"JAK3","MAP3K14","IRS1"
"JAK3","SGK1","IRS1"
"JAK3","PRKCB","IRS1"
"JAK3","RAB1A","IRS1"
"JAK3","PRKCZ","IRS1"
"JAK3","TGFBR2","IRS1"
"JAK3","PAK2","IRS1"
"JAK3","RACK1","IRS1"
"JAK3","AHSA1","IRS1"
"JAK3","ROCK1","IRS1"
"JAK3","HSP90AB1","IRS1"
"JAK3","PTPN12","IRS1"
"JAK3","TYK2","IRS1"
"JAK3","ZAP70","IRS1"
"JAK3","DUSP1","IRS1"
"JAK3","TRAF2","IRS1"
"JAK3","MAP2K4","IRS1"
"JAK3","RAB7A","IRS1"
"JAK3","AR","IRS1"
"JAK3","DUSP3","IRS1"
"JAK3","MAPK11","IRS1"
"JAK3","PRKCI","IRS1"
"JAK3","PARD6A","IRS1"
"JAK3","PTPRA","IRS1"
"JAK3","CCR2","IRS1"
"JAK3","PSTPIP1","IRS1"
"JAK3","RHEB","IRS1"
"JAK3","DAXX","IRS1"
"JAK3","INPP5D","IRS1"
"JAK3","SH2B2","IRS1"
"JAK3","PPP2R5A","IRS1"
"JAK3","MDM2","IRS1"
"JAK3","TIAM1","IRS1"
"JAK3","WAC","IRS1"
"JAK3","ACTN1","IRS1"
"JAK3","RGCC","IRS1"
"JAK3","CILK1","PIK3CA"
"JAK3","MAPK8","PIK3CA"
"JAK3","MTOR","PIK3CA"
"JAK3","AKT1","PIK3CA"
"JAK3","CSNK2A1","PIK3CA"
"JAK3","KRAS","PIK3CA"
"JAK3","MAP2K7","PIK3CA"
"JAK3","PTPRJ","PIK3CA"
"JAK3","TGFBR1","PIK3CA"
"JAK3","PPP1CA","PIK3CA"
"JAK3","MAP3K14","PIK3CA"
"JAK3","RPS6KA1","PIK3CA"
"JAK3","SGK1","PIK3CA"
"JAK3","STK3","PIK3CA"
"JAK3","TGFBR2","PIK3CA"
"JAK3","PAK2","PIK3CA"
"JAK3","AKT","PIK3CA"
"JAK3","RACK1","PIK3CA"
"JAK3","HRAS","PIK3CA"
"JAK3","MAPK13","PIK3CA"
"JAK3","AHSA1","PIK3CA"
"JAK3","ROCK1","PIK3CA"
"JAK3","RASSF1","PIK3CA"
"JAK3","HSP90AB1","PIK3CA"
"JAK3","PTPN12","PIK3CA"
"JAK3","DUSP1","PIK3CA"
"JAK3","GIT1","PIK3CA"
"JAK3","TRAF2","PIK3CA"
"JAK3","MAP2K4","PIK3CA"
"JAK3","RAB7A","PIK3CA"
"JAK3","AR","PIK3CA"
"JAK3","MAPK11","PIK3CA"
"JAK3","PRKCI","PIK3CA"
"JAK3","PARD6A","PIK3CA"
"JAK3","CCR2","PIK3CA"
"JAK3","PSTPIP1","PIK3CA"
"JAK3","RHEB","PIK3CA"
"JAK3","DAXX","PIK3CA"
"JAK3","PIK3R1","PIK3CA"
"JAK3","CCNE1","PIK3CA"
"JAK3","IRS2","PIK3CA"
"JAK3","CDC42","PIK3CA"
"JAK3","PIK3CG","PIK3CA"
"JAK3","PPP2R5A","PIK3CA"
"JAK3","CLK2","PIK3CA"
"JAK3","MDM2","PIK3CA"
"JAK3","PLCG1","PIK3CA"
"JAK3","SPRY2","PIK3CA"
"JAK3","RUNX2","PIK3CA"
"JAK3","SH2B3","PIK3CA"
"JAK3","RND1","PIK3CA"
"JAK3","TIAM1","PIK3CA"
"JAK3","WAC","PIK3CA"
"JAK3","BANP","PIK3CA"
"JAK3","DCTN6","PIK3CA"
"JAK3","ACTN1","PIK3CA"
"JAK3","RGCC","PIK3CA"
"JAK3","CHUK","GATA3"
"JAK3","CTNNB1","GATA3"
"JAK3","PTEN","GATA3"
"JAK3","MAPK8","GATA3"
"JAK3","MTOR","GATA3"
"JAK3","AKT1","GATA3"
"JAK3","RAC1","GATA3"
"JAK3","PTPRJ","GATA3"
"JAK3","TGFBR1","GATA3"
"JAK3","PPP1CA","GATA3"
"JAK3","PDPK1","GATA3"
"JAK3","MAP3K14","GATA3"
"JAK3","RPS6KA1","GATA3"
"JAK3","SGK1","GATA3"
"JAK3","IGF1R","GATA3"
"JAK3","PRKCB","GATA3"
"JAK3","RAB1A","GATA3"
"JAK3","TGFBR2","GATA3"
"JAK3","PAK2","GATA3"
"JAK3","AKT","GATA3"
"JAK3","HRAS","GATA3"
"JAK3","PIK3CA","GATA3"
"JAK3","RPS6KA3","GATA3"
"JAK3","AHSA1","GATA3"
"JAK3","ROCK1","GATA3"
"JAK3","RASSF1","GATA3"
"JAK3","BTK","GATA3"
"JAK3","SGK3","GATA3"
"JAK3","PTPN12","GATA3"
"JAK3","TYK2","GATA3"
"JAK3","ZAP70","GATA3"
"JAK3","RAB7A","GATA3"
"JAK3","NRAS","GATA3"
"JAK3","AR","GATA3"
"JAK3","PRKCI","GATA3"
"JAK3","PARD6A","GATA3"
"JAK3","RHEB","GATA3"
"JAK3","DUSP6","GATA3"
"JAK3","PIK3R1","GATA3"
"JAK3","SPRY2","GATA3"
"JAK3","SH2B3","GATA3"
"JAK3","WAC","GATA3"
"JAK3","CHUK","PRKCE"
"JAK3","CILK1","PRKCE"
"JAK3","PTEN","PRKCE"
"JAK3","MAPK8","PRKCE"
"JAK3","MTOR","PRKCE"
"JAK3","CSNK2A1","PRKCE"
"JAK3","KRAS","PRKCE"
"JAK3","MAP3K14","PRKCE"
"JAK3","RPS6KA1","PRKCE"
"JAK3","IGF1R","PRKCE"
"JAK3","TGFBR2","PRKCE"
"JAK3","RACK1","PRKCE"
"JAK3","RPS6KA3","PRKCE"
"JAK3","AHSA1","PRKCE"
"JAK3","RASSF1","PRKCE"
"JAK3","BTK","PRKCE"
"JAK3","SGK3","PRKCE"
"JAK3","PTPN12","PRKCE"
"JAK3","TYK2","PRKCE"
"JAK3","ZAP70","PRKCE"
"JAK3","DUSP1","PRKCE"
"JAK3","GIT1","PRKCE"
"JAK3","MAP2K4","PRKCE"
"JAK3","RAB7A","PRKCE"
"JAK3","EPHA2","PRKCE"
"JAK3","MAPK11","PRKCE"
"JAK3","PRKCI","PRKCE"
"JAK3","PARD6A","PRKCE"
"JAK3","PSTPIP1","PRKCE"
"JAK3","DAXX","PRKCE"
"JAK3","PIK3R1","PRKCE"
"JAK3","CCNE1","PRKCE"
"JAK3","PIK3CG","PRKCE"
"JAK3","SPRY2","PRKCE"
"JAK3","RUNX2","PRKCE"
"JAK3","SH2B3","PRKCE"
"JAK3","BANP","PRKCE"
"JAK3","DCTN6","PRKCE"
"JAK3","ACTN1","PRKCE"
"JAK3","RGCC","PRKCE"
"JAK3","PTEN","ABL2"
"JAK3","MAPK8","ABL2"
"JAK3","CSNK2A1","ABL2"
"JAK3","PLK1","ABL2"
"JAK3","KRAS","ABL2"
"JAK3","PPP1CA","ABL2"
"JAK3","PDPK1","ABL2"
"JAK3","MAP3K14","ABL2"
"JAK3","STK3","ABL2"
"JAK3","PAK2","ABL2"
"JAK3","RACK1","ABL2"
"JAK3","PIK3CA","ABL2"
"JAK3","LEPR","ABL2"
"JAK3","RPS6KA3","ABL2"
"JAK3","mTORC1","ABL2"
"JAK3","AHSA1","ABL2"
"JAK3","ROCK1","ABL2"
"JAK3","RASSF1","ABL2"
"JAK3","BTK","ABL2"
"JAK3","SGK3","ABL2"
"JAK3","SH2B1","ABL2"
"JAK3","PTPN12","ABL2"
"JAK3","PPP2R5C","ABL2"
"JAK3","PAK1","ABL2"
"JAK3","TYK2","ABL2"
"JAK3","DUSP1","ABL2"
"JAK3","GIT1","ABL2"
"JAK3","MAP2K4","ABL2"
"JAK3","EPHA2","ABL2"
"JAK3","NRAS","ABL2"
"JAK3","DUSP3","ABL2"
"JAK3","MAPK11","ABL2"
"JAK3","UNC5A","ABL2"
"JAK3","PTPRA","ABL2"
"JAK3","CCR2","ABL2"
"JAK3","PSTPIP1","ABL2"
"JAK3","RHEB","ABL2"
"JAK3","DAXX","ABL2"
"JAK3","DUSP6","ABL2"
"JAK3","PIK3R1","ABL2"
"JAK3","IRS2","ABL2"
"JAK3","SH2B2","ABL2"
"JAK3","PPP2R5A","ABL2"
"JAK3","CLK2","ABL2"
"JAK3","MDM2","ABL2"
"JAK3","YWHAE","ABL2"
"JAK3","RUNX2","ABL2"
"JAK3","SH2B3","ABL2"
"JAK3","RND1","ABL2"
"JAK3","WAC","ABL2"
"JAK3","DUSP3","FBXW7"
"JAK3","CHUK","LEPR"
"JAK3","PTEN","LEPR"
"JAK3","MTOR","LEPR"
"JAK3","AKT1","LEPR"
"JAK3","CSNK2A1","LEPR"
"JAK3","PLK1","LEPR"
"JAK3","KRAS","LEPR"
"JAK3","MAP2K7","LEPR"
"JAK3","PTPRJ","LEPR"
"JAK3","TGFBR1","LEPR"
"JAK3","PPP1CA","LEPR"
"JAK3","MAP3K14","LEPR"
"JAK3","STK3","LEPR"
"JAK3","PRKCZ","LEPR"
"JAK3","PAK2","LEPR"
"JAK3","PIK3CA","LEPR"
"JAK3","ROCK1","LEPR"
"JAK3","BTK","LEPR"
"JAK3","SHOC2","LEPR"
"JAK3","TYK2","LEPR"
"JAK3","MAP2K4","LEPR"
"JAK3","MAPK11","LEPR"
"JAK3","DAXX","LEPR"
"JAK3","DUSP6","LEPR"
"JAK3","INPP5D","LEPR"
"JAK3","PIK3R1","LEPR"
"JAK3","PIK3CG","LEPR"
"JAK3","SH2B2","LEPR"
"JAK3","PLCG1","LEPR"
"JAK3","SPRY2","LEPR"
"JAK3","RUNX2","LEPR"
"JAK3","SH2B3","LEPR"
"JAK3","RND1","LEPR"
"JAK3","WAC","LEPR"
"JAK3","BANP","LEPR"
"JAK3","RGCC","LEPR"
"JAK3","PTPN11","ITK"
"JAK3","CSNK2A1","RPS6KA3"
"JAK3","PTPRJ","RPS6KA3"
"JAK3","TGFBR1","RPS6KA3"
"JAK3","MAP3K14","RPS6KA3"
"JAK3","RPS6KA1","RPS6KA3"
"JAK3","SGK1","RPS6KA3"
"JAK3","RAB1A","RPS6KA3"
"JAK3","PRKCZ","RPS6KA3"
"JAK3","HRAS","RPS6KA3"
"JAK3","PIK3CA","RPS6KA3"
"JAK3","RASSF1","RPS6KA3"
"JAK3","SGK3","RPS6KA3"
"JAK3","SH2B1","RPS6KA3"
"JAK3","HSP90AB1","RPS6KA3"
"JAK3","PTPN12","RPS6KA3"
"JAK3","PPP2R5C","RPS6KA3"
"JAK3","PAK1","RPS6KA3"
"JAK3","TYK2","RPS6KA3"
"JAK3","ZAP70","RPS6KA3"
"JAK3","DUSP1","RPS6KA3"
"JAK3","GIT1","RPS6KA3"
"JAK3","MAP2K4","RPS6KA3"
"JAK3","EPHA2","RPS6KA3"
"JAK3","NRAS","RPS6KA3"
"JAK3","AR","RPS6KA3"
"JAK3","MAPK11","RPS6KA3"
"JAK3","PARD6A","RPS6KA3"
"JAK3","PTPRA","RPS6KA3"
"JAK3","CCR2","RPS6KA3"
"JAK3","PSTPIP1","RPS6KA3"
"JAK3","RHEB","RPS6KA3"
"JAK3","CCNE1","RPS6KA3"
"JAK3","PIK3CG","RPS6KA3"
"JAK3","SH2B2","RPS6KA3"
"JAK3","PPP2R5A","RPS6KA3"
"JAK3","CLK2","RPS6KA3"
"JAK3","MDM2","RPS6KA3"
"JAK3","PLCG1","RPS6KA3"
"JAK3","SPRY2","RPS6KA3"
"JAK3","RUNX2","RPS6KA3"
"JAK3","SH2B3","RPS6KA3"
"JAK3","PIK3C3","RPS6KA3"
"JAK3","RND1","RPS6KA3"
"JAK3","TIAM1","RPS6KA3"
"JAK3","WAC","RPS6KA3"
"JAK3","BANP","RPS6KA3"
"JAK3","DCTN6","RPS6KA3"
"JAK3","ACTN1","RPS6KA3"
"JAK3","RGCC","RPS6KA3"
"JAK3","CTNNB1","CDC7"
"JAK3","CILK1","CDC7"
"JAK3","MTOR","CDC7"
"JAK3","AKT1","CDC7"
"JAK3","CSNK2A1","CDC7"
"JAK3","KRAS","CDC7"
"JAK3","RAC1","CDC7"
"JAK3","MAP2K7","CDC7"
"JAK3","TGFBR1","CDC7"
"JAK3","MAP3K14","CDC7"
"JAK3","RPS6KA1","CDC7"
"JAK3","SGK1","CDC7"
"JAK3","IGF1R","CDC7"
"JAK3","PRKCB","CDC7"
"JAK3","PRKCZ","CDC7"
"JAK3","TGFBR2","CDC7"
"JAK3","HRAS","CDC7"
"JAK3","MAPK13","CDC7"
"JAK3","LEPR","CDC7"
"JAK3","mTORC1","CDC7"
"JAK3","RASSF1","CDC7"
"JAK3","SH2B1","CDC7"
"JAK3","PTPN12","CDC7"
"JAK3","PAK1","CDC7"
"JAK3","TYK2","CDC7"
"JAK3","GIT1","CDC7"
"JAK3","RAB7A","CDC7"
"JAK3","EPHA2","CDC7"
"JAK3","DUSP3","CDC7"
"JAK3","MAPK11","CDC7"
"JAK3","CCR2","CDC7"
"JAK3","PSTPIP1","CDC7"
"JAK3","RHEB","CDC7"
"JAK3","DUSP6","CDC7"
"JAK3","CCNE1","CDC7"
"JAK3","IRS2","CDC7"
"JAK3","CDC42","CDC7"
"JAK3","PIK3CG","CDC7"
"JAK3","CLK2","CDC7"
"JAK3","MDM2","CDC7"
"JAK3","YWHAE","CDC7"
"JAK3","RUNX2","CDC7"
"JAK3","PIK3C3","CDC7"
"JAK3","WAC","CDC7"
"JAK3","BANP","CDC7"
"JAK3","CTNNB1","mTORC1"
"JAK3","PTEN","mTORC1"
"JAK3","MAPK8","mTORC1"
"JAK3","MTOR","mTORC1"
"JAK3","AKT1","mTORC1"
"JAK3","KRAS","mTORC1"
"JAK3","MAP2K7","mTORC1"
"JAK3","PPP1CA","mTORC1"
"JAK3","RPS6KA1","mTORC1"
"JAK3","IGF1R","mTORC1"
"JAK3","TGFBR2","mTORC1"
"JAK3","RACK1","mTORC1"
"JAK3","MAPK13","mTORC1"
"JAK3","BTK","mTORC1"
"JAK3","SH2B1","mTORC1"
"JAK3","PTPN12","mTORC1"
"JAK3","PAK1","mTORC1"
"JAK3","TRAF2","mTORC1"
"JAK3","RAB7A","mTORC1"
"JAK3","EPHA2","mTORC1"
"JAK3","AR","mTORC1"
"JAK3","PRKCI","mTORC1"
"JAK3","PSTPIP1","mTORC1"
"JAK3","RHEB","mTORC1"
"JAK3","DUSP6","mTORC1"
"JAK3","PIK3CG","mTORC1"
"JAK3","YWHAE","mTORC1"
"JAK3","PLCG1","mTORC1"
"JAK3","SPRY2","mTORC1"
"JAK3","RUNX2","mTORC1"
"JAK3","SH2B3","mTORC1"
"JAK3","PTEN","AHSA1"
"JAK3","KRAS","AHSA1"
"JAK3","RAC1","AHSA1"
"JAK3","RPS6KA1","AHSA1"
"JAK3","SGK1","AHSA1"
"JAK3","IGF1R","AHSA1"
"JAK3","PRKCB","AHSA1"
"JAK3","STK3","AHSA1"
"JAK3","TGFBR2","AHSA1"
"JAK3","PAK2","AHSA1"
"JAK3","RACK1","AHSA1"
"JAK3","HRAS","AHSA1"
"JAK3","MAPK13","AHSA1"
"JAK3","PIK3CA","AHSA1"
"JAK3","RPS6KA3","AHSA1"
"JAK3","mTORC1","AHSA1"
"JAK3","ROCK1","AHSA1"
"JAK3","SGK3","AHSA1"
"JAK3","SH2B1","AHSA1"
"JAK3","TRAF2","AHSA1"
"JAK3","MAP2K4","AHSA1"
"JAK3","RAB7A","AHSA1"
"JAK3","NRAS","AHSA1"
"JAK3","AR","AHSA1"
"JAK3","MAPK11","AHSA1"
"JAK3","CCR2","AHSA1"
"JAK3","PSTPIP1","AHSA1"
"JAK3","RHEB","AHSA1"
"JAK3","DUSP6","AHSA1"
"JAK3","CCNE1","AHSA1"
"JAK3","IRS2","AHSA1"
"JAK3","PPP2R5A","AHSA1"
"JAK3","MDM2","AHSA1"
"JAK3","SH2B3","AHSA1"
"JAK3","RND1","AHSA1"
"JAK3","TIAM1","AHSA1"
"JAK3","CHUK","ROCK1"
"JAK3","CTNNB1","ROCK1"
"JAK3","CILK1","ROCK1"
"JAK3","PTEN","ROCK1"
"JAK3","MTOR","ROCK1"
"JAK3","CSNK2A1","ROCK1"
"JAK3","PLK1","ROCK1"
"JAK3","KRAS","ROCK1"
"JAK3","MAP2K7","ROCK1"
"JAK3","PTPRJ","ROCK1"
"JAK3","TGFBR1","ROCK1"
"JAK3","PPP1CA","ROCK1"
"JAK3","RPS6KA1","ROCK1"
"JAK3","IGF1R","ROCK1"
"JAK3","PRKCB","ROCK1"
"JAK3","RAB1A","ROCK1"
"JAK3","PRKCZ","ROCK1"
"JAK3","TGFBR2","ROCK1"
"JAK3","RACK1","ROCK1"
"JAK3","HRAS","ROCK1"
"JAK3","PIK3CA","ROCK1"
"JAK3","RPS6KA3","ROCK1"
"JAK3","mTORC1","ROCK1"
"JAK3","AHSA1","ROCK1"
"JAK3","BTK","ROCK1"
"JAK3","SGK3","ROCK1"
"JAK3","PTPN12","ROCK1"
"JAK3","PPP2R5C","ROCK1"
"JAK3","DUSP1","ROCK1"
"JAK3","NRAS","ROCK1"
"JAK3","AR","ROCK1"
"JAK3","DUSP3","ROCK1"
"JAK3","PRKCI","ROCK1"
"JAK3","PTPRA","ROCK1"
"JAK3","PSTPIP1","ROCK1"
"JAK3","RHEB","ROCK1"
"JAK3","DAXX","ROCK1"
"JAK3","DUSP6","ROCK1"
"JAK3","PIK3R1","ROCK1"
"JAK3","CCNE1","ROCK1"
"JAK3","IRS2","ROCK1"
"JAK3","CDC42","ROCK1"
"JAK3","PIK3CG","ROCK1"
"JAK3","SH2B2","ROCK1"
"JAK3","CLK2","ROCK1"
"JAK3","YWHAE","ROCK1"
"JAK3","PLCG1","ROCK1"
"JAK3","RUNX2","ROCK1"
"JAK3","PIK3C3","ROCK1"
"JAK3","RND1","ROCK1"
"JAK3","TIAM1","ROCK1"
"JAK3","WAC","ROCK1"
"JAK3","DCTN6","ROCK1"
"JAK3","ACTN1","ROCK1"
"JAK3","RGCC","ROCK1"
"JAK3","CHUK","DLX5"
"JAK3","CTNNB1","DLX5"
"JAK3","CILK1","DLX5"
"JAK3","PTEN","DLX5"
"JAK3","MAPK8","DLX5"
"JAK3","MTOR","DLX5"
"JAK3","CSNK2A1","DLX5"
"JAK3","PLK1","DLX5"
"JAK3","KRAS","DLX5"
"JAK3","MAP2K7","DLX5"
"JAK3","TGFBR1","DLX5"
"JAK3","PPP1CA","DLX5"
"JAK3","PDPK1","DLX5"
"JAK3","MAP3K14","DLX5"
"JAK3","RPS6KA1","DLX5"
"JAK3","SGK1","DLX5"
"JAK3","STK3","DLX5"
"JAK3","RAB1A","DLX5"
"JAK3","PRKCZ","DLX5"
"JAK3","TGFBR2","DLX5"
"JAK3","AKT","DLX5"
"JAK3","HRAS","DLX5"
"JAK3","PIK3CA","DLX5"
"JAK3","LEPR","DLX5"
"JAK3","RPS6KA3","DLX5"
"JAK3","mTORC1","DLX5"
"JAK3","AHSA1","DLX5"
"JAK3","ROCK1","DLX5"
"JAK3","RASSF1","DLX5"
"JAK3","SGK3","DLX5"
"JAK3","SHOC2","DLX5"
"JAK3","PTPN12","DLX5"
"JAK3","TYK2","DLX5"
"JAK3","ZAP70","DLX5"
"JAK3","DUSP1","DLX5"
"JAK3","TRAF2","DLX5"
"JAK3","EPHA2","DLX5"
"JAK3","NRAS","DLX5"
"JAK3","DUSP3","DLX5"
"JAK3","PARD6A","DLX5"
"JAK3","PTPRA","DLX5"
"JAK3","RHEB","DLX5"
"JAK3","DAXX","DLX5"
"JAK3","DUSP6","DLX5"
"JAK3","INPP5D","DLX5"
"JAK3","PIK3R1","DLX5"
"JAK3","CCNE1","DLX5"
"JAK3","IRS2","DLX5"
"JAK3","PPP2R5A","DLX5"
"JAK3","CLK2","DLX5"
"JAK3","MDM2","DLX5"
"JAK3","YWHAE","DLX5"
"JAK3","SPRY2","DLX5"
"JAK3","RUNX2","DLX5"
"JAK3","PIK3C3","DLX5"
"JAK3","ACTN1","DLX5"
"JAK3","RGCC","DLX5"
"JAK3","CHUK","RASSF1"
"JAK3","PTEN","RASSF1"
"JAK3","MAPK8","RASSF1"
"JAK3","AKT1","RASSF1"
"JAK3","CSNK2A1","RASSF1"
"JAK3","PLK1","RASSF1"
"JAK3","TGFBR1","RASSF1"
"JAK3","PPP1CA","RASSF1"
"JAK3","MAP3K14","RASSF1"
"JAK3","SGK1","RASSF1"
"JAK3","RAB1A","RASSF1"
"JAK3","PIK3CA","RASSF1"
"JAK3","LEPR","RASSF1"
"JAK3","mTORC1","RASSF1"
"JAK3","SGK3","RASSF1"
"JAK3","SH2B1","RASSF1"
"JAK3","HSP90AB1","RASSF1"
"JAK3","PTPN12","RASSF1"
"JAK3","TYK2","RASSF1"
"JAK3","GIT1","RASSF1"
"JAK3","TRAF2","RASSF1"
"JAK3","RAB7A","RASSF1"
"JAK3","EPHA2","RASSF1"
"JAK3","DUSP3","RASSF1"
"JAK3","MAPK11","RASSF1"
"JAK3","UNC5A","RASSF1"
"JAK3","PRKCI","RASSF1"
"JAK3","PARD6A","RASSF1"
"JAK3","PSTPIP1","RASSF1"
"JAK3","RHEB","RASSF1"
"JAK3","PIK3R1","RASSF1"
"JAK3","IRS2","RASSF1"
"JAK3","PIK3CG","RASSF1"
"JAK3","PPP2R5A","RASSF1"
"JAK3","MDM2","RASSF1"
"JAK3","YWHAE","RASSF1"
"JAK3","PLCG1","RASSF1"
"JAK3","SPRY2","RASSF1"
"JAK3","RUNX2","RASSF1"
"JAK3","SH2B3","RASSF1"
"JAK3","PIK3C3","RASSF1"
"JAK3","RND1","RASSF1"
"JAK3","TIAM1","RASSF1"
"JAK3","WAC","RASSF1"
"JAK3","BANP","RASSF1"
"JAK3","DCTN6","RASSF1"
"JAK3","RGCC","RASSF1"
"JAK3","CHUK","BTK"
"JAK3","CTNNB1","BTK"
"JAK3","CILK1","BTK"
"JAK3","PTEN","BTK"
"JAK3","MTOR","BTK"
"JAK3","AKT1","BTK"
"JAK3","CSNK2A1","BTK"
"JAK3","PLK1","BTK"
"JAK3","KRAS","BTK"
"JAK3","PTPRJ","BTK"
"JAK3","TGFBR1","BTK"
"JAK3","PPP1CA","BTK"
"JAK3","PDPK1","BTK"
"JAK3","SGK1","BTK"
"JAK3","IGF1R","BTK"
"JAK3","RAB1A","BTK"
"JAK3","PIK3CA","BTK"
"JAK3","LEPR","BTK"
"JAK3","ROCK1","BTK"
"JAK3","RASSF1","BTK"
"JAK3","PTPN11","BTK"
"JAK3","SH2B1","BTK"
"JAK3","SHOC2","BTK"
"JAK3","PPP2R5C","BTK"
"JAK3","PAK1","BTK"
"JAK3","GIT1","BTK"
"JAK3","TRAF2","BTK"
"JAK3","MAP2K4","BTK"
"JAK3","NRAS","BTK"
"JAK3","DUSP3","BTK"
"JAK3","UNC5A","BTK"
"JAK3","PSTPIP1","BTK"
"JAK3","INPP5D","BTK"
"JAK3","CCNE1","BTK"
"JAK3","PIK3CG","BTK"
"JAK3","SH2B2","BTK"
"JAK3","PPP2R5A","BTK"
"JAK3","CLK2","BTK"
"JAK3","MDM2","BTK"
"JAK3","YWHAE","BTK"
"JAK3","PLCG1","BTK"
"JAK3","SPRY2","BTK"
"JAK3","RUNX2","BTK"
"JAK3","DCTN6","BTK"
"JAK3","RGCC","BTK"
"JAK3","CILK1","CALM3"
"JAK3","MTOR","CALM3"
"JAK3","CSNK2A1","CALM3"
"JAK3","MAP2K7","CALM3"
"JAK3","PDPK1","CALM3"
"JAK3","PRKCB","CALM3"
"JAK3","PRKCZ","CALM3"
"JAK3","HRAS","CALM3"
"JAK3","RPS6KA3","CALM3"
"JAK3","RASSF1","CALM3"
"JAK3","BTK","CALM3"
"JAK3","HSP90AB1","CALM3"
"JAK3","DUSP1","CALM3"
"JAK3","GIT1","CALM3"
"JAK3","AR","CALM3"
"JAK3","PARD6A","CALM3"
"JAK3","CCR2","CALM3"
"JAK3","PSTPIP1","CALM3"
"JAK3","CDC42","CALM3"
"JAK3","PIK3CG","CALM3"
"JAK3","PPP2R5A","CALM3"
"JAK3","PLCG1","CALM3"
"JAK3","SPRY2","CALM3"
"JAK3","RUNX2","CALM3"
"JAK3","SH2B3","CALM3"
"JAK3","WAC","CALM3"
"JAK3","BANP","CALM3"
"JAK3","DCTN6","CALM3"
"JAK3","RGCC","CALM3"
"JAK3","TYK2","MCL1"
"JAK3","DUSP3","MCL1"
"JAK3","CTNNB1","NUMA1"
"JAK3","CILK1","NUMA1"
"JAK3","PTEN","NUMA1"
"JAK3","AKT1","NUMA1"
"JAK3","CSNK2A1","NUMA1"
"JAK3","KRAS","NUMA1"
"JAK3","PTPRJ","NUMA1"
"JAK3","SGK1","NUMA1"
"JAK3","IGF1R","NUMA1"
"JAK3","STK3","NUMA1"
"JAK3","RAB1A","NUMA1"
"JAK3","PIK3CA","NUMA1"
"JAK3","LEPR","NUMA1"
"JAK3","ROCK1","NUMA1"
"JAK3","RASSF1","NUMA1"
"JAK3","BTK","NUMA1"
"JAK3","HSP90AB1","NUMA1"
"JAK3","SHOC2","NUMA1"
"JAK3","PTPN12","NUMA1"
"JAK3","PPP2R5C","NUMA1"
"JAK3","ZAP70","NUMA1"
"JAK3","GIT1","NUMA1"
"JAK3","MAP2K4","NUMA1"
"JAK3","RAB7A","NUMA1"
"JAK3","UNC5A","NUMA1"
"JAK3","PRKCI","NUMA1"
"JAK3","PARD6A","NUMA1"
"JAK3","CCR2","NUMA1"
"JAK3","RHEB","NUMA1"
"JAK3","DAXX","NUMA1"
"JAK3","INPP5D","NUMA1"
"JAK3","PIK3R1","NUMA1"
"JAK3","IRS2","NUMA1"
"JAK3","CDC42","NUMA1"
"JAK3","PIK3CG","NUMA1"
"JAK3","SH2B2","NUMA1"
"JAK3","PPP2R5A","NUMA1"
"JAK3","YWHAE","NUMA1"
"JAK3","BANP","NUMA1"
"JAK3","ACTN1","NUMA1"
"JAK3","RGCC","NUMA1"
"JAK3","CHUK","FZR1"
"JAK3","CTNNB1","FZR1"
"JAK3","PTEN","FZR1"
"JAK3","AKT1","FZR1"
"JAK3","CSNK2A1","FZR1"
"JAK3","TGFBR1","FZR1"
"JAK3","RAB1A","FZR1"
"JAK3","AKT","FZR1"
"JAK3","RACK1","FZR1"
"JAK3","LEPR","FZR1"
"JAK3","mTORC1","FZR1"
"JAK3","AHSA1","FZR1"
"JAK3","BTK","FZR1"
"JAK3","SGK3","FZR1"
"JAK3","SHOC2","FZR1"
"JAK3","PPP2R5C","FZR1"
"JAK3","TYK2","FZR1"
"JAK3","AR","FZR1"
"JAK3","MAPK11","FZR1"
"JAK3","PTPRA","FZR1"
"JAK3","DAXX","FZR1"
"JAK3","IRS2","FZR1"
"JAK3","PIK3CG","FZR1"
"JAK3","MDM2","FZR1"
"JAK3","RUNX2","FZR1"
"JAK3","RND1","FZR1"
"JAK3","TIAM1","FZR1"
"JAK3","WAC","FZR1"
"JAK3","BANP","FZR1"
"JAK3","CHUK","YAP1"
"JAK3","CTNNB1","YAP1"
"JAK3","CILK1","YAP1"
"JAK3","PLK1","YAP1"
"JAK3","KRAS","YAP1"
"JAK3","RPS6KA1","YAP1"
"JAK3","SGK1","YAP1"
"JAK3","AKT","YAP1"
"JAK3","MAPK13","YAP1"
"JAK3","PIK3CA","YAP1"
"JAK3","LEPR","YAP1"
"JAK3","RPS6KA3","YAP1"
"JAK3","BTK","YAP1"
"JAK3","SH2B1","YAP1"
"JAK3","HSP90AB1","YAP1"
"JAK3","SHOC2","YAP1"
"JAK3","TYK2","YAP1"
"JAK3","ZAP70","YAP1"
"JAK3","GIT1","YAP1"
"JAK3","RAB7A","YAP1"
"JAK3","DUSP3","YAP1"
"JAK3","PARD6A","YAP1"
"JAK3","DAXX","YAP1"
"JAK3","DUSP6","YAP1"
"JAK3","INPP5D","YAP1"
"JAK3","PIK3R1","YAP1"
"JAK3","CCNE1","YAP1"
"JAK3","IRS2","YAP1"
"JAK3","CDC42","YAP1"
"JAK3","PPP2R5A","YAP1"
"JAK3","CLK2","YAP1"
"JAK3","MDM2","YAP1"
"JAK3","YWHAE","YAP1"
"JAK3","RUNX2","YAP1"
"JAK3","SH2B3","YAP1"
"JAK3","PIK3C3","YAP1"
"JAK3","RND1","YAP1"
"JAK3","TIAM1","YAP1"
"JAK3","WAC","YAP1"
"JAK3","BANP","YAP1"
"JAK3","CHUK","GRB2"
"JAK3","CILK1","GRB2"
"JAK3","AKT1","GRB2"
"JAK3","CSNK2A1","GRB2"
"JAK3","RAC1","GRB2"
"JAK3","PTPRJ","GRB2"
"JAK3","PPP1CA","GRB2"
"JAK3","PDPK1","GRB2"
"JAK3","IGF1R","GRB2"
"JAK3","PRKCB","GRB2"
"JAK3","RAB1A","GRB2"
"JAK3","TGFBR2","GRB2"
"JAK3","AKT","GRB2"
"JAK3","MAPK13","GRB2"
"JAK3","PIK3CA","GRB2"
"JAK3","RPS6KA3","GRB2"
"JAK3","mTORC1","GRB2"
"JAK3","BTK","GRB2"
"JAK3","SH2B1","GRB2"
"JAK3","HSP90AB1","GRB2"
"JAK3","PTPN12","GRB2"
"JAK3","PAK1","GRB2"
"JAK3","RAB7A","GRB2"
"JAK3","EPHA2","GRB2"
"JAK3","AR","GRB2"
"JAK3","DUSP3","GRB2"
"JAK3","MAPK11","GRB2"
"JAK3","UNC5A","GRB2"
"JAK3","PARD6A","GRB2"
"JAK3","PSTPIP1","GRB2"
"JAK3","DAXX","GRB2"
"JAK3","DUSP6","GRB2"
"JAK3","INPP5D","GRB2"
"JAK3","PIK3R1","GRB2"
"JAK3","MDM2","GRB2"
"JAK3","YWHAE","GRB2"
"JAK3","PLCG1","GRB2"
"JAK3","RUNX2","GRB2"
"JAK3","RND1","GRB2"
"JAK3","TIAM1","GRB2"
"JAK3","BANP","GRB2"
"JAK3","DCTN6","GRB2"
"JAK3","DDR2","GRB2"
"JAK3","AKT1","CD19"
"JAK3","PLK1","CD19"
"JAK3","RAC1","CD19"
"JAK3","TGFBR1","CD19"
"JAK3","PDPK1","CD19"
"JAK3","RPS6KA1","CD19"
"JAK3","PRKCB","CD19"
"JAK3","STK3","CD19"
"JAK3","RAB1A","CD19"
"JAK3","HRAS","CD19"
"JAK3","MAPK13","CD19"
"JAK3","PIK3CA","CD19"
"JAK3","LEPR","CD19"
"JAK3","RPS6KA3","CD19"
"JAK3","mTORC1","CD19"
"JAK3","ROCK1","CD19"
"JAK3","RASSF1","CD19"
"JAK3","BTK","CD19"
"JAK3","SH2B1","CD19"
"JAK3","PAK1","CD19"
"JAK3","DUSP1","CD19"
"JAK3","GIT1","CD19"
"JAK3","TRAF2","CD19"
"JAK3","MAP2K4","CD19"
"JAK3","RAB7A","CD19"
"JAK3","NRAS","CD19"
"JAK3","AR","CD19"
"JAK3","DUSP3","CD19"
"JAK3","PARD6A","CD19"
"JAK3","CCR2","CD19"
"JAK3","PSTPIP1","CD19"
"JAK3","RHEB","CD19"
"JAK3","DUSP6","CD19"
"JAK3","CCNE1","CD19"
"JAK3","IRS2","CD19"
"JAK3","PIK3CG","CD19"
"JAK3","SH2B2","CD19"
"JAK3","PPP2R5A","CD19"
"JAK3","YWHAE","CD19"
"JAK3","PLCG1","CD19"
"JAK3","SPRY2","CD19"
"JAK3","RUNX2","CD19"
"JAK3","SH2B3","CD19"
"JAK3","PIK3C3","CD19"
"JAK3","RND1","CD19"
"JAK3","TIAM1","CD19"
"JAK3","BANP","CD19"
"JAK3","DCTN6","CD19"
"JAK3","ACTN1","CD19"
"JAK3","CHUK","PPP3CA"
"JAK3","CTNNB1","PPP3CA"
"JAK3","CILK1","PPP3CA"
"JAK3","PTEN","PPP3CA"
"JAK3","MAPK8","PPP3CA"
"JAK3","MTOR","PPP3CA"
"JAK3","AKT1","PPP3CA"
"JAK3","CSNK2A1","PPP3CA"
"JAK3","PLK1","PPP3CA"
"JAK3","PTPRJ","PPP3CA"
"JAK3","TGFBR1","PPP3CA"
"JAK3","PDPK1","PPP3CA"
"JAK3","MAP3K14","PPP3CA"
"JAK3","RPS6KA1","PPP3CA"
"JAK3","SGK1","PPP3CA"
"JAK3","PRKCB","PPP3CA"
"JAK3","RAB1A","PPP3CA"
"JAK3","PRKCZ","PPP3CA"
"JAK3","PAK2","PPP3CA"
"JAK3","RACK1","PPP3CA"
"JAK3","HRAS","PPP3CA"
"JAK3","RPS6KA3","PPP3CA"
"JAK3","mTORC1","PPP3CA"
"JAK3","AHSA1","PPP3CA"
"JAK3","RASSF1","PPP3CA"
"JAK3","BTK","PPP3CA"
"JAK3","SGK3","PPP3CA"
"JAK3","SH2B1","PPP3CA"
"JAK3","HSP90AB1","PPP3CA"
"JAK3","SHOC2","PPP3CA"
"JAK3","PTPN12","PPP3CA"
"JAK3","PAK1","PPP3CA"
"JAK3","ZAP70","PPP3CA"
"JAK3","DUSP1","PPP3CA"
"JAK3","TRAF2","PPP3CA"
"JAK3","AR","PPP3CA"
"JAK3","DUSP3","PPP3CA"
"JAK3","UNC5A","PPP3CA"
"JAK3","PRKCI","PPP3CA"
"JAK3","PTPRA","PPP3CA"
"JAK3","CCR2","PPP3CA"
"JAK3","DAXX","PPP3CA"
"JAK3","INPP5D","PPP3CA"
"JAK3","CDC42","PPP3CA"
"JAK3","PIK3CG","PPP3CA"
"JAK3","MDM2","PPP3CA"
"JAK3","PLCG1","PPP3CA"
"JAK3","SPRY2","PPP3CA"
"JAK3","RUNX2","PPP3CA"
"JAK3","SH2B3","PPP3CA"
"JAK3","TIAM1","PPP3CA"
"JAK3","WAC","PPP3CA"
"JAK3","RGCC","PPP3CA"
"JAK3","CHUK","VCPIP1"
"JAK3","MAPK8","VCPIP1"
"JAK3","AKT1","VCPIP1"
"JAK3","CSNK2A1","VCPIP1"
"JAK3","PLK1","VCPIP1"
"JAK3","KRAS","VCPIP1"
"JAK3","MAP2K7","VCPIP1"
"JAK3","PTPRJ","VCPIP1"
"JAK3","TGFBR1","VCPIP1"
"JAK3","MAP3K14","VCPIP1"
"JAK3","RPS6KA1","VCPIP1"
"JAK3","SGK1","VCPIP1"
"JAK3","IGF1R","VCPIP1"
"JAK3","PRKCB","VCPIP1"
"JAK3","AKT","VCPIP1"
"JAK3","AHSA1","VCPIP1"
"JAK3","RASSF1","VCPIP1"
"JAK3","BTK","VCPIP1"
"JAK3","SH2B1","VCPIP1"
"JAK3","HSP90AB1","VCPIP1"
"JAK3","PTPN12","VCPIP1"
"JAK3","ZAP70","VCPIP1"
"JAK3","AR","VCPIP1"
"JAK3","DUSP3","VCPIP1"
"JAK3","MAPK11","VCPIP1"
"JAK3","UNC5A","VCPIP1"
"JAK3","PARD6A","VCPIP1"
"JAK3","PTPRA","VCPIP1"
"JAK3","PSTPIP1","VCPIP1"
"JAK3","DAXX","VCPIP1"
"JAK3","DUSP6","VCPIP1"
"JAK3","INPP5D","VCPIP1"
"JAK3","PIK3R1","VCPIP1"
"JAK3","CCNE1","VCPIP1"
"JAK3","IRS2","VCPIP1"
"JAK3","SH2B2","VCPIP1"
"JAK3","YWHAE","VCPIP1"
"JAK3","RND1","VCPIP1"
"JAK3","WAC","VCPIP1"
"JAK3","CTNNB1","ZNF420"
"JAK3","PTEN","ZNF420"
"JAK3","MTOR","ZNF420"
"JAK3","AKT1","ZNF420"
"JAK3","PLK1","ZNF420"
"JAK3","RAC1","ZNF420"
"JAK3","PDPK1","ZNF420"
"JAK3","MAP3K14","ZNF420"
"JAK3","RPS6KA1","ZNF420"
"JAK3","SGK1","ZNF420"
"JAK3","PRKCZ","ZNF420"
"JAK3","AKT","ZNF420"
"JAK3","RACK1","ZNF420"
"JAK3","MAPK13","ZNF420"
"JAK3","PIK3CA","ZNF420"
"JAK3","LEPR","ZNF420"
"JAK3","RPS6KA3","ZNF420"
"JAK3","ROCK1","ZNF420"
"JAK3","SGK3","ZNF420"
"JAK3","SH2B1","ZNF420"
"JAK3","SHOC2","ZNF420"
"JAK3","PPP2R5C","ZNF420"
"JAK3","TYK2","ZNF420"
"JAK3","ZAP70","ZNF420"
"JAK3","DUSP1","ZNF420"
"JAK3","EPHA2","ZNF420"
"JAK3","MAPK11","ZNF420"
"JAK3","PRKCI","ZNF420"
"JAK3","CCR2","ZNF420"
"JAK3","INPP5D","ZNF420"
"JAK3","PIK3CG","ZNF420"
"JAK3","PPP2R5A","ZNF420"
"JAK3","PLCG1","ZNF420"
"JAK3","WAC","ZNF420"
"JAK3","BANP","ZNF420"
"JAK3","DCTN6","ZNF420"
"JAK3","ACTN1","ZNF420"
"JAK3","CILK1","XIAP"
"JAK3","MAPK8","XIAP"
"JAK3","KRAS","XIAP"
"JAK3","MAP2K7","XIAP"
"JAK3","SGK1","XIAP"
"JAK3","IGF1R","XIAP"
"JAK3","PRKCZ","XIAP"
"JAK3","PAK2","XIAP"
"JAK3","RACK1","XIAP"
"JAK3","HRAS","XIAP"
"JAK3","LEPR","XIAP"
"JAK3","mTORC1","XIAP"
"JAK3","RASSF1","XIAP"
"JAK3","BTK","XIAP"
"JAK3","PTPN11","XIAP"
"JAK3","SH2B1","XIAP"
"JAK3","SHOC2","XIAP"
"JAK3","PAK1","XIAP"
"JAK3","ZAP70","XIAP"
"JAK3","TRAF2","XIAP"
"JAK3","MAP2K4","XIAP"
"JAK3","RAB7A","XIAP"
"JAK3","AR","XIAP"
"JAK3","MAPK11","XIAP"
"JAK3","PARD6A","XIAP"
"JAK3","PTPRA","XIAP"
"JAK3","CCR2","XIAP"
"JAK3","DAXX","XIAP"
"JAK3","PIK3R1","XIAP"
"JAK3","PIK3CG","XIAP"
"JAK3","SH2B2","XIAP"
"JAK3","YWHAE","XIAP"
"JAK3","SPRY2","XIAP"
"JAK3","RUNX2","XIAP"
"JAK3","RND1","XIAP"
"JAK3","TIAM1","XIAP"
"JAK3","DCTN6","XIAP"
"JAK3","ACTN1","XIAP"
"JAK3","RGCC","XIAP"
"JAK3","PTPN11","FGFR1"
"JAK3","CHUK","PTPN11"
"JAK3","CDK2","PTPN11"
"JAK3","MAP3K14","PTPN11"
"JAK3","mTORC1","PTPN11"
"JAK3","BTK","PTPN11"
"JAK3","PPP2R5C","PTPN11"
"JAK3","PAK1","PTPN11"
"JAK3","TYK2","PTPN11"
"JAK3","DUSP3","PTPN11"
"JAK3","CCR2","PTPN11"
"JAK3","RHEB","PTPN11"
"JAK3","PIK3R1","PTPN11"
"JAK3","ACTN1","PTPN11"
"JAK3","CHUK","DEF6"
"JAK3","CILK1","DEF6"
"JAK3","MTOR","DEF6"
"JAK3","AKT1","DEF6"
"JAK3","CSNK2A1","DEF6"
"JAK3","RAC1","DEF6"
"JAK3","PDPK1","DEF6"
"JAK3","IGF1R","DEF6"
"JAK3","PRKCB","DEF6"
"JAK3","PRKCZ","DEF6"
"JAK3","PAK2","DEF6"
"JAK3","RACK1","DEF6"
"JAK3","MAPK13","DEF6"
"JAK3","RPS6KA3","DEF6"
"JAK3","AHSA1","DEF6"
"JAK3","PPP2R5C","DEF6"
"JAK3","ZAP70","DEF6"
"JAK3","TRAF2","DEF6"
"JAK3","EPHA2","DEF6"
"JAK3","NRAS","DEF6"
"JAK3","AR","DEF6"
"JAK3","UNC5A","DEF6"
"JAK3","PRKCI","DEF6"
"JAK3","PTPRA","DEF6"
"JAK3","CCR2","DEF6"
"JAK3","PSTPIP1","DEF6"
"JAK3","RHEB","DEF6"
"JAK3","DUSP6","DEF6"
"JAK3","INPP5D","DEF6"
"JAK3","CCNE1","DEF6"
"JAK3","IRS2","DEF6"
"JAK3","CDC42","DEF6"
"JAK3","SH2B2","DEF6"
"JAK3","PPP2R5A","DEF6"
"JAK3","YWHAE","DEF6"
"JAK3","RUNX2","DEF6"
"JAK3","SH2B3","DEF6"
"JAK3","PIK3C3","DEF6"
"JAK3","WAC","DEF6"
"JAK3","BANP","DEF6"
"JAK3","ACTN1","DEF6"
"JAK3","RGCC","DEF6"
"JAK3","CHUK","STAT1"
"JAK3","CTNNB1","STAT1"
"JAK3","PTEN","STAT1"
"JAK3","MAPK8","STAT1"
"JAK3","CSNK2A1","STAT1"
"JAK3","KRAS","STAT1"
"JAK3","RAC1","STAT1"
"JAK3","PTPRJ","STAT1"
"JAK3","PDPK1","STAT1"
"JAK3","MAP3K14","STAT1"
"JAK3","RPS6KA1","STAT1"
"JAK3","PRKCB","STAT1"
"JAK3","STK3","STAT1"
"JAK3","RAB1A","STAT1"
"JAK3","PRKCZ","STAT1"
"JAK3","AKT","STAT1"
"JAK3","HRAS","STAT1"
"JAK3","MAPK13","STAT1"
"JAK3","mTORC1","STAT1"
"JAK3","ROCK1","STAT1"
"JAK3","RASSF1","STAT1"
"JAK3","SH2B1","STAT1"
"JAK3","HSP90AB1","STAT1"
"JAK3","SHOC2","STAT1"
"JAK3","PPP2R5C","STAT1"
"JAK3","PAK1","STAT1"
"JAK3","ZAP70","STAT1"
"JAK3","CREBBP","STAT1"
"JAK3","TRAF2","STAT1"
"JAK3","MAP2K4","STAT1"
"JAK3","RAB7A","STAT1"
"JAK3","NRAS","STAT1"
"JAK3","DUSP3","STAT1"
"JAK3","UNC5A","STAT1"
"JAK3","PRKCI","STAT1"
"JAK3","PARD6A","STAT1"
"JAK3","PTPRA","STAT1"
"JAK3","CCR2","STAT1"
"JAK3","PSTPIP1","STAT1"
"JAK3","RHEB","STAT1"
"JAK3","INPP5D","STAT1"
"JAK3","CDC42","STAT1"
"JAK3","PIK3CG","STAT1"
"JAK3","CLK2","STAT1"
"JAK3","MDM2","STAT1"
"JAK3","YWHAE","STAT1"
"JAK3","PLCG1","STAT1"
"JAK3","SPRY2","STAT1"
"JAK3","RUNX2","STAT1"
"JAK3","PIK3C3","STAT1"
"JAK3","RND1","STAT1"
"JAK3","TIAM1","STAT1"
"JAK3","WAC","STAT1"
"JAK3","BANP","STAT1"
"JAK3","ACTN1","STAT1"
"JAK3","RGCC","STAT1"
"JAK3","CTNNB1","MAP2K3"
"JAK3","CILK1","MAP2K3"
"JAK3","PTEN","MAP2K3"
"JAK3","MAPK8","MAP2K3"
"JAK3","CSNK2A1","MAP2K3"
"JAK3","PLK1","MAP2K3"
"JAK3","RAC1","MAP2K3"
"JAK3","PTPRJ","MAP2K3"
"JAK3","TGFBR1","MAP2K3"
"JAK3","PPP1CA","MAP2K3"
"JAK3","PDPK1","MAP2K3"
"JAK3","IGF1R","MAP2K3"
"JAK3","PRKCB","MAP2K3"
"JAK3","PRKCZ","MAP2K3"
"JAK3","TGFBR2","MAP2K3"
"JAK3","PAK2","MAP2K3"
"JAK3","mTORC1","MAP2K3"
"JAK3","RASSF1","MAP2K3"
"JAK3","BTK","MAP2K3"
"JAK3","SGK3","MAP2K3"
"JAK3","SHOC2","MAP2K3"
"JAK3","PAK1","MAP2K3"
"JAK3","ZAP70","MAP2K3"
"JAK3","DUSP1","MAP2K3"
"JAK3","GIT1","MAP2K3"
"JAK3","TRAF2","MAP2K3"
"JAK3","MAP2K4","MAP2K3"
"JAK3","RAB7A","MAP2K3"
"JAK3","EPHA2","MAP2K3"
"JAK3","AR","MAP2K3"
"JAK3","DUSP3","MAP2K3"
"JAK3","PRKCI","MAP2K3"
"JAK3","PTPRA","MAP2K3"
"JAK3","CCR2","MAP2K3"
"JAK3","PSTPIP1","MAP2K3"
"JAK3","RHEB","MAP2K3"
"JAK3","PIK3R1","MAP2K3"
"JAK3","CCNE1","MAP2K3"
"JAK3","CDC42","MAP2K3"
"JAK3","PIK3CG","MAP2K3"
"JAK3","CLK2","MAP2K3"
"JAK3","YWHAE","MAP2K3"
"JAK3","SPRY2","MAP2K3"
"JAK3","RUNX2","MAP2K3"
"JAK3","SH2B3","MAP2K3"
"JAK3","PIK3C3","MAP2K3"
"JAK3","RND1","MAP2K3"
"JAK3","WAC","MAP2K3"
"JAK3","BANP","MAP2K3"
"JAK3","KRAS","PPM1A"
"JAK3","TGFBR1","PPM1A"
"JAK3","PPP1CA","PPM1A"
"JAK3","PDPK1","PPM1A"
"JAK3","MAP3K14","PPM1A"
"JAK3","RPS6KA1","PPM1A"
"JAK3","SGK1","PPM1A"
"JAK3","STK3","PPM1A"
"JAK3","PRKCZ","PPM1A"
"JAK3","TGFBR2","PPM1A"
"JAK3","PAK2","PPM1A"
"JAK3","AKT","PPM1A"
"JAK3","RACK1","PPM1A"
"JAK3","HRAS","PPM1A"
"JAK3","PIK3CA","PPM1A"
"JAK3","LEPR","PPM1A"
"JAK3","RPS6KA3","PPM1A"
"JAK3","AHSA1","PPM1A"
"JAK3","RASSF1","PPM1A"
"JAK3","BTK","PPM1A"
"JAK3","SGK3","PPM1A"
"JAK3","SH2B1","PPM1A"
"JAK3","SHOC2","PPM1A"
"JAK3","PTPN12","PPM1A"
"JAK3","PAK1","PPM1A"
"JAK3","TYK2","PPM1A"
"JAK3","GIT1","PPM1A"
"JAK3","TRAF2","PPM1A"
"JAK3","MAP2K4","PPM1A"
"JAK3","EPHA2","PPM1A"
"JAK3","UNC5A","PPM1A"
"JAK3","RHEB","PPM1A"
"JAK3","DUSP6","PPM1A"
"JAK3","CCNE1","PPM1A"
"JAK3","IRS2","PPM1A"
"JAK3","CDC42","PPM1A"
"JAK3","PIK3CG","PPM1A"
"JAK3","SH2B2","PPM1A"
"JAK3","PPP2R5A","PPM1A"
"JAK3","CLK2","PPM1A"
"JAK3","MDM2","PPM1A"
"JAK3","PLCG1","PPM1A"
"JAK3","SPRY2","PPM1A"
"JAK3","RND1","PPM1A"
"JAK3","WAC","PPM1A"
"JAK3","BANP","PPM1A"
"JAK3","ACTN1","PPM1A"
"JAK3","RGCC","PPM1A"
"JAK3","CHUK","ITGAL"
"JAK3","PTEN","ITGAL"
"JAK3","MAPK8","ITGAL"
"JAK3","MTOR","ITGAL"
"JAK3","PLK1","ITGAL"
"JAK3","KRAS","ITGAL"
"JAK3","RAC1","ITGAL"
"JAK3","MAP2K7","ITGAL"
"JAK3","PTPRJ","ITGAL"
"JAK3","TGFBR1","ITGAL"
"JAK3","SGK1","ITGAL"
"JAK3","STK3","ITGAL"
"JAK3","TGFBR2","ITGAL"
"JAK3","PAK2","ITGAL"
"JAK3","RACK1","ITGAL"
"JAK3","HRAS","ITGAL"
"JAK3","MAPK13","ITGAL"
"JAK3","PIK3CA","ITGAL"
"JAK3","RASSF1","ITGAL"
"JAK3","BTK","ITGAL"
"JAK3","SGK3","ITGAL"
"JAK3","SH2B1","ITGAL"
"JAK3","PTPN12","ITGAL"
"JAK3","DUSP1","ITGAL"
"JAK3","GIT1","ITGAL"
"JAK3","TRAF2","ITGAL"
"JAK3","DUSP3","ITGAL"
"JAK3","PRKCI","ITGAL"
"JAK3","PTPRA","ITGAL"
"JAK3","CCR2","ITGAL"
"JAK3","PSTPIP1","ITGAL"
"JAK3","RHEB","ITGAL"
"JAK3","DAXX","ITGAL"
"JAK3","DUSP6","ITGAL"
"JAK3","PIK3R1","ITGAL"
"JAK3","YWHAE","ITGAL"
"JAK3","PLCG1","ITGAL"
"JAK3","SH2B3","ITGAL"
"JAK3","TIAM1","ITGAL"
"JAK3","BANP","ITGAL"
"JAK3","CHUK","TP53RK"
"JAK3","CILK1","TP53RK"
"JAK3","CSNK2A1","TP53RK"
"JAK3","PRKCB","TP53RK"
"JAK3","STK3","TP53RK"
"JAK3","RAB1A","TP53RK"
"JAK3","TGFBR2","TP53RK"
"JAK3","RACK1","TP53RK"
"JAK3","LEPR","TP53RK"
"JAK3","RPS6KA3","TP53RK"
"JAK3","AHSA1","TP53RK"
"JAK3","ROCK1","TP53RK"
"JAK3","RASSF1","TP53RK"
"JAK3","PTPN11","TP53RK"
"JAK3","SGK3","TP53RK"
"JAK3","SH2B1","TP53RK"
"JAK3","PTPN12","TP53RK"
"JAK3","PPP2R5C","TP53RK"
"JAK3","PAK1","TP53RK"
"JAK3","TYK2","TP53RK"
"JAK3","DUSP1","TP53RK"
"JAK3","DUSP3","TP53RK"
"JAK3","MAPK11","TP53RK"
"JAK3","DAXX","TP53RK"
"JAK3","INPP5D","TP53RK"
"JAK3","CCNE1","TP53RK"
"JAK3","IRS2","TP53RK"
"JAK3","PIK3CG","TP53RK"
"JAK3","CLK2","TP53RK"
"JAK3","YWHAE","TP53RK"
"JAK3","PLCG1","TP53RK"
"JAK3","SPRY2","TP53RK"
"JAK3","BANP","TP53RK"
"JAK3","DCTN6","TP53RK"
"JAK3","ACTN1","TP53RK"
"JAK3","CILK1","SGK3"
"JAK3","PTEN","SGK3"
"JAK3","MAPK8","SGK3"
"JAK3","CSNK2A1","SGK3"
"JAK3","PLK1","SGK3"
"JAK3","MAP2K7","SGK3"
"JAK3","PTPRJ","SGK3"
"JAK3","TGFBR1","SGK3"
"JAK3","RPS6KA1","SGK3"
"JAK3","SGK1","SGK3"
"JAK3","STK3","SGK3"
"JAK3","PRKCZ","SGK3"
"JAK3","RACK1","SGK3"
"JAK3","MAPK13","SGK3"
"JAK3","PIK3CA","SGK3"
"JAK3","RPS6KA3","SGK3"
"JAK3","mTORC1","SGK3"
"JAK3","ROCK1","SGK3"
"JAK3","SHOC2","SGK3"
"JAK3","PTPN12","SGK3"
"JAK3","PPP2R5C","SGK3"
"JAK3","PAK1","SGK3"
"JAK3","ZAP70","SGK3"
"JAK3","TRAF2","SGK3"
"JAK3","MAP2K4","SGK3"
"JAK3","EPHA2","SGK3"
"JAK3","AR","SGK3"
"JAK3","DUSP3","SGK3"
"JAK3","MAPK11","SGK3"
"JAK3","UNC5A","SGK3"
"JAK3","PRKCI","SGK3"
"JAK3","PARD6A","SGK3"
"JAK3","PTPRA","SGK3"
"JAK3","CCR2","SGK3"
"JAK3","RHEB","SGK3"
"JAK3","DAXX","SGK3"
"JAK3","PIK3CG","SGK3"
"JAK3","SH2B2","SGK3"
"JAK3","CLK2","SGK3"
"JAK3","MDM2","SGK3"
"JAK3","PLCG1","SGK3"
"JAK3","RUNX2","SGK3"
"JAK3","SH2B3","SGK3"
"JAK3","PIK3C3","SGK3"
"JAK3","TIAM1","SGK3"
"JAK3","DCTN6","SGK3"
"JAK3","ACTN1","SGK3"
"JAK3","CTNNB1","SH2B1"
"JAK3","PTEN","SH2B1"
"JAK3","MAPK8","SH2B1"
"JAK3","AKT1","SH2B1"
"JAK3","CSNK2A1","SH2B1"
"JAK3","PLK1","SH2B1"
"JAK3","KRAS","SH2B1"
"JAK3","MAP2K7","SH2B1"
"JAK3","PTPRJ","SH2B1"
"JAK3","PDPK1","SH2B1"
"JAK3","MAP3K14","SH2B1"
"JAK3","SGK1","SH2B1"
"JAK3","IGF1R","SH2B1"
"JAK3","STK3","SH2B1"
"JAK3","RAB1A","SH2B1"
"JAK3","PRKCZ","SH2B1"
"JAK3","PAK2","SH2B1"
"JAK3","HRAS","SH2B1"
"JAK3","mTORC1","SH2B1"
"JAK3","BTK","SH2B1"
"JAK3","PTPN11","SH2B1"
"JAK3","PAK1","SH2B1"
"JAK3","TYK2","SH2B1"
"JAK3","ZAP70","SH2B1"
"JAK3","DUSP1","SH2B1"
"JAK3","GIT1","SH2B1"
"JAK3","MAP2K4","SH2B1"
"JAK3","RAB7A","SH2B1"
"JAK3","NRAS","SH2B1"
"JAK3","AR","SH2B1"
"JAK3","DUSP3","SH2B1"
"JAK3","MAPK11","SH2B1"
"JAK3","UNC5A","SH2B1"
"JAK3","PRKCI","SH2B1"
"JAK3","CCR2","SH2B1"
"JAK3","DAXX","SH2B1"
"JAK3","DUSP6","SH2B1"
"JAK3","INPP5D","SH2B1"
"JAK3","PIK3R1","SH2B1"
"JAK3","IRS2","SH2B1"
"JAK3","CDC42","SH2B1"
"JAK3","PIK3CG","SH2B1"
"JAK3","SH2B2","SH2B1"
"JAK3","MDM2","SH2B1"
"JAK3","YWHAE","SH2B1"
"JAK3","PLCG1","SH2B1"
"JAK3","PIK3C3","SH2B1"
"JAK3","RND1","SH2B1"
"JAK3","WAC","SH2B1"
"JAK3","BANP","SH2B1"
"JAK3","DCTN6","SH2B1"
"JAK3","CHUK","HSP90AB1"
"JAK3","CILK1","HSP90AB1"
"JAK3","PTEN","HSP90AB1"
"JAK3","MAPK8","HSP90AB1"
"JAK3","MTOR","HSP90AB1"
"JAK3","AKT1","HSP90AB1"
"JAK3","CSNK2A1","HSP90AB1"
"JAK3","KRAS","HSP90AB1"
"JAK3","RAC1","HSP90AB1"
"JAK3","MAP2K7","HSP90AB1"
"JAK3","TGFBR1","HSP90AB1"
"JAK3","PPP1CA","HSP90AB1"
"JAK3","PDPK1","HSP90AB1"
"JAK3","MAP3K14","HSP90AB1"
"JAK3","RPS6KA1","HSP90AB1"
"JAK3","SGK1","HSP90AB1"
"JAK3","PRKCB","HSP90AB1"
"JAK3","STK3","HSP90AB1"
"JAK3","TGFBR2","HSP90AB1"
"JAK3","PAK2","HSP90AB1"
"JAK3","HRAS","HSP90AB1"
"JAK3","MAPK13","HSP90AB1"
"JAK3","RPS6KA3","HSP90AB1"
"JAK3","RASSF1","HSP90AB1"
"JAK3","BTK","HSP90AB1"
"JAK3","SGK3","HSP90AB1"
"JAK3","SH2B1","HSP90AB1"
"JAK3","TYK2","HSP90AB1"
"JAK3","DUSP1","HSP90AB1"
"JAK3","GIT1","HSP90AB1"
"JAK3","MAP2K4","HSP90AB1"
"JAK3","RAB7A","HSP90AB1"
"JAK3","EPHA2","HSP90AB1"
"JAK3","NRAS","HSP90AB1"
"JAK3","AR","HSP90AB1"
"JAK3","DUSP3","HSP90AB1"
"JAK3","MAPK11","HSP90AB1"
"JAK3","UNC5A","HSP90AB1"
"JAK3","PRKCI","HSP90AB1"
"JAK3","PTPRA","HSP90AB1"
"JAK3","CCR2","HSP90AB1"
"JAK3","CCNE1","HSP90AB1"
"JAK3","IRS2","HSP90AB1"
"JAK3","CDC42","HSP90AB1"
"JAK3","SH2B2","HSP90AB1"
"JAK3","PLCG1","HSP90AB1"
"JAK3","RUNX2","HSP90AB1"
"JAK3","RND1","HSP90AB1"
"JAK3","ACTN1","HSP90AB1"
"JAK3","RGCC","HSP90AB1"
"JAK3","CILK1","SYP"
"JAK3","PTEN","SYP"
"JAK3","MAPK8","SYP"
"JAK3","MTOR","SYP"
"JAK3","CSNK2A1","SYP"
"JAK3","PLK1","SYP"
"JAK3","KRAS","SYP"
"JAK3","RAC1","SYP"
"JAK3","PTPRJ","SYP"
"JAK3","TGFBR1","SYP"
"JAK3","PPP1CA","SYP"
"JAK3","MAP3K14","SYP"
"JAK3","IGF1R","SYP"
"JAK3","PRKCB","SYP"
"JAK3","STK3","SYP"
"JAK3","MAPK13","SYP"
"JAK3","LEPR","SYP"
"JAK3","RPS6KA3","SYP"
"JAK3","ROCK1","SYP"
"JAK3","SH2B1","SYP"
"JAK3","HSP90AB1","SYP"
"JAK3","SHOC2","SYP"
"JAK3","PPP2R5C","SYP"
"JAK3","TYK2","SYP"
"JAK3","ZAP70","SYP"
"JAK3","TRAF2","SYP"
"JAK3","MAP2K4","SYP"
"JAK3","RAB7A","SYP"
"JAK3","NRAS","SYP"
"JAK3","AR","SYP"
"JAK3","PRKCI","SYP"
"JAK3","CLK2","SYP"
"JAK3","MDM2","SYP"
"JAK3","PLCG1","SYP"
"JAK3","RUNX2","SYP"
"JAK3","SH2B3","SYP"
"JAK3","PIK3C3","SYP"
"JAK3","WAC","SYP"
"JAK3","BANP","SYP"
"JAK3","DCTN6","SYP"
"JAK3","RGCC","SYP"
"JAK3","CHUK","JNK"
"JAK3","CTNNB1","JNK"
"JAK3","MAPK8","JNK"
"JAK3","MTOR","JNK"
"JAK3","AKT1","JNK"
"JAK3","KRAS","JNK"
"JAK3","MAP2K7","JNK"
"JAK3","PTPRJ","JNK"
"JAK3","PDPK1","JNK"
"JAK3","MAP3K14","JNK"
"JAK3","SGK1","JNK"
"JAK3","IGF1R","JNK"
"JAK3","PRKCB","JNK"
"JAK3","STK3","JNK"
"JAK3","TGFBR2","JNK"
"JAK3","RACK1","JNK"
"JAK3","HRAS","JNK"
"JAK3","MAPK13","JNK"
"JAK3","PIK3CA","JNK"
"JAK3","AHSA1","JNK"
"JAK3","ROCK1","JNK"
"JAK3","BTK","JNK"
"JAK3","SH2B1","JNK"
"JAK3","SHOC2","JNK"
"JAK3","PTPN12","JNK"
"JAK3","PAK1","JNK"
"JAK3","TYK2","JNK"
"JAK3","GIT1","JNK"
"JAK3","TRAF2","JNK"
"JAK3","EPHA2","JNK"
"JAK3","AR","JNK"
"JAK3","DUSP3","JNK"
"JAK3","UNC5A","JNK"
"JAK3","PRKCI","JNK"
"JAK3","CCR2","JNK"
"JAK3","PSTPIP1","JNK"
"JAK3","RHEB","JNK"
"JAK3","CCNE1","JNK"
"JAK3","IRS2","JNK"
"JAK3","CDC42","JNK"
"JAK3","PIK3CG","JNK"
"JAK3","SH2B2","JNK"
"JAK3","PPP2R5A","JNK"
"JAK3","CLK2","JNK"
"JAK3","YWHAE","JNK"
"JAK3","PLCG1","JNK"
"JAK3","SH2B3","JNK"
"JAK3","PIK3C3","JNK"
"JAK3","RND1","JNK"
"JAK3","TIAM1","JNK"
"JAK3","WAC","JNK"
"JAK3","BANP","JNK"
"JAK3","ACTN1","JNK"
"JAK3","RGCC","JNK"
"JAK3","CHUK","MAP3K6"
"JAK3","CTNNB1","MAP3K6"
"JAK3","PTEN","MAP3K6"
"JAK3","AKT1","MAP3K6"
"JAK3","CSNK2A1","MAP3K6"
"JAK3","RAC1","MAP3K6"
"JAK3","MAP2K7","MAP3K6"
"JAK3","TGFBR1","MAP3K6"
"JAK3","PPP1CA","MAP3K6"
"JAK3","MAP3K14","MAP3K6"
"JAK3","RPS6KA1","MAP3K6"
"JAK3","SGK1","MAP3K6"
"JAK3","IGF1R","MAP3K6"
"JAK3","PRKCB","MAP3K6"
"JAK3","STK3","MAP3K6"
"JAK3","RAB1A","MAP3K6"
"JAK3","PRKCZ","MAP3K6"
"JAK3","PAK2","MAP3K6"
"JAK3","AKT","MAP3K6"
"JAK3","RACK1","MAP3K6"
"JAK3","HRAS","MAP3K6"
"JAK3","PIK3CA","MAP3K6"
"JAK3","LEPR","MAP3K6"
"JAK3","RPS6KA3","MAP3K6"
"JAK3","ROCK1","MAP3K6"
"JAK3","RASSF1","MAP3K6"
"JAK3","HSP90AB1","MAP3K6"
"JAK3","TYK2","MAP3K6"
"JAK3","DUSP1","MAP3K6"
"JAK3","GIT1","MAP3K6"
"JAK3","TRAF2","MAP3K6"
"JAK3","RAB7A","MAP3K6"
"JAK3","MAPK11","MAP3K6"
"JAK3","CCR2","MAP3K6"
"JAK3","RHEB","MAP3K6"
"JAK3","CCNE1","MAP3K6"
"JAK3","CDC42","MAP3K6"
"JAK3","PIK3CG","MAP3K6"
"JAK3","SH2B2","MAP3K6"
"JAK3","CLK2","MAP3K6"
"JAK3","MDM2","MAP3K6"
"JAK3","PLCG1","MAP3K6"
"JAK3","SPRY2","MAP3K6"
"JAK3","SH2B3","MAP3K6"
"JAK3","TIAM1","MAP3K6"
"JAK3","WAC","MAP3K6"
"JAK3","BANP","MAP3K6"
"JAK3","RGCC","MAP3K6"
"JAK3","CHUK","ABCA1"
"JAK3","MAPK8","ABCA1"
"JAK3","MTOR","ABCA1"
"JAK3","AKT1","ABCA1"
"JAK3","PLK1","ABCA1"
"JAK3","PTPRJ","ABCA1"
"JAK3","TGFBR1","ABCA1"
"JAK3","PPP1CA","ABCA1"
"JAK3","RPS6KA1","ABCA1"
"JAK3","SGK1","ABCA1"
"JAK3","RAB1A","ABCA1"
"JAK3","TGFBR2","ABCA1"
"JAK3","HRAS","ABCA1"
"JAK3","PIK3CA","ABCA1"
"JAK3","LEPR","ABCA1"
"JAK3","AHSA1","ABCA1"
"JAK3","ROCK1","ABCA1"
"JAK3","RASSF1","ABCA1"
"JAK3","BTK","ABCA1"
"JAK3","SGK3","ABCA1"
"JAK3","PAK1","ABCA1"
"JAK3","EPHA2","ABCA1"
"JAK3","NRAS","ABCA1"
"JAK3","DUSP3","ABCA1"
"JAK3","PARD6A","ABCA1"
"JAK3","CCR2","ABCA1"
"JAK3","DAXX","ABCA1"
"JAK3","DUSP6","ABCA1"
"JAK3","CLK2","ABCA1"
"JAK3","YWHAE","ABCA1"
"JAK3","DCTN6","ABCA1"
"JAK3","ACTN1","ABCA1"
"JAK3","CHUK","CAMKK2"
"JAK3","MTOR","CAMKK2"
"JAK3","TGFBR1","CAMKK2"
"JAK3","PPP1CA","CAMKK2"
"JAK3","IGF1R","CAMKK2"
"JAK3","STK3","CAMKK2"
"JAK3","TGFBR2","CAMKK2"
"JAK3","PAK2","CAMKK2"
"JAK3","AKT","CAMKK2"
"JAK3","RACK1","CAMKK2"
"JAK3","MAPK13","CAMKK2"
"JAK3","PIK3CA","CAMKK2"
"JAK3","LEPR","CAMKK2"
"JAK3","mTORC1","CAMKK2"
"JAK3","AHSA1","CAMKK2"
"JAK3","ROCK1","CAMKK2"
"JAK3","RASSF1","CAMKK2"
"JAK3","BTK","CAMKK2"
"JAK3","HSP90AB1","CAMKK2"
"JAK3","SHOC2","CAMKK2"
"JAK3","PTPN12","CAMKK2"
"JAK3","PPP2R5C","CAMKK2"
"JAK3","PAK1","CAMKK2"
"JAK3","TYK2","CAMKK2"
"JAK3","TRAF2","CAMKK2"
"JAK3","MAPK11","CAMKK2"
"JAK3","PTPRA","CAMKK2"
"JAK3","CCR2","CAMKK2"
"JAK3","PSTPIP1","CAMKK2"
"JAK3","RHEB","CAMKK2"
"JAK3","DUSP6","CAMKK2"
"JAK3","PIK3R1","CAMKK2"
"JAK3","CCNE1","CAMKK2"
"JAK3","CDC42","CAMKK2"
"JAK3","PIK3CG","CAMKK2"
"JAK3","SH2B2","CAMKK2"
"JAK3","PPP2R5A","CAMKK2"
"JAK3","CLK2","CAMKK2"
"JAK3","MDM2","CAMKK2"
"JAK3","PLCG1","CAMKK2"
"JAK3","SH2B3","CAMKK2"
"JAK3","PIK3C3","CAMKK2"
"JAK3","WAC","CAMKK2"
"JAK3","DCTN6","CAMKK2"
"JAK3","ACTN1","CAMKK2"
"JAK3","RGCC","CAMKK2"
"JAK3","MAPK8","PPM1D"
"JAK3","MTOR","PPM1D"
"JAK3","AKT1","PPM1D"
"JAK3","CSNK2A1","PPM1D"
"JAK3","KRAS","PPM1D"
"JAK3","RAC1","PPM1D"
"JAK3","IGF1R","PPM1D"
"JAK3","RAB1A","PPM1D"
"JAK3","PRKCZ","PPM1D"
"JAK3","TGFBR2","PPM1D"
"JAK3","PAK2","PPM1D"
"JAK3","AKT","PPM1D"
"JAK3","RACK1","PPM1D"
"JAK3","HRAS","PPM1D"
"JAK3","LEPR","PPM1D"
"JAK3","mTORC1","PPM1D"
"JAK3","AHSA1","PPM1D"
"JAK3","ROCK1","PPM1D"
"JAK3","RASSF1","PPM1D"
"JAK3","SH2B1","PPM1D"
"JAK3","HSP90AB1","PPM1D"
"JAK3","SHOC2","PPM1D"
"JAK3","PTPN12","PPM1D"
"JAK3","PAK1","PPM1D"
"JAK3","TYK2","PPM1D"
"JAK3","DUSP1","PPM1D"
"JAK3","GIT1","PPM1D"
"JAK3","PRKCI","PPM1D"
"JAK3","PTPRA","PPM1D"
"JAK3","PSTPIP1","PPM1D"
"JAK3","DUSP6","PPM1D"
"JAK3","IRS2","PPM1D"
"JAK3","SH2B2","PPM1D"
"JAK3","MDM2","PPM1D"
"JAK3","SPRY2","PPM1D"
"JAK3","SH2B3","PPM1D"
"JAK3","PIK3C3","PPM1D"
"JAK3","TIAM1","PPM1D"
"JAK3","RGCC","PPM1D"
"JAK3","CHUK","FGF14"
"JAK3","MTOR","FGF14"
"JAK3","CSNK2A1","FGF14"
"JAK3","KRAS","FGF14"
"JAK3","RAC1","FGF14"
"JAK3","SGK1","FGF14"
"JAK3","PRKCZ","FGF14"
"JAK3","TGFBR2","FGF14"
"JAK3","AKT","FGF14"
"JAK3","RACK1","FGF14"
"JAK3","MAPK13","FGF14"
"JAK3","LEPR","FGF14"
"JAK3","mTORC1","FGF14"
"JAK3","AHSA1","FGF14"
"JAK3","ROCK1","FGF14"
"JAK3","RASSF1","FGF14"
"JAK3","BTK","FGF14"
"JAK3","PTPN11","FGF14"
"JAK3","SGK3","FGF14"
"JAK3","SH2B1","FGF14"
"JAK3","SHOC2","FGF14"
"JAK3","PPP2R5C","FGF14"
"JAK3","TYK2","FGF14"
"JAK3","DUSP1","FGF14"
"JAK3","GIT1","FGF14"
"JAK3","TRAF2","FGF14"
"JAK3","MAP2K4","FGF14"
"JAK3","RAB7A","FGF14"
"JAK3","EPHA2","FGF14"
"JAK3","NRAS","FGF14"
"JAK3","AR","FGF14"
"JAK3","DUSP3","FGF14"
"JAK3","MAPK11","FGF14"
"JAK3","PRKCI","FGF14"
"JAK3","PARD6A","FGF14"
"JAK3","PTPRA","FGF14"
"JAK3","CCR2","FGF14"
"JAK3","RHEB","FGF14"
"JAK3","DAXX","FGF14"
"JAK3","DUSP6","FGF14"
"JAK3","PIK3R1","FGF14"
"JAK3","IRS2","FGF14"
"JAK3","CDC42","FGF14"
"JAK3","PIK3CG","FGF14"
"JAK3","PPP2R5A","FGF14"
"JAK3","CLK2","FGF14"
"JAK3","YWHAE","FGF14"
"JAK3","SPRY2","FGF14"
"JAK3","RUNX2","FGF14"
"JAK3","SH2B3","FGF14"
"JAK3","PIK3C3","FGF14"
"JAK3","TIAM1","FGF14"
"JAK3","ACTN1","FGF14"
"JAK3","CHUK","MAP3K5"
"JAK3","CILK1","MAP3K5"
"JAK3","PTEN","MAP3K5"
"JAK3","MAPK8","MAP3K5"
"JAK3","MTOR","MAP3K5"
"JAK3","PLK1","MAP3K5"
"JAK3","KRAS","MAP3K5"
"JAK3","RAC1","MAP3K5"
"JAK3","MAP2K7","MAP3K5"
"JAK3","PTPRJ","MAP3K5"
"JAK3","PDPK1","MAP3K5"
"JAK3","IGF1R","MAP3K5"
"JAK3","PRKCB","MAP3K5"
"JAK3","TGFBR2","MAP3K5"
"JAK3","PAK2","MAP3K5"
"JAK3","AKT","MAP3K5"
"JAK3","RACK1","MAP3K5"
"JAK3","HRAS","MAP3K5"
"JAK3","mTORC1","MAP3K5"
"JAK3","RASSF1","MAP3K5"
"JAK3","BTK","MAP3K5"
"JAK3","SGK3","MAP3K5"
"JAK3","HSP90AB1","MAP3K5"
"JAK3","PPP2R5C","MAP3K5"
"JAK3","TYK2","MAP3K5"
"JAK3","GIT1","MAP3K5"
"JAK3","TRAF2","MAP3K5"
"JAK3","EPHA2","MAP3K5"
"JAK3","NRAS","MAP3K5"
"JAK3","AR","MAP3K5"
"JAK3","DUSP3","MAP3K5"
"JAK3","PRKCI","MAP3K5"
"JAK3","PARD6A","MAP3K5"
"JAK3","RHEB","MAP3K5"
"JAK3","DUSP6","MAP3K5"
"JAK3","INPP5D","MAP3K5"
"JAK3","CCNE1","MAP3K5"
"JAK3","IRS2","MAP3K5"
"JAK3","YWHAE","MAP3K5"
"JAK3","PLCG1","MAP3K5"
"JAK3","PIK3C3","MAP3K5"
"JAK3","RND1","MAP3K5"
"JAK3","WAC","MAP3K5"
"JAK3","CHUK","SHOC2"
"JAK3","CTNNB1","SHOC2"
"JAK3","CILK1","SHOC2"
"JAK3","MAPK8","SHOC2"
"JAK3","AKT1","SHOC2"
"JAK3","CSNK2A1","SHOC2"
"JAK3","PLK1","SHOC2"
"JAK3","KRAS","SHOC2"
"JAK3","RAC1","SHOC2"
"JAK3","MAP2K7","SHOC2"
"JAK3","TGFBR1","SHOC2"
"JAK3","RPS6KA1","SHOC2"
"JAK3","PRKCB","SHOC2"
"JAK3","PRKCZ","SHOC2"
"JAK3","TGFBR2","SHOC2"
"JAK3","PAK2","SHOC2"
"JAK3","HRAS","SHOC2"
"JAK3","RASSF1","SHOC2"
"JAK3","BTK","SHOC2"
"JAK3","SGK3","SHOC2"
"JAK3","SH2B1","SHOC2"
"JAK3","HSP90AB1","SHOC2"
"JAK3","PTPN12","SHOC2"
"JAK3","DUSP1","SHOC2"
"JAK3","GIT1","SHOC2"
"JAK3","RAB7A","SHOC2"
"JAK3","AR","SHOC2"
"JAK3","MAPK11","SHOC2"
"JAK3","DAXX","SHOC2"
"JAK3","CCNE1","SHOC2"
"JAK3","CDC42","SHOC2"
"JAK3","CLK2","SHOC2"
"JAK3","PLCG1","SHOC2"
"JAK3","TIAM1","SHOC2"
"JAK3","WAC","SHOC2"
"JAK3","BANP","SHOC2"
"JAK3","ACTN1","SHOC2"
"JAK3","CTNNB1","PTPN12"
"JAK3","CILK1","PTPN12"
"JAK3","PTEN","PTPN12"
"JAK3","CSNK2A1","PTPN12"
"JAK3","PLK1","PTPN12"
"JAK3","KRAS","PTPN12"
"JAK3","PDPK1","PTPN12"
"JAK3","MAP3K14","PTPN12"
"JAK3","SGK1","PTPN12"
"JAK3","IGF1R","PTPN12"
"JAK3","PRKCB","PTPN12"
"JAK3","STK3","PTPN12"
"JAK3","RAB1A","PTPN12"
"JAK3","PAK2","PTPN12"
"JAK3","MAPK13","PTPN12"
"JAK3","LEPR","PTPN12"
"JAK3","ROCK1","PTPN12"
"JAK3","RASSF1","PTPN12"
"JAK3","BTK","PTPN12"
"JAK3","SGK3","PTPN12"
"JAK3","HSP90AB1","PTPN12"
"JAK3","SHOC2","PTPN12"
"JAK3","PPP2R5C","PTPN12"
"JAK3","TYK2","PTPN12"
"JAK3","DUSP1","PTPN12"
"JAK3","MAP2K4","PTPN12"
"JAK3","RAB7A","PTPN12"
"JAK3","EPHA2","PTPN12"
"JAK3","NRAS","PTPN12"
"JAK3","AR","PTPN12"
"JAK3","DUSP3","PTPN12"
"JAK3","MAPK11","PTPN12"
"JAK3","PRKCI","PTPN12"
"JAK3","PTPRA","PTPN12"
"JAK3","CCR2","PTPN12"
"JAK3","DAXX","PTPN12"
"JAK3","DUSP6","PTPN12"
"JAK3","IRS2","PTPN12"
"JAK3","CDC42","PTPN12"
"JAK3","PIK3CG","PTPN12"
"JAK3","SH2B2","PTPN12"
"JAK3","CLK2","PTPN12"
"JAK3","YWHAE","PTPN12"
"JAK3","PLCG1","PTPN12"
"JAK3","RUNX2","PTPN12"
"JAK3","SH2B3","PTPN12"
"JAK3","PIK3C3","PTPN12"
"JAK3","RND1","PTPN12"
"JAK3","TIAM1","PTPN12"
"JAK3","RGCC","PTPN12"
"JAK3","CHUK","PPP2R5C"
"JAK3","CTNNB1","PPP2R5C"
"JAK3","CSNK2A1","PPP2R5C"
"JAK3","KRAS","PPP2R5C"
"JAK3","RAC1","PPP2R5C"
"JAK3","PTPRJ","PPP2R5C"
"JAK3","TGFBR1","PPP2R5C"
"JAK3","PPP1CA","PPP2R5C"
"JAK3","MAP3K14","PPP2R5C"
"JAK3","RPS6KA1","PPP2R5C"
"JAK3","SGK1","PPP2R5C"
"JAK3","PRKCB","PPP2R5C"
"JAK3","RAB1A","PPP2R5C"
"JAK3","TGFBR2","PPP2R5C"
"JAK3","AKT","PPP2R5C"
"JAK3","HRAS","PPP2R5C"
"JAK3","RPS6KA3","PPP2R5C"
"JAK3","ROCK1","PPP2R5C"
"JAK3","PTPN11","PPP2R5C"
"JAK3","SGK3","PPP2R5C"
"JAK3","PAK1","PPP2R5C"
"JAK3","ZAP70","PPP2R5C"
"JAK3","GIT1","PPP2R5C"
"JAK3","RAB7A","PPP2R5C"
"JAK3","NRAS","PPP2R5C"
"JAK3","MAPK11","PPP2R5C"
"JAK3","UNC5A","PPP2R5C"
"JAK3","PRKCI","PPP2R5C"
"JAK3","PARD6A","PPP2R5C"
"JAK3","PTPRA","PPP2R5C"
"JAK3","CCR2","PPP2R5C"
"JAK3","PSTPIP1","PPP2R5C"
"JAK3","RHEB","PPP2R5C"
"JAK3","DAXX","PPP2R5C"
"JAK3","INPP5D","PPP2R5C"
"JAK3","YWHAE","PPP2R5C"
"JAK3","PLCG1","PPP2R5C"
"JAK3","SPRY2","PPP2R5C"
"JAK3","RUNX2","PPP2R5C"
"JAK3","SH2B3","PPP2R5C"
"JAK3","PIK3C3","PPP2R5C"
"JAK3","RND1","PPP2R5C"
"JAK3","TIAM1","PPP2R5C"
"JAK3","DCTN6","PPP2R5C"
"JAK3","ACTN1","PPP2R5C"
"JAK3","RGCC","PPP2R5C"
"JAK3","CTNNB1","PAK1"
"JAK3","MAPK8","PAK1"
"JAK3","MTOR","PAK1"
"JAK3","AKT1","PAK1"
"JAK3","KRAS","PAK1"
"JAK3","RAC1","PAK1"
"JAK3","MAP2K7","PAK1"
"JAK3","PTPRJ","PAK1"
"JAK3","PPP1CA","PAK1"
"JAK3","PDPK1","PAK1"
"JAK3","RPS6KA1","PAK1"
"JAK3","IGF1R","PAK1"
"JAK3","PRKCB","PAK1"
"JAK3","STK3","PAK1"
"JAK3","RAB1A","PAK1"
"JAK3","PRKCZ","PAK1"
"JAK3","AKT","PAK1"
"JAK3","RACK1","PAK1"
"JAK3","MAPK13","PAK1"
"JAK3","PIK3CA","PAK1"
"JAK3","RPS6KA3","PAK1"
"JAK3","mTORC1","PAK1"
"JAK3","AHSA1","PAK1"
"JAK3","ROCK1","PAK1"
"JAK3","RASSF1","PAK1"
"JAK3","BTK","PAK1"
"JAK3","PTPN11","PAK1"
"JAK3","SHOC2","PAK1"
"JAK3","PTPN12","PAK1"
"JAK3","ZAP70","PAK1"
"JAK3","DUSP1","PAK1"
"JAK3","TRAF2","PAK1"
"JAK3","RAB7A","PAK1"
"JAK3","MAPK11","PAK1"
"JAK3","UNC5A","PAK1"
"JAK3","PRKCI","PAK1"
"JAK3","PARD6A","PAK1"
"JAK3","PTPRA","PAK1"
"JAK3","PSTPIP1","PAK1"
"JAK3","DAXX","PAK1"
"JAK3","INPP5D","PAK1"
"JAK3","PIK3R1","PAK1"
"JAK3","CCNE1","PAK1"
"JAK3","IRS2","PAK1"
"JAK3","CDC42","PAK1"
"JAK3","PIK3CG","PAK1"
"JAK3","CLK2","PAK1"
"JAK3","MDM2","PAK1"
"JAK3","YWHAE","PAK1"
"JAK3","SPRY2","PAK1"
"JAK3","PIK3C3","PAK1"
"JAK3","RND1","PAK1"
"JAK3","TIAM1","PAK1"
"JAK3","DCTN6","PAK1"
"JAK3","ACTN1","PAK1"
"JAK3","RGCC","PAK1"
"JAK3","PTPRJ","MET"
"JAK3","CTNNB1","TYK2"
"JAK3","CILK1","TYK2"
"JAK3","PTEN","TYK2"
"JAK3","MAPK8","TYK2"
"JAK3","AKT1","TYK2"
"JAK3","CSNK2A1","TYK2"
"JAK3","RPS6K","TYK2"
"JAK3","ERK1/2","TYK2"
"JAK3","PLK1","TYK2"
"JAK3","MAP2K7","TYK2"
"JAK3","PTPRJ","TYK2"
"JAK3","PPP1CA","TYK2"
"JAK3","PDPK1","TYK2"
"JAK3","RPS6KA1","TYK2"
"JAK3","SGK1","TYK2"
"JAK3","IGF1R","TYK2"
"JAK3","STK3","TYK2"
"JAK3","RAB1A","TYK2"
"JAK3","PRKCZ","TYK2"
"JAK3","TGFBR2","TYK2"
"JAK3","PAK2","TYK2"
"JAK3","AKT","TYK2"
"JAK3","MAPK13","TYK2"
"JAK3","mTORC1","TYK2"
"JAK3","AHSA1","TYK2"
"JAK3","ROCK1","TYK2"
"JAK3","BTK","TYK2"
"JAK3","SGK3","TYK2"
"JAK3","SHOC2","TYK2"
"JAK3","PTPN12","TYK2"
"JAK3","PAK1","TYK2"
"JAK3","ZAP70","TYK2"
"JAK3","GIT1","TYK2"
"JAK3","MAP2K4","TYK2"
"JAK3","EPHA2","TYK2"
"JAK3","AR","TYK2"
"JAK3","UNC5A","TYK2"
"JAK3","PTPRA","TYK2"
"JAK3","PSTPIP1","TYK2"
"JAK3","PIK3R1","TYK2"
"JAK3","CCNE1","TYK2"
"JAK3","PIK3CG","TYK2"
"JAK3","PLCG1","TYK2"
"JAK3","SPRY2","TYK2"
"JAK3","SH2B3","TYK2"
"JAK3","PIK3C3","TYK2"
"JAK3","WAC","TYK2"
"JAK3","RGCC","TYK2"
"JAK3","CHUK","MAP2K2"
"JAK3","CTNNB1","MAP2K2"
"JAK3","PTEN","MAP2K2"
"JAK3","MAPK8","MAP2K2"
"JAK3","MTOR","MAP2K2"
"JAK3","AKT1","MAP2K2"
"JAK3","RAC1","MAP2K2"
"JAK3","PTPRJ","MAP2K2"
"JAK3","TGFBR1","MAP2K2"
"JAK3","PPP1CA","MAP2K2"
"JAK3","MAP3K14","MAP2K2"
"JAK3","RPS6KA1","MAP2K2"
"JAK3","IGF1R","MAP2K2"
"JAK3","PRKCB","MAP2K2"
"JAK3","STK3","MAP2K2"
"JAK3","RAB1A","MAP2K2"
"JAK3","MAPK13","MAP2K2"
"JAK3","LEPR","MAP2K2"
"JAK3","mTORC1","MAP2K2"
"JAK3","AHSA1","MAP2K2"
"JAK3","ROCK1","MAP2K2"
"JAK3","RASSF1","MAP2K2"
"JAK3","BTK","MAP2K2"
"JAK3","PTPN11","MAP2K2"
"JAK3","HSP90AB1","MAP2K2"
"JAK3","SHOC2","MAP2K2"
"JAK3","PTPN12","MAP2K2"
"JAK3","PPP2R5C","MAP2K2"
"JAK3","PAK1","MAP2K2"
"JAK3","RAB7A","MAP2K2"
"JAK3","AR","MAP2K2"
"JAK3","DUSP3","MAP2K2"
"JAK3","MAPK11","MAP2K2"
"JAK3","PRKCI","MAP2K2"
"JAK3","DAXX","MAP2K2"
"JAK3","DUSP6","MAP2K2"
"JAK3","IRS2","MAP2K2"
"JAK3","PLCG1","MAP2K2"
"JAK3","SPRY2","MAP2K2"
"JAK3","SH2B3","MAP2K2"
"JAK3","WAC","MAP2K2"
"JAK3","DCTN6","MAP2K2"
"JAK3","MTOR","ZAP70"
"JAK3","AKT1","ZAP70"
"JAK3","PDPK1","ZAP70"
"JAK3","RPS6KA1","ZAP70"
"JAK3","SGK1","ZAP70"
"JAK3","TGFBR2","ZAP70"
"JAK3","PAK2","ZAP70"
"JAK3","AKT","ZAP70"
"JAK3","RACK1","ZAP70"
"JAK3","HRAS","ZAP70"
"JAK3","MAPK13","ZAP70"
"JAK3","RPS6KA3","ZAP70"
"JAK3","ROCK1","ZAP70"
"JAK3","RASSF1","ZAP70"
"JAK3","BTK","ZAP70"
"JAK3","SGK3","ZAP70"
"JAK3","SH2B1","ZAP70"
"JAK3","HSP90AB1","ZAP70"
"JAK3","PTPN12","ZAP70"
"JAK3","PPP2R5C","ZAP70"
"JAK3","TYK2","ZAP70"
"JAK3","DUSP1","ZAP70"
"JAK3","GIT1","ZAP70"
"JAK3","TRAF2","ZAP70"
"JAK3","MAP2K4","ZAP70"
"JAK3","EPHA2","ZAP70"
"JAK3","AR","ZAP70"
"JAK3","MAPK11","ZAP70"
"JAK3","UNC5A","ZAP70"
"JAK3","PARD6A","ZAP70"
"JAK3","PTPRA","ZAP70"
"JAK3","CCR2","ZAP70"
"JAK3","RHEB","ZAP70"
"JAK3","DAXX","ZAP70"
"JAK3","DUSP6","ZAP70"
"JAK3","INPP5D","ZAP70"
"JAK3","CCNE1","ZAP70"
"JAK3","CDC42","ZAP70"
"JAK3","PIK3CG","ZAP70"
"JAK3","SH2B2","ZAP70"
"JAK3","PPP2R5A","ZAP70"
"JAK3","CLK2","ZAP70"
"JAK3","PLCG1","ZAP70"
"JAK3","SPRY2","ZAP70"
"JAK3","RUNX2","ZAP70"
"JAK3","PIK3C3","ZAP70"
"JAK3","TIAM1","ZAP70"
"JAK3","WAC","ZAP70"
"JAK3","BANP","ZAP70"
"JAK3","DCTN6","ZAP70"
"JAK3","CTNNB1","MAP3K3"
"JAK3","CILK1","MAP3K3"
"JAK3","PTEN","MAP3K3"
"JAK3","MAPK8","MAP3K3"
"JAK3","PLK1","MAP3K3"
"JAK3","KRAS","MAP3K3"
"JAK3","PTPRJ","MAP3K3"
"JAK3","PPP1CA","MAP3K3"
"JAK3","RPS6KA1","MAP3K3"
"JAK3","IGF1R","MAP3K3"
"JAK3","PRKCB","MAP3K3"
"JAK3","STK3","MAP3K3"
"JAK3","RAB1A","MAP3K3"
"JAK3","RACK1","MAP3K3"
"JAK3","PIK3CA","MAP3K3"
"JAK3","mTORC1","MAP3K3"
"JAK3","RASSF1","MAP3K3"
"JAK3","BTK","MAP3K3"
"JAK3","SH2B1","MAP3K3"
"JAK3","ZAP70","MAP3K3"
"JAK3","DUSP1","MAP3K3"
"JAK3","TRAF2","MAP3K3"
"JAK3","NRAS","MAP3K3"
"JAK3","DUSP3","MAP3K3"
"JAK3","PRKCI","MAP3K3"
"JAK3","PTPRA","MAP3K3"
"JAK3","INPP5D","MAP3K3"
"JAK3","PIK3CG","MAP3K3"
"JAK3","SH2B2","MAP3K3"
"JAK3","PPP2R5A","MAP3K3"
"JAK3","MDM2","MAP3K3"
"JAK3","SPRY2","MAP3K3"
"JAK3","ACTN1","MAP3K3"
"JAK3","CILK1","DUSP1"
"JAK3","MAPK8","DUSP1"
"JAK3","MTOR","DUSP1"
"JAK3","AKT1","DUSP1"
"JAK3","CSNK2A1","DUSP1"
"JAK3","RAC1","DUSP1"
"JAK3","PTPRJ","DUSP1"
"JAK3","TGFBR1","DUSP1"
"JAK3","MAP3K14","DUSP1"
"JAK3","SGK1","DUSP1"
"JAK3","IGF1R","DUSP1"
"JAK3","STK3","DUSP1"
"JAK3","RAB1A","DUSP1"
"JAK3","TGFBR2","DUSP1"
"JAK3","PAK2","DUSP1"
"JAK3","RACK1","DUSP1"
"JAK3","MAPK13","DUSP1"
"JAK3","PIK3CA","DUSP1"
"JAK3","LEPR","DUSP1"
"JAK3","RPS6KA3","DUSP1"
"JAK3","mTORC1","DUSP1"
"JAK3","ROCK1","DUSP1"
"JAK3","RASSF1","DUSP1"
"JAK3","SGK3","DUSP1"
"JAK3","SH2B1","DUSP1"
"JAK3","HSP90AB1","DUSP1"
"JAK3","PTPN12","DUSP1"
"JAK3","PPP2R5C","DUSP1"
"JAK3","PAK1","DUSP1"
"JAK3","ZAP70","DUSP1"
"JAK3","MAP2K4","DUSP1"
"JAK3","RAB7A","DUSP1"
"JAK3","NRAS","DUSP1"
"JAK3","MAPK11","DUSP1"
"JAK3","PRKCI","DUSP1"
"JAK3","PARD6A","DUSP1"
"JAK3","PTPRA","DUSP1"
"JAK3","CCR2","DUSP1"
"JAK3","PSTPIP1","DUSP1"
"JAK3","RHEB","DUSP1"
"JAK3","DAXX","DUSP1"
"JAK3","PIK3R1","DUSP1"
"JAK3","CCNE1","DUSP1"
"JAK3","IRS2","DUSP1"
"JAK3","CDC42","DUSP1"
"JAK3","SH2B2","DUSP1"
"JAK3","PPP2R5A","DUSP1"
"JAK3","CLK2","DUSP1"
"JAK3","MDM2","DUSP1"
"JAK3","YWHAE","DUSP1"
"JAK3","PLCG1","DUSP1"
"JAK3","SPRY2","DUSP1"
"JAK3","RUNX2","DUSP1"
"JAK3","SH2B3","DUSP1"
"JAK3","WAC","DUSP1"
"JAK3","BANP","DUSP1"
"JAK3","DCTN6","DUSP1"
"JAK3","ACTN1","DUSP1"
"JAK3","CHUK","PPP3CC"
"JAK3","CTNNB1","PPP3CC"
"JAK3","MAPK8","PPP3CC"
"JAK3","MTOR","PPP3CC"
"JAK3","AKT1","PPP3CC"
"JAK3","CSNK2A1","PPP3CC"
"JAK3","KRAS","PPP3CC"
"JAK3","RAC1","PPP3CC"
"JAK3","PTPRJ","PPP3CC"
"JAK3","TGFBR1","PPP3CC"
"JAK3","PPP1CA","PPP3CC"
"JAK3","PDPK1","PPP3CC"
"JAK3","MAP3K14","PPP3CC"
"JAK3","RPS6KA1","PPP3CC"
"JAK3","PRKCB","PPP3CC"
"JAK3","STK3","PPP3CC"
"JAK3","RAB1A","PPP3CC"
"JAK3","PRKCZ","PPP3CC"
"JAK3","PAK2","PPP3CC"
"JAK3","AKT","PPP3CC"
"JAK3","MAPK13","PPP3CC"
"JAK3","LEPR","PPP3CC"
"JAK3","RPS6KA3","PPP3CC"
"JAK3","AHSA1","PPP3CC"
"JAK3","ROCK1","PPP3CC"
"JAK3","RASSF1","PPP3CC"
"JAK3","SH2B1","PPP3CC"
"JAK3","HSP90AB1","PPP3CC"
"JAK3","SHOC2","PPP3CC"
"JAK3","PTPN12","PPP3CC"
"JAK3","PAK1","PPP3CC"
"JAK3","ZAP70","PPP3CC"
"JAK3","DUSP1","PPP3CC"
"JAK3","GIT1","PPP3CC"
"JAK3","RAB7A","PPP3CC"
"JAK3","AR","PPP3CC"
"JAK3","DUSP3","PPP3CC"
"JAK3","MAPK11","PPP3CC"
"JAK3","UNC5A","PPP3CC"
"JAK3","PRKCI","PPP3CC"
"JAK3","PARD6A","PPP3CC"
"JAK3","PTPRA","PPP3CC"
"JAK3","CCR2","PPP3CC"
"JAK3","PSTPIP1","PPP3CC"
"JAK3","RHEB","PPP3CC"
"JAK3","DAXX","PPP3CC"
"JAK3","PIK3R1","PPP3CC"
"JAK3","CCNE1","PPP3CC"
"JAK3","CDC42","PPP3CC"
"JAK3","SH2B2","PPP3CC"
"JAK3","PPP2R5A","PPP3CC"
"JAK3","PIK3C3","PPP3CC"
"JAK3","RND1","PPP3CC"
"JAK3","TIAM1","PPP3CC"
"JAK3","ACTN1","PPP3CC"
"JAK3","RGCC","PPP3CC"
"JAK3","CILK1","PML"
"JAK3","PTEN","PML"
"JAK3","MTOR","PML"
"JAK3","AKT1","PML"
"JAK3","KRAS","PML"
"JAK3","RAC1","PML"
"JAK3","PTPRJ","PML"
"JAK3","PPP1CA","PML"
"JAK3","IGF1R","PML"
"JAK3","PAK2","PML"
"JAK3","mTORC1","PML"
"JAK3","AHSA1","PML"
"JAK3","ROCK1","PML"
"JAK3","RASSF1","PML"
"JAK3","SGK3","PML"
"JAK3","SH2B1","PML"
"JAK3","HSP90AB1","PML"
"JAK3","SHOC2","PML"
"JAK3","PPP2R5C","PML"
"JAK3","TYK2","PML"
"JAK3","TRAF2","PML"
"JAK3","RAB7A","PML"
"JAK3","EPHA2","PML"
"JAK3","NRAS","PML"
"JAK3","DUSP3","PML"
"JAK3","MAPK11","PML"
"JAK3","UNC5A","PML"
"JAK3","PRKCI","PML"
"JAK3","CCR2","PML"
"JAK3","PSTPIP1","PML"
"JAK3","DAXX","PML"
"JAK3","DUSP6","PML"
"JAK3","INPP5D","PML"
"JAK3","PIK3R1","PML"
"JAK3","IRS2","PML"
"JAK3","SH2B2","PML"
"JAK3","PPP2R5A","PML"
"JAK3","CLK2","PML"
"JAK3","PLCG1","PML"
"JAK3","SPRY2","PML"
"JAK3","RUNX2","PML"
"JAK3","SH2B3","PML"
"JAK3","ACTN1","PML"
"JAK3","RGCC","PML"
"JAK3","CILK1","MAPK10"
"JAK3","PTEN","MAPK10"
"JAK3","MAPK8","MAPK10"
"JAK3","AKT1","MAPK10"
"JAK3","MAP2K7","MAPK10"
"JAK3","PTPRJ","MAPK10"
"JAK3","TGFBR1","MAPK10"
"JAK3","PDPK1","MAPK10"
"JAK3","MAP3K14","MAPK10"
"JAK3","RPS6KA1","MAPK10"
"JAK3","SGK1","MAPK10"
"JAK3","IGF1R","MAPK10"
"JAK3","PRKCB","MAPK10"
"JAK3","RAB1A","MAPK10"
"JAK3","PRKCZ","MAPK10"
"JAK3","AKT","MAPK10"
"JAK3","RACK1","MAPK10"
"JAK3","HRAS","MAPK10"
"JAK3","LEPR","MAPK10"
"JAK3","RPS6KA3","MAPK10"
"JAK3","SHOC2","MAPK10"
"JAK3","PTPN12","MAPK10"
"JAK3","TYK2","MAPK10"
"JAK3","DUSP1","MAPK10"
"JAK3","TRAF2","MAPK10"
"JAK3","MAP2K4","MAPK10"
"JAK3","RAB7A","MAPK10"
"JAK3","NRAS","MAPK10"
"JAK3","MAPK11","MAPK10"
"JAK3","UNC5A","MAPK10"
"JAK3","PARD6A","MAPK10"
"JAK3","CCR2","MAPK10"
"JAK3","PSTPIP1","MAPK10"
"JAK3","RHEB","MAPK10"
"JAK3","DAXX","MAPK10"
"JAK3","DUSP6","MAPK10"
"JAK3","CDC42","MAPK10"
"JAK3","PPP2R5A","MAPK10"
"JAK3","RUNX2","MAPK10"
"JAK3","SH2B3","MAPK10"
"JAK3","RND1","MAPK10"
"JAK3","TIAM1","MAPK10"
"JAK3","WAC","MAPK10"
"JAK3","DUSP3","DYRK1B"
"JAK3","PTEN","GIT1"
"JAK3","MAPK8","GIT1"
"JAK3","KRAS","GIT1"
"JAK3","PPP1CA","GIT1"
"JAK3","RPS6KA1","GIT1"
"JAK3","STK3","GIT1"
"JAK3","PRKCZ","GIT1"
"JAK3","AHSA1","GIT1"
"JAK3","ROCK1","GIT1"
"JAK3","SH2B1","GIT1"
"JAK3","PTPN12","GIT1"
"JAK3","PPP2R5C","GIT1"
"JAK3","DUSP1","GIT1"
"JAK3","MAP2K4","GIT1"
"JAK3","CDC42","GIT1"
"JAK3","SH2B2","GIT1"
"JAK3","PPP2R5A","GIT1"
"JAK3","YWHAE","GIT1"
"JAK3","SH2B3","GIT1"
"JAK3","PIK3C3","GIT1"
"JAK3","CILK1","INPPL1"
"JAK3","MAPK8","INPPL1"
"JAK3","RAC1","INPPL1"
"JAK3","PPP1CA","INPPL1"
"JAK3","SGK1","INPPL1"
"JAK3","IGF1R","INPPL1"
"JAK3","STK3","INPPL1"
"JAK3","RAB1A","INPPL1"
"JAK3","MAPK13","INPPL1"
"JAK3","PIK3CA","INPPL1"
"JAK3","RASSF1","INPPL1"
"JAK3","SH2B1","INPPL1"
"JAK3","SHOC2","INPPL1"
"JAK3","PPP2R5C","INPPL1"
"JAK3","PAK1","INPPL1"
"JAK3","EPHA2","INPPL1"
"JAK3","NRAS","INPPL1"
"JAK3","MAPK11","INPPL1"
"JAK3","PRKCI","INPPL1"
"JAK3","PARD6A","INPPL1"
"JAK3","PSTPIP1","INPPL1"
"JAK3","RHEB","INPPL1"
"JAK3","INPP5D","INPPL1"
"JAK3","CDC42","INPPL1"
"JAK3","PIK3CG","INPPL1"
"JAK3","CLK2","INPPL1"
"JAK3","MDM2","INPPL1"
"JAK3","RUNX2","INPPL1"
"JAK3","SH2B3","INPPL1"
"JAK3","RND1","INPPL1"
"JAK3","WAC","INPPL1"
"JAK3","DCTN6","INPPL1"
"JAK3","ACTN1","INPPL1"
"JAK3","RGCC","INPPL1"
"JAK3","CILK1","PKN2"
"JAK3","PTEN","PKN2"
"JAK3","AKT1","PKN2"
"JAK3","PLK1","PKN2"
"JAK3","KRAS","PKN2"
"JAK3","MAP2K7","PKN2"
"JAK3","TGFBR1","PKN2"
"JAK3","MAP3K14","PKN2"
"JAK3","RPS6KA1","PKN2"
"JAK3","SGK1","PKN2"
"JAK3","IGF1R","PKN2"
"JAK3","STK3","PKN2"
"JAK3","PAK2","PKN2"
"JAK3","AKT","PKN2"
"JAK3","RACK1","PKN2"
"JAK3","HRAS","PKN2"
"JAK3","PIK3CA","PKN2"
"JAK3","AHSA1","PKN2"
"JAK3","ROCK1","PKN2"
"JAK3","RASSF1","PKN2"
"JAK3","BTK","PKN2"
"JAK3","SH2B1","PKN2"
"JAK3","SHOC2","PKN2"
"JAK3","PPP2R5C","PKN2"
"JAK3","TYK2","PKN2"
"JAK3","ZAP70","PKN2"
"JAK3","GIT1","PKN2"
"JAK3","TRAF2","PKN2"
"JAK3","MAP2K4","PKN2"
"JAK3","RAB7A","PKN2"
"JAK3","EPHA2","PKN2"
"JAK3","NRAS","PKN2"
"JAK3","DUSP3","PKN2"
"JAK3","MAPK11","PKN2"
"JAK3","UNC5A","PKN2"
"JAK3","CCR2","PKN2"
"JAK3","PSTPIP1","PKN2"
"JAK3","RHEB","PKN2"
"JAK3","INPP5D","PKN2"
"JAK3","CCNE1","PKN2"
"JAK3","CDC42","PKN2"
"JAK3","SH2B3","PKN2"
"JAK3","PIK3C3","PKN2"
"JAK3","WAC","PKN2"
"JAK3","RGCC","PKN2"
"JAK3","MTOR","CAMKK1"
"JAK3","CSNK2A1","CAMKK1"
"JAK3","PTPRJ","CAMKK1"
"JAK3","TGFBR1","CAMKK1"
"JAK3","PPP1CA","CAMKK1"
"JAK3","PDPK1","CAMKK1"
"JAK3","MAP3K14","CAMKK1"
"JAK3","SGK1","CAMKK1"
"JAK3","IGF1R","CAMKK1"
"JAK3","PRKCB","CAMKK1"
"JAK3","PRKCZ","CAMKK1"
"JAK3","RACK1","CAMKK1"
"JAK3","HRAS","CAMKK1"
"JAK3","MAPK13","CAMKK1"
"JAK3","LEPR","CAMKK1"
"JAK3","mTORC1","CAMKK1"
"JAK3","AHSA1","CAMKK1"
"JAK3","ROCK1","CAMKK1"
"JAK3","BTK","CAMKK1"
"JAK3","SH2B1","CAMKK1"
"JAK3","HSP90AB1","CAMKK1"
"JAK3","SHOC2","CAMKK1"
"JAK3","PPP2R5C","CAMKK1"
"JAK3","PAK1","CAMKK1"
"JAK3","TYK2","CAMKK1"
"JAK3","ZAP70","CAMKK1"
"JAK3","DUSP1","CAMKK1"
"JAK3","GIT1","CAMKK1"
"JAK3","TRAF2","CAMKK1"
"JAK3","MAP2K4","CAMKK1"
"JAK3","RAB7A","CAMKK1"
"JAK3","DUSP3","CAMKK1"
"JAK3","MAPK11","CAMKK1"
"JAK3","PRKCI","CAMKK1"
"JAK3","CCR2","CAMKK1"
"JAK3","PSTPIP1","CAMKK1"
"JAK3","RHEB","CAMKK1"
"JAK3","INPP5D","CAMKK1"
"JAK3","PIK3R1","CAMKK1"
"JAK3","IRS2","CAMKK1"
"JAK3","PIK3CG","CAMKK1"
"JAK3","SH2B2","CAMKK1"
"JAK3","CLK2","CAMKK1"
"JAK3","YWHAE","CAMKK1"
"JAK3","PLCG1","CAMKK1"
"JAK3","SPRY2","CAMKK1"
"JAK3","SH2B3","CAMKK1"
"JAK3","TIAM1","CAMKK1"
"JAK3","WAC","CAMKK1"
"JAK3","DCTN6","CAMKK1"
"JAK3","ACTN1","CAMKK1"
"JAK3","CTNNB1","GNA13"
"JAK3","CILK1","GNA13"
"JAK3","PTEN","GNA13"
"JAK3","MAPK8","GNA13"
"JAK3","MTOR","GNA13"
"JAK3","AKT1","GNA13"
"JAK3","CSNK2A1","GNA13"
"JAK3","PLK1","GNA13"
"JAK3","MAP2K7","GNA13"
"JAK3","PTPRJ","GNA13"
"JAK3","PDPK1","GNA13"
"JAK3","MAP3K14","GNA13"
"JAK3","RPS6KA1","GNA13"
"JAK3","SGK1","GNA13"
"JAK3","PRKCB","GNA13"
"JAK3","PAK2","GNA13"
"JAK3","AKT","GNA13"
"JAK3","RACK1","GNA13"
"JAK3","HRAS","GNA13"
"JAK3","MAPK13","GNA13"
"JAK3","LEPR","GNA13"
"JAK3","mTORC1","GNA13"
"JAK3","ROCK1","GNA13"
"JAK3","RASSF1","GNA13"
"JAK3","SGK3","GNA13"
"JAK3","SH2B1","GNA13"
"JAK3","HSP90AB1","GNA13"
"JAK3","SHOC2","GNA13"
"JAK3","PAK1","GNA13"
"JAK3","ZAP70","GNA13"
"JAK3","MAP2K4","GNA13"
"JAK3","RAB7A","GNA13"
"JAK3","AR","GNA13"
"JAK3","MAPK11","GNA13"
"JAK3","UNC5A","GNA13"
"JAK3","PRKCI","GNA13"
"JAK3","PTPRA","GNA13"
"JAK3","PSTPIP1","GNA13"
"JAK3","DAXX","GNA13"
"JAK3","PIK3R1","GNA13"
"JAK3","IRS2","GNA13"
"JAK3","CDC42","GNA13"
"JAK3","PIK3CG","GNA13"
"JAK3","SH2B2","GNA13"
"JAK3","YWHAE","GNA13"
"JAK3","SPRY2","GNA13"
"JAK3","RUNX2","GNA13"
"JAK3","SH2B3","GNA13"
"JAK3","PIK3C3","GNA13"
"JAK3","RND1","GNA13"
"JAK3","TIAM1","GNA13"
"JAK3","BANP","GNA13"
"JAK3","ACTN1","GNA13"
"JAK3","RGCC","GNA13"
"JAK3","CTNNB1","SPRED1"
"JAK3","PTEN","SPRED1"
"JAK3","MTOR","SPRED1"
"JAK3","AKT1","SPRED1"
"JAK3","CSNK2A1","SPRED1"
"JAK3","KRAS","SPRED1"
"JAK3","MAP2K7","SPRED1"
"JAK3","PTPRJ","SPRED1"
"JAK3","TGFBR1","SPRED1"
"JAK3","MAP3K14","SPRED1"
"JAK3","IGF1R","SPRED1"
"JAK3","PRKCB","SPRED1"
"JAK3","STK3","SPRED1"
"JAK3","RAB1A","SPRED1"
"JAK3","PRKCZ","SPRED1"
"JAK3","PAK2","SPRED1"
"JAK3","RACK1","SPRED1"
"JAK3","PIK3CA","SPRED1"
"JAK3","LEPR","SPRED1"
"JAK3","AHSA1","SPRED1"
"JAK3","ROCK1","SPRED1"
"JAK3","RASSF1","SPRED1"
"JAK3","BTK","SPRED1"
"JAK3","PTPN11","SPRED1"
"JAK3","HSP90AB1","SPRED1"
"JAK3","PTPN12","SPRED1"
"JAK3","PPP2R5C","SPRED1"
"JAK3","PAK1","SPRED1"
"JAK3","TYK2","SPRED1"
"JAK3","ZAP70","SPRED1"
"JAK3","DUSP1","SPRED1"
"JAK3","RAB7A","SPRED1"
"JAK3","NRAS","SPRED1"
"JAK3","DUSP3","SPRED1"
"JAK3","UNC5A","SPRED1"
"JAK3","PRKCI","SPRED1"
"JAK3","CCR2","SPRED1"
"JAK3","PSTPIP1","SPRED1"
"JAK3","INPP5D","SPRED1"
"JAK3","PIK3R1","SPRED1"
"JAK3","CCNE1","SPRED1"
"JAK3","IRS2","SPRED1"
"JAK3","PIK3CG","SPRED1"
"JAK3","PPP2R5A","SPRED1"
"JAK3","CLK2","SPRED1"
"JAK3","YWHAE","SPRED1"
"JAK3","PLCG1","SPRED1"
"JAK3","SH2B3","SPRED1"
"JAK3","RND1","SPRED1"
"JAK3","TIAM1","SPRED1"
"JAK3","DCTN6","SPRED1"
"JAK3","ACTN1","SPRED1"
"JAK3","RGCC","SPRED1"
"JAK3","PTEN","PTK7"
"JAK3","MTOR","PTK7"
"JAK3","CSNK2A1","PTK7"
"JAK3","MAP2K7","PTK7"
"JAK3","PTPRJ","PTK7"
"JAK3","TGFBR1","PTK7"
"JAK3","PPP1CA","PTK7"
"JAK3","PDPK1","PTK7"
"JAK3","MAP3K14","PTK7"
"JAK3","SGK1","PTK7"
"JAK3","IGF1R","PTK7"
"JAK3","PRKCB","PTK7"
"JAK3","STK3","PTK7"
"JAK3","RAB1A","PTK7"
"JAK3","PRKCZ","PTK7"
"JAK3","TGFBR2","PTK7"
"JAK3","AKT","PTK7"
"JAK3","HRAS","PTK7"
"JAK3","PIK3CA","PTK7"
"JAK3","LEPR","PTK7"
"JAK3","RPS6KA3","PTK7"
"JAK3","BTK","PTK7"
"JAK3","SGK3","PTK7"
"JAK3","PTPN12","PTK7"
"JAK3","PPP2R5C","PTK7"
"JAK3","GIT1","PTK7"
"JAK3","TRAF2","PTK7"
"JAK3","EPHA2","PTK7"
"JAK3","AR","PTK7"
"JAK3","MAPK11","PTK7"
"JAK3","UNC5A","PTK7"
"JAK3","PARD6A","PTK7"
"JAK3","CCR2","PTK7"
"JAK3","PSTPIP1","PTK7"
"JAK3","RHEB","PTK7"
"JAK3","DAXX","PTK7"
"JAK3","CCNE1","PTK7"
"JAK3","CDC42","PTK7"
"JAK3","PIK3CG","PTK7"
"JAK3","PPP2R5A","PTK7"
"JAK3","CLK2","PTK7"
"JAK3","MDM2","PTK7"
"JAK3","YWHAE","PTK7"
"JAK3","SPRY2","PTK7"
"JAK3","RUNX2","PTK7"
"JAK3","SH2B3","PTK7"
"JAK3","RND1","PTK7"
"JAK3","DCTN6","PTK7"
"JAK3","PTEN","HIPK2"
"JAK3","MAPK8","HIPK2"
"JAK3","PLK1","HIPK2"
"JAK3","MAP2K7","HIPK2"
"JAK3","PTPRJ","HIPK2"
"JAK3","TGFBR1","HIPK2"
"JAK3","PPP1CA","HIPK2"
"JAK3","PDPK1","HIPK2"
"JAK3","IGF1R","HIPK2"
"JAK3","STK3","HIPK2"
"JAK3","RAB1A","HIPK2"
"JAK3","PRKCZ","HIPK2"
"JAK3","TGFBR2","HIPK2"
"JAK3","PAK2","HIPK2"
"JAK3","MAPK13","HIPK2"
"JAK3","mTORC1","HIPK2"
"JAK3","AHSA1","HIPK2"
"JAK3","RASSF1","HIPK2"
"JAK3","SGK3","HIPK2"
"JAK3","SHOC2","HIPK2"
"JAK3","PAK1","HIPK2"
"JAK3","DUSP1","HIPK2"
"JAK3","MAP2K4","HIPK2"
"JAK3","NRAS","HIPK2"
"JAK3","DUSP3","HIPK2"
"JAK3","MAPK11","HIPK2"
"JAK3","UNC5A","HIPK2"
"JAK3","PARD6A","HIPK2"
"JAK3","PTPRA","HIPK2"
"JAK3","DUSP6","HIPK2"
"JAK3","INPP5D","HIPK2"
"JAK3","PIK3R1","HIPK2"
"JAK3","IRS2","HIPK2"
"JAK3","SH2B2","HIPK2"
"JAK3","PPP2R5A","HIPK2"
"JAK3","CLK2","HIPK2"
"JAK3","MDM2","HIPK2"
"JAK3","PLCG1","HIPK2"
"JAK3","SPRY2","HIPK2"
"JAK3","RUNX2","HIPK2"
"JAK3","RND1","HIPK2"
"JAK3","WAC","HIPK2"
"JAK3","ACTN1","HIPK2"
"JAK3","RGCC","HIPK2"
"JAK3","MAPK8","MEK1/2"
"JAK3","MTOR","MEK1/2"
"JAK3","AKT1","MEK1/2"
"JAK3","CSNK2A1","MEK1/2"
"JAK3","MAP2K7","MEK1/2"
"JAK3","PTPRJ","MEK1/2"
"JAK3","TGFBR1","MEK1/2"
"JAK3","PPP1CA","MEK1/2"
"JAK3","MAP3K14","MEK1/2"
"JAK3","RPS6KA1","MEK1/2"
"JAK3","IGF1R","MEK1/2"
"JAK3","PRKCB","MEK1/2"
"JAK3","RAB1A","MEK1/2"
"JAK3","TGFBR2","MEK1/2"
"JAK3","AKT","MEK1/2"
"JAK3","RACK1","MEK1/2"
"JAK3","HRAS","MEK1/2"
"JAK3","MAPK13","MEK1/2"
"JAK3","RPS6KA3","MEK1/2"
"JAK3","mTORC1","MEK1/2"
"JAK3","ROCK1","MEK1/2"
"JAK3","BTK","MEK1/2"
"JAK3","SGK3","MEK1/2"
"JAK3","SH2B1","MEK1/2"
"JAK3","HSP90AB1","MEK1/2"
"JAK3","SHOC2","MEK1/2"
"JAK3","PPP2R5C","MEK1/2"
"JAK3","TYK2","MEK1/2"
"JAK3","DUSP1","MEK1/2"
"JAK3","TRAF2","MEK1/2"
"JAK3","MAP2K4","MEK1/2"
"JAK3","RAB7A","MEK1/2"
"JAK3","EPHA2","MEK1/2"
"JAK3","NRAS","MEK1/2"
"JAK3","AR","MEK1/2"
"JAK3","DUSP3","MEK1/2"
"JAK3","MAPK11","MEK1/2"
"JAK3","UNC5A","MEK1/2"
"JAK3","PARD6A","MEK1/2"
"JAK3","PTPRA","MEK1/2"
"JAK3","PSTPIP1","MEK1/2"
"JAK3","PIK3R1","MEK1/2"
"JAK3","CDC42","MEK1/2"
"JAK3","PIK3CG","MEK1/2"
"JAK3","SH2B2","MEK1/2"
"JAK3","PPP2R5A","MEK1/2"
"JAK3","MDM2","MEK1/2"
"JAK3","YWHAE","MEK1/2"
"JAK3","PLCG1","MEK1/2"
"JAK3","SPRY2","MEK1/2"
"JAK3","RUNX2","MEK1/2"
"JAK3","SH2B3","MEK1/2"
"JAK3","PIK3C3","MEK1/2"
"JAK3","WAC","MEK1/2"
"JAK3","RGCC","MEK1/2"
"JAK3","PTEN","PTPN7"
"JAK3","AKT1","PTPN7"
"JAK3","KRAS","PTPN7"
"JAK3","PTPRJ","PTPN7"
"JAK3","TGFBR1","PTPN7"
"JAK3","MAP3K14","PTPN7"
"JAK3","RAB1A","PTPN7"
"JAK3","RASSF1","PTPN7"
"JAK3","BTK","PTPN7"
"JAK3","SGK3","PTPN7"
"JAK3","HSP90AB1","PTPN7"
"JAK3","PTPN12","PTPN7"
"JAK3","PAK1","PTPN7"
"JAK3","DUSP1","PTPN7"
"JAK3","MAP2K4","PTPN7"
"JAK3","EPHA2","PTPN7"
"JAK3","MAPK11","PTPN7"
"JAK3","UNC5A","PTPN7"
"JAK3","PARD6A","PTPN7"
"JAK3","PTPRA","PTPN7"
"JAK3","CCR2","PTPN7"
"JAK3","RHEB","PTPN7"
"JAK3","CDC42","PTPN7"
"JAK3","PIK3CG","PTPN7"
"JAK3","PPP2R5A","PTPN7"
"JAK3","CLK2","PTPN7"
"JAK3","MDM2","PTPN7"
"JAK3","SPRY2","PTPN7"
"JAK3","RUNX2","PTPN7"
"JAK3","SH2B3","PTPN7"
"JAK3","PIK3C3","PTPN7"
"JAK3","RND1","PTPN7"
"JAK3","WAC","PTPN7"
"JAK3","BANP","PTPN7"
"JAK3","DCTN6","PTPN7"
"JAK3","CTNNB1","CALM1"
"JAK3","PTEN","CALM1"
"JAK3","MAPK8","CALM1"
"JAK3","MTOR","CALM1"
"JAK3","CSNK2A1","CALM1"
"JAK3","RAC1","CALM1"
"JAK3","MAP2K7","CALM1"
"JAK3","PDPK1","CALM1"
"JAK3","MAP3K14","CALM1"
"JAK3","IGF1R","CALM1"
"JAK3","PRKCB","CALM1"
"JAK3","PRKCZ","CALM1"
"JAK3","TGFBR2","CALM1"
"JAK3","AKT","CALM1"
"JAK3","HRAS","CALM1"
"JAK3","LEPR","CALM1"
"JAK3","RPS6KA3","CALM1"
"JAK3","mTORC1","CALM1"
"JAK3","AHSA1","CALM1"
"JAK3","RASSF1","CALM1"
"JAK3","BTK","CALM1"
"JAK3","SGK3","CALM1"
"JAK3","SH2B1","CALM1"
"JAK3","SHOC2","CALM1"
"JAK3","PPP2R5C","CALM1"
"JAK3","PAK1","CALM1"
"JAK3","TYK2","CALM1"
"JAK3","DUSP1","CALM1"
"JAK3","GIT1","CALM1"
"JAK3","TRAF2","CALM1"
"JAK3","AR","CALM1"
"JAK3","DUSP3","CALM1"
"JAK3","PRKCI","CALM1"
"JAK3","PSTPIP1","CALM1"
"JAK3","DAXX","CALM1"
"JAK3","PIK3R1","CALM1"
"JAK3","CCNE1","CALM1"
"JAK3","CDC42","CALM1"
"JAK3","PIK3CG","CALM1"
"JAK3","SH2B2","CALM1"
"JAK3","PPP2R5A","CALM1"
"JAK3","YWHAE","CALM1"
"JAK3","PLCG1","CALM1"
"JAK3","SPRY2","CALM1"
"JAK3","RUNX2","CALM1"
"JAK3","SH2B3","CALM1"
"JAK3","PIK3C3","CALM1"
"JAK3","TIAM1","CALM1"
"JAK3","DCTN6","CALM1"
"JAK3","ACTN1","CALM1"
"JAK3","RGCC","CALM1"
"JAK3","CHUK","Calcineurin"
"JAK3","CTNNB1","Calcineurin"
"JAK3","MTOR","Calcineurin"
"JAK3","AKT1","Calcineurin"
"JAK3","CSNK2A1","Calcineurin"
"JAK3","PLK1","Calcineurin"
"JAK3","RAC1","Calcineurin"
"JAK3","MAP2K7","Calcineurin"
"JAK3","PTPRJ","Calcineurin"
"JAK3","TGFBR1","Calcineurin"
"JAK3","PPP1CA","Calcineurin"
"JAK3","PDPK1","Calcineurin"
"JAK3","MAP3K14","Calcineurin"
"JAK3","RPS6KA1","Calcineurin"
"JAK3","SGK1","Calcineurin"
"JAK3","PRKCB","Calcineurin"
"JAK3","STK3","Calcineurin"
"JAK3","RAB1A","Calcineurin"
"JAK3","PAK2","Calcineurin"
"JAK3","RACK1","Calcineurin"
"JAK3","MAPK13","Calcineurin"
"JAK3","PIK3CA","Calcineurin"
"JAK3","LEPR","Calcineurin"
"JAK3","RPS6KA3","Calcineurin"
"JAK3","ROCK1","Calcineurin"
"JAK3","RASSF1","Calcineurin"
"JAK3","SGK3","Calcineurin"
"JAK3","PPP2R5C","Calcineurin"
"JAK3","ZAP70","Calcineurin"
"JAK3","RAB7A","Calcineurin"
"JAK3","EPHA2","Calcineurin"
"JAK3","NRAS","Calcineurin"
"JAK3","AR","Calcineurin"
"JAK3","MAPK11","Calcineurin"
"JAK3","UNC5A","Calcineurin"
"JAK3","PRKCI","Calcineurin"
"JAK3","PARD6A","Calcineurin"
"JAK3","RHEB","Calcineurin"
"JAK3","DUSP6","Calcineurin"
"JAK3","INPP5D","Calcineurin"
"JAK3","CCNE1","Calcineurin"
"JAK3","PIK3CG","Calcineurin"
"JAK3","PPP2R5A","Calcineurin"
"JAK3","CLK2","Calcineurin"
"JAK3","YWHAE","Calcineurin"
"JAK3","PLCG1","Calcineurin"
"JAK3","SPRY2","Calcineurin"
"JAK3","RUNX2","Calcineurin"
"JAK3","SH2B3","Calcineurin"
"JAK3","PIK3C3","Calcineurin"
"JAK3","DCTN6","Calcineurin"
"JAK3","RGCC","Calcineurin"
"JAK3","CHUK","CHKA"
"JAK3","PTEN","CHKA"
"JAK3","MAPK8","CHKA"
"JAK3","AKT1","CHKA"
"JAK3","CSNK2A1","CHKA"
"JAK3","PLK1","CHKA"
"JAK3","RAC1","CHKA"
"JAK3","MAP2K7","CHKA"
"JAK3","PTPRJ","CHKA"
"JAK3","TGFBR1","CHKA"
"JAK3","PDPK1","CHKA"
"JAK3","MAP3K14","CHKA"
"JAK3","RPS6KA1","CHKA"
"JAK3","IGF1R","CHKA"
"JAK3","PRKCB","CHKA"
"JAK3","STK3","CHKA"
"JAK3","RAB1A","CHKA"
"JAK3","TGFBR2","CHKA"
"JAK3","HRAS","CHKA"
"JAK3","PIK3CA","CHKA"
"JAK3","LEPR","CHKA"
"JAK3","RPS6KA3","CHKA"
"JAK3","mTORC1","CHKA"
"JAK3","BTK","CHKA"
"JAK3","SH2B1","CHKA"
"JAK3","PTPN12","CHKA"
"JAK3","PPP2R5C","CHKA"
"JAK3","PAK1","CHKA"
"JAK3","ZAP70","CHKA"
"JAK3","GIT1","CHKA"
"JAK3","MAP2K4","CHKA"
"JAK3","EPHA2","CHKA"
"JAK3","NRAS","CHKA"
"JAK3","AR","CHKA"
"JAK3","DUSP3","CHKA"
"JAK3","MAPK11","CHKA"
"JAK3","UNC5A","CHKA"
"JAK3","PARD6A","CHKA"
"JAK3","CCR2","CHKA"
"JAK3","RHEB","CHKA"
"JAK3","DUSP6","CHKA"
"JAK3","INPP5D","CHKA"
"JAK3","PIK3R1","CHKA"
"JAK3","CCNE1","CHKA"
"JAK3","CDC42","CHKA"
"JAK3","PPP2R5A","CHKA"
"JAK3","MDM2","CHKA"
"JAK3","RUNX2","CHKA"
"JAK3","PIK3C3","CHKA"
"JAK3","RND1","CHKA"
"JAK3","TIAM1","CHKA"
"JAK3","BANP","CHKA"
"JAK3","DCTN6","CHKA"
"JAK3","ACTN1","CHKA"
"JAK3","CHUK","PI3K"
"JAK3","CILK1","PI3K"
"JAK3","MAPK8","PI3K"
"JAK3","MTOR","PI3K"
"JAK3","AKT1","PI3K"
"JAK3","CSNK2A1","PI3K"
"JAK3","PLK1","PI3K"
"JAK3","KRAS","PI3K"
"JAK3","RAC1","PI3K"
"JAK3","MAP2K7","PI3K"
"JAK3","PPP1CA","PI3K"
"JAK3","PDPK1","PI3K"
"JAK3","MAP3K14","PI3K"
"JAK3","SGK1","PI3K"
"JAK3","PRKCB","PI3K"
"JAK3","RAB1A","PI3K"
"JAK3","PRKCZ","PI3K"
"JAK3","TGFBR2","PI3K"
"JAK3","PAK2","PI3K"
"JAK3","HRAS","PI3K"
"JAK3","MAPK13","PI3K"
"JAK3","PIK3CA","PI3K"
"JAK3","LEPR","PI3K"
"JAK3","mTORC1","PI3K"
"JAK3","RASSF1","PI3K"
"JAK3","BTK","PI3K"
"JAK3","SHOC2","PI3K"
"JAK3","DUSP1","PI3K"
"JAK3","MAP2K4","PI3K"
"JAK3","DUSP3","PI3K"
"JAK3","MAPK11","PI3K"
"JAK3","PRKCI","PI3K"
"JAK3","PTPRA","PI3K"
"JAK3","PSTPIP1","PI3K"
"JAK3","PPP2R5A","PI3K"
"JAK3","CLK2","PI3K"
"JAK3","MDM2","PI3K"
"JAK3","YWHAE","PI3K"
"JAK3","SH2B3","PI3K"
"JAK3","PIK3C3","PI3K"
"JAK3","CHUK","GAK"
"JAK3","CTNNB1","GAK"
"JAK3","AKT1","GAK"
"JAK3","CSNK2A1","GAK"
"JAK3","PLK1","GAK"
"JAK3","MAP3K14","GAK"
"JAK3","RPS6KA1","GAK"
"JAK3","PRKCB","GAK"
"JAK3","STK3","GAK"
"JAK3","RAB1A","GAK"
"JAK3","PAK2","GAK"
"JAK3","AKT","GAK"
"JAK3","RACK1","GAK"
"JAK3","MAPK13","GAK"
"JAK3","PIK3CA","GAK"
"JAK3","LEPR","GAK"
"JAK3","RPS6KA3","GAK"
"JAK3","ROCK1","GAK"
"JAK3","BTK","GAK"
"JAK3","SGK3","GAK"
"JAK3","SHOC2","GAK"
"JAK3","PPP2R5C","GAK"
"JAK3","PAK1","GAK"
"JAK3","DUSP1","GAK"
"JAK3","MAP2K4","GAK"
"JAK3","EPHA2","GAK"
"JAK3","AR","GAK"
"JAK3","PRKCI","GAK"
"JAK3","PARD6A","GAK"
"JAK3","PTPRA","GAK"
"JAK3","PSTPIP1","GAK"
"JAK3","RHEB","GAK"
"JAK3","DAXX","GAK"
"JAK3","DUSP6","GAK"
"JAK3","CCNE1","GAK"
"JAK3","CDC42","GAK"
"JAK3","PIK3CG","GAK"
"JAK3","SH2B2","GAK"
"JAK3","MDM2","GAK"
"JAK3","YWHAE","GAK"
"JAK3","PLCG1","GAK"
"JAK3","SPRY2","GAK"
"JAK3","TIAM1","GAK"
"JAK3","BANP","GAK"
"JAK3","DCTN6","GAK"
"JAK3","CTNNB1","RPA2"
"JAK3","PTEN","RPA2"
"JAK3","MAPK8","RPA2"
"JAK3","AKT1","RPA2"
"JAK3","CSNK2A1","RPA2"
"JAK3","PLK1","RPA2"
"JAK3","KRAS","RPA2"
"JAK3","RAC1","RPA2"
"JAK3","MAP2K7","RPA2"
"JAK3","PTPRJ","RPA2"
"JAK3","TGFBR1","RPA2"
"JAK3","PPP1CA","RPA2"
"JAK3","MAP3K14","RPA2"
"JAK3","RPS6KA1","RPA2"
"JAK3","SGK1","RPA2"
"JAK3","IGF1R","RPA2"
"JAK3","PRKCB","RPA2"
"JAK3","PRKCZ","RPA2"
"JAK3","PAK2","RPA2"
"JAK3","RACK1","RPA2"
"JAK3","HRAS","RPA2"
"JAK3","MAPK13","RPA2"
"JAK3","PIK3CA","RPA2"
"JAK3","LEPR","RPA2"
"JAK3","RPS6KA3","RPA2"
"JAK3","mTORC1","RPA2"
"JAK3","RASSF1","RPA2"
"JAK3","BTK","RPA2"
"JAK3","SH2B1","RPA2"
"JAK3","HSP90AB1","RPA2"
"JAK3","SHOC2","RPA2"
"JAK3","PTPN12","RPA2"
"JAK3","PAK1","RPA2"
"JAK3","TYK2","RPA2"
"JAK3","DUSP1","RPA2"
"JAK3","GIT1","RPA2"
"JAK3","TRAF2","RPA2"
"JAK3","MAP2K4","RPA2"
"JAK3","RAB7A","RPA2"
"JAK3","EPHA2","RPA2"
"JAK3","AR","RPA2"
"JAK3","MAPK11","RPA2"
"JAK3","UNC5A","RPA2"
"JAK3","PARD6A","RPA2"
"JAK3","PTPRA","RPA2"
"JAK3","CCR2","RPA2"
"JAK3","PSTPIP1","RPA2"
"JAK3","INPP5D","RPA2"
"JAK3","IRS2","RPA2"
"JAK3","CDC42","RPA2"
"JAK3","PIK3CG","RPA2"
"JAK3","SH2B2","RPA2"
"JAK3","CLK2","RPA2"
"JAK3","MDM2","RPA2"
"JAK3","YWHAE","RPA2"
"JAK3","PIK3C3","RPA2"
"JAK3","RND1","RPA2"
"JAK3","WAC","RPA2"
"JAK3","BANP","RPA2"
"JAK3","DCTN6","RPA2"
"JAK3","ACTN1","RPA2"
"JAK3","CILK1","MAP4K1"
"JAK3","PTEN","MAP4K1"
"JAK3","MAPK8","MAP4K1"
"JAK3","MTOR","MAP4K1"
"JAK3","AKT1","MAP4K1"
"JAK3","CSNK2A1","MAP4K1"
"JAK3","PLK1","MAP4K1"
"JAK3","KRAS","MAP4K1"
"JAK3","PTPRJ","MAP4K1"
"JAK3","TGFBR1","MAP4K1"
"JAK3","PPP1CA","MAP4K1"
"JAK3","PDPK1","MAP4K1"
"JAK3","RPS6KA1","MAP4K1"
"JAK3","STK3","MAP4K1"
"JAK3","RAB1A","MAP4K1"
"JAK3","AKT","MAP4K1"
"JAK3","MAPK13","MAP4K1"
"JAK3","PIK3CA","MAP4K1"
"JAK3","LEPR","MAP4K1"
"JAK3","RPS6KA3","MAP4K1"
"JAK3","AHSA1","MAP4K1"
"JAK3","SGK3","MAP4K1"
"JAK3","SH2B1","MAP4K1"
"JAK3","HSP90AB1","MAP4K1"
"JAK3","PPP2R5C","MAP4K1"
"JAK3","PAK1","MAP4K1"
"JAK3","TYK2","MAP4K1"
"JAK3","ZAP70","MAP4K1"
"JAK3","GIT1","MAP4K1"
"JAK3","EPHA2","MAP4K1"
"JAK3","NRAS","MAP4K1"
"JAK3","MAPK11","MAP4K1"
"JAK3","PRKCI","MAP4K1"
"JAK3","PARD6A","MAP4K1"
"JAK3","PTPRA","MAP4K1"
"JAK3","CCR2","MAP4K1"
"JAK3","PSTPIP1","MAP4K1"
"JAK3","DAXX","MAP4K1"
"JAK3","INPP5D","MAP4K1"
"JAK3","IRS2","MAP4K1"
"JAK3","CDC42","MAP4K1"
"JAK3","PIK3CG","MAP4K1"
"JAK3","SH2B2","MAP4K1"
"JAK3","MDM2","MAP4K1"
"JAK3","SH2B3","MAP4K1"
"JAK3","PIK3C3","MAP4K1"
"JAK3","TIAM1","MAP4K1"
"JAK3","WAC","MAP4K1"
"JAK3","BANP","MAP4K1"
"JAK3","DCTN6","MAP4K1"
"JAK3","RGCC","MAP4K1"
"JAK3","CTNNB1","BUB1"
"JAK3","CILK1","BUB1"
"JAK3","MAPK8","BUB1"
"JAK3","MTOR","BUB1"
"JAK3","AKT1","BUB1"
"JAK3","PLK1","BUB1"
"JAK3","PTPRJ","BUB1"
"JAK3","TGFBR1","BUB1"
"JAK3","PPP1CA","BUB1"
"JAK3","RPS6KA1","BUB1"
"JAK3","IGF1R","BUB1"
"JAK3","PRKCB","BUB1"
"JAK3","AKT","BUB1"
"JAK3","RACK1","BUB1"
"JAK3","MAPK13","BUB1"
"JAK3","PIK3CA","BUB1"
"JAK3","RPS6KA3","BUB1"
"JAK3","mTORC1","BUB1"
"JAK3","ROCK1","BUB1"
"JAK3","BTK","BUB1"
"JAK3","SGK3","BUB1"
"JAK3","SH2B1","BUB1"
"JAK3","SHOC2","BUB1"
"JAK3","PTPN12","BUB1"
"JAK3","PPP2R5C","BUB1"
"JAK3","TRAF2","BUB1"
"JAK3","AR","BUB1"
"JAK3","DUSP3","BUB1"
"JAK3","PARD6A","BUB1"
"JAK3","PSTPIP1","BUB1"
"JAK3","RHEB","BUB1"
"JAK3","DAXX","BUB1"
"JAK3","DUSP6","BUB1"
"JAK3","CDC42","BUB1"
"JAK3","PIK3CG","BUB1"
"JAK3","PPP2R5A","BUB1"
"JAK3","YWHAE","BUB1"
"JAK3","PLCG1","BUB1"
"JAK3","SPRY2","BUB1"
"JAK3","RUNX2","BUB1"
"JAK3","RND1","BUB1"
"JAK3","TIAM1","BUB1"
"JAK3","WAC","BUB1"
"JAK3","BANP","BUB1"
"JAK3","DCTN6","BUB1"
"JAK3","ACTN1","BUB1"
"JAK3","RGCC","BUB1"
"JAK3","CHUK","DDX41"
"JAK3","CTNNB1","DDX41"
"JAK3","PTEN","DDX41"
"JAK3","MTOR","DDX41"
"JAK3","AKT1","DDX41"
"JAK3","CSNK2A1","DDX41"
"JAK3","PLK1","DDX41"
"JAK3","MAP2K7","DDX41"
"JAK3","PPP1CA","DDX41"
"JAK3","MAP3K14","DDX41"
"JAK3","SGK1","DDX41"
"JAK3","PRKCB","DDX41"
"JAK3","STK3","DDX41"
"JAK3","PRKCZ","DDX41"
"JAK3","RACK1","DDX41"
"JAK3","HRAS","DDX41"
"JAK3","MAPK13","DDX41"
"JAK3","RPS6KA3","DDX41"
"JAK3","mTORC1","DDX41"
"JAK3","AHSA1","DDX41"
"JAK3","ROCK1","DDX41"
"JAK3","PTPN11","DDX41"
"JAK3","SH2B1","DDX41"
"JAK3","SHOC2","DDX41"
"JAK3","PTPN12","DDX41"
"JAK3","PAK1","DDX41"
"JAK3","TRAF2","DDX41"
"JAK3","MAP2K4","DDX41"
"JAK3","DUSP3","DDX41"
"JAK3","UNC5A","DDX41"
"JAK3","PTPRA","DDX41"
"JAK3","PSTPIP1","DDX41"
"JAK3","INPP5D","DDX41"
"JAK3","PIK3R1","DDX41"
"JAK3","CCNE1","DDX41"
"JAK3","CDC42","DDX41"
"JAK3","CLK2","DDX41"
"JAK3","YWHAE","DDX41"
"JAK3","RUNX2","DDX41"
"JAK3","BANP","DDX41"
"JAK3","CHUK","TRAF2"
"JAK3","CTNNB1","TRAF2"
"JAK3","PTEN","TRAF2"
"JAK3","MAPK8","TRAF2"
"JAK3","MTOR","TRAF2"
"JAK3","PLK1","TRAF2"
"JAK3","KRAS","TRAF2"
"JAK3","MAP2K7","TRAF2"
"JAK3","PTPRJ","TRAF2"
"JAK3","TGFBR1","TRAF2"
"JAK3","PDPK1","TRAF2"
"JAK3","STK3","TRAF2"
"JAK3","MAPK13","TRAF2"
"JAK3","LEPR","TRAF2"
"JAK3","RPS6KA3","TRAF2"
"JAK3","AHSA1","TRAF2"
"JAK3","ROCK1","TRAF2"
"JAK3","BTK","TRAF2"
"JAK3","SHOC2","TRAF2"
"JAK3","PTPN12","TRAF2"
"JAK3","PAK1","TRAF2"
"JAK3","TYK2","TRAF2"
"JAK3","DUSP1","TRAF2"
"JAK3","GIT1","TRAF2"
"JAK3","EPHA2","TRAF2"
"JAK3","NRAS","TRAF2"
"JAK3","MAPK11","TRAF2"
"JAK3","PRKCI","TRAF2"
"JAK3","PARD6A","TRAF2"
"JAK3","PTPRA","TRAF2"
"JAK3","CCR2","TRAF2"
"JAK3","DAXX","TRAF2"
"JAK3","DUSP6","TRAF2"
"JAK3","INPP5D","TRAF2"
"JAK3","IRS2","TRAF2"
"JAK3","CDC42","TRAF2"
"JAK3","PPP2R5A","TRAF2"
"JAK3","MDM2","TRAF2"
"JAK3","YWHAE","TRAF2"
"JAK3","SPRY2","TRAF2"
"JAK3","PIK3C3","TRAF2"
"JAK3","RND1","TRAF2"
"JAK3","BANP","TRAF2"
"JAK3","DCTN6","TRAF2"
"JAK3","CHUK","IKK-complex"
"JAK3","PTEN","IKK-complex"
"JAK3","MAPK8","IKK-complex"
"JAK3","AKT1","IKK-complex"
"JAK3","KRAS","IKK-complex"
"JAK3","RAC1","IKK-complex"
"JAK3","PPP1CA","IKK-complex"
"JAK3","MAP3K14","IKK-complex"
"JAK3","IGF1R","IKK-complex"
"JAK3","PRKCB","IKK-complex"
"JAK3","STK3","IKK-complex"
"JAK3","RAB1A","IKK-complex"
"JAK3","PRKCZ","IKK-complex"
"JAK3","PAK2","IKK-complex"
"JAK3","RACK1","IKK-complex"
"JAK3","PIK3CA","IKK-complex"
"JAK3","LEPR","IKK-complex"
"JAK3","RPS6KA3","IKK-complex"
"JAK3","mTORC1","IKK-complex"
"JAK3","AHSA1","IKK-complex"
"JAK3","RASSF1","IKK-complex"
"JAK3","PTPN11","IKK-complex"
"JAK3","SHOC2","IKK-complex"
"JAK3","PPP2R5C","IKK-complex"
"JAK3","PAK1","IKK-complex"
"JAK3","DUSP1","IKK-complex"
"JAK3","GIT1","IKK-complex"
"JAK3","TRAF2","IKK-complex"
"JAK3","MAP2K4","IKK-complex"
"JAK3","AR","IKK-complex"
"JAK3","DUSP3","IKK-complex"
"JAK3","MAPK11","IKK-complex"
"JAK3","UNC5A","IKK-complex"
"JAK3","PRKCI","IKK-complex"
"JAK3","PARD6A","IKK-complex"
"JAK3","PTPRA","IKK-complex"
"JAK3","CCR2","IKK-complex"
"JAK3","DAXX","IKK-complex"
"JAK3","PIK3R1","IKK-complex"
"JAK3","CCNE1","IKK-complex"
"JAK3","CDC42","IKK-complex"
"JAK3","SH2B2","IKK-complex"
"JAK3","CLK2","IKK-complex"
"JAK3","MDM2","IKK-complex"
"JAK3","YWHAE","IKK-complex"
"JAK3","PLCG1","IKK-complex"
"JAK3","RUNX2","IKK-complex"
"JAK3","WAC","IKK-complex"
"JAK3","ACTN1","IKK-complex"
"JAK3","RGCC","IKK-complex"
"JAK3","CHUK","SHC1"
"JAK3","CTNNB1","SHC1"
"JAK3","CILK1","SHC1"
"JAK3","CSNK2A1","SHC1"
"JAK3","PLK1","SHC1"
"JAK3","KRAS","SHC1"
"JAK3","RAC1","SHC1"
"JAK3","PTPRJ","SHC1"
"JAK3","TGFBR1","SHC1"
"JAK3","PPP1CA","SHC1"
"JAK3","PDPK1","SHC1"
"JAK3","MAP3K14","SHC1"
"JAK3","RPS6KA1","SHC1"
"JAK3","SGK1","SHC1"
"JAK3","RAB1A","SHC1"
"JAK3","AKT","SHC1"
"JAK3","RACK1","SHC1"
"JAK3","MAPK13","SHC1"
"JAK3","LEPR","SHC1"
"JAK3","ROCK1","SHC1"
"JAK3","PTPN12","SHC1"
"JAK3","PAK1","SHC1"
"JAK3","NRAS","SHC1"
"JAK3","UNC5A","SHC1"
"JAK3","PARD6A","SHC1"
"JAK3","IRS2","SHC1"
"JAK3","SH2B2","SHC1"
"JAK3","PPP2R5A","SHC1"
"JAK3","CLK2","SHC1"
"JAK3","RUNX2","SHC1"
"JAK3","SH2B3","SHC1"
"JAK3","PIK3C3","SHC1"
"JAK3","BANP","SHC1"
"JAK3","DCTN6","SHC1"
"JAK3","ACTN1","SHC1"
"JAK3","RGCC","SHC1"
"JAK3","AKT1","TPX2"
"JAK3","CSNK2A1","TPX2"
"JAK3","PDPK1","TPX2"
"JAK3","IGF1R","TPX2"
"JAK3","PRKCB","TPX2"
"JAK3","STK3","TPX2"
"JAK3","TGFBR2","TPX2"
"JAK3","PAK2","TPX2"
"JAK3","AKT","TPX2"
"JAK3","MAPK13","TPX2"
"JAK3","AHSA1","TPX2"
"JAK3","RASSF1","TPX2"
"JAK3","SGK3","TPX2"
"JAK3","SH2B1","TPX2"
"JAK3","HSP90AB1","TPX2"
"JAK3","SHOC2","TPX2"
"JAK3","PAK1","TPX2"
"JAK3","MAP2K4","TPX2"
"JAK3","RAB7A","TPX2"
"JAK3","EPHA2","TPX2"
"JAK3","NRAS","TPX2"
"JAK3","DUSP3","TPX2"
"JAK3","PRKCI","TPX2"
"JAK3","PTPRA","TPX2"
"JAK3","PSTPIP1","TPX2"
"JAK3","DAXX","TPX2"
"JAK3","DUSP6","TPX2"
"JAK3","INPP5D","TPX2"
"JAK3","PIK3R1","TPX2"
"JAK3","CDC42","TPX2"
"JAK3","PIK3CG","TPX2"
"JAK3","SH2B2","TPX2"
"JAK3","CLK2","TPX2"
"JAK3","SPRY2","TPX2"
"JAK3","RUNX2","TPX2"
"JAK3","SH2B3","TPX2"
"JAK3","PIK3C3","TPX2"
"JAK3","RND1","TPX2"
"JAK3","TIAM1","TPX2"
"JAK3","WAC","TPX2"
"JAK3","BANP","TPX2"
"JAK3","ACTN1","TPX2"
"JAK3","RGCC","TPX2"
"JAK3","CHUK","TANC2"
"JAK3","CTNNB1","TANC2"
"JAK3","CILK1","TANC2"
"JAK3","PTEN","TANC2"
"JAK3","MAPK8","TANC2"
"JAK3","CSNK2A1","TANC2"
"JAK3","KRAS","TANC2"
"JAK3","RAC1","TANC2"
"JAK3","PDPK1","TANC2"
"JAK3","MAP3K14","TANC2"
"JAK3","IGF1R","TANC2"
"JAK3","RAB1A","TANC2"
"JAK3","TGFBR2","TANC2"
"JAK3","MAPK13","TANC2"
"JAK3","PIK3CA","TANC2"
"JAK3","LEPR","TANC2"
"JAK3","mTORC1","TANC2"
"JAK3","ROCK1","TANC2"
"JAK3","RASSF1","TANC2"
"JAK3","BTK","TANC2"
"JAK3","SGK3","TANC2"
"JAK3","SH2B1","TANC2"
"JAK3","PPP2R5C","TANC2"
"JAK3","PAK1","TANC2"
"JAK3","DUSP1","TANC2"
"JAK3","TRAF2","TANC2"
"JAK3","AR","TANC2"
"JAK3","MAPK11","TANC2"
"JAK3","UNC5A","TANC2"
"JAK3","CCR2","TANC2"
"JAK3","DUSP6","TANC2"
"JAK3","IRS2","TANC2"
"JAK3","CDC42","TANC2"
"JAK3","PIK3CG","TANC2"
"JAK3","SH2B2","TANC2"
"JAK3","PPP2R5A","TANC2"
"JAK3","CLK2","TANC2"
"JAK3","MDM2","TANC2"
"JAK3","YWHAE","TANC2"
"JAK3","PLCG1","TANC2"
"JAK3","SPRY2","TANC2"
"JAK3","RUNX2","TANC2"
"JAK3","SH2B3","TANC2"
"JAK3","RND1","TANC2"
"JAK3","DCTN6","TANC2"
"JAK3","ACTN1","TANC2"
"JAK3","CHUK","EEF2K"
"JAK3","CILK1","EEF2K"
"JAK3","PTEN","EEF2K"
"JAK3","MAPK8","EEF2K"
"JAK3","MTOR","EEF2K"
"JAK3","PLK1","EEF2K"
"JAK3","KRAS","EEF2K"
"JAK3","PPP1CA","EEF2K"
"JAK3","MAP3K14","EEF2K"
"JAK3","RPS6KA1","EEF2K"
"JAK3","SGK1","EEF2K"
"JAK3","PRKCB","EEF2K"
"JAK3","TGFBR2","EEF2K"
"JAK3","PAK2","EEF2K"
"JAK3","HRAS","EEF2K"
"JAK3","PIK3CA","EEF2K"
"JAK3","LEPR","EEF2K"
"JAK3","mTORC1","EEF2K"
"JAK3","AHSA1","EEF2K"
"JAK3","ROCK1","EEF2K"
"JAK3","RASSF1","EEF2K"
"JAK3","BTK","EEF2K"
"JAK3","SHOC2","EEF2K"
"JAK3","PTPN12","EEF2K"
"JAK3","PAK1","EEF2K"
"JAK3","TYK2","EEF2K"
"JAK3","ZAP70","EEF2K"
"JAK3","DUSP1","EEF2K"
"JAK3","GIT1","EEF2K"
"JAK3","EPHA2","EEF2K"
"JAK3","NRAS","EEF2K"
"JAK3","DUSP3","EEF2K"
"JAK3","UNC5A","EEF2K"
"JAK3","PARD6A","EEF2K"
"JAK3","PTPRA","EEF2K"
"JAK3","CCR2","EEF2K"
"JAK3","RHEB","EEF2K"
"JAK3","DUSP6","EEF2K"
"JAK3","INPP5D","EEF2K"
"JAK3","CDC42","EEF2K"
"JAK3","PIK3CG","EEF2K"
"JAK3","PPP2R5A","EEF2K"
"JAK3","CLK2","EEF2K"
"JAK3","MDM2","EEF2K"
"JAK3","YWHAE","EEF2K"
"JAK3","PLCG1","EEF2K"
"JAK3","SPRY2","EEF2K"
"JAK3","RUNX2","EEF2K"
"JAK3","SH2B3","EEF2K"
"JAK3","RND1","EEF2K"
"JAK3","TIAM1","EEF2K"
"JAK3","WAC","EEF2K"
"JAK3","BANP","EEF2K"
"JAK3","DCTN6","EEF2K"
"JAK3","RGCC","EEF2K"
"JAK3","CHUK","GATA1"
"JAK3","CTNNB1","GATA1"
"JAK3","CILK1","GATA1"
"JAK3","PTEN","GATA1"
"JAK3","MAPK8","GATA1"
"JAK3","MTOR","GATA1"
"JAK3","AKT1","GATA1"
"JAK3","CSNK2A1","GATA1"
"JAK3","PLK1","GATA1"
"JAK3","KRAS","GATA1"
"JAK3","RAC1","GATA1"
"JAK3","PTPRJ","GATA1"
"JAK3","TGFBR1","GATA1"
"JAK3","PDPK1","GATA1"
"JAK3","RPS6KA1","GATA1"
"JAK3","SGK1","GATA1"
"JAK3","PRKCB","GATA1"
"JAK3","RAB1A","GATA1"
"JAK3","PRKCZ","GATA1"
"JAK3","TGFBR2","GATA1"
"JAK3","HRAS","GATA1"
"JAK3","MAPK13","GATA1"
"JAK3","RPS6KA3","GATA1"
"JAK3","ROCK1","GATA1"
"JAK3","BTK","GATA1"
"JAK3","SGK3","GATA1"
"JAK3","SH2B1","GATA1"
"JAK3","SHOC2","GATA1"
"JAK3","PPP2R5C","GATA1"
"JAK3","TYK2","GATA1"
"JAK3","GIT1","GATA1"
"JAK3","TRAF2","GATA1"
"JAK3","RAB7A","GATA1"
"JAK3","NRAS","GATA1"
"JAK3","AR","GATA1"
"JAK3","MAPK11","GATA1"
"JAK3","UNC5A","GATA1"
"JAK3","PARD6A","GATA1"
"JAK3","CCR2","GATA1"
"JAK3","PSTPIP1","GATA1"
"JAK3","DAXX","GATA1"
"JAK3","INPP5D","GATA1"
"JAK3","PIK3R1","GATA1"
"JAK3","CCNE1","GATA1"
"JAK3","SH2B2","GATA1"
"JAK3","PPP2R5A","GATA1"
"JAK3","CLK2","GATA1"
"JAK3","MDM2","GATA1"
"JAK3","PLCG1","GATA1"
"JAK3","RUNX2","GATA1"
"JAK3","PIK3C3","GATA1"
"JAK3","RND1","GATA1"
"JAK3","BANP","GATA1"
"JAK3","ACTN1","GATA1"
"JAK3","RGCC","GATA1"
"JAK3","CHUK","PAK4"
"JAK3","MAPK8","PAK4"
"JAK3","MTOR","PAK4"
"JAK3","AKT1","PAK4"
"JAK3","CSNK2A1","PAK4"
"JAK3","PLK1","PAK4"
"JAK3","KRAS","PAK4"
"JAK3","RAC1","PAK4"
"JAK3","TGFBR1","PAK4"
"JAK3","PPP1CA","PAK4"
"JAK3","RPS6KA1","PAK4"
"JAK3","SGK1","PAK4"
"JAK3","PRKCB","PAK4"
"JAK3","PRKCZ","PAK4"
"JAK3","MAPK13","PAK4"
"JAK3","PIK3CA","PAK4"
"JAK3","RPS6KA3","PAK4"
"JAK3","mTORC1","PAK4"
"JAK3","AHSA1","PAK4"
"JAK3","SHOC2","PAK4"
"JAK3","PTPN12","PAK4"
"JAK3","PAK1","PAK4"
"JAK3","ZAP70","PAK4"
"JAK3","GIT1","PAK4"
"JAK3","TRAF2","PAK4"
"JAK3","RAB7A","PAK4"
"JAK3","EPHA2","PAK4"
"JAK3","NRAS","PAK4"
"JAK3","AR","PAK4"
"JAK3","DUSP3","PAK4"
"JAK3","PARD6A","PAK4"
"JAK3","CCR2","PAK4"
"JAK3","PSTPIP1","PAK4"
"JAK3","CCNE1","PAK4"
"JAK3","IRS2","PAK4"
"JAK3","CDC42","PAK4"
"JAK3","PIK3CG","PAK4"
"JAK3","SH2B2","PAK4"
"JAK3","CLK2","PAK4"
"JAK3","YWHAE","PAK4"
"JAK3","PLCG1","PAK4"
"JAK3","SPRY2","PAK4"
"JAK3","RUNX2","PAK4"
"JAK3","PIK3C3","PAK4"
"JAK3","RND1","PAK4"
"JAK3","BANP","PAK4"
"JAK3","RGCC","PAK4"
"JAK3","CTNNB1","CDC42BPA"
"JAK3","CILK1","CDC42BPA"
"JAK3","PTEN","CDC42BPA"
"JAK3","MAPK8","CDC42BPA"
"JAK3","MTOR","CDC42BPA"
"JAK3","AKT1","CDC42BPA"
"JAK3","CSNK2A1","CDC42BPA"
"JAK3","PLK1","CDC42BPA"
"JAK3","KRAS","CDC42BPA"
"JAK3","MAP2K7","CDC42BPA"
"JAK3","PTPRJ","CDC42BPA"
"JAK3","TGFBR1","CDC42BPA"
"JAK3","PPP1CA","CDC42BPA"
"JAK3","PDPK1","CDC42BPA"
"JAK3","MAP3K14","CDC42BPA"
"JAK3","IGF1R","CDC42BPA"
"JAK3","PRKCB","CDC42BPA"
"JAK3","STK3","CDC42BPA"
"JAK3","PRKCZ","CDC42BPA"
"JAK3","RACK1","CDC42BPA"
"JAK3","LEPR","CDC42BPA"
"JAK3","RPS6KA3","CDC42BPA"
"JAK3","AHSA1","CDC42BPA"
"JAK3","RASSF1","CDC42BPA"
"JAK3","HSP90AB1","CDC42BPA"
"JAK3","SHOC2","CDC42BPA"
"JAK3","PPP2R5C","CDC42BPA"
"JAK3","TYK2","CDC42BPA"
"JAK3","TRAF2","CDC42BPA"
"JAK3","MAP2K4","CDC42BPA"
"JAK3","RAB7A","CDC42BPA"
"JAK3","NRAS","CDC42BPA"
"JAK3","DUSP3","CDC42BPA"
"JAK3","PARD6A","CDC42BPA"
"JAK3","PTPRA","CDC42BPA"
"JAK3","CCR2","CDC42BPA"
"JAK3","DAXX","CDC42BPA"
"JAK3","PIK3CG","CDC42BPA"
"JAK3","SH2B2","CDC42BPA"
"JAK3","CLK2","CDC42BPA"
"JAK3","MDM2","CDC42BPA"
"JAK3","PLCG1","CDC42BPA"
"JAK3","SPRY2","CDC42BPA"
"JAK3","PIK3C3","CDC42BPA"
"JAK3","RND1","CDC42BPA"
"JAK3","TIAM1","CDC42BPA"
"JAK3","BANP","CDC42BPA"
"JAK3","DCTN6","CDC42BPA"
"JAK3","ACTN1","CDC42BPA"
"JAK3","CILK1","SMAD3"
"JAK3","PTEN","SMAD3"
"JAK3","MTOR","SMAD3"
"JAK3","PLK1","SMAD3"
"JAK3","KRAS","SMAD3"
"JAK3","PPP1CA","SMAD3"
"JAK3","RPS6KA1","SMAD3"
"JAK3","SGK1","SMAD3"
"JAK3","STK3","SMAD3"
"JAK3","PRKCZ","SMAD3"
"JAK3","TGFBR2","SMAD3"
"JAK3","PAK2","SMAD3"
"JAK3","AKT","SMAD3"
"JAK3","HRAS","SMAD3"
"JAK3","MAPK13","SMAD3"
"JAK3","PIK3CA","SMAD3"
"JAK3","mTORC1","SMAD3"
"JAK3","AHSA1","SMAD3"
"JAK3","BTK","SMAD3"
"JAK3","PTPN11","SMAD3"
"JAK3","SGK3","SMAD3"
"JAK3","SH2B1","SMAD3"
"JAK3","PAK1","SMAD3"
"JAK3","TYK2","SMAD3"
"JAK3","DUSP1","SMAD3"
"JAK3","GIT1","SMAD3"
"JAK3","EPHA2","SMAD3"
"JAK3","AR","SMAD3"
"JAK3","UNC5A","SMAD3"
"JAK3","CCR2","SMAD3"
"JAK3","PSTPIP1","SMAD3"
"JAK3","RHEB","SMAD3"
"JAK3","DAXX","SMAD3"
"JAK3","INPP5D","SMAD3"
"JAK3","PIK3R1","SMAD3"
"JAK3","IRS2","SMAD3"
"JAK3","CDC42","SMAD3"
"JAK3","PIK3CG","SMAD3"
"JAK3","PPP2R5A","SMAD3"
"JAK3","CLK2","SMAD3"
"JAK3","MDM2","SMAD3"
"JAK3","YWHAE","SMAD3"
"JAK3","PLCG1","SMAD3"
"JAK3","RUNX2","SMAD3"
"JAK3","PIK3C3","SMAD3"
"JAK3","TIAM1","SMAD3"
"JAK3","BANP","SMAD3"
"JAK3","DCTN6","SMAD3"
"JAK3","ACTN1","SMAD3"
"JAK3","RGCC","SMAD3"
"JAK3","CHUK","p38"
"JAK3","CTNNB1","p38"
"JAK3","MAPK8","p38"
"JAK3","AKT1","p38"
"JAK3","PLK1","p38"
"JAK3","KRAS","p38"
"JAK3","MAP2K7","p38"
"JAK3","TGFBR1","p38"
"JAK3","PPP1CA","p38"
"JAK3","RPS6KA1","p38"
"JAK3","IGF1R","p38"
"JAK3","PRKCB","p38"
"JAK3","STK3","p38"
"JAK3","PRKCZ","p38"
"JAK3","PAK2","p38"
"JAK3","RACK1","p38"
"JAK3","MAPK13","p38"
"JAK3","PIK3CA","p38"
"JAK3","RPS6KA3","p38"
"JAK3","ROCK1","p38"
"JAK3","RASSF1","p38"
"JAK3","SGK3","p38"
"JAK3","SH2B1","p38"
"JAK3","HSP90AB1","p38"
"JAK3","SHOC2","p38"
"JAK3","PPP2R5C","p38"
"JAK3","TYK2","p38"
"JAK3","DUSP1","p38"
"JAK3","TRAF2","p38"
"JAK3","MAP2K4","p38"
"JAK3","RAB7A","p38"
"JAK3","EPHA2","p38"
"JAK3","UNC5A","p38"
"JAK3","PRKCI","p38"
"JAK3","RHEB","p38"
"JAK3","INPP5D","p38"
"JAK3","CCNE1","p38"
"JAK3","IRS2","p38"
"JAK3","CDC42","p38"
"JAK3","PIK3CG","p38"
"JAK3","SH2B2","p38"
"JAK3","PPP2R5A","p38"
"JAK3","CLK2","p38"
"JAK3","YWHAE","p38"
"JAK3","PLCG1","p38"
"JAK3","RND1","p38"
"JAK3","TIAM1","p38"
"JAK3","DCTN6","p38"
"JAK3","ACTN1","p38"
"JAK3","RGCC","p38"
"JAK3","PTEN","MAP2K4"
"JAK3","AKT1","MAP2K4"
"JAK3","CSNK2A1","MAP2K4"
"JAK3","RAC1","MAP2K4"
"JAK3","PDPK1","MAP2K4"
"JAK3","MAP3K14","MAP2K4"
"JAK3","RPS6KA1","MAP2K4"
"JAK3","SGK1","MAP2K4"
"JAK3","PAK2","MAP2K4"
"JAK3","AKT","MAP2K4"
"JAK3","MAPK13","MAP2K4"
"JAK3","RPS6KA3","MAP2K4"
"JAK3","mTORC1","MAP2K4"
"JAK3","AHSA1","MAP2K4"
"JAK3","RASSF1","MAP2K4"
"JAK3","SGK3","MAP2K4"
"JAK3","SHOC2","MAP2K4"
"JAK3","TYK2","MAP2K4"
"JAK3","ZAP70","MAP2K4"
"JAK3","TRAF2","MAP2K4"
"JAK3","RAB7A","MAP2K4"
"JAK3","EPHA2","MAP2K4"
"JAK3","NRAS","MAP2K4"
"JAK3","AR","MAP2K4"
"JAK3","DUSP3","MAP2K4"
"JAK3","MAPK11","MAP2K4"
"JAK3","UNC5A","MAP2K4"
"JAK3","PTPRA","MAP2K4"
"JAK3","CCR2","MAP2K4"
"JAK3","PSTPIP1","MAP2K4"
"JAK3","DUSP6","MAP2K4"
"JAK3","INPP5D","MAP2K4"
"JAK3","IRS2","MAP2K4"
"JAK3","CDC42","MAP2K4"
"JAK3","PIK3CG","MAP2K4"
"JAK3","MDM2","MAP2K4"
"JAK3","PLCG1","MAP2K4"
"JAK3","RUNX2","MAP2K4"
"JAK3","SH2B3","MAP2K4"
"JAK3","PIK3C3","MAP2K4"
"JAK3","TIAM1","MAP2K4"
"JAK3","DCTN6","MAP2K4"
"JAK3","ACTN1","MAP2K4"
"JAK3","RGCC","MAP2K4"
"JAK3","CHUK","RAB7A"
"JAK3","MAPK8","RAB7A"
"JAK3","MTOR","RAB7A"
"JAK3","AKT1","RAB7A"
"JAK3","PLK1","RAB7A"
"JAK3","KRAS","RAB7A"
"JAK3","RAC1","RAB7A"
"JAK3","MAP2K7","RAB7A"
"JAK3","TGFBR1","RAB7A"
"JAK3","PPP1CA","RAB7A"
"JAK3","PDPK1","RAB7A"
"JAK3","RPS6KA1","RAB7A"
"JAK3","SGK1","RAB7A"
"JAK3","IGF1R","RAB7A"
"JAK3","PRKCB","RAB7A"
"JAK3","STK3","RAB7A"
"JAK3","PRKCZ","RAB7A"
"JAK3","TGFBR2","RAB7A"
"JAK3","PAK2","RAB7A"
"JAK3","AKT","RAB7A"
"JAK3","HRAS","RAB7A"
"JAK3","PIK3CA","RAB7A"
"JAK3","LEPR","RAB7A"
"JAK3","RPS6KA3","RAB7A"
"JAK3","mTORC1","RAB7A"
"JAK3","BTK","RAB7A"
"JAK3","SGK3","RAB7A"
"JAK3","SH2B1","RAB7A"
"JAK3","HSP90AB1","RAB7A"
"JAK3","SHOC2","RAB7A"
"JAK3","PTPN12","RAB7A"
"JAK3","PAK1","RAB7A"
"JAK3","ZAP70","RAB7A"
"JAK3","GIT1","RAB7A"
"JAK3","TRAF2","RAB7A"
"JAK3","MAP2K4","RAB7A"
"JAK3","DUSP3","RAB7A"
"JAK3","PRKCI","RAB7A"
"JAK3","PTPRA","RAB7A"
"JAK3","RHEB","RAB7A"
"JAK3","INPP5D","RAB7A"
"JAK3","CCNE1","RAB7A"
"JAK3","SPRY2","RAB7A"
"JAK3","PIK3C3","RAB7A"
"JAK3","WAC","RAB7A"
"JAK3","DCTN6","RAB7A"
"JAK3","ACTN1","RAB7A"
"JAK3","CTNNB1","EPHA2"
"JAK3","AKT1","EPHA2"
"JAK3","PLK1","EPHA2"
"JAK3","PDPK1","EPHA2"
"JAK3","RPS6KA1","EPHA2"
"JAK3","IGF1R","EPHA2"
"JAK3","TGFBR2","EPHA2"
"JAK3","PAK2","EPHA2"
"JAK3","AKT","EPHA2"
"JAK3","RACK1","EPHA2"
"JAK3","PIK3CA","EPHA2"
"JAK3","mTORC1","EPHA2"
"JAK3","AHSA1","EPHA2"
"JAK3","ROCK1","EPHA2"
"JAK3","BTK","EPHA2"
"JAK3","SH2B1","EPHA2"
"JAK3","SHOC2","EPHA2"
"JAK3","ZAP70","EPHA2"
"JAK3","GIT1","EPHA2"
"JAK3","NRAS","EPHA2"
"JAK3","UNC5A","EPHA2"
"JAK3","INPP5D","EPHA2"
"JAK3","CCNE1","EPHA2"
"JAK3","CDC42","EPHA2"
"JAK3","PLCG1","EPHA2"
"JAK3","SPRY2","EPHA2"
"JAK3","SH2B3","EPHA2"
"JAK3","PIK3C3","EPHA2"
"JAK3","WAC","EPHA2"
"JAK3","PTEN","TOB1"
"JAK3","PLK1","TOB1"
"JAK3","MAP2K7","TOB1"
"JAK3","PTPRJ","TOB1"
"JAK3","PPP1CA","TOB1"
"JAK3","MAP3K14","TOB1"
"JAK3","RPS6KA1","TOB1"
"JAK3","PRKCB","TOB1"
"JAK3","STK3","TOB1"
"JAK3","RAB1A","TOB1"
"JAK3","TGFBR2","TOB1"
"JAK3","AKT","TOB1"
"JAK3","MAPK13","TOB1"
"JAK3","PIK3CA","TOB1"
"JAK3","LEPR","TOB1"
"JAK3","RPS6KA3","TOB1"
"JAK3","mTORC1","TOB1"
"JAK3","AHSA1","TOB1"
"JAK3","ROCK1","TOB1"
"JAK3","RASSF1","TOB1"
"JAK3","BTK","TOB1"
"JAK3","PTPN11","TOB1"
"JAK3","HSP90AB1","TOB1"
"JAK3","SHOC2","TOB1"
"JAK3","PTPN12","TOB1"
"JAK3","PAK1","TOB1"
"JAK3","GIT1","TOB1"
"JAK3","TRAF2","TOB1"
"JAK3","MAP2K4","TOB1"
"JAK3","AR","TOB1"
"JAK3","PARD6A","TOB1"
"JAK3","PTPRA","TOB1"
"JAK3","PSTPIP1","TOB1"
"JAK3","DAXX","TOB1"
"JAK3","DUSP6","TOB1"
"JAK3","INPP5D","TOB1"
"JAK3","PIK3R1","TOB1"
"JAK3","CCNE1","TOB1"
"JAK3","PIK3CG","TOB1"
"JAK3","SH2B2","TOB1"
"JAK3","CLK2","TOB1"
"JAK3","MDM2","TOB1"
"JAK3","SPRY2","TOB1"
"JAK3","RUNX2","TOB1"
"JAK3","RND1","TOB1"
"JAK3","TIAM1","TOB1"
"JAK3","WAC","TOB1"
"JAK3","BANP","TOB1"
"JAK3","DCTN6","TOB1"
"JAK3","RGCC","TOB1"
"JAK3","CHUK","MAP3K8"
"JAK3","CTNNB1","MAP3K8"
"JAK3","PTEN","MAP3K8"
"JAK3","MAPK8","MAP3K8"
"JAK3","MTOR","MAP3K8"
"JAK3","AKT1","MAP3K8"
"JAK3","KRAS","MAP3K8"
"JAK3","TGFBR1","MAP3K8"
"JAK3","PPP1CA","MAP3K8"
"JAK3","PDPK1","MAP3K8"
"JAK3","RPS6KA1","MAP3K8"
"JAK3","SGK1","MAP3K8"
"JAK3","IGF1R","MAP3K8"
"JAK3","STK3","MAP3K8"
"JAK3","PRKCZ","MAP3K8"
"JAK3","PAK2","MAP3K8"
"JAK3","AKT","MAP3K8"
"JAK3","HRAS","MAP3K8"
"JAK3","PIK3CA","MAP3K8"
"JAK3","RASSF1","MAP3K8"
"JAK3","PTPN11","MAP3K8"
"JAK3","SGK3","MAP3K8"
"JAK3","SHOC2","MAP3K8"
"JAK3","ZAP70","MAP3K8"
"JAK3","RAB7A","MAP3K8"
"JAK3","EPHA2","MAP3K8"
"JAK3","NRAS","MAP3K8"
"JAK3","DUSP3","MAP3K8"
"JAK3","MAPK11","MAP3K8"
"JAK3","UNC5A","MAP3K8"
"JAK3","PRKCI","MAP3K8"
"JAK3","PARD6A","MAP3K8"
"JAK3","PTPRA","MAP3K8"
"JAK3","PSTPIP1","MAP3K8"
"JAK3","INPP5D","MAP3K8"
"JAK3","CCNE1","MAP3K8"
"JAK3","IRS2","MAP3K8"
"JAK3","CDC42","MAP3K8"
"JAK3","CLK2","MAP3K8"
"JAK3","MDM2","MAP3K8"
"JAK3","PLCG1","MAP3K8"
"JAK3","SPRY2","MAP3K8"
"JAK3","SH2B3","MAP3K8"
"JAK3","RND1","MAP3K8"
"JAK3","WAC","MAP3K8"
"JAK3","DCTN6","MAP3K8"
"JAK3","RGCC","MAP3K8"
"JAK3","CHUK","NRAS"
"JAK3","CTNNB1","NRAS"
"JAK3","PTEN","NRAS"
"JAK3","MAPK8","NRAS"
"JAK3","AKT1","NRAS"
"JAK3","CSNK2A1","NRAS"
"JAK3","PLK1","NRAS"
"JAK3","MAP2K7","NRAS"
"JAK3","PTPRJ","NRAS"
"JAK3","MAP3K14","NRAS"
"JAK3","RPS6KA1","NRAS"
"JAK3","SGK1","NRAS"
"JAK3","IGF1R","NRAS"
"JAK3","STK3","NRAS"
"JAK3","TGFBR2","NRAS"
"JAK3","PAK2","NRAS"
"JAK3","AKT","NRAS"
"JAK3","MAPK13","NRAS"
"JAK3","PIK3CA","NRAS"
"JAK3","mTORC1","NRAS"
"JAK3","RASSF1","NRAS"
"JAK3","BTK","NRAS"
"JAK3","SHOC2","NRAS"
"JAK3","PPP2R5C","NRAS"
"JAK3","TRAF2","NRAS"
"JAK3","RAB7A","NRAS"
"JAK3","AR","NRAS"
"JAK3","MAPK11","NRAS"
"JAK3","UNC5A","NRAS"
"JAK3","PARD6A","NRAS"
"JAK3","CCR2","NRAS"
"JAK3","CCNE1","NRAS"
"JAK3","IRS2","NRAS"
"JAK3","PPP2R5A","NRAS"
"JAK3","MDM2","NRAS"
"JAK3","PLCG1","NRAS"
"JAK3","SPRY2","NRAS"
"JAK3","SH2B3","NRAS"
"JAK3","PIK3C3","NRAS"
"JAK3","RND1","NRAS"
"JAK3","WAC","NRAS"
"JAK3","BANP","NRAS"
"JAK3","DCTN6","NRAS"
"JAK3","ACTN1","NRAS"
"JAK3","RGCC","NRAS"
"JAK3","CHUK","ERCC6"
"JAK3","CTNNB1","ERCC6"
"JAK3","CILK1","ERCC6"
"JAK3","MAPK8","ERCC6"
"JAK3","MTOR","ERCC6"
"JAK3","PLK1","ERCC6"
"JAK3","KRAS","ERCC6"
"JAK3","RAC1","ERCC6"
"JAK3","MAP2K7","ERCC6"
"JAK3","MAP3K14","ERCC6"
"JAK3","RPS6KA1","ERCC6"
"JAK3","SGK1","ERCC6"
"JAK3","PRKCB","ERCC6"
"JAK3","STK3","ERCC6"
"JAK3","RAB1A","ERCC6"
"JAK3","TGFBR2","ERCC6"
"JAK3","PAK2","ERCC6"
"JAK3","RACK1","ERCC6"
"JAK3","HRAS","ERCC6"
"JAK3","MAPK13","ERCC6"
"JAK3","PIK3CA","ERCC6"
"JAK3","LEPR","ERCC6"
"JAK3","RPS6KA3","ERCC6"
"JAK3","AHSA1","ERCC6"
"JAK3","BTK","ERCC6"
"JAK3","HSP90AB1","ERCC6"
"JAK3","PPP2R5C","ERCC6"
"JAK3","PAK1","ERCC6"
"JAK3","ZAP70","ERCC6"
"JAK3","GIT1","ERCC6"
"JAK3","TRAF2","ERCC6"
"JAK3","RAB7A","ERCC6"
"JAK3","NRAS","ERCC6"
"JAK3","DUSP3","ERCC6"
"JAK3","MAPK11","ERCC6"
"JAK3","UNC5A","ERCC6"
"JAK3","PRKCI","ERCC6"
"JAK3","PARD6A","ERCC6"
"JAK3","CCNE1","ERCC6"
"JAK3","IRS2","ERCC6"
"JAK3","CDC42","ERCC6"
"JAK3","PLCG1","ERCC6"
"JAK3","SPRY2","ERCC6"
"JAK3","RUNX2","ERCC6"
"JAK3","WAC","ERCC6"
"JAK3","BANP","ERCC6"
"JAK3","RGCC","ERCC6"
"JAK3","CHUK","CDCA5"
"JAK3","CTNNB1","CDCA5"
"JAK3","PTEN","CDCA5"
"JAK3","MAPK8","CDCA5"
"JAK3","MTOR","CDCA5"
"JAK3","AKT1","CDCA5"
"JAK3","PLK1","CDCA5"
"JAK3","KRAS","CDCA5"
"JAK3","RAC1","CDCA5"
"JAK3","TGFBR1","CDCA5"
"JAK3","PDPK1","CDCA5"
"JAK3","MAP3K14","CDCA5"
"JAK3","IGF1R","CDCA5"
"JAK3","PRKCB","CDCA5"
"JAK3","STK3","CDCA5"
"JAK3","PRKCZ","CDCA5"
"JAK3","TGFBR2","CDCA5"
"JAK3","PAK2","CDCA5"
"JAK3","AKT","CDCA5"
"JAK3","MAPK13","CDCA5"
"JAK3","RPS6KA3","CDCA5"
"JAK3","mTORC1","CDCA5"
"JAK3","AHSA1","CDCA5"
"JAK3","ROCK1","CDCA5"
"JAK3","SH2B1","CDCA5"
"JAK3","HSP90AB1","CDCA5"
"JAK3","PTPN12","CDCA5"
"JAK3","PAK1","CDCA5"
"JAK3","ZAP70","CDCA5"
"JAK3","DUSP1","CDCA5"
"JAK3","TRAF2","CDCA5"
"JAK3","MAP2K4","CDCA5"
"JAK3","NRAS","CDCA5"
"JAK3","AR","CDCA5"
"JAK3","RHEB","CDCA5"
"JAK3","DAXX","CDCA5"
"JAK3","DUSP6","CDCA5"
"JAK3","INPP5D","CDCA5"
"JAK3","PIK3R1","CDCA5"
"JAK3","PPP2R5A","CDCA5"
"JAK3","MDM2","CDCA5"
"JAK3","YWHAE","CDCA5"
"JAK3","PLCG1","CDCA5"
"JAK3","BANP","CDCA5"
"JAK3","DCTN6","CDCA5"
"JAK3","ACTN1","CDCA5"
"JAK3","CHUK","CDKN1B"
"JAK3","CDK1","CDKN1B"
"JAK3","PTPRJ","CDKN1B"
"JAK3","MAP3K14","CDKN1B"
"JAK3","RPS6KA1","CDKN1B"
"JAK3","PRKCB","CDKN1B"
"JAK3","TGFBR2","CDKN1B"
"JAK3","HRAS","CDKN1B"
"JAK3","RPS6KA3","CDKN1B"
"JAK3","AHSA1","CDKN1B"
"JAK3","ROCK1","CDKN1B"
"JAK3","CSNK2B","CDKN1B"
"JAK3","SH2B1","CDKN1B"
"JAK3","HSP90AB1","CDKN1B"
"JAK3","SHOC2","CDKN1B"
"JAK3","PPP2R5C","CDKN1B"
"JAK3","GIT1","CDKN1B"
"JAK3","PKN1","CDKN1B"
"JAK3","MAP2K4","CDKN1B"
"JAK3","EPHA2","CDKN1B"
"JAK3","NRAS","CDKN1B"
"JAK3","UNC5A","CDKN1B"
"JAK3","PSTPIP1","CDKN1B"
"JAK3","DUSP6","CDKN1B"
"JAK3","INPP5D","CDKN1B"
"JAK3","PLCG1","CDKN1B"
"JAK3","RUNX2","CDKN1B"
"JAK3","RND1","CDKN1B"
"JAK3","CHUK","NSFL1C"
"JAK3","CTNNB1","NSFL1C"
"JAK3","PTEN","NSFL1C"
"JAK3","MAPK8","NSFL1C"
"JAK3","CSNK2A1","NSFL1C"
"JAK3","KRAS","NSFL1C"
"JAK3","MAP2K7","NSFL1C"
"JAK3","PRKCB","NSFL1C"
"JAK3","PRKCZ","NSFL1C"
"JAK3","TGFBR2","NSFL1C"
"JAK3","AKT","NSFL1C"
"JAK3","HRAS","NSFL1C"
"JAK3","RPS6KA3","NSFL1C"
"JAK3","mTORC1","NSFL1C"
"JAK3","AHSA1","NSFL1C"
"JAK3","BTK","NSFL1C"
"JAK3","HSP90AB1","NSFL1C"
"JAK3","SHOC2","NSFL1C"
"JAK3","PTPN12","NSFL1C"
"JAK3","PPP2R5C","NSFL1C"
"JAK3","TYK2","NSFL1C"
"JAK3","ZAP70","NSFL1C"
"JAK3","DUSP1","NSFL1C"
"JAK3","EPHA2","NSFL1C"
"JAK3","PRKCI","NSFL1C"
"JAK3","CCR2","NSFL1C"
"JAK3","INPP5D","NSFL1C"
"JAK3","PIK3R1","NSFL1C"
"JAK3","PIK3CG","NSFL1C"
"JAK3","PPP2R5A","NSFL1C"
"JAK3","PLCG1","NSFL1C"
"JAK3","BANP","NSFL1C"
"JAK3","DCTN6","NSFL1C"
"JAK3","ACTN1","NSFL1C"
"JAK3","CTNNB1","AR"
"JAK3","PTEN","AR"
"JAK3","PLK1","AR"
"JAK3","RAC1","AR"
"JAK3","PDPK1","AR"
"JAK3","SGK1","AR"
"JAK3","IGF1R","AR"
"JAK3","PRKCZ","AR"
"JAK3","PAK2","AR"
"JAK3","RACK1","AR"
"JAK3","HRAS","AR"
"JAK3","MAPK13","AR"
"JAK3","LEPR","AR"
"JAK3","RPS6KA3","AR"
"JAK3","mTORC1","AR"
"JAK3","RASSF1","AR"
"JAK3","BTK","AR"
"JAK3","PTPN11","AR"
"JAK3","SGK3","AR"
"JAK3","SHOC2","AR"
"JAK3","PTPN12","AR"
"JAK3","DUSP1","AR"
"JAK3","NRAS","AR"
"JAK3","PTPRA","AR"
"JAK3","CCR2","AR"
"JAK3","RHEB","AR"
"JAK3","DUSP6","AR"
"JAK3","IRS2","AR"
"JAK3","MDM2","AR"
"JAK3","YWHAE","AR"
"JAK3","PLCG1","AR"
"JAK3","RUNX2","AR"
"JAK3","SH2B3","AR"
"JAK3","PIK3C3","AR"
"JAK3","WAC","AR"
"JAK3","DCTN6","AR"
"JAK3","ACTN1","AR"
"JAK3","RGCC","AR"
"JAK3","CILK1","GTF2I"
"JAK3","MTOR","GTF2I"
"JAK3","AKT1","GTF2I"
"JAK3","CSNK2A1","GTF2I"
"JAK3","PDPK1","GTF2I"
"JAK3","MAP3K14","GTF2I"
"JAK3","SGK1","GTF2I"
"JAK3","RAB1A","GTF2I"
"JAK3","RACK1","GTF2I"
"JAK3","HRAS","GTF2I"
"JAK3","MAPK13","GTF2I"
"JAK3","PIK3CA","GTF2I"
"JAK3","LEPR","GTF2I"
"JAK3","ROCK1","GTF2I"
"JAK3","RASSF1","GTF2I"
"JAK3","SGK3","GTF2I"
"JAK3","HSP90AB1","GTF2I"
"JAK3","PTPN12","GTF2I"
"JAK3","PPP2R5C","GTF2I"
"JAK3","PAK1","GTF2I"
"JAK3","ZAP70","GTF2I"
"JAK3","DUSP1","GTF2I"
"JAK3","MAP2K4","GTF2I"
"JAK3","EPHA2","GTF2I"
"JAK3","NRAS","GTF2I"
"JAK3","DUSP3","GTF2I"
"JAK3","MAPK11","GTF2I"
"JAK3","PRKCI","GTF2I"
"JAK3","PSTPIP1","GTF2I"
"JAK3","DAXX","GTF2I"
"JAK3","DUSP6","GTF2I"
"JAK3","INPP5D","GTF2I"
"JAK3","IRS2","GTF2I"
"JAK3","PIK3CG","GTF2I"
"JAK3","SH2B2","GTF2I"
"JAK3","CLK2","GTF2I"
"JAK3","RUNX2","GTF2I"
"JAK3","RND1","GTF2I"
"JAK3","TIAM1","GTF2I"
"JAK3","BANP","GTF2I"
"JAK3","DCTN6","GTF2I"
"JAK3","ACTN1","GTF2I"
"JAK3","CHUK","PAK"
"JAK3","PTEN","PAK"
"JAK3","MAPK8","PAK"
"JAK3","AKT1","PAK"
"JAK3","CSNK2A1","PAK"
"JAK3","PLK1","PAK"
"JAK3","KRAS","PAK"
"JAK3","RAC1","PAK"
"JAK3","MAP2K7","PAK"
"JAK3","MAP3K14","PAK"
"JAK3","PRKCB","PAK"
"JAK3","RAB1A","PAK"
"JAK3","AKT","PAK"
"JAK3","RACK1","PAK"
"JAK3","HRAS","PAK"
"JAK3","MAPK13","PAK"
"JAK3","PIK3CA","PAK"
"JAK3","LEPR","PAK"
"JAK3","RPS6KA3","PAK"
"JAK3","BTK","PAK"
"JAK3","SH2B1","PAK"
"JAK3","SHOC2","PAK"
"JAK3","PTPN12","PAK"
"JAK3","PPP2R5C","PAK"
"JAK3","TYK2","PAK"
"JAK3","ZAP70","PAK"
"JAK3","DUSP1","PAK"
"JAK3","GIT1","PAK"
"JAK3","TRAF2","PAK"
"JAK3","MAP2K4","PAK"
"JAK3","RAB7A","PAK"
"JAK3","EPHA2","PAK"
"JAK3","NRAS","PAK"
"JAK3","AR","PAK"
"JAK3","MAPK11","PAK"
"JAK3","UNC5A","PAK"
"JAK3","PRKCI","PAK"
"JAK3","PTPRA","PAK"
"JAK3","CCR2","PAK"
"JAK3","PSTPIP1","PAK"
"JAK3","RHEB","PAK"
"JAK3","INPP5D","PAK"
"JAK3","IRS2","PAK"
"JAK3","PPP2R5A","PAK"
"JAK3","MDM2","PAK"
"JAK3","RUNX2","PAK"
"JAK3","RND1","PAK"
"JAK3","BANP","PAK"
"JAK3","DCTN6","PAK"
"JAK3","RGCC","PAK"
"JAK3","CHUK","GEM"
"JAK3","MTOR","GEM"
"JAK3","CSNK2A1","GEM"
"JAK3","PPP1CA","GEM"
"JAK3","PDPK1","GEM"
"JAK3","PRKCB","GEM"
"JAK3","TGFBR2","GEM"
"JAK3","AKT","GEM"
"JAK3","MAPK13","GEM"
"JAK3","PIK3CA","GEM"
"JAK3","AHSA1","GEM"
"JAK3","SH2B1","GEM"
"JAK3","SHOC2","GEM"
"JAK3","TYK2","GEM"
"JAK3","EPHA2","GEM"
"JAK3","NRAS","GEM"
"JAK3","AR","GEM"
"JAK3","PARD6A","GEM"
"JAK3","PTPRA","GEM"
"JAK3","CCR2","GEM"
"JAK3","CCNE1","GEM"
"JAK3","SH2B2","GEM"
"JAK3","YWHAE","GEM"
"JAK3","WAC","GEM"
"JAK3","BANP","GEM"
"JAK3","RGCC","GEM"
"JAK3","CTNNB1","BDKRB2"
"JAK3","MAPK8","BDKRB2"
"JAK3","MTOR","BDKRB2"
"JAK3","AKT1","BDKRB2"
"JAK3","TGFBR1","BDKRB2"
"JAK3","PPP1CA","BDKRB2"
"JAK3","PDPK1","BDKRB2"
"JAK3","MAP3K14","BDKRB2"
"JAK3","RPS6KA1","BDKRB2"
"JAK3","SGK1","BDKRB2"
"JAK3","STK3","BDKRB2"
"JAK3","RAB1A","BDKRB2"
"JAK3","PAK2","BDKRB2"
"JAK3","AKT","BDKRB2"
"JAK3","RACK1","BDKRB2"
"JAK3","MAPK13","BDKRB2"
"JAK3","PIK3CA","BDKRB2"
"JAK3","LEPR","BDKRB2"
"JAK3","AHSA1","BDKRB2"
"JAK3","ROCK1","BDKRB2"
"JAK3","RASSF1","BDKRB2"
"JAK3","SH2B1","BDKRB2"
"JAK3","HSP90AB1","BDKRB2"
"JAK3","SHOC2","BDKRB2"
"JAK3","PTPN12","BDKRB2"
"JAK3","ZAP70","BDKRB2"
"JAK3","DUSP1","BDKRB2"
"JAK3","TRAF2","BDKRB2"
"JAK3","MAP2K4","BDKRB2"
"JAK3","RAB7A","BDKRB2"
"JAK3","EPHA2","BDKRB2"
"JAK3","DUSP3","BDKRB2"
"JAK3","PRKCI","BDKRB2"
"JAK3","PARD6A","BDKRB2"
"JAK3","PTPRA","BDKRB2"
"JAK3","DAXX","BDKRB2"
"JAK3","DUSP6","BDKRB2"
"JAK3","PIK3R1","BDKRB2"
"JAK3","IRS2","BDKRB2"
"JAK3","PIK3CG","BDKRB2"
"JAK3","SH2B2","BDKRB2"
"JAK3","CLK2","BDKRB2"
"JAK3","MDM2","BDKRB2"
"JAK3","SPRY2","BDKRB2"
"JAK3","RUNX2","BDKRB2"
"JAK3","RGCC","BDKRB2"
"JAK3","CHUK","DUSP3"
"JAK3","CTNNB1","DUSP3"
"JAK3","AKT1","DUSP3"
"JAK3","CSNK2A1","DUSP3"
"JAK3","ERK1/2","DUSP3"
"JAK3","PLK1","DUSP3"
"JAK3","KRAS","DUSP3"
"JAK3","RAC1","DUSP3"
"JAK3","PTPRJ","DUSP3"
"JAK3","TGFBR1","DUSP3"
"JAK3","PPP1CA","DUSP3"
"JAK3","MAP3K14","DUSP3"
"JAK3","RPS6KA1","DUSP3"
"JAK3","SGK1","DUSP3"
"JAK3","RAB1A","DUSP3"
"JAK3","TGFBR2","DUSP3"
"JAK3","PAK2","DUSP3"
"JAK3","MAPK13","DUSP3"
"JAK3","PIK3CA","DUSP3"
"JAK3","RPS6KA3","DUSP3"
"JAK3","mTORC1","DUSP3"
"JAK3","AHSA1","DUSP3"
"JAK3","PTPN11","DUSP3"
"JAK3","HSP90AB1","DUSP3"
"JAK3","SHOC2","DUSP3"
"JAK3","PTPN12","DUSP3"
"JAK3","PAK1","DUSP3"
"JAK3","MAP2K4","DUSP3"
"JAK3","RAB7A","DUSP3"
"JAK3","NRAS","DUSP3"
"JAK3","MAPK11","DUSP3"
"JAK3","PRKCI","DUSP3"
"JAK3","PARD6A","DUSP3"
"JAK3","RHEB","DUSP3"
"JAK3","CCNE1","DUSP3"
"JAK3","IRS2","DUSP3"
"JAK3","SH2B2","DUSP3"
"JAK3","PPP2R5A","DUSP3"
"JAK3","MDM2","DUSP3"
"JAK3","YWHAE","DUSP3"
"JAK3","PLCG1","DUSP3"
"JAK3","PIK3C3","DUSP3"
"JAK3","DCTN6","DUSP3"
"JAK3","RGCC","DUSP3"
"JAK3","CSNK2A1","MAPK15"
"JAK3","PTPRJ","MAPK15"
"JAK3","PAK2","MAPK15"
"JAK3","AKT","MAPK15"
"JAK3","RACK1","MAPK15"
"JAK3","HRAS","MAPK15"
"JAK3","RPS6KA3","MAPK15"
"JAK3","mTORC1","MAPK15"
"JAK3","SH2B1","MAPK15"
"JAK3","SHOC2","MAPK15"
"JAK3","GIT1","MAPK15"
"JAK3","TRAF2","MAPK15"
"JAK3","UNC5A","MAPK15"
"JAK3","PRKCI","MAPK15"
"JAK3","CCR2","MAPK15"
"JAK3","PSTPIP1","MAPK15"
"JAK3","RHEB","MAPK15"
"JAK3","INPP5D","MAPK15"
"JAK3","PIK3R1","MAPK15"
"JAK3","CCNE1","MAPK15"
"JAK3","IRS2","MAPK15"
"JAK3","SH2B2","MAPK15"
"JAK3","PPP2R5A","MAPK15"
"JAK3","CLK2","MAPK15"
"JAK3","SH2B3","MAPK15"
"JAK3","PIK3C3","MAPK15"
"JAK3","BANP","MAPK15"
"JAK3","DCTN6","MAPK15"
"JAK3","ACTN1","MAPK15"
"JAK3","CILK1","FLT4"
"JAK3","PTEN","FLT4"
"JAK3","MAPK8","FLT4"
"JAK3","AKT1","FLT4"
"JAK3","PLK1","FLT4"
"JAK3","KRAS","FLT4"
"JAK3","RAC1","FLT4"
"JAK3","PPP1CA","FLT4"
"JAK3","MAP3K14","FLT4"
"JAK3","RPS6KA1","FLT4"
"JAK3","IGF1R","FLT4"
"JAK3","STK3","FLT4"
"JAK3","PRKCZ","FLT4"
"JAK3","HRAS","FLT4"
"JAK3","LEPR","FLT4"
"JAK3","ROCK1","FLT4"
"JAK3","BTK","FLT4"
"JAK3","SGK3","FLT4"
"JAK3","HSP90AB1","FLT4"
"JAK3","PTPN12","FLT4"
"JAK3","PPP2R5C","FLT4"
"JAK3","TYK2","FLT4"
"JAK3","GIT1","FLT4"
"JAK3","TRAF2","FLT4"
"JAK3","MAP2K4","FLT4"
"JAK3","RAB7A","FLT4"
"JAK3","MAPK11","FLT4"
"JAK3","UNC5A","FLT4"
"JAK3","PRKCI","FLT4"
"JAK3","PARD6A","FLT4"
"JAK3","PTPRA","FLT4"
"JAK3","CCR2","FLT4"
"JAK3","PSTPIP1","FLT4"
"JAK3","RHEB","FLT4"
"JAK3","DAXX","FLT4"
"JAK3","DUSP6","FLT4"
"JAK3","CCNE1","FLT4"
"JAK3","IRS2","FLT4"
"JAK3","SH2B2","FLT4"
"JAK3","CLK2","FLT4"
"JAK3","MDM2","FLT4"
"JAK3","YWHAE","FLT4"
"JAK3","PLCG1","FLT4"
"JAK3","RUNX2","FLT4"
"JAK3","SH2B3","FLT4"
"JAK3","PIK3C3","FLT4"
"JAK3","TIAM1","FLT4"
"JAK3","BANP","FLT4"
"JAK3","ACTN1","FLT4"
"JAK3","RGCC","FLT4"
"JAK3","CHUK","FBLIM1"
"JAK3","CTNNB1","FBLIM1"
"JAK3","CILK1","FBLIM1"
"JAK3","PTEN","FBLIM1"
"JAK3","MTOR","FBLIM1"
"JAK3","CSNK2A1","FBLIM1"
"JAK3","KRAS","FBLIM1"
"JAK3","RAC1","FBLIM1"
"JAK3","MAP2K7","FBLIM1"
"JAK3","PTPRJ","FBLIM1"
"JAK3","TGFBR1","FBLIM1"
"JAK3","PPP1CA","FBLIM1"
"JAK3","MAP3K14","FBLIM1"
"JAK3","RPS6KA1","FBLIM1"
"JAK3","SGK1","FBLIM1"
"JAK3","IGF1R","FBLIM1"
"JAK3","PRKCB","FBLIM1"
"JAK3","STK3","FBLIM1"
"JAK3","AKT","FBLIM1"
"JAK3","MAPK13","FBLIM1"
"JAK3","PIK3CA","FBLIM1"
"JAK3","LEPR","FBLIM1"
"JAK3","RPS6KA3","FBLIM1"
"JAK3","mTORC1","FBLIM1"
"JAK3","ROCK1","FBLIM1"
"JAK3","BTK","FBLIM1"
"JAK3","SGK3","FBLIM1"
"JAK3","SH2B1","FBLIM1"
"JAK3","HSP90AB1","FBLIM1"
"JAK3","SHOC2","FBLIM1"
"JAK3","PPP2R5C","FBLIM1"
"JAK3","PAK1","FBLIM1"
"JAK3","ZAP70","FBLIM1"
"JAK3","GIT1","FBLIM1"
"JAK3","TRAF2","FBLIM1"
"JAK3","MAP2K4","FBLIM1"
"JAK3","DUSP3","FBLIM1"
"JAK3","PRKCI","FBLIM1"
"JAK3","PARD6A","FBLIM1"
"JAK3","PTPRA","FBLIM1"
"JAK3","DAXX","FBLIM1"
"JAK3","DUSP6","FBLIM1"
"JAK3","INPP5D","FBLIM1"
"JAK3","PIK3R1","FBLIM1"
"JAK3","CCNE1","FBLIM1"
"JAK3","SH2B2","FBLIM1"
"JAK3","CLK2","FBLIM1"
"JAK3","MDM2","FBLIM1"
"JAK3","SPRY2","FBLIM1"
"JAK3","PIK3C3","FBLIM1"
"JAK3","DCTN6","FBLIM1"
"JAK3","PTPN11","RXRA"
"JAK3","CHUK","CSF2RA/CSF2RB"
"JAK3","MAPK8","CSF2RA/CSF2RB"
"JAK3","AKT1","CSF2RA/CSF2RB"
"JAK3","PLK1","CSF2RA/CSF2RB"
"JAK3","MAP2K7","CSF2RA/CSF2RB"
"JAK3","PTPRJ","CSF2RA/CSF2RB"
"JAK3","TGFBR1","CSF2RA/CSF2RB"
"JAK3","PPP1CA","CSF2RA/CSF2RB"
"JAK3","IGF1R","CSF2RA/CSF2RB"
"JAK3","PRKCB","CSF2RA/CSF2RB"
"JAK3","STK3","CSF2RA/CSF2RB"
"JAK3","PAK2","CSF2RA/CSF2RB"
"JAK3","RACK1","CSF2RA/CSF2RB"
"JAK3","SGK3","CSF2RA/CSF2RB"
"JAK3","HSP90AB1","CSF2RA/CSF2RB"
"JAK3","PTPN12","CSF2RA/CSF2RB"
"JAK3","PAK1","CSF2RA/CSF2RB"
"JAK3","TYK2","CSF2RA/CSF2RB"
"JAK3","ZAP70","CSF2RA/CSF2RB"
"JAK3","DUSP1","CSF2RA/CSF2RB"
"JAK3","GIT1","CSF2RA/CSF2RB"
"JAK3","TRAF2","CSF2RA/CSF2RB"
"JAK3","MAP2K4","CSF2RA/CSF2RB"
"JAK3","RAB7A","CSF2RA/CSF2RB"
"JAK3","EPHA2","CSF2RA/CSF2RB"
"JAK3","NRAS","CSF2RA/CSF2RB"
"JAK3","AR","CSF2RA/CSF2RB"
"JAK3","DUSP3","CSF2RA/CSF2RB"
"JAK3","MAPK11","CSF2RA/CSF2RB"
"JAK3","UNC5A","CSF2RA/CSF2RB"
"JAK3","PRKCI","CSF2RA/CSF2RB"
"JAK3","PARD6A","CSF2RA/CSF2RB"
"JAK3","PTPRA","CSF2RA/CSF2RB"
"JAK3","DAXX","CSF2RA/CSF2RB"
"JAK3","DUSP6","CSF2RA/CSF2RB"
"JAK3","PIK3R1","CSF2RA/CSF2RB"
"JAK3","CDC42","CSF2RA/CSF2RB"
"JAK3","PIK3CG","CSF2RA/CSF2RB"
"JAK3","SH2B2","CSF2RA/CSF2RB"
"JAK3","MDM2","CSF2RA/CSF2RB"
"JAK3","YWHAE","CSF2RA/CSF2RB"
"JAK3","PLCG1","CSF2RA/CSF2RB"
"JAK3","SH2B3","CSF2RA/CSF2RB"
"JAK3","PIK3C3","CSF2RA/CSF2RB"
"JAK3","TIAM1","CSF2RA/CSF2RB"
"JAK3","BANP","CSF2RA/CSF2RB"
"JAK3","DCTN6","CSF2RA/CSF2RB"
"JAK3","ACTN1","CSF2RA/CSF2RB"
"JAK3","RGCC","CSF2RA/CSF2RB"
"JAK3","CHUK","MAPK11"
"JAK3","PTEN","MAPK11"
"JAK3","MAPK8","MAPK11"
"JAK3","AKT1","MAPK11"
"JAK3","CSNK2A1","MAPK11"
"JAK3","PLK1","MAPK11"
"JAK3","RAC1","MAPK11"
"JAK3","MAP2K7","MAPK11"
"JAK3","TGFBR1","MAPK11"
"JAK3","PPP1CA","MAPK11"
"JAK3","PDPK1","MAPK11"
"JAK3","MAP3K14","MAPK11"
"JAK3","IGF1R","MAPK11"
"JAK3","PRKCB","MAPK11"
"JAK3","TGFBR2","MAPK11"
"JAK3","AKT","MAPK11"
"JAK3","HRAS","MAPK11"
"JAK3","mTORC1","MAPK11"
"JAK3","AHSA1","MAPK11"
"JAK3","ROCK1","MAPK11"
"JAK3","RASSF1","MAPK11"
"JAK3","BTK","MAPK11"
"JAK3","SH2B1","MAPK11"
"JAK3","SHOC2","MAPK11"
"JAK3","PPP2R5C","MAPK11"
"JAK3","PAK1","MAPK11"
"JAK3","TYK2","MAPK11"
"JAK3","ZAP70","MAPK11"
"JAK3","DUSP1","MAPK11"
"JAK3","GIT1","MAPK11"
"JAK3","RAB7A","MAPK11"
"JAK3","EPHA2","MAPK11"
"JAK3","NRAS","MAPK11"
"JAK3","DUSP3","MAPK11"
"JAK3","PARD6A","MAPK11"
"JAK3","PTPRA","MAPK11"
"JAK3","CCR2","MAPK11"
"JAK3","DAXX","MAPK11"
"JAK3","DUSP6","MAPK11"
"JAK3","INPP5D","MAPK11"
"JAK3","PIK3R1","MAPK11"
"JAK3","CCNE1","MAPK11"
"JAK3","IRS2","MAPK11"
"JAK3","CDC42","MAPK11"
"JAK3","PIK3CG","MAPK11"
"JAK3","SH2B2","MAPK11"
"JAK3","CLK2","MAPK11"
"JAK3","MDM2","MAPK11"
"JAK3","YWHAE","MAPK11"
"JAK3","PLCG1","MAPK11"
"JAK3","RUNX2","MAPK11"
"JAK3","RND1","MAPK11"
"JAK3","TIAM1","MAPK11"
"JAK3","BANP","MAPK11"
"JAK3","DCTN6","MAPK11"
"JAK3","RGCC","MAPK11"
"JAK3","CHUK","ADRA1B"
"JAK3","CTNNB1","ADRA1B"
"JAK3","CILK1","ADRA1B"
"JAK3","PTEN","ADRA1B"
"JAK3","MAPK8","ADRA1B"
"JAK3","MTOR","ADRA1B"
"JAK3","AKT1","ADRA1B"
"JAK3","CSNK2A1","ADRA1B"
"JAK3","RAC1","ADRA1B"
"JAK3","MAP2K7","ADRA1B"
"JAK3","PPP1CA","ADRA1B"
"JAK3","PDPK1","ADRA1B"
"JAK3","RPS6KA1","ADRA1B"
"JAK3","IGF1R","ADRA1B"
"JAK3","PRKCZ","ADRA1B"
"JAK3","TGFBR2","ADRA1B"
"JAK3","PAK2","ADRA1B"
"JAK3","AKT","ADRA1B"
"JAK3","RACK1","ADRA1B"
"JAK3","HRAS","ADRA1B"
"JAK3","PIK3CA","ADRA1B"
"JAK3","RPS6KA3","ADRA1B"
"JAK3","ROCK1","ADRA1B"
"JAK3","RASSF1","ADRA1B"
"JAK3","BTK","ADRA1B"
"JAK3","PTPN12","ADRA1B"
"JAK3","ZAP70","ADRA1B"
"JAK3","GIT1","ADRA1B"
"JAK3","RAB7A","ADRA1B"
"JAK3","EPHA2","ADRA1B"
"JAK3","MAPK11","ADRA1B"
"JAK3","CCR2","ADRA1B"
"JAK3","RHEB","ADRA1B"
"JAK3","MDM2","ADRA1B"
"JAK3","YWHAE","ADRA1B"
"JAK3","PLCG1","ADRA1B"
"JAK3","PIK3C3","ADRA1B"
"JAK3","TIAM1","ADRA1B"
"JAK3","RGCC","ADRA1B"
"JAK3","CTNNB1","PGR"
"JAK3","PLK1","PGR"
"JAK3","KRAS","PGR"
"JAK3","RPS6KA1","PGR"
"JAK3","SGK1","PGR"
"JAK3","STK3","PGR"
"JAK3","RAB1A","PGR"
"JAK3","PRKCZ","PGR"
"JAK3","AKT","PGR"
"JAK3","RACK1","PGR"
"JAK3","HRAS","PGR"
"JAK3","MAPK13","PGR"
"JAK3","PIK3CA","PGR"
"JAK3","RPS6KA3","PGR"
"JAK3","ROCK1","PGR"
"JAK3","RASSF1","PGR"
"JAK3","BTK","PGR"
"JAK3","SGK3","PGR"
"JAK3","PTPN12","PGR"
"JAK3","PAK1","PGR"
"JAK3","TYK2","PGR"
"JAK3","ZAP70","PGR"
"JAK3","DUSP1","PGR"
"JAK3","GIT1","PGR"
"JAK3","TRAF2","PGR"
"JAK3","EPHA2","PGR"
"JAK3","NRAS","PGR"
"JAK3","DUSP3","PGR"
"JAK3","UNC5A","PGR"
"JAK3","PRKCI","PGR"
"JAK3","PARD6A","PGR"
"JAK3","CCR2","PGR"
"JAK3","PSTPIP1","PGR"
"JAK3","RHEB","PGR"
"JAK3","INPP5D","PGR"
"JAK3","CCNE1","PGR"
"JAK3","IRS2","PGR"
"JAK3","CLK2","PGR"
"JAK3","MDM2","PGR"
"JAK3","YWHAE","PGR"
"JAK3","PLCG1","PGR"
"JAK3","RUNX2","PGR"
"JAK3","SH2B3","PGR"
"JAK3","PIK3C3","PGR"
"JAK3","TIAM1","PGR"
"JAK3","ACTN1","PGR"
"JAK3","RGCC","PGR"
"JAK3","CTNNB1","EPHA3"
"JAK3","CILK1","EPHA3"
"JAK3","PTEN","EPHA3"
"JAK3","MTOR","EPHA3"
"JAK3","AKT1","EPHA3"
"JAK3","CSNK2A1","EPHA3"
"JAK3","PLK1","EPHA3"
"JAK3","KRAS","EPHA3"
"JAK3","MAP2K7","EPHA3"
"JAK3","PDPK1","EPHA3"
"JAK3","AKT","EPHA3"
"JAK3","RACK1","EPHA3"
"JAK3","HRAS","EPHA3"
"JAK3","MAPK13","EPHA3"
"JAK3","PIK3CA","EPHA3"
"JAK3","LEPR","EPHA3"
"JAK3","RPS6KA3","EPHA3"
"JAK3","ROCK1","EPHA3"
"JAK3","RASSF1","EPHA3"
"JAK3","HSP90AB1","EPHA3"
"JAK3","SHOC2","EPHA3"
"JAK3","PTPN12","EPHA3"
"JAK3","PAK1","EPHA3"
"JAK3","TYK2","EPHA3"
"JAK3","DUSP1","EPHA3"
"JAK3","MAP2K4","EPHA3"
"JAK3","NRAS","EPHA3"
"JAK3","AR","EPHA3"
"JAK3","UNC5A","EPHA3"
"JAK3","PRKCI","EPHA3"
"JAK3","PARD6A","EPHA3"
"JAK3","PTPRA","EPHA3"
"JAK3","DAXX","EPHA3"
"JAK3","DUSP6","EPHA3"
"JAK3","INPP5D","EPHA3"
"JAK3","PIK3R1","EPHA3"
"JAK3","IRS2","EPHA3"
"JAK3","CDC42","EPHA3"
"JAK3","PIK3CG","EPHA3"
"JAK3","PPP2R5A","EPHA3"
"JAK3","CLK2","EPHA3"
"JAK3","YWHAE","EPHA3"
"JAK3","PLCG1","EPHA3"
"JAK3","SPRY2","EPHA3"
"JAK3","TIAM1","EPHA3"
"JAK3","WAC","EPHA3"
"JAK3","DCTN6","EPHA3"
"JAK3","RGCC","EPHA3"
"JAK3","CTNNB1","VCP"
"JAK3","CILK1","VCP"
"JAK3","MAPK8","VCP"
"JAK3","AKT1","VCP"
"JAK3","CSNK2A1","VCP"
"JAK3","PLK1","VCP"
"JAK3","KRAS","VCP"
"JAK3","MAP2K7","VCP"
"JAK3","TGFBR1","VCP"
"JAK3","PDPK1","VCP"
"JAK3","RPS6KA1","VCP"
"JAK3","PRKCB","VCP"
"JAK3","RAB1A","VCP"
"JAK3","PRKCZ","VCP"
"JAK3","TGFBR2","VCP"
"JAK3","PAK2","VCP"
"JAK3","RACK1","VCP"
"JAK3","MAPK13","VCP"
"JAK3","LEPR","VCP"
"JAK3","ROCK1","VCP"
"JAK3","PTPN11","VCP"
"JAK3","SGK3","VCP"
"JAK3","SH2B1","VCP"
"JAK3","HSP90AB1","VCP"
"JAK3","SHOC2","VCP"
"JAK3","PTPN12","VCP"
"JAK3","PPP2R5C","VCP"
"JAK3","ZAP70","VCP"
"JAK3","DUSP1","VCP"
"JAK3","TRAF2","VCP"
"JAK3","MAP2K4","VCP"
"JAK3","EPHA2","VCP"
"JAK3","NRAS","VCP"
"JAK3","AR","VCP"
"JAK3","DUSP3","VCP"
"JAK3","UNC5A","VCP"
"JAK3","PTPRA","VCP"
"JAK3","CCR2","VCP"
"JAK3","DAXX","VCP"
"JAK3","DUSP6","VCP"
"JAK3","INPP5D","VCP"
"JAK3","PIK3CG","VCP"
"JAK3","MDM2","VCP"
"JAK3","YWHAE","VCP"
"JAK3","SPRY2","VCP"
"JAK3","PIK3C3","VCP"
"JAK3","RND1","VCP"
"JAK3","TIAM1","VCP"
"JAK3","BANP","VCP"
"JAK3","RGCC","VCP"
"JAK3","MAPK8","LEF1"
"JAK3","AKT1","LEF1"
"JAK3","CSNK2A1","LEF1"
"JAK3","PLK1","LEF1"
"JAK3","KRAS","LEF1"
"JAK3","PPP1CA","LEF1"
"JAK3","PDPK1","LEF1"
"JAK3","MAP3K14","LEF1"
"JAK3","RPS6KA1","LEF1"
"JAK3","SGK1","LEF1"
"JAK3","IGF1R","LEF1"
"JAK3","AKT","LEF1"
"JAK3","HRAS","LEF1"
"JAK3","MAPK13","LEF1"
"JAK3","RPS6KA3","LEF1"
"JAK3","mTORC1","LEF1"
"JAK3","RASSF1","LEF1"
"JAK3","SGK3","LEF1"
"JAK3","PTPN12","LEF1"
"JAK3","PPP2R5C","LEF1"
"JAK3","TYK2","LEF1"
"JAK3","ZAP70","LEF1"
"JAK3","DUSP1","LEF1"
"JAK3","GIT1","LEF1"
"JAK3","TRAF2","LEF1"
"JAK3","MAP2K4","LEF1"
"JAK3","RAB7A","LEF1"
"JAK3","NRAS","LEF1"
"JAK3","AR","LEF1"
"JAK3","RHEB","LEF1"
"JAK3","DUSP6","LEF1"
"JAK3","INPP5D","LEF1"
"JAK3","CCNE1","LEF1"
"JAK3","PIK3CG","LEF1"
"JAK3","PPP2R5A","LEF1"
"JAK3","SPRY2","LEF1"
"JAK3","SH2B3","LEF1"
"JAK3","WAC","LEF1"
"JAK3","CHUK","XBP1"
"JAK3","MAPK8","XBP1"
"JAK3","MTOR","XBP1"
"JAK3","AKT1","XBP1"
"JAK3","CSNK2A1","XBP1"
"JAK3","MAP2K7","XBP1"
"JAK3","TGFBR1","XBP1"
"JAK3","PDPK1","XBP1"
"JAK3","RPS6KA1","XBP1"
"JAK3","IGF1R","XBP1"
"JAK3","PRKCB","XBP1"
"JAK3","STK3","XBP1"
"JAK3","PRKCZ","XBP1"
"JAK3","TGFBR2","XBP1"
"JAK3","PAK2","XBP1"
"JAK3","PIK3CA","XBP1"
"JAK3","RPS6KA3","XBP1"
"JAK3","mTORC1","XBP1"
"JAK3","AHSA1","XBP1"
"JAK3","BTK","XBP1"
"JAK3","PTPN11","XBP1"
"JAK3","SH2B1","XBP1"
"JAK3","SHOC2","XBP1"
"JAK3","PTPN12","XBP1"
"JAK3","PPP2R5C","XBP1"
"JAK3","DUSP1","XBP1"
"JAK3","RAB7A","XBP1"
"JAK3","EPHA2","XBP1"
"JAK3","NRAS","XBP1"
"JAK3","AR","XBP1"
"JAK3","MAPK11","XBP1"
"JAK3","PARD6A","XBP1"
"JAK3","PSTPIP1","XBP1"
"JAK3","RHEB","XBP1"
"JAK3","DAXX","XBP1"
"JAK3","DUSP6","XBP1"
"JAK3","INPP5D","XBP1"
"JAK3","PIK3R1","XBP1"
"JAK3","CDC42","XBP1"
"JAK3","PIK3CG","XBP1"
"JAK3","SH2B2","XBP1"
"JAK3","PPP2R5A","XBP1"
"JAK3","MDM2","XBP1"
"JAK3","YWHAE","XBP1"
"JAK3","PLCG1","XBP1"
"JAK3","SPRY2","XBP1"
"JAK3","PIK3C3","XBP1"
"JAK3","TIAM1","XBP1"
"JAK3","DCTN6","XBP1"
"JAK3","ACTN1","XBP1"
"JAK3","CTNNB1","MAPK12"
"JAK3","CILK1","MAPK12"
"JAK3","PTEN","MAPK12"
"JAK3","AKT1","MAPK12"
"JAK3","CSNK2A1","MAPK12"
"JAK3","PLK1","MAPK12"
"JAK3","KRAS","MAPK12"
"JAK3","RAC1","MAPK12"
"JAK3","MAP2K7","MAPK12"
"JAK3","PTPRJ","MAPK12"
"JAK3","TGFBR1","MAPK12"
"JAK3","PDPK1","MAPK12"
"JAK3","SGK1","MAPK12"
"JAK3","IGF1R","MAPK12"
"JAK3","PRKCB","MAPK12"
"JAK3","STK3","MAPK12"
"JAK3","RAB1A","MAPK12"
"JAK3","PRKCZ","MAPK12"
"JAK3","AKT","MAPK12"
"JAK3","RACK1","MAPK12"
"JAK3","PIK3CA","MAPK12"
"JAK3","ROCK1","MAPK12"
"JAK3","SGK3","MAPK12"
"JAK3","SH2B1","MAPK12"
"JAK3","SHOC2","MAPK12"
"JAK3","PTPN12","MAPK12"
"JAK3","ZAP70","MAPK12"
"JAK3","DUSP1","MAPK12"
"JAK3","GIT1","MAPK12"
"JAK3","TRAF2","MAPK12"
"JAK3","RAB7A","MAPK12"
"JAK3","EPHA2","MAPK12"
"JAK3","NRAS","MAPK12"
"JAK3","AR","MAPK12"
"JAK3","MAPK11","MAPK12"
"JAK3","PRKCI","MAPK12"
"JAK3","CCR2","MAPK12"
"JAK3","PSTPIP1","MAPK12"
"JAK3","DUSP6","MAPK12"
"JAK3","INPP5D","MAPK12"
"JAK3","PIK3R1","MAPK12"
"JAK3","PIK3CG","MAPK12"
"JAK3","SH2B2","MAPK12"
"JAK3","SPRY2","MAPK12"
"JAK3","SH2B3","MAPK12"
"JAK3","TIAM1","MAPK12"
"JAK3","WAC","MAPK12"
"JAK3","BANP","MAPK12"
"JAK3","ACTN1","MAPK12"
"JAK3","PTEN","NUAK1"
"JAK3","MAPK8","NUAK1"
"JAK3","AKT1","NUAK1"
"JAK3","CSNK2A1","NUAK1"
"JAK3","KRAS","NUAK1"
"JAK3","MAP3K14","NUAK1"
"JAK3","SGK1","NUAK1"
"JAK3","PRKCZ","NUAK1"
"JAK3","TGFBR2","NUAK1"
"JAK3","PAK2","NUAK1"
"JAK3","AKT","NUAK1"
"JAK3","HRAS","NUAK1"
"JAK3","MAPK13","NUAK1"
"JAK3","PIK3CA","NUAK1"
"JAK3","LEPR","NUAK1"
"JAK3","BTK","NUAK1"
"JAK3","PTPN11","NUAK1"
"JAK3","PTPN12","NUAK1"
"JAK3","PAK1","NUAK1"
"JAK3","DUSP1","NUAK1"
"JAK3","DUSP3","NUAK1"
"JAK3","MAPK11","NUAK1"
"JAK3","UNC5A","NUAK1"
"JAK3","PRKCI","NUAK1"
"JAK3","PTPRA","NUAK1"
"JAK3","CCR2","NUAK1"
"JAK3","PSTPIP1","NUAK1"
"JAK3","RHEB","NUAK1"
"JAK3","CCNE1","NUAK1"
"JAK3","IRS2","NUAK1"
"JAK3","CDC42","NUAK1"
"JAK3","PIK3CG","NUAK1"
"JAK3","SH2B2","NUAK1"
"JAK3","PPP2R5A","NUAK1"
"JAK3","CLK2","NUAK1"
"JAK3","MDM2","NUAK1"
"JAK3","YWHAE","NUAK1"
"JAK3","PLCG1","NUAK1"
"JAK3","RUNX2","NUAK1"
"JAK3","SH2B3","NUAK1"
"JAK3","WAC","NUAK1"
"JAK3","BANP","NUAK1"
"JAK3","DCTN6","NUAK1"
"JAK3","RGCC","NUAK1"
"JAK3","CHUK","UNC5A"
"JAK3","CTNNB1","UNC5A"
"JAK3","CILK1","UNC5A"
"JAK3","MAPK8","UNC5A"
"JAK3","MTOR","UNC5A"
"JAK3","AKT1","UNC5A"
"JAK3","CSNK2A1","UNC5A"
"JAK3","KRAS","UNC5A"
"JAK3","MAP2K7","UNC5A"
"JAK3","TGFBR1","UNC5A"
"JAK3","PPP1CA","UNC5A"
"JAK3","MAP3K14","UNC5A"
"JAK3","IGF1R","UNC5A"
"JAK3","PRKCB","UNC5A"
"JAK3","STK3","UNC5A"
"JAK3","RAB1A","UNC5A"
"JAK3","TGFBR2","UNC5A"
"JAK3","AKT","UNC5A"
"JAK3","HRAS","UNC5A"
"JAK3","PIK3CA","UNC5A"
"JAK3","LEPR","UNC5A"
"JAK3","RPS6KA3","UNC5A"
"JAK3","mTORC1","UNC5A"
"JAK3","SH2B1","UNC5A"
"JAK3","SHOC2","UNC5A"
"JAK3","PPP2R5C","UNC5A"
"JAK3","TYK2","UNC5A"
"JAK3","ZAP70","UNC5A"
"JAK3","DUSP1","UNC5A"
"JAK3","TRAF2","UNC5A"
"JAK3","MAP2K4","UNC5A"
"JAK3","NRAS","UNC5A"
"JAK3","AR","UNC5A"
"JAK3","DUSP3","UNC5A"
"JAK3","MAPK11","UNC5A"
"JAK3","PRKCI","UNC5A"
"JAK3","PARD6A","UNC5A"
"JAK3","PTPRA","UNC5A"
"JAK3","CCR2","UNC5A"
"JAK3","PSTPIP1","UNC5A"
"JAK3","RHEB","UNC5A"
"JAK3","DUSP6","UNC5A"
"JAK3","CCNE1","UNC5A"
"JAK3","IRS2","UNC5A"
"JAK3","PIK3CG","UNC5A"
"JAK3","PPP2R5A","UNC5A"
"JAK3","CLK2","UNC5A"
"JAK3","MDM2","UNC5A"
"JAK3","YWHAE","UNC5A"
"JAK3","PLCG1","UNC5A"
"JAK3","SPRY2","UNC5A"
"JAK3","RND1","UNC5A"
"JAK3","TIAM1","UNC5A"
"JAK3","BANP","UNC5A"
"JAK3","DCTN6","UNC5A"
"JAK3","ACTN1","UNC5A"
"JAK3","CTNNB1","HRH1"
"JAK3","MTOR","HRH1"
"JAK3","KRAS","HRH1"
"JAK3","MAP2K7","HRH1"
"JAK3","RPS6KA1","HRH1"
"JAK3","IGF1R","HRH1"
"JAK3","STK3","HRH1"
"JAK3","PRKCZ","HRH1"
"JAK3","TGFBR2","HRH1"
"JAK3","AKT","HRH1"
"JAK3","HRAS","HRH1"
"JAK3","AHSA1","HRH1"
"JAK3","RASSF1","HRH1"
"JAK3","HSP90AB1","HRH1"
"JAK3","PTPN12","HRH1"
"JAK3","PAK1","HRH1"
"JAK3","DUSP1","HRH1"
"JAK3","GIT1","HRH1"
"JAK3","TRAF2","HRH1"
"JAK3","RAB7A","HRH1"
"JAK3","EPHA2","HRH1"
"JAK3","NRAS","HRH1"
"JAK3","AR","HRH1"
"JAK3","MAPK11","HRH1"
"JAK3","UNC5A","HRH1"
"JAK3","PRKCI","HRH1"
"JAK3","PARD6A","HRH1"
"JAK3","PTPRA","HRH1"
"JAK3","PSTPIP1","HRH1"
"JAK3","RHEB","HRH1"
"JAK3","DAXX","HRH1"
"JAK3","IRS2","HRH1"
"JAK3","SH2B2","HRH1"
"JAK3","MDM2","HRH1"
"JAK3","SPRY2","HRH1"
"JAK3","RUNX2","HRH1"
"JAK3","TIAM1","HRH1"
"JAK3","ACTN1","HRH1"
"JAK3","TYK2","ETS1"
"JAK3","CILK1","P300/PCAF"
"JAK3","MAPK8","P300/PCAF"
"JAK3","RAC1","P300/PCAF"
"JAK3","MAP2K7","P300/PCAF"
"JAK3","PTPRJ","P300/PCAF"
"JAK3","TGFBR1","P300/PCAF"
"JAK3","RPS6KA1","P300/PCAF"
"JAK3","IGF1R","P300/PCAF"
"JAK3","TGFBR2","P300/PCAF"
"JAK3","AKT","P300/PCAF"
"JAK3","mTORC1","P300/PCAF"
"JAK3","AHSA1","P300/PCAF"
"JAK3","SHOC2","P300/PCAF"
"JAK3","PTPN12","P300/PCAF"
"JAK3","TYK2","P300/PCAF"
"JAK3","ZAP70","P300/PCAF"
"JAK3","DUSP1","P300/PCAF"
"JAK3","MAP2K4","P300/PCAF"
"JAK3","RAB7A","P300/PCAF"
"JAK3","EPHA2","P300/PCAF"
"JAK3","AR","P300/PCAF"
"JAK3","DUSP3","P300/PCAF"
"JAK3","MAPK11","P300/PCAF"
"JAK3","UNC5A","P300/PCAF"
"JAK3","PARD6A","P300/PCAF"
"JAK3","PTPRA","P300/PCAF"
"JAK3","PSTPIP1","P300/PCAF"
"JAK3","DAXX","P300/PCAF"
"JAK3","PIK3R1","P300/PCAF"
"JAK3","CDC42","P300/PCAF"
"JAK3","PIK3CG","P300/PCAF"
"JAK3","SH2B2","P300/PCAF"
"JAK3","YWHAE","P300/PCAF"
"JAK3","RUNX2","P300/PCAF"
"JAK3","PIK3C3","P300/PCAF"
"JAK3","BANP","P300/PCAF"
"JAK3","DCTN6","P300/PCAF"
"JAK3","ACTN1","P300/PCAF"
"JAK3","RGCC","P300/PCAF"
"JAK3","CHUK","NOTCH1"
"JAK3","CTNNB1","NOTCH1"
"JAK3","PTEN","NOTCH1"
"JAK3","MAPK8","NOTCH1"
"JAK3","MTOR","NOTCH1"
"JAK3","AKT1","NOTCH1"
"JAK3","PLK1","NOTCH1"
"JAK3","RAC1","NOTCH1"
"JAK3","PTPRJ","NOTCH1"
"JAK3","TGFBR1","NOTCH1"
"JAK3","PDPK1","NOTCH1"
"JAK3","MAP3K14","NOTCH1"
"JAK3","RPS6KA1","NOTCH1"
"JAK3","SGK1","NOTCH1"
"JAK3","IGF1R","NOTCH1"
"JAK3","PRKCB","NOTCH1"
"JAK3","RAB1A","NOTCH1"
"JAK3","PRKCZ","NOTCH1"
"JAK3","AKT","NOTCH1"
"JAK3","HRAS","NOTCH1"
"JAK3","PIK3CA","NOTCH1"
"JAK3","LEPR","NOTCH1"
"JAK3","RPS6KA3","NOTCH1"
"JAK3","mTORC1","NOTCH1"
"JAK3","AHSA1","NOTCH1"
"JAK3","ROCK1","NOTCH1"
"JAK3","RASSF1","NOTCH1"
"JAK3","BTK","NOTCH1"
"JAK3","SGK3","NOTCH1"
"JAK3","SH2B1","NOTCH1"
"JAK3","HSP90AB1","NOTCH1"
"JAK3","SHOC2","NOTCH1"
"JAK3","PTPN12","NOTCH1"
"JAK3","PPP2R5C","NOTCH1"
"JAK3","TYK2","NOTCH1"
"JAK3","DUSP1","NOTCH1"
"JAK3","GIT1","NOTCH1"
"JAK3","MAP2K4","NOTCH1"
"JAK3","RAB7A","NOTCH1"
"JAK3","EPHA2","NOTCH1"
"JAK3","NRAS","NOTCH1"
"JAK3","UNC5A","NOTCH1"
"JAK3","PRKCI","NOTCH1"
"JAK3","PARD6A","NOTCH1"
"JAK3","CCR2","NOTCH1"
"JAK3","INPP5D","NOTCH1"
"JAK3","PIK3R1","NOTCH1"
"JAK3","IRS2","NOTCH1"
"JAK3","PIK3CG","NOTCH1"
"JAK3","SH2B2","NOTCH1"
"JAK3","PPP2R5A","NOTCH1"
"JAK3","SH2B3","NOTCH1"
"JAK3","PIK3C3","NOTCH1"
"JAK3","WAC","NOTCH1"
"JAK3","DCTN6","NOTCH1"
"JAK3","ACTN1","NOTCH1"
"JAK3","RGCC","NOTCH1"
"JAK3","CTNNB1","THR"
"JAK3","CILK1","THR"
"JAK3","PTEN","THR"
"JAK3","AKT1","THR"
"JAK3","CSNK2A1","THR"
"JAK3","KRAS","THR"
"JAK3","RAC1","THR"
"JAK3","MAP2K7","THR"
"JAK3","PTPRJ","THR"
"JAK3","RPS6KA1","THR"
"JAK3","IGF1R","THR"
"JAK3","PRKCB","THR"
"JAK3","TGFBR2","THR"
"JAK3","HRAS","THR"
"JAK3","PIK3CA","THR"
"JAK3","LEPR","THR"
"JAK3","RPS6KA3","THR"
"JAK3","mTORC1","THR"
"JAK3","RASSF1","THR"
"JAK3","BTK","THR"
"JAK3","SGK3","THR"
"JAK3","SH2B1","THR"
"JAK3","HSP90AB1","THR"
"JAK3","ZAP70","THR"
"JAK3","EPHA2","THR"
"JAK3","MAPK11","THR"
"JAK3","UNC5A","THR"
"JAK3","CCR2","THR"
"JAK3","PIK3R1","THR"
"JAK3","IRS2","THR"
"JAK3","PPP2R5A","THR"
"JAK3","SH2B3","THR"
"JAK3","PIK3C3","THR"
"JAK3","RND1","THR"
"JAK3","TIAM1","THR"
"JAK3","ACTN1","THR"
"JAK3","CHUK","CELF1"
"JAK3","MTOR","CELF1"
"JAK3","CSNK2A1","CELF1"
"JAK3","PPP1CA","CELF1"
"JAK3","PDPK1","CELF1"
"JAK3","IGF1R","CELF1"
"JAK3","PRKCZ","CELF1"
"JAK3","TGFBR2","CELF1"
"JAK3","HRAS","CELF1"
"JAK3","PIK3CA","CELF1"
"JAK3","mTORC1","CELF1"
"JAK3","AHSA1","CELF1"
"JAK3","ROCK1","CELF1"
"JAK3","RASSF1","CELF1"
"JAK3","SGK3","CELF1"
"JAK3","SHOC2","CELF1"
"JAK3","PTPN12","CELF1"
"JAK3","TYK2","CELF1"
"JAK3","MAP2K4","CELF1"
"JAK3","RAB7A","CELF1"
"JAK3","EPHA2","CELF1"
"JAK3","NRAS","CELF1"
"JAK3","AR","CELF1"
"JAK3","MAPK11","CELF1"
"JAK3","UNC5A","CELF1"
"JAK3","PRKCI","CELF1"
"JAK3","PARD6A","CELF1"
"JAK3","PTPRA","CELF1"
"JAK3","CCR2","CELF1"
"JAK3","PSTPIP1","CELF1"
"JAK3","DAXX","CELF1"
"JAK3","INPP5D","CELF1"
"JAK3","CCNE1","CELF1"
"JAK3","CDC42","CELF1"
"JAK3","PIK3CG","CELF1"
"JAK3","SH2B2","CELF1"
"JAK3","PPP2R5A","CELF1"
"JAK3","CLK2","CELF1"
"JAK3","MDM2","CELF1"
"JAK3","SPRY2","CELF1"
"JAK3","PIK3C3","CELF1"
"JAK3","DCTN6","CELF1"
"JAK3","ACTN1","CELF1"
"JAK3","RGCC","CELF1"
"JAK3","CILK1","PRKCI"
"JAK3","PTEN","PRKCI"
"JAK3","MAPK8","PRKCI"
"JAK3","MTOR","PRKCI"
"JAK3","CSNK2A1","PRKCI"
"JAK3","PLK1","PRKCI"
"JAK3","RAC1","PRKCI"
"JAK3","MAP2K7","PRKCI"
"JAK3","TGFBR1","PRKCI"
"JAK3","PPP1CA","PRKCI"
"JAK3","SGK1","PRKCI"
"JAK3","PIK3CA","PRKCI"
"JAK3","LEPR","PRKCI"
"JAK3","RPS6KA3","PRKCI"
"JAK3","AHSA1","PRKCI"
"JAK3","ROCK1","PRKCI"
"JAK3","RASSF1","PRKCI"
"JAK3","SH2B1","PRKCI"
"JAK3","SHOC2","PRKCI"
"JAK3","PTPN12","PRKCI"
"JAK3","TYK2","PRKCI"
"JAK3","ZAP70","PRKCI"
"JAK3","DUSP1","PRKCI"
"JAK3","GIT1","PRKCI"
"JAK3","MAP2K4","PRKCI"
"JAK3","RAB7A","PRKCI"
"JAK3","EPHA2","PRKCI"
"JAK3","NRAS","PRKCI"
"JAK3","DUSP3","PRKCI"
"JAK3","MAPK11","PRKCI"
"JAK3","PARD6A","PRKCI"
"JAK3","DAXX","PRKCI"
"JAK3","DUSP6","PRKCI"
"JAK3","PIK3R1","PRKCI"
"JAK3","IRS2","PRKCI"
"JAK3","PIK3CG","PRKCI"
"JAK3","SH2B2","PRKCI"
"JAK3","PPP2R5A","PRKCI"
"JAK3","CLK2","PRKCI"
"JAK3","MDM2","PRKCI"
"JAK3","PLCG1","PRKCI"
"JAK3","PIK3C3","PRKCI"
"JAK3","TIAM1","PRKCI"
"JAK3","WAC","PRKCI"
"JAK3","BANP","PRKCI"
"JAK3","DCTN6","PRKCI"
"JAK3","ACTN1","PRKCI"
"JAK3","RGCC","PRKCI"
"JAK3","CHUK","KLF16"
"JAK3","PTEN","KLF16"
"JAK3","MAPK8","KLF16"
"JAK3","MTOR","KLF16"
"JAK3","AKT1","KLF16"
"JAK3","CSNK2A1","KLF16"
"JAK3","KRAS","KLF16"
"JAK3","RAC1","KLF16"
"JAK3","MAP2K7","KLF16"
"JAK3","PTPRJ","KLF16"
"JAK3","PPP1CA","KLF16"
"JAK3","MAP3K14","KLF16"
"JAK3","RPS6KA1","KLF16"
"JAK3","SGK1","KLF16"
"JAK3","IGF1R","KLF16"
"JAK3","PRKCB","KLF16"
"JAK3","STK3","KLF16"
"JAK3","RAB1A","KLF16"
"JAK3","PRKCZ","KLF16"
"JAK3","TGFBR2","KLF16"
"JAK3","PAK2","KLF16"
"JAK3","RACK1","KLF16"
"JAK3","HRAS","KLF16"
"JAK3","PIK3CA","KLF16"
"JAK3","AHSA1","KLF16"
"JAK3","ROCK1","KLF16"
"JAK3","RASSF1","KLF16"
"JAK3","BTK","KLF16"
"JAK3","SH2B1","KLF16"
"JAK3","HSP90AB1","KLF16"
"JAK3","SHOC2","KLF16"
"JAK3","PAK1","KLF16"
"JAK3","TYK2","KLF16"
"JAK3","GIT1","KLF16"
"JAK3","RAB7A","KLF16"
"JAK3","EPHA2","KLF16"
"JAK3","NRAS","KLF16"
"JAK3","AR","KLF16"
"JAK3","MAPK11","KLF16"
"JAK3","PARD6A","KLF16"
"JAK3","CCR2","KLF16"
"JAK3","RHEB","KLF16"
"JAK3","DUSP6","KLF16"
"JAK3","INPP5D","KLF16"
"JAK3","PIK3R1","KLF16"
"JAK3","CCNE1","KLF16"
"JAK3","PIK3CG","KLF16"
"JAK3","SH2B2","KLF16"
"JAK3","PPP2R5A","KLF16"
"JAK3","MDM2","KLF16"
"JAK3","RUNX2","KLF16"
"JAK3","SH2B3","KLF16"
"JAK3","PIK3C3","KLF16"
"JAK3","RND1","KLF16"
"JAK3","TIAM1","KLF16"
"JAK3","WAC","KLF16"
"JAK3","BANP","KLF16"
"JAK3","DCTN6","KLF16"
"JAK3","ACTN1","KLF16"
"JAK3","RGCC","KLF16"
"JAK3","CHUK","S1PR1"
"JAK3","CTNNB1","S1PR1"
"JAK3","PTEN","S1PR1"
"JAK3","MTOR","S1PR1"
"JAK3","AKT1","S1PR1"
"JAK3","CSNK2A1","S1PR1"
"JAK3","PLK1","S1PR1"
"JAK3","MAP2K7","S1PR1"
"JAK3","PTPRJ","S1PR1"
"JAK3","PPP1CA","S1PR1"
"JAK3","MAP3K14","S1PR1"
"JAK3","RPS6KA1","S1PR1"
"JAK3","SGK1","S1PR1"
"JAK3","IGF1R","S1PR1"
"JAK3","PRKCB","S1PR1"
"JAK3","STK3","S1PR1"
"JAK3","RAB1A","S1PR1"
"JAK3","PRKCZ","S1PR1"
"JAK3","TGFBR2","S1PR1"
"JAK3","PAK2","S1PR1"
"JAK3","AKT","S1PR1"
"JAK3","RACK1","S1PR1"
"JAK3","LEPR","S1PR1"
"JAK3","mTORC1","S1PR1"
"JAK3","AHSA1","S1PR1"
"JAK3","ROCK1","S1PR1"
"JAK3","RASSF1","S1PR1"
"JAK3","BTK","S1PR1"
"JAK3","PTPN11","S1PR1"
"JAK3","SGK3","S1PR1"
"JAK3","SH2B1","S1PR1"
"JAK3","PAK1","S1PR1"
"JAK3","ZAP70","S1PR1"
"JAK3","GIT1","S1PR1"
"JAK3","TRAF2","S1PR1"
"JAK3","MAP2K4","S1PR1"
"JAK3","RAB7A","S1PR1"
"JAK3","DUSP3","S1PR1"
"JAK3","UNC5A","S1PR1"
"JAK3","PRKCI","S1PR1"
"JAK3","PARD6A","S1PR1"
"JAK3","PTPRA","S1PR1"
"JAK3","CCR2","S1PR1"
"JAK3","PSTPIP1","S1PR1"
"JAK3","RHEB","S1PR1"
"JAK3","DUSP6","S1PR1"
"JAK3","INPP5D","S1PR1"
"JAK3","PIK3R1","S1PR1"
"JAK3","CCNE1","S1PR1"
"JAK3","IRS2","S1PR1"
"JAK3","CDC42","S1PR1"
"JAK3","PIK3CG","S1PR1"
"JAK3","SH2B2","S1PR1"
"JAK3","CLK2","S1PR1"
"JAK3","MDM2","S1PR1"
"JAK3","YWHAE","S1PR1"
"JAK3","PLCG1","S1PR1"
"JAK3","SPRY2","S1PR1"
"JAK3","SH2B3","S1PR1"
"JAK3","PIK3C3","S1PR1"
"JAK3","BANP","S1PR1"
"JAK3","DCTN6","S1PR1"
"JAK3","RGCC","S1PR1"
"JAK3","CILK1","BCL2L11"
"JAK3","MAPK8","BCL2L11"
"JAK3","MTOR","BCL2L11"
"JAK3","AKT1","BCL2L11"
"JAK3","CSNK2A1","BCL2L11"
"JAK3","KRAS","BCL2L11"
"JAK3","RAC1","BCL2L11"
"JAK3","PTPRJ","BCL2L11"
"JAK3","TGFBR1","BCL2L11"
"JAK3","PPP1CA","BCL2L11"
"JAK3","MAP3K14","BCL2L11"
"JAK3","RPS6KA1","BCL2L11"
"JAK3","SGK1","BCL2L11"
"JAK3","STK3","BCL2L11"
"JAK3","TGFBR2","BCL2L11"
"JAK3","PAK2","BCL2L11"
"JAK3","HRAS","BCL2L11"
"JAK3","MAPK13","BCL2L11"
"JAK3","LEPR","BCL2L11"
"JAK3","BTK","BCL2L11"
"JAK3","SGK3","BCL2L11"
"JAK3","HSP90AB1","BCL2L11"
"JAK3","PTPN12","BCL2L11"
"JAK3","PPP2R5C","BCL2L11"
"JAK3","ZAP70","BCL2L11"
"JAK3","EPHA2","BCL2L11"
"JAK3","NRAS","BCL2L11"
"JAK3","MAPK11","BCL2L11"
"JAK3","PSTPIP1","BCL2L11"
"JAK3","DAXX","BCL2L11"
"JAK3","DUSP6","BCL2L11"
"JAK3","PIK3R1","BCL2L11"
"JAK3","CCNE1","BCL2L11"
"JAK3","IRS2","BCL2L11"
"JAK3","PIK3CG","BCL2L11"
"JAK3","SH2B2","BCL2L11"
"JAK3","PPP2R5A","BCL2L11"
"JAK3","CLK2","BCL2L11"
"JAK3","YWHAE","BCL2L11"
"JAK3","PLCG1","BCL2L11"
"JAK3","SPRY2","BCL2L11"
"JAK3","SH2B3","BCL2L11"
"JAK3","PIK3C3","BCL2L11"
"JAK3","RND1","BCL2L11"
"JAK3","TIAM1","BCL2L11"
"JAK3","WAC","BCL2L11"
"JAK3","BANP","BCL2L11"
"JAK3","DCTN6","BCL2L11"
"JAK3","ACTN1","BCL2L11"
"JAK3","CTNNB1","CTNND1"
"JAK3","CILK1","CTNND1"
"JAK3","PTEN","CTNND1"
"JAK3","CSNK2A1","CTNND1"
"JAK3","RAC1","CTNND1"
"JAK3","PTPRJ","CTNND1"
"JAK3","MAP3K14","CTNND1"
"JAK3","PRKCB","CTNND1"
"JAK3","STK3","CTNND1"
"JAK3","RAB1A","CTNND1"
"JAK3","PRKCZ","CTNND1"
"JAK3","TGFBR2","CTNND1"
"JAK3","PAK2","CTNND1"
"JAK3","AKT","CTNND1"
"JAK3","RACK1","CTNND1"
"JAK3","HRAS","CTNND1"
"JAK3","ROCK1","CTNND1"
"JAK3","RASSF1","CTNND1"
"JAK3","BTK","CTNND1"
"JAK3","SGK3","CTNND1"
"JAK3","SH2B1","CTNND1"
"JAK3","HSP90AB1","CTNND1"
"JAK3","PAK1","CTNND1"
"JAK3","ZAP70","CTNND1"
"JAK3","DUSP1","CTNND1"
"JAK3","EPHA2","CTNND1"
"JAK3","PARD6A","CTNND1"
"JAK3","CCR2","CTNND1"
"JAK3","DAXX","CTNND1"
"JAK3","DUSP6","CTNND1"
"JAK3","INPP5D","CTNND1"
"JAK3","PIK3R1","CTNND1"
"JAK3","CCNE1","CTNND1"
"JAK3","CLK2","CTNND1"
"JAK3","PLCG1","CTNND1"
"JAK3","RUNX2","CTNND1"
"JAK3","SH2B3","CTNND1"
"JAK3","PIK3C3","CTNND1"
"JAK3","BANP","CTNND1"
"JAK3","DCTN6","CTNND1"
"JAK3","PTPN11","LAT"
"JAK3","CTNNB1","PIN1"
"JAK3","PTEN","PIN1"
"JAK3","MTOR","PIN1"
"JAK3","CSNK2A1","PIN1"
"JAK3","PLK1","PIN1"
"JAK3","KRAS","PIN1"
"JAK3","MAP2K7","PIN1"
"JAK3","PTPRJ","PIN1"
"JAK3","PPP1CA","PIN1"
"JAK3","IGF1R","PIN1"
"JAK3","PRKCB","PIN1"
"JAK3","STK3","PIN1"
"JAK3","RAB1A","PIN1"
"JAK3","PRKCZ","PIN1"
"JAK3","TGFBR2","PIN1"
"JAK3","PAK2","PIN1"
"JAK3","RPS6KA3","PIN1"
"JAK3","mTORC1","PIN1"
"JAK3","ROCK1","PIN1"
"JAK3","SH2B1","PIN1"
"JAK3","SHOC2","PIN1"
"JAK3","PPP2R5C","PIN1"
"JAK3","PAK1","PIN1"
"JAK3","TYK2","PIN1"
"JAK3","DUSP1","PIN1"
"JAK3","MAP2K4","PIN1"
"JAK3","RAB7A","PIN1"
"JAK3","EPHA2","PIN1"
"JAK3","NRAS","PIN1"
"JAK3","PRKCI","PIN1"
"JAK3","PARD6A","PIN1"
"JAK3","PTPRA","PIN1"
"JAK3","CCR2","PIN1"
"JAK3","RHEB","PIN1"
"JAK3","DAXX","PIN1"
"JAK3","DUSP6","PIN1"
"JAK3","PIK3CG","PIN1"
"JAK3","SH2B2","PIN1"
"JAK3","MDM2","PIN1"
"JAK3","SPRY2","PIN1"
"JAK3","RND1","PIN1"
"JAK3","ACTN1","PIN1"
"JAK3","CILK1","PARD6A"
"JAK3","MAPK8","PARD6A"
"JAK3","MTOR","PARD6A"
"JAK3","KRAS","PARD6A"
"JAK3","RAC1","PARD6A"
"JAK3","PTPRJ","PARD6A"
"JAK3","PPP1CA","PARD6A"
"JAK3","MAP3K14","PARD6A"
"JAK3","RPS6KA1","PARD6A"
"JAK3","IGF1R","PARD6A"
"JAK3","PRKCB","PARD6A"
"JAK3","STK3","PARD6A"
"JAK3","HRAS","PARD6A"
"JAK3","mTORC1","PARD6A"
"JAK3","ROCK1","PARD6A"
"JAK3","SH2B1","PARD6A"
"JAK3","HSP90AB1","PARD6A"
"JAK3","SHOC2","PARD6A"
"JAK3","PTPN12","PARD6A"
"JAK3","PPP2R5C","PARD6A"
"JAK3","GIT1","PARD6A"
"JAK3","MAP2K4","PARD6A"
"JAK3","DUSP3","PARD6A"
"JAK3","CCR2","PARD6A"
"JAK3","RHEB","PARD6A"
"JAK3","PLCG1","PARD6A"
"JAK3","RUNX2","PARD6A"
"JAK3","BANP","PARD6A"
"JAK3","CTNNB1","HES1"
"JAK3","CILK1","HES1"
"JAK3","PTEN","HES1"
"JAK3","MAPK8","HES1"
"JAK3","AKT1","HES1"
"JAK3","PLK1","HES1"
"JAK3","RAC1","HES1"
"JAK3","PPP1CA","HES1"
"JAK3","PDPK1","HES1"
"JAK3","MAP3K14","HES1"
"JAK3","RPS6KA1","HES1"
"JAK3","PAK2","HES1"
"JAK3","AKT","HES1"
"JAK3","PIK3CA","HES1"
"JAK3","RPS6KA3","HES1"
"JAK3","AHSA1","HES1"
"JAK3","SGK3","HES1"
"JAK3","SH2B1","HES1"
"JAK3","HSP90AB1","HES1"
"JAK3","PPP2R5C","HES1"
"JAK3","PAK1","HES1"
"JAK3","TYK2","HES1"
"JAK3","GIT1","HES1"
"JAK3","TRAF2","HES1"
"JAK3","MAP2K4","HES1"
"JAK3","RAB7A","HES1"
"JAK3","AR","HES1"
"JAK3","MAPK11","HES1"
"JAK3","UNC5A","HES1"
"JAK3","PTPRA","HES1"
"JAK3","PSTPIP1","HES1"
"JAK3","INPP5D","HES1"
"JAK3","IRS2","HES1"
"JAK3","SPRY2","HES1"
"JAK3","RUNX2","HES1"
"JAK3","RND1","HES1"
"JAK3","WAC","HES1"
"JAK3","BANP","HES1"
"JAK3","ACTN1","HES1"
"JAK3","CHUK","KLC1"
"JAK3","CILK1","KLC1"
"JAK3","PTEN","KLC1"
"JAK3","AKT1","KLC1"
"JAK3","CSNK2A1","KLC1"
"JAK3","PLK1","KLC1"
"JAK3","PDPK1","KLC1"
"JAK3","MAP3K14","KLC1"
"JAK3","PRKCB","KLC1"
"JAK3","TGFBR2","KLC1"
"JAK3","HRAS","KLC1"
"JAK3","MAPK13","KLC1"
"JAK3","PIK3CA","KLC1"
"JAK3","LEPR","KLC1"
"JAK3","RPS6KA3","KLC1"
"JAK3","mTORC1","KLC1"
"JAK3","AHSA1","KLC1"
"JAK3","ROCK1","KLC1"
"JAK3","RASSF1","KLC1"
"JAK3","SHOC2","KLC1"
"JAK3","PPP2R5C","KLC1"
"JAK3","PAK1","KLC1"
"JAK3","TRAF2","KLC1"
"JAK3","MAP2K4","KLC1"
"JAK3","EPHA2","KLC1"
"JAK3","NRAS","KLC1"
"JAK3","PARD6A","KLC1"
"JAK3","PTPRA","KLC1"
"JAK3","DAXX","KLC1"
"JAK3","DUSP6","KLC1"
"JAK3","INPP5D","KLC1"
"JAK3","PIK3R1","KLC1"
"JAK3","SH2B2","KLC1"
"JAK3","PPP2R5A","KLC1"
"JAK3","MDM2","KLC1"
"JAK3","YWHAE","KLC1"
"JAK3","RUNX2","KLC1"
"JAK3","PIK3C3","KLC1"
"JAK3","TIAM1","KLC1"
"JAK3","CHUK","MYC"
"JAK3","CTNNB1","MYC"
"JAK3","MAPK8","MYC"
"JAK3","AKT1","MYC"
"JAK3","RAC1","MYC"
"JAK3","PTPRJ","MYC"
"JAK3","TGFBR1","MYC"
"JAK3","STK3","MYC"
"JAK3","RAB1A","MYC"
"JAK3","PRKCZ","MYC"
"JAK3","TGFBR2","MYC"
"JAK3","HRAS","MYC"
"JAK3","PIK3CA","MYC"
"JAK3","LEPR","MYC"
"JAK3","ROCK1","MYC"
"JAK3","ZAP70","MYC"
"JAK3","GIT1","MYC"
"JAK3","AR","MYC"
"JAK3","DUSP3","MYC"
"JAK3","MAPK11","MYC"
"JAK3","UNC5A","MYC"
"JAK3","PRKCI","MYC"
"JAK3","RHEB","MYC"
"JAK3","INPP5D","MYC"
"JAK3","PIK3R1","MYC"
"JAK3","PIK3CG","MYC"
"JAK3","SH2B2","MYC"
"JAK3","PLCG1","MYC"
"JAK3","SPRY2","MYC"
"JAK3","PIK3C3","MYC"
"JAK3","TIAM1","MYC"
"JAK3","WAC","MYC"
"JAK3","BANP","MYC"
"JAK3","CHUK","RAD51"
"JAK3","CTNNB1","RAD51"
"JAK3","CILK1","RAD51"
"JAK3","PTEN","RAD51"
"JAK3","MAPK8","RAD51"
"JAK3","MTOR","RAD51"
"JAK3","MAP2K7","RAD51"
"JAK3","MAP3K14","RAD51"
"JAK3","RAB1A","RAD51"
"JAK3","TGFBR2","RAD51"
"JAK3","AKT","RAD51"
"JAK3","MAPK13","RAD51"
"JAK3","LEPR","RAD51"
"JAK3","mTORC1","RAD51"
"JAK3","SH2B1","RAD51"
"JAK3","HSP90AB1","RAD51"
"JAK3","PTPN12","RAD51"
"JAK3","PAK1","RAD51"
"JAK3","DUSP1","RAD51"
"JAK3","GIT1","RAD51"
"JAK3","TRAF2","RAD51"
"JAK3","MAP2K4","RAD51"
"JAK3","EPHA2","RAD51"
"JAK3","DUSP3","RAD51"
"JAK3","PTPRA","RAD51"
"JAK3","PSTPIP1","RAD51"
"JAK3","DAXX","RAD51"
"JAK3","IRS2","RAD51"
"JAK3","CDC42","RAD51"
"JAK3","CLK2","RAD51"
"JAK3","YWHAE","RAD51"
"JAK3","SH2B3","RAD51"
"JAK3","RND1","RAD51"
"JAK3","TIAM1","RAD51"
"JAK3","RGCC","RAD51"
"JAK3","CTNNB1","IFNGR2"
"JAK3","CILK1","IFNGR2"
"JAK3","PTEN","IFNGR2"
"JAK3","AKT1","IFNGR2"
"JAK3","KRAS","IFNGR2"
"JAK3","RAC1","IFNGR2"
"JAK3","MAP2K7","IFNGR2"
"JAK3","PPP1CA","IFNGR2"
"JAK3","PDPK1","IFNGR2"
"JAK3","RPS6KA1","IFNGR2"
"JAK3","IGF1R","IFNGR2"
"JAK3","PRKCB","IFNGR2"
"JAK3","STK3","IFNGR2"
"JAK3","RAB1A","IFNGR2"
"JAK3","TGFBR2","IFNGR2"
"JAK3","PAK2","IFNGR2"
"JAK3","HRAS","IFNGR2"
"JAK3","LEPR","IFNGR2"
"JAK3","mTORC1","IFNGR2"
"JAK3","AHSA1","IFNGR2"
"JAK3","ROCK1","IFNGR2"
"JAK3","BTK","IFNGR2"
"JAK3","SGK3","IFNGR2"
"JAK3","SHOC2","IFNGR2"
"JAK3","PTPN12","IFNGR2"
"JAK3","PPP2R5C","IFNGR2"
"JAK3","ZAP70","IFNGR2"
"JAK3","DUSP1","IFNGR2"
"JAK3","MAP2K4","IFNGR2"
"JAK3","DUSP3","IFNGR2"
"JAK3","MAPK11","IFNGR2"
"JAK3","UNC5A","IFNGR2"
"JAK3","PRKCI","IFNGR2"
"JAK3","RHEB","IFNGR2"
"JAK3","INPP5D","IFNGR2"
"JAK3","PIK3R1","IFNGR2"
"JAK3","CCNE1","IFNGR2"
"JAK3","IRS2","IFNGR2"
"JAK3","CDC42","IFNGR2"
"JAK3","PIK3CG","IFNGR2"
"JAK3","SH2B2","IFNGR2"
"JAK3","PPP2R5A","IFNGR2"
"JAK3","CLK2","IFNGR2"
"JAK3","PIK3C3","IFNGR2"
"JAK3","TIAM1","IFNGR2"
"JAK3","CHUK","HJURP"
"JAK3","CILK1","HJURP"
"JAK3","PTEN","HJURP"
"JAK3","AKT1","HJURP"
"JAK3","CSNK2A1","HJURP"
"JAK3","KRAS","HJURP"
"JAK3","RAC1","HJURP"
"JAK3","MAP2K7","HJURP"
"JAK3","TGFBR1","HJURP"
"JAK3","RPS6KA1","HJURP"
"JAK3","TGFBR2","HJURP"
"JAK3","MAPK13","HJURP"
"JAK3","AHSA1","HJURP"
"JAK3","ROCK1","HJURP"
"JAK3","PTPN11","HJURP"
"JAK3","SGK3","HJURP"
"JAK3","HSP90AB1","HJURP"
"JAK3","SHOC2","HJURP"
"JAK3","PTPN12","HJURP"
"JAK3","PAK1","HJURP"
"JAK3","TRAF2","HJURP"
"JAK3","MAP2K4","HJURP"
"JAK3","EPHA2","HJURP"
"JAK3","NRAS","HJURP"
"JAK3","UNC5A","HJURP"
"JAK3","PTPRA","HJURP"
"JAK3","PSTPIP1","HJURP"
"JAK3","DAXX","HJURP"
"JAK3","INPP5D","HJURP"
"JAK3","CDC42","HJURP"
"JAK3","SH2B2","HJURP"
"JAK3","PPP2R5A","HJURP"
"JAK3","CLK2","HJURP"
"JAK3","YWHAE","HJURP"
"JAK3","PLCG1","HJURP"
"JAK3","SPRY2","HJURP"
"JAK3","RUNX2","HJURP"
"JAK3","SH2B3","HJURP"
"JAK3","PIK3C3","HJURP"
"JAK3","RND1","HJURP"
"JAK3","TIAM1","HJURP"
"JAK3","WAC","HJURP"
"JAK3","BANP","HJURP"
"JAK3","ACTN1","HJURP"
"JAK3","CHUK","PTPRA"
"JAK3","MTOR","PTPRA"
"JAK3","PLK1","PTPRA"
"JAK3","KRAS","PTPRA"
"JAK3","MAP2K7","PTPRA"
"JAK3","PPP1CA","PTPRA"
"JAK3","PDPK1","PTPRA"
"JAK3","IGF1R","PTPRA"
"JAK3","PRKCZ","PTPRA"
"JAK3","PAK2","PTPRA"
"JAK3","MAPK13","PTPRA"
"JAK3","LEPR","PTPRA"
"JAK3","RASSF1","PTPRA"
"JAK3","BTK","PTPRA"
"JAK3","SGK3","PTPRA"
"JAK3","SH2B1","PTPRA"
"JAK3","PPP2R5C","PTPRA"
"JAK3","TYK2","PTPRA"
"JAK3","ZAP70","PTPRA"
"JAK3","RAB7A","PTPRA"
"JAK3","EPHA2","PTPRA"
"JAK3","PARD6A","PTPRA"
"JAK3","CCR2","PTPRA"
"JAK3","IRS2","PTPRA"
"JAK3","CDC42","PTPRA"
"JAK3","PPP2R5A","PTPRA"
"JAK3","MDM2","PTPRA"
"JAK3","SPRY2","PTPRA"
"JAK3","RUNX2","PTPRA"
"JAK3","SH2B3","PTPRA"
"JAK3","RGCC","PTPRA"
"JAK3","PTPN11","AKAP9"
"JAK3","MAPK8","PRRX1"
"JAK3","CSNK2A1","PRRX1"
"JAK3","HRAS","PRRX1"
"JAK3","PIK3CA","PRRX1"
"JAK3","RPS6KA3","PRRX1"
"JAK3","BTK","PRRX1"
"JAK3","SH2B1","PRRX1"
"JAK3","SHOC2","PRRX1"
"JAK3","TYK2","PRRX1"
"JAK3","MAP2K4","PRRX1"
"JAK3","RAB7A","PRRX1"
"JAK3","DUSP3","PRRX1"
"JAK3","UNC5A","PRRX1"
"JAK3","PSTPIP1","PRRX1"
"JAK3","INPP5D","PRRX1"
"JAK3","PIK3CG","PRRX1"
"JAK3","PPP2R5A","PRRX1"
"JAK3","MDM2","PRRX1"
"JAK3","PLCG1","PRRX1"
"JAK3","SPRY2","PRRX1"
"JAK3","RUNX2","PRRX1"
"JAK3","WAC","PRRX1"
"JAK3","BANP","PRRX1"
"JAK3","DCTN6","PRRX1"
"JAK3","RGCC","PRRX1"
"JAK3","CILK1","TMIGD2"
"JAK3","MAPK8","TMIGD2"
"JAK3","AKT1","TMIGD2"
"JAK3","RAC1","TMIGD2"
"JAK3","PTPRJ","TMIGD2"
"JAK3","PPP1CA","TMIGD2"
"JAK3","PDPK1","TMIGD2"
"JAK3","RPS6KA1","TMIGD2"
"JAK3","SGK1","TMIGD2"
"JAK3","PRKCB","TMIGD2"
"JAK3","STK3","TMIGD2"
"JAK3","RAB1A","TMIGD2"
"JAK3","PRKCZ","TMIGD2"
"JAK3","IKBKB","TMIGD2"
"JAK3","HRAS","TMIGD2"
"JAK3","PIK3CA","TMIGD2"
"JAK3","RPS6KA3","TMIGD2"
"JAK3","mTORC1","TMIGD2"
"JAK3","AHSA1","TMIGD2"
"JAK3","ROCK1","TMIGD2"
"JAK3","BTK","TMIGD2"
"JAK3","PTPN11","TMIGD2"
"JAK3","SH2B1","TMIGD2"
"JAK3","SHOC2","TMIGD2"
"JAK3","PTPN12","TMIGD2"
"JAK3","ZAP70","TMIGD2"
"JAK3","DUSP1","TMIGD2"
"JAK3","GIT1","TMIGD2"
"JAK3","AR","TMIGD2"
"JAK3","MAPK11","TMIGD2"
"JAK3","PARD6A","TMIGD2"
"JAK3","CCR2","TMIGD2"
"JAK3","PSTPIP1","TMIGD2"
"JAK3","RHEB","TMIGD2"
"JAK3","INPP5D","TMIGD2"
"JAK3","CCNE1","TMIGD2"
"JAK3","CDC42","TMIGD2"
"JAK3","PIK3CG","TMIGD2"
"JAK3","SH2B2","TMIGD2"
"JAK3","PPP2R5A","TMIGD2"
"JAK3","MDM2","TMIGD2"
"JAK3","PLCG1","TMIGD2"
"JAK3","RND1","TMIGD2"
"JAK3","TIAM1","TMIGD2"
"JAK3","BANP","TMIGD2"
"JAK3","DCTN6","TMIGD2"
"JAK3","ACTN1","TMIGD2"
"JAK3","CILK1","BAK1"
"JAK3","AKT1","BAK1"
"JAK3","CSNK2A1","BAK1"
"JAK3","PLK1","BAK1"
"JAK3","RAC1","BAK1"
"JAK3","MAP2K7","BAK1"
"JAK3","TGFBR1","BAK1"
"JAK3","PDPK1","BAK1"
"JAK3","RPS6KA1","BAK1"
"JAK3","IGF1R","BAK1"
"JAK3","PRKCB","BAK1"
"JAK3","TGFBR2","BAK1"
"JAK3","HRAS","BAK1"
"JAK3","MAPK13","BAK1"
"JAK3","LEPR","BAK1"
"JAK3","AHSA1","BAK1"
"JAK3","RASSF1","BAK1"
"JAK3","BTK","BAK1"
"JAK3","SH2B1","BAK1"
"JAK3","HSP90AB1","BAK1"
"JAK3","SHOC2","BAK1"
"JAK3","PTPN12","BAK1"
"JAK3","PPP2R5C","BAK1"
"JAK3","PAK1","BAK1"
"JAK3","TYK2","BAK1"
"JAK3","DUSP1","BAK1"
"JAK3","TRAF2","BAK1"
"JAK3","NRAS","BAK1"
"JAK3","AR","BAK1"
"JAK3","PTPRA","BAK1"
"JAK3","RHEB","BAK1"
"JAK3","DAXX","BAK1"
"JAK3","DUSP6","BAK1"
"JAK3","INPP5D","BAK1"
"JAK3","CCNE1","BAK1"
"JAK3","CLK2","BAK1"
"JAK3","MDM2","BAK1"
"JAK3","PLCG1","BAK1"
"JAK3","PIK3C3","BAK1"
"JAK3","WAC","BAK1"
"JAK3","CHUK","MYLK"
"JAK3","CTNNB1","MYLK"
"JAK3","MAPK8","MYLK"
"JAK3","MTOR","MYLK"
"JAK3","AKT1","MYLK"
"JAK3","KRAS","MYLK"
"JAK3","PPP1CA","MYLK"
"JAK3","PRKCB","MYLK"
"JAK3","STK3","MYLK"
"JAK3","PRKCZ","MYLK"
"JAK3","TGFBR2","MYLK"
"JAK3","PIK3CA","MYLK"
"JAK3","LEPR","MYLK"
"JAK3","mTORC1","MYLK"
"JAK3","ZAP70","MYLK"
"JAK3","GIT1","MYLK"
"JAK3","TRAF2","MYLK"
"JAK3","MAP2K4","MYLK"
"JAK3","RAB7A","MYLK"
"JAK3","EPHA2","MYLK"
"JAK3","DUSP3","MYLK"
"JAK3","PARD6A","MYLK"
"JAK3","PTPRA","MYLK"
"JAK3","PSTPIP1","MYLK"
"JAK3","INPP5D","MYLK"
"JAK3","CCNE1","MYLK"
"JAK3","PPP2R5A","MYLK"
"JAK3","RUNX2","MYLK"
"JAK3","RND1","MYLK"
"JAK3","WAC","MYLK"
"JAK3","BANP","MYLK"
"JAK3","CILK1","CDC73"
"JAK3","MAP2K7","CDC73"
"JAK3","RPS6KA1","CDC73"
"JAK3","SGK1","CDC73"
"JAK3","IGF1R","CDC73"
"JAK3","PRKCB","CDC73"
"JAK3","STK3","CDC73"
"JAK3","TGFBR2","CDC73"
"JAK3","HRAS","CDC73"
"JAK3","PIK3CA","CDC73"
"JAK3","LEPR","CDC73"
"JAK3","RPS6KA3","CDC73"
"JAK3","AHSA1","CDC73"
"JAK3","ROCK1","CDC73"
"JAK3","BTK","CDC73"
"JAK3","SGK3","CDC73"
"JAK3","SH2B1","CDC73"
"JAK3","HSP90AB1","CDC73"
"JAK3","SHOC2","CDC73"
"JAK3","PPP2R5C","CDC73"
"JAK3","TYK2","CDC73"
"JAK3","GIT1","CDC73"
"JAK3","MAP2K4","CDC73"
"JAK3","RAB7A","CDC73"
"JAK3","NRAS","CDC73"
"JAK3","DUSP3","CDC73"
"JAK3","UNC5A","CDC73"
"JAK3","PTPRA","CDC73"
"JAK3","CCR2","CDC73"
"JAK3","PSTPIP1","CDC73"
"JAK3","RHEB","CDC73"
"JAK3","DUSP6","CDC73"
"JAK3","INPP5D","CDC73"
"JAK3","PIK3R1","CDC73"
"JAK3","CDC42","CDC73"
"JAK3","PIK3CG","CDC73"
"JAK3","SH2B2","CDC73"
"JAK3","PPP2R5A","CDC73"
"JAK3","YWHAE","CDC73"
"JAK3","PLCG1","CDC73"
"JAK3","SPRY2","CDC73"
"JAK3","RUNX2","CDC73"
"JAK3","WAC","CDC73"
"JAK3","DCTN6","CDC73"
"JAK3","CTNNB1","BRAF"
"JAK3","CILK1","BRAF"
"JAK3","PTEN","BRAF"
"JAK3","MAPK8","BRAF"
"JAK3","PLK1","BRAF"
"JAK3","MAP2K7","BRAF"
"JAK3","PTPRJ","BRAF"
"JAK3","PDPK1","BRAF"
"JAK3","IGF1R","BRAF"
"JAK3","STK3","BRAF"
"JAK3","RACK1","BRAF"
"JAK3","HRAS","BRAF"
"JAK3","MAPK13","BRAF"
"JAK3","PIK3CA","BRAF"
"JAK3","AHSA1","BRAF"
"JAK3","ROCK1","BRAF"
"JAK3","RASSF1","BRAF"
"JAK3","BTK","BRAF"
"JAK3","SGK3","BRAF"
"JAK3","SH2B1","BRAF"
"JAK3","HSP90AB1","BRAF"
"JAK3","PTPN12","BRAF"
"JAK3","PPP2R5C","BRAF"
"JAK3","PAK1","BRAF"
"JAK3","ZAP70","BRAF"
"JAK3","TRAF2","BRAF"
"JAK3","MAP2K4","BRAF"
"JAK3","RAB7A","BRAF"
"JAK3","UNC5A","BRAF"
"JAK3","PARD6A","BRAF"
"JAK3","CCR2","BRAF"
"JAK3","RHEB","BRAF"
"JAK3","IRS2","BRAF"
"JAK3","CDC42","BRAF"
"JAK3","PIK3CG","BRAF"
"JAK3","PPP2R5A","BRAF"
"JAK3","MDM2","BRAF"
"JAK3","YWHAE","BRAF"
"JAK3","SPRY2","BRAF"
"JAK3","RUNX2","BRAF"
"JAK3","SH2B3","BRAF"
"JAK3","PIK3C3","BRAF"
"JAK3","RND1","BRAF"
"JAK3","TIAM1","BRAF"
"JAK3","WAC","BRAF"
"JAK3","ACTN1","BRAF"
"JAK3","RGCC","BRAF"
"JAK3","CHUK","CCR2"
"JAK3","CTNNB1","CCR2"
"JAK3","CILK1","CCR2"
"JAK3","PTEN","CCR2"
"JAK3","MAPK8","CCR2"
"JAK3","MTOR","CCR2"
"JAK3","AKT1","CCR2"
"JAK3","CSNK2A1","CCR2"
"JAK3","KRAS","CCR2"
"JAK3","RAC1","CCR2"
"JAK3","MAP2K7","CCR2"
"JAK3","TGFBR1","CCR2"
"JAK3","PPP1CA","CCR2"
"JAK3","PDPK1","CCR2"
"JAK3","SGK1","CCR2"
"JAK3","IGF1R","CCR2"
"JAK3","PRKCB","CCR2"
"JAK3","TGFBR2","CCR2"
"JAK3","AKT","CCR2"
"JAK3","HRAS","CCR2"
"JAK3","MAPK13","CCR2"
"JAK3","PIK3CA","CCR2"
"JAK3","AHSA1","CCR2"
"JAK3","BTK","CCR2"
"JAK3","PTPN11","CCR2"
"JAK3","SGK3","CCR2"
"JAK3","HSP90AB1","CCR2"
"JAK3","PAK1","CCR2"
"JAK3","TYK2","CCR2"
"JAK3","ZAP70","CCR2"
"JAK3","DUSP1","CCR2"
"JAK3","GIT1","CCR2"
"JAK3","MAP2K4","CCR2"
"JAK3","RAB7A","CCR2"
"JAK3","EPHA2","CCR2"
"JAK3","AR","CCR2"
"JAK3","DUSP3","CCR2"
"JAK3","UNC5A","CCR2"
"JAK3","PARD6A","CCR2"
"JAK3","PTPRA","CCR2"
"JAK3","PSTPIP1","CCR2"
"JAK3","DAXX","CCR2"
"JAK3","INPP5D","CCR2"
"JAK3","PIK3R1","CCR2"
"JAK3","CCNE1","CCR2"
"JAK3","IRS2","CCR2"
"JAK3","SH2B2","CCR2"
"JAK3","CLK2","CCR2"
"JAK3","MDM2","CCR2"
"JAK3","PLCG1","CCR2"
"JAK3","RUNX2","CCR2"
"JAK3","SH2B3","CCR2"
"JAK3","RND1","CCR2"
"JAK3","BANP","CCR2"
"JAK3","DCTN6","CCR2"
"JAK3","ACTN1","CCR2"
"JAK3","RGCC","CCR2"
"JAK3","CHUK","MAPK6"
"JAK3","CTNNB1","MAPK6"
"JAK3","PTEN","MAPK6"
"JAK3","MAPK8","MAPK6"
"JAK3","AKT1","MAPK6"
"JAK3","CSNK2A1","MAPK6"
"JAK3","KRAS","MAPK6"
"JAK3","RAC1","MAPK6"
"JAK3","MAP2K7","MAPK6"
"JAK3","TGFBR1","MAPK6"
"JAK3","PDPK1","MAPK6"
"JAK3","RPS6KA1","MAPK6"
"JAK3","SGK1","MAPK6"
"JAK3","IGF1R","MAPK6"
"JAK3","STK3","MAPK6"
"JAK3","MAPK13","MAPK6"
"JAK3","LEPR","MAPK6"
"JAK3","RPS6KA3","MAPK6"
"JAK3","mTORC1","MAPK6"
"JAK3","AHSA1","MAPK6"
"JAK3","RASSF1","MAPK6"
"JAK3","HSP90AB1","MAPK6"
"JAK3","SHOC2","MAPK6"
"JAK3","PTPN12","MAPK6"
"JAK3","PPP2R5C","MAPK6"
"JAK3","PAK1","MAPK6"
"JAK3","TYK2","MAPK6"
"JAK3","ZAP70","MAPK6"
"JAK3","GIT1","MAPK6"
"JAK3","TRAF2","MAPK6"
"JAK3","MAP2K4","MAPK6"
"JAK3","EPHA2","MAPK6"
"JAK3","AR","MAPK6"
"JAK3","DUSP3","MAPK6"
"JAK3","MAPK11","MAPK6"
"JAK3","UNC5A","MAPK6"
"JAK3","PRKCI","MAPK6"
"JAK3","PARD6A","MAPK6"
"JAK3","PTPRA","MAPK6"
"JAK3","CCR2","MAPK6"
"JAK3","RHEB","MAPK6"
"JAK3","DAXX","MAPK6"
"JAK3","PIK3R1","MAPK6"
"JAK3","CDC42","MAPK6"
"JAK3","PIK3CG","MAPK6"
"JAK3","SH2B2","MAPK6"
"JAK3","CLK2","MAPK6"
"JAK3","PLCG1","MAPK6"
"JAK3","RUNX2","MAPK6"
"JAK3","SH2B3","MAPK6"
"JAK3","PIK3C3","MAPK6"
"JAK3","TIAM1","MAPK6"
"JAK3","WAC","MAPK6"
"JAK3","BANP","MAPK6"
"JAK3","CHUK","STIP1"
"JAK3","CTNNB1","STIP1"
"JAK3","CILK1","STIP1"
"JAK3","PTEN","STIP1"
"JAK3","MAPK8","STIP1"
"JAK3","MTOR","STIP1"
"JAK3","AKT1","STIP1"
"JAK3","CSNK2A1","STIP1"
"JAK3","KRAS","STIP1"
"JAK3","PTPRJ","STIP1"
"JAK3","TGFBR1","STIP1"
"JAK3","PDPK1","STIP1"
"JAK3","MAP3K14","STIP1"
"JAK3","RPS6KA1","STIP1"
"JAK3","IGF1R","STIP1"
"JAK3","PRKCB","STIP1"
"JAK3","STK3","STIP1"
"JAK3","RAB1A","STIP1"
"JAK3","TGFBR2","STIP1"
"JAK3","MAPK13","STIP1"
"JAK3","RPS6KA3","STIP1"
"JAK3","mTORC1","STIP1"
"JAK3","AHSA1","STIP1"
"JAK3","ROCK1","STIP1"
"JAK3","RASSF1","STIP1"
"JAK3","HSP90AB1","STIP1"
"JAK3","PTPN12","STIP1"
"JAK3","PPP2R5C","STIP1"
"JAK3","PAK1","STIP1"
"JAK3","TYK2","STIP1"
"JAK3","ZAP70","STIP1"
"JAK3","DUSP1","STIP1"
"JAK3","GIT1","STIP1"
"JAK3","TRAF2","STIP1"
"JAK3","MAP2K4","STIP1"
"JAK3","NRAS","STIP1"
"JAK3","AR","STIP1"
"JAK3","DUSP3","STIP1"
"JAK3","PRKCI","STIP1"
"JAK3","PARD6A","STIP1"
"JAK3","CCR2","STIP1"
"JAK3","PIK3R1","STIP1"
"JAK3","CCNE1","STIP1"
"JAK3","SH2B2","STIP1"
"JAK3","PPP2R5A","STIP1"
"JAK3","CLK2","STIP1"
"JAK3","MDM2","STIP1"
"JAK3","YWHAE","STIP1"
"JAK3","RUNX2","STIP1"
"JAK3","PIK3C3","STIP1"
"JAK3","RND1","STIP1"
"JAK3","TIAM1","STIP1"
"JAK3","BANP","STIP1"
"JAK3","DCTN6","STIP1"
"JAK3","CHUK","KAT2B"
"JAK3","CILK1","KAT2B"
"JAK3","MAPK8","KAT2B"
"JAK3","PLK1","KAT2B"
"JAK3","RAC1","KAT2B"
"JAK3","MAP2K7","KAT2B"
"JAK3","PPP1CA","KAT2B"
"JAK3","RPS6KA1","KAT2B"
"JAK3","SGK1","KAT2B"
"JAK3","PRKCB","KAT2B"
"JAK3","RAB1A","KAT2B"
"JAK3","TGFBR2","KAT2B"
"JAK3","PAK2","KAT2B"
"JAK3","AKT","KAT2B"
"JAK3","RACK1","KAT2B"
"JAK3","mTORC1","KAT2B"
"JAK3","AHSA1","KAT2B"
"JAK3","BTK","KAT2B"
"JAK3","SGK3","KAT2B"
"JAK3","HSP90AB1","KAT2B"
"JAK3","PTPN12","KAT2B"
"JAK3","PAK1","KAT2B"
"JAK3","ZAP70","KAT2B"
"JAK3","DUSP1","KAT2B"
"JAK3","MAP2K4","KAT2B"
"JAK3","RAB7A","KAT2B"
"JAK3","EPHA2","KAT2B"
"JAK3","AR","KAT2B"
"JAK3","DUSP3","KAT2B"
"JAK3","MAPK11","KAT2B"
"JAK3","UNC5A","KAT2B"
"JAK3","PRKCI","KAT2B"
"JAK3","PARD6A","KAT2B"
"JAK3","PTPRA","KAT2B"
"JAK3","CCR2","KAT2B"
"JAK3","PSTPIP1","KAT2B"
"JAK3","RHEB","KAT2B"
"JAK3","DAXX","KAT2B"
"JAK3","INPP5D","KAT2B"
"JAK3","IRS2","KAT2B"
"JAK3","CDC42","KAT2B"
"JAK3","SH2B2","KAT2B"
"JAK3","PPP2R5A","KAT2B"
"JAK3","CLK2","KAT2B"
"JAK3","MDM2","KAT2B"
"JAK3","RUNX2","KAT2B"
"JAK3","SH2B3","KAT2B"
"JAK3","PIK3C3","KAT2B"
"JAK3","RND1","KAT2B"
"JAK3","TIAM1","KAT2B"
"JAK3","WAC","KAT2B"
"JAK3","DCTN6","KAT2B"
"JAK3","RGCC","KAT2B"
"JAK3","CHUK","SRPK2"
"JAK3","CTNNB1","SRPK2"
"JAK3","PTEN","SRPK2"
"JAK3","MAPK8","SRPK2"
"JAK3","MTOR","SRPK2"
"JAK3","CSNK2A1","SRPK2"
"JAK3","PLK1","SRPK2"
"JAK3","MAP2K7","SRPK2"
"JAK3","PTPRJ","SRPK2"
"JAK3","PRKCB","SRPK2"
"JAK3","TGFBR2","SRPK2"
"JAK3","PAK2","SRPK2"
"JAK3","RACK1","SRPK2"
"JAK3","MAPK13","SRPK2"
"JAK3","RPS6KA3","SRPK2"
"JAK3","AHSA1","SRPK2"
"JAK3","ROCK1","SRPK2"
"JAK3","RASSF1","SRPK2"
"JAK3","BTK","SRPK2"
"JAK3","SGK3","SRPK2"
"JAK3","SHOC2","SRPK2"
"JAK3","PTPN12","SRPK2"
"JAK3","PPP2R5C","SRPK2"
"JAK3","PAK1","SRPK2"
"JAK3","TYK2","SRPK2"
"JAK3","ZAP70","SRPK2"
"JAK3","GIT1","SRPK2"
"JAK3","RAB7A","SRPK2"
"JAK3","EPHA2","SRPK2"
"JAK3","DUSP3","SRPK2"
"JAK3","UNC5A","SRPK2"
"JAK3","PRKCI","SRPK2"
"JAK3","PARD6A","SRPK2"
"JAK3","PSTPIP1","SRPK2"
"JAK3","RHEB","SRPK2"
"JAK3","DAXX","SRPK2"
"JAK3","DUSP6","SRPK2"
"JAK3","CDC42","SRPK2"
"JAK3","PIK3CG","SRPK2"
"JAK3","PLCG1","SRPK2"
"JAK3","SH2B3","SRPK2"
"JAK3","TIAM1","SRPK2"
"JAK3","WAC","SRPK2"
"JAK3","BANP","SRPK2"
"JAK3","ACTN1","SRPK2"
"JAK3","CTNNB1","PSTPIP1"
"JAK3","CILK1","PSTPIP1"
"JAK3","PTEN","PSTPIP1"
"JAK3","MAPK8","PSTPIP1"
"JAK3","CSNK2A1","PSTPIP1"
"JAK3","PLK1","PSTPIP1"
"JAK3","KRAS","PSTPIP1"
"JAK3","RAC1","PSTPIP1"
"JAK3","PTPRJ","PSTPIP1"
"JAK3","PPP1CA","PSTPIP1"
"JAK3","PDPK1","PSTPIP1"
"JAK3","MAP3K14","PSTPIP1"
"JAK3","IGF1R","PSTPIP1"
"JAK3","PRKCB","PSTPIP1"
"JAK3","STK3","PSTPIP1"
"JAK3","RACK1","PSTPIP1"
"JAK3","HRAS","PSTPIP1"
"JAK3","MAPK13","PSTPIP1"
"JAK3","PIK3CA","PSTPIP1"
"JAK3","AHSA1","PSTPIP1"
"JAK3","RASSF1","PSTPIP1"
"JAK3","SH2B1","PSTPIP1"
"JAK3","HSP90AB1","PSTPIP1"
"JAK3","SHOC2","PSTPIP1"
"JAK3","PTPN12","PSTPIP1"
"JAK3","PPP2R5C","PSTPIP1"
"JAK3","PAK1","PSTPIP1"
"JAK3","TYK2","PSTPIP1"
"JAK3","ZAP70","PSTPIP1"
"JAK3","DUSP1","PSTPIP1"
"JAK3","GIT1","PSTPIP1"
"JAK3","TRAF2","PSTPIP1"
"JAK3","MAP2K4","PSTPIP1"
"JAK3","EPHA2","PSTPIP1"
"JAK3","UNC5A","PSTPIP1"
"JAK3","PARD6A","PSTPIP1"
"JAK3","DAXX","PSTPIP1"
"JAK3","INPP5D","PSTPIP1"
"JAK3","PIK3R1","PSTPIP1"
"JAK3","PLCG1","PSTPIP1"
"JAK3","RUNX2","PSTPIP1"
"JAK3","CHUK","PP2B"
"JAK3","CTNNB1","PP2B"
"JAK3","PTEN","PP2B"
"JAK3","MAPK8","PP2B"
"JAK3","CSNK2A1","PP2B"
"JAK3","MAP2K7","PP2B"
"JAK3","MAP3K14","PP2B"
"JAK3","STK3","PP2B"
"JAK3","RAB1A","PP2B"
"JAK3","PRKCZ","PP2B"
"JAK3","TGFBR2","PP2B"
"JAK3","PAK2","PP2B"
"JAK3","RACK1","PP2B"
"JAK3","MAPK13","PP2B"
"JAK3","mTORC1","PP2B"
"JAK3","AHSA1","PP2B"
"JAK3","ROCK1","PP2B"
"JAK3","BTK","PP2B"
"JAK3","SGK3","PP2B"
"JAK3","PTPN12","PP2B"
"JAK3","PPP2R5C","PP2B"
"JAK3","PAK1","PP2B"
"JAK3","TYK2","PP2B"
"JAK3","DUSP1","PP2B"
"JAK3","GIT1","PP2B"
"JAK3","TRAF2","PP2B"
"JAK3","MAP2K4","PP2B"
"JAK3","RAB7A","PP2B"
"JAK3","AR","PP2B"
"JAK3","MAPK11","PP2B"
"JAK3","UNC5A","PP2B"
"JAK3","PRKCI","PP2B"
"JAK3","PTPRA","PP2B"
"JAK3","PSTPIP1","PP2B"
"JAK3","RHEB","PP2B"
"JAK3","PIK3R1","PP2B"
"JAK3","CCNE1","PP2B"
"JAK3","CDC42","PP2B"
"JAK3","PIK3CG","PP2B"
"JAK3","SH2B2","PP2B"
"JAK3","MDM2","PP2B"
"JAK3","PLCG1","PP2B"
"JAK3","SPRY2","PP2B"
"JAK3","SH2B3","PP2B"
"JAK3","WAC","PP2B"
"JAK3","BANP","PP2B"
"JAK3","DCTN6","PP2B"
"JAK3","ACTN1","PP2B"
"JAK3","RGCC","PP2B"
"JAK3","CHUK","RHEB"
"JAK3","CILK1","RHEB"
"JAK3","MAPK8","RHEB"
"JAK3","CSNK2A1","RHEB"
"JAK3","PLK1","RHEB"
"JAK3","RAC1","RHEB"
"JAK3","MAP2K7","RHEB"
"JAK3","PTPRJ","RHEB"
"JAK3","SGK1","RHEB"
"JAK3","STK3","RHEB"
"JAK3","PRKCZ","RHEB"
"JAK3","RACK1","RHEB"
"JAK3","MAPK13","RHEB"
"JAK3","PIK3CA","RHEB"
"JAK3","LEPR","RHEB"
"JAK3","mTORC1","RHEB"
"JAK3","AHSA1","RHEB"
"JAK3","ROCK1","RHEB"
"JAK3","RASSF1","RHEB"
"JAK3","BTK","RHEB"
"JAK3","PTPN11","RHEB"
"JAK3","SGK3","RHEB"
"JAK3","SH2B1","RHEB"
"JAK3","HSP90AB1","RHEB"
"JAK3","SHOC2","RHEB"
"JAK3","PTPN12","RHEB"
"JAK3","ZAP70","RHEB"
"JAK3","DUSP1","RHEB"
"JAK3","RAB7A","RHEB"
"JAK3","AR","RHEB"
"JAK3","CCR2","RHEB"
"JAK3","PIK3R1","RHEB"
"JAK3","PIK3CG","RHEB"
"JAK3","PIK3C3","RHEB"
"JAK3","ACTN1","RHEB"
"JAK3","CHUK","CDKN1A"
"JAK3","CTNNB1","CDKN1A"
"JAK3","PTEN","CDKN1A"
"JAK3","MAPK8","CDKN1A"
"JAK3","MTOR","CDKN1A"
"JAK3","AKT1","CDKN1A"
"JAK3","CSNK2A1","CDKN1A"
"JAK3","PLK1","CDKN1A"
"JAK3","KRAS","CDKN1A"
"JAK3","PTPRJ","CDKN1A"
"JAK3","TGFBR1","CDKN1A"
"JAK3","PPP1CA","CDKN1A"
"JAK3","IGF1R","CDKN1A"
"JAK3","PRKCB","CDKN1A"
"JAK3","STK3","CDKN1A"
"JAK3","PAK2","CDKN1A"
"JAK3","MAPK13","CDKN1A"
"JAK3","PIK3CA","CDKN1A"
"JAK3","RPS6KA3","CDKN1A"
"JAK3","AHSA1","CDKN1A"
"JAK3","ROCK1","CDKN1A"
"JAK3","RASSF1","CDKN1A"
"JAK3","SGK3","CDKN1A"
"JAK3","SHOC2","CDKN1A"
"JAK3","PTPN12","CDKN1A"
"JAK3","PAK1","CDKN1A"
"JAK3","TYK2","CDKN1A"
"JAK3","ZAP70","CDKN1A"
"JAK3","GIT1","CDKN1A"
"JAK3","TRAF2","CDKN1A"
"JAK3","MAP2K4","CDKN1A"
"JAK3","RAB7A","CDKN1A"
"JAK3","EPHA2","CDKN1A"
"JAK3","NRAS","CDKN1A"
"JAK3","AR","CDKN1A"
"JAK3","DUSP3","CDKN1A"
"JAK3","MAPK11","CDKN1A"
"JAK3","PARD6A","CDKN1A"
"JAK3","CCR2","CDKN1A"
"JAK3","PSTPIP1","CDKN1A"
"JAK3","RHEB","CDKN1A"
"JAK3","DUSP6","CDKN1A"
"JAK3","PIK3R1","CDKN1A"
"JAK3","IRS2","CDKN1A"
"JAK3","PIK3CG","CDKN1A"
"JAK3","SH2B2","CDKN1A"
"JAK3","PPP2R5A","CDKN1A"
"JAK3","CLK2","CDKN1A"
"JAK3","YWHAE","CDKN1A"
"JAK3","PLCG1","CDKN1A"
"JAK3","RUNX2","CDKN1A"
"JAK3","PIK3C3","CDKN1A"
"JAK3","WAC","CDKN1A"
"JAK3","BANP","CDKN1A"
"JAK3","CSNK2A1","DAXX"
"JAK3","RAC1","DAXX"
"JAK3","MAP2K7","DAXX"
"JAK3","PDPK1","DAXX"
"JAK3","MAP3K14","DAXX"
"JAK3","RPS6KA1","DAXX"
"JAK3","PRKCB","DAXX"
"JAK3","RAB1A","DAXX"
"JAK3","PAK2","DAXX"
"JAK3","AKT","DAXX"
"JAK3","MAPK13","DAXX"
"JAK3","PIK3CA","DAXX"
"JAK3","RPS6KA3","DAXX"
"JAK3","mTORC1","DAXX"
"JAK3","AHSA1","DAXX"
"JAK3","RASSF1","DAXX"
"JAK3","BTK","DAXX"
"JAK3","SGK3","DAXX"
"JAK3","SH2B1","DAXX"
"JAK3","TYK2","DAXX"
"JAK3","ZAP70","DAXX"
"JAK3","DUSP1","DAXX"
"JAK3","GIT1","DAXX"
"JAK3","TRAF2","DAXX"
"JAK3","NRAS","DAXX"
"JAK3","UNC5A","DAXX"
"JAK3","PARD6A","DAXX"
"JAK3","CCR2","DAXX"
"JAK3","RHEB","DAXX"
"JAK3","PIK3R1","DAXX"
"JAK3","CCNE1","DAXX"
"JAK3","IRS2","DAXX"
"JAK3","CDC42","DAXX"
"JAK3","PPP2R5A","DAXX"
"JAK3","MDM2","DAXX"
"JAK3","PLCG1","DAXX"
"JAK3","RUNX2","DAXX"
"JAK3","PIK3C3","DAXX"
"JAK3","RND1","DAXX"
"JAK3","TIAM1","DAXX"
"JAK3","DCTN6","DAXX"
"JAK3","ACTN1","DAXX"
"JAK3","RGCC","DAXX"
"JAK3","CILK1","BCL2L1"
"JAK3","PTEN","BCL2L1"
"JAK3","MAPK8","BCL2L1"
"JAK3","MTOR","BCL2L1"
"JAK3","AKT1","BCL2L1"
"JAK3","CSNK2A1","BCL2L1"
"JAK3","PLK1","BCL2L1"
"JAK3","KRAS","BCL2L1"
"JAK3","MAP2K7","BCL2L1"
"JAK3","PPP1CA","BCL2L1"
"JAK3","PDPK1","BCL2L1"
"JAK3","MAP3K14","BCL2L1"
"JAK3","RPS6KA1","BCL2L1"
"JAK3","SGK1","BCL2L1"
"JAK3","IGF1R","BCL2L1"
"JAK3","PRKCB","BCL2L1"
"JAK3","STK3","BCL2L1"
"JAK3","RAB1A","BCL2L1"
"JAK3","PRKCZ","BCL2L1"
"JAK3","PAK2","BCL2L1"
"JAK3","MAPK13","BCL2L1"
"JAK3","RPS6KA3","BCL2L1"
"JAK3","mTORC1","BCL2L1"
"JAK3","ROCK1","BCL2L1"
"JAK3","RASSF1","BCL2L1"
"JAK3","BTK","BCL2L1"
"JAK3","SH2B1","BCL2L1"
"JAK3","SHOC2","BCL2L1"
"JAK3","PPP2R5C","BCL2L1"
"JAK3","PAK1","BCL2L1"
"JAK3","TYK2","BCL2L1"
"JAK3","ZAP70","BCL2L1"
"JAK3","DUSP1","BCL2L1"
"JAK3","GIT1","BCL2L1"
"JAK3","MAP2K4","BCL2L1"
"JAK3","RAB7A","BCL2L1"
"JAK3","AR","BCL2L1"
"JAK3","MAPK11","BCL2L1"
"JAK3","UNC5A","BCL2L1"
"JAK3","RHEB","BCL2L1"
"JAK3","DUSP6","BCL2L1"
"JAK3","CCNE1","BCL2L1"
"JAK3","IRS2","BCL2L1"
"JAK3","CDC42","BCL2L1"
"JAK3","YWHAE","BCL2L1"
"JAK3","PIK3C3","BCL2L1"
"JAK3","WAC","BCL2L1"
"JAK3","BANP","BCL2L1"
"JAK3","DCTN6","BCL2L1"
"JAK3","ACTN1","BCL2L1"
"JAK3","CTNNB1","GRIN2C"
"JAK3","PTEN","GRIN2C"
"JAK3","AKT1","GRIN2C"
"JAK3","CSNK2A1","GRIN2C"
"JAK3","KRAS","GRIN2C"
"JAK3","RAC1","GRIN2C"
"JAK3","MAP2K7","GRIN2C"
"JAK3","PTPRJ","GRIN2C"
"JAK3","TGFBR1","GRIN2C"
"JAK3","PDPK1","GRIN2C"
"JAK3","MAP3K14","GRIN2C"
"JAK3","RPS6KA1","GRIN2C"
"JAK3","STK3","GRIN2C"
"JAK3","PRKCZ","GRIN2C"
"JAK3","TGFBR2","GRIN2C"
"JAK3","PAK2","GRIN2C"
"JAK3","RACK1","GRIN2C"
"JAK3","HRAS","GRIN2C"
"JAK3","MAPK13","GRIN2C"
"JAK3","RPS6KA3","GRIN2C"
"JAK3","mTORC1","GRIN2C"
"JAK3","BTK","GRIN2C"
"JAK3","PTPN11","GRIN2C"
"JAK3","SH2B1","GRIN2C"
"JAK3","PTPN12","GRIN2C"
"JAK3","PPP2R5C","GRIN2C"
"JAK3","TYK2","GRIN2C"
"JAK3","DUSP1","GRIN2C"
"JAK3","TRAF2","GRIN2C"
"JAK3","RAB7A","GRIN2C"
"JAK3","EPHA2","GRIN2C"
"JAK3","NRAS","GRIN2C"
"JAK3","AR","GRIN2C"
"JAK3","DUSP3","GRIN2C"
"JAK3","MAPK11","GRIN2C"
"JAK3","PARD6A","GRIN2C"
"JAK3","PTPRA","GRIN2C"
"JAK3","RHEB","GRIN2C"
"JAK3","DUSP6","GRIN2C"
"JAK3","INPP5D","GRIN2C"
"JAK3","PIK3R1","GRIN2C"
"JAK3","PIK3CG","GRIN2C"
"JAK3","PPP2R5A","GRIN2C"
"JAK3","YWHAE","GRIN2C"
"JAK3","SPRY2","GRIN2C"
"JAK3","SH2B3","GRIN2C"
"JAK3","RND1","GRIN2C"
"JAK3","WAC","GRIN2C"
"JAK3","CTNNB1","IL2RB"
"JAK3","CILK1","IL2RB"
"JAK3","MAPK8","IL2RB"
"JAK3","MTOR","IL2RB"
"JAK3","PLK1","IL2RB"
"JAK3","KRAS","IL2RB"
"JAK3","RAC1","IL2RB"
"JAK3","PTPRJ","IL2RB"
"JAK3","PDPK1","IL2RB"
"JAK3","MAP3K14","IL2RB"
"JAK3","RPS6KA1","IL2RB"
"JAK3","SGK1","IL2RB"
"JAK3","RAB1A","IL2RB"
"JAK3","PRKCZ","IL2RB"
"JAK3","TGFBR2","IL2RB"
"JAK3","RACK1","IL2RB"
"JAK3","MAPK13","IL2RB"
"JAK3","mTORC1","IL2RB"
"JAK3","PTPN11","IL2RB"
"JAK3","SH2B1","IL2RB"
"JAK3","PTPN12","IL2RB"
"JAK3","TYK2","IL2RB"
"JAK3","DUSP1","IL2RB"
"JAK3","GIT1","IL2RB"
"JAK3","TRAF2","IL2RB"
"JAK3","RAB7A","IL2RB"
"JAK3","EPHA2","IL2RB"
"JAK3","DUSP3","IL2RB"
"JAK3","MAPK11","IL2RB"
"JAK3","PRKCI","IL2RB"
"JAK3","PIK3R1","IL2RB"
"JAK3","IRS2","IL2RB"
"JAK3","CDC42","IL2RB"
"JAK3","PIK3CG","IL2RB"
"JAK3","MDM2","IL2RB"
"JAK3","YWHAE","IL2RB"
"JAK3","SH2B3","IL2RB"
"JAK3","RND1","IL2RB"
"JAK3","DCTN6","IL2RB"
"JAK3","ACTN1","IL2RB"
"JAK3","CHUK","EIF4G2"
"JAK3","PTEN","EIF4G2"
"JAK3","MAPK8","EIF4G2"
"JAK3","MTOR","EIF4G2"
"JAK3","CSNK2A1","EIF4G2"
"JAK3","KRAS","EIF4G2"
"JAK3","RAC1","EIF4G2"
"JAK3","MAP2K7","EIF4G2"
"JAK3","PDPK1","EIF4G2"
"JAK3","MAP3K14","EIF4G2"
"JAK3","RPS6KA1","EIF4G2"
"JAK3","SGK1","EIF4G2"
"JAK3","IGF1R","EIF4G2"
"JAK3","PRKCB","EIF4G2"
"JAK3","PAK2","EIF4G2"
"JAK3","PIK3CA","EIF4G2"
"JAK3","RPS6KA3","EIF4G2"
"JAK3","AHSA1","EIF4G2"
"JAK3","ROCK1","EIF4G2"
"JAK3","RASSF1","EIF4G2"
"JAK3","BTK","EIF4G2"
"JAK3","SGK3","EIF4G2"
"JAK3","SH2B1","EIF4G2"
"JAK3","HSP90AB1","EIF4G2"
"JAK3","PPP2R5C","EIF4G2"
"JAK3","PAK1","EIF4G2"
"JAK3","TYK2","EIF4G2"
"JAK3","EPHA2","EIF4G2"
"JAK3","NRAS","EIF4G2"
"JAK3","DUSP3","EIF4G2"
"JAK3","UNC5A","EIF4G2"
"JAK3","PARD6A","EIF4G2"
"JAK3","CCR2","EIF4G2"
"JAK3","PSTPIP1","EIF4G2"
"JAK3","RHEB","EIF4G2"
"JAK3","CDC42","EIF4G2"
"JAK3","SH2B3","EIF4G2"
"JAK3","RND1","EIF4G2"
"JAK3","TIAM1","EIF4G2"
"JAK3","BANP","EIF4G2"
"JAK3","PTEN","PKN3"
"JAK3","MTOR","PKN3"
"JAK3","KRAS","PKN3"
"JAK3","PTPRJ","PKN3"
"JAK3","TGFBR1","PKN3"
"JAK3","PPP1CA","PKN3"
"JAK3","MAP3K14","PKN3"
"JAK3","RPS6KA1","PKN3"
"JAK3","IGF1R","PKN3"
"JAK3","PRKCB","PKN3"
"JAK3","STK3","PKN3"
"JAK3","RAB1A","PKN3"
"JAK3","PRKCZ","PKN3"
"JAK3","AKT","PKN3"
"JAK3","PIK3CA","PKN3"
"JAK3","RPS6KA3","PKN3"
"JAK3","mTORC1","PKN3"
"JAK3","AHSA1","PKN3"
"JAK3","RASSF1","PKN3"
"JAK3","BTK","PKN3"
"JAK3","SGK3","PKN3"
"JAK3","HSP90AB1","PKN3"
"JAK3","PTPN12","PKN3"
"JAK3","MAP2K4","PKN3"
"JAK3","RAB7A","PKN3"
"JAK3","EPHA2","PKN3"
"JAK3","MAPK11","PKN3"
"JAK3","PSTPIP1","PKN3"
"JAK3","RHEB","PKN3"
"JAK3","DAXX","PKN3"
"JAK3","DUSP6","PKN3"
"JAK3","INPP5D","PKN3"
"JAK3","PIK3R1","PKN3"
"JAK3","IRS2","PKN3"
"JAK3","CDC42","PKN3"
"JAK3","CLK2","PKN3"
"JAK3","MDM2","PKN3"
"JAK3","YWHAE","PKN3"
"JAK3","BANP","PKN3"
"JAK3","DCTN6","PKN3"
"JAK3","PTEN","BBC3"
"JAK3","MAPK8","BBC3"
"JAK3","MTOR","BBC3"
"JAK3","AKT1","BBC3"
"JAK3","MAP2K7","BBC3"
"JAK3","PTPRJ","BBC3"
"JAK3","TGFBR1","BBC3"
"JAK3","PDPK1","BBC3"
"JAK3","RPS6KA1","BBC3"
"JAK3","RAB1A","BBC3"
"JAK3","HRAS","BBC3"
"JAK3","MAPK13","BBC3"
"JAK3","PIK3CA","BBC3"
"JAK3","AHSA1","BBC3"
"JAK3","ROCK1","BBC3"
"JAK3","HSP90AB1","BBC3"
"JAK3","SHOC2","BBC3"
"JAK3","PTPN12","BBC3"
"JAK3","PPP2R5C","BBC3"
"JAK3","TYK2","BBC3"
"JAK3","ZAP70","BBC3"
"JAK3","RAB7A","BBC3"
"JAK3","EPHA2","BBC3"
"JAK3","AR","BBC3"
"JAK3","PRKCI","BBC3"
"JAK3","RHEB","BBC3"
"JAK3","IRS2","BBC3"
"JAK3","CLK2","BBC3"
"JAK3","MDM2","BBC3"
"JAK3","YWHAE","BBC3"
"JAK3","RUNX2","BBC3"
"JAK3","SH2B3","BBC3"
"JAK3","CILK1","LRRK1"
"JAK3","MAPK8","LRRK1"
"JAK3","MTOR","LRRK1"
"JAK3","AKT1","LRRK1"
"JAK3","CSNK2A1","LRRK1"
"JAK3","PLK1","LRRK1"
"JAK3","MAP2K7","LRRK1"
"JAK3","PDPK1","LRRK1"
"JAK3","MAP3K14","LRRK1"
"JAK3","IGF1R","LRRK1"
"JAK3","PRKCB","LRRK1"
"JAK3","STK3","LRRK1"
"JAK3","RAB1A","LRRK1"
"JAK3","PRKCZ","LRRK1"
"JAK3","TGFBR2","LRRK1"
"JAK3","AKT","LRRK1"
"JAK3","RACK1","LRRK1"
"JAK3","HRAS","LRRK1"
"JAK3","MAPK13","LRRK1"
"JAK3","LEPR","LRRK1"
"JAK3","RPS6KA3","LRRK1"
"JAK3","AHSA1","LRRK1"
"JAK3","ROCK1","LRRK1"
"JAK3","RASSF1","LRRK1"
"JAK3","SGK3","LRRK1"
"JAK3","SH2B1","LRRK1"
"JAK3","SHOC2","LRRK1"
"JAK3","PAK1","LRRK1"
"JAK3","TYK2","LRRK1"
"JAK3","ZAP70","LRRK1"
"JAK3","MAP2K4","LRRK1"
"JAK3","RAB7A","LRRK1"
"JAK3","NRAS","LRRK1"
"JAK3","AR","LRRK1"
"JAK3","DUSP3","LRRK1"
"JAK3","MAPK11","LRRK1"
"JAK3","UNC5A","LRRK1"
"JAK3","CCR2","LRRK1"
"JAK3","PSTPIP1","LRRK1"
"JAK3","PIK3R1","LRRK1"
"JAK3","CCNE1","LRRK1"
"JAK3","IRS2","LRRK1"
"JAK3","PIK3CG","LRRK1"
"JAK3","PPP2R5A","LRRK1"
"JAK3","PLCG1","LRRK1"
"JAK3","SPRY2","LRRK1"
"JAK3","TIAM1","LRRK1"
"JAK3","WAC","LRRK1"
"JAK3","BANP","LRRK1"
"JAK3","DCTN6","LRRK1"
"JAK3","RGCC","LRRK1"
"JAK3","CHUK","SRC_kinase_family"
"JAK3","CILK1","SRC_kinase_family"
"JAK3","MAPK8","SRC_kinase_family"
"JAK3","AKT1","SRC_kinase_family"
"JAK3","PLK1","SRC_kinase_family"
"JAK3","KRAS","SRC_kinase_family"
"JAK3","RAC1","SRC_kinase_family"
"JAK3","MAP2K7","SRC_kinase_family"
"JAK3","MAP3K14","SRC_kinase_family"
"JAK3","PRKCB","SRC_kinase_family"
"JAK3","STK3","SRC_kinase_family"
"JAK3","RAB1A","SRC_kinase_family"
"JAK3","TGFBR2","SRC_kinase_family"
"JAK3","AKT","SRC_kinase_family"
"JAK3","HRAS","SRC_kinase_family"
"JAK3","MAPK13","SRC_kinase_family"
"JAK3","PIK3CA","SRC_kinase_family"
"JAK3","RPS6KA3","SRC_kinase_family"
"JAK3","RASSF1","SRC_kinase_family"
"JAK3","BTK","SRC_kinase_family"
"JAK3","SGK3","SRC_kinase_family"
"JAK3","SH2B1","SRC_kinase_family"
"JAK3","HSP90AB1","SRC_kinase_family"
"JAK3","PTPN12","SRC_kinase_family"
"JAK3","PPP2R5C","SRC_kinase_family"
"JAK3","PAK1","SRC_kinase_family"
"JAK3","ZAP70","SRC_kinase_family"
"JAK3","DUSP1","SRC_kinase_family"
"JAK3","GIT1","SRC_kinase_family"
"JAK3","TRAF2","SRC_kinase_family"
"JAK3","NRAS","SRC_kinase_family"
"JAK3","DUSP3","SRC_kinase_family"
"JAK3","MAPK11","SRC_kinase_family"
"JAK3","PARD6A","SRC_kinase_family"
"JAK3","CCR2","SRC_kinase_family"
"JAK3","DUSP6","SRC_kinase_family"
"JAK3","CCNE1","SRC_kinase_family"
"JAK3","MDM2","SRC_kinase_family"
"JAK3","YWHAE","SRC_kinase_family"
"JAK3","PLCG1","SRC_kinase_family"
"JAK3","SH2B3","SRC_kinase_family"
"JAK3","PIK3C3","SRC_kinase_family"
"JAK3","RND1","SRC_kinase_family"
"JAK3","TIAM1","SRC_kinase_family"
"JAK3","BANP","SRC_kinase_family"
"JAK3","ACTN1","SRC_kinase_family"
"JAK3","CHUK","NCOA3"
"JAK3","CTNNB1","NCOA3"
"JAK3","MAPK8","NCOA3"
"JAK3","MTOR","NCOA3"
"JAK3","AKT1","NCOA3"
"JAK3","MAP2K7","NCOA3"
"JAK3","TGFBR1","NCOA3"
"JAK3","PPP1CA","NCOA3"
"JAK3","SGK1","NCOA3"
"JAK3","RAB1A","NCOA3"
"JAK3","TGFBR2","NCOA3"
"JAK3","RACK1","NCOA3"
"JAK3","HRAS","NCOA3"
"JAK3","MAPK13","NCOA3"
"JAK3","PIK3CA","NCOA3"
"JAK3","LEPR","NCOA3"
"JAK3","RPS6KA3","NCOA3"
"JAK3","mTORC1","NCOA3"
"JAK3","AHSA1","NCOA3"
"JAK3","ROCK1","NCOA3"
"JAK3","BTK","NCOA3"
"JAK3","PTPN11","NCOA3"
"JAK3","SH2B1","NCOA3"
"JAK3","HSP90AB1","NCOA3"
"JAK3","SHOC2","NCOA3"
"JAK3","PTPN12","NCOA3"
"JAK3","TYK2","NCOA3"
"JAK3","ZAP70","NCOA3"
"JAK3","DUSP1","NCOA3"
"JAK3","TRAF2","NCOA3"
"JAK3","RAB7A","NCOA3"
"JAK3","EPHA2","NCOA3"
"JAK3","NRAS","NCOA3"
"JAK3","MAPK11","NCOA3"
"JAK3","UNC5A","NCOA3"
"JAK3","PARD6A","NCOA3"
"JAK3","PTPRA","NCOA3"
"JAK3","CCR2","NCOA3"
"JAK3","PSTPIP1","NCOA3"
"JAK3","DUSP6","NCOA3"
"JAK3","CCNE1","NCOA3"
"JAK3","CDC42","NCOA3"
"JAK3","PIK3CG","NCOA3"
"JAK3","PPP2R5A","NCOA3"
"JAK3","CLK2","NCOA3"
"JAK3","SPRY2","NCOA3"
"JAK3","SH2B3","NCOA3"
"JAK3","WAC","NCOA3"
"JAK3","DCTN6","NCOA3"
"JAK3","ACTN1","NCOA3"
"JAK3","PTEN","GATA2"
"JAK3","MTOR","GATA2"
"JAK3","AKT1","GATA2"
"JAK3","CSNK2A1","GATA2"
"JAK3","KRAS","GATA2"
"JAK3","RAC1","GATA2"
"JAK3","MAP2K7","GATA2"
"JAK3","TGFBR1","GATA2"
"JAK3","PRKCB","GATA2"
"JAK3","STK3","GATA2"
"JAK3","TGFBR2","GATA2"
"JAK3","AKT","GATA2"
"JAK3","RACK1","GATA2"
"JAK3","HRAS","GATA2"
"JAK3","MAPK13","GATA2"
"JAK3","PIK3CA","GATA2"
"JAK3","AHSA1","GATA2"
"JAK3","ROCK1","GATA2"
"JAK3","RASSF1","GATA2"
"JAK3","BTK","GATA2"
"JAK3","SGK3","GATA2"
"JAK3","SH2B1","GATA2"
"JAK3","HSP90AB1","GATA2"
"JAK3","PPP2R5C","GATA2"
"JAK3","TYK2","GATA2"
"JAK3","DUSP1","GATA2"
"JAK3","GIT1","GATA2"
"JAK3","MAP2K4","GATA2"
"JAK3","RAB7A","GATA2"
"JAK3","EPHA2","GATA2"
"JAK3","DUSP3","GATA2"
"JAK3","MAPK11","GATA2"
"JAK3","PRKCI","GATA2"
"JAK3","PARD6A","GATA2"
"JAK3","PTPRA","GATA2"
"JAK3","CCR2","GATA2"
"JAK3","RHEB","GATA2"
"JAK3","DUSP6","GATA2"
"JAK3","INPP5D","GATA2"
"JAK3","PIK3R1","GATA2"
"JAK3","CCNE1","GATA2"
"JAK3","IRS2","GATA2"
"JAK3","PIK3CG","GATA2"
"JAK3","SH2B2","GATA2"
"JAK3","PPP2R5A","GATA2"
"JAK3","MDM2","GATA2"
"JAK3","YWHAE","GATA2"
"JAK3","PLCG1","GATA2"
"JAK3","RUNX2","GATA2"
"JAK3","PIK3C3","GATA2"
"JAK3","RND1","GATA2"
"JAK3","TIAM1","GATA2"
"JAK3","WAC","GATA2"
"JAK3","BANP","GATA2"
"JAK3","DCTN6","GATA2"
"JAK3","CHUK","SUN1"
"JAK3","CTNNB1","SUN1"
"JAK3","PTEN","SUN1"
"JAK3","CSNK2A1","SUN1"
"JAK3","KRAS","SUN1"
"JAK3","MAP2K7","SUN1"
"JAK3","TGFBR1","SUN1"
"JAK3","PPP1CA","SUN1"
"JAK3","PDPK1","SUN1"
"JAK3","MAP3K14","SUN1"
"JAK3","RPS6KA1","SUN1"
"JAK3","SGK1","SUN1"
"JAK3","PRKCB","SUN1"
"JAK3","RAB1A","SUN1"
"JAK3","PAK2","SUN1"
"JAK3","AKT","SUN1"
"JAK3","RACK1","SUN1"
"JAK3","LEPR","SUN1"
"JAK3","BTK","SUN1"
"JAK3","SHOC2","SUN1"
"JAK3","TYK2","SUN1"
"JAK3","MAP2K4","SUN1"
"JAK3","EPHA2","SUN1"
"JAK3","MAPK11","SUN1"
"JAK3","RHEB","SUN1"
"JAK3","DAXX","SUN1"
"JAK3","DUSP6","SUN1"
"JAK3","INPP5D","SUN1"
"JAK3","CDC42","SUN1"
"JAK3","PLCG1","SUN1"
"JAK3","RUNX2","SUN1"
"JAK3","DCTN6","SUN1"
"JAK3","ACTN1","SUN1"
"JAK3","CILK1","DUSP6"
"JAK3","AKT1","DUSP6"
"JAK3","RAC1","DUSP6"
"JAK3","MAP2K7","DUSP6"
"JAK3","PTPRJ","DUSP6"
"JAK3","PDPK1","DUSP6"
"JAK3","MAP3K14","DUSP6"
"JAK3","RPS6KA1","DUSP6"
"JAK3","IGF1R","DUSP6"
"JAK3","RACK1","DUSP6"
"JAK3","HRAS","DUSP6"
"JAK3","PTPN11","DUSP6"
"JAK3","HSP90AB1","DUSP6"
"JAK3","PPP2R5C","DUSP6"
"JAK3","DUSP1","DUSP6"
"JAK3","MAP2K4","DUSP6"
"JAK3","UNC5A","DUSP6"
"JAK3","PRKCI","DUSP6"
"JAK3","PTPRA","DUSP6"
"JAK3","RHEB","DUSP6"
"JAK3","INPP5D","DUSP6"
"JAK3","IRS2","DUSP6"
"JAK3","CDC42","DUSP6"
"JAK3","SH2B2","DUSP6"
"JAK3","PPP2R5A","DUSP6"
"JAK3","SH2B3","DUSP6"
"JAK3","WAC","DUSP6"
"JAK3","DCTN6","DUSP6"
"JAK3","CTNNB1","STAT6"
"JAK3","PTEN","STAT6"
"JAK3","PTPRJ","STAT6"
"JAK3","TGFBR1","STAT6"
"JAK3","MAP3K14","STAT6"
"JAK3","RPS6KA1","STAT6"
"JAK3","IGF1R","STAT6"
"JAK3","PRKCB","STAT6"
"JAK3","STK3","STAT6"
"JAK3","RAB1A","STAT6"
"JAK3","RACK1","STAT6"
"JAK3","HRAS","STAT6"
"JAK3","MAPK13","STAT6"
"JAK3","PIK3CA","STAT6"
"JAK3","LEPR","STAT6"
"JAK3","ROCK1","STAT6"
"JAK3","RASSF1","STAT6"
"JAK3","SH2B1","STAT6"
"JAK3","PTPN12","STAT6"
"JAK3","ZAP70","STAT6"
"JAK3","TRAF2","STAT6"
"JAK3","MAP2K4","STAT6"
"JAK3","RAB7A","STAT6"
"JAK3","EPHA2","STAT6"
"JAK3","NRAS","STAT6"
"JAK3","AR","STAT6"
"JAK3","DUSP3","STAT6"
"JAK3","MAPK11","STAT6"
"JAK3","PRKCI","STAT6"
"JAK3","CCR2","STAT6"
"JAK3","PSTPIP1","STAT6"
"JAK3","DUSP6","STAT6"
"JAK3","INPP5D","STAT6"
"JAK3","PIK3R1","STAT6"
"JAK3","CCNE1","STAT6"
"JAK3","IRS2","STAT6"
"JAK3","PIK3CG","STAT6"
"JAK3","CLK2","STAT6"
"JAK3","YWHAE","STAT6"
"JAK3","SH2B3","STAT6"
"JAK3","PIK3C3","STAT6"
"JAK3","ACTN1","STAT6"
"JAK3","RGCC","STAT6"
"JAK3","CHUK","PAX5"
"JAK3","CTNNB1","PAX5"
"JAK3","CILK1","PAX5"
"JAK3","MTOR","PAX5"
"JAK3","AKT1","PAX5"
"JAK3","CSNK2A1","PAX5"
"JAK3","PLK1","PAX5"
"JAK3","KRAS","PAX5"
"JAK3","RAC1","PAX5"
"JAK3","MAP3K14","PAX5"
"JAK3","RPS6KA1","PAX5"
"JAK3","SGK1","PAX5"
"JAK3","IGF1R","PAX5"
"JAK3","PRKCB","PAX5"
"JAK3","STK3","PAX5"
"JAK3","RAB1A","PAX5"
"JAK3","PRKCZ","PAX5"
"JAK3","PAK2","PAX5"
"JAK3","HRAS","PAX5"
"JAK3","PIK3CA","PAX5"
"JAK3","LEPR","PAX5"
"JAK3","mTORC1","PAX5"
"JAK3","AHSA1","PAX5"
"JAK3","ROCK1","PAX5"
"JAK3","RASSF1","PAX5"
"JAK3","BTK","PAX5"
"JAK3","SGK3","PAX5"
"JAK3","SH2B1","PAX5"
"JAK3","PAK1","PAX5"
"JAK3","ZAP70","PAX5"
"JAK3","DUSP1","PAX5"
"JAK3","GIT1","PAX5"
"JAK3","TRAF2","PAX5"
"JAK3","MAP2K4","PAX5"
"JAK3","NRAS","PAX5"
"JAK3","AR","PAX5"
"JAK3","UNC5A","PAX5"
"JAK3","PARD6A","PAX5"
"JAK3","RHEB","PAX5"
"JAK3","INPP5D","PAX5"
"JAK3","PIK3R1","PAX5"
"JAK3","PIK3CG","PAX5"
"JAK3","SH2B2","PAX5"
"JAK3","MDM2","PAX5"
"JAK3","YWHAE","PAX5"
"JAK3","PLCG1","PAX5"
"JAK3","SH2B3","PAX5"
"JAK3","PIK3C3","PAX5"
"JAK3","TIAM1","PAX5"
"JAK3","WAC","PAX5"
"JAK3","BANP","PAX5"
"JAK3","ACTN1","PAX5"
"JAK3","RGCC","PAX5"
"JAK3","CILK1","FAM83G"
"JAK3","MAPK8","FAM83G"
"JAK3","MTOR","FAM83G"
"JAK3","AKT1","FAM83G"
"JAK3","CSNK2A1","FAM83G"
"JAK3","PLK1","FAM83G"
"JAK3","KRAS","FAM83G"
"JAK3","MAP3K14","FAM83G"
"JAK3","SGK1","FAM83G"
"JAK3","IGF1R","FAM83G"
"JAK3","STK3","FAM83G"
"JAK3","PRKCZ","FAM83G"
"JAK3","TGFBR2","FAM83G"
"JAK3","PAK2","FAM83G"
"JAK3","HRAS","FAM83G"
"JAK3","MAPK13","FAM83G"
"JAK3","LEPR","FAM83G"
"JAK3","RPS6KA3","FAM83G"
"JAK3","mTORC1","FAM83G"
"JAK3","ROCK1","FAM83G"
"JAK3","SH2B1","FAM83G"
"JAK3","PTPN12","FAM83G"
"JAK3","PAK1","FAM83G"
"JAK3","TYK2","FAM83G"
"JAK3","ZAP70","FAM83G"
"JAK3","DUSP1","FAM83G"
"JAK3","TRAF2","FAM83G"
"JAK3","MAP2K4","FAM83G"
"JAK3","RAB7A","FAM83G"
"JAK3","NRAS","FAM83G"
"JAK3","MAPK11","FAM83G"
"JAK3","UNC5A","FAM83G"
"JAK3","PRKCI","FAM83G"
"JAK3","PTPRA","FAM83G"
"JAK3","CCR2","FAM83G"
"JAK3","PSTPIP1","FAM83G"
"JAK3","PIK3R1","FAM83G"
"JAK3","CCNE1","FAM83G"
"JAK3","CDC42","FAM83G"
"JAK3","PIK3CG","FAM83G"
"JAK3","SH2B2","FAM83G"
"JAK3","PPP2R5A","FAM83G"
"JAK3","CLK2","FAM83G"
"JAK3","YWHAE","FAM83G"
"JAK3","PLCG1","FAM83G"
"JAK3","SPRY2","FAM83G"
"JAK3","SH2B3","FAM83G"
"JAK3","TIAM1","FAM83G"
"JAK3","WAC","FAM83G"
"JAK3","BANP","FAM83G"
"JAK3","DCTN6","FAM83G"
"JAK3","ACTN1","FAM83G"
"JAK3","CHUK","EIF2AK3"
"JAK3","MAPK8","EIF2AK3"
"JAK3","MTOR","EIF2AK3"
"JAK3","KRAS","EIF2AK3"
"JAK3","RAC1","EIF2AK3"
"JAK3","MAP2K7","EIF2AK3"
"JAK3","TGFBR1","EIF2AK3"
"JAK3","PPP1CA","EIF2AK3"
"JAK3","PDPK1","EIF2AK3"
"JAK3","MAP3K14","EIF2AK3"
"JAK3","RPS6KA1","EIF2AK3"
"JAK3","SGK1","EIF2AK3"
"JAK3","IGF1R","EIF2AK3"
"JAK3","PRKCZ","EIF2AK3"
"JAK3","PAK2","EIF2AK3"
"JAK3","MAPK13","EIF2AK3"
"JAK3","PIK3CA","EIF2AK3"
"JAK3","mTORC1","EIF2AK3"
"JAK3","AHSA1","EIF2AK3"
"JAK3","SGK3","EIF2AK3"
"JAK3","HSP90AB1","EIF2AK3"
"JAK3","SHOC2","EIF2AK3"
"JAK3","PPP2R5C","EIF2AK3"
"JAK3","PAK1","EIF2AK3"
"JAK3","TYK2","EIF2AK3"
"JAK3","ZAP70","EIF2AK3"
"JAK3","DUSP1","EIF2AK3"
"JAK3","TRAF2","EIF2AK3"
"JAK3","MAP2K4","EIF2AK3"
"JAK3","EPHA2","EIF2AK3"
"JAK3","NRAS","EIF2AK3"
"JAK3","AR","EIF2AK3"
"JAK3","DUSP3","EIF2AK3"
"JAK3","MAPK11","EIF2AK3"
"JAK3","UNC5A","EIF2AK3"
"JAK3","PRKCI","EIF2AK3"
"JAK3","CCR2","EIF2AK3"
"JAK3","PSTPIP1","EIF2AK3"
"JAK3","RHEB","EIF2AK3"
"JAK3","DUSP6","EIF2AK3"
"JAK3","INPP5D","EIF2AK3"
"JAK3","CCNE1","EIF2AK3"
"JAK3","IRS2","EIF2AK3"
"JAK3","CDC42","EIF2AK3"
"JAK3","SH2B2","EIF2AK3"
"JAK3","PPP2R5A","EIF2AK3"
"JAK3","CLK2","EIF2AK3"
"JAK3","MDM2","EIF2AK3"
"JAK3","YWHAE","EIF2AK3"
"JAK3","SPRY2","EIF2AK3"
"JAK3","RUNX2","EIF2AK3"
"JAK3","SH2B3","EIF2AK3"
"JAK3","PIK3C3","EIF2AK3"
"JAK3","RND1","EIF2AK3"
"JAK3","WAC","EIF2AK3"
"JAK3","BANP","EIF2AK3"
"JAK3","DCTN6","EIF2AK3"
"JAK3","ACTN1","EIF2AK3"
"JAK3","RGCC","EIF2AK3"
"JAK3","CHUK","INPP5D"
"JAK3","CILK1","INPP5D"
"JAK3","PTEN","INPP5D"
"JAK3","MAPK8","INPP5D"
"JAK3","AKT1","INPP5D"
"JAK3","CSNK2A1","INPP5D"
"JAK3","KRAS","INPP5D"
"JAK3","MAP2K7","INPP5D"
"JAK3","PTPRJ","INPP5D"
"JAK3","TGFBR1","INPP5D"
"JAK3","PPP1CA","INPP5D"
"JAK3","PDPK1","INPP5D"
"JAK3","MAP3K14","INPP5D"
"JAK3","RPS6KA1","INPP5D"
"JAK3","SGK1","INPP5D"
"JAK3","PRKCB","INPP5D"
"JAK3","STK3","INPP5D"
"JAK3","RAB1A","INPP5D"
"JAK3","PRKCZ","INPP5D"
"JAK3","PAK2","INPP5D"
"JAK3","RACK1","INPP5D"
"JAK3","HRAS","INPP5D"
"JAK3","MAPK13","INPP5D"
"JAK3","mTORC1","INPP5D"
"JAK3","AHSA1","INPP5D"
"JAK3","ROCK1","INPP5D"
"JAK3","RASSF1","INPP5D"
"JAK3","BTK","INPP5D"
"JAK3","PTPN11","INPP5D"
"JAK3","SH2B1","INPP5D"
"JAK3","SHOC2","INPP5D"
"JAK3","PPP2R5C","INPP5D"
"JAK3","PAK1","INPP5D"
"JAK3","ZAP70","INPP5D"
"JAK3","DUSP1","INPP5D"
"JAK3","GIT1","INPP5D"
"JAK3","RAB7A","INPP5D"
"JAK3","NRAS","INPP5D"
"JAK3","AR","INPP5D"
"JAK3","DUSP3","INPP5D"
"JAK3","PARD6A","INPP5D"
"JAK3","CCR2","INPP5D"
"JAK3","DAXX","INPP5D"
"JAK3","PIK3R1","INPP5D"
"JAK3","IRS2","INPP5D"
"JAK3","PIK3CG","INPP5D"
"JAK3","SH2B2","INPP5D"
"JAK3","SPRY2","INPP5D"
"JAK3","RUNX2","INPP5D"
"JAK3","RND1","INPP5D"
"JAK3","DCTN6","INPP5D"
"JAK3","ACTN1","INPP5D"
"JAK3","PTEN","IL10RA"
"JAK3","MAPK8","IL10RA"
"JAK3","MTOR","IL10RA"
"JAK3","AKT1","IL10RA"
"JAK3","KRAS","IL10RA"
"JAK3","RAC1","IL10RA"
"JAK3","MAP2K7","IL10RA"
"JAK3","PTPRJ","IL10RA"
"JAK3","TGFBR1","IL10RA"
"JAK3","MAP3K14","IL10RA"
"JAK3","RAB1A","IL10RA"
"JAK3","PRKCZ","IL10RA"
"JAK3","PAK2","IL10RA"
"JAK3","HRAS","IL10RA"
"JAK3","MAPK13","IL10RA"
"JAK3","LEPR","IL10RA"
"JAK3","RPS6KA3","IL10RA"
"JAK3","mTORC1","IL10RA"
"JAK3","AHSA1","IL10RA"
"JAK3","ROCK1","IL10RA"
"JAK3","RASSF1","IL10RA"
"JAK3","BTK","IL10RA"
"JAK3","SGK3","IL10RA"
"JAK3","SHOC2","IL10RA"
"JAK3","PTPN12","IL10RA"
"JAK3","PPP2R5C","IL10RA"
"JAK3","ZAP70","IL10RA"
"JAK3","GIT1","IL10RA"
"JAK3","TRAF2","IL10RA"
"JAK3","MAP2K4","IL10RA"
"JAK3","NRAS","IL10RA"
"JAK3","AR","IL10RA"
"JAK3","DUSP3","IL10RA"
"JAK3","MAPK11","IL10RA"
"JAK3","PRKCI","IL10RA"
"JAK3","PARD6A","IL10RA"
"JAK3","CCR2","IL10RA"
"JAK3","RHEB","IL10RA"
"JAK3","DAXX","IL10RA"
"JAK3","PIK3R1","IL10RA"
"JAK3","PIK3CG","IL10RA"
"JAK3","PPP2R5A","IL10RA"
"JAK3","CLK2","IL10RA"
"JAK3","PLCG1","IL10RA"
"JAK3","PIK3C3","IL10RA"
"JAK3","TIAM1","IL10RA"
"JAK3","ACTN1","IL10RA"
"JAK3","RGCC","IL10RA"
"JAK3","CHUK","FHIT"
"JAK3","CTNNB1","FHIT"
"JAK3","AKT1","FHIT"
"JAK3","CSNK2A1","FHIT"
"JAK3","PLK1","FHIT"
"JAK3","KRAS","FHIT"
"JAK3","MAP2K7","FHIT"
"JAK3","PTPRJ","FHIT"
"JAK3","TGFBR1","FHIT"
"JAK3","PRKCB","FHIT"
"JAK3","STK3","FHIT"
"JAK3","RAB1A","FHIT"
"JAK3","TGFBR2","FHIT"
"JAK3","RACK1","FHIT"
"JAK3","HRAS","FHIT"
"JAK3","PIK3CA","FHIT"
"JAK3","LEPR","FHIT"
"JAK3","RPS6KA3","FHIT"
"JAK3","mTORC1","FHIT"
"JAK3","AHSA1","FHIT"
"JAK3","ROCK1","FHIT"
"JAK3","RASSF1","FHIT"
"JAK3","BTK","FHIT"
"JAK3","SGK3","FHIT"
"JAK3","SH2B1","FHIT"
"JAK3","HSP90AB1","FHIT"
"JAK3","SHOC2","FHIT"
"JAK3","PTPN12","FHIT"
"JAK3","PPP2R5C","FHIT"
"JAK3","ZAP70","FHIT"
"JAK3","GIT1","FHIT"
"JAK3","MAP2K4","FHIT"
"JAK3","NRAS","FHIT"
"JAK3","AR","FHIT"
"JAK3","DUSP3","FHIT"
"JAK3","PARD6A","FHIT"
"JAK3","RHEB","FHIT"
"JAK3","DAXX","FHIT"
"JAK3","DUSP6","FHIT"
"JAK3","PIK3R1","FHIT"
"JAK3","IRS2","FHIT"
"JAK3","CDC42","FHIT"
"JAK3","SH2B2","FHIT"
"JAK3","CLK2","FHIT"
"JAK3","MDM2","FHIT"
"JAK3","PLCG1","FHIT"
"JAK3","SPRY2","FHIT"
"JAK3","SH2B3","FHIT"
"JAK3","RND1","FHIT"
"JAK3","WAC","FHIT"
"JAK3","ACTN1","FHIT"
"JAK3","RGCC","FHIT"
"JAK3","CHUK","GNAI1"
"JAK3","CTNNB1","GNAI1"
"JAK3","MTOR","GNAI1"
"JAK3","AKT1","GNAI1"
"JAK3","KRAS","GNAI1"
"JAK3","RAC1","GNAI1"
"JAK3","MAP2K7","GNAI1"
"JAK3","TGFBR1","GNAI1"
"JAK3","PDPK1","GNAI1"
"JAK3","RPS6KA1","GNAI1"
"JAK3","PRKCB","GNAI1"
"JAK3","STK3","GNAI1"
"JAK3","RAB1A","GNAI1"
"JAK3","PRKCZ","GNAI1"
"JAK3","AKT","GNAI1"
"JAK3","HRAS","GNAI1"
"JAK3","ROCK1","GNAI1"
"JAK3","RASSF1","GNAI1"
"JAK3","BTK","GNAI1"
"JAK3","SGK3","GNAI1"
"JAK3","SH2B1","GNAI1"
"JAK3","PPP2R5C","GNAI1"
"JAK3","PAK1","GNAI1"
"JAK3","DUSP1","GNAI1"
"JAK3","GIT1","GNAI1"
"JAK3","TRAF2","GNAI1"
"JAK3","RAB7A","GNAI1"
"JAK3","EPHA2","GNAI1"
"JAK3","NRAS","GNAI1"
"JAK3","AR","GNAI1"
"JAK3","MAPK11","GNAI1"
"JAK3","UNC5A","GNAI1"
"JAK3","CCR2","GNAI1"
"JAK3","RHEB","GNAI1"
"JAK3","DAXX","GNAI1"
"JAK3","CCNE1","GNAI1"
"JAK3","IRS2","GNAI1"
"JAK3","PIK3CG","GNAI1"
"JAK3","SH2B2","GNAI1"
"JAK3","PPP2R5A","GNAI1"
"JAK3","CLK2","GNAI1"
"JAK3","PLCG1","GNAI1"
"JAK3","SH2B3","GNAI1"
"JAK3","PIK3C3","GNAI1"
"JAK3","RND1","GNAI1"
"JAK3","TIAM1","GNAI1"
"JAK3","ACTN1","GNAI1"
"JAK3","RGCC","GNAI1"
"JAK3","CTNNB1","TNFRSF1A"
"JAK3","PTEN","TNFRSF1A"
"JAK3","MTOR","TNFRSF1A"
"JAK3","AKT1","TNFRSF1A"
"JAK3","PLK1","TNFRSF1A"
"JAK3","PTPRJ","TNFRSF1A"
"JAK3","TGFBR1","TNFRSF1A"
"JAK3","MAP3K14","TNFRSF1A"
"JAK3","RPS6KA1","TNFRSF1A"
"JAK3","SGK1","TNFRSF1A"
"JAK3","IGF1R","TNFRSF1A"
"JAK3","PRKCB","TNFRSF1A"
"JAK3","STK3","TNFRSF1A"
"JAK3","TGFBR2","TNFRSF1A"
"JAK3","PAK2","TNFRSF1A"
"JAK3","AKT","TNFRSF1A"
"JAK3","HRAS","TNFRSF1A"
"JAK3","LEPR","TNFRSF1A"
"JAK3","RPS6KA3","TNFRSF1A"
"JAK3","mTORC1","TNFRSF1A"
"JAK3","RASSF1","TNFRSF1A"
"JAK3","BTK","TNFRSF1A"
"JAK3","PTPN11","TNFRSF1A"
"JAK3","SGK3","TNFRSF1A"
"JAK3","SH2B1","TNFRSF1A"
"JAK3","HSP90AB1","TNFRSF1A"
"JAK3","SHOC2","TNFRSF1A"
"JAK3","PTPN12","TNFRSF1A"
"JAK3","PPP2R5C","TNFRSF1A"
"JAK3","ZAP70","TNFRSF1A"
"JAK3","DUSP1","TNFRSF1A"
"JAK3","GIT1","TNFRSF1A"
"JAK3","MAP2K4","TNFRSF1A"
"JAK3","NRAS","TNFRSF1A"
"JAK3","AR","TNFRSF1A"
"JAK3","UNC5A","TNFRSF1A"
"JAK3","PRKCI","TNFRSF1A"
"JAK3","PARD6A","TNFRSF1A"
"JAK3","CCR2","TNFRSF1A"
"JAK3","PSTPIP1","TNFRSF1A"
"JAK3","RHEB","TNFRSF1A"
"JAK3","DUSP6","TNFRSF1A"
"JAK3","INPP5D","TNFRSF1A"
"JAK3","PIK3R1","TNFRSF1A"
"JAK3","CCNE1","TNFRSF1A"
"JAK3","SH2B2","TNFRSF1A"
"JAK3","CLK2","TNFRSF1A"
"JAK3","MDM2","TNFRSF1A"
"JAK3","YWHAE","TNFRSF1A"
"JAK3","PLCG1","TNFRSF1A"
"JAK3","SPRY2","TNFRSF1A"
"JAK3","SH2B3","TNFRSF1A"
"JAK3","WAC","TNFRSF1A"
"JAK3","BANP","TNFRSF1A"
"JAK3","DCTN6","TNFRSF1A"
"JAK3","ACTN1","TNFRSF1A"
"JAK3","RGCC","TNFRSF1A"
"JAK3","CHUK","ZFYVE9"
"JAK3","CILK1","ZFYVE9"
"JAK3","MAPK8","ZFYVE9"
"JAK3","CSNK2A1","ZFYVE9"
"JAK3","PLK1","ZFYVE9"
"JAK3","KRAS","ZFYVE9"
"JAK3","PPP1CA","ZFYVE9"
"JAK3","PRKCB","ZFYVE9"
"JAK3","MAPK13","ZFYVE9"
"JAK3","PIK3CA","ZFYVE9"
"JAK3","mTORC1","ZFYVE9"
"JAK3","ROCK1","ZFYVE9"
"JAK3","SH2B1","ZFYVE9"
"JAK3","ZAP70","ZFYVE9"
"JAK3","DUSP1","ZFYVE9"
"JAK3","GIT1","ZFYVE9"
"JAK3","TRAF2","ZFYVE9"
"JAK3","NRAS","ZFYVE9"
"JAK3","DUSP3","ZFYVE9"
"JAK3","UNC5A","ZFYVE9"
"JAK3","PTPRA","ZFYVE9"
"JAK3","PSTPIP1","ZFYVE9"
"JAK3","IRS2","ZFYVE9"
"JAK3","CDC42","ZFYVE9"
"JAK3","CLK2","ZFYVE9"
"JAK3","PLCG1","ZFYVE9"
"JAK3","SPRY2","ZFYVE9"
"JAK3","PIK3C3","ZFYVE9"
"JAK3","RND1","ZFYVE9"
"JAK3","TIAM1","ZFYVE9"
"JAK3","DCTN6","ZFYVE9"
"JAK3","ACTN1","ZFYVE9"
"JAK3","RGCC","ZFYVE9"
"JAK3","PTPN11","BCL2L2"
"JAK3","PTPN11","GAB2"
"JAK3","CILK1","PIK3R1"
"JAK3","PTEN","PIK3R1"
"JAK3","MAPK8","PIK3R1"
"JAK3","MTOR","PIK3R1"
"JAK3","AKT1","PIK3R1"
"JAK3","CSNK2A1","PIK3R1"
"JAK3","PLK1","PIK3R1"
"JAK3","KRAS","PIK3R1"
"JAK3","PPP1CA","PIK3R1"
"JAK3","PDPK1","PIK3R1"
"JAK3","RPS6KA1","PIK3R1"
"JAK3","SGK1","PIK3R1"
"JAK3","IGF1R","PIK3R1"
"JAK3","PRKCB","PIK3R1"
"JAK3","TGFBR2","PIK3R1"
"JAK3","PAK2","PIK3R1"
"JAK3","AKT","PIK3R1"
"JAK3","RACK1","PIK3R1"
"JAK3","MAPK13","PIK3R1"
"JAK3","LEPR","PIK3R1"
"JAK3","RPS6KA3","PIK3R1"
"JAK3","AHSA1","PIK3R1"
"JAK3","ROCK1","PIK3R1"
"JAK3","RASSF1","PIK3R1"
"JAK3","PTPN11","PIK3R1"
"JAK3","SH2B1","PIK3R1"
"JAK3","HSP90AB1","PIK3R1"
"JAK3","SHOC2","PIK3R1"
"JAK3","TYK2","PIK3R1"
"JAK3","GIT1","PIK3R1"
"JAK3","TRAF2","PIK3R1"
"JAK3","EPHA2","PIK3R1"
"JAK3","NRAS","PIK3R1"
"JAK3","UNC5A","PIK3R1"
"JAK3","PRKCI","PIK3R1"
"JAK3","PSTPIP1","PIK3R1"
"JAK3","RHEB","PIK3R1"
"JAK3","DAXX","PIK3R1"
"JAK3","INPP5D","PIK3R1"
"JAK3","PIK3CG","PIK3R1"
"JAK3","SH2B2","PIK3R1"
"JAK3","CLK2","PIK3R1"
"JAK3","MDM2","PIK3R1"
"JAK3","YWHAE","PIK3R1"
"JAK3","PLCG1","PIK3R1"
"JAK3","SPRY2","PIK3R1"
"JAK3","RUNX2","PIK3R1"
"JAK3","SH2B3","PIK3R1"
"JAK3","RND1","PIK3R1"
"JAK3","TIAM1","PIK3R1"
"JAK3","WAC","PIK3R1"
"JAK3","ACTN1","PIK3R1"
"JAK3","RGCC","PIK3R1"
"JAK3","CHUK","GNAI3"
"JAK3","CTNNB1","GNAI3"
"JAK3","CILK1","GNAI3"
"JAK3","PTEN","GNAI3"
"JAK3","MTOR","GNAI3"
"JAK3","AKT1","GNAI3"
"JAK3","PLK1","GNAI3"
"JAK3","KRAS","GNAI3"
"JAK3","PTPRJ","GNAI3"
"JAK3","TGFBR1","GNAI3"
"JAK3","PPP1CA","GNAI3"
"JAK3","MAP3K14","GNAI3"
"JAK3","RPS6KA1","GNAI3"
"JAK3","SGK1","GNAI3"
"JAK3","IGF1R","GNAI3"
"JAK3","PRKCB","GNAI3"
"JAK3","STK3","GNAI3"
"JAK3","RAB1A","GNAI3"
"JAK3","PRKCZ","GNAI3"
"JAK3","RACK1","GNAI3"
"JAK3","HRAS","GNAI3"
"JAK3","MAPK13","GNAI3"
"JAK3","PIK3CA","GNAI3"
"JAK3","mTORC1","GNAI3"
"JAK3","ROCK1","GNAI3"
"JAK3","BTK","GNAI3"
"JAK3","SGK3","GNAI3"
"JAK3","SH2B1","GNAI3"
"JAK3","HSP90AB1","GNAI3"
"JAK3","PTPN12","GNAI3"
"JAK3","TYK2","GNAI3"
"JAK3","ZAP70","GNAI3"
"JAK3","GIT1","GNAI3"
"JAK3","TRAF2","GNAI3"
"JAK3","MAP2K4","GNAI3"
"JAK3","AR","GNAI3"
"JAK3","DUSP3","GNAI3"
"JAK3","MAPK11","GNAI3"
"JAK3","PRKCI","GNAI3"
"JAK3","PTPRA","GNAI3"
"JAK3","PSTPIP1","GNAI3"
"JAK3","RHEB","GNAI3"
"JAK3","DUSP6","GNAI3"
"JAK3","CCNE1","GNAI3"
"JAK3","IRS2","GNAI3"
"JAK3","CDC42","GNAI3"
"JAK3","CLK2","GNAI3"
"JAK3","YWHAE","GNAI3"
"JAK3","PIK3C3","GNAI3"
"JAK3","ACTN1","GNAI3"
"JAK3","CTNNB1","IFNAR1"
"JAK3","MAP2K7","IFNAR1"
"JAK3","TGFBR1","IFNAR1"
"JAK3","RAB1A","IFNAR1"
"JAK3","PRKCZ","IFNAR1"
"JAK3","PAK2","IFNAR1"
"JAK3","AKT","IFNAR1"
"JAK3","MAPK13","IFNAR1"
"JAK3","mTORC1","IFNAR1"
"JAK3","SHOC2","IFNAR1"
"JAK3","PAK1","IFNAR1"
"JAK3","ZAP70","IFNAR1"
"JAK3","GIT1","IFNAR1"
"JAK3","MAP2K4","IFNAR1"
"JAK3","AR","IFNAR1"
"JAK3","DUSP3","IFNAR1"
"JAK3","MAPK11","IFNAR1"
"JAK3","PARD6A","IFNAR1"
"JAK3","CCR2","IFNAR1"
"JAK3","PSTPIP1","IFNAR1"
"JAK3","RHEB","IFNAR1"
"JAK3","DAXX","IFNAR1"
"JAK3","DUSP6","IFNAR1"
"JAK3","PIK3R1","IFNAR1"
"JAK3","CCNE1","IFNAR1"
"JAK3","IRS2","IFNAR1"
"JAK3","PPP2R5A","IFNAR1"
"JAK3","RUNX2","IFNAR1"
"JAK3","RND1","IFNAR1"
"JAK3","TIAM1","IFNAR1"
"JAK3","ACTN1","IFNAR1"
"JAK3","CTNNB1","CCNE1"
"JAK3","PTEN","CCNE1"
"JAK3","PDPK1","CCNE1"
"JAK3","MAP3K14","CCNE1"
"JAK3","RPS6KA1","CCNE1"
"JAK3","SGK1","CCNE1"
"JAK3","STK3","CCNE1"
"JAK3","HRAS","CCNE1"
"JAK3","PIK3CA","CCNE1"
"JAK3","BTK","CCNE1"
"JAK3","SGK3","CCNE1"
"JAK3","HSP90AB1","CCNE1"
"JAK3","PTPN12","CCNE1"
"JAK3","PAK1","CCNE1"
"JAK3","ZAP70","CCNE1"
"JAK3","DUSP1","CCNE1"
"JAK3","GIT1","CCNE1"
"JAK3","MAP2K4","CCNE1"
"JAK3","RAB7A","CCNE1"
"JAK3","EPHA2","CCNE1"
"JAK3","DUSP3","CCNE1"
"JAK3","MAPK11","CCNE1"
"JAK3","UNC5A","CCNE1"
"JAK3","PARD6A","CCNE1"
"JAK3","CCR2","CCNE1"
"JAK3","PSTPIP1","CCNE1"
"JAK3","DAXX","CCNE1"
"JAK3","DUSP6","CCNE1"
"JAK3","INPP5D","CCNE1"
"JAK3","IRS2","CCNE1"
"JAK3","CLK2","CCNE1"
"JAK3","YWHAE","CCNE1"
"JAK3","PLCG1","CCNE1"
"JAK3","SPRY2","CCNE1"
"JAK3","PIK3C3","CCNE1"
"JAK3","RND1","CCNE1"
"JAK3","ACTN1","CCNE1"
"JAK3","PTEN","MAP4K5"
"JAK3","MAPK8","MAP4K5"
"JAK3","MTOR","MAP4K5"
"JAK3","AKT1","MAP4K5"
"JAK3","PLK1","MAP4K5"
"JAK3","RAC1","MAP4K5"
"JAK3","MAP2K7","MAP4K5"
"JAK3","PTPRJ","MAP4K5"
"JAK3","TGFBR1","MAP4K5"
"JAK3","MAP3K14","MAP4K5"
"JAK3","PRKCB","MAP4K5"
"JAK3","RAB1A","MAP4K5"
"JAK3","TGFBR2","MAP4K5"
"JAK3","PAK2","MAP4K5"
"JAK3","AKT","MAP4K5"
"JAK3","MAPK13","MAP4K5"
"JAK3","PIK3CA","MAP4K5"
"JAK3","LEPR","MAP4K5"
"JAK3","RPS6KA3","MAP4K5"
"JAK3","mTORC1","MAP4K5"
"JAK3","ROCK1","MAP4K5"
"JAK3","BTK","MAP4K5"
"JAK3","SH2B1","MAP4K5"
"JAK3","SHOC2","MAP4K5"
"JAK3","PTPN12","MAP4K5"
"JAK3","PAK1","MAP4K5"
"JAK3","TYK2","MAP4K5"
"JAK3","ZAP70","MAP4K5"
"JAK3","TRAF2","MAP4K5"
"JAK3","MAP2K4","MAP4K5"
"JAK3","RAB7A","MAP4K5"
"JAK3","EPHA2","MAP4K5"
"JAK3","NRAS","MAP4K5"
"JAK3","AR","MAP4K5"
"JAK3","UNC5A","MAP4K5"
"JAK3","PRKCI","MAP4K5"
"JAK3","PARD6A","MAP4K5"
"JAK3","PTPRA","MAP4K5"
"JAK3","CCR2","MAP4K5"
"JAK3","PSTPIP1","MAP4K5"
"JAK3","DAXX","MAP4K5"
"JAK3","PIK3R1","MAP4K5"
"JAK3","CDC42","MAP4K5"
"JAK3","PIK3CG","MAP4K5"
"JAK3","CLK2","MAP4K5"
"JAK3","MDM2","MAP4K5"
"JAK3","RUNX2","MAP4K5"
"JAK3","SH2B3","MAP4K5"
"JAK3","WAC","MAP4K5"
"JAK3","DCTN6","MAP4K5"
"JAK3","RGCC","MAP4K5"
"JAK3","CILK1","EPHB1"
"JAK3","MAPK8","EPHB1"
"JAK3","AKT1","EPHB1"
"JAK3","RAC1","EPHB1"
"JAK3","TGFBR1","EPHB1"
"JAK3","PPP1CA","EPHB1"
"JAK3","PDPK1","EPHB1"
"JAK3","RAB1A","EPHB1"
"JAK3","PRKCZ","EPHB1"
"JAK3","TGFBR2","EPHB1"
"JAK3","AKT","EPHB1"
"JAK3","HRAS","EPHB1"
"JAK3","MAPK13","EPHB1"
"JAK3","PIK3CA","EPHB1"
"JAK3","RPS6KA3","EPHB1"
"JAK3","mTORC1","EPHB1"
"JAK3","AHSA1","EPHB1"
"JAK3","ROCK1","EPHB1"
"JAK3","BTK","EPHB1"
"JAK3","SGK3","EPHB1"
"JAK3","SH2B1","EPHB1"
"JAK3","SHOC2","EPHB1"
"JAK3","PTPN12","EPHB1"
"JAK3","PAK1","EPHB1"
"JAK3","ZAP70","EPHB1"
"JAK3","DUSP1","EPHB1"
"JAK3","GIT1","EPHB1"
"JAK3","NRAS","EPHB1"
"JAK3","PARD6A","EPHB1"
"JAK3","PSTPIP1","EPHB1"
"JAK3","PIK3R1","EPHB1"
"JAK3","SH2B2","EPHB1"
"JAK3","CLK2","EPHB1"
"JAK3","SPRY2","EPHB1"
"JAK3","DCTN6","EPHB1"
"JAK3","ACTN1","EPHB1"
"JAK3","RGCC","EPHB1"
"JAK3","CILK1","BCAR1"
"JAK3","MAPK8","BCAR1"
"JAK3","MAP2K7","BCAR1"
"JAK3","SGK1","BCAR1"
"JAK3","IGF1R","BCAR1"
"JAK3","PRKCZ","BCAR1"
"JAK3","HRAS","BCAR1"
"JAK3","PIK3CA","BCAR1"
"JAK3","LEPR","BCAR1"
"JAK3","RPS6KA3","BCAR1"
"JAK3","ROCK1","BCAR1"
"JAK3","RASSF1","BCAR1"
"JAK3","BTK","BCAR1"
"JAK3","SGK3","BCAR1"
"JAK3","SH2B1","BCAR1"
"JAK3","HSP90AB1","BCAR1"
"JAK3","SHOC2","BCAR1"
"JAK3","PTPN12","BCAR1"
"JAK3","PPP2R5C","BCAR1"
"JAK3","PAK1","BCAR1"
"JAK3","TYK2","BCAR1"
"JAK3","GIT1","BCAR1"
"JAK3","TRAF2","BCAR1"
"JAK3","EPHA2","BCAR1"
"JAK3","AR","BCAR1"
"JAK3","DUSP3","BCAR1"
"JAK3","UNC5A","BCAR1"
"JAK3","PARD6A","BCAR1"
"JAK3","PTPRA","BCAR1"
"JAK3","CCR2","BCAR1"
"JAK3","PSTPIP1","BCAR1"
"JAK3","RHEB","BCAR1"
"JAK3","DAXX","BCAR1"
"JAK3","PIK3R1","BCAR1"
"JAK3","IRS2","BCAR1"
"JAK3","PIK3CG","BCAR1"
"JAK3","SH2B2","BCAR1"
"JAK3","PPP2R5A","BCAR1"
"JAK3","CLK2","BCAR1"
"JAK3","MDM2","BCAR1"
"JAK3","YWHAE","BCAR1"
"JAK3","PLCG1","BCAR1"
"JAK3","SPRY2","BCAR1"
"JAK3","RND1","BCAR1"
"JAK3","TIAM1","BCAR1"
"JAK3","WAC","BCAR1"
"JAK3","ACTN1","BCAR1"
"JAK3","CHUK","RAPH1"
"JAK3","CTNNB1","RAPH1"
"JAK3","CILK1","RAPH1"
"JAK3","MAPK8","RAPH1"
"JAK3","CSNK2A1","RAPH1"
"JAK3","PLK1","RAPH1"
"JAK3","KRAS","RAPH1"
"JAK3","RAC1","RAPH1"
"JAK3","PPP1CA","RAPH1"
"JAK3","PDPK1","RAPH1"
"JAK3","MAP3K14","RAPH1"
"JAK3","RPS6KA1","RAPH1"
"JAK3","SGK1","RAPH1"
"JAK3","IGF1R","RAPH1"
"JAK3","PRKCZ","RAPH1"
"JAK3","TGFBR2","RAPH1"
"JAK3","AKT","RAPH1"
"JAK3","MAPK13","RAPH1"
"JAK3","PIK3CA","RAPH1"
"JAK3","LEPR","RAPH1"
"JAK3","AHSA1","RAPH1"
"JAK3","ROCK1","RAPH1"
"JAK3","BTK","RAPH1"
"JAK3","SH2B1","RAPH1"
"JAK3","HSP90AB1","RAPH1"
"JAK3","SHOC2","RAPH1"
"JAK3","PTPN12","RAPH1"
"JAK3","PAK1","RAPH1"
"JAK3","TYK2","RAPH1"
"JAK3","ZAP70","RAPH1"
"JAK3","DUSP1","RAPH1"
"JAK3","GIT1","RAPH1"
"JAK3","RAB7A","RAPH1"
"JAK3","EPHA2","RAPH1"
"JAK3","AR","RAPH1"
"JAK3","DUSP3","RAPH1"
"JAK3","PRKCI","RAPH1"
"JAK3","PARD6A","RAPH1"
"JAK3","PSTPIP1","RAPH1"
"JAK3","RHEB","RAPH1"
"JAK3","DAXX","RAPH1"
"JAK3","DUSP6","RAPH1"
"JAK3","CCNE1","RAPH1"
"JAK3","IRS2","RAPH1"
"JAK3","PIK3CG","RAPH1"
"JAK3","SH2B2","RAPH1"
"JAK3","PPP2R5A","RAPH1"
"JAK3","CLK2","RAPH1"
"JAK3","MDM2","RAPH1"
"JAK3","PLCG1","RAPH1"
"JAK3","PIK3C3","RAPH1"
"JAK3","RND1","RAPH1"
"JAK3","TIAM1","RAPH1"
"JAK3","WAC","RAPH1"
"JAK3","BANP","RAPH1"
"JAK3","DCTN6","RAPH1"
"JAK3","RGCC","RAPH1"
"JAK3","CTNNB1","PPARG"
"JAK3","PTEN","PPARG"
"JAK3","MTOR","PPARG"
"JAK3","AKT1","PPARG"
"JAK3","CSNK2A1","PPARG"
"JAK3","PLK1","PPARG"
"JAK3","PTPRJ","PPARG"
"JAK3","TGFBR1","PPARG"
"JAK3","MAP3K14","PPARG"
"JAK3","PRKCB","PPARG"
"JAK3","STK3","PPARG"
"JAK3","PRKCZ","PPARG"
"JAK3","PAK2","PPARG"
"JAK3","RACK1","PPARG"
"JAK3","HRAS","PPARG"
"JAK3","MAPK13","PPARG"
"JAK3","PIK3CA","PPARG"
"JAK3","LEPR","PPARG"
"JAK3","RPS6KA3","PPARG"
"JAK3","ROCK1","PPARG"
"JAK3","RASSF1","PPARG"
"JAK3","PTPN11","PPARG"
"JAK3","HSP90AB1","PPARG"
"JAK3","SHOC2","PPARG"
"JAK3","ZAP70","PPARG"
"JAK3","TRAF2","PPARG"
"JAK3","MAP2K4","PPARG"
"JAK3","RAB7A","PPARG"
"JAK3","EPHA2","PPARG"
"JAK3","NRAS","PPARG"
"JAK3","AR","PPARG"
"JAK3","DUSP3","PPARG"
"JAK3","MAPK11","PPARG"
"JAK3","PRKCI","PPARG"
"JAK3","PARD6A","PPARG"
"JAK3","PSTPIP1","PPARG"
"JAK3","RHEB","PPARG"
"JAK3","DAXX","PPARG"
"JAK3","PIK3R1","PPARG"
"JAK3","CDC42","PPARG"
"JAK3","PIK3CG","PPARG"
"JAK3","SH2B2","PPARG"
"JAK3","PPP2R5A","PPARG"
"JAK3","CLK2","PPARG"
"JAK3","MDM2","PPARG"
"JAK3","PLCG1","PPARG"
"JAK3","RUNX2","PPARG"
"JAK3","PIK3C3","PPARG"
"JAK3","RND1","PPARG"
"JAK3","WAC","PPARG"
"JAK3","BANP","PPARG"
"JAK3","ACTN1","PPARG"
"JAK3","RGCC","PPARG"
"JAK3","CHUK","DLG4"
"JAK3","CTNNB1","DLG4"
"JAK3","PTEN","DLG4"
"JAK3","MAPK8","DLG4"
"JAK3","MTOR","DLG4"
"JAK3","PLK1","DLG4"
"JAK3","RAC1","DLG4"
"JAK3","TGFBR1","DLG4"
"JAK3","PPP1CA","DLG4"
"JAK3","PDPK1","DLG4"
"JAK3","RPS6KA1","DLG4"
"JAK3","IGF1R","DLG4"
"JAK3","STK3","DLG4"
"JAK3","PAK2","DLG4"
"JAK3","AKT","DLG4"
"JAK3","LEPR","DLG4"
"JAK3","mTORC1","DLG4"
"JAK3","BTK","DLG4"
"JAK3","SGK3","DLG4"
"JAK3","HSP90AB1","DLG4"
"JAK3","SHOC2","DLG4"
"JAK3","PTPN12","DLG4"
"JAK3","PPP2R5C","DLG4"
"JAK3","TYK2","DLG4"
"JAK3","ZAP70","DLG4"
"JAK3","EPHA2","DLG4"
"JAK3","AR","DLG4"
"JAK3","UNC5A","DLG4"
"JAK3","PRKCI","DLG4"
"JAK3","PARD6A","DLG4"
"JAK3","PTPRA","DLG4"
"JAK3","CCR2","DLG4"
"JAK3","PSTPIP1","DLG4"
"JAK3","RHEB","DLG4"
"JAK3","DUSP6","DLG4"
"JAK3","INPP5D","DLG4"
"JAK3","PIK3R1","DLG4"
"JAK3","IRS2","DLG4"
"JAK3","SH2B2","DLG4"
"JAK3","PPP2R5A","DLG4"
"JAK3","CLK2","DLG4"
"JAK3","MDM2","DLG4"
"JAK3","YWHAE","DLG4"
"JAK3","PLCG1","DLG4"
"JAK3","SH2B3","DLG4"
"JAK3","RND1","DLG4"
"JAK3","TIAM1","DLG4"
"JAK3","BANP","DLG4"
"JAK3","DCTN6","DLG4"
"JAK3","ACTN1","DLG4"
"JAK3","CTNNB1","IMPDH2"
"JAK3","CILK1","IMPDH2"
"JAK3","MAPK8","IMPDH2"
"JAK3","CSNK2A1","IMPDH2"
"JAK3","PLK1","IMPDH2"
"JAK3","KRAS","IMPDH2"
"JAK3","MAP3K14","IMPDH2"
"JAK3","SGK1","IMPDH2"
"JAK3","IGF1R","IMPDH2"
"JAK3","STK3","IMPDH2"
"JAK3","RAB1A","IMPDH2"
"JAK3","PAK2","IMPDH2"
"JAK3","MAPK13","IMPDH2"
"JAK3","LEPR","IMPDH2"
"JAK3","RPS6KA3","IMPDH2"
"JAK3","AHSA1","IMPDH2"
"JAK3","RASSF1","IMPDH2"
"JAK3","BTK","IMPDH2"
"JAK3","PTPN11","IMPDH2"
"JAK3","SGK3","IMPDH2"
"JAK3","SHOC2","IMPDH2"
"JAK3","PTPN12","IMPDH2"
"JAK3","PPP2R5C","IMPDH2"
"JAK3","PAK1","IMPDH2"
"JAK3","ZAP70","IMPDH2"
"JAK3","GIT1","IMPDH2"
"JAK3","MAP2K4","IMPDH2"
"JAK3","RAB7A","IMPDH2"
"JAK3","UNC5A","IMPDH2"
"JAK3","PRKCI","IMPDH2"
"JAK3","PTPRA","IMPDH2"
"JAK3","PSTPIP1","IMPDH2"
"JAK3","DAXX","IMPDH2"
"JAK3","PPP2R5A","IMPDH2"
"JAK3","PTEN","GPHN"
"JAK3","MTOR","GPHN"
"JAK3","KRAS","GPHN"
"JAK3","RAC1","GPHN"
"JAK3","PTPRJ","GPHN"
"JAK3","RPS6KA1","GPHN"
"JAK3","IGF1R","GPHN"
"JAK3","TGFBR2","GPHN"
"JAK3","AKT","GPHN"
"JAK3","RACK1","GPHN"
"JAK3","MAPK13","GPHN"
"JAK3","BTK","GPHN"
"JAK3","PTPN11","GPHN"
"JAK3","SH2B1","GPHN"
"JAK3","ZAP70","GPHN"
"JAK3","DUSP1","GPHN"
"JAK3","MAP2K4","GPHN"
"JAK3","EPHA2","GPHN"
"JAK3","PARD6A","GPHN"
"JAK3","PSTPIP1","GPHN"
"JAK3","PIK3R1","GPHN"
"JAK3","PPP2R5A","GPHN"
"JAK3","RUNX2","GPHN"
"JAK3","RND1","GPHN"
"JAK3","RGCC","GPHN"
"JAK3","PTEN","RUNX1"
"JAK3","MTOR","RUNX1"
"JAK3","AKT1","RUNX1"
"JAK3","CSNK2A1","RUNX1"
"JAK3","RAC1","RUNX1"
"JAK3","PTPRJ","RUNX1"
"JAK3","TGFBR1","RUNX1"
"JAK3","PPP1CA","RUNX1"
"JAK3","IGF1R","RUNX1"
"JAK3","PRKCB","RUNX1"
"JAK3","STK3","RUNX1"
"JAK3","TGFBR2","RUNX1"
"JAK3","MAPK13","RUNX1"
"JAK3","LEPR","RUNX1"
"JAK3","AHSA1","RUNX1"
"JAK3","ROCK1","RUNX1"
"JAK3","HSP90AB1","RUNX1"
"JAK3","SHOC2","RUNX1"
"JAK3","PTPN12","RUNX1"
"JAK3","PPP2R5C","RUNX1"
"JAK3","ZAP70","RUNX1"
"JAK3","DUSP1","RUNX1"
"JAK3","GIT1","RUNX1"
"JAK3","MAP2K4","RUNX1"
"JAK3","RAB7A","RUNX1"
"JAK3","EPHA2","RUNX1"
"JAK3","AR","RUNX1"
"JAK3","DUSP3","RUNX1"
"JAK3","PRKCI","RUNX1"
"JAK3","PSTPIP1","RUNX1"
"JAK3","RHEB","RUNX1"
"JAK3","DAXX","RUNX1"
"JAK3","INPP5D","RUNX1"
"JAK3","CCNE1","RUNX1"
"JAK3","PIK3CG","RUNX1"
"JAK3","SH2B2","RUNX1"
"JAK3","PPP2R5A","RUNX1"
"JAK3","YWHAE","RUNX1"
"JAK3","PLCG1","RUNX1"
"JAK3","SPRY2","RUNX1"
"JAK3","SH2B3","RUNX1"
"JAK3","PIK3C3","RUNX1"
"JAK3","WAC","RUNX1"
"JAK3","BANP","RUNX1"
"JAK3","DCTN6","RUNX1"
"JAK3","ACTN1","RUNX1"
"JAK3","CHUK","TCF3"
"JAK3","CTNNB1","TCF3"
"JAK3","MTOR","TCF3"
"JAK3","CSNK2A1","TCF3"
"JAK3","PLK1","TCF3"
"JAK3","KRAS","TCF3"
"JAK3","RAC1","TCF3"
"JAK3","MAP3K14","TCF3"
"JAK3","RPS6KA1","TCF3"
"JAK3","STK3","TCF3"
"JAK3","RAB1A","TCF3"
"JAK3","RACK1","TCF3"
"JAK3","HRAS","TCF3"
"JAK3","LEPR","TCF3"
"JAK3","RPS6KA3","TCF3"
"JAK3","ROCK1","TCF3"
"JAK3","RASSF1","TCF3"
"JAK3","HSP90AB1","TCF3"
"JAK3","TYK2","TCF3"
"JAK3","RAB7A","TCF3"
"JAK3","EPHA2","TCF3"
"JAK3","NRAS","TCF3"
"JAK3","AR","TCF3"
"JAK3","DUSP3","TCF3"
"JAK3","PRKCI","TCF3"
"JAK3","PARD6A","TCF3"
"JAK3","PTPRA","TCF3"
"JAK3","CCNE1","TCF3"
"JAK3","PIK3CG","TCF3"
"JAK3","PPP2R5A","TCF3"
"JAK3","CLK2","TCF3"
"JAK3","MDM2","TCF3"
"JAK3","RUNX2","TCF3"
"JAK3","PIK3C3","TCF3"
"JAK3","RND1","TCF3"
"JAK3","TIAM1","TCF3"
"JAK3","WAC","TCF3"
"JAK3","BANP","TCF3"
"JAK3","ACTN1","TCF3"
"JAK3","RGCC","TCF3"
"JAK3","CHUK","PTPRT"
"JAK3","CTNNB1","PTPRT"
"JAK3","PTEN","PTPRT"
"JAK3","MAPK8","PTPRT"
"JAK3","MTOR","PTPRT"
"JAK3","AKT1","PTPRT"
"JAK3","CSNK2A1","PTPRT"
"JAK3","PLK1","PTPRT"
"JAK3","KRAS","PTPRT"
"JAK3","RAC1","PTPRT"
"JAK3","MAP2K7","PTPRT"
"JAK3","PTPRJ","PTPRT"
"JAK3","TGFBR1","PTPRT"
"JAK3","PPP1CA","PTPRT"
"JAK3","PDPK1","PTPRT"
"JAK3","MAP3K14","PTPRT"
"JAK3","RPS6KA1","PTPRT"
"JAK3","IGF1R","PTPRT"
"JAK3","STK3","PTPRT"
"JAK3","PRKCZ","PTPRT"
"JAK3","TGFBR2","PTPRT"
"JAK3","PAK2","PTPRT"
"JAK3","AKT","PTPRT"
"JAK3","RACK1","PTPRT"
"JAK3","HRAS","PTPRT"
"JAK3","MAPK13","PTPRT"
"JAK3","PIK3CA","PTPRT"
"JAK3","LEPR","PTPRT"
"JAK3","RPS6KA3","PTPRT"
"JAK3","AHSA1","PTPRT"
"JAK3","SGK3","PTPRT"
"JAK3","HSP90AB1","PTPRT"
"JAK3","SHOC2","PTPRT"
"JAK3","PTPN12","PTPRT"
"JAK3","PAK1","PTPRT"
"JAK3","DUSP1","PTPRT"
"JAK3","TRAF2","PTPRT"
"JAK3","MAP2K4","PTPRT"
"JAK3","RAB7A","PTPRT"
"JAK3","MAPK11","PTPRT"
"JAK3","PSTPIP1","PTPRT"
"JAK3","DAXX","PTPRT"
"JAK3","DUSP6","PTPRT"
"JAK3","INPP5D","PTPRT"
"JAK3","PIK3R1","PTPRT"
"JAK3","CDC42","PTPRT"
"JAK3","PIK3CG","PTPRT"
"JAK3","PPP2R5A","PTPRT"
"JAK3","CLK2","PTPRT"
"JAK3","PLCG1","PTPRT"
"JAK3","SPRY2","PTPRT"
"JAK3","RUNX2","PTPRT"
"JAK3","PIK3C3","PTPRT"
"JAK3","RND1","PTPRT"
"JAK3","TIAM1","PTPRT"
"JAK3","WAC","PTPRT"
"JAK3","BANP","PTPRT"
"JAK3","DCTN6","PTPRT"
"JAK3","ACTN1","PTPRT"
"JAK3","RGCC","PTPRT"
"JAK3","CHUK","IRS2"
"JAK3","CILK1","IRS2"
"JAK3","PTEN","IRS2"
"JAK3","MAPK8","IRS2"
"JAK3","CSNK2A1","IRS2"
"JAK3","PLK1","IRS2"
"JAK3","KRAS","IRS2"
"JAK3","PPP1CA","IRS2"
"JAK3","SGK1","IRS2"
"JAK3","STK3","IRS2"
"JAK3","MAPK13","IRS2"
"JAK3","AHSA1","IRS2"
"JAK3","RASSF1","IRS2"
"JAK3","DUSP1","IRS2"
"JAK3","GIT1","IRS2"
"JAK3","TRAF2","IRS2"
"JAK3","MAP2K4","IRS2"
"JAK3","AR","IRS2"
"JAK3","MAPK11","IRS2"
"JAK3","CCR2","IRS2"
"JAK3","RHEB","IRS2"
"JAK3","PIK3CG","IRS2"
"JAK3","SH2B2","IRS2"
"JAK3","YWHAE","IRS2"
"JAK3","SH2B3","IRS2"
"JAK3","PIK3C3","IRS2"
"JAK3","WAC","IRS2"
"JAK3","BANP","IRS2"
"JAK3","DCTN6","IRS2"
"JAK3","CHUK","CDC42"
"JAK3","CTNNB1","CDC42"
"JAK3","CILK1","CDC42"
"JAK3","MTOR","CDC42"
"JAK3","AKT1","CDC42"
"JAK3","CSNK2A1","CDC42"
"JAK3","PTPRJ","CDC42"
"JAK3","MAP3K14","CDC42"
"JAK3","SGK1","CDC42"
"JAK3","STK3","CDC42"
"JAK3","RAB1A","CDC42"
"JAK3","RACK1","CDC42"
"JAK3","mTORC1","CDC42"
"JAK3","ROCK1","CDC42"
"JAK3","BTK","CDC42"
"JAK3","PTPN12","CDC42"
"JAK3","PAK1","CDC42"
"JAK3","TYK2","CDC42"
"JAK3","ZAP70","CDC42"
"JAK3","GIT1","CDC42"
"JAK3","RAB7A","CDC42"
"JAK3","PRKCI","CDC42"
"JAK3","PTPRA","CDC42"
"JAK3","CCR2","CDC42"
"JAK3","DUSP6","CDC42"
"JAK3","PIK3R1","CDC42"
"JAK3","CCNE1","CDC42"
"JAK3","IRS2","CDC42"
"JAK3","SH2B2","CDC42"
"JAK3","CLK2","CDC42"
"JAK3","YWHAE","CDC42"
"JAK3","SPRY2","CDC42"
"JAK3","RUNX2","CDC42"
"JAK3","SH2B3","CDC42"
"JAK3","RND1","CDC42"
"JAK3","WAC","CDC42"
"JAK3","ACTN1","CDC42"
"JAK3","RGCC","CDC42"
"JAK3","CHUK","PIK3CG"
"JAK3","CTNNB1","PIK3CG"
"JAK3","CILK1","PIK3CG"
"JAK3","PLK1","PIK3CG"
"JAK3","RAC1","PIK3CG"
"JAK3","PTPRJ","PIK3CG"
"JAK3","PPP1CA","PIK3CG"
"JAK3","PDPK1","PIK3CG"
"JAK3","SGK1","PIK3CG"
"JAK3","IGF1R","PIK3CG"
"JAK3","PRKCB","PIK3CG"
"JAK3","STK3","PIK3CG"
"JAK3","RAB1A","PIK3CG"
"JAK3","LEPR","PIK3CG"
"JAK3","mTORC1","PIK3CG"
"JAK3","SH2B1","PIK3CG"
"JAK3","HSP90AB1","PIK3CG"
"JAK3","PTPN12","PIK3CG"
"JAK3","PAK1","PIK3CG"
"JAK3","ZAP70","PIK3CG"
"JAK3","DUSP1","PIK3CG"
"JAK3","TRAF2","PIK3CG"
"JAK3","MAP2K4","PIK3CG"
"JAK3","RAB7A","PIK3CG"
"JAK3","DUSP3","PIK3CG"
"JAK3","UNC5A","PIK3CG"
"JAK3","PARD6A","PIK3CG"
"JAK3","PSTPIP1","PIK3CG"
"JAK3","DAXX","PIK3CG"
"JAK3","DUSP6","PIK3CG"
"JAK3","INPP5D","PIK3CG"
"JAK3","CCNE1","PIK3CG"
"JAK3","CDC42","PIK3CG"
"JAK3","SH2B2","PIK3CG"
"JAK3","PPP2R5A","PIK3CG"
"JAK3","SPRY2","PIK3CG"
"JAK3","RUNX2","PIK3CG"
"JAK3","PIK3C3","PIK3CG"
"JAK3","TIAM1","PIK3CG"
"JAK3","WAC","PIK3CG"
"JAK3","BANP","PIK3CG"
"JAK3","DCTN6","PIK3CG"
"JAK3","RGCC","PIK3CG"
"JAK3","CTNNB1","PIK3CB"
"JAK3","PTEN","PIK3CB"
"JAK3","MTOR","PIK3CB"
"JAK3","CSNK2A1","PIK3CB"
"JAK3","PLK1","PIK3CB"
"JAK3","KRAS","PIK3CB"
"JAK3","MAP2K7","PIK3CB"
"JAK3","SGK1","PIK3CB"
"JAK3","IGF1R","PIK3CB"
"JAK3","PRKCB","PIK3CB"
"JAK3","STK3","PIK3CB"
"JAK3","PRKCZ","PIK3CB"
"JAK3","TGFBR2","PIK3CB"
"JAK3","PAK2","PIK3CB"
"JAK3","AKT","PIK3CB"
"JAK3","RPS6KA3","PIK3CB"
"JAK3","mTORC1","PIK3CB"
"JAK3","ROCK1","PIK3CB"
"JAK3","BTK","PIK3CB"
"JAK3","SGK3","PIK3CB"
"JAK3","SH2B1","PIK3CB"
"JAK3","HSP90AB1","PIK3CB"
"JAK3","PTPN12","PIK3CB"
"JAK3","PAK1","PIK3CB"
"JAK3","TYK2","PIK3CB"
"JAK3","TRAF2","PIK3CB"
"JAK3","RAB7A","PIK3CB"
"JAK3","EPHA2","PIK3CB"
"JAK3","AR","PIK3CB"
"JAK3","PRKCI","PIK3CB"
"JAK3","PARD6A","PIK3CB"
"JAK3","PTPRA","PIK3CB"
"JAK3","PSTPIP1","PIK3CB"
"JAK3","PPP2R5A","PIK3CB"
"JAK3","PLCG1","PIK3CB"
"JAK3","PIK3C3","PIK3CB"
"JAK3","ACTN1","PIK3CB"
"JAK3","CILK1","FHOD1"
"JAK3","MTOR","FHOD1"
"JAK3","PLK1","FHOD1"
"JAK3","KRAS","FHOD1"
"JAK3","RAC1","FHOD1"
"JAK3","PTPRJ","FHOD1"
"JAK3","PPP1CA","FHOD1"
"JAK3","PDPK1","FHOD1"
"JAK3","MAP3K14","FHOD1"
"JAK3","PRKCB","FHOD1"
"JAK3","STK3","FHOD1"
"JAK3","PRKCZ","FHOD1"
"JAK3","TGFBR2","FHOD1"
"JAK3","PAK2","FHOD1"
"JAK3","PIK3CA","FHOD1"
"JAK3","ROCK1","FHOD1"
"JAK3","BTK","FHOD1"
"JAK3","SH2B1","FHOD1"
"JAK3","PTPN12","FHOD1"
"JAK3","PPP2R5C","FHOD1"
"JAK3","PAK1","FHOD1"
"JAK3","TYK2","FHOD1"
"JAK3","GIT1","FHOD1"
"JAK3","MAP2K4","FHOD1"
"JAK3","EPHA2","FHOD1"
"JAK3","DUSP3","FHOD1"
"JAK3","MAPK11","FHOD1"
"JAK3","UNC5A","FHOD1"
"JAK3","PRKCI","FHOD1"
"JAK3","PTPRA","FHOD1"
"JAK3","CCR2","FHOD1"
"JAK3","PSTPIP1","FHOD1"
"JAK3","DAXX","FHOD1"
"JAK3","DUSP6","FHOD1"
"JAK3","PIK3R1","FHOD1"
"JAK3","CCNE1","FHOD1"
"JAK3","IRS2","FHOD1"
"JAK3","CDC42","FHOD1"
"JAK3","PIK3CG","FHOD1"
"JAK3","SH2B2","FHOD1"
"JAK3","YWHAE","FHOD1"
"JAK3","SPRY2","FHOD1"
"JAK3","RUNX2","FHOD1"
"JAK3","TIAM1","FHOD1"
"JAK3","BANP","FHOD1"
"JAK3","DCTN6","FHOD1"
"JAK3","RGCC","FHOD1"
"JAK3","CHUK","GRM1"
"JAK3","CTNNB1","GRM1"
"JAK3","PTEN","GRM1"
"JAK3","MAPK8","GRM1"
"JAK3","AKT1","GRM1"
"JAK3","RAC1","GRM1"
"JAK3","MAP2K7","GRM1"
"JAK3","PTPRJ","GRM1"
"JAK3","TGFBR1","GRM1"
"JAK3","PDPK1","GRM1"
"JAK3","MAP3K14","GRM1"
"JAK3","RPS6KA1","GRM1"
"JAK3","SGK1","GRM1"
"JAK3","IGF1R","GRM1"
"JAK3","PRKCB","GRM1"
"JAK3","RAB1A","GRM1"
"JAK3","PRKCZ","GRM1"
"JAK3","TGFBR2","GRM1"
"JAK3","PAK2","GRM1"
"JAK3","RACK1","GRM1"
"JAK3","HRAS","GRM1"
"JAK3","RPS6KA3","GRM1"
"JAK3","mTORC1","GRM1"
"JAK3","AHSA1","GRM1"
"JAK3","RASSF1","GRM1"
"JAK3","BTK","GRM1"
"JAK3","SGK3","GRM1"
"JAK3","SH2B1","GRM1"
"JAK3","HSP90AB1","GRM1"
"JAK3","SHOC2","GRM1"
"JAK3","PTPN12","GRM1"
"JAK3","PPP2R5C","GRM1"
"JAK3","TYK2","GRM1"
"JAK3","GIT1","GRM1"
"JAK3","EPHA2","GRM1"
"JAK3","DUSP3","GRM1"
"JAK3","MAPK11","GRM1"
"JAK3","UNC5A","GRM1"
"JAK3","CCR2","GRM1"
"JAK3","INPP5D","GRM1"
"JAK3","CCNE1","GRM1"
"JAK3","IRS2","GRM1"
"JAK3","PPP2R5A","GRM1"
"JAK3","CLK2","GRM1"
"JAK3","MDM2","GRM1"
"JAK3","YWHAE","GRM1"
"JAK3","SH2B3","GRM1"
"JAK3","RND1","GRM1"
"JAK3","WAC","GRM1"
"JAK3","CHUK","CNKSR1"
"JAK3","CILK1","CNKSR1"
"JAK3","CSNK2A1","CNKSR1"
"JAK3","PLK1","CNKSR1"
"JAK3","MAP2K7","CNKSR1"
"JAK3","TGFBR1","CNKSR1"
"JAK3","PPP1CA","CNKSR1"
"JAK3","SGK1","CNKSR1"
"JAK3","STK3","CNKSR1"
"JAK3","RAB1A","CNKSR1"
"JAK3","MAPK13","CNKSR1"
"JAK3","AHSA1","CNKSR1"
"JAK3","BTK","CNKSR1"
"JAK3","SGK3","CNKSR1"
"JAK3","HSP90AB1","CNKSR1"
"JAK3","SHOC2","CNKSR1"
"JAK3","PTPN12","CNKSR1"
"JAK3","PAK1","CNKSR1"
"JAK3","TYK2","CNKSR1"
"JAK3","ZAP70","CNKSR1"
"JAK3","GIT1","CNKSR1"
"JAK3","MAP2K4","CNKSR1"
"JAK3","RAB7A","CNKSR1"
"JAK3","EPHA2","CNKSR1"
"JAK3","NRAS","CNKSR1"
"JAK3","AR","CNKSR1"
"JAK3","UNC5A","CNKSR1"
"JAK3","PARD6A","CNKSR1"
"JAK3","CCR2","CNKSR1"
"JAK3","DAXX","CNKSR1"
"JAK3","DUSP6","CNKSR1"
"JAK3","INPP5D","CNKSR1"
"JAK3","CDC42","CNKSR1"
"JAK3","SH2B2","CNKSR1"
"JAK3","CLK2","CNKSR1"
"JAK3","MDM2","CNKSR1"
"JAK3","YWHAE","CNKSR1"
"JAK3","PLCG1","CNKSR1"
"JAK3","SPRY2","CNKSR1"
"JAK3","SH2B3","CNKSR1"
"JAK3","PIK3C3","CNKSR1"
"JAK3","RND1","CNKSR1"
"JAK3","TIAM1","CNKSR1"
"JAK3","WAC","CNKSR1"
"JAK3","ACTN1","CNKSR1"
"JAK3","RGCC","CNKSR1"
"JAK3","CHUK","SH2B2"
"JAK3","CILK1","SH2B2"
"JAK3","MAPK8","SH2B2"
"JAK3","MTOR","SH2B2"
"JAK3","AKT1","SH2B2"
"JAK3","PLK1","SH2B2"
"JAK3","MAP2K7","SH2B2"
"JAK3","PTPRJ","SH2B2"
"JAK3","PPP1CA","SH2B2"
"JAK3","MAP3K14","SH2B2"
"JAK3","RPS6KA1","SH2B2"
"JAK3","SGK1","SH2B2"
"JAK3","STK3","SH2B2"
"JAK3","RAB1A","SH2B2"
"JAK3","PRKCZ","SH2B2"
"JAK3","RACK1","SH2B2"
"JAK3","MAPK13","SH2B2"
"JAK3","RPS6KA3","SH2B2"
"JAK3","mTORC1","SH2B2"
"JAK3","AHSA1","SH2B2"
"JAK3","ROCK1","SH2B2"
"JAK3","PTPN11","SH2B2"
"JAK3","PTPN12","SH2B2"
"JAK3","PPP2R5C","SH2B2"
"JAK3","PAK1","SH2B2"
"JAK3","TRAF2","SH2B2"
"JAK3","NRAS","SH2B2"
"JAK3","DUSP3","SH2B2"
"JAK3","PRKCI","SH2B2"
"JAK3","PSTPIP1","SH2B2"
"JAK3","RHEB","SH2B2"
"JAK3","INPP5D","SH2B2"
"JAK3","CCNE1","SH2B2"
"JAK3","CDC42","SH2B2"
"JAK3","PPP2R5A","SH2B2"
"JAK3","MDM2","SH2B2"
"JAK3","SPRY2","SH2B2"
"JAK3","RND1","SH2B2"
"JAK3","TIAM1","SH2B2"
"JAK3","WAC","SH2B2"
"JAK3","BANP","SH2B2"
"JAK3","CHUK","NOTCH"
"JAK3","PLK1","NOTCH"
"JAK3","RAC1","NOTCH"
"JAK3","PPP1CA","NOTCH"
"JAK3","PDPK1","NOTCH"
"JAK3","SGK1","NOTCH"
"JAK3","IGF1R","NOTCH"
"JAK3","PRKCZ","NOTCH"
"JAK3","PAK2","NOTCH"
"JAK3","RACK1","NOTCH"
"JAK3","HRAS","NOTCH"
"JAK3","LEPR","NOTCH"
"JAK3","RPS6KA3","NOTCH"
"JAK3","mTORC1","NOTCH"
"JAK3","BTK","NOTCH"
"JAK3","SGK3","NOTCH"
"JAK3","SH2B1","NOTCH"
"JAK3","HSP90AB1","NOTCH"
"JAK3","SHOC2","NOTCH"
"JAK3","PTPN12","NOTCH"
"JAK3","PAK1","NOTCH"
"JAK3","TYK2","NOTCH"
"JAK3","DUSP1","NOTCH"
"JAK3","TRAF2","NOTCH"
"JAK3","RAB7A","NOTCH"
"JAK3","EPHA2","NOTCH"
"JAK3","DUSP3","NOTCH"
"JAK3","MAPK11","NOTCH"
"JAK3","UNC5A","NOTCH"
"JAK3","PSTPIP1","NOTCH"
"JAK3","INPP5D","NOTCH"
"JAK3","CCNE1","NOTCH"
"JAK3","PPP2R5A","NOTCH"
"JAK3","YWHAE","NOTCH"
"JAK3","PLCG1","NOTCH"
"JAK3","PIK3C3","NOTCH"
"JAK3","RND1","NOTCH"
"JAK3","TIAM1","NOTCH"
"JAK3","WAC","NOTCH"
"JAK3","DCTN6","NOTCH"
"JAK3","RGCC","NOTCH"
"JAK3","CHUK","PPP2R5A"
"JAK3","PTEN","PPP2R5A"
"JAK3","AKT1","PPP2R5A"
"JAK3","CSNK2A1","PPP2R5A"
"JAK3","KRAS","PPP2R5A"
"JAK3","PDPK1","PPP2R5A"
"JAK3","MAP3K14","PPP2R5A"
"JAK3","RPS6KA1","PPP2R5A"
"JAK3","SGK1","PPP2R5A"
"JAK3","STK3","PPP2R5A"
"JAK3","AKT","PPP2R5A"
"JAK3","MAPK13","PPP2R5A"
"JAK3","PIK3CA","PPP2R5A"
"JAK3","LEPR","PPP2R5A"
"JAK3","RPS6KA3","PPP2R5A"
"JAK3","mTORC1","PPP2R5A"
"JAK3","AHSA1","PPP2R5A"
"JAK3","ROCK1","PPP2R5A"
"JAK3","RASSF1","PPP2R5A"
"JAK3","BTK","PPP2R5A"
"JAK3","SGK3","PPP2R5A"
"JAK3","PPP2R5C","PPP2R5A"
"JAK3","PAK1","PPP2R5A"
"JAK3","DUSP1","PPP2R5A"
"JAK3","GIT1","PPP2R5A"
"JAK3","MAP2K4","PPP2R5A"
"JAK3","RAB7A","PPP2R5A"
"JAK3","EPHA2","PPP2R5A"
"JAK3","PSTPIP1","PPP2R5A"
"JAK3","RHEB","PPP2R5A"
"JAK3","PIK3R1","PPP2R5A"
"JAK3","IRS2","PPP2R5A"
"JAK3","CLK2","PPP2R5A"
"JAK3","YWHAE","PPP2R5A"
"JAK3","RUNX2","PPP2R5A"
"JAK3","SH2B3","PPP2R5A"
"JAK3","PIK3C3","PPP2R5A"
"JAK3","RND1","PPP2R5A"
"JAK3","TIAM1","PPP2R5A"
"JAK3","BANP","PPP2R5A"
"JAK3","CHUK","GHR"
"JAK3","MAPK8","GHR"
"JAK3","MTOR","GHR"
"JAK3","CSNK2A1","GHR"
"JAK3","PLK1","GHR"
"JAK3","KRAS","GHR"
"JAK3","MAP2K7","GHR"
"JAK3","PDPK1","GHR"
"JAK3","RPS6KA1","GHR"
"JAK3","SGK1","GHR"
"JAK3","IGF1R","GHR"
"JAK3","PRKCZ","GHR"
"JAK3","RACK1","GHR"
"JAK3","HRAS","GHR"
"JAK3","MAPK13","GHR"
"JAK3","LEPR","GHR"
"JAK3","RPS6KA3","GHR"
"JAK3","mTORC1","GHR"
"JAK3","AHSA1","GHR"
"JAK3","ROCK1","GHR"
"JAK3","RASSF1","GHR"
"JAK3","BTK","GHR"
"JAK3","SGK3","GHR"
"JAK3","SH2B1","GHR"
"JAK3","HSP90AB1","GHR"
"JAK3","PTPN12","GHR"
"JAK3","PAK1","GHR"
"JAK3","GIT1","GHR"
"JAK3","DUSP3","GHR"
"JAK3","DAXX","GHR"
"JAK3","PIK3R1","GHR"
"JAK3","CCNE1","GHR"
"JAK3","PIK3CG","GHR"
"JAK3","CLK2","GHR"
"JAK3","YWHAE","GHR"
"JAK3","SPRY2","GHR"
"JAK3","RUNX2","GHR"
"JAK3","SH2B3","GHR"
"JAK3","RND1","GHR"
"JAK3","TIAM1","GHR"
"JAK3","WAC","GHR"
"JAK3","DCTN6","GHR"
"JAK3","ACTN1","GHR"
"JAK3","CTNNB1","UBE2S"
"JAK3","CILK1","UBE2S"
"JAK3","PTEN","UBE2S"
"JAK3","MAPK8","UBE2S"
"JAK3","MTOR","UBE2S"
"JAK3","CSNK2A1","UBE2S"
"JAK3","MAP2K7","UBE2S"
"JAK3","MAP3K14","UBE2S"
"JAK3","SGK1","UBE2S"
"JAK3","RAB1A","UBE2S"
"JAK3","PRKCZ","UBE2S"
"JAK3","TGFBR2","UBE2S"
"JAK3","PAK2","UBE2S"
"JAK3","MAPK13","UBE2S"
"JAK3","LEPR","UBE2S"
"JAK3","mTORC1","UBE2S"
"JAK3","ROCK1","UBE2S"
"JAK3","PTPN11","UBE2S"
"JAK3","SGK3","UBE2S"
"JAK3","SH2B1","UBE2S"
"JAK3","GIT1","UBE2S"
"JAK3","TRAF2","UBE2S"
"JAK3","MAP2K4","UBE2S"
"JAK3","RAB7A","UBE2S"
"JAK3","NRAS","UBE2S"
"JAK3","PRKCI","UBE2S"
"JAK3","PARD6A","UBE2S"
"JAK3","CCR2","UBE2S"
"JAK3","PSTPIP1","UBE2S"
"JAK3","DUSP6","UBE2S"
"JAK3","CLK2","UBE2S"
"JAK3","PLCG1","UBE2S"
"JAK3","SPRY2","UBE2S"
"JAK3","RUNX2","UBE2S"
"JAK3","SH2B3","UBE2S"
"JAK3","RND1","UBE2S"
"JAK3","PTEN","FERMT2"
"JAK3","MAPK8","FERMT2"
"JAK3","AKT1","FERMT2"
"JAK3","RAC1","FERMT2"
"JAK3","MAP2K7","FERMT2"
"JAK3","TGFBR1","FERMT2"
"JAK3","PPP1CA","FERMT2"
"JAK3","MAP3K14","FERMT2"
"JAK3","RPS6KA1","FERMT2"
"JAK3","IGF1R","FERMT2"
"JAK3","RAB1A","FERMT2"
"JAK3","TGFBR2","FERMT2"
"JAK3","PAK2","FERMT2"
"JAK3","AKT","FERMT2"
"JAK3","HRAS","FERMT2"
"JAK3","MAPK13","FERMT2"
"JAK3","PIK3CA","FERMT2"
"JAK3","mTORC1","FERMT2"
"JAK3","AHSA1","FERMT2"
"JAK3","BTK","FERMT2"
"JAK3","SGK3","FERMT2"
"JAK3","HSP90AB1","FERMT2"
"JAK3","SHOC2","FERMT2"
"JAK3","PTPN12","FERMT2"
"JAK3","PPP2R5C","FERMT2"
"JAK3","DUSP1","FERMT2"
"JAK3","GIT1","FERMT2"
"JAK3","TRAF2","FERMT2"
"JAK3","RAB7A","FERMT2"
"JAK3","NRAS","FERMT2"
"JAK3","AR","FERMT2"
"JAK3","UNC5A","FERMT2"
"JAK3","PRKCI","FERMT2"
"JAK3","PARD6A","FERMT2"
"JAK3","DAXX","FERMT2"
"JAK3","INPP5D","FERMT2"
"JAK3","MDM2","FERMT2"
"JAK3","PLCG1","FERMT2"
"JAK3","PIK3C3","FERMT2"
"JAK3","RGCC","FERMT2"
"JAK3","CTNNB1","PDE6G"
"JAK3","PTEN","PDE6G"
"JAK3","MTOR","PDE6G"
"JAK3","KRAS","PDE6G"
"JAK3","RAC1","PDE6G"
"JAK3","PTPRJ","PDE6G"
"JAK3","TGFBR1","PDE6G"
"JAK3","PDPK1","PDE6G"
"JAK3","MAP3K14","PDE6G"
"JAK3","RPS6KA1","PDE6G"
"JAK3","SGK1","PDE6G"
"JAK3","PRKCB","PDE6G"
"JAK3","TGFBR2","PDE6G"
"JAK3","AKT","PDE6G"
"JAK3","RACK1","PDE6G"
"JAK3","MAPK13","PDE6G"
"JAK3","RPS6KA3","PDE6G"
"JAK3","mTORC1","PDE6G"
"JAK3","AHSA1","PDE6G"
"JAK3","HSP90AB1","PDE6G"
"JAK3","TYK2","PDE6G"
"JAK3","DUSP1","PDE6G"
"JAK3","TRAF2","PDE6G"
"JAK3","EPHA2","PDE6G"
"JAK3","NRAS","PDE6G"
"JAK3","MAPK11","PDE6G"
"JAK3","PSTPIP1","PDE6G"
"JAK3","RHEB","PDE6G"
"JAK3","DAXX","PDE6G"
"JAK3","INPP5D","PDE6G"
"JAK3","CCNE1","PDE6G"
"JAK3","IRS2","PDE6G"
"JAK3","PPP2R5A","PDE6G"
"JAK3","CLK2","PDE6G"
"JAK3","MDM2","PDE6G"
"JAK3","PLCG1","PDE6G"
"JAK3","RUNX2","PDE6G"
"JAK3","SH2B3","PDE6G"
"JAK3","PIK3C3","PDE6G"
"JAK3","RND1","PDE6G"
"JAK3","TIAM1","PDE6G"
"JAK3","WAC","PDE6G"
"JAK3","RGCC","PDE6G"
"JAK3","PTEN","CLK2"
"JAK3","MAPK8","CLK2"
"JAK3","AKT1","CLK2"
"JAK3","CSNK2A1","CLK2"
"JAK3","PLK1","CLK2"
"JAK3","RAC1","CLK2"
"JAK3","PTPRJ","CLK2"
"JAK3","TGFBR1","CLK2"
"JAK3","PDPK1","CLK2"
"JAK3","PRKCB","CLK2"
"JAK3","PRKCZ","CLK2"
"JAK3","TGFBR2","CLK2"
"JAK3","PAK2","CLK2"
"JAK3","AKT","CLK2"
"JAK3","RACK1","CLK2"
"JAK3","HRAS","CLK2"
"JAK3","mTORC1","CLK2"
"JAK3","AHSA1","CLK2"
"JAK3","ROCK1","CLK2"
"JAK3","RASSF1","CLK2"
"JAK3","PTPN11","CLK2"
"JAK3","SGK3","CLK2"
"JAK3","SH2B1","CLK2"
"JAK3","HSP90AB1","CLK2"
"JAK3","SHOC2","CLK2"
"JAK3","PTPN12","CLK2"
"JAK3","PAK1","CLK2"
"JAK3","GIT1","CLK2"
"JAK3","NRAS","CLK2"
"JAK3","AR","CLK2"
"JAK3","DUSP3","CLK2"
"JAK3","PARD6A","CLK2"
"JAK3","CCR2","CLK2"
"JAK3","DAXX","CLK2"
"JAK3","DUSP6","CLK2"
"JAK3","CCNE1","CLK2"
"JAK3","IRS2","CLK2"
"JAK3","PPP2R5A","CLK2"
"JAK3","MDM2","CLK2"
"JAK3","YWHAE","CLK2"
"JAK3","PLCG1","CLK2"
"JAK3","SPRY2","CLK2"
"JAK3","RUNX2","CLK2"
"JAK3","SH2B3","CLK2"
"JAK3","WAC","CLK2"
"JAK3","DCTN6","CLK2"
"JAK3","ACTN1","CLK2"
"JAK3","TYK2","NPM1"
"JAK3","DUSP3","NPM1"
"JAK3","CHUK","VPS39"
"JAK3","PTEN","VPS39"
"JAK3","MAPK8","VPS39"
"JAK3","CSNK2A1","VPS39"
"JAK3","PTPRJ","VPS39"
"JAK3","PDPK1","VPS39"
"JAK3","MAP3K14","VPS39"
"JAK3","SGK1","VPS39"
"JAK3","IGF1R","VPS39"
"JAK3","AKT","VPS39"
"JAK3","RACK1","VPS39"
"JAK3","MAPK13","VPS39"
"JAK3","PIK3CA","VPS39"
"JAK3","LEPR","VPS39"
"JAK3","RPS6KA3","VPS39"
"JAK3","mTORC1","VPS39"
"JAK3","AHSA1","VPS39"
"JAK3","RASSF1","VPS39"
"JAK3","SGK3","VPS39"
"JAK3","SH2B1","VPS39"
"JAK3","PPP2R5C","VPS39"
"JAK3","PAK1","VPS39"
"JAK3","TYK2","VPS39"
"JAK3","MAP2K4","VPS39"
"JAK3","EPHA2","VPS39"
"JAK3","CCR2","VPS39"
"JAK3","RHEB","VPS39"
"JAK3","CDC42","VPS39"
"JAK3","PIK3CG","VPS39"
"JAK3","SH2B2","VPS39"
"JAK3","CLK2","VPS39"
"JAK3","YWHAE","VPS39"
"JAK3","SPRY2","VPS39"
"JAK3","BANP","VPS39"
"JAK3","DCTN6","VPS39"
"JAK3","ACTN1","VPS39"
"JAK3","CTNNB1","SH3PXD2A"
"JAK3","CILK1","SH3PXD2A"
"JAK3","PTEN","SH3PXD2A"
"JAK3","MTOR","SH3PXD2A"
"JAK3","AKT1","SH3PXD2A"
"JAK3","CSNK2A1","SH3PXD2A"
"JAK3","KRAS","SH3PXD2A"
"JAK3","PDPK1","SH3PXD2A"
"JAK3","MAP3K14","SH3PXD2A"
"JAK3","RPS6KA1","SH3PXD2A"
"JAK3","IGF1R","SH3PXD2A"
"JAK3","PAK2","SH3PXD2A"
"JAK3","AKT","SH3PXD2A"
"JAK3","PIK3CA","SH3PXD2A"
"JAK3","AHSA1","SH3PXD2A"
"JAK3","ROCK1","SH3PXD2A"
"JAK3","SGK3","SH3PXD2A"
"JAK3","SH2B1","SH3PXD2A"
"JAK3","HSP90AB1","SH3PXD2A"
"JAK3","SHOC2","SH3PXD2A"
"JAK3","ZAP70","SH3PXD2A"
"JAK3","GIT1","SH3PXD2A"
"JAK3","MAP2K4","SH3PXD2A"
"JAK3","RAB7A","SH3PXD2A"
"JAK3","NRAS","SH3PXD2A"
"JAK3","AR","SH3PXD2A"
"JAK3","DUSP3","SH3PXD2A"
"JAK3","PRKCI","SH3PXD2A"
"JAK3","PARD6A","SH3PXD2A"
"JAK3","RHEB","SH3PXD2A"
"JAK3","DAXX","SH3PXD2A"
"JAK3","DUSP6","SH3PXD2A"
"JAK3","CCNE1","SH3PXD2A"
"JAK3","IRS2","SH3PXD2A"
"JAK3","CDC42","SH3PXD2A"
"JAK3","SH2B2","SH3PXD2A"
"JAK3","CLK2","SH3PXD2A"
"JAK3","YWHAE","SH3PXD2A"
"JAK3","SH2B3","SH3PXD2A"
"JAK3","PIK3C3","SH3PXD2A"
"JAK3","DCTN6","SH3PXD2A"
"JAK3","RGCC","SH3PXD2A"
"JAK3","PTEN","ATG9A"
"JAK3","MAPK8","ATG9A"
"JAK3","PLK1","ATG9A"
"JAK3","KRAS","ATG9A"
"JAK3","MAP2K7","ATG9A"
"JAK3","PTPRJ","ATG9A"
"JAK3","PRKCB","ATG9A"
"JAK3","RAB1A","ATG9A"
"JAK3","PRKCZ","ATG9A"
"JAK3","TGFBR2","ATG9A"
"JAK3","AKT","ATG9A"
"JAK3","RACK1","ATG9A"
"JAK3","HRAS","ATG9A"
"JAK3","PIK3CA","ATG9A"
"JAK3","LEPR","ATG9A"
"JAK3","RPS6KA3","ATG9A"
"JAK3","mTORC1","ATG9A"
"JAK3","ROCK1","ATG9A"
"JAK3","BTK","ATG9A"
"JAK3","SGK3","ATG9A"
"JAK3","PTPN12","ATG9A"
"JAK3","ZAP70","ATG9A"
"JAK3","DUSP1","ATG9A"
"JAK3","MAP2K4","ATG9A"
"JAK3","NRAS","ATG9A"
"JAK3","AR","ATG9A"
"JAK3","DUSP3","ATG9A"
"JAK3","PRKCI","ATG9A"
"JAK3","CCR2","ATG9A"
"JAK3","PSTPIP1","ATG9A"
"JAK3","RHEB","ATG9A"
"JAK3","DUSP6","ATG9A"
"JAK3","INPP5D","ATG9A"
"JAK3","CCNE1","ATG9A"
"JAK3","IRS2","ATG9A"
"JAK3","CDC42","ATG9A"
"JAK3","PIK3CG","ATG9A"
"JAK3","SH2B2","ATG9A"
"JAK3","MDM2","ATG9A"
"JAK3","PLCG1","ATG9A"
"JAK3","RUNX2","ATG9A"
"JAK3","SH2B3","ATG9A"
"JAK3","PIK3C3","ATG9A"
"JAK3","BANP","ATG9A"
"JAK3","DCTN6","ATG9A"
"JAK3","ACTN1","ATG9A"
"JAK3","CHUK","TSSK3"
"JAK3","PTEN","TSSK3"
"JAK3","MTOR","TSSK3"
"JAK3","CSNK2A1","TSSK3"
"JAK3","PLK1","TSSK3"
"JAK3","RAC1","TSSK3"
"JAK3","MAP2K7","TSSK3"
"JAK3","PTPRJ","TSSK3"
"JAK3","TGFBR1","TSSK3"
"JAK3","PPP1CA","TSSK3"
"JAK3","MAP3K14","TSSK3"
"JAK3","SGK1","TSSK3"
"JAK3","STK3","TSSK3"
"JAK3","PRKCZ","TSSK3"
"JAK3","TGFBR2","TSSK3"
"JAK3","AKT","TSSK3"
"JAK3","RACK1","TSSK3"
"JAK3","HRAS","TSSK3"
"JAK3","MAPK13","TSSK3"
"JAK3","PIK3CA","TSSK3"
"JAK3","SH2B1","TSSK3"
"JAK3","PTPN12","TSSK3"
"JAK3","PAK1","TSSK3"
"JAK3","TYK2","TSSK3"
"JAK3","EPHA2","TSSK3"
"JAK3","NRAS","TSSK3"
"JAK3","PARD6A","TSSK3"
"JAK3","CCNE1","TSSK3"
"JAK3","PIK3CG","TSSK3"
"JAK3","SH2B2","TSSK3"
"JAK3","PPP2R5A","TSSK3"
"JAK3","CLK2","TSSK3"
"JAK3","PLCG1","TSSK3"
"JAK3","RUNX2","TSSK3"
"JAK3","WAC","TSSK3"
"JAK3","ACTN1","TSSK3"
"JAK3","CHUK","PTHLH"
"JAK3","PTEN","PTHLH"
"JAK3","MTOR","PTHLH"
"JAK3","AKT1","PTHLH"
"JAK3","CSNK2A1","PTHLH"
"JAK3","KRAS","PTHLH"
"JAK3","RAC1","PTHLH"
"JAK3","MAP2K7","PTHLH"
"JAK3","RAB1A","PTHLH"
"JAK3","PRKCZ","PTHLH"
"JAK3","PAK2","PTHLH"
"JAK3","AKT","PTHLH"
"JAK3","MAPK13","PTHLH"
"JAK3","LEPR","PTHLH"
"JAK3","mTORC1","PTHLH"
"JAK3","AHSA1","PTHLH"
"JAK3","SGK3","PTHLH"
"JAK3","SH2B1","PTHLH"
"JAK3","SHOC2","PTHLH"
"JAK3","PPP2R5C","PTHLH"
"JAK3","PAK1","PTHLH"
"JAK3","TYK2","PTHLH"
"JAK3","DUSP1","PTHLH"
"JAK3","TRAF2","PTHLH"
"JAK3","EPHA2","PTHLH"
"JAK3","NRAS","PTHLH"
"JAK3","PRKCI","PTHLH"
"JAK3","CCR2","PTHLH"
"JAK3","PSTPIP1","PTHLH"
"JAK3","DAXX","PTHLH"
"JAK3","INPP5D","PTHLH"
"JAK3","PPP2R5A","PTHLH"
"JAK3","MDM2","PTHLH"
"JAK3","YWHAE","PTHLH"
"JAK3","PLCG1","PTHLH"
"JAK3","SPRY2","PTHLH"
"JAK3","SH2B3","PTHLH"
"JAK3","PIK3C3","PTHLH"
"JAK3","WAC","PTHLH"
"JAK3","CHUK","MDM2"
"JAK3","CTNNB1","MDM2"
"JAK3","CILK1","MDM2"
"JAK3","AKT1","MDM2"
"JAK3","CSNK2A1","MDM2"
"JAK3","KRAS","MDM2"
"JAK3","RAC1","MDM2"
"JAK3","PTPRJ","MDM2"
"JAK3","PPP1CA","MDM2"
"JAK3","PDPK1","MDM2"
"JAK3","IGF1R","MDM2"
"JAK3","PRKCB","MDM2"
"JAK3","LEPR","MDM2"
"JAK3","RPS6KA3","MDM2"
"JAK3","AHSA1","MDM2"
"JAK3","ROCK1","MDM2"
"JAK3","HSP90AB1","MDM2"
"JAK3","PTPN12","MDM2"
"JAK3","PPP2R5C","MDM2"
"JAK3","TYK2","MDM2"
"JAK3","DUSP1","MDM2"
"JAK3","TRAF2","MDM2"
"JAK3","RAB7A","MDM2"
"JAK3","NRAS","MDM2"
"JAK3","AR","MDM2"
"JAK3","DUSP3","MDM2"
"JAK3","MAPK11","MDM2"
"JAK3","UNC5A","MDM2"
"JAK3","PRKCI","MDM2"
"JAK3","PTPRA","MDM2"
"JAK3","CCR2","MDM2"
"JAK3","PSTPIP1","MDM2"
"JAK3","RHEB","MDM2"
"JAK3","IRS2","MDM2"
"JAK3","CDC42","MDM2"
"JAK3","PIK3CG","MDM2"
"JAK3","SH2B2","MDM2"
"JAK3","PPP2R5A","MDM2"
"JAK3","YWHAE","MDM2"
"JAK3","SH2B3","MDM2"
"JAK3","BANP","MDM2"
"JAK3","DCTN6","MDM2"
"JAK3","ACTN1","MDM2"
"JAK3","CHUK","SCRIB"
"JAK3","KRAS","SCRIB"
"JAK3","PTPRJ","SCRIB"
"JAK3","IGF1R","SCRIB"
"JAK3","RAB1A","SCRIB"
"JAK3","TGFBR2","SCRIB"
"JAK3","AKT","SCRIB"
"JAK3","RACK1","SCRIB"
"JAK3","MAPK13","SCRIB"
"JAK3","LEPR","SCRIB"
"JAK3","SGK3","SCRIB"
"JAK3","SH2B1","SCRIB"
"JAK3","HSP90AB1","SCRIB"
"JAK3","PAK1","SCRIB"
"JAK3","ZAP70","SCRIB"
"JAK3","GIT1","SCRIB"
"JAK3","TRAF2","SCRIB"
"JAK3","RAB7A","SCRIB"
"JAK3","AR","SCRIB"
"JAK3","UNC5A","SCRIB"
"JAK3","PRKCI","SCRIB"
"JAK3","PSTPIP1","SCRIB"
"JAK3","RHEB","SCRIB"
"JAK3","DAXX","SCRIB"
"JAK3","PIK3R1","SCRIB"
"JAK3","CCNE1","SCRIB"
"JAK3","PIK3CG","SCRIB"
"JAK3","PPP2R5A","SCRIB"
"JAK3","SPRY2","SCRIB"
"JAK3","RND1","SCRIB"
"JAK3","WAC","SCRIB"
"JAK3","RGCC","SCRIB"
"JAK3","PTEN","YWHAE"
"JAK3","PLK1","YWHAE"
"JAK3","RAC1","YWHAE"
"JAK3","STK3","YWHAE"
"JAK3","RAB1A","YWHAE"
"JAK3","PRKCZ","YWHAE"
"JAK3","TGFBR2","YWHAE"
"JAK3","HRAS","YWHAE"
"JAK3","PIK3CA","YWHAE"
"JAK3","ROCK1","YWHAE"
"JAK3","BTK","YWHAE"
"JAK3","PAK1","YWHAE"
"JAK3","TYK2","YWHAE"
"JAK3","NRAS","YWHAE"
"JAK3","AR","YWHAE"
"JAK3","DUSP3","YWHAE"
"JAK3","UNC5A","YWHAE"
"JAK3","PRKCI","YWHAE"
"JAK3","PARD6A","YWHAE"
"JAK3","PSTPIP1","YWHAE"
"JAK3","RHEB","YWHAE"
"JAK3","DAXX","YWHAE"
"JAK3","DUSP6","YWHAE"
"JAK3","INPP5D","YWHAE"
"JAK3","PIK3R1","YWHAE"
"JAK3","CCNE1","YWHAE"
"JAK3","IRS2","YWHAE"
"JAK3","CDC42","YWHAE"
"JAK3","PIK3CG","YWHAE"
"JAK3","PPP2R5A","YWHAE"
"JAK3","MDM2","YWHAE"
"JAK3","SPRY2","YWHAE"
"JAK3","SH2B3","YWHAE"
"JAK3","PIK3C3","YWHAE"
"JAK3","RND1","YWHAE"
"JAK3","TIAM1","YWHAE"
"JAK3","WAC","YWHAE"
"JAK3","ACTN1","YWHAE"
"JAK3","RGCC","YWHAE"
"JAK3","CHUK","BCL10"
"JAK3","CTNNB1","BCL10"
"JAK3","CILK1","BCL10"
"JAK3","MAPK8","BCL10"
"JAK3","MTOR","BCL10"
"JAK3","AKT1","BCL10"
"JAK3","CSNK2A1","BCL10"
"JAK3","RAC1","BCL10"
"JAK3","MAP2K7","BCL10"
"JAK3","PPP1CA","BCL10"
"JAK3","MAP3K14","BCL10"
"JAK3","RPS6KA1","BCL10"
"JAK3","SGK1","BCL10"
"JAK3","IGF1R","BCL10"
"JAK3","RAB1A","BCL10"
"JAK3","TGFBR2","BCL10"
"JAK3","AKT","BCL10"
"JAK3","HRAS","BCL10"
"JAK3","MAPK13","BCL10"
"JAK3","LEPR","BCL10"
"JAK3","RPS6KA3","BCL10"
"JAK3","mTORC1","BCL10"
"JAK3","AHSA1","BCL10"
"JAK3","ROCK1","BCL10"
"JAK3","SH2B1","BCL10"
"JAK3","SHOC2","BCL10"
"JAK3","PTPN12","BCL10"
"JAK3","PAK1","BCL10"
"JAK3","ZAP70","BCL10"
"JAK3","DUSP1","BCL10"
"JAK3","NRAS","BCL10"
"JAK3","DUSP3","BCL10"
"JAK3","MAPK11","BCL10"
"JAK3","UNC5A","BCL10"
"JAK3","CCR2","BCL10"
"JAK3","DAXX","BCL10"
"JAK3","INPP5D","BCL10"
"JAK3","PIK3CG","BCL10"
"JAK3","SH2B2","BCL10"
"JAK3","MDM2","BCL10"
"JAK3","YWHAE","BCL10"
"JAK3","PLCG1","BCL10"
"JAK3","SPRY2","BCL10"
"JAK3","RND1","BCL10"
"JAK3","ACTN1","BCL10"
"JAK3","RGCC","BCL10"
"JAK3","CHUK","USF1"
"JAK3","CILK1","USF1"
"JAK3","PTEN","USF1"
"JAK3","KRAS","USF1"
"JAK3","PTPRJ","USF1"
"JAK3","TGFBR1","USF1"
"JAK3","PPP1CA","USF1"
"JAK3","PDPK1","USF1"
"JAK3","MAP3K14","USF1"
"JAK3","RPS6KA1","USF1"
"JAK3","SGK1","USF1"
"JAK3","PRKCB","USF1"
"JAK3","STK3","USF1"
"JAK3","PRKCZ","USF1"
"JAK3","TGFBR2","USF1"
"JAK3","PAK2","USF1"
"JAK3","AKT","USF1"
"JAK3","RACK1","USF1"
"JAK3","HRAS","USF1"
"JAK3","MAPK13","USF1"
"JAK3","RPS6KA3","USF1"
"JAK3","mTORC1","USF1"
"JAK3","AHSA1","USF1"
"JAK3","SGK3","USF1"
"JAK3","SH2B1","USF1"
"JAK3","HSP90AB1","USF1"
"JAK3","PAK1","USF1"
"JAK3","TYK2","USF1"
"JAK3","ZAP70","USF1"
"JAK3","GIT1","USF1"
"JAK3","TRAF2","USF1"
"JAK3","RAB7A","USF1"
"JAK3","NRAS","USF1"
"JAK3","AR","USF1"
"JAK3","DUSP3","USF1"
"JAK3","MAPK11","USF1"
"JAK3","UNC5A","USF1"
"JAK3","PTPRA","USF1"
"JAK3","CCR2","USF1"
"JAK3","RHEB","USF1"
"JAK3","DAXX","USF1"
"JAK3","PIK3R1","USF1"
"JAK3","CCNE1","USF1"
"JAK3","CDC42","USF1"
"JAK3","PIK3CG","USF1"
"JAK3","SH2B2","USF1"
"JAK3","PPP2R5A","USF1"
"JAK3","CLK2","USF1"
"JAK3","MDM2","USF1"
"JAK3","PLCG1","USF1"
"JAK3","SPRY2","USF1"
"JAK3","SH2B3","USF1"
"JAK3","RND1","USF1"
"JAK3","TIAM1","USF1"
"JAK3","WAC","USF1"
"JAK3","DCTN6","USF1"
"JAK3","RGCC","USF1"
"JAK3","CTNNB1","PIK3R6"
"JAK3","CILK1","PIK3R6"
"JAK3","PTEN","PIK3R6"
"JAK3","MAPK8","PIK3R6"
"JAK3","MTOR","PIK3R6"
"JAK3","AKT1","PIK3R6"
"JAK3","PLK1","PIK3R6"
"JAK3","RAC1","PIK3R6"
"JAK3","PTPRJ","PIK3R6"
"JAK3","TGFBR1","PIK3R6"
"JAK3","PPP1CA","PIK3R6"
"JAK3","PDPK1","PIK3R6"
"JAK3","SGK1","PIK3R6"
"JAK3","RAB1A","PIK3R6"
"JAK3","PRKCZ","PIK3R6"
"JAK3","PAK2","PIK3R6"
"JAK3","RACK1","PIK3R6"
"JAK3","RPS6KA3","PIK3R6"
"JAK3","mTORC1","PIK3R6"
"JAK3","ROCK1","PIK3R6"
"JAK3","BTK","PIK3R6"
"JAK3","SGK3","PIK3R6"
"JAK3","HSP90AB1","PIK3R6"
"JAK3","SHOC2","PIK3R6"
"JAK3","PTPN12","PIK3R6"
"JAK3","PPP2R5C","PIK3R6"
"JAK3","PAK1","PIK3R6"
"JAK3","TYK2","PIK3R6"
"JAK3","ZAP70","PIK3R6"
"JAK3","DUSP1","PIK3R6"
"JAK3","GIT1","PIK3R6"
"JAK3","TRAF2","PIK3R6"
"JAK3","NRAS","PIK3R6"
"JAK3","UNC5A","PIK3R6"
"JAK3","PSTPIP1","PIK3R6"
"JAK3","DUSP6","PIK3R6"
"JAK3","CCNE1","PIK3R6"
"JAK3","PIK3CG","PIK3R6"
"JAK3","MDM2","PIK3R6"
"JAK3","YWHAE","PIK3R6"
"JAK3","SH2B3","PIK3R6"
"JAK3","RND1","PIK3R6"
"JAK3","TIAM1","PIK3R6"
"JAK3","ACTN1","PIK3R6"
"JAK3","MAPK8","MDM4"
"JAK3","MTOR","MDM4"
"JAK3","AKT1","MDM4"
"JAK3","KRAS","MDM4"
"JAK3","MAP2K7","MDM4"
"JAK3","TGFBR1","MDM4"
"JAK3","PDPK1","MDM4"
"JAK3","SGK1","MDM4"
"JAK3","IGF1R","MDM4"
"JAK3","PRKCB","MDM4"
"JAK3","STK3","MDM4"
"JAK3","PRKCZ","MDM4"
"JAK3","TGFBR2","MDM4"
"JAK3","PAK2","MDM4"
"JAK3","AKT","MDM4"
"JAK3","HRAS","MDM4"
"JAK3","MAPK13","MDM4"
"JAK3","PIK3CA","MDM4"
"JAK3","RPS6KA3","MDM4"
"JAK3","RASSF1","MDM4"
"JAK3","BTK","MDM4"
"JAK3","TYK2","MDM4"
"JAK3","DUSP1","MDM4"
"JAK3","RAB7A","MDM4"
"JAK3","DUSP3","MDM4"
"JAK3","MAPK11","MDM4"
"JAK3","UNC5A","MDM4"
"JAK3","PARD6A","MDM4"
"JAK3","CCR2","MDM4"
"JAK3","PSTPIP1","MDM4"
"JAK3","DUSP6","MDM4"
"JAK3","PIK3R1","MDM4"
"JAK3","IRS2","MDM4"
"JAK3","CDC42","MDM4"
"JAK3","CLK2","MDM4"
"JAK3","YWHAE","MDM4"
"JAK3","SPRY2","MDM4"
"JAK3","TIAM1","MDM4"
"JAK3","BANP","MDM4"
"JAK3","ACTN1","MDM4"
"JAK3","RGCC","MDM4"
"JAK3","CTNNB1","ICAM1"
"JAK3","PTEN","ICAM1"
"JAK3","MAPK8","ICAM1"
"JAK3","MTOR","ICAM1"
"JAK3","KRAS","ICAM1"
"JAK3","RAC1","ICAM1"
"JAK3","MAP2K7","ICAM1"
"JAK3","PTPRJ","ICAM1"
"JAK3","TGFBR1","ICAM1"
"JAK3","PPP1CA","ICAM1"
"JAK3","PDPK1","ICAM1"
"JAK3","MAP3K14","ICAM1"
"JAK3","IGF1R","ICAM1"
"JAK3","RAB1A","ICAM1"
"JAK3","PRKCZ","ICAM1"
"JAK3","TGFBR2","ICAM1"
"JAK3","PAK2","ICAM1"
"JAK3","RACK1","ICAM1"
"JAK3","MAPK13","ICAM1"
"JAK3","PIK3CA","ICAM1"
"JAK3","LEPR","ICAM1"
"JAK3","RPS6KA3","ICAM1"
"JAK3","AHSA1","ICAM1"
"JAK3","SGK3","ICAM1"
"JAK3","SHOC2","ICAM1"
"JAK3","PTPN12","ICAM1"
"JAK3","PPP2R5C","ICAM1"
"JAK3","PAK1","ICAM1"
"JAK3","TYK2","ICAM1"
"JAK3","TRAF2","ICAM1"
"JAK3","RAB7A","ICAM1"
"JAK3","EPHA2","ICAM1"
"JAK3","NRAS","ICAM1"
"JAK3","DUSP3","ICAM1"
"JAK3","MAPK11","ICAM1"
"JAK3","UNC5A","ICAM1"
"JAK3","PARD6A","ICAM1"
"JAK3","PTPRA","ICAM1"
"JAK3","DUSP6","ICAM1"
"JAK3","INPP5D","ICAM1"
"JAK3","IRS2","ICAM1"
"JAK3","CDC42","ICAM1"
"JAK3","YWHAE","ICAM1"
"JAK3","SPRY2","ICAM1"
"JAK3","RND1","ICAM1"
"JAK3","TIAM1","ICAM1"
"JAK3","BANP","ICAM1"
"JAK3","ACTN1","ICAM1"
"JAK3","CHUK","HMGA2"
"JAK3","PTEN","HMGA2"
"JAK3","CSNK2A1","HMGA2"
"JAK3","PLK1","HMGA2"
"JAK3","KRAS","HMGA2"
"JAK3","MAP2K7","HMGA2"
"JAK3","PTPRJ","HMGA2"
"JAK3","TGFBR1","HMGA2"
"JAK3","MAP3K14","HMGA2"
"JAK3","PRKCB","HMGA2"
"JAK3","STK3","HMGA2"
"JAK3","RAB1A","HMGA2"
"JAK3","TGFBR2","HMGA2"
"JAK3","AKT","HMGA2"
"JAK3","RACK1","HMGA2"
"JAK3","HRAS","HMGA2"
"JAK3","MAPK13","HMGA2"
"JAK3","LEPR","HMGA2"
"JAK3","RPS6KA3","HMGA2"
"JAK3","mTORC1","HMGA2"
"JAK3","BTK","HMGA2"
"JAK3","HSP90AB1","HMGA2"
"JAK3","SHOC2","HMGA2"
"JAK3","PTPN12","HMGA2"
"JAK3","PAK1","HMGA2"
"JAK3","TYK2","HMGA2"
"JAK3","ZAP70","HMGA2"
"JAK3","GIT1","HMGA2"
"JAK3","MAP2K4","HMGA2"
"JAK3","RAB7A","HMGA2"
"JAK3","AR","HMGA2"
"JAK3","MAPK11","HMGA2"
"JAK3","PRKCI","HMGA2"
"JAK3","PTPRA","HMGA2"
"JAK3","CCR2","HMGA2"
"JAK3","PSTPIP1","HMGA2"
"JAK3","DAXX","HMGA2"
"JAK3","INPP5D","HMGA2"
"JAK3","PIK3R1","HMGA2"
"JAK3","IRS2","HMGA2"
"JAK3","CDC42","HMGA2"
"JAK3","PIK3CG","HMGA2"
"JAK3","SH2B2","HMGA2"
"JAK3","PPP2R5A","HMGA2"
"JAK3","MDM2","HMGA2"
"JAK3","PIK3C3","HMGA2"
"JAK3","DCTN6","HMGA2"
"JAK3","RGCC","HMGA2"
"JAK3","CILK1","GNAO1"
"JAK3","MAP2K7","GNAO1"
"JAK3","TGFBR1","GNAO1"
"JAK3","SGK1","GNAO1"
"JAK3","IGF1R","GNAO1"
"JAK3","TGFBR2","GNAO1"
"JAK3","AKT","GNAO1"
"JAK3","HRAS","GNAO1"
"JAK3","PIK3CA","GNAO1"
"JAK3","RPS6KA3","GNAO1"
"JAK3","ROCK1","GNAO1"
"JAK3","BTK","GNAO1"
"JAK3","SGK3","GNAO1"
"JAK3","SH2B1","GNAO1"
"JAK3","HSP90AB1","GNAO1"
"JAK3","SHOC2","GNAO1"
"JAK3","PPP2R5C","GNAO1"
"JAK3","ZAP70","GNAO1"
"JAK3","NRAS","GNAO1"
"JAK3","DUSP3","GNAO1"
"JAK3","MAPK11","GNAO1"
"JAK3","UNC5A","GNAO1"
"JAK3","PRKCI","GNAO1"
"JAK3","PTPRA","GNAO1"
"JAK3","CCR2","GNAO1"
"JAK3","PSTPIP1","GNAO1"
"JAK3","DUSP6","GNAO1"
"JAK3","INPP5D","GNAO1"
"JAK3","PIK3R1","GNAO1"
"JAK3","CCNE1","GNAO1"
"JAK3","IRS2","GNAO1"
"JAK3","PIK3CG","GNAO1"
"JAK3","SH2B2","GNAO1"
"JAK3","PPP2R5A","GNAO1"
"JAK3","CLK2","GNAO1"
"JAK3","MDM2","GNAO1"
"JAK3","SPRY2","GNAO1"
"JAK3","RUNX2","GNAO1"
"JAK3","SH2B3","GNAO1"
"JAK3","WAC","GNAO1"
"JAK3","BANP","GNAO1"
"JAK3","DCTN6","GNAO1"
"JAK3","ACTN1","GNAO1"
"JAK3","RGCC","GNAO1"
"JAK3","CHUK","PLCG1"
"JAK3","CTNNB1","PLCG1"
"JAK3","MAPK8","PLCG1"
"JAK3","AKT1","PLCG1"
"JAK3","CSNK2A1","PLCG1"
"JAK3","PLK1","PLCG1"
"JAK3","KRAS","PLCG1"
"JAK3","RAC1","PLCG1"
"JAK3","PTPRJ","PLCG1"
"JAK3","TGFBR1","PLCG1"
"JAK3","PDPK1","PLCG1"
"JAK3","MAP3K14","PLCG1"
"JAK3","RPS6KA1","PLCG1"
"JAK3","PRKCZ","PLCG1"
"JAK3","PAK2","PLCG1"
"JAK3","PIK3CA","PLCG1"
"JAK3","LEPR","PLCG1"
"JAK3","ROCK1","PLCG1"
"JAK3","SH2B1","PLCG1"
"JAK3","HSP90AB1","PLCG1"
"JAK3","SHOC2","PLCG1"
"JAK3","PTPN12","PLCG1"
"JAK3","PAK1","PLCG1"
"JAK3","ZAP70","PLCG1"
"JAK3","DUSP1","PLCG1"
"JAK3","MAP2K4","PLCG1"
"JAK3","RAB7A","PLCG1"
"JAK3","EPHA2","PLCG1"
"JAK3","NRAS","PLCG1"
"JAK3","AR","PLCG1"
"JAK3","DUSP3","PLCG1"
"JAK3","PARD6A","PLCG1"
"JAK3","PTPRA","PLCG1"
"JAK3","PSTPIP1","PLCG1"
"JAK3","DAXX","PLCG1"
"JAK3","INPP5D","PLCG1"
"JAK3","CDC42","PLCG1"
"JAK3","RND1","PLCG1"
"JAK3","TIAM1","PLCG1"
"JAK3","WAC","PLCG1"
"JAK3","BANP","PLCG1"
"JAK3","ACTN1","PLCG1"
"JAK3","CILK1","STAT4"
"JAK3","MAPK8","STAT4"
"JAK3","AKT1","STAT4"
"JAK3","KRAS","STAT4"
"JAK3","PPP1CA","STAT4"
"JAK3","MAP3K14","STAT4"
"JAK3","IGF1R","STAT4"
"JAK3","PRKCB","STAT4"
"JAK3","STK3","STAT4"
"JAK3","PRKCZ","STAT4"
"JAK3","TGFBR2","STAT4"
"JAK3","AKT","STAT4"
"JAK3","HRAS","STAT4"
"JAK3","RPS6KA3","STAT4"
"JAK3","AHSA1","STAT4"
"JAK3","ROCK1","STAT4"
"JAK3","BTK","STAT4"
"JAK3","PTPN11","STAT4"
"JAK3","HSP90AB1","STAT4"
"JAK3","SHOC2","STAT4"
"JAK3","PPP2R5C","STAT4"
"JAK3","ZAP70","STAT4"
"JAK3","DUSP1","STAT4"
"JAK3","EPHA2","STAT4"
"JAK3","DUSP3","STAT4"
"JAK3","MAPK11","STAT4"
"JAK3","PARD6A","STAT4"
"JAK3","PTPRA","STAT4"
"JAK3","CCR2","STAT4"
"JAK3","PSTPIP1","STAT4"
"JAK3","PIK3R1","STAT4"
"JAK3","IRS2","STAT4"
"JAK3","CDC42","STAT4"
"JAK3","PIK3CG","STAT4"
"JAK3","SH2B2","STAT4"
"JAK3","PPP2R5A","STAT4"
"JAK3","CLK2","STAT4"
"JAK3","PLCG1","STAT4"
"JAK3","PIK3C3","STAT4"
"JAK3","TIAM1","STAT4"
"JAK3","DCTN6","STAT4"
"JAK3","ACTN1","STAT4"
"JAK3","RGCC","STAT4"
"JAK3","CILK1","SPRY2"
"JAK3","PTEN","SPRY2"
"JAK3","MAPK8","SPRY2"
"JAK3","CSNK2A1","SPRY2"
"JAK3","KRAS","SPRY2"
"JAK3","MAP2K7","SPRY2"
"JAK3","PTPRJ","SPRY2"
"JAK3","TGFBR1","SPRY2"
"JAK3","PPP1CA","SPRY2"
"JAK3","PDPK1","SPRY2"
"JAK3","MAP3K14","SPRY2"
"JAK3","RPS6KA1","SPRY2"
"JAK3","SGK1","SPRY2"
"JAK3","PRKCB","SPRY2"
"JAK3","STK3","SPRY2"
"JAK3","RAB1A","SPRY2"
"JAK3","TGFBR2","SPRY2"
"JAK3","AKT","SPRY2"
"JAK3","RACK1","SPRY2"
"JAK3","MAPK13","SPRY2"
"JAK3","PIK3CA","SPRY2"
"JAK3","mTORC1","SPRY2"
"JAK3","AHSA1","SPRY2"
"JAK3","RASSF1","SPRY2"
"JAK3","BTK","SPRY2"
"JAK3","SGK3","SPRY2"
"JAK3","SHOC2","SPRY2"
"JAK3","PPP2R5C","SPRY2"
"JAK3","PAK1","SPRY2"
"JAK3","DUSP1","SPRY2"
"JAK3","NRAS","SPRY2"
"JAK3","AR","SPRY2"
"JAK3","DUSP3","SPRY2"
"JAK3","MAPK11","SPRY2"
"JAK3","PTPRA","SPRY2"
"JAK3","CCR2","SPRY2"
"JAK3","RHEB","SPRY2"
"JAK3","DAXX","SPRY2"
"JAK3","DUSP6","SPRY2"
"JAK3","INPP5D","SPRY2"
"JAK3","CCNE1","SPRY2"
"JAK3","CDC42","SPRY2"
"JAK3","PIK3CG","SPRY2"
"JAK3","CLK2","SPRY2"
"JAK3","PLCG1","SPRY2"
"JAK3","SH2B3","SPRY2"
"JAK3","RND1","SPRY2"
"JAK3","WAC","SPRY2"
"JAK3","BANP","SPRY2"
"JAK3","CHUK","CARD11"
"JAK3","CILK1","CARD11"
"JAK3","MAPK8","CARD11"
"JAK3","RAC1","CARD11"
"JAK3","PTPRJ","CARD11"
"JAK3","TGFBR1","CARD11"
"JAK3","PPP1CA","CARD11"
"JAK3","PDPK1","CARD11"
"JAK3","RPS6KA1","CARD11"
"JAK3","SGK1","CARD11"
"JAK3","IGF1R","CARD11"
"JAK3","PRKCB","CARD11"
"JAK3","TGFBR2","CARD11"
"JAK3","PAK2","CARD11"
"JAK3","AKT","CARD11"
"JAK3","HRAS","CARD11"
"JAK3","LEPR","CARD11"
"JAK3","RPS6KA3","CARD11"
"JAK3","AHSA1","CARD11"
"JAK3","RASSF1","CARD11"
"JAK3","BTK","CARD11"
"JAK3","HSP90AB1","CARD11"
"JAK3","SHOC2","CARD11"
"JAK3","GIT1","CARD11"
"JAK3","MAP2K4","CARD11"
"JAK3","NRAS","CARD11"
"JAK3","AR","CARD11"
"JAK3","MAPK11","CARD11"
"JAK3","PRKCI","CARD11"
"JAK3","CCR2","CARD11"
"JAK3","DAXX","CARD11"
"JAK3","INPP5D","CARD11"
"JAK3","PIK3CG","CARD11"
"JAK3","CLK2","CARD11"
"JAK3","PLCG1","CARD11"
"JAK3","CHUK","HDAC2"
"JAK3","CILK1","HDAC2"
"JAK3","PLK1","HDAC2"
"JAK3","TGFBR1","HDAC2"
"JAK3","PPP1CA","HDAC2"
"JAK3","PDPK1","HDAC2"
"JAK3","MAP3K14","HDAC2"
"JAK3","PRKCB","HDAC2"
"JAK3","RAB1A","HDAC2"
"JAK3","PRKCZ","HDAC2"
"JAK3","RACK1","HDAC2"
"JAK3","MAPK13","HDAC2"
"JAK3","RASSF1","HDAC2"
"JAK3","BTK","HDAC2"
"JAK3","PPP2R5C","HDAC2"
"JAK3","TYK2","HDAC2"
"JAK3","ZAP70","HDAC2"
"JAK3","TRAF2","HDAC2"
"JAK3","MAP2K4","HDAC2"
"JAK3","RAB7A","HDAC2"
"JAK3","EPHA2","HDAC2"
"JAK3","AR","HDAC2"
"JAK3","DUSP3","HDAC2"
"JAK3","MAPK11","HDAC2"
"JAK3","PRKCI","HDAC2"
"JAK3","PARD6A","HDAC2"
"JAK3","CCR2","HDAC2"
"JAK3","PSTPIP1","HDAC2"
"JAK3","RHEB","HDAC2"
"JAK3","DAXX","HDAC2"
"JAK3","DUSP6","HDAC2"
"JAK3","CCNE1","HDAC2"
"JAK3","IRS2","HDAC2"
"JAK3","CDC42","HDAC2"
"JAK3","PIK3CG","HDAC2"
"JAK3","SH2B2","HDAC2"
"JAK3","CLK2","HDAC2"
"JAK3","SPRY2","HDAC2"
"JAK3","RUNX2","HDAC2"
"JAK3","PIK3C3","HDAC2"
"JAK3","RND1","HDAC2"
"JAK3","WAC","HDAC2"
"JAK3","BANP","HDAC2"
"JAK3","RGCC","HDAC2"
"JAK3","CTNNB1","MEF2A"
"JAK3","PTEN","MEF2A"
"JAK3","MAPK8","MEF2A"
"JAK3","PLK1","MEF2A"
"JAK3","KRAS","MEF2A"
"JAK3","MAP2K7","MEF2A"
"JAK3","TGFBR1","MEF2A"
"JAK3","PDPK1","MEF2A"
"JAK3","SGK1","MEF2A"
"JAK3","IGF1R","MEF2A"
"JAK3","RAB1A","MEF2A"
"JAK3","PRKCZ","MEF2A"
"JAK3","TGFBR2","MEF2A"
"JAK3","MAPK13","MEF2A"
"JAK3","PIK3CA","MEF2A"
"JAK3","LEPR","MEF2A"
"JAK3","mTORC1","MEF2A"
"JAK3","ROCK1","MEF2A"
"JAK3","SGK3","MEF2A"
"JAK3","PTPN12","MEF2A"
"JAK3","PPP2R5C","MEF2A"
"JAK3","PAK1","MEF2A"
"JAK3","TYK2","MEF2A"
"JAK3","ZAP70","MEF2A"
"JAK3","DUSP1","MEF2A"
"JAK3","GIT1","MEF2A"
"JAK3","TRAF2","MEF2A"
"JAK3","MAP2K4","MEF2A"
"JAK3","RAB7A","MEF2A"
"JAK3","EPHA2","MEF2A"
"JAK3","NRAS","MEF2A"
"JAK3","AR","MEF2A"
"JAK3","PRKCI","MEF2A"
"JAK3","PARD6A","MEF2A"
"JAK3","CCR2","MEF2A"
"JAK3","PSTPIP1","MEF2A"
"JAK3","DAXX","MEF2A"
"JAK3","DUSP6","MEF2A"
"JAK3","INPP5D","MEF2A"
"JAK3","IRS2","MEF2A"
"JAK3","CDC42","MEF2A"
"JAK3","PIK3CG","MEF2A"
"JAK3","SH2B2","MEF2A"
"JAK3","PPP2R5A","MEF2A"
"JAK3","CLK2","MEF2A"
"JAK3","MDM2","MEF2A"
"JAK3","PLCG1","MEF2A"
"JAK3","SPRY2","MEF2A"
"JAK3","SH2B3","MEF2A"
"JAK3","PIK3C3","MEF2A"
"JAK3","RND1","MEF2A"
"JAK3","TIAM1","MEF2A"
"JAK3","WAC","MEF2A"
"JAK3","ACTN1","MEF2A"
"JAK3","RGCC","MEF2A"
"JAK3","CTNNB1","WWC1"
"JAK3","MAPK8","WWC1"
"JAK3","MTOR","WWC1"
"JAK3","AKT1","WWC1"
"JAK3","PLK1","WWC1"
"JAK3","KRAS","WWC1"
"JAK3","RAC1","WWC1"
"JAK3","MAP2K7","WWC1"
"JAK3","PTPRJ","WWC1"
"JAK3","PPP1CA","WWC1"
"JAK3","MAP3K14","WWC1"
"JAK3","RPS6KA1","WWC1"
"JAK3","IGF1R","WWC1"
"JAK3","STK3","WWC1"
"JAK3","PRKCZ","WWC1"
"JAK3","PAK2","WWC1"
"JAK3","PIK3CA","WWC1"
"JAK3","LEPR","WWC1"
"JAK3","mTORC1","WWC1"
"JAK3","AHSA1","WWC1"
"JAK3","ROCK1","WWC1"
"JAK3","RASSF1","WWC1"
"JAK3","SGK3","WWC1"
"JAK3","HSP90AB1","WWC1"
"JAK3","PPP2R5C","WWC1"
"JAK3","PAK1","WWC1"
"JAK3","TYK2","WWC1"
"JAK3","ZAP70","WWC1"
"JAK3","TRAF2","WWC1"
"JAK3","MAP2K4","WWC1"
"JAK3","EPHA2","WWC1"
"JAK3","NRAS","WWC1"
"JAK3","AR","WWC1"
"JAK3","DUSP3","WWC1"
"JAK3","MAPK11","WWC1"
"JAK3","PRKCI","WWC1"
"JAK3","PTPRA","WWC1"
"JAK3","CCR2","WWC1"
"JAK3","PSTPIP1","WWC1"
"JAK3","DAXX","WWC1"
"JAK3","DUSP6","WWC1"
"JAK3","PIK3R1","WWC1"
"JAK3","IRS2","WWC1"
"JAK3","CDC42","WWC1"
"JAK3","SH2B2","WWC1"
"JAK3","PPP2R5A","WWC1"
"JAK3","CLK2","WWC1"
"JAK3","YWHAE","WWC1"
"JAK3","PLCG1","WWC1"
"JAK3","SPRY2","WWC1"
"JAK3","RUNX2","WWC1"
"JAK3","SH2B3","WWC1"
"JAK3","RND1","WWC1"
"JAK3","TIAM1","WWC1"
"JAK3","WAC","WWC1"
"JAK3","BANP","WWC1"
"JAK3","DCTN6","WWC1"
"JAK3","CHUK","MEGF10"
"JAK3","CTNNB1","MEGF10"
"JAK3","PTEN","MEGF10"
"JAK3","MTOR","MEGF10"
"JAK3","AKT1","MEGF10"
"JAK3","CSNK2A1","MEGF10"
"JAK3","PLK1","MEGF10"
"JAK3","PTPRJ","MEGF10"
"JAK3","TGFBR1","MEGF10"
"JAK3","PPP1CA","MEGF10"
"JAK3","PDPK1","MEGF10"
"JAK3","IGF1R","MEGF10"
"JAK3","PRKCB","MEGF10"
"JAK3","STK3","MEGF10"
"JAK3","RAB1A","MEGF10"
"JAK3","PRKCZ","MEGF10"
"JAK3","TGFBR2","MEGF10"
"JAK3","RACK1","MEGF10"
"JAK3","HRAS","MEGF10"
"JAK3","MAPK13","MEGF10"
"JAK3","LEPR","MEGF10"
"JAK3","AHSA1","MEGF10"
"JAK3","ROCK1","MEGF10"
"JAK3","RASSF1","MEGF10"
"JAK3","SH2B1","MEGF10"
"JAK3","HSP90AB1","MEGF10"
"JAK3","SHOC2","MEGF10"
"JAK3","PTPN12","MEGF10"
"JAK3","PPP2R5C","MEGF10"
"JAK3","PAK1","MEGF10"
"JAK3","TYK2","MEGF10"
"JAK3","ZAP70","MEGF10"
"JAK3","DUSP1","MEGF10"
"JAK3","TRAF2","MEGF10"
"JAK3","MAP2K4","MEGF10"
"JAK3","RAB7A","MEGF10"
"JAK3","EPHA2","MEGF10"
"JAK3","NRAS","MEGF10"
"JAK3","MAPK11","MEGF10"
"JAK3","UNC5A","MEGF10"
"JAK3","PARD6A","MEGF10"
"JAK3","PTPRA","MEGF10"
"JAK3","PSTPIP1","MEGF10"
"JAK3","RHEB","MEGF10"
"JAK3","DAXX","MEGF10"
"JAK3","INPP5D","MEGF10"
"JAK3","PIK3R1","MEGF10"
"JAK3","CCNE1","MEGF10"
"JAK3","IRS2","MEGF10"
"JAK3","SH2B2","MEGF10"
"JAK3","PPP2R5A","MEGF10"
"JAK3","MDM2","MEGF10"
"JAK3","YWHAE","MEGF10"
"JAK3","PLCG1","MEGF10"
"JAK3","SPRY2","MEGF10"
"JAK3","RUNX2","MEGF10"
"JAK3","PIK3C3","MEGF10"
"JAK3","TIAM1","MEGF10"
"JAK3","BANP","MEGF10"
"JAK3","DCTN6","MEGF10"
"JAK3","ACTN1","MEGF10"
"JAK3","RGCC","MEGF10"
"JAK3","CHUK","CDH3"
"JAK3","CTNNB1","CDH3"
"JAK3","PTEN","CDH3"
"JAK3","MTOR","CDH3"
"JAK3","PLK1","CDH3"
"JAK3","KRAS","CDH3"
"JAK3","RAC1","CDH3"
"JAK3","MAP2K7","CDH3"
"JAK3","PTPRJ","CDH3"
"JAK3","TGFBR1","CDH3"
"JAK3","PPP1CA","CDH3"
"JAK3","PDPK1","CDH3"
"JAK3","RPS6KA1","CDH3"
"JAK3","IGF1R","CDH3"
"JAK3","STK3","CDH3"
"JAK3","PRKCZ","CDH3"
"JAK3","TGFBR2","CDH3"
"JAK3","RACK1","CDH3"
"JAK3","HRAS","CDH3"
"JAK3","LEPR","CDH3"
"JAK3","RPS6KA3","CDH3"
"JAK3","mTORC1","CDH3"
"JAK3","AHSA1","CDH3"
"JAK3","RASSF1","CDH3"
"JAK3","BTK","CDH3"
"JAK3","SH2B1","CDH3"
"JAK3","HSP90AB1","CDH3"
"JAK3","SHOC2","CDH3"
"JAK3","PTPN12","CDH3"
"JAK3","TYK2","CDH3"
"JAK3","ZAP70","CDH3"
"JAK3","DUSP1","CDH3"
"JAK3","GIT1","CDH3"
"JAK3","TRAF2","CDH3"
"JAK3","MAP2K4","CDH3"
"JAK3","NRAS","CDH3"
"JAK3","DUSP3","CDH3"
"JAK3","PRKCI","CDH3"
"JAK3","RHEB","CDH3"
"JAK3","DAXX","CDH3"
"JAK3","DUSP6","CDH3"
"JAK3","INPP5D","CDH3"
"JAK3","PIK3R1","CDH3"
"JAK3","CCNE1","CDH3"
"JAK3","IRS2","CDH3"
"JAK3","PIK3CG","CDH3"
"JAK3","PPP2R5A","CDH3"
"JAK3","MDM2","CDH3"
"JAK3","PLCG1","CDH3"
"JAK3","RUNX2","CDH3"
"JAK3","SH2B3","CDH3"
"JAK3","BANP","CDH3"
"JAK3","DCTN6","CDH3"
"JAK3","CHUK","CREB1"
"JAK3","CTNNB1","CREB1"
"JAK3","MTOR","CREB1"
"JAK3","AKT1","CREB1"
"JAK3","CSNK2A1","CREB1"
"JAK3","PLK1","CREB1"
"JAK3","TGFBR1","CREB1"
"JAK3","SGK1","CREB1"
"JAK3","IGF1R","CREB1"
"JAK3","RAB1A","CREB1"
"JAK3","TGFBR2","CREB1"
"JAK3","AKT","CREB1"
"JAK3","MAPK13","CREB1"
"JAK3","LEPR","CREB1"
"JAK3","RPS6KA3","CREB1"
"JAK3","mTORC1","CREB1"
"JAK3","BTK","CREB1"
"JAK3","PTPN11","CREB1"
"JAK3","SHOC2","CREB1"
"JAK3","PTPN12","CREB1"
"JAK3","PPP2R5C","CREB1"
"JAK3","PAK1","CREB1"
"JAK3","TYK2","CREB1"
"JAK3","GIT1","CREB1"
"JAK3","TRAF2","CREB1"
"JAK3","MAP2K4","CREB1"
"JAK3","PRKCI","CREB1"
"JAK3","RHEB","CREB1"
"JAK3","DAXX","CREB1"
"JAK3","PIK3R1","CREB1"
"JAK3","CDC42","CREB1"
"JAK3","PIK3CG","CREB1"
"JAK3","SH2B2","CREB1"
"JAK3","PPP2R5A","CREB1"
"JAK3","CLK2","CREB1"
"JAK3","MDM2","CREB1"
"JAK3","YWHAE","CREB1"
"JAK3","SPRY2","CREB1"
"JAK3","RUNX2","CREB1"
"JAK3","RND1","CREB1"
"JAK3","TIAM1","CREB1"
"JAK3","WAC","CREB1"
"JAK3","CHUK","STMN1"
"JAK3","PTEN","STMN1"
"JAK3","AKT1","STMN1"
"JAK3","PPP1CA","STMN1"
"JAK3","SGK1","STMN1"
"JAK3","PRKCB","STMN1"
"JAK3","TGFBR2","STMN1"
"JAK3","AKT","STMN1"
"JAK3","LEPR","STMN1"
"JAK3","RPS6KA3","STMN1"
"JAK3","mTORC1","STMN1"
"JAK3","AHSA1","STMN1"
"JAK3","SGK3","STMN1"
"JAK3","SH2B1","STMN1"
"JAK3","PTPN12","STMN1"
"JAK3","DUSP1","STMN1"
"JAK3","GIT1","STMN1"
"JAK3","UNC5A","STMN1"
"JAK3","RHEB","STMN1"
"JAK3","DUSP6","STMN1"
"JAK3","IRS2","STMN1"
"JAK3","CDC42","STMN1"
"JAK3","PIK3CG","STMN1"
"JAK3","SH2B2","STMN1"
"JAK3","MDM2","STMN1"
"JAK3","YWHAE","STMN1"
"JAK3","PLCG1","STMN1"
"JAK3","RUNX2","STMN1"
"JAK3","SH2B3","STMN1"
"JAK3","RND1","STMN1"
"JAK3","WAC","STMN1"
"JAK3","BANP","STMN1"
"JAK3","ACTN1","STMN1"
"JAK3","RGCC","STMN1"
"JAK3","CHUK","SCNN1G"
"JAK3","PTEN","SCNN1G"
"JAK3","MTOR","SCNN1G"
"JAK3","AKT1","SCNN1G"
"JAK3","CSNK2A1","SCNN1G"
"JAK3","PLK1","SCNN1G"
"JAK3","KRAS","SCNN1G"
"JAK3","MAP3K14","SCNN1G"
"JAK3","RPS6KA1","SCNN1G"
"JAK3","SGK1","SCNN1G"
"JAK3","IGF1R","SCNN1G"
"JAK3","STK3","SCNN1G"
"JAK3","PRKCZ","SCNN1G"
"JAK3","MAPK13","SCNN1G"
"JAK3","PIK3CA","SCNN1G"
"JAK3","LEPR","SCNN1G"
"JAK3","RPS6KA3","SCNN1G"
"JAK3","mTORC1","SCNN1G"
"JAK3","AHSA1","SCNN1G"
"JAK3","BTK","SCNN1G"
"JAK3","SGK3","SCNN1G"
"JAK3","SH2B1","SCNN1G"
"JAK3","HSP90AB1","SCNN1G"
"JAK3","PTPN12","SCNN1G"
"JAK3","PPP2R5C","SCNN1G"
"JAK3","PAK1","SCNN1G"
"JAK3","ZAP70","SCNN1G"
"JAK3","GIT1","SCNN1G"
"JAK3","TRAF2","SCNN1G"
"JAK3","MAP2K4","SCNN1G"
"JAK3","RAB7A","SCNN1G"
"JAK3","EPHA2","SCNN1G"
"JAK3","AR","SCNN1G"
"JAK3","MAPK11","SCNN1G"
"JAK3","UNC5A","SCNN1G"
"JAK3","PRKCI","SCNN1G"
"JAK3","PARD6A","SCNN1G"
"JAK3","PTPRA","SCNN1G"
"JAK3","PSTPIP1","SCNN1G"
"JAK3","RHEB","SCNN1G"
"JAK3","DAXX","SCNN1G"
"JAK3","INPP5D","SCNN1G"
"JAK3","PIK3R1","SCNN1G"
"JAK3","CCNE1","SCNN1G"
"JAK3","CDC42","SCNN1G"
"JAK3","PIK3CG","SCNN1G"
"JAK3","SH2B2","SCNN1G"
"JAK3","PPP2R5A","SCNN1G"
"JAK3","CLK2","SCNN1G"
"JAK3","MDM2","SCNN1G"
"JAK3","PLCG1","SCNN1G"
"JAK3","RND1","SCNN1G"
"JAK3","WAC","SCNN1G"
"JAK3","RGCC","SCNN1G"
"JAK3","CILK1","BRCA1"
"JAK3","PTEN","BRCA1"
"JAK3","MAP2K7","BRCA1"
"JAK3","PRKCB","BRCA1"
"JAK3","STK3","BRCA1"
"JAK3","RAB1A","BRCA1"
"JAK3","PRKCZ","BRCA1"
"JAK3","TGFBR2","BRCA1"
"JAK3","RACK1","BRCA1"
"JAK3","HRAS","BRCA1"
"JAK3","RPS6KA3","BRCA1"
"JAK3","RASSF1","BRCA1"
"JAK3","BTK","BRCA1"
"JAK3","SH2B1","BRCA1"
"JAK3","PAK1","BRCA1"
"JAK3","TYK2","BRCA1"
"JAK3","DUSP1","BRCA1"
"JAK3","GIT1","BRCA1"
"JAK3","MAPK11","BRCA1"
"JAK3","PRKCI","BRCA1"
"JAK3","PSTPIP1","BRCA1"
"JAK3","RHEB","BRCA1"
"JAK3","PIK3R1","BRCA1"
"JAK3","PIK3CG","BRCA1"
"JAK3","SH2B2","BRCA1"
"JAK3","MDM2","BRCA1"
"JAK3","YWHAE","BRCA1"
"JAK3","RUNX2","BRCA1"
"JAK3","PIK3C3","BRCA1"
"JAK3","BANP","BRCA1"
"JAK3","ACTN1","BRCA1"
"JAK3","RGCC","BRCA1"
"JAK3","CHUK","SGK2"
"JAK3","CTNNB1","SGK2"
"JAK3","PTEN","SGK2"
"JAK3","MAPK8","SGK2"
"JAK3","MTOR","SGK2"
"JAK3","PLK1","SGK2"
"JAK3","KRAS","SGK2"
"JAK3","RAC1","SGK2"
"JAK3","PTPRJ","SGK2"
"JAK3","IGF1R","SGK2"
"JAK3","RACK1","SGK2"
"JAK3","MAPK13","SGK2"
"JAK3","PIK3CA","SGK2"
"JAK3","RPS6KA3","SGK2"
"JAK3","mTORC1","SGK2"
"JAK3","SH2B1","SGK2"
"JAK3","HSP90AB1","SGK2"
"JAK3","PTPN12","SGK2"
"JAK3","PPP2R5C","SGK2"
"JAK3","PAK1","SGK2"
"JAK3","TYK2","SGK2"
"JAK3","TRAF2","SGK2"
"JAK3","MAP2K4","SGK2"
"JAK3","AR","SGK2"
"JAK3","MAPK11","SGK2"
"JAK3","UNC5A","SGK2"
"JAK3","PRKCI","SGK2"
"JAK3","PARD6A","SGK2"
"JAK3","PTPRA","SGK2"
"JAK3","CCR2","SGK2"
"JAK3","RHEB","SGK2"
"JAK3","INPP5D","SGK2"
"JAK3","PIK3R1","SGK2"
"JAK3","CCNE1","SGK2"
"JAK3","IRS2","SGK2"
"JAK3","CDC42","SGK2"
"JAK3","PIK3CG","SGK2"
"JAK3","CLK2","SGK2"
"JAK3","MDM2","SGK2"
"JAK3","YWHAE","SGK2"
"JAK3","SPRY2","SGK2"
"JAK3","TIAM1","SGK2"
"JAK3","DCTN6","SGK2"
"JAK3","ACTN1","SGK2"
"JAK3","CHUK","FPR2"
"JAK3","CTNNB1","FPR2"
"JAK3","AKT1","FPR2"
"JAK3","CSNK2A1","FPR2"
"JAK3","PLK1","FPR2"
"JAK3","RAC1","FPR2"
"JAK3","MAP2K7","FPR2"
"JAK3","PTPRJ","FPR2"
"JAK3","TGFBR1","FPR2"
"JAK3","PDPK1","FPR2"
"JAK3","MAP3K14","FPR2"
"JAK3","RPS6KA1","FPR2"
"JAK3","PAK2","FPR2"
"JAK3","RACK1","FPR2"
"JAK3","MAPK13","FPR2"
"JAK3","PIK3CA","FPR2"
"JAK3","LEPR","FPR2"
"JAK3","AHSA1","FPR2"
"JAK3","ROCK1","FPR2"
"JAK3","SGK3","FPR2"
"JAK3","SH2B1","FPR2"
"JAK3","HSP90AB1","FPR2"
"JAK3","SHOC2","FPR2"
"JAK3","PTPN12","FPR2"
"JAK3","TYK2","FPR2"
"JAK3","TRAF2","FPR2"
"JAK3","MAP2K4","FPR2"
"JAK3","AR","FPR2"
"JAK3","UNC5A","FPR2"
"JAK3","PRKCI","FPR2"
"JAK3","PARD6A","FPR2"
"JAK3","PTPRA","FPR2"
"JAK3","CCR2","FPR2"
"JAK3","PSTPIP1","FPR2"
"JAK3","DUSP6","FPR2"
"JAK3","PIK3R1","FPR2"
"JAK3","SH2B2","FPR2"
"JAK3","PPP2R5A","FPR2"
"JAK3","CLK2","FPR2"
"JAK3","YWHAE","FPR2"
"JAK3","PLCG1","FPR2"
"JAK3","SPRY2","FPR2"
"JAK3","RUNX2","FPR2"
"JAK3","PIK3C3","FPR2"
"JAK3","RND1","FPR2"
"JAK3","TIAM1","FPR2"
"JAK3","WAC","FPR2"
"JAK3","DCTN6","FPR2"
"JAK3","ACTN1","FPR2"
"JAK3","RGCC","FPR2"
"JAK3","CHUK","LARP7"
"JAK3","MAPK8","LARP7"
"JAK3","MTOR","LARP7"
"JAK3","CSNK2A1","LARP7"
"JAK3","KRAS","LARP7"
"JAK3","MAP2K7","LARP7"
"JAK3","PTPRJ","LARP7"
"JAK3","RPS6KA1","LARP7"
"JAK3","STK3","LARP7"
"JAK3","RAB1A","LARP7"
"JAK3","PRKCZ","LARP7"
"JAK3","TGFBR2","LARP7"
"JAK3","PAK2","LARP7"
"JAK3","RACK1","LARP7"
"JAK3","MAPK13","LARP7"
"JAK3","LEPR","LARP7"
"JAK3","RPS6KA3","LARP7"
"JAK3","mTORC1","LARP7"
"JAK3","AHSA1","LARP7"
"JAK3","RASSF1","LARP7"
"JAK3","BTK","LARP7"
"JAK3","SGK3","LARP7"
"JAK3","SHOC2","LARP7"
"JAK3","PPP2R5C","LARP7"
"JAK3","PAK1","LARP7"
"JAK3","TYK2","LARP7"
"JAK3","ZAP70","LARP7"
"JAK3","DUSP1","LARP7"
"JAK3","GIT1","LARP7"
"JAK3","RAB7A","LARP7"
"JAK3","NRAS","LARP7"
"JAK3","AR","LARP7"
"JAK3","MAPK11","LARP7"
"JAK3","UNC5A","LARP7"
"JAK3","PRKCI","LARP7"
"JAK3","PARD6A","LARP7"
"JAK3","PTPRA","LARP7"
"JAK3","CCR2","LARP7"
"JAK3","PSTPIP1","LARP7"
"JAK3","DAXX","LARP7"
"JAK3","CCNE1","LARP7"
"JAK3","PIK3CG","LARP7"
"JAK3","SH2B2","LARP7"
"JAK3","PPP2R5A","LARP7"
"JAK3","CLK2","LARP7"
"JAK3","MDM2","LARP7"
"JAK3","YWHAE","LARP7"
"JAK3","SPRY2","LARP7"
"JAK3","PIK3C3","LARP7"
"JAK3","TIAM1","LARP7"
"JAK3","WAC","LARP7"
"JAK3","BANP","LARP7"
"JAK3","DCTN6","LARP7"
"JAK3","ACTN1","LARP7"
"JAK3","RGCC","LARP7"
"JAK3","CTNNB1","PECAM1"
"JAK3","PTEN","PECAM1"
"JAK3","MAPK8","PECAM1"
"JAK3","MTOR","PECAM1"
"JAK3","PLK1","PECAM1"
"JAK3","PDPK1","PECAM1"
"JAK3","SGK1","PECAM1"
"JAK3","STK3","PECAM1"
"JAK3","RAB1A","PECAM1"
"JAK3","PRKCZ","PECAM1"
"JAK3","TGFBR2","PECAM1"
"JAK3","RACK1","PECAM1"
"JAK3","HRAS","PECAM1"
"JAK3","MAPK13","PECAM1"
"JAK3","PIK3CA","PECAM1"
"JAK3","LEPR","PECAM1"
"JAK3","RPS6KA3","PECAM1"
"JAK3","mTORC1","PECAM1"
"JAK3","RASSF1","PECAM1"
"JAK3","BTK","PECAM1"
"JAK3","SH2B1","PECAM1"
"JAK3","HSP90AB1","PECAM1"
"JAK3","PTPN12","PECAM1"
"JAK3","PPP2R5C","PECAM1"
"JAK3","PAK1","PECAM1"
"JAK3","DUSP1","PECAM1"
"JAK3","GIT1","PECAM1"
"JAK3","RAB7A","PECAM1"
"JAK3","MAPK11","PECAM1"
"JAK3","PARD6A","PECAM1"
"JAK3","PTPRA","PECAM1"
"JAK3","PSTPIP1","PECAM1"
"JAK3","RHEB","PECAM1"
"JAK3","PIK3R1","PECAM1"
"JAK3","CCNE1","PECAM1"
"JAK3","IRS2","PECAM1"
"JAK3","CDC42","PECAM1"
"JAK3","SH2B2","PECAM1"
"JAK3","PPP2R5A","PECAM1"
"JAK3","CLK2","PECAM1"
"JAK3","MDM2","PECAM1"
"JAK3","PLCG1","PECAM1"
"JAK3","RND1","PECAM1"
"JAK3","TIAM1","PECAM1"
"JAK3","DCTN6","PECAM1"
"JAK3","ACTN1","PECAM1"
"JAK3","CILK1","UBXN2B"
"JAK3","MAPK8","UBXN2B"
"JAK3","CSNK2A1","UBXN2B"
"JAK3","MAP2K7","UBXN2B"
"JAK3","PTPRJ","UBXN2B"
"JAK3","TGFBR1","UBXN2B"
"JAK3","PPP1CA","UBXN2B"
"JAK3","PDPK1","UBXN2B"
"JAK3","MAP3K14","UBXN2B"
"JAK3","SGK1","UBXN2B"
"JAK3","IGF1R","UBXN2B"
"JAK3","PRKCZ","UBXN2B"
"JAK3","TGFBR2","UBXN2B"
"JAK3","AKT","UBXN2B"
"JAK3","RACK1","UBXN2B"
"JAK3","HRAS","UBXN2B"
"JAK3","MAPK13","UBXN2B"
"JAK3","PIK3CA","UBXN2B"
"JAK3","ROCK1","UBXN2B"
"JAK3","RASSF1","UBXN2B"
"JAK3","SGK3","UBXN2B"
"JAK3","SH2B1","UBXN2B"
"JAK3","PTPN12","UBXN2B"
"JAK3","TYK2","UBXN2B"
"JAK3","ZAP70","UBXN2B"
"JAK3","EPHA2","UBXN2B"
"JAK3","DUSP3","UBXN2B"
"JAK3","MAPK11","UBXN2B"
"JAK3","UNC5A","UBXN2B"
"JAK3","PRKCI","UBXN2B"
"JAK3","PARD6A","UBXN2B"
"JAK3","PTPRA","UBXN2B"
"JAK3","CCR2","UBXN2B"
"JAK3","PSTPIP1","UBXN2B"
"JAK3","CDC42","UBXN2B"
"JAK3","YWHAE","UBXN2B"
"JAK3","PIK3C3","UBXN2B"
"JAK3","RND1","UBXN2B"
"JAK3","TIAM1","UBXN2B"
"JAK3","WAC","UBXN2B"
"JAK3","DCTN6","UBXN2B"
"JAK3","CTNNB1","CD3"
"JAK3","CILK1","CD3"
"JAK3","MTOR","CD3"
"JAK3","KRAS","CD3"
"JAK3","PTPRJ","CD3"
"JAK3","TGFBR1","CD3"
"JAK3","MAP3K14","CD3"
"JAK3","RPS6KA1","CD3"
"JAK3","IGF1R","CD3"
"JAK3","PAK2","CD3"
"JAK3","RACK1","CD3"
"JAK3","MAPK13","CD3"
"JAK3","LEPR","CD3"
"JAK3","RPS6KA3","CD3"
"JAK3","AHSA1","CD3"
"JAK3","RASSF1","CD3"
"JAK3","PPP2R5C","CD3"
"JAK3","PAK1","CD3"
"JAK3","MAP2K4","CD3"
"JAK3","EPHA2","CD3"
"JAK3","DUSP3","CD3"
"JAK3","MAPK11","CD3"
"JAK3","UNC5A","CD3"
"JAK3","PARD6A","CD3"
"JAK3","PTPRA","CD3"
"JAK3","CCR2","CD3"
"JAK3","DAXX","CD3"
"JAK3","DUSP6","CD3"
"JAK3","INPP5D","CD3"
"JAK3","CCNE1","CD3"
"JAK3","PIK3CG","CD3"
"JAK3","MDM2","CD3"
"JAK3","YWHAE","CD3"
"JAK3","PLCG1","CD3"
"JAK3","RND1","CD3"
"JAK3","TIAM1","CD3"
"JAK3","WAC","CD3"
"JAK3","BANP","CD3"
"JAK3","ACTN1","CD3"
"JAK3","RGCC","CD3"
"JAK3","CHUK","MST1R"
"JAK3","CILK1","MST1R"
"JAK3","PTEN","MST1R"
"JAK3","MAPK8","MST1R"
"JAK3","AKT1","MST1R"
"JAK3","CSNK2A1","MST1R"
"JAK3","PLK1","MST1R"
"JAK3","RAC1","MST1R"
"JAK3","TGFBR1","MST1R"
"JAK3","SGK1","MST1R"
"JAK3","IGF1R","MST1R"
"JAK3","RAB1A","MST1R"
"JAK3","PRKCZ","MST1R"
"JAK3","TGFBR2","MST1R"
"JAK3","PAK2","MST1R"
"JAK3","PIK3CA","MST1R"
"JAK3","LEPR","MST1R"
"JAK3","RPS6KA3","MST1R"
"JAK3","mTORC1","MST1R"
"JAK3","ROCK1","MST1R"
"JAK3","BTK","MST1R"
"JAK3","SGK3","MST1R"
"JAK3","SH2B1","MST1R"
"JAK3","HSP90AB1","MST1R"
"JAK3","PTPN12","MST1R"
"JAK3","PPP2R5C","MST1R"
"JAK3","PAK1","MST1R"
"JAK3","TYK2","MST1R"
"JAK3","ZAP70","MST1R"
"JAK3","DUSP1","MST1R"
"JAK3","TRAF2","MST1R"
"JAK3","RAB7A","MST1R"
"JAK3","EPHA2","MST1R"
"JAK3","UNC5A","MST1R"
"JAK3","PRKCI","MST1R"
"JAK3","PARD6A","MST1R"
"JAK3","CCR2","MST1R"
"JAK3","PSTPIP1","MST1R"
"JAK3","RHEB","MST1R"
"JAK3","DAXX","MST1R"
"JAK3","DUSP6","MST1R"
"JAK3","INPP5D","MST1R"
"JAK3","IRS2","MST1R"
"JAK3","CDC42","MST1R"
"JAK3","SH2B2","MST1R"
"JAK3","PPP2R5A","MST1R"
"JAK3","CLK2","MST1R"
"JAK3","MDM2","MST1R"
"JAK3","YWHAE","MST1R"
"JAK3","SPRY2","MST1R"
"JAK3","SH2B3","MST1R"
"JAK3","TIAM1","MST1R"
"JAK3","WAC","MST1R"
"JAK3","DCTN6","MST1R"
"JAK3","ACTN1","MST1R"
"JAK3","RGCC","MST1R"
"JAK3","CTNNB1","PRL"
"JAK3","PTEN","PRL"
"JAK3","MTOR","PRL"
"JAK3","AKT1","PRL"
"JAK3","CSNK2A1","PRL"
"JAK3","KRAS","PRL"
"JAK3","RAC1","PRL"
"JAK3","MAP2K7","PRL"
"JAK3","TGFBR1","PRL"
"JAK3","PPP1CA","PRL"
"JAK3","PDPK1","PRL"
"JAK3","RPS6KA1","PRL"
"JAK3","SGK1","PRL"
"JAK3","STK3","PRL"
"JAK3","RAB1A","PRL"
"JAK3","PRKCZ","PRL"
"JAK3","TGFBR2","PRL"
"JAK3","AKT","PRL"
"JAK3","RACK1","PRL"
"JAK3","HRAS","PRL"
"JAK3","MAPK13","PRL"
"JAK3","LEPR","PRL"
"JAK3","RPS6KA3","PRL"
"JAK3","AHSA1","PRL"
"JAK3","ROCK1","PRL"
"JAK3","RASSF1","PRL"
"JAK3","SHOC2","PRL"
"JAK3","DUSP1","PRL"
"JAK3","MAP2K4","PRL"
"JAK3","AR","PRL"
"JAK3","DUSP3","PRL"
"JAK3","MAPK11","PRL"
"JAK3","PRKCI","PRL"
"JAK3","PARD6A","PRL"
"JAK3","PTPRA","PRL"
"JAK3","RHEB","PRL"
"JAK3","IRS2","PRL"
"JAK3","PIK3CG","PRL"
"JAK3","CLK2","PRL"
"JAK3","MDM2","PRL"
"JAK3","YWHAE","PRL"
"JAK3","SPRY2","PRL"
"JAK3","SH2B3","PRL"
"JAK3","ACTN1","PRL"
"JAK3","RGCC","PRL"
"JAK3","CHUK","PIK3R3"
"JAK3","CTNNB1","PIK3R3"
"JAK3","PTEN","PIK3R3"
"JAK3","MTOR","PIK3R3"
"JAK3","PLK1","PIK3R3"
"JAK3","KRAS","PIK3R3"
"JAK3","TGFBR1","PIK3R3"
"JAK3","PDPK1","PIK3R3"
"JAK3","RPS6KA1","PIK3R3"
"JAK3","STK3","PIK3R3"
"JAK3","RAB1A","PIK3R3"
"JAK3","PRKCZ","PIK3R3"
"JAK3","AKT","PIK3R3"
"JAK3","RACK1","PIK3R3"
"JAK3","HRAS","PIK3R3"
"JAK3","MAPK13","PIK3R3"
"JAK3","RPS6KA3","PIK3R3"
"JAK3","SGK3","PIK3R3"
"JAK3","PTPN12","PIK3R3"
"JAK3","PAK1","PIK3R3"
"JAK3","TRAF2","PIK3R3"
"JAK3","NRAS","PIK3R3"
"JAK3","DUSP6","PIK3R3"
"JAK3","CDC42","PIK3R3"
"JAK3","PIK3CG","PIK3R3"
"JAK3","SH2B2","PIK3R3"
"JAK3","PPP2R5A","PIK3R3"
"JAK3","MDM2","PIK3R3"
"JAK3","SPRY2","PIK3R3"
"JAK3","SH2B3","PIK3R3"
"JAK3","RND1","PIK3R3"
"JAK3","TIAM1","PIK3R3"
"JAK3","BANP","PIK3R3"
"JAK3","PTEN","PLEKHG2"
"JAK3","MAPK8","PLEKHG2"
"JAK3","CSNK2A1","PLEKHG2"
"JAK3","PLK1","PLEKHG2"
"JAK3","PDPK1","PLEKHG2"
"JAK3","RPS6KA1","PLEKHG2"
"JAK3","SGK1","PLEKHG2"
"JAK3","PRKCB","PLEKHG2"
"JAK3","RACK1","PLEKHG2"
"JAK3","HRAS","PLEKHG2"
"JAK3","MAPK13","PLEKHG2"
"JAK3","PIK3CA","PLEKHG2"
"JAK3","LEPR","PLEKHG2"
"JAK3","RPS6KA3","PLEKHG2"
"JAK3","mTORC1","PLEKHG2"
"JAK3","AHSA1","PLEKHG2"
"JAK3","BTK","PLEKHG2"
"JAK3","SGK3","PLEKHG2"
"JAK3","SH2B1","PLEKHG2"
"JAK3","SHOC2","PLEKHG2"
"JAK3","PAK1","PLEKHG2"
"JAK3","TYK2","PLEKHG2"
"JAK3","ZAP70","PLEKHG2"
"JAK3","TRAF2","PLEKHG2"
"JAK3","MAP2K4","PLEKHG2"
"JAK3","RAB7A","PLEKHG2"
"JAK3","EPHA2","PLEKHG2"
"JAK3","AR","PLEKHG2"
"JAK3","DUSP3","PLEKHG2"
"JAK3","MAPK11","PLEKHG2"
"JAK3","UNC5A","PLEKHG2"
"JAK3","PARD6A","PLEKHG2"
"JAK3","PTPRA","PLEKHG2"
"JAK3","CCR2","PLEKHG2"
"JAK3","RHEB","PLEKHG2"
"JAK3","INPP5D","PLEKHG2"
"JAK3","PIK3R1","PLEKHG2"
"JAK3","IRS2","PLEKHG2"
"JAK3","CDC42","PLEKHG2"
"JAK3","PIK3CG","PLEKHG2"
"JAK3","PPP2R5A","PLEKHG2"
"JAK3","CLK2","PLEKHG2"
"JAK3","MDM2","PLEKHG2"
"JAK3","YWHAE","PLEKHG2"
"JAK3","PLCG1","PLEKHG2"
"JAK3","SPRY2","PLEKHG2"
"JAK3","RUNX2","PLEKHG2"
"JAK3","SH2B3","PLEKHG2"
"JAK3","PIK3C3","PLEKHG2"
"JAK3","TIAM1","PLEKHG2"
"JAK3","WAC","PLEKHG2"
"JAK3","BANP","PLEKHG2"
"JAK3","DCTN6","PLEKHG2"
"JAK3","ACTN1","PLEKHG2"
"JAK3","RGCC","PLEKHG2"
"JAK3","CHUK","MCC"
"JAK3","CTNNB1","MCC"
"JAK3","PTEN","MCC"
"JAK3","MTOR","MCC"
"JAK3","CSNK2A1","MCC"
"JAK3","PLK1","MCC"
"JAK3","KRAS","MCC"
"JAK3","RAC1","MCC"
"JAK3","MAP2K7","MCC"
"JAK3","PTPRJ","MCC"
"JAK3","PPP1CA","MCC"
"JAK3","MAP3K14","MCC"
"JAK3","SGK1","MCC"
"JAK3","IGF1R","MCC"
"JAK3","PRKCB","MCC"
"JAK3","PAK2","MCC"
"JAK3","RACK1","MCC"
"JAK3","MAPK13","MCC"
"JAK3","LEPR","MCC"
"JAK3","mTORC1","MCC"
"JAK3","AHSA1","MCC"
"JAK3","SH2B1","MCC"
"JAK3","PPP2R5C","MCC"
"JAK3","RAB7A","MCC"
"JAK3","AR","MCC"
"JAK3","DUSP3","MCC"
"JAK3","MAPK11","MCC"
"JAK3","UNC5A","MCC"
"JAK3","PRKCI","MCC"
"JAK3","PTPRA","MCC"
"JAK3","PSTPIP1","MCC"
"JAK3","INPP5D","MCC"
"JAK3","PIK3R1","MCC"
"JAK3","CCNE1","MCC"
"JAK3","PPP2R5A","MCC"
"JAK3","CLK2","MCC"
"JAK3","MDM2","MCC"
"JAK3","RUNX2","MCC"
"JAK3","SH2B3","MCC"
"JAK3","TIAM1","MCC"
"JAK3","DCTN6","MCC"
"JAK3","ACTN1","MCC"
"JAK3","RGCC","MCC"
"JAK3","CILK1","TACSTD2"
"JAK3","PTEN","TACSTD2"
"JAK3","MAPK8","TACSTD2"
"JAK3","AKT1","TACSTD2"
"JAK3","CSNK2A1","TACSTD2"
"JAK3","PLK1","TACSTD2"
"JAK3","KRAS","TACSTD2"
"JAK3","RAC1","TACSTD2"
"JAK3","MAP2K7","TACSTD2"
"JAK3","PDPK1","TACSTD2"
"JAK3","MAP3K14","TACSTD2"
"JAK3","SGK1","TACSTD2"
"JAK3","STK3","TACSTD2"
"JAK3","RAB1A","TACSTD2"
"JAK3","PRKCZ","TACSTD2"
"JAK3","AKT","TACSTD2"
"JAK3","RACK1","TACSTD2"
"JAK3","LEPR","TACSTD2"
"JAK3","RPS6KA3","TACSTD2"
"JAK3","mTORC1","TACSTD2"
"JAK3","AHSA1","TACSTD2"
"JAK3","RASSF1","TACSTD2"
"JAK3","BTK","TACSTD2"
"JAK3","SGK3","TACSTD2"
"JAK3","SH2B1","TACSTD2"
"JAK3","HSP90AB1","TACSTD2"
"JAK3","PPP2R5C","TACSTD2"
"JAK3","PAK1","TACSTD2"
"JAK3","ZAP70","TACSTD2"
"JAK3","DUSP1","TACSTD2"
"JAK3","TRAF2","TACSTD2"
"JAK3","MAP2K4","TACSTD2"
"JAK3","RAB7A","TACSTD2"
"JAK3","AR","TACSTD2"
"JAK3","DUSP3","TACSTD2"
"JAK3","MAPK11","TACSTD2"
"JAK3","UNC5A","TACSTD2"
"JAK3","PRKCI","TACSTD2"
"JAK3","PTPRA","TACSTD2"
"JAK3","CCR2","TACSTD2"
"JAK3","RHEB","TACSTD2"
"JAK3","DAXX","TACSTD2"
"JAK3","DUSP6","TACSTD2"
"JAK3","PIK3R1","TACSTD2"
"JAK3","IRS2","TACSTD2"
"JAK3","PPP2R5A","TACSTD2"
"JAK3","CLK2","TACSTD2"
"JAK3","MDM2","TACSTD2"
"JAK3","YWHAE","TACSTD2"
"JAK3","PLCG1","TACSTD2"
"JAK3","SPRY2","TACSTD2"
"JAK3","SH2B3","TACSTD2"
"JAK3","RND1","TACSTD2"
"JAK3","WAC","TACSTD2"
"JAK3","BANP","TACSTD2"
"JAK3","DCTN6","TACSTD2"
"JAK3","ACTN1","TACSTD2"
"JAK3","RGCC","TACSTD2"
"JAK3","CHUK","THRB"
"JAK3","PTEN","THRB"
"JAK3","MAPK8","THRB"
"JAK3","MTOR","THRB"
"JAK3","CSNK2A1","THRB"
"JAK3","RAC1","THRB"
"JAK3","MAP2K7","THRB"
"JAK3","PTPRJ","THRB"
"JAK3","MAP3K14","THRB"
"JAK3","RPS6KA1","THRB"
"JAK3","SGK1","THRB"
"JAK3","IGF1R","THRB"
"JAK3","PRKCB","THRB"
"JAK3","STK3","THRB"
"JAK3","RAB1A","THRB"
"JAK3","PRKCZ","THRB"
"JAK3","PAK2","THRB"
"JAK3","AKT","THRB"
"JAK3","RACK1","THRB"
"JAK3","MAPK13","THRB"
"JAK3","RPS6KA3","THRB"
"JAK3","mTORC1","THRB"
"JAK3","ROCK1","THRB"
"JAK3","RASSF1","THRB"
"JAK3","SGK3","THRB"
"JAK3","SH2B1","THRB"
"JAK3","SHOC2","THRB"
"JAK3","PTPN12","THRB"
"JAK3","PPP2R5C","THRB"
"JAK3","PAK1","THRB"
"JAK3","DUSP1","THRB"
"JAK3","TRAF2","THRB"
"JAK3","MAP2K4","THRB"
"JAK3","EPHA2","THRB"
"JAK3","AR","THRB"
"JAK3","MAPK11","THRB"
"JAK3","UNC5A","THRB"
"JAK3","PARD6A","THRB"
"JAK3","RHEB","THRB"
"JAK3","DAXX","THRB"
"JAK3","DUSP6","THRB"
"JAK3","INPP5D","THRB"
"JAK3","PIK3R1","THRB"
"JAK3","CCNE1","THRB"
"JAK3","CDC42","THRB"
"JAK3","SH2B2","THRB"
"JAK3","CLK2","THRB"
"JAK3","MDM2","THRB"
"JAK3","YWHAE","THRB"
"JAK3","PLCG1","THRB"
"JAK3","SPRY2","THRB"
"JAK3","RUNX2","THRB"
"JAK3","TIAM1","THRB"
"JAK3","WAC","THRB"
"JAK3","RGCC","THRB"
"JAK3","CHUK","ABI1"
"JAK3","CILK1","ABI1"
"JAK3","PTEN","ABI1"
"JAK3","MAPK8","ABI1"
"JAK3","MTOR","ABI1"
"JAK3","AKT1","ABI1"
"JAK3","CSNK2A1","ABI1"
"JAK3","PLK1","ABI1"
"JAK3","MAP2K7","ABI1"
"JAK3","PTPRJ","ABI1"
"JAK3","TGFBR1","ABI1"
"JAK3","RPS6KA1","ABI1"
"JAK3","SGK1","ABI1"
"JAK3","PRKCB","ABI1"
"JAK3","STK3","ABI1"
"JAK3","RAB1A","ABI1"
"JAK3","PRKCZ","ABI1"
"JAK3","TGFBR2","ABI1"
"JAK3","PAK2","ABI1"
"JAK3","AKT","ABI1"
"JAK3","HRAS","ABI1"
"JAK3","MAPK13","ABI1"
"JAK3","PIK3CA","ABI1"
"JAK3","LEPR","ABI1"
"JAK3","mTORC1","ABI1"
"JAK3","AHSA1","ABI1"
"JAK3","ROCK1","ABI1"
"JAK3","RASSF1","ABI1"
"JAK3","SGK3","ABI1"
"JAK3","SH2B1","ABI1"
"JAK3","HSP90AB1","ABI1"
"JAK3","ZAP70","ABI1"
"JAK3","GIT1","ABI1"
"JAK3","TRAF2","ABI1"
"JAK3","MAP2K4","ABI1"
"JAK3","RAB7A","ABI1"
"JAK3","EPHA2","ABI1"
"JAK3","NRAS","ABI1"
"JAK3","AR","ABI1"
"JAK3","DUSP3","ABI1"
"JAK3","PARD6A","ABI1"
"JAK3","CCR2","ABI1"
"JAK3","RHEB","ABI1"
"JAK3","DAXX","ABI1"
"JAK3","INPP5D","ABI1"
"JAK3","CCNE1","ABI1"
"JAK3","CDC42","ABI1"
"JAK3","SH2B2","ABI1"
"JAK3","MDM2","ABI1"
"JAK3","YWHAE","ABI1"
"JAK3","PLCG1","ABI1"
"JAK3","RUNX2","ABI1"
"JAK3","SH2B3","ABI1"
"JAK3","PIK3C3","ABI1"
"JAK3","TIAM1","ABI1"
"JAK3","BANP","ABI1"
"JAK3","ACTN1","ABI1"
"JAK3","RGCC","ABI1"
"JAK3","CHUK","RPS6KB2"
"JAK3","CILK1","RPS6KB2"
"JAK3","PTEN","RPS6KB2"
"JAK3","MAPK8","RPS6KB2"
"JAK3","MTOR","RPS6KB2"
"JAK3","CSNK2A1","RPS6KB2"
"JAK3","RAC1","RPS6KB2"
"JAK3","MAP2K7","RPS6KB2"
"JAK3","TGFBR1","RPS6KB2"
"JAK3","PPP1CA","RPS6KB2"
"JAK3","MAP3K14","RPS6KB2"
"JAK3","STK3","RPS6KB2"
"JAK3","RAB1A","RPS6KB2"
"JAK3","PAK2","RPS6KB2"
"JAK3","RACK1","RPS6KB2"
"JAK3","PIK3CA","RPS6KB2"
"JAK3","LEPR","RPS6KB2"
"JAK3","RPS6KA3","RPS6KB2"
"JAK3","mTORC1","RPS6KB2"
"JAK3","AHSA1","RPS6KB2"
"JAK3","BTK","RPS6KB2"
"JAK3","SGK3","RPS6KB2"
"JAK3","SH2B1","RPS6KB2"
"JAK3","HSP90AB1","RPS6KB2"
"JAK3","SHOC2","RPS6KB2"
"JAK3","PTPN12","RPS6KB2"
"JAK3","PPP2R5C","RPS6KB2"
"JAK3","ZAP70","RPS6KB2"
"JAK3","GIT1","RPS6KB2"
"JAK3","TRAF2","RPS6KB2"
"JAK3","MAP2K4","RPS6KB2"
"JAK3","EPHA2","RPS6KB2"
"JAK3","MAPK11","RPS6KB2"
"JAK3","PRKCI","RPS6KB2"
"JAK3","INPP5D","RPS6KB2"
"JAK3","PIK3R1","RPS6KB2"
"JAK3","CCNE1","RPS6KB2"
"JAK3","IRS2","RPS6KB2"
"JAK3","CDC42","RPS6KB2"
"JAK3","PIK3CG","RPS6KB2"
"JAK3","MDM2","RPS6KB2"
"JAK3","YWHAE","RPS6KB2"
"JAK3","PLCG1","RPS6KB2"
"JAK3","SPRY2","RPS6KB2"
"JAK3","RND1","RPS6KB2"
"JAK3","DCTN6","RPS6KB2"
"JAK3","CTNNB1","NOXA1"
"JAK3","CILK1","NOXA1"
"JAK3","MTOR","NOXA1"
"JAK3","AKT1","NOXA1"
"JAK3","CSNK2A1","NOXA1"
"JAK3","PLK1","NOXA1"
"JAK3","RAC1","NOXA1"
"JAK3","MAP2K7","NOXA1"
"JAK3","PTPRJ","NOXA1"
"JAK3","TGFBR1","NOXA1"
"JAK3","PPP1CA","NOXA1"
"JAK3","RPS6KA1","NOXA1"
"JAK3","STK3","NOXA1"
"JAK3","RAB1A","NOXA1"
"JAK3","PRKCZ","NOXA1"
"JAK3","TGFBR2","NOXA1"
"JAK3","PAK2","NOXA1"
"JAK3","AKT","NOXA1"
"JAK3","MAPK13","NOXA1"
"JAK3","LEPR","NOXA1"
"JAK3","RPS6KA3","NOXA1"
"JAK3","mTORC1","NOXA1"
"JAK3","ROCK1","NOXA1"
"JAK3","RASSF1","NOXA1"
"JAK3","BTK","NOXA1"
"JAK3","SGK3","NOXA1"
"JAK3","SHOC2","NOXA1"
"JAK3","PPP2R5C","NOXA1"
"JAK3","GIT1","NOXA1"
"JAK3","TRAF2","NOXA1"
"JAK3","MAP2K4","NOXA1"
"JAK3","RAB7A","NOXA1"
"JAK3","EPHA2","NOXA1"
"JAK3","UNC5A","NOXA1"
"JAK3","RHEB","NOXA1"
"JAK3","DAXX","NOXA1"
"JAK3","CCNE1","NOXA1"
"JAK3","IRS2","NOXA1"
"JAK3","PIK3CG","NOXA1"
"JAK3","SH2B2","NOXA1"
"JAK3","PPP2R5A","NOXA1"
"JAK3","CLK2","NOXA1"
"JAK3","YWHAE","NOXA1"
"JAK3","PLCG1","NOXA1"
"JAK3","SPRY2","NOXA1"
"JAK3","PIK3C3","NOXA1"
"JAK3","RND1","NOXA1"
"JAK3","ACTN1","NOXA1"
"JAK3","RGCC","NOXA1"
"JAK3","CHUK","RUNX2"
"JAK3","CTNNB1","RUNX2"
"JAK3","CSNK2A1","RUNX2"
"JAK3","KRAS","RUNX2"
"JAK3","RAC1","RUNX2"
"JAK3","MAP2K7","RUNX2"
"JAK3","PTPRJ","RUNX2"
"JAK3","TGFBR1","RUNX2"
"JAK3","PDPK1","RUNX2"
"JAK3","SGK1","RUNX2"
"JAK3","IGF1R","RUNX2"
"JAK3","PRKCB","RUNX2"
"JAK3","PAK2","RUNX2"
"JAK3","AKT","RUNX2"
"JAK3","HRAS","RUNX2"
"JAK3","MAPK13","RUNX2"
"JAK3","PIK3CA","RUNX2"
"JAK3","RPS6KA3","RUNX2"
"JAK3","mTORC1","RUNX2"
"JAK3","RASSF1","RUNX2"
"JAK3","BTK","RUNX2"
"JAK3","HSP90AB1","RUNX2"
"JAK3","PAK1","RUNX2"
"JAK3","TYK2","RUNX2"
"JAK3","MAP2K4","RUNX2"
"JAK3","NRAS","RUNX2"
"JAK3","AR","RUNX2"
"JAK3","PRKCI","RUNX2"
"JAK3","PARD6A","RUNX2"
"JAK3","PTPRA","RUNX2"
"JAK3","CCR2","RUNX2"
"JAK3","PSTPIP1","RUNX2"
"JAK3","RHEB","RUNX2"
"JAK3","DAXX","RUNX2"
"JAK3","DUSP6","RUNX2"
"JAK3","CCNE1","RUNX2"
"JAK3","IRS2","RUNX2"
"JAK3","CDC42","RUNX2"
"JAK3","PIK3CG","RUNX2"
"JAK3","SH2B2","RUNX2"
"JAK3","PPP2R5A","RUNX2"
"JAK3","YWHAE","RUNX2"
"JAK3","PLCG1","RUNX2"
"JAK3","SPRY2","RUNX2"
"JAK3","PIK3C3","RUNX2"
"JAK3","DCTN6","RUNX2"
"JAK3","CHUK","CBL"
"JAK3","CTNNB1","CBL"
"JAK3","PTEN","CBL"
"JAK3","MAPK8","CBL"
"JAK3","AKT1","CBL"
"JAK3","KRAS","CBL"
"JAK3","RAC1","CBL"
"JAK3","PTPRJ","CBL"
"JAK3","TGFBR1","CBL"
"JAK3","PPP1CA","CBL"
"JAK3","PDPK1","CBL"
"JAK3","MAP3K14","CBL"
"JAK3","RPS6KA1","CBL"
"JAK3","IGF1R","CBL"
"JAK3","RACK1","CBL"
"JAK3","RPS6KA3","CBL"
"JAK3","mTORC1","CBL"
"JAK3","ROCK1","CBL"
"JAK3","RASSF1","CBL"
"JAK3","PTPN12","CBL"
"JAK3","PPP2R5C","CBL"
"JAK3","PAK1","CBL"
"JAK3","ZAP70","CBL"
"JAK3","TRAF2","CBL"
"JAK3","NRAS","CBL"
"JAK3","DUSP3","CBL"
"JAK3","UNC5A","CBL"
"JAK3","PARD6A","CBL"
"JAK3","RHEB","CBL"
"JAK3","DAXX","CBL"
"JAK3","PIK3R1","CBL"
"JAK3","CCNE1","CBL"
"JAK3","IRS2","CBL"
"JAK3","CDC42","CBL"
"JAK3","CLK2","CBL"
"JAK3","MDM2","CBL"
"JAK3","YWHAE","CBL"
"JAK3","PLCG1","CBL"
"JAK3","SPRY2","CBL"
"JAK3","SH2B3","CBL"
"JAK3","PIK3C3","CBL"
"JAK3","RND1","CBL"
"JAK3","BANP","CBL"
"JAK3","ACTN1","CBL"
"JAK3","CHUK","RBBP8"
"JAK3","MTOR","RBBP8"
"JAK3","AKT1","RBBP8"
"JAK3","MAP2K7","RBBP8"
"JAK3","PDPK1","RBBP8"
"JAK3","SGK1","RBBP8"
"JAK3","IGF1R","RBBP8"
"JAK3","RAB1A","RBBP8"
"JAK3","PRKCZ","RBBP8"
"JAK3","TGFBR2","RBBP8"
"JAK3","RACK1","RBBP8"
"JAK3","PIK3CA","RBBP8"
"JAK3","RPS6KA3","RBBP8"
"JAK3","RASSF1","RBBP8"
"JAK3","HSP90AB1","RBBP8"
"JAK3","PTPN12","RBBP8"
"JAK3","MAP2K4","RBBP8"
"JAK3","DUSP3","RBBP8"
"JAK3","UNC5A","RBBP8"
"JAK3","CCNE1","RBBP8"
"JAK3","IRS2","RBBP8"
"JAK3","CDC42","RBBP8"
"JAK3","PIK3CG","RBBP8"
"JAK3","MDM2","RBBP8"
"JAK3","RND1","RBBP8"
"JAK3","WAC","RBBP8"
"JAK3","CILK1","KLHL3"
"JAK3","PTEN","KLHL3"
"JAK3","CSNK2A1","KLHL3"
"JAK3","MAP2K7","KLHL3"
"JAK3","PDPK1","KLHL3"
"JAK3","MAP3K14","KLHL3"
"JAK3","RPS6KA1","KLHL3"
"JAK3","PRKCB","KLHL3"
"JAK3","STK3","KLHL3"
"JAK3","RAB1A","KLHL3"
"JAK3","PRKCZ","KLHL3"
"JAK3","TGFBR2","KLHL3"
"JAK3","RACK1","KLHL3"
"JAK3","HRAS","KLHL3"
"JAK3","MAPK13","KLHL3"
"JAK3","mTORC1","KLHL3"
"JAK3","AHSA1","KLHL3"
"JAK3","SH2B1","KLHL3"
"JAK3","PTPN12","KLHL3"
"JAK3","PAK1","KLHL3"
"JAK3","TYK2","KLHL3"
"JAK3","ZAP70","KLHL3"
"JAK3","DUSP1","KLHL3"
"JAK3","EPHA2","KLHL3"
"JAK3","NRAS","KLHL3"
"JAK3","DUSP3","KLHL3"
"JAK3","PARD6A","KLHL3"
"JAK3","CCNE1","KLHL3"
"JAK3","PIK3CG","KLHL3"
"JAK3","SH2B2","KLHL3"
"JAK3","MDM2","KLHL3"
"JAK3","DCTN6","KLHL3"
"JAK3","RGCC","KLHL3"
"JAK3","CHUK","SH2B3"
"JAK3","MAPK8","SH2B3"
"JAK3","AKT1","SH2B3"
"JAK3","CSNK2A1","SH2B3"
"JAK3","TGFBR1","SH2B3"
"JAK3","MAP3K14","SH2B3"
"JAK3","PRKCB","SH2B3"
"JAK3","MAPK13","SH2B3"
"JAK3","PIK3CA","SH2B3"
"JAK3","ROCK1","SH2B3"
"JAK3","RASSF1","SH2B3"
"JAK3","BTK","SH2B3"
"JAK3","SGK3","SH2B3"
"JAK3","SHOC2","SH2B3"
"JAK3","PTPN12","SH2B3"
"JAK3","PPP2R5C","SH2B3"
"JAK3","PAK1","SH2B3"
"JAK3","ZAP70","SH2B3"
"JAK3","DUSP1","SH2B3"
"JAK3","GIT1","SH2B3"
"JAK3","TRAF2","SH2B3"
"JAK3","MAP2K4","SH2B3"
"JAK3","AR","SH2B3"
"JAK3","UNC5A","SH2B3"
"JAK3","DUSP6","SH2B3"
"JAK3","PIK3R1","SH2B3"
"JAK3","IRS2","SH2B3"
"JAK3","CDC42","SH2B3"
"JAK3","PIK3CG","SH2B3"
"JAK3","SH2B2","SH2B3"
"JAK3","PPP2R5A","SH2B3"
"JAK3","CLK2","SH2B3"
"JAK3","MDM2","SH2B3"
"JAK3","YWHAE","SH2B3"
"JAK3","PLCG1","SH2B3"
"JAK3","SPRY2","SH2B3"
"JAK3","RUNX2","SH2B3"
"JAK3","PIK3C3","SH2B3"
"JAK3","WAC","SH2B3"
"JAK3","BANP","SH2B3"
"JAK3","CILK1","DNM1"
"JAK3","PTEN","DNM1"
"JAK3","MAPK8","DNM1"
"JAK3","PTPRJ","DNM1"
"JAK3","MAP3K14","DNM1"
"JAK3","RPS6KA1","DNM1"
"JAK3","PRKCB","DNM1"
"JAK3","STK3","DNM1"
"JAK3","RAB1A","DNM1"
"JAK3","PRKCZ","DNM1"
"JAK3","PAK2","DNM1"
"JAK3","AKT","DNM1"
"JAK3","RACK1","DNM1"
"JAK3","HRAS","DNM1"
"JAK3","RPS6KA3","DNM1"
"JAK3","ROCK1","DNM1"
"JAK3","BTK","DNM1"
"JAK3","SGK3","DNM1"
"JAK3","SH2B1","DNM1"
"JAK3","HSP90AB1","DNM1"
"JAK3","SHOC2","DNM1"
"JAK3","PAK1","DNM1"
"JAK3","ZAP70","DNM1"
"JAK3","MAP2K4","DNM1"
"JAK3","EPHA2","DNM1"
"JAK3","MAPK11","DNM1"
"JAK3","UNC5A","DNM1"
"JAK3","PRKCI","DNM1"
"JAK3","PARD6A","DNM1"
"JAK3","DAXX","DNM1"
"JAK3","DUSP6","DNM1"
"JAK3","INPP5D","DNM1"
"JAK3","PIK3R1","DNM1"
"JAK3","CCNE1","DNM1"
"JAK3","MDM2","DNM1"
"JAK3","YWHAE","DNM1"
"JAK3","PLCG1","DNM1"
"JAK3","SH2B3","DNM1"
"JAK3","PIK3C3","DNM1"
"JAK3","RND1","DNM1"
"JAK3","DCTN6","DNM1"
"JAK3","CTNNB1","GNA12"
"JAK3","CILK1","GNA12"
"JAK3","PTEN","GNA12"
"JAK3","MTOR","GNA12"
"JAK3","AKT1","GNA12"
"JAK3","CSNK2A1","GNA12"
"JAK3","PLK1","GNA12"
"JAK3","RAC1","GNA12"
"JAK3","MAP2K7","GNA12"
"JAK3","PTPRJ","GNA12"
"JAK3","PPP1CA","GNA12"
"JAK3","MAP3K14","GNA12"
"JAK3","SGK1","GNA12"
"JAK3","IGF1R","GNA12"
"JAK3","HRAS","GNA12"
"JAK3","PIK3CA","GNA12"
"JAK3","LEPR","GNA12"
"JAK3","AHSA1","GNA12"
"JAK3","BTK","GNA12"
"JAK3","SGK3","GNA12"
"JAK3","SH2B1","GNA12"
"JAK3","HSP90AB1","GNA12"
"JAK3","SHOC2","GNA12"
"JAK3","PTPN12","GNA12"
"JAK3","PAK1","GNA12"
"JAK3","TYK2","GNA12"
"JAK3","GIT1","GNA12"
"JAK3","MAP2K4","GNA12"
"JAK3","EPHA2","GNA12"
"JAK3","NRAS","GNA12"
"JAK3","UNC5A","GNA12"
"JAK3","PARD6A","GNA12"
"JAK3","CCR2","GNA12"
"JAK3","PIK3R1","GNA12"
"JAK3","IRS2","GNA12"
"JAK3","PPP2R5A","GNA12"
"JAK3","RUNX2","GNA12"
"JAK3","RGCC","GNA12"
"JAK3","PTEN","FCRL3"
"JAK3","MTOR","FCRL3"
"JAK3","MAP3K14","FCRL3"
"JAK3","RPS6KA1","FCRL3"
"JAK3","SGK1","FCRL3"
"JAK3","IGF1R","FCRL3"
"JAK3","STK3","FCRL3"
"JAK3","RAB1A","FCRL3"
"JAK3","PRKCZ","FCRL3"
"JAK3","PAK2","FCRL3"
"JAK3","MAPK13","FCRL3"
"JAK3","PIK3CA","FCRL3"
"JAK3","RPS6KA3","FCRL3"
"JAK3","HSP90AB1","FCRL3"
"JAK3","SHOC2","FCRL3"
"JAK3","GIT1","FCRL3"
"JAK3","MAP2K4","FCRL3"
"JAK3","AR","FCRL3"
"JAK3","MAPK11","FCRL3"
"JAK3","PARD6A","FCRL3"
"JAK3","PTPRA","FCRL3"
"JAK3","CCR2","FCRL3"
"JAK3","DAXX","FCRL3"
"JAK3","DUSP6","FCRL3"
"JAK3","INPP5D","FCRL3"
"JAK3","CDC42","FCRL3"
"JAK3","CLK2","FCRL3"
"JAK3","YWHAE","FCRL3"
"JAK3","RUNX2","FCRL3"
"JAK3","WAC","FCRL3"
"JAK3","PTPN11","WAS"
"JAK3","CTNNB1","BAIAP2"
"JAK3","CILK1","BAIAP2"
"JAK3","MTOR","BAIAP2"
"JAK3","TGFBR1","BAIAP2"
"JAK3","PPP1CA","BAIAP2"
"JAK3","PDPK1","BAIAP2"
"JAK3","MAP3K14","BAIAP2"
"JAK3","PRKCB","BAIAP2"
"JAK3","AKT","BAIAP2"
"JAK3","RACK1","BAIAP2"
"JAK3","MAPK13","BAIAP2"
"JAK3","RASSF1","BAIAP2"
"JAK3","SHOC2","BAIAP2"
"JAK3","PPP2R5C","BAIAP2"
"JAK3","TYK2","BAIAP2"
"JAK3","ZAP70","BAIAP2"
"JAK3","TRAF2","BAIAP2"
"JAK3","RAB7A","BAIAP2"
"JAK3","AR","BAIAP2"
"JAK3","DUSP3","BAIAP2"
"JAK3","MAPK11","BAIAP2"
"JAK3","PRKCI","BAIAP2"
"JAK3","PTPRA","BAIAP2"
"JAK3","RHEB","BAIAP2"
"JAK3","DAXX","BAIAP2"
"JAK3","DUSP6","BAIAP2"
"JAK3","INPP5D","BAIAP2"
"JAK3","PIK3R1","BAIAP2"
"JAK3","CCNE1","BAIAP2"
"JAK3","IRS2","BAIAP2"
"JAK3","SH2B2","BAIAP2"
"JAK3","PPP2R5A","BAIAP2"
"JAK3","CLK2","BAIAP2"
"JAK3","MDM2","BAIAP2"
"JAK3","YWHAE","BAIAP2"
"JAK3","PLCG1","BAIAP2"
"JAK3","SPRY2","BAIAP2"
"JAK3","PIK3C3","BAIAP2"
"JAK3","WAC","BAIAP2"
"JAK3","BANP","BAIAP2"
"JAK3","ACTN1","BAIAP2"
"JAK3","RGCC","BAIAP2"
"JAK3","CHUK","RAD9A"
"JAK3","CILK1","RAD9A"
"JAK3","PTEN","RAD9A"
"JAK3","MAPK8","RAD9A"
"JAK3","MTOR","RAD9A"
"JAK3","CSNK2A1","RAD9A"
"JAK3","PTPRJ","RAD9A"
"JAK3","PDPK1","RAD9A"
"JAK3","MAP3K14","RAD9A"
"JAK3","SGK1","RAD9A"
"JAK3","IGF1R","RAD9A"
"JAK3","STK3","RAD9A"
"JAK3","TGFBR2","RAD9A"
"JAK3","PAK2","RAD9A"
"JAK3","AKT","RAD9A"
"JAK3","HRAS","RAD9A"
"JAK3","MAPK13","RAD9A"
"JAK3","PIK3CA","RAD9A"
"JAK3","LEPR","RAD9A"
"JAK3","mTORC1","RAD9A"
"JAK3","AHSA1","RAD9A"
"JAK3","SGK3","RAD9A"
"JAK3","PPP2R5C","RAD9A"
"JAK3","PAK1","RAD9A"
"JAK3","TYK2","RAD9A"
"JAK3","TRAF2","RAD9A"
"JAK3","RAB7A","RAD9A"
"JAK3","DUSP3","RAD9A"
"JAK3","CCR2","RAD9A"
"JAK3","DAXX","RAD9A"
"JAK3","DUSP6","RAD9A"
"JAK3","IRS2","RAD9A"
"JAK3","CLK2","RAD9A"
"JAK3","YWHAE","RAD9A"
"JAK3","RGCC","RAD9A"
"JAK3","CHUK","LARP6"
"JAK3","CTNNB1","LARP6"
"JAK3","MTOR","LARP6"
"JAK3","PTPRJ","LARP6"
"JAK3","PPP1CA","LARP6"
"JAK3","STK3","LARP6"
"JAK3","RAB1A","LARP6"
"JAK3","RACK1","LARP6"
"JAK3","MAPK13","LARP6"
"JAK3","LEPR","LARP6"
"JAK3","RPS6KA3","LARP6"
"JAK3","mTORC1","LARP6"
"JAK3","ROCK1","LARP6"
"JAK3","RASSF1","LARP6"
"JAK3","BTK","LARP6"
"JAK3","SH2B1","LARP6"
"JAK3","HSP90AB1","LARP6"
"JAK3","SHOC2","LARP6"
"JAK3","PTPN12","LARP6"
"JAK3","PPP2R5C","LARP6"
"JAK3","PAK1","LARP6"
"JAK3","GIT1","LARP6"
"JAK3","TRAF2","LARP6"
"JAK3","MAP2K4","LARP6"
"JAK3","NRAS","LARP6"
"JAK3","MAPK11","LARP6"
"JAK3","RHEB","LARP6"
"JAK3","CCNE1","LARP6"
"JAK3","CDC42","LARP6"
"JAK3","SH2B2","LARP6"
"JAK3","SPRY2","LARP6"
"JAK3","RND1","LARP6"
"JAK3","WAC","LARP6"
"JAK3","CTNNB1","FBXO5"
"JAK3","CILK1","FBXO5"
"JAK3","PTEN","FBXO5"
"JAK3","MAPK8","FBXO5"
"JAK3","AKT1","FBXO5"
"JAK3","PLK1","FBXO5"
"JAK3","KRAS","FBXO5"
"JAK3","MAP2K7","FBXO5"
"JAK3","PTPRJ","FBXO5"
"JAK3","PPP1CA","FBXO5"
"JAK3","PDPK1","FBXO5"
"JAK3","MAP3K14","FBXO5"
"JAK3","SGK1","FBXO5"
"JAK3","IGF1R","FBXO5"
"JAK3","STK3","FBXO5"
"JAK3","RAB1A","FBXO5"
"JAK3","PRKCZ","FBXO5"
"JAK3","TGFBR2","FBXO5"
"JAK3","PAK2","FBXO5"
"JAK3","AKT","FBXO5"
"JAK3","HRAS","FBXO5"
"JAK3","PIK3CA","FBXO5"
"JAK3","LEPR","FBXO5"
"JAK3","RPS6KA3","FBXO5"
"JAK3","mTORC1","FBXO5"
"JAK3","ROCK1","FBXO5"
"JAK3","SGK3","FBXO5"
"JAK3","SH2B1","FBXO5"
"JAK3","HSP90AB1","FBXO5"
"JAK3","PPP2R5C","FBXO5"
"JAK3","ZAP70","FBXO5"
"JAK3","GIT1","FBXO5"
"JAK3","TRAF2","FBXO5"
"JAK3","MAP2K4","FBXO5"
"JAK3","EPHA2","FBXO5"
"JAK3","NRAS","FBXO5"
"JAK3","DUSP3","FBXO5"
"JAK3","PRKCI","FBXO5"
"JAK3","PTPRA","FBXO5"
"JAK3","CCR2","FBXO5"
"JAK3","PSTPIP1","FBXO5"
"JAK3","DAXX","FBXO5"
"JAK3","DUSP6","FBXO5"
"JAK3","INPP5D","FBXO5"
"JAK3","SH2B2","FBXO5"
"JAK3","PPP2R5A","FBXO5"
"JAK3","CLK2","FBXO5"
"JAK3","MDM2","FBXO5"
"JAK3","YWHAE","FBXO5"
"JAK3","PLCG1","FBXO5"
"JAK3","SPRY2","FBXO5"
"JAK3","RUNX2","FBXO5"
"JAK3","SH2B3","FBXO5"
"JAK3","PIK3C3","FBXO5"
"JAK3","RND1","FBXO5"
"JAK3","TIAM1","FBXO5"
"JAK3","WAC","FBXO5"
"JAK3","BANP","FBXO5"
"JAK3","DCTN6","FBXO5"
"JAK3","MAPK8","CyclinD1/CDK6"
"JAK3","MTOR","CyclinD1/CDK6"
"JAK3","AKT1","CyclinD1/CDK6"
"JAK3","RAC1","CyclinD1/CDK6"
"JAK3","MAP2K7","CyclinD1/CDK6"
"JAK3","PTPRJ","CyclinD1/CDK6"
"JAK3","PPP1CA","CyclinD1/CDK6"
"JAK3","MAP3K14","CyclinD1/CDK6"
"JAK3","SGK1","CyclinD1/CDK6"
"JAK3","IGF1R","CyclinD1/CDK6"
"JAK3","PRKCB","CyclinD1/CDK6"
"JAK3","PRKCZ","CyclinD1/CDK6"
"JAK3","TGFBR2","CyclinD1/CDK6"
"JAK3","AKT","CyclinD1/CDK6"
"JAK3","MAPK13","CyclinD1/CDK6"
"JAK3","AHSA1","CyclinD1/CDK6"
"JAK3","ROCK1","CyclinD1/CDK6"
"JAK3","RASSF1","CyclinD1/CDK6"
"JAK3","PTPN11","CyclinD1/CDK6"
"JAK3","SGK3","CyclinD1/CDK6"
"JAK3","TYK2","CyclinD1/CDK6"
"JAK3","ZAP70","CyclinD1/CDK6"
"JAK3","DUSP1","CyclinD1/CDK6"
"JAK3","TRAF2","CyclinD1/CDK6"
"JAK3","RAB7A","CyclinD1/CDK6"
"JAK3","NRAS","CyclinD1/CDK6"
"JAK3","AR","CyclinD1/CDK6"
"JAK3","DUSP3","CyclinD1/CDK6"
"JAK3","MAPK11","CyclinD1/CDK6"
"JAK3","UNC5A","CyclinD1/CDK6"
"JAK3","PRKCI","CyclinD1/CDK6"
"JAK3","PARD6A","CyclinD1/CDK6"
"JAK3","PTPRA","CyclinD1/CDK6"
"JAK3","DAXX","CyclinD1/CDK6"
"JAK3","DUSP6","CyclinD1/CDK6"
"JAK3","INPP5D","CyclinD1/CDK6"
"JAK3","PIK3R1","CyclinD1/CDK6"
"JAK3","PPP2R5A","CyclinD1/CDK6"
"JAK3","CLK2","CyclinD1/CDK6"
"JAK3","MDM2","CyclinD1/CDK6"
"JAK3","YWHAE","CyclinD1/CDK6"
"JAK3","PLCG1","CyclinD1/CDK6"
"JAK3","RUNX2","CyclinD1/CDK6"
"JAK3","SH2B3","CyclinD1/CDK6"
"JAK3","RND1","CyclinD1/CDK6"
"JAK3","TIAM1","CyclinD1/CDK6"
"JAK3","BANP","CyclinD1/CDK6"
"JAK3","DCTN6","CyclinD1/CDK6"
"JAK3","CHUK","NCL"
"JAK3","MAPK8","NCL"
"JAK3","CSNK2A1","NCL"
"JAK3","RAC1","NCL"
"JAK3","PTPRJ","NCL"
"JAK3","PPP1CA","NCL"
"JAK3","RPS6KA1","NCL"
"JAK3","PRKCB","NCL"
"JAK3","TGFBR2","NCL"
"JAK3","PAK2","NCL"
"JAK3","AKT","NCL"
"JAK3","RACK1","NCL"
"JAK3","HRAS","NCL"
"JAK3","PIK3CA","NCL"
"JAK3","LEPR","NCL"
"JAK3","RPS6KA3","NCL"
"JAK3","RASSF1","NCL"
"JAK3","BTK","NCL"
"JAK3","SGK3","NCL"
"JAK3","SH2B1","NCL"
"JAK3","PAK1","NCL"
"JAK3","ZAP70","NCL"
"JAK3","RAB7A","NCL"
"JAK3","DUSP3","NCL"
"JAK3","MAPK11","NCL"
"JAK3","UNC5A","NCL"
"JAK3","PARD6A","NCL"
"JAK3","PTPRA","NCL"
"JAK3","CCR2","NCL"
"JAK3","RHEB","NCL"
"JAK3","DAXX","NCL"
"JAK3","DUSP6","NCL"
"JAK3","INPP5D","NCL"
"JAK3","PIK3R1","NCL"
"JAK3","CCNE1","NCL"
"JAK3","CDC42","NCL"
"JAK3","PIK3CG","NCL"
"JAK3","SH2B2","NCL"
"JAK3","PPP2R5A","NCL"
"JAK3","MDM2","NCL"
"JAK3","RUNX2","NCL"
"JAK3","SH2B3","NCL"
"JAK3","PIK3C3","NCL"
"JAK3","RND1","NCL"
"JAK3","WAC","NCL"
"JAK3","DCTN6","NCL"
"JAK3","CHUK","LIFR"
"JAK3","CTNNB1","LIFR"
"JAK3","CILK1","LIFR"
"JAK3","PTEN","LIFR"
"JAK3","MAPK8","LIFR"
"JAK3","MTOR","LIFR"
"JAK3","CSNK2A1","LIFR"
"JAK3","RAC1","LIFR"
"JAK3","TGFBR1","LIFR"
"JAK3","PPP1CA","LIFR"
"JAK3","PDPK1","LIFR"
"JAK3","MAP3K14","LIFR"
"JAK3","RPS6KA1","LIFR"
"JAK3","SGK1","LIFR"
"JAK3","PRKCB","LIFR"
"JAK3","STK3","LIFR"
"JAK3","RAB1A","LIFR"
"JAK3","PRKCZ","LIFR"
"JAK3","PAK2","LIFR"
"JAK3","AKT","LIFR"
"JAK3","RACK1","LIFR"
"JAK3","MAPK13","LIFR"
"JAK3","PIK3CA","LIFR"
"JAK3","LEPR","LIFR"
"JAK3","AHSA1","LIFR"
"JAK3","ROCK1","LIFR"
"JAK3","BTK","LIFR"
"JAK3","PTPN11","LIFR"
"JAK3","SGK3","LIFR"
"JAK3","SHOC2","LIFR"
"JAK3","PTPN12","LIFR"
"JAK3","PAK1","LIFR"
"JAK3","TRAF2","LIFR"
"JAK3","MAP2K4","LIFR"
"JAK3","RAB7A","LIFR"
"JAK3","NRAS","LIFR"
"JAK3","AR","LIFR"
"JAK3","PRKCI","LIFR"
"JAK3","PARD6A","LIFR"
"JAK3","CCR2","LIFR"
"JAK3","PSTPIP1","LIFR"
"JAK3","RHEB","LIFR"
"JAK3","DAXX","LIFR"
"JAK3","PIK3R1","LIFR"
"JAK3","CCNE1","LIFR"
"JAK3","CDC42","LIFR"
"JAK3","SH2B2","LIFR"
"JAK3","PLCG1","LIFR"
"JAK3","PIK3C3","LIFR"
"JAK3","TIAM1","LIFR"
"JAK3","PTEN","CLIP1"
"JAK3","CSNK2A1","CLIP1"
"JAK3","KRAS","CLIP1"
"JAK3","PDPK1","CLIP1"
"JAK3","RPS6KA1","CLIP1"
"JAK3","STK3","CLIP1"
"JAK3","RAB1A","CLIP1"
"JAK3","PRKCZ","CLIP1"
"JAK3","PAK2","CLIP1"
"JAK3","RACK1","CLIP1"
"JAK3","MAPK13","CLIP1"
"JAK3","AHSA1","CLIP1"
"JAK3","RASSF1","CLIP1"
"JAK3","BTK","CLIP1"
"JAK3","PAK1","CLIP1"
"JAK3","TYK2","CLIP1"
"JAK3","TRAF2","CLIP1"
"JAK3","RAB7A","CLIP1"
"JAK3","NRAS","CLIP1"
"JAK3","UNC5A","CLIP1"
"JAK3","PARD6A","CLIP1"
"JAK3","PSTPIP1","CLIP1"
"JAK3","RHEB","CLIP1"
"JAK3","DAXX","CLIP1"
"JAK3","PIK3R1","CLIP1"
"JAK3","IRS2","CLIP1"
"JAK3","CLK2","CLIP1"
"JAK3","MDM2","CLIP1"
"JAK3","SPRY2","CLIP1"
"JAK3","SH2B3","CLIP1"
"JAK3","PIK3C3","CLIP1"
"JAK3","MTOR","RORA"
"JAK3","RPS6KA1","RORA"
"JAK3","SGK1","RORA"
"JAK3","IGF1R","RORA"
"JAK3","PRKCB","RORA"
"JAK3","STK3","RORA"
"JAK3","PRKCZ","RORA"
"JAK3","TGFBR2","RORA"
"JAK3","PAK2","RORA"
"JAK3","HRAS","RORA"
"JAK3","MAPK13","RORA"
"JAK3","PIK3CA","RORA"
"JAK3","SGK3","RORA"
"JAK3","SH2B1","RORA"
"JAK3","GIT1","RORA"
"JAK3","EPHA2","RORA"
"JAK3","NRAS","RORA"
"JAK3","AR","RORA"
"JAK3","UNC5A","RORA"
"JAK3","PRKCI","RORA"
"JAK3","PARD6A","RORA"
"JAK3","PTPRA","RORA"
"JAK3","RHEB","RORA"
"JAK3","IRS2","RORA"
"JAK3","CDC42","RORA"
"JAK3","PPP2R5A","RORA"
"JAK3","RUNX2","RORA"
"JAK3","SH2B3","RORA"
"JAK3","TIAM1","RORA"
"JAK3","CHUK","SCNN1B"
"JAK3","CILK1","SCNN1B"
"JAK3","PLK1","SCNN1B"
"JAK3","KRAS","SCNN1B"
"JAK3","PTPRJ","SCNN1B"
"JAK3","TGFBR1","SCNN1B"
"JAK3","PDPK1","SCNN1B"
"JAK3","MAP3K14","SCNN1B"
"JAK3","IGF1R","SCNN1B"
"JAK3","STK3","SCNN1B"
"JAK3","RAB1A","SCNN1B"
"JAK3","PRKCZ","SCNN1B"
"JAK3","PAK2","SCNN1B"
"JAK3","LEPR","SCNN1B"
"JAK3","mTORC1","SCNN1B"
"JAK3","RASSF1","SCNN1B"
"JAK3","BTK","SCNN1B"
"JAK3","SGK3","SCNN1B"
"JAK3","PAK1","SCNN1B"
"JAK3","ZAP70","SCNN1B"
"JAK3","DUSP1","SCNN1B"
"JAK3","MAP2K4","SCNN1B"
"JAK3","EPHA2","SCNN1B"
"JAK3","AR","SCNN1B"
"JAK3","MAPK11","SCNN1B"
"JAK3","UNC5A","SCNN1B"
"JAK3","PRKCI","SCNN1B"
"JAK3","PARD6A","SCNN1B"
"JAK3","CCR2","SCNN1B"
"JAK3","PSTPIP1","SCNN1B"
"JAK3","INPP5D","SCNN1B"
"JAK3","CCNE1","SCNN1B"
"JAK3","IRS2","SCNN1B"
"JAK3","CDC42","SCNN1B"
"JAK3","PPP2R5A","SCNN1B"
"JAK3","CLK2","SCNN1B"
"JAK3","YWHAE","SCNN1B"
"JAK3","RUNX2","SCNN1B"
"JAK3","PIK3C3","SCNN1B"
"JAK3","TIAM1","SCNN1B"
"JAK3","BANP","SCNN1B"
"JAK3","ACTN1","SCNN1B"
"JAK3","MAPK8","APOA1"
"JAK3","MTOR","APOA1"
"JAK3","PLK1","APOA1"
"JAK3","MAP2K7","APOA1"
"JAK3","PTPRJ","APOA1"
"JAK3","RPS6KA1","APOA1"
"JAK3","SGK1","APOA1"
"JAK3","IGF1R","APOA1"
"JAK3","PRKCB","APOA1"
"JAK3","STK3","APOA1"
"JAK3","PAK2","APOA1"
"JAK3","AKT","APOA1"
"JAK3","RACK1","APOA1"
"JAK3","HRAS","APOA1"
"JAK3","MAPK13","APOA1"
"JAK3","RPS6KA3","APOA1"
"JAK3","mTORC1","APOA1"
"JAK3","RASSF1","APOA1"
"JAK3","HSP90AB1","APOA1"
"JAK3","SHOC2","APOA1"
"JAK3","PTPN12","APOA1"
"JAK3","PAK1","APOA1"
"JAK3","DUSP1","APOA1"
"JAK3","GIT1","APOA1"
"JAK3","TRAF2","APOA1"
"JAK3","MAP2K4","APOA1"
"JAK3","RAB7A","APOA1"
"JAK3","EPHA2","APOA1"
"JAK3","AR","APOA1"
"JAK3","DUSP3","APOA1"
"JAK3","MAPK11","APOA1"
"JAK3","UNC5A","APOA1"
"JAK3","PRKCI","APOA1"
"JAK3","PARD6A","APOA1"
"JAK3","PTPRA","APOA1"
"JAK3","CCR2","APOA1"
"JAK3","DAXX","APOA1"
"JAK3","INPP5D","APOA1"
"JAK3","PIK3R1","APOA1"
"JAK3","CDC42","APOA1"
"JAK3","SH2B2","APOA1"
"JAK3","PPP2R5A","APOA1"
"JAK3","YWHAE","APOA1"
"JAK3","SPRY2","APOA1"
"JAK3","TIAM1","APOA1"
"JAK3","WAC","APOA1"
"JAK3","BANP","APOA1"
"JAK3","DCTN6","APOA1"
"JAK3","ACTN1","APOA1"
"JAK3","CHUK","CSF2RA"
"JAK3","CTNNB1","CSF2RA"
"JAK3","CILK1","CSF2RA"
"JAK3","MTOR","CSF2RA"
"JAK3","AKT1","CSF2RA"
"JAK3","PLK1","CSF2RA"
"JAK3","KRAS","CSF2RA"
"JAK3","RAC1","CSF2RA"
"JAK3","PPP1CA","CSF2RA"
"JAK3","RPS6KA1","CSF2RA"
"JAK3","IGF1R","CSF2RA"
"JAK3","STK3","CSF2RA"
"JAK3","RAB1A","CSF2RA"
"JAK3","PRKCZ","CSF2RA"
"JAK3","TGFBR2","CSF2RA"
"JAK3","PAK2","CSF2RA"
"JAK3","AKT","CSF2RA"
"JAK3","RACK1","CSF2RA"
"JAK3","HRAS","CSF2RA"
"JAK3","MAPK13","CSF2RA"
"JAK3","PIK3CA","CSF2RA"
"JAK3","LEPR","CSF2RA"
"JAK3","mTORC1","CSF2RA"
"JAK3","ROCK1","CSF2RA"
"JAK3","SH2B1","CSF2RA"
"JAK3","PPP2R5C","CSF2RA"
"JAK3","TYK2","CSF2RA"
"JAK3","PRKCI","CSF2RA"
"JAK3","PIK3CG","CSF2RA"
"JAK3","SH2B2","CSF2RA"
"JAK3","PPP2R5A","CSF2RA"
"JAK3","CLK2","CSF2RA"
"JAK3","MDM2","CSF2RA"
"JAK3","PLCG1","CSF2RA"
"JAK3","SPRY2","CSF2RA"
"JAK3","RUNX2","CSF2RA"
"JAK3","WAC","CSF2RA"
"JAK3","DCTN6","CSF2RA"
"JAK3","ACTN1","CSF2RA"
"JAK3","PTEN","PIK3C3"
"JAK3","MTOR","PIK3C3"
"JAK3","PLK1","PIK3C3"
"JAK3","KRAS","PIK3C3"
"JAK3","TGFBR1","PIK3C3"
"JAK3","RPS6KA1","PIK3C3"
"JAK3","STK3","PIK3C3"
"JAK3","RAB1A","PIK3C3"
"JAK3","PRKCZ","PIK3C3"
"JAK3","AKT","PIK3C3"
"JAK3","RACK1","PIK3C3"
"JAK3","HRAS","PIK3C3"
"JAK3","MAPK13","PIK3C3"
"JAK3","PIK3CA","PIK3C3"
"JAK3","LEPR","PIK3C3"
"JAK3","RPS6KA3","PIK3C3"
"JAK3","mTORC1","PIK3C3"
"JAK3","AHSA1","PIK3C3"
"JAK3","ROCK1","PIK3C3"
"JAK3","SH2B1","PIK3C3"
"JAK3","HSP90AB1","PIK3C3"
"JAK3","PAK1","PIK3C3"
"JAK3","TYK2","PIK3C3"
"JAK3","GIT1","PIK3C3"
"JAK3","MAP2K4","PIK3C3"
"JAK3","RAB7A","PIK3C3"
"JAK3","EPHA2","PIK3C3"
"JAK3","NRAS","PIK3C3"
"JAK3","AR","PIK3C3"
"JAK3","MAPK11","PIK3C3"
"JAK3","UNC5A","PIK3C3"
"JAK3","PRKCI","PIK3C3"
"JAK3","PARD6A","PIK3C3"
"JAK3","PTPRA","PIK3C3"
"JAK3","PSTPIP1","PIK3C3"
"JAK3","RHEB","PIK3C3"
"JAK3","INPP5D","PIK3C3"
"JAK3","IRS2","PIK3C3"
"JAK3","CDC42","PIK3C3"
"JAK3","PIK3CG","PIK3C3"
"JAK3","SH2B2","PIK3C3"
"JAK3","MDM2","PIK3C3"
"JAK3","PLCG1","PIK3C3"
"JAK3","RUNX2","PIK3C3"
"JAK3","RND1","PIK3C3"
"JAK3","TIAM1","PIK3C3"
"JAK3","WAC","PIK3C3"
"JAK3","BANP","PIK3C3"
"JAK3","CILK1","RND1"
"JAK3","MTOR","RND1"
"JAK3","PLK1","RND1"
"JAK3","KRAS","RND1"
"JAK3","RAC1","RND1"
"JAK3","MAP2K7","RND1"
"JAK3","PPP1CA","RND1"
"JAK3","PDPK1","RND1"
"JAK3","MAP3K14","RND1"
"JAK3","RPS6KA1","RND1"
"JAK3","SGK1","RND1"
"JAK3","IGF1R","RND1"
"JAK3","PRKCB","RND1"
"JAK3","PRKCZ","RND1"
"JAK3","AKT","RND1"
"JAK3","RACK1","RND1"
"JAK3","MAPK13","RND1"
"JAK3","LEPR","RND1"
"JAK3","mTORC1","RND1"
"JAK3","AHSA1","RND1"
"JAK3","ROCK1","RND1"
"JAK3","RASSF1","RND1"
"JAK3","SGK3","RND1"
"JAK3","PPP2R5C","RND1"
"JAK3","ZAP70","RND1"
"JAK3","DUSP1","RND1"
"JAK3","TRAF2","RND1"
"JAK3","MAP2K4","RND1"
"JAK3","MAPK11","RND1"
"JAK3","UNC5A","RND1"
"JAK3","PARD6A","RND1"
"JAK3","PTPRA","RND1"
"JAK3","CCR2","RND1"
"JAK3","PSTPIP1","RND1"
"JAK3","RHEB","RND1"
"JAK3","DAXX","RND1"
"JAK3","DUSP6","RND1"
"JAK3","INPP5D","RND1"
"JAK3","IRS2","RND1"
"JAK3","CLK2","RND1"
"JAK3","YWHAE","RND1"
"JAK3","RUNX2","RND1"
"JAK3","WAC","RND1"
"JAK3","BANP","RND1"
"JAK3","DCTN6","RND1"
"JAK3","ACTN1","RND1"
"JAK3","RGCC","RND1"
"JAK3","CHUK","ITCH"
"JAK3","MAPK8","ITCH"
"JAK3","AKT1","ITCH"
"JAK3","CSNK2A1","ITCH"
"JAK3","KRAS","ITCH"
"JAK3","RAC1","ITCH"
"JAK3","MAP2K7","ITCH"
"JAK3","PTPRJ","ITCH"
"JAK3","TGFBR1","ITCH"
"JAK3","PDPK1","ITCH"
"JAK3","MAP3K14","ITCH"
"JAK3","RPS6KA1","ITCH"
"JAK3","IGF1R","ITCH"
"JAK3","PRKCB","ITCH"
"JAK3","STK3","ITCH"
"JAK3","RAB1A","ITCH"
"JAK3","PRKCZ","ITCH"
"JAK3","TGFBR2","ITCH"
"JAK3","AKT","ITCH"
"JAK3","MAPK13","ITCH"
"JAK3","mTORC1","ITCH"
"JAK3","BTK","ITCH"
"JAK3","SH2B1","ITCH"
"JAK3","HSP90AB1","ITCH"
"JAK3","PPP2R5C","ITCH"
"JAK3","DUSP1","ITCH"
"JAK3","GIT1","ITCH"
"JAK3","TRAF2","ITCH"
"JAK3","MAP2K4","ITCH"
"JAK3","EPHA2","ITCH"
"JAK3","NRAS","ITCH"
"JAK3","AR","ITCH"
"JAK3","DUSP3","ITCH"
"JAK3","MAPK11","ITCH"
"JAK3","UNC5A","ITCH"
"JAK3","PARD6A","ITCH"
"JAK3","PTPRA","ITCH"
"JAK3","CCR2","ITCH"
"JAK3","PSTPIP1","ITCH"
"JAK3","IRS2","ITCH"
"JAK3","CDC42","ITCH"
"JAK3","SH2B2","ITCH"
"JAK3","CLK2","ITCH"
"JAK3","YWHAE","ITCH"
"JAK3","PLCG1","ITCH"
"JAK3","TIAM1","ITCH"
"JAK3","WAC","ITCH"
"JAK3","BANP","ITCH"
"JAK3","ACTN1","ITCH"
"JAK3","CILK1","NKX3-1"
"JAK3","AKT1","NKX3-1"
"JAK3","RAC1","NKX3-1"
"JAK3","PTPRJ","NKX3-1"
"JAK3","MAP3K14","NKX3-1"
"JAK3","SGK1","NKX3-1"
"JAK3","PRKCB","NKX3-1"
"JAK3","TGFBR2","NKX3-1"
"JAK3","PAK2","NKX3-1"
"JAK3","AKT","NKX3-1"
"JAK3","LEPR","NKX3-1"
"JAK3","RPS6KA3","NKX3-1"
"JAK3","mTORC1","NKX3-1"
"JAK3","BTK","NKX3-1"
"JAK3","SH2B1","NKX3-1"
"JAK3","RAB7A","NKX3-1"
"JAK3","DUSP3","NKX3-1"
"JAK3","PRKCI","NKX3-1"
"JAK3","PARD6A","NKX3-1"
"JAK3","PTPRA","NKX3-1"
"JAK3","CCR2","NKX3-1"
"JAK3","PSTPIP1","NKX3-1"
"JAK3","RHEB","NKX3-1"
"JAK3","INPP5D","NKX3-1"
"JAK3","PIK3R1","NKX3-1"
"JAK3","PPP2R5A","NKX3-1"
"JAK3","CLK2","NKX3-1"
"JAK3","MDM2","NKX3-1"
"JAK3","YWHAE","NKX3-1"
"JAK3","PLCG1","NKX3-1"
"JAK3","RUNX2","NKX3-1"
"JAK3","SH2B3","NKX3-1"
"JAK3","RND1","NKX3-1"
"JAK3","TIAM1","NKX3-1"
"JAK3","BANP","NKX3-1"
"JAK3","DCTN6","NKX3-1"
"JAK3","ACTN1","NKX3-1"
"JAK3","CHUK","BCKDK"
"JAK3","CILK1","BCKDK"
"JAK3","MTOR","BCKDK"
"JAK3","AKT1","BCKDK"
"JAK3","CSNK2A1","BCKDK"
"JAK3","PTPRJ","BCKDK"
"JAK3","PDPK1","BCKDK"
"JAK3","SGK1","BCKDK"
"JAK3","PRKCB","BCKDK"
"JAK3","STK3","BCKDK"
"JAK3","RAB1A","BCKDK"
"JAK3","AKT","BCKDK"
"JAK3","HRAS","BCKDK"
"JAK3","PIK3CA","BCKDK"
"JAK3","LEPR","BCKDK"
"JAK3","RPS6KA3","BCKDK"
"JAK3","ROCK1","BCKDK"
"JAK3","RASSF1","BCKDK"
"JAK3","BTK","BCKDK"
"JAK3","SGK3","BCKDK"
"JAK3","PTPN12","BCKDK"
"JAK3","PAK1","BCKDK"
"JAK3","ZAP70","BCKDK"
"JAK3","GIT1","BCKDK"
"JAK3","TRAF2","BCKDK"
"JAK3","MAP2K4","BCKDK"
"JAK3","RAB7A","BCKDK"
"JAK3","EPHA2","BCKDK"
"JAK3","NRAS","BCKDK"
"JAK3","AR","BCKDK"
"JAK3","DUSP3","BCKDK"
"JAK3","UNC5A","BCKDK"
"JAK3","PTPRA","BCKDK"
"JAK3","CCR2","BCKDK"
"JAK3","PSTPIP1","BCKDK"
"JAK3","RHEB","BCKDK"
"JAK3","DAXX","BCKDK"
"JAK3","DUSP6","BCKDK"
"JAK3","INPP5D","BCKDK"
"JAK3","PIK3R1","BCKDK"
"JAK3","CCNE1","BCKDK"
"JAK3","IRS2","BCKDK"
"JAK3","CDC42","BCKDK"
"JAK3","PPP2R5A","BCKDK"
"JAK3","CLK2","BCKDK"
"JAK3","MDM2","BCKDK"
"JAK3","SH2B3","BCKDK"
"JAK3","PIK3C3","BCKDK"
"JAK3","RND1","BCKDK"
"JAK3","BANP","BCKDK"
"JAK3","DCTN6","BCKDK"
"JAK3","RGCC","BCKDK"
"JAK3","CTNNB1","HEXIM1"
"JAK3","CILK1","HEXIM1"
"JAK3","MAPK8","HEXIM1"
"JAK3","AKT1","HEXIM1"
"JAK3","CSNK2A1","HEXIM1"
"JAK3","PLK1","HEXIM1"
"JAK3","KRAS","HEXIM1"
"JAK3","RAC1","HEXIM1"
"JAK3","TGFBR1","HEXIM1"
"JAK3","PPP1CA","HEXIM1"
"JAK3","MAP3K14","HEXIM1"
"JAK3","RPS6KA1","HEXIM1"
"JAK3","PRKCB","HEXIM1"
"JAK3","STK3","HEXIM1"
"JAK3","PRKCZ","HEXIM1"
"JAK3","TGFBR2","HEXIM1"
"JAK3","PAK2","HEXIM1"
"JAK3","AKT","HEXIM1"
"JAK3","RACK1","HEXIM1"
"JAK3","PIK3CA","HEXIM1"
"JAK3","LEPR","HEXIM1"
"JAK3","ROCK1","HEXIM1"
"JAK3","RASSF1","HEXIM1"
"JAK3","BTK","HEXIM1"
"JAK3","SGK3","HEXIM1"
"JAK3","HSP90AB1","HEXIM1"
"JAK3","PTPN12","HEXIM1"
"JAK3","PPP2R5C","HEXIM1"
"JAK3","PAK1","HEXIM1"
"JAK3","ZAP70","HEXIM1"
"JAK3","DUSP1","HEXIM1"
"JAK3","GIT1","HEXIM1"
"JAK3","MAP2K4","HEXIM1"
"JAK3","EPHA2","HEXIM1"
"JAK3","AR","HEXIM1"
"JAK3","UNC5A","HEXIM1"
"JAK3","PTPRA","HEXIM1"
"JAK3","PSTPIP1","HEXIM1"
"JAK3","RHEB","HEXIM1"
"JAK3","DAXX","HEXIM1"
"JAK3","CDC42","HEXIM1"
"JAK3","PIK3CG","HEXIM1"
"JAK3","PPP2R5A","HEXIM1"
"JAK3","CLK2","HEXIM1"
"JAK3","MDM2","HEXIM1"
"JAK3","SPRY2","HEXIM1"
"JAK3","RUNX2","HEXIM1"
"JAK3","TIAM1","HEXIM1"
"JAK3","WAC","HEXIM1"
"JAK3","RGCC","HEXIM1"
"JAK3","CHUK","SH3PXD2B"
"JAK3","PTEN","SH3PXD2B"
"JAK3","MAP2K7","SH3PXD2B"
"JAK3","PDPK1","SH3PXD2B"
"JAK3","RPS6KA1","SH3PXD2B"
"JAK3","PRKCB","SH3PXD2B"
"JAK3","TGFBR2","SH3PXD2B"
"JAK3","PAK2","SH3PXD2B"
"JAK3","AKT","SH3PXD2B"
"JAK3","RACK1","SH3PXD2B"
"JAK3","HRAS","SH3PXD2B"
"JAK3","PIK3CA","SH3PXD2B"
"JAK3","AHSA1","SH3PXD2B"
"JAK3","ROCK1","SH3PXD2B"
"JAK3","SGK3","SH3PXD2B"
"JAK3","HSP90AB1","SH3PXD2B"
"JAK3","SHOC2","SH3PXD2B"
"JAK3","PTPN12","SH3PXD2B"
"JAK3","PPP2R5C","SH3PXD2B"
"JAK3","PAK1","SH3PXD2B"
"JAK3","TYK2","SH3PXD2B"
"JAK3","ZAP70","SH3PXD2B"
"JAK3","DUSP1","SH3PXD2B"
"JAK3","RAB7A","SH3PXD2B"
"JAK3","EPHA2","SH3PXD2B"
"JAK3","AR","SH3PXD2B"
"JAK3","MAPK11","SH3PXD2B"
"JAK3","DAXX","SH3PXD2B"
"JAK3","INPP5D","SH3PXD2B"
"JAK3","IRS2","SH3PXD2B"
"JAK3","SH2B2","SH3PXD2B"
"JAK3","PPP2R5A","SH3PXD2B"
"JAK3","CLK2","SH3PXD2B"
"JAK3","SH2B3","SH3PXD2B"
"JAK3","DCTN6","SH3PXD2B"
"JAK3","ACTN1","SH3PXD2B"
"JAK3","CILK1","DAB1"
"JAK3","PTEN","DAB1"
"JAK3","MAPK8","DAB1"
"JAK3","MTOR","DAB1"
"JAK3","CSNK2A1","DAB1"
"JAK3","RAC1","DAB1"
"JAK3","MAP2K7","DAB1"
"JAK3","PTPRJ","DAB1"
"JAK3","PDPK1","DAB1"
"JAK3","SGK1","DAB1"
"JAK3","PRKCB","DAB1"
"JAK3","STK3","DAB1"
"JAK3","RAB1A","DAB1"
"JAK3","PRKCZ","DAB1"
"JAK3","TGFBR2","DAB1"
"JAK3","PAK2","DAB1"
"JAK3","AKT","DAB1"
"JAK3","MAPK13","DAB1"
"JAK3","RPS6KA3","DAB1"
"JAK3","ROCK1","DAB1"
"JAK3","RASSF1","DAB1"
"JAK3","SGK3","DAB1"
"JAK3","SH2B1","DAB1"
"JAK3","HSP90AB1","DAB1"
"JAK3","SHOC2","DAB1"
"JAK3","PTPN12","DAB1"
"JAK3","PAK1","DAB1"
"JAK3","TYK2","DAB1"
"JAK3","ZAP70","DAB1"
"JAK3","DUSP1","DAB1"
"JAK3","TRAF2","DAB1"
"JAK3","RAB7A","DAB1"
"JAK3","EPHA2","DAB1"
"JAK3","NRAS","DAB1"
"JAK3","AR","DAB1"
"JAK3","DUSP3","DAB1"
"JAK3","MAPK11","DAB1"
"JAK3","UNC5A","DAB1"
"JAK3","PRKCI","DAB1"
"JAK3","PTPRA","DAB1"
"JAK3","CCR2","DAB1"
"JAK3","PSTPIP1","DAB1"
"JAK3","DAXX","DAB1"
"JAK3","DUSP6","DAB1"
"JAK3","INPP5D","DAB1"
"JAK3","PIK3R1","DAB1"
"JAK3","CCNE1","DAB1"
"JAK3","IRS2","DAB1"
"JAK3","PIK3CG","DAB1"
"JAK3","SH2B2","DAB1"
"JAK3","PPP2R5A","DAB1"
"JAK3","CLK2","DAB1"
"JAK3","YWHAE","DAB1"
"JAK3","PIK3C3","DAB1"
"JAK3","WAC","DAB1"
"JAK3","BANP","DAB1"
"JAK3","ACTN1","DAB1"
"JAK3","RGCC","DAB1"
"JAK3","CTNNB1","TIAM1"
"JAK3","MTOR","TIAM1"
"JAK3","AKT1","TIAM1"
"JAK3","KRAS","TIAM1"
"JAK3","RAC1","TIAM1"
"JAK3","MAP2K7","TIAM1"
"JAK3","PTPRJ","TIAM1"
"JAK3","PPP1CA","TIAM1"
"JAK3","MAP3K14","TIAM1"
"JAK3","RPS6KA1","TIAM1"
"JAK3","SGK1","TIAM1"
"JAK3","RAB1A","TIAM1"
"JAK3","PRKCZ","TIAM1"
"JAK3","TGFBR2","TIAM1"
"JAK3","PAK2","TIAM1"
"JAK3","AKT","TIAM1"
"JAK3","HRAS","TIAM1"
"JAK3","RPS6KA3","TIAM1"
"JAK3","BTK","TIAM1"
"JAK3","HSP90AB1","TIAM1"
"JAK3","PPP2R5C","TIAM1"
"JAK3","ZAP70","TIAM1"
"JAK3","DUSP1","TIAM1"
"JAK3","MAP2K4","TIAM1"
"JAK3","RAB7A","TIAM1"
"JAK3","AR","TIAM1"
"JAK3","MAPK11","TIAM1"
"JAK3","PSTPIP1","TIAM1"
"JAK3","DUSP6","TIAM1"
"JAK3","PIK3R1","TIAM1"
"JAK3","IRS2","TIAM1"
"JAK3","CDC42","TIAM1"
"JAK3","PIK3CG","TIAM1"
"JAK3","CLK2","TIAM1"
"JAK3","MDM2","TIAM1"
"JAK3","SPRY2","TIAM1"
"JAK3","RUNX2","TIAM1"
"JAK3","PIK3C3","TIAM1"
"JAK3","WAC","TIAM1"
"JAK3","BANP","TIAM1"
"JAK3","DCTN6","TIAM1"
"JAK3","ACTN1","TIAM1"
"JAK3","CILK1","CEBPA"
"JAK3","PTEN","CEBPA"
"JAK3","CSNK2A1","CEBPA"
"JAK3","KRAS","CEBPA"
"JAK3","TGFBR1","CEBPA"
"JAK3","PDPK1","CEBPA"
"JAK3","MAP3K14","CEBPA"
"JAK3","RPS6KA1","CEBPA"
"JAK3","IGF1R","CEBPA"
"JAK3","PRKCB","CEBPA"
"JAK3","STK3","CEBPA"
"JAK3","RAB1A","CEBPA"
"JAK3","PAK2","CEBPA"
"JAK3","AKT","CEBPA"
"JAK3","RACK1","CEBPA"
"JAK3","HRAS","CEBPA"
"JAK3","MAPK13","CEBPA"
"JAK3","PIK3CA","CEBPA"
"JAK3","RPS6KA3","CEBPA"
"JAK3","ROCK1","CEBPA"
"JAK3","RASSF1","CEBPA"
"JAK3","BTK","CEBPA"
"JAK3","PTPN11","CEBPA"
"JAK3","SGK3","CEBPA"
"JAK3","SH2B1","CEBPA"
"JAK3","HSP90AB1","CEBPA"
"JAK3","PTPN12","CEBPA"
"JAK3","PAK1","CEBPA"
"JAK3","ZAP70","CEBPA"
"JAK3","DUSP1","CEBPA"
"JAK3","GIT1","CEBPA"
"JAK3","TRAF2","CEBPA"
"JAK3","MAP2K4","CEBPA"
"JAK3","RAB7A","CEBPA"
"JAK3","AR","CEBPA"
"JAK3","UNC5A","CEBPA"
"JAK3","PARD6A","CEBPA"
"JAK3","PTPRA","CEBPA"
"JAK3","PSTPIP1","CEBPA"
"JAK3","DAXX","CEBPA"
"JAK3","DUSP6","CEBPA"
"JAK3","INPP5D","CEBPA"
"JAK3","PIK3R1","CEBPA"
"JAK3","CCNE1","CEBPA"
"JAK3","PIK3CG","CEBPA"
"JAK3","YWHAE","CEBPA"
"JAK3","RUNX2","CEBPA"
"JAK3","SH2B3","CEBPA"
"JAK3","RND1","CEBPA"
"JAK3","WAC","CEBPA"
"JAK3","RGCC","CEBPA"
"JAK3","CHUK","WAC"
"JAK3","CTNNB1","WAC"
"JAK3","CILK1","WAC"
"JAK3","PTEN","WAC"
"JAK3","MAPK8","WAC"
"JAK3","CSNK2A1","WAC"
"JAK3","PLK1","WAC"
"JAK3","KRAS","WAC"
"JAK3","MAP2K7","WAC"
"JAK3","TGFBR1","WAC"
"JAK3","PDPK1","WAC"
"JAK3","MAP3K14","WAC"
"JAK3","SGK1","WAC"
"JAK3","STK3","WAC"
"JAK3","RAB1A","WAC"
"JAK3","PRKCZ","WAC"
"JAK3","TGFBR2","WAC"
"JAK3","AKT","WAC"
"JAK3","RACK1","WAC"
"JAK3","HRAS","WAC"
"JAK3","PIK3CA","WAC"
"JAK3","SGK3","WAC"
"JAK3","SH2B1","WAC"
"JAK3","SHOC2","WAC"
"JAK3","PPP2R5C","WAC"
"JAK3","GIT1","WAC"
"JAK3","EPHA2","WAC"
"JAK3","MAPK11","WAC"
"JAK3","PRKCI","WAC"
"JAK3","PARD6A","WAC"
"JAK3","CCR2","WAC"
"JAK3","PSTPIP1","WAC"
"JAK3","RHEB","WAC"
"JAK3","DUSP6","WAC"
"JAK3","INPP5D","WAC"
"JAK3","CCNE1","WAC"
"JAK3","SH2B2","WAC"
"JAK3","PPP2R5A","WAC"
"JAK3","CLK2","WAC"
"JAK3","MDM2","WAC"
"JAK3","RUNX2","WAC"
"JAK3","SH2B3","WAC"
"JAK3","PIK3C3","WAC"
"JAK3","RND1","WAC"
"JAK3","BANP","WAC"
"JAK3","CILK1","GFAP"
"JAK3","KRAS","GFAP"
"JAK3","MAP2K7","GFAP"
"JAK3","PPP1CA","GFAP"
"JAK3","PDPK1","GFAP"
"JAK3","MAP3K14","GFAP"
"JAK3","RPS6KA1","GFAP"
"JAK3","SGK1","GFAP"
"JAK3","RAB1A","GFAP"
"JAK3","LEPR","GFAP"
"JAK3","ROCK1","GFAP"
"JAK3","BTK","GFAP"
"JAK3","HSP90AB1","GFAP"
"JAK3","GIT1","GFAP"
"JAK3","NRAS","GFAP"
"JAK3","PARD6A","GFAP"
"JAK3","PTPRA","GFAP"
"JAK3","PSTPIP1","GFAP"
"JAK3","INPP5D","GFAP"
"JAK3","MDM2","GFAP"
"JAK3","PLCG1","GFAP"
"JAK3","SPRY2","GFAP"
"JAK3","PIK3C3","GFAP"
"JAK3","RND1","GFAP"
"JAK3","TIAM1","GFAP"
"JAK3","BANP","GFAP"
"JAK3","CHUK","BANP"
"JAK3","CILK1","BANP"
"JAK3","PTPRJ","BANP"
"JAK3","TGFBR1","BANP"
"JAK3","PPP1CA","BANP"
"JAK3","MAP3K14","BANP"
"JAK3","SGK1","BANP"
"JAK3","IGF1R","BANP"
"JAK3","PRKCB","BANP"
"JAK3","PRKCZ","BANP"
"JAK3","TGFBR2","BANP"
"JAK3","PAK2","BANP"
"JAK3","HRAS","BANP"
"JAK3","MAPK13","BANP"
"JAK3","PIK3CA","BANP"
"JAK3","LEPR","BANP"
"JAK3","RPS6KA3","BANP"
"JAK3","mTORC1","BANP"
"JAK3","AHSA1","BANP"
"JAK3","ROCK1","BANP"
"JAK3","BTK","BANP"
"JAK3","SH2B1","BANP"
"JAK3","HSP90AB1","BANP"
"JAK3","PTPN12","BANP"
"JAK3","PPP2R5C","BANP"
"JAK3","PAK1","BANP"
"JAK3","GIT1","BANP"
"JAK3","TRAF2","BANP"
"JAK3","MAP2K4","BANP"
"JAK3","EPHA2","BANP"
"JAK3","PRKCI","BANP"
"JAK3","CCR2","BANP"
"JAK3","PSTPIP1","BANP"
"JAK3","RHEB","BANP"
"JAK3","DAXX","BANP"
"JAK3","DUSP6","BANP"
"JAK3","PIK3CG","BANP"
"JAK3","SH2B2","BANP"
"JAK3","CLK2","BANP"
"JAK3","MDM2","BANP"
"JAK3","YWHAE","BANP"
"JAK3","PLCG1","BANP"
"JAK3","RUNX2","BANP"
"JAK3","SH2B3","BANP"
"JAK3","WAC","BANP"
"JAK3","DCTN6","BANP"
"JAK3","CTNNB1","NDEL1"
"JAK3","CILK1","NDEL1"
"JAK3","AKT1","NDEL1"
"JAK3","KRAS","NDEL1"
"JAK3","RAC1","NDEL1"
"JAK3","PDPK1","NDEL1"
"JAK3","IGF1R","NDEL1"
"JAK3","PRKCB","NDEL1"
"JAK3","STK3","NDEL1"
"JAK3","MAPK13","NDEL1"
"JAK3","LEPR","NDEL1"
"JAK3","mTORC1","NDEL1"
"JAK3","AHSA1","NDEL1"
"JAK3","HSP90AB1","NDEL1"
"JAK3","SHOC2","NDEL1"
"JAK3","PPP2R5C","NDEL1"
"JAK3","TYK2","NDEL1"
"JAK3","ZAP70","NDEL1"
"JAK3","GIT1","NDEL1"
"JAK3","TRAF2","NDEL1"
"JAK3","MAP2K4","NDEL1"
"JAK3","RAB7A","NDEL1"
"JAK3","DUSP3","NDEL1"
"JAK3","PSTPIP1","NDEL1"
"JAK3","RHEB","NDEL1"
"JAK3","DAXX","NDEL1"
"JAK3","DUSP6","NDEL1"
"JAK3","INPP5D","NDEL1"
"JAK3","CDC42","NDEL1"
"JAK3","PPP2R5A","NDEL1"
"JAK3","SPRY2","NDEL1"
"JAK3","RND1","NDEL1"
"JAK3","TIAM1","NDEL1"
"JAK3","BANP","NDEL1"
"JAK3","DCTN6","NDEL1"
"JAK3","ACTN1","NDEL1"
"JAK3","RGCC","NDEL1"
"JAK3","CHUK","KDM5A"
"JAK3","PTEN","KDM5A"
"JAK3","MAPK8","KDM5A"
"JAK3","MTOR","KDM5A"
"JAK3","CSNK2A1","KDM5A"
"JAK3","KRAS","KDM5A"
"JAK3","MAP2K7","KDM5A"
"JAK3","PTPRJ","KDM5A"
"JAK3","TGFBR1","KDM5A"
"JAK3","PPP1CA","KDM5A"
"JAK3","RPS6KA1","KDM5A"
"JAK3","SGK1","KDM5A"
"JAK3","IGF1R","KDM5A"
"JAK3","PRKCB","KDM5A"
"JAK3","TGFBR2","KDM5A"
"JAK3","AKT","KDM5A"
"JAK3","RACK1","KDM5A"
"JAK3","MAPK13","KDM5A"
"JAK3","LEPR","KDM5A"
"JAK3","ROCK1","KDM5A"
"JAK3","BTK","KDM5A"
"JAK3","SHOC2","KDM5A"
"JAK3","PPP2R5C","KDM5A"
"JAK3","DUSP1","KDM5A"
"JAK3","GIT1","KDM5A"
"JAK3","RAB7A","KDM5A"
"JAK3","NRAS","KDM5A"
"JAK3","PRKCI","KDM5A"
"JAK3","PARD6A","KDM5A"
"JAK3","PTPRA","KDM5A"
"JAK3","PSTPIP1","KDM5A"
"JAK3","RHEB","KDM5A"
"JAK3","DUSP6","KDM5A"
"JAK3","INPP5D","KDM5A"
"JAK3","CDC42","KDM5A"
"JAK3","PIK3CG","KDM5A"
"JAK3","SH2B2","KDM5A"
"JAK3","MDM2","KDM5A"
"JAK3","PLCG1","KDM5A"
"JAK3","SH2B3","KDM5A"
"JAK3","PIK3C3","KDM5A"
"JAK3","ACTN1","KDM5A"
"JAK3","RGCC","KDM5A"
"JAK3","CHUK","NF1"
"JAK3","CTNNB1","NF1"
"JAK3","CILK1","NF1"
"JAK3","MAPK8","NF1"
"JAK3","MTOR","NF1"
"JAK3","AKT1","NF1"
"JAK3","CSNK2A1","NF1"
"JAK3","RAC1","NF1"
"JAK3","PDPK1","NF1"
"JAK3","STK3","NF1"
"JAK3","RACK1","NF1"
"JAK3","HRAS","NF1"
"JAK3","PIK3CA","NF1"
"JAK3","RASSF1","NF1"
"JAK3","SH2B1","NF1"
"JAK3","PTPN12","NF1"
"JAK3","PAK1","NF1"
"JAK3","ZAP70","NF1"
"JAK3","DUSP1","NF1"
"JAK3","GIT1","NF1"
"JAK3","TRAF2","NF1"
"JAK3","RAB7A","NF1"
"JAK3","NRAS","NF1"
"JAK3","DUSP3","NF1"
"JAK3","PRKCI","NF1"
"JAK3","CCR2","NF1"
"JAK3","PSTPIP1","NF1"
"JAK3","RHEB","NF1"
"JAK3","PIK3CG","NF1"
"JAK3","SH2B2","NF1"
"JAK3","CLK2","NF1"
"JAK3","WAC","NF1"
"JAK3","BANP","NF1"
"JAK3","DCTN6","NF1"
"JAK3","ACTN1","NF1"
"JAK3","CTNNB1","WASL"
"JAK3","CILK1","WASL"
"JAK3","PTEN","WASL"
"JAK3","MTOR","WASL"
"JAK3","CSNK2A1","WASL"
"JAK3","RAC1","WASL"
"JAK3","MAP2K7","WASL"
"JAK3","PTPRJ","WASL"
"JAK3","TGFBR1","WASL"
"JAK3","PPP1CA","WASL"
"JAK3","PDPK1","WASL"
"JAK3","MAP3K14","WASL"
"JAK3","SGK1","WASL"
"JAK3","PRKCB","WASL"
"JAK3","STK3","WASL"
"JAK3","RAB1A","WASL"
"JAK3","PRKCZ","WASL"
"JAK3","TGFBR2","WASL"
"JAK3","PAK2","WASL"
"JAK3","RACK1","WASL"
"JAK3","HRAS","WASL"
"JAK3","MAPK13","WASL"
"JAK3","LEPR","WASL"
"JAK3","mTORC1","WASL"
"JAK3","ROCK1","WASL"
"JAK3","PAK1","WASL"
"JAK3","TYK2","WASL"
"JAK3","DUSP1","WASL"
"JAK3","TRAF2","WASL"
"JAK3","RAB7A","WASL"
"JAK3","DUSP3","WASL"
"JAK3","UNC5A","WASL"
"JAK3","PRKCI","WASL"
"JAK3","PTPRA","WASL"
"JAK3","PSTPIP1","WASL"
"JAK3","RHEB","WASL"
"JAK3","DAXX","WASL"
"JAK3","DUSP6","WASL"
"JAK3","CCNE1","WASL"
"JAK3","IRS2","WASL"
"JAK3","CDC42","WASL"
"JAK3","PIK3CG","WASL"
"JAK3","PPP2R5A","WASL"
"JAK3","MDM2","WASL"
"JAK3","PLCG1","WASL"
"JAK3","SPRY2","WASL"
"JAK3","WAC","WASL"
"JAK3","BANP","WASL"
"JAK3","ACTN1","WASL"
"JAK3","RGCC","WASL"
"JAK3","PTPN11","VAV2"
"JAK3","CTNNB1","DCTN6"
"JAK3","CILK1","DCTN6"
"JAK3","AKT1","DCTN6"
"JAK3","PLK1","DCTN6"
"JAK3","KRAS","DCTN6"
"JAK3","RAC1","DCTN6"
"JAK3","PTPRJ","DCTN6"
"JAK3","PPP1CA","DCTN6"
"JAK3","PDPK1","DCTN6"
"JAK3","SGK1","DCTN6"
"JAK3","STK3","DCTN6"
"JAK3","TGFBR2","DCTN6"
"JAK3","PAK2","DCTN6"
"JAK3","RPS6KA3","DCTN6"
"JAK3","mTORC1","DCTN6"
"JAK3","BTK","DCTN6"
"JAK3","SH2B1","DCTN6"
"JAK3","SHOC2","DCTN6"
"JAK3","PTPN12","DCTN6"
"JAK3","PAK1","DCTN6"
"JAK3","TYK2","DCTN6"
"JAK3","ZAP70","DCTN6"
"JAK3","TRAF2","DCTN6"
"JAK3","MAP2K4","DCTN6"
"JAK3","NRAS","DCTN6"
"JAK3","AR","DCTN6"
"JAK3","DUSP3","DCTN6"
"JAK3","MAPK11","DCTN6"
"JAK3","UNC5A","DCTN6"
"JAK3","PRKCI","DCTN6"
"JAK3","CCR2","DCTN6"
"JAK3","PSTPIP1","DCTN6"
"JAK3","DAXX","DCTN6"
"JAK3","DUSP6","DCTN6"
"JAK3","IRS2","DCTN6"
"JAK3","PPP2R5A","DCTN6"
"JAK3","CLK2","DCTN6"
"JAK3","MDM2","DCTN6"
"JAK3","YWHAE","DCTN6"
"JAK3","PLCG1","DCTN6"
"JAK3","SPRY2","DCTN6"
"JAK3","RUNX2","DCTN6"
"JAK3","SH2B3","DCTN6"
"JAK3","PIK3C3","DCTN6"
"JAK3","RND1","DCTN6"
"JAK3","TIAM1","DCTN6"
"JAK3","WAC","DCTN6"
"JAK3","BANP","DCTN6"
"JAK3","ACTN1","DCTN6"
"JAK3","RGCC","DCTN6"
"JAK3","CILK1","HABP4"
"JAK3","PTEN","HABP4"
"JAK3","MTOR","HABP4"
"JAK3","AKT1","HABP4"
"JAK3","CSNK2A1","HABP4"
"JAK3","PLK1","HABP4"
"JAK3","KRAS","HABP4"
"JAK3","PTPRJ","HABP4"
"JAK3","PPP1CA","HABP4"
"JAK3","SGK1","HABP4"
"JAK3","IGF1R","HABP4"
"JAK3","PRKCB","HABP4"
"JAK3","RAB1A","HABP4"
"JAK3","PRKCZ","HABP4"
"JAK3","TGFBR2","HABP4"
"JAK3","PAK2","HABP4"
"JAK3","RACK1","HABP4"
"JAK3","HRAS","HABP4"
"JAK3","MAPK13","HABP4"
"JAK3","LEPR","HABP4"
"JAK3","mTORC1","HABP4"
"JAK3","ROCK1","HABP4"
"JAK3","RASSF1","HABP4"
"JAK3","PAK1","HABP4"
"JAK3","ZAP70","HABP4"
"JAK3","MAP2K4","HABP4"
"JAK3","NRAS","HABP4"
"JAK3","AR","HABP4"
"JAK3","DUSP3","HABP4"
"JAK3","MAPK11","HABP4"
"JAK3","PARD6A","HABP4"
"JAK3","PTPRA","HABP4"
"JAK3","CCR2","HABP4"
"JAK3","RHEB","HABP4"
"JAK3","DUSP6","HABP4"
"JAK3","PIK3R1","HABP4"
"JAK3","CDC42","HABP4"
"JAK3","SH2B2","HABP4"
"JAK3","CLK2","HABP4"
"JAK3","MDM2","HABP4"
"JAK3","SPRY2","HABP4"
"JAK3","SH2B3","HABP4"
"JAK3","PIK3C3","HABP4"
"JAK3","TIAM1","HABP4"
"JAK3","ACTN1","HABP4"
"JAK3","RGCC","HABP4"
"JAK3","MAPK8","TARBP2"
"JAK3","MTOR","TARBP2"
"JAK3","CSNK2A1","TARBP2"
"JAK3","PLK1","TARBP2"
"JAK3","MAP2K7","TARBP2"
"JAK3","PTPRJ","TARBP2"
"JAK3","PPP1CA","TARBP2"
"JAK3","PDPK1","TARBP2"
"JAK3","MAP3K14","TARBP2"
"JAK3","RPS6KA1","TARBP2"
"JAK3","SGK1","TARBP2"
"JAK3","PRKCZ","TARBP2"
"JAK3","TGFBR2","TARBP2"
"JAK3","PAK2","TARBP2"
"JAK3","RACK1","TARBP2"
"JAK3","HRAS","TARBP2"
"JAK3","LEPR","TARBP2"
"JAK3","AHSA1","TARBP2"
"JAK3","ROCK1","TARBP2"
"JAK3","BTK","TARBP2"
"JAK3","PTPN11","TARBP2"
"JAK3","SGK3","TARBP2"
"JAK3","SH2B1","TARBP2"
"JAK3","SHOC2","TARBP2"
"JAK3","PPP2R5C","TARBP2"
"JAK3","PAK1","TARBP2"
"JAK3","TYK2","TARBP2"
"JAK3","ZAP70","TARBP2"
"JAK3","DUSP1","TARBP2"
"JAK3","TRAF2","TARBP2"
"JAK3","MAP2K4","TARBP2"
"JAK3","RAB7A","TARBP2"
"JAK3","EPHA2","TARBP2"
"JAK3","MAPK11","TARBP2"
"JAK3","PRKCI","TARBP2"
"JAK3","PARD6A","TARBP2"
"JAK3","PTPRA","TARBP2"
"JAK3","PSTPIP1","TARBP2"
"JAK3","RHEB","TARBP2"
"JAK3","DAXX","TARBP2"
"JAK3","INPP5D","TARBP2"
"JAK3","PIK3R1","TARBP2"
"JAK3","CCNE1","TARBP2"
"JAK3","CDC42","TARBP2"
"JAK3","SH2B2","TARBP2"
"JAK3","PPP2R5A","TARBP2"
"JAK3","CLK2","TARBP2"
"JAK3","MDM2","TARBP2"
"JAK3","SPRY2","TARBP2"
"JAK3","RUNX2","TARBP2"
"JAK3","CTNNB1","BLVRA"
"JAK3","MTOR","BLVRA"
"JAK3","KRAS","BLVRA"
"JAK3","RAC1","BLVRA"
"JAK3","TGFBR1","BLVRA"
"JAK3","RPS6KA1","BLVRA"
"JAK3","IGF1R","BLVRA"
"JAK3","STK3","BLVRA"
"JAK3","TGFBR2","BLVRA"
"JAK3","PAK2","BLVRA"
"JAK3","HRAS","BLVRA"
"JAK3","LEPR","BLVRA"
"JAK3","BTK","BLVRA"
"JAK3","PTPN11","BLVRA"
"JAK3","PAK1","BLVRA"
"JAK3","GIT1","BLVRA"
"JAK3","PTPRA","BLVRA"
"JAK3","RHEB","BLVRA"
"JAK3","DAXX","BLVRA"
"JAK3","DUSP6","BLVRA"
"JAK3","PIK3R1","BLVRA"
"JAK3","CDC42","BLVRA"
"JAK3","PIK3CG","BLVRA"
"JAK3","SH2B2","BLVRA"
"JAK3","CLK2","BLVRA"
"JAK3","MDM2","BLVRA"
"JAK3","YWHAE","BLVRA"
"JAK3","PLCG1","BLVRA"
"JAK3","SPRY2","BLVRA"
"JAK3","RUNX2","BLVRA"
"JAK3","RND1","BLVRA"
"JAK3","TIAM1","BLVRA"
"JAK3","WAC","BLVRA"
"JAK3","DCTN6","BLVRA"
"JAK3","CHUK","MCRIP1"
"JAK3","CTNNB1","MCRIP1"
"JAK3","CILK1","MCRIP1"
"JAK3","MTOR","MCRIP1"
"JAK3","AKT1","MCRIP1"
"JAK3","PLK1","MCRIP1"
"JAK3","RAC1","MCRIP1"
"JAK3","MAP2K7","MCRIP1"
"JAK3","PTPRJ","MCRIP1"
"JAK3","TGFBR1","MCRIP1"
"JAK3","PDPK1","MCRIP1"
"JAK3","MAP3K14","MCRIP1"
"JAK3","RPS6KA1","MCRIP1"
"JAK3","SGK1","MCRIP1"
"JAK3","IGF1R","MCRIP1"
"JAK3","RAB1A","MCRIP1"
"JAK3","PRKCZ","MCRIP1"
"JAK3","PAK2","MCRIP1"
"JAK3","AKT","MCRIP1"
"JAK3","MAPK13","MCRIP1"
"JAK3","PIK3CA","MCRIP1"
"JAK3","LEPR","MCRIP1"
"JAK3","RPS6KA3","MCRIP1"
"JAK3","mTORC1","MCRIP1"
"JAK3","AHSA1","MCRIP1"
"JAK3","ROCK1","MCRIP1"
"JAK3","BTK","MCRIP1"
"JAK3","SGK3","MCRIP1"
"JAK3","SH2B1","MCRIP1"
"JAK3","PTPN12","MCRIP1"
"JAK3","PPP2R5C","MCRIP1"
"JAK3","ZAP70","MCRIP1"
"JAK3","GIT1","MCRIP1"
"JAK3","NRAS","MCRIP1"
"JAK3","AR","MCRIP1"
"JAK3","MAPK11","MCRIP1"
"JAK3","UNC5A","MCRIP1"
"JAK3","PRKCI","MCRIP1"
"JAK3","PTPRA","MCRIP1"
"JAK3","PSTPIP1","MCRIP1"
"JAK3","DAXX","MCRIP1"
"JAK3","PIK3R1","MCRIP1"
"JAK3","CCNE1","MCRIP1"
"JAK3","PIK3CG","MCRIP1"
"JAK3","SH2B2","MCRIP1"
"JAK3","CLK2","MCRIP1"
"JAK3","MDM2","MCRIP1"
"JAK3","YWHAE","MCRIP1"
"JAK3","SPRY2","MCRIP1"
"JAK3","WAC","MCRIP1"
"JAK3","BANP","MCRIP1"
"JAK3","DCTN6","MCRIP1"
"JAK3","ACTN1","MCRIP1"
"JAK3","CHUK","MAPKAP1"
"JAK3","CILK1","MAPKAP1"
"JAK3","MAPK8","MAPKAP1"
"JAK3","CSNK2A1","MAPKAP1"
"JAK3","PLK1","MAPKAP1"
"JAK3","RAC1","MAPKAP1"
"JAK3","MAP2K7","MAPKAP1"
"JAK3","PTPRJ","MAPKAP1"
"JAK3","PPP1CA","MAPKAP1"
"JAK3","MAP3K14","MAPKAP1"
"JAK3","RPS6KA1","MAPKAP1"
"JAK3","SGK1","MAPKAP1"
"JAK3","IGF1R","MAPKAP1"
"JAK3","PRKCB","MAPKAP1"
"JAK3","RAB1A","MAPKAP1"
"JAK3","TGFBR2","MAPKAP1"
"JAK3","PAK2","MAPKAP1"
"JAK3","HRAS","MAPKAP1"
"JAK3","PIK3CA","MAPKAP1"
"JAK3","LEPR","MAPKAP1"
"JAK3","RPS6KA3","MAPKAP1"
"JAK3","AHSA1","MAPKAP1"
"JAK3","PTPN11","MAPKAP1"
"JAK3","SH2B1","MAPKAP1"
"JAK3","HSP90AB1","MAPKAP1"
"JAK3","SHOC2","MAPKAP1"
"JAK3","TYK2","MAPKAP1"
"JAK3","TRAF2","MAPKAP1"
"JAK3","MAP2K4","MAPKAP1"
"JAK3","RAB7A","MAPKAP1"
"JAK3","AR","MAPKAP1"
"JAK3","DUSP3","MAPKAP1"
"JAK3","MAPK11","MAPKAP1"
"JAK3","UNC5A","MAPKAP1"
"JAK3","PRKCI","MAPKAP1"
"JAK3","PARD6A","MAPKAP1"
"JAK3","PTPRA","MAPKAP1"
"JAK3","CCR2","MAPKAP1"
"JAK3","RHEB","MAPKAP1"
"JAK3","DAXX","MAPKAP1"
"JAK3","DUSP6","MAPKAP1"
"JAK3","IRS2","MAPKAP1"
"JAK3","SH2B2","MAPKAP1"
"JAK3","YWHAE","MAPKAP1"
"JAK3","PLCG1","MAPKAP1"
"JAK3","SH2B3","MAPKAP1"
"JAK3","TIAM1","MAPKAP1"
"JAK3","WAC","MAPKAP1"
"JAK3","BANP","MAPKAP1"
"JAK3","DCTN6","MAPKAP1"
"JAK3","ACTN1","MAPKAP1"
"JAK3","PTPN11","CASP8"
"JAK3","CTNNB1","SNX8"
"JAK3","MTOR","SNX8"
"JAK3","AKT1","SNX8"
"JAK3","CSNK2A1","SNX8"
"JAK3","PLK1","SNX8"
"JAK3","KRAS","SNX8"
"JAK3","TGFBR1","SNX8"
"JAK3","PPP1CA","SNX8"
"JAK3","PDPK1","SNX8"
"JAK3","RPS6KA1","SNX8"
"JAK3","IGF1R","SNX8"
"JAK3","PRKCB","SNX8"
"JAK3","PRKCZ","SNX8"
"JAK3","RACK1","SNX8"
"JAK3","MAPK13","SNX8"
"JAK3","PIK3CA","SNX8"
"JAK3","LEPR","SNX8"
"JAK3","AHSA1","SNX8"
"JAK3","BTK","SNX8"
"JAK3","SHOC2","SNX8"
"JAK3","PPP2R5C","SNX8"
"JAK3","TYK2","SNX8"
"JAK3","ZAP70","SNX8"
"JAK3","DUSP1","SNX8"
"JAK3","GIT1","SNX8"
"JAK3","TRAF2","SNX8"
"JAK3","MAP2K4","SNX8"
"JAK3","RAB7A","SNX8"
"JAK3","EPHA2","SNX8"
"JAK3","AR","SNX8"
"JAK3","UNC5A","SNX8"
"JAK3","PRKCI","SNX8"
"JAK3","PTPRA","SNX8"
"JAK3","PSTPIP1","SNX8"
"JAK3","DAXX","SNX8"
"JAK3","PIK3R1","SNX8"
"JAK3","CDC42","SNX8"
"JAK3","CLK2","SNX8"
"JAK3","SPRY2","SNX8"
"JAK3","RUNX2","SNX8"
"JAK3","SH2B3","SNX8"
"JAK3","TIAM1","SNX8"
"JAK3","BANP","SNX8"
"JAK3","ACTN1","SNX8"
"JAK3","RGCC","SNX8"
"JAK3","PTPN11","EIF4EBP1"
"JAK3","CTNNB1","GRB7"
"JAK3","CILK1","GRB7"
"JAK3","PTEN","GRB7"
"JAK3","MTOR","GRB7"
"JAK3","AKT1","GRB7"
"JAK3","CSNK2A1","GRB7"
"JAK3","PLK1","GRB7"
"JAK3","KRAS","GRB7"
"JAK3","RAC1","GRB7"
"JAK3","PTPRJ","GRB7"
"JAK3","PPP1CA","GRB7"
"JAK3","SGK1","GRB7"
"JAK3","PRKCB","GRB7"
"JAK3","STK3","GRB7"
"JAK3","RAB1A","GRB7"
"JAK3","PRKCZ","GRB7"
"JAK3","AKT","GRB7"
"JAK3","HRAS","GRB7"
"JAK3","MAPK13","GRB7"
"JAK3","LEPR","GRB7"
"JAK3","RPS6KA3","GRB7"
"JAK3","AHSA1","GRB7"
"JAK3","SGK3","GRB7"
"JAK3","PTPN12","GRB7"
"JAK3","PPP2R5C","GRB7"
"JAK3","PAK1","GRB7"
"JAK3","TYK2","GRB7"
"JAK3","ZAP70","GRB7"
"JAK3","DUSP1","GRB7"
"JAK3","GIT1","GRB7"
"JAK3","TRAF2","GRB7"
"JAK3","MAP2K4","GRB7"
"JAK3","AR","GRB7"
"JAK3","MAPK11","GRB7"
"JAK3","UNC5A","GRB7"
"JAK3","CCR2","GRB7"
"JAK3","RHEB","GRB7"
"JAK3","DAXX","GRB7"
"JAK3","PIK3R1","GRB7"
"JAK3","PPP2R5A","GRB7"
"JAK3","MDM2","GRB7"
"JAK3","YWHAE","GRB7"
"JAK3","TIAM1","GRB7"
"JAK3","BANP","GRB7"
"JAK3","DCTN6","GRB7"
"JAK3","ACTN1","GRB7"
"JAK3","CHUK","ATAD5"
"JAK3","CTNNB1","ATAD5"
"JAK3","CILK1","ATAD5"
"JAK3","MAPK8","ATAD5"
"JAK3","MTOR","ATAD5"
"JAK3","AKT1","ATAD5"
"JAK3","KRAS","ATAD5"
"JAK3","RAC1","ATAD5"
"JAK3","TGFBR1","ATAD5"
"JAK3","PPP1CA","ATAD5"
"JAK3","PDPK1","ATAD5"
"JAK3","MAP3K14","ATAD5"
"JAK3","STK3","ATAD5"
"JAK3","TGFBR2","ATAD5"
"JAK3","AKT","ATAD5"
"JAK3","HRAS","ATAD5"
"JAK3","MAPK13","ATAD5"
"JAK3","PIK3CA","ATAD5"
"JAK3","LEPR","ATAD5"
"JAK3","RPS6KA3","ATAD5"
"JAK3","mTORC1","ATAD5"
"JAK3","AHSA1","ATAD5"
"JAK3","RASSF1","ATAD5"
"JAK3","BTK","ATAD5"
"JAK3","SGK3","ATAD5"
"JAK3","HSP90AB1","ATAD5"
"JAK3","PTPN12","ATAD5"
"JAK3","DUSP1","ATAD5"
"JAK3","NRAS","ATAD5"
"JAK3","UNC5A","ATAD5"
"JAK3","CCR2","ATAD5"
"JAK3","INPP5D","ATAD5"
"JAK3","CCNE1","ATAD5"
"JAK3","SH2B2","ATAD5"
"JAK3","RUNX2","ATAD5"
"JAK3","SH2B3","ATAD5"
"JAK3","PIK3C3","ATAD5"
"JAK3","RND1","ATAD5"
"JAK3","DCTN6","ATAD5"
"JAK3","RGCC","ATAD5"
"JAK3","AKT1","PSMA7"
"JAK3","TGFBR1","PSMA7"
"JAK3","PPP1CA","PSMA7"
"JAK3","SGK1","PSMA7"
"JAK3","RAB1A","PSMA7"
"JAK3","PRKCZ","PSMA7"
"JAK3","AKT","PSMA7"
"JAK3","RACK1","PSMA7"
"JAK3","HRAS","PSMA7"
"JAK3","LEPR","PSMA7"
"JAK3","RPS6KA3","PSMA7"
"JAK3","mTORC1","PSMA7"
"JAK3","BTK","PSMA7"
"JAK3","SGK3","PSMA7"
"JAK3","HSP90AB1","PSMA7"
"JAK3","SHOC2","PSMA7"
"JAK3","PTPN12","PSMA7"
"JAK3","PPP2R5C","PSMA7"
"JAK3","PAK1","PSMA7"
"JAK3","TYK2","PSMA7"
"JAK3","ZAP70","PSMA7"
"JAK3","TRAF2","PSMA7"
"JAK3","MAP2K4","PSMA7"
"JAK3","RAB7A","PSMA7"
"JAK3","EPHA2","PSMA7"
"JAK3","NRAS","PSMA7"
"JAK3","AR","PSMA7"
"JAK3","DUSP3","PSMA7"
"JAK3","MAPK11","PSMA7"
"JAK3","PRKCI","PSMA7"
"JAK3","CCR2","PSMA7"
"JAK3","PSTPIP1","PSMA7"
"JAK3","DAXX","PSMA7"
"JAK3","DUSP6","PSMA7"
"JAK3","INPP5D","PSMA7"
"JAK3","CCNE1","PSMA7"
"JAK3","IRS2","PSMA7"
"JAK3","CDC42","PSMA7"
"JAK3","PIK3CG","PSMA7"
"JAK3","PPP2R5A","PSMA7"
"JAK3","SPRY2","PSMA7"
"JAK3","PIK3C3","PSMA7"
"JAK3","RND1","PSMA7"
"JAK3","WAC","PSMA7"
"JAK3","BANP","PSMA7"
"JAK3","CTNNB1","CEBPB"
"JAK3","CILK1","CEBPB"
"JAK3","PTEN","CEBPB"
"JAK3","MTOR","CEBPB"
"JAK3","AKT1","CEBPB"
"JAK3","CSNK2A1","CEBPB"
"JAK3","PLK1","CEBPB"
"JAK3","RAC1","CEBPB"
"JAK3","MAP2K7","CEBPB"
"JAK3","PTPRJ","CEBPB"
"JAK3","PDPK1","CEBPB"
"JAK3","IGF1R","CEBPB"
"JAK3","PRKCB","CEBPB"
"JAK3","RACK1","CEBPB"
"JAK3","HRAS","CEBPB"
"JAK3","MAPK13","CEBPB"
"JAK3","PIK3CA","CEBPB"
"JAK3","LEPR","CEBPB"
"JAK3","RPS6KA3","CEBPB"
"JAK3","mTORC1","CEBPB"
"JAK3","ROCK1","CEBPB"
"JAK3","BTK","CEBPB"
"JAK3","SGK3","CEBPB"
"JAK3","SH2B1","CEBPB"
"JAK3","PPP2R5C","CEBPB"
"JAK3","PAK1","CEBPB"
"JAK3","ZAP70","CEBPB"
"JAK3","DUSP1","CEBPB"
"JAK3","GIT1","CEBPB"
"JAK3","TRAF2","CEBPB"
"JAK3","EPHA2","CEBPB"
"JAK3","NRAS","CEBPB"
"JAK3","UNC5A","CEBPB"
"JAK3","PARD6A","CEBPB"
"JAK3","PTPRA","CEBPB"
"JAK3","CCR2","CEBPB"
"JAK3","RHEB","CEBPB"
"JAK3","DAXX","CEBPB"
"JAK3","DUSP6","CEBPB"
"JAK3","CCNE1","CEBPB"
"JAK3","PIK3CG","CEBPB"
"JAK3","CLK2","CEBPB"
"JAK3","YWHAE","CEBPB"
"JAK3","PLCG1","CEBPB"
"JAK3","SPRY2","CEBPB"
"JAK3","SH2B3","CEBPB"
"JAK3","RND1","CEBPB"
"JAK3","BANP","CEBPB"
"JAK3","DCTN6","CEBPB"
"JAK3","ACTN1","CEBPB"
"JAK3","CTNNB1","EIF4B"
"JAK3","CILK1","EIF4B"
"JAK3","MTOR","EIF4B"
"JAK3","AKT1","EIF4B"
"JAK3","CSNK2A1","EIF4B"
"JAK3","PLK1","EIF4B"
"JAK3","KRAS","EIF4B"
"JAK3","MAP2K7","EIF4B"
"JAK3","PTPRJ","EIF4B"
"JAK3","TGFBR1","EIF4B"
"JAK3","PDPK1","EIF4B"
"JAK3","SGK1","EIF4B"
"JAK3","IGF1R","EIF4B"
"JAK3","PRKCB","EIF4B"
"JAK3","STK3","EIF4B"
"JAK3","RAB1A","EIF4B"
"JAK3","TGFBR2","EIF4B"
"JAK3","MAPK13","EIF4B"
"JAK3","LEPR","EIF4B"
"JAK3","mTORC1","EIF4B"
"JAK3","BTK","EIF4B"
"JAK3","SHOC2","EIF4B"
"JAK3","PTPN12","EIF4B"
"JAK3","PAK1","EIF4B"
"JAK3","TYK2","EIF4B"
"JAK3","ZAP70","EIF4B"
"JAK3","RAB7A","EIF4B"
"JAK3","DUSP3","EIF4B"
"JAK3","PSTPIP1","EIF4B"
"JAK3","INPP5D","EIF4B"
"JAK3","CCNE1","EIF4B"
"JAK3","IRS2","EIF4B"
"JAK3","PIK3CG","EIF4B"
"JAK3","SH2B2","EIF4B"
"JAK3","YWHAE","EIF4B"
"JAK3","SPRY2","EIF4B"
"JAK3","RUNX2","EIF4B"
"JAK3","SH2B3","EIF4B"
"JAK3","TIAM1","EIF4B"
"JAK3","WAC","EIF4B"
"JAK3","DCTN6","EIF4B"
"JAK3","RGCC","EIF4B"
"JAK3","CHUK","STAT2"
"JAK3","CTNNB1","STAT2"
"JAK3","CILK1","STAT2"
"JAK3","PTEN","STAT2"
"JAK3","AKT1","STAT2"
"JAK3","CSNK2A1","STAT2"
"JAK3","PLK1","STAT2"
"JAK3","KRAS","STAT2"
"JAK3","PTPRJ","STAT2"
"JAK3","SGK1","STAT2"
"JAK3","STK3","STAT2"
"JAK3","PRKCZ","STAT2"
"JAK3","TGFBR2","STAT2"
"JAK3","PAK2","STAT2"
"JAK3","HRAS","STAT2"
"JAK3","LEPR","STAT2"
"JAK3","RPS6KA3","STAT2"
"JAK3","PTPN11","STAT2"
"JAK3","ZAP70","STAT2"
"JAK3","MAP2K4","STAT2"
"JAK3","RAB7A","STAT2"
"JAK3","EPHA2","STAT2"
"JAK3","DUSP3","STAT2"
"JAK3","PRKCI","STAT2"
"JAK3","PSTPIP1","STAT2"
"JAK3","PIK3R1","STAT2"
"JAK3","CCNE1","STAT2"
"JAK3","IRS2","STAT2"
"JAK3","CDC42","STAT2"
"JAK3","CLK2","STAT2"
"JAK3","PLCG1","STAT2"
"JAK3","SPRY2","STAT2"
"JAK3","SH2B3","STAT2"
"JAK3","TIAM1","STAT2"
"JAK3","WAC","STAT2"
"JAK3","RGCC","STAT2"
"JAK3","PTEN","ACTN1"
"JAK3","CSNK2A1","ACTN1"
"JAK3","MAP2K7","ACTN1"
"JAK3","PPP1CA","ACTN1"
"JAK3","MAP3K14","ACTN1"
"JAK3","RPS6KA1","ACTN1"
"JAK3","SGK1","ACTN1"
"JAK3","IGF1R","ACTN1"
"JAK3","PRKCZ","ACTN1"
"JAK3","PAK2","ACTN1"
"JAK3","AKT","ACTN1"
"JAK3","RACK1","ACTN1"
"JAK3","HRAS","ACTN1"
"JAK3","LEPR","ACTN1"
"JAK3","RPS6KA3","ACTN1"
"JAK3","PTPN11","ACTN1"
"JAK3","HSP90AB1","ACTN1"
"JAK3","SHOC2","ACTN1"
"JAK3","TYK2","ACTN1"
"JAK3","DUSP1","ACTN1"
"JAK3","TRAF2","ACTN1"
"JAK3","MAP2K4","ACTN1"
"JAK3","NRAS","ACTN1"
"JAK3","AR","ACTN1"
"JAK3","DUSP3","ACTN1"
"JAK3","MAPK11","ACTN1"
"JAK3","PRKCI","ACTN1"
"JAK3","PARD6A","ACTN1"
"JAK3","PTPRA","ACTN1"
"JAK3","RHEB","ACTN1"
"JAK3","DUSP6","ACTN1"
"JAK3","CCNE1","ACTN1"
"JAK3","CDC42","ACTN1"
"JAK3","CLK2","ACTN1"
"JAK3","YWHAE","ACTN1"
"JAK3","BANP","ACTN1"
"JAK3","CHUK","PIK3CD"
"JAK3","CSNK2A1","PIK3CD"
"JAK3","TGFBR1","PIK3CD"
"JAK3","PPP1CA","PIK3CD"
"JAK3","PDPK1","PIK3CD"
"JAK3","MAP3K14","PIK3CD"
"JAK3","SGK1","PIK3CD"
"JAK3","PRKCB","PIK3CD"
"JAK3","AKT","PIK3CD"
"JAK3","RACK1","PIK3CD"
"JAK3","MAPK13","PIK3CD"
"JAK3","PIK3CA","PIK3CD"
"JAK3","LEPR","PIK3CD"
"JAK3","AHSA1","PIK3CD"
"JAK3","BTK","PIK3CD"
"JAK3","TYK2","PIK3CD"
"JAK3","GIT1","PIK3CD"
"JAK3","TRAF2","PIK3CD"
"JAK3","MAP2K4","PIK3CD"
"JAK3","RAB7A","PIK3CD"
"JAK3","AR","PIK3CD"
"JAK3","DUSP3","PIK3CD"
"JAK3","MAPK11","PIK3CD"
"JAK3","DUSP6","PIK3CD"
"JAK3","INPP5D","PIK3CD"
"JAK3","PIK3CG","PIK3CD"
"JAK3","SH2B2","PIK3CD"
"JAK3","CLK2","PIK3CD"
"JAK3","MDM2","PIK3CD"
"JAK3","YWHAE","PIK3CD"
"JAK3","PLCG1","PIK3CD"
"JAK3","RUNX2","PIK3CD"
"JAK3","SH2B3","PIK3CD"
"JAK3","PIK3C3","PIK3CD"
"JAK3","TIAM1","PIK3CD"
"JAK3","WAC","PIK3CD"
"JAK3","BANP","PIK3CD"
"JAK3","CHUK","LARP4B"
"JAK3","CILK1","LARP4B"
"JAK3","PTEN","LARP4B"
"JAK3","CSNK2A1","LARP4B"
"JAK3","PLK1","LARP4B"
"JAK3","RAC1","LARP4B"
"JAK3","MAP2K7","LARP4B"
"JAK3","PTPRJ","LARP4B"
"JAK3","MAP3K14","LARP4B"
"JAK3","IGF1R","LARP4B"
"JAK3","PRKCB","LARP4B"
"JAK3","STK3","LARP4B"
"JAK3","RAB1A","LARP4B"
"JAK3","AKT","LARP4B"
"JAK3","HRAS","LARP4B"
"JAK3","PIK3CA","LARP4B"
"JAK3","RPS6KA3","LARP4B"
"JAK3","AHSA1","LARP4B"
"JAK3","ROCK1","LARP4B"
"JAK3","SH2B1","LARP4B"
"JAK3","PPP2R5C","LARP4B"
"JAK3","PAK1","LARP4B"
"JAK3","DUSP1","LARP4B"
"JAK3","TRAF2","LARP4B"
"JAK3","RAB7A","LARP4B"
"JAK3","EPHA2","LARP4B"
"JAK3","AR","LARP4B"
"JAK3","MAPK11","LARP4B"
"JAK3","UNC5A","LARP4B"
"JAK3","PRKCI","LARP4B"
"JAK3","CCR2","LARP4B"
"JAK3","PSTPIP1","LARP4B"
"JAK3","RHEB","LARP4B"
"JAK3","DAXX","LARP4B"
"JAK3","DUSP6","LARP4B"
"JAK3","INPP5D","LARP4B"
"JAK3","PIK3R1","LARP4B"
"JAK3","CDC42","LARP4B"
"JAK3","PIK3CG","LARP4B"
"JAK3","PPP2R5A","LARP4B"
"JAK3","CLK2","LARP4B"
"JAK3","YWHAE","LARP4B"
"JAK3","PLCG1","LARP4B"
"JAK3","SPRY2","LARP4B"
"JAK3","SH2B3","LARP4B"
"JAK3","PIK3C3","LARP4B"
"JAK3","RND1","LARP4B"
"JAK3","BANP","LARP4B"
"JAK3","CTNNB1","NCF1"
"JAK3","MAPK8","NCF1"
"JAK3","MTOR","NCF1"
"JAK3","CSNK2A1","NCF1"
"JAK3","PLK1","NCF1"
"JAK3","TGFBR1","NCF1"
"JAK3","PPP1CA","NCF1"
"JAK3","PDPK1","NCF1"
"JAK3","RPS6KA1","NCF1"
"JAK3","SGK1","NCF1"
"JAK3","IGF1R","NCF1"
"JAK3","PRKCB","NCF1"
"JAK3","STK3","NCF1"
"JAK3","RAB1A","NCF1"
"JAK3","PRKCZ","NCF1"
"JAK3","TGFBR2","NCF1"
"JAK3","RACK1","NCF1"
"JAK3","HRAS","NCF1"
"JAK3","RPS6KA3","NCF1"
"JAK3","mTORC1","NCF1"
"JAK3","SH2B1","NCF1"
"JAK3","HSP90AB1","NCF1"
"JAK3","SHOC2","NCF1"
"JAK3","PTPN12","NCF1"
"JAK3","PPP2R5C","NCF1"
"JAK3","PAK1","NCF1"
"JAK3","TYK2","NCF1"
"JAK3","ZAP70","NCF1"
"JAK3","DUSP1","NCF1"
"JAK3","TRAF2","NCF1"
"JAK3","NRAS","NCF1"
"JAK3","AR","NCF1"
"JAK3","DUSP3","NCF1"
"JAK3","MAPK11","NCF1"
"JAK3","UNC5A","NCF1"
"JAK3","PRKCI","NCF1"
"JAK3","PTPRA","NCF1"
"JAK3","CCR2","NCF1"
"JAK3","PSTPIP1","NCF1"
"JAK3","RHEB","NCF1"
"JAK3","DAXX","NCF1"
"JAK3","DUSP6","NCF1"
"JAK3","INPP5D","NCF1"
"JAK3","CCNE1","NCF1"
"JAK3","CDC42","NCF1"
"JAK3","PIK3CG","NCF1"
"JAK3","PPP2R5A","NCF1"
"JAK3","CLK2","NCF1"
"JAK3","YWHAE","NCF1"
"JAK3","SPRY2","NCF1"
"JAK3","SH2B3","NCF1"
"JAK3","RND1","NCF1"
"JAK3","TIAM1","NCF1"
"JAK3","WAC","NCF1"
"JAK3","BANP","NCF1"
"JAK3","ACTN1","NCF1"
"JAK3","RGCC","NCF1"
"JAK3","CHUK","MYO1E"
"JAK3","CTNNB1","MYO1E"
"JAK3","MTOR","MYO1E"
"JAK3","CSNK2A1","MYO1E"
"JAK3","KRAS","MYO1E"
"JAK3","RAC1","MYO1E"
"JAK3","PTPRJ","MYO1E"
"JAK3","TGFBR1","MYO1E"
"JAK3","PPP1CA","MYO1E"
"JAK3","MAP3K14","MYO1E"
"JAK3","RPS6KA1","MYO1E"
"JAK3","IGF1R","MYO1E"
"JAK3","PRKCB","MYO1E"
"JAK3","STK3","MYO1E"
"JAK3","RAB1A","MYO1E"
"JAK3","PRKCZ","MYO1E"
"JAK3","TGFBR2","MYO1E"
"JAK3","PAK2","MYO1E"
"JAK3","AKT","MYO1E"
"JAK3","HRAS","MYO1E"
"JAK3","MAPK13","MYO1E"
"JAK3","PIK3CA","MYO1E"
"JAK3","LEPR","MYO1E"
"JAK3","RASSF1","MYO1E"
"JAK3","BTK","MYO1E"
"JAK3","SGK3","MYO1E"
"JAK3","SH2B1","MYO1E"
"JAK3","PPP2R5C","MYO1E"
"JAK3","PAK1","MYO1E"
"JAK3","TYK2","MYO1E"
"JAK3","DUSP1","MYO1E"
"JAK3","TRAF2","MYO1E"
"JAK3","NRAS","MYO1E"
"JAK3","DUSP3","MYO1E"
"JAK3","MAPK11","MYO1E"
"JAK3","UNC5A","MYO1E"
"JAK3","PTPRA","MYO1E"
"JAK3","PIK3R1","MYO1E"
"JAK3","CCNE1","MYO1E"
"JAK3","IRS2","MYO1E"
"JAK3","PIK3CG","MYO1E"
"JAK3","SH2B2","MYO1E"
"JAK3","PPP2R5A","MYO1E"
"JAK3","SPRY2","MYO1E"
"JAK3","RUNX2","MYO1E"
"JAK3","SH2B3","MYO1E"
"JAK3","PIK3C3","MYO1E"
"JAK3","TIAM1","MYO1E"
"JAK3","BANP","MYO1E"
"JAK3","ACTN1","MYO1E"
"JAK3","RGCC","MYO1E"
"JAK3","CILK1","MRTFA"
"JAK3","PTEN","MRTFA"
"JAK3","MAPK8","MRTFA"
"JAK3","MTOR","MRTFA"
"JAK3","KRAS","MRTFA"
"JAK3","RAC1","MRTFA"
"JAK3","MAP2K7","MRTFA"
"JAK3","PTPRJ","MRTFA"
"JAK3","PPP1CA","MRTFA"
"JAK3","SGK1","MRTFA"
"JAK3","IGF1R","MRTFA"
"JAK3","PRKCB","MRTFA"
"JAK3","RAB1A","MRTFA"
"JAK3","TGFBR2","MRTFA"
"JAK3","MAPK13","MRTFA"
"JAK3","PIK3CA","MRTFA"
"JAK3","LEPR","MRTFA"
"JAK3","mTORC1","MRTFA"
"JAK3","ROCK1","MRTFA"
"JAK3","RASSF1","MRTFA"
"JAK3","SH2B1","MRTFA"
"JAK3","SHOC2","MRTFA"
"JAK3","PAK1","MRTFA"
"JAK3","ZAP70","MRTFA"
"JAK3","TRAF2","MRTFA"
"JAK3","MAP2K4","MRTFA"
"JAK3","MAPK11","MRTFA"
"JAK3","PRKCI","MRTFA"
"JAK3","PARD6A","MRTFA"
"JAK3","PSTPIP1","MRTFA"
"JAK3","DAXX","MRTFA"
"JAK3","DUSP6","MRTFA"
"JAK3","INPP5D","MRTFA"
"JAK3","CCNE1","MRTFA"
"JAK3","IRS2","MRTFA"
"JAK3","CDC42","MRTFA"
"JAK3","CLK2","MRTFA"
"JAK3","MDM2","MRTFA"
"JAK3","YWHAE","MRTFA"
"JAK3","SPRY2","MRTFA"
"JAK3","RUNX2","MRTFA"
"JAK3","SH2B3","MRTFA"
"JAK3","BANP","MRTFA"
"JAK3","DCTN6","MRTFA"
"JAK3","RGCC","MRTFA"
"JAK3","PTEN","RBL2"
"JAK3","MAPK8","RBL2"
"JAK3","AKT1","RBL2"
"JAK3","KRAS","RBL2"
"JAK3","MAP2K7","RBL2"
"JAK3","PPP1CA","RBL2"
"JAK3","PDPK1","RBL2"
"JAK3","SGK1","RBL2"
"JAK3","PRKCB","RBL2"
"JAK3","PRKCZ","RBL2"
"JAK3","TGFBR2","RBL2"
"JAK3","PAK2","RBL2"
"JAK3","AKT","RBL2"
"JAK3","RACK1","RBL2"
"JAK3","HRAS","RBL2"
"JAK3","LEPR","RBL2"
"JAK3","mTORC1","RBL2"
"JAK3","ROCK1","RBL2"
"JAK3","RASSF1","RBL2"
"JAK3","BTK","RBL2"
"JAK3","SGK3","RBL2"
"JAK3","HSP90AB1","RBL2"
"JAK3","SHOC2","RBL2"
"JAK3","PTPN12","RBL2"
"JAK3","PAK1","RBL2"
"JAK3","ZAP70","RBL2"
"JAK3","DUSP1","RBL2"
"JAK3","GIT1","RBL2"
"JAK3","RAB7A","RBL2"
"JAK3","EPHA2","RBL2"
"JAK3","MAPK11","RBL2"
"JAK3","UNC5A","RBL2"
"JAK3","CCR2","RBL2"
"JAK3","DUSP6","RBL2"
"JAK3","IRS2","RBL2"
"JAK3","CDC42","RBL2"
"JAK3","PPP2R5A","RBL2"
"JAK3","MDM2","RBL2"
"JAK3","YWHAE","RBL2"
"JAK3","PLCG1","RBL2"
"JAK3","SPRY2","RBL2"
"JAK3","RUNX2","RBL2"
"JAK3","SH2B3","RBL2"
"JAK3","PIK3C3","RBL2"
"JAK3","WAC","RBL2"
"JAK3","BANP","RBL2"
"JAK3","DCTN6","RBL2"
"JAK3","ACTN1","RBL2"
"JAK3","RGCC","RBL2"
"JAK3","CTNNB1","RGCC"
"JAK3","PTEN","RGCC"
"JAK3","MAPK8","RGCC"
"JAK3","CSNK2A1","RGCC"
"JAK3","MAP2K7","RGCC"
"JAK3","PTPRJ","RGCC"
"JAK3","TGFBR1","RGCC"
"JAK3","PDPK1","RGCC"
"JAK3","MAP3K14","RGCC"
"JAK3","SGK1","RGCC"
"JAK3","STK3","RGCC"
"JAK3","RAB1A","RGCC"
"JAK3","PRKCZ","RGCC"
"JAK3","PAK2","RGCC"
"JAK3","RACK1","RGCC"
"JAK3","HRAS","RGCC"
"JAK3","LEPR","RGCC"
"JAK3","RPS6KA3","RGCC"
"JAK3","mTORC1","RGCC"
"JAK3","AHSA1","RGCC"
"JAK3","ROCK1","RGCC"
"JAK3","RASSF1","RGCC"
"JAK3","BTK","RGCC"
"JAK3","PTPN11","RGCC"
"JAK3","SH2B1","RGCC"
"JAK3","PTPN12","RGCC"
"JAK3","PPP2R5C","RGCC"
"JAK3","TYK2","RGCC"
"JAK3","ZAP70","RGCC"
"JAK3","DUSP1","RGCC"
"JAK3","MAP2K4","RGCC"
"JAK3","RAB7A","RGCC"
"JAK3","EPHA2","RGCC"
"JAK3","AR","RGCC"
"JAK3","PARD6A","RGCC"
"JAK3","PSTPIP1","RGCC"
"JAK3","RHEB","RGCC"
"JAK3","DUSP6","RGCC"
"JAK3","INPP5D","RGCC"
"JAK3","CCNE1","RGCC"
"JAK3","CDC42","RGCC"
"JAK3","SH2B2","RGCC"
"JAK3","PPP2R5A","RGCC"
"JAK3","MDM2","RGCC"
"JAK3","YWHAE","RGCC"
"JAK3","PLCG1","RGCC"
"JAK3","SPRY2","RGCC"
"JAK3","SH2B3","RGCC"
"JAK3","PIK3C3","RGCC"
"JAK3","RND1","RGCC"
"JAK3","TIAM1","RGCC"
"JAK3","BANP","RGCC"
"JAK3","DCTN6","RGCC"
"JAK3","CILK1","SNCA"
"JAK3","MAPK8","SNCA"
"JAK3","PLK1","SNCA"
"JAK3","KRAS","SNCA"
"JAK3","RAC1","SNCA"
"JAK3","IGF1R","SNCA"
"JAK3","STK3","SNCA"
"JAK3","HRAS","SNCA"
"JAK3","PIK3CA","SNCA"
"JAK3","RPS6KA3","SNCA"
"JAK3","AHSA1","SNCA"
"JAK3","RASSF1","SNCA"
"JAK3","HSP90AB1","SNCA"
"JAK3","PPP2R5C","SNCA"
"JAK3","PAK1","SNCA"
"JAK3","DUSP1","SNCA"
"JAK3","GIT1","SNCA"
"JAK3","TRAF2","SNCA"
"JAK3","MAP2K4","SNCA"
"JAK3","EPHA2","SNCA"
"JAK3","AR","SNCA"
"JAK3","MAPK11","SNCA"
"JAK3","PSTPIP1","SNCA"
"JAK3","DAXX","SNCA"
"JAK3","PIK3CG","SNCA"
"JAK3","SH2B2","SNCA"
"JAK3","PPP2R5A","SNCA"
"JAK3","PLCG1","SNCA"
"JAK3","PIK3C3","SNCA"
"JAK3","WAC","SNCA"
"JAK3","BANP","SNCA"
"JAK3","DCTN6","SNCA"
"JAK3","ACTN1","SNCA"
"JAK3","RGCC","SNCA"
"JAK3","MAPK8","DDR2"
"JAK3","CSNK2A1","DDR2"
"JAK3","KRAS","DDR2"
"JAK3","RAC1","DDR2"
"JAK3","PPP1CA","DDR2"
"JAK3","RPS6KA1","DDR2"
"JAK3","SGK1","DDR2"
"JAK3","PRKCB","DDR2"
"JAK3","HRAS","DDR2"
"JAK3","MAPK13","DDR2"
"JAK3","mTORC1","DDR2"
"JAK3","SH2B1","DDR2"
"JAK3","SHOC2","DDR2"
"JAK3","ZAP70","DDR2"
"JAK3","DUSP1","DDR2"
"JAK3","GIT1","DDR2"
"JAK3","TRAF2","DDR2"
"JAK3","RAB7A","DDR2"
"JAK3","NRAS","DDR2"
"JAK3","DUSP3","DDR2"
"JAK3","MAPK11","DDR2"
"JAK3","PARD6A","DDR2"
"JAK3","PTPRA","DDR2"
"JAK3","CCR2","DDR2"
"JAK3","PSTPIP1","DDR2"
"JAK3","IRS2","DDR2"
"JAK3","CDC42","DDR2"
"JAK3","SPRY2","DDR2"
"JAK3","SH2B3","DDR2"
"JAK3","RND1","DDR2"
"JAK3","TIAM1","DDR2"
"JAK3","WAC","DDR2"
"JAK3","ACTN1","DDR2"
"JAK3","RGCC","DDR2"
"JAK3","CHUK","MAPT"
"JAK3","CILK1","MAPT"
"JAK3","PTEN","MAPT"
"JAK3","MAPK8","MAPT"
"JAK3","MTOR","MAPT"
"JAK3","AKT1","MAPT"
"JAK3","CSNK2A1","MAPT"
"JAK3","RAC1","MAPT"
"JAK3","MAP2K7","MAPT"
"JAK3","PTPRJ","MAPT"
"JAK3","PPP1CA","MAPT"
"JAK3","RPS6KA1","MAPT"
"JAK3","SGK1","MAPT"
"JAK3","IGF1R","MAPT"
"JAK3","RAB1A","MAPT"
"JAK3","PRKCZ","MAPT"
"JAK3","PAK2","MAPT"
"JAK3","RACK1","MAPT"
"JAK3","HRAS","MAPT"
"JAK3","MAPK13","MAPT"
"JAK3","PIK3CA","MAPT"
"JAK3","RPS6KA3","MAPT"
"JAK3","mTORC1","MAPT"
"JAK3","AHSA1","MAPT"
"JAK3","RASSF1","MAPT"
"JAK3","SGK3","MAPT"
"JAK3","SH2B1","MAPT"
"JAK3","SHOC2","MAPT"
"JAK3","PTPN12","MAPT"
"JAK3","PPP2R5C","MAPT"
"JAK3","PAK1","MAPT"
"JAK3","TYK2","MAPT"
"JAK3","ZAP70","MAPT"
"JAK3","DUSP1","MAPT"
"JAK3","TRAF2","MAPT"
"JAK3","MAP2K4","MAPT"
"JAK3","RAB7A","MAPT"
"JAK3","EPHA2","MAPT"
"JAK3","NRAS","MAPT"
"JAK3","MAPK11","MAPT"
"JAK3","PRKCI","MAPT"
"JAK3","PTPRA","MAPT"
"JAK3","CCR2","MAPT"
"JAK3","PSTPIP1","MAPT"
"JAK3","DAXX","MAPT"
"JAK3","INPP5D","MAPT"
"JAK3","CCNE1","MAPT"
"JAK3","IRS2","MAPT"
"JAK3","CDC42","MAPT"
"JAK3","PIK3CG","MAPT"
"JAK3","SH2B2","MAPT"
"JAK3","PPP2R5A","MAPT"
"JAK3","MDM2","MAPT"
"JAK3","PLCG1","MAPT"
"JAK3","RUNX2","MAPT"
"JAK3","SH2B3","MAPT"
"JAK3","PIK3C3","MAPT"
"JAK3","RND1","MAPT"
"JAK3","TIAM1","MAPT"
"JAK3","WAC","MAPT"
"JAK3","DCTN6","MAPT"
"JAK3","RGCC","MAPT"
"JAK3","CILK1","KNSTRN"
"JAK3","PTEN","KNSTRN"
"JAK3","MTOR","KNSTRN"
"JAK3","AKT1","KNSTRN"
"JAK3","CSNK2A1","KNSTRN"
"JAK3","RAC1","KNSTRN"
"JAK3","MAP2K7","KNSTRN"
"JAK3","TGFBR1","KNSTRN"
"JAK3","PDPK1","KNSTRN"
"JAK3","MAP3K14","KNSTRN"
"JAK3","RPS6KA1","KNSTRN"
"JAK3","SGK1","KNSTRN"
"JAK3","PRKCB","KNSTRN"
"JAK3","STK3","KNSTRN"
"JAK3","RAB1A","KNSTRN"
"JAK3","PRKCZ","KNSTRN"
"JAK3","TGFBR2","KNSTRN"
"JAK3","AKT","KNSTRN"
"JAK3","RACK1","KNSTRN"
"JAK3","HRAS","KNSTRN"
"JAK3","PIK3CA","KNSTRN"
"JAK3","LEPR","KNSTRN"
"JAK3","RPS6KA3","KNSTRN"
"JAK3","ROCK1","KNSTRN"
"JAK3","RASSF1","KNSTRN"
"JAK3","BTK","KNSTRN"
"JAK3","HSP90AB1","KNSTRN"
"JAK3","PAK1","KNSTRN"
"JAK3","TYK2","KNSTRN"
"JAK3","TRAF2","KNSTRN"
"JAK3","MAP2K4","KNSTRN"
"JAK3","RAB7A","KNSTRN"
"JAK3","NRAS","KNSTRN"
"JAK3","AR","KNSTRN"
"JAK3","DUSP3","KNSTRN"
"JAK3","MAPK11","KNSTRN"
"JAK3","UNC5A","KNSTRN"
"JAK3","PRKCI","KNSTRN"
"JAK3","PARD6A","KNSTRN"
"JAK3","PTPRA","KNSTRN"
"JAK3","CCR2","KNSTRN"
"JAK3","PSTPIP1","KNSTRN"
"JAK3","RHEB","KNSTRN"
"JAK3","DAXX","KNSTRN"
"JAK3","INPP5D","KNSTRN"
"JAK3","PIK3R1","KNSTRN"
"JAK3","CCNE1","KNSTRN"
"JAK3","IRS2","KNSTRN"
"JAK3","CDC42","KNSTRN"
"JAK3","PIK3CG","KNSTRN"
"JAK3","SH2B2","KNSTRN"
"JAK3","PPP2R5A","KNSTRN"
"JAK3","YWHAE","KNSTRN"
"JAK3","SPRY2","KNSTRN"
"JAK3","RUNX2","KNSTRN"
"JAK3","RND1","KNSTRN"
"JAK3","WAC","KNSTRN"
"JAK3","BANP","KNSTRN"
"JAK3","DCTN6","KNSTRN"
"JAK3","CHUK","POLR2A"
"JAK3","CTNNB1","POLR2A"
"JAK3","MAPK8","POLR2A"
"JAK3","MTOR","POLR2A"
"JAK3","AKT1","POLR2A"
"JAK3","PLK1","POLR2A"
"JAK3","KRAS","POLR2A"
"JAK3","RAC1","POLR2A"
"JAK3","MAP2K7","POLR2A"
"JAK3","PTPRJ","POLR2A"
"JAK3","TGFBR1","POLR2A"
"JAK3","PDPK1","POLR2A"
"JAK3","RPS6KA1","POLR2A"
"JAK3","SGK1","POLR2A"
"JAK3","IGF1R","POLR2A"
"JAK3","PRKCB","POLR2A"
"JAK3","STK3","POLR2A"
"JAK3","PRKCZ","POLR2A"
"JAK3","AKT","POLR2A"
"JAK3","MAPK13","POLR2A"
"JAK3","PIK3CA","POLR2A"
"JAK3","LEPR","POLR2A"
"JAK3","RPS6KA3","POLR2A"
"JAK3","AHSA1","POLR2A"
"JAK3","BTK","POLR2A"
"JAK3","PTPN11","POLR2A"
"JAK3","SGK3","POLR2A"
"JAK3","SH2B1","POLR2A"
"JAK3","PPP2R5C","POLR2A"
"JAK3","ZAP70","POLR2A"
"JAK3","EPHA2","POLR2A"
"JAK3","NRAS","POLR2A"
"JAK3","MAPK11","POLR2A"
"JAK3","UNC5A","POLR2A"
"JAK3","PRKCI","POLR2A"
"JAK3","PTPRA","POLR2A"
"JAK3","CCR2","POLR2A"
"JAK3","PSTPIP1","POLR2A"
"JAK3","DAXX","POLR2A"
"JAK3","INPP5D","POLR2A"
"JAK3","IRS2","POLR2A"
"JAK3","CDC42","POLR2A"
"JAK3","PIK3CG","POLR2A"
"JAK3","SH2B2","POLR2A"
"JAK3","PPP2R5A","POLR2A"
"JAK3","CLK2","POLR2A"
"JAK3","PLCG1","POLR2A"
"JAK3","RUNX2","POLR2A"
"JAK3","SH2B3","POLR2A"
"JAK3","PIK3C3","POLR2A"
"JAK3","RND1","POLR2A"
"JAK3","TIAM1","POLR2A"
"JAK3","WAC","POLR2A"
"JAK3","BANP","POLR2A"
"JAK3","DCTN6","POLR2A"
"JAK3","RGCC","POLR2A"
"JAK3","CHUK","EZR"
"JAK3","CTNNB1","EZR"
"JAK3","CILK1","EZR"
"JAK3","PTEN","EZR"
"JAK3","MTOR","EZR"
"JAK3","RAC1","EZR"
"JAK3","PTPRJ","EZR"
"JAK3","TGFBR1","EZR"
"JAK3","PPP1CA","EZR"
"JAK3","PDPK1","EZR"
"JAK3","RPS6KA1","EZR"
"JAK3","SGK1","EZR"
"JAK3","TGFBR2","EZR"
"JAK3","AKT","EZR"
"JAK3","MAPK13","EZR"
"JAK3","mTORC1","EZR"
"JAK3","AHSA1","EZR"
"JAK3","ROCK1","EZR"
"JAK3","RASSF1","EZR"
"JAK3","SH2B1","EZR"
"JAK3","HSP90AB1","EZR"
"JAK3","SHOC2","EZR"
"JAK3","PPP2R5C","EZR"
"JAK3","TYK2","EZR"
"JAK3","DUSP1","EZR"
"JAK3","GIT1","EZR"
"JAK3","MAP2K4","EZR"
"JAK3","DUSP3","EZR"
"JAK3","MAPK11","EZR"
"JAK3","PRKCI","EZR"
"JAK3","PTPRA","EZR"
"JAK3","PSTPIP1","EZR"
"JAK3","DUSP6","EZR"
"JAK3","INPP5D","EZR"
"JAK3","PIK3R1","EZR"
"JAK3","CCNE1","EZR"
"JAK3","SH2B2","EZR"
"JAK3","PPP2R5A","EZR"
"JAK3","SPRY2","EZR"
"JAK3","RUNX2","EZR"
"JAK3","SH2B3","EZR"
"JAK3","RND1","EZR"
"JAK3","TIAM1","EZR"
"JAK3","WAC","EZR"
"JAK3","DCTN6","EZR"
"JAK3","ACTN1","EZR"
"JAK3","RGCC","EZR"
"JAK3","MAPK8","AMPH"
"JAK3","MTOR","AMPH"
"JAK3","AKT1","AMPH"
"JAK3","CSNK2A1","AMPH"
"JAK3","RAC1","AMPH"
"JAK3","MAP2K7","AMPH"
"JAK3","PTPRJ","AMPH"
"JAK3","TGFBR1","AMPH"
"JAK3","PPP1CA","AMPH"
"JAK3","PDPK1","AMPH"
"JAK3","MAP3K14","AMPH"
"JAK3","RPS6KA1","AMPH"
"JAK3","SGK1","AMPH"
"JAK3","PRKCZ","AMPH"
"JAK3","AKT","AMPH"
"JAK3","RACK1","AMPH"
"JAK3","HRAS","AMPH"
"JAK3","mTORC1","AMPH"
"JAK3","AHSA1","AMPH"
"JAK3","BTK","AMPH"
"JAK3","SH2B1","AMPH"
"JAK3","SHOC2","AMPH"
"JAK3","PTPN12","AMPH"
"JAK3","PPP2R5C","AMPH"
"JAK3","PAK1","AMPH"
"JAK3","ZAP70","AMPH"
"JAK3","GIT1","AMPH"
"JAK3","MAP2K4","AMPH"
"JAK3","RAB7A","AMPH"
"JAK3","NRAS","AMPH"
"JAK3","MAPK11","AMPH"
"JAK3","PRKCI","AMPH"
"JAK3","PSTPIP1","AMPH"
"JAK3","INPP5D","AMPH"
"JAK3","CCNE1","AMPH"
"JAK3","PIK3CG","AMPH"
"JAK3","YWHAE","AMPH"
"JAK3","PIK3C3","AMPH"
"JAK3","TIAM1","AMPH"
"JAK3","ACTN1","AMPH"
"JAK3","MTOR","FOXM1"
"JAK3","AKT1","FOXM1"
"JAK3","CSNK2A1","FOXM1"
"JAK3","PLK1","FOXM1"
"JAK3","PTPRJ","FOXM1"
"JAK3","STK3","FOXM1"
"JAK3","HRAS","FOXM1"
"JAK3","MAPK13","FOXM1"
"JAK3","BTK","FOXM1"
"JAK3","SHOC2","FOXM1"
"JAK3","PPP2R5C","FOXM1"
"JAK3","ZAP70","FOXM1"
"JAK3","DUSP1","FOXM1"
"JAK3","GIT1","FOXM1"
"JAK3","MAP2K4","FOXM1"
"JAK3","EPHA2","FOXM1"
"JAK3","AR","FOXM1"
"JAK3","DUSP3","FOXM1"
"JAK3","MAPK11","FOXM1"
"JAK3","UNC5A","FOXM1"
"JAK3","PARD6A","FOXM1"
"JAK3","CCR2","FOXM1"
"JAK3","RHEB","FOXM1"
"JAK3","DUSP6","FOXM1"
"JAK3","INPP5D","FOXM1"
"JAK3","PIK3R1","FOXM1"
"JAK3","CCNE1","FOXM1"
"JAK3","IRS2","FOXM1"
"JAK3","CDC42","FOXM1"
"JAK3","PIK3CG","FOXM1"
"JAK3","SH2B2","FOXM1"
"JAK3","PPP2R5A","FOXM1"
"JAK3","CLK2","FOXM1"
"JAK3","MDM2","FOXM1"
"JAK3","YWHAE","FOXM1"
"JAK3","RUNX2","FOXM1"
"JAK3","SH2B3","FOXM1"
"JAK3","PIK3C3","FOXM1"
"JAK3","RND1","FOXM1"
"JAK3","TIAM1","FOXM1"
"JAK3","DCTN6","FOXM1"
"JAK3","ACTN1","FOXM1"
"JAK3","RGCC","FOXM1"
"JAK3","CHUK","NCR2"
"JAK3","CTNNB1","NCR2"
"JAK3","CSNK2A1","NCR2"
"JAK3","RAC1","NCR2"
"JAK3","MAP2K7","NCR2"
"JAK3","TGFBR1","NCR2"
"JAK3","MAP3K14","NCR2"
"JAK3","RPS6KA1","NCR2"
"JAK3","SGK1","NCR2"
"JAK3","IGF1R","NCR2"
"JAK3","PRKCB","NCR2"
"JAK3","STK3","NCR2"
"JAK3","RAB1A","NCR2"
"JAK3","TGFBR2","NCR2"
"JAK3","PAK2","NCR2"
"JAK3","AKT","NCR2"
"JAK3","RACK1","NCR2"
"JAK3","HRAS","NCR2"
"JAK3","MAPK13","NCR2"
"JAK3","LEPR","NCR2"
"JAK3","AHSA1","NCR2"
"JAK3","ROCK1","NCR2"
"JAK3","RASSF1","NCR2"
"JAK3","SGK3","NCR2"
"JAK3","SH2B1","NCR2"
"JAK3","PAK1","NCR2"
"JAK3","ZAP70","NCR2"
"JAK3","DUSP1","NCR2"
"JAK3","TRAF2","NCR2"
"JAK3","EPHA2","NCR2"
"JAK3","NRAS","NCR2"
"JAK3","AR","NCR2"
"JAK3","PRKCI","NCR2"
"JAK3","PARD6A","NCR2"
"JAK3","PTPRA","NCR2"
"JAK3","CCR2","NCR2"
"JAK3","RHEB","NCR2"
"JAK3","DAXX","NCR2"
"JAK3","DUSP6","NCR2"
"JAK3","PIK3CG","NCR2"
"JAK3","PPP2R5A","NCR2"
"JAK3","CLK2","NCR2"
"JAK3","PLCG1","NCR2"
"JAK3","RUNX2","NCR2"
"JAK3","SH2B3","NCR2"
"JAK3","PIK3C3","NCR2"
"JAK3","RND1","NCR2"
"JAK3","TIAM1","NCR2"
"JAK3","WAC","NCR2"
"JAK3","BANP","NCR2"
"JAK3","DCTN6","NCR2"
"JAK3","TYK2","ARHGEF2"
"JAK3","CHUK","MBP"
"JAK3","CTNNB1","MBP"
"JAK3","CILK1","MBP"
"JAK3","PLK1","MBP"
"JAK3","KRAS","MBP"
"JAK3","TGFBR1","MBP"
"JAK3","PPP1CA","MBP"
"JAK3","PDPK1","MBP"
"JAK3","SGK1","MBP"
"JAK3","PRKCB","MBP"
"JAK3","RAB1A","MBP"
"JAK3","PRKCZ","MBP"
"JAK3","TGFBR2","MBP"
"JAK3","AKT","MBP"
"JAK3","RACK1","MBP"
"JAK3","MAPK13","MBP"
"JAK3","PIK3CA","MBP"
"JAK3","LEPR","MBP"
"JAK3","AHSA1","MBP"
"JAK3","ROCK1","MBP"
"JAK3","RASSF1","MBP"
"JAK3","BTK","MBP"
"JAK3","SH2B1","MBP"
"JAK3","HSP90AB1","MBP"
"JAK3","PPP2R5C","MBP"
"JAK3","PAK1","MBP"
"JAK3","ZAP70","MBP"
"JAK3","DUSP1","MBP"
"JAK3","MAP2K4","MBP"
"JAK3","RAB7A","MBP"
"JAK3","NRAS","MBP"
"JAK3","AR","MBP"
"JAK3","MAPK11","MBP"
"JAK3","PARD6A","MBP"
"JAK3","CCR2","MBP"
"JAK3","PSTPIP1","MBP"
"JAK3","PIK3R1","MBP"
"JAK3","CCNE1","MBP"
"JAK3","CDC42","MBP"
"JAK3","SH2B2","MBP"
"JAK3","PPP2R5A","MBP"
"JAK3","CLK2","MBP"
"JAK3","MDM2","MBP"
"JAK3","PLCG1","MBP"
"JAK3","RUNX2","MBP"
"JAK3","SH2B3","MBP"
"JAK3","PIK3C3","MBP"
"JAK3","RND1","MBP"
"JAK3","TIAM1","MBP"
"JAK3","DCTN6","MBP"
"JAK3","ACTN1","MBP"
"JAK3","RGCC","MBP"
"JAK3","CTNNB1","STAT3"
"JAK3","PTEN","STAT3"
"JAK3","MAPK8","STAT3"
"JAK3","MTOR","STAT3"
"JAK3","MAP2K7","STAT3"
"JAK3","PTPRJ","STAT3"
"JAK3","TGFBR1","STAT3"
"JAK3","PPP1CA","STAT3"
"JAK3","PDPK1","STAT3"
"JAK3","MAP3K14","STAT3"
"JAK3","RPS6KA1","STAT3"
"JAK3","SGK1","STAT3"
"JAK3","IGF1R","STAT3"
"JAK3","PRKCB","STAT3"
"JAK3","STK3","STAT3"
"JAK3","TGFBR2","STAT3"
"JAK3","AKT","STAT3"
"JAK3","RACK1","STAT3"
"JAK3","AHSA1","STAT3"
"JAK3","ROCK1","STAT3"
"JAK3","BTK","STAT3"
"JAK3","SGK3","STAT3"
"JAK3","SH2B1","STAT3"
"JAK3","PPP2R5C","STAT3"
"JAK3","TYK2","STAT3"
"JAK3","DUSP1","STAT3"
"JAK3","TRAF2","STAT3"
"JAK3","EPHA2","STAT3"
"JAK3","NRAS","STAT3"
"JAK3","AR","STAT3"
"JAK3","MAPK11","STAT3"
"JAK3","UNC5A","STAT3"
"JAK3","PRKCI","STAT3"
"JAK3","PARD6A","STAT3"
"JAK3","CCR2","STAT3"
"JAK3","RHEB","STAT3"
"JAK3","DUSP6","STAT3"
"JAK3","INPP5D","STAT3"
"JAK3","PIK3R1","STAT3"
"JAK3","CDC42","STAT3"
"JAK3","PIK3CG","STAT3"
"JAK3","PPP2R5A","STAT3"
"JAK3","MDM2","STAT3"
"JAK3","YWHAE","STAT3"
"JAK3","PLCG1","STAT3"
"JAK3","RND1","STAT3"
"JAK3","TIAM1","STAT3"
"JAK3","RGCC","STAT3"
"JAK3","CTNNB1","SOS1"
"JAK3","AKT1","SOS1"
"JAK3","KRAS","SOS1"
"JAK3","RAC1","SOS1"
"JAK3","PPP1CA","SOS1"
"JAK3","RPS6KA1","SOS1"
"JAK3","RAB1A","SOS1"
"JAK3","PRKCZ","SOS1"
"JAK3","PAK2","SOS1"
"JAK3","RACK1","SOS1"
"JAK3","HRAS","SOS1"
"JAK3","MAPK13","SOS1"
"JAK3","PIK3CA","SOS1"
"JAK3","ROCK1","SOS1"
"JAK3","SHOC2","SOS1"
"JAK3","PPP2R5C","SOS1"
"JAK3","PAK1","SOS1"
"JAK3","TYK2","SOS1"
"JAK3","ZAP70","SOS1"
"JAK3","EPHA2","SOS1"
"JAK3","NRAS","SOS1"
"JAK3","PARD6A","SOS1"
"JAK3","CCR2","SOS1"
"JAK3","DAXX","SOS1"
"JAK3","CDC42","SOS1"
"JAK3","CLK2","SOS1"
"JAK3","RUNX2","SOS1"
"JAK3","PIK3C3","SOS1"
"JAK3","WAC","SOS1"
"JAK3","ACTN1","SOS1"
"JAK3","CSNK2A1","TCF7L2"
"JAK3","RAC1","TCF7L2"
"JAK3","MAP2K7","TCF7L2"
"JAK3","PPP1CA","TCF7L2"
"JAK3","SGK1","TCF7L2"
"JAK3","PRKCB","TCF7L2"
"JAK3","STK3","TCF7L2"
"JAK3","RAB1A","TCF7L2"
"JAK3","PRKCZ","TCF7L2"
"JAK3","TGFBR2","TCF7L2"
"JAK3","PAK2","TCF7L2"
"JAK3","RACK1","TCF7L2"
"JAK3","PIK3CA","TCF7L2"
"JAK3","RPS6KA3","TCF7L2"
"JAK3","mTORC1","TCF7L2"
"JAK3","AHSA1","TCF7L2"
"JAK3","ROCK1","TCF7L2"
"JAK3","RASSF1","TCF7L2"
"JAK3","BTK","TCF7L2"
"JAK3","HSP90AB1","TCF7L2"
"JAK3","SHOC2","TCF7L2"
"JAK3","PPP2R5C","TCF7L2"
"JAK3","DUSP1","TCF7L2"
"JAK3","MAP2K4","TCF7L2"
"JAK3","RAB7A","TCF7L2"
"JAK3","AR","TCF7L2"
"JAK3","DUSP3","TCF7L2"
"JAK3","MAPK11","TCF7L2"
"JAK3","PARD6A","TCF7L2"
"JAK3","CCR2","TCF7L2"
"JAK3","RHEB","TCF7L2"
"JAK3","DAXX","TCF7L2"
"JAK3","DUSP6","TCF7L2"
"JAK3","INPP5D","TCF7L2"
"JAK3","PIK3R1","TCF7L2"
"JAK3","CCNE1","TCF7L2"
"JAK3","PIK3CG","TCF7L2"
"JAK3","SH2B2","TCF7L2"
"JAK3","PPP2R5A","TCF7L2"
"JAK3","CLK2","TCF7L2"
"JAK3","MDM2","TCF7L2"
"JAK3","RUNX2","TCF7L2"
"JAK3","TIAM1","TCF7L2"
"JAK3","WAC","TCF7L2"
"JAK3","DCTN6","TCF7L2"
"JAK3","ACTN1","TCF7L2"
"JAK3","RGCC","TCF7L2"
"JAK3","CHUK","TK1"
"JAK3","CTNNB1","TK1"
"JAK3","CILK1","TK1"
"JAK3","MTOR","TK1"
"JAK3","AKT1","TK1"
"JAK3","PLK1","TK1"
"JAK3","MAP2K7","TK1"
"JAK3","TGFBR1","TK1"
"JAK3","RPS6KA1","TK1"
"JAK3","SGK1","TK1"
"JAK3","IGF1R","TK1"
"JAK3","STK3","TK1"
"JAK3","PRKCZ","TK1"
"JAK3","TGFBR2","TK1"
"JAK3","PAK2","TK1"
"JAK3","RACK1","TK1"
"JAK3","HRAS","TK1"
"JAK3","MAPK13","TK1"
"JAK3","LEPR","TK1"
"JAK3","RPS6KA3","TK1"
"JAK3","BTK","TK1"
"JAK3","SGK3","TK1"
"JAK3","SH2B1","TK1"
"JAK3","HSP90AB1","TK1"
"JAK3","SHOC2","TK1"
"JAK3","PTPN12","TK1"
"JAK3","PPP2R5C","TK1"
"JAK3","DUSP1","TK1"
"JAK3","GIT1","TK1"
"JAK3","TRAF2","TK1"
"JAK3","MAP2K4","TK1"
"JAK3","RAB7A","TK1"
"JAK3","NRAS","TK1"
"JAK3","AR","TK1"
"JAK3","DUSP3","TK1"
"JAK3","MAPK11","TK1"
"JAK3","CCR2","TK1"
"JAK3","DAXX","TK1"
"JAK3","CCNE1","TK1"
"JAK3","IRS2","TK1"
"JAK3","CDC42","TK1"
"JAK3","PIK3CG","TK1"
"JAK3","SH2B2","TK1"
"JAK3","PPP2R5A","TK1"
"JAK3","RUNX2","TK1"
"JAK3","SH2B3","TK1"
"JAK3","PIK3C3","TK1"
"JAK3","DCTN6","TK1"
"JAK3","CTNNB1","STAT5A"
"JAK3","PTEN","STAT5A"
"JAK3","AKT1","STAT5A"
"JAK3","CSNK2A1","STAT5A"
"JAK3","MAP2K7","STAT5A"
"JAK3","MAP3K14","STAT5A"
"JAK3","SGK1","STAT5A"
"JAK3","RAB1A","STAT5A"
"JAK3","MAPK13","STAT5A"
"JAK3","PIK3CA","STAT5A"
"JAK3","LEPR","STAT5A"
"JAK3","RPS6KA3","STAT5A"
"JAK3","RASSF1","STAT5A"
"JAK3","PTPN11","STAT5A"
"JAK3","PTPN12","STAT5A"
"JAK3","PPP2R5C","STAT5A"
"JAK3","PAK1","STAT5A"
"JAK3","RAB7A","STAT5A"
"JAK3","EPHA2","STAT5A"
"JAK3","MAPK11","STAT5A"
"JAK3","PTPRA","STAT5A"
"JAK3","CCR2","STAT5A"
"JAK3","DAXX","STAT5A"
"JAK3","DUSP6","STAT5A"
"JAK3","INPP5D","STAT5A"
"JAK3","IRS2","STAT5A"
"JAK3","CDC42","STAT5A"
"JAK3","PIK3CG","STAT5A"
"JAK3","PPP2R5A","STAT5A"
"JAK3","MDM2","STAT5A"
"JAK3","YWHAE","STAT5A"
"JAK3","PLCG1","STAT5A"
"JAK3","SPRY2","STAT5A"
"JAK3","RUNX2","STAT5A"
"JAK3","SH2B3","STAT5A"
"JAK3","PIK3C3","STAT5A"
"JAK3","RND1","STAT5A"
"JAK3","TIAM1","STAT5A"
"JAK3","DCTN6","STAT5A"
"JAK3","RGCC","STAT5A"
"JAK3","CHUK","SLC6A9"
"JAK3","CTNNB1","SLC6A9"
"JAK3","CILK1","SLC6A9"
"JAK3","PTEN","SLC6A9"
"JAK3","MAPK8","SLC6A9"
"JAK3","MTOR","SLC6A9"
"JAK3","AKT1","SLC6A9"
"JAK3","CSNK2A1","SLC6A9"
"JAK3","PLK1","SLC6A9"
"JAK3","KRAS","SLC6A9"
"JAK3","RAC1","SLC6A9"
"JAK3","PTPRJ","SLC6A9"
"JAK3","PPP1CA","SLC6A9"
"JAK3","MAP3K14","SLC6A9"
"JAK3","RPS6KA1","SLC6A9"
"JAK3","SGK1","SLC6A9"
"JAK3","IGF1R","SLC6A9"
"JAK3","PRKCB","SLC6A9"
"JAK3","RAB1A","SLC6A9"
"JAK3","PRKCZ","SLC6A9"
"JAK3","TGFBR2","SLC6A9"
"JAK3","AKT","SLC6A9"
"JAK3","HRAS","SLC6A9"
"JAK3","RPS6KA3","SLC6A9"
"JAK3","mTORC1","SLC6A9"
"JAK3","AHSA1","SLC6A9"
"JAK3","ROCK1","SLC6A9"
"JAK3","BTK","SLC6A9"
"JAK3","SHOC2","SLC6A9"
"JAK3","PTPN12","SLC6A9"
"JAK3","PPP2R5C","SLC6A9"
"JAK3","TYK2","SLC6A9"
"JAK3","ZAP70","SLC6A9"
"JAK3","DUSP1","SLC6A9"
"JAK3","GIT1","SLC6A9"
"JAK3","MAP2K4","SLC6A9"
"JAK3","RAB7A","SLC6A9"
"JAK3","EPHA2","SLC6A9"
"JAK3","NRAS","SLC6A9"
"JAK3","AR","SLC6A9"
"JAK3","DUSP3","SLC6A9"
"JAK3","MAPK11","SLC6A9"
"JAK3","UNC5A","SLC6A9"
"JAK3","PARD6A","SLC6A9"
"JAK3","PTPRA","SLC6A9"
"JAK3","PSTPIP1","SLC6A9"
"JAK3","RHEB","SLC6A9"
"JAK3","DUSP6","SLC6A9"
"JAK3","INPP5D","SLC6A9"
"JAK3","PIK3R1","SLC6A9"
"JAK3","CCNE1","SLC6A9"
"JAK3","IRS2","SLC6A9"
"JAK3","CDC42","SLC6A9"
"JAK3","PIK3CG","SLC6A9"
"JAK3","SH2B2","SLC6A9"
"JAK3","CLK2","SLC6A9"
"JAK3","YWHAE","SLC6A9"
"JAK3","CILK1","RGS16"
"JAK3","PTEN","RGS16"
"JAK3","MAPK8","RGS16"
"JAK3","MTOR","RGS16"
"JAK3","AKT1","RGS16"
"JAK3","CSNK2A1","RGS16"
"JAK3","PLK1","RGS16"
"JAK3","TGFBR1","RGS16"
"JAK3","STK3","RGS16"
"JAK3","HRAS","RGS16"
"JAK3","RPS6KA3","RGS16"
"JAK3","mTORC1","RGS16"
"JAK3","AHSA1","RGS16"
"JAK3","BTK","RGS16"
"JAK3","SHOC2","RGS16"
"JAK3","PTPN12","RGS16"
"JAK3","PPP2R5C","RGS16"
"JAK3","TRAF2","RGS16"
"JAK3","EPHA2","RGS16"
"JAK3","PARD6A","RGS16"
"JAK3","PTPRA","RGS16"
"JAK3","CCR2","RGS16"
"JAK3","RHEB","RGS16"
"JAK3","DUSP6","RGS16"
"JAK3","CDC42","RGS16"
"JAK3","PIK3CG","RGS16"
"JAK3","CLK2","RGS16"
"JAK3","PLCG1","RGS16"
"JAK3","SPRY2","RGS16"
"JAK3","RUNX2","RGS16"
"JAK3","PIK3C3","RGS16"
"JAK3","RND1","RGS16"
"JAK3","TIAM1","RGS16"
"JAK3","DCTN6","RGS16"
"JAK3","ACTN1","RGS16"
"JAK3","RGCC","RGS16"
"JAK3","CHUK","POU5F1"
"JAK3","CTNNB1","POU5F1"
"JAK3","CILK1","POU5F1"
"JAK3","PTEN","POU5F1"
"JAK3","MAPK8","POU5F1"
"JAK3","AKT1","POU5F1"
"JAK3","KRAS","POU5F1"
"JAK3","RAC1","POU5F1"
"JAK3","PTPRJ","POU5F1"
"JAK3","TGFBR1","POU5F1"
"JAK3","PPP1CA","POU5F1"
"JAK3","MAP3K14","POU5F1"
"JAK3","RPS6KA1","POU5F1"
"JAK3","SGK1","POU5F1"
"JAK3","STK3","POU5F1"
"JAK3","AKT","POU5F1"
"JAK3","MAPK13","POU5F1"
"JAK3","PIK3CA","POU5F1"
"JAK3","RPS6KA3","POU5F1"
"JAK3","mTORC1","POU5F1"
"JAK3","SGK3","POU5F1"
"JAK3","SH2B1","POU5F1"
"JAK3","SHOC2","POU5F1"
"JAK3","PTPN12","POU5F1"
"JAK3","PPP2R5C","POU5F1"
"JAK3","PAK1","POU5F1"
"JAK3","ZAP70","POU5F1"
"JAK3","DUSP1","POU5F1"
"JAK3","GIT1","POU5F1"
"JAK3","MAP2K4","POU5F1"
"JAK3","EPHA2","POU5F1"
"JAK3","MAPK11","POU5F1"
"JAK3","CCR2","POU5F1"
"JAK3","DUSP6","POU5F1"
"JAK3","INPP5D","POU5F1"
"JAK3","PIK3R1","POU5F1"
"JAK3","CCNE1","POU5F1"
"JAK3","CLK2","POU5F1"
"JAK3","PLCG1","POU5F1"
"JAK3","RUNX2","POU5F1"
"JAK3","PIK3C3","POU5F1"
"JAK3","RND1","POU5F1"
"JAK3","TIAM1","POU5F1"
"JAK3","WAC","POU5F1"
"JAK3","BANP","POU5F1"
"JAK3","DCTN6","POU5F1"
"JAK3","ACTN1","POU5F1"
"JAK3","RGCC","POU5F1"
"JAK3","CTNNB1","TNS3"
"JAK3","CILK1","TNS3"
"JAK3","MAPK8","TNS3"
"JAK3","CSNK2A1","TNS3"
"JAK3","KRAS","TNS3"
"JAK3","RAC1","TNS3"
"JAK3","PTPRJ","TNS3"
"JAK3","SGK1","TNS3"
"JAK3","STK3","TNS3"
"JAK3","PRKCZ","TNS3"
"JAK3","AKT","TNS3"
"JAK3","RACK1","TNS3"
"JAK3","HRAS","TNS3"
"JAK3","LEPR","TNS3"
"JAK3","mTORC1","TNS3"
"JAK3","RASSF1","TNS3"
"JAK3","SGK3","TNS3"
"JAK3","PPP2R5C","TNS3"
"JAK3","TYK2","TNS3"
"JAK3","ZAP70","TNS3"
"JAK3","GIT1","TNS3"
"JAK3","TRAF2","TNS3"
"JAK3","RAB7A","TNS3"
"JAK3","DUSP3","TNS3"
"JAK3","UNC5A","TNS3"
"JAK3","PRKCI","TNS3"
"JAK3","PARD6A","TNS3"
"JAK3","PTPRA","TNS3"
"JAK3","CCR2","TNS3"
"JAK3","PSTPIP1","TNS3"
"JAK3","DUSP6","TNS3"
"JAK3","INPP5D","TNS3"
"JAK3","PIK3R1","TNS3"
"JAK3","IRS2","TNS3"
"JAK3","PIK3CG","TNS3"
"JAK3","SH2B2","TNS3"
"JAK3","PPP2R5A","TNS3"
"JAK3","CLK2","TNS3"
"JAK3","MDM2","TNS3"
"JAK3","YWHAE","TNS3"
"JAK3","PLCG1","TNS3"
"JAK3","RUNX2","TNS3"
"JAK3","SH2B3","TNS3"
"JAK3","PIK3C3","TNS3"
"JAK3","RND1","TNS3"
"JAK3","WAC","TNS3"
"JAK3","DCTN6","TNS3"
"JAK3","RGCC","TNS3"
"JAK3","CTNNB1","MEF2D"
"JAK3","CILK1","MEF2D"
"JAK3","MAPK8","MEF2D"
"JAK3","CSNK2A1","MEF2D"
"JAK3","RAC1","MEF2D"
"JAK3","MAP2K7","MEF2D"
"JAK3","PDPK1","MEF2D"
"JAK3","MAP3K14","MEF2D"
"JAK3","SGK1","MEF2D"
"JAK3","STK3","MEF2D"
"JAK3","RAB1A","MEF2D"
"JAK3","PAK2","MEF2D"
"JAK3","AKT","MEF2D"
"JAK3","RACK1","MEF2D"
"JAK3","PIK3CA","MEF2D"
"JAK3","LEPR","MEF2D"
"JAK3","RPS6KA3","MEF2D"
"JAK3","mTORC1","MEF2D"
"JAK3","AHSA1","MEF2D"
"JAK3","RASSF1","MEF2D"
"JAK3","BTK","MEF2D"
"JAK3","PTPN11","MEF2D"
"JAK3","SH2B1","MEF2D"
"JAK3","HSP90AB1","MEF2D"
"JAK3","SHOC2","MEF2D"
"JAK3","PTPN12","MEF2D"
"JAK3","PAK1","MEF2D"
"JAK3","TYK2","MEF2D"
"JAK3","TRAF2","MEF2D"
"JAK3","UNC5A","MEF2D"
"JAK3","PRKCI","MEF2D"
"JAK3","PTPRA","MEF2D"
"JAK3","RHEB","MEF2D"
"JAK3","DAXX","MEF2D"
"JAK3","INPP5D","MEF2D"
"JAK3","PIK3R1","MEF2D"
"JAK3","CCNE1","MEF2D"
"JAK3","IRS2","MEF2D"
"JAK3","PIK3CG","MEF2D"
"JAK3","SH2B2","MEF2D"
"JAK3","PPP2R5A","MEF2D"
"JAK3","YWHAE","MEF2D"
"JAK3","PLCG1","MEF2D"
"JAK3","PIK3C3","MEF2D"
"JAK3","TIAM1","MEF2D"
"JAK3","WAC","MEF2D"
"JAK3","RGCC","MEF2D"
"JAK3","CHUK","VIM"
"JAK3","CILK1","VIM"
"JAK3","PTEN","VIM"
"JAK3","MAPK8","VIM"
"JAK3","PLK1","VIM"
"JAK3","MAP2K7","VIM"
"JAK3","PTPRJ","VIM"
"JAK3","TGFBR1","VIM"
"JAK3","PPP1CA","VIM"
"JAK3","SGK1","VIM"
"JAK3","IGF1R","VIM"
"JAK3","STK3","VIM"
"JAK3","PRKCZ","VIM"
"JAK3","PAK2","VIM"
"JAK3","AKT","VIM"
"JAK3","RACK1","VIM"
"JAK3","PIK3CA","VIM"
"JAK3","LEPR","VIM"
"JAK3","AHSA1","VIM"
"JAK3","ROCK1","VIM"
"JAK3","PTPN11","VIM"
"JAK3","SGK3","VIM"
"JAK3","SH2B1","VIM"
"JAK3","HSP90AB1","VIM"
"JAK3","PTPN12","VIM"
"JAK3","RAB7A","VIM"
"JAK3","NRAS","VIM"
"JAK3","AR","VIM"
"JAK3","UNC5A","VIM"
"JAK3","PRKCI","VIM"
"JAK3","PARD6A","VIM"
"JAK3","RHEB","VIM"
"JAK3","CCNE1","VIM"
"JAK3","CDC42","VIM"
"JAK3","PIK3CG","VIM"
"JAK3","CLK2","VIM"
"JAK3","MDM2","VIM"
"JAK3","YWHAE","VIM"
"JAK3","SPRY2","VIM"
"JAK3","RUNX2","VIM"
"JAK3","SH2B3","VIM"
"JAK3","DCTN6","VIM"
"JAK3","ACTN1","VIM"
"JAK3","RGCC","VIM"
"JAK3","CHUK","LCP2"
"JAK3","PTEN","LCP2"
"JAK3","MAPK8","LCP2"
"JAK3","AKT1","LCP2"
"JAK3","PLK1","LCP2"
"JAK3","RAC1","LCP2"
"JAK3","PTPRJ","LCP2"
"JAK3","TGFBR1","LCP2"
"JAK3","PDPK1","LCP2"
"JAK3","MAP3K14","LCP2"
"JAK3","RPS6KA1","LCP2"
"JAK3","TGFBR2","LCP2"
"JAK3","AKT","LCP2"
"JAK3","RACK1","LCP2"
"JAK3","HRAS","LCP2"
"JAK3","MAPK13","LCP2"
"JAK3","RPS6KA3","LCP2"
"JAK3","mTORC1","LCP2"
"JAK3","AHSA1","LCP2"
"JAK3","ROCK1","LCP2"
"JAK3","BTK","LCP2"
"JAK3","SGK3","LCP2"
"JAK3","PTPN12","LCP2"
"JAK3","PPP2R5C","LCP2"
"JAK3","PAK1","LCP2"
"JAK3","DUSP1","LCP2"
"JAK3","GIT1","LCP2"
"JAK3","TRAF2","LCP2"
"JAK3","MAP2K4","LCP2"
"JAK3","RAB7A","LCP2"
"JAK3","EPHA2","LCP2"
"JAK3","DUSP3","LCP2"
"JAK3","MAPK11","LCP2"
"JAK3","UNC5A","LCP2"
"JAK3","DUSP6","LCP2"
"JAK3","INPP5D","LCP2"
"JAK3","IRS2","LCP2"
"JAK3","CDC42","LCP2"
"JAK3","MDM2","LCP2"
"JAK3","YWHAE","LCP2"
"JAK3","PLCG1","LCP2"
"JAK3","RUNX2","LCP2"
"JAK3","SH2B3","LCP2"
"JAK3","PIK3C3","LCP2"
"JAK3","RND1","LCP2"
"JAK3","TIAM1","LCP2"
"JAK3","BANP","LCP2"
"JAK3","DCTN6","LCP2"
"JAK3","PTPN11","PFKFB2"
"JAK3","CHUK","Elongin E3-Cul-5"
"JAK3","CTNNB1","Elongin E3-Cul-5"
"JAK3","PTEN","Elongin E3-Cul-5"
"JAK3","AKT1","Elongin E3-Cul-5"
"JAK3","KRAS","Elongin E3-Cul-5"
"JAK3","RAC1","Elongin E3-Cul-5"
"JAK3","TGFBR1","Elongin E3-Cul-5"
"JAK3","PPP1CA","Elongin E3-Cul-5"
"JAK3","MAP3K14","Elongin E3-Cul-5"
"JAK3","SGK1","Elongin E3-Cul-5"
"JAK3","IGF1R","Elongin E3-Cul-5"
"JAK3","RAB1A","Elongin E3-Cul-5"
"JAK3","TGFBR2","Elongin E3-Cul-5"
"JAK3","PAK2","Elongin E3-Cul-5"
"JAK3","HRAS","Elongin E3-Cul-5"
"JAK3","MAPK13","Elongin E3-Cul-5"
"JAK3","PIK3CA","Elongin E3-Cul-5"
"JAK3","LEPR","Elongin E3-Cul-5"
"JAK3","mTORC1","Elongin E3-Cul-5"
"JAK3","ROCK1","Elongin E3-Cul-5"
"JAK3","PTPN12","Elongin E3-Cul-5"
"JAK3","TYK2","Elongin E3-Cul-5"
"JAK3","ZAP70","Elongin E3-Cul-5"
"JAK3","TRAF2","Elongin E3-Cul-5"
"JAK3","RAB7A","Elongin E3-Cul-5"
"JAK3","NRAS","Elongin E3-Cul-5"
"JAK3","AR","Elongin E3-Cul-5"
"JAK3","PRKCI","Elongin E3-Cul-5"
"JAK3","CCR2","Elongin E3-Cul-5"
"JAK3","RHEB","Elongin E3-Cul-5"
"JAK3","DAXX","Elongin E3-Cul-5"
"JAK3","DUSP6","Elongin E3-Cul-5"
"JAK3","CCNE1","Elongin E3-Cul-5"
"JAK3","IRS2","Elongin E3-Cul-5"
"JAK3","PIK3CG","Elongin E3-Cul-5"
"JAK3","SH2B2","Elongin E3-Cul-5"
"JAK3","PPP2R5A","Elongin E3-Cul-5"
"JAK3","PLCG1","Elongin E3-Cul-5"
"JAK3","SH2B3","Elongin E3-Cul-5"
"JAK3","PIK3C3","Elongin E3-Cul-5"
"JAK3","TIAM1","Elongin E3-Cul-5"
"JAK3","BANP","Elongin E3-Cul-5"
"JAK3","MAPK8","COPS6"
"JAK3","MTOR","COPS6"
"JAK3","CSNK2A1","COPS6"
"JAK3","PLK1","COPS6"
"JAK3","KRAS","COPS6"
"JAK3","RAC1","COPS6"
"JAK3","MAP2K7","COPS6"
"JAK3","PTPRJ","COPS6"
"JAK3","TGFBR1","COPS6"
"JAK3","PPP1CA","COPS6"
"JAK3","MAP3K14","COPS6"
"JAK3","RPS6KA1","COPS6"
"JAK3","SGK1","COPS6"
"JAK3","IGF1R","COPS6"
"JAK3","PRKCB","COPS6"
"JAK3","STK3","COPS6"
"JAK3","RAB1A","COPS6"
"JAK3","AKT","COPS6"
"JAK3","HRAS","COPS6"
"JAK3","MAPK13","COPS6"
"JAK3","PIK3CA","COPS6"
"JAK3","mTORC1","COPS6"
"JAK3","ROCK1","COPS6"
"JAK3","BTK","COPS6"
"JAK3","PTPN11","COPS6"
"JAK3","SGK3","COPS6"
"JAK3","SHOC2","COPS6"
"JAK3","PTPN12","COPS6"
"JAK3","ZAP70","COPS6"
"JAK3","DUSP1","COPS6"
"JAK3","MAP2K4","COPS6"
"JAK3","RAB7A","COPS6"
"JAK3","EPHA2","COPS6"
"JAK3","NRAS","COPS6"
"JAK3","AR","COPS6"
"JAK3","DUSP3","COPS6"
"JAK3","MAPK11","COPS6"
"JAK3","PTPRA","COPS6"
"JAK3","PSTPIP1","COPS6"
"JAK3","DAXX","COPS6"
"JAK3","DUSP6","COPS6"
"JAK3","PIK3R1","COPS6"
"JAK3","IRS2","COPS6"
"JAK3","SH2B2","COPS6"
"JAK3","PPP2R5A","COPS6"
"JAK3","CLK2","COPS6"
"JAK3","MDM2","COPS6"
"JAK3","PLCG1","COPS6"
"JAK3","RUNX2","COPS6"
"JAK3","SH2B3","COPS6"
"JAK3","PIK3C3","COPS6"
"JAK3","BANP","COPS6"
"JAK3","DCTN6","COPS6"
"JAK3","ACTN1","COPS6"
"JAK3","CTNNB1","PCYT1A"
"JAK3","PTEN","PCYT1A"
"JAK3","MTOR","PCYT1A"
"JAK3","AKT1","PCYT1A"
"JAK3","CSNK2A1","PCYT1A"
"JAK3","PLK1","PCYT1A"
"JAK3","KRAS","PCYT1A"
"JAK3","RAC1","PCYT1A"
"JAK3","MAP2K7","PCYT1A"
"JAK3","PTPRJ","PCYT1A"
"JAK3","TGFBR1","PCYT1A"
"JAK3","PPP1CA","PCYT1A"
"JAK3","PDPK1","PCYT1A"
"JAK3","IGF1R","PCYT1A"
"JAK3","PRKCB","PCYT1A"
"JAK3","RAB1A","PCYT1A"
"JAK3","PAK2","PCYT1A"
"JAK3","AKT","PCYT1A"
"JAK3","RACK1","PCYT1A"
"JAK3","PIK3CA","PCYT1A"
"JAK3","LEPR","PCYT1A"
"JAK3","mTORC1","PCYT1A"
"JAK3","ROCK1","PCYT1A"
"JAK3","RASSF1","PCYT1A"
"JAK3","PTPN11","PCYT1A"
"JAK3","SH2B1","PCYT1A"
"JAK3","HSP90AB1","PCYT1A"
"JAK3","SHOC2","PCYT1A"
"JAK3","PTPN12","PCYT1A"
"JAK3","PPP2R5C","PCYT1A"
"JAK3","DUSP1","PCYT1A"
"JAK3","GIT1","PCYT1A"
"JAK3","MAP2K4","PCYT1A"
"JAK3","RAB7A","PCYT1A"
"JAK3","EPHA2","PCYT1A"
"JAK3","AR","PCYT1A"
"JAK3","MAPK11","PCYT1A"
"JAK3","UNC5A","PCYT1A"
"JAK3","PRKCI","PCYT1A"
"JAK3","PARD6A","PCYT1A"
"JAK3","PTPRA","PCYT1A"
"JAK3","CCR2","PCYT1A"
"JAK3","PSTPIP1","PCYT1A"
"JAK3","RHEB","PCYT1A"
"JAK3","DUSP6","PCYT1A"
"JAK3","INPP5D","PCYT1A"
"JAK3","CDC42","PCYT1A"
"JAK3","PIK3CG","PCYT1A"
"JAK3","SH2B2","PCYT1A"
"JAK3","CLK2","PCYT1A"
"JAK3","YWHAE","PCYT1A"
"JAK3","SPRY2","PCYT1A"
"JAK3","RUNX2","PCYT1A"
"JAK3","SH2B3","PCYT1A"
"JAK3","PIK3C3","PCYT1A"
"JAK3","RND1","PCYT1A"
"JAK3","TIAM1","PCYT1A"
"JAK3","BANP","PCYT1A"
"JAK3","ACTN1","PCYT1A"
"JAK3","CTNNB1","MYL12A"
"JAK3","PTEN","MYL12A"
"JAK3","PLK1","MYL12A"
"JAK3","PTPRJ","MYL12A"
"JAK3","PPP1CA","MYL12A"
"JAK3","RPS6KA1","MYL12A"
"JAK3","RAB1A","MYL12A"
"JAK3","HRAS","MYL12A"
"JAK3","PIK3CA","MYL12A"
"JAK3","SHOC2","MYL12A"
"JAK3","PTPN12","MYL12A"
"JAK3","PPP2R5C","MYL12A"
"JAK3","PAK1","MYL12A"
"JAK3","GIT1","MYL12A"
"JAK3","MAP2K4","MYL12A"
"JAK3","DUSP3","MYL12A"
"JAK3","UNC5A","MYL12A"
"JAK3","DAXX","MYL12A"
"JAK3","DUSP6","MYL12A"
"JAK3","PIK3CG","MYL12A"
"JAK3","PPP2R5A","MYL12A"
"JAK3","CLK2","MYL12A"
"JAK3","MDM2","MYL12A"
"JAK3","PLCG1","MYL12A"
"JAK3","SPRY2","MYL12A"
"JAK3","RUNX2","MYL12A"
"JAK3","RND1","MYL12A"
"JAK3","TIAM1","MYL12A"
"JAK3","WAC","MYL12A"
"JAK3","BANP","MYL12A"
"JAK3","RGCC","MYL12A"
"JAK3","CHUK","USP28"
"JAK3","CILK1","USP28"
"JAK3","PLK1","USP28"
"JAK3","RAC1","USP28"
"JAK3","PTPRJ","USP28"
"JAK3","PPP1CA","USP28"
"JAK3","RPS6KA1","USP28"
"JAK3","IGF1R","USP28"
"JAK3","STK3","USP28"
"JAK3","PRKCZ","USP28"
"JAK3","MAPK13","USP28"
"JAK3","LEPR","USP28"
"JAK3","AHSA1","USP28"
"JAK3","ROCK1","USP28"
"JAK3","RASSF1","USP28"
"JAK3","BTK","USP28"
"JAK3","SHOC2","USP28"
"JAK3","AR","USP28"
"JAK3","DUSP3","USP28"
"JAK3","MAPK11","USP28"
"JAK3","UNC5A","USP28"
"JAK3","PRKCI","USP28"
"JAK3","DAXX","USP28"
"JAK3","INPP5D","USP28"
"JAK3","CCNE1","USP28"
"JAK3","IRS2","USP28"
"JAK3","CDC42","USP28"
"JAK3","MDM2","USP28"
"JAK3","YWHAE","USP28"
"JAK3","PLCG1","USP28"
"JAK3","RUNX2","USP28"
"JAK3","PIK3C3","USP28"
"JAK3","RND1","USP28"
"JAK3","TIAM1","USP28"
"JAK3","BANP","USP28"
"JAK3","DCTN6","USP28"
"JAK3","RGCC","USP28"
"JAK3","CTNNB1","NOP53"
"JAK3","CILK1","NOP53"
"JAK3","PTEN","NOP53"
"JAK3","MAPK8","NOP53"
"JAK3","AKT1","NOP53"
"JAK3","PLK1","NOP53"
"JAK3","KRAS","NOP53"
"JAK3","RAC1","NOP53"
"JAK3","MAP2K7","NOP53"
"JAK3","PTPRJ","NOP53"
"JAK3","TGFBR1","NOP53"
"JAK3","SGK1","NOP53"
"JAK3","IGF1R","NOP53"
"JAK3","PRKCB","NOP53"
"JAK3","PRKCZ","NOP53"
"JAK3","PAK2","NOP53"
"JAK3","MAPK13","NOP53"
"JAK3","PIK3CA","NOP53"
"JAK3","LEPR","NOP53"
"JAK3","RPS6KA3","NOP53"
"JAK3","AHSA1","NOP53"
"JAK3","ROCK1","NOP53"
"JAK3","RASSF1","NOP53"
"JAK3","SGK3","NOP53"
"JAK3","SH2B1","NOP53"
"JAK3","PTPN12","NOP53"
"JAK3","PPP2R5C","NOP53"
"JAK3","PAK1","NOP53"
"JAK3","TYK2","NOP53"
"JAK3","ZAP70","NOP53"
"JAK3","DUSP1","NOP53"
"JAK3","TRAF2","NOP53"
"JAK3","MAP2K4","NOP53"
"JAK3","RAB7A","NOP53"
"JAK3","EPHA2","NOP53"
"JAK3","NRAS","NOP53"
"JAK3","AR","NOP53"
"JAK3","PARD6A","NOP53"
"JAK3","CCR2","NOP53"
"JAK3","PSTPIP1","NOP53"
"JAK3","RHEB","NOP53"
"JAK3","PIK3R1","NOP53"
"JAK3","CCNE1","NOP53"
"JAK3","IRS2","NOP53"
"JAK3","PPP2R5A","NOP53"
"JAK3","CLK2","NOP53"
"JAK3","YWHAE","NOP53"
"JAK3","SPRY2","NOP53"
"JAK3","RND1","NOP53"
"JAK3","WAC","NOP53"
"JAK3","DCTN6","NOP53"
"JAK3","CHUK","FLNC"
"JAK3","CILK1","FLNC"
"JAK3","PTEN","FLNC"
"JAK3","MAPK8","FLNC"
"JAK3","AKT1","FLNC"
"JAK3","KRAS","FLNC"
"JAK3","TGFBR1","FLNC"
"JAK3","PPP1CA","FLNC"
"JAK3","PDPK1","FLNC"
"JAK3","MAP3K14","FLNC"
"JAK3","SGK1","FLNC"
"JAK3","STK3","FLNC"
"JAK3","MAPK13","FLNC"
"JAK3","PIK3CA","FLNC"
"JAK3","AHSA1","FLNC"
"JAK3","ROCK1","FLNC"
"JAK3","RASSF1","FLNC"
"JAK3","BTK","FLNC"
"JAK3","SH2B1","FLNC"
"JAK3","SHOC2","FLNC"
"JAK3","PTPN12","FLNC"
"JAK3","PAK1","FLNC"
"JAK3","ZAP70","FLNC"
"JAK3","RAB7A","FLNC"
"JAK3","EPHA2","FLNC"
"JAK3","NRAS","FLNC"
"JAK3","PRKCI","FLNC"
"JAK3","PSTPIP1","FLNC"
"JAK3","DAXX","FLNC"
"JAK3","SH2B2","FLNC"
"JAK3","PLCG1","FLNC"
"JAK3","RUNX2","FLNC"
"JAK3","TIAM1","FLNC"
"JAK3","CTNNB1","ELK1"
"JAK3","CILK1","ELK1"
"JAK3","PTEN","ELK1"
"JAK3","MAPK8","ELK1"
"JAK3","PLK1","ELK1"
"JAK3","RAC1","ELK1"
"JAK3","PDPK1","ELK1"
"JAK3","RPS6KA1","ELK1"
"JAK3","TGFBR2","ELK1"
"JAK3","PAK2","ELK1"
"JAK3","AHSA1","ELK1"
"JAK3","SGK3","ELK1"
"JAK3","SH2B1","ELK1"
"JAK3","HSP90AB1","ELK1"
"JAK3","PPP2R5C","ELK1"
"JAK3","PAK1","ELK1"
"JAK3","TYK2","ELK1"
"JAK3","GIT1","ELK1"
"JAK3","MAP2K4","ELK1"
"JAK3","AR","ELK1"
"JAK3","DUSP3","ELK1"
"JAK3","UNC5A","ELK1"
"JAK3","PTPRA","ELK1"
"JAK3","DAXX","ELK1"
"JAK3","CCNE1","ELK1"
"JAK3","IRS2","ELK1"
"JAK3","PLCG1","ELK1"
"JAK3","TIAM1","ELK1"
"JAK3","WAC","ELK1"
"JAK3","DCTN6","ELK1"
"JAK3","ACTN1","ELK1"
"JAK3","RGCC","ELK1"
"JAK3","CILK1","PLCB3"
"JAK3","PTEN","PLCB3"
"JAK3","MTOR","PLCB3"
"JAK3","PTPRJ","PLCB3"
"JAK3","PDPK1","PLCB3"
"JAK3","RAB1A","PLCB3"
"JAK3","PRKCZ","PLCB3"
"JAK3","PAK2","PLCB3"
"JAK3","AKT","PLCB3"
"JAK3","HRAS","PLCB3"
"JAK3","RPS6KA3","PLCB3"
"JAK3","ROCK1","PLCB3"
"JAK3","RASSF1","PLCB3"
"JAK3","BTK","PLCB3"
"JAK3","SGK3","PLCB3"
"JAK3","SH2B1","PLCB3"
"JAK3","HSP90AB1","PLCB3"
"JAK3","SHOC2","PLCB3"
"JAK3","PTPN12","PLCB3"
"JAK3","TYK2","PLCB3"
"JAK3","ZAP70","PLCB3"
"JAK3","DUSP1","PLCB3"
"JAK3","TRAF2","PLCB3"
"JAK3","EPHA2","PLCB3"
"JAK3","NRAS","PLCB3"
"JAK3","AR","PLCB3"
"JAK3","DUSP3","PLCB3"
"JAK3","PRKCI","PLCB3"
"JAK3","PTPRA","PLCB3"
"JAK3","CCR2","PLCB3"
"JAK3","PSTPIP1","PLCB3"
"JAK3","RHEB","PLCB3"
"JAK3","DAXX","PLCB3"
"JAK3","DUSP6","PLCB3"
"JAK3","PIK3R1","PLCB3"
"JAK3","CCNE1","PLCB3"
"JAK3","IRS2","PLCB3"
"JAK3","CDC42","PLCB3"
"JAK3","PIK3CG","PLCB3"
"JAK3","CLK2","PLCB3"
"JAK3","MDM2","PLCB3"
"JAK3","PLCG1","PLCB3"
"JAK3","SPRY2","PLCB3"
"JAK3","SH2B3","PLCB3"
"JAK3","PIK3C3","PLCB3"
"JAK3","RND1","PLCB3"
"JAK3","TIAM1","PLCB3"
"JAK3","WAC","PLCB3"
"JAK3","BANP","PLCB3"
"JAK3","DCTN6","PLCB3"
"JAK3","ACTN1","PLCB3"
"JAK3","RGCC","PLCB3"
"JAK3","CHUK","ETV6"
"JAK3","CTNNB1","ETV6"
"JAK3","CILK1","ETV6"
"JAK3","PTEN","ETV6"
"JAK3","MTOR","ETV6"
"JAK3","AKT1","ETV6"
"JAK3","CSNK2A1","ETV6"
"JAK3","PLK1","ETV6"
"JAK3","KRAS","ETV6"
"JAK3","MAP2K7","ETV6"
"JAK3","PDPK1","ETV6"
"JAK3","MAP3K14","ETV6"
"JAK3","RPS6KA1","ETV6"
"JAK3","SGK1","ETV6"
"JAK3","IGF1R","ETV6"
"JAK3","PRKCB","ETV6"
"JAK3","RAB1A","ETV6"
"JAK3","TGFBR2","ETV6"
"JAK3","RACK1","ETV6"
"JAK3","PIK3CA","ETV6"
"JAK3","LEPR","ETV6"
"JAK3","RPS6KA3","ETV6"
"JAK3","ROCK1","ETV6"
"JAK3","BTK","ETV6"
"JAK3","PTPN11","ETV6"
"JAK3","SH2B1","ETV6"
"JAK3","HSP90AB1","ETV6"
"JAK3","PAK1","ETV6"
"JAK3","ZAP70","ETV6"
"JAK3","DUSP1","ETV6"
"JAK3","MAP2K4","ETV6"
"JAK3","RAB7A","ETV6"
"JAK3","EPHA2","ETV6"
"JAK3","AR","ETV6"
"JAK3","MAPK11","ETV6"
"JAK3","UNC5A","ETV6"
"JAK3","PARD6A","ETV6"
"JAK3","PSTPIP1","ETV6"
"JAK3","RHEB","ETV6"
"JAK3","DAXX","ETV6"
"JAK3","PIK3R1","ETV6"
"JAK3","IRS2","ETV6"
"JAK3","CDC42","ETV6"
"JAK3","PIK3CG","ETV6"
"JAK3","SH2B2","ETV6"
"JAK3","PPP2R5A","ETV6"
"JAK3","CLK2","ETV6"
"JAK3","RUNX2","ETV6"
"JAK3","SH2B3","ETV6"
"JAK3","PIK3C3","ETV6"
"JAK3","TIAM1","ETV6"
"JAK3","WAC","ETV6"
"JAK3","BANP","ETV6"
"JAK3","DCTN6","ETV6"
"JAK3","CHUK","MFF"
"JAK3","CTNNB1","MFF"
"JAK3","CILK1","MFF"
"JAK3","MAPK8","MFF"
"JAK3","AKT1","MFF"
"JAK3","PLK1","MFF"
"JAK3","PPP1CA","MFF"
"JAK3","PDPK1","MFF"
"JAK3","MAP3K14","MFF"
"JAK3","RPS6KA1","MFF"
"JAK3","PRKCB","MFF"
"JAK3","RAB1A","MFF"
"JAK3","TGFBR2","MFF"
"JAK3","RACK1","MFF"
"JAK3","HRAS","MFF"
"JAK3","MAPK13","MFF"
"JAK3","PIK3CA","MFF"
"JAK3","LEPR","MFF"
"JAK3","RPS6KA3","MFF"
"JAK3","ROCK1","MFF"
"JAK3","RASSF1","MFF"
"JAK3","SGK3","MFF"
"JAK3","HSP90AB1","MFF"
"JAK3","PTPN12","MFF"
"JAK3","PAK1","MFF"
"JAK3","TYK2","MFF"
"JAK3","ZAP70","MFF"
"JAK3","GIT1","MFF"
"JAK3","MAP2K4","MFF"
"JAK3","MAPK11","MFF"
"JAK3","CCR2","MFF"
"JAK3","RHEB","MFF"
"JAK3","DUSP6","MFF"
"JAK3","INPP5D","MFF"
"JAK3","IRS2","MFF"
"JAK3","CLK2","MFF"
"JAK3","YWHAE","MFF"
"JAK3","PLCG1","MFF"
"JAK3","RUNX2","MFF"
"JAK3","RND1","MFF"
"JAK3","TIAM1","MFF"
"JAK3","WAC","MFF"
"JAK3","BANP","MFF"
"JAK3","RGCC","MFF"
"JAK3","PTPN11","GSTP1"
"JAK3","CHUK","IREB2"
"JAK3","CTNNB1","IREB2"
"JAK3","CILK1","IREB2"
"JAK3","MAPK8","IREB2"
"JAK3","MTOR","IREB2"
"JAK3","AKT1","IREB2"
"JAK3","CSNK2A1","IREB2"
"JAK3","TGFBR1","IREB2"
"JAK3","PPP1CA","IREB2"
"JAK3","MAP3K14","IREB2"
"JAK3","RPS6KA1","IREB2"
"JAK3","SGK1","IREB2"
"JAK3","IGF1R","IREB2"
"JAK3","PRKCB","IREB2"
"JAK3","RAB1A","IREB2"
"JAK3","PRKCZ","IREB2"
"JAK3","PAK2","IREB2"
"JAK3","HRAS","IREB2"
"JAK3","PIK3CA","IREB2"
"JAK3","RPS6KA3","IREB2"
"JAK3","ROCK1","IREB2"
"JAK3","RASSF1","IREB2"
"JAK3","SH2B1","IREB2"
"JAK3","SHOC2","IREB2"
"JAK3","PTPN12","IREB2"
"JAK3","PPP2R5C","IREB2"
"JAK3","PAK1","IREB2"
"JAK3","ZAP70","IREB2"
"JAK3","GIT1","IREB2"
"JAK3","RAB7A","IREB2"
"JAK3","EPHA2","IREB2"
"JAK3","AR","IREB2"
"JAK3","PRKCI","IREB2"
"JAK3","PSTPIP1","IREB2"
"JAK3","RHEB","IREB2"
"JAK3","DUSP6","IREB2"
"JAK3","INPP5D","IREB2"
"JAK3","PIK3R1","IREB2"
"JAK3","IRS2","IREB2"
"JAK3","CDC42","IREB2"
"JAK3","PIK3CG","IREB2"
"JAK3","SH2B2","IREB2"
"JAK3","PPP2R5A","IREB2"
"JAK3","MDM2","IREB2"
"JAK3","RND1","IREB2"
"JAK3","TIAM1","IREB2"
"JAK3","WAC","IREB2"
"JAK3","BANP","IREB2"
"JAK3","ACTN1","IREB2"
"JAK3","CTNNB1","CTPS1"
"JAK3","PTEN","CTPS1"
"JAK3","MAPK8","CTPS1"
"JAK3","MTOR","CTPS1"
"JAK3","AKT1","CTPS1"
"JAK3","KRAS","CTPS1"
"JAK3","RAC1","CTPS1"
"JAK3","MAP2K7","CTPS1"
"JAK3","PTPRJ","CTPS1"
"JAK3","TGFBR1","CTPS1"
"JAK3","PPP1CA","CTPS1"
"JAK3","PDPK1","CTPS1"
"JAK3","MAP3K14","CTPS1"
"JAK3","SGK1","CTPS1"
"JAK3","IGF1R","CTPS1"
"JAK3","PRKCB","CTPS1"
"JAK3","PRKCZ","CTPS1"
"JAK3","TGFBR2","CTPS1"
"JAK3","AHSA1","CTPS1"
"JAK3","ROCK1","CTPS1"
"JAK3","RASSF1","CTPS1"
"JAK3","SGK3","CTPS1"
"JAK3","SH2B1","CTPS1"
"JAK3","SHOC2","CTPS1"
"JAK3","ZAP70","CTPS1"
"JAK3","DUSP1","CTPS1"
"JAK3","GIT1","CTPS1"
"JAK3","TRAF2","CTPS1"
"JAK3","RAB7A","CTPS1"
"JAK3","EPHA2","CTPS1"
"JAK3","AR","CTPS1"
"JAK3","DUSP3","CTPS1"
"JAK3","MAPK11","CTPS1"
"JAK3","PARD6A","CTPS1"
"JAK3","PTPRA","CTPS1"
"JAK3","CCR2","CTPS1"
"JAK3","PSTPIP1","CTPS1"
"JAK3","RHEB","CTPS1"
"JAK3","DAXX","CTPS1"
"JAK3","DUSP6","CTPS1"
"JAK3","INPP5D","CTPS1"
"JAK3","CCNE1","CTPS1"
"JAK3","IRS2","CTPS1"
"JAK3","SH2B2","CTPS1"
"JAK3","MDM2","CTPS1"
"JAK3","YWHAE","CTPS1"
"JAK3","PLCG1","CTPS1"
"JAK3","RUNX2","CTPS1"
"JAK3","RND1","CTPS1"
"JAK3","TIAM1","CTPS1"
"JAK3","WAC","CTPS1"
"JAK3","BANP","CTPS1"
"JAK3","DCTN6","CTPS1"
"JAK3","CILK1","ESPL1"
"JAK3","MTOR","ESPL1"
"JAK3","PTPRJ","ESPL1"
"JAK3","TGFBR1","ESPL1"
"JAK3","PPP1CA","ESPL1"
"JAK3","PDPK1","ESPL1"
"JAK3","MAP3K14","ESPL1"
"JAK3","RPS6KA1","ESPL1"
"JAK3","SGK1","ESPL1"
"JAK3","PRKCB","ESPL1"
"JAK3","RAB1A","ESPL1"
"JAK3","PRKCZ","ESPL1"
"JAK3","TGFBR2","ESPL1"
"JAK3","PAK2","ESPL1"
"JAK3","AKT","ESPL1"
"JAK3","RACK1","ESPL1"
"JAK3","HRAS","ESPL1"
"JAK3","MAPK13","ESPL1"
"JAK3","PIK3CA","ESPL1"
"JAK3","LEPR","ESPL1"
"JAK3","BTK","ESPL1"
"JAK3","PTPN12","ESPL1"
"JAK3","PPP2R5C","ESPL1"
"JAK3","RAB7A","ESPL1"
"JAK3","EPHA2","ESPL1"
"JAK3","PRKCI","ESPL1"
"JAK3","PARD6A","ESPL1"
"JAK3","PSTPIP1","ESPL1"
"JAK3","RHEB","ESPL1"
"JAK3","DAXX","ESPL1"
"JAK3","DUSP6","ESPL1"
"JAK3","INPP5D","ESPL1"
"JAK3","PIK3R1","ESPL1"
"JAK3","PIK3CG","ESPL1"
"JAK3","CLK2","ESPL1"
"JAK3","YWHAE","ESPL1"
"JAK3","PLCG1","ESPL1"
"JAK3","SPRY2","ESPL1"
"JAK3","RUNX2","ESPL1"
"JAK3","TIAM1","ESPL1"
"JAK3","WAC","ESPL1"
"JAK3","ACTN1","ESPL1"
"JAK3","MAPK8","NR3C2"
"JAK3","MTOR","NR3C2"
"JAK3","CSNK2A1","NR3C2"
"JAK3","RAC1","NR3C2"
"JAK3","MAP2K7","NR3C2"
"JAK3","MAP3K14","NR3C2"
"JAK3","IGF1R","NR3C2"
"JAK3","PRKCZ","NR3C2"
"JAK3","PAK2","NR3C2"
"JAK3","AKT","NR3C2"
"JAK3","RACK1","NR3C2"
"JAK3","MAPK13","NR3C2"
"JAK3","PIK3CA","NR3C2"
"JAK3","LEPR","NR3C2"
"JAK3","AHSA1","NR3C2"
"JAK3","ROCK1","NR3C2"
"JAK3","RASSF1","NR3C2"
"JAK3","PTPN11","NR3C2"
"JAK3","SGK3","NR3C2"
"JAK3","SH2B1","NR3C2"
"JAK3","HSP90AB1","NR3C2"
"JAK3","DUSP1","NR3C2"
"JAK3","TRAF2","NR3C2"
"JAK3","MAP2K4","NR3C2"
"JAK3","UNC5A","NR3C2"
"JAK3","RHEB","NR3C2"
"JAK3","DAXX","NR3C2"
"JAK3","DUSP6","NR3C2"
"JAK3","INPP5D","NR3C2"
"JAK3","IRS2","NR3C2"
"JAK3","PIK3CG","NR3C2"
"JAK3","PPP2R5A","NR3C2"
"JAK3","SH2B3","NR3C2"
"JAK3","PIK3C3","NR3C2"
"JAK3","TIAM1","NR3C2"
"JAK3","WAC","NR3C2"
"JAK3","BANP","NR3C2"
"JAK3","DCTN6","NR3C2"
"JAK3","PTEN","DNMT1"
"JAK3","AKT1","DNMT1"
"JAK3","CSNK2A1","DNMT1"
"JAK3","KRAS","DNMT1"
"JAK3","RAC1","DNMT1"
"JAK3","PTPRJ","DNMT1"
"JAK3","TGFBR1","DNMT1"
"JAK3","PDPK1","DNMT1"
"JAK3","RPS6KA1","DNMT1"
"JAK3","PRKCB","DNMT1"
"JAK3","STK3","DNMT1"
"JAK3","PRKCZ","DNMT1"
"JAK3","PAK2","DNMT1"
"JAK3","RACK1","DNMT1"
"JAK3","HRAS","DNMT1"
"JAK3","MAPK13","DNMT1"
"JAK3","PIK3CA","DNMT1"
"JAK3","LEPR","DNMT1"
"JAK3","RPS6KA3","DNMT1"
"JAK3","RASSF1","DNMT1"
"JAK3","BTK","DNMT1"
"JAK3","SGK3","DNMT1"
"JAK3","SH2B1","DNMT1"
"JAK3","HSP90AB1","DNMT1"
"JAK3","TYK2","DNMT1"
"JAK3","ZAP70","DNMT1"
"JAK3","MAP2K4","DNMT1"
"JAK3","RAB7A","DNMT1"
"JAK3","NRAS","DNMT1"
"JAK3","DUSP3","DNMT1"
"JAK3","MAPK11","DNMT1"
"JAK3","PARD6A","DNMT1"
"JAK3","PTPRA","DNMT1"
"JAK3","CCR2","DNMT1"
"JAK3","PSTPIP1","DNMT1"
"JAK3","INPP5D","DNMT1"
"JAK3","PIK3R1","DNMT1"
"JAK3","CLK2","DNMT1"
"JAK3","PLCG1","DNMT1"
"JAK3","WAC","DNMT1"
"JAK3","DCTN6","DNMT1"
"JAK3","RGCC","DNMT1"
"JAK3","CTNNB1","RANBP3"
"JAK3","PTEN","RANBP3"
"JAK3","AKT1","RANBP3"
"JAK3","PLK1","RANBP3"
"JAK3","KRAS","RANBP3"
"JAK3","RAC1","RANBP3"
"JAK3","MAP2K7","RANBP3"
"JAK3","PTPRJ","RANBP3"
"JAK3","TGFBR1","RANBP3"
"JAK3","PDPK1","RANBP3"
"JAK3","SGK1","RANBP3"
"JAK3","PRKCB","RANBP3"
"JAK3","STK3","RANBP3"
"JAK3","RAB1A","RANBP3"
"JAK3","PRKCZ","RANBP3"
"JAK3","HRAS","RANBP3"
"JAK3","MAPK13","RANBP3"
"JAK3","LEPR","RANBP3"
"JAK3","BTK","RANBP3"
"JAK3","PAK1","RANBP3"
"JAK3","DUSP1","RANBP3"
"JAK3","GIT1","RANBP3"
"JAK3","TRAF2","RANBP3"
"JAK3","MAP2K4","RANBP3"
"JAK3","RAB7A","RANBP3"
"JAK3","DUSP3","RANBP3"
"JAK3","UNC5A","RANBP3"
"JAK3","PRKCI","RANBP3"
"JAK3","PARD6A","RANBP3"
"JAK3","PTPRA","RANBP3"
"JAK3","CCR2","RANBP3"
"JAK3","PSTPIP1","RANBP3"
"JAK3","INPP5D","RANBP3"
"JAK3","PIK3R1","RANBP3"
"JAK3","SH2B2","RANBP3"
"JAK3","PPP2R5A","RANBP3"
"JAK3","CLK2","RANBP3"
"JAK3","SPRY2","RANBP3"
"JAK3","RND1","RANBP3"
"JAK3","TIAM1","RANBP3"
"JAK3","DCTN6","RANBP3"
"JAK3","RGCC","RANBP3"
"JAK3","CHUK","HCN4"
"JAK3","CILK1","HCN4"
"JAK3","PTEN","HCN4"
"JAK3","MTOR","HCN4"
"JAK3","AKT1","HCN4"
"JAK3","PLK1","HCN4"
"JAK3","KRAS","HCN4"
"JAK3","MAP2K7","HCN4"
"JAK3","TGFBR1","HCN4"
"JAK3","MAP3K14","HCN4"
"JAK3","RPS6KA1","HCN4"
"JAK3","IGF1R","HCN4"
"JAK3","PRKCB","HCN4"
"JAK3","STK3","HCN4"
"JAK3","AKT","HCN4"
"JAK3","RACK1","HCN4"
"JAK3","HRAS","HCN4"
"JAK3","LEPR","HCN4"
"JAK3","mTORC1","HCN4"
"JAK3","ROCK1","HCN4"
"JAK3","BTK","HCN4"
"JAK3","SH2B1","HCN4"
"JAK3","PTPN12","HCN4"
"JAK3","PPP2R5C","HCN4"
"JAK3","PAK1","HCN4"
"JAK3","TYK2","HCN4"
"JAK3","ZAP70","HCN4"
"JAK3","GIT1","HCN4"
"JAK3","MAP2K4","HCN4"
"JAK3","NRAS","HCN4"
"JAK3","DUSP3","HCN4"
"JAK3","MAPK11","HCN4"
"JAK3","PRKCI","HCN4"
"JAK3","PSTPIP1","HCN4"
"JAK3","RHEB","HCN4"
"JAK3","DAXX","HCN4"
"JAK3","PIK3R1","HCN4"
"JAK3","CDC42","HCN4"
"JAK3","SH2B2","HCN4"
"JAK3","MDM2","HCN4"
"JAK3","YWHAE","HCN4"
"JAK3","PLCG1","HCN4"
"JAK3","SH2B3","HCN4"
"JAK3","PIK3C3","HCN4"
"JAK3","RND1","HCN4"
"JAK3","TIAM1","HCN4"
"JAK3","BANP","HCN4"
"JAK3","DCTN6","HCN4"
"JAK3","ACTN1","HCN4"
"JAK3","RGCC","HCN4"
"JAK3","PTEN","ARHGAP5"
"JAK3","AKT1","ARHGAP5"
"JAK3","CSNK2A1","ARHGAP5"
"JAK3","PLK1","ARHGAP5"
"JAK3","KRAS","ARHGAP5"
"JAK3","RAC1","ARHGAP5"
"JAK3","MAP2K7","ARHGAP5"
"JAK3","PDPK1","ARHGAP5"
"JAK3","RPS6KA1","ARHGAP5"
"JAK3","IGF1R","ARHGAP5"
"JAK3","PRKCZ","ARHGAP5"
"JAK3","PIK3CA","ARHGAP5"
"JAK3","ROCK1","ARHGAP5"
"JAK3","RASSF1","ARHGAP5"
"JAK3","BTK","ARHGAP5"
"JAK3","SGK3","ARHGAP5"
"JAK3","SH2B1","ARHGAP5"
"JAK3","PAK1","ARHGAP5"
"JAK3","ZAP70","ARHGAP5"
"JAK3","MAP2K4","ARHGAP5"
"JAK3","MAPK11","ARHGAP5"
"JAK3","PARD6A","ARHGAP5"
"JAK3","DAXX","ARHGAP5"
"JAK3","DUSP6","ARHGAP5"
"JAK3","IRS2","ARHGAP5"
"JAK3","PIK3CG","ARHGAP5"
"JAK3","RND1","ARHGAP5"
"JAK3","TIAM1","ARHGAP5"
"JAK3","WAC","ARHGAP5"
"JAK3","BANP","ARHGAP5"
"JAK3","CHUK","GLO1"
"JAK3","CILK1","GLO1"
"JAK3","CSNK2A1","GLO1"
"JAK3","KRAS","GLO1"
"JAK3","MAP3K14","GLO1"
"JAK3","RPS6KA1","GLO1"
"JAK3","STK3","GLO1"
"JAK3","PAK2","GLO1"
"JAK3","MAPK13","GLO1"
"JAK3","LEPR","GLO1"
"JAK3","AHSA1","GLO1"
"JAK3","ROCK1","GLO1"
"JAK3","RASSF1","GLO1"
"JAK3","SGK3","GLO1"
"JAK3","HSP90AB1","GLO1"
"JAK3","SHOC2","GLO1"
"JAK3","PTPN12","GLO1"
"JAK3","PPP2R5C","GLO1"
"JAK3","GIT1","GLO1"
"JAK3","NRAS","GLO1"
"JAK3","AR","GLO1"
"JAK3","UNC5A","GLO1"
"JAK3","PRKCI","GLO1"
"JAK3","PARD6A","GLO1"
"JAK3","PTPRA","GLO1"
"JAK3","CCR2","GLO1"
"JAK3","PSTPIP1","GLO1"
"JAK3","RHEB","GLO1"
"JAK3","IRS2","GLO1"
"JAK3","CDC42","GLO1"
"JAK3","PIK3CG","GLO1"
"JAK3","SH2B2","GLO1"
"JAK3","MDM2","GLO1"
"JAK3","PLCG1","GLO1"
"JAK3","SPRY2","GLO1"
"JAK3","RUNX2","GLO1"
"JAK3","PIK3C3","GLO1"
"JAK3","RND1","GLO1"
"JAK3","WAC","GLO1"
"JAK3","BANP","GLO1"
"JAK3","DCTN6","GLO1"
"JAK3","ACTN1","GLO1"
"JAK3","RGCC","GLO1"
"JAK3","CTNNB1","MCM4"
"JAK3","CILK1","MCM4"
"JAK3","PTEN","MCM4"
"JAK3","MTOR","MCM4"
"JAK3","KRAS","MCM4"
"JAK3","MAP2K7","MCM4"
"JAK3","PDPK1","MCM4"
"JAK3","MAP3K14","MCM4"
"JAK3","RPS6KA1","MCM4"
"JAK3","SGK1","MCM4"
"JAK3","STK3","MCM4"
"JAK3","RAB1A","MCM4"
"JAK3","AKT","MCM4"
"JAK3","RACK1","MCM4"
"JAK3","mTORC1","MCM4"
"JAK3","AHSA1","MCM4"
"JAK3","ROCK1","MCM4"
"JAK3","SGK3","MCM4"
"JAK3","SH2B1","MCM4"
"JAK3","PPP2R5C","MCM4"
"JAK3","DUSP1","MCM4"
"JAK3","GIT1","MCM4"
"JAK3","RAB7A","MCM4"
"JAK3","NRAS","MCM4"
"JAK3","AR","MCM4"
"JAK3","DUSP3","MCM4"
"JAK3","MAPK11","MCM4"
"JAK3","UNC5A","MCM4"
"JAK3","PRKCI","MCM4"
"JAK3","PARD6A","MCM4"
"JAK3","RHEB","MCM4"
"JAK3","INPP5D","MCM4"
"JAK3","PIK3R1","MCM4"
"JAK3","CCNE1","MCM4"
"JAK3","IRS2","MCM4"
"JAK3","CDC42","MCM4"
"JAK3","PIK3CG","MCM4"
"JAK3","MDM2","MCM4"
"JAK3","PLCG1","MCM4"
"JAK3","RUNX2","MCM4"
"JAK3","TIAM1","MCM4"
"JAK3","ACTN1","MCM4"
"JAK3","RGCC","MCM4"
"JAK3","CTNNB1","TNNI3"
"JAK3","PTEN","TNNI3"
"JAK3","AKT1","TNNI3"
"JAK3","CSNK2A1","TNNI3"
"JAK3","PLK1","TNNI3"
"JAK3","KRAS","TNNI3"
"JAK3","RAC1","TNNI3"
"JAK3","PPP1CA","TNNI3"
"JAK3","PDPK1","TNNI3"
"JAK3","MAP3K14","TNNI3"
"JAK3","RPS6KA1","TNNI3"
"JAK3","SGK1","TNNI3"
"JAK3","IGF1R","TNNI3"
"JAK3","RAB1A","TNNI3"
"JAK3","PRKCZ","TNNI3"
"JAK3","TGFBR2","TNNI3"
"JAK3","AKT","TNNI3"
"JAK3","MAPK13","TNNI3"
"JAK3","PIK3CA","TNNI3"
"JAK3","LEPR","TNNI3"
"JAK3","AHSA1","TNNI3"
"JAK3","ROCK1","TNNI3"
"JAK3","RASSF1","TNNI3"
"JAK3","BTK","TNNI3"
"JAK3","SH2B1","TNNI3"
"JAK3","HSP90AB1","TNNI3"
"JAK3","SHOC2","TNNI3"
"JAK3","PTPN12","TNNI3"
"JAK3","PAK1","TNNI3"
"JAK3","TYK2","TNNI3"
"JAK3","ZAP70","TNNI3"
"JAK3","DUSP1","TNNI3"
"JAK3","GIT1","TNNI3"
"JAK3","RAB7A","TNNI3"
"JAK3","EPHA2","TNNI3"
"JAK3","AR","TNNI3"
"JAK3","DUSP3","TNNI3"
"JAK3","PRKCI","TNNI3"
"JAK3","PARD6A","TNNI3"
"JAK3","PTPRA","TNNI3"
"JAK3","PSTPIP1","TNNI3"
"JAK3","RHEB","TNNI3"
"JAK3","DAXX","TNNI3"
"JAK3","CCNE1","TNNI3"
"JAK3","IRS2","TNNI3"
"JAK3","SH2B2","TNNI3"
"JAK3","PPP2R5A","TNNI3"
"JAK3","CLK2","TNNI3"
"JAK3","MDM2","TNNI3"
"JAK3","PLCG1","TNNI3"
"JAK3","RUNX2","TNNI3"
"JAK3","PIK3C3","TNNI3"
"JAK3","RND1","TNNI3"
"JAK3","TIAM1","TNNI3"
"JAK3","WAC","TNNI3"
"JAK3","BANP","TNNI3"
"JAK3","DCTN6","TNNI3"
"JAK3","RGCC","TNNI3"
"JAK3","CTNNB1","ZRANB1"
"JAK3","PTEN","ZRANB1"
"JAK3","MAPK8","ZRANB1"
"JAK3","MTOR","ZRANB1"
"JAK3","KRAS","ZRANB1"
"JAK3","PTPRJ","ZRANB1"
"JAK3","TGFBR1","ZRANB1"
"JAK3","PRKCB","ZRANB1"
"JAK3","STK3","ZRANB1"
"JAK3","RAB1A","ZRANB1"
"JAK3","PAK2","ZRANB1"
"JAK3","RACK1","ZRANB1"
"JAK3","PIK3CA","ZRANB1"
"JAK3","LEPR","ZRANB1"
"JAK3","mTORC1","ZRANB1"
"JAK3","AHSA1","ZRANB1"
"JAK3","BTK","ZRANB1"
"JAK3","PTPN11","ZRANB1"
"JAK3","SGK3","ZRANB1"
"JAK3","PPP2R5C","ZRANB1"
"JAK3","TYK2","ZRANB1"
"JAK3","ZAP70","ZRANB1"
"JAK3","TRAF2","ZRANB1"
"JAK3","MAP2K4","ZRANB1"
"JAK3","EPHA2","ZRANB1"
"JAK3","AR","ZRANB1"
"JAK3","UNC5A","ZRANB1"
"JAK3","PARD6A","ZRANB1"
"JAK3","RHEB","ZRANB1"
"JAK3","INPP5D","ZRANB1"
"JAK3","PIK3R1","ZRANB1"
"JAK3","CCNE1","ZRANB1"
"JAK3","CDC42","ZRANB1"
"JAK3","PIK3CG","ZRANB1"
"JAK3","SH2B2","ZRANB1"
"JAK3","MDM2","ZRANB1"
"JAK3","SPRY2","ZRANB1"
"JAK3","SH2B3","ZRANB1"
"JAK3","BANP","ZRANB1"
"JAK3","CILK1","MITF"
"JAK3","AKT1","MITF"
"JAK3","RAC1","MITF"
"JAK3","MAP2K7","MITF"
"JAK3","PDPK1","MITF"
"JAK3","RPS6KA1","MITF"
"JAK3","PRKCZ","MITF"
"JAK3","HRAS","MITF"
"JAK3","MAPK13","MITF"
"JAK3","PIK3CA","MITF"
"JAK3","LEPR","MITF"
"JAK3","ROCK1","MITF"
"JAK3","BTK","MITF"
"JAK3","SHOC2","MITF"
"JAK3","PPP2R5C","MITF"
"JAK3","RAB7A","MITF"
"JAK3","EPHA2","MITF"
"JAK3","UNC5A","MITF"
"JAK3","PARD6A","MITF"
"JAK3","CCR2","MITF"
"JAK3","DUSP6","MITF"
"JAK3","INPP5D","MITF"
"JAK3","PIK3R1","MITF"
"JAK3","CDC42","MITF"
"JAK3","PIK3CG","MITF"
"JAK3","SH2B2","MITF"
"JAK3","PPP2R5A","MITF"
"JAK3","RUNX2","MITF"
"JAK3","PIK3C3","MITF"
"JAK3","RND1","MITF"
"JAK3","ACTN1","MITF"
"JAK3","RGCC","MITF"
"JAK3","PTEN","SIN3A"
"JAK3","MTOR","SIN3A"
"JAK3","KRAS","SIN3A"
"JAK3","MAP2K7","SIN3A"
"JAK3","PTPRJ","SIN3A"
"JAK3","PPP1CA","SIN3A"
"JAK3","MAP3K14","SIN3A"
"JAK3","RPS6KA1","SIN3A"
"JAK3","PRKCZ","SIN3A"
"JAK3","AKT","SIN3A"
"JAK3","RACK1","SIN3A"
"JAK3","MAPK13","SIN3A"
"JAK3","LEPR","SIN3A"
"JAK3","RPS6KA3","SIN3A"
"JAK3","RASSF1","SIN3A"
"JAK3","SGK3","SIN3A"
"JAK3","SH2B1","SIN3A"
"JAK3","HSP90AB1","SIN3A"
"JAK3","TYK2","SIN3A"
"JAK3","DUSP1","SIN3A"
"JAK3","MAP2K4","SIN3A"
"JAK3","DUSP3","SIN3A"
"JAK3","MAPK11","SIN3A"
"JAK3","UNC5A","SIN3A"
"JAK3","PRKCI","SIN3A"
"JAK3","PTPRA","SIN3A"
"JAK3","CCR2","SIN3A"
"JAK3","DUSP6","SIN3A"
"JAK3","INPP5D","SIN3A"
"JAK3","PIK3R1","SIN3A"
"JAK3","CCNE1","SIN3A"
"JAK3","CDC42","SIN3A"
"JAK3","SH2B2","SIN3A"
"JAK3","PPP2R5A","SIN3A"
"JAK3","CLK2","SIN3A"
"JAK3","MDM2","SIN3A"
"JAK3","SH2B3","SIN3A"
"JAK3","WAC","SIN3A"
"JAK3","ACTN1","SIN3A"
"JAK3","CHUK","LASP1"
"JAK3","CTNNB1","LASP1"
"JAK3","CILK1","LASP1"
"JAK3","PTEN","LASP1"
"JAK3","CSNK2A1","LASP1"
"JAK3","KRAS","LASP1"
"JAK3","MAP2K7","LASP1"
"JAK3","TGFBR1","LASP1"
"JAK3","RPS6KA1","LASP1"
"JAK3","IGF1R","LASP1"
"JAK3","RAB1A","LASP1"
"JAK3","PRKCZ","LASP1"
"JAK3","TGFBR2","LASP1"
"JAK3","HRAS","LASP1"
"JAK3","MAPK13","LASP1"
"JAK3","PIK3CA","LASP1"
"JAK3","LEPR","LASP1"
"JAK3","RPS6KA3","LASP1"
"JAK3","mTORC1","LASP1"
"JAK3","ROCK1","LASP1"
"JAK3","RASSF1","LASP1"
"JAK3","BTK","LASP1"
"JAK3","SH2B1","LASP1"
"JAK3","PAK1","LASP1"
"JAK3","DUSP1","LASP1"
"JAK3","GIT1","LASP1"
"JAK3","TRAF2","LASP1"
"JAK3","MAP2K4","LASP1"
"JAK3","RAB7A","LASP1"
"JAK3","EPHA2","LASP1"
"JAK3","NRAS","LASP1"
"JAK3","MAPK11","LASP1"
"JAK3","UNC5A","LASP1"
"JAK3","PRKCI","LASP1"
"JAK3","PARD6A","LASP1"
"JAK3","PTPRA","LASP1"
"JAK3","CCR2","LASP1"
"JAK3","RHEB","LASP1"
"JAK3","DAXX","LASP1"
"JAK3","INPP5D","LASP1"
"JAK3","PIK3R1","LASP1"
"JAK3","CDC42","LASP1"
"JAK3","PIK3CG","LASP1"
"JAK3","SH2B2","LASP1"
"JAK3","CLK2","LASP1"
"JAK3","YWHAE","LASP1"
"JAK3","SH2B3","LASP1"
"JAK3","PIK3C3","LASP1"
"JAK3","RND1","LASP1"
"JAK3","TIAM1","LASP1"
"JAK3","DCTN6","LASP1"
"JAK3","ACTN1","LASP1"
"JAK3","CILK1","PITPNM1"
"JAK3","PTEN","PITPNM1"
"JAK3","MTOR","PITPNM1"
"JAK3","AKT1","PITPNM1"
"JAK3","KRAS","PITPNM1"
"JAK3","PTPRJ","PITPNM1"
"JAK3","PPP1CA","PITPNM1"
"JAK3","PDPK1","PITPNM1"
"JAK3","RPS6KA1","PITPNM1"
"JAK3","IGF1R","PITPNM1"
"JAK3","RAB1A","PITPNM1"
"JAK3","PRKCZ","PITPNM1"
"JAK3","AKT","PITPNM1"
"JAK3","RACK1","PITPNM1"
"JAK3","HRAS","PITPNM1"
"JAK3","RPS6KA3","PITPNM1"
"JAK3","ROCK1","PITPNM1"
"JAK3","BTK","PITPNM1"
"JAK3","PAK1","PITPNM1"
"JAK3","MAP2K4","PITPNM1"
"JAK3","EPHA2","PITPNM1"
"JAK3","NRAS","PITPNM1"
"JAK3","AR","PITPNM1"
"JAK3","DUSP3","PITPNM1"
"JAK3","MAPK11","PITPNM1"
"JAK3","UNC5A","PITPNM1"
"JAK3","PARD6A","PITPNM1"
"JAK3","CCR2","PITPNM1"
"JAK3","INPP5D","PITPNM1"
"JAK3","CDC42","PITPNM1"
"JAK3","SH2B2","PITPNM1"
"JAK3","MDM2","PITPNM1"
"JAK3","YWHAE","PITPNM1"
"JAK3","BANP","PITPNM1"
"JAK3","ACTN1","PITPNM1"
"JAK3","CHUK","SIAH1"
"JAK3","CSNK2A1","SIAH1"
"JAK3","PLK1","SIAH1"
"JAK3","RAC1","SIAH1"
"JAK3","MAP2K7","SIAH1"
"JAK3","PPP1CA","SIAH1"
"JAK3","SGK1","SIAH1"
"JAK3","RAB1A","SIAH1"
"JAK3","PAK2","SIAH1"
"JAK3","RACK1","SIAH1"
"JAK3","PIK3CA","SIAH1"
"JAK3","LEPR","SIAH1"
"JAK3","mTORC1","SIAH1"
"JAK3","ROCK1","SIAH1"
"JAK3","SH2B1","SIAH1"
"JAK3","HSP90AB1","SIAH1"
"JAK3","SHOC2","SIAH1"
"JAK3","PAK1","SIAH1"
"JAK3","DUSP1","SIAH1"
"JAK3","GIT1","SIAH1"
"JAK3","TRAF2","SIAH1"
"JAK3","MAP2K4","SIAH1"
"JAK3","RAB7A","SIAH1"
"JAK3","EPHA2","SIAH1"
"JAK3","AR","SIAH1"
"JAK3","DUSP3","SIAH1"
"JAK3","MAPK11","SIAH1"
"JAK3","UNC5A","SIAH1"
"JAK3","PRKCI","SIAH1"
"JAK3","CCR2","SIAH1"
"JAK3","PSTPIP1","SIAH1"
"JAK3","RHEB","SIAH1"
"JAK3","DAXX","SIAH1"
"JAK3","DUSP6","SIAH1"
"JAK3","PIK3R1","SIAH1"
"JAK3","PIK3CG","SIAH1"
"JAK3","MDM2","SIAH1"
"JAK3","PLCG1","SIAH1"
"JAK3","SPRY2","SIAH1"
"JAK3","RUNX2","SIAH1"
"JAK3","PIK3C3","SIAH1"
"JAK3","TIAM1","SIAH1"
"JAK3","BANP","SIAH1"
"JAK3","DCTN6","SIAH1"
"JAK3","CTNNB1","TPPP"
"JAK3","MAPK8","TPPP"
"JAK3","AKT1","TPPP"
"JAK3","CSNK2A1","TPPP"
"JAK3","PLK1","TPPP"
"JAK3","MAP2K7","TPPP"
"JAK3","PPP1CA","TPPP"
"JAK3","PDPK1","TPPP"
"JAK3","MAP3K14","TPPP"
"JAK3","PRKCB","TPPP"
"JAK3","PRKCZ","TPPP"
"JAK3","TGFBR2","TPPP"
"JAK3","AKT","TPPP"
"JAK3","HRAS","TPPP"
"JAK3","RASSF1","TPPP"
"JAK3","BTK","TPPP"
"JAK3","SGK3","TPPP"
"JAK3","SH2B1","TPPP"
"JAK3","HSP90AB1","TPPP"
"JAK3","SHOC2","TPPP"
"JAK3","PTPN12","TPPP"
"JAK3","PAK1","TPPP"
"JAK3","DUSP1","TPPP"
"JAK3","EPHA2","TPPP"
"JAK3","UNC5A","TPPP"
"JAK3","PARD6A","TPPP"
"JAK3","CCNE1","TPPP"
"JAK3","SH2B2","TPPP"
"JAK3","CLK2","TPPP"
"JAK3","WAC","TPPP"
"JAK3","DCTN6","TPPP"
"JAK3","ACTN1","TPPP"
"JAK3","RGCC","TPPP"
"JAK3","CTNNB1","GNA14"
"JAK3","PTEN","GNA14"
"JAK3","MTOR","GNA14"
"JAK3","KRAS","GNA14"
"JAK3","RAC1","GNA14"
"JAK3","PTPRJ","GNA14"
"JAK3","TGFBR1","GNA14"
"JAK3","PPP1CA","GNA14"
"JAK3","IGF1R","GNA14"
"JAK3","PRKCB","GNA14"
"JAK3","TGFBR2","GNA14"
"JAK3","HRAS","GNA14"
"JAK3","LEPR","GNA14"
"JAK3","RPS6KA3","GNA14"
"JAK3","mTORC1","GNA14"
"JAK3","AHSA1","GNA14"
"JAK3","BTK","GNA14"
"JAK3","SGK3","GNA14"
"JAK3","SH2B1","GNA14"
"JAK3","SHOC2","GNA14"
"JAK3","PPP2R5C","GNA14"
"JAK3","PAK1","GNA14"
"JAK3","TYK2","GNA14"
"JAK3","ZAP70","GNA14"
"JAK3","DUSP1","GNA14"
"JAK3","TRAF2","GNA14"
"JAK3","MAP2K4","GNA14"
"JAK3","EPHA2","GNA14"
"JAK3","AR","GNA14"
"JAK3","MAPK11","GNA14"
"JAK3","UNC5A","GNA14"
"JAK3","PARD6A","GNA14"
"JAK3","CCR2","GNA14"
"JAK3","PSTPIP1","GNA14"
"JAK3","RHEB","GNA14"
"JAK3","DAXX","GNA14"
"JAK3","DUSP6","GNA14"
"JAK3","INPP5D","GNA14"
"JAK3","PIK3CG","GNA14"
"JAK3","SH2B2","GNA14"
"JAK3","PPP2R5A","GNA14"
"JAK3","YWHAE","GNA14"
"JAK3","PLCG1","GNA14"
"JAK3","RND1","GNA14"
"JAK3","TIAM1","GNA14"
"JAK3","WAC","GNA14"
"JAK3","BANP","GNA14"
"JAK3","ACTN1","GNA14"
"JAK3","RGCC","GNA14"
"JAK3","CHUK","ACOT4"
"JAK3","CILK1","ACOT4"
"JAK3","PTEN","ACOT4"
"JAK3","AKT1","ACOT4"
"JAK3","CSNK2A1","ACOT4"
"JAK3","PLK1","ACOT4"
"JAK3","KRAS","ACOT4"
"JAK3","RAC1","ACOT4"
"JAK3","MAP2K7","ACOT4"
"JAK3","TGFBR1","ACOT4"
"JAK3","PPP1CA","ACOT4"
"JAK3","PDPK1","ACOT4"
"JAK3","MAP3K14","ACOT4"
"JAK3","RPS6KA1","ACOT4"
"JAK3","SGK1","ACOT4"
"JAK3","STK3","ACOT4"
"JAK3","RAB1A","ACOT4"
"JAK3","PRKCZ","ACOT4"
"JAK3","PAK2","ACOT4"
"JAK3","AKT","ACOT4"
"JAK3","RACK1","ACOT4"
"JAK3","HRAS","ACOT4"
"JAK3","MAPK13","ACOT4"
"JAK3","PIK3CA","ACOT4"
"JAK3","RPS6KA3","ACOT4"
"JAK3","mTORC1","ACOT4"
"JAK3","AHSA1","ACOT4"
"JAK3","RASSF1","ACOT4"
"JAK3","PTPN11","ACOT4"
"JAK3","PAK1","ACOT4"
"JAK3","TYK2","ACOT4"
"JAK3","DUSP1","ACOT4"
"JAK3","GIT1","ACOT4"
"JAK3","RAB7A","ACOT4"
"JAK3","NRAS","ACOT4"
"JAK3","DUSP3","ACOT4"
"JAK3","MAPK11","ACOT4"
"JAK3","PTPRA","ACOT4"
"JAK3","RHEB","ACOT4"
"JAK3","DUSP6","ACOT4"
"JAK3","INPP5D","ACOT4"
"JAK3","PIK3R1","ACOT4"
"JAK3","CDC42","ACOT4"
"JAK3","PIK3CG","ACOT4"
"JAK3","CLK2","ACOT4"
"JAK3","MDM2","ACOT4"
"JAK3","WAC","ACOT4"
"JAK3","PTEN","CASP9"
"JAK3","CSNK2A1","CASP9"
"JAK3","PLK1","CASP9"
"JAK3","KRAS","CASP9"
"JAK3","RAC1","CASP9"
"JAK3","MAP2K7","CASP9"
"JAK3","PTPRJ","CASP9"
"JAK3","TGFBR1","CASP9"
"JAK3","PPP1CA","CASP9"
"JAK3","PDPK1","CASP9"
"JAK3","MAP3K14","CASP9"
"JAK3","RPS6KA1","CASP9"
"JAK3","SGK1","CASP9"
"JAK3","IGF1R","CASP9"
"JAK3","PRKCB","CASP9"
"JAK3","STK3","CASP9"
"JAK3","RAB1A","CASP9"
"JAK3","PRKCZ","CASP9"
"JAK3","PAK2","CASP9"
"JAK3","AKT","CASP9"
"JAK3","RACK1","CASP9"
"JAK3","MAPK13","CASP9"
"JAK3","LEPR","CASP9"
"JAK3","RPS6KA3","CASP9"
"JAK3","mTORC1","CASP9"
"JAK3","ROCK1","CASP9"
"JAK3","RASSF1","CASP9"
"JAK3","BTK","CASP9"
"JAK3","SH2B1","CASP9"
"JAK3","HSP90AB1","CASP9"
"JAK3","SHOC2","CASP9"
"JAK3","PTPN12","CASP9"
"JAK3","PPP2R5C","CASP9"
"JAK3","PAK1","CASP9"
"JAK3","ZAP70","CASP9"
"JAK3","GIT1","CASP9"
"JAK3","TRAF2","CASP9"
"JAK3","MAP2K4","CASP9"
"JAK3","RAB7A","CASP9"
"JAK3","NRAS","CASP9"
"JAK3","MAPK11","CASP9"
"JAK3","RHEB","CASP9"
"JAK3","DAXX","CASP9"
"JAK3","DUSP6","CASP9"
"JAK3","PIK3R1","CASP9"
"JAK3","CCNE1","CASP9"
"JAK3","IRS2","CASP9"
"JAK3","CDC42","CASP9"
"JAK3","PIK3CG","CASP9"
"JAK3","CLK2","CASP9"
"JAK3","MDM2","CASP9"
"JAK3","YWHAE","CASP9"
"JAK3","RUNX2","CASP9"
"JAK3","SH2B3","CASP9"
"JAK3","PIK3C3","CASP9"
"JAK3","RND1","CASP9"
"JAK3","TIAM1","CASP9"
"JAK3","BANP","CASP9"
"JAK3","CTNNB1","NOS3"
"JAK3","CILK1","NOS3"
"JAK3","PTEN","NOS3"
"JAK3","MAPK8","NOS3"
"JAK3","MTOR","NOS3"
"JAK3","AKT1","NOS3"
"JAK3","RAC1","NOS3"
"JAK3","RPS6KA1","NOS3"
"JAK3","SGK1","NOS3"
"JAK3","IGF1R","NOS3"
"JAK3","TGFBR2","NOS3"
"JAK3","PAK2","NOS3"
"JAK3","HRAS","NOS3"
"JAK3","MAPK13","NOS3"
"JAK3","PIK3CA","NOS3"
"JAK3","RPS6KA3","NOS3"
"JAK3","mTORC1","NOS3"
"JAK3","ROCK1","NOS3"
"JAK3","BTK","NOS3"
"JAK3","SGK3","NOS3"
"JAK3","SHOC2","NOS3"
"JAK3","PAK1","NOS3"
"JAK3","GIT1","NOS3"
"JAK3","TRAF2","NOS3"
"JAK3","RAB7A","NOS3"
"JAK3","EPHA2","NOS3"
"JAK3","NRAS","NOS3"
"JAK3","UNC5A","NOS3"
"JAK3","PTPRA","NOS3"
"JAK3","CCR2","NOS3"
"JAK3","PSTPIP1","NOS3"
"JAK3","RHEB","NOS3"
"JAK3","PIK3R1","NOS3"
"JAK3","CCNE1","NOS3"
"JAK3","CDC42","NOS3"
"JAK3","SH2B2","NOS3"
"JAK3","CLK2","NOS3"
"JAK3","MDM2","NOS3"
"JAK3","YWHAE","NOS3"
"JAK3","PLCG1","NOS3"
"JAK3","PIK3C3","NOS3"
"JAK3","RND1","NOS3"
"JAK3","DCTN6","NOS3"
"JAK3","RGCC","NOS3"
"JAK3","CHUK","XPO5"
"JAK3","PTEN","XPO5"
"JAK3","MAPK8","XPO5"
"JAK3","CSNK2A1","XPO5"
"JAK3","PLK1","XPO5"
"JAK3","RAC1","XPO5"
"JAK3","RPS6KA1","XPO5"
"JAK3","STK3","XPO5"
"JAK3","PRKCZ","XPO5"
"JAK3","RACK1","XPO5"
"JAK3","LEPR","XPO5"
"JAK3","RPS6KA3","XPO5"
"JAK3","mTORC1","XPO5"
"JAK3","AHSA1","XPO5"
"JAK3","RASSF1","XPO5"
"JAK3","PTPN11","XPO5"
"JAK3","SGK3","XPO5"
"JAK3","HSP90AB1","XPO5"
"JAK3","ZAP70","XPO5"
"JAK3","DUSP1","XPO5"
"JAK3","MAP2K4","XPO5"
"JAK3","RAB7A","XPO5"
"JAK3","EPHA2","XPO5"
"JAK3","NRAS","XPO5"
"JAK3","AR","XPO5"
"JAK3","MAPK11","XPO5"
"JAK3","PARD6A","XPO5"
"JAK3","PIK3R1","XPO5"
"JAK3","PIK3CG","XPO5"
"JAK3","CLK2","XPO5"
"JAK3","MDM2","XPO5"
"JAK3","YWHAE","XPO5"
"JAK3","PLCG1","XPO5"
"JAK3","SPRY2","XPO5"
"JAK3","RUNX2","XPO5"
"JAK3","SH2B3","XPO5"
"JAK3","PIK3C3","XPO5"
"JAK3","RND1","XPO5"
"JAK3","TIAM1","XPO5"
"JAK3","BANP","XPO5"
"JAK3","ACTN1","XPO5"
"JAK3","CHUK","CDC6"
"JAK3","KRAS","CDC6"
"JAK3","MAP2K7","CDC6"
"JAK3","PRKCB","CDC6"
"JAK3","TGFBR2","CDC6"
"JAK3","AHSA1","CDC6"
"JAK3","ROCK1","CDC6"
"JAK3","SGK3","CDC6"
"JAK3","SH2B1","CDC6"
"JAK3","SHOC2","CDC6"
"JAK3","PPP2R5C","CDC6"
"JAK3","PAK1","CDC6"
"JAK3","TYK2","CDC6"
"JAK3","RAB7A","CDC6"
"JAK3","EPHA2","CDC6"
"JAK3","AR","CDC6"
"JAK3","CCR2","CDC6"
"JAK3","PSTPIP1","CDC6"
"JAK3","PIK3R1","CDC6"
"JAK3","PIK3CG","CDC6"
"JAK3","CLK2","CDC6"
"JAK3","MDM2","CDC6"
"JAK3","YWHAE","CDC6"
"JAK3","PLCG1","CDC6"
"JAK3","RND1","CDC6"
"JAK3","WAC","CDC6"
"JAK3","BANP","CDC6"
"JAK3","ACTN1","CDC6"
"JAK3","RGCC","CDC6"
"JAK3","CILK1","TEAD4"
"JAK3","PTEN","TEAD4"
"JAK3","MTOR","TEAD4"
"JAK3","AKT1","TEAD4"
"JAK3","PLK1","TEAD4"
"JAK3","KRAS","TEAD4"
"JAK3","RAC1","TEAD4"
"JAK3","MAP2K7","TEAD4"
"JAK3","PTPRJ","TEAD4"
"JAK3","TGFBR1","TEAD4"
"JAK3","MAP3K14","TEAD4"
"JAK3","RPS6KA1","TEAD4"
"JAK3","PRKCB","TEAD4"
"JAK3","RAB1A","TEAD4"
"JAK3","PRKCZ","TEAD4"
"JAK3","PAK2","TEAD4"
"JAK3","AKT","TEAD4"
"JAK3","RACK1","TEAD4"
"JAK3","MAPK13","TEAD4"
"JAK3","PIK3CA","TEAD4"
"JAK3","LEPR","TEAD4"
"JAK3","mTORC1","TEAD4"
"JAK3","ROCK1","TEAD4"
"JAK3","RASSF1","TEAD4"
"JAK3","BTK","TEAD4"
"JAK3","SGK3","TEAD4"
"JAK3","SH2B1","TEAD4"
"JAK3","SHOC2","TEAD4"
"JAK3","PTPN12","TEAD4"
"JAK3","PPP2R5C","TEAD4"
"JAK3","TYK2","TEAD4"
"JAK3","DUSP1","TEAD4"
"JAK3","GIT1","TEAD4"
"JAK3","TRAF2","TEAD4"
"JAK3","MAP2K4","TEAD4"
"JAK3","AR","TEAD4"
"JAK3","DUSP3","TEAD4"
"JAK3","MAPK11","TEAD4"
"JAK3","UNC5A","TEAD4"
"JAK3","CCR2","TEAD4"
"JAK3","PSTPIP1","TEAD4"
"JAK3","RHEB","TEAD4"
"JAK3","DAXX","TEAD4"
"JAK3","DUSP6","TEAD4"
"JAK3","INPP5D","TEAD4"
"JAK3","IRS2","TEAD4"
"JAK3","CDC42","TEAD4"
"JAK3","PIK3CG","TEAD4"
"JAK3","YWHAE","TEAD4"
"JAK3","PLCG1","TEAD4"
"JAK3","SPRY2","TEAD4"
"JAK3","PIK3C3","TEAD4"
"JAK3","RND1","TEAD4"
"JAK3","TIAM1","TEAD4"
"JAK3","WAC","TEAD4"
"JAK3","DCTN6","TEAD4"
"JAK3","ACTN1","TEAD4"
"JAK3","RGCC","TEAD4"
"JAK3","CHUK","ADD2"
"JAK3","CILK1","ADD2"
"JAK3","PTEN","ADD2"
"JAK3","MTOR","ADD2"
"JAK3","AKT1","ADD2"
"JAK3","CSNK2A1","ADD2"
"JAK3","MAP2K7","ADD2"
"JAK3","PTPRJ","ADD2"
"JAK3","PPP1CA","ADD2"
"JAK3","PDPK1","ADD2"
"JAK3","MAP3K14","ADD2"
"JAK3","SGK1","ADD2"
"JAK3","IGF1R","ADD2"
"JAK3","STK3","ADD2"
"JAK3","RAB1A","ADD2"
"JAK3","PRKCZ","ADD2"
"JAK3","TGFBR2","ADD2"
"JAK3","AKT","ADD2"
"JAK3","HRAS","ADD2"
"JAK3","MAPK13","ADD2"
"JAK3","mTORC1","ADD2"
"JAK3","ROCK1","ADD2"
"JAK3","BTK","ADD2"
"JAK3","SH2B1","ADD2"
"JAK3","PTPN12","ADD2"
"JAK3","PPP2R5C","ADD2"
"JAK3","PAK1","ADD2"
"JAK3","TYK2","ADD2"
"JAK3","ZAP70","ADD2"
"JAK3","GIT1","ADD2"
"JAK3","MAP2K4","ADD2"
"JAK3","NRAS","ADD2"
"JAK3","AR","ADD2"
"JAK3","DUSP3","ADD2"
"JAK3","PTPRA","ADD2"
"JAK3","INPP5D","ADD2"
"JAK3","CDC42","ADD2"
"JAK3","RUNX2","ADD2"
"JAK3","PIK3C3","ADD2"
"JAK3","BANP","ADD2"
"JAK3","MAPK8","SLC1A6"
"JAK3","MTOR","SLC1A6"
"JAK3","AKT1","SLC1A6"
"JAK3","RAC1","SLC1A6"
"JAK3","PTPRJ","SLC1A6"
"JAK3","RPS6KA1","SLC1A6"
"JAK3","IGF1R","SLC1A6"
"JAK3","AKT","SLC1A6"
"JAK3","RACK1","SLC1A6"
"JAK3","LEPR","SLC1A6"
"JAK3","ROCK1","SLC1A6"
"JAK3","BTK","SLC1A6"
"JAK3","SH2B1","SLC1A6"
"JAK3","HSP90AB1","SLC1A6"
"JAK3","SHOC2","SLC1A6"
"JAK3","PAK1","SLC1A6"
"JAK3","TYK2","SLC1A6"
"JAK3","ZAP70","SLC1A6"
"JAK3","AR","SLC1A6"
"JAK3","DUSP3","SLC1A6"
"JAK3","MAPK11","SLC1A6"
"JAK3","PRKCI","SLC1A6"
"JAK3","PTPRA","SLC1A6"
"JAK3","CCR2","SLC1A6"
"JAK3","PSTPIP1","SLC1A6"
"JAK3","DUSP6","SLC1A6"
"JAK3","INPP5D","SLC1A6"
"JAK3","PIK3R1","SLC1A6"
"JAK3","IRS2","SLC1A6"
"JAK3","CDC42","SLC1A6"
"JAK3","PIK3CG","SLC1A6"
"JAK3","CLK2","SLC1A6"
"JAK3","MDM2","SLC1A6"
"JAK3","YWHAE","SLC1A6"
"JAK3","RUNX2","SLC1A6"
"JAK3","PIK3C3","SLC1A6"
"JAK3","RND1","SLC1A6"
"JAK3","DCTN6","SLC1A6"
"JAK3","ACTN1","SLC1A6"
"JAK3","CHUK","SRF"
"JAK3","CTNNB1","SRF"
"JAK3","CILK1","SRF"
"JAK3","PTEN","SRF"
"JAK3","AKT1","SRF"
"JAK3","KRAS","SRF"
"JAK3","RAC1","SRF"
"JAK3","MAP2K7","SRF"
"JAK3","MAP3K14","SRF"
"JAK3","RPS6KA1","SRF"
"JAK3","IGF1R","SRF"
"JAK3","STK3","SRF"
"JAK3","PRKCZ","SRF"
"JAK3","TGFBR2","SRF"
"JAK3","PAK2","SRF"
"JAK3","AKT","SRF"
"JAK3","PIK3CA","SRF"
"JAK3","LEPR","SRF"
"JAK3","AHSA1","SRF"
"JAK3","ROCK1","SRF"
"JAK3","RASSF1","SRF"
"JAK3","BTK","SRF"
"JAK3","SGK3","SRF"
"JAK3","SH2B1","SRF"
"JAK3","PTPN12","SRF"
"JAK3","PPP2R5C","SRF"
"JAK3","PAK1","SRF"
"JAK3","ZAP70","SRF"
"JAK3","TRAF2","SRF"
"JAK3","MAP2K4","SRF"
"JAK3","RAB7A","SRF"
"JAK3","AR","SRF"
"JAK3","DUSP3","SRF"
"JAK3","PARD6A","SRF"
"JAK3","PTPRA","SRF"
"JAK3","CCR2","SRF"
"JAK3","PSTPIP1","SRF"
"JAK3","DAXX","SRF"
"JAK3","DUSP6","SRF"
"JAK3","INPP5D","SRF"
"JAK3","PIK3R1","SRF"
"JAK3","CCNE1","SRF"
"JAK3","PIK3CG","SRF"
"JAK3","SH2B2","SRF"
"JAK3","CLK2","SRF"
"JAK3","MDM2","SRF"
"JAK3","YWHAE","SRF"
"JAK3","SPRY2","SRF"
"JAK3","RUNX2","SRF"
"JAK3","RND1","SRF"
"JAK3","TIAM1","SRF"
"JAK3","WAC","SRF"
"JAK3","DCTN6","SRF"
"JAK3","RGCC","SRF"
"JAK3","CHUK","CD3E"
"JAK3","CTNNB1","CD3E"
"JAK3","MAPK8","CD3E"
"JAK3","AKT1","CD3E"
"JAK3","PLK1","CD3E"
"JAK3","TGFBR1","CD3E"
"JAK3","PPP1CA","CD3E"
"JAK3","PDPK1","CD3E"
"JAK3","MAP3K14","CD3E"
"JAK3","RPS6KA1","CD3E"
"JAK3","IGF1R","CD3E"
"JAK3","STK3","CD3E"
"JAK3","TGFBR2","CD3E"
"JAK3","PAK2","CD3E"
"JAK3","AKT","CD3E"
"JAK3","LEPR","CD3E"
"JAK3","BTK","CD3E"
"JAK3","HSP90AB1","CD3E"
"JAK3","TYK2","CD3E"
"JAK3","DUSP1","CD3E"
"JAK3","MAP2K4","CD3E"
"JAK3","EPHA2","CD3E"
"JAK3","UNC5A","CD3E"
"JAK3","PTPRA","CD3E"
"JAK3","DAXX","CD3E"
"JAK3","DUSP6","CD3E"
"JAK3","INPP5D","CD3E"
"JAK3","CDC42","CD3E"
"JAK3","PIK3CG","CD3E"
"JAK3","SH2B2","CD3E"
"JAK3","SPRY2","CD3E"
"JAK3","SH2B3","CD3E"
"JAK3","PIK3C3","CD3E"
"JAK3","RND1","CD3E"
"JAK3","RGCC","CD3E"
"JAK3","MAPK8","TP73"
"JAK3","MTOR","TP73"
"JAK3","PLK1","TP73"
"JAK3","MAP2K7","TP73"
"JAK3","PTPRJ","TP73"
"JAK3","TGFBR1","TP73"
"JAK3","PPP1CA","TP73"
"JAK3","RPS6KA1","TP73"
"JAK3","SGK1","TP73"
"JAK3","IGF1R","TP73"
"JAK3","RAB1A","TP73"
"JAK3","PRKCZ","TP73"
"JAK3","TGFBR2","TP73"
"JAK3","MAPK13","TP73"
"JAK3","mTORC1","TP73"
"JAK3","ROCK1","TP73"
"JAK3","SGK3","TP73"
"JAK3","SH2B1","TP73"
"JAK3","PPP2R5C","TP73"
"JAK3","GIT1","TP73"
"JAK3","MAP2K4","TP73"
"JAK3","CCR2","TP73"
"JAK3","PSTPIP1","TP73"
"JAK3","RHEB","TP73"
"JAK3","DAXX","TP73"
"JAK3","CCNE1","TP73"
"JAK3","CDC42","TP73"
"JAK3","MDM2","TP73"
"JAK3","PLCG1","TP73"
"JAK3","WAC","TP73"
"JAK3","BANP","TP73"
"JAK3","CHUK","HCN2"
"JAK3","MAPK8","HCN2"
"JAK3","PLK1","HCN2"
"JAK3","KRAS","HCN2"
"JAK3","RAC1","HCN2"
"JAK3","TGFBR1","HCN2"
"JAK3","PPP1CA","HCN2"
"JAK3","PDPK1","HCN2"
"JAK3","MAP3K14","HCN2"
"JAK3","RPS6KA1","HCN2"
"JAK3","SGK1","HCN2"
"JAK3","IGF1R","HCN2"
"JAK3","PRKCB","HCN2"
"JAK3","STK3","HCN2"
"JAK3","RAB1A","HCN2"
"JAK3","AKT","HCN2"
"JAK3","RACK1","HCN2"
"JAK3","MAPK13","HCN2"
"JAK3","RPS6KA3","HCN2"
"JAK3","mTORC1","HCN2"
"JAK3","AHSA1","HCN2"
"JAK3","BTK","HCN2"
"JAK3","SGK3","HCN2"
"JAK3","SH2B1","HCN2"
"JAK3","PTPN12","HCN2"
"JAK3","PPP2R5C","HCN2"
"JAK3","TYK2","HCN2"
"JAK3","DUSP1","HCN2"
"JAK3","GIT1","HCN2"
"JAK3","TRAF2","HCN2"
"JAK3","MAP2K4","HCN2"
"JAK3","RAB7A","HCN2"
"JAK3","AR","HCN2"
"JAK3","DUSP3","HCN2"
"JAK3","UNC5A","HCN2"
"JAK3","PRKCI","HCN2"
"JAK3","CCR2","HCN2"
"JAK3","PSTPIP1","HCN2"
"JAK3","DAXX","HCN2"
"JAK3","DUSP6","HCN2"
"JAK3","INPP5D","HCN2"
"JAK3","PIK3R1","HCN2"
"JAK3","CCNE1","HCN2"
"JAK3","PIK3CG","HCN2"
"JAK3","SH2B2","HCN2"
"JAK3","YWHAE","HCN2"
"JAK3","SPRY2","HCN2"
"JAK3","SH2B3","HCN2"
"JAK3","WAC","HCN2"
"JAK3","BANP","HCN2"
"JAK3","DCTN6","HCN2"
"JAK3","ACTN1","HCN2"
"JAK3","RGCC","HCN2"
"JAK3","CHUK","PIKFYVE"
"JAK3","CILK1","PIKFYVE"
"JAK3","MAPK8","PIKFYVE"
"JAK3","PLK1","PIKFYVE"
"JAK3","KRAS","PIKFYVE"
"JAK3","PPP1CA","PIKFYVE"
"JAK3","MAP3K14","PIKFYVE"
"JAK3","SGK1","PIKFYVE"
"JAK3","PRKCZ","PIKFYVE"
"JAK3","TGFBR2","PIKFYVE"
"JAK3","RACK1","PIKFYVE"
"JAK3","HRAS","PIKFYVE"
"JAK3","LEPR","PIKFYVE"
"JAK3","ROCK1","PIKFYVE"
"JAK3","SGK3","PIKFYVE"
"JAK3","HSP90AB1","PIKFYVE"
"JAK3","ZAP70","PIKFYVE"
"JAK3","GIT1","PIKFYVE"
"JAK3","MAP2K4","PIKFYVE"
"JAK3","EPHA2","PIKFYVE"
"JAK3","NRAS","PIKFYVE"
"JAK3","DUSP3","PIKFYVE"
"JAK3","CCR2","PIKFYVE"
"JAK3","DUSP6","PIKFYVE"
"JAK3","INPP5D","PIKFYVE"
"JAK3","CCNE1","PIKFYVE"
"JAK3","CDC42","PIKFYVE"
"JAK3","SH2B2","PIKFYVE"
"JAK3","CLK2","PIKFYVE"
"JAK3","MDM2","PIKFYVE"
"JAK3","SPRY2","PIKFYVE"
"JAK3","RUNX2","PIKFYVE"
"JAK3","SH2B3","PIKFYVE"
"JAK3","RND1","PIKFYVE"
"JAK3","TIAM1","PIKFYVE"
"JAK3","WAC","PIKFYVE"
"JAK3","BANP","PIKFYVE"
"JAK3","ACTN1","PIKFYVE"
"JAK3","RGCC","PIKFYVE"
"JAK3","CHUK","CRTC1"
"JAK3","CTNNB1","CRTC1"
"JAK3","CILK1","CRTC1"
"JAK3","PTEN","CRTC1"
"JAK3","MTOR","CRTC1"
"JAK3","CSNK2A1","CRTC1"
"JAK3","PLK1","CRTC1"
"JAK3","RAC1","CRTC1"
"JAK3","MAP2K7","CRTC1"
"JAK3","PTPRJ","CRTC1"
"JAK3","TGFBR1","CRTC1"
"JAK3","PPP1CA","CRTC1"
"JAK3","RPS6KA1","CRTC1"
"JAK3","IGF1R","CRTC1"
"JAK3","PRKCB","CRTC1"
"JAK3","STK3","CRTC1"
"JAK3","RAB1A","CRTC1"
"JAK3","PRKCZ","CRTC1"
"JAK3","TGFBR2","CRTC1"
"JAK3","AKT","CRTC1"
"JAK3","HRAS","CRTC1"
"JAK3","PIK3CA","CRTC1"
"JAK3","RPS6KA3","CRTC1"
"JAK3","mTORC1","CRTC1"
"JAK3","AHSA1","CRTC1"
"JAK3","RASSF1","CRTC1"
"JAK3","BTK","CRTC1"
"JAK3","PTPN12","CRTC1"
"JAK3","PPP2R5C","CRTC1"
"JAK3","GIT1","CRTC1"
"JAK3","MAP2K4","CRTC1"
"JAK3","EPHA2","CRTC1"
"JAK3","NRAS","CRTC1"
"JAK3","AR","CRTC1"
"JAK3","DUSP3","CRTC1"
"JAK3","MAPK11","CRTC1"
"JAK3","PARD6A","CRTC1"
"JAK3","PTPRA","CRTC1"
"JAK3","CCR2","CRTC1"
"JAK3","RHEB","CRTC1"
"JAK3","DAXX","CRTC1"
"JAK3","INPP5D","CRTC1"
"JAK3","PIK3R1","CRTC1"
"JAK3","IRS2","CRTC1"
"JAK3","CDC42","CRTC1"
"JAK3","PIK3CG","CRTC1"
"JAK3","SH2B2","CRTC1"
"JAK3","PPP2R5A","CRTC1"
"JAK3","CLK2","CRTC1"
"JAK3","MDM2","CRTC1"
"JAK3","YWHAE","CRTC1"
"JAK3","SPRY2","CRTC1"
"JAK3","RUNX2","CRTC1"
"JAK3","DCTN6","CRTC1"
"JAK3","CHUK","CBLL1"
"JAK3","CTNNB1","CBLL1"
"JAK3","MTOR","CBLL1"
"JAK3","AKT1","CBLL1"
"JAK3","CSNK2A1","CBLL1"
"JAK3","PLK1","CBLL1"
"JAK3","KRAS","CBLL1"
"JAK3","RAC1","CBLL1"
"JAK3","MAP2K7","CBLL1"
"JAK3","PPP1CA","CBLL1"
"JAK3","MAP3K14","CBLL1"
"JAK3","RPS6KA1","CBLL1"
"JAK3","IGF1R","CBLL1"
"JAK3","PRKCB","CBLL1"
"JAK3","STK3","CBLL1"
"JAK3","PRKCZ","CBLL1"
"JAK3","TGFBR2","CBLL1"
"JAK3","PAK2","CBLL1"
"JAK3","RACK1","CBLL1"
"JAK3","MAPK13","CBLL1"
"JAK3","LEPR","CBLL1"
"JAK3","mTORC1","CBLL1"
"JAK3","AHSA1","CBLL1"
"JAK3","ROCK1","CBLL1"
"JAK3","SGK3","CBLL1"
"JAK3","SH2B1","CBLL1"
"JAK3","PAK1","CBLL1"
"JAK3","GIT1","CBLL1"
"JAK3","EPHA2","CBLL1"
"JAK3","DUSP3","CBLL1"
"JAK3","UNC5A","CBLL1"
"JAK3","PARD6A","CBLL1"
"JAK3","PTPRA","CBLL1"
"JAK3","CCR2","CBLL1"
"JAK3","PSTPIP1","CBLL1"
"JAK3","DAXX","CBLL1"
"JAK3","DUSP6","CBLL1"
"JAK3","INPP5D","CBLL1"
"JAK3","PIK3R1","CBLL1"
"JAK3","CCNE1","CBLL1"
"JAK3","IRS2","CBLL1"
"JAK3","PIK3CG","CBLL1"
"JAK3","PPP2R5A","CBLL1"
"JAK3","CLK2","CBLL1"
"JAK3","YWHAE","CBLL1"
"JAK3","SPRY2","CBLL1"
"JAK3","RUNX2","CBLL1"
"JAK3","SH2B3","CBLL1"
"JAK3","PIK3C3","CBLL1"
"JAK3","TIAM1","CBLL1"
"JAK3","WAC","CBLL1"
"JAK3","BANP","CBLL1"
"JAK3","ACTN1","CBLL1"
"JAK3","CHUK","ECT2"
"JAK3","CTNNB1","ECT2"
"JAK3","CILK1","ECT2"
"JAK3","PTEN","ECT2"
"JAK3","MTOR","ECT2"
"JAK3","AKT1","ECT2"
"JAK3","CSNK2A1","ECT2"
"JAK3","KRAS","ECT2"
"JAK3","MAP2K7","ECT2"
"JAK3","PTPRJ","ECT2"
"JAK3","TGFBR1","ECT2"
"JAK3","PPP1CA","ECT2"
"JAK3","PDPK1","ECT2"
"JAK3","MAP3K14","ECT2"
"JAK3","RPS6KA1","ECT2"
"JAK3","PRKCB","ECT2"
"JAK3","STK3","ECT2"
"JAK3","RAB1A","ECT2"
"JAK3","TGFBR2","ECT2"
"JAK3","PAK2","ECT2"
"JAK3","AKT","ECT2"
"JAK3","RACK1","ECT2"
"JAK3","HRAS","ECT2"
"JAK3","MAPK13","ECT2"
"JAK3","RPS6KA3","ECT2"
"JAK3","mTORC1","ECT2"
"JAK3","RASSF1","ECT2"
"JAK3","SHOC2","ECT2"
"JAK3","PAK1","ECT2"
"JAK3","ZAP70","ECT2"
"JAK3","DUSP1","ECT2"
"JAK3","GIT1","ECT2"
"JAK3","EPHA2","ECT2"
"JAK3","NRAS","ECT2"
"JAK3","AR","ECT2"
"JAK3","DUSP3","ECT2"
"JAK3","PRKCI","ECT2"
"JAK3","PARD6A","ECT2"
"JAK3","PTPRA","ECT2"
"JAK3","CCR2","ECT2"
"JAK3","PSTPIP1","ECT2"
"JAK3","RHEB","ECT2"
"JAK3","DUSP6","ECT2"
"JAK3","CCNE1","ECT2"
"JAK3","IRS2","ECT2"
"JAK3","CLK2","ECT2"
"JAK3","MDM2","ECT2"
"JAK3","PIK3C3","ECT2"
"JAK3","TIAM1","ECT2"
"JAK3","DCTN6","ECT2"
"JAK3","ACTN1","ECT2"
"JAK3","RGCC","ECT2"
"JAK3","PTEN","PDE3B"
"JAK3","MAPK8","PDE3B"
"JAK3","MTOR","PDE3B"
"JAK3","PLK1","PDE3B"
"JAK3","PPP1CA","PDE3B"
"JAK3","PDPK1","PDE3B"
"JAK3","RPS6KA1","PDE3B"
"JAK3","SGK1","PDE3B"
"JAK3","STK3","PDE3B"
"JAK3","PIK3CA","PDE3B"
"JAK3","LEPR","PDE3B"
"JAK3","RPS6KA3","PDE3B"
"JAK3","AHSA1","PDE3B"
"JAK3","ROCK1","PDE3B"
"JAK3","RASSF1","PDE3B"
"JAK3","SHOC2","PDE3B"
"JAK3","PTPN12","PDE3B"
"JAK3","PPP2R5C","PDE3B"
"JAK3","PAK1","PDE3B"
"JAK3","ZAP70","PDE3B"
"JAK3","DUSP1","PDE3B"
"JAK3","GIT1","PDE3B"
"JAK3","MAP2K4","PDE3B"
"JAK3","RAB7A","PDE3B"
"JAK3","EPHA2","PDE3B"
"JAK3","NRAS","PDE3B"
"JAK3","AR","PDE3B"
"JAK3","PARD6A","PDE3B"
"JAK3","CCR2","PDE3B"
"JAK3","PSTPIP1","PDE3B"
"JAK3","INPP5D","PDE3B"
"JAK3","IRS2","PDE3B"
"JAK3","CDC42","PDE3B"
"JAK3","PIK3CG","PDE3B"
"JAK3","SH2B2","PDE3B"
"JAK3","CLK2","PDE3B"
"JAK3","MDM2","PDE3B"
"JAK3","YWHAE","PDE3B"
"JAK3","PLCG1","PDE3B"
"JAK3","SH2B3","PDE3B"
"JAK3","TIAM1","PDE3B"
"JAK3","WAC","PDE3B"
"JAK3","DCTN6","PDE3B"
"JAK3","MTOR","SCN5A"
"JAK3","KRAS","SCN5A"
"JAK3","MAP2K7","SCN5A"
"JAK3","TGFBR1","SCN5A"
"JAK3","PPP1CA","SCN5A"
"JAK3","MAP3K14","SCN5A"
"JAK3","RPS6KA1","SCN5A"
"JAK3","SGK1","SCN5A"
"JAK3","IGF1R","SCN5A"
"JAK3","PRKCB","SCN5A"
"JAK3","STK3","SCN5A"
"JAK3","TGFBR2","SCN5A"
"JAK3","AKT","SCN5A"
"JAK3","RACK1","SCN5A"
"JAK3","PIK3CA","SCN5A"
"JAK3","RPS6KA3","SCN5A"
"JAK3","mTORC1","SCN5A"
"JAK3","AHSA1","SCN5A"
"JAK3","ROCK1","SCN5A"
"JAK3","SGK3","SCN5A"
"JAK3","HSP90AB1","SCN5A"
"JAK3","SHOC2","SCN5A"
"JAK3","PPP2R5C","SCN5A"
"JAK3","GIT1","SCN5A"
"JAK3","EPHA2","SCN5A"
"JAK3","PRKCI","SCN5A"
"JAK3","PTPRA","SCN5A"
"JAK3","CCR2","SCN5A"
"JAK3","PSTPIP1","SCN5A"
"JAK3","RHEB","SCN5A"
"JAK3","DAXX","SCN5A"
"JAK3","DUSP6","SCN5A"
"JAK3","INPP5D","SCN5A"
"JAK3","PIK3R1","SCN5A"
"JAK3","CDC42","SCN5A"
"JAK3","PIK3CG","SCN5A"
"JAK3","SH2B2","SCN5A"
"JAK3","PPP2R5A","SCN5A"
"JAK3","CLK2","SCN5A"
"JAK3","YWHAE","SCN5A"
"JAK3","SH2B3","SCN5A"
"JAK3","BANP","SCN5A"
"JAK3","DCTN6","SCN5A"
"JAK3","ACTN1","SCN5A"
"JAK3","MAPK8","KCNB1"
"JAK3","CSNK2A1","KCNB1"
"JAK3","PLK1","KCNB1"
"JAK3","RAC1","KCNB1"
"JAK3","RPS6KA1","KCNB1"
"JAK3","IGF1R","KCNB1"
"JAK3","PRKCB","KCNB1"
"JAK3","TGFBR2","KCNB1"
"JAK3","PAK2","KCNB1"
"JAK3","AKT","KCNB1"
"JAK3","HRAS","KCNB1"
"JAK3","MAPK13","KCNB1"
"JAK3","PIK3CA","KCNB1"
"JAK3","LEPR","KCNB1"
"JAK3","RPS6KA3","KCNB1"
"JAK3","BTK","KCNB1"
"JAK3","SH2B1","KCNB1"
"JAK3","TYK2","KCNB1"
"JAK3","GIT1","KCNB1"
"JAK3","MAPK11","KCNB1"
"JAK3","UNC5A","KCNB1"
"JAK3","PARD6A","KCNB1"
"JAK3","PTPRA","KCNB1"
"JAK3","CCR2","KCNB1"
"JAK3","PSTPIP1","KCNB1"
"JAK3","PIK3R1","KCNB1"
"JAK3","CCNE1","KCNB1"
"JAK3","IRS2","KCNB1"
"JAK3","PIK3CG","KCNB1"
"JAK3","PPP2R5A","KCNB1"
"JAK3","CLK2","KCNB1"
"JAK3","MDM2","KCNB1"
"JAK3","SPRY2","KCNB1"
"JAK3","RUNX2","KCNB1"
"JAK3","SH2B3","KCNB1"
"JAK3","PIK3C3","KCNB1"
"JAK3","WAC","KCNB1"
"JAK3","ACTN1","KCNB1"
"JAK3","CTNNB1","KIR3DL1"
"JAK3","CILK1","KIR3DL1"
"JAK3","MAPK8","KIR3DL1"
"JAK3","AKT1","KIR3DL1"
"JAK3","CSNK2A1","KIR3DL1"
"JAK3","PLK1","KIR3DL1"
"JAK3","RAC1","KIR3DL1"
"JAK3","TGFBR1","KIR3DL1"
"JAK3","MAP3K14","KIR3DL1"
"JAK3","RPS6KA1","KIR3DL1"
"JAK3","IGF1R","KIR3DL1"
"JAK3","PRKCB","KIR3DL1"
"JAK3","STK3","KIR3DL1"
"JAK3","RAB1A","KIR3DL1"
"JAK3","PRKCZ","KIR3DL1"
"JAK3","PAK2","KIR3DL1"
"JAK3","AKT","KIR3DL1"
"JAK3","RACK1","KIR3DL1"
"JAK3","PIK3CA","KIR3DL1"
"JAK3","LEPR","KIR3DL1"
"JAK3","RPS6KA3","KIR3DL1"
"JAK3","AHSA1","KIR3DL1"
"JAK3","ROCK1","KIR3DL1"
"JAK3","RASSF1","KIR3DL1"
"JAK3","PAK1","KIR3DL1"
"JAK3","TYK2","KIR3DL1"
"JAK3","ZAP70","KIR3DL1"
"JAK3","MAP2K4","KIR3DL1"
"JAK3","EPHA2","KIR3DL1"
"JAK3","PRKCI","KIR3DL1"
"JAK3","PARD6A","KIR3DL1"
"JAK3","PTPRA","KIR3DL1"
"JAK3","CCR2","KIR3DL1"
"JAK3","PSTPIP1","KIR3DL1"
"JAK3","RHEB","KIR3DL1"
"JAK3","INPP5D","KIR3DL1"
"JAK3","PIK3CG","KIR3DL1"
"JAK3","SH2B2","KIR3DL1"
"JAK3","CLK2","KIR3DL1"
"JAK3","SPRY2","KIR3DL1"
"JAK3","RUNX2","KIR3DL1"
"JAK3","WAC","KIR3DL1"
"JAK3","RGCC","KIR3DL1"
"JAK3","CHUK","SLBP"
"JAK3","CILK1","SLBP"
"JAK3","PTEN","SLBP"
"JAK3","CSNK2A1","SLBP"
"JAK3","PLK1","SLBP"
"JAK3","KRAS","SLBP"
"JAK3","RAC1","SLBP"
"JAK3","PTPRJ","SLBP"
"JAK3","TGFBR1","SLBP"
"JAK3","PPP1CA","SLBP"
"JAK3","PDPK1","SLBP"
"JAK3","MAP3K14","SLBP"
"JAK3","TGFBR2","SLBP"
"JAK3","PAK2","SLBP"
"JAK3","AKT","SLBP"
"JAK3","RACK1","SLBP"
"JAK3","HRAS","SLBP"
"JAK3","LEPR","SLBP"
"JAK3","mTORC1","SLBP"
"JAK3","ROCK1","SLBP"
"JAK3","BTK","SLBP"
"JAK3","SH2B1","SLBP"
"JAK3","PAK1","SLBP"
"JAK3","TYK2","SLBP"
"JAK3","ZAP70","SLBP"
"JAK3","RAB7A","SLBP"
"JAK3","EPHA2","SLBP"
"JAK3","NRAS","SLBP"
"JAK3","AR","SLBP"
"JAK3","DUSP3","SLBP"
"JAK3","CCR2","SLBP"
"JAK3","PSTPIP1","SLBP"
"JAK3","DAXX","SLBP"
"JAK3","INPP5D","SLBP"
"JAK3","SH2B2","SLBP"
"JAK3","MDM2","SLBP"
"JAK3","YWHAE","SLBP"
"JAK3","PLCG1","SLBP"
"JAK3","RUNX2","SLBP"
"JAK3","SH2B3","SLBP"
"JAK3","PIK3C3","SLBP"
"JAK3","TIAM1","SLBP"
"JAK3","WAC","SLBP"
"JAK3","BANP","SLBP"
"JAK3","ACTN1","SLBP"
"JAK3","RGCC","SLBP"
"JAK3","TYK2","NFATC4"
"JAK3","CTNNB1","HSF4"
"JAK3","PTEN","HSF4"
"JAK3","MTOR","HSF4"
"JAK3","AKT1","HSF4"
"JAK3","CSNK2A1","HSF4"
"JAK3","KRAS","HSF4"
"JAK3","PPP1CA","HSF4"
"JAK3","RPS6KA1","HSF4"
"JAK3","IGF1R","HSF4"
"JAK3","PRKCB","HSF4"
"JAK3","RAB1A","HSF4"
"JAK3","TGFBR2","HSF4"
"JAK3","AKT","HSF4"
"JAK3","RACK1","HSF4"
"JAK3","HRAS","HSF4"
"JAK3","PIK3CA","HSF4"
"JAK3","RPS6KA3","HSF4"
"JAK3","BTK","HSF4"
"JAK3","SGK3","HSF4"
"JAK3","SH2B1","HSF4"
"JAK3","HSP90AB1","HSF4"
"JAK3","PTPN12","HSF4"
"JAK3","PPP2R5C","HSF4"
"JAK3","PAK1","HSF4"
"JAK3","RAB7A","HSF4"
"JAK3","PRKCI","HSF4"
"JAK3","PARD6A","HSF4"
"JAK3","PTPRA","HSF4"
"JAK3","PSTPIP1","HSF4"
"JAK3","DAXX","HSF4"
"JAK3","DUSP6","HSF4"
"JAK3","INPP5D","HSF4"
"JAK3","IRS2","HSF4"
"JAK3","CDC42","HSF4"
"JAK3","PIK3CG","HSF4"
"JAK3","PPP2R5A","HSF4"
"JAK3","CLK2","HSF4"
"JAK3","MDM2","HSF4"
"JAK3","SPRY2","HSF4"
"JAK3","RUNX2","HSF4"
"JAK3","TIAM1","HSF4"
"JAK3","BANP","HSF4"
"JAK3","DCTN6","HSF4"
"JAK3","CTNNB1","TEX14"
"JAK3","CILK1","TEX14"
"JAK3","MAPK8","TEX14"
"JAK3","MTOR","TEX14"
"JAK3","AKT1","TEX14"
"JAK3","RAC1","TEX14"
"JAK3","TGFBR1","TEX14"
"JAK3","PPP1CA","TEX14"
"JAK3","PDPK1","TEX14"
"JAK3","PRKCB","TEX14"
"JAK3","STK3","TEX14"
"JAK3","PRKCZ","TEX14"
"JAK3","PAK2","TEX14"
"JAK3","RACK1","TEX14"
"JAK3","HRAS","TEX14"
"JAK3","PIK3CA","TEX14"
"JAK3","AHSA1","TEX14"
"JAK3","ROCK1","TEX14"
"JAK3","SHOC2","TEX14"
"JAK3","PTPN12","TEX14"
"JAK3","PAK1","TEX14"
"JAK3","TYK2","TEX14"
"JAK3","GIT1","TEX14"
"JAK3","TRAF2","TEX14"
"JAK3","MAP2K4","TEX14"
"JAK3","NRAS","TEX14"
"JAK3","PARD6A","TEX14"
"JAK3","CCR2","TEX14"
"JAK3","PSTPIP1","TEX14"
"JAK3","RHEB","TEX14"
"JAK3","DUSP6","TEX14"
"JAK3","PIK3CG","TEX14"
"JAK3","SH2B2","TEX14"
"JAK3","CLK2","TEX14"
"JAK3","SPRY2","TEX14"
"JAK3","SH2B3","TEX14"
"JAK3","CHUK","RACGAP1"
"JAK3","PTEN","RACGAP1"
"JAK3","MTOR","RACGAP1"
"JAK3","KRAS","RACGAP1"
"JAK3","MAP2K7","RACGAP1"
"JAK3","PTPRJ","RACGAP1"
"JAK3","SGK1","RACGAP1"
"JAK3","IGF1R","RACGAP1"
"JAK3","PRKCB","RACGAP1"
"JAK3","STK3","RACGAP1"
"JAK3","RAB1A","RACGAP1"
"JAK3","PRKCZ","RACGAP1"
"JAK3","TGFBR2","RACGAP1"
"JAK3","RACK1","RACGAP1"
"JAK3","HRAS","RACGAP1"
"JAK3","MAPK13","RACGAP1"
"JAK3","LEPR","RACGAP1"
"JAK3","AHSA1","RACGAP1"
"JAK3","ROCK1","RACGAP1"
"JAK3","RASSF1","RACGAP1"
"JAK3","SH2B1","RACGAP1"
"JAK3","HSP90AB1","RACGAP1"
"JAK3","SHOC2","RACGAP1"
"JAK3","PTPN12","RACGAP1"
"JAK3","PAK1","RACGAP1"
"JAK3","TYK2","RACGAP1"
"JAK3","DUSP1","RACGAP1"
"JAK3","TRAF2","RACGAP1"
"JAK3","MAP2K4","RACGAP1"
"JAK3","RAB7A","RACGAP1"
"JAK3","EPHA2","RACGAP1"
"JAK3","NRAS","RACGAP1"
"JAK3","MAPK11","RACGAP1"
"JAK3","UNC5A","RACGAP1"
"JAK3","PARD6A","RACGAP1"
"JAK3","PTPRA","RACGAP1"
"JAK3","RHEB","RACGAP1"
"JAK3","DAXX","RACGAP1"
"JAK3","DUSP6","RACGAP1"
"JAK3","INPP5D","RACGAP1"
"JAK3","PIK3R1","RACGAP1"
"JAK3","CCNE1","RACGAP1"
"JAK3","IRS2","RACGAP1"
"JAK3","CDC42","RACGAP1"
"JAK3","PPP2R5A","RACGAP1"
"JAK3","CLK2","RACGAP1"
"JAK3","YWHAE","RACGAP1"
"JAK3","PLCG1","RACGAP1"
"JAK3","SPRY2","RACGAP1"
"JAK3","RUNX2","RACGAP1"
"JAK3","SH2B3","RACGAP1"
"JAK3","RND1","RACGAP1"
"JAK3","DCTN6","RACGAP1"
"JAK3","ACTN1","RACGAP1"
"JAK3","RGCC","RACGAP1"
"JAK3","CHUK","KDM1A"
"JAK3","CTNNB1","KDM1A"
"JAK3","CILK1","KDM1A"
"JAK3","MAPK8","KDM1A"
"JAK3","AKT1","KDM1A"
"JAK3","PLK1","KDM1A"
"JAK3","KRAS","KDM1A"
"JAK3","RAC1","KDM1A"
"JAK3","MAP2K7","KDM1A"
"JAK3","PTPRJ","KDM1A"
"JAK3","TGFBR1","KDM1A"
"JAK3","RPS6KA1","KDM1A"
"JAK3","SGK1","KDM1A"
"JAK3","PRKCZ","KDM1A"
"JAK3","TGFBR2","KDM1A"
"JAK3","PAK2","KDM1A"
"JAK3","HRAS","KDM1A"
"JAK3","MAPK13","KDM1A"
"JAK3","LEPR","KDM1A"
"JAK3","RPS6KA3","KDM1A"
"JAK3","mTORC1","KDM1A"
"JAK3","AHSA1","KDM1A"
"JAK3","ROCK1","KDM1A"
"JAK3","RASSF1","KDM1A"
"JAK3","PTPN11","KDM1A"
"JAK3","SGK3","KDM1A"
"JAK3","SH2B1","KDM1A"
"JAK3","HSP90AB1","KDM1A"
"JAK3","SHOC2","KDM1A"
"JAK3","PAK1","KDM1A"
"JAK3","TYK2","KDM1A"
"JAK3","DUSP1","KDM1A"
"JAK3","GIT1","KDM1A"
"JAK3","RAB7A","KDM1A"
"JAK3","EPHA2","KDM1A"
"JAK3","AR","KDM1A"
"JAK3","DUSP3","KDM1A"
"JAK3","MAPK11","KDM1A"
"JAK3","UNC5A","KDM1A"
"JAK3","PARD6A","KDM1A"
"JAK3","PSTPIP1","KDM1A"
"JAK3","INPP5D","KDM1A"
"JAK3","CCNE1","KDM1A"
"JAK3","CDC42","KDM1A"
"JAK3","CLK2","KDM1A"
"JAK3","MDM2","KDM1A"
"JAK3","YWHAE","KDM1A"
"JAK3","PLCG1","KDM1A"
"JAK3","SPRY2","KDM1A"
"JAK3","RUNX2","KDM1A"
"JAK3","PIK3C3","KDM1A"
"JAK3","TIAM1","KDM1A"
"JAK3","ACTN1","KDM1A"
"JAK3","CILK1","L1CAM"
"JAK3","RAC1","L1CAM"
"JAK3","TGFBR1","L1CAM"
"JAK3","PPP1CA","L1CAM"
"JAK3","PDPK1","L1CAM"
"JAK3","RPS6KA1","L1CAM"
"JAK3","PRKCZ","L1CAM"
"JAK3","HRAS","L1CAM"
"JAK3","MAPK13","L1CAM"
"JAK3","LEPR","L1CAM"
"JAK3","mTORC1","L1CAM"
"JAK3","RASSF1","L1CAM"
"JAK3","SGK3","L1CAM"
"JAK3","SH2B1","L1CAM"
"JAK3","TYK2","L1CAM"
"JAK3","ZAP70","L1CAM"
"JAK3","DUSP1","L1CAM"
"JAK3","GIT1","L1CAM"
"JAK3","AR","L1CAM"
"JAK3","DUSP3","L1CAM"
"JAK3","UNC5A","L1CAM"
"JAK3","CCR2","L1CAM"
"JAK3","DAXX","L1CAM"
"JAK3","DUSP6","L1CAM"
"JAK3","PIK3R1","L1CAM"
"JAK3","CCNE1","L1CAM"
"JAK3","IRS2","L1CAM"
"JAK3","CDC42","L1CAM"
"JAK3","PPP2R5A","L1CAM"
"JAK3","MDM2","L1CAM"
"JAK3","PLCG1","L1CAM"
"JAK3","RUNX2","L1CAM"
"JAK3","SH2B3","L1CAM"
"JAK3","PIK3C3","L1CAM"
"JAK3","RND1","L1CAM"
"JAK3","TIAM1","L1CAM"
"JAK3","WAC","L1CAM"
"JAK3","ACTN1","L1CAM"
"JAK3","RGCC","L1CAM"
"JAK3","CTNNB1","BUB1B"
"JAK3","MAPK8","BUB1B"
"JAK3","MTOR","BUB1B"
"JAK3","AKT1","BUB1B"
"JAK3","KRAS","BUB1B"
"JAK3","RAC1","BUB1B"
"JAK3","MAP2K7","BUB1B"
"JAK3","PTPRJ","BUB1B"
"JAK3","TGFBR1","BUB1B"
"JAK3","PPP1CA","BUB1B"
"JAK3","MAP3K14","BUB1B"
"JAK3","RPS6KA1","BUB1B"
"JAK3","SGK1","BUB1B"
"JAK3","IGF1R","BUB1B"
"JAK3","PRKCB","BUB1B"
"JAK3","STK3","BUB1B"
"JAK3","PRKCZ","BUB1B"
"JAK3","TGFBR2","BUB1B"
"JAK3","PAK2","BUB1B"
"JAK3","AKT","BUB1B"
"JAK3","RACK1","BUB1B"
"JAK3","HRAS","BUB1B"
"JAK3","PIK3CA","BUB1B"
"JAK3","RPS6KA3","BUB1B"
"JAK3","ROCK1","BUB1B"
"JAK3","BTK","BUB1B"
"JAK3","SGK3","BUB1B"
"JAK3","PAK1","BUB1B"
"JAK3","TYK2","BUB1B"
"JAK3","DUSP1","BUB1B"
"JAK3","GIT1","BUB1B"
"JAK3","MAP2K4","BUB1B"
"JAK3","RAB7A","BUB1B"
"JAK3","EPHA2","BUB1B"
"JAK3","AR","BUB1B"
"JAK3","UNC5A","BUB1B"
"JAK3","PSTPIP1","BUB1B"
"JAK3","RHEB","BUB1B"
"JAK3","DUSP6","BUB1B"
"JAK3","INPP5D","BUB1B"
"JAK3","PIK3R1","BUB1B"
"JAK3","SH2B2","BUB1B"
"JAK3","PPP2R5A","BUB1B"
"JAK3","CLK2","BUB1B"
"JAK3","MDM2","BUB1B"
"JAK3","YWHAE","BUB1B"
"JAK3","PLCG1","BUB1B"
"JAK3","PIK3C3","BUB1B"
"JAK3","RND1","BUB1B"
"JAK3","WAC","BUB1B"
"JAK3","ACTN1","BUB1B"
"JAK3","RGCC","BUB1B"
"JAK3","CHUK","LRP1"
"JAK3","MAPK8","LRP1"
"JAK3","MTOR","LRP1"
"JAK3","AKT1","LRP1"
"JAK3","PLK1","LRP1"
"JAK3","KRAS","LRP1"
"JAK3","RAC1","LRP1"
"JAK3","MAP2K7","LRP1"
"JAK3","TGFBR1","LRP1"
"JAK3","PPP1CA","LRP1"
"JAK3","PDPK1","LRP1"
"JAK3","MAP3K14","LRP1"
"JAK3","RPS6KA1","LRP1"
"JAK3","PRKCB","LRP1"
"JAK3","STK3","LRP1"
"JAK3","PRKCZ","LRP1"
"JAK3","TGFBR2","LRP1"
"JAK3","RACK1","LRP1"
"JAK3","HRAS","LRP1"
"JAK3","PIK3CA","LRP1"
"JAK3","LEPR","LRP1"
"JAK3","RPS6KA3","LRP1"
"JAK3","mTORC1","LRP1"
"JAK3","AHSA1","LRP1"
"JAK3","ROCK1","LRP1"
"JAK3","BTK","LRP1"
"JAK3","SGK3","LRP1"
"JAK3","SH2B1","LRP1"
"JAK3","PTPN12","LRP1"
"JAK3","PPP2R5C","LRP1"
"JAK3","PAK1","LRP1"
"JAK3","ZAP70","LRP1"
"JAK3","MAP2K4","LRP1"
"JAK3","RAB7A","LRP1"
"JAK3","EPHA2","LRP1"
"JAK3","NRAS","LRP1"
"JAK3","AR","LRP1"
"JAK3","DUSP3","LRP1"
"JAK3","UNC5A","LRP1"
"JAK3","PARD6A","LRP1"
"JAK3","CCR2","LRP1"
"JAK3","DAXX","LRP1"
"JAK3","IRS2","LRP1"
"JAK3","PIK3CG","LRP1"
"JAK3","PPP2R5A","LRP1"
"JAK3","MDM2","LRP1"
"JAK3","YWHAE","LRP1"
"JAK3","PLCG1","LRP1"
"JAK3","SPRY2","LRP1"
"JAK3","SH2B3","LRP1"
"JAK3","RND1","LRP1"
"JAK3","TIAM1","LRP1"
"JAK3","DCTN6","LRP1"
"JAK3","RGCC","LRP1"
"JAK3","MTOR","CKAP2"
"JAK3","AKT1","CKAP2"
"JAK3","CSNK2A1","CKAP2"
"JAK3","PTPRJ","CKAP2"
"JAK3","TGFBR1","CKAP2"
"JAK3","PPP1CA","CKAP2"
"JAK3","PDPK1","CKAP2"
"JAK3","MAP3K14","CKAP2"
"JAK3","RPS6KA1","CKAP2"
"JAK3","SGK1","CKAP2"
"JAK3","PRKCB","CKAP2"
"JAK3","STK3","CKAP2"
"JAK3","RAB1A","CKAP2"
"JAK3","PAK2","CKAP2"
"JAK3","AKT","CKAP2"
"JAK3","RACK1","CKAP2"
"JAK3","HRAS","CKAP2"
"JAK3","MAPK13","CKAP2"
"JAK3","PIK3CA","CKAP2"
"JAK3","mTORC1","CKAP2"
"JAK3","RASSF1","CKAP2"
"JAK3","SH2B1","CKAP2"
"JAK3","SHOC2","CKAP2"
"JAK3","PTPN12","CKAP2"
"JAK3","TYK2","CKAP2"
"JAK3","ZAP70","CKAP2"
"JAK3","DUSP1","CKAP2"
"JAK3","GIT1","CKAP2"
"JAK3","TRAF2","CKAP2"
"JAK3","MAP2K4","CKAP2"
"JAK3","RAB7A","CKAP2"
"JAK3","EPHA2","CKAP2"
"JAK3","AR","CKAP2"
"JAK3","DUSP3","CKAP2"
"JAK3","MAPK11","CKAP2"
"JAK3","UNC5A","CKAP2"
"JAK3","PRKCI","CKAP2"
"JAK3","PARD6A","CKAP2"
"JAK3","CCR2","CKAP2"
"JAK3","RHEB","CKAP2"
"JAK3","PIK3R1","CKAP2"
"JAK3","CCNE1","CKAP2"
"JAK3","SH2B2","CKAP2"
"JAK3","CLK2","CKAP2"
"JAK3","RND1","CKAP2"
"JAK3","ACTN1","CKAP2"
"JAK3","RAC1","MVD"
"JAK3","MAP2K7","MVD"
"JAK3","TGFBR1","MVD"
"JAK3","PPP1CA","MVD"
"JAK3","RPS6KA1","MVD"
"JAK3","PRKCZ","MVD"
"JAK3","TGFBR2","MVD"
"JAK3","MAPK13","MVD"
"JAK3","LEPR","MVD"
"JAK3","AHSA1","MVD"
"JAK3","ROCK1","MVD"
"JAK3","SGK3","MVD"
"JAK3","PTPN12","MVD"
"JAK3","PPP2R5C","MVD"
"JAK3","PAK1","MVD"
"JAK3","TRAF2","MVD"
"JAK3","MAP2K4","MVD"
"JAK3","RAB7A","MVD"
"JAK3","EPHA2","MVD"
"JAK3","NRAS","MVD"
"JAK3","PTPRA","MVD"
"JAK3","CCR2","MVD"
"JAK3","PSTPIP1","MVD"
"JAK3","RHEB","MVD"
"JAK3","INPP5D","MVD"
"JAK3","PIK3R1","MVD"
"JAK3","CCNE1","MVD"
"JAK3","PIK3CG","MVD"
"JAK3","SH2B2","MVD"
"JAK3","PPP2R5A","MVD"
"JAK3","MDM2","MVD"
"JAK3","YWHAE","MVD"
"JAK3","PLCG1","MVD"
"JAK3","SH2B3","MVD"
"JAK3","PIK3C3","MVD"
"JAK3","RND1","MVD"
"JAK3","BANP","MVD"
"JAK3","ACTN1","MVD"
"JAK3","RGCC","MVD"
"JAK3","PTEN","ARHGEF6"
"JAK3","MAPK8","ARHGEF6"
"JAK3","AKT1","ARHGEF6"
"JAK3","CSNK2A1","ARHGEF6"
"JAK3","PLK1","ARHGEF6"
"JAK3","PTPRJ","ARHGEF6"
"JAK3","PDPK1","ARHGEF6"
"JAK3","MAP3K14","ARHGEF6"
"JAK3","RPS6KA1","ARHGEF6"
"JAK3","SGK1","ARHGEF6"
"JAK3","RAB1A","ARHGEF6"
"JAK3","PRKCZ","ARHGEF6"
"JAK3","PAK2","ARHGEF6"
"JAK3","AKT","ARHGEF6"
"JAK3","RACK1","ARHGEF6"
"JAK3","MAPK13","ARHGEF6"
"JAK3","PIK3CA","ARHGEF6"
"JAK3","RPS6KA3","ARHGEF6"
"JAK3","mTORC1","ARHGEF6"
"JAK3","AHSA1","ARHGEF6"
"JAK3","SGK3","ARHGEF6"
"JAK3","SH2B1","ARHGEF6"
"JAK3","PPP2R5C","ARHGEF6"
"JAK3","PAK1","ARHGEF6"
"JAK3","DUSP1","ARHGEF6"
"JAK3","TRAF2","ARHGEF6"
"JAK3","MAP2K4","ARHGEF6"
"JAK3","RAB7A","ARHGEF6"
"JAK3","EPHA2","ARHGEF6"
"JAK3","MAPK11","ARHGEF6"
"JAK3","UNC5A","ARHGEF6"
"JAK3","PRKCI","ARHGEF6"
"JAK3","PARD6A","ARHGEF6"
"JAK3","PTPRA","ARHGEF6"
"JAK3","PSTPIP1","ARHGEF6"
"JAK3","DUSP6","ARHGEF6"
"JAK3","CCNE1","ARHGEF6"
"JAK3","IRS2","ARHGEF6"
"JAK3","CDC42","ARHGEF6"
"JAK3","SH2B3","ARHGEF6"
"JAK3","PIK3C3","ARHGEF6"
"JAK3","RND1","ARHGEF6"
"JAK3","WAC","ARHGEF6"
"JAK3","BANP","ARHGEF6"
"JAK3","DCTN6","ARHGEF6"
"JAK3","ACTN1","ARHGEF6"
"JAK3","CILK1","FANCG"
"JAK3","PTEN","FANCG"
"JAK3","MAPK8","FANCG"
"JAK3","MTOR","FANCG"
"JAK3","CSNK2A1","FANCG"
"JAK3","RAC1","FANCG"
"JAK3","MAP2K7","FANCG"
"JAK3","PTPRJ","FANCG"
"JAK3","TGFBR1","FANCG"
"JAK3","PPP1CA","FANCG"
"JAK3","PDPK1","FANCG"
"JAK3","MAP3K14","FANCG"
"JAK3","RPS6KA1","FANCG"
"JAK3","SGK1","FANCG"
"JAK3","RAB1A","FANCG"
"JAK3","TGFBR2","FANCG"
"JAK3","PAK2","FANCG"
"JAK3","LEPR","FANCG"
"JAK3","RPS6KA3","FANCG"
"JAK3","mTORC1","FANCG"
"JAK3","ROCK1","FANCG"
"JAK3","RASSF1","FANCG"
"JAK3","BTK","FANCG"
"JAK3","SHOC2","FANCG"
"JAK3","PPP2R5C","FANCG"
"JAK3","PAK1","FANCG"
"JAK3","DUSP1","FANCG"
"JAK3","GIT1","FANCG"
"JAK3","TRAF2","FANCG"
"JAK3","NRAS","FANCG"
"JAK3","MAPK11","FANCG"
"JAK3","PSTPIP1","FANCG"
"JAK3","DAXX","FANCG"
"JAK3","DUSP6","FANCG"
"JAK3","IRS2","FANCG"
"JAK3","CDC42","FANCG"
"JAK3","PIK3CG","FANCG"
"JAK3","PPP2R5A","FANCG"
"JAK3","MDM2","FANCG"
"JAK3","SPRY2","FANCG"
"JAK3","PIK3C3","FANCG"
"JAK3","RND1","FANCG"
"JAK3","TIAM1","FANCG"
"JAK3","RGCC","FANCG"
"JAK3","CHUK","CBLC"
"JAK3","CTNNB1","CBLC"
"JAK3","CILK1","CBLC"
"JAK3","AKT1","CBLC"
"JAK3","RAC1","CBLC"
"JAK3","PTPRJ","CBLC"
"JAK3","PPP1CA","CBLC"
"JAK3","PDPK1","CBLC"
"JAK3","MAP3K14","CBLC"
"JAK3","RPS6KA1","CBLC"
"JAK3","SGK1","CBLC"
"JAK3","IGF1R","CBLC"
"JAK3","PRKCB","CBLC"
"JAK3","STK3","CBLC"
"JAK3","RAB1A","CBLC"
"JAK3","PRKCZ","CBLC"
"JAK3","TGFBR2","CBLC"
"JAK3","PAK2","CBLC"
"JAK3","AKT","CBLC"
"JAK3","HRAS","CBLC"
"JAK3","MAPK13","CBLC"
"JAK3","PIK3CA","CBLC"
"JAK3","AHSA1","CBLC"
"JAK3","ROCK1","CBLC"
"JAK3","RASSF1","CBLC"
"JAK3","HSP90AB1","CBLC"
"JAK3","ZAP70","CBLC"
"JAK3","MAP2K4","CBLC"
"JAK3","RAB7A","CBLC"
"JAK3","AR","CBLC"
"JAK3","DUSP3","CBLC"
"JAK3","MAPK11","CBLC"
"JAK3","UNC5A","CBLC"
"JAK3","PRKCI","CBLC"
"JAK3","PARD6A","CBLC"
"JAK3","PSTPIP1","CBLC"
"JAK3","DAXX","CBLC"
"JAK3","DUSP6","CBLC"
"JAK3","PIK3R1","CBLC"
"JAK3","IRS2","CBLC"
"JAK3","PIK3CG","CBLC"
"JAK3","CLK2","CBLC"
"JAK3","MDM2","CBLC"
"JAK3","YWHAE","CBLC"
"JAK3","SPRY2","CBLC"
"JAK3","RUNX2","CBLC"
"JAK3","SH2B3","CBLC"
"JAK3","ACTN1","CBLC"
"JAK3","CHUK","PSMD2"
"JAK3","CTNNB1","PSMD2"
"JAK3","TGFBR1","PSMD2"
"JAK3","PPP1CA","PSMD2"
"JAK3","MAP3K14","PSMD2"
"JAK3","RPS6KA1","PSMD2"
"JAK3","IGF1R","PSMD2"
"JAK3","STK3","PSMD2"
"JAK3","PRKCZ","PSMD2"
"JAK3","TGFBR2","PSMD2"
"JAK3","AKT","PSMD2"
"JAK3","RACK1","PSMD2"
"JAK3","HRAS","PSMD2"
"JAK3","MAPK13","PSMD2"
"JAK3","LEPR","PSMD2"
"JAK3","RPS6KA3","PSMD2"
"JAK3","AHSA1","PSMD2"
"JAK3","RASSF1","PSMD2"
"JAK3","BTK","PSMD2"
"JAK3","SGK3","PSMD2"
"JAK3","HSP90AB1","PSMD2"
"JAK3","SHOC2","PSMD2"
"JAK3","PTPN12","PSMD2"
"JAK3","PPP2R5C","PSMD2"
"JAK3","TYK2","PSMD2"
"JAK3","ZAP70","PSMD2"
"JAK3","DUSP1","PSMD2"
"JAK3","GIT1","PSMD2"
"JAK3","MAP2K4","PSMD2"
"JAK3","RAB7A","PSMD2"
"JAK3","EPHA2","PSMD2"
"JAK3","AR","PSMD2"
"JAK3","MAPK11","PSMD2"
"JAK3","PRKCI","PSMD2"
"JAK3","PARD6A","PSMD2"
"JAK3","PSTPIP1","PSMD2"
"JAK3","RHEB","PSMD2"
"JAK3","DAXX","PSMD2"
"JAK3","DUSP6","PSMD2"
"JAK3","PIK3R1","PSMD2"
"JAK3","CCNE1","PSMD2"
"JAK3","IRS2","PSMD2"
"JAK3","CDC42","PSMD2"
"JAK3","PPP2R5A","PSMD2"
"JAK3","YWHAE","PSMD2"
"JAK3","PLCG1","PSMD2"
"JAK3","SPRY2","PSMD2"
"JAK3","RND1","PSMD2"
"JAK3","TIAM1","PSMD2"
"JAK3","WAC","PSMD2"
"JAK3","DCTN6","PSMD2"
"JAK3","RGCC","PSMD2"
"JAK3","CTNNB1","ATG4B"
"JAK3","CILK1","ATG4B"
"JAK3","MAPK8","ATG4B"
"JAK3","AKT1","ATG4B"
"JAK3","PLK1","ATG4B"
"JAK3","PTPRJ","ATG4B"
"JAK3","TGFBR1","ATG4B"
"JAK3","PDPK1","ATG4B"
"JAK3","RPS6KA1","ATG4B"
"JAK3","SGK1","ATG4B"
"JAK3","STK3","ATG4B"
"JAK3","RAB1A","ATG4B"
"JAK3","PRKCZ","ATG4B"
"JAK3","TGFBR2","ATG4B"
"JAK3","RACK1","ATG4B"
"JAK3","HRAS","ATG4B"
"JAK3","MAPK13","ATG4B"
"JAK3","RPS6KA3","ATG4B"
"JAK3","mTORC1","ATG4B"
"JAK3","BTK","ATG4B"
"JAK3","SGK3","ATG4B"
"JAK3","PTPN12","ATG4B"
"JAK3","PPP2R5C","ATG4B"
"JAK3","ZAP70","ATG4B"
"JAK3","GIT1","ATG4B"
"JAK3","MAP2K4","ATG4B"
"JAK3","RAB7A","ATG4B"
"JAK3","DUSP3","ATG4B"
"JAK3","MAPK11","ATG4B"
"JAK3","PRKCI","ATG4B"
"JAK3","PTPRA","ATG4B"
"JAK3","CCR2","ATG4B"
"JAK3","PSTPIP1","ATG4B"
"JAK3","DUSP6","ATG4B"
"JAK3","INPP5D","ATG4B"
"JAK3","IRS2","ATG4B"
"JAK3","CDC42","ATG4B"
"JAK3","CLK2","ATG4B"
"JAK3","PLCG1","ATG4B"
"JAK3","SPRY2","ATG4B"
"JAK3","SH2B3","ATG4B"
"JAK3","RND1","ATG4B"
"JAK3","CTNNB1","IRF3"
"JAK3","CILK1","IRF3"
"JAK3","MAPK8","IRF3"
"JAK3","MTOR","IRF3"
"JAK3","AKT1","IRF3"
"JAK3","CSNK2A1","IRF3"
"JAK3","KRAS","IRF3"
"JAK3","RAC1","IRF3"
"JAK3","MAP2K7","IRF3"
"JAK3","TGFBR1","IRF3"
"JAK3","PPP1CA","IRF3"
"JAK3","PDPK1","IRF3"
"JAK3","MAP3K14","IRF3"
"JAK3","RPS6KA1","IRF3"
"JAK3","SGK1","IRF3"
"JAK3","STK3","IRF3"
"JAK3","RAB1A","IRF3"
"JAK3","TGFBR2","IRF3"
"JAK3","MAPK13","IRF3"
"JAK3","PIK3CA","IRF3"
"JAK3","RPS6KA3","IRF3"
"JAK3","AHSA1","IRF3"
"JAK3","RASSF1","IRF3"
"JAK3","SHOC2","IRF3"
"JAK3","PPP2R5C","IRF3"
"JAK3","PAK1","IRF3"
"JAK3","DUSP1","IRF3"
"JAK3","TRAF2","IRF3"
"JAK3","MAP2K4","IRF3"
"JAK3","RAB7A","IRF3"
"JAK3","NRAS","IRF3"
"JAK3","AR","IRF3"
"JAK3","DUSP3","IRF3"
"JAK3","CCR2","IRF3"
"JAK3","PSTPIP1","IRF3"
"JAK3","RHEB","IRF3"
"JAK3","DAXX","IRF3"
"JAK3","IRS2","IRF3"
"JAK3","PIK3CG","IRF3"
"JAK3","SH2B2","IRF3"
"JAK3","SPRY2","IRF3"
"JAK3","RND1","IRF3"
"JAK3","TIAM1","IRF3"
"JAK3","WAC","IRF3"
"JAK3","BANP","IRF3"
"JAK3","DCTN6","IRF3"
"JAK3","RGCC","IRF3"
"JAK3","CHUK","IRF2"
"JAK3","CTNNB1","IRF2"
"JAK3","CILK1","IRF2"
"JAK3","PTEN","IRF2"
"JAK3","CSNK2A1","IRF2"
"JAK3","PLK1","IRF2"
"JAK3","KRAS","IRF2"
"JAK3","RAC1","IRF2"
"JAK3","PPP1CA","IRF2"
"JAK3","PDPK1","IRF2"
"JAK3","MAP3K14","IRF2"
"JAK3","RPS6KA1","IRF2"
"JAK3","SGK1","IRF2"
"JAK3","PRKCB","IRF2"
"JAK3","RAB1A","IRF2"
"JAK3","PRKCZ","IRF2"
"JAK3","RACK1","IRF2"
"JAK3","HRAS","IRF2"
"JAK3","SGK3","IRF2"
"JAK3","SH2B1","IRF2"
"JAK3","SHOC2","IRF2"
"JAK3","PTPN12","IRF2"
"JAK3","PAK1","IRF2"
"JAK3","GIT1","IRF2"
"JAK3","TRAF2","IRF2"
"JAK3","MAP2K4","IRF2"
"JAK3","RAB7A","IRF2"
"JAK3","DUSP3","IRF2"
"JAK3","MAPK11","IRF2"
"JAK3","UNC5A","IRF2"
"JAK3","PRKCI","IRF2"
"JAK3","PARD6A","IRF2"
"JAK3","CCR2","IRF2"
"JAK3","RHEB","IRF2"
"JAK3","CCNE1","IRF2"
"JAK3","IRS2","IRF2"
"JAK3","CDC42","IRF2"
"JAK3","PIK3CG","IRF2"
"JAK3","PLCG1","IRF2"
"JAK3","SPRY2","IRF2"
"JAK3","RUNX2","IRF2"
"JAK3","SH2B3","IRF2"
"JAK3","RND1","IRF2"
"JAK3","WAC","IRF2"
"JAK3","BANP","IRF2"
"JAK3","DCTN6","IRF2"
"JAK3","ACTN1","IRF2"
"JAK3","RGCC","IRF2"
"JAK3","CHUK","SIGLEC10"
"JAK3","CTNNB1","SIGLEC10"
"JAK3","PTEN","SIGLEC10"
"JAK3","MAPK8","SIGLEC10"
"JAK3","AKT1","SIGLEC10"
"JAK3","PLK1","SIGLEC10"
"JAK3","KRAS","SIGLEC10"
"JAK3","RAC1","SIGLEC10"
"JAK3","MAP2K7","SIGLEC10"
"JAK3","PTPRJ","SIGLEC10"
"JAK3","TGFBR1","SIGLEC10"
"JAK3","PDPK1","SIGLEC10"
"JAK3","MAP3K14","SIGLEC10"
"JAK3","RPS6KA1","SIGLEC10"
"JAK3","IGF1R","SIGLEC10"
"JAK3","PRKCB","SIGLEC10"
"JAK3","PRKCZ","SIGLEC10"
"JAK3","TGFBR2","SIGLEC10"
"JAK3","AKT","SIGLEC10"
"JAK3","HRAS","SIGLEC10"
"JAK3","MAPK13","SIGLEC10"
"JAK3","LEPR","SIGLEC10"
"JAK3","mTORC1","SIGLEC10"
"JAK3","BTK","SIGLEC10"
"JAK3","SH2B1","SIGLEC10"
"JAK3","SHOC2","SIGLEC10"
"JAK3","TYK2","SIGLEC10"
"JAK3","ZAP70","SIGLEC10"
"JAK3","TRAF2","SIGLEC10"
"JAK3","MAP2K4","SIGLEC10"
"JAK3","RAB7A","SIGLEC10"
"JAK3","AR","SIGLEC10"
"JAK3","DUSP3","SIGLEC10"
"JAK3","MAPK11","SIGLEC10"
"JAK3","UNC5A","SIGLEC10"
"JAK3","PRKCI","SIGLEC10"
"JAK3","PARD6A","SIGLEC10"
"JAK3","PSTPIP1","SIGLEC10"
"JAK3","RHEB","SIGLEC10"
"JAK3","DAXX","SIGLEC10"
"JAK3","INPP5D","SIGLEC10"
"JAK3","PIK3R1","SIGLEC10"
"JAK3","CDC42","SIGLEC10"
"JAK3","PIK3CG","SIGLEC10"
"JAK3","PPP2R5A","SIGLEC10"
"JAK3","CLK2","SIGLEC10"
"JAK3","MDM2","SIGLEC10"
"JAK3","PLCG1","SIGLEC10"
"JAK3","SPRY2","SIGLEC10"
"JAK3","PIK3C3","SIGLEC10"
"JAK3","WAC","SIGLEC10"
"JAK3","BANP","SIGLEC10"
"JAK3","CTNNB1","BCR"
"JAK3","CILK1","BCR"
"JAK3","AKT1","BCR"
"JAK3","PLK1","BCR"
"JAK3","KRAS","BCR"
"JAK3","RAC1","BCR"
"JAK3","MAP2K7","BCR"
"JAK3","PTPRJ","BCR"
"JAK3","PPP1CA","BCR"
"JAK3","MAP3K14","BCR"
"JAK3","IGF1R","BCR"
"JAK3","PRKCB","BCR"
"JAK3","STK3","BCR"
"JAK3","PRKCZ","BCR"
"JAK3","TGFBR2","BCR"
"JAK3","PAK2","BCR"
"JAK3","RACK1","BCR"
"JAK3","HRAS","BCR"
"JAK3","MAPK13","BCR"
"JAK3","RPS6KA3","BCR"
"JAK3","mTORC1","BCR"
"JAK3","AHSA1","BCR"
"JAK3","ROCK1","BCR"
"JAK3","SH2B1","BCR"
"JAK3","PTPN12","BCR"
"JAK3","PPP2R5C","BCR"
"JAK3","PAK1","BCR"
"JAK3","GIT1","BCR"
"JAK3","TRAF2","BCR"
"JAK3","MAP2K4","BCR"
"JAK3","NRAS","BCR"
"JAK3","AR","BCR"
"JAK3","MAPK11","BCR"
"JAK3","UNC5A","BCR"
"JAK3","PARD6A","BCR"
"JAK3","PTPRA","BCR"
"JAK3","CCR2","BCR"
"JAK3","PSTPIP1","BCR"
"JAK3","DUSP6","BCR"
"JAK3","INPP5D","BCR"
"JAK3","PIK3CG","BCR"
"JAK3","CLK2","BCR"
"JAK3","MDM2","BCR"
"JAK3","SPRY2","BCR"
"JAK3","SH2B3","BCR"
"JAK3","RND1","BCR"
"JAK3","WAC","BCR"
"JAK3","BANP","BCR"
"JAK3","DCTN6","BCR"
"JAK3","ACTN1","BCR"
"JAK3","RGCC","BCR"
"JAK3","CHUK","TCR"
"JAK3","CILK1","TCR"
"JAK3","MAPK8","TCR"
"JAK3","PLK1","TCR"
"JAK3","KRAS","TCR"
"JAK3","RAC1","TCR"
"JAK3","MAP2K7","TCR"
"JAK3","PTPRJ","TCR"
"JAK3","TGFBR1","TCR"
"JAK3","PDPK1","TCR"
"JAK3","RPS6KA1","TCR"
"JAK3","MAPK13","TCR"
"JAK3","PIK3CA","TCR"
"JAK3","mTORC1","TCR"
"JAK3","AHSA1","TCR"
"JAK3","SGK3","TCR"
"JAK3","SH2B1","TCR"
"JAK3","HSP90AB1","TCR"
"JAK3","SHOC2","TCR"
"JAK3","PTPN12","TCR"
"JAK3","PAK1","TCR"
"JAK3","TYK2","TCR"
"JAK3","GIT1","TCR"
"JAK3","TRAF2","TCR"
"JAK3","MAP2K4","TCR"
"JAK3","EPHA2","TCR"
"JAK3","AR","TCR"
"JAK3","DUSP3","TCR"
"JAK3","UNC5A","TCR"
"JAK3","DUSP6","TCR"
"JAK3","IRS2","TCR"
"JAK3","PIK3CG","TCR"
"JAK3","YWHAE","TCR"
"JAK3","SH2B3","TCR"
"JAK3","RND1","TCR"
"JAK3","CTNNB1","YBX1"
"JAK3","AKT1","YBX1"
"JAK3","MAP3K14","YBX1"
"JAK3","PRKCB","YBX1"
"JAK3","STK3","YBX1"
"JAK3","RAB1A","YBX1"
"JAK3","PRKCZ","YBX1"
"JAK3","PAK2","YBX1"
"JAK3","RACK1","YBX1"
"JAK3","RPS6KA3","YBX1"
"JAK3","AHSA1","YBX1"
"JAK3","ROCK1","YBX1"
"JAK3","BTK","YBX1"
"JAK3","PTPN11","YBX1"
"JAK3","SGK3","YBX1"
"JAK3","PAK1","YBX1"
"JAK3","TYK2","YBX1"
"JAK3","NRAS","YBX1"
"JAK3","MAPK11","YBX1"
"JAK3","PRKCI","YBX1"
"JAK3","PARD6A","YBX1"
"JAK3","PSTPIP1","YBX1"
"JAK3","RHEB","YBX1"
"JAK3","DAXX","YBX1"
"JAK3","INPP5D","YBX1"
"JAK3","CDC42","YBX1"
"JAK3","CLK2","YBX1"
"JAK3","MDM2","YBX1"
"JAK3","YWHAE","YBX1"
"JAK3","PLCG1","YBX1"
"JAK3","RND1","YBX1"
"JAK3","MTOR","FLCN"
"JAK3","PLK1","FLCN"
"JAK3","PTPRJ","FLCN"
"JAK3","PPP1CA","FLCN"
"JAK3","PDPK1","FLCN"
"JAK3","RPS6KA1","FLCN"
"JAK3","RAB1A","FLCN"
"JAK3","PAK2","FLCN"
"JAK3","AKT","FLCN"
"JAK3","RACK1","FLCN"
"JAK3","HRAS","FLCN"
"JAK3","MAPK13","FLCN"
"JAK3","PIK3CA","FLCN"
"JAK3","RPS6KA3","FLCN"
"JAK3","BTK","FLCN"
"JAK3","SHOC2","FLCN"
"JAK3","PPP2R5C","FLCN"
"JAK3","TYK2","FLCN"
"JAK3","GIT1","FLCN"
"JAK3","RAB7A","FLCN"
"JAK3","NRAS","FLCN"
"JAK3","PRKCI","FLCN"
"JAK3","PARD6A","FLCN"
"JAK3","PTPRA","FLCN"
"JAK3","CCR2","FLCN"
"JAK3","PSTPIP1","FLCN"
"JAK3","INPP5D","FLCN"
"JAK3","PIK3R1","FLCN"
"JAK3","CCNE1","FLCN"
"JAK3","PPP2R5A","FLCN"
"JAK3","PLCG1","FLCN"
"JAK3","RUNX2","FLCN"
"JAK3","RND1","FLCN"
"JAK3","TIAM1","FLCN"
"JAK3","ACTN1","FLCN"
"JAK3","PTEN","CD247"
"JAK3","MTOR","CD247"
"JAK3","KRAS","CD247"
"JAK3","RPS6KA1","CD247"
"JAK3","SGK1","CD247"
"JAK3","IGF1R","CD247"
"JAK3","PRKCZ","CD247"
"JAK3","TGFBR2","CD247"
"JAK3","PAK2","CD247"
"JAK3","RPS6KA3","CD247"
"JAK3","SH2B1","CD247"
"JAK3","HSP90AB1","CD247"
"JAK3","GIT1","CD247"
"JAK3","TRAF2","CD247"
"JAK3","EPHA2","CD247"
"JAK3","NRAS","CD247"
"JAK3","AR","CD247"
"JAK3","UNC5A","CD247"
"JAK3","PRKCI","CD247"
"JAK3","PARD6A","CD247"
"JAK3","DAXX","CD247"
"JAK3","INPP5D","CD247"
"JAK3","PIK3R1","CD247"
"JAK3","IRS2","CD247"
"JAK3","PIK3CG","CD247"
"JAK3","PPP2R5A","CD247"
"JAK3","YWHAE","CD247"
"JAK3","PLCG1","CD247"
"JAK3","RUNX2","CD247"
"JAK3","SH2B3","CD247"
"JAK3","PIK3C3","CD247"
"JAK3","TIAM1","CD247"
"JAK3","ACTN1","CD247"
"JAK3","CHUK","TEAD3"
"JAK3","PTEN","TEAD3"
"JAK3","MAPK8","TEAD3"
"JAK3","AKT1","TEAD3"
"JAK3","PLK1","TEAD3"
"JAK3","KRAS","TEAD3"
"JAK3","RAC1","TEAD3"
"JAK3","PTPRJ","TEAD3"
"JAK3","PDPK1","TEAD3"
"JAK3","MAP3K14","TEAD3"
"JAK3","RPS6KA1","TEAD3"
"JAK3","IGF1R","TEAD3"
"JAK3","PRKCB","TEAD3"
"JAK3","STK3","TEAD3"
"JAK3","RACK1","TEAD3"
"JAK3","MAPK13","TEAD3"
"JAK3","PIK3CA","TEAD3"
"JAK3","RPS6KA3","TEAD3"
"JAK3","AHSA1","TEAD3"
"JAK3","ROCK1","TEAD3"
"JAK3","RASSF1","TEAD3"
"JAK3","BTK","TEAD3"
"JAK3","SH2B1","TEAD3"
"JAK3","PTPN12","TEAD3"
"JAK3","PPP2R5C","TEAD3"
"JAK3","PAK1","TEAD3"
"JAK3","ZAP70","TEAD3"
"JAK3","DUSP1","TEAD3"
"JAK3","GIT1","TEAD3"
"JAK3","MAP2K4","TEAD3"
"JAK3","RAB7A","TEAD3"
"JAK3","AR","TEAD3"
"JAK3","DUSP3","TEAD3"
"JAK3","PRKCI","TEAD3"
"JAK3","PARD6A","TEAD3"
"JAK3","CCR2","TEAD3"
"JAK3","PIK3R1","TEAD3"
"JAK3","IRS2","TEAD3"
"JAK3","PIK3CG","TEAD3"
"JAK3","PPP2R5A","TEAD3"
"JAK3","CLK2","TEAD3"
"JAK3","YWHAE","TEAD3"
"JAK3","RND1","TEAD3"
"JAK3","BANP","TEAD3"
"JAK3","DCTN6","TEAD3"
"JAK3","CTNNB1","CORO1B"
"JAK3","MTOR","CORO1B"
"JAK3","AKT1","CORO1B"
"JAK3","PLK1","CORO1B"
"JAK3","KRAS","CORO1B"
"JAK3","RAC1","CORO1B"
"JAK3","MAP2K7","CORO1B"
"JAK3","TGFBR1","CORO1B"
"JAK3","PPP1CA","CORO1B"
"JAK3","PDPK1","CORO1B"
"JAK3","RPS6KA1","CORO1B"
"JAK3","SGK1","CORO1B"
"JAK3","IGF1R","CORO1B"
"JAK3","STK3","CORO1B"
"JAK3","RAB1A","CORO1B"
"JAK3","PRKCZ","CORO1B"
"JAK3","TGFBR2","CORO1B"
"JAK3","PAK2","CORO1B"
"JAK3","AKT","CORO1B"
"JAK3","RACK1","CORO1B"
"JAK3","LEPR","CORO1B"
"JAK3","RPS6KA3","CORO1B"
"JAK3","BTK","CORO1B"
"JAK3","SGK3","CORO1B"
"JAK3","SH2B1","CORO1B"
"JAK3","PTPN12","CORO1B"
"JAK3","PPP2R5C","CORO1B"
"JAK3","TYK2","CORO1B"
"JAK3","DUSP1","CORO1B"
"JAK3","GIT1","CORO1B"
"JAK3","MAP2K4","CORO1B"
"JAK3","EPHA2","CORO1B"
"JAK3","NRAS","CORO1B"
"JAK3","AR","CORO1B"
"JAK3","MAPK11","CORO1B"
"JAK3","PARD6A","CORO1B"
"JAK3","PTPRA","CORO1B"
"JAK3","PSTPIP1","CORO1B"
"JAK3","RHEB","CORO1B"
"JAK3","DAXX","CORO1B"
"JAK3","INPP5D","CORO1B"
"JAK3","PIK3R1","CORO1B"
"JAK3","IRS2","CORO1B"
"JAK3","CDC42","CORO1B"
"JAK3","PIK3CG","CORO1B"
"JAK3","SH2B2","CORO1B"
"JAK3","PPP2R5A","CORO1B"
"JAK3","CLK2","CORO1B"
"JAK3","PLCG1","CORO1B"
"JAK3","SH2B3","CORO1B"
"JAK3","PIK3C3","CORO1B"
"JAK3","RND1","CORO1B"
"JAK3","TIAM1","CORO1B"
"JAK3","BANP","CORO1B"
"JAK3","CHUK","PIK3R2"
"JAK3","CTNNB1","PIK3R2"
"JAK3","CILK1","PIK3R2"
"JAK3","PTEN","PIK3R2"
"JAK3","MAPK8","PIK3R2"
"JAK3","MTOR","PIK3R2"
"JAK3","CSNK2A1","PIK3R2"
"JAK3","KRAS","PIK3R2"
"JAK3","MAP2K7","PIK3R2"
"JAK3","PTPRJ","PIK3R2"
"JAK3","PDPK1","PIK3R2"
"JAK3","MAP3K14","PIK3R2"
"JAK3","PRKCB","PIK3R2"
"JAK3","STK3","PIK3R2"
"JAK3","RAB1A","PIK3R2"
"JAK3","RACK1","PIK3R2"
"JAK3","RPS6KA3","PIK3R2"
"JAK3","mTORC1","PIK3R2"
"JAK3","SGK3","PIK3R2"
"JAK3","SH2B1","PIK3R2"
"JAK3","HSP90AB1","PIK3R2"
"JAK3","PTPN12","PIK3R2"
"JAK3","PPP2R5C","PIK3R2"
"JAK3","PAK1","PIK3R2"
"JAK3","ZAP70","PIK3R2"
"JAK3","DUSP1","PIK3R2"
"JAK3","GIT1","PIK3R2"
"JAK3","TRAF2","PIK3R2"
"JAK3","MAP2K4","PIK3R2"
"JAK3","AR","PIK3R2"
"JAK3","UNC5A","PIK3R2"
"JAK3","PRKCI","PIK3R2"
"JAK3","PTPRA","PIK3R2"
"JAK3","CCR2","PIK3R2"
"JAK3","RHEB","PIK3R2"
"JAK3","INPP5D","PIK3R2"
"JAK3","PIK3R1","PIK3R2"
"JAK3","PIK3CG","PIK3R2"
"JAK3","SH2B2","PIK3R2"
"JAK3","PLCG1","PIK3R2"
"JAK3","SPRY2","PIK3R2"
"JAK3","PIK3C3","PIK3R2"
"JAK3","BANP","PIK3R2"
"JAK3","RGCC","PIK3R2"
"JAK3","CTNNB1","RPS3"
"JAK3","PTEN","RPS3"
"JAK3","MAPK8","RPS3"
"JAK3","MAP2K7","RPS3"
"JAK3","MAP3K14","RPS3"
"JAK3","SGK1","RPS3"
"JAK3","IGF1R","RPS3"
"JAK3","PRKCZ","RPS3"
"JAK3","PAK2","RPS3"
"JAK3","AKT","RPS3"
"JAK3","RACK1","RPS3"
"JAK3","ROCK1","RPS3"
"JAK3","HSP90AB1","RPS3"
"JAK3","PAK1","RPS3"
"JAK3","DUSP1","RPS3"
"JAK3","GIT1","RPS3"
"JAK3","TRAF2","RPS3"
"JAK3","MAP2K4","RPS3"
"JAK3","RAB7A","RPS3"
"JAK3","EPHA2","RPS3"
"JAK3","AR","RPS3"
"JAK3","PRKCI","RPS3"
"JAK3","PARD6A","RPS3"
"JAK3","PTPRA","RPS3"
"JAK3","PSTPIP1","RPS3"
"JAK3","DAXX","RPS3"
"JAK3","INPP5D","RPS3"
"JAK3","CCNE1","RPS3"
"JAK3","IRS2","RPS3"
"JAK3","CDC42","RPS3"
"JAK3","PIK3CG","RPS3"
"JAK3","CLK2","RPS3"
"JAK3","MDM2","RPS3"
"JAK3","PLCG1","RPS3"
"JAK3","SPRY2","RPS3"
"JAK3","RUNX2","RPS3"
"JAK3","PIK3C3","RPS3"
"JAK3","RND1","RPS3"
"JAK3","TIAM1","RPS3"
"JAK3","WAC","RPS3"
"JAK3","MAPK8","GNA15"
"JAK3","PLK1","GNA15"
"JAK3","RAC1","GNA15"
"JAK3","PPP1CA","GNA15"
"JAK3","PAK2","GNA15"
"JAK3","RACK1","GNA15"
"JAK3","ROCK1","GNA15"
"JAK3","BTK","GNA15"
"JAK3","HSP90AB1","GNA15"
"JAK3","PPP2R5C","GNA15"
"JAK3","GIT1","GNA15"
"JAK3","UNC5A","GNA15"
"JAK3","PRKCI","GNA15"
"JAK3","CCR2","GNA15"
"JAK3","PSTPIP1","GNA15"
"JAK3","DAXX","GNA15"
"JAK3","INPP5D","GNA15"
"JAK3","PIK3R1","GNA15"
"JAK3","CDC42","GNA15"
"JAK3","PIK3CG","GNA15"
"JAK3","SH2B2","GNA15"
"JAK3","SH2B3","GNA15"
"JAK3","PIK3C3","GNA15"
"JAK3","RND1","GNA15"
"JAK3","TIAM1","GNA15"
"JAK3","WAC","GNA15"
"JAK3","BANP","GNA15"
"JAK3","DCTN6","GNA15"
"JAK3","CHUK","CLTC"
"JAK3","CTNNB1","CLTC"
"JAK3","CILK1","CLTC"
"JAK3","PLK1","CLTC"
"JAK3","KRAS","CLTC"
"JAK3","RAC1","CLTC"
"JAK3","RPS6KA1","CLTC"
"JAK3","SGK1","CLTC"
"JAK3","STK3","CLTC"
"JAK3","RAB1A","CLTC"
"JAK3","TGFBR2","CLTC"
"JAK3","PAK2","CLTC"
"JAK3","RACK1","CLTC"
"JAK3","MAPK13","CLTC"
"JAK3","AHSA1","CLTC"
"JAK3","ROCK1","CLTC"
"JAK3","RASSF1","CLTC"
"JAK3","SGK3","CLTC"
"JAK3","PTPN12","CLTC"
"JAK3","DUSP1","CLTC"
"JAK3","TRAF2","CLTC"
"JAK3","MAP2K4","CLTC"
"JAK3","DUSP3","CLTC"
"JAK3","PTPRA","CLTC"
"JAK3","CCR2","CLTC"
"JAK3","PSTPIP1","CLTC"
"JAK3","DAXX","CLTC"
"JAK3","PIK3R1","CLTC"
"JAK3","YWHAE","CLTC"
"JAK3","SH2B3","CLTC"
"JAK3","RGCC","CLTC"
"JAK3","CHUK","TTC3"
"JAK3","CTNNB1","TTC3"
"JAK3","CILK1","TTC3"
"JAK3","AKT1","TTC3"
"JAK3","CSNK2A1","TTC3"
"JAK3","RAC1","TTC3"
"JAK3","MAP2K7","TTC3"
"JAK3","PTPRJ","TTC3"
"JAK3","PPP1CA","TTC3"
"JAK3","PDPK1","TTC3"
"JAK3","MAP3K14","TTC3"
"JAK3","IGF1R","TTC3"
"JAK3","PRKCB","TTC3"
"JAK3","STK3","TTC3"
"JAK3","TGFBR2","TTC3"
"JAK3","AKT","TTC3"
"JAK3","RACK1","TTC3"
"JAK3","LEPR","TTC3"
"JAK3","RPS6KA3","TTC3"
"JAK3","AHSA1","TTC3"
"JAK3","ROCK1","TTC3"
"JAK3","RASSF1","TTC3"
"JAK3","SH2B1","TTC3"
"JAK3","PTPN12","TTC3"
"JAK3","PPP2R5C","TTC3"
"JAK3","PAK1","TTC3"
"JAK3","TYK2","TTC3"
"JAK3","TRAF2","TTC3"
"JAK3","MAP2K4","TTC3"
"JAK3","EPHA2","TTC3"
"JAK3","AR","TTC3"
"JAK3","MAPK11","TTC3"
"JAK3","UNC5A","TTC3"
"JAK3","PARD6A","TTC3"
"JAK3","RHEB","TTC3"
"JAK3","DAXX","TTC3"
"JAK3","CCNE1","TTC3"
"JAK3","CDC42","TTC3"
"JAK3","MDM2","TTC3"
"JAK3","RUNX2","TTC3"
"JAK3","PIK3C3","TTC3"
"JAK3","BANP","TTC3"
"JAK3","RGCC","TTC3"
"JAK3","CHUK","DLX3"
"JAK3","PTEN","DLX3"
"JAK3","MTOR","DLX3"
"JAK3","CSNK2A1","DLX3"
"JAK3","KRAS","DLX3"
"JAK3","MAP2K7","DLX3"
"JAK3","PPP1CA","DLX3"
"JAK3","SGK1","DLX3"
"JAK3","IGF1R","DLX3"
"JAK3","PRKCB","DLX3"
"JAK3","STK3","DLX3"
"JAK3","PAK2","DLX3"
"JAK3","RACK1","DLX3"
"JAK3","MAPK13","DLX3"
"JAK3","mTORC1","DLX3"
"JAK3","AHSA1","DLX3"
"JAK3","ROCK1","DLX3"
"JAK3","PTPN12","DLX3"
"JAK3","PPP2R5C","DLX3"
"JAK3","DUSP1","DLX3"
"JAK3","RAB7A","DLX3"
"JAK3","EPHA2","DLX3"
"JAK3","DUSP3","DLX3"
"JAK3","MAPK11","DLX3"
"JAK3","UNC5A","DLX3"
"JAK3","PRKCI","DLX3"
"JAK3","CCR2","DLX3"
"JAK3","PSTPIP1","DLX3"
"JAK3","RHEB","DLX3"
"JAK3","DAXX","DLX3"
"JAK3","DUSP6","DLX3"
"JAK3","PIK3R1","DLX3"
"JAK3","IRS2","DLX3"
"JAK3","CDC42","DLX3"
"JAK3","SH2B2","DLX3"
"JAK3","PPP2R5A","DLX3"
"JAK3","YWHAE","DLX3"
"JAK3","PLCG1","DLX3"
"JAK3","SPRY2","DLX3"
"JAK3","RUNX2","DLX3"
"JAK3","RND1","DLX3"
"JAK3","RGCC","DLX3"
"JAK3","CILK1","DGKA"
"JAK3","MAPK8","DGKA"
"JAK3","MTOR","DGKA"
"JAK3","KRAS","DGKA"
"JAK3","PTPRJ","DGKA"
"JAK3","TGFBR1","DGKA"
"JAK3","IGF1R","DGKA"
"JAK3","HRAS","DGKA"
"JAK3","RPS6KA3","DGKA"
"JAK3","mTORC1","DGKA"
"JAK3","BTK","DGKA"
"JAK3","SH2B1","DGKA"
"JAK3","PPP2R5C","DGKA"
"JAK3","PAK1","DGKA"
"JAK3","NRAS","DGKA"
"JAK3","AR","DGKA"
"JAK3","DUSP3","DGKA"
"JAK3","MAPK11","DGKA"
"JAK3","UNC5A","DGKA"
"JAK3","PRKCI","DGKA"
"JAK3","PTPRA","DGKA"
"JAK3","CCR2","DGKA"
"JAK3","PSTPIP1","DGKA"
"JAK3","DUSP6","DGKA"
"JAK3","INPP5D","DGKA"
"JAK3","PIK3R1","DGKA"
"JAK3","IRS2","DGKA"
"JAK3","CDC42","DGKA"
"JAK3","PIK3CG","DGKA"
"JAK3","CLK2","DGKA"
"JAK3","MDM2","DGKA"
"JAK3","YWHAE","DGKA"
"JAK3","RUNX2","DGKA"
"JAK3","PIK3C3","DGKA"
"JAK3","RND1","DGKA"
"JAK3","DCTN6","DGKA"
"JAK3","ACTN1","DGKA"
"JAK3","CHUK","PEA15"
"JAK3","CTNNB1","PEA15"
"JAK3","CILK1","PEA15"
"JAK3","PTEN","PEA15"
"JAK3","AKT1","PEA15"
"JAK3","KRAS","PEA15"
"JAK3","RAC1","PEA15"
"JAK3","MAP2K7","PEA15"
"JAK3","PTPRJ","PEA15"
"JAK3","MAP3K14","PEA15"
"JAK3","RPS6KA1","PEA15"
"JAK3","IGF1R","PEA15"
"JAK3","STK3","PEA15"
"JAK3","PRKCZ","PEA15"
"JAK3","TGFBR2","PEA15"
"JAK3","AKT","PEA15"
"JAK3","RACK1","PEA15"
"JAK3","PIK3CA","PEA15"
"JAK3","LEPR","PEA15"
"JAK3","ROCK1","PEA15"
"JAK3","BTK","PEA15"
"JAK3","SH2B1","PEA15"
"JAK3","SHOC2","PEA15"
"JAK3","TYK2","PEA15"
"JAK3","RAB7A","PEA15"
"JAK3","AR","PEA15"
"JAK3","PTPRA","PEA15"
"JAK3","CCR2","PEA15"
"JAK3","PSTPIP1","PEA15"
"JAK3","DUSP6","PEA15"
"JAK3","CCNE1","PEA15"
"JAK3","IRS2","PEA15"
"JAK3","SH2B2","PEA15"
"JAK3","PPP2R5A","PEA15"
"JAK3","CLK2","PEA15"
"JAK3","MDM2","PEA15"
"JAK3","YWHAE","PEA15"
"JAK3","SPRY2","PEA15"
"JAK3","SH2B3","PEA15"
"JAK3","TIAM1","PEA15"
"JAK3","WAC","PEA15"
"JAK3","BANP","PEA15"
"JAK3","RGCC","PEA15"
"JAK3","CTNNB1","Hexokinase"
"JAK3","PTEN","Hexokinase"
"JAK3","MAPK8","Hexokinase"
"JAK3","CSNK2A1","Hexokinase"
"JAK3","PTPRJ","Hexokinase"
"JAK3","PPP1CA","Hexokinase"
"JAK3","PDPK1","Hexokinase"
"JAK3","MAP3K14","Hexokinase"
"JAK3","IGF1R","Hexokinase"
"JAK3","PRKCB","Hexokinase"
"JAK3","PRKCZ","Hexokinase"
"JAK3","TGFBR2","Hexokinase"
"JAK3","PAK2","Hexokinase"
"JAK3","PIK3CA","Hexokinase"
"JAK3","mTORC1","Hexokinase"
"JAK3","RASSF1","Hexokinase"
"JAK3","SGK3","Hexokinase"
"JAK3","PPP2R5C","Hexokinase"
"JAK3","DUSP1","Hexokinase"
"JAK3","TRAF2","Hexokinase"
"JAK3","NRAS","Hexokinase"
"JAK3","DUSP3","Hexokinase"
"JAK3","CCR2","Hexokinase"
"JAK3","PSTPIP1","Hexokinase"
"JAK3","RHEB","Hexokinase"
"JAK3","PIK3R1","Hexokinase"
"JAK3","IRS2","Hexokinase"
"JAK3","CDC42","Hexokinase"
"JAK3","CLK2","Hexokinase"
"JAK3","YWHAE","Hexokinase"
"JAK3","TIAM1","Hexokinase"
"JAK3","WAC","Hexokinase"
"JAK3","RGCC","Hexokinase"
"JAK3","PTEN","GRIK2"
"JAK3","MAPK8","GRIK2"
"JAK3","CSNK2A1","GRIK2"
"JAK3","PLK1","GRIK2"
"JAK3","KRAS","GRIK2"
"JAK3","RAC1","GRIK2"
"JAK3","PTPRJ","GRIK2"
"JAK3","TGFBR1","GRIK2"
"JAK3","PPP1CA","GRIK2"
"JAK3","PDPK1","GRIK2"
"JAK3","MAP3K14","GRIK2"
"JAK3","SGK1","GRIK2"
"JAK3","IGF1R","GRIK2"
"JAK3","PRKCB","GRIK2"
"JAK3","STK3","GRIK2"
"JAK3","RAB1A","GRIK2"
"JAK3","AKT","GRIK2"
"JAK3","LEPR","GRIK2"
"JAK3","AHSA1","GRIK2"
"JAK3","HSP90AB1","GRIK2"
"JAK3","SHOC2","GRIK2"
"JAK3","TYK2","GRIK2"
"JAK3","DUSP1","GRIK2"
"JAK3","MAP2K4","GRIK2"
"JAK3","RAB7A","GRIK2"
"JAK3","NRAS","GRIK2"
"JAK3","AR","GRIK2"
"JAK3","PRKCI","GRIK2"
"JAK3","PARD6A","GRIK2"
"JAK3","PSTPIP1","GRIK2"
"JAK3","RHEB","GRIK2"
"JAK3","DAXX","GRIK2"
"JAK3","DUSP6","GRIK2"
"JAK3","INPP5D","GRIK2"
"JAK3","IRS2","GRIK2"
"JAK3","PIK3CG","GRIK2"
"JAK3","SH2B2","GRIK2"
"JAK3","MDM2","GRIK2"
"JAK3","YWHAE","GRIK2"
"JAK3","PLCG1","GRIK2"
"JAK3","SH2B3","GRIK2"
"JAK3","PIK3C3","GRIK2"
"JAK3","TIAM1","GRIK2"
"JAK3","WAC","GRIK2"
"JAK3","ACTN1","GRIK2"
"JAK3","PTEN","EPOR"
"JAK3","MAPK8","EPOR"
"JAK3","AKT1","EPOR"
"JAK3","RAC1","EPOR"
"JAK3","MAP2K7","EPOR"
"JAK3","PTPRJ","EPOR"
"JAK3","PDPK1","EPOR"
"JAK3","SGK1","EPOR"
"JAK3","PRKCB","EPOR"
"JAK3","PRKCZ","EPOR"
"JAK3","TGFBR2","EPOR"
"JAK3","HRAS","EPOR"
"JAK3","PIK3CA","EPOR"
"JAK3","LEPR","EPOR"
"JAK3","mTORC1","EPOR"
"JAK3","AHSA1","EPOR"
"JAK3","ROCK1","EPOR"
"JAK3","RASSF1","EPOR"
"JAK3","BTK","EPOR"
"JAK3","SH2B1","EPOR"
"JAK3","PTPN12","EPOR"
"JAK3","PAK1","EPOR"
"JAK3","TYK2","EPOR"
"JAK3","ZAP70","EPOR"
"JAK3","DUSP1","EPOR"
"JAK3","GIT1","EPOR"
"JAK3","RAB7A","EPOR"
"JAK3","NRAS","EPOR"
"JAK3","PARD6A","EPOR"
"JAK3","DUSP6","EPOR"
"JAK3","INPP5D","EPOR"
"JAK3","CCNE1","EPOR"
"JAK3","PIK3CG","EPOR"
"JAK3","PPP2R5A","EPOR"
"JAK3","CLK2","EPOR"
"JAK3","MDM2","EPOR"
"JAK3","RUNX2","EPOR"
"JAK3","SH2B3","EPOR"
"JAK3","PIK3C3","EPOR"
"JAK3","RND1","EPOR"
"JAK3","TIAM1","EPOR"
"JAK3","WAC","EPOR"
"JAK3","RGCC","EPOR"
"JAK3","CHUK","CDX2"
"JAK3","CILK1","CDX2"
"JAK3","MTOR","CDX2"
"JAK3","AKT1","CDX2"
"JAK3","CSNK2A1","CDX2"
"JAK3","MAP2K7","CDX2"
"JAK3","TGFBR1","CDX2"
"JAK3","PPP1CA","CDX2"
"JAK3","PDPK1","CDX2"
"JAK3","MAP3K14","CDX2"
"JAK3","RPS6KA1","CDX2"
"JAK3","SGK1","CDX2"
"JAK3","PRKCB","CDX2"
"JAK3","STK3","CDX2"
"JAK3","RAB1A","CDX2"
"JAK3","PRKCZ","CDX2"
"JAK3","TGFBR2","CDX2"
"JAK3","RACK1","CDX2"
"JAK3","HRAS","CDX2"
"JAK3","PIK3CA","CDX2"
"JAK3","LEPR","CDX2"
"JAK3","AHSA1","CDX2"
"JAK3","ROCK1","CDX2"
"JAK3","BTK","CDX2"
"JAK3","SGK3","CDX2"
"JAK3","SH2B1","CDX2"
"JAK3","HSP90AB1","CDX2"
"JAK3","SHOC2","CDX2"
"JAK3","PTPN12","CDX2"
"JAK3","PAK1","CDX2"
"JAK3","TYK2","CDX2"
"JAK3","TRAF2","CDX2"
"JAK3","RAB7A","CDX2"
"JAK3","NRAS","CDX2"
"JAK3","DUSP3","CDX2"
"JAK3","PRKCI","CDX2"
"JAK3","PARD6A","CDX2"
"JAK3","PTPRA","CDX2"
"JAK3","CCR2","CDX2"
"JAK3","PSTPIP1","CDX2"
"JAK3","DAXX","CDX2"
"JAK3","INPP5D","CDX2"
"JAK3","CDC42","CDX2"
"JAK3","PPP2R5A","CDX2"
"JAK3","MDM2","CDX2"
"JAK3","PLCG1","CDX2"
"JAK3","RUNX2","CDX2"
"JAK3","PIK3C3","CDX2"
"JAK3","TIAM1","CDX2"
"JAK3","BANP","CDX2"
"JAK3","ACTN1","CDX2"
"JAK3","RGCC","CDX2"
"JAK3","CHUK","ARID4A"
"JAK3","CTNNB1","ARID4A"
"JAK3","PTEN","ARID4A"
"JAK3","MAPK8","ARID4A"
"JAK3","MTOR","ARID4A"
"JAK3","CSNK2A1","ARID4A"
"JAK3","PLK1","ARID4A"
"JAK3","KRAS","ARID4A"
"JAK3","PTPRJ","ARID4A"
"JAK3","PDPK1","ARID4A"
"JAK3","MAP3K14","ARID4A"
"JAK3","SGK1","ARID4A"
"JAK3","RAB1A","ARID4A"
"JAK3","AKT","ARID4A"
"JAK3","HRAS","ARID4A"
"JAK3","MAPK13","ARID4A"
"JAK3","PIK3CA","ARID4A"
"JAK3","mTORC1","ARID4A"
"JAK3","RASSF1","ARID4A"
"JAK3","BTK","ARID4A"
"JAK3","SGK3","ARID4A"
"JAK3","SH2B1","ARID4A"
"JAK3","HSP90AB1","ARID4A"
"JAK3","SHOC2","ARID4A"
"JAK3","PTPN12","ARID4A"
"JAK3","PPP2R5C","ARID4A"
"JAK3","PAK1","ARID4A"
"JAK3","DUSP1","ARID4A"
"JAK3","GIT1","ARID4A"
"JAK3","TRAF2","ARID4A"
"JAK3","MAP2K4","ARID4A"
"JAK3","RAB7A","ARID4A"
"JAK3","EPHA2","ARID4A"
"JAK3","NRAS","ARID4A"
"JAK3","UNC5A","ARID4A"
"JAK3","PRKCI","ARID4A"
"JAK3","INPP5D","ARID4A"
"JAK3","PIK3R1","ARID4A"
"JAK3","CCNE1","ARID4A"
"JAK3","PIK3CG","ARID4A"
"JAK3","SH2B2","ARID4A"
"JAK3","PPP2R5A","ARID4A"
"JAK3","CLK2","ARID4A"
"JAK3","MDM2","ARID4A"
"JAK3","PLCG1","ARID4A"
"JAK3","SPRY2","ARID4A"
"JAK3","RUNX2","ARID4A"
"JAK3","SH2B3","ARID4A"
"JAK3","PIK3C3","ARID4A"
"JAK3","RND1","ARID4A"
"JAK3","TIAM1","ARID4A"
"JAK3","ACTN1","ARID4A"
"JAK3","CHUK","BCL6"
"JAK3","PTEN","BCL6"
"JAK3","MAPK8","BCL6"
"JAK3","MTOR","BCL6"
"JAK3","CSNK2A1","BCL6"
"JAK3","KRAS","BCL6"
"JAK3","MAP2K7","BCL6"
"JAK3","PTPRJ","BCL6"
"JAK3","MAP3K14","BCL6"
"JAK3","IGF1R","BCL6"
"JAK3","STK3","BCL6"
"JAK3","PRKCZ","BCL6"
"JAK3","AKT","BCL6"
"JAK3","RACK1","BCL6"
"JAK3","MAPK13","BCL6"
"JAK3","PIK3CA","BCL6"
"JAK3","LEPR","BCL6"
"JAK3","ROCK1","BCL6"
"JAK3","PTPN11","BCL6"
"JAK3","SGK3","BCL6"
"JAK3","HSP90AB1","BCL6"
"JAK3","PTPN12","BCL6"
"JAK3","DUSP1","BCL6"
"JAK3","RAB7A","BCL6"
"JAK3","EPHA2","BCL6"
"JAK3","AR","BCL6"
"JAK3","MAPK11","BCL6"
"JAK3","UNC5A","BCL6"
"JAK3","PRKCI","BCL6"
"JAK3","PARD6A","BCL6"
"JAK3","PTPRA","BCL6"
"JAK3","PSTPIP1","BCL6"
"JAK3","RHEB","BCL6"
"JAK3","DAXX","BCL6"
"JAK3","DUSP6","BCL6"
"JAK3","INPP5D","BCL6"
"JAK3","PIK3R1","BCL6"
"JAK3","CCNE1","BCL6"
"JAK3","SH2B2","BCL6"
"JAK3","MDM2","BCL6"
"JAK3","YWHAE","BCL6"
"JAK3","PLCG1","BCL6"
"JAK3","RUNX2","BCL6"
"JAK3","TIAM1","BCL6"
"JAK3","WAC","BCL6"
"JAK3","BANP","BCL6"
"JAK3","DCTN6","BCL6"
"JAK3","RGCC","BCL6"
"JAK3","CTNNB1","ERF"
"JAK3","CILK1","ERF"
"JAK3","PTEN","ERF"
"JAK3","MTOR","ERF"
"JAK3","AKT1","ERF"
"JAK3","PLK1","ERF"
"JAK3","RAC1","ERF"
"JAK3","PPP1CA","ERF"
"JAK3","MAP3K14","ERF"
"JAK3","RPS6KA1","ERF"
"JAK3","SGK1","ERF"
"JAK3","AKT","ERF"
"JAK3","RACK1","ERF"
"JAK3","PIK3CA","ERF"
"JAK3","RPS6KA3","ERF"
"JAK3","mTORC1","ERF"
"JAK3","AHSA1","ERF"
"JAK3","RASSF1","ERF"
"JAK3","BTK","ERF"
"JAK3","SGK3","ERF"
"JAK3","SH2B1","ERF"
"JAK3","SHOC2","ERF"
"JAK3","PTPN12","ERF"
"JAK3","PPP2R5C","ERF"
"JAK3","TYK2","ERF"
"JAK3","ZAP70","ERF"
"JAK3","GIT1","ERF"
"JAK3","TRAF2","ERF"
"JAK3","RAB7A","ERF"
"JAK3","EPHA2","ERF"
"JAK3","AR","ERF"
"JAK3","DUSP3","ERF"
"JAK3","UNC5A","ERF"
"JAK3","PRKCI","ERF"
"JAK3","PARD6A","ERF"
"JAK3","PTPRA","ERF"
"JAK3","DUSP6","ERF"
"JAK3","INPP5D","ERF"
"JAK3","PIK3R1","ERF"
"JAK3","CDC42","ERF"
"JAK3","PPP2R5A","ERF"
"JAK3","CLK2","ERF"
"JAK3","MDM2","ERF"
"JAK3","YWHAE","ERF"
"JAK3","PLCG1","ERF"
"JAK3","SPRY2","ERF"
"JAK3","RUNX2","ERF"
"JAK3","PIK3C3","ERF"
"JAK3","RND1","ERF"
"JAK3","TIAM1","ERF"
"JAK3","WAC","ERF"
"JAK3","ACTN1","ERF"
"JAK3","CTNNB1","G6PD"
"JAK3","CILK1","G6PD"
"JAK3","PTEN","G6PD"
"JAK3","MTOR","G6PD"
"JAK3","CSNK2A1","G6PD"
"JAK3","PLK1","G6PD"
"JAK3","RAC1","G6PD"
"JAK3","PTPRJ","G6PD"
"JAK3","MAP3K14","G6PD"
"JAK3","RPS6KA1","G6PD"
"JAK3","PRKCB","G6PD"
"JAK3","STK3","G6PD"
"JAK3","TGFBR2","G6PD"
"JAK3","PAK2","G6PD"
"JAK3","AKT","G6PD"
"JAK3","HRAS","G6PD"
"JAK3","PIK3CA","G6PD"
"JAK3","AHSA1","G6PD"
"JAK3","RASSF1","G6PD"
"JAK3","BTK","G6PD"
"JAK3","SGK3","G6PD"
"JAK3","HSP90AB1","G6PD"
"JAK3","SHOC2","G6PD"
"JAK3","PTPN12","G6PD"
"JAK3","PAK1","G6PD"
"JAK3","TYK2","G6PD"
"JAK3","ZAP70","G6PD"
"JAK3","DUSP1","G6PD"
"JAK3","GIT1","G6PD"
"JAK3","TRAF2","G6PD"
"JAK3","MAP2K4","G6PD"
"JAK3","RAB7A","G6PD"
"JAK3","NRAS","G6PD"
"JAK3","AR","G6PD"
"JAK3","MAPK11","G6PD"
"JAK3","UNC5A","G6PD"
"JAK3","PTPRA","G6PD"
"JAK3","PSTPIP1","G6PD"
"JAK3","RHEB","G6PD"
"JAK3","PIK3R1","G6PD"
"JAK3","CCNE1","G6PD"
"JAK3","PIK3CG","G6PD"
"JAK3","PPP2R5A","G6PD"
"JAK3","RUNX2","G6PD"
"JAK3","SH2B3","G6PD"
"JAK3","PIK3C3","G6PD"
"JAK3","RND1","G6PD"
"JAK3","DCTN6","G6PD"
"JAK3","RGCC","G6PD"
"JAK3","PTPN11","HNRNPK"
"JAK3","CTNNB1","DNMT3A"
"JAK3","PTEN","DNMT3A"
"JAK3","MTOR","DNMT3A"
"JAK3","AKT1","DNMT3A"
"JAK3","KRAS","DNMT3A"
"JAK3","RAC1","DNMT3A"
"JAK3","MAP2K7","DNMT3A"
"JAK3","PTPRJ","DNMT3A"
"JAK3","PDPK1","DNMT3A"
"JAK3","RPS6KA1","DNMT3A"
"JAK3","IGF1R","DNMT3A"
"JAK3","TGFBR2","DNMT3A"
"JAK3","HRAS","DNMT3A"
"JAK3","RPS6KA3","DNMT3A"
"JAK3","mTORC1","DNMT3A"
"JAK3","AHSA1","DNMT3A"
"JAK3","ROCK1","DNMT3A"
"JAK3","RASSF1","DNMT3A"
"JAK3","BTK","DNMT3A"
"JAK3","PTPN11","DNMT3A"
"JAK3","SGK3","DNMT3A"
"JAK3","SH2B1","DNMT3A"
"JAK3","PTPN12","DNMT3A"
"JAK3","PAK1","DNMT3A"
"JAK3","TRAF2","DNMT3A"
"JAK3","NRAS","DNMT3A"
"JAK3","DUSP3","DNMT3A"
"JAK3","PRKCI","DNMT3A"
"JAK3","RHEB","DNMT3A"
"JAK3","CCNE1","DNMT3A"
"JAK3","CDC42","DNMT3A"
"JAK3","CLK2","DNMT3A"
"JAK3","PIK3C3","DNMT3A"
"JAK3","RND1","DNMT3A"
"JAK3","TIAM1","DNMT3A"
"JAK3","WAC","DNMT3A"
"JAK3","RGCC","DNMT3A"
"JAK3","CHUK","PKD2"
"JAK3","MTOR","PKD2"
"JAK3","CSNK2A1","PKD2"
"JAK3","PPP1CA","PKD2"
"JAK3","PDPK1","PKD2"
"JAK3","STK3","PKD2"
"JAK3","PRKCZ","PKD2"
"JAK3","TGFBR2","PKD2"
"JAK3","RACK1","PKD2"
"JAK3","MAPK13","PKD2"
"JAK3","RPS6KA3","PKD2"
"JAK3","mTORC1","PKD2"
"JAK3","AHSA1","PKD2"
"JAK3","RASSF1","PKD2"
"JAK3","SHOC2","PKD2"
"JAK3","PTPN12","PKD2"
"JAK3","PPP2R5C","PKD2"
"JAK3","PAK1","PKD2"
"JAK3","TYK2","PKD2"
"JAK3","ZAP70","PKD2"
"JAK3","DUSP1","PKD2"
"JAK3","TRAF2","PKD2"
"JAK3","RAB7A","PKD2"
"JAK3","EPHA2","PKD2"
"JAK3","NRAS","PKD2"
"JAK3","AR","PKD2"
"JAK3","DUSP3","PKD2"
"JAK3","MAPK11","PKD2"
"JAK3","PRKCI","PKD2"
"JAK3","PTPRA","PKD2"
"JAK3","PSTPIP1","PKD2"
"JAK3","DAXX","PKD2"
"JAK3","DUSP6","PKD2"
"JAK3","INPP5D","PKD2"
"JAK3","CCNE1","PKD2"
"JAK3","IRS2","PKD2"
"JAK3","PPP2R5A","PKD2"
"JAK3","CLK2","PKD2"
"JAK3","SPRY2","PKD2"
"JAK3","RND1","PKD2"
"JAK3","DCTN6","PKD2"
"JAK3","CILK1","KIF22"
"JAK3","MAPK8","KIF22"
"JAK3","MTOR","KIF22"
"JAK3","AKT1","KIF22"
"JAK3","CSNK2A1","KIF22"
"JAK3","KRAS","KIF22"
"JAK3","RAC1","KIF22"
"JAK3","MAP2K7","KIF22"
"JAK3","PTPRJ","KIF22"
"JAK3","PPP1CA","KIF22"
"JAK3","MAP3K14","KIF22"
"JAK3","SGK1","KIF22"
"JAK3","IGF1R","KIF22"
"JAK3","STK3","KIF22"
"JAK3","PRKCZ","KIF22"
"JAK3","TGFBR2","KIF22"
"JAK3","PAK2","KIF22"
"JAK3","AKT","KIF22"
"JAK3","HRAS","KIF22"
"JAK3","PIK3CA","KIF22"
"JAK3","RPS6KA3","KIF22"
"JAK3","SH2B1","KIF22"
"JAK3","PTPN12","KIF22"
"JAK3","PPP2R5C","KIF22"
"JAK3","PAK1","KIF22"
"JAK3","DUSP1","KIF22"
"JAK3","GIT1","KIF22"
"JAK3","TRAF2","KIF22"
"JAK3","NRAS","KIF22"
"JAK3","DUSP3","KIF22"
"JAK3","MAPK11","KIF22"
"JAK3","CCR2","KIF22"
"JAK3","DAXX","KIF22"
"JAK3","DUSP6","KIF22"
"JAK3","INPP5D","KIF22"
"JAK3","CCNE1","KIF22"
"JAK3","IRS2","KIF22"
"JAK3","CDC42","KIF22"
"JAK3","CLK2","KIF22"
"JAK3","MDM2","KIF22"
"JAK3","YWHAE","KIF22"
"JAK3","PLCG1","KIF22"
"JAK3","SPRY2","KIF22"
"JAK3","RUNX2","KIF22"
"JAK3","WAC","KIF22"
"JAK3","BANP","KIF22"
"JAK3","DCTN6","KIF22"
"JAK3","ACTN1","KIF22"
"JAK3","RGCC","KIF22"
"JAK3","CHUK","CEP55"
"JAK3","CILK1","CEP55"
"JAK3","PTEN","CEP55"
"JAK3","PLK1","CEP55"
"JAK3","KRAS","CEP55"
"JAK3","RAC1","CEP55"
"JAK3","PTPRJ","CEP55"
"JAK3","PDPK1","CEP55"
"JAK3","RPS6KA1","CEP55"
"JAK3","SGK1","CEP55"
"JAK3","RAB1A","CEP55"
"JAK3","TGFBR2","CEP55"
"JAK3","PAK2","CEP55"
"JAK3","AKT","CEP55"
"JAK3","PIK3CA","CEP55"
"JAK3","LEPR","CEP55"
"JAK3","RPS6KA3","CEP55"
"JAK3","mTORC1","CEP55"
"JAK3","AHSA1","CEP55"
"JAK3","ROCK1","CEP55"
"JAK3","RASSF1","CEP55"
"JAK3","SGK3","CEP55"
"JAK3","SHOC2","CEP55"
"JAK3","PTPN12","CEP55"
"JAK3","PPP2R5C","CEP55"
"JAK3","ZAP70","CEP55"
"JAK3","TRAF2","CEP55"
"JAK3","AR","CEP55"
"JAK3","MAPK11","CEP55"
"JAK3","UNC5A","CEP55"
"JAK3","PRKCI","CEP55"
"JAK3","PARD6A","CEP55"
"JAK3","PTPRA","CEP55"
"JAK3","PSTPIP1","CEP55"
"JAK3","PIK3R1","CEP55"
"JAK3","CCNE1","CEP55"
"JAK3","IRS2","CEP55"
"JAK3","PIK3CG","CEP55"
"JAK3","PPP2R5A","CEP55"
"JAK3","CLK2","CEP55"
"JAK3","MDM2","CEP55"
"JAK3","YWHAE","CEP55"
"JAK3","PLCG1","CEP55"
"JAK3","RUNX2","CEP55"
"JAK3","SH2B3","CEP55"
"JAK3","PIK3C3","CEP55"
"JAK3","TIAM1","CEP55"
"JAK3","WAC","CEP55"
"JAK3","DCTN6","CEP55"
"JAK3","ACTN1","CEP55"
"JAK3","RGCC","CEP55"
"JAK3","CHUK","CDC42EP4"
"JAK3","CILK1","CDC42EP4"
"JAK3","MTOR","CDC42EP4"
"JAK3","AKT1","CDC42EP4"
"JAK3","CSNK2A1","CDC42EP4"
"JAK3","PLK1","CDC42EP4"
"JAK3","KRAS","CDC42EP4"
"JAK3","RAC1","CDC42EP4"
"JAK3","MAP2K7","CDC42EP4"
"JAK3","PTPRJ","CDC42EP4"
"JAK3","TGFBR1","CDC42EP4"
"JAK3","PPP1CA","CDC42EP4"
"JAK3","RPS6KA1","CDC42EP4"
"JAK3","SGK1","CDC42EP4"
"JAK3","IGF1R","CDC42EP4"
"JAK3","TGFBR2","CDC42EP4"
"JAK3","PAK2","CDC42EP4"
"JAK3","AKT","CDC42EP4"
"JAK3","MAPK13","CDC42EP4"
"JAK3","PIK3CA","CDC42EP4"
"JAK3","LEPR","CDC42EP4"
"JAK3","AHSA1","CDC42EP4"
"JAK3","ROCK1","CDC42EP4"
"JAK3","RASSF1","CDC42EP4"
"JAK3","BTK","CDC42EP4"
"JAK3","SH2B1","CDC42EP4"
"JAK3","HSP90AB1","CDC42EP4"
"JAK3","SHOC2","CDC42EP4"
"JAK3","PTPN12","CDC42EP4"
"JAK3","PPP2R5C","CDC42EP4"
"JAK3","ZAP70","CDC42EP4"
"JAK3","DUSP1","CDC42EP4"
"JAK3","TRAF2","CDC42EP4"
"JAK3","MAP2K4","CDC42EP4"
"JAK3","RAB7A","CDC42EP4"
"JAK3","NRAS","CDC42EP4"
"JAK3","AR","CDC42EP4"
"JAK3","MAPK11","CDC42EP4"
"JAK3","UNC5A","CDC42EP4"
"JAK3","PRKCI","CDC42EP4"
"JAK3","PARD6A","CDC42EP4"
"JAK3","CCR2","CDC42EP4"
"JAK3","DAXX","CDC42EP4"
"JAK3","CCNE1","CDC42EP4"
"JAK3","IRS2","CDC42EP4"
"JAK3","CDC42","CDC42EP4"
"JAK3","SH2B2","CDC42EP4"
"JAK3","CLK2","CDC42EP4"
"JAK3","YWHAE","CDC42EP4"
"JAK3","PLCG1","CDC42EP4"
"JAK3","SPRY2","CDC42EP4"
"JAK3","RUNX2","CDC42EP4"
"JAK3","SH2B3","CDC42EP4"
"JAK3","PIK3C3","CDC42EP4"
"JAK3","TIAM1","CDC42EP4"
"JAK3","BANP","CDC42EP4"
"JAK3","RGCC","CDC42EP4"
"JAK3","CHUK","KIF1A"
"JAK3","CTNNB1","KIF1A"
"JAK3","CILK1","KIF1A"
"JAK3","PTEN","KIF1A"
"JAK3","MAPK8","KIF1A"
"JAK3","PLK1","KIF1A"
"JAK3","RAC1","KIF1A"
"JAK3","TGFBR1","KIF1A"
"JAK3","MAP3K14","KIF1A"
"JAK3","IGF1R","KIF1A"
"JAK3","PRKCB","KIF1A"
"JAK3","RAB1A","KIF1A"
"JAK3","PRKCZ","KIF1A"
"JAK3","PAK2","KIF1A"
"JAK3","RACK1","KIF1A"
"JAK3","PIK3CA","KIF1A"
"JAK3","LEPR","KIF1A"
"JAK3","RPS6KA3","KIF1A"
"JAK3","mTORC1","KIF1A"
"JAK3","AHSA1","KIF1A"
"JAK3","ROCK1","KIF1A"
"JAK3","BTK","KIF1A"
"JAK3","SGK3","KIF1A"
"JAK3","SH2B1","KIF1A"
"JAK3","SHOC2","KIF1A"
"JAK3","PTPN12","KIF1A"
"JAK3","PAK1","KIF1A"
"JAK3","TYK2","KIF1A"
"JAK3","TRAF2","KIF1A"
"JAK3","MAP2K4","KIF1A"
"JAK3","EPHA2","KIF1A"
"JAK3","NRAS","KIF1A"
"JAK3","AR","KIF1A"
"JAK3","PRKCI","KIF1A"
"JAK3","PARD6A","KIF1A"
"JAK3","PTPRA","KIF1A"
"JAK3","PIK3R1","KIF1A"
"JAK3","PIK3CG","KIF1A"
"JAK3","SH2B2","KIF1A"
"JAK3","PPP2R5A","KIF1A"
"JAK3","CLK2","KIF1A"
"JAK3","MDM2","KIF1A"
"JAK3","YWHAE","KIF1A"
"JAK3","SH2B3","KIF1A"
"JAK3","RND1","KIF1A"
"JAK3","WAC","KIF1A"
"JAK3","ACTN1","KIF1A"
"JAK3","RGCC","KIF1A"
"JAK3","CTNNB1","GlyR"
"JAK3","CILK1","GlyR"
"JAK3","PTEN","GlyR"
"JAK3","MAPK8","GlyR"
"JAK3","AKT1","GlyR"
"JAK3","PLK1","GlyR"
"JAK3","KRAS","GlyR"
"JAK3","MAP2K7","GlyR"
"JAK3","PTPRJ","GlyR"
"JAK3","TGFBR1","GlyR"
"JAK3","PPP1CA","GlyR"
"JAK3","PDPK1","GlyR"
"JAK3","RPS6KA1","GlyR"
"JAK3","SGK1","GlyR"
"JAK3","IGF1R","GlyR"
"JAK3","STK3","GlyR"
"JAK3","RAB1A","GlyR"
"JAK3","PRKCZ","GlyR"
"JAK3","PAK2","GlyR"
"JAK3","AKT","GlyR"
"JAK3","RACK1","GlyR"
"JAK3","HRAS","GlyR"
"JAK3","MAPK13","GlyR"
"JAK3","PIK3CA","GlyR"
"JAK3","BTK","GlyR"
"JAK3","SHOC2","GlyR"
"JAK3","PTPN12","GlyR"
"JAK3","PPP2R5C","GlyR"
"JAK3","ZAP70","GlyR"
"JAK3","TRAF2","GlyR"
"JAK3","MAP2K4","GlyR"
"JAK3","RAB7A","GlyR"
"JAK3","DUSP3","GlyR"
"JAK3","MAPK11","GlyR"
"JAK3","PARD6A","GlyR"
"JAK3","PTPRA","GlyR"
"JAK3","PSTPIP1","GlyR"
"JAK3","RHEB","GlyR"
"JAK3","DAXX","GlyR"
"JAK3","CCNE1","GlyR"
"JAK3","IRS2","GlyR"
"JAK3","CDC42","GlyR"
"JAK3","PPP2R5A","GlyR"
"JAK3","CLK2","GlyR"
"JAK3","SH2B3","GlyR"
"JAK3","TIAM1","GlyR"
"JAK3","WAC","GlyR"
"JAK3","BANP","GlyR"
"JAK3","DCTN6","GlyR"
"JAK3","ACTN1","GlyR"
"JAK3","CILK1","JUP"
"JAK3","PTEN","JUP"
"JAK3","MTOR","JUP"
"JAK3","AKT1","JUP"
"JAK3","CSNK2A1","JUP"
"JAK3","PLK1","JUP"
"JAK3","PTPRJ","JUP"
"JAK3","PPP1CA","JUP"
"JAK3","PDPK1","JUP"
"JAK3","MAP3K14","JUP"
"JAK3","SGK1","JUP"
"JAK3","STK3","JUP"
"JAK3","AKT","JUP"
"JAK3","RACK1","JUP"
"JAK3","HRAS","JUP"
"JAK3","MAPK13","JUP"
"JAK3","PIK3CA","JUP"
"JAK3","LEPR","JUP"
"JAK3","SH2B1","JUP"
"JAK3","HSP90AB1","JUP"
"JAK3","PTPN12","JUP"
"JAK3","ZAP70","JUP"
"JAK3","RAB7A","JUP"
"JAK3","EPHA2","JUP"
"JAK3","UNC5A","JUP"
"JAK3","PRKCI","JUP"
"JAK3","PARD6A","JUP"
"JAK3","PTPRA","JUP"
"JAK3","PSTPIP1","JUP"
"JAK3","INPP5D","JUP"
"JAK3","PIK3R1","JUP"
"JAK3","CCNE1","JUP"
"JAK3","IRS2","JUP"
"JAK3","CDC42","JUP"
"JAK3","SH2B2","JUP"
"JAK3","PPP2R5A","JUP"
"JAK3","MDM2","JUP"
"JAK3","YWHAE","JUP"
"JAK3","RUNX2","JUP"
"JAK3","SH2B3","JUP"
"JAK3","PIK3C3","JUP"
"JAK3","TIAM1","JUP"
"JAK3","BANP","JUP"
"JAK3","CHUK","TRRAP"
"JAK3","MTOR","TRRAP"
"JAK3","CSNK2A1","TRRAP"
"JAK3","PLK1","TRRAP"
"JAK3","MAP2K7","TRRAP"
"JAK3","TGFBR1","TRRAP"
"JAK3","PDPK1","TRRAP"
"JAK3","MAP3K14","TRRAP"
"JAK3","PRKCB","TRRAP"
"JAK3","STK3","TRRAP"
"JAK3","PRKCZ","TRRAP"
"JAK3","PAK2","TRRAP"
"JAK3","RACK1","TRRAP"
"JAK3","PIK3CA","TRRAP"
"JAK3","LEPR","TRRAP"
"JAK3","AHSA1","TRRAP"
"JAK3","ROCK1","TRRAP"
"JAK3","SH2B1","TRRAP"
"JAK3","PTPN12","TRRAP"
"JAK3","PPP2R5C","TRRAP"
"JAK3","TYK2","TRRAP"
"JAK3","DUSP1","TRRAP"
"JAK3","DUSP3","TRRAP"
"JAK3","MAPK11","TRRAP"
"JAK3","PRKCI","TRRAP"
"JAK3","PARD6A","TRRAP"
"JAK3","PTPRA","TRRAP"
"JAK3","CCR2","TRRAP"
"JAK3","PSTPIP1","TRRAP"
"JAK3","RHEB","TRRAP"
"JAK3","DAXX","TRRAP"
"JAK3","DUSP6","TRRAP"
"JAK3","INPP5D","TRRAP"
"JAK3","PIK3R1","TRRAP"
"JAK3","CCNE1","TRRAP"
"JAK3","SH2B2","TRRAP"
"JAK3","PPP2R5A","TRRAP"
"JAK3","MDM2","TRRAP"
"JAK3","YWHAE","TRRAP"
"JAK3","SPRY2","TRRAP"
"JAK3","RUNX2","TRRAP"
"JAK3","SH2B3","TRRAP"
"JAK3","TIAM1","TRRAP"
"JAK3","WAC","TRRAP"
"JAK3","DCTN6","TRRAP"
"JAK3","ACTN1","TRRAP"
"JAK3","RGCC","TRRAP"
"JAK3","CHUK","TFEB"
"JAK3","CILK1","TFEB"
"JAK3","PTEN","TFEB"
"JAK3","MTOR","TFEB"
"JAK3","AKT1","TFEB"
"JAK3","CSNK2A1","TFEB"
"JAK3","PLK1","TFEB"
"JAK3","KRAS","TFEB"
"JAK3","PTPRJ","TFEB"
"JAK3","TGFBR1","TFEB"
"JAK3","PDPK1","TFEB"
"JAK3","MAP3K14","TFEB"
"JAK3","SGK1","TFEB"
"JAK3","IGF1R","TFEB"
"JAK3","PRKCB","TFEB"
"JAK3","TGFBR2","TFEB"
"JAK3","PAK2","TFEB"
"JAK3","AKT","TFEB"
"JAK3","HRAS","TFEB"
"JAK3","PIK3CA","TFEB"
"JAK3","LEPR","TFEB"
"JAK3","RPS6KA3","TFEB"
"JAK3","mTORC1","TFEB"
"JAK3","AHSA1","TFEB"
"JAK3","ROCK1","TFEB"
"JAK3","RASSF1","TFEB"
"JAK3","BTK","TFEB"
"JAK3","SGK3","TFEB"
"JAK3","PTPN12","TFEB"
"JAK3","PPP2R5C","TFEB"
"JAK3","PAK1","TFEB"
"JAK3","ZAP70","TFEB"
"JAK3","DUSP1","TFEB"
"JAK3","GIT1","TFEB"
"JAK3","TRAF2","TFEB"
"JAK3","RAB7A","TFEB"
"JAK3","NRAS","TFEB"
"JAK3","MAPK11","TFEB"
"JAK3","UNC5A","TFEB"
"JAK3","PRKCI","TFEB"
"JAK3","PARD6A","TFEB"
"JAK3","PTPRA","TFEB"
"JAK3","PSTPIP1","TFEB"
"JAK3","RHEB","TFEB"
"JAK3","DUSP6","TFEB"
"JAK3","INPP5D","TFEB"
"JAK3","IRS2","TFEB"
"JAK3","PIK3CG","TFEB"
"JAK3","SH2B2","TFEB"
"JAK3","YWHAE","TFEB"
"JAK3","RUNX2","TFEB"
"JAK3","BANP","TFEB"
"JAK3","ACTN1","TFEB"
"JAK3","RGCC","TFEB"
"JAK3","CILK1","BAIAP2L1"
"JAK3","PTEN","BAIAP2L1"
"JAK3","MAPK8","BAIAP2L1"
"JAK3","MTOR","BAIAP2L1"
"JAK3","CSNK2A1","BAIAP2L1"
"JAK3","KRAS","BAIAP2L1"
"JAK3","MAP2K7","BAIAP2L1"
"JAK3","PTPRJ","BAIAP2L1"
"JAK3","PDPK1","BAIAP2L1"
"JAK3","RPS6KA1","BAIAP2L1"
"JAK3","RAB1A","BAIAP2L1"
"JAK3","TGFBR2","BAIAP2L1"
"JAK3","PAK2","BAIAP2L1"
"JAK3","MAPK13","BAIAP2L1"
"JAK3","mTORC1","BAIAP2L1"
"JAK3","ROCK1","BAIAP2L1"
"JAK3","BTK","BAIAP2L1"
"JAK3","SGK3","BAIAP2L1"
"JAK3","SH2B1","BAIAP2L1"
"JAK3","HSP90AB1","BAIAP2L1"
"JAK3","SHOC2","BAIAP2L1"
"JAK3","PTPN12","BAIAP2L1"
"JAK3","PPP2R5C","BAIAP2L1"
"JAK3","PAK1","BAIAP2L1"
"JAK3","TYK2","BAIAP2L1"
"JAK3","ZAP70","BAIAP2L1"
"JAK3","DUSP1","BAIAP2L1"
"JAK3","TRAF2","BAIAP2L1"
"JAK3","MAP2K4","BAIAP2L1"
"JAK3","AR","BAIAP2L1"
"JAK3","DUSP3","BAIAP2L1"
"JAK3","RHEB","BAIAP2L1"
"JAK3","DAXX","BAIAP2L1"
"JAK3","DUSP6","BAIAP2L1"
"JAK3","CCNE1","BAIAP2L1"
"JAK3","IRS2","BAIAP2L1"
"JAK3","SH2B2","BAIAP2L1"
"JAK3","CLK2","BAIAP2L1"
"JAK3","PIK3C3","BAIAP2L1"
"JAK3","RND1","BAIAP2L1"
"JAK3","TIAM1","BAIAP2L1"
"JAK3","BANP","BAIAP2L1"
"JAK3","ACTN1","BAIAP2L1"
"JAK3","RGCC","BAIAP2L1"
"JAK3","CTNNB1","STAT5B"
"JAK3","PTEN","STAT5B"
"JAK3","MAPK8","STAT5B"
"JAK3","MTOR","STAT5B"
"JAK3","PLK1","STAT5B"
"JAK3","KRAS","STAT5B"
"JAK3","MAP2K7","STAT5B"
"JAK3","TGFBR1","STAT5B"
"JAK3","PPP1CA","STAT5B"
"JAK3","PDPK1","STAT5B"
"JAK3","PRKCB","STAT5B"
"JAK3","STK3","STAT5B"
"JAK3","PAK2","STAT5B"
"JAK3","RACK1","STAT5B"
"JAK3","MAPK13","STAT5B"
"JAK3","RPS6KA3","STAT5B"
"JAK3","mTORC1","STAT5B"
"JAK3","AHSA1","STAT5B"
"JAK3","BTK","STAT5B"
"JAK3","PTPN11","STAT5B"
"JAK3","SGK3","STAT5B"
"JAK3","SHOC2","STAT5B"
"JAK3","PTPN12","STAT5B"
"JAK3","PPP2R5C","STAT5B"
"JAK3","PAK1","STAT5B"
"JAK3","ZAP70","STAT5B"
"JAK3","DUSP1","STAT5B"
"JAK3","MAP2K4","STAT5B"
"JAK3","RAB7A","STAT5B"
"JAK3","EPHA2","STAT5B"
"JAK3","NRAS","STAT5B"
"JAK3","UNC5A","STAT5B"
"JAK3","PRKCI","STAT5B"
"JAK3","PARD6A","STAT5B"
"JAK3","PSTPIP1","STAT5B"
"JAK3","RHEB","STAT5B"
"JAK3","DAXX","STAT5B"
"JAK3","INPP5D","STAT5B"
"JAK3","PIK3R1","STAT5B"
"JAK3","CCNE1","STAT5B"
"JAK3","CDC42","STAT5B"
"JAK3","PIK3CG","STAT5B"
"JAK3","SH2B2","STAT5B"
"JAK3","RND1","STAT5B"
"JAK3","TIAM1","STAT5B"
"JAK3","WAC","STAT5B"
"JAK3","DCTN6","STAT5B"
"JAK3","ACTN1","STAT5B"
"JAK3","RGCC","STAT5B"
"JAK3","MTOR","AGO2"
"JAK3","AKT1","AGO2"
"JAK3","CSNK2A1","AGO2"
"JAK3","KRAS","AGO2"
"JAK3","MAP2K7","AGO2"
"JAK3","TGFBR1","AGO2"
"JAK3","PPP1CA","AGO2"
"JAK3","PDPK1","AGO2"
"JAK3","RPS6KA1","AGO2"
"JAK3","IGF1R","AGO2"
"JAK3","PRKCB","AGO2"
"JAK3","TGFBR2","AGO2"
"JAK3","PAK2","AGO2"
"JAK3","AKT","AGO2"
"JAK3","RACK1","AGO2"
"JAK3","MAPK13","AGO2"
"JAK3","mTORC1","AGO2"
"JAK3","AHSA1","AGO2"
"JAK3","ROCK1","AGO2"
"JAK3","RASSF1","AGO2"
"JAK3","BTK","AGO2"
"JAK3","SGK3","AGO2"
"JAK3","SH2B1","AGO2"
"JAK3","HSP90AB1","AGO2"
"JAK3","SHOC2","AGO2"
"JAK3","PAK1","AGO2"
"JAK3","TYK2","AGO2"
"JAK3","ZAP70","AGO2"
"JAK3","GIT1","AGO2"
"JAK3","RAB7A","AGO2"
"JAK3","EPHA2","AGO2"
"JAK3","NRAS","AGO2"
"JAK3","UNC5A","AGO2"
"JAK3","PARD6A","AGO2"
"JAK3","CCR2","AGO2"
"JAK3","PSTPIP1","AGO2"
"JAK3","DAXX","AGO2"
"JAK3","INPP5D","AGO2"
"JAK3","PIK3R1","AGO2"
"JAK3","CCNE1","AGO2"
"JAK3","IRS2","AGO2"
"JAK3","CDC42","AGO2"
"JAK3","PPP2R5A","AGO2"
"JAK3","CLK2","AGO2"
"JAK3","YWHAE","AGO2"
"JAK3","PLCG1","AGO2"
"JAK3","SH2B3","AGO2"
"JAK3","PIK3C3","AGO2"
"JAK3","RND1","AGO2"
"JAK3","WAC","AGO2"
"JAK3","BANP","AGO2"
"JAK3","DCTN6","AGO2"
"JAK3","RGCC","AGO2"
"JAK3","CTNNB1","KCNJ13"
"JAK3","CILK1","KCNJ13"
"JAK3","MTOR","KCNJ13"
"JAK3","AKT1","KCNJ13"
"JAK3","PLK1","KCNJ13"
"JAK3","RAC1","KCNJ13"
"JAK3","PPP1CA","KCNJ13"
"JAK3","PDPK1","KCNJ13"
"JAK3","MAP3K14","KCNJ13"
"JAK3","RPS6KA1","KCNJ13"
"JAK3","SGK1","KCNJ13"
"JAK3","IGF1R","KCNJ13"
"JAK3","STK3","KCNJ13"
"JAK3","PRKCZ","KCNJ13"
"JAK3","AKT","KCNJ13"
"JAK3","HRAS","KCNJ13"
"JAK3","PIK3CA","KCNJ13"
"JAK3","LEPR","KCNJ13"
"JAK3","RPS6KA3","KCNJ13"
"JAK3","mTORC1","KCNJ13"
"JAK3","ROCK1","KCNJ13"
"JAK3","SGK3","KCNJ13"
"JAK3","PTPN12","KCNJ13"
"JAK3","ZAP70","KCNJ13"
"JAK3","DUSP1","KCNJ13"
"JAK3","TRAF2","KCNJ13"
"JAK3","MAP2K4","KCNJ13"
"JAK3","EPHA2","KCNJ13"
"JAK3","PRKCI","KCNJ13"
"JAK3","PARD6A","KCNJ13"
"JAK3","CCR2","KCNJ13"
"JAK3","PSTPIP1","KCNJ13"
"JAK3","DUSP6","KCNJ13"
"JAK3","INPP5D","KCNJ13"
"JAK3","CCNE1","KCNJ13"
"JAK3","SH2B2","KCNJ13"
"JAK3","CLK2","KCNJ13"
"JAK3","YWHAE","KCNJ13"
"JAK3","RUNX2","KCNJ13"
"JAK3","RND1","KCNJ13"
"JAK3","ACTN1","KCNJ13"
"JAK3","RGCC","KCNJ13"
"JAK3","CHUK","MAP4"
"JAK3","CTNNB1","MAP4"
"JAK3","MAPK8","MAP4"
"JAK3","AKT1","MAP4"
"JAK3","KRAS","MAP4"
"JAK3","RAC1","MAP4"
"JAK3","MAP2K7","MAP4"
"JAK3","PTPRJ","MAP4"
"JAK3","PPP1CA","MAP4"
"JAK3","PDPK1","MAP4"
"JAK3","MAP3K14","MAP4"
"JAK3","IGF1R","MAP4"
"JAK3","PRKCB","MAP4"
"JAK3","STK3","MAP4"
"JAK3","PRKCZ","MAP4"
"JAK3","TGFBR2","MAP4"
"JAK3","AKT","MAP4"
"JAK3","HRAS","MAP4"
"JAK3","LEPR","MAP4"
"JAK3","mTORC1","MAP4"
"JAK3","AHSA1","MAP4"
"JAK3","ROCK1","MAP4"
"JAK3","SH2B1","MAP4"
"JAK3","HSP90AB1","MAP4"
"JAK3","SHOC2","MAP4"
"JAK3","PTPN12","MAP4"
"JAK3","PPP2R5C","MAP4"
"JAK3","PAK1","MAP4"
"JAK3","TYK2","MAP4"
"JAK3","GIT1","MAP4"
"JAK3","RAB7A","MAP4"
"JAK3","NRAS","MAP4"
"JAK3","DUSP3","MAP4"
"JAK3","UNC5A","MAP4"
"JAK3","PRKCI","MAP4"
"JAK3","PARD6A","MAP4"
"JAK3","PTPRA","MAP4"
"JAK3","PSTPIP1","MAP4"
"JAK3","PIK3R1","MAP4"
"JAK3","CDC42","MAP4"
"JAK3","PIK3CG","MAP4"
"JAK3","SH2B2","MAP4"
"JAK3","PPP2R5A","MAP4"
"JAK3","CLK2","MAP4"
"JAK3","SH2B3","MAP4"
"JAK3","RND1","MAP4"
"JAK3","WAC","MAP4"
"JAK3","BANP","MAP4"
"JAK3","ACTN1","MAP4"
"JAK3","RGCC","MAP4"
"JAK3","CHUK","WASF3"
"JAK3","CTNNB1","WASF3"
"JAK3","CSNK2A1","WASF3"
"JAK3","KRAS","WASF3"
"JAK3","RAC1","WASF3"
"JAK3","MAP2K7","WASF3"
"JAK3","PPP1CA","WASF3"
"JAK3","PDPK1","WASF3"
"JAK3","MAP3K14","WASF3"
"JAK3","RPS6KA1","WASF3"
"JAK3","SGK1","WASF3"
"JAK3","IGF1R","WASF3"
"JAK3","PRKCB","WASF3"
"JAK3","PRKCZ","WASF3"
"JAK3","TGFBR2","WASF3"
"JAK3","PAK2","WASF3"
"JAK3","RACK1","WASF3"
"JAK3","PIK3CA","WASF3"
"JAK3","LEPR","WASF3"
"JAK3","RPS6KA3","WASF3"
"JAK3","RASSF1","WASF3"
"JAK3","SGK3","WASF3"
"JAK3","SH2B1","WASF3"
"JAK3","HSP90AB1","WASF3"
"JAK3","SHOC2","WASF3"
"JAK3","PTPN12","WASF3"
"JAK3","PPP2R5C","WASF3"
"JAK3","TYK2","WASF3"
"JAK3","ZAP70","WASF3"
"JAK3","DUSP1","WASF3"
"JAK3","GIT1","WASF3"
"JAK3","TRAF2","WASF3"
"JAK3","EPHA2","WASF3"
"JAK3","NRAS","WASF3"
"JAK3","DUSP3","WASF3"
"JAK3","MAPK11","WASF3"
"JAK3","PRKCI","WASF3"
"JAK3","PARD6A","WASF3"
"JAK3","PTPRA","WASF3"
"JAK3","CCR2","WASF3"
"JAK3","RHEB","WASF3"
"JAK3","DAXX","WASF3"
"JAK3","DUSP6","WASF3"
"JAK3","INPP5D","WASF3"
"JAK3","PIK3R1","WASF3"
"JAK3","IRS2","WASF3"
"JAK3","CDC42","WASF3"
"JAK3","PPP2R5A","WASF3"
"JAK3","CLK2","WASF3"
"JAK3","MDM2","WASF3"
"JAK3","YWHAE","WASF3"
"JAK3","SPRY2","WASF3"
"JAK3","RND1","WASF3"
"JAK3","TIAM1","WASF3"
"JAK3","WAC","WASF3"
"JAK3","BANP","WASF3"
"JAK3","DCTN6","WASF3"
"JAK3","ACTN1","WASF3"
"JAK3","CHUK","CD5"
"JAK3","CILK1","CD5"
"JAK3","MAPK8","CD5"
"JAK3","MTOR","CD5"
"JAK3","AKT1","CD5"
"JAK3","CSNK2A1","CD5"
"JAK3","PLK1","CD5"
"JAK3","KRAS","CD5"
"JAK3","PTPRJ","CD5"
"JAK3","TGFBR1","CD5"
"JAK3","PPP1CA","CD5"
"JAK3","MAP3K14","CD5"
"JAK3","IGF1R","CD5"
"JAK3","PRKCB","CD5"
"JAK3","STK3","CD5"
"JAK3","TGFBR2","CD5"
"JAK3","PAK2","CD5"
"JAK3","AKT","CD5"
"JAK3","RACK1","CD5"
"JAK3","HRAS","CD5"
"JAK3","MAPK13","CD5"
"JAK3","PIK3CA","CD5"
"JAK3","RPS6KA3","CD5"
"JAK3","AHSA1","CD5"
"JAK3","ROCK1","CD5"
"JAK3","RASSF1","CD5"
"JAK3","SGK3","CD5"
"JAK3","SHOC2","CD5"
"JAK3","PTPN12","CD5"
"JAK3","PAK1","CD5"
"JAK3","TYK2","CD5"
"JAK3","ZAP70","CD5"
"JAK3","GIT1","CD5"
"JAK3","TRAF2","CD5"
"JAK3","MAP2K4","CD5"
"JAK3","RAB7A","CD5"
"JAK3","EPHA2","CD5"
"JAK3","NRAS","CD5"
"JAK3","AR","CD5"
"JAK3","DUSP3","CD5"
"JAK3","PRKCI","CD5"
"JAK3","PARD6A","CD5"
"JAK3","CCR2","CD5"
"JAK3","RHEB","CD5"
"JAK3","DAXX","CD5"
"JAK3","DUSP6","CD5"
"JAK3","PIK3R1","CD5"
"JAK3","IRS2","CD5"
"JAK3","PIK3CG","CD5"
"JAK3","SH2B2","CD5"
"JAK3","PPP2R5A","CD5"
"JAK3","CLK2","CD5"
"JAK3","MDM2","CD5"
"JAK3","YWHAE","CD5"
"JAK3","SPRY2","CD5"
"JAK3","SH2B3","CD5"
"JAK3","TIAM1","CD5"
"JAK3","BANP","CD5"
"JAK3","CHUK","MYL9"
"JAK3","MAPK8","MYL9"
"JAK3","AKT1","MYL9"
"JAK3","KRAS","MYL9"
"JAK3","PPP1CA","MYL9"
"JAK3","PDPK1","MYL9"
"JAK3","IGF1R","MYL9"
"JAK3","STK3","MYL9"
"JAK3","RPS6KA3","MYL9"
"JAK3","mTORC1","MYL9"
"JAK3","AHSA1","MYL9"
"JAK3","ROCK1","MYL9"
"JAK3","SH2B1","MYL9"
"JAK3","ZAP70","MYL9"
"JAK3","GIT1","MYL9"
"JAK3","DUSP3","MYL9"
"JAK3","MAPK11","MYL9"
"JAK3","PTPRA","MYL9"
"JAK3","DAXX","MYL9"
"JAK3","CCNE1","MYL9"
"JAK3","CDC42","MYL9"
"JAK3","PPP2R5A","MYL9"
"JAK3","CLK2","MYL9"
"JAK3","MDM2","MYL9"
"JAK3","SPRY2","MYL9"
"JAK3","SH2B3","MYL9"
"JAK3","TIAM1","MYL9"
"JAK3","WAC","MYL9"
"JAK3","RGCC","MYL9"
"JAK3","PTPN11","GORASP1"
"JAK3","CHUK","CD33"
"JAK3","PLK1","CD33"
"JAK3","KRAS","CD33"
"JAK3","PTPRJ","CD33"
"JAK3","TGFBR1","CD33"
"JAK3","MAP3K14","CD33"
"JAK3","IGF1R","CD33"
"JAK3","PRKCB","CD33"
"JAK3","PRKCZ","CD33"
"JAK3","PAK2","CD33"
"JAK3","AKT","CD33"
"JAK3","RACK1","CD33"
"JAK3","HRAS","CD33"
"JAK3","PIK3CA","CD33"
"JAK3","RPS6KA3","CD33"
"JAK3","SGK3","CD33"
"JAK3","SH2B1","CD33"
"JAK3","SHOC2","CD33"
"JAK3","DUSP1","CD33"
"JAK3","AR","CD33"
"JAK3","DUSP3","CD33"
"JAK3","UNC5A","CD33"
"JAK3","PRKCI","CD33"
"JAK3","PARD6A","CD33"
"JAK3","PTPRA","CD33"
"JAK3","CCR2","CD33"
"JAK3","INPP5D","CD33"
"JAK3","PIK3CG","CD33"
"JAK3","PPP2R5A","CD33"
"JAK3","CLK2","CD33"
"JAK3","PLCG1","CD33"
"JAK3","RUNX2","CD33"
"JAK3","TIAM1","CD33"
"JAK3","DCTN6","CD33"
"JAK3","ACTN1","CD33"
"JAK3","RGCC","CD33"
"JAK3","PTPN11","HGS"
"JAK3","CTNNB1","ARID3A"
"JAK3","CILK1","ARID3A"
"JAK3","PTEN","ARID3A"
"JAK3","MAPK8","ARID3A"
"JAK3","AKT1","ARID3A"
"JAK3","CSNK2A1","ARID3A"
"JAK3","PLK1","ARID3A"
"JAK3","RAC1","ARID3A"
"JAK3","PTPRJ","ARID3A"
"JAK3","PPP1CA","ARID3A"
"JAK3","PDPK1","ARID3A"
"JAK3","TGFBR2","ARID3A"
"JAK3","AKT","ARID3A"
"JAK3","RACK1","ARID3A"
"JAK3","PIK3CA","ARID3A"
"JAK3","mTORC1","ARID3A"
"JAK3","AHSA1","ARID3A"
"JAK3","ROCK1","ARID3A"
"JAK3","RASSF1","ARID3A"
"JAK3","PTPN11","ARID3A"
"JAK3","SH2B1","ARID3A"
"JAK3","HSP90AB1","ARID3A"
"JAK3","PPP2R5C","ARID3A"
"JAK3","TYK2","ARID3A"
"JAK3","DUSP1","ARID3A"
"JAK3","GIT1","ARID3A"
"JAK3","EPHA2","ARID3A"
"JAK3","AR","ARID3A"
"JAK3","MAPK11","ARID3A"
"JAK3","PSTPIP1","ARID3A"
"JAK3","RHEB","ARID3A"
"JAK3","DAXX","ARID3A"
"JAK3","IRS2","ARID3A"
"JAK3","PPP2R5A","ARID3A"
"JAK3","MDM2","ARID3A"
"JAK3","RUNX2","ARID3A"
"JAK3","TIAM1","ARID3A"
"JAK3","RGCC","ARID3A"
"JAK3","CTNNB1","ESCO1"
"JAK3","MTOR","ESCO1"
"JAK3","PTPRJ","ESCO1"
"JAK3","TGFBR1","ESCO1"
"JAK3","PPP1CA","ESCO1"
"JAK3","PDPK1","ESCO1"
"JAK3","IGF1R","ESCO1"
"JAK3","STK3","ESCO1"
"JAK3","AKT","ESCO1"
"JAK3","HRAS","ESCO1"
"JAK3","ROCK1","ESCO1"
"JAK3","RASSF1","ESCO1"
"JAK3","HSP90AB1","ESCO1"
"JAK3","PAK1","ESCO1"
"JAK3","ZAP70","ESCO1"
"JAK3","GIT1","ESCO1"
"JAK3","TRAF2","ESCO1"
"JAK3","MAP2K4","ESCO1"
"JAK3","NRAS","ESCO1"
"JAK3","AR","ESCO1"
"JAK3","DUSP3","ESCO1"
"JAK3","UNC5A","ESCO1"
"JAK3","PRKCI","ESCO1"
"JAK3","PARD6A","ESCO1"
"JAK3","PTPRA","ESCO1"
"JAK3","CCR2","ESCO1"
"JAK3","PSTPIP1","ESCO1"
"JAK3","DUSP6","ESCO1"
"JAK3","INPP5D","ESCO1"
"JAK3","PIK3R1","ESCO1"
"JAK3","SH2B2","ESCO1"
"JAK3","PPP2R5A","ESCO1"
"JAK3","CLK2","ESCO1"
"JAK3","PLCG1","ESCO1"
"JAK3","SPRY2","ESCO1"
"JAK3","SH2B3","ESCO1"
"JAK3","RND1","ESCO1"
"JAK3","TIAM1","ESCO1"
"JAK3","WAC","ESCO1"
"JAK3","BANP","ESCO1"
"JAK3","ACTN1","ESCO1"
"JAK3","RGCC","ESCO1"
"JAK3","CHUK","TP63"
"JAK3","CILK1","TP63"
"JAK3","MTOR","TP63"
"JAK3","AKT1","TP63"
"JAK3","PLK1","TP63"
"JAK3","KRAS","TP63"
"JAK3","MAP2K7","TP63"
"JAK3","PTPRJ","TP63"
"JAK3","TGFBR1","TP63"
"JAK3","PDPK1","TP63"
"JAK3","MAP3K14","TP63"
"JAK3","RPS6KA1","TP63"
"JAK3","SGK1","TP63"
"JAK3","IGF1R","TP63"
"JAK3","PRKCB","TP63"
"JAK3","RAB1A","TP63"
"JAK3","PRKCZ","TP63"
"JAK3","AKT","TP63"
"JAK3","RACK1","TP63"
"JAK3","MAPK13","TP63"
"JAK3","LEPR","TP63"
"JAK3","RASSF1","TP63"
"JAK3","BTK","TP63"
"JAK3","SGK3","TP63"
"JAK3","SH2B1","TP63"
"JAK3","HSP90AB1","TP63"
"JAK3","PTPN12","TP63"
"JAK3","PAK1","TP63"
"JAK3","GIT1","TP63"
"JAK3","DUSP3","TP63"
"JAK3","PRKCI","TP63"
"JAK3","RHEB","TP63"
"JAK3","IRS2","TP63"
"JAK3","SH2B2","TP63"
"JAK3","YWHAE","TP63"
"JAK3","SPRY2","TP63"
"JAK3","SH2B3","TP63"
"JAK3","RND1","TP63"
"JAK3","TIAM1","TP63"
"JAK3","WAC","TP63"
"JAK3","DCTN6","TP63"
"JAK3","ACTN1","TP63"
"JAK3","RGCC","TP63"
"JAK3","CTNNB1","GFPT1"
"JAK3","CILK1","GFPT1"
"JAK3","PTEN","GFPT1"
"JAK3","MTOR","GFPT1"
"JAK3","AKT1","GFPT1"
"JAK3","CSNK2A1","GFPT1"
"JAK3","PLK1","GFPT1"
"JAK3","PTPRJ","GFPT1"
"JAK3","PPP1CA","GFPT1"
"JAK3","RPS6KA1","GFPT1"
"JAK3","SGK1","GFPT1"
"JAK3","IGF1R","GFPT1"
"JAK3","STK3","GFPT1"
"JAK3","PAK2","GFPT1"
"JAK3","AKT","GFPT1"
"JAK3","RACK1","GFPT1"
"JAK3","HRAS","GFPT1"
"JAK3","PIK3CA","GFPT1"
"JAK3","RPS6KA3","GFPT1"
"JAK3","AHSA1","GFPT1"
"JAK3","RASSF1","GFPT1"
"JAK3","BTK","GFPT1"
"JAK3","SH2B1","GFPT1"
"JAK3","PAK1","GFPT1"
"JAK3","GIT1","GFPT1"
"JAK3","MAP2K4","GFPT1"
"JAK3","PARD6A","GFPT1"
"JAK3","RHEB","GFPT1"
"JAK3","CCNE1","GFPT1"
"JAK3","CDC42","GFPT1"
"JAK3","PPP2R5A","GFPT1"
"JAK3","YWHAE","GFPT1"
"JAK3","RUNX2","GFPT1"
"JAK3","SH2B3","GFPT1"
"JAK3","TIAM1","GFPT1"
"JAK3","WAC","GFPT1"
"JAK3","CHUK","CALD1"
"JAK3","PTEN","CALD1"
"JAK3","AKT1","CALD1"
"JAK3","MAP2K7","CALD1"
"JAK3","PRKCB","CALD1"
"JAK3","PRKCZ","CALD1"
"JAK3","TGFBR2","CALD1"
"JAK3","AKT","CALD1"
"JAK3","MAPK13","CALD1"
"JAK3","PIK3CA","CALD1"
"JAK3","LEPR","CALD1"
"JAK3","PTPN11","CALD1"
"JAK3","SGK3","CALD1"
"JAK3","SH2B1","CALD1"
"JAK3","HSP90AB1","CALD1"
"JAK3","TYK2","CALD1"
"JAK3","ZAP70","CALD1"
"JAK3","DUSP1","CALD1"
"JAK3","GIT1","CALD1"
"JAK3","TRAF2","CALD1"
"JAK3","MAP2K4","CALD1"
"JAK3","RAB7A","CALD1"
"JAK3","NRAS","CALD1"
"JAK3","AR","CALD1"
"JAK3","DUSP3","CALD1"
"JAK3","MAPK11","CALD1"
"JAK3","PRKCI","CALD1"
"JAK3","PARD6A","CALD1"
"JAK3","PTPRA","CALD1"
"JAK3","DAXX","CALD1"
"JAK3","INPP5D","CALD1"
"JAK3","PIK3R1","CALD1"
"JAK3","CDC42","CALD1"
"JAK3","PIK3CG","CALD1"
"JAK3","SH2B2","CALD1"
"JAK3","PPP2R5A","CALD1"
"JAK3","MDM2","CALD1"
"JAK3","PLCG1","CALD1"
"JAK3","RND1","CALD1"
"JAK3","BANP","CALD1"
"JAK3","DCTN6","CALD1"
"JAK3","ACTN1","CALD1"
"JAK3","PTEN","TWIST1"
"JAK3","MAPK8","TWIST1"
"JAK3","AKT1","TWIST1"
"JAK3","CSNK2A1","TWIST1"
"JAK3","PLK1","TWIST1"
"JAK3","RAC1","TWIST1"
"JAK3","MAP2K7","TWIST1"
"JAK3","TGFBR1","TWIST1"
"JAK3","PPP1CA","TWIST1"
"JAK3","PDPK1","TWIST1"
"JAK3","IGF1R","TWIST1"
"JAK3","PRKCB","TWIST1"
"JAK3","RAB1A","TWIST1"
"JAK3","MAPK13","TWIST1"
"JAK3","PIK3CA","TWIST1"
"JAK3","LEPR","TWIST1"
"JAK3","ROCK1","TWIST1"
"JAK3","RASSF1","TWIST1"
"JAK3","BTK","TWIST1"
"JAK3","SH2B1","TWIST1"
"JAK3","HSP90AB1","TWIST1"
"JAK3","SHOC2","TWIST1"
"JAK3","PPP2R5C","TWIST1"
"JAK3","PAK1","TWIST1"
"JAK3","TYK2","TWIST1"
"JAK3","GIT1","TWIST1"
"JAK3","TRAF2","TWIST1"
"JAK3","NRAS","TWIST1"
"JAK3","DUSP3","TWIST1"
"JAK3","MAPK11","TWIST1"
"JAK3","PTPRA","TWIST1"
"JAK3","CCR2","TWIST1"
"JAK3","RHEB","TWIST1"
"JAK3","DAXX","TWIST1"
"JAK3","DUSP6","TWIST1"
"JAK3","IRS2","TWIST1"
"JAK3","SH2B2","TWIST1"
"JAK3","PPP2R5A","TWIST1"
"JAK3","CLK2","TWIST1"
"JAK3","MDM2","TWIST1"
"JAK3","RUNX2","TWIST1"
"JAK3","SH2B3","TWIST1"
"JAK3","RND1","TWIST1"
"JAK3","WAC","TWIST1"
"JAK3","DCTN6","TWIST1"
"JAK3","ACTN1","TWIST1"
"JAK3","CHUK","HSF1"
"JAK3","MAPK8","HSF1"
"JAK3","MTOR","HSF1"
"JAK3","KRAS","HSF1"
"JAK3","RAC1","HSF1"
"JAK3","TGFBR1","HSF1"
"JAK3","PRKCB","HSF1"
"JAK3","STK3","HSF1"
"JAK3","AKT","HSF1"
"JAK3","PIK3CA","HSF1"
"JAK3","LEPR","HSF1"
"JAK3","BTK","HSF1"
"JAK3","PTPN11","HSF1"
"JAK3","SGK3","HSF1"
"JAK3","SH2B1","HSF1"
"JAK3","GIT1","HSF1"
"JAK3","NRAS","HSF1"
"JAK3","PRKCI","HSF1"
"JAK3","PARD6A","HSF1"
"JAK3","PSTPIP1","HSF1"
"JAK3","CDC42","HSF1"
"JAK3","PIK3CG","HSF1"
"JAK3","MDM2","HSF1"
"JAK3","YWHAE","HSF1"
"JAK3","SPRY2","HSF1"
"JAK3","RND1","HSF1"
"JAK3","KRAS","BMI1"
"JAK3","MAP2K7","BMI1"
"JAK3","PTPRJ","BMI1"
"JAK3","TGFBR1","BMI1"
"JAK3","PPP1CA","BMI1"
"JAK3","PDPK1","BMI1"
"JAK3","MAP3K14","BMI1"
"JAK3","IGF1R","BMI1"
"JAK3","PRKCB","BMI1"
"JAK3","RAB1A","BMI1"
"JAK3","TGFBR2","BMI1"
"JAK3","PAK2","BMI1"
"JAK3","AKT","BMI1"
"JAK3","RACK1","BMI1"
"JAK3","PIK3CA","BMI1"
"JAK3","LEPR","BMI1"
"JAK3","RPS6KA3","BMI1"
"JAK3","mTORC1","BMI1"
"JAK3","ROCK1","BMI1"
"JAK3","RASSF1","BMI1"
"JAK3","PTPN11","BMI1"
"JAK3","SGK3","BMI1"
"JAK3","HSP90AB1","BMI1"
"JAK3","SHOC2","BMI1"
"JAK3","PTPN12","BMI1"
"JAK3","PPP2R5C","BMI1"
"JAK3","PAK1","BMI1"
"JAK3","TYK2","BMI1"
"JAK3","GIT1","BMI1"
"JAK3","EPHA2","BMI1"
"JAK3","MAPK11","BMI1"
"JAK3","UNC5A","BMI1"
"JAK3","CCR2","BMI1"
"JAK3","PSTPIP1","BMI1"
"JAK3","RHEB","BMI1"
"JAK3","DAXX","BMI1"
"JAK3","INPP5D","BMI1"
"JAK3","PIK3R1","BMI1"
"JAK3","CCNE1","BMI1"
"JAK3","PIK3CG","BMI1"
"JAK3","SH2B2","BMI1"
"JAK3","PPP2R5A","BMI1"
"JAK3","CLK2","BMI1"
"JAK3","MDM2","BMI1"
"JAK3","YWHAE","BMI1"
"JAK3","PLCG1","BMI1"
"JAK3","RUNX2","BMI1"
"JAK3","SH2B3","BMI1"
"JAK3","PIK3C3","BMI1"
"JAK3","RND1","BMI1"
"JAK3","TIAM1","BMI1"
"JAK3","WAC","BMI1"
"JAK3","BANP","BMI1"
"JAK3","DCTN6","BMI1"
"JAK3","RGCC","BMI1"
"JAK3","CTNNB1","CNN3"
"JAK3","CILK1","CNN3"
"JAK3","PTEN","CNN3"
"JAK3","MAPK8","CNN3"
"JAK3","AKT1","CNN3"
"JAK3","CSNK2A1","CNN3"
"JAK3","PLK1","CNN3"
"JAK3","KRAS","CNN3"
"JAK3","MAP2K7","CNN3"
"JAK3","TGFBR1","CNN3"
"JAK3","PPP1CA","CNN3"
"JAK3","PDPK1","CNN3"
"JAK3","SGK1","CNN3"
"JAK3","IGF1R","CNN3"
"JAK3","STK3","CNN3"
"JAK3","TGFBR2","CNN3"
"JAK3","AKT","CNN3"
"JAK3","RACK1","CNN3"
"JAK3","HRAS","CNN3"
"JAK3","PIK3CA","CNN3"
"JAK3","LEPR","CNN3"
"JAK3","RPS6KA3","CNN3"
"JAK3","BTK","CNN3"
"JAK3","SGK3","CNN3"
"JAK3","SH2B1","CNN3"
"JAK3","PAK1","CNN3"
"JAK3","TYK2","CNN3"
"JAK3","ZAP70","CNN3"
"JAK3","DUSP1","CNN3"
"JAK3","TRAF2","CNN3"
"JAK3","MAP2K4","CNN3"
"JAK3","RAB7A","CNN3"
"JAK3","EPHA2","CNN3"
"JAK3","NRAS","CNN3"
"JAK3","DUSP3","CNN3"
"JAK3","UNC5A","CNN3"
"JAK3","PRKCI","CNN3"
"JAK3","CCR2","CNN3"
"JAK3","PIK3R1","CNN3"
"JAK3","IRS2","CNN3"
"JAK3","PIK3CG","CNN3"
"JAK3","PLCG1","CNN3"
"JAK3","SPRY2","CNN3"
"JAK3","RUNX2","CNN3"
"JAK3","PIK3C3","CNN3"
"JAK3","RND1","CNN3"
"JAK3","TIAM1","CNN3"
"JAK3","WAC","CNN3"
"JAK3","BANP","CNN3"
"JAK3","DCTN6","CNN3"
"JAK3","ACTN1","CNN3"
"JAK3","RGCC","CNN3"
"JAK3","CHUK","ARHGEF1"
"JAK3","CTNNB1","ARHGEF1"
"JAK3","CILK1","ARHGEF1"
"JAK3","PTEN","ARHGEF1"
"JAK3","MAPK8","ARHGEF1"
"JAK3","MTOR","ARHGEF1"
"JAK3","AKT1","ARHGEF1"
"JAK3","CSNK2A1","ARHGEF1"
"JAK3","PLK1","ARHGEF1"
"JAK3","PTPRJ","ARHGEF1"
"JAK3","TGFBR1","ARHGEF1"
"JAK3","SGK1","ARHGEF1"
"JAK3","IGF1R","ARHGEF1"
"JAK3","PRKCB","ARHGEF1"
"JAK3","PRKCZ","ARHGEF1"
"JAK3","TGFBR2","ARHGEF1"
"JAK3","PAK2","ARHGEF1"
"JAK3","HRAS","ARHGEF1"
"JAK3","MAPK13","ARHGEF1"
"JAK3","PIK3CA","ARHGEF1"
"JAK3","LEPR","ARHGEF1"
"JAK3","mTORC1","ARHGEF1"
"JAK3","AHSA1","ARHGEF1"
"JAK3","ROCK1","ARHGEF1"
"JAK3","RASSF1","ARHGEF1"
"JAK3","BTK","ARHGEF1"
"JAK3","SH2B1","ARHGEF1"
"JAK3","HSP90AB1","ARHGEF1"
"JAK3","PTPN12","ARHGEF1"
"JAK3","PPP2R5C","ARHGEF1"
"JAK3","PAK1","ARHGEF1"
"JAK3","ZAP70","ARHGEF1"
"JAK3","DUSP1","ARHGEF1"
"JAK3","GIT1","ARHGEF1"
"JAK3","MAP2K4","ARHGEF1"
"JAK3","RAB7A","ARHGEF1"
"JAK3","EPHA2","ARHGEF1"
"JAK3","AR","ARHGEF1"
"JAK3","MAPK11","ARHGEF1"
"JAK3","UNC5A","ARHGEF1"
"JAK3","PRKCI","ARHGEF1"
"JAK3","PARD6A","ARHGEF1"
"JAK3","PTPRA","ARHGEF1"
"JAK3","CCR2","ARHGEF1"
"JAK3","RHEB","ARHGEF1"
"JAK3","DUSP6","ARHGEF1"
"JAK3","PIK3R1","ARHGEF1"
"JAK3","IRS2","ARHGEF1"
"JAK3","CDC42","ARHGEF1"
"JAK3","PIK3CG","ARHGEF1"
"JAK3","SH2B2","ARHGEF1"
"JAK3","PPP2R5A","ARHGEF1"
"JAK3","CLK2","ARHGEF1"
"JAK3","YWHAE","ARHGEF1"
"JAK3","SPRY2","ARHGEF1"
"JAK3","PIK3C3","ARHGEF1"
"JAK3","RND1","ARHGEF1"
"JAK3","TIAM1","ARHGEF1"
"JAK3","WAC","ARHGEF1"
"JAK3","RGCC","ARHGEF1"
"JAK3","CTNNB1","CYP19A1"
"JAK3","CILK1","CYP19A1"
"JAK3","PTEN","CYP19A1"
"JAK3","MTOR","CYP19A1"
"JAK3","CSNK2A1","CYP19A1"
"JAK3","PLK1","CYP19A1"
"JAK3","RAC1","CYP19A1"
"JAK3","MAP2K7","CYP19A1"
"JAK3","PTPRJ","CYP19A1"
"JAK3","PDPK1","CYP19A1"
"JAK3","STK3","CYP19A1"
"JAK3","RAB1A","CYP19A1"
"JAK3","PRKCZ","CYP19A1"
"JAK3","PAK2","CYP19A1"
"JAK3","AKT","CYP19A1"
"JAK3","HRAS","CYP19A1"
"JAK3","MAPK13","CYP19A1"
"JAK3","PIK3CA","CYP19A1"
"JAK3","LEPR","CYP19A1"
"JAK3","RPS6KA3","CYP19A1"
"JAK3","mTORC1","CYP19A1"
"JAK3","ROCK1","CYP19A1"
"JAK3","RASSF1","CYP19A1"
"JAK3","HSP90AB1","CYP19A1"
"JAK3","SHOC2","CYP19A1"
"JAK3","PAK1","CYP19A1"
"JAK3","TYK2","CYP19A1"
"JAK3","ZAP70","CYP19A1"
"JAK3","DUSP1","CYP19A1"
"JAK3","RAB7A","CYP19A1"
"JAK3","EPHA2","CYP19A1"
"JAK3","DUSP3","CYP19A1"
"JAK3","MAPK11","CYP19A1"
"JAK3","PTPRA","CYP19A1"
"JAK3","PSTPIP1","CYP19A1"
"JAK3","DAXX","CYP19A1"
"JAK3","INPP5D","CYP19A1"
"JAK3","PIK3R1","CYP19A1"
"JAK3","CCNE1","CYP19A1"
"JAK3","IRS2","CYP19A1"
"JAK3","CDC42","CYP19A1"
"JAK3","PIK3CG","CYP19A1"
"JAK3","SH2B2","CYP19A1"
"JAK3","PPP2R5A","CYP19A1"
"JAK3","CLK2","CYP19A1"
"JAK3","MDM2","CYP19A1"
"JAK3","YWHAE","CYP19A1"
"JAK3","PLCG1","CYP19A1"
"JAK3","SH2B3","CYP19A1"
"JAK3","TIAM1","CYP19A1"
"JAK3","WAC","CYP19A1"
"JAK3","ACTN1","CYP19A1"
"JAK3","RGCC","CYP19A1"
"JAK3","PTEN","NFAT5"
"JAK3","MAPK8","NFAT5"
"JAK3","MTOR","NFAT5"
"JAK3","AKT1","NFAT5"
"JAK3","CSNK2A1","NFAT5"
"JAK3","PLK1","NFAT5"
"JAK3","KRAS","NFAT5"
"JAK3","RAC1","NFAT5"
"JAK3","PTPRJ","NFAT5"
"JAK3","PDPK1","NFAT5"
"JAK3","MAP3K14","NFAT5"
"JAK3","SGK1","NFAT5"
"JAK3","IGF1R","NFAT5"
"JAK3","PRKCB","NFAT5"
"JAK3","PRKCZ","NFAT5"
"JAK3","TGFBR2","NFAT5"
"JAK3","PAK2","NFAT5"
"JAK3","RACK1","NFAT5"
"JAK3","RPS6KA3","NFAT5"
"JAK3","ROCK1","NFAT5"
"JAK3","RASSF1","NFAT5"
"JAK3","SGK3","NFAT5"
"JAK3","SH2B1","NFAT5"
"JAK3","PPP2R5C","NFAT5"
"JAK3","PAK1","NFAT5"
"JAK3","TYK2","NFAT5"
"JAK3","ZAP70","NFAT5"
"JAK3","GIT1","NFAT5"
"JAK3","TRAF2","NFAT5"
"JAK3","MAP2K4","NFAT5"
"JAK3","RAB7A","NFAT5"
"JAK3","EPHA2","NFAT5"
"JAK3","NRAS","NFAT5"
"JAK3","AR","NFAT5"
"JAK3","DUSP3","NFAT5"
"JAK3","MAPK11","NFAT5"
"JAK3","RHEB","NFAT5"
"JAK3","PIK3R1","NFAT5"
"JAK3","CCNE1","NFAT5"
"JAK3","SH2B2","NFAT5"
"JAK3","PPP2R5A","NFAT5"
"JAK3","CLK2","NFAT5"
"JAK3","MDM2","NFAT5"
"JAK3","YWHAE","NFAT5"
"JAK3","PLCG1","NFAT5"
"JAK3","SPRY2","NFAT5"
"JAK3","RUNX2","NFAT5"
"JAK3","PIK3C3","NFAT5"
"JAK3","TIAM1","NFAT5"
"JAK3","WAC","NFAT5"
"JAK3","DCTN6","NFAT5"
"JAK3","ACTN1","NFAT5"
"JAK3","RGCC","NFAT5"
"JAK3","CTNNB1","ASB8"
"JAK3","PTEN","ASB8"
"JAK3","MTOR","ASB8"
"JAK3","CSNK2A1","ASB8"
"JAK3","PLK1","ASB8"
"JAK3","KRAS","ASB8"
"JAK3","MAP2K7","ASB8"
"JAK3","MAP3K14","ASB8"
"JAK3","RPS6KA1","ASB8"
"JAK3","STK3","ASB8"
"JAK3","PAK2","ASB8"
"JAK3","HRAS","ASB8"
"JAK3","MAPK13","ASB8"
"JAK3","RPS6KA3","ASB8"
"JAK3","AHSA1","ASB8"
"JAK3","RASSF1","ASB8"
"JAK3","BTK","ASB8"
"JAK3","PTPN11","ASB8"
"JAK3","SGK3","ASB8"
"JAK3","HSP90AB1","ASB8"
"JAK3","SHOC2","ASB8"
"JAK3","PTPN12","ASB8"
"JAK3","PPP2R5C","ASB8"
"JAK3","PAK1","ASB8"
"JAK3","TYK2","ASB8"
"JAK3","DUSP1","ASB8"
"JAK3","TRAF2","ASB8"
"JAK3","MAP2K4","ASB8"
"JAK3","DUSP3","ASB8"
"JAK3","MAPK11","ASB8"
"JAK3","UNC5A","ASB8"
"JAK3","PARD6A","ASB8"
"JAK3","INPP5D","ASB8"
"JAK3","PIK3R1","ASB8"
"JAK3","CCNE1","ASB8"
"JAK3","CDC42","ASB8"
"JAK3","PPP2R5A","ASB8"
"JAK3","CLK2","ASB8"
"JAK3","PLCG1","ASB8"
"JAK3","SPRY2","ASB8"
"JAK3","RUNX2","ASB8"
"JAK3","PIK3C3","ASB8"
"JAK3","RND1","ASB8"
"JAK3","TIAM1","ASB8"
"JAK3","BANP","ASB8"
"JAK3","DCTN6","ASB8"
"JAK3","ACTN1","ASB8"
"JAK3","RGCC","ASB8"
"JAK3","CILK1","ROS1"
"JAK3","MAPK8","ROS1"
"JAK3","MTOR","ROS1"
"JAK3","KRAS","ROS1"
"JAK3","RAC1","ROS1"
"JAK3","PTPRJ","ROS1"
"JAK3","TGFBR1","ROS1"
"JAK3","PPP1CA","ROS1"
"JAK3","SGK1","ROS1"
"JAK3","STK3","ROS1"
"JAK3","RAB1A","ROS1"
"JAK3","PRKCZ","ROS1"
"JAK3","TGFBR2","ROS1"
"JAK3","HRAS","ROS1"
"JAK3","MAPK13","ROS1"
"JAK3","LEPR","ROS1"
"JAK3","mTORC1","ROS1"
"JAK3","ROCK1","ROS1"
"JAK3","RASSF1","ROS1"
"JAK3","SGK3","ROS1"
"JAK3","PTPN12","ROS1"
"JAK3","PPP2R5C","ROS1"
"JAK3","EPHA2","ROS1"
"JAK3","PRKCI","ROS1"
"JAK3","PARD6A","ROS1"
"JAK3","PSTPIP1","ROS1"
"JAK3","RHEB","ROS1"
"JAK3","PIK3CG","ROS1"
"JAK3","PLCG1","ROS1"
"JAK3","PTPN11","SCAMP3"
"JAK3","CTNNB1","HDAC6"
"JAK3","MAPK8","HDAC6"
"JAK3","AKT1","HDAC6"
"JAK3","CSNK2A1","HDAC6"
"JAK3","PDPK1","HDAC6"
"JAK3","MAP3K14","HDAC6"
"JAK3","PRKCB","HDAC6"
"JAK3","RAB1A","HDAC6"
"JAK3","RACK1","HDAC6"
"JAK3","LEPR","HDAC6"
"JAK3","RASSF1","HDAC6"
"JAK3","HSP90AB1","HDAC6"
"JAK3","PTPN12","HDAC6"
"JAK3","PPP2R5C","HDAC6"
"JAK3","MAP2K4","HDAC6"
"JAK3","RAB7A","HDAC6"
"JAK3","NRAS","HDAC6"
"JAK3","PRKCI","HDAC6"
"JAK3","PTPRA","HDAC6"
"JAK3","DAXX","HDAC6"
"JAK3","CCNE1","HDAC6"
"JAK3","CDC42","HDAC6"
"JAK3","PIK3CG","HDAC6"
"JAK3","CLK2","HDAC6"
"JAK3","MDM2","HDAC6"
"JAK3","YWHAE","HDAC6"
"JAK3","PLCG1","HDAC6"
"JAK3","PIK3C3","HDAC6"
"JAK3","TIAM1","HDAC6"
"JAK3","WAC","HDAC6"
"JAK3","BANP","HDAC6"
"JAK3","DCTN6","HDAC6"
"JAK3","RGCC","HDAC6"
"JAK3","CHUK","ACO1"
"JAK3","CTNNB1","ACO1"
"JAK3","PTEN","ACO1"
"JAK3","MAPK8","ACO1"
"JAK3","AKT1","ACO1"
"JAK3","PLK1","ACO1"
"JAK3","KRAS","ACO1"
"JAK3","TGFBR1","ACO1"
"JAK3","PPP1CA","ACO1"
"JAK3","PDPK1","ACO1"
"JAK3","IGF1R","ACO1"
"JAK3","PRKCB","ACO1"
"JAK3","STK3","ACO1"
"JAK3","AKT","ACO1"
"JAK3","RACK1","ACO1"
"JAK3","HRAS","ACO1"
"JAK3","MAPK13","ACO1"
"JAK3","PIK3CA","ACO1"
"JAK3","mTORC1","ACO1"
"JAK3","ROCK1","ACO1"
"JAK3","RASSF1","ACO1"
"JAK3","BTK","ACO1"
"JAK3","SGK3","ACO1"
"JAK3","SH2B1","ACO1"
"JAK3","HSP90AB1","ACO1"
"JAK3","PAK1","ACO1"
"JAK3","TYK2","ACO1"
"JAK3","DUSP1","ACO1"
"JAK3","MAP2K4","ACO1"
"JAK3","RAB7A","ACO1"
"JAK3","EPHA2","ACO1"
"JAK3","DUSP3","ACO1"
"JAK3","MAPK11","ACO1"
"JAK3","PRKCI","ACO1"
"JAK3","PARD6A","ACO1"
"JAK3","PTPRA","ACO1"
"JAK3","CCR2","ACO1"
"JAK3","PSTPIP1","ACO1"
"JAK3","RHEB","ACO1"
"JAK3","DUSP6","ACO1"
"JAK3","INPP5D","ACO1"
"JAK3","PIK3R1","ACO1"
"JAK3","CCNE1","ACO1"
"JAK3","IRS2","ACO1"
"JAK3","SH2B2","ACO1"
"JAK3","PPP2R5A","ACO1"
"JAK3","MDM2","ACO1"
"JAK3","YWHAE","ACO1"
"JAK3","RUNX2","ACO1"
"JAK3","SH2B3","ACO1"
"JAK3","PIK3C3","ACO1"
"JAK3","TIAM1","ACO1"
"JAK3","WAC","ACO1"
"JAK3","BANP","ACO1"
"JAK3","DCTN6","ACO1"
"JAK3","ACTN1","ACO1"
"JAK3","CHUK","AGAP2"
"JAK3","CTNNB1","AGAP2"
"JAK3","PTEN","AGAP2"
"JAK3","MAPK8","AGAP2"
"JAK3","MTOR","AGAP2"
"JAK3","CSNK2A1","AGAP2"
"JAK3","KRAS","AGAP2"
"JAK3","TGFBR1","AGAP2"
"JAK3","PPP1CA","AGAP2"
"JAK3","PDPK1","AGAP2"
"JAK3","MAP3K14","AGAP2"
"JAK3","RPS6KA1","AGAP2"
"JAK3","SGK1","AGAP2"
"JAK3","PRKCB","AGAP2"
"JAK3","RAB1A","AGAP2"
"JAK3","PAK2","AGAP2"
"JAK3","RACK1","AGAP2"
"JAK3","LEPR","AGAP2"
"JAK3","PTPN11","AGAP2"
"JAK3","MAP2K4","AGAP2"
"JAK3","UNC5A","AGAP2"
"JAK3","PARD6A","AGAP2"
"JAK3","PSTPIP1","AGAP2"
"JAK3","RHEB","AGAP2"
"JAK3","DAXX","AGAP2"
"JAK3","INPP5D","AGAP2"
"JAK3","PIK3R1","AGAP2"
"JAK3","CCNE1","AGAP2"
"JAK3","CDC42","AGAP2"
"JAK3","MDM2","AGAP2"
"JAK3","YWHAE","AGAP2"
"JAK3","PLCG1","AGAP2"
"JAK3","SPRY2","AGAP2"
"JAK3","RND1","AGAP2"
"JAK3","WAC","AGAP2"
"JAK3","DCTN6","AGAP2"
"JAK3","RGCC","AGAP2"
"JAK3","CHUK","COP1"
"JAK3","CTNNB1","COP1"
"JAK3","PTEN","COP1"
"JAK3","MAPK8","COP1"
"JAK3","MTOR","COP1"
"JAK3","RAC1","COP1"
"JAK3","PTPRJ","COP1"
"JAK3","PPP1CA","COP1"
"JAK3","MAP3K14","COP1"
"JAK3","RPS6KA1","COP1"
"JAK3","SGK1","COP1"
"JAK3","IGF1R","COP1"
"JAK3","PRKCB","COP1"
"JAK3","STK3","COP1"
"JAK3","RAB1A","COP1"
"JAK3","PAK2","COP1"
"JAK3","RACK1","COP1"
"JAK3","MAPK13","COP1"
"JAK3","PIK3CA","COP1"
"JAK3","LEPR","COP1"
"JAK3","RPS6KA3","COP1"
"JAK3","mTORC1","COP1"
"JAK3","AHSA1","COP1"
"JAK3","RASSF1","COP1"
"JAK3","SH2B1","COP1"
"JAK3","HSP90AB1","COP1"
"JAK3","PTPN12","COP1"
"JAK3","PPP2R5C","COP1"
"JAK3","PAK1","COP1"
"JAK3","DUSP1","COP1"
"JAK3","GIT1","COP1"
"JAK3","TRAF2","COP1"
"JAK3","RAB7A","COP1"
"JAK3","MAPK11","COP1"
"JAK3","PARD6A","COP1"
"JAK3","PTPRA","COP1"
"JAK3","PSTPIP1","COP1"
"JAK3","RHEB","COP1"
"JAK3","PIK3R1","COP1"
"JAK3","CCNE1","COP1"
"JAK3","IRS2","COP1"
"JAK3","CDC42","COP1"
"JAK3","SH2B2","COP1"
"JAK3","PPP2R5A","COP1"
"JAK3","CLK2","COP1"
"JAK3","MDM2","COP1"
"JAK3","PLCG1","COP1"
"JAK3","SH2B3","COP1"
"JAK3","PIK3C3","COP1"
"JAK3","RND1","COP1"
"JAK3","TIAM1","COP1"
"JAK3","ACTN1","COP1"
"JAK3","PTEN","TRPC3"
"JAK3","MAPK8","TRPC3"
"JAK3","CSNK2A1","TRPC3"
"JAK3","PLK1","TRPC3"
"JAK3","KRAS","TRPC3"
"JAK3","RAC1","TRPC3"
"JAK3","TGFBR1","TRPC3"
"JAK3","PPP1CA","TRPC3"
"JAK3","PDPK1","TRPC3"
"JAK3","MAP3K14","TRPC3"
"JAK3","RPS6KA1","TRPC3"
"JAK3","IGF1R","TRPC3"
"JAK3","PAK2","TRPC3"
"JAK3","RACK1","TRPC3"
"JAK3","MAPK13","TRPC3"
"JAK3","PIK3CA","TRPC3"
"JAK3","LEPR","TRPC3"
"JAK3","mTORC1","TRPC3"
"JAK3","ROCK1","TRPC3"
"JAK3","BTK","TRPC3"
"JAK3","SGK3","TRPC3"
"JAK3","PTPN12","TRPC3"
"JAK3","TYK2","TRPC3"
"JAK3","DUSP1","TRPC3"
"JAK3","TRAF2","TRPC3"
"JAK3","EPHA2","TRPC3"
"JAK3","MAPK11","TRPC3"
"JAK3","UNC5A","TRPC3"
"JAK3","CCR2","TRPC3"
"JAK3","DAXX","TRPC3"
"JAK3","DUSP6","TRPC3"
"JAK3","PIK3R1","TRPC3"
"JAK3","IRS2","TRPC3"
"JAK3","PLCG1","TRPC3"
"JAK3","SPRY2","TRPC3"
"JAK3","SH2B3","TRPC3"
"JAK3","PIK3C3","TRPC3"
"JAK3","RND1","TRPC3"
"JAK3","TIAM1","TRPC3"
"JAK3","WAC","TRPC3"
"JAK3","BANP","TRPC3"
"JAK3","DCTN6","TRPC3"
"JAK3","ACTN1","TRPC3"
"JAK3","RGCC","TRPC3"
"JAK3","CHUK","NEFL"
"JAK3","CTNNB1","NEFL"
"JAK3","MTOR","NEFL"
"JAK3","AKT1","NEFL"
"JAK3","MAP2K7","NEFL"
"JAK3","PTPRJ","NEFL"
"JAK3","TGFBR1","NEFL"
"JAK3","MAP3K14","NEFL"
"JAK3","RPS6KA1","NEFL"
"JAK3","SGK1","NEFL"
"JAK3","PRKCB","NEFL"
"JAK3","STK3","NEFL"
"JAK3","RAB1A","NEFL"
"JAK3","PRKCZ","NEFL"
"JAK3","TGFBR2","NEFL"
"JAK3","PAK2","NEFL"
"JAK3","RACK1","NEFL"
"JAK3","HRAS","NEFL"
"JAK3","MAPK13","NEFL"
"JAK3","PIK3CA","NEFL"
"JAK3","RPS6KA3","NEFL"
"JAK3","mTORC1","NEFL"
"JAK3","ROCK1","NEFL"
"JAK3","RASSF1","NEFL"
"JAK3","PTPN11","NEFL"
"JAK3","SGK3","NEFL"
"JAK3","SHOC2","NEFL"
"JAK3","PTPN12","NEFL"
"JAK3","PPP2R5C","NEFL"
"JAK3","DUSP1","NEFL"
"JAK3","GIT1","NEFL"
"JAK3","TRAF2","NEFL"
"JAK3","AR","NEFL"
"JAK3","DUSP3","NEFL"
"JAK3","UNC5A","NEFL"
"JAK3","PARD6A","NEFL"
"JAK3","CCR2","NEFL"
"JAK3","RHEB","NEFL"
"JAK3","INPP5D","NEFL"
"JAK3","IRS2","NEFL"
"JAK3","CDC42","NEFL"
"JAK3","PIK3CG","NEFL"
"JAK3","SH2B2","NEFL"
"JAK3","PPP2R5A","NEFL"
"JAK3","MDM2","NEFL"
"JAK3","PLCG1","NEFL"
"JAK3","RUNX2","NEFL"
"JAK3","SH2B3","NEFL"
"JAK3","PIK3C3","NEFL"
"JAK3","RND1","NEFL"
"JAK3","BANP","NEFL"
"JAK3","ACTN1","NEFL"
"JAK3","RGCC","NEFL"
"JAK3","CILK1","TBX3"
"JAK3","MAPK8","TBX3"
"JAK3","MTOR","TBX3"
"JAK3","PLK1","TBX3"
"JAK3","MAP2K7","TBX3"
"JAK3","TGFBR1","TBX3"
"JAK3","PDPK1","TBX3"
"JAK3","SGK1","TBX3"
"JAK3","IGF1R","TBX3"
"JAK3","PRKCB","TBX3"
"JAK3","STK3","TBX3"
"JAK3","PRKCZ","TBX3"
"JAK3","TGFBR2","TBX3"
"JAK3","PAK2","TBX3"
"JAK3","RACK1","TBX3"
"JAK3","HRAS","TBX3"
"JAK3","RPS6KA3","TBX3"
"JAK3","mTORC1","TBX3"
"JAK3","AHSA1","TBX3"
"JAK3","BTK","TBX3"
"JAK3","PTPN11","TBX3"
"JAK3","SGK3","TBX3"
"JAK3","SH2B1","TBX3"
"JAK3","PAK1","TBX3"
"JAK3","TYK2","TBX3"
"JAK3","ZAP70","TBX3"
"JAK3","DUSP1","TBX3"
"JAK3","RAB7A","TBX3"
"JAK3","NRAS","TBX3"
"JAK3","MAPK11","TBX3"
"JAK3","UNC5A","TBX3"
"JAK3","PRKCI","TBX3"
"JAK3","PARD6A","TBX3"
"JAK3","PTPRA","TBX3"
"JAK3","CCR2","TBX3"
"JAK3","PSTPIP1","TBX3"
"JAK3","RHEB","TBX3"
"JAK3","DAXX","TBX3"
"JAK3","DUSP6","TBX3"
"JAK3","INPP5D","TBX3"
"JAK3","PIK3R1","TBX3"
"JAK3","CCNE1","TBX3"
"JAK3","IRS2","TBX3"
"JAK3","CDC42","TBX3"
"JAK3","PPP2R5A","TBX3"
"JAK3","MDM2","TBX3"
"JAK3","YWHAE","TBX3"
"JAK3","RUNX2","TBX3"
"JAK3","PIK3C3","TBX3"
"JAK3","BANP","TBX3"
"JAK3","RGCC","TBX3"
"JAK3","CTNNB1","RUFY1"
"JAK3","MTOR","RUFY1"
"JAK3","CSNK2A1","RUFY1"
"JAK3","PLK1","RUFY1"
"JAK3","RAC1","RUFY1"
"JAK3","PTPRJ","RUFY1"
"JAK3","TGFBR1","RUFY1"
"JAK3","PPP1CA","RUFY1"
"JAK3","MAP3K14","RUFY1"
"JAK3","SGK1","RUFY1"
"JAK3","STK3","RUFY1"
"JAK3","TGFBR2","RUFY1"
"JAK3","PAK2","RUFY1"
"JAK3","AKT","RUFY1"
"JAK3","LEPR","RUFY1"
"JAK3","RPS6KA3","RUFY1"
"JAK3","mTORC1","RUFY1"
"JAK3","SGK3","RUFY1"
"JAK3","PTPN12","RUFY1"
"JAK3","PAK1","RUFY1"
"JAK3","ZAP70","RUFY1"
"JAK3","DUSP1","RUFY1"
"JAK3","GIT1","RUFY1"
"JAK3","TRAF2","RUFY1"
"JAK3","MAP2K4","RUFY1"
"JAK3","RAB7A","RUFY1"
"JAK3","EPHA2","RUFY1"
"JAK3","NRAS","RUFY1"
"JAK3","AR","RUFY1"
"JAK3","PTPRA","RUFY1"
"JAK3","CCR2","RUFY1"
"JAK3","PSTPIP1","RUFY1"
"JAK3","RHEB","RUFY1"
"JAK3","DAXX","RUFY1"
"JAK3","DUSP6","RUFY1"
"JAK3","INPP5D","RUFY1"
"JAK3","CCNE1","RUFY1"
"JAK3","CDC42","RUFY1"
"JAK3","PPP2R5A","RUFY1"
"JAK3","CLK2","RUFY1"
"JAK3","MDM2","RUFY1"
"JAK3","YWHAE","RUFY1"
"JAK3","SPRY2","RUFY1"
"JAK3","RUNX2","RUFY1"
"JAK3","SH2B3","RUFY1"
"JAK3","TIAM1","RUFY1"
"JAK3","WAC","RUFY1"
"JAK3","ACTN1","RUFY1"
"JAK3","CHUK","PPP1R13L"
"JAK3","CILK1","PPP1R13L"
"JAK3","PTEN","PPP1R13L"
"JAK3","MAP2K7","PPP1R13L"
"JAK3","TGFBR1","PPP1R13L"
"JAK3","PPP1CA","PPP1R13L"
"JAK3","RPS6KA1","PPP1R13L"
"JAK3","PRKCB","PPP1R13L"
"JAK3","STK3","PPP1R13L"
"JAK3","RAB1A","PPP1R13L"
"JAK3","PRKCZ","PPP1R13L"
"JAK3","AKT","PPP1R13L"
"JAK3","RACK1","PPP1R13L"
"JAK3","PIK3CA","PPP1R13L"
"JAK3","RPS6KA3","PPP1R13L"
"JAK3","AHSA1","PPP1R13L"
"JAK3","BTK","PPP1R13L"
"JAK3","SGK3","PPP1R13L"
"JAK3","HSP90AB1","PPP1R13L"
"JAK3","SHOC2","PPP1R13L"
"JAK3","PTPN12","PPP1R13L"
"JAK3","TYK2","PPP1R13L"
"JAK3","TRAF2","PPP1R13L"
"JAK3","MAP2K4","PPP1R13L"
"JAK3","NRAS","PPP1R13L"
"JAK3","DUSP3","PPP1R13L"
"JAK3","MAPK11","PPP1R13L"
"JAK3","UNC5A","PPP1R13L"
"JAK3","PARD6A","PPP1R13L"
"JAK3","CCR2","PPP1R13L"
"JAK3","PSTPIP1","PPP1R13L"
"JAK3","INPP5D","PPP1R13L"
"JAK3","CCNE1","PPP1R13L"
"JAK3","PIK3CG","PPP1R13L"
"JAK3","CLK2","PPP1R13L"
"JAK3","PLCG1","PPP1R13L"
"JAK3","RUNX2","PPP1R13L"
"JAK3","RND1","PPP1R13L"
"JAK3","WAC","PPP1R13L"
"JAK3","DCTN6","PPP1R13L"
"JAK3","RGCC","PPP1R13L"
"JAK3","CTNNB1","ANXA2"
"JAK3","PTEN","ANXA2"
"JAK3","MAPK8","ANXA2"
"JAK3","MTOR","ANXA2"
"JAK3","KRAS","ANXA2"
"JAK3","RAC1","ANXA2"
"JAK3","PTPRJ","ANXA2"
"JAK3","TGFBR1","ANXA2"
"JAK3","PPP1CA","ANXA2"
"JAK3","MAP3K14","ANXA2"
"JAK3","RPS6KA1","ANXA2"
"JAK3","IGF1R","ANXA2"
"JAK3","PAK2","ANXA2"
"JAK3","AKT","ANXA2"
"JAK3","HRAS","ANXA2"
"JAK3","MAPK13","ANXA2"
"JAK3","PIK3CA","ANXA2"
"JAK3","RPS6KA3","ANXA2"
"JAK3","mTORC1","ANXA2"
"JAK3","AHSA1","ANXA2"
"JAK3","ROCK1","ANXA2"
"JAK3","RASSF1","ANXA2"
"JAK3","BTK","ANXA2"
"JAK3","SGK3","ANXA2"
"JAK3","SH2B1","ANXA2"
"JAK3","HSP90AB1","ANXA2"
"JAK3","SHOC2","ANXA2"
"JAK3","PTPN12","ANXA2"
"JAK3","PPP2R5C","ANXA2"
"JAK3","PAK1","ANXA2"
"JAK3","TYK2","ANXA2"
"JAK3","GIT1","ANXA2"
"JAK3","TRAF2","ANXA2"
"JAK3","MAP2K4","ANXA2"
"JAK3","EPHA2","ANXA2"
"JAK3","AR","ANXA2"
"JAK3","DUSP3","ANXA2"
"JAK3","UNC5A","ANXA2"
"JAK3","PRKCI","ANXA2"
"JAK3","PARD6A","ANXA2"
"JAK3","PTPRA","ANXA2"
"JAK3","PSTPIP1","ANXA2"
"JAK3","RHEB","ANXA2"
"JAK3","DAXX","ANXA2"
"JAK3","DUSP6","ANXA2"
"JAK3","INPP5D","ANXA2"
"JAK3","PIK3R1","ANXA2"
"JAK3","IRS2","ANXA2"
"JAK3","PIK3CG","ANXA2"
"JAK3","SH2B2","ANXA2"
"JAK3","PPP2R5A","ANXA2"
"JAK3","CLK2","ANXA2"
"JAK3","MDM2","ANXA2"
"JAK3","YWHAE","ANXA2"
"JAK3","RUNX2","ANXA2"
"JAK3","PIK3C3","ANXA2"
"JAK3","TIAM1","ANXA2"
"JAK3","ACTN1","ANXA2"
"JAK3","RGCC","ANXA2"
"JAK3","CTNNB1","NFATC1"
"JAK3","CILK1","NFATC1"
"JAK3","PTEN","NFATC1"
"JAK3","MAPK8","NFATC1"
"JAK3","MTOR","NFATC1"
"JAK3","KRAS","NFATC1"
"JAK3","RAC1","NFATC1"
"JAK3","TGFBR1","NFATC1"
"JAK3","PPP1CA","NFATC1"
"JAK3","PDPK1","NFATC1"
"JAK3","MAP3K14","NFATC1"
"JAK3","RPS6KA1","NFATC1"
"JAK3","IGF1R","NFATC1"
"JAK3","PRKCZ","NFATC1"
"JAK3","TGFBR2","NFATC1"
"JAK3","PAK2","NFATC1"
"JAK3","AKT","NFATC1"
"JAK3","HRAS","NFATC1"
"JAK3","MAPK13","NFATC1"
"JAK3","AHSA1","NFATC1"
"JAK3","RASSF1","NFATC1"
"JAK3","BTK","NFATC1"
"JAK3","SGK3","NFATC1"
"JAK3","SH2B1","NFATC1"
"JAK3","HSP90AB1","NFATC1"
"JAK3","SHOC2","NFATC1"
"JAK3","PTPN12","NFATC1"
"JAK3","ZAP70","NFATC1"
"JAK3","DUSP1","NFATC1"
"JAK3","TRAF2","NFATC1"
"JAK3","MAP2K4","NFATC1"
"JAK3","RAB7A","NFATC1"
"JAK3","NRAS","NFATC1"
"JAK3","DUSP3","NFATC1"
"JAK3","MAPK11","NFATC1"
"JAK3","UNC5A","NFATC1"
"JAK3","PARD6A","NFATC1"
"JAK3","PTPRA","NFATC1"
"JAK3","RHEB","NFATC1"
"JAK3","INPP5D","NFATC1"
"JAK3","PIK3R1","NFATC1"
"JAK3","PPP2R5A","NFATC1"
"JAK3","MDM2","NFATC1"
"JAK3","YWHAE","NFATC1"
"JAK3","PLCG1","NFATC1"
"JAK3","TIAM1","NFATC1"
"JAK3","WAC","NFATC1"
"JAK3","DCTN6","NFATC1"
"JAK3","ACTN1","NFATC1"
"JAK3","RGCC","NFATC1"
"JAK3","CTNNB1","SH2D2A"
"JAK3","CILK1","SH2D2A"
"JAK3","PTEN","SH2D2A"
"JAK3","AKT1","SH2D2A"
"JAK3","CSNK2A1","SH2D2A"
"JAK3","PLK1","SH2D2A"
"JAK3","TGFBR1","SH2D2A"
"JAK3","PPP1CA","SH2D2A"
"JAK3","PDPK1","SH2D2A"
"JAK3","MAP3K14","SH2D2A"
"JAK3","SGK1","SH2D2A"
"JAK3","IGF1R","SH2D2A"
"JAK3","PRKCB","SH2D2A"
"JAK3","RAB1A","SH2D2A"
"JAK3","PRKCZ","SH2D2A"
"JAK3","TGFBR2","SH2D2A"
"JAK3","AKT","SH2D2A"
"JAK3","RACK1","SH2D2A"
"JAK3","HRAS","SH2D2A"
"JAK3","MAPK13","SH2D2A"
"JAK3","PIK3CA","SH2D2A"
"JAK3","LEPR","SH2D2A"
"JAK3","RPS6KA3","SH2D2A"
"JAK3","RASSF1","SH2D2A"
"JAK3","BTK","SH2D2A"
"JAK3","SH2B1","SH2D2A"
"JAK3","PTPN12","SH2D2A"
"JAK3","PPP2R5C","SH2D2A"
"JAK3","PAK1","SH2D2A"
"JAK3","DUSP1","SH2D2A"
"JAK3","GIT1","SH2D2A"
"JAK3","EPHA2","SH2D2A"
"JAK3","NRAS","SH2D2A"
"JAK3","MAPK11","SH2D2A"
"JAK3","PRKCI","SH2D2A"
"JAK3","PARD6A","SH2D2A"
"JAK3","PTPRA","SH2D2A"
"JAK3","RHEB","SH2D2A"
"JAK3","DAXX","SH2D2A"
"JAK3","INPP5D","SH2D2A"
"JAK3","PIK3R1","SH2D2A"
"JAK3","IRS2","SH2D2A"
"JAK3","CDC42","SH2D2A"
"JAK3","PPP2R5A","SH2D2A"
"JAK3","CLK2","SH2D2A"
"JAK3","PLCG1","SH2D2A"
"JAK3","SPRY2","SH2D2A"
"JAK3","RUNX2","SH2D2A"
"JAK3","TIAM1","SH2D2A"
"JAK3","WAC","SH2D2A"
"JAK3","ACTN1","SH2D2A"
"JAK3","RGCC","SH2D2A"
"JAK3","CHUK","RPLP2"
"JAK3","CILK1","RPLP2"
"JAK3","MAPK8","RPLP2"
"JAK3","KRAS","RPLP2"
"JAK3","RAC1","RPLP2"
"JAK3","MAP2K7","RPLP2"
"JAK3","PTPRJ","RPLP2"
"JAK3","TGFBR1","RPLP2"
"JAK3","PDPK1","RPLP2"
"JAK3","RPS6KA1","RPLP2"
"JAK3","IGF1R","RPLP2"
"JAK3","PRKCB","RPLP2"
"JAK3","STK3","RPLP2"
"JAK3","PRKCZ","RPLP2"
"JAK3","TGFBR2","RPLP2"
"JAK3","PAK2","RPLP2"
"JAK3","AKT","RPLP2"
"JAK3","HRAS","RPLP2"
"JAK3","MAPK13","RPLP2"
"JAK3","PIK3CA","RPLP2"
"JAK3","RPS6KA3","RPLP2"
"JAK3","AHSA1","RPLP2"
"JAK3","ROCK1","RPLP2"
"JAK3","BTK","RPLP2"
"JAK3","SGK3","RPLP2"
"JAK3","SH2B1","RPLP2"
"JAK3","HSP90AB1","RPLP2"
"JAK3","SHOC2","RPLP2"
"JAK3","PAK1","RPLP2"
"JAK3","ZAP70","RPLP2"
"JAK3","DUSP1","RPLP2"
"JAK3","TRAF2","RPLP2"
"JAK3","RAB7A","RPLP2"
"JAK3","NRAS","RPLP2"
"JAK3","AR","RPLP2"
"JAK3","UNC5A","RPLP2"
"JAK3","CCR2","RPLP2"
"JAK3","DAXX","RPLP2"
"JAK3","DUSP6","RPLP2"
"JAK3","PIK3R1","RPLP2"
"JAK3","CCNE1","RPLP2"
"JAK3","SH2B2","RPLP2"
"JAK3","CLK2","RPLP2"
"JAK3","YWHAE","RPLP2"
"JAK3","PLCG1","RPLP2"
"JAK3","SPRY2","RPLP2"
"JAK3","RUNX2","RPLP2"
"JAK3","PIK3C3","RPLP2"
"JAK3","TIAM1","RPLP2"
"JAK3","ACTN1","RPLP2"
"JAK3","CTNNB1","STAP2"
"JAK3","AKT1","STAP2"
"JAK3","PLK1","STAP2"
"JAK3","MAP2K7","STAP2"
"JAK3","PTPRJ","STAP2"
"JAK3","TGFBR1","STAP2"
"JAK3","PPP1CA","STAP2"
"JAK3","PDPK1","STAP2"
"JAK3","MAP3K14","STAP2"
"JAK3","RPS6KA1","STAP2"
"JAK3","IGF1R","STAP2"
"JAK3","STK3","STAP2"
"JAK3","RAB1A","STAP2"
"JAK3","TGFBR2","STAP2"
"JAK3","PAK2","STAP2"
"JAK3","AKT","STAP2"
"JAK3","RACK1","STAP2"
"JAK3","HRAS","STAP2"
"JAK3","PIK3CA","STAP2"
"JAK3","RPS6KA3","STAP2"
"JAK3","AHSA1","STAP2"
"JAK3","RASSF1","STAP2"
"JAK3","PTPN11","STAP2"
"JAK3","SGK3","STAP2"
"JAK3","HSP90AB1","STAP2"
"JAK3","PPP2R5C","STAP2"
"JAK3","DUSP1","STAP2"
"JAK3","RAB7A","STAP2"
"JAK3","DUSP3","STAP2"
"JAK3","PTPRA","STAP2"
"JAK3","PSTPIP1","STAP2"
"JAK3","RHEB","STAP2"
"JAK3","DAXX","STAP2"
"JAK3","DUSP6","STAP2"
"JAK3","PIK3R1","STAP2"
"JAK3","CCNE1","STAP2"
"JAK3","IRS2","STAP2"
"JAK3","CDC42","STAP2"
"JAK3","SH2B2","STAP2"
"JAK3","CLK2","STAP2"
"JAK3","YWHAE","STAP2"
"JAK3","PLCG1","STAP2"
"JAK3","PIK3C3","STAP2"
"JAK3","TIAM1","STAP2"
"JAK3","WAC","STAP2"
"JAK3","DCTN6","STAP2"
"JAK3","ACTN1","STAP2"
"JAK3","RGCC","STAP2"
"JAK3","CHUK","CAT"
"JAK3","CTNNB1","CAT"
"JAK3","CILK1","CAT"
"JAK3","PTEN","CAT"
"JAK3","AKT1","CAT"
"JAK3","CSNK2A1","CAT"
"JAK3","PLK1","CAT"
"JAK3","RAC1","CAT"
"JAK3","TGFBR1","CAT"
"JAK3","PPP1CA","CAT"
"JAK3","PDPK1","CAT"
"JAK3","SGK1","CAT"
"JAK3","IGF1R","CAT"
"JAK3","PRKCB","CAT"
"JAK3","STK3","CAT"
"JAK3","PRKCZ","CAT"
"JAK3","TGFBR2","CAT"
"JAK3","PAK2","CAT"
"JAK3","AKT","CAT"
"JAK3","HRAS","CAT"
"JAK3","MAPK13","CAT"
"JAK3","PIK3CA","CAT"
"JAK3","RPS6KA3","CAT"
"JAK3","ROCK1","CAT"
"JAK3","RASSF1","CAT"
"JAK3","SGK3","CAT"
"JAK3","SH2B1","CAT"
"JAK3","PTPN12","CAT"
"JAK3","PPP2R5C","CAT"
"JAK3","PAK1","CAT"
"JAK3","TYK2","CAT"
"JAK3","ZAP70","CAT"
"JAK3","DUSP1","CAT"
"JAK3","GIT1","CAT"
"JAK3","TRAF2","CAT"
"JAK3","MAP2K4","CAT"
"JAK3","EPHA2","CAT"
"JAK3","NRAS","CAT"
"JAK3","DUSP3","CAT"
"JAK3","UNC5A","CAT"
"JAK3","PARD6A","CAT"
"JAK3","CCR2","CAT"
"JAK3","DUSP6","CAT"
"JAK3","INPP5D","CAT"
"JAK3","PIK3R1","CAT"
"JAK3","CCNE1","CAT"
"JAK3","IRS2","CAT"
"JAK3","CDC42","CAT"
"JAK3","SH2B2","CAT"
"JAK3","CLK2","CAT"
"JAK3","SPRY2","CAT"
"JAK3","PIK3C3","CAT"
"JAK3","RND1","CAT"
"JAK3","TIAM1","CAT"
"JAK3","WAC","CAT"
"JAK3","BANP","CAT"
"JAK3","DCTN6","CAT"
"JAK3","CHUK","HK2"
"JAK3","CTNNB1","HK2"
"JAK3","CILK1","HK2"
"JAK3","MAPK8","HK2"
"JAK3","MTOR","HK2"
"JAK3","TGFBR1","HK2"
"JAK3","SGK1","HK2"
"JAK3","IGF1R","HK2"
"JAK3","PRKCB","HK2"
"JAK3","STK3","HK2"
"JAK3","RAB1A","HK2"
"JAK3","PRKCZ","HK2"
"JAK3","TGFBR2","HK2"
"JAK3","RACK1","HK2"
"JAK3","HRAS","HK2"
"JAK3","MAPK13","HK2"
"JAK3","PIK3CA","HK2"
"JAK3","RPS6KA3","HK2"
"JAK3","AHSA1","HK2"
"JAK3","ROCK1","HK2"
"JAK3","RASSF1","HK2"
"JAK3","BTK","HK2"
"JAK3","PTPN11","HK2"
"JAK3","SH2B1","HK2"
"JAK3","SHOC2","HK2"
"JAK3","PTPN12","HK2"
"JAK3","PPP2R5C","HK2"
"JAK3","PAK1","HK2"
"JAK3","ZAP70","HK2"
"JAK3","EPHA2","HK2"
"JAK3","MAPK11","HK2"
"JAK3","UNC5A","HK2"
"JAK3","PRKCI","HK2"
"JAK3","PARD6A","HK2"
"JAK3","DAXX","HK2"
"JAK3","DUSP6","HK2"
"JAK3","PIK3CG","HK2"
"JAK3","PPP2R5A","HK2"
"JAK3","CLK2","HK2"
"JAK3","MDM2","HK2"
"JAK3","YWHAE","HK2"
"JAK3","PLCG1","HK2"
"JAK3","RUNX2","HK2"
"JAK3","RND1","HK2"
"JAK3","TIAM1","HK2"
"JAK3","CHUK","LIG3"
"JAK3","CILK1","LIG3"
"JAK3","MTOR","LIG3"
"JAK3","MAP2K7","LIG3"
"JAK3","PPP1CA","LIG3"
"JAK3","PDPK1","LIG3"
"JAK3","MAP3K14","LIG3"
"JAK3","PRKCB","LIG3"
"JAK3","RAB1A","LIG3"
"JAK3","ROCK1","LIG3"
"JAK3","BTK","LIG3"
"JAK3","PTPN12","LIG3"
"JAK3","GIT1","LIG3"
"JAK3","MAPK11","LIG3"
"JAK3","CCR2","LIG3"
"JAK3","PIK3R1","LIG3"
"JAK3","MDM2","LIG3"
"JAK3","YWHAE","LIG3"
"JAK3","PLCG1","LIG3"
"JAK3","SPRY2","LIG3"
"JAK3","RND1","LIG3"
"JAK3","TIAM1","LIG3"
"JAK3","RGCC","LIG3"
"JAK3","CHUK","KCNK3"
"JAK3","CILK1","KCNK3"
"JAK3","CSNK2A1","KCNK3"
"JAK3","RAC1","KCNK3"
"JAK3","MAP2K7","KCNK3"
"JAK3","RPS6KA1","KCNK3"
"JAK3","IGF1R","KCNK3"
"JAK3","RAB1A","KCNK3"
"JAK3","TGFBR2","KCNK3"
"JAK3","PAK2","KCNK3"
"JAK3","HRAS","KCNK3"
"JAK3","MAPK13","KCNK3"
"JAK3","PIK3CA","KCNK3"
"JAK3","AHSA1","KCNK3"
"JAK3","BTK","KCNK3"
"JAK3","SGK3","KCNK3"
"JAK3","SH2B1","KCNK3"
"JAK3","PAK1","KCNK3"
"JAK3","TYK2","KCNK3"
"JAK3","ZAP70","KCNK3"
"JAK3","DUSP1","KCNK3"
"JAK3","DUSP3","KCNK3"
"JAK3","PRKCI","KCNK3"
"JAK3","CCR2","KCNK3"
"JAK3","PSTPIP1","KCNK3"
"JAK3","RHEB","KCNK3"
"JAK3","DAXX","KCNK3"
"JAK3","CDC42","KCNK3"
"JAK3","PIK3CG","KCNK3"
"JAK3","PPP2R5A","KCNK3"
"JAK3","PLCG1","KCNK3"
"JAK3","RND1","KCNK3"
"JAK3","WAC","KCNK3"
"JAK3","CTNNB1","NUCKS1"
"JAK3","AKT1","NUCKS1"
"JAK3","CSNK2A1","NUCKS1"
"JAK3","PLK1","NUCKS1"
"JAK3","TGFBR1","NUCKS1"
"JAK3","RAB1A","NUCKS1"
"JAK3","AKT","NUCKS1"
"JAK3","MAPK13","NUCKS1"
"JAK3","PIK3CA","NUCKS1"
"JAK3","LEPR","NUCKS1"
"JAK3","RPS6KA3","NUCKS1"
"JAK3","RASSF1","NUCKS1"
"JAK3","SH2B1","NUCKS1"
"JAK3","HSP90AB1","NUCKS1"
"JAK3","PTPN12","NUCKS1"
"JAK3","ZAP70","NUCKS1"
"JAK3","RAB7A","NUCKS1"
"JAK3","AR","NUCKS1"
"JAK3","MAPK11","NUCKS1"
"JAK3","PSTPIP1","NUCKS1"
"JAK3","PIK3R1","NUCKS1"
"JAK3","CCNE1","NUCKS1"
"JAK3","IRS2","NUCKS1"
"JAK3","CDC42","NUCKS1"
"JAK3","CLK2","NUCKS1"
"JAK3","YWHAE","NUCKS1"
"JAK3","PLCG1","NUCKS1"
"JAK3","PIK3C3","NUCKS1"
"JAK3","TIAM1","NUCKS1"
"JAK3","CTNNB1","VAV3"
"JAK3","CILK1","VAV3"
"JAK3","RAC1","VAV3"
"JAK3","MAP2K7","VAV3"
"JAK3","PPP1CA","VAV3"
"JAK3","PDPK1","VAV3"
"JAK3","MAP3K14","VAV3"
"JAK3","RPS6KA1","VAV3"
"JAK3","IGF1R","VAV3"
"JAK3","PRKCB","VAV3"
"JAK3","STK3","VAV3"
"JAK3","PRKCZ","VAV3"
"JAK3","TGFBR2","VAV3"
"JAK3","PAK2","VAV3"
"JAK3","AKT","VAV3"
"JAK3","MAPK13","VAV3"
"JAK3","LEPR","VAV3"
"JAK3","RPS6KA3","VAV3"
"JAK3","ROCK1","VAV3"
"JAK3","BTK","VAV3"
"JAK3","SGK3","VAV3"
"JAK3","HSP90AB1","VAV3"
"JAK3","SHOC2","VAV3"
"JAK3","PAK1","VAV3"
"JAK3","ZAP70","VAV3"
"JAK3","GIT1","VAV3"
"JAK3","EPHA2","VAV3"
"JAK3","NRAS","VAV3"
"JAK3","AR","VAV3"
"JAK3","MAPK11","VAV3"
"JAK3","UNC5A","VAV3"
"JAK3","PRKCI","VAV3"
"JAK3","PARD6A","VAV3"
"JAK3","PSTPIP1","VAV3"
"JAK3","DAXX","VAV3"
"JAK3","DUSP6","VAV3"
"JAK3","INPP5D","VAV3"
"JAK3","IRS2","VAV3"
"JAK3","CDC42","VAV3"
"JAK3","PIK3CG","VAV3"
"JAK3","PLCG1","VAV3"
"JAK3","SPRY2","VAV3"
"JAK3","RUNX2","VAV3"
"JAK3","SH2B3","VAV3"
"JAK3","WAC","VAV3"
"JAK3","DCTN6","VAV3"
"JAK3","PTPN11","KCND3"
"JAK3","CHUK","ACTB"
"JAK3","CTNNB1","ACTB"
"JAK3","CILK1","ACTB"
"JAK3","PTEN","ACTB"
"JAK3","MAPK8","ACTB"
"JAK3","AKT1","ACTB"
"JAK3","CSNK2A1","ACTB"
"JAK3","PLK1","ACTB"
"JAK3","KRAS","ACTB"
"JAK3","RAC1","ACTB"
"JAK3","MAP2K7","ACTB"
"JAK3","PTPRJ","ACTB"
"JAK3","TGFBR1","ACTB"
"JAK3","PPP1CA","ACTB"
"JAK3","RPS6KA1","ACTB"
"JAK3","SGK1","ACTB"
"JAK3","IGF1R","ACTB"
"JAK3","TGFBR2","ACTB"
"JAK3","PAK2","ACTB"
"JAK3","AKT","ACTB"
"JAK3","PIK3CA","ACTB"
"JAK3","RPS6KA3","ACTB"
"JAK3","mTORC1","ACTB"
"JAK3","AHSA1","ACTB"
"JAK3","ROCK1","ACTB"
"JAK3","RASSF1","ACTB"
"JAK3","BTK","ACTB"
"JAK3","SH2B1","ACTB"
"JAK3","HSP90AB1","ACTB"
"JAK3","SHOC2","ACTB"
"JAK3","PTPN12","ACTB"
"JAK3","PPP2R5C","ACTB"
"JAK3","ZAP70","ACTB"
"JAK3","DUSP1","ACTB"
"JAK3","TRAF2","ACTB"
"JAK3","MAP2K4","ACTB"
"JAK3","RAB7A","ACTB"
"JAK3","NRAS","ACTB"
"JAK3","AR","ACTB"
"JAK3","UNC5A","ACTB"
"JAK3","PRKCI","ACTB"
"JAK3","PARD6A","ACTB"
"JAK3","PTPRA","ACTB"
"JAK3","CCR2","ACTB"
"JAK3","RHEB","ACTB"
"JAK3","DAXX","ACTB"
"JAK3","INPP5D","ACTB"
"JAK3","CCNE1","ACTB"
"JAK3","CDC42","ACTB"
"JAK3","SH2B2","ACTB"
"JAK3","YWHAE","ACTB"
"JAK3","PLCG1","ACTB"
"JAK3","SPRY2","ACTB"
"JAK3","RUNX2","ACTB"
"JAK3","SH2B3","ACTB"
"JAK3","PIK3C3","ACTB"
"JAK3","TIAM1","ACTB"
"JAK3","BANP","ACTB"
"JAK3","ACTN1","ACTB"
"JAK3","CHUK","ATP1A1"
"JAK3","PTEN","ATP1A1"
"JAK3","MAPK8","ATP1A1"
"JAK3","MTOR","ATP1A1"
"JAK3","AKT1","ATP1A1"
"JAK3","CSNK2A1","ATP1A1"
"JAK3","MAP2K7","ATP1A1"
"JAK3","PTPRJ","ATP1A1"
"JAK3","TGFBR1","ATP1A1"
"JAK3","PPP1CA","ATP1A1"
"JAK3","PDPK1","ATP1A1"
"JAK3","RPS6KA1","ATP1A1"
"JAK3","PRKCB","ATP1A1"
"JAK3","PRKCZ","ATP1A1"
"JAK3","TGFBR2","ATP1A1"
"JAK3","PAK2","ATP1A1"
"JAK3","RACK1","ATP1A1"
"JAK3","AHSA1","ATP1A1"
"JAK3","ROCK1","ATP1A1"
"JAK3","RASSF1","ATP1A1"
"JAK3","BTK","ATP1A1"
"JAK3","SGK3","ATP1A1"
"JAK3","SH2B1","ATP1A1"
"JAK3","SHOC2","ATP1A1"
"JAK3","TYK2","ATP1A1"
"JAK3","DUSP1","ATP1A1"
"JAK3","GIT1","ATP1A1"
"JAK3","MAP2K4","ATP1A1"
"JAK3","EPHA2","ATP1A1"
"JAK3","NRAS","ATP1A1"
"JAK3","AR","ATP1A1"
"JAK3","PRKCI","ATP1A1"
"JAK3","PTPRA","ATP1A1"
"JAK3","RHEB","ATP1A1"
"JAK3","DUSP6","ATP1A1"
"JAK3","INPP5D","ATP1A1"
"JAK3","PIK3R1","ATP1A1"
"JAK3","CCNE1","ATP1A1"
"JAK3","CDC42","ATP1A1"
"JAK3","CLK2","ATP1A1"
"JAK3","MDM2","ATP1A1"
"JAK3","YWHAE","ATP1A1"
"JAK3","SH2B3","ATP1A1"
"JAK3","PIK3C3","ATP1A1"
"JAK3","RND1","ATP1A1"
"JAK3","TIAM1","ATP1A1"
"JAK3","ACTN1","ATP1A1"
"JAK3","RGCC","ATP1A1"
"JAK3","MAPK8","CUX1"
"JAK3","AKT1","CUX1"
"JAK3","PLK1","CUX1"
"JAK3","MAP2K7","CUX1"
"JAK3","PTPRJ","CUX1"
"JAK3","TGFBR1","CUX1"
"JAK3","MAP3K14","CUX1"
"JAK3","SGK1","CUX1"
"JAK3","IGF1R","CUX1"
"JAK3","PRKCB","CUX1"
"JAK3","STK3","CUX1"
"JAK3","RAB1A","CUX1"
"JAK3","PRKCZ","CUX1"
"JAK3","TGFBR2","CUX1"
"JAK3","HRAS","CUX1"
"JAK3","RPS6KA3","CUX1"
"JAK3","mTORC1","CUX1"
"JAK3","AHSA1","CUX1"
"JAK3","ROCK1","CUX1"
"JAK3","RASSF1","CUX1"
"JAK3","HSP90AB1","CUX1"
"JAK3","PTPN12","CUX1"
"JAK3","PAK1","CUX1"
"JAK3","GIT1","CUX1"
"JAK3","NRAS","CUX1"
"JAK3","DUSP3","CUX1"
"JAK3","PTPRA","CUX1"
"JAK3","CCR2","CUX1"
"JAK3","PSTPIP1","CUX1"
"JAK3","RHEB","CUX1"
"JAK3","DAXX","CUX1"
"JAK3","CCNE1","CUX1"
"JAK3","IRS2","CUX1"
"JAK3","CDC42","CUX1"
"JAK3","PIK3CG","CUX1"
"JAK3","SH2B2","CUX1"
"JAK3","PPP2R5A","CUX1"
"JAK3","PLCG1","CUX1"
"JAK3","SPRY2","CUX1"
"JAK3","PIK3C3","CUX1"
"JAK3","TIAM1","CUX1"
"JAK3","WAC","CUX1"
"JAK3","BANP","CUX1"
"JAK3","CHUK","CD3G"
"JAK3","PTEN","CD3G"
"JAK3","MAPK8","CD3G"
"JAK3","MTOR","CD3G"
"JAK3","AKT1","CD3G"
"JAK3","CSNK2A1","CD3G"
"JAK3","KRAS","CD3G"
"JAK3","RAC1","CD3G"
"JAK3","MAP2K7","CD3G"
"JAK3","TGFBR1","CD3G"
"JAK3","MAP3K14","CD3G"
"JAK3","RPS6KA1","CD3G"
"JAK3","IGF1R","CD3G"
"JAK3","PRKCB","CD3G"
"JAK3","STK3","CD3G"
"JAK3","PRKCZ","CD3G"
"JAK3","TGFBR2","CD3G"
"JAK3","AKT","CD3G"
"JAK3","RACK1","CD3G"
"JAK3","HRAS","CD3G"
"JAK3","MAPK13","CD3G"
"JAK3","PIK3CA","CD3G"
"JAK3","LEPR","CD3G"
"JAK3","AHSA1","CD3G"
"JAK3","SGK3","CD3G"
"JAK3","SH2B1","CD3G"
"JAK3","HSP90AB1","CD3G"
"JAK3","PTPN12","CD3G"
"JAK3","DUSP1","CD3G"
"JAK3","GIT1","CD3G"
"JAK3","TRAF2","CD3G"
"JAK3","MAP2K4","CD3G"
"JAK3","RAB7A","CD3G"
"JAK3","NRAS","CD3G"
"JAK3","DUSP3","CD3G"
"JAK3","UNC5A","CD3G"
"JAK3","PRKCI","CD3G"
"JAK3","PARD6A","CD3G"
"JAK3","PTPRA","CD3G"
"JAK3","CCR2","CD3G"
"JAK3","PSTPIP1","CD3G"
"JAK3","DUSP6","CD3G"
"JAK3","INPP5D","CD3G"
"JAK3","PIK3R1","CD3G"
"JAK3","IRS2","CD3G"
"JAK3","SH2B2","CD3G"
"JAK3","PPP2R5A","CD3G"
"JAK3","CLK2","CD3G"
"JAK3","PLCG1","CD3G"
"JAK3","SPRY2","CD3G"
"JAK3","RND1","CD3G"
"JAK3","TIAM1","CD3G"
"JAK3","WAC","CD3G"
"JAK3","BANP","CD3G"
"JAK3","ACTN1","CD3G"
"JAK3","RGCC","CD3G"
"JAK3","CHUK","GRIN2A"
"JAK3","CILK1","GRIN2A"
"JAK3","MTOR","GRIN2A"
"JAK3","AKT1","GRIN2A"
"JAK3","PLK1","GRIN2A"
"JAK3","KRAS","GRIN2A"
"JAK3","PTPRJ","GRIN2A"
"JAK3","TGFBR1","GRIN2A"
"JAK3","PPP1CA","GRIN2A"
"JAK3","PDPK1","GRIN2A"
"JAK3","MAP3K14","GRIN2A"
"JAK3","RPS6KA1","GRIN2A"
"JAK3","SGK1","GRIN2A"
"JAK3","PRKCB","GRIN2A"
"JAK3","RAB1A","GRIN2A"
"JAK3","PRKCZ","GRIN2A"
"JAK3","PAK2","GRIN2A"
"JAK3","RACK1","GRIN2A"
"JAK3","MAPK13","GRIN2A"
"JAK3","LEPR","GRIN2A"
"JAK3","mTORC1","GRIN2A"
"JAK3","ROCK1","GRIN2A"
"JAK3","RASSF1","GRIN2A"
"JAK3","BTK","GRIN2A"
"JAK3","SGK3","GRIN2A"
"JAK3","SH2B1","GRIN2A"
"JAK3","HSP90AB1","GRIN2A"
"JAK3","PTPN12","GRIN2A"
"JAK3","PAK1","GRIN2A"
"JAK3","ZAP70","GRIN2A"
"JAK3","DUSP1","GRIN2A"
"JAK3","TRAF2","GRIN2A"
"JAK3","EPHA2","GRIN2A"
"JAK3","NRAS","GRIN2A"
"JAK3","DUSP3","GRIN2A"
"JAK3","UNC5A","GRIN2A"
"JAK3","PRKCI","GRIN2A"
"JAK3","PTPRA","GRIN2A"
"JAK3","CCR2","GRIN2A"
"JAK3","PSTPIP1","GRIN2A"
"JAK3","INPP5D","GRIN2A"
"JAK3","PIK3R1","GRIN2A"
"JAK3","IRS2","GRIN2A"
"JAK3","CDC42","GRIN2A"
"JAK3","PIK3CG","GRIN2A"
"JAK3","MDM2","GRIN2A"
"JAK3","PLCG1","GRIN2A"
"JAK3","RUNX2","GRIN2A"
"JAK3","SH2B3","GRIN2A"
"JAK3","PIK3C3","GRIN2A"
"JAK3","RND1","GRIN2A"
"JAK3","TIAM1","GRIN2A"
"JAK3","WAC","GRIN2A"
"JAK3","BANP","GRIN2A"
"JAK3","CHUK","WRN"
"JAK3","CILK1","WRN"
"JAK3","PTEN","WRN"
"JAK3","CSNK2A1","WRN"
"JAK3","KRAS","WRN"
"JAK3","MAP2K7","WRN"
"JAK3","TGFBR1","WRN"
"JAK3","PPP1CA","WRN"
"JAK3","PDPK1","WRN"
"JAK3","MAP3K14","WRN"
"JAK3","RPS6KA1","WRN"
"JAK3","SGK1","WRN"
"JAK3","STK3","WRN"
"JAK3","RACK1","WRN"
"JAK3","MAPK13","WRN"
"JAK3","PIK3CA","WRN"
"JAK3","AHSA1","WRN"
"JAK3","ROCK1","WRN"
"JAK3","RASSF1","WRN"
"JAK3","BTK","WRN"
"JAK3","SH2B1","WRN"
"JAK3","SHOC2","WRN"
"JAK3","PAK1","WRN"
"JAK3","DUSP1","WRN"
"JAK3","GIT1","WRN"
"JAK3","TRAF2","WRN"
"JAK3","PARD6A","WRN"
"JAK3","PTPRA","WRN"
"JAK3","CCR2","WRN"
"JAK3","PSTPIP1","WRN"
"JAK3","RHEB","WRN"
"JAK3","DAXX","WRN"
"JAK3","DUSP6","WRN"
"JAK3","SH2B2","WRN"
"JAK3","PPP2R5A","WRN"
"JAK3","MDM2","WRN"
"JAK3","PLCG1","WRN"
"JAK3","RUNX2","WRN"
"JAK3","RND1","WRN"
"JAK3","TIAM1","WRN"
"JAK3","WAC","WRN"
"JAK3","BANP","WRN"
"JAK3","ACTN1","WRN"
"JAK3","CTNNB1","PLD2"
"JAK3","CILK1","PLD2"
"JAK3","PTEN","PLD2"
"JAK3","MAPK8","PLD2"
"JAK3","RAC1","PLD2"
"JAK3","MAP2K7","PLD2"
"JAK3","PTPRJ","PLD2"
"JAK3","TGFBR1","PLD2"
"JAK3","PDPK1","PLD2"
"JAK3","RPS6KA1","PLD2"
"JAK3","SGK1","PLD2"
"JAK3","IGF1R","PLD2"
"JAK3","PRKCB","PLD2"
"JAK3","STK3","PLD2"
"JAK3","RAB1A","PLD2"
"JAK3","AKT","PLD2"
"JAK3","HRAS","PLD2"
"JAK3","MAPK13","PLD2"
"JAK3","PIK3CA","PLD2"
"JAK3","LEPR","PLD2"
"JAK3","RPS6KA3","PLD2"
"JAK3","mTORC1","PLD2"
"JAK3","ROCK1","PLD2"
"JAK3","RASSF1","PLD2"
"JAK3","BTK","PLD2"
"JAK3","SGK3","PLD2"
"JAK3","HSP90AB1","PLD2"
"JAK3","PTPN12","PLD2"
"JAK3","PPP2R5C","PLD2"
"JAK3","TRAF2","PLD2"
"JAK3","MAP2K4","PLD2"
"JAK3","EPHA2","PLD2"
"JAK3","AR","PLD2"
"JAK3","DUSP3","PLD2"
"JAK3","CCR2","PLD2"
"JAK3","PSTPIP1","PLD2"
"JAK3","DUSP6","PLD2"
"JAK3","PIK3R1","PLD2"
"JAK3","CDC42","PLD2"
"JAK3","PIK3CG","PLD2"
"JAK3","SH2B2","PLD2"
"JAK3","YWHAE","PLD2"
"JAK3","PLCG1","PLD2"
"JAK3","SPRY2","PLD2"
"JAK3","SH2B3","PLD2"
"JAK3","RND1","PLD2"
"JAK3","WAC","PLD2"
"JAK3","BANP","PLD2"
"JAK3","ACTN1","PLD2"
"JAK3","CILK1","NUSAP1"
"JAK3","PTEN","NUSAP1"
"JAK3","MTOR","NUSAP1"
"JAK3","CSNK2A1","NUSAP1"
"JAK3","PLK1","NUSAP1"
"JAK3","KRAS","NUSAP1"
"JAK3","TGFBR1","NUSAP1"
"JAK3","RPS6KA1","NUSAP1"
"JAK3","IGF1R","NUSAP1"
"JAK3","RAB1A","NUSAP1"
"JAK3","PRKCZ","NUSAP1"
"JAK3","RACK1","NUSAP1"
"JAK3","RPS6KA3","NUSAP1"
"JAK3","AHSA1","NUSAP1"
"JAK3","SGK3","NUSAP1"
"JAK3","TYK2","NUSAP1"
"JAK3","ZAP70","NUSAP1"
"JAK3","DUSP1","NUSAP1"
"JAK3","GIT1","NUSAP1"
"JAK3","EPHA2","NUSAP1"
"JAK3","PARD6A","NUSAP1"
"JAK3","PTPRA","NUSAP1"
"JAK3","CCR2","NUSAP1"
"JAK3","CCNE1","NUSAP1"
"JAK3","IRS2","NUSAP1"
"JAK3","PPP2R5A","NUSAP1"
"JAK3","PLCG1","NUSAP1"
"JAK3","SPRY2","NUSAP1"
"JAK3","PIK3C3","NUSAP1"
"JAK3","TIAM1","NUSAP1"
"JAK3","DCTN6","NUSAP1"
"JAK3","ACTN1","NUSAP1"
"JAK3","RGCC","NUSAP1"
"JAK3","PTEN","ARHGEF4"
"JAK3","AKT1","ARHGEF4"
"JAK3","PLK1","ARHGEF4"
"JAK3","KRAS","ARHGEF4"
"JAK3","MAP2K7","ARHGEF4"
"JAK3","TGFBR1","ARHGEF4"
"JAK3","RPS6KA1","ARHGEF4"
"JAK3","SGK1","ARHGEF4"
"JAK3","STK3","ARHGEF4"
"JAK3","PAK2","ARHGEF4"
"JAK3","HRAS","ARHGEF4"
"JAK3","MAPK13","ARHGEF4"
"JAK3","RPS6KA3","ARHGEF4"
"JAK3","mTORC1","ARHGEF4"
"JAK3","ROCK1","ARHGEF4"
"JAK3","SHOC2","ARHGEF4"
"JAK3","PPP2R5C","ARHGEF4"
"JAK3","TYK2","ARHGEF4"
"JAK3","DUSP1","ARHGEF4"
"JAK3","GIT1","ARHGEF4"
"JAK3","MAP2K4","ARHGEF4"
"JAK3","EPHA2","ARHGEF4"
"JAK3","PTPRA","ARHGEF4"
"JAK3","INPP5D","ARHGEF4"
"JAK3","CCNE1","ARHGEF4"
"JAK3","IRS2","ARHGEF4"
"JAK3","PIK3CG","ARHGEF4"
"JAK3","SH2B2","ARHGEF4"
"JAK3","PPP2R5A","ARHGEF4"
"JAK3","MDM2","ARHGEF4"
"JAK3","YWHAE","ARHGEF4"
"JAK3","PLCG1","ARHGEF4"
"JAK3","SH2B3","ARHGEF4"
"JAK3","PIK3C3","ARHGEF4"
"JAK3","RND1","ARHGEF4"
"JAK3","TIAM1","ARHGEF4"
"JAK3","WAC","ARHGEF4"
"JAK3","DCTN6","ARHGEF4"
"JAK3","ACTN1","ARHGEF4"
"JAK3","RGCC","ARHGEF4"
"JAK3","PTEN","ATF4"
"JAK3","CSNK2A1","ATF4"
"JAK3","KRAS","ATF4"
"JAK3","RPS6KA1","ATF4"
"JAK3","SGK1","ATF4"
"JAK3","RAB1A","ATF4"
"JAK3","TGFBR2","ATF4"
"JAK3","ROCK1","ATF4"
"JAK3","RASSF1","ATF4"
"JAK3","BTK","ATF4"
"JAK3","PTPN11","ATF4"
"JAK3","SHOC2","ATF4"
"JAK3","PPP2R5C","ATF4"
"JAK3","GIT1","ATF4"
"JAK3","MAP2K4","ATF4"
"JAK3","UNC5A","ATF4"
"JAK3","PRKCI","ATF4"
"JAK3","PSTPIP1","ATF4"
"JAK3","DAXX","ATF4"
"JAK3","INPP5D","ATF4"
"JAK3","CDC42","ATF4"
"JAK3","PIK3CG","ATF4"
"JAK3","SH2B2","ATF4"
"JAK3","MDM2","ATF4"
"JAK3","YWHAE","ATF4"
"JAK3","PLCG1","ATF4"
"JAK3","SPRY2","ATF4"
"JAK3","RUNX2","ATF4"
"JAK3","SH2B3","ATF4"
"JAK3","PIK3C3","ATF4"
"JAK3","RND1","ATF4"
"JAK3","TIAM1","ATF4"
"JAK3","DCTN6","ATF4"
"JAK3","ACTN1","ATF4"
"JAK3","CILK1","STMN2"
"JAK3","PTEN","STMN2"
"JAK3","MAPK8","STMN2"
"JAK3","MTOR","STMN2"
"JAK3","AKT1","STMN2"
"JAK3","CSNK2A1","STMN2"
"JAK3","PLK1","STMN2"
"JAK3","RAC1","STMN2"
"JAK3","MAP2K7","STMN2"
"JAK3","PTPRJ","STMN2"
"JAK3","TGFBR1","STMN2"
"JAK3","PDPK1","STMN2"
"JAK3","MAP3K14","STMN2"
"JAK3","SGK1","STMN2"
"JAK3","IGF1R","STMN2"
"JAK3","PRKCB","STMN2"
"JAK3","STK3","STMN2"
"JAK3","RAB1A","STMN2"
"JAK3","PRKCZ","STMN2"
"JAK3","TGFBR2","STMN2"
"JAK3","AKT","STMN2"
"JAK3","HRAS","STMN2"
"JAK3","MAPK13","STMN2"
"JAK3","RPS6KA3","STMN2"
"JAK3","AHSA1","STMN2"
"JAK3","ROCK1","STMN2"
"JAK3","RASSF1","STMN2"
"JAK3","BTK","STMN2"
"JAK3","PTPN11","STMN2"
"JAK3","HSP90AB1","STMN2"
"JAK3","PTPN12","STMN2"
"JAK3","MAP2K4","STMN2"
"JAK3","EPHA2","STMN2"
"JAK3","NRAS","STMN2"
"JAK3","MAPK11","STMN2"
"JAK3","PRKCI","STMN2"
"JAK3","RHEB","STMN2"
"JAK3","DAXX","STMN2"
"JAK3","INPP5D","STMN2"
"JAK3","PIK3R1","STMN2"
"JAK3","CCNE1","STMN2"
"JAK3","CDC42","STMN2"
"JAK3","CLK2","STMN2"
"JAK3","PLCG1","STMN2"
"JAK3","RUNX2","STMN2"
"JAK3","SH2B3","STMN2"
"JAK3","PIK3C3","STMN2"
"JAK3","RND1","STMN2"
"JAK3","WAC","STMN2"
"JAK3","BANP","STMN2"
"JAK3","DCTN6","STMN2"
"JAK3","RGCC","STMN2"
"JAK3","CILK1","CEACAM1"
"JAK3","PTEN","CEACAM1"
"JAK3","MAPK8","CEACAM1"
"JAK3","AKT1","CEACAM1"
"JAK3","CSNK2A1","CEACAM1"
"JAK3","PLK1","CEACAM1"
"JAK3","TGFBR1","CEACAM1"
"JAK3","PPP1CA","CEACAM1"
"JAK3","MAP3K14","CEACAM1"
"JAK3","RPS6KA1","CEACAM1"
"JAK3","SGK1","CEACAM1"
"JAK3","IGF1R","CEACAM1"
"JAK3","PRKCZ","CEACAM1"
"JAK3","AKT","CEACAM1"
"JAK3","RACK1","CEACAM1"
"JAK3","MAPK13","CEACAM1"
"JAK3","RPS6KA3","CEACAM1"
"JAK3","mTORC1","CEACAM1"
"JAK3","BTK","CEACAM1"
"JAK3","SHOC2","CEACAM1"
"JAK3","PPP2R5C","CEACAM1"
"JAK3","DUSP1","CEACAM1"
"JAK3","TRAF2","CEACAM1"
"JAK3","DUSP3","CEACAM1"
"JAK3","MAPK11","CEACAM1"
"JAK3","UNC5A","CEACAM1"
"JAK3","CCR2","CEACAM1"
"JAK3","RHEB","CEACAM1"
"JAK3","DAXX","CEACAM1"
"JAK3","CDC42","CEACAM1"
"JAK3","PLCG1","CEACAM1"
"JAK3","SPRY2","CEACAM1"
"JAK3","DCTN6","CEACAM1"
"JAK3","ACTN1","CEACAM1"
"JAK3","CTNNB1","NEDD4"
"JAK3","PTEN","NEDD4"
"JAK3","AKT1","NEDD4"
"JAK3","CSNK2A1","NEDD4"
"JAK3","PLK1","NEDD4"
"JAK3","PDPK1","NEDD4"
"JAK3","MAP3K14","NEDD4"
"JAK3","RPS6KA1","NEDD4"
"JAK3","SGK1","NEDD4"
"JAK3","RAB1A","NEDD4"
"JAK3","PRKCZ","NEDD4"
"JAK3","TGFBR2","NEDD4"
"JAK3","RACK1","NEDD4"
"JAK3","HRAS","NEDD4"
"JAK3","MAPK13","NEDD4"
"JAK3","LEPR","NEDD4"
"JAK3","RPS6KA3","NEDD4"
"JAK3","mTORC1","NEDD4"
"JAK3","AHSA1","NEDD4"
"JAK3","RASSF1","NEDD4"
"JAK3","BTK","NEDD4"
"JAK3","SHOC2","NEDD4"
"JAK3","PPP2R5C","NEDD4"
"JAK3","PAK1","NEDD4"
"JAK3","DUSP1","NEDD4"
"JAK3","GIT1","NEDD4"
"JAK3","TRAF2","NEDD4"
"JAK3","RAB7A","NEDD4"
"JAK3","EPHA2","NEDD4"
"JAK3","NRAS","NEDD4"
"JAK3","AR","NEDD4"
"JAK3","UNC5A","NEDD4"
"JAK3","PTPRA","NEDD4"
"JAK3","CCR2","NEDD4"
"JAK3","PSTPIP1","NEDD4"
"JAK3","RHEB","NEDD4"
"JAK3","PIK3R1","NEDD4"
"JAK3","CCNE1","NEDD4"
"JAK3","CDC42","NEDD4"
"JAK3","SH2B2","NEDD4"
"JAK3","CLK2","NEDD4"
"JAK3","MDM2","NEDD4"
"JAK3","PLCG1","NEDD4"
"JAK3","PIK3C3","NEDD4"
"JAK3","RND1","NEDD4"
"JAK3","DCTN6","NEDD4"
"JAK3","RGCC","NEDD4"
"JAK3","CHUK","LONP1"
"JAK3","CTNNB1","LONP1"
"JAK3","CILK1","LONP1"
"JAK3","MTOR","LONP1"
"JAK3","CSNK2A1","LONP1"
"JAK3","PLK1","LONP1"
"JAK3","PTPRJ","LONP1"
"JAK3","PPP1CA","LONP1"
"JAK3","PDPK1","LONP1"
"JAK3","MAP3K14","LONP1"
"JAK3","RPS6KA1","LONP1"
"JAK3","SGK1","LONP1"
"JAK3","PRKCB","LONP1"
"JAK3","RAB1A","LONP1"
"JAK3","PRKCZ","LONP1"
"JAK3","PAK2","LONP1"
"JAK3","AKT","LONP1"
"JAK3","MAPK13","LONP1"
"JAK3","RPS6KA3","LONP1"
"JAK3","mTORC1","LONP1"
"JAK3","AHSA1","LONP1"
"JAK3","RASSF1","LONP1"
"JAK3","BTK","LONP1"
"JAK3","PTPN11","LONP1"
"JAK3","SH2B1","LONP1"
"JAK3","HSP90AB1","LONP1"
"JAK3","SHOC2","LONP1"
"JAK3","PAK1","LONP1"
"JAK3","TYK2","LONP1"
"JAK3","ZAP70","LONP1"
"JAK3","DUSP1","LONP1"
"JAK3","MAP2K4","LONP1"
"JAK3","UNC5A","LONP1"
"JAK3","PRKCI","LONP1"
"JAK3","PARD6A","LONP1"
"JAK3","CCR2","LONP1"
"JAK3","PSTPIP1","LONP1"
"JAK3","RHEB","LONP1"
"JAK3","IRS2","LONP1"
"JAK3","CDC42","LONP1"
"JAK3","PIK3CG","LONP1"
"JAK3","SH2B2","LONP1"
"JAK3","PPP2R5A","LONP1"
"JAK3","YWHAE","LONP1"
"JAK3","SPRY2","LONP1"
"JAK3","RUNX2","LONP1"
"JAK3","SH2B3","LONP1"
"JAK3","PIK3C3","LONP1"
"JAK3","RND1","LONP1"
"JAK3","ACTN1","LONP1"
"JAK3","CHUK","TH"
"JAK3","CTNNB1","TH"
"JAK3","MTOR","TH"
"JAK3","CSNK2A1","TH"
"JAK3","PLK1","TH"
"JAK3","KRAS","TH"
"JAK3","MAP2K7","TH"
"JAK3","PTPRJ","TH"
"JAK3","TGFBR1","TH"
"JAK3","PPP1CA","TH"
"JAK3","MAP3K14","TH"
"JAK3","RPS6KA1","TH"
"JAK3","SGK1","TH"
"JAK3","PRKCB","TH"
"JAK3","STK3","TH"
"JAK3","RAB1A","TH"
"JAK3","PRKCZ","TH"
"JAK3","PAK2","TH"
"JAK3","RACK1","TH"
"JAK3","MAPK13","TH"
"JAK3","LEPR","TH"
"JAK3","mTORC1","TH"
"JAK3","AHSA1","TH"
"JAK3","ROCK1","TH"
"JAK3","SH2B1","TH"
"JAK3","HSP90AB1","TH"
"JAK3","PTPN12","TH"
"JAK3","PPP2R5C","TH"
"JAK3","PAK1","TH"
"JAK3","TYK2","TH"
"JAK3","ZAP70","TH"
"JAK3","TRAF2","TH"
"JAK3","MAP2K4","TH"
"JAK3","DUSP3","TH"
"JAK3","MAPK11","TH"
"JAK3","PARD6A","TH"
"JAK3","CCR2","TH"
"JAK3","PSTPIP1","TH"
"JAK3","DUSP6","TH"
"JAK3","INPP5D","TH"
"JAK3","PIK3CG","TH"
"JAK3","PPP2R5A","TH"
"JAK3","CLK2","TH"
"JAK3","SPRY2","TH"
"JAK3","RUNX2","TH"
"JAK3","SH2B3","TH"
"JAK3","RND1","TH"
"JAK3","TIAM1","TH"
"JAK3","BANP","TH"
"JAK3","ACTN1","TH"
"JAK3","PTEN","MEP1B"
"JAK3","MTOR","MEP1B"
"JAK3","AKT1","MEP1B"
"JAK3","CSNK2A1","MEP1B"
"JAK3","PLK1","MEP1B"
"JAK3","KRAS","MEP1B"
"JAK3","RAC1","MEP1B"
"JAK3","TGFBR1","MEP1B"
"JAK3","PPP1CA","MEP1B"
"JAK3","MAP3K14","MEP1B"
"JAK3","STK3","MEP1B"
"JAK3","PRKCZ","MEP1B"
"JAK3","PIK3CA","MEP1B"
"JAK3","LEPR","MEP1B"
"JAK3","RPS6KA3","MEP1B"
"JAK3","mTORC1","MEP1B"
"JAK3","RASSF1","MEP1B"
"JAK3","SGK3","MEP1B"
"JAK3","SHOC2","MEP1B"
"JAK3","ZAP70","MEP1B"
"JAK3","DUSP1","MEP1B"
"JAK3","TRAF2","MEP1B"
"JAK3","RAB7A","MEP1B"
"JAK3","AR","MEP1B"
"JAK3","UNC5A","MEP1B"
"JAK3","PARD6A","MEP1B"
"JAK3","PSTPIP1","MEP1B"
"JAK3","PIK3CG","MEP1B"
"JAK3","SH2B2","MEP1B"
"JAK3","YWHAE","MEP1B"
"JAK3","PLCG1","MEP1B"
"JAK3","SPRY2","MEP1B"
"JAK3","RUNX2","MEP1B"
"JAK3","SH2B3","MEP1B"
"JAK3","PIK3C3","MEP1B"
"JAK3","WAC","MEP1B"
"JAK3","DCTN6","MEP1B"
"JAK3","CHUK","ATXN1"
"JAK3","PTEN","ATXN1"
"JAK3","MAPK8","ATXN1"
"JAK3","MTOR","ATXN1"
"JAK3","CSNK2A1","ATXN1"
"JAK3","PLK1","ATXN1"
"JAK3","KRAS","ATXN1"
"JAK3","RAC1","ATXN1"
"JAK3","MAP2K7","ATXN1"
"JAK3","PPP1CA","ATXN1"
"JAK3","RPS6KA1","ATXN1"
"JAK3","SGK1","ATXN1"
"JAK3","IGF1R","ATXN1"
"JAK3","PRKCB","ATXN1"
"JAK3","RAB1A","ATXN1"
"JAK3","MAPK13","ATXN1"
"JAK3","PIK3CA","ATXN1"
"JAK3","RPS6KA3","ATXN1"
"JAK3","ROCK1","ATXN1"
"JAK3","PTPN11","ATXN1"
"JAK3","SH2B1","ATXN1"
"JAK3","PTPN12","ATXN1"
"JAK3","RAB7A","ATXN1"
"JAK3","EPHA2","ATXN1"
"JAK3","MAPK11","ATXN1"
"JAK3","UNC5A","ATXN1"
"JAK3","PRKCI","ATXN1"
"JAK3","PARD6A","ATXN1"
"JAK3","PTPRA","ATXN1"
"JAK3","CCR2","ATXN1"
"JAK3","DAXX","ATXN1"
"JAK3","DUSP6","ATXN1"
"JAK3","INPP5D","ATXN1"
"JAK3","CCNE1","ATXN1"
"JAK3","IRS2","ATXN1"
"JAK3","SH2B2","ATXN1"
"JAK3","PPP2R5A","ATXN1"
"JAK3","CLK2","ATXN1"
"JAK3","YWHAE","ATXN1"
"JAK3","PLCG1","ATXN1"
"JAK3","SPRY2","ATXN1"
"JAK3","RUNX2","ATXN1"
"JAK3","SH2B3","ATXN1"
"JAK3","TIAM1","ATXN1"
"JAK3","DCTN6","ATXN1"
"JAK3","CHUK","KCNA3"
"JAK3","CILK1","KCNA3"
"JAK3","MAPK8","KCNA3"
"JAK3","MTOR","KCNA3"
"JAK3","CSNK2A1","KCNA3"
"JAK3","PLK1","KCNA3"
"JAK3","RAC1","KCNA3"
"JAK3","MAP2K7","KCNA3"
"JAK3","PTPRJ","KCNA3"
"JAK3","TGFBR1","KCNA3"
"JAK3","PPP1CA","KCNA3"
"JAK3","AKT","KCNA3"
"JAK3","HRAS","KCNA3"
"JAK3","PIK3CA","KCNA3"
"JAK3","RASSF1","KCNA3"
"JAK3","BTK","KCNA3"
"JAK3","PPP2R5C","KCNA3"
"JAK3","EPHA2","KCNA3"
"JAK3","MAPK11","KCNA3"
"JAK3","PRKCI","KCNA3"
"JAK3","CCR2","KCNA3"
"JAK3","RHEB","KCNA3"
"JAK3","CCNE1","KCNA3"
"JAK3","SH2B2","KCNA3"
"JAK3","CLK2","KCNA3"
"JAK3","SPRY2","KCNA3"
"JAK3","RUNX2","KCNA3"
"JAK3","SH2B3","KCNA3"
"JAK3","PIK3C3","KCNA3"
"JAK3","RND1","KCNA3"
"JAK3","BANP","KCNA3"
"JAK3","ACTN1","KCNA3"
"JAK3","RGCC","KCNA3"
"JAK3","CHUK","ENO1"
"JAK3","CTNNB1","ENO1"
"JAK3","CILK1","ENO1"
"JAK3","PTEN","ENO1"
"JAK3","MAPK8","ENO1"
"JAK3","MTOR","ENO1"
"JAK3","PLK1","ENO1"
"JAK3","RAC1","ENO1"
"JAK3","PTPRJ","ENO1"
"JAK3","TGFBR1","ENO1"
"JAK3","PDPK1","ENO1"
"JAK3","PRKCB","ENO1"
"JAK3","RAB1A","ENO1"
"JAK3","PAK2","ENO1"
"JAK3","RACK1","ENO1"
"JAK3","LEPR","ENO1"
"JAK3","ROCK1","ENO1"
"JAK3","SGK3","ENO1"
"JAK3","HSP90AB1","ENO1"
"JAK3","PTPN12","ENO1"
"JAK3","PPP2R5C","ENO1"
"JAK3","PAK1","ENO1"
"JAK3","TYK2","ENO1"
"JAK3","ZAP70","ENO1"
"JAK3","GIT1","ENO1"
"JAK3","TRAF2","ENO1"
"JAK3","MAP2K4","ENO1"
"JAK3","RAB7A","ENO1"
"JAK3","NRAS","ENO1"
"JAK3","AR","ENO1"
"JAK3","DUSP3","ENO1"
"JAK3","MAPK11","ENO1"
"JAK3","UNC5A","ENO1"
"JAK3","PRKCI","ENO1"
"JAK3","DAXX","ENO1"
"JAK3","DUSP6","ENO1"
"JAK3","INPP5D","ENO1"
"JAK3","CCNE1","ENO1"
"JAK3","IRS2","ENO1"
"JAK3","CDC42","ENO1"
"JAK3","PIK3CG","ENO1"
"JAK3","SH2B2","ENO1"
"JAK3","CLK2","ENO1"
"JAK3","PLCG1","ENO1"
"JAK3","TIAM1","ENO1"
"JAK3","DCTN6","ENO1"
"JAK3","CHUK","KRT8"
"JAK3","CILK1","KRT8"
"JAK3","CSNK2A1","KRT8"
"JAK3","KRAS","KRT8"
"JAK3","TGFBR1","KRT8"
"JAK3","MAP3K14","KRT8"
"JAK3","PRKCB","KRT8"
"JAK3","STK3","KRT8"
"JAK3","RAB1A","KRT8"
"JAK3","PRKCZ","KRT8"
"JAK3","RACK1","KRT8"
"JAK3","HRAS","KRT8"
"JAK3","MAPK13","KRT8"
"JAK3","AHSA1","KRT8"
"JAK3","RASSF1","KRT8"
"JAK3","SHOC2","KRT8"
"JAK3","PPP2R5C","KRT8"
"JAK3","PAK1","KRT8"
"JAK3","EPHA2","KRT8"
"JAK3","NRAS","KRT8"
"JAK3","AR","KRT8"
"JAK3","MAPK11","KRT8"
"JAK3","UNC5A","KRT8"
"JAK3","PRKCI","KRT8"
"JAK3","CCR2","KRT8"
"JAK3","PSTPIP1","KRT8"
"JAK3","RHEB","KRT8"
"JAK3","DAXX","KRT8"
"JAK3","DUSP6","KRT8"
"JAK3","INPP5D","KRT8"
"JAK3","PIK3R1","KRT8"
"JAK3","CCNE1","KRT8"
"JAK3","IRS2","KRT8"
"JAK3","PIK3CG","KRT8"
"JAK3","MDM2","KRT8"
"JAK3","YWHAE","KRT8"
"JAK3","PIK3C3","KRT8"
"JAK3","TIAM1","KRT8"
"JAK3","BANP","KRT8"
"JAK3","CHUK","MARCKS"
"JAK3","CTNNB1","MARCKS"
"JAK3","MAPK8","MARCKS"
"JAK3","MTOR","MARCKS"
"JAK3","CSNK2A1","MARCKS"
"JAK3","PLK1","MARCKS"
"JAK3","KRAS","MARCKS"
"JAK3","RAC1","MARCKS"
"JAK3","MAP2K7","MARCKS"
"JAK3","PTPRJ","MARCKS"
"JAK3","TGFBR1","MARCKS"
"JAK3","MAP3K14","MARCKS"
"JAK3","IGF1R","MARCKS"
"JAK3","STK3","MARCKS"
"JAK3","RAB1A","MARCKS"
"JAK3","PRKCZ","MARCKS"
"JAK3","TGFBR2","MARCKS"
"JAK3","HRAS","MARCKS"
"JAK3","PIK3CA","MARCKS"
"JAK3","AHSA1","MARCKS"
"JAK3","ROCK1","MARCKS"
"JAK3","RASSF1","MARCKS"
"JAK3","SHOC2","MARCKS"
"JAK3","PPP2R5C","MARCKS"
"JAK3","TYK2","MARCKS"
"JAK3","GIT1","MARCKS"
"JAK3","TRAF2","MARCKS"
"JAK3","MAP2K4","MARCKS"
"JAK3","RAB7A","MARCKS"
"JAK3","EPHA2","MARCKS"
"JAK3","UNC5A","MARCKS"
"JAK3","PRKCI","MARCKS"
"JAK3","PARD6A","MARCKS"
"JAK3","DAXX","MARCKS"
"JAK3","CDC42","MARCKS"
"JAK3","PPP2R5A","MARCKS"
"JAK3","RUNX2","MARCKS"
"JAK3","TIAM1","MARCKS"
"JAK3","BANP","MARCKS"
"JAK3","CSNK2A1","ADD3"
"JAK3","PLK1","ADD3"
"JAK3","KRAS","ADD3"
"JAK3","RAC1","ADD3"
"JAK3","PPP1CA","ADD3"
"JAK3","MAP3K14","ADD3"
"JAK3","STK3","ADD3"
"JAK3","PRKCZ","ADD3"
"JAK3","PIK3CA","ADD3"
"JAK3","LEPR","ADD3"
"JAK3","ROCK1","ADD3"
"JAK3","SH2B1","ADD3"
"JAK3","HSP90AB1","ADD3"
"JAK3","PPP2R5C","ADD3"
"JAK3","PAK1","ADD3"
"JAK3","TYK2","ADD3"
"JAK3","GIT1","ADD3"
"JAK3","TRAF2","ADD3"
"JAK3","MAP2K4","ADD3"
"JAK3","EPHA2","ADD3"
"JAK3","NRAS","ADD3"
"JAK3","AR","ADD3"
"JAK3","DUSP3","ADD3"
"JAK3","MAPK11","ADD3"
"JAK3","UNC5A","ADD3"
"JAK3","CCR2","ADD3"
"JAK3","PSTPIP1","ADD3"
"JAK3","DAXX","ADD3"
"JAK3","PIK3R1","ADD3"
"JAK3","CCNE1","ADD3"
"JAK3","IRS2","ADD3"
"JAK3","SH2B2","ADD3"
"JAK3","PPP2R5A","ADD3"
"JAK3","MDM2","ADD3"
"JAK3","YWHAE","ADD3"
"JAK3","PLCG1","ADD3"
"JAK3","SPRY2","ADD3"
"JAK3","SH2B3","ADD3"
"JAK3","RND1","ADD3"
"JAK3","TIAM1","ADD3"
"JAK3","WAC","ADD3"
"JAK3","DCTN6","ADD3"
"JAK3","CHUK","CCDC50"
"JAK3","CTNNB1","CCDC50"
"JAK3","PTEN","CCDC50"
"JAK3","MAPK8","CCDC50"
"JAK3","CSNK2A1","CCDC50"
"JAK3","PLK1","CCDC50"
"JAK3","RAC1","CCDC50"
"JAK3","MAP2K7","CCDC50"
"JAK3","PTPRJ","CCDC50"
"JAK3","TGFBR1","CCDC50"
"JAK3","PPP1CA","CCDC50"
"JAK3","PDPK1","CCDC50"
"JAK3","RPS6KA1","CCDC50"
"JAK3","SGK1","CCDC50"
"JAK3","RAB1A","CCDC50"
"JAK3","PRKCZ","CCDC50"
"JAK3","TGFBR2","CCDC50"
"JAK3","AKT","CCDC50"
"JAK3","PIK3CA","CCDC50"
"JAK3","LEPR","CCDC50"
"JAK3","RPS6KA3","CCDC50"
"JAK3","mTORC1","CCDC50"
"JAK3","AHSA1","CCDC50"
"JAK3","ROCK1","CCDC50"
"JAK3","BTK","CCDC50"
"JAK3","SGK3","CCDC50"
"JAK3","SHOC2","CCDC50"
"JAK3","PPP2R5C","CCDC50"
"JAK3","DUSP1","CCDC50"
"JAK3","GIT1","CCDC50"
"JAK3","MAP2K4","CCDC50"
"JAK3","RAB7A","CCDC50"
"JAK3","AR","CCDC50"
"JAK3","UNC5A","CCDC50"
"JAK3","PARD6A","CCDC50"
"JAK3","PTPRA","CCDC50"
"JAK3","DAXX","CCDC50"
"JAK3","INPP5D","CCDC50"
"JAK3","PIK3R1","CCDC50"
"JAK3","CCNE1","CCDC50"
"JAK3","PPP2R5A","CCDC50"
"JAK3","CLK2","CCDC50"
"JAK3","PLCG1","CCDC50"
"JAK3","SPRY2","CCDC50"
"JAK3","RUNX2","CCDC50"
"JAK3","SH2B3","CCDC50"
"JAK3","PIK3C3","CCDC50"
"JAK3","RND1","CCDC50"
"JAK3","WAC","CCDC50"
"JAK3","BANP","CCDC50"
"JAK3","DCTN6","CCDC50"
"JAK3","ACTN1","CCDC50"
"JAK3","RGCC","CCDC50"
"JAK3","CTNNB1","ACLY"
"JAK3","CILK1","ACLY"
"JAK3","PTEN","ACLY"
"JAK3","MAPK8","ACLY"
"JAK3","MTOR","ACLY"
"JAK3","PTPRJ","ACLY"
"JAK3","TGFBR1","ACLY"
"JAK3","IGF1R","ACLY"
"JAK3","PRKCB","ACLY"
"JAK3","STK3","ACLY"
"JAK3","RAB1A","ACLY"
"JAK3","TGFBR2","ACLY"
"JAK3","PAK2","ACLY"
"JAK3","AKT","ACLY"
"JAK3","RACK1","ACLY"
"JAK3","MAPK13","ACLY"
"JAK3","PIK3CA","ACLY"
"JAK3","LEPR","ACLY"
"JAK3","RPS6KA3","ACLY"
"JAK3","mTORC1","ACLY"
"JAK3","AHSA1","ACLY"
"JAK3","ROCK1","ACLY"
"JAK3","RASSF1","ACLY"
"JAK3","BTK","ACLY"
"JAK3","SGK3","ACLY"
"JAK3","PPP2R5C","ACLY"
"JAK3","TYK2","ACLY"
"JAK3","ZAP70","ACLY"
"JAK3","GIT1","ACLY"
"JAK3","TRAF2","ACLY"
"JAK3","MAP2K4","ACLY"
"JAK3","RAB7A","ACLY"
"JAK3","EPHA2","ACLY"
"JAK3","NRAS","ACLY"
"JAK3","AR","ACLY"
"JAK3","MAPK11","ACLY"
"JAK3","UNC5A","ACLY"
"JAK3","PRKCI","ACLY"
"JAK3","PARD6A","ACLY"
"JAK3","CCR2","ACLY"
"JAK3","PSTPIP1","ACLY"
"JAK3","RHEB","ACLY"
"JAK3","DUSP6","ACLY"
"JAK3","INPP5D","ACLY"
"JAK3","CCNE1","ACLY"
"JAK3","CDC42","ACLY"
"JAK3","PIK3CG","ACLY"
"JAK3","CLK2","ACLY"
"JAK3","MDM2","ACLY"
"JAK3","SPRY2","ACLY"
"JAK3","SH2B3","ACLY"
"JAK3","RND1","ACLY"
"JAK3","TIAM1","ACLY"
"JAK3","WAC","ACLY"
"JAK3","BANP","ACLY"
"JAK3","MAPK8","CTLA4"
"JAK3","MTOR","CTLA4"
"JAK3","CSNK2A1","CTLA4"
"JAK3","PLK1","CTLA4"
"JAK3","KRAS","CTLA4"
"JAK3","PPP1CA","CTLA4"
"JAK3","SGK1","CTLA4"
"JAK3","IGF1R","CTLA4"
"JAK3","PRKCB","CTLA4"
"JAK3","RAB1A","CTLA4"
"JAK3","PRKCZ","CTLA4"
"JAK3","TGFBR2","CTLA4"
"JAK3","RACK1","CTLA4"
"JAK3","HRAS","CTLA4"
"JAK3","MAPK13","CTLA4"
"JAK3","LEPR","CTLA4"
"JAK3","mTORC1","CTLA4"
"JAK3","AHSA1","CTLA4"
"JAK3","ROCK1","CTLA4"
"JAK3","RASSF1","CTLA4"
"JAK3","SHOC2","CTLA4"
"JAK3","PPP2R5C","CTLA4"
"JAK3","PAK1","CTLA4"
"JAK3","TYK2","CTLA4"
"JAK3","ZAP70","CTLA4"
"JAK3","TRAF2","CTLA4"
"JAK3","EPHA2","CTLA4"
"JAK3","NRAS","CTLA4"
"JAK3","AR","CTLA4"
"JAK3","DUSP3","CTLA4"
"JAK3","MAPK11","CTLA4"
"JAK3","PRKCI","CTLA4"
"JAK3","PARD6A","CTLA4"
"JAK3","PTPRA","CTLA4"
"JAK3","PSTPIP1","CTLA4"
"JAK3","DAXX","CTLA4"
"JAK3","INPP5D","CTLA4"
"JAK3","CCNE1","CTLA4"
"JAK3","IRS2","CTLA4"
"JAK3","SH2B2","CTLA4"
"JAK3","PPP2R5A","CTLA4"
"JAK3","CLK2","CTLA4"
"JAK3","PLCG1","CTLA4"
"JAK3","SPRY2","CTLA4"
"JAK3","RUNX2","CTLA4"
"JAK3","SH2B3","CTLA4"
"JAK3","PIK3C3","CTLA4"
"JAK3","WAC","CTLA4"
"JAK3","RGCC","CTLA4"
"JAK3","CHUK","VIL1"
"JAK3","MAPK8","VIL1"
"JAK3","MTOR","VIL1"
"JAK3","AKT1","VIL1"
"JAK3","CSNK2A1","VIL1"
"JAK3","PLK1","VIL1"
"JAK3","RAC1","VIL1"
"JAK3","MAP2K7","VIL1"
"JAK3","PTPRJ","VIL1"
"JAK3","TGFBR1","VIL1"
"JAK3","PDPK1","VIL1"
"JAK3","MAP3K14","VIL1"
"JAK3","SGK1","VIL1"
"JAK3","IGF1R","VIL1"
"JAK3","PRKCB","VIL1"
"JAK3","PRKCZ","VIL1"
"JAK3","TGFBR2","VIL1"
"JAK3","AKT","VIL1"
"JAK3","MAPK13","VIL1"
"JAK3","PIK3CA","VIL1"
"JAK3","LEPR","VIL1"
"JAK3","ROCK1","VIL1"
"JAK3","RASSF1","VIL1"
"JAK3","BTK","VIL1"
"JAK3","SGK3","VIL1"
"JAK3","SH2B1","VIL1"
"JAK3","HSP90AB1","VIL1"
"JAK3","PPP2R5C","VIL1"
"JAK3","TYK2","VIL1"
"JAK3","TRAF2","VIL1"
"JAK3","RAB7A","VIL1"
"JAK3","EPHA2","VIL1"
"JAK3","NRAS","VIL1"
"JAK3","MAPK11","VIL1"
"JAK3","UNC5A","VIL1"
"JAK3","PTPRA","VIL1"
"JAK3","PSTPIP1","VIL1"
"JAK3","DAXX","VIL1"
"JAK3","INPP5D","VIL1"
"JAK3","PIK3R1","VIL1"
"JAK3","CCNE1","VIL1"
"JAK3","IRS2","VIL1"
"JAK3","PIK3CG","VIL1"
"JAK3","PPP2R5A","VIL1"
"JAK3","MDM2","VIL1"
"JAK3","YWHAE","VIL1"
"JAK3","PLCG1","VIL1"
"JAK3","SPRY2","VIL1"
"JAK3","RUNX2","VIL1"
"JAK3","SH2B3","VIL1"
"JAK3","TIAM1","VIL1"
"JAK3","BANP","VIL1"
"JAK3","DCTN6","VIL1"
"JAK3","RGCC","VIL1"
"JAK3","CHUK","GRAP"
"JAK3","MAPK8","GRAP"
"JAK3","MTOR","GRAP"
"JAK3","PLK1","GRAP"
"JAK3","RAC1","GRAP"
"JAK3","PTPRJ","GRAP"
"JAK3","PPP1CA","GRAP"
"JAK3","PDPK1","GRAP"
"JAK3","RPS6KA1","GRAP"
"JAK3","SGK1","GRAP"
"JAK3","IGF1R","GRAP"
"JAK3","PRKCB","GRAP"
"JAK3","STK3","GRAP"
"JAK3","RAB1A","GRAP"
"JAK3","PRKCZ","GRAP"
"JAK3","PAK2","GRAP"
"JAK3","AKT","GRAP"
"JAK3","MAPK13","GRAP"
"JAK3","SH2B1","GRAP"
"JAK3","SHOC2","GRAP"
"JAK3","PPP2R5C","GRAP"
"JAK3","TYK2","GRAP"
"JAK3","ZAP70","GRAP"
"JAK3","GIT1","GRAP"
"JAK3","MAP2K4","GRAP"
"JAK3","EPHA2","GRAP"
"JAK3","AR","GRAP"
"JAK3","PTPRA","GRAP"
"JAK3","PSTPIP1","GRAP"
"JAK3","RHEB","GRAP"
"JAK3","DAXX","GRAP"
"JAK3","IRS2","GRAP"
"JAK3","CDC42","GRAP"
"JAK3","PIK3CG","GRAP"
"JAK3","YWHAE","GRAP"
"JAK3","PLCG1","GRAP"
"JAK3","SPRY2","GRAP"
"JAK3","RUNX2","GRAP"
"JAK3","PIK3C3","GRAP"
"JAK3","BANP","GRAP"
"JAK3","DCTN6","GRAP"
"JAK3","RGCC","GRAP"
"JAK3","PTEN","LIMA1"
"JAK3","AKT1","LIMA1"
"JAK3","KRAS","LIMA1"
"JAK3","RAC1","LIMA1"
"JAK3","MAP2K7","LIMA1"
"JAK3","PTPRJ","LIMA1"
"JAK3","MAP3K14","LIMA1"
"JAK3","RPS6KA1","LIMA1"
"JAK3","IGF1R","LIMA1"
"JAK3","PRKCB","LIMA1"
"JAK3","STK3","LIMA1"
"JAK3","RAB1A","LIMA1"
"JAK3","TGFBR2","LIMA1"
"JAK3","PAK2","LIMA1"
"JAK3","RACK1","LIMA1"
"JAK3","HRAS","LIMA1"
"JAK3","mTORC1","LIMA1"
"JAK3","AHSA1","LIMA1"
"JAK3","BTK","LIMA1"
"JAK3","SH2B1","LIMA1"
"JAK3","SHOC2","LIMA1"
"JAK3","PPP2R5C","LIMA1"
"JAK3","GIT1","LIMA1"
"JAK3","TRAF2","LIMA1"
"JAK3","MAP2K4","LIMA1"
"JAK3","EPHA2","LIMA1"
"JAK3","NRAS","LIMA1"
"JAK3","AR","LIMA1"
"JAK3","MAPK11","LIMA1"
"JAK3","PARD6A","LIMA1"
"JAK3","CCR2","LIMA1"
"JAK3","PSTPIP1","LIMA1"
"JAK3","RHEB","LIMA1"
"JAK3","INPP5D","LIMA1"
"JAK3","PIK3R1","LIMA1"
"JAK3","IRS2","LIMA1"
"JAK3","CLK2","LIMA1"
"JAK3","MDM2","LIMA1"
"JAK3","YWHAE","LIMA1"
"JAK3","PLCG1","LIMA1"
"JAK3","PIK3C3","LIMA1"
"JAK3","TIAM1","LIMA1"
"JAK3","WAC","LIMA1"
"JAK3","DCTN6","LIMA1"
"JAK3","ACTN1","LIMA1"
"JAK3","RGCC","LIMA1"
"JAK3","CHUK","ZBTB16"
"JAK3","CTNNB1","ZBTB16"
"JAK3","CILK1","ZBTB16"
"JAK3","PTEN","ZBTB16"
"JAK3","MAPK8","ZBTB16"
"JAK3","MTOR","ZBTB16"
"JAK3","AKT1","ZBTB16"
"JAK3","CSNK2A1","ZBTB16"
"JAK3","KRAS","ZBTB16"
"JAK3","MAP2K7","ZBTB16"
"JAK3","PTPRJ","ZBTB16"
"JAK3","TGFBR1","ZBTB16"
"JAK3","MAP3K14","ZBTB16"
"JAK3","RPS6KA1","ZBTB16"
"JAK3","SGK1","ZBTB16"
"JAK3","STK3","ZBTB16"
"JAK3","PRKCZ","ZBTB16"
"JAK3","TGFBR2","ZBTB16"
"JAK3","PAK2","ZBTB16"
"JAK3","AKT","ZBTB16"
"JAK3","RACK1","ZBTB16"
"JAK3","HRAS","ZBTB16"
"JAK3","PIK3CA","ZBTB16"
"JAK3","mTORC1","ZBTB16"
"JAK3","AHSA1","ZBTB16"
"JAK3","RASSF1","ZBTB16"
"JAK3","BTK","ZBTB16"
"JAK3","SGK3","ZBTB16"
"JAK3","HSP90AB1","ZBTB16"
"JAK3","SHOC2","ZBTB16"
"JAK3","PTPN12","ZBTB16"
"JAK3","PAK1","ZBTB16"
"JAK3","GIT1","ZBTB16"
"JAK3","RAB7A","ZBTB16"
"JAK3","EPHA2","ZBTB16"
"JAK3","NRAS","ZBTB16"
"JAK3","AR","ZBTB16"
"JAK3","DUSP3","ZBTB16"
"JAK3","MAPK11","ZBTB16"
"JAK3","PARD6A","ZBTB16"
"JAK3","PTPRA","ZBTB16"
"JAK3","CCR2","ZBTB16"
"JAK3","RHEB","ZBTB16"
"JAK3","DAXX","ZBTB16"
"JAK3","DUSP6","ZBTB16"
"JAK3","INPP5D","ZBTB16"
"JAK3","PIK3R1","ZBTB16"
"JAK3","CCNE1","ZBTB16"
"JAK3","PPP2R5A","ZBTB16"
"JAK3","CLK2","ZBTB16"
"JAK3","PLCG1","ZBTB16"
"JAK3","PIK3C3","ZBTB16"
"JAK3","WAC","ZBTB16"
"JAK3","BANP","ZBTB16"
"JAK3","CTNNB1","EDF1"
"JAK3","CILK1","EDF1"
"JAK3","PTEN","EDF1"
"JAK3","PLK1","EDF1"
"JAK3","KRAS","EDF1"
"JAK3","MAP2K7","EDF1"
"JAK3","PTPRJ","EDF1"
"JAK3","TGFBR1","EDF1"
"JAK3","PPP1CA","EDF1"
"JAK3","PRKCB","EDF1"
"JAK3","RAB1A","EDF1"
"JAK3","TGFBR2","EDF1"
"JAK3","AKT","EDF1"
"JAK3","RACK1","EDF1"
"JAK3","HRAS","EDF1"
"JAK3","LEPR","EDF1"
"JAK3","AHSA1","EDF1"
"JAK3","RASSF1","EDF1"
"JAK3","SH2B1","EDF1"
"JAK3","HSP90AB1","EDF1"
"JAK3","PTPN12","EDF1"
"JAK3","PPP2R5C","EDF1"
"JAK3","GIT1","EDF1"
"JAK3","TRAF2","EDF1"
"JAK3","EPHA2","EDF1"
"JAK3","NRAS","EDF1"
"JAK3","AR","EDF1"
"JAK3","MAPK11","EDF1"
"JAK3","UNC5A","EDF1"
"JAK3","PRKCI","EDF1"
"JAK3","PARD6A","EDF1"
"JAK3","PTPRA","EDF1"
"JAK3","DUSP6","EDF1"
"JAK3","PIK3R1","EDF1"
"JAK3","CCNE1","EDF1"
"JAK3","IRS2","EDF1"
"JAK3","CLK2","EDF1"
"JAK3","RUNX2","EDF1"
"JAK3","SH2B3","EDF1"
"JAK3","PIK3C3","EDF1"
"JAK3","RND1","EDF1"
"JAK3","BANP","EDF1"
"JAK3","DCTN6","EDF1"
"JAK3","ACTN1","EDF1"
"JAK3","CHUK","CSF2RB"
"JAK3","CILK1","CSF2RB"
"JAK3","MTOR","CSF2RB"
"JAK3","KRAS","CSF2RB"
"JAK3","RAC1","CSF2RB"
"JAK3","PRKCB","CSF2RB"
"JAK3","STK3","CSF2RB"
"JAK3","RAB1A","CSF2RB"
"JAK3","PRKCZ","CSF2RB"
"JAK3","TGFBR2","CSF2RB"
"JAK3","PAK2","CSF2RB"
"JAK3","RACK1","CSF2RB"
"JAK3","RPS6KA3","CSF2RB"
"JAK3","mTORC1","CSF2RB"
"JAK3","AHSA1","CSF2RB"
"JAK3","SGK3","CSF2RB"
"JAK3","HSP90AB1","CSF2RB"
"JAK3","SHOC2","CSF2RB"
"JAK3","PTPN12","CSF2RB"
"JAK3","PPP2R5C","CSF2RB"
"JAK3","TYK2","CSF2RB"
"JAK3","ZAP70","CSF2RB"
"JAK3","RAB7A","CSF2RB"
"JAK3","NRAS","CSF2RB"
"JAK3","AR","CSF2RB"
"JAK3","MAPK11","CSF2RB"
"JAK3","PTPRA","CSF2RB"
"JAK3","CCR2","CSF2RB"
"JAK3","PSTPIP1","CSF2RB"
"JAK3","CCNE1","CSF2RB"
"JAK3","IRS2","CSF2RB"
"JAK3","CDC42","CSF2RB"
"JAK3","PIK3CG","CSF2RB"
"JAK3","MDM2","CSF2RB"
"JAK3","PLCG1","CSF2RB"
"JAK3","SH2B3","CSF2RB"
"JAK3","PIK3C3","CSF2RB"
"JAK3","RND1","CSF2RB"
"JAK3","WAC","CSF2RB"
"JAK3","BANP","CSF2RB"
"JAK3","DCTN6","CSF2RB"
"JAK3","ACTN1","CSF2RB"
"JAK3","RGCC","CSF2RB"
"JAK3","CHUK","CDC27"
"JAK3","CTNNB1","CDC27"
"JAK3","MTOR","CDC27"
"JAK3","CSNK2A1","CDC27"
"JAK3","PLK1","CDC27"
"JAK3","PTPRJ","CDC27"
"JAK3","TGFBR1","CDC27"
"JAK3","PDPK1","CDC27"
"JAK3","MAP3K14","CDC27"
"JAK3","RPS6KA1","CDC27"
"JAK3","STK3","CDC27"
"JAK3","TGFBR2","CDC27"
"JAK3","PAK2","CDC27"
"JAK3","AKT","CDC27"
"JAK3","RACK1","CDC27"
"JAK3","LEPR","CDC27"
"JAK3","RPS6KA3","CDC27"
"JAK3","AHSA1","CDC27"
"JAK3","RASSF1","CDC27"
"JAK3","SGK3","CDC27"
"JAK3","SH2B1","CDC27"
"JAK3","HSP90AB1","CDC27"
"JAK3","SHOC2","CDC27"
"JAK3","TYK2","CDC27"
"JAK3","ZAP70","CDC27"
"JAK3","TRAF2","CDC27"
"JAK3","MAP2K4","CDC27"
"JAK3","RAB7A","CDC27"
"JAK3","EPHA2","CDC27"
"JAK3","NRAS","CDC27"
"JAK3","AR","CDC27"
"JAK3","DUSP3","CDC27"
"JAK3","PARD6A","CDC27"
"JAK3","PTPRA","CDC27"
"JAK3","PSTPIP1","CDC27"
"JAK3","IRS2","CDC27"
"JAK3","CDC42","CDC27"
"JAK3","PIK3CG","CDC27"
"JAK3","PPP2R5A","CDC27"
"JAK3","CLK2","CDC27"
"JAK3","MDM2","CDC27"
"JAK3","PLCG1","CDC27"
"JAK3","RUNX2","CDC27"
"JAK3","SH2B3","CDC27"
"JAK3","PIK3C3","CDC27"
"JAK3","TIAM1","CDC27"
"JAK3","WAC","CDC27"
"JAK3","BANP","CDC27"
"JAK3","RGCC","CDC27"
"JAK3","CTNNB1","SPTAN1"
"JAK3","CILK1","SPTAN1"
"JAK3","MTOR","SPTAN1"
"JAK3","AKT1","SPTAN1"
"JAK3","PLK1","SPTAN1"
"JAK3","MAP2K7","SPTAN1"
"JAK3","TGFBR1","SPTAN1"
"JAK3","PPP1CA","SPTAN1"
"JAK3","PDPK1","SPTAN1"
"JAK3","MAP3K14","SPTAN1"
"JAK3","RPS6KA1","SPTAN1"
"JAK3","SGK1","SPTAN1"
"JAK3","RAB1A","SPTAN1"
"JAK3","PRKCZ","SPTAN1"
"JAK3","AKT","SPTAN1"
"JAK3","HRAS","SPTAN1"
"JAK3","MAPK13","SPTAN1"
"JAK3","RPS6KA3","SPTAN1"
"JAK3","mTORC1","SPTAN1"
"JAK3","AHSA1","SPTAN1"
"JAK3","ROCK1","SPTAN1"
"JAK3","RASSF1","SPTAN1"
"JAK3","SGK3","SPTAN1"
"JAK3","PTPN12","SPTAN1"
"JAK3","ZAP70","SPTAN1"
"JAK3","GIT1","SPTAN1"
"JAK3","TRAF2","SPTAN1"
"JAK3","EPHA2","SPTAN1"
"JAK3","AR","SPTAN1"
"JAK3","MAPK11","SPTAN1"
"JAK3","UNC5A","SPTAN1"
"JAK3","CCR2","SPTAN1"
"JAK3","PSTPIP1","SPTAN1"
"JAK3","DAXX","SPTAN1"
"JAK3","INPP5D","SPTAN1"
"JAK3","CCNE1","SPTAN1"
"JAK3","SH2B2","SPTAN1"
"JAK3","CLK2","SPTAN1"
"JAK3","MDM2","SPTAN1"
"JAK3","YWHAE","SPTAN1"
"JAK3","SH2B3","SPTAN1"
"JAK3","TIAM1","SPTAN1"
"JAK3","WAC","SPTAN1"
"JAK3","DCTN6","SPTAN1"
"JAK3","RGCC","SPTAN1"
"JAK3","PTEN","SLC1A3"
"JAK3","CSNK2A1","SLC1A3"
"JAK3","PLK1","SLC1A3"
"JAK3","RAC1","SLC1A3"
"JAK3","MAP2K7","SLC1A3"
"JAK3","PTPRJ","SLC1A3"
"JAK3","TGFBR1","SLC1A3"
"JAK3","PPP1CA","SLC1A3"
"JAK3","PDPK1","SLC1A3"
"JAK3","RPS6KA1","SLC1A3"
"JAK3","RAB1A","SLC1A3"
"JAK3","TGFBR2","SLC1A3"
"JAK3","PAK2","SLC1A3"
"JAK3","HRAS","SLC1A3"
"JAK3","PIK3CA","SLC1A3"
"JAK3","LEPR","SLC1A3"
"JAK3","RPS6KA3","SLC1A3"
"JAK3","mTORC1","SLC1A3"
"JAK3","AHSA1","SLC1A3"
"JAK3","ROCK1","SLC1A3"
"JAK3","RASSF1","SLC1A3"
"JAK3","BTK","SLC1A3"
"JAK3","SH2B1","SLC1A3"
"JAK3","PPP2R5C","SLC1A3"
"JAK3","PAK1","SLC1A3"
"JAK3","GIT1","SLC1A3"
"JAK3","TRAF2","SLC1A3"
"JAK3","MAP2K4","SLC1A3"
"JAK3","RAB7A","SLC1A3"
"JAK3","AR","SLC1A3"
"JAK3","MAPK11","SLC1A3"
"JAK3","PRKCI","SLC1A3"
"JAK3","PSTPIP1","SLC1A3"
"JAK3","RHEB","SLC1A3"
"JAK3","DUSP6","SLC1A3"
"JAK3","SH2B2","SLC1A3"
"JAK3","PPP2R5A","SLC1A3"
"JAK3","CLK2","SLC1A3"
"JAK3","YWHAE","SLC1A3"
"JAK3","RUNX2","SLC1A3"
"JAK3","SH2B3","SLC1A3"
"JAK3","RND1","SLC1A3"
"JAK3","TIAM1","SLC1A3"
"JAK3","WAC","SLC1A3"
"JAK3","BANP","SLC1A3"
"JAK3","DCTN6","SLC1A3"
"JAK3","ACTN1","SLC1A3"
"JAK3","MAPK8","PDE4D"
"JAK3","AKT1","PDE4D"
"JAK3","PLK1","PDE4D"
"JAK3","RAC1","PDE4D"
"JAK3","PPP1CA","PDE4D"
"JAK3","TGFBR2","PDE4D"
"JAK3","AKT","PDE4D"
"JAK3","HRAS","PDE4D"
"JAK3","RASSF1","PDE4D"
"JAK3","SH2B1","PDE4D"
"JAK3","HSP90AB1","PDE4D"
"JAK3","ZAP70","PDE4D"
"JAK3","MAP2K4","PDE4D"
"JAK3","AR","PDE4D"
"JAK3","PARD6A","PDE4D"
"JAK3","CCR2","PDE4D"
"JAK3","RHEB","PDE4D"
"JAK3","INPP5D","PDE4D"
"JAK3","PIK3R1","PDE4D"
"JAK3","CCNE1","PDE4D"
"JAK3","CDC42","PDE4D"
"JAK3","PIK3CG","PDE4D"
"JAK3","PPP2R5A","PDE4D"
"JAK3","SPRY2","PDE4D"
"JAK3","RUNX2","PDE4D"
"JAK3","RGCC","PDE4D"
"JAK3","CSNK2A1","ADAM15"
"JAK3","PLK1","ADAM15"
"JAK3","KRAS","ADAM15"
"JAK3","TGFBR1","ADAM15"
"JAK3","PPP1CA","ADAM15"
"JAK3","SGK1","ADAM15"
"JAK3","IGF1R","ADAM15"
"JAK3","PRKCB","ADAM15"
"JAK3","PRKCZ","ADAM15"
"JAK3","AKT","ADAM15"
"JAK3","RACK1","ADAM15"
"JAK3","PIK3CA","ADAM15"
"JAK3","LEPR","ADAM15"
"JAK3","mTORC1","ADAM15"
"JAK3","BTK","ADAM15"
"JAK3","SGK3","ADAM15"
"JAK3","SH2B1","ADAM15"
"JAK3","HSP90AB1","ADAM15"
"JAK3","PTPN12","ADAM15"
"JAK3","PPP2R5C","ADAM15"
"JAK3","PAK1","ADAM15"
"JAK3","TRAF2","ADAM15"
"JAK3","MAP2K4","ADAM15"
"JAK3","RAB7A","ADAM15"
"JAK3","EPHA2","ADAM15"
"JAK3","AR","ADAM15"
"JAK3","MAPK11","ADAM15"
"JAK3","UNC5A","ADAM15"
"JAK3","PRKCI","ADAM15"
"JAK3","CCR2","ADAM15"
"JAK3","PSTPIP1","ADAM15"
"JAK3","RHEB","ADAM15"
"JAK3","DAXX","ADAM15"
"JAK3","PIK3R1","ADAM15"
"JAK3","IRS2","ADAM15"
"JAK3","CDC42","ADAM15"
"JAK3","PIK3CG","ADAM15"
"JAK3","SH2B2","ADAM15"
"JAK3","PLCG1","ADAM15"
"JAK3","SPRY2","ADAM15"
"JAK3","RUNX2","ADAM15"
"JAK3","SH2B3","ADAM15"
"JAK3","PIK3C3","ADAM15"
"JAK3","RND1","ADAM15"
"JAK3","WAC","ADAM15"
"JAK3","BANP","ADAM15"
"JAK3","DCTN6","ADAM15"
"JAK3","ACTN1","ADAM15"
"JAK3","RGCC","ADAM15"
"JAK3","CHUK","CACNA1C"
"JAK3","MAPK8","CACNA1C"
"JAK3","MTOR","CACNA1C"
"JAK3","AKT1","CACNA1C"
"JAK3","CSNK2A1","CACNA1C"
"JAK3","PLK1","CACNA1C"
"JAK3","KRAS","CACNA1C"
"JAK3","RAC1","CACNA1C"
"JAK3","MAP2K7","CACNA1C"
"JAK3","TGFBR1","CACNA1C"
"JAK3","PPP1CA","CACNA1C"
"JAK3","PDPK1","CACNA1C"
"JAK3","RPS6KA1","CACNA1C"
"JAK3","IGF1R","CACNA1C"
"JAK3","PRKCB","CACNA1C"
"JAK3","STK3","CACNA1C"
"JAK3","RAB1A","CACNA1C"
"JAK3","PRKCZ","CACNA1C"
"JAK3","TGFBR2","CACNA1C"
"JAK3","PAK2","CACNA1C"
"JAK3","RACK1","CACNA1C"
"JAK3","HRAS","CACNA1C"
"JAK3","LEPR","CACNA1C"
"JAK3","RPS6KA3","CACNA1C"
"JAK3","ROCK1","CACNA1C"
"JAK3","RASSF1","CACNA1C"
"JAK3","SH2B1","CACNA1C"
"JAK3","HSP90AB1","CACNA1C"
"JAK3","SHOC2","CACNA1C"
"JAK3","ZAP70","CACNA1C"
"JAK3","DUSP1","CACNA1C"
"JAK3","GIT1","CACNA1C"
"JAK3","MAP2K4","CACNA1C"
"JAK3","EPHA2","CACNA1C"
"JAK3","NRAS","CACNA1C"
"JAK3","AR","CACNA1C"
"JAK3","DUSP3","CACNA1C"
"JAK3","MAPK11","CACNA1C"
"JAK3","UNC5A","CACNA1C"
"JAK3","PRKCI","CACNA1C"
"JAK3","PTPRA","CACNA1C"
"JAK3","CCR2","CACNA1C"
"JAK3","INPP5D","CACNA1C"
"JAK3","PIK3R1","CACNA1C"
"JAK3","CCNE1","CACNA1C"
"JAK3","CDC42","CACNA1C"
"JAK3","PIK3CG","CACNA1C"
"JAK3","SH2B2","CACNA1C"
"JAK3","PPP2R5A","CACNA1C"
"JAK3","CLK2","CACNA1C"
"JAK3","MDM2","CACNA1C"
"JAK3","YWHAE","CACNA1C"
"JAK3","RUNX2","CACNA1C"
"JAK3","SH2B3","CACNA1C"
"JAK3","PIK3C3","CACNA1C"
"JAK3","TIAM1","CACNA1C"
"JAK3","DCTN6","CACNA1C"
"JAK3","ACTN1","CACNA1C"
"JAK3","RGCC","CACNA1C"
"JAK3","CILK1","RTKN"
"JAK3","PTEN","RTKN"
"JAK3","MAPK8","RTKN"
"JAK3","AKT1","RTKN"
"JAK3","CSNK2A1","RTKN"
"JAK3","PLK1","RTKN"
"JAK3","KRAS","RTKN"
"JAK3","RAC1","RTKN"
"JAK3","PTPRJ","RTKN"
"JAK3","TGFBR1","RTKN"
"JAK3","PPP1CA","RTKN"
"JAK3","PDPK1","RTKN"
"JAK3","MAP3K14","RTKN"
"JAK3","IGF1R","RTKN"
"JAK3","PRKCB","RTKN"
"JAK3","RAB1A","RTKN"
"JAK3","PRKCZ","RTKN"
"JAK3","AKT","RTKN"
"JAK3","RACK1","RTKN"
"JAK3","HRAS","RTKN"
"JAK3","PIK3CA","RTKN"
"JAK3","LEPR","RTKN"
"JAK3","RPS6KA3","RTKN"
"JAK3","mTORC1","RTKN"
"JAK3","AHSA1","RTKN"
"JAK3","BTK","RTKN"
"JAK3","SH2B1","RTKN"
"JAK3","HSP90AB1","RTKN"
"JAK3","SHOC2","RTKN"
"JAK3","PTPN12","RTKN"
"JAK3","PPP2R5C","RTKN"
"JAK3","TYK2","RTKN"
"JAK3","TRAF2","RTKN"
"JAK3","MAP2K4","RTKN"
"JAK3","RAB7A","RTKN"
"JAK3","EPHA2","RTKN"
"JAK3","NRAS","RTKN"
"JAK3","AR","RTKN"
"JAK3","MAPK11","RTKN"
"JAK3","PRKCI","RTKN"
"JAK3","CCR2","RTKN"
"JAK3","RHEB","RTKN"
"JAK3","CCNE1","RTKN"
"JAK3","PIK3CG","RTKN"
"JAK3","SH2B2","RTKN"
"JAK3","CLK2","RTKN"
"JAK3","SPRY2","RTKN"
"JAK3","RND1","RTKN"
"JAK3","TIAM1","RTKN"
"JAK3","DCTN6","RTKN"
"JAK3","RGCC","RTKN"
"JAK3","MTOR","RBM39"
"JAK3","RAC1","RBM39"
"JAK3","MAP2K7","RBM39"
"JAK3","PTPRJ","RBM39"
"JAK3","TGFBR1","RBM39"
"JAK3","RPS6KA1","RBM39"
"JAK3","IGF1R","RBM39"
"JAK3","PRKCB","RBM39"
"JAK3","TGFBR2","RBM39"
"JAK3","AKT","RBM39"
"JAK3","mTORC1","RBM39"
"JAK3","AHSA1","RBM39"
"JAK3","SGK3","RBM39"
"JAK3","PTPN12","RBM39"
"JAK3","PPP2R5C","RBM39"
"JAK3","PAK1","RBM39"
"JAK3","ZAP70","RBM39"
"JAK3","GIT1","RBM39"
"JAK3","TRAF2","RBM39"
"JAK3","RAB7A","RBM39"
"JAK3","EPHA2","RBM39"
"JAK3","NRAS","RBM39"
"JAK3","AR","RBM39"
"JAK3","DUSP3","RBM39"
"JAK3","MAPK11","RBM39"
"JAK3","PRKCI","RBM39"
"JAK3","PARD6A","RBM39"
"JAK3","PTPRA","RBM39"
"JAK3","CCR2","RBM39"
"JAK3","INPP5D","RBM39"
"JAK3","PIK3R1","RBM39"
"JAK3","CCNE1","RBM39"
"JAK3","IRS2","RBM39"
"JAK3","PIK3CG","RBM39"
"JAK3","PPP2R5A","RBM39"
"JAK3","SPRY2","RBM39"
"JAK3","PIK3C3","RBM39"
"JAK3","RND1","RBM39"
"JAK3","WAC","RBM39"
"JAK3","DCTN6","RBM39"
"JAK3","RGCC","RBM39"
"JAK3","CHUK","CASR"
"JAK3","CTNNB1","CASR"
"JAK3","PTEN","CASR"
"JAK3","MTOR","CASR"
"JAK3","AKT1","CASR"
"JAK3","CSNK2A1","CASR"
"JAK3","PLK1","CASR"
"JAK3","RAC1","CASR"
"JAK3","MAP2K7","CASR"
"JAK3","PTPRJ","CASR"
"JAK3","PDPK1","CASR"
"JAK3","SGK1","CASR"
"JAK3","IGF1R","CASR"
"JAK3","PRKCB","CASR"
"JAK3","STK3","CASR"
"JAK3","RAB1A","CASR"
"JAK3","PRKCZ","CASR"
"JAK3","AKT","CASR"
"JAK3","RACK1","CASR"
"JAK3","AHSA1","CASR"
"JAK3","RASSF1","CASR"
"JAK3","SGK3","CASR"
"JAK3","SH2B1","CASR"
"JAK3","HSP90AB1","CASR"
"JAK3","SHOC2","CASR"
"JAK3","PTPN12","CASR"
"JAK3","TYK2","CASR"
"JAK3","DUSP1","CASR"
"JAK3","MAP2K4","CASR"
"JAK3","EPHA2","CASR"
"JAK3","NRAS","CASR"
"JAK3","AR","CASR"
"JAK3","PTPRA","CASR"
"JAK3","CDC42","CASR"
"JAK3","PIK3CG","CASR"
"JAK3","CLK2","CASR"
"JAK3","SPRY2","CASR"
"JAK3","SH2B3","CASR"
"JAK3","PIK3C3","CASR"
"JAK3","RND1","CASR"
"JAK3","TIAM1","CASR"
"JAK3","WAC","CASR"
"JAK3","BANP","CASR"
"JAK3","DCTN6","CASR"
"JAK3","MAPK8","TPM1"
"JAK3","AKT1","TPM1"
"JAK3","CSNK2A1","TPM1"
"JAK3","PLK1","TPM1"
"JAK3","KRAS","TPM1"
"JAK3","PPP1CA","TPM1"
"JAK3","RPS6KA1","TPM1"
"JAK3","SGK1","TPM1"
"JAK3","RAB1A","TPM1"
"JAK3","RPS6KA3","TPM1"
"JAK3","ROCK1","TPM1"
"JAK3","RASSF1","TPM1"
"JAK3","PTPN11","TPM1"
"JAK3","SGK3","TPM1"
"JAK3","PTPN12","TPM1"
"JAK3","TYK2","TPM1"
"JAK3","DUSP1","TPM1"
"JAK3","EPHA2","TPM1"
"JAK3","AR","TPM1"
"JAK3","DUSP3","TPM1"
"JAK3","MAPK11","TPM1"
"JAK3","PRKCI","TPM1"
"JAK3","CDC42","TPM1"
"JAK3","TIAM1","TPM1"
"JAK3","WAC","TPM1"
"JAK3","BANP","TPM1"
"JAK3","DCTN6","TPM1"
"JAK3","ACTN1","TPM1"
"JAK3","RGCC","TPM1"
"JAK3","CTNNB1","TEAD2"
"JAK3","CILK1","TEAD2"
"JAK3","PTEN","TEAD2"
"JAK3","MTOR","TEAD2"
"JAK3","PLK1","TEAD2"
"JAK3","RPS6KA1","TEAD2"
"JAK3","SGK1","TEAD2"
"JAK3","TGFBR2","TEAD2"
"JAK3","AKT","TEAD2"
"JAK3","PIK3CA","TEAD2"
"JAK3","LEPR","TEAD2"
"JAK3","RPS6KA3","TEAD2"
"JAK3","ROCK1","TEAD2"
"JAK3","RASSF1","TEAD2"
"JAK3","BTK","TEAD2"
"JAK3","SGK3","TEAD2"
"JAK3","SH2B1","TEAD2"
"JAK3","HSP90AB1","TEAD2"
"JAK3","SHOC2","TEAD2"
"JAK3","PTPN12","TEAD2"
"JAK3","ZAP70","TEAD2"
"JAK3","GIT1","TEAD2"
"JAK3","TRAF2","TEAD2"
"JAK3","EPHA2","TEAD2"
"JAK3","AR","TEAD2"
"JAK3","DUSP3","TEAD2"
"JAK3","PRKCI","TEAD2"
"JAK3","CCR2","TEAD2"
"JAK3","RHEB","TEAD2"
"JAK3","PIK3R1","TEAD2"
"JAK3","CCNE1","TEAD2"
"JAK3","IRS2","TEAD2"
"JAK3","CDC42","TEAD2"
"JAK3","PPP2R5A","TEAD2"
"JAK3","MDM2","TEAD2"
"JAK3","YWHAE","TEAD2"
"JAK3","PLCG1","TEAD2"
"JAK3","SPRY2","TEAD2"
"JAK3","SH2B3","TEAD2"
"JAK3","TIAM1","TEAD2"
"JAK3","ACTN1","TEAD2"
"JAK3","RGCC","TEAD2"
"JAK3","MAPK8","PIK3C2A"
"JAK3","MTOR","PIK3C2A"
"JAK3","MAP2K7","PIK3C2A"
"JAK3","PTPRJ","PIK3C2A"
"JAK3","PDPK1","PIK3C2A"
"JAK3","MAP3K14","PIK3C2A"
"JAK3","RPS6KA1","PIK3C2A"
"JAK3","PRKCB","PIK3C2A"
"JAK3","STK3","PIK3C2A"
"JAK3","RAB1A","PIK3C2A"
"JAK3","PRKCZ","PIK3C2A"
"JAK3","TGFBR2","PIK3C2A"
"JAK3","PAK2","PIK3C2A"
"JAK3","AKT","PIK3C2A"
"JAK3","RACK1","PIK3C2A"
"JAK3","HRAS","PIK3C2A"
"JAK3","PIK3CA","PIK3C2A"
"JAK3","ROCK1","PIK3C2A"
"JAK3","RASSF1","PIK3C2A"
"JAK3","BTK","PIK3C2A"
"JAK3","SHOC2","PIK3C2A"
"JAK3","PTPN12","PIK3C2A"
"JAK3","PPP2R5C","PIK3C2A"
"JAK3","TRAF2","PIK3C2A"
"JAK3","EPHA2","PIK3C2A"
"JAK3","NRAS","PIK3C2A"
"JAK3","DUSP3","PIK3C2A"
"JAK3","MAPK11","PIK3C2A"
"JAK3","CCNE1","PIK3C2A"
"JAK3","IRS2","PIK3C2A"
"JAK3","CDC42","PIK3C2A"
"JAK3","SH2B2","PIK3C2A"
"JAK3","PPP2R5A","PIK3C2A"
"JAK3","CLK2","PIK3C2A"
"JAK3","SH2B3","PIK3C2A"
"JAK3","PIK3C3","PIK3C2A"
"JAK3","RND1","PIK3C2A"
"JAK3","TIAM1","PIK3C2A"
"JAK3","BANP","PIK3C2A"
"JAK3","DCTN6","PIK3C2A"
"JAK3","ACTN1","PIK3C2A"
"JAK3","CHUK","SLC6A4"
"JAK3","CTNNB1","SLC6A4"
"JAK3","MAPK8","SLC6A4"
"JAK3","MTOR","SLC6A4"
"JAK3","PLK1","SLC6A4"
"JAK3","KRAS","SLC6A4"
"JAK3","MAP2K7","SLC6A4"
"JAK3","PTPRJ","SLC6A4"
"JAK3","PDPK1","SLC6A4"
"JAK3","MAP3K14","SLC6A4"
"JAK3","IGF1R","SLC6A4"
"JAK3","PRKCB","SLC6A4"
"JAK3","STK3","SLC6A4"
"JAK3","RAB1A","SLC6A4"
"JAK3","PRKCZ","SLC6A4"
"JAK3","PAK2","SLC6A4"
"JAK3","AKT","SLC6A4"
"JAK3","RACK1","SLC6A4"
"JAK3","HRAS","SLC6A4"
"JAK3","PIK3CA","SLC6A4"
"JAK3","LEPR","SLC6A4"
"JAK3","RPS6KA3","SLC6A4"
"JAK3","mTORC1","SLC6A4"
"JAK3","BTK","SLC6A4"
"JAK3","HSP90AB1","SLC6A4"
"JAK3","SHOC2","SLC6A4"
"JAK3","PTPN12","SLC6A4"
"JAK3","PAK1","SLC6A4"
"JAK3","TYK2","SLC6A4"
"JAK3","ZAP70","SLC6A4"
"JAK3","DUSP1","SLC6A4"
"JAK3","GIT1","SLC6A4"
"JAK3","TRAF2","SLC6A4"
"JAK3","MAP2K4","SLC6A4"
"JAK3","RAB7A","SLC6A4"
"JAK3","NRAS","SLC6A4"
"JAK3","DUSP3","SLC6A4"
"JAK3","MAPK11","SLC6A4"
"JAK3","UNC5A","SLC6A4"
"JAK3","PRKCI","SLC6A4"
"JAK3","PSTPIP1","SLC6A4"
"JAK3","RHEB","SLC6A4"
"JAK3","DAXX","SLC6A4"
"JAK3","PIK3R1","SLC6A4"
"JAK3","CCNE1","SLC6A4"
"JAK3","SH2B2","SLC6A4"
"JAK3","PPP2R5A","SLC6A4"
"JAK3","YWHAE","SLC6A4"
"JAK3","PLCG1","SLC6A4"
"JAK3","SPRY2","SLC6A4"
"JAK3","RUNX2","SLC6A4"
"JAK3","RND1","SLC6A4"
"JAK3","TIAM1","SLC6A4"
"JAK3","WAC","SLC6A4"
"JAK3","DCTN6","SLC6A4"
"JAK3","RGCC","SLC6A4"
"JAK3","CTNNB1","PDE4C"
"JAK3","CILK1","PDE4C"
"JAK3","CSNK2A1","PDE4C"
"JAK3","PLK1","PDE4C"
"JAK3","KRAS","PDE4C"
"JAK3","MAP2K7","PDE4C"
"JAK3","PTPRJ","PDE4C"
"JAK3","TGFBR1","PDE4C"
"JAK3","RPS6KA1","PDE4C"
"JAK3","IGF1R","PDE4C"
"JAK3","TGFBR2","PDE4C"
"JAK3","PIK3CA","PDE4C"
"JAK3","LEPR","PDE4C"
"JAK3","AHSA1","PDE4C"
"JAK3","ROCK1","PDE4C"
"JAK3","RASSF1","PDE4C"
"JAK3","PAK1","PDE4C"
"JAK3","AR","PDE4C"
"JAK3","MAPK11","PDE4C"
"JAK3","PARD6A","PDE4C"
"JAK3","PSTPIP1","PDE4C"
"JAK3","PPP2R5A","PDE4C"
"JAK3","MDM2","PDE4C"
"JAK3","SPRY2","PDE4C"
"JAK3","RUNX2","PDE4C"
"JAK3","SH2B3","PDE4C"
"JAK3","TIAM1","PDE4C"
"JAK3","WAC","PDE4C"
"JAK3","ACTN1","PDE4C"
"JAK3","RGCC","PDE4C"
"JAK3","CHUK","CROCC"
"JAK3","PTEN","CROCC"
"JAK3","AKT1","CROCC"
"JAK3","CSNK2A1","CROCC"
"JAK3","PLK1","CROCC"
"JAK3","KRAS","CROCC"
"JAK3","PTPRJ","CROCC"
"JAK3","TGFBR1","CROCC"
"JAK3","STK3","CROCC"
"JAK3","PRKCZ","CROCC"
"JAK3","RACK1","CROCC"
"JAK3","LEPR","CROCC"
"JAK3","RASSF1","CROCC"
"JAK3","SGK3","CROCC"
"JAK3","HSP90AB1","CROCC"
"JAK3","PTPN12","CROCC"
"JAK3","TRAF2","CROCC"
"JAK3","MAP2K4","CROCC"
"JAK3","RAB7A","CROCC"
"JAK3","EPHA2","CROCC"
"JAK3","MAPK11","CROCC"
"JAK3","RHEB","CROCC"
"JAK3","DUSP6","CROCC"
"JAK3","SH2B2","CROCC"
"JAK3","PPP2R5A","CROCC"
"JAK3","PIK3C3","CROCC"
"JAK3","TIAM1","CROCC"
"JAK3","BANP","CROCC"
"JAK3","DCTN6","CROCC"
"JAK3","RGCC","CROCC"
"JAK3","CILK1","WWOX"
"JAK3","MAPK8","WWOX"
"JAK3","PLK1","WWOX"
"JAK3","KRAS","WWOX"
"JAK3","TGFBR1","WWOX"
"JAK3","PPP1CA","WWOX"
"JAK3","RPS6KA1","WWOX"
"JAK3","IGF1R","WWOX"
"JAK3","PRKCB","WWOX"
"JAK3","PRKCZ","WWOX"
"JAK3","TGFBR2","WWOX"
"JAK3","HRAS","WWOX"
"JAK3","RPS6KA3","WWOX"
"JAK3","AHSA1","WWOX"
"JAK3","SGK3","WWOX"
"JAK3","HSP90AB1","WWOX"
"JAK3","ZAP70","WWOX"
"JAK3","DUSP1","WWOX"
"JAK3","GIT1","WWOX"
"JAK3","NRAS","WWOX"
"JAK3","AR","WWOX"
"JAK3","DUSP3","WWOX"
"JAK3","PSTPIP1","WWOX"
"JAK3","INPP5D","WWOX"
"JAK3","PIK3R1","WWOX"
"JAK3","MDM2","WWOX"
"JAK3","RUNX2","WWOX"
"JAK3","SH2B3","WWOX"
"JAK3","PIK3C3","WWOX"
"JAK3","TIAM1","WWOX"
"JAK3","BANP","WWOX"
"JAK3","RGCC","WWOX"
"JAK3","CHUK","ASAP1"
"JAK3","CTNNB1","ASAP1"
"JAK3","CILK1","ASAP1"
"JAK3","PTEN","ASAP1"
"JAK3","MAPK8","ASAP1"
"JAK3","MTOR","ASAP1"
"JAK3","AKT1","ASAP1"
"JAK3","CSNK2A1","ASAP1"
"JAK3","PLK1","ASAP1"
"JAK3","MAP2K7","ASAP1"
"JAK3","PTPRJ","ASAP1"
"JAK3","TGFBR1","ASAP1"
"JAK3","SGK1","ASAP1"
"JAK3","IGF1R","ASAP1"
"JAK3","PRKCB","ASAP1"
"JAK3","PRKCZ","ASAP1"
"JAK3","TGFBR2","ASAP1"
"JAK3","PAK2","ASAP1"
"JAK3","AKT","ASAP1"
"JAK3","HRAS","ASAP1"
"JAK3","MAPK13","ASAP1"
"JAK3","LEPR","ASAP1"
"JAK3","mTORC1","ASAP1"
"JAK3","AHSA1","ASAP1"
"JAK3","ROCK1","ASAP1"
"JAK3","RASSF1","ASAP1"
"JAK3","BTK","ASAP1"
"JAK3","HSP90AB1","ASAP1"
"JAK3","SHOC2","ASAP1"
"JAK3","PPP2R5C","ASAP1"
"JAK3","PAK1","ASAP1"
"JAK3","DUSP1","ASAP1"
"JAK3","GIT1","ASAP1"
"JAK3","MAP2K4","ASAP1"
"JAK3","RAB7A","ASAP1"
"JAK3","EPHA2","ASAP1"
"JAK3","NRAS","ASAP1"
"JAK3","AR","ASAP1"
"JAK3","UNC5A","ASAP1"
"JAK3","PRKCI","ASAP1"
"JAK3","PTPRA","ASAP1"
"JAK3","PSTPIP1","ASAP1"
"JAK3","RHEB","ASAP1"
"JAK3","DAXX","ASAP1"
"JAK3","INPP5D","ASAP1"
"JAK3","CDC42","ASAP1"
"JAK3","PIK3CG","ASAP1"
"JAK3","SH2B2","ASAP1"
"JAK3","PPP2R5A","ASAP1"
"JAK3","CLK2","ASAP1"
"JAK3","MDM2","ASAP1"
"JAK3","PLCG1","ASAP1"
"JAK3","RUNX2","ASAP1"
"JAK3","RND1","ASAP1"
"JAK3","WAC","ASAP1"
"JAK3","BANP","ASAP1"
"JAK3","DCTN6","ASAP1"
"JAK3","ACTN1","ASAP1"
"JAK3","CHUK","DBF4"
"JAK3","CTNNB1","DBF4"
"JAK3","CILK1","DBF4"
"JAK3","AKT1","DBF4"
"JAK3","CSNK2A1","DBF4"
"JAK3","KRAS","DBF4"
"JAK3","MAP2K7","DBF4"
"JAK3","PTPRJ","DBF4"
"JAK3","PDPK1","DBF4"
"JAK3","IGF1R","DBF4"
"JAK3","RAB1A","DBF4"
"JAK3","TGFBR2","DBF4"
"JAK3","PAK2","DBF4"
"JAK3","AKT","DBF4"
"JAK3","RACK1","DBF4"
"JAK3","LEPR","DBF4"
"JAK3","AHSA1","DBF4"
"JAK3","RASSF1","DBF4"
"JAK3","BTK","DBF4"
"JAK3","SGK3","DBF4"
"JAK3","SH2B1","DBF4"
"JAK3","HSP90AB1","DBF4"
"JAK3","PPP2R5C","DBF4"
"JAK3","TYK2","DBF4"
"JAK3","MAPK11","DBF4"
"JAK3","UNC5A","DBF4"
"JAK3","PRKCI","DBF4"
"JAK3","RHEB","DBF4"
"JAK3","DUSP6","DBF4"
"JAK3","INPP5D","DBF4"
"JAK3","PIK3R1","DBF4"
"JAK3","PIK3CG","DBF4"
"JAK3","SH2B2","DBF4"
"JAK3","PPP2R5A","DBF4"
"JAK3","CLK2","DBF4"
"JAK3","MDM2","DBF4"
"JAK3","SPRY2","DBF4"
"JAK3","RND1","DBF4"
"JAK3","TIAM1","DBF4"
"JAK3","DCTN6","DBF4"
"JAK3","ACTN1","DBF4"
"JAK3","CHUK","SP7"
"JAK3","CTNNB1","SP7"
"JAK3","CILK1","SP7"
"JAK3","MAPK8","SP7"
"JAK3","MTOR","SP7"
"JAK3","AKT1","SP7"
"JAK3","CSNK2A1","SP7"
"JAK3","KRAS","SP7"
"JAK3","RAC1","SP7"
"JAK3","PTPRJ","SP7"
"JAK3","TGFBR1","SP7"
"JAK3","PPP1CA","SP7"
"JAK3","RPS6KA1","SP7"
"JAK3","SGK1","SP7"
"JAK3","PRKCB","SP7"
"JAK3","RAB1A","SP7"
"JAK3","PRKCZ","SP7"
"JAK3","TGFBR2","SP7"
"JAK3","PAK2","SP7"
"JAK3","MAPK13","SP7"
"JAK3","PIK3CA","SP7"
"JAK3","LEPR","SP7"
"JAK3","RPS6KA3","SP7"
"JAK3","mTORC1","SP7"
"JAK3","RASSF1","SP7"
"JAK3","PTPN11","SP7"
"JAK3","SGK3","SP7"
"JAK3","SHOC2","SP7"
"JAK3","PPP2R5C","SP7"
"JAK3","PAK1","SP7"
"JAK3","ZAP70","SP7"
"JAK3","DUSP1","SP7"
"JAK3","MAP2K4","SP7"
"JAK3","EPHA2","SP7"
"JAK3","PARD6A","SP7"
"JAK3","PTPRA","SP7"
"JAK3","RHEB","SP7"
"JAK3","DAXX","SP7"
"JAK3","DUSP6","SP7"
"JAK3","INPP5D","SP7"
"JAK3","PIK3R1","SP7"
"JAK3","CCNE1","SP7"
"JAK3","CDC42","SP7"
"JAK3","SH2B2","SP7"
"JAK3","PPP2R5A","SP7"
"JAK3","YWHAE","SP7"
"JAK3","PLCG1","SP7"
"JAK3","SPRY2","SP7"
"JAK3","TIAM1","SP7"
"JAK3","BANP","SP7"
"JAK3","DCTN6","SP7"
"JAK3","CTNNB1","EPB41"
"JAK3","MTOR","EPB41"
"JAK3","KRAS","EPB41"
"JAK3","RAC1","EPB41"
"JAK3","MAP2K7","EPB41"
"JAK3","PTPRJ","EPB41"
"JAK3","TGFBR1","EPB41"
"JAK3","PPP1CA","EPB41"
"JAK3","PDPK1","EPB41"
"JAK3","MAP3K14","EPB41"
"JAK3","RPS6KA1","EPB41"
"JAK3","IGF1R","EPB41"
"JAK3","PRKCB","EPB41"
"JAK3","RAB1A","EPB41"
"JAK3","PRKCZ","EPB41"
"JAK3","TGFBR2","EPB41"
"JAK3","PAK2","EPB41"
"JAK3","PIK3CA","EPB41"
"JAK3","RPS6KA3","EPB41"
"JAK3","ROCK1","EPB41"
"JAK3","RASSF1","EPB41"
"JAK3","BTK","EPB41"
"JAK3","SGK3","EPB41"
"JAK3","SHOC2","EPB41"
"JAK3","PPP2R5C","EPB41"
"JAK3","TYK2","EPB41"
"JAK3","ZAP70","EPB41"
"JAK3","GIT1","EPB41"
"JAK3","TRAF2","EPB41"
"JAK3","RAB7A","EPB41"
"JAK3","EPHA2","EPB41"
"JAK3","NRAS","EPB41"
"JAK3","DUSP3","EPB41"
"JAK3","MAPK11","EPB41"
"JAK3","UNC5A","EPB41"
"JAK3","PRKCI","EPB41"
"JAK3","PARD6A","EPB41"
"JAK3","RHEB","EPB41"
"JAK3","CCNE1","EPB41"
"JAK3","CDC42","EPB41"
"JAK3","PPP2R5A","EPB41"
"JAK3","MDM2","EPB41"
"JAK3","RUNX2","EPB41"
"JAK3","PIK3C3","EPB41"
"JAK3","RND1","EPB41"
"JAK3","TIAM1","EPB41"
"JAK3","WAC","EPB41"
"JAK3","BANP","EPB41"
"JAK3","RGCC","EPB41"
"JAK3","CTNNB1","TBC1D7"
"JAK3","PTEN","TBC1D7"
"JAK3","MTOR","TBC1D7"
"JAK3","CSNK2A1","TBC1D7"
"JAK3","PLK1","TBC1D7"
"JAK3","MAP2K7","TBC1D7"
"JAK3","TGFBR1","TBC1D7"
"JAK3","PDPK1","TBC1D7"
"JAK3","MAP3K14","TBC1D7"
"JAK3","RPS6KA1","TBC1D7"
"JAK3","SGK1","TBC1D7"
"JAK3","STK3","TBC1D7"
"JAK3","PRKCZ","TBC1D7"
"JAK3","TGFBR2","TBC1D7"
"JAK3","HRAS","TBC1D7"
"JAK3","PIK3CA","TBC1D7"
"JAK3","LEPR","TBC1D7"
"JAK3","AHSA1","TBC1D7"
"JAK3","BTK","TBC1D7"
"JAK3","SGK3","TBC1D7"
"JAK3","HSP90AB1","TBC1D7"
"JAK3","PPP2R5C","TBC1D7"
"JAK3","PAK1","TBC1D7"
"JAK3","TYK2","TBC1D7"
"JAK3","ZAP70","TBC1D7"
"JAK3","GIT1","TBC1D7"
"JAK3","TRAF2","TBC1D7"
"JAK3","MAP2K4","TBC1D7"
"JAK3","RAB7A","TBC1D7"
"JAK3","EPHA2","TBC1D7"
"JAK3","AR","TBC1D7"
"JAK3","MAPK11","TBC1D7"
"JAK3","UNC5A","TBC1D7"
"JAK3","PRKCI","TBC1D7"
"JAK3","CCR2","TBC1D7"
"JAK3","PSTPIP1","TBC1D7"
"JAK3","RHEB","TBC1D7"
"JAK3","DAXX","TBC1D7"
"JAK3","IRS2","TBC1D7"
"JAK3","CDC42","TBC1D7"
"JAK3","PIK3CG","TBC1D7"
"JAK3","SH2B2","TBC1D7"
"JAK3","YWHAE","TBC1D7"
"JAK3","SPRY2","TBC1D7"
"JAK3","PIK3C3","TBC1D7"
"JAK3","RND1","TBC1D7"
"JAK3","TIAM1","TBC1D7"
"JAK3","WAC","TBC1D7"
"JAK3","BANP","TBC1D7"
"JAK3","DCTN6","TBC1D7"
"JAK3","ACTN1","TBC1D7"
"JAK3","RGCC","TBC1D7"
"JAK3","CHUK","PTRH2"
"JAK3","CTNNB1","PTRH2"
"JAK3","CILK1","PTRH2"
"JAK3","PTEN","PTRH2"
"JAK3","MAPK8","PTRH2"
"JAK3","MTOR","PTRH2"
"JAK3","AKT1","PTRH2"
"JAK3","CSNK2A1","PTRH2"
"JAK3","RAC1","PTRH2"
"JAK3","MAP2K7","PTRH2"
"JAK3","PTPRJ","PTRH2"
"JAK3","PPP1CA","PTRH2"
"JAK3","MAP3K14","PTRH2"
"JAK3","RPS6KA1","PTRH2"
"JAK3","SGK1","PTRH2"
"JAK3","IGF1R","PTRH2"
"JAK3","PRKCB","PTRH2"
"JAK3","STK3","PTRH2"
"JAK3","RAB1A","PTRH2"
"JAK3","TGFBR2","PTRH2"
"JAK3","PAK2","PTRH2"
"JAK3","AKT","PTRH2"
"JAK3","RACK1","PTRH2"
"JAK3","HRAS","PTRH2"
"JAK3","MAPK13","PTRH2"
"JAK3","LEPR","PTRH2"
"JAK3","mTORC1","PTRH2"
"JAK3","AHSA1","PTRH2"
"JAK3","ROCK1","PTRH2"
"JAK3","RASSF1","PTRH2"
"JAK3","SGK3","PTRH2"
"JAK3","SHOC2","PTRH2"
"JAK3","GIT1","PTRH2"
"JAK3","TRAF2","PTRH2"
"JAK3","MAP2K4","PTRH2"
"JAK3","EPHA2","PTRH2"
"JAK3","AR","PTRH2"
"JAK3","DUSP3","PTRH2"
"JAK3","PTPRA","PTRH2"
"JAK3","DAXX","PTRH2"
"JAK3","DUSP6","PTRH2"
"JAK3","INPP5D","PTRH2"
"JAK3","PIK3R1","PTRH2"
"JAK3","CCNE1","PTRH2"
"JAK3","IRS2","PTRH2"
"JAK3","CDC42","PTRH2"
"JAK3","SH2B2","PTRH2"
"JAK3","CLK2","PTRH2"
"JAK3","YWHAE","PTRH2"
"JAK3","PLCG1","PTRH2"
"JAK3","RUNX2","PTRH2"
"JAK3","SH2B3","PTRH2"
"JAK3","BANP","PTRH2"
"JAK3","RGCC","PTRH2"
"JAK3","CHUK","VAMP7"
"JAK3","MTOR","VAMP7"
"JAK3","AKT1","VAMP7"
"JAK3","CSNK2A1","VAMP7"
"JAK3","PTPRJ","VAMP7"
"JAK3","PPP1CA","VAMP7"
"JAK3","MAP3K14","VAMP7"
"JAK3","IGF1R","VAMP7"
"JAK3","PRKCB","VAMP7"
"JAK3","TGFBR2","VAMP7"
"JAK3","AKT","VAMP7"
"JAK3","RACK1","VAMP7"
"JAK3","MAPK13","VAMP7"
"JAK3","PIK3CA","VAMP7"
"JAK3","LEPR","VAMP7"
"JAK3","RPS6KA3","VAMP7"
"JAK3","mTORC1","VAMP7"
"JAK3","RASSF1","VAMP7"
"JAK3","SH2B1","VAMP7"
"JAK3","HSP90AB1","VAMP7"
"JAK3","SHOC2","VAMP7"
"JAK3","PTPN12","VAMP7"
"JAK3","PPP2R5C","VAMP7"
"JAK3","PAK1","VAMP7"
"JAK3","GIT1","VAMP7"
"JAK3","MAP2K4","VAMP7"
"JAK3","RAB7A","VAMP7"
"JAK3","EPHA2","VAMP7"
"JAK3","AR","VAMP7"
"JAK3","DUSP3","VAMP7"
"JAK3","UNC5A","VAMP7"
"JAK3","PSTPIP1","VAMP7"
"JAK3","RHEB","VAMP7"
"JAK3","CCNE1","VAMP7"
"JAK3","IRS2","VAMP7"
"JAK3","CDC42","VAMP7"
"JAK3","PIK3CG","VAMP7"
"JAK3","SH2B2","VAMP7"
"JAK3","YWHAE","VAMP7"
"JAK3","SPRY2","VAMP7"
"JAK3","PIK3C3","VAMP7"
"JAK3","RND1","VAMP7"
"JAK3","TIAM1","VAMP7"
"JAK3","WAC","VAMP7"
"JAK3","BANP","VAMP7"
"JAK3","DCTN6","VAMP7"
"JAK3","CHUK","RFC1"
"JAK3","CILK1","RFC1"
"JAK3","PTEN","RFC1"
"JAK3","MAPK8","RFC1"
"JAK3","MTOR","RFC1"
"JAK3","AKT1","RFC1"
"JAK3","CSNK2A1","RFC1"
"JAK3","KRAS","RFC1"
"JAK3","MAP2K7","RFC1"
"JAK3","TGFBR1","RFC1"
"JAK3","PDPK1","RFC1"
"JAK3","RPS6KA1","RFC1"
"JAK3","IGF1R","RFC1"
"JAK3","TGFBR2","RFC1"
"JAK3","PAK2","RFC1"
"JAK3","MAPK13","RFC1"
"JAK3","mTORC1","RFC1"
"JAK3","BTK","RFC1"
"JAK3","HSP90AB1","RFC1"
"JAK3","PTPN12","RFC1"
"JAK3","PAK1","RFC1"
"JAK3","TYK2","RFC1"
"JAK3","ZAP70","RFC1"
"JAK3","DUSP1","RFC1"
"JAK3","TRAF2","RFC1"
"JAK3","MAP2K4","RFC1"
"JAK3","RAB7A","RFC1"
"JAK3","EPHA2","RFC1"
"JAK3","NRAS","RFC1"
"JAK3","AR","RFC1"
"JAK3","MAPK11","RFC1"
"JAK3","PRKCI","RFC1"
"JAK3","PARD6A","RFC1"
"JAK3","CCR2","RFC1"
"JAK3","DAXX","RFC1"
"JAK3","DUSP6","RFC1"
"JAK3","INPP5D","RFC1"
"JAK3","CCNE1","RFC1"
"JAK3","IRS2","RFC1"
"JAK3","CDC42","RFC1"
"JAK3","PIK3CG","RFC1"
"JAK3","SH2B2","RFC1"
"JAK3","PPP2R5A","RFC1"
"JAK3","CLK2","RFC1"
"JAK3","PLCG1","RFC1"
"JAK3","RUNX2","RFC1"
"JAK3","WAC","RFC1"
"JAK3","BANP","RFC1"
"JAK3","DCTN6","RFC1"
"JAK3","CTNNB1","NDUFB6"
"JAK3","CILK1","NDUFB6"
"JAK3","PTEN","NDUFB6"
"JAK3","MTOR","NDUFB6"
"JAK3","AKT1","NDUFB6"
"JAK3","CSNK2A1","NDUFB6"
"JAK3","KRAS","NDUFB6"
"JAK3","MAP2K7","NDUFB6"
"JAK3","PTPRJ","NDUFB6"
"JAK3","TGFBR1","NDUFB6"
"JAK3","PDPK1","NDUFB6"
"JAK3","SGK1","NDUFB6"
"JAK3","IGF1R","NDUFB6"
"JAK3","STK3","NDUFB6"
"JAK3","RAB1A","NDUFB6"
"JAK3","PRKCZ","NDUFB6"
"JAK3","PAK2","NDUFB6"
"JAK3","RACK1","NDUFB6"
"JAK3","HRAS","NDUFB6"
"JAK3","MAPK13","NDUFB6"
"JAK3","PIK3CA","NDUFB6"
"JAK3","LEPR","NDUFB6"
"JAK3","RPS6KA3","NDUFB6"
"JAK3","AHSA1","NDUFB6"
"JAK3","RASSF1","NDUFB6"
"JAK3","BTK","NDUFB6"
"JAK3","SH2B1","NDUFB6"
"JAK3","SHOC2","NDUFB6"
"JAK3","PTPN12","NDUFB6"
"JAK3","PPP2R5C","NDUFB6"
"JAK3","TYK2","NDUFB6"
"JAK3","DUSP1","NDUFB6"
"JAK3","RAB7A","NDUFB6"
"JAK3","EPHA2","NDUFB6"
"JAK3","NRAS","NDUFB6"
"JAK3","AR","NDUFB6"
"JAK3","DUSP3","NDUFB6"
"JAK3","UNC5A","NDUFB6"
"JAK3","PARD6A","NDUFB6"
"JAK3","PSTPIP1","NDUFB6"
"JAK3","DAXX","NDUFB6"
"JAK3","IRS2","NDUFB6"
"JAK3","MDM2","NDUFB6"
"JAK3","RUNX2","NDUFB6"
"JAK3","TIAM1","NDUFB6"
"JAK3","WAC","NDUFB6"
"JAK3","RGCC","NDUFB6"
"JAK3","CTNNB1","ARHGAP35"
"JAK3","TGFBR1","ARHGAP35"
"JAK3","PPP1CA","ARHGAP35"
"JAK3","PDPK1","ARHGAP35"
"JAK3","IGF1R","ARHGAP35"
"JAK3","STK3","ARHGAP35"
"JAK3","AKT","ARHGAP35"
"JAK3","HRAS","ARHGAP35"
"JAK3","ROCK1","ARHGAP35"
"JAK3","RASSF1","ARHGAP35"
"JAK3","HSP90AB1","ARHGAP35"
"JAK3","PAK1","ARHGAP35"
"JAK3","TYK2","ARHGAP35"
"JAK3","ZAP70","ARHGAP35"
"JAK3","GIT1","ARHGAP35"
"JAK3","MAP2K4","ARHGAP35"
"JAK3","NRAS","ARHGAP35"
"JAK3","AR","ARHGAP35"
"JAK3","DUSP3","ARHGAP35"
"JAK3","PRKCI","ARHGAP35"
"JAK3","PARD6A","ARHGAP35"
"JAK3","PSTPIP1","ARHGAP35"
"JAK3","RHEB","ARHGAP35"
"JAK3","DUSP6","ARHGAP35"
"JAK3","INPP5D","ARHGAP35"
"JAK3","PIK3CG","ARHGAP35"
"JAK3","PPP2R5A","ARHGAP35"
"JAK3","CLK2","ARHGAP35"
"JAK3","YWHAE","ARHGAP35"
"JAK3","RUNX2","ARHGAP35"
"JAK3","TIAM1","ARHGAP35"
"JAK3","BANP","ARHGAP35"
"JAK3","DCTN6","ARHGAP35"
"JAK3","CILK1","SRCIN1"
"JAK3","CSNK2A1","SRCIN1"
"JAK3","PLK1","SRCIN1"
"JAK3","MAP2K7","SRCIN1"
"JAK3","PTPRJ","SRCIN1"
"JAK3","RPS6KA1","SRCIN1"
"JAK3","PRKCB","SRCIN1"
"JAK3","PAK2","SRCIN1"
"JAK3","RACK1","SRCIN1"
"JAK3","HRAS","SRCIN1"
"JAK3","MAPK13","SRCIN1"
"JAK3","PIK3CA","SRCIN1"
"JAK3","LEPR","SRCIN1"
"JAK3","RPS6KA3","SRCIN1"
"JAK3","RASSF1","SRCIN1"
"JAK3","SGK3","SRCIN1"
"JAK3","HSP90AB1","SRCIN1"
"JAK3","SHOC2","SRCIN1"
"JAK3","PTPN12","SRCIN1"
"JAK3","TYK2","SRCIN1"
"JAK3","DUSP1","SRCIN1"
"JAK3","GIT1","SRCIN1"
"JAK3","RAB7A","SRCIN1"
"JAK3","EPHA2","SRCIN1"
"JAK3","NRAS","SRCIN1"
"JAK3","DUSP3","SRCIN1"
"JAK3","MAPK11","SRCIN1"
"JAK3","UNC5A","SRCIN1"
"JAK3","PRKCI","SRCIN1"
"JAK3","PTPRA","SRCIN1"
"JAK3","CCR2","SRCIN1"
"JAK3","PSTPIP1","SRCIN1"
"JAK3","DAXX","SRCIN1"
"JAK3","INPP5D","SRCIN1"
"JAK3","PIK3R1","SRCIN1"
"JAK3","CCNE1","SRCIN1"
"JAK3","IRS2","SRCIN1"
"JAK3","MDM2","SRCIN1"
"JAK3","PLCG1","SRCIN1"
"JAK3","RUNX2","SRCIN1"
"JAK3","TIAM1","SRCIN1"
"JAK3","DCTN6","SRCIN1"
"JAK3","ACTN1","SRCIN1"
"JAK3","RGCC","SRCIN1"
"JAK3","CHUK","ELF1"
"JAK3","PTEN","ELF1"
"JAK3","MAPK8","ELF1"
"JAK3","MTOR","ELF1"
"JAK3","CSNK2A1","ELF1"
"JAK3","KRAS","ELF1"
"JAK3","MAP2K7","ELF1"
"JAK3","PPP1CA","ELF1"
"JAK3","SGK1","ELF1"
"JAK3","IGF1R","ELF1"
"JAK3","RAB1A","ELF1"
"JAK3","PRKCZ","ELF1"
"JAK3","TGFBR2","ELF1"
"JAK3","PAK2","ELF1"
"JAK3","AKT","ELF1"
"JAK3","MAPK13","ELF1"
"JAK3","LEPR","ELF1"
"JAK3","RPS6KA3","ELF1"
"JAK3","ROCK1","ELF1"
"JAK3","RASSF1","ELF1"
"JAK3","BTK","ELF1"
"JAK3","SGK3","ELF1"
"JAK3","SH2B1","ELF1"
"JAK3","HSP90AB1","ELF1"
"JAK3","SHOC2","ELF1"
"JAK3","PPP2R5C","ELF1"
"JAK3","TYK2","ELF1"
"JAK3","TRAF2","ELF1"
"JAK3","MAP2K4","ELF1"
"JAK3","EPHA2","ELF1"
"JAK3","NRAS","ELF1"
"JAK3","DUSP3","ELF1"
"JAK3","MAPK11","ELF1"
"JAK3","UNC5A","ELF1"
"JAK3","PRKCI","ELF1"
"JAK3","PARD6A","ELF1"
"JAK3","CCR2","ELF1"
"JAK3","RHEB","ELF1"
"JAK3","DAXX","ELF1"
"JAK3","INPP5D","ELF1"
"JAK3","PIK3R1","ELF1"
"JAK3","CCNE1","ELF1"
"JAK3","IRS2","ELF1"
"JAK3","CDC42","ELF1"
"JAK3","PPP2R5A","ELF1"
"JAK3","CLK2","ELF1"
"JAK3","MDM2","ELF1"
"JAK3","PLCG1","ELF1"
"JAK3","SPRY2","ELF1"
"JAK3","RUNX2","ELF1"
"JAK3","SH2B3","ELF1"
"JAK3","TIAM1","ELF1"
"JAK3","WAC","ELF1"
"JAK3","BANP","ELF1"
"JAK3","DCTN6","ELF1"
"JAK3","ACTN1","ELF1"
"JAK3","RGCC","ELF1"
"JAK3","CILK1","PLEC"
"JAK3","MTOR","PLEC"
"JAK3","CSNK2A1","PLEC"
"JAK3","PLK1","PLEC"
"JAK3","KRAS","PLEC"
"JAK3","RAC1","PLEC"
"JAK3","MAP2K7","PLEC"
"JAK3","PDPK1","PLEC"
"JAK3","MAP3K14","PLEC"
"JAK3","SGK1","PLEC"
"JAK3","PRKCZ","PLEC"
"JAK3","TGFBR2","PLEC"
"JAK3","AKT","PLEC"
"JAK3","MAPK13","PLEC"
"JAK3","PIK3CA","PLEC"
"JAK3","ROCK1","PLEC"
"JAK3","BTK","PLEC"
"JAK3","SGK3","PLEC"
"JAK3","SHOC2","PLEC"
"JAK3","PPP2R5C","PLEC"
"JAK3","PAK1","PLEC"
"JAK3","TYK2","PLEC"
"JAK3","DUSP1","PLEC"
"JAK3","GIT1","PLEC"
"JAK3","TRAF2","PLEC"
"JAK3","EPHA2","PLEC"
"JAK3","NRAS","PLEC"
"JAK3","DUSP3","PLEC"
"JAK3","MAPK11","PLEC"
"JAK3","PRKCI","PLEC"
"JAK3","RHEB","PLEC"
"JAK3","DUSP6","PLEC"
"JAK3","INPP5D","PLEC"
"JAK3","CDC42","PLEC"
"JAK3","PIK3CG","PLEC"
"JAK3","SH2B2","PLEC"
"JAK3","CLK2","PLEC"
"JAK3","YWHAE","PLEC"
"JAK3","PLCG1","PLEC"
"JAK3","SPRY2","PLEC"
"JAK3","RUNX2","PLEC"
"JAK3","SH2B3","PLEC"
"JAK3","PIK3C3","PLEC"
"JAK3","RND1","PLEC"
"JAK3","TIAM1","PLEC"
"JAK3","WAC","PLEC"
"JAK3","BANP","PLEC"
"JAK3","DCTN6","PLEC"
"JAK3","ACTN1","PLEC"
"JAK3","RGCC","PLEC"
"JAK3","CHUK","ZC3HC1"
"JAK3","PTEN","ZC3HC1"
"JAK3","MAPK8","ZC3HC1"
"JAK3","MTOR","ZC3HC1"
"JAK3","CSNK2A1","ZC3HC1"
"JAK3","RAC1","ZC3HC1"
"JAK3","MAP2K7","ZC3HC1"
"JAK3","PTPRJ","ZC3HC1"
"JAK3","PDPK1","ZC3HC1"
"JAK3","MAP3K14","ZC3HC1"
"JAK3","RPS6KA1","ZC3HC1"
"JAK3","PRKCB","ZC3HC1"
"JAK3","STK3","ZC3HC1"
"JAK3","PRKCZ","ZC3HC1"
"JAK3","PAK2","ZC3HC1"
"JAK3","AKT","ZC3HC1"
"JAK3","RACK1","ZC3HC1"
"JAK3","HRAS","ZC3HC1"
"JAK3","MAPK13","ZC3HC1"
"JAK3","RPS6KA3","ZC3HC1"
"JAK3","mTORC1","ZC3HC1"
"JAK3","ROCK1","ZC3HC1"
"JAK3","RASSF1","ZC3HC1"
"JAK3","BTK","ZC3HC1"
"JAK3","SH2B1","ZC3HC1"
"JAK3","HSP90AB1","ZC3HC1"
"JAK3","SHOC2","ZC3HC1"
"JAK3","PTPN12","ZC3HC1"
"JAK3","PPP2R5C","ZC3HC1"
"JAK3","PAK1","ZC3HC1"
"JAK3","TYK2","ZC3HC1"
"JAK3","ZAP70","ZC3HC1"
"JAK3","TRAF2","ZC3HC1"
"JAK3","MAP2K4","ZC3HC1"
"JAK3","EPHA2","ZC3HC1"
"JAK3","NRAS","ZC3HC1"
"JAK3","AR","ZC3HC1"
"JAK3","MAPK11","ZC3HC1"
"JAK3","PRKCI","ZC3HC1"
"JAK3","PSTPIP1","ZC3HC1"
"JAK3","RHEB","ZC3HC1"
"JAK3","DAXX","ZC3HC1"
"JAK3","DUSP6","ZC3HC1"
"JAK3","INPP5D","ZC3HC1"
"JAK3","PIK3R1","ZC3HC1"
"JAK3","IRS2","ZC3HC1"
"JAK3","PIK3CG","ZC3HC1"
"JAK3","CLK2","ZC3HC1"
"JAK3","MDM2","ZC3HC1"
"JAK3","YWHAE","ZC3HC1"
"JAK3","SH2B3","ZC3HC1"
"JAK3","WAC","ZC3HC1"
"JAK3","DCTN6","ZC3HC1"
"JAK3","CHUK","PARK7"
"JAK3","CTNNB1","PARK7"
"JAK3","MTOR","PARK7"
"JAK3","MAP2K7","PARK7"
"JAK3","TGFBR1","PARK7"
"JAK3","PAK2","PARK7"
"JAK3","AKT","PARK7"
"JAK3","RACK1","PARK7"
"JAK3","LEPR","PARK7"
"JAK3","PTPN11","PARK7"
"JAK3","SH2B1","PARK7"
"JAK3","ZAP70","PARK7"
"JAK3","DUSP1","PARK7"
"JAK3","RAB7A","PARK7"
"JAK3","DUSP3","PARK7"
"JAK3","MAPK11","PARK7"
"JAK3","PARD6A","PARK7"
"JAK3","CCR2","PARK7"
"JAK3","DAXX","PARK7"
"JAK3","DUSP6","PARK7"
"JAK3","INPP5D","PARK7"
"JAK3","IRS2","PARK7"
"JAK3","CDC42","PARK7"
"JAK3","PIK3CG","PARK7"
"JAK3","YWHAE","PARK7"
"JAK3","SH2B3","PARK7"
"JAK3","RND1","PARK7"
"JAK3","BANP","PARK7"
"JAK3","DCTN6","PARK7"
"JAK3","CTNNB1","STAT1/STAT3"
"JAK3","AKT1","STAT1/STAT3"
"JAK3","PLK1","STAT1/STAT3"
"JAK3","PTPRJ","STAT1/STAT3"
"JAK3","IGF1R","STAT1/STAT3"
"JAK3","PRKCB","STAT1/STAT3"
"JAK3","STK3","STAT1/STAT3"
"JAK3","RAB1A","STAT1/STAT3"
"JAK3","AKT","STAT1/STAT3"
"JAK3","HRAS","STAT1/STAT3"
"JAK3","ROCK1","STAT1/STAT3"
"JAK3","SHOC2","STAT1/STAT3"
"JAK3","PTPN12","STAT1/STAT3"
"JAK3","MAP2K4","STAT1/STAT3"
"JAK3","RAB7A","STAT1/STAT3"
"JAK3","AR","STAT1/STAT3"
"JAK3","MAPK11","STAT1/STAT3"
"JAK3","PARD6A","STAT1/STAT3"
"JAK3","PTPRA","STAT1/STAT3"
"JAK3","CCR2","STAT1/STAT3"
"JAK3","INPP5D","STAT1/STAT3"
"JAK3","PIK3R1","STAT1/STAT3"
"JAK3","CCNE1","STAT1/STAT3"
"JAK3","PPP2R5A","STAT1/STAT3"
"JAK3","CLK2","STAT1/STAT3"
"JAK3","SPRY2","STAT1/STAT3"
"JAK3","TIAM1","STAT1/STAT3"
"JAK3","BANP","STAT1/STAT3"
"JAK3","ACTN1","STAT1/STAT3"
"JAK3","CILK1","USP4"
"JAK3","MAPK8","USP4"
"JAK3","MTOR","USP4"
"JAK3","PLK1","USP4"
"JAK3","KRAS","USP4"
"JAK3","RAC1","USP4"
"JAK3","MAP2K7","USP4"
"JAK3","PTPRJ","USP4"
"JAK3","PDPK1","USP4"
"JAK3","SGK1","USP4"
"JAK3","IGF1R","USP4"
"JAK3","PRKCB","USP4"
"JAK3","STK3","USP4"
"JAK3","RAB1A","USP4"
"JAK3","TGFBR2","USP4"
"JAK3","RACK1","USP4"
"JAK3","MAPK13","USP4"
"JAK3","LEPR","USP4"
"JAK3","mTORC1","USP4"
"JAK3","SGK3","USP4"
"JAK3","SHOC2","USP4"
"JAK3","ZAP70","USP4"
"JAK3","GIT1","USP4"
"JAK3","TRAF2","USP4"
"JAK3","MAP2K4","USP4"
"JAK3","AR","USP4"
"JAK3","DUSP3","USP4"
"JAK3","MAPK11","USP4"
"JAK3","UNC5A","USP4"
"JAK3","PRKCI","USP4"
"JAK3","PARD6A","USP4"
"JAK3","DAXX","USP4"
"JAK3","INPP5D","USP4"
"JAK3","IRS2","USP4"
"JAK3","CDC42","USP4"
"JAK3","PIK3CG","USP4"
"JAK3","CLK2","USP4"
"JAK3","YWHAE","USP4"
"JAK3","PLCG1","USP4"
"JAK3","RUNX2","USP4"
"JAK3","SH2B3","USP4"
"JAK3","RND1","USP4"
"JAK3","WAC","USP4"
"JAK3","BANP","USP4"
"JAK3","DCTN6","USP4"
"JAK3","ACTN1","USP4"
"JAK3","RGCC","USP4"
"JAK3","CILK1","USP2"
"JAK3","PTEN","USP2"
"JAK3","MTOR","USP2"
"JAK3","AKT1","USP2"
"JAK3","PLK1","USP2"
"JAK3","KRAS","USP2"
"JAK3","PTPRJ","USP2"
"JAK3","TGFBR1","USP2"
"JAK3","PPP1CA","USP2"
"JAK3","PDPK1","USP2"
"JAK3","MAP3K14","USP2"
"JAK3","PRKCB","USP2"
"JAK3","PRKCZ","USP2"
"JAK3","PAK2","USP2"
"JAK3","AKT","USP2"
"JAK3","MAPK13","USP2"
"JAK3","AHSA1","USP2"
"JAK3","ROCK1","USP2"
"JAK3","RASSF1","USP2"
"JAK3","BTK","USP2"
"JAK3","HSP90AB1","USP2"
"JAK3","PTPN12","USP2"
"JAK3","TYK2","USP2"
"JAK3","DUSP1","USP2"
"JAK3","EPHA2","USP2"
"JAK3","PRKCI","USP2"
"JAK3","CCR2","USP2"
"JAK3","PSTPIP1","USP2"
"JAK3","DAXX","USP2"
"JAK3","INPP5D","USP2"
"JAK3","PIK3CG","USP2"
"JAK3","PPP2R5A","USP2"
"JAK3","BANP","USP2"
"JAK3","DCTN6","USP2"
"JAK3","ACTN1","USP2"
"JAK3","CILK1","ARHGAP33"
"JAK3","PTEN","ARHGAP33"
"JAK3","MAPK8","ARHGAP33"
"JAK3","MAP2K7","ARHGAP33"
"JAK3","PTPRJ","ARHGAP33"
"JAK3","TGFBR1","ARHGAP33"
"JAK3","SGK1","ARHGAP33"
"JAK3","PRKCZ","ARHGAP33"
"JAK3","PAK2","ARHGAP33"
"JAK3","RACK1","ARHGAP33"
"JAK3","PIK3CA","ARHGAP33"
"JAK3","LEPR","ARHGAP33"
"JAK3","RPS6KA3","ARHGAP33"
"JAK3","mTORC1","ARHGAP33"
"JAK3","RASSF1","ARHGAP33"
"JAK3","BTK","ARHGAP33"
"JAK3","SGK3","ARHGAP33"
"JAK3","SH2B1","ARHGAP33"
"JAK3","SHOC2","ARHGAP33"
"JAK3","PPP2R5C","ARHGAP33"
"JAK3","PAK1","ARHGAP33"
"JAK3","GIT1","ARHGAP33"
"JAK3","RAB7A","ARHGAP33"
"JAK3","AR","ARHGAP33"
"JAK3","UNC5A","ARHGAP33"
"JAK3","PSTPIP1","ARHGAP33"
"JAK3","INPP5D","ARHGAP33"
"JAK3","CCNE1","ARHGAP33"
"JAK3","SH2B2","ARHGAP33"
"JAK3","CLK2","ARHGAP33"
"JAK3","RUNX2","ARHGAP33"
"JAK3","SH2B3","ARHGAP33"
"JAK3","PIK3C3","ARHGAP33"
"JAK3","RND1","ARHGAP33"
"JAK3","DCTN6","ARHGAP33"
"JAK3","RGCC","ARHGAP33"
"JAK3","PTPN11","PKIA"
"JAK3","PTEN","PRPH"
"JAK3","MTOR","PRPH"
"JAK3","PTPRJ","PRPH"
"JAK3","TGFBR1","PRPH"
"JAK3","STK3","PRPH"
"JAK3","PAK2","PRPH"
"JAK3","HRAS","PRPH"
"JAK3","LEPR","PRPH"
"JAK3","RPS6KA3","PRPH"
"JAK3","mTORC1","PRPH"
"JAK3","ROCK1","PRPH"
"JAK3","RASSF1","PRPH"
"JAK3","HSP90AB1","PRPH"
"JAK3","SHOC2","PRPH"
"JAK3","PTPN12","PRPH"
"JAK3","PPP2R5C","PRPH"
"JAK3","DUSP1","PRPH"
"JAK3","GIT1","PRPH"
"JAK3","RAB7A","PRPH"
"JAK3","EPHA2","PRPH"
"JAK3","NRAS","PRPH"
"JAK3","DUSP3","PRPH"
"JAK3","MAPK11","PRPH"
"JAK3","UNC5A","PRPH"
"JAK3","PTPRA","PRPH"
"JAK3","CCR2","PRPH"
"JAK3","RHEB","PRPH"
"JAK3","INPP5D","PRPH"
"JAK3","SH2B2","PRPH"
"JAK3","PPP2R5A","PRPH"
"JAK3","MDM2","PRPH"
"JAK3","YWHAE","PRPH"
"JAK3","PLCG1","PRPH"
"JAK3","TIAM1","PRPH"
"JAK3","WAC","PRPH"
"JAK3","BANP","PRPH"
"JAK3","CILK1","EGLN2"
"JAK3","PTEN","EGLN2"
"JAK3","MAPK8","EGLN2"
"JAK3","AKT1","EGLN2"
"JAK3","CSNK2A1","EGLN2"
"JAK3","PLK1","EGLN2"
"JAK3","MAP2K7","EGLN2"
"JAK3","TGFBR1","EGLN2"
"JAK3","PPP1CA","EGLN2"
"JAK3","PDPK1","EGLN2"
"JAK3","MAP3K14","EGLN2"
"JAK3","SGK1","EGLN2"
"JAK3","RAB1A","EGLN2"
"JAK3","PRKCZ","EGLN2"
"JAK3","TGFBR2","EGLN2"
"JAK3","PAK2","EGLN2"
"JAK3","AKT","EGLN2"
"JAK3","RACK1","EGLN2"
"JAK3","HRAS","EGLN2"
"JAK3","MAPK13","EGLN2"
"JAK3","AHSA1","EGLN2"
"JAK3","RASSF1","EGLN2"
"JAK3","BTK","EGLN2"
"JAK3","SHOC2","EGLN2"
"JAK3","PPP2R5C","EGLN2"
"JAK3","PAK1","EGLN2"
"JAK3","TYK2","EGLN2"
"JAK3","DUSP1","EGLN2"
"JAK3","GIT1","EGLN2"
"JAK3","TRAF2","EGLN2"
"JAK3","MAP2K4","EGLN2"
"JAK3","EPHA2","EGLN2"
"JAK3","NRAS","EGLN2"
"JAK3","AR","EGLN2"
"JAK3","MAPK11","EGLN2"
"JAK3","UNC5A","EGLN2"
"JAK3","PRKCI","EGLN2"
"JAK3","PARD6A","EGLN2"
"JAK3","CCR2","EGLN2"
"JAK3","DUSP6","EGLN2"
"JAK3","PIK3R1","EGLN2"
"JAK3","CCNE1","EGLN2"
"JAK3","IRS2","EGLN2"
"JAK3","CDC42","EGLN2"
"JAK3","PLCG1","EGLN2"
"JAK3","SPRY2","EGLN2"
"JAK3","RUNX2","EGLN2"
"JAK3","SH2B3","EGLN2"
"JAK3","WAC","EGLN2"
"JAK3","BANP","EGLN2"
"JAK3","DCTN6","EGLN2"
"JAK3","CHUK","STX1A"
"JAK3","CTNNB1","STX1A"
"JAK3","MTOR","STX1A"
"JAK3","KRAS","STX1A"
"JAK3","TGFBR1","STX1A"
"JAK3","MAP3K14","STX1A"
"JAK3","SGK1","STX1A"
"JAK3","IGF1R","STX1A"
"JAK3","PRKCB","STX1A"
"JAK3","STK3","STX1A"
"JAK3","RAB1A","STX1A"
"JAK3","PAK2","STX1A"
"JAK3","MAPK13","STX1A"
"JAK3","PIK3CA","STX1A"
"JAK3","LEPR","STX1A"
"JAK3","RPS6KA3","STX1A"
"JAK3","mTORC1","STX1A"
"JAK3","BTK","STX1A"
"JAK3","SGK3","STX1A"
"JAK3","SH2B1","STX1A"
"JAK3","PAK1","STX1A"
"JAK3","TYK2","STX1A"
"JAK3","MAP2K4","STX1A"
"JAK3","EPHA2","STX1A"
"JAK3","AR","STX1A"
"JAK3","UNC5A","STX1A"
"JAK3","PARD6A","STX1A"
"JAK3","PTPRA","STX1A"
"JAK3","CCR2","STX1A"
"JAK3","INPP5D","STX1A"
"JAK3","PIK3R1","STX1A"
"JAK3","CCNE1","STX1A"
"JAK3","PPP2R5A","STX1A"
"JAK3","PLCG1","STX1A"
"JAK3","RUNX2","STX1A"
"JAK3","RND1","STX1A"
"JAK3","ACTN1","STX1A"
"JAK3","PTEN","TANC1"
"JAK3","MTOR","TANC1"
"JAK3","KRAS","TANC1"
"JAK3","MAP3K14","TANC1"
"JAK3","RPS6KA1","TANC1"
"JAK3","SGK1","TANC1"
"JAK3","IGF1R","TANC1"
"JAK3","PRKCZ","TANC1"
"JAK3","PAK2","TANC1"
"JAK3","PIK3CA","TANC1"
"JAK3","RPS6KA3","TANC1"
"JAK3","SH2B1","TANC1"
"JAK3","HSP90AB1","TANC1"
"JAK3","PAK1","TANC1"
"JAK3","GIT1","TANC1"
"JAK3","TRAF2","TANC1"
"JAK3","EPHA2","TANC1"
"JAK3","NRAS","TANC1"
"JAK3","AR","TANC1"
"JAK3","UNC5A","TANC1"
"JAK3","PRKCI","TANC1"
"JAK3","PARD6A","TANC1"
"JAK3","RHEB","TANC1"
"JAK3","PIK3CG","TANC1"
"JAK3","CLK2","TANC1"
"JAK3","SH2B3","TANC1"
"JAK3","PIK3C3","TANC1"
"JAK3","TIAM1","TANC1"
"JAK3","ACTN1","TANC1"
"JAK3","CHUK","DAPP1"
"JAK3","MTOR","DAPP1"
"JAK3","AKT1","DAPP1"
"JAK3","PLK1","DAPP1"
"JAK3","KRAS","DAPP1"
"JAK3","RAC1","DAPP1"
"JAK3","TGFBR1","DAPP1"
"JAK3","PDPK1","DAPP1"
"JAK3","MAP3K14","DAPP1"
"JAK3","RAB1A","DAPP1"
"JAK3","PRKCZ","DAPP1"
"JAK3","TGFBR2","DAPP1"
"JAK3","HRAS","DAPP1"
"JAK3","LEPR","DAPP1"
"JAK3","RPS6KA3","DAPP1"
"JAK3","AHSA1","DAPP1"
"JAK3","BTK","DAPP1"
"JAK3","PPP2R5C","DAPP1"
"JAK3","PAK1","DAPP1"
"JAK3","TYK2","DAPP1"
"JAK3","ZAP70","DAPP1"
"JAK3","RAB7A","DAPP1"
"JAK3","NRAS","DAPP1"
"JAK3","AR","DAPP1"
"JAK3","DUSP3","DAPP1"
"JAK3","MAPK11","DAPP1"
"JAK3","PRKCI","DAPP1"
"JAK3","PARD6A","DAPP1"
"JAK3","PTPRA","DAPP1"
"JAK3","CCR2","DAPP1"
"JAK3","PSTPIP1","DAPP1"
"JAK3","PIK3R1","DAPP1"
"JAK3","CCNE1","DAPP1"
"JAK3","PIK3CG","DAPP1"
"JAK3","CLK2","DAPP1"
"JAK3","YWHAE","DAPP1"
"JAK3","SPRY2","DAPP1"
"JAK3","PIK3C3","DAPP1"
"JAK3","RND1","DAPP1"
"JAK3","TIAM1","DAPP1"
"JAK3","WAC","DAPP1"
"JAK3","DCTN6","DAPP1"
"JAK3","ACTN1","DAPP1"
"JAK3","RGCC","DAPP1"
"JAK3","CHUK","PHLDA1"
"JAK3","CTNNB1","PHLDA1"
"JAK3","MTOR","PHLDA1"
"JAK3","AKT1","PHLDA1"
"JAK3","CSNK2A1","PHLDA1"
"JAK3","RAC1","PHLDA1"
"JAK3","MAP2K7","PHLDA1"
"JAK3","PTPRJ","PHLDA1"
"JAK3","TGFBR1","PHLDA1"
"JAK3","SGK1","PHLDA1"
"JAK3","IGF1R","PHLDA1"
"JAK3","PRKCB","PHLDA1"
"JAK3","STK3","PHLDA1"
"JAK3","PAK2","PHLDA1"
"JAK3","RACK1","PHLDA1"
"JAK3","HRAS","PHLDA1"
"JAK3","PIK3CA","PHLDA1"
"JAK3","LEPR","PHLDA1"
"JAK3","RPS6KA3","PHLDA1"
"JAK3","mTORC1","PHLDA1"
"JAK3","AHSA1","PHLDA1"
"JAK3","ROCK1","PHLDA1"
"JAK3","RASSF1","PHLDA1"
"JAK3","BTK","PHLDA1"
"JAK3","SGK3","PHLDA1"
"JAK3","SH2B1","PHLDA1"
"JAK3","HSP90AB1","PHLDA1"
"JAK3","TYK2","PHLDA1"
"JAK3","ZAP70","PHLDA1"
"JAK3","GIT1","PHLDA1"
"JAK3","TRAF2","PHLDA1"
"JAK3","MAP2K4","PHLDA1"
"JAK3","NRAS","PHLDA1"
"JAK3","DUSP3","PHLDA1"
"JAK3","MAPK11","PHLDA1"
"JAK3","UNC5A","PHLDA1"
"JAK3","PRKCI","PHLDA1"
"JAK3","PARD6A","PHLDA1"
"JAK3","RHEB","PHLDA1"
"JAK3","DAXX","PHLDA1"
"JAK3","DUSP6","PHLDA1"
"JAK3","INPP5D","PHLDA1"
"JAK3","PIK3CG","PHLDA1"
"JAK3","SH2B2","PHLDA1"
"JAK3","MDM2","PHLDA1"
"JAK3","SH2B3","PHLDA1"
"JAK3","TIAM1","PHLDA1"
"JAK3","WAC","PHLDA1"
"JAK3","DCTN6","PHLDA1"
"JAK3","ACTN1","PHLDA1"
"JAK3","CHUK","POU6F1"
"JAK3","CILK1","POU6F1"
"JAK3","PTEN","POU6F1"
"JAK3","MAPK8","POU6F1"
"JAK3","AKT1","POU6F1"
"JAK3","CSNK2A1","POU6F1"
"JAK3","PLK1","POU6F1"
"JAK3","KRAS","POU6F1"
"JAK3","RAC1","POU6F1"
"JAK3","MAP2K7","POU6F1"
"JAK3","PTPRJ","POU6F1"
"JAK3","PDPK1","POU6F1"
"JAK3","MAP3K14","POU6F1"
"JAK3","RPS6KA1","POU6F1"
"JAK3","STK3","POU6F1"
"JAK3","AKT","POU6F1"
"JAK3","RACK1","POU6F1"
"JAK3","MAPK13","POU6F1"
"JAK3","PIK3CA","POU6F1"
"JAK3","LEPR","POU6F1"
"JAK3","RPS6KA3","POU6F1"
"JAK3","RASSF1","POU6F1"
"JAK3","BTK","POU6F1"
"JAK3","SGK3","POU6F1"
"JAK3","SHOC2","POU6F1"
"JAK3","PTPN12","POU6F1"
"JAK3","ZAP70","POU6F1"
"JAK3","TRAF2","POU6F1"
"JAK3","MAP2K4","POU6F1"
"JAK3","AR","POU6F1"
"JAK3","MAPK11","POU6F1"
"JAK3","UNC5A","POU6F1"
"JAK3","PARD6A","POU6F1"
"JAK3","PTPRA","POU6F1"
"JAK3","CCR2","POU6F1"
"JAK3","PSTPIP1","POU6F1"
"JAK3","RHEB","POU6F1"
"JAK3","PIK3CG","POU6F1"
"JAK3","SH2B2","POU6F1"
"JAK3","PPP2R5A","POU6F1"
"JAK3","CLK2","POU6F1"
"JAK3","SPRY2","POU6F1"
"JAK3","RUNX2","POU6F1"
"JAK3","SH2B3","POU6F1"
"JAK3","PIK3C3","POU6F1"
"JAK3","ACTN1","POU6F1"
"JAK3","CTNNB1","UCK1"
"JAK3","PTEN","UCK1"
"JAK3","MAPK8","UCK1"
"JAK3","KRAS","UCK1"
"JAK3","RAC1","UCK1"
"JAK3","MAP2K7","UCK1"
"JAK3","PTPRJ","UCK1"
"JAK3","TGFBR1","UCK1"
"JAK3","RPS6KA1","UCK1"
"JAK3","RAB1A","UCK1"
"JAK3","PRKCZ","UCK1"
"JAK3","PAK2","UCK1"
"JAK3","RACK1","UCK1"
"JAK3","MAPK13","UCK1"
"JAK3","RPS6KA3","UCK1"
"JAK3","HSP90AB1","UCK1"
"JAK3","GIT1","UCK1"
"JAK3","RAB7A","UCK1"
"JAK3","EPHA2","UCK1"
"JAK3","AR","UCK1"
"JAK3","IRS2","UCK1"
"JAK3","SH2B2","UCK1"
"JAK3","MDM2","UCK1"
"JAK3","SPRY2","UCK1"
"JAK3","RUNX2","UCK1"
"JAK3","SH2B3","UCK1"
"JAK3","RND1","UCK1"
"JAK3","TIAM1","UCK1"
"JAK3","WAC","UCK1"
"JAK3","DCTN6","UCK1"
"JAK3","ACTN1","UCK1"
"JAK3","RGCC","UCK1"
"JAK3","CHUK","CREM"
"JAK3","CTNNB1","CREM"
"JAK3","CILK1","CREM"
"JAK3","PTEN","CREM"
"JAK3","MAPK8","CREM"
"JAK3","MTOR","CREM"
"JAK3","KRAS","CREM"
"JAK3","RAC1","CREM"
"JAK3","PTPRJ","CREM"
"JAK3","PDPK1","CREM"
"JAK3","MAP3K14","CREM"
"JAK3","RPS6KA1","CREM"
"JAK3","STK3","CREM"
"JAK3","PRKCZ","CREM"
"JAK3","TGFBR2","CREM"
"JAK3","PAK2","CREM"
"JAK3","AKT","CREM"
"JAK3","HRAS","CREM"
"JAK3","PIK3CA","CREM"
"JAK3","LEPR","CREM"
"JAK3","RPS6KA3","CREM"
"JAK3","mTORC1","CREM"
"JAK3","AHSA1","CREM"
"JAK3","BTK","CREM"
"JAK3","PTPN11","CREM"
"JAK3","SH2B1","CREM"
"JAK3","HSP90AB1","CREM"
"JAK3","PPP2R5C","CREM"
"JAK3","PAK1","CREM"
"JAK3","ZAP70","CREM"
"JAK3","DUSP1","CREM"
"JAK3","GIT1","CREM"
"JAK3","TRAF2","CREM"
"JAK3","MAP2K4","CREM"
"JAK3","RAB7A","CREM"
"JAK3","NRAS","CREM"
"JAK3","AR","CREM"
"JAK3","UNC5A","CREM"
"JAK3","PRKCI","CREM"
"JAK3","PARD6A","CREM"
"JAK3","PTPRA","CREM"
"JAK3","PSTPIP1","CREM"
"JAK3","DAXX","CREM"
"JAK3","INPP5D","CREM"
"JAK3","PIK3R1","CREM"
"JAK3","CCNE1","CREM"
"JAK3","IRS2","CREM"
"JAK3","CDC42","CREM"
"JAK3","PIK3CG","CREM"
"JAK3","PPP2R5A","CREM"
"JAK3","MDM2","CREM"
"JAK3","PLCG1","CREM"
"JAK3","SPRY2","CREM"
"JAK3","RUNX2","CREM"
"JAK3","SH2B3","CREM"
"JAK3","PIK3C3","CREM"
"JAK3","RND1","CREM"
"JAK3","BANP","CREM"
"JAK3","DCTN6","CREM"
"JAK3","ACTN1","CREM"
"JAK3","CHUK","HK1"
"JAK3","PTEN","HK1"
"JAK3","MAPK8","HK1"
"JAK3","MTOR","HK1"
"JAK3","KRAS","HK1"
"JAK3","PTPRJ","HK1"
"JAK3","TGFBR1","HK1"
"JAK3","PPP1CA","HK1"
"JAK3","MAP3K14","HK1"
"JAK3","SGK1","HK1"
"JAK3","IGF1R","HK1"
"JAK3","PRKCB","HK1"
"JAK3","STK3","HK1"
"JAK3","RAB1A","HK1"
"JAK3","PAK2","HK1"
"JAK3","AKT","HK1"
"JAK3","HRAS","HK1"
"JAK3","MAPK13","HK1"
"JAK3","PIK3CA","HK1"
"JAK3","RPS6KA3","HK1"
"JAK3","mTORC1","HK1"
"JAK3","AHSA1","HK1"
"JAK3","ROCK1","HK1"
"JAK3","RASSF1","HK1"
"JAK3","BTK","HK1"
"JAK3","PTPN11","HK1"
"JAK3","SH2B1","HK1"
"JAK3","SHOC2","HK1"
"JAK3","PTPN12","HK1"
"JAK3","PAK1","HK1"
"JAK3","ZAP70","HK1"
"JAK3","GIT1","HK1"
"JAK3","MAP2K4","HK1"
"JAK3","AR","HK1"
"JAK3","DUSP3","HK1"
"JAK3","MAPK11","HK1"
"JAK3","UNC5A","HK1"
"JAK3","PRKCI","HK1"
"JAK3","PARD6A","HK1"
"JAK3","CCR2","HK1"
"JAK3","RHEB","HK1"
"JAK3","PIK3R1","HK1"
"JAK3","SH2B2","HK1"
"JAK3","PPP2R5A","HK1"
"JAK3","CLK2","HK1"
"JAK3","MDM2","HK1"
"JAK3","PLCG1","HK1"
"JAK3","SH2B3","HK1"
"JAK3","PIK3C3","HK1"
"JAK3","RND1","HK1"
"JAK3","BANP","HK1"
"JAK3","DCTN6","HK1"
"JAK3","CHUK","NDUFV3"
"JAK3","MAPK8","NDUFV3"
"JAK3","PLK1","NDUFV3"
"JAK3","RAC1","NDUFV3"
"JAK3","MAP3K14","NDUFV3"
"JAK3","SGK1","NDUFV3"
"JAK3","PRKCB","NDUFV3"
"JAK3","RAB1A","NDUFV3"
"JAK3","PRKCZ","NDUFV3"
"JAK3","PAK2","NDUFV3"
"JAK3","RACK1","NDUFV3"
"JAK3","AHSA1","NDUFV3"
"JAK3","ROCK1","NDUFV3"
"JAK3","RASSF1","NDUFV3"
"JAK3","SH2B1","NDUFV3"
"JAK3","SHOC2","NDUFV3"
"JAK3","PPP2R5C","NDUFV3"
"JAK3","PAK1","NDUFV3"
"JAK3","ZAP70","NDUFV3"
"JAK3","DUSP1","NDUFV3"
"JAK3","GIT1","NDUFV3"
"JAK3","RAB7A","NDUFV3"
"JAK3","EPHA2","NDUFV3"
"JAK3","DUSP3","NDUFV3"
"JAK3","MAPK11","NDUFV3"
"JAK3","UNC5A","NDUFV3"
"JAK3","PARD6A","NDUFV3"
"JAK3","PTPRA","NDUFV3"
"JAK3","CCR2","NDUFV3"
"JAK3","PSTPIP1","NDUFV3"
"JAK3","RHEB","NDUFV3"
"JAK3","INPP5D","NDUFV3"
"JAK3","CCNE1","NDUFV3"
"JAK3","IRS2","NDUFV3"
"JAK3","SH2B2","NDUFV3"
"JAK3","CLK2","NDUFV3"
"JAK3","MDM2","NDUFV3"
"JAK3","SPRY2","NDUFV3"
"JAK3","PIK3C3","NDUFV3"
"JAK3","TIAM1","NDUFV3"
"JAK3","BANP","NDUFV3"
"JAK3","CHUK","DOCK6"
"JAK3","CTNNB1","DOCK6"
"JAK3","CILK1","DOCK6"
"JAK3","MAPK8","DOCK6"
"JAK3","MTOR","DOCK6"
"JAK3","AKT1","DOCK6"
"JAK3","CSNK2A1","DOCK6"
"JAK3","PLK1","DOCK6"
"JAK3","RAC1","DOCK6"
"JAK3","PTPRJ","DOCK6"
"JAK3","TGFBR1","DOCK6"
"JAK3","PPP1CA","DOCK6"
"JAK3","RPS6KA1","DOCK6"
"JAK3","SGK1","DOCK6"
"JAK3","PAK2","DOCK6"
"JAK3","RACK1","DOCK6"
"JAK3","HRAS","DOCK6"
"JAK3","RPS6KA3","DOCK6"
"JAK3","AHSA1","DOCK6"
"JAK3","ROCK1","DOCK6"
"JAK3","BTK","DOCK6"
"JAK3","PTPN11","DOCK6"
"JAK3","SGK3","DOCK6"
"JAK3","SH2B1","DOCK6"
"JAK3","HSP90AB1","DOCK6"
"JAK3","SHOC2","DOCK6"
"JAK3","PTPN12","DOCK6"
"JAK3","PPP2R5C","DOCK6"
"JAK3","PAK1","DOCK6"
"JAK3","ZAP70","DOCK6"
"JAK3","DUSP1","DOCK6"
"JAK3","GIT1","DOCK6"
"JAK3","TRAF2","DOCK6"
"JAK3","MAP2K4","DOCK6"
"JAK3","RAB7A","DOCK6"
"JAK3","AR","DOCK6"
"JAK3","DUSP3","DOCK6"
"JAK3","MAPK11","DOCK6"
"JAK3","PRKCI","DOCK6"
"JAK3","CCR2","DOCK6"
"JAK3","PSTPIP1","DOCK6"
"JAK3","RHEB","DOCK6"
"JAK3","PIK3R1","DOCK6"
"JAK3","IRS2","DOCK6"
"JAK3","PIK3CG","DOCK6"
"JAK3","SH2B2","DOCK6"
"JAK3","PPP2R5A","DOCK6"
"JAK3","CLK2","DOCK6"
"JAK3","YWHAE","DOCK6"
"JAK3","PLCG1","DOCK6"
"JAK3","SPRY2","DOCK6"
"JAK3","SH2B3","DOCK6"
"JAK3","TIAM1","DOCK6"
"JAK3","WAC","DOCK6"
"JAK3","DCTN6","DOCK6"
"JAK3","ACTN1","DOCK6"
"JAK3","CTNNB1","FLOT1"
"JAK3","CILK1","FLOT1"
"JAK3","MAPK8","FLOT1"
"JAK3","MTOR","FLOT1"
"JAK3","AKT1","FLOT1"
"JAK3","CSNK2A1","FLOT1"
"JAK3","PLK1","FLOT1"
"JAK3","MAP2K7","FLOT1"
"JAK3","PTPRJ","FLOT1"
"JAK3","MAP3K14","FLOT1"
"JAK3","RPS6KA1","FLOT1"
"JAK3","SGK1","FLOT1"
"JAK3","PRKCB","FLOT1"
"JAK3","RAB1A","FLOT1"
"JAK3","TGFBR2","FLOT1"
"JAK3","PAK2","FLOT1"
"JAK3","AKT","FLOT1"
"JAK3","RACK1","FLOT1"
"JAK3","HRAS","FLOT1"
"JAK3","MAPK13","FLOT1"
"JAK3","LEPR","FLOT1"
"JAK3","mTORC1","FLOT1"
"JAK3","RASSF1","FLOT1"
"JAK3","SGK3","FLOT1"
"JAK3","PPP2R5C","FLOT1"
"JAK3","TRAF2","FLOT1"
"JAK3","MAPK11","FLOT1"
"JAK3","UNC5A","FLOT1"
"JAK3","PTPRA","FLOT1"
"JAK3","PSTPIP1","FLOT1"
"JAK3","DAXX","FLOT1"
"JAK3","CCNE1","FLOT1"
"JAK3","IRS2","FLOT1"
"JAK3","CDC42","FLOT1"
"JAK3","SH2B2","FLOT1"
"JAK3","PPP2R5A","FLOT1"
"JAK3","CLK2","FLOT1"
"JAK3","YWHAE","FLOT1"
"JAK3","PLCG1","FLOT1"
"JAK3","SH2B3","FLOT1"
"JAK3","PIK3C3","FLOT1"
"JAK3","TIAM1","FLOT1"
"JAK3","BANP","FLOT1"
"JAK3","RGCC","FLOT1"
"JAK3","MAP2K7","PI4KB"
"JAK3","TGFBR1","PI4KB"
"JAK3","PDPK1","PI4KB"
"JAK3","MAP3K14","PI4KB"
"JAK3","RPS6KA1","PI4KB"
"JAK3","SGK1","PI4KB"
"JAK3","IGF1R","PI4KB"
"JAK3","RAB1A","PI4KB"
"JAK3","PRKCZ","PI4KB"
"JAK3","TGFBR2","PI4KB"
"JAK3","RACK1","PI4KB"
"JAK3","HRAS","PI4KB"
"JAK3","RPS6KA3","PI4KB"
"JAK3","mTORC1","PI4KB"
"JAK3","AHSA1","PI4KB"
"JAK3","ROCK1","PI4KB"
"JAK3","SH2B1","PI4KB"
"JAK3","HSP90AB1","PI4KB"
"JAK3","PTPN12","PI4KB"
"JAK3","PPP2R5C","PI4KB"
"JAK3","TYK2","PI4KB"
"JAK3","DUSP1","PI4KB"
"JAK3","GIT1","PI4KB"
"JAK3","TRAF2","PI4KB"
"JAK3","RAB7A","PI4KB"
"JAK3","EPHA2","PI4KB"
"JAK3","NRAS","PI4KB"
"JAK3","DUSP3","PI4KB"
"JAK3","PRKCI","PI4KB"
"JAK3","RHEB","PI4KB"
"JAK3","DAXX","PI4KB"
"JAK3","DUSP6","PI4KB"
"JAK3","PIK3R1","PI4KB"
"JAK3","CCNE1","PI4KB"
"JAK3","MDM2","PI4KB"
"JAK3","YWHAE","PI4KB"
"JAK3","PLCG1","PI4KB"
"JAK3","RUNX2","PI4KB"
"JAK3","PIK3C3","PI4KB"
"JAK3","RND1","PI4KB"
"JAK3","TIAM1","PI4KB"
"JAK3","WAC","PI4KB"
"JAK3","BANP","PI4KB"
"JAK3","DCTN6","PI4KB"
"JAK3","ACTN1","PI4KB"
"JAK3","CHUK","NOS1"
"JAK3","CTNNB1","NOS1"
"JAK3","MTOR","NOS1"
"JAK3","AKT1","NOS1"
"JAK3","CSNK2A1","NOS1"
"JAK3","PLK1","NOS1"
"JAK3","RAC1","NOS1"
"JAK3","PPP1CA","NOS1"
"JAK3","PDPK1","NOS1"
"JAK3","MAP3K14","NOS1"
"JAK3","RPS6KA1","NOS1"
"JAK3","SGK1","NOS1"
"JAK3","IGF1R","NOS1"
"JAK3","STK3","NOS1"
"JAK3","PRKCZ","NOS1"
"JAK3","TGFBR2","NOS1"
"JAK3","AKT","NOS1"
"JAK3","HRAS","NOS1"
"JAK3","PIK3CA","NOS1"
"JAK3","RASSF1","NOS1"
"JAK3","HSP90AB1","NOS1"
"JAK3","ZAP70","NOS1"
"JAK3","GIT1","NOS1"
"JAK3","TRAF2","NOS1"
"JAK3","RAB7A","NOS1"
"JAK3","NRAS","NOS1"
"JAK3","AR","NOS1"
"JAK3","UNC5A","NOS1"
"JAK3","PTPRA","NOS1"
"JAK3","DAXX","NOS1"
"JAK3","DUSP6","NOS1"
"JAK3","INPP5D","NOS1"
"JAK3","PIK3R1","NOS1"
"JAK3","IRS2","NOS1"
"JAK3","CDC42","NOS1"
"JAK3","PPP2R5A","NOS1"
"JAK3","PIK3C3","NOS1"
"JAK3","ACTN1","NOS1"
"JAK3","CHUK","CYTH2"
"JAK3","MAPK8","CYTH2"
"JAK3","MTOR","CYTH2"
"JAK3","AKT1","CYTH2"
"JAK3","PLK1","CYTH2"
"JAK3","PPP1CA","CYTH2"
"JAK3","PDPK1","CYTH2"
"JAK3","SGK1","CYTH2"
"JAK3","PRKCB","CYTH2"
"JAK3","STK3","CYTH2"
"JAK3","PRKCZ","CYTH2"
"JAK3","PAK2","CYTH2"
"JAK3","AKT","CYTH2"
"JAK3","RACK1","CYTH2"
"JAK3","HRAS","CYTH2"
"JAK3","MAPK13","CYTH2"
"JAK3","PIK3CA","CYTH2"
"JAK3","LEPR","CYTH2"
"JAK3","RPS6KA3","CYTH2"
"JAK3","ROCK1","CYTH2"
"JAK3","SH2B1","CYTH2"
"JAK3","HSP90AB1","CYTH2"
"JAK3","PTPN12","CYTH2"
"JAK3","TYK2","CYTH2"
"JAK3","TRAF2","CYTH2"
"JAK3","MAP2K4","CYTH2"
"JAK3","RAB7A","CYTH2"
"JAK3","EPHA2","CYTH2"
"JAK3","AR","CYTH2"
"JAK3","DUSP3","CYTH2"
"JAK3","RHEB","CYTH2"
"JAK3","DAXX","CYTH2"
"JAK3","INPP5D","CYTH2"
"JAK3","CCNE1","CYTH2"
"JAK3","IRS2","CYTH2"
"JAK3","CDC42","CYTH2"
"JAK3","YWHAE","CYTH2"
"JAK3","PLCG1","CYTH2"
"JAK3","SPRY2","CYTH2"
"JAK3","RUNX2","CYTH2"
"JAK3","PIK3C3","CYTH2"
"JAK3","RND1","CYTH2"
"JAK3","TIAM1","CYTH2"
"JAK3","WAC","CYTH2"
"JAK3","DCTN6","CYTH2"
"JAK3","CTNNB1","LLGL2"
"JAK3","CILK1","LLGL2"
"JAK3","PTEN","LLGL2"
"JAK3","MAPK8","LLGL2"
"JAK3","MTOR","LLGL2"
"JAK3","AKT1","LLGL2"
"JAK3","CSNK2A1","LLGL2"
"JAK3","SGK1","LLGL2"
"JAK3","PRKCB","LLGL2"
"JAK3","STK3","LLGL2"
"JAK3","RAB1A","LLGL2"
"JAK3","PAK2","LLGL2"
"JAK3","AKT","LLGL2"
"JAK3","PIK3CA","LLGL2"
"JAK3","ROCK1","LLGL2"
"JAK3","BTK","LLGL2"
"JAK3","SGK3","LLGL2"
"JAK3","SHOC2","LLGL2"
"JAK3","PTPN12","LLGL2"
"JAK3","PPP2R5C","LLGL2"
"JAK3","TYK2","LLGL2"
"JAK3","ZAP70","LLGL2"
"JAK3","DUSP1","LLGL2"
"JAK3","NRAS","LLGL2"
"JAK3","AR","LLGL2"
"JAK3","DUSP3","LLGL2"
"JAK3","MAPK11","LLGL2"
"JAK3","PTPRA","LLGL2"
"JAK3","CCR2","LLGL2"
"JAK3","RHEB","LLGL2"
"JAK3","DUSP6","LLGL2"
"JAK3","INPP5D","LLGL2"
"JAK3","PIK3R1","LLGL2"
"JAK3","IRS2","LLGL2"
"JAK3","CDC42","LLGL2"
"JAK3","PIK3CG","LLGL2"
"JAK3","SH2B2","LLGL2"
"JAK3","PPP2R5A","LLGL2"
"JAK3","CLK2","LLGL2"
"JAK3","SH2B3","LLGL2"
"JAK3","PIK3C3","LLGL2"
"JAK3","ACTN1","LLGL2"
"JAK3","RGCC","LLGL2"
"JAK3","CHUK","PLSCR1"
"JAK3","PTEN","PLSCR1"
"JAK3","MAPK8","PLSCR1"
"JAK3","MTOR","PLSCR1"
"JAK3","AKT1","PLSCR1"
"JAK3","PLK1","PLSCR1"
"JAK3","KRAS","PLSCR1"
"JAK3","RAC1","PLSCR1"
"JAK3","TGFBR1","PLSCR1"
"JAK3","PPP1CA","PLSCR1"
"JAK3","RPS6KA1","PLSCR1"
"JAK3","SGK1","PLSCR1"
"JAK3","PRKCB","PLSCR1"
"JAK3","RACK1","PLSCR1"
"JAK3","HRAS","PLSCR1"
"JAK3","MAPK13","PLSCR1"
"JAK3","PIK3CA","PLSCR1"
"JAK3","RPS6KA3","PLSCR1"
"JAK3","mTORC1","PLSCR1"
"JAK3","ROCK1","PLSCR1"
"JAK3","SHOC2","PLSCR1"
"JAK3","PTPN12","PLSCR1"
"JAK3","PAK1","PLSCR1"
"JAK3","ZAP70","PLSCR1"
"JAK3","GIT1","PLSCR1"
"JAK3","TRAF2","PLSCR1"
"JAK3","MAP2K4","PLSCR1"
"JAK3","RAB7A","PLSCR1"
"JAK3","EPHA2","PLSCR1"
"JAK3","AR","PLSCR1"
"JAK3","DUSP3","PLSCR1"
"JAK3","MAPK11","PLSCR1"
"JAK3","PARD6A","PLSCR1"
"JAK3","PTPRA","PLSCR1"
"JAK3","CCR2","PLSCR1"
"JAK3","PSTPIP1","PLSCR1"
"JAK3","PIK3R1","PLSCR1"
"JAK3","CCNE1","PLSCR1"
"JAK3","IRS2","PLSCR1"
"JAK3","CDC42","PLSCR1"
"JAK3","YWHAE","PLSCR1"
"JAK3","PLCG1","PLSCR1"
"JAK3","SPRY2","PLSCR1"
"JAK3","RUNX2","PLSCR1"
"JAK3","SH2B3","PLSCR1"
"JAK3","PIK3C3","PLSCR1"
"JAK3","WAC","PLSCR1"
"JAK3","BANP","PLSCR1"
"JAK3","RGCC","PLSCR1"
"JAK3","CHUK","TCF7"
"JAK3","CILK1","TCF7"
"JAK3","MAPK8","TCF7"
"JAK3","MTOR","TCF7"
"JAK3","AKT1","TCF7"
"JAK3","PLK1","TCF7"
"JAK3","KRAS","TCF7"
"JAK3","RAC1","TCF7"
"JAK3","MAP2K7","TCF7"
"JAK3","PPP1CA","TCF7"
"JAK3","MAP3K14","TCF7"
"JAK3","RPS6KA1","TCF7"
"JAK3","PRKCB","TCF7"
"JAK3","STK3","TCF7"
"JAK3","RAB1A","TCF7"
"JAK3","TGFBR2","TCF7"
"JAK3","PAK2","TCF7"
"JAK3","AKT","TCF7"
"JAK3","RACK1","TCF7"
"JAK3","PIK3CA","TCF7"
"JAK3","mTORC1","TCF7"
"JAK3","AHSA1","TCF7"
"JAK3","ROCK1","TCF7"
"JAK3","RASSF1","TCF7"
"JAK3","HSP90AB1","TCF7"
"JAK3","SHOC2","TCF7"
"JAK3","PPP2R5C","TCF7"
"JAK3","TYK2","TCF7"
"JAK3","DUSP1","TCF7"
"JAK3","GIT1","TCF7"
"JAK3","TRAF2","TCF7"
"JAK3","MAP2K4","TCF7"
"JAK3","RAB7A","TCF7"
"JAK3","AR","TCF7"
"JAK3","DUSP3","TCF7"
"JAK3","PRKCI","TCF7"
"JAK3","PTPRA","TCF7"
"JAK3","CCR2","TCF7"
"JAK3","RHEB","TCF7"
"JAK3","DAXX","TCF7"
"JAK3","INPP5D","TCF7"
"JAK3","CCNE1","TCF7"
"JAK3","IRS2","TCF7"
"JAK3","CDC42","TCF7"
"JAK3","PIK3CG","TCF7"
"JAK3","SH2B2","TCF7"
"JAK3","MDM2","TCF7"
"JAK3","YWHAE","TCF7"
"JAK3","PLCG1","TCF7"
"JAK3","RUNX2","TCF7"
"JAK3","WAC","TCF7"
"JAK3","RGCC","TCF7"
"JAK3","CHUK","TLR5"
"JAK3","CTNNB1","TLR5"
"JAK3","PTEN","TLR5"
"JAK3","MAPK8","TLR5"
"JAK3","MTOR","TLR5"
"JAK3","AKT1","TLR5"
"JAK3","CSNK2A1","TLR5"
"JAK3","PLK1","TLR5"
"JAK3","MAP2K7","TLR5"
"JAK3","TGFBR1","TLR5"
"JAK3","IGF1R","TLR5"
"JAK3","PRKCB","TLR5"
"JAK3","PRKCZ","TLR5"
"JAK3","TGFBR2","TLR5"
"JAK3","PAK2","TLR5"
"JAK3","RACK1","TLR5"
"JAK3","PIK3CA","TLR5"
"JAK3","LEPR","TLR5"
"JAK3","RPS6KA3","TLR5"
"JAK3","mTORC1","TLR5"
"JAK3","AHSA1","TLR5"
"JAK3","ROCK1","TLR5"
"JAK3","BTK","TLR5"
"JAK3","SGK3","TLR5"
"JAK3","SH2B1","TLR5"
"JAK3","SHOC2","TLR5"
"JAK3","PTPN12","TLR5"
"JAK3","PAK1","TLR5"
"JAK3","TYK2","TLR5"
"JAK3","DUSP1","TLR5"
"JAK3","GIT1","TLR5"
"JAK3","TRAF2","TLR5"
"JAK3","EPHA2","TLR5"
"JAK3","NRAS","TLR5"
"JAK3","AR","TLR5"
"JAK3","DUSP3","TLR5"
"JAK3","UNC5A","TLR5"
"JAK3","CCR2","TLR5"
"JAK3","PSTPIP1","TLR5"
"JAK3","RHEB","TLR5"
"JAK3","DUSP6","TLR5"
"JAK3","INPP5D","TLR5"
"JAK3","IRS2","TLR5"
"JAK3","SH2B2","TLR5"
"JAK3","PPP2R5A","TLR5"
"JAK3","PLCG1","TLR5"
"JAK3","RUNX2","TLR5"
"JAK3","BANP","TLR5"
"JAK3","ACTN1","TLR5"
"JAK3","CHUK","ETV3"
"JAK3","CILK1","ETV3"
"JAK3","PTEN","ETV3"
"JAK3","MTOR","ETV3"
"JAK3","CSNK2A1","ETV3"
"JAK3","PPP1CA","ETV3"
"JAK3","PDPK1","ETV3"
"JAK3","IGF1R","ETV3"
"JAK3","STK3","ETV3"
"JAK3","PRKCZ","ETV3"
"JAK3","TGFBR2","ETV3"
"JAK3","AKT","ETV3"
"JAK3","RACK1","ETV3"
"JAK3","HRAS","ETV3"
"JAK3","PIK3CA","ETV3"
"JAK3","LEPR","ETV3"
"JAK3","RPS6KA3","ETV3"
"JAK3","mTORC1","ETV3"
"JAK3","ROCK1","ETV3"
"JAK3","RASSF1","ETV3"
"JAK3","BTK","ETV3"
"JAK3","PTPN11","ETV3"
"JAK3","SGK3","ETV3"
"JAK3","DUSP1","ETV3"
"JAK3","GIT1","ETV3"
"JAK3","MAP2K4","ETV3"
"JAK3","EPHA2","ETV3"
"JAK3","NRAS","ETV3"
"JAK3","AR","ETV3"
"JAK3","PRKCI","ETV3"
"JAK3","PARD6A","ETV3"
"JAK3","PTPRA","ETV3"
"JAK3","PSTPIP1","ETV3"
"JAK3","RHEB","ETV3"
"JAK3","DAXX","ETV3"
"JAK3","INPP5D","ETV3"
"JAK3","PIK3R1","ETV3"
"JAK3","CCNE1","ETV3"
"JAK3","SH2B2","ETV3"
"JAK3","CLK2","ETV3"
"JAK3","MDM2","ETV3"
"JAK3","RUNX2","ETV3"
"JAK3","SH2B3","ETV3"
"JAK3","RND1","ETV3"
"JAK3","TIAM1","ETV3"
"JAK3","WAC","ETV3"
"JAK3","RGCC","ETV3"
"JAK3","CILK1","EPS8"
"JAK3","PTEN","EPS8"
"JAK3","MAPK8","EPS8"
"JAK3","KRAS","EPS8"
"JAK3","RAC1","EPS8"
"JAK3","PTPRJ","EPS8"
"JAK3","PPP1CA","EPS8"
"JAK3","MAP3K14","EPS8"
"JAK3","RPS6KA1","EPS8"
"JAK3","SGK1","EPS8"
"JAK3","IGF1R","EPS8"
"JAK3","PRKCZ","EPS8"
"JAK3","TGFBR2","EPS8"
"JAK3","HRAS","EPS8"
"JAK3","MAPK13","EPS8"
"JAK3","PIK3CA","EPS8"
"JAK3","LEPR","EPS8"
"JAK3","AHSA1","EPS8"
"JAK3","RASSF1","EPS8"
"JAK3","BTK","EPS8"
"JAK3","SH2B1","EPS8"
"JAK3","SHOC2","EPS8"
"JAK3","ZAP70","EPS8"
"JAK3","TRAF2","EPS8"
"JAK3","RAB7A","EPS8"
"JAK3","PRKCI","EPS8"
"JAK3","PARD6A","EPS8"
"JAK3","PSTPIP1","EPS8"
"JAK3","DAXX","EPS8"
"JAK3","DUSP6","EPS8"
"JAK3","INPP5D","EPS8"
"JAK3","PIK3CG","EPS8"
"JAK3","SH2B2","EPS8"
"JAK3","MDM2","EPS8"
"JAK3","PLCG1","EPS8"
"JAK3","RND1","EPS8"
"JAK3","CHUK","SAMHD1"
"JAK3","MAPK8","SAMHD1"
"JAK3","MTOR","SAMHD1"
"JAK3","PLK1","SAMHD1"
"JAK3","KRAS","SAMHD1"
"JAK3","RAC1","SAMHD1"
"JAK3","MAP2K7","SAMHD1"
"JAK3","PTPRJ","SAMHD1"
"JAK3","TGFBR1","SAMHD1"
"JAK3","PPP1CA","SAMHD1"
"JAK3","PDPK1","SAMHD1"
"JAK3","MAP3K14","SAMHD1"
"JAK3","SGK1","SAMHD1"
"JAK3","IGF1R","SAMHD1"
"JAK3","STK3","SAMHD1"
"JAK3","RAB1A","SAMHD1"
"JAK3","HRAS","SAMHD1"
"JAK3","MAPK13","SAMHD1"
"JAK3","mTORC1","SAMHD1"
"JAK3","AHSA1","SAMHD1"
"JAK3","SGK3","SAMHD1"
"JAK3","SH2B1","SAMHD1"
"JAK3","SHOC2","SAMHD1"
"JAK3","PTPN12","SAMHD1"
"JAK3","ZAP70","SAMHD1"
"JAK3","GIT1","SAMHD1"
"JAK3","TRAF2","SAMHD1"
"JAK3","RAB7A","SAMHD1"
"JAK3","EPHA2","SAMHD1"
"JAK3","NRAS","SAMHD1"
"JAK3","AR","SAMHD1"
"JAK3","DUSP3","SAMHD1"
"JAK3","PRKCI","SAMHD1"
"JAK3","PSTPIP1","SAMHD1"
"JAK3","RHEB","SAMHD1"
"JAK3","DAXX","SAMHD1"
"JAK3","DUSP6","SAMHD1"
"JAK3","INPP5D","SAMHD1"
"JAK3","CDC42","SAMHD1"
"JAK3","SH2B2","SAMHD1"
"JAK3","SPRY2","SAMHD1"
"JAK3","WAC","SAMHD1"
"JAK3","BANP","SAMHD1"
"JAK3","CTNNB1","DGKD"
"JAK3","CILK1","DGKD"
"JAK3","PTEN","DGKD"
"JAK3","MAPK8","DGKD"
"JAK3","RAC1","DGKD"
"JAK3","MAP2K7","DGKD"
"JAK3","PTPRJ","DGKD"
"JAK3","MAP3K14","DGKD"
"JAK3","RPS6KA1","DGKD"
"JAK3","SGK1","DGKD"
"JAK3","IGF1R","DGKD"
"JAK3","TGFBR2","DGKD"
"JAK3","HRAS","DGKD"
"JAK3","LEPR","DGKD"
"JAK3","BTK","DGKD"
"JAK3","SGK3","DGKD"
"JAK3","SH2B1","DGKD"
"JAK3","HSP90AB1","DGKD"
"JAK3","PTPN12","DGKD"
"JAK3","PAK1","DGKD"
"JAK3","TYK2","DGKD"
"JAK3","ZAP70","DGKD"
"JAK3","DUSP1","DGKD"
"JAK3","GIT1","DGKD"
"JAK3","EPHA2","DGKD"
"JAK3","NRAS","DGKD"
"JAK3","MAPK11","DGKD"
"JAK3","UNC5A","DGKD"
"JAK3","PRKCI","DGKD"
"JAK3","RHEB","DGKD"
"JAK3","DUSP6","DGKD"
"JAK3","INPP5D","DGKD"
"JAK3","CDC42","DGKD"
"JAK3","CLK2","DGKD"
"JAK3","SPRY2","DGKD"
"JAK3","RUNX2","DGKD"
"JAK3","PIK3C3","DGKD"
"JAK3","RND1","DGKD"
"JAK3","TIAM1","DGKD"
"JAK3","WAC","DGKD"
"JAK3","BANP","DGKD"
"JAK3","DCTN6","DGKD"
"JAK3","RGCC","DGKD"
"JAK3","CTNNB1","TRPM8"
"JAK3","CILK1","TRPM8"
"JAK3","MAPK8","TRPM8"
"JAK3","AKT1","TRPM8"
"JAK3","KRAS","TRPM8"
"JAK3","PDPK1","TRPM8"
"JAK3","MAP3K14","TRPM8"
"JAK3","RPS6KA1","TRPM8"
"JAK3","PRKCB","TRPM8"
"JAK3","STK3","TRPM8"
"JAK3","PRKCZ","TRPM8"
"JAK3","PAK2","TRPM8"
"JAK3","AKT","TRPM8"
"JAK3","HRAS","TRPM8"
"JAK3","MAPK13","TRPM8"
"JAK3","RPS6KA3","TRPM8"
"JAK3","mTORC1","TRPM8"
"JAK3","AHSA1","TRPM8"
"JAK3","ROCK1","TRPM8"
"JAK3","SGK3","TRPM8"
"JAK3","HSP90AB1","TRPM8"
"JAK3","PAK1","TRPM8"
"JAK3","TYK2","TRPM8"
"JAK3","EPHA2","TRPM8"
"JAK3","NRAS","TRPM8"
"JAK3","AR","TRPM8"
"JAK3","MAPK11","TRPM8"
"JAK3","UNC5A","TRPM8"
"JAK3","PRKCI","TRPM8"
"JAK3","DAXX","TRPM8"
"JAK3","INPP5D","TRPM8"
"JAK3","CCNE1","TRPM8"
"JAK3","IRS2","TRPM8"
"JAK3","PIK3CG","TRPM8"
"JAK3","SPRY2","TRPM8"
"JAK3","SH2B3","TRPM8"
"JAK3","BANP","TRPM8"
"JAK3","CILK1","CD3D"
"JAK3","AKT1","CD3D"
"JAK3","RAC1","CD3D"
"JAK3","PDPK1","CD3D"
"JAK3","RPS6KA1","CD3D"
"JAK3","STK3","CD3D"
"JAK3","MAPK13","CD3D"
"JAK3","PIK3CA","CD3D"
"JAK3","LEPR","CD3D"
"JAK3","ROCK1","CD3D"
"JAK3","BTK","CD3D"
"JAK3","PTPN12","CD3D"
"JAK3","PAK1","CD3D"
"JAK3","RAB7A","CD3D"
"JAK3","EPHA2","CD3D"
"JAK3","MAPK11","CD3D"
"JAK3","PTPRA","CD3D"
"JAK3","PSTPIP1","CD3D"
"JAK3","DAXX","CD3D"
"JAK3","INPP5D","CD3D"
"JAK3","IRS2","CD3D"
"JAK3","CDC42","CD3D"
"JAK3","PIK3CG","CD3D"
"JAK3","PPP2R5A","CD3D"
"JAK3","CLK2","CD3D"
"JAK3","MDM2","CD3D"
"JAK3","YWHAE","CD3D"
"JAK3","PLCG1","CD3D"
"JAK3","SPRY2","CD3D"
"JAK3","TIAM1","CD3D"
"JAK3","BANP","CD3D"
"JAK3","DCTN6","CD3D"
"JAK3","CTNNB1","FAF1"
"JAK3","CILK1","FAF1"
"JAK3","PTEN","FAF1"
"JAK3","MAPK8","FAF1"
"JAK3","MTOR","FAF1"
"JAK3","CSNK2A1","FAF1"
"JAK3","PLK1","FAF1"
"JAK3","KRAS","FAF1"
"JAK3","RAC1","FAF1"
"JAK3","PTPRJ","FAF1"
"JAK3","TGFBR1","FAF1"
"JAK3","PPP1CA","FAF1"
"JAK3","MAP3K14","FAF1"
"JAK3","RPS6KA1","FAF1"
"JAK3","SGK1","FAF1"
"JAK3","STK3","FAF1"
"JAK3","PRKCZ","FAF1"
"JAK3","PAK2","FAF1"
"JAK3","RACK1","FAF1"
"JAK3","HRAS","FAF1"
"JAK3","MAPK13","FAF1"
"JAK3","PIK3CA","FAF1"
"JAK3","AHSA1","FAF1"
"JAK3","ROCK1","FAF1"
"JAK3","RASSF1","FAF1"
"JAK3","BTK","FAF1"
"JAK3","GIT1","FAF1"
"JAK3","MAP2K4","FAF1"
"JAK3","RAB7A","FAF1"
"JAK3","NRAS","FAF1"
"JAK3","DUSP3","FAF1"
"JAK3","MAPK11","FAF1"
"JAK3","PTPRA","FAF1"
"JAK3","DUSP6","FAF1"
"JAK3","CCNE1","FAF1"
"JAK3","PIK3CG","FAF1"
"JAK3","SH2B2","FAF1"
"JAK3","PPP2R5A","FAF1"
"JAK3","MDM2","FAF1"
"JAK3","YWHAE","FAF1"
"JAK3","PLCG1","FAF1"
"JAK3","TIAM1","FAF1"
"JAK3","WAC","FAF1"
"JAK3","BANP","FAF1"
"JAK3","CHUK","SNAI2"
"JAK3","CTNNB1","SNAI2"
"JAK3","PTEN","SNAI2"
"JAK3","MTOR","SNAI2"
"JAK3","AKT1","SNAI2"
"JAK3","CSNK2A1","SNAI2"
"JAK3","KRAS","SNAI2"
"JAK3","RAC1","SNAI2"
"JAK3","PTPRJ","SNAI2"
"JAK3","TGFBR1","SNAI2"
"JAK3","PPP1CA","SNAI2"
"JAK3","PRKCB","SNAI2"
"JAK3","STK3","SNAI2"
"JAK3","TGFBR2","SNAI2"
"JAK3","PAK2","SNAI2"
"JAK3","AKT","SNAI2"
"JAK3","RACK1","SNAI2"
"JAK3","PIK3CA","SNAI2"
"JAK3","LEPR","SNAI2"
"JAK3","RPS6KA3","SNAI2"
"JAK3","AHSA1","SNAI2"
"JAK3","ROCK1","SNAI2"
"JAK3","RASSF1","SNAI2"
"JAK3","PTPN12","SNAI2"
"JAK3","PPP2R5C","SNAI2"
"JAK3","ZAP70","SNAI2"
"JAK3","DUSP1","SNAI2"
"JAK3","MAP2K4","SNAI2"
"JAK3","EPHA2","SNAI2"
"JAK3","AR","SNAI2"
"JAK3","DUSP3","SNAI2"
"JAK3","PARD6A","SNAI2"
"JAK3","PTPRA","SNAI2"
"JAK3","PSTPIP1","SNAI2"
"JAK3","DAXX","SNAI2"
"JAK3","INPP5D","SNAI2"
"JAK3","IRS2","SNAI2"
"JAK3","SH2B2","SNAI2"
"JAK3","PPP2R5A","SNAI2"
"JAK3","CLK2","SNAI2"
"JAK3","SPRY2","SNAI2"
"JAK3","PIK3C3","SNAI2"
"JAK3","RND1","SNAI2"
"JAK3","WAC","SNAI2"
"JAK3","DCTN6","SNAI2"
"JAK3","CTNNB1","NUP98"
"JAK3","MTOR","NUP98"
"JAK3","AKT1","NUP98"
"JAK3","PLK1","NUP98"
"JAK3","KRAS","NUP98"
"JAK3","RAC1","NUP98"
"JAK3","MAP2K7","NUP98"
"JAK3","TGFBR1","NUP98"
"JAK3","PPP1CA","NUP98"
"JAK3","PDPK1","NUP98"
"JAK3","MAP3K14","NUP98"
"JAK3","RPS6KA1","NUP98"
"JAK3","SGK1","NUP98"
"JAK3","RAB1A","NUP98"
"JAK3","PRKCZ","NUP98"
"JAK3","PAK2","NUP98"
"JAK3","HRAS","NUP98"
"JAK3","MAPK13","NUP98"
"JAK3","PIK3CA","NUP98"
"JAK3","mTORC1","NUP98"
"JAK3","AHSA1","NUP98"
"JAK3","RASSF1","NUP98"
"JAK3","SGK3","NUP98"
"JAK3","SH2B1","NUP98"
"JAK3","SHOC2","NUP98"
"JAK3","PPP2R5C","NUP98"
"JAK3","PAK1","NUP98"
"JAK3","TYK2","NUP98"
"JAK3","ZAP70","NUP98"
"JAK3","DUSP1","NUP98"
"JAK3","MAP2K4","NUP98"
"JAK3","RAB7A","NUP98"
"JAK3","NRAS","NUP98"
"JAK3","AR","NUP98"
"JAK3","UNC5A","NUP98"
"JAK3","PRKCI","NUP98"
"JAK3","PARD6A","NUP98"
"JAK3","PTPRA","NUP98"
"JAK3","CCR2","NUP98"
"JAK3","PSTPIP1","NUP98"
"JAK3","RHEB","NUP98"
"JAK3","DAXX","NUP98"
"JAK3","DUSP6","NUP98"
"JAK3","CCNE1","NUP98"
"JAK3","SH2B2","NUP98"
"JAK3","PPP2R5A","NUP98"
"JAK3","CLK2","NUP98"
"JAK3","YWHAE","NUP98"
"JAK3","PIK3C3","NUP98"
"JAK3","RND1","NUP98"
"JAK3","TIAM1","NUP98"
"JAK3","WAC","NUP98"
"JAK3","BANP","NUP98"
"JAK3","ACTN1","NUP98"
"JAK3","CHUK","ZNF622"
"JAK3","CILK1","ZNF622"
"JAK3","PTEN","ZNF622"
"JAK3","MAPK8","ZNF622"
"JAK3","MTOR","ZNF622"
"JAK3","AKT1","ZNF622"
"JAK3","CSNK2A1","ZNF622"
"JAK3","MAP2K7","ZNF622"
"JAK3","PTPRJ","ZNF622"
"JAK3","RPS6KA1","ZNF622"
"JAK3","SGK1","ZNF622"
"JAK3","IGF1R","ZNF622"
"JAK3","RAB1A","ZNF622"
"JAK3","PRKCZ","ZNF622"
"JAK3","TGFBR2","ZNF622"
"JAK3","PAK2","ZNF622"
"JAK3","AKT","ZNF622"
"JAK3","RACK1","ZNF622"
"JAK3","HRAS","ZNF622"
"JAK3","MAPK13","ZNF622"
"JAK3","PIK3CA","ZNF622"
"JAK3","RPS6KA3","ZNF622"
"JAK3","mTORC1","ZNF622"
"JAK3","AHSA1","ZNF622"
"JAK3","RASSF1","ZNF622"
"JAK3","SH2B1","ZNF622"
"JAK3","HSP90AB1","ZNF622"
"JAK3","PTPN12","ZNF622"
"JAK3","PPP2R5C","ZNF622"
"JAK3","ZAP70","ZNF622"
"JAK3","DUSP1","ZNF622"
"JAK3","TRAF2","ZNF622"
"JAK3","MAP2K4","ZNF622"
"JAK3","RAB7A","ZNF622"
"JAK3","EPHA2","ZNF622"
"JAK3","NRAS","ZNF622"
"JAK3","AR","ZNF622"
"JAK3","MAPK11","ZNF622"
"JAK3","UNC5A","ZNF622"
"JAK3","PTPRA","ZNF622"
"JAK3","CCR2","ZNF622"
"JAK3","RHEB","ZNF622"
"JAK3","DUSP6","ZNF622"
"JAK3","CDC42","ZNF622"
"JAK3","PIK3CG","ZNF622"
"JAK3","SH2B2","ZNF622"
"JAK3","PPP2R5A","ZNF622"
"JAK3","CLK2","ZNF622"
"JAK3","YWHAE","ZNF622"
"JAK3","SPRY2","ZNF622"
"JAK3","SH2B3","ZNF622"
"JAK3","PIK3C3","ZNF622"
"JAK3","RND1","ZNF622"
"JAK3","TIAM1","ZNF622"
"JAK3","WAC","ZNF622"
"JAK3","BANP","ZNF622"
"JAK3","RGCC","ZNF622"
"JAK3","CHUK","WBP2"
"JAK3","CTNNB1","WBP2"
"JAK3","AKT1","WBP2"
"JAK3","CSNK2A1","WBP2"
"JAK3","PLK1","WBP2"
"JAK3","MAP2K7","WBP2"
"JAK3","PTPRJ","WBP2"
"JAK3","PPP1CA","WBP2"
"JAK3","PDPK1","WBP2"
"JAK3","MAP3K14","WBP2"
"JAK3","RPS6KA1","WBP2"
"JAK3","SGK1","WBP2"
"JAK3","IGF1R","WBP2"
"JAK3","STK3","WBP2"
"JAK3","RAB1A","WBP2"
"JAK3","PRKCZ","WBP2"
"JAK3","PAK2","WBP2"
"JAK3","HRAS","WBP2"
"JAK3","MAPK13","WBP2"
"JAK3","LEPR","WBP2"
"JAK3","RPS6KA3","WBP2"
"JAK3","ROCK1","WBP2"
"JAK3","RASSF1","WBP2"
"JAK3","BTK","WBP2"
"JAK3","SGK3","WBP2"
"JAK3","SH2B1","WBP2"
"JAK3","HSP90AB1","WBP2"
"JAK3","SHOC2","WBP2"
"JAK3","PTPN12","WBP2"
"JAK3","PPP2R5C","WBP2"
"JAK3","ZAP70","WBP2"
"JAK3","TRAF2","WBP2"
"JAK3","MAP2K4","WBP2"
"JAK3","RAB7A","WBP2"
"JAK3","EPHA2","WBP2"
"JAK3","AR","WBP2"
"JAK3","PRKCI","WBP2"
"JAK3","PARD6A","WBP2"
"JAK3","PTPRA","WBP2"
"JAK3","CCR2","WBP2"
"JAK3","PSTPIP1","WBP2"
"JAK3","RHEB","WBP2"
"JAK3","DUSP6","WBP2"
"JAK3","PIK3R1","WBP2"
"JAK3","IRS2","WBP2"
"JAK3","CDC42","WBP2"
"JAK3","PIK3CG","WBP2"
"JAK3","SH2B2","WBP2"
"JAK3","PPP2R5A","WBP2"
"JAK3","CLK2","WBP2"
"JAK3","PLCG1","WBP2"
"JAK3","SPRY2","WBP2"
"JAK3","RUNX2","WBP2"
"JAK3","PIK3C3","WBP2"
"JAK3","WAC","WBP2"
"JAK3","BANP","WBP2"
"JAK3","DCTN6","WBP2"
"JAK3","CHUK","ARHGAP22"
"JAK3","CTNNB1","ARHGAP22"
"JAK3","PTEN","ARHGAP22"
"JAK3","MTOR","ARHGAP22"
"JAK3","AKT1","ARHGAP22"
"JAK3","CSNK2A1","ARHGAP22"
"JAK3","PLK1","ARHGAP22"
"JAK3","RAC1","ARHGAP22"
"JAK3","MAP2K7","ARHGAP22"
"JAK3","PTPRJ","ARHGAP22"
"JAK3","TGFBR1","ARHGAP22"
"JAK3","PPP1CA","ARHGAP22"
"JAK3","RPS6KA1","ARHGAP22"
"JAK3","SGK1","ARHGAP22"
"JAK3","PRKCB","ARHGAP22"
"JAK3","STK3","ARHGAP22"
"JAK3","TGFBR2","ARHGAP22"
"JAK3","PAK2","ARHGAP22"
"JAK3","RACK1","ARHGAP22"
"JAK3","MAPK13","ARHGAP22"
"JAK3","PIK3CA","ARHGAP22"
"JAK3","LEPR","ARHGAP22"
"JAK3","RPS6KA3","ARHGAP22"
"JAK3","mTORC1","ARHGAP22"
"JAK3","ROCK1","ARHGAP22"
"JAK3","RASSF1","ARHGAP22"
"JAK3","PTPN11","ARHGAP22"
"JAK3","SH2B1","ARHGAP22"
"JAK3","SHOC2","ARHGAP22"
"JAK3","PPP2R5C","ARHGAP22"
"JAK3","GIT1","ARHGAP22"
"JAK3","TRAF2","ARHGAP22"
"JAK3","MAP2K4","ARHGAP22"
"JAK3","RAB7A","ARHGAP22"
"JAK3","EPHA2","ARHGAP22"
"JAK3","AR","ARHGAP22"
"JAK3","MAPK11","ARHGAP22"
"JAK3","DAXX","ARHGAP22"
"JAK3","DUSP6","ARHGAP22"
"JAK3","INPP5D","ARHGAP22"
"JAK3","PIK3CG","ARHGAP22"
"JAK3","SH2B2","ARHGAP22"
"JAK3","MDM2","ARHGAP22"
"JAK3","YWHAE","ARHGAP22"
"JAK3","PLCG1","ARHGAP22"
"JAK3","RUNX2","ARHGAP22"
"JAK3","SH2B3","ARHGAP22"
"JAK3","PIK3C3","ARHGAP22"
"JAK3","TIAM1","ARHGAP22"
"JAK3","WAC","ARHGAP22"
"JAK3","BANP","ARHGAP22"
"JAK3","CHUK","NOS2"
"JAK3","CILK1","NOS2"
"JAK3","PTEN","NOS2"
"JAK3","CSNK2A1","NOS2"
"JAK3","PLK1","NOS2"
"JAK3","RAC1","NOS2"
"JAK3","MAP2K7","NOS2"
"JAK3","PTPRJ","NOS2"
"JAK3","MAP3K14","NOS2"
"JAK3","IGF1R","NOS2"
"JAK3","PRKCB","NOS2"
"JAK3","STK3","NOS2"
"JAK3","RAB1A","NOS2"
"JAK3","AKT","NOS2"
"JAK3","RACK1","NOS2"
"JAK3","MAPK13","NOS2"
"JAK3","LEPR","NOS2"
"JAK3","mTORC1","NOS2"
"JAK3","AHSA1","NOS2"
"JAK3","ROCK1","NOS2"
"JAK3","RASSF1","NOS2"
"JAK3","HSP90AB1","NOS2"
"JAK3","SHOC2","NOS2"
"JAK3","ZAP70","NOS2"
"JAK3","DUSP1","NOS2"
"JAK3","RAB7A","NOS2"
"JAK3","NRAS","NOS2"
"JAK3","AR","NOS2"
"JAK3","DUSP3","NOS2"
"JAK3","UNC5A","NOS2"
"JAK3","PARD6A","NOS2"
"JAK3","PTPRA","NOS2"
"JAK3","PSTPIP1","NOS2"
"JAK3","INPP5D","NOS2"
"JAK3","PPP2R5A","NOS2"
"JAK3","CLK2","NOS2"
"JAK3","YWHAE","NOS2"
"JAK3","PLCG1","NOS2"
"JAK3","SH2B3","NOS2"
"JAK3","PIK3C3","NOS2"
"JAK3","TIAM1","NOS2"
"JAK3","DCTN6","NOS2"
"JAK3","CHUK","USP16"
"JAK3","CTNNB1","USP16"
"JAK3","CILK1","USP16"
"JAK3","MTOR","USP16"
"JAK3","AKT1","USP16"
"JAK3","CSNK2A1","USP16"
"JAK3","PLK1","USP16"
"JAK3","KRAS","USP16"
"JAK3","PTPRJ","USP16"
"JAK3","TGFBR1","USP16"
"JAK3","IGF1R","USP16"
"JAK3","STK3","USP16"
"JAK3","PRKCZ","USP16"
"JAK3","TGFBR2","USP16"
"JAK3","PAK2","USP16"
"JAK3","AKT","USP16"
"JAK3","RACK1","USP16"
"JAK3","HRAS","USP16"
"JAK3","MAPK13","USP16"
"JAK3","PIK3CA","USP16"
"JAK3","LEPR","USP16"
"JAK3","RPS6KA3","USP16"
"JAK3","mTORC1","USP16"
"JAK3","AHSA1","USP16"
"JAK3","ROCK1","USP16"
"JAK3","BTK","USP16"
"JAK3","SHOC2","USP16"
"JAK3","PTPN12","USP16"
"JAK3","PAK1","USP16"
"JAK3","ZAP70","USP16"
"JAK3","DUSP1","USP16"
"JAK3","GIT1","USP16"
"JAK3","EPHA2","USP16"
"JAK3","PRKCI","USP16"
"JAK3","PARD6A","USP16"
"JAK3","PTPRA","USP16"
"JAK3","RHEB","USP16"
"JAK3","INPP5D","USP16"
"JAK3","CCNE1","USP16"
"JAK3","CDC42","USP16"
"JAK3","SH2B2","USP16"
"JAK3","PPP2R5A","USP16"
"JAK3","CLK2","USP16"
"JAK3","MDM2","USP16"
"JAK3","SPRY2","USP16"
"JAK3","RUNX2","USP16"
"JAK3","SH2B3","USP16"
"JAK3","RND1","USP16"
"JAK3","DCTN6","USP16"
"JAK3","ACTN1","USP16"
"JAK3","RGCC","USP16"
"JAK3","CHUK","ZNF322"
"JAK3","CTNNB1","ZNF322"
"JAK3","CILK1","ZNF322"
"JAK3","PTEN","ZNF322"
"JAK3","MAPK8","ZNF322"
"JAK3","MTOR","ZNF322"
"JAK3","AKT1","ZNF322"
"JAK3","CSNK2A1","ZNF322"
"JAK3","PLK1","ZNF322"
"JAK3","RAC1","ZNF322"
"JAK3","TGFBR1","ZNF322"
"JAK3","PDPK1","ZNF322"
"JAK3","MAP3K14","ZNF322"
"JAK3","RPS6KA1","ZNF322"
"JAK3","SGK1","ZNF322"
"JAK3","IGF1R","ZNF322"
"JAK3","RAB1A","ZNF322"
"JAK3","PRKCZ","ZNF322"
"JAK3","PAK2","ZNF322"
"JAK3","RACK1","ZNF322"
"JAK3","HRAS","ZNF322"
"JAK3","MAPK13","ZNF322"
"JAK3","LEPR","ZNF322"
"JAK3","AHSA1","ZNF322"
"JAK3","RASSF1","ZNF322"
"JAK3","BTK","ZNF322"
"JAK3","PTPN11","ZNF322"
"JAK3","HSP90AB1","ZNF322"
"JAK3","SHOC2","ZNF322"
"JAK3","PTPN12","ZNF322"
"JAK3","PAK1","ZNF322"
"JAK3","TRAF2","ZNF322"
"JAK3","EPHA2","ZNF322"
"JAK3","NRAS","ZNF322"
"JAK3","DUSP3","ZNF322"
"JAK3","MAPK11","ZNF322"
"JAK3","CCR2","ZNF322"
"JAK3","PSTPIP1","ZNF322"
"JAK3","RHEB","ZNF322"
"JAK3","DUSP6","ZNF322"
"JAK3","INPP5D","ZNF322"
"JAK3","PIK3R1","ZNF322"
"JAK3","CCNE1","ZNF322"
"JAK3","IRS2","ZNF322"
"JAK3","CDC42","ZNF322"
"JAK3","RUNX2","ZNF322"
"JAK3","SH2B3","ZNF322"
"JAK3","BANP","ZNF322"
"JAK3","DCTN6","ZNF322"
"JAK3","ACTN1","ZNF322"
"JAK3","RGCC","ZNF322"
"JAK3","CHUK","RAD52"
"JAK3","CTNNB1","RAD52"
"JAK3","MAPK8","RAD52"
"JAK3","MTOR","RAD52"
"JAK3","AKT1","RAD52"
"JAK3","PLK1","RAD52"
"JAK3","MAP2K7","RAD52"
"JAK3","PTPRJ","RAD52"
"JAK3","TGFBR1","RAD52"
"JAK3","MAP3K14","RAD52"
"JAK3","RPS6KA1","RAD52"
"JAK3","SGK1","RAD52"
"JAK3","IGF1R","RAD52"
"JAK3","STK3","RAD52"
"JAK3","RAB1A","RAD52"
"JAK3","TGFBR2","RAD52"
"JAK3","AKT","RAD52"
"JAK3","RACK1","RAD52"
"JAK3","HRAS","RAD52"
"JAK3","PIK3CA","RAD52"
"JAK3","mTORC1","RAD52"
"JAK3","AHSA1","RAD52"
"JAK3","RASSF1","RAD52"
"JAK3","BTK","RAD52"
"JAK3","HSP90AB1","RAD52"
"JAK3","SHOC2","RAD52"
"JAK3","PPP2R5C","RAD52"
"JAK3","PAK1","RAD52"
"JAK3","TYK2","RAD52"
"JAK3","ZAP70","RAD52"
"JAK3","GIT1","RAD52"
"JAK3","MAP2K4","RAD52"
"JAK3","RAB7A","RAD52"
"JAK3","NRAS","RAD52"
"JAK3","AR","RAD52"
"JAK3","DUSP3","RAD52"
"JAK3","MAPK11","RAD52"
"JAK3","UNC5A","RAD52"
"JAK3","PARD6A","RAD52"
"JAK3","DAXX","RAD52"
"JAK3","DUSP6","RAD52"
"JAK3","INPP5D","RAD52"
"JAK3","PIK3R1","RAD52"
"JAK3","CCNE1","RAD52"
"JAK3","CDC42","RAD52"
"JAK3","SH2B2","RAD52"
"JAK3","CLK2","RAD52"
"JAK3","MDM2","RAD52"
"JAK3","YWHAE","RAD52"
"JAK3","PLCG1","RAD52"
"JAK3","SPRY2","RAD52"
"JAK3","RUNX2","RAD52"
"JAK3","RND1","RAD52"
"JAK3","TIAM1","RAD52"
"JAK3","WAC","RAD52"
"JAK3","DCTN6","RAD52"
"JAK3","CHUK","STIM1"
"JAK3","CTNNB1","STIM1"
"JAK3","CILK1","STIM1"
"JAK3","AKT1","STIM1"
"JAK3","CSNK2A1","STIM1"
"JAK3","PLK1","STIM1"
"JAK3","RAC1","STIM1"
"JAK3","MAP2K7","STIM1"
"JAK3","PTPRJ","STIM1"
"JAK3","TGFBR1","STIM1"
"JAK3","PDPK1","STIM1"
"JAK3","MAP3K14","STIM1"
"JAK3","RPS6KA1","STIM1"
"JAK3","SGK1","STIM1"
"JAK3","IGF1R","STIM1"
"JAK3","RAB1A","STIM1"
"JAK3","PRKCZ","STIM1"
"JAK3","PAK2","STIM1"
"JAK3","AKT","STIM1"
"JAK3","HRAS","STIM1"
"JAK3","MAPK13","STIM1"
"JAK3","PIK3CA","STIM1"
"JAK3","RPS6KA3","STIM1"
"JAK3","mTORC1","STIM1"
"JAK3","AHSA1","STIM1"
"JAK3","ROCK1","STIM1"
"JAK3","RASSF1","STIM1"
"JAK3","BTK","STIM1"
"JAK3","SH2B1","STIM1"
"JAK3","HSP90AB1","STIM1"
"JAK3","PTPN12","STIM1"
"JAK3","PAK1","STIM1"
"JAK3","ZAP70","STIM1"
"JAK3","GIT1","STIM1"
"JAK3","MAP2K4","STIM1"
"JAK3","EPHA2","STIM1"
"JAK3","NRAS","STIM1"
"JAK3","AR","STIM1"
"JAK3","DUSP3","STIM1"
"JAK3","MAPK11","STIM1"
"JAK3","UNC5A","STIM1"
"JAK3","PARD6A","STIM1"
"JAK3","CCR2","STIM1"
"JAK3","RHEB","STIM1"
"JAK3","DAXX","STIM1"
"JAK3","INPP5D","STIM1"
"JAK3","PIK3R1","STIM1"
"JAK3","CCNE1","STIM1"
"JAK3","IRS2","STIM1"
"JAK3","CDC42","STIM1"
"JAK3","PIK3CG","STIM1"
"JAK3","SH2B2","STIM1"
"JAK3","PPP2R5A","STIM1"
"JAK3","CLK2","STIM1"
"JAK3","MDM2","STIM1"
"JAK3","PLCG1","STIM1"
"JAK3","SPRY2","STIM1"
"JAK3","RUNX2","STIM1"
"JAK3","SH2B3","STIM1"
"JAK3","PIK3C3","STIM1"
"JAK3","RND1","STIM1"
"JAK3","TIAM1","STIM1"
"JAK3","WAC","STIM1"
"JAK3","BANP","STIM1"
"JAK3","DCTN6","STIM1"
"JAK3","ACTN1","STIM1"
"JAK3","CTNNB1","PIP5K1B"
"JAK3","PTEN","PIP5K1B"
"JAK3","MTOR","PIP5K1B"
"JAK3","CSNK2A1","PIP5K1B"
"JAK3","MAP2K7","PIP5K1B"
"JAK3","PTPRJ","PIP5K1B"
"JAK3","TGFBR1","PIP5K1B"
"JAK3","PDPK1","PIP5K1B"
"JAK3","IGF1R","PIP5K1B"
"JAK3","PRKCB","PIP5K1B"
"JAK3","STK3","PIP5K1B"
"JAK3","RAB1A","PIP5K1B"
"JAK3","PRKCZ","PIP5K1B"
"JAK3","PAK2","PIP5K1B"
"JAK3","AKT","PIP5K1B"
"JAK3","HRAS","PIP5K1B"
"JAK3","MAPK13","PIP5K1B"
"JAK3","PIK3CA","PIP5K1B"
"JAK3","LEPR","PIP5K1B"
"JAK3","RPS6KA3","PIP5K1B"
"JAK3","mTORC1","PIP5K1B"
"JAK3","AHSA1","PIP5K1B"
"JAK3","ROCK1","PIP5K1B"
"JAK3","BTK","PIP5K1B"
"JAK3","SGK3","PIP5K1B"
"JAK3","SH2B1","PIP5K1B"
"JAK3","SHOC2","PIP5K1B"
"JAK3","PTPN12","PIP5K1B"
"JAK3","PAK1","PIP5K1B"
"JAK3","ZAP70","PIP5K1B"
"JAK3","DUSP1","PIP5K1B"
"JAK3","GIT1","PIP5K1B"
"JAK3","TRAF2","PIP5K1B"
"JAK3","MAP2K4","PIP5K1B"
"JAK3","RAB7A","PIP5K1B"
"JAK3","DUSP3","PIP5K1B"
"JAK3","UNC5A","PIP5K1B"
"JAK3","PRKCI","PIP5K1B"
"JAK3","PTPRA","PIP5K1B"
"JAK3","PSTPIP1","PIP5K1B"
"JAK3","DAXX","PIP5K1B"
"JAK3","PIK3R1","PIP5K1B"
"JAK3","CCNE1","PIP5K1B"
"JAK3","CDC42","PIP5K1B"
"JAK3","PIK3CG","PIP5K1B"
"JAK3","SH2B2","PIP5K1B"
"JAK3","CLK2","PIP5K1B"
"JAK3","SPRY2","PIP5K1B"
"JAK3","PIK3C3","PIP5K1B"
"JAK3","TIAM1","PIP5K1B"
"JAK3","WAC","PIP5K1B"
"JAK3","DCTN6","PIP5K1B"
"JAK3","RGCC","PIP5K1B"
"JAK3","CHUK","TRPV6"
"JAK3","CTNNB1","TRPV6"
"JAK3","PTEN","TRPV6"
"JAK3","AKT1","TRPV6"
"JAK3","CSNK2A1","TRPV6"
"JAK3","PLK1","TRPV6"
"JAK3","RAC1","TRPV6"
"JAK3","MAP2K7","TRPV6"
"JAK3","PTPRJ","TRPV6"
"JAK3","RPS6KA1","TRPV6"
"JAK3","SGK1","TRPV6"
"JAK3","PRKCB","TRPV6"
"JAK3","STK3","TRPV6"
"JAK3","RAB1A","TRPV6"
"JAK3","PRKCZ","TRPV6"
"JAK3","RPS6KA3","TRPV6"
"JAK3","RASSF1","TRPV6"
"JAK3","SGK3","TRPV6"
"JAK3","SH2B1","TRPV6"
"JAK3","PTPN12","TRPV6"
"JAK3","PAK1","TRPV6"
"JAK3","TYK2","TRPV6"
"JAK3","ZAP70","TRPV6"
"JAK3","DUSP1","TRPV6"
"JAK3","MAP2K4","TRPV6"
"JAK3","MAPK11","TRPV6"
"JAK3","UNC5A","TRPV6"
"JAK3","CCR2","TRPV6"
"JAK3","PSTPIP1","TRPV6"
"JAK3","DUSP6","TRPV6"
"JAK3","INPP5D","TRPV6"
"JAK3","SH2B2","TRPV6"
"JAK3","CLK2","TRPV6"
"JAK3","MDM2","TRPV6"
"JAK3","YWHAE","TRPV6"
"JAK3","PLCG1","TRPV6"
"JAK3","SPRY2","TRPV6"
"JAK3","TIAM1","TRPV6"
"JAK3","WAC","TRPV6"
"JAK3","DCTN6","TRPV6"
"JAK3","RGCC","TRPV6"
"JAK3","CHUK","TIFA"
"JAK3","MAPK8","TIFA"
"JAK3","KRAS","TIFA"
"JAK3","RAC1","TIFA"
"JAK3","TGFBR1","TIFA"
"JAK3","MAP3K14","TIFA"
"JAK3","RPS6KA1","TIFA"
"JAK3","SGK1","TIFA"
"JAK3","STK3","TIFA"
"JAK3","TGFBR2","TIFA"
"JAK3","PAK2","TIFA"
"JAK3","AKT","TIFA"
"JAK3","HRAS","TIFA"
"JAK3","MAPK13","TIFA"
"JAK3","LEPR","TIFA"
"JAK3","AHSA1","TIFA"
"JAK3","ROCK1","TIFA"
"JAK3","PTPN11","TIFA"
"JAK3","SGK3","TIFA"
"JAK3","HSP90AB1","TIFA"
"JAK3","SHOC2","TIFA"
"JAK3","PTPN12","TIFA"
"JAK3","ZAP70","TIFA"
"JAK3","DUSP1","TIFA"
"JAK3","GIT1","TIFA"
"JAK3","RAB7A","TIFA"
"JAK3","AR","TIFA"
"JAK3","MAPK11","TIFA"
"JAK3","PRKCI","TIFA"
"JAK3","PARD6A","TIFA"
"JAK3","CCR2","TIFA"
"JAK3","PSTPIP1","TIFA"
"JAK3","RHEB","TIFA"
"JAK3","DUSP6","TIFA"
"JAK3","INPP5D","TIFA"
"JAK3","PIK3R1","TIFA"
"JAK3","IRS2","TIFA"
"JAK3","CDC42","TIFA"
"JAK3","SH2B2","TIFA"
"JAK3","CLK2","TIFA"
"JAK3","YWHAE","TIFA"
"JAK3","PLCG1","TIFA"
"JAK3","SPRY2","TIFA"
"JAK3","SH2B3","TIFA"
"JAK3","RND1","TIFA"
"JAK3","TIAM1","TIFA"
"JAK3","WAC","TIFA"
"JAK3","ACTN1","TIFA"
"JAK3","CHUK","CCNF"
"JAK3","CILK1","CCNF"
"JAK3","MAPK8","CCNF"
"JAK3","AKT1","CCNF"
"JAK3","PDPK1","CCNF"
"JAK3","RPS6KA1","CCNF"
"JAK3","SGK1","CCNF"
"JAK3","RAB1A","CCNF"
"JAK3","PRKCZ","CCNF"
"JAK3","TGFBR2","CCNF"
"JAK3","PAK2","CCNF"
"JAK3","HRAS","CCNF"
"JAK3","MAPK13","CCNF"
"JAK3","PIK3CA","CCNF"
"JAK3","LEPR","CCNF"
"JAK3","RPS6KA3","CCNF"
"JAK3","mTORC1","CCNF"
"JAK3","RASSF1","CCNF"
"JAK3","SH2B1","CCNF"
"JAK3","PPP2R5C","CCNF"
"JAK3","PAK1","CCNF"
"JAK3","ZAP70","CCNF"
"JAK3","DUSP1","CCNF"
"JAK3","GIT1","CCNF"
"JAK3","MAP2K4","CCNF"
"JAK3","RAB7A","CCNF"
"JAK3","EPHA2","CCNF"
"JAK3","NRAS","CCNF"
"JAK3","DUSP3","CCNF"
"JAK3","MAPK11","CCNF"
"JAK3","PRKCI","CCNF"
"JAK3","PTPRA","CCNF"
"JAK3","CCR2","CCNF"
"JAK3","PSTPIP1","CCNF"
"JAK3","DUSP6","CCNF"
"JAK3","INPP5D","CCNF"
"JAK3","PIK3R1","CCNF"
"JAK3","CDC42","CCNF"
"JAK3","PIK3CG","CCNF"
"JAK3","SH2B2","CCNF"
"JAK3","PPP2R5A","CCNF"
"JAK3","CLK2","CCNF"
"JAK3","MDM2","CCNF"
"JAK3","YWHAE","CCNF"
"JAK3","PLCG1","CCNF"
"JAK3","RUNX2","CCNF"
"JAK3","SH2B3","CCNF"
"JAK3","RND1","CCNF"
"JAK3","TIAM1","CCNF"
"JAK3","BANP","CCNF"
"JAK3","DCTN6","CCNF"
"JAK3","ACTN1","CCNF"
"JAK3","RGCC","CCNF"
"JAK3","CHUK","CELF2"
"JAK3","CTNNB1","CELF2"
"JAK3","CILK1","CELF2"
"JAK3","MAPK8","CELF2"
"JAK3","PLK1","CELF2"
"JAK3","MAP2K7","CELF2"
"JAK3","PTPRJ","CELF2"
"JAK3","PPP1CA","CELF2"
"JAK3","PDPK1","CELF2"
"JAK3","MAP3K14","CELF2"
"JAK3","IGF1R","CELF2"
"JAK3","STK3","CELF2"
"JAK3","PRKCZ","CELF2"
"JAK3","TGFBR2","CELF2"
"JAK3","PAK2","CELF2"
"JAK3","AKT","CELF2"
"JAK3","RACK1","CELF2"
"JAK3","HRAS","CELF2"
"JAK3","PIK3CA","CELF2"
"JAK3","LEPR","CELF2"
"JAK3","AHSA1","CELF2"
"JAK3","BTK","CELF2"
"JAK3","GIT1","CELF2"
"JAK3","TRAF2","CELF2"
"JAK3","MAP2K4","CELF2"
"JAK3","EPHA2","CELF2"
"JAK3","AR","CELF2"
"JAK3","DUSP3","CELF2"
"JAK3","MAPK11","CELF2"
"JAK3","PARD6A","CELF2"
"JAK3","PTPRA","CELF2"
"JAK3","CCR2","CELF2"
"JAK3","RHEB","CELF2"
"JAK3","DAXX","CELF2"
"JAK3","DUSP6","CELF2"
"JAK3","CCNE1","CELF2"
"JAK3","IRS2","CELF2"
"JAK3","CDC42","CELF2"
"JAK3","PPP2R5A","CELF2"
"JAK3","MDM2","CELF2"
"JAK3","YWHAE","CELF2"
"JAK3","SH2B3","CELF2"
"JAK3","PIK3C3","CELF2"
"JAK3","TIAM1","CELF2"
"JAK3","WAC","CELF2"
"JAK3","BANP","CELF2"
"JAK3","DCTN6","CELF2"
"JAK3","CHUK","ODF2"
"JAK3","PTEN","ODF2"
"JAK3","MAPK8","ODF2"
"JAK3","MTOR","ODF2"
"JAK3","AKT1","ODF2"
"JAK3","RAC1","ODF2"
"JAK3","MAP2K7","ODF2"
"JAK3","TGFBR1","ODF2"
"JAK3","PDPK1","ODF2"
"JAK3","RPS6KA1","ODF2"
"JAK3","SGK1","ODF2"
"JAK3","IGF1R","ODF2"
"JAK3","PRKCB","ODF2"
"JAK3","TGFBR2","ODF2"
"JAK3","PAK2","ODF2"
"JAK3","MAPK13","ODF2"
"JAK3","PIK3CA","ODF2"
"JAK3","LEPR","ODF2"
"JAK3","RPS6KA3","ODF2"
"JAK3","RASSF1","ODF2"
"JAK3","SH2B1","ODF2"
"JAK3","HSP90AB1","ODF2"
"JAK3","PTPN12","ODF2"
"JAK3","TYK2","ODF2"
"JAK3","ZAP70","ODF2"
"JAK3","MAP2K4","ODF2"
"JAK3","AR","ODF2"
"JAK3","MAPK11","ODF2"
"JAK3","PTPRA","ODF2"
"JAK3","PSTPIP1","ODF2"
"JAK3","PIK3R1","ODF2"
"JAK3","CCNE1","ODF2"
"JAK3","IRS2","ODF2"
"JAK3","CDC42","ODF2"
"JAK3","CLK2","ODF2"
"JAK3","YWHAE","ODF2"
"JAK3","PIK3C3","ODF2"
"JAK3","TIAM1","ODF2"
"JAK3","CTNNB1","LLGL1"
"JAK3","CILK1","LLGL1"
"JAK3","AKT1","LLGL1"
"JAK3","RAC1","LLGL1"
"JAK3","MAP2K7","LLGL1"
"JAK3","PPP1CA","LLGL1"
"JAK3","MAP3K14","LLGL1"
"JAK3","RPS6KA1","LLGL1"
"JAK3","IGF1R","LLGL1"
"JAK3","PRKCB","LLGL1"
"JAK3","STK3","LLGL1"
"JAK3","HRAS","LLGL1"
"JAK3","MAPK13","LLGL1"
"JAK3","PIK3CA","LLGL1"
"JAK3","LEPR","LLGL1"
"JAK3","mTORC1","LLGL1"
"JAK3","RASSF1","LLGL1"
"JAK3","BTK","LLGL1"
"JAK3","HSP90AB1","LLGL1"
"JAK3","SHOC2","LLGL1"
"JAK3","PTPN12","LLGL1"
"JAK3","PAK1","LLGL1"
"JAK3","TYK2","LLGL1"
"JAK3","ZAP70","LLGL1"
"JAK3","TRAF2","LLGL1"
"JAK3","MAP2K4","LLGL1"
"JAK3","RAB7A","LLGL1"
"JAK3","AR","LLGL1"
"JAK3","MAPK11","LLGL1"
"JAK3","UNC5A","LLGL1"
"JAK3","PSTPIP1","LLGL1"
"JAK3","RHEB","LLGL1"
"JAK3","DUSP6","LLGL1"
"JAK3","INPP5D","LLGL1"
"JAK3","PIK3R1","LLGL1"
"JAK3","PIK3CG","LLGL1"
"JAK3","CLK2","LLGL1"
"JAK3","MDM2","LLGL1"
"JAK3","YWHAE","LLGL1"
"JAK3","PLCG1","LLGL1"
"JAK3","PIK3C3","LLGL1"
"JAK3","RND1","LLGL1"
"JAK3","WAC","LLGL1"
"JAK3","DCTN6","LLGL1"
"JAK3","RGCC","LLGL1"
"JAK3","CHUK","GPX1"
"JAK3","CTNNB1","GPX1"
"JAK3","CILK1","GPX1"
"JAK3","PTEN","GPX1"
"JAK3","AKT1","GPX1"
"JAK3","CSNK2A1","GPX1"
"JAK3","RAC1","GPX1"
"JAK3","MAP2K7","GPX1"
"JAK3","PTPRJ","GPX1"
"JAK3","TGFBR1","GPX1"
"JAK3","PPP1CA","GPX1"
"JAK3","PDPK1","GPX1"
"JAK3","MAP3K14","GPX1"
"JAK3","RPS6KA1","GPX1"
"JAK3","SGK1","GPX1"
"JAK3","IGF1R","GPX1"
"JAK3","PRKCB","GPX1"
"JAK3","STK3","GPX1"
"JAK3","RAB1A","GPX1"
"JAK3","PRKCZ","GPX1"
"JAK3","TGFBR2","GPX1"
"JAK3","PAK2","GPX1"
"JAK3","AKT","GPX1"
"JAK3","RACK1","GPX1"
"JAK3","HRAS","GPX1"
"JAK3","MAPK13","GPX1"
"JAK3","PIK3CA","GPX1"
"JAK3","LEPR","GPX1"
"JAK3","RPS6KA3","GPX1"
"JAK3","mTORC1","GPX1"
"JAK3","AHSA1","GPX1"
"JAK3","ROCK1","GPX1"
"JAK3","RASSF1","GPX1"
"JAK3","BTK","GPX1"
"JAK3","SGK3","GPX1"
"JAK3","SH2B1","GPX1"
"JAK3","HSP90AB1","GPX1"
"JAK3","SHOC2","GPX1"
"JAK3","PTPN12","GPX1"
"JAK3","PPP2R5C","GPX1"
"JAK3","PAK1","GPX1"
"JAK3","TYK2","GPX1"
"JAK3","ZAP70","GPX1"
"JAK3","DUSP1","GPX1"
"JAK3","GIT1","GPX1"
"JAK3","TRAF2","GPX1"
"JAK3","MAP2K4","GPX1"
"JAK3","RAB7A","GPX1"
"JAK3","EPHA2","GPX1"
"JAK3","NRAS","GPX1"
"JAK3","AR","GPX1"
"JAK3","DUSP3","GPX1"
"JAK3","MAPK11","GPX1"
"JAK3","UNC5A","GPX1"
"JAK3","PRKCI","GPX1"
"JAK3","PARD6A","GPX1"
"JAK3","PTPRA","GPX1"
"JAK3","CCR2","GPX1"
"JAK3","PSTPIP1","GPX1"
"JAK3","RHEB","GPX1"
"JAK3","DAXX","GPX1"
"JAK3","DUSP6","GPX1"
"JAK3","INPP5D","GPX1"
"JAK3","PIK3R1","GPX1"
"JAK3","CCNE1","GPX1"
"JAK3","IRS2","GPX1"
"JAK3","CDC42","GPX1"
"JAK3","PIK3CG","GPX1"
"JAK3","SH2B2","GPX1"
"JAK3","PPP2R5A","GPX1"
"JAK3","CLK2","GPX1"
"JAK3","MDM2","GPX1"
"JAK3","YWHAE","GPX1"
"JAK3","PLCG1","GPX1"
"JAK3","SPRY2","GPX1"
"JAK3","RUNX2","GPX1"
"JAK3","SH2B3","GPX1"
"JAK3","PIK3C3","GPX1"
"JAK3","RND1","GPX1"
"JAK3","TIAM1","GPX1"
"JAK3","WAC","GPX1"
"JAK3","BANP","GPX1"
"JAK3","DCTN6","GPX1"
"JAK3","ACTN1","GPX1"
"JAK3","RGCC","GPX1"
"JAK3","CHUK","RAPGEF1"
"JAK3","CTNNB1","RAPGEF1"
"JAK3","CILK1","RAPGEF1"
"JAK3","PTEN","RAPGEF1"
"JAK3","MAPK8","RAPGEF1"
"JAK3","MTOR","RAPGEF1"
"JAK3","AKT1","RAPGEF1"
"JAK3","CSNK2A1","RAPGEF1"
"JAK3","PLK1","RAPGEF1"
"JAK3","KRAS","RAPGEF1"
"JAK3","RAC1","RAPGEF1"
"JAK3","MAP2K7","RAPGEF1"
"JAK3","PTPRJ","RAPGEF1"
"JAK3","TGFBR1","RAPGEF1"
"JAK3","PPP1CA","RAPGEF1"
"JAK3","PDPK1","RAPGEF1"
"JAK3","MAP3K14","RAPGEF1"
"JAK3","RPS6KA1","RAPGEF1"
"JAK3","SGK1","RAPGEF1"
"JAK3","IGF1R","RAPGEF1"
"JAK3","PRKCB","RAPGEF1"
"JAK3","STK3","RAPGEF1"
"JAK3","RAB1A","RAPGEF1"
"JAK3","PRKCZ","RAPGEF1"
"JAK3","TGFBR2","RAPGEF1"
"JAK3","PAK2","RAPGEF1"
"JAK3","AKT","RAPGEF1"
"JAK3","RACK1","RAPGEF1"
"JAK3","HRAS","RAPGEF1"
"JAK3","MAPK13","RAPGEF1"
"JAK3","PIK3CA","RAPGEF1"
"JAK3","LEPR","RAPGEF1"
"JAK3","RPS6KA3","RAPGEF1"
"JAK3","mTORC1","RAPGEF1"
"JAK3","AHSA1","RAPGEF1"
"JAK3","ROCK1","RAPGEF1"
"JAK3","RASSF1","RAPGEF1"
"JAK3","BTK","RAPGEF1"
"JAK3","SGK3","RAPGEF1"
"JAK3","SH2B1","RAPGEF1"
"JAK3","HSP90AB1","RAPGEF1"
"JAK3","SHOC2","RAPGEF1"
"JAK3","PTPN12","RAPGEF1"
"JAK3","PPP2R5C","RAPGEF1"
"JAK3","PAK1","RAPGEF1"
"JAK3","TYK2","RAPGEF1"
"JAK3","ZAP70","RAPGEF1"
"JAK3","DUSP1","RAPGEF1"
"JAK3","GIT1","RAPGEF1"
"JAK3","TRAF2","RAPGEF1"
"JAK3","MAP2K4","RAPGEF1"
"JAK3","RAB7A","RAPGEF1"
"JAK3","EPHA2","RAPGEF1"
"JAK3","NRAS","RAPGEF1"
"JAK3","AR","RAPGEF1"
"JAK3","DUSP3","RAPGEF1"
"JAK3","MAPK11","RAPGEF1"
"JAK3","UNC5A","RAPGEF1"
"JAK3","PRKCI","RAPGEF1"
"JAK3","PARD6A","RAPGEF1"
"JAK3","PTPRA","RAPGEF1"
"JAK3","CCR2","RAPGEF1"
"JAK3","PSTPIP1","RAPGEF1"
"JAK3","RHEB","RAPGEF1"
"JAK3","DAXX","RAPGEF1"
"JAK3","DUSP6","RAPGEF1"
"JAK3","INPP5D","RAPGEF1"
"JAK3","PIK3R1","RAPGEF1"
"JAK3","CCNE1","RAPGEF1"
"JAK3","IRS2","RAPGEF1"
"JAK3","CDC42","RAPGEF1"
"JAK3","PIK3CG","RAPGEF1"
"JAK3","SH2B2","RAPGEF1"
"JAK3","PPP2R5A","RAPGEF1"
"JAK3","CLK2","RAPGEF1"
"JAK3","MDM2","RAPGEF1"
"JAK3","YWHAE","RAPGEF1"
"JAK3","PLCG1","RAPGEF1"
"JAK3","SPRY2","RAPGEF1"
"JAK3","RUNX2","RAPGEF1"
"JAK3","SH2B3","RAPGEF1"
"JAK3","PIK3C3","RAPGEF1"
"JAK3","RND1","RAPGEF1"
"JAK3","TIAM1","RAPGEF1"
"JAK3","WAC","RAPGEF1"
"JAK3","BANP","RAPGEF1"
"JAK3","DCTN6","RAPGEF1"
"JAK3","ACTN1","RAPGEF1"
"JAK3","RGCC","RAPGEF1"
"JAK3","CHUK","ATP7B"
"JAK3","CTNNB1","ATP7B"
"JAK3","CILK1","ATP7B"
"JAK3","PTEN","ATP7B"
"JAK3","MAPK8","ATP7B"
"JAK3","MTOR","ATP7B"
"JAK3","AKT1","ATP7B"
"JAK3","CSNK2A1","ATP7B"
"JAK3","PLK1","ATP7B"
"JAK3","KRAS","ATP7B"
"JAK3","RAC1","ATP7B"
"JAK3","MAP2K7","ATP7B"
"JAK3","PTPRJ","ATP7B"
"JAK3","TGFBR1","ATP7B"
"JAK3","PPP1CA","ATP7B"
"JAK3","PDPK1","ATP7B"
"JAK3","MAP3K14","ATP7B"
"JAK3","RPS6KA1","ATP7B"
"JAK3","SGK1","ATP7B"
"JAK3","IGF1R","ATP7B"
"JAK3","PRKCB","ATP7B"
"JAK3","STK3","ATP7B"
"JAK3","RAB1A","ATP7B"
"JAK3","PRKCZ","ATP7B"
"JAK3","TGFBR2","ATP7B"
"JAK3","PAK2","ATP7B"
"JAK3","AKT","ATP7B"
"JAK3","RACK1","ATP7B"
"JAK3","HRAS","ATP7B"
"JAK3","MAPK13","ATP7B"
"JAK3","PIK3CA","ATP7B"
"JAK3","LEPR","ATP7B"
"JAK3","RPS6KA3","ATP7B"
"JAK3","mTORC1","ATP7B"
"JAK3","AHSA1","ATP7B"
"JAK3","ROCK1","ATP7B"
"JAK3","RASSF1","ATP7B"
"JAK3","BTK","ATP7B"
"JAK3","SGK3","ATP7B"
"JAK3","SH2B1","ATP7B"
"JAK3","HSP90AB1","ATP7B"
"JAK3","SHOC2","ATP7B"
"JAK3","PTPN12","ATP7B"
"JAK3","PPP2R5C","ATP7B"
"JAK3","PAK1","ATP7B"
"JAK3","TYK2","ATP7B"
"JAK3","ZAP70","ATP7B"
"JAK3","DUSP1","ATP7B"
"JAK3","GIT1","ATP7B"
"JAK3","TRAF2","ATP7B"
"JAK3","MAP2K4","ATP7B"
"JAK3","RAB7A","ATP7B"
"JAK3","EPHA2","ATP7B"
"JAK3","NRAS","ATP7B"
"JAK3","AR","ATP7B"
"JAK3","DUSP3","ATP7B"
"JAK3","MAPK11","ATP7B"
"JAK3","UNC5A","ATP7B"
"JAK3","PRKCI","ATP7B"
"JAK3","PARD6A","ATP7B"
"JAK3","PTPRA","ATP7B"
"JAK3","CCR2","ATP7B"
"JAK3","PSTPIP1","ATP7B"
"JAK3","RHEB","ATP7B"
"JAK3","DAXX","ATP7B"
"JAK3","DUSP6","ATP7B"
"JAK3","INPP5D","ATP7B"
"JAK3","PIK3R1","ATP7B"
"JAK3","CCNE1","ATP7B"
"JAK3","IRS2","ATP7B"
"JAK3","CDC42","ATP7B"
"JAK3","PIK3CG","ATP7B"
"JAK3","SH2B2","ATP7B"
"JAK3","PPP2R5A","ATP7B"
"JAK3","CLK2","ATP7B"
"JAK3","MDM2","ATP7B"
"JAK3","YWHAE","ATP7B"
"JAK3","PLCG1","ATP7B"
"JAK3","SPRY2","ATP7B"
"JAK3","RUNX2","ATP7B"
"JAK3","SH2B3","ATP7B"
"JAK3","PIK3C3","ATP7B"
"JAK3","RND1","ATP7B"
"JAK3","TIAM1","ATP7B"
"JAK3","WAC","ATP7B"
"JAK3","BANP","ATP7B"
"JAK3","DCTN6","ATP7B"
"JAK3","ACTN1","ATP7B"
"JAK3","RGCC","ATP7B"
"JAK3","CHUK","TEAD1"
"JAK3","CTNNB1","TEAD1"
"JAK3","CILK1","TEAD1"
"JAK3","PTEN","TEAD1"
"JAK3","MAPK8","TEAD1"
"JAK3","MTOR","TEAD1"
"JAK3","AKT1","TEAD1"
"JAK3","CSNK2A1","TEAD1"
"JAK3","PLK1","TEAD1"
"JAK3","KRAS","TEAD1"
"JAK3","RAC1","TEAD1"
"JAK3","MAP2K7","TEAD1"
"JAK3","PTPRJ","TEAD1"
"JAK3","TGFBR1","TEAD1"
"JAK3","PPP1CA","TEAD1"
"JAK3","PDPK1","TEAD1"
"JAK3","MAP3K14","TEAD1"
"JAK3","RPS6KA1","TEAD1"
"JAK3","SGK1","TEAD1"
"JAK3","IGF1R","TEAD1"
"JAK3","PRKCB","TEAD1"
"JAK3","STK3","TEAD1"
"JAK3","RAB1A","TEAD1"
"JAK3","PRKCZ","TEAD1"
"JAK3","TGFBR2","TEAD1"
"JAK3","PAK2","TEAD1"
"JAK3","AKT","TEAD1"
"JAK3","RACK1","TEAD1"
"JAK3","HRAS","TEAD1"
"JAK3","MAPK13","TEAD1"
"JAK3","PIK3CA","TEAD1"
"JAK3","LEPR","TEAD1"
"JAK3","RPS6KA3","TEAD1"
"JAK3","mTORC1","TEAD1"
"JAK3","AHSA1","TEAD1"
"JAK3","ROCK1","TEAD1"
"JAK3","RASSF1","TEAD1"
"JAK3","BTK","TEAD1"
"JAK3","SGK3","TEAD1"
"JAK3","SH2B1","TEAD1"
"JAK3","HSP90AB1","TEAD1"
"JAK3","SHOC2","TEAD1"
"JAK3","PTPN12","TEAD1"
"JAK3","PPP2R5C","TEAD1"
"JAK3","PAK1","TEAD1"
"JAK3","TYK2","TEAD1"
"JAK3","ZAP70","TEAD1"
"JAK3","DUSP1","TEAD1"
"JAK3","GIT1","TEAD1"
"JAK3","TRAF2","TEAD1"
"JAK3","MAP2K4","TEAD1"
"JAK3","RAB7A","TEAD1"
"JAK3","EPHA2","TEAD1"
"JAK3","NRAS","TEAD1"
"JAK3","AR","TEAD1"
"JAK3","DUSP3","TEAD1"
"JAK3","MAPK11","TEAD1"
"JAK3","UNC5A","TEAD1"
"JAK3","PRKCI","TEAD1"
"JAK3","PARD6A","TEAD1"
"JAK3","PTPRA","TEAD1"
"JAK3","CCR2","TEAD1"
"JAK3","PSTPIP1","TEAD1"
"JAK3","RHEB","TEAD1"
"JAK3","DAXX","TEAD1"
"JAK3","DUSP6","TEAD1"
"JAK3","INPP5D","TEAD1"
"JAK3","PIK3R1","TEAD1"
"JAK3","CCNE1","TEAD1"
"JAK3","IRS2","TEAD1"
"JAK3","CDC42","TEAD1"
"JAK3","PIK3CG","TEAD1"
"JAK3","SH2B2","TEAD1"
"JAK3","PPP2R5A","TEAD1"
"JAK3","CLK2","TEAD1"
"JAK3","MDM2","TEAD1"
"JAK3","YWHAE","TEAD1"
"JAK3","PLCG1","TEAD1"
"JAK3","SPRY2","TEAD1"
"JAK3","RUNX2","TEAD1"
"JAK3","SH2B3","TEAD1"
"JAK3","PIK3C3","TEAD1"
"JAK3","RND1","TEAD1"
"JAK3","TIAM1","TEAD1"
"JAK3","WAC","TEAD1"
"JAK3","BANP","TEAD1"
"JAK3","DCTN6","TEAD1"
"JAK3","ACTN1","TEAD1"
"JAK3","RGCC","TEAD1"
"JAK3","CHUK","KIF20B"
"JAK3","CTNNB1","KIF20B"
"JAK3","CILK1","KIF20B"
"JAK3","PTEN","KIF20B"
"JAK3","MAPK8","KIF20B"
"JAK3","MTOR","KIF20B"
"JAK3","AKT1","KIF20B"
"JAK3","CSNK2A1","KIF20B"
"JAK3","PLK1","KIF20B"
"JAK3","KRAS","KIF20B"
"JAK3","RAC1","KIF20B"
"JAK3","MAP2K7","KIF20B"
"JAK3","PTPRJ","KIF20B"
"JAK3","TGFBR1","KIF20B"
"JAK3","PPP1CA","KIF20B"
"JAK3","PDPK1","KIF20B"
"JAK3","MAP3K14","KIF20B"
"JAK3","RPS6KA1","KIF20B"
"JAK3","SGK1","KIF20B"
"JAK3","IGF1R","KIF20B"
"JAK3","PRKCB","KIF20B"
"JAK3","STK3","KIF20B"
"JAK3","RAB1A","KIF20B"
"JAK3","PRKCZ","KIF20B"
"JAK3","TGFBR2","KIF20B"
"JAK3","PAK2","KIF20B"
"JAK3","AKT","KIF20B"
"JAK3","RACK1","KIF20B"
"JAK3","HRAS","KIF20B"
"JAK3","MAPK13","KIF20B"
"JAK3","PIK3CA","KIF20B"
"JAK3","LEPR","KIF20B"
"JAK3","RPS6KA3","KIF20B"
"JAK3","mTORC1","KIF20B"
"JAK3","AHSA1","KIF20B"
"JAK3","ROCK1","KIF20B"
"JAK3","RASSF1","KIF20B"
"JAK3","BTK","KIF20B"
"JAK3","SGK3","KIF20B"
"JAK3","SH2B1","KIF20B"
"JAK3","HSP90AB1","KIF20B"
"JAK3","SHOC2","KIF20B"
"JAK3","PTPN12","KIF20B"
"JAK3","PPP2R5C","KIF20B"
"JAK3","PAK1","KIF20B"
"JAK3","TYK2","KIF20B"
"JAK3","ZAP70","KIF20B"
"JAK3","DUSP1","KIF20B"
"JAK3","GIT1","KIF20B"
"JAK3","TRAF2","KIF20B"
"JAK3","MAP2K4","KIF20B"
"JAK3","RAB7A","KIF20B"
"JAK3","EPHA2","KIF20B"
"JAK3","NRAS","KIF20B"
"JAK3","AR","KIF20B"
"JAK3","DUSP3","KIF20B"
"JAK3","MAPK11","KIF20B"
"JAK3","UNC5A","KIF20B"
"JAK3","PRKCI","KIF20B"
"JAK3","PARD6A","KIF20B"
"JAK3","PTPRA","KIF20B"
"JAK3","CCR2","KIF20B"
"JAK3","PSTPIP1","KIF20B"
"JAK3","RHEB","KIF20B"
"JAK3","DAXX","KIF20B"
"JAK3","DUSP6","KIF20B"
"JAK3","INPP5D","KIF20B"
"JAK3","PIK3R1","KIF20B"
"JAK3","CCNE1","KIF20B"
"JAK3","IRS2","KIF20B"
"JAK3","CDC42","KIF20B"
"JAK3","PIK3CG","KIF20B"
"JAK3","SH2B2","KIF20B"
"JAK3","PPP2R5A","KIF20B"
"JAK3","CLK2","KIF20B"
"JAK3","MDM2","KIF20B"
"JAK3","YWHAE","KIF20B"
"JAK3","PLCG1","KIF20B"
"JAK3","SPRY2","KIF20B"
"JAK3","RUNX2","KIF20B"
"JAK3","SH2B3","KIF20B"
"JAK3","PIK3C3","KIF20B"
"JAK3","RND1","KIF20B"
"JAK3","TIAM1","KIF20B"
"JAK3","WAC","KIF20B"
"JAK3","BANP","KIF20B"
"JAK3","DCTN6","KIF20B"
"JAK3","ACTN1","KIF20B"
"JAK3","RGCC","KIF20B"
"JAK3","CHUK","RAD54L"
"JAK3","CTNNB1","RAD54L"
"JAK3","CILK1","RAD54L"
"JAK3","PTEN","RAD54L"
"JAK3","MAPK8","RAD54L"
"JAK3","MTOR","RAD54L"
"JAK3","AKT1","RAD54L"
"JAK3","CSNK2A1","RAD54L"
"JAK3","PLK1","RAD54L"
"JAK3","KRAS","RAD54L"
"JAK3","RAC1","RAD54L"
"JAK3","MAP2K7","RAD54L"
"JAK3","PTPRJ","RAD54L"
"JAK3","TGFBR1","RAD54L"
"JAK3","PPP1CA","RAD54L"
"JAK3","PDPK1","RAD54L"
"JAK3","MAP3K14","RAD54L"
"JAK3","RPS6KA1","RAD54L"
"JAK3","SGK1","RAD54L"
"JAK3","IGF1R","RAD54L"
"JAK3","PRKCB","RAD54L"
"JAK3","STK3","RAD54L"
"JAK3","RAB1A","RAD54L"
"JAK3","PRKCZ","RAD54L"
"JAK3","TGFBR2","RAD54L"
"JAK3","PAK2","RAD54L"
"JAK3","AKT","RAD54L"
"JAK3","RACK1","RAD54L"
"JAK3","HRAS","RAD54L"
"JAK3","MAPK13","RAD54L"
"JAK3","PIK3CA","RAD54L"
"JAK3","LEPR","RAD54L"
"JAK3","RPS6KA3","RAD54L"
"JAK3","mTORC1","RAD54L"
"JAK3","AHSA1","RAD54L"
"JAK3","ROCK1","RAD54L"
"JAK3","RASSF1","RAD54L"
"JAK3","BTK","RAD54L"
"JAK3","SGK3","RAD54L"
"JAK3","SH2B1","RAD54L"
"JAK3","HSP90AB1","RAD54L"
"JAK3","SHOC2","RAD54L"
"JAK3","PTPN12","RAD54L"
"JAK3","PPP2R5C","RAD54L"
"JAK3","PAK1","RAD54L"
"JAK3","TYK2","RAD54L"
"JAK3","ZAP70","RAD54L"
"JAK3","DUSP1","RAD54L"
"JAK3","GIT1","RAD54L"
"JAK3","TRAF2","RAD54L"
"JAK3","MAP2K4","RAD54L"
"JAK3","RAB7A","RAD54L"
"JAK3","EPHA2","RAD54L"
"JAK3","NRAS","RAD54L"
"JAK3","AR","RAD54L"
"JAK3","DUSP3","RAD54L"
"JAK3","MAPK11","RAD54L"
"JAK3","UNC5A","RAD54L"
"JAK3","PRKCI","RAD54L"
"JAK3","PARD6A","RAD54L"
"JAK3","PTPRA","RAD54L"
"JAK3","CCR2","RAD54L"
"JAK3","PSTPIP1","RAD54L"
"JAK3","RHEB","RAD54L"
"JAK3","DAXX","RAD54L"
"JAK3","DUSP6","RAD54L"
"JAK3","INPP5D","RAD54L"
"JAK3","PIK3R1","RAD54L"
"JAK3","CCNE1","RAD54L"
"JAK3","IRS2","RAD54L"
"JAK3","CDC42","RAD54L"
"JAK3","PIK3CG","RAD54L"
"JAK3","SH2B2","RAD54L"
"JAK3","PPP2R5A","RAD54L"
"JAK3","CLK2","RAD54L"
"JAK3","MDM2","RAD54L"
"JAK3","YWHAE","RAD54L"
"JAK3","PLCG1","RAD54L"
"JAK3","SPRY2","RAD54L"
"JAK3","RUNX2","RAD54L"
"JAK3","SH2B3","RAD54L"
"JAK3","PIK3C3","RAD54L"
"JAK3","RND1","RAD54L"
"JAK3","TIAM1","RAD54L"
"JAK3","WAC","RAD54L"
"JAK3","BANP","RAD54L"
"JAK3","DCTN6","RAD54L"
"JAK3","ACTN1","RAD54L"
"JAK3","RGCC","RAD54L"
"JAK3","CHUK","PIP5K1C"
"JAK3","CTNNB1","PIP5K1C"
"JAK3","CILK1","PIP5K1C"
"JAK3","PTEN","PIP5K1C"
"JAK3","MAPK8","PIP5K1C"
"JAK3","MTOR","PIP5K1C"
"JAK3","AKT1","PIP5K1C"
"JAK3","CSNK2A1","PIP5K1C"
"JAK3","PLK1","PIP5K1C"
"JAK3","KRAS","PIP5K1C"
"JAK3","RAC1","PIP5K1C"
"JAK3","MAP2K7","PIP5K1C"
"JAK3","PTPRJ","PIP5K1C"
"JAK3","TGFBR1","PIP5K1C"
"JAK3","PPP1CA","PIP5K1C"
"JAK3","PDPK1","PIP5K1C"
"JAK3","MAP3K14","PIP5K1C"
"JAK3","RPS6KA1","PIP5K1C"
"JAK3","SGK1","PIP5K1C"
"JAK3","IGF1R","PIP5K1C"
"JAK3","PRKCB","PIP5K1C"
"JAK3","STK3","PIP5K1C"
"JAK3","RAB1A","PIP5K1C"
"JAK3","PRKCZ","PIP5K1C"
"JAK3","TGFBR2","PIP5K1C"
"JAK3","PAK2","PIP5K1C"
"JAK3","AKT","PIP5K1C"
"JAK3","RACK1","PIP5K1C"
"JAK3","HRAS","PIP5K1C"
"JAK3","MAPK13","PIP5K1C"
"JAK3","PIK3CA","PIP5K1C"
"JAK3","LEPR","PIP5K1C"
"JAK3","RPS6KA3","PIP5K1C"
"JAK3","mTORC1","PIP5K1C"
"JAK3","AHSA1","PIP5K1C"
"JAK3","ROCK1","PIP5K1C"
"JAK3","RASSF1","PIP5K1C"
"JAK3","BTK","PIP5K1C"
"JAK3","SGK3","PIP5K1C"
"JAK3","SH2B1","PIP5K1C"
"JAK3","HSP90AB1","PIP5K1C"
"JAK3","SHOC2","PIP5K1C"
"JAK3","PTPN12","PIP5K1C"
"JAK3","PPP2R5C","PIP5K1C"
"JAK3","PAK1","PIP5K1C"
"JAK3","TYK2","PIP5K1C"
"JAK3","ZAP70","PIP5K1C"
"JAK3","DUSP1","PIP5K1C"
"JAK3","GIT1","PIP5K1C"
"JAK3","TRAF2","PIP5K1C"
"JAK3","MAP2K4","PIP5K1C"
"JAK3","RAB7A","PIP5K1C"
"JAK3","EPHA2","PIP5K1C"
"JAK3","NRAS","PIP5K1C"
"JAK3","AR","PIP5K1C"
"JAK3","DUSP3","PIP5K1C"
"JAK3","MAPK11","PIP5K1C"
"JAK3","UNC5A","PIP5K1C"
"JAK3","PRKCI","PIP5K1C"
"JAK3","PARD6A","PIP5K1C"
"JAK3","PTPRA","PIP5K1C"
"JAK3","CCR2","PIP5K1C"
"JAK3","PSTPIP1","PIP5K1C"
"JAK3","RHEB","PIP5K1C"
"JAK3","DAXX","PIP5K1C"
"JAK3","DUSP6","PIP5K1C"
"JAK3","INPP5D","PIP5K1C"
"JAK3","PIK3R1","PIP5K1C"
"JAK3","CCNE1","PIP5K1C"
"JAK3","IRS2","PIP5K1C"
"JAK3","CDC42","PIP5K1C"
"JAK3","PIK3CG","PIP5K1C"
"JAK3","SH2B2","PIP5K1C"
"JAK3","PPP2R5A","PIP5K1C"
"JAK3","CLK2","PIP5K1C"
"JAK3","MDM2","PIP5K1C"
"JAK3","YWHAE","PIP5K1C"
"JAK3","PLCG1","PIP5K1C"
"JAK3","SPRY2","PIP5K1C"
"JAK3","RUNX2","PIP5K1C"
"JAK3","SH2B3","PIP5K1C"
"JAK3","PIK3C3","PIP5K1C"
"JAK3","RND1","PIP5K1C"
"JAK3","TIAM1","PIP5K1C"
"JAK3","WAC","PIP5K1C"
"JAK3","BANP","PIP5K1C"
"JAK3","DCTN6","PIP5K1C"
"JAK3","ACTN1","PIP5K1C"
"JAK3","RGCC","PIP5K1C"
"JAK3","CHUK","ILF3"
"JAK3","CTNNB1","ILF3"
"JAK3","CILK1","ILF3"
"JAK3","PTEN","ILF3"
"JAK3","MAPK8","ILF3"
"JAK3","MTOR","ILF3"
"JAK3","AKT1","ILF3"
"JAK3","CSNK2A1","ILF3"
"JAK3","PLK1","ILF3"
"JAK3","KRAS","ILF3"
"JAK3","RAC1","ILF3"
"JAK3","MAP2K7","ILF3"
"JAK3","PTPRJ","ILF3"
"JAK3","TGFBR1","ILF3"
"JAK3","PPP1CA","ILF3"
"JAK3","PDPK1","ILF3"
"JAK3","MAP3K14","ILF3"
"JAK3","RPS6KA1","ILF3"
"JAK3","SGK1","ILF3"
"JAK3","IGF1R","ILF3"
"JAK3","PRKCB","ILF3"
"JAK3","STK3","ILF3"
"JAK3","RAB1A","ILF3"
"JAK3","PRKCZ","ILF3"
"JAK3","TGFBR2","ILF3"
"JAK3","PAK2","ILF3"
"JAK3","AKT","ILF3"
"JAK3","RACK1","ILF3"
"JAK3","HRAS","ILF3"
"JAK3","MAPK13","ILF3"
"JAK3","PIK3CA","ILF3"
"JAK3","LEPR","ILF3"
"JAK3","RPS6KA3","ILF3"
"JAK3","mTORC1","ILF3"
"JAK3","AHSA1","ILF3"
"JAK3","ROCK1","ILF3"
"JAK3","RASSF1","ILF3"
"JAK3","BTK","ILF3"
"JAK3","PTPN11","ILF3"
"JAK3","SGK3","ILF3"
"JAK3","SH2B1","ILF3"
"JAK3","HSP90AB1","ILF3"
"JAK3","SHOC2","ILF3"
"JAK3","PTPN12","ILF3"
"JAK3","PPP2R5C","ILF3"
"JAK3","PAK1","ILF3"
"JAK3","TYK2","ILF3"
"JAK3","ZAP70","ILF3"
"JAK3","DUSP1","ILF3"
"JAK3","GIT1","ILF3"
"JAK3","TRAF2","ILF3"
"JAK3","MAP2K4","ILF3"
"JAK3","RAB7A","ILF3"
"JAK3","EPHA2","ILF3"
"JAK3","NRAS","ILF3"
"JAK3","AR","ILF3"
"JAK3","DUSP3","ILF3"
"JAK3","MAPK11","ILF3"
"JAK3","UNC5A","ILF3"
"JAK3","PRKCI","ILF3"
"JAK3","PARD6A","ILF3"
"JAK3","PTPRA","ILF3"
"JAK3","CCR2","ILF3"
"JAK3","PSTPIP1","ILF3"
"JAK3","RHEB","ILF3"
"JAK3","DAXX","ILF3"
"JAK3","DUSP6","ILF3"
"JAK3","INPP5D","ILF3"
"JAK3","PIK3R1","ILF3"
"JAK3","CCNE1","ILF3"
"JAK3","IRS2","ILF3"
"JAK3","CDC42","ILF3"
"JAK3","PIK3CG","ILF3"
"JAK3","SH2B2","ILF3"
"JAK3","PPP2R5A","ILF3"
"JAK3","CLK2","ILF3"
"JAK3","MDM2","ILF3"
"JAK3","YWHAE","ILF3"
"JAK3","PLCG1","ILF3"
"JAK3","SPRY2","ILF3"
"JAK3","RUNX2","ILF3"
"JAK3","SH2B3","ILF3"
"JAK3","PIK3C3","ILF3"
"JAK3","RND1","ILF3"
"JAK3","TIAM1","ILF3"
"JAK3","WAC","ILF3"
"JAK3","BANP","ILF3"
"JAK3","DCTN6","ILF3"
"JAK3","ACTN1","ILF3"
"JAK3","RGCC","ILF3"
"JAK3","CHUK","LAMTOR5"
"JAK3","CTNNB1","LAMTOR5"
"JAK3","CILK1","LAMTOR5"
"JAK3","PTEN","LAMTOR5"
"JAK3","MAPK8","LAMTOR5"
"JAK3","MTOR","LAMTOR5"
"JAK3","AKT1","LAMTOR5"
"JAK3","CSNK2A1","LAMTOR5"
"JAK3","PLK1","LAMTOR5"
"JAK3","KRAS","LAMTOR5"
"JAK3","RAC1","LAMTOR5"
"JAK3","MAP2K7","LAMTOR5"
"JAK3","PTPRJ","LAMTOR5"
"JAK3","TGFBR1","LAMTOR5"
"JAK3","PPP1CA","LAMTOR5"
"JAK3","PDPK1","LAMTOR5"
"JAK3","MAP3K14","LAMTOR5"
"JAK3","RPS6KA1","LAMTOR5"
"JAK3","SGK1","LAMTOR5"
"JAK3","IGF1R","LAMTOR5"
"JAK3","PRKCB","LAMTOR5"
"JAK3","STK3","LAMTOR5"
"JAK3","RAB1A","LAMTOR5"
"JAK3","PRKCZ","LAMTOR5"
"JAK3","TGFBR2","LAMTOR5"
"JAK3","PAK2","LAMTOR5"
"JAK3","AKT","LAMTOR5"
"JAK3","RACK1","LAMTOR5"
"JAK3","HRAS","LAMTOR5"
"JAK3","MAPK13","LAMTOR5"
"JAK3","PIK3CA","LAMTOR5"
"JAK3","LEPR","LAMTOR5"
"JAK3","RPS6KA3","LAMTOR5"
"JAK3","mTORC1","LAMTOR5"
"JAK3","AHSA1","LAMTOR5"
"JAK3","ROCK1","LAMTOR5"
"JAK3","RASSF1","LAMTOR5"
"JAK3","BTK","LAMTOR5"
"JAK3","PTPN11","LAMTOR5"
"JAK3","SGK3","LAMTOR5"
"JAK3","SH2B1","LAMTOR5"
"JAK3","HSP90AB1","LAMTOR5"
"JAK3","SHOC2","LAMTOR5"
"JAK3","PTPN12","LAMTOR5"
"JAK3","PPP2R5C","LAMTOR5"
"JAK3","PAK1","LAMTOR5"
"JAK3","TYK2","LAMTOR5"
"JAK3","ZAP70","LAMTOR5"
"JAK3","DUSP1","LAMTOR5"
"JAK3","GIT1","LAMTOR5"
"JAK3","TRAF2","LAMTOR5"
"JAK3","MAP2K4","LAMTOR5"
"JAK3","RAB7A","LAMTOR5"
"JAK3","EPHA2","LAMTOR5"
"JAK3","NRAS","LAMTOR5"
"JAK3","AR","LAMTOR5"
"JAK3","DUSP3","LAMTOR5"
"JAK3","MAPK11","LAMTOR5"
"JAK3","UNC5A","LAMTOR5"
"JAK3","PRKCI","LAMTOR5"
"JAK3","PARD6A","LAMTOR5"
"JAK3","PTPRA","LAMTOR5"
"JAK3","CCR2","LAMTOR5"
"JAK3","PSTPIP1","LAMTOR5"
"JAK3","RHEB","LAMTOR5"
"JAK3","DAXX","LAMTOR5"
"JAK3","DUSP6","LAMTOR5"
"JAK3","INPP5D","LAMTOR5"
"JAK3","PIK3R1","LAMTOR5"
"JAK3","CCNE1","LAMTOR5"
"JAK3","IRS2","LAMTOR5"
"JAK3","CDC42","LAMTOR5"
"JAK3","PIK3CG","LAMTOR5"
"JAK3","SH2B2","LAMTOR5"
"JAK3","PPP2R5A","LAMTOR5"
"JAK3","CLK2","LAMTOR5"
"JAK3","MDM2","LAMTOR5"
"JAK3","YWHAE","LAMTOR5"
"JAK3","PLCG1","LAMTOR5"
"JAK3","SPRY2","LAMTOR5"
"JAK3","RUNX2","LAMTOR5"
"JAK3","SH2B3","LAMTOR5"
"JAK3","PIK3C3","LAMTOR5"
"JAK3","RND1","LAMTOR5"
"JAK3","TIAM1","LAMTOR5"
"JAK3","WAC","LAMTOR5"
"JAK3","BANP","LAMTOR5"
"JAK3","DCTN6","LAMTOR5"
"JAK3","ACTN1","LAMTOR5"
"JAK3","RGCC","LAMTOR5"
"JAK3","CHUK","EWSR1"
"JAK3","CTNNB1","EWSR1"
"JAK3","CILK1","EWSR1"
"JAK3","PTEN","EWSR1"
"JAK3","MAPK8","EWSR1"
"JAK3","MTOR","EWSR1"
"JAK3","AKT1","EWSR1"
"JAK3","CSNK2A1","EWSR1"
"JAK3","PLK1","EWSR1"
"JAK3","KRAS","EWSR1"
"JAK3","RAC1","EWSR1"
"JAK3","MAP2K7","EWSR1"
"JAK3","PTPRJ","EWSR1"
"JAK3","TGFBR1","EWSR1"
"JAK3","PPP1CA","EWSR1"
"JAK3","PDPK1","EWSR1"
"JAK3","MAP3K14","EWSR1"
"JAK3","RPS6KA1","EWSR1"
"JAK3","SGK1","EWSR1"
"JAK3","IGF1R","EWSR1"
"JAK3","PRKCB","EWSR1"
"JAK3","STK3","EWSR1"
"JAK3","RAB1A","EWSR1"
"JAK3","PRKCZ","EWSR1"
"JAK3","TGFBR2","EWSR1"
"JAK3","PAK2","EWSR1"
"JAK3","AKT","EWSR1"
"JAK3","RACK1","EWSR1"
"JAK3","HRAS","EWSR1"
"JAK3","MAPK13","EWSR1"
"JAK3","PIK3CA","EWSR1"
"JAK3","LEPR","EWSR1"
"JAK3","RPS6KA3","EWSR1"
"JAK3","mTORC1","EWSR1"
"JAK3","AHSA1","EWSR1"
"JAK3","ROCK1","EWSR1"
"JAK3","RASSF1","EWSR1"
"JAK3","BTK","EWSR1"
"JAK3","SGK3","EWSR1"
"JAK3","SH2B1","EWSR1"
"JAK3","HSP90AB1","EWSR1"
"JAK3","SHOC2","EWSR1"
"JAK3","PTPN12","EWSR1"
"JAK3","PPP2R5C","EWSR1"
"JAK3","PAK1","EWSR1"
"JAK3","TYK2","EWSR1"
"JAK3","ZAP70","EWSR1"
"JAK3","DUSP1","EWSR1"
"JAK3","GIT1","EWSR1"
"JAK3","TRAF2","EWSR1"
"JAK3","MAP2K4","EWSR1"
"JAK3","RAB7A","EWSR1"
"JAK3","EPHA2","EWSR1"
"JAK3","NRAS","EWSR1"
"JAK3","AR","EWSR1"
"JAK3","DUSP3","EWSR1"
"JAK3","MAPK11","EWSR1"
"JAK3","UNC5A","EWSR1"
"JAK3","PRKCI","EWSR1"
"JAK3","PARD6A","EWSR1"
"JAK3","PTPRA","EWSR1"
"JAK3","CCR2","EWSR1"
"JAK3","PSTPIP1","EWSR1"
"JAK3","RHEB","EWSR1"
"JAK3","DAXX","EWSR1"
"JAK3","DUSP6","EWSR1"
"JAK3","INPP5D","EWSR1"
"JAK3","PIK3R1","EWSR1"
"JAK3","CCNE1","EWSR1"
"JAK3","IRS2","EWSR1"
"JAK3","CDC42","EWSR1"
"JAK3","PIK3CG","EWSR1"
"JAK3","SH2B2","EWSR1"
"JAK3","PPP2R5A","EWSR1"
"JAK3","CLK2","EWSR1"
"JAK3","MDM2","EWSR1"
"JAK3","YWHAE","EWSR1"
"JAK3","PLCG1","EWSR1"
"JAK3","SPRY2","EWSR1"
"JAK3","RUNX2","EWSR1"
"JAK3","SH2B3","EWSR1"
"JAK3","PIK3C3","EWSR1"
"JAK3","RND1","EWSR1"
"JAK3","TIAM1","EWSR1"
"JAK3","WAC","EWSR1"
"JAK3","BANP","EWSR1"
"JAK3","DCTN6","EWSR1"
"JAK3","ACTN1","EWSR1"
"JAK3","RGCC","EWSR1"
"JAK3","CHUK","MYL6B"
"JAK3","CTNNB1","MYL6B"
"JAK3","CILK1","MYL6B"
"JAK3","PTEN","MYL6B"
"JAK3","MAPK8","MYL6B"
"JAK3","MTOR","MYL6B"
"JAK3","AKT1","MYL6B"
"JAK3","CSNK2A1","MYL6B"
"JAK3","PLK1","MYL6B"
"JAK3","KRAS","MYL6B"
"JAK3","RAC1","MYL6B"
"JAK3","MAP2K7","MYL6B"
"JAK3","PTPRJ","MYL6B"
"JAK3","TGFBR1","MYL6B"
"JAK3","PPP1CA","MYL6B"
"JAK3","PDPK1","MYL6B"
"JAK3","MAP3K14","MYL6B"
"JAK3","RPS6KA1","MYL6B"
"JAK3","SGK1","MYL6B"
"JAK3","IGF1R","MYL6B"
"JAK3","PRKCB","MYL6B"
"JAK3","STK3","MYL6B"
"JAK3","RAB1A","MYL6B"
"JAK3","PRKCZ","MYL6B"
"JAK3","TGFBR2","MYL6B"
"JAK3","PAK2","MYL6B"
"JAK3","AKT","MYL6B"
"JAK3","RACK1","MYL6B"
"JAK3","HRAS","MYL6B"
"JAK3","MAPK13","MYL6B"
"JAK3","PIK3CA","MYL6B"
"JAK3","LEPR","MYL6B"
"JAK3","RPS6KA3","MYL6B"
"JAK3","mTORC1","MYL6B"
"JAK3","AHSA1","MYL6B"
"JAK3","ROCK1","MYL6B"
"JAK3","RASSF1","MYL6B"
"JAK3","BTK","MYL6B"
"JAK3","SGK3","MYL6B"
"JAK3","SH2B1","MYL6B"
"JAK3","HSP90AB1","MYL6B"
"JAK3","SHOC2","MYL6B"
"JAK3","PTPN12","MYL6B"
"JAK3","PPP2R5C","MYL6B"
"JAK3","PAK1","MYL6B"
"JAK3","TYK2","MYL6B"
"JAK3","ZAP70","MYL6B"
"JAK3","DUSP1","MYL6B"
"JAK3","GIT1","MYL6B"
"JAK3","TRAF2","MYL6B"
"JAK3","MAP2K4","MYL6B"
"JAK3","RAB7A","MYL6B"
"JAK3","EPHA2","MYL6B"
"JAK3","NRAS","MYL6B"
"JAK3","AR","MYL6B"
"JAK3","DUSP3","MYL6B"
"JAK3","MAPK11","MYL6B"
"JAK3","UNC5A","MYL6B"
"JAK3","PRKCI","MYL6B"
"JAK3","PARD6A","MYL6B"
"JAK3","PTPRA","MYL6B"
"JAK3","CCR2","MYL6B"
"JAK3","PSTPIP1","MYL6B"
"JAK3","RHEB","MYL6B"
"JAK3","DAXX","MYL6B"
"JAK3","DUSP6","MYL6B"
"JAK3","INPP5D","MYL6B"
"JAK3","PIK3R1","MYL6B"
"JAK3","CCNE1","MYL6B"
"JAK3","IRS2","MYL6B"
"JAK3","CDC42","MYL6B"
"JAK3","PIK3CG","MYL6B"
"JAK3","SH2B2","MYL6B"
"JAK3","PPP2R5A","MYL6B"
"JAK3","CLK2","MYL6B"
"JAK3","MDM2","MYL6B"
"JAK3","YWHAE","MYL6B"
"JAK3","PLCG1","MYL6B"
"JAK3","SPRY2","MYL6B"
"JAK3","RUNX2","MYL6B"
"JAK3","SH2B3","MYL6B"
"JAK3","PIK3C3","MYL6B"
"JAK3","RND1","MYL6B"
"JAK3","TIAM1","MYL6B"
"JAK3","WAC","MYL6B"
"JAK3","BANP","MYL6B"
"JAK3","DCTN6","MYL6B"
"JAK3","ACTN1","MYL6B"
"JAK3","RGCC","MYL6B"
"JAK3","CHUK","USF2"
"JAK3","CTNNB1","USF2"
"JAK3","CILK1","USF2"
"JAK3","PTEN","USF2"
"JAK3","MAPK8","USF2"
"JAK3","MTOR","USF2"
"JAK3","AKT1","USF2"
"JAK3","CSNK2A1","USF2"
"JAK3","PLK1","USF2"
"JAK3","KRAS","USF2"
"JAK3","RAC1","USF2"
"JAK3","MAP2K7","USF2"
"JAK3","PTPRJ","USF2"
"JAK3","TGFBR1","USF2"
"JAK3","PPP1CA","USF2"
"JAK3","PDPK1","USF2"
"JAK3","MAP3K14","USF2"
"JAK3","RPS6KA1","USF2"
"JAK3","SGK1","USF2"
"JAK3","IGF1R","USF2"
"JAK3","PRKCB","USF2"
"JAK3","STK3","USF2"
"JAK3","RAB1A","USF2"
"JAK3","PRKCZ","USF2"
"JAK3","TGFBR2","USF2"
"JAK3","PAK2","USF2"
"JAK3","AKT","USF2"
"JAK3","RACK1","USF2"
"JAK3","HRAS","USF2"
"JAK3","MAPK13","USF2"
"JAK3","PIK3CA","USF2"
"JAK3","LEPR","USF2"
"JAK3","RPS6KA3","USF2"
"JAK3","mTORC1","USF2"
"JAK3","AHSA1","USF2"
"JAK3","ROCK1","USF2"
"JAK3","RASSF1","USF2"
"JAK3","BTK","USF2"
"JAK3","PTPN11","USF2"
"JAK3","SGK3","USF2"
"JAK3","SH2B1","USF2"
"JAK3","HSP90AB1","USF2"
"JAK3","SHOC2","USF2"
"JAK3","PTPN12","USF2"
"JAK3","PPP2R5C","USF2"
"JAK3","PAK1","USF2"
"JAK3","TYK2","USF2"
"JAK3","ZAP70","USF2"
"JAK3","DUSP1","USF2"
"JAK3","GIT1","USF2"
"JAK3","TRAF2","USF2"
"JAK3","MAP2K4","USF2"
"JAK3","RAB7A","USF2"
"JAK3","EPHA2","USF2"
"JAK3","NRAS","USF2"
"JAK3","AR","USF2"
"JAK3","DUSP3","USF2"
"JAK3","MAPK11","USF2"
"JAK3","UNC5A","USF2"
"JAK3","PRKCI","USF2"
"JAK3","PARD6A","USF2"
"JAK3","PTPRA","USF2"
"JAK3","CCR2","USF2"
"JAK3","PSTPIP1","USF2"
"JAK3","RHEB","USF2"
"JAK3","DAXX","USF2"
"JAK3","DUSP6","USF2"
"JAK3","INPP5D","USF2"
"JAK3","PIK3R1","USF2"
"JAK3","CCNE1","USF2"
"JAK3","IRS2","USF2"
"JAK3","CDC42","USF2"
"JAK3","PIK3CG","USF2"
"JAK3","SH2B2","USF2"
"JAK3","PPP2R5A","USF2"
"JAK3","CLK2","USF2"
"JAK3","MDM2","USF2"
"JAK3","YWHAE","USF2"
"JAK3","PLCG1","USF2"
"JAK3","SPRY2","USF2"
"JAK3","RUNX2","USF2"
"JAK3","SH2B3","USF2"
"JAK3","PIK3C3","USF2"
"JAK3","RND1","USF2"
"JAK3","TIAM1","USF2"
"JAK3","WAC","USF2"
"JAK3","BANP","USF2"
"JAK3","DCTN6","USF2"
"JAK3","ACTN1","USF2"
"JAK3","RGCC","USF2"
"JAK3","CHUK","UGT2B7"
"JAK3","CTNNB1","UGT2B7"
"JAK3","CILK1","UGT2B7"
"JAK3","PTEN","UGT2B7"
"JAK3","MAPK8","UGT2B7"
"JAK3","MTOR","UGT2B7"
"JAK3","AKT1","UGT2B7"
"JAK3","CSNK2A1","UGT2B7"
"JAK3","PLK1","UGT2B7"
"JAK3","KRAS","UGT2B7"
"JAK3","RAC1","UGT2B7"
"JAK3","MAP2K7","UGT2B7"
"JAK3","PTPRJ","UGT2B7"
"JAK3","TGFBR1","UGT2B7"
"JAK3","PPP1CA","UGT2B7"
"JAK3","PDPK1","UGT2B7"
"JAK3","MAP3K14","UGT2B7"
"JAK3","RPS6KA1","UGT2B7"
"JAK3","SGK1","UGT2B7"
"JAK3","IGF1R","UGT2B7"
"JAK3","PRKCB","UGT2B7"
"JAK3","STK3","UGT2B7"
"JAK3","RAB1A","UGT2B7"
"JAK3","PRKCZ","UGT2B7"
"JAK3","TGFBR2","UGT2B7"
"JAK3","PAK2","UGT2B7"
"JAK3","AKT","UGT2B7"
"JAK3","RACK1","UGT2B7"
"JAK3","HRAS","UGT2B7"
"JAK3","MAPK13","UGT2B7"
"JAK3","PIK3CA","UGT2B7"
"JAK3","LEPR","UGT2B7"
"JAK3","RPS6KA3","UGT2B7"
"JAK3","mTORC1","UGT2B7"
"JAK3","AHSA1","UGT2B7"
"JAK3","ROCK1","UGT2B7"
"JAK3","RASSF1","UGT2B7"
"JAK3","BTK","UGT2B7"
"JAK3","SGK3","UGT2B7"
"JAK3","SH2B1","UGT2B7"
"JAK3","HSP90AB1","UGT2B7"
"JAK3","SHOC2","UGT2B7"
"JAK3","PTPN12","UGT2B7"
"JAK3","PPP2R5C","UGT2B7"
"JAK3","PAK1","UGT2B7"
"JAK3","TYK2","UGT2B7"
"JAK3","ZAP70","UGT2B7"
"JAK3","DUSP1","UGT2B7"
"JAK3","GIT1","UGT2B7"
"JAK3","TRAF2","UGT2B7"
"JAK3","MAP2K4","UGT2B7"
"JAK3","RAB7A","UGT2B7"
"JAK3","EPHA2","UGT2B7"
"JAK3","NRAS","UGT2B7"
"JAK3","AR","UGT2B7"
"JAK3","DUSP3","UGT2B7"
"JAK3","MAPK11","UGT2B7"
"JAK3","UNC5A","UGT2B7"
"JAK3","PRKCI","UGT2B7"
"JAK3","PARD6A","UGT2B7"
"JAK3","PTPRA","UGT2B7"
"JAK3","CCR2","UGT2B7"
"JAK3","PSTPIP1","UGT2B7"
"JAK3","RHEB","UGT2B7"
"JAK3","DAXX","UGT2B7"
"JAK3","DUSP6","UGT2B7"
"JAK3","INPP5D","UGT2B7"
"JAK3","PIK3R1","UGT2B7"
"JAK3","CCNE1","UGT2B7"
"JAK3","IRS2","UGT2B7"
"JAK3","CDC42","UGT2B7"
"JAK3","PIK3CG","UGT2B7"
"JAK3","SH2B2","UGT2B7"
"JAK3","PPP2R5A","UGT2B7"
"JAK3","CLK2","UGT2B7"
"JAK3","MDM2","UGT2B7"
"JAK3","YWHAE","UGT2B7"
"JAK3","PLCG1","UGT2B7"
"JAK3","SPRY2","UGT2B7"
"JAK3","RUNX2","UGT2B7"
"JAK3","SH2B3","UGT2B7"
"JAK3","PIK3C3","UGT2B7"
"JAK3","RND1","UGT2B7"
"JAK3","TIAM1","UGT2B7"
"JAK3","WAC","UGT2B7"
"JAK3","BANP","UGT2B7"
"JAK3","DCTN6","UGT2B7"
"JAK3","ACTN1","UGT2B7"
"JAK3","RGCC","UGT2B7"
"JAK3","CHUK","SCYL1"
"JAK3","CTNNB1","SCYL1"
"JAK3","CILK1","SCYL1"
"JAK3","PTEN","SCYL1"
"JAK3","MAPK8","SCYL1"
"JAK3","MTOR","SCYL1"
"JAK3","CSNK2A1","SCYL1"
"JAK3","PLK1","SCYL1"
"JAK3","KRAS","SCYL1"
"JAK3","RAC1","SCYL1"
"JAK3","MAP2K7","SCYL1"
"JAK3","PTPRJ","SCYL1"
"JAK3","TGFBR1","SCYL1"
"JAK3","PPP1CA","SCYL1"
"JAK3","PDPK1","SCYL1"
"JAK3","MAP3K14","SCYL1"
"JAK3","RPS6KA1","SCYL1"
"JAK3","SGK1","SCYL1"
"JAK3","IGF1R","SCYL1"
"JAK3","PRKCB","SCYL1"
"JAK3","STK3","SCYL1"
"JAK3","RAB1A","SCYL1"
"JAK3","PRKCZ","SCYL1"
"JAK3","TGFBR2","SCYL1"
"JAK3","PAK2","SCYL1"
"JAK3","AKT","SCYL1"
"JAK3","RACK1","SCYL1"
"JAK3","HRAS","SCYL1"
"JAK3","MAPK13","SCYL1"
"JAK3","PIK3CA","SCYL1"
"JAK3","LEPR","SCYL1"
"JAK3","RPS6KA3","SCYL1"
"JAK3","mTORC1","SCYL1"
"JAK3","AHSA1","SCYL1"
"JAK3","ROCK1","SCYL1"
"JAK3","RASSF1","SCYL1"
"JAK3","BTK","SCYL1"
"JAK3","PTPN11","SCYL1"
"JAK3","SGK3","SCYL1"
"JAK3","SH2B1","SCYL1"
"JAK3","HSP90AB1","SCYL1"
"JAK3","SHOC2","SCYL1"
"JAK3","PTPN12","SCYL1"
"JAK3","PPP2R5C","SCYL1"
"JAK3","PAK1","SCYL1"
"JAK3","TYK2","SCYL1"
"JAK3","ZAP70","SCYL1"
"JAK3","DUSP1","SCYL1"
"JAK3","GIT1","SCYL1"
"JAK3","TRAF2","SCYL1"
"JAK3","MAP2K4","SCYL1"
"JAK3","RAB7A","SCYL1"
"JAK3","EPHA2","SCYL1"
"JAK3","NRAS","SCYL1"
"JAK3","AR","SCYL1"
"JAK3","DUSP3","SCYL1"
"JAK3","MAPK11","SCYL1"
"JAK3","UNC5A","SCYL1"
"JAK3","PRKCI","SCYL1"
"JAK3","PARD6A","SCYL1"
"JAK3","PTPRA","SCYL1"
"JAK3","CCR2","SCYL1"
"JAK3","PSTPIP1","SCYL1"
"JAK3","RHEB","SCYL1"
"JAK3","DAXX","SCYL1"
"JAK3","DUSP6","SCYL1"
"JAK3","INPP5D","SCYL1"
"JAK3","PIK3R1","SCYL1"
"JAK3","CCNE1","SCYL1"
"JAK3","IRS2","SCYL1"
"JAK3","CDC42","SCYL1"
"JAK3","PIK3CG","SCYL1"
"JAK3","SH2B2","SCYL1"
"JAK3","PPP2R5A","SCYL1"
"JAK3","CLK2","SCYL1"
"JAK3","MDM2","SCYL1"
"JAK3","YWHAE","SCYL1"
"JAK3","PLCG1","SCYL1"
"JAK3","SPRY2","SCYL1"
"JAK3","RUNX2","SCYL1"
"JAK3","SH2B3","SCYL1"
"JAK3","PIK3C3","SCYL1"
"JAK3","RND1","SCYL1"
"JAK3","TIAM1","SCYL1"
"JAK3","WAC","SCYL1"
"JAK3","BANP","SCYL1"
"JAK3","DCTN6","SCYL1"
"JAK3","ACTN1","SCYL1"
"JAK3","RGCC","SCYL1"
"JAK3","CHUK","ALYREF"
"JAK3","CTNNB1","ALYREF"
"JAK3","CILK1","ALYREF"
"JAK3","PTEN","ALYREF"
"JAK3","MAPK8","ALYREF"
"JAK3","MTOR","ALYREF"
"JAK3","AKT1","ALYREF"
"JAK3","CSNK2A1","ALYREF"
"JAK3","PLK1","ALYREF"
"JAK3","KRAS","ALYREF"
"JAK3","RAC1","ALYREF"
"JAK3","MAP2K7","ALYREF"
"JAK3","PTPRJ","ALYREF"
"JAK3","TGFBR1","ALYREF"
"JAK3","PPP1CA","ALYREF"
"JAK3","PDPK1","ALYREF"
"JAK3","MAP3K14","ALYREF"
"JAK3","RPS6KA1","ALYREF"
"JAK3","SGK1","ALYREF"
"JAK3","IGF1R","ALYREF"
"JAK3","PRKCB","ALYREF"
"JAK3","STK3","ALYREF"
"JAK3","RAB1A","ALYREF"
"JAK3","PRKCZ","ALYREF"
"JAK3","TGFBR2","ALYREF"
"JAK3","PAK2","ALYREF"
"JAK3","AKT","ALYREF"
"JAK3","RACK1","ALYREF"
"JAK3","HRAS","ALYREF"
"JAK3","MAPK13","ALYREF"
"JAK3","PIK3CA","ALYREF"
"JAK3","LEPR","ALYREF"
"JAK3","RPS6KA3","ALYREF"
"JAK3","mTORC1","ALYREF"
"JAK3","AHSA1","ALYREF"
"JAK3","ROCK1","ALYREF"
"JAK3","RASSF1","ALYREF"
"JAK3","BTK","ALYREF"
"JAK3","PTPN11","ALYREF"
"JAK3","SGK3","ALYREF"
"JAK3","SH2B1","ALYREF"
"JAK3","HSP90AB1","ALYREF"
"JAK3","SHOC2","ALYREF"
"JAK3","PTPN12","ALYREF"
"JAK3","PPP2R5C","ALYREF"
"JAK3","PAK1","ALYREF"
"JAK3","TYK2","ALYREF"
"JAK3","ZAP70","ALYREF"
"JAK3","DUSP1","ALYREF"
"JAK3","GIT1","ALYREF"
"JAK3","TRAF2","ALYREF"
"JAK3","MAP2K4","ALYREF"
"JAK3","RAB7A","ALYREF"
"JAK3","EPHA2","ALYREF"
"JAK3","NRAS","ALYREF"
"JAK3","AR","ALYREF"
"JAK3","DUSP3","ALYREF"
"JAK3","MAPK11","ALYREF"
"JAK3","UNC5A","ALYREF"
"JAK3","PRKCI","ALYREF"
"JAK3","PARD6A","ALYREF"
"JAK3","PTPRA","ALYREF"
"JAK3","CCR2","ALYREF"
"JAK3","PSTPIP1","ALYREF"
"JAK3","RHEB","ALYREF"
"JAK3","DAXX","ALYREF"
"JAK3","DUSP6","ALYREF"
"JAK3","INPP5D","ALYREF"
"JAK3","PIK3R1","ALYREF"
"JAK3","CCNE1","ALYREF"
"JAK3","IRS2","ALYREF"
"JAK3","CDC42","ALYREF"
"JAK3","PIK3CG","ALYREF"
"JAK3","SH2B2","ALYREF"
"JAK3","PPP2R5A","ALYREF"
"JAK3","CLK2","ALYREF"
"JAK3","MDM2","ALYREF"
"JAK3","YWHAE","ALYREF"
"JAK3","PLCG1","ALYREF"
"JAK3","SPRY2","ALYREF"
"JAK3","RUNX2","ALYREF"
"JAK3","SH2B3","ALYREF"
"JAK3","PIK3C3","ALYREF"
"JAK3","RND1","ALYREF"
"JAK3","TIAM1","ALYREF"
"JAK3","WAC","ALYREF"
"JAK3","BANP","ALYREF"
"JAK3","DCTN6","ALYREF"
"JAK3","ACTN1","ALYREF"
"JAK3","RGCC","ALYREF"
"JAK3","CHUK","USP9X"
"JAK3","CTNNB1","USP9X"
"JAK3","CILK1","USP9X"
"JAK3","PTEN","USP9X"
"JAK3","MAPK8","USP9X"
"JAK3","MTOR","USP9X"
"JAK3","AKT1","USP9X"
"JAK3","CSNK2A1","USP9X"
"JAK3","PLK1","USP9X"
"JAK3","KRAS","USP9X"
"JAK3","RAC1","USP9X"
"JAK3","MAP2K7","USP9X"
"JAK3","PTPRJ","USP9X"
"JAK3","TGFBR1","USP9X"
"JAK3","PPP1CA","USP9X"
"JAK3","PDPK1","USP9X"
"JAK3","MAP3K14","USP9X"
"JAK3","RPS6KA1","USP9X"
"JAK3","SGK1","USP9X"
"JAK3","IGF1R","USP9X"
"JAK3","PRKCB","USP9X"
"JAK3","STK3","USP9X"
"JAK3","RAB1A","USP9X"
"JAK3","PRKCZ","USP9X"
"JAK3","TGFBR2","USP9X"
"JAK3","PAK2","USP9X"
"JAK3","AKT","USP9X"
"JAK3","RACK1","USP9X"
"JAK3","HRAS","USP9X"
"JAK3","MAPK13","USP9X"
"JAK3","PIK3CA","USP9X"
"JAK3","LEPR","USP9X"
"JAK3","RPS6KA3","USP9X"
"JAK3","mTORC1","USP9X"
"JAK3","AHSA1","USP9X"
"JAK3","ROCK1","USP9X"
"JAK3","RASSF1","USP9X"
"JAK3","BTK","USP9X"
"JAK3","SGK3","USP9X"
"JAK3","SH2B1","USP9X"
"JAK3","HSP90AB1","USP9X"
"JAK3","SHOC2","USP9X"
"JAK3","PTPN12","USP9X"
"JAK3","PPP2R5C","USP9X"
"JAK3","PAK1","USP9X"
"JAK3","TYK2","USP9X"
"JAK3","ZAP70","USP9X"
"JAK3","DUSP1","USP9X"
"JAK3","GIT1","USP9X"
"JAK3","TRAF2","USP9X"
"JAK3","MAP2K4","USP9X"
"JAK3","RAB7A","USP9X"
"JAK3","EPHA2","USP9X"
"JAK3","NRAS","USP9X"
"JAK3","AR","USP9X"
"JAK3","DUSP3","USP9X"
"JAK3","MAPK11","USP9X"
"JAK3","UNC5A","USP9X"
"JAK3","PRKCI","USP9X"
"JAK3","PARD6A","USP9X"
"JAK3","PTPRA","USP9X"
"JAK3","CCR2","USP9X"
"JAK3","PSTPIP1","USP9X"
"JAK3","RHEB","USP9X"
"JAK3","DAXX","USP9X"
"JAK3","DUSP6","USP9X"
"JAK3","INPP5D","USP9X"
"JAK3","PIK3R1","USP9X"
"JAK3","CCNE1","USP9X"
"JAK3","IRS2","USP9X"
"JAK3","CDC42","USP9X"
"JAK3","PIK3CG","USP9X"
"JAK3","SH2B2","USP9X"
"JAK3","PPP2R5A","USP9X"
"JAK3","CLK2","USP9X"
"JAK3","MDM2","USP9X"
"JAK3","YWHAE","USP9X"
"JAK3","PLCG1","USP9X"
"JAK3","SPRY2","USP9X"
"JAK3","RUNX2","USP9X"
"JAK3","SH2B3","USP9X"
"JAK3","PIK3C3","USP9X"
"JAK3","RND1","USP9X"
"JAK3","TIAM1","USP9X"
"JAK3","WAC","USP9X"
"JAK3","BANP","USP9X"
"JAK3","DCTN6","USP9X"
"JAK3","ACTN1","USP9X"
"JAK3","RGCC","USP9X"
"JAK3","CHUK","WASF1"
"JAK3","CTNNB1","WASF1"
"JAK3","CILK1","WASF1"
"JAK3","PTEN","WASF1"
"JAK3","MAPK8","WASF1"
"JAK3","MTOR","WASF1"
"JAK3","AKT1","WASF1"
"JAK3","CSNK2A1","WASF1"
"JAK3","PLK1","WASF1"
"JAK3","KRAS","WASF1"
"JAK3","RAC1","WASF1"
"JAK3","MAP2K7","WASF1"
"JAK3","PTPRJ","WASF1"
"JAK3","TGFBR1","WASF1"
"JAK3","PPP1CA","WASF1"
"JAK3","PDPK1","WASF1"
"JAK3","MAP3K14","WASF1"
"JAK3","RPS6KA1","WASF1"
"JAK3","SGK1","WASF1"
"JAK3","IGF1R","WASF1"
"JAK3","PRKCB","WASF1"
"JAK3","STK3","WASF1"
"JAK3","RAB1A","WASF1"
"JAK3","PRKCZ","WASF1"
"JAK3","TGFBR2","WASF1"
"JAK3","PAK2","WASF1"
"JAK3","AKT","WASF1"
"JAK3","RACK1","WASF1"
"JAK3","HRAS","WASF1"
"JAK3","MAPK13","WASF1"
"JAK3","PIK3CA","WASF1"
"JAK3","LEPR","WASF1"
"JAK3","RPS6KA3","WASF1"
"JAK3","mTORC1","WASF1"
"JAK3","AHSA1","WASF1"
"JAK3","ROCK1","WASF1"
"JAK3","RASSF1","WASF1"
"JAK3","BTK","WASF1"
"JAK3","SGK3","WASF1"
"JAK3","SH2B1","WASF1"
"JAK3","HSP90AB1","WASF1"
"JAK3","SHOC2","WASF1"
"JAK3","PTPN12","WASF1"
"JAK3","PPP2R5C","WASF1"
"JAK3","PAK1","WASF1"
"JAK3","TYK2","WASF1"
"JAK3","ZAP70","WASF1"
"JAK3","DUSP1","WASF1"
"JAK3","GIT1","WASF1"
"JAK3","TRAF2","WASF1"
"JAK3","MAP2K4","WASF1"
"JAK3","RAB7A","WASF1"
"JAK3","EPHA2","WASF1"
"JAK3","NRAS","WASF1"
"JAK3","AR","WASF1"
"JAK3","DUSP3","WASF1"
"JAK3","MAPK11","WASF1"
"JAK3","UNC5A","WASF1"
"JAK3","PRKCI","WASF1"
"JAK3","PARD6A","WASF1"
"JAK3","PTPRA","WASF1"
"JAK3","CCR2","WASF1"
"JAK3","PSTPIP1","WASF1"
"JAK3","RHEB","WASF1"
"JAK3","DAXX","WASF1"
"JAK3","DUSP6","WASF1"
"JAK3","INPP5D","WASF1"
"JAK3","PIK3R1","WASF1"
"JAK3","CCNE1","WASF1"
"JAK3","IRS2","WASF1"
"JAK3","CDC42","WASF1"
"JAK3","PIK3CG","WASF1"
"JAK3","SH2B2","WASF1"
"JAK3","PPP2R5A","WASF1"
"JAK3","CLK2","WASF1"
"JAK3","MDM2","WASF1"
"JAK3","YWHAE","WASF1"
"JAK3","PLCG1","WASF1"
"JAK3","SPRY2","WASF1"
"JAK3","RUNX2","WASF1"
"JAK3","SH2B3","WASF1"
"JAK3","PIK3C3","WASF1"
"JAK3","RND1","WASF1"
"JAK3","TIAM1","WASF1"
"JAK3","WAC","WASF1"
"JAK3","BANP","WASF1"
"JAK3","DCTN6","WASF1"
"JAK3","ACTN1","WASF1"
"JAK3","RGCC","WASF1"
"JAK3","CHUK","PFKFB3"
"JAK3","CTNNB1","PFKFB3"
"JAK3","CILK1","PFKFB3"
"JAK3","PTEN","PFKFB3"
"JAK3","MAPK8","PFKFB3"
"JAK3","MTOR","PFKFB3"
"JAK3","AKT1","PFKFB3"
"JAK3","CSNK2A1","PFKFB3"
"JAK3","PLK1","PFKFB3"
"JAK3","KRAS","PFKFB3"
"JAK3","RAC1","PFKFB3"
"JAK3","MAP2K7","PFKFB3"
"JAK3","PTPRJ","PFKFB3"
"JAK3","TGFBR1","PFKFB3"
"JAK3","PPP1CA","PFKFB3"
"JAK3","PDPK1","PFKFB3"
"JAK3","MAP3K14","PFKFB3"
"JAK3","RPS6KA1","PFKFB3"
"JAK3","SGK1","PFKFB3"
"JAK3","IGF1R","PFKFB3"
"JAK3","PRKCB","PFKFB3"
"JAK3","STK3","PFKFB3"
"JAK3","RAB1A","PFKFB3"
"JAK3","PRKCZ","PFKFB3"
"JAK3","TGFBR2","PFKFB3"
"JAK3","PAK2","PFKFB3"
"JAK3","AKT","PFKFB3"
"JAK3","RACK1","PFKFB3"
"JAK3","HRAS","PFKFB3"
"JAK3","MAPK13","PFKFB3"
"JAK3","PIK3CA","PFKFB3"
"JAK3","LEPR","PFKFB3"
"JAK3","RPS6KA3","PFKFB3"
"JAK3","mTORC1","PFKFB3"
"JAK3","AHSA1","PFKFB3"
"JAK3","ROCK1","PFKFB3"
"JAK3","RASSF1","PFKFB3"
"JAK3","BTK","PFKFB3"
"JAK3","PTPN11","PFKFB3"
"JAK3","SGK3","PFKFB3"
"JAK3","SH2B1","PFKFB3"
"JAK3","HSP90AB1","PFKFB3"
"JAK3","SHOC2","PFKFB3"
"JAK3","PTPN12","PFKFB3"
"JAK3","PPP2R5C","PFKFB3"
"JAK3","PAK1","PFKFB3"
"JAK3","TYK2","PFKFB3"
"JAK3","ZAP70","PFKFB3"
"JAK3","DUSP1","PFKFB3"
"JAK3","GIT1","PFKFB3"
"JAK3","TRAF2","PFKFB3"
"JAK3","MAP2K4","PFKFB3"
"JAK3","RAB7A","PFKFB3"
"JAK3","EPHA2","PFKFB3"
"JAK3","NRAS","PFKFB3"
"JAK3","AR","PFKFB3"
"JAK3","DUSP3","PFKFB3"
"JAK3","MAPK11","PFKFB3"
"JAK3","UNC5A","PFKFB3"
"JAK3","PRKCI","PFKFB3"
"JAK3","PARD6A","PFKFB3"
"JAK3","PTPRA","PFKFB3"
"JAK3","CCR2","PFKFB3"
"JAK3","PSTPIP1","PFKFB3"
"JAK3","RHEB","PFKFB3"
"JAK3","DAXX","PFKFB3"
"JAK3","DUSP6","PFKFB3"
"JAK3","INPP5D","PFKFB3"
"JAK3","PIK3R1","PFKFB3"
"JAK3","CCNE1","PFKFB3"
"JAK3","IRS2","PFKFB3"
"JAK3","CDC42","PFKFB3"
"JAK3","PIK3CG","PFKFB3"
"JAK3","SH2B2","PFKFB3"
"JAK3","PPP2R5A","PFKFB3"
"JAK3","CLK2","PFKFB3"
"JAK3","MDM2","PFKFB3"
"JAK3","YWHAE","PFKFB3"
"JAK3","PLCG1","PFKFB3"
"JAK3","SPRY2","PFKFB3"
"JAK3","RUNX2","PFKFB3"
"JAK3","SH2B3","PFKFB3"
"JAK3","PIK3C3","PFKFB3"
"JAK3","RND1","PFKFB3"
"JAK3","TIAM1","PFKFB3"
"JAK3","WAC","PFKFB3"
"JAK3","BANP","PFKFB3"
"JAK3","DCTN6","PFKFB3"
"JAK3","ACTN1","PFKFB3"
"JAK3","RGCC","PFKFB3"
"JAK3","CHUK","GABRB2"
"JAK3","CTNNB1","GABRB2"
"JAK3","CILK1","GABRB2"
"JAK3","PTEN","GABRB2"
"JAK3","MAPK8","GABRB2"
"JAK3","MTOR","GABRB2"
"JAK3","AKT1","GABRB2"
"JAK3","CSNK2A1","GABRB2"
"JAK3","PLK1","GABRB2"
"JAK3","KRAS","GABRB2"
"JAK3","RAC1","GABRB2"
"JAK3","MAP2K7","GABRB2"
"JAK3","PTPRJ","GABRB2"
"JAK3","TGFBR1","GABRB2"
"JAK3","PPP1CA","GABRB2"
"JAK3","PDPK1","GABRB2"
"JAK3","MAP3K14","GABRB2"
"JAK3","RPS6KA1","GABRB2"
"JAK3","SGK1","GABRB2"
"JAK3","IGF1R","GABRB2"
"JAK3","PRKCB","GABRB2"
"JAK3","STK3","GABRB2"
"JAK3","RAB1A","GABRB2"
"JAK3","PRKCZ","GABRB2"
"JAK3","TGFBR2","GABRB2"
"JAK3","PAK2","GABRB2"
"JAK3","RACK1","GABRB2"
"JAK3","HRAS","GABRB2"
"JAK3","MAPK13","GABRB2"
"JAK3","PIK3CA","GABRB2"
"JAK3","LEPR","GABRB2"
"JAK3","RPS6KA3","GABRB2"
"JAK3","mTORC1","GABRB2"
"JAK3","AHSA1","GABRB2"
"JAK3","ROCK1","GABRB2"
"JAK3","RASSF1","GABRB2"
"JAK3","BTK","GABRB2"
"JAK3","PTPN11","GABRB2"
"JAK3","SGK3","GABRB2"
"JAK3","SH2B1","GABRB2"
"JAK3","HSP90AB1","GABRB2"
"JAK3","SHOC2","GABRB2"
"JAK3","PTPN12","GABRB2"
"JAK3","PPP2R5C","GABRB2"
"JAK3","PAK1","GABRB2"
"JAK3","TYK2","GABRB2"
"JAK3","ZAP70","GABRB2"
"JAK3","DUSP1","GABRB2"
"JAK3","GIT1","GABRB2"
"JAK3","TRAF2","GABRB2"
"JAK3","MAP2K4","GABRB2"
"JAK3","RAB7A","GABRB2"
"JAK3","EPHA2","GABRB2"
"JAK3","NRAS","GABRB2"
"JAK3","AR","GABRB2"
"JAK3","DUSP3","GABRB2"
"JAK3","MAPK11","GABRB2"
"JAK3","UNC5A","GABRB2"
"JAK3","PRKCI","GABRB2"
"JAK3","PARD6A","GABRB2"
"JAK3","PTPRA","GABRB2"
"JAK3","CCR2","GABRB2"
"JAK3","PSTPIP1","GABRB2"
"JAK3","RHEB","GABRB2"
"JAK3","DAXX","GABRB2"
"JAK3","DUSP6","GABRB2"
"JAK3","INPP5D","GABRB2"
"JAK3","PIK3R1","GABRB2"
"JAK3","CCNE1","GABRB2"
"JAK3","IRS2","GABRB2"
"JAK3","CDC42","GABRB2"
"JAK3","PIK3CG","GABRB2"
"JAK3","SH2B2","GABRB2"
"JAK3","PPP2R5A","GABRB2"
"JAK3","CLK2","GABRB2"
"JAK3","MDM2","GABRB2"
"JAK3","YWHAE","GABRB2"
"JAK3","PLCG1","GABRB2"
"JAK3","SPRY2","GABRB2"
"JAK3","RUNX2","GABRB2"
"JAK3","SH2B3","GABRB2"
"JAK3","PIK3C3","GABRB2"
"JAK3","RND1","GABRB2"
"JAK3","TIAM1","GABRB2"
"JAK3","WAC","GABRB2"
"JAK3","BANP","GABRB2"
"JAK3","DCTN6","GABRB2"
"JAK3","ACTN1","GABRB2"
"JAK3","RGCC","GABRB2"
"JAK3","CHUK","CGAS"
"JAK3","CTNNB1","CGAS"
"JAK3","CILK1","CGAS"
"JAK3","PTEN","CGAS"
"JAK3","MAPK8","CGAS"
"JAK3","MTOR","CGAS"
"JAK3","AKT1","CGAS"
"JAK3","CSNK2A1","CGAS"
"JAK3","PLK1","CGAS"
"JAK3","KRAS","CGAS"
"JAK3","RAC1","CGAS"
"JAK3","MAP2K7","CGAS"
"JAK3","PTPRJ","CGAS"
"JAK3","TGFBR1","CGAS"
"JAK3","PPP1CA","CGAS"
"JAK3","PDPK1","CGAS"
"JAK3","MAP3K14","CGAS"
"JAK3","RPS6KA1","CGAS"
"JAK3","SGK1","CGAS"
"JAK3","IGF1R","CGAS"
"JAK3","PRKCB","CGAS"
"JAK3","STK3","CGAS"
"JAK3","RAB1A","CGAS"
"JAK3","PRKCZ","CGAS"
"JAK3","TGFBR2","CGAS"
"JAK3","PAK2","CGAS"
"JAK3","AKT","CGAS"
"JAK3","RACK1","CGAS"
"JAK3","HRAS","CGAS"
"JAK3","MAPK13","CGAS"
"JAK3","PIK3CA","CGAS"
"JAK3","LEPR","CGAS"
"JAK3","RPS6KA3","CGAS"
"JAK3","mTORC1","CGAS"
"JAK3","AHSA1","CGAS"
"JAK3","ROCK1","CGAS"
"JAK3","RASSF1","CGAS"
"JAK3","BTK","CGAS"
"JAK3","SGK3","CGAS"
"JAK3","SH2B1","CGAS"
"JAK3","HSP90AB1","CGAS"
"JAK3","SHOC2","CGAS"
"JAK3","PTPN12","CGAS"
"JAK3","PPP2R5C","CGAS"
"JAK3","PAK1","CGAS"
"JAK3","TYK2","CGAS"
"JAK3","ZAP70","CGAS"
"JAK3","DUSP1","CGAS"
"JAK3","GIT1","CGAS"
"JAK3","TRAF2","CGAS"
"JAK3","MAP2K4","CGAS"
"JAK3","RAB7A","CGAS"
"JAK3","EPHA2","CGAS"
"JAK3","NRAS","CGAS"
"JAK3","AR","CGAS"
"JAK3","DUSP3","CGAS"
"JAK3","MAPK11","CGAS"
"JAK3","UNC5A","CGAS"
"JAK3","PRKCI","CGAS"
"JAK3","PARD6A","CGAS"
"JAK3","PTPRA","CGAS"
"JAK3","CCR2","CGAS"
"JAK3","PSTPIP1","CGAS"
"JAK3","RHEB","CGAS"
"JAK3","DAXX","CGAS"
"JAK3","DUSP6","CGAS"
"JAK3","INPP5D","CGAS"
"JAK3","PIK3R1","CGAS"
"JAK3","CCNE1","CGAS"
"JAK3","IRS2","CGAS"
"JAK3","CDC42","CGAS"
"JAK3","PIK3CG","CGAS"
"JAK3","SH2B2","CGAS"
"JAK3","PPP2R5A","CGAS"
"JAK3","CLK2","CGAS"
"JAK3","MDM2","CGAS"
"JAK3","YWHAE","CGAS"
"JAK3","PLCG1","CGAS"
"JAK3","SPRY2","CGAS"
"JAK3","RUNX2","CGAS"
"JAK3","SH2B3","CGAS"
"JAK3","PIK3C3","CGAS"
"JAK3","RND1","CGAS"
"JAK3","TIAM1","CGAS"
"JAK3","WAC","CGAS"
"JAK3","BANP","CGAS"
"JAK3","DCTN6","CGAS"
"JAK3","ACTN1","CGAS"
"JAK3","RGCC","CGAS"
"JAK3","CHUK","LRFN1"
"JAK3","CTNNB1","LRFN1"
"JAK3","CILK1","LRFN1"
"JAK3","PTEN","LRFN1"
"JAK3","MAPK8","LRFN1"
"JAK3","MTOR","LRFN1"
"JAK3","AKT1","LRFN1"
"JAK3","CSNK2A1","LRFN1"
"JAK3","PLK1","LRFN1"
"JAK3","KRAS","LRFN1"
"JAK3","RAC1","LRFN1"
"JAK3","MAP2K7","LRFN1"
"JAK3","PTPRJ","LRFN1"
"JAK3","TGFBR1","LRFN1"
"JAK3","PPP1CA","LRFN1"
"JAK3","PDPK1","LRFN1"
"JAK3","MAP3K14","LRFN1"
"JAK3","RPS6KA1","LRFN1"
"JAK3","SGK1","LRFN1"
"JAK3","IGF1R","LRFN1"
"JAK3","PRKCB","LRFN1"
"JAK3","STK3","LRFN1"
"JAK3","RAB1A","LRFN1"
"JAK3","PRKCZ","LRFN1"
"JAK3","TGFBR2","LRFN1"
"JAK3","PAK2","LRFN1"
"JAK3","AKT","LRFN1"
"JAK3","RACK1","LRFN1"
"JAK3","HRAS","LRFN1"
"JAK3","MAPK13","LRFN1"
"JAK3","PIK3CA","LRFN1"
"JAK3","LEPR","LRFN1"
"JAK3","RPS6KA3","LRFN1"
"JAK3","mTORC1","LRFN1"
"JAK3","AHSA1","LRFN1"
"JAK3","ROCK1","LRFN1"
"JAK3","RASSF1","LRFN1"
"JAK3","BTK","LRFN1"
"JAK3","SGK3","LRFN1"
"JAK3","SH2B1","LRFN1"
"JAK3","HSP90AB1","LRFN1"
"JAK3","SHOC2","LRFN1"
"JAK3","PTPN12","LRFN1"
"JAK3","PPP2R5C","LRFN1"
"JAK3","PAK1","LRFN1"
"JAK3","TYK2","LRFN1"
"JAK3","ZAP70","LRFN1"
"JAK3","DUSP1","LRFN1"
"JAK3","GIT1","LRFN1"
"JAK3","TRAF2","LRFN1"
"JAK3","MAP2K4","LRFN1"
"JAK3","RAB7A","LRFN1"
"JAK3","EPHA2","LRFN1"
"JAK3","NRAS","LRFN1"
"JAK3","AR","LRFN1"
"JAK3","DUSP3","LRFN1"
"JAK3","MAPK11","LRFN1"
"JAK3","UNC5A","LRFN1"
"JAK3","PRKCI","LRFN1"
"JAK3","PARD6A","LRFN1"
"JAK3","PTPRA","LRFN1"
"JAK3","CCR2","LRFN1"
"JAK3","PSTPIP1","LRFN1"
"JAK3","RHEB","LRFN1"
"JAK3","DAXX","LRFN1"
"JAK3","DUSP6","LRFN1"
"JAK3","INPP5D","LRFN1"
"JAK3","PIK3R1","LRFN1"
"JAK3","CCNE1","LRFN1"
"JAK3","IRS2","LRFN1"
"JAK3","CDC42","LRFN1"
"JAK3","PIK3CG","LRFN1"
"JAK3","SH2B2","LRFN1"
"JAK3","PPP2R5A","LRFN1"
"JAK3","CLK2","LRFN1"
"JAK3","MDM2","LRFN1"
"JAK3","YWHAE","LRFN1"
"JAK3","PLCG1","LRFN1"
"JAK3","SPRY2","LRFN1"
"JAK3","RUNX2","LRFN1"
"JAK3","SH2B3","LRFN1"
"JAK3","PIK3C3","LRFN1"
"JAK3","RND1","LRFN1"
"JAK3","TIAM1","LRFN1"
"JAK3","WAC","LRFN1"
"JAK3","BANP","LRFN1"
"JAK3","DCTN6","LRFN1"
"JAK3","ACTN1","LRFN1"
"JAK3","RGCC","LRFN1"
"JAK3","CHUK","UBA1"
"JAK3","CTNNB1","UBA1"
"JAK3","CILK1","UBA1"
"JAK3","PTEN","UBA1"
"JAK3","MAPK8","UBA1"
"JAK3","MTOR","UBA1"
"JAK3","AKT1","UBA1"
"JAK3","CSNK2A1","UBA1"
"JAK3","PLK1","UBA1"
"JAK3","KRAS","UBA1"
"JAK3","RAC1","UBA1"
"JAK3","MAP2K7","UBA1"
"JAK3","PTPRJ","UBA1"
"JAK3","TGFBR1","UBA1"
"JAK3","PPP1CA","UBA1"
"JAK3","PDPK1","UBA1"
"JAK3","MAP3K14","UBA1"
"JAK3","RPS6KA1","UBA1"
"JAK3","SGK1","UBA1"
"JAK3","IGF1R","UBA1"
"JAK3","PRKCB","UBA1"
"JAK3","STK3","UBA1"
"JAK3","RAB1A","UBA1"
"JAK3","PRKCZ","UBA1"
"JAK3","TGFBR2","UBA1"
"JAK3","PAK2","UBA1"
"JAK3","AKT","UBA1"
"JAK3","RACK1","UBA1"
"JAK3","HRAS","UBA1"
"JAK3","MAPK13","UBA1"
"JAK3","PIK3CA","UBA1"
"JAK3","LEPR","UBA1"
"JAK3","RPS6KA3","UBA1"
"JAK3","mTORC1","UBA1"
"JAK3","AHSA1","UBA1"
"JAK3","ROCK1","UBA1"
"JAK3","RASSF1","UBA1"
"JAK3","BTK","UBA1"
"JAK3","SGK3","UBA1"
"JAK3","SH2B1","UBA1"
"JAK3","HSP90AB1","UBA1"
"JAK3","SHOC2","UBA1"
"JAK3","PTPN12","UBA1"
"JAK3","PPP2R5C","UBA1"
"JAK3","PAK1","UBA1"
"JAK3","TYK2","UBA1"
"JAK3","ZAP70","UBA1"
"JAK3","DUSP1","UBA1"
"JAK3","GIT1","UBA1"
"JAK3","TRAF2","UBA1"
"JAK3","MAP2K4","UBA1"
"JAK3","RAB7A","UBA1"
"JAK3","EPHA2","UBA1"
"JAK3","NRAS","UBA1"
"JAK3","AR","UBA1"
"JAK3","DUSP3","UBA1"
"JAK3","MAPK11","UBA1"
"JAK3","UNC5A","UBA1"
"JAK3","PRKCI","UBA1"
"JAK3","PARD6A","UBA1"
"JAK3","PTPRA","UBA1"
"JAK3","CCR2","UBA1"
"JAK3","PSTPIP1","UBA1"
"JAK3","RHEB","UBA1"
"JAK3","DAXX","UBA1"
"JAK3","DUSP6","UBA1"
"JAK3","INPP5D","UBA1"
"JAK3","PIK3R1","UBA1"
"JAK3","CCNE1","UBA1"
"JAK3","IRS2","UBA1"
"JAK3","CDC42","UBA1"
"JAK3","PIK3CG","UBA1"
"JAK3","SH2B2","UBA1"
"JAK3","PPP2R5A","UBA1"
"JAK3","CLK2","UBA1"
"JAK3","MDM2","UBA1"
"JAK3","YWHAE","UBA1"
"JAK3","PLCG1","UBA1"
"JAK3","SPRY2","UBA1"
"JAK3","RUNX2","UBA1"
"JAK3","SH2B3","UBA1"
"JAK3","PIK3C3","UBA1"
"JAK3","RND1","UBA1"
"JAK3","TIAM1","UBA1"
"JAK3","WAC","UBA1"
"JAK3","BANP","UBA1"
"JAK3","DCTN6","UBA1"
"JAK3","ACTN1","UBA1"
"JAK3","RGCC","UBA1"
"JAK3","CHUK","USP14"
"JAK3","CTNNB1","USP14"
"JAK3","CILK1","USP14"
"JAK3","PTEN","USP14"
"JAK3","MAPK8","USP14"
"JAK3","MTOR","USP14"
"JAK3","AKT1","USP14"
"JAK3","CSNK2A1","USP14"
"JAK3","PLK1","USP14"
"JAK3","KRAS","USP14"
"JAK3","RAC1","USP14"
"JAK3","MAP2K7","USP14"
"JAK3","PTPRJ","USP14"
"JAK3","TGFBR1","USP14"
"JAK3","PPP1CA","USP14"
"JAK3","PDPK1","USP14"
"JAK3","MAP3K14","USP14"
"JAK3","RPS6KA1","USP14"
"JAK3","SGK1","USP14"
"JAK3","IGF1R","USP14"
"JAK3","PRKCB","USP14"
"JAK3","STK3","USP14"
"JAK3","RAB1A","USP14"
"JAK3","PRKCZ","USP14"
"JAK3","TGFBR2","USP14"
"JAK3","PAK2","USP14"
"JAK3","AKT","USP14"
"JAK3","RACK1","USP14"
"JAK3","HRAS","USP14"
"JAK3","MAPK13","USP14"
"JAK3","PIK3CA","USP14"
"JAK3","LEPR","USP14"
"JAK3","RPS6KA3","USP14"
"JAK3","mTORC1","USP14"
"JAK3","AHSA1","USP14"
"JAK3","ROCK1","USP14"
"JAK3","RASSF1","USP14"
"JAK3","BTK","USP14"
"JAK3","PTPN11","USP14"
"JAK3","SGK3","USP14"
"JAK3","SH2B1","USP14"
"JAK3","HSP90AB1","USP14"
"JAK3","SHOC2","USP14"
"JAK3","PTPN12","USP14"
"JAK3","PPP2R5C","USP14"
"JAK3","PAK1","USP14"
"JAK3","TYK2","USP14"
"JAK3","ZAP70","USP14"
"JAK3","DUSP1","USP14"
"JAK3","GIT1","USP14"
"JAK3","TRAF2","USP14"
"JAK3","MAP2K4","USP14"
"JAK3","RAB7A","USP14"
"JAK3","EPHA2","USP14"
"JAK3","NRAS","USP14"
"JAK3","AR","USP14"
"JAK3","DUSP3","USP14"
"JAK3","MAPK11","USP14"
"JAK3","UNC5A","USP14"
"JAK3","PRKCI","USP14"
"JAK3","PARD6A","USP14"
"JAK3","PTPRA","USP14"
"JAK3","CCR2","USP14"
"JAK3","PSTPIP1","USP14"
"JAK3","RHEB","USP14"
"JAK3","DAXX","USP14"
"JAK3","DUSP6","USP14"
"JAK3","INPP5D","USP14"
"JAK3","PIK3R1","USP14"
"JAK3","CCNE1","USP14"
"JAK3","IRS2","USP14"
"JAK3","CDC42","USP14"
"JAK3","PIK3CG","USP14"
"JAK3","SH2B2","USP14"
"JAK3","PPP2R5A","USP14"
"JAK3","CLK2","USP14"
"JAK3","MDM2","USP14"
"JAK3","YWHAE","USP14"
"JAK3","PLCG1","USP14"
"JAK3","SPRY2","USP14"
"JAK3","RUNX2","USP14"
"JAK3","SH2B3","USP14"
"JAK3","PIK3C3","USP14"
"JAK3","RND1","USP14"
"JAK3","TIAM1","USP14"
"JAK3","WAC","USP14"
"JAK3","BANP","USP14"
"JAK3","DCTN6","USP14"
"JAK3","ACTN1","USP14"
"JAK3","RGCC","USP14"
"JAK3","CHUK","SOX2"
"JAK3","CILK1","SOX2"
"JAK3","PTEN","SOX2"
"JAK3","MAPK8","SOX2"
"JAK3","MTOR","SOX2"
"JAK3","AKT1","SOX2"
"JAK3","CSNK2A1","SOX2"
"JAK3","PLK1","SOX2"
"JAK3","KRAS","SOX2"
"JAK3","RAC1","SOX2"
"JAK3","MAP2K7","SOX2"
"JAK3","PTPRJ","SOX2"
"JAK3","TGFBR1","SOX2"
"JAK3","PPP1CA","SOX2"
"JAK3","PDPK1","SOX2"
"JAK3","MAP3K14","SOX2"
"JAK3","RPS6KA1","SOX2"
"JAK3","SGK1","SOX2"
"JAK3","IGF1R","SOX2"
"JAK3","PRKCB","SOX2"
"JAK3","STK3","SOX2"
"JAK3","RAB1A","SOX2"
"JAK3","PRKCZ","SOX2"
"JAK3","TGFBR2","SOX2"
"JAK3","PAK2","SOX2"
"JAK3","AKT","SOX2"
"JAK3","RACK1","SOX2"
"JAK3","HRAS","SOX2"
"JAK3","MAPK13","SOX2"
"JAK3","PIK3CA","SOX2"
"JAK3","LEPR","SOX2"
"JAK3","RPS6KA3","SOX2"
"JAK3","mTORC1","SOX2"
"JAK3","AHSA1","SOX2"
"JAK3","ROCK1","SOX2"
"JAK3","RASSF1","SOX2"
"JAK3","BTK","SOX2"
"JAK3","SGK3","SOX2"
"JAK3","SH2B1","SOX2"
"JAK3","HSP90AB1","SOX2"
"JAK3","SHOC2","SOX2"
"JAK3","PTPN12","SOX2"
"JAK3","PPP2R5C","SOX2"
"JAK3","PAK1","SOX2"
"JAK3","TYK2","SOX2"
"JAK3","ZAP70","SOX2"
"JAK3","DUSP1","SOX2"
"JAK3","GIT1","SOX2"
"JAK3","TRAF2","SOX2"
"JAK3","MAP2K4","SOX2"
"JAK3","RAB7A","SOX2"
"JAK3","EPHA2","SOX2"
"JAK3","NRAS","SOX2"
"JAK3","AR","SOX2"
"JAK3","DUSP3","SOX2"
"JAK3","MAPK11","SOX2"
"JAK3","UNC5A","SOX2"
"JAK3","PRKCI","SOX2"
"JAK3","PARD6A","SOX2"
"JAK3","PTPRA","SOX2"
"JAK3","CCR2","SOX2"
"JAK3","PSTPIP1","SOX2"
"JAK3","RHEB","SOX2"
"JAK3","DAXX","SOX2"
"JAK3","DUSP6","SOX2"
"JAK3","INPP5D","SOX2"
"JAK3","PIK3R1","SOX2"
"JAK3","CCNE1","SOX2"
"JAK3","IRS2","SOX2"
"JAK3","CDC42","SOX2"
"JAK3","PIK3CG","SOX2"
"JAK3","SH2B2","SOX2"
"JAK3","PPP2R5A","SOX2"
"JAK3","CLK2","SOX2"
"JAK3","MDM2","SOX2"
"JAK3","YWHAE","SOX2"
"JAK3","PLCG1","SOX2"
"JAK3","SPRY2","SOX2"
"JAK3","RUNX2","SOX2"
"JAK3","SH2B3","SOX2"
"JAK3","PIK3C3","SOX2"
"JAK3","RND1","SOX2"
"JAK3","TIAM1","SOX2"
"JAK3","WAC","SOX2"
"JAK3","BANP","SOX2"
"JAK3","DCTN6","SOX2"
"JAK3","ACTN1","SOX2"
"JAK3","RGCC","SOX2"
"JAK3","CHUK","ARFIP1"
"JAK3","CTNNB1","ARFIP1"
"JAK3","CILK1","ARFIP1"
"JAK3","PTEN","ARFIP1"
"JAK3","MAPK8","ARFIP1"
"JAK3","MTOR","ARFIP1"
"JAK3","AKT1","ARFIP1"
"JAK3","CSNK2A1","ARFIP1"
"JAK3","PLK1","ARFIP1"
"JAK3","KRAS","ARFIP1"
"JAK3","RAC1","ARFIP1"
"JAK3","MAP2K7","ARFIP1"
"JAK3","PTPRJ","ARFIP1"
"JAK3","TGFBR1","ARFIP1"
"JAK3","PPP1CA","ARFIP1"
"JAK3","PDPK1","ARFIP1"
"JAK3","MAP3K14","ARFIP1"
"JAK3","RPS6KA1","ARFIP1"
"JAK3","SGK1","ARFIP1"
"JAK3","IGF1R","ARFIP1"
"JAK3","PRKCB","ARFIP1"
"JAK3","STK3","ARFIP1"
"JAK3","RAB1A","ARFIP1"
"JAK3","PRKCZ","ARFIP1"
"JAK3","TGFBR2","ARFIP1"
"JAK3","PAK2","ARFIP1"
"JAK3","AKT","ARFIP1"
"JAK3","RACK1","ARFIP1"
"JAK3","HRAS","ARFIP1"
"JAK3","MAPK13","ARFIP1"
"JAK3","PIK3CA","ARFIP1"
"JAK3","LEPR","ARFIP1"
"JAK3","RPS6KA3","ARFIP1"
"JAK3","mTORC1","ARFIP1"
"JAK3","AHSA1","ARFIP1"
"JAK3","ROCK1","ARFIP1"
"JAK3","RASSF1","ARFIP1"
"JAK3","BTK","ARFIP1"
"JAK3","SGK3","ARFIP1"
"JAK3","SH2B1","ARFIP1"
"JAK3","HSP90AB1","ARFIP1"
"JAK3","SHOC2","ARFIP1"
"JAK3","PTPN12","ARFIP1"
"JAK3","PPP2R5C","ARFIP1"
"JAK3","PAK1","ARFIP1"
"JAK3","TYK2","ARFIP1"
"JAK3","ZAP70","ARFIP1"
"JAK3","DUSP1","ARFIP1"
"JAK3","GIT1","ARFIP1"
"JAK3","TRAF2","ARFIP1"
"JAK3","MAP2K4","ARFIP1"
"JAK3","RAB7A","ARFIP1"
"JAK3","EPHA2","ARFIP1"
"JAK3","NRAS","ARFIP1"
"JAK3","AR","ARFIP1"
"JAK3","DUSP3","ARFIP1"
"JAK3","MAPK11","ARFIP1"
"JAK3","UNC5A","ARFIP1"
"JAK3","PRKCI","ARFIP1"
"JAK3","PARD6A","ARFIP1"
"JAK3","PTPRA","ARFIP1"
"JAK3","CCR2","ARFIP1"
"JAK3","PSTPIP1","ARFIP1"
"JAK3","RHEB","ARFIP1"
"JAK3","DAXX","ARFIP1"
"JAK3","DUSP6","ARFIP1"
"JAK3","INPP5D","ARFIP1"
"JAK3","PIK3R1","ARFIP1"
"JAK3","CCNE1","ARFIP1"
"JAK3","IRS2","ARFIP1"
"JAK3","CDC42","ARFIP1"
"JAK3","PIK3CG","ARFIP1"
"JAK3","SH2B2","ARFIP1"
"JAK3","PPP2R5A","ARFIP1"
"JAK3","CLK2","ARFIP1"
"JAK3","MDM2","ARFIP1"
"JAK3","YWHAE","ARFIP1"
"JAK3","PLCG1","ARFIP1"
"JAK3","SPRY2","ARFIP1"
"JAK3","RUNX2","ARFIP1"
"JAK3","SH2B3","ARFIP1"
"JAK3","PIK3C3","ARFIP1"
"JAK3","RND1","ARFIP1"
"JAK3","TIAM1","ARFIP1"
"JAK3","WAC","ARFIP1"
"JAK3","BANP","ARFIP1"
"JAK3","DCTN6","ARFIP1"
"JAK3","ACTN1","ARFIP1"
"JAK3","RGCC","ARFIP1"
"JAK3","CHUK","SHC4"
"JAK3","CTNNB1","SHC4"
"JAK3","CILK1","SHC4"
"JAK3","PTEN","SHC4"
"JAK3","MAPK8","SHC4"
"JAK3","MTOR","SHC4"
"JAK3","AKT1","SHC4"
"JAK3","CSNK2A1","SHC4"
"JAK3","PLK1","SHC4"
"JAK3","KRAS","SHC4"
"JAK3","RAC1","SHC4"
"JAK3","MAP2K7","SHC4"
"JAK3","PTPRJ","SHC4"
"JAK3","TGFBR1","SHC4"
"JAK3","PPP1CA","SHC4"
"JAK3","PDPK1","SHC4"
"JAK3","MAP3K14","SHC4"
"JAK3","RPS6KA1","SHC4"
"JAK3","SGK1","SHC4"
"JAK3","IGF1R","SHC4"
"JAK3","PRKCB","SHC4"
"JAK3","STK3","SHC4"
"JAK3","RAB1A","SHC4"
"JAK3","PRKCZ","SHC4"
"JAK3","TGFBR2","SHC4"
"JAK3","PAK2","SHC4"
"JAK3","AKT","SHC4"
"JAK3","RACK1","SHC4"
"JAK3","HRAS","SHC4"
"JAK3","MAPK13","SHC4"
"JAK3","PIK3CA","SHC4"
"JAK3","LEPR","SHC4"
"JAK3","RPS6KA3","SHC4"
"JAK3","mTORC1","SHC4"
"JAK3","AHSA1","SHC4"
"JAK3","ROCK1","SHC4"
"JAK3","RASSF1","SHC4"
"JAK3","BTK","SHC4"
"JAK3","PTPN11","SHC4"
"JAK3","SGK3","SHC4"
"JAK3","SH2B1","SHC4"
"JAK3","HSP90AB1","SHC4"
"JAK3","SHOC2","SHC4"
"JAK3","PTPN12","SHC4"
"JAK3","PPP2R5C","SHC4"
"JAK3","PAK1","SHC4"
"JAK3","ZAP70","SHC4"
"JAK3","DUSP1","SHC4"
"JAK3","GIT1","SHC4"
"JAK3","TRAF2","SHC4"
"JAK3","MAP2K4","SHC4"
"JAK3","RAB7A","SHC4"
"JAK3","EPHA2","SHC4"
"JAK3","NRAS","SHC4"
"JAK3","AR","SHC4"
"JAK3","MAPK11","SHC4"
"JAK3","UNC5A","SHC4"
"JAK3","PRKCI","SHC4"
"JAK3","PARD6A","SHC4"
"JAK3","PTPRA","SHC4"
"JAK3","CCR2","SHC4"
"JAK3","PSTPIP1","SHC4"
"JAK3","RHEB","SHC4"
"JAK3","DAXX","SHC4"
"JAK3","DUSP6","SHC4"
"JAK3","INPP5D","SHC4"
"JAK3","PIK3R1","SHC4"
"JAK3","CCNE1","SHC4"
"JAK3","IRS2","SHC4"
"JAK3","CDC42","SHC4"
"JAK3","PIK3CG","SHC4"
"JAK3","SH2B2","SHC4"
"JAK3","PPP2R5A","SHC4"
"JAK3","CLK2","SHC4"
"JAK3","MDM2","SHC4"
"JAK3","YWHAE","SHC4"
"JAK3","PLCG1","SHC4"
"JAK3","SPRY2","SHC4"
"JAK3","RUNX2","SHC4"
"JAK3","SH2B3","SHC4"
"JAK3","PIK3C3","SHC4"
"JAK3","RND1","SHC4"
"JAK3","TIAM1","SHC4"
"JAK3","WAC","SHC4"
"JAK3","BANP","SHC4"
"JAK3","DCTN6","SHC4"
"JAK3","ACTN1","SHC4"
"JAK3","RGCC","SHC4"
"JAK3","CHUK","CDC16"
"JAK3","CTNNB1","CDC16"
"JAK3","CILK1","CDC16"
"JAK3","PTEN","CDC16"
"JAK3","MAPK8","CDC16"
"JAK3","MTOR","CDC16"
"JAK3","AKT1","CDC16"
"JAK3","CSNK2A1","CDC16"
"JAK3","PLK1","CDC16"
"JAK3","KRAS","CDC16"
"JAK3","RAC1","CDC16"
"JAK3","MAP2K7","CDC16"
"JAK3","PTPRJ","CDC16"
"JAK3","TGFBR1","CDC16"
"JAK3","PPP1CA","CDC16"
"JAK3","PDPK1","CDC16"
"JAK3","MAP3K14","CDC16"
"JAK3","RPS6KA1","CDC16"
"JAK3","SGK1","CDC16"
"JAK3","IGF1R","CDC16"
"JAK3","PRKCB","CDC16"
"JAK3","STK3","CDC16"
"JAK3","RAB1A","CDC16"
"JAK3","PRKCZ","CDC16"
"JAK3","TGFBR2","CDC16"
"JAK3","PAK2","CDC16"
"JAK3","AKT","CDC16"
"JAK3","RACK1","CDC16"
"JAK3","HRAS","CDC16"
"JAK3","MAPK13","CDC16"
"JAK3","PIK3CA","CDC16"
"JAK3","LEPR","CDC16"
"JAK3","RPS6KA3","CDC16"
"JAK3","mTORC1","CDC16"
"JAK3","AHSA1","CDC16"
"JAK3","ROCK1","CDC16"
"JAK3","RASSF1","CDC16"
"JAK3","BTK","CDC16"
"JAK3","SGK3","CDC16"
"JAK3","SH2B1","CDC16"
"JAK3","HSP90AB1","CDC16"
"JAK3","SHOC2","CDC16"
"JAK3","PTPN12","CDC16"
"JAK3","PPP2R5C","CDC16"
"JAK3","PAK1","CDC16"
"JAK3","TYK2","CDC16"
"JAK3","ZAP70","CDC16"
"JAK3","DUSP1","CDC16"
"JAK3","GIT1","CDC16"
"JAK3","TRAF2","CDC16"
"JAK3","MAP2K4","CDC16"
"JAK3","RAB7A","CDC16"
"JAK3","EPHA2","CDC16"
"JAK3","NRAS","CDC16"
"JAK3","AR","CDC16"
"JAK3","DUSP3","CDC16"
"JAK3","MAPK11","CDC16"
"JAK3","UNC5A","CDC16"
"JAK3","PRKCI","CDC16"
"JAK3","PARD6A","CDC16"
"JAK3","PTPRA","CDC16"
"JAK3","CCR2","CDC16"
"JAK3","PSTPIP1","CDC16"
"JAK3","RHEB","CDC16"
"JAK3","DAXX","CDC16"
"JAK3","DUSP6","CDC16"
"JAK3","INPP5D","CDC16"
"JAK3","PIK3R1","CDC16"
"JAK3","CCNE1","CDC16"
"JAK3","IRS2","CDC16"
"JAK3","CDC42","CDC16"
"JAK3","PIK3CG","CDC16"
"JAK3","SH2B2","CDC16"
"JAK3","PPP2R5A","CDC16"
"JAK3","CLK2","CDC16"
"JAK3","MDM2","CDC16"
"JAK3","YWHAE","CDC16"
"JAK3","PLCG1","CDC16"
"JAK3","SPRY2","CDC16"
"JAK3","RUNX2","CDC16"
"JAK3","SH2B3","CDC16"
"JAK3","PIK3C3","CDC16"
"JAK3","RND1","CDC16"
"JAK3","TIAM1","CDC16"
"JAK3","WAC","CDC16"
"JAK3","BANP","CDC16"
"JAK3","DCTN6","CDC16"
"JAK3","ACTN1","CDC16"
"JAK3","RGCC","CDC16"
"JAK3","CHUK","ISGF3 complex"
"JAK3","CTNNB1","ISGF3 complex"
"JAK3","CILK1","ISGF3 complex"
"JAK3","PTEN","ISGF3 complex"
"JAK3","MAPK8","ISGF3 complex"
"JAK3","MTOR","ISGF3 complex"
"JAK3","AKT1","ISGF3 complex"
"JAK3","CSNK2A1","ISGF3 complex"
"JAK3","PLK1","ISGF3 complex"
"JAK3","KRAS","ISGF3 complex"
"JAK3","RAC1","ISGF3 complex"
"JAK3","MAP2K7","ISGF3 complex"
"JAK3","PTPRJ","ISGF3 complex"
"JAK3","TGFBR1","ISGF3 complex"
"JAK3","PPP1CA","ISGF3 complex"
"JAK3","PDPK1","ISGF3 complex"
"JAK3","MAP3K14","ISGF3 complex"
"JAK3","RPS6KA1","ISGF3 complex"
"JAK3","SGK1","ISGF3 complex"
"JAK3","IGF1R","ISGF3 complex"
"JAK3","PRKCB","ISGF3 complex"
"JAK3","STK3","ISGF3 complex"
"JAK3","RAB1A","ISGF3 complex"
"JAK3","PRKCZ","ISGF3 complex"
"JAK3","TGFBR2","ISGF3 complex"
"JAK3","PAK2","ISGF3 complex"
"JAK3","AKT","ISGF3 complex"
"JAK3","RACK1","ISGF3 complex"
"JAK3","HRAS","ISGF3 complex"
"JAK3","MAPK13","ISGF3 complex"
"JAK3","PIK3CA","ISGF3 complex"
"JAK3","LEPR","ISGF3 complex"
"JAK3","RPS6KA3","ISGF3 complex"
"JAK3","mTORC1","ISGF3 complex"
"JAK3","AHSA1","ISGF3 complex"
"JAK3","ROCK1","ISGF3 complex"
"JAK3","RASSF1","ISGF3 complex"
"JAK3","BTK","ISGF3 complex"
"JAK3","PTPN11","ISGF3 complex"
"JAK3","SGK3","ISGF3 complex"
"JAK3","SH2B1","ISGF3 complex"
"JAK3","HSP90AB1","ISGF3 complex"
"JAK3","SHOC2","ISGF3 complex"
"JAK3","PTPN12","ISGF3 complex"
"JAK3","PPP2R5C","ISGF3 complex"
"JAK3","PAK1","ISGF3 complex"
"JAK3","TYK2","ISGF3 complex"
"JAK3","ZAP70","ISGF3 complex"
"JAK3","DUSP1","ISGF3 complex"
"JAK3","GIT1","ISGF3 complex"
"JAK3","TRAF2","ISGF3 complex"
"JAK3","MAP2K4","ISGF3 complex"
"JAK3","RAB7A","ISGF3 complex"
"JAK3","EPHA2","ISGF3 complex"
"JAK3","NRAS","ISGF3 complex"
"JAK3","AR","ISGF3 complex"
"JAK3","DUSP3","ISGF3 complex"
"JAK3","MAPK11","ISGF3 complex"
"JAK3","UNC5A","ISGF3 complex"
"JAK3","PRKCI","ISGF3 complex"
"JAK3","PARD6A","ISGF3 complex"
"JAK3","PTPRA","ISGF3 complex"
"JAK3","CCR2","ISGF3 complex"
"JAK3","PSTPIP1","ISGF3 complex"
"JAK3","RHEB","ISGF3 complex"
"JAK3","DAXX","ISGF3 complex"
"JAK3","DUSP6","ISGF3 complex"
"JAK3","INPP5D","ISGF3 complex"
"JAK3","PIK3R1","ISGF3 complex"
"JAK3","CCNE1","ISGF3 complex"
"JAK3","IRS2","ISGF3 complex"
"JAK3","CDC42","ISGF3 complex"
"JAK3","PIK3CG","ISGF3 complex"
"JAK3","SH2B2","ISGF3 complex"
"JAK3","PPP2R5A","ISGF3 complex"
"JAK3","CLK2","ISGF3 complex"
"JAK3","MDM2","ISGF3 complex"
"JAK3","YWHAE","ISGF3 complex"
"JAK3","PLCG1","ISGF3 complex"
"JAK3","SPRY2","ISGF3 complex"
"JAK3","RUNX2","ISGF3 complex"
"JAK3","SH2B3","ISGF3 complex"
"JAK3","PIK3C3","ISGF3 complex"
"JAK3","RND1","ISGF3 complex"
"JAK3","TIAM1","ISGF3 complex"
"JAK3","WAC","ISGF3 complex"
"JAK3","BANP","ISGF3 complex"
"JAK3","DCTN6","ISGF3 complex"
"JAK3","ACTN1","ISGF3 complex"
"JAK3","RGCC","ISGF3 complex"
"JAK3","CHUK","PANX1"
"JAK3","CTNNB1","PANX1"
"JAK3","CILK1","PANX1"
"JAK3","PTEN","PANX1"
"JAK3","MAPK8","PANX1"
"JAK3","MTOR","PANX1"
"JAK3","AKT1","PANX1"
"JAK3","CSNK2A1","PANX1"
"JAK3","PLK1","PANX1"
"JAK3","KRAS","PANX1"
"JAK3","RAC1","PANX1"
"JAK3","MAP2K7","PANX1"
"JAK3","PTPRJ","PANX1"
"JAK3","TGFBR1","PANX1"
"JAK3","PPP1CA","PANX1"
"JAK3","PDPK1","PANX1"
"JAK3","MAP3K14","PANX1"
"JAK3","RPS6KA1","PANX1"
"JAK3","SGK1","PANX1"
"JAK3","IGF1R","PANX1"
"JAK3","PRKCB","PANX1"
"JAK3","STK3","PANX1"
"JAK3","RAB1A","PANX1"
"JAK3","PRKCZ","PANX1"
"JAK3","TGFBR2","PANX1"
"JAK3","PAK2","PANX1"
"JAK3","AKT","PANX1"
"JAK3","RACK1","PANX1"
"JAK3","HRAS","PANX1"
"JAK3","MAPK13","PANX1"
"JAK3","PIK3CA","PANX1"
"JAK3","LEPR","PANX1"
"JAK3","RPS6KA3","PANX1"
"JAK3","mTORC1","PANX1"
"JAK3","AHSA1","PANX1"
"JAK3","ROCK1","PANX1"
"JAK3","RASSF1","PANX1"
"JAK3","BTK","PANX1"
"JAK3","SGK3","PANX1"
"JAK3","SH2B1","PANX1"
"JAK3","HSP90AB1","PANX1"
"JAK3","SHOC2","PANX1"
"JAK3","PTPN12","PANX1"
"JAK3","PPP2R5C","PANX1"
"JAK3","PAK1","PANX1"
"JAK3","TYK2","PANX1"
"JAK3","ZAP70","PANX1"
"JAK3","DUSP1","PANX1"
"JAK3","GIT1","PANX1"
"JAK3","TRAF2","PANX1"
"JAK3","MAP2K4","PANX1"
"JAK3","RAB7A","PANX1"
"JAK3","EPHA2","PANX1"
"JAK3","NRAS","PANX1"
"JAK3","AR","PANX1"
"JAK3","DUSP3","PANX1"
"JAK3","MAPK11","PANX1"
"JAK3","UNC5A","PANX1"
"JAK3","PRKCI","PANX1"
"JAK3","PARD6A","PANX1"
"JAK3","PTPRA","PANX1"
"JAK3","CCR2","PANX1"
"JAK3","PSTPIP1","PANX1"
"JAK3","RHEB","PANX1"
"JAK3","DAXX","PANX1"
"JAK3","DUSP6","PANX1"
"JAK3","INPP5D","PANX1"
"JAK3","PIK3R1","PANX1"
"JAK3","CCNE1","PANX1"
"JAK3","IRS2","PANX1"
"JAK3","CDC42","PANX1"
"JAK3","PIK3CG","PANX1"
"JAK3","SH2B2","PANX1"
"JAK3","PPP2R5A","PANX1"
"JAK3","CLK2","PANX1"
"JAK3","MDM2","PANX1"
"JAK3","YWHAE","PANX1"
"JAK3","PLCG1","PANX1"
"JAK3","SPRY2","PANX1"
"JAK3","RUNX2","PANX1"
"JAK3","SH2B3","PANX1"
"JAK3","PIK3C3","PANX1"
"JAK3","RND1","PANX1"
"JAK3","TIAM1","PANX1"
"JAK3","WAC","PANX1"
"JAK3","BANP","PANX1"
"JAK3","DCTN6","PANX1"
"JAK3","ACTN1","PANX1"
"JAK3","RGCC","PANX1"
"JAK3","CHUK","PKP3"
"JAK3","CTNNB1","PKP3"
"JAK3","CILK1","PKP3"
"JAK3","PTEN","PKP3"
"JAK3","MAPK8","PKP3"
"JAK3","MTOR","PKP3"
"JAK3","AKT1","PKP3"
"JAK3","CSNK2A1","PKP3"
"JAK3","PLK1","PKP3"
"JAK3","KRAS","PKP3"
"JAK3","RAC1","PKP3"
"JAK3","MAP2K7","PKP3"
"JAK3","PTPRJ","PKP3"
"JAK3","TGFBR1","PKP3"
"JAK3","PPP1CA","PKP3"
"JAK3","PDPK1","PKP3"
"JAK3","MAP3K14","PKP3"
"JAK3","RPS6KA1","PKP3"
"JAK3","SGK1","PKP3"
"JAK3","IGF1R","PKP3"
"JAK3","PRKCB","PKP3"
"JAK3","STK3","PKP3"
"JAK3","RAB1A","PKP3"
"JAK3","PRKCZ","PKP3"
"JAK3","TGFBR2","PKP3"
"JAK3","PAK2","PKP3"
"JAK3","AKT","PKP3"
"JAK3","RACK1","PKP3"
"JAK3","HRAS","PKP3"
"JAK3","MAPK13","PKP3"
"JAK3","PIK3CA","PKP3"
"JAK3","LEPR","PKP3"
"JAK3","RPS6KA3","PKP3"
"JAK3","mTORC1","PKP3"
"JAK3","AHSA1","PKP3"
"JAK3","ROCK1","PKP3"
"JAK3","RASSF1","PKP3"
"JAK3","BTK","PKP3"
"JAK3","SGK3","PKP3"
"JAK3","SH2B1","PKP3"
"JAK3","HSP90AB1","PKP3"
"JAK3","SHOC2","PKP3"
"JAK3","PTPN12","PKP3"
"JAK3","PPP2R5C","PKP3"
"JAK3","PAK1","PKP3"
"JAK3","TYK2","PKP3"
"JAK3","ZAP70","PKP3"
"JAK3","DUSP1","PKP3"
"JAK3","GIT1","PKP3"
"JAK3","TRAF2","PKP3"
"JAK3","MAP2K4","PKP3"
"JAK3","RAB7A","PKP3"
"JAK3","EPHA2","PKP3"
"JAK3","NRAS","PKP3"
"JAK3","AR","PKP3"
"JAK3","DUSP3","PKP3"
"JAK3","MAPK11","PKP3"
"JAK3","UNC5A","PKP3"
"JAK3","PRKCI","PKP3"
"JAK3","PARD6A","PKP3"
"JAK3","PTPRA","PKP3"
"JAK3","CCR2","PKP3"
"JAK3","PSTPIP1","PKP3"
"JAK3","RHEB","PKP3"
"JAK3","DAXX","PKP3"
"JAK3","DUSP6","PKP3"
"JAK3","INPP5D","PKP3"
"JAK3","PIK3R1","PKP3"
"JAK3","CCNE1","PKP3"
"JAK3","IRS2","PKP3"
"JAK3","CDC42","PKP3"
"JAK3","PIK3CG","PKP3"
"JAK3","SH2B2","PKP3"
"JAK3","PPP2R5A","PKP3"
"JAK3","CLK2","PKP3"
"JAK3","MDM2","PKP3"
"JAK3","YWHAE","PKP3"
"JAK3","PLCG1","PKP3"
"JAK3","SPRY2","PKP3"
"JAK3","RUNX2","PKP3"
"JAK3","SH2B3","PKP3"
"JAK3","PIK3C3","PKP3"
"JAK3","RND1","PKP3"
"JAK3","TIAM1","PKP3"
"JAK3","WAC","PKP3"
"JAK3","BANP","PKP3"
"JAK3","DCTN6","PKP3"
"JAK3","ACTN1","PKP3"
"JAK3","RGCC","PKP3"
"JAK3","CHUK","STAM"
"JAK3","CTNNB1","STAM"
"JAK3","CILK1","STAM"
"JAK3","PTEN","STAM"
"JAK3","MAPK8","STAM"
"JAK3","MTOR","STAM"
"JAK3","AKT1","STAM"
"JAK3","CSNK2A1","STAM"
"JAK3","PLK1","STAM"
"JAK3","KRAS","STAM"
"JAK3","RAC1","STAM"
"JAK3","MAP2K7","STAM"
"JAK3","PTPRJ","STAM"
"JAK3","TGFBR1","STAM"
"JAK3","PPP1CA","STAM"
"JAK3","PDPK1","STAM"
"JAK3","MAP3K14","STAM"
"JAK3","RPS6KA1","STAM"
"JAK3","SGK1","STAM"
"JAK3","IGF1R","STAM"
"JAK3","PRKCB","STAM"
"JAK3","STK3","STAM"
"JAK3","RAB1A","STAM"
"JAK3","PRKCZ","STAM"
"JAK3","TGFBR2","STAM"
"JAK3","PAK2","STAM"
"JAK3","AKT","STAM"
"JAK3","RACK1","STAM"
"JAK3","HRAS","STAM"
"JAK3","MAPK13","STAM"
"JAK3","PIK3CA","STAM"
"JAK3","LEPR","STAM"
"JAK3","RPS6KA3","STAM"
"JAK3","mTORC1","STAM"
"JAK3","AHSA1","STAM"
"JAK3","ROCK1","STAM"
"JAK3","RASSF1","STAM"
"JAK3","BTK","STAM"
"JAK3","PTPN11","STAM"
"JAK3","SGK3","STAM"
"JAK3","SH2B1","STAM"
"JAK3","HSP90AB1","STAM"
"JAK3","SHOC2","STAM"
"JAK3","PTPN12","STAM"
"JAK3","PPP2R5C","STAM"
"JAK3","PAK1","STAM"
"JAK3","TYK2","STAM"
"JAK3","ZAP70","STAM"
"JAK3","DUSP1","STAM"
"JAK3","GIT1","STAM"
"JAK3","TRAF2","STAM"
"JAK3","MAP2K4","STAM"
"JAK3","RAB7A","STAM"
"JAK3","EPHA2","STAM"
"JAK3","NRAS","STAM"
"JAK3","AR","STAM"
"JAK3","DUSP3","STAM"
"JAK3","MAPK11","STAM"
"JAK3","UNC5A","STAM"
"JAK3","PRKCI","STAM"
"JAK3","PARD6A","STAM"
"JAK3","PTPRA","STAM"
"JAK3","CCR2","STAM"
"JAK3","PSTPIP1","STAM"
"JAK3","RHEB","STAM"
"JAK3","DAXX","STAM"
"JAK3","DUSP6","STAM"
"JAK3","INPP5D","STAM"
"JAK3","PIK3R1","STAM"
"JAK3","CCNE1","STAM"
"JAK3","IRS2","STAM"
"JAK3","CDC42","STAM"
"JAK3","PIK3CG","STAM"
"JAK3","SH2B2","STAM"
"JAK3","PPP2R5A","STAM"
"JAK3","CLK2","STAM"
"JAK3","MDM2","STAM"
"JAK3","YWHAE","STAM"
"JAK3","PLCG1","STAM"
"JAK3","SPRY2","STAM"
"JAK3","RUNX2","STAM"
"JAK3","SH2B3","STAM"
"JAK3","PIK3C3","STAM"
"JAK3","RND1","STAM"
"JAK3","TIAM1","STAM"
"JAK3","WAC","STAM"
"JAK3","BANP","STAM"
"JAK3","DCTN6","STAM"
"JAK3","ACTN1","STAM"
"JAK3","RGCC","STAM"
"JAK3","CHUK","REM1"
"JAK3","CTNNB1","REM1"
"JAK3","CILK1","REM1"
"JAK3","PTEN","REM1"
"JAK3","MAPK8","REM1"
"JAK3","MTOR","REM1"
"JAK3","AKT1","REM1"
"JAK3","CSNK2A1","REM1"
"JAK3","PLK1","REM1"
"JAK3","KRAS","REM1"
"JAK3","RAC1","REM1"
"JAK3","MAP2K7","REM1"
"JAK3","PTPRJ","REM1"
"JAK3","TGFBR1","REM1"
"JAK3","PPP1CA","REM1"
"JAK3","PDPK1","REM1"
"JAK3","MAP3K14","REM1"
"JAK3","RPS6KA1","REM1"
"JAK3","SGK1","REM1"
"JAK3","IGF1R","REM1"
"JAK3","PRKCB","REM1"
"JAK3","STK3","REM1"
"JAK3","RAB1A","REM1"
"JAK3","PRKCZ","REM1"
"JAK3","TGFBR2","REM1"
"JAK3","PAK2","REM1"
"JAK3","AKT","REM1"
"JAK3","RACK1","REM1"
"JAK3","HRAS","REM1"
"JAK3","MAPK13","REM1"
"JAK3","PIK3CA","REM1"
"JAK3","LEPR","REM1"
"JAK3","RPS6KA3","REM1"
"JAK3","mTORC1","REM1"
"JAK3","AHSA1","REM1"
"JAK3","ROCK1","REM1"
"JAK3","RASSF1","REM1"
"JAK3","BTK","REM1"
"JAK3","SGK3","REM1"
"JAK3","SH2B1","REM1"
"JAK3","HSP90AB1","REM1"
"JAK3","SHOC2","REM1"
"JAK3","PTPN12","REM1"
"JAK3","PPP2R5C","REM1"
"JAK3","PAK1","REM1"
"JAK3","TYK2","REM1"
"JAK3","ZAP70","REM1"
"JAK3","DUSP1","REM1"
"JAK3","GIT1","REM1"
"JAK3","TRAF2","REM1"
"JAK3","MAP2K4","REM1"
"JAK3","RAB7A","REM1"
"JAK3","EPHA2","REM1"
"JAK3","NRAS","REM1"
"JAK3","AR","REM1"
"JAK3","DUSP3","REM1"
"JAK3","MAPK11","REM1"
"JAK3","UNC5A","REM1"
"JAK3","PRKCI","REM1"
"JAK3","PARD6A","REM1"
"JAK3","PTPRA","REM1"
"JAK3","CCR2","REM1"
"JAK3","PSTPIP1","REM1"
"JAK3","RHEB","REM1"
"JAK3","DAXX","REM1"
"JAK3","DUSP6","REM1"
"JAK3","INPP5D","REM1"
"JAK3","PIK3R1","REM1"
"JAK3","CCNE1","REM1"
"JAK3","IRS2","REM1"
"JAK3","CDC42","REM1"
"JAK3","PIK3CG","REM1"
"JAK3","SH2B2","REM1"
"JAK3","PPP2R5A","REM1"
"JAK3","CLK2","REM1"
"JAK3","MDM2","REM1"
"JAK3","YWHAE","REM1"
"JAK3","PLCG1","REM1"
"JAK3","SPRY2","REM1"
"JAK3","RUNX2","REM1"
"JAK3","SH2B3","REM1"
"JAK3","PIK3C3","REM1"
"JAK3","RND1","REM1"
"JAK3","TIAM1","REM1"
"JAK3","WAC","REM1"
"JAK3","BANP","REM1"
"JAK3","DCTN6","REM1"
"JAK3","ACTN1","REM1"
"JAK3","RGCC","REM1"
"JAK3","CHUK","Enolase"
"JAK3","CTNNB1","Enolase"
"JAK3","CILK1","Enolase"
"JAK3","PTEN","Enolase"
"JAK3","MAPK8","Enolase"
"JAK3","MTOR","Enolase"
"JAK3","AKT1","Enolase"
"JAK3","CSNK2A1","Enolase"
"JAK3","PLK1","Enolase"
"JAK3","KRAS","Enolase"
"JAK3","RAC1","Enolase"
"JAK3","MAP2K7","Enolase"
"JAK3","PTPRJ","Enolase"
"JAK3","TGFBR1","Enolase"
"JAK3","PPP1CA","Enolase"
"JAK3","PDPK1","Enolase"
"JAK3","MAP3K14","Enolase"
"JAK3","RPS6KA1","Enolase"
"JAK3","SGK1","Enolase"
"JAK3","IGF1R","Enolase"
"JAK3","PRKCB","Enolase"
"JAK3","STK3","Enolase"
"JAK3","RAB1A","Enolase"
"JAK3","PRKCZ","Enolase"
"JAK3","TGFBR2","Enolase"
"JAK3","PAK2","Enolase"
"JAK3","AKT","Enolase"
"JAK3","RACK1","Enolase"
"JAK3","HRAS","Enolase"
"JAK3","MAPK13","Enolase"
"JAK3","PIK3CA","Enolase"
"JAK3","LEPR","Enolase"
"JAK3","RPS6KA3","Enolase"
"JAK3","mTORC1","Enolase"
"JAK3","AHSA1","Enolase"
"JAK3","ROCK1","Enolase"
"JAK3","RASSF1","Enolase"
"JAK3","BTK","Enolase"
"JAK3","SGK3","Enolase"
"JAK3","SH2B1","Enolase"
"JAK3","HSP90AB1","Enolase"
"JAK3","SHOC2","Enolase"
"JAK3","PTPN12","Enolase"
"JAK3","PPP2R5C","Enolase"
"JAK3","PAK1","Enolase"
"JAK3","TYK2","Enolase"
"JAK3","ZAP70","Enolase"
"JAK3","DUSP1","Enolase"
"JAK3","GIT1","Enolase"
"JAK3","TRAF2","Enolase"
"JAK3","MAP2K4","Enolase"
"JAK3","RAB7A","Enolase"
"JAK3","EPHA2","Enolase"
"JAK3","NRAS","Enolase"
"JAK3","AR","Enolase"
"JAK3","DUSP3","Enolase"
"JAK3","MAPK11","Enolase"
"JAK3","UNC5A","Enolase"
"JAK3","PRKCI","Enolase"
"JAK3","PARD6A","Enolase"
"JAK3","PTPRA","Enolase"
"JAK3","CCR2","Enolase"
"JAK3","PSTPIP1","Enolase"
"JAK3","RHEB","Enolase"
"JAK3","DAXX","Enolase"
"JAK3","DUSP6","Enolase"
"JAK3","INPP5D","Enolase"
"JAK3","PIK3R1","Enolase"
"JAK3","CCNE1","Enolase"
"JAK3","IRS2","Enolase"
"JAK3","CDC42","Enolase"
"JAK3","PIK3CG","Enolase"
"JAK3","SH2B2","Enolase"
"JAK3","PPP2R5A","Enolase"
"JAK3","CLK2","Enolase"
"JAK3","MDM2","Enolase"
"JAK3","YWHAE","Enolase"
"JAK3","PLCG1","Enolase"
"JAK3","SPRY2","Enolase"
"JAK3","RUNX2","Enolase"
"JAK3","SH2B3","Enolase"
"JAK3","PIK3C3","Enolase"
"JAK3","RND1","Enolase"
"JAK3","TIAM1","Enolase"
"JAK3","WAC","Enolase"
"JAK3","BANP","Enolase"
"JAK3","DCTN6","Enolase"
"JAK3","ACTN1","Enolase"
"JAK3","RGCC","Enolase"
"JAK3","CHUK","NOX3"
"JAK3","CTNNB1","NOX3"
"JAK3","CILK1","NOX3"
"JAK3","PTEN","NOX3"
"JAK3","MAPK8","NOX3"
"JAK3","MTOR","NOX3"
"JAK3","AKT1","NOX3"
"JAK3","CSNK2A1","NOX3"
"JAK3","PLK1","NOX3"
"JAK3","KRAS","NOX3"
"JAK3","RAC1","NOX3"
"JAK3","MAP2K7","NOX3"
"JAK3","PTPRJ","NOX3"
"JAK3","TGFBR1","NOX3"
"JAK3","PPP1CA","NOX3"
"JAK3","PDPK1","NOX3"
"JAK3","MAP3K14","NOX3"
"JAK3","RPS6KA1","NOX3"
"JAK3","SGK1","NOX3"
"JAK3","IGF1R","NOX3"
"JAK3","PRKCB","NOX3"
"JAK3","STK3","NOX3"
"JAK3","RAB1A","NOX3"
"JAK3","PRKCZ","NOX3"
"JAK3","TGFBR2","NOX3"
"JAK3","PAK2","NOX3"
"JAK3","AKT","NOX3"
"JAK3","RACK1","NOX3"
"JAK3","HRAS","NOX3"
"JAK3","MAPK13","NOX3"
"JAK3","PIK3CA","NOX3"
"JAK3","LEPR","NOX3"
"JAK3","RPS6KA3","NOX3"
"JAK3","mTORC1","NOX3"
"JAK3","AHSA1","NOX3"
"JAK3","ROCK1","NOX3"
"JAK3","RASSF1","NOX3"
"JAK3","BTK","NOX3"
"JAK3","SGK3","NOX3"
"JAK3","SH2B1","NOX3"
"JAK3","HSP90AB1","NOX3"
"JAK3","SHOC2","NOX3"
"JAK3","PTPN12","NOX3"
"JAK3","PPP2R5C","NOX3"
"JAK3","PAK1","NOX3"
"JAK3","TYK2","NOX3"
"JAK3","ZAP70","NOX3"
"JAK3","DUSP1","NOX3"
"JAK3","GIT1","NOX3"
"JAK3","TRAF2","NOX3"
"JAK3","MAP2K4","NOX3"
"JAK3","RAB7A","NOX3"
"JAK3","EPHA2","NOX3"
"JAK3","NRAS","NOX3"
"JAK3","AR","NOX3"
"JAK3","DUSP3","NOX3"
"JAK3","MAPK11","NOX3"
"JAK3","UNC5A","NOX3"
"JAK3","PRKCI","NOX3"
"JAK3","PARD6A","NOX3"
"JAK3","PTPRA","NOX3"
"JAK3","CCR2","NOX3"
"JAK3","PSTPIP1","NOX3"
"JAK3","RHEB","NOX3"
"JAK3","DAXX","NOX3"
"JAK3","DUSP6","NOX3"
"JAK3","INPP5D","NOX3"
"JAK3","PIK3R1","NOX3"
"JAK3","CCNE1","NOX3"
"JAK3","IRS2","NOX3"
"JAK3","CDC42","NOX3"
"JAK3","PIK3CG","NOX3"
"JAK3","SH2B2","NOX3"
"JAK3","PPP2R5A","NOX3"
"JAK3","CLK2","NOX3"
"JAK3","MDM2","NOX3"
"JAK3","YWHAE","NOX3"
"JAK3","PLCG1","NOX3"
"JAK3","SPRY2","NOX3"
"JAK3","RUNX2","NOX3"
"JAK3","SH2B3","NOX3"
"JAK3","PIK3C3","NOX3"
"JAK3","RND1","NOX3"
"JAK3","TIAM1","NOX3"
"JAK3","WAC","NOX3"
"JAK3","BANP","NOX3"
"JAK3","DCTN6","NOX3"
"JAK3","ACTN1","NOX3"
"JAK3","RGCC","NOX3"
"JAK3","CHUK","FEN1"
"JAK3","CTNNB1","FEN1"
"JAK3","CILK1","FEN1"
"JAK3","PTEN","FEN1"
"JAK3","MAPK8","FEN1"
"JAK3","MTOR","FEN1"
"JAK3","AKT1","FEN1"
"JAK3","CSNK2A1","FEN1"
"JAK3","PLK1","FEN1"
"JAK3","KRAS","FEN1"
"JAK3","RAC1","FEN1"
"JAK3","MAP2K7","FEN1"
"JAK3","PTPRJ","FEN1"
"JAK3","TGFBR1","FEN1"
"JAK3","PPP1CA","FEN1"
"JAK3","PDPK1","FEN1"
"JAK3","MAP3K14","FEN1"
"JAK3","RPS6KA1","FEN1"
"JAK3","SGK1","FEN1"
"JAK3","IGF1R","FEN1"
"JAK3","PRKCB","FEN1"
"JAK3","STK3","FEN1"
"JAK3","RAB1A","FEN1"
"JAK3","PRKCZ","FEN1"
"JAK3","TGFBR2","FEN1"
"JAK3","PAK2","FEN1"
"JAK3","AKT","FEN1"
"JAK3","RACK1","FEN1"
"JAK3","HRAS","FEN1"
"JAK3","MAPK13","FEN1"
"JAK3","PIK3CA","FEN1"
"JAK3","LEPR","FEN1"
"JAK3","RPS6KA3","FEN1"
"JAK3","mTORC1","FEN1"
"JAK3","AHSA1","FEN1"
"JAK3","ROCK1","FEN1"
"JAK3","RASSF1","FEN1"
"JAK3","BTK","FEN1"
"JAK3","SGK3","FEN1"
"JAK3","SH2B1","FEN1"
"JAK3","HSP90AB1","FEN1"
"JAK3","SHOC2","FEN1"
"JAK3","PTPN12","FEN1"
"JAK3","PPP2R5C","FEN1"
"JAK3","PAK1","FEN1"
"JAK3","TYK2","FEN1"
"JAK3","ZAP70","FEN1"
"JAK3","DUSP1","FEN1"
"JAK3","GIT1","FEN1"
"JAK3","TRAF2","FEN1"
"JAK3","MAP2K4","FEN1"
"JAK3","RAB7A","FEN1"
"JAK3","EPHA2","FEN1"
"JAK3","NRAS","FEN1"
"JAK3","AR","FEN1"
"JAK3","DUSP3","FEN1"
"JAK3","MAPK11","FEN1"
"JAK3","UNC5A","FEN1"
"JAK3","PRKCI","FEN1"
"JAK3","PARD6A","FEN1"
"JAK3","PTPRA","FEN1"
"JAK3","CCR2","FEN1"
"JAK3","PSTPIP1","FEN1"
"JAK3","RHEB","FEN1"
"JAK3","DAXX","FEN1"
"JAK3","DUSP6","FEN1"
"JAK3","INPP5D","FEN1"
"JAK3","PIK3R1","FEN1"
"JAK3","CCNE1","FEN1"
"JAK3","IRS2","FEN1"
"JAK3","CDC42","FEN1"
"JAK3","PIK3CG","FEN1"
"JAK3","SH2B2","FEN1"
"JAK3","PPP2R5A","FEN1"
"JAK3","CLK2","FEN1"
"JAK3","MDM2","FEN1"
"JAK3","YWHAE","FEN1"
"JAK3","PLCG1","FEN1"
"JAK3","SPRY2","FEN1"
"JAK3","RUNX2","FEN1"
"JAK3","SH2B3","FEN1"
"JAK3","PIK3C3","FEN1"
"JAK3","RND1","FEN1"
"JAK3","TIAM1","FEN1"
"JAK3","WAC","FEN1"
"JAK3","BANP","FEN1"
"JAK3","DCTN6","FEN1"
"JAK3","ACTN1","FEN1"
"JAK3","RGCC","FEN1"
"JAK3","CHUK","KIF11"
"JAK3","CTNNB1","KIF11"
"JAK3","CILK1","KIF11"
"JAK3","PTEN","KIF11"
"JAK3","MAPK8","KIF11"
"JAK3","MTOR","KIF11"
"JAK3","AKT1","KIF11"
"JAK3","CSNK2A1","KIF11"
"JAK3","PLK1","KIF11"
"JAK3","KRAS","KIF11"
"JAK3","RAC1","KIF11"
"JAK3","MAP2K7","KIF11"
"JAK3","PTPRJ","KIF11"
"JAK3","TGFBR1","KIF11"
"JAK3","PPP1CA","KIF11"
"JAK3","PDPK1","KIF11"
"JAK3","MAP3K14","KIF11"
"JAK3","RPS6KA1","KIF11"
"JAK3","SGK1","KIF11"
"JAK3","IGF1R","KIF11"
"JAK3","PRKCB","KIF11"
"JAK3","STK3","KIF11"
"JAK3","RAB1A","KIF11"
"JAK3","PRKCZ","KIF11"
"JAK3","TGFBR2","KIF11"
"JAK3","PAK2","KIF11"
"JAK3","AKT","KIF11"
"JAK3","RACK1","KIF11"
"JAK3","HRAS","KIF11"
"JAK3","MAPK13","KIF11"
"JAK3","PIK3CA","KIF11"
"JAK3","LEPR","KIF11"
"JAK3","RPS6KA3","KIF11"
"JAK3","mTORC1","KIF11"
"JAK3","AHSA1","KIF11"
"JAK3","ROCK1","KIF11"
"JAK3","RASSF1","KIF11"
"JAK3","BTK","KIF11"
"JAK3","SGK3","KIF11"
"JAK3","SH2B1","KIF11"
"JAK3","HSP90AB1","KIF11"
"JAK3","SHOC2","KIF11"
"JAK3","PTPN12","KIF11"
"JAK3","PPP2R5C","KIF11"
"JAK3","PAK1","KIF11"
"JAK3","TYK2","KIF11"
"JAK3","ZAP70","KIF11"
"JAK3","DUSP1","KIF11"
"JAK3","GIT1","KIF11"
"JAK3","TRAF2","KIF11"
"JAK3","MAP2K4","KIF11"
"JAK3","RAB7A","KIF11"
"JAK3","EPHA2","KIF11"
"JAK3","NRAS","KIF11"
"JAK3","AR","KIF11"
"JAK3","DUSP3","KIF11"
"JAK3","MAPK11","KIF11"
"JAK3","UNC5A","KIF11"
"JAK3","PRKCI","KIF11"
"JAK3","PARD6A","KIF11"
"JAK3","PTPRA","KIF11"
"JAK3","CCR2","KIF11"
"JAK3","PSTPIP1","KIF11"
"JAK3","RHEB","KIF11"
"JAK3","DAXX","KIF11"
"JAK3","DUSP6","KIF11"
"JAK3","INPP5D","KIF11"
"JAK3","PIK3R1","KIF11"
"JAK3","CCNE1","KIF11"
"JAK3","IRS2","KIF11"
"JAK3","CDC42","KIF11"
"JAK3","PIK3CG","KIF11"
"JAK3","SH2B2","KIF11"
"JAK3","PPP2R5A","KIF11"
"JAK3","CLK2","KIF11"
"JAK3","MDM2","KIF11"
"JAK3","YWHAE","KIF11"
"JAK3","PLCG1","KIF11"
"JAK3","SPRY2","KIF11"
"JAK3","RUNX2","KIF11"
"JAK3","SH2B3","KIF11"
"JAK3","PIK3C3","KIF11"
"JAK3","RND1","KIF11"
"JAK3","TIAM1","KIF11"
"JAK3","WAC","KIF11"
"JAK3","BANP","KIF11"
"JAK3","DCTN6","KIF11"
"JAK3","ACTN1","KIF11"
"JAK3","RGCC","KIF11"
"JAK3","CHUK","PPP6R2"
"JAK3","CTNNB1","PPP6R2"
"JAK3","CILK1","PPP6R2"
"JAK3","PTEN","PPP6R2"
"JAK3","MAPK8","PPP6R2"
"JAK3","MTOR","PPP6R2"
"JAK3","AKT1","PPP6R2"
"JAK3","CSNK2A1","PPP6R2"
"JAK3","PLK1","PPP6R2"
"JAK3","KRAS","PPP6R2"
"JAK3","RAC1","PPP6R2"
"JAK3","MAP2K7","PPP6R2"
"JAK3","PTPRJ","PPP6R2"
"JAK3","TGFBR1","PPP6R2"
"JAK3","PPP1CA","PPP6R2"
"JAK3","PDPK1","PPP6R2"
"JAK3","MAP3K14","PPP6R2"
"JAK3","RPS6KA1","PPP6R2"
"JAK3","SGK1","PPP6R2"
"JAK3","IGF1R","PPP6R2"
"JAK3","PRKCB","PPP6R2"
"JAK3","STK3","PPP6R2"
"JAK3","RAB1A","PPP6R2"
"JAK3","PRKCZ","PPP6R2"
"JAK3","TGFBR2","PPP6R2"
"JAK3","PAK2","PPP6R2"
"JAK3","AKT","PPP6R2"
"JAK3","RACK1","PPP6R2"
"JAK3","HRAS","PPP6R2"
"JAK3","MAPK13","PPP6R2"
"JAK3","PIK3CA","PPP6R2"
"JAK3","LEPR","PPP6R2"
"JAK3","RPS6KA3","PPP6R2"
"JAK3","mTORC1","PPP6R2"
"JAK3","AHSA1","PPP6R2"
"JAK3","ROCK1","PPP6R2"
"JAK3","RASSF1","PPP6R2"
"JAK3","BTK","PPP6R2"
"JAK3","SGK3","PPP6R2"
"JAK3","SH2B1","PPP6R2"
"JAK3","HSP90AB1","PPP6R2"
"JAK3","SHOC2","PPP6R2"
"JAK3","PTPN12","PPP6R2"
"JAK3","PPP2R5C","PPP6R2"
"JAK3","PAK1","PPP6R2"
"JAK3","TYK2","PPP6R2"
"JAK3","ZAP70","PPP6R2"
"JAK3","DUSP1","PPP6R2"
"JAK3","GIT1","PPP6R2"
"JAK3","TRAF2","PPP6R2"
"JAK3","MAP2K4","PPP6R2"
"JAK3","RAB7A","PPP6R2"
"JAK3","EPHA2","PPP6R2"
"JAK3","NRAS","PPP6R2"
"JAK3","AR","PPP6R2"
"JAK3","DUSP3","PPP6R2"
"JAK3","MAPK11","PPP6R2"
"JAK3","UNC5A","PPP6R2"
"JAK3","PRKCI","PPP6R2"
"JAK3","PARD6A","PPP6R2"
"JAK3","PTPRA","PPP6R2"
"JAK3","CCR2","PPP6R2"
"JAK3","PSTPIP1","PPP6R2"
"JAK3","RHEB","PPP6R2"
"JAK3","DAXX","PPP6R2"
"JAK3","DUSP6","PPP6R2"
"JAK3","INPP5D","PPP6R2"
"JAK3","PIK3R1","PPP6R2"
"JAK3","CCNE1","PPP6R2"
"JAK3","IRS2","PPP6R2"
"JAK3","CDC42","PPP6R2"
"JAK3","PIK3CG","PPP6R2"
"JAK3","SH2B2","PPP6R2"
"JAK3","PPP2R5A","PPP6R2"
"JAK3","CLK2","PPP6R2"
"JAK3","MDM2","PPP6R2"
"JAK3","YWHAE","PPP6R2"
"JAK3","PLCG1","PPP6R2"
"JAK3","SPRY2","PPP6R2"
"JAK3","RUNX2","PPP6R2"
"JAK3","SH2B3","PPP6R2"
"JAK3","PIK3C3","PPP6R2"
"JAK3","RND1","PPP6R2"
"JAK3","TIAM1","PPP6R2"
"JAK3","WAC","PPP6R2"
"JAK3","BANP","PPP6R2"
"JAK3","DCTN6","PPP6R2"
"JAK3","ACTN1","PPP6R2"
"JAK3","RGCC","PPP6R2"
"JAK3","CHUK","SLC1A1"
"JAK3","CTNNB1","SLC1A1"
"JAK3","CILK1","SLC1A1"
"JAK3","PTEN","SLC1A1"
"JAK3","MAPK8","SLC1A1"
"JAK3","MTOR","SLC1A1"
"JAK3","AKT1","SLC1A1"
"JAK3","CSNK2A1","SLC1A1"
"JAK3","PLK1","SLC1A1"
"JAK3","KRAS","SLC1A1"
"JAK3","RAC1","SLC1A1"
"JAK3","MAP2K7","SLC1A1"
"JAK3","PTPRJ","SLC1A1"
"JAK3","TGFBR1","SLC1A1"
"JAK3","PPP1CA","SLC1A1"
"JAK3","PDPK1","SLC1A1"
"JAK3","MAP3K14","SLC1A1"
"JAK3","RPS6KA1","SLC1A1"
"JAK3","SGK1","SLC1A1"
"JAK3","IGF1R","SLC1A1"
"JAK3","PRKCB","SLC1A1"
"JAK3","STK3","SLC1A1"
"JAK3","RAB1A","SLC1A1"
"JAK3","PRKCZ","SLC1A1"
"JAK3","TGFBR2","SLC1A1"
"JAK3","PAK2","SLC1A1"
"JAK3","AKT","SLC1A1"
"JAK3","RACK1","SLC1A1"
"JAK3","HRAS","SLC1A1"
"JAK3","MAPK13","SLC1A1"
"JAK3","PIK3CA","SLC1A1"
"JAK3","LEPR","SLC1A1"
"JAK3","RPS6KA3","SLC1A1"
"JAK3","mTORC1","SLC1A1"
"JAK3","AHSA1","SLC1A1"
"JAK3","ROCK1","SLC1A1"
"JAK3","RASSF1","SLC1A1"
"JAK3","BTK","SLC1A1"
"JAK3","SGK3","SLC1A1"
"JAK3","SH2B1","SLC1A1"
"JAK3","HSP90AB1","SLC1A1"
"JAK3","SHOC2","SLC1A1"
"JAK3","PTPN12","SLC1A1"
"JAK3","PPP2R5C","SLC1A1"
"JAK3","PAK1","SLC1A1"
"JAK3","TYK2","SLC1A1"
"JAK3","ZAP70","SLC1A1"
"JAK3","DUSP1","SLC1A1"
"JAK3","GIT1","SLC1A1"
"JAK3","TRAF2","SLC1A1"
"JAK3","MAP2K4","SLC1A1"
"JAK3","RAB7A","SLC1A1"
"JAK3","EPHA2","SLC1A1"
"JAK3","NRAS","SLC1A1"
"JAK3","AR","SLC1A1"
"JAK3","DUSP3","SLC1A1"
"JAK3","MAPK11","SLC1A1"
"JAK3","UNC5A","SLC1A1"
"JAK3","PRKCI","SLC1A1"
"JAK3","PARD6A","SLC1A1"
"JAK3","PTPRA","SLC1A1"
"JAK3","CCR2","SLC1A1"
"JAK3","PSTPIP1","SLC1A1"
"JAK3","RHEB","SLC1A1"
"JAK3","DAXX","SLC1A1"
"JAK3","DUSP6","SLC1A1"
"JAK3","INPP5D","SLC1A1"
"JAK3","PIK3R1","SLC1A1"
"JAK3","CCNE1","SLC1A1"
"JAK3","IRS2","SLC1A1"
"JAK3","CDC42","SLC1A1"
"JAK3","PIK3CG","SLC1A1"
"JAK3","SH2B2","SLC1A1"
"JAK3","PPP2R5A","SLC1A1"
"JAK3","CLK2","SLC1A1"
"JAK3","MDM2","SLC1A1"
"JAK3","YWHAE","SLC1A1"
"JAK3","PLCG1","SLC1A1"
"JAK3","SPRY2","SLC1A1"
"JAK3","RUNX2","SLC1A1"
"JAK3","SH2B3","SLC1A1"
"JAK3","PIK3C3","SLC1A1"
"JAK3","RND1","SLC1A1"
"JAK3","TIAM1","SLC1A1"
"JAK3","WAC","SLC1A1"
"JAK3","BANP","SLC1A1"
"JAK3","DCTN6","SLC1A1"
"JAK3","ACTN1","SLC1A1"
"JAK3","RGCC","SLC1A1"
"JAK3","CHUK","REPS2"
"JAK3","CTNNB1","REPS2"
"JAK3","CILK1","REPS2"
"JAK3","PTEN","REPS2"
"JAK3","MAPK8","REPS2"
"JAK3","MTOR","REPS2"
"JAK3","AKT1","REPS2"
"JAK3","CSNK2A1","REPS2"
"JAK3","PLK1","REPS2"
"JAK3","KRAS","REPS2"
"JAK3","RAC1","REPS2"
"JAK3","MAP2K7","REPS2"
"JAK3","PTPRJ","REPS2"
"JAK3","TGFBR1","REPS2"
"JAK3","PPP1CA","REPS2"
"JAK3","PDPK1","REPS2"
"JAK3","MAP3K14","REPS2"
"JAK3","RPS6KA1","REPS2"
"JAK3","SGK1","REPS2"
"JAK3","IGF1R","REPS2"
"JAK3","PRKCB","REPS2"
"JAK3","STK3","REPS2"
"JAK3","RAB1A","REPS2"
"JAK3","PRKCZ","REPS2"
"JAK3","TGFBR2","REPS2"
"JAK3","PAK2","REPS2"
"JAK3","AKT","REPS2"
"JAK3","RACK1","REPS2"
"JAK3","HRAS","REPS2"
"JAK3","MAPK13","REPS2"
"JAK3","PIK3CA","REPS2"
"JAK3","LEPR","REPS2"
"JAK3","RPS6KA3","REPS2"
"JAK3","mTORC1","REPS2"
"JAK3","AHSA1","REPS2"
"JAK3","ROCK1","REPS2"
"JAK3","RASSF1","REPS2"
"JAK3","BTK","REPS2"
"JAK3","SGK3","REPS2"
"JAK3","SH2B1","REPS2"
"JAK3","HSP90AB1","REPS2"
"JAK3","SHOC2","REPS2"
"JAK3","PTPN12","REPS2"
"JAK3","PPP2R5C","REPS2"
"JAK3","PAK1","REPS2"
"JAK3","TYK2","REPS2"
"JAK3","ZAP70","REPS2"
"JAK3","DUSP1","REPS2"
"JAK3","GIT1","REPS2"
"JAK3","TRAF2","REPS2"
"JAK3","MAP2K4","REPS2"
"JAK3","RAB7A","REPS2"
"JAK3","EPHA2","REPS2"
"JAK3","NRAS","REPS2"
"JAK3","AR","REPS2"
"JAK3","DUSP3","REPS2"
"JAK3","MAPK11","REPS2"
"JAK3","UNC5A","REPS2"
"JAK3","PRKCI","REPS2"
"JAK3","PARD6A","REPS2"
"JAK3","PTPRA","REPS2"
"JAK3","CCR2","REPS2"
"JAK3","PSTPIP1","REPS2"
"JAK3","RHEB","REPS2"
"JAK3","DAXX","REPS2"
"JAK3","DUSP6","REPS2"
"JAK3","INPP5D","REPS2"
"JAK3","PIK3R1","REPS2"
"JAK3","CCNE1","REPS2"
"JAK3","IRS2","REPS2"
"JAK3","CDC42","REPS2"
"JAK3","PIK3CG","REPS2"
"JAK3","SH2B2","REPS2"
"JAK3","PPP2R5A","REPS2"
"JAK3","CLK2","REPS2"
"JAK3","MDM2","REPS2"
"JAK3","YWHAE","REPS2"
"JAK3","PLCG1","REPS2"
"JAK3","SPRY2","REPS2"
"JAK3","RUNX2","REPS2"
"JAK3","SH2B3","REPS2"
"JAK3","PIK3C3","REPS2"
"JAK3","RND1","REPS2"
"JAK3","TIAM1","REPS2"
"JAK3","WAC","REPS2"
"JAK3","BANP","REPS2"
"JAK3","DCTN6","REPS2"
"JAK3","ACTN1","REPS2"
"JAK3","RGCC","REPS2"
"JAK3","CHUK","KCNE1"
"JAK3","CTNNB1","KCNE1"
"JAK3","CILK1","KCNE1"
"JAK3","PTEN","KCNE1"
"JAK3","MAPK8","KCNE1"
"JAK3","MTOR","KCNE1"
"JAK3","AKT1","KCNE1"
"JAK3","CSNK2A1","KCNE1"
"JAK3","PLK1","KCNE1"
"JAK3","KRAS","KCNE1"
"JAK3","RAC1","KCNE1"
"JAK3","MAP2K7","KCNE1"
"JAK3","PTPRJ","KCNE1"
"JAK3","TGFBR1","KCNE1"
"JAK3","PPP1CA","KCNE1"
"JAK3","PDPK1","KCNE1"
"JAK3","MAP3K14","KCNE1"
"JAK3","RPS6KA1","KCNE1"
"JAK3","SGK1","KCNE1"
"JAK3","IGF1R","KCNE1"
"JAK3","PRKCB","KCNE1"
"JAK3","STK3","KCNE1"
"JAK3","RAB1A","KCNE1"
"JAK3","PRKCZ","KCNE1"
"JAK3","TGFBR2","KCNE1"
"JAK3","PAK2","KCNE1"
"JAK3","AKT","KCNE1"
"JAK3","RACK1","KCNE1"
"JAK3","HRAS","KCNE1"
"JAK3","MAPK13","KCNE1"
"JAK3","PIK3CA","KCNE1"
"JAK3","LEPR","KCNE1"
"JAK3","RPS6KA3","KCNE1"
"JAK3","mTORC1","KCNE1"
"JAK3","AHSA1","KCNE1"
"JAK3","ROCK1","KCNE1"
"JAK3","RASSF1","KCNE1"
"JAK3","BTK","KCNE1"
"JAK3","SGK3","KCNE1"
"JAK3","SH2B1","KCNE1"
"JAK3","HSP90AB1","KCNE1"
"JAK3","SHOC2","KCNE1"
"JAK3","PTPN12","KCNE1"
"JAK3","PPP2R5C","KCNE1"
"JAK3","PAK1","KCNE1"
"JAK3","TYK2","KCNE1"
"JAK3","ZAP70","KCNE1"
"JAK3","DUSP1","KCNE1"
"JAK3","GIT1","KCNE1"
"JAK3","TRAF2","KCNE1"
"JAK3","MAP2K4","KCNE1"
"JAK3","RAB7A","KCNE1"
"JAK3","EPHA2","KCNE1"
"JAK3","NRAS","KCNE1"
"JAK3","AR","KCNE1"
"JAK3","DUSP3","KCNE1"
"JAK3","MAPK11","KCNE1"
"JAK3","UNC5A","KCNE1"
"JAK3","PRKCI","KCNE1"
"JAK3","PARD6A","KCNE1"
"JAK3","PTPRA","KCNE1"
"JAK3","CCR2","KCNE1"
"JAK3","PSTPIP1","KCNE1"
"JAK3","RHEB","KCNE1"
"JAK3","DAXX","KCNE1"
"JAK3","DUSP6","KCNE1"
"JAK3","INPP5D","KCNE1"
"JAK3","PIK3R1","KCNE1"
"JAK3","CCNE1","KCNE1"
"JAK3","IRS2","KCNE1"
"JAK3","CDC42","KCNE1"
"JAK3","PIK3CG","KCNE1"
"JAK3","SH2B2","KCNE1"
"JAK3","PPP2R5A","KCNE1"
"JAK3","CLK2","KCNE1"
"JAK3","MDM2","KCNE1"
"JAK3","YWHAE","KCNE1"
"JAK3","PLCG1","KCNE1"
"JAK3","SPRY2","KCNE1"
"JAK3","RUNX2","KCNE1"
"JAK3","SH2B3","KCNE1"
"JAK3","PIK3C3","KCNE1"
"JAK3","RND1","KCNE1"
"JAK3","TIAM1","KCNE1"
"JAK3","WAC","KCNE1"
"JAK3","BANP","KCNE1"
"JAK3","DCTN6","KCNE1"
"JAK3","ACTN1","KCNE1"
"JAK3","RGCC","KCNE1"
"JAK3","CHUK","IRS4"
"JAK3","CTNNB1","IRS4"
"JAK3","CILK1","IRS4"
"JAK3","PTEN","IRS4"
"JAK3","MAPK8","IRS4"
"JAK3","MTOR","IRS4"
"JAK3","AKT1","IRS4"
"JAK3","CSNK2A1","IRS4"
"JAK3","PLK1","IRS4"
"JAK3","KRAS","IRS4"
"JAK3","RAC1","IRS4"
"JAK3","MAP2K7","IRS4"
"JAK3","PTPRJ","IRS4"
"JAK3","TGFBR1","IRS4"
"JAK3","PPP1CA","IRS4"
"JAK3","PDPK1","IRS4"
"JAK3","MAP3K14","IRS4"
"JAK3","RPS6KA1","IRS4"
"JAK3","SGK1","IRS4"
"JAK3","PRKCB","IRS4"
"JAK3","STK3","IRS4"
"JAK3","RAB1A","IRS4"
"JAK3","PRKCZ","IRS4"
"JAK3","TGFBR2","IRS4"
"JAK3","PAK2","IRS4"
"JAK3","AKT","IRS4"
"JAK3","RACK1","IRS4"
"JAK3","HRAS","IRS4"
"JAK3","MAPK13","IRS4"
"JAK3","PIK3CA","IRS4"
"JAK3","LEPR","IRS4"
"JAK3","RPS6KA3","IRS4"
"JAK3","mTORC1","IRS4"
"JAK3","AHSA1","IRS4"
"JAK3","ROCK1","IRS4"
"JAK3","RASSF1","IRS4"
"JAK3","BTK","IRS4"
"JAK3","SGK3","IRS4"
"JAK3","SH2B1","IRS4"
"JAK3","HSP90AB1","IRS4"
"JAK3","SHOC2","IRS4"
"JAK3","PTPN12","IRS4"
"JAK3","PPP2R5C","IRS4"
"JAK3","PAK1","IRS4"
"JAK3","TYK2","IRS4"
"JAK3","ZAP70","IRS4"
"JAK3","DUSP1","IRS4"
"JAK3","GIT1","IRS4"
"JAK3","TRAF2","IRS4"
"JAK3","MAP2K4","IRS4"
"JAK3","RAB7A","IRS4"
"JAK3","EPHA2","IRS4"
"JAK3","NRAS","IRS4"
"JAK3","AR","IRS4"
"JAK3","DUSP3","IRS4"
"JAK3","MAPK11","IRS4"
"JAK3","UNC5A","IRS4"
"JAK3","PRKCI","IRS4"
"JAK3","PARD6A","IRS4"
"JAK3","PTPRA","IRS4"
"JAK3","CCR2","IRS4"
"JAK3","PSTPIP1","IRS4"
"JAK3","RHEB","IRS4"
"JAK3","DAXX","IRS4"
"JAK3","DUSP6","IRS4"
"JAK3","INPP5D","IRS4"
"JAK3","PIK3R1","IRS4"
"JAK3","CCNE1","IRS4"
"JAK3","IRS2","IRS4"
"JAK3","CDC42","IRS4"
"JAK3","PIK3CG","IRS4"
"JAK3","SH2B2","IRS4"
"JAK3","PPP2R5A","IRS4"
"JAK3","CLK2","IRS4"
"JAK3","MDM2","IRS4"
"JAK3","YWHAE","IRS4"
"JAK3","PLCG1","IRS4"
"JAK3","SPRY2","IRS4"
"JAK3","RUNX2","IRS4"
"JAK3","SH2B3","IRS4"
"JAK3","PIK3C3","IRS4"
"JAK3","RND1","IRS4"
"JAK3","TIAM1","IRS4"
"JAK3","WAC","IRS4"
"JAK3","BANP","IRS4"
"JAK3","DCTN6","IRS4"
"JAK3","ACTN1","IRS4"
"JAK3","RGCC","IRS4"
"JAK3","CHUK","ATOH1"
"JAK3","CTNNB1","ATOH1"
"JAK3","CILK1","ATOH1"
"JAK3","PTEN","ATOH1"
"JAK3","MAPK8","ATOH1"
"JAK3","MTOR","ATOH1"
"JAK3","AKT1","ATOH1"
"JAK3","CSNK2A1","ATOH1"
"JAK3","PLK1","ATOH1"
"JAK3","KRAS","ATOH1"
"JAK3","RAC1","ATOH1"
"JAK3","MAP2K7","ATOH1"
"JAK3","PTPRJ","ATOH1"
"JAK3","TGFBR1","ATOH1"
"JAK3","PPP1CA","ATOH1"
"JAK3","PDPK1","ATOH1"
"JAK3","MAP3K14","ATOH1"
"JAK3","RPS6KA1","ATOH1"
"JAK3","SGK1","ATOH1"
"JAK3","IGF1R","ATOH1"
"JAK3","PRKCB","ATOH1"
"JAK3","STK3","ATOH1"
"JAK3","RAB1A","ATOH1"
"JAK3","PRKCZ","ATOH1"
"JAK3","TGFBR2","ATOH1"
"JAK3","PAK2","ATOH1"
"JAK3","AKT","ATOH1"
"JAK3","RACK1","ATOH1"
"JAK3","HRAS","ATOH1"
"JAK3","MAPK13","ATOH1"
"JAK3","PIK3CA","ATOH1"
"JAK3","LEPR","ATOH1"
"JAK3","RPS6KA3","ATOH1"
"JAK3","mTORC1","ATOH1"
"JAK3","AHSA1","ATOH1"
"JAK3","ROCK1","ATOH1"
"JAK3","RASSF1","ATOH1"
"JAK3","BTK","ATOH1"
"JAK3","PTPN11","ATOH1"
"JAK3","SGK3","ATOH1"
"JAK3","SH2B1","ATOH1"
"JAK3","HSP90AB1","ATOH1"
"JAK3","SHOC2","ATOH1"
"JAK3","PTPN12","ATOH1"
"JAK3","PPP2R5C","ATOH1"
"JAK3","PAK1","ATOH1"
"JAK3","TYK2","ATOH1"
"JAK3","ZAP70","ATOH1"
"JAK3","DUSP1","ATOH1"
"JAK3","GIT1","ATOH1"
"JAK3","TRAF2","ATOH1"
"JAK3","MAP2K4","ATOH1"
"JAK3","RAB7A","ATOH1"
"JAK3","EPHA2","ATOH1"
"JAK3","NRAS","ATOH1"
"JAK3","AR","ATOH1"
"JAK3","DUSP3","ATOH1"
"JAK3","MAPK11","ATOH1"
"JAK3","UNC5A","ATOH1"
"JAK3","PRKCI","ATOH1"
"JAK3","PARD6A","ATOH1"
"JAK3","PTPRA","ATOH1"
"JAK3","CCR2","ATOH1"
"JAK3","PSTPIP1","ATOH1"
"JAK3","RHEB","ATOH1"
"JAK3","DAXX","ATOH1"
"JAK3","DUSP6","ATOH1"
"JAK3","INPP5D","ATOH1"
"JAK3","PIK3R1","ATOH1"
"JAK3","CCNE1","ATOH1"
"JAK3","IRS2","ATOH1"
"JAK3","CDC42","ATOH1"
"JAK3","PIK3CG","ATOH1"
"JAK3","SH2B2","ATOH1"
"JAK3","PPP2R5A","ATOH1"
"JAK3","CLK2","ATOH1"
"JAK3","MDM2","ATOH1"
"JAK3","YWHAE","ATOH1"
"JAK3","PLCG1","ATOH1"
"JAK3","SPRY2","ATOH1"
"JAK3","RUNX2","ATOH1"
"JAK3","SH2B3","ATOH1"
"JAK3","PIK3C3","ATOH1"
"JAK3","RND1","ATOH1"
"JAK3","TIAM1","ATOH1"
"JAK3","WAC","ATOH1"
"JAK3","BANP","ATOH1"
"JAK3","DCTN6","ATOH1"
"JAK3","ACTN1","ATOH1"
"JAK3","RGCC","ATOH1"
"JAK3","CHUK","ARHGDIB"
"JAK3","CTNNB1","ARHGDIB"
"JAK3","CILK1","ARHGDIB"
"JAK3","PTEN","ARHGDIB"
"JAK3","MAPK8","ARHGDIB"
"JAK3","MTOR","ARHGDIB"
"JAK3","AKT1","ARHGDIB"
"JAK3","CSNK2A1","ARHGDIB"
"JAK3","PLK1","ARHGDIB"
"JAK3","KRAS","ARHGDIB"
"JAK3","RAC1","ARHGDIB"
"JAK3","MAP2K7","ARHGDIB"
"JAK3","PTPRJ","ARHGDIB"
"JAK3","TGFBR1","ARHGDIB"
"JAK3","PPP1CA","ARHGDIB"
"JAK3","PDPK1","ARHGDIB"
"JAK3","MAP3K14","ARHGDIB"
"JAK3","RPS6KA1","ARHGDIB"
"JAK3","SGK1","ARHGDIB"
"JAK3","IGF1R","ARHGDIB"
"JAK3","PRKCB","ARHGDIB"
"JAK3","STK3","ARHGDIB"
"JAK3","RAB1A","ARHGDIB"
"JAK3","PRKCZ","ARHGDIB"
"JAK3","TGFBR2","ARHGDIB"
"JAK3","PAK2","ARHGDIB"
"JAK3","AKT","ARHGDIB"
"JAK3","RACK1","ARHGDIB"
"JAK3","HRAS","ARHGDIB"
"JAK3","MAPK13","ARHGDIB"
"JAK3","PIK3CA","ARHGDIB"
"JAK3","LEPR","ARHGDIB"
"JAK3","RPS6KA3","ARHGDIB"
"JAK3","mTORC1","ARHGDIB"
"JAK3","AHSA1","ARHGDIB"
"JAK3","ROCK1","ARHGDIB"
"JAK3","RASSF1","ARHGDIB"
"JAK3","BTK","ARHGDIB"
"JAK3","SGK3","ARHGDIB"
"JAK3","SH2B1","ARHGDIB"
"JAK3","HSP90AB1","ARHGDIB"
"JAK3","SHOC2","ARHGDIB"
"JAK3","PTPN12","ARHGDIB"
"JAK3","PPP2R5C","ARHGDIB"
"JAK3","PAK1","ARHGDIB"
"JAK3","TYK2","ARHGDIB"
"JAK3","ZAP70","ARHGDIB"
"JAK3","DUSP1","ARHGDIB"
"JAK3","GIT1","ARHGDIB"
"JAK3","TRAF2","ARHGDIB"
"JAK3","MAP2K4","ARHGDIB"
"JAK3","RAB7A","ARHGDIB"
"JAK3","EPHA2","ARHGDIB"
"JAK3","NRAS","ARHGDIB"
"JAK3","AR","ARHGDIB"
"JAK3","DUSP3","ARHGDIB"
"JAK3","MAPK11","ARHGDIB"
"JAK3","UNC5A","ARHGDIB"
"JAK3","PRKCI","ARHGDIB"
"JAK3","PARD6A","ARHGDIB"
"JAK3","PTPRA","ARHGDIB"
"JAK3","CCR2","ARHGDIB"
"JAK3","PSTPIP1","ARHGDIB"
"JAK3","RHEB","ARHGDIB"
"JAK3","DAXX","ARHGDIB"
"JAK3","DUSP6","ARHGDIB"
"JAK3","INPP5D","ARHGDIB"
"JAK3","PIK3R1","ARHGDIB"
"JAK3","CCNE1","ARHGDIB"
"JAK3","IRS2","ARHGDIB"
"JAK3","CDC42","ARHGDIB"
"JAK3","PIK3CG","ARHGDIB"
"JAK3","SH2B2","ARHGDIB"
"JAK3","PPP2R5A","ARHGDIB"
"JAK3","CLK2","ARHGDIB"
"JAK3","MDM2","ARHGDIB"
"JAK3","YWHAE","ARHGDIB"
"JAK3","PLCG1","ARHGDIB"
"JAK3","SPRY2","ARHGDIB"
"JAK3","RUNX2","ARHGDIB"
"JAK3","SH2B3","ARHGDIB"
"JAK3","PIK3C3","ARHGDIB"
"JAK3","RND1","ARHGDIB"
"JAK3","TIAM1","ARHGDIB"
"JAK3","WAC","ARHGDIB"
"JAK3","BANP","ARHGDIB"
"JAK3","DCTN6","ARHGDIB"
"JAK3","ACTN1","ARHGDIB"
"JAK3","RGCC","ARHGDIB"
"JAK3","CHUK","DGCR8"
"JAK3","CTNNB1","DGCR8"
"JAK3","CILK1","DGCR8"
"JAK3","PTEN","DGCR8"
"JAK3","MAPK8","DGCR8"
"JAK3","MTOR","DGCR8"
"JAK3","AKT1","DGCR8"
"JAK3","CSNK2A1","DGCR8"
"JAK3","PLK1","DGCR8"
"JAK3","KRAS","DGCR8"
"JAK3","RAC1","DGCR8"
"JAK3","MAP2K7","DGCR8"
"JAK3","PTPRJ","DGCR8"
"JAK3","TGFBR1","DGCR8"
"JAK3","PPP1CA","DGCR8"
"JAK3","PDPK1","DGCR8"
"JAK3","MAP3K14","DGCR8"
"JAK3","RPS6KA1","DGCR8"
"JAK3","SGK1","DGCR8"
"JAK3","IGF1R","DGCR8"
"JAK3","PRKCB","DGCR8"
"JAK3","STK3","DGCR8"
"JAK3","RAB1A","DGCR8"
"JAK3","PRKCZ","DGCR8"
"JAK3","TGFBR2","DGCR8"
"JAK3","PAK2","DGCR8"
"JAK3","AKT","DGCR8"
"JAK3","RACK1","DGCR8"
"JAK3","HRAS","DGCR8"
"JAK3","MAPK13","DGCR8"
"JAK3","PIK3CA","DGCR8"
"JAK3","LEPR","DGCR8"
"JAK3","RPS6KA3","DGCR8"
"JAK3","mTORC1","DGCR8"
"JAK3","AHSA1","DGCR8"
"JAK3","ROCK1","DGCR8"
"JAK3","RASSF1","DGCR8"
"JAK3","BTK","DGCR8"
"JAK3","SGK3","DGCR8"
"JAK3","SH2B1","DGCR8"
"JAK3","HSP90AB1","DGCR8"
"JAK3","SHOC2","DGCR8"
"JAK3","PTPN12","DGCR8"
"JAK3","PPP2R5C","DGCR8"
"JAK3","PAK1","DGCR8"
"JAK3","TYK2","DGCR8"
"JAK3","ZAP70","DGCR8"
"JAK3","DUSP1","DGCR8"
"JAK3","GIT1","DGCR8"
"JAK3","TRAF2","DGCR8"
"JAK3","MAP2K4","DGCR8"
"JAK3","RAB7A","DGCR8"
"JAK3","EPHA2","DGCR8"
"JAK3","NRAS","DGCR8"
"JAK3","AR","DGCR8"
"JAK3","DUSP3","DGCR8"
"JAK3","MAPK11","DGCR8"
"JAK3","UNC5A","DGCR8"
"JAK3","PRKCI","DGCR8"
"JAK3","PARD6A","DGCR8"
"JAK3","PTPRA","DGCR8"
"JAK3","CCR2","DGCR8"
"JAK3","PSTPIP1","DGCR8"
"JAK3","RHEB","DGCR8"
"JAK3","DAXX","DGCR8"
"JAK3","DUSP6","DGCR8"
"JAK3","INPP5D","DGCR8"
"JAK3","PIK3R1","DGCR8"
"JAK3","CCNE1","DGCR8"
"JAK3","IRS2","DGCR8"
"JAK3","CDC42","DGCR8"
"JAK3","PIK3CG","DGCR8"
"JAK3","SH2B2","DGCR8"
"JAK3","PPP2R5A","DGCR8"
"JAK3","CLK2","DGCR8"
"JAK3","MDM2","DGCR8"
"JAK3","YWHAE","DGCR8"
"JAK3","PLCG1","DGCR8"
"JAK3","SPRY2","DGCR8"
"JAK3","RUNX2","DGCR8"
"JAK3","SH2B3","DGCR8"
"JAK3","PIK3C3","DGCR8"
"JAK3","RND1","DGCR8"
"JAK3","TIAM1","DGCR8"
"JAK3","WAC","DGCR8"
"JAK3","BANP","DGCR8"
"JAK3","DCTN6","DGCR8"
"JAK3","ACTN1","DGCR8"
"JAK3","RGCC","DGCR8"
"JAK3","CHUK","RAB11FIP3"
"JAK3","CTNNB1","RAB11FIP3"
"JAK3","CILK1","RAB11FIP3"
"JAK3","PTEN","RAB11FIP3"
"JAK3","MAPK8","RAB11FIP3"
"JAK3","MTOR","RAB11FIP3"
"JAK3","AKT1","RAB11FIP3"
"JAK3","CSNK2A1","RAB11FIP3"
"JAK3","PLK1","RAB11FIP3"
"JAK3","KRAS","RAB11FIP3"
"JAK3","RAC1","RAB11FIP3"
"JAK3","MAP2K7","RAB11FIP3"
"JAK3","PTPRJ","RAB11FIP3"
"JAK3","TGFBR1","RAB11FIP3"
"JAK3","PPP1CA","RAB11FIP3"
"JAK3","PDPK1","RAB11FIP3"
"JAK3","MAP3K14","RAB11FIP3"
"JAK3","RPS6KA1","RAB11FIP3"
"JAK3","SGK1","RAB11FIP3"
"JAK3","IGF1R","RAB11FIP3"
"JAK3","PRKCB","RAB11FIP3"
"JAK3","STK3","RAB11FIP3"
"JAK3","RAB1A","RAB11FIP3"
"JAK3","PRKCZ","RAB11FIP3"
"JAK3","TGFBR2","RAB11FIP3"
"JAK3","PAK2","RAB11FIP3"
"JAK3","AKT","RAB11FIP3"
"JAK3","RACK1","RAB11FIP3"
"JAK3","HRAS","RAB11FIP3"
"JAK3","MAPK13","RAB11FIP3"
"JAK3","PIK3CA","RAB11FIP3"
"JAK3","LEPR","RAB11FIP3"
"JAK3","RPS6KA3","RAB11FIP3"
"JAK3","mTORC1","RAB11FIP3"
"JAK3","AHSA1","RAB11FIP3"
"JAK3","ROCK1","RAB11FIP3"
"JAK3","RASSF1","RAB11FIP3"
"JAK3","BTK","RAB11FIP3"
"JAK3","SGK3","RAB11FIP3"
"JAK3","SH2B1","RAB11FIP3"
"JAK3","HSP90AB1","RAB11FIP3"
"JAK3","SHOC2","RAB11FIP3"
"JAK3","PTPN12","RAB11FIP3"
"JAK3","PPP2R5C","RAB11FIP3"
"JAK3","PAK1","RAB11FIP3"
"JAK3","TYK2","RAB11FIP3"
"JAK3","ZAP70","RAB11FIP3"
"JAK3","DUSP1","RAB11FIP3"
"JAK3","GIT1","RAB11FIP3"
"JAK3","TRAF2","RAB11FIP3"
"JAK3","MAP2K4","RAB11FIP3"
"JAK3","RAB7A","RAB11FIP3"
"JAK3","EPHA2","RAB11FIP3"
"JAK3","NRAS","RAB11FIP3"
"JAK3","AR","RAB11FIP3"
"JAK3","DUSP3","RAB11FIP3"
"JAK3","MAPK11","RAB11FIP3"
"JAK3","UNC5A","RAB11FIP3"
"JAK3","PRKCI","RAB11FIP3"
"JAK3","PARD6A","RAB11FIP3"
"JAK3","PTPRA","RAB11FIP3"
"JAK3","CCR2","RAB11FIP3"
"JAK3","PSTPIP1","RAB11FIP3"
"JAK3","RHEB","RAB11FIP3"
"JAK3","DAXX","RAB11FIP3"
"JAK3","DUSP6","RAB11FIP3"
"JAK3","INPP5D","RAB11FIP3"
"JAK3","PIK3R1","RAB11FIP3"
"JAK3","CCNE1","RAB11FIP3"
"JAK3","IRS2","RAB11FIP3"
"JAK3","CDC42","RAB11FIP3"
"JAK3","PIK3CG","RAB11FIP3"
"JAK3","SH2B2","RAB11FIP3"
"JAK3","PPP2R5A","RAB11FIP3"
"JAK3","CLK2","RAB11FIP3"
"JAK3","MDM2","RAB11FIP3"
"JAK3","YWHAE","RAB11FIP3"
"JAK3","PLCG1","RAB11FIP3"
"JAK3","SPRY2","RAB11FIP3"
"JAK3","RUNX2","RAB11FIP3"
"JAK3","SH2B3","RAB11FIP3"
"JAK3","PIK3C3","RAB11FIP3"
"JAK3","RND1","RAB11FIP3"
"JAK3","TIAM1","RAB11FIP3"
"JAK3","WAC","RAB11FIP3"
"JAK3","BANP","RAB11FIP3"
"JAK3","DCTN6","RAB11FIP3"
"JAK3","ACTN1","RAB11FIP3"
"JAK3","RGCC","RAB11FIP3"
"JAK3","CHUK","APBB1"
"JAK3","CTNNB1","APBB1"
"JAK3","CILK1","APBB1"
"JAK3","PTEN","APBB1"
"JAK3","MAPK8","APBB1"
"JAK3","MTOR","APBB1"
"JAK3","AKT1","APBB1"
"JAK3","CSNK2A1","APBB1"
"JAK3","PLK1","APBB1"
"JAK3","KRAS","APBB1"
"JAK3","RAC1","APBB1"
"JAK3","MAP2K7","APBB1"
"JAK3","PTPRJ","APBB1"
"JAK3","TGFBR1","APBB1"
"JAK3","PPP1CA","APBB1"
"JAK3","PDPK1","APBB1"
"JAK3","MAP3K14","APBB1"
"JAK3","RPS6KA1","APBB1"
"JAK3","SGK1","APBB1"
"JAK3","IGF1R","APBB1"
"JAK3","PRKCB","APBB1"
"JAK3","STK3","APBB1"
"JAK3","RAB1A","APBB1"
"JAK3","PRKCZ","APBB1"
"JAK3","TGFBR2","APBB1"
"JAK3","PAK2","APBB1"
"JAK3","AKT","APBB1"
"JAK3","RACK1","APBB1"
"JAK3","HRAS","APBB1"
"JAK3","MAPK13","APBB1"
"JAK3","PIK3CA","APBB1"
"JAK3","LEPR","APBB1"
"JAK3","RPS6KA3","APBB1"
"JAK3","mTORC1","APBB1"
"JAK3","AHSA1","APBB1"
"JAK3","ROCK1","APBB1"
"JAK3","RASSF1","APBB1"
"JAK3","BTK","APBB1"
"JAK3","SGK3","APBB1"
"JAK3","SH2B1","APBB1"
"JAK3","HSP90AB1","APBB1"
"JAK3","SHOC2","APBB1"
"JAK3","PTPN12","APBB1"
"JAK3","PPP2R5C","APBB1"
"JAK3","PAK1","APBB1"
"JAK3","TYK2","APBB1"
"JAK3","ZAP70","APBB1"
"JAK3","DUSP1","APBB1"
"JAK3","GIT1","APBB1"
"JAK3","TRAF2","APBB1"
"JAK3","MAP2K4","APBB1"
"JAK3","RAB7A","APBB1"
"JAK3","EPHA2","APBB1"
"JAK3","NRAS","APBB1"
"JAK3","AR","APBB1"
"JAK3","DUSP3","APBB1"
"JAK3","MAPK11","APBB1"
"JAK3","UNC5A","APBB1"
"JAK3","PRKCI","APBB1"
"JAK3","PARD6A","APBB1"
"JAK3","PTPRA","APBB1"
"JAK3","CCR2","APBB1"
"JAK3","PSTPIP1","APBB1"
"JAK3","RHEB","APBB1"
"JAK3","DAXX","APBB1"
"JAK3","DUSP6","APBB1"
"JAK3","INPP5D","APBB1"
"JAK3","PIK3R1","APBB1"
"JAK3","CCNE1","APBB1"
"JAK3","IRS2","APBB1"
"JAK3","CDC42","APBB1"
"JAK3","PIK3CG","APBB1"
"JAK3","SH2B2","APBB1"
"JAK3","PPP2R5A","APBB1"
"JAK3","CLK2","APBB1"
"JAK3","MDM2","APBB1"
"JAK3","YWHAE","APBB1"
"JAK3","PLCG1","APBB1"
"JAK3","SPRY2","APBB1"
"JAK3","RUNX2","APBB1"
"JAK3","SH2B3","APBB1"
"JAK3","PIK3C3","APBB1"
"JAK3","RND1","APBB1"
"JAK3","TIAM1","APBB1"
"JAK3","WAC","APBB1"
"JAK3","BANP","APBB1"
"JAK3","DCTN6","APBB1"
"JAK3","ACTN1","APBB1"
"JAK3","RGCC","APBB1"
"JAK3","CHUK","NOX1"
"JAK3","CTNNB1","NOX1"
"JAK3","CILK1","NOX1"
"JAK3","PTEN","NOX1"
"JAK3","MAPK8","NOX1"
"JAK3","MTOR","NOX1"
"JAK3","AKT1","NOX1"
"JAK3","CSNK2A1","NOX1"
"JAK3","PLK1","NOX1"
"JAK3","KRAS","NOX1"
"JAK3","RAC1","NOX1"
"JAK3","MAP2K7","NOX1"
"JAK3","PTPRJ","NOX1"
"JAK3","TGFBR1","NOX1"
"JAK3","PPP1CA","NOX1"
"JAK3","PDPK1","NOX1"
"JAK3","MAP3K14","NOX1"
"JAK3","RPS6KA1","NOX1"
"JAK3","SGK1","NOX1"
"JAK3","IGF1R","NOX1"
"JAK3","PRKCB","NOX1"
"JAK3","STK3","NOX1"
"JAK3","RAB1A","NOX1"
"JAK3","PRKCZ","NOX1"
"JAK3","TGFBR2","NOX1"
"JAK3","PAK2","NOX1"
"JAK3","AKT","NOX1"
"JAK3","RACK1","NOX1"
"JAK3","HRAS","NOX1"
"JAK3","MAPK13","NOX1"
"JAK3","PIK3CA","NOX1"
"JAK3","LEPR","NOX1"
"JAK3","RPS6KA3","NOX1"
"JAK3","mTORC1","NOX1"
"JAK3","AHSA1","NOX1"
"JAK3","ROCK1","NOX1"
"JAK3","RASSF1","NOX1"
"JAK3","BTK","NOX1"
"JAK3","SGK3","NOX1"
"JAK3","SH2B1","NOX1"
"JAK3","HSP90AB1","NOX1"
"JAK3","SHOC2","NOX1"
"JAK3","PTPN12","NOX1"
"JAK3","PPP2R5C","NOX1"
"JAK3","PAK1","NOX1"
"JAK3","TYK2","NOX1"
"JAK3","ZAP70","NOX1"
"JAK3","DUSP1","NOX1"
"JAK3","GIT1","NOX1"
"JAK3","TRAF2","NOX1"
"JAK3","MAP2K4","NOX1"
"JAK3","RAB7A","NOX1"
"JAK3","EPHA2","NOX1"
"JAK3","NRAS","NOX1"
"JAK3","AR","NOX1"
"JAK3","DUSP3","NOX1"
"JAK3","MAPK11","NOX1"
"JAK3","UNC5A","NOX1"
"JAK3","PRKCI","NOX1"
"JAK3","PARD6A","NOX1"
"JAK3","PTPRA","NOX1"
"JAK3","CCR2","NOX1"
"JAK3","PSTPIP1","NOX1"
"JAK3","RHEB","NOX1"
"JAK3","DAXX","NOX1"
"JAK3","DUSP6","NOX1"
"JAK3","INPP5D","NOX1"
"JAK3","PIK3R1","NOX1"
"JAK3","CCNE1","NOX1"
"JAK3","IRS2","NOX1"
"JAK3","CDC42","NOX1"
"JAK3","PIK3CG","NOX1"
"JAK3","SH2B2","NOX1"
"JAK3","PPP2R5A","NOX1"
"JAK3","CLK2","NOX1"
"JAK3","MDM2","NOX1"
"JAK3","YWHAE","NOX1"
"JAK3","PLCG1","NOX1"
"JAK3","SPRY2","NOX1"
"JAK3","RUNX2","NOX1"
"JAK3","SH2B3","NOX1"
"JAK3","PIK3C3","NOX1"
"JAK3","RND1","NOX1"
"JAK3","TIAM1","NOX1"
"JAK3","WAC","NOX1"
"JAK3","BANP","NOX1"
"JAK3","DCTN6","NOX1"
"JAK3","ACTN1","NOX1"
"JAK3","RGCC","NOX1"
"JAK3","CHUK","TKT"
"JAK3","CTNNB1","TKT"
"JAK3","CILK1","TKT"
"JAK3","PTEN","TKT"
"JAK3","MAPK8","TKT"
"JAK3","MTOR","TKT"
"JAK3","AKT1","TKT"
"JAK3","CSNK2A1","TKT"
"JAK3","PLK1","TKT"
"JAK3","KRAS","TKT"
"JAK3","RAC1","TKT"
"JAK3","MAP2K7","TKT"
"JAK3","PTPRJ","TKT"
"JAK3","TGFBR1","TKT"
"JAK3","PPP1CA","TKT"
"JAK3","PDPK1","TKT"
"JAK3","MAP3K14","TKT"
"JAK3","RPS6KA1","TKT"
"JAK3","SGK1","TKT"
"JAK3","IGF1R","TKT"
"JAK3","PRKCB","TKT"
"JAK3","STK3","TKT"
"JAK3","RAB1A","TKT"
"JAK3","PRKCZ","TKT"
"JAK3","TGFBR2","TKT"
"JAK3","PAK2","TKT"
"JAK3","AKT","TKT"
"JAK3","RACK1","TKT"
"JAK3","HRAS","TKT"
"JAK3","MAPK13","TKT"
"JAK3","PIK3CA","TKT"
"JAK3","LEPR","TKT"
"JAK3","RPS6KA3","TKT"
"JAK3","mTORC1","TKT"
"JAK3","AHSA1","TKT"
"JAK3","ROCK1","TKT"
"JAK3","RASSF1","TKT"
"JAK3","BTK","TKT"
"JAK3","PTPN11","TKT"
"JAK3","SGK3","TKT"
"JAK3","SH2B1","TKT"
"JAK3","HSP90AB1","TKT"
"JAK3","SHOC2","TKT"
"JAK3","PTPN12","TKT"
"JAK3","PPP2R5C","TKT"
"JAK3","PAK1","TKT"
"JAK3","TYK2","TKT"
"JAK3","ZAP70","TKT"
"JAK3","DUSP1","TKT"
"JAK3","GIT1","TKT"
"JAK3","TRAF2","TKT"
"JAK3","MAP2K4","TKT"
"JAK3","RAB7A","TKT"
"JAK3","EPHA2","TKT"
"JAK3","NRAS","TKT"
"JAK3","AR","TKT"
"JAK3","DUSP3","TKT"
"JAK3","MAPK11","TKT"
"JAK3","UNC5A","TKT"
"JAK3","PRKCI","TKT"
"JAK3","PARD6A","TKT"
"JAK3","PTPRA","TKT"
"JAK3","CCR2","TKT"
"JAK3","PSTPIP1","TKT"
"JAK3","RHEB","TKT"
"JAK3","DAXX","TKT"
"JAK3","DUSP6","TKT"
"JAK3","INPP5D","TKT"
"JAK3","PIK3R1","TKT"
"JAK3","CCNE1","TKT"
"JAK3","IRS2","TKT"
"JAK3","CDC42","TKT"
"JAK3","PIK3CG","TKT"
"JAK3","SH2B2","TKT"
"JAK3","PPP2R5A","TKT"
"JAK3","CLK2","TKT"
"JAK3","MDM2","TKT"
"JAK3","YWHAE","TKT"
"JAK3","PLCG1","TKT"
"JAK3","SPRY2","TKT"
"JAK3","RUNX2","TKT"
"JAK3","SH2B3","TKT"
"JAK3","PIK3C3","TKT"
"JAK3","RND1","TKT"
"JAK3","TIAM1","TKT"
"JAK3","WAC","TKT"
"JAK3","BANP","TKT"
"JAK3","DCTN6","TKT"
"JAK3","ACTN1","TKT"
"JAK3","RGCC","TKT"
"JAK3","PTPN11","KCNN1"
"JAK3","CHUK","LRFN2"
"JAK3","CTNNB1","LRFN2"
"JAK3","CILK1","LRFN2"
"JAK3","PTEN","LRFN2"
"JAK3","MAPK8","LRFN2"
"JAK3","MTOR","LRFN2"
"JAK3","AKT1","LRFN2"
"JAK3","CSNK2A1","LRFN2"
"JAK3","PLK1","LRFN2"
"JAK3","KRAS","LRFN2"
"JAK3","RAC1","LRFN2"
"JAK3","MAP2K7","LRFN2"
"JAK3","PTPRJ","LRFN2"
"JAK3","TGFBR1","LRFN2"
"JAK3","PPP1CA","LRFN2"
"JAK3","PDPK1","LRFN2"
"JAK3","MAP3K14","LRFN2"
"JAK3","RPS6KA1","LRFN2"
"JAK3","SGK1","LRFN2"
"JAK3","IGF1R","LRFN2"
"JAK3","PRKCB","LRFN2"
"JAK3","STK3","LRFN2"
"JAK3","RAB1A","LRFN2"
"JAK3","PRKCZ","LRFN2"
"JAK3","TGFBR2","LRFN2"
"JAK3","PAK2","LRFN2"
"JAK3","AKT","LRFN2"
"JAK3","RACK1","LRFN2"
"JAK3","HRAS","LRFN2"
"JAK3","MAPK13","LRFN2"
"JAK3","PIK3CA","LRFN2"
"JAK3","LEPR","LRFN2"
"JAK3","RPS6KA3","LRFN2"
"JAK3","mTORC1","LRFN2"
"JAK3","AHSA1","LRFN2"
"JAK3","ROCK1","LRFN2"
"JAK3","RASSF1","LRFN2"
"JAK3","BTK","LRFN2"
"JAK3","SGK3","LRFN2"
"JAK3","SH2B1","LRFN2"
"JAK3","HSP90AB1","LRFN2"
"JAK3","SHOC2","LRFN2"
"JAK3","PTPN12","LRFN2"
"JAK3","PPP2R5C","LRFN2"
"JAK3","PAK1","LRFN2"
"JAK3","TYK2","LRFN2"
"JAK3","ZAP70","LRFN2"
"JAK3","DUSP1","LRFN2"
"JAK3","GIT1","LRFN2"
"JAK3","TRAF2","LRFN2"
"JAK3","MAP2K4","LRFN2"
"JAK3","RAB7A","LRFN2"
"JAK3","EPHA2","LRFN2"
"JAK3","NRAS","LRFN2"
"JAK3","AR","LRFN2"
"JAK3","DUSP3","LRFN2"
"JAK3","MAPK11","LRFN2"
"JAK3","UNC5A","LRFN2"
"JAK3","PRKCI","LRFN2"
"JAK3","PARD6A","LRFN2"
"JAK3","PTPRA","LRFN2"
"JAK3","CCR2","LRFN2"
"JAK3","PSTPIP1","LRFN2"
"JAK3","RHEB","LRFN2"
"JAK3","DAXX","LRFN2"
"JAK3","DUSP6","LRFN2"
"JAK3","INPP5D","LRFN2"
"JAK3","PIK3R1","LRFN2"
"JAK3","CCNE1","LRFN2"
"JAK3","IRS2","LRFN2"
"JAK3","CDC42","LRFN2"
"JAK3","PIK3CG","LRFN2"
"JAK3","SH2B2","LRFN2"
"JAK3","PPP2R5A","LRFN2"
"JAK3","CLK2","LRFN2"
"JAK3","MDM2","LRFN2"
"JAK3","YWHAE","LRFN2"
"JAK3","PLCG1","LRFN2"
"JAK3","SPRY2","LRFN2"
"JAK3","RUNX2","LRFN2"
"JAK3","SH2B3","LRFN2"
"JAK3","PIK3C3","LRFN2"
"JAK3","RND1","LRFN2"
"JAK3","TIAM1","LRFN2"
"JAK3","WAC","LRFN2"
"JAK3","BANP","LRFN2"
"JAK3","DCTN6","LRFN2"
"JAK3","ACTN1","LRFN2"
"JAK3","RGCC","LRFN2"
"JAK3","CHUK","SLC1A2"
"JAK3","CTNNB1","SLC1A2"
"JAK3","CILK1","SLC1A2"
"JAK3","PTEN","SLC1A2"
"JAK3","MAPK8","SLC1A2"
"JAK3","MTOR","SLC1A2"
"JAK3","AKT1","SLC1A2"
"JAK3","CSNK2A1","SLC1A2"
"JAK3","PLK1","SLC1A2"
"JAK3","KRAS","SLC1A2"
"JAK3","RAC1","SLC1A2"
"JAK3","MAP2K7","SLC1A2"
"JAK3","PTPRJ","SLC1A2"
"JAK3","TGFBR1","SLC1A2"
"JAK3","PPP1CA","SLC1A2"
"JAK3","PDPK1","SLC1A2"
"JAK3","MAP3K14","SLC1A2"
"JAK3","RPS6KA1","SLC1A2"
"JAK3","SGK1","SLC1A2"
"JAK3","IGF1R","SLC1A2"
"JAK3","PRKCB","SLC1A2"
"JAK3","STK3","SLC1A2"
"JAK3","RAB1A","SLC1A2"
"JAK3","PRKCZ","SLC1A2"
"JAK3","TGFBR2","SLC1A2"
"JAK3","PAK2","SLC1A2"
"JAK3","AKT","SLC1A2"
"JAK3","RACK1","SLC1A2"
"JAK3","HRAS","SLC1A2"
"JAK3","MAPK13","SLC1A2"
"JAK3","PIK3CA","SLC1A2"
"JAK3","LEPR","SLC1A2"
"JAK3","RPS6KA3","SLC1A2"
"JAK3","mTORC1","SLC1A2"
"JAK3","AHSA1","SLC1A2"
"JAK3","ROCK1","SLC1A2"
"JAK3","RASSF1","SLC1A2"
"JAK3","BTK","SLC1A2"
"JAK3","SGK3","SLC1A2"
"JAK3","SH2B1","SLC1A2"
"JAK3","HSP90AB1","SLC1A2"
"JAK3","SHOC2","SLC1A2"
"JAK3","PTPN12","SLC1A2"
"JAK3","PPP2R5C","SLC1A2"
"JAK3","PAK1","SLC1A2"
"JAK3","TYK2","SLC1A2"
"JAK3","ZAP70","SLC1A2"
"JAK3","DUSP1","SLC1A2"
"JAK3","GIT1","SLC1A2"
"JAK3","TRAF2","SLC1A2"
"JAK3","MAP2K4","SLC1A2"
"JAK3","RAB7A","SLC1A2"
"JAK3","EPHA2","SLC1A2"
"JAK3","NRAS","SLC1A2"
"JAK3","AR","SLC1A2"
"JAK3","DUSP3","SLC1A2"
"JAK3","MAPK11","SLC1A2"
"JAK3","UNC5A","SLC1A2"
"JAK3","PRKCI","SLC1A2"
"JAK3","PARD6A","SLC1A2"
"JAK3","PTPRA","SLC1A2"
"JAK3","CCR2","SLC1A2"
"JAK3","PSTPIP1","SLC1A2"
"JAK3","RHEB","SLC1A2"
"JAK3","DAXX","SLC1A2"
"JAK3","DUSP6","SLC1A2"
"JAK3","INPP5D","SLC1A2"
"JAK3","PIK3R1","SLC1A2"
"JAK3","CCNE1","SLC1A2"
"JAK3","IRS2","SLC1A2"
"JAK3","CDC42","SLC1A2"
"JAK3","PIK3CG","SLC1A2"
"JAK3","SH2B2","SLC1A2"
"JAK3","PPP2R5A","SLC1A2"
"JAK3","CLK2","SLC1A2"
"JAK3","MDM2","SLC1A2"
"JAK3","YWHAE","SLC1A2"
"JAK3","PLCG1","SLC1A2"
"JAK3","SPRY2","SLC1A2"
"JAK3","RUNX2","SLC1A2"
"JAK3","SH2B3","SLC1A2"
"JAK3","PIK3C3","SLC1A2"
"JAK3","RND1","SLC1A2"
"JAK3","TIAM1","SLC1A2"
"JAK3","WAC","SLC1A2"
"JAK3","BANP","SLC1A2"
"JAK3","DCTN6","SLC1A2"
"JAK3","ACTN1","SLC1A2"
"JAK3","RGCC","SLC1A2"
"JAK3","CHUK","SSBP3"
"JAK3","CTNNB1","SSBP3"
"JAK3","CILK1","SSBP3"
"JAK3","PTEN","SSBP3"
"JAK3","MAPK8","SSBP3"
"JAK3","MTOR","SSBP3"
"JAK3","AKT1","SSBP3"
"JAK3","CSNK2A1","SSBP3"
"JAK3","PLK1","SSBP3"
"JAK3","KRAS","SSBP3"
"JAK3","RAC1","SSBP3"
"JAK3","MAP2K7","SSBP3"
"JAK3","PTPRJ","SSBP3"
"JAK3","TGFBR1","SSBP3"
"JAK3","PPP1CA","SSBP3"
"JAK3","PDPK1","SSBP3"
"JAK3","MAP3K14","SSBP3"
"JAK3","RPS6KA1","SSBP3"
"JAK3","SGK1","SSBP3"
"JAK3","IGF1R","SSBP3"
"JAK3","PRKCB","SSBP3"
"JAK3","STK3","SSBP3"
"JAK3","RAB1A","SSBP3"
"JAK3","PRKCZ","SSBP3"
"JAK3","TGFBR2","SSBP3"
"JAK3","PAK2","SSBP3"
"JAK3","AKT","SSBP3"
"JAK3","RACK1","SSBP3"
"JAK3","HRAS","SSBP3"
"JAK3","MAPK13","SSBP3"
"JAK3","PIK3CA","SSBP3"
"JAK3","LEPR","SSBP3"
"JAK3","RPS6KA3","SSBP3"
"JAK3","mTORC1","SSBP3"
"JAK3","AHSA1","SSBP3"
"JAK3","ROCK1","SSBP3"
"JAK3","RASSF1","SSBP3"
"JAK3","BTK","SSBP3"
"JAK3","SGK3","SSBP3"
"JAK3","SH2B1","SSBP3"
"JAK3","HSP90AB1","SSBP3"
"JAK3","SHOC2","SSBP3"
"JAK3","PTPN12","SSBP3"
"JAK3","PPP2R5C","SSBP3"
"JAK3","PAK1","SSBP3"
"JAK3","TYK2","SSBP3"
"JAK3","ZAP70","SSBP3"
"JAK3","DUSP1","SSBP3"
"JAK3","GIT1","SSBP3"
"JAK3","TRAF2","SSBP3"
"JAK3","MAP2K4","SSBP3"
"JAK3","RAB7A","SSBP3"
"JAK3","EPHA2","SSBP3"
"JAK3","NRAS","SSBP3"
"JAK3","AR","SSBP3"
"JAK3","DUSP3","SSBP3"
"JAK3","MAPK11","SSBP3"
"JAK3","UNC5A","SSBP3"
"JAK3","PRKCI","SSBP3"
"JAK3","PARD6A","SSBP3"
"JAK3","PTPRA","SSBP3"
"JAK3","CCR2","SSBP3"
"JAK3","PSTPIP1","SSBP3"
"JAK3","RHEB","SSBP3"
"JAK3","DAXX","SSBP3"
"JAK3","DUSP6","SSBP3"
"JAK3","INPP5D","SSBP3"
"JAK3","PIK3R1","SSBP3"
"JAK3","CCNE1","SSBP3"
"JAK3","IRS2","SSBP3"
"JAK3","CDC42","SSBP3"
"JAK3","PIK3CG","SSBP3"
"JAK3","SH2B2","SSBP3"
"JAK3","PPP2R5A","SSBP3"
"JAK3","CLK2","SSBP3"
"JAK3","MDM2","SSBP3"
"JAK3","YWHAE","SSBP3"
"JAK3","PLCG1","SSBP3"
"JAK3","SPRY2","SSBP3"
"JAK3","RUNX2","SSBP3"
"JAK3","SH2B3","SSBP3"
"JAK3","PIK3C3","SSBP3"
"JAK3","RND1","SSBP3"
"JAK3","TIAM1","SSBP3"
"JAK3","WAC","SSBP3"
"JAK3","BANP","SSBP3"
"JAK3","DCTN6","SSBP3"
"JAK3","ACTN1","SSBP3"
"JAK3","RGCC","SSBP3"
"JAK3","CHUK","GLRB"
"JAK3","CTNNB1","GLRB"
"JAK3","CILK1","GLRB"
"JAK3","PTEN","GLRB"
"JAK3","MAPK8","GLRB"
"JAK3","MTOR","GLRB"
"JAK3","AKT1","GLRB"
"JAK3","CSNK2A1","GLRB"
"JAK3","PLK1","GLRB"
"JAK3","KRAS","GLRB"
"JAK3","RAC1","GLRB"
"JAK3","MAP2K7","GLRB"
"JAK3","PTPRJ","GLRB"
"JAK3","TGFBR1","GLRB"
"JAK3","PPP1CA","GLRB"
"JAK3","PDPK1","GLRB"
"JAK3","MAP3K14","GLRB"
"JAK3","RPS6KA1","GLRB"
"JAK3","SGK1","GLRB"
"JAK3","IGF1R","GLRB"
"JAK3","PRKCB","GLRB"
"JAK3","STK3","GLRB"
"JAK3","RAB1A","GLRB"
"JAK3","PRKCZ","GLRB"
"JAK3","TGFBR2","GLRB"
"JAK3","PAK2","GLRB"
"JAK3","AKT","GLRB"
"JAK3","RACK1","GLRB"
"JAK3","HRAS","GLRB"
"JAK3","MAPK13","GLRB"
"JAK3","PIK3CA","GLRB"
"JAK3","LEPR","GLRB"
"JAK3","RPS6KA3","GLRB"
"JAK3","mTORC1","GLRB"
"JAK3","AHSA1","GLRB"
"JAK3","ROCK1","GLRB"
"JAK3","RASSF1","GLRB"
"JAK3","BTK","GLRB"
"JAK3","SGK3","GLRB"
"JAK3","SH2B1","GLRB"
"JAK3","HSP90AB1","GLRB"
"JAK3","SHOC2","GLRB"
"JAK3","PTPN12","GLRB"
"JAK3","PPP2R5C","GLRB"
"JAK3","PAK1","GLRB"
"JAK3","TYK2","GLRB"
"JAK3","ZAP70","GLRB"
"JAK3","DUSP1","GLRB"
"JAK3","GIT1","GLRB"
"JAK3","TRAF2","GLRB"
"JAK3","MAP2K4","GLRB"
"JAK3","RAB7A","GLRB"
"JAK3","EPHA2","GLRB"
"JAK3","NRAS","GLRB"
"JAK3","AR","GLRB"
"JAK3","DUSP3","GLRB"
"JAK3","MAPK11","GLRB"
"JAK3","UNC5A","GLRB"
"JAK3","PRKCI","GLRB"
"JAK3","PARD6A","GLRB"
"JAK3","PTPRA","GLRB"
"JAK3","CCR2","GLRB"
"JAK3","PSTPIP1","GLRB"
"JAK3","RHEB","GLRB"
"JAK3","DAXX","GLRB"
"JAK3","DUSP6","GLRB"
"JAK3","INPP5D","GLRB"
"JAK3","PIK3R1","GLRB"
"JAK3","CCNE1","GLRB"
"JAK3","IRS2","GLRB"
"JAK3","CDC42","GLRB"
"JAK3","PIK3CG","GLRB"
"JAK3","SH2B2","GLRB"
"JAK3","PPP2R5A","GLRB"
"JAK3","CLK2","GLRB"
"JAK3","MDM2","GLRB"
"JAK3","YWHAE","GLRB"
"JAK3","PLCG1","GLRB"
"JAK3","SPRY2","GLRB"
"JAK3","RUNX2","GLRB"
"JAK3","SH2B3","GLRB"
"JAK3","PIK3C3","GLRB"
"JAK3","RND1","GLRB"
"JAK3","TIAM1","GLRB"
"JAK3","WAC","GLRB"
"JAK3","BANP","GLRB"
"JAK3","DCTN6","GLRB"
"JAK3","ACTN1","GLRB"
"JAK3","RGCC","GLRB"
"JAK3","CHUK","CORO7"
"JAK3","CTNNB1","CORO7"
"JAK3","CILK1","CORO7"
"JAK3","PTEN","CORO7"
"JAK3","MAPK8","CORO7"
"JAK3","MTOR","CORO7"
"JAK3","AKT1","CORO7"
"JAK3","CSNK2A1","CORO7"
"JAK3","PLK1","CORO7"
"JAK3","KRAS","CORO7"
"JAK3","RAC1","CORO7"
"JAK3","MAP2K7","CORO7"
"JAK3","PTPRJ","CORO7"
"JAK3","TGFBR1","CORO7"
"JAK3","PPP1CA","CORO7"
"JAK3","PDPK1","CORO7"
"JAK3","MAP3K14","CORO7"
"JAK3","RPS6KA1","CORO7"
"JAK3","SGK1","CORO7"
"JAK3","IGF1R","CORO7"
"JAK3","PRKCB","CORO7"
"JAK3","STK3","CORO7"
"JAK3","RAB1A","CORO7"
"JAK3","PRKCZ","CORO7"
"JAK3","TGFBR2","CORO7"
"JAK3","PAK2","CORO7"
"JAK3","AKT","CORO7"
"JAK3","RACK1","CORO7"
"JAK3","HRAS","CORO7"
"JAK3","MAPK13","CORO7"
"JAK3","PIK3CA","CORO7"
"JAK3","LEPR","CORO7"
"JAK3","RPS6KA3","CORO7"
"JAK3","mTORC1","CORO7"
"JAK3","AHSA1","CORO7"
"JAK3","ROCK1","CORO7"
"JAK3","RASSF1","CORO7"
"JAK3","BTK","CORO7"
"JAK3","SGK3","CORO7"
"JAK3","SH2B1","CORO7"
"JAK3","HSP90AB1","CORO7"
"JAK3","SHOC2","CORO7"
"JAK3","PTPN12","CORO7"
"JAK3","PPP2R5C","CORO7"
"JAK3","PAK1","CORO7"
"JAK3","TYK2","CORO7"
"JAK3","ZAP70","CORO7"
"JAK3","DUSP1","CORO7"
"JAK3","GIT1","CORO7"
"JAK3","TRAF2","CORO7"
"JAK3","MAP2K4","CORO7"
"JAK3","RAB7A","CORO7"
"JAK3","EPHA2","CORO7"
"JAK3","NRAS","CORO7"
"JAK3","AR","CORO7"
"JAK3","DUSP3","CORO7"
"JAK3","MAPK11","CORO7"
"JAK3","UNC5A","CORO7"
"JAK3","PRKCI","CORO7"
"JAK3","PARD6A","CORO7"
"JAK3","PTPRA","CORO7"
"JAK3","CCR2","CORO7"
"JAK3","PSTPIP1","CORO7"
"JAK3","RHEB","CORO7"
"JAK3","DAXX","CORO7"
"JAK3","DUSP6","CORO7"
"JAK3","INPP5D","CORO7"
"JAK3","PIK3R1","CORO7"
"JAK3","CCNE1","CORO7"
"JAK3","IRS2","CORO7"
"JAK3","CDC42","CORO7"
"JAK3","PIK3CG","CORO7"
"JAK3","SH2B2","CORO7"
"JAK3","PPP2R5A","CORO7"
"JAK3","CLK2","CORO7"
"JAK3","MDM2","CORO7"
"JAK3","YWHAE","CORO7"
"JAK3","PLCG1","CORO7"
"JAK3","SPRY2","CORO7"
"JAK3","RUNX2","CORO7"
"JAK3","SH2B3","CORO7"
"JAK3","PIK3C3","CORO7"
"JAK3","RND1","CORO7"
"JAK3","TIAM1","CORO7"
"JAK3","WAC","CORO7"
"JAK3","BANP","CORO7"
"JAK3","DCTN6","CORO7"
"JAK3","ACTN1","CORO7"
"JAK3","RGCC","CORO7"
"JAK3","CHUK","PTTG1IP"
"JAK3","CTNNB1","PTTG1IP"
"JAK3","CILK1","PTTG1IP"
"JAK3","PTEN","PTTG1IP"
"JAK3","MAPK8","PTTG1IP"
"JAK3","MTOR","PTTG1IP"
"JAK3","AKT1","PTTG1IP"
"JAK3","CSNK2A1","PTTG1IP"
"JAK3","PLK1","PTTG1IP"
"JAK3","KRAS","PTTG1IP"
"JAK3","RAC1","PTTG1IP"
"JAK3","MAP2K7","PTTG1IP"
"JAK3","PTPRJ","PTTG1IP"
"JAK3","TGFBR1","PTTG1IP"
"JAK3","PPP1CA","PTTG1IP"
"JAK3","PDPK1","PTTG1IP"
"JAK3","MAP3K14","PTTG1IP"
"JAK3","RPS6KA1","PTTG1IP"
"JAK3","SGK1","PTTG1IP"
"JAK3","IGF1R","PTTG1IP"
"JAK3","PRKCB","PTTG1IP"
"JAK3","STK3","PTTG1IP"
"JAK3","RAB1A","PTTG1IP"
"JAK3","PRKCZ","PTTG1IP"
"JAK3","TGFBR2","PTTG1IP"
"JAK3","PAK2","PTTG1IP"
"JAK3","AKT","PTTG1IP"
"JAK3","RACK1","PTTG1IP"
"JAK3","HRAS","PTTG1IP"
"JAK3","MAPK13","PTTG1IP"
"JAK3","PIK3CA","PTTG1IP"
"JAK3","LEPR","PTTG1IP"
"JAK3","RPS6KA3","PTTG1IP"
"JAK3","mTORC1","PTTG1IP"
"JAK3","AHSA1","PTTG1IP"
"JAK3","ROCK1","PTTG1IP"
"JAK3","RASSF1","PTTG1IP"
"JAK3","BTK","PTTG1IP"
"JAK3","SGK3","PTTG1IP"
"JAK3","SH2B1","PTTG1IP"
"JAK3","HSP90AB1","PTTG1IP"
"JAK3","SHOC2","PTTG1IP"
"JAK3","PTPN12","PTTG1IP"
"JAK3","PPP2R5C","PTTG1IP"
"JAK3","PAK1","PTTG1IP"
"JAK3","TYK2","PTTG1IP"
"JAK3","ZAP70","PTTG1IP"
"JAK3","DUSP1","PTTG1IP"
"JAK3","GIT1","PTTG1IP"
"JAK3","TRAF2","PTTG1IP"
"JAK3","MAP2K4","PTTG1IP"
"JAK3","RAB7A","PTTG1IP"
"JAK3","EPHA2","PTTG1IP"
"JAK3","NRAS","PTTG1IP"
"JAK3","AR","PTTG1IP"
"JAK3","DUSP3","PTTG1IP"
"JAK3","MAPK11","PTTG1IP"
"JAK3","UNC5A","PTTG1IP"
"JAK3","PRKCI","PTTG1IP"
"JAK3","PARD6A","PTTG1IP"
"JAK3","PTPRA","PTTG1IP"
"JAK3","CCR2","PTTG1IP"
"JAK3","PSTPIP1","PTTG1IP"
"JAK3","RHEB","PTTG1IP"
"JAK3","DAXX","PTTG1IP"
"JAK3","DUSP6","PTTG1IP"
"JAK3","INPP5D","PTTG1IP"
"JAK3","PIK3R1","PTTG1IP"
"JAK3","CCNE1","PTTG1IP"
"JAK3","IRS2","PTTG1IP"
"JAK3","CDC42","PTTG1IP"
"JAK3","PIK3CG","PTTG1IP"
"JAK3","SH2B2","PTTG1IP"
"JAK3","PPP2R5A","PTTG1IP"
"JAK3","CLK2","PTTG1IP"
"JAK3","MDM2","PTTG1IP"
"JAK3","YWHAE","PTTG1IP"
"JAK3","PLCG1","PTTG1IP"
"JAK3","SPRY2","PTTG1IP"
"JAK3","RUNX2","PTTG1IP"
"JAK3","SH2B3","PTTG1IP"
"JAK3","PIK3C3","PTTG1IP"
"JAK3","RND1","PTTG1IP"
"JAK3","TIAM1","PTTG1IP"
"JAK3","WAC","PTTG1IP"
"JAK3","BANP","PTTG1IP"
"JAK3","DCTN6","PTTG1IP"
"JAK3","ACTN1","PTTG1IP"
"JAK3","RGCC","PTTG1IP"
"JAK3","CHUK","GSN"
"JAK3","CTNNB1","GSN"
"JAK3","CILK1","GSN"
"JAK3","PTEN","GSN"
"JAK3","MAPK8","GSN"
"JAK3","MTOR","GSN"
"JAK3","AKT1","GSN"
"JAK3","CSNK2A1","GSN"
"JAK3","PLK1","GSN"
"JAK3","KRAS","GSN"
"JAK3","RAC1","GSN"
"JAK3","MAP2K7","GSN"
"JAK3","PTPRJ","GSN"
"JAK3","TGFBR1","GSN"
"JAK3","PPP1CA","GSN"
"JAK3","PDPK1","GSN"
"JAK3","MAP3K14","GSN"
"JAK3","RPS6KA1","GSN"
"JAK3","SGK1","GSN"
"JAK3","IGF1R","GSN"
"JAK3","PRKCB","GSN"
"JAK3","STK3","GSN"
"JAK3","RAB1A","GSN"
"JAK3","PRKCZ","GSN"
"JAK3","TGFBR2","GSN"
"JAK3","PAK2","GSN"
"JAK3","AKT","GSN"
"JAK3","RACK1","GSN"
"JAK3","HRAS","GSN"
"JAK3","MAPK13","GSN"
"JAK3","PIK3CA","GSN"
"JAK3","LEPR","GSN"
"JAK3","RPS6KA3","GSN"
"JAK3","mTORC1","GSN"
"JAK3","AHSA1","GSN"
"JAK3","ROCK1","GSN"
"JAK3","RASSF1","GSN"
"JAK3","BTK","GSN"
"JAK3","SGK3","GSN"
"JAK3","SH2B1","GSN"
"JAK3","HSP90AB1","GSN"
"JAK3","SHOC2","GSN"
"JAK3","PTPN12","GSN"
"JAK3","PPP2R5C","GSN"
"JAK3","PAK1","GSN"
"JAK3","TYK2","GSN"
"JAK3","ZAP70","GSN"
"JAK3","DUSP1","GSN"
"JAK3","GIT1","GSN"
"JAK3","TRAF2","GSN"
"JAK3","MAP2K4","GSN"
"JAK3","RAB7A","GSN"
"JAK3","EPHA2","GSN"
"JAK3","NRAS","GSN"
"JAK3","AR","GSN"
"JAK3","DUSP3","GSN"
"JAK3","MAPK11","GSN"
"JAK3","UNC5A","GSN"
"JAK3","PRKCI","GSN"
"JAK3","PARD6A","GSN"
"JAK3","PTPRA","GSN"
"JAK3","CCR2","GSN"
"JAK3","PSTPIP1","GSN"
"JAK3","RHEB","GSN"
"JAK3","DAXX","GSN"
"JAK3","DUSP6","GSN"
"JAK3","INPP5D","GSN"
"JAK3","PIK3R1","GSN"
"JAK3","CCNE1","GSN"
"JAK3","IRS2","GSN"
"JAK3","CDC42","GSN"
"JAK3","PIK3CG","GSN"
"JAK3","SH2B2","GSN"
"JAK3","PPP2R5A","GSN"
"JAK3","CLK2","GSN"
"JAK3","MDM2","GSN"
"JAK3","YWHAE","GSN"
"JAK3","PLCG1","GSN"
"JAK3","SPRY2","GSN"
"JAK3","RUNX2","GSN"
"JAK3","SH2B3","GSN"
"JAK3","PIK3C3","GSN"
"JAK3","RND1","GSN"
"JAK3","TIAM1","GSN"
"JAK3","WAC","GSN"
"JAK3","BANP","GSN"
"JAK3","DCTN6","GSN"
"JAK3","ACTN1","GSN"
"JAK3","RGCC","GSN"
"JAK3","CHUK","RGS7"
"JAK3","CTNNB1","RGS7"
"JAK3","CILK1","RGS7"
"JAK3","PTEN","RGS7"
"JAK3","MAPK8","RGS7"
"JAK3","MTOR","RGS7"
"JAK3","AKT1","RGS7"
"JAK3","CSNK2A1","RGS7"
"JAK3","PLK1","RGS7"
"JAK3","KRAS","RGS7"
"JAK3","RAC1","RGS7"
"JAK3","MAP2K7","RGS7"
"JAK3","PTPRJ","RGS7"
"JAK3","TGFBR1","RGS7"
"JAK3","PPP1CA","RGS7"
"JAK3","PDPK1","RGS7"
"JAK3","MAP3K14","RGS7"
"JAK3","RPS6KA1","RGS7"
"JAK3","SGK1","RGS7"
"JAK3","IGF1R","RGS7"
"JAK3","PRKCB","RGS7"
"JAK3","STK3","RGS7"
"JAK3","RAB1A","RGS7"
"JAK3","PRKCZ","RGS7"
"JAK3","TGFBR2","RGS7"
"JAK3","PAK2","RGS7"
"JAK3","AKT","RGS7"
"JAK3","RACK1","RGS7"
"JAK3","HRAS","RGS7"
"JAK3","MAPK13","RGS7"
"JAK3","PIK3CA","RGS7"
"JAK3","LEPR","RGS7"
"JAK3","RPS6KA3","RGS7"
"JAK3","mTORC1","RGS7"
"JAK3","AHSA1","RGS7"
"JAK3","ROCK1","RGS7"
"JAK3","RASSF1","RGS7"
"JAK3","BTK","RGS7"
"JAK3","SGK3","RGS7"
"JAK3","SH2B1","RGS7"
"JAK3","HSP90AB1","RGS7"
"JAK3","SHOC2","RGS7"
"JAK3","PTPN12","RGS7"
"JAK3","PPP2R5C","RGS7"
"JAK3","PAK1","RGS7"
"JAK3","TYK2","RGS7"
"JAK3","ZAP70","RGS7"
"JAK3","DUSP1","RGS7"
"JAK3","GIT1","RGS7"
"JAK3","TRAF2","RGS7"
"JAK3","MAP2K4","RGS7"
"JAK3","RAB7A","RGS7"
"JAK3","EPHA2","RGS7"
"JAK3","NRAS","RGS7"
"JAK3","AR","RGS7"
"JAK3","DUSP3","RGS7"
"JAK3","MAPK11","RGS7"
"JAK3","UNC5A","RGS7"
"JAK3","PRKCI","RGS7"
"JAK3","PARD6A","RGS7"
"JAK3","PTPRA","RGS7"
"JAK3","CCR2","RGS7"
"JAK3","PSTPIP1","RGS7"
"JAK3","RHEB","RGS7"
"JAK3","DAXX","RGS7"
"JAK3","DUSP6","RGS7"
"JAK3","INPP5D","RGS7"
"JAK3","PIK3R1","RGS7"
"JAK3","CCNE1","RGS7"
"JAK3","IRS2","RGS7"
"JAK3","CDC42","RGS7"
"JAK3","PIK3CG","RGS7"
"JAK3","SH2B2","RGS7"
"JAK3","PPP2R5A","RGS7"
"JAK3","CLK2","RGS7"
"JAK3","MDM2","RGS7"
"JAK3","YWHAE","RGS7"
"JAK3","PLCG1","RGS7"
"JAK3","SPRY2","RGS7"
"JAK3","RUNX2","RGS7"
"JAK3","SH2B3","RGS7"
"JAK3","PIK3C3","RGS7"
"JAK3","RND1","RGS7"
"JAK3","TIAM1","RGS7"
"JAK3","WAC","RGS7"
"JAK3","BANP","RGS7"
"JAK3","DCTN6","RGS7"
"JAK3","ACTN1","RGS7"
"JAK3","RGCC","RGS7"
"JAK3","CHUK","SOS2"
"JAK3","CTNNB1","SOS2"
"JAK3","CILK1","SOS2"
"JAK3","PTEN","SOS2"
"JAK3","MAPK8","SOS2"
"JAK3","MTOR","SOS2"
"JAK3","AKT1","SOS2"
"JAK3","CSNK2A1","SOS2"
"JAK3","PLK1","SOS2"
"JAK3","KRAS","SOS2"
"JAK3","RAC1","SOS2"
"JAK3","MAP2K7","SOS2"
"JAK3","PTPRJ","SOS2"
"JAK3","TGFBR1","SOS2"
"JAK3","PPP1CA","SOS2"
"JAK3","PDPK1","SOS2"
"JAK3","MAP3K14","SOS2"
"JAK3","RPS6KA1","SOS2"
"JAK3","SGK1","SOS2"
"JAK3","IGF1R","SOS2"
"JAK3","PRKCB","SOS2"
"JAK3","STK3","SOS2"
"JAK3","RAB1A","SOS2"
"JAK3","PRKCZ","SOS2"
"JAK3","TGFBR2","SOS2"
"JAK3","PAK2","SOS2"
"JAK3","AKT","SOS2"
"JAK3","RACK1","SOS2"
"JAK3","HRAS","SOS2"
"JAK3","MAPK13","SOS2"
"JAK3","PIK3CA","SOS2"
"JAK3","LEPR","SOS2"
"JAK3","RPS6KA3","SOS2"
"JAK3","mTORC1","SOS2"
"JAK3","AHSA1","SOS2"
"JAK3","ROCK1","SOS2"
"JAK3","RASSF1","SOS2"
"JAK3","BTK","SOS2"
"JAK3","PTPN11","SOS2"
"JAK3","SGK3","SOS2"
"JAK3","SH2B1","SOS2"
"JAK3","HSP90AB1","SOS2"
"JAK3","SHOC2","SOS2"
"JAK3","PTPN12","SOS2"
"JAK3","PPP2R5C","SOS2"
"JAK3","PAK1","SOS2"
"JAK3","TYK2","SOS2"
"JAK3","ZAP70","SOS2"
"JAK3","DUSP1","SOS2"
"JAK3","GIT1","SOS2"
"JAK3","TRAF2","SOS2"
"JAK3","MAP2K4","SOS2"
"JAK3","RAB7A","SOS2"
"JAK3","EPHA2","SOS2"
"JAK3","NRAS","SOS2"
"JAK3","AR","SOS2"
"JAK3","DUSP3","SOS2"
"JAK3","MAPK11","SOS2"
"JAK3","UNC5A","SOS2"
"JAK3","PRKCI","SOS2"
"JAK3","PARD6A","SOS2"
"JAK3","PTPRA","SOS2"
"JAK3","CCR2","SOS2"
"JAK3","PSTPIP1","SOS2"
"JAK3","RHEB","SOS2"
"JAK3","DAXX","SOS2"
"JAK3","DUSP6","SOS2"
"JAK3","INPP5D","SOS2"
"JAK3","PIK3R1","SOS2"
"JAK3","CCNE1","SOS2"
"JAK3","IRS2","SOS2"
"JAK3","CDC42","SOS2"
"JAK3","PIK3CG","SOS2"
"JAK3","SH2B2","SOS2"
"JAK3","PPP2R5A","SOS2"
"JAK3","CLK2","SOS2"
"JAK3","MDM2","SOS2"
"JAK3","YWHAE","SOS2"
"JAK3","PLCG1","SOS2"
"JAK3","SPRY2","SOS2"
"JAK3","RUNX2","SOS2"
"JAK3","SH2B3","SOS2"
"JAK3","PIK3C3","SOS2"
"JAK3","RND1","SOS2"
"JAK3","TIAM1","SOS2"
"JAK3","WAC","SOS2"
"JAK3","BANP","SOS2"
"JAK3","DCTN6","SOS2"
"JAK3","ACTN1","SOS2"
"JAK3","RGCC","SOS2"
"JAK3","CHUK","HOXA10"
"JAK3","CTNNB1","HOXA10"
"JAK3","CILK1","HOXA10"
"JAK3","PTEN","HOXA10"
"JAK3","MAPK8","HOXA10"
"JAK3","MTOR","HOXA10"
"JAK3","AKT1","HOXA10"
"JAK3","CSNK2A1","HOXA10"
"JAK3","PLK1","HOXA10"
"JAK3","KRAS","HOXA10"
"JAK3","RAC1","HOXA10"
"JAK3","MAP2K7","HOXA10"
"JAK3","PTPRJ","HOXA10"
"JAK3","TGFBR1","HOXA10"
"JAK3","PPP1CA","HOXA10"
"JAK3","PDPK1","HOXA10"
"JAK3","MAP3K14","HOXA10"
"JAK3","RPS6KA1","HOXA10"
"JAK3","SGK1","HOXA10"
"JAK3","IGF1R","HOXA10"
"JAK3","PRKCB","HOXA10"
"JAK3","STK3","HOXA10"
"JAK3","RAB1A","HOXA10"
"JAK3","PRKCZ","HOXA10"
"JAK3","TGFBR2","HOXA10"
"JAK3","PAK2","HOXA10"
"JAK3","AKT","HOXA10"
"JAK3","RACK1","HOXA10"
"JAK3","HRAS","HOXA10"
"JAK3","MAPK13","HOXA10"
"JAK3","PIK3CA","HOXA10"
"JAK3","LEPR","HOXA10"
"JAK3","RPS6KA3","HOXA10"
"JAK3","mTORC1","HOXA10"
"JAK3","AHSA1","HOXA10"
"JAK3","ROCK1","HOXA10"
"JAK3","RASSF1","HOXA10"
"JAK3","BTK","HOXA10"
"JAK3","SGK3","HOXA10"
"JAK3","SH2B1","HOXA10"
"JAK3","HSP90AB1","HOXA10"
"JAK3","SHOC2","HOXA10"
"JAK3","PTPN12","HOXA10"
"JAK3","PPP2R5C","HOXA10"
"JAK3","PAK1","HOXA10"
"JAK3","TYK2","HOXA10"
"JAK3","ZAP70","HOXA10"
"JAK3","DUSP1","HOXA10"
"JAK3","GIT1","HOXA10"
"JAK3","TRAF2","HOXA10"
"JAK3","MAP2K4","HOXA10"
"JAK3","RAB7A","HOXA10"
"JAK3","EPHA2","HOXA10"
"JAK3","NRAS","HOXA10"
"JAK3","AR","HOXA10"
"JAK3","DUSP3","HOXA10"
"JAK3","MAPK11","HOXA10"
"JAK3","UNC5A","HOXA10"
"JAK3","PRKCI","HOXA10"
"JAK3","PARD6A","HOXA10"
"JAK3","PTPRA","HOXA10"
"JAK3","CCR2","HOXA10"
"JAK3","PSTPIP1","HOXA10"
"JAK3","RHEB","HOXA10"
"JAK3","DAXX","HOXA10"
"JAK3","DUSP6","HOXA10"
"JAK3","INPP5D","HOXA10"
"JAK3","PIK3R1","HOXA10"
"JAK3","CCNE1","HOXA10"
"JAK3","IRS2","HOXA10"
"JAK3","CDC42","HOXA10"
"JAK3","PIK3CG","HOXA10"
"JAK3","SH2B2","HOXA10"
"JAK3","PPP2R5A","HOXA10"
"JAK3","CLK2","HOXA10"
"JAK3","MDM2","HOXA10"
"JAK3","YWHAE","HOXA10"
"JAK3","PLCG1","HOXA10"
"JAK3","SPRY2","HOXA10"
"JAK3","RUNX2","HOXA10"
"JAK3","SH2B3","HOXA10"
"JAK3","PIK3C3","HOXA10"
"JAK3","RND1","HOXA10"
"JAK3","TIAM1","HOXA10"
"JAK3","WAC","HOXA10"
"JAK3","BANP","HOXA10"
"JAK3","DCTN6","HOXA10"
"JAK3","ACTN1","HOXA10"
"JAK3","RGCC","HOXA10"
"JAK3","CHUK","SULT4A1"
"JAK3","CTNNB1","SULT4A1"
"JAK3","CILK1","SULT4A1"
"JAK3","PTEN","SULT4A1"
"JAK3","MAPK8","SULT4A1"
"JAK3","MTOR","SULT4A1"
"JAK3","AKT1","SULT4A1"
"JAK3","CSNK2A1","SULT4A1"
"JAK3","PLK1","SULT4A1"
"JAK3","KRAS","SULT4A1"
"JAK3","RAC1","SULT4A1"
"JAK3","MAP2K7","SULT4A1"
"JAK3","PTPRJ","SULT4A1"
"JAK3","TGFBR1","SULT4A1"
"JAK3","PPP1CA","SULT4A1"
"JAK3","PDPK1","SULT4A1"
"JAK3","MAP3K14","SULT4A1"
"JAK3","RPS6KA1","SULT4A1"
"JAK3","SGK1","SULT4A1"
"JAK3","IGF1R","SULT4A1"
"JAK3","PRKCB","SULT4A1"
"JAK3","STK3","SULT4A1"
"JAK3","RAB1A","SULT4A1"
"JAK3","PRKCZ","SULT4A1"
"JAK3","TGFBR2","SULT4A1"
"JAK3","PAK2","SULT4A1"
"JAK3","AKT","SULT4A1"
"JAK3","RACK1","SULT4A1"
"JAK3","HRAS","SULT4A1"
"JAK3","MAPK13","SULT4A1"
"JAK3","PIK3CA","SULT4A1"
"JAK3","LEPR","SULT4A1"
"JAK3","RPS6KA3","SULT4A1"
"JAK3","mTORC1","SULT4A1"
"JAK3","AHSA1","SULT4A1"
"JAK3","ROCK1","SULT4A1"
"JAK3","RASSF1","SULT4A1"
"JAK3","BTK","SULT4A1"
"JAK3","PTPN11","SULT4A1"
"JAK3","SGK3","SULT4A1"
"JAK3","SH2B1","SULT4A1"
"JAK3","HSP90AB1","SULT4A1"
"JAK3","SHOC2","SULT4A1"
"JAK3","PTPN12","SULT4A1"
"JAK3","PPP2R5C","SULT4A1"
"JAK3","PAK1","SULT4A1"
"JAK3","ZAP70","SULT4A1"
"JAK3","DUSP1","SULT4A1"
"JAK3","GIT1","SULT4A1"
"JAK3","TRAF2","SULT4A1"
"JAK3","MAP2K4","SULT4A1"
"JAK3","RAB7A","SULT4A1"
"JAK3","EPHA2","SULT4A1"
"JAK3","NRAS","SULT4A1"
"JAK3","AR","SULT4A1"
"JAK3","MAPK11","SULT4A1"
"JAK3","UNC5A","SULT4A1"
"JAK3","PRKCI","SULT4A1"
"JAK3","PARD6A","SULT4A1"
"JAK3","PTPRA","SULT4A1"
"JAK3","CCR2","SULT4A1"
"JAK3","PSTPIP1","SULT4A1"
"JAK3","RHEB","SULT4A1"
"JAK3","DAXX","SULT4A1"
"JAK3","DUSP6","SULT4A1"
"JAK3","INPP5D","SULT4A1"
"JAK3","PIK3R1","SULT4A1"
"JAK3","CCNE1","SULT4A1"
"JAK3","IRS2","SULT4A1"
"JAK3","CDC42","SULT4A1"
"JAK3","PIK3CG","SULT4A1"
"JAK3","SH2B2","SULT4A1"
"JAK3","PPP2R5A","SULT4A1"
"JAK3","CLK2","SULT4A1"
"JAK3","MDM2","SULT4A1"
"JAK3","YWHAE","SULT4A1"
"JAK3","PLCG1","SULT4A1"
"JAK3","SPRY2","SULT4A1"
"JAK3","RUNX2","SULT4A1"
"JAK3","SH2B3","SULT4A1"
"JAK3","PIK3C3","SULT4A1"
"JAK3","RND1","SULT4A1"
"JAK3","TIAM1","SULT4A1"
"JAK3","WAC","SULT4A1"
"JAK3","BANP","SULT4A1"
"JAK3","DCTN6","SULT4A1"
"JAK3","ACTN1","SULT4A1"
"JAK3","RGCC","SULT4A1"
"JAK3","CHUK","NDUFV2"
"JAK3","CTNNB1","NDUFV2"
"JAK3","CILK1","NDUFV2"
"JAK3","PTEN","NDUFV2"
"JAK3","MAPK8","NDUFV2"
"JAK3","MTOR","NDUFV2"
"JAK3","AKT1","NDUFV2"
"JAK3","CSNK2A1","NDUFV2"
"JAK3","PLK1","NDUFV2"
"JAK3","KRAS","NDUFV2"
"JAK3","RAC1","NDUFV2"
"JAK3","MAP2K7","NDUFV2"
"JAK3","PTPRJ","NDUFV2"
"JAK3","TGFBR1","NDUFV2"
"JAK3","PPP1CA","NDUFV2"
"JAK3","PDPK1","NDUFV2"
"JAK3","MAP3K14","NDUFV2"
"JAK3","RPS6KA1","NDUFV2"
"JAK3","SGK1","NDUFV2"
"JAK3","IGF1R","NDUFV2"
"JAK3","PRKCB","NDUFV2"
"JAK3","STK3","NDUFV2"
"JAK3","RAB1A","NDUFV2"
"JAK3","PRKCZ","NDUFV2"
"JAK3","TGFBR2","NDUFV2"
"JAK3","PAK2","NDUFV2"
"JAK3","AKT","NDUFV2"
"JAK3","RACK1","NDUFV2"
"JAK3","HRAS","NDUFV2"
"JAK3","MAPK13","NDUFV2"
"JAK3","PIK3CA","NDUFV2"
"JAK3","LEPR","NDUFV2"
"JAK3","RPS6KA3","NDUFV2"
"JAK3","mTORC1","NDUFV2"
"JAK3","AHSA1","NDUFV2"
"JAK3","ROCK1","NDUFV2"
"JAK3","RASSF1","NDUFV2"
"JAK3","BTK","NDUFV2"
"JAK3","SGK3","NDUFV2"
"JAK3","SH2B1","NDUFV2"
"JAK3","HSP90AB1","NDUFV2"
"JAK3","SHOC2","NDUFV2"
"JAK3","PTPN12","NDUFV2"
"JAK3","PPP2R5C","NDUFV2"
"JAK3","PAK1","NDUFV2"
"JAK3","TYK2","NDUFV2"
"JAK3","ZAP70","NDUFV2"
"JAK3","DUSP1","NDUFV2"
"JAK3","GIT1","NDUFV2"
"JAK3","TRAF2","NDUFV2"
"JAK3","MAP2K4","NDUFV2"
"JAK3","RAB7A","NDUFV2"
"JAK3","EPHA2","NDUFV2"
"JAK3","NRAS","NDUFV2"
"JAK3","AR","NDUFV2"
"JAK3","DUSP3","NDUFV2"
"JAK3","MAPK11","NDUFV2"
"JAK3","UNC5A","NDUFV2"
"JAK3","PRKCI","NDUFV2"
"JAK3","PARD6A","NDUFV2"
"JAK3","PTPRA","NDUFV2"
"JAK3","CCR2","NDUFV2"
"JAK3","PSTPIP1","NDUFV2"
"JAK3","RHEB","NDUFV2"
"JAK3","DAXX","NDUFV2"
"JAK3","DUSP6","NDUFV2"
"JAK3","INPP5D","NDUFV2"
"JAK3","PIK3R1","NDUFV2"
"JAK3","CCNE1","NDUFV2"
"JAK3","IRS2","NDUFV2"
"JAK3","CDC42","NDUFV2"
"JAK3","PIK3CG","NDUFV2"
"JAK3","SH2B2","NDUFV2"
"JAK3","PPP2R5A","NDUFV2"
"JAK3","CLK2","NDUFV2"
"JAK3","MDM2","NDUFV2"
"JAK3","YWHAE","NDUFV2"
"JAK3","PLCG1","NDUFV2"
"JAK3","SPRY2","NDUFV2"
"JAK3","RUNX2","NDUFV2"
"JAK3","SH2B3","NDUFV2"
"JAK3","PIK3C3","NDUFV2"
"JAK3","RND1","NDUFV2"
"JAK3","TIAM1","NDUFV2"
"JAK3","WAC","NDUFV2"
"JAK3","BANP","NDUFV2"
"JAK3","DCTN6","NDUFV2"
"JAK3","ACTN1","NDUFV2"
"JAK3","RGCC","NDUFV2"
"JAK3","CHUK","SDHA"
"JAK3","CTNNB1","SDHA"
"JAK3","CILK1","SDHA"
"JAK3","PTEN","SDHA"
"JAK3","MAPK8","SDHA"
"JAK3","MTOR","SDHA"
"JAK3","AKT1","SDHA"
"JAK3","CSNK2A1","SDHA"
"JAK3","PLK1","SDHA"
"JAK3","KRAS","SDHA"
"JAK3","RAC1","SDHA"
"JAK3","MAP2K7","SDHA"
"JAK3","PTPRJ","SDHA"
"JAK3","TGFBR1","SDHA"
"JAK3","PPP1CA","SDHA"
"JAK3","PDPK1","SDHA"
"JAK3","MAP3K14","SDHA"
"JAK3","RPS6KA1","SDHA"
"JAK3","SGK1","SDHA"
"JAK3","IGF1R","SDHA"
"JAK3","PRKCB","SDHA"
"JAK3","STK3","SDHA"
"JAK3","RAB1A","SDHA"
"JAK3","PRKCZ","SDHA"
"JAK3","TGFBR2","SDHA"
"JAK3","PAK2","SDHA"
"JAK3","AKT","SDHA"
"JAK3","RACK1","SDHA"
"JAK3","HRAS","SDHA"
"JAK3","MAPK13","SDHA"
"JAK3","PIK3CA","SDHA"
"JAK3","LEPR","SDHA"
"JAK3","RPS6KA3","SDHA"
"JAK3","mTORC1","SDHA"
"JAK3","AHSA1","SDHA"
"JAK3","ROCK1","SDHA"
"JAK3","RASSF1","SDHA"
"JAK3","BTK","SDHA"
"JAK3","SGK3","SDHA"
"JAK3","SH2B1","SDHA"
"JAK3","HSP90AB1","SDHA"
"JAK3","SHOC2","SDHA"
"JAK3","PTPN12","SDHA"
"JAK3","PPP2R5C","SDHA"
"JAK3","PAK1","SDHA"
"JAK3","TYK2","SDHA"
"JAK3","ZAP70","SDHA"
"JAK3","DUSP1","SDHA"
"JAK3","GIT1","SDHA"
"JAK3","TRAF2","SDHA"
"JAK3","MAP2K4","SDHA"
"JAK3","RAB7A","SDHA"
"JAK3","EPHA2","SDHA"
"JAK3","NRAS","SDHA"
"JAK3","AR","SDHA"
"JAK3","DUSP3","SDHA"
"JAK3","MAPK11","SDHA"
"JAK3","UNC5A","SDHA"
"JAK3","PRKCI","SDHA"
"JAK3","PARD6A","SDHA"
"JAK3","PTPRA","SDHA"
"JAK3","CCR2","SDHA"
"JAK3","PSTPIP1","SDHA"
"JAK3","RHEB","SDHA"
"JAK3","DAXX","SDHA"
"JAK3","DUSP6","SDHA"
"JAK3","INPP5D","SDHA"
"JAK3","PIK3R1","SDHA"
"JAK3","CCNE1","SDHA"
"JAK3","IRS2","SDHA"
"JAK3","CDC42","SDHA"
"JAK3","PIK3CG","SDHA"
"JAK3","SH2B2","SDHA"
"JAK3","PPP2R5A","SDHA"
"JAK3","CLK2","SDHA"
"JAK3","MDM2","SDHA"
"JAK3","YWHAE","SDHA"
"JAK3","PLCG1","SDHA"
"JAK3","SPRY2","SDHA"
"JAK3","RUNX2","SDHA"
"JAK3","SH2B3","SDHA"
"JAK3","PIK3C3","SDHA"
"JAK3","RND1","SDHA"
"JAK3","TIAM1","SDHA"
"JAK3","WAC","SDHA"
"JAK3","BANP","SDHA"
"JAK3","DCTN6","SDHA"
"JAK3","ACTN1","SDHA"
"JAK3","RGCC","SDHA"
"JAK3","CHUK","ETV2"
"JAK3","CTNNB1","ETV2"
"JAK3","CILK1","ETV2"
"JAK3","PTEN","ETV2"
"JAK3","MAPK8","ETV2"
"JAK3","MTOR","ETV2"
"JAK3","AKT1","ETV2"
"JAK3","CSNK2A1","ETV2"
"JAK3","PLK1","ETV2"
"JAK3","KRAS","ETV2"
"JAK3","RAC1","ETV2"
"JAK3","MAP2K7","ETV2"
"JAK3","PTPRJ","ETV2"
"JAK3","TGFBR1","ETV2"
"JAK3","PPP1CA","ETV2"
"JAK3","PDPK1","ETV2"
"JAK3","MAP3K14","ETV2"
"JAK3","RPS6KA1","ETV2"
"JAK3","SGK1","ETV2"
"JAK3","IGF1R","ETV2"
"JAK3","PRKCB","ETV2"
"JAK3","STK3","ETV2"
"JAK3","RAB1A","ETV2"
"JAK3","PRKCZ","ETV2"
"JAK3","TGFBR2","ETV2"
"JAK3","PAK2","ETV2"
"JAK3","AKT","ETV2"
"JAK3","RACK1","ETV2"
"JAK3","MAPK13","ETV2"
"JAK3","PIK3CA","ETV2"
"JAK3","LEPR","ETV2"
"JAK3","RPS6KA3","ETV2"
"JAK3","mTORC1","ETV2"
"JAK3","AHSA1","ETV2"
"JAK3","ROCK1","ETV2"
"JAK3","RASSF1","ETV2"
"JAK3","BTK","ETV2"
"JAK3","SGK3","ETV2"
"JAK3","SH2B1","ETV2"
"JAK3","HSP90AB1","ETV2"
"JAK3","SHOC2","ETV2"
"JAK3","PTPN12","ETV2"
"JAK3","PPP2R5C","ETV2"
"JAK3","PAK1","ETV2"
"JAK3","TYK2","ETV2"
"JAK3","ZAP70","ETV2"
"JAK3","DUSP1","ETV2"
"JAK3","GIT1","ETV2"
"JAK3","TRAF2","ETV2"
"JAK3","MAP2K4","ETV2"
"JAK3","RAB7A","ETV2"
"JAK3","EPHA2","ETV2"
"JAK3","NRAS","ETV2"
"JAK3","AR","ETV2"
"JAK3","DUSP3","ETV2"
"JAK3","MAPK11","ETV2"
"JAK3","UNC5A","ETV2"
"JAK3","PRKCI","ETV2"
"JAK3","PARD6A","ETV2"
"JAK3","PTPRA","ETV2"
"JAK3","CCR2","ETV2"
"JAK3","PSTPIP1","ETV2"
"JAK3","RHEB","ETV2"
"JAK3","DAXX","ETV2"
"JAK3","DUSP6","ETV2"
"JAK3","INPP5D","ETV2"
"JAK3","PIK3R1","ETV2"
"JAK3","CCNE1","ETV2"
"JAK3","IRS2","ETV2"
"JAK3","CDC42","ETV2"
"JAK3","PIK3CG","ETV2"
"JAK3","SH2B2","ETV2"
"JAK3","PPP2R5A","ETV2"
"JAK3","CLK2","ETV2"
"JAK3","MDM2","ETV2"
"JAK3","YWHAE","ETV2"
"JAK3","PLCG1","ETV2"
"JAK3","SPRY2","ETV2"
"JAK3","RUNX2","ETV2"
"JAK3","SH2B3","ETV2"
"JAK3","PIK3C3","ETV2"
"JAK3","RND1","ETV2"
"JAK3","TIAM1","ETV2"
"JAK3","WAC","ETV2"
"JAK3","BANP","ETV2"
"JAK3","DCTN6","ETV2"
"JAK3","ACTN1","ETV2"
"JAK3","RGCC","ETV2"
"JAK3","CHUK","CNN1"
"JAK3","CTNNB1","CNN1"
"JAK3","CILK1","CNN1"
"JAK3","PTEN","CNN1"
"JAK3","MAPK8","CNN1"
"JAK3","MTOR","CNN1"
"JAK3","AKT1","CNN1"
"JAK3","CSNK2A1","CNN1"
"JAK3","PLK1","CNN1"
"JAK3","KRAS","CNN1"
"JAK3","RAC1","CNN1"
"JAK3","MAP2K7","CNN1"
"JAK3","PTPRJ","CNN1"
"JAK3","TGFBR1","CNN1"
"JAK3","PPP1CA","CNN1"
"JAK3","PDPK1","CNN1"
"JAK3","MAP3K14","CNN1"
"JAK3","RPS6KA1","CNN1"
"JAK3","SGK1","CNN1"
"JAK3","IGF1R","CNN1"
"JAK3","PRKCB","CNN1"
"JAK3","STK3","CNN1"
"JAK3","RAB1A","CNN1"
"JAK3","PRKCZ","CNN1"
"JAK3","TGFBR2","CNN1"
"JAK3","PAK2","CNN1"
"JAK3","AKT","CNN1"
"JAK3","RACK1","CNN1"
"JAK3","HRAS","CNN1"
"JAK3","MAPK13","CNN1"
"JAK3","PIK3CA","CNN1"
"JAK3","LEPR","CNN1"
"JAK3","RPS6KA3","CNN1"
"JAK3","mTORC1","CNN1"
"JAK3","AHSA1","CNN1"
"JAK3","ROCK1","CNN1"
"JAK3","RASSF1","CNN1"
"JAK3","BTK","CNN1"
"JAK3","SGK3","CNN1"
"JAK3","SH2B1","CNN1"
"JAK3","HSP90AB1","CNN1"
"JAK3","SHOC2","CNN1"
"JAK3","PTPN12","CNN1"
"JAK3","PPP2R5C","CNN1"
"JAK3","PAK1","CNN1"
"JAK3","TYK2","CNN1"
"JAK3","ZAP70","CNN1"
"JAK3","DUSP1","CNN1"
"JAK3","GIT1","CNN1"
"JAK3","TRAF2","CNN1"
"JAK3","MAP2K4","CNN1"
"JAK3","RAB7A","CNN1"
"JAK3","EPHA2","CNN1"
"JAK3","NRAS","CNN1"
"JAK3","AR","CNN1"
"JAK3","DUSP3","CNN1"
"JAK3","MAPK11","CNN1"
"JAK3","UNC5A","CNN1"
"JAK3","PRKCI","CNN1"
"JAK3","PARD6A","CNN1"
"JAK3","PTPRA","CNN1"
"JAK3","CCR2","CNN1"
"JAK3","PSTPIP1","CNN1"
"JAK3","RHEB","CNN1"
"JAK3","DAXX","CNN1"
"JAK3","DUSP6","CNN1"
"JAK3","INPP5D","CNN1"
"JAK3","PIK3R1","CNN1"
"JAK3","CCNE1","CNN1"
"JAK3","IRS2","CNN1"
"JAK3","CDC42","CNN1"
"JAK3","PIK3CG","CNN1"
"JAK3","SH2B2","CNN1"
"JAK3","PPP2R5A","CNN1"
"JAK3","CLK2","CNN1"
"JAK3","MDM2","CNN1"
"JAK3","YWHAE","CNN1"
"JAK3","PLCG1","CNN1"
"JAK3","SPRY2","CNN1"
"JAK3","RUNX2","CNN1"
"JAK3","SH2B3","CNN1"
"JAK3","PIK3C3","CNN1"
"JAK3","RND1","CNN1"
"JAK3","TIAM1","CNN1"
"JAK3","WAC","CNN1"
"JAK3","BANP","CNN1"
"JAK3","DCTN6","CNN1"
"JAK3","ACTN1","CNN1"
"JAK3","RGCC","CNN1"
"JAK3","CHUK","SLC9A3R2"
"JAK3","CTNNB1","SLC9A3R2"
"JAK3","CILK1","SLC9A3R2"
"JAK3","PTEN","SLC9A3R2"
"JAK3","MAPK8","SLC9A3R2"
"JAK3","MTOR","SLC9A3R2"
"JAK3","AKT1","SLC9A3R2"
"JAK3","CSNK2A1","SLC9A3R2"
"JAK3","PLK1","SLC9A3R2"
"JAK3","KRAS","SLC9A3R2"
"JAK3","RAC1","SLC9A3R2"
"JAK3","MAP2K7","SLC9A3R2"
"JAK3","PTPRJ","SLC9A3R2"
"JAK3","TGFBR1","SLC9A3R2"
"JAK3","PPP1CA","SLC9A3R2"
"JAK3","PDPK1","SLC9A3R2"
"JAK3","MAP3K14","SLC9A3R2"
"JAK3","RPS6KA1","SLC9A3R2"
"JAK3","SGK1","SLC9A3R2"
"JAK3","IGF1R","SLC9A3R2"
"JAK3","PRKCB","SLC9A3R2"
"JAK3","STK3","SLC9A3R2"
"JAK3","RAB1A","SLC9A3R2"
"JAK3","PRKCZ","SLC9A3R2"
"JAK3","TGFBR2","SLC9A3R2"
"JAK3","PAK2","SLC9A3R2"
"JAK3","AKT","SLC9A3R2"
"JAK3","RACK1","SLC9A3R2"
"JAK3","HRAS","SLC9A3R2"
"JAK3","MAPK13","SLC9A3R2"
"JAK3","PIK3CA","SLC9A3R2"
"JAK3","LEPR","SLC9A3R2"
"JAK3","RPS6KA3","SLC9A3R2"
"JAK3","mTORC1","SLC9A3R2"
"JAK3","AHSA1","SLC9A3R2"
"JAK3","ROCK1","SLC9A3R2"
"JAK3","RASSF1","SLC9A3R2"
"JAK3","BTK","SLC9A3R2"
"JAK3","SGK3","SLC9A3R2"
"JAK3","SH2B1","SLC9A3R2"
"JAK3","HSP90AB1","SLC9A3R2"
"JAK3","SHOC2","SLC9A3R2"
"JAK3","PTPN12","SLC9A3R2"
"JAK3","PPP2R5C","SLC9A3R2"
"JAK3","PAK1","SLC9A3R2"
"JAK3","TYK2","SLC9A3R2"
"JAK3","ZAP70","SLC9A3R2"
"JAK3","DUSP1","SLC9A3R2"
"JAK3","GIT1","SLC9A3R2"
"JAK3","TRAF2","SLC9A3R2"
"JAK3","MAP2K4","SLC9A3R2"
"JAK3","RAB7A","SLC9A3R2"
"JAK3","EPHA2","SLC9A3R2"
"JAK3","NRAS","SLC9A3R2"
"JAK3","AR","SLC9A3R2"
"JAK3","DUSP3","SLC9A3R2"
"JAK3","MAPK11","SLC9A3R2"
"JAK3","UNC5A","SLC9A3R2"
"JAK3","PRKCI","SLC9A3R2"
"JAK3","PARD6A","SLC9A3R2"
"JAK3","PTPRA","SLC9A3R2"
"JAK3","CCR2","SLC9A3R2"
"JAK3","PSTPIP1","SLC9A3R2"
"JAK3","RHEB","SLC9A3R2"
"JAK3","DAXX","SLC9A3R2"
"JAK3","DUSP6","SLC9A3R2"
"JAK3","INPP5D","SLC9A3R2"
"JAK3","PIK3R1","SLC9A3R2"
"JAK3","CCNE1","SLC9A3R2"
"JAK3","IRS2","SLC9A3R2"
"JAK3","CDC42","SLC9A3R2"
"JAK3","PIK3CG","SLC9A3R2"
"JAK3","SH2B2","SLC9A3R2"
"JAK3","PPP2R5A","SLC9A3R2"
"JAK3","CLK2","SLC9A3R2"
"JAK3","MDM2","SLC9A3R2"
"JAK3","YWHAE","SLC9A3R2"
"JAK3","PLCG1","SLC9A3R2"
"JAK3","SPRY2","SLC9A3R2"
"JAK3","RUNX2","SLC9A3R2"
"JAK3","SH2B3","SLC9A3R2"
"JAK3","PIK3C3","SLC9A3R2"
"JAK3","RND1","SLC9A3R2"
"JAK3","TIAM1","SLC9A3R2"
"JAK3","WAC","SLC9A3R2"
"JAK3","BANP","SLC9A3R2"
"JAK3","DCTN6","SLC9A3R2"
"JAK3","ACTN1","SLC9A3R2"
"JAK3","RGCC","SLC9A3R2"
"JAK3","PTPN11","SCAMP1"
"JAK3","CHUK","FPR3"
"JAK3","CTNNB1","FPR3"
"JAK3","CILK1","FPR3"
"JAK3","PTEN","FPR3"
"JAK3","MAPK8","FPR3"
"JAK3","MTOR","FPR3"
"JAK3","AKT1","FPR3"
"JAK3","CSNK2A1","FPR3"
"JAK3","PLK1","FPR3"
"JAK3","KRAS","FPR3"
"JAK3","RAC1","FPR3"
"JAK3","MAP2K7","FPR3"
"JAK3","PTPRJ","FPR3"
"JAK3","TGFBR1","FPR3"
"JAK3","PPP1CA","FPR3"
"JAK3","PDPK1","FPR3"
"JAK3","MAP3K14","FPR3"
"JAK3","RPS6KA1","FPR3"
"JAK3","SGK1","FPR3"
"JAK3","IGF1R","FPR3"
"JAK3","PRKCB","FPR3"
"JAK3","STK3","FPR3"
"JAK3","RAB1A","FPR3"
"JAK3","PRKCZ","FPR3"
"JAK3","TGFBR2","FPR3"
"JAK3","PAK2","FPR3"
"JAK3","AKT","FPR3"
"JAK3","RACK1","FPR3"
"JAK3","HRAS","FPR3"
"JAK3","MAPK13","FPR3"
"JAK3","PIK3CA","FPR3"
"JAK3","LEPR","FPR3"
"JAK3","RPS6KA3","FPR3"
"JAK3","mTORC1","FPR3"
"JAK3","AHSA1","FPR3"
"JAK3","ROCK1","FPR3"
"JAK3","RASSF1","FPR3"
"JAK3","BTK","FPR3"
"JAK3","SGK3","FPR3"
"JAK3","SH2B1","FPR3"
"JAK3","HSP90AB1","FPR3"
"JAK3","SHOC2","FPR3"
"JAK3","PTPN12","FPR3"
"JAK3","PPP2R5C","FPR3"
"JAK3","PAK1","FPR3"
"JAK3","TYK2","FPR3"
"JAK3","ZAP70","FPR3"
"JAK3","DUSP1","FPR3"
"JAK3","GIT1","FPR3"
"JAK3","TRAF2","FPR3"
"JAK3","MAP2K4","FPR3"
"JAK3","RAB7A","FPR3"
"JAK3","EPHA2","FPR3"
"JAK3","NRAS","FPR3"
"JAK3","AR","FPR3"
"JAK3","DUSP3","FPR3"
"JAK3","MAPK11","FPR3"
"JAK3","UNC5A","FPR3"
"JAK3","PRKCI","FPR3"
"JAK3","PARD6A","FPR3"
"JAK3","PTPRA","FPR3"
"JAK3","CCR2","FPR3"
"JAK3","PSTPIP1","FPR3"
"JAK3","RHEB","FPR3"
"JAK3","DAXX","FPR3"
"JAK3","DUSP6","FPR3"
"JAK3","INPP5D","FPR3"
"JAK3","PIK3R1","FPR3"
"JAK3","CCNE1","FPR3"
"JAK3","IRS2","FPR3"
"JAK3","CDC42","FPR3"
"JAK3","PIK3CG","FPR3"
"JAK3","SH2B2","FPR3"
"JAK3","PPP2R5A","FPR3"
"JAK3","CLK2","FPR3"
"JAK3","MDM2","FPR3"
"JAK3","YWHAE","FPR3"
"JAK3","PLCG1","FPR3"
"JAK3","SPRY2","FPR3"
"JAK3","RUNX2","FPR3"
"JAK3","SH2B3","FPR3"
"JAK3","PIK3C3","FPR3"
"JAK3","RND1","FPR3"
"JAK3","TIAM1","FPR3"
"JAK3","WAC","FPR3"
"JAK3","BANP","FPR3"
"JAK3","DCTN6","FPR3"
"JAK3","ACTN1","FPR3"
"JAK3","RGCC","FPR3"
"JAK3","CHUK","TPM2"
"JAK3","CTNNB1","TPM2"
"JAK3","CILK1","TPM2"
"JAK3","PTEN","TPM2"
"JAK3","MAPK8","TPM2"
"JAK3","MTOR","TPM2"
"JAK3","AKT1","TPM2"
"JAK3","CSNK2A1","TPM2"
"JAK3","PLK1","TPM2"
"JAK3","KRAS","TPM2"
"JAK3","RAC1","TPM2"
"JAK3","MAP2K7","TPM2"
"JAK3","PTPRJ","TPM2"
"JAK3","TGFBR1","TPM2"
"JAK3","PPP1CA","TPM2"
"JAK3","PDPK1","TPM2"
"JAK3","MAP3K14","TPM2"
"JAK3","RPS6KA1","TPM2"
"JAK3","SGK1","TPM2"
"JAK3","IGF1R","TPM2"
"JAK3","PRKCB","TPM2"
"JAK3","STK3","TPM2"
"JAK3","RAB1A","TPM2"
"JAK3","PRKCZ","TPM2"
"JAK3","TGFBR2","TPM2"
"JAK3","PAK2","TPM2"
"JAK3","AKT","TPM2"
"JAK3","RACK1","TPM2"
"JAK3","HRAS","TPM2"
"JAK3","MAPK13","TPM2"
"JAK3","PIK3CA","TPM2"
"JAK3","LEPR","TPM2"
"JAK3","RPS6KA3","TPM2"
"JAK3","mTORC1","TPM2"
"JAK3","AHSA1","TPM2"
"JAK3","ROCK1","TPM2"
"JAK3","RASSF1","TPM2"
"JAK3","BTK","TPM2"
"JAK3","PTPN11","TPM2"
"JAK3","SGK3","TPM2"
"JAK3","SH2B1","TPM2"
"JAK3","HSP90AB1","TPM2"
"JAK3","SHOC2","TPM2"
"JAK3","PTPN12","TPM2"
"JAK3","PPP2R5C","TPM2"
"JAK3","PAK1","TPM2"
"JAK3","TYK2","TPM2"
"JAK3","ZAP70","TPM2"
"JAK3","DUSP1","TPM2"
"JAK3","GIT1","TPM2"
"JAK3","TRAF2","TPM2"
"JAK3","MAP2K4","TPM2"
"JAK3","RAB7A","TPM2"
"JAK3","EPHA2","TPM2"
"JAK3","NRAS","TPM2"
"JAK3","AR","TPM2"
"JAK3","DUSP3","TPM2"
"JAK3","MAPK11","TPM2"
"JAK3","UNC5A","TPM2"
"JAK3","PRKCI","TPM2"
"JAK3","PARD6A","TPM2"
"JAK3","PTPRA","TPM2"
"JAK3","CCR2","TPM2"
"JAK3","PSTPIP1","TPM2"
"JAK3","RHEB","TPM2"
"JAK3","DAXX","TPM2"
"JAK3","DUSP6","TPM2"
"JAK3","INPP5D","TPM2"
"JAK3","PIK3R1","TPM2"
"JAK3","CCNE1","TPM2"
"JAK3","IRS2","TPM2"
"JAK3","CDC42","TPM2"
"JAK3","SH2B2","TPM2"
"JAK3","PPP2R5A","TPM2"
"JAK3","CLK2","TPM2"
"JAK3","MDM2","TPM2"
"JAK3","YWHAE","TPM2"
"JAK3","PLCG1","TPM2"
"JAK3","SPRY2","TPM2"
"JAK3","RUNX2","TPM2"
"JAK3","SH2B3","TPM2"
"JAK3","PIK3C3","TPM2"
"JAK3","RND1","TPM2"
"JAK3","TIAM1","TPM2"
"JAK3","WAC","TPM2"
"JAK3","BANP","TPM2"
"JAK3","DCTN6","TPM2"
"JAK3","ACTN1","TPM2"
"JAK3","RGCC","TPM2"
"JAK3","PTPN11","PIK3C2B"
"JAK3","CHUK","DAZAP1"
"JAK3","CTNNB1","DAZAP1"
"JAK3","CILK1","DAZAP1"
"JAK3","PTEN","DAZAP1"
"JAK3","MAPK8","DAZAP1"
"JAK3","MTOR","DAZAP1"
"JAK3","AKT1","DAZAP1"
"JAK3","CSNK2A1","DAZAP1"
"JAK3","PLK1","DAZAP1"
"JAK3","KRAS","DAZAP1"
"JAK3","RAC1","DAZAP1"
"JAK3","MAP2K7","DAZAP1"
"JAK3","PTPRJ","DAZAP1"
"JAK3","TGFBR1","DAZAP1"
"JAK3","PPP1CA","DAZAP1"
"JAK3","PDPK1","DAZAP1"
"JAK3","MAP3K14","DAZAP1"
"JAK3","RPS6KA1","DAZAP1"
"JAK3","SGK1","DAZAP1"
"JAK3","IGF1R","DAZAP1"
"JAK3","PRKCB","DAZAP1"
"JAK3","STK3","DAZAP1"
"JAK3","RAB1A","DAZAP1"
"JAK3","PRKCZ","DAZAP1"
"JAK3","TGFBR2","DAZAP1"
"JAK3","PAK2","DAZAP1"
"JAK3","AKT","DAZAP1"
"JAK3","RACK1","DAZAP1"
"JAK3","HRAS","DAZAP1"
"JAK3","MAPK13","DAZAP1"
"JAK3","PIK3CA","DAZAP1"
"JAK3","LEPR","DAZAP1"
"JAK3","RPS6KA3","DAZAP1"
"JAK3","mTORC1","DAZAP1"
"JAK3","AHSA1","DAZAP1"
"JAK3","ROCK1","DAZAP1"
"JAK3","RASSF1","DAZAP1"
"JAK3","BTK","DAZAP1"
"JAK3","PTPN11","DAZAP1"
"JAK3","SGK3","DAZAP1"
"JAK3","SH2B1","DAZAP1"
"JAK3","HSP90AB1","DAZAP1"
"JAK3","SHOC2","DAZAP1"
"JAK3","PTPN12","DAZAP1"
"JAK3","PPP2R5C","DAZAP1"
"JAK3","PAK1","DAZAP1"
"JAK3","ZAP70","DAZAP1"
"JAK3","DUSP1","DAZAP1"
"JAK3","GIT1","DAZAP1"
"JAK3","TRAF2","DAZAP1"
"JAK3","MAP2K4","DAZAP1"
"JAK3","RAB7A","DAZAP1"
"JAK3","EPHA2","DAZAP1"
"JAK3","NRAS","DAZAP1"
"JAK3","AR","DAZAP1"
"JAK3","MAPK11","DAZAP1"
"JAK3","UNC5A","DAZAP1"
"JAK3","PRKCI","DAZAP1"
"JAK3","PARD6A","DAZAP1"
"JAK3","PTPRA","DAZAP1"
"JAK3","CCR2","DAZAP1"
"JAK3","PSTPIP1","DAZAP1"
"JAK3","RHEB","DAZAP1"
"JAK3","DAXX","DAZAP1"
"JAK3","DUSP6","DAZAP1"
"JAK3","INPP5D","DAZAP1"
"JAK3","PIK3R1","DAZAP1"
"JAK3","CCNE1","DAZAP1"
"JAK3","IRS2","DAZAP1"
"JAK3","CDC42","DAZAP1"
"JAK3","PIK3CG","DAZAP1"
"JAK3","SH2B2","DAZAP1"
"JAK3","PPP2R5A","DAZAP1"
"JAK3","CLK2","DAZAP1"
"JAK3","MDM2","DAZAP1"
"JAK3","YWHAE","DAZAP1"
"JAK3","PLCG1","DAZAP1"
"JAK3","SPRY2","DAZAP1"
"JAK3","RUNX2","DAZAP1"
"JAK3","SH2B3","DAZAP1"
"JAK3","PIK3C3","DAZAP1"
"JAK3","RND1","DAZAP1"
"JAK3","TIAM1","DAZAP1"
"JAK3","WAC","DAZAP1"
"JAK3","BANP","DAZAP1"
"JAK3","DCTN6","DAZAP1"
"JAK3","ACTN1","DAZAP1"
"JAK3","RGCC","DAZAP1"
"JAK3","CHUK","PPP1R16B"
"JAK3","CTNNB1","PPP1R16B"
"JAK3","CILK1","PPP1R16B"
"JAK3","PTEN","PPP1R16B"
"JAK3","MAPK8","PPP1R16B"
"JAK3","MTOR","PPP1R16B"
"JAK3","AKT1","PPP1R16B"
"JAK3","CSNK2A1","PPP1R16B"
"JAK3","PLK1","PPP1R16B"
"JAK3","KRAS","PPP1R16B"
"JAK3","RAC1","PPP1R16B"
"JAK3","MAP2K7","PPP1R16B"
"JAK3","PTPRJ","PPP1R16B"
"JAK3","TGFBR1","PPP1R16B"
"JAK3","PPP1CA","PPP1R16B"
"JAK3","PDPK1","PPP1R16B"
"JAK3","MAP3K14","PPP1R16B"
"JAK3","RPS6KA1","PPP1R16B"
"JAK3","SGK1","PPP1R16B"
"JAK3","IGF1R","PPP1R16B"
"JAK3","PRKCB","PPP1R16B"
"JAK3","STK3","PPP1R16B"
"JAK3","RAB1A","PPP1R16B"
"JAK3","PRKCZ","PPP1R16B"
"JAK3","TGFBR2","PPP1R16B"
"JAK3","PAK2","PPP1R16B"
"JAK3","AKT","PPP1R16B"
"JAK3","RACK1","PPP1R16B"
"JAK3","HRAS","PPP1R16B"
"JAK3","MAPK13","PPP1R16B"
"JAK3","PIK3CA","PPP1R16B"
"JAK3","LEPR","PPP1R16B"
"JAK3","RPS6KA3","PPP1R16B"
"JAK3","mTORC1","PPP1R16B"
"JAK3","AHSA1","PPP1R16B"
"JAK3","ROCK1","PPP1R16B"
"JAK3","RASSF1","PPP1R16B"
"JAK3","BTK","PPP1R16B"
"JAK3","SGK3","PPP1R16B"
"JAK3","SH2B1","PPP1R16B"
"JAK3","HSP90AB1","PPP1R16B"
"JAK3","SHOC2","PPP1R16B"
"JAK3","PTPN12","PPP1R16B"
"JAK3","PPP2R5C","PPP1R16B"
"JAK3","PAK1","PPP1R16B"
"JAK3","TYK2","PPP1R16B"
"JAK3","ZAP70","PPP1R16B"
"JAK3","DUSP1","PPP1R16B"
"JAK3","GIT1","PPP1R16B"
"JAK3","TRAF2","PPP1R16B"
"JAK3","MAP2K4","PPP1R16B"
"JAK3","RAB7A","PPP1R16B"
"JAK3","EPHA2","PPP1R16B"
"JAK3","NRAS","PPP1R16B"
"JAK3","AR","PPP1R16B"
"JAK3","DUSP3","PPP1R16B"
"JAK3","MAPK11","PPP1R16B"
"JAK3","UNC5A","PPP1R16B"
"JAK3","PRKCI","PPP1R16B"
"JAK3","PARD6A","PPP1R16B"
"JAK3","PTPRA","PPP1R16B"
"JAK3","CCR2","PPP1R16B"
"JAK3","PSTPIP1","PPP1R16B"
"JAK3","RHEB","PPP1R16B"
"JAK3","DAXX","PPP1R16B"
"JAK3","DUSP6","PPP1R16B"
"JAK3","INPP5D","PPP1R16B"
"JAK3","PIK3R1","PPP1R16B"
"JAK3","CCNE1","PPP1R16B"
"JAK3","IRS2","PPP1R16B"
"JAK3","CDC42","PPP1R16B"
"JAK3","PIK3CG","PPP1R16B"
"JAK3","SH2B2","PPP1R16B"
"JAK3","PPP2R5A","PPP1R16B"
"JAK3","CLK2","PPP1R16B"
"JAK3","MDM2","PPP1R16B"
"JAK3","YWHAE","PPP1R16B"
"JAK3","PLCG1","PPP1R16B"
"JAK3","SPRY2","PPP1R16B"
"JAK3","RUNX2","PPP1R16B"
"JAK3","SH2B3","PPP1R16B"
"JAK3","PIK3C3","PPP1R16B"
"JAK3","RND1","PPP1R16B"
"JAK3","TIAM1","PPP1R16B"
"JAK3","WAC","PPP1R16B"
"JAK3","BANP","PPP1R16B"
"JAK3","DCTN6","PPP1R16B"
"JAK3","ACTN1","PPP1R16B"
"JAK3","RGCC","PPP1R16B"
"JAK3","CHUK","BEX1"
"JAK3","CTNNB1","BEX1"
"JAK3","CILK1","BEX1"
"JAK3","PTEN","BEX1"
"JAK3","MAPK8","BEX1"
"JAK3","MTOR","BEX1"
"JAK3","AKT1","BEX1"
"JAK3","CSNK2A1","BEX1"
"JAK3","PLK1","BEX1"
"JAK3","KRAS","BEX1"
"JAK3","RAC1","BEX1"
"JAK3","MAP2K7","BEX1"
"JAK3","PTPRJ","BEX1"
"JAK3","TGFBR1","BEX1"
"JAK3","PPP1CA","BEX1"
"JAK3","PDPK1","BEX1"
"JAK3","MAP3K14","BEX1"
"JAK3","RPS6KA1","BEX1"
"JAK3","SGK1","BEX1"
"JAK3","IGF1R","BEX1"
"JAK3","PRKCB","BEX1"
"JAK3","STK3","BEX1"
"JAK3","RAB1A","BEX1"
"JAK3","PRKCZ","BEX1"
"JAK3","TGFBR2","BEX1"
"JAK3","PAK2","BEX1"
"JAK3","RACK1","BEX1"
"JAK3","HRAS","BEX1"
"JAK3","MAPK13","BEX1"
"JAK3","PIK3CA","BEX1"
"JAK3","LEPR","BEX1"
"JAK3","RPS6KA3","BEX1"
"JAK3","mTORC1","BEX1"
"JAK3","AHSA1","BEX1"
"JAK3","ROCK1","BEX1"
"JAK3","RASSF1","BEX1"
"JAK3","BTK","BEX1"
"JAK3","PTPN11","BEX1"
"JAK3","SGK3","BEX1"
"JAK3","SH2B1","BEX1"
"JAK3","HSP90AB1","BEX1"
"JAK3","SHOC2","BEX1"
"JAK3","PTPN12","BEX1"
"JAK3","PPP2R5C","BEX1"
"JAK3","PAK1","BEX1"
"JAK3","TYK2","BEX1"
"JAK3","ZAP70","BEX1"
"JAK3","DUSP1","BEX1"
"JAK3","GIT1","BEX1"
"JAK3","TRAF2","BEX1"
"JAK3","MAP2K4","BEX1"
"JAK3","RAB7A","BEX1"
"JAK3","EPHA2","BEX1"
"JAK3","NRAS","BEX1"
"JAK3","AR","BEX1"
"JAK3","DUSP3","BEX1"
"JAK3","MAPK11","BEX1"
"JAK3","UNC5A","BEX1"
"JAK3","PRKCI","BEX1"
"JAK3","PARD6A","BEX1"
"JAK3","PTPRA","BEX1"
"JAK3","CCR2","BEX1"
"JAK3","PSTPIP1","BEX1"
"JAK3","RHEB","BEX1"
"JAK3","DAXX","BEX1"
"JAK3","DUSP6","BEX1"
"JAK3","INPP5D","BEX1"
"JAK3","PIK3R1","BEX1"
"JAK3","CCNE1","BEX1"
"JAK3","IRS2","BEX1"
"JAK3","CDC42","BEX1"
"JAK3","PIK3CG","BEX1"
"JAK3","SH2B2","BEX1"
"JAK3","PPP2R5A","BEX1"
"JAK3","CLK2","BEX1"
"JAK3","MDM2","BEX1"
"JAK3","YWHAE","BEX1"
"JAK3","PLCG1","BEX1"
"JAK3","SPRY2","BEX1"
"JAK3","RUNX2","BEX1"
"JAK3","SH2B3","BEX1"
"JAK3","PIK3C3","BEX1"
"JAK3","RND1","BEX1"
"JAK3","TIAM1","BEX1"
"JAK3","WAC","BEX1"
"JAK3","BANP","BEX1"
"JAK3","DCTN6","BEX1"
"JAK3","ACTN1","BEX1"
"JAK3","RGCC","BEX1"
"JAK3","CHUK","RAB37"
"JAK3","CTNNB1","RAB37"
"JAK3","CILK1","RAB37"
"JAK3","PTEN","RAB37"
"JAK3","MAPK8","RAB37"
"JAK3","MTOR","RAB37"
"JAK3","AKT1","RAB37"
"JAK3","CSNK2A1","RAB37"
"JAK3","PLK1","RAB37"
"JAK3","KRAS","RAB37"
"JAK3","RAC1","RAB37"
"JAK3","MAP2K7","RAB37"
"JAK3","PTPRJ","RAB37"
"JAK3","TGFBR1","RAB37"
"JAK3","PPP1CA","RAB37"
"JAK3","PDPK1","RAB37"
"JAK3","MAP3K14","RAB37"
"JAK3","RPS6KA1","RAB37"
"JAK3","SGK1","RAB37"
"JAK3","IGF1R","RAB37"
"JAK3","PRKCB","RAB37"
"JAK3","STK3","RAB37"
"JAK3","RAB1A","RAB37"
"JAK3","PRKCZ","RAB37"
"JAK3","TGFBR2","RAB37"
"JAK3","PAK2","RAB37"
"JAK3","AKT","RAB37"
"JAK3","RACK1","RAB37"
"JAK3","HRAS","RAB37"
"JAK3","MAPK13","RAB37"
"JAK3","PIK3CA","RAB37"
"JAK3","LEPR","RAB37"
"JAK3","RPS6KA3","RAB37"
"JAK3","mTORC1","RAB37"
"JAK3","AHSA1","RAB37"
"JAK3","ROCK1","RAB37"
"JAK3","RASSF1","RAB37"
"JAK3","BTK","RAB37"
"JAK3","SGK3","RAB37"
"JAK3","SH2B1","RAB37"
"JAK3","HSP90AB1","RAB37"
"JAK3","SHOC2","RAB37"
"JAK3","PTPN12","RAB37"
"JAK3","PPP2R5C","RAB37"
"JAK3","PAK1","RAB37"
"JAK3","TYK2","RAB37"
"JAK3","ZAP70","RAB37"
"JAK3","DUSP1","RAB37"
"JAK3","GIT1","RAB37"
"JAK3","TRAF2","RAB37"
"JAK3","MAP2K4","RAB37"
"JAK3","RAB7A","RAB37"
"JAK3","EPHA2","RAB37"
"JAK3","NRAS","RAB37"
"JAK3","AR","RAB37"
"JAK3","DUSP3","RAB37"
"JAK3","MAPK11","RAB37"
"JAK3","UNC5A","RAB37"
"JAK3","PRKCI","RAB37"
"JAK3","PARD6A","RAB37"
"JAK3","PTPRA","RAB37"
"JAK3","CCR2","RAB37"
"JAK3","PSTPIP1","RAB37"
"JAK3","RHEB","RAB37"
"JAK3","DAXX","RAB37"
"JAK3","DUSP6","RAB37"
"JAK3","INPP5D","RAB37"
"JAK3","PIK3R1","RAB37"
"JAK3","CCNE1","RAB37"
"JAK3","IRS2","RAB37"
"JAK3","CDC42","RAB37"
"JAK3","PIK3CG","RAB37"
"JAK3","SH2B2","RAB37"
"JAK3","PPP2R5A","RAB37"
"JAK3","CLK2","RAB37"
"JAK3","MDM2","RAB37"
"JAK3","YWHAE","RAB37"
"JAK3","PLCG1","RAB37"
"JAK3","SPRY2","RAB37"
"JAK3","RUNX2","RAB37"
"JAK3","SH2B3","RAB37"
"JAK3","PIK3C3","RAB37"
"JAK3","RND1","RAB37"
"JAK3","TIAM1","RAB37"
"JAK3","WAC","RAB37"
"JAK3","BANP","RAB37"
"JAK3","DCTN6","RAB37"
"JAK3","ACTN1","RAB37"
"JAK3","RGCC","RAB37"
