"X1","X2","X3"
"MDM4","CTNNB1","PPP2CB"
"MDM4","ATM","PPP2CB"
"MDM4","PTPN1","PPP2CB"
"MDM4","PTPRC","PPP2CB"
"MDM4","CHEK1","PPP2CB"
"MDM4","AURKB","PPP2CB"
"MDM4","TTK","PPP2CB"
"MDM4","PHF8","PPP2CB"
"MDM4","RUNX1","PPP2CB"
"MDM4","WDCP","PPP2CB"
"MDM4","NBN","PPP2CB"
"MDM4","RAD9A","PPP2CB"
"MDM4","HDAC1","PPP2CB"
"MDM4","WAC","PPP2CB"
"MDM4","FMNL2","PPP2CB"
"MDM4","RGCC","PPP2CB"
"MDM4","CTNNB1","MAPK3"
"MDM4","ATM","MAPK3"
"MDM4","RAF1","MAPK3"
"MDM4","CDK4","MAPK3"
"MDM4","CDK1","MAPK3"
"MDM4","PTPN1","MAPK3"
"MDM4","PTPRC","MAPK3"
"MDM4","CDK7","MAPK3"
"MDM4","PLK1","MAPK3"
"MDM4","LCK","MAPK3"
"MDM4","RPS6KB1","MAPK3"
"MDM4","CHEK1","MAPK3"
"MDM4","AURKB","MAPK3"
"MDM4","CDC25A","MAPK3"
"MDM4","CyclinB/CDK1","MAPK3"
"MDM4","CyclinE/CDK2","MAPK3"
"MDM4","SPRED1","MAPK3"
"MDM4","BUB1","MAPK3"
"MDM4","NEK9","MAPK3"
"MDM4","RELA","MAPK3"
"MDM4","HASPIN","MAPK3"
"MDM4","CDK6","MAPK3"
"MDM4","CDC25C","MAPK3"
"MDM4","USP37","MAPK3"
"MDM4","H2AX","MAPK3"
"MDM4","TNFAIP1","MAPK3"
"MDM4","RUNX1","MAPK3"
"MDM4","RUNX2","MAPK3"
"MDM4","HDAC1","MAPK3"
"MDM4","TOPBP1","MAPK3"
"MDM4","BORA","MAPK3"
"MDM4","WAC","MAPK3"
"MDM4","ATM","CTNNB1"
"MDM4","CDK4","CTNNB1"
"MDM4","PTPN1","CTNNB1"
"MDM4","PTPRC","CTNNB1"
"MDM4","PLK1","CTNNB1"
"MDM4","CyclinB/CDK1","CTNNB1"
"MDM4","RPA2","CTNNB1"
"MDM4","NEK9","CTNNB1"
"MDM4","HDAC3","CTNNB1"
"MDM4","RELA","CTNNB1"
"MDM4","HASPIN","CTNNB1"
"MDM4","CDK6","CTNNB1"
"MDM4","CDC25C","CTNNB1"
"MDM4","INCENP","CTNNB1"
"MDM4","NEK6","CTNNB1"
"MDM4","DAXX","CTNNB1"
"MDM4","TNFAIP1","CTNNB1"
"MDM4","PHF8","CTNNB1"
"MDM4","MRE11","CTNNB1"
"MDM4","NBN","CTNNB1"
"MDM4","RAD9A","CTNNB1"
"MDM4","HDAC1","CTNNB1"
"MDM4","TOPBP1","CTNNB1"
"MDM4","BORA","CTNNB1"
"MDM4","WAC","CTNNB1"
"MDM4","MAPK3","ATM"
"MDM4","CTNNB1","ATM"
"MDM4","AURKA","ATM"
"MDM4","RAF1","ATM"
"MDM4","CDK1","ATM"
"MDM4","Gbeta","ATM"
"MDM4","CDK7","ATM"
"MDM4","LCK","ATM"
"MDM4","CHEK1","ATM"
"MDM4","AURKB","ATM"
"MDM4","CDC25A","ATM"
"MDM4","CSNK2B","ATM"
"MDM4","NEK9","ATM"
"MDM4","HDAC3","ATM"
"MDM4","HASPIN","ATM"
"MDM4","CDK6","ATM"
"MDM4","CDC25C","ATM"
"MDM4","INCENP","ATM"
"MDM4","USP37","ATM"
"MDM4","AMBRA1","ATM"
"MDM4","DAXX","ATM"
"MDM4","TNFAIP1","ATM"
"MDM4","RUNX2","ATM"
"MDM4","HDAC1","ATM"
"MDM4","DCTN6","ATM"
"MDM4","FMNL2","ATM"
"MDM4","ATM","SRC"
"MDM4","CDK4","SRC"
"MDM4","CDK2","SRC"
"MDM4","AURKB","SRC"
"MDM4","CyclinB/CDK1","SRC"
"MDM4","ADRA2A","SRC"
"MDM4","NEK9","SRC"
"MDM4","AMBRA1","SRC"
"MDM4","CEP192","SRC"
"MDM4","DAXX","SRC"
"MDM4","MDC1","SRC"
"MDM4","OPRD1","SRC"
"MDM4","NBN","SRC"
"MDM4","RAD9A","SRC"
"MDM4","BORA","SRC"
"MDM4","RGCC","SRC"
"MDM4","ATM","GSK3B/Axin/APC"
"MDM4","CDK4","GSK3B/Axin/APC"
"MDM4","PTPRC","GSK3B/Axin/APC"
"MDM4","CDK7","GSK3B/Axin/APC"
"MDM4","PLK1","GSK3B/Axin/APC"
"MDM4","LCK","GSK3B/Axin/APC"
"MDM4","RPS6KB1","GSK3B/Axin/APC"
"MDM4","CHEK1","GSK3B/Axin/APC"
"MDM4","AURKB","GSK3B/Axin/APC"
"MDM4","CDC25A","GSK3B/Axin/APC"
"MDM4","CyclinB/CDK1","GSK3B/Axin/APC"
"MDM4","TTK","GSK3B/Axin/APC"
"MDM4","RPA2","GSK3B/Axin/APC"
"MDM4","BUB1","GSK3B/Axin/APC"
"MDM4","NEK9","GSK3B/Axin/APC"
"MDM4","HDAC3","GSK3B/Axin/APC"
"MDM4","HASPIN","GSK3B/Axin/APC"
"MDM4","CDK6","GSK3B/Axin/APC"
"MDM4","NEK6","GSK3B/Axin/APC"
"MDM4","AMBRA1","GSK3B/Axin/APC"
"MDM4","CEP192","GSK3B/Axin/APC"
"MDM4","DAXX","GSK3B/Axin/APC"
"MDM4","TNFAIP1","GSK3B/Axin/APC"
"MDM4","RUNX1","GSK3B/Axin/APC"
"MDM4","WDCP","GSK3B/Axin/APC"
"MDM4","MDC1","GSK3B/Axin/APC"
"MDM4","WAC","GSK3B/Axin/APC"
"MDM4","DCTN6","GSK3B/Axin/APC"
"MDM4","FMNL2","GSK3B/Axin/APC"
"MDM4","RGCC","GSK3B/Axin/APC"
"MDM4","ATM","AURKA"
"MDM4","CDK7","AURKA"
"MDM4","PLK1","AURKA"
"MDM4","RPS6KB1","AURKA"
"MDM4","CDK2","AURKA"
"MDM4","CHEK1","AURKA"
"MDM4","AURKB","AURKA"
"MDM4","CDC25A","AURKA"
"MDM4","CyclinB/CDK1","AURKA"
"MDM4","CyclinE/CDK2","AURKA"
"MDM4","RPA2","AURKA"
"MDM4","BUB1","AURKA"
"MDM4","NEK9","AURKA"
"MDM4","HDAC3","AURKA"
"MDM4","RELA","AURKA"
"MDM4","CDK6","AURKA"
"MDM4","CDC25C","AURKA"
"MDM4","INCENP","AURKA"
"MDM4","NEK6","AURKA"
"MDM4","NR3C1","AURKA"
"MDM4","H2AX","AURKA"
"MDM4","TNFAIP1","AURKA"
"MDM4","PHF8","AURKA"
"MDM4","MDC1","AURKA"
"MDM4","MRE11","AURKA"
"MDM4","RUNX2","AURKA"
"MDM4","RAD9A","AURKA"
"MDM4","TOPBP1","AURKA"
"MDM4","BORA","AURKA"
"MDM4","DCTN6","AURKA"
"MDM4","FMNL2","AURKA"
"MDM4","RGCC","AURKA"
"MDM4","CTNNB1","AKT1"
"MDM4","ATM","AKT1"
"MDM4","RAF1","AKT1"
"MDM4","CDK4","AKT1"
"MDM4","CDK1","AKT1"
"MDM4","PTPRC","AKT1"
"MDM4","PLK1","AKT1"
"MDM4","RPS6KB1","AKT1"
"MDM4","CyclinE/CDK2","AKT1"
"MDM4","RPA2","AKT1"
"MDM4","BUB1","AKT1"
"MDM4","NEK9","AKT1"
"MDM4","CCNO","AKT1"
"MDM4","HDAC3","AKT1"
"MDM4","CDK6","AKT1"
"MDM4","CDC25B","AKT1"
"MDM4","CEP192","AKT1"
"MDM4","PHF8","AKT1"
"MDM4","RUNX1","AKT1"
"MDM4","MDC1","AKT1"
"MDM4","NBN","AKT1"
"MDM4","HDAC1","AKT1"
"MDM4","TOPBP1","AKT1"
"MDM4","WAC","AKT1"
"MDM4","DCTN6","AKT1"
"MDM4","FMNL2","AKT1"
"MDM4","RGCC","AKT1"
"MDM4","ATM","RAF1"
"MDM4","AURKA","RAF1"
"MDM4","PTPRC","RAF1"
"MDM4","CDK7","RAF1"
"MDM4","LCK","RAF1"
"MDM4","CyclinE/CDK2","RAF1"
"MDM4","CSNK2B","RAF1"
"MDM4","NEK9","RAF1"
"MDM4","RELA","RAF1"
"MDM4","HASPIN","RAF1"
"MDM4","AMBRA1","RAF1"
"MDM4","CEP192","RAF1"
"MDM4","H2AX","RAF1"
"MDM4","TNFAIP1","RAF1"
"MDM4","MDC1","RAF1"
"MDM4","NBN","RAF1"
"MDM4","RUNX2","RAF1"
"MDM4","WAC","RAF1"
"MDM4","RGCC","RAF1"
"MDM4","AURKA","CDK4"
"MDM4","RAF1","CDK4"
"MDM4","CDK1","CDK4"
"MDM4","PTPRC","CDK4"
"MDM4","PLK1","CDK4"
"MDM4","RPS6KB1","CDK4"
"MDM4","CDK2","CDK4"
"MDM4","CHEK1","CDK4"
"MDM4","AURKB","CDK4"
"MDM4","CDC25A","CDK4"
"MDM4","CyclinE/CDK2","CDK4"
"MDM4","CSNK2B","CDK4"
"MDM4","SPRED1","CDK4"
"MDM4","RPA2","CDK4"
"MDM4","CCNO","CDK4"
"MDM4","HDAC3","CDK4"
"MDM4","HASPIN","CDK4"
"MDM4","CDC25C","CDK4"
"MDM4","CDC25B","CDK4"
"MDM4","NEK6","CDK4"
"MDM4","USP37","CDK4"
"MDM4","AMBRA1","CDK4"
"MDM4","NR3C1","CDK4"
"MDM4","TNFAIP1","CDK4"
"MDM4","PHF8","CDK4"
"MDM4","RUNX1","CDK4"
"MDM4","WDCP","CDK4"
"MDM4","MDC1","CDK4"
"MDM4","MRE11","CDK4"
"MDM4","NBN","CDK4"
"MDM4","RAD9A","CDK4"
"MDM4","HDAC1","CDK4"
"MDM4","TOPBP1","CDK4"
"MDM4","BORA","CDK4"
"MDM4","WAC","CDK4"
"MDM4","FMNL2","CDK4"
"MDM4","RGCC","CDK4"
"MDM4","ATM","MAPK1"
"MDM4","AURKA","MAPK1"
"MDM4","RAF1","MAPK1"
"MDM4","CDK1","MAPK1"
"MDM4","PTPN1","MAPK1"
"MDM4","PTPRC","MAPK1"
"MDM4","PLK1","MAPK1"
"MDM4","LCK","MAPK1"
"MDM4","RPS6KB1","MAPK1"
"MDM4","CDK2","MAPK1"
"MDM4","AURKB","MAPK1"
"MDM4","CyclinB/CDK1","MAPK1"
"MDM4","CyclinE/CDK2","MAPK1"
"MDM4","TTK","MAPK1"
"MDM4","CSNK2B","MAPK1"
"MDM4","SPRED1","MAPK1"
"MDM4","RPA2","MAPK1"
"MDM4","BUB1","MAPK1"
"MDM4","NEK9","MAPK1"
"MDM4","AMBRA1","MAPK1"
"MDM4","CEP192","MAPK1"
"MDM4","TNFAIP1","MAPK1"
"MDM4","RUNX1","MAPK1"
"MDM4","CTNNB1","CSNK2A1"
"MDM4","ATM","CSNK2A1"
"MDM4","AURKA","CSNK2A1"
"MDM4","RAF1","CSNK2A1"
"MDM4","PTPN1","CSNK2A1"
"MDM4","CHEK1","CSNK2A1"
"MDM4","AURKB","CSNK2A1"
"MDM4","CDC25A","CSNK2A1"
"MDM4","TTK","CSNK2A1"
"MDM4","BUB1","CSNK2A1"
"MDM4","CCNO","CSNK2A1"
"MDM4","HASPIN","CSNK2A1"
"MDM4","NR3C1","CSNK2A1"
"MDM4","H2AX","CSNK2A1"
"MDM4","MRE11","CSNK2A1"
"MDM4","NBN","CSNK2A1"
"MDM4","RAD9A","CSNK2A1"
"MDM4","HDAC1","CSNK2A1"
"MDM4","BORA","CSNK2A1"
"MDM4","WAC","CSNK2A1"
"MDM4","RGCC","CSNK2A1"
"MDM4","ATM","CDK1"
"MDM4","CDK4","CDK1"
"MDM4","PTPN1","CDK1"
"MDM4","ERK1/2","CDK1"
"MDM4","CDK7","CDK1"
"MDM4","LCK","CDK1"
"MDM4","CDK2","CDK1"
"MDM4","AURKB","CDK1"
"MDM4","CyclinB/CDK1","CDK1"
"MDM4","CyclinE/CDK2","CDK1"
"MDM4","CCNO","CDK1"
"MDM4","CDK6","CDK1"
"MDM4","CDC25C","CDK1"
"MDM4","USP37","CDK1"
"MDM4","AMBRA1","CDK1"
"MDM4","NR3C1","CDK1"
"MDM4","H2AX","CDK1"
"MDM4","RUNX1","CDK1"
"MDM4","BORA","CDK1"
"MDM4","AURKA","MAPK14"
"MDM4","RPS6KB1","MAPK14"
"MDM4","CDK2","MAPK14"
"MDM4","CHEK1","MAPK14"
"MDM4","AURKB","MAPK14"
"MDM4","CDC25A","MAPK14"
"MDM4","CyclinE/CDK2","MAPK14"
"MDM4","CSNK2B","MAPK14"
"MDM4","BUB1","MAPK14"
"MDM4","RELA","MAPK14"
"MDM4","CDK6","MAPK14"
"MDM4","USP37","MAPK14"
"MDM4","WAC","MAPK14"
"MDM4","CTNNB1","PTPN1"
"MDM4","RAF1","PTPN1"
"MDM4","PTPRC","PTPN1"
"MDM4","CDK7","PTPN1"
"MDM4","LCK","PTPN1"
"MDM4","CyclinB/CDK1","PTPN1"
"MDM4","CyclinE/CDK2","PTPN1"
"MDM4","SPRED1","PTPN1"
"MDM4","BUB1","PTPN1"
"MDM4","RELA","PTPN1"
"MDM4","HASPIN","PTPN1"
"MDM4","CDK6","PTPN1"
"MDM4","CDC25C","PTPN1"
"MDM4","INCENP","PTPN1"
"MDM4","NEK6","PTPN1"
"MDM4","CEP192","PTPN1"
"MDM4","H2AX","PTPN1"
"MDM4","TNFAIP1","PTPN1"
"MDM4","WDCP","PTPN1"
"MDM4","MRE11","PTPN1"
"MDM4","RAD9A","PTPN1"
"MDM4","WAC","PTPN1"
"MDM4","DCTN6","PTPN1"
"MDM4","FMNL2","PTPN1"
"MDM4","RGCC","PTPN1"
"MDM4","CTNNB1","CALM2"
"MDM4","ATM","CALM2"
"MDM4","RAF1","CALM2"
"MDM4","LCK","CALM2"
"MDM4","RPS6KB1","CALM2"
"MDM4","CDC25A","CALM2"
"MDM4","CSNK2B","CALM2"
"MDM4","RPA2","CALM2"
"MDM4","BUB1","CALM2"
"MDM4","HDAC3","CALM2"
"MDM4","RELA","CALM2"
"MDM4","CDC25B","CALM2"
"MDM4","MDC1","CALM2"
"MDM4","MRE11","CALM2"
"MDM4","RUNX2","CALM2"
"MDM4","DCTN6","CALM2"
"MDM4","CTNNB1","PTPRC"
"MDM4","RAF1","PTPRC"
"MDM4","PTPN1","PTPRC"
"MDM4","CDK7","PTPRC"
"MDM4","PLK1","PTPRC"
"MDM4","RPS6KB1","PTPRC"
"MDM4","CDC25A","PTPRC"
"MDM4","CyclinE/CDK2","PTPRC"
"MDM4","TTK","PTPRC"
"MDM4","CSNK2B","PTPRC"
"MDM4","SPRED1","PTPRC"
"MDM4","RPA2","PTPRC"
"MDM4","BUB1","PTPRC"
"MDM4","CCNO","PTPRC"
"MDM4","HDAC3","PTPRC"
"MDM4","RELA","PTPRC"
"MDM4","HASPIN","PTPRC"
"MDM4","CDK6","PTPRC"
"MDM4","CDC25B","PTPRC"
"MDM4","NEK6","PTPRC"
"MDM4","USP37","PTPRC"
"MDM4","AMBRA1","PTPRC"
"MDM4","H2AX","PTPRC"
"MDM4","MDC1","PTPRC"
"MDM4","HDAC1","PTPRC"
"MDM4","TOPBP1","PTPRC"
"MDM4","BORA","PTPRC"
"MDM4","WAC","PTPRC"
"MDM4","DCTN6","PTPRC"
"MDM4","FMNL2","PTPRC"
"MDM4","RGCC","PTPRC"
"MDM4","RAF1","Gbeta"
"MDM4","CDK4","Gbeta"
"MDM4","PTPRC","Gbeta"
"MDM4","CDK7","Gbeta"
"MDM4","PLK1","Gbeta"
"MDM4","AURKB","Gbeta"
"MDM4","CSNK2B","Gbeta"
"MDM4","HASPIN","Gbeta"
"MDM4","NEK6","Gbeta"
"MDM4","USP37","Gbeta"
"MDM4","RUNX2","Gbeta"
"MDM4","RAD9A","Gbeta"
"MDM4","TOPBP1","Gbeta"
"MDM4","BORA","Gbeta"
"MDM4","RAF1","CDK7"
"MDM4","CDK1","CDK7"
"MDM4","PLK1","CDK7"
"MDM4","CDC25A","CDK7"
"MDM4","CyclinE/CDK2","CDK7"
"MDM4","TTK","CDK7"
"MDM4","CSNK2B","CDK7"
"MDM4","RPA2","CDK7"
"MDM4","HASPIN","CDK7"
"MDM4","CDC25B","CDK7"
"MDM4","USP37","CDK7"
"MDM4","AMBRA1","CDK7"
"MDM4","NR3C1","CDK7"
"MDM4","MDC1","CDK7"
"MDM4","MRE11","CDK7"
"MDM4","NBN","CDK7"
"MDM4","RUNX2","CDK7"
"MDM4","TOPBP1","CDK7"
"MDM4","WAC","CDK7"
"MDM4","FMNL2","CDK7"
"MDM4","CTNNB1","PLK1"
"MDM4","AURKA","PLK1"
"MDM4","CDK4","PLK1"
"MDM4","PTPRC","PLK1"
"MDM4","CDK2","PLK1"
"MDM4","CHEK1","PLK1"
"MDM4","AURKB","PLK1"
"MDM4","CDC25A","PLK1"
"MDM4","CyclinE/CDK2","PLK1"
"MDM4","RPA2","PLK1"
"MDM4","NEK9","PLK1"
"MDM4","HDAC3","PLK1"
"MDM4","CDK6","PLK1"
"MDM4","CDC25C","PLK1"
"MDM4","INCENP","PLK1"
"MDM4","CDC25B","PLK1"
"MDM4","AMBRA1","PLK1"
"MDM4","NR3C1","PLK1"
"MDM4","H2AX","PLK1"
"MDM4","TNFAIP1","PLK1"
"MDM4","PHF8","PLK1"
"MDM4","MDC1","PLK1"
"MDM4","RUNX2","PLK1"
"MDM4","TOPBP1","PLK1"
"MDM4","BORA","PLK1"
"MDM4","CLSPN","PLK1"
"MDM4","CTNNB1","OXTR"
"MDM4","RAF1","OXTR"
"MDM4","CDK4","OXTR"
"MDM4","PTPRC","OXTR"
"MDM4","LCK","OXTR"
"MDM4","RPS6KB1","OXTR"
"MDM4","CHEK1","OXTR"
"MDM4","CDC25A","OXTR"
"MDM4","NEK9","OXTR"
"MDM4","CCNO","OXTR"
"MDM4","HDAC3","OXTR"
"MDM4","CDK6","OXTR"
"MDM4","CDC25C","OXTR"
"MDM4","INCENP","OXTR"
"MDM4","CEP192","OXTR"
"MDM4","DAXX","OXTR"
"MDM4","NR3C1","OXTR"
"MDM4","PHF8","OXTR"
"MDM4","RUNX1","OXTR"
"MDM4","WDCP","OXTR"
"MDM4","MDC1","OXTR"
"MDM4","MRE11","OXTR"
"MDM4","RAD9A","OXTR"
"MDM4","TOPBP1","OXTR"
"MDM4","ATM","LCK"
"MDM4","RAF1","LCK"
"MDM4","CDK1","LCK"
"MDM4","PTPRC","LCK"
"MDM4","PLK1","LCK"
"MDM4","CHEK1","LCK"
"MDM4","CDC25A","LCK"
"MDM4","CyclinE/CDK2","LCK"
"MDM4","TTK","LCK"
"MDM4","SPRED1","LCK"
"MDM4","NEK9","LCK"
"MDM4","CCNO","LCK"
"MDM4","HASPIN","LCK"
"MDM4","INCENP","LCK"
"MDM4","AMBRA1","LCK"
"MDM4","DAXX","LCK"
"MDM4","WDCP","LCK"
"MDM4","HDAC1","LCK"
"MDM4","ATM","RPS6KB1"
"MDM4","AURKA","RPS6KB1"
"MDM4","PTPN1","RPS6KB1"
"MDM4","CDK7","RPS6KB1"
"MDM4","PLK1","RPS6KB1"
"MDM4","CHEK1","RPS6KB1"
"MDM4","AURKB","RPS6KB1"
"MDM4","CyclinB/CDK1","RPS6KB1"
"MDM4","CyclinE/CDK2","RPS6KB1"
"MDM4","NEK9","RPS6KB1"
"MDM4","CCNO","RPS6KB1"
"MDM4","HDAC3","RPS6KB1"
"MDM4","INCENP","RPS6KB1"
"MDM4","CDC25B","RPS6KB1"
"MDM4","USP37","RPS6KB1"
"MDM4","AMBRA1","RPS6KB1"
"MDM4","CEP192","RPS6KB1"
"MDM4","PHF8","RPS6KB1"
"MDM4","WDCP","RPS6KB1"
"MDM4","MDC1","RPS6KB1"
"MDM4","RUNX2","RPS6KB1"
"MDM4","RAD9A","RPS6KB1"
"MDM4","CTNNB1","SP1"
"MDM4","AURKA","SP1"
"MDM4","RAF1","SP1"
"MDM4","CDK1","SP1"
"MDM4","PTPN1","SP1"
"MDM4","PTPRC","SP1"
"MDM4","CDK7","SP1"
"MDM4","PLK1","SP1"
"MDM4","RPS6KB1","SP1"
"MDM4","CDK2","SP1"
"MDM4","SPRED1","SP1"
"MDM4","CDC25C","SP1"
"MDM4","CDC25B","SP1"
"MDM4","NR3C1","SP1"
"MDM4","H2AX","SP1"
"MDM4","RUNX1","SP1"
"MDM4","WDCP","SP1"
"MDM4","RUNX2","SP1"
"MDM4","FMNL2","SP1"
"MDM4","RGCC","SP1"
"MDM4","CyclinB/CDK1","CHEK2"
"MDM4","RPS6KB1","CDK2"
"MDM4","AURKB","CDK2"
"MDM4","CDC25A","CDK2"
"MDM4","CyclinB/CDK1","CDK2"
"MDM4","CyclinE/CDK2","CDK2"
"MDM4","TTK","CDK2"
"MDM4","SPRED1","CDK2"
"MDM4","RPA2","CDK2"
"MDM4","CDC25B","CDK2"
"MDM4","PHF8","CDK2"
"MDM4","RUNX1","CDK2"
"MDM4","MDC1","CDK2"
"MDM4","NBN","CDK2"
"MDM4","RUNX2","CDK2"
"MDM4","WAC","CDK2"
"MDM4","FMNL2","CDK2"
"MDM4","CTNNB1","CHEK1"
"MDM4","CDK2","CHEK1"
"MDM4","AURKB","CHEK1"
"MDM4","CDC25A","CHEK1"
"MDM4","CyclinE/CDK2","CHEK1"
"MDM4","CSNK2B","CHEK1"
"MDM4","BUB1","CHEK1"
"MDM4","CCNO","CHEK1"
"MDM4","HASPIN","CHEK1"
"MDM4","CDC25C","CHEK1"
"MDM4","INCENP","CHEK1"
"MDM4","CDC25B","CHEK1"
"MDM4","USP37","CHEK1"
"MDM4","NR3C1","CHEK1"
"MDM4","WDCP","CHEK1"
"MDM4","RUNX2","CHEK1"
"MDM4","DCTN6","CHEK1"
"MDM4","FMNL2","CHEK1"
"MDM4","RGCC","CHEK1"
"MDM4","PTPN1","IGF1R"
"MDM4","CTNNB1","AURKB"
"MDM4","ATM","AURKB"
"MDM4","AURKA","AURKB"
"MDM4","RAF1","AURKB"
"MDM4","CDK4","AURKB"
"MDM4","PTPN1","AURKB"
"MDM4","CDK2","AURKB"
"MDM4","CDC25A","AURKB"
"MDM4","CyclinE/CDK2","AURKB"
"MDM4","TTK","AURKB"
"MDM4","CSNK2B","AURKB"
"MDM4","SPRED1","AURKB"
"MDM4","BUB1","AURKB"
"MDM4","NEK9","AURKB"
"MDM4","CCNO","AURKB"
"MDM4","RELA","AURKB"
"MDM4","CDC25C","AURKB"
"MDM4","INCENP","AURKB"
"MDM4","NEK6","AURKB"
"MDM4","USP37","AURKB"
"MDM4","CEP192","AURKB"
"MDM4","DAXX","AURKB"
"MDM4","H2AX","AURKB"
"MDM4","TNFAIP1","AURKB"
"MDM4","PHF8","AURKB"
"MDM4","NBN","AURKB"
"MDM4","RUNX2","AURKB"
"MDM4","RAD9A","AURKB"
"MDM4","HDAC1","AURKB"
"MDM4","WAC","AURKB"
"MDM4","FMNL2","AURKB"
"MDM4","AURKA","PPP1R2"
"MDM4","PTPRC","PPP1R2"
"MDM4","CDK7","PPP1R2"
"MDM4","PLK1","PPP1R2"
"MDM4","LCK","PPP1R2"
"MDM4","CDK2","PPP1R2"
"MDM4","CHEK1","PPP1R2"
"MDM4","CyclinE/CDK2","PPP1R2"
"MDM4","TTK","PPP1R2"
"MDM4","BUB1","PPP1R2"
"MDM4","NEK9","PPP1R2"
"MDM4","HASPIN","PPP1R2"
"MDM4","H2AX","PPP1R2"
"MDM4","PHF8","PPP1R2"
"MDM4","RAD9A","PPP1R2"
"MDM4","TOPBP1","PPP1R2"
"MDM4","DCTN6","PPP1R2"
"MDM4","AURKA","AKT"
"MDM4","RAF1","AKT"
"MDM4","CDK4","AKT"
"MDM4","PTPRC","AKT"
"MDM4","CDK7","AKT"
"MDM4","PLK1","AKT"
"MDM4","CDC25A","AKT"
"MDM4","CSNK2B","AKT"
"MDM4","NEK9","AKT"
"MDM4","NEK6","AKT"
"MDM4","AMBRA1","AKT"
"MDM4","CEP192","AKT"
"MDM4","H2AX","AKT"
"MDM4","TNFAIP1","AKT"
"MDM4","RUNX1","AKT"
"MDM4","MDC1","AKT"
"MDM4","MRE11","AKT"
"MDM4","NBN","AKT"
"MDM4","RUNX2","AKT"
"MDM4","RAD9A","AKT"
"MDM4","TOPBP1","AKT"
"MDM4","BORA","AKT"
"MDM4","WAC","AKT"
"MDM4","RGCC","AKT"
"MDM4","ATM","SKIL"
"MDM4","AURKA","SKIL"
"MDM4","PTPRC","SKIL"
"MDM4","LCK","SKIL"
"MDM4","CDC25A","SKIL"
"MDM4","TTK","SKIL"
"MDM4","CSNK2B","SKIL"
"MDM4","SPRED1","SKIL"
"MDM4","RPA2","SKIL"
"MDM4","BUB1","SKIL"
"MDM4","NEK9","SKIL"
"MDM4","CCNO","SKIL"
"MDM4","HDAC3","SKIL"
"MDM4","RELA","SKIL"
"MDM4","HASPIN","SKIL"
"MDM4","CDK6","SKIL"
"MDM4","CDC25C","SKIL"
"MDM4","INCENP","SKIL"
"MDM4","CDC25B","SKIL"
"MDM4","NEK6","SKIL"
"MDM4","AMBRA1","SKIL"
"MDM4","TNFAIP1","SKIL"
"MDM4","WDCP","SKIL"
"MDM4","MRE11","SKIL"
"MDM4","NBN","SKIL"
"MDM4","TOPBP1","SKIL"
"MDM4","PTPRC","PPP1R1B"
"MDM4","CDK7","PPP1R1B"
"MDM4","PLK1","PPP1R1B"
"MDM4","TTK","PPP1R1B"
"MDM4","CSNK2B","PPP1R1B"
"MDM4","RPA2","PPP1R1B"
"MDM4","BUB1","PPP1R1B"
"MDM4","RELA","PPP1R1B"
"MDM4","CDC25C","PPP1R1B"
"MDM4","H2AX","PPP1R1B"
"MDM4","NBN","PPP1R1B"
"MDM4","TOPBP1","PPP1R1B"
"MDM4","BORA","PPP1R1B"
"MDM4","DCTN6","PPP1R1B"
"MDM4","PTPRC","CDC25A"
"MDM4","AURKB","CDC25A"
"MDM4","CyclinB/CDK1","CDC25A"
"MDM4","BUB1","CDC25A"
"MDM4","HDAC3","CDC25A"
"MDM4","HASPIN","CDC25A"
"MDM4","CDC25C","CDC25A"
"MDM4","USP37","CDC25A"
"MDM4","CEP192","CDC25A"
"MDM4","BORA","CDC25A"
"MDM4","WAC","CDC25A"
"MDM4","FMNL2","CDC25A"
"MDM4","RGCC","CDC25A"
"MDM4","CTNNB1","ENSA"
"MDM4","ATM","ENSA"
"MDM4","AURKA","ENSA"
"MDM4","RAF1","ENSA"
"MDM4","CDK1","ENSA"
"MDM4","PLK1","ENSA"
"MDM4","LCK","ENSA"
"MDM4","RPS6KB1","ENSA"
"MDM4","CyclinB/CDK1","ENSA"
"MDM4","CyclinE/CDK2","ENSA"
"MDM4","TTK","ENSA"
"MDM4","RPA2","ENSA"
"MDM4","BUB1","ENSA"
"MDM4","NEK9","ENSA"
"MDM4","RELA","ENSA"
"MDM4","HASPIN","ENSA"
"MDM4","CDK6","ENSA"
"MDM4","CDC25C","ENSA"
"MDM4","CDC25B","ENSA"
"MDM4","NEK6","ENSA"
"MDM4","USP37","ENSA"
"MDM4","AMBRA1","ENSA"
"MDM4","NR3C1","ENSA"
"MDM4","H2AX","ENSA"
"MDM4","PHF8","ENSA"
"MDM4","RUNX1","ENSA"
"MDM4","MRE11","ENSA"
"MDM4","RUNX2","ENSA"
"MDM4","RAD9A","ENSA"
"MDM4","HDAC1","ENSA"
"MDM4","TOPBP1","ENSA"
"MDM4","WAC","ENSA"
"MDM4","DCTN6","ENSA"
"MDM4","RGCC","ENSA"
"MDM4","ATM","CBP/p300"
"MDM4","RAF1","CBP/p300"
"MDM4","CDK1","CBP/p300"
"MDM4","PLK1","CBP/p300"
"MDM4","CyclinB/CDK1","CBP/p300"
"MDM4","CSNK2B","CBP/p300"
"MDM4","SPRED1","CBP/p300"
"MDM4","CCNO","CBP/p300"
"MDM4","HDAC3","CBP/p300"
"MDM4","CDK6","CBP/p300"
"MDM4","INCENP","CBP/p300"
"MDM4","CDC25B","CBP/p300"
"MDM4","NR3C1","CBP/p300"
"MDM4","H2AX","CBP/p300"
"MDM4","PHF8","CBP/p300"
"MDM4","WDCP","CBP/p300"
"MDM4","NBN","CBP/p300"
"MDM4","RAD9A","CBP/p300"
"MDM4","HDAC1","CBP/p300"
"MDM4","AURKA","CyclinB/CDK1"
"MDM4","LCK","CyclinB/CDK1"
"MDM4","CHEK2","CyclinB/CDK1"
"MDM4","CDK2","CyclinB/CDK1"
"MDM4","CyclinE/CDK2","CyclinB/CDK1"
"MDM4","SPRED1","CyclinB/CDK1"
"MDM4","BUB1","CyclinB/CDK1"
"MDM4","AMBRA1","CyclinB/CDK1"
"MDM4","DAXX","CyclinB/CDK1"
"MDM4","H2AX","CyclinB/CDK1"
"MDM4","PHF8","CyclinB/CDK1"
"MDM4","RUNX1","CyclinB/CDK1"
"MDM4","WDCP","CyclinB/CDK1"
"MDM4","MDC1","CyclinB/CDK1"
"MDM4","NBN","CyclinB/CDK1"
"MDM4","RUNX2","CyclinB/CDK1"
"MDM4","RAD9A","CyclinB/CDK1"
"MDM4","FMNL2","CyclinB/CDK1"
"MDM4","CTNNB1","CyclinE/CDK2"
"MDM4","PTPRC","CyclinE/CDK2"
"MDM4","CSNK2B","CyclinE/CDK2"
"MDM4","BUB1","CyclinE/CDK2"
"MDM4","USP37","CyclinE/CDK2"
"MDM4","WAC","CyclinE/CDK2"
"MDM4","ATM","RPS6KA3"
"MDM4","AURKA","RPS6KA3"
"MDM4","CDK4","RPS6KA3"
"MDM4","CDK1","RPS6KA3"
"MDM4","PTPRC","RPS6KA3"
"MDM4","LCK","RPS6KA3"
"MDM4","CDC25A","RPS6KA3"
"MDM4","NEK9","RPS6KA3"
"MDM4","MRE11","RPS6KA3"
"MDM4","BORA","RPS6KA3"
"MDM4","WAC","RPS6KA3"
"MDM4","FMNL2","RPS6KA3"
"MDM4","CTNNB1","RARA"
"MDM4","AURKA","RARA"
"MDM4","PTPRC","RARA"
"MDM4","PLK1","RARA"
"MDM4","CHEK1","RARA"
"MDM4","CDC25A","RARA"
"MDM4","CyclinB/CDK1","RARA"
"MDM4","RPA2","RARA"
"MDM4","HDAC3","RARA"
"MDM4","CDK6","RARA"
"MDM4","CEP192","RARA"
"MDM4","H2AX","RARA"
"MDM4","WDCP","RARA"
"MDM4","MDC1","RARA"
"MDM4","RAD9A","RARA"
"MDM4","HDAC1","RARA"
"MDM4","WAC","RARA"
"MDM4","DCTN6","RARA"
"MDM4","ATM","CDC7"
"MDM4","RPS6KB1","CDC7"
"MDM4","SPRED1","CDC7"
"MDM4","RPA2","CDC7"
"MDM4","RELA","CDC7"
"MDM4","HASPIN","CDC7"
"MDM4","CDC25B","CDC7"
"MDM4","NEK6","CDC7"
"MDM4","USP37","CDC7"
"MDM4","NR3C1","CDC7"
"MDM4","WDCP","CDC7"
"MDM4","BORA","CDC7"
"MDM4","DCTN6","CDC7"
"MDM4","RGCC","CDC7"
"MDM4","CTNNB1","TTK"
"MDM4","LCK","TTK"
"MDM4","RPS6KB1","TTK"
"MDM4","AURKB","TTK"
"MDM4","CDC25A","TTK"
"MDM4","CyclinB/CDK1","TTK"
"MDM4","CSNK2B","TTK"
"MDM4","RPA2","TTK"
"MDM4","NEK9","TTK"
"MDM4","HDAC3","TTK"
"MDM4","CDK6","TTK"
"MDM4","CDC25C","TTK"
"MDM4","INCENP","TTK"
"MDM4","NEK6","TTK"
"MDM4","AMBRA1","TTK"
"MDM4","DAXX","TTK"
"MDM4","TNFAIP1","TTK"
"MDM4","PHF8","TTK"
"MDM4","MRE11","TTK"
"MDM4","NBN","TTK"
"MDM4","RAD9A","TTK"
"MDM4","HDAC1","TTK"
"MDM4","TOPBP1","TTK"
"MDM4","BORA","TTK"
"MDM4","WAC","TTK"
"MDM4","DCTN6","TTK"
"MDM4","RGCC","TTK"
"MDM4","AURKA","MECOM"
"MDM4","CDK1","MECOM"
"MDM4","PTPRC","MECOM"
"MDM4","AURKB","MECOM"
"MDM4","CyclinE/CDK2","MECOM"
"MDM4","SPRED1","MECOM"
"MDM4","RPA2","MECOM"
"MDM4","RELA","MECOM"
"MDM4","CDK6","MECOM"
"MDM4","PHF8","MECOM"
"MDM4","RUNX1","MECOM"
"MDM4","WDCP","MECOM"
"MDM4","MDC1","MECOM"
"MDM4","RUNX2","MECOM"
"MDM4","WAC","MECOM"
"MDM4","RGCC","MECOM"
"MDM4","AURKA","CDK12"
"MDM4","RAF1","CDK12"
"MDM4","PTPRC","CDK12"
"MDM4","PLK1","CDK12"
"MDM4","CCNO","CDK12"
"MDM4","RELA","CDK12"
"MDM4","CDK6","CDK12"
"MDM4","CDC25C","CDK12"
"MDM4","INCENP","CDK12"
"MDM4","CDC25B","CDK12"
"MDM4","NEK6","CDK12"
"MDM4","TNFAIP1","CDK12"
"MDM4","PHF8","CDK12"
"MDM4","RUNX1","CDK12"
"MDM4","WDCP","CDK12"
"MDM4","MDC1","CDK12"
"MDM4","RAD9A","CDK12"
"MDM4","BORA","CDK12"
"MDM4","WAC","CDK12"
"MDM4","AURKA","RNF4"
"MDM4","RAF1","RNF4"
"MDM4","CDK1","RNF4"
"MDM4","LCK","RNF4"
"MDM4","CHEK1","RNF4"
"MDM4","AURKB","RNF4"
"MDM4","CyclinB/CDK1","RNF4"
"MDM4","TTK","RNF4"
"MDM4","CSNK2B","RNF4"
"MDM4","RPA2","RNF4"
"MDM4","BUB1","RNF4"
"MDM4","CCNO","RNF4"
"MDM4","HDAC3","RNF4"
"MDM4","RELA","RNF4"
"MDM4","CDC25C","RNF4"
"MDM4","INCENP","RNF4"
"MDM4","USP37","RNF4"
"MDM4","CEP192","RNF4"
"MDM4","TNFAIP1","RNF4"
"MDM4","PHF8","RNF4"
"MDM4","RUNX1","RNF4"
"MDM4","WDCP","RNF4"
"MDM4","MDC1","RNF4"
"MDM4","NBN","RNF4"
"MDM4","HDAC1","RNF4"
"MDM4","DCTN6","RNF4"
"MDM4","AURKA","ADRA2A"
"MDM4","CDK1","ADRA2A"
"MDM4","PLK1","ADRA2A"
"MDM4","LCK","ADRA2A"
"MDM4","RPS6KB1","ADRA2A"
"MDM4","CHEK1","ADRA2A"
"MDM4","AURKB","ADRA2A"
"MDM4","CDC25A","ADRA2A"
"MDM4","CyclinE/CDK2","ADRA2A"
"MDM4","NEK9","ADRA2A"
"MDM4","HDAC3","ADRA2A"
"MDM4","CDC25C","ADRA2A"
"MDM4","INCENP","ADRA2A"
"MDM4","USP37","ADRA2A"
"MDM4","CEP192","ADRA2A"
"MDM4","DAXX","ADRA2A"
"MDM4","RUNX1","ADRA2A"
"MDM4","WDCP","ADRA2A"
"MDM4","TOPBP1","ADRA2A"
"MDM4","FMNL2","ADRA2A"
"MDM4","ATM","CCAR2"
"MDM4","RAF1","CCAR2"
"MDM4","CDK4","CCAR2"
"MDM4","CDC25A","CCAR2"
"MDM4","CyclinB/CDK1","CCAR2"
"MDM4","CSNK2B","CCAR2"
"MDM4","CCNO","CCAR2"
"MDM4","HDAC3","CCAR2"
"MDM4","CDK6","CCAR2"
"MDM4","CDC25C","CCAR2"
"MDM4","AMBRA1","CCAR2"
"MDM4","NR3C1","CCAR2"
"MDM4","H2AX","CCAR2"
"MDM4","WDCP","CCAR2"
"MDM4","MDC1","CCAR2"
"MDM4","MRE11","CCAR2"
"MDM4","TOPBP1","CCAR2"
"MDM4","DCTN6","CCAR2"
"MDM4","CTNNB1","CSNK2B"
"MDM4","RAF1","CSNK2B"
"MDM4","CDK4","CSNK2B"
"MDM4","PTPRC","CSNK2B"
"MDM4","CDK7","CSNK2B"
"MDM4","PLK1","CSNK2B"
"MDM4","LCK","CSNK2B"
"MDM4","RPS6KB1","CSNK2B"
"MDM4","CDK2","CSNK2B"
"MDM4","CHEK1","CSNK2B"
"MDM4","CDC25A","CSNK2B"
"MDM4","CyclinB/CDK1","CSNK2B"
"MDM4","TTK","CSNK2B"
"MDM4","NEK9","CSNK2B"
"MDM4","CCNO","CSNK2B"
"MDM4","HDAC3","CSNK2B"
"MDM4","RELA","CSNK2B"
"MDM4","HASPIN","CSNK2B"
"MDM4","CDC25C","CSNK2B"
"MDM4","INCENP","CSNK2B"
"MDM4","CDC25B","CSNK2B"
"MDM4","NEK6","CSNK2B"
"MDM4","USP37","CSNK2B"
"MDM4","NR3C1","CSNK2B"
"MDM4","TNFAIP1","CSNK2B"
"MDM4","PHF8","CSNK2B"
"MDM4","MRE11","CSNK2B"
"MDM4","RUNX2","CSNK2B"
"MDM4","RAD9A","CSNK2B"
"MDM4","TOPBP1","CSNK2B"
"MDM4","WAC","CSNK2B"
"MDM4","RGCC","CSNK2B"
"MDM4","CTNNB1","APAF1"
"MDM4","AURKA","APAF1"
"MDM4","RAF1","APAF1"
"MDM4","CDK4","APAF1"
"MDM4","PTPN1","APAF1"
"MDM4","PTPRC","APAF1"
"MDM4","CDK7","APAF1"
"MDM4","PLK1","APAF1"
"MDM4","LCK","APAF1"
"MDM4","RPS6KB1","APAF1"
"MDM4","CDC25A","APAF1"
"MDM4","CyclinB/CDK1","APAF1"
"MDM4","CyclinE/CDK2","APAF1"
"MDM4","CSNK2B","APAF1"
"MDM4","SPRED1","APAF1"
"MDM4","RPA2","APAF1"
"MDM4","BUB1","APAF1"
"MDM4","NEK9","APAF1"
"MDM4","HDAC3","APAF1"
"MDM4","HASPIN","APAF1"
"MDM4","CDC25C","APAF1"
"MDM4","INCENP","APAF1"
"MDM4","NEK6","APAF1"
"MDM4","AMBRA1","APAF1"
"MDM4","CEP192","APAF1"
"MDM4","TNFAIP1","APAF1"
"MDM4","RUNX1","APAF1"
"MDM4","MDC1","APAF1"
"MDM4","RUNX2","APAF1"
"MDM4","RAD9A","APAF1"
"MDM4","HDAC1","APAF1"
"MDM4","TOPBP1","APAF1"
"MDM4","BORA","APAF1"
"MDM4","WAC","APAF1"
"MDM4","DCTN6","APAF1"
"MDM4","FMNL2","APAF1"
"MDM4","CTNNB1","CALM3"
"MDM4","ATM","CALM3"
"MDM4","RPS6KB1","CALM3"
"MDM4","CyclinE/CDK2","CALM3"
"MDM4","SPRED1","CALM3"
"MDM4","RPA2","CALM3"
"MDM4","NEK9","CALM3"
"MDM4","CCNO","CALM3"
"MDM4","CDK6","CALM3"
"MDM4","INCENP","CALM3"
"MDM4","MRE11","CALM3"
"MDM4","NBN","CALM3"
"MDM4","RUNX2","CALM3"
"MDM4","HDAC1","CALM3"
"MDM4","TOPBP1","CALM3"
"MDM4","BORA","CALM3"
"MDM4","WAC","CALM3"
"MDM4","DCTN6","CALM3"
"MDM4","RAF1","YAP1"
"MDM4","CDK4","YAP1"
"MDM4","CDK7","YAP1"
"MDM4","PLK1","YAP1"
"MDM4","CHEK1","YAP1"
"MDM4","AURKB","YAP1"
"MDM4","TTK","YAP1"
"MDM4","HASPIN","YAP1"
"MDM4","DAXX","YAP1"
"MDM4","NR3C1","YAP1"
"MDM4","RUNX1","YAP1"
"MDM4","WDCP","YAP1"
"MDM4","NBN","YAP1"
"MDM4","RUNX2","YAP1"
"MDM4","BORA","YAP1"
"MDM4","AURKB","CDK3"
"MDM4","CDC25A","CDK3"
"MDM4","TTK","CDK3"
"MDM4","CSNK2B","CDK3"
"MDM4","NEK9","CDK3"
"MDM4","HDAC3","CDK3"
"MDM4","RELA","CDK3"
"MDM4","INCENP","CDK3"
"MDM4","CEP192","CDK3"
"MDM4","RUNX2","CDK3"
"MDM4","RAD9A","CDK3"
"MDM4","CDK4","CAV1"
"MDM4","CDK7","CAV1"
"MDM4","LCK","CAV1"
"MDM4","CHEK1","CAV1"
"MDM4","AURKB","CAV1"
"MDM4","CDC25A","CAV1"
"MDM4","CyclinB/CDK1","CAV1"
"MDM4","CyclinE/CDK2","CAV1"
"MDM4","SPRED1","CAV1"
"MDM4","NEK9","CAV1"
"MDM4","HDAC3","CAV1"
"MDM4","RELA","CAV1"
"MDM4","CDK6","CAV1"
"MDM4","CDC25C","CAV1"
"MDM4","INCENP","CAV1"
"MDM4","NEK6","CAV1"
"MDM4","USP37","CAV1"
"MDM4","RUNX1","CAV1"
"MDM4","HDAC1","CAV1"
"MDM4","TOPBP1","CAV1"
"MDM4","BORA","CAV1"
"MDM4","DCTN6","CAV1"
"MDM4","FMNL2","CAV1"
"MDM4","CTNNB1","XIAP"
"MDM4","CDK4","XIAP"
"MDM4","PTPN1","XIAP"
"MDM4","PTPRC","XIAP"
"MDM4","CDK7","XIAP"
"MDM4","PLK1","XIAP"
"MDM4","RPS6KB1","XIAP"
"MDM4","AURKB","XIAP"
"MDM4","TTK","XIAP"
"MDM4","NEK9","XIAP"
"MDM4","RELA","XIAP"
"MDM4","INCENP","XIAP"
"MDM4","CDC25B","XIAP"
"MDM4","NEK6","XIAP"
"MDM4","USP37","XIAP"
"MDM4","AMBRA1","XIAP"
"MDM4","CEP192","XIAP"
"MDM4","NR3C1","XIAP"
"MDM4","NBN","XIAP"
"MDM4","HDAC1","XIAP"
"MDM4","TOPBP1","XIAP"
"MDM4","WAC","XIAP"
"MDM4","DCTN6","XIAP"
"MDM4","RGCC","XIAP"
"MDM4","CTNNB1","CC2D1A"
"MDM4","RAF1","CC2D1A"
"MDM4","CDK1","CC2D1A"
"MDM4","CDK7","CC2D1A"
"MDM4","CDK2","CC2D1A"
"MDM4","CHEK1","CC2D1A"
"MDM4","CyclinB/CDK1","CC2D1A"
"MDM4","SPRED1","CC2D1A"
"MDM4","RPA2","CC2D1A"
"MDM4","BUB1","CC2D1A"
"MDM4","CDC25C","CC2D1A"
"MDM4","NEK6","CC2D1A"
"MDM4","USP37","CC2D1A"
"MDM4","AMBRA1","CC2D1A"
"MDM4","CEP192","CC2D1A"
"MDM4","NR3C1","CC2D1A"
"MDM4","H2AX","CC2D1A"
"MDM4","TNFAIP1","CC2D1A"
"MDM4","MDC1","CC2D1A"
"MDM4","MRE11","CC2D1A"
"MDM4","RUNX2","CC2D1A"
"MDM4","HDAC1","CC2D1A"
"MDM4","BORA","CC2D1A"
"MDM4","WAC","CC2D1A"
"MDM4","FMNL2","CC2D1A"
"MDM4","CTNNB1","CDK13"
"MDM4","AURKA","CDK13"
"MDM4","RAF1","CDK13"
"MDM4","CDK1","CDK13"
"MDM4","PTPN1","CDK13"
"MDM4","PLK1","CDK13"
"MDM4","CHEK1","CDK13"
"MDM4","AURKB","CDK13"
"MDM4","CyclinE/CDK2","CDK13"
"MDM4","TTK","CDK13"
"MDM4","CSNK2B","CDK13"
"MDM4","SPRED1","CDK13"
"MDM4","RPA2","CDK13"
"MDM4","BUB1","CDK13"
"MDM4","NEK9","CDK13"
"MDM4","HDAC3","CDK13"
"MDM4","HASPIN","CDK13"
"MDM4","CDK6","CDK13"
"MDM4","CDC25C","CDK13"
"MDM4","INCENP","CDK13"
"MDM4","CDC25B","CDK13"
"MDM4","H2AX","CDK13"
"MDM4","TNFAIP1","CDK13"
"MDM4","RUNX1","CDK13"
"MDM4","WDCP","CDK13"
"MDM4","MRE11","CDK13"
"MDM4","TOPBP1","CDK13"
"MDM4","FMNL2","CDK13"
"MDM4","PTPRC","CDK11B"
"MDM4","LCK","CDK11B"
"MDM4","AURKB","CDK11B"
"MDM4","INCENP","CDK11B"
"MDM4","CDC25B","CDK11B"
"MDM4","NEK6","CDK11B"
"MDM4","USP37","CDK11B"
"MDM4","AMBRA1","CDK11B"
"MDM4","NR3C1","CDK11B"
"MDM4","MDC1","CDK11B"
"MDM4","MRE11","CDK11B"
"MDM4","HDAC1","CDK11B"
"MDM4","CDK4","TLE1"
"MDM4","CDK7","TLE1"
"MDM4","LCK","TLE1"
"MDM4","AURKB","TLE1"
"MDM4","CDC25A","TLE1"
"MDM4","CyclinB/CDK1","TLE1"
"MDM4","CSNK2B","TLE1"
"MDM4","SPRED1","TLE1"
"MDM4","RPA2","TLE1"
"MDM4","RELA","TLE1"
"MDM4","HASPIN","TLE1"
"MDM4","INCENP","TLE1"
"MDM4","USP37","TLE1"
"MDM4","NR3C1","TLE1"
"MDM4","TNFAIP1","TLE1"
"MDM4","PHF8","TLE1"
"MDM4","WDCP","TLE1"
"MDM4","MRE11","TLE1"
"MDM4","NBN","TLE1"
"MDM4","TOPBP1","TLE1"
"MDM4","BORA","TLE1"
"MDM4","AURKA","HSP90AB1"
"MDM4","CDK4","HSP90AB1"
"MDM4","PLK1","HSP90AB1"
"MDM4","LCK","HSP90AB1"
"MDM4","RPS6KB1","HSP90AB1"
"MDM4","CDK2","HSP90AB1"
"MDM4","CHEK1","HSP90AB1"
"MDM4","CDC25A","HSP90AB1"
"MDM4","RPA2","HSP90AB1"
"MDM4","INCENP","HSP90AB1"
"MDM4","CDC25B","HSP90AB1"
"MDM4","AMBRA1","HSP90AB1"
"MDM4","TNFAIP1","HSP90AB1"
"MDM4","RUNX1","HSP90AB1"
"MDM4","MRE11","HSP90AB1"
"MDM4","NBN","HSP90AB1"
"MDM4","RGCC","HSP90AB1"
"MDM4","CDK4","ABCA1"
"MDM4","PTPN1","ABCA1"
"MDM4","CDK7","ABCA1"
"MDM4","PLK1","ABCA1"
"MDM4","LCK","ABCA1"
"MDM4","CHEK1","ABCA1"
"MDM4","CyclinB/CDK1","ABCA1"
"MDM4","CyclinE/CDK2","ABCA1"
"MDM4","SPRED1","ABCA1"
"MDM4","RPA2","ABCA1"
"MDM4","NEK9","ABCA1"
"MDM4","CCNO","ABCA1"
"MDM4","CDK6","ABCA1"
"MDM4","INCENP","ABCA1"
"MDM4","CDC25B","ABCA1"
"MDM4","USP37","ABCA1"
"MDM4","WDCP","ABCA1"
"MDM4","HDAC1","ABCA1"
"MDM4","TOPBP1","ABCA1"
"MDM4","BORA","ABCA1"
"MDM4","WAC","ABCA1"
"MDM4","DCTN6","ABCA1"
"MDM4","FMNL2","ABCA1"
"MDM4","RGCC","ABCA1"
"MDM4","CTNNB1","FGF14"
"MDM4","PTPRC","FGF14"
"MDM4","CDK7","FGF14"
"MDM4","LCK","FGF14"
"MDM4","RPS6KB1","FGF14"
"MDM4","CHEK1","FGF14"
"MDM4","CyclinE/CDK2","FGF14"
"MDM4","CSNK2B","FGF14"
"MDM4","SPRED1","FGF14"
"MDM4","RPA2","FGF14"
"MDM4","NEK9","FGF14"
"MDM4","RELA","FGF14"
"MDM4","INCENP","FGF14"
"MDM4","CEP192","FGF14"
"MDM4","H2AX","FGF14"
"MDM4","WDCP","FGF14"
"MDM4","MDC1","FGF14"
"MDM4","MRE11","FGF14"
"MDM4","NBN","FGF14"
"MDM4","RUNX2","FGF14"
"MDM4","RAD9A","FGF14"
"MDM4","TOPBP1","FGF14"
"MDM4","CTNNB1","TRIP11"
"MDM4","AURKA","TRIP11"
"MDM4","RAF1","TRIP11"
"MDM4","CDK4","TRIP11"
"MDM4","PTPRC","TRIP11"
"MDM4","CHEK1","TRIP11"
"MDM4","AURKB","TRIP11"
"MDM4","TTK","TRIP11"
"MDM4","SPRED1","TRIP11"
"MDM4","CCNO","TRIP11"
"MDM4","CDK6","TRIP11"
"MDM4","USP37","TRIP11"
"MDM4","AMBRA1","TRIP11"
"MDM4","WDCP","TRIP11"
"MDM4","MRE11","TRIP11"
"MDM4","BORA","TRIP11"
"MDM4","WAC","TRIP11"
"MDM4","RGCC","TRIP11"
"MDM4","CTNNB1","DVL2"
"MDM4","ATM","DVL2"
"MDM4","CDK4","DVL2"
"MDM4","LCK","DVL2"
"MDM4","CDK2","DVL2"
"MDM4","CHEK1","DVL2"
"MDM4","AURKB","DVL2"
"MDM4","CDC25A","DVL2"
"MDM4","CyclinB/CDK1","DVL2"
"MDM4","TTK","DVL2"
"MDM4","CSNK2B","DVL2"
"MDM4","RPA2","DVL2"
"MDM4","HDAC3","DVL2"
"MDM4","RELA","DVL2"
"MDM4","CDC25C","DVL2"
"MDM4","INCENP","DVL2"
"MDM4","CDC25B","DVL2"
"MDM4","NEK6","DVL2"
"MDM4","AMBRA1","DVL2"
"MDM4","CEP192","DVL2"
"MDM4","DAXX","DVL2"
"MDM4","NR3C1","DVL2"
"MDM4","H2AX","DVL2"
"MDM4","TNFAIP1","DVL2"
"MDM4","PHF8","DVL2"
"MDM4","RUNX1","DVL2"
"MDM4","MRE11","DVL2"
"MDM4","RUNX2","DVL2"
"MDM4","HDAC1","DVL2"
"MDM4","TOPBP1","DVL2"
"MDM4","BORA","DVL2"
"MDM4","DCTN6","DVL2"
"MDM4","FMNL2","DVL2"
"MDM4","AURKA","LATS1"
"MDM4","CDK1","LATS1"
"MDM4","PTPRC","LATS1"
"MDM4","PLK1","LATS1"
"MDM4","RPS6KB1","LATS1"
"MDM4","CDK2","LATS1"
"MDM4","CHEK1","LATS1"
"MDM4","CyclinB/CDK1","LATS1"
"MDM4","CyclinE/CDK2","LATS1"
"MDM4","CSNK2B","LATS1"
"MDM4","SPRED1","LATS1"
"MDM4","RPA2","LATS1"
"MDM4","BUB1","LATS1"
"MDM4","CCNO","LATS1"
"MDM4","CDK6","LATS1"
"MDM4","INCENP","LATS1"
"MDM4","NEK6","LATS1"
"MDM4","USP37","LATS1"
"MDM4","CEP192","LATS1"
"MDM4","DAXX","LATS1"
"MDM4","H2AX","LATS1"
"MDM4","WDCP","LATS1"
"MDM4","MDC1","LATS1"
"MDM4","NBN","LATS1"
"MDM4","RAD9A","LATS1"
"MDM4","HDAC1","LATS1"
"MDM4","WAC","LATS1"
"MDM4","DCTN6","LATS1"
"MDM4","FMNL2","LATS1"
"MDM4","CDK4","ZAP70"
"MDM4","CDK1","ZAP70"
"MDM4","LCK","ZAP70"
"MDM4","CDC25A","ZAP70"
"MDM4","CyclinB/CDK1","ZAP70"
"MDM4","CyclinE/CDK2","ZAP70"
"MDM4","TTK","ZAP70"
"MDM4","CSNK2B","ZAP70"
"MDM4","SPRED1","ZAP70"
"MDM4","RPA2","ZAP70"
"MDM4","NEK9","ZAP70"
"MDM4","CCNO","ZAP70"
"MDM4","HDAC3","ZAP70"
"MDM4","CDK6","ZAP70"
"MDM4","CDC25B","ZAP70"
"MDM4","AMBRA1","ZAP70"
"MDM4","CEP192","ZAP70"
"MDM4","PHF8","ZAP70"
"MDM4","HDAC1","ZAP70"
"MDM4","TOPBP1","ZAP70"
"MDM4","WAC","ZAP70"
"MDM4","FMNL2","ZAP70"
"MDM4","RGCC","ZAP70"
"MDM4","CDK4","TRAF6"
"MDM4","CDK1","TRAF6"
"MDM4","PTPN1","TRAF6"
"MDM4","PTPRC","TRAF6"
"MDM4","TTK","TRAF6"
"MDM4","CSNK2B","TRAF6"
"MDM4","SPRED1","TRAF6"
"MDM4","RPA2","TRAF6"
"MDM4","NEK9","TRAF6"
"MDM4","HASPIN","TRAF6"
"MDM4","CDK6","TRAF6"
"MDM4","CDC25B","TRAF6"
"MDM4","NEK6","TRAF6"
"MDM4","CEP192","TRAF6"
"MDM4","PHF8","TRAF6"
"MDM4","TOPBP1","TRAF6"
"MDM4","PLK1","PKN1"
"MDM4","LCK","PKN1"
"MDM4","AURKB","PKN1"
"MDM4","CDC25A","PKN1"
"MDM4","CSNK2B","PKN1"
"MDM4","SPRED1","PKN1"
"MDM4","BUB1","PKN1"
"MDM4","HASPIN","PKN1"
"MDM4","INCENP","PKN1"
"MDM4","H2AX","PKN1"
"MDM4","PHF8","PKN1"
"MDM4","WDCP","PKN1"
"MDM4","MDC1","PKN1"
"MDM4","RGCC","PKN1"
"MDM4","AURKA","SPRED1"
"MDM4","PLK1","SPRED1"
"MDM4","LCK","SPRED1"
"MDM4","CHEK1","SPRED1"
"MDM4","AURKB","SPRED1"
"MDM4","NEK6","SPRED1"
"MDM4","USP37","SPRED1"
"MDM4","CEP192","SPRED1"
"MDM4","WAC","SPRED1"
"MDM4","ATM","NEK2"
"MDM4","CDK1","NEK2"
"MDM4","PTPN1","NEK2"
"MDM4","CDK7","NEK2"
"MDM4","PLK1","NEK2"
"MDM4","CHEK1","NEK2"
"MDM4","CyclinB/CDK1","NEK2"
"MDM4","CCNO","NEK2"
"MDM4","RELA","NEK2"
"MDM4","CDC25C","NEK2"
"MDM4","NBN","NEK2"
"MDM4","RAD9A","NEK2"
"MDM4","FMNL2","NEK2"
"MDM4","CTNNB1","PCNA"
"MDM4","ATM","PCNA"
"MDM4","CDK1","PCNA"
"MDM4","CDK7","PCNA"
"MDM4","CyclinB/CDK1","PCNA"
"MDM4","CSNK2B","PCNA"
"MDM4","SPRED1","PCNA"
"MDM4","BUB1","PCNA"
"MDM4","CCNO","PCNA"
"MDM4","INCENP","PCNA"
"MDM4","CDC25B","PCNA"
"MDM4","DAXX","PCNA"
"MDM4","NR3C1","PCNA"
"MDM4","WDCP","PCNA"
"MDM4","MDC1","PCNA"
"MDM4","MRE11","PCNA"
"MDM4","HDAC1","PCNA"
"MDM4","BORA","PCNA"
"MDM4","LCK","GPI"
"MDM4","RPS6KB1","GPI"
"MDM4","CHEK1","GPI"
"MDM4","AURKB","GPI"
"MDM4","CDC25A","GPI"
"MDM4","CyclinE/CDK2","GPI"
"MDM4","TTK","GPI"
"MDM4","CCNO","GPI"
"MDM4","HDAC3","GPI"
"MDM4","CDK6","GPI"
"MDM4","CDC25C","GPI"
"MDM4","CDC25B","GPI"
"MDM4","USP37","GPI"
"MDM4","DAXX","GPI"
"MDM4","NR3C1","GPI"
"MDM4","H2AX","GPI"
"MDM4","WDCP","GPI"
"MDM4","MDC1","GPI"
"MDM4","RUNX2","GPI"
"MDM4","RAD9A","GPI"
"MDM4","HDAC1","GPI"
"MDM4","CTNNB1","CRK"
"MDM4","RAF1","CRK"
"MDM4","CDK4","CRK"
"MDM4","PTPN1","CRK"
"MDM4","PTPRC","CRK"
"MDM4","CDK7","CRK"
"MDM4","PLK1","CRK"
"MDM4","CDK2","CRK"
"MDM4","CHEK1","CRK"
"MDM4","AURKB","CRK"
"MDM4","CDC25A","CRK"
"MDM4","CyclinB/CDK1","CRK"
"MDM4","TTK","CRK"
"MDM4","CSNK2B","CRK"
"MDM4","NEK9","CRK"
"MDM4","HASPIN","CRK"
"MDM4","CDC25C","CRK"
"MDM4","INCENP","CRK"
"MDM4","AMBRA1","CRK"
"MDM4","TNFAIP1","CRK"
"MDM4","HDAC1","CRK"
"MDM4","BORA","CRK"
"MDM4","WAC","CRK"
"MDM4","AURKA","NEK11"
"MDM4","RAF1","NEK11"
"MDM4","PTPN1","NEK11"
"MDM4","PTPRC","NEK11"
"MDM4","CDC25A","NEK11"
"MDM4","CyclinB/CDK1","NEK11"
"MDM4","NEK9","NEK11"
"MDM4","HDAC3","NEK11"
"MDM4","HASPIN","NEK11"
"MDM4","CEP192","NEK11"
"MDM4","DAXX","NEK11"
"MDM4","WDCP","NEK11"
"MDM4","MDC1","NEK11"
"MDM4","MRE11","NEK11"
"MDM4","HDAC1","NEK11"
"MDM4","TOPBP1","NEK11"
"MDM4","DCTN6","NEK11"
"MDM4","FMNL2","NEK11"
"MDM4","CTNNB1","NEK7"
"MDM4","PTPN1","NEK7"
"MDM4","BUB1","NEK7"
"MDM4","RELA","NEK7"
"MDM4","HASPIN","NEK7"
"MDM4","NR3C1","NEK7"
"MDM4","H2AX","NEK7"
"MDM4","MDC1","NEK7"
"MDM4","MRE11","NEK7"
"MDM4","HDAC1","NEK7"
"MDM4","TOPBP1","NEK7"
"MDM4","RGCC","NEK7"
"MDM4","AURKA","RPA2"
"MDM4","RPS6KB1","RPA2"
"MDM4","CyclinB/CDK1","RPA2"
"MDM4","CyclinE/CDK2","RPA2"
"MDM4","TTK","RPA2"
"MDM4","HDAC3","RPA2"
"MDM4","RELA","RPA2"
"MDM4","CDC25C","RPA2"
"MDM4","INCENP","RPA2"
"MDM4","AMBRA1","RPA2"
"MDM4","DAXX","RPA2"
"MDM4","NR3C1","RPA2"
"MDM4","RUNX1","RPA2"
"MDM4","RAD9A","RPA2"
"MDM4","RAF1","TFDP1"
"MDM4","CDK4","TFDP1"
"MDM4","RPS6KB1","TFDP1"
"MDM4","CDK2","TFDP1"
"MDM4","CDC25A","TFDP1"
"MDM4","CyclinB/CDK1","TFDP1"
"MDM4","CyclinE/CDK2","TFDP1"
"MDM4","RPA2","TFDP1"
"MDM4","BUB1","TFDP1"
"MDM4","NEK9","TFDP1"
"MDM4","CCNO","TFDP1"
"MDM4","INCENP","TFDP1"
"MDM4","CEP192","TFDP1"
"MDM4","H2AX","TFDP1"
"MDM4","NBN","TFDP1"
"MDM4","RUNX2","TFDP1"
"MDM4","RAD9A","TFDP1"
"MDM4","HDAC1","TFDP1"
"MDM4","TOPBP1","TFDP1"
"MDM4","BORA","TFDP1"
"MDM4","WAC","TFDP1"
"MDM4","DCTN6","TFDP1"
"MDM4","RGCC","TFDP1"
"MDM4","ATM","BUB1"
"MDM4","RAF1","BUB1"
"MDM4","PTPN1","BUB1"
"MDM4","CDK7","BUB1"
"MDM4","RPS6KB1","BUB1"
"MDM4","CDK2","BUB1"
"MDM4","TTK","BUB1"
"MDM4","CCNO","BUB1"
"MDM4","INCENP","BUB1"
"MDM4","USP37","BUB1"
"MDM4","NR3C1","BUB1"
"MDM4","H2AX","BUB1"
"MDM4","RUNX2","BUB1"
"MDM4","WAC","BUB1"
"MDM4","RGCC","BUB1"
"MDM4","CTNNB1","RARG"
"MDM4","CDK1","RARG"
"MDM4","PTPRC","RARG"
"MDM4","CHEK1","RARG"
"MDM4","AURKB","RARG"
"MDM4","CDC25A","RARG"
"MDM4","CyclinB/CDK1","RARG"
"MDM4","CSNK2B","RARG"
"MDM4","RPA2","RARG"
"MDM4","CCNO","RARG"
"MDM4","HASPIN","RARG"
"MDM4","CDC25B","RARG"
"MDM4","USP37","RARG"
"MDM4","PHF8","RARG"
"MDM4","WDCP","RARG"
"MDM4","MDC1","RARG"
"MDM4","RAD9A","RARG"
"MDM4","HDAC1","RARG"
"MDM4","ATM","MASTL"
"MDM4","PLK1","MASTL"
"MDM4","RPS6KB1","MASTL"
"MDM4","CHEK1","MASTL"
"MDM4","CDC25A","MASTL"
"MDM4","CyclinB/CDK1","MASTL"
"MDM4","BUB1","MASTL"
"MDM4","RELA","MASTL"
"MDM4","HASPIN","MASTL"
"MDM4","CDK6","MASTL"
"MDM4","INCENP","MASTL"
"MDM4","CDC25B","MASTL"
"MDM4","NEK6","MASTL"
"MDM4","USP37","MASTL"
"MDM4","CEP192","MASTL"
"MDM4","WDCP","MASTL"
"MDM4","MDC1","MASTL"
"MDM4","NBN","MASTL"
"MDM4","RUNX2","MASTL"
"MDM4","TOPBP1","MASTL"
"MDM4","BORA","MASTL"
"MDM4","WAC","MASTL"
"MDM4","DCTN6","MASTL"
"MDM4","FMNL2","MASTL"
"MDM4","RGCC","MASTL"
"MDM4","ATM","RPS6KA4"
"MDM4","AURKA","RPS6KA4"
"MDM4","RAF1","RPS6KA4"
"MDM4","CDK4","RPS6KA4"
"MDM4","PTPN1","RPS6KA4"
"MDM4","PTPRC","RPS6KA4"
"MDM4","CDK7","RPS6KA4"
"MDM4","LCK","RPS6KA4"
"MDM4","RPS6KB1","RPS6KA4"
"MDM4","AURKB","RPS6KA4"
"MDM4","CyclinB/CDK1","RPS6KA4"
"MDM4","CyclinE/CDK2","RPS6KA4"
"MDM4","TTK","RPS6KA4"
"MDM4","CSNK2B","RPS6KA4"
"MDM4","SPRED1","RPS6KA4"
"MDM4","RPA2","RPS6KA4"
"MDM4","BUB1","RPS6KA4"
"MDM4","CCNO","RPS6KA4"
"MDM4","RELA","RPS6KA4"
"MDM4","HASPIN","RPS6KA4"
"MDM4","CDK6","RPS6KA4"
"MDM4","CDC25C","RPS6KA4"
"MDM4","CDC25B","RPS6KA4"
"MDM4","NEK6","RPS6KA4"
"MDM4","USP37","RPS6KA4"
"MDM4","AMBRA1","RPS6KA4"
"MDM4","CEP192","RPS6KA4"
"MDM4","DAXX","RPS6KA4"
"MDM4","NR3C1","RPS6KA4"
"MDM4","WDCP","RPS6KA4"
"MDM4","MDC1","RPS6KA4"
"MDM4","NBN","RPS6KA4"
"MDM4","RUNX2","RPS6KA4"
"MDM4","BORA","RPS6KA4"
"MDM4","FMNL2","RPS6KA4"
"MDM4","RGCC","RPS6KA4"
"MDM4","ATM","CBX5"
"MDM4","CDK7","CBX5"
"MDM4","LCK","CBX5"
"MDM4","CDC25A","CBX5"
"MDM4","CyclinE/CDK2","CBX5"
"MDM4","CCNO","CBX5"
"MDM4","USP37","CBX5"
"MDM4","NBN","CBX5"
"MDM4","TOPBP1","CBX5"
"MDM4","ATM","MC4R"
"MDM4","CDK1","MC4R"
"MDM4","INCENP","MC4R"
"MDM4","CDC25B","MC4R"
"MDM4","AMBRA1","MC4R"
"MDM4","CEP192","MC4R"
"MDM4","WDCP","MC4R"
"MDM4","HDAC1","MC4R"
"MDM4","FMNL2","MC4R"
"MDM4","CTNNB1","NEK9"
"MDM4","AURKA","NEK9"
"MDM4","RAF1","NEK9"
"MDM4","LCK","NEK9"
"MDM4","RPA2","NEK9"
"MDM4","BUB1","NEK9"
"MDM4","HASPIN","NEK9"
"MDM4","CDK6","NEK9"
"MDM4","USP37","NEK9"
"MDM4","AMBRA1","NEK9"
"MDM4","H2AX","NEK9"
"MDM4","TOPBP1","NEK9"
"MDM4","WAC","NEK9"
"MDM4","RAF1","CCNO"
"MDM4","CDK4","CCNO"
"MDM4","PTPRC","CCNO"
"MDM4","RPS6KB1","CCNO"
"MDM4","CHEK1","CCNO"
"MDM4","AURKB","CCNO"
"MDM4","CyclinE/CDK2","CCNO"
"MDM4","TTK","CCNO"
"MDM4","BUB1","CCNO"
"MDM4","HDAC3","CCNO"
"MDM4","INCENP","CCNO"
"MDM4","NEK6","CCNO"
"MDM4","CEP192","CCNO"
"MDM4","DAXX","CCNO"
"MDM4","NR3C1","CCNO"
"MDM4","H2AX","CCNO"
"MDM4","TNFAIP1","CCNO"
"MDM4","RUNX1","CCNO"
"MDM4","MDC1","CCNO"
"MDM4","MRE11","CCNO"
"MDM4","NBN","CCNO"
"MDM4","RUNX2","CCNO"
"MDM4","RAD9A","CCNO"
"MDM4","HDAC1","CCNO"
"MDM4","TOPBP1","CCNO"
"MDM4","BORA","CCNO"
"MDM4","DCTN6","CCNO"
"MDM4","CTNNB1","BID"
"MDM4","AURKA","BID"
"MDM4","PTPN1","BID"
"MDM4","PTPRC","BID"
"MDM4","LCK","BID"
"MDM4","RPS6KB1","BID"
"MDM4","CDK2","BID"
"MDM4","CHEK1","BID"
"MDM4","CyclinE/CDK2","BID"
"MDM4","SPRED1","BID"
"MDM4","BUB1","BID"
"MDM4","DAXX","BID"
"MDM4","NR3C1","BID"
"MDM4","H2AX","BID"
"MDM4","TNFAIP1","BID"
"MDM4","RUNX1","BID"
"MDM4","WDCP","BID"
"MDM4","MDC1","BID"
"MDM4","MRE11","BID"
"MDM4","NBN","BID"
"MDM4","RUNX2","BID"
"MDM4","RAD9A","BID"
"MDM4","HDAC1","BID"
"MDM4","CDK4","HDAC3"
"MDM4","PTPN1","HDAC3"
"MDM4","CDK7","HDAC3"
"MDM4","PLK1","HDAC3"
"MDM4","RPS6KB1","HDAC3"
"MDM4","CyclinB/CDK1","HDAC3"
"MDM4","SPRED1","HDAC3"
"MDM4","CDC25C","HDAC3"
"MDM4","CDC25B","HDAC3"
"MDM4","TOPBP1","HDAC3"
"MDM4","WAC","HDAC3"
"MDM4","RGCC","HDAC3"
"MDM4","RAF1","HSP90AA1"
"MDM4","PTPRC","HSP90AA1"
"MDM4","CDK7","HSP90AA1"
"MDM4","CDK2","HSP90AA1"
"MDM4","AURKB","HSP90AA1"
"MDM4","CDC25A","HSP90AA1"
"MDM4","CyclinB/CDK1","HSP90AA1"
"MDM4","SPRED1","HSP90AA1"
"MDM4","HDAC3","HSP90AA1"
"MDM4","CDC25C","HSP90AA1"
"MDM4","INCENP","HSP90AA1"
"MDM4","CDC25B","HSP90AA1"
"MDM4","NEK6","HSP90AA1"
"MDM4","USP37","HSP90AA1"
"MDM4","AMBRA1","HSP90AA1"
"MDM4","CEP192","HSP90AA1"
"MDM4","DAXX","HSP90AA1"
"MDM4","NR3C1","HSP90AA1"
"MDM4","TNFAIP1","HSP90AA1"
"MDM4","RUNX1","HSP90AA1"
"MDM4","MRE11","HSP90AA1"
"MDM4","NBN","HSP90AA1"
"MDM4","RAD9A","HSP90AA1"
"MDM4","WAC","HSP90AA1"
"MDM4","AURKA","p38"
"MDM4","CDK7","p38"
"MDM4","PLK1","p38"
"MDM4","CDC25A","p38"
"MDM4","CyclinB/CDK1","p38"
"MDM4","HDAC3","p38"
"MDM4","RELA","p38"
"MDM4","CDK6","p38"
"MDM4","CDC25C","p38"
"MDM4","INCENP","p38"
"MDM4","NR3C1","p38"
"MDM4","H2AX","p38"
"MDM4","RUNX1","p38"
"MDM4","WDCP","p38"
"MDM4","RUNX2","p38"
"MDM4","HDAC1","p38"
"MDM4","TOPBP1","p38"
"MDM4","FMNL2","p38"
"MDM4","RAF1","AXIN1"
"MDM4","AURKB","AXIN1"
"MDM4","CDC25A","AXIN1"
"MDM4","RPA2","AXIN1"
"MDM4","BUB1","AXIN1"
"MDM4","HASPIN","AXIN1"
"MDM4","CDK6","AXIN1"
"MDM4","NEK6","AXIN1"
"MDM4","USP37","AXIN1"
"MDM4","AMBRA1","AXIN1"
"MDM4","H2AX","AXIN1"
"MDM4","MDC1","AXIN1"
"MDM4","WAC","AXIN1"
"MDM4","AURKA","RELA"
"MDM4","RAF1","RELA"
"MDM4","RPS6KB1","RELA"
"MDM4","CHEK1","RELA"
"MDM4","AURKB","RELA"
"MDM4","SPRED1","RELA"
"MDM4","BUB1","RELA"
"MDM4","CDC25C","RELA"
"MDM4","USP37","RELA"
"MDM4","DAXX","RELA"
"MDM4","WDCP","RELA"
"MDM4","RUNX2","RELA"
"MDM4","RAD9A","RELA"
"MDM4","HDAC1","RELA"
"MDM4","BORA","RELA"
"MDM4","FMNL2","RELA"
"MDM4","RGCC","RELA"
"MDM4","CTNNB1","TP53"
"MDM4","ATM","TP53"
"MDM4","AURKA","TP53"
"MDM4","RAF1","TP53"
"MDM4","CDK4","TP53"
"MDM4","LCK","TP53"
"MDM4","CHEK1","TP53"
"MDM4","AURKB","TP53"
"MDM4","CyclinE/CDK2","TP53"
"MDM4","TTK","TP53"
"MDM4","SPRED1","TP53"
"MDM4","RPA2","TP53"
"MDM4","HDAC3","TP53"
"MDM4","CDK6","TP53"
"MDM4","CEP192","TP53"
"MDM4","H2AX","TP53"
"MDM4","TNFAIP1","TP53"
"MDM4","PHF8","TP53"
"MDM4","RUNX1","TP53"
"MDM4","RAD9A","TP53"
"MDM4","HDAC1","TP53"
"MDM4","DCTN6","TP53"
"MDM4","ATM","PRC1"
"MDM4","CDK4","PRC1"
"MDM4","CDK1","PRC1"
"MDM4","PTPN1","PRC1"
"MDM4","PTPRC","PRC1"
"MDM4","PLK1","PRC1"
"MDM4","LCK","PRC1"
"MDM4","CHEK1","PRC1"
"MDM4","AURKB","PRC1"
"MDM4","CyclinE/CDK2","PRC1"
"MDM4","RELA","PRC1"
"MDM4","CDK6","PRC1"
"MDM4","USP37","PRC1"
"MDM4","CEP192","PRC1"
"MDM4","NR3C1","PRC1"
"MDM4","MRE11","PRC1"
"MDM4","NBN","PRC1"
"MDM4","RAD9A","PRC1"
"MDM4","HDAC1","PRC1"
"MDM4","DCTN6","PRC1"
"MDM4","RGCC","PRC1"
"MDM4","ATM","HASPIN"
"MDM4","LCK","HASPIN"
"MDM4","CDK2","HASPIN"
"MDM4","CDC25A","HASPIN"
"MDM4","CyclinB/CDK1","HASPIN"
"MDM4","TTK","HASPIN"
"MDM4","SPRED1","HASPIN"
"MDM4","RPA2","HASPIN"
"MDM4","BUB1","HASPIN"
"MDM4","NEK9","HASPIN"
"MDM4","HDAC3","HASPIN"
"MDM4","CDK6","HASPIN"
"MDM4","NR3C1","HASPIN"
"MDM4","H2AX","HASPIN"
"MDM4","PHF8","HASPIN"
"MDM4","WDCP","HASPIN"
"MDM4","MDC1","HASPIN"
"MDM4","MRE11","HASPIN"
"MDM4","NBN","HASPIN"
"MDM4","RUNX2","HASPIN"
"MDM4","RAD9A","HASPIN"
"MDM4","FMNL2","HASPIN"
"MDM4","ATM","MOAP1"
"MDM4","AURKA","MOAP1"
"MDM4","AURKB","MOAP1"
"MDM4","CDC25A","MOAP1"
"MDM4","CyclinB/CDK1","MOAP1"
"MDM4","TTK","MOAP1"
"MDM4","BUB1","MOAP1"
"MDM4","HDAC3","MOAP1"
"MDM4","RELA","MOAP1"
"MDM4","CDC25B","MOAP1"
"MDM4","NEK6","MOAP1"
"MDM4","DAXX","MOAP1"
"MDM4","NR3C1","MOAP1"
"MDM4","WDCP","MOAP1"
"MDM4","RAD9A","MOAP1"
"MDM4","CTNNB1","CDK6"
"MDM4","AURKA","CDK6"
"MDM4","CDK4","CDK6"
"MDM4","CDK1","CDK6"
"MDM4","PTPN1","CDK6"
"MDM4","PTPRC","CDK6"
"MDM4","CHEK1","CDK6"
"MDM4","AURKB","CDK6"
"MDM4","CyclinE/CDK2","CDK6"
"MDM4","CSNK2B","CDK6"
"MDM4","BUB1","CDK6"
"MDM4","NEK9","CDK6"
"MDM4","HASPIN","CDK6"
"MDM4","NR3C1","CDK6"
"MDM4","PHF8","CDK6"
"MDM4","RUNX2","CDK6"
"MDM4","BORA","CDK6"
"MDM4","WAC","CDK6"
"MDM4","DCTN6","CDK6"
"MDM4","FMNL2","CDK6"
"MDM4","RGCC","CDK6"
"MDM4","CTNNB1","AR"
"MDM4","CDK2","AR"
"MDM4","CSNK2B","AR"
"MDM4","RPA2","AR"
"MDM4","BUB1","AR"
"MDM4","HASPIN","AR"
"MDM4","CDC25C","AR"
"MDM4","NEK6","AR"
"MDM4","AMBRA1","AR"
"MDM4","PHF8","AR"
"MDM4","RUNX1","AR"
"MDM4","MRE11","AR"
"MDM4","AURKA","SUGT1"
"MDM4","CDK7","SUGT1"
"MDM4","RPS6KB1","SUGT1"
"MDM4","CDK2","SUGT1"
"MDM4","CHEK1","SUGT1"
"MDM4","SPRED1","SUGT1"
"MDM4","BUB1","SUGT1"
"MDM4","RELA","SUGT1"
"MDM4","DAXX","SUGT1"
"MDM4","NR3C1","SUGT1"
"MDM4","PHF8","SUGT1"
"MDM4","RUNX1","SUGT1"
"MDM4","WDCP","SUGT1"
"MDM4","MDC1","SUGT1"
"MDM4","HDAC1","SUGT1"
"MDM4","WAC","SUGT1"
"MDM4","FMNL2","SUGT1"
"MDM4","ATM","UBTF"
"MDM4","AURKA","UBTF"
"MDM4","CDK4","UBTF"
"MDM4","PTPRC","UBTF"
"MDM4","RPS6KB1","UBTF"
"MDM4","TTK","UBTF"
"MDM4","NEK9","UBTF"
"MDM4","CCNO","UBTF"
"MDM4","CDC25C","UBTF"
"MDM4","AMBRA1","UBTF"
"MDM4","CEP192","UBTF"
"MDM4","DAXX","UBTF"
"MDM4","NR3C1","UBTF"
"MDM4","RUNX1","UBTF"
"MDM4","MDC1","UBTF"
"MDM4","NBN","UBTF"
"MDM4","RAD9A","UBTF"
"MDM4","DCTN6","UBTF"
"MDM4","AURKA","BDKRB2"
"MDM4","RAF1","BDKRB2"
"MDM4","CDK1","BDKRB2"
"MDM4","PTPRC","BDKRB2"
"MDM4","CDK7","BDKRB2"
"MDM4","PLK1","BDKRB2"
"MDM4","LCK","BDKRB2"
"MDM4","RPS6KB1","BDKRB2"
"MDM4","CHEK1","BDKRB2"
"MDM4","CDC25A","BDKRB2"
"MDM4","RPA2","BDKRB2"
"MDM4","BUB1","BDKRB2"
"MDM4","NEK9","BDKRB2"
"MDM4","HASPIN","BDKRB2"
"MDM4","CDK6","BDKRB2"
"MDM4","AMBRA1","BDKRB2"
"MDM4","TNFAIP1","BDKRB2"
"MDM4","MDC1","BDKRB2"
"MDM4","NBN","BDKRB2"
"MDM4","RAD9A","BDKRB2"
"MDM4","FMNL2","BDKRB2"
"MDM4","RGCC","BDKRB2"
"MDM4","CTNNB1","OTUB1"
"MDM4","AURKA","OTUB1"
"MDM4","RAF1","OTUB1"
"MDM4","CDK4","OTUB1"
"MDM4","PTPN1","OTUB1"
"MDM4","PTPRC","OTUB1"
"MDM4","PLK1","OTUB1"
"MDM4","CDK2","OTUB1"
"MDM4","CHEK1","OTUB1"
"MDM4","AURKB","OTUB1"
"MDM4","CyclinB/CDK1","OTUB1"
"MDM4","CSNK2B","OTUB1"
"MDM4","BUB1","OTUB1"
"MDM4","NEK9","OTUB1"
"MDM4","CCNO","OTUB1"
"MDM4","CDK6","OTUB1"
"MDM4","INCENP","OTUB1"
"MDM4","NEK6","OTUB1"
"MDM4","AMBRA1","OTUB1"
"MDM4","RUNX1","OTUB1"
"MDM4","MDC1","OTUB1"
"MDM4","RGCC","OTUB1"
"MDM4","CDK4","SKP2"
"MDM4","CyclinB/CDK1","SKP2"
"MDM4","CyclinE/CDK2","SKP2"
"MDM4","SPRED1","SKP2"
"MDM4","RPA2","SKP2"
"MDM4","NEK9","SKP2"
"MDM4","CDK6","SKP2"
"MDM4","TOPBP1","SKP2"
"MDM4","BORA","SKP2"
"MDM4","ATM","BAD"
"MDM4","RAF1","BAD"
"MDM4","CDK4","BAD"
"MDM4","PTPN1","BAD"
"MDM4","PTPRC","BAD"
"MDM4","CDK7","BAD"
"MDM4","CDK2","BAD"
"MDM4","AURKB","BAD"
"MDM4","CyclinB/CDK1","BAD"
"MDM4","CSNK2B","BAD"
"MDM4","NEK9","BAD"
"MDM4","HDAC3","BAD"
"MDM4","HASPIN","BAD"
"MDM4","CDC25C","BAD"
"MDM4","INCENP","BAD"
"MDM4","CDC25B","BAD"
"MDM4","USP37","BAD"
"MDM4","AMBRA1","BAD"
"MDM4","CEP192","BAD"
"MDM4","DAXX","BAD"
"MDM4","NR3C1","BAD"
"MDM4","H2AX","BAD"
"MDM4","TNFAIP1","BAD"
"MDM4","PHF8","BAD"
"MDM4","WDCP","BAD"
"MDM4","HDAC1","BAD"
"MDM4","TOPBP1","BAD"
"MDM4","BORA","BAD"
"MDM4","RGCC","BAD"
"MDM4","CTNNB1","MAP3K20"
"MDM4","RAF1","MAP3K20"
"MDM4","CDK4","MAP3K20"
"MDM4","PTPN1","MAP3K20"
"MDM4","CDK7","MAP3K20"
"MDM4","RPS6KB1","MAP3K20"
"MDM4","CHEK1","MAP3K20"
"MDM4","AURKB","MAP3K20"
"MDM4","CyclinE/CDK2","MAP3K20"
"MDM4","TTK","MAP3K20"
"MDM4","BUB1","MAP3K20"
"MDM4","HDAC3","MAP3K20"
"MDM4","HASPIN","MAP3K20"
"MDM4","INCENP","MAP3K20"
"MDM4","CDC25B","MAP3K20"
"MDM4","NEK6","MAP3K20"
"MDM4","USP37","MAP3K20"
"MDM4","AMBRA1","MAP3K20"
"MDM4","CEP192","MAP3K20"
"MDM4","DAXX","MAP3K20"
"MDM4","NR3C1","MAP3K20"
"MDM4","TNFAIP1","MAP3K20"
"MDM4","RUNX1","MAP3K20"
"MDM4","WDCP","MAP3K20"
"MDM4","NBN","MAP3K20"
"MDM4","RAD9A","MAP3K20"
"MDM4","TOPBP1","MAP3K20"
"MDM4","DCTN6","MAP3K20"
"MDM4","FMNL2","MAP3K20"
"MDM4","CTNNB1","FPR1"
"MDM4","ATM","FPR1"
"MDM4","AURKA","FPR1"
"MDM4","CDK4","FPR1"
"MDM4","PTPRC","FPR1"
"MDM4","PLK1","FPR1"
"MDM4","LCK","FPR1"
"MDM4","RPS6KB1","FPR1"
"MDM4","AURKB","FPR1"
"MDM4","CDC25A","FPR1"
"MDM4","TTK","FPR1"
"MDM4","CSNK2B","FPR1"
"MDM4","RPA2","FPR1"
"MDM4","BUB1","FPR1"
"MDM4","NEK9","FPR1"
"MDM4","CCNO","FPR1"
"MDM4","HDAC3","FPR1"
"MDM4","RELA","FPR1"
"MDM4","CDK6","FPR1"
"MDM4","NEK6","FPR1"
"MDM4","NR3C1","FPR1"
"MDM4","RUNX1","FPR1"
"MDM4","WDCP","FPR1"
"MDM4","MDC1","FPR1"
"MDM4","MRE11","FPR1"
"MDM4","NBN","FPR1"
"MDM4","RUNX2","FPR1"
"MDM4","RAD9A","FPR1"
"MDM4","DCTN6","FPR1"
"MDM4","FMNL2","FPR1"
"MDM4","AURKA","CDC25C"
"MDM4","CDK4","CDC25C"
"MDM4","CDK1","CDC25C"
"MDM4","PLK1","CDC25C"
"MDM4","AURKB","CDC25C"
"MDM4","RPA2","CDC25C"
"MDM4","HDAC3","CDC25C"
"MDM4","RELA","CDC25C"
"MDM4","HASPIN","CDC25C"
"MDM4","CDK6","CDC25C"
"MDM4","DAXX","CDC25C"
"MDM4","NR3C1","CDC25C"
"MDM4","H2AX","CDC25C"
"MDM4","TNFAIP1","CDC25C"
"MDM4","RUNX1","CDC25C"
"MDM4","MRE11","CDC25C"
"MDM4","RAD9A","CDC25C"
"MDM4","HDAC1","CDC25C"
"MDM4","BORA","CDC25C"
"MDM4","DCTN6","CDC25C"
"MDM4","CTNNB1","LEF1"
"MDM4","AURKA","LEF1"
"MDM4","PTPRC","LEF1"
"MDM4","LCK","LEF1"
"MDM4","CDK2","LEF1"
"MDM4","CHEK1","LEF1"
"MDM4","CDC25A","LEF1"
"MDM4","CyclinB/CDK1","LEF1"
"MDM4","CyclinE/CDK2","LEF1"
"MDM4","TTK","LEF1"
"MDM4","CSNK2B","LEF1"
"MDM4","SPRED1","LEF1"
"MDM4","BUB1","LEF1"
"MDM4","NEK9","LEF1"
"MDM4","CCNO","LEF1"
"MDM4","HDAC3","LEF1"
"MDM4","HASPIN","LEF1"
"MDM4","CDK6","LEF1"
"MDM4","CDC25C","LEF1"
"MDM4","INCENP","LEF1"
"MDM4","CEP192","LEF1"
"MDM4","DAXX","LEF1"
"MDM4","PHF8","LEF1"
"MDM4","RUNX1","LEF1"
"MDM4","WDCP","LEF1"
"MDM4","MRE11","LEF1"
"MDM4","RUNX2","LEF1"
"MDM4","HDAC1","LEF1"
"MDM4","BORA","LEF1"
"MDM4","WAC","LEF1"
"MDM4","FMNL2","LEF1"
"MDM4","RGCC","LEF1"
"MDM4","CTNNB1","DLG1"
"MDM4","ATM","DLG1"
"MDM4","AURKA","DLG1"
"MDM4","RAF1","DLG1"
"MDM4","CDK4","DLG1"
"MDM4","PTPN1","DLG1"
"MDM4","CDK7","DLG1"
"MDM4","LCK","DLG1"
"MDM4","CHEK1","DLG1"
"MDM4","AURKB","DLG1"
"MDM4","CDC25A","DLG1"
"MDM4","CyclinE/CDK2","DLG1"
"MDM4","CSNK2B","DLG1"
"MDM4","RPA2","DLG1"
"MDM4","NEK9","DLG1"
"MDM4","CCNO","DLG1"
"MDM4","CDK6","DLG1"
"MDM4","INCENP","DLG1"
"MDM4","CDC25B","DLG1"
"MDM4","NEK6","DLG1"
"MDM4","USP37","DLG1"
"MDM4","AMBRA1","DLG1"
"MDM4","CEP192","DLG1"
"MDM4","DAXX","DLG1"
"MDM4","RUNX1","DLG1"
"MDM4","WDCP","DLG1"
"MDM4","NBN","DLG1"
"MDM4","HDAC1","DLG1"
"MDM4","TOPBP1","DLG1"
"MDM4","FMNL2","DLG1"
"MDM4","CDK4","CTTN"
"MDM4","AURKB","CTTN"
"MDM4","CyclinE/CDK2","CTTN"
"MDM4","TTK","CTTN"
"MDM4","SPRED1","CTTN"
"MDM4","NEK9","CTTN"
"MDM4","CDC25B","CTTN"
"MDM4","CEP192","CTTN"
"MDM4","NR3C1","CTTN"
"MDM4","H2AX","CTTN"
"MDM4","TNFAIP1","CTTN"
"MDM4","PHF8","CTTN"
"MDM4","RUNX1","CTTN"
"MDM4","MDC1","CTTN"
"MDM4","NBN","CTTN"
"MDM4","TOPBP1","CTTN"
"MDM4","CTNNB1","MAPK12"
"MDM4","AURKA","MAPK12"
"MDM4","RAF1","MAPK12"
"MDM4","CDK1","MAPK12"
"MDM4","PTPRC","MAPK12"
"MDM4","CyclinE/CDK2","MAPK12"
"MDM4","BUB1","MAPK12"
"MDM4","CCNO","MAPK12"
"MDM4","CDK6","MAPK12"
"MDM4","CDC25C","MAPK12"
"MDM4","CDC25B","MAPK12"
"MDM4","NR3C1","MAPK12"
"MDM4","TNFAIP1","MAPK12"
"MDM4","WDCP","MAPK12"
"MDM4","NBN","MAPK12"
"MDM4","RUNX2","MAPK12"
"MDM4","TOPBP1","MAPK12"
"MDM4","WAC","MAPK12"
"MDM4","DCTN6","MAPK12"
"MDM4","FMNL2","MAPK12"
"MDM4","RGCC","MAPK12"
"MDM4","LCK","INCENP"
"MDM4","CDK2","INCENP"
"MDM4","AURKB","INCENP"
"MDM4","CDC25A","INCENP"
"MDM4","CyclinB/CDK1","INCENP"
"MDM4","CyclinE/CDK2","INCENP"
"MDM4","CCNO","INCENP"
"MDM4","HDAC3","INCENP"
"MDM4","HASPIN","INCENP"
"MDM4","CDK6","INCENP"
"MDM4","CDC25B","INCENP"
"MDM4","DAXX","INCENP"
"MDM4","PHF8","INCENP"
"MDM4","HDAC1","INCENP"
"MDM4","BORA","INCENP"
"MDM4","WAC","INCENP"
"MDM4","DCTN6","INCENP"
"MDM4","RPS6KB1","FBXO32"
"MDM4","CDK2","FBXO32"
"MDM4","CyclinB/CDK1","FBXO32"
"MDM4","CyclinE/CDK2","FBXO32"
"MDM4","RPA2","FBXO32"
"MDM4","NEK9","FBXO32"
"MDM4","CCNO","FBXO32"
"MDM4","RELA","FBXO32"
"MDM4","CDK6","FBXO32"
"MDM4","INCENP","FBXO32"
"MDM4","AMBRA1","FBXO32"
"MDM4","H2AX","FBXO32"
"MDM4","NBN","FBXO32"
"MDM4","RUNX2","FBXO32"
"MDM4","RAD9A","FBXO32"
"MDM4","HDAC1","FBXO32"
"MDM4","TOPBP1","FBXO32"
"MDM4","BORA","FBXO32"
"MDM4","ATM","CDC25B"
"MDM4","RAF1","CDC25B"
"MDM4","PTPN1","CDC25B"
"MDM4","PTPRC","CDC25B"
"MDM4","CDK7","CDC25B"
"MDM4","LCK","CDC25B"
"MDM4","AURKB","CDC25B"
"MDM4","CyclinB/CDK1","CDC25B"
"MDM4","CyclinE/CDK2","CDC25B"
"MDM4","CSNK2B","CDC25B"
"MDM4","SPRED1","CDC25B"
"MDM4","BUB1","CDC25B"
"MDM4","HASPIN","CDC25B"
"MDM4","CDK6","CDC25B"
"MDM4","USP37","CDC25B"
"MDM4","DAXX","CDC25B"
"MDM4","NR3C1","CDC25B"
"MDM4","H2AX","CDC25B"
"MDM4","TNFAIP1","CDC25B"
"MDM4","WDCP","CDC25B"
"MDM4","MRE11","CDC25B"
"MDM4","TOPBP1","CDC25B"
"MDM4","FMNL2","CDC25B"
"MDM4","RGCC","CDC25B"
"MDM4","AURKA","SPI1"
"MDM4","RAF1","SPI1"
"MDM4","CDK4","SPI1"
"MDM4","PTPRC","SPI1"
"MDM4","CDK7","SPI1"
"MDM4","AURKB","SPI1"
"MDM4","CDC25A","SPI1"
"MDM4","CyclinB/CDK1","SPI1"
"MDM4","NEK9","SPI1"
"MDM4","USP37","SPI1"
"MDM4","AMBRA1","SPI1"
"MDM4","CEP192","SPI1"
"MDM4","DAXX","SPI1"
"MDM4","PHF8","SPI1"
"MDM4","RUNX2","SPI1"
"MDM4","RAD9A","SPI1"
"MDM4","TOPBP1","SPI1"
"MDM4","BORA","SPI1"
"MDM4","FMNL2","SPI1"
"MDM4","AURKA","PIAS1"
"MDM4","RPS6KB1","PIAS1"
"MDM4","CHEK1","PIAS1"
"MDM4","SPRED1","PIAS1"
"MDM4","NEK9","PIAS1"
"MDM4","CCNO","PIAS1"
"MDM4","HASPIN","PIAS1"
"MDM4","DAXX","PIAS1"
"MDM4","WDCP","PIAS1"
"MDM4","MDC1","PIAS1"
"MDM4","MRE11","PIAS1"
"MDM4","BORA","PIAS1"
"MDM4","RGCC","PIAS1"
"MDM4","ATM","NEK6"
"MDM4","AURKA","NEK6"
"MDM4","PTPRC","NEK6"
"MDM4","PLK1","NEK6"
"MDM4","HDAC3","NEK6"
"MDM4","RELA","NEK6"
"MDM4","CDK6","NEK6"
"MDM4","CDC25C","NEK6"
"MDM4","INCENP","NEK6"
"MDM4","CDC25B","NEK6"
"MDM4","USP37","NEK6"
"MDM4","TNFAIP1","NEK6"
"MDM4","PHF8","NEK6"
"MDM4","NBN","NEK6"
"MDM4","HDAC1","NEK6"
"MDM4","TOPBP1","NEK6"
"MDM4","WAC","NEK6"
"MDM4","DCTN6","NEK6"
"MDM4","RGCC","NEK6"
"MDM4","ATM","BIRC5"
"MDM4","PTPN1","BIRC5"
"MDM4","CDK2","BIRC5"
"MDM4","CHEK1","BIRC5"
"MDM4","CyclinB/CDK1","BIRC5"
"MDM4","CyclinE/CDK2","BIRC5"
"MDM4","TTK","BIRC5"
"MDM4","CSNK2B","BIRC5"
"MDM4","HDAC3","BIRC5"
"MDM4","CDC25C","BIRC5"
"MDM4","INCENP","BIRC5"
"MDM4","CDC25B","BIRC5"
"MDM4","USP37","BIRC5"
"MDM4","AMBRA1","BIRC5"
"MDM4","DAXX","BIRC5"
"MDM4","H2AX","BIRC5"
"MDM4","TNFAIP1","BIRC5"
"MDM4","RUNX1","BIRC5"
"MDM4","WDCP","BIRC5"
"MDM4","MDC1","BIRC5"
"MDM4","NBN","BIRC5"
"MDM4","HDAC1","BIRC5"
"MDM4","TOPBP1","BIRC5"
"MDM4","BORA","BIRC5"
"MDM4","ATM","BCL2"
"MDM4","AURKA","BCL2"
"MDM4","CDK4","BCL2"
"MDM4","PTPRC","BCL2"
"MDM4","CHEK1","BCL2"
"MDM4","AURKB","BCL2"
"MDM4","CyclinE/CDK2","BCL2"
"MDM4","TTK","BCL2"
"MDM4","CSNK2B","BCL2"
"MDM4","SPRED1","BCL2"
"MDM4","BUB1","BCL2"
"MDM4","NEK9","BCL2"
"MDM4","HDAC3","BCL2"
"MDM4","CDK6","BCL2"
"MDM4","CDC25C","BCL2"
"MDM4","CDC25B","BCL2"
"MDM4","USP37","BCL2"
"MDM4","CEP192","BCL2"
"MDM4","DAXX","BCL2"
"MDM4","PHF8","BCL2"
"MDM4","RUNX1","BCL2"
"MDM4","WDCP","BCL2"
"MDM4","MDC1","BCL2"
"MDM4","NBN","BCL2"
"MDM4","RUNX2","BCL2"
"MDM4","TOPBP1","BCL2"
"MDM4","FMNL2","BCL2"
"MDM4","ATM","CELF1"
"MDM4","AURKA","CELF1"
"MDM4","RAF1","CELF1"
"MDM4","CDK1","CELF1"
"MDM4","PTPN1","CELF1"
"MDM4","PTPRC","CELF1"
"MDM4","CDK7","CELF1"
"MDM4","PLK1","CELF1"
"MDM4","RPS6KB1","CELF1"
"MDM4","CDK2","CELF1"
"MDM4","CHEK1","CELF1"
"MDM4","AURKB","CELF1"
"MDM4","CDC25A","CELF1"
"MDM4","CyclinE/CDK2","CELF1"
"MDM4","TTK","CELF1"
"MDM4","SPRED1","CELF1"
"MDM4","NEK9","CELF1"
"MDM4","HDAC3","CELF1"
"MDM4","INCENP","CELF1"
"MDM4","DAXX","CELF1"
"MDM4","NR3C1","CELF1"
"MDM4","RUNX1","CELF1"
"MDM4","MRE11","CELF1"
"MDM4","RUNX2","CELF1"
"MDM4","RAD9A","CELF1"
"MDM4","HDAC1","CELF1"
"MDM4","TOPBP1","CELF1"
"MDM4","WAC","CELF1"
"MDM4","RGCC","CELF1"
"MDM4","CTNNB1","USP37"
"MDM4","ATM","USP37"
"MDM4","AURKA","USP37"
"MDM4","RAF1","USP37"
"MDM4","CDK4","USP37"
"MDM4","CDK1","USP37"
"MDM4","PTPN1","USP37"
"MDM4","PTPRC","USP37"
"MDM4","PLK1","USP37"
"MDM4","LCK","USP37"
"MDM4","CDK2","USP37"
"MDM4","CHEK1","USP37"
"MDM4","SPRED1","USP37"
"MDM4","RPA2","USP37"
"MDM4","BUB1","USP37"
"MDM4","CCNO","USP37"
"MDM4","HDAC3","USP37"
"MDM4","CDC25C","USP37"
"MDM4","AMBRA1","USP37"
"MDM4","CEP192","USP37"
"MDM4","NR3C1","USP37"
"MDM4","H2AX","USP37"
"MDM4","MRE11","USP37"
"MDM4","NBN","USP37"
"MDM4","RUNX2","USP37"
"MDM4","RAD9A","USP37"
"MDM4","HDAC1","USP37"
"MDM4","TOPBP1","USP37"
"MDM4","BORA","USP37"
"MDM4","WAC","USP37"
"MDM4","DCTN6","USP37"
"MDM4","ATM","BCL2L11"
"MDM4","RAF1","BCL2L11"
"MDM4","CDK4","BCL2L11"
"MDM4","LCK","BCL2L11"
"MDM4","AURKB","BCL2L11"
"MDM4","CyclinB/CDK1","BCL2L11"
"MDM4","CyclinE/CDK2","BCL2L11"
"MDM4","RPA2","BCL2L11"
"MDM4","NEK9","BCL2L11"
"MDM4","HASPIN","BCL2L11"
"MDM4","NR3C1","BCL2L11"
"MDM4","TNFAIP1","BCL2L11"
"MDM4","RUNX1","BCL2L11"
"MDM4","WDCP","BCL2L11"
"MDM4","MDC1","BCL2L11"
"MDM4","MRE11","BCL2L11"
"MDM4","NBN","BCL2L11"
"MDM4","WAC","BCL2L11"
"MDM4","AURKA","JUN"
"MDM4","PTPN1","JUN"
"MDM4","CDK7","JUN"
"MDM4","LCK","JUN"
"MDM4","CDK2","JUN"
"MDM4","CHEK1","JUN"
"MDM4","CyclinE/CDK2","JUN"
"MDM4","CSNK2B","JUN"
"MDM4","CDK6","JUN"
"MDM4","USP37","JUN"
"MDM4","RUNX1","JUN"
"MDM4","RAD9A","JUN"
"MDM4","HDAC1","JUN"
"MDM4","ATM","AMBRA1"
"MDM4","CDK4","AMBRA1"
"MDM4","CDK1","AMBRA1"
"MDM4","CDK7","AMBRA1"
"MDM4","SPRED1","AMBRA1"
"MDM4","NEK9","AMBRA1"
"MDM4","HDAC3","AMBRA1"
"MDM4","RELA","AMBRA1"
"MDM4","HASPIN","AMBRA1"
"MDM4","USP37","AMBRA1"
"MDM4","CEP192","AMBRA1"
"MDM4","PHF8","AMBRA1"
"MDM4","MRE11","AMBRA1"
"MDM4","RUNX2","AMBRA1"
"MDM4","RAD9A","AMBRA1"
"MDM4","HDAC1","AMBRA1"
"MDM4","WAC","AMBRA1"
"MDM4","FMNL2","AMBRA1"
"MDM4","AURKA","PIN1"
"MDM4","RAF1","PIN1"
"MDM4","CyclinE/CDK2","PIN1"
"MDM4","CSNK2B","PIN1"
"MDM4","SPRED1","PIN1"
"MDM4","RPA2","PIN1"
"MDM4","BUB1","PIN1"
"MDM4","NEK6","PIN1"
"MDM4","USP37","PIN1"
"MDM4","AMBRA1","PIN1"
"MDM4","CEP192","PIN1"
"MDM4","DAXX","PIN1"
"MDM4","RUNX1","PIN1"
"MDM4","WDCP","PIN1"
"MDM4","MDC1","PIN1"
"MDM4","NBN","PIN1"
"MDM4","RUNX2","PIN1"
"MDM4","BORA","PIN1"
"MDM4","DCTN6","PIN1"
"MDM4","CTNNB1","RAD51"
"MDM4","RAF1","RAD51"
"MDM4","CDK4","RAD51"
"MDM4","PTPN1","RAD51"
"MDM4","PTPRC","RAD51"
"MDM4","RPS6KB1","RAD51"
"MDM4","AURKB","RAD51"
"MDM4","CyclinE/CDK2","RAD51"
"MDM4","RPA2","RAD51"
"MDM4","BUB1","RAD51"
"MDM4","NEK9","RAD51"
"MDM4","CDK6","RAD51"
"MDM4","CDC25C","RAD51"
"MDM4","INCENP","RAD51"
"MDM4","NEK6","RAD51"
"MDM4","AMBRA1","RAD51"
"MDM4","NR3C1","RAD51"
"MDM4","TNFAIP1","RAD51"
"MDM4","PHF8","RAD51"
"MDM4","RUNX1","RAD51"
"MDM4","WDCP","RAD51"
"MDM4","RUNX2","RAD51"
"MDM4","HDAC1","RAD51"
"MDM4","ATM","CEP192"
"MDM4","AURKA","CEP192"
"MDM4","PTPN1","CEP192"
"MDM4","PTPRC","CEP192"
"MDM4","LCK","CEP192"
"MDM4","RPS6KB1","CEP192"
"MDM4","CDK2","CEP192"
"MDM4","CHEK1","CEP192"
"MDM4","AURKB","CEP192"
"MDM4","CyclinB/CDK1","CEP192"
"MDM4","USP37","CEP192"
"MDM4","DAXX","CEP192"
"MDM4","TNFAIP1","CEP192"
"MDM4","RUNX1","CEP192"
"MDM4","TOPBP1","CEP192"
"MDM4","BORA","CEP192"
"MDM4","WAC","CEP192"
"MDM4","DCTN6","CEP192"
"MDM4","AURKA","KLF1"
"MDM4","CDK4","KLF1"
"MDM4","CDK1","KLF1"
"MDM4","LCK","KLF1"
"MDM4","RPS6KB1","KLF1"
"MDM4","AURKB","KLF1"
"MDM4","RPA2","KLF1"
"MDM4","HDAC3","KLF1"
"MDM4","HASPIN","KLF1"
"MDM4","USP37","KLF1"
"MDM4","CEP192","KLF1"
"MDM4","DCTN6","KLF1"
"MDM4","RGCC","KLF1"
"MDM4","CTNNB1","ESR1"
"MDM4","RAF1","ESR1"
"MDM4","CDK4","ESR1"
"MDM4","PTPN1","ESR1"
"MDM4","CDK7","ESR1"
"MDM4","CDC25A","ESR1"
"MDM4","TTK","ESR1"
"MDM4","CSNK2B","ESR1"
"MDM4","SPRED1","ESR1"
"MDM4","RPA2","ESR1"
"MDM4","RELA","ESR1"
"MDM4","HASPIN","ESR1"
"MDM4","CDC25B","ESR1"
"MDM4","RUNX1","ESR1"
"MDM4","WDCP","ESR1"
"MDM4","MDC1","ESR1"
"MDM4","MRE11","ESR1"
"MDM4","RUNX2","ESR1"
"MDM4","RAD9A","ESR1"
"MDM4","DCTN6","ESR1"
"MDM4","FMNL2","ESR1"
"MDM4","AURKA","OPRM1"
"MDM4","RAF1","OPRM1"
"MDM4","CDK4","OPRM1"
"MDM4","CDK7","OPRM1"
"MDM4","AURKB","OPRM1"
"MDM4","BUB1","OPRM1"
"MDM4","HASPIN","OPRM1"
"MDM4","CDK6","OPRM1"
"MDM4","CDC25C","OPRM1"
"MDM4","CEP192","OPRM1"
"MDM4","DAXX","OPRM1"
"MDM4","NR3C1","OPRM1"
"MDM4","H2AX","OPRM1"
"MDM4","TNFAIP1","OPRM1"
"MDM4","WDCP","OPRM1"
"MDM4","NBN","OPRM1"
"MDM4","RUNX2","OPRM1"
"MDM4","RAD9A","OPRM1"
"MDM4","TOPBP1","OPRM1"
"MDM4","DCTN6","OPRM1"
"MDM4","RGCC","OPRM1"
"MDM4","ATM","BAK1"
"MDM4","RAF1","BAK1"
"MDM4","CDK4","BAK1"
"MDM4","PTPN1","BAK1"
"MDM4","CDK7","BAK1"
"MDM4","RPS6KB1","BAK1"
"MDM4","AURKB","BAK1"
"MDM4","CyclinB/CDK1","BAK1"
"MDM4","TTK","BAK1"
"MDM4","BUB1","BAK1"
"MDM4","CCNO","BAK1"
"MDM4","CDC25C","BAK1"
"MDM4","CDC25B","BAK1"
"MDM4","NEK6","BAK1"
"MDM4","USP37","BAK1"
"MDM4","AMBRA1","BAK1"
"MDM4","DAXX","BAK1"
"MDM4","NR3C1","BAK1"
"MDM4","PHF8","BAK1"
"MDM4","WDCP","BAK1"
"MDM4","MDC1","BAK1"
"MDM4","BORA","BAK1"
"MDM4","WAC","BAK1"
"MDM4","DCTN6","BAK1"
"MDM4","RGCC","BAK1"
"MDM4","CDK1","MAPK6"
"MDM4","PTPN1","MAPK6"
"MDM4","LCK","MAPK6"
"MDM4","CHEK1","MAPK6"
"MDM4","CyclinE/CDK2","MAPK6"
"MDM4","CSNK2B","MAPK6"
"MDM4","SPRED1","MAPK6"
"MDM4","RPA2","MAPK6"
"MDM4","BUB1","MAPK6"
"MDM4","CDC25B","MAPK6"
"MDM4","NEK6","MAPK6"
"MDM4","CEP192","MAPK6"
"MDM4","NR3C1","MAPK6"
"MDM4","H2AX","MAPK6"
"MDM4","WDCP","MAPK6"
"MDM4","MDC1","MAPK6"
"MDM4","MRE11","MAPK6"
"MDM4","NBN","MAPK6"
"MDM4","TOPBP1","MAPK6"
"MDM4","WAC","MAPK6"
"MDM4","CDK4","KAT2B"
"MDM4","CDK7","KAT2B"
"MDM4","CDK2","KAT2B"
"MDM4","CHEK1","KAT2B"
"MDM4","AURKB","KAT2B"
"MDM4","CDC25A","KAT2B"
"MDM4","CyclinB/CDK1","KAT2B"
"MDM4","CyclinE/CDK2","KAT2B"
"MDM4","TTK","KAT2B"
"MDM4","SPRED1","KAT2B"
"MDM4","BUB1","KAT2B"
"MDM4","CDK6","KAT2B"
"MDM4","CDC25C","KAT2B"
"MDM4","NEK6","KAT2B"
"MDM4","USP37","KAT2B"
"MDM4","NR3C1","KAT2B"
"MDM4","TNFAIP1","KAT2B"
"MDM4","PHF8","KAT2B"
"MDM4","MRE11","KAT2B"
"MDM4","TOPBP1","KAT2B"
"MDM4","PTPN1","SRPK2"
"MDM4","PTPRC","SRPK2"
"MDM4","CyclinE/CDK2","SRPK2"
"MDM4","TTK","SRPK2"
"MDM4","CSNK2B","SRPK2"
"MDM4","SPRED1","SRPK2"
"MDM4","CCNO","SRPK2"
"MDM4","INCENP","SRPK2"
"MDM4","CEP192","SRPK2"
"MDM4","DAXX","SRPK2"
"MDM4","PHF8","SRPK2"
"MDM4","MRE11","SRPK2"
"MDM4","RUNX2","SRPK2"
"MDM4","RAD9A","SRPK2"
"MDM4","HDAC1","SRPK2"
"MDM4","BORA","SRPK2"
"MDM4","CDK4","ANP32A"
"MDM4","LCK","ANP32A"
"MDM4","RPS6KB1","ANP32A"
"MDM4","CyclinB/CDK1","ANP32A"
"MDM4","CyclinE/CDK2","ANP32A"
"MDM4","RPA2","ANP32A"
"MDM4","NEK9","ANP32A"
"MDM4","CDK6","ANP32A"
"MDM4","AMBRA1","ANP32A"
"MDM4","RAF1","RHEB"
"MDM4","CDK1","RHEB"
"MDM4","CDK7","RHEB"
"MDM4","PLK1","RHEB"
"MDM4","LCK","RHEB"
"MDM4","CHEK1","RHEB"
"MDM4","AURKB","RHEB"
"MDM4","CyclinB/CDK1","RHEB"
"MDM4","RPA2","RHEB"
"MDM4","BUB1","RHEB"
"MDM4","NEK9","RHEB"
"MDM4","HDAC3","RHEB"
"MDM4","RELA","RHEB"
"MDM4","CDC25C","RHEB"
"MDM4","INCENP","RHEB"
"MDM4","USP37","RHEB"
"MDM4","CEP192","RHEB"
"MDM4","DAXX","RHEB"
"MDM4","H2AX","RHEB"
"MDM4","TNFAIP1","RHEB"
"MDM4","PHF8","RHEB"
"MDM4","TOPBP1","RHEB"
"MDM4","FMNL2","RHEB"
"MDM4","ATM","DAXX"
"MDM4","AURKA","DAXX"
"MDM4","CDK4","DAXX"
"MDM4","PTPN1","DAXX"
"MDM4","PLK1","DAXX"
"MDM4","LCK","DAXX"
"MDM4","AURKB","DAXX"
"MDM4","CyclinB/CDK1","DAXX"
"MDM4","CyclinE/CDK2","DAXX"
"MDM4","RPA2","DAXX"
"MDM4","RELA","DAXX"
"MDM4","CEP192","DAXX"
"MDM4","H2AX","DAXX"
"MDM4","TNFAIP1","DAXX"
"MDM4","RUNX2","DAXX"
"MDM4","BORA","DAXX"
"MDM4","WAC","DAXX"
"MDM4","RGCC","DAXX"
"MDM4","CTNNB1","EIF4G2"
"MDM4","AURKA","EIF4G2"
"MDM4","RAF1","EIF4G2"
"MDM4","CDK7","EIF4G2"
"MDM4","LCK","EIF4G2"
"MDM4","RELA","EIF4G2"
"MDM4","CDK6","EIF4G2"
"MDM4","CDC25C","EIF4G2"
"MDM4","INCENP","EIF4G2"
"MDM4","CDC25B","EIF4G2"
"MDM4","NEK6","EIF4G2"
"MDM4","H2AX","EIF4G2"
"MDM4","TNFAIP1","EIF4G2"
"MDM4","RUNX1","EIF4G2"
"MDM4","WDCP","EIF4G2"
"MDM4","MRE11","EIF4G2"
"MDM4","NBN","EIF4G2"
"MDM4","WAC","EIF4G2"
"MDM4","DCTN6","EIF4G2"
"MDM4","CTNNB1","LRRK1"
"MDM4","ATM","LRRK1"
"MDM4","RAF1","LRRK1"
"MDM4","PTPN1","LRRK1"
"MDM4","PLK1","LRRK1"
"MDM4","CDC25A","LRRK1"
"MDM4","CSNK2B","LRRK1"
"MDM4","RPA2","LRRK1"
"MDM4","CCNO","LRRK1"
"MDM4","HDAC3","LRRK1"
"MDM4","RELA","LRRK1"
"MDM4","HASPIN","LRRK1"
"MDM4","CDK6","LRRK1"
"MDM4","INCENP","LRRK1"
"MDM4","NR3C1","LRRK1"
"MDM4","H2AX","LRRK1"
"MDM4","PHF8","LRRK1"
"MDM4","RUNX1","LRRK1"
"MDM4","MDC1","LRRK1"
"MDM4","RUNX2","LRRK1"
"MDM4","RAD9A","LRRK1"
"MDM4","BORA","LRRK1"
"MDM4","CTNNB1","PBK"
"MDM4","ATM","PBK"
"MDM4","AURKA","PBK"
"MDM4","RAF1","PBK"
"MDM4","CDK4","PBK"
"MDM4","CDK1","PBK"
"MDM4","CDK7","PBK"
"MDM4","PLK1","PBK"
"MDM4","AURKB","PBK"
"MDM4","SPRED1","PBK"
"MDM4","RPA2","PBK"
"MDM4","BUB1","PBK"
"MDM4","NEK9","PBK"
"MDM4","CCNO","PBK"
"MDM4","RELA","PBK"
"MDM4","HASPIN","PBK"
"MDM4","CDC25C","PBK"
"MDM4","INCENP","PBK"
"MDM4","NEK6","PBK"
"MDM4","AMBRA1","PBK"
"MDM4","RUNX1","PBK"
"MDM4","WDCP","PBK"
"MDM4","MRE11","PBK"
"MDM4","NBN","PBK"
"MDM4","DCTN6","PBK"
"MDM4","ATM","SYN3"
"MDM4","RAF1","SYN3"
"MDM4","LCK","SYN3"
"MDM4","CDK2","SYN3"
"MDM4","CDK6","SYN3"
"MDM4","USP37","SYN3"
"MDM4","AMBRA1","SYN3"
"MDM4","DAXX","SYN3"
"MDM4","H2AX","SYN3"
"MDM4","NBN","SYN3"
"MDM4","RUNX2","SYN3"
"MDM4","HDAC1","SYN3"
"MDM4","TOPBP1","SYN3"
"MDM4","WAC","SYN3"
"MDM4","DCTN6","SYN3"
"MDM4","AURKA","NR3C1"
"MDM4","RAF1","NR3C1"
"MDM4","CDK7","NR3C1"
"MDM4","CyclinE/CDK2","NR3C1"
"MDM4","TTK","NR3C1"
"MDM4","CSNK2B","NR3C1"
"MDM4","SPRED1","NR3C1"
"MDM4","NEK9","NR3C1"
"MDM4","HDAC3","NR3C1"
"MDM4","RELA","NR3C1"
"MDM4","CDK6","NR3C1"
"MDM4","CDC25C","NR3C1"
"MDM4","CDC25B","NR3C1"
"MDM4","NEK6","NR3C1"
"MDM4","USP37","NR3C1"
"MDM4","AMBRA1","NR3C1"
"MDM4","CEP192","NR3C1"
"MDM4","DAXX","NR3C1"
"MDM4","WDCP","NR3C1"
"MDM4","MDC1","NR3C1"
"MDM4","MRE11","NR3C1"
"MDM4","HDAC1","NR3C1"
"MDM4","FMNL2","NR3C1"
"MDM4","RGCC","NR3C1"
"MDM4","CTNNB1","KAT2A"
"MDM4","AURKA","KAT2A"
"MDM4","RAF1","KAT2A"
"MDM4","CDK1","KAT2A"
"MDM4","PTPN1","KAT2A"
"MDM4","PTPRC","KAT2A"
"MDM4","CDK7","KAT2A"
"MDM4","PLK1","KAT2A"
"MDM4","LCK","KAT2A"
"MDM4","CDK2","KAT2A"
"MDM4","AURKB","KAT2A"
"MDM4","CDC25A","KAT2A"
"MDM4","CyclinB/CDK1","KAT2A"
"MDM4","CyclinE/CDK2","KAT2A"
"MDM4","TTK","KAT2A"
"MDM4","SPRED1","KAT2A"
"MDM4","BUB1","KAT2A"
"MDM4","CDC25C","KAT2A"
"MDM4","NR3C1","KAT2A"
"MDM4","H2AX","KAT2A"
"MDM4","PHF8","KAT2A"
"MDM4","MDC1","KAT2A"
"MDM4","TOPBP1","KAT2A"
"MDM4","PTPRC","TBXA2R"
"MDM4","CDK7","TBXA2R"
"MDM4","PLK1","TBXA2R"
"MDM4","LCK","TBXA2R"
"MDM4","TTK","TBXA2R"
"MDM4","CSNK2B","TBXA2R"
"MDM4","RPA2","TBXA2R"
"MDM4","BUB1","TBXA2R"
"MDM4","CDC25C","TBXA2R"
"MDM4","USP37","TBXA2R"
"MDM4","CEP192","TBXA2R"
"MDM4","RUNX1","TBXA2R"
"MDM4","MDC1","TBXA2R"
"MDM4","NBN","TBXA2R"
"MDM4","PTPN1","RAN"
"MDM4","LCK","RAN"
"MDM4","RPS6KB1","RAN"
"MDM4","AURKB","RAN"
"MDM4","CyclinB/CDK1","RAN"
"MDM4","CyclinE/CDK2","RAN"
"MDM4","RPA2","RAN"
"MDM4","USP37","RAN"
"MDM4","AMBRA1","RAN"
"MDM4","RUNX1","RAN"
"MDM4","MDC1","RAN"
"MDM4","NBN","RAN"
"MDM4","HDAC1","RAN"
"MDM4","DCTN6","RAN"
"MDM4","CTNNB1","H2AX"
"MDM4","AURKA","H2AX"
"MDM4","CDK1","H2AX"
"MDM4","CDK7","H2AX"
"MDM4","SPRED1","H2AX"
"MDM4","RPA2","H2AX"
"MDM4","BUB1","H2AX"
"MDM4","NEK9","H2AX"
"MDM4","CCNO","H2AX"
"MDM4","HDAC3","H2AX"
"MDM4","HASPIN","H2AX"
"MDM4","CDC25B","H2AX"
"MDM4","USP37","H2AX"
"MDM4","DAXX","H2AX"
"MDM4","TNFAIP1","H2AX"
"MDM4","MDC1","H2AX"
"MDM4","MRE11","H2AX"
"MDM4","WAC","H2AX"
"MDM4","CTNNB1","NFYA"
"MDM4","PLK1","NFYA"
"MDM4","AURKB","NFYA"
"MDM4","CDC25A","NFYA"
"MDM4","USP37","NFYA"
"MDM4","AMBRA1","NFYA"
"MDM4","DAXX","NFYA"
"MDM4","NR3C1","NFYA"
"MDM4","TNFAIP1","NFYA"
"MDM4","RUNX1","NFYA"
"MDM4","WDCP","NFYA"
"MDM4","MDC1","NFYA"
"MDM4","NBN","NFYA"
"MDM4","BORA","NFYA"
"MDM4","DCTN6","NFYA"
"MDM4","CTNNB1","PIK3R1"
"MDM4","ATM","PIK3R1"
"MDM4","CDK7","PIK3R1"
"MDM4","LCK","PIK3R1"
"MDM4","RPS6KB1","PIK3R1"
"MDM4","CDK2","PIK3R1"
"MDM4","CHEK1","PIK3R1"
"MDM4","AURKB","PIK3R1"
"MDM4","CDC25A","PIK3R1"
"MDM4","CyclinB/CDK1","PIK3R1"
"MDM4","CyclinE/CDK2","PIK3R1"
"MDM4","TTK","PIK3R1"
"MDM4","CDC25C","PIK3R1"
"MDM4","INCENP","PIK3R1"
"MDM4","NEK6","PIK3R1"
"MDM4","USP37","PIK3R1"
"MDM4","PHF8","PIK3R1"
"MDM4","MRE11","PIK3R1"
"MDM4","DCTN6","PIK3R1"
"MDM4","RGCC","PIK3R1"
"MDM4","ATM","CAD"
"MDM4","AURKA","CAD"
"MDM4","CyclinB/CDK1","CAD"
"MDM4","CyclinE/CDK2","CAD"
"MDM4","BUB1","CAD"
"MDM4","NEK9","CAD"
"MDM4","HASPIN","CAD"
"MDM4","CDC25C","CAD"
"MDM4","INCENP","CAD"
"MDM4","AMBRA1","CAD"
"MDM4","DAXX","CAD"
"MDM4","BORA","CAD"
"MDM4","DCTN6","CAD"
"MDM4","RGCC","CAD"
"MDM4","CTNNB1","SIRT1"
"MDM4","ATM","SIRT1"
"MDM4","AURKA","SIRT1"
"MDM4","CDK2","SIRT1"
"MDM4","CHEK1","SIRT1"
"MDM4","AURKB","SIRT1"
"MDM4","CDC25A","SIRT1"
"MDM4","TTK","SIRT1"
"MDM4","SPRED1","SIRT1"
"MDM4","RPA2","SIRT1"
"MDM4","HDAC3","SIRT1"
"MDM4","RELA","SIRT1"
"MDM4","INCENP","SIRT1"
"MDM4","CDC25B","SIRT1"
"MDM4","USP37","SIRT1"
"MDM4","AMBRA1","SIRT1"
"MDM4","CEP192","SIRT1"
"MDM4","TNFAIP1","SIRT1"
"MDM4","PHF8","SIRT1"
"MDM4","RUNX1","SIRT1"
"MDM4","WDCP","SIRT1"
"MDM4","MRE11","SIRT1"
"MDM4","RUNX2","SIRT1"
"MDM4","HDAC1","SIRT1"
"MDM4","DCTN6","SIRT1"
"MDM4","RGCC","SIRT1"
"MDM4","CTNNB1","TNFAIP1"
"MDM4","ATM","TNFAIP1"
"MDM4","AURKA","TNFAIP1"
"MDM4","RAF1","TNFAIP1"
"MDM4","PLK1","TNFAIP1"
"MDM4","LCK","TNFAIP1"
"MDM4","CHEK1","TNFAIP1"
"MDM4","AURKB","TNFAIP1"
"MDM4","CDC25A","TNFAIP1"
"MDM4","CyclinB/CDK1","TNFAIP1"
"MDM4","RPA2","TNFAIP1"
"MDM4","RELA","TNFAIP1"
"MDM4","NEK6","TNFAIP1"
"MDM4","AMBRA1","TNFAIP1"
"MDM4","DAXX","TNFAIP1"
"MDM4","NR3C1","TNFAIP1"
"MDM4","RUNX2","TNFAIP1"
"MDM4","RAD9A","TNFAIP1"
"MDM4","WAC","TNFAIP1"
"MDM4","ATM","BECN1"
"MDM4","RAF1","BECN1"
"MDM4","CDK4","BECN1"
"MDM4","CDK7","BECN1"
"MDM4","CHEK1","BECN1"
"MDM4","RELA","BECN1"
"MDM4","HASPIN","BECN1"
"MDM4","CDC25C","BECN1"
"MDM4","DAXX","BECN1"
"MDM4","H2AX","BECN1"
"MDM4","RUNX1","BECN1"
"MDM4","WDCP","BECN1"
"MDM4","MRE11","BECN1"
"MDM4","RUNX2","BECN1"
"MDM4","HDAC1","BECN1"
"MDM4","WAC","BECN1"
"MDM4","FMNL2","BECN1"
"MDM4","RGCC","BECN1"
"MDM4","ATM","PHF8"
"MDM4","PTPN1","PHF8"
"MDM4","PTPRC","PHF8"
"MDM4","LCK","PHF8"
"MDM4","CHEK1","PHF8"
"MDM4","CDC25A","PHF8"
"MDM4","CyclinB/CDK1","PHF8"
"MDM4","HDAC3","PHF8"
"MDM4","CDC25C","PHF8"
"MDM4","INCENP","PHF8"
"MDM4","CDC25B","PHF8"
"MDM4","NEK6","PHF8"
"MDM4","AMBRA1","PHF8"
"MDM4","CEP192","PHF8"
"MDM4","TNFAIP1","PHF8"
"MDM4","RUNX1","PHF8"
"MDM4","RAD9A","PHF8"
"MDM4","HDAC1","PHF8"
"MDM4","AURKA","PPARG"
"MDM4","RPS6KB1","PPARG"
"MDM4","CHEK1","PPARG"
"MDM4","AURKB","PPARG"
"MDM4","SPRED1","PPARG"
"MDM4","RPA2","PPARG"
"MDM4","CCNO","PPARG"
"MDM4","CDC25C","PPARG"
"MDM4","NEK6","PPARG"
"MDM4","USP37","PPARG"
"MDM4","DAXX","PPARG"
"MDM4","PHF8","PPARG"
"MDM4","BORA","PPARG"
"MDM4","WAC","PPARG"
"MDM4","DCTN6","PPARG"
"MDM4","FMNL2","PPARG"
"MDM4","AURKA","PTGES3"
"MDM4","CDK4","PTGES3"
"MDM4","PTPN1","PTGES3"
"MDM4","RPS6KB1","PTGES3"
"MDM4","CDC25A","PTGES3"
"MDM4","CyclinE/CDK2","PTGES3"
"MDM4","TTK","PTGES3"
"MDM4","CSNK2B","PTGES3"
"MDM4","SPRED1","PTGES3"
"MDM4","RPA2","PTGES3"
"MDM4","BUB1","PTGES3"
"MDM4","NEK9","PTGES3"
"MDM4","CCNO","PTGES3"
"MDM4","HDAC3","PTGES3"
"MDM4","HASPIN","PTGES3"
"MDM4","CDC25C","PTGES3"
"MDM4","CDC25B","PTGES3"
"MDM4","USP37","PTGES3"
"MDM4","AMBRA1","PTGES3"
"MDM4","NR3C1","PTGES3"
"MDM4","H2AX","PTGES3"
"MDM4","WDCP","PTGES3"
"MDM4","MDC1","PTGES3"
"MDM4","MRE11","PTGES3"
"MDM4","RUNX2","PTGES3"
"MDM4","RAD9A","PTGES3"
"MDM4","HDAC1","PTGES3"
"MDM4","TOPBP1","PTGES3"
"MDM4","WAC","PTGES3"
"MDM4","DCTN6","PTGES3"
"MDM4","FMNL2","PTGES3"
"MDM4","RGCC","PTGES3"
"MDM4","AURKA","RANBP2"
"MDM4","RAF1","RANBP2"
"MDM4","PTPRC","RANBP2"
"MDM4","LCK","RANBP2"
"MDM4","RPS6KB1","RANBP2"
"MDM4","CHEK1","RANBP2"
"MDM4","CDC25A","RANBP2"
"MDM4","CyclinB/CDK1","RANBP2"
"MDM4","BUB1","RANBP2"
"MDM4","CCNO","RANBP2"
"MDM4","HDAC3","RANBP2"
"MDM4","HASPIN","RANBP2"
"MDM4","NEK6","RANBP2"
"MDM4","USP37","RANBP2"
"MDM4","AMBRA1","RANBP2"
"MDM4","CEP192","RANBP2"
"MDM4","NR3C1","RANBP2"
"MDM4","H2AX","RANBP2"
"MDM4","MDC1","RANBP2"
"MDM4","NBN","RANBP2"
"MDM4","RUNX2","RANBP2"
"MDM4","RAD9A","RANBP2"
"MDM4","HDAC1","RANBP2"
"MDM4","BORA","RANBP2"
"MDM4","WAC","RANBP2"
"MDM4","DCTN6","RANBP2"
"MDM4","FMNL2","RANBP2"
"MDM4","RGCC","RANBP2"
"MDM4","RAF1","RUNX1"
"MDM4","CDK4","RUNX1"
"MDM4","PTPN1","RUNX1"
"MDM4","LCK","RUNX1"
"MDM4","RPS6KB1","RUNX1"
"MDM4","CDC25A","RUNX1"
"MDM4","CyclinE/CDK2","RUNX1"
"MDM4","TTK","RUNX1"
"MDM4","RPA2","RUNX1"
"MDM4","CCNO","RUNX1"
"MDM4","HASPIN","RUNX1"
"MDM4","CDK6","RUNX1"
"MDM4","CDC25B","RUNX1"
"MDM4","NEK6","RUNX1"
"MDM4","USP37","RUNX1"
"MDM4","AMBRA1","RUNX1"
"MDM4","CEP192","RUNX1"
"MDM4","DAXX","RUNX1"
"MDM4","NR3C1","RUNX1"
"MDM4","H2AX","RUNX1"
"MDM4","PHF8","RUNX1"
"MDM4","WDCP","RUNX1"
"MDM4","MDC1","RUNX1"
"MDM4","MRE11","RUNX1"
"MDM4","NBN","RUNX1"
"MDM4","RGCC","RUNX1"
"MDM4","ATM","TCF3"
"MDM4","CDK1","TCF3"
"MDM4","CyclinB/CDK1","TCF3"
"MDM4","NEK9","TCF3"
"MDM4","CDC25C","TCF3"
"MDM4","NEK6","TCF3"
"MDM4","CEP192","TCF3"
"MDM4","DAXX","TCF3"
"MDM4","PHF8","TCF3"
"MDM4","WDCP","TCF3"
"MDM4","RAF1","WDCP"
"MDM4","PTPN1","WDCP"
"MDM4","PTPRC","WDCP"
"MDM4","CDK7","WDCP"
"MDM4","LCK","WDCP"
"MDM4","RPS6KB1","WDCP"
"MDM4","CyclinE/CDK2","WDCP"
"MDM4","RPA2","WDCP"
"MDM4","BUB1","WDCP"
"MDM4","HDAC3","WDCP"
"MDM4","CDC25C","WDCP"
"MDM4","CDC25B","WDCP"
"MDM4","NEK6","WDCP"
"MDM4","AMBRA1","WDCP"
"MDM4","DAXX","WDCP"
"MDM4","TNFAIP1","WDCP"
"MDM4","CDK2","MDC1"
"MDM4","CDC25A","MDC1"
"MDM4","CyclinB/CDK1","MDC1"
"MDM4","SPRED1","MDC1"
"MDM4","BUB1","MDC1"
"MDM4","HDAC3","MDC1"
"MDM4","AMBRA1","MDC1"
"MDM4","CEP192","MDC1"
"MDM4","RUNX1","MDC1"
"MDM4","WDCP","MDC1"
"MDM4","NBN","MDC1"
"MDM4","HDAC1","MDC1"
"MDM4","BORA","MDC1"
"MDM4","RAF1","PKM"
"MDM4","CDK7","PKM"
"MDM4","PLK1","PKM"
"MDM4","AURKB","PKM"
"MDM4","CyclinB/CDK1","PKM"
"MDM4","RPA2","PKM"
"MDM4","BUB1","PKM"
"MDM4","CCNO","PKM"
"MDM4","HDAC3","PKM"
"MDM4","RELA","PKM"
"MDM4","CDK6","PKM"
"MDM4","NEK6","PKM"
"MDM4","DAXX","PKM"
"MDM4","WDCP","PKM"
"MDM4","MRE11","PKM"
"MDM4","NBN","PKM"
"MDM4","RAD9A","PKM"
"MDM4","HDAC1","PKM"
"MDM4","TOPBP1","PKM"
"MDM4","BORA","PKM"
"MDM4","RAF1","E2F3"
"MDM4","CDK7","E2F3"
"MDM4","PLK1","E2F3"
"MDM4","LCK","E2F3"
"MDM4","CyclinE/CDK2","E2F3"
"MDM4","CSNK2B","E2F3"
"MDM4","SPRED1","E2F3"
"MDM4","BUB1","E2F3"
"MDM4","NEK9","E2F3"
"MDM4","CDC25C","E2F3"
"MDM4","INCENP","E2F3"
"MDM4","NEK6","E2F3"
"MDM4","DAXX","E2F3"
"MDM4","NR3C1","E2F3"
"MDM4","RUNX1","E2F3"
"MDM4","WDCP","E2F3"
"MDM4","MDC1","E2F3"
"MDM4","RAD9A","E2F3"
"MDM4","TOPBP1","E2F3"
"MDM4","WAC","E2F3"
"MDM4","RGCC","E2F3"
"MDM4","CTNNB1","TNKS"
"MDM4","PTPRC","TNKS"
"MDM4","CDK7","TNKS"
"MDM4","LCK","TNKS"
"MDM4","CHEK1","TNKS"
"MDM4","AURKB","TNKS"
"MDM4","CDC25A","TNKS"
"MDM4","CyclinE/CDK2","TNKS"
"MDM4","CCNO","TNKS"
"MDM4","HASPIN","TNKS"
"MDM4","USP37","TNKS"
"MDM4","PHF8","TNKS"
"MDM4","RUNX2","TNKS"
"MDM4","CTNNB1","CD163"
"MDM4","PTPRC","CD163"
"MDM4","RPS6KB1","CD163"
"MDM4","TTK","CD163"
"MDM4","HDAC3","CD163"
"MDM4","BORA","CD163"
"MDM4","DCTN6","CD163"
"MDM4","RGCC","CD163"
"MDM4","CTNNB1","EEF2"
"MDM4","CDK4","EEF2"
"MDM4","PTPRC","EEF2"
"MDM4","CDK7","EEF2"
"MDM4","LCK","EEF2"
"MDM4","CDK2","EEF2"
"MDM4","AURKB","EEF2"
"MDM4","CyclinB/CDK1","EEF2"
"MDM4","TTK","EEF2"
"MDM4","CSNK2B","EEF2"
"MDM4","BUB1","EEF2"
"MDM4","RELA","EEF2"
"MDM4","INCENP","EEF2"
"MDM4","CDC25B","EEF2"
"MDM4","NEK6","EEF2"
"MDM4","USP37","EEF2"
"MDM4","AMBRA1","EEF2"
"MDM4","CEP192","EEF2"
"MDM4","DAXX","EEF2"
"MDM4","H2AX","EEF2"
"MDM4","PHF8","EEF2"
"MDM4","RUNX2","EEF2"
"MDM4","RAD9A","EEF2"
"MDM4","TOPBP1","EEF2"
"MDM4","BORA","EEF2"
"MDM4","CTNNB1","YY1"
"MDM4","AURKA","YY1"
"MDM4","RAF1","YY1"
"MDM4","CDK4","YY1"
"MDM4","CDK7","YY1"
"MDM4","RPS6KB1","YY1"
"MDM4","CDK2","YY1"
"MDM4","AURKB","YY1"
"MDM4","CyclinB/CDK1","YY1"
"MDM4","CyclinE/CDK2","YY1"
"MDM4","CSNK2B","YY1"
"MDM4","RPA2","YY1"
"MDM4","HASPIN","YY1"
"MDM4","CDK6","YY1"
"MDM4","INCENP","YY1"
"MDM4","CDC25B","YY1"
"MDM4","NEK6","YY1"
"MDM4","USP37","YY1"
"MDM4","AMBRA1","YY1"
"MDM4","DAXX","YY1"
"MDM4","MRE11","YY1"
"MDM4","RAD9A","YY1"
"MDM4","HDAC1","YY1"
"MDM4","BORA","YY1"
"MDM4","WAC","YY1"
"MDM4","DCTN6","YY1"
"MDM4","RGCC","YY1"
"MDM4","CDK4","SGO1"
"MDM4","CDK7","SGO1"
"MDM4","PLK1","SGO1"
"MDM4","CDK2","SGO1"
"MDM4","TTK","SGO1"
"MDM4","CSNK2B","SGO1"
"MDM4","SPRED1","SGO1"
"MDM4","RPA2","SGO1"
"MDM4","CDC25B","SGO1"
"MDM4","USP37","SGO1"
"MDM4","CEP192","SGO1"
"MDM4","H2AX","SGO1"
"MDM4","RUNX1","SGO1"
"MDM4","MRE11","SGO1"
"MDM4","NBN","SGO1"
"MDM4","RUNX2","SGO1"
"MDM4","TOPBP1","SGO1"
"MDM4","WAC","SGO1"
"MDM4","CyclinB/CDK1","OPTN"
"MDM4","TTK","OPTN"
"MDM4","CSNK2B","OPTN"
"MDM4","RUNX1","OPTN"
"MDM4","NBN","OPTN"
"MDM4","HDAC1","OPTN"
"MDM4","FMNL2","OPTN"
"MDM4","AURKA","TOB2"
"MDM4","LCK","TOB2"
"MDM4","CHEK1","TOB2"
"MDM4","CDC25A","TOB2"
"MDM4","BUB1","TOB2"
"MDM4","RELA","TOB2"
"MDM4","CDC25B","TOB2"
"MDM4","DAXX","TOB2"
"MDM4","NR3C1","TOB2"
"MDM4","H2AX","TOB2"
"MDM4","MDC1","TOB2"
"MDM4","FMNL2","TOB2"
"MDM4","RGCC","TOB2"
"MDM4","CTNNB1","MRE11"
"MDM4","AURKB","MRE11"
"MDM4","CDC25A","MRE11"
"MDM4","SPRED1","MRE11"
"MDM4","RPA2","MRE11"
"MDM4","HASPIN","MRE11"
"MDM4","CDK6","MRE11"
"MDM4","NEK6","MRE11"
"MDM4","AMBRA1","MRE11"
"MDM4","NR3C1","MRE11"
"MDM4","RUNX1","MRE11"
"MDM4","RUNX2","MRE11"
"MDM4","HDAC1","MRE11"
"MDM4","BORA","MRE11"
"MDM4","WAC","MRE11"
"MDM4","DCTN6","MRE11"
"MDM4","FMNL2","MRE11"
"MDM4","RGCC","MRE11"
"MDM4","CTNNB1","g-TuRC complex"
"MDM4","ATM","g-TuRC complex"
"MDM4","PLK1","g-TuRC complex"
"MDM4","CDK2","g-TuRC complex"
"MDM4","TTK","g-TuRC complex"
"MDM4","CSNK2B","g-TuRC complex"
"MDM4","RPA2","g-TuRC complex"
"MDM4","BUB1","g-TuRC complex"
"MDM4","CDK6","g-TuRC complex"
"MDM4","CEP192","g-TuRC complex"
"MDM4","NR3C1","g-TuRC complex"
"MDM4","TNFAIP1","g-TuRC complex"
"MDM4","MRE11","g-TuRC complex"
"MDM4","NBN","g-TuRC complex"
"MDM4","RAD9A","g-TuRC complex"
"MDM4","HDAC1","g-TuRC complex"
"MDM4","TOPBP1","g-TuRC complex"
"MDM4","BORA","g-TuRC complex"
"MDM4","WAC","g-TuRC complex"
"MDM4","FMNL2","g-TuRC complex"
"MDM4","CTNNB1","PPP1R8"
"MDM4","PTPRC","PPP1R8"
"MDM4","CDK7","PPP1R8"
"MDM4","PLK1","PPP1R8"
"MDM4","RPS6KB1","PPP1R8"
"MDM4","AURKB","PPP1R8"
"MDM4","CyclinB/CDK1","PPP1R8"
"MDM4","SPRED1","PPP1R8"
"MDM4","RPA2","PPP1R8"
"MDM4","HASPIN","PPP1R8"
"MDM4","CDK6","PPP1R8"
"MDM4","CDC25B","PPP1R8"
"MDM4","NEK6","PPP1R8"
"MDM4","CEP192","PPP1R8"
"MDM4","H2AX","PPP1R8"
"MDM4","PHF8","PPP1R8"
"MDM4","RUNX1","PPP1R8"
"MDM4","MDC1","PPP1R8"
"MDM4","MRE11","PPP1R8"
"MDM4","NBN","PPP1R8"
"MDM4","RUNX2","PPP1R8"
"MDM4","RAD9A","PPP1R8"
"MDM4","HDAC1","PPP1R8"
"MDM4","TOPBP1","PPP1R8"
"MDM4","BORA","PPP1R8"
"MDM4","WAC","PPP1R8"
"MDM4","DCTN6","PPP1R8"
"MDM4","FMNL2","PPP1R8"
"MDM4","RGCC","PPP1R8"
"MDM4","CTNNB1","HDAC2"
"MDM4","RAF1","HDAC2"
"MDM4","CDK4","HDAC2"
"MDM4","PTPRC","HDAC2"
"MDM4","CDK7","HDAC2"
"MDM4","RPS6KB1","HDAC2"
"MDM4","CDK2","HDAC2"
"MDM4","CHEK1","HDAC2"
"MDM4","CyclinB/CDK1","HDAC2"
"MDM4","CyclinE/CDK2","HDAC2"
"MDM4","RPA2","HDAC2"
"MDM4","BUB1","HDAC2"
"MDM4","NEK9","HDAC2"
"MDM4","HDAC3","HDAC2"
"MDM4","HASPIN","HDAC2"
"MDM4","CDK6","HDAC2"
"MDM4","CDC25B","HDAC2"
"MDM4","AMBRA1","HDAC2"
"MDM4","DAXX","HDAC2"
"MDM4","H2AX","HDAC2"
"MDM4","TNFAIP1","HDAC2"
"MDM4","RUNX1","HDAC2"
"MDM4","WDCP","HDAC2"
"MDM4","MDC1","HDAC2"
"MDM4","MRE11","HDAC2"
"MDM4","NBN","HDAC2"
"MDM4","RUNX2","HDAC2"
"MDM4","RAD9A","HDAC2"
"MDM4","HDAC1","HDAC2"
"MDM4","TOPBP1","HDAC2"
"MDM4","BORA","HDAC2"
"MDM4","WAC","HDAC2"
"MDM4","DCTN6","HDAC2"
"MDM4","RGCC","HDAC2"
"MDM4","RAF1","MYH9"
"MDM4","CDK4","MYH9"
"MDM4","PLK1","MYH9"
"MDM4","CDC25A","MYH9"
"MDM4","CyclinB/CDK1","MYH9"
"MDM4","HASPIN","MYH9"
"MDM4","INCENP","MYH9"
"MDM4","CDC25B","MYH9"
"MDM4","NEK6","MYH9"
"MDM4","USP37","MYH9"
"MDM4","DAXX","MYH9"
"MDM4","NR3C1","MYH9"
"MDM4","WDCP","MYH9"
"MDM4","MRE11","MYH9"
"MDM4","TOPBP1","MYH9"
"MDM4","BORA","MYH9"
"MDM4","CTNNB1","OPRD1"
"MDM4","ATM","OPRD1"
"MDM4","CDK1","OPRD1"
"MDM4","PTPRC","OPRD1"
"MDM4","CDK7","OPRD1"
"MDM4","CHEK1","OPRD1"
"MDM4","TTK","OPRD1"
"MDM4","RELA","OPRD1"
"MDM4","CDC25B","OPRD1"
"MDM4","NEK6","OPRD1"
"MDM4","USP37","OPRD1"
"MDM4","TNFAIP1","OPRD1"
"MDM4","TOPBP1","OPRD1"
"MDM4","BORA","OPRD1"
"MDM4","DCTN6","OPRD1"
"MDM4","AURKA","CREB1"
"MDM4","PTPN1","CREB1"
"MDM4","TTK","CREB1"
"MDM4","RPA2","CREB1"
"MDM4","HDAC3","CREB1"
"MDM4","CEP192","CREB1"
"MDM4","H2AX","CREB1"
"MDM4","PHF8","CREB1"
"MDM4","WDCP","CREB1"
"MDM4","MRE11","CREB1"
"MDM4","NBN","CREB1"
"MDM4","RAD9A","CREB1"
"MDM4","HDAC1","CREB1"
"MDM4","TOPBP1","CREB1"
"MDM4","WAC","CREB1"
"MDM4","CDK4","NBN"
"MDM4","PTPRC","NBN"
"MDM4","CDK7","NBN"
"MDM4","RPS6KB1","NBN"
"MDM4","CHEK1","NBN"
"MDM4","AURKB","NBN"
"MDM4","CDC25A","NBN"
"MDM4","CyclinB/CDK1","NBN"
"MDM4","CyclinE/CDK2","NBN"
"MDM4","TTK","NBN"
"MDM4","SPRED1","NBN"
"MDM4","CDK6","NBN"
"MDM4","INCENP","NBN"
"MDM4","CDC25B","NBN"
"MDM4","NEK6","NBN"
"MDM4","USP37","NBN"
"MDM4","CEP192","NBN"
"MDM4","DAXX","NBN"
"MDM4","PHF8","NBN"
"MDM4","RUNX1","NBN"
"MDM4","WDCP","NBN"
"MDM4","MRE11","NBN"
"MDM4","TOPBP1","NBN"
"MDM4","WAC","NBN"
"MDM4","DCTN6","NBN"
"MDM4","CDK4","BRCA1"
"MDM4","CTNNB1","E2F2"
"MDM4","ATM","E2F2"
"MDM4","AURKA","E2F2"
"MDM4","CDK4","E2F2"
"MDM4","CDK1","E2F2"
"MDM4","RPS6KB1","E2F2"
"MDM4","CHEK1","E2F2"
"MDM4","CyclinE/CDK2","E2F2"
"MDM4","TTK","E2F2"
"MDM4","CSNK2B","E2F2"
"MDM4","SPRED1","E2F2"
"MDM4","RPA2","E2F2"
"MDM4","BUB1","E2F2"
"MDM4","NEK9","E2F2"
"MDM4","HDAC3","E2F2"
"MDM4","CDC25C","E2F2"
"MDM4","CDC25B","E2F2"
"MDM4","NEK6","E2F2"
"MDM4","USP37","E2F2"
"MDM4","AMBRA1","E2F2"
"MDM4","CEP192","E2F2"
"MDM4","NR3C1","E2F2"
"MDM4","WDCP","E2F2"
"MDM4","MDC1","E2F2"
"MDM4","RUNX2","E2F2"
"MDM4","RAD9A","E2F2"
"MDM4","TOPBP1","E2F2"
"MDM4","DCTN6","E2F2"
"MDM4","RGCC","E2F2"
"MDM4","CTNNB1","CENPE"
"MDM4","CDK4","CENPE"
"MDM4","PTPN1","CENPE"
"MDM4","CDK7","CENPE"
"MDM4","LCK","CENPE"
"MDM4","CDK2","CENPE"
"MDM4","CHEK1","CENPE"
"MDM4","CDC25A","CENPE"
"MDM4","CyclinE/CDK2","CENPE"
"MDM4","HDAC3","CENPE"
"MDM4","RELA","CENPE"
"MDM4","USP37","CENPE"
"MDM4","DAXX","CENPE"
"MDM4","RUNX1","CENPE"
"MDM4","NBN","CENPE"
"MDM4","DCTN6","CENPE"
"MDM4","RGCC","CENPE"
"MDM4","AURKA","NME1"
"MDM4","RAF1","NME1"
"MDM4","CDK4","NME1"
"MDM4","PTPRC","NME1"
"MDM4","PLK1","NME1"
"MDM4","CHEK1","NME1"
"MDM4","AURKB","NME1"
"MDM4","SPRED1","NME1"
"MDM4","RPA2","NME1"
"MDM4","RELA","NME1"
"MDM4","NEK6","NME1"
"MDM4","USP37","NME1"
"MDM4","NR3C1","NME1"
"MDM4","TNFAIP1","NME1"
"MDM4","FMNL2","NME1"
"MDM4","RGCC","NME1"
"MDM4","CTNNB1","SORT1"
"MDM4","AURKA","SORT1"
"MDM4","RAF1","SORT1"
"MDM4","CDK4","SORT1"
"MDM4","PTPN1","SORT1"
"MDM4","PTPRC","SORT1"
"MDM4","CDK2","SORT1"
"MDM4","CHEK1","SORT1"
"MDM4","AURKB","SORT1"
"MDM4","CyclinE/CDK2","SORT1"
"MDM4","BUB1","SORT1"
"MDM4","NEK9","SORT1"
"MDM4","HDAC3","SORT1"
"MDM4","RELA","SORT1"
"MDM4","INCENP","SORT1"
"MDM4","NEK6","SORT1"
"MDM4","DAXX","SORT1"
"MDM4","PHF8","SORT1"
"MDM4","MDC1","SORT1"
"MDM4","MRE11","SORT1"
"MDM4","NBN","SORT1"
"MDM4","RUNX2","SORT1"
"MDM4","RAD9A","SORT1"
"MDM4","HDAC1","SORT1"
"MDM4","BORA","SORT1"
"MDM4","WAC","SORT1"
"MDM4","DCTN6","SORT1"
"MDM4","FMNL2","SORT1"
"MDM4","ATM","RUNX2"
"MDM4","AURKA","RUNX2"
"MDM4","CHEK1","RUNX2"
"MDM4","AURKB","RUNX2"
"MDM4","CDC25A","RUNX2"
"MDM4","SPRED1","RUNX2"
"MDM4","NEK9","RUNX2"
"MDM4","CCNO","RUNX2"
"MDM4","HDAC3","RUNX2"
"MDM4","RELA","RUNX2"
"MDM4","CDC25B","RUNX2"
"MDM4","AMBRA1","RUNX2"
"MDM4","H2AX","RUNX2"
"MDM4","PHF8","RUNX2"
"MDM4","MDC1","RUNX2"
"MDM4","AURKA","RBBP8"
"MDM4","RAF1","RBBP8"
"MDM4","CDK4","RBBP8"
"MDM4","CHEK1","RBBP8"
"MDM4","CyclinB/CDK1","RBBP8"
"MDM4","SPRED1","RBBP8"
"MDM4","CEP192","RBBP8"
"MDM4","NR3C1","RBBP8"
"MDM4","H2AX","RBBP8"
"MDM4","TNFAIP1","RBBP8"
"MDM4","DCTN6","RBBP8"
"MDM4","CDK7","AP1"
"MDM4","AURKB","AP1"
"MDM4","CDC25A","AP1"
"MDM4","CCNO","AP1"
"MDM4","HDAC3","AP1"
"MDM4","CDC25B","AP1"
"MDM4","NEK6","AP1"
"MDM4","DAXX","AP1"
"MDM4","RUNX1","AP1"
"MDM4","RUNX2","AP1"
"MDM4","TOPBP1","AP1"
"MDM4","DCTN6","AP1"
"MDM4","FMNL2","AP1"
"MDM4","AURKA","E2F1"
"MDM4","CDK4","E2F1"
"MDM4","CSNK2B","E2F1"
"MDM4","SPRED1","E2F1"
"MDM4","BUB1","E2F1"
"MDM4","NEK9","E2F1"
"MDM4","CCNO","E2F1"
"MDM4","HDAC3","E2F1"
"MDM4","RELA","E2F1"
"MDM4","CDC25B","E2F1"
"MDM4","NEK6","E2F1"
"MDM4","CEP192","E2F1"
"MDM4","DAXX","E2F1"
"MDM4","NR3C1","E2F1"
"MDM4","TNFAIP1","E2F1"
"MDM4","MRE11","E2F1"
"MDM4","NBN","E2F1"
"MDM4","HDAC1","E2F1"
"MDM4","TOPBP1","E2F1"
"MDM4","WAC","E2F1"
"MDM4","RGCC","E2F1"
"MDM4","CTNNB1","DTD1"
"MDM4","ATM","DTD1"
"MDM4","PTPRC","DTD1"
"MDM4","LCK","DTD1"
"MDM4","RPS6KB1","DTD1"
"MDM4","CDK2","DTD1"
"MDM4","AURKB","DTD1"
"MDM4","CSNK2B","DTD1"
"MDM4","BUB1","DTD1"
"MDM4","NEK9","DTD1"
"MDM4","CCNO","DTD1"
"MDM4","HDAC3","DTD1"
"MDM4","INCENP","DTD1"
"MDM4","CDC25B","DTD1"
"MDM4","AMBRA1","DTD1"
"MDM4","RUNX1","DTD1"
"MDM4","WDCP","DTD1"
"MDM4","TOPBP1","DTD1"
"MDM4","WAC","DTD1"
"MDM4","ATM","H3C1"
"MDM4","RAF1","H3C1"
"MDM4","CDK7","H3C1"
"MDM4","RPS6KB1","H3C1"
"MDM4","AURKB","H3C1"
"MDM4","CDC25A","H3C1"
"MDM4","CyclinB/CDK1","H3C1"
"MDM4","CyclinE/CDK2","H3C1"
"MDM4","SPRED1","H3C1"
"MDM4","CCNO","H3C1"
"MDM4","CDK6","H3C1"
"MDM4","CDC25C","H3C1"
"MDM4","USP37","H3C1"
"MDM4","NR3C1","H3C1"
"MDM4","TNFAIP1","H3C1"
"MDM4","PHF8","H3C1"
"MDM4","MRE11","H3C1"
"MDM4","TOPBP1","H3C1"
"MDM4","RAF1","WAS"
"MDM4","PTPN1","WAS"
"MDM4","PTPRC","WAS"
"MDM4","AURKB","WAS"
"MDM4","CDC25A","WAS"
"MDM4","SPRED1","WAS"
"MDM4","RPA2","WAS"
"MDM4","RELA","WAS"
"MDM4","HASPIN","WAS"
"MDM4","INCENP","WAS"
"MDM4","NEK6","WAS"
"MDM4","CEP192","WAS"
"MDM4","DAXX","WAS"
"MDM4","RUNX1","WAS"
"MDM4","NBN","WAS"
"MDM4","RUNX2","WAS"
"MDM4","RAD9A","WAS"
"MDM4","HDAC1","WAS"
"MDM4","TOPBP1","WAS"
"MDM4","BORA","WAS"
"MDM4","FMNL2","WAS"
"MDM4","RGCC","WAS"
"MDM4","CTNNB1","RAD9A"
"MDM4","ATM","RAD9A"
"MDM4","AURKA","RAD9A"
"MDM4","PTPN1","RAD9A"
"MDM4","CDK7","RAD9A"
"MDM4","PLK1","RAD9A"
"MDM4","RPS6KB1","RAD9A"
"MDM4","CDC25A","RAD9A"
"MDM4","CSNK2B","RAD9A"
"MDM4","SPRED1","RAD9A"
"MDM4","RPA2","RAD9A"
"MDM4","NEK9","RAD9A"
"MDM4","CCNO","RAD9A"
"MDM4","HDAC3","RAD9A"
"MDM4","RELA","RAD9A"
"MDM4","CDC25C","RAD9A"
"MDM4","INCENP","RAD9A"
"MDM4","CDC25B","RAD9A"
"MDM4","NEK6","RAD9A"
"MDM4","CEP192","RAD9A"
"MDM4","DAXX","RAD9A"
"MDM4","NR3C1","RAD9A"
"MDM4","H2AX","RAD9A"
"MDM4","PHF8","RAD9A"
"MDM4","RUNX1","RAD9A"
"MDM4","WDCP","RAD9A"
"MDM4","MDC1","RAD9A"
"MDM4","NBN","RAD9A"
"MDM4","DCTN6","RAD9A"
"MDM4","FMNL2","RAD9A"
"MDM4","RAF1","HDAC1"
"MDM4","CDK7","HDAC1"
"MDM4","PLK1","HDAC1"
"MDM4","CHEK1","HDAC1"
"MDM4","HDAC3","HDAC1"
"MDM4","RELA","HDAC1"
"MDM4","HASPIN","HDAC1"
"MDM4","AMBRA1","HDAC1"
"MDM4","NR3C1","HDAC1"
"MDM4","TNFAIP1","HDAC1"
"MDM4","WDCP","HDAC1"
"MDM4","MDC1","HDAC1"
"MDM4","NBN","HDAC1"
"MDM4","RUNX2","HDAC1"
"MDM4","WAC","HDAC1"
"MDM4","FMNL2","HDAC1"
"MDM4","CTNNB1","WDFY3"
"MDM4","CDK7","WDFY3"
"MDM4","CHEK1","WDFY3"
"MDM4","AURKB","WDFY3"
"MDM4","CyclinB/CDK1","WDFY3"
"MDM4","CyclinE/CDK2","WDFY3"
"MDM4","TTK","WDFY3"
"MDM4","CSNK2B","WDFY3"
"MDM4","SPRED1","WDFY3"
"MDM4","HDAC3","WDFY3"
"MDM4","INCENP","WDFY3"
"MDM4","CDC25B","WDFY3"
"MDM4","CEP192","WDFY3"
"MDM4","HDAC1","WDFY3"
"MDM4","AURKA","TOPBP1"
"MDM4","PTPRC","TOPBP1"
"MDM4","RPS6KB1","TOPBP1"
"MDM4","CDK2","TOPBP1"
"MDM4","CHEK1","TOPBP1"
"MDM4","RPA2","TOPBP1"
"MDM4","NEK9","TOPBP1"
"MDM4","HASPIN","TOPBP1"
"MDM4","CDK6","TOPBP1"
"MDM4","NEK6","TOPBP1"
"MDM4","AMBRA1","TOPBP1"
"MDM4","DAXX","TOPBP1"
"MDM4","NR3C1","TOPBP1"
"MDM4","TNFAIP1","TOPBP1"
"MDM4","RUNX1","TOPBP1"
"MDM4","MDC1","TOPBP1"
"MDM4","MRE11","TOPBP1"
"MDM4","BORA","TOPBP1"
"MDM4","FMNL2","TOPBP1"
"MDM4","AURKA","NMDA"
"MDM4","RAF1","NMDA"
"MDM4","PLK1","NMDA"
"MDM4","CyclinB/CDK1","NMDA"
"MDM4","TTK","NMDA"
"MDM4","BUB1","NMDA"
"MDM4","NEK9","NMDA"
"MDM4","CCNO","NMDA"
"MDM4","HASPIN","NMDA"
"MDM4","CDK6","NMDA"
"MDM4","CDC25C","NMDA"
"MDM4","CDC25B","NMDA"
"MDM4","NEK6","NMDA"
"MDM4","AMBRA1","NMDA"
"MDM4","DAXX","NMDA"
"MDM4","NR3C1","NMDA"
"MDM4","RUNX1","NMDA"
"MDM4","WDCP","NMDA"
"MDM4","MDC1","NMDA"
"MDM4","RUNX2","NMDA"
"MDM4","RAD9A","NMDA"
"MDM4","HDAC1","NMDA"
"MDM4","RGCC","NMDA"
"MDM4","AURKA","KAT5"
"MDM4","CDK4","KAT5"
"MDM4","PTPN1","KAT5"
"MDM4","RPS6KB1","KAT5"
"MDM4","AURKB","KAT5"
"MDM4","CDC25A","KAT5"
"MDM4","CyclinB/CDK1","KAT5"
"MDM4","CyclinE/CDK2","KAT5"
"MDM4","CSNK2B","KAT5"
"MDM4","NEK9","KAT5"
"MDM4","HDAC3","KAT5"
"MDM4","RELA","KAT5"
"MDM4","CDC25C","KAT5"
"MDM4","INCENP","KAT5"
"MDM4","NEK6","KAT5"
"MDM4","NR3C1","KAT5"
"MDM4","H2AX","KAT5"
"MDM4","RUNX1","KAT5"
"MDM4","MDC1","KAT5"
"MDM4","MRE11","KAT5"
"MDM4","BORA","KAT5"
"MDM4","DCTN6","KAT5"
"MDM4","CTNNB1","CLIP1"
"MDM4","CDK4","CLIP1"
"MDM4","PLK1","CLIP1"
"MDM4","CyclinB/CDK1","CLIP1"
"MDM4","TTK","CLIP1"
"MDM4","BUB1","CLIP1"
"MDM4","NEK9","CLIP1"
"MDM4","RELA","CLIP1"
"MDM4","HASPIN","CLIP1"
"MDM4","CDC25C","CLIP1"
"MDM4","AMBRA1","CLIP1"
"MDM4","DAXX","CLIP1"
"MDM4","PHF8","CLIP1"
"MDM4","RUNX2","CLIP1"
"MDM4","HDAC1","CLIP1"
"MDM4","BORA","CLIP1"
"MDM4","DCTN6","CLIP1"
"MDM4","CTNNB1","BORA"
"MDM4","AURKA","BORA"
"MDM4","RPS6KB1","BORA"
"MDM4","CDK2","BORA"
"MDM4","CDC25A","BORA"
"MDM4","TTK","BORA"
"MDM4","BUB1","BORA"
"MDM4","CCNO","BORA"
"MDM4","HDAC3","BORA"
"MDM4","NEK6","BORA"
"MDM4","AMBRA1","BORA"
"MDM4","PHF8","BORA"
"MDM4","RUNX1","BORA"
"MDM4","NBN","BORA"
"MDM4","RUNX2","BORA"
"MDM4","RAD9A","BORA"
"MDM4","RGCC","BORA"
"MDM4","CDK1","FOXA1"
"MDM4","PTPN1","FOXA1"
"MDM4","LCK","FOXA1"
"MDM4","CDK2","FOXA1"
"MDM4","CDC25C","FOXA1"
"MDM4","FMNL2","FOXA1"
"MDM4","CTNNB1","PRKAR1A"
"MDM4","ATM","PRKAR1A"
"MDM4","RAF1","PRKAR1A"
"MDM4","PTPN1","PRKAR1A"
"MDM4","LCK","PRKAR1A"
"MDM4","RPS6KB1","PRKAR1A"
"MDM4","CDK2","PRKAR1A"
"MDM4","AURKB","PRKAR1A"
"MDM4","CyclinE/CDK2","PRKAR1A"
"MDM4","TTK","PRKAR1A"
"MDM4","BUB1","PRKAR1A"
"MDM4","CCNO","PRKAR1A"
"MDM4","HDAC3","PRKAR1A"
"MDM4","RELA","PRKAR1A"
"MDM4","HASPIN","PRKAR1A"
"MDM4","CDK6","PRKAR1A"
"MDM4","MDC1","PRKAR1A"
"MDM4","MRE11","PRKAR1A"
"MDM4","NBN","PRKAR1A"
"MDM4","HDAC1","PRKAR1A"
"MDM4","TOPBP1","PRKAR1A"
"MDM4","FMNL2","PRKAR1A"
"MDM4","CTNNB1","SQSTM1"
"MDM4","ATM","SQSTM1"
"MDM4","CDK1","SQSTM1"
"MDM4","LCK","SQSTM1"
"MDM4","CSNK2B","SQSTM1"
"MDM4","RPA2","SQSTM1"
"MDM4","BUB1","SQSTM1"
"MDM4","CDC25C","SQSTM1"
"MDM4","NR3C1","SQSTM1"
"MDM4","PHF8","SQSTM1"
"MDM4","RUNX1","SQSTM1"
"MDM4","NBN","SQSTM1"
"MDM4","RAD9A","SQSTM1"
"MDM4","DCTN6","SQSTM1"
"MDM4","RAF1","HEXIM1"
"MDM4","CDK7","HEXIM1"
"MDM4","PLK1","HEXIM1"
"MDM4","RPS6KB1","HEXIM1"
"MDM4","CDK2","HEXIM1"
"MDM4","CHEK1","HEXIM1"
"MDM4","AURKB","HEXIM1"
"MDM4","CyclinB/CDK1","HEXIM1"
"MDM4","NEK9","HEXIM1"
"MDM4","CCNO","HEXIM1"
"MDM4","CDK6","HEXIM1"
"MDM4","CDC25C","HEXIM1"
"MDM4","INCENP","HEXIM1"
"MDM4","CDC25B","HEXIM1"
"MDM4","USP37","HEXIM1"
"MDM4","CEP192","HEXIM1"
"MDM4","DAXX","HEXIM1"
"MDM4","NR3C1","HEXIM1"
"MDM4","H2AX","HEXIM1"
"MDM4","PHF8","HEXIM1"
"MDM4","RUNX1","HEXIM1"
"MDM4","WDCP","HEXIM1"
"MDM4","MDC1","HEXIM1"
"MDM4","NBN","HEXIM1"
"MDM4","RUNX2","HEXIM1"
"MDM4","RAD9A","HEXIM1"
"MDM4","HDAC1","HEXIM1"
"MDM4","TOPBP1","HEXIM1"
"MDM4","BORA","HEXIM1"
"MDM4","WAC","HEXIM1"
"MDM4","DCTN6","HEXIM1"
"MDM4","RGCC","HEXIM1"
"MDM4","CTNNB1","DNM1L"
"MDM4","ATM","DNM1L"
"MDM4","CDK4","DNM1L"
"MDM4","CDK1","DNM1L"
"MDM4","PTPN1","DNM1L"
"MDM4","PTPRC","DNM1L"
"MDM4","CDK7","DNM1L"
"MDM4","PLK1","DNM1L"
"MDM4","LCK","DNM1L"
"MDM4","CHEK1","DNM1L"
"MDM4","AURKB","DNM1L"
"MDM4","CDC25A","DNM1L"
"MDM4","CyclinE/CDK2","DNM1L"
"MDM4","CSNK2B","DNM1L"
"MDM4","SPRED1","DNM1L"
"MDM4","NEK9","DNM1L"
"MDM4","CCNO","DNM1L"
"MDM4","CDC25C","DNM1L"
"MDM4","INCENP","DNM1L"
"MDM4","CDC25B","DNM1L"
"MDM4","NEK6","DNM1L"
"MDM4","CEP192","DNM1L"
"MDM4","NR3C1","DNM1L"
"MDM4","H2AX","DNM1L"
"MDM4","TNFAIP1","DNM1L"
"MDM4","PHF8","DNM1L"
"MDM4","WDCP","DNM1L"
"MDM4","MDC1","DNM1L"
"MDM4","HDAC1","DNM1L"
"MDM4","RGCC","DNM1L"
"MDM4","CTNNB1","TIAM1"
"MDM4","ATM","TIAM1"
"MDM4","AURKA","TIAM1"
"MDM4","RAF1","TIAM1"
"MDM4","PTPN1","TIAM1"
"MDM4","CDK7","TIAM1"
"MDM4","RPS6KB1","TIAM1"
"MDM4","CDK2","TIAM1"
"MDM4","CyclinB/CDK1","TIAM1"
"MDM4","CyclinE/CDK2","TIAM1"
"MDM4","RPA2","TIAM1"
"MDM4","NEK9","TIAM1"
"MDM4","HASPIN","TIAM1"
"MDM4","NR3C1","TIAM1"
"MDM4","TNFAIP1","TIAM1"
"MDM4","RAD9A","TIAM1"
"MDM4","TOPBP1","TIAM1"
"MDM4","DCTN6","TIAM1"
"MDM4","RGCC","TIAM1"
"MDM4","CTNNB1","CEBPA"
"MDM4","ATM","CEBPA"
"MDM4","AURKA","CEBPA"
"MDM4","RAF1","CEBPA"
"MDM4","CDK7","CEBPA"
"MDM4","CHEK1","CEBPA"
"MDM4","CDC25A","CEBPA"
"MDM4","HDAC3","CEBPA"
"MDM4","RELA","CEBPA"
"MDM4","HASPIN","CEBPA"
"MDM4","CDC25C","CEBPA"
"MDM4","NEK6","CEBPA"
"MDM4","USP37","CEBPA"
"MDM4","DAXX","CEBPA"
"MDM4","WDCP","CEBPA"
"MDM4","NBN","CEBPA"
"MDM4","RAD9A","CEBPA"
"MDM4","HDAC1","CEBPA"
"MDM4","FMNL2","CEBPA"
"MDM4","RGCC","CEBPA"
"MDM4","AURKA","WAC"
"MDM4","CDK4","WAC"
"MDM4","RPS6KB1","WAC"
"MDM4","CHEK1","WAC"
"MDM4","TTK","WAC"
"MDM4","HASPIN","WAC"
"MDM4","CDK6","WAC"
"MDM4","CDC25B","WAC"
"MDM4","NEK6","WAC"
"MDM4","DAXX","WAC"
"MDM4","NR3C1","WAC"
"MDM4","TNFAIP1","WAC"
"MDM4","RUNX1","WAC"
"MDM4","MDC1","WAC"
"MDM4","NBN","WAC"
"MDM4","HDAC1","WAC"
"MDM4","RGCC","WAC"
"MDM4","CDK7","NDEL1"
"MDM4","PLK1","NDEL1"
"MDM4","CHEK1","NDEL1"
"MDM4","AURKB","NDEL1"
"MDM4","CDC25A","NDEL1"
"MDM4","CyclinE/CDK2","NDEL1"
"MDM4","NEK9","NDEL1"
"MDM4","CCNO","NDEL1"
"MDM4","HASPIN","NDEL1"
"MDM4","CDK6","NDEL1"
"MDM4","INCENP","NDEL1"
"MDM4","USP37","NDEL1"
"MDM4","DAXX","NDEL1"
"MDM4","NR3C1","NDEL1"
"MDM4","RUNX1","NDEL1"
"MDM4","DCTN6","NDEL1"
"MDM4","CTNNB1","Cullin 1-RBX1-Skp1"
"MDM4","RAF1","Cullin 1-RBX1-Skp1"
"MDM4","CDK4","Cullin 1-RBX1-Skp1"
"MDM4","PTPRC","Cullin 1-RBX1-Skp1"
"MDM4","CDK7","Cullin 1-RBX1-Skp1"
"MDM4","LCK","Cullin 1-RBX1-Skp1"
"MDM4","RPS6KB1","Cullin 1-RBX1-Skp1"
"MDM4","BUB1","Cullin 1-RBX1-Skp1"
"MDM4","NEK9","Cullin 1-RBX1-Skp1"
"MDM4","CDC25C","Cullin 1-RBX1-Skp1"
"MDM4","INCENP","Cullin 1-RBX1-Skp1"
"MDM4","NEK6","Cullin 1-RBX1-Skp1"
"MDM4","NR3C1","Cullin 1-RBX1-Skp1"
"MDM4","TNFAIP1","Cullin 1-RBX1-Skp1"
"MDM4","RUNX1","Cullin 1-RBX1-Skp1"
"MDM4","WDCP","Cullin 1-RBX1-Skp1"
"MDM4","MRE11","Cullin 1-RBX1-Skp1"
"MDM4","RUNX2","Cullin 1-RBX1-Skp1"
"MDM4","WAC","Cullin 1-RBX1-Skp1"
"MDM4","FMNL2","Cullin 1-RBX1-Skp1"
"MDM4","ATM","KIFC1"
"MDM4","RAF1","KIFC1"
"MDM4","CDK1","KIFC1"
"MDM4","LCK","KIFC1"
"MDM4","CDK2","KIFC1"
"MDM4","CDC25A","KIFC1"
"MDM4","CyclinE/CDK2","KIFC1"
"MDM4","SPRED1","KIFC1"
"MDM4","BUB1","KIFC1"
"MDM4","CCNO","KIFC1"
"MDM4","HDAC3","KIFC1"
"MDM4","CDK6","KIFC1"
"MDM4","CDC25B","KIFC1"
"MDM4","USP37","KIFC1"
"MDM4","AMBRA1","KIFC1"
"MDM4","CEP192","KIFC1"
"MDM4","NR3C1","KIFC1"
"MDM4","H2AX","KIFC1"
"MDM4","PHF8","KIFC1"
"MDM4","MDC1","KIFC1"
"MDM4","MRE11","KIFC1"
"MDM4","NBN","KIFC1"
"MDM4","WAC","KIFC1"
"MDM4","DCTN6","KIFC1"
"MDM4","ATM","KIF4A"
"MDM4","RAF1","KIF4A"
"MDM4","CDK7","KIF4A"
"MDM4","RPS6KB1","KIF4A"
"MDM4","CDK2","KIF4A"
"MDM4","CHEK1","KIF4A"
"MDM4","AURKB","KIF4A"
"MDM4","HASPIN","KIF4A"
"MDM4","CDC25B","KIF4A"
"MDM4","AMBRA1","KIF4A"
"MDM4","DAXX","KIF4A"
"MDM4","PHF8","KIF4A"
"MDM4","HDAC1","KIF4A"
"MDM4","TOPBP1","KIF4A"
"MDM4","DCTN6","KIF4A"
"MDM4","FMNL2","KIF4A"
"MDM4","RGCC","KIF4A"
"MDM4","CTNNB1","DCTN6"
"MDM4","AURKA","DCTN6"
"MDM4","PTPN1","DCTN6"
"MDM4","PTPRC","DCTN6"
"MDM4","LCK","DCTN6"
"MDM4","RPS6KB1","DCTN6"
"MDM4","CDK2","DCTN6"
"MDM4","CDC25A","DCTN6"
"MDM4","CyclinE/CDK2","DCTN6"
"MDM4","TTK","DCTN6"
"MDM4","SPRED1","DCTN6"
"MDM4","BUB1","DCTN6"
"MDM4","NEK9","DCTN6"
"MDM4","CCNO","DCTN6"
"MDM4","RELA","DCTN6"
"MDM4","CDC25C","DCTN6"
"MDM4","NEK6","DCTN6"
"MDM4","AMBRA1","DCTN6"
"MDM4","DAXX","DCTN6"
"MDM4","TNFAIP1","DCTN6"
"MDM4","MDC1","DCTN6"
"MDM4","TOPBP1","DCTN6"
"MDM4","BORA","DCTN6"
"MDM4","WAC","DCTN6"
"MDM4","RGCC","DCTN6"
"MDM4","CTNNB1","TARBP2"
"MDM4","ATM","TARBP2"
"MDM4","AURKA","TARBP2"
"MDM4","CDK4","TARBP2"
"MDM4","PTPRC","TARBP2"
"MDM4","AURKB","TARBP2"
"MDM4","CDC25A","TARBP2"
"MDM4","CSNK2B","TARBP2"
"MDM4","NEK9","TARBP2"
"MDM4","HDAC3","TARBP2"
"MDM4","RELA","TARBP2"
"MDM4","INCENP","TARBP2"
"MDM4","CEP192","TARBP2"
"MDM4","RUNX2","TARBP2"
"MDM4","RAD9A","TARBP2"
"MDM4","FMNL2","TARBP2"
"MDM4","RGCC","TARBP2"
"MDM4","CDK4","NFKB2"
"MDM4","CDK1","NFKB2"
"MDM4","RPS6KB1","NFKB2"
"MDM4","CDK2","NFKB2"
"MDM4","CHEK1","NFKB2"
"MDM4","CyclinB/CDK1","NFKB2"
"MDM4","TTK","NFKB2"
"MDM4","BUB1","NFKB2"
"MDM4","NEK9","NFKB2"
"MDM4","HASPIN","NFKB2"
"MDM4","CDC25B","NFKB2"
"MDM4","USP37","NFKB2"
"MDM4","CEP192","NFKB2"
"MDM4","DAXX","NFKB2"
"MDM4","NR3C1","NFKB2"
"MDM4","H2AX","NFKB2"
"MDM4","TNFAIP1","NFKB2"
"MDM4","PHF8","NFKB2"
"MDM4","RUNX1","NFKB2"
"MDM4","MDC1","NFKB2"
"MDM4","NBN","NFKB2"
"MDM4","WAC","NFKB2"
"MDM4","DCTN6","NFKB2"
"MDM4","AURKA","SEC63"
"MDM4","RAF1","SEC63"
"MDM4","CDK7","SEC63"
"MDM4","LCK","SEC63"
"MDM4","CDC25A","SEC63"
"MDM4","SPRED1","SEC63"
"MDM4","CDK6","SEC63"
"MDM4","NEK6","SEC63"
"MDM4","USP37","SEC63"
"MDM4","CEP192","SEC63"
"MDM4","RUNX1","SEC63"
"MDM4","RAD9A","SEC63"
"MDM4","HDAC1","SEC63"
"MDM4","DCTN6","SEC63"
"MDM4","FMNL2","SEC63"
"MDM4","ATM","E2F5"
"MDM4","RAF1","E2F5"
"MDM4","PTPRC","E2F5"
"MDM4","PLK1","E2F5"
"MDM4","LCK","E2F5"
"MDM4","CyclinB/CDK1","E2F5"
"MDM4","CSNK2B","E2F5"
"MDM4","RPA2","E2F5"
"MDM4","CCNO","E2F5"
"MDM4","INCENP","E2F5"
"MDM4","CEP192","E2F5"
"MDM4","TNFAIP1","E2F5"
"MDM4","PHF8","E2F5"
"MDM4","MDC1","E2F5"
"MDM4","MRE11","E2F5"
"MDM4","NBN","E2F5"
"MDM4","BORA","E2F5"
"MDM4","WAC","E2F5"
"MDM4","DCTN6","E2F5"
"MDM4","PLK1","CLSPN"
"MDM4","CTNNB1","APC"
"MDM4","AURKA","APC"
"MDM4","CDK4","APC"
"MDM4","RPS6KB1","APC"
"MDM4","CDC25A","APC"
"MDM4","CyclinB/CDK1","APC"
"MDM4","CyclinE/CDK2","APC"
"MDM4","TTK","APC"
"MDM4","CSNK2B","APC"
"MDM4","SPRED1","APC"
"MDM4","RPA2","APC"
"MDM4","CCNO","APC"
"MDM4","HASPIN","APC"
"MDM4","CDK6","APC"
"MDM4","CDC25B","APC"
"MDM4","NEK6","APC"
"MDM4","AMBRA1","APC"
"MDM4","DAXX","APC"
"MDM4","H2AX","APC"
"MDM4","TNFAIP1","APC"
"MDM4","RUNX1","APC"
"MDM4","MDC1","APC"
"MDM4","NBN","APC"
"MDM4","RUNX2","APC"
"MDM4","HDAC1","APC"
"MDM4","TOPBP1","APC"
"MDM4","BORA","APC"
"MDM4","FMNL2","APC"
"MDM4","CTNNB1","ARPP19"
"MDM4","ATM","ARPP19"
"MDM4","AURKA","ARPP19"
"MDM4","RAF1","ARPP19"
"MDM4","CDK1","ARPP19"
"MDM4","PTPN1","ARPP19"
"MDM4","PTPRC","ARPP19"
"MDM4","CDK7","ARPP19"
"MDM4","PLK1","ARPP19"
"MDM4","LCK","ARPP19"
"MDM4","RPS6KB1","ARPP19"
"MDM4","CHEK1","ARPP19"
"MDM4","AURKB","ARPP19"
"MDM4","CyclinB/CDK1","ARPP19"
"MDM4","CSNK2B","ARPP19"
"MDM4","SPRED1","ARPP19"
"MDM4","CCNO","ARPP19"
"MDM4","RELA","ARPP19"
"MDM4","HASPIN","ARPP19"
"MDM4","CDC25B","ARPP19"
"MDM4","DAXX","ARPP19"
"MDM4","NBN","ARPP19"
"MDM4","WAC","ARPP19"
"MDM4","DCTN6","ARPP19"
"MDM4","FMNL2","ARPP19"
"MDM4","CDK4","FMNL2"
"MDM4","PTPN1","FMNL2"
"MDM4","RPS6KB1","FMNL2"
"MDM4","CDC25A","FMNL2"
"MDM4","CyclinB/CDK1","FMNL2"
"MDM4","TTK","FMNL2"
"MDM4","CSNK2B","FMNL2"
"MDM4","NEK9","FMNL2"
"MDM4","HDAC3","FMNL2"
"MDM4","RELA","FMNL2"
"MDM4","CDK6","FMNL2"
"MDM4","INCENP","FMNL2"
"MDM4","CDC25B","FMNL2"
"MDM4","NEK6","FMNL2"
"MDM4","NR3C1","FMNL2"
"MDM4","TNFAIP1","FMNL2"
"MDM4","RUNX1","FMNL2"
"MDM4","WDCP","FMNL2"
"MDM4","MRE11","FMNL2"
"MDM4","RUNX2","FMNL2"
"MDM4","RAD9A","FMNL2"
"MDM4","HDAC1","FMNL2"
"MDM4","TOPBP1","FMNL2"
"MDM4","WAC","FMNL2"
"MDM4","CTNNB1","PTTG1"
"MDM4","RAF1","PTTG1"
"MDM4","PTPN1","PTTG1"
"MDM4","CDK7","PTTG1"
"MDM4","RPS6KB1","PTTG1"
"MDM4","CDK2","PTTG1"
"MDM4","CyclinB/CDK1","PTTG1"
"MDM4","TTK","PTTG1"
"MDM4","NEK9","PTTG1"
"MDM4","RELA","PTTG1"
"MDM4","HASPIN","PTTG1"
"MDM4","CDC25C","PTTG1"
"MDM4","INCENP","PTTG1"
"MDM4","CDC25B","PTTG1"
"MDM4","AMBRA1","PTTG1"
"MDM4","DAXX","PTTG1"
"MDM4","TNFAIP1","PTTG1"
"MDM4","PHF8","PTTG1"
"MDM4","TOPBP1","PTTG1"
"MDM4","RAF1","CEBPB"
"MDM4","PTPN1","CEBPB"
"MDM4","PTPRC","CEBPB"
"MDM4","LCK","CEBPB"
"MDM4","CDK2","CEBPB"
"MDM4","AURKB","CEBPB"
"MDM4","CyclinB/CDK1","CEBPB"
"MDM4","TTK","CEBPB"
"MDM4","CCNO","CEBPB"
"MDM4","RELA","CEBPB"
"MDM4","DAXX","CEBPB"
"MDM4","H2AX","CEBPB"
"MDM4","TNFAIP1","CEBPB"
"MDM4","RUNX2","CEBPB"
"MDM4","RAD9A","CEBPB"
"MDM4","WAC","CEBPB"
"MDM4","DCTN6","CEBPB"
"MDM4","ATM","EIF4B"
"MDM4","RAF1","EIF4B"
"MDM4","CDK4","EIF4B"
"MDM4","PLK1","EIF4B"
"MDM4","CDK2","EIF4B"
"MDM4","CyclinB/CDK1","EIF4B"
"MDM4","CCNO","EIF4B"
"MDM4","RELA","EIF4B"
"MDM4","HASPIN","EIF4B"
"MDM4","CDK6","EIF4B"
"MDM4","INCENP","EIF4B"
"MDM4","CDC25B","EIF4B"
"MDM4","NEK6","EIF4B"
"MDM4","USP37","EIF4B"
"MDM4","DAXX","EIF4B"
"MDM4","WDCP","EIF4B"
"MDM4","MDC1","EIF4B"
"MDM4","RAD9A","EIF4B"
"MDM4","WAC","EIF4B"
"MDM4","FMNL2","EIF4B"
"MDM4","RGCC","EIF4B"
"MDM4","RAF1","RGCC"
"MDM4","CDK7","RGCC"
"MDM4","RPA2","RGCC"
"MDM4","BUB1","RGCC"
"MDM4","CDK6","RGCC"
"MDM4","INCENP","RGCC"
"MDM4","PHF8","RGCC"
"MDM4","RUNX1","RGCC"
"MDM4","MDC1","RGCC"
"MDM4","HDAC1","RGCC"
"MDM4","DCTN6","RGCC"
"MDM4","PTPN1","NEDD1"
"MDM4","CDK7","NEDD1"
"MDM4","CDK2","NEDD1"
"MDM4","AURKB","NEDD1"
"MDM4","CyclinE/CDK2","NEDD1"
"MDM4","SPRED1","NEDD1"
"MDM4","BUB1","NEDD1"
"MDM4","CDK6","NEDD1"
"MDM4","INCENP","NEDD1"
"MDM4","USP37","NEDD1"
"MDM4","TNFAIP1","NEDD1"
"MDM4","WDCP","NEDD1"
"MDM4","MDC1","NEDD1"
"MDM4","MRE11","NEDD1"
"MDM4","RUNX2","NEDD1"
"MDM4","HDAC1","NEDD1"
"MDM4","WAC","NEDD1"
"MDM4","DCTN6","NEDD1"
"MDM4","PTPN1","VTN"
"MDM4","PLK1","VTN"
"MDM4","CyclinE/CDK2","VTN"
"MDM4","TTK","VTN"
"MDM4","BUB1","VTN"
"MDM4","NEK9","VTN"
"MDM4","CDC25C","VTN"
"MDM4","USP37","VTN"
"MDM4","CEP192","VTN"
"MDM4","DAXX","VTN"
"MDM4","PHF8","VTN"
"MDM4","WDCP","VTN"
"MDM4","RUNX2","VTN"
"MDM4","RAF1","FOXM1"
"MDM4","CDK1","FOXM1"
"MDM4","PTPN1","FOXM1"
"MDM4","PTPRC","FOXM1"
"MDM4","CDK7","FOXM1"
"MDM4","PLK1","FOXM1"
"MDM4","CDC25A","FOXM1"
"MDM4","CyclinB/CDK1","FOXM1"
"MDM4","CyclinE/CDK2","FOXM1"
"MDM4","SPRED1","FOXM1"
"MDM4","HDAC3","FOXM1"
"MDM4","RELA","FOXM1"
"MDM4","HASPIN","FOXM1"
"MDM4","CDC25B","FOXM1"
"MDM4","AMBRA1","FOXM1"
"MDM4","DAXX","FOXM1"
"MDM4","PHF8","FOXM1"
"MDM4","WDCP","FOXM1"
"MDM4","MDC1","FOXM1"
"MDM4","NBN","FOXM1"
"MDM4","HDAC1","FOXM1"
"MDM4","TOPBP1","FOXM1"
"MDM4","BORA","FOXM1"
"MDM4","CTNNB1","ATF1"
"MDM4","ATM","ATF1"
"MDM4","AURKA","ATF1"
"MDM4","CDK1","ATF1"
"MDM4","PTPN1","ATF1"
"MDM4","CDK2","ATF1"
"MDM4","CDC25A","ATF1"
"MDM4","CyclinB/CDK1","ATF1"
"MDM4","SPRED1","ATF1"
"MDM4","CCNO","ATF1"
"MDM4","CEP192","ATF1"
"MDM4","DAXX","ATF1"
"MDM4","MDC1","ATF1"
"MDM4","MRE11","ATF1"
"MDM4","RUNX2","ATF1"
"MDM4","RAD9A","ATF1"
"MDM4","HDAC1","ATF1"
"MDM4","DCTN6","ATF1"
"MDM4","FMNL2","ATF1"
"MDM4","CTNNB1","TCOF1"
"MDM4","AURKA","TCOF1"
"MDM4","RAF1","TCOF1"
"MDM4","CDK4","TCOF1"
"MDM4","PTPRC","TCOF1"
"MDM4","CDK7","TCOF1"
"MDM4","LCK","TCOF1"
"MDM4","CDK2","TCOF1"
"MDM4","CSNK2B","TCOF1"
"MDM4","HDAC3","TCOF1"
"MDM4","RELA","TCOF1"
"MDM4","HASPIN","TCOF1"
"MDM4","CDK6","TCOF1"
"MDM4","CDC25C","TCOF1"
"MDM4","INCENP","TCOF1"
"MDM4","NEK6","TCOF1"
"MDM4","TNFAIP1","TCOF1"
"MDM4","PHF8","TCOF1"
"MDM4","RUNX1","TCOF1"
"MDM4","WDCP","TCOF1"
"MDM4","MDC1","TCOF1"
"MDM4","AURKA","NIFK"
"MDM4","CDK7","NIFK"
"MDM4","CDK2","NIFK"
"MDM4","CDC25A","NIFK"
"MDM4","CyclinE/CDK2","NIFK"
"MDM4","TTK","NIFK"
"MDM4","RPA2","NIFK"
"MDM4","NEK9","NIFK"
"MDM4","CDK6","NIFK"
"MDM4","CDC25C","NIFK"
"MDM4","AMBRA1","NIFK"
"MDM4","CEP192","NIFK"
"MDM4","TNFAIP1","NIFK"
"MDM4","RUNX1","NIFK"
"MDM4","RUNX2","NIFK"
"MDM4","WAC","NIFK"
"MDM4","CDK4","STAT3"
"MDM4","CDK7","STAT3"
"MDM4","PLK1","STAT3"
"MDM4","LCK","STAT3"
"MDM4","RPS6KB1","STAT3"
"MDM4","CSNK2B","STAT3"
"MDM4","CCNO","STAT3"
"MDM4","HASPIN","STAT3"
"MDM4","AMBRA1","STAT3"
"MDM4","CEP192","STAT3"
"MDM4","DAXX","STAT3"
"MDM4","H2AX","STAT3"
"MDM4","PHF8","STAT3"
"MDM4","RUNX1","STAT3"
"MDM4","RAD9A","STAT3"
"MDM4","TOPBP1","STAT3"
"MDM4","FMNL2","STAT3"
"MDM4","CDK4","CFTR"
"MDM4","PTPN1","CFTR"
"MDM4","CDC25A","CFTR"
"MDM4","RPA2","CFTR"
"MDM4","BUB1","CFTR"
"MDM4","RELA","CFTR"
"MDM4","CDK6","CFTR"
"MDM4","CDC25C","CFTR"
"MDM4","INCENP","CFTR"
"MDM4","USP37","CFTR"
"MDM4","H2AX","CFTR"
"MDM4","TNFAIP1","CFTR"
"MDM4","BORA","CFTR"
"MDM4","DCTN6","CFTR"
"MDM4","CDK7","TCF12"
"MDM4","PLK1","TCF12"
"MDM4","CDK2","TCF12"
"MDM4","CHEK1","TCF12"
"MDM4","CDC25A","TCF12"
"MDM4","CyclinB/CDK1","TCF12"
"MDM4","SPRED1","TCF12"
"MDM4","CCNO","TCF12"
"MDM4","NEK6","TCF12"
"MDM4","H2AX","TCF12"
"MDM4","RUNX1","TCF12"
"MDM4","WDCP","TCF12"
"MDM4","MDC1","TCF12"
"MDM4","RUNX2","TCF12"
"MDM4","FMNL2","TCF12"
"MDM4","ATM","TCF7L2"
"MDM4","CDK7","TCF7L2"
"MDM4","RPS6KB1","TCF7L2"
"MDM4","CDK2","TCF7L2"
"MDM4","CyclinB/CDK1","TCF7L2"
"MDM4","CyclinE/CDK2","TCF7L2"
"MDM4","BUB1","TCF7L2"
"MDM4","CDC25B","TCF7L2"
"MDM4","AMBRA1","TCF7L2"
"MDM4","CEP192","TCF7L2"
"MDM4","NR3C1","TCF7L2"
"MDM4","TNFAIP1","TCF7L2"
"MDM4","PHF8","TCF7L2"
"MDM4","RUNX1","TCF7L2"
"MDM4","MDC1","TCF7L2"
"MDM4","RUNX2","TCF7L2"
"MDM4","RAD9A","TCF7L2"
"MDM4","TOPBP1","TCF7L2"
"MDM4","BORA","TCF7L2"
"MDM4","FMNL2","TCF7L2"
"MDM4","RGCC","TCF7L2"
"MDM4","RAF1","POLL"
"MDM4","PTPN1","POLL"
"MDM4","PTPRC","POLL"
"MDM4","CDK7","POLL"
"MDM4","RPS6KB1","POLL"
"MDM4","CHEK1","POLL"
"MDM4","CyclinE/CDK2","POLL"
"MDM4","TTK","POLL"
"MDM4","HASPIN","POLL"
"MDM4","CDC25C","POLL"
"MDM4","INCENP","POLL"
"MDM4","CDC25B","POLL"
"MDM4","NEK6","POLL"
"MDM4","USP37","POLL"
"MDM4","DAXX","POLL"
"MDM4","WDCP","POLL"
"MDM4","MDC1","POLL"
"MDM4","RUNX2","POLL"
"MDM4","RAD9A","POLL"
"MDM4","WAC","POLL"
"MDM4","DCTN6","POLL"
"MDM4","FMNL2","POLL"
"MDM4","RGCC","POLL"
"MDM4","RAF1","CRX"
"MDM4","CDK7","CRX"
"MDM4","CSNK2B","CRX"
"MDM4","SPRED1","CRX"
"MDM4","RELA","CRX"
"MDM4","HASPIN","CRX"
"MDM4","NEK6","CRX"
"MDM4","DAXX","CRX"
"MDM4","NR3C1","CRX"
"MDM4","TNFAIP1","CRX"
"MDM4","PHF8","CRX"
"MDM4","MDC1","CRX"
"MDM4","MRE11","CRX"
"MDM4","RUNX2","CRX"
"MDM4","BORA","CRX"
"MDM4","AURKA","RCC1"
"MDM4","PTPN1","RCC1"
"MDM4","PTPRC","RCC1"
"MDM4","PLK1","RCC1"
"MDM4","LCK","RCC1"
"MDM4","RPS6KB1","RCC1"
"MDM4","CDK2","RCC1"
"MDM4","CDC25A","RCC1"
"MDM4","RPA2","RCC1"
"MDM4","BUB1","RCC1"
"MDM4","CDK6","RCC1"
"MDM4","TNFAIP1","RCC1"
"MDM4","RUNX1","RCC1"
"MDM4","FMNL2","RCC1"
"MDM4","AURKA","POU5F1"
"MDM4","CDK1","POU5F1"
"MDM4","PTPN1","POU5F1"
"MDM4","PTPRC","POU5F1"
"MDM4","CDK7","POU5F1"
"MDM4","CyclinB/CDK1","POU5F1"
"MDM4","CyclinE/CDK2","POU5F1"
"MDM4","SPRED1","POU5F1"
"MDM4","RPA2","POU5F1"
"MDM4","CCNO","POU5F1"
"MDM4","HASPIN","POU5F1"
"MDM4","CDK6","POU5F1"
"MDM4","CDC25C","POU5F1"
"MDM4","USP37","POU5F1"
"MDM4","AMBRA1","POU5F1"
"MDM4","H2AX","POU5F1"
"MDM4","TNFAIP1","POU5F1"
"MDM4","NBN","POU5F1"
"MDM4","RAD9A","POU5F1"
"MDM4","TOPBP1","POU5F1"
"MDM4","WAC","POU5F1"
"MDM4","DCTN6","POU5F1"
"MDM4","RGCC","POU5F1"
"MDM4","CTNNB1","PFKFB2"
"MDM4","AURKA","PFKFB2"
"MDM4","CDK7","PFKFB2"
"MDM4","AURKB","PFKFB2"
"MDM4","CyclinE/CDK2","PFKFB2"
"MDM4","TTK","PFKFB2"
"MDM4","CSNK2B","PFKFB2"
"MDM4","SPRED1","PFKFB2"
"MDM4","RPA2","PFKFB2"
"MDM4","HDAC3","PFKFB2"
"MDM4","HASPIN","PFKFB2"
"MDM4","MDC1","PFKFB2"
"MDM4","NBN","PFKFB2"
"MDM4","RUNX2","PFKFB2"
"MDM4","RAD9A","PFKFB2"
"MDM4","HDAC1","PFKFB2"
"MDM4","TOPBP1","PFKFB2"
"MDM4","CTNNB1","TCF4"
"MDM4","PTPN1","TCF4"
"MDM4","PTPRC","TCF4"
"MDM4","LCK","TCF4"
"MDM4","RPS6KB1","TCF4"
"MDM4","CHEK1","TCF4"
"MDM4","TTK","TCF4"
"MDM4","BUB1","TCF4"
"MDM4","INCENP","TCF4"
"MDM4","NEK6","TCF4"
"MDM4","TOPBP1","TCF4"
"MDM4","WAC","TCF4"
"MDM4","CTNNB1","PRKN"
"MDM4","ATM","PRKN"
"MDM4","CDK7","PRKN"
"MDM4","LCK","PRKN"
"MDM4","AURKB","PRKN"
"MDM4","CyclinB/CDK1","PRKN"
"MDM4","INCENP","PRKN"
"MDM4","CDC25B","PRKN"
"MDM4","NEK6","PRKN"
"MDM4","AMBRA1","PRKN"
"MDM4","CEP192","PRKN"
"MDM4","DAXX","PRKN"
"MDM4","NR3C1","PRKN"
"MDM4","H2AX","PRKN"
"MDM4","NBN","PRKN"
"MDM4","RAD9A","PRKN"
"MDM4","HDAC1","PRKN"
"MDM4","BORA","PRKN"
"MDM4","DCTN6","PRKN"
"MDM4","AURKA","PRPF3"
"MDM4","PTPRC","PRPF3"
"MDM4","PLK1","PRPF3"
"MDM4","LCK","PRPF3"
"MDM4","RPS6KB1","PRPF3"
"MDM4","CHEK1","PRPF3"
"MDM4","CDC25A","PRPF3"
"MDM4","TTK","PRPF3"
"MDM4","NEK9","PRPF3"
"MDM4","CCNO","PRPF3"
"MDM4","RELA","PRPF3"
"MDM4","HASPIN","PRPF3"
"MDM4","INCENP","PRPF3"
"MDM4","NEK6","PRPF3"
"MDM4","USP37","PRPF3"
"MDM4","AMBRA1","PRPF3"
"MDM4","CEP192","PRPF3"
"MDM4","DAXX","PRPF3"
"MDM4","NR3C1","PRPF3"
"MDM4","H2AX","PRPF3"
"MDM4","TNFAIP1","PRPF3"
"MDM4","PHF8","PRPF3"
"MDM4","WDCP","PRPF3"
"MDM4","MRE11","PRPF3"
"MDM4","NBN","PRPF3"
"MDM4","RAD9A","PRPF3"
"MDM4","HDAC1","PRPF3"
"MDM4","RGCC","PRPF3"
"MDM4","CDK4","SREBF1"
"MDM4","PTPN1","SREBF1"
"MDM4","CDK7","SREBF1"
"MDM4","CSNK2B","SREBF1"
"MDM4","SPRED1","SREBF1"
"MDM4","CCNO","SREBF1"
"MDM4","HASPIN","SREBF1"
"MDM4","CDK6","SREBF1"
"MDM4","CDC25B","SREBF1"
"MDM4","NEK6","SREBF1"
"MDM4","DAXX","SREBF1"
"MDM4","TNFAIP1","SREBF1"
"MDM4","PHF8","SREBF1"
"MDM4","MDC1","SREBF1"
"MDM4","RUNX2","SREBF1"
"MDM4","BORA","SREBF1"
"MDM4","CTNNB1","SF3B1"
"MDM4","PTPN1","SF3B1"
"MDM4","PTPRC","SF3B1"
"MDM4","CDK7","SF3B1"
"MDM4","PLK1","SF3B1"
"MDM4","LCK","SF3B1"
"MDM4","RPS6KB1","SF3B1"
"MDM4","CHEK1","SF3B1"
"MDM4","CSNK2B","SF3B1"
"MDM4","SPRED1","SF3B1"
"MDM4","HDAC3","SF3B1"
"MDM4","CDK6","SF3B1"
"MDM4","CDC25C","SF3B1"
"MDM4","INCENP","SF3B1"
"MDM4","CDC25B","SF3B1"
"MDM4","NEK6","SF3B1"
"MDM4","DAXX","SF3B1"
"MDM4","H2AX","SF3B1"
"MDM4","DCTN6","SF3B1"
"MDM4","RGCC","SF3B1"
"MDM4","ATM","CCDC6"
"MDM4","AURKA","CCDC6"
"MDM4","RAF1","CCDC6"
"MDM4","CDK4","CCDC6"
"MDM4","CDK1","CCDC6"
"MDM4","RPS6KB1","CCDC6"
"MDM4","CHEK1","CCDC6"
"MDM4","CyclinE/CDK2","CCDC6"
"MDM4","RPA2","CCDC6"
"MDM4","BUB1","CCDC6"
"MDM4","NEK9","CCDC6"
"MDM4","CCNO","CCDC6"
"MDM4","HASPIN","CCDC6"
"MDM4","CDK6","CCDC6"
"MDM4","USP37","CCDC6"
"MDM4","MRE11","CCDC6"
"MDM4","NBN","CCDC6"
"MDM4","WAC","CCDC6"
"MDM4","DCTN6","CCDC6"
"MDM4","FMNL2","CCDC6"
"MDM4","RGCC","CCDC6"
"MDM4","CTNNB1","GLI1"
"MDM4","AURKA","GLI1"
"MDM4","CDK4","GLI1"
"MDM4","CHEK1","GLI1"
"MDM4","CyclinE/CDK2","GLI1"
"MDM4","TTK","GLI1"
"MDM4","BUB1","GLI1"
"MDM4","CDK6","GLI1"
"MDM4","CDC25C","GLI1"
"MDM4","INCENP","GLI1"
"MDM4","NEK6","GLI1"
"MDM4","USP37","GLI1"
"MDM4","DAXX","GLI1"
"MDM4","NR3C1","GLI1"
"MDM4","TNFAIP1","GLI1"
"MDM4","PHF8","GLI1"
"MDM4","WDCP","GLI1"
"MDM4","MRE11","GLI1"
"MDM4","NBN","GLI1"
"MDM4","RUNX2","GLI1"
"MDM4","RAD9A","GLI1"
"MDM4","TOPBP1","GLI1"
"MDM4","WAC","GLI1"
"MDM4","ATM","SLC29A1"
"MDM4","PTPRC","SLC29A1"
"MDM4","CDK7","SLC29A1"
"MDM4","CDK2","SLC29A1"
"MDM4","CHEK1","SLC29A1"
"MDM4","TTK","SLC29A1"
"MDM4","RPA2","SLC29A1"
"MDM4","BUB1","SLC29A1"
"MDM4","NEK9","SLC29A1"
"MDM4","HDAC3","SLC29A1"
"MDM4","HASPIN","SLC29A1"
"MDM4","CDK6","SLC29A1"
"MDM4","DAXX","SLC29A1"
"MDM4","WDCP","SLC29A1"
"MDM4","MDC1","SLC29A1"
"MDM4","NBN","SLC29A1"
"MDM4","HDAC1","SLC29A1"
"MDM4","TOPBP1","SLC29A1"
"MDM4","DCTN6","SLC29A1"
"MDM4","AURKA","UNG"
"MDM4","CDK4","UNG"
"MDM4","PTPN1","UNG"
"MDM4","PTPRC","UNG"
"MDM4","PLK1","UNG"
"MDM4","CDK2","UNG"
"MDM4","CHEK1","UNG"
"MDM4","AURKB","UNG"
"MDM4","CyclinB/CDK1","UNG"
"MDM4","CyclinE/CDK2","UNG"
"MDM4","SPRED1","UNG"
"MDM4","RPA2","UNG"
"MDM4","HASPIN","UNG"
"MDM4","CDK6","UNG"
"MDM4","INCENP","UNG"
"MDM4","CDC25B","UNG"
"MDM4","USP37","UNG"
"MDM4","AMBRA1","UNG"
"MDM4","CEP192","UNG"
"MDM4","DAXX","UNG"
"MDM4","H2AX","UNG"
"MDM4","TNFAIP1","UNG"
"MDM4","WDCP","UNG"
"MDM4","MDC1","UNG"
"MDM4","MRE11","UNG"
"MDM4","HDAC1","UNG"
"MDM4","BORA","UNG"
"MDM4","WAC","UNG"
"MDM4","DCTN6","UNG"
"MDM4","CTNNB1","DNMT1"
"MDM4","ATM","DNMT1"
"MDM4","AURKA","DNMT1"
"MDM4","RAF1","DNMT1"
"MDM4","PTPRC","DNMT1"
"MDM4","CDK7","DNMT1"
"MDM4","CyclinB/CDK1","DNMT1"
"MDM4","TTK","DNMT1"
"MDM4","SPRED1","DNMT1"
"MDM4","RPA2","DNMT1"
"MDM4","NEK9","DNMT1"
"MDM4","CCNO","DNMT1"
"MDM4","HDAC3","DNMT1"
"MDM4","RELA","DNMT1"
"MDM4","HASPIN","DNMT1"
"MDM4","CDK6","DNMT1"
"MDM4","NR3C1","DNMT1"
"MDM4","H2AX","DNMT1"
"MDM4","RUNX1","DNMT1"
"MDM4","WDCP","DNMT1"
"MDM4","MDC1","DNMT1"
"MDM4","RAD9A","DNMT1"
"MDM4","HDAC1","DNMT1"
"MDM4","TOPBP1","DNMT1"
"MDM4","BORA","DNMT1"
"MDM4","RGCC","DNMT1"
"MDM4","ATM","TOP1"
"MDM4","RAF1","TOP1"
"MDM4","CyclinE/CDK2","TOP1"
"MDM4","TTK","TOP1"
"MDM4","SPRED1","TOP1"
"MDM4","RPA2","TOP1"
"MDM4","BUB1","TOP1"
"MDM4","NEK9","TOP1"
"MDM4","CCNO","TOP1"
"MDM4","INCENP","TOP1"
"MDM4","DAXX","TOP1"
"MDM4","NR3C1","TOP1"
"MDM4","RUNX1","TOP1"
"MDM4","HDAC1","TOP1"
"MDM4","RGCC","TOP1"
"MDM4","LCK","DEK"
"MDM4","CHEK1","DEK"
"MDM4","RELA","DEK"
"MDM4","NEK6","DEK"
"MDM4","USP37","DEK"
"MDM4","NR3C1","DEK"
"MDM4","TNFAIP1","DEK"
"MDM4","MRE11","DEK"
"MDM4","HDAC1","DEK"
"MDM4","BORA","DEK"
"MDM4","ATM","PITPNM1"
"MDM4","RAF1","PITPNM1"
"MDM4","PTPN1","PITPNM1"
"MDM4","PLK1","PITPNM1"
"MDM4","BUB1","PITPNM1"
"MDM4","CCNO","PITPNM1"
"MDM4","CDC25C","PITPNM1"
"MDM4","USP37","PITPNM1"
"MDM4","CEP192","PITPNM1"
"MDM4","NR3C1","PITPNM1"
"MDM4","TNFAIP1","PITPNM1"
"MDM4","PHF8","PITPNM1"
"MDM4","NBN","PITPNM1"
"MDM4","DCTN6","PITPNM1"
"MDM4","RGCC","PITPNM1"
"MDM4","CTNNB1","CAPZA1"
"MDM4","RAF1","CAPZA1"
"MDM4","CyclinB/CDK1","CAPZA1"
"MDM4","RPA2","CAPZA1"
"MDM4","BUB1","CAPZA1"
"MDM4","RELA","CAPZA1"
"MDM4","CDK6","CAPZA1"
"MDM4","CDC25B","CAPZA1"
"MDM4","TNFAIP1","CAPZA1"
"MDM4","CDK7","CCNB1"
"MDM4","PLK1","CCNB1"
"MDM4","LCK","CCNB1"
"MDM4","AURKB","CCNB1"
"MDM4","CDC25A","CCNB1"
"MDM4","CyclinB/CDK1","CCNB1"
"MDM4","BUB1","CCNB1"
"MDM4","NEK9","CCNB1"
"MDM4","HASPIN","CCNB1"
"MDM4","CDK6","CCNB1"
"MDM4","CDC25C","CCNB1"
"MDM4","USP37","CCNB1"
"MDM4","AMBRA1","CCNB1"
"MDM4","NR3C1","CCNB1"
"MDM4","PHF8","CCNB1"
"MDM4","WDCP","CCNB1"
"MDM4","MRE11","CCNB1"
"MDM4","RUNX2","CCNB1"
"MDM4","HDAC1","CCNB1"
"MDM4","TOPBP1","CCNB1"
"MDM4","BORA","CCNB1"
"MDM4","WAC","CCNB1"
"MDM4","RGCC","CCNB1"
"MDM4","CDK4","SRF"
"MDM4","PTPN1","SRF"
"MDM4","CDK7","SRF"
"MDM4","RPS6KB1","SRF"
"MDM4","CDK2","SRF"
"MDM4","AURKB","SRF"
"MDM4","CyclinB/CDK1","SRF"
"MDM4","TTK","SRF"
"MDM4","RPA2","SRF"
"MDM4","NEK9","SRF"
"MDM4","CDC25C","SRF"
"MDM4","INCENP","SRF"
"MDM4","AMBRA1","SRF"
"MDM4","H2AX","SRF"
"MDM4","TNFAIP1","SRF"
"MDM4","RUNX2","SRF"
"MDM4","HDAC1","SRF"
"MDM4","RGCC","SRF"
"MDM4","CDK1","RANGAP1"
"MDM4","RPS6KB1","RANGAP1"
"MDM4","CDK2","RANGAP1"
"MDM4","CyclinB/CDK1","RANGAP1"
"MDM4","TTK","RANGAP1"
"MDM4","AMBRA1","RANGAP1"
"MDM4","DAXX","RANGAP1"
"MDM4","NR3C1","RANGAP1"
"MDM4","H2AX","RANGAP1"
"MDM4","TNFAIP1","RANGAP1"
"MDM4","PHF8","RANGAP1"
"MDM4","RAD9A","RANGAP1"
"MDM4","TOPBP1","RANGAP1"
"MDM4","DCTN6","RANGAP1"
"MDM4","ATM","PSEN2"
"MDM4","AURKA","PSEN2"
"MDM4","CDK4","PSEN2"
"MDM4","PTPN1","PSEN2"
"MDM4","LCK","PSEN2"
"MDM4","CHEK1","PSEN2"
"MDM4","CyclinB/CDK1","PSEN2"
"MDM4","RPA2","PSEN2"
"MDM4","HDAC3","PSEN2"
"MDM4","RELA","PSEN2"
"MDM4","HASPIN","PSEN2"
"MDM4","CDC25C","PSEN2"
"MDM4","NEK6","PSEN2"
"MDM4","CEP192","PSEN2"
"MDM4","H2AX","PSEN2"
"MDM4","TNFAIP1","PSEN2"
"MDM4","MDC1","PSEN2"
"MDM4","NBN","PSEN2"
"MDM4","RAD9A","PSEN2"
"MDM4","HDAC1","PSEN2"
"MDM4","TOPBP1","PSEN2"
"MDM4","WAC","PSEN2"
"MDM4","RGCC","PSEN2"
"MDM4","PLK1","RAD21"
"MDM4","ATM","CDC26"
"MDM4","RPS6KB1","CDC26"
"MDM4","AURKB","CDC26"
"MDM4","RPA2","CDC26"
"MDM4","BUB1","CDC26"
"MDM4","HASPIN","CDC26"
"MDM4","CDC25B","CDC26"
"MDM4","USP37","CDC26"
"MDM4","AMBRA1","CDC26"
"MDM4","H2AX","CDC26"
"MDM4","PHF8","CDC26"
"MDM4","WDCP","CDC26"
"MDM4","MRE11","CDC26"
"MDM4","NBN","CDC26"
"MDM4","CTNNB1","SNAI1"
"MDM4","AURKA","SNAI1"
"MDM4","CDK4","SNAI1"
"MDM4","PTPN1","SNAI1"
"MDM4","PTPRC","SNAI1"
"MDM4","CDK7","SNAI1"
"MDM4","RPS6KB1","SNAI1"
"MDM4","CyclinE/CDK2","SNAI1"
"MDM4","TTK","SNAI1"
"MDM4","NEK9","SNAI1"
"MDM4","CCNO","SNAI1"
"MDM4","CDK6","SNAI1"
"MDM4","CDC25C","SNAI1"
"MDM4","AMBRA1","SNAI1"
"MDM4","TNFAIP1","SNAI1"
"MDM4","RAD9A","SNAI1"
"MDM4","DCTN6","SNAI1"
"MDM4","FMNL2","SNAI1"
"MDM4","LCK","KIR3DL1"
"MDM4","RPS6KB1","KIR3DL1"
"MDM4","AURKB","KIR3DL1"
"MDM4","CDC25A","KIR3DL1"
"MDM4","CyclinE/CDK2","KIR3DL1"
"MDM4","BUB1","KIR3DL1"
"MDM4","RELA","KIR3DL1"
"MDM4","AMBRA1","KIR3DL1"
"MDM4","MDC1","KIR3DL1"
"MDM4","HDAC1","KIR3DL1"
"MDM4","RGCC","KIR3DL1"
"MDM4","CTNNB1","HIRA"
"MDM4","AURKA","HIRA"
"MDM4","RAF1","HIRA"
"MDM4","CDK4","HIRA"
"MDM4","CDK7","HIRA"
"MDM4","LCK","HIRA"
"MDM4","CyclinE/CDK2","HIRA"
"MDM4","SPRED1","HIRA"
"MDM4","BUB1","HIRA"
"MDM4","NEK6","HIRA"
"MDM4","CEP192","HIRA"
"MDM4","RAD9A","HIRA"
"MDM4","BORA","HIRA"
"MDM4","WAC","HIRA"
"MDM4","FMNL2","HIRA"
"MDM4","RAF1","RACGAP1"
"MDM4","CDK7","RACGAP1"
"MDM4","RPS6KB1","RACGAP1"
"MDM4","CyclinE/CDK2","RACGAP1"
"MDM4","CSNK2B","RACGAP1"
"MDM4","RPA2","RACGAP1"
"MDM4","DAXX","RACGAP1"
"MDM4","NR3C1","RACGAP1"
"MDM4","PHF8","RACGAP1"
"MDM4","RUNX1","RACGAP1"
"MDM4","NBN","RACGAP1"
"MDM4","RAD9A","RACGAP1"
"MDM4","HDAC1","RACGAP1"
"MDM4","DCTN6","RACGAP1"
"MDM4","AURKA","KDM1A"
"MDM4","CHEK1","KDM1A"
"MDM4","AURKB","KDM1A"
"MDM4","SPRED1","KDM1A"
"MDM4","RPA2","KDM1A"
"MDM4","CCNO","KDM1A"
"MDM4","HDAC3","KDM1A"
"MDM4","CDC25C","KDM1A"
"MDM4","CDC25B","KDM1A"
"MDM4","NEK6","KDM1A"
"MDM4","DAXX","KDM1A"
"MDM4","RUNX1","KDM1A"
"MDM4","BORA","KDM1A"
"MDM4","DCTN6","KDM1A"
"MDM4","FMNL2","KDM1A"
"MDM4","CDK4","BUB1B"
"MDM4","PLK1","BUB1B"
"MDM4","LCK","BUB1B"
"MDM4","AURKB","BUB1B"
"MDM4","CyclinE/CDK2","BUB1B"
"MDM4","TTK","BUB1B"
"MDM4","CSNK2B","BUB1B"
"MDM4","BUB1","BUB1B"
"MDM4","HASPIN","BUB1B"
"MDM4","CDK6","BUB1B"
"MDM4","CEP192","BUB1B"
"MDM4","MRE11","BUB1B"
"MDM4","DCTN6","BUB1B"
"MDM4","FMNL2","BUB1B"
"MDM4","ATM","NR5A1"
"MDM4","AURKA","NR5A1"
"MDM4","RAF1","NR5A1"
"MDM4","PTPRC","NR5A1"
"MDM4","PLK1","NR5A1"
"MDM4","LCK","NR5A1"
"MDM4","RPS6KB1","NR5A1"
"MDM4","CSNK2B","NR5A1"
"MDM4","SPRED1","NR5A1"
"MDM4","RELA","NR5A1"
"MDM4","USP37","NR5A1"
"MDM4","AMBRA1","NR5A1"
"MDM4","DAXX","NR5A1"
"MDM4","WDCP","NR5A1"
"MDM4","MDC1","NR5A1"
"MDM4","RUNX2","NR5A1"
"MDM4","RAD9A","NR5A1"
"MDM4","BORA","NR5A1"
"MDM4","DCTN6","NR5A1"
"MDM4","RGCC","NR5A1"
"MDM4","CDK4","MAZ"
"MDM4","PTPRC","MAZ"
"MDM4","RPS6KB1","MAZ"
"MDM4","CDC25A","MAZ"
"MDM4","CSNK2B","MAZ"
"MDM4","SPRED1","MAZ"
"MDM4","BUB1","MAZ"
"MDM4","HDAC3","MAZ"
"MDM4","RELA","MAZ"
"MDM4","CDK6","MAZ"
"MDM4","DAXX","MAZ"
"MDM4","H2AX","MAZ"
"MDM4","WDCP","MAZ"
"MDM4","MDC1","MAZ"
"MDM4","BORA","MAZ"
"MDM4","PTPN1","GTF2A1"
"MDM4","RPS6KB1","GTF2A1"
"MDM4","BUB1","GTF2A1"
"MDM4","HASPIN","GTF2A1"
"MDM4","INCENP","GTF2A1"
"MDM4","USP37","GTF2A1"
"MDM4","AMBRA1","GTF2A1"
"MDM4","H2AX","GTF2A1"
"MDM4","PHF8","GTF2A1"
"MDM4","WDCP","GTF2A1"
"MDM4","NBN","GTF2A1"
"MDM4","WAC","GTF2A1"
"MDM4","ATM","NDE1"
"MDM4","AURKA","NDE1"
"MDM4","RAF1","NDE1"
"MDM4","CDK4","NDE1"
"MDM4","CDK1","NDE1"
"MDM4","PTPN1","NDE1"
"MDM4","PTPRC","NDE1"
"MDM4","LCK","NDE1"
"MDM4","CyclinB/CDK1","NDE1"
"MDM4","SPRED1","NDE1"
"MDM4","HDAC3","NDE1"
"MDM4","RELA","NDE1"
"MDM4","INCENP","NDE1"
"MDM4","MDC1","NDE1"
"MDM4","MRE11","NDE1"
"MDM4","CTNNB1","CKAP2"
"MDM4","ATM","CKAP2"
"MDM4","RAF1","CKAP2"
"MDM4","CDK4","CKAP2"
"MDM4","RPS6KB1","CKAP2"
"MDM4","CDC25A","CKAP2"
"MDM4","NEK9","CKAP2"
"MDM4","HDAC3","CKAP2"
"MDM4","WDCP","CKAP2"
"MDM4","RAD9A","CKAP2"
"MDM4","DCTN6","CKAP2"
"MDM4","FMNL2","CKAP2"
"MDM4","CDK4","RPS6"
"MDM4","PTPN1","RPS6"
"MDM4","TTK","RPS6"
"MDM4","SPRED1","RPS6"
"MDM4","BUB1","RPS6"
"MDM4","PHF8","RPS6"
"MDM4","RUNX1","RPS6"
"MDM4","RUNX2","RPS6"
"MDM4","RAD9A","RPS6"
"MDM4","WAC","RPS6"
"MDM4","FMNL2","RPS6"
"MDM4","RGCC","RPS6"
"MDM4","RAF1","FANCG"
"MDM4","PTPN1","FANCG"
"MDM4","LCK","FANCG"
"MDM4","BUB1","FANCG"
"MDM4","CCNO","FANCG"
"MDM4","HDAC3","FANCG"
"MDM4","RELA","FANCG"
"MDM4","HASPIN","FANCG"
"MDM4","CDK6","FANCG"
"MDM4","AMBRA1","FANCG"
"MDM4","CEP192","FANCG"
"MDM4","PHF8","FANCG"
"MDM4","RUNX1","FANCG"
"MDM4","NBN","FANCG"
"MDM4","RAD9A","FANCG"
"MDM4","DCTN6","FANCG"
"MDM4","LCK","DCTN1"
"MDM4","AURKB","DCTN1"
"MDM4","CDC25A","DCTN1"
"MDM4","CyclinB/CDK1","DCTN1"
"MDM4","CCNO","DCTN1"
"MDM4","CDK6","DCTN1"
"MDM4","CDC25C","DCTN1"
"MDM4","INCENP","DCTN1"
"MDM4","NEK6","DCTN1"
"MDM4","AMBRA1","DCTN1"
"MDM4","H2AX","DCTN1"
"MDM4","TNFAIP1","DCTN1"
"MDM4","WDCP","DCTN1"
"MDM4","MDC1","DCTN1"
"MDM4","MRE11","DCTN1"
"MDM4","NBN","DCTN1"
"MDM4","HDAC1","DCTN1"
"MDM4","TOPBP1","DCTN1"
"MDM4","BORA","DCTN1"
"MDM4","PTPN1","KRT18"
"MDM4","CDK7","KRT18"
"MDM4","RPS6KB1","KRT18"
"MDM4","CyclinE/CDK2","KRT18"
"MDM4","TTK","KRT18"
"MDM4","CSNK2B","KRT18"
"MDM4","SPRED1","KRT18"
"MDM4","CCNO","KRT18"
"MDM4","HDAC3","KRT18"
"MDM4","RELA","KRT18"
"MDM4","INCENP","KRT18"
"MDM4","CDC25B","KRT18"
"MDM4","USP37","KRT18"
"MDM4","AMBRA1","KRT18"
"MDM4","CEP192","KRT18"
"MDM4","NR3C1","KRT18"
"MDM4","H2AX","KRT18"
"MDM4","RUNX1","KRT18"
"MDM4","WDCP","KRT18"
"MDM4","RAD9A","KRT18"
"MDM4","HDAC1","KRT18"
"MDM4","BORA","KRT18"
"MDM4","WAC","KRT18"
"MDM4","DCTN6","KRT18"
"MDM4","FMNL2","KRT18"
"MDM4","CTNNB1","VDAC1"
"MDM4","ATM","VDAC1"
"MDM4","AURKA","VDAC1"
"MDM4","RAF1","VDAC1"
"MDM4","PTPN1","VDAC1"
"MDM4","PTPRC","VDAC1"
"MDM4","CDK7","VDAC1"
"MDM4","CDK2","VDAC1"
"MDM4","AURKB","VDAC1"
"MDM4","CDC25A","VDAC1"
"MDM4","CyclinB/CDK1","VDAC1"
"MDM4","CyclinE/CDK2","VDAC1"
"MDM4","SPRED1","VDAC1"
"MDM4","RPA2","VDAC1"
"MDM4","CCNO","VDAC1"
"MDM4","HDAC3","VDAC1"
"MDM4","CDC25C","VDAC1"
"MDM4","CDC25B","VDAC1"
"MDM4","NEK6","VDAC1"
"MDM4","AMBRA1","VDAC1"
"MDM4","H2AX","VDAC1"
"MDM4","RUNX2","VDAC1"
"MDM4","TOPBP1","VDAC1"
"MDM4","BORA","VDAC1"
"MDM4","WAC","VDAC1"
"MDM4","DCTN6","VDAC1"
"MDM4","RGCC","VDAC1"
"MDM4","ATM","AMOT"
"MDM4","AURKA","AMOT"
"MDM4","RAF1","AMOT"
"MDM4","CDK4","AMOT"
"MDM4","CDK1","AMOT"
"MDM4","PTPN1","AMOT"
"MDM4","RPS6KB1","AMOT"
"MDM4","CDK2","AMOT"
"MDM4","CyclinB/CDK1","AMOT"
"MDM4","SPRED1","AMOT"
"MDM4","RPA2","AMOT"
"MDM4","BUB1","AMOT"
"MDM4","NEK9","AMOT"
"MDM4","RELA","AMOT"
"MDM4","HASPIN","AMOT"
"MDM4","NEK6","AMOT"
"MDM4","MDC1","AMOT"
"MDM4","MRE11","AMOT"
"MDM4","BORA","AMOT"
"MDM4","ATM","PIP4K2A"
"MDM4","AURKA","PIP4K2A"
"MDM4","PTPRC","PIP4K2A"
"MDM4","LCK","PIP4K2A"
"MDM4","RPS6KB1","PIP4K2A"
"MDM4","CDK2","PIP4K2A"
"MDM4","AURKB","PIP4K2A"
"MDM4","CDC25A","PIP4K2A"
"MDM4","CyclinB/CDK1","PIP4K2A"
"MDM4","SPRED1","PIP4K2A"
"MDM4","RPA2","PIP4K2A"
"MDM4","CDK6","PIP4K2A"
"MDM4","USP37","PIP4K2A"
"MDM4","AMBRA1","PIP4K2A"
"MDM4","CEP192","PIP4K2A"
"MDM4","NR3C1","PIP4K2A"
"MDM4","NBN","PIP4K2A"
"MDM4","RGCC","PIP4K2A"
"MDM4","CTNNB1","CDC23"
"MDM4","AURKA","CDC23"
"MDM4","CDK7","CDC23"
"MDM4","CDK2","CDC23"
"MDM4","RPA2","CDC23"
"MDM4","NEK9","CDC23"
"MDM4","RELA","CDC23"
"MDM4","WDCP","CDC23"
"MDM4","MDC1","CDC23"
"MDM4","RAD9A","CDC23"
"MDM4","WAC","CDC23"
"MDM4","FMNL2","CDC23"
"MDM4","RGCC","CDC23"
"MDM4","RAF1","CACNA1S"
"MDM4","PLK1","CACNA1S"
"MDM4","SPRED1","CACNA1S"
"MDM4","RPA2","CACNA1S"
"MDM4","HASPIN","CACNA1S"
"MDM4","CDK6","CACNA1S"
"MDM4","CDC25B","CACNA1S"
"MDM4","USP37","CACNA1S"
"MDM4","NR3C1","CACNA1S"
"MDM4","PHF8","CACNA1S"
"MDM4","RUNX1","CACNA1S"
"MDM4","MDC1","CACNA1S"
"MDM4","RUNX2","CACNA1S"
"MDM4","BORA","CACNA1S"
"MDM4","WAC","CACNA1S"
"MDM4","FMNL2","CACNA1S"
"MDM4","RAF1","NINL"
"MDM4","CDK7","NINL"
"MDM4","PLK1","NINL"
"MDM4","LCK","NINL"
"MDM4","RPS6KB1","NINL"
"MDM4","CDK2","NINL"
"MDM4","CHEK1","NINL"
"MDM4","BUB1","NINL"
"MDM4","NEK9","NINL"
"MDM4","HDAC3","NINL"
"MDM4","CDK6","NINL"
"MDM4","USP37","NINL"
"MDM4","CEP192","NINL"
"MDM4","DAXX","NINL"
"MDM4","PHF8","NINL"
"MDM4","WDCP","NINL"
"MDM4","NBN","NINL"
"MDM4","TOPBP1","NINL"
"MDM4","DCTN6","NINL"
"MDM4","RGCC","NINL"
"MDM4","ATM","TEAD3"
"MDM4","AURKA","TEAD3"
"MDM4","RAF1","TEAD3"
"MDM4","CDK4","TEAD3"
"MDM4","CDK1","TEAD3"
"MDM4","PTPN1","TEAD3"
"MDM4","CDK2","TEAD3"
"MDM4","CHEK1","TEAD3"
"MDM4","AURKB","TEAD3"
"MDM4","TTK","TEAD3"
"MDM4","CCNO","TEAD3"
"MDM4","HDAC3","TEAD3"
"MDM4","CDC25C","TEAD3"
"MDM4","AMBRA1","TEAD3"
"MDM4","H2AX","TEAD3"
"MDM4","MDC1","TEAD3"
"MDM4","RUNX2","TEAD3"
"MDM4","RAD9A","TEAD3"
"MDM4","HDAC1","TEAD3"
"MDM4","FMNL2","TEAD3"
"MDM4","RGCC","TEAD3"
"MDM4","AURKA","PIK3R2"
"MDM4","RAF1","PIK3R2"
"MDM4","PLK1","PIK3R2"
"MDM4","LCK","PIK3R2"
"MDM4","AURKB","PIK3R2"
"MDM4","CSNK2B","PIK3R2"
"MDM4","INCENP","PIK3R2"
"MDM4","CDC25B","PIK3R2"
"MDM4","NR3C1","PIK3R2"
"MDM4","H2AX","PIK3R2"
"MDM4","MDC1","PIK3R2"
"MDM4","MRE11","PIK3R2"
"MDM4","HDAC1","PIK3R2"
"MDM4","BORA","PIK3R2"
"MDM4","WAC","PIK3R2"
"MDM4","CTNNB1","RPS3"
"MDM4","AURKA","RPS3"
"MDM4","PTPRC","RPS3"
"MDM4","CyclinE/CDK2","RPS3"
"MDM4","CSNK2B","RPS3"
"MDM4","RPA2","RPS3"
"MDM4","BUB1","RPS3"
"MDM4","NEK9","RPS3"
"MDM4","CCNO","RPS3"
"MDM4","HDAC3","RPS3"
"MDM4","NEK6","RPS3"
"MDM4","DAXX","RPS3"
"MDM4","NR3C1","RPS3"
"MDM4","MDC1","RPS3"
"MDM4","MRE11","RPS3"
"MDM4","HDAC1","RPS3"
"MDM4","BORA","RPS3"
"MDM4","CDK2","LMNA"
"MDM4","AURKB","LMNA"
"MDM4","CDC25A","LMNA"
"MDM4","CyclinB/CDK1","LMNA"
"MDM4","CyclinE/CDK2","LMNA"
"MDM4","TTK","LMNA"
"MDM4","CCNO","LMNA"
"MDM4","CDK6","LMNA"
"MDM4","CDC25B","LMNA"
"MDM4","CEP192","LMNA"
"MDM4","NR3C1","LMNA"
"MDM4","TNFAIP1","LMNA"
"MDM4","MDC1","LMNA"
"MDM4","NBN","LMNA"
"MDM4","RUNX2","LMNA"
"MDM4","HDAC1","LMNA"
"MDM4","TOPBP1","LMNA"
"MDM4","CTNNB1","MCM2"
"MDM4","ATM","MCM2"
"MDM4","PTPN1","MCM2"
"MDM4","CDK2","MCM2"
"MDM4","CDC25A","MCM2"
"MDM4","CyclinE/CDK2","MCM2"
"MDM4","SPRED1","MCM2"
"MDM4","RPA2","MCM2"
"MDM4","HDAC3","MCM2"
"MDM4","RELA","MCM2"
"MDM4","CDC25C","MCM2"
"MDM4","NEK6","MCM2"
"MDM4","USP37","MCM2"
"MDM4","NR3C1","MCM2"
"MDM4","TNFAIP1","MCM2"
"MDM4","FMNL2","MCM2"
"MDM4","CTNNB1","ATRIP"
"MDM4","AURKA","ATRIP"
"MDM4","RAF1","ATRIP"
"MDM4","CDK4","ATRIP"
"MDM4","CDK1","ATRIP"
"MDM4","PTPN1","ATRIP"
"MDM4","CDK2","ATRIP"
"MDM4","CHEK1","ATRIP"
"MDM4","TTK","ATRIP"
"MDM4","CSNK2B","ATRIP"
"MDM4","RPA2","ATRIP"
"MDM4","NEK9","ATRIP"
"MDM4","CCNO","ATRIP"
"MDM4","HDAC3","ATRIP"
"MDM4","CDC25B","ATRIP"
"MDM4","AMBRA1","ATRIP"
"MDM4","CEP192","ATRIP"
"MDM4","RUNX1","ATRIP"
"MDM4","WDCP","ATRIP"
"MDM4","RAD9A","ATRIP"
"MDM4","HDAC1","ATRIP"
"MDM4","TOPBP1","ATRIP"
"MDM4","BORA","ATRIP"
"MDM4","WAC","ATRIP"
"MDM4","DCTN6","ATRIP"
"MDM4","FMNL2","ATRIP"
"MDM4","RGCC","ATRIP"
"MDM4","ATM","ARP2/3"
"MDM4","AURKA","ARP2/3"
"MDM4","PTPN1","ARP2/3"
"MDM4","LCK","ARP2/3"
"MDM4","CDK2","ARP2/3"
"MDM4","CHEK1","ARP2/3"
"MDM4","TTK","ARP2/3"
"MDM4","NEK9","ARP2/3"
"MDM4","NEK6","ARP2/3"
"MDM4","AMBRA1","ARP2/3"
"MDM4","CEP192","ARP2/3"
"MDM4","RUNX1","ARP2/3"
"MDM4","WDCP","ARP2/3"
"MDM4","RUNX2","ARP2/3"
"MDM4","DCTN6","ARP2/3"
"MDM4","FMNL2","ARP2/3"
"MDM4","RGCC","ARP2/3"
"MDM4","AURKA","XRCC1"
"MDM4","PTPRC","XRCC1"
"MDM4","CSNK2B","XRCC1"
"MDM4","SPRED1","XRCC1"
"MDM4","RELA","XRCC1"
"MDM4","INCENP","XRCC1"
"MDM4","DAXX","XRCC1"
"MDM4","TNFAIP1","XRCC1"
"MDM4","PHF8","XRCC1"
"MDM4","MRE11","XRCC1"
"MDM4","RAD9A","XRCC1"
"MDM4","FMNL2","XRCC1"
"MDM4","CDK1","DNMT3A"
"MDM4","CTNNB1","RRN3"
"MDM4","CDK4","RRN3"
"MDM4","PTPRC","RRN3"
"MDM4","CHEK1","RRN3"
"MDM4","AURKB","RRN3"
"MDM4","TTK","RRN3"
"MDM4","BUB1","RRN3"
"MDM4","CCNO","RRN3"
"MDM4","HDAC3","RRN3"
"MDM4","CDC25C","RRN3"
"MDM4","AMBRA1","RRN3"
"MDM4","NBN","RRN3"
"MDM4","RUNX2","RRN3"
"MDM4","DCTN6","RRN3"
"MDM4","FMNL2","RRN3"
"MDM4","ATM","PKD2"
"MDM4","AURKA","PKD2"
"MDM4","PTPRC","PKD2"
"MDM4","PLK1","PKD2"
"MDM4","LCK","PKD2"
"MDM4","AURKB","PKD2"
"MDM4","CSNK2B","PKD2"
"MDM4","CDK6","PKD2"
"MDM4","INCENP","PKD2"
"MDM4","CDC25B","PKD2"
"MDM4","NR3C1","PKD2"
"MDM4","H2AX","PKD2"
"MDM4","WDCP","PKD2"
"MDM4","HDAC1","PKD2"
"MDM4","TOPBP1","PKD2"
"MDM4","FMNL2","PKD2"
"MDM4","RAF1","KIF22"
"MDM4","CDK2","KIF22"
"MDM4","AURKB","KIF22"
"MDM4","CDC25A","KIF22"
"MDM4","RPA2","KIF22"
"MDM4","BUB1","KIF22"
"MDM4","HDAC3","KIF22"
"MDM4","RELA","KIF22"
"MDM4","INCENP","KIF22"
"MDM4","NEK6","KIF22"
"MDM4","USP37","KIF22"
"MDM4","NR3C1","KIF22"
"MDM4","WDCP","KIF22"
"MDM4","FMNL2","KIF22"
"MDM4","RGCC","KIF22"
"MDM4","CDK1","RNA Polymerase I"
"MDM4","PTPN1","RNA Polymerase I"
"MDM4","PTPRC","RNA Polymerase I"
"MDM4","RPS6KB1","RNA Polymerase I"
"MDM4","CDC25A","RNA Polymerase I"
"MDM4","CyclinE/CDK2","RNA Polymerase I"
"MDM4","TTK","RNA Polymerase I"
"MDM4","CSNK2B","RNA Polymerase I"
"MDM4","SPRED1","RNA Polymerase I"
"MDM4","BUB1","RNA Polymerase I"
"MDM4","HDAC3","RNA Polymerase I"
"MDM4","HASPIN","RNA Polymerase I"
"MDM4","CDK6","RNA Polymerase I"
"MDM4","NEK6","RNA Polymerase I"
"MDM4","AMBRA1","RNA Polymerase I"
"MDM4","CEP192","RNA Polymerase I"
"MDM4","DAXX","RNA Polymerase I"
"MDM4","NR3C1","RNA Polymerase I"
"MDM4","RUNX1","RNA Polymerase I"
"MDM4","WDCP","RNA Polymerase I"
"MDM4","MDC1","RNA Polymerase I"
"MDM4","RGCC","RNA Polymerase I"
"MDM4","CTNNB1","SCN2A"
"MDM4","RAF1","SCN2A"
"MDM4","PTPN1","SCN2A"
"MDM4","RPS6KB1","SCN2A"
"MDM4","CDC25A","SCN2A"
"MDM4","CyclinE/CDK2","SCN2A"
"MDM4","NEK9","SCN2A"
"MDM4","HDAC3","SCN2A"
"MDM4","CDK6","SCN2A"
"MDM4","INCENP","SCN2A"
"MDM4","MDC1","SCN2A"
"MDM4","MRE11","SCN2A"
"MDM4","BORA","SCN2A"
"MDM4","CTNNB1","PAPOLA"
"MDM4","ATM","PAPOLA"
"MDM4","AURKA","PAPOLA"
"MDM4","PTPRC","PAPOLA"
"MDM4","PLK1","PAPOLA"
"MDM4","CCNO","PAPOLA"
"MDM4","HDAC3","PAPOLA"
"MDM4","HASPIN","PAPOLA"
"MDM4","CDK6","PAPOLA"
"MDM4","CDC25C","PAPOLA"
"MDM4","INCENP","PAPOLA"
"MDM4","CDC25B","PAPOLA"
"MDM4","NR3C1","PAPOLA"
"MDM4","H2AX","PAPOLA"
"MDM4","TNFAIP1","PAPOLA"
"MDM4","PHF8","PAPOLA"
"MDM4","RUNX1","PAPOLA"
"MDM4","WDCP","PAPOLA"
"MDM4","MDC1","PAPOLA"
"MDM4","NBN","PAPOLA"
"MDM4","RAD9A","PAPOLA"
"MDM4","TOPBP1","PAPOLA"
"MDM4","BORA","PAPOLA"
"MDM4","DCTN6","PAPOLA"
"MDM4","ATM","ORC2"
"MDM4","AURKA","ORC2"
"MDM4","RAF1","ORC2"
"MDM4","CDK1","ORC2"
"MDM4","PTPN1","ORC2"
"MDM4","PTPRC","ORC2"
"MDM4","LCK","ORC2"
"MDM4","CHEK1","ORC2"
"MDM4","AURKB","ORC2"
"MDM4","CDC25A","ORC2"
"MDM4","CyclinB/CDK1","ORC2"
"MDM4","CSNK2B","ORC2"
"MDM4","SPRED1","ORC2"
"MDM4","RPA2","ORC2"
"MDM4","BUB1","ORC2"
"MDM4","NEK9","ORC2"
"MDM4","CCNO","ORC2"
"MDM4","HDAC3","ORC2"
"MDM4","RELA","ORC2"
"MDM4","HASPIN","ORC2"
"MDM4","CDK6","ORC2"
"MDM4","CDC25C","ORC2"
"MDM4","INCENP","ORC2"
"MDM4","CDC25B","ORC2"
"MDM4","H2AX","ORC2"
"MDM4","TNFAIP1","ORC2"
"MDM4","RUNX1","ORC2"
"MDM4","WDCP","ORC2"
"MDM4","MRE11","ORC2"
"MDM4","TOPBP1","ORC2"
"MDM4","FMNL2","ORC2"
"MDM4","PTPRC","KAT7"
"MDM4","PLK1","KAT7"
"MDM4","CDK2","KAT7"
"MDM4","RELA","KAT7"
"MDM4","HASPIN","KAT7"
"MDM4","CDC25C","KAT7"
"MDM4","INCENP","KAT7"
"MDM4","CEP192","KAT7"
"MDM4","DAXX","KAT7"
"MDM4","NR3C1","KAT7"
"MDM4","H2AX","KAT7"
"MDM4","TNFAIP1","KAT7"
"MDM4","NBN","KAT7"
"MDM4","PTPN1","EIF2B5"
"MDM4","PTPRC","EIF2B5"
"MDM4","CDK7","EIF2B5"
"MDM4","PLK1","EIF2B5"
"MDM4","LCK","EIF2B5"
"MDM4","RPS6KB1","EIF2B5"
"MDM4","CDK2","EIF2B5"
"MDM4","AURKB","EIF2B5"
"MDM4","CDC25A","EIF2B5"
"MDM4","RPA2","EIF2B5"
"MDM4","BUB1","EIF2B5"
"MDM4","HASPIN","EIF2B5"
"MDM4","CDK6","EIF2B5"
"MDM4","NEK6","EIF2B5"
"MDM4","AMBRA1","EIF2B5"
"MDM4","CEP192","EIF2B5"
"MDM4","TNFAIP1","EIF2B5"
"MDM4","MRE11","EIF2B5"
"MDM4","DCTN6","EIF2B5"
"MDM4","ATM","TRIOBP"
"MDM4","AURKA","TRIOBP"
"MDM4","RAF1","TRIOBP"
"MDM4","CDK4","TRIOBP"
"MDM4","CHEK1","TRIOBP"
"MDM4","CSNK2B","TRIOBP"
"MDM4","NEK9","TRIOBP"
"MDM4","CCNO","TRIOBP"
"MDM4","HDAC3","TRIOBP"
"MDM4","RELA","TRIOBP"
"MDM4","INCENP","TRIOBP"
"MDM4","NEK6","TRIOBP"
"MDM4","RAD9A","TRIOBP"
"MDM4","HDAC1","TRIOBP"
"MDM4","BORA","TRIOBP"
"MDM4","WAC","TRIOBP"
"MDM4","DCTN6","TRIOBP"
"MDM4","FMNL2","TRIOBP"
"MDM4","RGCC","TRIOBP"
"MDM4","PTPN1","EIF5"
"MDM4","PTPRC","EIF5"
"MDM4","CDK2","EIF5"
"MDM4","CyclinB/CDK1","EIF5"
"MDM4","TTK","EIF5"
"MDM4","CSNK2B","EIF5"
"MDM4","NEK9","EIF5"
"MDM4","HDAC3","EIF5"
"MDM4","PHF8","EIF5"
"MDM4","RUNX1","EIF5"
"MDM4","MDC1","EIF5"
"MDM4","MRE11","EIF5"
"MDM4","NBN","EIF5"
"MDM4","RUNX2","EIF5"
"MDM4","RAD9A","EIF5"
"MDM4","FMNL2","EIF5"
"MDM4","RGCC","EIF5"
"MDM4","RAF1","IGFBP3"
"MDM4","CDK4","IGFBP3"
"MDM4","PLK1","IGFBP3"
"MDM4","RPS6KB1","IGFBP3"
"MDM4","CDC25A","IGFBP3"
"MDM4","HDAC3","IGFBP3"
"MDM4","AMBRA1","IGFBP3"
"MDM4","CEP192","IGFBP3"
"MDM4","TNFAIP1","IGFBP3"
"MDM4","PHF8","IGFBP3"
"MDM4","MRE11","IGFBP3"
"MDM4","NBN","IGFBP3"
"MDM4","TOPBP1","IGFBP3"
"MDM4","PTPN1","IL16"
"MDM4","CDK7","IL16"
"MDM4","CDC25A","IL16"
"MDM4","CyclinB/CDK1","IL16"
"MDM4","CyclinE/CDK2","IL16"
"MDM4","SPRED1","IL16"
"MDM4","NEK9","IL16"
"MDM4","CCNO","IL16"
"MDM4","HDAC3","IL16"
"MDM4","HASPIN","IL16"
"MDM4","CDK6","IL16"
"MDM4","NEK6","IL16"
"MDM4","AMBRA1","IL16"
"MDM4","NR3C1","IL16"
"MDM4","TNFAIP1","IL16"
"MDM4","RUNX2","IL16"
"MDM4","HDAC1","IL16"
"MDM4","TOPBP1","IL16"
"MDM4","FMNL2","IL16"
"MDM4","RGCC","IL16"
"MDM4","CTNNB1","CD5"
"MDM4","ATM","CD5"
"MDM4","AURKA","CD5"
"MDM4","CDK4","CD5"
"MDM4","PTPN1","CD5"
"MDM4","RPS6KB1","CD5"
"MDM4","CDC25A","CD5"
"MDM4","CyclinE/CDK2","CD5"
"MDM4","TTK","CD5"
"MDM4","BUB1","CD5"
"MDM4","CCNO","CD5"
"MDM4","CDK6","CD5"
"MDM4","H2AX","CD5"
"MDM4","PHF8","CD5"
"MDM4","WDCP","CD5"
"MDM4","MDC1","CD5"
"MDM4","MRE11","CD5"
"MDM4","NBN","CD5"
"MDM4","RUNX2","CD5"
"MDM4","DCTN6","CD5"
"MDM4","FMNL2","CD5"
"MDM4","AURKA","APEX1"
"MDM4","PLK1","APEX1"
"MDM4","LCK","APEX1"
"MDM4","CyclinB/CDK1","APEX1"
"MDM4","SPRED1","APEX1"
"MDM4","CCNO","APEX1"
"MDM4","CDC25B","APEX1"
"MDM4","NEK6","APEX1"
"MDM4","USP37","APEX1"
"MDM4","AMBRA1","APEX1"
"MDM4","CEP192","APEX1"
"MDM4","DAXX","APEX1"
"MDM4","NR3C1","APEX1"
"MDM4","H2AX","APEX1"
"MDM4","MRE11","APEX1"
"MDM4","NBN","APEX1"
"MDM4","HDAC1","APEX1"
"MDM4","TOPBP1","APEX1"
"MDM4","CTNNB1","WAPL"
"MDM4","ATM","WAPL"
"MDM4","PTPN1","WAPL"
"MDM4","RPS6KB1","WAPL"
"MDM4","BUB1","WAPL"
"MDM4","NEK9","WAPL"
"MDM4","CDC25C","WAPL"
"MDM4","INCENP","WAPL"
"MDM4","CEP192","WAPL"
"MDM4","DAXX","WAPL"
"MDM4","PHF8","WAPL"
"MDM4","RUNX1","WAPL"
"MDM4","WDCP","WAPL"
"MDM4","RUNX2","WAPL"
"MDM4","WAC","WAPL"
"MDM4","CDK4","OSBP2"
"MDM4","PTPRC","OSBP2"
"MDM4","PLK1","OSBP2"
"MDM4","LCK","OSBP2"
"MDM4","RPS6KB1","OSBP2"
"MDM4","CDK2","OSBP2"
"MDM4","TTK","OSBP2"
"MDM4","CSNK2B","OSBP2"
"MDM4","NEK9","OSBP2"
"MDM4","RELA","OSBP2"
"MDM4","CDK6","OSBP2"
"MDM4","INCENP","OSBP2"
"MDM4","AMBRA1","OSBP2"
"MDM4","NR3C1","OSBP2"
"MDM4","PHF8","OSBP2"
"MDM4","RUNX2","OSBP2"
"MDM4","TOPBP1","OSBP2"
"MDM4","BORA","OSBP2"
"MDM4","DCTN6","OSBP2"
"MDM4","FMNL2","OSBP2"
"MDM4","CTNNB1","CTSL"
"MDM4","PTPRC","CTSL"
"MDM4","CDK7","CTSL"
"MDM4","RPS6KB1","CTSL"
"MDM4","CDK2","CTSL"
"MDM4","CyclinB/CDK1","CTSL"
"MDM4","TTK","CTSL"
"MDM4","CSNK2B","CTSL"
"MDM4","NEK9","CTSL"
"MDM4","CDK6","CTSL"
"MDM4","NR3C1","CTSL"
"MDM4","TNFAIP1","CTSL"
"MDM4","PHF8","CTSL"
"MDM4","RAD9A","CTSL"
"MDM4","TOPBP1","CTSL"
"MDM4","BORA","CTSL"
"MDM4","DCTN6","CTSL"
"MDM4","CTNNB1","KIF2B"
"MDM4","ATM","KIF2B"
"MDM4","RAF1","KIF2B"
"MDM4","CDK4","KIF2B"
"MDM4","PTPRC","KIF2B"
"MDM4","RPS6KB1","KIF2B"
"MDM4","CDK2","KIF2B"
"MDM4","AURKB","KIF2B"
"MDM4","SPRED1","KIF2B"
"MDM4","BUB1","KIF2B"
"MDM4","NEK9","KIF2B"
"MDM4","RELA","KIF2B"
"MDM4","HASPIN","KIF2B"
"MDM4","CDK6","KIF2B"
"MDM4","CDC25C","KIF2B"
"MDM4","INCENP","KIF2B"
"MDM4","CDC25B","KIF2B"
"MDM4","NEK6","KIF2B"
"MDM4","USP37","KIF2B"
"MDM4","PHF8","KIF2B"
"MDM4","RUNX1","KIF2B"
"MDM4","NBN","KIF2B"
"MDM4","RUNX2","KIF2B"
"MDM4","BORA","KIF2B"
"MDM4","DCTN6","KIF2B"
"MDM4","ATM","TERF1"
"MDM4","CDK2","TERF1"
"MDM4","AURKB","TERF1"
"MDM4","RPA2","TERF1"
"MDM4","BUB1","TERF1"
"MDM4","CCNO","TERF1"
"MDM4","INCENP","TERF1"
"MDM4","NEK6","TERF1"
"MDM4","USP37","TERF1"
"MDM4","AMBRA1","TERF1"
"MDM4","H2AX","TERF1"
"MDM4","RUNX2","TERF1"
"MDM4","CTNNB1","LIG1"
"MDM4","ATM","LIG1"
"MDM4","CDK4","LIG1"
"MDM4","LCK","LIG1"
"MDM4","RPS6KB1","LIG1"
"MDM4","CHEK1","LIG1"
"MDM4","CSNK2B","LIG1"
"MDM4","SPRED1","LIG1"
"MDM4","NEK9","LIG1"
"MDM4","HDAC3","LIG1"
"MDM4","RELA","LIG1"
"MDM4","INCENP","LIG1"
"MDM4","CDC25B","LIG1"
"MDM4","DAXX","LIG1"
"MDM4","TNFAIP1","LIG1"
"MDM4","RUNX1","LIG1"
"MDM4","RAD9A","LIG1"
"MDM4","TOPBP1","LIG1"
"MDM4","FMNL2","LIG1"
"MDM4","RGCC","LIG1"
"MDM4","CTNNB1","PELP1"
"MDM4","ATM","PELP1"
"MDM4","PTPRC","PELP1"
"MDM4","CDK7","PELP1"
"MDM4","RPS6KB1","PELP1"
"MDM4","CHEK1","PELP1"
"MDM4","CyclinE/CDK2","PELP1"
"MDM4","CSNK2B","PELP1"
"MDM4","SPRED1","PELP1"
"MDM4","RPA2","PELP1"
"MDM4","NEK9","PELP1"
"MDM4","RELA","PELP1"
"MDM4","INCENP","PELP1"
"MDM4","H2AX","PELP1"
"MDM4","WDCP","PELP1"
"MDM4","MDC1","PELP1"
"MDM4","MRE11","PELP1"
"MDM4","NBN","PELP1"
"MDM4","RUNX2","PELP1"
"MDM4","RAD9A","PELP1"
"MDM4","TOPBP1","PELP1"
"MDM4","CTNNB1","TWIST1"
"MDM4","ATM","TWIST1"
"MDM4","PTPRC","TWIST1"
"MDM4","CDK7","TWIST1"
"MDM4","CDK2","TWIST1"
"MDM4","AURKB","TWIST1"
"MDM4","CDC25A","TWIST1"
"MDM4","TTK","TWIST1"
"MDM4","CSNK2B","TWIST1"
"MDM4","RPA2","TWIST1"
"MDM4","NEK9","TWIST1"
"MDM4","HDAC3","TWIST1"
"MDM4","CDC25B","TWIST1"
"MDM4","NEK6","TWIST1"
"MDM4","DAXX","TWIST1"
"MDM4","NR3C1","TWIST1"
"MDM4","H2AX","TWIST1"
"MDM4","TNFAIP1","TWIST1"
"MDM4","PHF8","TWIST1"
"MDM4","RUNX1","TWIST1"
"MDM4","WDCP","TWIST1"
"MDM4","TOPBP1","TWIST1"
"MDM4","CTNNB1","HSF1"
"MDM4","RAF1","HSF1"
"MDM4","PTPRC","HSF1"
"MDM4","CDK7","HSF1"
"MDM4","CDK2","HSF1"
"MDM4","AURKB","HSF1"
"MDM4","CDC25C","HSF1"
"MDM4","INCENP","HSF1"
"MDM4","NEK6","HSF1"
"MDM4","USP37","HSF1"
"MDM4","AMBRA1","HSF1"
"MDM4","CEP192","HSF1"
"MDM4","DAXX","HSF1"
"MDM4","MDC1","HSF1"
"MDM4","TOPBP1","HSF1"
"MDM4","CTNNB1","PRPS1"
"MDM4","ATM","PRPS1"
"MDM4","PTPN1","PRPS1"
"MDM4","CDK7","PRPS1"
"MDM4","CCNO","PRPS1"
"MDM4","RELA","PRPS1"
"MDM4","HASPIN","PRPS1"
"MDM4","CDK6","PRPS1"
"MDM4","CDC25C","PRPS1"
"MDM4","INCENP","PRPS1"
"MDM4","NR3C1","PRPS1"
"MDM4","WDCP","PRPS1"
"MDM4","RUNX2","PRPS1"
"MDM4","HDAC1","PRPS1"
"MDM4","TOPBP1","PRPS1"
"MDM4","FMNL2","PRPS1"
"MDM4","CTNNB1","TFAP2A"
"MDM4","CyclinB/CDK1","TFAP2A"
"MDM4","CyclinE/CDK2","TFAP2A"
"MDM4","CSNK2B","TFAP2A"
"MDM4","SPRED1","TFAP2A"
"MDM4","RPA2","TFAP2A"
"MDM4","BUB1","TFAP2A"
"MDM4","NEK9","TFAP2A"
"MDM4","CDC25C","TFAP2A"
"MDM4","AMBRA1","TFAP2A"
"MDM4","NR3C1","TFAP2A"
"MDM4","H2AX","TFAP2A"
"MDM4","TNFAIP1","TFAP2A"
"MDM4","RUNX1","TFAP2A"
"MDM4","RUNX2","TFAP2A"
"MDM4","TOPBP1","TFAP2A"
"MDM4","FMNL2","TFAP2A"
"MDM4","AURKA","SP3"
"MDM4","RAF1","SP3"
"MDM4","CDK1","SP3"
"MDM4","CyclinB/CDK1","SP3"
"MDM4","CyclinE/CDK2","SP3"
"MDM4","TTK","SP3"
"MDM4","CSNK2B","SP3"
"MDM4","RPA2","SP3"
"MDM4","BUB1","SP3"
"MDM4","HDAC3","SP3"
"MDM4","CDC25C","SP3"
"MDM4","INCENP","SP3"
"MDM4","NEK6","SP3"
"MDM4","USP37","SP3"
"MDM4","NR3C1","SP3"
"MDM4","RUNX2","SP3"
"MDM4","TOPBP1","SP3"
"MDM4","BORA","SP3"
"MDM4","WAC","SP3"
"MDM4","FMNL2","SP3"
"MDM4","CTNNB1","NFAT5"
"MDM4","PTPN1","NFAT5"
"MDM4","PTPRC","NFAT5"
"MDM4","LCK","NFAT5"
"MDM4","RPS6KB1","NFAT5"
"MDM4","CyclinE/CDK2","NFAT5"
"MDM4","TTK","NFAT5"
"MDM4","BUB1","NFAT5"
"MDM4","HASPIN","NFAT5"
"MDM4","H2AX","NFAT5"
"MDM4","TNFAIP1","NFAT5"
"MDM4","NBN","NFAT5"
"MDM4","RUNX2","NFAT5"
"MDM4","BORA","NFAT5"
"MDM4","WAC","NFAT5"
"MDM4","CTNNB1","CDC37"
"MDM4","ATM","CDC37"
"MDM4","AURKA","CDC37"
"MDM4","RAF1","CDC37"
"MDM4","CDK7","CDC37"
"MDM4","LCK","CDC37"
"MDM4","RELA","CDC37"
"MDM4","CDK6","CDC37"
"MDM4","CDC25C","CDC37"
"MDM4","INCENP","CDC37"
"MDM4","CDC25B","CDC37"
"MDM4","NEK6","CDC37"
"MDM4","H2AX","CDC37"
"MDM4","PHF8","CDC37"
"MDM4","WDCP","CDC37"
"MDM4","MDC1","CDC37"
"MDM4","MRE11","CDC37"
"MDM4","HDAC1","CDC37"
"MDM4","DCTN6","CDC37"
"MDM4","FMNL2","CDC37"
"MDM4","RGCC","CDC37"
"MDM4","CTNNB1","HDAC6"
"MDM4","ATM","HDAC6"
"MDM4","PTPN1","HDAC6"
"MDM4","RPS6KB1","HDAC6"
"MDM4","CDK2","HDAC6"
"MDM4","CHEK1","HDAC6"
"MDM4","CDC25A","HDAC6"
"MDM4","CyclinB/CDK1","HDAC6"
"MDM4","CyclinE/CDK2","HDAC6"
"MDM4","TTK","HDAC6"
"MDM4","BUB1","HDAC6"
"MDM4","HASPIN","HDAC6"
"MDM4","CDC25C","HDAC6"
"MDM4","USP37","HDAC6"
"MDM4","WDCP","HDAC6"
"MDM4","MDC1","HDAC6"
"MDM4","BORA","HDAC6"
"MDM4","RGCC","HDAC6"
"MDM4","PTPRC","PYGM"
"MDM4","PLK1","PYGM"
"MDM4","RPS6KB1","PYGM"
"MDM4","CDK2","PYGM"
"MDM4","HASPIN","PYGM"
"MDM4","CDC25B","PYGM"
"MDM4","DAXX","PYGM"
"MDM4","NR3C1","PYGM"
"MDM4","RUNX1","PYGM"
"MDM4","FMNL2","PYGM"
"MDM4","RGCC","PYGM"
"MDM4","CTNNB1","CEBPD"
"MDM4","PTPRC","CEBPD"
"MDM4","CDK2","CEBPD"
"MDM4","TTK","CEBPD"
"MDM4","CSNK2B","CEBPD"
"MDM4","RPA2","CEBPD"
"MDM4","NEK9","CEBPD"
"MDM4","RELA","CEBPD"
"MDM4","CDK6","CEBPD"
"MDM4","CDC25C","CEBPD"
"MDM4","CEP192","CEBPD"
"MDM4","PHF8","CEBPD"
"MDM4","RUNX1","CEBPD"
"MDM4","WDCP","CEBPD"
"MDM4","HDAC1","CEBPD"
"MDM4","TOPBP1","CEBPD"
"MDM4","FMNL2","CEBPD"
"MDM4","AURKA","GTF2A1L"
"MDM4","CDK4","GTF2A1L"
"MDM4","PTPN1","GTF2A1L"
"MDM4","LCK","GTF2A1L"
"MDM4","CDC25A","GTF2A1L"
"MDM4","CCNO","GTF2A1L"
"MDM4","RELA","GTF2A1L"
"MDM4","HASPIN","GTF2A1L"
"MDM4","USP37","GTF2A1L"
"MDM4","AMBRA1","GTF2A1L"
"MDM4","RUNX1","GTF2A1L"
"MDM4","WDCP","GTF2A1L"
"MDM4","NBN","GTF2A1L"
"MDM4","RUNX2","GTF2A1L"
"MDM4","RAF1","FOXK2"
"MDM4","CDK4","FOXK2"
"MDM4","CDK1","FOXK2"
"MDM4","PTPRC","FOXK2"
"MDM4","CDK7","FOXK2"
"MDM4","PLK1","FOXK2"
"MDM4","LCK","FOXK2"
"MDM4","RPS6KB1","FOXK2"
"MDM4","CDK2","FOXK2"
"MDM4","CSNK2B","FOXK2"
"MDM4","SPRED1","FOXK2"
"MDM4","NEK9","FOXK2"
"MDM4","CCNO","FOXK2"
"MDM4","RELA","FOXK2"
"MDM4","CDC25B","FOXK2"
"MDM4","CEP192","FOXK2"
"MDM4","MDC1","FOXK2"
"MDM4","DCTN6","FOXK2"
"MDM4","RGCC","FOXK2"
"MDM4","PLK1","PPP1R13L"
"MDM4","LCK","PPP1R13L"
"MDM4","CDC25A","PPP1R13L"
"MDM4","CyclinB/CDK1","PPP1R13L"
"MDM4","BUB1","PPP1R13L"
"MDM4","NEK9","PPP1R13L"
"MDM4","HASPIN","PPP1R13L"
"MDM4","CDC25C","PPP1R13L"
"MDM4","NBN","PPP1R13L"
"MDM4","RAD9A","PPP1R13L"
"MDM4","HDAC1","PPP1R13L"
"MDM4","TOPBP1","PPP1R13L"
"MDM4","BORA","PPP1R13L"
"MDM4","WAC","PPP1R13L"
"MDM4","AURKA","EIF4E"
"MDM4","RAF1","EIF4E"
"MDM4","PLK1","EIF4E"
"MDM4","CHEK1","EIF4E"
"MDM4","CDC25A","EIF4E"
"MDM4","CyclinB/CDK1","EIF4E"
"MDM4","SPRED1","EIF4E"
"MDM4","BUB1","EIF4E"
"MDM4","DAXX","EIF4E"
"MDM4","H2AX","EIF4E"
"MDM4","PHF8","EIF4E"
"MDM4","RUNX1","EIF4E"
"MDM4","WDCP","EIF4E"
"MDM4","MDC1","EIF4E"
"MDM4","MRE11","EIF4E"
"MDM4","BORA","EIF4E"
"MDM4","WAC","EIF4E"
"MDM4","CTNNB1","MPLKIP"
"MDM4","PTPRC","MPLKIP"
"MDM4","CDK7","MPLKIP"
"MDM4","CDK2","MPLKIP"
"MDM4","CyclinE/CDK2","MPLKIP"
"MDM4","CDK6","MPLKIP"
"MDM4","CDC25C","MPLKIP"
"MDM4","CEP192","MPLKIP"
"MDM4","DAXX","MPLKIP"
"MDM4","TNFAIP1","MPLKIP"
"MDM4","PHF8","MPLKIP"
"MDM4","MRE11","MPLKIP"
"MDM4","RUNX2","MPLKIP"
"MDM4","RAD9A","MPLKIP"
"MDM4","WAC","MPLKIP"
"MDM4","ATM","MYBL2"
"MDM4","LCK","MYBL2"
"MDM4","CHEK1","MYBL2"
"MDM4","AURKB","MYBL2"
"MDM4","RPA2","MYBL2"
"MDM4","HASPIN","MYBL2"
"MDM4","CDK6","MYBL2"
"MDM4","CDC25C","MYBL2"
"MDM4","INCENP","MYBL2"
"MDM4","USP37","MYBL2"
"MDM4","AMBRA1","MYBL2"
"MDM4","NR3C1","MYBL2"
"MDM4","H2AX","MYBL2"
"MDM4","TNFAIP1","MYBL2"
"MDM4","WDCP","MYBL2"
"MDM4","HDAC1","MYBL2"
"MDM4","TOPBP1","MYBL2"
"MDM4","BORA","MYBL2"
"MDM4","DCTN6","MYBL2"
"MDM4","FMNL2","MYBL2"
"MDM4","RGCC","MYBL2"
"MDM4","CTNNB1","NPHP1"
"MDM4","AURKA","NPHP1"
"MDM4","PTPN1","NPHP1"
"MDM4","PTPRC","NPHP1"
"MDM4","RPS6KB1","NPHP1"
"MDM4","CyclinE/CDK2","NPHP1"
"MDM4","TTK","NPHP1"
"MDM4","BUB1","NPHP1"
"MDM4","HASPIN","NPHP1"
"MDM4","H2AX","NPHP1"
"MDM4","TNFAIP1","NPHP1"
"MDM4","NBN","NPHP1"
"MDM4","RUNX2","NPHP1"
"MDM4","BORA","NPHP1"
"MDM4","WAC","NPHP1"
"MDM4","RGCC","NPHP1"
"MDM4","CTNNB1","CXCR2"
"MDM4","CDK4","CXCR2"
"MDM4","CDC25A","CXCR2"
"MDM4","CCNO","CXCR2"
"MDM4","HDAC3","CXCR2"
"MDM4","CDC25C","CXCR2"
"MDM4","USP37","CXCR2"
"MDM4","CEP192","CXCR2"
"MDM4","DAXX","CXCR2"
"MDM4","PHF8","CXCR2"
"MDM4","NBN","CXCR2"
"MDM4","ATM","EIF2S1"
"MDM4","AURKA","EIF2S1"
"MDM4","PLK1","EIF2S1"
"MDM4","LCK","EIF2S1"
"MDM4","CHEK1","EIF2S1"
"MDM4","AURKB","EIF2S1"
"MDM4","TTK","EIF2S1"
"MDM4","CSNK2B","EIF2S1"
"MDM4","SPRED1","EIF2S1"
"MDM4","RPA2","EIF2S1"
"MDM4","HDAC3","EIF2S1"
"MDM4","INCENP","EIF2S1"
"MDM4","TNFAIP1","EIF2S1"
"MDM4","RUNX1","EIF2S1"
"MDM4","WDCP","EIF2S1"
"MDM4","HDAC1","EIF2S1"
"MDM4","TOPBP1","EIF2S1"
"MDM4","FMNL2","EIF2S1"
"MDM4","CDK4","MYF5"
"MDM4","PTPN1","MYF5"
"MDM4","LCK","MYF5"
"MDM4","CDC25A","MYF5"
"MDM4","CCNO","MYF5"
"MDM4","RELA","MYF5"
"MDM4","HASPIN","MYF5"
"MDM4","USP37","MYF5"
"MDM4","TNFAIP1","MYF5"
"MDM4","WDCP","MYF5"
"MDM4","BORA","MYF5"
"MDM4","PTPRC","UBE2R2"
"MDM4","SPRED1","UBE2R2"
"MDM4","RPA2","UBE2R2"
"MDM4","CCNO","UBE2R2"
"MDM4","CDK6","UBE2R2"
"MDM4","CDC25C","UBE2R2"
"MDM4","CDC25B","UBE2R2"
"MDM4","NEK6","UBE2R2"
"MDM4","USP37","UBE2R2"
"MDM4","AMBRA1","UBE2R2"
"MDM4","NR3C1","UBE2R2"
"MDM4","TNFAIP1","UBE2R2"
"MDM4","RUNX1","UBE2R2"
"MDM4","WDCP","UBE2R2"
"MDM4","MDC1","UBE2R2"
"MDM4","MRE11","UBE2R2"
"MDM4","HDAC1","UBE2R2"
"MDM4","TOPBP1","UBE2R2"
"MDM4","DCTN6","UBE2R2"
"MDM4","RGCC","UBE2R2"
"MDM4","CTNNB1","EXOSC9"
"MDM4","ATM","EXOSC9"
"MDM4","AURKA","EXOSC9"
"MDM4","RAF1","EXOSC9"
"MDM4","CDK4","EXOSC9"
"MDM4","PTPRC","EXOSC9"
"MDM4","CDK7","EXOSC9"
"MDM4","PLK1","EXOSC9"
"MDM4","CHEK1","EXOSC9"
"MDM4","AURKB","EXOSC9"
"MDM4","TTK","EXOSC9"
"MDM4","SPRED1","EXOSC9"
"MDM4","HDAC3","EXOSC9"
"MDM4","CDC25C","EXOSC9"
"MDM4","NR3C1","EXOSC9"
"MDM4","MDC1","EXOSC9"
"MDM4","RUNX2","EXOSC9"
"MDM4","RAD9A","EXOSC9"
"MDM4","WAC","EXOSC9"
"MDM4","AURKA","HES6"
"MDM4","RAF1","HES6"
"MDM4","PTPN1","HES6"
"MDM4","PTPRC","HES6"
"MDM4","PLK1","HES6"
"MDM4","CyclinB/CDK1","HES6"
"MDM4","CyclinE/CDK2","HES6"
"MDM4","RPA2","HES6"
"MDM4","NEK9","HES6"
"MDM4","RELA","HES6"
"MDM4","CEP192","HES6"
"MDM4","NR3C1","HES6"
"MDM4","H2AX","HES6"
"MDM4","TNFAIP1","HES6"
"MDM4","PHF8","HES6"
"MDM4","RUNX1","HES6"
"MDM4","WDCP","HES6"
"MDM4","HDAC1","HES6"
"MDM4","TOPBP1","HES6"
"MDM4","FMNL2","HES6"
"MDM4","RGCC","HES6"
"MDM4","RAF1","ACTB"
"MDM4","PTPN1","ACTB"
"MDM4","LCK","ACTB"
"MDM4","SPRED1","ACTB"
"MDM4","AMBRA1","ACTB"
"MDM4","CEP192","ACTB"
"MDM4","NR3C1","ACTB"
"MDM4","H2AX","ACTB"
"MDM4","NBN","ACTB"
"MDM4","TOPBP1","ACTB"
"MDM4","AURKA","MAP9"
"MDM4","CDK4","MAP9"
"MDM4","HDAC3","MAP9"
"MDM4","RELA","MAP9"
"MDM4","HASPIN","MAP9"
"MDM4","CDC25B","MAP9"
"MDM4","NEK6","MAP9"
"MDM4","DAXX","MAP9"
"MDM4","H2AX","MAP9"
"MDM4","PHF8","MAP9"
"MDM4","WDCP","MAP9"
"MDM4","MDC1","MAP9"
"MDM4","RGCC","MAP9"
"MDM4","AURKA","KMT5A"
"MDM4","RAF1","KMT5A"
"MDM4","CDK4","KMT5A"
"MDM4","CDK1","KMT5A"
"MDM4","CDK7","KMT5A"
"MDM4","PLK1","KMT5A"
"MDM4","AURKB","KMT5A"
"MDM4","CyclinB/CDK1","KMT5A"
"MDM4","RPA2","KMT5A"
"MDM4","BUB1","KMT5A"
"MDM4","RELA","KMT5A"
"MDM4","HASPIN","KMT5A"
"MDM4","INCENP","KMT5A"
"MDM4","USP37","KMT5A"
"MDM4","AMBRA1","KMT5A"
"MDM4","H2AX","KMT5A"
"MDM4","PHF8","KMT5A"
"MDM4","ATM","KRT8"
"MDM4","RAF1","KRT8"
"MDM4","CDK4","KRT8"
"MDM4","PTPN1","KRT8"
"MDM4","PTPRC","KRT8"
"MDM4","CDK7","KRT8"
"MDM4","CSNK2B","KRT8"
"MDM4","INCENP","KRT8"
"MDM4","USP37","KRT8"
"MDM4","RUNX1","KRT8"
"MDM4","AURKA","TOPORS"
"MDM4","CDK4","TOPORS"
"MDM4","PTPN1","TOPORS"
"MDM4","CDK7","TOPORS"
"MDM4","CDK2","TOPORS"
"MDM4","CHEK1","TOPORS"
"MDM4","CDC25A","TOPORS"
"MDM4","SPRED1","TOPORS"
"MDM4","CCNO","TOPORS"
"MDM4","NEK6","TOPORS"
"MDM4","CEP192","TOPORS"
"MDM4","DAXX","TOPORS"
"MDM4","H2AX","TOPORS"
"MDM4","WDCP","TOPORS"
"MDM4","MDC1","TOPORS"
"MDM4","RUNX2","TOPORS"
"MDM4","RAD9A","TOPORS"
"MDM4","WAC","TOPORS"
"MDM4","FMNL2","TOPORS"
"MDM4","RGCC","TOPORS"
"MDM4","RAF1","CCDC50"
"MDM4","PLK1","CCDC50"
"MDM4","TTK","CCDC50"
"MDM4","SPRED1","CCDC50"
"MDM4","RPA2","CCDC50"
"MDM4","NEK6","CCDC50"
"MDM4","USP37","CCDC50"
"MDM4","CEP192","CCDC50"
"MDM4","DAXX","CCDC50"
"MDM4","MDC1","CCDC50"
"MDM4","RAD9A","CCDC50"
"MDM4","TOPBP1","CCDC50"
"MDM4","CTNNB1","MCM3"
"MDM4","AURKA","MCM3"
"MDM4","CDK4","MCM3"
"MDM4","CSNK2B","MCM3"
"MDM4","HDAC3","MCM3"
"MDM4","RELA","MCM3"
"MDM4","CDC25C","MCM3"
"MDM4","CDC25B","MCM3"
"MDM4","DAXX","MCM3"
"MDM4","PHF8","MCM3"
"MDM4","WDCP","MCM3"
"MDM4","HDAC1","MCM3"
"MDM4","BORA","MCM3"
"MDM4","CDK2","AKAP12"
"MDM4","CHEK1","AKAP12"
"MDM4","TTK","AKAP12"
"MDM4","CSNK2B","AKAP12"
"MDM4","NEK9","AKAP12"
"MDM4","HDAC3","AKAP12"
"MDM4","RELA","AKAP12"
"MDM4","INCENP","AKAP12"
"MDM4","CEP192","AKAP12"
"MDM4","MDC1","AKAP12"
"MDM4","HDAC1","AKAP12"
"MDM4","TOPBP1","AKAP12"
"MDM4","BORA","AKAP12"
"MDM4","AURKA","NUP210"
"MDM4","CDK7","NUP210"
"MDM4","RPS6KB1","NUP210"
"MDM4","AURKB","NUP210"
"MDM4","CDC25A","NUP210"
"MDM4","CSNK2B","NUP210"
"MDM4","RPA2","NUP210"
"MDM4","CEP192","NUP210"
"MDM4","DAXX","NUP210"
"MDM4","NR3C1","NUP210"
"MDM4","TNFAIP1","NUP210"
"MDM4","PHF8","NUP210"
"MDM4","RUNX1","NUP210"
"MDM4","WDCP","NUP210"
"MDM4","MDC1","NUP210"
"MDM4","TOPBP1","NUP210"
"MDM4","FMNL2","NUP210"
"MDM4","RAF1","MYOD/E2-2"
"MDM4","CDK1","MYOD/E2-2"
"MDM4","PTPN1","MYOD/E2-2"
"MDM4","LCK","MYOD/E2-2"
"MDM4","CDC25A","MYOD/E2-2"
"MDM4","BUB1","MYOD/E2-2"
"MDM4","RELA","MYOD/E2-2"
"MDM4","HASPIN","MYOD/E2-2"
"MDM4","CDK6","MYOD/E2-2"
"MDM4","CDC25C","MYOD/E2-2"
"MDM4","CEP192","MYOD/E2-2"
"MDM4","TNFAIP1","MYOD/E2-2"
"MDM4","WDCP","MYOD/E2-2"
"MDM4","MRE11","MYOD/E2-2"
"MDM4","NBN","MYOD/E2-2"
"MDM4","TOPBP1","MYOD/E2-2"
"MDM4","PTPN1","ANLN"
"MDM4","PTPRC","ANLN"
"MDM4","CDK7","ANLN"
"MDM4","SPRED1","ANLN"
"MDM4","RPA2","ANLN"
"MDM4","NEK9","ANLN"
"MDM4","CCNO","ANLN"
"MDM4","CDC25B","ANLN"
"MDM4","CEP192","ANLN"
"MDM4","NR3C1","ANLN"
"MDM4","MDC1","ANLN"
"MDM4","NBN","ANLN"
"MDM4","RAD9A","ANLN"
"MDM4","CDK7","CAV2"
"MDM4","PLK1","CAV2"
"MDM4","AURKB","CAV2"
"MDM4","CDC25A","CAV2"
"MDM4","RPA2","CAV2"
"MDM4","BUB1","CAV2"
"MDM4","RELA","CAV2"
"MDM4","CDK6","CAV2"
"MDM4","NEK6","CAV2"
"MDM4","USP37","CAV2"
"MDM4","PHF8","CAV2"
"MDM4","MRE11","CAV2"
"MDM4","NBN","CAV2"
"MDM4","RUNX2","CAV2"
"MDM4","RAD9A","CAV2"
"MDM4","HDAC1","CAV2"
"MDM4","TOPBP1","CAV2"
"MDM4","BORA","CAV2"
"MDM4","WAC","CAV2"
"MDM4","DCTN6","CAV2"
"MDM4","ATM","CDC27"
"MDM4","RAF1","CDC27"
"MDM4","CDK4","CDC27"
"MDM4","CDK7","CDC27"
"MDM4","PLK1","CDC27"
"MDM4","CHEK1","CDC27"
"MDM4","CDC25A","CDC27"
"MDM4","CyclinB/CDK1","CDC27"
"MDM4","SPRED1","CDC27"
"MDM4","HDAC3","CDC27"
"MDM4","AMBRA1","CDC27"
"MDM4","DAXX","CDC27"
"MDM4","NR3C1","CDC27"
"MDM4","MRE11","CDC27"
"MDM4","BORA","CDC27"
"MDM4","ATM","USP7"
"MDM4","AURKA","USP7"
"MDM4","PTPRC","USP7"
"MDM4","PLK1","USP7"
"MDM4","HDAC3","USP7"
"MDM4","HASPIN","USP7"
"MDM4","CDK6","USP7"
"MDM4","CDC25C","USP7"
"MDM4","INCENP","USP7"
"MDM4","CDC25B","USP7"
"MDM4","NR3C1","USP7"
"MDM4","TNFAIP1","USP7"
"MDM4","PHF8","USP7"
"MDM4","RUNX1","USP7"
"MDM4","MDC1","USP7"
"MDM4","RUNX2","USP7"
"MDM4","RAD9A","USP7"
"MDM4","HDAC1","USP7"
"MDM4","TOPBP1","USP7"
"MDM4","DCTN6","USP7"
"MDM4","CTNNB1","ACE"
"MDM4","ATM","ACE"
"MDM4","RAF1","ACE"
"MDM4","CDK4","ACE"
"MDM4","PTPRC","ACE"
"MDM4","CDK7","ACE"
"MDM4","PLK1","ACE"
"MDM4","RPS6KB1","ACE"
"MDM4","AURKB","ACE"
"MDM4","CyclinB/CDK1","ACE"
"MDM4","CSNK2B","ACE"
"MDM4","RPA2","ACE"
"MDM4","NEK9","ACE"
"MDM4","CDK6","ACE"
"MDM4","CDC25B","ACE"
"MDM4","NEK6","ACE"
"MDM4","USP37","ACE"
"MDM4","AMBRA1","ACE"
"MDM4","CEP192","ACE"
"MDM4","DAXX","ACE"
"MDM4","RUNX1","ACE"
"MDM4","WDCP","ACE"
"MDM4","NBN","ACE"
"MDM4","RAD9A","ACE"
"MDM4","DCTN6","ACE"
"MDM4","ATM","NPAT"
"MDM4","PLK1","NPAT"
"MDM4","RPS6KB1","NPAT"
"MDM4","CDC25C","NPAT"
"MDM4","INCENP","NPAT"
"MDM4","NR3C1","NPAT"
"MDM4","H2AX","NPAT"
"MDM4","PHF8","NPAT"
"MDM4","RUNX1","NPAT"
"MDM4","WDCP","NPAT"
"MDM4","TOPBP1","NPAT"
"MDM4","PTPN1","ATXN3"
"MDM4","PTPRC","ATXN3"
"MDM4","CDK7","ATXN3"
"MDM4","AURKB","ATXN3"
"MDM4","CDC25A","ATXN3"
"MDM4","CyclinB/CDK1","ATXN3"
"MDM4","CyclinE/CDK2","ATXN3"
"MDM4","CSNK2B","ATXN3"
"MDM4","BUB1","ATXN3"
"MDM4","CDC25C","ATXN3"
"MDM4","INCENP","ATXN3"
"MDM4","AMBRA1","ATXN3"
"MDM4","DAXX","ATXN3"
"MDM4","TNFAIP1","ATXN3"
"MDM4","HDAC1","ATXN3"
"MDM4","BORA","ATXN3"
"MDM4","WAC","ATXN3"
"MDM4","DCTN6","ATXN3"
"MDM4","FMNL2","ATXN3"
"MDM4","RGCC","ATXN3"
"MDM4","CTNNB1","EIF2S2"
"MDM4","CDK7","EIF2S2"
"MDM4","CHEK1","EIF2S2"
"MDM4","CyclinE/CDK2","EIF2S2"
"MDM4","CSNK2B","EIF2S2"
"MDM4","SPRED1","EIF2S2"
"MDM4","CCNO","EIF2S2"
"MDM4","RELA","EIF2S2"
"MDM4","PHF8","EIF2S2"
"MDM4","RUNX1","EIF2S2"
"MDM4","WDCP","EIF2S2"
"MDM4","MRE11","EIF2S2"
"MDM4","NBN","EIF2S2"
"MDM4","RUNX2","EIF2S2"
"MDM4","RAD9A","EIF2S2"
"MDM4","HDAC1","EIF2S2"
"MDM4","RGCC","EIF2S2"
"MDM4","CTNNB1","PGM1"
"MDM4","RAF1","PGM1"
"MDM4","CDK4","PGM1"
"MDM4","PLK1","PGM1"
"MDM4","RPS6KB1","PGM1"
"MDM4","CDK2","PGM1"
"MDM4","CyclinB/CDK1","PGM1"
"MDM4","RPA2","PGM1"
"MDM4","INCENP","PGM1"
"MDM4","NEK6","PGM1"
"MDM4","USP37","PGM1"
"MDM4","TNFAIP1","PGM1"
"MDM4","PHF8","PGM1"
"MDM4","MRE11","PGM1"
"MDM4","HDAC1","PGM1"
"MDM4","BORA","PGM1"
"MDM4","WAC","PGM1"
"MDM4","CDK1","TEAD2"
"MDM4","CDK4","MYOD/E12E47"
"MDM4","CHEK1","MYOD/E12E47"
"MDM4","CDC25A","MYOD/E12E47"
"MDM4","CyclinB/CDK1","MYOD/E12E47"
"MDM4","BUB1","MYOD/E12E47"
"MDM4","NEK9","MYOD/E12E47"
"MDM4","HASPIN","MYOD/E12E47"
"MDM4","CDK6","MYOD/E12E47"
"MDM4","NEK6","MYOD/E12E47"
"MDM4","AMBRA1","MYOD/E12E47"
"MDM4","CEP192","MYOD/E12E47"
"MDM4","TNFAIP1","MYOD/E12E47"
"MDM4","RUNX1","MYOD/E12E47"
"MDM4","ATM","TAL1"
"MDM4","AURKA","TAL1"
"MDM4","CDK4","TAL1"
"MDM4","PTPN1","TAL1"
"MDM4","PTPRC","TAL1"
"MDM4","CDK7","TAL1"
"MDM4","PLK1","TAL1"
"MDM4","CDC25A","TAL1"
"MDM4","CyclinB/CDK1","TAL1"
"MDM4","SPRED1","TAL1"
"MDM4","CCNO","TAL1"
"MDM4","RELA","TAL1"
"MDM4","HASPIN","TAL1"
"MDM4","CDC25B","TAL1"
"MDM4","DAXX","TAL1"
"MDM4","NBN","TAL1"
"MDM4","RAD9A","TAL1"
"MDM4","HDAC1","TAL1"
"MDM4","RGCC","TAL1"
"MDM4","CDK1","CDKN2D"
"MDM4","PTPN1","CDKN2D"
"MDM4","PLK1","CDKN2D"
"MDM4","LCK","CDKN2D"
"MDM4","CHEK1","CDKN2D"
"MDM4","TTK","CDKN2D"
"MDM4","BUB1","CDKN2D"
"MDM4","INCENP","CDKN2D"
"MDM4","NEK6","CDKN2D"
"MDM4","CEP192","CDKN2D"
"MDM4","BORA","CDKN2D"
"MDM4","WAC","CDKN2D"
"MDM4","CTNNB1","EPB41"
"MDM4","ATM","EPB41"
"MDM4","PTPN1","EPB41"
"MDM4","PTPRC","EPB41"
"MDM4","RPS6KB1","EPB41"
"MDM4","BUB1","EPB41"
"MDM4","CCNO","EPB41"
"MDM4","CDC25B","EPB41"
"MDM4","NEK6","EPB41"
"MDM4","USP37","EPB41"
"MDM4","AMBRA1","EPB41"
"MDM4","CEP192","EPB41"
"MDM4","H2AX","EPB41"
"MDM4","WDCP","EPB41"
"MDM4","MRE11","EPB41"
"MDM4","NBN","EPB41"
"MDM4","RAD9A","EPB41"
"MDM4","TOPBP1","EPB41"
"MDM4","WAC","EPB41"
"MDM4","ATM","AMPA"
"MDM4","CDK1","AMPA"
"MDM4","CDK7","AMPA"
"MDM4","PLK1","AMPA"
"MDM4","LCK","AMPA"
"MDM4","CHEK1","AMPA"
"MDM4","AURKB","AMPA"
"MDM4","CDC25A","AMPA"
"MDM4","CyclinB/CDK1","AMPA"
"MDM4","CyclinE/CDK2","AMPA"
"MDM4","TTK","AMPA"
"MDM4","CSNK2B","AMPA"
"MDM4","SPRED1","AMPA"
"MDM4","RPA2","AMPA"
"MDM4","RELA","AMPA"
"MDM4","HASPIN","AMPA"
"MDM4","DAXX","AMPA"
"MDM4","H2AX","AMPA"
"MDM4","WDCP","AMPA"
"MDM4","ATM","NDUFB6"
"MDM4","CDK4","NDUFB6"
"MDM4","CDK1","NDUFB6"
"MDM4","PTPN1","NDUFB6"
"MDM4","CDK2","NDUFB6"
"MDM4","CHEK1","NDUFB6"
"MDM4","TTK","NDUFB6"
"MDM4","RPA2","NDUFB6"
"MDM4","CCNO","NDUFB6"
"MDM4","HDAC3","NDUFB6"
"MDM4","CDC25C","NDUFB6"
"MDM4","CDC25B","NDUFB6"
"MDM4","RAD9A","NDUFB6"
"MDM4","TOPBP1","NDUFB6"
"MDM4","BORA","NDUFB6"
"MDM4","WAC","NDUFB6"
"MDM4","DCTN6","NDUFB6"
"MDM4","FMNL2","NDUFB6"
"MDM4","CDK4","NDUFV1"
"MDM4","CDK1","NDUFV1"
"MDM4","CDK7","NDUFV1"
"MDM4","PLK1","NDUFV1"
"MDM4","CHEK1","NDUFV1"
"MDM4","CDC25A","NDUFV1"
"MDM4","CyclinB/CDK1","NDUFV1"
"MDM4","SPRED1","NDUFV1"
"MDM4","HDAC3","NDUFV1"
"MDM4","DAXX","NDUFV1"
"MDM4","NR3C1","NDUFV1"
"MDM4","MDC1","NDUFV1"
"MDM4","MRE11","NDUFV1"
"MDM4","HDAC1","NDUFV1"
"MDM4","RGCC","NDUFV1"
"MDM4","CTNNB1","ORC1"
"MDM4","CDK4","ORC1"
"MDM4","LCK","ORC1"
"MDM4","RPA2","ORC1"
"MDM4","BUB1","ORC1"
"MDM4","CDK6","ORC1"
"MDM4","CDC25C","ORC1"
"MDM4","USP37","ORC1"
"MDM4","NR3C1","ORC1"
"MDM4","TNFAIP1","ORC1"
"MDM4","PHF8","ORC1"
"MDM4","MRE11","ORC1"
"MDM4","TOPBP1","ORC1"
"MDM4","PTPN1","RBL1"
"MDM4","PTPRC","RBL1"
"MDM4","TTK","RBL1"
"MDM4","CSNK2B","RBL1"
"MDM4","BUB1","RBL1"
"MDM4","CDC25C","RBL1"
"MDM4","USP37","RBL1"
"MDM4","CEP192","RBL1"
"MDM4","RUNX1","RBL1"
"MDM4","MDC1","RBL1"
"MDM4","NBN","RBL1"
"MDM4","RUNX2","RBL1"
"MDM4","NEK9","DYNC1H1"
"MDM4","USP37","DYNC1H1"
"MDM4","NR3C1","DYNC1H1"
"MDM4","H2AX","DYNC1H1"
"MDM4","RUNX1","DYNC1H1"
"MDM4","MDC1","DYNC1H1"
"MDM4","TOPBP1","DYNC1H1"
"MDM4","BORA","DYNC1H1"
"MDM4","FMNL2","DYNC1H1"
"MDM4","RGCC","DYNC1H1"
"MDM4","RAF1","OTUD5"
"MDM4","PTPN1","OTUD5"
"MDM4","PTPRC","OTUD5"
"MDM4","RPS6KB1","OTUD5"
"MDM4","CyclinB/CDK1","OTUD5"
"MDM4","HASPIN","OTUD5"
"MDM4","CDK6","OTUD5"
"MDM4","TNFAIP1","OTUD5"
"MDM4","PHF8","OTUD5"
"MDM4","MDC1","OTUD5"
"MDM4","MRE11","OTUD5"
"MDM4","BORA","OTUD5"
"MDM4","RGCC","OTUD5"
"MDM4","CDK7","PTTG2"
"MDM4","LCK","PTTG2"
"MDM4","HASPIN","PTTG2"
"MDM4","CDK6","PTTG2"
"MDM4","USP37","PTTG2"
"MDM4","AMBRA1","PTTG2"
"MDM4","H2AX","PTTG2"
"MDM4","PHF8","PTTG2"
"MDM4","RUNX1","PTTG2"
"MDM4","NBN","PTTG2"
"MDM4","RAD9A","PTTG2"
"MDM4","PTPRC","PAX8"
"MDM4","CDK7","PAX8"
"MDM4","PLK1","PAX8"
"MDM4","RPS6KB1","PAX8"
"MDM4","CDK2","PAX8"
"MDM4","CHEK1","PAX8"
"MDM4","AURKB","PAX8"
"MDM4","CDC25A","PAX8"
"MDM4","RPA2","PAX8"
"MDM4","BUB1","PAX8"
"MDM4","NEK9","PAX8"
"MDM4","RELA","PAX8"
"MDM4","HASPIN","PAX8"
"MDM4","CDK6","PAX8"
"MDM4","CDC25C","PAX8"
"MDM4","INCENP","PAX8"
"MDM4","CDC25B","PAX8"
"MDM4","CEP192","PAX8"
"MDM4","NR3C1","PAX8"
"MDM4","TNFAIP1","PAX8"
"MDM4","PHF8","PAX8"
"MDM4","WDCP","PAX8"
"MDM4","MDC1","PAX8"
"MDM4","NBN","PAX8"
"MDM4","RUNX2","PAX8"
"MDM4","RAD9A","PAX8"
"MDM4","TOPBP1","PAX8"
"MDM4","BORA","PAX8"
"MDM4","DCTN6","PAX8"
"MDM4","FMNL2","PAX8"
"MDM4","RGCC","PAX8"
"MDM4","AURKA","MAD1L1"
"MDM4","CDK4","MAD1L1"
"MDM4","PTPN1","MAD1L1"
"MDM4","CHEK1","MAD1L1"
"MDM4","AURKB","MAD1L1"
"MDM4","TTK","MAD1L1"
"MDM4","CSNK2B","MAD1L1"
"MDM4","CCNO","MAD1L1"
"MDM4","AMBRA1","MAD1L1"
"MDM4","DAXX","MAD1L1"
"MDM4","DCTN6","MAD1L1"
"MDM4","PTPRC","TNPO1"
"MDM4","CDC25A","TNPO1"
"MDM4","CyclinB/CDK1","TNPO1"
"MDM4","TTK","TNPO1"
"MDM4","RPA2","TNPO1"
"MDM4","RELA","TNPO1"
"MDM4","HASPIN","TNPO1"
"MDM4","CDC25C","TNPO1"
"MDM4","PHF8","TNPO1"
"MDM4","RUNX1","TNPO1"
"MDM4","WDCP","TNPO1"
"MDM4","MDC1","TNPO1"
"MDM4","NBN","TNPO1"
"MDM4","RUNX2","TNPO1"
"MDM4","WAC","TNPO1"
"MDM4","RGCC","TNPO1"
"MDM4","CTNNB1","STX1A"
"MDM4","AURKA","STX1A"
"MDM4","RAF1","STX1A"
"MDM4","CDK7","STX1A"
"MDM4","LCK","STX1A"
"MDM4","RELA","STX1A"
"MDM4","CDK6","STX1A"
"MDM4","CDC25C","STX1A"
"MDM4","INCENP","STX1A"
"MDM4","CDC25B","STX1A"
"MDM4","NEK6","STX1A"
"MDM4","TNFAIP1","STX1A"
"MDM4","MRE11","STX1A"
"MDM4","RAD9A","STX1A"
"MDM4","BORA","STX1A"
"MDM4","WAC","STX1A"
"MDM4","CTNNB1","EIF3J"
"MDM4","AURKA","EIF3J"
"MDM4","TTK","EIF3J"
"MDM4","CSNK2B","EIF3J"
"MDM4","RPA2","EIF3J"
"MDM4","BUB1","EIF3J"
"MDM4","NEK9","EIF3J"
"MDM4","CCNO","EIF3J"
"MDM4","HDAC3","EIF3J"
"MDM4","CDC25B","EIF3J"
"MDM4","NEK6","EIF3J"
"MDM4","CEP192","EIF3J"
"MDM4","DAXX","EIF3J"
"MDM4","PHF8","EIF3J"
"MDM4","WDCP","EIF3J"
"MDM4","MDC1","EIF3J"
"MDM4","RAD9A","EIF3J"
"MDM4","DCTN6","EIF3J"
"MDM4","CDK7","LIN9"
"MDM4","PLK1","LIN9"
"MDM4","CDC25A","LIN9"
"MDM4","CyclinB/CDK1","LIN9"
"MDM4","RPA2","LIN9"
"MDM4","BUB1","LIN9"
"MDM4","RELA","LIN9"
"MDM4","CDK6","LIN9"
"MDM4","CDC25C","LIN9"
"MDM4","USP37","LIN9"
"MDM4","CEP192","LIN9"
"MDM4","TNFAIP1","LIN9"
"MDM4","TOPBP1","LIN9"
"MDM4","WAC","LIN9"
"MDM4","DCTN6","LIN9"
"MDM4","FMNL2","LIN9"
"MDM4","RGCC","LIN9"
"MDM4","CTNNB1","ANAPC1"
"MDM4","ATM","ANAPC1"
"MDM4","AURKA","ANAPC1"
"MDM4","PLK1","ANAPC1"
"MDM4","LCK","ANAPC1"
"MDM4","CDC25A","ANAPC1"
"MDM4","CSNK2B","ANAPC1"
"MDM4","RPA2","ANAPC1"
"MDM4","BUB1","ANAPC1"
"MDM4","RELA","ANAPC1"
"MDM4","CDK6","ANAPC1"
"MDM4","WDCP","ANAPC1"
"MDM4","MRE11","ANAPC1"
"MDM4","RUNX2","ANAPC1"
"MDM4","RAD9A","ANAPC1"
"MDM4","HDAC1","ANAPC1"
"MDM4","TOPBP1","ANAPC1"
"MDM4","BORA","ANAPC1"
"MDM4","ATM","NDUFS2"
"MDM4","AURKA","NDUFS2"
"MDM4","PTPN1","NDUFS2"
"MDM4","LCK","NDUFS2"
"MDM4","CDK2","NDUFS2"
"MDM4","CHEK1","NDUFS2"
"MDM4","CyclinE/CDK2","NDUFS2"
"MDM4","BUB1","NDUFS2"
"MDM4","CDC25B","NDUFS2"
"MDM4","USP37","NDUFS2"
"MDM4","AMBRA1","NDUFS2"
"MDM4","PHF8","NDUFS2"
"MDM4","RUNX1","NDUFS2"
"MDM4","MRE11","NDUFS2"
"MDM4","NBN","NDUFS2"
"MDM4","TOPBP1","NDUFS2"
"MDM4","WAC","NDUFS2"
"MDM4","DCTN6","NDUFS2"
"MDM4","ATM","NDUFV3"
"MDM4","PTPN1","NDUFV3"
"MDM4","CyclinE/CDK2","NDUFV3"
"MDM4","TTK","NDUFV3"
"MDM4","CCNO","NDUFV3"
"MDM4","HDAC3","NDUFV3"
"MDM4","CDC25C","NDUFV3"
"MDM4","USP37","NDUFV3"
"MDM4","CEP192","NDUFV3"
"MDM4","DAXX","NDUFV3"
"MDM4","PHF8","NDUFV3"
"MDM4","NBN","NDUFV3"
"MDM4","RGCC","NDUFV3"
"MDM4","ATM","SLITRK1"
"MDM4","AURKA","SLITRK1"
"MDM4","PLK1","SLITRK1"
"MDM4","LCK","SLITRK1"
"MDM4","AURKB","SLITRK1"
"MDM4","SPRED1","SLITRK1"
"MDM4","RPA2","SLITRK1"
"MDM4","HDAC3","SLITRK1"
"MDM4","INCENP","SLITRK1"
"MDM4","TNFAIP1","SLITRK1"
"MDM4","RUNX1","SLITRK1"
"MDM4","WDCP","SLITRK1"
"MDM4","HDAC1","SLITRK1"
"MDM4","TOPBP1","SLITRK1"
"MDM4","RGCC","SLITRK1"
"MDM4","CTNNB1","PDCL"
"MDM4","CDK4","PDCL"
"MDM4","PTPN1","PDCL"
"MDM4","RPS6KB1","PDCL"
"MDM4","CyclinB/CDK1","PDCL"
"MDM4","CCNO","PDCL"
"MDM4","CDK6","PDCL"
"MDM4","CDC25C","PDCL"
"MDM4","INCENP","PDCL"
"MDM4","CDC25B","PDCL"
"MDM4","NR3C1","PDCL"
"MDM4","H2AX","PDCL"
"MDM4","WDCP","PDCL"
"MDM4","MDC1","PDCL"
"MDM4","RAD9A","PDCL"
"MDM4","HDAC1","PDCL"
"MDM4","DCTN6","PDCL"
"MDM4","PTPRC","TICRR"
"MDM4","CyclinB/CDK1","TICRR"
"MDM4","TTK","TICRR"
"MDM4","RPA2","TICRR"
"MDM4","BUB1","TICRR"
"MDM4","RELA","TICRR"
"MDM4","CDK6","TICRR"
"MDM4","CDC25C","TICRR"
"MDM4","USP37","TICRR"
"MDM4","H2AX","TICRR"
"MDM4","TOPBP1","TICRR"
"MDM4","BORA","TICRR"
"MDM4","ATM","RNF7"
"MDM4","PLK1","RNF7"
"MDM4","RPS6KB1","RNF7"
"MDM4","AURKB","RNF7"
"MDM4","CDC25C","RNF7"
"MDM4","INCENP","RNF7"
"MDM4","USP37","RNF7"
"MDM4","AMBRA1","RNF7"
"MDM4","PHF8","RNF7"
"MDM4","RUNX1","RNF7"
"MDM4","NBN","RNF7"
"MDM4","BORA","RNF7"
"MDM4","PTPN1","XRN2"
"MDM4","PTPRC","XRN2"
"MDM4","CDC25A","XRN2"
"MDM4","CyclinB/CDK1","XRN2"
"MDM4","SPRED1","XRN2"
"MDM4","CCNO","XRN2"
"MDM4","RELA","XRN2"
"MDM4","HASPIN","XRN2"
"MDM4","CDC25B","XRN2"
"MDM4","DAXX","XRN2"
"MDM4","NBN","XRN2"
"MDM4","RAD9A","XRN2"
"MDM4","HDAC1","XRN2"
"MDM4","RGCC","XRN2"
"MDM4","CTNNB1","CERS5"
"MDM4","RAF1","CERS5"
"MDM4","CDK4","CERS5"
"MDM4","RPS6KB1","CERS5"
"MDM4","CDK2","CERS5"
"MDM4","CyclinB/CDK1","CERS5"
"MDM4","RPA2","CERS5"
"MDM4","INCENP","CERS5"
"MDM4","NEK6","CERS5"
"MDM4","USP37","CERS5"
"MDM4","WDCP","CERS5"
"MDM4","MDC1","CERS5"
"MDM4","NBN","CERS5"
"MDM4","RUNX2","CERS5"
"MDM4","BORA","CERS5"
"MDM4","FMNL2","CERS5"
"MDM4","RGCC","CERS5"
"MDM4","ATM","CERS6"
"MDM4","CDK7","CERS6"
"MDM4","CHEK1","CERS6"
"MDM4","CDC25A","CERS6"
"MDM4","BUB1","CERS6"
"MDM4","CDC25B","CERS6"
"MDM4","H2AX","CERS6"
"MDM4","TNFAIP1","CERS6"
"MDM4","MDC1","CERS6"
"MDM4","MRE11","CERS6"
"MDM4","HDAC1","CERS6"
"MDM4","TOPBP1","CERS6"
"MDM4","FMNL2","CERS6"
"MDM4","PLK1","ABCC1"
"MDM4","RPS6KB1","ABCC1"
"MDM4","TTK","ABCC1"
"MDM4","CSNK2B","ABCC1"
"MDM4","NEK9","ABCC1"
"MDM4","HASPIN","ABCC1"
"MDM4","CDC25C","ABCC1"
"MDM4","INCENP","ABCC1"
"MDM4","AMBRA1","ABCC1"
"MDM4","TNFAIP1","ABCC1"
"MDM4","BORA","ABCC1"
"MDM4","WAC","ABCC1"
"MDM4","ATM","PSIP1"
"MDM4","RAF1","PSIP1"
"MDM4","PTPN1","PSIP1"
"MDM4","PTPRC","PSIP1"
"MDM4","CDK7","PSIP1"
"MDM4","CyclinB/CDK1","PSIP1"
"MDM4","CSNK2B","PSIP1"
"MDM4","SPRED1","PSIP1"
"MDM4","BUB1","PSIP1"
"MDM4","HDAC3","PSIP1"
"MDM4","RELA","PSIP1"
"MDM4","USP37","PSIP1"
"MDM4","AMBRA1","PSIP1"
"MDM4","H2AX","PSIP1"
"MDM4","MDC1","PSIP1"
"MDM4","NBN","PSIP1"
"MDM4","RUNX2","PSIP1"
"MDM4","TOPBP1","PSIP1"
"MDM4","WAC","PSIP1"
"MDM4","ATM","DNA polymerase epsilon"
"MDM4","CDK1","DNA polymerase epsilon"
"MDM4","PTPRC","DNA polymerase epsilon"
"MDM4","CDK7","DNA polymerase epsilon"
"MDM4","CDK2","DNA polymerase epsilon"
"MDM4","AURKB","DNA polymerase epsilon"
"MDM4","CDC25C","DNA polymerase epsilon"
"MDM4","INCENP","DNA polymerase epsilon"
"MDM4","NEK6","DNA polymerase epsilon"
"MDM4","USP37","DNA polymerase epsilon"
"MDM4","AMBRA1","DNA polymerase epsilon"
"MDM4","CEP192","DNA polymerase epsilon"
"MDM4","DAXX","DNA polymerase epsilon"
"MDM4","WDCP","DNA polymerase epsilon"
"MDM4","MDC1","DNA polymerase epsilon"
"MDM4","MRE11","DNA polymerase epsilon"
"MDM4","NBN","DNA polymerase epsilon"
"MDM4","RUNX2","DNA polymerase epsilon"
"MDM4","RAD9A","DNA polymerase epsilon"
"MDM4","HDAC1","DNA polymerase epsilon"
"MDM4","TOPBP1","DNA polymerase epsilon"
"MDM4","BORA","DNA polymerase epsilon"
"MDM4","WAC","DNA polymerase epsilon"
"MDM4","DCTN6","DNA polymerase epsilon"
"MDM4","FMNL2","DNA polymerase epsilon"
"MDM4","RGCC","DNA polymerase epsilon"
"MDM4","CTNNB1","USP16"
"MDM4","ATM","USP16"
"MDM4","AURKA","USP16"
"MDM4","RAF1","USP16"
"MDM4","CDK4","USP16"
"MDM4","PTPN1","USP16"
"MDM4","PTPRC","USP16"
"MDM4","CDK7","USP16"
"MDM4","PLK1","USP16"
"MDM4","LCK","USP16"
"MDM4","RPS6KB1","USP16"
"MDM4","CDK2","USP16"
"MDM4","CHEK1","USP16"
"MDM4","AURKB","USP16"
"MDM4","CDC25A","USP16"
"MDM4","CyclinB/CDK1","USP16"
"MDM4","CyclinE/CDK2","USP16"
"MDM4","TTK","USP16"
"MDM4","CSNK2B","USP16"
"MDM4","SPRED1","USP16"
"MDM4","RPA2","USP16"
"MDM4","BUB1","USP16"
"MDM4","NEK9","USP16"
"MDM4","CCNO","USP16"
"MDM4","HDAC3","USP16"
"MDM4","RELA","USP16"
"MDM4","HASPIN","USP16"
"MDM4","CDK6","USP16"
"MDM4","CDC25C","USP16"
"MDM4","INCENP","USP16"
"MDM4","CDC25B","USP16"
"MDM4","NEK6","USP16"
"MDM4","USP37","USP16"
"MDM4","AMBRA1","USP16"
"MDM4","CEP192","USP16"
"MDM4","DAXX","USP16"
"MDM4","NR3C1","USP16"
"MDM4","H2AX","USP16"
"MDM4","TNFAIP1","USP16"
"MDM4","PHF8","USP16"
"MDM4","RUNX1","USP16"
"MDM4","WDCP","USP16"
"MDM4","MDC1","USP16"
"MDM4","MRE11","USP16"
"MDM4","NBN","USP16"
"MDM4","RUNX2","USP16"
"MDM4","RAD9A","USP16"
"MDM4","HDAC1","USP16"
"MDM4","TOPBP1","USP16"
"MDM4","BORA","USP16"
"MDM4","WAC","USP16"
"MDM4","DCTN6","USP16"
"MDM4","FMNL2","USP16"
"MDM4","RGCC","USP16"
"MDM4","CTNNB1","PYG"
"MDM4","ATM","PYG"
"MDM4","AURKA","PYG"
"MDM4","RAF1","PYG"
"MDM4","CDK4","PYG"
"MDM4","CDK1","PYG"
"MDM4","PTPN1","PYG"
"MDM4","PTPRC","PYG"
"MDM4","CDK7","PYG"
"MDM4","PLK1","PYG"
"MDM4","LCK","PYG"
"MDM4","RPS6KB1","PYG"
"MDM4","CDK2","PYG"
"MDM4","CHEK1","PYG"
"MDM4","AURKB","PYG"
"MDM4","CDC25A","PYG"
"MDM4","CyclinB/CDK1","PYG"
"MDM4","CyclinE/CDK2","PYG"
"MDM4","TTK","PYG"
"MDM4","CSNK2B","PYG"
"MDM4","SPRED1","PYG"
"MDM4","RPA2","PYG"
"MDM4","BUB1","PYG"
"MDM4","NEK9","PYG"
"MDM4","CCNO","PYG"
"MDM4","HDAC3","PYG"
"MDM4","RELA","PYG"
"MDM4","HASPIN","PYG"
"MDM4","CDK6","PYG"
"MDM4","CDC25C","PYG"
"MDM4","INCENP","PYG"
"MDM4","CDC25B","PYG"
"MDM4","NEK6","PYG"
"MDM4","USP37","PYG"
"MDM4","AMBRA1","PYG"
"MDM4","CEP192","PYG"
"MDM4","DAXX","PYG"
"MDM4","NR3C1","PYG"
"MDM4","H2AX","PYG"
"MDM4","TNFAIP1","PYG"
"MDM4","PHF8","PYG"
"MDM4","RUNX1","PYG"
"MDM4","WDCP","PYG"
"MDM4","MDC1","PYG"
"MDM4","MRE11","PYG"
"MDM4","NBN","PYG"
"MDM4","RUNX2","PYG"
"MDM4","RAD9A","PYG"
"MDM4","HDAC1","PYG"
"MDM4","TOPBP1","PYG"
"MDM4","BORA","PYG"
"MDM4","WAC","PYG"
"MDM4","DCTN6","PYG"
"MDM4","FMNL2","PYG"
"MDM4","RGCC","PYG"
"MDM4","CTNNB1","MYOD/HEB"
"MDM4","ATM","MYOD/HEB"
"MDM4","AURKA","MYOD/HEB"
"MDM4","RAF1","MYOD/HEB"
"MDM4","CDK4","MYOD/HEB"
"MDM4","CDK1","MYOD/HEB"
"MDM4","PTPN1","MYOD/HEB"
"MDM4","PTPRC","MYOD/HEB"
"MDM4","CDK7","MYOD/HEB"
"MDM4","PLK1","MYOD/HEB"
"MDM4","LCK","MYOD/HEB"
"MDM4","RPS6KB1","MYOD/HEB"
"MDM4","CDK2","MYOD/HEB"
"MDM4","CHEK1","MYOD/HEB"
"MDM4","AURKB","MYOD/HEB"
"MDM4","CDC25A","MYOD/HEB"
"MDM4","CyclinB/CDK1","MYOD/HEB"
"MDM4","CyclinE/CDK2","MYOD/HEB"
"MDM4","TTK","MYOD/HEB"
"MDM4","CSNK2B","MYOD/HEB"
"MDM4","SPRED1","MYOD/HEB"
"MDM4","RPA2","MYOD/HEB"
"MDM4","BUB1","MYOD/HEB"
"MDM4","NEK9","MYOD/HEB"
"MDM4","CCNO","MYOD/HEB"
"MDM4","HDAC3","MYOD/HEB"
"MDM4","RELA","MYOD/HEB"
"MDM4","HASPIN","MYOD/HEB"
"MDM4","CDK6","MYOD/HEB"
"MDM4","CDC25C","MYOD/HEB"
"MDM4","INCENP","MYOD/HEB"
"MDM4","CDC25B","MYOD/HEB"
"MDM4","NEK6","MYOD/HEB"
"MDM4","USP37","MYOD/HEB"
"MDM4","AMBRA1","MYOD/HEB"
"MDM4","CEP192","MYOD/HEB"
"MDM4","DAXX","MYOD/HEB"
"MDM4","NR3C1","MYOD/HEB"
"MDM4","H2AX","MYOD/HEB"
"MDM4","TNFAIP1","MYOD/HEB"
"MDM4","PHF8","MYOD/HEB"
"MDM4","RUNX1","MYOD/HEB"
"MDM4","WDCP","MYOD/HEB"
"MDM4","MDC1","MYOD/HEB"
"MDM4","MRE11","MYOD/HEB"
"MDM4","NBN","MYOD/HEB"
"MDM4","RUNX2","MYOD/HEB"
"MDM4","RAD9A","MYOD/HEB"
"MDM4","HDAC1","MYOD/HEB"
"MDM4","TOPBP1","MYOD/HEB"
"MDM4","BORA","MYOD/HEB"
"MDM4","WAC","MYOD/HEB"
"MDM4","DCTN6","MYOD/HEB"
"MDM4","FMNL2","MYOD/HEB"
"MDM4","RGCC","MYOD/HEB"
"MDM4","CTNNB1","PLEKHG6"
"MDM4","ATM","PLEKHG6"
"MDM4","AURKA","PLEKHG6"
"MDM4","RAF1","PLEKHG6"
"MDM4","CDK4","PLEKHG6"
"MDM4","PTPN1","PLEKHG6"
"MDM4","PTPRC","PLEKHG6"
"MDM4","CDK7","PLEKHG6"
"MDM4","LCK","PLEKHG6"
"MDM4","RPS6KB1","PLEKHG6"
"MDM4","CDK2","PLEKHG6"
"MDM4","CHEK1","PLEKHG6"
"MDM4","AURKB","PLEKHG6"
"MDM4","CDC25A","PLEKHG6"
"MDM4","CyclinB/CDK1","PLEKHG6"
"MDM4","CyclinE/CDK2","PLEKHG6"
"MDM4","TTK","PLEKHG6"
"MDM4","CSNK2B","PLEKHG6"
"MDM4","SPRED1","PLEKHG6"
"MDM4","RPA2","PLEKHG6"
"MDM4","BUB1","PLEKHG6"
"MDM4","NEK9","PLEKHG6"
"MDM4","CCNO","PLEKHG6"
"MDM4","HDAC3","PLEKHG6"
"MDM4","RELA","PLEKHG6"
"MDM4","HASPIN","PLEKHG6"
"MDM4","CDK6","PLEKHG6"
"MDM4","CDC25C","PLEKHG6"
"MDM4","INCENP","PLEKHG6"
"MDM4","CDC25B","PLEKHG6"
"MDM4","NEK6","PLEKHG6"
"MDM4","USP37","PLEKHG6"
"MDM4","AMBRA1","PLEKHG6"
"MDM4","CEP192","PLEKHG6"
"MDM4","DAXX","PLEKHG6"
"MDM4","NR3C1","PLEKHG6"
"MDM4","H2AX","PLEKHG6"
"MDM4","TNFAIP1","PLEKHG6"
"MDM4","PHF8","PLEKHG6"
"MDM4","RUNX1","PLEKHG6"
"MDM4","WDCP","PLEKHG6"
"MDM4","MDC1","PLEKHG6"
"MDM4","MRE11","PLEKHG6"
"MDM4","NBN","PLEKHG6"
"MDM4","RUNX2","PLEKHG6"
"MDM4","RAD9A","PLEKHG6"
"MDM4","HDAC1","PLEKHG6"
"MDM4","TOPBP1","PLEKHG6"
"MDM4","BORA","PLEKHG6"
"MDM4","WAC","PLEKHG6"
"MDM4","DCTN6","PLEKHG6"
"MDM4","FMNL2","PLEKHG6"
"MDM4","RGCC","PLEKHG6"
"MDM4","CTNNB1","PAX6"
"MDM4","ATM","PAX6"
"MDM4","AURKA","PAX6"
"MDM4","RAF1","PAX6"
"MDM4","CDK4","PAX6"
"MDM4","CDK1","PAX6"
"MDM4","PTPN1","PAX6"
"MDM4","PTPRC","PAX6"
"MDM4","CDK7","PAX6"
"MDM4","PLK1","PAX6"
"MDM4","LCK","PAX6"
"MDM4","RPS6KB1","PAX6"
"MDM4","CDK2","PAX6"
"MDM4","CHEK1","PAX6"
"MDM4","AURKB","PAX6"
"MDM4","CDC25A","PAX6"
"MDM4","CyclinB/CDK1","PAX6"
"MDM4","CyclinE/CDK2","PAX6"
"MDM4","TTK","PAX6"
"MDM4","CSNK2B","PAX6"
"MDM4","SPRED1","PAX6"
"MDM4","RPA2","PAX6"
"MDM4","BUB1","PAX6"
"MDM4","NEK9","PAX6"
"MDM4","CCNO","PAX6"
"MDM4","HDAC3","PAX6"
"MDM4","RELA","PAX6"
"MDM4","HASPIN","PAX6"
"MDM4","CDK6","PAX6"
"MDM4","CDC25C","PAX6"
"MDM4","INCENP","PAX6"
"MDM4","CDC25B","PAX6"
"MDM4","NEK6","PAX6"
"MDM4","USP37","PAX6"
"MDM4","AMBRA1","PAX6"
"MDM4","CEP192","PAX6"
"MDM4","DAXX","PAX6"
"MDM4","NR3C1","PAX6"
"MDM4","H2AX","PAX6"
"MDM4","TNFAIP1","PAX6"
"MDM4","PHF8","PAX6"
"MDM4","RUNX1","PAX6"
"MDM4","WDCP","PAX6"
"MDM4","MDC1","PAX6"
"MDM4","MRE11","PAX6"
"MDM4","NBN","PAX6"
"MDM4","RUNX2","PAX6"
"MDM4","RAD9A","PAX6"
"MDM4","HDAC1","PAX6"
"MDM4","TOPBP1","PAX6"
"MDM4","BORA","PAX6"
"MDM4","WAC","PAX6"
"MDM4","DCTN6","PAX6"
"MDM4","FMNL2","PAX6"
"MDM4","RGCC","PAX6"
"MDM4","CTNNB1","ODF2"
"MDM4","ATM","ODF2"
"MDM4","AURKA","ODF2"
"MDM4","RAF1","ODF2"
"MDM4","CDK4","ODF2"
"MDM4","PTPN1","ODF2"
"MDM4","PTPRC","ODF2"
"MDM4","CDK7","ODF2"
"MDM4","PLK1","ODF2"
"MDM4","LCK","ODF2"
"MDM4","RPS6KB1","ODF2"
"MDM4","CDK2","ODF2"
"MDM4","CHEK1","ODF2"
"MDM4","AURKB","ODF2"
"MDM4","CDC25A","ODF2"
"MDM4","CyclinB/CDK1","ODF2"
"MDM4","CyclinE/CDK2","ODF2"
"MDM4","TTK","ODF2"
"MDM4","CSNK2B","ODF2"
"MDM4","SPRED1","ODF2"
"MDM4","RPA2","ODF2"
"MDM4","BUB1","ODF2"
"MDM4","NEK9","ODF2"
"MDM4","CCNO","ODF2"
"MDM4","HDAC3","ODF2"
"MDM4","RELA","ODF2"
"MDM4","HASPIN","ODF2"
"MDM4","CDK6","ODF2"
"MDM4","CDC25C","ODF2"
"MDM4","INCENP","ODF2"
"MDM4","CDC25B","ODF2"
"MDM4","NEK6","ODF2"
"MDM4","USP37","ODF2"
"MDM4","AMBRA1","ODF2"
"MDM4","CEP192","ODF2"
"MDM4","DAXX","ODF2"
"MDM4","NR3C1","ODF2"
"MDM4","H2AX","ODF2"
"MDM4","TNFAIP1","ODF2"
"MDM4","PHF8","ODF2"
"MDM4","RUNX1","ODF2"
"MDM4","WDCP","ODF2"
"MDM4","MDC1","ODF2"
"MDM4","MRE11","ODF2"
"MDM4","NBN","ODF2"
"MDM4","RUNX2","ODF2"
"MDM4","RAD9A","ODF2"
"MDM4","HDAC1","ODF2"
"MDM4","TOPBP1","ODF2"
"MDM4","BORA","ODF2"
"MDM4","WAC","ODF2"
"MDM4","DCTN6","ODF2"
"MDM4","FMNL2","ODF2"
"MDM4","RGCC","ODF2"
"MDM4","CTNNB1","MCM7"
"MDM4","ATM","MCM7"
"MDM4","AURKA","MCM7"
"MDM4","RAF1","MCM7"
"MDM4","CDK4","MCM7"
"MDM4","CDK1","MCM7"
"MDM4","PTPN1","MCM7"
"MDM4","PTPRC","MCM7"
"MDM4","CDK7","MCM7"
"MDM4","PLK1","MCM7"
"MDM4","LCK","MCM7"
"MDM4","RPS6KB1","MCM7"
"MDM4","CDK2","MCM7"
"MDM4","CHEK1","MCM7"
"MDM4","AURKB","MCM7"
"MDM4","CDC25A","MCM7"
"MDM4","CyclinB/CDK1","MCM7"
"MDM4","CyclinE/CDK2","MCM7"
"MDM4","TTK","MCM7"
"MDM4","CSNK2B","MCM7"
"MDM4","SPRED1","MCM7"
"MDM4","RPA2","MCM7"
"MDM4","BUB1","MCM7"
"MDM4","NEK9","MCM7"
"MDM4","CCNO","MCM7"
"MDM4","HDAC3","MCM7"
"MDM4","RELA","MCM7"
"MDM4","HASPIN","MCM7"
"MDM4","CDK6","MCM7"
"MDM4","CDC25C","MCM7"
"MDM4","INCENP","MCM7"
"MDM4","CDC25B","MCM7"
"MDM4","NEK6","MCM7"
"MDM4","USP37","MCM7"
"MDM4","AMBRA1","MCM7"
"MDM4","CEP192","MCM7"
"MDM4","DAXX","MCM7"
"MDM4","NR3C1","MCM7"
"MDM4","H2AX","MCM7"
"MDM4","TNFAIP1","MCM7"
"MDM4","PHF8","MCM7"
"MDM4","RUNX1","MCM7"
"MDM4","WDCP","MCM7"
"MDM4","MDC1","MCM7"
"MDM4","MRE11","MCM7"
"MDM4","NBN","MCM7"
"MDM4","RUNX2","MCM7"
"MDM4","RAD9A","MCM7"
"MDM4","HDAC1","MCM7"
"MDM4","TOPBP1","MCM7"
"MDM4","BORA","MCM7"
"MDM4","WAC","MCM7"
"MDM4","DCTN6","MCM7"
"MDM4","FMNL2","MCM7"
"MDM4","RGCC","MCM7"
"MDM4","CTNNB1","Cohesin complex"
"MDM4","ATM","Cohesin complex"
"MDM4","AURKA","Cohesin complex"
"MDM4","RAF1","Cohesin complex"
"MDM4","CDK4","Cohesin complex"
"MDM4","PTPN1","Cohesin complex"
"MDM4","PTPRC","Cohesin complex"
"MDM4","CDK7","Cohesin complex"
"MDM4","PLK1","Cohesin complex"
"MDM4","LCK","Cohesin complex"
"MDM4","RPS6KB1","Cohesin complex"
"MDM4","CDK2","Cohesin complex"
"MDM4","CHEK1","Cohesin complex"
"MDM4","AURKB","Cohesin complex"
"MDM4","CDC25A","Cohesin complex"
"MDM4","CyclinB/CDK1","Cohesin complex"
"MDM4","CyclinE/CDK2","Cohesin complex"
"MDM4","TTK","Cohesin complex"
"MDM4","CSNK2B","Cohesin complex"
"MDM4","SPRED1","Cohesin complex"
"MDM4","RPA2","Cohesin complex"
"MDM4","BUB1","Cohesin complex"
"MDM4","NEK9","Cohesin complex"
"MDM4","CCNO","Cohesin complex"
"MDM4","HDAC3","Cohesin complex"
"MDM4","RELA","Cohesin complex"
"MDM4","HASPIN","Cohesin complex"
"MDM4","CDK6","Cohesin complex"
"MDM4","CDC25C","Cohesin complex"
"MDM4","INCENP","Cohesin complex"
"MDM4","CDC25B","Cohesin complex"
"MDM4","NEK6","Cohesin complex"
"MDM4","USP37","Cohesin complex"
"MDM4","AMBRA1","Cohesin complex"
"MDM4","CEP192","Cohesin complex"
"MDM4","DAXX","Cohesin complex"
"MDM4","NR3C1","Cohesin complex"
"MDM4","H2AX","Cohesin complex"
"MDM4","TNFAIP1","Cohesin complex"
"MDM4","PHF8","Cohesin complex"
"MDM4","RUNX1","Cohesin complex"
"MDM4","WDCP","Cohesin complex"
"MDM4","MDC1","Cohesin complex"
"MDM4","MRE11","Cohesin complex"
"MDM4","NBN","Cohesin complex"
"MDM4","RUNX2","Cohesin complex"
"MDM4","RAD9A","Cohesin complex"
"MDM4","HDAC1","Cohesin complex"
"MDM4","TOPBP1","Cohesin complex"
"MDM4","BORA","Cohesin complex"
"MDM4","WAC","Cohesin complex"
"MDM4","DCTN6","Cohesin complex"
"MDM4","FMNL2","Cohesin complex"
"MDM4","RGCC","Cohesin complex"
"MDM4","CTNNB1","SSB"
"MDM4","ATM","SSB"
"MDM4","AURKA","SSB"
"MDM4","RAF1","SSB"
"MDM4","CDK4","SSB"
"MDM4","PTPN1","SSB"
"MDM4","PTPRC","SSB"
"MDM4","CDK7","SSB"
"MDM4","PLK1","SSB"
"MDM4","LCK","SSB"
"MDM4","RPS6KB1","SSB"
"MDM4","CDK2","SSB"
"MDM4","CHEK1","SSB"
"MDM4","AURKB","SSB"
"MDM4","CDC25A","SSB"
"MDM4","CyclinB/CDK1","SSB"
"MDM4","CyclinE/CDK2","SSB"
"MDM4","TTK","SSB"
"MDM4","CSNK2B","SSB"
"MDM4","SPRED1","SSB"
"MDM4","RPA2","SSB"
"MDM4","BUB1","SSB"
"MDM4","NEK9","SSB"
"MDM4","CCNO","SSB"
"MDM4","HDAC3","SSB"
"MDM4","RELA","SSB"
"MDM4","HASPIN","SSB"
"MDM4","CDK6","SSB"
"MDM4","CDC25C","SSB"
"MDM4","INCENP","SSB"
"MDM4","CDC25B","SSB"
"MDM4","NEK6","SSB"
"MDM4","USP37","SSB"
"MDM4","AMBRA1","SSB"
"MDM4","CEP192","SSB"
"MDM4","DAXX","SSB"
"MDM4","NR3C1","SSB"
"MDM4","H2AX","SSB"
"MDM4","TNFAIP1","SSB"
"MDM4","PHF8","SSB"
"MDM4","RUNX1","SSB"
"MDM4","WDCP","SSB"
"MDM4","MDC1","SSB"
"MDM4","MRE11","SSB"
"MDM4","NBN","SSB"
"MDM4","RUNX2","SSB"
"MDM4","RAD9A","SSB"
"MDM4","HDAC1","SSB"
"MDM4","TOPBP1","SSB"
"MDM4","BORA","SSB"
"MDM4","WAC","SSB"
"MDM4","DCTN6","SSB"
"MDM4","FMNL2","SSB"
"MDM4","RGCC","SSB"
"MDM4","CTNNB1","GTSE1"
"MDM4","ATM","GTSE1"
"MDM4","AURKA","GTSE1"
"MDM4","RAF1","GTSE1"
"MDM4","CDK4","GTSE1"
"MDM4","PTPN1","GTSE1"
"MDM4","PTPRC","GTSE1"
"MDM4","CDK7","GTSE1"
"MDM4","LCK","GTSE1"
"MDM4","RPS6KB1","GTSE1"
"MDM4","CDK2","GTSE1"
"MDM4","CHEK1","GTSE1"
"MDM4","AURKB","GTSE1"
"MDM4","CDC25A","GTSE1"
"MDM4","CyclinB/CDK1","GTSE1"
"MDM4","CyclinE/CDK2","GTSE1"
"MDM4","TTK","GTSE1"
"MDM4","CSNK2B","GTSE1"
"MDM4","SPRED1","GTSE1"
"MDM4","RPA2","GTSE1"
"MDM4","BUB1","GTSE1"
"MDM4","NEK9","GTSE1"
"MDM4","CCNO","GTSE1"
"MDM4","HDAC3","GTSE1"
"MDM4","RELA","GTSE1"
"MDM4","HASPIN","GTSE1"
"MDM4","CDK6","GTSE1"
"MDM4","CDC25C","GTSE1"
"MDM4","INCENP","GTSE1"
"MDM4","CDC25B","GTSE1"
"MDM4","NEK6","GTSE1"
"MDM4","USP37","GTSE1"
"MDM4","AMBRA1","GTSE1"
"MDM4","CEP192","GTSE1"
"MDM4","DAXX","GTSE1"
"MDM4","NR3C1","GTSE1"
"MDM4","H2AX","GTSE1"
"MDM4","TNFAIP1","GTSE1"
"MDM4","PHF8","GTSE1"
"MDM4","RUNX1","GTSE1"
"MDM4","WDCP","GTSE1"
"MDM4","MDC1","GTSE1"
"MDM4","MRE11","GTSE1"
"MDM4","NBN","GTSE1"
"MDM4","RUNX2","GTSE1"
"MDM4","RAD9A","GTSE1"
"MDM4","HDAC1","GTSE1"
"MDM4","TOPBP1","GTSE1"
"MDM4","BORA","GTSE1"
"MDM4","WAC","GTSE1"
"MDM4","DCTN6","GTSE1"
"MDM4","FMNL2","GTSE1"
"MDM4","RGCC","GTSE1"
"MDM4","CyclinB/CDK1","TEAD1"
"MDM4","CTNNB1","SVIL"
"MDM4","ATM","SVIL"
"MDM4","AURKA","SVIL"
"MDM4","RAF1","SVIL"
"MDM4","CDK4","SVIL"
"MDM4","PTPN1","SVIL"
"MDM4","PTPRC","SVIL"
"MDM4","CDK7","SVIL"
"MDM4","LCK","SVIL"
"MDM4","RPS6KB1","SVIL"
"MDM4","CDK2","SVIL"
"MDM4","CHEK1","SVIL"
"MDM4","AURKB","SVIL"
"MDM4","CDC25A","SVIL"
"MDM4","CyclinB/CDK1","SVIL"
"MDM4","CyclinE/CDK2","SVIL"
"MDM4","TTK","SVIL"
"MDM4","CSNK2B","SVIL"
"MDM4","SPRED1","SVIL"
"MDM4","RPA2","SVIL"
"MDM4","BUB1","SVIL"
"MDM4","NEK9","SVIL"
"MDM4","CCNO","SVIL"
"MDM4","HDAC3","SVIL"
"MDM4","RELA","SVIL"
"MDM4","HASPIN","SVIL"
"MDM4","CDK6","SVIL"
"MDM4","CDC25C","SVIL"
"MDM4","INCENP","SVIL"
"MDM4","CDC25B","SVIL"
"MDM4","NEK6","SVIL"
"MDM4","USP37","SVIL"
"MDM4","AMBRA1","SVIL"
"MDM4","CEP192","SVIL"
"MDM4","DAXX","SVIL"
"MDM4","NR3C1","SVIL"
"MDM4","H2AX","SVIL"
"MDM4","TNFAIP1","SVIL"
"MDM4","PHF8","SVIL"
"MDM4","RUNX1","SVIL"
"MDM4","WDCP","SVIL"
"MDM4","MDC1","SVIL"
"MDM4","MRE11","SVIL"
"MDM4","NBN","SVIL"
"MDM4","RUNX2","SVIL"
"MDM4","RAD9A","SVIL"
"MDM4","HDAC1","SVIL"
"MDM4","TOPBP1","SVIL"
"MDM4","BORA","SVIL"
"MDM4","WAC","SVIL"
"MDM4","DCTN6","SVIL"
"MDM4","FMNL2","SVIL"
"MDM4","RGCC","SVIL"
"MDM4","CTNNB1","COIL"
"MDM4","ATM","COIL"
"MDM4","AURKA","COIL"
"MDM4","RAF1","COIL"
"MDM4","CDK4","COIL"
"MDM4","CDK1","COIL"
"MDM4","PTPN1","COIL"
"MDM4","PTPRC","COIL"
"MDM4","CDK7","COIL"
"MDM4","PLK1","COIL"
"MDM4","LCK","COIL"
"MDM4","RPS6KB1","COIL"
"MDM4","CDK2","COIL"
"MDM4","CHEK1","COIL"
"MDM4","AURKB","COIL"
"MDM4","CDC25A","COIL"
"MDM4","CyclinB/CDK1","COIL"
"MDM4","CyclinE/CDK2","COIL"
"MDM4","TTK","COIL"
"MDM4","CSNK2B","COIL"
"MDM4","SPRED1","COIL"
"MDM4","RPA2","COIL"
"MDM4","BUB1","COIL"
"MDM4","NEK9","COIL"
"MDM4","CCNO","COIL"
"MDM4","HDAC3","COIL"
"MDM4","RELA","COIL"
"MDM4","HASPIN","COIL"
"MDM4","CDK6","COIL"
"MDM4","CDC25C","COIL"
"MDM4","INCENP","COIL"
"MDM4","CDC25B","COIL"
"MDM4","NEK6","COIL"
"MDM4","USP37","COIL"
"MDM4","AMBRA1","COIL"
"MDM4","CEP192","COIL"
"MDM4","DAXX","COIL"
"MDM4","NR3C1","COIL"
"MDM4","H2AX","COIL"
"MDM4","TNFAIP1","COIL"
"MDM4","PHF8","COIL"
"MDM4","RUNX1","COIL"
"MDM4","WDCP","COIL"
"MDM4","MDC1","COIL"
"MDM4","MRE11","COIL"
"MDM4","NBN","COIL"
"MDM4","RUNX2","COIL"
"MDM4","RAD9A","COIL"
"MDM4","HDAC1","COIL"
"MDM4","TOPBP1","COIL"
"MDM4","BORA","COIL"
"MDM4","WAC","COIL"
"MDM4","DCTN6","COIL"
"MDM4","FMNL2","COIL"
"MDM4","RGCC","COIL"
"MDM4","CTNNB1","KIF20B"
"MDM4","ATM","KIF20B"
"MDM4","AURKA","KIF20B"
"MDM4","RAF1","KIF20B"
"MDM4","CDK4","KIF20B"
"MDM4","PTPN1","KIF20B"
"MDM4","PTPRC","KIF20B"
"MDM4","CDK7","KIF20B"
"MDM4","PLK1","KIF20B"
"MDM4","LCK","KIF20B"
"MDM4","RPS6KB1","KIF20B"
"MDM4","CDK2","KIF20B"
"MDM4","CHEK1","KIF20B"
"MDM4","AURKB","KIF20B"
"MDM4","CDC25A","KIF20B"
"MDM4","CyclinB/CDK1","KIF20B"
"MDM4","CyclinE/CDK2","KIF20B"
"MDM4","TTK","KIF20B"
"MDM4","CSNK2B","KIF20B"
"MDM4","SPRED1","KIF20B"
"MDM4","RPA2","KIF20B"
"MDM4","BUB1","KIF20B"
"MDM4","NEK9","KIF20B"
"MDM4","CCNO","KIF20B"
"MDM4","HDAC3","KIF20B"
"MDM4","RELA","KIF20B"
"MDM4","HASPIN","KIF20B"
"MDM4","CDK6","KIF20B"
"MDM4","CDC25C","KIF20B"
"MDM4","INCENP","KIF20B"
"MDM4","CDC25B","KIF20B"
"MDM4","NEK6","KIF20B"
"MDM4","USP37","KIF20B"
"MDM4","AMBRA1","KIF20B"
"MDM4","CEP192","KIF20B"
"MDM4","DAXX","KIF20B"
"MDM4","NR3C1","KIF20B"
"MDM4","H2AX","KIF20B"
"MDM4","TNFAIP1","KIF20B"
"MDM4","PHF8","KIF20B"
"MDM4","RUNX1","KIF20B"
"MDM4","WDCP","KIF20B"
"MDM4","MDC1","KIF20B"
"MDM4","MRE11","KIF20B"
"MDM4","NBN","KIF20B"
"MDM4","RUNX2","KIF20B"
"MDM4","RAD9A","KIF20B"
"MDM4","HDAC1","KIF20B"
"MDM4","TOPBP1","KIF20B"
"MDM4","BORA","KIF20B"
"MDM4","WAC","KIF20B"
"MDM4","DCTN6","KIF20B"
"MDM4","FMNL2","KIF20B"
"MDM4","RGCC","KIF20B"
"MDM4","CTNNB1","KALRN"
"MDM4","ATM","KALRN"
"MDM4","AURKA","KALRN"
"MDM4","RAF1","KALRN"
"MDM4","CDK4","KALRN"
"MDM4","CDK1","KALRN"
"MDM4","PTPN1","KALRN"
"MDM4","PTPRC","KALRN"
"MDM4","CDK7","KALRN"
"MDM4","PLK1","KALRN"
"MDM4","LCK","KALRN"
"MDM4","RPS6KB1","KALRN"
"MDM4","CDK2","KALRN"
"MDM4","CHEK1","KALRN"
"MDM4","AURKB","KALRN"
"MDM4","CDC25A","KALRN"
"MDM4","CyclinB/CDK1","KALRN"
"MDM4","CyclinE/CDK2","KALRN"
"MDM4","TTK","KALRN"
"MDM4","CSNK2B","KALRN"
"MDM4","SPRED1","KALRN"
"MDM4","RPA2","KALRN"
"MDM4","BUB1","KALRN"
"MDM4","NEK9","KALRN"
"MDM4","CCNO","KALRN"
"MDM4","HDAC3","KALRN"
"MDM4","RELA","KALRN"
"MDM4","HASPIN","KALRN"
"MDM4","CDK6","KALRN"
"MDM4","CDC25C","KALRN"
"MDM4","INCENP","KALRN"
"MDM4","CDC25B","KALRN"
"MDM4","NEK6","KALRN"
"MDM4","USP37","KALRN"
"MDM4","AMBRA1","KALRN"
"MDM4","CEP192","KALRN"
"MDM4","DAXX","KALRN"
"MDM4","NR3C1","KALRN"
"MDM4","H2AX","KALRN"
"MDM4","TNFAIP1","KALRN"
"MDM4","PHF8","KALRN"
"MDM4","RUNX1","KALRN"
"MDM4","WDCP","KALRN"
"MDM4","MDC1","KALRN"
"MDM4","MRE11","KALRN"
"MDM4","NBN","KALRN"
"MDM4","RUNX2","KALRN"
"MDM4","RAD9A","KALRN"
"MDM4","HDAC1","KALRN"
"MDM4","TOPBP1","KALRN"
"MDM4","BORA","KALRN"
"MDM4","WAC","KALRN"
"MDM4","DCTN6","KALRN"
"MDM4","FMNL2","KALRN"
"MDM4","RGCC","KALRN"
"MDM4","CTNNB1","E4F1"
"MDM4","ATM","E4F1"
"MDM4","AURKA","E4F1"
"MDM4","RAF1","E4F1"
"MDM4","CDK4","E4F1"
"MDM4","PTPN1","E4F1"
"MDM4","PTPRC","E4F1"
"MDM4","CDK7","E4F1"
"MDM4","PLK1","E4F1"
"MDM4","LCK","E4F1"
"MDM4","RPS6KB1","E4F1"
"MDM4","CDK2","E4F1"
"MDM4","CHEK1","E4F1"
"MDM4","AURKB","E4F1"
"MDM4","CDC25A","E4F1"
"MDM4","CyclinB/CDK1","E4F1"
"MDM4","CyclinE/CDK2","E4F1"
"MDM4","TTK","E4F1"
"MDM4","CSNK2B","E4F1"
"MDM4","SPRED1","E4F1"
"MDM4","RPA2","E4F1"
"MDM4","BUB1","E4F1"
"MDM4","NEK9","E4F1"
"MDM4","CCNO","E4F1"
"MDM4","HDAC3","E4F1"
"MDM4","RELA","E4F1"
"MDM4","HASPIN","E4F1"
"MDM4","CDK6","E4F1"
"MDM4","CDC25C","E4F1"
"MDM4","INCENP","E4F1"
"MDM4","CDC25B","E4F1"
"MDM4","NEK6","E4F1"
"MDM4","USP37","E4F1"
"MDM4","AMBRA1","E4F1"
"MDM4","CEP192","E4F1"
"MDM4","DAXX","E4F1"
"MDM4","NR3C1","E4F1"
"MDM4","H2AX","E4F1"
"MDM4","TNFAIP1","E4F1"
"MDM4","PHF8","E4F1"
"MDM4","RUNX1","E4F1"
"MDM4","WDCP","E4F1"
"MDM4","MDC1","E4F1"
"MDM4","MRE11","E4F1"
"MDM4","NBN","E4F1"
"MDM4","RUNX2","E4F1"
"MDM4","RAD9A","E4F1"
"MDM4","HDAC1","E4F1"
"MDM4","TOPBP1","E4F1"
"MDM4","BORA","E4F1"
"MDM4","WAC","E4F1"
"MDM4","DCTN6","E4F1"
"MDM4","FMNL2","E4F1"
"MDM4","RGCC","E4F1"
"MDM4","CTNNB1","RIOK2"
"MDM4","ATM","RIOK2"
"MDM4","AURKA","RIOK2"
"MDM4","RAF1","RIOK2"
"MDM4","CDK4","RIOK2"
"MDM4","PTPN1","RIOK2"
"MDM4","PTPRC","RIOK2"
"MDM4","CDK7","RIOK2"
"MDM4","LCK","RIOK2"
"MDM4","RPS6KB1","RIOK2"
"MDM4","CDK2","RIOK2"
"MDM4","CHEK1","RIOK2"
"MDM4","AURKB","RIOK2"
"MDM4","CDC25A","RIOK2"
"MDM4","CyclinB/CDK1","RIOK2"
"MDM4","CyclinE/CDK2","RIOK2"
"MDM4","TTK","RIOK2"
"MDM4","CSNK2B","RIOK2"
"MDM4","SPRED1","RIOK2"
"MDM4","RPA2","RIOK2"
"MDM4","BUB1","RIOK2"
"MDM4","NEK9","RIOK2"
"MDM4","CCNO","RIOK2"
"MDM4","HDAC3","RIOK2"
"MDM4","RELA","RIOK2"
"MDM4","HASPIN","RIOK2"
"MDM4","CDK6","RIOK2"
"MDM4","CDC25C","RIOK2"
"MDM4","INCENP","RIOK2"
"MDM4","CDC25B","RIOK2"
"MDM4","NEK6","RIOK2"
"MDM4","USP37","RIOK2"
"MDM4","AMBRA1","RIOK2"
"MDM4","CEP192","RIOK2"
"MDM4","DAXX","RIOK2"
"MDM4","NR3C1","RIOK2"
"MDM4","H2AX","RIOK2"
"MDM4","TNFAIP1","RIOK2"
"MDM4","PHF8","RIOK2"
"MDM4","RUNX1","RIOK2"
"MDM4","WDCP","RIOK2"
"MDM4","MDC1","RIOK2"
"MDM4","MRE11","RIOK2"
"MDM4","NBN","RIOK2"
"MDM4","RUNX2","RIOK2"
"MDM4","RAD9A","RIOK2"
"MDM4","HDAC1","RIOK2"
"MDM4","TOPBP1","RIOK2"
"MDM4","BORA","RIOK2"
"MDM4","WAC","RIOK2"
"MDM4","DCTN6","RIOK2"
"MDM4","FMNL2","RIOK2"
"MDM4","RGCC","RIOK2"
"MDM4","CTNNB1","CCNA2"
"MDM4","ATM","CCNA2"
"MDM4","AURKA","CCNA2"
"MDM4","RAF1","CCNA2"
"MDM4","CDK4","CCNA2"
"MDM4","CDK1","CCNA2"
"MDM4","PTPN1","CCNA2"
"MDM4","PTPRC","CCNA2"
"MDM4","CDK7","CCNA2"
"MDM4","PLK1","CCNA2"
"MDM4","LCK","CCNA2"
"MDM4","RPS6KB1","CCNA2"
"MDM4","CDK2","CCNA2"
"MDM4","CHEK1","CCNA2"
"MDM4","AURKB","CCNA2"
"MDM4","CDC25A","CCNA2"
"MDM4","CyclinB/CDK1","CCNA2"
"MDM4","CyclinE/CDK2","CCNA2"
"MDM4","TTK","CCNA2"
"MDM4","CSNK2B","CCNA2"
"MDM4","SPRED1","CCNA2"
"MDM4","RPA2","CCNA2"
"MDM4","BUB1","CCNA2"
"MDM4","NEK9","CCNA2"
"MDM4","CCNO","CCNA2"
"MDM4","HDAC3","CCNA2"
"MDM4","RELA","CCNA2"
"MDM4","HASPIN","CCNA2"
"MDM4","CDK6","CCNA2"
"MDM4","CDC25C","CCNA2"
"MDM4","INCENP","CCNA2"
"MDM4","CDC25B","CCNA2"
"MDM4","NEK6","CCNA2"
"MDM4","USP37","CCNA2"
"MDM4","AMBRA1","CCNA2"
"MDM4","CEP192","CCNA2"
"MDM4","DAXX","CCNA2"
"MDM4","NR3C1","CCNA2"
"MDM4","H2AX","CCNA2"
"MDM4","TNFAIP1","CCNA2"
"MDM4","PHF8","CCNA2"
"MDM4","RUNX1","CCNA2"
"MDM4","WDCP","CCNA2"
"MDM4","MDC1","CCNA2"
"MDM4","MRE11","CCNA2"
"MDM4","NBN","CCNA2"
"MDM4","RUNX2","CCNA2"
"MDM4","RAD9A","CCNA2"
"MDM4","HDAC1","CCNA2"
"MDM4","TOPBP1","CCNA2"
"MDM4","BORA","CCNA2"
"MDM4","WAC","CCNA2"
"MDM4","DCTN6","CCNA2"
"MDM4","FMNL2","CCNA2"
"MDM4","RGCC","CCNA2"
"MDM4","CTNNB1","NOL3"
"MDM4","ATM","NOL3"
"MDM4","AURKA","NOL3"
"MDM4","RAF1","NOL3"
"MDM4","CDK4","NOL3"
"MDM4","PTPN1","NOL3"
"MDM4","PTPRC","NOL3"
"MDM4","CDK7","NOL3"
"MDM4","PLK1","NOL3"
"MDM4","LCK","NOL3"
"MDM4","RPS6KB1","NOL3"
"MDM4","CDK2","NOL3"
"MDM4","CHEK1","NOL3"
"MDM4","AURKB","NOL3"
"MDM4","CDC25A","NOL3"
"MDM4","CyclinB/CDK1","NOL3"
"MDM4","CyclinE/CDK2","NOL3"
"MDM4","TTK","NOL3"
"MDM4","CSNK2B","NOL3"
"MDM4","SPRED1","NOL3"
"MDM4","RPA2","NOL3"
"MDM4","BUB1","NOL3"
"MDM4","NEK9","NOL3"
"MDM4","CCNO","NOL3"
"MDM4","HDAC3","NOL3"
"MDM4","RELA","NOL3"
"MDM4","HASPIN","NOL3"
"MDM4","CDK6","NOL3"
"MDM4","CDC25C","NOL3"
"MDM4","INCENP","NOL3"
"MDM4","CDC25B","NOL3"
"MDM4","NEK6","NOL3"
"MDM4","USP37","NOL3"
"MDM4","AMBRA1","NOL3"
"MDM4","CEP192","NOL3"
"MDM4","DAXX","NOL3"
"MDM4","NR3C1","NOL3"
"MDM4","H2AX","NOL3"
"MDM4","TNFAIP1","NOL3"
"MDM4","PHF8","NOL3"
"MDM4","RUNX1","NOL3"
"MDM4","WDCP","NOL3"
"MDM4","MDC1","NOL3"
"MDM4","MRE11","NOL3"
"MDM4","NBN","NOL3"
"MDM4","RUNX2","NOL3"
"MDM4","RAD9A","NOL3"
"MDM4","HDAC1","NOL3"
"MDM4","TOPBP1","NOL3"
"MDM4","BORA","NOL3"
"MDM4","WAC","NOL3"
"MDM4","DCTN6","NOL3"
"MDM4","FMNL2","NOL3"
"MDM4","RGCC","NOL3"
"MDM4","CTNNB1","USP9X"
"MDM4","ATM","USP9X"
"MDM4","AURKA","USP9X"
"MDM4","RAF1","USP9X"
"MDM4","CDK4","USP9X"
"MDM4","CDK1","USP9X"
"MDM4","PTPN1","USP9X"
"MDM4","PTPRC","USP9X"
"MDM4","CDK7","USP9X"
"MDM4","PLK1","USP9X"
"MDM4","LCK","USP9X"
"MDM4","RPS6KB1","USP9X"
"MDM4","CDK2","USP9X"
"MDM4","CHEK1","USP9X"
"MDM4","AURKB","USP9X"
"MDM4","CDC25A","USP9X"
"MDM4","CyclinB/CDK1","USP9X"
"MDM4","CyclinE/CDK2","USP9X"
"MDM4","TTK","USP9X"
"MDM4","CSNK2B","USP9X"
"MDM4","SPRED1","USP9X"
"MDM4","RPA2","USP9X"
"MDM4","BUB1","USP9X"
"MDM4","NEK9","USP9X"
"MDM4","CCNO","USP9X"
"MDM4","HDAC3","USP9X"
"MDM4","RELA","USP9X"
"MDM4","HASPIN","USP9X"
"MDM4","CDK6","USP9X"
"MDM4","CDC25C","USP9X"
"MDM4","INCENP","USP9X"
"MDM4","CDC25B","USP9X"
"MDM4","NEK6","USP9X"
"MDM4","USP37","USP9X"
"MDM4","AMBRA1","USP9X"
"MDM4","CEP192","USP9X"
"MDM4","DAXX","USP9X"
"MDM4","NR3C1","USP9X"
"MDM4","H2AX","USP9X"
"MDM4","TNFAIP1","USP9X"
"MDM4","PHF8","USP9X"
"MDM4","RUNX1","USP9X"
"MDM4","WDCP","USP9X"
"MDM4","MDC1","USP9X"
"MDM4","MRE11","USP9X"
"MDM4","NBN","USP9X"
"MDM4","RUNX2","USP9X"
"MDM4","RAD9A","USP9X"
"MDM4","HDAC1","USP9X"
"MDM4","TOPBP1","USP9X"
"MDM4","BORA","USP9X"
"MDM4","WAC","USP9X"
"MDM4","DCTN6","USP9X"
"MDM4","FMNL2","USP9X"
"MDM4","RGCC","USP9X"
"MDM4","CTNNB1","PFKFB3"
"MDM4","ATM","PFKFB3"
"MDM4","AURKA","PFKFB3"
"MDM4","RAF1","PFKFB3"
"MDM4","CDK4","PFKFB3"
"MDM4","CDK1","PFKFB3"
"MDM4","PTPN1","PFKFB3"
"MDM4","PTPRC","PFKFB3"
"MDM4","CDK7","PFKFB3"
"MDM4","PLK1","PFKFB3"
"MDM4","LCK","PFKFB3"
"MDM4","RPS6KB1","PFKFB3"
"MDM4","CHEK1","PFKFB3"
"MDM4","AURKB","PFKFB3"
"MDM4","CDC25A","PFKFB3"
"MDM4","CyclinB/CDK1","PFKFB3"
"MDM4","CyclinE/CDK2","PFKFB3"
"MDM4","TTK","PFKFB3"
"MDM4","CSNK2B","PFKFB3"
"MDM4","SPRED1","PFKFB3"
"MDM4","RPA2","PFKFB3"
"MDM4","BUB1","PFKFB3"
"MDM4","NEK9","PFKFB3"
"MDM4","CCNO","PFKFB3"
"MDM4","HDAC3","PFKFB3"
"MDM4","RELA","PFKFB3"
"MDM4","HASPIN","PFKFB3"
"MDM4","CDK6","PFKFB3"
"MDM4","CDC25C","PFKFB3"
"MDM4","INCENP","PFKFB3"
"MDM4","CDC25B","PFKFB3"
"MDM4","NEK6","PFKFB3"
"MDM4","USP37","PFKFB3"
"MDM4","AMBRA1","PFKFB3"
"MDM4","CEP192","PFKFB3"
"MDM4","DAXX","PFKFB3"
"MDM4","NR3C1","PFKFB3"
"MDM4","H2AX","PFKFB3"
"MDM4","TNFAIP1","PFKFB3"
"MDM4","PHF8","PFKFB3"
"MDM4","RUNX1","PFKFB3"
"MDM4","WDCP","PFKFB3"
"MDM4","MDC1","PFKFB3"
"MDM4","MRE11","PFKFB3"
"MDM4","NBN","PFKFB3"
"MDM4","RUNX2","PFKFB3"
"MDM4","RAD9A","PFKFB3"
"MDM4","HDAC1","PFKFB3"
"MDM4","TOPBP1","PFKFB3"
"MDM4","BORA","PFKFB3"
"MDM4","WAC","PFKFB3"
"MDM4","DCTN6","PFKFB3"
"MDM4","FMNL2","PFKFB3"
"MDM4","RGCC","PFKFB3"
"MDM4","CTNNB1","KIZ"
"MDM4","ATM","KIZ"
"MDM4","AURKA","KIZ"
"MDM4","RAF1","KIZ"
"MDM4","CDK4","KIZ"
"MDM4","PTPN1","KIZ"
"MDM4","PTPRC","KIZ"
"MDM4","CDK7","KIZ"
"MDM4","LCK","KIZ"
"MDM4","RPS6KB1","KIZ"
"MDM4","CDK2","KIZ"
"MDM4","CHEK1","KIZ"
"MDM4","AURKB","KIZ"
"MDM4","CDC25A","KIZ"
"MDM4","CyclinB/CDK1","KIZ"
"MDM4","CyclinE/CDK2","KIZ"
"MDM4","TTK","KIZ"
"MDM4","CSNK2B","KIZ"
"MDM4","SPRED1","KIZ"
"MDM4","RPA2","KIZ"
"MDM4","BUB1","KIZ"
"MDM4","NEK9","KIZ"
"MDM4","CCNO","KIZ"
"MDM4","HDAC3","KIZ"
"MDM4","RELA","KIZ"
"MDM4","HASPIN","KIZ"
"MDM4","CDK6","KIZ"
"MDM4","CDC25C","KIZ"
"MDM4","INCENP","KIZ"
"MDM4","CDC25B","KIZ"
"MDM4","NEK6","KIZ"
"MDM4","USP37","KIZ"
"MDM4","AMBRA1","KIZ"
"MDM4","CEP192","KIZ"
"MDM4","DAXX","KIZ"
"MDM4","NR3C1","KIZ"
"MDM4","H2AX","KIZ"
"MDM4","TNFAIP1","KIZ"
"MDM4","PHF8","KIZ"
"MDM4","RUNX1","KIZ"
"MDM4","WDCP","KIZ"
"MDM4","MDC1","KIZ"
"MDM4","MRE11","KIZ"
"MDM4","NBN","KIZ"
"MDM4","RUNX2","KIZ"
"MDM4","RAD9A","KIZ"
"MDM4","HDAC1","KIZ"
"MDM4","TOPBP1","KIZ"
"MDM4","BORA","KIZ"
"MDM4","WAC","KIZ"
"MDM4","DCTN6","KIZ"
"MDM4","FMNL2","KIZ"
"MDM4","RGCC","KIZ"
"MDM4","CTNNB1","SNCG"
"MDM4","ATM","SNCG"
"MDM4","AURKA","SNCG"
"MDM4","RAF1","SNCG"
"MDM4","CDK4","SNCG"
"MDM4","CDK1","SNCG"
"MDM4","PTPN1","SNCG"
"MDM4","PTPRC","SNCG"
"MDM4","CDK7","SNCG"
"MDM4","PLK1","SNCG"
"MDM4","LCK","SNCG"
"MDM4","RPS6KB1","SNCG"
"MDM4","CHEK1","SNCG"
"MDM4","AURKB","SNCG"
"MDM4","CDC25A","SNCG"
"MDM4","CyclinB/CDK1","SNCG"
"MDM4","CyclinE/CDK2","SNCG"
"MDM4","TTK","SNCG"
"MDM4","CSNK2B","SNCG"
"MDM4","SPRED1","SNCG"
"MDM4","RPA2","SNCG"
"MDM4","BUB1","SNCG"
"MDM4","NEK9","SNCG"
"MDM4","CCNO","SNCG"
"MDM4","HDAC3","SNCG"
"MDM4","RELA","SNCG"
"MDM4","HASPIN","SNCG"
"MDM4","CDK6","SNCG"
"MDM4","CDC25C","SNCG"
"MDM4","INCENP","SNCG"
"MDM4","CDC25B","SNCG"
"MDM4","NEK6","SNCG"
"MDM4","USP37","SNCG"
"MDM4","AMBRA1","SNCG"
"MDM4","CEP192","SNCG"
"MDM4","DAXX","SNCG"
"MDM4","NR3C1","SNCG"
"MDM4","H2AX","SNCG"
"MDM4","TNFAIP1","SNCG"
"MDM4","PHF8","SNCG"
"MDM4","RUNX1","SNCG"
"MDM4","WDCP","SNCG"
"MDM4","MDC1","SNCG"
"MDM4","MRE11","SNCG"
"MDM4","NBN","SNCG"
"MDM4","RUNX2","SNCG"
"MDM4","RAD9A","SNCG"
"MDM4","HDAC1","SNCG"
"MDM4","TOPBP1","SNCG"
"MDM4","BORA","SNCG"
"MDM4","WAC","SNCG"
"MDM4","DCTN6","SNCG"
"MDM4","FMNL2","SNCG"
"MDM4","RGCC","SNCG"
"MDM4","CDK4","MRE11/RAD50/NBS1"
"MDM4","CTNNB1","PYGL"
"MDM4","ATM","PYGL"
"MDM4","AURKA","PYGL"
"MDM4","RAF1","PYGL"
"MDM4","CDK4","PYGL"
"MDM4","CDK1","PYGL"
"MDM4","PTPN1","PYGL"
"MDM4","PTPRC","PYGL"
"MDM4","CDK7","PYGL"
"MDM4","PLK1","PYGL"
"MDM4","LCK","PYGL"
"MDM4","RPS6KB1","PYGL"
"MDM4","CDK2","PYGL"
"MDM4","CHEK1","PYGL"
"MDM4","AURKB","PYGL"
"MDM4","CDC25A","PYGL"
"MDM4","CyclinB/CDK1","PYGL"
"MDM4","CyclinE/CDK2","PYGL"
"MDM4","TTK","PYGL"
"MDM4","CSNK2B","PYGL"
"MDM4","SPRED1","PYGL"
"MDM4","RPA2","PYGL"
"MDM4","BUB1","PYGL"
"MDM4","NEK9","PYGL"
"MDM4","CCNO","PYGL"
"MDM4","HDAC3","PYGL"
"MDM4","RELA","PYGL"
"MDM4","HASPIN","PYGL"
"MDM4","CDK6","PYGL"
"MDM4","CDC25C","PYGL"
"MDM4","INCENP","PYGL"
"MDM4","CDC25B","PYGL"
"MDM4","NEK6","PYGL"
"MDM4","USP37","PYGL"
"MDM4","AMBRA1","PYGL"
"MDM4","CEP192","PYGL"
"MDM4","DAXX","PYGL"
"MDM4","NR3C1","PYGL"
"MDM4","H2AX","PYGL"
"MDM4","TNFAIP1","PYGL"
"MDM4","PHF8","PYGL"
"MDM4","RUNX1","PYGL"
"MDM4","WDCP","PYGL"
"MDM4","MDC1","PYGL"
"MDM4","MRE11","PYGL"
"MDM4","NBN","PYGL"
"MDM4","RUNX2","PYGL"
"MDM4","RAD9A","PYGL"
"MDM4","HDAC1","PYGL"
"MDM4","TOPBP1","PYGL"
"MDM4","BORA","PYGL"
"MDM4","WAC","PYGL"
"MDM4","DCTN6","PYGL"
"MDM4","FMNL2","PYGL"
"MDM4","RGCC","PYGL"
"MDM4","CTNNB1","UBA1"
"MDM4","ATM","UBA1"
"MDM4","AURKA","UBA1"
"MDM4","RAF1","UBA1"
"MDM4","CDK4","UBA1"
"MDM4","PTPN1","UBA1"
"MDM4","PTPRC","UBA1"
"MDM4","CDK7","UBA1"
"MDM4","PLK1","UBA1"
"MDM4","LCK","UBA1"
"MDM4","RPS6KB1","UBA1"
"MDM4","CDK2","UBA1"
"MDM4","CHEK1","UBA1"
"MDM4","AURKB","UBA1"
"MDM4","CDC25A","UBA1"
"MDM4","CyclinB/CDK1","UBA1"
"MDM4","CyclinE/CDK2","UBA1"
"MDM4","TTK","UBA1"
"MDM4","CSNK2B","UBA1"
"MDM4","SPRED1","UBA1"
"MDM4","RPA2","UBA1"
"MDM4","BUB1","UBA1"
"MDM4","NEK9","UBA1"
"MDM4","CCNO","UBA1"
"MDM4","HDAC3","UBA1"
"MDM4","RELA","UBA1"
"MDM4","HASPIN","UBA1"
"MDM4","CDK6","UBA1"
"MDM4","CDC25C","UBA1"
"MDM4","INCENP","UBA1"
"MDM4","CDC25B","UBA1"
"MDM4","NEK6","UBA1"
"MDM4","USP37","UBA1"
"MDM4","AMBRA1","UBA1"
"MDM4","CEP192","UBA1"
"MDM4","DAXX","UBA1"
"MDM4","NR3C1","UBA1"
"MDM4","H2AX","UBA1"
"MDM4","TNFAIP1","UBA1"
"MDM4","PHF8","UBA1"
"MDM4","RUNX1","UBA1"
"MDM4","WDCP","UBA1"
"MDM4","MDC1","UBA1"
"MDM4","MRE11","UBA1"
"MDM4","NBN","UBA1"
"MDM4","RUNX2","UBA1"
"MDM4","RAD9A","UBA1"
"MDM4","HDAC1","UBA1"
"MDM4","TOPBP1","UBA1"
"MDM4","BORA","UBA1"
"MDM4","WAC","UBA1"
"MDM4","DCTN6","UBA1"
"MDM4","FMNL2","UBA1"
"MDM4","RGCC","UBA1"
"MDM4","CTNNB1","CERS4"
"MDM4","ATM","CERS4"
"MDM4","AURKA","CERS4"
"MDM4","RAF1","CERS4"
"MDM4","CDK4","CERS4"
"MDM4","PTPN1","CERS4"
"MDM4","PTPRC","CERS4"
"MDM4","CDK7","CERS4"
"MDM4","PLK1","CERS4"
"MDM4","LCK","CERS4"
"MDM4","RPS6KB1","CERS4"
"MDM4","CDK2","CERS4"
"MDM4","CHEK1","CERS4"
"MDM4","AURKB","CERS4"
"MDM4","CDC25A","CERS4"
"MDM4","CyclinB/CDK1","CERS4"
"MDM4","CyclinE/CDK2","CERS4"
"MDM4","TTK","CERS4"
"MDM4","CSNK2B","CERS4"
"MDM4","SPRED1","CERS4"
"MDM4","RPA2","CERS4"
"MDM4","BUB1","CERS4"
"MDM4","NEK9","CERS4"
"MDM4","CCNO","CERS4"
"MDM4","HDAC3","CERS4"
"MDM4","RELA","CERS4"
"MDM4","HASPIN","CERS4"
"MDM4","CDK6","CERS4"
"MDM4","CDC25C","CERS4"
"MDM4","INCENP","CERS4"
"MDM4","CDC25B","CERS4"
"MDM4","NEK6","CERS4"
"MDM4","USP37","CERS4"
"MDM4","AMBRA1","CERS4"
"MDM4","CEP192","CERS4"
"MDM4","DAXX","CERS4"
"MDM4","NR3C1","CERS4"
"MDM4","H2AX","CERS4"
"MDM4","TNFAIP1","CERS4"
"MDM4","PHF8","CERS4"
"MDM4","RUNX1","CERS4"
"MDM4","WDCP","CERS4"
"MDM4","MDC1","CERS4"
"MDM4","MRE11","CERS4"
"MDM4","NBN","CERS4"
"MDM4","RUNX2","CERS4"
"MDM4","RAD9A","CERS4"
"MDM4","HDAC1","CERS4"
"MDM4","TOPBP1","CERS4"
"MDM4","BORA","CERS4"
"MDM4","WAC","CERS4"
"MDM4","DCTN6","CERS4"
"MDM4","FMNL2","CERS4"
"MDM4","RGCC","CERS4"
"MDM4","CTNNB1","TSPY1"
"MDM4","ATM","TSPY1"
"MDM4","AURKA","TSPY1"
"MDM4","RAF1","TSPY1"
"MDM4","CDK4","TSPY1"
"MDM4","PTPN1","TSPY1"
"MDM4","PTPRC","TSPY1"
"MDM4","CDK7","TSPY1"
"MDM4","PLK1","TSPY1"
"MDM4","LCK","TSPY1"
"MDM4","RPS6KB1","TSPY1"
"MDM4","CDK2","TSPY1"
"MDM4","CHEK1","TSPY1"
"MDM4","AURKB","TSPY1"
"MDM4","CDC25A","TSPY1"
"MDM4","CyclinB/CDK1","TSPY1"
"MDM4","CyclinE/CDK2","TSPY1"
"MDM4","TTK","TSPY1"
"MDM4","CSNK2B","TSPY1"
"MDM4","SPRED1","TSPY1"
"MDM4","RPA2","TSPY1"
"MDM4","BUB1","TSPY1"
"MDM4","NEK9","TSPY1"
"MDM4","CCNO","TSPY1"
"MDM4","HDAC3","TSPY1"
"MDM4","RELA","TSPY1"
"MDM4","HASPIN","TSPY1"
"MDM4","CDK6","TSPY1"
"MDM4","CDC25C","TSPY1"
"MDM4","INCENP","TSPY1"
"MDM4","CDC25B","TSPY1"
"MDM4","NEK6","TSPY1"
"MDM4","USP37","TSPY1"
"MDM4","AMBRA1","TSPY1"
"MDM4","CEP192","TSPY1"
"MDM4","DAXX","TSPY1"
"MDM4","NR3C1","TSPY1"
"MDM4","H2AX","TSPY1"
"MDM4","TNFAIP1","TSPY1"
"MDM4","PHF8","TSPY1"
"MDM4","RUNX1","TSPY1"
"MDM4","WDCP","TSPY1"
"MDM4","MDC1","TSPY1"
"MDM4","MRE11","TSPY1"
"MDM4","NBN","TSPY1"
"MDM4","RUNX2","TSPY1"
"MDM4","RAD9A","TSPY1"
"MDM4","HDAC1","TSPY1"
"MDM4","TOPBP1","TSPY1"
"MDM4","BORA","TSPY1"
"MDM4","WAC","TSPY1"
"MDM4","DCTN6","TSPY1"
"MDM4","FMNL2","TSPY1"
"MDM4","RGCC","TSPY1"
"MDM4","CTNNB1","CDC16"
"MDM4","ATM","CDC16"
"MDM4","AURKA","CDC16"
"MDM4","RAF1","CDC16"
"MDM4","CDK4","CDC16"
"MDM4","PTPN1","CDC16"
"MDM4","PTPRC","CDC16"
"MDM4","CDK7","CDC16"
"MDM4","PLK1","CDC16"
"MDM4","LCK","CDC16"
"MDM4","RPS6KB1","CDC16"
"MDM4","CDK2","CDC16"
"MDM4","CHEK1","CDC16"
"MDM4","AURKB","CDC16"
"MDM4","CDC25A","CDC16"
"MDM4","CyclinB/CDK1","CDC16"
"MDM4","CyclinE/CDK2","CDC16"
"MDM4","TTK","CDC16"
"MDM4","CSNK2B","CDC16"
"MDM4","SPRED1","CDC16"
"MDM4","RPA2","CDC16"
"MDM4","BUB1","CDC16"
"MDM4","NEK9","CDC16"
"MDM4","CCNO","CDC16"
"MDM4","HDAC3","CDC16"
"MDM4","RELA","CDC16"
"MDM4","HASPIN","CDC16"
"MDM4","CDK6","CDC16"
"MDM4","CDC25C","CDC16"
"MDM4","INCENP","CDC16"
"MDM4","CDC25B","CDC16"
"MDM4","NEK6","CDC16"
"MDM4","USP37","CDC16"
"MDM4","AMBRA1","CDC16"
"MDM4","CEP192","CDC16"
"MDM4","DAXX","CDC16"
"MDM4","NR3C1","CDC16"
"MDM4","H2AX","CDC16"
"MDM4","TNFAIP1","CDC16"
"MDM4","PHF8","CDC16"
"MDM4","RUNX1","CDC16"
"MDM4","WDCP","CDC16"
"MDM4","MDC1","CDC16"
"MDM4","MRE11","CDC16"
"MDM4","NBN","CDC16"
"MDM4","RUNX2","CDC16"
"MDM4","RAD9A","CDC16"
"MDM4","HDAC1","CDC16"
"MDM4","TOPBP1","CDC16"
"MDM4","BORA","CDC16"
"MDM4","WAC","CDC16"
"MDM4","DCTN6","CDC16"
"MDM4","FMNL2","CDC16"
"MDM4","RGCC","CDC16"
"MDM4","CTNNB1","HMOX2"
"MDM4","ATM","HMOX2"
"MDM4","AURKA","HMOX2"
"MDM4","RAF1","HMOX2"
"MDM4","CDK4","HMOX2"
"MDM4","PTPN1","HMOX2"
"MDM4","PTPRC","HMOX2"
"MDM4","CDK7","HMOX2"
"MDM4","PLK1","HMOX2"
"MDM4","LCK","HMOX2"
"MDM4","RPS6KB1","HMOX2"
"MDM4","CDK2","HMOX2"
"MDM4","CHEK1","HMOX2"
"MDM4","AURKB","HMOX2"
"MDM4","CDC25A","HMOX2"
"MDM4","CyclinB/CDK1","HMOX2"
"MDM4","CyclinE/CDK2","HMOX2"
"MDM4","TTK","HMOX2"
"MDM4","CSNK2B","HMOX2"
"MDM4","SPRED1","HMOX2"
"MDM4","RPA2","HMOX2"
"MDM4","BUB1","HMOX2"
"MDM4","NEK9","HMOX2"
"MDM4","CCNO","HMOX2"
"MDM4","HDAC3","HMOX2"
"MDM4","RELA","HMOX2"
"MDM4","HASPIN","HMOX2"
"MDM4","CDK6","HMOX2"
"MDM4","CDC25C","HMOX2"
"MDM4","INCENP","HMOX2"
"MDM4","CDC25B","HMOX2"
"MDM4","NEK6","HMOX2"
"MDM4","USP37","HMOX2"
"MDM4","AMBRA1","HMOX2"
"MDM4","CEP192","HMOX2"
"MDM4","DAXX","HMOX2"
"MDM4","NR3C1","HMOX2"
"MDM4","H2AX","HMOX2"
"MDM4","TNFAIP1","HMOX2"
"MDM4","PHF8","HMOX2"
"MDM4","RUNX1","HMOX2"
"MDM4","WDCP","HMOX2"
"MDM4","MDC1","HMOX2"
"MDM4","MRE11","HMOX2"
"MDM4","NBN","HMOX2"
"MDM4","RUNX2","HMOX2"
"MDM4","RAD9A","HMOX2"
"MDM4","HDAC1","HMOX2"
"MDM4","TOPBP1","HMOX2"
"MDM4","BORA","HMOX2"
"MDM4","WAC","HMOX2"
"MDM4","DCTN6","HMOX2"
"MDM4","FMNL2","HMOX2"
"MDM4","RGCC","HMOX2"
"MDM4","CTNNB1","PARP10"
"MDM4","ATM","PARP10"
"MDM4","AURKA","PARP10"
"MDM4","RAF1","PARP10"
"MDM4","CDK4","PARP10"
"MDM4","CDK1","PARP10"
"MDM4","PTPN1","PARP10"
"MDM4","PTPRC","PARP10"
"MDM4","CDK7","PARP10"
"MDM4","PLK1","PARP10"
"MDM4","LCK","PARP10"
"MDM4","RPS6KB1","PARP10"
"MDM4","CDK2","PARP10"
"MDM4","CHEK1","PARP10"
"MDM4","AURKB","PARP10"
"MDM4","CDC25A","PARP10"
"MDM4","CyclinB/CDK1","PARP10"
"MDM4","CyclinE/CDK2","PARP10"
"MDM4","TTK","PARP10"
"MDM4","CSNK2B","PARP10"
"MDM4","SPRED1","PARP10"
"MDM4","RPA2","PARP10"
"MDM4","BUB1","PARP10"
"MDM4","NEK9","PARP10"
"MDM4","CCNO","PARP10"
"MDM4","HDAC3","PARP10"
"MDM4","RELA","PARP10"
"MDM4","HASPIN","PARP10"
"MDM4","CDK6","PARP10"
"MDM4","CDC25C","PARP10"
"MDM4","INCENP","PARP10"
"MDM4","CDC25B","PARP10"
"MDM4","NEK6","PARP10"
"MDM4","USP37","PARP10"
"MDM4","AMBRA1","PARP10"
"MDM4","CEP192","PARP10"
"MDM4","DAXX","PARP10"
"MDM4","NR3C1","PARP10"
"MDM4","H2AX","PARP10"
"MDM4","TNFAIP1","PARP10"
"MDM4","PHF8","PARP10"
"MDM4","RUNX1","PARP10"
"MDM4","WDCP","PARP10"
"MDM4","MDC1","PARP10"
"MDM4","MRE11","PARP10"
"MDM4","NBN","PARP10"
"MDM4","RUNX2","PARP10"
"MDM4","RAD9A","PARP10"
"MDM4","HDAC1","PARP10"
"MDM4","TOPBP1","PARP10"
"MDM4","BORA","PARP10"
"MDM4","WAC","PARP10"
"MDM4","DCTN6","PARP10"
"MDM4","FMNL2","PARP10"
"MDM4","RGCC","PARP10"
"MDM4","CTNNB1","DTYMK"
"MDM4","ATM","DTYMK"
"MDM4","AURKA","DTYMK"
"MDM4","RAF1","DTYMK"
"MDM4","CDK4","DTYMK"
"MDM4","CDK1","DTYMK"
"MDM4","PTPN1","DTYMK"
"MDM4","PTPRC","DTYMK"
"MDM4","CDK7","DTYMK"
"MDM4","PLK1","DTYMK"
"MDM4","LCK","DTYMK"
"MDM4","RPS6KB1","DTYMK"
"MDM4","CHEK1","DTYMK"
"MDM4","AURKB","DTYMK"
"MDM4","CDC25A","DTYMK"
"MDM4","CyclinB/CDK1","DTYMK"
"MDM4","CyclinE/CDK2","DTYMK"
"MDM4","TTK","DTYMK"
"MDM4","CSNK2B","DTYMK"
"MDM4","SPRED1","DTYMK"
"MDM4","RPA2","DTYMK"
"MDM4","BUB1","DTYMK"
"MDM4","NEK9","DTYMK"
"MDM4","CCNO","DTYMK"
"MDM4","HDAC3","DTYMK"
"MDM4","RELA","DTYMK"
"MDM4","HASPIN","DTYMK"
"MDM4","CDK6","DTYMK"
"MDM4","CDC25C","DTYMK"
"MDM4","INCENP","DTYMK"
"MDM4","CDC25B","DTYMK"
"MDM4","NEK6","DTYMK"
"MDM4","USP37","DTYMK"
"MDM4","AMBRA1","DTYMK"
"MDM4","CEP192","DTYMK"
"MDM4","DAXX","DTYMK"
"MDM4","NR3C1","DTYMK"
"MDM4","H2AX","DTYMK"
"MDM4","TNFAIP1","DTYMK"
"MDM4","PHF8","DTYMK"
"MDM4","RUNX1","DTYMK"
"MDM4","WDCP","DTYMK"
"MDM4","MDC1","DTYMK"
"MDM4","MRE11","DTYMK"
"MDM4","NBN","DTYMK"
"MDM4","RUNX2","DTYMK"
"MDM4","RAD9A","DTYMK"
"MDM4","HDAC1","DTYMK"
"MDM4","TOPBP1","DTYMK"
"MDM4","BORA","DTYMK"
"MDM4","WAC","DTYMK"
"MDM4","DCTN6","DTYMK"
"MDM4","FMNL2","DTYMK"
"MDM4","RGCC","DTYMK"
"MDM4","CTNNB1","KIF11"
"MDM4","ATM","KIF11"
"MDM4","AURKA","KIF11"
"MDM4","RAF1","KIF11"
"MDM4","CDK4","KIF11"
"MDM4","CDK1","KIF11"
"MDM4","PTPN1","KIF11"
"MDM4","PTPRC","KIF11"
"MDM4","CDK7","KIF11"
"MDM4","PLK1","KIF11"
"MDM4","LCK","KIF11"
"MDM4","RPS6KB1","KIF11"
"MDM4","CDK2","KIF11"
"MDM4","CHEK1","KIF11"
"MDM4","AURKB","KIF11"
"MDM4","CDC25A","KIF11"
"MDM4","CyclinB/CDK1","KIF11"
"MDM4","CyclinE/CDK2","KIF11"
"MDM4","TTK","KIF11"
"MDM4","CSNK2B","KIF11"
"MDM4","SPRED1","KIF11"
"MDM4","RPA2","KIF11"
"MDM4","BUB1","KIF11"
"MDM4","NEK9","KIF11"
"MDM4","CCNO","KIF11"
"MDM4","HDAC3","KIF11"
"MDM4","RELA","KIF11"
"MDM4","HASPIN","KIF11"
"MDM4","CDK6","KIF11"
"MDM4","CDC25C","KIF11"
"MDM4","INCENP","KIF11"
"MDM4","CDC25B","KIF11"
"MDM4","NEK6","KIF11"
"MDM4","USP37","KIF11"
"MDM4","AMBRA1","KIF11"
"MDM4","CEP192","KIF11"
"MDM4","DAXX","KIF11"
"MDM4","NR3C1","KIF11"
"MDM4","H2AX","KIF11"
"MDM4","TNFAIP1","KIF11"
"MDM4","PHF8","KIF11"
"MDM4","RUNX1","KIF11"
"MDM4","WDCP","KIF11"
"MDM4","MDC1","KIF11"
"MDM4","MRE11","KIF11"
"MDM4","NBN","KIF11"
"MDM4","RUNX2","KIF11"
"MDM4","RAD9A","KIF11"
"MDM4","HDAC1","KIF11"
"MDM4","TOPBP1","KIF11"
"MDM4","BORA","KIF11"
"MDM4","WAC","KIF11"
"MDM4","DCTN6","KIF11"
"MDM4","FMNL2","KIF11"
"MDM4","RGCC","KIF11"
"MDM4","CTNNB1","SIRT3"
"MDM4","ATM","SIRT3"
"MDM4","AURKA","SIRT3"
"MDM4","RAF1","SIRT3"
"MDM4","CDK4","SIRT3"
"MDM4","CDK1","SIRT3"
"MDM4","PTPN1","SIRT3"
"MDM4","PTPRC","SIRT3"
"MDM4","CDK7","SIRT3"
"MDM4","PLK1","SIRT3"
"MDM4","LCK","SIRT3"
"MDM4","RPS6KB1","SIRT3"
"MDM4","CDK2","SIRT3"
"MDM4","CHEK1","SIRT3"
"MDM4","AURKB","SIRT3"
"MDM4","CDC25A","SIRT3"
"MDM4","CyclinE/CDK2","SIRT3"
"MDM4","TTK","SIRT3"
"MDM4","CSNK2B","SIRT3"
"MDM4","SPRED1","SIRT3"
"MDM4","RPA2","SIRT3"
"MDM4","BUB1","SIRT3"
"MDM4","NEK9","SIRT3"
"MDM4","CCNO","SIRT3"
"MDM4","HDAC3","SIRT3"
"MDM4","RELA","SIRT3"
"MDM4","HASPIN","SIRT3"
"MDM4","CDK6","SIRT3"
"MDM4","CDC25C","SIRT3"
"MDM4","INCENP","SIRT3"
"MDM4","CDC25B","SIRT3"
"MDM4","NEK6","SIRT3"
"MDM4","USP37","SIRT3"
"MDM4","AMBRA1","SIRT3"
"MDM4","CEP192","SIRT3"
"MDM4","DAXX","SIRT3"
"MDM4","NR3C1","SIRT3"
"MDM4","H2AX","SIRT3"
"MDM4","TNFAIP1","SIRT3"
"MDM4","PHF8","SIRT3"
"MDM4","RUNX1","SIRT3"
"MDM4","WDCP","SIRT3"
"MDM4","MDC1","SIRT3"
"MDM4","MRE11","SIRT3"
"MDM4","NBN","SIRT3"
"MDM4","RUNX2","SIRT3"
"MDM4","RAD9A","SIRT3"
"MDM4","HDAC1","SIRT3"
"MDM4","TOPBP1","SIRT3"
"MDM4","BORA","SIRT3"
"MDM4","WAC","SIRT3"
"MDM4","DCTN6","SIRT3"
"MDM4","FMNL2","SIRT3"
"MDM4","RGCC","SIRT3"
"MDM4","CTNNB1","USP1"
"MDM4","ATM","USP1"
"MDM4","AURKA","USP1"
"MDM4","RAF1","USP1"
"MDM4","CDK4","USP1"
"MDM4","PTPN1","USP1"
"MDM4","PTPRC","USP1"
"MDM4","CDK7","USP1"
"MDM4","PLK1","USP1"
"MDM4","LCK","USP1"
"MDM4","RPS6KB1","USP1"
"MDM4","CDK2","USP1"
"MDM4","CHEK1","USP1"
"MDM4","AURKB","USP1"
"MDM4","CDC25A","USP1"
"MDM4","CyclinB/CDK1","USP1"
"MDM4","CyclinE/CDK2","USP1"
"MDM4","TTK","USP1"
"MDM4","CSNK2B","USP1"
"MDM4","SPRED1","USP1"
"MDM4","RPA2","USP1"
"MDM4","BUB1","USP1"
"MDM4","NEK9","USP1"
"MDM4","CCNO","USP1"
"MDM4","HDAC3","USP1"
"MDM4","RELA","USP1"
"MDM4","HASPIN","USP1"
"MDM4","CDK6","USP1"
"MDM4","CDC25C","USP1"
"MDM4","INCENP","USP1"
"MDM4","CDC25B","USP1"
"MDM4","NEK6","USP1"
"MDM4","USP37","USP1"
"MDM4","AMBRA1","USP1"
"MDM4","CEP192","USP1"
"MDM4","DAXX","USP1"
"MDM4","NR3C1","USP1"
"MDM4","H2AX","USP1"
"MDM4","TNFAIP1","USP1"
"MDM4","PHF8","USP1"
"MDM4","RUNX1","USP1"
"MDM4","WDCP","USP1"
"MDM4","MDC1","USP1"
"MDM4","MRE11","USP1"
"MDM4","NBN","USP1"
"MDM4","RUNX2","USP1"
"MDM4","RAD9A","USP1"
"MDM4","HDAC1","USP1"
"MDM4","TOPBP1","USP1"
"MDM4","BORA","USP1"
"MDM4","WAC","USP1"
"MDM4","DCTN6","USP1"
"MDM4","FMNL2","USP1"
"MDM4","RGCC","USP1"
"MDM4","CTNNB1","MUS81"
"MDM4","ATM","MUS81"
"MDM4","AURKA","MUS81"
"MDM4","RAF1","MUS81"
"MDM4","CDK4","MUS81"
"MDM4","PTPN1","MUS81"
"MDM4","PTPRC","MUS81"
"MDM4","CDK7","MUS81"
"MDM4","PLK1","MUS81"
"MDM4","LCK","MUS81"
"MDM4","RPS6KB1","MUS81"
"MDM4","CDK2","MUS81"
"MDM4","CHEK1","MUS81"
"MDM4","AURKB","MUS81"
"MDM4","CDC25A","MUS81"
"MDM4","CyclinB/CDK1","MUS81"
"MDM4","CyclinE/CDK2","MUS81"
"MDM4","TTK","MUS81"
"MDM4","CSNK2B","MUS81"
"MDM4","SPRED1","MUS81"
"MDM4","RPA2","MUS81"
"MDM4","BUB1","MUS81"
"MDM4","NEK9","MUS81"
"MDM4","CCNO","MUS81"
"MDM4","HDAC3","MUS81"
"MDM4","RELA","MUS81"
"MDM4","HASPIN","MUS81"
"MDM4","CDK6","MUS81"
"MDM4","CDC25C","MUS81"
"MDM4","INCENP","MUS81"
"MDM4","CDC25B","MUS81"
"MDM4","NEK6","MUS81"
"MDM4","USP37","MUS81"
"MDM4","AMBRA1","MUS81"
"MDM4","CEP192","MUS81"
"MDM4","DAXX","MUS81"
"MDM4","NR3C1","MUS81"
"MDM4","H2AX","MUS81"
"MDM4","TNFAIP1","MUS81"
"MDM4","PHF8","MUS81"
"MDM4","RUNX1","MUS81"
"MDM4","WDCP","MUS81"
"MDM4","MDC1","MUS81"
"MDM4","MRE11","MUS81"
"MDM4","NBN","MUS81"
"MDM4","RUNX2","MUS81"
"MDM4","RAD9A","MUS81"
"MDM4","HDAC1","MUS81"
"MDM4","TOPBP1","MUS81"
"MDM4","BORA","MUS81"
"MDM4","WAC","MUS81"
"MDM4","DCTN6","MUS81"
"MDM4","FMNL2","MUS81"
"MDM4","RGCC","MUS81"
"MDM4","CTNNB1","RIOK1"
"MDM4","ATM","RIOK1"
"MDM4","AURKA","RIOK1"
"MDM4","RAF1","RIOK1"
"MDM4","CDK4","RIOK1"
"MDM4","PTPN1","RIOK1"
"MDM4","PTPRC","RIOK1"
"MDM4","CDK7","RIOK1"
"MDM4","PLK1","RIOK1"
"MDM4","LCK","RIOK1"
"MDM4","RPS6KB1","RIOK1"
"MDM4","CDK2","RIOK1"
"MDM4","CHEK1","RIOK1"
"MDM4","AURKB","RIOK1"
"MDM4","CDC25A","RIOK1"
"MDM4","CyclinB/CDK1","RIOK1"
"MDM4","CyclinE/CDK2","RIOK1"
"MDM4","TTK","RIOK1"
"MDM4","CSNK2B","RIOK1"
"MDM4","SPRED1","RIOK1"
"MDM4","RPA2","RIOK1"
"MDM4","BUB1","RIOK1"
"MDM4","NEK9","RIOK1"
"MDM4","CCNO","RIOK1"
"MDM4","HDAC3","RIOK1"
"MDM4","RELA","RIOK1"
"MDM4","HASPIN","RIOK1"
"MDM4","CDK6","RIOK1"
"MDM4","CDC25C","RIOK1"
"MDM4","INCENP","RIOK1"
"MDM4","CDC25B","RIOK1"
"MDM4","NEK6","RIOK1"
"MDM4","USP37","RIOK1"
"MDM4","AMBRA1","RIOK1"
"MDM4","CEP192","RIOK1"
"MDM4","DAXX","RIOK1"
"MDM4","NR3C1","RIOK1"
"MDM4","H2AX","RIOK1"
"MDM4","TNFAIP1","RIOK1"
"MDM4","PHF8","RIOK1"
"MDM4","RUNX1","RIOK1"
"MDM4","WDCP","RIOK1"
"MDM4","MDC1","RIOK1"
"MDM4","MRE11","RIOK1"
"MDM4","NBN","RIOK1"
"MDM4","RUNX2","RIOK1"
"MDM4","RAD9A","RIOK1"
"MDM4","HDAC1","RIOK1"
"MDM4","TOPBP1","RIOK1"
"MDM4","BORA","RIOK1"
"MDM4","WAC","RIOK1"
"MDM4","DCTN6","RIOK1"
"MDM4","FMNL2","RIOK1"
"MDM4","RGCC","RIOK1"
"MDM4","CTNNB1","SERINC3"
"MDM4","ATM","SERINC3"
"MDM4","AURKA","SERINC3"
"MDM4","RAF1","SERINC3"
"MDM4","CDK4","SERINC3"
"MDM4","PTPN1","SERINC3"
"MDM4","PTPRC","SERINC3"
"MDM4","CDK7","SERINC3"
"MDM4","PLK1","SERINC3"
"MDM4","LCK","SERINC3"
"MDM4","RPS6KB1","SERINC3"
"MDM4","CDK2","SERINC3"
"MDM4","CHEK1","SERINC3"
"MDM4","AURKB","SERINC3"
"MDM4","CDC25A","SERINC3"
"MDM4","CyclinB/CDK1","SERINC3"
"MDM4","CyclinE/CDK2","SERINC3"
"MDM4","TTK","SERINC3"
"MDM4","CSNK2B","SERINC3"
"MDM4","SPRED1","SERINC3"
"MDM4","RPA2","SERINC3"
"MDM4","BUB1","SERINC3"
"MDM4","NEK9","SERINC3"
"MDM4","CCNO","SERINC3"
"MDM4","HDAC3","SERINC3"
"MDM4","RELA","SERINC3"
"MDM4","HASPIN","SERINC3"
"MDM4","CDK6","SERINC3"
"MDM4","CDC25C","SERINC3"
"MDM4","INCENP","SERINC3"
"MDM4","CDC25B","SERINC3"
"MDM4","NEK6","SERINC3"
"MDM4","USP37","SERINC3"
"MDM4","AMBRA1","SERINC3"
"MDM4","CEP192","SERINC3"
"MDM4","DAXX","SERINC3"
"MDM4","NR3C1","SERINC3"
"MDM4","H2AX","SERINC3"
"MDM4","TNFAIP1","SERINC3"
"MDM4","PHF8","SERINC3"
"MDM4","RUNX1","SERINC3"
"MDM4","WDCP","SERINC3"
"MDM4","MDC1","SERINC3"
"MDM4","MRE11","SERINC3"
"MDM4","NBN","SERINC3"
"MDM4","RUNX2","SERINC3"
"MDM4","RAD9A","SERINC3"
"MDM4","HDAC1","SERINC3"
"MDM4","TOPBP1","SERINC3"
"MDM4","BORA","SERINC3"
"MDM4","WAC","SERINC3"
"MDM4","DCTN6","SERINC3"
"MDM4","FMNL2","SERINC3"
"MDM4","RGCC","SERINC3"
"MDM4","CTNNB1","RSF1"
"MDM4","ATM","RSF1"
"MDM4","AURKA","RSF1"
"MDM4","RAF1","RSF1"
"MDM4","CDK4","RSF1"
"MDM4","PTPN1","RSF1"
"MDM4","PTPRC","RSF1"
"MDM4","CDK7","RSF1"
"MDM4","LCK","RSF1"
"MDM4","RPS6KB1","RSF1"
"MDM4","CDK2","RSF1"
"MDM4","CHEK1","RSF1"
"MDM4","AURKB","RSF1"
"MDM4","CDC25A","RSF1"
"MDM4","CyclinB/CDK1","RSF1"
"MDM4","CyclinE/CDK2","RSF1"
"MDM4","TTK","RSF1"
"MDM4","CSNK2B","RSF1"
"MDM4","SPRED1","RSF1"
"MDM4","RPA2","RSF1"
"MDM4","BUB1","RSF1"
"MDM4","NEK9","RSF1"
"MDM4","CCNO","RSF1"
"MDM4","HDAC3","RSF1"
"MDM4","RELA","RSF1"
"MDM4","HASPIN","RSF1"
"MDM4","CDK6","RSF1"
"MDM4","CDC25C","RSF1"
"MDM4","INCENP","RSF1"
"MDM4","CDC25B","RSF1"
"MDM4","NEK6","RSF1"
"MDM4","USP37","RSF1"
"MDM4","AMBRA1","RSF1"
"MDM4","CEP192","RSF1"
"MDM4","DAXX","RSF1"
"MDM4","NR3C1","RSF1"
"MDM4","H2AX","RSF1"
"MDM4","TNFAIP1","RSF1"
"MDM4","PHF8","RSF1"
"MDM4","RUNX1","RSF1"
"MDM4","WDCP","RSF1"
"MDM4","MDC1","RSF1"
"MDM4","MRE11","RSF1"
"MDM4","NBN","RSF1"
"MDM4","RUNX2","RSF1"
"MDM4","RAD9A","RSF1"
"MDM4","HDAC1","RSF1"
"MDM4","TOPBP1","RSF1"
"MDM4","BORA","RSF1"
"MDM4","WAC","RSF1"
"MDM4","DCTN6","RSF1"
"MDM4","FMNL2","RSF1"
"MDM4","RGCC","RSF1"
"MDM4","CTNNB1","STAM2"
"MDM4","ATM","STAM2"
"MDM4","AURKA","STAM2"
"MDM4","RAF1","STAM2"
"MDM4","CDK4","STAM2"
"MDM4","CDK1","STAM2"
"MDM4","PTPRC","STAM2"
"MDM4","CDK7","STAM2"
"MDM4","PLK1","STAM2"
"MDM4","LCK","STAM2"
"MDM4","RPS6KB1","STAM2"
"MDM4","CDK2","STAM2"
"MDM4","CHEK1","STAM2"
"MDM4","AURKB","STAM2"
"MDM4","CDC25A","STAM2"
"MDM4","CyclinB/CDK1","STAM2"
"MDM4","CyclinE/CDK2","STAM2"
"MDM4","TTK","STAM2"
"MDM4","CSNK2B","STAM2"
"MDM4","SPRED1","STAM2"
"MDM4","RPA2","STAM2"
"MDM4","BUB1","STAM2"
"MDM4","NEK9","STAM2"
"MDM4","CCNO","STAM2"
"MDM4","HDAC3","STAM2"
"MDM4","RELA","STAM2"
"MDM4","HASPIN","STAM2"
"MDM4","CDK6","STAM2"
"MDM4","CDC25C","STAM2"
"MDM4","INCENP","STAM2"
"MDM4","CDC25B","STAM2"
"MDM4","NEK6","STAM2"
"MDM4","USP37","STAM2"
"MDM4","AMBRA1","STAM2"
"MDM4","CEP192","STAM2"
"MDM4","DAXX","STAM2"
"MDM4","NR3C1","STAM2"
"MDM4","H2AX","STAM2"
"MDM4","TNFAIP1","STAM2"
"MDM4","PHF8","STAM2"
"MDM4","RUNX1","STAM2"
"MDM4","WDCP","STAM2"
"MDM4","MDC1","STAM2"
"MDM4","MRE11","STAM2"
"MDM4","NBN","STAM2"
"MDM4","RUNX2","STAM2"
"MDM4","RAD9A","STAM2"
"MDM4","HDAC1","STAM2"
"MDM4","TOPBP1","STAM2"
"MDM4","BORA","STAM2"
"MDM4","WAC","STAM2"
"MDM4","DCTN6","STAM2"
"MDM4","FMNL2","STAM2"
"MDM4","RGCC","STAM2"
"MDM4","CTNNB1","PACS1"
"MDM4","ATM","PACS1"
"MDM4","AURKA","PACS1"
"MDM4","RAF1","PACS1"
"MDM4","CDK4","PACS1"
"MDM4","PTPN1","PACS1"
"MDM4","PTPRC","PACS1"
"MDM4","CDK7","PACS1"
"MDM4","PLK1","PACS1"
"MDM4","LCK","PACS1"
"MDM4","RPS6KB1","PACS1"
"MDM4","CDK2","PACS1"
"MDM4","CHEK1","PACS1"
"MDM4","AURKB","PACS1"
"MDM4","CDC25A","PACS1"
"MDM4","CyclinB/CDK1","PACS1"
"MDM4","CyclinE/CDK2","PACS1"
"MDM4","TTK","PACS1"
"MDM4","CSNK2B","PACS1"
"MDM4","SPRED1","PACS1"
"MDM4","RPA2","PACS1"
"MDM4","BUB1","PACS1"
"MDM4","NEK9","PACS1"
"MDM4","CCNO","PACS1"
"MDM4","HDAC3","PACS1"
"MDM4","RELA","PACS1"
"MDM4","HASPIN","PACS1"
"MDM4","CDK6","PACS1"
"MDM4","CDC25C","PACS1"
"MDM4","INCENP","PACS1"
"MDM4","CDC25B","PACS1"
"MDM4","NEK6","PACS1"
"MDM4","USP37","PACS1"
"MDM4","AMBRA1","PACS1"
"MDM4","CEP192","PACS1"
"MDM4","DAXX","PACS1"
"MDM4","NR3C1","PACS1"
"MDM4","H2AX","PACS1"
"MDM4","TNFAIP1","PACS1"
"MDM4","PHF8","PACS1"
"MDM4","RUNX1","PACS1"
"MDM4","WDCP","PACS1"
"MDM4","MDC1","PACS1"
"MDM4","MRE11","PACS1"
"MDM4","NBN","PACS1"
"MDM4","RUNX2","PACS1"
"MDM4","RAD9A","PACS1"
"MDM4","HDAC1","PACS1"
"MDM4","TOPBP1","PACS1"
"MDM4","BORA","PACS1"
"MDM4","WAC","PACS1"
"MDM4","DCTN6","PACS1"
"MDM4","FMNL2","PACS1"
"MDM4","RGCC","PACS1"
"MDM4","CTNNB1","NUDC"
"MDM4","ATM","NUDC"
"MDM4","AURKA","NUDC"
"MDM4","RAF1","NUDC"
"MDM4","CDK4","NUDC"
"MDM4","PTPN1","NUDC"
"MDM4","PTPRC","NUDC"
"MDM4","CDK7","NUDC"
"MDM4","LCK","NUDC"
"MDM4","RPS6KB1","NUDC"
"MDM4","CDK2","NUDC"
"MDM4","CHEK1","NUDC"
"MDM4","AURKB","NUDC"
"MDM4","CDC25A","NUDC"
"MDM4","CyclinB/CDK1","NUDC"
"MDM4","CyclinE/CDK2","NUDC"
"MDM4","TTK","NUDC"
"MDM4","CSNK2B","NUDC"
"MDM4","SPRED1","NUDC"
"MDM4","RPA2","NUDC"
"MDM4","BUB1","NUDC"
"MDM4","NEK9","NUDC"
"MDM4","CCNO","NUDC"
"MDM4","HDAC3","NUDC"
"MDM4","RELA","NUDC"
"MDM4","HASPIN","NUDC"
"MDM4","CDK6","NUDC"
"MDM4","CDC25C","NUDC"
"MDM4","INCENP","NUDC"
"MDM4","CDC25B","NUDC"
"MDM4","NEK6","NUDC"
"MDM4","USP37","NUDC"
"MDM4","AMBRA1","NUDC"
"MDM4","CEP192","NUDC"
"MDM4","DAXX","NUDC"
"MDM4","NR3C1","NUDC"
"MDM4","H2AX","NUDC"
"MDM4","TNFAIP1","NUDC"
"MDM4","PHF8","NUDC"
"MDM4","RUNX1","NUDC"
"MDM4","WDCP","NUDC"
"MDM4","MDC1","NUDC"
"MDM4","MRE11","NUDC"
"MDM4","NBN","NUDC"
"MDM4","RUNX2","NUDC"
"MDM4","RAD9A","NUDC"
"MDM4","HDAC1","NUDC"
"MDM4","TOPBP1","NUDC"
"MDM4","BORA","NUDC"
"MDM4","WAC","NUDC"
"MDM4","DCTN6","NUDC"
"MDM4","FMNL2","NUDC"
"MDM4","RGCC","NUDC"
"MDM4","CTNNB1","NDUFA12"
"MDM4","ATM","NDUFA12"
"MDM4","AURKA","NDUFA12"
"MDM4","RAF1","NDUFA12"
"MDM4","CDK4","NDUFA12"
"MDM4","CDK1","NDUFA12"
"MDM4","PTPN1","NDUFA12"
"MDM4","PTPRC","NDUFA12"
"MDM4","CDK7","NDUFA12"
"MDM4","PLK1","NDUFA12"
"MDM4","LCK","NDUFA12"
"MDM4","RPS6KB1","NDUFA12"
"MDM4","CDK2","NDUFA12"
"MDM4","CHEK1","NDUFA12"
"MDM4","AURKB","NDUFA12"
"MDM4","CDC25A","NDUFA12"
"MDM4","CyclinB/CDK1","NDUFA12"
"MDM4","CyclinE/CDK2","NDUFA12"
"MDM4","TTK","NDUFA12"
"MDM4","CSNK2B","NDUFA12"
"MDM4","SPRED1","NDUFA12"
"MDM4","RPA2","NDUFA12"
"MDM4","BUB1","NDUFA12"
"MDM4","NEK9","NDUFA12"
"MDM4","CCNO","NDUFA12"
"MDM4","HDAC3","NDUFA12"
"MDM4","RELA","NDUFA12"
"MDM4","HASPIN","NDUFA12"
"MDM4","CDK6","NDUFA12"
"MDM4","CDC25C","NDUFA12"
"MDM4","INCENP","NDUFA12"
"MDM4","CDC25B","NDUFA12"
"MDM4","NEK6","NDUFA12"
"MDM4","USP37","NDUFA12"
"MDM4","AMBRA1","NDUFA12"
"MDM4","CEP192","NDUFA12"
"MDM4","DAXX","NDUFA12"
"MDM4","NR3C1","NDUFA12"
"MDM4","H2AX","NDUFA12"
"MDM4","TNFAIP1","NDUFA12"
"MDM4","PHF8","NDUFA12"
"MDM4","RUNX1","NDUFA12"
"MDM4","WDCP","NDUFA12"
"MDM4","MDC1","NDUFA12"
"MDM4","MRE11","NDUFA12"
"MDM4","NBN","NDUFA12"
"MDM4","RUNX2","NDUFA12"
"MDM4","RAD9A","NDUFA12"
"MDM4","HDAC1","NDUFA12"
"MDM4","TOPBP1","NDUFA12"
"MDM4","BORA","NDUFA12"
"MDM4","WAC","NDUFA12"
"MDM4","DCTN6","NDUFA12"
"MDM4","FMNL2","NDUFA12"
"MDM4","RGCC","NDUFA12"
"MDM4","CTNNB1","DNA polymerase delta"
"MDM4","ATM","DNA polymerase delta"
"MDM4","AURKA","DNA polymerase delta"
"MDM4","RAF1","DNA polymerase delta"
"MDM4","CDK4","DNA polymerase delta"
"MDM4","CDK1","DNA polymerase delta"
"MDM4","PTPN1","DNA polymerase delta"
"MDM4","PTPRC","DNA polymerase delta"
"MDM4","CDK7","DNA polymerase delta"
"MDM4","PLK1","DNA polymerase delta"
"MDM4","LCK","DNA polymerase delta"
"MDM4","RPS6KB1","DNA polymerase delta"
"MDM4","CDK2","DNA polymerase delta"
"MDM4","CHEK1","DNA polymerase delta"
"MDM4","AURKB","DNA polymerase delta"
"MDM4","CDC25A","DNA polymerase delta"
"MDM4","CyclinB/CDK1","DNA polymerase delta"
"MDM4","CyclinE/CDK2","DNA polymerase delta"
"MDM4","TTK","DNA polymerase delta"
"MDM4","CSNK2B","DNA polymerase delta"
"MDM4","SPRED1","DNA polymerase delta"
"MDM4","RPA2","DNA polymerase delta"
"MDM4","BUB1","DNA polymerase delta"
"MDM4","NEK9","DNA polymerase delta"
"MDM4","CCNO","DNA polymerase delta"
"MDM4","HDAC3","DNA polymerase delta"
"MDM4","RELA","DNA polymerase delta"
"MDM4","HASPIN","DNA polymerase delta"
"MDM4","CDK6","DNA polymerase delta"
"MDM4","CDC25C","DNA polymerase delta"
"MDM4","INCENP","DNA polymerase delta"
"MDM4","CDC25B","DNA polymerase delta"
"MDM4","NEK6","DNA polymerase delta"
"MDM4","USP37","DNA polymerase delta"
"MDM4","AMBRA1","DNA polymerase delta"
"MDM4","CEP192","DNA polymerase delta"
"MDM4","DAXX","DNA polymerase delta"
"MDM4","NR3C1","DNA polymerase delta"
"MDM4","H2AX","DNA polymerase delta"
"MDM4","TNFAIP1","DNA polymerase delta"
"MDM4","PHF8","DNA polymerase delta"
"MDM4","RUNX1","DNA polymerase delta"
"MDM4","WDCP","DNA polymerase delta"
"MDM4","MDC1","DNA polymerase delta"
"MDM4","MRE11","DNA polymerase delta"
"MDM4","NBN","DNA polymerase delta"
"MDM4","RUNX2","DNA polymerase delta"
"MDM4","RAD9A","DNA polymerase delta"
"MDM4","HDAC1","DNA polymerase delta"
"MDM4","TOPBP1","DNA polymerase delta"
"MDM4","BORA","DNA polymerase delta"
"MDM4","WAC","DNA polymerase delta"
"MDM4","DCTN6","DNA polymerase delta"
"MDM4","FMNL2","DNA polymerase delta"
"MDM4","RGCC","DNA polymerase delta"
"MDM4","CTNNB1","REV1"
"MDM4","ATM","REV1"
"MDM4","AURKA","REV1"
"MDM4","RAF1","REV1"
"MDM4","CDK4","REV1"
"MDM4","CDK1","REV1"
"MDM4","PTPN1","REV1"
"MDM4","PTPRC","REV1"
"MDM4","CDK7","REV1"
"MDM4","PLK1","REV1"
"MDM4","LCK","REV1"
"MDM4","RPS6KB1","REV1"
"MDM4","CHEK1","REV1"
"MDM4","AURKB","REV1"
"MDM4","CDC25A","REV1"
"MDM4","CyclinB/CDK1","REV1"
"MDM4","CyclinE/CDK2","REV1"
"MDM4","TTK","REV1"
"MDM4","CSNK2B","REV1"
"MDM4","SPRED1","REV1"
"MDM4","RPA2","REV1"
"MDM4","BUB1","REV1"
"MDM4","NEK9","REV1"
"MDM4","CCNO","REV1"
"MDM4","HDAC3","REV1"
"MDM4","RELA","REV1"
"MDM4","HASPIN","REV1"
"MDM4","CDK6","REV1"
"MDM4","CDC25C","REV1"
"MDM4","INCENP","REV1"
"MDM4","CDC25B","REV1"
"MDM4","NEK6","REV1"
"MDM4","USP37","REV1"
"MDM4","AMBRA1","REV1"
"MDM4","CEP192","REV1"
"MDM4","DAXX","REV1"
"MDM4","NR3C1","REV1"
"MDM4","H2AX","REV1"
"MDM4","TNFAIP1","REV1"
"MDM4","PHF8","REV1"
"MDM4","RUNX1","REV1"
"MDM4","WDCP","REV1"
"MDM4","MDC1","REV1"
"MDM4","MRE11","REV1"
"MDM4","NBN","REV1"
"MDM4","RUNX2","REV1"
"MDM4","RAD9A","REV1"
"MDM4","HDAC1","REV1"
"MDM4","TOPBP1","REV1"
"MDM4","BORA","REV1"
"MDM4","WAC","REV1"
"MDM4","DCTN6","REV1"
"MDM4","FMNL2","REV1"
"MDM4","RGCC","REV1"
"MDM4","CTNNB1","FANCE"
"MDM4","ATM","FANCE"
"MDM4","AURKA","FANCE"
"MDM4","RAF1","FANCE"
"MDM4","CDK4","FANCE"
"MDM4","CDK1","FANCE"
"MDM4","PTPN1","FANCE"
"MDM4","PTPRC","FANCE"
"MDM4","CDK7","FANCE"
"MDM4","PLK1","FANCE"
"MDM4","LCK","FANCE"
"MDM4","RPS6KB1","FANCE"
"MDM4","CDK2","FANCE"
"MDM4","AURKB","FANCE"
"MDM4","CDC25A","FANCE"
"MDM4","CyclinB/CDK1","FANCE"
"MDM4","CyclinE/CDK2","FANCE"
"MDM4","TTK","FANCE"
"MDM4","CSNK2B","FANCE"
"MDM4","SPRED1","FANCE"
"MDM4","RPA2","FANCE"
"MDM4","BUB1","FANCE"
"MDM4","NEK9","FANCE"
"MDM4","CCNO","FANCE"
"MDM4","HDAC3","FANCE"
"MDM4","RELA","FANCE"
"MDM4","HASPIN","FANCE"
"MDM4","CDK6","FANCE"
"MDM4","CDC25C","FANCE"
"MDM4","INCENP","FANCE"
"MDM4","CDC25B","FANCE"
"MDM4","NEK6","FANCE"
"MDM4","USP37","FANCE"
"MDM4","AMBRA1","FANCE"
"MDM4","CEP192","FANCE"
"MDM4","DAXX","FANCE"
"MDM4","NR3C1","FANCE"
"MDM4","H2AX","FANCE"
"MDM4","TNFAIP1","FANCE"
"MDM4","PHF8","FANCE"
"MDM4","RUNX1","FANCE"
"MDM4","WDCP","FANCE"
"MDM4","MDC1","FANCE"
"MDM4","MRE11","FANCE"
"MDM4","NBN","FANCE"
"MDM4","RUNX2","FANCE"
"MDM4","RAD9A","FANCE"
"MDM4","HDAC1","FANCE"
"MDM4","TOPBP1","FANCE"
"MDM4","BORA","FANCE"
"MDM4","WAC","FANCE"
"MDM4","DCTN6","FANCE"
"MDM4","FMNL2","FANCE"
"MDM4","RGCC","FANCE"
"MDM4","CTNNB1","RAB11FIP3"
"MDM4","ATM","RAB11FIP3"
"MDM4","AURKA","RAB11FIP3"
"MDM4","RAF1","RAB11FIP3"
"MDM4","CDK4","RAB11FIP3"
"MDM4","PTPN1","RAB11FIP3"
"MDM4","PTPRC","RAB11FIP3"
"MDM4","CDK7","RAB11FIP3"
"MDM4","PLK1","RAB11FIP3"
"MDM4","LCK","RAB11FIP3"
"MDM4","RPS6KB1","RAB11FIP3"
"MDM4","CDK2","RAB11FIP3"
"MDM4","CHEK1","RAB11FIP3"
"MDM4","AURKB","RAB11FIP3"
"MDM4","CDC25A","RAB11FIP3"
"MDM4","CyclinB/CDK1","RAB11FIP3"
"MDM4","CyclinE/CDK2","RAB11FIP3"
"MDM4","TTK","RAB11FIP3"
"MDM4","CSNK2B","RAB11FIP3"
"MDM4","SPRED1","RAB11FIP3"
"MDM4","RPA2","RAB11FIP3"
"MDM4","BUB1","RAB11FIP3"
"MDM4","NEK9","RAB11FIP3"
"MDM4","CCNO","RAB11FIP3"
"MDM4","HDAC3","RAB11FIP3"
"MDM4","RELA","RAB11FIP3"
"MDM4","HASPIN","RAB11FIP3"
"MDM4","CDK6","RAB11FIP3"
"MDM4","CDC25C","RAB11FIP3"
"MDM4","INCENP","RAB11FIP3"
"MDM4","CDC25B","RAB11FIP3"
"MDM4","NEK6","RAB11FIP3"
"MDM4","USP37","RAB11FIP3"
"MDM4","AMBRA1","RAB11FIP3"
"MDM4","CEP192","RAB11FIP3"
"MDM4","DAXX","RAB11FIP3"
"MDM4","NR3C1","RAB11FIP3"
"MDM4","H2AX","RAB11FIP3"
"MDM4","TNFAIP1","RAB11FIP3"
"MDM4","PHF8","RAB11FIP3"
"MDM4","RUNX1","RAB11FIP3"
"MDM4","WDCP","RAB11FIP3"
"MDM4","MDC1","RAB11FIP3"
"MDM4","MRE11","RAB11FIP3"
"MDM4","NBN","RAB11FIP3"
"MDM4","RUNX2","RAB11FIP3"
"MDM4","RAD9A","RAB11FIP3"
"MDM4","HDAC1","RAB11FIP3"
"MDM4","TOPBP1","RAB11FIP3"
"MDM4","BORA","RAB11FIP3"
"MDM4","WAC","RAB11FIP3"
"MDM4","DCTN6","RAB11FIP3"
"MDM4","FMNL2","RAB11FIP3"
"MDM4","RGCC","RAB11FIP3"
"MDM4","CTNNB1","DUT"
"MDM4","ATM","DUT"
"MDM4","AURKA","DUT"
"MDM4","RAF1","DUT"
"MDM4","CDK4","DUT"
"MDM4","PTPN1","DUT"
"MDM4","PTPRC","DUT"
"MDM4","CDK7","DUT"
"MDM4","PLK1","DUT"
"MDM4","LCK","DUT"
"MDM4","RPS6KB1","DUT"
"MDM4","CDK2","DUT"
"MDM4","CHEK1","DUT"
"MDM4","AURKB","DUT"
"MDM4","CDC25A","DUT"
"MDM4","CyclinB/CDK1","DUT"
"MDM4","CyclinE/CDK2","DUT"
"MDM4","TTK","DUT"
"MDM4","CSNK2B","DUT"
"MDM4","SPRED1","DUT"
"MDM4","RPA2","DUT"
"MDM4","BUB1","DUT"
"MDM4","NEK9","DUT"
"MDM4","CCNO","DUT"
"MDM4","HDAC3","DUT"
"MDM4","RELA","DUT"
"MDM4","HASPIN","DUT"
"MDM4","CDK6","DUT"
"MDM4","CDC25C","DUT"
"MDM4","INCENP","DUT"
"MDM4","CDC25B","DUT"
"MDM4","NEK6","DUT"
"MDM4","USP37","DUT"
"MDM4","AMBRA1","DUT"
"MDM4","CEP192","DUT"
"MDM4","DAXX","DUT"
"MDM4","NR3C1","DUT"
"MDM4","H2AX","DUT"
"MDM4","TNFAIP1","DUT"
"MDM4","PHF8","DUT"
"MDM4","RUNX1","DUT"
"MDM4","WDCP","DUT"
"MDM4","MDC1","DUT"
"MDM4","MRE11","DUT"
"MDM4","NBN","DUT"
"MDM4","RUNX2","DUT"
"MDM4","RAD9A","DUT"
"MDM4","HDAC1","DUT"
"MDM4","TOPBP1","DUT"
"MDM4","BORA","DUT"
"MDM4","WAC","DUT"
"MDM4","DCTN6","DUT"
"MDM4","FMNL2","DUT"
"MDM4","RGCC","DUT"
"MDM4","CTNNB1","ANP32B"
"MDM4","ATM","ANP32B"
"MDM4","AURKA","ANP32B"
"MDM4","RAF1","ANP32B"
"MDM4","CDK4","ANP32B"
"MDM4","PTPN1","ANP32B"
"MDM4","PTPRC","ANP32B"
"MDM4","CDK7","ANP32B"
"MDM4","PLK1","ANP32B"
"MDM4","LCK","ANP32B"
"MDM4","RPS6KB1","ANP32B"
"MDM4","CDK2","ANP32B"
"MDM4","CHEK1","ANP32B"
"MDM4","AURKB","ANP32B"
"MDM4","CDC25A","ANP32B"
"MDM4","CyclinB/CDK1","ANP32B"
"MDM4","CyclinE/CDK2","ANP32B"
"MDM4","TTK","ANP32B"
"MDM4","CSNK2B","ANP32B"
"MDM4","SPRED1","ANP32B"
"MDM4","RPA2","ANP32B"
"MDM4","BUB1","ANP32B"
"MDM4","NEK9","ANP32B"
"MDM4","CCNO","ANP32B"
"MDM4","HDAC3","ANP32B"
"MDM4","RELA","ANP32B"
"MDM4","HASPIN","ANP32B"
"MDM4","CDK6","ANP32B"
"MDM4","CDC25C","ANP32B"
"MDM4","INCENP","ANP32B"
"MDM4","CDC25B","ANP32B"
"MDM4","NEK6","ANP32B"
"MDM4","USP37","ANP32B"
"MDM4","AMBRA1","ANP32B"
"MDM4","CEP192","ANP32B"
"MDM4","DAXX","ANP32B"
"MDM4","NR3C1","ANP32B"
"MDM4","H2AX","ANP32B"
"MDM4","TNFAIP1","ANP32B"
"MDM4","PHF8","ANP32B"
"MDM4","RUNX1","ANP32B"
"MDM4","WDCP","ANP32B"
"MDM4","MDC1","ANP32B"
"MDM4","MRE11","ANP32B"
"MDM4","NBN","ANP32B"
"MDM4","RUNX2","ANP32B"
"MDM4","RAD9A","ANP32B"
"MDM4","HDAC1","ANP32B"
"MDM4","TOPBP1","ANP32B"
"MDM4","BORA","ANP32B"
"MDM4","WAC","ANP32B"
"MDM4","DCTN6","ANP32B"
"MDM4","FMNL2","ANP32B"
"MDM4","RGCC","ANP32B"
"MDM4","CTNNB1","UBE2A"
"MDM4","ATM","UBE2A"
"MDM4","AURKA","UBE2A"
"MDM4","RAF1","UBE2A"
"MDM4","CDK4","UBE2A"
"MDM4","CDK1","UBE2A"
"MDM4","PTPN1","UBE2A"
"MDM4","PTPRC","UBE2A"
"MDM4","CDK7","UBE2A"
"MDM4","PLK1","UBE2A"
"MDM4","LCK","UBE2A"
"MDM4","RPS6KB1","UBE2A"
"MDM4","CDK2","UBE2A"
"MDM4","CHEK1","UBE2A"
"MDM4","AURKB","UBE2A"
"MDM4","CDC25A","UBE2A"
"MDM4","CyclinB/CDK1","UBE2A"
"MDM4","CyclinE/CDK2","UBE2A"
"MDM4","TTK","UBE2A"
"MDM4","CSNK2B","UBE2A"
"MDM4","SPRED1","UBE2A"
"MDM4","RPA2","UBE2A"
"MDM4","BUB1","UBE2A"
"MDM4","NEK9","UBE2A"
"MDM4","CCNO","UBE2A"
"MDM4","HDAC3","UBE2A"
"MDM4","RELA","UBE2A"
"MDM4","HASPIN","UBE2A"
"MDM4","CDK6","UBE2A"
"MDM4","CDC25C","UBE2A"
"MDM4","INCENP","UBE2A"
"MDM4","CDC25B","UBE2A"
"MDM4","NEK6","UBE2A"
"MDM4","USP37","UBE2A"
"MDM4","AMBRA1","UBE2A"
"MDM4","CEP192","UBE2A"
"MDM4","DAXX","UBE2A"
"MDM4","NR3C1","UBE2A"
"MDM4","H2AX","UBE2A"
"MDM4","TNFAIP1","UBE2A"
"MDM4","PHF8","UBE2A"
"MDM4","RUNX1","UBE2A"
"MDM4","WDCP","UBE2A"
"MDM4","MDC1","UBE2A"
"MDM4","MRE11","UBE2A"
"MDM4","NBN","UBE2A"
"MDM4","RUNX2","UBE2A"
"MDM4","RAD9A","UBE2A"
"MDM4","HDAC1","UBE2A"
"MDM4","TOPBP1","UBE2A"
"MDM4","BORA","UBE2A"
"MDM4","WAC","UBE2A"
"MDM4","DCTN6","UBE2A"
"MDM4","FMNL2","UBE2A"
"MDM4","RGCC","UBE2A"
"MDM4","CTNNB1","RNMT"
"MDM4","ATM","RNMT"
"MDM4","AURKA","RNMT"
"MDM4","RAF1","RNMT"
"MDM4","CDK4","RNMT"
"MDM4","PTPN1","RNMT"
"MDM4","PTPRC","RNMT"
"MDM4","CDK7","RNMT"
"MDM4","PLK1","RNMT"
"MDM4","LCK","RNMT"
"MDM4","RPS6KB1","RNMT"
"MDM4","CDK2","RNMT"
"MDM4","CHEK1","RNMT"
"MDM4","AURKB","RNMT"
"MDM4","CDC25A","RNMT"
"MDM4","CyclinB/CDK1","RNMT"
"MDM4","CyclinE/CDK2","RNMT"
"MDM4","TTK","RNMT"
"MDM4","CSNK2B","RNMT"
"MDM4","SPRED1","RNMT"
"MDM4","RPA2","RNMT"
"MDM4","BUB1","RNMT"
"MDM4","NEK9","RNMT"
"MDM4","CCNO","RNMT"
"MDM4","HDAC3","RNMT"
"MDM4","RELA","RNMT"
"MDM4","HASPIN","RNMT"
"MDM4","CDK6","RNMT"
"MDM4","CDC25C","RNMT"
"MDM4","INCENP","RNMT"
"MDM4","CDC25B","RNMT"
"MDM4","NEK6","RNMT"
"MDM4","USP37","RNMT"
"MDM4","AMBRA1","RNMT"
"MDM4","CEP192","RNMT"
"MDM4","DAXX","RNMT"
"MDM4","NR3C1","RNMT"
"MDM4","H2AX","RNMT"
"MDM4","TNFAIP1","RNMT"
"MDM4","PHF8","RNMT"
"MDM4","RUNX1","RNMT"
"MDM4","WDCP","RNMT"
"MDM4","MDC1","RNMT"
"MDM4","MRE11","RNMT"
"MDM4","NBN","RNMT"
"MDM4","RUNX2","RNMT"
"MDM4","RAD9A","RNMT"
"MDM4","HDAC1","RNMT"
"MDM4","TOPBP1","RNMT"
"MDM4","BORA","RNMT"
"MDM4","WAC","RNMT"
"MDM4","DCTN6","RNMT"
"MDM4","FMNL2","RNMT"
"MDM4","RGCC","RNMT"
"MDM4","CTNNB1","VAMP4"
"MDM4","ATM","VAMP4"
"MDM4","AURKA","VAMP4"
"MDM4","RAF1","VAMP4"
"MDM4","CDK4","VAMP4"
"MDM4","PTPN1","VAMP4"
"MDM4","PTPRC","VAMP4"
"MDM4","CDK7","VAMP4"
"MDM4","PLK1","VAMP4"
"MDM4","LCK","VAMP4"
"MDM4","RPS6KB1","VAMP4"
"MDM4","CDK2","VAMP4"
"MDM4","CHEK1","VAMP4"
"MDM4","AURKB","VAMP4"
"MDM4","CDC25A","VAMP4"
"MDM4","CyclinB/CDK1","VAMP4"
"MDM4","CyclinE/CDK2","VAMP4"
"MDM4","TTK","VAMP4"
"MDM4","CSNK2B","VAMP4"
"MDM4","SPRED1","VAMP4"
"MDM4","RPA2","VAMP4"
"MDM4","BUB1","VAMP4"
"MDM4","NEK9","VAMP4"
"MDM4","CCNO","VAMP4"
"MDM4","HDAC3","VAMP4"
"MDM4","RELA","VAMP4"
"MDM4","HASPIN","VAMP4"
"MDM4","CDK6","VAMP4"
"MDM4","CDC25C","VAMP4"
"MDM4","INCENP","VAMP4"
"MDM4","CDC25B","VAMP4"
"MDM4","NEK6","VAMP4"
"MDM4","USP37","VAMP4"
"MDM4","AMBRA1","VAMP4"
"MDM4","CEP192","VAMP4"
"MDM4","DAXX","VAMP4"
"MDM4","NR3C1","VAMP4"
"MDM4","H2AX","VAMP4"
"MDM4","TNFAIP1","VAMP4"
"MDM4","PHF8","VAMP4"
"MDM4","RUNX1","VAMP4"
"MDM4","WDCP","VAMP4"
"MDM4","MDC1","VAMP4"
"MDM4","MRE11","VAMP4"
"MDM4","NBN","VAMP4"
"MDM4","RUNX2","VAMP4"
"MDM4","RAD9A","VAMP4"
"MDM4","HDAC1","VAMP4"
"MDM4","TOPBP1","VAMP4"
"MDM4","BORA","VAMP4"
"MDM4","WAC","VAMP4"
"MDM4","DCTN6","VAMP4"
"MDM4","FMNL2","VAMP4"
"MDM4","RGCC","VAMP4"
"MDM4","CTNNB1","PDCD5"
"MDM4","ATM","PDCD5"
"MDM4","AURKA","PDCD5"
"MDM4","RAF1","PDCD5"
"MDM4","CDK4","PDCD5"
"MDM4","PTPN1","PDCD5"
"MDM4","PTPRC","PDCD5"
"MDM4","CDK7","PDCD5"
"MDM4","PLK1","PDCD5"
"MDM4","LCK","PDCD5"
"MDM4","RPS6KB1","PDCD5"
"MDM4","CDK2","PDCD5"
"MDM4","CHEK1","PDCD5"
"MDM4","AURKB","PDCD5"
"MDM4","CDC25A","PDCD5"
"MDM4","CyclinB/CDK1","PDCD5"
"MDM4","CyclinE/CDK2","PDCD5"
"MDM4","TTK","PDCD5"
"MDM4","CSNK2B","PDCD5"
"MDM4","SPRED1","PDCD5"
"MDM4","RPA2","PDCD5"
"MDM4","BUB1","PDCD5"
"MDM4","NEK9","PDCD5"
"MDM4","CCNO","PDCD5"
"MDM4","HDAC3","PDCD5"
"MDM4","RELA","PDCD5"
"MDM4","HASPIN","PDCD5"
"MDM4","CDK6","PDCD5"
"MDM4","CDC25C","PDCD5"
"MDM4","INCENP","PDCD5"
"MDM4","CDC25B","PDCD5"
"MDM4","NEK6","PDCD5"
"MDM4","USP37","PDCD5"
"MDM4","AMBRA1","PDCD5"
"MDM4","CEP192","PDCD5"
"MDM4","DAXX","PDCD5"
"MDM4","NR3C1","PDCD5"
"MDM4","H2AX","PDCD5"
"MDM4","TNFAIP1","PDCD5"
"MDM4","PHF8","PDCD5"
"MDM4","RUNX1","PDCD5"
"MDM4","WDCP","PDCD5"
"MDM4","MDC1","PDCD5"
"MDM4","MRE11","PDCD5"
"MDM4","NBN","PDCD5"
"MDM4","RUNX2","PDCD5"
"MDM4","RAD9A","PDCD5"
"MDM4","HDAC1","PDCD5"
"MDM4","TOPBP1","PDCD5"
"MDM4","BORA","PDCD5"
"MDM4","WAC","PDCD5"
"MDM4","DCTN6","PDCD5"
"MDM4","FMNL2","PDCD5"
"MDM4","RGCC","PDCD5"
"MDM4","CTNNB1","PTPRCAP"
"MDM4","ATM","PTPRCAP"
"MDM4","AURKA","PTPRCAP"
"MDM4","RAF1","PTPRCAP"
"MDM4","CDK4","PTPRCAP"
"MDM4","PTPN1","PTPRCAP"
"MDM4","PTPRC","PTPRCAP"
"MDM4","CDK7","PTPRCAP"
"MDM4","PLK1","PTPRCAP"
"MDM4","LCK","PTPRCAP"
"MDM4","RPS6KB1","PTPRCAP"
"MDM4","CDK2","PTPRCAP"
"MDM4","CHEK1","PTPRCAP"
"MDM4","AURKB","PTPRCAP"
"MDM4","CDC25A","PTPRCAP"
"MDM4","CyclinB/CDK1","PTPRCAP"
"MDM4","CyclinE/CDK2","PTPRCAP"
"MDM4","TTK","PTPRCAP"
"MDM4","CSNK2B","PTPRCAP"
"MDM4","SPRED1","PTPRCAP"
"MDM4","RPA2","PTPRCAP"
"MDM4","BUB1","PTPRCAP"
"MDM4","NEK9","PTPRCAP"
"MDM4","CCNO","PTPRCAP"
"MDM4","HDAC3","PTPRCAP"
"MDM4","RELA","PTPRCAP"
"MDM4","HASPIN","PTPRCAP"
"MDM4","CDK6","PTPRCAP"
"MDM4","CDC25C","PTPRCAP"
"MDM4","INCENP","PTPRCAP"
"MDM4","CDC25B","PTPRCAP"
"MDM4","NEK6","PTPRCAP"
"MDM4","USP37","PTPRCAP"
"MDM4","AMBRA1","PTPRCAP"
"MDM4","CEP192","PTPRCAP"
"MDM4","DAXX","PTPRCAP"
"MDM4","NR3C1","PTPRCAP"
"MDM4","H2AX","PTPRCAP"
"MDM4","TNFAIP1","PTPRCAP"
"MDM4","PHF8","PTPRCAP"
"MDM4","RUNX1","PTPRCAP"
"MDM4","WDCP","PTPRCAP"
"MDM4","MDC1","PTPRCAP"
"MDM4","MRE11","PTPRCAP"
"MDM4","NBN","PTPRCAP"
"MDM4","RUNX2","PTPRCAP"
"MDM4","RAD9A","PTPRCAP"
"MDM4","HDAC1","PTPRCAP"
"MDM4","TOPBP1","PTPRCAP"
"MDM4","BORA","PTPRCAP"
"MDM4","WAC","PTPRCAP"
"MDM4","DCTN6","PTPRCAP"
"MDM4","FMNL2","PTPRCAP"
"MDM4","RGCC","PTPRCAP"
"MDM4","CTNNB1","IFI16"
"MDM4","ATM","IFI16"
"MDM4","AURKA","IFI16"
"MDM4","RAF1","IFI16"
"MDM4","CDK4","IFI16"
"MDM4","PTPN1","IFI16"
"MDM4","PTPRC","IFI16"
"MDM4","CDK7","IFI16"
"MDM4","PLK1","IFI16"
"MDM4","LCK","IFI16"
"MDM4","RPS6KB1","IFI16"
"MDM4","CDK2","IFI16"
"MDM4","CHEK1","IFI16"
"MDM4","AURKB","IFI16"
"MDM4","CDC25A","IFI16"
"MDM4","CyclinB/CDK1","IFI16"
"MDM4","CyclinE/CDK2","IFI16"
"MDM4","TTK","IFI16"
"MDM4","CSNK2B","IFI16"
"MDM4","SPRED1","IFI16"
"MDM4","RPA2","IFI16"
"MDM4","BUB1","IFI16"
"MDM4","NEK9","IFI16"
"MDM4","CCNO","IFI16"
"MDM4","HDAC3","IFI16"
"MDM4","RELA","IFI16"
"MDM4","HASPIN","IFI16"
"MDM4","CDK6","IFI16"
"MDM4","CDC25C","IFI16"
"MDM4","INCENP","IFI16"
"MDM4","CDC25B","IFI16"
"MDM4","NEK6","IFI16"
"MDM4","USP37","IFI16"
"MDM4","AMBRA1","IFI16"
"MDM4","CEP192","IFI16"
"MDM4","DAXX","IFI16"
"MDM4","NR3C1","IFI16"
"MDM4","H2AX","IFI16"
"MDM4","TNFAIP1","IFI16"
"MDM4","PHF8","IFI16"
"MDM4","RUNX1","IFI16"
"MDM4","WDCP","IFI16"
"MDM4","MDC1","IFI16"
"MDM4","MRE11","IFI16"
"MDM4","NBN","IFI16"
"MDM4","RUNX2","IFI16"
"MDM4","RAD9A","IFI16"
"MDM4","HDAC1","IFI16"
"MDM4","TOPBP1","IFI16"
"MDM4","BORA","IFI16"
"MDM4","WAC","IFI16"
"MDM4","DCTN6","IFI16"
"MDM4","FMNL2","IFI16"
"MDM4","RGCC","IFI16"
"MDM4","CTNNB1","MCM3AP"
"MDM4","ATM","MCM3AP"
"MDM4","AURKA","MCM3AP"
"MDM4","RAF1","MCM3AP"
"MDM4","CDK4","MCM3AP"
"MDM4","CDK1","MCM3AP"
"MDM4","PTPN1","MCM3AP"
"MDM4","PTPRC","MCM3AP"
"MDM4","CDK7","MCM3AP"
"MDM4","PLK1","MCM3AP"
"MDM4","LCK","MCM3AP"
"MDM4","RPS6KB1","MCM3AP"
"MDM4","CHEK1","MCM3AP"
"MDM4","AURKB","MCM3AP"
"MDM4","CDC25A","MCM3AP"
"MDM4","CyclinB/CDK1","MCM3AP"
"MDM4","CyclinE/CDK2","MCM3AP"
"MDM4","TTK","MCM3AP"
"MDM4","CSNK2B","MCM3AP"
"MDM4","SPRED1","MCM3AP"
"MDM4","RPA2","MCM3AP"
"MDM4","BUB1","MCM3AP"
"MDM4","NEK9","MCM3AP"
"MDM4","CCNO","MCM3AP"
"MDM4","HDAC3","MCM3AP"
"MDM4","RELA","MCM3AP"
"MDM4","HASPIN","MCM3AP"
"MDM4","CDK6","MCM3AP"
"MDM4","CDC25C","MCM3AP"
"MDM4","INCENP","MCM3AP"
"MDM4","CDC25B","MCM3AP"
"MDM4","NEK6","MCM3AP"
"MDM4","USP37","MCM3AP"
"MDM4","AMBRA1","MCM3AP"
"MDM4","CEP192","MCM3AP"
"MDM4","DAXX","MCM3AP"
"MDM4","NR3C1","MCM3AP"
"MDM4","H2AX","MCM3AP"
"MDM4","TNFAIP1","MCM3AP"
"MDM4","PHF8","MCM3AP"
"MDM4","RUNX1","MCM3AP"
"MDM4","WDCP","MCM3AP"
"MDM4","MDC1","MCM3AP"
"MDM4","MRE11","MCM3AP"
"MDM4","NBN","MCM3AP"
"MDM4","RUNX2","MCM3AP"
"MDM4","RAD9A","MCM3AP"
"MDM4","HDAC1","MCM3AP"
"MDM4","TOPBP1","MCM3AP"
"MDM4","BORA","MCM3AP"
"MDM4","WAC","MCM3AP"
"MDM4","DCTN6","MCM3AP"
"MDM4","FMNL2","MCM3AP"
"MDM4","RGCC","MCM3AP"
"MDM4","CTNNB1","NFYC"
"MDM4","ATM","NFYC"
"MDM4","AURKA","NFYC"
"MDM4","RAF1","NFYC"
"MDM4","CDK4","NFYC"
"MDM4","CDK1","NFYC"
"MDM4","PTPN1","NFYC"
"MDM4","PTPRC","NFYC"
"MDM4","CDK7","NFYC"
"MDM4","PLK1","NFYC"
"MDM4","LCK","NFYC"
"MDM4","RPS6KB1","NFYC"
"MDM4","CHEK1","NFYC"
"MDM4","AURKB","NFYC"
"MDM4","CDC25A","NFYC"
"MDM4","CyclinB/CDK1","NFYC"
"MDM4","CyclinE/CDK2","NFYC"
"MDM4","TTK","NFYC"
"MDM4","CSNK2B","NFYC"
"MDM4","SPRED1","NFYC"
"MDM4","RPA2","NFYC"
"MDM4","BUB1","NFYC"
"MDM4","NEK9","NFYC"
"MDM4","CCNO","NFYC"
"MDM4","HDAC3","NFYC"
"MDM4","RELA","NFYC"
"MDM4","HASPIN","NFYC"
"MDM4","CDK6","NFYC"
"MDM4","CDC25C","NFYC"
"MDM4","INCENP","NFYC"
"MDM4","CDC25B","NFYC"
"MDM4","NEK6","NFYC"
"MDM4","USP37","NFYC"
"MDM4","AMBRA1","NFYC"
"MDM4","CEP192","NFYC"
"MDM4","DAXX","NFYC"
"MDM4","NR3C1","NFYC"
"MDM4","H2AX","NFYC"
"MDM4","TNFAIP1","NFYC"
"MDM4","PHF8","NFYC"
"MDM4","RUNX1","NFYC"
"MDM4","WDCP","NFYC"
"MDM4","MDC1","NFYC"
"MDM4","MRE11","NFYC"
"MDM4","NBN","NFYC"
"MDM4","RUNX2","NFYC"
"MDM4","RAD9A","NFYC"
"MDM4","HDAC1","NFYC"
"MDM4","TOPBP1","NFYC"
"MDM4","BORA","NFYC"
"MDM4","WAC","NFYC"
"MDM4","DCTN6","NFYC"
"MDM4","FMNL2","NFYC"
"MDM4","RGCC","NFYC"
"MDM4","CTNNB1","FOSB"
"MDM4","ATM","FOSB"
"MDM4","AURKA","FOSB"
"MDM4","RAF1","FOSB"
"MDM4","CDK4","FOSB"
"MDM4","PTPN1","FOSB"
"MDM4","PTPRC","FOSB"
"MDM4","CDK7","FOSB"
"MDM4","PLK1","FOSB"
"MDM4","LCK","FOSB"
"MDM4","RPS6KB1","FOSB"
"MDM4","CDK2","FOSB"
"MDM4","CHEK1","FOSB"
"MDM4","AURKB","FOSB"
"MDM4","CDC25A","FOSB"
"MDM4","CyclinB/CDK1","FOSB"
"MDM4","CyclinE/CDK2","FOSB"
"MDM4","TTK","FOSB"
"MDM4","CSNK2B","FOSB"
"MDM4","SPRED1","FOSB"
"MDM4","RPA2","FOSB"
"MDM4","BUB1","FOSB"
"MDM4","NEK9","FOSB"
"MDM4","CCNO","FOSB"
"MDM4","HDAC3","FOSB"
"MDM4","RELA","FOSB"
"MDM4","HASPIN","FOSB"
"MDM4","CDK6","FOSB"
"MDM4","CDC25C","FOSB"
"MDM4","INCENP","FOSB"
"MDM4","CDC25B","FOSB"
"MDM4","NEK6","FOSB"
"MDM4","USP37","FOSB"
"MDM4","AMBRA1","FOSB"
"MDM4","CEP192","FOSB"
"MDM4","DAXX","FOSB"
"MDM4","NR3C1","FOSB"
"MDM4","H2AX","FOSB"
"MDM4","TNFAIP1","FOSB"
"MDM4","PHF8","FOSB"
"MDM4","RUNX1","FOSB"
"MDM4","WDCP","FOSB"
"MDM4","MDC1","FOSB"
"MDM4","MRE11","FOSB"
"MDM4","NBN","FOSB"
"MDM4","RUNX2","FOSB"
"MDM4","RAD9A","FOSB"
"MDM4","HDAC1","FOSB"
"MDM4","TOPBP1","FOSB"
"MDM4","BORA","FOSB"
"MDM4","WAC","FOSB"
"MDM4","DCTN6","FOSB"
"MDM4","FMNL2","FOSB"
"MDM4","RGCC","FOSB"
"MDM4","CTNNB1","GPSM2"
"MDM4","ATM","GPSM2"
"MDM4","AURKA","GPSM2"
"MDM4","RAF1","GPSM2"
"MDM4","CDK4","GPSM2"
"MDM4","CDK1","GPSM2"
"MDM4","PTPN1","GPSM2"
"MDM4","PTPRC","GPSM2"
"MDM4","CDK7","GPSM2"
"MDM4","PLK1","GPSM2"
"MDM4","LCK","GPSM2"
"MDM4","RPS6KB1","GPSM2"
"MDM4","CDK2","GPSM2"
"MDM4","CHEK1","GPSM2"
"MDM4","AURKB","GPSM2"
"MDM4","CDC25A","GPSM2"
"MDM4","CyclinE/CDK2","GPSM2"
"MDM4","TTK","GPSM2"
"MDM4","CSNK2B","GPSM2"
"MDM4","SPRED1","GPSM2"
"MDM4","RPA2","GPSM2"
"MDM4","BUB1","GPSM2"
"MDM4","NEK9","GPSM2"
"MDM4","CCNO","GPSM2"
"MDM4","HDAC3","GPSM2"
"MDM4","RELA","GPSM2"
"MDM4","HASPIN","GPSM2"
"MDM4","CDK6","GPSM2"
"MDM4","CDC25C","GPSM2"
"MDM4","INCENP","GPSM2"
"MDM4","CDC25B","GPSM2"
"MDM4","NEK6","GPSM2"
"MDM4","USP37","GPSM2"
"MDM4","AMBRA1","GPSM2"
"MDM4","CEP192","GPSM2"
"MDM4","DAXX","GPSM2"
"MDM4","NR3C1","GPSM2"
"MDM4","H2AX","GPSM2"
"MDM4","TNFAIP1","GPSM2"
"MDM4","PHF8","GPSM2"
"MDM4","RUNX1","GPSM2"
"MDM4","WDCP","GPSM2"
"MDM4","MDC1","GPSM2"
"MDM4","MRE11","GPSM2"
"MDM4","NBN","GPSM2"
"MDM4","RUNX2","GPSM2"
"MDM4","RAD9A","GPSM2"
"MDM4","HDAC1","GPSM2"
"MDM4","TOPBP1","GPSM2"
"MDM4","BORA","GPSM2"
"MDM4","WAC","GPSM2"
"MDM4","DCTN6","GPSM2"
"MDM4","FMNL2","GPSM2"
"MDM4","RGCC","GPSM2"
"MDM4","CTNNB1","CORO1C"
"MDM4","ATM","CORO1C"
"MDM4","AURKA","CORO1C"
"MDM4","RAF1","CORO1C"
"MDM4","CDK4","CORO1C"
"MDM4","PTPN1","CORO1C"
"MDM4","PTPRC","CORO1C"
"MDM4","CDK7","CORO1C"
"MDM4","PLK1","CORO1C"
"MDM4","LCK","CORO1C"
"MDM4","RPS6KB1","CORO1C"
"MDM4","CDK2","CORO1C"
"MDM4","CHEK1","CORO1C"
"MDM4","AURKB","CORO1C"
"MDM4","CDC25A","CORO1C"
"MDM4","CyclinB/CDK1","CORO1C"
"MDM4","CyclinE/CDK2","CORO1C"
"MDM4","TTK","CORO1C"
"MDM4","CSNK2B","CORO1C"
"MDM4","SPRED1","CORO1C"
"MDM4","RPA2","CORO1C"
"MDM4","BUB1","CORO1C"
"MDM4","NEK9","CORO1C"
"MDM4","CCNO","CORO1C"
"MDM4","HDAC3","CORO1C"
"MDM4","RELA","CORO1C"
"MDM4","HASPIN","CORO1C"
"MDM4","CDK6","CORO1C"
"MDM4","CDC25C","CORO1C"
"MDM4","INCENP","CORO1C"
"MDM4","CDC25B","CORO1C"
"MDM4","NEK6","CORO1C"
"MDM4","USP37","CORO1C"
"MDM4","AMBRA1","CORO1C"
"MDM4","CEP192","CORO1C"
"MDM4","DAXX","CORO1C"
"MDM4","NR3C1","CORO1C"
"MDM4","H2AX","CORO1C"
"MDM4","TNFAIP1","CORO1C"
"MDM4","PHF8","CORO1C"
"MDM4","RUNX1","CORO1C"
"MDM4","WDCP","CORO1C"
"MDM4","MDC1","CORO1C"
"MDM4","MRE11","CORO1C"
"MDM4","NBN","CORO1C"
"MDM4","RUNX2","CORO1C"
"MDM4","RAD9A","CORO1C"
"MDM4","HDAC1","CORO1C"
"MDM4","TOPBP1","CORO1C"
"MDM4","BORA","CORO1C"
"MDM4","WAC","CORO1C"
"MDM4","DCTN6","CORO1C"
"MDM4","FMNL2","CORO1C"
"MDM4","RGCC","CORO1C"
"MDM4","CTNNB1","VDR"
"MDM4","ATM","VDR"
"MDM4","AURKA","VDR"
"MDM4","RAF1","VDR"
"MDM4","CDK4","VDR"
"MDM4","PTPN1","VDR"
"MDM4","PTPRC","VDR"
"MDM4","CDK7","VDR"
"MDM4","PLK1","VDR"
"MDM4","LCK","VDR"
"MDM4","RPS6KB1","VDR"
"MDM4","CDK2","VDR"
"MDM4","CHEK1","VDR"
"MDM4","AURKB","VDR"
"MDM4","CDC25A","VDR"
"MDM4","CyclinB/CDK1","VDR"
"MDM4","CyclinE/CDK2","VDR"
"MDM4","TTK","VDR"
"MDM4","CSNK2B","VDR"
"MDM4","SPRED1","VDR"
"MDM4","RPA2","VDR"
"MDM4","BUB1","VDR"
"MDM4","NEK9","VDR"
"MDM4","CCNO","VDR"
"MDM4","HDAC3","VDR"
"MDM4","RELA","VDR"
"MDM4","HASPIN","VDR"
"MDM4","CDK6","VDR"
"MDM4","CDC25C","VDR"
"MDM4","INCENP","VDR"
"MDM4","CDC25B","VDR"
"MDM4","NEK6","VDR"
"MDM4","USP37","VDR"
"MDM4","AMBRA1","VDR"
"MDM4","CEP192","VDR"
"MDM4","DAXX","VDR"
"MDM4","NR3C1","VDR"
"MDM4","H2AX","VDR"
"MDM4","TNFAIP1","VDR"
"MDM4","PHF8","VDR"
"MDM4","RUNX1","VDR"
"MDM4","WDCP","VDR"
"MDM4","MDC1","VDR"
"MDM4","MRE11","VDR"
"MDM4","NBN","VDR"
"MDM4","RUNX2","VDR"
"MDM4","RAD9A","VDR"
"MDM4","HDAC1","VDR"
"MDM4","TOPBP1","VDR"
"MDM4","BORA","VDR"
"MDM4","WAC","VDR"
"MDM4","DCTN6","VDR"
"MDM4","FMNL2","VDR"
"MDM4","RGCC","VDR"
"MDM4","CTNNB1","NKX2-5"
"MDM4","ATM","NKX2-5"
"MDM4","AURKA","NKX2-5"
"MDM4","RAF1","NKX2-5"
"MDM4","CDK4","NKX2-5"
"MDM4","PTPN1","NKX2-5"
"MDM4","PTPRC","NKX2-5"
"MDM4","CDK7","NKX2-5"
"MDM4","PLK1","NKX2-5"
"MDM4","LCK","NKX2-5"
"MDM4","RPS6KB1","NKX2-5"
"MDM4","CDK2","NKX2-5"
"MDM4","CHEK1","NKX2-5"
"MDM4","AURKB","NKX2-5"
"MDM4","CDC25A","NKX2-5"
"MDM4","CyclinB/CDK1","NKX2-5"
"MDM4","CyclinE/CDK2","NKX2-5"
"MDM4","TTK","NKX2-5"
"MDM4","CSNK2B","NKX2-5"
"MDM4","SPRED1","NKX2-5"
"MDM4","RPA2","NKX2-5"
"MDM4","BUB1","NKX2-5"
"MDM4","NEK9","NKX2-5"
"MDM4","CCNO","NKX2-5"
"MDM4","HDAC3","NKX2-5"
"MDM4","RELA","NKX2-5"
"MDM4","HASPIN","NKX2-5"
"MDM4","CDK6","NKX2-5"
"MDM4","CDC25C","NKX2-5"
"MDM4","INCENP","NKX2-5"
"MDM4","CDC25B","NKX2-5"
"MDM4","NEK6","NKX2-5"
"MDM4","USP37","NKX2-5"
"MDM4","AMBRA1","NKX2-5"
"MDM4","CEP192","NKX2-5"
"MDM4","DAXX","NKX2-5"
"MDM4","NR3C1","NKX2-5"
"MDM4","H2AX","NKX2-5"
"MDM4","TNFAIP1","NKX2-5"
"MDM4","PHF8","NKX2-5"
"MDM4","RUNX1","NKX2-5"
"MDM4","WDCP","NKX2-5"
"MDM4","MDC1","NKX2-5"
"MDM4","MRE11","NKX2-5"
"MDM4","NBN","NKX2-5"
"MDM4","RUNX2","NKX2-5"
"MDM4","RAD9A","NKX2-5"
"MDM4","HDAC1","NKX2-5"
"MDM4","TOPBP1","NKX2-5"
"MDM4","BORA","NKX2-5"
"MDM4","WAC","NKX2-5"
"MDM4","DCTN6","NKX2-5"
"MDM4","FMNL2","NKX2-5"
"MDM4","RGCC","NKX2-5"
"MDM4","CTNNB1","PHB"
"MDM4","ATM","PHB"
"MDM4","AURKA","PHB"
"MDM4","RAF1","PHB"
"MDM4","CDK4","PHB"
"MDM4","CDK1","PHB"
"MDM4","PTPN1","PHB"
"MDM4","PTPRC","PHB"
"MDM4","CDK7","PHB"
"MDM4","PLK1","PHB"
"MDM4","LCK","PHB"
"MDM4","RPS6KB1","PHB"
"MDM4","CDK2","PHB"
"MDM4","CHEK1","PHB"
"MDM4","AURKB","PHB"
"MDM4","CDC25A","PHB"
"MDM4","CyclinB/CDK1","PHB"
"MDM4","CyclinE/CDK2","PHB"
"MDM4","TTK","PHB"
"MDM4","CSNK2B","PHB"
"MDM4","SPRED1","PHB"
"MDM4","RPA2","PHB"
"MDM4","BUB1","PHB"
"MDM4","NEK9","PHB"
"MDM4","CCNO","PHB"
"MDM4","HDAC3","PHB"
"MDM4","RELA","PHB"
"MDM4","HASPIN","PHB"
"MDM4","CDK6","PHB"
"MDM4","CDC25C","PHB"
"MDM4","INCENP","PHB"
"MDM4","CDC25B","PHB"
"MDM4","NEK6","PHB"
"MDM4","USP37","PHB"
"MDM4","AMBRA1","PHB"
"MDM4","CEP192","PHB"
"MDM4","DAXX","PHB"
"MDM4","NR3C1","PHB"
"MDM4","H2AX","PHB"
"MDM4","TNFAIP1","PHB"
"MDM4","PHF8","PHB"
"MDM4","RUNX1","PHB"
"MDM4","WDCP","PHB"
"MDM4","MDC1","PHB"
"MDM4","MRE11","PHB"
"MDM4","NBN","PHB"
"MDM4","RUNX2","PHB"
"MDM4","RAD9A","PHB"
"MDM4","HDAC1","PHB"
"MDM4","TOPBP1","PHB"
"MDM4","BORA","PHB"
"MDM4","WAC","PHB"
"MDM4","DCTN6","PHB"
"MDM4","FMNL2","PHB"
"MDM4","RGCC","PHB"
"MDM4","CTNNB1","NFYB"
"MDM4","ATM","NFYB"
"MDM4","AURKA","NFYB"
"MDM4","RAF1","NFYB"
"MDM4","CDK4","NFYB"
"MDM4","CDK1","NFYB"
"MDM4","PTPN1","NFYB"
"MDM4","PTPRC","NFYB"
"MDM4","CDK7","NFYB"
"MDM4","PLK1","NFYB"
"MDM4","LCK","NFYB"
"MDM4","RPS6KB1","NFYB"
"MDM4","CHEK1","NFYB"
"MDM4","AURKB","NFYB"
"MDM4","CDC25A","NFYB"
"MDM4","CyclinB/CDK1","NFYB"
"MDM4","CyclinE/CDK2","NFYB"
"MDM4","TTK","NFYB"
"MDM4","CSNK2B","NFYB"
"MDM4","SPRED1","NFYB"
"MDM4","RPA2","NFYB"
"MDM4","BUB1","NFYB"
"MDM4","NEK9","NFYB"
"MDM4","CCNO","NFYB"
"MDM4","HDAC3","NFYB"
"MDM4","RELA","NFYB"
"MDM4","HASPIN","NFYB"
"MDM4","CDK6","NFYB"
"MDM4","CDC25C","NFYB"
"MDM4","INCENP","NFYB"
"MDM4","CDC25B","NFYB"
"MDM4","NEK6","NFYB"
"MDM4","USP37","NFYB"
"MDM4","AMBRA1","NFYB"
"MDM4","CEP192","NFYB"
"MDM4","DAXX","NFYB"
"MDM4","NR3C1","NFYB"
"MDM4","H2AX","NFYB"
"MDM4","TNFAIP1","NFYB"
"MDM4","PHF8","NFYB"
"MDM4","RUNX1","NFYB"
"MDM4","WDCP","NFYB"
"MDM4","MDC1","NFYB"
"MDM4","MRE11","NFYB"
"MDM4","NBN","NFYB"
"MDM4","RUNX2","NFYB"
"MDM4","RAD9A","NFYB"
"MDM4","HDAC1","NFYB"
"MDM4","TOPBP1","NFYB"
"MDM4","BORA","NFYB"
"MDM4","WAC","NFYB"
"MDM4","DCTN6","NFYB"
"MDM4","FMNL2","NFYB"
"MDM4","RGCC","NFYB"
"MDM4","CTNNB1","SHOX"
"MDM4","ATM","SHOX"
"MDM4","AURKA","SHOX"
"MDM4","RAF1","SHOX"
"MDM4","CDK4","SHOX"
"MDM4","PTPN1","SHOX"
"MDM4","PTPRC","SHOX"
"MDM4","CDK7","SHOX"
"MDM4","PLK1","SHOX"
"MDM4","LCK","SHOX"
"MDM4","RPS6KB1","SHOX"
"MDM4","CDK2","SHOX"
"MDM4","CHEK1","SHOX"
"MDM4","AURKB","SHOX"
"MDM4","CDC25A","SHOX"
"MDM4","CyclinB/CDK1","SHOX"
"MDM4","CyclinE/CDK2","SHOX"
"MDM4","TTK","SHOX"
"MDM4","CSNK2B","SHOX"
"MDM4","SPRED1","SHOX"
"MDM4","RPA2","SHOX"
"MDM4","BUB1","SHOX"
"MDM4","NEK9","SHOX"
"MDM4","CCNO","SHOX"
"MDM4","HDAC3","SHOX"
"MDM4","RELA","SHOX"
"MDM4","HASPIN","SHOX"
"MDM4","CDK6","SHOX"
"MDM4","CDC25C","SHOX"
"MDM4","INCENP","SHOX"
"MDM4","CDC25B","SHOX"
"MDM4","NEK6","SHOX"
"MDM4","USP37","SHOX"
"MDM4","AMBRA1","SHOX"
"MDM4","CEP192","SHOX"
"MDM4","DAXX","SHOX"
"MDM4","NR3C1","SHOX"
"MDM4","H2AX","SHOX"
"MDM4","TNFAIP1","SHOX"
"MDM4","PHF8","SHOX"
"MDM4","RUNX1","SHOX"
"MDM4","WDCP","SHOX"
"MDM4","MDC1","SHOX"
"MDM4","MRE11","SHOX"
"MDM4","NBN","SHOX"
"MDM4","RUNX2","SHOX"
"MDM4","RAD9A","SHOX"
"MDM4","HDAC1","SHOX"
"MDM4","TOPBP1","SHOX"
"MDM4","BORA","SHOX"
"MDM4","WAC","SHOX"
"MDM4","DCTN6","SHOX"
"MDM4","FMNL2","SHOX"
"MDM4","RGCC","SHOX"
"MDM4","CTNNB1","ESR2"
"MDM4","ATM","ESR2"
"MDM4","AURKA","ESR2"
"MDM4","RAF1","ESR2"
"MDM4","CDK4","ESR2"
"MDM4","CDK1","ESR2"
"MDM4","PTPN1","ESR2"
"MDM4","PTPRC","ESR2"
"MDM4","CDK7","ESR2"
"MDM4","PLK1","ESR2"
"MDM4","LCK","ESR2"
"MDM4","RPS6KB1","ESR2"
"MDM4","CDK2","ESR2"
"MDM4","CHEK1","ESR2"
"MDM4","AURKB","ESR2"
"MDM4","CDC25A","ESR2"
"MDM4","CyclinB/CDK1","ESR2"
"MDM4","CyclinE/CDK2","ESR2"
"MDM4","TTK","ESR2"
"MDM4","CSNK2B","ESR2"
"MDM4","SPRED1","ESR2"
"MDM4","RPA2","ESR2"
"MDM4","BUB1","ESR2"
"MDM4","NEK9","ESR2"
"MDM4","CCNO","ESR2"
"MDM4","HDAC3","ESR2"
"MDM4","RELA","ESR2"
"MDM4","HASPIN","ESR2"
"MDM4","CDK6","ESR2"
"MDM4","CDC25C","ESR2"
"MDM4","INCENP","ESR2"
"MDM4","CDC25B","ESR2"
"MDM4","NEK6","ESR2"
"MDM4","USP37","ESR2"
"MDM4","AMBRA1","ESR2"
"MDM4","CEP192","ESR2"
"MDM4","DAXX","ESR2"
"MDM4","NR3C1","ESR2"
"MDM4","H2AX","ESR2"
"MDM4","TNFAIP1","ESR2"
"MDM4","PHF8","ESR2"
"MDM4","RUNX1","ESR2"
"MDM4","WDCP","ESR2"
"MDM4","MDC1","ESR2"
"MDM4","MRE11","ESR2"
"MDM4","NBN","ESR2"
"MDM4","RUNX2","ESR2"
"MDM4","RAD9A","ESR2"
"MDM4","HDAC1","ESR2"
"MDM4","TOPBP1","ESR2"
"MDM4","BORA","ESR2"
"MDM4","WAC","ESR2"
"MDM4","DCTN6","ESR2"
"MDM4","FMNL2","ESR2"
"MDM4","RGCC","ESR2"
"MDM4","CTNNB1","ERCC6L"
"MDM4","ATM","ERCC6L"
"MDM4","AURKA","ERCC6L"
"MDM4","RAF1","ERCC6L"
"MDM4","CDK4","ERCC6L"
"MDM4","PTPN1","ERCC6L"
"MDM4","PTPRC","ERCC6L"
"MDM4","CDK7","ERCC6L"
"MDM4","PLK1","ERCC6L"
"MDM4","LCK","ERCC6L"
"MDM4","RPS6KB1","ERCC6L"
"MDM4","CDK2","ERCC6L"
"MDM4","CHEK1","ERCC6L"
"MDM4","AURKB","ERCC6L"
"MDM4","CDC25A","ERCC6L"
"MDM4","CyclinB/CDK1","ERCC6L"
"MDM4","CyclinE/CDK2","ERCC6L"
"MDM4","TTK","ERCC6L"
"MDM4","CSNK2B","ERCC6L"
"MDM4","SPRED1","ERCC6L"
"MDM4","RPA2","ERCC6L"
"MDM4","BUB1","ERCC6L"
"MDM4","NEK9","ERCC6L"
"MDM4","CCNO","ERCC6L"
"MDM4","HDAC3","ERCC6L"
"MDM4","RELA","ERCC6L"
"MDM4","HASPIN","ERCC6L"
"MDM4","CDK6","ERCC6L"
"MDM4","CDC25C","ERCC6L"
"MDM4","INCENP","ERCC6L"
"MDM4","CDC25B","ERCC6L"
"MDM4","NEK6","ERCC6L"
"MDM4","USP37","ERCC6L"
"MDM4","AMBRA1","ERCC6L"
"MDM4","CEP192","ERCC6L"
"MDM4","DAXX","ERCC6L"
"MDM4","NR3C1","ERCC6L"
"MDM4","H2AX","ERCC6L"
"MDM4","TNFAIP1","ERCC6L"
"MDM4","PHF8","ERCC6L"
"MDM4","RUNX1","ERCC6L"
"MDM4","WDCP","ERCC6L"
"MDM4","MDC1","ERCC6L"
"MDM4","MRE11","ERCC6L"
"MDM4","NBN","ERCC6L"
"MDM4","RUNX2","ERCC6L"
"MDM4","RAD9A","ERCC6L"
"MDM4","HDAC1","ERCC6L"
"MDM4","TOPBP1","ERCC6L"
"MDM4","BORA","ERCC6L"
"MDM4","WAC","ERCC6L"
"MDM4","DCTN6","ERCC6L"
"MDM4","FMNL2","ERCC6L"
"MDM4","RGCC","ERCC6L"
