"X1","X2","X3"
"PSEN1","STK3/4","MAPK3"
"PSEN1","ACP1","MAPK3"
"PSEN1","PTPN6","MAPK3"
"PSEN1","STK4","MAPK3"
"PSEN1","RPS6KB1","MAPK3"
"PSEN1","CHEK1","MAPK3"
"PSEN1","EIF2AK2","MAPK3"
"PSEN1","STK3","MAPK3"
"PSEN1","DOK1","MAPK3"
"PSEN1","MARK2","MAPK3"
"PSEN1","PHLPP1","MAPK3"
"PSEN1","CALM3","MAPK3"
"PSEN1","YAP1","MAPK3"
"PSEN1","DEF6","MAPK3"
"PSEN1","CAMKK2","MAPK3"
"PSEN1","PTPN7","MAPK3"
"PSEN1","PDP1","MAPK3"
"PSEN1","RPS6KA4","MAPK3"
"PSEN1","HDAC3","MAPK3"
"PSEN1","AXIN1","MAPK3"
"PSEN1","PTPRR","MAPK3"
"PSEN1","CDKN1B","MAPK3"
"PSEN1","SKP2","MAPK3"
"PSEN1","MAML1","MAPK3"
"PSEN1","CDC25C","MAPK3"
"PSEN1","WEE1","MAPK3"
"PSEN1","CLASP2","MAPK3"
"PSEN1","RHEB","MAPK3"
"PSEN1","INPP5D","MAPK3"
"PSEN1","TNFAIP1","MAPK3"
"PSEN1","PHF8","MAPK3"
"PSEN1","NF2","MAPK3"
"PSEN1","MDC1","MAPK3"
"PSEN1","MRE11","MAPK3"
"PSEN1","FRAT1","MAPK3"
"PSEN1","CBL","MAPK3"
"PSEN1","RBBP8","MAPK3"
"PSEN1","PCBP2","MAPK3"
"PSEN1","SH2B3","MAPK3"
"PSEN1","HDAC1","MAPK3"
"PSEN1","GRB14","MAPK3"
"PSEN1","PRKAR1A","MAPK3"
"PSEN1","NOTCH2","MAPK3"
"PSEN1","PLCG2","MAPK3"
"PSEN1","STK3/4","RPS6KA2"
"PSEN1","ACP1","RPS6KA2"
"PSEN1","PTPN6","RPS6KA2"
"PSEN1","STK4","RPS6KA2"
"PSEN1","RPS6KB1","RPS6KA2"
"PSEN1","CHEK1","RPS6KA2"
"PSEN1","EIF2AK2","RPS6KA2"
"PSEN1","STK3","RPS6KA2"
"PSEN1","DOK1","RPS6KA2"
"PSEN1","CDC25A","RPS6KA2"
"PSEN1","MARK2","RPS6KA2"
"PSEN1","PHLPP1","RPS6KA2"
"PSEN1","CALM3","RPS6KA2"
"PSEN1","YAP1","RPS6KA2"
"PSEN1","DEF6","RPS6KA2"
"PSEN1","CAMKK2","RPS6KA2"
"PSEN1","PTPN7","RPS6KA2"
"PSEN1","PDP1","RPS6KA2"
"PSEN1","RPS6KA4","RPS6KA2"
"PSEN1","HDAC3","RPS6KA2"
"PSEN1","AXIN1","RPS6KA2"
"PSEN1","PTPRR","RPS6KA2"
"PSEN1","CDKN1B","RPS6KA2"
"PSEN1","SKP2","RPS6KA2"
"PSEN1","MAML1","RPS6KA2"
"PSEN1","CDC25C","RPS6KA2"
"PSEN1","WEE1","RPS6KA2"
"PSEN1","CLASP2","RPS6KA2"
"PSEN1","RHEB","RPS6KA2"
"PSEN1","INPP5D","RPS6KA2"
"PSEN1","TNFAIP1","RPS6KA2"
"PSEN1","PHF8","RPS6KA2"
"PSEN1","NF2","RPS6KA2"
"PSEN1","MDC1","RPS6KA2"
"PSEN1","MRE11","RPS6KA2"
"PSEN1","FRAT1","RPS6KA2"
"PSEN1","CBL","RPS6KA2"
"PSEN1","RBBP8","RPS6KA2"
"PSEN1","PCBP2","RPS6KA2"
"PSEN1","SH2B3","RPS6KA2"
"PSEN1","HDAC1","RPS6KA2"
"PSEN1","GRB14","RPS6KA2"
"PSEN1","PRKAR1A","RPS6KA2"
"PSEN1","NOTCH2","RPS6KA2"
"PSEN1","BAZ1B","RPS6KA2"
"PSEN1","PLCG2","RPS6KA2"
"PSEN1","STK3/4","PTEN"
"PSEN1","ACP1","PTEN"
"PSEN1","PTPN6","PTEN"
"PSEN1","STK4","PTEN"
"PSEN1","RPS6KB1","PTEN"
"PSEN1","CHEK1","PTEN"
"PSEN1","EIF2AK2","PTEN"
"PSEN1","STK3","PTEN"
"PSEN1","DOK1","PTEN"
"PSEN1","CDC25A","PTEN"
"PSEN1","MARK2","PTEN"
"PSEN1","PHLPP1","PTEN"
"PSEN1","CALM3","PTEN"
"PSEN1","YAP1","PTEN"
"PSEN1","DEF6","PTEN"
"PSEN1","CAMKK2","PTEN"
"PSEN1","PTPN7","PTEN"
"PSEN1","PDP1","PTEN"
"PSEN1","RPS6KA4","PTEN"
"PSEN1","HDAC3","PTEN"
"PSEN1","AXIN1","PTEN"
"PSEN1","PTPRR","PTEN"
"PSEN1","CDKN1B","PTEN"
"PSEN1","SKP2","PTEN"
"PSEN1","MAML1","PTEN"
"PSEN1","CDC25C","PTEN"
"PSEN1","WEE1","PTEN"
"PSEN1","CLASP2","PTEN"
"PSEN1","RHEB","PTEN"
"PSEN1","INPP5D","PTEN"
"PSEN1","TNFAIP1","PTEN"
"PSEN1","PHF8","PTEN"
"PSEN1","NF2","PTEN"
"PSEN1","MDC1","PTEN"
"PSEN1","MRE11","PTEN"
"PSEN1","FRAT1","PTEN"
"PSEN1","CBL","PTEN"
"PSEN1","RBBP8","PTEN"
"PSEN1","PCBP2","PTEN"
"PSEN1","SH2B3","PTEN"
"PSEN1","HDAC1","PTEN"
"PSEN1","GRB14","PTEN"
"PSEN1","PRKAR1A","PTEN"
"PSEN1","NOTCH2","PTEN"
"PSEN1","BAZ1B","PTEN"
"PSEN1","PLCG2","PTEN"
"PSEN1","STK3/4","MAPK8"
"PSEN1","ACP1","MAPK8"
"PSEN1","PTPN6","MAPK8"
"PSEN1","STK4","MAPK8"
"PSEN1","RPS6KB1","MAPK8"
"PSEN1","CHEK1","MAPK8"
"PSEN1","EIF2AK2","MAPK8"
"PSEN1","STK3","MAPK8"
"PSEN1","DOK1","MAPK8"
"PSEN1","CDC25A","MAPK8"
"PSEN1","MARK2","MAPK8"
"PSEN1","PHLPP1","MAPK8"
"PSEN1","CALM3","MAPK8"
"PSEN1","YAP1","MAPK8"
"PSEN1","DEF6","MAPK8"
"PSEN1","CAMKK2","MAPK8"
"PSEN1","PTPN7","MAPK8"
"PSEN1","PDP1","MAPK8"
"PSEN1","RPS6KA4","MAPK8"
"PSEN1","HDAC3","MAPK8"
"PSEN1","AXIN1","MAPK8"
"PSEN1","PTPRR","MAPK8"
"PSEN1","CDKN1B","MAPK8"
"PSEN1","SKP2","MAPK8"
"PSEN1","MAML1","MAPK8"
"PSEN1","CDC25C","MAPK8"
"PSEN1","GRIPAP1","MAPK8"
"PSEN1","WEE1","MAPK8"
"PSEN1","CLASP2","MAPK8"
"PSEN1","RHEB","MAPK8"
"PSEN1","INPP5D","MAPK8"
"PSEN1","TNFAIP1","MAPK8"
"PSEN1","PHF8","MAPK8"
"PSEN1","NF2","MAPK8"
"PSEN1","MDC1","MAPK8"
"PSEN1","MRE11","MAPK8"
"PSEN1","FRAT1","MAPK8"
"PSEN1","CBL","MAPK8"
"PSEN1","RBBP8","MAPK8"
"PSEN1","PCBP2","MAPK8"
"PSEN1","SH2B3","MAPK8"
"PSEN1","HDAC1","MAPK8"
"PSEN1","GRB14","MAPK8"
"PSEN1","PRKAR1A","MAPK8"
"PSEN1","NOTCH2","MAPK8"
"PSEN1","BAZ1B","MAPK8"
"PSEN1","PLCG2","MAPK8"
"PSEN1","STK3/4","AKT1"
"PSEN1","ACP1","AKT1"
"PSEN1","PTPN6","AKT1"
"PSEN1","STK4","AKT1"
"PSEN1","RPS6KB1","AKT1"
"PSEN1","CHEK1","AKT1"
"PSEN1","EIF2AK2","AKT1"
"PSEN1","STK3","AKT1"
"PSEN1","DOK1","AKT1"
"PSEN1","CDC25A","AKT1"
"PSEN1","MARK2","AKT1"
"PSEN1","PHLPP1","AKT1"
"PSEN1","YAP1","AKT1"
"PSEN1","DEF6","AKT1"
"PSEN1","CAMKK2","AKT1"
"PSEN1","PTPN7","AKT1"
"PSEN1","PDP1","AKT1"
"PSEN1","RPS6KA4","AKT1"
"PSEN1","HDAC3","AKT1"
"PSEN1","AXIN1","AKT1"
"PSEN1","PTPRR","AKT1"
"PSEN1","CDKN1B","AKT1"
"PSEN1","SKP2","AKT1"
"PSEN1","MAML1","AKT1"
"PSEN1","CDC25C","AKT1"
"PSEN1","WEE1","AKT1"
"PSEN1","CLASP2","AKT1"
"PSEN1","RHEB","AKT1"
"PSEN1","INPP5D","AKT1"
"PSEN1","TNFAIP1","AKT1"
"PSEN1","PHF8","AKT1"
"PSEN1","NF2","AKT1"
"PSEN1","MDC1","AKT1"
"PSEN1","MRE11","AKT1"
"PSEN1","FRAT1","AKT1"
"PSEN1","CBL","AKT1"
"PSEN1","RBBP8","AKT1"
"PSEN1","PCBP2","AKT1"
"PSEN1","SH2B3","AKT1"
"PSEN1","HDAC1","AKT1"
"PSEN1","GRB14","AKT1"
"PSEN1","PRKAR1A","AKT1"
"PSEN1","NOTCH2","AKT1"
"PSEN1","BAZ1B","AKT1"
"PSEN1","PLCG2","AKT1"
"PSEN1","ACP1","STK3/4"
"PSEN1","PTPN6","STK3/4"
"PSEN1","STK4","STK3/4"
"PSEN1","RPS6KB1","STK3/4"
"PSEN1","CHEK1","STK3/4"
"PSEN1","EIF2AK2","STK3/4"
"PSEN1","STK3","STK3/4"
"PSEN1","DOK1","STK3/4"
"PSEN1","CDC25A","STK3/4"
"PSEN1","MARK2","STK3/4"
"PSEN1","PHLPP1","STK3/4"
"PSEN1","CALM3","STK3/4"
"PSEN1","YAP1","STK3/4"
"PSEN1","DEF6","STK3/4"
"PSEN1","CAMKK2","STK3/4"
"PSEN1","PTPN7","STK3/4"
"PSEN1","PDP1","STK3/4"
"PSEN1","RPS6KA4","STK3/4"
"PSEN1","HDAC3","STK3/4"
"PSEN1","AXIN1","STK3/4"
"PSEN1","PTPRR","STK3/4"
"PSEN1","CDKN1B","STK3/4"
"PSEN1","SKP2","STK3/4"
"PSEN1","MAML1","STK3/4"
"PSEN1","CDC25C","STK3/4"
"PSEN1","WEE1","STK3/4"
"PSEN1","CLASP2","STK3/4"
"PSEN1","RHEB","STK3/4"
"PSEN1","INPP5D","STK3/4"
"PSEN1","TNFAIP1","STK3/4"
"PSEN1","PHF8","STK3/4"
"PSEN1","NF2","STK3/4"
"PSEN1","MDC1","STK3/4"
"PSEN1","MRE11","STK3/4"
"PSEN1","FRAT1","STK3/4"
"PSEN1","CBL","STK3/4"
"PSEN1","RBBP8","STK3/4"
"PSEN1","PCBP2","STK3/4"
"PSEN1","SH2B3","STK3/4"
"PSEN1","HDAC1","STK3/4"
"PSEN1","GRB14","STK3/4"
"PSEN1","PRKAR1A","STK3/4"
"PSEN1","NOTCH2","STK3/4"
"PSEN1","BAZ1B","STK3/4"
"PSEN1","PLCG2","STK3/4"
"PSEN1","STK3/4","PRKCD"
"PSEN1","ACP1","PRKCD"
"PSEN1","PTPN6","PRKCD"
"PSEN1","STK4","PRKCD"
"PSEN1","RPS6KB1","PRKCD"
"PSEN1","CHEK1","PRKCD"
"PSEN1","EIF2AK2","PRKCD"
"PSEN1","STK3","PRKCD"
"PSEN1","DOK1","PRKCD"
"PSEN1","CDC25A","PRKCD"
"PSEN1","MARK2","PRKCD"
"PSEN1","PHLPP1","PRKCD"
"PSEN1","CALM3","PRKCD"
"PSEN1","YAP1","PRKCD"
"PSEN1","DEF6","PRKCD"
"PSEN1","CAMKK2","PRKCD"
"PSEN1","PTPN7","PRKCD"
"PSEN1","PDP1","PRKCD"
"PSEN1","RPS6KA4","PRKCD"
"PSEN1","HDAC3","PRKCD"
"PSEN1","AXIN1","PRKCD"
"PSEN1","PTPRR","PRKCD"
"PSEN1","CDKN1B","PRKCD"
"PSEN1","SKP2","PRKCD"
"PSEN1","MAML1","PRKCD"
"PSEN1","CDC25C","PRKCD"
"PSEN1","WEE1","PRKCD"
"PSEN1","CLASP2","PRKCD"
"PSEN1","RHEB","PRKCD"
"PSEN1","INPP5D","PRKCD"
"PSEN1","TNFAIP1","PRKCD"
"PSEN1","PHF8","PRKCD"
"PSEN1","NF2","PRKCD"
"PSEN1","MDC1","PRKCD"
"PSEN1","MRE11","PRKCD"
"PSEN1","FRAT1","PRKCD"
"PSEN1","CBL","PRKCD"
"PSEN1","RBBP8","PRKCD"
"PSEN1","PCBP2","PRKCD"
"PSEN1","SH2B3","PRKCD"
"PSEN1","HDAC1","PRKCD"
"PSEN1","GRB14","PRKCD"
"PSEN1","PRKAR1A","PRKCD"
"PSEN1","NOTCH2","PRKCD"
"PSEN1","BAZ1B","PRKCD"
"PSEN1","PLCG2","PRKCD"
"PSEN1","STK3/4","CDK4"
"PSEN1","ACP1","CDK4"
"PSEN1","PTPN6","CDK4"
"PSEN1","STK4","CDK4"
"PSEN1","RPS6KB1","CDK4"
"PSEN1","CHEK1","CDK4"
"PSEN1","EIF2AK2","CDK4"
"PSEN1","STK3","CDK4"
"PSEN1","DOK1","CDK4"
"PSEN1","CDC25A","CDK4"
"PSEN1","MARK2","CDK4"
"PSEN1","PHLPP1","CDK4"
"PSEN1","CALM3","CDK4"
"PSEN1","YAP1","CDK4"
"PSEN1","DEF6","CDK4"
"PSEN1","CAMKK2","CDK4"
"PSEN1","PTPN7","CDK4"
"PSEN1","PDP1","CDK4"
"PSEN1","RPS6KA4","CDK4"
"PSEN1","HDAC3","CDK4"
"PSEN1","AXIN1","CDK4"
"PSEN1","PTPRR","CDK4"
"PSEN1","CDKN1B","CDK4"
"PSEN1","SKP2","CDK4"
"PSEN1","MAML1","CDK4"
"PSEN1","CDC25C","CDK4"
"PSEN1","WEE1","CDK4"
"PSEN1","CLASP2","CDK4"
"PSEN1","RHEB","CDK4"
"PSEN1","INPP5D","CDK4"
"PSEN1","TNFAIP1","CDK4"
"PSEN1","PHF8","CDK4"
"PSEN1","NF2","CDK4"
"PSEN1","MDC1","CDK4"
"PSEN1","MRE11","CDK4"
"PSEN1","FRAT1","CDK4"
"PSEN1","CBL","CDK4"
"PSEN1","RBBP8","CDK4"
"PSEN1","PCBP2","CDK4"
"PSEN1","SH2B3","CDK4"
"PSEN1","HDAC1","CDK4"
"PSEN1","GRB14","CDK4"
"PSEN1","PRKAR1A","CDK4"
"PSEN1","NOTCH2","CDK4"
"PSEN1","BAZ1B","CDK4"
"PSEN1","PLCG2","CDK4"
"PSEN1","STK3/4","ACP1"
"PSEN1","PTPN6","ACP1"
"PSEN1","STK4","ACP1"
"PSEN1","RPS6KB1","ACP1"
"PSEN1","CHEK1","ACP1"
"PSEN1","EIF2AK2","ACP1"
"PSEN1","STK3","ACP1"
"PSEN1","DOK1","ACP1"
"PSEN1","CDC25A","ACP1"
"PSEN1","MARK2","ACP1"
"PSEN1","PHLPP1","ACP1"
"PSEN1","CALM3","ACP1"
"PSEN1","YAP1","ACP1"
"PSEN1","DEF6","ACP1"
"PSEN1","CAMKK2","ACP1"
"PSEN1","PTPN7","ACP1"
"PSEN1","PDP1","ACP1"
"PSEN1","RPS6KA4","ACP1"
"PSEN1","HDAC3","ACP1"
"PSEN1","AXIN1","ACP1"
"PSEN1","PTPRR","ACP1"
"PSEN1","CDKN1B","ACP1"
"PSEN1","SKP2","ACP1"
"PSEN1","MAML1","ACP1"
"PSEN1","CDC25C","ACP1"
"PSEN1","WEE1","ACP1"
"PSEN1","CLASP2","ACP1"
"PSEN1","RHEB","ACP1"
"PSEN1","INPP5D","ACP1"
"PSEN1","TNFAIP1","ACP1"
"PSEN1","PHF8","ACP1"
"PSEN1","NF2","ACP1"
"PSEN1","MDC1","ACP1"
"PSEN1","MRE11","ACP1"
"PSEN1","FRAT1","ACP1"
"PSEN1","CBL","ACP1"
"PSEN1","RBBP8","ACP1"
"PSEN1","PCBP2","ACP1"
"PSEN1","SH2B3","ACP1"
"PSEN1","HDAC1","ACP1"
"PSEN1","GRB14","ACP1"
"PSEN1","PRKAR1A","ACP1"
"PSEN1","NOTCH2","ACP1"
"PSEN1","BAZ1B","ACP1"
"PSEN1","PLCG2","ACP1"
"PSEN1","STK3/4","MAPK1"
"PSEN1","ACP1","MAPK1"
"PSEN1","PTPN6","MAPK1"
"PSEN1","STK4","MAPK1"
"PSEN1","RPS6KB1","MAPK1"
"PSEN1","CHEK1","MAPK1"
"PSEN1","EIF2AK2","MAPK1"
"PSEN1","STK3","MAPK1"
"PSEN1","DOK1","MAPK1"
"PSEN1","CDC25A","MAPK1"
"PSEN1","MARK2","MAPK1"
"PSEN1","PHLPP1","MAPK1"
"PSEN1","CALM3","MAPK1"
"PSEN1","YAP1","MAPK1"
"PSEN1","DEF6","MAPK1"
"PSEN1","CAMKK2","MAPK1"
"PSEN1","PTPN7","MAPK1"
"PSEN1","PDP1","MAPK1"
"PSEN1","RPS6KA4","MAPK1"
"PSEN1","HDAC3","MAPK1"
"PSEN1","AXIN1","MAPK1"
"PSEN1","PTPRR","MAPK1"
"PSEN1","CDKN1B","MAPK1"
"PSEN1","SKP2","MAPK1"
"PSEN1","MAML1","MAPK1"
"PSEN1","CDC25C","MAPK1"
"PSEN1","WEE1","MAPK1"
"PSEN1","CLASP2","MAPK1"
"PSEN1","RHEB","MAPK1"
"PSEN1","INPP5D","MAPK1"
"PSEN1","TNFAIP1","MAPK1"
"PSEN1","PHF8","MAPK1"
"PSEN1","NF2","MAPK1"
"PSEN1","MDC1","MAPK1"
"PSEN1","MRE11","MAPK1"
"PSEN1","FRAT1","MAPK1"
"PSEN1","CBL","MAPK1"
"PSEN1","RBBP8","MAPK1"
"PSEN1","PCBP2","MAPK1"
"PSEN1","SH2B3","MAPK1"
"PSEN1","HDAC1","MAPK1"
"PSEN1","GRB14","MAPK1"
"PSEN1","PRKAR1A","MAPK1"
"PSEN1","NOTCH2","MAPK1"
"PSEN1","BAZ1B","MAPK1"
"PSEN1","PLCG2","MAPK1"
"PSEN1","STK3/4","CSNK2A1"
"PSEN1","ACP1","CSNK2A1"
"PSEN1","PTPN6","CSNK2A1"
"PSEN1","STK4","CSNK2A1"
"PSEN1","RPS6KB1","CSNK2A1"
"PSEN1","CHEK1","CSNK2A1"
"PSEN1","EIF2AK2","CSNK2A1"
"PSEN1","STK3","CSNK2A1"
"PSEN1","DOK1","CSNK2A1"
"PSEN1","CDC25A","CSNK2A1"
"PSEN1","MARK2","CSNK2A1"
"PSEN1","PHLPP1","CSNK2A1"
"PSEN1","CALM3","CSNK2A1"
"PSEN1","YAP1","CSNK2A1"
"PSEN1","DEF6","CSNK2A1"
"PSEN1","CAMKK2","CSNK2A1"
"PSEN1","PTPN7","CSNK2A1"
"PSEN1","PDP1","CSNK2A1"
"PSEN1","RPS6KA4","CSNK2A1"
"PSEN1","AXIN1","CSNK2A1"
"PSEN1","PTPRR","CSNK2A1"
"PSEN1","CDKN1B","CSNK2A1"
"PSEN1","SKP2","CSNK2A1"
"PSEN1","MAML1","CSNK2A1"
"PSEN1","CDC25C","CSNK2A1"
"PSEN1","WEE1","CSNK2A1"
"PSEN1","CLASP2","CSNK2A1"
"PSEN1","RHEB","CSNK2A1"
"PSEN1","INPP5D","CSNK2A1"
"PSEN1","NF2","CSNK2A1"
"PSEN1","FRAT1","CSNK2A1"
"PSEN1","CBL","CSNK2A1"
"PSEN1","RBBP8","CSNK2A1"
"PSEN1","PCBP2","CSNK2A1"
"PSEN1","SH2B3","CSNK2A1"
"PSEN1","GRB14","CSNK2A1"
"PSEN1","PRKAR1A","CSNK2A1"
"PSEN1","NOTCH2","CSNK2A1"
"PSEN1","BAZ1B","CSNK2A1"
"PSEN1","PLCG2","CSNK2A1"
"PSEN1","CDKN1B","CDK1"
"PSEN1","STK3/4","PTPN6"
"PSEN1","ACP1","PTPN6"
"PSEN1","STK4","PTPN6"
"PSEN1","RPS6KB1","PTPN6"
"PSEN1","CHEK1","PTPN6"
"PSEN1","EIF2AK2","PTPN6"
"PSEN1","STK3","PTPN6"
"PSEN1","DOK1","PTPN6"
"PSEN1","CDC25A","PTPN6"
"PSEN1","MARK2","PTPN6"
"PSEN1","PHLPP1","PTPN6"
"PSEN1","CALM3","PTPN6"
"PSEN1","YAP1","PTPN6"
"PSEN1","DEF6","PTPN6"
"PSEN1","CAMKK2","PTPN6"
"PSEN1","PTPN7","PTPN6"
"PSEN1","PDP1","PTPN6"
"PSEN1","RPS6KA4","PTPN6"
"PSEN1","HDAC3","PTPN6"
"PSEN1","AXIN1","PTPN6"
"PSEN1","PTPRR","PTPN6"
"PSEN1","CDKN1B","PTPN6"
"PSEN1","SKP2","PTPN6"
"PSEN1","MAML1","PTPN6"
"PSEN1","CDC25C","PTPN6"
"PSEN1","WEE1","PTPN6"
"PSEN1","CLASP2","PTPN6"
"PSEN1","RHEB","PTPN6"
"PSEN1","INPP5D","PTPN6"
"PSEN1","TNFAIP1","PTPN6"
"PSEN1","PHF8","PTPN6"
"PSEN1","NF2","PTPN6"
"PSEN1","MDC1","PTPN6"
"PSEN1","MRE11","PTPN6"
"PSEN1","FRAT1","PTPN6"
"PSEN1","CBL","PTPN6"
"PSEN1","RBBP8","PTPN6"
"PSEN1","PCBP2","PTPN6"
"PSEN1","SH2B3","PTPN6"
"PSEN1","HDAC1","PTPN6"
"PSEN1","GRB14","PTPN6"
"PSEN1","PRKAR1A","PTPN6"
"PSEN1","NOTCH2","PTPN6"
"PSEN1","BAZ1B","PTPN6"
"PSEN1","PLCG2","PTPN6"
"PSEN1","PTPRR","MAPK14"
"PSEN1","STK3/4","RPS6K"
"PSEN1","ACP1","RPS6K"
"PSEN1","PTPN6","RPS6K"
"PSEN1","STK4","RPS6K"
"PSEN1","RPS6KB1","RPS6K"
"PSEN1","CHEK1","RPS6K"
"PSEN1","EIF2AK2","RPS6K"
"PSEN1","STK3","RPS6K"
"PSEN1","DOK1","RPS6K"
"PSEN1","CDC25A","RPS6K"
"PSEN1","MARK2","RPS6K"
"PSEN1","mTORC1","RPS6K"
"PSEN1","PHLPP1","RPS6K"
"PSEN1","CALM3","RPS6K"
"PSEN1","YAP1","RPS6K"
"PSEN1","DEF6","RPS6K"
"PSEN1","NBR1","RPS6K"
"PSEN1","CAMKK2","RPS6K"
"PSEN1","PTPN7","RPS6K"
"PSEN1","PDP1","RPS6K"
"PSEN1","RPS6KA4","RPS6K"
"PSEN1","HDAC3","RPS6K"
"PSEN1","AXIN1","RPS6K"
"PSEN1","PTPRR","RPS6K"
"PSEN1","CDKN1B","RPS6K"
"PSEN1","SKP2","RPS6K"
"PSEN1","MAML1","RPS6K"
"PSEN1","CDC25C","RPS6K"
"PSEN1","WEE1","RPS6K"
"PSEN1","CLASP2","RPS6K"
"PSEN1","RHEB","RPS6K"
"PSEN1","INPP5D","RPS6K"
"PSEN1","TNFAIP1","RPS6K"
"PSEN1","PHF8","RPS6K"
"PSEN1","NF2","RPS6K"
"PSEN1","MDC1","RPS6K"
"PSEN1","MRE11","RPS6K"
"PSEN1","FRAT1","RPS6K"
"PSEN1","CBL","RPS6K"
"PSEN1","RBBP8","RPS6K"
"PSEN1","PCBP2","RPS6K"
"PSEN1","SH2B3","RPS6K"
"PSEN1","HDAC1","RPS6K"
"PSEN1","GRB14","RPS6K"
"PSEN1","PRKAR1A","RPS6K"
"PSEN1","NOTCH2","RPS6K"
"PSEN1","BAZ1B","RPS6K"
"PSEN1","PLCG2","RPS6K"
"PSEN1","STK3/4","CALM2"
"PSEN1","ACP1","CALM2"
"PSEN1","PTPN6","CALM2"
"PSEN1","STK4","CALM2"
"PSEN1","RPS6KB1","CALM2"
"PSEN1","CHEK1","CALM2"
"PSEN1","EIF2AK2","CALM2"
"PSEN1","STK3","CALM2"
"PSEN1","DOK1","CALM2"
"PSEN1","CDC25A","CALM2"
"PSEN1","MARK2","CALM2"
"PSEN1","PHLPP1","CALM2"
"PSEN1","CALM3","CALM2"
"PSEN1","YAP1","CALM2"
"PSEN1","DEF6","CALM2"
"PSEN1","CAMKK2","CALM2"
"PSEN1","PTPN7","CALM2"
"PSEN1","PDP1","CALM2"
"PSEN1","RPS6KA4","CALM2"
"PSEN1","HDAC3","CALM2"
"PSEN1","AXIN1","CALM2"
"PSEN1","PTPRR","CALM2"
"PSEN1","CDKN1B","CALM2"
"PSEN1","SKP2","CALM2"
"PSEN1","MAML1","CALM2"
"PSEN1","CDC25C","CALM2"
"PSEN1","WEE1","CALM2"
"PSEN1","CLASP2","CALM2"
"PSEN1","RHEB","CALM2"
"PSEN1","INPP5D","CALM2"
"PSEN1","TNFAIP1","CALM2"
"PSEN1","PHF8","CALM2"
"PSEN1","NF2","CALM2"
"PSEN1","MDC1","CALM2"
"PSEN1","MRE11","CALM2"
"PSEN1","FRAT1","CALM2"
"PSEN1","CBL","CALM2"
"PSEN1","RBBP8","CALM2"
"PSEN1","PCBP2","CALM2"
"PSEN1","SH2B3","CALM2"
"PSEN1","HDAC1","CALM2"
"PSEN1","GRB14","CALM2"
"PSEN1","PRKAR1A","CALM2"
"PSEN1","NOTCH2","CALM2"
"PSEN1","BAZ1B","CALM2"
"PSEN1","PLCG2","CALM2"
"PSEN1","STK3/4","PTPRC"
"PSEN1","ACP1","PTPRC"
"PSEN1","PTPN6","PTPRC"
"PSEN1","STK4","PTPRC"
"PSEN1","RPS6KB1","PTPRC"
"PSEN1","CHEK1","PTPRC"
"PSEN1","EIF2AK2","PTPRC"
"PSEN1","STK3","PTPRC"
"PSEN1","DOK1","PTPRC"
"PSEN1","CDC25A","PTPRC"
"PSEN1","MARK2","PTPRC"
"PSEN1","PHLPP1","PTPRC"
"PSEN1","CALM3","PTPRC"
"PSEN1","YAP1","PTPRC"
"PSEN1","DEF6","PTPRC"
"PSEN1","CAMKK2","PTPRC"
"PSEN1","PTPN7","PTPRC"
"PSEN1","PDP1","PTPRC"
"PSEN1","RPS6KA4","PTPRC"
"PSEN1","HDAC3","PTPRC"
"PSEN1","AXIN1","PTPRC"
"PSEN1","PTPRR","PTPRC"
"PSEN1","CDKN1B","PTPRC"
"PSEN1","SKP2","PTPRC"
"PSEN1","MAML1","PTPRC"
"PSEN1","CDC25C","PTPRC"
"PSEN1","WEE1","PTPRC"
"PSEN1","CLASP2","PTPRC"
"PSEN1","RHEB","PTPRC"
"PSEN1","INPP5D","PTPRC"
"PSEN1","TNFAIP1","PTPRC"
"PSEN1","PHF8","PTPRC"
"PSEN1","NF2","PTPRC"
"PSEN1","MDC1","PTPRC"
"PSEN1","MRE11","PTPRC"
"PSEN1","FRAT1","PTPRC"
"PSEN1","CBL","PTPRC"
"PSEN1","RBBP8","PTPRC"
"PSEN1","PCBP2","PTPRC"
"PSEN1","SH2B3","PTPRC"
"PSEN1","HDAC1","PTPRC"
"PSEN1","GRB14","PTPRC"
"PSEN1","PRKAR1A","PTPRC"
"PSEN1","NOTCH2","PTPRC"
"PSEN1","BAZ1B","PTPRC"
"PSEN1","PLCG2","PTPRC"
"PSEN1","GSK3B/Axin/APC","ERK1/2"
"PSEN1","GSK3B","ERK1/2"
"PSEN1","YAP1","ERK1/2"
"PSEN1","AXIN1","ERK1/2"
"PSEN1","STK3/4","CDK7"
"PSEN1","ACP1","CDK7"
"PSEN1","PTPN6","CDK7"
"PSEN1","STK4","CDK7"
"PSEN1","RPS6KB1","CDK7"
"PSEN1","CHEK1","CDK7"
"PSEN1","EIF2AK2","CDK7"
"PSEN1","STK3","CDK7"
"PSEN1","DOK1","CDK7"
"PSEN1","CDC25A","CDK7"
"PSEN1","MARK2","CDK7"
"PSEN1","PHLPP1","CDK7"
"PSEN1","CALM3","CDK7"
"PSEN1","YAP1","CDK7"
"PSEN1","DEF6","CDK7"
"PSEN1","CAMKK2","CDK7"
"PSEN1","PTPN7","CDK7"
"PSEN1","PDP1","CDK7"
"PSEN1","RPS6KA4","CDK7"
"PSEN1","HDAC3","CDK7"
"PSEN1","AXIN1","CDK7"
"PSEN1","PTPRR","CDK7"
"PSEN1","CDKN1B","CDK7"
"PSEN1","SKP2","CDK7"
"PSEN1","MAML1","CDK7"
"PSEN1","CDC25C","CDK7"
"PSEN1","WEE1","CDK7"
"PSEN1","CLASP2","CDK7"
"PSEN1","RHEB","CDK7"
"PSEN1","INPP5D","CDK7"
"PSEN1","TNFAIP1","CDK7"
"PSEN1","PHF8","CDK7"
"PSEN1","NF2","CDK7"
"PSEN1","MDC1","CDK7"
"PSEN1","MRE11","CDK7"
"PSEN1","FRAT1","CDK7"
"PSEN1","CBL","CDK7"
"PSEN1","RBBP8","CDK7"
"PSEN1","PCBP2","CDK7"
"PSEN1","SH2B3","CDK7"
"PSEN1","HDAC1","CDK7"
"PSEN1","GRB14","CDK7"
"PSEN1","PRKAR1A","CDK7"
"PSEN1","NOTCH2","CDK7"
"PSEN1","BAZ1B","CDK7"
"PSEN1","PLCG2","CDK7"
"PSEN1","STK3/4","STK4"
"PSEN1","ACP1","STK4"
"PSEN1","PTPN6","STK4"
"PSEN1","RPS6KB1","STK4"
"PSEN1","CHEK1","STK4"
"PSEN1","EIF2AK2","STK4"
"PSEN1","STK3","STK4"
"PSEN1","DOK1","STK4"
"PSEN1","CDC25A","STK4"
"PSEN1","MARK2","STK4"
"PSEN1","PHLPP1","STK4"
"PSEN1","CALM3","STK4"
"PSEN1","YAP1","STK4"
"PSEN1","DEF6","STK4"
"PSEN1","CAMKK2","STK4"
"PSEN1","PTPN7","STK4"
"PSEN1","PDP1","STK4"
"PSEN1","RPS6KA4","STK4"
"PSEN1","HDAC3","STK4"
"PSEN1","AXIN1","STK4"
"PSEN1","PTPRR","STK4"
"PSEN1","CDKN1B","STK4"
"PSEN1","SKP2","STK4"
"PSEN1","MAML1","STK4"
"PSEN1","CDC25C","STK4"
"PSEN1","WEE1","STK4"
"PSEN1","CLASP2","STK4"
"PSEN1","RHEB","STK4"
"PSEN1","INPP5D","STK4"
"PSEN1","TNFAIP1","STK4"
"PSEN1","PHF8","STK4"
"PSEN1","NF2","STK4"
"PSEN1","MDC1","STK4"
"PSEN1","MRE11","STK4"
"PSEN1","FRAT1","STK4"
"PSEN1","CBL","STK4"
"PSEN1","RBBP8","STK4"
"PSEN1","PCBP2","STK4"
"PSEN1","SH2B3","STK4"
"PSEN1","HDAC1","STK4"
"PSEN1","GRB14","STK4"
"PSEN1","PRKAR1A","STK4"
"PSEN1","NOTCH2","STK4"
"PSEN1","BAZ1B","STK4"
"PSEN1","PLCG2","STK4"
"PSEN1","STK3/4","LCK"
"PSEN1","STK4","LCK"
"PSEN1","RPS6KB1","LCK"
"PSEN1","CHEK1","LCK"
"PSEN1","EIF2AK2","LCK"
"PSEN1","STK3","LCK"
"PSEN1","CDC25A","LCK"
"PSEN1","MARK2","LCK"
"PSEN1","PHLPP1","LCK"
"PSEN1","CALM3","LCK"
"PSEN1","YAP1","LCK"
"PSEN1","CAMKK2","LCK"
"PSEN1","PTPN7","LCK"
"PSEN1","PDP1","LCK"
"PSEN1","RPS6KA4","LCK"
"PSEN1","HDAC3","LCK"
"PSEN1","AXIN1","LCK"
"PSEN1","PTPRR","LCK"
"PSEN1","CDKN1B","LCK"
"PSEN1","SKP2","LCK"
"PSEN1","MAML1","LCK"
"PSEN1","CDC25C","LCK"
"PSEN1","WEE1","LCK"
"PSEN1","CLASP2","LCK"
"PSEN1","RHEB","LCK"
"PSEN1","INPP5D","LCK"
"PSEN1","TNFAIP1","LCK"
"PSEN1","PHF8","LCK"
"PSEN1","NF2","LCK"
"PSEN1","MDC1","LCK"
"PSEN1","MRE11","LCK"
"PSEN1","FRAT1","LCK"
"PSEN1","CBL","LCK"
"PSEN1","RBBP8","LCK"
"PSEN1","PCBP2","LCK"
"PSEN1","HDAC1","LCK"
"PSEN1","GRB14","LCK"
"PSEN1","PRKAR1A","LCK"
"PSEN1","NOTCH2","LCK"
"PSEN1","BAZ1B","LCK"
"PSEN1","STK3/4","RPS6KB1"
"PSEN1","ACP1","RPS6KB1"
"PSEN1","PTPN6","RPS6KB1"
"PSEN1","STK4","RPS6KB1"
"PSEN1","CHEK1","RPS6KB1"
"PSEN1","EIF2AK2","RPS6KB1"
"PSEN1","STK3","RPS6KB1"
"PSEN1","DOK1","RPS6KB1"
"PSEN1","CDC25A","RPS6KB1"
"PSEN1","MARK2","RPS6KB1"
"PSEN1","PHLPP1","RPS6KB1"
"PSEN1","CALM3","RPS6KB1"
"PSEN1","YAP1","RPS6KB1"
"PSEN1","DEF6","RPS6KB1"
"PSEN1","CAMKK2","RPS6KB1"
"PSEN1","PTPN7","RPS6KB1"
"PSEN1","PDP1","RPS6KB1"
"PSEN1","RPS6KA4","RPS6KB1"
"PSEN1","HDAC3","RPS6KB1"
"PSEN1","AXIN1","RPS6KB1"
"PSEN1","PTPRR","RPS6KB1"
"PSEN1","CDKN1B","RPS6KB1"
"PSEN1","SKP2","RPS6KB1"
"PSEN1","MAML1","RPS6KB1"
"PSEN1","CDC25C","RPS6KB1"
"PSEN1","WEE1","RPS6KB1"
"PSEN1","CLASP2","RPS6KB1"
"PSEN1","RHEB","RPS6KB1"
"PSEN1","INPP5D","RPS6KB1"
"PSEN1","TNFAIP1","RPS6KB1"
"PSEN1","PHF8","RPS6KB1"
"PSEN1","NF2","RPS6KB1"
"PSEN1","MDC1","RPS6KB1"
"PSEN1","MRE11","RPS6KB1"
"PSEN1","FRAT1","RPS6KB1"
"PSEN1","CBL","RPS6KB1"
"PSEN1","RBBP8","RPS6KB1"
"PSEN1","PCBP2","RPS6KB1"
"PSEN1","SH2B3","RPS6KB1"
"PSEN1","HDAC1","RPS6KB1"
"PSEN1","GRB14","RPS6KB1"
"PSEN1","PRKAR1A","RPS6KB1"
"PSEN1","NOTCH2","RPS6KB1"
"PSEN1","BAZ1B","RPS6KB1"
"PSEN1","PLCG2","RPS6KB1"
"PSEN1","STK3/4","SP1"
"PSEN1","ACP1","SP1"
"PSEN1","PTPN6","SP1"
"PSEN1","STK4","SP1"
"PSEN1","RPS6KB1","SP1"
"PSEN1","CHEK1","SP1"
"PSEN1","EIF2AK2","SP1"
"PSEN1","STK3","SP1"
"PSEN1","DOK1","SP1"
"PSEN1","CDC25A","SP1"
"PSEN1","MARK2","SP1"
"PSEN1","PHLPP1","SP1"
"PSEN1","CALM3","SP1"
"PSEN1","YAP1","SP1"
"PSEN1","DEF6","SP1"
"PSEN1","CAMKK2","SP1"
"PSEN1","PTPN7","SP1"
"PSEN1","PDP1","SP1"
"PSEN1","RPS6KA4","SP1"
"PSEN1","HDAC3","SP1"
"PSEN1","AXIN1","SP1"
"PSEN1","PTPRR","SP1"
"PSEN1","CDKN1B","SP1"
"PSEN1","SKP2","SP1"
"PSEN1","MAML1","SP1"
"PSEN1","CDC25C","SP1"
"PSEN1","WEE1","SP1"
"PSEN1","CLASP2","SP1"
"PSEN1","RHEB","SP1"
"PSEN1","INPP5D","SP1"
"PSEN1","TNFAIP1","SP1"
"PSEN1","PHF8","SP1"
"PSEN1","NF2","SP1"
"PSEN1","MDC1","SP1"
"PSEN1","MRE11","SP1"
"PSEN1","FRAT1","SP1"
"PSEN1","CBL","SP1"
"PSEN1","RBBP8","SP1"
"PSEN1","PCBP2","SP1"
"PSEN1","SH2B3","SP1"
"PSEN1","HDAC1","SP1"
"PSEN1","GRB14","SP1"
"PSEN1","PRKAR1A","SP1"
"PSEN1","NOTCH2","SP1"
"PSEN1","BAZ1B","SP1"
"PSEN1","PLCG2","SP1"
"PSEN1","ACP1","ABL1"
"PSEN1","PTPN6","ABL1"
"PSEN1","RPS6KB1","ABL1"
"PSEN1","CHEK1","ABL1"
"PSEN1","EIF2AK2","ABL1"
"PSEN1","DOK1","ABL1"
"PSEN1","CDC25A","ABL1"
"PSEN1","MARK2","ABL1"
"PSEN1","PHLPP1","ABL1"
"PSEN1","CALM3","ABL1"
"PSEN1","YAP1","ABL1"
"PSEN1","DEF6","ABL1"
"PSEN1","CAMKK2","ABL1"
"PSEN1","PTPN7","ABL1"
"PSEN1","PDP1","ABL1"
"PSEN1","SHC1","ABL1"
"PSEN1","RPS6KA4","ABL1"
"PSEN1","HDAC3","ABL1"
"PSEN1","AXIN1","ABL1"
"PSEN1","PTPRR","ABL1"
"PSEN1","CDKN1B","ABL1"
"PSEN1","SKP2","ABL1"
"PSEN1","MAML1","ABL1"
"PSEN1","CDC25C","ABL1"
"PSEN1","WEE1","ABL1"
"PSEN1","CLASP2","ABL1"
"PSEN1","RHEB","ABL1"
"PSEN1","INPP5D","ABL1"
"PSEN1","TNFAIP1","ABL1"
"PSEN1","PHF8","ABL1"
"PSEN1","MDC1","ABL1"
"PSEN1","MRE11","ABL1"
"PSEN1","FRAT1","ABL1"
"PSEN1","CBL","ABL1"
"PSEN1","RBBP8","ABL1"
"PSEN1","PCBP2","ABL1"
"PSEN1","SH2B3","ABL1"
"PSEN1","HDAC1","ABL1"
"PSEN1","GRB14","ABL1"
"PSEN1","PRKAR1A","ABL1"
"PSEN1","NOTCH2","ABL1"
"PSEN1","BAZ1B","ABL1"
"PSEN1","PLCG2","ABL1"
"PSEN1","STK3/4","CDK2"
"PSEN1","ACP1","CDK2"
"PSEN1","PTPN6","CDK2"
"PSEN1","STK4","CDK2"
"PSEN1","RPS6KB1","CDK2"
"PSEN1","EIF2AK2","CDK2"
"PSEN1","STK3","CDK2"
"PSEN1","DOK1","CDK2"
"PSEN1","CDC25A","CDK2"
"PSEN1","MARK2","CDK2"
"PSEN1","PHLPP1","CDK2"
"PSEN1","CALM3","CDK2"
"PSEN1","YAP1","CDK2"
"PSEN1","DEF6","CDK2"
"PSEN1","CAMKK2","CDK2"
"PSEN1","PTPN7","CDK2"
"PSEN1","PDP1","CDK2"
"PSEN1","RPS6KA4","CDK2"
"PSEN1","HDAC3","CDK2"
"PSEN1","AXIN1","CDK2"
"PSEN1","PTPRR","CDK2"
"PSEN1","CDKN1B","CDK2"
"PSEN1","MAML1","CDK2"
"PSEN1","WEE1","CDK2"
"PSEN1","CLASP2","CDK2"
"PSEN1","RHEB","CDK2"
"PSEN1","INPP5D","CDK2"
"PSEN1","TNFAIP1","CDK2"
"PSEN1","PHF8","CDK2"
"PSEN1","NF2","CDK2"
"PSEN1","MDC1","CDK2"
"PSEN1","MRE11","CDK2"
"PSEN1","FRAT1","CDK2"
"PSEN1","CBL","CDK2"
"PSEN1","PCBP2","CDK2"
"PSEN1","SH2B3","CDK2"
"PSEN1","HDAC1","CDK2"
"PSEN1","GRB14","CDK2"
"PSEN1","NOTCH2","CDK2"
"PSEN1","BAZ1B","CDK2"
"PSEN1","PLCG2","CDK2"
"PSEN1","STK3/4","RPS6KA5"
"PSEN1","ACP1","RPS6KA5"
"PSEN1","PTPN6","RPS6KA5"
"PSEN1","STK4","RPS6KA5"
"PSEN1","RPS6KB1","RPS6KA5"
"PSEN1","CHEK1","RPS6KA5"
"PSEN1","EIF2AK2","RPS6KA5"
"PSEN1","STK3","RPS6KA5"
"PSEN1","DOK1","RPS6KA5"
"PSEN1","CDC25A","RPS6KA5"
"PSEN1","MARK2","RPS6KA5"
"PSEN1","PHLPP1","RPS6KA5"
"PSEN1","CALM3","RPS6KA5"
"PSEN1","YAP1","RPS6KA5"
"PSEN1","DEF6","RPS6KA5"
"PSEN1","CAMKK2","RPS6KA5"
"PSEN1","PTPN7","RPS6KA5"
"PSEN1","PDP1","RPS6KA5"
"PSEN1","RPS6KA4","RPS6KA5"
"PSEN1","HDAC3","RPS6KA5"
"PSEN1","AXIN1","RPS6KA5"
"PSEN1","PTPRR","RPS6KA5"
"PSEN1","CDKN1B","RPS6KA5"
"PSEN1","SKP2","RPS6KA5"
"PSEN1","MAML1","RPS6KA5"
"PSEN1","CDC25C","RPS6KA5"
"PSEN1","WEE1","RPS6KA5"
"PSEN1","CLASP2","RPS6KA5"
"PSEN1","RHEB","RPS6KA5"
"PSEN1","INPP5D","RPS6KA5"
"PSEN1","TNFAIP1","RPS6KA5"
"PSEN1","PHF8","RPS6KA5"
"PSEN1","NF2","RPS6KA5"
"PSEN1","MDC1","RPS6KA5"
"PSEN1","MRE11","RPS6KA5"
"PSEN1","FRAT1","RPS6KA5"
"PSEN1","CBL","RPS6KA5"
"PSEN1","RBBP8","RPS6KA5"
"PSEN1","PCBP2","RPS6KA5"
"PSEN1","SH2B3","RPS6KA5"
"PSEN1","HDAC1","RPS6KA5"
"PSEN1","GRB14","RPS6KA5"
"PSEN1","PRKAR1A","RPS6KA5"
"PSEN1","NOTCH2","RPS6KA5"
"PSEN1","BAZ1B","RPS6KA5"
"PSEN1","PLCG2","RPS6KA5"
"PSEN1","STK3/4","CHEK1"
"PSEN1","ACP1","CHEK1"
"PSEN1","PTPN6","CHEK1"
"PSEN1","STK4","CHEK1"
"PSEN1","RPS6KB1","CHEK1"
"PSEN1","EIF2AK2","CHEK1"
"PSEN1","STK3","CHEK1"
"PSEN1","DOK1","CHEK1"
"PSEN1","CDC25A","CHEK1"
"PSEN1","MARK2","CHEK1"
"PSEN1","PHLPP1","CHEK1"
"PSEN1","CALM3","CHEK1"
"PSEN1","YAP1","CHEK1"
"PSEN1","DEF6","CHEK1"
"PSEN1","CAMKK2","CHEK1"
"PSEN1","PTPN7","CHEK1"
"PSEN1","PDP1","CHEK1"
"PSEN1","RPS6KA4","CHEK1"
"PSEN1","HDAC3","CHEK1"
"PSEN1","AXIN1","CHEK1"
"PSEN1","PTPRR","CHEK1"
"PSEN1","CDKN1B","CHEK1"
"PSEN1","SKP2","CHEK1"
"PSEN1","MAML1","CHEK1"
"PSEN1","CDC25C","CHEK1"
"PSEN1","WEE1","CHEK1"
"PSEN1","CLASP2","CHEK1"
"PSEN1","RHEB","CHEK1"
"PSEN1","INPP5D","CHEK1"
"PSEN1","TNFAIP1","CHEK1"
"PSEN1","PHF8","CHEK1"
"PSEN1","NF2","CHEK1"
"PSEN1","MDC1","CHEK1"
"PSEN1","MRE11","CHEK1"
"PSEN1","FRAT1","CHEK1"
"PSEN1","CBL","CHEK1"
"PSEN1","RBBP8","CHEK1"
"PSEN1","PCBP2","CHEK1"
"PSEN1","SH2B3","CHEK1"
"PSEN1","HDAC1","CHEK1"
"PSEN1","GRB14","CHEK1"
"PSEN1","PRKAR1A","CHEK1"
"PSEN1","NOTCH2","CHEK1"
"PSEN1","BAZ1B","CHEK1"
"PSEN1","PLCG2","CHEK1"
"PSEN1","STK3/4","EIF2AK2"
"PSEN1","ACP1","EIF2AK2"
"PSEN1","PTPN6","EIF2AK2"
"PSEN1","STK4","EIF2AK2"
"PSEN1","RPS6KB1","EIF2AK2"
"PSEN1","CHEK1","EIF2AK2"
"PSEN1","STK3","EIF2AK2"
"PSEN1","DOK1","EIF2AK2"
"PSEN1","CDC25A","EIF2AK2"
"PSEN1","MARK2","EIF2AK2"
"PSEN1","PHLPP1","EIF2AK2"
"PSEN1","CALM3","EIF2AK2"
"PSEN1","YAP1","EIF2AK2"
"PSEN1","DEF6","EIF2AK2"
"PSEN1","CAMKK2","EIF2AK2"
"PSEN1","PTPN7","EIF2AK2"
"PSEN1","PDP1","EIF2AK2"
"PSEN1","RPS6KA4","EIF2AK2"
"PSEN1","HDAC3","EIF2AK2"
"PSEN1","AXIN1","EIF2AK2"
"PSEN1","PTPRR","EIF2AK2"
"PSEN1","CDKN1B","EIF2AK2"
"PSEN1","SKP2","EIF2AK2"
"PSEN1","MAML1","EIF2AK2"
"PSEN1","CDC25C","EIF2AK2"
"PSEN1","WEE1","EIF2AK2"
"PSEN1","CLASP2","EIF2AK2"
"PSEN1","RHEB","EIF2AK2"
"PSEN1","INPP5D","EIF2AK2"
"PSEN1","TNFAIP1","EIF2AK2"
"PSEN1","PHF8","EIF2AK2"
"PSEN1","NF2","EIF2AK2"
"PSEN1","MDC1","EIF2AK2"
"PSEN1","MRE11","EIF2AK2"
"PSEN1","FRAT1","EIF2AK2"
"PSEN1","CBL","EIF2AK2"
"PSEN1","RBBP8","EIF2AK2"
"PSEN1","PCBP2","EIF2AK2"
"PSEN1","SH2B3","EIF2AK2"
"PSEN1","HDAC1","EIF2AK2"
"PSEN1","GRB14","EIF2AK2"
"PSEN1","PRKAR1A","EIF2AK2"
"PSEN1","NOTCH2","EIF2AK2"
"PSEN1","BAZ1B","EIF2AK2"
"PSEN1","PLCG2","EIF2AK2"
"PSEN1","STK3/4","RPS6KA1"
"PSEN1","ACP1","RPS6KA1"
"PSEN1","PTPN6","RPS6KA1"
"PSEN1","STK4","RPS6KA1"
"PSEN1","RPS6KB1","RPS6KA1"
"PSEN1","CHEK1","RPS6KA1"
"PSEN1","EIF2AK2","RPS6KA1"
"PSEN1","STK3","RPS6KA1"
"PSEN1","DOK1","RPS6KA1"
"PSEN1","CDC25A","RPS6KA1"
"PSEN1","MARK2","RPS6KA1"
"PSEN1","PHLPP1","RPS6KA1"
"PSEN1","CALM3","RPS6KA1"
"PSEN1","YAP1","RPS6KA1"
"PSEN1","DEF6","RPS6KA1"
"PSEN1","CAMKK2","RPS6KA1"
"PSEN1","PTPN7","RPS6KA1"
"PSEN1","PDP1","RPS6KA1"
"PSEN1","RPS6KA4","RPS6KA1"
"PSEN1","HDAC3","RPS6KA1"
"PSEN1","AXIN1","RPS6KA1"
"PSEN1","PTPRR","RPS6KA1"
"PSEN1","CDKN1B","RPS6KA1"
"PSEN1","SKP2","RPS6KA1"
"PSEN1","MAML1","RPS6KA1"
"PSEN1","CDC25C","RPS6KA1"
"PSEN1","WEE1","RPS6KA1"
"PSEN1","CLASP2","RPS6KA1"
"PSEN1","RHEB","RPS6KA1"
"PSEN1","INPP5D","RPS6KA1"
"PSEN1","TNFAIP1","RPS6KA1"
"PSEN1","PHF8","RPS6KA1"
"PSEN1","NF2","RPS6KA1"
"PSEN1","MDC1","RPS6KA1"
"PSEN1","MRE11","RPS6KA1"
"PSEN1","FRAT1","RPS6KA1"
"PSEN1","CBL","RPS6KA1"
"PSEN1","RBBP8","RPS6KA1"
"PSEN1","PCBP2","RPS6KA1"
"PSEN1","SH2B3","RPS6KA1"
"PSEN1","HDAC1","RPS6KA1"
"PSEN1","GRB14","RPS6KA1"
"PSEN1","PRKAR1A","RPS6KA1"
"PSEN1","NOTCH2","RPS6KA1"
"PSEN1","BAZ1B","RPS6KA1"
"PSEN1","PLCG2","RPS6KA1"
"PSEN1","STK3/4","STK3"
"PSEN1","ACP1","STK3"
"PSEN1","PTPN6","STK3"
"PSEN1","STK4","STK3"
"PSEN1","RPS6KB1","STK3"
"PSEN1","CHEK1","STK3"
"PSEN1","EIF2AK2","STK3"
"PSEN1","DOK1","STK3"
"PSEN1","CDC25A","STK3"
"PSEN1","MARK2","STK3"
"PSEN1","PHLPP1","STK3"
"PSEN1","CALM3","STK3"
"PSEN1","YAP1","STK3"
"PSEN1","DEF6","STK3"
"PSEN1","CAMKK2","STK3"
"PSEN1","PTPN7","STK3"
"PSEN1","PDP1","STK3"
"PSEN1","RPS6KA4","STK3"
"PSEN1","HDAC3","STK3"
"PSEN1","AXIN1","STK3"
"PSEN1","PTPRR","STK3"
"PSEN1","CDKN1B","STK3"
"PSEN1","SKP2","STK3"
"PSEN1","MAML1","STK3"
"PSEN1","CDC25C","STK3"
"PSEN1","WEE1","STK3"
"PSEN1","CLASP2","STK3"
"PSEN1","RHEB","STK3"
"PSEN1","INPP5D","STK3"
"PSEN1","TNFAIP1","STK3"
"PSEN1","PHF8","STK3"
"PSEN1","NF2","STK3"
"PSEN1","MDC1","STK3"
"PSEN1","MRE11","STK3"
"PSEN1","FRAT1","STK3"
"PSEN1","CBL","STK3"
"PSEN1","RBBP8","STK3"
"PSEN1","PCBP2","STK3"
"PSEN1","SH2B3","STK3"
"PSEN1","HDAC1","STK3"
"PSEN1","GRB14","STK3"
"PSEN1","PRKAR1A","STK3"
"PSEN1","NOTCH2","STK3"
"PSEN1","BAZ1B","STK3"
"PSEN1","PLCG2","STK3"
"PSEN1","STK3/4","CyclinD/CDK4"
"PSEN1","ACP1","CyclinD/CDK4"
"PSEN1","PTPN6","CyclinD/CDK4"
"PSEN1","STK4","CyclinD/CDK4"
"PSEN1","RPS6KB1","CyclinD/CDK4"
"PSEN1","CHEK1","CyclinD/CDK4"
"PSEN1","EIF2AK2","CyclinD/CDK4"
"PSEN1","STK3","CyclinD/CDK4"
"PSEN1","DOK1","CyclinD/CDK4"
"PSEN1","CDC25A","CyclinD/CDK4"
"PSEN1","MARK2","CyclinD/CDK4"
"PSEN1","PHLPP1","CyclinD/CDK4"
"PSEN1","CALM3","CyclinD/CDK4"
"PSEN1","YAP1","CyclinD/CDK4"
"PSEN1","DEF6","CyclinD/CDK4"
"PSEN1","CAMKK2","CyclinD/CDK4"
"PSEN1","PTPN7","CyclinD/CDK4"
"PSEN1","PDP1","CyclinD/CDK4"
"PSEN1","RPS6KA4","CyclinD/CDK4"
"PSEN1","HDAC3","CyclinD/CDK4"
"PSEN1","AXIN1","CyclinD/CDK4"
"PSEN1","PTPRR","CyclinD/CDK4"
"PSEN1","CDKN1B","CyclinD/CDK4"
"PSEN1","SKP2","CyclinD/CDK4"
"PSEN1","MAML1","CyclinD/CDK4"
"PSEN1","CDC25C","CyclinD/CDK4"
"PSEN1","WEE1","CyclinD/CDK4"
"PSEN1","CLASP2","CyclinD/CDK4"
"PSEN1","RHEB","CyclinD/CDK4"
"PSEN1","INPP5D","CyclinD/CDK4"
"PSEN1","TNFAIP1","CyclinD/CDK4"
"PSEN1","PHF8","CyclinD/CDK4"
"PSEN1","NF2","CyclinD/CDK4"
"PSEN1","MDC1","CyclinD/CDK4"
"PSEN1","MRE11","CyclinD/CDK4"
"PSEN1","FRAT1","CyclinD/CDK4"
"PSEN1","CBL","CyclinD/CDK4"
"PSEN1","RBBP8","CyclinD/CDK4"
"PSEN1","PCBP2","CyclinD/CDK4"
"PSEN1","SH2B3","CyclinD/CDK4"
"PSEN1","HDAC1","CyclinD/CDK4"
"PSEN1","GRB14","CyclinD/CDK4"
"PSEN1","PRKAR1A","CyclinD/CDK4"
"PSEN1","NOTCH2","CyclinD/CDK4"
"PSEN1","BAZ1B","CyclinD/CDK4"
"PSEN1","PLCG2","CyclinD/CDK4"
"PSEN1","STK3/4","PPP1R2"
"PSEN1","ACP1","PPP1R2"
"PSEN1","PTPN6","PPP1R2"
"PSEN1","STK4","PPP1R2"
"PSEN1","RPS6KB1","PPP1R2"
"PSEN1","CHEK1","PPP1R2"
"PSEN1","EIF2AK2","PPP1R2"
"PSEN1","STK3","PPP1R2"
"PSEN1","DOK1","PPP1R2"
"PSEN1","CDC25A","PPP1R2"
"PSEN1","MARK2","PPP1R2"
"PSEN1","PHLPP1","PPP1R2"
"PSEN1","CALM3","PPP1R2"
"PSEN1","YAP1","PPP1R2"
"PSEN1","DEF6","PPP1R2"
"PSEN1","CAMKK2","PPP1R2"
"PSEN1","PTPN7","PPP1R2"
"PSEN1","PDP1","PPP1R2"
"PSEN1","RPS6KA4","PPP1R2"
"PSEN1","HDAC3","PPP1R2"
"PSEN1","AXIN1","PPP1R2"
"PSEN1","PTPRR","PPP1R2"
"PSEN1","CDKN1B","PPP1R2"
"PSEN1","SKP2","PPP1R2"
"PSEN1","MAML1","PPP1R2"
"PSEN1","CDC25C","PPP1R2"
"PSEN1","WEE1","PPP1R2"
"PSEN1","CLASP2","PPP1R2"
"PSEN1","RHEB","PPP1R2"
"PSEN1","INPP5D","PPP1R2"
"PSEN1","TNFAIP1","PPP1R2"
"PSEN1","PHF8","PPP1R2"
"PSEN1","NF2","PPP1R2"
"PSEN1","MDC1","PPP1R2"
"PSEN1","MRE11","PPP1R2"
"PSEN1","FRAT1","PPP1R2"
"PSEN1","CBL","PPP1R2"
"PSEN1","RBBP8","PPP1R2"
"PSEN1","PCBP2","PPP1R2"
"PSEN1","SH2B3","PPP1R2"
"PSEN1","HDAC1","PPP1R2"
"PSEN1","GRB14","PPP1R2"
"PSEN1","PRKAR1A","PPP1R2"
"PSEN1","NOTCH2","PPP1R2"
"PSEN1","BAZ1B","PPP1R2"
"PSEN1","PLCG2","PPP1R2"
"PSEN1","STK3/4","AKT"
"PSEN1","ACP1","AKT"
"PSEN1","PTPN6","AKT"
"PSEN1","STK4","AKT"
"PSEN1","RPS6KB1","AKT"
"PSEN1","CHEK1","AKT"
"PSEN1","EIF2AK2","AKT"
"PSEN1","STK3","AKT"
"PSEN1","DOK1","AKT"
"PSEN1","CDC25A","AKT"
"PSEN1","MARK2","AKT"
"PSEN1","PHLPP1","AKT"
"PSEN1","CALM3","AKT"
"PSEN1","YAP1","AKT"
"PSEN1","DEF6","AKT"
"PSEN1","CAMKK2","AKT"
"PSEN1","PTPN7","AKT"
"PSEN1","PDP1","AKT"
"PSEN1","RPS6KA4","AKT"
"PSEN1","HDAC3","AKT"
"PSEN1","AXIN1","AKT"
"PSEN1","PTPRR","AKT"
"PSEN1","CDKN1B","AKT"
"PSEN1","SKP2","AKT"
"PSEN1","MAML1","AKT"
"PSEN1","CDC25C","AKT"
"PSEN1","GAB1","AKT"
"PSEN1","WEE1","AKT"
"PSEN1","CLASP2","AKT"
"PSEN1","RHEB","AKT"
"PSEN1","INPP5D","AKT"
"PSEN1","GAB2","AKT"
"PSEN1","TNFAIP1","AKT"
"PSEN1","PHF8","AKT"
"PSEN1","NF2","AKT"
"PSEN1","GRB10","AKT"
"PSEN1","MDC1","AKT"
"PSEN1","MRE11","AKT"
"PSEN1","FRAT1","AKT"
"PSEN1","CBL","AKT"
"PSEN1","RBBP8","AKT"
"PSEN1","PCBP2","AKT"
"PSEN1","SH2B3","AKT"
"PSEN1","HDAC1","AKT"
"PSEN1","GRB14","AKT"
"PSEN1","PRKAR1A","AKT"
"PSEN1","NOTCH2","AKT"
"PSEN1","BAZ1B","AKT"
"PSEN1","PLCG2","AKT"
"PSEN1","STK3/4","MAPK9"
"PSEN1","ACP1","MAPK9"
"PSEN1","PTPN6","MAPK9"
"PSEN1","STK4","MAPK9"
"PSEN1","RPS6KB1","MAPK9"
"PSEN1","CHEK1","MAPK9"
"PSEN1","EIF2AK2","MAPK9"
"PSEN1","STK3","MAPK9"
"PSEN1","DOK1","MAPK9"
"PSEN1","CDC25A","MAPK9"
"PSEN1","MARK2","MAPK9"
"PSEN1","PHLPP1","MAPK9"
"PSEN1","CALM3","MAPK9"
"PSEN1","YAP1","MAPK9"
"PSEN1","DEF6","MAPK9"
"PSEN1","CAMKK2","MAPK9"
"PSEN1","PTPN7","MAPK9"
"PSEN1","PDP1","MAPK9"
"PSEN1","HDAC3","MAPK9"
"PSEN1","AXIN1","MAPK9"
"PSEN1","PTPRR","MAPK9"
"PSEN1","CDKN1B","MAPK9"
"PSEN1","SKP2","MAPK9"
"PSEN1","MAML1","MAPK9"
"PSEN1","GRIPAP1","MAPK9"
"PSEN1","GRIP1","MAPK9"
"PSEN1","WEE1","MAPK9"
"PSEN1","CLASP2","MAPK9"
"PSEN1","RHEB","MAPK9"
"PSEN1","INPP5D","MAPK9"
"PSEN1","TNFAIP1","MAPK9"
"PSEN1","PHF8","MAPK9"
"PSEN1","NF2","MAPK9"
"PSEN1","MDC1","MAPK9"
"PSEN1","MRE11","MAPK9"
"PSEN1","FRAT1","MAPK9"
"PSEN1","CBL","MAPK9"
"PSEN1","PCBP2","MAPK9"
"PSEN1","SH2B3","MAPK9"
"PSEN1","HDAC1","MAPK9"
"PSEN1","GRB14","MAPK9"
"PSEN1","PRKAR1A","MAPK9"
"PSEN1","NOTCH2","MAPK9"
"PSEN1","BAZ1B","MAPK9"
"PSEN1","PLCG2","MAPK9"
"PSEN1","STK3/4","DOK1"
"PSEN1","ACP1","DOK1"
"PSEN1","PTPN6","DOK1"
"PSEN1","STK4","DOK1"
"PSEN1","RPS6KB1","DOK1"
"PSEN1","CHEK1","DOK1"
"PSEN1","EIF2AK2","DOK1"
"PSEN1","STK3","DOK1"
"PSEN1","CDC25A","DOK1"
"PSEN1","MARK2","DOK1"
"PSEN1","PHLPP1","DOK1"
"PSEN1","CALM3","DOK1"
"PSEN1","YAP1","DOK1"
"PSEN1","DEF6","DOK1"
"PSEN1","CAMKK2","DOK1"
"PSEN1","PTPN7","DOK1"
"PSEN1","PDP1","DOK1"
"PSEN1","RPS6KA4","DOK1"
"PSEN1","HDAC3","DOK1"
"PSEN1","AXIN1","DOK1"
"PSEN1","PTPRR","DOK1"
"PSEN1","CDKN1B","DOK1"
"PSEN1","SKP2","DOK1"
"PSEN1","MAML1","DOK1"
"PSEN1","CDC25C","DOK1"
"PSEN1","WEE1","DOK1"
"PSEN1","CLASP2","DOK1"
"PSEN1","RHEB","DOK1"
"PSEN1","INPP5D","DOK1"
"PSEN1","TNFAIP1","DOK1"
"PSEN1","PHF8","DOK1"
"PSEN1","NF2","DOK1"
"PSEN1","MDC1","DOK1"
"PSEN1","MRE11","DOK1"
"PSEN1","FRAT1","DOK1"
"PSEN1","CBL","DOK1"
"PSEN1","RBBP8","DOK1"
"PSEN1","PCBP2","DOK1"
"PSEN1","SH2B3","DOK1"
"PSEN1","HDAC1","DOK1"
"PSEN1","GRB14","DOK1"
"PSEN1","PRKAR1A","DOK1"
"PSEN1","NOTCH2","DOK1"
"PSEN1","BAZ1B","DOK1"
"PSEN1","PLCG2","DOK1"
"PSEN1","STK3/4","PPP1R1B"
"PSEN1","ACP1","PPP1R1B"
"PSEN1","PTPN6","PPP1R1B"
"PSEN1","STK4","PPP1R1B"
"PSEN1","RPS6KB1","PPP1R1B"
"PSEN1","CHEK1","PPP1R1B"
"PSEN1","EIF2AK2","PPP1R1B"
"PSEN1","STK3","PPP1R1B"
"PSEN1","DOK1","PPP1R1B"
"PSEN1","CDC25A","PPP1R1B"
"PSEN1","MARK2","PPP1R1B"
"PSEN1","PHLPP1","PPP1R1B"
"PSEN1","CALM3","PPP1R1B"
"PSEN1","YAP1","PPP1R1B"
"PSEN1","DEF6","PPP1R1B"
"PSEN1","CAMKK2","PPP1R1B"
"PSEN1","PTPN7","PPP1R1B"
"PSEN1","PDP1","PPP1R1B"
"PSEN1","RPS6KA4","PPP1R1B"
"PSEN1","HDAC3","PPP1R1B"
"PSEN1","AXIN1","PPP1R1B"
"PSEN1","PTPRR","PPP1R1B"
"PSEN1","CDKN1B","PPP1R1B"
"PSEN1","SKP2","PPP1R1B"
"PSEN1","MAML1","PPP1R1B"
"PSEN1","CDC25C","PPP1R1B"
"PSEN1","WEE1","PPP1R1B"
"PSEN1","CLASP2","PPP1R1B"
"PSEN1","RHEB","PPP1R1B"
"PSEN1","INPP5D","PPP1R1B"
"PSEN1","TNFAIP1","PPP1R1B"
"PSEN1","PHF8","PPP1R1B"
"PSEN1","NF2","PPP1R1B"
"PSEN1","MDC1","PPP1R1B"
"PSEN1","MRE11","PPP1R1B"
"PSEN1","FRAT1","PPP1R1B"
"PSEN1","CBL","PPP1R1B"
"PSEN1","RBBP8","PPP1R1B"
"PSEN1","PCBP2","PPP1R1B"
"PSEN1","SH2B3","PPP1R1B"
"PSEN1","HDAC1","PPP1R1B"
"PSEN1","GRB14","PPP1R1B"
"PSEN1","PRKAR1A","PPP1R1B"
"PSEN1","NOTCH2","PPP1R1B"
"PSEN1","BAZ1B","PPP1R1B"
"PSEN1","PLCG2","PPP1R1B"
"PSEN1","STK3/4","MAP3K4"
"PSEN1","ACP1","MAP3K4"
"PSEN1","PTPN6","MAP3K4"
"PSEN1","STK4","MAP3K4"
"PSEN1","RPS6KB1","MAP3K4"
"PSEN1","CHEK1","MAP3K4"
"PSEN1","EIF2AK2","MAP3K4"
"PSEN1","STK3","MAP3K4"
"PSEN1","DOK1","MAP3K4"
"PSEN1","CDC25A","MAP3K4"
"PSEN1","MARK2","MAP3K4"
"PSEN1","PHLPP1","MAP3K4"
"PSEN1","CALM3","MAP3K4"
"PSEN1","YAP1","MAP3K4"
"PSEN1","DEF6","MAP3K4"
"PSEN1","CAMKK2","MAP3K4"
"PSEN1","PTPN7","MAP3K4"
"PSEN1","PDP1","MAP3K4"
"PSEN1","RPS6KA4","MAP3K4"
"PSEN1","HDAC3","MAP3K4"
"PSEN1","AXIN1","MAP3K4"
"PSEN1","PTPRR","MAP3K4"
"PSEN1","CDKN1B","MAP3K4"
"PSEN1","SKP2","MAP3K4"
"PSEN1","MAML1","MAP3K4"
"PSEN1","CDC25C","MAP3K4"
"PSEN1","WEE1","MAP3K4"
"PSEN1","CLASP2","MAP3K4"
"PSEN1","RHEB","MAP3K4"
"PSEN1","INPP5D","MAP3K4"
"PSEN1","TNFAIP1","MAP3K4"
"PSEN1","PHF8","MAP3K4"
"PSEN1","NF2","MAP3K4"
"PSEN1","MDC1","MAP3K4"
"PSEN1","MRE11","MAP3K4"
"PSEN1","FRAT1","MAP3K4"
"PSEN1","CBL","MAP3K4"
"PSEN1","RBBP8","MAP3K4"
"PSEN1","PCBP2","MAP3K4"
"PSEN1","SH2B3","MAP3K4"
"PSEN1","HDAC1","MAP3K4"
"PSEN1","GRB14","MAP3K4"
"PSEN1","PRKAR1A","MAP3K4"
"PSEN1","NOTCH2","MAP3K4"
"PSEN1","BAZ1B","MAP3K4"
"PSEN1","PLCG2","MAP3K4"
"PSEN1","STK3/4","CDC25A"
"PSEN1","ACP1","CDC25A"
"PSEN1","PTPN6","CDC25A"
"PSEN1","STK4","CDC25A"
"PSEN1","RPS6KB1","CDC25A"
"PSEN1","CHEK1","CDC25A"
"PSEN1","EIF2AK2","CDC25A"
"PSEN1","STK3","CDC25A"
"PSEN1","DOK1","CDC25A"
"PSEN1","MARK2","CDC25A"
"PSEN1","PHLPP1","CDC25A"
"PSEN1","CALM3","CDC25A"
"PSEN1","YAP1","CDC25A"
"PSEN1","DEF6","CDC25A"
"PSEN1","CAMKK2","CDC25A"
"PSEN1","PTPN7","CDC25A"
"PSEN1","PDP1","CDC25A"
"PSEN1","RPS6KA4","CDC25A"
"PSEN1","HDAC3","CDC25A"
"PSEN1","AXIN1","CDC25A"
"PSEN1","PTPRR","CDC25A"
"PSEN1","CDKN1B","CDC25A"
"PSEN1","SKP2","CDC25A"
"PSEN1","MAML1","CDC25A"
"PSEN1","CDC25C","CDC25A"
"PSEN1","WEE1","CDC25A"
"PSEN1","CLASP2","CDC25A"
"PSEN1","RHEB","CDC25A"
"PSEN1","INPP5D","CDC25A"
"PSEN1","TNFAIP1","CDC25A"
"PSEN1","PHF8","CDC25A"
"PSEN1","NF2","CDC25A"
"PSEN1","MDC1","CDC25A"
"PSEN1","MRE11","CDC25A"
"PSEN1","FRAT1","CDC25A"
"PSEN1","CBL","CDC25A"
"PSEN1","RBBP8","CDC25A"
"PSEN1","PCBP2","CDC25A"
"PSEN1","SH2B3","CDC25A"
"PSEN1","HDAC1","CDC25A"
"PSEN1","GRB14","CDC25A"
"PSEN1","PRKAR1A","CDC25A"
"PSEN1","NOTCH2","CDC25A"
"PSEN1","BAZ1B","CDC25A"
"PSEN1","PLCG2","CDC25A"
"PSEN1","STK3/4","MUC1"
"PSEN1","ACP1","MUC1"
"PSEN1","PTPN6","MUC1"
"PSEN1","STK4","MUC1"
"PSEN1","RPS6KB1","MUC1"
"PSEN1","CHEK1","MUC1"
"PSEN1","EIF2AK2","MUC1"
"PSEN1","STK3","MUC1"
"PSEN1","DOK1","MUC1"
"PSEN1","CDC25A","MUC1"
"PSEN1","MARK2","MUC1"
"PSEN1","PHLPP1","MUC1"
"PSEN1","CALM3","MUC1"
"PSEN1","YAP1","MUC1"
"PSEN1","DEF6","MUC1"
"PSEN1","CAMKK2","MUC1"
"PSEN1","PTPN7","MUC1"
"PSEN1","PDP1","MUC1"
"PSEN1","RPS6KA4","MUC1"
"PSEN1","HDAC3","MUC1"
"PSEN1","AXIN1","MUC1"
"PSEN1","PTPRR","MUC1"
"PSEN1","CDKN1B","MUC1"
"PSEN1","SKP2","MUC1"
"PSEN1","MAML1","MUC1"
"PSEN1","CDC25C","MUC1"
"PSEN1","WEE1","MUC1"
"PSEN1","CLASP2","MUC1"
"PSEN1","RHEB","MUC1"
"PSEN1","INPP5D","MUC1"
"PSEN1","TNFAIP1","MUC1"
"PSEN1","PHF8","MUC1"
"PSEN1","NF2","MUC1"
"PSEN1","MDC1","MUC1"
"PSEN1","MRE11","MUC1"
"PSEN1","FRAT1","MUC1"
"PSEN1","CBL","MUC1"
"PSEN1","RBBP8","MUC1"
"PSEN1","PCBP2","MUC1"
"PSEN1","SH2B3","MUC1"
"PSEN1","HDAC1","MUC1"
"PSEN1","GRB14","MUC1"
"PSEN1","PRKAR1A","MUC1"
"PSEN1","NOTCH2","MUC1"
"PSEN1","BAZ1B","MUC1"
"PSEN1","PLCG2","MUC1"
"PSEN1","STK3/4","MAPKAPK2"
"PSEN1","ACP1","MAPKAPK2"
"PSEN1","PTPN6","MAPKAPK2"
"PSEN1","STK4","MAPKAPK2"
"PSEN1","RPS6KB1","MAPKAPK2"
"PSEN1","CHEK1","MAPKAPK2"
"PSEN1","EIF2AK2","MAPKAPK2"
"PSEN1","STK3","MAPKAPK2"
"PSEN1","DOK1","MAPKAPK2"
"PSEN1","CDC25A","MAPKAPK2"
"PSEN1","MARK2","MAPKAPK2"
"PSEN1","PHLPP1","MAPKAPK2"
"PSEN1","CALM3","MAPKAPK2"
"PSEN1","YAP1","MAPKAPK2"
"PSEN1","DEF6","MAPKAPK2"
"PSEN1","CAMKK2","MAPKAPK2"
"PSEN1","PTPN7","MAPKAPK2"
"PSEN1","PDP1","MAPKAPK2"
"PSEN1","RPS6KA4","MAPKAPK2"
"PSEN1","HDAC3","MAPKAPK2"
"PSEN1","AXIN1","MAPKAPK2"
"PSEN1","PTPRR","MAPKAPK2"
"PSEN1","CDKN1B","MAPKAPK2"
"PSEN1","SKP2","MAPKAPK2"
"PSEN1","MAML1","MAPKAPK2"
"PSEN1","CDC25C","MAPKAPK2"
"PSEN1","WEE1","MAPKAPK2"
"PSEN1","CLASP2","MAPKAPK2"
"PSEN1","RHEB","MAPKAPK2"
"PSEN1","INPP5D","MAPKAPK2"
"PSEN1","TNFAIP1","MAPKAPK2"
"PSEN1","PHF8","MAPKAPK2"
"PSEN1","NF2","MAPKAPK2"
"PSEN1","MDC1","MAPKAPK2"
"PSEN1","MRE11","MAPKAPK2"
"PSEN1","FRAT1","MAPKAPK2"
"PSEN1","CBL","MAPKAPK2"
"PSEN1","RBBP8","MAPKAPK2"
"PSEN1","PCBP2","MAPKAPK2"
"PSEN1","SH2B3","MAPKAPK2"
"PSEN1","HDAC1","MAPKAPK2"
"PSEN1","GRB14","MAPKAPK2"
"PSEN1","PRKAR1A","MAPKAPK2"
"PSEN1","NOTCH2","MAPKAPK2"
"PSEN1","BAZ1B","MAPKAPK2"
"PSEN1","PLCG2","MAPKAPK2"
"PSEN1","STK3/4","NFATC2"
"PSEN1","ACP1","NFATC2"
"PSEN1","PTPN6","NFATC2"
"PSEN1","STK4","NFATC2"
"PSEN1","RPS6KB1","NFATC2"
"PSEN1","CHEK1","NFATC2"
"PSEN1","EIF2AK2","NFATC2"
"PSEN1","STK3","NFATC2"
"PSEN1","DOK1","NFATC2"
"PSEN1","CDC25A","NFATC2"
"PSEN1","MARK2","NFATC2"
"PSEN1","PHLPP1","NFATC2"
"PSEN1","CALM3","NFATC2"
"PSEN1","YAP1","NFATC2"
"PSEN1","DEF6","NFATC2"
"PSEN1","CAMKK2","NFATC2"
"PSEN1","PTPN7","NFATC2"
"PSEN1","PDP1","NFATC2"
"PSEN1","RPS6KA4","NFATC2"
"PSEN1","HDAC3","NFATC2"
"PSEN1","AXIN1","NFATC2"
"PSEN1","PTPRR","NFATC2"
"PSEN1","CDKN1B","NFATC2"
"PSEN1","SKP2","NFATC2"
"PSEN1","MAML1","NFATC2"
"PSEN1","CDC25C","NFATC2"
"PSEN1","WEE1","NFATC2"
"PSEN1","CLASP2","NFATC2"
"PSEN1","RHEB","NFATC2"
"PSEN1","INPP5D","NFATC2"
"PSEN1","TNFAIP1","NFATC2"
"PSEN1","PHF8","NFATC2"
"PSEN1","NF2","NFATC2"
"PSEN1","MDC1","NFATC2"
"PSEN1","MRE11","NFATC2"
"PSEN1","FRAT1","NFATC2"
"PSEN1","CBL","NFATC2"
"PSEN1","RBBP8","NFATC2"
"PSEN1","PCBP2","NFATC2"
"PSEN1","SH2B3","NFATC2"
"PSEN1","HDAC1","NFATC2"
"PSEN1","GRB14","NFATC2"
"PSEN1","PRKAR1A","NFATC2"
"PSEN1","NOTCH2","NFATC2"
"PSEN1","BAZ1B","NFATC2"
"PSEN1","PLCG2","NFATC2"
"PSEN1","STK3/4","CyclinB/CDK1"
"PSEN1","ACP1","CyclinB/CDK1"
"PSEN1","PTPN6","CyclinB/CDK1"
"PSEN1","STK4","CyclinB/CDK1"
"PSEN1","RPS6KB1","CyclinB/CDK1"
"PSEN1","CHEK1","CyclinB/CDK1"
"PSEN1","EIF2AK2","CyclinB/CDK1"
"PSEN1","STK3","CyclinB/CDK1"
"PSEN1","DOK1","CyclinB/CDK1"
"PSEN1","CDC25A","CyclinB/CDK1"
"PSEN1","MARK2","CyclinB/CDK1"
"PSEN1","PHLPP1","CyclinB/CDK1"
"PSEN1","CALM3","CyclinB/CDK1"
"PSEN1","YAP1","CyclinB/CDK1"
"PSEN1","DEF6","CyclinB/CDK1"
"PSEN1","CAMKK2","CyclinB/CDK1"
"PSEN1","PTPN7","CyclinB/CDK1"
"PSEN1","PDP1","CyclinB/CDK1"
"PSEN1","RPS6KA4","CyclinB/CDK1"
"PSEN1","HDAC3","CyclinB/CDK1"
"PSEN1","AXIN1","CyclinB/CDK1"
"PSEN1","PTPRR","CyclinB/CDK1"
"PSEN1","CDKN1B","CyclinB/CDK1"
"PSEN1","SKP2","CyclinB/CDK1"
"PSEN1","MAML1","CyclinB/CDK1"
"PSEN1","CDC25C","CyclinB/CDK1"
"PSEN1","WEE1","CyclinB/CDK1"
"PSEN1","CLASP2","CyclinB/CDK1"
"PSEN1","RHEB","CyclinB/CDK1"
"PSEN1","INPP5D","CyclinB/CDK1"
"PSEN1","TNFAIP1","CyclinB/CDK1"
"PSEN1","PHF8","CyclinB/CDK1"
"PSEN1","NF2","CyclinB/CDK1"
"PSEN1","MDC1","CyclinB/CDK1"
"PSEN1","MRE11","CyclinB/CDK1"
"PSEN1","FRAT1","CyclinB/CDK1"
"PSEN1","CBL","CyclinB/CDK1"
"PSEN1","RBBP8","CyclinB/CDK1"
"PSEN1","PCBP2","CyclinB/CDK1"
"PSEN1","SH2B3","CyclinB/CDK1"
"PSEN1","HDAC1","CyclinB/CDK1"
"PSEN1","GRB14","CyclinB/CDK1"
"PSEN1","PRKAR1A","CyclinB/CDK1"
"PSEN1","NOTCH2","CyclinB/CDK1"
"PSEN1","BAZ1B","CyclinB/CDK1"
"PSEN1","PLCG2","CyclinB/CDK1"
"PSEN1","STK3/4","CyclinE/CDK2"
"PSEN1","ACP1","CyclinE/CDK2"
"PSEN1","PTPN6","CyclinE/CDK2"
"PSEN1","STK4","CyclinE/CDK2"
"PSEN1","RPS6KB1","CyclinE/CDK2"
"PSEN1","CHEK1","CyclinE/CDK2"
"PSEN1","EIF2AK2","CyclinE/CDK2"
"PSEN1","STK3","CyclinE/CDK2"
"PSEN1","DOK1","CyclinE/CDK2"
"PSEN1","CDC25A","CyclinE/CDK2"
"PSEN1","MARK2","CyclinE/CDK2"
"PSEN1","PHLPP1","CyclinE/CDK2"
"PSEN1","CALM3","CyclinE/CDK2"
"PSEN1","YAP1","CyclinE/CDK2"
"PSEN1","DEF6","CyclinE/CDK2"
"PSEN1","CAMKK2","CyclinE/CDK2"
"PSEN1","PTPN7","CyclinE/CDK2"
"PSEN1","PDP1","CyclinE/CDK2"
"PSEN1","RPS6KA4","CyclinE/CDK2"
"PSEN1","HDAC3","CyclinE/CDK2"
"PSEN1","AXIN1","CyclinE/CDK2"
"PSEN1","PTPRR","CyclinE/CDK2"
"PSEN1","CDKN1B","CyclinE/CDK2"
"PSEN1","SKP2","CyclinE/CDK2"
"PSEN1","MAML1","CyclinE/CDK2"
"PSEN1","CDC25C","CyclinE/CDK2"
"PSEN1","WEE1","CyclinE/CDK2"
"PSEN1","CLASP2","CyclinE/CDK2"
"PSEN1","RHEB","CyclinE/CDK2"
"PSEN1","INPP5D","CyclinE/CDK2"
"PSEN1","TNFAIP1","CyclinE/CDK2"
"PSEN1","PHF8","CyclinE/CDK2"
"PSEN1","NF2","CyclinE/CDK2"
"PSEN1","MDC1","CyclinE/CDK2"
"PSEN1","MRE11","CyclinE/CDK2"
"PSEN1","FRAT1","CyclinE/CDK2"
"PSEN1","CBL","CyclinE/CDK2"
"PSEN1","RBBP8","CyclinE/CDK2"
"PSEN1","PCBP2","CyclinE/CDK2"
"PSEN1","SH2B3","CyclinE/CDK2"
"PSEN1","HDAC1","CyclinE/CDK2"
"PSEN1","GRB14","CyclinE/CDK2"
"PSEN1","PRKAR1A","CyclinE/CDK2"
"PSEN1","NOTCH2","CyclinE/CDK2"
"PSEN1","BAZ1B","CyclinE/CDK2"
"PSEN1","PLCG2","CyclinE/CDK2"
"PSEN1","STK3/4","ITK"
"PSEN1","ACP1","ITK"
"PSEN1","PTPN6","ITK"
"PSEN1","STK4","ITK"
"PSEN1","RPS6KB1","ITK"
"PSEN1","CHEK1","ITK"
"PSEN1","EIF2AK2","ITK"
"PSEN1","STK3","ITK"
"PSEN1","DOK1","ITK"
"PSEN1","CDC25A","ITK"
"PSEN1","MARK2","ITK"
"PSEN1","PHLPP1","ITK"
"PSEN1","CALM3","ITK"
"PSEN1","YAP1","ITK"
"PSEN1","DEF6","ITK"
"PSEN1","CAMKK2","ITK"
"PSEN1","PTPN7","ITK"
"PSEN1","PDP1","ITK"
"PSEN1","RPS6KA4","ITK"
"PSEN1","HDAC3","ITK"
"PSEN1","AXIN1","ITK"
"PSEN1","PTPRR","ITK"
"PSEN1","CDKN1B","ITK"
"PSEN1","SKP2","ITK"
"PSEN1","MAML1","ITK"
"PSEN1","CDC25C","ITK"
"PSEN1","WEE1","ITK"
"PSEN1","CLASP2","ITK"
"PSEN1","RHEB","ITK"
"PSEN1","INPP5D","ITK"
"PSEN1","TNFAIP1","ITK"
"PSEN1","PHF8","ITK"
"PSEN1","NF2","ITK"
"PSEN1","MDC1","ITK"
"PSEN1","MRE11","ITK"
"PSEN1","FRAT1","ITK"
"PSEN1","CBL","ITK"
"PSEN1","RBBP8","ITK"
"PSEN1","PCBP2","ITK"
"PSEN1","SH2B3","ITK"
"PSEN1","HDAC1","ITK"
"PSEN1","GRB14","ITK"
"PSEN1","PRKAR1A","ITK"
"PSEN1","NOTCH2","ITK"
"PSEN1","BAZ1B","ITK"
"PSEN1","PLCG2","ITK"
"PSEN1","STK3/4","RPS6KA3"
"PSEN1","ACP1","RPS6KA3"
"PSEN1","PTPN6","RPS6KA3"
"PSEN1","STK4","RPS6KA3"
"PSEN1","RPS6KB1","RPS6KA3"
"PSEN1","CHEK1","RPS6KA3"
"PSEN1","STK3","RPS6KA3"
"PSEN1","DOK1","RPS6KA3"
"PSEN1","CDC25A","RPS6KA3"
"PSEN1","MARK2","RPS6KA3"
"PSEN1","PHLPP1","RPS6KA3"
"PSEN1","CALM3","RPS6KA3"
"PSEN1","YAP1","RPS6KA3"
"PSEN1","DEF6","RPS6KA3"
"PSEN1","CAMKK2","RPS6KA3"
"PSEN1","PTPN7","RPS6KA3"
"PSEN1","PDP1","RPS6KA3"
"PSEN1","RPS6KA4","RPS6KA3"
"PSEN1","HDAC3","RPS6KA3"
"PSEN1","AXIN1","RPS6KA3"
"PSEN1","PTPRR","RPS6KA3"
"PSEN1","CDKN1B","RPS6KA3"
"PSEN1","SKP2","RPS6KA3"
"PSEN1","MAML1","RPS6KA3"
"PSEN1","CDC25C","RPS6KA3"
"PSEN1","WEE1","RPS6KA3"
"PSEN1","CLASP2","RPS6KA3"
"PSEN1","RHEB","RPS6KA3"
"PSEN1","INPP5D","RPS6KA3"
"PSEN1","TNFAIP1","RPS6KA3"
"PSEN1","PHF8","RPS6KA3"
"PSEN1","NF2","RPS6KA3"
"PSEN1","MDC1","RPS6KA3"
"PSEN1","MRE11","RPS6KA3"
"PSEN1","FRAT1","RPS6KA3"
"PSEN1","CBL","RPS6KA3"
"PSEN1","RBBP8","RPS6KA3"
"PSEN1","PCBP2","RPS6KA3"
"PSEN1","SH2B3","RPS6KA3"
"PSEN1","HDAC1","RPS6KA3"
"PSEN1","GRB14","RPS6KA3"
"PSEN1","PRKAR1A","RPS6KA3"
"PSEN1","NOTCH2","RPS6KA3"
"PSEN1","BAZ1B","RPS6KA3"
"PSEN1","PLCG2","RPS6KA3"
"PSEN1","STK3/4","MARK2"
"PSEN1","ACP1","MARK2"
"PSEN1","PTPN6","MARK2"
"PSEN1","STK4","MARK2"
"PSEN1","RPS6KB1","MARK2"
"PSEN1","CHEK1","MARK2"
"PSEN1","EIF2AK2","MARK2"
"PSEN1","STK3","MARK2"
"PSEN1","DOK1","MARK2"
"PSEN1","CDC25A","MARK2"
"PSEN1","PHLPP1","MARK2"
"PSEN1","CALM3","MARK2"
"PSEN1","YAP1","MARK2"
"PSEN1","DEF6","MARK2"
"PSEN1","CAMKK2","MARK2"
"PSEN1","PTPN7","MARK2"
"PSEN1","PDP1","MARK2"
"PSEN1","RPS6KA4","MARK2"
"PSEN1","HDAC3","MARK2"
"PSEN1","AXIN1","MARK2"
"PSEN1","PTPRR","MARK2"
"PSEN1","CDKN1B","MARK2"
"PSEN1","SKP2","MARK2"
"PSEN1","MAML1","MARK2"
"PSEN1","CDC25C","MARK2"
"PSEN1","WEE1","MARK2"
"PSEN1","CLASP2","MARK2"
"PSEN1","RHEB","MARK2"
"PSEN1","INPP5D","MARK2"
"PSEN1","TNFAIP1","MARK2"
"PSEN1","PHF8","MARK2"
"PSEN1","NF2","MARK2"
"PSEN1","MDC1","MARK2"
"PSEN1","MRE11","MARK2"
"PSEN1","FRAT1","MARK2"
"PSEN1","CBL","MARK2"
"PSEN1","RBBP8","MARK2"
"PSEN1","PCBP2","MARK2"
"PSEN1","SH2B3","MARK2"
"PSEN1","HDAC1","MARK2"
"PSEN1","GRB14","MARK2"
"PSEN1","PRKAR1A","MARK2"
"PSEN1","NOTCH2","MARK2"
"PSEN1","BAZ1B","MARK2"
"PSEN1","PLCG2","MARK2"
"PSEN1","STK3/4","mTORC1"
"PSEN1","ACP1","mTORC1"
"PSEN1","PTPN6","mTORC1"
"PSEN1","STK4","mTORC1"
"PSEN1","RPS6KB1","mTORC1"
"PSEN1","CHEK1","mTORC1"
"PSEN1","EIF2AK2","mTORC1"
"PSEN1","STK3","mTORC1"
"PSEN1","DOK1","mTORC1"
"PSEN1","CDC25A","mTORC1"
"PSEN1","MARK2","mTORC1"
"PSEN1","PHLPP1","mTORC1"
"PSEN1","CALM3","mTORC1"
"PSEN1","YAP1","mTORC1"
"PSEN1","DEF6","mTORC1"
"PSEN1","CAMKK2","mTORC1"
"PSEN1","PTPN7","mTORC1"
"PSEN1","PDP1","mTORC1"
"PSEN1","RPS6KA4","mTORC1"
"PSEN1","HDAC3","mTORC1"
"PSEN1","AXIN1","mTORC1"
"PSEN1","PTPRR","mTORC1"
"PSEN1","CDKN1B","mTORC1"
"PSEN1","SKP2","mTORC1"
"PSEN1","MAML1","mTORC1"
"PSEN1","CDC25C","mTORC1"
"PSEN1","WEE1","mTORC1"
"PSEN1","CLASP2","mTORC1"
"PSEN1","RHEB","mTORC1"
"PSEN1","INPP5D","mTORC1"
"PSEN1","TNFAIP1","mTORC1"
"PSEN1","PHF8","mTORC1"
"PSEN1","NF2","mTORC1"
"PSEN1","MDC1","mTORC1"
"PSEN1","MRE11","mTORC1"
"PSEN1","FRAT1","mTORC1"
"PSEN1","CBL","mTORC1"
"PSEN1","RBBP8","mTORC1"
"PSEN1","PCBP2","mTORC1"
"PSEN1","SH2B3","mTORC1"
"PSEN1","HDAC1","mTORC1"
"PSEN1","GRB14","mTORC1"
"PSEN1","PRKAR1A","mTORC1"
"PSEN1","NOTCH2","mTORC1"
"PSEN1","BAZ1B","mTORC1"
"PSEN1","PLCG2","mTORC1"
"PSEN1","STK3/4","MECOM"
"PSEN1","ACP1","MECOM"
"PSEN1","PTPN6","MECOM"
"PSEN1","STK4","MECOM"
"PSEN1","RPS6KB1","MECOM"
"PSEN1","CHEK1","MECOM"
"PSEN1","EIF2AK2","MECOM"
"PSEN1","STK3","MECOM"
"PSEN1","DOK1","MECOM"
"PSEN1","CDC25A","MECOM"
"PSEN1","MARK2","MECOM"
"PSEN1","PHLPP1","MECOM"
"PSEN1","CALM3","MECOM"
"PSEN1","YAP1","MECOM"
"PSEN1","DEF6","MECOM"
"PSEN1","CAMKK2","MECOM"
"PSEN1","PTPN7","MECOM"
"PSEN1","PDP1","MECOM"
"PSEN1","RPS6KA4","MECOM"
"PSEN1","HDAC3","MECOM"
"PSEN1","AXIN1","MECOM"
"PSEN1","PTPRR","MECOM"
"PSEN1","CDKN1B","MECOM"
"PSEN1","SKP2","MECOM"
"PSEN1","MAML1","MECOM"
"PSEN1","CDC25C","MECOM"
"PSEN1","WEE1","MECOM"
"PSEN1","CLASP2","MECOM"
"PSEN1","RHEB","MECOM"
"PSEN1","INPP5D","MECOM"
"PSEN1","TNFAIP1","MECOM"
"PSEN1","PHF8","MECOM"
"PSEN1","NF2","MECOM"
"PSEN1","MDC1","MECOM"
"PSEN1","MRE11","MECOM"
"PSEN1","FRAT1","MECOM"
"PSEN1","CBL","MECOM"
"PSEN1","RBBP8","MECOM"
"PSEN1","PCBP2","MECOM"
"PSEN1","SH2B3","MECOM"
"PSEN1","HDAC1","MECOM"
"PSEN1","GRB14","MECOM"
"PSEN1","PRKAR1A","MECOM"
"PSEN1","NOTCH2","MECOM"
"PSEN1","BAZ1B","MECOM"
"PSEN1","PLCG2","MECOM"
"PSEN1","STK3/4","RNF4"
"PSEN1","ACP1","RNF4"
"PSEN1","PTPN6","RNF4"
"PSEN1","STK4","RNF4"
"PSEN1","RPS6KB1","RNF4"
"PSEN1","CHEK1","RNF4"
"PSEN1","EIF2AK2","RNF4"
"PSEN1","STK3","RNF4"
"PSEN1","DOK1","RNF4"
"PSEN1","CDC25A","RNF4"
"PSEN1","MARK2","RNF4"
"PSEN1","PHLPP1","RNF4"
"PSEN1","CALM3","RNF4"
"PSEN1","YAP1","RNF4"
"PSEN1","DEF6","RNF4"
"PSEN1","CAMKK2","RNF4"
"PSEN1","PTPN7","RNF4"
"PSEN1","PDP1","RNF4"
"PSEN1","RPS6KA4","RNF4"
"PSEN1","HDAC3","RNF4"
"PSEN1","AXIN1","RNF4"
"PSEN1","PTPRR","RNF4"
"PSEN1","CDKN1B","RNF4"
"PSEN1","SKP2","RNF4"
"PSEN1","MAML1","RNF4"
"PSEN1","CDC25C","RNF4"
"PSEN1","WEE1","RNF4"
"PSEN1","CLASP2","RNF4"
"PSEN1","RHEB","RNF4"
"PSEN1","INPP5D","RNF4"
"PSEN1","TNFAIP1","RNF4"
"PSEN1","PHF8","RNF4"
"PSEN1","NF2","RNF4"
"PSEN1","MDC1","RNF4"
"PSEN1","MRE11","RNF4"
"PSEN1","FRAT1","RNF4"
"PSEN1","CBL","RNF4"
"PSEN1","RBBP8","RNF4"
"PSEN1","PCBP2","RNF4"
"PSEN1","SH2B3","RNF4"
"PSEN1","HDAC1","RNF4"
"PSEN1","GRB14","RNF4"
"PSEN1","PRKAR1A","RNF4"
"PSEN1","NOTCH2","RNF4"
"PSEN1","BAZ1B","RNF4"
"PSEN1","PLCG2","RNF4"
"PSEN1","STK3/4","NEB"
"PSEN1","ACP1","NEB"
"PSEN1","PTPN6","NEB"
"PSEN1","STK4","NEB"
"PSEN1","RPS6KB1","NEB"
"PSEN1","CHEK1","NEB"
"PSEN1","EIF2AK2","NEB"
"PSEN1","STK3","NEB"
"PSEN1","DOK1","NEB"
"PSEN1","CDC25A","NEB"
"PSEN1","MARK2","NEB"
"PSEN1","PHLPP1","NEB"
"PSEN1","CALM3","NEB"
"PSEN1","YAP1","NEB"
"PSEN1","DEF6","NEB"
"PSEN1","CAMKK2","NEB"
"PSEN1","PTPN7","NEB"
"PSEN1","PDP1","NEB"
"PSEN1","RPS6KA4","NEB"
"PSEN1","HDAC3","NEB"
"PSEN1","AXIN1","NEB"
"PSEN1","PTPRR","NEB"
"PSEN1","CDKN1B","NEB"
"PSEN1","SKP2","NEB"
"PSEN1","MAML1","NEB"
"PSEN1","CDC25C","NEB"
"PSEN1","WEE1","NEB"
"PSEN1","CLASP2","NEB"
"PSEN1","RHEB","NEB"
"PSEN1","INPP5D","NEB"
"PSEN1","TNFAIP1","NEB"
"PSEN1","PHF8","NEB"
"PSEN1","NF2","NEB"
"PSEN1","MDC1","NEB"
"PSEN1","MRE11","NEB"
"PSEN1","FRAT1","NEB"
"PSEN1","CBL","NEB"
"PSEN1","RBBP8","NEB"
"PSEN1","PCBP2","NEB"
"PSEN1","SH2B3","NEB"
"PSEN1","HDAC1","NEB"
"PSEN1","GRB14","NEB"
"PSEN1","PRKAR1A","NEB"
"PSEN1","NOTCH2","NEB"
"PSEN1","BAZ1B","NEB"
"PSEN1","PLCG2","NEB"
"PSEN1","STK3/4","PHLPP1"
"PSEN1","ACP1","PHLPP1"
"PSEN1","PTPN6","PHLPP1"
"PSEN1","STK4","PHLPP1"
"PSEN1","RPS6KB1","PHLPP1"
"PSEN1","CHEK1","PHLPP1"
"PSEN1","EIF2AK2","PHLPP1"
"PSEN1","STK3","PHLPP1"
"PSEN1","DOK1","PHLPP1"
"PSEN1","CDC25A","PHLPP1"
"PSEN1","MARK2","PHLPP1"
"PSEN1","CALM3","PHLPP1"
"PSEN1","YAP1","PHLPP1"
"PSEN1","DEF6","PHLPP1"
"PSEN1","CAMKK2","PHLPP1"
"PSEN1","PTPN7","PHLPP1"
"PSEN1","PDP1","PHLPP1"
"PSEN1","RPS6KA4","PHLPP1"
"PSEN1","HDAC3","PHLPP1"
"PSEN1","AXIN1","PHLPP1"
"PSEN1","PTPRR","PHLPP1"
"PSEN1","CDKN1B","PHLPP1"
"PSEN1","SKP2","PHLPP1"
"PSEN1","MAML1","PHLPP1"
"PSEN1","CDC25C","PHLPP1"
"PSEN1","WEE1","PHLPP1"
"PSEN1","CLASP2","PHLPP1"
"PSEN1","RHEB","PHLPP1"
"PSEN1","INPP5D","PHLPP1"
"PSEN1","TNFAIP1","PHLPP1"
"PSEN1","PHF8","PHLPP1"
"PSEN1","NF2","PHLPP1"
"PSEN1","MDC1","PHLPP1"
"PSEN1","MRE11","PHLPP1"
"PSEN1","FRAT1","PHLPP1"
"PSEN1","CBL","PHLPP1"
"PSEN1","RBBP8","PHLPP1"
"PSEN1","PCBP2","PHLPP1"
"PSEN1","SH2B3","PHLPP1"
"PSEN1","HDAC1","PHLPP1"
"PSEN1","GRB14","PHLPP1"
"PSEN1","PRKAR1A","PHLPP1"
"PSEN1","NOTCH2","PHLPP1"
"PSEN1","BAZ1B","PHLPP1"
"PSEN1","PLCG2","PHLPP1"
"PSEN1","STK3/4","ASXL1"
"PSEN1","ACP1","ASXL1"
"PSEN1","PTPN6","ASXL1"
"PSEN1","STK4","ASXL1"
"PSEN1","RPS6KB1","ASXL1"
"PSEN1","CHEK1","ASXL1"
"PSEN1","EIF2AK2","ASXL1"
"PSEN1","STK3","ASXL1"
"PSEN1","DOK1","ASXL1"
"PSEN1","CDC25A","ASXL1"
"PSEN1","MARK2","ASXL1"
"PSEN1","PHLPP1","ASXL1"
"PSEN1","CALM3","ASXL1"
"PSEN1","YAP1","ASXL1"
"PSEN1","DEF6","ASXL1"
"PSEN1","CAMKK2","ASXL1"
"PSEN1","PTPN7","ASXL1"
"PSEN1","PDP1","ASXL1"
"PSEN1","RPS6KA4","ASXL1"
"PSEN1","HDAC3","ASXL1"
"PSEN1","AXIN1","ASXL1"
"PSEN1","PTPRR","ASXL1"
"PSEN1","CDKN1B","ASXL1"
"PSEN1","SKP2","ASXL1"
"PSEN1","MAML1","ASXL1"
"PSEN1","CDC25C","ASXL1"
"PSEN1","WEE1","ASXL1"
"PSEN1","CLASP2","ASXL1"
"PSEN1","RHEB","ASXL1"
"PSEN1","INPP5D","ASXL1"
"PSEN1","TNFAIP1","ASXL1"
"PSEN1","PHF8","ASXL1"
"PSEN1","NF2","ASXL1"
"PSEN1","MDC1","ASXL1"
"PSEN1","MRE11","ASXL1"
"PSEN1","FRAT1","ASXL1"
"PSEN1","CBL","ASXL1"
"PSEN1","RBBP8","ASXL1"
"PSEN1","PCBP2","ASXL1"
"PSEN1","SH2B3","ASXL1"
"PSEN1","HDAC1","ASXL1"
"PSEN1","GRB14","ASXL1"
"PSEN1","PRKAR1A","ASXL1"
"PSEN1","NOTCH2","ASXL1"
"PSEN1","BAZ1B","ASXL1"
"PSEN1","PLCG2","ASXL1"
"PSEN1","STK3/4","CCAR2"
"PSEN1","ACP1","CCAR2"
"PSEN1","PTPN6","CCAR2"
"PSEN1","STK4","CCAR2"
"PSEN1","RPS6KB1","CCAR2"
"PSEN1","CHEK1","CCAR2"
"PSEN1","EIF2AK2","CCAR2"
"PSEN1","STK3","CCAR2"
"PSEN1","DOK1","CCAR2"
"PSEN1","CDC25A","CCAR2"
"PSEN1","MARK2","CCAR2"
"PSEN1","PHLPP1","CCAR2"
"PSEN1","CALM3","CCAR2"
"PSEN1","YAP1","CCAR2"
"PSEN1","DEF6","CCAR2"
"PSEN1","CAMKK2","CCAR2"
"PSEN1","PTPN7","CCAR2"
"PSEN1","PDP1","CCAR2"
"PSEN1","RPS6KA4","CCAR2"
"PSEN1","HDAC3","CCAR2"
"PSEN1","AXIN1","CCAR2"
"PSEN1","PTPRR","CCAR2"
"PSEN1","CDKN1B","CCAR2"
"PSEN1","SKP2","CCAR2"
"PSEN1","MAML1","CCAR2"
"PSEN1","CDC25C","CCAR2"
"PSEN1","WEE1","CCAR2"
"PSEN1","CLASP2","CCAR2"
"PSEN1","RHEB","CCAR2"
"PSEN1","INPP5D","CCAR2"
"PSEN1","TNFAIP1","CCAR2"
"PSEN1","PHF8","CCAR2"
"PSEN1","NF2","CCAR2"
"PSEN1","MDC1","CCAR2"
"PSEN1","MRE11","CCAR2"
"PSEN1","FRAT1","CCAR2"
"PSEN1","CBL","CCAR2"
"PSEN1","RBBP8","CCAR2"
"PSEN1","PCBP2","CCAR2"
"PSEN1","SH2B3","CCAR2"
"PSEN1","HDAC1","CCAR2"
"PSEN1","GRB14","CCAR2"
"PSEN1","PRKAR1A","CCAR2"
"PSEN1","NOTCH2","CCAR2"
"PSEN1","BAZ1B","CCAR2"
"PSEN1","PLCG2","CCAR2"
"PSEN1","STK3/4","CALM3"
"PSEN1","ACP1","CALM3"
"PSEN1","PTPN6","CALM3"
"PSEN1","STK4","CALM3"
"PSEN1","RPS6KB1","CALM3"
"PSEN1","CHEK1","CALM3"
"PSEN1","EIF2AK2","CALM3"
"PSEN1","STK3","CALM3"
"PSEN1","DOK1","CALM3"
"PSEN1","CDC25A","CALM3"
"PSEN1","MARK2","CALM3"
"PSEN1","PHLPP1","CALM3"
"PSEN1","YAP1","CALM3"
"PSEN1","DEF6","CALM3"
"PSEN1","CAMKK2","CALM3"
"PSEN1","PTPN7","CALM3"
"PSEN1","PDP1","CALM3"
"PSEN1","RPS6KA4","CALM3"
"PSEN1","HDAC3","CALM3"
"PSEN1","AXIN1","CALM3"
"PSEN1","PTPRR","CALM3"
"PSEN1","CDKN1B","CALM3"
"PSEN1","SKP2","CALM3"
"PSEN1","MAML1","CALM3"
"PSEN1","CDC25C","CALM3"
"PSEN1","WEE1","CALM3"
"PSEN1","CLASP2","CALM3"
"PSEN1","RHEB","CALM3"
"PSEN1","INPP5D","CALM3"
"PSEN1","TNFAIP1","CALM3"
"PSEN1","PHF8","CALM3"
"PSEN1","NF2","CALM3"
"PSEN1","MDC1","CALM3"
"PSEN1","MRE11","CALM3"
"PSEN1","FRAT1","CALM3"
"PSEN1","CBL","CALM3"
"PSEN1","RBBP8","CALM3"
"PSEN1","PCBP2","CALM3"
"PSEN1","SH2B3","CALM3"
"PSEN1","HDAC1","CALM3"
"PSEN1","GRB14","CALM3"
"PSEN1","PRKAR1A","CALM3"
"PSEN1","NOTCH2","CALM3"
"PSEN1","BAZ1B","CALM3"
"PSEN1","PLCG2","CALM3"
"PSEN1","STK3/4","NCOR2"
"PSEN1","ACP1","NCOR2"
"PSEN1","PTPN6","NCOR2"
"PSEN1","STK4","NCOR2"
"PSEN1","RPS6KB1","NCOR2"
"PSEN1","CHEK1","NCOR2"
"PSEN1","EIF2AK2","NCOR2"
"PSEN1","STK3","NCOR2"
"PSEN1","DOK1","NCOR2"
"PSEN1","CDC25A","NCOR2"
"PSEN1","MARK2","NCOR2"
"PSEN1","PHLPP1","NCOR2"
"PSEN1","CALM3","NCOR2"
"PSEN1","YAP1","NCOR2"
"PSEN1","DEF6","NCOR2"
"PSEN1","CAMKK2","NCOR2"
"PSEN1","PTPN7","NCOR2"
"PSEN1","PDP1","NCOR2"
"PSEN1","RPS6KA4","NCOR2"
"PSEN1","HDAC3","NCOR2"
"PSEN1","AXIN1","NCOR2"
"PSEN1","PTPRR","NCOR2"
"PSEN1","CDKN1B","NCOR2"
"PSEN1","SKP2","NCOR2"
"PSEN1","MAML1","NCOR2"
"PSEN1","CDC25C","NCOR2"
"PSEN1","WEE1","NCOR2"
"PSEN1","CLASP2","NCOR2"
"PSEN1","RHEB","NCOR2"
"PSEN1","INPP5D","NCOR2"
"PSEN1","TNFAIP1","NCOR2"
"PSEN1","PHF8","NCOR2"
"PSEN1","NF2","NCOR2"
"PSEN1","MDC1","NCOR2"
"PSEN1","MRE11","NCOR2"
"PSEN1","FRAT1","NCOR2"
"PSEN1","CBL","NCOR2"
"PSEN1","RBBP8","NCOR2"
"PSEN1","PCBP2","NCOR2"
"PSEN1","SH2B3","NCOR2"
"PSEN1","HDAC1","NCOR2"
"PSEN1","GRB14","NCOR2"
"PSEN1","PRKAR1A","NCOR2"
"PSEN1","NOTCH2","NCOR2"
"PSEN1","BAZ1B","NCOR2"
"PSEN1","PLCG2","NCOR2"
"PSEN1","STK3/4","MCL1"
"PSEN1","ACP1","MCL1"
"PSEN1","PTPN6","MCL1"
"PSEN1","STK4","MCL1"
"PSEN1","RPS6KB1","MCL1"
"PSEN1","CHEK1","MCL1"
"PSEN1","EIF2AK2","MCL1"
"PSEN1","STK3","MCL1"
"PSEN1","DOK1","MCL1"
"PSEN1","CDC25A","MCL1"
"PSEN1","MARK2","MCL1"
"PSEN1","PHLPP1","MCL1"
"PSEN1","CALM3","MCL1"
"PSEN1","YAP1","MCL1"
"PSEN1","DEF6","MCL1"
"PSEN1","CAMKK2","MCL1"
"PSEN1","PTPN7","MCL1"
"PSEN1","PDP1","MCL1"
"PSEN1","RPS6KA4","MCL1"
"PSEN1","HDAC3","MCL1"
"PSEN1","AXIN1","MCL1"
"PSEN1","PTPRR","MCL1"
"PSEN1","CDKN1B","MCL1"
"PSEN1","SKP2","MCL1"
"PSEN1","MAML1","MCL1"
"PSEN1","CDC25C","MCL1"
"PSEN1","WEE1","MCL1"
"PSEN1","CLASP2","MCL1"
"PSEN1","RHEB","MCL1"
"PSEN1","INPP5D","MCL1"
"PSEN1","TNFAIP1","MCL1"
"PSEN1","PHF8","MCL1"
"PSEN1","NF2","MCL1"
"PSEN1","MDC1","MCL1"
"PSEN1","MRE11","MCL1"
"PSEN1","FRAT1","MCL1"
"PSEN1","CBL","MCL1"
"PSEN1","RBBP8","MCL1"
"PSEN1","PCBP2","MCL1"
"PSEN1","SH2B3","MCL1"
"PSEN1","HDAC1","MCL1"
"PSEN1","GRB14","MCL1"
"PSEN1","PRKAR1A","MCL1"
"PSEN1","NOTCH2","MCL1"
"PSEN1","BAZ1B","MCL1"
"PSEN1","PLCG2","MCL1"
"PSEN1","STK3/4","YAP1"
"PSEN1","ACP1","YAP1"
"PSEN1","PTPN6","YAP1"
"PSEN1","STK4","YAP1"
"PSEN1","RPS6KB1","YAP1"
"PSEN1","CHEK1","YAP1"
"PSEN1","EIF2AK2","YAP1"
"PSEN1","STK3","YAP1"
"PSEN1","DOK1","YAP1"
"PSEN1","CDC25A","YAP1"
"PSEN1","MARK2","YAP1"
"PSEN1","PHLPP1","YAP1"
"PSEN1","CALM3","YAP1"
"PSEN1","DEF6","YAP1"
"PSEN1","CAMKK2","YAP1"
"PSEN1","PTPN7","YAP1"
"PSEN1","PDP1","YAP1"
"PSEN1","RPS6KA4","YAP1"
"PSEN1","HDAC3","YAP1"
"PSEN1","AXIN1","YAP1"
"PSEN1","PTPRR","YAP1"
"PSEN1","CDKN1B","YAP1"
"PSEN1","SKP2","YAP1"
"PSEN1","MAML1","YAP1"
"PSEN1","CDC25C","YAP1"
"PSEN1","WEE1","YAP1"
"PSEN1","CLASP2","YAP1"
"PSEN1","RHEB","YAP1"
"PSEN1","INPP5D","YAP1"
"PSEN1","TNFAIP1","YAP1"
"PSEN1","PHF8","YAP1"
"PSEN1","NF2","YAP1"
"PSEN1","MDC1","YAP1"
"PSEN1","MRE11","YAP1"
"PSEN1","FRAT1","YAP1"
"PSEN1","CBL","YAP1"
"PSEN1","RBBP8","YAP1"
"PSEN1","PCBP2","YAP1"
"PSEN1","SH2B3","YAP1"
"PSEN1","HDAC1","YAP1"
"PSEN1","GRB14","YAP1"
"PSEN1","PRKAR1A","YAP1"
"PSEN1","NOTCH2","YAP1"
"PSEN1","BAZ1B","YAP1"
"PSEN1","PLCG2","YAP1"
"PSEN1","STK3/4","CDK3"
"PSEN1","ACP1","CDK3"
"PSEN1","PTPN6","CDK3"
"PSEN1","STK4","CDK3"
"PSEN1","RPS6KB1","CDK3"
"PSEN1","CHEK1","CDK3"
"PSEN1","EIF2AK2","CDK3"
"PSEN1","STK3","CDK3"
"PSEN1","DOK1","CDK3"
"PSEN1","CDC25A","CDK3"
"PSEN1","MARK2","CDK3"
"PSEN1","PHLPP1","CDK3"
"PSEN1","CALM3","CDK3"
"PSEN1","YAP1","CDK3"
"PSEN1","DEF6","CDK3"
"PSEN1","CAMKK2","CDK3"
"PSEN1","PTPN7","CDK3"
"PSEN1","PDP1","CDK3"
"PSEN1","RPS6KA4","CDK3"
"PSEN1","HDAC3","CDK3"
"PSEN1","AXIN1","CDK3"
"PSEN1","PTPRR","CDK3"
"PSEN1","CDKN1B","CDK3"
"PSEN1","SKP2","CDK3"
"PSEN1","MAML1","CDK3"
"PSEN1","CDC25C","CDK3"
"PSEN1","WEE1","CDK3"
"PSEN1","CLASP2","CDK3"
"PSEN1","RHEB","CDK3"
"PSEN1","INPP5D","CDK3"
"PSEN1","TNFAIP1","CDK3"
"PSEN1","PHF8","CDK3"
"PSEN1","NF2","CDK3"
"PSEN1","MDC1","CDK3"
"PSEN1","MRE11","CDK3"
"PSEN1","FRAT1","CDK3"
"PSEN1","CBL","CDK3"
"PSEN1","RBBP8","CDK3"
"PSEN1","PCBP2","CDK3"
"PSEN1","SH2B3","CDK3"
"PSEN1","HDAC1","CDK3"
"PSEN1","GRB14","CDK3"
"PSEN1","PRKAR1A","CDK3"
"PSEN1","NOTCH2","CDK3"
"PSEN1","BAZ1B","CDK3"
"PSEN1","PLCG2","CDK3"
"PSEN1","STK3/4","DEF6"
"PSEN1","ACP1","DEF6"
"PSEN1","PTPN6","DEF6"
"PSEN1","STK4","DEF6"
"PSEN1","RPS6KB1","DEF6"
"PSEN1","CHEK1","DEF6"
"PSEN1","EIF2AK2","DEF6"
"PSEN1","STK3","DEF6"
"PSEN1","DOK1","DEF6"
"PSEN1","CDC25A","DEF6"
"PSEN1","MARK2","DEF6"
"PSEN1","PHLPP1","DEF6"
"PSEN1","CALM3","DEF6"
"PSEN1","YAP1","DEF6"
"PSEN1","CAMKK2","DEF6"
"PSEN1","PTPN7","DEF6"
"PSEN1","PDP1","DEF6"
"PSEN1","RPS6KA4","DEF6"
"PSEN1","HDAC3","DEF6"
"PSEN1","AXIN1","DEF6"
"PSEN1","PTPRR","DEF6"
"PSEN1","CDKN1B","DEF6"
"PSEN1","SKP2","DEF6"
"PSEN1","MAML1","DEF6"
"PSEN1","CDC25C","DEF6"
"PSEN1","WEE1","DEF6"
"PSEN1","CLASP2","DEF6"
"PSEN1","RHEB","DEF6"
"PSEN1","INPP5D","DEF6"
"PSEN1","TNFAIP1","DEF6"
"PSEN1","PHF8","DEF6"
"PSEN1","NF2","DEF6"
"PSEN1","MDC1","DEF6"
"PSEN1","MRE11","DEF6"
"PSEN1","FRAT1","DEF6"
"PSEN1","CBL","DEF6"
"PSEN1","RBBP8","DEF6"
"PSEN1","PCBP2","DEF6"
"PSEN1","SH2B3","DEF6"
"PSEN1","HDAC1","DEF6"
"PSEN1","GRB14","DEF6"
"PSEN1","PRKAR1A","DEF6"
"PSEN1","NOTCH2","DEF6"
"PSEN1","BAZ1B","DEF6"
"PSEN1","PLCG2","DEF6"
"PSEN1","STK3/4","NBR1"
"PSEN1","ACP1","NBR1"
"PSEN1","PTPN6","NBR1"
"PSEN1","STK4","NBR1"
"PSEN1","RPS6KB1","NBR1"
"PSEN1","CHEK1","NBR1"
"PSEN1","EIF2AK2","NBR1"
"PSEN1","STK3","NBR1"
"PSEN1","DOK1","NBR1"
"PSEN1","CDC25A","NBR1"
"PSEN1","MARK2","NBR1"
"PSEN1","PHLPP1","NBR1"
"PSEN1","CALM3","NBR1"
"PSEN1","YAP1","NBR1"
"PSEN1","DEF6","NBR1"
"PSEN1","CAMKK2","NBR1"
"PSEN1","PTPN7","NBR1"
"PSEN1","PDP1","NBR1"
"PSEN1","RPS6KA4","NBR1"
"PSEN1","HDAC3","NBR1"
"PSEN1","AXIN1","NBR1"
"PSEN1","PTPRR","NBR1"
"PSEN1","CDKN1B","NBR1"
"PSEN1","SKP2","NBR1"
"PSEN1","MAML1","NBR1"
"PSEN1","CDC25C","NBR1"
"PSEN1","WEE1","NBR1"
"PSEN1","CLASP2","NBR1"
"PSEN1","RHEB","NBR1"
"PSEN1","INPP5D","NBR1"
"PSEN1","TNFAIP1","NBR1"
"PSEN1","PHF8","NBR1"
"PSEN1","NF2","NBR1"
"PSEN1","MDC1","NBR1"
"PSEN1","MRE11","NBR1"
"PSEN1","FRAT1","NBR1"
"PSEN1","CBL","NBR1"
"PSEN1","RBBP8","NBR1"
"PSEN1","PCBP2","NBR1"
"PSEN1","SH2B3","NBR1"
"PSEN1","HDAC1","NBR1"
"PSEN1","GRB14","NBR1"
"PSEN1","PRKAR1A","NBR1"
"PSEN1","NOTCH2","NBR1"
"PSEN1","BAZ1B","NBR1"
"PSEN1","PLCG2","NBR1"
"PSEN1","STK3/4","TLE1"
"PSEN1","ACP1","TLE1"
"PSEN1","PTPN6","TLE1"
"PSEN1","STK4","TLE1"
"PSEN1","RPS6KB1","TLE1"
"PSEN1","CHEK1","TLE1"
"PSEN1","EIF2AK2","TLE1"
"PSEN1","STK3","TLE1"
"PSEN1","DOK1","TLE1"
"PSEN1","CDC25A","TLE1"
"PSEN1","MARK2","TLE1"
"PSEN1","PHLPP1","TLE1"
"PSEN1","CALM3","TLE1"
"PSEN1","YAP1","TLE1"
"PSEN1","DEF6","TLE1"
"PSEN1","CAMKK2","TLE1"
"PSEN1","PTPN7","TLE1"
"PSEN1","PDP1","TLE1"
"PSEN1","RPS6KA4","TLE1"
"PSEN1","HDAC3","TLE1"
"PSEN1","AXIN1","TLE1"
"PSEN1","PTPRR","TLE1"
"PSEN1","CDKN1B","TLE1"
"PSEN1","SKP2","TLE1"
"PSEN1","MAML1","TLE1"
"PSEN1","CDC25C","TLE1"
"PSEN1","WEE1","TLE1"
"PSEN1","CLASP2","TLE1"
"PSEN1","RHEB","TLE1"
"PSEN1","INPP5D","TLE1"
"PSEN1","TNFAIP1","TLE1"
"PSEN1","PHF8","TLE1"
"PSEN1","NF2","TLE1"
"PSEN1","MDC1","TLE1"
"PSEN1","MRE11","TLE1"
"PSEN1","FRAT1","TLE1"
"PSEN1","CBL","TLE1"
"PSEN1","RBBP8","TLE1"
"PSEN1","PCBP2","TLE1"
"PSEN1","SH2B3","TLE1"
"PSEN1","HDAC1","TLE1"
"PSEN1","GRB14","TLE1"
"PSEN1","PRKAR1A","TLE1"
"PSEN1","NOTCH2","TLE1"
"PSEN1","BAZ1B","TLE1"
"PSEN1","PLCG2","TLE1"
"PSEN1","STK3/4","ABCA1"
"PSEN1","ACP1","ABCA1"
"PSEN1","PTPN6","ABCA1"
"PSEN1","STK4","ABCA1"
"PSEN1","RPS6KB1","ABCA1"
"PSEN1","CHEK1","ABCA1"
"PSEN1","EIF2AK2","ABCA1"
"PSEN1","STK3","ABCA1"
"PSEN1","DOK1","ABCA1"
"PSEN1","CDC25A","ABCA1"
"PSEN1","MARK2","ABCA1"
"PSEN1","PHLPP1","ABCA1"
"PSEN1","CALM3","ABCA1"
"PSEN1","YAP1","ABCA1"
"PSEN1","DEF6","ABCA1"
"PSEN1","CAMKK2","ABCA1"
"PSEN1","PTPN7","ABCA1"
"PSEN1","PDP1","ABCA1"
"PSEN1","RPS6KA4","ABCA1"
"PSEN1","HDAC3","ABCA1"
"PSEN1","AXIN1","ABCA1"
"PSEN1","PTPRR","ABCA1"
"PSEN1","CDKN1B","ABCA1"
"PSEN1","SKP2","ABCA1"
"PSEN1","MAML1","ABCA1"
"PSEN1","CDC25C","ABCA1"
"PSEN1","WEE1","ABCA1"
"PSEN1","CLASP2","ABCA1"
"PSEN1","RHEB","ABCA1"
"PSEN1","INPP5D","ABCA1"
"PSEN1","TNFAIP1","ABCA1"
"PSEN1","PHF8","ABCA1"
"PSEN1","NF2","ABCA1"
"PSEN1","MDC1","ABCA1"
"PSEN1","MRE11","ABCA1"
"PSEN1","FRAT1","ABCA1"
"PSEN1","CBL","ABCA1"
"PSEN1","RBBP8","ABCA1"
"PSEN1","PCBP2","ABCA1"
"PSEN1","SH2B3","ABCA1"
"PSEN1","HDAC1","ABCA1"
"PSEN1","GRB14","ABCA1"
"PSEN1","PRKAR1A","ABCA1"
"PSEN1","NOTCH2","ABCA1"
"PSEN1","BAZ1B","ABCA1"
"PSEN1","PLCG2","ABCA1"
"PSEN1","STK3/4","CAMKK2"
"PSEN1","ACP1","CAMKK2"
"PSEN1","PTPN6","CAMKK2"
"PSEN1","STK4","CAMKK2"
"PSEN1","RPS6KB1","CAMKK2"
"PSEN1","CHEK1","CAMKK2"
"PSEN1","EIF2AK2","CAMKK2"
"PSEN1","STK3","CAMKK2"
"PSEN1","DOK1","CAMKK2"
"PSEN1","CDC25A","CAMKK2"
"PSEN1","MARK2","CAMKK2"
"PSEN1","PHLPP1","CAMKK2"
"PSEN1","CALM3","CAMKK2"
"PSEN1","YAP1","CAMKK2"
"PSEN1","DEF6","CAMKK2"
"PSEN1","PTPN7","CAMKK2"
"PSEN1","PDP1","CAMKK2"
"PSEN1","RPS6KA4","CAMKK2"
"PSEN1","HDAC3","CAMKK2"
"PSEN1","AXIN1","CAMKK2"
"PSEN1","PTPRR","CAMKK2"
"PSEN1","CDKN1B","CAMKK2"
"PSEN1","SKP2","CAMKK2"
"PSEN1","MAML1","CAMKK2"
"PSEN1","CDC25C","CAMKK2"
"PSEN1","WEE1","CAMKK2"
"PSEN1","CLASP2","CAMKK2"
"PSEN1","RHEB","CAMKK2"
"PSEN1","INPP5D","CAMKK2"
"PSEN1","TNFAIP1","CAMKK2"
"PSEN1","PHF8","CAMKK2"
"PSEN1","NF2","CAMKK2"
"PSEN1","MDC1","CAMKK2"
"PSEN1","MRE11","CAMKK2"
"PSEN1","FRAT1","CAMKK2"
"PSEN1","CBL","CAMKK2"
"PSEN1","RBBP8","CAMKK2"
"PSEN1","PCBP2","CAMKK2"
"PSEN1","SH2B3","CAMKK2"
"PSEN1","HDAC1","CAMKK2"
"PSEN1","GRB14","CAMKK2"
"PSEN1","PRKAR1A","CAMKK2"
"PSEN1","NOTCH2","CAMKK2"
"PSEN1","BAZ1B","CAMKK2"
"PSEN1","PLCG2","CAMKK2"
"PSEN1","STK3/4","MAP3K5"
"PSEN1","ACP1","MAP3K5"
"PSEN1","PTPN6","MAP3K5"
"PSEN1","STK4","MAP3K5"
"PSEN1","RPS6KB1","MAP3K5"
"PSEN1","CHEK1","MAP3K5"
"PSEN1","EIF2AK2","MAP3K5"
"PSEN1","STK3","MAP3K5"
"PSEN1","DOK1","MAP3K5"
"PSEN1","CDC25A","MAP3K5"
"PSEN1","MARK2","MAP3K5"
"PSEN1","PHLPP1","MAP3K5"
"PSEN1","CALM3","MAP3K5"
"PSEN1","YAP1","MAP3K5"
"PSEN1","DEF6","MAP3K5"
"PSEN1","CAMKK2","MAP3K5"
"PSEN1","PTPN7","MAP3K5"
"PSEN1","PDP1","MAP3K5"
"PSEN1","RPS6KA4","MAP3K5"
"PSEN1","HDAC3","MAP3K5"
"PSEN1","AXIN1","MAP3K5"
"PSEN1","PTPRR","MAP3K5"
"PSEN1","CDKN1B","MAP3K5"
"PSEN1","SKP2","MAP3K5"
"PSEN1","MAML1","MAP3K5"
"PSEN1","WEE1","MAP3K5"
"PSEN1","CLASP2","MAP3K5"
"PSEN1","RHEB","MAP3K5"
"PSEN1","INPP5D","MAP3K5"
"PSEN1","TNFAIP1","MAP3K5"
"PSEN1","PHF8","MAP3K5"
"PSEN1","NF2","MAP3K5"
"PSEN1","MDC1","MAP3K5"
"PSEN1","MRE11","MAP3K5"
"PSEN1","FRAT1","MAP3K5"
"PSEN1","CBL","MAP3K5"
"PSEN1","RBBP8","MAP3K5"
"PSEN1","PCBP2","MAP3K5"
"PSEN1","SH2B3","MAP3K5"
"PSEN1","HDAC1","MAP3K5"
"PSEN1","GRB14","MAP3K5"
"PSEN1","PRKAR1A","MAP3K5"
"PSEN1","NOTCH2","MAP3K5"
"PSEN1","BAZ1B","MAP3K5"
"PSEN1","PLCG2","MAP3K5"
"PSEN1","STK3/4","CCND1"
"PSEN1","ACP1","CCND1"
"PSEN1","PTPN6","CCND1"
"PSEN1","STK4","CCND1"
"PSEN1","RPS6KB1","CCND1"
"PSEN1","CHEK1","CCND1"
"PSEN1","EIF2AK2","CCND1"
"PSEN1","STK3","CCND1"
"PSEN1","DOK1","CCND1"
"PSEN1","CDC25A","CCND1"
"PSEN1","MARK2","CCND1"
"PSEN1","PHLPP1","CCND1"
"PSEN1","CALM3","CCND1"
"PSEN1","YAP1","CCND1"
"PSEN1","DEF6","CCND1"
"PSEN1","CAMKK2","CCND1"
"PSEN1","PTPN7","CCND1"
"PSEN1","PDP1","CCND1"
"PSEN1","RPS6KA4","CCND1"
"PSEN1","HDAC3","CCND1"
"PSEN1","AXIN1","CCND1"
"PSEN1","PTPRR","CCND1"
"PSEN1","CDKN1B","CCND1"
"PSEN1","SKP2","CCND1"
"PSEN1","MAML1","CCND1"
"PSEN1","CDC25C","CCND1"
"PSEN1","WEE1","CCND1"
"PSEN1","CLASP2","CCND1"
"PSEN1","RHEB","CCND1"
"PSEN1","INPP5D","CCND1"
"PSEN1","TNFAIP1","CCND1"
"PSEN1","PHF8","CCND1"
"PSEN1","NF2","CCND1"
"PSEN1","MDC1","CCND1"
"PSEN1","MRE11","CCND1"
"PSEN1","FRAT1","CCND1"
"PSEN1","CBL","CCND1"
"PSEN1","RBBP8","CCND1"
"PSEN1","PCBP2","CCND1"
"PSEN1","SH2B3","CCND1"
"PSEN1","HDAC1","CCND1"
"PSEN1","GRB14","CCND1"
"PSEN1","PRKAR1A","CCND1"
"PSEN1","NOTCH2","CCND1"
"PSEN1","BAZ1B","CCND1"
"PSEN1","PLCG2","CCND1"
"PSEN1","STK3/4","ZAP70"
"PSEN1","ACP1","ZAP70"
"PSEN1","PTPN6","ZAP70"
"PSEN1","STK4","ZAP70"
"PSEN1","RPS6KB1","ZAP70"
"PSEN1","CHEK1","ZAP70"
"PSEN1","EIF2AK2","ZAP70"
"PSEN1","STK3","ZAP70"
"PSEN1","DOK1","ZAP70"
"PSEN1","CDC25A","ZAP70"
"PSEN1","MARK2","ZAP70"
"PSEN1","PHLPP1","ZAP70"
"PSEN1","CALM3","ZAP70"
"PSEN1","YAP1","ZAP70"
"PSEN1","DEF6","ZAP70"
"PSEN1","CAMKK2","ZAP70"
"PSEN1","PTPN7","ZAP70"
"PSEN1","PDP1","ZAP70"
"PSEN1","RPS6KA4","ZAP70"
"PSEN1","HDAC3","ZAP70"
"PSEN1","AXIN1","ZAP70"
"PSEN1","PTPRR","ZAP70"
"PSEN1","CDKN1B","ZAP70"
"PSEN1","SKP2","ZAP70"
"PSEN1","MAML1","ZAP70"
"PSEN1","CDC25C","ZAP70"
"PSEN1","WEE1","ZAP70"
"PSEN1","CLASP2","ZAP70"
"PSEN1","RHEB","ZAP70"
"PSEN1","INPP5D","ZAP70"
"PSEN1","TNFAIP1","ZAP70"
"PSEN1","PHF8","ZAP70"
"PSEN1","NF2","ZAP70"
"PSEN1","MDC1","ZAP70"
"PSEN1","MRE11","ZAP70"
"PSEN1","FRAT1","ZAP70"
"PSEN1","CBL","ZAP70"
"PSEN1","RBBP8","ZAP70"
"PSEN1","PCBP2","ZAP70"
"PSEN1","SH2B3","ZAP70"
"PSEN1","HDAC1","ZAP70"
"PSEN1","GRB14","ZAP70"
"PSEN1","PRKAR1A","ZAP70"
"PSEN1","NOTCH2","ZAP70"
"PSEN1","BAZ1B","ZAP70"
"PSEN1","PLCG2","ZAP70"
"PSEN1","STK3/4","PML"
"PSEN1","ACP1","PML"
"PSEN1","PTPN6","PML"
"PSEN1","STK4","PML"
"PSEN1","RPS6KB1","PML"
"PSEN1","CHEK1","PML"
"PSEN1","EIF2AK2","PML"
"PSEN1","STK3","PML"
"PSEN1","DOK1","PML"
"PSEN1","CDC25A","PML"
"PSEN1","MARK2","PML"
"PSEN1","PHLPP1","PML"
"PSEN1","CALM3","PML"
"PSEN1","YAP1","PML"
"PSEN1","DEF6","PML"
"PSEN1","CAMKK2","PML"
"PSEN1","PTPN7","PML"
"PSEN1","PDP1","PML"
"PSEN1","RPS6KA4","PML"
"PSEN1","HDAC3","PML"
"PSEN1","AXIN1","PML"
"PSEN1","PTPRR","PML"
"PSEN1","CDKN1B","PML"
"PSEN1","SKP2","PML"
"PSEN1","MAML1","PML"
"PSEN1","CDC25C","PML"
"PSEN1","WEE1","PML"
"PSEN1","CLASP2","PML"
"PSEN1","RHEB","PML"
"PSEN1","INPP5D","PML"
"PSEN1","TNFAIP1","PML"
"PSEN1","PHF8","PML"
"PSEN1","NF2","PML"
"PSEN1","MDC1","PML"
"PSEN1","MRE11","PML"
"PSEN1","FRAT1","PML"
"PSEN1","CBL","PML"
"PSEN1","RBBP8","PML"
"PSEN1","PCBP2","PML"
"PSEN1","SH2B3","PML"
"PSEN1","HDAC1","PML"
"PSEN1","GRB14","PML"
"PSEN1","PRKAR1A","PML"
"PSEN1","NOTCH2","PML"
"PSEN1","BAZ1B","PML"
"PSEN1","PLCG2","PML"
"PSEN1","STK3/4","SPRED1"
"PSEN1","ACP1","SPRED1"
"PSEN1","PTPN6","SPRED1"
"PSEN1","STK4","SPRED1"
"PSEN1","RPS6KB1","SPRED1"
"PSEN1","CHEK1","SPRED1"
"PSEN1","EIF2AK2","SPRED1"
"PSEN1","STK3","SPRED1"
"PSEN1","DOK1","SPRED1"
"PSEN1","CDC25A","SPRED1"
"PSEN1","MARK2","SPRED1"
"PSEN1","PHLPP1","SPRED1"
"PSEN1","CALM3","SPRED1"
"PSEN1","YAP1","SPRED1"
"PSEN1","DEF6","SPRED1"
"PSEN1","CAMKK2","SPRED1"
"PSEN1","PTPN7","SPRED1"
"PSEN1","PDP1","SPRED1"
"PSEN1","RPS6KA4","SPRED1"
"PSEN1","HDAC3","SPRED1"
"PSEN1","AXIN1","SPRED1"
"PSEN1","PTPRR","SPRED1"
"PSEN1","CDKN1B","SPRED1"
"PSEN1","SKP2","SPRED1"
"PSEN1","MAML1","SPRED1"
"PSEN1","CDC25C","SPRED1"
"PSEN1","WEE1","SPRED1"
"PSEN1","CLASP2","SPRED1"
"PSEN1","RHEB","SPRED1"
"PSEN1","INPP5D","SPRED1"
"PSEN1","TNFAIP1","SPRED1"
"PSEN1","PHF8","SPRED1"
"PSEN1","NF2","SPRED1"
"PSEN1","MDC1","SPRED1"
"PSEN1","MRE11","SPRED1"
"PSEN1","FRAT1","SPRED1"
"PSEN1","CBL","SPRED1"
"PSEN1","RBBP8","SPRED1"
"PSEN1","PCBP2","SPRED1"
"PSEN1","SH2B3","SPRED1"
"PSEN1","HDAC1","SPRED1"
"PSEN1","GRB14","SPRED1"
"PSEN1","PRKAR1A","SPRED1"
"PSEN1","NOTCH2","SPRED1"
"PSEN1","BAZ1B","SPRED1"
"PSEN1","PLCG2","SPRED1"
"PSEN1","STK3/4","PCNA"
"PSEN1","ACP1","PCNA"
"PSEN1","PTPN6","PCNA"
"PSEN1","STK4","PCNA"
"PSEN1","RPS6KB1","PCNA"
"PSEN1","CHEK1","PCNA"
"PSEN1","EIF2AK2","PCNA"
"PSEN1","STK3","PCNA"
"PSEN1","DOK1","PCNA"
"PSEN1","CDC25A","PCNA"
"PSEN1","MARK2","PCNA"
"PSEN1","PHLPP1","PCNA"
"PSEN1","CALM3","PCNA"
"PSEN1","YAP1","PCNA"
"PSEN1","DEF6","PCNA"
"PSEN1","CAMKK2","PCNA"
"PSEN1","PTPN7","PCNA"
"PSEN1","PDP1","PCNA"
"PSEN1","RPS6KA4","PCNA"
"PSEN1","HDAC3","PCNA"
"PSEN1","AXIN1","PCNA"
"PSEN1","PTPRR","PCNA"
"PSEN1","CDKN1B","PCNA"
"PSEN1","SKP2","PCNA"
"PSEN1","MAML1","PCNA"
"PSEN1","CDC25C","PCNA"
"PSEN1","WEE1","PCNA"
"PSEN1","CLASP2","PCNA"
"PSEN1","RHEB","PCNA"
"PSEN1","INPP5D","PCNA"
"PSEN1","TNFAIP1","PCNA"
"PSEN1","PHF8","PCNA"
"PSEN1","NF2","PCNA"
"PSEN1","MDC1","PCNA"
"PSEN1","MRE11","PCNA"
"PSEN1","FRAT1","PCNA"
"PSEN1","CBL","PCNA"
"PSEN1","RBBP8","PCNA"
"PSEN1","PCBP2","PCNA"
"PSEN1","SH2B3","PCNA"
"PSEN1","HDAC1","PCNA"
"PSEN1","GRB14","PCNA"
"PSEN1","PRKAR1A","PCNA"
"PSEN1","NOTCH2","PCNA"
"PSEN1","BAZ1B","PCNA"
"PSEN1","PLCG2","PCNA"
"PSEN1","STK3/4","PTPN7"
"PSEN1","ACP1","PTPN7"
"PSEN1","PTPN6","PTPN7"
"PSEN1","STK4","PTPN7"
"PSEN1","RPS6KB1","PTPN7"
"PSEN1","CHEK1","PTPN7"
"PSEN1","EIF2AK2","PTPN7"
"PSEN1","STK3","PTPN7"
"PSEN1","DOK1","PTPN7"
"PSEN1","CDC25A","PTPN7"
"PSEN1","MARK2","PTPN7"
"PSEN1","PHLPP1","PTPN7"
"PSEN1","CALM3","PTPN7"
"PSEN1","YAP1","PTPN7"
"PSEN1","DEF6","PTPN7"
"PSEN1","CAMKK2","PTPN7"
"PSEN1","PDP1","PTPN7"
"PSEN1","RPS6KA4","PTPN7"
"PSEN1","HDAC3","PTPN7"
"PSEN1","AXIN1","PTPN7"
"PSEN1","PTPRR","PTPN7"
"PSEN1","CDKN1B","PTPN7"
"PSEN1","SKP2","PTPN7"
"PSEN1","MAML1","PTPN7"
"PSEN1","CDC25C","PTPN7"
"PSEN1","WEE1","PTPN7"
"PSEN1","CLASP2","PTPN7"
"PSEN1","RHEB","PTPN7"
"PSEN1","INPP5D","PTPN7"
"PSEN1","TNFAIP1","PTPN7"
"PSEN1","PHF8","PTPN7"
"PSEN1","NF2","PTPN7"
"PSEN1","MDC1","PTPN7"
"PSEN1","MRE11","PTPN7"
"PSEN1","FRAT1","PTPN7"
"PSEN1","CBL","PTPN7"
"PSEN1","RBBP8","PTPN7"
"PSEN1","PCBP2","PTPN7"
"PSEN1","SH2B3","PTPN7"
"PSEN1","HDAC1","PTPN7"
"PSEN1","GRB14","PTPN7"
"PSEN1","PRKAR1A","PTPN7"
"PSEN1","NOTCH2","PTPN7"
"PSEN1","BAZ1B","PTPN7"
"PSEN1","PLCG2","PTPN7"
"PSEN1","PTPRR","MAPK7"
"PSEN1","STK3/4","CRK"
"PSEN1","ACP1","CRK"
"PSEN1","PTPN6","CRK"
"PSEN1","STK4","CRK"
"PSEN1","RPS6KB1","CRK"
"PSEN1","CHEK1","CRK"
"PSEN1","EIF2AK2","CRK"
"PSEN1","STK3","CRK"
"PSEN1","DOK1","CRK"
"PSEN1","CDC25A","CRK"
"PSEN1","MARK2","CRK"
"PSEN1","PHLPP1","CRK"
"PSEN1","CALM3","CRK"
"PSEN1","YAP1","CRK"
"PSEN1","DEF6","CRK"
"PSEN1","CAMKK2","CRK"
"PSEN1","PTPN7","CRK"
"PSEN1","PDP1","CRK"
"PSEN1","RPS6KA4","CRK"
"PSEN1","HDAC3","CRK"
"PSEN1","AXIN1","CRK"
"PSEN1","PTPRR","CRK"
"PSEN1","CDKN1B","CRK"
"PSEN1","SKP2","CRK"
"PSEN1","MAML1","CRK"
"PSEN1","CDC25C","CRK"
"PSEN1","WEE1","CRK"
"PSEN1","CLASP2","CRK"
"PSEN1","RHEB","CRK"
"PSEN1","INPP5D","CRK"
"PSEN1","TNFAIP1","CRK"
"PSEN1","PHF8","CRK"
"PSEN1","NF2","CRK"
"PSEN1","MDC1","CRK"
"PSEN1","MRE11","CRK"
"PSEN1","FRAT1","CRK"
"PSEN1","CBL","CRK"
"PSEN1","RBBP8","CRK"
"PSEN1","PCBP2","CRK"
"PSEN1","SH2B3","CRK"
"PSEN1","HDAC1","CRK"
"PSEN1","GRB14","CRK"
"PSEN1","PRKAR1A","CRK"
"PSEN1","NOTCH2","CRK"
"PSEN1","BAZ1B","CRK"
"PSEN1","PLCG2","CRK"
"PSEN1","STK3/4","STK38"
"PSEN1","ACP1","STK38"
"PSEN1","PTPN6","STK38"
"PSEN1","STK4","STK38"
"PSEN1","RPS6KB1","STK38"
"PSEN1","CHEK1","STK38"
"PSEN1","EIF2AK2","STK38"
"PSEN1","STK3","STK38"
"PSEN1","DOK1","STK38"
"PSEN1","CDC25A","STK38"
"PSEN1","MARK2","STK38"
"PSEN1","PHLPP1","STK38"
"PSEN1","CALM3","STK38"
"PSEN1","YAP1","STK38"
"PSEN1","DEF6","STK38"
"PSEN1","CAMKK2","STK38"
"PSEN1","PTPN7","STK38"
"PSEN1","PDP1","STK38"
"PSEN1","RPS6KA4","STK38"
"PSEN1","HDAC3","STK38"
"PSEN1","AXIN1","STK38"
"PSEN1","PTPRR","STK38"
"PSEN1","CDKN1B","STK38"
"PSEN1","SKP2","STK38"
"PSEN1","MAML1","STK38"
"PSEN1","CDC25C","STK38"
"PSEN1","WEE1","STK38"
"PSEN1","CLASP2","STK38"
"PSEN1","RHEB","STK38"
"PSEN1","INPP5D","STK38"
"PSEN1","TNFAIP1","STK38"
"PSEN1","PHF8","STK38"
"PSEN1","NF2","STK38"
"PSEN1","MDC1","STK38"
"PSEN1","MRE11","STK38"
"PSEN1","FRAT1","STK38"
"PSEN1","CBL","STK38"
"PSEN1","RBBP8","STK38"
"PSEN1","PCBP2","STK38"
"PSEN1","SH2B3","STK38"
"PSEN1","HDAC1","STK38"
"PSEN1","GRB14","STK38"
"PSEN1","PRKAR1A","STK38"
"PSEN1","NOTCH2","STK38"
"PSEN1","BAZ1B","STK38"
"PSEN1","PLCG2","STK38"
"PSEN1","STK3/4","PDP1"
"PSEN1","ACP1","PDP1"
"PSEN1","PTPN6","PDP1"
"PSEN1","STK4","PDP1"
"PSEN1","RPS6KB1","PDP1"
"PSEN1","CHEK1","PDP1"
"PSEN1","EIF2AK2","PDP1"
"PSEN1","STK3","PDP1"
"PSEN1","DOK1","PDP1"
"PSEN1","CDC25A","PDP1"
"PSEN1","MARK2","PDP1"
"PSEN1","PHLPP1","PDP1"
"PSEN1","CALM3","PDP1"
"PSEN1","YAP1","PDP1"
"PSEN1","DEF6","PDP1"
"PSEN1","CAMKK2","PDP1"
"PSEN1","PTPN7","PDP1"
"PSEN1","RPS6KA4","PDP1"
"PSEN1","HDAC3","PDP1"
"PSEN1","AXIN1","PDP1"
"PSEN1","PTPRR","PDP1"
"PSEN1","CDKN1B","PDP1"
"PSEN1","SKP2","PDP1"
"PSEN1","MAML1","PDP1"
"PSEN1","CDC25C","PDP1"
"PSEN1","WEE1","PDP1"
"PSEN1","CLASP2","PDP1"
"PSEN1","RHEB","PDP1"
"PSEN1","INPP5D","PDP1"
"PSEN1","TNFAIP1","PDP1"
"PSEN1","PHF8","PDP1"
"PSEN1","NF2","PDP1"
"PSEN1","MDC1","PDP1"
"PSEN1","MRE11","PDP1"
"PSEN1","FRAT1","PDP1"
"PSEN1","CBL","PDP1"
"PSEN1","RBBP8","PDP1"
"PSEN1","PCBP2","PDP1"
"PSEN1","SH2B3","PDP1"
"PSEN1","HDAC1","PDP1"
"PSEN1","GRB14","PDP1"
"PSEN1","PRKAR1A","PDP1"
"PSEN1","NOTCH2","PDP1"
"PSEN1","BAZ1B","PDP1"
"PSEN1","PLCG2","PDP1"
"PSEN1","STK3/4","PI3K"
"PSEN1","ACP1","PI3K"
"PSEN1","PTPN6","PI3K"
"PSEN1","STK4","PI3K"
"PSEN1","RPS6KB1","PI3K"
"PSEN1","CHEK1","PI3K"
"PSEN1","EIF2AK2","PI3K"
"PSEN1","STK3","PI3K"
"PSEN1","DOK1","PI3K"
"PSEN1","CDC25A","PI3K"
"PSEN1","MARK2","PI3K"
"PSEN1","PHLPP1","PI3K"
"PSEN1","CALM3","PI3K"
"PSEN1","YAP1","PI3K"
"PSEN1","DEF6","PI3K"
"PSEN1","CAMKK2","PI3K"
"PSEN1","PTPN7","PI3K"
"PSEN1","PDP1","PI3K"
"PSEN1","RPS6KA4","PI3K"
"PSEN1","HDAC3","PI3K"
"PSEN1","AXIN1","PI3K"
"PSEN1","PTPRR","PI3K"
"PSEN1","CDKN1B","PI3K"
"PSEN1","SKP2","PI3K"
"PSEN1","MAML1","PI3K"
"PSEN1","CDC25C","PI3K"
"PSEN1","WEE1","PI3K"
"PSEN1","CLASP2","PI3K"
"PSEN1","RHEB","PI3K"
"PSEN1","INPP5D","PI3K"
"PSEN1","TNFAIP1","PI3K"
"PSEN1","PHF8","PI3K"
"PSEN1","NF2","PI3K"
"PSEN1","MDC1","PI3K"
"PSEN1","MRE11","PI3K"
"PSEN1","FRAT1","PI3K"
"PSEN1","CBL","PI3K"
"PSEN1","RBBP8","PI3K"
"PSEN1","PCBP2","PI3K"
"PSEN1","SH2B3","PI3K"
"PSEN1","HDAC1","PI3K"
"PSEN1","GRB14","PI3K"
"PSEN1","PRKAR1A","PI3K"
"PSEN1","NOTCH2","PI3K"
"PSEN1","BAZ1B","PI3K"
"PSEN1","PLCG2","PI3K"
"PSEN1","STK3/4","TFDP1"
"PSEN1","ACP1","TFDP1"
"PSEN1","PTPN6","TFDP1"
"PSEN1","STK4","TFDP1"
"PSEN1","RPS6KB1","TFDP1"
"PSEN1","CHEK1","TFDP1"
"PSEN1","EIF2AK2","TFDP1"
"PSEN1","STK3","TFDP1"
"PSEN1","DOK1","TFDP1"
"PSEN1","CDC25A","TFDP1"
"PSEN1","MARK2","TFDP1"
"PSEN1","PHLPP1","TFDP1"
"PSEN1","CALM3","TFDP1"
"PSEN1","YAP1","TFDP1"
"PSEN1","DEF6","TFDP1"
"PSEN1","CAMKK2","TFDP1"
"PSEN1","PTPN7","TFDP1"
"PSEN1","PDP1","TFDP1"
"PSEN1","RPS6KA4","TFDP1"
"PSEN1","HDAC3","TFDP1"
"PSEN1","AXIN1","TFDP1"
"PSEN1","PTPRR","TFDP1"
"PSEN1","CDKN1B","TFDP1"
"PSEN1","SKP2","TFDP1"
"PSEN1","MAML1","TFDP1"
"PSEN1","CDC25C","TFDP1"
"PSEN1","WEE1","TFDP1"
"PSEN1","CLASP2","TFDP1"
"PSEN1","RHEB","TFDP1"
"PSEN1","INPP5D","TFDP1"
"PSEN1","TNFAIP1","TFDP1"
"PSEN1","PHF8","TFDP1"
"PSEN1","NF2","TFDP1"
"PSEN1","MDC1","TFDP1"
"PSEN1","MRE11","TFDP1"
"PSEN1","FRAT1","TFDP1"
"PSEN1","CBL","TFDP1"
"PSEN1","RBBP8","TFDP1"
"PSEN1","PCBP2","TFDP1"
"PSEN1","SH2B3","TFDP1"
"PSEN1","HDAC1","TFDP1"
"PSEN1","GRB14","TFDP1"
"PSEN1","PRKAR1A","TFDP1"
"PSEN1","NOTCH2","TFDP1"
"PSEN1","BAZ1B","TFDP1"
"PSEN1","PLCG2","TFDP1"
"PSEN1","STK3/4","CTBP1"
"PSEN1","ACP1","CTBP1"
"PSEN1","PTPN6","CTBP1"
"PSEN1","STK4","CTBP1"
"PSEN1","RPS6KB1","CTBP1"
"PSEN1","CHEK1","CTBP1"
"PSEN1","EIF2AK2","CTBP1"
"PSEN1","STK3","CTBP1"
"PSEN1","DOK1","CTBP1"
"PSEN1","CDC25A","CTBP1"
"PSEN1","MARK2","CTBP1"
"PSEN1","PHLPP1","CTBP1"
"PSEN1","CALM3","CTBP1"
"PSEN1","YAP1","CTBP1"
"PSEN1","DEF6","CTBP1"
"PSEN1","CAMKK2","CTBP1"
"PSEN1","PTPN7","CTBP1"
"PSEN1","PDP1","CTBP1"
"PSEN1","RPS6KA4","CTBP1"
"PSEN1","HDAC3","CTBP1"
"PSEN1","AXIN1","CTBP1"
"PSEN1","PTPRR","CTBP1"
"PSEN1","CDKN1B","CTBP1"
"PSEN1","SKP2","CTBP1"
"PSEN1","MAML1","CTBP1"
"PSEN1","CDC25C","CTBP1"
"PSEN1","WEE1","CTBP1"
"PSEN1","CLASP2","CTBP1"
"PSEN1","RHEB","CTBP1"
"PSEN1","INPP5D","CTBP1"
"PSEN1","TNFAIP1","CTBP1"
"PSEN1","PHF8","CTBP1"
"PSEN1","NF2","CTBP1"
"PSEN1","MDC1","CTBP1"
"PSEN1","MRE11","CTBP1"
"PSEN1","FRAT1","CTBP1"
"PSEN1","CBL","CTBP1"
"PSEN1","RBBP8","CTBP1"
"PSEN1","PCBP2","CTBP1"
"PSEN1","SH2B3","CTBP1"
"PSEN1","HDAC1","CTBP1"
"PSEN1","GRB14","CTBP1"
"PSEN1","PRKAR1A","CTBP1"
"PSEN1","NOTCH2","CTBP1"
"PSEN1","BAZ1B","CTBP1"
"PSEN1","PLCG2","CTBP1"
"PSEN1","STK3/4","IKK-complex"
"PSEN1","ACP1","IKK-complex"
"PSEN1","PTPN6","IKK-complex"
"PSEN1","STK4","IKK-complex"
"PSEN1","RPS6KB1","IKK-complex"
"PSEN1","CHEK1","IKK-complex"
"PSEN1","EIF2AK2","IKK-complex"
"PSEN1","STK3","IKK-complex"
"PSEN1","DOK1","IKK-complex"
"PSEN1","CDC25A","IKK-complex"
"PSEN1","MARK2","IKK-complex"
"PSEN1","PHLPP1","IKK-complex"
"PSEN1","CALM3","IKK-complex"
"PSEN1","YAP1","IKK-complex"
"PSEN1","DEF6","IKK-complex"
"PSEN1","CAMKK2","IKK-complex"
"PSEN1","PTPN7","IKK-complex"
"PSEN1","PDP1","IKK-complex"
"PSEN1","RPS6KA4","IKK-complex"
"PSEN1","HDAC3","IKK-complex"
"PSEN1","AXIN1","IKK-complex"
"PSEN1","PTPRR","IKK-complex"
"PSEN1","CDKN1B","IKK-complex"
"PSEN1","SKP2","IKK-complex"
"PSEN1","MAML1","IKK-complex"
"PSEN1","CDC25C","IKK-complex"
"PSEN1","WEE1","IKK-complex"
"PSEN1","CLASP2","IKK-complex"
"PSEN1","RHEB","IKK-complex"
"PSEN1","INPP5D","IKK-complex"
"PSEN1","TNFAIP1","IKK-complex"
"PSEN1","PHF8","IKK-complex"
"PSEN1","NF2","IKK-complex"
"PSEN1","MDC1","IKK-complex"
"PSEN1","MRE11","IKK-complex"
"PSEN1","FRAT1","IKK-complex"
"PSEN1","CBL","IKK-complex"
"PSEN1","RBBP8","IKK-complex"
"PSEN1","PCBP2","IKK-complex"
"PSEN1","SH2B3","IKK-complex"
"PSEN1","HDAC1","IKK-complex"
"PSEN1","GRB14","IKK-complex"
"PSEN1","PRKAR1A","IKK-complex"
"PSEN1","NOTCH2","IKK-complex"
"PSEN1","BAZ1B","IKK-complex"
"PSEN1","PLCG2","IKK-complex"
"PSEN1","STK3/4","SHC1"
"PSEN1","ACP1","SHC1"
"PSEN1","PTPN6","SHC1"
"PSEN1","STK4","SHC1"
"PSEN1","RPS6KB1","SHC1"
"PSEN1","CHEK1","SHC1"
"PSEN1","EIF2AK2","SHC1"
"PSEN1","STK3","SHC1"
"PSEN1","DOK1","SHC1"
"PSEN1","CDC25A","SHC1"
"PSEN1","MARK2","SHC1"
"PSEN1","PHLPP1","SHC1"
"PSEN1","CALM3","SHC1"
"PSEN1","YAP1","SHC1"
"PSEN1","DEF6","SHC1"
"PSEN1","CAMKK2","SHC1"
"PSEN1","PTPN7","SHC1"
"PSEN1","PDP1","SHC1"
"PSEN1","RPS6KA4","SHC1"
"PSEN1","HDAC3","SHC1"
"PSEN1","AXIN1","SHC1"
"PSEN1","PTPRR","SHC1"
"PSEN1","CDKN1B","SHC1"
"PSEN1","SKP2","SHC1"
"PSEN1","MAML1","SHC1"
"PSEN1","CDC25C","SHC1"
"PSEN1","WEE1","SHC1"
"PSEN1","CLASP2","SHC1"
"PSEN1","RHEB","SHC1"
"PSEN1","INPP5D","SHC1"
"PSEN1","TNFAIP1","SHC1"
"PSEN1","PHF8","SHC1"
"PSEN1","NF2","SHC1"
"PSEN1","MDC1","SHC1"
"PSEN1","MRE11","SHC1"
"PSEN1","FRAT1","SHC1"
"PSEN1","CBL","SHC1"
"PSEN1","RBBP8","SHC1"
"PSEN1","PCBP2","SHC1"
"PSEN1","SH2B3","SHC1"
"PSEN1","HDAC1","SHC1"
"PSEN1","GRB14","SHC1"
"PSEN1","PRKAR1A","SHC1"
"PSEN1","NOTCH2","SHC1"
"PSEN1","BAZ1B","SHC1"
"PSEN1","PLCG2","SHC1"
"PSEN1","STK3/4","RPS6KA4"
"PSEN1","ACP1","RPS6KA4"
"PSEN1","PTPN6","RPS6KA4"
"PSEN1","STK4","RPS6KA4"
"PSEN1","RPS6KB1","RPS6KA4"
"PSEN1","CHEK1","RPS6KA4"
"PSEN1","EIF2AK2","RPS6KA4"
"PSEN1","STK3","RPS6KA4"
"PSEN1","DOK1","RPS6KA4"
"PSEN1","CDC25A","RPS6KA4"
"PSEN1","MARK2","RPS6KA4"
"PSEN1","PHLPP1","RPS6KA4"
"PSEN1","CALM3","RPS6KA4"
"PSEN1","YAP1","RPS6KA4"
"PSEN1","DEF6","RPS6KA4"
"PSEN1","CAMKK2","RPS6KA4"
"PSEN1","PTPN7","RPS6KA4"
"PSEN1","PDP1","RPS6KA4"
"PSEN1","HDAC3","RPS6KA4"
"PSEN1","AXIN1","RPS6KA4"
"PSEN1","PTPRR","RPS6KA4"
"PSEN1","CDKN1B","RPS6KA4"
"PSEN1","SKP2","RPS6KA4"
"PSEN1","MAML1","RPS6KA4"
"PSEN1","CDC25C","RPS6KA4"
"PSEN1","WEE1","RPS6KA4"
"PSEN1","CLASP2","RPS6KA4"
"PSEN1","RHEB","RPS6KA4"
"PSEN1","INPP5D","RPS6KA4"
"PSEN1","TNFAIP1","RPS6KA4"
"PSEN1","PHF8","RPS6KA4"
"PSEN1","NF2","RPS6KA4"
"PSEN1","MDC1","RPS6KA4"
"PSEN1","MRE11","RPS6KA4"
"PSEN1","FRAT1","RPS6KA4"
"PSEN1","CBL","RPS6KA4"
"PSEN1","RBBP8","RPS6KA4"
"PSEN1","PCBP2","RPS6KA4"
"PSEN1","SH2B3","RPS6KA4"
"PSEN1","HDAC1","RPS6KA4"
"PSEN1","GRB14","RPS6KA4"
"PSEN1","PRKAR1A","RPS6KA4"
"PSEN1","NOTCH2","RPS6KA4"
"PSEN1","BAZ1B","RPS6KA4"
"PSEN1","PLCG2","RPS6KA4"
"PSEN1","STK3/4","CBX5"
"PSEN1","ACP1","CBX5"
"PSEN1","PTPN6","CBX5"
"PSEN1","STK4","CBX5"
"PSEN1","RPS6KB1","CBX5"
"PSEN1","CHEK1","CBX5"
"PSEN1","EIF2AK2","CBX5"
"PSEN1","STK3","CBX5"
"PSEN1","DOK1","CBX5"
"PSEN1","CDC25A","CBX5"
"PSEN1","MARK2","CBX5"
"PSEN1","PHLPP1","CBX5"
"PSEN1","CALM3","CBX5"
"PSEN1","YAP1","CBX5"
"PSEN1","DEF6","CBX5"
"PSEN1","CAMKK2","CBX5"
"PSEN1","PTPN7","CBX5"
"PSEN1","PDP1","CBX5"
"PSEN1","RPS6KA4","CBX5"
"PSEN1","HDAC3","CBX5"
"PSEN1","AXIN1","CBX5"
"PSEN1","PTPRR","CBX5"
"PSEN1","CDKN1B","CBX5"
"PSEN1","SKP2","CBX5"
"PSEN1","MAML1","CBX5"
"PSEN1","CDC25C","CBX5"
"PSEN1","WEE1","CBX5"
"PSEN1","CLASP2","CBX5"
"PSEN1","RHEB","CBX5"
"PSEN1","INPP5D","CBX5"
"PSEN1","TNFAIP1","CBX5"
"PSEN1","PHF8","CBX5"
"PSEN1","NF2","CBX5"
"PSEN1","MDC1","CBX5"
"PSEN1","MRE11","CBX5"
"PSEN1","FRAT1","CBX5"
"PSEN1","CBL","CBX5"
"PSEN1","RBBP8","CBX5"
"PSEN1","PCBP2","CBX5"
"PSEN1","SH2B3","CBX5"
"PSEN1","HDAC1","CBX5"
"PSEN1","GRB14","CBX5"
"PSEN1","PRKAR1A","CBX5"
"PSEN1","NOTCH2","CBX5"
"PSEN1","BAZ1B","CBX5"
"PSEN1","PLCG2","CBX5"
"PSEN1","STK3/4","MKNK1"
"PSEN1","ACP1","MKNK1"
"PSEN1","PTPN6","MKNK1"
"PSEN1","STK4","MKNK1"
"PSEN1","RPS6KB1","MKNK1"
"PSEN1","CHEK1","MKNK1"
"PSEN1","EIF2AK2","MKNK1"
"PSEN1","STK3","MKNK1"
"PSEN1","DOK1","MKNK1"
"PSEN1","CDC25A","MKNK1"
"PSEN1","MARK2","MKNK1"
"PSEN1","PHLPP1","MKNK1"
"PSEN1","CALM3","MKNK1"
"PSEN1","YAP1","MKNK1"
"PSEN1","DEF6","MKNK1"
"PSEN1","CAMKK2","MKNK1"
"PSEN1","PTPN7","MKNK1"
"PSEN1","PDP1","MKNK1"
"PSEN1","RPS6KA4","MKNK1"
"PSEN1","HDAC3","MKNK1"
"PSEN1","AXIN1","MKNK1"
"PSEN1","PTPRR","MKNK1"
"PSEN1","CDKN1B","MKNK1"
"PSEN1","SKP2","MKNK1"
"PSEN1","MAML1","MKNK1"
"PSEN1","CDC25C","MKNK1"
"PSEN1","WEE1","MKNK1"
"PSEN1","CLASP2","MKNK1"
"PSEN1","RHEB","MKNK1"
"PSEN1","INPP5D","MKNK1"
"PSEN1","TNFAIP1","MKNK1"
"PSEN1","PHF8","MKNK1"
"PSEN1","NF2","MKNK1"
"PSEN1","MDC1","MKNK1"
"PSEN1","MRE11","MKNK1"
"PSEN1","FRAT1","MKNK1"
"PSEN1","CBL","MKNK1"
"PSEN1","RBBP8","MKNK1"
"PSEN1","PCBP2","MKNK1"
"PSEN1","SH2B3","MKNK1"
"PSEN1","HDAC1","MKNK1"
"PSEN1","GRB14","MKNK1"
"PSEN1","PRKAR1A","MKNK1"
"PSEN1","NOTCH2","MKNK1"
"PSEN1","BAZ1B","MKNK1"
"PSEN1","PLCG2","MKNK1"
"PSEN1","STK3/4","CCNO"
"PSEN1","ACP1","CCNO"
"PSEN1","PTPN6","CCNO"
"PSEN1","STK4","CCNO"
"PSEN1","RPS6KB1","CCNO"
"PSEN1","CHEK1","CCNO"
"PSEN1","EIF2AK2","CCNO"
"PSEN1","STK3","CCNO"
"PSEN1","DOK1","CCNO"
"PSEN1","CDC25A","CCNO"
"PSEN1","MARK2","CCNO"
"PSEN1","PHLPP1","CCNO"
"PSEN1","CALM3","CCNO"
"PSEN1","YAP1","CCNO"
"PSEN1","DEF6","CCNO"
"PSEN1","CAMKK2","CCNO"
"PSEN1","PTPN7","CCNO"
"PSEN1","PDP1","CCNO"
"PSEN1","RPS6KA4","CCNO"
"PSEN1","HDAC3","CCNO"
"PSEN1","AXIN1","CCNO"
"PSEN1","PTPRR","CCNO"
"PSEN1","CDKN1B","CCNO"
"PSEN1","SKP2","CCNO"
"PSEN1","MAML1","CCNO"
"PSEN1","CDC25C","CCNO"
"PSEN1","WEE1","CCNO"
"PSEN1","CLASP2","CCNO"
"PSEN1","RHEB","CCNO"
"PSEN1","INPP5D","CCNO"
"PSEN1","TNFAIP1","CCNO"
"PSEN1","PHF8","CCNO"
"PSEN1","NF2","CCNO"
"PSEN1","MDC1","CCNO"
"PSEN1","MRE11","CCNO"
"PSEN1","FRAT1","CCNO"
"PSEN1","CBL","CCNO"
"PSEN1","RBBP8","CCNO"
"PSEN1","PCBP2","CCNO"
"PSEN1","SH2B3","CCNO"
"PSEN1","HDAC1","CCNO"
"PSEN1","GRB14","CCNO"
"PSEN1","PRKAR1A","CCNO"
"PSEN1","NOTCH2","CCNO"
"PSEN1","BAZ1B","CCNO"
"PSEN1","PLCG2","CCNO"
"PSEN1","STK3/4","BID"
"PSEN1","ACP1","BID"
"PSEN1","PTPN6","BID"
"PSEN1","STK4","BID"
"PSEN1","RPS6KB1","BID"
"PSEN1","CHEK1","BID"
"PSEN1","EIF2AK2","BID"
"PSEN1","STK3","BID"
"PSEN1","DOK1","BID"
"PSEN1","CDC25A","BID"
"PSEN1","MARK2","BID"
"PSEN1","PHLPP1","BID"
"PSEN1","CALM3","BID"
"PSEN1","YAP1","BID"
"PSEN1","DEF6","BID"
"PSEN1","CAMKK2","BID"
"PSEN1","PTPN7","BID"
"PSEN1","PDP1","BID"
"PSEN1","RPS6KA4","BID"
"PSEN1","HDAC3","BID"
"PSEN1","AXIN1","BID"
"PSEN1","PTPRR","BID"
"PSEN1","CDKN1B","BID"
"PSEN1","SKP2","BID"
"PSEN1","MAML1","BID"
"PSEN1","CDC25C","BID"
"PSEN1","WEE1","BID"
"PSEN1","CLASP2","BID"
"PSEN1","RHEB","BID"
"PSEN1","INPP5D","BID"
"PSEN1","TNFAIP1","BID"
"PSEN1","PHF8","BID"
"PSEN1","NF2","BID"
"PSEN1","MDC1","BID"
"PSEN1","MRE11","BID"
"PSEN1","FRAT1","BID"
"PSEN1","CBL","BID"
"PSEN1","RBBP8","BID"
"PSEN1","PCBP2","BID"
"PSEN1","SH2B3","BID"
"PSEN1","HDAC1","BID"
"PSEN1","GRB14","BID"
"PSEN1","PRKAR1A","BID"
"PSEN1","NOTCH2","BID"
"PSEN1","BAZ1B","BID"
"PSEN1","PLCG2","BID"
"PSEN1","STK3/4","HDAC3"
"PSEN1","ACP1","HDAC3"
"PSEN1","PTPN6","HDAC3"
"PSEN1","STK4","HDAC3"
"PSEN1","RPS6KB1","HDAC3"
"PSEN1","CHEK1","HDAC3"
"PSEN1","EIF2AK2","HDAC3"
"PSEN1","STK3","HDAC3"
"PSEN1","DOK1","HDAC3"
"PSEN1","CDC25A","HDAC3"
"PSEN1","MARK2","HDAC3"
"PSEN1","PHLPP1","HDAC3"
"PSEN1","CALM3","HDAC3"
"PSEN1","YAP1","HDAC3"
"PSEN1","DEF6","HDAC3"
"PSEN1","CAMKK2","HDAC3"
"PSEN1","PTPN7","HDAC3"
"PSEN1","PDP1","HDAC3"
"PSEN1","RPS6KA4","HDAC3"
"PSEN1","AXIN1","HDAC3"
"PSEN1","PTPRR","HDAC3"
"PSEN1","CDKN1B","HDAC3"
"PSEN1","SKP2","HDAC3"
"PSEN1","MAML1","HDAC3"
"PSEN1","CDC25C","HDAC3"
"PSEN1","WEE1","HDAC3"
"PSEN1","CLASP2","HDAC3"
"PSEN1","RHEB","HDAC3"
"PSEN1","INPP5D","HDAC3"
"PSEN1","TNFAIP1","HDAC3"
"PSEN1","PHF8","HDAC3"
"PSEN1","NF2","HDAC3"
"PSEN1","MDC1","HDAC3"
"PSEN1","MRE11","HDAC3"
"PSEN1","FRAT1","HDAC3"
"PSEN1","CBL","HDAC3"
"PSEN1","RBBP8","HDAC3"
"PSEN1","PCBP2","HDAC3"
"PSEN1","SH2B3","HDAC3"
"PSEN1","HDAC1","HDAC3"
"PSEN1","GRB14","HDAC3"
"PSEN1","PRKAR1A","HDAC3"
"PSEN1","NOTCH2","HDAC3"
"PSEN1","BAZ1B","HDAC3"
"PSEN1","PLCG2","HDAC3"
"PSEN1","STK3/4","AXIN1"
"PSEN1","ACP1","AXIN1"
"PSEN1","PTPN6","AXIN1"
"PSEN1","STK4","AXIN1"
"PSEN1","RPS6KB1","AXIN1"
"PSEN1","CHEK1","AXIN1"
"PSEN1","EIF2AK2","AXIN1"
"PSEN1","STK3","AXIN1"
"PSEN1","DOK1","AXIN1"
"PSEN1","CDC25A","AXIN1"
"PSEN1","MARK2","AXIN1"
"PSEN1","PHLPP1","AXIN1"
"PSEN1","CALM3","AXIN1"
"PSEN1","YAP1","AXIN1"
"PSEN1","DEF6","AXIN1"
"PSEN1","CAMKK2","AXIN1"
"PSEN1","PTPN7","AXIN1"
"PSEN1","PDP1","AXIN1"
"PSEN1","RPS6KA4","AXIN1"
"PSEN1","HDAC3","AXIN1"
"PSEN1","PTPRR","AXIN1"
"PSEN1","CDKN1B","AXIN1"
"PSEN1","SKP2","AXIN1"
"PSEN1","MAML1","AXIN1"
"PSEN1","CDC25C","AXIN1"
"PSEN1","WEE1","AXIN1"
"PSEN1","CLASP2","AXIN1"
"PSEN1","RHEB","AXIN1"
"PSEN1","INPP5D","AXIN1"
"PSEN1","TNFAIP1","AXIN1"
"PSEN1","PHF8","AXIN1"
"PSEN1","NF2","AXIN1"
"PSEN1","MDC1","AXIN1"
"PSEN1","MRE11","AXIN1"
"PSEN1","FRAT1","AXIN1"
"PSEN1","CBL","AXIN1"
"PSEN1","RBBP8","AXIN1"
"PSEN1","PCBP2","AXIN1"
"PSEN1","SH2B3","AXIN1"
"PSEN1","HDAC1","AXIN1"
"PSEN1","GRB14","AXIN1"
"PSEN1","PRKAR1A","AXIN1"
"PSEN1","NOTCH2","AXIN1"
"PSEN1","BAZ1B","AXIN1"
"PSEN1","PLCG2","AXIN1"
"PSEN1","STK3/4","RELA"
"PSEN1","ACP1","RELA"
"PSEN1","PTPN6","RELA"
"PSEN1","STK4","RELA"
"PSEN1","RPS6KB1","RELA"
"PSEN1","CHEK1","RELA"
"PSEN1","EIF2AK2","RELA"
"PSEN1","STK3","RELA"
"PSEN1","DOK1","RELA"
"PSEN1","CDC25A","RELA"
"PSEN1","MARK2","RELA"
"PSEN1","PHLPP1","RELA"
"PSEN1","CALM3","RELA"
"PSEN1","YAP1","RELA"
"PSEN1","DEF6","RELA"
"PSEN1","CAMKK2","RELA"
"PSEN1","PTPN7","RELA"
"PSEN1","PDP1","RELA"
"PSEN1","RPS6KA4","RELA"
"PSEN1","HDAC3","RELA"
"PSEN1","AXIN1","RELA"
"PSEN1","PTPRR","RELA"
"PSEN1","CDKN1B","RELA"
"PSEN1","SKP2","RELA"
"PSEN1","MAML1","RELA"
"PSEN1","CDC25C","RELA"
"PSEN1","WEE1","RELA"
"PSEN1","CLASP2","RELA"
"PSEN1","RHEB","RELA"
"PSEN1","INPP5D","RELA"
"PSEN1","TNFAIP1","RELA"
"PSEN1","PHF8","RELA"
"PSEN1","NF2","RELA"
"PSEN1","MDC1","RELA"
"PSEN1","MRE11","RELA"
"PSEN1","FRAT1","RELA"
"PSEN1","CBL","RELA"
"PSEN1","RBBP8","RELA"
"PSEN1","PCBP2","RELA"
"PSEN1","SH2B3","RELA"
"PSEN1","HDAC1","RELA"
"PSEN1","GRB14","RELA"
"PSEN1","PRKAR1A","RELA"
"PSEN1","NOTCH2","RELA"
"PSEN1","BAZ1B","RELA"
"PSEN1","PLCG2","RELA"
"PSEN1","STK3/4","PTPRR"
"PSEN1","ACP1","PTPRR"
"PSEN1","PTPN6","PTPRR"
"PSEN1","STK4","PTPRR"
"PSEN1","RPS6KB1","PTPRR"
"PSEN1","CHEK1","PTPRR"
"PSEN1","EIF2AK2","PTPRR"
"PSEN1","STK3","PTPRR"
"PSEN1","DOK1","PTPRR"
"PSEN1","CDC25A","PTPRR"
"PSEN1","MARK2","PTPRR"
"PSEN1","PHLPP1","PTPRR"
"PSEN1","CALM3","PTPRR"
"PSEN1","YAP1","PTPRR"
"PSEN1","DEF6","PTPRR"
"PSEN1","CAMKK2","PTPRR"
"PSEN1","PTPN7","PTPRR"
"PSEN1","MAPK7","PTPRR"
"PSEN1","PDP1","PTPRR"
"PSEN1","RPS6KA4","PTPRR"
"PSEN1","HDAC3","PTPRR"
"PSEN1","AXIN1","PTPRR"
"PSEN1","CDKN1B","PTPRR"
"PSEN1","SKP2","PTPRR"
"PSEN1","MAML1","PTPRR"
"PSEN1","CDC25C","PTPRR"
"PSEN1","WEE1","PTPRR"
"PSEN1","CLASP2","PTPRR"
"PSEN1","RHEB","PTPRR"
"PSEN1","INPP5D","PTPRR"
"PSEN1","TNFAIP1","PTPRR"
"PSEN1","PHF8","PTPRR"
"PSEN1","NF2","PTPRR"
"PSEN1","MDC1","PTPRR"
"PSEN1","MRE11","PTPRR"
"PSEN1","FRAT1","PTPRR"
"PSEN1","CBL","PTPRR"
"PSEN1","RBBP8","PTPRR"
"PSEN1","PCBP2","PTPRR"
"PSEN1","SH2B3","PTPRR"
"PSEN1","HDAC1","PTPRR"
"PSEN1","GRB14","PTPRR"
"PSEN1","PRKAR1A","PTPRR"
"PSEN1","NOTCH2","PTPRR"
"PSEN1","BAZ1B","PTPRR"
"PSEN1","PLCG2","PTPRR"
"PSEN1","STK3/4","CDCA5"
"PSEN1","ACP1","CDCA5"
"PSEN1","PTPN6","CDCA5"
"PSEN1","STK4","CDCA5"
"PSEN1","RPS6KB1","CDCA5"
"PSEN1","CHEK1","CDCA5"
"PSEN1","EIF2AK2","CDCA5"
"PSEN1","STK3","CDCA5"
"PSEN1","DOK1","CDCA5"
"PSEN1","CDC25A","CDCA5"
"PSEN1","MARK2","CDCA5"
"PSEN1","PHLPP1","CDCA5"
"PSEN1","CALM3","CDCA5"
"PSEN1","YAP1","CDCA5"
"PSEN1","DEF6","CDCA5"
"PSEN1","CAMKK2","CDCA5"
"PSEN1","PTPN7","CDCA5"
"PSEN1","PDP1","CDCA5"
"PSEN1","RPS6KA4","CDCA5"
"PSEN1","HDAC3","CDCA5"
"PSEN1","AXIN1","CDCA5"
"PSEN1","PTPRR","CDCA5"
"PSEN1","CDKN1B","CDCA5"
"PSEN1","SKP2","CDCA5"
"PSEN1","MAML1","CDCA5"
"PSEN1","CDC25C","CDCA5"
"PSEN1","WEE1","CDCA5"
"PSEN1","CLASP2","CDCA5"
"PSEN1","RHEB","CDCA5"
"PSEN1","INPP5D","CDCA5"
"PSEN1","TNFAIP1","CDCA5"
"PSEN1","PHF8","CDCA5"
"PSEN1","NF2","CDCA5"
"PSEN1","MDC1","CDCA5"
"PSEN1","MRE11","CDCA5"
"PSEN1","FRAT1","CDCA5"
"PSEN1","CBL","CDCA5"
"PSEN1","RBBP8","CDCA5"
"PSEN1","PCBP2","CDCA5"
"PSEN1","SH2B3","CDCA5"
"PSEN1","HDAC1","CDCA5"
"PSEN1","GRB14","CDCA5"
"PSEN1","PRKAR1A","CDCA5"
"PSEN1","NOTCH2","CDCA5"
"PSEN1","BAZ1B","CDCA5"
"PSEN1","PLCG2","CDCA5"
"PSEN1","STK3/4","CDKN1B"
"PSEN1","ACP1","CDKN1B"
"PSEN1","PTPN6","CDKN1B"
"PSEN1","STK4","CDKN1B"
"PSEN1","RPS6KB1","CDKN1B"
"PSEN1","CHEK1","CDKN1B"
"PSEN1","EIF2AK2","CDKN1B"
"PSEN1","STK3","CDKN1B"
"PSEN1","DOK1","CDKN1B"
"PSEN1","CDC25A","CDKN1B"
"PSEN1","MARK2","CDKN1B"
"PSEN1","PHLPP1","CDKN1B"
"PSEN1","CALM3","CDKN1B"
"PSEN1","YAP1","CDKN1B"
"PSEN1","DEF6","CDKN1B"
"PSEN1","CAMKK2","CDKN1B"
"PSEN1","PTPN7","CDKN1B"
"PSEN1","PDP1","CDKN1B"
"PSEN1","RPS6KA4","CDKN1B"
"PSEN1","HDAC3","CDKN1B"
"PSEN1","AXIN1","CDKN1B"
"PSEN1","PTPRR","CDKN1B"
"PSEN1","SKP2","CDKN1B"
"PSEN1","MAML1","CDKN1B"
"PSEN1","CDC25C","CDKN1B"
"PSEN1","WEE1","CDKN1B"
"PSEN1","CLASP2","CDKN1B"
"PSEN1","RHEB","CDKN1B"
"PSEN1","INPP5D","CDKN1B"
"PSEN1","TNFAIP1","CDKN1B"
"PSEN1","PHF8","CDKN1B"
"PSEN1","NF2","CDKN1B"
"PSEN1","MDC1","CDKN1B"
"PSEN1","MRE11","CDKN1B"
"PSEN1","FRAT1","CDKN1B"
"PSEN1","CBL","CDKN1B"
"PSEN1","RBBP8","CDKN1B"
"PSEN1","PCBP2","CDKN1B"
"PSEN1","SH2B3","CDKN1B"
"PSEN1","HDAC1","CDKN1B"
"PSEN1","GRB14","CDKN1B"
"PSEN1","PRKAR1A","CDKN1B"
"PSEN1","NOTCH2","CDKN1B"
"PSEN1","BAZ1B","CDKN1B"
"PSEN1","PLCG2","CDKN1B"
"PSEN1","STK3/4","CDK6"
"PSEN1","ACP1","CDK6"
"PSEN1","PTPN6","CDK6"
"PSEN1","STK4","CDK6"
"PSEN1","RPS6KB1","CDK6"
"PSEN1","CHEK1","CDK6"
"PSEN1","EIF2AK2","CDK6"
"PSEN1","STK3","CDK6"
"PSEN1","DOK1","CDK6"
"PSEN1","CDC25A","CDK6"
"PSEN1","MARK2","CDK6"
"PSEN1","PHLPP1","CDK6"
"PSEN1","CALM3","CDK6"
"PSEN1","YAP1","CDK6"
"PSEN1","DEF6","CDK6"
"PSEN1","CAMKK2","CDK6"
"PSEN1","PTPN7","CDK6"
"PSEN1","PDP1","CDK6"
"PSEN1","RPS6KA4","CDK6"
"PSEN1","HDAC3","CDK6"
"PSEN1","AXIN1","CDK6"
"PSEN1","PTPRR","CDK6"
"PSEN1","CDKN1B","CDK6"
"PSEN1","SKP2","CDK6"
"PSEN1","MAML1","CDK6"
"PSEN1","CDC25C","CDK6"
"PSEN1","WEE1","CDK6"
"PSEN1","CLASP2","CDK6"
"PSEN1","RHEB","CDK6"
"PSEN1","INPP5D","CDK6"
"PSEN1","TNFAIP1","CDK6"
"PSEN1","PHF8","CDK6"
"PSEN1","NF2","CDK6"
"PSEN1","MDC1","CDK6"
"PSEN1","MRE11","CDK6"
"PSEN1","FRAT1","CDK6"
"PSEN1","CBL","CDK6"
"PSEN1","RBBP8","CDK6"
"PSEN1","PCBP2","CDK6"
"PSEN1","SH2B3","CDK6"
"PSEN1","HDAC1","CDK6"
"PSEN1","GRB14","CDK6"
"PSEN1","PRKAR1A","CDK6"
"PSEN1","NOTCH2","CDK6"
"PSEN1","BAZ1B","CDK6"
"PSEN1","PLCG2","CDK6"
"PSEN1","STK3/4","GTF2I"
"PSEN1","ACP1","GTF2I"
"PSEN1","PTPN6","GTF2I"
"PSEN1","STK4","GTF2I"
"PSEN1","RPS6KB1","GTF2I"
"PSEN1","CHEK1","GTF2I"
"PSEN1","EIF2AK2","GTF2I"
"PSEN1","STK3","GTF2I"
"PSEN1","DOK1","GTF2I"
"PSEN1","CDC25A","GTF2I"
"PSEN1","MARK2","GTF2I"
"PSEN1","PHLPP1","GTF2I"
"PSEN1","CALM3","GTF2I"
"PSEN1","YAP1","GTF2I"
"PSEN1","DEF6","GTF2I"
"PSEN1","CAMKK2","GTF2I"
"PSEN1","PTPN7","GTF2I"
"PSEN1","PDP1","GTF2I"
"PSEN1","RPS6KA4","GTF2I"
"PSEN1","HDAC3","GTF2I"
"PSEN1","AXIN1","GTF2I"
"PSEN1","PTPRR","GTF2I"
"PSEN1","CDKN1B","GTF2I"
"PSEN1","SKP2","GTF2I"
"PSEN1","MAML1","GTF2I"
"PSEN1","CDC25C","GTF2I"
"PSEN1","WEE1","GTF2I"
"PSEN1","CLASP2","GTF2I"
"PSEN1","RHEB","GTF2I"
"PSEN1","INPP5D","GTF2I"
"PSEN1","TNFAIP1","GTF2I"
"PSEN1","PHF8","GTF2I"
"PSEN1","NF2","GTF2I"
"PSEN1","MDC1","GTF2I"
"PSEN1","MRE11","GTF2I"
"PSEN1","FRAT1","GTF2I"
"PSEN1","CBL","GTF2I"
"PSEN1","RBBP8","GTF2I"
"PSEN1","PCBP2","GTF2I"
"PSEN1","SH2B3","GTF2I"
"PSEN1","HDAC1","GTF2I"
"PSEN1","GRB14","GTF2I"
"PSEN1","PRKAR1A","GTF2I"
"PSEN1","NOTCH2","GTF2I"
"PSEN1","BAZ1B","GTF2I"
"PSEN1","PLCG2","GTF2I"
"PSEN1","STK3/4","OTUB1"
"PSEN1","ACP1","OTUB1"
"PSEN1","PTPN6","OTUB1"
"PSEN1","STK4","OTUB1"
"PSEN1","RPS6KB1","OTUB1"
"PSEN1","CHEK1","OTUB1"
"PSEN1","EIF2AK2","OTUB1"
"PSEN1","STK3","OTUB1"
"PSEN1","DOK1","OTUB1"
"PSEN1","CDC25A","OTUB1"
"PSEN1","MARK2","OTUB1"
"PSEN1","PHLPP1","OTUB1"
"PSEN1","CALM3","OTUB1"
"PSEN1","YAP1","OTUB1"
"PSEN1","DEF6","OTUB1"
"PSEN1","CAMKK2","OTUB1"
"PSEN1","PTPN7","OTUB1"
"PSEN1","PDP1","OTUB1"
"PSEN1","RPS6KA4","OTUB1"
"PSEN1","HDAC3","OTUB1"
"PSEN1","AXIN1","OTUB1"
"PSEN1","PTPRR","OTUB1"
"PSEN1","CDKN1B","OTUB1"
"PSEN1","SKP2","OTUB1"
"PSEN1","MAML1","OTUB1"
"PSEN1","CDC25C","OTUB1"
"PSEN1","WEE1","OTUB1"
"PSEN1","CLASP2","OTUB1"
"PSEN1","RHEB","OTUB1"
"PSEN1","INPP5D","OTUB1"
"PSEN1","TNFAIP1","OTUB1"
"PSEN1","PHF8","OTUB1"
"PSEN1","NF2","OTUB1"
"PSEN1","MDC1","OTUB1"
"PSEN1","MRE11","OTUB1"
"PSEN1","FRAT1","OTUB1"
"PSEN1","CBL","OTUB1"
"PSEN1","RBBP8","OTUB1"
"PSEN1","PCBP2","OTUB1"
"PSEN1","SH2B3","OTUB1"
"PSEN1","HDAC1","OTUB1"
"PSEN1","GRB14","OTUB1"
"PSEN1","PRKAR1A","OTUB1"
"PSEN1","NOTCH2","OTUB1"
"PSEN1","BAZ1B","OTUB1"
"PSEN1","PLCG2","OTUB1"
"PSEN1","STK3/4","SKP2"
"PSEN1","ACP1","SKP2"
"PSEN1","PTPN6","SKP2"
"PSEN1","STK4","SKP2"
"PSEN1","RPS6KB1","SKP2"
"PSEN1","CHEK1","SKP2"
"PSEN1","EIF2AK2","SKP2"
"PSEN1","STK3","SKP2"
"PSEN1","DOK1","SKP2"
"PSEN1","CDC25A","SKP2"
"PSEN1","MARK2","SKP2"
"PSEN1","PHLPP1","SKP2"
"PSEN1","CALM3","SKP2"
"PSEN1","YAP1","SKP2"
"PSEN1","DEF6","SKP2"
"PSEN1","CAMKK2","SKP2"
"PSEN1","PTPN7","SKP2"
"PSEN1","PDP1","SKP2"
"PSEN1","RPS6KA4","SKP2"
"PSEN1","HDAC3","SKP2"
"PSEN1","AXIN1","SKP2"
"PSEN1","PTPRR","SKP2"
"PSEN1","CDKN1B","SKP2"
"PSEN1","MAML1","SKP2"
"PSEN1","CDC25C","SKP2"
"PSEN1","WEE1","SKP2"
"PSEN1","CLASP2","SKP2"
"PSEN1","RHEB","SKP2"
"PSEN1","INPP5D","SKP2"
"PSEN1","TNFAIP1","SKP2"
"PSEN1","PHF8","SKP2"
"PSEN1","NF2","SKP2"
"PSEN1","MDC1","SKP2"
"PSEN1","MRE11","SKP2"
"PSEN1","FRAT1","SKP2"
"PSEN1","CBL","SKP2"
"PSEN1","RBBP8","SKP2"
"PSEN1","PCBP2","SKP2"
"PSEN1","SH2B3","SKP2"
"PSEN1","HDAC1","SKP2"
"PSEN1","GRB14","SKP2"
"PSEN1","PRKAR1A","SKP2"
"PSEN1","NOTCH2","SKP2"
"PSEN1","BAZ1B","SKP2"
"PSEN1","PLCG2","SKP2"
"PSEN1","STK3/4","MAML1"
"PSEN1","ACP1","MAML1"
"PSEN1","PTPN6","MAML1"
"PSEN1","STK4","MAML1"
"PSEN1","RPS6KB1","MAML1"
"PSEN1","CHEK1","MAML1"
"PSEN1","EIF2AK2","MAML1"
"PSEN1","STK3","MAML1"
"PSEN1","DOK1","MAML1"
"PSEN1","CDC25A","MAML1"
"PSEN1","MARK2","MAML1"
"PSEN1","PHLPP1","MAML1"
"PSEN1","CALM3","MAML1"
"PSEN1","YAP1","MAML1"
"PSEN1","DEF6","MAML1"
"PSEN1","CAMKK2","MAML1"
"PSEN1","PTPN7","MAML1"
"PSEN1","PDP1","MAML1"
"PSEN1","RPS6KA4","MAML1"
"PSEN1","HDAC3","MAML1"
"PSEN1","AXIN1","MAML1"
"PSEN1","PTPRR","MAML1"
"PSEN1","CDKN1B","MAML1"
"PSEN1","SKP2","MAML1"
"PSEN1","CDC25C","MAML1"
"PSEN1","WEE1","MAML1"
"PSEN1","CLASP2","MAML1"
"PSEN1","RHEB","MAML1"
"PSEN1","INPP5D","MAML1"
"PSEN1","TNFAIP1","MAML1"
"PSEN1","PHF8","MAML1"
"PSEN1","NF2","MAML1"
"PSEN1","MDC1","MAML1"
"PSEN1","MRE11","MAML1"
"PSEN1","FRAT1","MAML1"
"PSEN1","CBL","MAML1"
"PSEN1","RBBP8","MAML1"
"PSEN1","PCBP2","MAML1"
"PSEN1","SH2B3","MAML1"
"PSEN1","HDAC1","MAML1"
"PSEN1","GRB14","MAML1"
"PSEN1","PRKAR1A","MAML1"
"PSEN1","NOTCH2","MAML1"
"PSEN1","BAZ1B","MAML1"
"PSEN1","PLCG2","MAML1"
"PSEN1","STK3/4","FLNA"
"PSEN1","ACP1","FLNA"
"PSEN1","PTPN6","FLNA"
"PSEN1","STK4","FLNA"
"PSEN1","RPS6KB1","FLNA"
"PSEN1","CHEK1","FLNA"
"PSEN1","EIF2AK2","FLNA"
"PSEN1","STK3","FLNA"
"PSEN1","DOK1","FLNA"
"PSEN1","CDC25A","FLNA"
"PSEN1","MARK2","FLNA"
"PSEN1","PHLPP1","FLNA"
"PSEN1","CALM3","FLNA"
"PSEN1","YAP1","FLNA"
"PSEN1","DEF6","FLNA"
"PSEN1","CAMKK2","FLNA"
"PSEN1","PTPN7","FLNA"
"PSEN1","PDP1","FLNA"
"PSEN1","RPS6KA4","FLNA"
"PSEN1","HDAC3","FLNA"
"PSEN1","AXIN1","FLNA"
"PSEN1","PTPRR","FLNA"
"PSEN1","CDKN1B","FLNA"
"PSEN1","SKP2","FLNA"
"PSEN1","MAML1","FLNA"
"PSEN1","CDC25C","FLNA"
"PSEN1","WEE1","FLNA"
"PSEN1","CLASP2","FLNA"
"PSEN1","RHEB","FLNA"
"PSEN1","INPP5D","FLNA"
"PSEN1","TNFAIP1","FLNA"
"PSEN1","PHF8","FLNA"
"PSEN1","NF2","FLNA"
"PSEN1","MDC1","FLNA"
"PSEN1","MRE11","FLNA"
"PSEN1","FRAT1","FLNA"
"PSEN1","CBL","FLNA"
"PSEN1","RBBP8","FLNA"
"PSEN1","PCBP2","FLNA"
"PSEN1","SH2B3","FLNA"
"PSEN1","HDAC1","FLNA"
"PSEN1","GRB14","FLNA"
"PSEN1","PRKAR1A","FLNA"
"PSEN1","NOTCH2","FLNA"
"PSEN1","BAZ1B","FLNA"
"PSEN1","PLCG2","FLNA"
"PSEN1","STK3/4","CDC25C"
"PSEN1","ACP1","CDC25C"
"PSEN1","PTPN6","CDC25C"
"PSEN1","STK4","CDC25C"
"PSEN1","RPS6KB1","CDC25C"
"PSEN1","CHEK1","CDC25C"
"PSEN1","EIF2AK2","CDC25C"
"PSEN1","STK3","CDC25C"
"PSEN1","DOK1","CDC25C"
"PSEN1","CDC25A","CDC25C"
"PSEN1","MARK2","CDC25C"
"PSEN1","PHLPP1","CDC25C"
"PSEN1","CALM3","CDC25C"
"PSEN1","YAP1","CDC25C"
"PSEN1","DEF6","CDC25C"
"PSEN1","CAMKK2","CDC25C"
"PSEN1","PTPN7","CDC25C"
"PSEN1","PDP1","CDC25C"
"PSEN1","RPS6KA4","CDC25C"
"PSEN1","HDAC3","CDC25C"
"PSEN1","AXIN1","CDC25C"
"PSEN1","PTPRR","CDC25C"
"PSEN1","CDKN1B","CDC25C"
"PSEN1","SKP2","CDC25C"
"PSEN1","MAML1","CDC25C"
"PSEN1","WEE1","CDC25C"
"PSEN1","CLASP2","CDC25C"
"PSEN1","RHEB","CDC25C"
"PSEN1","INPP5D","CDC25C"
"PSEN1","TNFAIP1","CDC25C"
"PSEN1","PHF8","CDC25C"
"PSEN1","NF2","CDC25C"
"PSEN1","MDC1","CDC25C"
"PSEN1","MRE11","CDC25C"
"PSEN1","FRAT1","CDC25C"
"PSEN1","CBL","CDC25C"
"PSEN1","RBBP8","CDC25C"
"PSEN1","PCBP2","CDC25C"
"PSEN1","SH2B3","CDC25C"
"PSEN1","HDAC1","CDC25C"
"PSEN1","GRB14","CDC25C"
"PSEN1","PRKAR1A","CDC25C"
"PSEN1","NOTCH2","CDC25C"
"PSEN1","BAZ1B","CDC25C"
"PSEN1","PLCG2","CDC25C"
"PSEN1","STK3/4","ASB2"
"PSEN1","ACP1","ASB2"
"PSEN1","PTPN6","ASB2"
"PSEN1","STK4","ASB2"
"PSEN1","RPS6KB1","ASB2"
"PSEN1","CHEK1","ASB2"
"PSEN1","EIF2AK2","ASB2"
"PSEN1","STK3","ASB2"
"PSEN1","DOK1","ASB2"
"PSEN1","CDC25A","ASB2"
"PSEN1","MARK2","ASB2"
"PSEN1","PHLPP1","ASB2"
"PSEN1","CALM3","ASB2"
"PSEN1","YAP1","ASB2"
"PSEN1","DEF6","ASB2"
"PSEN1","CAMKK2","ASB2"
"PSEN1","PTPN7","ASB2"
"PSEN1","PDP1","ASB2"
"PSEN1","RPS6KA4","ASB2"
"PSEN1","HDAC3","ASB2"
"PSEN1","AXIN1","ASB2"
"PSEN1","PTPRR","ASB2"
"PSEN1","CDKN1B","ASB2"
"PSEN1","SKP2","ASB2"
"PSEN1","MAML1","ASB2"
"PSEN1","CDC25C","ASB2"
"PSEN1","WEE1","ASB2"
"PSEN1","CLASP2","ASB2"
"PSEN1","RHEB","ASB2"
"PSEN1","INPP5D","ASB2"
"PSEN1","TNFAIP1","ASB2"
"PSEN1","PHF8","ASB2"
"PSEN1","NF2","ASB2"
"PSEN1","MDC1","ASB2"
"PSEN1","MRE11","ASB2"
"PSEN1","FRAT1","ASB2"
"PSEN1","CBL","ASB2"
"PSEN1","RBBP8","ASB2"
"PSEN1","PCBP2","ASB2"
"PSEN1","SH2B3","ASB2"
"PSEN1","HDAC1","ASB2"
"PSEN1","GRB14","ASB2"
"PSEN1","PRKAR1A","ASB2"
"PSEN1","NOTCH2","ASB2"
"PSEN1","BAZ1B","ASB2"
"PSEN1","PLCG2","ASB2"
"PSEN1","STK3/4","DLG1"
"PSEN1","ACP1","DLG1"
"PSEN1","PTPN6","DLG1"
"PSEN1","STK4","DLG1"
"PSEN1","RPS6KB1","DLG1"
"PSEN1","CHEK1","DLG1"
"PSEN1","EIF2AK2","DLG1"
"PSEN1","STK3","DLG1"
"PSEN1","DOK1","DLG1"
"PSEN1","CDC25A","DLG1"
"PSEN1","MARK2","DLG1"
"PSEN1","PHLPP1","DLG1"
"PSEN1","CALM3","DLG1"
"PSEN1","YAP1","DLG1"
"PSEN1","DEF6","DLG1"
"PSEN1","CAMKK2","DLG1"
"PSEN1","PTPN7","DLG1"
"PSEN1","PDP1","DLG1"
"PSEN1","RPS6KA4","DLG1"
"PSEN1","HDAC3","DLG1"
"PSEN1","AXIN1","DLG1"
"PSEN1","PTPRR","DLG1"
"PSEN1","CDKN1B","DLG1"
"PSEN1","SKP2","DLG1"
"PSEN1","MAML1","DLG1"
"PSEN1","CDC25C","DLG1"
"PSEN1","WEE1","DLG1"
"PSEN1","CLASP2","DLG1"
"PSEN1","RHEB","DLG1"
"PSEN1","INPP5D","DLG1"
"PSEN1","TNFAIP1","DLG1"
"PSEN1","PHF8","DLG1"
"PSEN1","NF2","DLG1"
"PSEN1","MDC1","DLG1"
"PSEN1","MRE11","DLG1"
"PSEN1","FRAT1","DLG1"
"PSEN1","CBL","DLG1"
"PSEN1","RBBP8","DLG1"
"PSEN1","PCBP2","DLG1"
"PSEN1","SH2B3","DLG1"
"PSEN1","HDAC1","DLG1"
"PSEN1","GRB14","DLG1"
"PSEN1","PRKAR1A","DLG1"
"PSEN1","NOTCH2","DLG1"
"PSEN1","BAZ1B","DLG1"
"PSEN1","PLCG2","DLG1"
"PSEN1","STK3/4","CTTN"
"PSEN1","ACP1","CTTN"
"PSEN1","PTPN6","CTTN"
"PSEN1","STK4","CTTN"
"PSEN1","RPS6KB1","CTTN"
"PSEN1","CHEK1","CTTN"
"PSEN1","EIF2AK2","CTTN"
"PSEN1","STK3","CTTN"
"PSEN1","DOK1","CTTN"
"PSEN1","CDC25A","CTTN"
"PSEN1","MARK2","CTTN"
"PSEN1","PHLPP1","CTTN"
"PSEN1","CALM3","CTTN"
"PSEN1","YAP1","CTTN"
"PSEN1","DEF6","CTTN"
"PSEN1","CAMKK2","CTTN"
"PSEN1","PTPN7","CTTN"
"PSEN1","PDP1","CTTN"
"PSEN1","RPS6KA4","CTTN"
"PSEN1","HDAC3","CTTN"
"PSEN1","AXIN1","CTTN"
"PSEN1","PTPRR","CTTN"
"PSEN1","CDKN1B","CTTN"
"PSEN1","SKP2","CTTN"
"PSEN1","MAML1","CTTN"
"PSEN1","CDC25C","CTTN"
"PSEN1","WEE1","CTTN"
"PSEN1","CLASP2","CTTN"
"PSEN1","RHEB","CTTN"
"PSEN1","INPP5D","CTTN"
"PSEN1","TNFAIP1","CTTN"
"PSEN1","PHF8","CTTN"
"PSEN1","NF2","CTTN"
"PSEN1","MDC1","CTTN"
"PSEN1","MRE11","CTTN"
"PSEN1","FRAT1","CTTN"
"PSEN1","CBL","CTTN"
"PSEN1","RBBP8","CTTN"
"PSEN1","PCBP2","CTTN"
"PSEN1","SH2B3","CTTN"
"PSEN1","HDAC1","CTTN"
"PSEN1","GRB14","CTTN"
"PSEN1","PRKAR1A","CTTN"
"PSEN1","NOTCH2","CTTN"
"PSEN1","BAZ1B","CTTN"
"PSEN1","PLCG2","CTTN"
"PSEN1","STK3/4","SMAD2"
"PSEN1","ACP1","SMAD2"
"PSEN1","PTPN6","SMAD2"
"PSEN1","STK4","SMAD2"
"PSEN1","RPS6KB1","SMAD2"
"PSEN1","CHEK1","SMAD2"
"PSEN1","EIF2AK2","SMAD2"
"PSEN1","STK3","SMAD2"
"PSEN1","DOK1","SMAD2"
"PSEN1","CDC25A","SMAD2"
"PSEN1","MARK2","SMAD2"
"PSEN1","PHLPP1","SMAD2"
"PSEN1","CALM3","SMAD2"
"PSEN1","YAP1","SMAD2"
"PSEN1","DEF6","SMAD2"
"PSEN1","CAMKK2","SMAD2"
"PSEN1","PTPN7","SMAD2"
"PSEN1","PDP1","SMAD2"
"PSEN1","RPS6KA4","SMAD2"
"PSEN1","HDAC3","SMAD2"
"PSEN1","AXIN1","SMAD2"
"PSEN1","PTPRR","SMAD2"
"PSEN1","CDKN1B","SMAD2"
"PSEN1","SKP2","SMAD2"
"PSEN1","MAML1","SMAD2"
"PSEN1","CDC25C","SMAD2"
"PSEN1","WEE1","SMAD2"
"PSEN1","CLASP2","SMAD2"
"PSEN1","RHEB","SMAD2"
"PSEN1","INPP5D","SMAD2"
"PSEN1","TNFAIP1","SMAD2"
"PSEN1","PHF8","SMAD2"
"PSEN1","NF2","SMAD2"
"PSEN1","MDC1","SMAD2"
"PSEN1","MRE11","SMAD2"
"PSEN1","FRAT1","SMAD2"
"PSEN1","CBL","SMAD2"
"PSEN1","RBBP8","SMAD2"
"PSEN1","PCBP2","SMAD2"
"PSEN1","SH2B3","SMAD2"
"PSEN1","HDAC1","SMAD2"
"PSEN1","GRB14","SMAD2"
"PSEN1","PRKAR1A","SMAD2"
"PSEN1","NOTCH2","SMAD2"
"PSEN1","BAZ1B","SMAD2"
"PSEN1","PLCG2","SMAD2"
"PSEN1","STK3/4","CDC25B"
"PSEN1","ACP1","CDC25B"
"PSEN1","PTPN6","CDC25B"
"PSEN1","STK4","CDC25B"
"PSEN1","RPS6KB1","CDC25B"
"PSEN1","CHEK1","CDC25B"
"PSEN1","EIF2AK2","CDC25B"
"PSEN1","STK3","CDC25B"
"PSEN1","DOK1","CDC25B"
"PSEN1","CDC25A","CDC25B"
"PSEN1","MARK2","CDC25B"
"PSEN1","PHLPP1","CDC25B"
"PSEN1","CALM3","CDC25B"
"PSEN1","YAP1","CDC25B"
"PSEN1","DEF6","CDC25B"
"PSEN1","CAMKK2","CDC25B"
"PSEN1","PTPN7","CDC25B"
"PSEN1","PDP1","CDC25B"
"PSEN1","RPS6KA4","CDC25B"
"PSEN1","HDAC3","CDC25B"
"PSEN1","AXIN1","CDC25B"
"PSEN1","PTPRR","CDC25B"
"PSEN1","CDKN1B","CDC25B"
"PSEN1","SKP2","CDC25B"
"PSEN1","MAML1","CDC25B"
"PSEN1","CDC25C","CDC25B"
"PSEN1","WEE1","CDC25B"
"PSEN1","CLASP2","CDC25B"
"PSEN1","RHEB","CDC25B"
"PSEN1","INPP5D","CDC25B"
"PSEN1","TNFAIP1","CDC25B"
"PSEN1","PHF8","CDC25B"
"PSEN1","NF2","CDC25B"
"PSEN1","MDC1","CDC25B"
"PSEN1","MRE11","CDC25B"
"PSEN1","FRAT1","CDC25B"
"PSEN1","CBL","CDC25B"
"PSEN1","RBBP8","CDC25B"
"PSEN1","PCBP2","CDC25B"
"PSEN1","SH2B3","CDC25B"
"PSEN1","HDAC1","CDC25B"
"PSEN1","GRB14","CDC25B"
"PSEN1","PRKAR1A","CDC25B"
"PSEN1","NOTCH2","CDC25B"
"PSEN1","BAZ1B","CDC25B"
"PSEN1","PLCG2","CDC25B"
"PSEN1","STK3/4","ETS1"
"PSEN1","ACP1","ETS1"
"PSEN1","PTPN6","ETS1"
"PSEN1","STK4","ETS1"
"PSEN1","RPS6KB1","ETS1"
"PSEN1","CHEK1","ETS1"
"PSEN1","EIF2AK2","ETS1"
"PSEN1","STK3","ETS1"
"PSEN1","DOK1","ETS1"
"PSEN1","CDC25A","ETS1"
"PSEN1","MARK2","ETS1"
"PSEN1","PHLPP1","ETS1"
"PSEN1","CALM3","ETS1"
"PSEN1","YAP1","ETS1"
"PSEN1","DEF6","ETS1"
"PSEN1","CAMKK2","ETS1"
"PSEN1","PTPN7","ETS1"
"PSEN1","PDP1","ETS1"
"PSEN1","RPS6KA4","ETS1"
"PSEN1","HDAC3","ETS1"
"PSEN1","AXIN1","ETS1"
"PSEN1","PTPRR","ETS1"
"PSEN1","CDKN1B","ETS1"
"PSEN1","SKP2","ETS1"
"PSEN1","MAML1","ETS1"
"PSEN1","CDC25C","ETS1"
"PSEN1","WEE1","ETS1"
"PSEN1","CLASP2","ETS1"
"PSEN1","RHEB","ETS1"
"PSEN1","INPP5D","ETS1"
"PSEN1","TNFAIP1","ETS1"
"PSEN1","PHF8","ETS1"
"PSEN1","NF2","ETS1"
"PSEN1","MDC1","ETS1"
"PSEN1","MRE11","ETS1"
"PSEN1","FRAT1","ETS1"
"PSEN1","CBL","ETS1"
"PSEN1","RBBP8","ETS1"
"PSEN1","PCBP2","ETS1"
"PSEN1","SH2B3","ETS1"
"PSEN1","HDAC1","ETS1"
"PSEN1","GRB14","ETS1"
"PSEN1","PRKAR1A","ETS1"
"PSEN1","NOTCH2","ETS1"
"PSEN1","BAZ1B","ETS1"
"PSEN1","PLCG2","ETS1"
"PSEN1","STK3/4","SPI1"
"PSEN1","ACP1","SPI1"
"PSEN1","PTPN6","SPI1"
"PSEN1","STK4","SPI1"
"PSEN1","RPS6KB1","SPI1"
"PSEN1","CHEK1","SPI1"
"PSEN1","EIF2AK2","SPI1"
"PSEN1","STK3","SPI1"
"PSEN1","DOK1","SPI1"
"PSEN1","CDC25A","SPI1"
"PSEN1","MARK2","SPI1"
"PSEN1","PHLPP1","SPI1"
"PSEN1","CALM3","SPI1"
"PSEN1","YAP1","SPI1"
"PSEN1","DEF6","SPI1"
"PSEN1","CAMKK2","SPI1"
"PSEN1","PTPN7","SPI1"
"PSEN1","PDP1","SPI1"
"PSEN1","RPS6KA4","SPI1"
"PSEN1","HDAC3","SPI1"
"PSEN1","AXIN1","SPI1"
"PSEN1","PTPRR","SPI1"
"PSEN1","CDKN1B","SPI1"
"PSEN1","SKP2","SPI1"
"PSEN1","MAML1","SPI1"
"PSEN1","CDC25C","SPI1"
"PSEN1","WEE1","SPI1"
"PSEN1","CLASP2","SPI1"
"PSEN1","RHEB","SPI1"
"PSEN1","INPP5D","SPI1"
"PSEN1","TNFAIP1","SPI1"
"PSEN1","PHF8","SPI1"
"PSEN1","NF2","SPI1"
"PSEN1","MDC1","SPI1"
"PSEN1","MRE11","SPI1"
"PSEN1","FRAT1","SPI1"
"PSEN1","CBL","SPI1"
"PSEN1","RBBP8","SPI1"
"PSEN1","PCBP2","SPI1"
"PSEN1","SH2B3","SPI1"
"PSEN1","HDAC1","SPI1"
"PSEN1","GRB14","SPI1"
"PSEN1","PRKAR1A","SPI1"
"PSEN1","NOTCH2","SPI1"
"PSEN1","BAZ1B","SPI1"
"PSEN1","PLCG2","SPI1"
"PSEN1","STK3/4","PIAS1"
"PSEN1","ACP1","PIAS1"
"PSEN1","PTPN6","PIAS1"
"PSEN1","STK4","PIAS1"
"PSEN1","RPS6KB1","PIAS1"
"PSEN1","CHEK1","PIAS1"
"PSEN1","EIF2AK2","PIAS1"
"PSEN1","STK3","PIAS1"
"PSEN1","DOK1","PIAS1"
"PSEN1","CDC25A","PIAS1"
"PSEN1","MARK2","PIAS1"
"PSEN1","PHLPP1","PIAS1"
"PSEN1","CALM3","PIAS1"
"PSEN1","YAP1","PIAS1"
"PSEN1","DEF6","PIAS1"
"PSEN1","CAMKK2","PIAS1"
"PSEN1","PTPN7","PIAS1"
"PSEN1","PDP1","PIAS1"
"PSEN1","RPS6KA4","PIAS1"
"PSEN1","HDAC3","PIAS1"
"PSEN1","AXIN1","PIAS1"
"PSEN1","PTPRR","PIAS1"
"PSEN1","CDKN1B","PIAS1"
"PSEN1","SKP2","PIAS1"
"PSEN1","MAML1","PIAS1"
"PSEN1","CDC25C","PIAS1"
"PSEN1","WEE1","PIAS1"
"PSEN1","CLASP2","PIAS1"
"PSEN1","RHEB","PIAS1"
"PSEN1","INPP5D","PIAS1"
"PSEN1","TNFAIP1","PIAS1"
"PSEN1","PHF8","PIAS1"
"PSEN1","NF2","PIAS1"
"PSEN1","MDC1","PIAS1"
"PSEN1","MRE11","PIAS1"
"PSEN1","FRAT1","PIAS1"
"PSEN1","CBL","PIAS1"
"PSEN1","RBBP8","PIAS1"
"PSEN1","PCBP2","PIAS1"
"PSEN1","SH2B3","PIAS1"
"PSEN1","HDAC1","PIAS1"
"PSEN1","GRB14","PIAS1"
"PSEN1","PRKAR1A","PIAS1"
"PSEN1","NOTCH2","PIAS1"
"PSEN1","BAZ1B","PIAS1"
"PSEN1","PLCG2","PIAS1"
"PSEN1","STK3/4","BIRC5"
"PSEN1","ACP1","BIRC5"
"PSEN1","PTPN6","BIRC5"
"PSEN1","STK4","BIRC5"
"PSEN1","RPS6KB1","BIRC5"
"PSEN1","CHEK1","BIRC5"
"PSEN1","EIF2AK2","BIRC5"
"PSEN1","STK3","BIRC5"
"PSEN1","DOK1","BIRC5"
"PSEN1","CDC25A","BIRC5"
"PSEN1","MARK2","BIRC5"
"PSEN1","PHLPP1","BIRC5"
"PSEN1","CALM3","BIRC5"
"PSEN1","YAP1","BIRC5"
"PSEN1","DEF6","BIRC5"
"PSEN1","CAMKK2","BIRC5"
"PSEN1","PTPN7","BIRC5"
"PSEN1","PDP1","BIRC5"
"PSEN1","RPS6KA4","BIRC5"
"PSEN1","HDAC3","BIRC5"
"PSEN1","AXIN1","BIRC5"
"PSEN1","PTPRR","BIRC5"
"PSEN1","CDKN1B","BIRC5"
"PSEN1","SKP2","BIRC5"
"PSEN1","MAML1","BIRC5"
"PSEN1","CDC25C","BIRC5"
"PSEN1","WEE1","BIRC5"
"PSEN1","CLASP2","BIRC5"
"PSEN1","RHEB","BIRC5"
"PSEN1","INPP5D","BIRC5"
"PSEN1","TNFAIP1","BIRC5"
"PSEN1","PHF8","BIRC5"
"PSEN1","NF2","BIRC5"
"PSEN1","MDC1","BIRC5"
"PSEN1","MRE11","BIRC5"
"PSEN1","FRAT1","BIRC5"
"PSEN1","CBL","BIRC5"
"PSEN1","RBBP8","BIRC5"
"PSEN1","PCBP2","BIRC5"
"PSEN1","SH2B3","BIRC5"
"PSEN1","HDAC1","BIRC5"
"PSEN1","GRB14","BIRC5"
"PSEN1","PRKAR1A","BIRC5"
"PSEN1","NOTCH2","BIRC5"
"PSEN1","BAZ1B","BIRC5"
"PSEN1","PLCG2","BIRC5"
"PSEN1","STK3/4","BCL2"
"PSEN1","ACP1","BCL2"
"PSEN1","PTPN6","BCL2"
"PSEN1","STK4","BCL2"
"PSEN1","RPS6KB1","BCL2"
"PSEN1","CHEK1","BCL2"
"PSEN1","EIF2AK2","BCL2"
"PSEN1","STK3","BCL2"
"PSEN1","DOK1","BCL2"
"PSEN1","CDC25A","BCL2"
"PSEN1","MARK2","BCL2"
"PSEN1","PHLPP1","BCL2"
"PSEN1","CALM3","BCL2"
"PSEN1","YAP1","BCL2"
"PSEN1","DEF6","BCL2"
"PSEN1","CAMKK2","BCL2"
"PSEN1","PTPN7","BCL2"
"PSEN1","PDP1","BCL2"
"PSEN1","RPS6KA4","BCL2"
"PSEN1","HDAC3","BCL2"
"PSEN1","AXIN1","BCL2"
"PSEN1","PTPRR","BCL2"
"PSEN1","CDKN1B","BCL2"
"PSEN1","SKP2","BCL2"
"PSEN1","MAML1","BCL2"
"PSEN1","CDC25C","BCL2"
"PSEN1","WEE1","BCL2"
"PSEN1","CLASP2","BCL2"
"PSEN1","RHEB","BCL2"
"PSEN1","INPP5D","BCL2"
"PSEN1","TNFAIP1","BCL2"
"PSEN1","PHF8","BCL2"
"PSEN1","NF2","BCL2"
"PSEN1","MDC1","BCL2"
"PSEN1","MRE11","BCL2"
"PSEN1","FRAT1","BCL2"
"PSEN1","CBL","BCL2"
"PSEN1","RBBP8","BCL2"
"PSEN1","PCBP2","BCL2"
"PSEN1","SH2B3","BCL2"
"PSEN1","HDAC1","BCL2"
"PSEN1","GRB14","BCL2"
"PSEN1","PRKAR1A","BCL2"
"PSEN1","NOTCH2","BCL2"
"PSEN1","BAZ1B","BCL2"
"PSEN1","PLCG2","BCL2"
"PSEN1","STK3/4","USP37"
"PSEN1","ACP1","USP37"
"PSEN1","PTPN6","USP37"
"PSEN1","STK4","USP37"
"PSEN1","RPS6KB1","USP37"
"PSEN1","CHEK1","USP37"
"PSEN1","EIF2AK2","USP37"
"PSEN1","STK3","USP37"
"PSEN1","DOK1","USP37"
"PSEN1","CDC25A","USP37"
"PSEN1","MARK2","USP37"
"PSEN1","PHLPP1","USP37"
"PSEN1","CALM3","USP37"
"PSEN1","YAP1","USP37"
"PSEN1","DEF6","USP37"
"PSEN1","CAMKK2","USP37"
"PSEN1","PTPN7","USP37"
"PSEN1","PDP1","USP37"
"PSEN1","RPS6KA4","USP37"
"PSEN1","HDAC3","USP37"
"PSEN1","AXIN1","USP37"
"PSEN1","PTPRR","USP37"
"PSEN1","CDKN1B","USP37"
"PSEN1","SKP2","USP37"
"PSEN1","MAML1","USP37"
"PSEN1","CDC25C","USP37"
"PSEN1","WEE1","USP37"
"PSEN1","CLASP2","USP37"
"PSEN1","RHEB","USP37"
"PSEN1","INPP5D","USP37"
"PSEN1","TNFAIP1","USP37"
"PSEN1","PHF8","USP37"
"PSEN1","NF2","USP37"
"PSEN1","MDC1","USP37"
"PSEN1","MRE11","USP37"
"PSEN1","FRAT1","USP37"
"PSEN1","CBL","USP37"
"PSEN1","RBBP8","USP37"
"PSEN1","PCBP2","USP37"
"PSEN1","SH2B3","USP37"
"PSEN1","HDAC1","USP37"
"PSEN1","GRB14","USP37"
"PSEN1","PRKAR1A","USP37"
"PSEN1","NOTCH2","USP37"
"PSEN1","BAZ1B","USP37"
"PSEN1","PLCG2","USP37"
"PSEN1","STK3/4","JUN"
"PSEN1","ACP1","JUN"
"PSEN1","PTPN6","JUN"
"PSEN1","STK4","JUN"
"PSEN1","RPS6KB1","JUN"
"PSEN1","CHEK1","JUN"
"PSEN1","EIF2AK2","JUN"
"PSEN1","STK3","JUN"
"PSEN1","DOK1","JUN"
"PSEN1","CDC25A","JUN"
"PSEN1","MARK2","JUN"
"PSEN1","PHLPP1","JUN"
"PSEN1","CALM3","JUN"
"PSEN1","YAP1","JUN"
"PSEN1","DEF6","JUN"
"PSEN1","CAMKK2","JUN"
"PSEN1","PTPN7","JUN"
"PSEN1","PDP1","JUN"
"PSEN1","RPS6KA4","JUN"
"PSEN1","HDAC3","JUN"
"PSEN1","AXIN1","JUN"
"PSEN1","PTPRR","JUN"
"PSEN1","CDKN1B","JUN"
"PSEN1","SKP2","JUN"
"PSEN1","MAML1","JUN"
"PSEN1","CDC25C","JUN"
"PSEN1","WEE1","JUN"
"PSEN1","CLASP2","JUN"
"PSEN1","RHEB","JUN"
"PSEN1","INPP5D","JUN"
"PSEN1","TNFAIP1","JUN"
"PSEN1","PHF8","JUN"
"PSEN1","NF2","JUN"
"PSEN1","MDC1","JUN"
"PSEN1","MRE11","JUN"
"PSEN1","FRAT1","JUN"
"PSEN1","CBL","JUN"
"PSEN1","RBBP8","JUN"
"PSEN1","PCBP2","JUN"
"PSEN1","SH2B3","JUN"
"PSEN1","HDAC1","JUN"
"PSEN1","GRB14","JUN"
"PSEN1","PRKAR1A","JUN"
"PSEN1","NOTCH2","JUN"
"PSEN1","BAZ1B","JUN"
"PSEN1","PLCG2","JUN"
"PSEN1","STK3/4","MYC"
"PSEN1","ACP1","MYC"
"PSEN1","PTPN6","MYC"
"PSEN1","STK4","MYC"
"PSEN1","RPS6KB1","MYC"
"PSEN1","CHEK1","MYC"
"PSEN1","EIF2AK2","MYC"
"PSEN1","STK3","MYC"
"PSEN1","DOK1","MYC"
"PSEN1","CDC25A","MYC"
"PSEN1","MARK2","MYC"
"PSEN1","PHLPP1","MYC"
"PSEN1","CALM3","MYC"
"PSEN1","YAP1","MYC"
"PSEN1","DEF6","MYC"
"PSEN1","CAMKK2","MYC"
"PSEN1","PTPN7","MYC"
"PSEN1","PDP1","MYC"
"PSEN1","RPS6KA4","MYC"
"PSEN1","HDAC3","MYC"
"PSEN1","AXIN1","MYC"
"PSEN1","PTPRR","MYC"
"PSEN1","CDKN1B","MYC"
"PSEN1","SKP2","MYC"
"PSEN1","MAML1","MYC"
"PSEN1","CDC25C","MYC"
"PSEN1","WEE1","MYC"
"PSEN1","CLASP2","MYC"
"PSEN1","RHEB","MYC"
"PSEN1","INPP5D","MYC"
"PSEN1","TNFAIP1","MYC"
"PSEN1","PHF8","MYC"
"PSEN1","NF2","MYC"
"PSEN1","MDC1","MYC"
"PSEN1","MRE11","MYC"
"PSEN1","FRAT1","MYC"
"PSEN1","CBL","MYC"
"PSEN1","RBBP8","MYC"
"PSEN1","PCBP2","MYC"
"PSEN1","SH2B3","MYC"
"PSEN1","HDAC1","MYC"
"PSEN1","GRB14","MYC"
"PSEN1","PRKAR1A","MYC"
"PSEN1","NOTCH2","MYC"
"PSEN1","BAZ1B","MYC"
"PSEN1","PLCG2","MYC"
"PSEN1","STK3/4","TCAP"
"PSEN1","ACP1","TCAP"
"PSEN1","PTPN6","TCAP"
"PSEN1","STK4","TCAP"
"PSEN1","RPS6KB1","TCAP"
"PSEN1","CHEK1","TCAP"
"PSEN1","EIF2AK2","TCAP"
"PSEN1","STK3","TCAP"
"PSEN1","DOK1","TCAP"
"PSEN1","CDC25A","TCAP"
"PSEN1","MARK2","TCAP"
"PSEN1","PHLPP1","TCAP"
"PSEN1","CALM3","TCAP"
"PSEN1","YAP1","TCAP"
"PSEN1","DEF6","TCAP"
"PSEN1","CAMKK2","TCAP"
"PSEN1","PTPN7","TCAP"
"PSEN1","PDP1","TCAP"
"PSEN1","RPS6KA4","TCAP"
"PSEN1","HDAC3","TCAP"
"PSEN1","AXIN1","TCAP"
"PSEN1","PTPRR","TCAP"
"PSEN1","CDKN1B","TCAP"
"PSEN1","SKP2","TCAP"
"PSEN1","MAML1","TCAP"
"PSEN1","CDC25C","TCAP"
"PSEN1","WEE1","TCAP"
"PSEN1","CLASP2","TCAP"
"PSEN1","RHEB","TCAP"
"PSEN1","INPP5D","TCAP"
"PSEN1","TNFAIP1","TCAP"
"PSEN1","PHF8","TCAP"
"PSEN1","NF2","TCAP"
"PSEN1","MDC1","TCAP"
"PSEN1","MRE11","TCAP"
"PSEN1","FRAT1","TCAP"
"PSEN1","CBL","TCAP"
"PSEN1","RBBP8","TCAP"
"PSEN1","PCBP2","TCAP"
"PSEN1","SH2B3","TCAP"
"PSEN1","HDAC1","TCAP"
"PSEN1","GRB14","TCAP"
"PSEN1","PRKAR1A","TCAP"
"PSEN1","NOTCH2","TCAP"
"PSEN1","BAZ1B","TCAP"
"PSEN1","PLCG2","TCAP"
"PSEN1","STK3/4","GAB1"
"PSEN1","ACP1","GAB1"
"PSEN1","PTPN6","GAB1"
"PSEN1","STK4","GAB1"
"PSEN1","RPS6KB1","GAB1"
"PSEN1","CHEK1","GAB1"
"PSEN1","EIF2AK2","GAB1"
"PSEN1","STK3","GAB1"
"PSEN1","DOK1","GAB1"
"PSEN1","CDC25A","GAB1"
"PSEN1","MARK2","GAB1"
"PSEN1","PHLPP1","GAB1"
"PSEN1","CALM3","GAB1"
"PSEN1","YAP1","GAB1"
"PSEN1","DEF6","GAB1"
"PSEN1","CAMKK2","GAB1"
"PSEN1","PTPN7","GAB1"
"PSEN1","PDP1","GAB1"
"PSEN1","RPS6KA4","GAB1"
"PSEN1","HDAC3","GAB1"
"PSEN1","AXIN1","GAB1"
"PSEN1","PTPRR","GAB1"
"PSEN1","CDKN1B","GAB1"
"PSEN1","SKP2","GAB1"
"PSEN1","MAML1","GAB1"
"PSEN1","CDC25C","GAB1"
"PSEN1","WEE1","GAB1"
"PSEN1","CLASP2","GAB1"
"PSEN1","RHEB","GAB1"
"PSEN1","INPP5D","GAB1"
"PSEN1","TNFAIP1","GAB1"
"PSEN1","PHF8","GAB1"
"PSEN1","NF2","GAB1"
"PSEN1","MDC1","GAB1"
"PSEN1","MRE11","GAB1"
"PSEN1","FRAT1","GAB1"
"PSEN1","CBL","GAB1"
"PSEN1","RBBP8","GAB1"
"PSEN1","PCBP2","GAB1"
"PSEN1","SH2B3","GAB1"
"PSEN1","HDAC1","GAB1"
"PSEN1","GRB14","GAB1"
"PSEN1","PRKAR1A","GAB1"
"PSEN1","NOTCH2","GAB1"
"PSEN1","BAZ1B","GAB1"
"PSEN1","PLCG2","GAB1"
"PSEN1","STK3/4","GRIPAP1"
"PSEN1","ACP1","GRIPAP1"
"PSEN1","PTPN6","GRIPAP1"
"PSEN1","STK4","GRIPAP1"
"PSEN1","RPS6KB1","GRIPAP1"
"PSEN1","CHEK1","GRIPAP1"
"PSEN1","EIF2AK2","GRIPAP1"
"PSEN1","STK3","GRIPAP1"
"PSEN1","DOK1","GRIPAP1"
"PSEN1","CDC25A","GRIPAP1"
"PSEN1","MARK2","GRIPAP1"
"PSEN1","PHLPP1","GRIPAP1"
"PSEN1","CALM3","GRIPAP1"
"PSEN1","YAP1","GRIPAP1"
"PSEN1","DEF6","GRIPAP1"
"PSEN1","CAMKK2","GRIPAP1"
"PSEN1","PTPN7","GRIPAP1"
"PSEN1","PDP1","GRIPAP1"
"PSEN1","RPS6KA4","GRIPAP1"
"PSEN1","HDAC3","GRIPAP1"
"PSEN1","AXIN1","GRIPAP1"
"PSEN1","PTPRR","GRIPAP1"
"PSEN1","CDKN1B","GRIPAP1"
"PSEN1","SKP2","GRIPAP1"
"PSEN1","MAML1","GRIPAP1"
"PSEN1","CDC25C","GRIPAP1"
"PSEN1","WEE1","GRIPAP1"
"PSEN1","CLASP2","GRIPAP1"
"PSEN1","RHEB","GRIPAP1"
"PSEN1","INPP5D","GRIPAP1"
"PSEN1","TNFAIP1","GRIPAP1"
"PSEN1","PHF8","GRIPAP1"
"PSEN1","NF2","GRIPAP1"
"PSEN1","MDC1","GRIPAP1"
"PSEN1","MRE11","GRIPAP1"
"PSEN1","FRAT1","GRIPAP1"
"PSEN1","CBL","GRIPAP1"
"PSEN1","RBBP8","GRIPAP1"
"PSEN1","PCBP2","GRIPAP1"
"PSEN1","SH2B3","GRIPAP1"
"PSEN1","HDAC1","GRIPAP1"
"PSEN1","GRB14","GRIPAP1"
"PSEN1","PRKAR1A","GRIPAP1"
"PSEN1","NOTCH2","GRIPAP1"
"PSEN1","BAZ1B","GRIPAP1"
"PSEN1","PLCG2","GRIPAP1"
"PSEN1","STK3/4","GRIP1"
"PSEN1","ACP1","GRIP1"
"PSEN1","PTPN6","GRIP1"
"PSEN1","STK4","GRIP1"
"PSEN1","RPS6KB1","GRIP1"
"PSEN1","CHEK1","GRIP1"
"PSEN1","EIF2AK2","GRIP1"
"PSEN1","STK3","GRIP1"
"PSEN1","DOK1","GRIP1"
"PSEN1","CDC25A","GRIP1"
"PSEN1","MARK2","GRIP1"
"PSEN1","PHLPP1","GRIP1"
"PSEN1","CALM3","GRIP1"
"PSEN1","YAP1","GRIP1"
"PSEN1","DEF6","GRIP1"
"PSEN1","CAMKK2","GRIP1"
"PSEN1","PTPN7","GRIP1"
"PSEN1","PDP1","GRIP1"
"PSEN1","RPS6KA4","GRIP1"
"PSEN1","HDAC3","GRIP1"
"PSEN1","AXIN1","GRIP1"
"PSEN1","PTPRR","GRIP1"
"PSEN1","CDKN1B","GRIP1"
"PSEN1","SKP2","GRIP1"
"PSEN1","MAML1","GRIP1"
"PSEN1","CDC25C","GRIP1"
"PSEN1","WEE1","GRIP1"
"PSEN1","CLASP2","GRIP1"
"PSEN1","RHEB","GRIP1"
"PSEN1","INPP5D","GRIP1"
"PSEN1","TNFAIP1","GRIP1"
"PSEN1","PHF8","GRIP1"
"PSEN1","NF2","GRIP1"
"PSEN1","MDC1","GRIP1"
"PSEN1","MRE11","GRIP1"
"PSEN1","FRAT1","GRIP1"
"PSEN1","CBL","GRIP1"
"PSEN1","RBBP8","GRIP1"
"PSEN1","PCBP2","GRIP1"
"PSEN1","SH2B3","GRIP1"
"PSEN1","HDAC1","GRIP1"
"PSEN1","GRB14","GRIP1"
"PSEN1","PRKAR1A","GRIP1"
"PSEN1","NOTCH2","GRIP1"
"PSEN1","BAZ1B","GRIP1"
"PSEN1","PLCG2","GRIP1"
"PSEN1","STK3/4","HSPA8"
"PSEN1","ACP1","HSPA8"
"PSEN1","PTPN6","HSPA8"
"PSEN1","STK4","HSPA8"
"PSEN1","RPS6KB1","HSPA8"
"PSEN1","CHEK1","HSPA8"
"PSEN1","EIF2AK2","HSPA8"
"PSEN1","STK3","HSPA8"
"PSEN1","DOK1","HSPA8"
"PSEN1","CDC25A","HSPA8"
"PSEN1","MARK2","HSPA8"
"PSEN1","PHLPP1","HSPA8"
"PSEN1","CALM3","HSPA8"
"PSEN1","YAP1","HSPA8"
"PSEN1","DEF6","HSPA8"
"PSEN1","CAMKK2","HSPA8"
"PSEN1","PTPN7","HSPA8"
"PSEN1","PDP1","HSPA8"
"PSEN1","RPS6KA4","HSPA8"
"PSEN1","HDAC3","HSPA8"
"PSEN1","AXIN1","HSPA8"
"PSEN1","PTPRR","HSPA8"
"PSEN1","CDKN1B","HSPA8"
"PSEN1","SKP2","HSPA8"
"PSEN1","MAML1","HSPA8"
"PSEN1","CDC25C","HSPA8"
"PSEN1","WEE1","HSPA8"
"PSEN1","CLASP2","HSPA8"
"PSEN1","RHEB","HSPA8"
"PSEN1","INPP5D","HSPA8"
"PSEN1","TNFAIP1","HSPA8"
"PSEN1","PHF8","HSPA8"
"PSEN1","NF2","HSPA8"
"PSEN1","MDC1","HSPA8"
"PSEN1","MRE11","HSPA8"
"PSEN1","FRAT1","HSPA8"
"PSEN1","CBL","HSPA8"
"PSEN1","RBBP8","HSPA8"
"PSEN1","PCBP2","HSPA8"
"PSEN1","SH2B3","HSPA8"
"PSEN1","HDAC1","HSPA8"
"PSEN1","GRB14","HSPA8"
"PSEN1","PRKAR1A","HSPA8"
"PSEN1","NOTCH2","HSPA8"
"PSEN1","BAZ1B","HSPA8"
"PSEN1","PLCG2","HSPA8"
"PSEN1","STK3/4","KHDRBS1"
"PSEN1","ACP1","KHDRBS1"
"PSEN1","PTPN6","KHDRBS1"
"PSEN1","STK4","KHDRBS1"
"PSEN1","RPS6KB1","KHDRBS1"
"PSEN1","CHEK1","KHDRBS1"
"PSEN1","EIF2AK2","KHDRBS1"
"PSEN1","STK3","KHDRBS1"
"PSEN1","DOK1","KHDRBS1"
"PSEN1","CDC25A","KHDRBS1"
"PSEN1","MARK2","KHDRBS1"
"PSEN1","PHLPP1","KHDRBS1"
"PSEN1","CALM3","KHDRBS1"
"PSEN1","YAP1","KHDRBS1"
"PSEN1","DEF6","KHDRBS1"
"PSEN1","CAMKK2","KHDRBS1"
"PSEN1","PTPN7","KHDRBS1"
"PSEN1","PDP1","KHDRBS1"
"PSEN1","RPS6KA4","KHDRBS1"
"PSEN1","HDAC3","KHDRBS1"
"PSEN1","AXIN1","KHDRBS1"
"PSEN1","PTPRR","KHDRBS1"
"PSEN1","CDKN1B","KHDRBS1"
"PSEN1","SKP2","KHDRBS1"
"PSEN1","MAML1","KHDRBS1"
"PSEN1","CDC25C","KHDRBS1"
"PSEN1","WEE1","KHDRBS1"
"PSEN1","CLASP2","KHDRBS1"
"PSEN1","RHEB","KHDRBS1"
"PSEN1","INPP5D","KHDRBS1"
"PSEN1","TNFAIP1","KHDRBS1"
"PSEN1","PHF8","KHDRBS1"
"PSEN1","NF2","KHDRBS1"
"PSEN1","MDC1","KHDRBS1"
"PSEN1","MRE11","KHDRBS1"
"PSEN1","FRAT1","KHDRBS1"
"PSEN1","CBL","KHDRBS1"
"PSEN1","RBBP8","KHDRBS1"
"PSEN1","PCBP2","KHDRBS1"
"PSEN1","SH2B3","KHDRBS1"
"PSEN1","HDAC1","KHDRBS1"
"PSEN1","GRB14","KHDRBS1"
"PSEN1","PRKAR1A","KHDRBS1"
"PSEN1","NOTCH2","KHDRBS1"
"PSEN1","BAZ1B","KHDRBS1"
"PSEN1","PLCG2","KHDRBS1"
"PSEN1","STK3/4","KLF1"
"PSEN1","ACP1","KLF1"
"PSEN1","PTPN6","KLF1"
"PSEN1","STK4","KLF1"
"PSEN1","RPS6KB1","KLF1"
"PSEN1","CHEK1","KLF1"
"PSEN1","EIF2AK2","KLF1"
"PSEN1","STK3","KLF1"
"PSEN1","DOK1","KLF1"
"PSEN1","CDC25A","KLF1"
"PSEN1","MARK2","KLF1"
"PSEN1","PHLPP1","KLF1"
"PSEN1","CALM3","KLF1"
"PSEN1","YAP1","KLF1"
"PSEN1","DEF6","KLF1"
"PSEN1","CAMKK2","KLF1"
"PSEN1","PTPN7","KLF1"
"PSEN1","PDP1","KLF1"
"PSEN1","RPS6KA4","KLF1"
"PSEN1","HDAC3","KLF1"
"PSEN1","AXIN1","KLF1"
"PSEN1","PTPRR","KLF1"
"PSEN1","CDKN1B","KLF1"
"PSEN1","SKP2","KLF1"
"PSEN1","MAML1","KLF1"
"PSEN1","CDC25C","KLF1"
"PSEN1","WEE1","KLF1"
"PSEN1","CLASP2","KLF1"
"PSEN1","RHEB","KLF1"
"PSEN1","INPP5D","KLF1"
"PSEN1","TNFAIP1","KLF1"
"PSEN1","PHF8","KLF1"
"PSEN1","NF2","KLF1"
"PSEN1","MDC1","KLF1"
"PSEN1","MRE11","KLF1"
"PSEN1","FRAT1","KLF1"
"PSEN1","CBL","KLF1"
"PSEN1","RBBP8","KLF1"
"PSEN1","PCBP2","KLF1"
"PSEN1","SH2B3","KLF1"
"PSEN1","HDAC1","KLF1"
"PSEN1","GRB14","KLF1"
"PSEN1","PRKAR1A","KLF1"
"PSEN1","NOTCH2","KLF1"
"PSEN1","BAZ1B","KLF1"
"PSEN1","PLCG2","KLF1"
"PSEN1","STK3/4","ESR1"
"PSEN1","ACP1","ESR1"
"PSEN1","PTPN6","ESR1"
"PSEN1","STK4","ESR1"
"PSEN1","RPS6KB1","ESR1"
"PSEN1","CHEK1","ESR1"
"PSEN1","EIF2AK2","ESR1"
"PSEN1","STK3","ESR1"
"PSEN1","DOK1","ESR1"
"PSEN1","CDC25A","ESR1"
"PSEN1","MARK2","ESR1"
"PSEN1","PHLPP1","ESR1"
"PSEN1","CALM3","ESR1"
"PSEN1","YAP1","ESR1"
"PSEN1","DEF6","ESR1"
"PSEN1","CAMKK2","ESR1"
"PSEN1","PTPN7","ESR1"
"PSEN1","PDP1","ESR1"
"PSEN1","RPS6KA4","ESR1"
"PSEN1","HDAC3","ESR1"
"PSEN1","AXIN1","ESR1"
"PSEN1","PTPRR","ESR1"
"PSEN1","CDKN1B","ESR1"
"PSEN1","SKP2","ESR1"
"PSEN1","MAML1","ESR1"
"PSEN1","CDC25C","ESR1"
"PSEN1","WEE1","ESR1"
"PSEN1","CLASP2","ESR1"
"PSEN1","RHEB","ESR1"
"PSEN1","INPP5D","ESR1"
"PSEN1","TNFAIP1","ESR1"
"PSEN1","PHF8","ESR1"
"PSEN1","NF2","ESR1"
"PSEN1","MDC1","ESR1"
"PSEN1","MRE11","ESR1"
"PSEN1","FRAT1","ESR1"
"PSEN1","CBL","ESR1"
"PSEN1","RBBP8","ESR1"
"PSEN1","PCBP2","ESR1"
"PSEN1","SH2B3","ESR1"
"PSEN1","HDAC1","ESR1"
"PSEN1","GRB14","ESR1"
"PSEN1","PRKAR1A","ESR1"
"PSEN1","NOTCH2","ESR1"
"PSEN1","BAZ1B","ESR1"
"PSEN1","PLCG2","ESR1"
"PSEN1","STK3/4","WEE1"
"PSEN1","ACP1","WEE1"
"PSEN1","PTPN6","WEE1"
"PSEN1","STK4","WEE1"
"PSEN1","RPS6KB1","WEE1"
"PSEN1","CHEK1","WEE1"
"PSEN1","EIF2AK2","WEE1"
"PSEN1","STK3","WEE1"
"PSEN1","DOK1","WEE1"
"PSEN1","CDC25A","WEE1"
"PSEN1","MARK2","WEE1"
"PSEN1","PHLPP1","WEE1"
"PSEN1","CALM3","WEE1"
"PSEN1","YAP1","WEE1"
"PSEN1","DEF6","WEE1"
"PSEN1","CAMKK2","WEE1"
"PSEN1","PTPN7","WEE1"
"PSEN1","PDP1","WEE1"
"PSEN1","RPS6KA4","WEE1"
"PSEN1","HDAC3","WEE1"
"PSEN1","AXIN1","WEE1"
"PSEN1","PTPRR","WEE1"
"PSEN1","CDKN1B","WEE1"
"PSEN1","SKP2","WEE1"
"PSEN1","MAML1","WEE1"
"PSEN1","CDC25C","WEE1"
"PSEN1","CLASP2","WEE1"
"PSEN1","RHEB","WEE1"
"PSEN1","INPP5D","WEE1"
"PSEN1","TNFAIP1","WEE1"
"PSEN1","PHF8","WEE1"
"PSEN1","NF2","WEE1"
"PSEN1","MDC1","WEE1"
"PSEN1","MRE11","WEE1"
"PSEN1","FRAT1","WEE1"
"PSEN1","CBL","WEE1"
"PSEN1","RBBP8","WEE1"
"PSEN1","PCBP2","WEE1"
"PSEN1","SH2B3","WEE1"
"PSEN1","HDAC1","WEE1"
"PSEN1","GRB14","WEE1"
"PSEN1","PRKAR1A","WEE1"
"PSEN1","NOTCH2","WEE1"
"PSEN1","BAZ1B","WEE1"
"PSEN1","PLCG2","WEE1"
"PSEN1","STK3/4","PRRX1"
"PSEN1","ACP1","PRRX1"
"PSEN1","PTPN6","PRRX1"
"PSEN1","STK4","PRRX1"
"PSEN1","RPS6KB1","PRRX1"
"PSEN1","CHEK1","PRRX1"
"PSEN1","EIF2AK2","PRRX1"
"PSEN1","STK3","PRRX1"
"PSEN1","DOK1","PRRX1"
"PSEN1","CDC25A","PRRX1"
"PSEN1","MARK2","PRRX1"
"PSEN1","PHLPP1","PRRX1"
"PSEN1","CALM3","PRRX1"
"PSEN1","YAP1","PRRX1"
"PSEN1","DEF6","PRRX1"
"PSEN1","CAMKK2","PRRX1"
"PSEN1","PTPN7","PRRX1"
"PSEN1","PDP1","PRRX1"
"PSEN1","RPS6KA4","PRRX1"
"PSEN1","HDAC3","PRRX1"
"PSEN1","AXIN1","PRRX1"
"PSEN1","PTPRR","PRRX1"
"PSEN1","CDKN1B","PRRX1"
"PSEN1","SKP2","PRRX1"
"PSEN1","MAML1","PRRX1"
"PSEN1","CDC25C","PRRX1"
"PSEN1","WEE1","PRRX1"
"PSEN1","CLASP2","PRRX1"
"PSEN1","RHEB","PRRX1"
"PSEN1","INPP5D","PRRX1"
"PSEN1","TNFAIP1","PRRX1"
"PSEN1","PHF8","PRRX1"
"PSEN1","NF2","PRRX1"
"PSEN1","MDC1","PRRX1"
"PSEN1","MRE11","PRRX1"
"PSEN1","FRAT1","PRRX1"
"PSEN1","CBL","PRRX1"
"PSEN1","RBBP8","PRRX1"
"PSEN1","PCBP2","PRRX1"
"PSEN1","SH2B3","PRRX1"
"PSEN1","HDAC1","PRRX1"
"PSEN1","GRB14","PRRX1"
"PSEN1","PRKAR1A","PRRX1"
"PSEN1","NOTCH2","PRRX1"
"PSEN1","BAZ1B","PRRX1"
"PSEN1","PLCG2","PRRX1"
"PSEN1","STK3/4","MYLK"
"PSEN1","ACP1","MYLK"
"PSEN1","PTPN6","MYLK"
"PSEN1","STK4","MYLK"
"PSEN1","RPS6KB1","MYLK"
"PSEN1","CHEK1","MYLK"
"PSEN1","EIF2AK2","MYLK"
"PSEN1","STK3","MYLK"
"PSEN1","DOK1","MYLK"
"PSEN1","CDC25A","MYLK"
"PSEN1","MARK2","MYLK"
"PSEN1","PHLPP1","MYLK"
"PSEN1","CALM3","MYLK"
"PSEN1","YAP1","MYLK"
"PSEN1","DEF6","MYLK"
"PSEN1","CAMKK2","MYLK"
"PSEN1","PTPN7","MYLK"
"PSEN1","PDP1","MYLK"
"PSEN1","RPS6KA4","MYLK"
"PSEN1","HDAC3","MYLK"
"PSEN1","AXIN1","MYLK"
"PSEN1","PTPRR","MYLK"
"PSEN1","CDKN1B","MYLK"
"PSEN1","SKP2","MYLK"
"PSEN1","MAML1","MYLK"
"PSEN1","CDC25C","MYLK"
"PSEN1","WEE1","MYLK"
"PSEN1","CLASP2","MYLK"
"PSEN1","RHEB","MYLK"
"PSEN1","INPP5D","MYLK"
"PSEN1","TNFAIP1","MYLK"
"PSEN1","PHF8","MYLK"
"PSEN1","NF2","MYLK"
"PSEN1","MDC1","MYLK"
"PSEN1","MRE11","MYLK"
"PSEN1","FRAT1","MYLK"
"PSEN1","CBL","MYLK"
"PSEN1","RBBP8","MYLK"
"PSEN1","PCBP2","MYLK"
"PSEN1","SH2B3","MYLK"
"PSEN1","HDAC1","MYLK"
"PSEN1","GRB14","MYLK"
"PSEN1","PRKAR1A","MYLK"
"PSEN1","NOTCH2","MYLK"
"PSEN1","BAZ1B","MYLK"
"PSEN1","PLCG2","MYLK"
"PSEN1","STK3/4","SRPK2"
"PSEN1","ACP1","SRPK2"
"PSEN1","PTPN6","SRPK2"
"PSEN1","STK4","SRPK2"
"PSEN1","CHEK1","SRPK2"
"PSEN1","EIF2AK2","SRPK2"
"PSEN1","STK3","SRPK2"
"PSEN1","DOK1","SRPK2"
"PSEN1","CDC25A","SRPK2"
"PSEN1","MARK2","SRPK2"
"PSEN1","PHLPP1","SRPK2"
"PSEN1","CALM3","SRPK2"
"PSEN1","YAP1","SRPK2"
"PSEN1","DEF6","SRPK2"
"PSEN1","CAMKK2","SRPK2"
"PSEN1","PTPN7","SRPK2"
"PSEN1","PDP1","SRPK2"
"PSEN1","RPS6KA4","SRPK2"
"PSEN1","HDAC3","SRPK2"
"PSEN1","AXIN1","SRPK2"
"PSEN1","PTPRR","SRPK2"
"PSEN1","CDKN1B","SRPK2"
"PSEN1","SKP2","SRPK2"
"PSEN1","MAML1","SRPK2"
"PSEN1","CDC25C","SRPK2"
"PSEN1","WEE1","SRPK2"
"PSEN1","CLASP2","SRPK2"
"PSEN1","RHEB","SRPK2"
"PSEN1","INPP5D","SRPK2"
"PSEN1","TNFAIP1","SRPK2"
"PSEN1","PHF8","SRPK2"
"PSEN1","NF2","SRPK2"
"PSEN1","MDC1","SRPK2"
"PSEN1","MRE11","SRPK2"
"PSEN1","FRAT1","SRPK2"
"PSEN1","CBL","SRPK2"
"PSEN1","RBBP8","SRPK2"
"PSEN1","PCBP2","SRPK2"
"PSEN1","SH2B3","SRPK2"
"PSEN1","HDAC1","SRPK2"
"PSEN1","GRB14","SRPK2"
"PSEN1","PRKAR1A","SRPK2"
"PSEN1","NOTCH2","SRPK2"
"PSEN1","BAZ1B","SRPK2"
"PSEN1","PLCG2","SRPK2"
"PSEN1","STK3/4","MYOG"
"PSEN1","ACP1","MYOG"
"PSEN1","PTPN6","MYOG"
"PSEN1","STK4","MYOG"
"PSEN1","RPS6KB1","MYOG"
"PSEN1","CHEK1","MYOG"
"PSEN1","EIF2AK2","MYOG"
"PSEN1","STK3","MYOG"
"PSEN1","DOK1","MYOG"
"PSEN1","CDC25A","MYOG"
"PSEN1","MARK2","MYOG"
"PSEN1","PHLPP1","MYOG"
"PSEN1","CALM3","MYOG"
"PSEN1","YAP1","MYOG"
"PSEN1","DEF6","MYOG"
"PSEN1","CAMKK2","MYOG"
"PSEN1","PTPN7","MYOG"
"PSEN1","PDP1","MYOG"
"PSEN1","RPS6KA4","MYOG"
"PSEN1","HDAC3","MYOG"
"PSEN1","AXIN1","MYOG"
"PSEN1","PTPRR","MYOG"
"PSEN1","CDKN1B","MYOG"
"PSEN1","SKP2","MYOG"
"PSEN1","MAML1","MYOG"
"PSEN1","CDC25C","MYOG"
"PSEN1","WEE1","MYOG"
"PSEN1","CLASP2","MYOG"
"PSEN1","RHEB","MYOG"
"PSEN1","INPP5D","MYOG"
"PSEN1","TNFAIP1","MYOG"
"PSEN1","PHF8","MYOG"
"PSEN1","NF2","MYOG"
"PSEN1","MDC1","MYOG"
"PSEN1","MRE11","MYOG"
"PSEN1","FRAT1","MYOG"
"PSEN1","CBL","MYOG"
"PSEN1","RBBP8","MYOG"
"PSEN1","PCBP2","MYOG"
"PSEN1","SH2B3","MYOG"
"PSEN1","HDAC1","MYOG"
"PSEN1","GRB14","MYOG"
"PSEN1","PRKAR1A","MYOG"
"PSEN1","NOTCH2","MYOG"
"PSEN1","BAZ1B","MYOG"
"PSEN1","PLCG2","MYOG"
"PSEN1","STK3/4","CLASP2"
"PSEN1","ACP1","CLASP2"
"PSEN1","PTPN6","CLASP2"
"PSEN1","STK4","CLASP2"
"PSEN1","RPS6KB1","CLASP2"
"PSEN1","CHEK1","CLASP2"
"PSEN1","EIF2AK2","CLASP2"
"PSEN1","STK3","CLASP2"
"PSEN1","DOK1","CLASP2"
"PSEN1","CDC25A","CLASP2"
"PSEN1","MARK2","CLASP2"
"PSEN1","PHLPP1","CLASP2"
"PSEN1","CALM3","CLASP2"
"PSEN1","YAP1","CLASP2"
"PSEN1","DEF6","CLASP2"
"PSEN1","CAMKK2","CLASP2"
"PSEN1","PTPN7","CLASP2"
"PSEN1","PDP1","CLASP2"
"PSEN1","RPS6KA4","CLASP2"
"PSEN1","HDAC3","CLASP2"
"PSEN1","AXIN1","CLASP2"
"PSEN1","PTPRR","CLASP2"
"PSEN1","CDKN1B","CLASP2"
"PSEN1","SKP2","CLASP2"
"PSEN1","MAML1","CLASP2"
"PSEN1","CDC25C","CLASP2"
"PSEN1","WEE1","CLASP2"
"PSEN1","RHEB","CLASP2"
"PSEN1","INPP5D","CLASP2"
"PSEN1","TNFAIP1","CLASP2"
"PSEN1","PHF8","CLASP2"
"PSEN1","NF2","CLASP2"
"PSEN1","MDC1","CLASP2"
"PSEN1","MRE11","CLASP2"
"PSEN1","FRAT1","CLASP2"
"PSEN1","CBL","CLASP2"
"PSEN1","RBBP8","CLASP2"
"PSEN1","PCBP2","CLASP2"
"PSEN1","SH2B3","CLASP2"
"PSEN1","HDAC1","CLASP2"
"PSEN1","GRB14","CLASP2"
"PSEN1","PRKAR1A","CLASP2"
"PSEN1","NOTCH2","CLASP2"
"PSEN1","BAZ1B","CLASP2"
"PSEN1","PLCG2","CLASP2"
"PSEN1","STK3/4","ARRB2"
"PSEN1","ACP1","ARRB2"
"PSEN1","PTPN6","ARRB2"
"PSEN1","STK4","ARRB2"
"PSEN1","RPS6KB1","ARRB2"
"PSEN1","CHEK1","ARRB2"
"PSEN1","EIF2AK2","ARRB2"
"PSEN1","STK3","ARRB2"
"PSEN1","DOK1","ARRB2"
"PSEN1","CDC25A","ARRB2"
"PSEN1","MARK2","ARRB2"
"PSEN1","PHLPP1","ARRB2"
"PSEN1","CALM3","ARRB2"
"PSEN1","YAP1","ARRB2"
"PSEN1","DEF6","ARRB2"
"PSEN1","CAMKK2","ARRB2"
"PSEN1","PTPN7","ARRB2"
"PSEN1","PDP1","ARRB2"
"PSEN1","RPS6KA4","ARRB2"
"PSEN1","HDAC3","ARRB2"
"PSEN1","AXIN1","ARRB2"
"PSEN1","PTPRR","ARRB2"
"PSEN1","CDKN1B","ARRB2"
"PSEN1","SKP2","ARRB2"
"PSEN1","MAML1","ARRB2"
"PSEN1","CDC25C","ARRB2"
"PSEN1","WEE1","ARRB2"
"PSEN1","CLASP2","ARRB2"
"PSEN1","RHEB","ARRB2"
"PSEN1","TNFAIP1","ARRB2"
"PSEN1","PHF8","ARRB2"
"PSEN1","NF2","ARRB2"
"PSEN1","MDC1","ARRB2"
"PSEN1","MRE11","ARRB2"
"PSEN1","FRAT1","ARRB2"
"PSEN1","CBL","ARRB2"
"PSEN1","RBBP8","ARRB2"
"PSEN1","PCBP2","ARRB2"
"PSEN1","SH2B3","ARRB2"
"PSEN1","HDAC1","ARRB2"
"PSEN1","GRB14","ARRB2"
"PSEN1","PRKAR1A","ARRB2"
"PSEN1","NOTCH2","ARRB2"
"PSEN1","BAZ1B","ARRB2"
"PSEN1","PLCG2","ARRB2"
"PSEN1","STK3/4","TLE4"
"PSEN1","ACP1","TLE4"
"PSEN1","PTPN6","TLE4"
"PSEN1","STK4","TLE4"
"PSEN1","RPS6KB1","TLE4"
"PSEN1","CHEK1","TLE4"
"PSEN1","EIF2AK2","TLE4"
"PSEN1","STK3","TLE4"
"PSEN1","DOK1","TLE4"
"PSEN1","CDC25A","TLE4"
"PSEN1","MARK2","TLE4"
"PSEN1","PHLPP1","TLE4"
"PSEN1","CALM3","TLE4"
"PSEN1","YAP1","TLE4"
"PSEN1","DEF6","TLE4"
"PSEN1","CAMKK2","TLE4"
"PSEN1","PTPN7","TLE4"
"PSEN1","PDP1","TLE4"
"PSEN1","RPS6KA4","TLE4"
"PSEN1","HDAC3","TLE4"
"PSEN1","AXIN1","TLE4"
"PSEN1","PTPRR","TLE4"
"PSEN1","CDKN1B","TLE4"
"PSEN1","SKP2","TLE4"
"PSEN1","MAML1","TLE4"
"PSEN1","CDC25C","TLE4"
"PSEN1","WEE1","TLE4"
"PSEN1","CLASP2","TLE4"
"PSEN1","RHEB","TLE4"
"PSEN1","INPP5D","TLE4"
"PSEN1","TNFAIP1","TLE4"
"PSEN1","PHF8","TLE4"
"PSEN1","NF2","TLE4"
"PSEN1","MDC1","TLE4"
"PSEN1","MRE11","TLE4"
"PSEN1","FRAT1","TLE4"
"PSEN1","CBL","TLE4"
"PSEN1","RBBP8","TLE4"
"PSEN1","PCBP2","TLE4"
"PSEN1","SH2B3","TLE4"
"PSEN1","HDAC1","TLE4"
"PSEN1","GRB14","TLE4"
"PSEN1","PRKAR1A","TLE4"
"PSEN1","NOTCH2","TLE4"
"PSEN1","BAZ1B","TLE4"
"PSEN1","PLCG2","TLE4"
"PSEN1","STK3/4","RHEB"
"PSEN1","ACP1","RHEB"
"PSEN1","PTPN6","RHEB"
"PSEN1","STK4","RHEB"
"PSEN1","RPS6KB1","RHEB"
"PSEN1","CHEK1","RHEB"
"PSEN1","EIF2AK2","RHEB"
"PSEN1","STK3","RHEB"
"PSEN1","DOK1","RHEB"
"PSEN1","CDC25A","RHEB"
"PSEN1","MARK2","RHEB"
"PSEN1","PHLPP1","RHEB"
"PSEN1","CALM3","RHEB"
"PSEN1","YAP1","RHEB"
"PSEN1","DEF6","RHEB"
"PSEN1","CAMKK2","RHEB"
"PSEN1","PTPN7","RHEB"
"PSEN1","PDP1","RHEB"
"PSEN1","RPS6KA4","RHEB"
"PSEN1","HDAC3","RHEB"
"PSEN1","AXIN1","RHEB"
"PSEN1","PTPRR","RHEB"
"PSEN1","CDKN1B","RHEB"
"PSEN1","SKP2","RHEB"
"PSEN1","MAML1","RHEB"
"PSEN1","CDC25C","RHEB"
"PSEN1","WEE1","RHEB"
"PSEN1","CLASP2","RHEB"
"PSEN1","INPP5D","RHEB"
"PSEN1","TNFAIP1","RHEB"
"PSEN1","PHF8","RHEB"
"PSEN1","NF2","RHEB"
"PSEN1","MDC1","RHEB"
"PSEN1","MRE11","RHEB"
"PSEN1","FRAT1","RHEB"
"PSEN1","CBL","RHEB"
"PSEN1","RBBP8","RHEB"
"PSEN1","PCBP2","RHEB"
"PSEN1","SH2B3","RHEB"
"PSEN1","HDAC1","RHEB"
"PSEN1","GRB14","RHEB"
"PSEN1","PRKAR1A","RHEB"
"PSEN1","NOTCH2","RHEB"
"PSEN1","BAZ1B","RHEB"
"PSEN1","PLCG2","RHEB"
"PSEN1","STK3/4","DAXX"
"PSEN1","ACP1","DAXX"
"PSEN1","PTPN6","DAXX"
"PSEN1","STK4","DAXX"
"PSEN1","RPS6KB1","DAXX"
"PSEN1","CHEK1","DAXX"
"PSEN1","EIF2AK2","DAXX"
"PSEN1","STK3","DAXX"
"PSEN1","DOK1","DAXX"
"PSEN1","CDC25A","DAXX"
"PSEN1","MARK2","DAXX"
"PSEN1","PHLPP1","DAXX"
"PSEN1","CALM3","DAXX"
"PSEN1","YAP1","DAXX"
"PSEN1","DEF6","DAXX"
"PSEN1","CAMKK2","DAXX"
"PSEN1","PTPN7","DAXX"
"PSEN1","PDP1","DAXX"
"PSEN1","RPS6KA4","DAXX"
"PSEN1","HDAC3","DAXX"
"PSEN1","AXIN1","DAXX"
"PSEN1","PTPRR","DAXX"
"PSEN1","CDKN1B","DAXX"
"PSEN1","SKP2","DAXX"
"PSEN1","MAML1","DAXX"
"PSEN1","CDC25C","DAXX"
"PSEN1","WEE1","DAXX"
"PSEN1","CLASP2","DAXX"
"PSEN1","RHEB","DAXX"
"PSEN1","INPP5D","DAXX"
"PSEN1","TNFAIP1","DAXX"
"PSEN1","PHF8","DAXX"
"PSEN1","NF2","DAXX"
"PSEN1","MDC1","DAXX"
"PSEN1","MRE11","DAXX"
"PSEN1","FRAT1","DAXX"
"PSEN1","CBL","DAXX"
"PSEN1","RBBP8","DAXX"
"PSEN1","PCBP2","DAXX"
"PSEN1","SH2B3","DAXX"
"PSEN1","HDAC1","DAXX"
"PSEN1","GRB14","DAXX"
"PSEN1","PRKAR1A","DAXX"
"PSEN1","NOTCH2","DAXX"
"PSEN1","BAZ1B","DAXX"
"PSEN1","PLCG2","DAXX"
"PSEN1","STK3/4","BCL2L1"
"PSEN1","ACP1","BCL2L1"
"PSEN1","PTPN6","BCL2L1"
"PSEN1","STK4","BCL2L1"
"PSEN1","RPS6KB1","BCL2L1"
"PSEN1","CHEK1","BCL2L1"
"PSEN1","EIF2AK2","BCL2L1"
"PSEN1","STK3","BCL2L1"
"PSEN1","DOK1","BCL2L1"
"PSEN1","CDC25A","BCL2L1"
"PSEN1","MARK2","BCL2L1"
"PSEN1","PHLPP1","BCL2L1"
"PSEN1","CALM3","BCL2L1"
"PSEN1","YAP1","BCL2L1"
"PSEN1","DEF6","BCL2L1"
"PSEN1","CAMKK2","BCL2L1"
"PSEN1","PTPN7","BCL2L1"
"PSEN1","PDP1","BCL2L1"
"PSEN1","RPS6KA4","BCL2L1"
"PSEN1","HDAC3","BCL2L1"
"PSEN1","AXIN1","BCL2L1"
"PSEN1","PTPRR","BCL2L1"
"PSEN1","CDKN1B","BCL2L1"
"PSEN1","SKP2","BCL2L1"
"PSEN1","MAML1","BCL2L1"
"PSEN1","CDC25C","BCL2L1"
"PSEN1","WEE1","BCL2L1"
"PSEN1","CLASP2","BCL2L1"
"PSEN1","RHEB","BCL2L1"
"PSEN1","INPP5D","BCL2L1"
"PSEN1","TNFAIP1","BCL2L1"
"PSEN1","PHF8","BCL2L1"
"PSEN1","NF2","BCL2L1"
"PSEN1","MDC1","BCL2L1"
"PSEN1","MRE11","BCL2L1"
"PSEN1","FRAT1","BCL2L1"
"PSEN1","CBL","BCL2L1"
"PSEN1","RBBP8","BCL2L1"
"PSEN1","PCBP2","BCL2L1"
"PSEN1","SH2B3","BCL2L1"
"PSEN1","HDAC1","BCL2L1"
"PSEN1","GRB14","BCL2L1"
"PSEN1","PRKAR1A","BCL2L1"
"PSEN1","NOTCH2","BCL2L1"
"PSEN1","BAZ1B","BCL2L1"
"PSEN1","PLCG2","BCL2L1"
"PSEN1","STK3/4","EIF4G2"
"PSEN1","ACP1","EIF4G2"
"PSEN1","PTPN6","EIF4G2"
"PSEN1","STK4","EIF4G2"
"PSEN1","RPS6KB1","EIF4G2"
"PSEN1","CHEK1","EIF4G2"
"PSEN1","EIF2AK2","EIF4G2"
"PSEN1","STK3","EIF4G2"
"PSEN1","DOK1","EIF4G2"
"PSEN1","CDC25A","EIF4G2"
"PSEN1","MARK2","EIF4G2"
"PSEN1","PHLPP1","EIF4G2"
"PSEN1","CALM3","EIF4G2"
"PSEN1","YAP1","EIF4G2"
"PSEN1","DEF6","EIF4G2"
"PSEN1","CAMKK2","EIF4G2"
"PSEN1","PTPN7","EIF4G2"
"PSEN1","PDP1","EIF4G2"
"PSEN1","RPS6KA4","EIF4G2"
"PSEN1","HDAC3","EIF4G2"
"PSEN1","AXIN1","EIF4G2"
"PSEN1","PTPRR","EIF4G2"
"PSEN1","CDKN1B","EIF4G2"
"PSEN1","SKP2","EIF4G2"
"PSEN1","MAML1","EIF4G2"
"PSEN1","CDC25C","EIF4G2"
"PSEN1","WEE1","EIF4G2"
"PSEN1","CLASP2","EIF4G2"
"PSEN1","RHEB","EIF4G2"
"PSEN1","INPP5D","EIF4G2"
"PSEN1","TNFAIP1","EIF4G2"
"PSEN1","PHF8","EIF4G2"
"PSEN1","NF2","EIF4G2"
"PSEN1","MDC1","EIF4G2"
"PSEN1","MRE11","EIF4G2"
"PSEN1","FRAT1","EIF4G2"
"PSEN1","CBL","EIF4G2"
"PSEN1","RBBP8","EIF4G2"
"PSEN1","PCBP2","EIF4G2"
"PSEN1","SH2B3","EIF4G2"
"PSEN1","HDAC1","EIF4G2"
"PSEN1","GRB14","EIF4G2"
"PSEN1","PRKAR1A","EIF4G2"
"PSEN1","NOTCH2","EIF4G2"
"PSEN1","BAZ1B","EIF4G2"
"PSEN1","PLCG2","EIF4G2"
"PSEN1","STK3/4","LRRK1"
"PSEN1","ACP1","LRRK1"
"PSEN1","PTPN6","LRRK1"
"PSEN1","STK4","LRRK1"
"PSEN1","RPS6KB1","LRRK1"
"PSEN1","CHEK1","LRRK1"
"PSEN1","EIF2AK2","LRRK1"
"PSEN1","STK3","LRRK1"
"PSEN1","DOK1","LRRK1"
"PSEN1","CDC25A","LRRK1"
"PSEN1","MARK2","LRRK1"
"PSEN1","PHLPP1","LRRK1"
"PSEN1","CALM3","LRRK1"
"PSEN1","YAP1","LRRK1"
"PSEN1","DEF6","LRRK1"
"PSEN1","CAMKK2","LRRK1"
"PSEN1","PTPN7","LRRK1"
"PSEN1","PDP1","LRRK1"
"PSEN1","RPS6KA4","LRRK1"
"PSEN1","HDAC3","LRRK1"
"PSEN1","AXIN1","LRRK1"
"PSEN1","PTPRR","LRRK1"
"PSEN1","CDKN1B","LRRK1"
"PSEN1","SKP2","LRRK1"
"PSEN1","MAML1","LRRK1"
"PSEN1","CDC25C","LRRK1"
"PSEN1","WEE1","LRRK1"
"PSEN1","CLASP2","LRRK1"
"PSEN1","RHEB","LRRK1"
"PSEN1","INPP5D","LRRK1"
"PSEN1","TNFAIP1","LRRK1"
"PSEN1","PHF8","LRRK1"
"PSEN1","NF2","LRRK1"
"PSEN1","MDC1","LRRK1"
"PSEN1","MRE11","LRRK1"
"PSEN1","FRAT1","LRRK1"
"PSEN1","CBL","LRRK1"
"PSEN1","RBBP8","LRRK1"
"PSEN1","PCBP2","LRRK1"
"PSEN1","SH2B3","LRRK1"
"PSEN1","HDAC1","LRRK1"
"PSEN1","GRB14","LRRK1"
"PSEN1","PRKAR1A","LRRK1"
"PSEN1","NOTCH2","LRRK1"
"PSEN1","BAZ1B","LRRK1"
"PSEN1","PLCG2","LRRK1"
"PSEN1","STK3/4","CD28"
"PSEN1","ACP1","CD28"
"PSEN1","PTPN6","CD28"
"PSEN1","STK4","CD28"
"PSEN1","RPS6KB1","CD28"
"PSEN1","CHEK1","CD28"
"PSEN1","EIF2AK2","CD28"
"PSEN1","STK3","CD28"
"PSEN1","DOK1","CD28"
"PSEN1","CDC25A","CD28"
"PSEN1","MARK2","CD28"
"PSEN1","PHLPP1","CD28"
"PSEN1","CALM3","CD28"
"PSEN1","YAP1","CD28"
"PSEN1","DEF6","CD28"
"PSEN1","CAMKK2","CD28"
"PSEN1","PTPN7","CD28"
"PSEN1","PDP1","CD28"
"PSEN1","RPS6KA4","CD28"
"PSEN1","HDAC3","CD28"
"PSEN1","AXIN1","CD28"
"PSEN1","PTPRR","CD28"
"PSEN1","CDKN1B","CD28"
"PSEN1","SKP2","CD28"
"PSEN1","MAML1","CD28"
"PSEN1","CDC25C","CD28"
"PSEN1","WEE1","CD28"
"PSEN1","CLASP2","CD28"
"PSEN1","RHEB","CD28"
"PSEN1","INPP5D","CD28"
"PSEN1","TNFAIP1","CD28"
"PSEN1","PHF8","CD28"
"PSEN1","NF2","CD28"
"PSEN1","MDC1","CD28"
"PSEN1","MRE11","CD28"
"PSEN1","FRAT1","CD28"
"PSEN1","CBL","CD28"
"PSEN1","RBBP8","CD28"
"PSEN1","PCBP2","CD28"
"PSEN1","SH2B3","CD28"
"PSEN1","HDAC1","CD28"
"PSEN1","GRB14","CD28"
"PSEN1","PRKAR1A","CD28"
"PSEN1","NOTCH2","CD28"
"PSEN1","BAZ1B","CD28"
"PSEN1","PLCG2","CD28"
"PSEN1","STK3/4","GATA2"
"PSEN1","ACP1","GATA2"
"PSEN1","PTPN6","GATA2"
"PSEN1","STK4","GATA2"
"PSEN1","RPS6KB1","GATA2"
"PSEN1","CHEK1","GATA2"
"PSEN1","EIF2AK2","GATA2"
"PSEN1","STK3","GATA2"
"PSEN1","DOK1","GATA2"
"PSEN1","CDC25A","GATA2"
"PSEN1","MARK2","GATA2"
"PSEN1","PHLPP1","GATA2"
"PSEN1","CALM3","GATA2"
"PSEN1","YAP1","GATA2"
"PSEN1","DEF6","GATA2"
"PSEN1","CAMKK2","GATA2"
"PSEN1","PTPN7","GATA2"
"PSEN1","PDP1","GATA2"
"PSEN1","RPS6KA4","GATA2"
"PSEN1","HDAC3","GATA2"
"PSEN1","AXIN1","GATA2"
"PSEN1","PTPRR","GATA2"
"PSEN1","CDKN1B","GATA2"
"PSEN1","SKP2","GATA2"
"PSEN1","MAML1","GATA2"
"PSEN1","CDC25C","GATA2"
"PSEN1","WEE1","GATA2"
"PSEN1","CLASP2","GATA2"
"PSEN1","RHEB","GATA2"
"PSEN1","INPP5D","GATA2"
"PSEN1","TNFAIP1","GATA2"
"PSEN1","PHF8","GATA2"
"PSEN1","NF2","GATA2"
"PSEN1","MDC1","GATA2"
"PSEN1","MRE11","GATA2"
"PSEN1","FRAT1","GATA2"
"PSEN1","CBL","GATA2"
"PSEN1","RBBP8","GATA2"
"PSEN1","PCBP2","GATA2"
"PSEN1","SH2B3","GATA2"
"PSEN1","HDAC1","GATA2"
"PSEN1","GRB14","GATA2"
"PSEN1","PRKAR1A","GATA2"
"PSEN1","NOTCH2","GATA2"
"PSEN1","BAZ1B","GATA2"
"PSEN1","PLCG2","GATA2"
"PSEN1","STK3/4","SYN3"
"PSEN1","ACP1","SYN3"
"PSEN1","PTPN6","SYN3"
"PSEN1","STK4","SYN3"
"PSEN1","RPS6KB1","SYN3"
"PSEN1","CHEK1","SYN3"
"PSEN1","EIF2AK2","SYN3"
"PSEN1","STK3","SYN3"
"PSEN1","DOK1","SYN3"
"PSEN1","CDC25A","SYN3"
"PSEN1","MARK2","SYN3"
"PSEN1","PHLPP1","SYN3"
"PSEN1","CALM3","SYN3"
"PSEN1","YAP1","SYN3"
"PSEN1","DEF6","SYN3"
"PSEN1","CAMKK2","SYN3"
"PSEN1","PTPN7","SYN3"
"PSEN1","PDP1","SYN3"
"PSEN1","RPS6KA4","SYN3"
"PSEN1","HDAC3","SYN3"
"PSEN1","AXIN1","SYN3"
"PSEN1","PTPRR","SYN3"
"PSEN1","CDKN1B","SYN3"
"PSEN1","SKP2","SYN3"
"PSEN1","MAML1","SYN3"
"PSEN1","CDC25C","SYN3"
"PSEN1","WEE1","SYN3"
"PSEN1","CLASP2","SYN3"
"PSEN1","RHEB","SYN3"
"PSEN1","INPP5D","SYN3"
"PSEN1","TNFAIP1","SYN3"
"PSEN1","PHF8","SYN3"
"PSEN1","NF2","SYN3"
"PSEN1","MDC1","SYN3"
"PSEN1","MRE11","SYN3"
"PSEN1","FRAT1","SYN3"
"PSEN1","CBL","SYN3"
"PSEN1","RBBP8","SYN3"
"PSEN1","PCBP2","SYN3"
"PSEN1","SH2B3","SYN3"
"PSEN1","HDAC1","SYN3"
"PSEN1","GRB14","SYN3"
"PSEN1","PRKAR1A","SYN3"
"PSEN1","NOTCH2","SYN3"
"PSEN1","BAZ1B","SYN3"
"PSEN1","PLCG2","SYN3"
"PSEN1","STK3/4","INPP5D"
"PSEN1","ACP1","INPP5D"
"PSEN1","PTPN6","INPP5D"
"PSEN1","STK4","INPP5D"
"PSEN1","RPS6KB1","INPP5D"
"PSEN1","CHEK1","INPP5D"
"PSEN1","EIF2AK2","INPP5D"
"PSEN1","STK3","INPP5D"
"PSEN1","DOK1","INPP5D"
"PSEN1","CDC25A","INPP5D"
"PSEN1","MARK2","INPP5D"
"PSEN1","PHLPP1","INPP5D"
"PSEN1","CALM3","INPP5D"
"PSEN1","YAP1","INPP5D"
"PSEN1","DEF6","INPP5D"
"PSEN1","CAMKK2","INPP5D"
"PSEN1","PTPN7","INPP5D"
"PSEN1","PDP1","INPP5D"
"PSEN1","RPS6KA4","INPP5D"
"PSEN1","HDAC3","INPP5D"
"PSEN1","AXIN1","INPP5D"
"PSEN1","PTPRR","INPP5D"
"PSEN1","CDKN1B","INPP5D"
"PSEN1","SKP2","INPP5D"
"PSEN1","MAML1","INPP5D"
"PSEN1","CDC25C","INPP5D"
"PSEN1","WEE1","INPP5D"
"PSEN1","CLASP2","INPP5D"
"PSEN1","RHEB","INPP5D"
"PSEN1","TNFAIP1","INPP5D"
"PSEN1","PHF8","INPP5D"
"PSEN1","NF2","INPP5D"
"PSEN1","MDC1","INPP5D"
"PSEN1","MRE11","INPP5D"
"PSEN1","FRAT1","INPP5D"
"PSEN1","CBL","INPP5D"
"PSEN1","RBBP8","INPP5D"
"PSEN1","PCBP2","INPP5D"
"PSEN1","SH2B3","INPP5D"
"PSEN1","HDAC1","INPP5D"
"PSEN1","GRB14","INPP5D"
"PSEN1","PRKAR1A","INPP5D"
"PSEN1","NOTCH2","INPP5D"
"PSEN1","BAZ1B","INPP5D"
"PSEN1","PLCG2","INPP5D"
"PSEN1","STK3/4","SNCAIP"
"PSEN1","ACP1","SNCAIP"
"PSEN1","PTPN6","SNCAIP"
"PSEN1","STK4","SNCAIP"
"PSEN1","RPS6KB1","SNCAIP"
"PSEN1","CHEK1","SNCAIP"
"PSEN1","EIF2AK2","SNCAIP"
"PSEN1","STK3","SNCAIP"
"PSEN1","DOK1","SNCAIP"
"PSEN1","CDC25A","SNCAIP"
"PSEN1","MARK2","SNCAIP"
"PSEN1","PHLPP1","SNCAIP"
"PSEN1","CALM3","SNCAIP"
"PSEN1","YAP1","SNCAIP"
"PSEN1","DEF6","SNCAIP"
"PSEN1","CAMKK2","SNCAIP"
"PSEN1","PTPN7","SNCAIP"
"PSEN1","PDP1","SNCAIP"
"PSEN1","RPS6KA4","SNCAIP"
"PSEN1","HDAC3","SNCAIP"
"PSEN1","AXIN1","SNCAIP"
"PSEN1","PTPRR","SNCAIP"
"PSEN1","CDKN1B","SNCAIP"
"PSEN1","SKP2","SNCAIP"
"PSEN1","MAML1","SNCAIP"
"PSEN1","CDC25C","SNCAIP"
"PSEN1","WEE1","SNCAIP"
"PSEN1","CLASP2","SNCAIP"
"PSEN1","RHEB","SNCAIP"
"PSEN1","INPP5D","SNCAIP"
"PSEN1","TNFAIP1","SNCAIP"
"PSEN1","PHF8","SNCAIP"
"PSEN1","NF2","SNCAIP"
"PSEN1","MDC1","SNCAIP"
"PSEN1","MRE11","SNCAIP"
"PSEN1","FRAT1","SNCAIP"
"PSEN1","CBL","SNCAIP"
"PSEN1","RBBP8","SNCAIP"
"PSEN1","PCBP2","SNCAIP"
"PSEN1","SH2B3","SNCAIP"
"PSEN1","HDAC1","SNCAIP"
"PSEN1","GRB14","SNCAIP"
"PSEN1","PRKAR1A","SNCAIP"
"PSEN1","NOTCH2","SNCAIP"
"PSEN1","BAZ1B","SNCAIP"
"PSEN1","PLCG2","SNCAIP"
"PSEN1","STK3/4","NFYA"
"PSEN1","ACP1","NFYA"
"PSEN1","PTPN6","NFYA"
"PSEN1","STK4","NFYA"
"PSEN1","RPS6KB1","NFYA"
"PSEN1","CHEK1","NFYA"
"PSEN1","EIF2AK2","NFYA"
"PSEN1","STK3","NFYA"
"PSEN1","DOK1","NFYA"
"PSEN1","CDC25A","NFYA"
"PSEN1","MARK2","NFYA"
"PSEN1","PHLPP1","NFYA"
"PSEN1","CALM3","NFYA"
"PSEN1","YAP1","NFYA"
"PSEN1","DEF6","NFYA"
"PSEN1","CAMKK2","NFYA"
"PSEN1","PTPN7","NFYA"
"PSEN1","PDP1","NFYA"
"PSEN1","RPS6KA4","NFYA"
"PSEN1","HDAC3","NFYA"
"PSEN1","AXIN1","NFYA"
"PSEN1","PTPRR","NFYA"
"PSEN1","CDKN1B","NFYA"
"PSEN1","SKP2","NFYA"
"PSEN1","MAML1","NFYA"
"PSEN1","CDC25C","NFYA"
"PSEN1","WEE1","NFYA"
"PSEN1","CLASP2","NFYA"
"PSEN1","RHEB","NFYA"
"PSEN1","INPP5D","NFYA"
"PSEN1","TNFAIP1","NFYA"
"PSEN1","PHF8","NFYA"
"PSEN1","NF2","NFYA"
"PSEN1","MDC1","NFYA"
"PSEN1","MRE11","NFYA"
"PSEN1","FRAT1","NFYA"
"PSEN1","CBL","NFYA"
"PSEN1","RBBP8","NFYA"
"PSEN1","PCBP2","NFYA"
"PSEN1","SH2B3","NFYA"
"PSEN1","HDAC1","NFYA"
"PSEN1","GRB14","NFYA"
"PSEN1","PRKAR1A","NFYA"
"PSEN1","NOTCH2","NFYA"
"PSEN1","BAZ1B","NFYA"
"PSEN1","PLCG2","NFYA"
"PSEN1","STK3/4","ZFYVE9"
"PSEN1","ACP1","ZFYVE9"
"PSEN1","PTPN6","ZFYVE9"
"PSEN1","STK4","ZFYVE9"
"PSEN1","RPS6KB1","ZFYVE9"
"PSEN1","CHEK1","ZFYVE9"
"PSEN1","EIF2AK2","ZFYVE9"
"PSEN1","STK3","ZFYVE9"
"PSEN1","DOK1","ZFYVE9"
"PSEN1","CDC25A","ZFYVE9"
"PSEN1","MARK2","ZFYVE9"
"PSEN1","PHLPP1","ZFYVE9"
"PSEN1","CALM3","ZFYVE9"
"PSEN1","YAP1","ZFYVE9"
"PSEN1","DEF6","ZFYVE9"
"PSEN1","CAMKK2","ZFYVE9"
"PSEN1","PTPN7","ZFYVE9"
"PSEN1","PDP1","ZFYVE9"
"PSEN1","RPS6KA4","ZFYVE9"
"PSEN1","HDAC3","ZFYVE9"
"PSEN1","AXIN1","ZFYVE9"
"PSEN1","PTPRR","ZFYVE9"
"PSEN1","CDKN1B","ZFYVE9"
"PSEN1","SKP2","ZFYVE9"
"PSEN1","MAML1","ZFYVE9"
"PSEN1","CDC25C","ZFYVE9"
"PSEN1","WEE1","ZFYVE9"
"PSEN1","CLASP2","ZFYVE9"
"PSEN1","RHEB","ZFYVE9"
"PSEN1","INPP5D","ZFYVE9"
"PSEN1","TNFAIP1","ZFYVE9"
"PSEN1","PHF8","ZFYVE9"
"PSEN1","NF2","ZFYVE9"
"PSEN1","MDC1","ZFYVE9"
"PSEN1","MRE11","ZFYVE9"
"PSEN1","FRAT1","ZFYVE9"
"PSEN1","CBL","ZFYVE9"
"PSEN1","RBBP8","ZFYVE9"
"PSEN1","PCBP2","ZFYVE9"
"PSEN1","SH2B3","ZFYVE9"
"PSEN1","HDAC1","ZFYVE9"
"PSEN1","GRB14","ZFYVE9"
"PSEN1","PRKAR1A","ZFYVE9"
"PSEN1","NOTCH2","ZFYVE9"
"PSEN1","BAZ1B","ZFYVE9"
"PSEN1","PLCG2","ZFYVE9"
"PSEN1","STK3/4","BCL2L2"
"PSEN1","ACP1","BCL2L2"
"PSEN1","PTPN6","BCL2L2"
"PSEN1","STK4","BCL2L2"
"PSEN1","RPS6KB1","BCL2L2"
"PSEN1","CHEK1","BCL2L2"
"PSEN1","EIF2AK2","BCL2L2"
"PSEN1","STK3","BCL2L2"
"PSEN1","DOK1","BCL2L2"
"PSEN1","CDC25A","BCL2L2"
"PSEN1","MARK2","BCL2L2"
"PSEN1","PHLPP1","BCL2L2"
"PSEN1","CALM3","BCL2L2"
"PSEN1","YAP1","BCL2L2"
"PSEN1","DEF6","BCL2L2"
"PSEN1","CAMKK2","BCL2L2"
"PSEN1","PTPN7","BCL2L2"
"PSEN1","PDP1","BCL2L2"
"PSEN1","RPS6KA4","BCL2L2"
"PSEN1","HDAC3","BCL2L2"
"PSEN1","AXIN1","BCL2L2"
"PSEN1","PTPRR","BCL2L2"
"PSEN1","CDKN1B","BCL2L2"
"PSEN1","SKP2","BCL2L2"
"PSEN1","MAML1","BCL2L2"
"PSEN1","CDC25C","BCL2L2"
"PSEN1","WEE1","BCL2L2"
"PSEN1","CLASP2","BCL2L2"
"PSEN1","RHEB","BCL2L2"
"PSEN1","INPP5D","BCL2L2"
"PSEN1","TNFAIP1","BCL2L2"
"PSEN1","PHF8","BCL2L2"
"PSEN1","NF2","BCL2L2"
"PSEN1","MDC1","BCL2L2"
"PSEN1","MRE11","BCL2L2"
"PSEN1","FRAT1","BCL2L2"
"PSEN1","CBL","BCL2L2"
"PSEN1","RBBP8","BCL2L2"
"PSEN1","PCBP2","BCL2L2"
"PSEN1","SH2B3","BCL2L2"
"PSEN1","HDAC1","BCL2L2"
"PSEN1","GRB14","BCL2L2"
"PSEN1","PRKAR1A","BCL2L2"
"PSEN1","NOTCH2","BCL2L2"
"PSEN1","BAZ1B","BCL2L2"
"PSEN1","PLCG2","BCL2L2"
"PSEN1","STK3/4","GAB2"
"PSEN1","ACP1","GAB2"
"PSEN1","PTPN6","GAB2"
"PSEN1","STK4","GAB2"
"PSEN1","RPS6KB1","GAB2"
"PSEN1","CHEK1","GAB2"
"PSEN1","EIF2AK2","GAB2"
"PSEN1","STK3","GAB2"
"PSEN1","DOK1","GAB2"
"PSEN1","CDC25A","GAB2"
"PSEN1","MARK2","GAB2"
"PSEN1","PHLPP1","GAB2"
"PSEN1","CALM3","GAB2"
"PSEN1","YAP1","GAB2"
"PSEN1","DEF6","GAB2"
"PSEN1","CAMKK2","GAB2"
"PSEN1","PTPN7","GAB2"
"PSEN1","PDP1","GAB2"
"PSEN1","RPS6KA4","GAB2"
"PSEN1","HDAC3","GAB2"
"PSEN1","AXIN1","GAB2"
"PSEN1","PTPRR","GAB2"
"PSEN1","CDKN1B","GAB2"
"PSEN1","SKP2","GAB2"
"PSEN1","MAML1","GAB2"
"PSEN1","CDC25C","GAB2"
"PSEN1","WEE1","GAB2"
"PSEN1","CLASP2","GAB2"
"PSEN1","RHEB","GAB2"
"PSEN1","INPP5D","GAB2"
"PSEN1","TNFAIP1","GAB2"
"PSEN1","PHF8","GAB2"
"PSEN1","NF2","GAB2"
"PSEN1","MDC1","GAB2"
"PSEN1","MRE11","GAB2"
"PSEN1","FRAT1","GAB2"
"PSEN1","CBL","GAB2"
"PSEN1","RBBP8","GAB2"
"PSEN1","PCBP2","GAB2"
"PSEN1","SH2B3","GAB2"
"PSEN1","HDAC1","GAB2"
"PSEN1","GRB14","GAB2"
"PSEN1","PRKAR1A","GAB2"
"PSEN1","NOTCH2","GAB2"
"PSEN1","BAZ1B","GAB2"
"PSEN1","PLCG2","GAB2"
"PSEN1","STK3/4","EZH2"
"PSEN1","ACP1","EZH2"
"PSEN1","PTPN6","EZH2"
"PSEN1","STK4","EZH2"
"PSEN1","RPS6KB1","EZH2"
"PSEN1","CHEK1","EZH2"
"PSEN1","EIF2AK2","EZH2"
"PSEN1","STK3","EZH2"
"PSEN1","DOK1","EZH2"
"PSEN1","CDC25A","EZH2"
"PSEN1","MARK2","EZH2"
"PSEN1","PHLPP1","EZH2"
"PSEN1","CALM3","EZH2"
"PSEN1","YAP1","EZH2"
"PSEN1","DEF6","EZH2"
"PSEN1","CAMKK2","EZH2"
"PSEN1","PTPN7","EZH2"
"PSEN1","PDP1","EZH2"
"PSEN1","RPS6KA4","EZH2"
"PSEN1","HDAC3","EZH2"
"PSEN1","AXIN1","EZH2"
"PSEN1","PTPRR","EZH2"
"PSEN1","CDKN1B","EZH2"
"PSEN1","SKP2","EZH2"
"PSEN1","MAML1","EZH2"
"PSEN1","CDC25C","EZH2"
"PSEN1","WEE1","EZH2"
"PSEN1","CLASP2","EZH2"
"PSEN1","RHEB","EZH2"
"PSEN1","INPP5D","EZH2"
"PSEN1","TNFAIP1","EZH2"
"PSEN1","PHF8","EZH2"
"PSEN1","NF2","EZH2"
"PSEN1","MDC1","EZH2"
"PSEN1","MRE11","EZH2"
"PSEN1","FRAT1","EZH2"
"PSEN1","CBL","EZH2"
"PSEN1","RBBP8","EZH2"
"PSEN1","PCBP2","EZH2"
"PSEN1","SH2B3","EZH2"
"PSEN1","HDAC1","EZH2"
"PSEN1","GRB14","EZH2"
"PSEN1","PRKAR1A","EZH2"
"PSEN1","NOTCH2","EZH2"
"PSEN1","BAZ1B","EZH2"
"PSEN1","PLCG2","EZH2"
"PSEN1","STK3/4","PIK3R1"
"PSEN1","ACP1","PIK3R1"
"PSEN1","PTPN6","PIK3R1"
"PSEN1","STK4","PIK3R1"
"PSEN1","RPS6KB1","PIK3R1"
"PSEN1","CHEK1","PIK3R1"
"PSEN1","EIF2AK2","PIK3R1"
"PSEN1","STK3","PIK3R1"
"PSEN1","DOK1","PIK3R1"
"PSEN1","CDC25A","PIK3R1"
"PSEN1","MARK2","PIK3R1"
"PSEN1","PHLPP1","PIK3R1"
"PSEN1","CALM3","PIK3R1"
"PSEN1","YAP1","PIK3R1"
"PSEN1","DEF6","PIK3R1"
"PSEN1","CAMKK2","PIK3R1"
"PSEN1","PTPN7","PIK3R1"
"PSEN1","PDP1","PIK3R1"
"PSEN1","RPS6KA4","PIK3R1"
"PSEN1","HDAC3","PIK3R1"
"PSEN1","AXIN1","PIK3R1"
"PSEN1","PTPRR","PIK3R1"
"PSEN1","CDKN1B","PIK3R1"
"PSEN1","SKP2","PIK3R1"
"PSEN1","MAML1","PIK3R1"
"PSEN1","CDC25C","PIK3R1"
"PSEN1","WEE1","PIK3R1"
"PSEN1","CLASP2","PIK3R1"
"PSEN1","RHEB","PIK3R1"
"PSEN1","INPP5D","PIK3R1"
"PSEN1","TNFAIP1","PIK3R1"
"PSEN1","PHF8","PIK3R1"
"PSEN1","NF2","PIK3R1"
"PSEN1","MDC1","PIK3R1"
"PSEN1","MRE11","PIK3R1"
"PSEN1","FRAT1","PIK3R1"
"PSEN1","CBL","PIK3R1"
"PSEN1","RBBP8","PIK3R1"
"PSEN1","PCBP2","PIK3R1"
"PSEN1","SH2B3","PIK3R1"
"PSEN1","HDAC1","PIK3R1"
"PSEN1","GRB14","PIK3R1"
"PSEN1","PRKAR1A","PIK3R1"
"PSEN1","NOTCH2","PIK3R1"
"PSEN1","BAZ1B","PIK3R1"
"PSEN1","PLCG2","PIK3R1"
"PSEN1","STK3/4","BLM"
"PSEN1","ACP1","BLM"
"PSEN1","PTPN6","BLM"
"PSEN1","STK4","BLM"
"PSEN1","RPS6KB1","BLM"
"PSEN1","CHEK1","BLM"
"PSEN1","EIF2AK2","BLM"
"PSEN1","STK3","BLM"
"PSEN1","DOK1","BLM"
"PSEN1","CDC25A","BLM"
"PSEN1","MARK2","BLM"
"PSEN1","PHLPP1","BLM"
"PSEN1","CALM3","BLM"
"PSEN1","YAP1","BLM"
"PSEN1","DEF6","BLM"
"PSEN1","CAMKK2","BLM"
"PSEN1","PTPN7","BLM"
"PSEN1","PDP1","BLM"
"PSEN1","RPS6KA4","BLM"
"PSEN1","HDAC3","BLM"
"PSEN1","AXIN1","BLM"
"PSEN1","PTPRR","BLM"
"PSEN1","CDKN1B","BLM"
"PSEN1","SKP2","BLM"
"PSEN1","MAML1","BLM"
"PSEN1","CDC25C","BLM"
"PSEN1","WEE1","BLM"
"PSEN1","CLASP2","BLM"
"PSEN1","RHEB","BLM"
"PSEN1","INPP5D","BLM"
"PSEN1","TNFAIP1","BLM"
"PSEN1","PHF8","BLM"
"PSEN1","NF2","BLM"
"PSEN1","MDC1","BLM"
"PSEN1","MRE11","BLM"
"PSEN1","FRAT1","BLM"
"PSEN1","CBL","BLM"
"PSEN1","RBBP8","BLM"
"PSEN1","PCBP2","BLM"
"PSEN1","SH2B3","BLM"
"PSEN1","HDAC1","BLM"
"PSEN1","GRB14","BLM"
"PSEN1","PRKAR1A","BLM"
"PSEN1","NOTCH2","BLM"
"PSEN1","BAZ1B","BLM"
"PSEN1","PLCG2","BLM"
"PSEN1","STK3/4","CAD"
"PSEN1","ACP1","CAD"
"PSEN1","PTPN6","CAD"
"PSEN1","STK4","CAD"
"PSEN1","RPS6KB1","CAD"
"PSEN1","CHEK1","CAD"
"PSEN1","EIF2AK2","CAD"
"PSEN1","STK3","CAD"
"PSEN1","DOK1","CAD"
"PSEN1","CDC25A","CAD"
"PSEN1","MARK2","CAD"
"PSEN1","PHLPP1","CAD"
"PSEN1","CALM3","CAD"
"PSEN1","YAP1","CAD"
"PSEN1","DEF6","CAD"
"PSEN1","CAMKK2","CAD"
"PSEN1","PTPN7","CAD"
"PSEN1","PDP1","CAD"
"PSEN1","RPS6KA4","CAD"
"PSEN1","HDAC3","CAD"
"PSEN1","AXIN1","CAD"
"PSEN1","PTPRR","CAD"
"PSEN1","CDKN1B","CAD"
"PSEN1","SKP2","CAD"
"PSEN1","MAML1","CAD"
"PSEN1","CDC25C","CAD"
"PSEN1","WEE1","CAD"
"PSEN1","CLASP2","CAD"
"PSEN1","RHEB","CAD"
"PSEN1","INPP5D","CAD"
"PSEN1","TNFAIP1","CAD"
"PSEN1","PHF8","CAD"
"PSEN1","NF2","CAD"
"PSEN1","MDC1","CAD"
"PSEN1","MRE11","CAD"
"PSEN1","FRAT1","CAD"
"PSEN1","CBL","CAD"
"PSEN1","RBBP8","CAD"
"PSEN1","PCBP2","CAD"
"PSEN1","SH2B3","CAD"
"PSEN1","HDAC1","CAD"
"PSEN1","GRB14","CAD"
"PSEN1","PRKAR1A","CAD"
"PSEN1","NOTCH2","CAD"
"PSEN1","BAZ1B","CAD"
"PSEN1","PLCG2","CAD"
"PSEN1","STK3/4","CCNE1"
"PSEN1","ACP1","CCNE1"
"PSEN1","PTPN6","CCNE1"
"PSEN1","STK4","CCNE1"
"PSEN1","RPS6KB1","CCNE1"
"PSEN1","CHEK1","CCNE1"
"PSEN1","EIF2AK2","CCNE1"
"PSEN1","STK3","CCNE1"
"PSEN1","DOK1","CCNE1"
"PSEN1","CDC25A","CCNE1"
"PSEN1","MARK2","CCNE1"
"PSEN1","PHLPP1","CCNE1"
"PSEN1","CALM3","CCNE1"
"PSEN1","YAP1","CCNE1"
"PSEN1","DEF6","CCNE1"
"PSEN1","CAMKK2","CCNE1"
"PSEN1","PTPN7","CCNE1"
"PSEN1","PDP1","CCNE1"
"PSEN1","RPS6KA4","CCNE1"
"PSEN1","HDAC3","CCNE1"
"PSEN1","AXIN1","CCNE1"
"PSEN1","PTPRR","CCNE1"
"PSEN1","CDKN1B","CCNE1"
"PSEN1","MAML1","CCNE1"
"PSEN1","CDC25C","CCNE1"
"PSEN1","WEE1","CCNE1"
"PSEN1","CLASP2","CCNE1"
"PSEN1","RHEB","CCNE1"
"PSEN1","INPP5D","CCNE1"
"PSEN1","TNFAIP1","CCNE1"
"PSEN1","PHF8","CCNE1"
"PSEN1","NF2","CCNE1"
"PSEN1","MDC1","CCNE1"
"PSEN1","MRE11","CCNE1"
"PSEN1","FRAT1","CCNE1"
"PSEN1","CBL","CCNE1"
"PSEN1","RBBP8","CCNE1"
"PSEN1","PCBP2","CCNE1"
"PSEN1","SH2B3","CCNE1"
"PSEN1","HDAC1","CCNE1"
"PSEN1","GRB14","CCNE1"
"PSEN1","PRKAR1A","CCNE1"
"PSEN1","NOTCH2","CCNE1"
"PSEN1","BAZ1B","CCNE1"
"PSEN1","PLCG2","CCNE1"
"PSEN1","STK3/4","TNFAIP1"
"PSEN1","ACP1","TNFAIP1"
"PSEN1","PTPN6","TNFAIP1"
"PSEN1","STK4","TNFAIP1"
"PSEN1","RPS6KB1","TNFAIP1"
"PSEN1","CHEK1","TNFAIP1"
"PSEN1","EIF2AK2","TNFAIP1"
"PSEN1","STK3","TNFAIP1"
"PSEN1","DOK1","TNFAIP1"
"PSEN1","CDC25A","TNFAIP1"
"PSEN1","MARK2","TNFAIP1"
"PSEN1","PHLPP1","TNFAIP1"
"PSEN1","CALM3","TNFAIP1"
"PSEN1","YAP1","TNFAIP1"
"PSEN1","DEF6","TNFAIP1"
"PSEN1","CAMKK2","TNFAIP1"
"PSEN1","PTPN7","TNFAIP1"
"PSEN1","PDP1","TNFAIP1"
"PSEN1","RPS6KA4","TNFAIP1"
"PSEN1","HDAC3","TNFAIP1"
"PSEN1","AXIN1","TNFAIP1"
"PSEN1","PTPRR","TNFAIP1"
"PSEN1","CDKN1B","TNFAIP1"
"PSEN1","SKP2","TNFAIP1"
"PSEN1","MAML1","TNFAIP1"
"PSEN1","CDC25C","TNFAIP1"
"PSEN1","WEE1","TNFAIP1"
"PSEN1","CLASP2","TNFAIP1"
"PSEN1","RHEB","TNFAIP1"
"PSEN1","INPP5D","TNFAIP1"
"PSEN1","PHF8","TNFAIP1"
"PSEN1","NF2","TNFAIP1"
"PSEN1","MDC1","TNFAIP1"
"PSEN1","MRE11","TNFAIP1"
"PSEN1","FRAT1","TNFAIP1"
"PSEN1","CBL","TNFAIP1"
"PSEN1","RBBP8","TNFAIP1"
"PSEN1","PCBP2","TNFAIP1"
"PSEN1","SH2B3","TNFAIP1"
"PSEN1","HDAC1","TNFAIP1"
"PSEN1","GRB14","TNFAIP1"
"PSEN1","PRKAR1A","TNFAIP1"
"PSEN1","NOTCH2","TNFAIP1"
"PSEN1","BAZ1B","TNFAIP1"
"PSEN1","PLCG2","TNFAIP1"
"PSEN1","STK3/4","GNA11"
"PSEN1","ACP1","GNA11"
"PSEN1","PTPN6","GNA11"
"PSEN1","STK4","GNA11"
"PSEN1","RPS6KB1","GNA11"
"PSEN1","CHEK1","GNA11"
"PSEN1","EIF2AK2","GNA11"
"PSEN1","STK3","GNA11"
"PSEN1","DOK1","GNA11"
"PSEN1","CDC25A","GNA11"
"PSEN1","MARK2","GNA11"
"PSEN1","PHLPP1","GNA11"
"PSEN1","CALM3","GNA11"
"PSEN1","YAP1","GNA11"
"PSEN1","DEF6","GNA11"
"PSEN1","CAMKK2","GNA11"
"PSEN1","PTPN7","GNA11"
"PSEN1","PDP1","GNA11"
"PSEN1","RPS6KA4","GNA11"
"PSEN1","HDAC3","GNA11"
"PSEN1","AXIN1","GNA11"
"PSEN1","PTPRR","GNA11"
"PSEN1","CDKN1B","GNA11"
"PSEN1","SKP2","GNA11"
"PSEN1","MAML1","GNA11"
"PSEN1","CDC25C","GNA11"
"PSEN1","WEE1","GNA11"
"PSEN1","CLASP2","GNA11"
"PSEN1","RHEB","GNA11"
"PSEN1","INPP5D","GNA11"
"PSEN1","TNFAIP1","GNA11"
"PSEN1","PHF8","GNA11"
"PSEN1","NF2","GNA11"
"PSEN1","MDC1","GNA11"
"PSEN1","MRE11","GNA11"
"PSEN1","FRAT1","GNA11"
"PSEN1","CBL","GNA11"
"PSEN1","RBBP8","GNA11"
"PSEN1","PCBP2","GNA11"
"PSEN1","SH2B3","GNA11"
"PSEN1","HDAC1","GNA11"
"PSEN1","GRB14","GNA11"
"PSEN1","PRKAR1A","GNA11"
"PSEN1","NOTCH2","GNA11"
"PSEN1","BAZ1B","GNA11"
"PSEN1","PLCG2","GNA11"
"PSEN1","STK3/4","PHF8"
"PSEN1","ACP1","PHF8"
"PSEN1","PTPN6","PHF8"
"PSEN1","STK4","PHF8"
"PSEN1","RPS6KB1","PHF8"
"PSEN1","CHEK1","PHF8"
"PSEN1","EIF2AK2","PHF8"
"PSEN1","STK3","PHF8"
"PSEN1","DOK1","PHF8"
"PSEN1","CDC25A","PHF8"
"PSEN1","MARK2","PHF8"
"PSEN1","PHLPP1","PHF8"
"PSEN1","CALM3","PHF8"
"PSEN1","YAP1","PHF8"
"PSEN1","DEF6","PHF8"
"PSEN1","CAMKK2","PHF8"
"PSEN1","PTPN7","PHF8"
"PSEN1","PDP1","PHF8"
"PSEN1","RPS6KA4","PHF8"
"PSEN1","HDAC3","PHF8"
"PSEN1","AXIN1","PHF8"
"PSEN1","PTPRR","PHF8"
"PSEN1","CDKN1B","PHF8"
"PSEN1","SKP2","PHF8"
"PSEN1","MAML1","PHF8"
"PSEN1","CDC25C","PHF8"
"PSEN1","WEE1","PHF8"
"PSEN1","CLASP2","PHF8"
"PSEN1","RHEB","PHF8"
"PSEN1","INPP5D","PHF8"
"PSEN1","TNFAIP1","PHF8"
"PSEN1","NF2","PHF8"
"PSEN1","MDC1","PHF8"
"PSEN1","MRE11","PHF8"
"PSEN1","FRAT1","PHF8"
"PSEN1","CBL","PHF8"
"PSEN1","RBBP8","PHF8"
"PSEN1","PCBP2","PHF8"
"PSEN1","SH2B3","PHF8"
"PSEN1","HDAC1","PHF8"
"PSEN1","GRB14","PHF8"
"PSEN1","PRKAR1A","PHF8"
"PSEN1","NOTCH2","PHF8"
"PSEN1","BAZ1B","PHF8"
"PSEN1","PLCG2","PHF8"
"PSEN1","STK3/4","PPARG"
"PSEN1","ACP1","PPARG"
"PSEN1","PTPN6","PPARG"
"PSEN1","STK4","PPARG"
"PSEN1","RPS6KB1","PPARG"
"PSEN1","CHEK1","PPARG"
"PSEN1","EIF2AK2","PPARG"
"PSEN1","STK3","PPARG"
"PSEN1","DOK1","PPARG"
"PSEN1","CDC25A","PPARG"
"PSEN1","MARK2","PPARG"
"PSEN1","PHLPP1","PPARG"
"PSEN1","CALM3","PPARG"
"PSEN1","YAP1","PPARG"
"PSEN1","DEF6","PPARG"
"PSEN1","CAMKK2","PPARG"
"PSEN1","PTPN7","PPARG"
"PSEN1","PDP1","PPARG"
"PSEN1","RPS6KA4","PPARG"
"PSEN1","HDAC3","PPARG"
"PSEN1","AXIN1","PPARG"
"PSEN1","PTPRR","PPARG"
"PSEN1","CDKN1B","PPARG"
"PSEN1","SKP2","PPARG"
"PSEN1","MAML1","PPARG"
"PSEN1","CDC25C","PPARG"
"PSEN1","WEE1","PPARG"
"PSEN1","CLASP2","PPARG"
"PSEN1","RHEB","PPARG"
"PSEN1","INPP5D","PPARG"
"PSEN1","TNFAIP1","PPARG"
"PSEN1","PHF8","PPARG"
"PSEN1","NF2","PPARG"
"PSEN1","MDC1","PPARG"
"PSEN1","MRE11","PPARG"
"PSEN1","FRAT1","PPARG"
"PSEN1","CBL","PPARG"
"PSEN1","RBBP8","PPARG"
"PSEN1","PCBP2","PPARG"
"PSEN1","SH2B3","PPARG"
"PSEN1","HDAC1","PPARG"
"PSEN1","GRB14","PPARG"
"PSEN1","PRKAR1A","PPARG"
"PSEN1","NOTCH2","PPARG"
"PSEN1","BAZ1B","PPARG"
"PSEN1","PLCG2","PPARG"
"PSEN1","STK3/4","PTGES3"
"PSEN1","ACP1","PTGES3"
"PSEN1","PTPN6","PTGES3"
"PSEN1","STK4","PTGES3"
"PSEN1","RPS6KB1","PTGES3"
"PSEN1","CHEK1","PTGES3"
"PSEN1","EIF2AK2","PTGES3"
"PSEN1","STK3","PTGES3"
"PSEN1","DOK1","PTGES3"
"PSEN1","CDC25A","PTGES3"
"PSEN1","MARK2","PTGES3"
"PSEN1","PHLPP1","PTGES3"
"PSEN1","CALM3","PTGES3"
"PSEN1","YAP1","PTGES3"
"PSEN1","DEF6","PTGES3"
"PSEN1","CAMKK2","PTGES3"
"PSEN1","PTPN7","PTGES3"
"PSEN1","PDP1","PTGES3"
"PSEN1","RPS6KA4","PTGES3"
"PSEN1","HDAC3","PTGES3"
"PSEN1","AXIN1","PTGES3"
"PSEN1","PTPRR","PTGES3"
"PSEN1","CDKN1B","PTGES3"
"PSEN1","SKP2","PTGES3"
"PSEN1","MAML1","PTGES3"
"PSEN1","CDC25C","PTGES3"
"PSEN1","WEE1","PTGES3"
"PSEN1","CLASP2","PTGES3"
"PSEN1","RHEB","PTGES3"
"PSEN1","INPP5D","PTGES3"
"PSEN1","TNFAIP1","PTGES3"
"PSEN1","PHF8","PTGES3"
"PSEN1","NF2","PTGES3"
"PSEN1","MDC1","PTGES3"
"PSEN1","MRE11","PTGES3"
"PSEN1","FRAT1","PTGES3"
"PSEN1","CBL","PTGES3"
"PSEN1","RBBP8","PTGES3"
"PSEN1","PCBP2","PTGES3"
"PSEN1","SH2B3","PTGES3"
"PSEN1","HDAC1","PTGES3"
"PSEN1","GRB14","PTGES3"
"PSEN1","PRKAR1A","PTGES3"
"PSEN1","NOTCH2","PTGES3"
"PSEN1","BAZ1B","PTGES3"
"PSEN1","PLCG2","PTGES3"
"PSEN1","STK3/4","NF2"
"PSEN1","ACP1","NF2"
"PSEN1","PTPN6","NF2"
"PSEN1","STK4","NF2"
"PSEN1","RPS6KB1","NF2"
"PSEN1","CHEK1","NF2"
"PSEN1","EIF2AK2","NF2"
"PSEN1","STK3","NF2"
"PSEN1","DOK1","NF2"
"PSEN1","CDC25A","NF2"
"PSEN1","MARK2","NF2"
"PSEN1","PHLPP1","NF2"
"PSEN1","CALM3","NF2"
"PSEN1","YAP1","NF2"
"PSEN1","DEF6","NF2"
"PSEN1","CAMKK2","NF2"
"PSEN1","PTPN7","NF2"
"PSEN1","PDP1","NF2"
"PSEN1","RPS6KA4","NF2"
"PSEN1","HDAC3","NF2"
"PSEN1","AXIN1","NF2"
"PSEN1","PTPRR","NF2"
"PSEN1","CDKN1B","NF2"
"PSEN1","SKP2","NF2"
"PSEN1","MAML1","NF2"
"PSEN1","CDC25C","NF2"
"PSEN1","WEE1","NF2"
"PSEN1","CLASP2","NF2"
"PSEN1","RHEB","NF2"
"PSEN1","INPP5D","NF2"
"PSEN1","TNFAIP1","NF2"
"PSEN1","PHF8","NF2"
"PSEN1","MDC1","NF2"
"PSEN1","MRE11","NF2"
"PSEN1","FRAT1","NF2"
"PSEN1","CBL","NF2"
"PSEN1","RBBP8","NF2"
"PSEN1","PCBP2","NF2"
"PSEN1","SH2B3","NF2"
"PSEN1","HDAC1","NF2"
"PSEN1","GRB14","NF2"
"PSEN1","PRKAR1A","NF2"
"PSEN1","NOTCH2","NF2"
"PSEN1","BAZ1B","NF2"
"PSEN1","PLCG2","NF2"
"PSEN1","STK3/4","GRB10"
"PSEN1","ACP1","GRB10"
"PSEN1","PTPN6","GRB10"
"PSEN1","STK4","GRB10"
"PSEN1","RPS6KB1","GRB10"
"PSEN1","CHEK1","GRB10"
"PSEN1","EIF2AK2","GRB10"
"PSEN1","STK3","GRB10"
"PSEN1","DOK1","GRB10"
"PSEN1","CDC25A","GRB10"
"PSEN1","MARK2","GRB10"
"PSEN1","PHLPP1","GRB10"
"PSEN1","CALM3","GRB10"
"PSEN1","YAP1","GRB10"
"PSEN1","DEF6","GRB10"
"PSEN1","CAMKK2","GRB10"
"PSEN1","PTPN7","GRB10"
"PSEN1","PDP1","GRB10"
"PSEN1","RPS6KA4","GRB10"
"PSEN1","HDAC3","GRB10"
"PSEN1","AXIN1","GRB10"
"PSEN1","PTPRR","GRB10"
"PSEN1","CDKN1B","GRB10"
"PSEN1","SKP2","GRB10"
"PSEN1","MAML1","GRB10"
"PSEN1","CDC25C","GRB10"
"PSEN1","WEE1","GRB10"
"PSEN1","CLASP2","GRB10"
"PSEN1","RHEB","GRB10"
"PSEN1","INPP5D","GRB10"
"PSEN1","TNFAIP1","GRB10"
"PSEN1","PHF8","GRB10"
"PSEN1","NF2","GRB10"
"PSEN1","MDC1","GRB10"
"PSEN1","MRE11","GRB10"
"PSEN1","FRAT1","GRB10"
"PSEN1","CBL","GRB10"
"PSEN1","RBBP8","GRB10"
"PSEN1","PCBP2","GRB10"
"PSEN1","SH2B3","GRB10"
"PSEN1","HDAC1","GRB10"
"PSEN1","GRB14","GRB10"
"PSEN1","PRKAR1A","GRB10"
"PSEN1","NOTCH2","GRB10"
"PSEN1","BAZ1B","GRB10"
"PSEN1","PLCG2","GRB10"
"PSEN1","STK3/4","GLI3"
"PSEN1","ACP1","GLI3"
"PSEN1","PTPN6","GLI3"
"PSEN1","STK4","GLI3"
"PSEN1","RPS6KB1","GLI3"
"PSEN1","CHEK1","GLI3"
"PSEN1","EIF2AK2","GLI3"
"PSEN1","STK3","GLI3"
"PSEN1","DOK1","GLI3"
"PSEN1","CDC25A","GLI3"
"PSEN1","MARK2","GLI3"
"PSEN1","PHLPP1","GLI3"
"PSEN1","CALM3","GLI3"
"PSEN1","YAP1","GLI3"
"PSEN1","DEF6","GLI3"
"PSEN1","CAMKK2","GLI3"
"PSEN1","PTPN7","GLI3"
"PSEN1","PDP1","GLI3"
"PSEN1","RPS6KA4","GLI3"
"PSEN1","HDAC3","GLI3"
"PSEN1","AXIN1","GLI3"
"PSEN1","PTPRR","GLI3"
"PSEN1","CDKN1B","GLI3"
"PSEN1","SKP2","GLI3"
"PSEN1","MAML1","GLI3"
"PSEN1","CDC25C","GLI3"
"PSEN1","WEE1","GLI3"
"PSEN1","CLASP2","GLI3"
"PSEN1","RHEB","GLI3"
"PSEN1","INPP5D","GLI3"
"PSEN1","TNFAIP1","GLI3"
"PSEN1","PHF8","GLI3"
"PSEN1","NF2","GLI3"
"PSEN1","MDC1","GLI3"
"PSEN1","MRE11","GLI3"
"PSEN1","FRAT1","GLI3"
"PSEN1","CBL","GLI3"
"PSEN1","RBBP8","GLI3"
"PSEN1","PCBP2","GLI3"
"PSEN1","SH2B3","GLI3"
"PSEN1","HDAC1","GLI3"
"PSEN1","GRB14","GLI3"
"PSEN1","PRKAR1A","GLI3"
"PSEN1","NOTCH2","GLI3"
"PSEN1","BAZ1B","GLI3"
"PSEN1","PLCG2","GLI3"
"PSEN1","STK3/4","TCF3"
"PSEN1","ACP1","TCF3"
"PSEN1","PTPN6","TCF3"
"PSEN1","STK4","TCF3"
"PSEN1","RPS6KB1","TCF3"
"PSEN1","CHEK1","TCF3"
"PSEN1","EIF2AK2","TCF3"
"PSEN1","STK3","TCF3"
"PSEN1","DOK1","TCF3"
"PSEN1","CDC25A","TCF3"
"PSEN1","MARK2","TCF3"
"PSEN1","PHLPP1","TCF3"
"PSEN1","CALM3","TCF3"
"PSEN1","YAP1","TCF3"
"PSEN1","DEF6","TCF3"
"PSEN1","CAMKK2","TCF3"
"PSEN1","PTPN7","TCF3"
"PSEN1","PDP1","TCF3"
"PSEN1","RPS6KA4","TCF3"
"PSEN1","HDAC3","TCF3"
"PSEN1","AXIN1","TCF3"
"PSEN1","PTPRR","TCF3"
"PSEN1","CDKN1B","TCF3"
"PSEN1","SKP2","TCF3"
"PSEN1","MAML1","TCF3"
"PSEN1","CDC25C","TCF3"
"PSEN1","WEE1","TCF3"
"PSEN1","CLASP2","TCF3"
"PSEN1","RHEB","TCF3"
"PSEN1","INPP5D","TCF3"
"PSEN1","TNFAIP1","TCF3"
"PSEN1","PHF8","TCF3"
"PSEN1","NF2","TCF3"
"PSEN1","MDC1","TCF3"
"PSEN1","MRE11","TCF3"
"PSEN1","FRAT1","TCF3"
"PSEN1","CBL","TCF3"
"PSEN1","RBBP8","TCF3"
"PSEN1","PCBP2","TCF3"
"PSEN1","SH2B3","TCF3"
"PSEN1","HDAC1","TCF3"
"PSEN1","GRB14","TCF3"
"PSEN1","PRKAR1A","TCF3"
"PSEN1","NOTCH2","TCF3"
"PSEN1","BAZ1B","TCF3"
"PSEN1","PLCG2","TCF3"
"PSEN1","STK3/4","MDC1"
"PSEN1","ACP1","MDC1"
"PSEN1","PTPN6","MDC1"
"PSEN1","STK4","MDC1"
"PSEN1","RPS6KB1","MDC1"
"PSEN1","CHEK1","MDC1"
"PSEN1","EIF2AK2","MDC1"
"PSEN1","STK3","MDC1"
"PSEN1","DOK1","MDC1"
"PSEN1","CDC25A","MDC1"
"PSEN1","MARK2","MDC1"
"PSEN1","PHLPP1","MDC1"
"PSEN1","CALM3","MDC1"
"PSEN1","YAP1","MDC1"
"PSEN1","DEF6","MDC1"
"PSEN1","CAMKK2","MDC1"
"PSEN1","PTPN7","MDC1"
"PSEN1","PDP1","MDC1"
"PSEN1","RPS6KA4","MDC1"
"PSEN1","HDAC3","MDC1"
"PSEN1","AXIN1","MDC1"
"PSEN1","PTPRR","MDC1"
"PSEN1","CDKN1B","MDC1"
"PSEN1","SKP2","MDC1"
"PSEN1","MAML1","MDC1"
"PSEN1","CDC25C","MDC1"
"PSEN1","WEE1","MDC1"
"PSEN1","CLASP2","MDC1"
"PSEN1","RHEB","MDC1"
"PSEN1","INPP5D","MDC1"
"PSEN1","TNFAIP1","MDC1"
"PSEN1","PHF8","MDC1"
"PSEN1","NF2","MDC1"
"PSEN1","MRE11","MDC1"
"PSEN1","FRAT1","MDC1"
"PSEN1","CBL","MDC1"
"PSEN1","RBBP8","MDC1"
"PSEN1","PCBP2","MDC1"
"PSEN1","SH2B3","MDC1"
"PSEN1","HDAC1","MDC1"
"PSEN1","GRB14","MDC1"
"PSEN1","PRKAR1A","MDC1"
"PSEN1","NOTCH2","MDC1"
"PSEN1","BAZ1B","MDC1"
"PSEN1","PLCG2","MDC1"
"PSEN1","STK3/4","HDAC4"
"PSEN1","ACP1","HDAC4"
"PSEN1","PTPN6","HDAC4"
"PSEN1","STK4","HDAC4"
"PSEN1","RPS6KB1","HDAC4"
"PSEN1","CHEK1","HDAC4"
"PSEN1","EIF2AK2","HDAC4"
"PSEN1","STK3","HDAC4"
"PSEN1","DOK1","HDAC4"
"PSEN1","CDC25A","HDAC4"
"PSEN1","MARK2","HDAC4"
"PSEN1","PHLPP1","HDAC4"
"PSEN1","CALM3","HDAC4"
"PSEN1","YAP1","HDAC4"
"PSEN1","DEF6","HDAC4"
"PSEN1","CAMKK2","HDAC4"
"PSEN1","PTPN7","HDAC4"
"PSEN1","PDP1","HDAC4"
"PSEN1","RPS6KA4","HDAC4"
"PSEN1","HDAC3","HDAC4"
"PSEN1","AXIN1","HDAC4"
"PSEN1","PTPRR","HDAC4"
"PSEN1","CDKN1B","HDAC4"
"PSEN1","SKP2","HDAC4"
"PSEN1","MAML1","HDAC4"
"PSEN1","CDC25C","HDAC4"
"PSEN1","WEE1","HDAC4"
"PSEN1","CLASP2","HDAC4"
"PSEN1","RHEB","HDAC4"
"PSEN1","INPP5D","HDAC4"
"PSEN1","TNFAIP1","HDAC4"
"PSEN1","PHF8","HDAC4"
"PSEN1","NF2","HDAC4"
"PSEN1","MDC1","HDAC4"
"PSEN1","MRE11","HDAC4"
"PSEN1","FRAT1","HDAC4"
"PSEN1","CBL","HDAC4"
"PSEN1","RBBP8","HDAC4"
"PSEN1","PCBP2","HDAC4"
"PSEN1","SH2B3","HDAC4"
"PSEN1","HDAC1","HDAC4"
"PSEN1","GRB14","HDAC4"
"PSEN1","PRKAR1A","HDAC4"
"PSEN1","NOTCH2","HDAC4"
"PSEN1","BAZ1B","HDAC4"
"PSEN1","PLCG2","HDAC4"
"PSEN1","STK3/4","AKAP11"
"PSEN1","ACP1","AKAP11"
"PSEN1","PTPN6","AKAP11"
"PSEN1","STK4","AKAP11"
"PSEN1","RPS6KB1","AKAP11"
"PSEN1","CHEK1","AKAP11"
"PSEN1","EIF2AK2","AKAP11"
"PSEN1","STK3","AKAP11"
"PSEN1","DOK1","AKAP11"
"PSEN1","CDC25A","AKAP11"
"PSEN1","MARK2","AKAP11"
"PSEN1","PHLPP1","AKAP11"
"PSEN1","CALM3","AKAP11"
"PSEN1","YAP1","AKAP11"
"PSEN1","DEF6","AKAP11"
"PSEN1","CAMKK2","AKAP11"
"PSEN1","PTPN7","AKAP11"
"PSEN1","PDP1","AKAP11"
"PSEN1","RPS6KA4","AKAP11"
"PSEN1","HDAC3","AKAP11"
"PSEN1","AXIN1","AKAP11"
"PSEN1","PTPRR","AKAP11"
"PSEN1","CDKN1B","AKAP11"
"PSEN1","SKP2","AKAP11"
"PSEN1","MAML1","AKAP11"
"PSEN1","CDC25C","AKAP11"
"PSEN1","WEE1","AKAP11"
"PSEN1","CLASP2","AKAP11"
"PSEN1","RHEB","AKAP11"
"PSEN1","INPP5D","AKAP11"
"PSEN1","TNFAIP1","AKAP11"
"PSEN1","PHF8","AKAP11"
"PSEN1","NF2","AKAP11"
"PSEN1","MDC1","AKAP11"
"PSEN1","MRE11","AKAP11"
"PSEN1","FRAT1","AKAP11"
"PSEN1","CBL","AKAP11"
"PSEN1","RBBP8","AKAP11"
"PSEN1","PCBP2","AKAP11"
"PSEN1","SH2B3","AKAP11"
"PSEN1","HDAC1","AKAP11"
"PSEN1","GRB14","AKAP11"
"PSEN1","PRKAR1A","AKAP11"
"PSEN1","NOTCH2","AKAP11"
"PSEN1","BAZ1B","AKAP11"
"PSEN1","PLCG2","AKAP11"
"PSEN1","STK3/4","NCOA1"
"PSEN1","ACP1","NCOA1"
"PSEN1","PTPN6","NCOA1"
"PSEN1","STK4","NCOA1"
"PSEN1","RPS6KB1","NCOA1"
"PSEN1","CHEK1","NCOA1"
"PSEN1","EIF2AK2","NCOA1"
"PSEN1","STK3","NCOA1"
"PSEN1","DOK1","NCOA1"
"PSEN1","CDC25A","NCOA1"
"PSEN1","MARK2","NCOA1"
"PSEN1","PHLPP1","NCOA1"
"PSEN1","CALM3","NCOA1"
"PSEN1","YAP1","NCOA1"
"PSEN1","DEF6","NCOA1"
"PSEN1","CAMKK2","NCOA1"
"PSEN1","PTPN7","NCOA1"
"PSEN1","PDP1","NCOA1"
"PSEN1","RPS6KA4","NCOA1"
"PSEN1","HDAC3","NCOA1"
"PSEN1","AXIN1","NCOA1"
"PSEN1","PTPRR","NCOA1"
"PSEN1","CDKN1B","NCOA1"
"PSEN1","SKP2","NCOA1"
"PSEN1","MAML1","NCOA1"
"PSEN1","CDC25C","NCOA1"
"PSEN1","WEE1","NCOA1"
"PSEN1","CLASP2","NCOA1"
"PSEN1","RHEB","NCOA1"
"PSEN1","INPP5D","NCOA1"
"PSEN1","TNFAIP1","NCOA1"
"PSEN1","PHF8","NCOA1"
"PSEN1","NF2","NCOA1"
"PSEN1","MDC1","NCOA1"
"PSEN1","MRE11","NCOA1"
"PSEN1","FRAT1","NCOA1"
"PSEN1","CBL","NCOA1"
"PSEN1","RBBP8","NCOA1"
"PSEN1","PCBP2","NCOA1"
"PSEN1","SH2B3","NCOA1"
"PSEN1","HDAC1","NCOA1"
"PSEN1","GRB14","NCOA1"
"PSEN1","PRKAR1A","NCOA1"
"PSEN1","NOTCH2","NCOA1"
"PSEN1","BAZ1B","NCOA1"
"PSEN1","PLCG2","NCOA1"
"PSEN1","STK3/4","KIF5C"
"PSEN1","ACP1","KIF5C"
"PSEN1","PTPN6","KIF5C"
"PSEN1","STK4","KIF5C"
"PSEN1","RPS6KB1","KIF5C"
"PSEN1","CHEK1","KIF5C"
"PSEN1","EIF2AK2","KIF5C"
"PSEN1","STK3","KIF5C"
"PSEN1","DOK1","KIF5C"
"PSEN1","CDC25A","KIF5C"
"PSEN1","MARK2","KIF5C"
"PSEN1","PHLPP1","KIF5C"
"PSEN1","CALM3","KIF5C"
"PSEN1","YAP1","KIF5C"
"PSEN1","DEF6","KIF5C"
"PSEN1","CAMKK2","KIF5C"
"PSEN1","PTPN7","KIF5C"
"PSEN1","PDP1","KIF5C"
"PSEN1","RPS6KA4","KIF5C"
"PSEN1","HDAC3","KIF5C"
"PSEN1","AXIN1","KIF5C"
"PSEN1","PTPRR","KIF5C"
"PSEN1","CDKN1B","KIF5C"
"PSEN1","SKP2","KIF5C"
"PSEN1","MAML1","KIF5C"
"PSEN1","CDC25C","KIF5C"
"PSEN1","WEE1","KIF5C"
"PSEN1","CLASP2","KIF5C"
"PSEN1","RHEB","KIF5C"
"PSEN1","INPP5D","KIF5C"
"PSEN1","TNFAIP1","KIF5C"
"PSEN1","PHF8","KIF5C"
"PSEN1","NF2","KIF5C"
"PSEN1","MDC1","KIF5C"
"PSEN1","MRE11","KIF5C"
"PSEN1","FRAT1","KIF5C"
"PSEN1","CBL","KIF5C"
"PSEN1","RBBP8","KIF5C"
"PSEN1","PCBP2","KIF5C"
"PSEN1","SH2B3","KIF5C"
"PSEN1","HDAC1","KIF5C"
"PSEN1","GRB14","KIF5C"
"PSEN1","PRKAR1A","KIF5C"
"PSEN1","NOTCH2","KIF5C"
"PSEN1","BAZ1B","KIF5C"
"PSEN1","PLCG2","KIF5C"
"PSEN1","STK3/4","RCAN1"
"PSEN1","ACP1","RCAN1"
"PSEN1","PTPN6","RCAN1"
"PSEN1","STK4","RCAN1"
"PSEN1","RPS6KB1","RCAN1"
"PSEN1","CHEK1","RCAN1"
"PSEN1","EIF2AK2","RCAN1"
"PSEN1","STK3","RCAN1"
"PSEN1","DOK1","RCAN1"
"PSEN1","CDC25A","RCAN1"
"PSEN1","MARK2","RCAN1"
"PSEN1","PHLPP1","RCAN1"
"PSEN1","CALM3","RCAN1"
"PSEN1","YAP1","RCAN1"
"PSEN1","DEF6","RCAN1"
"PSEN1","CAMKK2","RCAN1"
"PSEN1","PTPN7","RCAN1"
"PSEN1","PDP1","RCAN1"
"PSEN1","RPS6KA4","RCAN1"
"PSEN1","HDAC3","RCAN1"
"PSEN1","AXIN1","RCAN1"
"PSEN1","PTPRR","RCAN1"
"PSEN1","CDKN1B","RCAN1"
"PSEN1","SKP2","RCAN1"
"PSEN1","MAML1","RCAN1"
"PSEN1","CDC25C","RCAN1"
"PSEN1","WEE1","RCAN1"
"PSEN1","CLASP2","RCAN1"
"PSEN1","RHEB","RCAN1"
"PSEN1","INPP5D","RCAN1"
"PSEN1","TNFAIP1","RCAN1"
"PSEN1","PHF8","RCAN1"
"PSEN1","NF2","RCAN1"
"PSEN1","MDC1","RCAN1"
"PSEN1","MRE11","RCAN1"
"PSEN1","FRAT1","RCAN1"
"PSEN1","CBL","RCAN1"
"PSEN1","RBBP8","RCAN1"
"PSEN1","PCBP2","RCAN1"
"PSEN1","SH2B3","RCAN1"
"PSEN1","HDAC1","RCAN1"
"PSEN1","GRB14","RCAN1"
"PSEN1","PRKAR1A","RCAN1"
"PSEN1","NOTCH2","RCAN1"
"PSEN1","BAZ1B","RCAN1"
"PSEN1","PLCG2","RCAN1"
"PSEN1","STK3/4","MDM2"
"PSEN1","ACP1","MDM2"
"PSEN1","PTPN6","MDM2"
"PSEN1","STK4","MDM2"
"PSEN1","RPS6KB1","MDM2"
"PSEN1","CHEK1","MDM2"
"PSEN1","EIF2AK2","MDM2"
"PSEN1","STK3","MDM2"
"PSEN1","DOK1","MDM2"
"PSEN1","CDC25A","MDM2"
"PSEN1","MARK2","MDM2"
"PSEN1","PHLPP1","MDM2"
"PSEN1","CALM3","MDM2"
"PSEN1","YAP1","MDM2"
"PSEN1","DEF6","MDM2"
"PSEN1","CAMKK2","MDM2"
"PSEN1","PTPN7","MDM2"
"PSEN1","PDP1","MDM2"
"PSEN1","RPS6KA4","MDM2"
"PSEN1","HDAC3","MDM2"
"PSEN1","AXIN1","MDM2"
"PSEN1","PTPRR","MDM2"
"PSEN1","CDKN1B","MDM2"
"PSEN1","SKP2","MDM2"
"PSEN1","MAML1","MDM2"
"PSEN1","CDC25C","MDM2"
"PSEN1","WEE1","MDM2"
"PSEN1","CLASP2","MDM2"
"PSEN1","RHEB","MDM2"
"PSEN1","INPP5D","MDM2"
"PSEN1","TNFAIP1","MDM2"
"PSEN1","PHF8","MDM2"
"PSEN1","NF2","MDM2"
"PSEN1","MDC1","MDM2"
"PSEN1","MRE11","MDM2"
"PSEN1","FRAT1","MDM2"
"PSEN1","CBL","MDM2"
"PSEN1","RBBP8","MDM2"
"PSEN1","PCBP2","MDM2"
"PSEN1","SH2B3","MDM2"
"PSEN1","HDAC1","MDM2"
"PSEN1","GRB14","MDM2"
"PSEN1","PRKAR1A","MDM2"
"PSEN1","NOTCH2","MDM2"
"PSEN1","BAZ1B","MDM2"
"PSEN1","PLCG2","MDM2"
"PSEN1","STK3/4","TOB2"
"PSEN1","ACP1","TOB2"
"PSEN1","PTPN6","TOB2"
"PSEN1","STK4","TOB2"
"PSEN1","RPS6KB1","TOB2"
"PSEN1","CHEK1","TOB2"
"PSEN1","EIF2AK2","TOB2"
"PSEN1","STK3","TOB2"
"PSEN1","DOK1","TOB2"
"PSEN1","CDC25A","TOB2"
"PSEN1","MARK2","TOB2"
"PSEN1","PHLPP1","TOB2"
"PSEN1","CALM3","TOB2"
"PSEN1","YAP1","TOB2"
"PSEN1","DEF6","TOB2"
"PSEN1","CAMKK2","TOB2"
"PSEN1","PTPN7","TOB2"
"PSEN1","PDP1","TOB2"
"PSEN1","RPS6KA4","TOB2"
"PSEN1","HDAC3","TOB2"
"PSEN1","AXIN1","TOB2"
"PSEN1","PTPRR","TOB2"
"PSEN1","CDKN1B","TOB2"
"PSEN1","SKP2","TOB2"
"PSEN1","MAML1","TOB2"
"PSEN1","CDC25C","TOB2"
"PSEN1","WEE1","TOB2"
"PSEN1","CLASP2","TOB2"
"PSEN1","RHEB","TOB2"
"PSEN1","INPP5D","TOB2"
"PSEN1","TNFAIP1","TOB2"
"PSEN1","PHF8","TOB2"
"PSEN1","NF2","TOB2"
"PSEN1","MDC1","TOB2"
"PSEN1","MRE11","TOB2"
"PSEN1","FRAT1","TOB2"
"PSEN1","CBL","TOB2"
"PSEN1","RBBP8","TOB2"
"PSEN1","PCBP2","TOB2"
"PSEN1","SH2B3","TOB2"
"PSEN1","HDAC1","TOB2"
"PSEN1","GRB14","TOB2"
"PSEN1","PRKAR1A","TOB2"
"PSEN1","NOTCH2","TOB2"
"PSEN1","BAZ1B","TOB2"
"PSEN1","PLCG2","TOB2"
"PSEN1","STK3/4","MRE11"
"PSEN1","ACP1","MRE11"
"PSEN1","PTPN6","MRE11"
"PSEN1","STK4","MRE11"
"PSEN1","RPS6KB1","MRE11"
"PSEN1","CHEK1","MRE11"
"PSEN1","EIF2AK2","MRE11"
"PSEN1","STK3","MRE11"
"PSEN1","DOK1","MRE11"
"PSEN1","CDC25A","MRE11"
"PSEN1","MARK2","MRE11"
"PSEN1","PHLPP1","MRE11"
"PSEN1","CALM3","MRE11"
"PSEN1","YAP1","MRE11"
"PSEN1","DEF6","MRE11"
"PSEN1","CAMKK2","MRE11"
"PSEN1","PTPN7","MRE11"
"PSEN1","PDP1","MRE11"
"PSEN1","RPS6KA4","MRE11"
"PSEN1","HDAC3","MRE11"
"PSEN1","AXIN1","MRE11"
"PSEN1","PTPRR","MRE11"
"PSEN1","CDKN1B","MRE11"
"PSEN1","SKP2","MRE11"
"PSEN1","MAML1","MRE11"
"PSEN1","CDC25C","MRE11"
"PSEN1","WEE1","MRE11"
"PSEN1","CLASP2","MRE11"
"PSEN1","RHEB","MRE11"
"PSEN1","INPP5D","MRE11"
"PSEN1","TNFAIP1","MRE11"
"PSEN1","PHF8","MRE11"
"PSEN1","NF2","MRE11"
"PSEN1","MDC1","MRE11"
"PSEN1","FRAT1","MRE11"
"PSEN1","CBL","MRE11"
"PSEN1","RBBP8","MRE11"
"PSEN1","PCBP2","MRE11"
"PSEN1","SH2B3","MRE11"
"PSEN1","HDAC1","MRE11"
"PSEN1","GRB14","MRE11"
"PSEN1","PRKAR1A","MRE11"
"PSEN1","NOTCH2","MRE11"
"PSEN1","BAZ1B","MRE11"
"PSEN1","PLCG2","MRE11"
"PSEN1","STK3/4","FRAT1"
"PSEN1","ACP1","FRAT1"
"PSEN1","PTPN6","FRAT1"
"PSEN1","STK4","FRAT1"
"PSEN1","RPS6KB1","FRAT1"
"PSEN1","CHEK1","FRAT1"
"PSEN1","EIF2AK2","FRAT1"
"PSEN1","STK3","FRAT1"
"PSEN1","DOK1","FRAT1"
"PSEN1","CDC25A","FRAT1"
"PSEN1","MARK2","FRAT1"
"PSEN1","PHLPP1","FRAT1"
"PSEN1","CALM3","FRAT1"
"PSEN1","YAP1","FRAT1"
"PSEN1","DEF6","FRAT1"
"PSEN1","CAMKK2","FRAT1"
"PSEN1","PTPN7","FRAT1"
"PSEN1","PDP1","FRAT1"
"PSEN1","RPS6KA4","FRAT1"
"PSEN1","HDAC3","FRAT1"
"PSEN1","AXIN1","FRAT1"
"PSEN1","PTPRR","FRAT1"
"PSEN1","CDKN1B","FRAT1"
"PSEN1","SKP2","FRAT1"
"PSEN1","MAML1","FRAT1"
"PSEN1","CDC25C","FRAT1"
"PSEN1","WEE1","FRAT1"
"PSEN1","CLASP2","FRAT1"
"PSEN1","RHEB","FRAT1"
"PSEN1","INPP5D","FRAT1"
"PSEN1","TNFAIP1","FRAT1"
"PSEN1","PHF8","FRAT1"
"PSEN1","NF2","FRAT1"
"PSEN1","MDC1","FRAT1"
"PSEN1","MRE11","FRAT1"
"PSEN1","CBL","FRAT1"
"PSEN1","RBBP8","FRAT1"
"PSEN1","PCBP2","FRAT1"
"PSEN1","SH2B3","FRAT1"
"PSEN1","HDAC1","FRAT1"
"PSEN1","GRB14","FRAT1"
"PSEN1","PRKAR1A","FRAT1"
"PSEN1","NOTCH2","FRAT1"
"PSEN1","BAZ1B","FRAT1"
"PSEN1","PLCG2","FRAT1"
"PSEN1","STK3/4","PPP1R8"
"PSEN1","ACP1","PPP1R8"
"PSEN1","PTPN6","PPP1R8"
"PSEN1","STK4","PPP1R8"
"PSEN1","RPS6KB1","PPP1R8"
"PSEN1","CHEK1","PPP1R8"
"PSEN1","EIF2AK2","PPP1R8"
"PSEN1","STK3","PPP1R8"
"PSEN1","DOK1","PPP1R8"
"PSEN1","CDC25A","PPP1R8"
"PSEN1","MARK2","PPP1R8"
"PSEN1","PHLPP1","PPP1R8"
"PSEN1","CALM3","PPP1R8"
"PSEN1","YAP1","PPP1R8"
"PSEN1","DEF6","PPP1R8"
"PSEN1","CAMKK2","PPP1R8"
"PSEN1","PTPN7","PPP1R8"
"PSEN1","PDP1","PPP1R8"
"PSEN1","RPS6KA4","PPP1R8"
"PSEN1","HDAC3","PPP1R8"
"PSEN1","AXIN1","PPP1R8"
"PSEN1","PTPRR","PPP1R8"
"PSEN1","CDKN1B","PPP1R8"
"PSEN1","SKP2","PPP1R8"
"PSEN1","MAML1","PPP1R8"
"PSEN1","CDC25C","PPP1R8"
"PSEN1","WEE1","PPP1R8"
"PSEN1","CLASP2","PPP1R8"
"PSEN1","RHEB","PPP1R8"
"PSEN1","INPP5D","PPP1R8"
"PSEN1","TNFAIP1","PPP1R8"
"PSEN1","PHF8","PPP1R8"
"PSEN1","NF2","PPP1R8"
"PSEN1","MDC1","PPP1R8"
"PSEN1","MRE11","PPP1R8"
"PSEN1","FRAT1","PPP1R8"
"PSEN1","CBL","PPP1R8"
"PSEN1","RBBP8","PPP1R8"
"PSEN1","PCBP2","PPP1R8"
"PSEN1","SH2B3","PPP1R8"
"PSEN1","HDAC1","PPP1R8"
"PSEN1","GRB14","PPP1R8"
"PSEN1","PRKAR1A","PPP1R8"
"PSEN1","NOTCH2","PPP1R8"
"PSEN1","BAZ1B","PPP1R8"
"PSEN1","PLCG2","PPP1R8"
"PSEN1","STK3/4","HDAC2"
"PSEN1","ACP1","HDAC2"
"PSEN1","PTPN6","HDAC2"
"PSEN1","STK4","HDAC2"
"PSEN1","RPS6KB1","HDAC2"
"PSEN1","CHEK1","HDAC2"
"PSEN1","EIF2AK2","HDAC2"
"PSEN1","STK3","HDAC2"
"PSEN1","DOK1","HDAC2"
"PSEN1","CDC25A","HDAC2"
"PSEN1","MARK2","HDAC2"
"PSEN1","PHLPP1","HDAC2"
"PSEN1","CALM3","HDAC2"
"PSEN1","YAP1","HDAC2"
"PSEN1","DEF6","HDAC2"
"PSEN1","CAMKK2","HDAC2"
"PSEN1","PTPN7","HDAC2"
"PSEN1","PDP1","HDAC2"
"PSEN1","RPS6KA4","HDAC2"
"PSEN1","HDAC3","HDAC2"
"PSEN1","AXIN1","HDAC2"
"PSEN1","PTPRR","HDAC2"
"PSEN1","CDKN1B","HDAC2"
"PSEN1","SKP2","HDAC2"
"PSEN1","MAML1","HDAC2"
"PSEN1","CDC25C","HDAC2"
"PSEN1","WEE1","HDAC2"
"PSEN1","CLASP2","HDAC2"
"PSEN1","RHEB","HDAC2"
"PSEN1","INPP5D","HDAC2"
"PSEN1","TNFAIP1","HDAC2"
"PSEN1","PHF8","HDAC2"
"PSEN1","NF2","HDAC2"
"PSEN1","MDC1","HDAC2"
"PSEN1","MRE11","HDAC2"
"PSEN1","FRAT1","HDAC2"
"PSEN1","CBL","HDAC2"
"PSEN1","RBBP8","HDAC2"
"PSEN1","PCBP2","HDAC2"
"PSEN1","SH2B3","HDAC2"
"PSEN1","HDAC1","HDAC2"
"PSEN1","GRB14","HDAC2"
"PSEN1","PRKAR1A","HDAC2"
"PSEN1","NOTCH2","HDAC2"
"PSEN1","BAZ1B","HDAC2"
"PSEN1","PLCG2","HDAC2"
"PSEN1","STK3/4","WWC1"
"PSEN1","ACP1","WWC1"
"PSEN1","PTPN6","WWC1"
"PSEN1","STK4","WWC1"
"PSEN1","RPS6KB1","WWC1"
"PSEN1","CHEK1","WWC1"
"PSEN1","EIF2AK2","WWC1"
"PSEN1","STK3","WWC1"
"PSEN1","DOK1","WWC1"
"PSEN1","CDC25A","WWC1"
"PSEN1","MARK2","WWC1"
"PSEN1","PHLPP1","WWC1"
"PSEN1","CALM3","WWC1"
"PSEN1","YAP1","WWC1"
"PSEN1","DEF6","WWC1"
"PSEN1","CAMKK2","WWC1"
"PSEN1","PTPN7","WWC1"
"PSEN1","PDP1","WWC1"
"PSEN1","RPS6KA4","WWC1"
"PSEN1","HDAC3","WWC1"
"PSEN1","AXIN1","WWC1"
"PSEN1","PTPRR","WWC1"
"PSEN1","CDKN1B","WWC1"
"PSEN1","SKP2","WWC1"
"PSEN1","MAML1","WWC1"
"PSEN1","CDC25C","WWC1"
"PSEN1","WEE1","WWC1"
"PSEN1","CLASP2","WWC1"
"PSEN1","RHEB","WWC1"
"PSEN1","INPP5D","WWC1"
"PSEN1","TNFAIP1","WWC1"
"PSEN1","PHF8","WWC1"
"PSEN1","NF2","WWC1"
"PSEN1","MDC1","WWC1"
"PSEN1","MRE11","WWC1"
"PSEN1","FRAT1","WWC1"
"PSEN1","CBL","WWC1"
"PSEN1","RBBP8","WWC1"
"PSEN1","PCBP2","WWC1"
"PSEN1","SH2B3","WWC1"
"PSEN1","HDAC1","WWC1"
"PSEN1","GRB14","WWC1"
"PSEN1","PRKAR1A","WWC1"
"PSEN1","NOTCH2","WWC1"
"PSEN1","BAZ1B","WWC1"
"PSEN1","PLCG2","WWC1"
"PSEN1","STK3/4","MYH9"
"PSEN1","ACP1","MYH9"
"PSEN1","PTPN6","MYH9"
"PSEN1","STK4","MYH9"
"PSEN1","RPS6KB1","MYH9"
"PSEN1","CHEK1","MYH9"
"PSEN1","EIF2AK2","MYH9"
"PSEN1","STK3","MYH9"
"PSEN1","DOK1","MYH9"
"PSEN1","CDC25A","MYH9"
"PSEN1","MARK2","MYH9"
"PSEN1","PHLPP1","MYH9"
"PSEN1","CALM3","MYH9"
"PSEN1","YAP1","MYH9"
"PSEN1","DEF6","MYH9"
"PSEN1","CAMKK2","MYH9"
"PSEN1","PTPN7","MYH9"
"PSEN1","PDP1","MYH9"
"PSEN1","RPS6KA4","MYH9"
"PSEN1","HDAC3","MYH9"
"PSEN1","AXIN1","MYH9"
"PSEN1","PTPRR","MYH9"
"PSEN1","CDKN1B","MYH9"
"PSEN1","SKP2","MYH9"
"PSEN1","MAML1","MYH9"
"PSEN1","CDC25C","MYH9"
"PSEN1","WEE1","MYH9"
"PSEN1","CLASP2","MYH9"
"PSEN1","RHEB","MYH9"
"PSEN1","INPP5D","MYH9"
"PSEN1","TNFAIP1","MYH9"
"PSEN1","PHF8","MYH9"
"PSEN1","NF2","MYH9"
"PSEN1","MDC1","MYH9"
"PSEN1","MRE11","MYH9"
"PSEN1","FRAT1","MYH9"
"PSEN1","CBL","MYH9"
"PSEN1","RBBP8","MYH9"
"PSEN1","PCBP2","MYH9"
"PSEN1","SH2B3","MYH9"
"PSEN1","HDAC1","MYH9"
"PSEN1","GRB14","MYH9"
"PSEN1","PRKAR1A","MYH9"
"PSEN1","NOTCH2","MYH9"
"PSEN1","BAZ1B","MYH9"
"PSEN1","PLCG2","MYH9"
"PSEN1","STK3/4","BZLF1"
"PSEN1","ACP1","BZLF1"
"PSEN1","PTPN6","BZLF1"
"PSEN1","STK4","BZLF1"
"PSEN1","RPS6KB1","BZLF1"
"PSEN1","CHEK1","BZLF1"
"PSEN1","EIF2AK2","BZLF1"
"PSEN1","STK3","BZLF1"
"PSEN1","DOK1","BZLF1"
"PSEN1","CDC25A","BZLF1"
"PSEN1","MARK2","BZLF1"
"PSEN1","PHLPP1","BZLF1"
"PSEN1","CALM3","BZLF1"
"PSEN1","YAP1","BZLF1"
"PSEN1","DEF6","BZLF1"
"PSEN1","CAMKK2","BZLF1"
"PSEN1","PTPN7","BZLF1"
"PSEN1","PDP1","BZLF1"
"PSEN1","RPS6KA4","BZLF1"
"PSEN1","HDAC3","BZLF1"
"PSEN1","AXIN1","BZLF1"
"PSEN1","PTPRR","BZLF1"
"PSEN1","CDKN1B","BZLF1"
"PSEN1","SKP2","BZLF1"
"PSEN1","MAML1","BZLF1"
"PSEN1","CDC25C","BZLF1"
"PSEN1","WEE1","BZLF1"
"PSEN1","CLASP2","BZLF1"
"PSEN1","RHEB","BZLF1"
"PSEN1","INPP5D","BZLF1"
"PSEN1","TNFAIP1","BZLF1"
"PSEN1","PHF8","BZLF1"
"PSEN1","NF2","BZLF1"
"PSEN1","MDC1","BZLF1"
"PSEN1","MRE11","BZLF1"
"PSEN1","FRAT1","BZLF1"
"PSEN1","CBL","BZLF1"
"PSEN1","RBBP8","BZLF1"
"PSEN1","PCBP2","BZLF1"
"PSEN1","SH2B3","BZLF1"
"PSEN1","HDAC1","BZLF1"
"PSEN1","GRB14","BZLF1"
"PSEN1","PRKAR1A","BZLF1"
"PSEN1","NOTCH2","BZLF1"
"PSEN1","BAZ1B","BZLF1"
"PSEN1","PLCG2","BZLF1"
"PSEN1","STK3/4","CREB1"
"PSEN1","ACP1","CREB1"
"PSEN1","PTPN6","CREB1"
"PSEN1","STK4","CREB1"
"PSEN1","RPS6KB1","CREB1"
"PSEN1","CHEK1","CREB1"
"PSEN1","EIF2AK2","CREB1"
"PSEN1","STK3","CREB1"
"PSEN1","DOK1","CREB1"
"PSEN1","CDC25A","CREB1"
"PSEN1","MARK2","CREB1"
"PSEN1","PHLPP1","CREB1"
"PSEN1","CALM3","CREB1"
"PSEN1","YAP1","CREB1"
"PSEN1","DEF6","CREB1"
"PSEN1","CAMKK2","CREB1"
"PSEN1","PTPN7","CREB1"
"PSEN1","PDP1","CREB1"
"PSEN1","RPS6KA4","CREB1"
"PSEN1","HDAC3","CREB1"
"PSEN1","AXIN1","CREB1"
"PSEN1","PTPRR","CREB1"
"PSEN1","CDKN1B","CREB1"
"PSEN1","SKP2","CREB1"
"PSEN1","MAML1","CREB1"
"PSEN1","CDC25C","CREB1"
"PSEN1","WEE1","CREB1"
"PSEN1","CLASP2","CREB1"
"PSEN1","RHEB","CREB1"
"PSEN1","INPP5D","CREB1"
"PSEN1","TNFAIP1","CREB1"
"PSEN1","PHF8","CREB1"
"PSEN1","NF2","CREB1"
"PSEN1","MDC1","CREB1"
"PSEN1","MRE11","CREB1"
"PSEN1","FRAT1","CREB1"
"PSEN1","CBL","CREB1"
"PSEN1","RBBP8","CREB1"
"PSEN1","PCBP2","CREB1"
"PSEN1","SH2B3","CREB1"
"PSEN1","HDAC1","CREB1"
"PSEN1","GRB14","CREB1"
"PSEN1","PRKAR1A","CREB1"
"PSEN1","NOTCH2","CREB1"
"PSEN1","BAZ1B","CREB1"
"PSEN1","PLCG2","CREB1"
"PSEN1","STK3/4","H2AC11"
"PSEN1","ACP1","H2AC11"
"PSEN1","PTPN6","H2AC11"
"PSEN1","STK4","H2AC11"
"PSEN1","RPS6KB1","H2AC11"
"PSEN1","CHEK1","H2AC11"
"PSEN1","EIF2AK2","H2AC11"
"PSEN1","STK3","H2AC11"
"PSEN1","DOK1","H2AC11"
"PSEN1","CDC25A","H2AC11"
"PSEN1","MARK2","H2AC11"
"PSEN1","PHLPP1","H2AC11"
"PSEN1","CALM3","H2AC11"
"PSEN1","YAP1","H2AC11"
"PSEN1","DEF6","H2AC11"
"PSEN1","CAMKK2","H2AC11"
"PSEN1","PTPN7","H2AC11"
"PSEN1","PDP1","H2AC11"
"PSEN1","RPS6KA4","H2AC11"
"PSEN1","HDAC3","H2AC11"
"PSEN1","AXIN1","H2AC11"
"PSEN1","PTPRR","H2AC11"
"PSEN1","CDKN1B","H2AC11"
"PSEN1","SKP2","H2AC11"
"PSEN1","MAML1","H2AC11"
"PSEN1","CDC25C","H2AC11"
"PSEN1","WEE1","H2AC11"
"PSEN1","CLASP2","H2AC11"
"PSEN1","RHEB","H2AC11"
"PSEN1","INPP5D","H2AC11"
"PSEN1","TNFAIP1","H2AC11"
"PSEN1","PHF8","H2AC11"
"PSEN1","NF2","H2AC11"
"PSEN1","MDC1","H2AC11"
"PSEN1","MRE11","H2AC11"
"PSEN1","FRAT1","H2AC11"
"PSEN1","CBL","H2AC11"
"PSEN1","RBBP8","H2AC11"
"PSEN1","PCBP2","H2AC11"
"PSEN1","SH2B3","H2AC11"
"PSEN1","HDAC1","H2AC11"
"PSEN1","GRB14","H2AC11"
"PSEN1","PRKAR1A","H2AC11"
"PSEN1","NOTCH2","H2AC11"
"PSEN1","BAZ1B","H2AC11"
"PSEN1","PLCG2","H2AC11"
"PSEN1","STK3/4","BRCA1"
"PSEN1","ACP1","BRCA1"
"PSEN1","PTPN6","BRCA1"
"PSEN1","STK4","BRCA1"
"PSEN1","RPS6KB1","BRCA1"
"PSEN1","CHEK1","BRCA1"
"PSEN1","EIF2AK2","BRCA1"
"PSEN1","STK3","BRCA1"
"PSEN1","DOK1","BRCA1"
"PSEN1","CDC25A","BRCA1"
"PSEN1","MARK2","BRCA1"
"PSEN1","PHLPP1","BRCA1"
"PSEN1","CALM3","BRCA1"
"PSEN1","YAP1","BRCA1"
"PSEN1","DEF6","BRCA1"
"PSEN1","CAMKK2","BRCA1"
"PSEN1","PTPN7","BRCA1"
"PSEN1","PDP1","BRCA1"
"PSEN1","RPS6KA4","BRCA1"
"PSEN1","HDAC3","BRCA1"
"PSEN1","AXIN1","BRCA1"
"PSEN1","PTPRR","BRCA1"
"PSEN1","CDKN1B","BRCA1"
"PSEN1","SKP2","BRCA1"
"PSEN1","MAML1","BRCA1"
"PSEN1","CDC25C","BRCA1"
"PSEN1","WEE1","BRCA1"
"PSEN1","CLASP2","BRCA1"
"PSEN1","RHEB","BRCA1"
"PSEN1","INPP5D","BRCA1"
"PSEN1","TNFAIP1","BRCA1"
"PSEN1","PHF8","BRCA1"
"PSEN1","NF2","BRCA1"
"PSEN1","MDC1","BRCA1"
"PSEN1","MRE11","BRCA1"
"PSEN1","FRAT1","BRCA1"
"PSEN1","CBL","BRCA1"
"PSEN1","RBBP8","BRCA1"
"PSEN1","PCBP2","BRCA1"
"PSEN1","SH2B3","BRCA1"
"PSEN1","HDAC1","BRCA1"
"PSEN1","GRB14","BRCA1"
"PSEN1","PRKAR1A","BRCA1"
"PSEN1","NOTCH2","BRCA1"
"PSEN1","BAZ1B","BRCA1"
"PSEN1","PLCG2","BRCA1"
"PSEN1","STK3/4","PECAM1"
"PSEN1","ACP1","PECAM1"
"PSEN1","PTPN6","PECAM1"
"PSEN1","STK4","PECAM1"
"PSEN1","RPS6KB1","PECAM1"
"PSEN1","CHEK1","PECAM1"
"PSEN1","EIF2AK2","PECAM1"
"PSEN1","STK3","PECAM1"
"PSEN1","DOK1","PECAM1"
"PSEN1","CDC25A","PECAM1"
"PSEN1","MARK2","PECAM1"
"PSEN1","PHLPP1","PECAM1"
"PSEN1","CALM3","PECAM1"
"PSEN1","YAP1","PECAM1"
"PSEN1","DEF6","PECAM1"
"PSEN1","CAMKK2","PECAM1"
"PSEN1","PTPN7","PECAM1"
"PSEN1","PDP1","PECAM1"
"PSEN1","RPS6KA4","PECAM1"
"PSEN1","HDAC3","PECAM1"
"PSEN1","AXIN1","PECAM1"
"PSEN1","PTPRR","PECAM1"
"PSEN1","CDKN1B","PECAM1"
"PSEN1","SKP2","PECAM1"
"PSEN1","MAML1","PECAM1"
"PSEN1","CDC25C","PECAM1"
"PSEN1","WEE1","PECAM1"
"PSEN1","CLASP2","PECAM1"
"PSEN1","RHEB","PECAM1"
"PSEN1","INPP5D","PECAM1"
"PSEN1","TNFAIP1","PECAM1"
"PSEN1","PHF8","PECAM1"
"PSEN1","NF2","PECAM1"
"PSEN1","MDC1","PECAM1"
"PSEN1","MRE11","PECAM1"
"PSEN1","FRAT1","PECAM1"
"PSEN1","CBL","PECAM1"
"PSEN1","RBBP8","PECAM1"
"PSEN1","PCBP2","PECAM1"
"PSEN1","SH2B3","PECAM1"
"PSEN1","HDAC1","PECAM1"
"PSEN1","GRB14","PECAM1"
"PSEN1","PRKAR1A","PECAM1"
"PSEN1","NOTCH2","PECAM1"
"PSEN1","BAZ1B","PECAM1"
"PSEN1","PLCG2","PECAM1"
"PSEN1","STK3/4","CD3"
"PSEN1","ACP1","CD3"
"PSEN1","PTPN6","CD3"
"PSEN1","STK4","CD3"
"PSEN1","RPS6KB1","CD3"
"PSEN1","CHEK1","CD3"
"PSEN1","EIF2AK2","CD3"
"PSEN1","STK3","CD3"
"PSEN1","DOK1","CD3"
"PSEN1","CDC25A","CD3"
"PSEN1","MARK2","CD3"
"PSEN1","PHLPP1","CD3"
"PSEN1","CALM3","CD3"
"PSEN1","YAP1","CD3"
"PSEN1","DEF6","CD3"
"PSEN1","CAMKK2","CD3"
"PSEN1","PTPN7","CD3"
"PSEN1","PDP1","CD3"
"PSEN1","RPS6KA4","CD3"
"PSEN1","HDAC3","CD3"
"PSEN1","AXIN1","CD3"
"PSEN1","PTPRR","CD3"
"PSEN1","CDKN1B","CD3"
"PSEN1","SKP2","CD3"
"PSEN1","MAML1","CD3"
"PSEN1","CDC25C","CD3"
"PSEN1","WEE1","CD3"
"PSEN1","CLASP2","CD3"
"PSEN1","RHEB","CD3"
"PSEN1","INPP5D","CD3"
"PSEN1","TNFAIP1","CD3"
"PSEN1","PHF8","CD3"
"PSEN1","NF2","CD3"
"PSEN1","MDC1","CD3"
"PSEN1","MRE11","CD3"
"PSEN1","FRAT1","CD3"
"PSEN1","CBL","CD3"
"PSEN1","RBBP8","CD3"
"PSEN1","PCBP2","CD3"
"PSEN1","SH2B3","CD3"
"PSEN1","HDAC1","CD3"
"PSEN1","GRB14","CD3"
"PSEN1","PRKAR1A","CD3"
"PSEN1","NOTCH2","CD3"
"PSEN1","BAZ1B","CD3"
"PSEN1","PLCG2","CD3"
"PSEN1","STK3/4","SORT1"
"PSEN1","ACP1","SORT1"
"PSEN1","PTPN6","SORT1"
"PSEN1","STK4","SORT1"
"PSEN1","RPS6KB1","SORT1"
"PSEN1","CHEK1","SORT1"
"PSEN1","EIF2AK2","SORT1"
"PSEN1","STK3","SORT1"
"PSEN1","DOK1","SORT1"
"PSEN1","CDC25A","SORT1"
"PSEN1","MARK2","SORT1"
"PSEN1","PHLPP1","SORT1"
"PSEN1","CALM3","SORT1"
"PSEN1","YAP1","SORT1"
"PSEN1","DEF6","SORT1"
"PSEN1","CAMKK2","SORT1"
"PSEN1","PTPN7","SORT1"
"PSEN1","PDP1","SORT1"
"PSEN1","RPS6KA4","SORT1"
"PSEN1","HDAC3","SORT1"
"PSEN1","AXIN1","SORT1"
"PSEN1","PTPRR","SORT1"
"PSEN1","CDKN1B","SORT1"
"PSEN1","SKP2","SORT1"
"PSEN1","MAML1","SORT1"
"PSEN1","CDC25C","SORT1"
"PSEN1","WEE1","SORT1"
"PSEN1","CLASP2","SORT1"
"PSEN1","RHEB","SORT1"
"PSEN1","INPP5D","SORT1"
"PSEN1","TNFAIP1","SORT1"
"PSEN1","PHF8","SORT1"
"PSEN1","NF2","SORT1"
"PSEN1","MDC1","SORT1"
"PSEN1","MRE11","SORT1"
"PSEN1","FRAT1","SORT1"
"PSEN1","CBL","SORT1"
"PSEN1","RBBP8","SORT1"
"PSEN1","PCBP2","SORT1"
"PSEN1","SH2B3","SORT1"
"PSEN1","HDAC1","SORT1"
"PSEN1","GRB14","SORT1"
"PSEN1","PRKAR1A","SORT1"
"PSEN1","NOTCH2","SORT1"
"PSEN1","BAZ1B","SORT1"
"PSEN1","PLCG2","SORT1"
"PSEN1","STK3/4","ROR2"
"PSEN1","ACP1","ROR2"
"PSEN1","PTPN6","ROR2"
"PSEN1","STK4","ROR2"
"PSEN1","RPS6KB1","ROR2"
"PSEN1","CHEK1","ROR2"
"PSEN1","EIF2AK2","ROR2"
"PSEN1","STK3","ROR2"
"PSEN1","DOK1","ROR2"
"PSEN1","CDC25A","ROR2"
"PSEN1","MARK2","ROR2"
"PSEN1","PHLPP1","ROR2"
"PSEN1","CALM3","ROR2"
"PSEN1","YAP1","ROR2"
"PSEN1","DEF6","ROR2"
"PSEN1","CAMKK2","ROR2"
"PSEN1","PTPN7","ROR2"
"PSEN1","PDP1","ROR2"
"PSEN1","RPS6KA4","ROR2"
"PSEN1","HDAC3","ROR2"
"PSEN1","AXIN1","ROR2"
"PSEN1","PTPRR","ROR2"
"PSEN1","CDKN1B","ROR2"
"PSEN1","SKP2","ROR2"
"PSEN1","MAML1","ROR2"
"PSEN1","CDC25C","ROR2"
"PSEN1","WEE1","ROR2"
"PSEN1","CLASP2","ROR2"
"PSEN1","RHEB","ROR2"
"PSEN1","INPP5D","ROR2"
"PSEN1","TNFAIP1","ROR2"
"PSEN1","PHF8","ROR2"
"PSEN1","NF2","ROR2"
"PSEN1","MDC1","ROR2"
"PSEN1","MRE11","ROR2"
"PSEN1","FRAT1","ROR2"
"PSEN1","CBL","ROR2"
"PSEN1","RBBP8","ROR2"
"PSEN1","PCBP2","ROR2"
"PSEN1","SH2B3","ROR2"
"PSEN1","HDAC1","ROR2"
"PSEN1","GRB14","ROR2"
"PSEN1","PRKAR1A","ROR2"
"PSEN1","NOTCH2","ROR2"
"PSEN1","BAZ1B","ROR2"
"PSEN1","PLCG2","ROR2"
"PSEN1","STK3/4","BAG3"
"PSEN1","ACP1","BAG3"
"PSEN1","PTPN6","BAG3"
"PSEN1","STK4","BAG3"
"PSEN1","RPS6KB1","BAG3"
"PSEN1","CHEK1","BAG3"
"PSEN1","EIF2AK2","BAG3"
"PSEN1","STK3","BAG3"
"PSEN1","DOK1","BAG3"
"PSEN1","CDC25A","BAG3"
"PSEN1","MARK2","BAG3"
"PSEN1","PHLPP1","BAG3"
"PSEN1","CALM3","BAG3"
"PSEN1","YAP1","BAG3"
"PSEN1","DEF6","BAG3"
"PSEN1","CAMKK2","BAG3"
"PSEN1","PTPN7","BAG3"
"PSEN1","PDP1","BAG3"
"PSEN1","RPS6KA4","BAG3"
"PSEN1","HDAC3","BAG3"
"PSEN1","AXIN1","BAG3"
"PSEN1","PTPRR","BAG3"
"PSEN1","CDKN1B","BAG3"
"PSEN1","SKP2","BAG3"
"PSEN1","MAML1","BAG3"
"PSEN1","CDC25C","BAG3"
"PSEN1","WEE1","BAG3"
"PSEN1","CLASP2","BAG3"
"PSEN1","RHEB","BAG3"
"PSEN1","INPP5D","BAG3"
"PSEN1","TNFAIP1","BAG3"
"PSEN1","PHF8","BAG3"
"PSEN1","NF2","BAG3"
"PSEN1","MDC1","BAG3"
"PSEN1","MRE11","BAG3"
"PSEN1","FRAT1","BAG3"
"PSEN1","CBL","BAG3"
"PSEN1","RBBP8","BAG3"
"PSEN1","PCBP2","BAG3"
"PSEN1","SH2B3","BAG3"
"PSEN1","HDAC1","BAG3"
"PSEN1","GRB14","BAG3"
"PSEN1","PRKAR1A","BAG3"
"PSEN1","NOTCH2","BAG3"
"PSEN1","BAZ1B","BAG3"
"PSEN1","PLCG2","BAG3"
"PSEN1","STK3/4","ABI1"
"PSEN1","ACP1","ABI1"
"PSEN1","PTPN6","ABI1"
"PSEN1","STK4","ABI1"
"PSEN1","RPS6KB1","ABI1"
"PSEN1","CHEK1","ABI1"
"PSEN1","EIF2AK2","ABI1"
"PSEN1","STK3","ABI1"
"PSEN1","DOK1","ABI1"
"PSEN1","CDC25A","ABI1"
"PSEN1","MARK2","ABI1"
"PSEN1","PHLPP1","ABI1"
"PSEN1","CALM3","ABI1"
"PSEN1","YAP1","ABI1"
"PSEN1","DEF6","ABI1"
"PSEN1","CAMKK2","ABI1"
"PSEN1","PTPN7","ABI1"
"PSEN1","PDP1","ABI1"
"PSEN1","RPS6KA4","ABI1"
"PSEN1","HDAC3","ABI1"
"PSEN1","AXIN1","ABI1"
"PSEN1","PTPRR","ABI1"
"PSEN1","CDKN1B","ABI1"
"PSEN1","SKP2","ABI1"
"PSEN1","MAML1","ABI1"
"PSEN1","CDC25C","ABI1"
"PSEN1","WEE1","ABI1"
"PSEN1","CLASP2","ABI1"
"PSEN1","RHEB","ABI1"
"PSEN1","INPP5D","ABI1"
"PSEN1","TNFAIP1","ABI1"
"PSEN1","PHF8","ABI1"
"PSEN1","NF2","ABI1"
"PSEN1","MDC1","ABI1"
"PSEN1","MRE11","ABI1"
"PSEN1","FRAT1","ABI1"
"PSEN1","RBBP8","ABI1"
"PSEN1","PCBP2","ABI1"
"PSEN1","SH2B3","ABI1"
"PSEN1","HDAC1","ABI1"
"PSEN1","GRB14","ABI1"
"PSEN1","PRKAR1A","ABI1"
"PSEN1","NOTCH2","ABI1"
"PSEN1","BAZ1B","ABI1"
"PSEN1","PLCG2","ABI1"
"PSEN1","STK3/4","CBL"
"PSEN1","ACP1","CBL"
"PSEN1","PTPN6","CBL"
"PSEN1","STK4","CBL"
"PSEN1","RPS6KB1","CBL"
"PSEN1","CHEK1","CBL"
"PSEN1","EIF2AK2","CBL"
"PSEN1","STK3","CBL"
"PSEN1","DOK1","CBL"
"PSEN1","CDC25A","CBL"
"PSEN1","MARK2","CBL"
"PSEN1","PHLPP1","CBL"
"PSEN1","CALM3","CBL"
"PSEN1","YAP1","CBL"
"PSEN1","DEF6","CBL"
"PSEN1","CAMKK2","CBL"
"PSEN1","PTPN7","CBL"
"PSEN1","PDP1","CBL"
"PSEN1","RPS6KA4","CBL"
"PSEN1","HDAC3","CBL"
"PSEN1","AXIN1","CBL"
"PSEN1","PTPRR","CBL"
"PSEN1","CDKN1B","CBL"
"PSEN1","SKP2","CBL"
"PSEN1","MAML1","CBL"
"PSEN1","CDC25C","CBL"
"PSEN1","WEE1","CBL"
"PSEN1","CLASP2","CBL"
"PSEN1","RHEB","CBL"
"PSEN1","INPP5D","CBL"
"PSEN1","TNFAIP1","CBL"
"PSEN1","PHF8","CBL"
"PSEN1","NF2","CBL"
"PSEN1","MDC1","CBL"
"PSEN1","MRE11","CBL"
"PSEN1","FRAT1","CBL"
"PSEN1","RBBP8","CBL"
"PSEN1","PCBP2","CBL"
"PSEN1","SH2B3","CBL"
"PSEN1","HDAC1","CBL"
"PSEN1","GRB14","CBL"
"PSEN1","PRKAR1A","CBL"
"PSEN1","NOTCH2","CBL"
"PSEN1","BAZ1B","CBL"
"PSEN1","PLCG2","CBL"
"PSEN1","STK3/4","RBBP8"
"PSEN1","ACP1","RBBP8"
"PSEN1","PTPN6","RBBP8"
"PSEN1","STK4","RBBP8"
"PSEN1","RPS6KB1","RBBP8"
"PSEN1","CHEK1","RBBP8"
"PSEN1","EIF2AK2","RBBP8"
"PSEN1","STK3","RBBP8"
"PSEN1","DOK1","RBBP8"
"PSEN1","CDC25A","RBBP8"
"PSEN1","MARK2","RBBP8"
"PSEN1","PHLPP1","RBBP8"
"PSEN1","CALM3","RBBP8"
"PSEN1","YAP1","RBBP8"
"PSEN1","DEF6","RBBP8"
"PSEN1","CAMKK2","RBBP8"
"PSEN1","PTPN7","RBBP8"
"PSEN1","PDP1","RBBP8"
"PSEN1","RPS6KA4","RBBP8"
"PSEN1","HDAC3","RBBP8"
"PSEN1","AXIN1","RBBP8"
"PSEN1","PTPRR","RBBP8"
"PSEN1","CDKN1B","RBBP8"
"PSEN1","SKP2","RBBP8"
"PSEN1","MAML1","RBBP8"
"PSEN1","CDC25C","RBBP8"
"PSEN1","WEE1","RBBP8"
"PSEN1","CLASP2","RBBP8"
"PSEN1","RHEB","RBBP8"
"PSEN1","INPP5D","RBBP8"
"PSEN1","TNFAIP1","RBBP8"
"PSEN1","PHF8","RBBP8"
"PSEN1","NF2","RBBP8"
"PSEN1","MDC1","RBBP8"
"PSEN1","MRE11","RBBP8"
"PSEN1","FRAT1","RBBP8"
"PSEN1","CBL","RBBP8"
"PSEN1","PCBP2","RBBP8"
"PSEN1","SH2B3","RBBP8"
"PSEN1","HDAC1","RBBP8"
"PSEN1","GRB14","RBBP8"
"PSEN1","PRKAR1A","RBBP8"
"PSEN1","NOTCH2","RBBP8"
"PSEN1","BAZ1B","RBBP8"
"PSEN1","PLCG2","RBBP8"
"PSEN1","STK3/4","PCBP2"
"PSEN1","ACP1","PCBP2"
"PSEN1","PTPN6","PCBP2"
"PSEN1","STK4","PCBP2"
"PSEN1","RPS6KB1","PCBP2"
"PSEN1","CHEK1","PCBP2"
"PSEN1","EIF2AK2","PCBP2"
"PSEN1","STK3","PCBP2"
"PSEN1","DOK1","PCBP2"
"PSEN1","CDC25A","PCBP2"
"PSEN1","MARK2","PCBP2"
"PSEN1","PHLPP1","PCBP2"
"PSEN1","CALM3","PCBP2"
"PSEN1","YAP1","PCBP2"
"PSEN1","DEF6","PCBP2"
"PSEN1","CAMKK2","PCBP2"
"PSEN1","PTPN7","PCBP2"
"PSEN1","PDP1","PCBP2"
"PSEN1","RPS6KA4","PCBP2"
"PSEN1","HDAC3","PCBP2"
"PSEN1","AXIN1","PCBP2"
"PSEN1","PTPRR","PCBP2"
"PSEN1","CDKN1B","PCBP2"
"PSEN1","SKP2","PCBP2"
"PSEN1","MAML1","PCBP2"
"PSEN1","CDC25C","PCBP2"
"PSEN1","WEE1","PCBP2"
"PSEN1","CLASP2","PCBP2"
"PSEN1","RHEB","PCBP2"
"PSEN1","INPP5D","PCBP2"
"PSEN1","TNFAIP1","PCBP2"
"PSEN1","PHF8","PCBP2"
"PSEN1","NF2","PCBP2"
"PSEN1","MDC1","PCBP2"
"PSEN1","MRE11","PCBP2"
"PSEN1","FRAT1","PCBP2"
"PSEN1","CBL","PCBP2"
"PSEN1","RBBP8","PCBP2"
"PSEN1","SH2B3","PCBP2"
"PSEN1","HDAC1","PCBP2"
"PSEN1","GRB14","PCBP2"
"PSEN1","PRKAR1A","PCBP2"
"PSEN1","NOTCH2","PCBP2"
"PSEN1","BAZ1B","PCBP2"
"PSEN1","PLCG2","PCBP2"
"PSEN1","STK3/4","AP1"
"PSEN1","ACP1","AP1"
"PSEN1","PTPN6","AP1"
"PSEN1","STK4","AP1"
"PSEN1","RPS6KB1","AP1"
"PSEN1","CHEK1","AP1"
"PSEN1","EIF2AK2","AP1"
"PSEN1","STK3","AP1"
"PSEN1","DOK1","AP1"
"PSEN1","CDC25A","AP1"
"PSEN1","MARK2","AP1"
"PSEN1","PHLPP1","AP1"
"PSEN1","CALM3","AP1"
"PSEN1","YAP1","AP1"
"PSEN1","DEF6","AP1"
"PSEN1","CAMKK2","AP1"
"PSEN1","PTPN7","AP1"
"PSEN1","PDP1","AP1"
"PSEN1","RPS6KA4","AP1"
"PSEN1","HDAC3","AP1"
"PSEN1","AXIN1","AP1"
"PSEN1","PTPRR","AP1"
"PSEN1","CDKN1B","AP1"
"PSEN1","SKP2","AP1"
"PSEN1","MAML1","AP1"
"PSEN1","CDC25C","AP1"
"PSEN1","WEE1","AP1"
"PSEN1","CLASP2","AP1"
"PSEN1","RHEB","AP1"
"PSEN1","INPP5D","AP1"
"PSEN1","TNFAIP1","AP1"
"PSEN1","PHF8","AP1"
"PSEN1","NF2","AP1"
"PSEN1","MDC1","AP1"
"PSEN1","MRE11","AP1"
"PSEN1","FRAT1","AP1"
"PSEN1","CBL","AP1"
"PSEN1","RBBP8","AP1"
"PSEN1","PCBP2","AP1"
"PSEN1","SH2B3","AP1"
"PSEN1","HDAC1","AP1"
"PSEN1","GRB14","AP1"
"PSEN1","PRKAR1A","AP1"
"PSEN1","NOTCH2","AP1"
"PSEN1","BAZ1B","AP1"
"PSEN1","PLCG2","AP1"
"PSEN1","STK3/4","SH2B3"
"PSEN1","ACP1","SH2B3"
"PSEN1","PTPN6","SH2B3"
"PSEN1","STK4","SH2B3"
"PSEN1","RPS6KB1","SH2B3"
"PSEN1","CHEK1","SH2B3"
"PSEN1","EIF2AK2","SH2B3"
"PSEN1","STK3","SH2B3"
"PSEN1","DOK1","SH2B3"
"PSEN1","CDC25A","SH2B3"
"PSEN1","MARK2","SH2B3"
"PSEN1","PHLPP1","SH2B3"
"PSEN1","CALM3","SH2B3"
"PSEN1","YAP1","SH2B3"
"PSEN1","DEF6","SH2B3"
"PSEN1","CAMKK2","SH2B3"
"PSEN1","PTPN7","SH2B3"
"PSEN1","PDP1","SH2B3"
"PSEN1","RPS6KA4","SH2B3"
"PSEN1","HDAC3","SH2B3"
"PSEN1","AXIN1","SH2B3"
"PSEN1","PTPRR","SH2B3"
"PSEN1","CDKN1B","SH2B3"
"PSEN1","SKP2","SH2B3"
"PSEN1","MAML1","SH2B3"
"PSEN1","CDC25C","SH2B3"
"PSEN1","WEE1","SH2B3"
"PSEN1","CLASP2","SH2B3"
"PSEN1","RHEB","SH2B3"
"PSEN1","INPP5D","SH2B3"
"PSEN1","TNFAIP1","SH2B3"
"PSEN1","PHF8","SH2B3"
"PSEN1","NF2","SH2B3"
"PSEN1","MDC1","SH2B3"
"PSEN1","MRE11","SH2B3"
"PSEN1","FRAT1","SH2B3"
"PSEN1","CBL","SH2B3"
"PSEN1","RBBP8","SH2B3"
"PSEN1","PCBP2","SH2B3"
"PSEN1","HDAC1","SH2B3"
"PSEN1","GRB14","SH2B3"
"PSEN1","PRKAR1A","SH2B3"
"PSEN1","NOTCH2","SH2B3"
"PSEN1","BAZ1B","SH2B3"
"PSEN1","PLCG2","SH2B3"
"PSEN1","STK3/4","E2F1"
"PSEN1","ACP1","E2F1"
"PSEN1","PTPN6","E2F1"
"PSEN1","STK4","E2F1"
"PSEN1","RPS6KB1","E2F1"
"PSEN1","CHEK1","E2F1"
"PSEN1","EIF2AK2","E2F1"
"PSEN1","STK3","E2F1"
"PSEN1","DOK1","E2F1"
"PSEN1","CDC25A","E2F1"
"PSEN1","MARK2","E2F1"
"PSEN1","PHLPP1","E2F1"
"PSEN1","CALM3","E2F1"
"PSEN1","YAP1","E2F1"
"PSEN1","DEF6","E2F1"
"PSEN1","CAMKK2","E2F1"
"PSEN1","PTPN7","E2F1"
"PSEN1","PDP1","E2F1"
"PSEN1","RPS6KA4","E2F1"
"PSEN1","HDAC3","E2F1"
"PSEN1","AXIN1","E2F1"
"PSEN1","PTPRR","E2F1"
"PSEN1","CDKN1B","E2F1"
"PSEN1","SKP2","E2F1"
"PSEN1","MAML1","E2F1"
"PSEN1","CDC25C","E2F1"
"PSEN1","WEE1","E2F1"
"PSEN1","CLASP2","E2F1"
"PSEN1","RHEB","E2F1"
"PSEN1","INPP5D","E2F1"
"PSEN1","TNFAIP1","E2F1"
"PSEN1","PHF8","E2F1"
"PSEN1","NF2","E2F1"
"PSEN1","MDC1","E2F1"
"PSEN1","MRE11","E2F1"
"PSEN1","FRAT1","E2F1"
"PSEN1","CBL","E2F1"
"PSEN1","RBBP8","E2F1"
"PSEN1","PCBP2","E2F1"
"PSEN1","SH2B3","E2F1"
"PSEN1","HDAC1","E2F1"
"PSEN1","GRB14","E2F1"
"PSEN1","PRKAR1A","E2F1"
"PSEN1","NOTCH2","E2F1"
"PSEN1","BAZ1B","E2F1"
"PSEN1","PLCG2","E2F1"
"PSEN1","STK3/4","DTD1"
"PSEN1","ACP1","DTD1"
"PSEN1","PTPN6","DTD1"
"PSEN1","STK4","DTD1"
"PSEN1","RPS6KB1","DTD1"
"PSEN1","CHEK1","DTD1"
"PSEN1","EIF2AK2","DTD1"
"PSEN1","STK3","DTD1"
"PSEN1","DOK1","DTD1"
"PSEN1","CDC25A","DTD1"
"PSEN1","MARK2","DTD1"
"PSEN1","PHLPP1","DTD1"
"PSEN1","CALM3","DTD1"
"PSEN1","YAP1","DTD1"
"PSEN1","DEF6","DTD1"
"PSEN1","CAMKK2","DTD1"
"PSEN1","PTPN7","DTD1"
"PSEN1","PDP1","DTD1"
"PSEN1","RPS6KA4","DTD1"
"PSEN1","HDAC3","DTD1"
"PSEN1","AXIN1","DTD1"
"PSEN1","PTPRR","DTD1"
"PSEN1","CDKN1B","DTD1"
"PSEN1","SKP2","DTD1"
"PSEN1","MAML1","DTD1"
"PSEN1","CDC25C","DTD1"
"PSEN1","WEE1","DTD1"
"PSEN1","CLASP2","DTD1"
"PSEN1","RHEB","DTD1"
"PSEN1","INPP5D","DTD1"
"PSEN1","TNFAIP1","DTD1"
"PSEN1","PHF8","DTD1"
"PSEN1","NF2","DTD1"
"PSEN1","MDC1","DTD1"
"PSEN1","MRE11","DTD1"
"PSEN1","FRAT1","DTD1"
"PSEN1","CBL","DTD1"
"PSEN1","RBBP8","DTD1"
"PSEN1","PCBP2","DTD1"
"PSEN1","SH2B3","DTD1"
"PSEN1","HDAC1","DTD1"
"PSEN1","GRB14","DTD1"
"PSEN1","PRKAR1A","DTD1"
"PSEN1","NOTCH2","DTD1"
"PSEN1","BAZ1B","DTD1"
"PSEN1","PLCG2","DTD1"
"PSEN1","STK3/4","MYOCD"
"PSEN1","ACP1","MYOCD"
"PSEN1","PTPN6","MYOCD"
"PSEN1","STK4","MYOCD"
"PSEN1","RPS6KB1","MYOCD"
"PSEN1","CHEK1","MYOCD"
"PSEN1","EIF2AK2","MYOCD"
"PSEN1","STK3","MYOCD"
"PSEN1","DOK1","MYOCD"
"PSEN1","CDC25A","MYOCD"
"PSEN1","MARK2","MYOCD"
"PSEN1","PHLPP1","MYOCD"
"PSEN1","CALM3","MYOCD"
"PSEN1","YAP1","MYOCD"
"PSEN1","DEF6","MYOCD"
"PSEN1","CAMKK2","MYOCD"
"PSEN1","PTPN7","MYOCD"
"PSEN1","PDP1","MYOCD"
"PSEN1","RPS6KA4","MYOCD"
"PSEN1","HDAC3","MYOCD"
"PSEN1","AXIN1","MYOCD"
"PSEN1","PTPRR","MYOCD"
"PSEN1","CDKN1B","MYOCD"
"PSEN1","SKP2","MYOCD"
"PSEN1","MAML1","MYOCD"
"PSEN1","CDC25C","MYOCD"
"PSEN1","WEE1","MYOCD"
"PSEN1","CLASP2","MYOCD"
"PSEN1","RHEB","MYOCD"
"PSEN1","INPP5D","MYOCD"
"PSEN1","TNFAIP1","MYOCD"
"PSEN1","PHF8","MYOCD"
"PSEN1","NF2","MYOCD"
"PSEN1","MDC1","MYOCD"
"PSEN1","MRE11","MYOCD"
"PSEN1","FRAT1","MYOCD"
"PSEN1","CBL","MYOCD"
"PSEN1","RBBP8","MYOCD"
"PSEN1","PCBP2","MYOCD"
"PSEN1","SH2B3","MYOCD"
"PSEN1","HDAC1","MYOCD"
"PSEN1","GRB14","MYOCD"
"PSEN1","PRKAR1A","MYOCD"
"PSEN1","NOTCH2","MYOCD"
"PSEN1","BAZ1B","MYOCD"
"PSEN1","PLCG2","MYOCD"
"PSEN1","STK3/4","WAS"
"PSEN1","ACP1","WAS"
"PSEN1","PTPN6","WAS"
"PSEN1","STK4","WAS"
"PSEN1","RPS6KB1","WAS"
"PSEN1","CHEK1","WAS"
"PSEN1","EIF2AK2","WAS"
"PSEN1","STK3","WAS"
"PSEN1","DOK1","WAS"
"PSEN1","CDC25A","WAS"
"PSEN1","MARK2","WAS"
"PSEN1","PHLPP1","WAS"
"PSEN1","CALM3","WAS"
"PSEN1","YAP1","WAS"
"PSEN1","DEF6","WAS"
"PSEN1","CAMKK2","WAS"
"PSEN1","PTPN7","WAS"
"PSEN1","PDP1","WAS"
"PSEN1","RPS6KA4","WAS"
"PSEN1","HDAC3","WAS"
"PSEN1","AXIN1","WAS"
"PSEN1","PTPRR","WAS"
"PSEN1","CDKN1B","WAS"
"PSEN1","SKP2","WAS"
"PSEN1","MAML1","WAS"
"PSEN1","CDC25C","WAS"
"PSEN1","WEE1","WAS"
"PSEN1","CLASP2","WAS"
"PSEN1","RHEB","WAS"
"PSEN1","INPP5D","WAS"
"PSEN1","TNFAIP1","WAS"
"PSEN1","PHF8","WAS"
"PSEN1","NF2","WAS"
"PSEN1","MDC1","WAS"
"PSEN1","MRE11","WAS"
"PSEN1","FRAT1","WAS"
"PSEN1","CBL","WAS"
"PSEN1","RBBP8","WAS"
"PSEN1","PCBP2","WAS"
"PSEN1","SH2B3","WAS"
"PSEN1","HDAC1","WAS"
"PSEN1","GRB14","WAS"
"PSEN1","PRKAR1A","WAS"
"PSEN1","NOTCH2","WAS"
"PSEN1","BAZ1B","WAS"
"PSEN1","PLCG2","WAS"
"PSEN1","STK3/4","HDAC1"
"PSEN1","ACP1","HDAC1"
"PSEN1","PTPN6","HDAC1"
"PSEN1","STK4","HDAC1"
"PSEN1","RPS6KB1","HDAC1"
"PSEN1","CHEK1","HDAC1"
"PSEN1","EIF2AK2","HDAC1"
"PSEN1","STK3","HDAC1"
"PSEN1","DOK1","HDAC1"
"PSEN1","CDC25A","HDAC1"
"PSEN1","MARK2","HDAC1"
"PSEN1","PHLPP1","HDAC1"
"PSEN1","CALM3","HDAC1"
"PSEN1","YAP1","HDAC1"
"PSEN1","DEF6","HDAC1"
"PSEN1","CAMKK2","HDAC1"
"PSEN1","PTPN7","HDAC1"
"PSEN1","PDP1","HDAC1"
"PSEN1","RPS6KA4","HDAC1"
"PSEN1","HDAC3","HDAC1"
"PSEN1","AXIN1","HDAC1"
"PSEN1","PTPRR","HDAC1"
"PSEN1","CDKN1B","HDAC1"
"PSEN1","SKP2","HDAC1"
"PSEN1","MAML1","HDAC1"
"PSEN1","CDC25C","HDAC1"
"PSEN1","WEE1","HDAC1"
"PSEN1","CLASP2","HDAC1"
"PSEN1","RHEB","HDAC1"
"PSEN1","INPP5D","HDAC1"
"PSEN1","TNFAIP1","HDAC1"
"PSEN1","PHF8","HDAC1"
"PSEN1","NF2","HDAC1"
"PSEN1","MDC1","HDAC1"
"PSEN1","MRE11","HDAC1"
"PSEN1","FRAT1","HDAC1"
"PSEN1","CBL","HDAC1"
"PSEN1","RBBP8","HDAC1"
"PSEN1","PCBP2","HDAC1"
"PSEN1","SH2B3","HDAC1"
"PSEN1","GRB14","HDAC1"
"PSEN1","PRKAR1A","HDAC1"
"PSEN1","NOTCH2","HDAC1"
"PSEN1","BAZ1B","HDAC1"
"PSEN1","PLCG2","HDAC1"
"PSEN1","STK3/4","PARP1"
"PSEN1","ACP1","PARP1"
"PSEN1","PTPN6","PARP1"
"PSEN1","STK4","PARP1"
"PSEN1","RPS6KB1","PARP1"
"PSEN1","CHEK1","PARP1"
"PSEN1","EIF2AK2","PARP1"
"PSEN1","STK3","PARP1"
"PSEN1","DOK1","PARP1"
"PSEN1","CDC25A","PARP1"
"PSEN1","MARK2","PARP1"
"PSEN1","PHLPP1","PARP1"
"PSEN1","CALM3","PARP1"
"PSEN1","YAP1","PARP1"
"PSEN1","DEF6","PARP1"
"PSEN1","CAMKK2","PARP1"
"PSEN1","PTPN7","PARP1"
"PSEN1","PDP1","PARP1"
"PSEN1","RPS6KA4","PARP1"
"PSEN1","HDAC3","PARP1"
"PSEN1","AXIN1","PARP1"
"PSEN1","PTPRR","PARP1"
"PSEN1","CDKN1B","PARP1"
"PSEN1","SKP2","PARP1"
"PSEN1","MAML1","PARP1"
"PSEN1","CDC25C","PARP1"
"PSEN1","WEE1","PARP1"
"PSEN1","CLASP2","PARP1"
"PSEN1","RHEB","PARP1"
"PSEN1","INPP5D","PARP1"
"PSEN1","TNFAIP1","PARP1"
"PSEN1","PHF8","PARP1"
"PSEN1","NF2","PARP1"
"PSEN1","MDC1","PARP1"
"PSEN1","MRE11","PARP1"
"PSEN1","FRAT1","PARP1"
"PSEN1","CBL","PARP1"
"PSEN1","RBBP8","PARP1"
"PSEN1","PCBP2","PARP1"
"PSEN1","SH2B3","PARP1"
"PSEN1","HDAC1","PARP1"
"PSEN1","GRB14","PARP1"
"PSEN1","PRKAR1A","PARP1"
"PSEN1","NOTCH2","PARP1"
"PSEN1","BAZ1B","PARP1"
"PSEN1","PLCG2","PARP1"
"PSEN1","STK3/4","CLIP1"
"PSEN1","ACP1","CLIP1"
"PSEN1","PTPN6","CLIP1"
"PSEN1","STK4","CLIP1"
"PSEN1","RPS6KB1","CLIP1"
"PSEN1","CHEK1","CLIP1"
"PSEN1","EIF2AK2","CLIP1"
"PSEN1","STK3","CLIP1"
"PSEN1","DOK1","CLIP1"
"PSEN1","CDC25A","CLIP1"
"PSEN1","MARK2","CLIP1"
"PSEN1","PHLPP1","CLIP1"
"PSEN1","CALM3","CLIP1"
"PSEN1","YAP1","CLIP1"
"PSEN1","DEF6","CLIP1"
"PSEN1","CAMKK2","CLIP1"
"PSEN1","PTPN7","CLIP1"
"PSEN1","PDP1","CLIP1"
"PSEN1","RPS6KA4","CLIP1"
"PSEN1","HDAC3","CLIP1"
"PSEN1","AXIN1","CLIP1"
"PSEN1","PTPRR","CLIP1"
"PSEN1","CDKN1B","CLIP1"
"PSEN1","SKP2","CLIP1"
"PSEN1","MAML1","CLIP1"
"PSEN1","CDC25C","CLIP1"
"PSEN1","WEE1","CLIP1"
"PSEN1","CLASP2","CLIP1"
"PSEN1","RHEB","CLIP1"
"PSEN1","INPP5D","CLIP1"
"PSEN1","TNFAIP1","CLIP1"
"PSEN1","PHF8","CLIP1"
"PSEN1","NF2","CLIP1"
"PSEN1","MDC1","CLIP1"
"PSEN1","MRE11","CLIP1"
"PSEN1","FRAT1","CLIP1"
"PSEN1","CBL","CLIP1"
"PSEN1","RBBP8","CLIP1"
"PSEN1","PCBP2","CLIP1"
"PSEN1","SH2B3","CLIP1"
"PSEN1","HDAC1","CLIP1"
"PSEN1","GRB14","CLIP1"
"PSEN1","PRKAR1A","CLIP1"
"PSEN1","NOTCH2","CLIP1"
"PSEN1","BAZ1B","CLIP1"
"PSEN1","PLCG2","CLIP1"
"PSEN1","STK3/4","FOXA1"
"PSEN1","ACP1","FOXA1"
"PSEN1","PTPN6","FOXA1"
"PSEN1","STK4","FOXA1"
"PSEN1","RPS6KB1","FOXA1"
"PSEN1","CHEK1","FOXA1"
"PSEN1","EIF2AK2","FOXA1"
"PSEN1","STK3","FOXA1"
"PSEN1","DOK1","FOXA1"
"PSEN1","CDC25A","FOXA1"
"PSEN1","MARK2","FOXA1"
"PSEN1","PHLPP1","FOXA1"
"PSEN1","CALM3","FOXA1"
"PSEN1","YAP1","FOXA1"
"PSEN1","DEF6","FOXA1"
"PSEN1","CAMKK2","FOXA1"
"PSEN1","PTPN7","FOXA1"
"PSEN1","PDP1","FOXA1"
"PSEN1","RPS6KA4","FOXA1"
"PSEN1","HDAC3","FOXA1"
"PSEN1","AXIN1","FOXA1"
"PSEN1","PTPRR","FOXA1"
"PSEN1","CDKN1B","FOXA1"
"PSEN1","SKP2","FOXA1"
"PSEN1","MAML1","FOXA1"
"PSEN1","CDC25C","FOXA1"
"PSEN1","WEE1","FOXA1"
"PSEN1","CLASP2","FOXA1"
"PSEN1","RHEB","FOXA1"
"PSEN1","INPP5D","FOXA1"
"PSEN1","TNFAIP1","FOXA1"
"PSEN1","PHF8","FOXA1"
"PSEN1","NF2","FOXA1"
"PSEN1","MDC1","FOXA1"
"PSEN1","MRE11","FOXA1"
"PSEN1","FRAT1","FOXA1"
"PSEN1","CBL","FOXA1"
"PSEN1","RBBP8","FOXA1"
"PSEN1","PCBP2","FOXA1"
"PSEN1","SH2B3","FOXA1"
"PSEN1","HDAC1","FOXA1"
"PSEN1","GRB14","FOXA1"
"PSEN1","PRKAR1A","FOXA1"
"PSEN1","NOTCH2","FOXA1"
"PSEN1","BAZ1B","FOXA1"
"PSEN1","PLCG2","FOXA1"
"PSEN1","STK3/4","LRP6"
"PSEN1","ACP1","LRP6"
"PSEN1","PTPN6","LRP6"
"PSEN1","STK4","LRP6"
"PSEN1","RPS6KB1","LRP6"
"PSEN1","CHEK1","LRP6"
"PSEN1","EIF2AK2","LRP6"
"PSEN1","STK3","LRP6"
"PSEN1","DOK1","LRP6"
"PSEN1","CDC25A","LRP6"
"PSEN1","MARK2","LRP6"
"PSEN1","PHLPP1","LRP6"
"PSEN1","CALM3","LRP6"
"PSEN1","YAP1","LRP6"
"PSEN1","DEF6","LRP6"
"PSEN1","CAMKK2","LRP6"
"PSEN1","PTPN7","LRP6"
"PSEN1","PDP1","LRP6"
"PSEN1","RPS6KA4","LRP6"
"PSEN1","HDAC3","LRP6"
"PSEN1","AXIN1","LRP6"
"PSEN1","PTPRR","LRP6"
"PSEN1","CDKN1B","LRP6"
"PSEN1","SKP2","LRP6"
"PSEN1","MAML1","LRP6"
"PSEN1","CDC25C","LRP6"
"PSEN1","WEE1","LRP6"
"PSEN1","CLASP2","LRP6"
"PSEN1","RHEB","LRP6"
"PSEN1","INPP5D","LRP6"
"PSEN1","TNFAIP1","LRP6"
"PSEN1","PHF8","LRP6"
"PSEN1","NF2","LRP6"
"PSEN1","MDC1","LRP6"
"PSEN1","MRE11","LRP6"
"PSEN1","FRAT1","LRP6"
"PSEN1","CBL","LRP6"
"PSEN1","RBBP8","LRP6"
"PSEN1","PCBP2","LRP6"
"PSEN1","SH2B3","LRP6"
"PSEN1","HDAC1","LRP6"
"PSEN1","GRB14","LRP6"
"PSEN1","PRKAR1A","LRP6"
"PSEN1","NOTCH2","LRP6"
"PSEN1","BAZ1B","LRP6"
"PSEN1","PLCG2","LRP6"
"PSEN1","STK3/4","GRB14"
"PSEN1","ACP1","GRB14"
"PSEN1","PTPN6","GRB14"
"PSEN1","STK4","GRB14"
"PSEN1","RPS6KB1","GRB14"
"PSEN1","CHEK1","GRB14"
"PSEN1","EIF2AK2","GRB14"
"PSEN1","STK3","GRB14"
"PSEN1","DOK1","GRB14"
"PSEN1","CDC25A","GRB14"
"PSEN1","MARK2","GRB14"
"PSEN1","PHLPP1","GRB14"
"PSEN1","CALM3","GRB14"
"PSEN1","YAP1","GRB14"
"PSEN1","DEF6","GRB14"
"PSEN1","CAMKK2","GRB14"
"PSEN1","PTPN7","GRB14"
"PSEN1","PDP1","GRB14"
"PSEN1","RPS6KA4","GRB14"
"PSEN1","HDAC3","GRB14"
"PSEN1","AXIN1","GRB14"
"PSEN1","PTPRR","GRB14"
"PSEN1","CDKN1B","GRB14"
"PSEN1","SKP2","GRB14"
"PSEN1","MAML1","GRB14"
"PSEN1","CDC25C","GRB14"
"PSEN1","WEE1","GRB14"
"PSEN1","CLASP2","GRB14"
"PSEN1","RHEB","GRB14"
"PSEN1","INPP5D","GRB14"
"PSEN1","TNFAIP1","GRB14"
"PSEN1","PHF8","GRB14"
"PSEN1","NF2","GRB14"
"PSEN1","MDC1","GRB14"
"PSEN1","MRE11","GRB14"
"PSEN1","FRAT1","GRB14"
"PSEN1","CBL","GRB14"
"PSEN1","RBBP8","GRB14"
"PSEN1","PCBP2","GRB14"
"PSEN1","SH2B3","GRB14"
"PSEN1","HDAC1","GRB14"
"PSEN1","PRKAR1A","GRB14"
"PSEN1","NOTCH2","GRB14"
"PSEN1","BAZ1B","GRB14"
"PSEN1","PLCG2","GRB14"
"PSEN1","STK3/4","ITCH"
"PSEN1","ACP1","ITCH"
"PSEN1","PTPN6","ITCH"
"PSEN1","STK4","ITCH"
"PSEN1","RPS6KB1","ITCH"
"PSEN1","CHEK1","ITCH"
"PSEN1","EIF2AK2","ITCH"
"PSEN1","STK3","ITCH"
"PSEN1","DOK1","ITCH"
"PSEN1","CDC25A","ITCH"
"PSEN1","MARK2","ITCH"
"PSEN1","PHLPP1","ITCH"
"PSEN1","CALM3","ITCH"
"PSEN1","YAP1","ITCH"
"PSEN1","DEF6","ITCH"
"PSEN1","CAMKK2","ITCH"
"PSEN1","PTPN7","ITCH"
"PSEN1","PDP1","ITCH"
"PSEN1","RPS6KA4","ITCH"
"PSEN1","HDAC3","ITCH"
"PSEN1","AXIN1","ITCH"
"PSEN1","PTPRR","ITCH"
"PSEN1","CDKN1B","ITCH"
"PSEN1","SKP2","ITCH"
"PSEN1","MAML1","ITCH"
"PSEN1","CDC25C","ITCH"
"PSEN1","WEE1","ITCH"
"PSEN1","CLASP2","ITCH"
"PSEN1","RHEB","ITCH"
"PSEN1","INPP5D","ITCH"
"PSEN1","TNFAIP1","ITCH"
"PSEN1","PHF8","ITCH"
"PSEN1","NF2","ITCH"
"PSEN1","MDC1","ITCH"
"PSEN1","MRE11","ITCH"
"PSEN1","FRAT1","ITCH"
"PSEN1","CBL","ITCH"
"PSEN1","RBBP8","ITCH"
"PSEN1","SH2B3","ITCH"
"PSEN1","HDAC1","ITCH"
"PSEN1","GRB14","ITCH"
"PSEN1","PRKAR1A","ITCH"
"PSEN1","NOTCH2","ITCH"
"PSEN1","BAZ1B","ITCH"
"PSEN1","PLCG2","ITCH"
"PSEN1","STK3/4","PRKAR1A"
"PSEN1","ACP1","PRKAR1A"
"PSEN1","PTPN6","PRKAR1A"
"PSEN1","STK4","PRKAR1A"
"PSEN1","RPS6KB1","PRKAR1A"
"PSEN1","CHEK1","PRKAR1A"
"PSEN1","EIF2AK2","PRKAR1A"
"PSEN1","STK3","PRKAR1A"
"PSEN1","DOK1","PRKAR1A"
"PSEN1","CDC25A","PRKAR1A"
"PSEN1","MARK2","PRKAR1A"
"PSEN1","PHLPP1","PRKAR1A"
"PSEN1","CALM3","PRKAR1A"
"PSEN1","YAP1","PRKAR1A"
"PSEN1","DEF6","PRKAR1A"
"PSEN1","CAMKK2","PRKAR1A"
"PSEN1","PTPN7","PRKAR1A"
"PSEN1","PDP1","PRKAR1A"
"PSEN1","RPS6KA4","PRKAR1A"
"PSEN1","HDAC3","PRKAR1A"
"PSEN1","AXIN1","PRKAR1A"
"PSEN1","PTPRR","PRKAR1A"
"PSEN1","CDKN1B","PRKAR1A"
"PSEN1","SKP2","PRKAR1A"
"PSEN1","MAML1","PRKAR1A"
"PSEN1","CDC25C","PRKAR1A"
"PSEN1","WEE1","PRKAR1A"
"PSEN1","CLASP2","PRKAR1A"
"PSEN1","RHEB","PRKAR1A"
"PSEN1","INPP5D","PRKAR1A"
"PSEN1","TNFAIP1","PRKAR1A"
"PSEN1","PHF8","PRKAR1A"
"PSEN1","NF2","PRKAR1A"
"PSEN1","MDC1","PRKAR1A"
"PSEN1","MRE11","PRKAR1A"
"PSEN1","FRAT1","PRKAR1A"
"PSEN1","CBL","PRKAR1A"
"PSEN1","RBBP8","PRKAR1A"
"PSEN1","PCBP2","PRKAR1A"
"PSEN1","SH2B3","PRKAR1A"
"PSEN1","HDAC1","PRKAR1A"
"PSEN1","GRB14","PRKAR1A"
"PSEN1","NOTCH2","PRKAR1A"
"PSEN1","BAZ1B","PRKAR1A"
"PSEN1","PLCG2","PRKAR1A"
"PSEN1","STK3/4","SPEN"
"PSEN1","ACP1","SPEN"
"PSEN1","PTPN6","SPEN"
"PSEN1","STK4","SPEN"
"PSEN1","RPS6KB1","SPEN"
"PSEN1","CHEK1","SPEN"
"PSEN1","EIF2AK2","SPEN"
"PSEN1","STK3","SPEN"
"PSEN1","DOK1","SPEN"
"PSEN1","CDC25A","SPEN"
"PSEN1","MARK2","SPEN"
"PSEN1","PHLPP1","SPEN"
"PSEN1","CALM3","SPEN"
"PSEN1","YAP1","SPEN"
"PSEN1","DEF6","SPEN"
"PSEN1","CAMKK2","SPEN"
"PSEN1","PTPN7","SPEN"
"PSEN1","PDP1","SPEN"
"PSEN1","RPS6KA4","SPEN"
"PSEN1","HDAC3","SPEN"
"PSEN1","AXIN1","SPEN"
"PSEN1","PTPRR","SPEN"
"PSEN1","CDKN1B","SPEN"
"PSEN1","SKP2","SPEN"
"PSEN1","MAML1","SPEN"
"PSEN1","CDC25C","SPEN"
"PSEN1","WEE1","SPEN"
"PSEN1","CLASP2","SPEN"
"PSEN1","RHEB","SPEN"
"PSEN1","INPP5D","SPEN"
"PSEN1","TNFAIP1","SPEN"
"PSEN1","PHF8","SPEN"
"PSEN1","NF2","SPEN"
"PSEN1","MDC1","SPEN"
"PSEN1","MRE11","SPEN"
"PSEN1","FRAT1","SPEN"
"PSEN1","CBL","SPEN"
"PSEN1","PCBP2","SPEN"
"PSEN1","SH2B3","SPEN"
"PSEN1","HDAC1","SPEN"
"PSEN1","GRB14","SPEN"
"PSEN1","PRKAR1A","SPEN"
"PSEN1","NOTCH2","SPEN"
"PSEN1","BAZ1B","SPEN"
"PSEN1","PLCG2","SPEN"
"PSEN1","STK3/4","ARNTL"
"PSEN1","ACP1","ARNTL"
"PSEN1","PTPN6","ARNTL"
"PSEN1","STK4","ARNTL"
"PSEN1","RPS6KB1","ARNTL"
"PSEN1","CHEK1","ARNTL"
"PSEN1","EIF2AK2","ARNTL"
"PSEN1","STK3","ARNTL"
"PSEN1","DOK1","ARNTL"
"PSEN1","CDC25A","ARNTL"
"PSEN1","MARK2","ARNTL"
"PSEN1","PHLPP1","ARNTL"
"PSEN1","CALM3","ARNTL"
"PSEN1","YAP1","ARNTL"
"PSEN1","DEF6","ARNTL"
"PSEN1","CAMKK2","ARNTL"
"PSEN1","PTPN7","ARNTL"
"PSEN1","PDP1","ARNTL"
"PSEN1","RPS6KA4","ARNTL"
"PSEN1","HDAC3","ARNTL"
"PSEN1","AXIN1","ARNTL"
"PSEN1","PTPRR","ARNTL"
"PSEN1","CDKN1B","ARNTL"
"PSEN1","SKP2","ARNTL"
"PSEN1","MAML1","ARNTL"
"PSEN1","CDC25C","ARNTL"
"PSEN1","WEE1","ARNTL"
"PSEN1","CLASP2","ARNTL"
"PSEN1","RHEB","ARNTL"
"PSEN1","INPP5D","ARNTL"
"PSEN1","TNFAIP1","ARNTL"
"PSEN1","PHF8","ARNTL"
"PSEN1","NF2","ARNTL"
"PSEN1","MDC1","ARNTL"
"PSEN1","MRE11","ARNTL"
"PSEN1","FRAT1","ARNTL"
"PSEN1","CBL","ARNTL"
"PSEN1","RBBP8","ARNTL"
"PSEN1","PCBP2","ARNTL"
"PSEN1","SH2B3","ARNTL"
"PSEN1","HDAC1","ARNTL"
"PSEN1","GRB14","ARNTL"
"PSEN1","PRKAR1A","ARNTL"
"PSEN1","NOTCH2","ARNTL"
"PSEN1","BAZ1B","ARNTL"
"PSEN1","PLCG2","ARNTL"
"PSEN1","STK3/4","DNM1L"
"PSEN1","ACP1","DNM1L"
"PSEN1","PTPN6","DNM1L"
"PSEN1","STK4","DNM1L"
"PSEN1","RPS6KB1","DNM1L"
"PSEN1","CHEK1","DNM1L"
"PSEN1","EIF2AK2","DNM1L"
"PSEN1","STK3","DNM1L"
"PSEN1","DOK1","DNM1L"
"PSEN1","CDC25A","DNM1L"
"PSEN1","MARK2","DNM1L"
"PSEN1","PHLPP1","DNM1L"
"PSEN1","CALM3","DNM1L"
"PSEN1","YAP1","DNM1L"
"PSEN1","DEF6","DNM1L"
"PSEN1","CAMKK2","DNM1L"
"PSEN1","PTPN7","DNM1L"
"PSEN1","PDP1","DNM1L"
"PSEN1","RPS6KA4","DNM1L"
"PSEN1","HDAC3","DNM1L"
"PSEN1","AXIN1","DNM1L"
"PSEN1","PTPRR","DNM1L"
"PSEN1","CDKN1B","DNM1L"
"PSEN1","SKP2","DNM1L"
"PSEN1","MAML1","DNM1L"
"PSEN1","CDC25C","DNM1L"
"PSEN1","WEE1","DNM1L"
"PSEN1","CLASP2","DNM1L"
"PSEN1","RHEB","DNM1L"
"PSEN1","INPP5D","DNM1L"
"PSEN1","TNFAIP1","DNM1L"
"PSEN1","PHF8","DNM1L"
"PSEN1","NF2","DNM1L"
"PSEN1","MDC1","DNM1L"
"PSEN1","MRE11","DNM1L"
"PSEN1","FRAT1","DNM1L"
"PSEN1","CBL","DNM1L"
"PSEN1","RBBP8","DNM1L"
"PSEN1","PCBP2","DNM1L"
"PSEN1","SH2B3","DNM1L"
"PSEN1","HDAC1","DNM1L"
"PSEN1","GRB14","DNM1L"
"PSEN1","PRKAR1A","DNM1L"
"PSEN1","NOTCH2","DNM1L"
"PSEN1","BAZ1B","DNM1L"
"PSEN1","PLCG2","DNM1L"
"PSEN1","STK3/4","TIAM1"
"PSEN1","ACP1","TIAM1"
"PSEN1","PTPN6","TIAM1"
"PSEN1","STK4","TIAM1"
"PSEN1","RPS6KB1","TIAM1"
"PSEN1","CHEK1","TIAM1"
"PSEN1","EIF2AK2","TIAM1"
"PSEN1","STK3","TIAM1"
"PSEN1","DOK1","TIAM1"
"PSEN1","CDC25A","TIAM1"
"PSEN1","MARK2","TIAM1"
"PSEN1","PHLPP1","TIAM1"
"PSEN1","CALM3","TIAM1"
"PSEN1","YAP1","TIAM1"
"PSEN1","DEF6","TIAM1"
"PSEN1","CAMKK2","TIAM1"
"PSEN1","PTPN7","TIAM1"
"PSEN1","PDP1","TIAM1"
"PSEN1","RPS6KA4","TIAM1"
"PSEN1","HDAC3","TIAM1"
"PSEN1","AXIN1","TIAM1"
"PSEN1","PTPRR","TIAM1"
"PSEN1","CDKN1B","TIAM1"
"PSEN1","SKP2","TIAM1"
"PSEN1","MAML1","TIAM1"
"PSEN1","CDC25C","TIAM1"
"PSEN1","WEE1","TIAM1"
"PSEN1","CLASP2","TIAM1"
"PSEN1","RHEB","TIAM1"
"PSEN1","INPP5D","TIAM1"
"PSEN1","TNFAIP1","TIAM1"
"PSEN1","PHF8","TIAM1"
"PSEN1","NF2","TIAM1"
"PSEN1","MDC1","TIAM1"
"PSEN1","MRE11","TIAM1"
"PSEN1","FRAT1","TIAM1"
"PSEN1","CBL","TIAM1"
"PSEN1","RBBP8","TIAM1"
"PSEN1","PCBP2","TIAM1"
"PSEN1","SH2B3","TIAM1"
"PSEN1","HDAC1","TIAM1"
"PSEN1","GRB14","TIAM1"
"PSEN1","PRKAR1A","TIAM1"
"PSEN1","NOTCH2","TIAM1"
"PSEN1","BAZ1B","TIAM1"
"PSEN1","PLCG2","TIAM1"
"PSEN1","STK3/4","FOS"
"PSEN1","ACP1","FOS"
"PSEN1","PTPN6","FOS"
"PSEN1","STK4","FOS"
"PSEN1","RPS6KB1","FOS"
"PSEN1","CHEK1","FOS"
"PSEN1","EIF2AK2","FOS"
"PSEN1","STK3","FOS"
"PSEN1","DOK1","FOS"
"PSEN1","CDC25A","FOS"
"PSEN1","MARK2","FOS"
"PSEN1","PHLPP1","FOS"
"PSEN1","CALM3","FOS"
"PSEN1","YAP1","FOS"
"PSEN1","DEF6","FOS"
"PSEN1","CAMKK2","FOS"
"PSEN1","PTPN7","FOS"
"PSEN1","PDP1","FOS"
"PSEN1","RPS6KA4","FOS"
"PSEN1","HDAC3","FOS"
"PSEN1","AXIN1","FOS"
"PSEN1","PTPRR","FOS"
"PSEN1","CDKN1B","FOS"
"PSEN1","SKP2","FOS"
"PSEN1","MAML1","FOS"
"PSEN1","CDC25C","FOS"
"PSEN1","WEE1","FOS"
"PSEN1","CLASP2","FOS"
"PSEN1","RHEB","FOS"
"PSEN1","INPP5D","FOS"
"PSEN1","TNFAIP1","FOS"
"PSEN1","PHF8","FOS"
"PSEN1","NF2","FOS"
"PSEN1","MDC1","FOS"
"PSEN1","MRE11","FOS"
"PSEN1","FRAT1","FOS"
"PSEN1","CBL","FOS"
"PSEN1","RBBP8","FOS"
"PSEN1","PCBP2","FOS"
"PSEN1","SH2B3","FOS"
"PSEN1","HDAC1","FOS"
"PSEN1","GRB14","FOS"
"PSEN1","PRKAR1A","FOS"
"PSEN1","NOTCH2","FOS"
"PSEN1","BAZ1B","FOS"
"PSEN1","PLCG2","FOS"
"PSEN1","STK3/4","NOTCH2"
"PSEN1","ACP1","NOTCH2"
"PSEN1","PTPN6","NOTCH2"
"PSEN1","STK4","NOTCH2"
"PSEN1","RPS6KB1","NOTCH2"
"PSEN1","CHEK1","NOTCH2"
"PSEN1","EIF2AK2","NOTCH2"
"PSEN1","STK3","NOTCH2"
"PSEN1","DOK1","NOTCH2"
"PSEN1","CDC25A","NOTCH2"
"PSEN1","MARK2","NOTCH2"
"PSEN1","PHLPP1","NOTCH2"
"PSEN1","CALM3","NOTCH2"
"PSEN1","YAP1","NOTCH2"
"PSEN1","DEF6","NOTCH2"
"PSEN1","CAMKK2","NOTCH2"
"PSEN1","PTPN7","NOTCH2"
"PSEN1","PDP1","NOTCH2"
"PSEN1","RPS6KA4","NOTCH2"
"PSEN1","HDAC3","NOTCH2"
"PSEN1","AXIN1","NOTCH2"
"PSEN1","PTPRR","NOTCH2"
"PSEN1","CDKN1B","NOTCH2"
"PSEN1","SKP2","NOTCH2"
"PSEN1","MAML1","NOTCH2"
"PSEN1","CDC25C","NOTCH2"
"PSEN1","WEE1","NOTCH2"
"PSEN1","CLASP2","NOTCH2"
"PSEN1","RHEB","NOTCH2"
"PSEN1","INPP5D","NOTCH2"
"PSEN1","TNFAIP1","NOTCH2"
"PSEN1","PHF8","NOTCH2"
"PSEN1","NF2","NOTCH2"
"PSEN1","MDC1","NOTCH2"
"PSEN1","MRE11","NOTCH2"
"PSEN1","FRAT1","NOTCH2"
"PSEN1","CBL","NOTCH2"
"PSEN1","RBBP8","NOTCH2"
"PSEN1","PCBP2","NOTCH2"
"PSEN1","SH2B3","NOTCH2"
"PSEN1","HDAC1","NOTCH2"
"PSEN1","GRB14","NOTCH2"
"PSEN1","PRKAR1A","NOTCH2"
"PSEN1","BAZ1B","NOTCH2"
"PSEN1","PLCG2","NOTCH2"
"PSEN1","STK3/4","TARBP2"
"PSEN1","ACP1","TARBP2"
"PSEN1","PTPN6","TARBP2"
"PSEN1","STK4","TARBP2"
"PSEN1","CHEK1","TARBP2"
"PSEN1","EIF2AK2","TARBP2"
"PSEN1","STK3","TARBP2"
"PSEN1","DOK1","TARBP2"
"PSEN1","CDC25A","TARBP2"
"PSEN1","MARK2","TARBP2"
"PSEN1","PHLPP1","TARBP2"
"PSEN1","CALM3","TARBP2"
"PSEN1","YAP1","TARBP2"
"PSEN1","DEF6","TARBP2"
"PSEN1","CAMKK2","TARBP2"
"PSEN1","PTPN7","TARBP2"
"PSEN1","PDP1","TARBP2"
"PSEN1","RPS6KA4","TARBP2"
"PSEN1","HDAC3","TARBP2"
"PSEN1","AXIN1","TARBP2"
"PSEN1","PTPRR","TARBP2"
"PSEN1","CDKN1B","TARBP2"
"PSEN1","SKP2","TARBP2"
"PSEN1","MAML1","TARBP2"
"PSEN1","CDC25C","TARBP2"
"PSEN1","WEE1","TARBP2"
"PSEN1","CLASP2","TARBP2"
"PSEN1","RHEB","TARBP2"
"PSEN1","INPP5D","TARBP2"
"PSEN1","TNFAIP1","TARBP2"
"PSEN1","PHF8","TARBP2"
"PSEN1","NF2","TARBP2"
"PSEN1","MDC1","TARBP2"
"PSEN1","MRE11","TARBP2"
"PSEN1","FRAT1","TARBP2"
"PSEN1","CBL","TARBP2"
"PSEN1","RBBP8","TARBP2"
"PSEN1","PCBP2","TARBP2"
"PSEN1","SH2B3","TARBP2"
"PSEN1","HDAC1","TARBP2"
"PSEN1","GRB14","TARBP2"
"PSEN1","PRKAR1A","TARBP2"
"PSEN1","NOTCH2","TARBP2"
"PSEN1","BAZ1B","TARBP2"
"PSEN1","PLCG2","TARBP2"
"PSEN1","STK3/4","SEC63"
"PSEN1","ACP1","SEC63"
"PSEN1","PTPN6","SEC63"
"PSEN1","STK4","SEC63"
"PSEN1","RPS6KB1","SEC63"
"PSEN1","CHEK1","SEC63"
"PSEN1","EIF2AK2","SEC63"
"PSEN1","STK3","SEC63"
"PSEN1","DOK1","SEC63"
"PSEN1","CDC25A","SEC63"
"PSEN1","MARK2","SEC63"
"PSEN1","PHLPP1","SEC63"
"PSEN1","CALM3","SEC63"
"PSEN1","YAP1","SEC63"
"PSEN1","DEF6","SEC63"
"PSEN1","CAMKK2","SEC63"
"PSEN1","PTPN7","SEC63"
"PSEN1","PDP1","SEC63"
"PSEN1","RPS6KA4","SEC63"
"PSEN1","HDAC3","SEC63"
"PSEN1","AXIN1","SEC63"
"PSEN1","PTPRR","SEC63"
"PSEN1","CDKN1B","SEC63"
"PSEN1","SKP2","SEC63"
"PSEN1","MAML1","SEC63"
"PSEN1","CDC25C","SEC63"
"PSEN1","WEE1","SEC63"
"PSEN1","CLASP2","SEC63"
"PSEN1","RHEB","SEC63"
"PSEN1","INPP5D","SEC63"
"PSEN1","TNFAIP1","SEC63"
"PSEN1","PHF8","SEC63"
"PSEN1","NF2","SEC63"
"PSEN1","MDC1","SEC63"
"PSEN1","MRE11","SEC63"
"PSEN1","FRAT1","SEC63"
"PSEN1","CBL","SEC63"
"PSEN1","RBBP8","SEC63"
"PSEN1","PCBP2","SEC63"
"PSEN1","SH2B3","SEC63"
"PSEN1","HDAC1","SEC63"
"PSEN1","GRB14","SEC63"
"PSEN1","PRKAR1A","SEC63"
"PSEN1","NOTCH2","SEC63"
"PSEN1","BAZ1B","SEC63"
"PSEN1","PLCG2","SEC63"
"PSEN1","STK3/4","EIF4EBP1"
"PSEN1","ACP1","EIF4EBP1"
"PSEN1","PTPN6","EIF4EBP1"
"PSEN1","STK4","EIF4EBP1"
"PSEN1","RPS6KB1","EIF4EBP1"
"PSEN1","CHEK1","EIF4EBP1"
"PSEN1","EIF2AK2","EIF4EBP1"
"PSEN1","STK3","EIF4EBP1"
"PSEN1","DOK1","EIF4EBP1"
"PSEN1","CDC25A","EIF4EBP1"
"PSEN1","MARK2","EIF4EBP1"
"PSEN1","PHLPP1","EIF4EBP1"
"PSEN1","CALM3","EIF4EBP1"
"PSEN1","YAP1","EIF4EBP1"
"PSEN1","DEF6","EIF4EBP1"
"PSEN1","CAMKK2","EIF4EBP1"
"PSEN1","PTPN7","EIF4EBP1"
"PSEN1","PDP1","EIF4EBP1"
"PSEN1","RPS6KA4","EIF4EBP1"
"PSEN1","HDAC3","EIF4EBP1"
"PSEN1","AXIN1","EIF4EBP1"
"PSEN1","PTPRR","EIF4EBP1"
"PSEN1","CDKN1B","EIF4EBP1"
"PSEN1","SKP2","EIF4EBP1"
"PSEN1","MAML1","EIF4EBP1"
"PSEN1","CDC25C","EIF4EBP1"
"PSEN1","WEE1","EIF4EBP1"
"PSEN1","CLASP2","EIF4EBP1"
"PSEN1","RHEB","EIF4EBP1"
"PSEN1","INPP5D","EIF4EBP1"
"PSEN1","TNFAIP1","EIF4EBP1"
"PSEN1","PHF8","EIF4EBP1"
"PSEN1","NF2","EIF4EBP1"
"PSEN1","MDC1","EIF4EBP1"
"PSEN1","MRE11","EIF4EBP1"
"PSEN1","FRAT1","EIF4EBP1"
"PSEN1","CBL","EIF4EBP1"
"PSEN1","RBBP8","EIF4EBP1"
"PSEN1","PCBP2","EIF4EBP1"
"PSEN1","SH2B3","EIF4EBP1"
"PSEN1","HDAC1","EIF4EBP1"
"PSEN1","GRB14","EIF4EBP1"
"PSEN1","PRKAR1A","EIF4EBP1"
"PSEN1","NOTCH2","EIF4EBP1"
"PSEN1","BAZ1B","EIF4EBP1"
"PSEN1","PLCG2","EIF4EBP1"
"PSEN1","STK3/4","CHD2"
"PSEN1","ACP1","CHD2"
"PSEN1","PTPN6","CHD2"
"PSEN1","STK4","CHD2"
"PSEN1","RPS6KB1","CHD2"
"PSEN1","CHEK1","CHD2"
"PSEN1","EIF2AK2","CHD2"
"PSEN1","STK3","CHD2"
"PSEN1","DOK1","CHD2"
"PSEN1","CDC25A","CHD2"
"PSEN1","MARK2","CHD2"
"PSEN1","PHLPP1","CHD2"
"PSEN1","CALM3","CHD2"
"PSEN1","YAP1","CHD2"
"PSEN1","DEF6","CHD2"
"PSEN1","CAMKK2","CHD2"
"PSEN1","PTPN7","CHD2"
"PSEN1","PDP1","CHD2"
"PSEN1","RPS6KA4","CHD2"
"PSEN1","HDAC3","CHD2"
"PSEN1","AXIN1","CHD2"
"PSEN1","PTPRR","CHD2"
"PSEN1","CDKN1B","CHD2"
"PSEN1","SKP2","CHD2"
"PSEN1","MAML1","CHD2"
"PSEN1","CDC25C","CHD2"
"PSEN1","WEE1","CHD2"
"PSEN1","CLASP2","CHD2"
"PSEN1","RHEB","CHD2"
"PSEN1","INPP5D","CHD2"
"PSEN1","TNFAIP1","CHD2"
"PSEN1","PHF8","CHD2"
"PSEN1","NF2","CHD2"
"PSEN1","MDC1","CHD2"
"PSEN1","MRE11","CHD2"
"PSEN1","FRAT1","CHD2"
"PSEN1","CBL","CHD2"
"PSEN1","RBBP8","CHD2"
"PSEN1","PCBP2","CHD2"
"PSEN1","SH2B3","CHD2"
"PSEN1","HDAC1","CHD2"
"PSEN1","GRB14","CHD2"
"PSEN1","PRKAR1A","CHD2"
"PSEN1","NOTCH2","CHD2"
"PSEN1","BAZ1B","CHD2"
"PSEN1","PLCG2","CHD2"
"PSEN1","STK3/4","MKNK2"
"PSEN1","ACP1","MKNK2"
"PSEN1","PTPN6","MKNK2"
"PSEN1","STK4","MKNK2"
"PSEN1","RPS6KB1","MKNK2"
"PSEN1","CHEK1","MKNK2"
"PSEN1","EIF2AK2","MKNK2"
"PSEN1","STK3","MKNK2"
"PSEN1","DOK1","MKNK2"
"PSEN1","CDC25A","MKNK2"
"PSEN1","MARK2","MKNK2"
"PSEN1","PHLPP1","MKNK2"
"PSEN1","CALM3","MKNK2"
"PSEN1","YAP1","MKNK2"
"PSEN1","DEF6","MKNK2"
"PSEN1","CAMKK2","MKNK2"
"PSEN1","PTPN7","MKNK2"
"PSEN1","PDP1","MKNK2"
"PSEN1","RPS6KA4","MKNK2"
"PSEN1","HDAC3","MKNK2"
"PSEN1","AXIN1","MKNK2"
"PSEN1","PTPRR","MKNK2"
"PSEN1","CDKN1B","MKNK2"
"PSEN1","SKP2","MKNK2"
"PSEN1","MAML1","MKNK2"
"PSEN1","CDC25C","MKNK2"
"PSEN1","WEE1","MKNK2"
"PSEN1","CLASP2","MKNK2"
"PSEN1","RHEB","MKNK2"
"PSEN1","INPP5D","MKNK2"
"PSEN1","TNFAIP1","MKNK2"
"PSEN1","PHF8","MKNK2"
"PSEN1","NF2","MKNK2"
"PSEN1","MDC1","MKNK2"
"PSEN1","MRE11","MKNK2"
"PSEN1","FRAT1","MKNK2"
"PSEN1","CBL","MKNK2"
"PSEN1","RBBP8","MKNK2"
"PSEN1","PCBP2","MKNK2"
"PSEN1","SH2B3","MKNK2"
"PSEN1","HDAC1","MKNK2"
"PSEN1","GRB14","MKNK2"
"PSEN1","PRKAR1A","MKNK2"
"PSEN1","NOTCH2","MKNK2"
"PSEN1","BAZ1B","MKNK2"
"PSEN1","PLCG2","MKNK2"
"PSEN1","STK3/4","PPP1R3A"
"PSEN1","ACP1","PPP1R3A"
"PSEN1","PTPN6","PPP1R3A"
"PSEN1","STK4","PPP1R3A"
"PSEN1","RPS6KB1","PPP1R3A"
"PSEN1","CHEK1","PPP1R3A"
"PSEN1","EIF2AK2","PPP1R3A"
"PSEN1","STK3","PPP1R3A"
"PSEN1","DOK1","PPP1R3A"
"PSEN1","CDC25A","PPP1R3A"
"PSEN1","MARK2","PPP1R3A"
"PSEN1","PHLPP1","PPP1R3A"
"PSEN1","CALM3","PPP1R3A"
"PSEN1","YAP1","PPP1R3A"
"PSEN1","DEF6","PPP1R3A"
"PSEN1","CAMKK2","PPP1R3A"
"PSEN1","PTPN7","PPP1R3A"
"PSEN1","PDP1","PPP1R3A"
"PSEN1","RPS6KA4","PPP1R3A"
"PSEN1","HDAC3","PPP1R3A"
"PSEN1","AXIN1","PPP1R3A"
"PSEN1","PTPRR","PPP1R3A"
"PSEN1","CDKN1B","PPP1R3A"
"PSEN1","SKP2","PPP1R3A"
"PSEN1","MAML1","PPP1R3A"
"PSEN1","CDC25C","PPP1R3A"
"PSEN1","WEE1","PPP1R3A"
"PSEN1","CLASP2","PPP1R3A"
"PSEN1","RHEB","PPP1R3A"
"PSEN1","INPP5D","PPP1R3A"
"PSEN1","TNFAIP1","PPP1R3A"
"PSEN1","PHF8","PPP1R3A"
"PSEN1","NF2","PPP1R3A"
"PSEN1","MDC1","PPP1R3A"
"PSEN1","MRE11","PPP1R3A"
"PSEN1","FRAT1","PPP1R3A"
"PSEN1","CBL","PPP1R3A"
"PSEN1","RBBP8","PPP1R3A"
"PSEN1","PCBP2","PPP1R3A"
"PSEN1","SH2B3","PPP1R3A"
"PSEN1","HDAC1","PPP1R3A"
"PSEN1","GRB14","PPP1R3A"
"PSEN1","PRKAR1A","PPP1R3A"
"PSEN1","NOTCH2","PPP1R3A"
"PSEN1","BAZ1B","PPP1R3A"
"PSEN1","PLCG2","PPP1R3A"
"PSEN1","STK3/4","SFPQ"
"PSEN1","ACP1","SFPQ"
"PSEN1","PTPN6","SFPQ"
"PSEN1","STK4","SFPQ"
"PSEN1","RPS6KB1","SFPQ"
"PSEN1","CHEK1","SFPQ"
"PSEN1","EIF2AK2","SFPQ"
"PSEN1","STK3","SFPQ"
"PSEN1","DOK1","SFPQ"
"PSEN1","CDC25A","SFPQ"
"PSEN1","MARK2","SFPQ"
"PSEN1","PHLPP1","SFPQ"
"PSEN1","CALM3","SFPQ"
"PSEN1","YAP1","SFPQ"
"PSEN1","DEF6","SFPQ"
"PSEN1","CAMKK2","SFPQ"
"PSEN1","PTPN7","SFPQ"
"PSEN1","PDP1","SFPQ"
"PSEN1","RPS6KA4","SFPQ"
"PSEN1","HDAC3","SFPQ"
"PSEN1","AXIN1","SFPQ"
"PSEN1","PTPRR","SFPQ"
"PSEN1","CDKN1B","SFPQ"
"PSEN1","SKP2","SFPQ"
"PSEN1","MAML1","SFPQ"
"PSEN1","CDC25C","SFPQ"
"PSEN1","WEE1","SFPQ"
"PSEN1","CLASP2","SFPQ"
"PSEN1","RHEB","SFPQ"
"PSEN1","INPP5D","SFPQ"
"PSEN1","TNFAIP1","SFPQ"
"PSEN1","PHF8","SFPQ"
"PSEN1","NF2","SFPQ"
"PSEN1","MDC1","SFPQ"
"PSEN1","MRE11","SFPQ"
"PSEN1","FRAT1","SFPQ"
"PSEN1","CBL","SFPQ"
"PSEN1","RBBP8","SFPQ"
"PSEN1","PCBP2","SFPQ"
"PSEN1","SH2B3","SFPQ"
"PSEN1","HDAC1","SFPQ"
"PSEN1","GRB14","SFPQ"
"PSEN1","PRKAR1A","SFPQ"
"PSEN1","NOTCH2","SFPQ"
"PSEN1","BAZ1B","SFPQ"
"PSEN1","PLCG2","SFPQ"
"PSEN1","STK3/4","PTTG1"
"PSEN1","ACP1","PTTG1"
"PSEN1","PTPN6","PTTG1"
"PSEN1","STK4","PTTG1"
"PSEN1","RPS6KB1","PTTG1"
"PSEN1","CHEK1","PTTG1"
"PSEN1","EIF2AK2","PTTG1"
"PSEN1","STK3","PTTG1"
"PSEN1","DOK1","PTTG1"
"PSEN1","CDC25A","PTTG1"
"PSEN1","MARK2","PTTG1"
"PSEN1","PHLPP1","PTTG1"
"PSEN1","CALM3","PTTG1"
"PSEN1","YAP1","PTTG1"
"PSEN1","DEF6","PTTG1"
"PSEN1","CAMKK2","PTTG1"
"PSEN1","PTPN7","PTTG1"
"PSEN1","PDP1","PTTG1"
"PSEN1","RPS6KA4","PTTG1"
"PSEN1","HDAC3","PTTG1"
"PSEN1","AXIN1","PTTG1"
"PSEN1","PTPRR","PTTG1"
"PSEN1","CDKN1B","PTTG1"
"PSEN1","SKP2","PTTG1"
"PSEN1","MAML1","PTTG1"
"PSEN1","CDC25C","PTTG1"
"PSEN1","WEE1","PTTG1"
"PSEN1","CLASP2","PTTG1"
"PSEN1","RHEB","PTTG1"
"PSEN1","INPP5D","PTTG1"
"PSEN1","TNFAIP1","PTTG1"
"PSEN1","PHF8","PTTG1"
"PSEN1","NF2","PTTG1"
"PSEN1","MDC1","PTTG1"
"PSEN1","MRE11","PTTG1"
"PSEN1","FRAT1","PTTG1"
"PSEN1","CBL","PTTG1"
"PSEN1","RBBP8","PTTG1"
"PSEN1","PCBP2","PTTG1"
"PSEN1","SH2B3","PTTG1"
"PSEN1","HDAC1","PTTG1"
"PSEN1","GRB14","PTTG1"
"PSEN1","PRKAR1A","PTTG1"
"PSEN1","NOTCH2","PTTG1"
"PSEN1","BAZ1B","PTTG1"
"PSEN1","PLCG2","PTTG1"
"PSEN1","STK3/4","DYNLL1"
"PSEN1","ACP1","DYNLL1"
"PSEN1","PTPN6","DYNLL1"
"PSEN1","STK4","DYNLL1"
"PSEN1","RPS6KB1","DYNLL1"
"PSEN1","CHEK1","DYNLL1"
"PSEN1","EIF2AK2","DYNLL1"
"PSEN1","STK3","DYNLL1"
"PSEN1","DOK1","DYNLL1"
"PSEN1","CDC25A","DYNLL1"
"PSEN1","MARK2","DYNLL1"
"PSEN1","PHLPP1","DYNLL1"
"PSEN1","CALM3","DYNLL1"
"PSEN1","YAP1","DYNLL1"
"PSEN1","DEF6","DYNLL1"
"PSEN1","CAMKK2","DYNLL1"
"PSEN1","PTPN7","DYNLL1"
"PSEN1","PDP1","DYNLL1"
"PSEN1","RPS6KA4","DYNLL1"
"PSEN1","HDAC3","DYNLL1"
"PSEN1","AXIN1","DYNLL1"
"PSEN1","PTPRR","DYNLL1"
"PSEN1","CDKN1B","DYNLL1"
"PSEN1","SKP2","DYNLL1"
"PSEN1","MAML1","DYNLL1"
"PSEN1","CDC25C","DYNLL1"
"PSEN1","WEE1","DYNLL1"
"PSEN1","CLASP2","DYNLL1"
"PSEN1","RHEB","DYNLL1"
"PSEN1","INPP5D","DYNLL1"
"PSEN1","TNFAIP1","DYNLL1"
"PSEN1","PHF8","DYNLL1"
"PSEN1","NF2","DYNLL1"
"PSEN1","MDC1","DYNLL1"
"PSEN1","MRE11","DYNLL1"
"PSEN1","FRAT1","DYNLL1"
"PSEN1","CBL","DYNLL1"
"PSEN1","RBBP8","DYNLL1"
"PSEN1","PCBP2","DYNLL1"
"PSEN1","SH2B3","DYNLL1"
"PSEN1","HDAC1","DYNLL1"
"PSEN1","GRB14","DYNLL1"
"PSEN1","PRKAR1A","DYNLL1"
"PSEN1","NOTCH2","DYNLL1"
"PSEN1","BAZ1B","DYNLL1"
"PSEN1","PLCG2","DYNLL1"
"PSEN1","STK3/4","CEBPB"
"PSEN1","ACP1","CEBPB"
"PSEN1","PTPN6","CEBPB"
"PSEN1","STK4","CEBPB"
"PSEN1","RPS6KB1","CEBPB"
"PSEN1","CHEK1","CEBPB"
"PSEN1","EIF2AK2","CEBPB"
"PSEN1","STK3","CEBPB"
"PSEN1","DOK1","CEBPB"
"PSEN1","CDC25A","CEBPB"
"PSEN1","MARK2","CEBPB"
"PSEN1","PHLPP1","CEBPB"
"PSEN1","CALM3","CEBPB"
"PSEN1","YAP1","CEBPB"
"PSEN1","DEF6","CEBPB"
"PSEN1","CAMKK2","CEBPB"
"PSEN1","PTPN7","CEBPB"
"PSEN1","PDP1","CEBPB"
"PSEN1","RPS6KA4","CEBPB"
"PSEN1","HDAC3","CEBPB"
"PSEN1","AXIN1","CEBPB"
"PSEN1","PTPRR","CEBPB"
"PSEN1","CDKN1B","CEBPB"
"PSEN1","SKP2","CEBPB"
"PSEN1","MAML1","CEBPB"
"PSEN1","CDC25C","CEBPB"
"PSEN1","WEE1","CEBPB"
"PSEN1","CLASP2","CEBPB"
"PSEN1","RHEB","CEBPB"
"PSEN1","INPP5D","CEBPB"
"PSEN1","TNFAIP1","CEBPB"
"PSEN1","PHF8","CEBPB"
"PSEN1","NF2","CEBPB"
"PSEN1","MDC1","CEBPB"
"PSEN1","MRE11","CEBPB"
"PSEN1","FRAT1","CEBPB"
"PSEN1","CBL","CEBPB"
"PSEN1","RBBP8","CEBPB"
"PSEN1","PCBP2","CEBPB"
"PSEN1","SH2B3","CEBPB"
"PSEN1","HDAC1","CEBPB"
"PSEN1","GRB14","CEBPB"
"PSEN1","PRKAR1A","CEBPB"
"PSEN1","NOTCH2","CEBPB"
"PSEN1","BAZ1B","CEBPB"
"PSEN1","PLCG2","CEBPB"
"PSEN1","STK3/4","BAZ1B"
"PSEN1","ACP1","BAZ1B"
"PSEN1","PTPN6","BAZ1B"
"PSEN1","STK4","BAZ1B"
"PSEN1","RPS6KB1","BAZ1B"
"PSEN1","CHEK1","BAZ1B"
"PSEN1","EIF2AK2","BAZ1B"
"PSEN1","STK3","BAZ1B"
"PSEN1","DOK1","BAZ1B"
"PSEN1","CDC25A","BAZ1B"
"PSEN1","MARK2","BAZ1B"
"PSEN1","PHLPP1","BAZ1B"
"PSEN1","CALM3","BAZ1B"
"PSEN1","YAP1","BAZ1B"
"PSEN1","DEF6","BAZ1B"
"PSEN1","CAMKK2","BAZ1B"
"PSEN1","PTPN7","BAZ1B"
"PSEN1","PDP1","BAZ1B"
"PSEN1","RPS6KA4","BAZ1B"
"PSEN1","HDAC3","BAZ1B"
"PSEN1","AXIN1","BAZ1B"
"PSEN1","PTPRR","BAZ1B"
"PSEN1","CDKN1B","BAZ1B"
"PSEN1","SKP2","BAZ1B"
"PSEN1","MAML1","BAZ1B"
"PSEN1","CDC25C","BAZ1B"
"PSEN1","WEE1","BAZ1B"
"PSEN1","CLASP2","BAZ1B"
"PSEN1","RHEB","BAZ1B"
"PSEN1","INPP5D","BAZ1B"
"PSEN1","TNFAIP1","BAZ1B"
"PSEN1","PHF8","BAZ1B"
"PSEN1","NF2","BAZ1B"
"PSEN1","MDC1","BAZ1B"
"PSEN1","MRE11","BAZ1B"
"PSEN1","FRAT1","BAZ1B"
"PSEN1","CBL","BAZ1B"
"PSEN1","RBBP8","BAZ1B"
"PSEN1","PCBP2","BAZ1B"
"PSEN1","SH2B3","BAZ1B"
"PSEN1","HDAC1","BAZ1B"
"PSEN1","GRB14","BAZ1B"
"PSEN1","PRKAR1A","BAZ1B"
"PSEN1","NOTCH2","BAZ1B"
"PSEN1","PLCG2","BAZ1B"
"PSEN1","STK3/4","EIF4B"
"PSEN1","ACP1","EIF4B"
"PSEN1","PTPN6","EIF4B"
"PSEN1","STK4","EIF4B"
"PSEN1","RPS6KB1","EIF4B"
"PSEN1","CHEK1","EIF4B"
"PSEN1","EIF2AK2","EIF4B"
"PSEN1","STK3","EIF4B"
"PSEN1","DOK1","EIF4B"
"PSEN1","CDC25A","EIF4B"
"PSEN1","MARK2","EIF4B"
"PSEN1","PHLPP1","EIF4B"
"PSEN1","CALM3","EIF4B"
"PSEN1","YAP1","EIF4B"
"PSEN1","DEF6","EIF4B"
"PSEN1","CAMKK2","EIF4B"
"PSEN1","PTPN7","EIF4B"
"PSEN1","PDP1","EIF4B"
"PSEN1","RPS6KA4","EIF4B"
"PSEN1","HDAC3","EIF4B"
"PSEN1","AXIN1","EIF4B"
"PSEN1","PTPRR","EIF4B"
"PSEN1","CDKN1B","EIF4B"
"PSEN1","SKP2","EIF4B"
"PSEN1","MAML1","EIF4B"
"PSEN1","CDC25C","EIF4B"
"PSEN1","WEE1","EIF4B"
"PSEN1","CLASP2","EIF4B"
"PSEN1","RHEB","EIF4B"
"PSEN1","INPP5D","EIF4B"
"PSEN1","TNFAIP1","EIF4B"
"PSEN1","PHF8","EIF4B"
"PSEN1","NF2","EIF4B"
"PSEN1","MDC1","EIF4B"
"PSEN1","MRE11","EIF4B"
"PSEN1","FRAT1","EIF4B"
"PSEN1","CBL","EIF4B"
"PSEN1","RBBP8","EIF4B"
"PSEN1","PCBP2","EIF4B"
"PSEN1","SH2B3","EIF4B"
"PSEN1","HDAC1","EIF4B"
"PSEN1","GRB14","EIF4B"
"PSEN1","PRKAR1A","EIF4B"
"PSEN1","NOTCH2","EIF4B"
"PSEN1","BAZ1B","EIF4B"
"PSEN1","PLCG2","EIF4B"
"PSEN1","STK3/4","STAT2"
"PSEN1","ACP1","STAT2"
"PSEN1","PTPN6","STAT2"
"PSEN1","STK4","STAT2"
"PSEN1","RPS6KB1","STAT2"
"PSEN1","CHEK1","STAT2"
"PSEN1","EIF2AK2","STAT2"
"PSEN1","STK3","STAT2"
"PSEN1","DOK1","STAT2"
"PSEN1","CDC25A","STAT2"
"PSEN1","MARK2","STAT2"
"PSEN1","PHLPP1","STAT2"
"PSEN1","CALM3","STAT2"
"PSEN1","YAP1","STAT2"
"PSEN1","DEF6","STAT2"
"PSEN1","CAMKK2","STAT2"
"PSEN1","PTPN7","STAT2"
"PSEN1","PDP1","STAT2"
"PSEN1","RPS6KA4","STAT2"
"PSEN1","HDAC3","STAT2"
"PSEN1","AXIN1","STAT2"
"PSEN1","PTPRR","STAT2"
"PSEN1","CDKN1B","STAT2"
"PSEN1","SKP2","STAT2"
"PSEN1","MAML1","STAT2"
"PSEN1","CDC25C","STAT2"
"PSEN1","WEE1","STAT2"
"PSEN1","CLASP2","STAT2"
"PSEN1","RHEB","STAT2"
"PSEN1","INPP5D","STAT2"
"PSEN1","TNFAIP1","STAT2"
"PSEN1","PHF8","STAT2"
"PSEN1","NF2","STAT2"
"PSEN1","MDC1","STAT2"
"PSEN1","MRE11","STAT2"
"PSEN1","FRAT1","STAT2"
"PSEN1","CBL","STAT2"
"PSEN1","RBBP8","STAT2"
"PSEN1","PCBP2","STAT2"
"PSEN1","SH2B3","STAT2"
"PSEN1","HDAC1","STAT2"
"PSEN1","GRB14","STAT2"
"PSEN1","PRKAR1A","STAT2"
"PSEN1","NOTCH2","STAT2"
"PSEN1","BAZ1B","STAT2"
"PSEN1","PLCG2","STAT2"
"PSEN1","STK3/4","PLCB1"
"PSEN1","ACP1","PLCB1"
"PSEN1","PTPN6","PLCB1"
"PSEN1","STK4","PLCB1"
"PSEN1","RPS6KB1","PLCB1"
"PSEN1","CHEK1","PLCB1"
"PSEN1","EIF2AK2","PLCB1"
"PSEN1","STK3","PLCB1"
"PSEN1","DOK1","PLCB1"
"PSEN1","CDC25A","PLCB1"
"PSEN1","MARK2","PLCB1"
"PSEN1","PHLPP1","PLCB1"
"PSEN1","CALM3","PLCB1"
"PSEN1","YAP1","PLCB1"
"PSEN1","DEF6","PLCB1"
"PSEN1","CAMKK2","PLCB1"
"PSEN1","PTPN7","PLCB1"
"PSEN1","PDP1","PLCB1"
"PSEN1","RPS6KA4","PLCB1"
"PSEN1","HDAC3","PLCB1"
"PSEN1","AXIN1","PLCB1"
"PSEN1","PTPRR","PLCB1"
"PSEN1","CDKN1B","PLCB1"
"PSEN1","SKP2","PLCB1"
"PSEN1","MAML1","PLCB1"
"PSEN1","CDC25C","PLCB1"
"PSEN1","WEE1","PLCB1"
"PSEN1","CLASP2","PLCB1"
"PSEN1","RHEB","PLCB1"
"PSEN1","INPP5D","PLCB1"
"PSEN1","TNFAIP1","PLCB1"
"PSEN1","PHF8","PLCB1"
"PSEN1","NF2","PLCB1"
"PSEN1","MDC1","PLCB1"
"PSEN1","MRE11","PLCB1"
"PSEN1","FRAT1","PLCB1"
"PSEN1","CBL","PLCB1"
"PSEN1","RBBP8","PLCB1"
"PSEN1","PCBP2","PLCB1"
"PSEN1","SH2B3","PLCB1"
"PSEN1","HDAC1","PLCB1"
"PSEN1","GRB14","PLCB1"
"PSEN1","PRKAR1A","PLCB1"
"PSEN1","NOTCH2","PLCB1"
"PSEN1","BAZ1B","PLCB1"
"PSEN1","PLCG2","PLCB1"
"PSEN1","STK3/4","KLF10"
"PSEN1","ACP1","KLF10"
"PSEN1","PTPN6","KLF10"
"PSEN1","STK4","KLF10"
"PSEN1","RPS6KB1","KLF10"
"PSEN1","CHEK1","KLF10"
"PSEN1","EIF2AK2","KLF10"
"PSEN1","STK3","KLF10"
"PSEN1","DOK1","KLF10"
"PSEN1","CDC25A","KLF10"
"PSEN1","MARK2","KLF10"
"PSEN1","PHLPP1","KLF10"
"PSEN1","CALM3","KLF10"
"PSEN1","YAP1","KLF10"
"PSEN1","DEF6","KLF10"
"PSEN1","CAMKK2","KLF10"
"PSEN1","PTPN7","KLF10"
"PSEN1","PDP1","KLF10"
"PSEN1","RPS6KA4","KLF10"
"PSEN1","HDAC3","KLF10"
"PSEN1","AXIN1","KLF10"
"PSEN1","PTPRR","KLF10"
"PSEN1","CDKN1B","KLF10"
"PSEN1","SKP2","KLF10"
"PSEN1","MAML1","KLF10"
"PSEN1","CDC25C","KLF10"
"PSEN1","WEE1","KLF10"
"PSEN1","CLASP2","KLF10"
"PSEN1","RHEB","KLF10"
"PSEN1","INPP5D","KLF10"
"PSEN1","TNFAIP1","KLF10"
"PSEN1","PHF8","KLF10"
"PSEN1","NF2","KLF10"
"PSEN1","MDC1","KLF10"
"PSEN1","MRE11","KLF10"
"PSEN1","FRAT1","KLF10"
"PSEN1","CBL","KLF10"
"PSEN1","RBBP8","KLF10"
"PSEN1","PCBP2","KLF10"
"PSEN1","SH2B3","KLF10"
"PSEN1","HDAC1","KLF10"
"PSEN1","GRB14","KLF10"
"PSEN1","PRKAR1A","KLF10"
"PSEN1","NOTCH2","KLF10"
"PSEN1","BAZ1B","KLF10"
"PSEN1","PLCG2","KLF10"
"PSEN1","STK3/4","CLOCK"
"PSEN1","ACP1","CLOCK"
"PSEN1","PTPN6","CLOCK"
"PSEN1","STK4","CLOCK"
"PSEN1","RPS6KB1","CLOCK"
"PSEN1","CHEK1","CLOCK"
"PSEN1","EIF2AK2","CLOCK"
"PSEN1","STK3","CLOCK"
"PSEN1","DOK1","CLOCK"
"PSEN1","CDC25A","CLOCK"
"PSEN1","MARK2","CLOCK"
"PSEN1","PHLPP1","CLOCK"
"PSEN1","CALM3","CLOCK"
"PSEN1","YAP1","CLOCK"
"PSEN1","DEF6","CLOCK"
"PSEN1","CAMKK2","CLOCK"
"PSEN1","PTPN7","CLOCK"
"PSEN1","PDP1","CLOCK"
"PSEN1","RPS6KA4","CLOCK"
"PSEN1","HDAC3","CLOCK"
"PSEN1","AXIN1","CLOCK"
"PSEN1","PTPRR","CLOCK"
"PSEN1","CDKN1B","CLOCK"
"PSEN1","SKP2","CLOCK"
"PSEN1","MAML1","CLOCK"
"PSEN1","CDC25C","CLOCK"
"PSEN1","WEE1","CLOCK"
"PSEN1","CLASP2","CLOCK"
"PSEN1","RHEB","CLOCK"
"PSEN1","INPP5D","CLOCK"
"PSEN1","TNFAIP1","CLOCK"
"PSEN1","PHF8","CLOCK"
"PSEN1","NF2","CLOCK"
"PSEN1","MDC1","CLOCK"
"PSEN1","MRE11","CLOCK"
"PSEN1","FRAT1","CLOCK"
"PSEN1","CBL","CLOCK"
"PSEN1","RBBP8","CLOCK"
"PSEN1","PCBP2","CLOCK"
"PSEN1","SH2B3","CLOCK"
"PSEN1","HDAC1","CLOCK"
"PSEN1","GRB14","CLOCK"
"PSEN1","PRKAR1A","CLOCK"
"PSEN1","NOTCH2","CLOCK"
"PSEN1","BAZ1B","CLOCK"
"PSEN1","PLCG2","CLOCK"
"PSEN1","STK3/4","NCF1"
"PSEN1","ACP1","NCF1"
"PSEN1","PTPN6","NCF1"
"PSEN1","STK4","NCF1"
"PSEN1","RPS6KB1","NCF1"
"PSEN1","CHEK1","NCF1"
"PSEN1","EIF2AK2","NCF1"
"PSEN1","STK3","NCF1"
"PSEN1","DOK1","NCF1"
"PSEN1","CDC25A","NCF1"
"PSEN1","MARK2","NCF1"
"PSEN1","PHLPP1","NCF1"
"PSEN1","CALM3","NCF1"
"PSEN1","YAP1","NCF1"
"PSEN1","DEF6","NCF1"
"PSEN1","CAMKK2","NCF1"
"PSEN1","PTPN7","NCF1"
"PSEN1","PDP1","NCF1"
"PSEN1","RPS6KA4","NCF1"
"PSEN1","HDAC3","NCF1"
"PSEN1","AXIN1","NCF1"
"PSEN1","PTPRR","NCF1"
"PSEN1","CDKN1B","NCF1"
"PSEN1","SKP2","NCF1"
"PSEN1","MAML1","NCF1"
"PSEN1","CDC25C","NCF1"
"PSEN1","WEE1","NCF1"
"PSEN1","CLASP2","NCF1"
"PSEN1","RHEB","NCF1"
"PSEN1","INPP5D","NCF1"
"PSEN1","TNFAIP1","NCF1"
"PSEN1","PHF8","NCF1"
"PSEN1","NF2","NCF1"
"PSEN1","MDC1","NCF1"
"PSEN1","MRE11","NCF1"
"PSEN1","FRAT1","NCF1"
"PSEN1","CBL","NCF1"
"PSEN1","RBBP8","NCF1"
"PSEN1","PCBP2","NCF1"
"PSEN1","SH2B3","NCF1"
"PSEN1","HDAC1","NCF1"
"PSEN1","GRB14","NCF1"
"PSEN1","PRKAR1A","NCF1"
"PSEN1","NOTCH2","NCF1"
"PSEN1","BAZ1B","NCF1"
"PSEN1","PLCG2","NCF1"
"PSEN1","STK3/4","PLCG2"
"PSEN1","ACP1","PLCG2"
"PSEN1","PTPN6","PLCG2"
"PSEN1","STK4","PLCG2"
"PSEN1","RPS6KB1","PLCG2"
"PSEN1","CHEK1","PLCG2"
"PSEN1","EIF2AK2","PLCG2"
"PSEN1","STK3","PLCG2"
"PSEN1","DOK1","PLCG2"
"PSEN1","CDC25A","PLCG2"
"PSEN1","MARK2","PLCG2"
"PSEN1","PHLPP1","PLCG2"
"PSEN1","CALM3","PLCG2"
"PSEN1","YAP1","PLCG2"
"PSEN1","DEF6","PLCG2"
"PSEN1","CAMKK2","PLCG2"
"PSEN1","PTPN7","PLCG2"
"PSEN1","PDP1","PLCG2"
"PSEN1","RPS6KA4","PLCG2"
"PSEN1","HDAC3","PLCG2"
"PSEN1","AXIN1","PLCG2"
"PSEN1","PTPRR","PLCG2"
"PSEN1","CDKN1B","PLCG2"
"PSEN1","SKP2","PLCG2"
"PSEN1","MAML1","PLCG2"
"PSEN1","CDC25C","PLCG2"
"PSEN1","WEE1","PLCG2"
"PSEN1","CLASP2","PLCG2"
"PSEN1","RHEB","PLCG2"
"PSEN1","INPP5D","PLCG2"
"PSEN1","TNFAIP1","PLCG2"
"PSEN1","PHF8","PLCG2"
"PSEN1","NF2","PLCG2"
"PSEN1","MDC1","PLCG2"
"PSEN1","MRE11","PLCG2"
"PSEN1","FRAT1","PLCG2"
"PSEN1","CBL","PLCG2"
"PSEN1","RBBP8","PLCG2"
"PSEN1","PCBP2","PLCG2"
"PSEN1","SH2B3","PLCG2"
"PSEN1","HDAC1","PLCG2"
"PSEN1","GRB14","PLCG2"
"PSEN1","PRKAR1A","PLCG2"
"PSEN1","NOTCH2","PLCG2"
"PSEN1","BAZ1B","PLCG2"
"PSEN1","STK3/4","VTN"
"PSEN1","ACP1","VTN"
"PSEN1","PTPN6","VTN"
"PSEN1","STK4","VTN"
"PSEN1","RPS6KB1","VTN"
"PSEN1","CHEK1","VTN"
"PSEN1","EIF2AK2","VTN"
"PSEN1","STK3","VTN"
"PSEN1","DOK1","VTN"
"PSEN1","CDC25A","VTN"
"PSEN1","MARK2","VTN"
"PSEN1","PHLPP1","VTN"
"PSEN1","CALM3","VTN"
"PSEN1","YAP1","VTN"
"PSEN1","DEF6","VTN"
"PSEN1","CAMKK2","VTN"
"PSEN1","PTPN7","VTN"
"PSEN1","PDP1","VTN"
"PSEN1","RPS6KA4","VTN"
"PSEN1","HDAC3","VTN"
"PSEN1","AXIN1","VTN"
"PSEN1","PTPRR","VTN"
"PSEN1","CDKN1B","VTN"
"PSEN1","SKP2","VTN"
"PSEN1","MAML1","VTN"
"PSEN1","CDC25C","VTN"
"PSEN1","WEE1","VTN"
"PSEN1","CLASP2","VTN"
"PSEN1","RHEB","VTN"
"PSEN1","INPP5D","VTN"
"PSEN1","TNFAIP1","VTN"
"PSEN1","PHF8","VTN"
"PSEN1","NF2","VTN"
"PSEN1","MDC1","VTN"
"PSEN1","MRE11","VTN"
"PSEN1","FRAT1","VTN"
"PSEN1","CBL","VTN"
"PSEN1","RBBP8","VTN"
"PSEN1","PCBP2","VTN"
"PSEN1","SH2B3","VTN"
"PSEN1","HDAC1","VTN"
"PSEN1","GRB14","VTN"
"PSEN1","PRKAR1A","VTN"
"PSEN1","NOTCH2","VTN"
"PSEN1","BAZ1B","VTN"
"PSEN1","PLCG2","VTN"
"PSEN1","STK3/4","MAPT"
"PSEN1","ACP1","MAPT"
"PSEN1","PTPN6","MAPT"
"PSEN1","STK4","MAPT"
"PSEN1","RPS6KB1","MAPT"
"PSEN1","CHEK1","MAPT"
"PSEN1","EIF2AK2","MAPT"
"PSEN1","STK3","MAPT"
"PSEN1","DOK1","MAPT"
"PSEN1","CDC25A","MAPT"
"PSEN1","MARK2","MAPT"
"PSEN1","PHLPP1","MAPT"
"PSEN1","CALM3","MAPT"
"PSEN1","YAP1","MAPT"
"PSEN1","DEF6","MAPT"
"PSEN1","CAMKK2","MAPT"
"PSEN1","PTPN7","MAPT"
"PSEN1","PDP1","MAPT"
"PSEN1","RPS6KA4","MAPT"
"PSEN1","HDAC3","MAPT"
"PSEN1","AXIN1","MAPT"
"PSEN1","PTPRR","MAPT"
"PSEN1","CDKN1B","MAPT"
"PSEN1","SKP2","MAPT"
"PSEN1","MAML1","MAPT"
"PSEN1","CDC25C","MAPT"
"PSEN1","WEE1","MAPT"
"PSEN1","CLASP2","MAPT"
"PSEN1","RHEB","MAPT"
"PSEN1","INPP5D","MAPT"
"PSEN1","TNFAIP1","MAPT"
"PSEN1","PHF8","MAPT"
"PSEN1","NF2","MAPT"
"PSEN1","MDC1","MAPT"
"PSEN1","MRE11","MAPT"
"PSEN1","FRAT1","MAPT"
"PSEN1","CBL","MAPT"
"PSEN1","RBBP8","MAPT"
"PSEN1","PCBP2","MAPT"
"PSEN1","SH2B3","MAPT"
"PSEN1","HDAC1","MAPT"
"PSEN1","GRB14","MAPT"
"PSEN1","PRKAR1A","MAPT"
"PSEN1","NOTCH2","MAPT"
"PSEN1","BAZ1B","MAPT"
"PSEN1","PLCG2","MAPT"
"PSEN1","STK3/4","ATF2"
"PSEN1","ACP1","ATF2"
"PSEN1","PTPN6","ATF2"
"PSEN1","STK4","ATF2"
"PSEN1","RPS6KB1","ATF2"
"PSEN1","CHEK1","ATF2"
"PSEN1","EIF2AK2","ATF2"
"PSEN1","STK3","ATF2"
"PSEN1","DOK1","ATF2"
"PSEN1","CDC25A","ATF2"
"PSEN1","MARK2","ATF2"
"PSEN1","PHLPP1","ATF2"
"PSEN1","CALM3","ATF2"
"PSEN1","YAP1","ATF2"
"PSEN1","DEF6","ATF2"
"PSEN1","CAMKK2","ATF2"
"PSEN1","PTPN7","ATF2"
"PSEN1","PDP1","ATF2"
"PSEN1","RPS6KA4","ATF2"
"PSEN1","HDAC3","ATF2"
"PSEN1","AXIN1","ATF2"
"PSEN1","PTPRR","ATF2"
"PSEN1","CDKN1B","ATF2"
"PSEN1","SKP2","ATF2"
"PSEN1","MAML1","ATF2"
"PSEN1","CDC25C","ATF2"
"PSEN1","WEE1","ATF2"
"PSEN1","CLASP2","ATF2"
"PSEN1","RHEB","ATF2"
"PSEN1","INPP5D","ATF2"
"PSEN1","TNFAIP1","ATF2"
"PSEN1","PHF8","ATF2"
"PSEN1","NF2","ATF2"
"PSEN1","MDC1","ATF2"
"PSEN1","MRE11","ATF2"
"PSEN1","FRAT1","ATF2"
"PSEN1","CBL","ATF2"
"PSEN1","RBBP8","ATF2"
"PSEN1","PCBP2","ATF2"
"PSEN1","SH2B3","ATF2"
"PSEN1","HDAC1","ATF2"
"PSEN1","GRB14","ATF2"
"PSEN1","PRKAR1A","ATF2"
"PSEN1","NOTCH2","ATF2"
"PSEN1","BAZ1B","ATF2"
"PSEN1","PLCG2","ATF2"
"PSEN1","STK3/4","FOXM1"
"PSEN1","ACP1","FOXM1"
"PSEN1","PTPN6","FOXM1"
"PSEN1","STK4","FOXM1"
"PSEN1","RPS6KB1","FOXM1"
"PSEN1","CHEK1","FOXM1"
"PSEN1","EIF2AK2","FOXM1"
"PSEN1","STK3","FOXM1"
"PSEN1","DOK1","FOXM1"
"PSEN1","CDC25A","FOXM1"
"PSEN1","MARK2","FOXM1"
"PSEN1","PHLPP1","FOXM1"
"PSEN1","CALM3","FOXM1"
"PSEN1","YAP1","FOXM1"
"PSEN1","DEF6","FOXM1"
"PSEN1","CAMKK2","FOXM1"
"PSEN1","PTPN7","FOXM1"
"PSEN1","PDP1","FOXM1"
"PSEN1","RPS6KA4","FOXM1"
"PSEN1","HDAC3","FOXM1"
"PSEN1","AXIN1","FOXM1"
"PSEN1","PTPRR","FOXM1"
"PSEN1","CDKN1B","FOXM1"
"PSEN1","SKP2","FOXM1"
"PSEN1","MAML1","FOXM1"
"PSEN1","CDC25C","FOXM1"
"PSEN1","WEE1","FOXM1"
"PSEN1","CLASP2","FOXM1"
"PSEN1","RHEB","FOXM1"
"PSEN1","INPP5D","FOXM1"
"PSEN1","TNFAIP1","FOXM1"
"PSEN1","PHF8","FOXM1"
"PSEN1","NF2","FOXM1"
"PSEN1","MDC1","FOXM1"
"PSEN1","MRE11","FOXM1"
"PSEN1","FRAT1","FOXM1"
"PSEN1","CBL","FOXM1"
"PSEN1","RBBP8","FOXM1"
"PSEN1","PCBP2","FOXM1"
"PSEN1","SH2B3","FOXM1"
"PSEN1","HDAC1","FOXM1"
"PSEN1","GRB14","FOXM1"
"PSEN1","PRKAR1A","FOXM1"
"PSEN1","NOTCH2","FOXM1"
"PSEN1","BAZ1B","FOXM1"
"PSEN1","PLCG2","FOXM1"
"PSEN1","STK3/4","TCOF1"
"PSEN1","ACP1","TCOF1"
"PSEN1","PTPN6","TCOF1"
"PSEN1","STK4","TCOF1"
"PSEN1","RPS6KB1","TCOF1"
"PSEN1","CHEK1","TCOF1"
"PSEN1","EIF2AK2","TCOF1"
"PSEN1","STK3","TCOF1"
"PSEN1","DOK1","TCOF1"
"PSEN1","CDC25A","TCOF1"
"PSEN1","MARK2","TCOF1"
"PSEN1","PHLPP1","TCOF1"
"PSEN1","CALM3","TCOF1"
"PSEN1","YAP1","TCOF1"
"PSEN1","DEF6","TCOF1"
"PSEN1","CAMKK2","TCOF1"
"PSEN1","PTPN7","TCOF1"
"PSEN1","PDP1","TCOF1"
"PSEN1","RPS6KA4","TCOF1"
"PSEN1","HDAC3","TCOF1"
"PSEN1","AXIN1","TCOF1"
"PSEN1","PTPRR","TCOF1"
"PSEN1","CDKN1B","TCOF1"
"PSEN1","SKP2","TCOF1"
"PSEN1","MAML1","TCOF1"
"PSEN1","CDC25C","TCOF1"
"PSEN1","WEE1","TCOF1"
"PSEN1","CLASP2","TCOF1"
"PSEN1","RHEB","TCOF1"
"PSEN1","INPP5D","TCOF1"
"PSEN1","TNFAIP1","TCOF1"
"PSEN1","PHF8","TCOF1"
"PSEN1","NF2","TCOF1"
"PSEN1","MDC1","TCOF1"
"PSEN1","MRE11","TCOF1"
"PSEN1","FRAT1","TCOF1"
"PSEN1","CBL","TCOF1"
"PSEN1","RBBP8","TCOF1"
"PSEN1","PCBP2","TCOF1"
"PSEN1","SH2B3","TCOF1"
"PSEN1","HDAC1","TCOF1"
"PSEN1","GRB14","TCOF1"
"PSEN1","PRKAR1A","TCOF1"
"PSEN1","NOTCH2","TCOF1"
"PSEN1","BAZ1B","TCOF1"
"PSEN1","PLCG2","TCOF1"
"PSEN1","STK3/4","ARHGEF2"
"PSEN1","ACP1","ARHGEF2"
"PSEN1","PTPN6","ARHGEF2"
"PSEN1","STK4","ARHGEF2"
"PSEN1","RPS6KB1","ARHGEF2"
"PSEN1","CHEK1","ARHGEF2"
"PSEN1","EIF2AK2","ARHGEF2"
"PSEN1","STK3","ARHGEF2"
"PSEN1","DOK1","ARHGEF2"
"PSEN1","CDC25A","ARHGEF2"
"PSEN1","MARK2","ARHGEF2"
"PSEN1","PHLPP1","ARHGEF2"
"PSEN1","CALM3","ARHGEF2"
"PSEN1","YAP1","ARHGEF2"
"PSEN1","DEF6","ARHGEF2"
"PSEN1","CAMKK2","ARHGEF2"
"PSEN1","PTPN7","ARHGEF2"
"PSEN1","PDP1","ARHGEF2"
"PSEN1","RPS6KA4","ARHGEF2"
"PSEN1","HDAC3","ARHGEF2"
"PSEN1","AXIN1","ARHGEF2"
"PSEN1","PTPRR","ARHGEF2"
"PSEN1","CDKN1B","ARHGEF2"
"PSEN1","SKP2","ARHGEF2"
"PSEN1","MAML1","ARHGEF2"
"PSEN1","CDC25C","ARHGEF2"
"PSEN1","WEE1","ARHGEF2"
"PSEN1","CLASP2","ARHGEF2"
"PSEN1","RHEB","ARHGEF2"
"PSEN1","INPP5D","ARHGEF2"
"PSEN1","TNFAIP1","ARHGEF2"
"PSEN1","PHF8","ARHGEF2"
"PSEN1","NF2","ARHGEF2"
"PSEN1","MDC1","ARHGEF2"
"PSEN1","MRE11","ARHGEF2"
"PSEN1","FRAT1","ARHGEF2"
"PSEN1","CBL","ARHGEF2"
"PSEN1","RBBP8","ARHGEF2"
"PSEN1","PCBP2","ARHGEF2"
"PSEN1","SH2B3","ARHGEF2"
"PSEN1","HDAC1","ARHGEF2"
"PSEN1","GRB14","ARHGEF2"
"PSEN1","PRKAR1A","ARHGEF2"
"PSEN1","NOTCH2","ARHGEF2"
"PSEN1","BAZ1B","ARHGEF2"
"PSEN1","PLCG2","ARHGEF2"
"PSEN1","PTPRR","STAT3"
"PSEN1","STK3/4","CFTR"
"PSEN1","ACP1","CFTR"
"PSEN1","PTPN6","CFTR"
"PSEN1","STK4","CFTR"
"PSEN1","RPS6KB1","CFTR"
"PSEN1","CHEK1","CFTR"
"PSEN1","EIF2AK2","CFTR"
"PSEN1","STK3","CFTR"
"PSEN1","DOK1","CFTR"
"PSEN1","CDC25A","CFTR"
"PSEN1","MARK2","CFTR"
"PSEN1","PHLPP1","CFTR"
"PSEN1","CALM3","CFTR"
"PSEN1","YAP1","CFTR"
"PSEN1","DEF6","CFTR"
"PSEN1","CAMKK2","CFTR"
"PSEN1","PTPN7","CFTR"
"PSEN1","PDP1","CFTR"
"PSEN1","RPS6KA4","CFTR"
"PSEN1","HDAC3","CFTR"
"PSEN1","AXIN1","CFTR"
"PSEN1","PTPRR","CFTR"
"PSEN1","CDKN1B","CFTR"
"PSEN1","SKP2","CFTR"
"PSEN1","MAML1","CFTR"
"PSEN1","CDC25C","CFTR"
"PSEN1","WEE1","CFTR"
"PSEN1","CLASP2","CFTR"
"PSEN1","RHEB","CFTR"
"PSEN1","INPP5D","CFTR"
"PSEN1","TNFAIP1","CFTR"
"PSEN1","PHF8","CFTR"
"PSEN1","NF2","CFTR"
"PSEN1","MDC1","CFTR"
"PSEN1","MRE11","CFTR"
"PSEN1","FRAT1","CFTR"
"PSEN1","CBL","CFTR"
"PSEN1","RBBP8","CFTR"
"PSEN1","PCBP2","CFTR"
"PSEN1","SH2B3","CFTR"
"PSEN1","HDAC1","CFTR"
"PSEN1","GRB14","CFTR"
"PSEN1","PRKAR1A","CFTR"
"PSEN1","NOTCH2","CFTR"
"PSEN1","BAZ1B","CFTR"
"PSEN1","PLCG2","CFTR"
"PSEN1","STK3/4","POLL"
"PSEN1","ACP1","POLL"
"PSEN1","PTPN6","POLL"
"PSEN1","STK4","POLL"
"PSEN1","RPS6KB1","POLL"
"PSEN1","CHEK1","POLL"
"PSEN1","EIF2AK2","POLL"
"PSEN1","STK3","POLL"
"PSEN1","DOK1","POLL"
"PSEN1","CDC25A","POLL"
"PSEN1","MARK2","POLL"
"PSEN1","PHLPP1","POLL"
"PSEN1","CALM3","POLL"
"PSEN1","YAP1","POLL"
"PSEN1","DEF6","POLL"
"PSEN1","CAMKK2","POLL"
"PSEN1","PTPN7","POLL"
"PSEN1","PDP1","POLL"
"PSEN1","RPS6KA4","POLL"
"PSEN1","HDAC3","POLL"
"PSEN1","AXIN1","POLL"
"PSEN1","PTPRR","POLL"
"PSEN1","CDKN1B","POLL"
"PSEN1","SKP2","POLL"
"PSEN1","MAML1","POLL"
"PSEN1","CDC25C","POLL"
"PSEN1","WEE1","POLL"
"PSEN1","CLASP2","POLL"
"PSEN1","RHEB","POLL"
"PSEN1","INPP5D","POLL"
"PSEN1","TNFAIP1","POLL"
"PSEN1","PHF8","POLL"
"PSEN1","NF2","POLL"
"PSEN1","MDC1","POLL"
"PSEN1","MRE11","POLL"
"PSEN1","FRAT1","POLL"
"PSEN1","CBL","POLL"
"PSEN1","RBBP8","POLL"
"PSEN1","PCBP2","POLL"
"PSEN1","SH2B3","POLL"
"PSEN1","HDAC1","POLL"
"PSEN1","GRB14","POLL"
"PSEN1","PRKAR1A","POLL"
"PSEN1","NOTCH2","POLL"
"PSEN1","BAZ1B","POLL"
"PSEN1","PLCG2","POLL"
"PSEN1","STK3/4","CRX"
"PSEN1","ACP1","CRX"
"PSEN1","PTPN6","CRX"
"PSEN1","STK4","CRX"
"PSEN1","RPS6KB1","CRX"
"PSEN1","CHEK1","CRX"
"PSEN1","EIF2AK2","CRX"
"PSEN1","STK3","CRX"
"PSEN1","DOK1","CRX"
"PSEN1","CDC25A","CRX"
"PSEN1","MARK2","CRX"
"PSEN1","PHLPP1","CRX"
"PSEN1","CALM3","CRX"
"PSEN1","YAP1","CRX"
"PSEN1","DEF6","CRX"
"PSEN1","CAMKK2","CRX"
"PSEN1","PTPN7","CRX"
"PSEN1","PDP1","CRX"
"PSEN1","RPS6KA4","CRX"
"PSEN1","HDAC3","CRX"
"PSEN1","AXIN1","CRX"
"PSEN1","PTPRR","CRX"
"PSEN1","CDKN1B","CRX"
"PSEN1","SKP2","CRX"
"PSEN1","MAML1","CRX"
"PSEN1","CDC25C","CRX"
"PSEN1","WEE1","CRX"
"PSEN1","CLASP2","CRX"
"PSEN1","RHEB","CRX"
"PSEN1","INPP5D","CRX"
"PSEN1","TNFAIP1","CRX"
"PSEN1","PHF8","CRX"
"PSEN1","NF2","CRX"
"PSEN1","MDC1","CRX"
"PSEN1","MRE11","CRX"
"PSEN1","FRAT1","CRX"
"PSEN1","CBL","CRX"
"PSEN1","RBBP8","CRX"
"PSEN1","PCBP2","CRX"
"PSEN1","SH2B3","CRX"
"PSEN1","HDAC1","CRX"
"PSEN1","GRB14","CRX"
"PSEN1","PRKAR1A","CRX"
"PSEN1","NOTCH2","CRX"
"PSEN1","BAZ1B","CRX"
"PSEN1","PLCG2","CRX"
"PSEN1","STK3/4","STAT5A"
"PSEN1","ACP1","STAT5A"
"PSEN1","PTPN6","STAT5A"
"PSEN1","STK4","STAT5A"
"PSEN1","RPS6KB1","STAT5A"
"PSEN1","CHEK1","STAT5A"
"PSEN1","EIF2AK2","STAT5A"
"PSEN1","STK3","STAT5A"
"PSEN1","DOK1","STAT5A"
"PSEN1","CDC25A","STAT5A"
"PSEN1","MARK2","STAT5A"
"PSEN1","PHLPP1","STAT5A"
"PSEN1","CALM3","STAT5A"
"PSEN1","YAP1","STAT5A"
"PSEN1","DEF6","STAT5A"
"PSEN1","CAMKK2","STAT5A"
"PSEN1","PTPN7","STAT5A"
"PSEN1","PDP1","STAT5A"
"PSEN1","RPS6KA4","STAT5A"
"PSEN1","HDAC3","STAT5A"
"PSEN1","AXIN1","STAT5A"
"PSEN1","PTPRR","STAT5A"
"PSEN1","CDKN1B","STAT5A"
"PSEN1","SKP2","STAT5A"
"PSEN1","MAML1","STAT5A"
"PSEN1","CDC25C","STAT5A"
"PSEN1","WEE1","STAT5A"
"PSEN1","CLASP2","STAT5A"
"PSEN1","RHEB","STAT5A"
"PSEN1","INPP5D","STAT5A"
"PSEN1","TNFAIP1","STAT5A"
"PSEN1","PHF8","STAT5A"
"PSEN1","NF2","STAT5A"
"PSEN1","MDC1","STAT5A"
"PSEN1","MRE11","STAT5A"
"PSEN1","FRAT1","STAT5A"
"PSEN1","CBL","STAT5A"
"PSEN1","RBBP8","STAT5A"
"PSEN1","PCBP2","STAT5A"
"PSEN1","SH2B3","STAT5A"
"PSEN1","HDAC1","STAT5A"
"PSEN1","GRB14","STAT5A"
"PSEN1","PRKAR1A","STAT5A"
"PSEN1","NOTCH2","STAT5A"
"PSEN1","BAZ1B","STAT5A"
"PSEN1","PLCG2","STAT5A"
"PSEN1","STK3/4","SMURF2"
"PSEN1","ACP1","SMURF2"
"PSEN1","PTPN6","SMURF2"
"PSEN1","STK4","SMURF2"
"PSEN1","RPS6KB1","SMURF2"
"PSEN1","CHEK1","SMURF2"
"PSEN1","EIF2AK2","SMURF2"
"PSEN1","STK3","SMURF2"
"PSEN1","DOK1","SMURF2"
"PSEN1","CDC25A","SMURF2"
"PSEN1","MARK2","SMURF2"
"PSEN1","PHLPP1","SMURF2"
"PSEN1","CALM3","SMURF2"
"PSEN1","YAP1","SMURF2"
"PSEN1","DEF6","SMURF2"
"PSEN1","CAMKK2","SMURF2"
"PSEN1","PTPN7","SMURF2"
"PSEN1","PDP1","SMURF2"
"PSEN1","RPS6KA4","SMURF2"
"PSEN1","HDAC3","SMURF2"
"PSEN1","AXIN1","SMURF2"
"PSEN1","PTPRR","SMURF2"
"PSEN1","CDKN1B","SMURF2"
"PSEN1","SKP2","SMURF2"
"PSEN1","MAML1","SMURF2"
"PSEN1","CDC25C","SMURF2"
"PSEN1","WEE1","SMURF2"
"PSEN1","CLASP2","SMURF2"
"PSEN1","RHEB","SMURF2"
"PSEN1","INPP5D","SMURF2"
"PSEN1","TNFAIP1","SMURF2"
"PSEN1","PHF8","SMURF2"
"PSEN1","NF2","SMURF2"
"PSEN1","MDC1","SMURF2"
"PSEN1","MRE11","SMURF2"
"PSEN1","FRAT1","SMURF2"
"PSEN1","CBL","SMURF2"
"PSEN1","RBBP8","SMURF2"
"PSEN1","PCBP2","SMURF2"
"PSEN1","SH2B3","SMURF2"
"PSEN1","HDAC1","SMURF2"
"PSEN1","GRB14","SMURF2"
"PSEN1","PRKAR1A","SMURF2"
"PSEN1","NOTCH2","SMURF2"
"PSEN1","BAZ1B","SMURF2"
"PSEN1","PLCG2","SMURF2"
"PSEN1","STK3/4","PFKFB2"
"PSEN1","ACP1","PFKFB2"
"PSEN1","PTPN6","PFKFB2"
"PSEN1","STK4","PFKFB2"
"PSEN1","RPS6KB1","PFKFB2"
"PSEN1","CHEK1","PFKFB2"
"PSEN1","EIF2AK2","PFKFB2"
"PSEN1","STK3","PFKFB2"
"PSEN1","DOK1","PFKFB2"
"PSEN1","CDC25A","PFKFB2"
"PSEN1","MARK2","PFKFB2"
"PSEN1","PHLPP1","PFKFB2"
"PSEN1","CALM3","PFKFB2"
"PSEN1","YAP1","PFKFB2"
"PSEN1","DEF6","PFKFB2"
"PSEN1","CAMKK2","PFKFB2"
"PSEN1","PTPN7","PFKFB2"
"PSEN1","PDP1","PFKFB2"
"PSEN1","RPS6KA4","PFKFB2"
"PSEN1","HDAC3","PFKFB2"
"PSEN1","AXIN1","PFKFB2"
"PSEN1","PTPRR","PFKFB2"
"PSEN1","CDKN1B","PFKFB2"
"PSEN1","SKP2","PFKFB2"
"PSEN1","MAML1","PFKFB2"
"PSEN1","CDC25C","PFKFB2"
"PSEN1","WEE1","PFKFB2"
"PSEN1","CLASP2","PFKFB2"
"PSEN1","RHEB","PFKFB2"
"PSEN1","INPP5D","PFKFB2"
"PSEN1","TNFAIP1","PFKFB2"
"PSEN1","PHF8","PFKFB2"
"PSEN1","NF2","PFKFB2"
"PSEN1","MDC1","PFKFB2"
"PSEN1","MRE11","PFKFB2"
"PSEN1","FRAT1","PFKFB2"
"PSEN1","CBL","PFKFB2"
"PSEN1","RBBP8","PFKFB2"
"PSEN1","PCBP2","PFKFB2"
"PSEN1","SH2B3","PFKFB2"
"PSEN1","HDAC1","PFKFB2"
"PSEN1","GRB14","PFKFB2"
"PSEN1","PRKAR1A","PFKFB2"
"PSEN1","NOTCH2","PFKFB2"
"PSEN1","BAZ1B","PFKFB2"
"PSEN1","PLCG2","PFKFB2"
"PSEN1","STK3/4","Elongin E3-Cul-5"
"PSEN1","ACP1","Elongin E3-Cul-5"
"PSEN1","PTPN6","Elongin E3-Cul-5"
"PSEN1","STK4","Elongin E3-Cul-5"
"PSEN1","RPS6KB1","Elongin E3-Cul-5"
"PSEN1","CHEK1","Elongin E3-Cul-5"
"PSEN1","EIF2AK2","Elongin E3-Cul-5"
"PSEN1","STK3","Elongin E3-Cul-5"
"PSEN1","DOK1","Elongin E3-Cul-5"
"PSEN1","CDC25A","Elongin E3-Cul-5"
"PSEN1","MARK2","Elongin E3-Cul-5"
"PSEN1","PHLPP1","Elongin E3-Cul-5"
"PSEN1","CALM3","Elongin E3-Cul-5"
"PSEN1","YAP1","Elongin E3-Cul-5"
"PSEN1","DEF6","Elongin E3-Cul-5"
"PSEN1","CAMKK2","Elongin E3-Cul-5"
"PSEN1","PTPN7","Elongin E3-Cul-5"
"PSEN1","PDP1","Elongin E3-Cul-5"
"PSEN1","RPS6KA4","Elongin E3-Cul-5"
"PSEN1","HDAC3","Elongin E3-Cul-5"
"PSEN1","AXIN1","Elongin E3-Cul-5"
"PSEN1","PTPRR","Elongin E3-Cul-5"
"PSEN1","CDKN1B","Elongin E3-Cul-5"
"PSEN1","SKP2","Elongin E3-Cul-5"
"PSEN1","MAML1","Elongin E3-Cul-5"
"PSEN1","CDC25C","Elongin E3-Cul-5"
"PSEN1","WEE1","Elongin E3-Cul-5"
"PSEN1","CLASP2","Elongin E3-Cul-5"
"PSEN1","RHEB","Elongin E3-Cul-5"
"PSEN1","INPP5D","Elongin E3-Cul-5"
"PSEN1","TNFAIP1","Elongin E3-Cul-5"
"PSEN1","PHF8","Elongin E3-Cul-5"
"PSEN1","NF2","Elongin E3-Cul-5"
"PSEN1","MDC1","Elongin E3-Cul-5"
"PSEN1","MRE11","Elongin E3-Cul-5"
"PSEN1","FRAT1","Elongin E3-Cul-5"
"PSEN1","CBL","Elongin E3-Cul-5"
"PSEN1","RBBP8","Elongin E3-Cul-5"
"PSEN1","PCBP2","Elongin E3-Cul-5"
"PSEN1","SH2B3","Elongin E3-Cul-5"
"PSEN1","HDAC1","Elongin E3-Cul-5"
"PSEN1","GRB14","Elongin E3-Cul-5"
"PSEN1","PRKAR1A","Elongin E3-Cul-5"
"PSEN1","NOTCH2","Elongin E3-Cul-5"
"PSEN1","BAZ1B","Elongin E3-Cul-5"
"PSEN1","PLCG2","Elongin E3-Cul-5"
"PSEN1","STK3/4","HSPB8"
"PSEN1","ACP1","HSPB8"
"PSEN1","PTPN6","HSPB8"
"PSEN1","STK4","HSPB8"
"PSEN1","RPS6KB1","HSPB8"
"PSEN1","CHEK1","HSPB8"
"PSEN1","EIF2AK2","HSPB8"
"PSEN1","STK3","HSPB8"
"PSEN1","DOK1","HSPB8"
"PSEN1","CDC25A","HSPB8"
"PSEN1","MARK2","HSPB8"
"PSEN1","PHLPP1","HSPB8"
"PSEN1","CALM3","HSPB8"
"PSEN1","YAP1","HSPB8"
"PSEN1","DEF6","HSPB8"
"PSEN1","CAMKK2","HSPB8"
"PSEN1","PTPN7","HSPB8"
"PSEN1","PDP1","HSPB8"
"PSEN1","RPS6KA4","HSPB8"
"PSEN1","HDAC3","HSPB8"
"PSEN1","AXIN1","HSPB8"
"PSEN1","PTPRR","HSPB8"
"PSEN1","CDKN1B","HSPB8"
"PSEN1","SKP2","HSPB8"
"PSEN1","MAML1","HSPB8"
"PSEN1","CDC25C","HSPB8"
"PSEN1","WEE1","HSPB8"
"PSEN1","CLASP2","HSPB8"
"PSEN1","RHEB","HSPB8"
"PSEN1","INPP5D","HSPB8"
"PSEN1","TNFAIP1","HSPB8"
"PSEN1","PHF8","HSPB8"
"PSEN1","NF2","HSPB8"
"PSEN1","MDC1","HSPB8"
"PSEN1","MRE11","HSPB8"
"PSEN1","FRAT1","HSPB8"
"PSEN1","CBL","HSPB8"
"PSEN1","RBBP8","HSPB8"
"PSEN1","PCBP2","HSPB8"
"PSEN1","SH2B3","HSPB8"
"PSEN1","HDAC1","HSPB8"
"PSEN1","GRB14","HSPB8"
"PSEN1","PRKAR1A","HSPB8"
"PSEN1","NOTCH2","HSPB8"
"PSEN1","BAZ1B","HSPB8"
"PSEN1","PLCG2","HSPB8"
"PSEN1","STK3/4","PPARA"
"PSEN1","ACP1","PPARA"
"PSEN1","PTPN6","PPARA"
"PSEN1","STK4","PPARA"
"PSEN1","RPS6KB1","PPARA"
"PSEN1","CHEK1","PPARA"
"PSEN1","EIF2AK2","PPARA"
"PSEN1","STK3","PPARA"
"PSEN1","DOK1","PPARA"
"PSEN1","CDC25A","PPARA"
"PSEN1","MARK2","PPARA"
"PSEN1","PHLPP1","PPARA"
"PSEN1","CALM3","PPARA"
"PSEN1","YAP1","PPARA"
"PSEN1","DEF6","PPARA"
"PSEN1","CAMKK2","PPARA"
"PSEN1","PTPN7","PPARA"
"PSEN1","PDP1","PPARA"
"PSEN1","RPS6KA4","PPARA"
"PSEN1","HDAC3","PPARA"
"PSEN1","AXIN1","PPARA"
"PSEN1","PTPRR","PPARA"
"PSEN1","CDKN1B","PPARA"
"PSEN1","SKP2","PPARA"
"PSEN1","MAML1","PPARA"
"PSEN1","CDC25C","PPARA"
"PSEN1","WEE1","PPARA"
"PSEN1","CLASP2","PPARA"
"PSEN1","RHEB","PPARA"
"PSEN1","INPP5D","PPARA"
"PSEN1","TNFAIP1","PPARA"
"PSEN1","PHF8","PPARA"
"PSEN1","NF2","PPARA"
"PSEN1","MDC1","PPARA"
"PSEN1","MRE11","PPARA"
"PSEN1","FRAT1","PPARA"
"PSEN1","CBL","PPARA"
"PSEN1","RBBP8","PPARA"
"PSEN1","PCBP2","PPARA"
"PSEN1","SH2B3","PPARA"
"PSEN1","HDAC1","PPARA"
"PSEN1","GRB14","PPARA"
"PSEN1","PRKAR1A","PPARA"
"PSEN1","NOTCH2","PPARA"
"PSEN1","BAZ1B","PPARA"
"PSEN1","PLCG2","PPARA"
"PSEN1","STK3/4","PRPF3"
"PSEN1","ACP1","PRPF3"
"PSEN1","PTPN6","PRPF3"
"PSEN1","STK4","PRPF3"
"PSEN1","RPS6KB1","PRPF3"
"PSEN1","CHEK1","PRPF3"
"PSEN1","EIF2AK2","PRPF3"
"PSEN1","STK3","PRPF3"
"PSEN1","DOK1","PRPF3"
"PSEN1","CDC25A","PRPF3"
"PSEN1","MARK2","PRPF3"
"PSEN1","PHLPP1","PRPF3"
"PSEN1","CALM3","PRPF3"
"PSEN1","YAP1","PRPF3"
"PSEN1","DEF6","PRPF3"
"PSEN1","CAMKK2","PRPF3"
"PSEN1","PTPN7","PRPF3"
"PSEN1","PDP1","PRPF3"
"PSEN1","RPS6KA4","PRPF3"
"PSEN1","HDAC3","PRPF3"
"PSEN1","AXIN1","PRPF3"
"PSEN1","PTPRR","PRPF3"
"PSEN1","CDKN1B","PRPF3"
"PSEN1","SKP2","PRPF3"
"PSEN1","MAML1","PRPF3"
"PSEN1","CDC25C","PRPF3"
"PSEN1","WEE1","PRPF3"
"PSEN1","CLASP2","PRPF3"
"PSEN1","RHEB","PRPF3"
"PSEN1","INPP5D","PRPF3"
"PSEN1","TNFAIP1","PRPF3"
"PSEN1","PHF8","PRPF3"
"PSEN1","NF2","PRPF3"
"PSEN1","MDC1","PRPF3"
"PSEN1","MRE11","PRPF3"
"PSEN1","FRAT1","PRPF3"
"PSEN1","CBL","PRPF3"
"PSEN1","RBBP8","PRPF3"
"PSEN1","PCBP2","PRPF3"
"PSEN1","SH2B3","PRPF3"
"PSEN1","HDAC1","PRPF3"
"PSEN1","GRB14","PRPF3"
"PSEN1","PRKAR1A","PRPF3"
"PSEN1","NOTCH2","PRPF3"
"PSEN1","BAZ1B","PRPF3"
"PSEN1","PLCG2","PRPF3"
"PSEN1","STK3/4","SREBF1"
"PSEN1","ACP1","SREBF1"
"PSEN1","PTPN6","SREBF1"
"PSEN1","STK4","SREBF1"
"PSEN1","RPS6KB1","SREBF1"
"PSEN1","CHEK1","SREBF1"
"PSEN1","EIF2AK2","SREBF1"
"PSEN1","STK3","SREBF1"
"PSEN1","DOK1","SREBF1"
"PSEN1","CDC25A","SREBF1"
"PSEN1","MARK2","SREBF1"
"PSEN1","PHLPP1","SREBF1"
"PSEN1","CALM3","SREBF1"
"PSEN1","YAP1","SREBF1"
"PSEN1","DEF6","SREBF1"
"PSEN1","CAMKK2","SREBF1"
"PSEN1","PTPN7","SREBF1"
"PSEN1","PDP1","SREBF1"
"PSEN1","RPS6KA4","SREBF1"
"PSEN1","HDAC3","SREBF1"
"PSEN1","AXIN1","SREBF1"
"PSEN1","PTPRR","SREBF1"
"PSEN1","CDKN1B","SREBF1"
"PSEN1","SKP2","SREBF1"
"PSEN1","MAML1","SREBF1"
"PSEN1","CDC25C","SREBF1"
"PSEN1","WEE1","SREBF1"
"PSEN1","CLASP2","SREBF1"
"PSEN1","RHEB","SREBF1"
"PSEN1","INPP5D","SREBF1"
"PSEN1","TNFAIP1","SREBF1"
"PSEN1","PHF8","SREBF1"
"PSEN1","NF2","SREBF1"
"PSEN1","MDC1","SREBF1"
"PSEN1","MRE11","SREBF1"
"PSEN1","FRAT1","SREBF1"
"PSEN1","CBL","SREBF1"
"PSEN1","RBBP8","SREBF1"
"PSEN1","PCBP2","SREBF1"
"PSEN1","SH2B3","SREBF1"
"PSEN1","HDAC1","SREBF1"
"PSEN1","GRB14","SREBF1"
"PSEN1","PRKAR1A","SREBF1"
"PSEN1","NOTCH2","SREBF1"
"PSEN1","BAZ1B","SREBF1"
"PSEN1","PLCG2","SREBF1"
"PSEN1","STK3/4","ELK1"
"PSEN1","ACP1","ELK1"
"PSEN1","PTPN6","ELK1"
"PSEN1","STK4","ELK1"
"PSEN1","RPS6KB1","ELK1"
"PSEN1","CHEK1","ELK1"
"PSEN1","EIF2AK2","ELK1"
"PSEN1","STK3","ELK1"
"PSEN1","DOK1","ELK1"
"PSEN1","CDC25A","ELK1"
"PSEN1","MARK2","ELK1"
"PSEN1","PHLPP1","ELK1"
"PSEN1","CALM3","ELK1"
"PSEN1","YAP1","ELK1"
"PSEN1","DEF6","ELK1"
"PSEN1","CAMKK2","ELK1"
"PSEN1","PTPN7","ELK1"
"PSEN1","PDP1","ELK1"
"PSEN1","RPS6KA4","ELK1"
"PSEN1","HDAC3","ELK1"
"PSEN1","AXIN1","ELK1"
"PSEN1","PTPRR","ELK1"
"PSEN1","CDKN1B","ELK1"
"PSEN1","SKP2","ELK1"
"PSEN1","MAML1","ELK1"
"PSEN1","CDC25C","ELK1"
"PSEN1","WEE1","ELK1"
"PSEN1","CLASP2","ELK1"
"PSEN1","RHEB","ELK1"
"PSEN1","INPP5D","ELK1"
"PSEN1","TNFAIP1","ELK1"
"PSEN1","PHF8","ELK1"
"PSEN1","NF2","ELK1"
"PSEN1","MDC1","ELK1"
"PSEN1","MRE11","ELK1"
"PSEN1","FRAT1","ELK1"
"PSEN1","CBL","ELK1"
"PSEN1","RBBP8","ELK1"
"PSEN1","PCBP2","ELK1"
"PSEN1","SH2B3","ELK1"
"PSEN1","HDAC1","ELK1"
"PSEN1","GRB14","ELK1"
"PSEN1","PRKAR1A","ELK1"
"PSEN1","NOTCH2","ELK1"
"PSEN1","BAZ1B","ELK1"
"PSEN1","PLCG2","ELK1"
"PSEN1","STK3/4","MAFA"
"PSEN1","ACP1","MAFA"
"PSEN1","PTPN6","MAFA"
"PSEN1","STK4","MAFA"
"PSEN1","RPS6KB1","MAFA"
"PSEN1","CHEK1","MAFA"
"PSEN1","EIF2AK2","MAFA"
"PSEN1","STK3","MAFA"
"PSEN1","DOK1","MAFA"
"PSEN1","CDC25A","MAFA"
"PSEN1","MARK2","MAFA"
"PSEN1","PHLPP1","MAFA"
"PSEN1","CALM3","MAFA"
"PSEN1","YAP1","MAFA"
"PSEN1","DEF6","MAFA"
"PSEN1","CAMKK2","MAFA"
"PSEN1","PTPN7","MAFA"
"PSEN1","PDP1","MAFA"
"PSEN1","RPS6KA4","MAFA"
"PSEN1","HDAC3","MAFA"
"PSEN1","AXIN1","MAFA"
"PSEN1","PTPRR","MAFA"
"PSEN1","CDKN1B","MAFA"
"PSEN1","SKP2","MAFA"
"PSEN1","MAML1","MAFA"
"PSEN1","CDC25C","MAFA"
"PSEN1","WEE1","MAFA"
"PSEN1","CLASP2","MAFA"
"PSEN1","RHEB","MAFA"
"PSEN1","INPP5D","MAFA"
"PSEN1","TNFAIP1","MAFA"
"PSEN1","PHF8","MAFA"
"PSEN1","NF2","MAFA"
"PSEN1","MDC1","MAFA"
"PSEN1","MRE11","MAFA"
"PSEN1","FRAT1","MAFA"
"PSEN1","CBL","MAFA"
"PSEN1","RBBP8","MAFA"
"PSEN1","PCBP2","MAFA"
"PSEN1","SH2B3","MAFA"
"PSEN1","HDAC1","MAFA"
"PSEN1","GRB14","MAFA"
"PSEN1","PRKAR1A","MAFA"
"PSEN1","NOTCH2","MAFA"
"PSEN1","BAZ1B","MAFA"
"PSEN1","PLCG2","MAFA"
"PSEN1","STK3/4","SF3B1"
"PSEN1","ACP1","SF3B1"
"PSEN1","PTPN6","SF3B1"
"PSEN1","STK4","SF3B1"
"PSEN1","RPS6KB1","SF3B1"
"PSEN1","CHEK1","SF3B1"
"PSEN1","EIF2AK2","SF3B1"
"PSEN1","STK3","SF3B1"
"PSEN1","DOK1","SF3B1"
"PSEN1","CDC25A","SF3B1"
"PSEN1","MARK2","SF3B1"
"PSEN1","PHLPP1","SF3B1"
"PSEN1","CALM3","SF3B1"
"PSEN1","YAP1","SF3B1"
"PSEN1","DEF6","SF3B1"
"PSEN1","CAMKK2","SF3B1"
"PSEN1","PTPN7","SF3B1"
"PSEN1","PDP1","SF3B1"
"PSEN1","RPS6KA4","SF3B1"
"PSEN1","HDAC3","SF3B1"
"PSEN1","AXIN1","SF3B1"
"PSEN1","PTPRR","SF3B1"
"PSEN1","CDKN1B","SF3B1"
"PSEN1","SKP2","SF3B1"
"PSEN1","MAML1","SF3B1"
"PSEN1","CDC25C","SF3B1"
"PSEN1","WEE1","SF3B1"
"PSEN1","CLASP2","SF3B1"
"PSEN1","RHEB","SF3B1"
"PSEN1","INPP5D","SF3B1"
"PSEN1","TNFAIP1","SF3B1"
"PSEN1","PHF8","SF3B1"
"PSEN1","NF2","SF3B1"
"PSEN1","MDC1","SF3B1"
"PSEN1","MRE11","SF3B1"
"PSEN1","FRAT1","SF3B1"
"PSEN1","CBL","SF3B1"
"PSEN1","RBBP8","SF3B1"
"PSEN1","PCBP2","SF3B1"
"PSEN1","SH2B3","SF3B1"
"PSEN1","HDAC1","SF3B1"
"PSEN1","GRB14","SF3B1"
"PSEN1","PRKAR1A","SF3B1"
"PSEN1","NOTCH2","SF3B1"
"PSEN1","BAZ1B","SF3B1"
"PSEN1","PLCG2","SF3B1"
"PSEN1","STK3/4","CCDC6"
"PSEN1","ACP1","CCDC6"
"PSEN1","PTPN6","CCDC6"
"PSEN1","STK4","CCDC6"
"PSEN1","RPS6KB1","CCDC6"
"PSEN1","CHEK1","CCDC6"
"PSEN1","EIF2AK2","CCDC6"
"PSEN1","STK3","CCDC6"
"PSEN1","DOK1","CCDC6"
"PSEN1","CDC25A","CCDC6"
"PSEN1","MARK2","CCDC6"
"PSEN1","PHLPP1","CCDC6"
"PSEN1","CALM3","CCDC6"
"PSEN1","YAP1","CCDC6"
"PSEN1","DEF6","CCDC6"
"PSEN1","CAMKK2","CCDC6"
"PSEN1","PTPN7","CCDC6"
"PSEN1","PDP1","CCDC6"
"PSEN1","RPS6KA4","CCDC6"
"PSEN1","HDAC3","CCDC6"
"PSEN1","AXIN1","CCDC6"
"PSEN1","PTPRR","CCDC6"
"PSEN1","CDKN1B","CCDC6"
"PSEN1","SKP2","CCDC6"
"PSEN1","MAML1","CCDC6"
"PSEN1","CDC25C","CCDC6"
"PSEN1","WEE1","CCDC6"
"PSEN1","CLASP2","CCDC6"
"PSEN1","RHEB","CCDC6"
"PSEN1","INPP5D","CCDC6"
"PSEN1","TNFAIP1","CCDC6"
"PSEN1","PHF8","CCDC6"
"PSEN1","NF2","CCDC6"
"PSEN1","MDC1","CCDC6"
"PSEN1","MRE11","CCDC6"
"PSEN1","FRAT1","CCDC6"
"PSEN1","CBL","CCDC6"
"PSEN1","RBBP8","CCDC6"
"PSEN1","PCBP2","CCDC6"
"PSEN1","SH2B3","CCDC6"
"PSEN1","HDAC1","CCDC6"
"PSEN1","GRB14","CCDC6"
"PSEN1","PRKAR1A","CCDC6"
"PSEN1","NOTCH2","CCDC6"
"PSEN1","BAZ1B","CCDC6"
"PSEN1","PLCG2","CCDC6"
"PSEN1","STK3/4","GLI1"
"PSEN1","ACP1","GLI1"
"PSEN1","PTPN6","GLI1"
"PSEN1","STK4","GLI1"
"PSEN1","CHEK1","GLI1"
"PSEN1","EIF2AK2","GLI1"
"PSEN1","STK3","GLI1"
"PSEN1","DOK1","GLI1"
"PSEN1","CDC25A","GLI1"
"PSEN1","MARK2","GLI1"
"PSEN1","PHLPP1","GLI1"
"PSEN1","CALM3","GLI1"
"PSEN1","YAP1","GLI1"
"PSEN1","DEF6","GLI1"
"PSEN1","CAMKK2","GLI1"
"PSEN1","PTPN7","GLI1"
"PSEN1","PDP1","GLI1"
"PSEN1","RPS6KA4","GLI1"
"PSEN1","HDAC3","GLI1"
"PSEN1","AXIN1","GLI1"
"PSEN1","PTPRR","GLI1"
"PSEN1","CDKN1B","GLI1"
"PSEN1","SKP2","GLI1"
"PSEN1","MAML1","GLI1"
"PSEN1","CDC25C","GLI1"
"PSEN1","WEE1","GLI1"
"PSEN1","CLASP2","GLI1"
"PSEN1","RHEB","GLI1"
"PSEN1","INPP5D","GLI1"
"PSEN1","TNFAIP1","GLI1"
"PSEN1","PHF8","GLI1"
"PSEN1","NF2","GLI1"
"PSEN1","MDC1","GLI1"
"PSEN1","MRE11","GLI1"
"PSEN1","FRAT1","GLI1"
"PSEN1","CBL","GLI1"
"PSEN1","RBBP8","GLI1"
"PSEN1","PCBP2","GLI1"
"PSEN1","SH2B3","GLI1"
"PSEN1","HDAC1","GLI1"
"PSEN1","GRB14","GLI1"
"PSEN1","PRKAR1A","GLI1"
"PSEN1","NOTCH2","GLI1"
"PSEN1","BAZ1B","GLI1"
"PSEN1","PLCG2","GLI1"
"PSEN1","STK3/4","SLC29A1"
"PSEN1","ACP1","SLC29A1"
"PSEN1","PTPN6","SLC29A1"
"PSEN1","STK4","SLC29A1"
"PSEN1","RPS6KB1","SLC29A1"
"PSEN1","CHEK1","SLC29A1"
"PSEN1","EIF2AK2","SLC29A1"
"PSEN1","STK3","SLC29A1"
"PSEN1","DOK1","SLC29A1"
"PSEN1","CDC25A","SLC29A1"
"PSEN1","MARK2","SLC29A1"
"PSEN1","PHLPP1","SLC29A1"
"PSEN1","CALM3","SLC29A1"
"PSEN1","YAP1","SLC29A1"
"PSEN1","DEF6","SLC29A1"
"PSEN1","CAMKK2","SLC29A1"
"PSEN1","PTPN7","SLC29A1"
"PSEN1","PDP1","SLC29A1"
"PSEN1","RPS6KA4","SLC29A1"
"PSEN1","HDAC3","SLC29A1"
"PSEN1","AXIN1","SLC29A1"
"PSEN1","PTPRR","SLC29A1"
"PSEN1","CDKN1B","SLC29A1"
"PSEN1","SKP2","SLC29A1"
"PSEN1","MAML1","SLC29A1"
"PSEN1","CDC25C","SLC29A1"
"PSEN1","WEE1","SLC29A1"
"PSEN1","CLASP2","SLC29A1"
"PSEN1","RHEB","SLC29A1"
"PSEN1","INPP5D","SLC29A1"
"PSEN1","TNFAIP1","SLC29A1"
"PSEN1","PHF8","SLC29A1"
"PSEN1","NF2","SLC29A1"
"PSEN1","MDC1","SLC29A1"
"PSEN1","MRE11","SLC29A1"
"PSEN1","FRAT1","SLC29A1"
"PSEN1","CBL","SLC29A1"
"PSEN1","RBBP8","SLC29A1"
"PSEN1","PCBP2","SLC29A1"
"PSEN1","SH2B3","SLC29A1"
"PSEN1","HDAC1","SLC29A1"
"PSEN1","GRB14","SLC29A1"
"PSEN1","PRKAR1A","SLC29A1"
"PSEN1","NOTCH2","SLC29A1"
"PSEN1","BAZ1B","SLC29A1"
"PSEN1","PLCG2","SLC29A1"
"PSEN1","STK3/4","CTPS1"
"PSEN1","ACP1","CTPS1"
"PSEN1","PTPN6","CTPS1"
"PSEN1","STK4","CTPS1"
"PSEN1","RPS6KB1","CTPS1"
"PSEN1","CHEK1","CTPS1"
"PSEN1","EIF2AK2","CTPS1"
"PSEN1","STK3","CTPS1"
"PSEN1","DOK1","CTPS1"
"PSEN1","CDC25A","CTPS1"
"PSEN1","MARK2","CTPS1"
"PSEN1","PHLPP1","CTPS1"
"PSEN1","CALM3","CTPS1"
"PSEN1","YAP1","CTPS1"
"PSEN1","DEF6","CTPS1"
"PSEN1","CAMKK2","CTPS1"
"PSEN1","PTPN7","CTPS1"
"PSEN1","PDP1","CTPS1"
"PSEN1","RPS6KA4","CTPS1"
"PSEN1","HDAC3","CTPS1"
"PSEN1","AXIN1","CTPS1"
"PSEN1","PTPRR","CTPS1"
"PSEN1","CDKN1B","CTPS1"
"PSEN1","SKP2","CTPS1"
"PSEN1","MAML1","CTPS1"
"PSEN1","CDC25C","CTPS1"
"PSEN1","WEE1","CTPS1"
"PSEN1","CLASP2","CTPS1"
"PSEN1","RHEB","CTPS1"
"PSEN1","INPP5D","CTPS1"
"PSEN1","TNFAIP1","CTPS1"
"PSEN1","PHF8","CTPS1"
"PSEN1","NF2","CTPS1"
"PSEN1","MDC1","CTPS1"
"PSEN1","MRE11","CTPS1"
"PSEN1","FRAT1","CTPS1"
"PSEN1","CBL","CTPS1"
"PSEN1","RBBP8","CTPS1"
"PSEN1","PCBP2","CTPS1"
"PSEN1","SH2B3","CTPS1"
"PSEN1","HDAC1","CTPS1"
"PSEN1","GRB14","CTPS1"
"PSEN1","PRKAR1A","CTPS1"
"PSEN1","NOTCH2","CTPS1"
"PSEN1","BAZ1B","CTPS1"
"PSEN1","PLCG2","CTPS1"
"PSEN1","STK3/4","UNG"
"PSEN1","ACP1","UNG"
"PSEN1","PTPN6","UNG"
"PSEN1","STK4","UNG"
"PSEN1","RPS6KB1","UNG"
"PSEN1","CHEK1","UNG"
"PSEN1","EIF2AK2","UNG"
"PSEN1","STK3","UNG"
"PSEN1","DOK1","UNG"
"PSEN1","CDC25A","UNG"
"PSEN1","MARK2","UNG"
"PSEN1","PHLPP1","UNG"
"PSEN1","CALM3","UNG"
"PSEN1","YAP1","UNG"
"PSEN1","DEF6","UNG"
"PSEN1","CAMKK2","UNG"
"PSEN1","PTPN7","UNG"
"PSEN1","PDP1","UNG"
"PSEN1","RPS6KA4","UNG"
"PSEN1","HDAC3","UNG"
"PSEN1","AXIN1","UNG"
"PSEN1","PTPRR","UNG"
"PSEN1","CDKN1B","UNG"
"PSEN1","SKP2","UNG"
"PSEN1","MAML1","UNG"
"PSEN1","CDC25C","UNG"
"PSEN1","WEE1","UNG"
"PSEN1","CLASP2","UNG"
"PSEN1","RHEB","UNG"
"PSEN1","INPP5D","UNG"
"PSEN1","TNFAIP1","UNG"
"PSEN1","PHF8","UNG"
"PSEN1","NF2","UNG"
"PSEN1","MDC1","UNG"
"PSEN1","MRE11","UNG"
"PSEN1","FRAT1","UNG"
"PSEN1","CBL","UNG"
"PSEN1","RBBP8","UNG"
"PSEN1","PCBP2","UNG"
"PSEN1","SH2B3","UNG"
"PSEN1","HDAC1","UNG"
"PSEN1","GRB14","UNG"
"PSEN1","PRKAR1A","UNG"
"PSEN1","NOTCH2","UNG"
"PSEN1","BAZ1B","UNG"
"PSEN1","PLCG2","UNG"
"PSEN1","STK3/4","DNMT1"
"PSEN1","ACP1","DNMT1"
"PSEN1","PTPN6","DNMT1"
"PSEN1","STK4","DNMT1"
"PSEN1","RPS6KB1","DNMT1"
"PSEN1","CHEK1","DNMT1"
"PSEN1","EIF2AK2","DNMT1"
"PSEN1","STK3","DNMT1"
"PSEN1","DOK1","DNMT1"
"PSEN1","CDC25A","DNMT1"
"PSEN1","MARK2","DNMT1"
"PSEN1","PHLPP1","DNMT1"
"PSEN1","CALM3","DNMT1"
"PSEN1","YAP1","DNMT1"
"PSEN1","DEF6","DNMT1"
"PSEN1","CAMKK2","DNMT1"
"PSEN1","PTPN7","DNMT1"
"PSEN1","PDP1","DNMT1"
"PSEN1","RPS6KA4","DNMT1"
"PSEN1","HDAC3","DNMT1"
"PSEN1","AXIN1","DNMT1"
"PSEN1","PTPRR","DNMT1"
"PSEN1","CDKN1B","DNMT1"
"PSEN1","SKP2","DNMT1"
"PSEN1","MAML1","DNMT1"
"PSEN1","CDC25C","DNMT1"
"PSEN1","WEE1","DNMT1"
"PSEN1","CLASP2","DNMT1"
"PSEN1","RHEB","DNMT1"
"PSEN1","INPP5D","DNMT1"
"PSEN1","TNFAIP1","DNMT1"
"PSEN1","PHF8","DNMT1"
"PSEN1","NF2","DNMT1"
"PSEN1","MDC1","DNMT1"
"PSEN1","MRE11","DNMT1"
"PSEN1","FRAT1","DNMT1"
"PSEN1","CBL","DNMT1"
"PSEN1","RBBP8","DNMT1"
"PSEN1","PCBP2","DNMT1"
"PSEN1","SH2B3","DNMT1"
"PSEN1","HDAC1","DNMT1"
"PSEN1","GRB14","DNMT1"
"PSEN1","PRKAR1A","DNMT1"
"PSEN1","NOTCH2","DNMT1"
"PSEN1","BAZ1B","DNMT1"
"PSEN1","PLCG2","DNMT1"
"PSEN1","STK3/4","RANBP3"
"PSEN1","ACP1","RANBP3"
"PSEN1","PTPN6","RANBP3"
"PSEN1","STK4","RANBP3"
"PSEN1","RPS6KB1","RANBP3"
"PSEN1","CHEK1","RANBP3"
"PSEN1","EIF2AK2","RANBP3"
"PSEN1","STK3","RANBP3"
"PSEN1","DOK1","RANBP3"
"PSEN1","CDC25A","RANBP3"
"PSEN1","MARK2","RANBP3"
"PSEN1","PHLPP1","RANBP3"
"PSEN1","CALM3","RANBP3"
"PSEN1","YAP1","RANBP3"
"PSEN1","DEF6","RANBP3"
"PSEN1","CAMKK2","RANBP3"
"PSEN1","PTPN7","RANBP3"
"PSEN1","PDP1","RANBP3"
"PSEN1","RPS6KA4","RANBP3"
"PSEN1","HDAC3","RANBP3"
"PSEN1","AXIN1","RANBP3"
"PSEN1","PTPRR","RANBP3"
"PSEN1","CDKN1B","RANBP3"
"PSEN1","SKP2","RANBP3"
"PSEN1","MAML1","RANBP3"
"PSEN1","CDC25C","RANBP3"
"PSEN1","WEE1","RANBP3"
"PSEN1","CLASP2","RANBP3"
"PSEN1","RHEB","RANBP3"
"PSEN1","INPP5D","RANBP3"
"PSEN1","TNFAIP1","RANBP3"
"PSEN1","PHF8","RANBP3"
"PSEN1","NF2","RANBP3"
"PSEN1","MDC1","RANBP3"
"PSEN1","MRE11","RANBP3"
"PSEN1","FRAT1","RANBP3"
"PSEN1","CBL","RANBP3"
"PSEN1","RBBP8","RANBP3"
"PSEN1","PCBP2","RANBP3"
"PSEN1","SH2B3","RANBP3"
"PSEN1","HDAC1","RANBP3"
"PSEN1","GRB14","RANBP3"
"PSEN1","PRKAR1A","RANBP3"
"PSEN1","NOTCH2","RANBP3"
"PSEN1","BAZ1B","RANBP3"
"PSEN1","PLCG2","RANBP3"
"PSEN1","STK3/4","TOP1"
"PSEN1","ACP1","TOP1"
"PSEN1","PTPN6","TOP1"
"PSEN1","STK4","TOP1"
"PSEN1","RPS6KB1","TOP1"
"PSEN1","CHEK1","TOP1"
"PSEN1","EIF2AK2","TOP1"
"PSEN1","STK3","TOP1"
"PSEN1","DOK1","TOP1"
"PSEN1","CDC25A","TOP1"
"PSEN1","MARK2","TOP1"
"PSEN1","PHLPP1","TOP1"
"PSEN1","CALM3","TOP1"
"PSEN1","YAP1","TOP1"
"PSEN1","DEF6","TOP1"
"PSEN1","CAMKK2","TOP1"
"PSEN1","PTPN7","TOP1"
"PSEN1","PDP1","TOP1"
"PSEN1","RPS6KA4","TOP1"
"PSEN1","HDAC3","TOP1"
"PSEN1","AXIN1","TOP1"
"PSEN1","PTPRR","TOP1"
"PSEN1","CDKN1B","TOP1"
"PSEN1","SKP2","TOP1"
"PSEN1","MAML1","TOP1"
"PSEN1","CDC25C","TOP1"
"PSEN1","WEE1","TOP1"
"PSEN1","CLASP2","TOP1"
"PSEN1","RHEB","TOP1"
"PSEN1","INPP5D","TOP1"
"PSEN1","TNFAIP1","TOP1"
"PSEN1","PHF8","TOP1"
"PSEN1","NF2","TOP1"
"PSEN1","MDC1","TOP1"
"PSEN1","MRE11","TOP1"
"PSEN1","FRAT1","TOP1"
"PSEN1","CBL","TOP1"
"PSEN1","RBBP8","TOP1"
"PSEN1","PCBP2","TOP1"
"PSEN1","SH2B3","TOP1"
"PSEN1","HDAC1","TOP1"
"PSEN1","GRB14","TOP1"
"PSEN1","PRKAR1A","TOP1"
"PSEN1","NOTCH2","TOP1"
"PSEN1","BAZ1B","TOP1"
"PSEN1","PLCG2","TOP1"
"PSEN1","STK3/4","TOP2A"
"PSEN1","ACP1","TOP2A"
"PSEN1","PTPN6","TOP2A"
"PSEN1","STK4","TOP2A"
"PSEN1","RPS6KB1","TOP2A"
"PSEN1","CHEK1","TOP2A"
"PSEN1","EIF2AK2","TOP2A"
"PSEN1","STK3","TOP2A"
"PSEN1","DOK1","TOP2A"
"PSEN1","CDC25A","TOP2A"
"PSEN1","MARK2","TOP2A"
"PSEN1","PHLPP1","TOP2A"
"PSEN1","CALM3","TOP2A"
"PSEN1","YAP1","TOP2A"
"PSEN1","DEF6","TOP2A"
"PSEN1","CAMKK2","TOP2A"
"PSEN1","PTPN7","TOP2A"
"PSEN1","PDP1","TOP2A"
"PSEN1","RPS6KA4","TOP2A"
"PSEN1","HDAC3","TOP2A"
"PSEN1","AXIN1","TOP2A"
"PSEN1","PTPRR","TOP2A"
"PSEN1","CDKN1B","TOP2A"
"PSEN1","SKP2","TOP2A"
"PSEN1","MAML1","TOP2A"
"PSEN1","CDC25C","TOP2A"
"PSEN1","WEE1","TOP2A"
"PSEN1","CLASP2","TOP2A"
"PSEN1","RHEB","TOP2A"
"PSEN1","INPP5D","TOP2A"
"PSEN1","TNFAIP1","TOP2A"
"PSEN1","PHF8","TOP2A"
"PSEN1","NF2","TOP2A"
"PSEN1","MDC1","TOP2A"
"PSEN1","MRE11","TOP2A"
"PSEN1","FRAT1","TOP2A"
"PSEN1","CBL","TOP2A"
"PSEN1","RBBP8","TOP2A"
"PSEN1","PCBP2","TOP2A"
"PSEN1","SH2B3","TOP2A"
"PSEN1","HDAC1","TOP2A"
"PSEN1","GRB14","TOP2A"
"PSEN1","PRKAR1A","TOP2A"
"PSEN1","NOTCH2","TOP2A"
"PSEN1","BAZ1B","TOP2A"
"PSEN1","PLCG2","TOP2A"
"PSEN1","STK3/4","DEK"
"PSEN1","ACP1","DEK"
"PSEN1","PTPN6","DEK"
"PSEN1","STK4","DEK"
"PSEN1","RPS6KB1","DEK"
"PSEN1","CHEK1","DEK"
"PSEN1","EIF2AK2","DEK"
"PSEN1","STK3","DEK"
"PSEN1","DOK1","DEK"
"PSEN1","CDC25A","DEK"
"PSEN1","MARK2","DEK"
"PSEN1","PHLPP1","DEK"
"PSEN1","CALM3","DEK"
"PSEN1","YAP1","DEK"
"PSEN1","DEF6","DEK"
"PSEN1","CAMKK2","DEK"
"PSEN1","PTPN7","DEK"
"PSEN1","PDP1","DEK"
"PSEN1","RPS6KA4","DEK"
"PSEN1","HDAC3","DEK"
"PSEN1","AXIN1","DEK"
"PSEN1","PTPRR","DEK"
"PSEN1","CDKN1B","DEK"
"PSEN1","SKP2","DEK"
"PSEN1","MAML1","DEK"
"PSEN1","CDC25C","DEK"
"PSEN1","WEE1","DEK"
"PSEN1","CLASP2","DEK"
"PSEN1","RHEB","DEK"
"PSEN1","INPP5D","DEK"
"PSEN1","TNFAIP1","DEK"
"PSEN1","PHF8","DEK"
"PSEN1","NF2","DEK"
"PSEN1","MDC1","DEK"
"PSEN1","MRE11","DEK"
"PSEN1","FRAT1","DEK"
"PSEN1","CBL","DEK"
"PSEN1","RBBP8","DEK"
"PSEN1","PCBP2","DEK"
"PSEN1","SH2B3","DEK"
"PSEN1","HDAC1","DEK"
"PSEN1","GRB14","DEK"
"PSEN1","PRKAR1A","DEK"
"PSEN1","NOTCH2","DEK"
"PSEN1","BAZ1B","DEK"
"PSEN1","PLCG2","DEK"
"PSEN1","STK3/4","IRX2"
"PSEN1","ACP1","IRX2"
"PSEN1","PTPN6","IRX2"
"PSEN1","STK4","IRX2"
"PSEN1","RPS6KB1","IRX2"
"PSEN1","CHEK1","IRX2"
"PSEN1","EIF2AK2","IRX2"
"PSEN1","STK3","IRX2"
"PSEN1","DOK1","IRX2"
"PSEN1","CDC25A","IRX2"
"PSEN1","MARK2","IRX2"
"PSEN1","PHLPP1","IRX2"
"PSEN1","CALM3","IRX2"
"PSEN1","YAP1","IRX2"
"PSEN1","DEF6","IRX2"
"PSEN1","CAMKK2","IRX2"
"PSEN1","PTPN7","IRX2"
"PSEN1","PDP1","IRX2"
"PSEN1","RPS6KA4","IRX2"
"PSEN1","HDAC3","IRX2"
"PSEN1","AXIN1","IRX2"
"PSEN1","PTPRR","IRX2"
"PSEN1","CDKN1B","IRX2"
"PSEN1","SKP2","IRX2"
"PSEN1","MAML1","IRX2"
"PSEN1","CDC25C","IRX2"
"PSEN1","WEE1","IRX2"
"PSEN1","CLASP2","IRX2"
"PSEN1","RHEB","IRX2"
"PSEN1","INPP5D","IRX2"
"PSEN1","TNFAIP1","IRX2"
"PSEN1","PHF8","IRX2"
"PSEN1","NF2","IRX2"
"PSEN1","MDC1","IRX2"
"PSEN1","MRE11","IRX2"
"PSEN1","FRAT1","IRX2"
"PSEN1","CBL","IRX2"
"PSEN1","RBBP8","IRX2"
"PSEN1","PCBP2","IRX2"
"PSEN1","SH2B3","IRX2"
"PSEN1","HDAC1","IRX2"
"PSEN1","GRB14","IRX2"
"PSEN1","PRKAR1A","IRX2"
"PSEN1","NOTCH2","IRX2"
"PSEN1","BAZ1B","IRX2"
"PSEN1","PLCG2","IRX2"
"PSEN1","STK3/4","CAPZA1"
"PSEN1","ACP1","CAPZA1"
"PSEN1","PTPN6","CAPZA1"
"PSEN1","STK4","CAPZA1"
"PSEN1","RPS6KB1","CAPZA1"
"PSEN1","CHEK1","CAPZA1"
"PSEN1","EIF2AK2","CAPZA1"
"PSEN1","STK3","CAPZA1"
"PSEN1","DOK1","CAPZA1"
"PSEN1","CDC25A","CAPZA1"
"PSEN1","MARK2","CAPZA1"
"PSEN1","PHLPP1","CAPZA1"
"PSEN1","CALM3","CAPZA1"
"PSEN1","YAP1","CAPZA1"
"PSEN1","DEF6","CAPZA1"
"PSEN1","CAMKK2","CAPZA1"
"PSEN1","PTPN7","CAPZA1"
"PSEN1","PDP1","CAPZA1"
"PSEN1","RPS6KA4","CAPZA1"
"PSEN1","HDAC3","CAPZA1"
"PSEN1","AXIN1","CAPZA1"
"PSEN1","PTPRR","CAPZA1"
"PSEN1","CDKN1B","CAPZA1"
"PSEN1","SKP2","CAPZA1"
"PSEN1","MAML1","CAPZA1"
"PSEN1","CDC25C","CAPZA1"
"PSEN1","WEE1","CAPZA1"
"PSEN1","CLASP2","CAPZA1"
"PSEN1","RHEB","CAPZA1"
"PSEN1","INPP5D","CAPZA1"
"PSEN1","TNFAIP1","CAPZA1"
"PSEN1","PHF8","CAPZA1"
"PSEN1","NF2","CAPZA1"
"PSEN1","MDC1","CAPZA1"
"PSEN1","MRE11","CAPZA1"
"PSEN1","FRAT1","CAPZA1"
"PSEN1","CBL","CAPZA1"
"PSEN1","RBBP8","CAPZA1"
"PSEN1","PCBP2","CAPZA1"
"PSEN1","SH2B3","CAPZA1"
"PSEN1","HDAC1","CAPZA1"
"PSEN1","GRB14","CAPZA1"
"PSEN1","PRKAR1A","CAPZA1"
"PSEN1","NOTCH2","CAPZA1"
"PSEN1","BAZ1B","CAPZA1"
"PSEN1","PLCG2","CAPZA1"
"PSEN1","STK3/4","SREBF2"
"PSEN1","ACP1","SREBF2"
"PSEN1","PTPN6","SREBF2"
"PSEN1","STK4","SREBF2"
"PSEN1","RPS6KB1","SREBF2"
"PSEN1","CHEK1","SREBF2"
"PSEN1","EIF2AK2","SREBF2"
"PSEN1","STK3","SREBF2"
"PSEN1","DOK1","SREBF2"
"PSEN1","CDC25A","SREBF2"
"PSEN1","MARK2","SREBF2"
"PSEN1","PHLPP1","SREBF2"
"PSEN1","CALM3","SREBF2"
"PSEN1","YAP1","SREBF2"
"PSEN1","DEF6","SREBF2"
"PSEN1","CAMKK2","SREBF2"
"PSEN1","PTPN7","SREBF2"
"PSEN1","PDP1","SREBF2"
"PSEN1","RPS6KA4","SREBF2"
"PSEN1","HDAC3","SREBF2"
"PSEN1","AXIN1","SREBF2"
"PSEN1","PTPRR","SREBF2"
"PSEN1","CDKN1B","SREBF2"
"PSEN1","SKP2","SREBF2"
"PSEN1","MAML1","SREBF2"
"PSEN1","CDC25C","SREBF2"
"PSEN1","WEE1","SREBF2"
"PSEN1","CLASP2","SREBF2"
"PSEN1","RHEB","SREBF2"
"PSEN1","INPP5D","SREBF2"
"PSEN1","TNFAIP1","SREBF2"
"PSEN1","PHF8","SREBF2"
"PSEN1","NF2","SREBF2"
"PSEN1","MDC1","SREBF2"
"PSEN1","MRE11","SREBF2"
"PSEN1","FRAT1","SREBF2"
"PSEN1","CBL","SREBF2"
"PSEN1","RBBP8","SREBF2"
"PSEN1","PCBP2","SREBF2"
"PSEN1","SH2B3","SREBF2"
"PSEN1","HDAC1","SREBF2"
"PSEN1","GRB14","SREBF2"
"PSEN1","PRKAR1A","SREBF2"
"PSEN1","NOTCH2","SREBF2"
"PSEN1","BAZ1B","SREBF2"
"PSEN1","PLCG2","SREBF2"
"PSEN1","STK3/4","TEAD4"
"PSEN1","ACP1","TEAD4"
"PSEN1","PTPN6","TEAD4"
"PSEN1","STK4","TEAD4"
"PSEN1","RPS6KB1","TEAD4"
"PSEN1","CHEK1","TEAD4"
"PSEN1","EIF2AK2","TEAD4"
"PSEN1","STK3","TEAD4"
"PSEN1","DOK1","TEAD4"
"PSEN1","CDC25A","TEAD4"
"PSEN1","MARK2","TEAD4"
"PSEN1","PHLPP1","TEAD4"
"PSEN1","CALM3","TEAD4"
"PSEN1","DEF6","TEAD4"
"PSEN1","CAMKK2","TEAD4"
"PSEN1","PTPN7","TEAD4"
"PSEN1","PDP1","TEAD4"
"PSEN1","RPS6KA4","TEAD4"
"PSEN1","HDAC3","TEAD4"
"PSEN1","AXIN1","TEAD4"
"PSEN1","PTPRR","TEAD4"
"PSEN1","CDKN1B","TEAD4"
"PSEN1","SKP2","TEAD4"
"PSEN1","MAML1","TEAD4"
"PSEN1","CDC25C","TEAD4"
"PSEN1","WEE1","TEAD4"
"PSEN1","CLASP2","TEAD4"
"PSEN1","RHEB","TEAD4"
"PSEN1","INPP5D","TEAD4"
"PSEN1","TNFAIP1","TEAD4"
"PSEN1","PHF8","TEAD4"
"PSEN1","NF2","TEAD4"
"PSEN1","MDC1","TEAD4"
"PSEN1","MRE11","TEAD4"
"PSEN1","FRAT1","TEAD4"
"PSEN1","CBL","TEAD4"
"PSEN1","RBBP8","TEAD4"
"PSEN1","PCBP2","TEAD4"
"PSEN1","SH2B3","TEAD4"
"PSEN1","HDAC1","TEAD4"
"PSEN1","GRB14","TEAD4"
"PSEN1","PRKAR1A","TEAD4"
"PSEN1","NOTCH2","TEAD4"
"PSEN1","BAZ1B","TEAD4"
"PSEN1","PLCG2","TEAD4"
"PSEN1","STK3/4","CCNB1"
"PSEN1","ACP1","CCNB1"
"PSEN1","PTPN6","CCNB1"
"PSEN1","STK4","CCNB1"
"PSEN1","RPS6KB1","CCNB1"
"PSEN1","CHEK1","CCNB1"
"PSEN1","EIF2AK2","CCNB1"
"PSEN1","STK3","CCNB1"
"PSEN1","DOK1","CCNB1"
"PSEN1","CDC25A","CCNB1"
"PSEN1","MARK2","CCNB1"
"PSEN1","PHLPP1","CCNB1"
"PSEN1","CALM3","CCNB1"
"PSEN1","YAP1","CCNB1"
"PSEN1","DEF6","CCNB1"
"PSEN1","CAMKK2","CCNB1"
"PSEN1","PTPN7","CCNB1"
"PSEN1","PDP1","CCNB1"
"PSEN1","RPS6KA4","CCNB1"
"PSEN1","HDAC3","CCNB1"
"PSEN1","AXIN1","CCNB1"
"PSEN1","PTPRR","CCNB1"
"PSEN1","CDKN1B","CCNB1"
"PSEN1","SKP2","CCNB1"
"PSEN1","MAML1","CCNB1"
"PSEN1","CDC25C","CCNB1"
"PSEN1","WEE1","CCNB1"
"PSEN1","CLASP2","CCNB1"
"PSEN1","RHEB","CCNB1"
"PSEN1","INPP5D","CCNB1"
"PSEN1","TNFAIP1","CCNB1"
"PSEN1","PHF8","CCNB1"
"PSEN1","NF2","CCNB1"
"PSEN1","MDC1","CCNB1"
"PSEN1","MRE11","CCNB1"
"PSEN1","FRAT1","CCNB1"
"PSEN1","CBL","CCNB1"
"PSEN1","RBBP8","CCNB1"
"PSEN1","PCBP2","CCNB1"
"PSEN1","SH2B3","CCNB1"
"PSEN1","HDAC1","CCNB1"
"PSEN1","GRB14","CCNB1"
"PSEN1","PRKAR1A","CCNB1"
"PSEN1","NOTCH2","CCNB1"
"PSEN1","BAZ1B","CCNB1"
"PSEN1","PLCG2","CCNB1"
"PSEN1","STK3/4","AATF"
"PSEN1","ACP1","AATF"
"PSEN1","PTPN6","AATF"
"PSEN1","STK4","AATF"
"PSEN1","RPS6KB1","AATF"
"PSEN1","CHEK1","AATF"
"PSEN1","EIF2AK2","AATF"
"PSEN1","STK3","AATF"
"PSEN1","DOK1","AATF"
"PSEN1","CDC25A","AATF"
"PSEN1","MARK2","AATF"
"PSEN1","PHLPP1","AATF"
"PSEN1","CALM3","AATF"
"PSEN1","YAP1","AATF"
"PSEN1","DEF6","AATF"
"PSEN1","CAMKK2","AATF"
"PSEN1","PTPN7","AATF"
"PSEN1","PDP1","AATF"
"PSEN1","RPS6KA4","AATF"
"PSEN1","HDAC3","AATF"
"PSEN1","AXIN1","AATF"
"PSEN1","PTPRR","AATF"
"PSEN1","CDKN1B","AATF"
"PSEN1","SKP2","AATF"
"PSEN1","MAML1","AATF"
"PSEN1","CDC25C","AATF"
"PSEN1","WEE1","AATF"
"PSEN1","CLASP2","AATF"
"PSEN1","RHEB","AATF"
"PSEN1","INPP5D","AATF"
"PSEN1","TNFAIP1","AATF"
"PSEN1","PHF8","AATF"
"PSEN1","NF2","AATF"
"PSEN1","MDC1","AATF"
"PSEN1","MRE11","AATF"
"PSEN1","FRAT1","AATF"
"PSEN1","CBL","AATF"
"PSEN1","RBBP8","AATF"
"PSEN1","PCBP2","AATF"
"PSEN1","SH2B3","AATF"
"PSEN1","HDAC1","AATF"
"PSEN1","GRB14","AATF"
"PSEN1","PRKAR1A","AATF"
"PSEN1","NOTCH2","AATF"
"PSEN1","BAZ1B","AATF"
"PSEN1","PLCG2","AATF"
"PSEN1","STK3/4","SRF"
"PSEN1","ACP1","SRF"
"PSEN1","PTPN6","SRF"
"PSEN1","STK4","SRF"
"PSEN1","RPS6KB1","SRF"
"PSEN1","CHEK1","SRF"
"PSEN1","EIF2AK2","SRF"
"PSEN1","STK3","SRF"
"PSEN1","DOK1","SRF"
"PSEN1","CDC25A","SRF"
"PSEN1","MARK2","SRF"
"PSEN1","PHLPP1","SRF"
"PSEN1","CALM3","SRF"
"PSEN1","YAP1","SRF"
"PSEN1","DEF6","SRF"
"PSEN1","CAMKK2","SRF"
"PSEN1","PTPN7","SRF"
"PSEN1","PDP1","SRF"
"PSEN1","RPS6KA4","SRF"
"PSEN1","HDAC3","SRF"
"PSEN1","AXIN1","SRF"
"PSEN1","PTPRR","SRF"
"PSEN1","CDKN1B","SRF"
"PSEN1","SKP2","SRF"
"PSEN1","MAML1","SRF"
"PSEN1","CDC25C","SRF"
"PSEN1","WEE1","SRF"
"PSEN1","CLASP2","SRF"
"PSEN1","RHEB","SRF"
"PSEN1","INPP5D","SRF"
"PSEN1","TNFAIP1","SRF"
"PSEN1","PHF8","SRF"
"PSEN1","NF2","SRF"
"PSEN1","MDC1","SRF"
"PSEN1","MRE11","SRF"
"PSEN1","FRAT1","SRF"
"PSEN1","CBL","SRF"
"PSEN1","RBBP8","SRF"
"PSEN1","PCBP2","SRF"
"PSEN1","SH2B3","SRF"
"PSEN1","HDAC1","SRF"
"PSEN1","GRB14","SRF"
"PSEN1","PRKAR1A","SRF"
"PSEN1","NOTCH2","SRF"
"PSEN1","BAZ1B","SRF"
"PSEN1","PLCG2","SRF"
"PSEN1","STK3/4","CD3E"
"PSEN1","ACP1","CD3E"
"PSEN1","PTPN6","CD3E"
"PSEN1","STK4","CD3E"
"PSEN1","RPS6KB1","CD3E"
"PSEN1","CHEK1","CD3E"
"PSEN1","EIF2AK2","CD3E"
"PSEN1","STK3","CD3E"
"PSEN1","DOK1","CD3E"
"PSEN1","CDC25A","CD3E"
"PSEN1","MARK2","CD3E"
"PSEN1","PHLPP1","CD3E"
"PSEN1","CALM3","CD3E"
"PSEN1","YAP1","CD3E"
"PSEN1","DEF6","CD3E"
"PSEN1","CAMKK2","CD3E"
"PSEN1","PTPN7","CD3E"
"PSEN1","PDP1","CD3E"
"PSEN1","RPS6KA4","CD3E"
"PSEN1","HDAC3","CD3E"
"PSEN1","AXIN1","CD3E"
"PSEN1","PTPRR","CD3E"
"PSEN1","CDKN1B","CD3E"
"PSEN1","SKP2","CD3E"
"PSEN1","MAML1","CD3E"
"PSEN1","CDC25C","CD3E"
"PSEN1","WEE1","CD3E"
"PSEN1","CLASP2","CD3E"
"PSEN1","RHEB","CD3E"
"PSEN1","INPP5D","CD3E"
"PSEN1","TNFAIP1","CD3E"
"PSEN1","PHF8","CD3E"
"PSEN1","NF2","CD3E"
"PSEN1","MDC1","CD3E"
"PSEN1","MRE11","CD3E"
"PSEN1","FRAT1","CD3E"
"PSEN1","CBL","CD3E"
"PSEN1","RBBP8","CD3E"
"PSEN1","PCBP2","CD3E"
"PSEN1","SH2B3","CD3E"
"PSEN1","HDAC1","CD3E"
"PSEN1","GRB14","CD3E"
"PSEN1","PRKAR1A","CD3E"
"PSEN1","NOTCH2","CD3E"
"PSEN1","BAZ1B","CD3E"
"PSEN1","PLCG2","CD3E"
"PSEN1","STK3/4","TP73"
"PSEN1","ACP1","TP73"
"PSEN1","PTPN6","TP73"
"PSEN1","STK4","TP73"
"PSEN1","RPS6KB1","TP73"
"PSEN1","CHEK1","TP73"
"PSEN1","EIF2AK2","TP73"
"PSEN1","STK3","TP73"
"PSEN1","DOK1","TP73"
"PSEN1","CDC25A","TP73"
"PSEN1","MARK2","TP73"
"PSEN1","PHLPP1","TP73"
"PSEN1","CALM3","TP73"
"PSEN1","DEF6","TP73"
"PSEN1","CAMKK2","TP73"
"PSEN1","PTPN7","TP73"
"PSEN1","PDP1","TP73"
"PSEN1","RPS6KA4","TP73"
"PSEN1","HDAC3","TP73"
"PSEN1","AXIN1","TP73"
"PSEN1","PTPRR","TP73"
"PSEN1","CDKN1B","TP73"
"PSEN1","SKP2","TP73"
"PSEN1","MAML1","TP73"
"PSEN1","CDC25C","TP73"
"PSEN1","WEE1","TP73"
"PSEN1","CLASP2","TP73"
"PSEN1","RHEB","TP73"
"PSEN1","INPP5D","TP73"
"PSEN1","TNFAIP1","TP73"
"PSEN1","PHF8","TP73"
"PSEN1","NF2","TP73"
"PSEN1","MDC1","TP73"
"PSEN1","MRE11","TP73"
"PSEN1","FRAT1","TP73"
"PSEN1","CBL","TP73"
"PSEN1","RBBP8","TP73"
"PSEN1","PCBP2","TP73"
"PSEN1","SH2B3","TP73"
"PSEN1","HDAC1","TP73"
"PSEN1","GRB14","TP73"
"PSEN1","PRKAR1A","TP73"
"PSEN1","NOTCH2","TP73"
"PSEN1","BAZ1B","TP73"
"PSEN1","PLCG2","TP73"
"PSEN1","STK3/4","RANGAP1"
"PSEN1","ACP1","RANGAP1"
"PSEN1","PTPN6","RANGAP1"
"PSEN1","STK4","RANGAP1"
"PSEN1","RPS6KB1","RANGAP1"
"PSEN1","CHEK1","RANGAP1"
"PSEN1","EIF2AK2","RANGAP1"
"PSEN1","STK3","RANGAP1"
"PSEN1","DOK1","RANGAP1"
"PSEN1","CDC25A","RANGAP1"
"PSEN1","MARK2","RANGAP1"
"PSEN1","PHLPP1","RANGAP1"
"PSEN1","CALM3","RANGAP1"
"PSEN1","YAP1","RANGAP1"
"PSEN1","DEF6","RANGAP1"
"PSEN1","CAMKK2","RANGAP1"
"PSEN1","PTPN7","RANGAP1"
"PSEN1","PDP1","RANGAP1"
"PSEN1","RPS6KA4","RANGAP1"
"PSEN1","HDAC3","RANGAP1"
"PSEN1","AXIN1","RANGAP1"
"PSEN1","PTPRR","RANGAP1"
"PSEN1","CDKN1B","RANGAP1"
"PSEN1","SKP2","RANGAP1"
"PSEN1","MAML1","RANGAP1"
"PSEN1","CDC25C","RANGAP1"
"PSEN1","WEE1","RANGAP1"
"PSEN1","CLASP2","RANGAP1"
"PSEN1","RHEB","RANGAP1"
"PSEN1","INPP5D","RANGAP1"
"PSEN1","TNFAIP1","RANGAP1"
"PSEN1","PHF8","RANGAP1"
"PSEN1","NF2","RANGAP1"
"PSEN1","MDC1","RANGAP1"
"PSEN1","MRE11","RANGAP1"
"PSEN1","FRAT1","RANGAP1"
"PSEN1","CBL","RANGAP1"
"PSEN1","RBBP8","RANGAP1"
"PSEN1","PCBP2","RANGAP1"
"PSEN1","SH2B3","RANGAP1"
"PSEN1","HDAC1","RANGAP1"
"PSEN1","GRB14","RANGAP1"
"PSEN1","PRKAR1A","RANGAP1"
"PSEN1","NOTCH2","RANGAP1"
"PSEN1","BAZ1B","RANGAP1"
"PSEN1","PLCG2","RANGAP1"
"PSEN1","STK3/4","ETV1"
"PSEN1","ACP1","ETV1"
"PSEN1","PTPN6","ETV1"
"PSEN1","STK4","ETV1"
"PSEN1","RPS6KB1","ETV1"
"PSEN1","CHEK1","ETV1"
"PSEN1","EIF2AK2","ETV1"
"PSEN1","STK3","ETV1"
"PSEN1","DOK1","ETV1"
"PSEN1","CDC25A","ETV1"
"PSEN1","MARK2","ETV1"
"PSEN1","PHLPP1","ETV1"
"PSEN1","CALM3","ETV1"
"PSEN1","YAP1","ETV1"
"PSEN1","DEF6","ETV1"
"PSEN1","CAMKK2","ETV1"
"PSEN1","PTPN7","ETV1"
"PSEN1","PDP1","ETV1"
"PSEN1","RPS6KA4","ETV1"
"PSEN1","HDAC3","ETV1"
"PSEN1","AXIN1","ETV1"
"PSEN1","PTPRR","ETV1"
"PSEN1","CDKN1B","ETV1"
"PSEN1","SKP2","ETV1"
"PSEN1","MAML1","ETV1"
"PSEN1","CDC25C","ETV1"
"PSEN1","WEE1","ETV1"
"PSEN1","CLASP2","ETV1"
"PSEN1","RHEB","ETV1"
"PSEN1","INPP5D","ETV1"
"PSEN1","TNFAIP1","ETV1"
"PSEN1","PHF8","ETV1"
"PSEN1","NF2","ETV1"
"PSEN1","MDC1","ETV1"
"PSEN1","MRE11","ETV1"
"PSEN1","FRAT1","ETV1"
"PSEN1","CBL","ETV1"
"PSEN1","RBBP8","ETV1"
"PSEN1","PCBP2","ETV1"
"PSEN1","SH2B3","ETV1"
"PSEN1","HDAC1","ETV1"
"PSEN1","GRB14","ETV1"
"PSEN1","PRKAR1A","ETV1"
"PSEN1","NOTCH2","ETV1"
"PSEN1","BAZ1B","ETV1"
"PSEN1","PLCG2","ETV1"
"PSEN1","STK3/4","PSEN2"
"PSEN1","ACP1","PSEN2"
"PSEN1","PTPN6","PSEN2"
"PSEN1","STK4","PSEN2"
"PSEN1","RPS6KB1","PSEN2"
"PSEN1","CHEK1","PSEN2"
"PSEN1","EIF2AK2","PSEN2"
"PSEN1","STK3","PSEN2"
"PSEN1","DOK1","PSEN2"
"PSEN1","CDC25A","PSEN2"
"PSEN1","MARK2","PSEN2"
"PSEN1","PHLPP1","PSEN2"
"PSEN1","CALM3","PSEN2"
"PSEN1","YAP1","PSEN2"
"PSEN1","DEF6","PSEN2"
"PSEN1","CAMKK2","PSEN2"
"PSEN1","PTPN7","PSEN2"
"PSEN1","PDP1","PSEN2"
"PSEN1","RPS6KA4","PSEN2"
"PSEN1","HDAC3","PSEN2"
"PSEN1","AXIN1","PSEN2"
"PSEN1","PTPRR","PSEN2"
"PSEN1","CDKN1B","PSEN2"
"PSEN1","SKP2","PSEN2"
"PSEN1","MAML1","PSEN2"
"PSEN1","CDC25C","PSEN2"
"PSEN1","WEE1","PSEN2"
"PSEN1","CLASP2","PSEN2"
"PSEN1","RHEB","PSEN2"
"PSEN1","INPP5D","PSEN2"
"PSEN1","TNFAIP1","PSEN2"
"PSEN1","PHF8","PSEN2"
"PSEN1","NF2","PSEN2"
"PSEN1","MDC1","PSEN2"
"PSEN1","MRE11","PSEN2"
"PSEN1","FRAT1","PSEN2"
"PSEN1","CBL","PSEN2"
"PSEN1","RBBP8","PSEN2"
"PSEN1","PCBP2","PSEN2"
"PSEN1","SH2B3","PSEN2"
"PSEN1","HDAC1","PSEN2"
"PSEN1","GRB14","PSEN2"
"PSEN1","PRKAR1A","PSEN2"
"PSEN1","NOTCH2","PSEN2"
"PSEN1","BAZ1B","PSEN2"
"PSEN1","PLCG2","PSEN2"
"PSEN1","STK3/4","SNAI1"
"PSEN1","ACP1","SNAI1"
"PSEN1","PTPN6","SNAI1"
"PSEN1","STK4","SNAI1"
"PSEN1","RPS6KB1","SNAI1"
"PSEN1","CHEK1","SNAI1"
"PSEN1","EIF2AK2","SNAI1"
"PSEN1","STK3","SNAI1"
"PSEN1","DOK1","SNAI1"
"PSEN1","CDC25A","SNAI1"
"PSEN1","MARK2","SNAI1"
"PSEN1","PHLPP1","SNAI1"
"PSEN1","CALM3","SNAI1"
"PSEN1","YAP1","SNAI1"
"PSEN1","DEF6","SNAI1"
"PSEN1","CAMKK2","SNAI1"
"PSEN1","PTPN7","SNAI1"
"PSEN1","PDP1","SNAI1"
"PSEN1","RPS6KA4","SNAI1"
"PSEN1","HDAC3","SNAI1"
"PSEN1","AXIN1","SNAI1"
"PSEN1","PTPRR","SNAI1"
"PSEN1","CDKN1B","SNAI1"
"PSEN1","SKP2","SNAI1"
"PSEN1","MAML1","SNAI1"
"PSEN1","CDC25C","SNAI1"
"PSEN1","WEE1","SNAI1"
"PSEN1","CLASP2","SNAI1"
"PSEN1","RHEB","SNAI1"
"PSEN1","INPP5D","SNAI1"
"PSEN1","TNFAIP1","SNAI1"
"PSEN1","PHF8","SNAI1"
"PSEN1","NF2","SNAI1"
"PSEN1","MDC1","SNAI1"
"PSEN1","MRE11","SNAI1"
"PSEN1","FRAT1","SNAI1"
"PSEN1","CBL","SNAI1"
"PSEN1","RBBP8","SNAI1"
"PSEN1","PCBP2","SNAI1"
"PSEN1","SH2B3","SNAI1"
"PSEN1","HDAC1","SNAI1"
"PSEN1","GRB14","SNAI1"
"PSEN1","PRKAR1A","SNAI1"
"PSEN1","NOTCH2","SNAI1"
"PSEN1","BAZ1B","SNAI1"
"PSEN1","PLCG2","SNAI1"
"PSEN1","STK3/4","METTL3"
"PSEN1","ACP1","METTL3"
"PSEN1","PTPN6","METTL3"
"PSEN1","STK4","METTL3"
"PSEN1","RPS6KB1","METTL3"
"PSEN1","CHEK1","METTL3"
"PSEN1","EIF2AK2","METTL3"
"PSEN1","STK3","METTL3"
"PSEN1","DOK1","METTL3"
"PSEN1","CDC25A","METTL3"
"PSEN1","MARK2","METTL3"
"PSEN1","PHLPP1","METTL3"
"PSEN1","CALM3","METTL3"
"PSEN1","YAP1","METTL3"
"PSEN1","DEF6","METTL3"
"PSEN1","CAMKK2","METTL3"
"PSEN1","PTPN7","METTL3"
"PSEN1","PDP1","METTL3"
"PSEN1","RPS6KA4","METTL3"
"PSEN1","HDAC3","METTL3"
"PSEN1","AXIN1","METTL3"
"PSEN1","PTPRR","METTL3"
"PSEN1","CDKN1B","METTL3"
"PSEN1","SKP2","METTL3"
"PSEN1","MAML1","METTL3"
"PSEN1","CDC25C","METTL3"
"PSEN1","WEE1","METTL3"
"PSEN1","CLASP2","METTL3"
"PSEN1","RHEB","METTL3"
"PSEN1","INPP5D","METTL3"
"PSEN1","TNFAIP1","METTL3"
"PSEN1","PHF8","METTL3"
"PSEN1","NF2","METTL3"
"PSEN1","MDC1","METTL3"
"PSEN1","MRE11","METTL3"
"PSEN1","FRAT1","METTL3"
"PSEN1","CBL","METTL3"
"PSEN1","RBBP8","METTL3"
"PSEN1","PCBP2","METTL3"
"PSEN1","SH2B3","METTL3"
"PSEN1","HDAC1","METTL3"
"PSEN1","GRB14","METTL3"
"PSEN1","PRKAR1A","METTL3"
"PSEN1","NOTCH2","METTL3"
"PSEN1","BAZ1B","METTL3"
"PSEN1","PLCG2","METTL3"
"PSEN1","STK3/4","GLI2"
"PSEN1","ACP1","GLI2"
"PSEN1","PTPN6","GLI2"
"PSEN1","STK4","GLI2"
"PSEN1","RPS6KB1","GLI2"
"PSEN1","CHEK1","GLI2"
"PSEN1","EIF2AK2","GLI2"
"PSEN1","STK3","GLI2"
"PSEN1","DOK1","GLI2"
"PSEN1","CDC25A","GLI2"
"PSEN1","MARK2","GLI2"
"PSEN1","PHLPP1","GLI2"
"PSEN1","CALM3","GLI2"
"PSEN1","YAP1","GLI2"
"PSEN1","DEF6","GLI2"
"PSEN1","CAMKK2","GLI2"
"PSEN1","PTPN7","GLI2"
"PSEN1","PDP1","GLI2"
"PSEN1","RPS6KA4","GLI2"
"PSEN1","HDAC3","GLI2"
"PSEN1","AXIN1","GLI2"
"PSEN1","PTPRR","GLI2"
"PSEN1","CDKN1B","GLI2"
"PSEN1","SKP2","GLI2"
"PSEN1","MAML1","GLI2"
"PSEN1","CDC25C","GLI2"
"PSEN1","WEE1","GLI2"
"PSEN1","CLASP2","GLI2"
"PSEN1","RHEB","GLI2"
"PSEN1","INPP5D","GLI2"
"PSEN1","TNFAIP1","GLI2"
"PSEN1","PHF8","GLI2"
"PSEN1","NF2","GLI2"
"PSEN1","MDC1","GLI2"
"PSEN1","MRE11","GLI2"
"PSEN1","FRAT1","GLI2"
"PSEN1","CBL","GLI2"
"PSEN1","RBBP8","GLI2"
"PSEN1","PCBP2","GLI2"
"PSEN1","SH2B3","GLI2"
"PSEN1","HDAC1","GLI2"
"PSEN1","GRB14","GLI2"
"PSEN1","PRKAR1A","GLI2"
"PSEN1","NOTCH2","GLI2"
"PSEN1","BAZ1B","GLI2"
"PSEN1","PLCG2","GLI2"
"PSEN1","STK3/4","KIR3DL1"
"PSEN1","ACP1","KIR3DL1"
"PSEN1","PTPN6","KIR3DL1"
"PSEN1","STK4","KIR3DL1"
"PSEN1","RPS6KB1","KIR3DL1"
"PSEN1","CHEK1","KIR3DL1"
"PSEN1","EIF2AK2","KIR3DL1"
"PSEN1","STK3","KIR3DL1"
"PSEN1","DOK1","KIR3DL1"
"PSEN1","CDC25A","KIR3DL1"
"PSEN1","MARK2","KIR3DL1"
"PSEN1","PHLPP1","KIR3DL1"
"PSEN1","CALM3","KIR3DL1"
"PSEN1","YAP1","KIR3DL1"
"PSEN1","DEF6","KIR3DL1"
"PSEN1","CAMKK2","KIR3DL1"
"PSEN1","PTPN7","KIR3DL1"
"PSEN1","PDP1","KIR3DL1"
"PSEN1","RPS6KA4","KIR3DL1"
"PSEN1","HDAC3","KIR3DL1"
"PSEN1","AXIN1","KIR3DL1"
"PSEN1","PTPRR","KIR3DL1"
"PSEN1","CDKN1B","KIR3DL1"
"PSEN1","SKP2","KIR3DL1"
"PSEN1","MAML1","KIR3DL1"
"PSEN1","CDC25C","KIR3DL1"
"PSEN1","WEE1","KIR3DL1"
"PSEN1","CLASP2","KIR3DL1"
"PSEN1","RHEB","KIR3DL1"
"PSEN1","INPP5D","KIR3DL1"
"PSEN1","TNFAIP1","KIR3DL1"
"PSEN1","PHF8","KIR3DL1"
"PSEN1","NF2","KIR3DL1"
"PSEN1","MDC1","KIR3DL1"
"PSEN1","MRE11","KIR3DL1"
"PSEN1","FRAT1","KIR3DL1"
"PSEN1","CBL","KIR3DL1"
"PSEN1","RBBP8","KIR3DL1"
"PSEN1","PCBP2","KIR3DL1"
"PSEN1","SH2B3","KIR3DL1"
"PSEN1","HDAC1","KIR3DL1"
"PSEN1","GRB14","KIR3DL1"
"PSEN1","PRKAR1A","KIR3DL1"
"PSEN1","NOTCH2","KIR3DL1"
"PSEN1","BAZ1B","KIR3DL1"
"PSEN1","PLCG2","KIR3DL1"
"PSEN1","STK3/4","NFATC4"
"PSEN1","ACP1","NFATC4"
"PSEN1","PTPN6","NFATC4"
"PSEN1","STK4","NFATC4"
"PSEN1","RPS6KB1","NFATC4"
"PSEN1","CHEK1","NFATC4"
"PSEN1","EIF2AK2","NFATC4"
"PSEN1","STK3","NFATC4"
"PSEN1","DOK1","NFATC4"
"PSEN1","CDC25A","NFATC4"
"PSEN1","MARK2","NFATC4"
"PSEN1","PHLPP1","NFATC4"
"PSEN1","CALM3","NFATC4"
"PSEN1","YAP1","NFATC4"
"PSEN1","DEF6","NFATC4"
"PSEN1","CAMKK2","NFATC4"
"PSEN1","PTPN7","NFATC4"
"PSEN1","PDP1","NFATC4"
"PSEN1","RPS6KA4","NFATC4"
"PSEN1","HDAC3","NFATC4"
"PSEN1","AXIN1","NFATC4"
"PSEN1","PTPRR","NFATC4"
"PSEN1","CDKN1B","NFATC4"
"PSEN1","SKP2","NFATC4"
"PSEN1","MAML1","NFATC4"
"PSEN1","CDC25C","NFATC4"
"PSEN1","WEE1","NFATC4"
"PSEN1","CLASP2","NFATC4"
"PSEN1","RHEB","NFATC4"
"PSEN1","INPP5D","NFATC4"
"PSEN1","TNFAIP1","NFATC4"
"PSEN1","PHF8","NFATC4"
"PSEN1","NF2","NFATC4"
"PSEN1","MDC1","NFATC4"
"PSEN1","MRE11","NFATC4"
"PSEN1","FRAT1","NFATC4"
"PSEN1","CBL","NFATC4"
"PSEN1","RBBP8","NFATC4"
"PSEN1","PCBP2","NFATC4"
"PSEN1","SH2B3","NFATC4"
"PSEN1","HDAC1","NFATC4"
"PSEN1","GRB14","NFATC4"
"PSEN1","PRKAR1A","NFATC4"
"PSEN1","NOTCH2","NFATC4"
"PSEN1","BAZ1B","NFATC4"
"PSEN1","PLCG2","NFATC4"
"PSEN1","STK3/4","HIRA"
"PSEN1","ACP1","HIRA"
"PSEN1","PTPN6","HIRA"
"PSEN1","STK4","HIRA"
"PSEN1","RPS6KB1","HIRA"
"PSEN1","CHEK1","HIRA"
"PSEN1","EIF2AK2","HIRA"
"PSEN1","STK3","HIRA"
"PSEN1","DOK1","HIRA"
"PSEN1","CDC25A","HIRA"
"PSEN1","MARK2","HIRA"
"PSEN1","PHLPP1","HIRA"
"PSEN1","CALM3","HIRA"
"PSEN1","YAP1","HIRA"
"PSEN1","DEF6","HIRA"
"PSEN1","CAMKK2","HIRA"
"PSEN1","PTPN7","HIRA"
"PSEN1","PDP1","HIRA"
"PSEN1","RPS6KA4","HIRA"
"PSEN1","HDAC3","HIRA"
"PSEN1","AXIN1","HIRA"
"PSEN1","PTPRR","HIRA"
"PSEN1","CDKN1B","HIRA"
"PSEN1","SKP2","HIRA"
"PSEN1","MAML1","HIRA"
"PSEN1","CDC25C","HIRA"
"PSEN1","WEE1","HIRA"
"PSEN1","CLASP2","HIRA"
"PSEN1","RHEB","HIRA"
"PSEN1","INPP5D","HIRA"
"PSEN1","TNFAIP1","HIRA"
"PSEN1","PHF8","HIRA"
"PSEN1","NF2","HIRA"
"PSEN1","MDC1","HIRA"
"PSEN1","MRE11","HIRA"
"PSEN1","FRAT1","HIRA"
"PSEN1","CBL","HIRA"
"PSEN1","RBBP8","HIRA"
"PSEN1","PCBP2","HIRA"
"PSEN1","SH2B3","HIRA"
"PSEN1","HDAC1","HIRA"
"PSEN1","GRB14","HIRA"
"PSEN1","PRKAR1A","HIRA"
"PSEN1","NOTCH2","HIRA"
"PSEN1","BAZ1B","HIRA"
"PSEN1","PLCG2","HIRA"
"PSEN1","STK3/4","MACF1"
"PSEN1","ACP1","MACF1"
"PSEN1","PTPN6","MACF1"
"PSEN1","STK4","MACF1"
"PSEN1","RPS6KB1","MACF1"
"PSEN1","CHEK1","MACF1"
"PSEN1","EIF2AK2","MACF1"
"PSEN1","STK3","MACF1"
"PSEN1","DOK1","MACF1"
"PSEN1","CDC25A","MACF1"
"PSEN1","MARK2","MACF1"
"PSEN1","PHLPP1","MACF1"
"PSEN1","CALM3","MACF1"
"PSEN1","YAP1","MACF1"
"PSEN1","DEF6","MACF1"
"PSEN1","CAMKK2","MACF1"
"PSEN1","PTPN7","MACF1"
"PSEN1","PDP1","MACF1"
"PSEN1","RPS6KA4","MACF1"
"PSEN1","HDAC3","MACF1"
"PSEN1","AXIN1","MACF1"
"PSEN1","PTPRR","MACF1"
"PSEN1","CDKN1B","MACF1"
"PSEN1","SKP2","MACF1"
"PSEN1","MAML1","MACF1"
"PSEN1","CDC25C","MACF1"
"PSEN1","WEE1","MACF1"
"PSEN1","CLASP2","MACF1"
"PSEN1","RHEB","MACF1"
"PSEN1","INPP5D","MACF1"
"PSEN1","TNFAIP1","MACF1"
"PSEN1","PHF8","MACF1"
"PSEN1","NF2","MACF1"
"PSEN1","MDC1","MACF1"
"PSEN1","MRE11","MACF1"
"PSEN1","FRAT1","MACF1"
"PSEN1","CBL","MACF1"
"PSEN1","RBBP8","MACF1"
"PSEN1","PCBP2","MACF1"
"PSEN1","SH2B3","MACF1"
"PSEN1","HDAC1","MACF1"
"PSEN1","GRB14","MACF1"
"PSEN1","PRKAR1A","MACF1"
"PSEN1","NOTCH2","MACF1"
"PSEN1","BAZ1B","MACF1"
"PSEN1","PLCG2","MACF1"
"PSEN1","STK3/4","KDM1A"
"PSEN1","ACP1","KDM1A"
"PSEN1","PTPN6","KDM1A"
"PSEN1","STK4","KDM1A"
"PSEN1","RPS6KB1","KDM1A"
"PSEN1","CHEK1","KDM1A"
"PSEN1","EIF2AK2","KDM1A"
"PSEN1","STK3","KDM1A"
"PSEN1","DOK1","KDM1A"
"PSEN1","CDC25A","KDM1A"
"PSEN1","MARK2","KDM1A"
"PSEN1","PHLPP1","KDM1A"
"PSEN1","CALM3","KDM1A"
"PSEN1","YAP1","KDM1A"
"PSEN1","DEF6","KDM1A"
"PSEN1","CAMKK2","KDM1A"
"PSEN1","PTPN7","KDM1A"
"PSEN1","PDP1","KDM1A"
"PSEN1","RPS6KA4","KDM1A"
"PSEN1","HDAC3","KDM1A"
"PSEN1","AXIN1","KDM1A"
"PSEN1","PTPRR","KDM1A"
"PSEN1","CDKN1B","KDM1A"
"PSEN1","SKP2","KDM1A"
"PSEN1","MAML1","KDM1A"
"PSEN1","CDC25C","KDM1A"
"PSEN1","WEE1","KDM1A"
"PSEN1","CLASP2","KDM1A"
"PSEN1","RHEB","KDM1A"
"PSEN1","INPP5D","KDM1A"
"PSEN1","TNFAIP1","KDM1A"
"PSEN1","PHF8","KDM1A"
"PSEN1","NF2","KDM1A"
"PSEN1","MDC1","KDM1A"
"PSEN1","MRE11","KDM1A"
"PSEN1","FRAT1","KDM1A"
"PSEN1","CBL","KDM1A"
"PSEN1","RBBP8","KDM1A"
"PSEN1","PCBP2","KDM1A"
"PSEN1","SH2B3","KDM1A"
"PSEN1","HDAC1","KDM1A"
"PSEN1","GRB14","KDM1A"
"PSEN1","PRKAR1A","KDM1A"
"PSEN1","NOTCH2","KDM1A"
"PSEN1","BAZ1B","KDM1A"
"PSEN1","PLCG2","KDM1A"
"PSEN1","STK3/4","L1CAM"
"PSEN1","ACP1","L1CAM"
"PSEN1","PTPN6","L1CAM"
"PSEN1","STK4","L1CAM"
"PSEN1","RPS6KB1","L1CAM"
"PSEN1","CHEK1","L1CAM"
"PSEN1","EIF2AK2","L1CAM"
"PSEN1","STK3","L1CAM"
"PSEN1","DOK1","L1CAM"
"PSEN1","CDC25A","L1CAM"
"PSEN1","MARK2","L1CAM"
"PSEN1","PHLPP1","L1CAM"
"PSEN1","CALM3","L1CAM"
"PSEN1","YAP1","L1CAM"
"PSEN1","DEF6","L1CAM"
"PSEN1","CAMKK2","L1CAM"
"PSEN1","PTPN7","L1CAM"
"PSEN1","PDP1","L1CAM"
"PSEN1","RPS6KA4","L1CAM"
"PSEN1","HDAC3","L1CAM"
"PSEN1","AXIN1","L1CAM"
"PSEN1","PTPRR","L1CAM"
"PSEN1","CDKN1B","L1CAM"
"PSEN1","SKP2","L1CAM"
"PSEN1","MAML1","L1CAM"
"PSEN1","CDC25C","L1CAM"
"PSEN1","WEE1","L1CAM"
"PSEN1","CLASP2","L1CAM"
"PSEN1","RHEB","L1CAM"
"PSEN1","INPP5D","L1CAM"
"PSEN1","TNFAIP1","L1CAM"
"PSEN1","PHF8","L1CAM"
"PSEN1","NF2","L1CAM"
"PSEN1","MDC1","L1CAM"
"PSEN1","MRE11","L1CAM"
"PSEN1","FRAT1","L1CAM"
"PSEN1","CBL","L1CAM"
"PSEN1","RBBP8","L1CAM"
"PSEN1","PCBP2","L1CAM"
"PSEN1","SH2B3","L1CAM"
"PSEN1","HDAC1","L1CAM"
"PSEN1","GRB14","L1CAM"
"PSEN1","PRKAR1A","L1CAM"
"PSEN1","NOTCH2","L1CAM"
"PSEN1","BAZ1B","L1CAM"
"PSEN1","PLCG2","L1CAM"
"PSEN1","STK3/4","MAZ"
"PSEN1","ACP1","MAZ"
"PSEN1","PTPN6","MAZ"
"PSEN1","STK4","MAZ"
"PSEN1","RPS6KB1","MAZ"
"PSEN1","CHEK1","MAZ"
"PSEN1","EIF2AK2","MAZ"
"PSEN1","STK3","MAZ"
"PSEN1","DOK1","MAZ"
"PSEN1","CDC25A","MAZ"
"PSEN1","MARK2","MAZ"
"PSEN1","PHLPP1","MAZ"
"PSEN1","CALM3","MAZ"
"PSEN1","YAP1","MAZ"
"PSEN1","DEF6","MAZ"
"PSEN1","CAMKK2","MAZ"
"PSEN1","PTPN7","MAZ"
"PSEN1","PDP1","MAZ"
"PSEN1","RPS6KA4","MAZ"
"PSEN1","HDAC3","MAZ"
"PSEN1","AXIN1","MAZ"
"PSEN1","PTPRR","MAZ"
"PSEN1","CDKN1B","MAZ"
"PSEN1","SKP2","MAZ"
"PSEN1","MAML1","MAZ"
"PSEN1","CDC25C","MAZ"
"PSEN1","WEE1","MAZ"
"PSEN1","CLASP2","MAZ"
"PSEN1","RHEB","MAZ"
"PSEN1","INPP5D","MAZ"
"PSEN1","TNFAIP1","MAZ"
"PSEN1","PHF8","MAZ"
"PSEN1","NF2","MAZ"
"PSEN1","MDC1","MAZ"
"PSEN1","MRE11","MAZ"
"PSEN1","FRAT1","MAZ"
"PSEN1","CBL","MAZ"
"PSEN1","RBBP8","MAZ"
"PSEN1","PCBP2","MAZ"
"PSEN1","SH2B3","MAZ"
"PSEN1","HDAC1","MAZ"
"PSEN1","GRB14","MAZ"
"PSEN1","PRKAR1A","MAZ"
"PSEN1","NOTCH2","MAZ"
"PSEN1","BAZ1B","MAZ"
"PSEN1","PLCG2","MAZ"
"PSEN1","STK3/4","GTF2A1"
"PSEN1","ACP1","GTF2A1"
"PSEN1","PTPN6","GTF2A1"
"PSEN1","STK4","GTF2A1"
"PSEN1","RPS6KB1","GTF2A1"
"PSEN1","CHEK1","GTF2A1"
"PSEN1","EIF2AK2","GTF2A1"
"PSEN1","STK3","GTF2A1"
"PSEN1","DOK1","GTF2A1"
"PSEN1","CDC25A","GTF2A1"
"PSEN1","MARK2","GTF2A1"
"PSEN1","PHLPP1","GTF2A1"
"PSEN1","CALM3","GTF2A1"
"PSEN1","YAP1","GTF2A1"
"PSEN1","DEF6","GTF2A1"
"PSEN1","CAMKK2","GTF2A1"
"PSEN1","PTPN7","GTF2A1"
"PSEN1","PDP1","GTF2A1"
"PSEN1","RPS6KA4","GTF2A1"
"PSEN1","HDAC3","GTF2A1"
"PSEN1","AXIN1","GTF2A1"
"PSEN1","PTPRR","GTF2A1"
"PSEN1","CDKN1B","GTF2A1"
"PSEN1","SKP2","GTF2A1"
"PSEN1","MAML1","GTF2A1"
"PSEN1","CDC25C","GTF2A1"
"PSEN1","WEE1","GTF2A1"
"PSEN1","CLASP2","GTF2A1"
"PSEN1","RHEB","GTF2A1"
"PSEN1","INPP5D","GTF2A1"
"PSEN1","TNFAIP1","GTF2A1"
"PSEN1","PHF8","GTF2A1"
"PSEN1","NF2","GTF2A1"
"PSEN1","MDC1","GTF2A1"
"PSEN1","MRE11","GTF2A1"
"PSEN1","FRAT1","GTF2A1"
"PSEN1","CBL","GTF2A1"
"PSEN1","RBBP8","GTF2A1"
"PSEN1","PCBP2","GTF2A1"
"PSEN1","SH2B3","GTF2A1"
"PSEN1","HDAC1","GTF2A1"
"PSEN1","GRB14","GTF2A1"
"PSEN1","PRKAR1A","GTF2A1"
"PSEN1","NOTCH2","GTF2A1"
"PSEN1","BAZ1B","GTF2A1"
"PSEN1","PLCG2","GTF2A1"
"PSEN1","STK3/4","NACA"
"PSEN1","ACP1","NACA"
"PSEN1","PTPN6","NACA"
"PSEN1","STK4","NACA"
"PSEN1","RPS6KB1","NACA"
"PSEN1","CHEK1","NACA"
"PSEN1","EIF2AK2","NACA"
"PSEN1","STK3","NACA"
"PSEN1","DOK1","NACA"
"PSEN1","CDC25A","NACA"
"PSEN1","MARK2","NACA"
"PSEN1","PHLPP1","NACA"
"PSEN1","CALM3","NACA"
"PSEN1","YAP1","NACA"
"PSEN1","DEF6","NACA"
"PSEN1","CAMKK2","NACA"
"PSEN1","PTPN7","NACA"
"PSEN1","PDP1","NACA"
"PSEN1","RPS6KA4","NACA"
"PSEN1","HDAC3","NACA"
"PSEN1","AXIN1","NACA"
"PSEN1","PTPRR","NACA"
"PSEN1","CDKN1B","NACA"
"PSEN1","SKP2","NACA"
"PSEN1","MAML1","NACA"
"PSEN1","CDC25C","NACA"
"PSEN1","WEE1","NACA"
"PSEN1","CLASP2","NACA"
"PSEN1","RHEB","NACA"
"PSEN1","INPP5D","NACA"
"PSEN1","TNFAIP1","NACA"
"PSEN1","PHF8","NACA"
"PSEN1","NF2","NACA"
"PSEN1","MDC1","NACA"
"PSEN1","MRE11","NACA"
"PSEN1","FRAT1","NACA"
"PSEN1","CBL","NACA"
"PSEN1","RBBP8","NACA"
"PSEN1","PCBP2","NACA"
"PSEN1","SH2B3","NACA"
"PSEN1","HDAC1","NACA"
"PSEN1","GRB14","NACA"
"PSEN1","PRKAR1A","NACA"
"PSEN1","NOTCH2","NACA"
"PSEN1","BAZ1B","NACA"
"PSEN1","PLCG2","NACA"
"PSEN1","STK3/4","RPS6"
"PSEN1","ACP1","RPS6"
"PSEN1","PTPN6","RPS6"
"PSEN1","STK4","RPS6"
"PSEN1","RPS6KB1","RPS6"
"PSEN1","CHEK1","RPS6"
"PSEN1","EIF2AK2","RPS6"
"PSEN1","STK3","RPS6"
"PSEN1","DOK1","RPS6"
"PSEN1","CDC25A","RPS6"
"PSEN1","MARK2","RPS6"
"PSEN1","PHLPP1","RPS6"
"PSEN1","CALM3","RPS6"
"PSEN1","YAP1","RPS6"
"PSEN1","DEF6","RPS6"
"PSEN1","CAMKK2","RPS6"
"PSEN1","PTPN7","RPS6"
"PSEN1","PDP1","RPS6"
"PSEN1","RPS6KA4","RPS6"
"PSEN1","HDAC3","RPS6"
"PSEN1","AXIN1","RPS6"
"PSEN1","PTPRR","RPS6"
"PSEN1","CDKN1B","RPS6"
"PSEN1","SKP2","RPS6"
"PSEN1","MAML1","RPS6"
"PSEN1","CDC25C","RPS6"
"PSEN1","WEE1","RPS6"
"PSEN1","CLASP2","RPS6"
"PSEN1","RHEB","RPS6"
"PSEN1","INPP5D","RPS6"
"PSEN1","TNFAIP1","RPS6"
"PSEN1","PHF8","RPS6"
"PSEN1","NF2","RPS6"
"PSEN1","MDC1","RPS6"
"PSEN1","MRE11","RPS6"
"PSEN1","FRAT1","RPS6"
"PSEN1","CBL","RPS6"
"PSEN1","RBBP8","RPS6"
"PSEN1","PCBP2","RPS6"
"PSEN1","SH2B3","RPS6"
"PSEN1","HDAC1","RPS6"
"PSEN1","GRB14","RPS6"
"PSEN1","PRKAR1A","RPS6"
"PSEN1","NOTCH2","RPS6"
"PSEN1","BAZ1B","RPS6"
"PSEN1","PLCG2","RPS6"
"PSEN1","STK3/4","CCND3"
"PSEN1","ACP1","CCND3"
"PSEN1","PTPN6","CCND3"
"PSEN1","STK4","CCND3"
"PSEN1","RPS6KB1","CCND3"
"PSEN1","CHEK1","CCND3"
"PSEN1","EIF2AK2","CCND3"
"PSEN1","STK3","CCND3"
"PSEN1","DOK1","CCND3"
"PSEN1","CDC25A","CCND3"
"PSEN1","MARK2","CCND3"
"PSEN1","PHLPP1","CCND3"
"PSEN1","CALM3","CCND3"
"PSEN1","YAP1","CCND3"
"PSEN1","DEF6","CCND3"
"PSEN1","CAMKK2","CCND3"
"PSEN1","PTPN7","CCND3"
"PSEN1","PDP1","CCND3"
"PSEN1","RPS6KA4","CCND3"
"PSEN1","HDAC3","CCND3"
"PSEN1","AXIN1","CCND3"
"PSEN1","PTPRR","CCND3"
"PSEN1","CDKN1B","CCND3"
"PSEN1","SKP2","CCND3"
"PSEN1","MAML1","CCND3"
"PSEN1","CDC25C","CCND3"
"PSEN1","WEE1","CCND3"
"PSEN1","CLASP2","CCND3"
"PSEN1","RHEB","CCND3"
"PSEN1","INPP5D","CCND3"
"PSEN1","TNFAIP1","CCND3"
"PSEN1","PHF8","CCND3"
"PSEN1","NF2","CCND3"
"PSEN1","MDC1","CCND3"
"PSEN1","MRE11","CCND3"
"PSEN1","FRAT1","CCND3"
"PSEN1","CBL","CCND3"
"PSEN1","RBBP8","CCND3"
"PSEN1","PCBP2","CCND3"
"PSEN1","SH2B3","CCND3"
"PSEN1","HDAC1","CCND3"
"PSEN1","GRB14","CCND3"
"PSEN1","PRKAR1A","CCND3"
"PSEN1","NOTCH2","CCND3"
"PSEN1","BAZ1B","CCND3"
"PSEN1","PLCG2","CCND3"
"PSEN1","STK3/4","SPHK2"
"PSEN1","ACP1","SPHK2"
"PSEN1","PTPN6","SPHK2"
"PSEN1","STK4","SPHK2"
"PSEN1","RPS6KB1","SPHK2"
"PSEN1","CHEK1","SPHK2"
"PSEN1","EIF2AK2","SPHK2"
"PSEN1","STK3","SPHK2"
"PSEN1","DOK1","SPHK2"
"PSEN1","CDC25A","SPHK2"
"PSEN1","MARK2","SPHK2"
"PSEN1","PHLPP1","SPHK2"
"PSEN1","CALM3","SPHK2"
"PSEN1","YAP1","SPHK2"
"PSEN1","DEF6","SPHK2"
"PSEN1","CAMKK2","SPHK2"
"PSEN1","PTPN7","SPHK2"
"PSEN1","PDP1","SPHK2"
"PSEN1","RPS6KA4","SPHK2"
"PSEN1","HDAC3","SPHK2"
"PSEN1","AXIN1","SPHK2"
"PSEN1","PTPRR","SPHK2"
"PSEN1","CDKN1B","SPHK2"
"PSEN1","SKP2","SPHK2"
"PSEN1","MAML1","SPHK2"
"PSEN1","CDC25C","SPHK2"
"PSEN1","WEE1","SPHK2"
"PSEN1","CLASP2","SPHK2"
"PSEN1","RHEB","SPHK2"
"PSEN1","INPP5D","SPHK2"
"PSEN1","TNFAIP1","SPHK2"
"PSEN1","PHF8","SPHK2"
"PSEN1","NF2","SPHK2"
"PSEN1","MDC1","SPHK2"
"PSEN1","MRE11","SPHK2"
"PSEN1","FRAT1","SPHK2"
"PSEN1","CBL","SPHK2"
"PSEN1","RBBP8","SPHK2"
"PSEN1","PCBP2","SPHK2"
"PSEN1","SH2B3","SPHK2"
"PSEN1","HDAC1","SPHK2"
"PSEN1","GRB14","SPHK2"
"PSEN1","PRKAR1A","SPHK2"
"PSEN1","NOTCH2","SPHK2"
"PSEN1","BAZ1B","SPHK2"
"PSEN1","PLCG2","SPHK2"
"PSEN1","STK3/4","NEFH"
"PSEN1","ACP1","NEFH"
"PSEN1","PTPN6","NEFH"
"PSEN1","STK4","NEFH"
"PSEN1","RPS6KB1","NEFH"
"PSEN1","CHEK1","NEFH"
"PSEN1","EIF2AK2","NEFH"
"PSEN1","STK3","NEFH"
"PSEN1","DOK1","NEFH"
"PSEN1","CDC25A","NEFH"
"PSEN1","MARK2","NEFH"
"PSEN1","PHLPP1","NEFH"
"PSEN1","CALM3","NEFH"
"PSEN1","YAP1","NEFH"
"PSEN1","DEF6","NEFH"
"PSEN1","CAMKK2","NEFH"
"PSEN1","PTPN7","NEFH"
"PSEN1","PDP1","NEFH"
"PSEN1","RPS6KA4","NEFH"
"PSEN1","HDAC3","NEFH"
"PSEN1","AXIN1","NEFH"
"PSEN1","PTPRR","NEFH"
"PSEN1","CDKN1B","NEFH"
"PSEN1","SKP2","NEFH"
"PSEN1","MAML1","NEFH"
"PSEN1","CDC25C","NEFH"
"PSEN1","WEE1","NEFH"
"PSEN1","CLASP2","NEFH"
"PSEN1","RHEB","NEFH"
"PSEN1","INPP5D","NEFH"
"PSEN1","TNFAIP1","NEFH"
"PSEN1","PHF8","NEFH"
"PSEN1","NF2","NEFH"
"PSEN1","MDC1","NEFH"
"PSEN1","MRE11","NEFH"
"PSEN1","FRAT1","NEFH"
"PSEN1","CBL","NEFH"
"PSEN1","RBBP8","NEFH"
"PSEN1","PCBP2","NEFH"
"PSEN1","SH2B3","NEFH"
"PSEN1","HDAC1","NEFH"
"PSEN1","GRB14","NEFH"
"PSEN1","PRKAR1A","NEFH"
"PSEN1","NOTCH2","NEFH"
"PSEN1","BAZ1B","NEFH"
"PSEN1","PLCG2","NEFH"
"PSEN1","STK3/4","SIGLEC10"
"PSEN1","ACP1","SIGLEC10"
"PSEN1","PTPN6","SIGLEC10"
"PSEN1","STK4","SIGLEC10"
"PSEN1","RPS6KB1","SIGLEC10"
"PSEN1","CHEK1","SIGLEC10"
"PSEN1","EIF2AK2","SIGLEC10"
"PSEN1","STK3","SIGLEC10"
"PSEN1","DOK1","SIGLEC10"
"PSEN1","CDC25A","SIGLEC10"
"PSEN1","MARK2","SIGLEC10"
"PSEN1","PHLPP1","SIGLEC10"
"PSEN1","CALM3","SIGLEC10"
"PSEN1","YAP1","SIGLEC10"
"PSEN1","DEF6","SIGLEC10"
"PSEN1","CAMKK2","SIGLEC10"
"PSEN1","PTPN7","SIGLEC10"
"PSEN1","PDP1","SIGLEC10"
"PSEN1","RPS6KA4","SIGLEC10"
"PSEN1","HDAC3","SIGLEC10"
"PSEN1","AXIN1","SIGLEC10"
"PSEN1","PTPRR","SIGLEC10"
"PSEN1","CDKN1B","SIGLEC10"
"PSEN1","SKP2","SIGLEC10"
"PSEN1","MAML1","SIGLEC10"
"PSEN1","CDC25C","SIGLEC10"
"PSEN1","WEE1","SIGLEC10"
"PSEN1","CLASP2","SIGLEC10"
"PSEN1","RHEB","SIGLEC10"
"PSEN1","INPP5D","SIGLEC10"
"PSEN1","TNFAIP1","SIGLEC10"
"PSEN1","PHF8","SIGLEC10"
"PSEN1","NF2","SIGLEC10"
"PSEN1","MDC1","SIGLEC10"
"PSEN1","MRE11","SIGLEC10"
"PSEN1","FRAT1","SIGLEC10"
"PSEN1","CBL","SIGLEC10"
"PSEN1","RBBP8","SIGLEC10"
"PSEN1","PCBP2","SIGLEC10"
"PSEN1","SH2B3","SIGLEC10"
"PSEN1","HDAC1","SIGLEC10"
"PSEN1","GRB14","SIGLEC10"
"PSEN1","PRKAR1A","SIGLEC10"
"PSEN1","NOTCH2","SIGLEC10"
"PSEN1","BAZ1B","SIGLEC10"
"PSEN1","PLCG2","SIGLEC10"
"PSEN1","STK3/4","PIP4K2A"
"PSEN1","ACP1","PIP4K2A"
"PSEN1","PTPN6","PIP4K2A"
"PSEN1","STK4","PIP4K2A"
"PSEN1","RPS6KB1","PIP4K2A"
"PSEN1","CHEK1","PIP4K2A"
"PSEN1","EIF2AK2","PIP4K2A"
"PSEN1","STK3","PIP4K2A"
"PSEN1","DOK1","PIP4K2A"
"PSEN1","CDC25A","PIP4K2A"
"PSEN1","MARK2","PIP4K2A"
"PSEN1","PHLPP1","PIP4K2A"
"PSEN1","CALM3","PIP4K2A"
"PSEN1","YAP1","PIP4K2A"
"PSEN1","DEF6","PIP4K2A"
"PSEN1","CAMKK2","PIP4K2A"
"PSEN1","PTPN7","PIP4K2A"
"PSEN1","PDP1","PIP4K2A"
"PSEN1","RPS6KA4","PIP4K2A"
"PSEN1","HDAC3","PIP4K2A"
"PSEN1","AXIN1","PIP4K2A"
"PSEN1","PTPRR","PIP4K2A"
"PSEN1","CDKN1B","PIP4K2A"
"PSEN1","SKP2","PIP4K2A"
"PSEN1","MAML1","PIP4K2A"
"PSEN1","CDC25C","PIP4K2A"
"PSEN1","WEE1","PIP4K2A"
"PSEN1","CLASP2","PIP4K2A"
"PSEN1","RHEB","PIP4K2A"
"PSEN1","INPP5D","PIP4K2A"
"PSEN1","TNFAIP1","PIP4K2A"
"PSEN1","PHF8","PIP4K2A"
"PSEN1","NF2","PIP4K2A"
"PSEN1","MDC1","PIP4K2A"
"PSEN1","MRE11","PIP4K2A"
"PSEN1","FRAT1","PIP4K2A"
"PSEN1","CBL","PIP4K2A"
"PSEN1","RBBP8","PIP4K2A"
"PSEN1","PCBP2","PIP4K2A"
"PSEN1","SH2B3","PIP4K2A"
"PSEN1","HDAC1","PIP4K2A"
"PSEN1","GRB14","PIP4K2A"
"PSEN1","PRKAR1A","PIP4K2A"
"PSEN1","NOTCH2","PIP4K2A"
"PSEN1","BAZ1B","PIP4K2A"
"PSEN1","PLCG2","PIP4K2A"
"PSEN1","STK3/4","TCR"
"PSEN1","ACP1","TCR"
"PSEN1","PTPN6","TCR"
"PSEN1","STK4","TCR"
"PSEN1","RPS6KB1","TCR"
"PSEN1","CHEK1","TCR"
"PSEN1","EIF2AK2","TCR"
"PSEN1","STK3","TCR"
"PSEN1","DOK1","TCR"
"PSEN1","CDC25A","TCR"
"PSEN1","MARK2","TCR"
"PSEN1","PHLPP1","TCR"
"PSEN1","CALM3","TCR"
"PSEN1","YAP1","TCR"
"PSEN1","DEF6","TCR"
"PSEN1","CAMKK2","TCR"
"PSEN1","PTPN7","TCR"
"PSEN1","PDP1","TCR"
"PSEN1","RPS6KA4","TCR"
"PSEN1","HDAC3","TCR"
"PSEN1","AXIN1","TCR"
"PSEN1","PTPRR","TCR"
"PSEN1","CDKN1B","TCR"
"PSEN1","SKP2","TCR"
"PSEN1","MAML1","TCR"
"PSEN1","CDC25C","TCR"
"PSEN1","WEE1","TCR"
"PSEN1","CLASP2","TCR"
"PSEN1","RHEB","TCR"
"PSEN1","INPP5D","TCR"
"PSEN1","TNFAIP1","TCR"
"PSEN1","PHF8","TCR"
"PSEN1","NF2","TCR"
"PSEN1","MDC1","TCR"
"PSEN1","MRE11","TCR"
"PSEN1","FRAT1","TCR"
"PSEN1","CBL","TCR"
"PSEN1","RBBP8","TCR"
"PSEN1","PCBP2","TCR"
"PSEN1","SH2B3","TCR"
"PSEN1","HDAC1","TCR"
"PSEN1","GRB14","TCR"
"PSEN1","PRKAR1A","TCR"
"PSEN1","NOTCH2","TCR"
"PSEN1","BAZ1B","TCR"
"PSEN1","PLCG2","TCR"
"PSEN1","STK3/4","YBX1"
"PSEN1","ACP1","YBX1"
"PSEN1","PTPN6","YBX1"
"PSEN1","STK4","YBX1"
"PSEN1","RPS6KB1","YBX1"
"PSEN1","CHEK1","YBX1"
"PSEN1","EIF2AK2","YBX1"
"PSEN1","STK3","YBX1"
"PSEN1","DOK1","YBX1"
"PSEN1","CDC25A","YBX1"
"PSEN1","MARK2","YBX1"
"PSEN1","PHLPP1","YBX1"
"PSEN1","CALM3","YBX1"
"PSEN1","YAP1","YBX1"
"PSEN1","DEF6","YBX1"
"PSEN1","CAMKK2","YBX1"
"PSEN1","PTPN7","YBX1"
"PSEN1","PDP1","YBX1"
"PSEN1","RPS6KA4","YBX1"
"PSEN1","HDAC3","YBX1"
"PSEN1","AXIN1","YBX1"
"PSEN1","PTPRR","YBX1"
"PSEN1","CDKN1B","YBX1"
"PSEN1","SKP2","YBX1"
"PSEN1","MAML1","YBX1"
"PSEN1","CDC25C","YBX1"
"PSEN1","WEE1","YBX1"
"PSEN1","CLASP2","YBX1"
"PSEN1","RHEB","YBX1"
"PSEN1","INPP5D","YBX1"
"PSEN1","TNFAIP1","YBX1"
"PSEN1","PHF8","YBX1"
"PSEN1","NF2","YBX1"
"PSEN1","MDC1","YBX1"
"PSEN1","MRE11","YBX1"
"PSEN1","FRAT1","YBX1"
"PSEN1","CBL","YBX1"
"PSEN1","RBBP8","YBX1"
"PSEN1","PCBP2","YBX1"
"PSEN1","SH2B3","YBX1"
"PSEN1","HDAC1","YBX1"
"PSEN1","GRB14","YBX1"
"PSEN1","PRKAR1A","YBX1"
"PSEN1","NOTCH2","YBX1"
"PSEN1","BAZ1B","YBX1"
"PSEN1","PLCG2","YBX1"
"PSEN1","STK3/4","RPTOR"
"PSEN1","ACP1","RPTOR"
"PSEN1","PTPN6","RPTOR"
"PSEN1","STK4","RPTOR"
"PSEN1","RPS6KB1","RPTOR"
"PSEN1","CHEK1","RPTOR"
"PSEN1","EIF2AK2","RPTOR"
"PSEN1","STK3","RPTOR"
"PSEN1","DOK1","RPTOR"
"PSEN1","CDC25A","RPTOR"
"PSEN1","MARK2","RPTOR"
"PSEN1","PHLPP1","RPTOR"
"PSEN1","CALM3","RPTOR"
"PSEN1","YAP1","RPTOR"
"PSEN1","DEF6","RPTOR"
"PSEN1","CAMKK2","RPTOR"
"PSEN1","PTPN7","RPTOR"
"PSEN1","PDP1","RPTOR"
"PSEN1","RPS6KA4","RPTOR"
"PSEN1","HDAC3","RPTOR"
"PSEN1","AXIN1","RPTOR"
"PSEN1","PTPRR","RPTOR"
"PSEN1","CDKN1B","RPTOR"
"PSEN1","SKP2","RPTOR"
"PSEN1","MAML1","RPTOR"
"PSEN1","CDC25C","RPTOR"
"PSEN1","WEE1","RPTOR"
"PSEN1","CLASP2","RPTOR"
"PSEN1","RHEB","RPTOR"
"PSEN1","INPP5D","RPTOR"
"PSEN1","TNFAIP1","RPTOR"
"PSEN1","PHF8","RPTOR"
"PSEN1","NF2","RPTOR"
"PSEN1","MDC1","RPTOR"
"PSEN1","MRE11","RPTOR"
"PSEN1","FRAT1","RPTOR"
"PSEN1","CBL","RPTOR"
"PSEN1","RBBP8","RPTOR"
"PSEN1","PCBP2","RPTOR"
"PSEN1","SH2B3","RPTOR"
"PSEN1","HDAC1","RPTOR"
"PSEN1","GRB14","RPTOR"
"PSEN1","PRKAR1A","RPTOR"
"PSEN1","NOTCH2","RPTOR"
"PSEN1","BAZ1B","RPTOR"
"PSEN1","PLCG2","RPTOR"
"PSEN1","STK3/4","PGAM1"
"PSEN1","ACP1","PGAM1"
"PSEN1","PTPN6","PGAM1"
"PSEN1","STK4","PGAM1"
"PSEN1","RPS6KB1","PGAM1"
"PSEN1","CHEK1","PGAM1"
"PSEN1","EIF2AK2","PGAM1"
"PSEN1","STK3","PGAM1"
"PSEN1","DOK1","PGAM1"
"PSEN1","CDC25A","PGAM1"
"PSEN1","MARK2","PGAM1"
"PSEN1","PHLPP1","PGAM1"
"PSEN1","CALM3","PGAM1"
"PSEN1","YAP1","PGAM1"
"PSEN1","DEF6","PGAM1"
"PSEN1","CAMKK2","PGAM1"
"PSEN1","PTPN7","PGAM1"
"PSEN1","PDP1","PGAM1"
"PSEN1","RPS6KA4","PGAM1"
"PSEN1","HDAC3","PGAM1"
"PSEN1","AXIN1","PGAM1"
"PSEN1","PTPRR","PGAM1"
"PSEN1","CDKN1B","PGAM1"
"PSEN1","SKP2","PGAM1"
"PSEN1","MAML1","PGAM1"
"PSEN1","CDC25C","PGAM1"
"PSEN1","WEE1","PGAM1"
"PSEN1","CLASP2","PGAM1"
"PSEN1","RHEB","PGAM1"
"PSEN1","INPP5D","PGAM1"
"PSEN1","TNFAIP1","PGAM1"
"PSEN1","PHF8","PGAM1"
"PSEN1","NF2","PGAM1"
"PSEN1","MDC1","PGAM1"
"PSEN1","MRE11","PGAM1"
"PSEN1","FRAT1","PGAM1"
"PSEN1","CBL","PGAM1"
"PSEN1","RBBP8","PGAM1"
"PSEN1","PCBP2","PGAM1"
"PSEN1","SH2B3","PGAM1"
"PSEN1","HDAC1","PGAM1"
"PSEN1","GRB14","PGAM1"
"PSEN1","PRKAR1A","PGAM1"
"PSEN1","NOTCH2","PGAM1"
"PSEN1","BAZ1B","PGAM1"
"PSEN1","PLCG2","PGAM1"
"PSEN1","STK3/4","CACNA1S"
"PSEN1","ACP1","CACNA1S"
"PSEN1","PTPN6","CACNA1S"
"PSEN1","STK4","CACNA1S"
"PSEN1","RPS6KB1","CACNA1S"
"PSEN1","CHEK1","CACNA1S"
"PSEN1","EIF2AK2","CACNA1S"
"PSEN1","STK3","CACNA1S"
"PSEN1","DOK1","CACNA1S"
"PSEN1","CDC25A","CACNA1S"
"PSEN1","MARK2","CACNA1S"
"PSEN1","PHLPP1","CACNA1S"
"PSEN1","CALM3","CACNA1S"
"PSEN1","YAP1","CACNA1S"
"PSEN1","DEF6","CACNA1S"
"PSEN1","CAMKK2","CACNA1S"
"PSEN1","PTPN7","CACNA1S"
"PSEN1","PDP1","CACNA1S"
"PSEN1","RPS6KA4","CACNA1S"
"PSEN1","HDAC3","CACNA1S"
"PSEN1","AXIN1","CACNA1S"
"PSEN1","PTPRR","CACNA1S"
"PSEN1","CDKN1B","CACNA1S"
"PSEN1","SKP2","CACNA1S"
"PSEN1","MAML1","CACNA1S"
"PSEN1","CDC25C","CACNA1S"
"PSEN1","WEE1","CACNA1S"
"PSEN1","CLASP2","CACNA1S"
"PSEN1","RHEB","CACNA1S"
"PSEN1","INPP5D","CACNA1S"
"PSEN1","TNFAIP1","CACNA1S"
"PSEN1","PHF8","CACNA1S"
"PSEN1","NF2","CACNA1S"
"PSEN1","MDC1","CACNA1S"
"PSEN1","MRE11","CACNA1S"
"PSEN1","FRAT1","CACNA1S"
"PSEN1","CBL","CACNA1S"
"PSEN1","RBBP8","CACNA1S"
"PSEN1","PCBP2","CACNA1S"
"PSEN1","SH2B3","CACNA1S"
"PSEN1","HDAC1","CACNA1S"
"PSEN1","GRB14","CACNA1S"
"PSEN1","PRKAR1A","CACNA1S"
"PSEN1","NOTCH2","CACNA1S"
"PSEN1","BAZ1B","CACNA1S"
"PSEN1","PLCG2","CACNA1S"
"PSEN1","STK3/4","CD247"
"PSEN1","ACP1","CD247"
"PSEN1","PTPN6","CD247"
"PSEN1","STK4","CD247"
"PSEN1","RPS6KB1","CD247"
"PSEN1","CHEK1","CD247"
"PSEN1","EIF2AK2","CD247"
"PSEN1","STK3","CD247"
"PSEN1","DOK1","CD247"
"PSEN1","CDC25A","CD247"
"PSEN1","MARK2","CD247"
"PSEN1","PHLPP1","CD247"
"PSEN1","CALM3","CD247"
"PSEN1","YAP1","CD247"
"PSEN1","DEF6","CD247"
"PSEN1","CAMKK2","CD247"
"PSEN1","PTPN7","CD247"
"PSEN1","PDP1","CD247"
"PSEN1","RPS6KA4","CD247"
"PSEN1","HDAC3","CD247"
"PSEN1","AXIN1","CD247"
"PSEN1","PTPRR","CD247"
"PSEN1","CDKN1B","CD247"
"PSEN1","SKP2","CD247"
"PSEN1","MAML1","CD247"
"PSEN1","CDC25C","CD247"
"PSEN1","WEE1","CD247"
"PSEN1","CLASP2","CD247"
"PSEN1","RHEB","CD247"
"PSEN1","INPP5D","CD247"
"PSEN1","TNFAIP1","CD247"
"PSEN1","PHF8","CD247"
"PSEN1","NF2","CD247"
"PSEN1","MDC1","CD247"
"PSEN1","MRE11","CD247"
"PSEN1","FRAT1","CD247"
"PSEN1","CBL","CD247"
"PSEN1","RBBP8","CD247"
"PSEN1","PCBP2","CD247"
"PSEN1","SH2B3","CD247"
"PSEN1","HDAC1","CD247"
"PSEN1","GRB14","CD247"
"PSEN1","PRKAR1A","CD247"
"PSEN1","NOTCH2","CD247"
"PSEN1","BAZ1B","CD247"
"PSEN1","PLCG2","CD247"
"PSEN1","STK3/4","TEAD3"
"PSEN1","ACP1","TEAD3"
"PSEN1","PTPN6","TEAD3"
"PSEN1","STK4","TEAD3"
"PSEN1","RPS6KB1","TEAD3"
"PSEN1","CHEK1","TEAD3"
"PSEN1","EIF2AK2","TEAD3"
"PSEN1","STK3","TEAD3"
"PSEN1","DOK1","TEAD3"
"PSEN1","CDC25A","TEAD3"
"PSEN1","MARK2","TEAD3"
"PSEN1","PHLPP1","TEAD3"
"PSEN1","CALM3","TEAD3"
"PSEN1","DEF6","TEAD3"
"PSEN1","CAMKK2","TEAD3"
"PSEN1","PTPN7","TEAD3"
"PSEN1","PDP1","TEAD3"
"PSEN1","RPS6KA4","TEAD3"
"PSEN1","HDAC3","TEAD3"
"PSEN1","AXIN1","TEAD3"
"PSEN1","PTPRR","TEAD3"
"PSEN1","CDKN1B","TEAD3"
"PSEN1","SKP2","TEAD3"
"PSEN1","MAML1","TEAD3"
"PSEN1","CDC25C","TEAD3"
"PSEN1","WEE1","TEAD3"
"PSEN1","CLASP2","TEAD3"
"PSEN1","RHEB","TEAD3"
"PSEN1","INPP5D","TEAD3"
"PSEN1","TNFAIP1","TEAD3"
"PSEN1","PHF8","TEAD3"
"PSEN1","NF2","TEAD3"
"PSEN1","MDC1","TEAD3"
"PSEN1","MRE11","TEAD3"
"PSEN1","FRAT1","TEAD3"
"PSEN1","CBL","TEAD3"
"PSEN1","RBBP8","TEAD3"
"PSEN1","PCBP2","TEAD3"
"PSEN1","SH2B3","TEAD3"
"PSEN1","HDAC1","TEAD3"
"PSEN1","GRB14","TEAD3"
"PSEN1","PRKAR1A","TEAD3"
"PSEN1","NOTCH2","TEAD3"
"PSEN1","BAZ1B","TEAD3"
"PSEN1","PLCG2","TEAD3"
"PSEN1","STK3/4","PIK3R2"
"PSEN1","ACP1","PIK3R2"
"PSEN1","PTPN6","PIK3R2"
"PSEN1","STK4","PIK3R2"
"PSEN1","RPS6KB1","PIK3R2"
"PSEN1","CHEK1","PIK3R2"
"PSEN1","EIF2AK2","PIK3R2"
"PSEN1","STK3","PIK3R2"
"PSEN1","DOK1","PIK3R2"
"PSEN1","CDC25A","PIK3R2"
"PSEN1","MARK2","PIK3R2"
"PSEN1","PHLPP1","PIK3R2"
"PSEN1","CALM3","PIK3R2"
"PSEN1","YAP1","PIK3R2"
"PSEN1","DEF6","PIK3R2"
"PSEN1","CAMKK2","PIK3R2"
"PSEN1","PTPN7","PIK3R2"
"PSEN1","PDP1","PIK3R2"
"PSEN1","RPS6KA4","PIK3R2"
"PSEN1","HDAC3","PIK3R2"
"PSEN1","AXIN1","PIK3R2"
"PSEN1","PTPRR","PIK3R2"
"PSEN1","CDKN1B","PIK3R2"
"PSEN1","SKP2","PIK3R2"
"PSEN1","MAML1","PIK3R2"
"PSEN1","CDC25C","PIK3R2"
"PSEN1","WEE1","PIK3R2"
"PSEN1","CLASP2","PIK3R2"
"PSEN1","RHEB","PIK3R2"
"PSEN1","INPP5D","PIK3R2"
"PSEN1","TNFAIP1","PIK3R2"
"PSEN1","PHF8","PIK3R2"
"PSEN1","NF2","PIK3R2"
"PSEN1","MDC1","PIK3R2"
"PSEN1","MRE11","PIK3R2"
"PSEN1","FRAT1","PIK3R2"
"PSEN1","CBL","PIK3R2"
"PSEN1","RBBP8","PIK3R2"
"PSEN1","PCBP2","PIK3R2"
"PSEN1","SH2B3","PIK3R2"
"PSEN1","HDAC1","PIK3R2"
"PSEN1","GRB14","PIK3R2"
"PSEN1","PRKAR1A","PIK3R2"
"PSEN1","NOTCH2","PIK3R2"
"PSEN1","BAZ1B","PIK3R2"
"PSEN1","PLCG2","PIK3R2"
"PSEN1","STK3/4","RPS3"
"PSEN1","ACP1","RPS3"
"PSEN1","PTPN6","RPS3"
"PSEN1","STK4","RPS3"
"PSEN1","RPS6KB1","RPS3"
"PSEN1","CHEK1","RPS3"
"PSEN1","EIF2AK2","RPS3"
"PSEN1","STK3","RPS3"
"PSEN1","DOK1","RPS3"
"PSEN1","CDC25A","RPS3"
"PSEN1","MARK2","RPS3"
"PSEN1","PHLPP1","RPS3"
"PSEN1","CALM3","RPS3"
"PSEN1","YAP1","RPS3"
"PSEN1","DEF6","RPS3"
"PSEN1","CAMKK2","RPS3"
"PSEN1","PTPN7","RPS3"
"PSEN1","PDP1","RPS3"
"PSEN1","RPS6KA4","RPS3"
"PSEN1","HDAC3","RPS3"
"PSEN1","AXIN1","RPS3"
"PSEN1","PTPRR","RPS3"
"PSEN1","CDKN1B","RPS3"
"PSEN1","SKP2","RPS3"
"PSEN1","MAML1","RPS3"
"PSEN1","CDC25C","RPS3"
"PSEN1","WEE1","RPS3"
"PSEN1","CLASP2","RPS3"
"PSEN1","RHEB","RPS3"
"PSEN1","INPP5D","RPS3"
"PSEN1","TNFAIP1","RPS3"
"PSEN1","PHF8","RPS3"
"PSEN1","NF2","RPS3"
"PSEN1","MDC1","RPS3"
"PSEN1","MRE11","RPS3"
"PSEN1","FRAT1","RPS3"
"PSEN1","CBL","RPS3"
"PSEN1","RBBP8","RPS3"
"PSEN1","PCBP2","RPS3"
"PSEN1","SH2B3","RPS3"
"PSEN1","HDAC1","RPS3"
"PSEN1","GRB14","RPS3"
"PSEN1","PRKAR1A","RPS3"
"PSEN1","NOTCH2","RPS3"
"PSEN1","BAZ1B","RPS3"
"PSEN1","PLCG2","RPS3"
"PSEN1","STK3/4","MCM2"
"PSEN1","ACP1","MCM2"
"PSEN1","PTPN6","MCM2"
"PSEN1","STK4","MCM2"
"PSEN1","RPS6KB1","MCM2"
"PSEN1","CHEK1","MCM2"
"PSEN1","EIF2AK2","MCM2"
"PSEN1","STK3","MCM2"
"PSEN1","DOK1","MCM2"
"PSEN1","CDC25A","MCM2"
"PSEN1","MARK2","MCM2"
"PSEN1","PHLPP1","MCM2"
"PSEN1","CALM3","MCM2"
"PSEN1","YAP1","MCM2"
"PSEN1","DEF6","MCM2"
"PSEN1","CAMKK2","MCM2"
"PSEN1","PTPN7","MCM2"
"PSEN1","PDP1","MCM2"
"PSEN1","RPS6KA4","MCM2"
"PSEN1","HDAC3","MCM2"
"PSEN1","AXIN1","MCM2"
"PSEN1","PTPRR","MCM2"
"PSEN1","CDKN1B","MCM2"
"PSEN1","SKP2","MCM2"
"PSEN1","MAML1","MCM2"
"PSEN1","CDC25C","MCM2"
"PSEN1","WEE1","MCM2"
"PSEN1","CLASP2","MCM2"
"PSEN1","RHEB","MCM2"
"PSEN1","INPP5D","MCM2"
"PSEN1","TNFAIP1","MCM2"
"PSEN1","PHF8","MCM2"
"PSEN1","NF2","MCM2"
"PSEN1","MDC1","MCM2"
"PSEN1","MRE11","MCM2"
"PSEN1","FRAT1","MCM2"
"PSEN1","CBL","MCM2"
"PSEN1","RBBP8","MCM2"
"PSEN1","PCBP2","MCM2"
"PSEN1","SH2B3","MCM2"
"PSEN1","HDAC1","MCM2"
"PSEN1","GRB14","MCM2"
"PSEN1","PRKAR1A","MCM2"
"PSEN1","NOTCH2","MCM2"
"PSEN1","BAZ1B","MCM2"
"PSEN1","PLCG2","MCM2"
"PSEN1","STK3/4","ATRIP"
"PSEN1","ACP1","ATRIP"
"PSEN1","PTPN6","ATRIP"
"PSEN1","STK4","ATRIP"
"PSEN1","RPS6KB1","ATRIP"
"PSEN1","CHEK1","ATRIP"
"PSEN1","EIF2AK2","ATRIP"
"PSEN1","STK3","ATRIP"
"PSEN1","DOK1","ATRIP"
"PSEN1","CDC25A","ATRIP"
"PSEN1","MARK2","ATRIP"
"PSEN1","PHLPP1","ATRIP"
"PSEN1","CALM3","ATRIP"
"PSEN1","YAP1","ATRIP"
"PSEN1","DEF6","ATRIP"
"PSEN1","CAMKK2","ATRIP"
"PSEN1","PTPN7","ATRIP"
"PSEN1","PDP1","ATRIP"
"PSEN1","RPS6KA4","ATRIP"
"PSEN1","HDAC3","ATRIP"
"PSEN1","AXIN1","ATRIP"
"PSEN1","PTPRR","ATRIP"
"PSEN1","CDKN1B","ATRIP"
"PSEN1","SKP2","ATRIP"
"PSEN1","MAML1","ATRIP"
"PSEN1","CDC25C","ATRIP"
"PSEN1","WEE1","ATRIP"
"PSEN1","CLASP2","ATRIP"
"PSEN1","RHEB","ATRIP"
"PSEN1","INPP5D","ATRIP"
"PSEN1","TNFAIP1","ATRIP"
"PSEN1","PHF8","ATRIP"
"PSEN1","NF2","ATRIP"
"PSEN1","MDC1","ATRIP"
"PSEN1","MRE11","ATRIP"
"PSEN1","FRAT1","ATRIP"
"PSEN1","CBL","ATRIP"
"PSEN1","RBBP8","ATRIP"
"PSEN1","PCBP2","ATRIP"
"PSEN1","SH2B3","ATRIP"
"PSEN1","HDAC1","ATRIP"
"PSEN1","GRB14","ATRIP"
"PSEN1","PRKAR1A","ATRIP"
"PSEN1","NOTCH2","ATRIP"
"PSEN1","BAZ1B","ATRIP"
"PSEN1","PLCG2","ATRIP"
"PSEN1","STK3/4","DPYSL2"
"PSEN1","ACP1","DPYSL2"
"PSEN1","PTPN6","DPYSL2"
"PSEN1","STK4","DPYSL2"
"PSEN1","RPS6KB1","DPYSL2"
"PSEN1","CHEK1","DPYSL2"
"PSEN1","EIF2AK2","DPYSL2"
"PSEN1","STK3","DPYSL2"
"PSEN1","DOK1","DPYSL2"
"PSEN1","CDC25A","DPYSL2"
"PSEN1","MARK2","DPYSL2"
"PSEN1","PHLPP1","DPYSL2"
"PSEN1","CALM3","DPYSL2"
"PSEN1","YAP1","DPYSL2"
"PSEN1","DEF6","DPYSL2"
"PSEN1","CAMKK2","DPYSL2"
"PSEN1","PTPN7","DPYSL2"
"PSEN1","PDP1","DPYSL2"
"PSEN1","RPS6KA4","DPYSL2"
"PSEN1","HDAC3","DPYSL2"
"PSEN1","AXIN1","DPYSL2"
"PSEN1","PTPRR","DPYSL2"
"PSEN1","CDKN1B","DPYSL2"
"PSEN1","SKP2","DPYSL2"
"PSEN1","MAML1","DPYSL2"
"PSEN1","CDC25C","DPYSL2"
"PSEN1","WEE1","DPYSL2"
"PSEN1","CLASP2","DPYSL2"
"PSEN1","RHEB","DPYSL2"
"PSEN1","INPP5D","DPYSL2"
"PSEN1","TNFAIP1","DPYSL2"
"PSEN1","PHF8","DPYSL2"
"PSEN1","NF2","DPYSL2"
"PSEN1","MDC1","DPYSL2"
"PSEN1","MRE11","DPYSL2"
"PSEN1","FRAT1","DPYSL2"
"PSEN1","CBL","DPYSL2"
"PSEN1","RBBP8","DPYSL2"
"PSEN1","PCBP2","DPYSL2"
"PSEN1","SH2B3","DPYSL2"
"PSEN1","HDAC1","DPYSL2"
"PSEN1","GRB14","DPYSL2"
"PSEN1","PRKAR1A","DPYSL2"
"PSEN1","NOTCH2","DPYSL2"
"PSEN1","BAZ1B","DPYSL2"
"PSEN1","PLCG2","DPYSL2"
"PSEN1","STK3/4","ARP2/3"
"PSEN1","ACP1","ARP2/3"
"PSEN1","PTPN6","ARP2/3"
"PSEN1","STK4","ARP2/3"
"PSEN1","RPS6KB1","ARP2/3"
"PSEN1","CHEK1","ARP2/3"
"PSEN1","EIF2AK2","ARP2/3"
"PSEN1","STK3","ARP2/3"
"PSEN1","DOK1","ARP2/3"
"PSEN1","CDC25A","ARP2/3"
"PSEN1","MARK2","ARP2/3"
"PSEN1","PHLPP1","ARP2/3"
"PSEN1","CALM3","ARP2/3"
"PSEN1","YAP1","ARP2/3"
"PSEN1","DEF6","ARP2/3"
"PSEN1","CAMKK2","ARP2/3"
"PSEN1","PTPN7","ARP2/3"
"PSEN1","PDP1","ARP2/3"
"PSEN1","RPS6KA4","ARP2/3"
"PSEN1","HDAC3","ARP2/3"
"PSEN1","AXIN1","ARP2/3"
"PSEN1","PTPRR","ARP2/3"
"PSEN1","CDKN1B","ARP2/3"
"PSEN1","SKP2","ARP2/3"
"PSEN1","MAML1","ARP2/3"
"PSEN1","CDC25C","ARP2/3"
"PSEN1","WEE1","ARP2/3"
"PSEN1","CLASP2","ARP2/3"
"PSEN1","RHEB","ARP2/3"
"PSEN1","INPP5D","ARP2/3"
"PSEN1","TNFAIP1","ARP2/3"
"PSEN1","PHF8","ARP2/3"
"PSEN1","NF2","ARP2/3"
"PSEN1","MDC1","ARP2/3"
"PSEN1","MRE11","ARP2/3"
"PSEN1","FRAT1","ARP2/3"
"PSEN1","CBL","ARP2/3"
"PSEN1","RBBP8","ARP2/3"
"PSEN1","PCBP2","ARP2/3"
"PSEN1","SH2B3","ARP2/3"
"PSEN1","HDAC1","ARP2/3"
"PSEN1","GRB14","ARP2/3"
"PSEN1","PRKAR1A","ARP2/3"
"PSEN1","NOTCH2","ARP2/3"
"PSEN1","BAZ1B","ARP2/3"
"PSEN1","PLCG2","ARP2/3"
"PSEN1","STK3/4","KIF2C"
"PSEN1","ACP1","KIF2C"
"PSEN1","PTPN6","KIF2C"
"PSEN1","STK4","KIF2C"
"PSEN1","RPS6KB1","KIF2C"
"PSEN1","CHEK1","KIF2C"
"PSEN1","EIF2AK2","KIF2C"
"PSEN1","STK3","KIF2C"
"PSEN1","DOK1","KIF2C"
"PSEN1","CDC25A","KIF2C"
"PSEN1","MARK2","KIF2C"
"PSEN1","PHLPP1","KIF2C"
"PSEN1","CALM3","KIF2C"
"PSEN1","YAP1","KIF2C"
"PSEN1","DEF6","KIF2C"
"PSEN1","CAMKK2","KIF2C"
"PSEN1","PTPN7","KIF2C"
"PSEN1","PDP1","KIF2C"
"PSEN1","RPS6KA4","KIF2C"
"PSEN1","HDAC3","KIF2C"
"PSEN1","AXIN1","KIF2C"
"PSEN1","PTPRR","KIF2C"
"PSEN1","CDKN1B","KIF2C"
"PSEN1","SKP2","KIF2C"
"PSEN1","MAML1","KIF2C"
"PSEN1","CDC25C","KIF2C"
"PSEN1","WEE1","KIF2C"
"PSEN1","CLASP2","KIF2C"
"PSEN1","RHEB","KIF2C"
"PSEN1","INPP5D","KIF2C"
"PSEN1","TNFAIP1","KIF2C"
"PSEN1","PHF8","KIF2C"
"PSEN1","NF2","KIF2C"
"PSEN1","MDC1","KIF2C"
"PSEN1","MRE11","KIF2C"
"PSEN1","FRAT1","KIF2C"
"PSEN1","CBL","KIF2C"
"PSEN1","RBBP8","KIF2C"
"PSEN1","PCBP2","KIF2C"
"PSEN1","SH2B3","KIF2C"
"PSEN1","HDAC1","KIF2C"
"PSEN1","GRB14","KIF2C"
"PSEN1","PRKAR1A","KIF2C"
"PSEN1","NOTCH2","KIF2C"
"PSEN1","BAZ1B","KIF2C"
"PSEN1","PLCG2","KIF2C"
"PSEN1","STK3/4","XRCC1"
"PSEN1","ACP1","XRCC1"
"PSEN1","PTPN6","XRCC1"
"PSEN1","STK4","XRCC1"
"PSEN1","RPS6KB1","XRCC1"
"PSEN1","CHEK1","XRCC1"
"PSEN1","EIF2AK2","XRCC1"
"PSEN1","STK3","XRCC1"
"PSEN1","DOK1","XRCC1"
"PSEN1","CDC25A","XRCC1"
"PSEN1","MARK2","XRCC1"
"PSEN1","PHLPP1","XRCC1"
"PSEN1","CALM3","XRCC1"
"PSEN1","YAP1","XRCC1"
"PSEN1","DEF6","XRCC1"
"PSEN1","CAMKK2","XRCC1"
"PSEN1","PTPN7","XRCC1"
"PSEN1","PDP1","XRCC1"
"PSEN1","RPS6KA4","XRCC1"
"PSEN1","HDAC3","XRCC1"
"PSEN1","AXIN1","XRCC1"
"PSEN1","PTPRR","XRCC1"
"PSEN1","CDKN1B","XRCC1"
"PSEN1","SKP2","XRCC1"
"PSEN1","MAML1","XRCC1"
"PSEN1","CDC25C","XRCC1"
"PSEN1","WEE1","XRCC1"
"PSEN1","CLASP2","XRCC1"
"PSEN1","RHEB","XRCC1"
"PSEN1","INPP5D","XRCC1"
"PSEN1","TNFAIP1","XRCC1"
"PSEN1","PHF8","XRCC1"
"PSEN1","NF2","XRCC1"
"PSEN1","MDC1","XRCC1"
"PSEN1","MRE11","XRCC1"
"PSEN1","FRAT1","XRCC1"
"PSEN1","CBL","XRCC1"
"PSEN1","RBBP8","XRCC1"
"PSEN1","PCBP2","XRCC1"
"PSEN1","SH2B3","XRCC1"
"PSEN1","HDAC1","XRCC1"
"PSEN1","GRB14","XRCC1"
"PSEN1","PRKAR1A","XRCC1"
"PSEN1","NOTCH2","XRCC1"
"PSEN1","BAZ1B","XRCC1"
"PSEN1","PLCG2","XRCC1"
"PSEN1","STK3/4","BHLHE41"
"PSEN1","ACP1","BHLHE41"
"PSEN1","PTPN6","BHLHE41"
"PSEN1","STK4","BHLHE41"
"PSEN1","RPS6KB1","BHLHE41"
"PSEN1","CHEK1","BHLHE41"
"PSEN1","EIF2AK2","BHLHE41"
"PSEN1","STK3","BHLHE41"
"PSEN1","DOK1","BHLHE41"
"PSEN1","CDC25A","BHLHE41"
"PSEN1","MARK2","BHLHE41"
"PSEN1","PHLPP1","BHLHE41"
"PSEN1","CALM3","BHLHE41"
"PSEN1","YAP1","BHLHE41"
"PSEN1","DEF6","BHLHE41"
"PSEN1","CAMKK2","BHLHE41"
"PSEN1","PTPN7","BHLHE41"
"PSEN1","PDP1","BHLHE41"
"PSEN1","RPS6KA4","BHLHE41"
"PSEN1","HDAC3","BHLHE41"
"PSEN1","AXIN1","BHLHE41"
"PSEN1","PTPRR","BHLHE41"
"PSEN1","CDKN1B","BHLHE41"
"PSEN1","SKP2","BHLHE41"
"PSEN1","MAML1","BHLHE41"
"PSEN1","CDC25C","BHLHE41"
"PSEN1","WEE1","BHLHE41"
"PSEN1","CLASP2","BHLHE41"
"PSEN1","RHEB","BHLHE41"
"PSEN1","INPP5D","BHLHE41"
"PSEN1","TNFAIP1","BHLHE41"
"PSEN1","PHF8","BHLHE41"
"PSEN1","NF2","BHLHE41"
"PSEN1","MDC1","BHLHE41"
"PSEN1","MRE11","BHLHE41"
"PSEN1","FRAT1","BHLHE41"
"PSEN1","CBL","BHLHE41"
"PSEN1","RBBP8","BHLHE41"
"PSEN1","PCBP2","BHLHE41"
"PSEN1","SH2B3","BHLHE41"
"PSEN1","HDAC1","BHLHE41"
"PSEN1","GRB14","BHLHE41"
"PSEN1","PRKAR1A","BHLHE41"
"PSEN1","NOTCH2","BHLHE41"
"PSEN1","BAZ1B","BHLHE41"
"PSEN1","PLCG2","BHLHE41"
"PSEN1","STK3/4","GYS1"
"PSEN1","ACP1","GYS1"
"PSEN1","PTPN6","GYS1"
"PSEN1","STK4","GYS1"
"PSEN1","RPS6KB1","GYS1"
"PSEN1","CHEK1","GYS1"
"PSEN1","EIF2AK2","GYS1"
"PSEN1","STK3","GYS1"
"PSEN1","DOK1","GYS1"
"PSEN1","CDC25A","GYS1"
"PSEN1","MARK2","GYS1"
"PSEN1","PHLPP1","GYS1"
"PSEN1","CALM3","GYS1"
"PSEN1","YAP1","GYS1"
"PSEN1","DEF6","GYS1"
"PSEN1","CAMKK2","GYS1"
"PSEN1","PTPN7","GYS1"
"PSEN1","PDP1","GYS1"
"PSEN1","RPS6KA4","GYS1"
"PSEN1","HDAC3","GYS1"
"PSEN1","AXIN1","GYS1"
"PSEN1","PTPRR","GYS1"
"PSEN1","CDKN1B","GYS1"
"PSEN1","SKP2","GYS1"
"PSEN1","MAML1","GYS1"
"PSEN1","CDC25C","GYS1"
"PSEN1","WEE1","GYS1"
"PSEN1","CLASP2","GYS1"
"PSEN1","RHEB","GYS1"
"PSEN1","INPP5D","GYS1"
"PSEN1","TNFAIP1","GYS1"
"PSEN1","PHF8","GYS1"
"PSEN1","NF2","GYS1"
"PSEN1","MDC1","GYS1"
"PSEN1","MRE11","GYS1"
"PSEN1","FRAT1","GYS1"
"PSEN1","CBL","GYS1"
"PSEN1","RBBP8","GYS1"
"PSEN1","PCBP2","GYS1"
"PSEN1","SH2B3","GYS1"
"PSEN1","HDAC1","GYS1"
"PSEN1","GRB14","GYS1"
"PSEN1","PRKAR1A","GYS1"
"PSEN1","NOTCH2","GYS1"
"PSEN1","BAZ1B","GYS1"
"PSEN1","PLCG2","GYS1"
"PSEN1","STK3/4","G6PD"
"PSEN1","ACP1","G6PD"
"PSEN1","PTPN6","G6PD"
"PSEN1","STK4","G6PD"
"PSEN1","RPS6KB1","G6PD"
"PSEN1","CHEK1","G6PD"
"PSEN1","EIF2AK2","G6PD"
"PSEN1","STK3","G6PD"
"PSEN1","DOK1","G6PD"
"PSEN1","CDC25A","G6PD"
"PSEN1","MARK2","G6PD"
"PSEN1","PHLPP1","G6PD"
"PSEN1","CALM3","G6PD"
"PSEN1","YAP1","G6PD"
"PSEN1","DEF6","G6PD"
"PSEN1","CAMKK2","G6PD"
"PSEN1","PTPN7","G6PD"
"PSEN1","PDP1","G6PD"
"PSEN1","RPS6KA4","G6PD"
"PSEN1","HDAC3","G6PD"
"PSEN1","AXIN1","G6PD"
"PSEN1","PTPRR","G6PD"
"PSEN1","CDKN1B","G6PD"
"PSEN1","SKP2","G6PD"
"PSEN1","MAML1","G6PD"
"PSEN1","CDC25C","G6PD"
"PSEN1","WEE1","G6PD"
"PSEN1","CLASP2","G6PD"
"PSEN1","RHEB","G6PD"
"PSEN1","INPP5D","G6PD"
"PSEN1","TNFAIP1","G6PD"
"PSEN1","PHF8","G6PD"
"PSEN1","NF2","G6PD"
"PSEN1","MDC1","G6PD"
"PSEN1","MRE11","G6PD"
"PSEN1","FRAT1","G6PD"
"PSEN1","CBL","G6PD"
"PSEN1","RBBP8","G6PD"
"PSEN1","PCBP2","G6PD"
"PSEN1","SH2B3","G6PD"
"PSEN1","HDAC1","G6PD"
"PSEN1","GRB14","G6PD"
"PSEN1","PRKAR1A","G6PD"
"PSEN1","NOTCH2","G6PD"
"PSEN1","BAZ1B","G6PD"
"PSEN1","PLCG2","G6PD"
"PSEN1","STK3/4","HNRNPK"
"PSEN1","ACP1","HNRNPK"
"PSEN1","PTPN6","HNRNPK"
"PSEN1","STK4","HNRNPK"
"PSEN1","RPS6KB1","HNRNPK"
"PSEN1","CHEK1","HNRNPK"
"PSEN1","EIF2AK2","HNRNPK"
"PSEN1","STK3","HNRNPK"
"PSEN1","DOK1","HNRNPK"
"PSEN1","CDC25A","HNRNPK"
"PSEN1","MARK2","HNRNPK"
"PSEN1","PHLPP1","HNRNPK"
"PSEN1","CALM3","HNRNPK"
"PSEN1","YAP1","HNRNPK"
"PSEN1","DEF6","HNRNPK"
"PSEN1","CAMKK2","HNRNPK"
"PSEN1","PTPN7","HNRNPK"
"PSEN1","PDP1","HNRNPK"
"PSEN1","RPS6KA4","HNRNPK"
"PSEN1","HDAC3","HNRNPK"
"PSEN1","AXIN1","HNRNPK"
"PSEN1","PTPRR","HNRNPK"
"PSEN1","CDKN1B","HNRNPK"
"PSEN1","SKP2","HNRNPK"
"PSEN1","MAML1","HNRNPK"
"PSEN1","CDC25C","HNRNPK"
"PSEN1","WEE1","HNRNPK"
"PSEN1","CLASP2","HNRNPK"
"PSEN1","RHEB","HNRNPK"
"PSEN1","INPP5D","HNRNPK"
"PSEN1","TNFAIP1","HNRNPK"
"PSEN1","PHF8","HNRNPK"
"PSEN1","NF2","HNRNPK"
"PSEN1","MDC1","HNRNPK"
"PSEN1","MRE11","HNRNPK"
"PSEN1","FRAT1","HNRNPK"
"PSEN1","CBL","HNRNPK"
"PSEN1","RBBP8","HNRNPK"
"PSEN1","PCBP2","HNRNPK"
"PSEN1","SH2B3","HNRNPK"
"PSEN1","HDAC1","HNRNPK"
"PSEN1","GRB14","HNRNPK"
"PSEN1","PRKAR1A","HNRNPK"
"PSEN1","NOTCH2","HNRNPK"
"PSEN1","BAZ1B","HNRNPK"
"PSEN1","PLCG2","HNRNPK"
"PSEN1","STK3/4","RRN3"
"PSEN1","ACP1","RRN3"
"PSEN1","PTPN6","RRN3"
"PSEN1","STK4","RRN3"
"PSEN1","RPS6KB1","RRN3"
"PSEN1","CHEK1","RRN3"
"PSEN1","EIF2AK2","RRN3"
"PSEN1","STK3","RRN3"
"PSEN1","DOK1","RRN3"
"PSEN1","CDC25A","RRN3"
"PSEN1","MARK2","RRN3"
"PSEN1","PHLPP1","RRN3"
"PSEN1","CALM3","RRN3"
"PSEN1","YAP1","RRN3"
"PSEN1","DEF6","RRN3"
"PSEN1","CAMKK2","RRN3"
"PSEN1","PTPN7","RRN3"
"PSEN1","PDP1","RRN3"
"PSEN1","RPS6KA4","RRN3"
"PSEN1","HDAC3","RRN3"
"PSEN1","AXIN1","RRN3"
"PSEN1","PTPRR","RRN3"
"PSEN1","CDKN1B","RRN3"
"PSEN1","SKP2","RRN3"
"PSEN1","MAML1","RRN3"
"PSEN1","CDC25C","RRN3"
"PSEN1","WEE1","RRN3"
"PSEN1","CLASP2","RRN3"
"PSEN1","RHEB","RRN3"
"PSEN1","INPP5D","RRN3"
"PSEN1","TNFAIP1","RRN3"
"PSEN1","PHF8","RRN3"
"PSEN1","NF2","RRN3"
"PSEN1","MDC1","RRN3"
"PSEN1","MRE11","RRN3"
"PSEN1","FRAT1","RRN3"
"PSEN1","CBL","RRN3"
"PSEN1","RBBP8","RRN3"
"PSEN1","PCBP2","RRN3"
"PSEN1","SH2B3","RRN3"
"PSEN1","HDAC1","RRN3"
"PSEN1","GRB14","RRN3"
"PSEN1","PRKAR1A","RRN3"
"PSEN1","NOTCH2","RRN3"
"PSEN1","BAZ1B","RRN3"
"PSEN1","PLCG2","RRN3"
"PSEN1","STK3/4","MNX1"
"PSEN1","ACP1","MNX1"
"PSEN1","PTPN6","MNX1"
"PSEN1","STK4","MNX1"
"PSEN1","RPS6KB1","MNX1"
"PSEN1","CHEK1","MNX1"
"PSEN1","EIF2AK2","MNX1"
"PSEN1","STK3","MNX1"
"PSEN1","DOK1","MNX1"
"PSEN1","CDC25A","MNX1"
"PSEN1","MARK2","MNX1"
"PSEN1","PHLPP1","MNX1"
"PSEN1","CALM3","MNX1"
"PSEN1","YAP1","MNX1"
"PSEN1","DEF6","MNX1"
"PSEN1","CAMKK2","MNX1"
"PSEN1","PTPN7","MNX1"
"PSEN1","PDP1","MNX1"
"PSEN1","RPS6KA4","MNX1"
"PSEN1","HDAC3","MNX1"
"PSEN1","AXIN1","MNX1"
"PSEN1","PTPRR","MNX1"
"PSEN1","CDKN1B","MNX1"
"PSEN1","SKP2","MNX1"
"PSEN1","MAML1","MNX1"
"PSEN1","CDC25C","MNX1"
"PSEN1","WEE1","MNX1"
"PSEN1","CLASP2","MNX1"
"PSEN1","RHEB","MNX1"
"PSEN1","INPP5D","MNX1"
"PSEN1","TNFAIP1","MNX1"
"PSEN1","PHF8","MNX1"
"PSEN1","NF2","MNX1"
"PSEN1","MDC1","MNX1"
"PSEN1","MRE11","MNX1"
"PSEN1","FRAT1","MNX1"
"PSEN1","CBL","MNX1"
"PSEN1","RBBP8","MNX1"
"PSEN1","PCBP2","MNX1"
"PSEN1","SH2B3","MNX1"
"PSEN1","HDAC1","MNX1"
"PSEN1","GRB14","MNX1"
"PSEN1","PRKAR1A","MNX1"
"PSEN1","NOTCH2","MNX1"
"PSEN1","BAZ1B","MNX1"
"PSEN1","PLCG2","MNX1"
"PSEN1","STK3/4","PKD2"
"PSEN1","ACP1","PKD2"
"PSEN1","PTPN6","PKD2"
"PSEN1","STK4","PKD2"
"PSEN1","RPS6KB1","PKD2"
"PSEN1","CHEK1","PKD2"
"PSEN1","EIF2AK2","PKD2"
"PSEN1","STK3","PKD2"
"PSEN1","DOK1","PKD2"
"PSEN1","CDC25A","PKD2"
"PSEN1","MARK2","PKD2"
"PSEN1","PHLPP1","PKD2"
"PSEN1","CALM3","PKD2"
"PSEN1","YAP1","PKD2"
"PSEN1","DEF6","PKD2"
"PSEN1","CAMKK2","PKD2"
"PSEN1","PTPN7","PKD2"
"PSEN1","PDP1","PKD2"
"PSEN1","RPS6KA4","PKD2"
"PSEN1","HDAC3","PKD2"
"PSEN1","AXIN1","PKD2"
"PSEN1","PTPRR","PKD2"
"PSEN1","CDKN1B","PKD2"
"PSEN1","SKP2","PKD2"
"PSEN1","MAML1","PKD2"
"PSEN1","CDC25C","PKD2"
"PSEN1","WEE1","PKD2"
"PSEN1","CLASP2","PKD2"
"PSEN1","RHEB","PKD2"
"PSEN1","INPP5D","PKD2"
"PSEN1","TNFAIP1","PKD2"
"PSEN1","PHF8","PKD2"
"PSEN1","NF2","PKD2"
"PSEN1","MDC1","PKD2"
"PSEN1","MRE11","PKD2"
"PSEN1","FRAT1","PKD2"
"PSEN1","CBL","PKD2"
"PSEN1","RBBP8","PKD2"
"PSEN1","PCBP2","PKD2"
"PSEN1","SH2B3","PKD2"
"PSEN1","HDAC1","PKD2"
"PSEN1","GRB14","PKD2"
"PSEN1","PRKAR1A","PKD2"
"PSEN1","NOTCH2","PKD2"
"PSEN1","BAZ1B","PKD2"
"PSEN1","PLCG2","PKD2"
"PSEN1","STK3/4","SCN2A"
"PSEN1","ACP1","SCN2A"
"PSEN1","PTPN6","SCN2A"
"PSEN1","STK4","SCN2A"
"PSEN1","RPS6KB1","SCN2A"
"PSEN1","CHEK1","SCN2A"
"PSEN1","EIF2AK2","SCN2A"
"PSEN1","STK3","SCN2A"
"PSEN1","DOK1","SCN2A"
"PSEN1","CDC25A","SCN2A"
"PSEN1","MARK2","SCN2A"
"PSEN1","PHLPP1","SCN2A"
"PSEN1","CALM3","SCN2A"
"PSEN1","YAP1","SCN2A"
"PSEN1","DEF6","SCN2A"
"PSEN1","CAMKK2","SCN2A"
"PSEN1","PTPN7","SCN2A"
"PSEN1","PDP1","SCN2A"
"PSEN1","RPS6KA4","SCN2A"
"PSEN1","HDAC3","SCN2A"
"PSEN1","AXIN1","SCN2A"
"PSEN1","PTPRR","SCN2A"
"PSEN1","CDKN1B","SCN2A"
"PSEN1","SKP2","SCN2A"
"PSEN1","MAML1","SCN2A"
"PSEN1","CDC25C","SCN2A"
"PSEN1","WEE1","SCN2A"
"PSEN1","CLASP2","SCN2A"
"PSEN1","RHEB","SCN2A"
"PSEN1","INPP5D","SCN2A"
"PSEN1","TNFAIP1","SCN2A"
"PSEN1","PHF8","SCN2A"
"PSEN1","NF2","SCN2A"
"PSEN1","MDC1","SCN2A"
"PSEN1","MRE11","SCN2A"
"PSEN1","FRAT1","SCN2A"
"PSEN1","CBL","SCN2A"
"PSEN1","RBBP8","SCN2A"
"PSEN1","PCBP2","SCN2A"
"PSEN1","SH2B3","SCN2A"
"PSEN1","HDAC1","SCN2A"
"PSEN1","GRB14","SCN2A"
"PSEN1","PRKAR1A","SCN2A"
"PSEN1","NOTCH2","SCN2A"
"PSEN1","BAZ1B","SCN2A"
"PSEN1","PLCG2","SCN2A"
"PSEN1","STK3/4","PAPOLA"
"PSEN1","ACP1","PAPOLA"
"PSEN1","PTPN6","PAPOLA"
"PSEN1","STK4","PAPOLA"
"PSEN1","RPS6KB1","PAPOLA"
"PSEN1","CHEK1","PAPOLA"
"PSEN1","EIF2AK2","PAPOLA"
"PSEN1","STK3","PAPOLA"
"PSEN1","DOK1","PAPOLA"
"PSEN1","CDC25A","PAPOLA"
"PSEN1","MARK2","PAPOLA"
"PSEN1","PHLPP1","PAPOLA"
"PSEN1","CALM3","PAPOLA"
"PSEN1","YAP1","PAPOLA"
"PSEN1","DEF6","PAPOLA"
"PSEN1","CAMKK2","PAPOLA"
"PSEN1","PTPN7","PAPOLA"
"PSEN1","PDP1","PAPOLA"
"PSEN1","RPS6KA4","PAPOLA"
"PSEN1","HDAC3","PAPOLA"
"PSEN1","AXIN1","PAPOLA"
"PSEN1","PTPRR","PAPOLA"
"PSEN1","CDKN1B","PAPOLA"
"PSEN1","SKP2","PAPOLA"
"PSEN1","MAML1","PAPOLA"
"PSEN1","CDC25C","PAPOLA"
"PSEN1","WEE1","PAPOLA"
"PSEN1","CLASP2","PAPOLA"
"PSEN1","RHEB","PAPOLA"
"PSEN1","INPP5D","PAPOLA"
"PSEN1","TNFAIP1","PAPOLA"
"PSEN1","PHF8","PAPOLA"
"PSEN1","NF2","PAPOLA"
"PSEN1","MDC1","PAPOLA"
"PSEN1","MRE11","PAPOLA"
"PSEN1","FRAT1","PAPOLA"
"PSEN1","CBL","PAPOLA"
"PSEN1","RBBP8","PAPOLA"
"PSEN1","PCBP2","PAPOLA"
"PSEN1","SH2B3","PAPOLA"
"PSEN1","HDAC1","PAPOLA"
"PSEN1","GRB14","PAPOLA"
"PSEN1","PRKAR1A","PAPOLA"
"PSEN1","NOTCH2","PAPOLA"
"PSEN1","BAZ1B","PAPOLA"
"PSEN1","PLCG2","PAPOLA"
"PSEN1","STK3/4","ORC2"
"PSEN1","ACP1","ORC2"
"PSEN1","PTPN6","ORC2"
"PSEN1","STK4","ORC2"
"PSEN1","RPS6KB1","ORC2"
"PSEN1","CHEK1","ORC2"
"PSEN1","EIF2AK2","ORC2"
"PSEN1","STK3","ORC2"
"PSEN1","DOK1","ORC2"
"PSEN1","CDC25A","ORC2"
"PSEN1","MARK2","ORC2"
"PSEN1","PHLPP1","ORC2"
"PSEN1","CALM3","ORC2"
"PSEN1","YAP1","ORC2"
"PSEN1","DEF6","ORC2"
"PSEN1","CAMKK2","ORC2"
"PSEN1","PTPN7","ORC2"
"PSEN1","PDP1","ORC2"
"PSEN1","RPS6KA4","ORC2"
"PSEN1","HDAC3","ORC2"
"PSEN1","AXIN1","ORC2"
"PSEN1","PTPRR","ORC2"
"PSEN1","CDKN1B","ORC2"
"PSEN1","SKP2","ORC2"
"PSEN1","MAML1","ORC2"
"PSEN1","CDC25C","ORC2"
"PSEN1","WEE1","ORC2"
"PSEN1","CLASP2","ORC2"
"PSEN1","RHEB","ORC2"
"PSEN1","INPP5D","ORC2"
"PSEN1","TNFAIP1","ORC2"
"PSEN1","PHF8","ORC2"
"PSEN1","NF2","ORC2"
"PSEN1","MDC1","ORC2"
"PSEN1","MRE11","ORC2"
"PSEN1","FRAT1","ORC2"
"PSEN1","CBL","ORC2"
"PSEN1","RBBP8","ORC2"
"PSEN1","PCBP2","ORC2"
"PSEN1","SH2B3","ORC2"
"PSEN1","HDAC1","ORC2"
"PSEN1","GRB14","ORC2"
"PSEN1","PRKAR1A","ORC2"
"PSEN1","NOTCH2","ORC2"
"PSEN1","BAZ1B","ORC2"
"PSEN1","PLCG2","ORC2"
"PSEN1","STK3/4","EIF2B5"
"PSEN1","ACP1","EIF2B5"
"PSEN1","PTPN6","EIF2B5"
"PSEN1","STK4","EIF2B5"
"PSEN1","RPS6KB1","EIF2B5"
"PSEN1","CHEK1","EIF2B5"
"PSEN1","EIF2AK2","EIF2B5"
"PSEN1","STK3","EIF2B5"
"PSEN1","DOK1","EIF2B5"
"PSEN1","CDC25A","EIF2B5"
"PSEN1","MARK2","EIF2B5"
"PSEN1","PHLPP1","EIF2B5"
"PSEN1","CALM3","EIF2B5"
"PSEN1","YAP1","EIF2B5"
"PSEN1","DEF6","EIF2B5"
"PSEN1","CAMKK2","EIF2B5"
"PSEN1","PTPN7","EIF2B5"
"PSEN1","PDP1","EIF2B5"
"PSEN1","RPS6KA4","EIF2B5"
"PSEN1","HDAC3","EIF2B5"
"PSEN1","AXIN1","EIF2B5"
"PSEN1","PTPRR","EIF2B5"
"PSEN1","CDKN1B","EIF2B5"
"PSEN1","SKP2","EIF2B5"
"PSEN1","MAML1","EIF2B5"
"PSEN1","CDC25C","EIF2B5"
"PSEN1","WEE1","EIF2B5"
"PSEN1","CLASP2","EIF2B5"
"PSEN1","RHEB","EIF2B5"
"PSEN1","INPP5D","EIF2B5"
"PSEN1","TNFAIP1","EIF2B5"
"PSEN1","PHF8","EIF2B5"
"PSEN1","NF2","EIF2B5"
"PSEN1","MDC1","EIF2B5"
"PSEN1","MRE11","EIF2B5"
"PSEN1","FRAT1","EIF2B5"
"PSEN1","CBL","EIF2B5"
"PSEN1","RBBP8","EIF2B5"
"PSEN1","PCBP2","EIF2B5"
"PSEN1","SH2B3","EIF2B5"
"PSEN1","HDAC1","EIF2B5"
"PSEN1","GRB14","EIF2B5"
"PSEN1","PRKAR1A","EIF2B5"
"PSEN1","NOTCH2","EIF2B5"
"PSEN1","BAZ1B","EIF2B5"
"PSEN1","PLCG2","EIF2B5"
"PSEN1","STK3/4","ELAVL1"
"PSEN1","ACP1","ELAVL1"
"PSEN1","PTPN6","ELAVL1"
"PSEN1","STK4","ELAVL1"
"PSEN1","RPS6KB1","ELAVL1"
"PSEN1","CHEK1","ELAVL1"
"PSEN1","EIF2AK2","ELAVL1"
"PSEN1","STK3","ELAVL1"
"PSEN1","DOK1","ELAVL1"
"PSEN1","CDC25A","ELAVL1"
"PSEN1","MARK2","ELAVL1"
"PSEN1","PHLPP1","ELAVL1"
"PSEN1","CALM3","ELAVL1"
"PSEN1","YAP1","ELAVL1"
"PSEN1","DEF6","ELAVL1"
"PSEN1","CAMKK2","ELAVL1"
"PSEN1","PTPN7","ELAVL1"
"PSEN1","PDP1","ELAVL1"
"PSEN1","RPS6KA4","ELAVL1"
"PSEN1","HDAC3","ELAVL1"
"PSEN1","AXIN1","ELAVL1"
"PSEN1","PTPRR","ELAVL1"
"PSEN1","CDKN1B","ELAVL1"
"PSEN1","SKP2","ELAVL1"
"PSEN1","MAML1","ELAVL1"
"PSEN1","CDC25C","ELAVL1"
"PSEN1","WEE1","ELAVL1"
"PSEN1","CLASP2","ELAVL1"
"PSEN1","RHEB","ELAVL1"
"PSEN1","INPP5D","ELAVL1"
"PSEN1","TNFAIP1","ELAVL1"
"PSEN1","PHF8","ELAVL1"
"PSEN1","NF2","ELAVL1"
"PSEN1","MDC1","ELAVL1"
"PSEN1","MRE11","ELAVL1"
"PSEN1","FRAT1","ELAVL1"
"PSEN1","CBL","ELAVL1"
"PSEN1","RBBP8","ELAVL1"
"PSEN1","PCBP2","ELAVL1"
"PSEN1","SH2B3","ELAVL1"
"PSEN1","HDAC1","ELAVL1"
"PSEN1","GRB14","ELAVL1"
"PSEN1","PRKAR1A","ELAVL1"
"PSEN1","NOTCH2","ELAVL1"
"PSEN1","BAZ1B","ELAVL1"
"PSEN1","PLCG2","ELAVL1"
"PSEN1","STK3/4","LIPE"
"PSEN1","ACP1","LIPE"
"PSEN1","PTPN6","LIPE"
"PSEN1","STK4","LIPE"
"PSEN1","RPS6KB1","LIPE"
"PSEN1","CHEK1","LIPE"
"PSEN1","EIF2AK2","LIPE"
"PSEN1","STK3","LIPE"
"PSEN1","DOK1","LIPE"
"PSEN1","CDC25A","LIPE"
"PSEN1","MARK2","LIPE"
"PSEN1","PHLPP1","LIPE"
"PSEN1","CALM3","LIPE"
"PSEN1","YAP1","LIPE"
"PSEN1","DEF6","LIPE"
"PSEN1","CAMKK2","LIPE"
"PSEN1","PTPN7","LIPE"
"PSEN1","PDP1","LIPE"
"PSEN1","RPS6KA4","LIPE"
"PSEN1","HDAC3","LIPE"
"PSEN1","AXIN1","LIPE"
"PSEN1","PTPRR","LIPE"
"PSEN1","CDKN1B","LIPE"
"PSEN1","SKP2","LIPE"
"PSEN1","MAML1","LIPE"
"PSEN1","CDC25C","LIPE"
"PSEN1","WEE1","LIPE"
"PSEN1","CLASP2","LIPE"
"PSEN1","RHEB","LIPE"
"PSEN1","INPP5D","LIPE"
"PSEN1","TNFAIP1","LIPE"
"PSEN1","PHF8","LIPE"
"PSEN1","NF2","LIPE"
"PSEN1","MDC1","LIPE"
"PSEN1","MRE11","LIPE"
"PSEN1","FRAT1","LIPE"
"PSEN1","CBL","LIPE"
"PSEN1","RBBP8","LIPE"
"PSEN1","PCBP2","LIPE"
"PSEN1","SH2B3","LIPE"
"PSEN1","HDAC1","LIPE"
"PSEN1","GRB14","LIPE"
"PSEN1","PRKAR1A","LIPE"
"PSEN1","NOTCH2","LIPE"
"PSEN1","BAZ1B","LIPE"
"PSEN1","PLCG2","LIPE"
"PSEN1","STK3/4","EIF5"
"PSEN1","ACP1","EIF5"
"PSEN1","PTPN6","EIF5"
"PSEN1","STK4","EIF5"
"PSEN1","RPS6KB1","EIF5"
"PSEN1","CHEK1","EIF5"
"PSEN1","EIF2AK2","EIF5"
"PSEN1","STK3","EIF5"
"PSEN1","DOK1","EIF5"
"PSEN1","CDC25A","EIF5"
"PSEN1","MARK2","EIF5"
"PSEN1","PHLPP1","EIF5"
"PSEN1","CALM3","EIF5"
"PSEN1","YAP1","EIF5"
"PSEN1","DEF6","EIF5"
"PSEN1","CAMKK2","EIF5"
"PSEN1","PTPN7","EIF5"
"PSEN1","PDP1","EIF5"
"PSEN1","RPS6KA4","EIF5"
"PSEN1","HDAC3","EIF5"
"PSEN1","AXIN1","EIF5"
"PSEN1","PTPRR","EIF5"
"PSEN1","CDKN1B","EIF5"
"PSEN1","SKP2","EIF5"
"PSEN1","MAML1","EIF5"
"PSEN1","CDC25C","EIF5"
"PSEN1","WEE1","EIF5"
"PSEN1","CLASP2","EIF5"
"PSEN1","RHEB","EIF5"
"PSEN1","INPP5D","EIF5"
"PSEN1","TNFAIP1","EIF5"
"PSEN1","PHF8","EIF5"
"PSEN1","NF2","EIF5"
"PSEN1","MDC1","EIF5"
"PSEN1","MRE11","EIF5"
"PSEN1","FRAT1","EIF5"
"PSEN1","CBL","EIF5"
"PSEN1","RBBP8","EIF5"
"PSEN1","PCBP2","EIF5"
"PSEN1","SH2B3","EIF5"
"PSEN1","HDAC1","EIF5"
"PSEN1","GRB14","EIF5"
"PSEN1","PRKAR1A","EIF5"
"PSEN1","NOTCH2","EIF5"
"PSEN1","BAZ1B","EIF5"
"PSEN1","PLCG2","EIF5"
"PSEN1","STK3/4","IGFBP3"
"PSEN1","ACP1","IGFBP3"
"PSEN1","PTPN6","IGFBP3"
"PSEN1","STK4","IGFBP3"
"PSEN1","RPS6KB1","IGFBP3"
"PSEN1","CHEK1","IGFBP3"
"PSEN1","EIF2AK2","IGFBP3"
"PSEN1","STK3","IGFBP3"
"PSEN1","DOK1","IGFBP3"
"PSEN1","CDC25A","IGFBP3"
"PSEN1","MARK2","IGFBP3"
"PSEN1","PHLPP1","IGFBP3"
"PSEN1","CALM3","IGFBP3"
"PSEN1","YAP1","IGFBP3"
"PSEN1","DEF6","IGFBP3"
"PSEN1","CAMKK2","IGFBP3"
"PSEN1","PTPN7","IGFBP3"
"PSEN1","PDP1","IGFBP3"
"PSEN1","RPS6KA4","IGFBP3"
"PSEN1","HDAC3","IGFBP3"
"PSEN1","AXIN1","IGFBP3"
"PSEN1","PTPRR","IGFBP3"
"PSEN1","CDKN1B","IGFBP3"
"PSEN1","SKP2","IGFBP3"
"PSEN1","MAML1","IGFBP3"
"PSEN1","CDC25C","IGFBP3"
"PSEN1","WEE1","IGFBP3"
"PSEN1","CLASP2","IGFBP3"
"PSEN1","RHEB","IGFBP3"
"PSEN1","INPP5D","IGFBP3"
"PSEN1","TNFAIP1","IGFBP3"
"PSEN1","PHF8","IGFBP3"
"PSEN1","NF2","IGFBP3"
"PSEN1","MDC1","IGFBP3"
"PSEN1","MRE11","IGFBP3"
"PSEN1","FRAT1","IGFBP3"
"PSEN1","CBL","IGFBP3"
"PSEN1","RBBP8","IGFBP3"
"PSEN1","PCBP2","IGFBP3"
"PSEN1","SH2B3","IGFBP3"
"PSEN1","HDAC1","IGFBP3"
"PSEN1","GRB14","IGFBP3"
"PSEN1","PRKAR1A","IGFBP3"
"PSEN1","NOTCH2","IGFBP3"
"PSEN1","BAZ1B","IGFBP3"
"PSEN1","PLCG2","IGFBP3"
"PSEN1","STK3/4","STAT5B"
"PSEN1","ACP1","STAT5B"
"PSEN1","PTPN6","STAT5B"
"PSEN1","STK4","STAT5B"
"PSEN1","RPS6KB1","STAT5B"
"PSEN1","CHEK1","STAT5B"
"PSEN1","EIF2AK2","STAT5B"
"PSEN1","STK3","STAT5B"
"PSEN1","DOK1","STAT5B"
"PSEN1","CDC25A","STAT5B"
"PSEN1","MARK2","STAT5B"
"PSEN1","PHLPP1","STAT5B"
"PSEN1","CALM3","STAT5B"
"PSEN1","YAP1","STAT5B"
"PSEN1","DEF6","STAT5B"
"PSEN1","CAMKK2","STAT5B"
"PSEN1","PTPN7","STAT5B"
"PSEN1","PDP1","STAT5B"
"PSEN1","RPS6KA4","STAT5B"
"PSEN1","HDAC3","STAT5B"
"PSEN1","AXIN1","STAT5B"
"PSEN1","PTPRR","STAT5B"
"PSEN1","CDKN1B","STAT5B"
"PSEN1","SKP2","STAT5B"
"PSEN1","MAML1","STAT5B"
"PSEN1","CDC25C","STAT5B"
"PSEN1","WEE1","STAT5B"
"PSEN1","CLASP2","STAT5B"
"PSEN1","RHEB","STAT5B"
"PSEN1","INPP5D","STAT5B"
"PSEN1","TNFAIP1","STAT5B"
"PSEN1","PHF8","STAT5B"
"PSEN1","NF2","STAT5B"
"PSEN1","MDC1","STAT5B"
"PSEN1","MRE11","STAT5B"
"PSEN1","FRAT1","STAT5B"
"PSEN1","CBL","STAT5B"
"PSEN1","RBBP8","STAT5B"
"PSEN1","PCBP2","STAT5B"
"PSEN1","SH2B3","STAT5B"
"PSEN1","HDAC1","STAT5B"
"PSEN1","GRB14","STAT5B"
"PSEN1","PRKAR1A","STAT5B"
"PSEN1","NOTCH2","STAT5B"
"PSEN1","BAZ1B","STAT5B"
"PSEN1","PLCG2","STAT5B"
"PSEN1","STK3/4","AGO2"
"PSEN1","ACP1","AGO2"
"PSEN1","PTPN6","AGO2"
"PSEN1","STK4","AGO2"
"PSEN1","RPS6KB1","AGO2"
"PSEN1","CHEK1","AGO2"
"PSEN1","EIF2AK2","AGO2"
"PSEN1","STK3","AGO2"
"PSEN1","DOK1","AGO2"
"PSEN1","CDC25A","AGO2"
"PSEN1","MARK2","AGO2"
"PSEN1","PHLPP1","AGO2"
"PSEN1","CALM3","AGO2"
"PSEN1","YAP1","AGO2"
"PSEN1","DEF6","AGO2"
"PSEN1","CAMKK2","AGO2"
"PSEN1","PTPN7","AGO2"
"PSEN1","PDP1","AGO2"
"PSEN1","RPS6KA4","AGO2"
"PSEN1","HDAC3","AGO2"
"PSEN1","AXIN1","AGO2"
"PSEN1","PTPRR","AGO2"
"PSEN1","CDKN1B","AGO2"
"PSEN1","SKP2","AGO2"
"PSEN1","MAML1","AGO2"
"PSEN1","CDC25C","AGO2"
"PSEN1","WEE1","AGO2"
"PSEN1","CLASP2","AGO2"
"PSEN1","RHEB","AGO2"
"PSEN1","INPP5D","AGO2"
"PSEN1","TNFAIP1","AGO2"
"PSEN1","PHF8","AGO2"
"PSEN1","NF2","AGO2"
"PSEN1","MDC1","AGO2"
"PSEN1","MRE11","AGO2"
"PSEN1","FRAT1","AGO2"
"PSEN1","CBL","AGO2"
"PSEN1","RBBP8","AGO2"
"PSEN1","PCBP2","AGO2"
"PSEN1","SH2B3","AGO2"
"PSEN1","HDAC1","AGO2"
"PSEN1","GRB14","AGO2"
"PSEN1","PRKAR1A","AGO2"
"PSEN1","NOTCH2","AGO2"
"PSEN1","BAZ1B","AGO2"
"PSEN1","PLCG2","AGO2"
"PSEN1","STK3/4","IL16"
"PSEN1","ACP1","IL16"
"PSEN1","PTPN6","IL16"
"PSEN1","STK4","IL16"
"PSEN1","RPS6KB1","IL16"
"PSEN1","CHEK1","IL16"
"PSEN1","EIF2AK2","IL16"
"PSEN1","STK3","IL16"
"PSEN1","DOK1","IL16"
"PSEN1","CDC25A","IL16"
"PSEN1","MARK2","IL16"
"PSEN1","PHLPP1","IL16"
"PSEN1","CALM3","IL16"
"PSEN1","YAP1","IL16"
"PSEN1","DEF6","IL16"
"PSEN1","CAMKK2","IL16"
"PSEN1","PTPN7","IL16"
"PSEN1","PDP1","IL16"
"PSEN1","RPS6KA4","IL16"
"PSEN1","HDAC3","IL16"
"PSEN1","AXIN1","IL16"
"PSEN1","PTPRR","IL16"
"PSEN1","CDKN1B","IL16"
"PSEN1","SKP2","IL16"
"PSEN1","MAML1","IL16"
"PSEN1","CDC25C","IL16"
"PSEN1","WEE1","IL16"
"PSEN1","CLASP2","IL16"
"PSEN1","RHEB","IL16"
"PSEN1","INPP5D","IL16"
"PSEN1","TNFAIP1","IL16"
"PSEN1","PHF8","IL16"
"PSEN1","NF2","IL16"
"PSEN1","MDC1","IL16"
"PSEN1","MRE11","IL16"
"PSEN1","FRAT1","IL16"
"PSEN1","CBL","IL16"
"PSEN1","RBBP8","IL16"
"PSEN1","PCBP2","IL16"
"PSEN1","SH2B3","IL16"
"PSEN1","HDAC1","IL16"
"PSEN1","GRB14","IL16"
"PSEN1","PRKAR1A","IL16"
"PSEN1","NOTCH2","IL16"
"PSEN1","BAZ1B","IL16"
"PSEN1","PLCG2","IL16"
"PSEN1","STK3/4","CCR4-NOT complex"
"PSEN1","ACP1","CCR4-NOT complex"
"PSEN1","PTPN6","CCR4-NOT complex"
"PSEN1","STK4","CCR4-NOT complex"
"PSEN1","RPS6KB1","CCR4-NOT complex"
"PSEN1","CHEK1","CCR4-NOT complex"
"PSEN1","EIF2AK2","CCR4-NOT complex"
"PSEN1","STK3","CCR4-NOT complex"
"PSEN1","DOK1","CCR4-NOT complex"
"PSEN1","CDC25A","CCR4-NOT complex"
"PSEN1","MARK2","CCR4-NOT complex"
"PSEN1","PHLPP1","CCR4-NOT complex"
"PSEN1","CALM3","CCR4-NOT complex"
"PSEN1","YAP1","CCR4-NOT complex"
"PSEN1","DEF6","CCR4-NOT complex"
"PSEN1","CAMKK2","CCR4-NOT complex"
"PSEN1","PTPN7","CCR4-NOT complex"
"PSEN1","PDP1","CCR4-NOT complex"
"PSEN1","RPS6KA4","CCR4-NOT complex"
"PSEN1","HDAC3","CCR4-NOT complex"
"PSEN1","AXIN1","CCR4-NOT complex"
"PSEN1","PTPRR","CCR4-NOT complex"
"PSEN1","CDKN1B","CCR4-NOT complex"
"PSEN1","SKP2","CCR4-NOT complex"
"PSEN1","MAML1","CCR4-NOT complex"
"PSEN1","CDC25C","CCR4-NOT complex"
"PSEN1","WEE1","CCR4-NOT complex"
"PSEN1","CLASP2","CCR4-NOT complex"
"PSEN1","RHEB","CCR4-NOT complex"
"PSEN1","INPP5D","CCR4-NOT complex"
"PSEN1","TNFAIP1","CCR4-NOT complex"
"PSEN1","PHF8","CCR4-NOT complex"
"PSEN1","NF2","CCR4-NOT complex"
"PSEN1","MDC1","CCR4-NOT complex"
"PSEN1","MRE11","CCR4-NOT complex"
"PSEN1","FRAT1","CCR4-NOT complex"
"PSEN1","CBL","CCR4-NOT complex"
"PSEN1","RBBP8","CCR4-NOT complex"
"PSEN1","PCBP2","CCR4-NOT complex"
"PSEN1","SH2B3","CCR4-NOT complex"
"PSEN1","HDAC1","CCR4-NOT complex"
"PSEN1","GRB14","CCR4-NOT complex"
"PSEN1","PRKAR1A","CCR4-NOT complex"
"PSEN1","NOTCH2","CCR4-NOT complex"
"PSEN1","BAZ1B","CCR4-NOT complex"
"PSEN1","PLCG2","CCR4-NOT complex"
"PSEN1","STK3/4","CD5"
"PSEN1","ACP1","CD5"
"PSEN1","PTPN6","CD5"
"PSEN1","STK4","CD5"
"PSEN1","RPS6KB1","CD5"
"PSEN1","CHEK1","CD5"
"PSEN1","EIF2AK2","CD5"
"PSEN1","STK3","CD5"
"PSEN1","DOK1","CD5"
"PSEN1","CDC25A","CD5"
"PSEN1","MARK2","CD5"
"PSEN1","PHLPP1","CD5"
"PSEN1","CALM3","CD5"
"PSEN1","YAP1","CD5"
"PSEN1","DEF6","CD5"
"PSEN1","CAMKK2","CD5"
"PSEN1","PTPN7","CD5"
"PSEN1","PDP1","CD5"
"PSEN1","RPS6KA4","CD5"
"PSEN1","HDAC3","CD5"
"PSEN1","AXIN1","CD5"
"PSEN1","PTPRR","CD5"
"PSEN1","CDKN1B","CD5"
"PSEN1","SKP2","CD5"
"PSEN1","MAML1","CD5"
"PSEN1","CDC25C","CD5"
"PSEN1","WEE1","CD5"
"PSEN1","CLASP2","CD5"
"PSEN1","RHEB","CD5"
"PSEN1","INPP5D","CD5"
"PSEN1","TNFAIP1","CD5"
"PSEN1","PHF8","CD5"
"PSEN1","NF2","CD5"
"PSEN1","MDC1","CD5"
"PSEN1","MRE11","CD5"
"PSEN1","FRAT1","CD5"
"PSEN1","CBL","CD5"
"PSEN1","RBBP8","CD5"
"PSEN1","PCBP2","CD5"
"PSEN1","SH2B3","CD5"
"PSEN1","HDAC1","CD5"
"PSEN1","GRB14","CD5"
"PSEN1","PRKAR1A","CD5"
"PSEN1","NOTCH2","CD5"
"PSEN1","BAZ1B","CD5"
"PSEN1","PLCG2","CD5"
"PSEN1","STK3/4","APEX1"
"PSEN1","ACP1","APEX1"
"PSEN1","PTPN6","APEX1"
"PSEN1","STK4","APEX1"
"PSEN1","RPS6KB1","APEX1"
"PSEN1","CHEK1","APEX1"
"PSEN1","EIF2AK2","APEX1"
"PSEN1","STK3","APEX1"
"PSEN1","DOK1","APEX1"
"PSEN1","CDC25A","APEX1"
"PSEN1","MARK2","APEX1"
"PSEN1","PHLPP1","APEX1"
"PSEN1","CALM3","APEX1"
"PSEN1","YAP1","APEX1"
"PSEN1","DEF6","APEX1"
"PSEN1","CAMKK2","APEX1"
"PSEN1","PTPN7","APEX1"
"PSEN1","PDP1","APEX1"
"PSEN1","RPS6KA4","APEX1"
"PSEN1","HDAC3","APEX1"
"PSEN1","AXIN1","APEX1"
"PSEN1","PTPRR","APEX1"
"PSEN1","CDKN1B","APEX1"
"PSEN1","SKP2","APEX1"
"PSEN1","MAML1","APEX1"
"PSEN1","CDC25C","APEX1"
"PSEN1","WEE1","APEX1"
"PSEN1","CLASP2","APEX1"
"PSEN1","RHEB","APEX1"
"PSEN1","INPP5D","APEX1"
"PSEN1","TNFAIP1","APEX1"
"PSEN1","PHF8","APEX1"
"PSEN1","NF2","APEX1"
"PSEN1","MDC1","APEX1"
"PSEN1","MRE11","APEX1"
"PSEN1","FRAT1","APEX1"
"PSEN1","CBL","APEX1"
"PSEN1","RBBP8","APEX1"
"PSEN1","PCBP2","APEX1"
"PSEN1","SH2B3","APEX1"
"PSEN1","HDAC1","APEX1"
"PSEN1","GRB14","APEX1"
"PSEN1","PRKAR1A","APEX1"
"PSEN1","NOTCH2","APEX1"
"PSEN1","BAZ1B","APEX1"
"PSEN1","PLCG2","APEX1"
"PSEN1","STK3/4","POLA1"
"PSEN1","ACP1","POLA1"
"PSEN1","PTPN6","POLA1"
"PSEN1","STK4","POLA1"
"PSEN1","RPS6KB1","POLA1"
"PSEN1","CHEK1","POLA1"
"PSEN1","EIF2AK2","POLA1"
"PSEN1","STK3","POLA1"
"PSEN1","DOK1","POLA1"
"PSEN1","CDC25A","POLA1"
"PSEN1","MARK2","POLA1"
"PSEN1","PHLPP1","POLA1"
"PSEN1","CALM3","POLA1"
"PSEN1","YAP1","POLA1"
"PSEN1","DEF6","POLA1"
"PSEN1","CAMKK2","POLA1"
"PSEN1","PTPN7","POLA1"
"PSEN1","PDP1","POLA1"
"PSEN1","RPS6KA4","POLA1"
"PSEN1","HDAC3","POLA1"
"PSEN1","AXIN1","POLA1"
"PSEN1","PTPRR","POLA1"
"PSEN1","CDKN1B","POLA1"
"PSEN1","SKP2","POLA1"
"PSEN1","MAML1","POLA1"
"PSEN1","CDC25C","POLA1"
"PSEN1","WEE1","POLA1"
"PSEN1","CLASP2","POLA1"
"PSEN1","RHEB","POLA1"
"PSEN1","INPP5D","POLA1"
"PSEN1","TNFAIP1","POLA1"
"PSEN1","PHF8","POLA1"
"PSEN1","NF2","POLA1"
"PSEN1","MDC1","POLA1"
"PSEN1","MRE11","POLA1"
"PSEN1","FRAT1","POLA1"
"PSEN1","CBL","POLA1"
"PSEN1","RBBP8","POLA1"
"PSEN1","PCBP2","POLA1"
"PSEN1","SH2B3","POLA1"
"PSEN1","HDAC1","POLA1"
"PSEN1","GRB14","POLA1"
"PSEN1","PRKAR1A","POLA1"
"PSEN1","NOTCH2","POLA1"
"PSEN1","BAZ1B","POLA1"
"PSEN1","PLCG2","POLA1"
"PSEN1","STK3/4","JUND"
"PSEN1","ACP1","JUND"
"PSEN1","PTPN6","JUND"
"PSEN1","STK4","JUND"
"PSEN1","RPS6KB1","JUND"
"PSEN1","CHEK1","JUND"
"PSEN1","EIF2AK2","JUND"
"PSEN1","STK3","JUND"
"PSEN1","DOK1","JUND"
"PSEN1","CDC25A","JUND"
"PSEN1","MARK2","JUND"
"PSEN1","PHLPP1","JUND"
"PSEN1","CALM3","JUND"
"PSEN1","YAP1","JUND"
"PSEN1","DEF6","JUND"
"PSEN1","CAMKK2","JUND"
"PSEN1","PTPN7","JUND"
"PSEN1","PDP1","JUND"
"PSEN1","RPS6KA4","JUND"
"PSEN1","HDAC3","JUND"
"PSEN1","AXIN1","JUND"
"PSEN1","PTPRR","JUND"
"PSEN1","CDKN1B","JUND"
"PSEN1","SKP2","JUND"
"PSEN1","MAML1","JUND"
"PSEN1","CDC25C","JUND"
"PSEN1","WEE1","JUND"
"PSEN1","CLASP2","JUND"
"PSEN1","RHEB","JUND"
"PSEN1","INPP5D","JUND"
"PSEN1","TNFAIP1","JUND"
"PSEN1","PHF8","JUND"
"PSEN1","NF2","JUND"
"PSEN1","MDC1","JUND"
"PSEN1","MRE11","JUND"
"PSEN1","FRAT1","JUND"
"PSEN1","CBL","JUND"
"PSEN1","RBBP8","JUND"
"PSEN1","PCBP2","JUND"
"PSEN1","SH2B3","JUND"
"PSEN1","HDAC1","JUND"
"PSEN1","GRB14","JUND"
"PSEN1","PRKAR1A","JUND"
"PSEN1","NOTCH2","JUND"
"PSEN1","BAZ1B","JUND"
"PSEN1","PLCG2","JUND"
"PSEN1","STK3/4","CD33"
"PSEN1","ACP1","CD33"
"PSEN1","PTPN6","CD33"
"PSEN1","STK4","CD33"
"PSEN1","RPS6KB1","CD33"
"PSEN1","CHEK1","CD33"
"PSEN1","EIF2AK2","CD33"
"PSEN1","STK3","CD33"
"PSEN1","DOK1","CD33"
"PSEN1","CDC25A","CD33"
"PSEN1","MARK2","CD33"
"PSEN1","PHLPP1","CD33"
"PSEN1","CALM3","CD33"
"PSEN1","YAP1","CD33"
"PSEN1","DEF6","CD33"
"PSEN1","CAMKK2","CD33"
"PSEN1","PTPN7","CD33"
"PSEN1","PDP1","CD33"
"PSEN1","RPS6KA4","CD33"
"PSEN1","HDAC3","CD33"
"PSEN1","AXIN1","CD33"
"PSEN1","PTPRR","CD33"
"PSEN1","CDKN1B","CD33"
"PSEN1","SKP2","CD33"
"PSEN1","MAML1","CD33"
"PSEN1","CDC25C","CD33"
"PSEN1","WEE1","CD33"
"PSEN1","CLASP2","CD33"
"PSEN1","RHEB","CD33"
"PSEN1","INPP5D","CD33"
"PSEN1","TNFAIP1","CD33"
"PSEN1","PHF8","CD33"
"PSEN1","NF2","CD33"
"PSEN1","MDC1","CD33"
"PSEN1","MRE11","CD33"
"PSEN1","FRAT1","CD33"
"PSEN1","CBL","CD33"
"PSEN1","RBBP8","CD33"
"PSEN1","PCBP2","CD33"
"PSEN1","SH2B3","CD33"
"PSEN1","HDAC1","CD33"
"PSEN1","GRB14","CD33"
"PSEN1","PRKAR1A","CD33"
"PSEN1","NOTCH2","CD33"
"PSEN1","BAZ1B","CD33"
"PSEN1","PLCG2","CD33"
"PSEN1","STK3/4","ARID3A"
"PSEN1","ACP1","ARID3A"
"PSEN1","PTPN6","ARID3A"
"PSEN1","STK4","ARID3A"
"PSEN1","RPS6KB1","ARID3A"
"PSEN1","CHEK1","ARID3A"
"PSEN1","EIF2AK2","ARID3A"
"PSEN1","STK3","ARID3A"
"PSEN1","DOK1","ARID3A"
"PSEN1","CDC25A","ARID3A"
"PSEN1","MARK2","ARID3A"
"PSEN1","PHLPP1","ARID3A"
"PSEN1","CALM3","ARID3A"
"PSEN1","YAP1","ARID3A"
"PSEN1","DEF6","ARID3A"
"PSEN1","CAMKK2","ARID3A"
"PSEN1","PTPN7","ARID3A"
"PSEN1","PDP1","ARID3A"
"PSEN1","RPS6KA4","ARID3A"
"PSEN1","HDAC3","ARID3A"
"PSEN1","AXIN1","ARID3A"
"PSEN1","PTPRR","ARID3A"
"PSEN1","CDKN1B","ARID3A"
"PSEN1","SKP2","ARID3A"
"PSEN1","MAML1","ARID3A"
"PSEN1","CDC25C","ARID3A"
"PSEN1","WEE1","ARID3A"
"PSEN1","CLASP2","ARID3A"
"PSEN1","RHEB","ARID3A"
"PSEN1","INPP5D","ARID3A"
"PSEN1","TNFAIP1","ARID3A"
"PSEN1","PHF8","ARID3A"
"PSEN1","NF2","ARID3A"
"PSEN1","MDC1","ARID3A"
"PSEN1","MRE11","ARID3A"
"PSEN1","FRAT1","ARID3A"
"PSEN1","CBL","ARID3A"
"PSEN1","RBBP8","ARID3A"
"PSEN1","PCBP2","ARID3A"
"PSEN1","SH2B3","ARID3A"
"PSEN1","HDAC1","ARID3A"
"PSEN1","GRB14","ARID3A"
"PSEN1","PRKAR1A","ARID3A"
"PSEN1","NOTCH2","ARID3A"
"PSEN1","BAZ1B","ARID3A"
"PSEN1","PLCG2","ARID3A"
"PSEN1","STK3/4","ALOX5"
"PSEN1","ACP1","ALOX5"
"PSEN1","PTPN6","ALOX5"
"PSEN1","STK4","ALOX5"
"PSEN1","RPS6KB1","ALOX5"
"PSEN1","CHEK1","ALOX5"
"PSEN1","EIF2AK2","ALOX5"
"PSEN1","STK3","ALOX5"
"PSEN1","DOK1","ALOX5"
"PSEN1","CDC25A","ALOX5"
"PSEN1","MARK2","ALOX5"
"PSEN1","PHLPP1","ALOX5"
"PSEN1","CALM3","ALOX5"
"PSEN1","YAP1","ALOX5"
"PSEN1","DEF6","ALOX5"
"PSEN1","CAMKK2","ALOX5"
"PSEN1","PTPN7","ALOX5"
"PSEN1","PDP1","ALOX5"
"PSEN1","RPS6KA4","ALOX5"
"PSEN1","HDAC3","ALOX5"
"PSEN1","AXIN1","ALOX5"
"PSEN1","PTPRR","ALOX5"
"PSEN1","CDKN1B","ALOX5"
"PSEN1","SKP2","ALOX5"
"PSEN1","MAML1","ALOX5"
"PSEN1","CDC25C","ALOX5"
"PSEN1","WEE1","ALOX5"
"PSEN1","CLASP2","ALOX5"
"PSEN1","RHEB","ALOX5"
"PSEN1","INPP5D","ALOX5"
"PSEN1","TNFAIP1","ALOX5"
"PSEN1","PHF8","ALOX5"
"PSEN1","NF2","ALOX5"
"PSEN1","MDC1","ALOX5"
"PSEN1","MRE11","ALOX5"
"PSEN1","FRAT1","ALOX5"
"PSEN1","CBL","ALOX5"
"PSEN1","RBBP8","ALOX5"
"PSEN1","PCBP2","ALOX5"
"PSEN1","SH2B3","ALOX5"
"PSEN1","HDAC1","ALOX5"
"PSEN1","GRB14","ALOX5"
"PSEN1","PRKAR1A","ALOX5"
"PSEN1","NOTCH2","ALOX5"
"PSEN1","BAZ1B","ALOX5"
"PSEN1","PLCG2","ALOX5"
"PSEN1","STK3/4","TERF1"
"PSEN1","ACP1","TERF1"
"PSEN1","PTPN6","TERF1"
"PSEN1","STK4","TERF1"
"PSEN1","RPS6KB1","TERF1"
"PSEN1","CHEK1","TERF1"
"PSEN1","EIF2AK2","TERF1"
"PSEN1","STK3","TERF1"
"PSEN1","DOK1","TERF1"
"PSEN1","CDC25A","TERF1"
"PSEN1","MARK2","TERF1"
"PSEN1","PHLPP1","TERF1"
"PSEN1","CALM3","TERF1"
"PSEN1","YAP1","TERF1"
"PSEN1","DEF6","TERF1"
"PSEN1","CAMKK2","TERF1"
"PSEN1","PTPN7","TERF1"
"PSEN1","PDP1","TERF1"
"PSEN1","RPS6KA4","TERF1"
"PSEN1","HDAC3","TERF1"
"PSEN1","AXIN1","TERF1"
"PSEN1","PTPRR","TERF1"
"PSEN1","CDKN1B","TERF1"
"PSEN1","SKP2","TERF1"
"PSEN1","MAML1","TERF1"
"PSEN1","CDC25C","TERF1"
"PSEN1","WEE1","TERF1"
"PSEN1","CLASP2","TERF1"
"PSEN1","RHEB","TERF1"
"PSEN1","INPP5D","TERF1"
"PSEN1","TNFAIP1","TERF1"
"PSEN1","PHF8","TERF1"
"PSEN1","NF2","TERF1"
"PSEN1","MDC1","TERF1"
"PSEN1","MRE11","TERF1"
"PSEN1","FRAT1","TERF1"
"PSEN1","CBL","TERF1"
"PSEN1","RBBP8","TERF1"
"PSEN1","PCBP2","TERF1"
"PSEN1","SH2B3","TERF1"
"PSEN1","HDAC1","TERF1"
"PSEN1","GRB14","TERF1"
"PSEN1","PRKAR1A","TERF1"
"PSEN1","NOTCH2","TERF1"
"PSEN1","BAZ1B","TERF1"
"PSEN1","PLCG2","TERF1"
"PSEN1","STK3/4","LIG1"
"PSEN1","ACP1","LIG1"
"PSEN1","PTPN6","LIG1"
"PSEN1","STK4","LIG1"
"PSEN1","RPS6KB1","LIG1"
"PSEN1","CHEK1","LIG1"
"PSEN1","EIF2AK2","LIG1"
"PSEN1","STK3","LIG1"
"PSEN1","DOK1","LIG1"
"PSEN1","CDC25A","LIG1"
"PSEN1","MARK2","LIG1"
"PSEN1","PHLPP1","LIG1"
"PSEN1","CALM3","LIG1"
"PSEN1","YAP1","LIG1"
"PSEN1","DEF6","LIG1"
"PSEN1","CAMKK2","LIG1"
"PSEN1","PTPN7","LIG1"
"PSEN1","PDP1","LIG1"
"PSEN1","RPS6KA4","LIG1"
"PSEN1","HDAC3","LIG1"
"PSEN1","AXIN1","LIG1"
"PSEN1","PTPRR","LIG1"
"PSEN1","CDKN1B","LIG1"
"PSEN1","SKP2","LIG1"
"PSEN1","MAML1","LIG1"
"PSEN1","CDC25C","LIG1"
"PSEN1","WEE1","LIG1"
"PSEN1","CLASP2","LIG1"
"PSEN1","RHEB","LIG1"
"PSEN1","INPP5D","LIG1"
"PSEN1","TNFAIP1","LIG1"
"PSEN1","PHF8","LIG1"
"PSEN1","NF2","LIG1"
"PSEN1","MDC1","LIG1"
"PSEN1","MRE11","LIG1"
"PSEN1","FRAT1","LIG1"
"PSEN1","CBL","LIG1"
"PSEN1","RBBP8","LIG1"
"PSEN1","PCBP2","LIG1"
"PSEN1","SH2B3","LIG1"
"PSEN1","HDAC1","LIG1"
"PSEN1","GRB14","LIG1"
"PSEN1","PRKAR1A","LIG1"
"PSEN1","NOTCH2","LIG1"
"PSEN1","BAZ1B","LIG1"
"PSEN1","PLCG2","LIG1"
"PSEN1","STK3/4","MED1"
"PSEN1","ACP1","MED1"
"PSEN1","PTPN6","MED1"
"PSEN1","STK4","MED1"
"PSEN1","RPS6KB1","MED1"
"PSEN1","CHEK1","MED1"
"PSEN1","EIF2AK2","MED1"
"PSEN1","STK3","MED1"
"PSEN1","DOK1","MED1"
"PSEN1","CDC25A","MED1"
"PSEN1","MARK2","MED1"
"PSEN1","PHLPP1","MED1"
"PSEN1","CALM3","MED1"
"PSEN1","YAP1","MED1"
"PSEN1","DEF6","MED1"
"PSEN1","CAMKK2","MED1"
"PSEN1","PTPN7","MED1"
"PSEN1","PDP1","MED1"
"PSEN1","RPS6KA4","MED1"
"PSEN1","HDAC3","MED1"
"PSEN1","AXIN1","MED1"
"PSEN1","PTPRR","MED1"
"PSEN1","CDKN1B","MED1"
"PSEN1","SKP2","MED1"
"PSEN1","MAML1","MED1"
"PSEN1","CDC25C","MED1"
"PSEN1","WEE1","MED1"
"PSEN1","CLASP2","MED1"
"PSEN1","RHEB","MED1"
"PSEN1","INPP5D","MED1"
"PSEN1","TNFAIP1","MED1"
"PSEN1","PHF8","MED1"
"PSEN1","NF2","MED1"
"PSEN1","MDC1","MED1"
"PSEN1","MRE11","MED1"
"PSEN1","FRAT1","MED1"
"PSEN1","CBL","MED1"
"PSEN1","RBBP8","MED1"
"PSEN1","PCBP2","MED1"
"PSEN1","SH2B3","MED1"
"PSEN1","HDAC1","MED1"
"PSEN1","GRB14","MED1"
"PSEN1","PRKAR1A","MED1"
"PSEN1","NOTCH2","MED1"
"PSEN1","BAZ1B","MED1"
"PSEN1","PLCG2","MED1"
"PSEN1","STK3/4","PELP1"
"PSEN1","ACP1","PELP1"
"PSEN1","PTPN6","PELP1"
"PSEN1","STK4","PELP1"
"PSEN1","RPS6KB1","PELP1"
"PSEN1","CHEK1","PELP1"
"PSEN1","EIF2AK2","PELP1"
"PSEN1","STK3","PELP1"
"PSEN1","DOK1","PELP1"
"PSEN1","CDC25A","PELP1"
"PSEN1","MARK2","PELP1"
"PSEN1","PHLPP1","PELP1"
"PSEN1","CALM3","PELP1"
"PSEN1","YAP1","PELP1"
"PSEN1","DEF6","PELP1"
"PSEN1","CAMKK2","PELP1"
"PSEN1","PTPN7","PELP1"
"PSEN1","PDP1","PELP1"
"PSEN1","RPS6KA4","PELP1"
"PSEN1","HDAC3","PELP1"
"PSEN1","AXIN1","PELP1"
"PSEN1","PTPRR","PELP1"
"PSEN1","CDKN1B","PELP1"
"PSEN1","SKP2","PELP1"
"PSEN1","MAML1","PELP1"
"PSEN1","CDC25C","PELP1"
"PSEN1","WEE1","PELP1"
"PSEN1","CLASP2","PELP1"
"PSEN1","RHEB","PELP1"
"PSEN1","INPP5D","PELP1"
"PSEN1","TNFAIP1","PELP1"
"PSEN1","PHF8","PELP1"
"PSEN1","NF2","PELP1"
"PSEN1","MDC1","PELP1"
"PSEN1","MRE11","PELP1"
"PSEN1","FRAT1","PELP1"
"PSEN1","CBL","PELP1"
"PSEN1","RBBP8","PELP1"
"PSEN1","PCBP2","PELP1"
"PSEN1","SH2B3","PELP1"
"PSEN1","HDAC1","PELP1"
"PSEN1","GRB14","PELP1"
"PSEN1","PRKAR1A","PELP1"
"PSEN1","NOTCH2","PELP1"
"PSEN1","BAZ1B","PELP1"
"PSEN1","PLCG2","PELP1"
"PSEN1","STK3/4","TWIST1"
"PSEN1","ACP1","TWIST1"
"PSEN1","PTPN6","TWIST1"
"PSEN1","STK4","TWIST1"
"PSEN1","RPS6KB1","TWIST1"
"PSEN1","CHEK1","TWIST1"
"PSEN1","EIF2AK2","TWIST1"
"PSEN1","STK3","TWIST1"
"PSEN1","DOK1","TWIST1"
"PSEN1","CDC25A","TWIST1"
"PSEN1","MARK2","TWIST1"
"PSEN1","PHLPP1","TWIST1"
"PSEN1","CALM3","TWIST1"
"PSEN1","YAP1","TWIST1"
"PSEN1","DEF6","TWIST1"
"PSEN1","CAMKK2","TWIST1"
"PSEN1","PTPN7","TWIST1"
"PSEN1","PDP1","TWIST1"
"PSEN1","RPS6KA4","TWIST1"
"PSEN1","HDAC3","TWIST1"
"PSEN1","AXIN1","TWIST1"
"PSEN1","PTPRR","TWIST1"
"PSEN1","CDKN1B","TWIST1"
"PSEN1","SKP2","TWIST1"
"PSEN1","MAML1","TWIST1"
"PSEN1","CDC25C","TWIST1"
"PSEN1","WEE1","TWIST1"
"PSEN1","CLASP2","TWIST1"
"PSEN1","RHEB","TWIST1"
"PSEN1","INPP5D","TWIST1"
"PSEN1","TNFAIP1","TWIST1"
"PSEN1","PHF8","TWIST1"
"PSEN1","NF2","TWIST1"
"PSEN1","MDC1","TWIST1"
"PSEN1","MRE11","TWIST1"
"PSEN1","FRAT1","TWIST1"
"PSEN1","CBL","TWIST1"
"PSEN1","RBBP8","TWIST1"
"PSEN1","PCBP2","TWIST1"
"PSEN1","SH2B3","TWIST1"
"PSEN1","HDAC1","TWIST1"
"PSEN1","GRB14","TWIST1"
"PSEN1","PRKAR1A","TWIST1"
"PSEN1","NOTCH2","TWIST1"
"PSEN1","BAZ1B","TWIST1"
"PSEN1","PLCG2","TWIST1"
"PSEN1","STK3/4","HIF1A"
"PSEN1","ACP1","HIF1A"
"PSEN1","PTPN6","HIF1A"
"PSEN1","STK4","HIF1A"
"PSEN1","RPS6KB1","HIF1A"
"PSEN1","CHEK1","HIF1A"
"PSEN1","EIF2AK2","HIF1A"
"PSEN1","STK3","HIF1A"
"PSEN1","DOK1","HIF1A"
"PSEN1","CDC25A","HIF1A"
"PSEN1","MARK2","HIF1A"
"PSEN1","PHLPP1","HIF1A"
"PSEN1","CALM3","HIF1A"
"PSEN1","YAP1","HIF1A"
"PSEN1","DEF6","HIF1A"
"PSEN1","CAMKK2","HIF1A"
"PSEN1","PTPN7","HIF1A"
"PSEN1","PDP1","HIF1A"
"PSEN1","RPS6KA4","HIF1A"
"PSEN1","HDAC3","HIF1A"
"PSEN1","AXIN1","HIF1A"
"PSEN1","PTPRR","HIF1A"
"PSEN1","CDKN1B","HIF1A"
"PSEN1","SKP2","HIF1A"
"PSEN1","MAML1","HIF1A"
"PSEN1","CDC25C","HIF1A"
"PSEN1","WEE1","HIF1A"
"PSEN1","CLASP2","HIF1A"
"PSEN1","RHEB","HIF1A"
"PSEN1","INPP5D","HIF1A"
"PSEN1","TNFAIP1","HIF1A"
"PSEN1","PHF8","HIF1A"
"PSEN1","NF2","HIF1A"
"PSEN1","MDC1","HIF1A"
"PSEN1","MRE11","HIF1A"
"PSEN1","FRAT1","HIF1A"
"PSEN1","CBL","HIF1A"
"PSEN1","RBBP8","HIF1A"
"PSEN1","PCBP2","HIF1A"
"PSEN1","SH2B3","HIF1A"
"PSEN1","HDAC1","HIF1A"
"PSEN1","GRB14","HIF1A"
"PSEN1","PRKAR1A","HIF1A"
"PSEN1","NOTCH2","HIF1A"
"PSEN1","BAZ1B","HIF1A"
"PSEN1","PLCG2","HIF1A"
"PSEN1","STK3/4","TFAP2A"
"PSEN1","ACP1","TFAP2A"
"PSEN1","PTPN6","TFAP2A"
"PSEN1","STK4","TFAP2A"
"PSEN1","RPS6KB1","TFAP2A"
"PSEN1","CHEK1","TFAP2A"
"PSEN1","EIF2AK2","TFAP2A"
"PSEN1","STK3","TFAP2A"
"PSEN1","DOK1","TFAP2A"
"PSEN1","CDC25A","TFAP2A"
"PSEN1","MARK2","TFAP2A"
"PSEN1","PHLPP1","TFAP2A"
"PSEN1","CALM3","TFAP2A"
"PSEN1","YAP1","TFAP2A"
"PSEN1","DEF6","TFAP2A"
"PSEN1","CAMKK2","TFAP2A"
"PSEN1","PTPN7","TFAP2A"
"PSEN1","PDP1","TFAP2A"
"PSEN1","RPS6KA4","TFAP2A"
"PSEN1","HDAC3","TFAP2A"
"PSEN1","AXIN1","TFAP2A"
"PSEN1","PTPRR","TFAP2A"
"PSEN1","CDKN1B","TFAP2A"
"PSEN1","SKP2","TFAP2A"
"PSEN1","MAML1","TFAP2A"
"PSEN1","CDC25C","TFAP2A"
"PSEN1","WEE1","TFAP2A"
"PSEN1","CLASP2","TFAP2A"
"PSEN1","RHEB","TFAP2A"
"PSEN1","INPP5D","TFAP2A"
"PSEN1","TNFAIP1","TFAP2A"
"PSEN1","PHF8","TFAP2A"
"PSEN1","NF2","TFAP2A"
"PSEN1","MDC1","TFAP2A"
"PSEN1","MRE11","TFAP2A"
"PSEN1","FRAT1","TFAP2A"
"PSEN1","CBL","TFAP2A"
"PSEN1","RBBP8","TFAP2A"
"PSEN1","PCBP2","TFAP2A"
"PSEN1","SH2B3","TFAP2A"
"PSEN1","HDAC1","TFAP2A"
"PSEN1","GRB14","TFAP2A"
"PSEN1","PRKAR1A","TFAP2A"
"PSEN1","NOTCH2","TFAP2A"
"PSEN1","BAZ1B","TFAP2A"
"PSEN1","PLCG2","TFAP2A"
"PSEN1","STK3/4","SP3"
"PSEN1","ACP1","SP3"
"PSEN1","PTPN6","SP3"
"PSEN1","STK4","SP3"
"PSEN1","RPS6KB1","SP3"
"PSEN1","CHEK1","SP3"
"PSEN1","EIF2AK2","SP3"
"PSEN1","STK3","SP3"
"PSEN1","DOK1","SP3"
"PSEN1","CDC25A","SP3"
"PSEN1","MARK2","SP3"
"PSEN1","PHLPP1","SP3"
"PSEN1","CALM3","SP3"
"PSEN1","YAP1","SP3"
"PSEN1","DEF6","SP3"
"PSEN1","CAMKK2","SP3"
"PSEN1","PTPN7","SP3"
"PSEN1","PDP1","SP3"
"PSEN1","RPS6KA4","SP3"
"PSEN1","HDAC3","SP3"
"PSEN1","AXIN1","SP3"
"PSEN1","PTPRR","SP3"
"PSEN1","CDKN1B","SP3"
"PSEN1","SKP2","SP3"
"PSEN1","MAML1","SP3"
"PSEN1","CDC25C","SP3"
"PSEN1","WEE1","SP3"
"PSEN1","CLASP2","SP3"
"PSEN1","RHEB","SP3"
"PSEN1","INPP5D","SP3"
"PSEN1","TNFAIP1","SP3"
"PSEN1","PHF8","SP3"
"PSEN1","NF2","SP3"
"PSEN1","MDC1","SP3"
"PSEN1","MRE11","SP3"
"PSEN1","FRAT1","SP3"
"PSEN1","CBL","SP3"
"PSEN1","RBBP8","SP3"
"PSEN1","PCBP2","SP3"
"PSEN1","SH2B3","SP3"
"PSEN1","HDAC1","SP3"
"PSEN1","GRB14","SP3"
"PSEN1","PRKAR1A","SP3"
"PSEN1","NOTCH2","SP3"
"PSEN1","BAZ1B","SP3"
"PSEN1","PLCG2","SP3"
"PSEN1","STK3/4","CAPN2"
"PSEN1","ACP1","CAPN2"
"PSEN1","PTPN6","CAPN2"
"PSEN1","STK4","CAPN2"
"PSEN1","RPS6KB1","CAPN2"
"PSEN1","CHEK1","CAPN2"
"PSEN1","EIF2AK2","CAPN2"
"PSEN1","STK3","CAPN2"
"PSEN1","DOK1","CAPN2"
"PSEN1","CDC25A","CAPN2"
"PSEN1","MARK2","CAPN2"
"PSEN1","PHLPP1","CAPN2"
"PSEN1","CALM3","CAPN2"
"PSEN1","YAP1","CAPN2"
"PSEN1","DEF6","CAPN2"
"PSEN1","CAMKK2","CAPN2"
"PSEN1","PTPN7","CAPN2"
"PSEN1","PDP1","CAPN2"
"PSEN1","RPS6KA4","CAPN2"
"PSEN1","HDAC3","CAPN2"
"PSEN1","AXIN1","CAPN2"
"PSEN1","PTPRR","CAPN2"
"PSEN1","CDKN1B","CAPN2"
"PSEN1","SKP2","CAPN2"
"PSEN1","MAML1","CAPN2"
"PSEN1","CDC25C","CAPN2"
"PSEN1","WEE1","CAPN2"
"PSEN1","CLASP2","CAPN2"
"PSEN1","RHEB","CAPN2"
"PSEN1","INPP5D","CAPN2"
"PSEN1","TNFAIP1","CAPN2"
"PSEN1","PHF8","CAPN2"
"PSEN1","NF2","CAPN2"
"PSEN1","MDC1","CAPN2"
"PSEN1","MRE11","CAPN2"
"PSEN1","FRAT1","CAPN2"
"PSEN1","CBL","CAPN2"
"PSEN1","RBBP8","CAPN2"
"PSEN1","PCBP2","CAPN2"
"PSEN1","SH2B3","CAPN2"
"PSEN1","HDAC1","CAPN2"
"PSEN1","GRB14","CAPN2"
"PSEN1","PRKAR1A","CAPN2"
"PSEN1","NOTCH2","CAPN2"
"PSEN1","BAZ1B","CAPN2"
"PSEN1","PLCG2","CAPN2"
"PSEN1","STK3/4","CDC37"
"PSEN1","ACP1","CDC37"
"PSEN1","PTPN6","CDC37"
"PSEN1","STK4","CDC37"
"PSEN1","RPS6KB1","CDC37"
"PSEN1","CHEK1","CDC37"
"PSEN1","EIF2AK2","CDC37"
"PSEN1","STK3","CDC37"
"PSEN1","DOK1","CDC37"
"PSEN1","CDC25A","CDC37"
"PSEN1","MARK2","CDC37"
"PSEN1","PHLPP1","CDC37"
"PSEN1","CALM3","CDC37"
"PSEN1","YAP1","CDC37"
"PSEN1","DEF6","CDC37"
"PSEN1","CAMKK2","CDC37"
"PSEN1","PTPN7","CDC37"
"PSEN1","PDP1","CDC37"
"PSEN1","RPS6KA4","CDC37"
"PSEN1","HDAC3","CDC37"
"PSEN1","AXIN1","CDC37"
"PSEN1","PTPRR","CDC37"
"PSEN1","CDKN1B","CDC37"
"PSEN1","SKP2","CDC37"
"PSEN1","MAML1","CDC37"
"PSEN1","CDC25C","CDC37"
"PSEN1","WEE1","CDC37"
"PSEN1","CLASP2","CDC37"
"PSEN1","RHEB","CDC37"
"PSEN1","INPP5D","CDC37"
"PSEN1","TNFAIP1","CDC37"
"PSEN1","PHF8","CDC37"
"PSEN1","NF2","CDC37"
"PSEN1","MDC1","CDC37"
"PSEN1","MRE11","CDC37"
"PSEN1","FRAT1","CDC37"
"PSEN1","CBL","CDC37"
"PSEN1","RBBP8","CDC37"
"PSEN1","PCBP2","CDC37"
"PSEN1","SH2B3","CDC37"
"PSEN1","HDAC1","CDC37"
"PSEN1","GRB14","CDC37"
"PSEN1","PRKAR1A","CDC37"
"PSEN1","NOTCH2","CDC37"
"PSEN1","BAZ1B","CDC37"
"PSEN1","PLCG2","CDC37"
"PSEN1","STK3/4","HDAC6"
"PSEN1","ACP1","HDAC6"
"PSEN1","PTPN6","HDAC6"
"PSEN1","STK4","HDAC6"
"PSEN1","RPS6KB1","HDAC6"
"PSEN1","CHEK1","HDAC6"
"PSEN1","EIF2AK2","HDAC6"
"PSEN1","STK3","HDAC6"
"PSEN1","DOK1","HDAC6"
"PSEN1","CDC25A","HDAC6"
"PSEN1","MARK2","HDAC6"
"PSEN1","PHLPP1","HDAC6"
"PSEN1","CALM3","HDAC6"
"PSEN1","YAP1","HDAC6"
"PSEN1","DEF6","HDAC6"
"PSEN1","CAMKK2","HDAC6"
"PSEN1","PTPN7","HDAC6"
"PSEN1","PDP1","HDAC6"
"PSEN1","RPS6KA4","HDAC6"
"PSEN1","HDAC3","HDAC6"
"PSEN1","AXIN1","HDAC6"
"PSEN1","PTPRR","HDAC6"
"PSEN1","CDKN1B","HDAC6"
"PSEN1","SKP2","HDAC6"
"PSEN1","MAML1","HDAC6"
"PSEN1","CDC25C","HDAC6"
"PSEN1","WEE1","HDAC6"
"PSEN1","CLASP2","HDAC6"
"PSEN1","RHEB","HDAC6"
"PSEN1","INPP5D","HDAC6"
"PSEN1","TNFAIP1","HDAC6"
"PSEN1","PHF8","HDAC6"
"PSEN1","NF2","HDAC6"
"PSEN1","MDC1","HDAC6"
"PSEN1","MRE11","HDAC6"
"PSEN1","FRAT1","HDAC6"
"PSEN1","CBL","HDAC6"
"PSEN1","RBBP8","HDAC6"
"PSEN1","PCBP2","HDAC6"
"PSEN1","SH2B3","HDAC6"
"PSEN1","HDAC1","HDAC6"
"PSEN1","GRB14","HDAC6"
"PSEN1","PRKAR1A","HDAC6"
"PSEN1","NOTCH2","HDAC6"
"PSEN1","BAZ1B","HDAC6"
"PSEN1","PLCG2","HDAC6"
"PSEN1","STK3/4","KLF5"
"PSEN1","ACP1","KLF5"
"PSEN1","PTPN6","KLF5"
"PSEN1","STK4","KLF5"
"PSEN1","RPS6KB1","KLF5"
"PSEN1","CHEK1","KLF5"
"PSEN1","EIF2AK2","KLF5"
"PSEN1","STK3","KLF5"
"PSEN1","DOK1","KLF5"
"PSEN1","CDC25A","KLF5"
"PSEN1","MARK2","KLF5"
"PSEN1","PHLPP1","KLF5"
"PSEN1","CALM3","KLF5"
"PSEN1","YAP1","KLF5"
"PSEN1","DEF6","KLF5"
"PSEN1","CAMKK2","KLF5"
"PSEN1","PTPN7","KLF5"
"PSEN1","PDP1","KLF5"
"PSEN1","RPS6KA4","KLF5"
"PSEN1","HDAC3","KLF5"
"PSEN1","AXIN1","KLF5"
"PSEN1","PTPRR","KLF5"
"PSEN1","CDKN1B","KLF5"
"PSEN1","SKP2","KLF5"
"PSEN1","MAML1","KLF5"
"PSEN1","CDC25C","KLF5"
"PSEN1","WEE1","KLF5"
"PSEN1","CLASP2","KLF5"
"PSEN1","RHEB","KLF5"
"PSEN1","INPP5D","KLF5"
"PSEN1","TNFAIP1","KLF5"
"PSEN1","PHF8","KLF5"
"PSEN1","NF2","KLF5"
"PSEN1","MDC1","KLF5"
"PSEN1","MRE11","KLF5"
"PSEN1","FRAT1","KLF5"
"PSEN1","CBL","KLF5"
"PSEN1","RBBP8","KLF5"
"PSEN1","PCBP2","KLF5"
"PSEN1","SH2B3","KLF5"
"PSEN1","HDAC1","KLF5"
"PSEN1","GRB14","KLF5"
"PSEN1","PRKAR1A","KLF5"
"PSEN1","NOTCH2","KLF5"
"PSEN1","BAZ1B","KLF5"
"PSEN1","PLCG2","KLF5"
"PSEN1","STK3/4","CACNA1B"
"PSEN1","ACP1","CACNA1B"
"PSEN1","PTPN6","CACNA1B"
"PSEN1","STK4","CACNA1B"
"PSEN1","RPS6KB1","CACNA1B"
"PSEN1","CHEK1","CACNA1B"
"PSEN1","EIF2AK2","CACNA1B"
"PSEN1","STK3","CACNA1B"
"PSEN1","DOK1","CACNA1B"
"PSEN1","CDC25A","CACNA1B"
"PSEN1","MARK2","CACNA1B"
"PSEN1","PHLPP1","CACNA1B"
"PSEN1","CALM3","CACNA1B"
"PSEN1","YAP1","CACNA1B"
"PSEN1","DEF6","CACNA1B"
"PSEN1","CAMKK2","CACNA1B"
"PSEN1","PTPN7","CACNA1B"
"PSEN1","PDP1","CACNA1B"
"PSEN1","RPS6KA4","CACNA1B"
"PSEN1","HDAC3","CACNA1B"
"PSEN1","AXIN1","CACNA1B"
"PSEN1","PTPRR","CACNA1B"
"PSEN1","CDKN1B","CACNA1B"
"PSEN1","SKP2","CACNA1B"
"PSEN1","MAML1","CACNA1B"
"PSEN1","CDC25C","CACNA1B"
"PSEN1","WEE1","CACNA1B"
"PSEN1","CLASP2","CACNA1B"
"PSEN1","RHEB","CACNA1B"
"PSEN1","INPP5D","CACNA1B"
"PSEN1","TNFAIP1","CACNA1B"
"PSEN1","PHF8","CACNA1B"
"PSEN1","NF2","CACNA1B"
"PSEN1","MDC1","CACNA1B"
"PSEN1","MRE11","CACNA1B"
"PSEN1","FRAT1","CACNA1B"
"PSEN1","CBL","CACNA1B"
"PSEN1","RBBP8","CACNA1B"
"PSEN1","PCBP2","CACNA1B"
"PSEN1","SH2B3","CACNA1B"
"PSEN1","HDAC1","CACNA1B"
"PSEN1","GRB14","CACNA1B"
"PSEN1","PRKAR1A","CACNA1B"
"PSEN1","NOTCH2","CACNA1B"
"PSEN1","BAZ1B","CACNA1B"
"PSEN1","PLCG2","CACNA1B"
"PSEN1","STK3/4","CCND2"
"PSEN1","ACP1","CCND2"
"PSEN1","PTPN6","CCND2"
"PSEN1","STK4","CCND2"
"PSEN1","RPS6KB1","CCND2"
"PSEN1","CHEK1","CCND2"
"PSEN1","EIF2AK2","CCND2"
"PSEN1","STK3","CCND2"
"PSEN1","DOK1","CCND2"
"PSEN1","CDC25A","CCND2"
"PSEN1","MARK2","CCND2"
"PSEN1","PHLPP1","CCND2"
"PSEN1","CALM3","CCND2"
"PSEN1","YAP1","CCND2"
"PSEN1","DEF6","CCND2"
"PSEN1","CAMKK2","CCND2"
"PSEN1","PTPN7","CCND2"
"PSEN1","PDP1","CCND2"
"PSEN1","RPS6KA4","CCND2"
"PSEN1","HDAC3","CCND2"
"PSEN1","AXIN1","CCND2"
"PSEN1","PTPRR","CCND2"
"PSEN1","CDKN1B","CCND2"
"PSEN1","SKP2","CCND2"
"PSEN1","MAML1","CCND2"
"PSEN1","CDC25C","CCND2"
"PSEN1","WEE1","CCND2"
"PSEN1","CLASP2","CCND2"
"PSEN1","RHEB","CCND2"
"PSEN1","INPP5D","CCND2"
"PSEN1","TNFAIP1","CCND2"
"PSEN1","PHF8","CCND2"
"PSEN1","NF2","CCND2"
"PSEN1","MDC1","CCND2"
"PSEN1","MRE11","CCND2"
"PSEN1","FRAT1","CCND2"
"PSEN1","CBL","CCND2"
"PSEN1","RBBP8","CCND2"
"PSEN1","PCBP2","CCND2"
"PSEN1","SH2B3","CCND2"
"PSEN1","HDAC1","CCND2"
"PSEN1","GRB14","CCND2"
"PSEN1","PRKAR1A","CCND2"
"PSEN1","NOTCH2","CCND2"
"PSEN1","BAZ1B","CCND2"
"PSEN1","PLCG2","CCND2"
"PSEN1","STK3/4","CEBPD"
"PSEN1","ACP1","CEBPD"
"PSEN1","PTPN6","CEBPD"
"PSEN1","STK4","CEBPD"
"PSEN1","RPS6KB1","CEBPD"
"PSEN1","CHEK1","CEBPD"
"PSEN1","EIF2AK2","CEBPD"
"PSEN1","STK3","CEBPD"
"PSEN1","DOK1","CEBPD"
"PSEN1","CDC25A","CEBPD"
"PSEN1","MARK2","CEBPD"
"PSEN1","PHLPP1","CEBPD"
"PSEN1","CALM3","CEBPD"
"PSEN1","YAP1","CEBPD"
"PSEN1","DEF6","CEBPD"
"PSEN1","CAMKK2","CEBPD"
"PSEN1","PTPN7","CEBPD"
"PSEN1","PDP1","CEBPD"
"PSEN1","RPS6KA4","CEBPD"
"PSEN1","HDAC3","CEBPD"
"PSEN1","AXIN1","CEBPD"
"PSEN1","PTPRR","CEBPD"
"PSEN1","CDKN1B","CEBPD"
"PSEN1","SKP2","CEBPD"
"PSEN1","MAML1","CEBPD"
"PSEN1","CDC25C","CEBPD"
"PSEN1","WEE1","CEBPD"
"PSEN1","CLASP2","CEBPD"
"PSEN1","RHEB","CEBPD"
"PSEN1","INPP5D","CEBPD"
"PSEN1","TNFAIP1","CEBPD"
"PSEN1","PHF8","CEBPD"
"PSEN1","NF2","CEBPD"
"PSEN1","MDC1","CEBPD"
"PSEN1","MRE11","CEBPD"
"PSEN1","FRAT1","CEBPD"
"PSEN1","CBL","CEBPD"
"PSEN1","RBBP8","CEBPD"
"PSEN1","PCBP2","CEBPD"
"PSEN1","SH2B3","CEBPD"
"PSEN1","HDAC1","CEBPD"
"PSEN1","GRB14","CEBPD"
"PSEN1","PRKAR1A","CEBPD"
"PSEN1","NOTCH2","CEBPD"
"PSEN1","BAZ1B","CEBPD"
"PSEN1","PLCG2","CEBPD"
"PSEN1","STK3/4","GTF2A1L"
"PSEN1","ACP1","GTF2A1L"
"PSEN1","PTPN6","GTF2A1L"
"PSEN1","STK4","GTF2A1L"
"PSEN1","RPS6KB1","GTF2A1L"
"PSEN1","CHEK1","GTF2A1L"
"PSEN1","EIF2AK2","GTF2A1L"
"PSEN1","STK3","GTF2A1L"
"PSEN1","DOK1","GTF2A1L"
"PSEN1","CDC25A","GTF2A1L"
"PSEN1","MARK2","GTF2A1L"
"PSEN1","PHLPP1","GTF2A1L"
"PSEN1","CALM3","GTF2A1L"
"PSEN1","YAP1","GTF2A1L"
"PSEN1","DEF6","GTF2A1L"
"PSEN1","CAMKK2","GTF2A1L"
"PSEN1","PTPN7","GTF2A1L"
"PSEN1","PDP1","GTF2A1L"
"PSEN1","RPS6KA4","GTF2A1L"
"PSEN1","HDAC3","GTF2A1L"
"PSEN1","AXIN1","GTF2A1L"
"PSEN1","PTPRR","GTF2A1L"
"PSEN1","CDKN1B","GTF2A1L"
"PSEN1","SKP2","GTF2A1L"
"PSEN1","MAML1","GTF2A1L"
"PSEN1","CDC25C","GTF2A1L"
"PSEN1","WEE1","GTF2A1L"
"PSEN1","CLASP2","GTF2A1L"
"PSEN1","RHEB","GTF2A1L"
"PSEN1","INPP5D","GTF2A1L"
"PSEN1","TNFAIP1","GTF2A1L"
"PSEN1","PHF8","GTF2A1L"
"PSEN1","NF2","GTF2A1L"
"PSEN1","MDC1","GTF2A1L"
"PSEN1","MRE11","GTF2A1L"
"PSEN1","FRAT1","GTF2A1L"
"PSEN1","CBL","GTF2A1L"
"PSEN1","RBBP8","GTF2A1L"
"PSEN1","PCBP2","GTF2A1L"
"PSEN1","SH2B3","GTF2A1L"
"PSEN1","HDAC1","GTF2A1L"
"PSEN1","GRB14","GTF2A1L"
"PSEN1","PRKAR1A","GTF2A1L"
"PSEN1","NOTCH2","GTF2A1L"
"PSEN1","BAZ1B","GTF2A1L"
"PSEN1","PLCG2","GTF2A1L"
"PSEN1","STK3/4","FOXK2"
"PSEN1","ACP1","FOXK2"
"PSEN1","PTPN6","FOXK2"
"PSEN1","STK4","FOXK2"
"PSEN1","RPS6KB1","FOXK2"
"PSEN1","CHEK1","FOXK2"
"PSEN1","EIF2AK2","FOXK2"
"PSEN1","STK3","FOXK2"
"PSEN1","DOK1","FOXK2"
"PSEN1","CDC25A","FOXK2"
"PSEN1","MARK2","FOXK2"
"PSEN1","PHLPP1","FOXK2"
"PSEN1","CALM3","FOXK2"
"PSEN1","YAP1","FOXK2"
"PSEN1","DEF6","FOXK2"
"PSEN1","CAMKK2","FOXK2"
"PSEN1","PTPN7","FOXK2"
"PSEN1","PDP1","FOXK2"
"PSEN1","RPS6KA4","FOXK2"
"PSEN1","HDAC3","FOXK2"
"PSEN1","AXIN1","FOXK2"
"PSEN1","PTPRR","FOXK2"
"PSEN1","CDKN1B","FOXK2"
"PSEN1","SKP2","FOXK2"
"PSEN1","MAML1","FOXK2"
"PSEN1","CDC25C","FOXK2"
"PSEN1","WEE1","FOXK2"
"PSEN1","CLASP2","FOXK2"
"PSEN1","RHEB","FOXK2"
"PSEN1","INPP5D","FOXK2"
"PSEN1","TNFAIP1","FOXK2"
"PSEN1","PHF8","FOXK2"
"PSEN1","NF2","FOXK2"
"PSEN1","MDC1","FOXK2"
"PSEN1","MRE11","FOXK2"
"PSEN1","FRAT1","FOXK2"
"PSEN1","CBL","FOXK2"
"PSEN1","RBBP8","FOXK2"
"PSEN1","PCBP2","FOXK2"
"PSEN1","SH2B3","FOXK2"
"PSEN1","HDAC1","FOXK2"
"PSEN1","GRB14","FOXK2"
"PSEN1","PRKAR1A","FOXK2"
"PSEN1","NOTCH2","FOXK2"
"PSEN1","BAZ1B","FOXK2"
"PSEN1","PLCG2","FOXK2"
"PSEN1","STK3/4","NFATC1"
"PSEN1","ACP1","NFATC1"
"PSEN1","PTPN6","NFATC1"
"PSEN1","STK4","NFATC1"
"PSEN1","RPS6KB1","NFATC1"
"PSEN1","CHEK1","NFATC1"
"PSEN1","EIF2AK2","NFATC1"
"PSEN1","STK3","NFATC1"
"PSEN1","DOK1","NFATC1"
"PSEN1","CDC25A","NFATC1"
"PSEN1","MARK2","NFATC1"
"PSEN1","PHLPP1","NFATC1"
"PSEN1","CALM3","NFATC1"
"PSEN1","YAP1","NFATC1"
"PSEN1","DEF6","NFATC1"
"PSEN1","CAMKK2","NFATC1"
"PSEN1","PTPN7","NFATC1"
"PSEN1","PDP1","NFATC1"
"PSEN1","RPS6KA4","NFATC1"
"PSEN1","HDAC3","NFATC1"
"PSEN1","AXIN1","NFATC1"
"PSEN1","PTPRR","NFATC1"
"PSEN1","CDKN1B","NFATC1"
"PSEN1","SKP2","NFATC1"
"PSEN1","MAML1","NFATC1"
"PSEN1","CDC25C","NFATC1"
"PSEN1","WEE1","NFATC1"
"PSEN1","CLASP2","NFATC1"
"PSEN1","RHEB","NFATC1"
"PSEN1","INPP5D","NFATC1"
"PSEN1","TNFAIP1","NFATC1"
"PSEN1","PHF8","NFATC1"
"PSEN1","NF2","NFATC1"
"PSEN1","MDC1","NFATC1"
"PSEN1","MRE11","NFATC1"
"PSEN1","FRAT1","NFATC1"
"PSEN1","CBL","NFATC1"
"PSEN1","RBBP8","NFATC1"
"PSEN1","PCBP2","NFATC1"
"PSEN1","SH2B3","NFATC1"
"PSEN1","HDAC1","NFATC1"
"PSEN1","GRB14","NFATC1"
"PSEN1","PRKAR1A","NFATC1"
"PSEN1","NOTCH2","NFATC1"
"PSEN1","BAZ1B","NFATC1"
"PSEN1","PLCG2","NFATC1"
"PSEN1","STK3/4","SH2D2A"
"PSEN1","ACP1","SH2D2A"
"PSEN1","PTPN6","SH2D2A"
"PSEN1","STK4","SH2D2A"
"PSEN1","RPS6KB1","SH2D2A"
"PSEN1","CHEK1","SH2D2A"
"PSEN1","EIF2AK2","SH2D2A"
"PSEN1","STK3","SH2D2A"
"PSEN1","DOK1","SH2D2A"
"PSEN1","CDC25A","SH2D2A"
"PSEN1","MARK2","SH2D2A"
"PSEN1","PHLPP1","SH2D2A"
"PSEN1","CALM3","SH2D2A"
"PSEN1","YAP1","SH2D2A"
"PSEN1","DEF6","SH2D2A"
"PSEN1","CAMKK2","SH2D2A"
"PSEN1","PTPN7","SH2D2A"
"PSEN1","PDP1","SH2D2A"
"PSEN1","RPS6KA4","SH2D2A"
"PSEN1","HDAC3","SH2D2A"
"PSEN1","AXIN1","SH2D2A"
"PSEN1","PTPRR","SH2D2A"
"PSEN1","CDKN1B","SH2D2A"
"PSEN1","SKP2","SH2D2A"
"PSEN1","MAML1","SH2D2A"
"PSEN1","CDC25C","SH2D2A"
"PSEN1","WEE1","SH2D2A"
"PSEN1","CLASP2","SH2D2A"
"PSEN1","RHEB","SH2D2A"
"PSEN1","INPP5D","SH2D2A"
"PSEN1","TNFAIP1","SH2D2A"
"PSEN1","PHF8","SH2D2A"
"PSEN1","NF2","SH2D2A"
"PSEN1","MDC1","SH2D2A"
"PSEN1","MRE11","SH2D2A"
"PSEN1","FRAT1","SH2D2A"
"PSEN1","CBL","SH2D2A"
"PSEN1","RBBP8","SH2D2A"
"PSEN1","PCBP2","SH2D2A"
"PSEN1","SH2B3","SH2D2A"
"PSEN1","HDAC1","SH2D2A"
"PSEN1","GRB14","SH2D2A"
"PSEN1","PRKAR1A","SH2D2A"
"PSEN1","NOTCH2","SH2D2A"
"PSEN1","BAZ1B","SH2D2A"
"PSEN1","PLCG2","SH2D2A"
"PSEN1","STK3/4","EIF4E"
"PSEN1","ACP1","EIF4E"
"PSEN1","PTPN6","EIF4E"
"PSEN1","STK4","EIF4E"
"PSEN1","RPS6KB1","EIF4E"
"PSEN1","CHEK1","EIF4E"
"PSEN1","EIF2AK2","EIF4E"
"PSEN1","STK3","EIF4E"
"PSEN1","DOK1","EIF4E"
"PSEN1","CDC25A","EIF4E"
"PSEN1","MARK2","EIF4E"
"PSEN1","PHLPP1","EIF4E"
"PSEN1","CALM3","EIF4E"
"PSEN1","YAP1","EIF4E"
"PSEN1","DEF6","EIF4E"
"PSEN1","CAMKK2","EIF4E"
"PSEN1","PTPN7","EIF4E"
"PSEN1","PDP1","EIF4E"
"PSEN1","RPS6KA4","EIF4E"
"PSEN1","HDAC3","EIF4E"
"PSEN1","AXIN1","EIF4E"
"PSEN1","PTPRR","EIF4E"
"PSEN1","CDKN1B","EIF4E"
"PSEN1","SKP2","EIF4E"
"PSEN1","MAML1","EIF4E"
"PSEN1","CDC25C","EIF4E"
"PSEN1","WEE1","EIF4E"
"PSEN1","CLASP2","EIF4E"
"PSEN1","RHEB","EIF4E"
"PSEN1","INPP5D","EIF4E"
"PSEN1","TNFAIP1","EIF4E"
"PSEN1","PHF8","EIF4E"
"PSEN1","NF2","EIF4E"
"PSEN1","MDC1","EIF4E"
"PSEN1","MRE11","EIF4E"
"PSEN1","FRAT1","EIF4E"
"PSEN1","CBL","EIF4E"
"PSEN1","RBBP8","EIF4E"
"PSEN1","PCBP2","EIF4E"
"PSEN1","SH2B3","EIF4E"
"PSEN1","HDAC1","EIF4E"
"PSEN1","GRB14","EIF4E"
"PSEN1","PRKAR1A","EIF4E"
"PSEN1","NOTCH2","EIF4E"
"PSEN1","BAZ1B","EIF4E"
"PSEN1","PLCG2","EIF4E"
"PSEN1","STK3/4","SLC9A1"
"PSEN1","ACP1","SLC9A1"
"PSEN1","PTPN6","SLC9A1"
"PSEN1","STK4","SLC9A1"
"PSEN1","RPS6KB1","SLC9A1"
"PSEN1","CHEK1","SLC9A1"
"PSEN1","EIF2AK2","SLC9A1"
"PSEN1","STK3","SLC9A1"
"PSEN1","DOK1","SLC9A1"
"PSEN1","CDC25A","SLC9A1"
"PSEN1","MARK2","SLC9A1"
"PSEN1","PHLPP1","SLC9A1"
"PSEN1","CALM3","SLC9A1"
"PSEN1","YAP1","SLC9A1"
"PSEN1","DEF6","SLC9A1"
"PSEN1","CAMKK2","SLC9A1"
"PSEN1","PTPN7","SLC9A1"
"PSEN1","PDP1","SLC9A1"
"PSEN1","RPS6KA4","SLC9A1"
"PSEN1","HDAC3","SLC9A1"
"PSEN1","AXIN1","SLC9A1"
"PSEN1","PTPRR","SLC9A1"
"PSEN1","CDKN1B","SLC9A1"
"PSEN1","SKP2","SLC9A1"
"PSEN1","MAML1","SLC9A1"
"PSEN1","CDC25C","SLC9A1"
"PSEN1","WEE1","SLC9A1"
"PSEN1","CLASP2","SLC9A1"
"PSEN1","RHEB","SLC9A1"
"PSEN1","INPP5D","SLC9A1"
"PSEN1","TNFAIP1","SLC9A1"
"PSEN1","PHF8","SLC9A1"
"PSEN1","NF2","SLC9A1"
"PSEN1","MDC1","SLC9A1"
"PSEN1","MRE11","SLC9A1"
"PSEN1","FRAT1","SLC9A1"
"PSEN1","CBL","SLC9A1"
"PSEN1","RBBP8","SLC9A1"
"PSEN1","PCBP2","SLC9A1"
"PSEN1","SH2B3","SLC9A1"
"PSEN1","HDAC1","SLC9A1"
"PSEN1","GRB14","SLC9A1"
"PSEN1","PRKAR1A","SLC9A1"
"PSEN1","NOTCH2","SLC9A1"
"PSEN1","BAZ1B","SLC9A1"
"PSEN1","PLCG2","SLC9A1"
"PSEN1","STK3/4","PLA2G4A"
"PSEN1","ACP1","PLA2G4A"
"PSEN1","PTPN6","PLA2G4A"
"PSEN1","STK4","PLA2G4A"
"PSEN1","RPS6KB1","PLA2G4A"
"PSEN1","CHEK1","PLA2G4A"
"PSEN1","EIF2AK2","PLA2G4A"
"PSEN1","STK3","PLA2G4A"
"PSEN1","DOK1","PLA2G4A"
"PSEN1","CDC25A","PLA2G4A"
"PSEN1","MARK2","PLA2G4A"
"PSEN1","PHLPP1","PLA2G4A"
"PSEN1","CALM3","PLA2G4A"
"PSEN1","YAP1","PLA2G4A"
"PSEN1","DEF6","PLA2G4A"
"PSEN1","CAMKK2","PLA2G4A"
"PSEN1","PTPN7","PLA2G4A"
"PSEN1","PDP1","PLA2G4A"
"PSEN1","RPS6KA4","PLA2G4A"
"PSEN1","HDAC3","PLA2G4A"
"PSEN1","AXIN1","PLA2G4A"
"PSEN1","PTPRR","PLA2G4A"
"PSEN1","CDKN1B","PLA2G4A"
"PSEN1","SKP2","PLA2G4A"
"PSEN1","MAML1","PLA2G4A"
"PSEN1","CDC25C","PLA2G4A"
"PSEN1","WEE1","PLA2G4A"
"PSEN1","CLASP2","PLA2G4A"
"PSEN1","RHEB","PLA2G4A"
"PSEN1","INPP5D","PLA2G4A"
"PSEN1","TNFAIP1","PLA2G4A"
"PSEN1","PHF8","PLA2G4A"
"PSEN1","NF2","PLA2G4A"
"PSEN1","MDC1","PLA2G4A"
"PSEN1","MRE11","PLA2G4A"
"PSEN1","FRAT1","PLA2G4A"
"PSEN1","CBL","PLA2G4A"
"PSEN1","RBBP8","PLA2G4A"
"PSEN1","PCBP2","PLA2G4A"
"PSEN1","SH2B3","PLA2G4A"
"PSEN1","HDAC1","PLA2G4A"
"PSEN1","GRB14","PLA2G4A"
"PSEN1","PRKAR1A","PLA2G4A"
"PSEN1","NOTCH2","PLA2G4A"
"PSEN1","BAZ1B","PLA2G4A"
"PSEN1","PLCG2","PLA2G4A"
"PSEN1","STK3/4","KCNK3"
"PSEN1","ACP1","KCNK3"
"PSEN1","PTPN6","KCNK3"
"PSEN1","STK4","KCNK3"
"PSEN1","RPS6KB1","KCNK3"
"PSEN1","CHEK1","KCNK3"
"PSEN1","EIF2AK2","KCNK3"
"PSEN1","STK3","KCNK3"
"PSEN1","DOK1","KCNK3"
"PSEN1","CDC25A","KCNK3"
"PSEN1","MARK2","KCNK3"
"PSEN1","PHLPP1","KCNK3"
"PSEN1","CALM3","KCNK3"
"PSEN1","YAP1","KCNK3"
"PSEN1","DEF6","KCNK3"
"PSEN1","CAMKK2","KCNK3"
"PSEN1","PTPN7","KCNK3"
"PSEN1","PDP1","KCNK3"
"PSEN1","RPS6KA4","KCNK3"
"PSEN1","HDAC3","KCNK3"
"PSEN1","AXIN1","KCNK3"
"PSEN1","PTPRR","KCNK3"
"PSEN1","CDKN1B","KCNK3"
"PSEN1","SKP2","KCNK3"
"PSEN1","MAML1","KCNK3"
"PSEN1","CDC25C","KCNK3"
"PSEN1","WEE1","KCNK3"
"PSEN1","CLASP2","KCNK3"
"PSEN1","RHEB","KCNK3"
"PSEN1","INPP5D","KCNK3"
"PSEN1","TNFAIP1","KCNK3"
"PSEN1","PHF8","KCNK3"
"PSEN1","NF2","KCNK3"
"PSEN1","MDC1","KCNK3"
"PSEN1","MRE11","KCNK3"
"PSEN1","FRAT1","KCNK3"
"PSEN1","CBL","KCNK3"
"PSEN1","RBBP8","KCNK3"
"PSEN1","PCBP2","KCNK3"
"PSEN1","SH2B3","KCNK3"
"PSEN1","HDAC1","KCNK3"
"PSEN1","GRB14","KCNK3"
"PSEN1","PRKAR1A","KCNK3"
"PSEN1","NOTCH2","KCNK3"
"PSEN1","BAZ1B","KCNK3"
"PSEN1","PLCG2","KCNK3"
"PSEN1","STK3/4","MYBL2"
"PSEN1","ACP1","MYBL2"
"PSEN1","PTPN6","MYBL2"
"PSEN1","STK4","MYBL2"
"PSEN1","RPS6KB1","MYBL2"
"PSEN1","CHEK1","MYBL2"
"PSEN1","EIF2AK2","MYBL2"
"PSEN1","STK3","MYBL2"
"PSEN1","DOK1","MYBL2"
"PSEN1","CDC25A","MYBL2"
"PSEN1","MARK2","MYBL2"
"PSEN1","PHLPP1","MYBL2"
"PSEN1","CALM3","MYBL2"
"PSEN1","YAP1","MYBL2"
"PSEN1","DEF6","MYBL2"
"PSEN1","CAMKK2","MYBL2"
"PSEN1","PTPN7","MYBL2"
"PSEN1","PDP1","MYBL2"
"PSEN1","RPS6KA4","MYBL2"
"PSEN1","HDAC3","MYBL2"
"PSEN1","AXIN1","MYBL2"
"PSEN1","PTPRR","MYBL2"
"PSEN1","CDKN1B","MYBL2"
"PSEN1","SKP2","MYBL2"
"PSEN1","MAML1","MYBL2"
"PSEN1","CDC25C","MYBL2"
"PSEN1","WEE1","MYBL2"
"PSEN1","CLASP2","MYBL2"
"PSEN1","RHEB","MYBL2"
"PSEN1","INPP5D","MYBL2"
"PSEN1","TNFAIP1","MYBL2"
"PSEN1","PHF8","MYBL2"
"PSEN1","NF2","MYBL2"
"PSEN1","MDC1","MYBL2"
"PSEN1","MRE11","MYBL2"
"PSEN1","FRAT1","MYBL2"
"PSEN1","CBL","MYBL2"
"PSEN1","RBBP8","MYBL2"
"PSEN1","PCBP2","MYBL2"
"PSEN1","SH2B3","MYBL2"
"PSEN1","HDAC1","MYBL2"
"PSEN1","GRB14","MYBL2"
"PSEN1","PRKAR1A","MYBL2"
"PSEN1","NOTCH2","MYBL2"
"PSEN1","BAZ1B","MYBL2"
"PSEN1","PLCG2","MYBL2"
"PSEN1","STK3/4","NPHP1"
"PSEN1","ACP1","NPHP1"
"PSEN1","PTPN6","NPHP1"
"PSEN1","STK4","NPHP1"
"PSEN1","RPS6KB1","NPHP1"
"PSEN1","CHEK1","NPHP1"
"PSEN1","EIF2AK2","NPHP1"
"PSEN1","STK3","NPHP1"
"PSEN1","DOK1","NPHP1"
"PSEN1","CDC25A","NPHP1"
"PSEN1","MARK2","NPHP1"
"PSEN1","PHLPP1","NPHP1"
"PSEN1","CALM3","NPHP1"
"PSEN1","YAP1","NPHP1"
"PSEN1","DEF6","NPHP1"
"PSEN1","CAMKK2","NPHP1"
"PSEN1","PTPN7","NPHP1"
"PSEN1","PDP1","NPHP1"
"PSEN1","RPS6KA4","NPHP1"
"PSEN1","HDAC3","NPHP1"
"PSEN1","AXIN1","NPHP1"
"PSEN1","PTPRR","NPHP1"
"PSEN1","CDKN1B","NPHP1"
"PSEN1","SKP2","NPHP1"
"PSEN1","MAML1","NPHP1"
"PSEN1","CDC25C","NPHP1"
"PSEN1","WEE1","NPHP1"
"PSEN1","CLASP2","NPHP1"
"PSEN1","RHEB","NPHP1"
"PSEN1","INPP5D","NPHP1"
"PSEN1","TNFAIP1","NPHP1"
"PSEN1","PHF8","NPHP1"
"PSEN1","NF2","NPHP1"
"PSEN1","MDC1","NPHP1"
"PSEN1","MRE11","NPHP1"
"PSEN1","FRAT1","NPHP1"
"PSEN1","CBL","NPHP1"
"PSEN1","RBBP8","NPHP1"
"PSEN1","PCBP2","NPHP1"
"PSEN1","SH2B3","NPHP1"
"PSEN1","HDAC1","NPHP1"
"PSEN1","GRB14","NPHP1"
"PSEN1","PRKAR1A","NPHP1"
"PSEN1","NOTCH2","NPHP1"
"PSEN1","BAZ1B","NPHP1"
"PSEN1","PLCG2","NPHP1"
"PSEN1","STK3/4","MYF5"
"PSEN1","ACP1","MYF5"
"PSEN1","PTPN6","MYF5"
"PSEN1","STK4","MYF5"
"PSEN1","RPS6KB1","MYF5"
"PSEN1","CHEK1","MYF5"
"PSEN1","EIF2AK2","MYF5"
"PSEN1","STK3","MYF5"
"PSEN1","DOK1","MYF5"
"PSEN1","CDC25A","MYF5"
"PSEN1","MARK2","MYF5"
"PSEN1","PHLPP1","MYF5"
"PSEN1","CALM3","MYF5"
"PSEN1","YAP1","MYF5"
"PSEN1","DEF6","MYF5"
"PSEN1","CAMKK2","MYF5"
"PSEN1","PTPN7","MYF5"
"PSEN1","PDP1","MYF5"
"PSEN1","RPS6KA4","MYF5"
"PSEN1","HDAC3","MYF5"
"PSEN1","AXIN1","MYF5"
"PSEN1","PTPRR","MYF5"
"PSEN1","CDKN1B","MYF5"
"PSEN1","SKP2","MYF5"
"PSEN1","MAML1","MYF5"
"PSEN1","CDC25C","MYF5"
"PSEN1","WEE1","MYF5"
"PSEN1","CLASP2","MYF5"
"PSEN1","RHEB","MYF5"
"PSEN1","INPP5D","MYF5"
"PSEN1","TNFAIP1","MYF5"
"PSEN1","PHF8","MYF5"
"PSEN1","NF2","MYF5"
"PSEN1","MDC1","MYF5"
"PSEN1","MRE11","MYF5"
"PSEN1","FRAT1","MYF5"
"PSEN1","CBL","MYF5"
"PSEN1","RBBP8","MYF5"
"PSEN1","PCBP2","MYF5"
"PSEN1","SH2B3","MYF5"
"PSEN1","HDAC1","MYF5"
"PSEN1","GRB14","MYF5"
"PSEN1","PRKAR1A","MYF5"
"PSEN1","NOTCH2","MYF5"
"PSEN1","BAZ1B","MYF5"
"PSEN1","PLCG2","MYF5"
"PSEN1","STK3/4","UBE2R2"
"PSEN1","ACP1","UBE2R2"
"PSEN1","PTPN6","UBE2R2"
"PSEN1","STK4","UBE2R2"
"PSEN1","RPS6KB1","UBE2R2"
"PSEN1","CHEK1","UBE2R2"
"PSEN1","EIF2AK2","UBE2R2"
"PSEN1","STK3","UBE2R2"
"PSEN1","DOK1","UBE2R2"
"PSEN1","CDC25A","UBE2R2"
"PSEN1","MARK2","UBE2R2"
"PSEN1","PHLPP1","UBE2R2"
"PSEN1","CALM3","UBE2R2"
"PSEN1","YAP1","UBE2R2"
"PSEN1","DEF6","UBE2R2"
"PSEN1","CAMKK2","UBE2R2"
"PSEN1","PTPN7","UBE2R2"
"PSEN1","PDP1","UBE2R2"
"PSEN1","RPS6KA4","UBE2R2"
"PSEN1","HDAC3","UBE2R2"
"PSEN1","AXIN1","UBE2R2"
"PSEN1","PTPRR","UBE2R2"
"PSEN1","CDKN1B","UBE2R2"
"PSEN1","SKP2","UBE2R2"
"PSEN1","MAML1","UBE2R2"
"PSEN1","CDC25C","UBE2R2"
"PSEN1","WEE1","UBE2R2"
"PSEN1","CLASP2","UBE2R2"
"PSEN1","RHEB","UBE2R2"
"PSEN1","INPP5D","UBE2R2"
"PSEN1","TNFAIP1","UBE2R2"
"PSEN1","PHF8","UBE2R2"
"PSEN1","NF2","UBE2R2"
"PSEN1","MDC1","UBE2R2"
"PSEN1","MRE11","UBE2R2"
"PSEN1","FRAT1","UBE2R2"
"PSEN1","CBL","UBE2R2"
"PSEN1","RBBP8","UBE2R2"
"PSEN1","PCBP2","UBE2R2"
"PSEN1","SH2B3","UBE2R2"
"PSEN1","HDAC1","UBE2R2"
"PSEN1","GRB14","UBE2R2"
"PSEN1","PRKAR1A","UBE2R2"
"PSEN1","NOTCH2","UBE2R2"
"PSEN1","BAZ1B","UBE2R2"
"PSEN1","PLCG2","UBE2R2"
"PSEN1","STK3/4","EXOSC9"
"PSEN1","ACP1","EXOSC9"
"PSEN1","PTPN6","EXOSC9"
"PSEN1","STK4","EXOSC9"
"PSEN1","RPS6KB1","EXOSC9"
"PSEN1","CHEK1","EXOSC9"
"PSEN1","EIF2AK2","EXOSC9"
"PSEN1","STK3","EXOSC9"
"PSEN1","DOK1","EXOSC9"
"PSEN1","CDC25A","EXOSC9"
"PSEN1","MARK2","EXOSC9"
"PSEN1","PHLPP1","EXOSC9"
"PSEN1","CALM3","EXOSC9"
"PSEN1","YAP1","EXOSC9"
"PSEN1","DEF6","EXOSC9"
"PSEN1","CAMKK2","EXOSC9"
"PSEN1","PTPN7","EXOSC9"
"PSEN1","PDP1","EXOSC9"
"PSEN1","RPS6KA4","EXOSC9"
"PSEN1","HDAC3","EXOSC9"
"PSEN1","AXIN1","EXOSC9"
"PSEN1","PTPRR","EXOSC9"
"PSEN1","CDKN1B","EXOSC9"
"PSEN1","SKP2","EXOSC9"
"PSEN1","MAML1","EXOSC9"
"PSEN1","CDC25C","EXOSC9"
"PSEN1","WEE1","EXOSC9"
"PSEN1","CLASP2","EXOSC9"
"PSEN1","RHEB","EXOSC9"
"PSEN1","INPP5D","EXOSC9"
"PSEN1","TNFAIP1","EXOSC9"
"PSEN1","PHF8","EXOSC9"
"PSEN1","NF2","EXOSC9"
"PSEN1","MDC1","EXOSC9"
"PSEN1","MRE11","EXOSC9"
"PSEN1","FRAT1","EXOSC9"
"PSEN1","CBL","EXOSC9"
"PSEN1","RBBP8","EXOSC9"
"PSEN1","PCBP2","EXOSC9"
"PSEN1","SH2B3","EXOSC9"
"PSEN1","HDAC1","EXOSC9"
"PSEN1","GRB14","EXOSC9"
"PSEN1","PRKAR1A","EXOSC9"
"PSEN1","NOTCH2","EXOSC9"
"PSEN1","BAZ1B","EXOSC9"
"PSEN1","PLCG2","EXOSC9"
"PSEN1","STK3/4","HES6"
"PSEN1","ACP1","HES6"
"PSEN1","PTPN6","HES6"
"PSEN1","STK4","HES6"
"PSEN1","RPS6KB1","HES6"
"PSEN1","CHEK1","HES6"
"PSEN1","EIF2AK2","HES6"
"PSEN1","STK3","HES6"
"PSEN1","DOK1","HES6"
"PSEN1","CDC25A","HES6"
"PSEN1","MARK2","HES6"
"PSEN1","PHLPP1","HES6"
"PSEN1","CALM3","HES6"
"PSEN1","YAP1","HES6"
"PSEN1","DEF6","HES6"
"PSEN1","CAMKK2","HES6"
"PSEN1","PTPN7","HES6"
"PSEN1","PDP1","HES6"
"PSEN1","RPS6KA4","HES6"
"PSEN1","HDAC3","HES6"
"PSEN1","AXIN1","HES6"
"PSEN1","PTPRR","HES6"
"PSEN1","CDKN1B","HES6"
"PSEN1","SKP2","HES6"
"PSEN1","MAML1","HES6"
"PSEN1","CDC25C","HES6"
"PSEN1","WEE1","HES6"
"PSEN1","CLASP2","HES6"
"PSEN1","RHEB","HES6"
"PSEN1","INPP5D","HES6"
"PSEN1","TNFAIP1","HES6"
"PSEN1","PHF8","HES6"
"PSEN1","NF2","HES6"
"PSEN1","MDC1","HES6"
"PSEN1","MRE11","HES6"
"PSEN1","FRAT1","HES6"
"PSEN1","CBL","HES6"
"PSEN1","RBBP8","HES6"
"PSEN1","PCBP2","HES6"
"PSEN1","SH2B3","HES6"
"PSEN1","HDAC1","HES6"
"PSEN1","GRB14","HES6"
"PSEN1","PRKAR1A","HES6"
"PSEN1","NOTCH2","HES6"
"PSEN1","BAZ1B","HES6"
"PSEN1","PLCG2","HES6"
"PSEN1","STK3/4","CD3G"
"PSEN1","ACP1","CD3G"
"PSEN1","PTPN6","CD3G"
"PSEN1","STK4","CD3G"
"PSEN1","RPS6KB1","CD3G"
"PSEN1","CHEK1","CD3G"
"PSEN1","EIF2AK2","CD3G"
"PSEN1","STK3","CD3G"
"PSEN1","DOK1","CD3G"
"PSEN1","CDC25A","CD3G"
"PSEN1","MARK2","CD3G"
"PSEN1","PHLPP1","CD3G"
"PSEN1","CALM3","CD3G"
"PSEN1","YAP1","CD3G"
"PSEN1","DEF6","CD3G"
"PSEN1","CAMKK2","CD3G"
"PSEN1","PTPN7","CD3G"
"PSEN1","PDP1","CD3G"
"PSEN1","RPS6KA4","CD3G"
"PSEN1","HDAC3","CD3G"
"PSEN1","AXIN1","CD3G"
"PSEN1","PTPRR","CD3G"
"PSEN1","CDKN1B","CD3G"
"PSEN1","SKP2","CD3G"
"PSEN1","MAML1","CD3G"
"PSEN1","CDC25C","CD3G"
"PSEN1","WEE1","CD3G"
"PSEN1","CLASP2","CD3G"
"PSEN1","RHEB","CD3G"
"PSEN1","INPP5D","CD3G"
"PSEN1","TNFAIP1","CD3G"
"PSEN1","PHF8","CD3G"
"PSEN1","NF2","CD3G"
"PSEN1","MDC1","CD3G"
"PSEN1","MRE11","CD3G"
"PSEN1","FRAT1","CD3G"
"PSEN1","CBL","CD3G"
"PSEN1","RBBP8","CD3G"
"PSEN1","PCBP2","CD3G"
"PSEN1","SH2B3","CD3G"
"PSEN1","HDAC1","CD3G"
"PSEN1","GRB14","CD3G"
"PSEN1","PRKAR1A","CD3G"
"PSEN1","NOTCH2","CD3G"
"PSEN1","BAZ1B","CD3G"
"PSEN1","PLCG2","CD3G"
"PSEN1","STK3/4","TH"
"PSEN1","ACP1","TH"
"PSEN1","PTPN6","TH"
"PSEN1","STK4","TH"
"PSEN1","RPS6KB1","TH"
"PSEN1","CHEK1","TH"
"PSEN1","EIF2AK2","TH"
"PSEN1","STK3","TH"
"PSEN1","DOK1","TH"
"PSEN1","CDC25A","TH"
"PSEN1","MARK2","TH"
"PSEN1","PHLPP1","TH"
"PSEN1","CALM3","TH"
"PSEN1","YAP1","TH"
"PSEN1","DEF6","TH"
"PSEN1","CAMKK2","TH"
"PSEN1","PTPN7","TH"
"PSEN1","PDP1","TH"
"PSEN1","RPS6KA4","TH"
"PSEN1","HDAC3","TH"
"PSEN1","AXIN1","TH"
"PSEN1","PTPRR","TH"
"PSEN1","CDKN1B","TH"
"PSEN1","SKP2","TH"
"PSEN1","MAML1","TH"
"PSEN1","CDC25C","TH"
"PSEN1","WEE1","TH"
"PSEN1","CLASP2","TH"
"PSEN1","RHEB","TH"
"PSEN1","INPP5D","TH"
"PSEN1","TNFAIP1","TH"
"PSEN1","PHF8","TH"
"PSEN1","NF2","TH"
"PSEN1","MDC1","TH"
"PSEN1","MRE11","TH"
"PSEN1","FRAT1","TH"
"PSEN1","CBL","TH"
"PSEN1","RBBP8","TH"
"PSEN1","PCBP2","TH"
"PSEN1","SH2B3","TH"
"PSEN1","HDAC1","TH"
"PSEN1","GRB14","TH"
"PSEN1","PRKAR1A","TH"
"PSEN1","NOTCH2","TH"
"PSEN1","BAZ1B","TH"
"PSEN1","PLCG2","TH"
"PSEN1","STK3/4","CCDC50"
"PSEN1","ACP1","CCDC50"
"PSEN1","PTPN6","CCDC50"
"PSEN1","STK4","CCDC50"
"PSEN1","RPS6KB1","CCDC50"
"PSEN1","CHEK1","CCDC50"
"PSEN1","EIF2AK2","CCDC50"
"PSEN1","STK3","CCDC50"
"PSEN1","DOK1","CCDC50"
"PSEN1","CDC25A","CCDC50"
"PSEN1","MARK2","CCDC50"
"PSEN1","PHLPP1","CCDC50"
"PSEN1","CALM3","CCDC50"
"PSEN1","YAP1","CCDC50"
"PSEN1","DEF6","CCDC50"
"PSEN1","CAMKK2","CCDC50"
"PSEN1","PTPN7","CCDC50"
"PSEN1","PDP1","CCDC50"
"PSEN1","RPS6KA4","CCDC50"
"PSEN1","HDAC3","CCDC50"
"PSEN1","AXIN1","CCDC50"
"PSEN1","PTPRR","CCDC50"
"PSEN1","CDKN1B","CCDC50"
"PSEN1","SKP2","CCDC50"
"PSEN1","MAML1","CCDC50"
"PSEN1","CDC25C","CCDC50"
"PSEN1","WEE1","CCDC50"
"PSEN1","CLASP2","CCDC50"
"PSEN1","RHEB","CCDC50"
"PSEN1","INPP5D","CCDC50"
"PSEN1","TNFAIP1","CCDC50"
"PSEN1","PHF8","CCDC50"
"PSEN1","NF2","CCDC50"
"PSEN1","MDC1","CCDC50"
"PSEN1","MRE11","CCDC50"
"PSEN1","FRAT1","CCDC50"
"PSEN1","CBL","CCDC50"
"PSEN1","RBBP8","CCDC50"
"PSEN1","PCBP2","CCDC50"
"PSEN1","SH2B3","CCDC50"
"PSEN1","HDAC1","CCDC50"
"PSEN1","GRB14","CCDC50"
"PSEN1","PRKAR1A","CCDC50"
"PSEN1","NOTCH2","CCDC50"
"PSEN1","BAZ1B","CCDC50"
"PSEN1","PLCG2","CCDC50"
"PSEN1","STK3/4","MCM3"
"PSEN1","ACP1","MCM3"
"PSEN1","PTPN6","MCM3"
"PSEN1","STK4","MCM3"
"PSEN1","RPS6KB1","MCM3"
"PSEN1","CHEK1","MCM3"
"PSEN1","EIF2AK2","MCM3"
"PSEN1","STK3","MCM3"
"PSEN1","DOK1","MCM3"
"PSEN1","CDC25A","MCM3"
"PSEN1","MARK2","MCM3"
"PSEN1","PHLPP1","MCM3"
"PSEN1","CALM3","MCM3"
"PSEN1","YAP1","MCM3"
"PSEN1","DEF6","MCM3"
"PSEN1","CAMKK2","MCM3"
"PSEN1","PTPN7","MCM3"
"PSEN1","PDP1","MCM3"
"PSEN1","RPS6KA4","MCM3"
"PSEN1","HDAC3","MCM3"
"PSEN1","AXIN1","MCM3"
"PSEN1","PTPRR","MCM3"
"PSEN1","CDKN1B","MCM3"
"PSEN1","SKP2","MCM3"
"PSEN1","MAML1","MCM3"
"PSEN1","CDC25C","MCM3"
"PSEN1","WEE1","MCM3"
"PSEN1","CLASP2","MCM3"
"PSEN1","RHEB","MCM3"
"PSEN1","INPP5D","MCM3"
"PSEN1","TNFAIP1","MCM3"
"PSEN1","PHF8","MCM3"
"PSEN1","NF2","MCM3"
"PSEN1","MDC1","MCM3"
"PSEN1","MRE11","MCM3"
"PSEN1","FRAT1","MCM3"
"PSEN1","CBL","MCM3"
"PSEN1","RBBP8","MCM3"
"PSEN1","PCBP2","MCM3"
"PSEN1","SH2B3","MCM3"
"PSEN1","HDAC1","MCM3"
"PSEN1","GRB14","MCM3"
"PSEN1","PRKAR1A","MCM3"
"PSEN1","NOTCH2","MCM3"
"PSEN1","BAZ1B","MCM3"
"PSEN1","PLCG2","MCM3"
"PSEN1","STK3/4","CTLA4"
"PSEN1","ACP1","CTLA4"
"PSEN1","PTPN6","CTLA4"
"PSEN1","STK4","CTLA4"
"PSEN1","RPS6KB1","CTLA4"
"PSEN1","CHEK1","CTLA4"
"PSEN1","EIF2AK2","CTLA4"
"PSEN1","STK3","CTLA4"
"PSEN1","DOK1","CTLA4"
"PSEN1","CDC25A","CTLA4"
"PSEN1","MARK2","CTLA4"
"PSEN1","PHLPP1","CTLA4"
"PSEN1","CALM3","CTLA4"
"PSEN1","YAP1","CTLA4"
"PSEN1","DEF6","CTLA4"
"PSEN1","CAMKK2","CTLA4"
"PSEN1","PTPN7","CTLA4"
"PSEN1","PDP1","CTLA4"
"PSEN1","RPS6KA4","CTLA4"
"PSEN1","HDAC3","CTLA4"
"PSEN1","AXIN1","CTLA4"
"PSEN1","PTPRR","CTLA4"
"PSEN1","CDKN1B","CTLA4"
"PSEN1","SKP2","CTLA4"
"PSEN1","MAML1","CTLA4"
"PSEN1","CDC25C","CTLA4"
"PSEN1","WEE1","CTLA4"
"PSEN1","CLASP2","CTLA4"
"PSEN1","RHEB","CTLA4"
"PSEN1","INPP5D","CTLA4"
"PSEN1","TNFAIP1","CTLA4"
"PSEN1","PHF8","CTLA4"
"PSEN1","NF2","CTLA4"
"PSEN1","MDC1","CTLA4"
"PSEN1","MRE11","CTLA4"
"PSEN1","FRAT1","CTLA4"
"PSEN1","CBL","CTLA4"
"PSEN1","RBBP8","CTLA4"
"PSEN1","PCBP2","CTLA4"
"PSEN1","SH2B3","CTLA4"
"PSEN1","HDAC1","CTLA4"
"PSEN1","GRB14","CTLA4"
"PSEN1","PRKAR1A","CTLA4"
"PSEN1","NOTCH2","CTLA4"
"PSEN1","BAZ1B","CTLA4"
"PSEN1","PLCG2","CTLA4"
"PSEN1","STK3/4","SPHK1"
"PSEN1","ACP1","SPHK1"
"PSEN1","PTPN6","SPHK1"
"PSEN1","STK4","SPHK1"
"PSEN1","RPS6KB1","SPHK1"
"PSEN1","CHEK1","SPHK1"
"PSEN1","EIF2AK2","SPHK1"
"PSEN1","STK3","SPHK1"
"PSEN1","DOK1","SPHK1"
"PSEN1","CDC25A","SPHK1"
"PSEN1","MARK2","SPHK1"
"PSEN1","PHLPP1","SPHK1"
"PSEN1","CALM3","SPHK1"
"PSEN1","YAP1","SPHK1"
"PSEN1","DEF6","SPHK1"
"PSEN1","CAMKK2","SPHK1"
"PSEN1","PTPN7","SPHK1"
"PSEN1","PDP1","SPHK1"
"PSEN1","RPS6KA4","SPHK1"
"PSEN1","HDAC3","SPHK1"
"PSEN1","AXIN1","SPHK1"
"PSEN1","PTPRR","SPHK1"
"PSEN1","CDKN1B","SPHK1"
"PSEN1","SKP2","SPHK1"
"PSEN1","MAML1","SPHK1"
"PSEN1","CDC25C","SPHK1"
"PSEN1","WEE1","SPHK1"
"PSEN1","CLASP2","SPHK1"
"PSEN1","RHEB","SPHK1"
"PSEN1","INPP5D","SPHK1"
"PSEN1","TNFAIP1","SPHK1"
"PSEN1","PHF8","SPHK1"
"PSEN1","NF2","SPHK1"
"PSEN1","MDC1","SPHK1"
"PSEN1","MRE11","SPHK1"
"PSEN1","FRAT1","SPHK1"
"PSEN1","CBL","SPHK1"
"PSEN1","RBBP8","SPHK1"
"PSEN1","PCBP2","SPHK1"
"PSEN1","SH2B3","SPHK1"
"PSEN1","HDAC1","SPHK1"
"PSEN1","GRB14","SPHK1"
"PSEN1","PRKAR1A","SPHK1"
"PSEN1","NOTCH2","SPHK1"
"PSEN1","BAZ1B","SPHK1"
"PSEN1","PLCG2","SPHK1"
"PSEN1","STK3/4","CAV2"
"PSEN1","ACP1","CAV2"
"PSEN1","PTPN6","CAV2"
"PSEN1","STK4","CAV2"
"PSEN1","RPS6KB1","CAV2"
"PSEN1","CHEK1","CAV2"
"PSEN1","EIF2AK2","CAV2"
"PSEN1","STK3","CAV2"
"PSEN1","DOK1","CAV2"
"PSEN1","CDC25A","CAV2"
"PSEN1","MARK2","CAV2"
"PSEN1","PHLPP1","CAV2"
"PSEN1","CALM3","CAV2"
"PSEN1","YAP1","CAV2"
"PSEN1","DEF6","CAV2"
"PSEN1","CAMKK2","CAV2"
"PSEN1","PTPN7","CAV2"
"PSEN1","PDP1","CAV2"
"PSEN1","RPS6KA4","CAV2"
"PSEN1","HDAC3","CAV2"
"PSEN1","AXIN1","CAV2"
"PSEN1","PTPRR","CAV2"
"PSEN1","CDKN1B","CAV2"
"PSEN1","SKP2","CAV2"
"PSEN1","MAML1","CAV2"
"PSEN1","CDC25C","CAV2"
"PSEN1","WEE1","CAV2"
"PSEN1","CLASP2","CAV2"
"PSEN1","RHEB","CAV2"
"PSEN1","INPP5D","CAV2"
"PSEN1","TNFAIP1","CAV2"
"PSEN1","PHF8","CAV2"
"PSEN1","NF2","CAV2"
"PSEN1","MDC1","CAV2"
"PSEN1","MRE11","CAV2"
"PSEN1","FRAT1","CAV2"
"PSEN1","CBL","CAV2"
"PSEN1","RBBP8","CAV2"
"PSEN1","PCBP2","CAV2"
"PSEN1","SH2B3","CAV2"
"PSEN1","HDAC1","CAV2"
"PSEN1","GRB14","CAV2"
"PSEN1","PRKAR1A","CAV2"
"PSEN1","NOTCH2","CAV2"
"PSEN1","BAZ1B","CAV2"
"PSEN1","PLCG2","CAV2"
"PSEN1","STK3/4","CDC27"
"PSEN1","ACP1","CDC27"
"PSEN1","PTPN6","CDC27"
"PSEN1","STK4","CDC27"
"PSEN1","RPS6KB1","CDC27"
"PSEN1","CHEK1","CDC27"
"PSEN1","EIF2AK2","CDC27"
"PSEN1","STK3","CDC27"
"PSEN1","DOK1","CDC27"
"PSEN1","CDC25A","CDC27"
"PSEN1","MARK2","CDC27"
"PSEN1","PHLPP1","CDC27"
"PSEN1","CALM3","CDC27"
"PSEN1","YAP1","CDC27"
"PSEN1","DEF6","CDC27"
"PSEN1","CAMKK2","CDC27"
"PSEN1","PTPN7","CDC27"
"PSEN1","PDP1","CDC27"
"PSEN1","RPS6KA4","CDC27"
"PSEN1","HDAC3","CDC27"
"PSEN1","AXIN1","CDC27"
"PSEN1","PTPRR","CDC27"
"PSEN1","CDKN1B","CDC27"
"PSEN1","SKP2","CDC27"
"PSEN1","MAML1","CDC27"
"PSEN1","CDC25C","CDC27"
"PSEN1","WEE1","CDC27"
"PSEN1","CLASP2","CDC27"
"PSEN1","RHEB","CDC27"
"PSEN1","INPP5D","CDC27"
"PSEN1","TNFAIP1","CDC27"
"PSEN1","PHF8","CDC27"
"PSEN1","NF2","CDC27"
"PSEN1","MDC1","CDC27"
"PSEN1","MRE11","CDC27"
"PSEN1","FRAT1","CDC27"
"PSEN1","CBL","CDC27"
"PSEN1","RBBP8","CDC27"
"PSEN1","PCBP2","CDC27"
"PSEN1","SH2B3","CDC27"
"PSEN1","HDAC1","CDC27"
"PSEN1","GRB14","CDC27"
"PSEN1","PRKAR1A","CDC27"
"PSEN1","NOTCH2","CDC27"
"PSEN1","BAZ1B","CDC27"
"PSEN1","PLCG2","CDC27"
"PSEN1","STK3/4","EEF1A2"
"PSEN1","ACP1","EEF1A2"
"PSEN1","PTPN6","EEF1A2"
"PSEN1","STK4","EEF1A2"
"PSEN1","RPS6KB1","EEF1A2"
"PSEN1","CHEK1","EEF1A2"
"PSEN1","EIF2AK2","EEF1A2"
"PSEN1","STK3","EEF1A2"
"PSEN1","DOK1","EEF1A2"
"PSEN1","CDC25A","EEF1A2"
"PSEN1","MARK2","EEF1A2"
"PSEN1","PHLPP1","EEF1A2"
"PSEN1","CALM3","EEF1A2"
"PSEN1","YAP1","EEF1A2"
"PSEN1","DEF6","EEF1A2"
"PSEN1","CAMKK2","EEF1A2"
"PSEN1","PTPN7","EEF1A2"
"PSEN1","PDP1","EEF1A2"
"PSEN1","RPS6KA4","EEF1A2"
"PSEN1","HDAC3","EEF1A2"
"PSEN1","AXIN1","EEF1A2"
"PSEN1","PTPRR","EEF1A2"
"PSEN1","CDKN1B","EEF1A2"
"PSEN1","SKP2","EEF1A2"
"PSEN1","MAML1","EEF1A2"
"PSEN1","CDC25C","EEF1A2"
"PSEN1","WEE1","EEF1A2"
"PSEN1","CLASP2","EEF1A2"
"PSEN1","RHEB","EEF1A2"
"PSEN1","INPP5D","EEF1A2"
"PSEN1","TNFAIP1","EEF1A2"
"PSEN1","PHF8","EEF1A2"
"PSEN1","NF2","EEF1A2"
"PSEN1","MDC1","EEF1A2"
"PSEN1","MRE11","EEF1A2"
"PSEN1","FRAT1","EEF1A2"
"PSEN1","CBL","EEF1A2"
"PSEN1","RBBP8","EEF1A2"
"PSEN1","PCBP2","EEF1A2"
"PSEN1","SH2B3","EEF1A2"
"PSEN1","HDAC1","EEF1A2"
"PSEN1","GRB14","EEF1A2"
"PSEN1","PRKAR1A","EEF1A2"
"PSEN1","NOTCH2","EEF1A2"
"PSEN1","BAZ1B","EEF1A2"
"PSEN1","PLCG2","EEF1A2"
"PSEN1","STK3/4","USP7"
"PSEN1","ACP1","USP7"
"PSEN1","PTPN6","USP7"
"PSEN1","STK4","USP7"
"PSEN1","RPS6KB1","USP7"
"PSEN1","CHEK1","USP7"
"PSEN1","EIF2AK2","USP7"
"PSEN1","STK3","USP7"
"PSEN1","DOK1","USP7"
"PSEN1","CDC25A","USP7"
"PSEN1","MARK2","USP7"
"PSEN1","PHLPP1","USP7"
"PSEN1","CALM3","USP7"
"PSEN1","YAP1","USP7"
"PSEN1","DEF6","USP7"
"PSEN1","CAMKK2","USP7"
"PSEN1","PTPN7","USP7"
"PSEN1","PDP1","USP7"
"PSEN1","RPS6KA4","USP7"
"PSEN1","HDAC3","USP7"
"PSEN1","AXIN1","USP7"
"PSEN1","PTPRR","USP7"
"PSEN1","CDKN1B","USP7"
"PSEN1","SKP2","USP7"
"PSEN1","MAML1","USP7"
"PSEN1","CDC25C","USP7"
"PSEN1","WEE1","USP7"
"PSEN1","CLASP2","USP7"
"PSEN1","RHEB","USP7"
"PSEN1","INPP5D","USP7"
"PSEN1","TNFAIP1","USP7"
"PSEN1","PHF8","USP7"
"PSEN1","NF2","USP7"
"PSEN1","MDC1","USP7"
"PSEN1","MRE11","USP7"
"PSEN1","FRAT1","USP7"
"PSEN1","CBL","USP7"
"PSEN1","RBBP8","USP7"
"PSEN1","PCBP2","USP7"
"PSEN1","SH2B3","USP7"
"PSEN1","HDAC1","USP7"
"PSEN1","GRB14","USP7"
"PSEN1","PRKAR1A","USP7"
"PSEN1","NOTCH2","USP7"
"PSEN1","BAZ1B","USP7"
"PSEN1","PLCG2","USP7"
"PSEN1","STK3/4","ACE"
"PSEN1","ACP1","ACE"
"PSEN1","PTPN6","ACE"
"PSEN1","STK4","ACE"
"PSEN1","RPS6KB1","ACE"
"PSEN1","CHEK1","ACE"
"PSEN1","EIF2AK2","ACE"
"PSEN1","STK3","ACE"
"PSEN1","DOK1","ACE"
"PSEN1","CDC25A","ACE"
"PSEN1","MARK2","ACE"
"PSEN1","PHLPP1","ACE"
"PSEN1","CALM3","ACE"
"PSEN1","YAP1","ACE"
"PSEN1","DEF6","ACE"
"PSEN1","CAMKK2","ACE"
"PSEN1","PTPN7","ACE"
"PSEN1","PDP1","ACE"
"PSEN1","RPS6KA4","ACE"
"PSEN1","HDAC3","ACE"
"PSEN1","AXIN1","ACE"
"PSEN1","PTPRR","ACE"
"PSEN1","CDKN1B","ACE"
"PSEN1","SKP2","ACE"
"PSEN1","MAML1","ACE"
"PSEN1","CDC25C","ACE"
"PSEN1","WEE1","ACE"
"PSEN1","CLASP2","ACE"
"PSEN1","RHEB","ACE"
"PSEN1","INPP5D","ACE"
"PSEN1","TNFAIP1","ACE"
"PSEN1","PHF8","ACE"
"PSEN1","NF2","ACE"
"PSEN1","MDC1","ACE"
"PSEN1","MRE11","ACE"
"PSEN1","FRAT1","ACE"
"PSEN1","CBL","ACE"
"PSEN1","RBBP8","ACE"
"PSEN1","PCBP2","ACE"
"PSEN1","SH2B3","ACE"
"PSEN1","HDAC1","ACE"
"PSEN1","GRB14","ACE"
"PSEN1","PRKAR1A","ACE"
"PSEN1","NOTCH2","ACE"
"PSEN1","BAZ1B","ACE"
"PSEN1","PLCG2","ACE"
"PSEN1","STK3/4","ADAM15"
"PSEN1","ACP1","ADAM15"
"PSEN1","PTPN6","ADAM15"
"PSEN1","STK4","ADAM15"
"PSEN1","RPS6KB1","ADAM15"
"PSEN1","CHEK1","ADAM15"
"PSEN1","EIF2AK2","ADAM15"
"PSEN1","STK3","ADAM15"
"PSEN1","DOK1","ADAM15"
"PSEN1","CDC25A","ADAM15"
"PSEN1","MARK2","ADAM15"
"PSEN1","PHLPP1","ADAM15"
"PSEN1","CALM3","ADAM15"
"PSEN1","YAP1","ADAM15"
"PSEN1","DEF6","ADAM15"
"PSEN1","CAMKK2","ADAM15"
"PSEN1","PTPN7","ADAM15"
"PSEN1","PDP1","ADAM15"
"PSEN1","RPS6KA4","ADAM15"
"PSEN1","HDAC3","ADAM15"
"PSEN1","AXIN1","ADAM15"
"PSEN1","PTPRR","ADAM15"
"PSEN1","CDKN1B","ADAM15"
"PSEN1","SKP2","ADAM15"
"PSEN1","MAML1","ADAM15"
"PSEN1","CDC25C","ADAM15"
"PSEN1","WEE1","ADAM15"
"PSEN1","CLASP2","ADAM15"
"PSEN1","RHEB","ADAM15"
"PSEN1","INPP5D","ADAM15"
"PSEN1","TNFAIP1","ADAM15"
"PSEN1","PHF8","ADAM15"
"PSEN1","NF2","ADAM15"
"PSEN1","MDC1","ADAM15"
"PSEN1","MRE11","ADAM15"
"PSEN1","FRAT1","ADAM15"
"PSEN1","CBL","ADAM15"
"PSEN1","RBBP8","ADAM15"
"PSEN1","PCBP2","ADAM15"
"PSEN1","SH2B3","ADAM15"
"PSEN1","HDAC1","ADAM15"
"PSEN1","GRB14","ADAM15"
"PSEN1","PRKAR1A","ADAM15"
"PSEN1","NOTCH2","ADAM15"
"PSEN1","BAZ1B","ADAM15"
"PSEN1","PLCG2","ADAM15"
"PSEN1","STK3/4","NPAT"
"PSEN1","ACP1","NPAT"
"PSEN1","PTPN6","NPAT"
"PSEN1","STK4","NPAT"
"PSEN1","RPS6KB1","NPAT"
"PSEN1","CHEK1","NPAT"
"PSEN1","EIF2AK2","NPAT"
"PSEN1","STK3","NPAT"
"PSEN1","DOK1","NPAT"
"PSEN1","CDC25A","NPAT"
"PSEN1","MARK2","NPAT"
"PSEN1","PHLPP1","NPAT"
"PSEN1","CALM3","NPAT"
"PSEN1","YAP1","NPAT"
"PSEN1","DEF6","NPAT"
"PSEN1","CAMKK2","NPAT"
"PSEN1","PTPN7","NPAT"
"PSEN1","PDP1","NPAT"
"PSEN1","RPS6KA4","NPAT"
"PSEN1","HDAC3","NPAT"
"PSEN1","AXIN1","NPAT"
"PSEN1","PTPRR","NPAT"
"PSEN1","CDKN1B","NPAT"
"PSEN1","SKP2","NPAT"
"PSEN1","MAML1","NPAT"
"PSEN1","CDC25C","NPAT"
"PSEN1","WEE1","NPAT"
"PSEN1","CLASP2","NPAT"
"PSEN1","RHEB","NPAT"
"PSEN1","INPP5D","NPAT"
"PSEN1","TNFAIP1","NPAT"
"PSEN1","PHF8","NPAT"
"PSEN1","NF2","NPAT"
"PSEN1","MDC1","NPAT"
"PSEN1","MRE11","NPAT"
"PSEN1","FRAT1","NPAT"
"PSEN1","CBL","NPAT"
"PSEN1","RBBP8","NPAT"
"PSEN1","PCBP2","NPAT"
"PSEN1","SH2B3","NPAT"
"PSEN1","HDAC1","NPAT"
"PSEN1","GRB14","NPAT"
"PSEN1","PRKAR1A","NPAT"
"PSEN1","NOTCH2","NPAT"
"PSEN1","BAZ1B","NPAT"
"PSEN1","PLCG2","NPAT"
"PSEN1","STK3/4","CCT2"
"PSEN1","ACP1","CCT2"
"PSEN1","PTPN6","CCT2"
"PSEN1","STK4","CCT2"
"PSEN1","RPS6KB1","CCT2"
"PSEN1","CHEK1","CCT2"
"PSEN1","EIF2AK2","CCT2"
"PSEN1","STK3","CCT2"
"PSEN1","DOK1","CCT2"
"PSEN1","CDC25A","CCT2"
"PSEN1","MARK2","CCT2"
"PSEN1","PHLPP1","CCT2"
"PSEN1","CALM3","CCT2"
"PSEN1","YAP1","CCT2"
"PSEN1","DEF6","CCT2"
"PSEN1","CAMKK2","CCT2"
"PSEN1","PTPN7","CCT2"
"PSEN1","PDP1","CCT2"
"PSEN1","RPS6KA4","CCT2"
"PSEN1","HDAC3","CCT2"
"PSEN1","AXIN1","CCT2"
"PSEN1","PTPRR","CCT2"
"PSEN1","CDKN1B","CCT2"
"PSEN1","SKP2","CCT2"
"PSEN1","MAML1","CCT2"
"PSEN1","CDC25C","CCT2"
"PSEN1","WEE1","CCT2"
"PSEN1","CLASP2","CCT2"
"PSEN1","RHEB","CCT2"
"PSEN1","INPP5D","CCT2"
"PSEN1","TNFAIP1","CCT2"
"PSEN1","PHF8","CCT2"
"PSEN1","NF2","CCT2"
"PSEN1","MDC1","CCT2"
"PSEN1","MRE11","CCT2"
"PSEN1","FRAT1","CCT2"
"PSEN1","CBL","CCT2"
"PSEN1","RBBP8","CCT2"
"PSEN1","PCBP2","CCT2"
"PSEN1","SH2B3","CCT2"
"PSEN1","HDAC1","CCT2"
"PSEN1","GRB14","CCT2"
"PSEN1","PRKAR1A","CCT2"
"PSEN1","NOTCH2","CCT2"
"PSEN1","BAZ1B","CCT2"
"PSEN1","PLCG2","CCT2"
"PSEN1","STK3/4","ATXN3"
"PSEN1","ACP1","ATXN3"
"PSEN1","PTPN6","ATXN3"
"PSEN1","STK4","ATXN3"
"PSEN1","RPS6KB1","ATXN3"
"PSEN1","CHEK1","ATXN3"
"PSEN1","EIF2AK2","ATXN3"
"PSEN1","STK3","ATXN3"
"PSEN1","DOK1","ATXN3"
"PSEN1","CDC25A","ATXN3"
"PSEN1","MARK2","ATXN3"
"PSEN1","PHLPP1","ATXN3"
"PSEN1","CALM3","ATXN3"
"PSEN1","YAP1","ATXN3"
"PSEN1","DEF6","ATXN3"
"PSEN1","CAMKK2","ATXN3"
"PSEN1","PTPN7","ATXN3"
"PSEN1","PDP1","ATXN3"
"PSEN1","RPS6KA4","ATXN3"
"PSEN1","HDAC3","ATXN3"
"PSEN1","AXIN1","ATXN3"
"PSEN1","PTPRR","ATXN3"
"PSEN1","CDKN1B","ATXN3"
"PSEN1","SKP2","ATXN3"
"PSEN1","MAML1","ATXN3"
"PSEN1","CDC25C","ATXN3"
"PSEN1","WEE1","ATXN3"
"PSEN1","CLASP2","ATXN3"
"PSEN1","RHEB","ATXN3"
"PSEN1","INPP5D","ATXN3"
"PSEN1","TNFAIP1","ATXN3"
"PSEN1","PHF8","ATXN3"
"PSEN1","NF2","ATXN3"
"PSEN1","MDC1","ATXN3"
"PSEN1","MRE11","ATXN3"
"PSEN1","FRAT1","ATXN3"
"PSEN1","CBL","ATXN3"
"PSEN1","RBBP8","ATXN3"
"PSEN1","PCBP2","ATXN3"
"PSEN1","SH2B3","ATXN3"
"PSEN1","HDAC1","ATXN3"
"PSEN1","GRB14","ATXN3"
"PSEN1","PRKAR1A","ATXN3"
"PSEN1","NOTCH2","ATXN3"
"PSEN1","BAZ1B","ATXN3"
"PSEN1","PLCG2","ATXN3"
"PSEN1","STK3/4","EIF2S2"
"PSEN1","ACP1","EIF2S2"
"PSEN1","PTPN6","EIF2S2"
"PSEN1","STK4","EIF2S2"
"PSEN1","RPS6KB1","EIF2S2"
"PSEN1","CHEK1","EIF2S2"
"PSEN1","EIF2AK2","EIF2S2"
"PSEN1","STK3","EIF2S2"
"PSEN1","DOK1","EIF2S2"
"PSEN1","CDC25A","EIF2S2"
"PSEN1","MARK2","EIF2S2"
"PSEN1","PHLPP1","EIF2S2"
"PSEN1","CALM3","EIF2S2"
"PSEN1","YAP1","EIF2S2"
"PSEN1","DEF6","EIF2S2"
"PSEN1","CAMKK2","EIF2S2"
"PSEN1","PTPN7","EIF2S2"
"PSEN1","PDP1","EIF2S2"
"PSEN1","RPS6KA4","EIF2S2"
"PSEN1","HDAC3","EIF2S2"
"PSEN1","AXIN1","EIF2S2"
"PSEN1","PTPRR","EIF2S2"
"PSEN1","CDKN1B","EIF2S2"
"PSEN1","SKP2","EIF2S2"
"PSEN1","MAML1","EIF2S2"
"PSEN1","CDC25C","EIF2S2"
"PSEN1","WEE1","EIF2S2"
"PSEN1","CLASP2","EIF2S2"
"PSEN1","RHEB","EIF2S2"
"PSEN1","INPP5D","EIF2S2"
"PSEN1","TNFAIP1","EIF2S2"
"PSEN1","PHF8","EIF2S2"
"PSEN1","NF2","EIF2S2"
"PSEN1","MDC1","EIF2S2"
"PSEN1","MRE11","EIF2S2"
"PSEN1","FRAT1","EIF2S2"
"PSEN1","CBL","EIF2S2"
"PSEN1","RBBP8","EIF2S2"
"PSEN1","PCBP2","EIF2S2"
"PSEN1","SH2B3","EIF2S2"
"PSEN1","HDAC1","EIF2S2"
"PSEN1","GRB14","EIF2S2"
"PSEN1","PRKAR1A","EIF2S2"
"PSEN1","NOTCH2","EIF2S2"
"PSEN1","BAZ1B","EIF2S2"
"PSEN1","PLCG2","EIF2S2"
"PSEN1","STK3/4","RBPJ/NOTCH"
"PSEN1","ACP1","RBPJ/NOTCH"
"PSEN1","PTPN6","RBPJ/NOTCH"
"PSEN1","STK4","RBPJ/NOTCH"
"PSEN1","RPS6KB1","RBPJ/NOTCH"
"PSEN1","CHEK1","RBPJ/NOTCH"
"PSEN1","EIF2AK2","RBPJ/NOTCH"
"PSEN1","STK3","RBPJ/NOTCH"
"PSEN1","DOK1","RBPJ/NOTCH"
"PSEN1","CDC25A","RBPJ/NOTCH"
"PSEN1","MARK2","RBPJ/NOTCH"
"PSEN1","PHLPP1","RBPJ/NOTCH"
"PSEN1","CALM3","RBPJ/NOTCH"
"PSEN1","YAP1","RBPJ/NOTCH"
"PSEN1","DEF6","RBPJ/NOTCH"
"PSEN1","CAMKK2","RBPJ/NOTCH"
"PSEN1","PTPN7","RBPJ/NOTCH"
"PSEN1","PDP1","RBPJ/NOTCH"
"PSEN1","RPS6KA4","RBPJ/NOTCH"
"PSEN1","HDAC3","RBPJ/NOTCH"
"PSEN1","AXIN1","RBPJ/NOTCH"
"PSEN1","PTPRR","RBPJ/NOTCH"
"PSEN1","CDKN1B","RBPJ/NOTCH"
"PSEN1","SKP2","RBPJ/NOTCH"
"PSEN1","MAML1","RBPJ/NOTCH"
"PSEN1","CDC25C","RBPJ/NOTCH"
"PSEN1","WEE1","RBPJ/NOTCH"
"PSEN1","CLASP2","RBPJ/NOTCH"
"PSEN1","RHEB","RBPJ/NOTCH"
"PSEN1","INPP5D","RBPJ/NOTCH"
"PSEN1","TNFAIP1","RBPJ/NOTCH"
"PSEN1","PHF8","RBPJ/NOTCH"
"PSEN1","NF2","RBPJ/NOTCH"
"PSEN1","MDC1","RBPJ/NOTCH"
"PSEN1","MRE11","RBPJ/NOTCH"
"PSEN1","FRAT1","RBPJ/NOTCH"
"PSEN1","CBL","RBPJ/NOTCH"
"PSEN1","RBBP8","RBPJ/NOTCH"
"PSEN1","PCBP2","RBPJ/NOTCH"
"PSEN1","SH2B3","RBPJ/NOTCH"
"PSEN1","HDAC1","RBPJ/NOTCH"
"PSEN1","GRB14","RBPJ/NOTCH"
"PSEN1","PRKAR1A","RBPJ/NOTCH"
"PSEN1","NOTCH2","RBPJ/NOTCH"
"PSEN1","BAZ1B","RBPJ/NOTCH"
"PSEN1","PLCG2","RBPJ/NOTCH"
"PSEN1","STK3/4","ARHGDIA"
"PSEN1","ACP1","ARHGDIA"
"PSEN1","PTPN6","ARHGDIA"
"PSEN1","STK4","ARHGDIA"
"PSEN1","RPS6KB1","ARHGDIA"
"PSEN1","CHEK1","ARHGDIA"
"PSEN1","EIF2AK2","ARHGDIA"
"PSEN1","STK3","ARHGDIA"
"PSEN1","DOK1","ARHGDIA"
"PSEN1","CDC25A","ARHGDIA"
"PSEN1","MARK2","ARHGDIA"
"PSEN1","PHLPP1","ARHGDIA"
"PSEN1","CALM3","ARHGDIA"
"PSEN1","YAP1","ARHGDIA"
"PSEN1","DEF6","ARHGDIA"
"PSEN1","CAMKK2","ARHGDIA"
"PSEN1","PTPN7","ARHGDIA"
"PSEN1","PDP1","ARHGDIA"
"PSEN1","RPS6KA4","ARHGDIA"
"PSEN1","HDAC3","ARHGDIA"
"PSEN1","AXIN1","ARHGDIA"
"PSEN1","PTPRR","ARHGDIA"
"PSEN1","CDKN1B","ARHGDIA"
"PSEN1","SKP2","ARHGDIA"
"PSEN1","MAML1","ARHGDIA"
"PSEN1","CDC25C","ARHGDIA"
"PSEN1","WEE1","ARHGDIA"
"PSEN1","CLASP2","ARHGDIA"
"PSEN1","RHEB","ARHGDIA"
"PSEN1","INPP5D","ARHGDIA"
"PSEN1","TNFAIP1","ARHGDIA"
"PSEN1","PHF8","ARHGDIA"
"PSEN1","NF2","ARHGDIA"
"PSEN1","MDC1","ARHGDIA"
"PSEN1","MRE11","ARHGDIA"
"PSEN1","FRAT1","ARHGDIA"
"PSEN1","CBL","ARHGDIA"
"PSEN1","RBBP8","ARHGDIA"
"PSEN1","PCBP2","ARHGDIA"
"PSEN1","SH2B3","ARHGDIA"
"PSEN1","HDAC1","ARHGDIA"
"PSEN1","GRB14","ARHGDIA"
"PSEN1","PRKAR1A","ARHGDIA"
"PSEN1","NOTCH2","ARHGDIA"
"PSEN1","BAZ1B","ARHGDIA"
"PSEN1","PLCG2","ARHGDIA"
"PSEN1","STK3/4","TEAD2"
"PSEN1","ACP1","TEAD2"
"PSEN1","PTPN6","TEAD2"
"PSEN1","STK4","TEAD2"
"PSEN1","RPS6KB1","TEAD2"
"PSEN1","CHEK1","TEAD2"
"PSEN1","EIF2AK2","TEAD2"
"PSEN1","STK3","TEAD2"
"PSEN1","DOK1","TEAD2"
"PSEN1","CDC25A","TEAD2"
"PSEN1","MARK2","TEAD2"
"PSEN1","PHLPP1","TEAD2"
"PSEN1","CALM3","TEAD2"
"PSEN1","DEF6","TEAD2"
"PSEN1","CAMKK2","TEAD2"
"PSEN1","PTPN7","TEAD2"
"PSEN1","PDP1","TEAD2"
"PSEN1","RPS6KA4","TEAD2"
"PSEN1","HDAC3","TEAD2"
"PSEN1","AXIN1","TEAD2"
"PSEN1","PTPRR","TEAD2"
"PSEN1","CDKN1B","TEAD2"
"PSEN1","SKP2","TEAD2"
"PSEN1","MAML1","TEAD2"
"PSEN1","CDC25C","TEAD2"
"PSEN1","WEE1","TEAD2"
"PSEN1","CLASP2","TEAD2"
"PSEN1","RHEB","TEAD2"
"PSEN1","INPP5D","TEAD2"
"PSEN1","TNFAIP1","TEAD2"
"PSEN1","PHF8","TEAD2"
"PSEN1","NF2","TEAD2"
"PSEN1","MDC1","TEAD2"
"PSEN1","MRE11","TEAD2"
"PSEN1","FRAT1","TEAD2"
"PSEN1","CBL","TEAD2"
"PSEN1","RBBP8","TEAD2"
"PSEN1","PCBP2","TEAD2"
"PSEN1","SH2B3","TEAD2"
"PSEN1","HDAC1","TEAD2"
"PSEN1","GRB14","TEAD2"
"PSEN1","PRKAR1A","TEAD2"
"PSEN1","NOTCH2","TEAD2"
"PSEN1","BAZ1B","TEAD2"
"PSEN1","PLCG2","TEAD2"
"PSEN1","STK3/4","PDX1"
"PSEN1","ACP1","PDX1"
"PSEN1","PTPN6","PDX1"
"PSEN1","STK4","PDX1"
"PSEN1","RPS6KB1","PDX1"
"PSEN1","CHEK1","PDX1"
"PSEN1","EIF2AK2","PDX1"
"PSEN1","STK3","PDX1"
"PSEN1","DOK1","PDX1"
"PSEN1","CDC25A","PDX1"
"PSEN1","MARK2","PDX1"
"PSEN1","PHLPP1","PDX1"
"PSEN1","CALM3","PDX1"
"PSEN1","YAP1","PDX1"
"PSEN1","DEF6","PDX1"
"PSEN1","CAMKK2","PDX1"
"PSEN1","PTPN7","PDX1"
"PSEN1","PDP1","PDX1"
"PSEN1","RPS6KA4","PDX1"
"PSEN1","HDAC3","PDX1"
"PSEN1","AXIN1","PDX1"
"PSEN1","PTPRR","PDX1"
"PSEN1","CDKN1B","PDX1"
"PSEN1","SKP2","PDX1"
"PSEN1","MAML1","PDX1"
"PSEN1","CDC25C","PDX1"
"PSEN1","WEE1","PDX1"
"PSEN1","CLASP2","PDX1"
"PSEN1","RHEB","PDX1"
"PSEN1","INPP5D","PDX1"
"PSEN1","TNFAIP1","PDX1"
"PSEN1","PHF8","PDX1"
"PSEN1","NF2","PDX1"
"PSEN1","MDC1","PDX1"
"PSEN1","MRE11","PDX1"
"PSEN1","FRAT1","PDX1"
"PSEN1","CBL","PDX1"
"PSEN1","RBBP8","PDX1"
"PSEN1","PCBP2","PDX1"
"PSEN1","SH2B3","PDX1"
"PSEN1","HDAC1","PDX1"
"PSEN1","GRB14","PDX1"
"PSEN1","PRKAR1A","PDX1"
"PSEN1","NOTCH2","PDX1"
"PSEN1","BAZ1B","PDX1"
"PSEN1","PLCG2","PDX1"
"PSEN1","STK3/4","MYL1"
"PSEN1","ACP1","MYL1"
"PSEN1","PTPN6","MYL1"
"PSEN1","STK4","MYL1"
"PSEN1","RPS6KB1","MYL1"
"PSEN1","CHEK1","MYL1"
"PSEN1","EIF2AK2","MYL1"
"PSEN1","STK3","MYL1"
"PSEN1","DOK1","MYL1"
"PSEN1","CDC25A","MYL1"
"PSEN1","MARK2","MYL1"
"PSEN1","PHLPP1","MYL1"
"PSEN1","CALM3","MYL1"
"PSEN1","YAP1","MYL1"
"PSEN1","DEF6","MYL1"
"PSEN1","CAMKK2","MYL1"
"PSEN1","PTPN7","MYL1"
"PSEN1","PDP1","MYL1"
"PSEN1","RPS6KA4","MYL1"
"PSEN1","HDAC3","MYL1"
"PSEN1","AXIN1","MYL1"
"PSEN1","PTPRR","MYL1"
"PSEN1","CDKN1B","MYL1"
"PSEN1","SKP2","MYL1"
"PSEN1","MAML1","MYL1"
"PSEN1","CDC25C","MYL1"
"PSEN1","WEE1","MYL1"
"PSEN1","CLASP2","MYL1"
"PSEN1","RHEB","MYL1"
"PSEN1","INPP5D","MYL1"
"PSEN1","TNFAIP1","MYL1"
"PSEN1","PHF8","MYL1"
"PSEN1","NF2","MYL1"
"PSEN1","MDC1","MYL1"
"PSEN1","MRE11","MYL1"
"PSEN1","FRAT1","MYL1"
"PSEN1","CBL","MYL1"
"PSEN1","RBBP8","MYL1"
"PSEN1","PCBP2","MYL1"
"PSEN1","SH2B3","MYL1"
"PSEN1","HDAC1","MYL1"
"PSEN1","GRB14","MYL1"
"PSEN1","PRKAR1A","MYL1"
"PSEN1","NOTCH2","MYL1"
"PSEN1","BAZ1B","MYL1"
"PSEN1","PLCG2","MYL1"
"PSEN1","STK3/4","TAL1"
"PSEN1","ACP1","TAL1"
"PSEN1","PTPN6","TAL1"
"PSEN1","STK4","TAL1"
"PSEN1","RPS6KB1","TAL1"
"PSEN1","CHEK1","TAL1"
"PSEN1","EIF2AK2","TAL1"
"PSEN1","STK3","TAL1"
"PSEN1","DOK1","TAL1"
"PSEN1","CDC25A","TAL1"
"PSEN1","MARK2","TAL1"
"PSEN1","PHLPP1","TAL1"
"PSEN1","CALM3","TAL1"
"PSEN1","YAP1","TAL1"
"PSEN1","DEF6","TAL1"
"PSEN1","CAMKK2","TAL1"
"PSEN1","PTPN7","TAL1"
"PSEN1","PDP1","TAL1"
"PSEN1","RPS6KA4","TAL1"
"PSEN1","HDAC3","TAL1"
"PSEN1","AXIN1","TAL1"
"PSEN1","PTPRR","TAL1"
"PSEN1","CDKN1B","TAL1"
"PSEN1","SKP2","TAL1"
"PSEN1","MAML1","TAL1"
"PSEN1","CDC25C","TAL1"
"PSEN1","WEE1","TAL1"
"PSEN1","CLASP2","TAL1"
"PSEN1","RHEB","TAL1"
"PSEN1","INPP5D","TAL1"
"PSEN1","TNFAIP1","TAL1"
"PSEN1","PHF8","TAL1"
"PSEN1","NF2","TAL1"
"PSEN1","MDC1","TAL1"
"PSEN1","MRE11","TAL1"
"PSEN1","FRAT1","TAL1"
"PSEN1","CBL","TAL1"
"PSEN1","RBBP8","TAL1"
"PSEN1","PCBP2","TAL1"
"PSEN1","SH2B3","TAL1"
"PSEN1","HDAC1","TAL1"
"PSEN1","GRB14","TAL1"
"PSEN1","PRKAR1A","TAL1"
"PSEN1","NOTCH2","TAL1"
"PSEN1","BAZ1B","TAL1"
"PSEN1","PLCG2","TAL1"
"PSEN1","STK3/4","CDKN2D"
"PSEN1","ACP1","CDKN2D"
"PSEN1","PTPN6","CDKN2D"
"PSEN1","STK4","CDKN2D"
"PSEN1","RPS6KB1","CDKN2D"
"PSEN1","CHEK1","CDKN2D"
"PSEN1","EIF2AK2","CDKN2D"
"PSEN1","STK3","CDKN2D"
"PSEN1","DOK1","CDKN2D"
"PSEN1","CDC25A","CDKN2D"
"PSEN1","MARK2","CDKN2D"
"PSEN1","PHLPP1","CDKN2D"
"PSEN1","CALM3","CDKN2D"
"PSEN1","YAP1","CDKN2D"
"PSEN1","DEF6","CDKN2D"
"PSEN1","CAMKK2","CDKN2D"
"PSEN1","PTPN7","CDKN2D"
"PSEN1","PDP1","CDKN2D"
"PSEN1","RPS6KA4","CDKN2D"
"PSEN1","HDAC3","CDKN2D"
"PSEN1","AXIN1","CDKN2D"
"PSEN1","PTPRR","CDKN2D"
"PSEN1","CDKN1B","CDKN2D"
"PSEN1","SKP2","CDKN2D"
"PSEN1","MAML1","CDKN2D"
"PSEN1","CDC25C","CDKN2D"
"PSEN1","WEE1","CDKN2D"
"PSEN1","CLASP2","CDKN2D"
"PSEN1","RHEB","CDKN2D"
"PSEN1","INPP5D","CDKN2D"
"PSEN1","TNFAIP1","CDKN2D"
"PSEN1","PHF8","CDKN2D"
"PSEN1","NF2","CDKN2D"
"PSEN1","MDC1","CDKN2D"
"PSEN1","MRE11","CDKN2D"
"PSEN1","FRAT1","CDKN2D"
"PSEN1","CBL","CDKN2D"
"PSEN1","RBBP8","CDKN2D"
"PSEN1","PCBP2","CDKN2D"
"PSEN1","SH2B3","CDKN2D"
"PSEN1","HDAC1","CDKN2D"
"PSEN1","GRB14","CDKN2D"
"PSEN1","PRKAR1A","CDKN2D"
"PSEN1","NOTCH2","CDKN2D"
"PSEN1","BAZ1B","CDKN2D"
"PSEN1","PLCG2","CDKN2D"
"PSEN1","STK3/4","EPB41"
"PSEN1","ACP1","EPB41"
"PSEN1","PTPN6","EPB41"
"PSEN1","STK4","EPB41"
"PSEN1","RPS6KB1","EPB41"
"PSEN1","CHEK1","EPB41"
"PSEN1","EIF2AK2","EPB41"
"PSEN1","STK3","EPB41"
"PSEN1","DOK1","EPB41"
"PSEN1","CDC25A","EPB41"
"PSEN1","MARK2","EPB41"
"PSEN1","PHLPP1","EPB41"
"PSEN1","CALM3","EPB41"
"PSEN1","YAP1","EPB41"
"PSEN1","DEF6","EPB41"
"PSEN1","CAMKK2","EPB41"
"PSEN1","PTPN7","EPB41"
"PSEN1","PDP1","EPB41"
"PSEN1","RPS6KA4","EPB41"
"PSEN1","HDAC3","EPB41"
"PSEN1","AXIN1","EPB41"
"PSEN1","PTPRR","EPB41"
"PSEN1","CDKN1B","EPB41"
"PSEN1","SKP2","EPB41"
"PSEN1","MAML1","EPB41"
"PSEN1","CDC25C","EPB41"
"PSEN1","WEE1","EPB41"
"PSEN1","CLASP2","EPB41"
"PSEN1","RHEB","EPB41"
"PSEN1","INPP5D","EPB41"
"PSEN1","TNFAIP1","EPB41"
"PSEN1","PHF8","EPB41"
"PSEN1","NF2","EPB41"
"PSEN1","MDC1","EPB41"
"PSEN1","MRE11","EPB41"
"PSEN1","FRAT1","EPB41"
"PSEN1","CBL","EPB41"
"PSEN1","RBBP8","EPB41"
"PSEN1","PCBP2","EPB41"
"PSEN1","SH2B3","EPB41"
"PSEN1","HDAC1","EPB41"
"PSEN1","GRB14","EPB41"
"PSEN1","PRKAR1A","EPB41"
"PSEN1","NOTCH2","EPB41"
"PSEN1","BAZ1B","EPB41"
"PSEN1","PLCG2","EPB41"
"PSEN1","STK3/4","MARS1"
"PSEN1","ACP1","MARS1"
"PSEN1","PTPN6","MARS1"
"PSEN1","STK4","MARS1"
"PSEN1","RPS6KB1","MARS1"
"PSEN1","CHEK1","MARS1"
"PSEN1","EIF2AK2","MARS1"
"PSEN1","STK3","MARS1"
"PSEN1","DOK1","MARS1"
"PSEN1","CDC25A","MARS1"
"PSEN1","MARK2","MARS1"
"PSEN1","PHLPP1","MARS1"
"PSEN1","CALM3","MARS1"
"PSEN1","YAP1","MARS1"
"PSEN1","DEF6","MARS1"
"PSEN1","CAMKK2","MARS1"
"PSEN1","PTPN7","MARS1"
"PSEN1","PDP1","MARS1"
"PSEN1","RPS6KA4","MARS1"
"PSEN1","HDAC3","MARS1"
"PSEN1","AXIN1","MARS1"
"PSEN1","PTPRR","MARS1"
"PSEN1","CDKN1B","MARS1"
"PSEN1","SKP2","MARS1"
"PSEN1","MAML1","MARS1"
"PSEN1","CDC25C","MARS1"
"PSEN1","WEE1","MARS1"
"PSEN1","CLASP2","MARS1"
"PSEN1","RHEB","MARS1"
"PSEN1","INPP5D","MARS1"
"PSEN1","TNFAIP1","MARS1"
"PSEN1","PHF8","MARS1"
"PSEN1","NF2","MARS1"
"PSEN1","MDC1","MARS1"
"PSEN1","MRE11","MARS1"
"PSEN1","FRAT1","MARS1"
"PSEN1","CBL","MARS1"
"PSEN1","RBBP8","MARS1"
"PSEN1","PCBP2","MARS1"
"PSEN1","SH2B3","MARS1"
"PSEN1","HDAC1","MARS1"
"PSEN1","GRB14","MARS1"
"PSEN1","PRKAR1A","MARS1"
"PSEN1","NOTCH2","MARS1"
"PSEN1","BAZ1B","MARS1"
"PSEN1","PLCG2","MARS1"
"PSEN1","STK3/4","CYBA"
"PSEN1","ACP1","CYBA"
"PSEN1","PTPN6","CYBA"
"PSEN1","STK4","CYBA"
"PSEN1","RPS6KB1","CYBA"
"PSEN1","CHEK1","CYBA"
"PSEN1","EIF2AK2","CYBA"
"PSEN1","STK3","CYBA"
"PSEN1","DOK1","CYBA"
"PSEN1","CDC25A","CYBA"
"PSEN1","MARK2","CYBA"
"PSEN1","PHLPP1","CYBA"
"PSEN1","CALM3","CYBA"
"PSEN1","YAP1","CYBA"
"PSEN1","DEF6","CYBA"
"PSEN1","CAMKK2","CYBA"
"PSEN1","PTPN7","CYBA"
"PSEN1","PDP1","CYBA"
"PSEN1","RPS6KA4","CYBA"
"PSEN1","HDAC3","CYBA"
"PSEN1","AXIN1","CYBA"
"PSEN1","PTPRR","CYBA"
"PSEN1","CDKN1B","CYBA"
"PSEN1","SKP2","CYBA"
"PSEN1","MAML1","CYBA"
"PSEN1","CDC25C","CYBA"
"PSEN1","WEE1","CYBA"
"PSEN1","CLASP2","CYBA"
"PSEN1","RHEB","CYBA"
"PSEN1","INPP5D","CYBA"
"PSEN1","TNFAIP1","CYBA"
"PSEN1","PHF8","CYBA"
"PSEN1","NF2","CYBA"
"PSEN1","MDC1","CYBA"
"PSEN1","MRE11","CYBA"
"PSEN1","FRAT1","CYBA"
"PSEN1","CBL","CYBA"
"PSEN1","RBBP8","CYBA"
"PSEN1","PCBP2","CYBA"
"PSEN1","SH2B3","CYBA"
"PSEN1","HDAC1","CYBA"
"PSEN1","GRB14","CYBA"
"PSEN1","PRKAR1A","CYBA"
"PSEN1","NOTCH2","CYBA"
"PSEN1","BAZ1B","CYBA"
"PSEN1","PLCG2","CYBA"
"PSEN1","STK3/4","ZNF281"
"PSEN1","ACP1","ZNF281"
"PSEN1","PTPN6","ZNF281"
"PSEN1","STK4","ZNF281"
"PSEN1","RPS6KB1","ZNF281"
"PSEN1","CHEK1","ZNF281"
"PSEN1","EIF2AK2","ZNF281"
"PSEN1","STK3","ZNF281"
"PSEN1","DOK1","ZNF281"
"PSEN1","CDC25A","ZNF281"
"PSEN1","MARK2","ZNF281"
"PSEN1","PHLPP1","ZNF281"
"PSEN1","CALM3","ZNF281"
"PSEN1","YAP1","ZNF281"
"PSEN1","DEF6","ZNF281"
"PSEN1","CAMKK2","ZNF281"
"PSEN1","PTPN7","ZNF281"
"PSEN1","PDP1","ZNF281"
"PSEN1","RPS6KA4","ZNF281"
"PSEN1","HDAC3","ZNF281"
"PSEN1","AXIN1","ZNF281"
"PSEN1","PTPRR","ZNF281"
"PSEN1","CDKN1B","ZNF281"
"PSEN1","SKP2","ZNF281"
"PSEN1","MAML1","ZNF281"
"PSEN1","CDC25C","ZNF281"
"PSEN1","WEE1","ZNF281"
"PSEN1","CLASP2","ZNF281"
"PSEN1","RHEB","ZNF281"
"PSEN1","INPP5D","ZNF281"
"PSEN1","TNFAIP1","ZNF281"
"PSEN1","PHF8","ZNF281"
"PSEN1","NF2","ZNF281"
"PSEN1","MDC1","ZNF281"
"PSEN1","MRE11","ZNF281"
"PSEN1","FRAT1","ZNF281"
"PSEN1","CBL","ZNF281"
"PSEN1","RBBP8","ZNF281"
"PSEN1","PCBP2","ZNF281"
"PSEN1","SH2B3","ZNF281"
"PSEN1","HDAC1","ZNF281"
"PSEN1","GRB14","ZNF281"
"PSEN1","PRKAR1A","ZNF281"
"PSEN1","NOTCH2","ZNF281"
"PSEN1","BAZ1B","ZNF281"
"PSEN1","PLCG2","ZNF281"
"PSEN1","STK3/4","ADAM17"
"PSEN1","ACP1","ADAM17"
"PSEN1","PTPN6","ADAM17"
"PSEN1","STK4","ADAM17"
"PSEN1","RPS6KB1","ADAM17"
"PSEN1","CHEK1","ADAM17"
"PSEN1","EIF2AK2","ADAM17"
"PSEN1","STK3","ADAM17"
"PSEN1","DOK1","ADAM17"
"PSEN1","CDC25A","ADAM17"
"PSEN1","MARK2","ADAM17"
"PSEN1","PHLPP1","ADAM17"
"PSEN1","CALM3","ADAM17"
"PSEN1","YAP1","ADAM17"
"PSEN1","DEF6","ADAM17"
"PSEN1","CAMKK2","ADAM17"
"PSEN1","PTPN7","ADAM17"
"PSEN1","PDP1","ADAM17"
"PSEN1","RPS6KA4","ADAM17"
"PSEN1","HDAC3","ADAM17"
"PSEN1","AXIN1","ADAM17"
"PSEN1","PTPRR","ADAM17"
"PSEN1","CDKN1B","ADAM17"
"PSEN1","SKP2","ADAM17"
"PSEN1","MAML1","ADAM17"
"PSEN1","CDC25C","ADAM17"
"PSEN1","WEE1","ADAM17"
"PSEN1","CLASP2","ADAM17"
"PSEN1","RHEB","ADAM17"
"PSEN1","INPP5D","ADAM17"
"PSEN1","TNFAIP1","ADAM17"
"PSEN1","PHF8","ADAM17"
"PSEN1","NF2","ADAM17"
"PSEN1","MDC1","ADAM17"
"PSEN1","MRE11","ADAM17"
"PSEN1","FRAT1","ADAM17"
"PSEN1","CBL","ADAM17"
"PSEN1","RBBP8","ADAM17"
"PSEN1","PCBP2","ADAM17"
"PSEN1","SH2B3","ADAM17"
"PSEN1","HDAC1","ADAM17"
"PSEN1","GRB14","ADAM17"
"PSEN1","PRKAR1A","ADAM17"
"PSEN1","NOTCH2","ADAM17"
"PSEN1","BAZ1B","ADAM17"
"PSEN1","PLCG2","ADAM17"
"PSEN1","STK3/4","MAGI1"
"PSEN1","ACP1","MAGI1"
"PSEN1","PTPN6","MAGI1"
"PSEN1","STK4","MAGI1"
"PSEN1","RPS6KB1","MAGI1"
"PSEN1","CHEK1","MAGI1"
"PSEN1","EIF2AK2","MAGI1"
"PSEN1","STK3","MAGI1"
"PSEN1","DOK1","MAGI1"
"PSEN1","CDC25A","MAGI1"
"PSEN1","MARK2","MAGI1"
"PSEN1","PHLPP1","MAGI1"
"PSEN1","CALM3","MAGI1"
"PSEN1","YAP1","MAGI1"
"PSEN1","DEF6","MAGI1"
"PSEN1","CAMKK2","MAGI1"
"PSEN1","PTPN7","MAGI1"
"PSEN1","PDP1","MAGI1"
"PSEN1","RPS6KA4","MAGI1"
"PSEN1","HDAC3","MAGI1"
"PSEN1","AXIN1","MAGI1"
"PSEN1","PTPRR","MAGI1"
"PSEN1","CDKN1B","MAGI1"
"PSEN1","SKP2","MAGI1"
"PSEN1","MAML1","MAGI1"
"PSEN1","CDC25C","MAGI1"
"PSEN1","WEE1","MAGI1"
"PSEN1","CLASP2","MAGI1"
"PSEN1","RHEB","MAGI1"
"PSEN1","INPP5D","MAGI1"
"PSEN1","TNFAIP1","MAGI1"
"PSEN1","PHF8","MAGI1"
"PSEN1","NF2","MAGI1"
"PSEN1","MDC1","MAGI1"
"PSEN1","MRE11","MAGI1"
"PSEN1","FRAT1","MAGI1"
"PSEN1","CBL","MAGI1"
"PSEN1","RBBP8","MAGI1"
"PSEN1","PCBP2","MAGI1"
"PSEN1","SH2B3","MAGI1"
"PSEN1","HDAC1","MAGI1"
"PSEN1","GRB14","MAGI1"
"PSEN1","PRKAR1A","MAGI1"
"PSEN1","NOTCH2","MAGI1"
"PSEN1","BAZ1B","MAGI1"
"PSEN1","PLCG2","MAGI1"
"PSEN1","STK3/4","DHPS"
"PSEN1","ACP1","DHPS"
"PSEN1","PTPN6","DHPS"
"PSEN1","STK4","DHPS"
"PSEN1","RPS6KB1","DHPS"
"PSEN1","CHEK1","DHPS"
"PSEN1","EIF2AK2","DHPS"
"PSEN1","STK3","DHPS"
"PSEN1","DOK1","DHPS"
"PSEN1","CDC25A","DHPS"
"PSEN1","MARK2","DHPS"
"PSEN1","PHLPP1","DHPS"
"PSEN1","CALM3","DHPS"
"PSEN1","YAP1","DHPS"
"PSEN1","DEF6","DHPS"
"PSEN1","CAMKK2","DHPS"
"PSEN1","PTPN7","DHPS"
"PSEN1","PDP1","DHPS"
"PSEN1","RPS6KA4","DHPS"
"PSEN1","HDAC3","DHPS"
"PSEN1","AXIN1","DHPS"
"PSEN1","PTPRR","DHPS"
"PSEN1","CDKN1B","DHPS"
"PSEN1","SKP2","DHPS"
"PSEN1","MAML1","DHPS"
"PSEN1","CDC25C","DHPS"
"PSEN1","WEE1","DHPS"
"PSEN1","CLASP2","DHPS"
"PSEN1","RHEB","DHPS"
"PSEN1","INPP5D","DHPS"
"PSEN1","TNFAIP1","DHPS"
"PSEN1","PHF8","DHPS"
"PSEN1","NF2","DHPS"
"PSEN1","MDC1","DHPS"
"PSEN1","MRE11","DHPS"
"PSEN1","FRAT1","DHPS"
"PSEN1","CBL","DHPS"
"PSEN1","RBBP8","DHPS"
"PSEN1","PCBP2","DHPS"
"PSEN1","SH2B3","DHPS"
"PSEN1","HDAC1","DHPS"
"PSEN1","GRB14","DHPS"
"PSEN1","PRKAR1A","DHPS"
"PSEN1","NOTCH2","DHPS"
"PSEN1","BAZ1B","DHPS"
"PSEN1","PLCG2","DHPS"
"PSEN1","STK3/4","OTUD5"
"PSEN1","ACP1","OTUD5"
"PSEN1","PTPN6","OTUD5"
"PSEN1","STK4","OTUD5"
"PSEN1","RPS6KB1","OTUD5"
"PSEN1","CHEK1","OTUD5"
"PSEN1","EIF2AK2","OTUD5"
"PSEN1","STK3","OTUD5"
"PSEN1","DOK1","OTUD5"
"PSEN1","CDC25A","OTUD5"
"PSEN1","MARK2","OTUD5"
"PSEN1","PHLPP1","OTUD5"
"PSEN1","CALM3","OTUD5"
"PSEN1","YAP1","OTUD5"
"PSEN1","DEF6","OTUD5"
"PSEN1","CAMKK2","OTUD5"
"PSEN1","PTPN7","OTUD5"
"PSEN1","PDP1","OTUD5"
"PSEN1","RPS6KA4","OTUD5"
"PSEN1","HDAC3","OTUD5"
"PSEN1","AXIN1","OTUD5"
"PSEN1","PTPRR","OTUD5"
"PSEN1","CDKN1B","OTUD5"
"PSEN1","SKP2","OTUD5"
"PSEN1","MAML1","OTUD5"
"PSEN1","CDC25C","OTUD5"
"PSEN1","WEE1","OTUD5"
"PSEN1","CLASP2","OTUD5"
"PSEN1","RHEB","OTUD5"
"PSEN1","INPP5D","OTUD5"
"PSEN1","TNFAIP1","OTUD5"
"PSEN1","PHF8","OTUD5"
"PSEN1","NF2","OTUD5"
"PSEN1","MDC1","OTUD5"
"PSEN1","MRE11","OTUD5"
"PSEN1","FRAT1","OTUD5"
"PSEN1","CBL","OTUD5"
"PSEN1","RBBP8","OTUD5"
"PSEN1","PCBP2","OTUD5"
"PSEN1","SH2B3","OTUD5"
"PSEN1","HDAC1","OTUD5"
"PSEN1","GRB14","OTUD5"
"PSEN1","PRKAR1A","OTUD5"
"PSEN1","NOTCH2","OTUD5"
"PSEN1","BAZ1B","OTUD5"
"PSEN1","PLCG2","OTUD5"
"PSEN1","STK3/4","JUNB"
"PSEN1","ACP1","JUNB"
"PSEN1","PTPN6","JUNB"
"PSEN1","STK4","JUNB"
"PSEN1","RPS6KB1","JUNB"
"PSEN1","CHEK1","JUNB"
"PSEN1","EIF2AK2","JUNB"
"PSEN1","STK3","JUNB"
"PSEN1","DOK1","JUNB"
"PSEN1","CDC25A","JUNB"
"PSEN1","MARK2","JUNB"
"PSEN1","PHLPP1","JUNB"
"PSEN1","CALM3","JUNB"
"PSEN1","YAP1","JUNB"
"PSEN1","DEF6","JUNB"
"PSEN1","CAMKK2","JUNB"
"PSEN1","PTPN7","JUNB"
"PSEN1","PDP1","JUNB"
"PSEN1","RPS6KA4","JUNB"
"PSEN1","HDAC3","JUNB"
"PSEN1","AXIN1","JUNB"
"PSEN1","PTPRR","JUNB"
"PSEN1","CDKN1B","JUNB"
"PSEN1","SKP2","JUNB"
"PSEN1","MAML1","JUNB"
"PSEN1","CDC25C","JUNB"
"PSEN1","WEE1","JUNB"
"PSEN1","CLASP2","JUNB"
"PSEN1","RHEB","JUNB"
"PSEN1","INPP5D","JUNB"
"PSEN1","TNFAIP1","JUNB"
"PSEN1","PHF8","JUNB"
"PSEN1","NF2","JUNB"
"PSEN1","MDC1","JUNB"
"PSEN1","MRE11","JUNB"
"PSEN1","FRAT1","JUNB"
"PSEN1","CBL","JUNB"
"PSEN1","RBBP8","JUNB"
"PSEN1","PCBP2","JUNB"
"PSEN1","SH2B3","JUNB"
"PSEN1","HDAC1","JUNB"
"PSEN1","GRB14","JUNB"
"PSEN1","PRKAR1A","JUNB"
"PSEN1","NOTCH2","JUNB"
"PSEN1","BAZ1B","JUNB"
"PSEN1","PLCG2","JUNB"
"PSEN1","STK3/4","PAX8"
"PSEN1","ACP1","PAX8"
"PSEN1","PTPN6","PAX8"
"PSEN1","STK4","PAX8"
"PSEN1","RPS6KB1","PAX8"
"PSEN1","CHEK1","PAX8"
"PSEN1","EIF2AK2","PAX8"
"PSEN1","STK3","PAX8"
"PSEN1","DOK1","PAX8"
"PSEN1","CDC25A","PAX8"
"PSEN1","MARK2","PAX8"
"PSEN1","PHLPP1","PAX8"
"PSEN1","CALM3","PAX8"
"PSEN1","YAP1","PAX8"
"PSEN1","DEF6","PAX8"
"PSEN1","CAMKK2","PAX8"
"PSEN1","PTPN7","PAX8"
"PSEN1","PDP1","PAX8"
"PSEN1","RPS6KA4","PAX8"
"PSEN1","HDAC3","PAX8"
"PSEN1","AXIN1","PAX8"
"PSEN1","PTPRR","PAX8"
"PSEN1","CDKN1B","PAX8"
"PSEN1","SKP2","PAX8"
"PSEN1","MAML1","PAX8"
"PSEN1","CDC25C","PAX8"
"PSEN1","WEE1","PAX8"
"PSEN1","CLASP2","PAX8"
"PSEN1","RHEB","PAX8"
"PSEN1","INPP5D","PAX8"
"PSEN1","TNFAIP1","PAX8"
"PSEN1","PHF8","PAX8"
"PSEN1","NF2","PAX8"
"PSEN1","MDC1","PAX8"
"PSEN1","MRE11","PAX8"
"PSEN1","FRAT1","PAX8"
"PSEN1","CBL","PAX8"
"PSEN1","RBBP8","PAX8"
"PSEN1","PCBP2","PAX8"
"PSEN1","SH2B3","PAX8"
"PSEN1","HDAC1","PAX8"
"PSEN1","GRB14","PAX8"
"PSEN1","PRKAR1A","PAX8"
"PSEN1","NOTCH2","PAX8"
"PSEN1","BAZ1B","PAX8"
"PSEN1","PLCG2","PAX8"
"PSEN1","STK3/4","LAX1"
"PSEN1","ACP1","LAX1"
"PSEN1","PTPN6","LAX1"
"PSEN1","STK4","LAX1"
"PSEN1","RPS6KB1","LAX1"
"PSEN1","CHEK1","LAX1"
"PSEN1","EIF2AK2","LAX1"
"PSEN1","STK3","LAX1"
"PSEN1","DOK1","LAX1"
"PSEN1","CDC25A","LAX1"
"PSEN1","MARK2","LAX1"
"PSEN1","PHLPP1","LAX1"
"PSEN1","CALM3","LAX1"
"PSEN1","YAP1","LAX1"
"PSEN1","DEF6","LAX1"
"PSEN1","CAMKK2","LAX1"
"PSEN1","PTPN7","LAX1"
"PSEN1","PDP1","LAX1"
"PSEN1","RPS6KA4","LAX1"
"PSEN1","HDAC3","LAX1"
"PSEN1","AXIN1","LAX1"
"PSEN1","PTPRR","LAX1"
"PSEN1","CDKN1B","LAX1"
"PSEN1","SKP2","LAX1"
"PSEN1","MAML1","LAX1"
"PSEN1","CDC25C","LAX1"
"PSEN1","WEE1","LAX1"
"PSEN1","CLASP2","LAX1"
"PSEN1","RHEB","LAX1"
"PSEN1","INPP5D","LAX1"
"PSEN1","TNFAIP1","LAX1"
"PSEN1","PHF8","LAX1"
"PSEN1","NF2","LAX1"
"PSEN1","MDC1","LAX1"
"PSEN1","MRE11","LAX1"
"PSEN1","FRAT1","LAX1"
"PSEN1","CBL","LAX1"
"PSEN1","RBBP8","LAX1"
"PSEN1","PCBP2","LAX1"
"PSEN1","SH2B3","LAX1"
"PSEN1","HDAC1","LAX1"
"PSEN1","GRB14","LAX1"
"PSEN1","PRKAR1A","LAX1"
"PSEN1","NOTCH2","LAX1"
"PSEN1","BAZ1B","LAX1"
"PSEN1","PLCG2","LAX1"
"PSEN1","STK3/4","STX1A"
"PSEN1","ACP1","STX1A"
"PSEN1","PTPN6","STX1A"
"PSEN1","STK4","STX1A"
"PSEN1","RPS6KB1","STX1A"
"PSEN1","CHEK1","STX1A"
"PSEN1","EIF2AK2","STX1A"
"PSEN1","STK3","STX1A"
"PSEN1","DOK1","STX1A"
"PSEN1","CDC25A","STX1A"
"PSEN1","MARK2","STX1A"
"PSEN1","PHLPP1","STX1A"
"PSEN1","CALM3","STX1A"
"PSEN1","YAP1","STX1A"
"PSEN1","DEF6","STX1A"
"PSEN1","CAMKK2","STX1A"
"PSEN1","PTPN7","STX1A"
"PSEN1","PDP1","STX1A"
"PSEN1","RPS6KA4","STX1A"
"PSEN1","HDAC3","STX1A"
"PSEN1","AXIN1","STX1A"
"PSEN1","PTPRR","STX1A"
"PSEN1","CDKN1B","STX1A"
"PSEN1","SKP2","STX1A"
"PSEN1","MAML1","STX1A"
"PSEN1","CDC25C","STX1A"
"PSEN1","WEE1","STX1A"
"PSEN1","CLASP2","STX1A"
"PSEN1","RHEB","STX1A"
"PSEN1","INPP5D","STX1A"
"PSEN1","TNFAIP1","STX1A"
"PSEN1","PHF8","STX1A"
"PSEN1","NF2","STX1A"
"PSEN1","MDC1","STX1A"
"PSEN1","MRE11","STX1A"
"PSEN1","FRAT1","STX1A"
"PSEN1","CBL","STX1A"
"PSEN1","RBBP8","STX1A"
"PSEN1","PCBP2","STX1A"
"PSEN1","SH2B3","STX1A"
"PSEN1","HDAC1","STX1A"
"PSEN1","GRB14","STX1A"
"PSEN1","PRKAR1A","STX1A"
"PSEN1","NOTCH2","STX1A"
"PSEN1","BAZ1B","STX1A"
"PSEN1","PLCG2","STX1A"
"PSEN1","STK3/4","EIF3J"
"PSEN1","ACP1","EIF3J"
"PSEN1","PTPN6","EIF3J"
"PSEN1","STK4","EIF3J"
"PSEN1","RPS6KB1","EIF3J"
"PSEN1","CHEK1","EIF3J"
"PSEN1","EIF2AK2","EIF3J"
"PSEN1","STK3","EIF3J"
"PSEN1","DOK1","EIF3J"
"PSEN1","CDC25A","EIF3J"
"PSEN1","MARK2","EIF3J"
"PSEN1","PHLPP1","EIF3J"
"PSEN1","CALM3","EIF3J"
"PSEN1","YAP1","EIF3J"
"PSEN1","DEF6","EIF3J"
"PSEN1","CAMKK2","EIF3J"
"PSEN1","PTPN7","EIF3J"
"PSEN1","PDP1","EIF3J"
"PSEN1","RPS6KA4","EIF3J"
"PSEN1","HDAC3","EIF3J"
"PSEN1","AXIN1","EIF3J"
"PSEN1","PTPRR","EIF3J"
"PSEN1","CDKN1B","EIF3J"
"PSEN1","SKP2","EIF3J"
"PSEN1","MAML1","EIF3J"
"PSEN1","CDC25C","EIF3J"
"PSEN1","WEE1","EIF3J"
"PSEN1","CLASP2","EIF3J"
"PSEN1","RHEB","EIF3J"
"PSEN1","INPP5D","EIF3J"
"PSEN1","TNFAIP1","EIF3J"
"PSEN1","PHF8","EIF3J"
"PSEN1","NF2","EIF3J"
"PSEN1","MDC1","EIF3J"
"PSEN1","MRE11","EIF3J"
"PSEN1","FRAT1","EIF3J"
"PSEN1","CBL","EIF3J"
"PSEN1","RBBP8","EIF3J"
"PSEN1","PCBP2","EIF3J"
"PSEN1","SH2B3","EIF3J"
"PSEN1","HDAC1","EIF3J"
"PSEN1","GRB14","EIF3J"
"PSEN1","PRKAR1A","EIF3J"
"PSEN1","NOTCH2","EIF3J"
"PSEN1","BAZ1B","EIF3J"
"PSEN1","PLCG2","EIF3J"
"PSEN1","STK3/4","DAPP1"
"PSEN1","ACP1","DAPP1"
"PSEN1","PTPN6","DAPP1"
"PSEN1","STK4","DAPP1"
"PSEN1","RPS6KB1","DAPP1"
"PSEN1","CHEK1","DAPP1"
"PSEN1","EIF2AK2","DAPP1"
"PSEN1","STK3","DAPP1"
"PSEN1","DOK1","DAPP1"
"PSEN1","CDC25A","DAPP1"
"PSEN1","MARK2","DAPP1"
"PSEN1","PHLPP1","DAPP1"
"PSEN1","CALM3","DAPP1"
"PSEN1","YAP1","DAPP1"
"PSEN1","DEF6","DAPP1"
"PSEN1","CAMKK2","DAPP1"
"PSEN1","PTPN7","DAPP1"
"PSEN1","PDP1","DAPP1"
"PSEN1","RPS6KA4","DAPP1"
"PSEN1","HDAC3","DAPP1"
"PSEN1","AXIN1","DAPP1"
"PSEN1","PTPRR","DAPP1"
"PSEN1","CDKN1B","DAPP1"
"PSEN1","SKP2","DAPP1"
"PSEN1","MAML1","DAPP1"
"PSEN1","CDC25C","DAPP1"
"PSEN1","WEE1","DAPP1"
"PSEN1","CLASP2","DAPP1"
"PSEN1","RHEB","DAPP1"
"PSEN1","INPP5D","DAPP1"
"PSEN1","TNFAIP1","DAPP1"
"PSEN1","PHF8","DAPP1"
"PSEN1","NF2","DAPP1"
"PSEN1","MDC1","DAPP1"
"PSEN1","MRE11","DAPP1"
"PSEN1","FRAT1","DAPP1"
"PSEN1","CBL","DAPP1"
"PSEN1","RBBP8","DAPP1"
"PSEN1","PCBP2","DAPP1"
"PSEN1","SH2B3","DAPP1"
"PSEN1","HDAC1","DAPP1"
"PSEN1","GRB14","DAPP1"
"PSEN1","PRKAR1A","DAPP1"
"PSEN1","NOTCH2","DAPP1"
"PSEN1","BAZ1B","DAPP1"
"PSEN1","PLCG2","DAPP1"
"PSEN1","STK3/4","EEF1A1"
"PSEN1","ACP1","EEF1A1"
"PSEN1","PTPN6","EEF1A1"
"PSEN1","STK4","EEF1A1"
"PSEN1","RPS6KB1","EEF1A1"
"PSEN1","CHEK1","EEF1A1"
"PSEN1","EIF2AK2","EEF1A1"
"PSEN1","STK3","EEF1A1"
"PSEN1","DOK1","EEF1A1"
"PSEN1","CDC25A","EEF1A1"
"PSEN1","MARK2","EEF1A1"
"PSEN1","PHLPP1","EEF1A1"
"PSEN1","CALM3","EEF1A1"
"PSEN1","YAP1","EEF1A1"
"PSEN1","DEF6","EEF1A1"
"PSEN1","CAMKK2","EEF1A1"
"PSEN1","PTPN7","EEF1A1"
"PSEN1","PDP1","EEF1A1"
"PSEN1","RPS6KA4","EEF1A1"
"PSEN1","HDAC3","EEF1A1"
"PSEN1","AXIN1","EEF1A1"
"PSEN1","PTPRR","EEF1A1"
"PSEN1","CDKN1B","EEF1A1"
"PSEN1","SKP2","EEF1A1"
"PSEN1","MAML1","EEF1A1"
"PSEN1","CDC25C","EEF1A1"
"PSEN1","WEE1","EEF1A1"
"PSEN1","CLASP2","EEF1A1"
"PSEN1","RHEB","EEF1A1"
"PSEN1","INPP5D","EEF1A1"
"PSEN1","TNFAIP1","EEF1A1"
"PSEN1","PHF8","EEF1A1"
"PSEN1","NF2","EEF1A1"
"PSEN1","MDC1","EEF1A1"
"PSEN1","MRE11","EEF1A1"
"PSEN1","FRAT1","EEF1A1"
"PSEN1","CBL","EEF1A1"
"PSEN1","RBBP8","EEF1A1"
"PSEN1","PCBP2","EEF1A1"
"PSEN1","SH2B3","EEF1A1"
"PSEN1","HDAC1","EEF1A1"
"PSEN1","GRB14","EEF1A1"
"PSEN1","PRKAR1A","EEF1A1"
"PSEN1","NOTCH2","EEF1A1"
"PSEN1","BAZ1B","EEF1A1"
"PSEN1","PLCG2","EEF1A1"
"PSEN1","STK3/4","SLITRK1"
"PSEN1","ACP1","SLITRK1"
"PSEN1","PTPN6","SLITRK1"
"PSEN1","STK4","SLITRK1"
"PSEN1","RPS6KB1","SLITRK1"
"PSEN1","CHEK1","SLITRK1"
"PSEN1","EIF2AK2","SLITRK1"
"PSEN1","STK3","SLITRK1"
"PSEN1","DOK1","SLITRK1"
"PSEN1","CDC25A","SLITRK1"
"PSEN1","MARK2","SLITRK1"
"PSEN1","PHLPP1","SLITRK1"
"PSEN1","CALM3","SLITRK1"
"PSEN1","YAP1","SLITRK1"
"PSEN1","DEF6","SLITRK1"
"PSEN1","CAMKK2","SLITRK1"
"PSEN1","PTPN7","SLITRK1"
"PSEN1","PDP1","SLITRK1"
"PSEN1","RPS6KA4","SLITRK1"
"PSEN1","HDAC3","SLITRK1"
"PSEN1","AXIN1","SLITRK1"
"PSEN1","PTPRR","SLITRK1"
"PSEN1","CDKN1B","SLITRK1"
"PSEN1","SKP2","SLITRK1"
"PSEN1","MAML1","SLITRK1"
"PSEN1","CDC25C","SLITRK1"
"PSEN1","WEE1","SLITRK1"
"PSEN1","CLASP2","SLITRK1"
"PSEN1","RHEB","SLITRK1"
"PSEN1","INPP5D","SLITRK1"
"PSEN1","TNFAIP1","SLITRK1"
"PSEN1","PHF8","SLITRK1"
"PSEN1","NF2","SLITRK1"
"PSEN1","MDC1","SLITRK1"
"PSEN1","MRE11","SLITRK1"
"PSEN1","FRAT1","SLITRK1"
"PSEN1","CBL","SLITRK1"
"PSEN1","RBBP8","SLITRK1"
"PSEN1","PCBP2","SLITRK1"
"PSEN1","SH2B3","SLITRK1"
"PSEN1","HDAC1","SLITRK1"
"PSEN1","GRB14","SLITRK1"
"PSEN1","PRKAR1A","SLITRK1"
"PSEN1","NOTCH2","SLITRK1"
"PSEN1","BAZ1B","SLITRK1"
"PSEN1","PLCG2","SLITRK1"
"PSEN1","STK3/4","PDCL"
"PSEN1","ACP1","PDCL"
"PSEN1","PTPN6","PDCL"
"PSEN1","STK4","PDCL"
"PSEN1","RPS6KB1","PDCL"
"PSEN1","CHEK1","PDCL"
"PSEN1","EIF2AK2","PDCL"
"PSEN1","STK3","PDCL"
"PSEN1","DOK1","PDCL"
"PSEN1","CDC25A","PDCL"
"PSEN1","MARK2","PDCL"
"PSEN1","PHLPP1","PDCL"
"PSEN1","CALM3","PDCL"
"PSEN1","YAP1","PDCL"
"PSEN1","DEF6","PDCL"
"PSEN1","CAMKK2","PDCL"
"PSEN1","PTPN7","PDCL"
"PSEN1","PDP1","PDCL"
"PSEN1","RPS6KA4","PDCL"
"PSEN1","HDAC3","PDCL"
"PSEN1","AXIN1","PDCL"
"PSEN1","PTPRR","PDCL"
"PSEN1","CDKN1B","PDCL"
"PSEN1","SKP2","PDCL"
"PSEN1","MAML1","PDCL"
"PSEN1","CDC25C","PDCL"
"PSEN1","WEE1","PDCL"
"PSEN1","CLASP2","PDCL"
"PSEN1","RHEB","PDCL"
"PSEN1","INPP5D","PDCL"
"PSEN1","TNFAIP1","PDCL"
"PSEN1","PHF8","PDCL"
"PSEN1","NF2","PDCL"
"PSEN1","MDC1","PDCL"
"PSEN1","MRE11","PDCL"
"PSEN1","FRAT1","PDCL"
"PSEN1","CBL","PDCL"
"PSEN1","RBBP8","PDCL"
"PSEN1","PCBP2","PDCL"
"PSEN1","SH2B3","PDCL"
"PSEN1","HDAC1","PDCL"
"PSEN1","GRB14","PDCL"
"PSEN1","PRKAR1A","PDCL"
"PSEN1","NOTCH2","PDCL"
"PSEN1","BAZ1B","PDCL"
"PSEN1","PLCG2","PDCL"
"PSEN1","STK3/4","NET1"
"PSEN1","ACP1","NET1"
"PSEN1","PTPN6","NET1"
"PSEN1","STK4","NET1"
"PSEN1","RPS6KB1","NET1"
"PSEN1","CHEK1","NET1"
"PSEN1","EIF2AK2","NET1"
"PSEN1","STK3","NET1"
"PSEN1","DOK1","NET1"
"PSEN1","CDC25A","NET1"
"PSEN1","MARK2","NET1"
"PSEN1","PHLPP1","NET1"
"PSEN1","CALM3","NET1"
"PSEN1","YAP1","NET1"
"PSEN1","DEF6","NET1"
"PSEN1","CAMKK2","NET1"
"PSEN1","PTPN7","NET1"
"PSEN1","PDP1","NET1"
"PSEN1","RPS6KA4","NET1"
"PSEN1","HDAC3","NET1"
"PSEN1","AXIN1","NET1"
"PSEN1","PTPRR","NET1"
"PSEN1","CDKN1B","NET1"
"PSEN1","SKP2","NET1"
"PSEN1","MAML1","NET1"
"PSEN1","CDC25C","NET1"
"PSEN1","WEE1","NET1"
"PSEN1","CLASP2","NET1"
"PSEN1","RHEB","NET1"
"PSEN1","INPP5D","NET1"
"PSEN1","TNFAIP1","NET1"
"PSEN1","PHF8","NET1"
"PSEN1","NF2","NET1"
"PSEN1","MDC1","NET1"
"PSEN1","MRE11","NET1"
"PSEN1","FRAT1","NET1"
"PSEN1","CBL","NET1"
"PSEN1","RBBP8","NET1"
"PSEN1","PCBP2","NET1"
"PSEN1","SH2B3","NET1"
"PSEN1","HDAC1","NET1"
"PSEN1","GRB14","NET1"
"PSEN1","PRKAR1A","NET1"
"PSEN1","NOTCH2","NET1"
"PSEN1","BAZ1B","NET1"
"PSEN1","PLCG2","NET1"
"PSEN1","STK3/4","RNF7"
"PSEN1","ACP1","RNF7"
"PSEN1","PTPN6","RNF7"
"PSEN1","STK4","RNF7"
"PSEN1","RPS6KB1","RNF7"
"PSEN1","CHEK1","RNF7"
"PSEN1","EIF2AK2","RNF7"
"PSEN1","STK3","RNF7"
"PSEN1","DOK1","RNF7"
"PSEN1","CDC25A","RNF7"
"PSEN1","MARK2","RNF7"
"PSEN1","PHLPP1","RNF7"
"PSEN1","CALM3","RNF7"
"PSEN1","YAP1","RNF7"
"PSEN1","DEF6","RNF7"
"PSEN1","CAMKK2","RNF7"
"PSEN1","PTPN7","RNF7"
"PSEN1","PDP1","RNF7"
"PSEN1","RPS6KA4","RNF7"
"PSEN1","HDAC3","RNF7"
"PSEN1","AXIN1","RNF7"
"PSEN1","PTPRR","RNF7"
"PSEN1","CDKN1B","RNF7"
"PSEN1","SKP2","RNF7"
"PSEN1","MAML1","RNF7"
"PSEN1","CDC25C","RNF7"
"PSEN1","WEE1","RNF7"
"PSEN1","CLASP2","RNF7"
"PSEN1","RHEB","RNF7"
"PSEN1","INPP5D","RNF7"
"PSEN1","TNFAIP1","RNF7"
"PSEN1","PHF8","RNF7"
"PSEN1","NF2","RNF7"
"PSEN1","MDC1","RNF7"
"PSEN1","MRE11","RNF7"
"PSEN1","FRAT1","RNF7"
"PSEN1","CBL","RNF7"
"PSEN1","RBBP8","RNF7"
"PSEN1","PCBP2","RNF7"
"PSEN1","SH2B3","RNF7"
"PSEN1","HDAC1","RNF7"
"PSEN1","GRB14","RNF7"
"PSEN1","PRKAR1A","RNF7"
"PSEN1","NOTCH2","RNF7"
"PSEN1","BAZ1B","RNF7"
"PSEN1","PLCG2","RNF7"
"PSEN1","STK3/4","CD3D"
"PSEN1","ACP1","CD3D"
"PSEN1","PTPN6","CD3D"
"PSEN1","STK4","CD3D"
"PSEN1","RPS6KB1","CD3D"
"PSEN1","CHEK1","CD3D"
"PSEN1","EIF2AK2","CD3D"
"PSEN1","STK3","CD3D"
"PSEN1","DOK1","CD3D"
"PSEN1","CDC25A","CD3D"
"PSEN1","MARK2","CD3D"
"PSEN1","PHLPP1","CD3D"
"PSEN1","CALM3","CD3D"
"PSEN1","YAP1","CD3D"
"PSEN1","DEF6","CD3D"
"PSEN1","CAMKK2","CD3D"
"PSEN1","PTPN7","CD3D"
"PSEN1","PDP1","CD3D"
"PSEN1","RPS6KA4","CD3D"
"PSEN1","HDAC3","CD3D"
"PSEN1","AXIN1","CD3D"
"PSEN1","PTPRR","CD3D"
"PSEN1","CDKN1B","CD3D"
"PSEN1","SKP2","CD3D"
"PSEN1","MAML1","CD3D"
"PSEN1","CDC25C","CD3D"
"PSEN1","WEE1","CD3D"
"PSEN1","CLASP2","CD3D"
"PSEN1","RHEB","CD3D"
"PSEN1","INPP5D","CD3D"
"PSEN1","TNFAIP1","CD3D"
"PSEN1","PHF8","CD3D"
"PSEN1","NF2","CD3D"
"PSEN1","MDC1","CD3D"
"PSEN1","MRE11","CD3D"
"PSEN1","FRAT1","CD3D"
"PSEN1","CBL","CD3D"
"PSEN1","RBBP8","CD3D"
"PSEN1","PCBP2","CD3D"
"PSEN1","SH2B3","CD3D"
"PSEN1","HDAC1","CD3D"
"PSEN1","GRB14","CD3D"
"PSEN1","PRKAR1A","CD3D"
"PSEN1","NOTCH2","CD3D"
"PSEN1","BAZ1B","CD3D"
"PSEN1","PLCG2","CD3D"
"PSEN1","STK3/4","CERS5"
"PSEN1","ACP1","CERS5"
"PSEN1","PTPN6","CERS5"
"PSEN1","STK4","CERS5"
"PSEN1","RPS6KB1","CERS5"
"PSEN1","CHEK1","CERS5"
"PSEN1","EIF2AK2","CERS5"
"PSEN1","STK3","CERS5"
"PSEN1","DOK1","CERS5"
"PSEN1","CDC25A","CERS5"
"PSEN1","MARK2","CERS5"
"PSEN1","PHLPP1","CERS5"
"PSEN1","CALM3","CERS5"
"PSEN1","YAP1","CERS5"
"PSEN1","DEF6","CERS5"
"PSEN1","CAMKK2","CERS5"
"PSEN1","PTPN7","CERS5"
"PSEN1","PDP1","CERS5"
"PSEN1","RPS6KA4","CERS5"
"PSEN1","HDAC3","CERS5"
"PSEN1","AXIN1","CERS5"
"PSEN1","PTPRR","CERS5"
"PSEN1","CDKN1B","CERS5"
"PSEN1","SKP2","CERS5"
"PSEN1","MAML1","CERS5"
"PSEN1","CDC25C","CERS5"
"PSEN1","WEE1","CERS5"
"PSEN1","CLASP2","CERS5"
"PSEN1","RHEB","CERS5"
"PSEN1","INPP5D","CERS5"
"PSEN1","TNFAIP1","CERS5"
"PSEN1","PHF8","CERS5"
"PSEN1","NF2","CERS5"
"PSEN1","MDC1","CERS5"
"PSEN1","MRE11","CERS5"
"PSEN1","FRAT1","CERS5"
"PSEN1","CBL","CERS5"
"PSEN1","RBBP8","CERS5"
"PSEN1","PCBP2","CERS5"
"PSEN1","SH2B3","CERS5"
"PSEN1","HDAC1","CERS5"
"PSEN1","GRB14","CERS5"
"PSEN1","PRKAR1A","CERS5"
"PSEN1","NOTCH2","CERS5"
"PSEN1","BAZ1B","CERS5"
"PSEN1","PLCG2","CERS5"
"PSEN1","STK3/4","CERS6"
"PSEN1","ACP1","CERS6"
"PSEN1","PTPN6","CERS6"
"PSEN1","STK4","CERS6"
"PSEN1","RPS6KB1","CERS6"
"PSEN1","CHEK1","CERS6"
"PSEN1","EIF2AK2","CERS6"
"PSEN1","STK3","CERS6"
"PSEN1","DOK1","CERS6"
"PSEN1","CDC25A","CERS6"
"PSEN1","MARK2","CERS6"
"PSEN1","PHLPP1","CERS6"
"PSEN1","CALM3","CERS6"
"PSEN1","YAP1","CERS6"
"PSEN1","DEF6","CERS6"
"PSEN1","CAMKK2","CERS6"
"PSEN1","PTPN7","CERS6"
"PSEN1","PDP1","CERS6"
"PSEN1","RPS6KA4","CERS6"
"PSEN1","HDAC3","CERS6"
"PSEN1","AXIN1","CERS6"
"PSEN1","PTPRR","CERS6"
"PSEN1","CDKN1B","CERS6"
"PSEN1","SKP2","CERS6"
"PSEN1","MAML1","CERS6"
"PSEN1","CDC25C","CERS6"
"PSEN1","WEE1","CERS6"
"PSEN1","CLASP2","CERS6"
"PSEN1","RHEB","CERS6"
"PSEN1","INPP5D","CERS6"
"PSEN1","TNFAIP1","CERS6"
"PSEN1","PHF8","CERS6"
"PSEN1","NF2","CERS6"
"PSEN1","MDC1","CERS6"
"PSEN1","MRE11","CERS6"
"PSEN1","FRAT1","CERS6"
"PSEN1","CBL","CERS6"
"PSEN1","RBBP8","CERS6"
"PSEN1","PCBP2","CERS6"
"PSEN1","SH2B3","CERS6"
"PSEN1","HDAC1","CERS6"
"PSEN1","GRB14","CERS6"
"PSEN1","PRKAR1A","CERS6"
"PSEN1","NOTCH2","CERS6"
"PSEN1","BAZ1B","CERS6"
"PSEN1","PLCG2","CERS6"
"PSEN1","STK3/4","ABCC1"
"PSEN1","ACP1","ABCC1"
"PSEN1","PTPN6","ABCC1"
"PSEN1","STK4","ABCC1"
"PSEN1","RPS6KB1","ABCC1"
"PSEN1","CHEK1","ABCC1"
"PSEN1","EIF2AK2","ABCC1"
"PSEN1","STK3","ABCC1"
"PSEN1","DOK1","ABCC1"
"PSEN1","CDC25A","ABCC1"
"PSEN1","MARK2","ABCC1"
"PSEN1","PHLPP1","ABCC1"
"PSEN1","CALM3","ABCC1"
"PSEN1","YAP1","ABCC1"
"PSEN1","DEF6","ABCC1"
"PSEN1","CAMKK2","ABCC1"
"PSEN1","PTPN7","ABCC1"
"PSEN1","PDP1","ABCC1"
"PSEN1","RPS6KA4","ABCC1"
"PSEN1","HDAC3","ABCC1"
"PSEN1","AXIN1","ABCC1"
"PSEN1","PTPRR","ABCC1"
"PSEN1","CDKN1B","ABCC1"
"PSEN1","SKP2","ABCC1"
"PSEN1","MAML1","ABCC1"
"PSEN1","CDC25C","ABCC1"
"PSEN1","WEE1","ABCC1"
"PSEN1","CLASP2","ABCC1"
"PSEN1","RHEB","ABCC1"
"PSEN1","INPP5D","ABCC1"
"PSEN1","TNFAIP1","ABCC1"
"PSEN1","PHF8","ABCC1"
"PSEN1","NF2","ABCC1"
"PSEN1","MDC1","ABCC1"
"PSEN1","MRE11","ABCC1"
"PSEN1","FRAT1","ABCC1"
"PSEN1","CBL","ABCC1"
"PSEN1","RBBP8","ABCC1"
"PSEN1","PCBP2","ABCC1"
"PSEN1","SH2B3","ABCC1"
"PSEN1","HDAC1","ABCC1"
"PSEN1","GRB14","ABCC1"
"PSEN1","PRKAR1A","ABCC1"
"PSEN1","NOTCH2","ABCC1"
"PSEN1","BAZ1B","ABCC1"
"PSEN1","PLCG2","ABCC1"
"PSEN1","STK3/4","KRT20"
"PSEN1","ACP1","KRT20"
"PSEN1","PTPN6","KRT20"
"PSEN1","STK4","KRT20"
"PSEN1","RPS6KB1","KRT20"
"PSEN1","CHEK1","KRT20"
"PSEN1","EIF2AK2","KRT20"
"PSEN1","STK3","KRT20"
"PSEN1","DOK1","KRT20"
"PSEN1","CDC25A","KRT20"
"PSEN1","MARK2","KRT20"
"PSEN1","PHLPP1","KRT20"
"PSEN1","CALM3","KRT20"
"PSEN1","YAP1","KRT20"
"PSEN1","DEF6","KRT20"
"PSEN1","CAMKK2","KRT20"
"PSEN1","PTPN7","KRT20"
"PSEN1","PDP1","KRT20"
"PSEN1","RPS6KA4","KRT20"
"PSEN1","HDAC3","KRT20"
"PSEN1","AXIN1","KRT20"
"PSEN1","PTPRR","KRT20"
"PSEN1","CDKN1B","KRT20"
"PSEN1","SKP2","KRT20"
"PSEN1","MAML1","KRT20"
"PSEN1","CDC25C","KRT20"
"PSEN1","WEE1","KRT20"
"PSEN1","CLASP2","KRT20"
"PSEN1","RHEB","KRT20"
"PSEN1","INPP5D","KRT20"
"PSEN1","TNFAIP1","KRT20"
"PSEN1","PHF8","KRT20"
"PSEN1","NF2","KRT20"
"PSEN1","MDC1","KRT20"
"PSEN1","MRE11","KRT20"
"PSEN1","FRAT1","KRT20"
"PSEN1","CBL","KRT20"
"PSEN1","RBBP8","KRT20"
"PSEN1","PCBP2","KRT20"
"PSEN1","SH2B3","KRT20"
"PSEN1","HDAC1","KRT20"
"PSEN1","GRB14","KRT20"
"PSEN1","PRKAR1A","KRT20"
"PSEN1","NOTCH2","KRT20"
"PSEN1","BAZ1B","KRT20"
"PSEN1","PLCG2","KRT20"
"PSEN1","STK3/4","NKX2-1"
"PSEN1","ACP1","NKX2-1"
"PSEN1","PTPN6","NKX2-1"
"PSEN1","STK4","NKX2-1"
"PSEN1","RPS6KB1","NKX2-1"
"PSEN1","CHEK1","NKX2-1"
"PSEN1","EIF2AK2","NKX2-1"
"PSEN1","STK3","NKX2-1"
"PSEN1","DOK1","NKX2-1"
"PSEN1","CDC25A","NKX2-1"
"PSEN1","MARK2","NKX2-1"
"PSEN1","PHLPP1","NKX2-1"
"PSEN1","CALM3","NKX2-1"
"PSEN1","YAP1","NKX2-1"
"PSEN1","DEF6","NKX2-1"
"PSEN1","CAMKK2","NKX2-1"
"PSEN1","PTPN7","NKX2-1"
"PSEN1","PDP1","NKX2-1"
"PSEN1","RPS6KA4","NKX2-1"
"PSEN1","HDAC3","NKX2-1"
"PSEN1","AXIN1","NKX2-1"
"PSEN1","PTPRR","NKX2-1"
"PSEN1","CDKN1B","NKX2-1"
"PSEN1","SKP2","NKX2-1"
"PSEN1","MAML1","NKX2-1"
"PSEN1","CDC25C","NKX2-1"
"PSEN1","WEE1","NKX2-1"
"PSEN1","CLASP2","NKX2-1"
"PSEN1","RHEB","NKX2-1"
"PSEN1","INPP5D","NKX2-1"
"PSEN1","TNFAIP1","NKX2-1"
"PSEN1","PHF8","NKX2-1"
"PSEN1","NF2","NKX2-1"
"PSEN1","MDC1","NKX2-1"
"PSEN1","MRE11","NKX2-1"
"PSEN1","FRAT1","NKX2-1"
"PSEN1","CBL","NKX2-1"
"PSEN1","RBBP8","NKX2-1"
"PSEN1","PCBP2","NKX2-1"
"PSEN1","SH2B3","NKX2-1"
"PSEN1","HDAC1","NKX2-1"
"PSEN1","GRB14","NKX2-1"
"PSEN1","PRKAR1A","NKX2-1"
"PSEN1","NOTCH2","NKX2-1"
"PSEN1","BAZ1B","NKX2-1"
"PSEN1","PLCG2","NKX2-1"
"PSEN1","STK3/4","HNRNPD"
"PSEN1","ACP1","HNRNPD"
"PSEN1","PTPN6","HNRNPD"
"PSEN1","STK4","HNRNPD"
"PSEN1","RPS6KB1","HNRNPD"
"PSEN1","CHEK1","HNRNPD"
"PSEN1","EIF2AK2","HNRNPD"
"PSEN1","STK3","HNRNPD"
"PSEN1","DOK1","HNRNPD"
"PSEN1","CDC25A","HNRNPD"
"PSEN1","MARK2","HNRNPD"
"PSEN1","PHLPP1","HNRNPD"
"PSEN1","CALM3","HNRNPD"
"PSEN1","YAP1","HNRNPD"
"PSEN1","DEF6","HNRNPD"
"PSEN1","CAMKK2","HNRNPD"
"PSEN1","PTPN7","HNRNPD"
"PSEN1","PDP1","HNRNPD"
"PSEN1","RPS6KA4","HNRNPD"
"PSEN1","HDAC3","HNRNPD"
"PSEN1","AXIN1","HNRNPD"
"PSEN1","PTPRR","HNRNPD"
"PSEN1","CDKN1B","HNRNPD"
"PSEN1","SKP2","HNRNPD"
"PSEN1","MAML1","HNRNPD"
"PSEN1","CDC25C","HNRNPD"
"PSEN1","WEE1","HNRNPD"
"PSEN1","CLASP2","HNRNPD"
"PSEN1","RHEB","HNRNPD"
"PSEN1","INPP5D","HNRNPD"
"PSEN1","TNFAIP1","HNRNPD"
"PSEN1","PHF8","HNRNPD"
"PSEN1","NF2","HNRNPD"
"PSEN1","MDC1","HNRNPD"
"PSEN1","MRE11","HNRNPD"
"PSEN1","FRAT1","HNRNPD"
"PSEN1","CBL","HNRNPD"
"PSEN1","RBBP8","HNRNPD"
"PSEN1","PCBP2","HNRNPD"
"PSEN1","SH2B3","HNRNPD"
"PSEN1","HDAC1","HNRNPD"
"PSEN1","GRB14","HNRNPD"
"PSEN1","PRKAR1A","HNRNPD"
"PSEN1","NOTCH2","HNRNPD"
"PSEN1","BAZ1B","HNRNPD"
"PSEN1","PLCG2","HNRNPD"
"PSEN1","STK3/4","HSPA1L"
"PSEN1","ACP1","HSPA1L"
"PSEN1","PTPN6","HSPA1L"
"PSEN1","STK4","HSPA1L"
"PSEN1","RPS6KB1","HSPA1L"
"PSEN1","CHEK1","HSPA1L"
"PSEN1","EIF2AK2","HSPA1L"
"PSEN1","STK3","HSPA1L"
"PSEN1","DOK1","HSPA1L"
"PSEN1","CDC25A","HSPA1L"
"PSEN1","MARK2","HSPA1L"
"PSEN1","PHLPP1","HSPA1L"
"PSEN1","CALM3","HSPA1L"
"PSEN1","YAP1","HSPA1L"
"PSEN1","DEF6","HSPA1L"
"PSEN1","CAMKK2","HSPA1L"
"PSEN1","PTPN7","HSPA1L"
"PSEN1","PDP1","HSPA1L"
"PSEN1","RPS6KA4","HSPA1L"
"PSEN1","HDAC3","HSPA1L"
"PSEN1","AXIN1","HSPA1L"
"PSEN1","PTPRR","HSPA1L"
"PSEN1","CDKN1B","HSPA1L"
"PSEN1","SKP2","HSPA1L"
"PSEN1","MAML1","HSPA1L"
"PSEN1","CDC25C","HSPA1L"
"PSEN1","WEE1","HSPA1L"
"PSEN1","CLASP2","HSPA1L"
"PSEN1","RHEB","HSPA1L"
"PSEN1","INPP5D","HSPA1L"
"PSEN1","TNFAIP1","HSPA1L"
"PSEN1","PHF8","HSPA1L"
"PSEN1","NF2","HSPA1L"
"PSEN1","MDC1","HSPA1L"
"PSEN1","MRE11","HSPA1L"
"PSEN1","FRAT1","HSPA1L"
"PSEN1","CBL","HSPA1L"
"PSEN1","RBBP8","HSPA1L"
"PSEN1","PCBP2","HSPA1L"
"PSEN1","SH2B3","HSPA1L"
"PSEN1","HDAC1","HSPA1L"
"PSEN1","GRB14","HSPA1L"
"PSEN1","PRKAR1A","HSPA1L"
"PSEN1","NOTCH2","HSPA1L"
"PSEN1","BAZ1B","HSPA1L"
"PSEN1","PLCG2","HSPA1L"
"PSEN1","STK3/4","NOS2"
"PSEN1","ACP1","NOS2"
"PSEN1","PTPN6","NOS2"
"PSEN1","STK4","NOS2"
"PSEN1","RPS6KB1","NOS2"
"PSEN1","CHEK1","NOS2"
"PSEN1","EIF2AK2","NOS2"
"PSEN1","STK3","NOS2"
"PSEN1","DOK1","NOS2"
"PSEN1","CDC25A","NOS2"
"PSEN1","MARK2","NOS2"
"PSEN1","PHLPP1","NOS2"
"PSEN1","CALM3","NOS2"
"PSEN1","YAP1","NOS2"
"PSEN1","DEF6","NOS2"
"PSEN1","CAMKK2","NOS2"
"PSEN1","PTPN7","NOS2"
"PSEN1","PDP1","NOS2"
"PSEN1","RPS6KA4","NOS2"
"PSEN1","HDAC3","NOS2"
"PSEN1","AXIN1","NOS2"
"PSEN1","PTPRR","NOS2"
"PSEN1","CDKN1B","NOS2"
"PSEN1","SKP2","NOS2"
"PSEN1","MAML1","NOS2"
"PSEN1","CDC25C","NOS2"
"PSEN1","WEE1","NOS2"
"PSEN1","CLASP2","NOS2"
"PSEN1","RHEB","NOS2"
"PSEN1","INPP5D","NOS2"
"PSEN1","TNFAIP1","NOS2"
"PSEN1","PHF8","NOS2"
"PSEN1","NF2","NOS2"
"PSEN1","MDC1","NOS2"
"PSEN1","MRE11","NOS2"
"PSEN1","FRAT1","NOS2"
"PSEN1","CBL","NOS2"
"PSEN1","RBBP8","NOS2"
"PSEN1","PCBP2","NOS2"
"PSEN1","SH2B3","NOS2"
"PSEN1","HDAC1","NOS2"
"PSEN1","GRB14","NOS2"
"PSEN1","PRKAR1A","NOS2"
"PSEN1","NOTCH2","NOS2"
"PSEN1","BAZ1B","NOS2"
"PSEN1","PLCG2","NOS2"
"PSEN1","STK3/4","RICTOR"
"PSEN1","ACP1","RICTOR"
"PSEN1","PTPN6","RICTOR"
"PSEN1","STK4","RICTOR"
"PSEN1","RPS6KB1","RICTOR"
"PSEN1","CHEK1","RICTOR"
"PSEN1","EIF2AK2","RICTOR"
"PSEN1","STK3","RICTOR"
"PSEN1","DOK1","RICTOR"
"PSEN1","CDC25A","RICTOR"
"PSEN1","MARK2","RICTOR"
"PSEN1","PHLPP1","RICTOR"
"PSEN1","CALM3","RICTOR"
"PSEN1","YAP1","RICTOR"
"PSEN1","DEF6","RICTOR"
"PSEN1","CAMKK2","RICTOR"
"PSEN1","PTPN7","RICTOR"
"PSEN1","PDP1","RICTOR"
"PSEN1","RPS6KA4","RICTOR"
"PSEN1","HDAC3","RICTOR"
"PSEN1","AXIN1","RICTOR"
"PSEN1","PTPRR","RICTOR"
"PSEN1","CDKN1B","RICTOR"
"PSEN1","SKP2","RICTOR"
"PSEN1","MAML1","RICTOR"
"PSEN1","CDC25C","RICTOR"
"PSEN1","WEE1","RICTOR"
"PSEN1","CLASP2","RICTOR"
"PSEN1","RHEB","RICTOR"
"PSEN1","INPP5D","RICTOR"
"PSEN1","TNFAIP1","RICTOR"
"PSEN1","PHF8","RICTOR"
"PSEN1","NF2","RICTOR"
"PSEN1","MDC1","RICTOR"
"PSEN1","MRE11","RICTOR"
"PSEN1","FRAT1","RICTOR"
"PSEN1","CBL","RICTOR"
"PSEN1","RBBP8","RICTOR"
"PSEN1","PCBP2","RICTOR"
"PSEN1","SH2B3","RICTOR"
"PSEN1","HDAC1","RICTOR"
"PSEN1","GRB14","RICTOR"
"PSEN1","PRKAR1A","RICTOR"
"PSEN1","NOTCH2","RICTOR"
"PSEN1","BAZ1B","RICTOR"
"PSEN1","PLCG2","RICTOR"
"PSEN1","STK3/4","ZNF322"
"PSEN1","ACP1","ZNF322"
"PSEN1","PTPN6","ZNF322"
"PSEN1","STK4","ZNF322"
"PSEN1","RPS6KB1","ZNF322"
"PSEN1","CHEK1","ZNF322"
"PSEN1","EIF2AK2","ZNF322"
"PSEN1","STK3","ZNF322"
"PSEN1","DOK1","ZNF322"
"PSEN1","CDC25A","ZNF322"
"PSEN1","MARK2","ZNF322"
"PSEN1","PHLPP1","ZNF322"
"PSEN1","CALM3","ZNF322"
"PSEN1","YAP1","ZNF322"
"PSEN1","DEF6","ZNF322"
"PSEN1","CAMKK2","ZNF322"
"PSEN1","PTPN7","ZNF322"
"PSEN1","PDP1","ZNF322"
"PSEN1","RPS6KA4","ZNF322"
"PSEN1","HDAC3","ZNF322"
"PSEN1","AXIN1","ZNF322"
"PSEN1","PTPRR","ZNF322"
"PSEN1","CDKN1B","ZNF322"
"PSEN1","SKP2","ZNF322"
"PSEN1","MAML1","ZNF322"
"PSEN1","CDC25C","ZNF322"
"PSEN1","WEE1","ZNF322"
"PSEN1","CLASP2","ZNF322"
"PSEN1","RHEB","ZNF322"
"PSEN1","INPP5D","ZNF322"
"PSEN1","TNFAIP1","ZNF322"
"PSEN1","PHF8","ZNF322"
"PSEN1","NF2","ZNF322"
"PSEN1","MDC1","ZNF322"
"PSEN1","MRE11","ZNF322"
"PSEN1","FRAT1","ZNF322"
"PSEN1","CBL","ZNF322"
"PSEN1","RBBP8","ZNF322"
"PSEN1","PCBP2","ZNF322"
"PSEN1","SH2B3","ZNF322"
"PSEN1","HDAC1","ZNF322"
"PSEN1","GRB14","ZNF322"
"PSEN1","PRKAR1A","ZNF322"
"PSEN1","NOTCH2","ZNF322"
"PSEN1","BAZ1B","ZNF322"
"PSEN1","PLCG2","ZNF322"
"PSEN1","STK3/4","EIF2B4"
"PSEN1","ACP1","EIF2B4"
"PSEN1","PTPN6","EIF2B4"
"PSEN1","STK4","EIF2B4"
"PSEN1","RPS6KB1","EIF2B4"
"PSEN1","CHEK1","EIF2B4"
"PSEN1","EIF2AK2","EIF2B4"
"PSEN1","STK3","EIF2B4"
"PSEN1","DOK1","EIF2B4"
"PSEN1","CDC25A","EIF2B4"
"PSEN1","MARK2","EIF2B4"
"PSEN1","PHLPP1","EIF2B4"
"PSEN1","CALM3","EIF2B4"
"PSEN1","YAP1","EIF2B4"
"PSEN1","DEF6","EIF2B4"
"PSEN1","CAMKK2","EIF2B4"
"PSEN1","PTPN7","EIF2B4"
"PSEN1","PDP1","EIF2B4"
"PSEN1","RPS6KA4","EIF2B4"
"PSEN1","HDAC3","EIF2B4"
"PSEN1","AXIN1","EIF2B4"
"PSEN1","PTPRR","EIF2B4"
"PSEN1","CDKN1B","EIF2B4"
"PSEN1","SKP2","EIF2B4"
"PSEN1","MAML1","EIF2B4"
"PSEN1","CDC25C","EIF2B4"
"PSEN1","WEE1","EIF2B4"
"PSEN1","CLASP2","EIF2B4"
"PSEN1","RHEB","EIF2B4"
"PSEN1","INPP5D","EIF2B4"
"PSEN1","TNFAIP1","EIF2B4"
"PSEN1","PHF8","EIF2B4"
"PSEN1","NF2","EIF2B4"
"PSEN1","MDC1","EIF2B4"
"PSEN1","MRE11","EIF2B4"
"PSEN1","FRAT1","EIF2B4"
"PSEN1","CBL","EIF2B4"
"PSEN1","RBBP8","EIF2B4"
"PSEN1","PCBP2","EIF2B4"
"PSEN1","SH2B3","EIF2B4"
"PSEN1","HDAC1","EIF2B4"
"PSEN1","GRB14","EIF2B4"
"PSEN1","PRKAR1A","EIF2B4"
"PSEN1","NOTCH2","EIF2B4"
"PSEN1","BAZ1B","EIF2B4"
"PSEN1","PLCG2","EIF2B4"
"PSEN1","STK3/4","PGAM"
"PSEN1","ACP1","PGAM"
"PSEN1","PTPN6","PGAM"
"PSEN1","STK4","PGAM"
"PSEN1","RPS6KB1","PGAM"
"PSEN1","CHEK1","PGAM"
"PSEN1","EIF2AK2","PGAM"
"PSEN1","STK3","PGAM"
"PSEN1","DOK1","PGAM"
"PSEN1","CDC25A","PGAM"
"PSEN1","MARK2","PGAM"
"PSEN1","PHLPP1","PGAM"
"PSEN1","CALM3","PGAM"
"PSEN1","YAP1","PGAM"
"PSEN1","DEF6","PGAM"
"PSEN1","CAMKK2","PGAM"
"PSEN1","PTPN7","PGAM"
"PSEN1","PDP1","PGAM"
"PSEN1","RPS6KA4","PGAM"
"PSEN1","HDAC3","PGAM"
"PSEN1","AXIN1","PGAM"
"PSEN1","PTPRR","PGAM"
"PSEN1","CDKN1B","PGAM"
"PSEN1","SKP2","PGAM"
"PSEN1","MAML1","PGAM"
"PSEN1","CDC25C","PGAM"
"PSEN1","WEE1","PGAM"
"PSEN1","CLASP2","PGAM"
"PSEN1","RHEB","PGAM"
"PSEN1","INPP5D","PGAM"
"PSEN1","TNFAIP1","PGAM"
"PSEN1","PHF8","PGAM"
"PSEN1","NF2","PGAM"
"PSEN1","MDC1","PGAM"
"PSEN1","MRE11","PGAM"
"PSEN1","FRAT1","PGAM"
"PSEN1","CBL","PGAM"
"PSEN1","RBBP8","PGAM"
"PSEN1","PCBP2","PGAM"
"PSEN1","SH2B3","PGAM"
"PSEN1","HDAC1","PGAM"
"PSEN1","GRB14","PGAM"
"PSEN1","PRKAR1A","PGAM"
"PSEN1","NOTCH2","PGAM"
"PSEN1","BAZ1B","PGAM"
"PSEN1","PLCG2","PGAM"
"PSEN1","STK3/4","PRMT5"
"PSEN1","ACP1","PRMT5"
"PSEN1","PTPN6","PRMT5"
"PSEN1","STK4","PRMT5"
"PSEN1","RPS6KB1","PRMT5"
"PSEN1","CHEK1","PRMT5"
"PSEN1","EIF2AK2","PRMT5"
"PSEN1","STK3","PRMT5"
"PSEN1","DOK1","PRMT5"
"PSEN1","CDC25A","PRMT5"
"PSEN1","MARK2","PRMT5"
"PSEN1","PHLPP1","PRMT5"
"PSEN1","CALM3","PRMT5"
"PSEN1","YAP1","PRMT5"
"PSEN1","DEF6","PRMT5"
"PSEN1","CAMKK2","PRMT5"
"PSEN1","PTPN7","PRMT5"
"PSEN1","PDP1","PRMT5"
"PSEN1","RPS6KA4","PRMT5"
"PSEN1","HDAC3","PRMT5"
"PSEN1","AXIN1","PRMT5"
"PSEN1","PTPRR","PRMT5"
"PSEN1","CDKN1B","PRMT5"
"PSEN1","SKP2","PRMT5"
"PSEN1","MAML1","PRMT5"
"PSEN1","CDC25C","PRMT5"
"PSEN1","WEE1","PRMT5"
"PSEN1","CLASP2","PRMT5"
"PSEN1","RHEB","PRMT5"
"PSEN1","INPP5D","PRMT5"
"PSEN1","TNFAIP1","PRMT5"
"PSEN1","PHF8","PRMT5"
"PSEN1","NF2","PRMT5"
"PSEN1","MDC1","PRMT5"
"PSEN1","MRE11","PRMT5"
"PSEN1","FRAT1","PRMT5"
"PSEN1","CBL","PRMT5"
"PSEN1","RBBP8","PRMT5"
"PSEN1","PCBP2","PRMT5"
"PSEN1","SH2B3","PRMT5"
"PSEN1","HDAC1","PRMT5"
"PSEN1","GRB14","PRMT5"
"PSEN1","PRKAR1A","PRMT5"
"PSEN1","NOTCH2","PRMT5"
"PSEN1","BAZ1B","PRMT5"
"PSEN1","PLCG2","PRMT5"
"PSEN1","STK3/4","EIF2B1"
"PSEN1","ACP1","EIF2B1"
"PSEN1","PTPN6","EIF2B1"
"PSEN1","STK4","EIF2B1"
"PSEN1","RPS6KB1","EIF2B1"
"PSEN1","CHEK1","EIF2B1"
"PSEN1","EIF2AK2","EIF2B1"
"PSEN1","STK3","EIF2B1"
"PSEN1","DOK1","EIF2B1"
"PSEN1","CDC25A","EIF2B1"
"PSEN1","MARK2","EIF2B1"
"PSEN1","PHLPP1","EIF2B1"
"PSEN1","CALM3","EIF2B1"
"PSEN1","YAP1","EIF2B1"
"PSEN1","DEF6","EIF2B1"
"PSEN1","CAMKK2","EIF2B1"
"PSEN1","PTPN7","EIF2B1"
"PSEN1","PDP1","EIF2B1"
"PSEN1","RPS6KA4","EIF2B1"
"PSEN1","HDAC3","EIF2B1"
"PSEN1","AXIN1","EIF2B1"
"PSEN1","PTPRR","EIF2B1"
"PSEN1","CDKN1B","EIF2B1"
"PSEN1","SKP2","EIF2B1"
"PSEN1","MAML1","EIF2B1"
"PSEN1","CDC25C","EIF2B1"
"PSEN1","WEE1","EIF2B1"
"PSEN1","CLASP2","EIF2B1"
"PSEN1","RHEB","EIF2B1"
"PSEN1","INPP5D","EIF2B1"
"PSEN1","TNFAIP1","EIF2B1"
"PSEN1","PHF8","EIF2B1"
"PSEN1","NF2","EIF2B1"
"PSEN1","MDC1","EIF2B1"
"PSEN1","MRE11","EIF2B1"
"PSEN1","FRAT1","EIF2B1"
"PSEN1","CBL","EIF2B1"
"PSEN1","RBBP8","EIF2B1"
"PSEN1","PCBP2","EIF2B1"
"PSEN1","SH2B3","EIF2B1"
"PSEN1","HDAC1","EIF2B1"
"PSEN1","GRB14","EIF2B1"
"PSEN1","PRKAR1A","EIF2B1"
"PSEN1","NOTCH2","EIF2B1"
"PSEN1","BAZ1B","EIF2B1"
"PSEN1","PLCG2","EIF2B1"
"PSEN1","STK3/4","PAX6"
"PSEN1","ACP1","PAX6"
"PSEN1","PTPN6","PAX6"
"PSEN1","STK4","PAX6"
"PSEN1","RPS6KB1","PAX6"
"PSEN1","CHEK1","PAX6"
"PSEN1","EIF2AK2","PAX6"
"PSEN1","STK3","PAX6"
"PSEN1","DOK1","PAX6"
"PSEN1","CDC25A","PAX6"
"PSEN1","MARK2","PAX6"
"PSEN1","PHLPP1","PAX6"
"PSEN1","CALM3","PAX6"
"PSEN1","YAP1","PAX6"
"PSEN1","DEF6","PAX6"
"PSEN1","CAMKK2","PAX6"
"PSEN1","PTPN7","PAX6"
"PSEN1","PDP1","PAX6"
"PSEN1","RPS6KA4","PAX6"
"PSEN1","HDAC3","PAX6"
"PSEN1","AXIN1","PAX6"
"PSEN1","PTPRR","PAX6"
"PSEN1","CDKN1B","PAX6"
"PSEN1","SKP2","PAX6"
"PSEN1","MAML1","PAX6"
"PSEN1","CDC25C","PAX6"
"PSEN1","WEE1","PAX6"
"PSEN1","CLASP2","PAX6"
"PSEN1","RHEB","PAX6"
"PSEN1","INPP5D","PAX6"
"PSEN1","TNFAIP1","PAX6"
"PSEN1","PHF8","PAX6"
"PSEN1","NF2","PAX6"
"PSEN1","MDC1","PAX6"
"PSEN1","MRE11","PAX6"
"PSEN1","FRAT1","PAX6"
"PSEN1","CBL","PAX6"
"PSEN1","RBBP8","PAX6"
"PSEN1","PCBP2","PAX6"
"PSEN1","SH2B3","PAX6"
"PSEN1","HDAC1","PAX6"
"PSEN1","GRB14","PAX6"
"PSEN1","PRKAR1A","PAX6"
"PSEN1","NOTCH2","PAX6"
"PSEN1","BAZ1B","PAX6"
"PSEN1","PLCG2","PAX6"
"PSEN1","STK3/4","MAGEA11"
"PSEN1","ACP1","MAGEA11"
"PSEN1","PTPN6","MAGEA11"
"PSEN1","STK4","MAGEA11"
"PSEN1","RPS6KB1","MAGEA11"
"PSEN1","CHEK1","MAGEA11"
"PSEN1","EIF2AK2","MAGEA11"
"PSEN1","STK3","MAGEA11"
"PSEN1","DOK1","MAGEA11"
"PSEN1","CDC25A","MAGEA11"
"PSEN1","MARK2","MAGEA11"
"PSEN1","PHLPP1","MAGEA11"
"PSEN1","CALM3","MAGEA11"
"PSEN1","YAP1","MAGEA11"
"PSEN1","DEF6","MAGEA11"
"PSEN1","CAMKK2","MAGEA11"
"PSEN1","PTPN7","MAGEA11"
"PSEN1","PDP1","MAGEA11"
"PSEN1","RPS6KA4","MAGEA11"
"PSEN1","HDAC3","MAGEA11"
"PSEN1","AXIN1","MAGEA11"
"PSEN1","PTPRR","MAGEA11"
"PSEN1","CDKN1B","MAGEA11"
"PSEN1","SKP2","MAGEA11"
"PSEN1","MAML1","MAGEA11"
"PSEN1","CDC25C","MAGEA11"
"PSEN1","WEE1","MAGEA11"
"PSEN1","CLASP2","MAGEA11"
"PSEN1","RHEB","MAGEA11"
"PSEN1","INPP5D","MAGEA11"
"PSEN1","TNFAIP1","MAGEA11"
"PSEN1","PHF8","MAGEA11"
"PSEN1","NF2","MAGEA11"
"PSEN1","MDC1","MAGEA11"
"PSEN1","MRE11","MAGEA11"
"PSEN1","FRAT1","MAGEA11"
"PSEN1","CBL","MAGEA11"
"PSEN1","RBBP8","MAGEA11"
"PSEN1","PCBP2","MAGEA11"
"PSEN1","SH2B3","MAGEA11"
"PSEN1","HDAC1","MAGEA11"
"PSEN1","GRB14","MAGEA11"
"PSEN1","PRKAR1A","MAGEA11"
"PSEN1","NOTCH2","MAGEA11"
"PSEN1","BAZ1B","MAGEA11"
"PSEN1","PLCG2","MAGEA11"
"PSEN1","STK3/4","SYNCRIP"
"PSEN1","ACP1","SYNCRIP"
"PSEN1","PTPN6","SYNCRIP"
"PSEN1","STK4","SYNCRIP"
"PSEN1","RPS6KB1","SYNCRIP"
"PSEN1","CHEK1","SYNCRIP"
"PSEN1","EIF2AK2","SYNCRIP"
"PSEN1","STK3","SYNCRIP"
"PSEN1","DOK1","SYNCRIP"
"PSEN1","CDC25A","SYNCRIP"
"PSEN1","MARK2","SYNCRIP"
"PSEN1","PHLPP1","SYNCRIP"
"PSEN1","CALM3","SYNCRIP"
"PSEN1","YAP1","SYNCRIP"
"PSEN1","DEF6","SYNCRIP"
"PSEN1","CAMKK2","SYNCRIP"
"PSEN1","PTPN7","SYNCRIP"
"PSEN1","PDP1","SYNCRIP"
"PSEN1","RPS6KA4","SYNCRIP"
"PSEN1","HDAC3","SYNCRIP"
"PSEN1","AXIN1","SYNCRIP"
"PSEN1","PTPRR","SYNCRIP"
"PSEN1","CDKN1B","SYNCRIP"
"PSEN1","SKP2","SYNCRIP"
"PSEN1","MAML1","SYNCRIP"
"PSEN1","CDC25C","SYNCRIP"
"PSEN1","WEE1","SYNCRIP"
"PSEN1","CLASP2","SYNCRIP"
"PSEN1","RHEB","SYNCRIP"
"PSEN1","INPP5D","SYNCRIP"
"PSEN1","TNFAIP1","SYNCRIP"
"PSEN1","PHF8","SYNCRIP"
"PSEN1","NF2","SYNCRIP"
"PSEN1","MDC1","SYNCRIP"
"PSEN1","MRE11","SYNCRIP"
"PSEN1","FRAT1","SYNCRIP"
"PSEN1","CBL","SYNCRIP"
"PSEN1","RBBP8","SYNCRIP"
"PSEN1","PCBP2","SYNCRIP"
"PSEN1","SH2B3","SYNCRIP"
"PSEN1","HDAC1","SYNCRIP"
"PSEN1","GRB14","SYNCRIP"
"PSEN1","PRKAR1A","SYNCRIP"
"PSEN1","NOTCH2","SYNCRIP"
"PSEN1","BAZ1B","SYNCRIP"
"PSEN1","PLCG2","SYNCRIP"
"PSEN1","STK3/4","MED28"
"PSEN1","ACP1","MED28"
"PSEN1","PTPN6","MED28"
"PSEN1","STK4","MED28"
"PSEN1","RPS6KB1","MED28"
"PSEN1","CHEK1","MED28"
"PSEN1","EIF2AK2","MED28"
"PSEN1","STK3","MED28"
"PSEN1","DOK1","MED28"
"PSEN1","CDC25A","MED28"
"PSEN1","MARK2","MED28"
"PSEN1","PHLPP1","MED28"
"PSEN1","CALM3","MED28"
"PSEN1","YAP1","MED28"
"PSEN1","DEF6","MED28"
"PSEN1","CAMKK2","MED28"
"PSEN1","PTPN7","MED28"
"PSEN1","PDP1","MED28"
"PSEN1","RPS6KA4","MED28"
"PSEN1","HDAC3","MED28"
"PSEN1","AXIN1","MED28"
"PSEN1","PTPRR","MED28"
"PSEN1","CDKN1B","MED28"
"PSEN1","SKP2","MED28"
"PSEN1","MAML1","MED28"
"PSEN1","CDC25C","MED28"
"PSEN1","WEE1","MED28"
"PSEN1","CLASP2","MED28"
"PSEN1","RHEB","MED28"
"PSEN1","INPP5D","MED28"
"PSEN1","TNFAIP1","MED28"
"PSEN1","PHF8","MED28"
"PSEN1","NF2","MED28"
"PSEN1","MDC1","MED28"
"PSEN1","MRE11","MED28"
"PSEN1","FRAT1","MED28"
"PSEN1","CBL","MED28"
"PSEN1","RBBP8","MED28"
"PSEN1","PCBP2","MED28"
"PSEN1","SH2B3","MED28"
"PSEN1","HDAC1","MED28"
"PSEN1","GRB14","MED28"
"PSEN1","PRKAR1A","MED28"
"PSEN1","NOTCH2","MED28"
"PSEN1","BAZ1B","MED28"
"PSEN1","PLCG2","MED28"
"PSEN1","STK3/4","SSB"
"PSEN1","ACP1","SSB"
"PSEN1","PTPN6","SSB"
"PSEN1","STK4","SSB"
"PSEN1","RPS6KB1","SSB"
"PSEN1","CHEK1","SSB"
"PSEN1","EIF2AK2","SSB"
"PSEN1","STK3","SSB"
"PSEN1","DOK1","SSB"
"PSEN1","CDC25A","SSB"
"PSEN1","MARK2","SSB"
"PSEN1","PHLPP1","SSB"
"PSEN1","CALM3","SSB"
"PSEN1","YAP1","SSB"
"PSEN1","DEF6","SSB"
"PSEN1","CAMKK2","SSB"
"PSEN1","PTPN7","SSB"
"PSEN1","PDP1","SSB"
"PSEN1","RPS6KA4","SSB"
"PSEN1","HDAC3","SSB"
"PSEN1","AXIN1","SSB"
"PSEN1","PTPRR","SSB"
"PSEN1","CDKN1B","SSB"
"PSEN1","SKP2","SSB"
"PSEN1","MAML1","SSB"
"PSEN1","CDC25C","SSB"
"PSEN1","WEE1","SSB"
"PSEN1","CLASP2","SSB"
"PSEN1","RHEB","SSB"
"PSEN1","INPP5D","SSB"
"PSEN1","TNFAIP1","SSB"
"PSEN1","PHF8","SSB"
"PSEN1","NF2","SSB"
"PSEN1","MDC1","SSB"
"PSEN1","MRE11","SSB"
"PSEN1","FRAT1","SSB"
"PSEN1","CBL","SSB"
"PSEN1","RBBP8","SSB"
"PSEN1","PCBP2","SSB"
"PSEN1","SH2B3","SSB"
"PSEN1","HDAC1","SSB"
"PSEN1","GRB14","SSB"
"PSEN1","PRKAR1A","SSB"
"PSEN1","NOTCH2","SSB"
"PSEN1","BAZ1B","SSB"
"PSEN1","PLCG2","SSB"
"PSEN1","STK3/4","TEAD1"
"PSEN1","ACP1","TEAD1"
"PSEN1","PTPN6","TEAD1"
"PSEN1","STK4","TEAD1"
"PSEN1","RPS6KB1","TEAD1"
"PSEN1","CHEK1","TEAD1"
"PSEN1","EIF2AK2","TEAD1"
"PSEN1","STK3","TEAD1"
"PSEN1","DOK1","TEAD1"
"PSEN1","CDC25A","TEAD1"
"PSEN1","MARK2","TEAD1"
"PSEN1","PHLPP1","TEAD1"
"PSEN1","CALM3","TEAD1"
"PSEN1","DEF6","TEAD1"
"PSEN1","CAMKK2","TEAD1"
"PSEN1","PTPN7","TEAD1"
"PSEN1","PDP1","TEAD1"
"PSEN1","RPS6KA4","TEAD1"
"PSEN1","HDAC3","TEAD1"
"PSEN1","AXIN1","TEAD1"
"PSEN1","PTPRR","TEAD1"
"PSEN1","CDKN1B","TEAD1"
"PSEN1","SKP2","TEAD1"
"PSEN1","MAML1","TEAD1"
"PSEN1","CDC25C","TEAD1"
"PSEN1","WEE1","TEAD1"
"PSEN1","CLASP2","TEAD1"
"PSEN1","RHEB","TEAD1"
"PSEN1","INPP5D","TEAD1"
"PSEN1","TNFAIP1","TEAD1"
"PSEN1","PHF8","TEAD1"
"PSEN1","NF2","TEAD1"
"PSEN1","MDC1","TEAD1"
"PSEN1","MRE11","TEAD1"
"PSEN1","FRAT1","TEAD1"
"PSEN1","CBL","TEAD1"
"PSEN1","RBBP8","TEAD1"
"PSEN1","PCBP2","TEAD1"
"PSEN1","SH2B3","TEAD1"
"PSEN1","HDAC1","TEAD1"
"PSEN1","GRB14","TEAD1"
"PSEN1","PRKAR1A","TEAD1"
"PSEN1","NOTCH2","TEAD1"
"PSEN1","BAZ1B","TEAD1"
"PSEN1","PLCG2","TEAD1"
"PSEN1","STK3/4","COIL"
"PSEN1","ACP1","COIL"
"PSEN1","PTPN6","COIL"
"PSEN1","STK4","COIL"
"PSEN1","RPS6KB1","COIL"
"PSEN1","CHEK1","COIL"
"PSEN1","EIF2AK2","COIL"
"PSEN1","STK3","COIL"
"PSEN1","DOK1","COIL"
"PSEN1","CDC25A","COIL"
"PSEN1","MARK2","COIL"
"PSEN1","PHLPP1","COIL"
"PSEN1","CALM3","COIL"
"PSEN1","YAP1","COIL"
"PSEN1","DEF6","COIL"
"PSEN1","CAMKK2","COIL"
"PSEN1","PTPN7","COIL"
"PSEN1","PDP1","COIL"
"PSEN1","RPS6KA4","COIL"
"PSEN1","HDAC3","COIL"
"PSEN1","AXIN1","COIL"
"PSEN1","PTPRR","COIL"
"PSEN1","CDKN1B","COIL"
"PSEN1","SKP2","COIL"
"PSEN1","MAML1","COIL"
"PSEN1","CDC25C","COIL"
"PSEN1","WEE1","COIL"
"PSEN1","CLASP2","COIL"
"PSEN1","RHEB","COIL"
"PSEN1","INPP5D","COIL"
"PSEN1","TNFAIP1","COIL"
"PSEN1","PHF8","COIL"
"PSEN1","NF2","COIL"
"PSEN1","MDC1","COIL"
"PSEN1","MRE11","COIL"
"PSEN1","FRAT1","COIL"
"PSEN1","CBL","COIL"
"PSEN1","RBBP8","COIL"
"PSEN1","PCBP2","COIL"
"PSEN1","SH2B3","COIL"
"PSEN1","HDAC1","COIL"
"PSEN1","GRB14","COIL"
"PSEN1","PRKAR1A","COIL"
"PSEN1","NOTCH2","COIL"
"PSEN1","BAZ1B","COIL"
"PSEN1","PLCG2","COIL"
"PSEN1","STK3/4","MAP1B"
"PSEN1","ACP1","MAP1B"
"PSEN1","PTPN6","MAP1B"
"PSEN1","STK4","MAP1B"
"PSEN1","RPS6KB1","MAP1B"
"PSEN1","CHEK1","MAP1B"
"PSEN1","EIF2AK2","MAP1B"
"PSEN1","STK3","MAP1B"
"PSEN1","DOK1","MAP1B"
"PSEN1","CDC25A","MAP1B"
"PSEN1","MARK2","MAP1B"
"PSEN1","PHLPP1","MAP1B"
"PSEN1","CALM3","MAP1B"
"PSEN1","YAP1","MAP1B"
"PSEN1","DEF6","MAP1B"
"PSEN1","CAMKK2","MAP1B"
"PSEN1","PTPN7","MAP1B"
"PSEN1","PDP1","MAP1B"
"PSEN1","RPS6KA4","MAP1B"
"PSEN1","HDAC3","MAP1B"
"PSEN1","AXIN1","MAP1B"
"PSEN1","PTPRR","MAP1B"
"PSEN1","CDKN1B","MAP1B"
"PSEN1","SKP2","MAP1B"
"PSEN1","MAML1","MAP1B"
"PSEN1","CDC25C","MAP1B"
"PSEN1","WEE1","MAP1B"
"PSEN1","CLASP2","MAP1B"
"PSEN1","RHEB","MAP1B"
"PSEN1","INPP5D","MAP1B"
"PSEN1","TNFAIP1","MAP1B"
"PSEN1","PHF8","MAP1B"
"PSEN1","NF2","MAP1B"
"PSEN1","MDC1","MAP1B"
"PSEN1","MRE11","MAP1B"
"PSEN1","FRAT1","MAP1B"
"PSEN1","CBL","MAP1B"
"PSEN1","RBBP8","MAP1B"
"PSEN1","PCBP2","MAP1B"
"PSEN1","SH2B3","MAP1B"
"PSEN1","HDAC1","MAP1B"
"PSEN1","GRB14","MAP1B"
"PSEN1","PRKAR1A","MAP1B"
"PSEN1","NOTCH2","MAP1B"
"PSEN1","BAZ1B","MAP1B"
"PSEN1","PLCG2","MAP1B"
"PSEN1","STK3/4","USF2"
"PSEN1","ACP1","USF2"
"PSEN1","PTPN6","USF2"
"PSEN1","STK4","USF2"
"PSEN1","RPS6KB1","USF2"
"PSEN1","CHEK1","USF2"
"PSEN1","EIF2AK2","USF2"
"PSEN1","STK3","USF2"
"PSEN1","DOK1","USF2"
"PSEN1","CDC25A","USF2"
"PSEN1","MARK2","USF2"
"PSEN1","PHLPP1","USF2"
"PSEN1","CALM3","USF2"
"PSEN1","YAP1","USF2"
"PSEN1","DEF6","USF2"
"PSEN1","CAMKK2","USF2"
"PSEN1","PTPN7","USF2"
"PSEN1","PDP1","USF2"
"PSEN1","RPS6KA4","USF2"
"PSEN1","HDAC3","USF2"
"PSEN1","AXIN1","USF2"
"PSEN1","PTPRR","USF2"
"PSEN1","CDKN1B","USF2"
"PSEN1","SKP2","USF2"
"PSEN1","MAML1","USF2"
"PSEN1","CDC25C","USF2"
"PSEN1","WEE1","USF2"
"PSEN1","CLASP2","USF2"
"PSEN1","RHEB","USF2"
"PSEN1","INPP5D","USF2"
"PSEN1","TNFAIP1","USF2"
"PSEN1","PHF8","USF2"
"PSEN1","NF2","USF2"
"PSEN1","MDC1","USF2"
"PSEN1","MRE11","USF2"
"PSEN1","FRAT1","USF2"
"PSEN1","CBL","USF2"
"PSEN1","RBBP8","USF2"
"PSEN1","PCBP2","USF2"
"PSEN1","SH2B3","USF2"
"PSEN1","HDAC1","USF2"
"PSEN1","GRB14","USF2"
"PSEN1","PRKAR1A","USF2"
"PSEN1","NOTCH2","USF2"
"PSEN1","BAZ1B","USF2"
"PSEN1","PLCG2","USF2"
"PSEN1","STK3/4","CCNA2"
"PSEN1","ACP1","CCNA2"
"PSEN1","PTPN6","CCNA2"
"PSEN1","STK4","CCNA2"
"PSEN1","RPS6KB1","CCNA2"
"PSEN1","CHEK1","CCNA2"
"PSEN1","EIF2AK2","CCNA2"
"PSEN1","STK3","CCNA2"
"PSEN1","DOK1","CCNA2"
"PSEN1","CDC25A","CCNA2"
"PSEN1","MARK2","CCNA2"
"PSEN1","PHLPP1","CCNA2"
"PSEN1","CALM3","CCNA2"
"PSEN1","YAP1","CCNA2"
"PSEN1","DEF6","CCNA2"
"PSEN1","CAMKK2","CCNA2"
"PSEN1","PTPN7","CCNA2"
"PSEN1","PDP1","CCNA2"
"PSEN1","RPS6KA4","CCNA2"
"PSEN1","HDAC3","CCNA2"
"PSEN1","AXIN1","CCNA2"
"PSEN1","PTPRR","CCNA2"
"PSEN1","CDKN1B","CCNA2"
"PSEN1","SKP2","CCNA2"
"PSEN1","MAML1","CCNA2"
"PSEN1","CDC25C","CCNA2"
"PSEN1","WEE1","CCNA2"
"PSEN1","CLASP2","CCNA2"
"PSEN1","RHEB","CCNA2"
"PSEN1","INPP5D","CCNA2"
"PSEN1","TNFAIP1","CCNA2"
"PSEN1","PHF8","CCNA2"
"PSEN1","NF2","CCNA2"
"PSEN1","MDC1","CCNA2"
"PSEN1","MRE11","CCNA2"
"PSEN1","FRAT1","CCNA2"
"PSEN1","CBL","CCNA2"
"PSEN1","RBBP8","CCNA2"
"PSEN1","PCBP2","CCNA2"
"PSEN1","SH2B3","CCNA2"
"PSEN1","HDAC1","CCNA2"
"PSEN1","GRB14","CCNA2"
"PSEN1","PRKAR1A","CCNA2"
"PSEN1","NOTCH2","CCNA2"
"PSEN1","BAZ1B","CCNA2"
"PSEN1","PLCG2","CCNA2"
"PSEN1","STK3/4","NOL3"
"PSEN1","ACP1","NOL3"
"PSEN1","PTPN6","NOL3"
"PSEN1","STK4","NOL3"
"PSEN1","RPS6KB1","NOL3"
"PSEN1","CHEK1","NOL3"
"PSEN1","EIF2AK2","NOL3"
"PSEN1","STK3","NOL3"
"PSEN1","DOK1","NOL3"
"PSEN1","CDC25A","NOL3"
"PSEN1","MARK2","NOL3"
"PSEN1","PHLPP1","NOL3"
"PSEN1","CALM3","NOL3"
"PSEN1","YAP1","NOL3"
"PSEN1","DEF6","NOL3"
"PSEN1","CAMKK2","NOL3"
"PSEN1","PTPN7","NOL3"
"PSEN1","PDP1","NOL3"
"PSEN1","RPS6KA4","NOL3"
"PSEN1","HDAC3","NOL3"
"PSEN1","AXIN1","NOL3"
"PSEN1","PTPRR","NOL3"
"PSEN1","CDKN1B","NOL3"
"PSEN1","SKP2","NOL3"
"PSEN1","MAML1","NOL3"
"PSEN1","CDC25C","NOL3"
"PSEN1","WEE1","NOL3"
"PSEN1","CLASP2","NOL3"
"PSEN1","RHEB","NOL3"
"PSEN1","INPP5D","NOL3"
"PSEN1","TNFAIP1","NOL3"
"PSEN1","PHF8","NOL3"
"PSEN1","NF2","NOL3"
"PSEN1","MDC1","NOL3"
"PSEN1","MRE11","NOL3"
"PSEN1","FRAT1","NOL3"
"PSEN1","CBL","NOL3"
"PSEN1","RBBP8","NOL3"
"PSEN1","PCBP2","NOL3"
"PSEN1","SH2B3","NOL3"
"PSEN1","HDAC1","NOL3"
"PSEN1","GRB14","NOL3"
"PSEN1","PRKAR1A","NOL3"
"PSEN1","NOTCH2","NOL3"
"PSEN1","BAZ1B","NOL3"
"PSEN1","PLCG2","NOL3"
"PSEN1","STK3/4","AREL1"
"PSEN1","ACP1","AREL1"
"PSEN1","PTPN6","AREL1"
"PSEN1","STK4","AREL1"
"PSEN1","RPS6KB1","AREL1"
"PSEN1","CHEK1","AREL1"
"PSEN1","EIF2AK2","AREL1"
"PSEN1","STK3","AREL1"
"PSEN1","DOK1","AREL1"
"PSEN1","CDC25A","AREL1"
"PSEN1","MARK2","AREL1"
"PSEN1","PHLPP1","AREL1"
"PSEN1","CALM3","AREL1"
"PSEN1","YAP1","AREL1"
"PSEN1","DEF6","AREL1"
"PSEN1","CAMKK2","AREL1"
"PSEN1","PTPN7","AREL1"
"PSEN1","PDP1","AREL1"
"PSEN1","RPS6KA4","AREL1"
"PSEN1","HDAC3","AREL1"
"PSEN1","AXIN1","AREL1"
"PSEN1","PTPRR","AREL1"
"PSEN1","CDKN1B","AREL1"
"PSEN1","SKP2","AREL1"
"PSEN1","MAML1","AREL1"
"PSEN1","CDC25C","AREL1"
"PSEN1","WEE1","AREL1"
"PSEN1","CLASP2","AREL1"
"PSEN1","RHEB","AREL1"
"PSEN1","INPP5D","AREL1"
"PSEN1","TNFAIP1","AREL1"
"PSEN1","PHF8","AREL1"
"PSEN1","NF2","AREL1"
"PSEN1","MDC1","AREL1"
"PSEN1","MRE11","AREL1"
"PSEN1","FRAT1","AREL1"
"PSEN1","CBL","AREL1"
"PSEN1","RBBP8","AREL1"
"PSEN1","PCBP2","AREL1"
"PSEN1","SH2B3","AREL1"
"PSEN1","HDAC1","AREL1"
"PSEN1","GRB14","AREL1"
"PSEN1","PRKAR1A","AREL1"
"PSEN1","NOTCH2","AREL1"
"PSEN1","BAZ1B","AREL1"
"PSEN1","PLCG2","AREL1"
"PSEN1","STK3/4","KARS1"
"PSEN1","ACP1","KARS1"
"PSEN1","PTPN6","KARS1"
"PSEN1","STK4","KARS1"
"PSEN1","RPS6KB1","KARS1"
"PSEN1","CHEK1","KARS1"
"PSEN1","EIF2AK2","KARS1"
"PSEN1","STK3","KARS1"
"PSEN1","DOK1","KARS1"
"PSEN1","CDC25A","KARS1"
"PSEN1","MARK2","KARS1"
"PSEN1","PHLPP1","KARS1"
"PSEN1","CALM3","KARS1"
"PSEN1","YAP1","KARS1"
"PSEN1","DEF6","KARS1"
"PSEN1","CAMKK2","KARS1"
"PSEN1","PTPN7","KARS1"
"PSEN1","PDP1","KARS1"
"PSEN1","RPS6KA4","KARS1"
"PSEN1","HDAC3","KARS1"
"PSEN1","AXIN1","KARS1"
"PSEN1","PTPRR","KARS1"
"PSEN1","CDKN1B","KARS1"
"PSEN1","SKP2","KARS1"
"PSEN1","MAML1","KARS1"
"PSEN1","CDC25C","KARS1"
"PSEN1","WEE1","KARS1"
"PSEN1","CLASP2","KARS1"
"PSEN1","RHEB","KARS1"
"PSEN1","INPP5D","KARS1"
"PSEN1","TNFAIP1","KARS1"
"PSEN1","PHF8","KARS1"
"PSEN1","NF2","KARS1"
"PSEN1","MDC1","KARS1"
"PSEN1","MRE11","KARS1"
"PSEN1","FRAT1","KARS1"
"PSEN1","CBL","KARS1"
"PSEN1","RBBP8","KARS1"
"PSEN1","PCBP2","KARS1"
"PSEN1","SH2B3","KARS1"
"PSEN1","HDAC1","KARS1"
"PSEN1","GRB14","KARS1"
"PSEN1","PRKAR1A","KARS1"
"PSEN1","NOTCH2","KARS1"
"PSEN1","BAZ1B","KARS1"
"PSEN1","PLCG2","KARS1"
"PSEN1","STK3/4","TTL"
"PSEN1","ACP1","TTL"
"PSEN1","PTPN6","TTL"
"PSEN1","STK4","TTL"
"PSEN1","RPS6KB1","TTL"
"PSEN1","CHEK1","TTL"
"PSEN1","EIF2AK2","TTL"
"PSEN1","STK3","TTL"
"PSEN1","DOK1","TTL"
"PSEN1","CDC25A","TTL"
"PSEN1","MARK2","TTL"
"PSEN1","PHLPP1","TTL"
"PSEN1","CALM3","TTL"
"PSEN1","YAP1","TTL"
"PSEN1","DEF6","TTL"
"PSEN1","CAMKK2","TTL"
"PSEN1","PTPN7","TTL"
"PSEN1","PDP1","TTL"
"PSEN1","RPS6KA4","TTL"
"PSEN1","HDAC3","TTL"
"PSEN1","AXIN1","TTL"
"PSEN1","PTPRR","TTL"
"PSEN1","CDKN1B","TTL"
"PSEN1","SKP2","TTL"
"PSEN1","MAML1","TTL"
"PSEN1","CDC25C","TTL"
"PSEN1","WEE1","TTL"
"PSEN1","CLASP2","TTL"
"PSEN1","RHEB","TTL"
"PSEN1","INPP5D","TTL"
"PSEN1","TNFAIP1","TTL"
"PSEN1","PHF8","TTL"
"PSEN1","NF2","TTL"
"PSEN1","MDC1","TTL"
"PSEN1","MRE11","TTL"
"PSEN1","FRAT1","TTL"
"PSEN1","CBL","TTL"
"PSEN1","RBBP8","TTL"
"PSEN1","PCBP2","TTL"
"PSEN1","SH2B3","TTL"
"PSEN1","HDAC1","TTL"
"PSEN1","GRB14","TTL"
"PSEN1","PRKAR1A","TTL"
"PSEN1","NOTCH2","TTL"
"PSEN1","BAZ1B","TTL"
"PSEN1","PLCG2","TTL"
"PSEN1","STK3/4","CACNB1"
"PSEN1","ACP1","CACNB1"
"PSEN1","PTPN6","CACNB1"
"PSEN1","STK4","CACNB1"
"PSEN1","RPS6KB1","CACNB1"
"PSEN1","CHEK1","CACNB1"
"PSEN1","EIF2AK2","CACNB1"
"PSEN1","STK3","CACNB1"
"PSEN1","DOK1","CACNB1"
"PSEN1","CDC25A","CACNB1"
"PSEN1","MARK2","CACNB1"
"PSEN1","PHLPP1","CACNB1"
"PSEN1","CALM3","CACNB1"
"PSEN1","YAP1","CACNB1"
"PSEN1","DEF6","CACNB1"
"PSEN1","CAMKK2","CACNB1"
"PSEN1","PTPN7","CACNB1"
"PSEN1","PDP1","CACNB1"
"PSEN1","RPS6KA4","CACNB1"
"PSEN1","HDAC3","CACNB1"
"PSEN1","AXIN1","CACNB1"
"PSEN1","PTPRR","CACNB1"
"PSEN1","CDKN1B","CACNB1"
"PSEN1","SKP2","CACNB1"
"PSEN1","MAML1","CACNB1"
"PSEN1","CDC25C","CACNB1"
"PSEN1","WEE1","CACNB1"
"PSEN1","CLASP2","CACNB1"
"PSEN1","RHEB","CACNB1"
"PSEN1","INPP5D","CACNB1"
"PSEN1","TNFAIP1","CACNB1"
"PSEN1","PHF8","CACNB1"
"PSEN1","NF2","CACNB1"
"PSEN1","MDC1","CACNB1"
"PSEN1","MRE11","CACNB1"
"PSEN1","FRAT1","CACNB1"
"PSEN1","CBL","CACNB1"
"PSEN1","RBBP8","CACNB1"
"PSEN1","PCBP2","CACNB1"
"PSEN1","SH2B3","CACNB1"
"PSEN1","HDAC1","CACNB1"
"PSEN1","GRB14","CACNB1"
"PSEN1","PRKAR1A","CACNB1"
"PSEN1","NOTCH2","CACNB1"
"PSEN1","BAZ1B","CACNB1"
"PSEN1","PLCG2","CACNB1"
"PSEN1","STK3/4","CERS4"
"PSEN1","ACP1","CERS4"
"PSEN1","PTPN6","CERS4"
"PSEN1","STK4","CERS4"
"PSEN1","RPS6KB1","CERS4"
"PSEN1","CHEK1","CERS4"
"PSEN1","EIF2AK2","CERS4"
"PSEN1","STK3","CERS4"
"PSEN1","DOK1","CERS4"
"PSEN1","CDC25A","CERS4"
"PSEN1","MARK2","CERS4"
"PSEN1","PHLPP1","CERS4"
"PSEN1","CALM3","CERS4"
"PSEN1","YAP1","CERS4"
"PSEN1","DEF6","CERS4"
"PSEN1","CAMKK2","CERS4"
"PSEN1","PTPN7","CERS4"
"PSEN1","PDP1","CERS4"
"PSEN1","RPS6KA4","CERS4"
"PSEN1","HDAC3","CERS4"
"PSEN1","AXIN1","CERS4"
"PSEN1","PTPRR","CERS4"
"PSEN1","CDKN1B","CERS4"
"PSEN1","SKP2","CERS4"
"PSEN1","MAML1","CERS4"
"PSEN1","CDC25C","CERS4"
"PSEN1","WEE1","CERS4"
"PSEN1","CLASP2","CERS4"
"PSEN1","RHEB","CERS4"
"PSEN1","INPP5D","CERS4"
"PSEN1","TNFAIP1","CERS4"
"PSEN1","PHF8","CERS4"
"PSEN1","NF2","CERS4"
"PSEN1","MDC1","CERS4"
"PSEN1","MRE11","CERS4"
"PSEN1","FRAT1","CERS4"
"PSEN1","CBL","CERS4"
"PSEN1","RBBP8","CERS4"
"PSEN1","PCBP2","CERS4"
"PSEN1","SH2B3","CERS4"
"PSEN1","HDAC1","CERS4"
"PSEN1","GRB14","CERS4"
"PSEN1","PRKAR1A","CERS4"
"PSEN1","NOTCH2","CERS4"
"PSEN1","BAZ1B","CERS4"
"PSEN1","PLCG2","CERS4"
"PSEN1","STK3/4","TSPY1"
"PSEN1","ACP1","TSPY1"
"PSEN1","PTPN6","TSPY1"
"PSEN1","STK4","TSPY1"
"PSEN1","RPS6KB1","TSPY1"
"PSEN1","CHEK1","TSPY1"
"PSEN1","EIF2AK2","TSPY1"
"PSEN1","STK3","TSPY1"
"PSEN1","DOK1","TSPY1"
"PSEN1","CDC25A","TSPY1"
"PSEN1","MARK2","TSPY1"
"PSEN1","PHLPP1","TSPY1"
"PSEN1","CALM3","TSPY1"
"PSEN1","YAP1","TSPY1"
"PSEN1","DEF6","TSPY1"
"PSEN1","CAMKK2","TSPY1"
"PSEN1","PTPN7","TSPY1"
"PSEN1","PDP1","TSPY1"
"PSEN1","RPS6KA4","TSPY1"
"PSEN1","HDAC3","TSPY1"
"PSEN1","AXIN1","TSPY1"
"PSEN1","PTPRR","TSPY1"
"PSEN1","CDKN1B","TSPY1"
"PSEN1","SKP2","TSPY1"
"PSEN1","MAML1","TSPY1"
"PSEN1","CDC25C","TSPY1"
"PSEN1","WEE1","TSPY1"
"PSEN1","CLASP2","TSPY1"
"PSEN1","RHEB","TSPY1"
"PSEN1","INPP5D","TSPY1"
"PSEN1","TNFAIP1","TSPY1"
"PSEN1","PHF8","TSPY1"
"PSEN1","NF2","TSPY1"
"PSEN1","MDC1","TSPY1"
"PSEN1","MRE11","TSPY1"
"PSEN1","FRAT1","TSPY1"
"PSEN1","CBL","TSPY1"
"PSEN1","RBBP8","TSPY1"
"PSEN1","PCBP2","TSPY1"
"PSEN1","SH2B3","TSPY1"
"PSEN1","HDAC1","TSPY1"
"PSEN1","GRB14","TSPY1"
"PSEN1","PRKAR1A","TSPY1"
"PSEN1","NOTCH2","TSPY1"
"PSEN1","BAZ1B","TSPY1"
"PSEN1","PLCG2","TSPY1"
"PSEN1","STK3/4","BAG2"
"PSEN1","ACP1","BAG2"
"PSEN1","PTPN6","BAG2"
"PSEN1","STK4","BAG2"
"PSEN1","RPS6KB1","BAG2"
"PSEN1","CHEK1","BAG2"
"PSEN1","EIF2AK2","BAG2"
"PSEN1","STK3","BAG2"
"PSEN1","DOK1","BAG2"
"PSEN1","CDC25A","BAG2"
"PSEN1","MARK2","BAG2"
"PSEN1","PHLPP1","BAG2"
"PSEN1","CALM3","BAG2"
"PSEN1","YAP1","BAG2"
"PSEN1","DEF6","BAG2"
"PSEN1","CAMKK2","BAG2"
"PSEN1","PTPN7","BAG2"
"PSEN1","PDP1","BAG2"
"PSEN1","RPS6KA4","BAG2"
"PSEN1","HDAC3","BAG2"
"PSEN1","AXIN1","BAG2"
"PSEN1","PTPRR","BAG2"
"PSEN1","CDKN1B","BAG2"
"PSEN1","SKP2","BAG2"
"PSEN1","MAML1","BAG2"
"PSEN1","CDC25C","BAG2"
"PSEN1","WEE1","BAG2"
"PSEN1","CLASP2","BAG2"
"PSEN1","RHEB","BAG2"
"PSEN1","INPP5D","BAG2"
"PSEN1","TNFAIP1","BAG2"
"PSEN1","PHF8","BAG2"
"PSEN1","NF2","BAG2"
"PSEN1","MDC1","BAG2"
"PSEN1","MRE11","BAG2"
"PSEN1","FRAT1","BAG2"
"PSEN1","CBL","BAG2"
"PSEN1","RBBP8","BAG2"
"PSEN1","PCBP2","BAG2"
"PSEN1","SH2B3","BAG2"
"PSEN1","HDAC1","BAG2"
"PSEN1","GRB14","BAG2"
"PSEN1","PRKAR1A","BAG2"
"PSEN1","NOTCH2","BAG2"
"PSEN1","BAZ1B","BAG2"
"PSEN1","PLCG2","BAG2"
"PSEN1","STK3/4","H2AW"
"PSEN1","ACP1","H2AW"
"PSEN1","PTPN6","H2AW"
"PSEN1","STK4","H2AW"
"PSEN1","RPS6KB1","H2AW"
"PSEN1","CHEK1","H2AW"
"PSEN1","EIF2AK2","H2AW"
"PSEN1","STK3","H2AW"
"PSEN1","DOK1","H2AW"
"PSEN1","CDC25A","H2AW"
"PSEN1","MARK2","H2AW"
"PSEN1","PHLPP1","H2AW"
"PSEN1","CALM3","H2AW"
"PSEN1","YAP1","H2AW"
"PSEN1","DEF6","H2AW"
"PSEN1","CAMKK2","H2AW"
"PSEN1","PTPN7","H2AW"
"PSEN1","PDP1","H2AW"
"PSEN1","RPS6KA4","H2AW"
"PSEN1","HDAC3","H2AW"
"PSEN1","AXIN1","H2AW"
"PSEN1","PTPRR","H2AW"
"PSEN1","CDKN1B","H2AW"
"PSEN1","SKP2","H2AW"
"PSEN1","MAML1","H2AW"
"PSEN1","CDC25C","H2AW"
"PSEN1","WEE1","H2AW"
"PSEN1","CLASP2","H2AW"
"PSEN1","RHEB","H2AW"
"PSEN1","INPP5D","H2AW"
"PSEN1","TNFAIP1","H2AW"
"PSEN1","PHF8","H2AW"
"PSEN1","NF2","H2AW"
"PSEN1","MDC1","H2AW"
"PSEN1","MRE11","H2AW"
"PSEN1","FRAT1","H2AW"
"PSEN1","CBL","H2AW"
"PSEN1","RBBP8","H2AW"
"PSEN1","PCBP2","H2AW"
"PSEN1","SH2B3","H2AW"
"PSEN1","HDAC1","H2AW"
"PSEN1","GRB14","H2AW"
"PSEN1","PRKAR1A","H2AW"
"PSEN1","NOTCH2","H2AW"
"PSEN1","BAZ1B","H2AW"
"PSEN1","PLCG2","H2AW"
"PSEN1","STK3/4","HMOX2"
"PSEN1","ACP1","HMOX2"
"PSEN1","PTPN6","HMOX2"
"PSEN1","STK4","HMOX2"
"PSEN1","RPS6KB1","HMOX2"
"PSEN1","CHEK1","HMOX2"
"PSEN1","EIF2AK2","HMOX2"
"PSEN1","STK3","HMOX2"
"PSEN1","DOK1","HMOX2"
"PSEN1","CDC25A","HMOX2"
"PSEN1","MARK2","HMOX2"
"PSEN1","PHLPP1","HMOX2"
"PSEN1","CALM3","HMOX2"
"PSEN1","YAP1","HMOX2"
"PSEN1","DEF6","HMOX2"
"PSEN1","CAMKK2","HMOX2"
"PSEN1","PTPN7","HMOX2"
"PSEN1","PDP1","HMOX2"
"PSEN1","RPS6KA4","HMOX2"
"PSEN1","HDAC3","HMOX2"
"PSEN1","AXIN1","HMOX2"
"PSEN1","PTPRR","HMOX2"
"PSEN1","CDKN1B","HMOX2"
"PSEN1","SKP2","HMOX2"
"PSEN1","MAML1","HMOX2"
"PSEN1","CDC25C","HMOX2"
"PSEN1","WEE1","HMOX2"
"PSEN1","CLASP2","HMOX2"
"PSEN1","RHEB","HMOX2"
"PSEN1","INPP5D","HMOX2"
"PSEN1","TNFAIP1","HMOX2"
"PSEN1","PHF8","HMOX2"
"PSEN1","NF2","HMOX2"
"PSEN1","MDC1","HMOX2"
"PSEN1","MRE11","HMOX2"
"PSEN1","FRAT1","HMOX2"
"PSEN1","CBL","HMOX2"
"PSEN1","RBBP8","HMOX2"
"PSEN1","PCBP2","HMOX2"
"PSEN1","SH2B3","HMOX2"
"PSEN1","HDAC1","HMOX2"
"PSEN1","GRB14","HMOX2"
"PSEN1","PRKAR1A","HMOX2"
"PSEN1","NOTCH2","HMOX2"
"PSEN1","BAZ1B","HMOX2"
"PSEN1","PLCG2","HMOX2"
"PSEN1","STK3/4","HNRNPA0"
"PSEN1","ACP1","HNRNPA0"
"PSEN1","PTPN6","HNRNPA0"
"PSEN1","STK4","HNRNPA0"
"PSEN1","RPS6KB1","HNRNPA0"
"PSEN1","CHEK1","HNRNPA0"
"PSEN1","EIF2AK2","HNRNPA0"
"PSEN1","STK3","HNRNPA0"
"PSEN1","DOK1","HNRNPA0"
"PSEN1","CDC25A","HNRNPA0"
"PSEN1","MARK2","HNRNPA0"
"PSEN1","PHLPP1","HNRNPA0"
"PSEN1","CALM3","HNRNPA0"
"PSEN1","YAP1","HNRNPA0"
"PSEN1","DEF6","HNRNPA0"
"PSEN1","CAMKK2","HNRNPA0"
"PSEN1","PTPN7","HNRNPA0"
"PSEN1","PDP1","HNRNPA0"
"PSEN1","RPS6KA4","HNRNPA0"
"PSEN1","HDAC3","HNRNPA0"
"PSEN1","AXIN1","HNRNPA0"
"PSEN1","PTPRR","HNRNPA0"
"PSEN1","CDKN1B","HNRNPA0"
"PSEN1","SKP2","HNRNPA0"
"PSEN1","MAML1","HNRNPA0"
"PSEN1","CDC25C","HNRNPA0"
"PSEN1","WEE1","HNRNPA0"
"PSEN1","CLASP2","HNRNPA0"
"PSEN1","RHEB","HNRNPA0"
"PSEN1","INPP5D","HNRNPA0"
"PSEN1","TNFAIP1","HNRNPA0"
"PSEN1","PHF8","HNRNPA0"
"PSEN1","NF2","HNRNPA0"
"PSEN1","MDC1","HNRNPA0"
"PSEN1","MRE11","HNRNPA0"
"PSEN1","FRAT1","HNRNPA0"
"PSEN1","CBL","HNRNPA0"
"PSEN1","RBBP8","HNRNPA0"
"PSEN1","PCBP2","HNRNPA0"
"PSEN1","SH2B3","HNRNPA0"
"PSEN1","HDAC1","HNRNPA0"
"PSEN1","GRB14","HNRNPA0"
"PSEN1","PRKAR1A","HNRNPA0"
"PSEN1","NOTCH2","HNRNPA0"
"PSEN1","BAZ1B","HNRNPA0"
"PSEN1","PLCG2","HNRNPA0"
"PSEN1","STK3/4","MFN1"
"PSEN1","ACP1","MFN1"
"PSEN1","PTPN6","MFN1"
"PSEN1","STK4","MFN1"
"PSEN1","RPS6KB1","MFN1"
"PSEN1","CHEK1","MFN1"
"PSEN1","EIF2AK2","MFN1"
"PSEN1","STK3","MFN1"
"PSEN1","DOK1","MFN1"
"PSEN1","CDC25A","MFN1"
"PSEN1","MARK2","MFN1"
"PSEN1","PHLPP1","MFN1"
"PSEN1","CALM3","MFN1"
"PSEN1","YAP1","MFN1"
"PSEN1","DEF6","MFN1"
"PSEN1","CAMKK2","MFN1"
"PSEN1","PTPN7","MFN1"
"PSEN1","PDP1","MFN1"
"PSEN1","RPS6KA4","MFN1"
"PSEN1","HDAC3","MFN1"
"PSEN1","AXIN1","MFN1"
"PSEN1","PTPRR","MFN1"
"PSEN1","CDKN1B","MFN1"
"PSEN1","SKP2","MFN1"
"PSEN1","MAML1","MFN1"
"PSEN1","CDC25C","MFN1"
"PSEN1","WEE1","MFN1"
"PSEN1","CLASP2","MFN1"
"PSEN1","RHEB","MFN1"
"PSEN1","INPP5D","MFN1"
"PSEN1","TNFAIP1","MFN1"
"PSEN1","PHF8","MFN1"
"PSEN1","NF2","MFN1"
"PSEN1","MDC1","MFN1"
"PSEN1","MRE11","MFN1"
"PSEN1","FRAT1","MFN1"
"PSEN1","CBL","MFN1"
"PSEN1","RBBP8","MFN1"
"PSEN1","PCBP2","MFN1"
"PSEN1","SH2B3","MFN1"
"PSEN1","HDAC1","MFN1"
"PSEN1","GRB14","MFN1"
"PSEN1","PRKAR1A","MFN1"
"PSEN1","NOTCH2","MFN1"
"PSEN1","BAZ1B","MFN1"
"PSEN1","PLCG2","MFN1"
"PSEN1","STK3/4","EIF2B2"
"PSEN1","ACP1","EIF2B2"
"PSEN1","PTPN6","EIF2B2"
"PSEN1","STK4","EIF2B2"
"PSEN1","RPS6KB1","EIF2B2"
"PSEN1","CHEK1","EIF2B2"
"PSEN1","EIF2AK2","EIF2B2"
"PSEN1","STK3","EIF2B2"
"PSEN1","DOK1","EIF2B2"
"PSEN1","CDC25A","EIF2B2"
"PSEN1","MARK2","EIF2B2"
"PSEN1","PHLPP1","EIF2B2"
"PSEN1","CALM3","EIF2B2"
"PSEN1","YAP1","EIF2B2"
"PSEN1","DEF6","EIF2B2"
"PSEN1","CAMKK2","EIF2B2"
"PSEN1","PTPN7","EIF2B2"
"PSEN1","PDP1","EIF2B2"
"PSEN1","RPS6KA4","EIF2B2"
"PSEN1","HDAC3","EIF2B2"
"PSEN1","AXIN1","EIF2B2"
"PSEN1","PTPRR","EIF2B2"
"PSEN1","CDKN1B","EIF2B2"
"PSEN1","SKP2","EIF2B2"
"PSEN1","MAML1","EIF2B2"
"PSEN1","CDC25C","EIF2B2"
"PSEN1","WEE1","EIF2B2"
"PSEN1","CLASP2","EIF2B2"
"PSEN1","RHEB","EIF2B2"
"PSEN1","INPP5D","EIF2B2"
"PSEN1","TNFAIP1","EIF2B2"
"PSEN1","PHF8","EIF2B2"
"PSEN1","NF2","EIF2B2"
"PSEN1","MDC1","EIF2B2"
"PSEN1","MRE11","EIF2B2"
"PSEN1","FRAT1","EIF2B2"
"PSEN1","CBL","EIF2B2"
"PSEN1","RBBP8","EIF2B2"
"PSEN1","PCBP2","EIF2B2"
"PSEN1","SH2B3","EIF2B2"
"PSEN1","HDAC1","EIF2B2"
"PSEN1","GRB14","EIF2B2"
"PSEN1","PRKAR1A","EIF2B2"
"PSEN1","NOTCH2","EIF2B2"
"PSEN1","BAZ1B","EIF2B2"
"PSEN1","PLCG2","EIF2B2"
"PSEN1","STK3/4","NOX3"
"PSEN1","ACP1","NOX3"
"PSEN1","PTPN6","NOX3"
"PSEN1","STK4","NOX3"
"PSEN1","RPS6KB1","NOX3"
"PSEN1","CHEK1","NOX3"
"PSEN1","EIF2AK2","NOX3"
"PSEN1","STK3","NOX3"
"PSEN1","DOK1","NOX3"
"PSEN1","CDC25A","NOX3"
"PSEN1","MARK2","NOX3"
"PSEN1","PHLPP1","NOX3"
"PSEN1","CALM3","NOX3"
"PSEN1","YAP1","NOX3"
"PSEN1","DEF6","NOX3"
"PSEN1","CAMKK2","NOX3"
"PSEN1","PTPN7","NOX3"
"PSEN1","PDP1","NOX3"
"PSEN1","RPS6KA4","NOX3"
"PSEN1","HDAC3","NOX3"
"PSEN1","AXIN1","NOX3"
"PSEN1","PTPRR","NOX3"
"PSEN1","CDKN1B","NOX3"
"PSEN1","SKP2","NOX3"
"PSEN1","MAML1","NOX3"
"PSEN1","CDC25C","NOX3"
"PSEN1","WEE1","NOX3"
"PSEN1","CLASP2","NOX3"
"PSEN1","RHEB","NOX3"
"PSEN1","INPP5D","NOX3"
"PSEN1","TNFAIP1","NOX3"
"PSEN1","PHF8","NOX3"
"PSEN1","NF2","NOX3"
"PSEN1","MDC1","NOX3"
"PSEN1","MRE11","NOX3"
"PSEN1","FRAT1","NOX3"
"PSEN1","CBL","NOX3"
"PSEN1","RBBP8","NOX3"
"PSEN1","PCBP2","NOX3"
"PSEN1","SH2B3","NOX3"
"PSEN1","HDAC1","NOX3"
"PSEN1","GRB14","NOX3"
"PSEN1","PRKAR1A","NOX3"
"PSEN1","NOTCH2","NOX3"
"PSEN1","BAZ1B","NOX3"
"PSEN1","PLCG2","NOX3"
"PSEN1","STK3/4","MUS81"
"PSEN1","ACP1","MUS81"
"PSEN1","PTPN6","MUS81"
"PSEN1","STK4","MUS81"
"PSEN1","RPS6KB1","MUS81"
"PSEN1","CHEK1","MUS81"
"PSEN1","EIF2AK2","MUS81"
"PSEN1","STK3","MUS81"
"PSEN1","DOK1","MUS81"
"PSEN1","CDC25A","MUS81"
"PSEN1","MARK2","MUS81"
"PSEN1","PHLPP1","MUS81"
"PSEN1","CALM3","MUS81"
"PSEN1","YAP1","MUS81"
"PSEN1","DEF6","MUS81"
"PSEN1","CAMKK2","MUS81"
"PSEN1","PTPN7","MUS81"
"PSEN1","PDP1","MUS81"
"PSEN1","RPS6KA4","MUS81"
"PSEN1","HDAC3","MUS81"
"PSEN1","AXIN1","MUS81"
"PSEN1","PTPRR","MUS81"
"PSEN1","CDKN1B","MUS81"
"PSEN1","SKP2","MUS81"
"PSEN1","MAML1","MUS81"
"PSEN1","CDC25C","MUS81"
"PSEN1","WEE1","MUS81"
"PSEN1","CLASP2","MUS81"
"PSEN1","RHEB","MUS81"
"PSEN1","INPP5D","MUS81"
"PSEN1","TNFAIP1","MUS81"
"PSEN1","PHF8","MUS81"
"PSEN1","NF2","MUS81"
"PSEN1","MDC1","MUS81"
"PSEN1","MRE11","MUS81"
"PSEN1","FRAT1","MUS81"
"PSEN1","CBL","MUS81"
"PSEN1","RBBP8","MUS81"
"PSEN1","PCBP2","MUS81"
"PSEN1","SH2B3","MUS81"
"PSEN1","HDAC1","MUS81"
"PSEN1","GRB14","MUS81"
"PSEN1","PRKAR1A","MUS81"
"PSEN1","NOTCH2","MUS81"
"PSEN1","BAZ1B","MUS81"
"PSEN1","PLCG2","MUS81"
"PSEN1","STK3/4","RIOK1"
"PSEN1","ACP1","RIOK1"
"PSEN1","PTPN6","RIOK1"
"PSEN1","STK4","RIOK1"
"PSEN1","RPS6KB1","RIOK1"
"PSEN1","CHEK1","RIOK1"
"PSEN1","EIF2AK2","RIOK1"
"PSEN1","STK3","RIOK1"
"PSEN1","DOK1","RIOK1"
"PSEN1","CDC25A","RIOK1"
"PSEN1","MARK2","RIOK1"
"PSEN1","PHLPP1","RIOK1"
"PSEN1","CALM3","RIOK1"
"PSEN1","YAP1","RIOK1"
"PSEN1","DEF6","RIOK1"
"PSEN1","CAMKK2","RIOK1"
"PSEN1","PTPN7","RIOK1"
"PSEN1","PDP1","RIOK1"
"PSEN1","RPS6KA4","RIOK1"
"PSEN1","HDAC3","RIOK1"
"PSEN1","AXIN1","RIOK1"
"PSEN1","PTPRR","RIOK1"
"PSEN1","CDKN1B","RIOK1"
"PSEN1","SKP2","RIOK1"
"PSEN1","MAML1","RIOK1"
"PSEN1","CDC25C","RIOK1"
"PSEN1","WEE1","RIOK1"
"PSEN1","CLASP2","RIOK1"
"PSEN1","RHEB","RIOK1"
"PSEN1","INPP5D","RIOK1"
"PSEN1","TNFAIP1","RIOK1"
"PSEN1","PHF8","RIOK1"
"PSEN1","NF2","RIOK1"
"PSEN1","MDC1","RIOK1"
"PSEN1","MRE11","RIOK1"
"PSEN1","FRAT1","RIOK1"
"PSEN1","CBL","RIOK1"
"PSEN1","RBBP8","RIOK1"
"PSEN1","PCBP2","RIOK1"
"PSEN1","SH2B3","RIOK1"
"PSEN1","HDAC1","RIOK1"
"PSEN1","GRB14","RIOK1"
"PSEN1","PRKAR1A","RIOK1"
"PSEN1","NOTCH2","RIOK1"
"PSEN1","BAZ1B","RIOK1"
"PSEN1","PLCG2","RIOK1"
"PSEN1","STK3/4","SERINC3"
"PSEN1","ACP1","SERINC3"
"PSEN1","PTPN6","SERINC3"
"PSEN1","STK4","SERINC3"
"PSEN1","RPS6KB1","SERINC3"
"PSEN1","CHEK1","SERINC3"
"PSEN1","EIF2AK2","SERINC3"
"PSEN1","STK3","SERINC3"
"PSEN1","DOK1","SERINC3"
"PSEN1","CDC25A","SERINC3"
"PSEN1","MARK2","SERINC3"
"PSEN1","PHLPP1","SERINC3"
"PSEN1","CALM3","SERINC3"
"PSEN1","YAP1","SERINC3"
"PSEN1","DEF6","SERINC3"
"PSEN1","CAMKK2","SERINC3"
"PSEN1","PTPN7","SERINC3"
"PSEN1","PDP1","SERINC3"
"PSEN1","RPS6KA4","SERINC3"
"PSEN1","HDAC3","SERINC3"
"PSEN1","AXIN1","SERINC3"
"PSEN1","PTPRR","SERINC3"
"PSEN1","CDKN1B","SERINC3"
"PSEN1","SKP2","SERINC3"
"PSEN1","MAML1","SERINC3"
"PSEN1","CDC25C","SERINC3"
"PSEN1","WEE1","SERINC3"
"PSEN1","CLASP2","SERINC3"
"PSEN1","RHEB","SERINC3"
"PSEN1","INPP5D","SERINC3"
"PSEN1","TNFAIP1","SERINC3"
"PSEN1","PHF8","SERINC3"
"PSEN1","NF2","SERINC3"
"PSEN1","MDC1","SERINC3"
"PSEN1","MRE11","SERINC3"
"PSEN1","FRAT1","SERINC3"
"PSEN1","CBL","SERINC3"
"PSEN1","RBBP8","SERINC3"
"PSEN1","PCBP2","SERINC3"
"PSEN1","SH2B3","SERINC3"
"PSEN1","HDAC1","SERINC3"
"PSEN1","GRB14","SERINC3"
"PSEN1","PRKAR1A","SERINC3"
"PSEN1","NOTCH2","SERINC3"
"PSEN1","BAZ1B","SERINC3"
"PSEN1","PLCG2","SERINC3"
"PSEN1","STK3/4","PNPLA8"
"PSEN1","ACP1","PNPLA8"
"PSEN1","PTPN6","PNPLA8"
"PSEN1","STK4","PNPLA8"
"PSEN1","RPS6KB1","PNPLA8"
"PSEN1","CHEK1","PNPLA8"
"PSEN1","EIF2AK2","PNPLA8"
"PSEN1","STK3","PNPLA8"
"PSEN1","DOK1","PNPLA8"
"PSEN1","CDC25A","PNPLA8"
"PSEN1","MARK2","PNPLA8"
"PSEN1","PHLPP1","PNPLA8"
"PSEN1","CALM3","PNPLA8"
"PSEN1","YAP1","PNPLA8"
"PSEN1","DEF6","PNPLA8"
"PSEN1","CAMKK2","PNPLA8"
"PSEN1","PTPN7","PNPLA8"
"PSEN1","PDP1","PNPLA8"
"PSEN1","RPS6KA4","PNPLA8"
"PSEN1","HDAC3","PNPLA8"
"PSEN1","AXIN1","PNPLA8"
"PSEN1","PTPRR","PNPLA8"
"PSEN1","CDKN1B","PNPLA8"
"PSEN1","SKP2","PNPLA8"
"PSEN1","MAML1","PNPLA8"
"PSEN1","CDC25C","PNPLA8"
"PSEN1","WEE1","PNPLA8"
"PSEN1","CLASP2","PNPLA8"
"PSEN1","RHEB","PNPLA8"
"PSEN1","INPP5D","PNPLA8"
"PSEN1","TNFAIP1","PNPLA8"
"PSEN1","PHF8","PNPLA8"
"PSEN1","NF2","PNPLA8"
"PSEN1","MDC1","PNPLA8"
"PSEN1","MRE11","PNPLA8"
"PSEN1","FRAT1","PNPLA8"
"PSEN1","CBL","PNPLA8"
"PSEN1","RBBP8","PNPLA8"
"PSEN1","PCBP2","PNPLA8"
"PSEN1","SH2B3","PNPLA8"
"PSEN1","HDAC1","PNPLA8"
"PSEN1","GRB14","PNPLA8"
"PSEN1","PRKAR1A","PNPLA8"
"PSEN1","NOTCH2","PNPLA8"
"PSEN1","BAZ1B","PNPLA8"
"PSEN1","PLCG2","PNPLA8"
"PSEN1","STK3/4","NCKIPSD"
"PSEN1","ACP1","NCKIPSD"
"PSEN1","PTPN6","NCKIPSD"
"PSEN1","STK4","NCKIPSD"
"PSEN1","RPS6KB1","NCKIPSD"
"PSEN1","CHEK1","NCKIPSD"
"PSEN1","EIF2AK2","NCKIPSD"
"PSEN1","STK3","NCKIPSD"
"PSEN1","DOK1","NCKIPSD"
"PSEN1","CDC25A","NCKIPSD"
"PSEN1","MARK2","NCKIPSD"
"PSEN1","PHLPP1","NCKIPSD"
"PSEN1","CALM3","NCKIPSD"
"PSEN1","YAP1","NCKIPSD"
"PSEN1","DEF6","NCKIPSD"
"PSEN1","CAMKK2","NCKIPSD"
"PSEN1","PTPN7","NCKIPSD"
"PSEN1","PDP1","NCKIPSD"
"PSEN1","RPS6KA4","NCKIPSD"
"PSEN1","HDAC3","NCKIPSD"
"PSEN1","AXIN1","NCKIPSD"
"PSEN1","PTPRR","NCKIPSD"
"PSEN1","CDKN1B","NCKIPSD"
"PSEN1","SKP2","NCKIPSD"
"PSEN1","MAML1","NCKIPSD"
"PSEN1","CDC25C","NCKIPSD"
"PSEN1","WEE1","NCKIPSD"
"PSEN1","CLASP2","NCKIPSD"
"PSEN1","RHEB","NCKIPSD"
"PSEN1","INPP5D","NCKIPSD"
"PSEN1","TNFAIP1","NCKIPSD"
"PSEN1","PHF8","NCKIPSD"
"PSEN1","NF2","NCKIPSD"
"PSEN1","MDC1","NCKIPSD"
"PSEN1","MRE11","NCKIPSD"
"PSEN1","FRAT1","NCKIPSD"
"PSEN1","CBL","NCKIPSD"
"PSEN1","RBBP8","NCKIPSD"
"PSEN1","PCBP2","NCKIPSD"
"PSEN1","SH2B3","NCKIPSD"
"PSEN1","HDAC1","NCKIPSD"
"PSEN1","GRB14","NCKIPSD"
"PSEN1","PRKAR1A","NCKIPSD"
"PSEN1","NOTCH2","NCKIPSD"
"PSEN1","BAZ1B","NCKIPSD"
"PSEN1","PLCG2","NCKIPSD"
"PSEN1","STK3/4","ARHGAP31"
"PSEN1","ACP1","ARHGAP31"
"PSEN1","PTPN6","ARHGAP31"
"PSEN1","STK4","ARHGAP31"
"PSEN1","RPS6KB1","ARHGAP31"
"PSEN1","CHEK1","ARHGAP31"
"PSEN1","EIF2AK2","ARHGAP31"
"PSEN1","STK3","ARHGAP31"
"PSEN1","DOK1","ARHGAP31"
"PSEN1","CDC25A","ARHGAP31"
"PSEN1","MARK2","ARHGAP31"
"PSEN1","PHLPP1","ARHGAP31"
"PSEN1","CALM3","ARHGAP31"
"PSEN1","YAP1","ARHGAP31"
"PSEN1","DEF6","ARHGAP31"
"PSEN1","CAMKK2","ARHGAP31"
"PSEN1","PTPN7","ARHGAP31"
"PSEN1","PDP1","ARHGAP31"
"PSEN1","RPS6KA4","ARHGAP31"
"PSEN1","HDAC3","ARHGAP31"
"PSEN1","AXIN1","ARHGAP31"
"PSEN1","PTPRR","ARHGAP31"
"PSEN1","CDKN1B","ARHGAP31"
"PSEN1","SKP2","ARHGAP31"
"PSEN1","MAML1","ARHGAP31"
"PSEN1","CDC25C","ARHGAP31"
"PSEN1","WEE1","ARHGAP31"
"PSEN1","CLASP2","ARHGAP31"
"PSEN1","RHEB","ARHGAP31"
"PSEN1","INPP5D","ARHGAP31"
"PSEN1","TNFAIP1","ARHGAP31"
"PSEN1","PHF8","ARHGAP31"
"PSEN1","NF2","ARHGAP31"
"PSEN1","MDC1","ARHGAP31"
"PSEN1","MRE11","ARHGAP31"
"PSEN1","FRAT1","ARHGAP31"
"PSEN1","CBL","ARHGAP31"
"PSEN1","RBBP8","ARHGAP31"
"PSEN1","PCBP2","ARHGAP31"
"PSEN1","SH2B3","ARHGAP31"
"PSEN1","HDAC1","ARHGAP31"
"PSEN1","GRB14","ARHGAP31"
"PSEN1","PRKAR1A","ARHGAP31"
"PSEN1","NOTCH2","ARHGAP31"
"PSEN1","BAZ1B","ARHGAP31"
"PSEN1","PLCG2","ARHGAP31"
"PSEN1","STK3/4","HECTD3"
"PSEN1","ACP1","HECTD3"
"PSEN1","PTPN6","HECTD3"
"PSEN1","STK4","HECTD3"
"PSEN1","RPS6KB1","HECTD3"
"PSEN1","CHEK1","HECTD3"
"PSEN1","EIF2AK2","HECTD3"
"PSEN1","STK3","HECTD3"
"PSEN1","DOK1","HECTD3"
"PSEN1","CDC25A","HECTD3"
"PSEN1","MARK2","HECTD3"
"PSEN1","PHLPP1","HECTD3"
"PSEN1","CALM3","HECTD3"
"PSEN1","YAP1","HECTD3"
"PSEN1","DEF6","HECTD3"
"PSEN1","CAMKK2","HECTD3"
"PSEN1","PTPN7","HECTD3"
"PSEN1","PDP1","HECTD3"
"PSEN1","RPS6KA4","HECTD3"
"PSEN1","HDAC3","HECTD3"
"PSEN1","AXIN1","HECTD3"
"PSEN1","PTPRR","HECTD3"
"PSEN1","CDKN1B","HECTD3"
"PSEN1","SKP2","HECTD3"
"PSEN1","MAML1","HECTD3"
"PSEN1","CDC25C","HECTD3"
"PSEN1","WEE1","HECTD3"
"PSEN1","CLASP2","HECTD3"
"PSEN1","RHEB","HECTD3"
"PSEN1","INPP5D","HECTD3"
"PSEN1","TNFAIP1","HECTD3"
"PSEN1","PHF8","HECTD3"
"PSEN1","NF2","HECTD3"
"PSEN1","MDC1","HECTD3"
"PSEN1","MRE11","HECTD3"
"PSEN1","FRAT1","HECTD3"
"PSEN1","CBL","HECTD3"
"PSEN1","RBBP8","HECTD3"
"PSEN1","PCBP2","HECTD3"
"PSEN1","SH2B3","HECTD3"
"PSEN1","HDAC1","HECTD3"
"PSEN1","GRB14","HECTD3"
"PSEN1","PRKAR1A","HECTD3"
"PSEN1","NOTCH2","HECTD3"
"PSEN1","BAZ1B","HECTD3"
"PSEN1","PLCG2","HECTD3"
"PSEN1","STK3/4","PACS1"
"PSEN1","ACP1","PACS1"
"PSEN1","PTPN6","PACS1"
"PSEN1","STK4","PACS1"
"PSEN1","RPS6KB1","PACS1"
"PSEN1","CHEK1","PACS1"
"PSEN1","EIF2AK2","PACS1"
"PSEN1","STK3","PACS1"
"PSEN1","DOK1","PACS1"
"PSEN1","CDC25A","PACS1"
"PSEN1","MARK2","PACS1"
"PSEN1","PHLPP1","PACS1"
"PSEN1","CALM3","PACS1"
"PSEN1","YAP1","PACS1"
"PSEN1","DEF6","PACS1"
"PSEN1","CAMKK2","PACS1"
"PSEN1","PTPN7","PACS1"
"PSEN1","PDP1","PACS1"
"PSEN1","RPS6KA4","PACS1"
"PSEN1","HDAC3","PACS1"
"PSEN1","AXIN1","PACS1"
"PSEN1","PTPRR","PACS1"
"PSEN1","CDKN1B","PACS1"
"PSEN1","SKP2","PACS1"
"PSEN1","MAML1","PACS1"
"PSEN1","CDC25C","PACS1"
"PSEN1","WEE1","PACS1"
"PSEN1","CLASP2","PACS1"
"PSEN1","RHEB","PACS1"
"PSEN1","INPP5D","PACS1"
"PSEN1","TNFAIP1","PACS1"
"PSEN1","PHF8","PACS1"
"PSEN1","NF2","PACS1"
"PSEN1","MDC1","PACS1"
"PSEN1","MRE11","PACS1"
"PSEN1","FRAT1","PACS1"
"PSEN1","CBL","PACS1"
"PSEN1","RBBP8","PACS1"
"PSEN1","PCBP2","PACS1"
"PSEN1","SH2B3","PACS1"
"PSEN1","HDAC1","PACS1"
"PSEN1","GRB14","PACS1"
"PSEN1","PRKAR1A","PACS1"
"PSEN1","NOTCH2","PACS1"
"PSEN1","BAZ1B","PACS1"
"PSEN1","PLCG2","PACS1"
"PSEN1","STK3/4","RBM38"
"PSEN1","ACP1","RBM38"
"PSEN1","PTPN6","RBM38"
"PSEN1","STK4","RBM38"
"PSEN1","RPS6KB1","RBM38"
"PSEN1","CHEK1","RBM38"
"PSEN1","EIF2AK2","RBM38"
"PSEN1","STK3","RBM38"
"PSEN1","DOK1","RBM38"
"PSEN1","CDC25A","RBM38"
"PSEN1","MARK2","RBM38"
"PSEN1","PHLPP1","RBM38"
"PSEN1","CALM3","RBM38"
"PSEN1","YAP1","RBM38"
"PSEN1","DEF6","RBM38"
"PSEN1","CAMKK2","RBM38"
"PSEN1","PTPN7","RBM38"
"PSEN1","PDP1","RBM38"
"PSEN1","RPS6KA4","RBM38"
"PSEN1","HDAC3","RBM38"
"PSEN1","AXIN1","RBM38"
"PSEN1","PTPRR","RBM38"
"PSEN1","CDKN1B","RBM38"
"PSEN1","SKP2","RBM38"
"PSEN1","MAML1","RBM38"
"PSEN1","CDC25C","RBM38"
"PSEN1","WEE1","RBM38"
"PSEN1","CLASP2","RBM38"
"PSEN1","RHEB","RBM38"
"PSEN1","INPP5D","RBM38"
"PSEN1","TNFAIP1","RBM38"
"PSEN1","PHF8","RBM38"
"PSEN1","NF2","RBM38"
"PSEN1","MDC1","RBM38"
"PSEN1","MRE11","RBM38"
"PSEN1","FRAT1","RBM38"
"PSEN1","CBL","RBM38"
"PSEN1","RBBP8","RBM38"
"PSEN1","PCBP2","RBM38"
"PSEN1","SH2B3","RBM38"
"PSEN1","HDAC1","RBM38"
"PSEN1","GRB14","RBM38"
"PSEN1","PRKAR1A","RBM38"
"PSEN1","NOTCH2","RBM38"
"PSEN1","BAZ1B","RBM38"
"PSEN1","PLCG2","RBM38"
"PSEN1","STK3/4","EIF2B3"
"PSEN1","ACP1","EIF2B3"
"PSEN1","PTPN6","EIF2B3"
"PSEN1","STK4","EIF2B3"
"PSEN1","RPS6KB1","EIF2B3"
"PSEN1","CHEK1","EIF2B3"
"PSEN1","EIF2AK2","EIF2B3"
"PSEN1","STK3","EIF2B3"
"PSEN1","DOK1","EIF2B3"
"PSEN1","CDC25A","EIF2B3"
"PSEN1","MARK2","EIF2B3"
"PSEN1","PHLPP1","EIF2B3"
"PSEN1","CALM3","EIF2B3"
"PSEN1","YAP1","EIF2B3"
"PSEN1","DEF6","EIF2B3"
"PSEN1","CAMKK2","EIF2B3"
"PSEN1","PTPN7","EIF2B3"
"PSEN1","PDP1","EIF2B3"
"PSEN1","RPS6KA4","EIF2B3"
"PSEN1","HDAC3","EIF2B3"
"PSEN1","AXIN1","EIF2B3"
"PSEN1","PTPRR","EIF2B3"
"PSEN1","CDKN1B","EIF2B3"
"PSEN1","SKP2","EIF2B3"
"PSEN1","MAML1","EIF2B3"
"PSEN1","CDC25C","EIF2B3"
"PSEN1","WEE1","EIF2B3"
"PSEN1","CLASP2","EIF2B3"
"PSEN1","RHEB","EIF2B3"
"PSEN1","INPP5D","EIF2B3"
"PSEN1","TNFAIP1","EIF2B3"
"PSEN1","PHF8","EIF2B3"
"PSEN1","NF2","EIF2B3"
"PSEN1","MDC1","EIF2B3"
"PSEN1","MRE11","EIF2B3"
"PSEN1","FRAT1","EIF2B3"
"PSEN1","CBL","EIF2B3"
"PSEN1","RBBP8","EIF2B3"
"PSEN1","PCBP2","EIF2B3"
"PSEN1","SH2B3","EIF2B3"
"PSEN1","HDAC1","EIF2B3"
"PSEN1","GRB14","EIF2B3"
"PSEN1","PRKAR1A","EIF2B3"
"PSEN1","NOTCH2","EIF2B3"
"PSEN1","BAZ1B","EIF2B3"
"PSEN1","PLCG2","EIF2B3"
"PSEN1","STK3/4","ANP32B"
"PSEN1","ACP1","ANP32B"
"PSEN1","PTPN6","ANP32B"
"PSEN1","STK4","ANP32B"
"PSEN1","RPS6KB1","ANP32B"
"PSEN1","CHEK1","ANP32B"
"PSEN1","EIF2AK2","ANP32B"
"PSEN1","STK3","ANP32B"
"PSEN1","DOK1","ANP32B"
"PSEN1","CDC25A","ANP32B"
"PSEN1","MARK2","ANP32B"
"PSEN1","PHLPP1","ANP32B"
"PSEN1","CALM3","ANP32B"
"PSEN1","YAP1","ANP32B"
"PSEN1","DEF6","ANP32B"
"PSEN1","CAMKK2","ANP32B"
"PSEN1","PTPN7","ANP32B"
"PSEN1","PDP1","ANP32B"
"PSEN1","RPS6KA4","ANP32B"
"PSEN1","HDAC3","ANP32B"
"PSEN1","AXIN1","ANP32B"
"PSEN1","PTPRR","ANP32B"
"PSEN1","CDKN1B","ANP32B"
"PSEN1","SKP2","ANP32B"
"PSEN1","MAML1","ANP32B"
"PSEN1","CDC25C","ANP32B"
"PSEN1","WEE1","ANP32B"
"PSEN1","CLASP2","ANP32B"
"PSEN1","RHEB","ANP32B"
"PSEN1","INPP5D","ANP32B"
"PSEN1","TNFAIP1","ANP32B"
"PSEN1","PHF8","ANP32B"
"PSEN1","NF2","ANP32B"
"PSEN1","MDC1","ANP32B"
"PSEN1","MRE11","ANP32B"
"PSEN1","FRAT1","ANP32B"
"PSEN1","CBL","ANP32B"
"PSEN1","RBBP8","ANP32B"
"PSEN1","PCBP2","ANP32B"
"PSEN1","SH2B3","ANP32B"
"PSEN1","HDAC1","ANP32B"
"PSEN1","GRB14","ANP32B"
"PSEN1","PRKAR1A","ANP32B"
"PSEN1","NOTCH2","ANP32B"
"PSEN1","BAZ1B","ANP32B"
"PSEN1","PLCG2","ANP32B"
"PSEN1","STK3/4","UBE2A"
"PSEN1","ACP1","UBE2A"
"PSEN1","PTPN6","UBE2A"
"PSEN1","STK4","UBE2A"
"PSEN1","RPS6KB1","UBE2A"
"PSEN1","CHEK1","UBE2A"
"PSEN1","EIF2AK2","UBE2A"
"PSEN1","STK3","UBE2A"
"PSEN1","DOK1","UBE2A"
"PSEN1","CDC25A","UBE2A"
"PSEN1","MARK2","UBE2A"
"PSEN1","PHLPP1","UBE2A"
"PSEN1","CALM3","UBE2A"
"PSEN1","YAP1","UBE2A"
"PSEN1","DEF6","UBE2A"
"PSEN1","CAMKK2","UBE2A"
"PSEN1","PTPN7","UBE2A"
"PSEN1","PDP1","UBE2A"
"PSEN1","RPS6KA4","UBE2A"
"PSEN1","HDAC3","UBE2A"
"PSEN1","AXIN1","UBE2A"
"PSEN1","PTPRR","UBE2A"
"PSEN1","CDKN1B","UBE2A"
"PSEN1","SKP2","UBE2A"
"PSEN1","MAML1","UBE2A"
"PSEN1","CDC25C","UBE2A"
"PSEN1","WEE1","UBE2A"
"PSEN1","CLASP2","UBE2A"
"PSEN1","RHEB","UBE2A"
"PSEN1","INPP5D","UBE2A"
"PSEN1","TNFAIP1","UBE2A"
"PSEN1","PHF8","UBE2A"
"PSEN1","NF2","UBE2A"
"PSEN1","MDC1","UBE2A"
"PSEN1","MRE11","UBE2A"
"PSEN1","FRAT1","UBE2A"
"PSEN1","CBL","UBE2A"
"PSEN1","RBBP8","UBE2A"
"PSEN1","PCBP2","UBE2A"
"PSEN1","SH2B3","UBE2A"
"PSEN1","HDAC1","UBE2A"
"PSEN1","GRB14","UBE2A"
"PSEN1","PRKAR1A","UBE2A"
"PSEN1","NOTCH2","UBE2A"
"PSEN1","BAZ1B","UBE2A"
"PSEN1","PLCG2","UBE2A"
"PSEN1","STK3/4","LPCAT2"
"PSEN1","ACP1","LPCAT2"
"PSEN1","PTPN6","LPCAT2"
"PSEN1","STK4","LPCAT2"
"PSEN1","RPS6KB1","LPCAT2"
"PSEN1","CHEK1","LPCAT2"
"PSEN1","EIF2AK2","LPCAT2"
"PSEN1","STK3","LPCAT2"
"PSEN1","DOK1","LPCAT2"
"PSEN1","CDC25A","LPCAT2"
"PSEN1","MARK2","LPCAT2"
"PSEN1","PHLPP1","LPCAT2"
"PSEN1","CALM3","LPCAT2"
"PSEN1","YAP1","LPCAT2"
"PSEN1","DEF6","LPCAT2"
"PSEN1","CAMKK2","LPCAT2"
"PSEN1","PTPN7","LPCAT2"
"PSEN1","PDP1","LPCAT2"
"PSEN1","RPS6KA4","LPCAT2"
"PSEN1","HDAC3","LPCAT2"
"PSEN1","AXIN1","LPCAT2"
"PSEN1","PTPRR","LPCAT2"
"PSEN1","CDKN1B","LPCAT2"
"PSEN1","SKP2","LPCAT2"
"PSEN1","MAML1","LPCAT2"
"PSEN1","CDC25C","LPCAT2"
"PSEN1","WEE1","LPCAT2"
"PSEN1","CLASP2","LPCAT2"
"PSEN1","RHEB","LPCAT2"
"PSEN1","INPP5D","LPCAT2"
"PSEN1","TNFAIP1","LPCAT2"
"PSEN1","PHF8","LPCAT2"
"PSEN1","NF2","LPCAT2"
"PSEN1","MDC1","LPCAT2"
"PSEN1","MRE11","LPCAT2"
"PSEN1","FRAT1","LPCAT2"
"PSEN1","CBL","LPCAT2"
"PSEN1","RBBP8","LPCAT2"
"PSEN1","PCBP2","LPCAT2"
"PSEN1","SH2B3","LPCAT2"
"PSEN1","HDAC1","LPCAT2"
"PSEN1","GRB14","LPCAT2"
"PSEN1","PRKAR1A","LPCAT2"
"PSEN1","NOTCH2","LPCAT2"
"PSEN1","BAZ1B","LPCAT2"
"PSEN1","PLCG2","LPCAT2"
"PSEN1","STK3/4","DIAPH1"
"PSEN1","ACP1","DIAPH1"
"PSEN1","PTPN6","DIAPH1"
"PSEN1","STK4","DIAPH1"
"PSEN1","RPS6KB1","DIAPH1"
"PSEN1","CHEK1","DIAPH1"
"PSEN1","EIF2AK2","DIAPH1"
"PSEN1","STK3","DIAPH1"
"PSEN1","DOK1","DIAPH1"
"PSEN1","CDC25A","DIAPH1"
"PSEN1","MARK2","DIAPH1"
"PSEN1","PHLPP1","DIAPH1"
"PSEN1","CALM3","DIAPH1"
"PSEN1","YAP1","DIAPH1"
"PSEN1","DEF6","DIAPH1"
"PSEN1","CAMKK2","DIAPH1"
"PSEN1","PTPN7","DIAPH1"
"PSEN1","PDP1","DIAPH1"
"PSEN1","RPS6KA4","DIAPH1"
"PSEN1","HDAC3","DIAPH1"
"PSEN1","AXIN1","DIAPH1"
"PSEN1","PTPRR","DIAPH1"
"PSEN1","CDKN1B","DIAPH1"
"PSEN1","SKP2","DIAPH1"
"PSEN1","MAML1","DIAPH1"
"PSEN1","CDC25C","DIAPH1"
"PSEN1","WEE1","DIAPH1"
"PSEN1","CLASP2","DIAPH1"
"PSEN1","RHEB","DIAPH1"
"PSEN1","INPP5D","DIAPH1"
"PSEN1","TNFAIP1","DIAPH1"
"PSEN1","PHF8","DIAPH1"
"PSEN1","NF2","DIAPH1"
"PSEN1","MDC1","DIAPH1"
"PSEN1","MRE11","DIAPH1"
"PSEN1","FRAT1","DIAPH1"
"PSEN1","CBL","DIAPH1"
"PSEN1","RBBP8","DIAPH1"
"PSEN1","PCBP2","DIAPH1"
"PSEN1","SH2B3","DIAPH1"
"PSEN1","HDAC1","DIAPH1"
"PSEN1","GRB14","DIAPH1"
"PSEN1","PRKAR1A","DIAPH1"
"PSEN1","NOTCH2","DIAPH1"
"PSEN1","BAZ1B","DIAPH1"
"PSEN1","PLCG2","DIAPH1"
"PSEN1","STK3/4","VAMP4"
"PSEN1","ACP1","VAMP4"
"PSEN1","PTPN6","VAMP4"
"PSEN1","STK4","VAMP4"
"PSEN1","RPS6KB1","VAMP4"
"PSEN1","CHEK1","VAMP4"
"PSEN1","EIF2AK2","VAMP4"
"PSEN1","STK3","VAMP4"
"PSEN1","DOK1","VAMP4"
"PSEN1","CDC25A","VAMP4"
"PSEN1","MARK2","VAMP4"
"PSEN1","PHLPP1","VAMP4"
"PSEN1","CALM3","VAMP4"
"PSEN1","YAP1","VAMP4"
"PSEN1","DEF6","VAMP4"
"PSEN1","CAMKK2","VAMP4"
"PSEN1","PTPN7","VAMP4"
"PSEN1","PDP1","VAMP4"
"PSEN1","RPS6KA4","VAMP4"
"PSEN1","HDAC3","VAMP4"
"PSEN1","AXIN1","VAMP4"
"PSEN1","PTPRR","VAMP4"
"PSEN1","CDKN1B","VAMP4"
"PSEN1","SKP2","VAMP4"
"PSEN1","MAML1","VAMP4"
"PSEN1","CDC25C","VAMP4"
"PSEN1","WEE1","VAMP4"
"PSEN1","CLASP2","VAMP4"
"PSEN1","RHEB","VAMP4"
"PSEN1","INPP5D","VAMP4"
"PSEN1","TNFAIP1","VAMP4"
"PSEN1","PHF8","VAMP4"
"PSEN1","NF2","VAMP4"
"PSEN1","MDC1","VAMP4"
"PSEN1","MRE11","VAMP4"
"PSEN1","FRAT1","VAMP4"
"PSEN1","CBL","VAMP4"
"PSEN1","RBBP8","VAMP4"
"PSEN1","PCBP2","VAMP4"
"PSEN1","SH2B3","VAMP4"
"PSEN1","HDAC1","VAMP4"
"PSEN1","GRB14","VAMP4"
"PSEN1","PRKAR1A","VAMP4"
"PSEN1","NOTCH2","VAMP4"
"PSEN1","BAZ1B","VAMP4"
"PSEN1","PLCG2","VAMP4"
"PSEN1","STK3/4","PDCD5"
"PSEN1","ACP1","PDCD5"
"PSEN1","PTPN6","PDCD5"
"PSEN1","STK4","PDCD5"
"PSEN1","RPS6KB1","PDCD5"
"PSEN1","CHEK1","PDCD5"
"PSEN1","EIF2AK2","PDCD5"
"PSEN1","STK3","PDCD5"
"PSEN1","DOK1","PDCD5"
"PSEN1","CDC25A","PDCD5"
"PSEN1","MARK2","PDCD5"
"PSEN1","PHLPP1","PDCD5"
"PSEN1","CALM3","PDCD5"
"PSEN1","YAP1","PDCD5"
"PSEN1","DEF6","PDCD5"
"PSEN1","CAMKK2","PDCD5"
"PSEN1","PTPN7","PDCD5"
"PSEN1","PDP1","PDCD5"
"PSEN1","RPS6KA4","PDCD5"
"PSEN1","HDAC3","PDCD5"
"PSEN1","AXIN1","PDCD5"
"PSEN1","PTPRR","PDCD5"
"PSEN1","CDKN1B","PDCD5"
"PSEN1","SKP2","PDCD5"
"PSEN1","MAML1","PDCD5"
"PSEN1","CDC25C","PDCD5"
"PSEN1","WEE1","PDCD5"
"PSEN1","CLASP2","PDCD5"
"PSEN1","RHEB","PDCD5"
"PSEN1","INPP5D","PDCD5"
"PSEN1","TNFAIP1","PDCD5"
"PSEN1","PHF8","PDCD5"
"PSEN1","NF2","PDCD5"
"PSEN1","MDC1","PDCD5"
"PSEN1","MRE11","PDCD5"
"PSEN1","FRAT1","PDCD5"
"PSEN1","CBL","PDCD5"
"PSEN1","RBBP8","PDCD5"
"PSEN1","PCBP2","PDCD5"
"PSEN1","SH2B3","PDCD5"
"PSEN1","HDAC1","PDCD5"
"PSEN1","GRB14","PDCD5"
"PSEN1","PRKAR1A","PDCD5"
"PSEN1","NOTCH2","PDCD5"
"PSEN1","BAZ1B","PDCD5"
"PSEN1","PLCG2","PDCD5"
"PSEN1","STK3/4","PTPRCAP"
"PSEN1","ACP1","PTPRCAP"
"PSEN1","PTPN6","PTPRCAP"
"PSEN1","STK4","PTPRCAP"
"PSEN1","RPS6KB1","PTPRCAP"
"PSEN1","CHEK1","PTPRCAP"
"PSEN1","EIF2AK2","PTPRCAP"
"PSEN1","STK3","PTPRCAP"
"PSEN1","DOK1","PTPRCAP"
"PSEN1","CDC25A","PTPRCAP"
"PSEN1","MARK2","PTPRCAP"
"PSEN1","PHLPP1","PTPRCAP"
"PSEN1","CALM3","PTPRCAP"
"PSEN1","YAP1","PTPRCAP"
"PSEN1","DEF6","PTPRCAP"
"PSEN1","CAMKK2","PTPRCAP"
"PSEN1","PTPN7","PTPRCAP"
"PSEN1","PDP1","PTPRCAP"
"PSEN1","RPS6KA4","PTPRCAP"
"PSEN1","HDAC3","PTPRCAP"
"PSEN1","AXIN1","PTPRCAP"
"PSEN1","PTPRR","PTPRCAP"
"PSEN1","CDKN1B","PTPRCAP"
"PSEN1","SKP2","PTPRCAP"
"PSEN1","MAML1","PTPRCAP"
"PSEN1","CDC25C","PTPRCAP"
"PSEN1","WEE1","PTPRCAP"
"PSEN1","CLASP2","PTPRCAP"
"PSEN1","RHEB","PTPRCAP"
"PSEN1","INPP5D","PTPRCAP"
"PSEN1","TNFAIP1","PTPRCAP"
"PSEN1","PHF8","PTPRCAP"
"PSEN1","NF2","PTPRCAP"
"PSEN1","MDC1","PTPRCAP"
"PSEN1","MRE11","PTPRCAP"
"PSEN1","FRAT1","PTPRCAP"
"PSEN1","CBL","PTPRCAP"
"PSEN1","RBBP8","PTPRCAP"
"PSEN1","PCBP2","PTPRCAP"
"PSEN1","SH2B3","PTPRCAP"
"PSEN1","HDAC1","PTPRCAP"
"PSEN1","GRB14","PTPRCAP"
"PSEN1","PRKAR1A","PTPRCAP"
"PSEN1","NOTCH2","PTPRCAP"
"PSEN1","BAZ1B","PTPRCAP"
"PSEN1","PLCG2","PTPRCAP"
"PSEN1","STK3/4","SSBP3"
"PSEN1","ACP1","SSBP3"
"PSEN1","PTPN6","SSBP3"
"PSEN1","STK4","SSBP3"
"PSEN1","RPS6KB1","SSBP3"
"PSEN1","CHEK1","SSBP3"
"PSEN1","EIF2AK2","SSBP3"
"PSEN1","STK3","SSBP3"
"PSEN1","DOK1","SSBP3"
"PSEN1","CDC25A","SSBP3"
"PSEN1","MARK2","SSBP3"
"PSEN1","PHLPP1","SSBP3"
"PSEN1","CALM3","SSBP3"
"PSEN1","YAP1","SSBP3"
"PSEN1","DEF6","SSBP3"
"PSEN1","CAMKK2","SSBP3"
"PSEN1","PTPN7","SSBP3"
"PSEN1","PDP1","SSBP3"
"PSEN1","RPS6KA4","SSBP3"
"PSEN1","HDAC3","SSBP3"
"PSEN1","AXIN1","SSBP3"
"PSEN1","PTPRR","SSBP3"
"PSEN1","CDKN1B","SSBP3"
"PSEN1","SKP2","SSBP3"
"PSEN1","MAML1","SSBP3"
"PSEN1","CDC25C","SSBP3"
"PSEN1","WEE1","SSBP3"
"PSEN1","CLASP2","SSBP3"
"PSEN1","RHEB","SSBP3"
"PSEN1","INPP5D","SSBP3"
"PSEN1","TNFAIP1","SSBP3"
"PSEN1","PHF8","SSBP3"
"PSEN1","NF2","SSBP3"
"PSEN1","MDC1","SSBP3"
"PSEN1","MRE11","SSBP3"
"PSEN1","FRAT1","SSBP3"
"PSEN1","CBL","SSBP3"
"PSEN1","RBBP8","SSBP3"
"PSEN1","PCBP2","SSBP3"
"PSEN1","SH2B3","SSBP3"
"PSEN1","HDAC1","SSBP3"
"PSEN1","GRB14","SSBP3"
"PSEN1","PRKAR1A","SSBP3"
"PSEN1","NOTCH2","SSBP3"
"PSEN1","BAZ1B","SSBP3"
"PSEN1","PLCG2","SSBP3"
"PSEN1","STK3/4","TRPV3"
"PSEN1","ACP1","TRPV3"
"PSEN1","PTPN6","TRPV3"
"PSEN1","STK4","TRPV3"
"PSEN1","RPS6KB1","TRPV3"
"PSEN1","CHEK1","TRPV3"
"PSEN1","EIF2AK2","TRPV3"
"PSEN1","STK3","TRPV3"
"PSEN1","DOK1","TRPV3"
"PSEN1","CDC25A","TRPV3"
"PSEN1","MARK2","TRPV3"
"PSEN1","PHLPP1","TRPV3"
"PSEN1","CALM3","TRPV3"
"PSEN1","YAP1","TRPV3"
"PSEN1","DEF6","TRPV3"
"PSEN1","CAMKK2","TRPV3"
"PSEN1","PTPN7","TRPV3"
"PSEN1","PDP1","TRPV3"
"PSEN1","RPS6KA4","TRPV3"
"PSEN1","HDAC3","TRPV3"
"PSEN1","AXIN1","TRPV3"
"PSEN1","PTPRR","TRPV3"
"PSEN1","CDKN1B","TRPV3"
"PSEN1","SKP2","TRPV3"
"PSEN1","MAML1","TRPV3"
"PSEN1","CDC25C","TRPV3"
"PSEN1","WEE1","TRPV3"
"PSEN1","CLASP2","TRPV3"
"PSEN1","RHEB","TRPV3"
"PSEN1","INPP5D","TRPV3"
"PSEN1","TNFAIP1","TRPV3"
"PSEN1","PHF8","TRPV3"
"PSEN1","NF2","TRPV3"
"PSEN1","MDC1","TRPV3"
"PSEN1","MRE11","TRPV3"
"PSEN1","FRAT1","TRPV3"
"PSEN1","CBL","TRPV3"
"PSEN1","RBBP8","TRPV3"
"PSEN1","PCBP2","TRPV3"
"PSEN1","SH2B3","TRPV3"
"PSEN1","HDAC1","TRPV3"
"PSEN1","GRB14","TRPV3"
"PSEN1","PRKAR1A","TRPV3"
"PSEN1","NOTCH2","TRPV3"
"PSEN1","BAZ1B","TRPV3"
"PSEN1","PLCG2","TRPV3"
"PSEN1","STK3/4","IFI16"
"PSEN1","ACP1","IFI16"
"PSEN1","PTPN6","IFI16"
"PSEN1","STK4","IFI16"
"PSEN1","RPS6KB1","IFI16"
"PSEN1","CHEK1","IFI16"
"PSEN1","EIF2AK2","IFI16"
"PSEN1","STK3","IFI16"
"PSEN1","DOK1","IFI16"
"PSEN1","CDC25A","IFI16"
"PSEN1","MARK2","IFI16"
"PSEN1","PHLPP1","IFI16"
"PSEN1","CALM3","IFI16"
"PSEN1","YAP1","IFI16"
"PSEN1","DEF6","IFI16"
"PSEN1","CAMKK2","IFI16"
"PSEN1","PTPN7","IFI16"
"PSEN1","PDP1","IFI16"
"PSEN1","RPS6KA4","IFI16"
"PSEN1","HDAC3","IFI16"
"PSEN1","AXIN1","IFI16"
"PSEN1","PTPRR","IFI16"
"PSEN1","CDKN1B","IFI16"
"PSEN1","SKP2","IFI16"
"PSEN1","MAML1","IFI16"
"PSEN1","CDC25C","IFI16"
"PSEN1","WEE1","IFI16"
"PSEN1","CLASP2","IFI16"
"PSEN1","RHEB","IFI16"
"PSEN1","INPP5D","IFI16"
"PSEN1","TNFAIP1","IFI16"
"PSEN1","PHF8","IFI16"
"PSEN1","NF2","IFI16"
"PSEN1","MDC1","IFI16"
"PSEN1","MRE11","IFI16"
"PSEN1","FRAT1","IFI16"
"PSEN1","CBL","IFI16"
"PSEN1","RBBP8","IFI16"
"PSEN1","PCBP2","IFI16"
"PSEN1","SH2B3","IFI16"
"PSEN1","HDAC1","IFI16"
"PSEN1","GRB14","IFI16"
"PSEN1","PRKAR1A","IFI16"
"PSEN1","NOTCH2","IFI16"
"PSEN1","BAZ1B","IFI16"
"PSEN1","PLCG2","IFI16"
"PSEN1","STK3/4","FCAR"
"PSEN1","ACP1","FCAR"
"PSEN1","PTPN6","FCAR"
"PSEN1","STK4","FCAR"
"PSEN1","RPS6KB1","FCAR"
"PSEN1","CHEK1","FCAR"
"PSEN1","EIF2AK2","FCAR"
"PSEN1","STK3","FCAR"
"PSEN1","DOK1","FCAR"
"PSEN1","CDC25A","FCAR"
"PSEN1","MARK2","FCAR"
"PSEN1","PHLPP1","FCAR"
"PSEN1","CALM3","FCAR"
"PSEN1","YAP1","FCAR"
"PSEN1","DEF6","FCAR"
"PSEN1","CAMKK2","FCAR"
"PSEN1","PTPN7","FCAR"
"PSEN1","PDP1","FCAR"
"PSEN1","RPS6KA4","FCAR"
"PSEN1","HDAC3","FCAR"
"PSEN1","AXIN1","FCAR"
"PSEN1","PTPRR","FCAR"
"PSEN1","CDKN1B","FCAR"
"PSEN1","SKP2","FCAR"
"PSEN1","MAML1","FCAR"
"PSEN1","CDC25C","FCAR"
"PSEN1","WEE1","FCAR"
"PSEN1","CLASP2","FCAR"
"PSEN1","RHEB","FCAR"
"PSEN1","INPP5D","FCAR"
"PSEN1","TNFAIP1","FCAR"
"PSEN1","PHF8","FCAR"
"PSEN1","NF2","FCAR"
"PSEN1","MDC1","FCAR"
"PSEN1","MRE11","FCAR"
"PSEN1","FRAT1","FCAR"
"PSEN1","CBL","FCAR"
"PSEN1","RBBP8","FCAR"
"PSEN1","PCBP2","FCAR"
"PSEN1","SH2B3","FCAR"
"PSEN1","HDAC1","FCAR"
"PSEN1","GRB14","FCAR"
"PSEN1","PRKAR1A","FCAR"
"PSEN1","NOTCH2","FCAR"
"PSEN1","BAZ1B","FCAR"
"PSEN1","PLCG2","FCAR"
"PSEN1","STK3/4","NFE2L1"
"PSEN1","ACP1","NFE2L1"
"PSEN1","PTPN6","NFE2L1"
"PSEN1","STK4","NFE2L1"
"PSEN1","RPS6KB1","NFE2L1"
"PSEN1","CHEK1","NFE2L1"
"PSEN1","EIF2AK2","NFE2L1"
"PSEN1","STK3","NFE2L1"
"PSEN1","DOK1","NFE2L1"
"PSEN1","CDC25A","NFE2L1"
"PSEN1","MARK2","NFE2L1"
"PSEN1","PHLPP1","NFE2L1"
"PSEN1","CALM3","NFE2L1"
"PSEN1","YAP1","NFE2L1"
"PSEN1","DEF6","NFE2L1"
"PSEN1","CAMKK2","NFE2L1"
"PSEN1","PTPN7","NFE2L1"
"PSEN1","PDP1","NFE2L1"
"PSEN1","RPS6KA4","NFE2L1"
"PSEN1","HDAC3","NFE2L1"
"PSEN1","AXIN1","NFE2L1"
"PSEN1","PTPRR","NFE2L1"
"PSEN1","CDKN1B","NFE2L1"
"PSEN1","SKP2","NFE2L1"
"PSEN1","MAML1","NFE2L1"
"PSEN1","CDC25C","NFE2L1"
"PSEN1","WEE1","NFE2L1"
"PSEN1","CLASP2","NFE2L1"
"PSEN1","RHEB","NFE2L1"
"PSEN1","INPP5D","NFE2L1"
"PSEN1","TNFAIP1","NFE2L1"
"PSEN1","PHF8","NFE2L1"
"PSEN1","NF2","NFE2L1"
"PSEN1","MDC1","NFE2L1"
"PSEN1","MRE11","NFE2L1"
"PSEN1","FRAT1","NFE2L1"
"PSEN1","CBL","NFE2L1"
"PSEN1","RBBP8","NFE2L1"
"PSEN1","PCBP2","NFE2L1"
"PSEN1","SH2B3","NFE2L1"
"PSEN1","HDAC1","NFE2L1"
"PSEN1","GRB14","NFE2L1"
"PSEN1","PRKAR1A","NFE2L1"
"PSEN1","NOTCH2","NFE2L1"
"PSEN1","BAZ1B","NFE2L1"
"PSEN1","PLCG2","NFE2L1"
"PSEN1","STK3/4","MCM3AP"
"PSEN1","ACP1","MCM3AP"
"PSEN1","PTPN6","MCM3AP"
"PSEN1","STK4","MCM3AP"
"PSEN1","RPS6KB1","MCM3AP"
"PSEN1","CHEK1","MCM3AP"
"PSEN1","EIF2AK2","MCM3AP"
"PSEN1","STK3","MCM3AP"
"PSEN1","DOK1","MCM3AP"
"PSEN1","CDC25A","MCM3AP"
"PSEN1","MARK2","MCM3AP"
"PSEN1","PHLPP1","MCM3AP"
"PSEN1","CALM3","MCM3AP"
"PSEN1","YAP1","MCM3AP"
"PSEN1","DEF6","MCM3AP"
"PSEN1","CAMKK2","MCM3AP"
"PSEN1","PTPN7","MCM3AP"
"PSEN1","PDP1","MCM3AP"
"PSEN1","RPS6KA4","MCM3AP"
"PSEN1","HDAC3","MCM3AP"
"PSEN1","AXIN1","MCM3AP"
"PSEN1","PTPRR","MCM3AP"
"PSEN1","CDKN1B","MCM3AP"
"PSEN1","SKP2","MCM3AP"
"PSEN1","MAML1","MCM3AP"
"PSEN1","CDC25C","MCM3AP"
"PSEN1","WEE1","MCM3AP"
"PSEN1","CLASP2","MCM3AP"
"PSEN1","RHEB","MCM3AP"
"PSEN1","INPP5D","MCM3AP"
"PSEN1","TNFAIP1","MCM3AP"
"PSEN1","PHF8","MCM3AP"
"PSEN1","NF2","MCM3AP"
"PSEN1","MDC1","MCM3AP"
"PSEN1","MRE11","MCM3AP"
"PSEN1","FRAT1","MCM3AP"
"PSEN1","CBL","MCM3AP"
"PSEN1","RBBP8","MCM3AP"
"PSEN1","PCBP2","MCM3AP"
"PSEN1","SH2B3","MCM3AP"
"PSEN1","HDAC1","MCM3AP"
"PSEN1","GRB14","MCM3AP"
"PSEN1","PRKAR1A","MCM3AP"
"PSEN1","NOTCH2","MCM3AP"
"PSEN1","BAZ1B","MCM3AP"
"PSEN1","PLCG2","MCM3AP"
"PSEN1","STK3/4","TRIM29"
"PSEN1","ACP1","TRIM29"
"PSEN1","PTPN6","TRIM29"
"PSEN1","STK4","TRIM29"
"PSEN1","RPS6KB1","TRIM29"
"PSEN1","CHEK1","TRIM29"
"PSEN1","EIF2AK2","TRIM29"
"PSEN1","STK3","TRIM29"
"PSEN1","DOK1","TRIM29"
"PSEN1","CDC25A","TRIM29"
"PSEN1","MARK2","TRIM29"
"PSEN1","PHLPP1","TRIM29"
"PSEN1","CALM3","TRIM29"
"PSEN1","YAP1","TRIM29"
"PSEN1","DEF6","TRIM29"
"PSEN1","CAMKK2","TRIM29"
"PSEN1","PTPN7","TRIM29"
"PSEN1","PDP1","TRIM29"
"PSEN1","RPS6KA4","TRIM29"
"PSEN1","HDAC3","TRIM29"
"PSEN1","AXIN1","TRIM29"
"PSEN1","PTPRR","TRIM29"
"PSEN1","CDKN1B","TRIM29"
"PSEN1","SKP2","TRIM29"
"PSEN1","MAML1","TRIM29"
"PSEN1","CDC25C","TRIM29"
"PSEN1","WEE1","TRIM29"
"PSEN1","CLASP2","TRIM29"
"PSEN1","RHEB","TRIM29"
"PSEN1","INPP5D","TRIM29"
"PSEN1","TNFAIP1","TRIM29"
"PSEN1","PHF8","TRIM29"
"PSEN1","NF2","TRIM29"
"PSEN1","MDC1","TRIM29"
"PSEN1","MRE11","TRIM29"
"PSEN1","FRAT1","TRIM29"
"PSEN1","CBL","TRIM29"
"PSEN1","RBBP8","TRIM29"
"PSEN1","PCBP2","TRIM29"
"PSEN1","SH2B3","TRIM29"
"PSEN1","HDAC1","TRIM29"
"PSEN1","GRB14","TRIM29"
"PSEN1","PRKAR1A","TRIM29"
"PSEN1","NOTCH2","TRIM29"
"PSEN1","BAZ1B","TRIM29"
"PSEN1","PLCG2","TRIM29"
"PSEN1","STK3/4","FOSB"
"PSEN1","ACP1","FOSB"
"PSEN1","PTPN6","FOSB"
"PSEN1","STK4","FOSB"
"PSEN1","RPS6KB1","FOSB"
"PSEN1","CHEK1","FOSB"
"PSEN1","EIF2AK2","FOSB"
"PSEN1","STK3","FOSB"
"PSEN1","DOK1","FOSB"
"PSEN1","CDC25A","FOSB"
"PSEN1","MARK2","FOSB"
"PSEN1","PHLPP1","FOSB"
"PSEN1","CALM3","FOSB"
"PSEN1","YAP1","FOSB"
"PSEN1","DEF6","FOSB"
"PSEN1","CAMKK2","FOSB"
"PSEN1","PTPN7","FOSB"
"PSEN1","PDP1","FOSB"
"PSEN1","RPS6KA4","FOSB"
"PSEN1","HDAC3","FOSB"
"PSEN1","AXIN1","FOSB"
"PSEN1","PTPRR","FOSB"
"PSEN1","CDKN1B","FOSB"
"PSEN1","SKP2","FOSB"
"PSEN1","MAML1","FOSB"
"PSEN1","CDC25C","FOSB"
"PSEN1","WEE1","FOSB"
"PSEN1","CLASP2","FOSB"
"PSEN1","RHEB","FOSB"
"PSEN1","INPP5D","FOSB"
"PSEN1","TNFAIP1","FOSB"
"PSEN1","PHF8","FOSB"
"PSEN1","NF2","FOSB"
"PSEN1","MDC1","FOSB"
"PSEN1","MRE11","FOSB"
"PSEN1","FRAT1","FOSB"
"PSEN1","CBL","FOSB"
"PSEN1","RBBP8","FOSB"
"PSEN1","PCBP2","FOSB"
"PSEN1","SH2B3","FOSB"
"PSEN1","HDAC1","FOSB"
"PSEN1","GRB14","FOSB"
"PSEN1","PRKAR1A","FOSB"
"PSEN1","NOTCH2","FOSB"
"PSEN1","BAZ1B","FOSB"
"PSEN1","PLCG2","FOSB"
"PSEN1","STK3/4","CORO1C"
"PSEN1","ACP1","CORO1C"
"PSEN1","PTPN6","CORO1C"
"PSEN1","STK4","CORO1C"
"PSEN1","RPS6KB1","CORO1C"
"PSEN1","CHEK1","CORO1C"
"PSEN1","EIF2AK2","CORO1C"
"PSEN1","STK3","CORO1C"
"PSEN1","DOK1","CORO1C"
"PSEN1","CDC25A","CORO1C"
"PSEN1","MARK2","CORO1C"
"PSEN1","PHLPP1","CORO1C"
"PSEN1","CALM3","CORO1C"
"PSEN1","YAP1","CORO1C"
"PSEN1","DEF6","CORO1C"
"PSEN1","CAMKK2","CORO1C"
"PSEN1","PTPN7","CORO1C"
"PSEN1","PDP1","CORO1C"
"PSEN1","RPS6KA4","CORO1C"
"PSEN1","HDAC3","CORO1C"
"PSEN1","AXIN1","CORO1C"
"PSEN1","PTPRR","CORO1C"
"PSEN1","CDKN1B","CORO1C"
"PSEN1","SKP2","CORO1C"
"PSEN1","MAML1","CORO1C"
"PSEN1","CDC25C","CORO1C"
"PSEN1","WEE1","CORO1C"
"PSEN1","CLASP2","CORO1C"
"PSEN1","RHEB","CORO1C"
"PSEN1","INPP5D","CORO1C"
"PSEN1","TNFAIP1","CORO1C"
"PSEN1","PHF8","CORO1C"
"PSEN1","NF2","CORO1C"
"PSEN1","MDC1","CORO1C"
"PSEN1","MRE11","CORO1C"
"PSEN1","FRAT1","CORO1C"
"PSEN1","CBL","CORO1C"
"PSEN1","RBBP8","CORO1C"
"PSEN1","PCBP2","CORO1C"
"PSEN1","SH2B3","CORO1C"
"PSEN1","HDAC1","CORO1C"
"PSEN1","GRB14","CORO1C"
"PSEN1","PRKAR1A","CORO1C"
"PSEN1","NOTCH2","CORO1C"
"PSEN1","BAZ1B","CORO1C"
"PSEN1","PLCG2","CORO1C"
"PSEN1","STK3/4","VDR"
"PSEN1","ACP1","VDR"
"PSEN1","PTPN6","VDR"
"PSEN1","STK4","VDR"
"PSEN1","RPS6KB1","VDR"
"PSEN1","CHEK1","VDR"
"PSEN1","EIF2AK2","VDR"
"PSEN1","STK3","VDR"
"PSEN1","DOK1","VDR"
"PSEN1","CDC25A","VDR"
"PSEN1","MARK2","VDR"
"PSEN1","PHLPP1","VDR"
"PSEN1","CALM3","VDR"
"PSEN1","YAP1","VDR"
"PSEN1","DEF6","VDR"
"PSEN1","CAMKK2","VDR"
"PSEN1","PTPN7","VDR"
"PSEN1","PDP1","VDR"
"PSEN1","RPS6KA4","VDR"
"PSEN1","HDAC3","VDR"
"PSEN1","AXIN1","VDR"
"PSEN1","PTPRR","VDR"
"PSEN1","CDKN1B","VDR"
"PSEN1","SKP2","VDR"
"PSEN1","MAML1","VDR"
"PSEN1","CDC25C","VDR"
"PSEN1","WEE1","VDR"
"PSEN1","CLASP2","VDR"
"PSEN1","RHEB","VDR"
"PSEN1","INPP5D","VDR"
"PSEN1","TNFAIP1","VDR"
"PSEN1","PHF8","VDR"
"PSEN1","NF2","VDR"
"PSEN1","MDC1","VDR"
"PSEN1","MRE11","VDR"
"PSEN1","FRAT1","VDR"
"PSEN1","CBL","VDR"
"PSEN1","RBBP8","VDR"
"PSEN1","PCBP2","VDR"
"PSEN1","SH2B3","VDR"
"PSEN1","HDAC1","VDR"
"PSEN1","GRB14","VDR"
"PSEN1","PRKAR1A","VDR"
"PSEN1","NOTCH2","VDR"
"PSEN1","BAZ1B","VDR"
"PSEN1","PLCG2","VDR"
"PSEN1","STK3/4","NKX2-5"
"PSEN1","ACP1","NKX2-5"
"PSEN1","PTPN6","NKX2-5"
"PSEN1","STK4","NKX2-5"
"PSEN1","RPS6KB1","NKX2-5"
"PSEN1","CHEK1","NKX2-5"
"PSEN1","EIF2AK2","NKX2-5"
"PSEN1","STK3","NKX2-5"
"PSEN1","DOK1","NKX2-5"
"PSEN1","CDC25A","NKX2-5"
"PSEN1","MARK2","NKX2-5"
"PSEN1","PHLPP1","NKX2-5"
"PSEN1","CALM3","NKX2-5"
"PSEN1","YAP1","NKX2-5"
"PSEN1","DEF6","NKX2-5"
"PSEN1","CAMKK2","NKX2-5"
"PSEN1","PTPN7","NKX2-5"
"PSEN1","PDP1","NKX2-5"
"PSEN1","RPS6KA4","NKX2-5"
"PSEN1","HDAC3","NKX2-5"
"PSEN1","AXIN1","NKX2-5"
"PSEN1","PTPRR","NKX2-5"
"PSEN1","CDKN1B","NKX2-5"
"PSEN1","SKP2","NKX2-5"
"PSEN1","MAML1","NKX2-5"
"PSEN1","CDC25C","NKX2-5"
"PSEN1","WEE1","NKX2-5"
"PSEN1","CLASP2","NKX2-5"
"PSEN1","RHEB","NKX2-5"
"PSEN1","INPP5D","NKX2-5"
"PSEN1","TNFAIP1","NKX2-5"
"PSEN1","PHF8","NKX2-5"
"PSEN1","NF2","NKX2-5"
"PSEN1","MDC1","NKX2-5"
"PSEN1","MRE11","NKX2-5"
"PSEN1","FRAT1","NKX2-5"
"PSEN1","CBL","NKX2-5"
"PSEN1","RBBP8","NKX2-5"
"PSEN1","PCBP2","NKX2-5"
"PSEN1","SH2B3","NKX2-5"
"PSEN1","HDAC1","NKX2-5"
"PSEN1","GRB14","NKX2-5"
"PSEN1","PRKAR1A","NKX2-5"
"PSEN1","NOTCH2","NKX2-5"
"PSEN1","BAZ1B","NKX2-5"
"PSEN1","PLCG2","NKX2-5"
"PSEN1","STK3/4","HACE1"
"PSEN1","ACP1","HACE1"
"PSEN1","PTPN6","HACE1"
"PSEN1","STK4","HACE1"
"PSEN1","RPS6KB1","HACE1"
"PSEN1","CHEK1","HACE1"
"PSEN1","EIF2AK2","HACE1"
"PSEN1","STK3","HACE1"
"PSEN1","DOK1","HACE1"
"PSEN1","CDC25A","HACE1"
"PSEN1","MARK2","HACE1"
"PSEN1","PHLPP1","HACE1"
"PSEN1","CALM3","HACE1"
"PSEN1","YAP1","HACE1"
"PSEN1","DEF6","HACE1"
"PSEN1","CAMKK2","HACE1"
"PSEN1","PTPN7","HACE1"
"PSEN1","PDP1","HACE1"
"PSEN1","RPS6KA4","HACE1"
"PSEN1","HDAC3","HACE1"
"PSEN1","AXIN1","HACE1"
"PSEN1","PTPRR","HACE1"
"PSEN1","CDKN1B","HACE1"
"PSEN1","SKP2","HACE1"
"PSEN1","MAML1","HACE1"
"PSEN1","CDC25C","HACE1"
"PSEN1","WEE1","HACE1"
"PSEN1","CLASP2","HACE1"
"PSEN1","RHEB","HACE1"
"PSEN1","INPP5D","HACE1"
"PSEN1","TNFAIP1","HACE1"
"PSEN1","PHF8","HACE1"
"PSEN1","NF2","HACE1"
"PSEN1","MDC1","HACE1"
"PSEN1","MRE11","HACE1"
"PSEN1","FRAT1","HACE1"
"PSEN1","CBL","HACE1"
"PSEN1","RBBP8","HACE1"
"PSEN1","PCBP2","HACE1"
"PSEN1","SH2B3","HACE1"
"PSEN1","HDAC1","HACE1"
"PSEN1","GRB14","HACE1"
"PSEN1","PRKAR1A","HACE1"
"PSEN1","NOTCH2","HACE1"
"PSEN1","BAZ1B","HACE1"
"PSEN1","PLCG2","HACE1"
"PSEN1","STK3/4","SHOX"
"PSEN1","ACP1","SHOX"
"PSEN1","PTPN6","SHOX"
"PSEN1","STK4","SHOX"
"PSEN1","RPS6KB1","SHOX"
"PSEN1","CHEK1","SHOX"
"PSEN1","EIF2AK2","SHOX"
"PSEN1","STK3","SHOX"
"PSEN1","DOK1","SHOX"
"PSEN1","CDC25A","SHOX"
"PSEN1","MARK2","SHOX"
"PSEN1","PHLPP1","SHOX"
"PSEN1","CALM3","SHOX"
"PSEN1","YAP1","SHOX"
"PSEN1","DEF6","SHOX"
"PSEN1","CAMKK2","SHOX"
"PSEN1","PTPN7","SHOX"
"PSEN1","PDP1","SHOX"
"PSEN1","RPS6KA4","SHOX"
"PSEN1","HDAC3","SHOX"
"PSEN1","AXIN1","SHOX"
"PSEN1","PTPRR","SHOX"
"PSEN1","CDKN1B","SHOX"
"PSEN1","SKP2","SHOX"
"PSEN1","MAML1","SHOX"
"PSEN1","CDC25C","SHOX"
"PSEN1","WEE1","SHOX"
"PSEN1","CLASP2","SHOX"
"PSEN1","RHEB","SHOX"
"PSEN1","INPP5D","SHOX"
"PSEN1","TNFAIP1","SHOX"
"PSEN1","PHF8","SHOX"
"PSEN1","NF2","SHOX"
"PSEN1","MDC1","SHOX"
"PSEN1","MRE11","SHOX"
"PSEN1","FRAT1","SHOX"
"PSEN1","CBL","SHOX"
"PSEN1","RBBP8","SHOX"
"PSEN1","PCBP2","SHOX"
"PSEN1","SH2B3","SHOX"
"PSEN1","HDAC1","SHOX"
"PSEN1","GRB14","SHOX"
"PSEN1","PRKAR1A","SHOX"
"PSEN1","NOTCH2","SHOX"
"PSEN1","BAZ1B","SHOX"
"PSEN1","PLCG2","SHOX"
"PSEN1","STK3/4","ESR2"
"PSEN1","ACP1","ESR2"
"PSEN1","PTPN6","ESR2"
"PSEN1","STK4","ESR2"
"PSEN1","RPS6KB1","ESR2"
"PSEN1","CHEK1","ESR2"
"PSEN1","EIF2AK2","ESR2"
"PSEN1","STK3","ESR2"
"PSEN1","DOK1","ESR2"
"PSEN1","CDC25A","ESR2"
"PSEN1","MARK2","ESR2"
"PSEN1","PHLPP1","ESR2"
"PSEN1","CALM3","ESR2"
"PSEN1","YAP1","ESR2"
"PSEN1","DEF6","ESR2"
"PSEN1","CAMKK2","ESR2"
"PSEN1","PTPN7","ESR2"
"PSEN1","PDP1","ESR2"
"PSEN1","RPS6KA4","ESR2"
"PSEN1","HDAC3","ESR2"
"PSEN1","AXIN1","ESR2"
"PSEN1","PTPRR","ESR2"
"PSEN1","CDKN1B","ESR2"
"PSEN1","SKP2","ESR2"
"PSEN1","MAML1","ESR2"
"PSEN1","CDC25C","ESR2"
"PSEN1","WEE1","ESR2"
"PSEN1","CLASP2","ESR2"
"PSEN1","RHEB","ESR2"
"PSEN1","INPP5D","ESR2"
"PSEN1","TNFAIP1","ESR2"
"PSEN1","PHF8","ESR2"
"PSEN1","NF2","ESR2"
"PSEN1","MDC1","ESR2"
"PSEN1","MRE11","ESR2"
"PSEN1","FRAT1","ESR2"
"PSEN1","CBL","ESR2"
"PSEN1","RBBP8","ESR2"
"PSEN1","PCBP2","ESR2"
"PSEN1","SH2B3","ESR2"
"PSEN1","HDAC1","ESR2"
"PSEN1","GRB14","ESR2"
"PSEN1","PRKAR1A","ESR2"
"PSEN1","NOTCH2","ESR2"
"PSEN1","BAZ1B","ESR2"
"PSEN1","PLCG2","ESR2"
