"X1","X2","X3"
"ROCK2","PTEN","FLI1"
"ROCK2","CSNK1D","FLI1"
"ROCK2","CDC25A","FLI1"
"ROCK2","TYK2","FLI1"
"ROCK2","14/03/2003","FLI1"
"ROCK2","ERRFI1","FLI1"
"ROCK2","GRB10","FLI1"
"ROCK2","SH2B2","FLI1"
"ROCK2","GRB14","FLI1"
"ROCK2","PRKAR1A","FLI1"
"ROCK2","SYK","MYOD1"
"ROCK2","MAPK14","MYOD1"
"ROCK2","CSNK1D","MYOD1"
"ROCK2","PLK1","MYOD1"
"ROCK2","CDK5","MYOD1"
"ROCK2","CDC25A","MYOD1"
"ROCK2","mTORC1","MYOD1"
"ROCK2","MEK1/2","MYOD1"
"ROCK2","14/03/2003","MYOD1"
"ROCK2","NTRK1","MYOD1"
"ROCK2","ERRFI1","MYOD1"
"ROCK2","GRB10","MYOD1"
"ROCK2","SH2B2","MYOD1"
"ROCK2","GRB14","MYOD1"
"ROCK2","PRKAR1A","MYOD1"
"ROCK2","NOTCH2","MYOD1"
"ROCK2","PTEN","CHUK"
"ROCK2","PLK1","CHUK"
"ROCK2","RPS6KB1","CHUK"
"ROCK2","CDC25A","CHUK"
"ROCK2","mTORC1","CHUK"
"ROCK2","MEK1/2","CHUK"
"ROCK2","NTRK1","CHUK"
"ROCK2","ERRFI1","CHUK"
"ROCK2","WEE1","CHUK"
"ROCK2","CDKN1A","CHUK"
"ROCK2","CLK2","CHUK"
"ROCK2","DCK","CHUK"
"ROCK2","PRKAR1A","CHUK"
"ROCK2","NOTCH2","CHUK"
"ROCK2","PTEN","CTNNB1"
"ROCK2","CSNK1D","CTNNB1"
"ROCK2","RPS6KB1","CTNNB1"
"ROCK2","MEK1/2","CTNNB1"
"ROCK2","14/03/2003","CTNNB1"
"ROCK2","NTRK1","CTNNB1"
"ROCK2","ERRFI1","CTNNB1"
"ROCK2","WEE1","CTNNB1"
"ROCK2","CDKN1A","CTNNB1"
"ROCK2","SH2B2","CTNNB1"
"ROCK2","DCK","CTNNB1"
"ROCK2","PRKAR1A","CTNNB1"
"ROCK2","NOTCH2","CTNNB1"
"ROCK2","SYK","HDAC5"
"ROCK2","MAPK14","HDAC5"
"ROCK2","CSNK1D","HDAC5"
"ROCK2","CDK5","HDAC5"
"ROCK2","CDC25A","HDAC5"
"ROCK2","mTORC1","HDAC5"
"ROCK2","STK39","HDAC5"
"ROCK2","MEK1/2","HDAC5"
"ROCK2","14/03/2003","HDAC5"
"ROCK2","NTRK1","HDAC5"
"ROCK2","ERRFI1","HDAC5"
"ROCK2","CDKN1A","HDAC5"
"ROCK2","GRB10","HDAC5"
"ROCK2","SH2B2","HDAC5"
"ROCK2","DCK","HDAC5"
"ROCK2","GRB14","HDAC5"
"ROCK2","PRKAR1A","HDAC5"
"ROCK2","NOTCH2","HDAC5"
"ROCK2","CSNK1D","SYK"
"ROCK2","CDK5","SYK"
"ROCK2","CDC25A","SYK"
"ROCK2","MEK1/2","SYK"
"ROCK2","14/03/2003","SYK"
"ROCK2","NTRK1","SYK"
"ROCK2","CLK2","SYK"
"ROCK2","PRKAR1A","SYK"
"ROCK2","NOTCH2","SYK"
"ROCK2","MAPK14","PDGFRB"
"ROCK2","PLK1","PDGFRB"
"ROCK2","RPS6KB1","PDGFRB"
"ROCK2","CDK5","PDGFRB"
"ROCK2","CDC25A","PDGFRB"
"ROCK2","MEK1/2","PDGFRB"
"ROCK2","14/03/2003","PDGFRB"
"ROCK2","NTRK1","PDGFRB"
"ROCK2","CLK2","PDGFRB"
"ROCK2","PRKAR1A","PDGFRB"
"ROCK2","NOTCH2","PDGFRB"
"ROCK2","SYK","PTEN"
"ROCK2","CDC25A","PTEN"
"ROCK2","TYK2","PTEN"
"ROCK2","MEK1/2","PTEN"
"ROCK2","PRKAR1A","PTEN"
"ROCK2","RPS6KB1","MTOR"
"ROCK2","CDK5","MTOR"
"ROCK2","CDC25A","MTOR"
"ROCK2","mTORC1","MTOR"
"ROCK2","MEK1/2","MTOR"
"ROCK2","NTRK1","MTOR"
"ROCK2","ERRFI1","MTOR"
"ROCK2","CLK2","MTOR"
"ROCK2","NOTCH2","MTOR"
"ROCK2","PTEN","AKT1"
"ROCK2","MAPK14","AKT1"
"ROCK2","PLK1","AKT1"
"ROCK2","RPS6KB1","AKT1"
"ROCK2","NTRK1","AKT1"
"ROCK2","CDKN1A","AKT1"
"ROCK2","CLK2","AKT1"
"ROCK2","NOTCH2","AKT1"
"ROCK2","SYK","PRKCD"
"ROCK2","PTEN","PRKCD"
"ROCK2","PLK1","PRKCD"
"ROCK2","CDC25A","PRKCD"
"ROCK2","mTORC1","PRKCD"
"ROCK2","TYK2","PRKCD"
"ROCK2","NTRK1","PRKCD"
"ROCK2","CLK2","PRKCD"
"ROCK2","PRKAR1A","PRKCD"
"ROCK2","SYK","CDK1"
"ROCK2","PTEN","CDK1"
"ROCK2","MAPK14","CDK1"
"ROCK2","CSNK1D","CDK1"
"ROCK2","CDK5","CDK1"
"ROCK2","mTORC1","CDK1"
"ROCK2","STK39","CDK1"
"ROCK2","WEE1","CDK1"
"ROCK2","CDKN1A","CDK1"
"ROCK2","GRB10","CDK1"
"ROCK2","SH2B2","CDK1"
"ROCK2","GRB14","CDK1"
"ROCK2","NOTCH2","CDK1"
"ROCK2","PTEN","AMPK"
"ROCK2","CSNK1D","AMPK"
"ROCK2","PLK1","AMPK"
"ROCK2","RPS6KB1","AMPK"
"ROCK2","CDK5","AMPK"
"ROCK2","MEK1/2","AMPK"
"ROCK2","14/03/2003","AMPK"
"ROCK2","NTRK1","AMPK"
"ROCK2","ERRFI1","AMPK"
"ROCK2","WEE1","AMPK"
"ROCK2","CDKN1A","AMPK"
"ROCK2","CLK2","AMPK"
"ROCK2","DCK","AMPK"
"ROCK2","NOTCH2","AMPK"
"ROCK2","SYK","MAPK14"
"ROCK2","PTEN","MAPK14"
"ROCK2","MTOR","MAPK14"
"ROCK2","PLK1","MAPK14"
"ROCK2","RPS6KB1","MAPK14"
"ROCK2","CDC25A","MAPK14"
"ROCK2","TYK2","MAPK14"
"ROCK2","MEK1/2","MAPK14"
"ROCK2","14/03/2003","MAPK14"
"ROCK2","NTRK1","MAPK14"
"ROCK2","WEE1","MAPK14"
"ROCK2","CLK2","MAPK14"
"ROCK2","PRKAR1A","MAPK14"
"ROCK2","NOTCH2","MAPK14"
"ROCK2","SYK","RPS6K"
"ROCK2","PTEN","RPS6K"
"ROCK2","MAPK14","RPS6K"
"ROCK2","RPS6KB1","RPS6K"
"ROCK2","CDC25A","RPS6K"
"ROCK2","STK39","RPS6K"
"ROCK2","TYK2","RPS6K"
"ROCK2","14/03/2003","RPS6K"
"ROCK2","NTRK1","RPS6K"
"ROCK2","ERRFI1","RPS6K"
"ROCK2","GRB10","RPS6K"
"ROCK2","SH2B2","RPS6K"
"ROCK2","GRB14","RPS6K"
"ROCK2","PTEN","CSNK1D"
"ROCK2","MTOR","CSNK1D"
"ROCK2","AKT1","CSNK1D"
"ROCK2","MAPK14","CSNK1D"
"ROCK2","mTORC1","CSNK1D"
"ROCK2","STK39","CSNK1D"
"ROCK2","14/03/2003","CSNK1D"
"ROCK2","WEE1","CSNK1D"
"ROCK2","CDKN1A","CSNK1D"
"ROCK2","GRB10","CSNK1D"
"ROCK2","SH2B2","CSNK1D"
"ROCK2","SYK","CDK7"
"ROCK2","PTEN","CDK7"
"ROCK2","MAPK14","CDK7"
"ROCK2","RPS6KB1","CDK7"
"ROCK2","STK39","CDK7"
"ROCK2","TYK2","CDK7"
"ROCK2","WEE1","CDK7"
"ROCK2","CDKN1A","CDK7"
"ROCK2","SH2B2","CDK7"
"ROCK2","CLK2","CDK7"
"ROCK2","DCK","CDK7"
"ROCK2","GRB14","CDK7"
"ROCK2","PRKAR1A","CDK7"
"ROCK2","NOTCH2","CDK7"
"ROCK2","PTEN","PLK1"
"ROCK2","CSNK1D","PLK1"
"ROCK2","RPS6KB1","PLK1"
"ROCK2","CDK5","PLK1"
"ROCK2","mTORC1","PLK1"
"ROCK2","MEK1/2","PLK1"
"ROCK2","WEE1","PLK1"
"ROCK2","CDKN1A","PLK1"
"ROCK2","GRB10","PLK1"
"ROCK2","CLK2","PLK1"
"ROCK2","DCK","PLK1"
"ROCK2","PRKAR1A","PLK1"
"ROCK2","NOTCH2","PLK1"
"ROCK2","PTEN","MEF2C"
"ROCK2","PLK1","MEF2C"
"ROCK2","RPS6KB1","MEF2C"
"ROCK2","CDC25A","MEF2C"
"ROCK2","TYK2","MEF2C"
"ROCK2","WEE1","MEF2C"
"ROCK2","CLK2","MEF2C"
"ROCK2","DCK","MEF2C"
"ROCK2","NOTCH2","MEF2C"
"ROCK2","SYK","TGFBR1"
"ROCK2","PTEN","TGFBR1"
"ROCK2","MTOR","TGFBR1"
"ROCK2","AKT1","TGFBR1"
"ROCK2","MAPK14","TGFBR1"
"ROCK2","STK39","TGFBR1"
"ROCK2","TYK2","TGFBR1"
"ROCK2","14/03/2003","TGFBR1"
"ROCK2","WEE1","TGFBR1"
"ROCK2","CDKN1A","TGFBR1"
"ROCK2","GRB10","TGFBR1"
"ROCK2","SH2B2","TGFBR1"
"ROCK2","DCK","TGFBR1"
"ROCK2","GRB14","TGFBR1"
"ROCK2","PRKAR1A","TGFBR1"
"ROCK2","NOTCH2","TGFBR1"
"ROCK2","SYK","RPS6KB1"
"ROCK2","PTEN","RPS6KB1"
"ROCK2","MAPK14","RPS6KB1"
"ROCK2","CSNK1D","RPS6KB1"
"ROCK2","CDK5","RPS6KB1"
"ROCK2","CDC25A","RPS6KB1"
"ROCK2","TYK2","RPS6KB1"
"ROCK2","14/03/2003","RPS6KB1"
"ROCK2","NTRK1","RPS6KB1"
"ROCK2","WEE1","RPS6KB1"
"ROCK2","CDKN1A","RPS6KB1"
"ROCK2","GRB10","RPS6KB1"
"ROCK2","SH2B2","RPS6KB1"
"ROCK2","CLK2","RPS6KB1"
"ROCK2","DCK","RPS6KB1"
"ROCK2","GRB14","RPS6KB1"
"ROCK2","NOTCH2","RPS6KB1"
"ROCK2","SYK","EP300"
"ROCK2","PTEN","EP300"
"ROCK2","CSNK1D","EP300"
"ROCK2","PLK1","EP300"
"ROCK2","CDC25A","EP300"
"ROCK2","TYK2","EP300"
"ROCK2","14/03/2003","EP300"
"ROCK2","ERRFI1","EP300"
"ROCK2","SH2B2","EP300"
"ROCK2","PRKAR1A","EP300"
"ROCK2","NOTCH2","EP300"
"ROCK2","SYK","SP1"
"ROCK2","PTEN","SP1"
"ROCK2","MAPK14","SP1"
"ROCK2","CSNK1D","SP1"
"ROCK2","RPS6KB1","SP1"
"ROCK2","TYK2","SP1"
"ROCK2","WEE1","SP1"
"ROCK2","CDKN1A","SP1"
"ROCK2","GRB10","SP1"
"ROCK2","SH2B2","SP1"
"ROCK2","DCK","SP1"
"ROCK2","GRB14","SP1"
"ROCK2","PRKAR1A","SP1"
"ROCK2","SYK","ABL1"
"ROCK2","PTEN","ABL1"
"ROCK2","PLK1","ABL1"
"ROCK2","RPS6KB1","ABL1"
"ROCK2","mTORC1","ABL1"
"ROCK2","TYK2","ABL1"
"ROCK2","CDKN1A","ABL1"
"ROCK2","CLK2","ABL1"
"ROCK2","PRKAR1A","ABL1"
"ROCK2","NOTCH2","ABL1"
"ROCK2","SYK","CDK2"
"ROCK2","PTEN","CDK2"
"ROCK2","MAPK14","CDK2"
"ROCK2","RPS6KB1","CDK2"
"ROCK2","mTORC1","CDK2"
"ROCK2","STK39","CDK2"
"ROCK2","TYK2","CDK2"
"ROCK2","WEE1","CDK2"
"ROCK2","CDKN1A","CDK2"
"ROCK2","SH2B2","CDK2"
"ROCK2","CLK2","CDK2"
"ROCK2","DCK","CDK2"
"ROCK2","GRB14","CDK2"
"ROCK2","NOTCH2","CDK2"
"ROCK2","CSNK1D","JAK2"
"ROCK2","PLK1","JAK2"
"ROCK2","RPS6KB1","JAK2"
"ROCK2","CDK5","JAK2"
"ROCK2","mTORC1","JAK2"
"ROCK2","MEK1/2","JAK2"
"ROCK2","CLK2","JAK2"
"ROCK2","PTEN","WNK1"
"ROCK2","MAPK14","WNK1"
"ROCK2","PLK1","WNK1"
"ROCK2","RPS6KB1","WNK1"
"ROCK2","NTRK1","WNK1"
"ROCK2","WEE1","WNK1"
"ROCK2","CLK2","WNK1"
"ROCK2","DCK","WNK1"
"ROCK2","NOTCH2","WNK1"
"ROCK2","SYK","DDX5"
"ROCK2","PTEN","DDX5"
"ROCK2","PLK1","DDX5"
"ROCK2","TYK2","DDX5"
"ROCK2","ERRFI1","DDX5"
"ROCK2","WEE1","DDX5"
"ROCK2","CLK2","DDX5"
"ROCK2","PRKAR1A","DDX5"
"ROCK2","NOTCH2","DDX5"
"ROCK2","SYK","SGK1"
"ROCK2","PTEN","SGK1"
"ROCK2","RPS6KB1","SGK1"
"ROCK2","CDC25A","SGK1"
"ROCK2","TYK2","SGK1"
"ROCK2","14/03/2003","SGK1"
"ROCK2","NTRK1","SGK1"
"ROCK2","GRB10","SGK1"
"ROCK2","SH2B2","SGK1"
"ROCK2","CLK2","SGK1"
"ROCK2","DCK","SGK1"
"ROCK2","GRB14","SGK1"
"ROCK2","PRKAR1A","SGK1"
"ROCK2","NOTCH2","SGK1"
"ROCK2","SYK","IGF1R"
"ROCK2","PTEN","IGF1R"
"ROCK2","MTOR","IGF1R"
"ROCK2","PLK1","IGF1R"
"ROCK2","mTORC1","IGF1R"
"ROCK2","MEK1/2","IGF1R"
"ROCK2","14/03/2003","IGF1R"
"ROCK2","GRB10","IGF1R"
"ROCK2","CLK2","IGF1R"
"ROCK2","PRKAR1A","IGF1R"
"ROCK2","NOTCH2","IGF1R"
"ROCK2","SYK","MAP2K1"
"ROCK2","MTOR","MAP2K1"
"ROCK2","AKT1","MAP2K1"
"ROCK2","MAPK14","MAP2K1"
"ROCK2","PLK1","MAP2K1"
"ROCK2","RPS6KB1","MAP2K1"
"ROCK2","CDK5","MAP2K1"
"ROCK2","CDC25A","MAP2K1"
"ROCK2","mTORC1","MAP2K1"
"ROCK2","MEK1/2","MAP2K1"
"ROCK2","14/03/2003","MAP2K1"
"ROCK2","ERRFI1","MAP2K1"
"ROCK2","GRB10","MAP2K1"
"ROCK2","CLK2","MAP2K1"
"ROCK2","GRB14","MAP2K1"
"ROCK2","PTEN","PRKCB"
"ROCK2","MAPK14","PRKCB"
"ROCK2","PLK1","PRKCB"
"ROCK2","RPS6KB1","PRKCB"
"ROCK2","CDC25A","PRKCB"
"ROCK2","mTORC1","PRKCB"
"ROCK2","STK39","PRKCB"
"ROCK2","NTRK1","PRKCB"
"ROCK2","GRB10","PRKCB"
"ROCK2","SH2B2","PRKCB"
"ROCK2","CLK2","PRKCB"
"ROCK2","GRB14","PRKCB"
"ROCK2","PRKAR1A","PRKCB"
"ROCK2","AKT1","INSR"
"ROCK2","CSNK1D","INSR"
"ROCK2","PLK1","INSR"
"ROCK2","STK39","INSR"
"ROCK2","MEK1/2","INSR"
"ROCK2","CLK2","INSR"
"ROCK2","NOTCH2","INSR"
"ROCK2","SYK","EGFR"
"ROCK2","PLK1","EGFR"
"ROCK2","mTORC1","EGFR"
"ROCK2","CLK2","EGFR"
"ROCK2","PRKAR1A","EGFR"
"ROCK2","PTEN","CyclinD/CDK4"
"ROCK2","CSNK1D","CyclinD/CDK4"
"ROCK2","PLK1","CyclinD/CDK4"
"ROCK2","mTORC1","CyclinD/CDK4"
"ROCK2","TYK2","CyclinD/CDK4"
"ROCK2","MEK1/2","CyclinD/CDK4"
"ROCK2","WEE1","CyclinD/CDK4"
"ROCK2","CDKN1A","CyclinD/CDK4"
"ROCK2","CLK2","CyclinD/CDK4"
"ROCK2","DCK","CyclinD/CDK4"
"ROCK2","PRKAR1A","CyclinD/CDK4"
"ROCK2","NOTCH2","CyclinD/CDK4"
"ROCK2","SYK","CDK5"
"ROCK2","PTEN","CDK5"
"ROCK2","PLK1","CDK5"
"ROCK2","RPS6KB1","CDK5"
"ROCK2","mTORC1","CDK5"
"ROCK2","TYK2","CDK5"
"ROCK2","MEK1/2","CDK5"
"ROCK2","CDKN1A","CDK5"
"ROCK2","CLK2","CDK5"
"ROCK2","PRKAR1A","CDK5"
"ROCK2","NOTCH2","CDK5"
"ROCK2","PTEN","MAP3K1"
"ROCK2","MTOR","MAP3K1"
"ROCK2","AKT1","MAP3K1"
"ROCK2","MAPK14","MAP3K1"
"ROCK2","PLK1","MAP3K1"
"ROCK2","RPS6KB1","MAP3K1"
"ROCK2","CDK5","MAP3K1"
"ROCK2","STK39","MAP3K1"
"ROCK2","MEK1/2","MAP3K1"
"ROCK2","14/03/2003","MAP3K1"
"ROCK2","ERRFI1","MAP3K1"
"ROCK2","WEE1","MAP3K1"
"ROCK2","CDKN1A","MAP3K1"
"ROCK2","SH2B2","MAP3K1"
"ROCK2","DCK","MAP3K1"
"ROCK2","GRB14","MAP3K1"
"ROCK2","PRKAR1A","MAP3K1"
"ROCK2","NOTCH2","MAP3K1"
"ROCK2","PTEN","AKT"
"ROCK2","MAPK14","AKT"
"ROCK2","PLK1","AKT"
"ROCK2","RPS6KB1","AKT"
"ROCK2","CyclinE/CDK2","AKT"
"ROCK2","NTRK1","AKT"
"ROCK2","CDKN1A","AKT"
"ROCK2","CLK2","AKT"
"ROCK2","DCK","AKT"
"ROCK2","PRKAR1A","AKT"
"ROCK2","NOTCH2","AKT"
"ROCK2","PTEN","IKBKB"
"ROCK2","MAPK14","IKBKB"
"ROCK2","PLK1","IKBKB"
"ROCK2","14/03/2003","IKBKB"
"ROCK2","NTRK1","IKBKB"
"ROCK2","ERRFI1","IKBKB"
"ROCK2","GRB10","IKBKB"
"ROCK2","GRB14","IKBKB"
"ROCK2","PRKAR1A","IKBKB"
"ROCK2","NOTCH2","IKBKB"
"ROCK2","CSNK1D","WWTR1"
"ROCK2","SYK","TLN1"
"ROCK2","PTEN","TLN1"
"ROCK2","MAPK14","TLN1"
"ROCK2","PLK1","TLN1"
"ROCK2","RPS6KB1","TLN1"
"ROCK2","mTORC1","TLN1"
"ROCK2","STK39","TLN1"
"ROCK2","TYK2","TLN1"
"ROCK2","MEK1/2","TLN1"
"ROCK2","14/03/2003","TLN1"
"ROCK2","ERRFI1","TLN1"
"ROCK2","GRB10","TLN1"
"ROCK2","SH2B2","TLN1"
"ROCK2","CLK2","TLN1"
"ROCK2","GRB14","TLN1"
"ROCK2","PRKAR1A","TLN1"
"ROCK2","NOTCH2","TLN1"
"ROCK2","PTEN","MAP3K4"
"ROCK2","RPS6KB1","MAP3K4"
"ROCK2","CDC25A","MAP3K4"
"ROCK2","TYK2","MAP3K4"
"ROCK2","MEK1/2","MAP3K4"
"ROCK2","ERRFI1","MAP3K4"
"ROCK2","WEE1","MAP3K4"
"ROCK2","CDKN1A","MAP3K4"
"ROCK2","SH2B2","MAP3K4"
"ROCK2","CLK2","MAP3K4"
"ROCK2","DCK","MAP3K4"
"ROCK2","GRB14","MAP3K4"
"ROCK2","PRKAR1A","MAP3K4"
"ROCK2","NOTCH2","MAP3K4"
"ROCK2","MTOR","CDC25A"
"ROCK2","CSNK1D","CDC25A"
"ROCK2","PLK1","CDC25A"
"ROCK2","mTORC1","CDC25A"
"ROCK2","STK39","CDC25A"
"ROCK2","MEK1/2","CDC25A"
"ROCK2","14/03/2003","CDC25A"
"ROCK2","WEE1","CDC25A"
"ROCK2","CDKN1A","CDC25A"
"ROCK2","CLK2","CDC25A"
"ROCK2","DCK","CDC25A"
"ROCK2","PRKAR1A","CDC25A"
"ROCK2","NOTCH2","CDC25A"
"ROCK2","SYK","MUC1"
"ROCK2","PTEN","MUC1"
"ROCK2","PLK1","MUC1"
"ROCK2","RPS6KB1","MUC1"
"ROCK2","CDC25A","MUC1"
"ROCK2","TYK2","MUC1"
"ROCK2","MEK1/2","MUC1"
"ROCK2","14/03/2003","MUC1"
"ROCK2","ERRFI1","MUC1"
"ROCK2","GRB10","MUC1"
"ROCK2","SH2B2","MUC1"
"ROCK2","CLK2","MUC1"
"ROCK2","GRB14","MUC1"
"ROCK2","PRKAR1A","MUC1"
"ROCK2","NOTCH2","MUC1"
"ROCK2","SYK","PXN"
"ROCK2","PTEN","PXN"
"ROCK2","MAPK14","PXN"
"ROCK2","PLK1","PXN"
"ROCK2","mTORC1","PXN"
"ROCK2","STK39","PXN"
"ROCK2","TYK2","PXN"
"ROCK2","MEK1/2","PXN"
"ROCK2","14/03/2003","PXN"
"ROCK2","NTRK1","PXN"
"ROCK2","ERRFI1","PXN"
"ROCK2","WEE1","PXN"
"ROCK2","GRB10","PXN"
"ROCK2","SH2B2","PXN"
"ROCK2","CLK2","PXN"
"ROCK2","GRB14","PXN"
"ROCK2","PRKAR1A","PXN"
"ROCK2","NOTCH2","PXN"
"ROCK2","MTOR","CBP/p300"
"ROCK2","RPS6KB1","CBP/p300"
"ROCK2","mTORC1","CBP/p300"
"ROCK2","TYK2","CBP/p300"
"ROCK2","14/03/2003","CBP/p300"
"ROCK2","ERRFI1","CBP/p300"
"ROCK2","WEE1","CBP/p300"
"ROCK2","CDKN1A","CBP/p300"
"ROCK2","GRB10","CBP/p300"
"ROCK2","CLK2","CBP/p300"
"ROCK2","DCK","CBP/p300"
"ROCK2","GRB14","CBP/p300"
"ROCK2","PRKAR1A","CBP/p300"
"ROCK2","NOTCH2","CBP/p300"
"ROCK2","PTEN","NFATC2"
"ROCK2","PLK1","NFATC2"
"ROCK2","RPS6KB1","NFATC2"
"ROCK2","CDC25A","NFATC2"
"ROCK2","TYK2","NFATC2"
"ROCK2","MEK1/2","NFATC2"
"ROCK2","WEE1","NFATC2"
"ROCK2","CDKN1A","NFATC2"
"ROCK2","DCK","NFATC2"
"ROCK2","PRKAR1A","NFATC2"
"ROCK2","NOTCH2","NFATC2"
"ROCK2","MTOR","IRS1"
"ROCK2","AKT1","IRS1"
"ROCK2","SYK","FBXW7"
"ROCK2","PTEN","FBXW7"
"ROCK2","MAPK14","FBXW7"
"ROCK2","RPS6KB1","FBXW7"
"ROCK2","CDC25A","FBXW7"
"ROCK2","STK39","FBXW7"
"ROCK2","TYK2","FBXW7"
"ROCK2","MEK1/2","FBXW7"
"ROCK2","14/03/2003","FBXW7"
"ROCK2","NTRK1","FBXW7"
"ROCK2","ERRFI1","FBXW7"
"ROCK2","CLK2","FBXW7"
"ROCK2","PRKAR1A","FBXW7"
"ROCK2","NOTCH2","FBXW7"
"ROCK2","SYK","PTK2"
"ROCK2","PTEN","PTK2"
"ROCK2","MAPK14","PTK2"
"ROCK2","PLK1","PTK2"
"ROCK2","RPS6KB1","PTK2"
"ROCK2","mTORC1","PTK2"
"ROCK2","STK39","PTK2"
"ROCK2","TYK2","PTK2"
"ROCK2","MEK1/2","PTK2"
"ROCK2","14/03/2003","PTK2"
"ROCK2","NTRK1","PTK2"
"ROCK2","ERRFI1","PTK2"
"ROCK2","GRB10","PTK2"
"ROCK2","SH2B2","PTK2"
"ROCK2","CLK2","PTK2"
"ROCK2","GRB14","PTK2"
"ROCK2","PRKAR1A","PTK2"
"ROCK2","NOTCH2","PTK2"
"ROCK2","CDKN1A","CyclinE/CDK2"
"ROCK2","PTEN","MARK2"
"ROCK2","PLK1","MARK2"
"ROCK2","mTORC1","MARK2"
"ROCK2","TYK2","MARK2"
"ROCK2","MEK1/2","MARK2"
"ROCK2","ERRFI1","MARK2"
"ROCK2","WEE1","MARK2"
"ROCK2","CDKN1A","MARK2"
"ROCK2","CLK2","MARK2"
"ROCK2","DCK","MARK2"
"ROCK2","NOTCH2","MARK2"
"ROCK2","SYK","RNF111"
"ROCK2","PTEN","RNF111"
"ROCK2","MTOR","RNF111"
"ROCK2","AKT1","RNF111"
"ROCK2","MAPK14","RNF111"
"ROCK2","mTORC1","RNF111"
"ROCK2","STK39","RNF111"
"ROCK2","14/03/2003","RNF111"
"ROCK2","WEE1","RNF111"
"ROCK2","CDKN1A","RNF111"
"ROCK2","GRB10","RNF111"
"ROCK2","SH2B2","RNF111"
"ROCK2","DCK","RNF111"
"ROCK2","NOTCH2","RNF111"
"ROCK2","SYK","mTORC1"
"ROCK2","CSNK1D","mTORC1"
"ROCK2","CDK5","mTORC1"
"ROCK2","STK39","mTORC1"
"ROCK2","MEK1/2","mTORC1"
"ROCK2","14/03/2003","mTORC1"
"ROCK2","GRB10","mTORC1"
"ROCK2","SH2B2","mTORC1"
"ROCK2","GRB14","mTORC1"
"ROCK2","NOTCH2","mTORC1"
"ROCK2","SYK","MECOM"
"ROCK2","AKT1","MECOM"
"ROCK2","CSNK1D","MECOM"
"ROCK2","PLK1","MECOM"
"ROCK2","mTORC1","MECOM"
"ROCK2","STK39","MECOM"
"ROCK2","NTRK1","MECOM"
"ROCK2","ERRFI1","MECOM"
"ROCK2","WEE1","MECOM"
"ROCK2","GRB10","MECOM"
"ROCK2","SH2B2","MECOM"
"ROCK2","CLK2","MECOM"
"ROCK2","DCK","MECOM"
"ROCK2","GRB14","MECOM"
"ROCK2","PRKAR1A","MECOM"
"ROCK2","NOTCH2","MECOM"
"ROCK2","SYK","RNF4"
"ROCK2","AKT1","RNF4"
"ROCK2","PLK1","RNF4"
"ROCK2","CDC25A","RNF4"
"ROCK2","mTORC1","RNF4"
"ROCK2","STK39","RNF4"
"ROCK2","NTRK1","RNF4"
"ROCK2","ERRFI1","RNF4"
"ROCK2","WEE1","RNF4"
"ROCK2","GRB10","RNF4"
"ROCK2","SH2B2","RNF4"
"ROCK2","CLK2","RNF4"
"ROCK2","DCK","RNF4"
"ROCK2","PRKAR1A","RNF4"
"ROCK2","NOTCH2","RNF4"
"ROCK2","SYK","DLX5"
"ROCK2","CSNK1D","DLX5"
"ROCK2","PLK1","DLX5"
"ROCK2","CDK5","DLX5"
"ROCK2","CDC25A","DLX5"
"ROCK2","TYK2","DLX5"
"ROCK2","MEK1/2","DLX5"
"ROCK2","14/03/2003","DLX5"
"ROCK2","ERRFI1","DLX5"
"ROCK2","SH2B2","DLX5"
"ROCK2","CLK2","DLX5"
"ROCK2","PRKAR1A","DLX5"
"ROCK2","SYK","BCL3"
"ROCK2","CSNK1D","BCL3"
"ROCK2","PLK1","BCL3"
"ROCK2","CDK5","BCL3"
"ROCK2","CDC25A","BCL3"
"ROCK2","STK39","BCL3"
"ROCK2","NTRK1","BCL3"
"ROCK2","ERRFI1","BCL3"
"ROCK2","GRB10","BCL3"
"ROCK2","SH2B2","BCL3"
"ROCK2","DCK","BCL3"
"ROCK2","GRB14","BCL3"
"ROCK2","PRKAR1A","BCL3"
"ROCK2","SYK","NEB"
"ROCK2","CSNK1D","NEB"
"ROCK2","PLK1","NEB"
"ROCK2","CDK5","NEB"
"ROCK2","STK39","NEB"
"ROCK2","TYK2","NEB"
"ROCK2","ERRFI1","NEB"
"ROCK2","WEE1","NEB"
"ROCK2","GRB10","NEB"
"ROCK2","SH2B2","NEB"
"ROCK2","CLK2","NEB"
"ROCK2","GRB14","NEB"
"ROCK2","PRKAR1A","NEB"
"ROCK2","SYK","PHLPP1"
"ROCK2","CSNK1D","PHLPP1"
"ROCK2","PLK1","PHLPP1"
"ROCK2","CDK5","PHLPP1"
"ROCK2","STK39","PHLPP1"
"ROCK2","TYK2","PHLPP1"
"ROCK2","ERRFI1","PHLPP1"
"ROCK2","WEE1","PHLPP1"
"ROCK2","SH2B2","PHLPP1"
"ROCK2","CLK2","PHLPP1"
"ROCK2","GRB14","PHLPP1"
"ROCK2","PRKAR1A","PHLPP1"
"ROCK2","CSNK1D","DVL1"
"ROCK2","PLK1","DVL1"
"ROCK2","CDK5","DVL1"
"ROCK2","14/03/2003","DVL1"
"ROCK2","NTRK1","DVL1"
"ROCK2","WEE1","DVL1"
"ROCK2","GRB10","DVL1"
"ROCK2","SH2B2","DVL1"
"ROCK2","DCK","DVL1"
"ROCK2","GRB14","DVL1"
"ROCK2","SYK","MCL1"
"ROCK2","MAPK14","MCL1"
"ROCK2","CSNK1D","MCL1"
"ROCK2","PLK1","MCL1"
"ROCK2","CDK5","MCL1"
"ROCK2","STK39","MCL1"
"ROCK2","MEK1/2","MCL1"
"ROCK2","NTRK1","MCL1"
"ROCK2","SH2B2","MCL1"
"ROCK2","DCK","MCL1"
"ROCK2","GRB14","MCL1"
"ROCK2","NOTCH2","MCL1"
"ROCK2","SYK","GRB2"
"ROCK2","MTOR","GRB2"
"ROCK2","CSNK1D","GRB2"
"ROCK2","PLK1","GRB2"
"ROCK2","CDC25A","GRB2"
"ROCK2","mTORC1","GRB2"
"ROCK2","STK39","GRB2"
"ROCK2","TYK2","GRB2"
"ROCK2","MEK1/2","GRB2"
"ROCK2","NTRK1","GRB2"
"ROCK2","CDKN1A","GRB2"
"ROCK2","GRB10","GRB2"
"ROCK2","SH2B2","GRB2"
"ROCK2","DCK","GRB2"
"ROCK2","SYK","XIAP"
"ROCK2","MAPK14","XIAP"
"ROCK2","PLK1","XIAP"
"ROCK2","RPS6KB1","XIAP"
"ROCK2","CDC25A","XIAP"
"ROCK2","TYK2","XIAP"
"ROCK2","14/03/2003","XIAP"
"ROCK2","ERRFI1","XIAP"
"ROCK2","WEE1","XIAP"
"ROCK2","SH2B2","XIAP"
"ROCK2","CLK2","XIAP"
"ROCK2","PRKAR1A","XIAP"
"ROCK2","MTOR","GFI1"
"ROCK2","TYK2","GFI1"
"ROCK2","MEK1/2","GFI1"
"ROCK2","NTRK1","GFI1"
"ROCK2","ERRFI1","GFI1"
"ROCK2","WEE1","GFI1"
"ROCK2","CDKN1A","GFI1"
"ROCK2","GRB10","GFI1"
"ROCK2","SH2B2","GFI1"
"ROCK2","DCK","GFI1"
"ROCK2","PRKAR1A","GFI1"
"ROCK2","MAPK14","NBR1"
"ROCK2","PLK1","NBR1"
"ROCK2","CDC25A","NBR1"
"ROCK2","mTORC1","NBR1"
"ROCK2","14/03/2003","NBR1"
"ROCK2","NTRK1","NBR1"
"ROCK2","CDKN1A","NBR1"
"ROCK2","GRB10","NBR1"
"ROCK2","SH2B2","NBR1"
"ROCK2","CLK2","NBR1"
"ROCK2","DCK","NBR1"
"ROCK2","PRKAR1A","NBR1"
"ROCK2","AKT1","TP53RK"
"ROCK2","MAPK14","TP53RK"
"ROCK2","PLK1","TP53RK"
"ROCK2","RPS6KB1","TP53RK"
"ROCK2","mTORC1","TP53RK"
"ROCK2","TYK2","TP53RK"
"ROCK2","14/03/2003","TP53RK"
"ROCK2","WEE1","TP53RK"
"ROCK2","CDKN1A","TP53RK"
"ROCK2","DCK","TP53RK"
"ROCK2","GRB14","TP53RK"
"ROCK2","MTOR","STK39"
"ROCK2","AKT1","STK39"
"ROCK2","MAPK14","STK39"
"ROCK2","CSNK1D","STK39"
"ROCK2","CDC25A","STK39"
"ROCK2","mTORC1","STK39"
"ROCK2","14/03/2003","STK39"
"ROCK2","ERRFI1","STK39"
"ROCK2","CDKN1A","STK39"
"ROCK2","GRB10","STK39"
"ROCK2","DCK","STK39"
"ROCK2","PRKAR1A","STK39"
"ROCK2","MTOR","CAMKK2"
"ROCK2","MAPK14","CAMKK2"
"ROCK2","CSNK1D","CAMKK2"
"ROCK2","PLK1","CAMKK2"
"ROCK2","CDC25A","CAMKK2"
"ROCK2","mTORC1","CAMKK2"
"ROCK2","STK39","CAMKK2"
"ROCK2","TYK2","CAMKK2"
"ROCK2","14/03/2003","CAMKK2"
"ROCK2","CDKN1A","CAMKK2"
"ROCK2","GRB10","CAMKK2"
"ROCK2","CLK2","CAMKK2"
"ROCK2","PRKAR1A","CAMKK2"
"ROCK2","AKT1","NTRK2"
"ROCK2","MAPK14","NTRK2"
"ROCK2","PLK1","NTRK2"
"ROCK2","TYK2","NTRK2"
"ROCK2","CDKN1A","NTRK2"
"ROCK2","CLK2","NTRK2"
"ROCK2","DCK","NTRK2"
"ROCK2","PRKAR1A","NTRK2"
"ROCK2","AKT1","PTK6"
"ROCK2","MAPK14","PTK6"
"ROCK2","PLK1","PTK6"
"ROCK2","RPS6KB1","PTK6"
"ROCK2","CDK5","PTK6"
"ROCK2","TYK2","PTK6"
"ROCK2","ERRFI1","PTK6"
"ROCK2","WEE1","PTK6"
"ROCK2","CDKN1A","PTK6"
"ROCK2","DCK","PTK6"
"ROCK2","PRKAR1A","PTK6"
"ROCK2","NOTCH2","PTK6"
"ROCK2","SYK","DVL2"
"ROCK2","PTEN","DVL2"
"ROCK2","AKT1","DVL2"
"ROCK2","RPS6KB1","DVL2"
"ROCK2","CDK5","DVL2"
"ROCK2","14/03/2003","DVL2"
"ROCK2","NTRK1","DVL2"
"ROCK2","ERRFI1","DVL2"
"ROCK2","WEE1","DVL2"
"ROCK2","CDKN1A","DVL2"
"ROCK2","GRB10","DVL2"
"ROCK2","SH2B2","DVL2"
"ROCK2","CLK2","DVL2"
"ROCK2","DCK","DVL2"
"ROCK2","PRKAR1A","DVL2"
"ROCK2","NOTCH2","DVL2"
"ROCK2","MTOR","CCND1"
"ROCK2","PLK1","CCND1"
"ROCK2","CDC25A","CCND1"
"ROCK2","mTORC1","CCND1"
"ROCK2","STK39","CCND1"
"ROCK2","ERRFI1","CCND1"
"ROCK2","CDKN1A","CCND1"
"ROCK2","GRB10","CCND1"
"ROCK2","CLK2","CCND1"
"ROCK2","DCK","CCND1"
"ROCK2","GRB14","CCND1"
"ROCK2","MTOR","MET"
"ROCK2","AKT1","MET"
"ROCK2","CSNK1D","MET"
"ROCK2","PLK1","MET"
"ROCK2","TYK2","MET"
"ROCK2","CDKN1A","MET"
"ROCK2","GRB14","MET"
"ROCK2","PRKAR1A","MET"
"ROCK2","SYK","SPART"
"ROCK2","MTOR","SPART"
"ROCK2","MAPK14","SPART"
"ROCK2","PLK1","SPART"
"ROCK2","CDK5","SPART"
"ROCK2","STK39","SPART"
"ROCK2","TYK2","SPART"
"ROCK2","MEK1/2","SPART"
"ROCK2","14/03/2003","SPART"
"ROCK2","NTRK1","SPART"
"ROCK2","WEE1","SPART"
"ROCK2","CDKN1A","SPART"
"ROCK2","GRB10","SPART"
"ROCK2","DCK","SPART"
"ROCK2","AKT1","TYK2"
"ROCK2","MAPK14","TYK2"
"ROCK2","PLK1","TYK2"
"ROCK2","CDKN1A","TYK2"
"ROCK2","GRB14","TYK2"
"ROCK2","PRKAR1A","TYK2"
"ROCK2","AKT1","CREBBP"
"ROCK2","CSNK1D","CREBBP"
"ROCK2","RPS6KB1","CREBBP"
"ROCK2","CDC25A","CREBBP"
"ROCK2","TYK2","CREBBP"
"ROCK2","14/03/2003","CREBBP"
"ROCK2","NTRK1","CREBBP"
"ROCK2","WEE1","CREBBP"
"ROCK2","CDKN1A","CREBBP"
"ROCK2","GRB10","CREBBP"
"ROCK2","SH2B2","CREBBP"
"ROCK2","CLK2","CREBBP"
"ROCK2","DCK","CREBBP"
"ROCK2","PRKAR1A","CREBBP"
"ROCK2","NOTCH2","CREBBP"
"ROCK2","PTEN","MEK1/2"
"ROCK2","AKT1","MEK1/2"
"ROCK2","MAPK14","MEK1/2"
"ROCK2","CSNK1D","MEK1/2"
"ROCK2","PLK1","MEK1/2"
"ROCK2","RPS6KB1","MEK1/2"
"ROCK2","CDK5","MEK1/2"
"ROCK2","TYK2","MEK1/2"
"ROCK2","ERRFI1","MEK1/2"
"ROCK2","WEE1","MEK1/2"
"ROCK2","CDKN1A","MEK1/2"
"ROCK2","SH2B2","MEK1/2"
"ROCK2","PRKAR1A","MEK1/2"
"ROCK2","AKT1","STK38"
"ROCK2","PLK1","STK38"
"ROCK2","CDC25A","STK38"
"ROCK2","mTORC1","STK38"
"ROCK2","TYK2","STK38"
"ROCK2","MEK1/2","STK38"
"ROCK2","WEE1","STK38"
"ROCK2","CDKN1A","STK38"
"ROCK2","DCK","STK38"
"ROCK2","PRKAR1A","STK38"
"ROCK2","MTOR","TLK1"
"ROCK2","MAPK14","TLK1"
"ROCK2","CSNK1D","TLK1"
"ROCK2","PLK1","TLK1"
"ROCK2","RPS6KB1","TLK1"
"ROCK2","mTORC1","TLK1"
"ROCK2","STK39","TLK1"
"ROCK2","TYK2","TLK1"
"ROCK2","WEE1","TLK1"
"ROCK2","CDKN1A","TLK1"
"ROCK2","SH2B2","TLK1"
"ROCK2","CLK2","TLK1"
"ROCK2","DCK","TLK1"
"ROCK2","PRKAR1A","TLK1"
"ROCK2","NOTCH2","TLK1"
"ROCK2","SYK","PI3K"
"ROCK2","AKT1","PI3K"
"ROCK2","PLK1","PI3K"
"ROCK2","mTORC1","PI3K"
"ROCK2","MEK1/2","PI3K"
"ROCK2","WEE1","PI3K"
"ROCK2","CDKN1A","PI3K"
"ROCK2","SH2B2","PI3K"
"ROCK2","PRKAR1A","PI3K"
"ROCK2","SYK","14/03/2003"
"ROCK2","MAPK14","14/03/2003"
"ROCK2","RPS6KB1","14/03/2003"
"ROCK2","mTORC1","14/03/2003"
"ROCK2","ERRFI1","14/03/2003"
"ROCK2","WEE1","14/03/2003"
"ROCK2","CDKN1A","14/03/2003"
"ROCK2","SH2B2","14/03/2003"
"ROCK2","CLK2","14/03/2003"
"ROCK2","DCK","14/03/2003"
"ROCK2","GRB14","14/03/2003"
"ROCK2","NOTCH2","14/03/2003"
"ROCK2","PTEN","RET"
"ROCK2","MTOR","RET"
"ROCK2","PLK1","RET"
"ROCK2","RPS6KB1","RET"
"ROCK2","CDK5","RET"
"ROCK2","CDC25A","RET"
"ROCK2","mTORC1","RET"
"ROCK2","STK39","RET"
"ROCK2","TYK2","RET"
"ROCK2","NTRK1","RET"
"ROCK2","ERRFI1","RET"
"ROCK2","WEE1","RET"
"ROCK2","GRB10","RET"
"ROCK2","CLK2","RET"
"ROCK2","MTOR","CTBP1"
"ROCK2","CSNK1D","CTBP1"
"ROCK2","PLK1","CTBP1"
"ROCK2","CDK5","CTBP1"
"ROCK2","STK39","CTBP1"
"ROCK2","MEK1/2","CTBP1"
"ROCK2","ERRFI1","CTBP1"
"ROCK2","CDKN1A","CTBP1"
"ROCK2","GRB10","CTBP1"
"ROCK2","SH2B2","CTBP1"
"ROCK2","CLK2","CTBP1"
"ROCK2","GRB14","CTBP1"
"ROCK2","MTOR","ANKRD28"
"ROCK2","AKT1","ANKRD28"
"ROCK2","CSNK1D","ANKRD28"
"ROCK2","PLK1","ANKRD28"
"ROCK2","CDK5","ANKRD28"
"ROCK2","mTORC1","ANKRD28"
"ROCK2","TYK2","ANKRD28"
"ROCK2","WEE1","ANKRD28"
"ROCK2","CDKN1A","ANKRD28"
"ROCK2","GRB10","ANKRD28"
"ROCK2","SH2B2","ANKRD28"
"ROCK2","CLK2","ANKRD28"
"ROCK2","GRB14","ANKRD28"
"ROCK2","MTOR","IKK-complex"
"ROCK2","AKT1","IKK-complex"
"ROCK2","CSNK1D","IKK-complex"
"ROCK2","CDK5","IKK-complex"
"ROCK2","CDC25A","IKK-complex"
"ROCK2","STK39","IKK-complex"
"ROCK2","TYK2","IKK-complex"
"ROCK2","SH2B2","IKK-complex"
"ROCK2","CLK2","IKK-complex"
"ROCK2","GRB14","IKK-complex"
"ROCK2","NOTCH2","IKK-complex"
"ROCK2","PTEN","SHC1"
"ROCK2","MTOR","SHC1"
"ROCK2","CSNK1D","SHC1"
"ROCK2","PLK1","SHC1"
"ROCK2","RPS6KB1","SHC1"
"ROCK2","CDK5","SHC1"
"ROCK2","mTORC1","SHC1"
"ROCK2","TYK2","SHC1"
"ROCK2","NTRK1","SHC1"
"ROCK2","ERRFI1","SHC1"
"ROCK2","GRB10","SHC1"
"ROCK2","SH2B2","SHC1"
"ROCK2","CLK2","SHC1"
"ROCK2","GRB14","SHC1"
"ROCK2","MTOR","NTRK1"
"ROCK2","AKT1","NTRK1"
"ROCK2","MAPK14","NTRK1"
"ROCK2","CSNK1D","NTRK1"
"ROCK2","WEE1","NTRK1"
"ROCK2","CLK2","NTRK1"
"ROCK2","GRB14","NTRK1"
"ROCK2","MTOR","GPSM3"
"ROCK2","AKT1","GPSM3"
"ROCK2","CSNK1D","GPSM3"
"ROCK2","PLK1","GPSM3"
"ROCK2","CDK5","GPSM3"
"ROCK2","MEK1/2","GPSM3"
"ROCK2","WEE1","GPSM3"
"ROCK2","CDKN1A","GPSM3"
"ROCK2","SH2B2","GPSM3"
"ROCK2","CLK2","GPSM3"
"ROCK2","DCK","GPSM3"
"ROCK2","GRB14","GPSM3"
"ROCK2","SYK","CCNO"
"ROCK2","AKT1","CCNO"
"ROCK2","PLK1","CCNO"
"ROCK2","RPS6KB1","CCNO"
"ROCK2","CDK5","CCNO"
"ROCK2","TYK2","CCNO"
"ROCK2","MEK1/2","CCNO"
"ROCK2","14/03/2003","CCNO"
"ROCK2","ERRFI1","CCNO"
"ROCK2","WEE1","CCNO"
"ROCK2","CDKN1A","CCNO"
"ROCK2","GRB10","CCNO"
"ROCK2","SH2B2","CCNO"
"ROCK2","CLK2","CCNO"
"ROCK2","GRB14","CCNO"
"ROCK2","MTOR","GATA1"
"ROCK2","AKT1","GATA1"
"ROCK2","STK39","GATA1"
"ROCK2","MEK1/2","GATA1"
"ROCK2","WEE1","GATA1"
"ROCK2","SH2B2","GATA1"
"ROCK2","CLK2","GATA1"
"ROCK2","GRB14","GATA1"
"ROCK2","PTEN","SMAD3/SMAD4"
"ROCK2","MTOR","SMAD3/SMAD4"
"ROCK2","AKT1","SMAD3/SMAD4"
"ROCK2","CSNK1D","SMAD3/SMAD4"
"ROCK2","mTORC1","SMAD3/SMAD4"
"ROCK2","ERRFI1","SMAD3/SMAD4"
"ROCK2","WEE1","SMAD3/SMAD4"
"ROCK2","GRB10","SMAD3/SMAD4"
"ROCK2","SH2B2","SMAD3/SMAD4"
"ROCK2","CLK2","SMAD3/SMAD4"
"ROCK2","DCK","SMAD3/SMAD4"
"ROCK2","GRB14","SMAD3/SMAD4"
"ROCK2","PRKAR1A","SMAD3/SMAD4"
"ROCK2","NOTCH2","SMAD3/SMAD4"
"ROCK2","AKT1","AXIN1"
"ROCK2","MAPK14","AXIN1"
"ROCK2","CDC25A","AXIN1"
"ROCK2","TYK2","AXIN1"
"ROCK2","MEK1/2","AXIN1"
"ROCK2","NTRK1","AXIN1"
"ROCK2","SH2B2","AXIN1"
"ROCK2","CLK2","AXIN1"
"ROCK2","NOTCH2","AXIN1"
"ROCK2","SYK","RELA"
"ROCK2","PTEN","RELA"
"ROCK2","MTOR","RELA"
"ROCK2","AKT1","RELA"
"ROCK2","CSNK1D","RELA"
"ROCK2","PLK1","RELA"
"ROCK2","RPS6KB1","RELA"
"ROCK2","CDC25A","RELA"
"ROCK2","mTORC1","RELA"
"ROCK2","TYK2","RELA"
"ROCK2","MEK1/2","RELA"
"ROCK2","14/03/2003","RELA"
"ROCK2","NTRK1","RELA"
"ROCK2","ERRFI1","RELA"
"ROCK2","WEE1","RELA"
"ROCK2","CDKN1A","RELA"
"ROCK2","GRB10","RELA"
"ROCK2","SH2B2","RELA"
"ROCK2","NOTCH2","RELA"
"ROCK2","SYK","UVRAG"
"ROCK2","PTEN","UVRAG"
"ROCK2","CSNK1D","UVRAG"
"ROCK2","PLK1","UVRAG"
"ROCK2","CDK5","UVRAG"
"ROCK2","mTORC1","UVRAG"
"ROCK2","STK39","UVRAG"
"ROCK2","SH2B2","UVRAG"
"ROCK2","GRB14","UVRAG"
"ROCK2","PRKAR1A","UVRAG"
"ROCK2","MTOR","TP53"
"ROCK2","MAPK14","TP53"
"ROCK2","CSNK1D","TP53"
"ROCK2","RPS6KB1","TP53"
"ROCK2","CDC25A","TP53"
"ROCK2","STK39","TP53"
"ROCK2","TYK2","TP53"
"ROCK2","MEK1/2","TP53"
"ROCK2","14/03/2003","TP53"
"ROCK2","ERRFI1","TP53"
"ROCK2","WEE1","TP53"
"ROCK2","SH2B2","TP53"
"ROCK2","PTEN","DIABLO"
"ROCK2","MAPK14","DIABLO"
"ROCK2","CSNK1D","DIABLO"
"ROCK2","RPS6KB1","DIABLO"
"ROCK2","mTORC1","DIABLO"
"ROCK2","STK39","DIABLO"
"ROCK2","NTRK1","DIABLO"
"ROCK2","CDKN1A","DIABLO"
"ROCK2","SH2B2","DIABLO"
"ROCK2","GRB14","DIABLO"
"ROCK2","NOTCH2","DIABLO"
"ROCK2","CSNK1D","MAP3K8"
"ROCK2","CDK5","MAP3K8"
"ROCK2","mTORC1","MAP3K8"
"ROCK2","14/03/2003","MAP3K8"
"ROCK2","NTRK1","MAP3K8"
"ROCK2","CDKN1A","MAP3K8"
"ROCK2","PRKAR1A","MAP3K8"
"ROCK2","NOTCH2","MAP3K8"
"ROCK2","SYK","?ñ-Catenin"
"ROCK2","PTEN","?ñ-Catenin"
"ROCK2","MTOR","?ñ-Catenin"
"ROCK2","AKT1","?ñ-Catenin"
"ROCK2","PLK1","?ñ-Catenin"
"ROCK2","RPS6KB1","?ñ-Catenin"
"ROCK2","CDK5","?ñ-Catenin"
"ROCK2","CDC25A","?ñ-Catenin"
"ROCK2","MEK1/2","?ñ-Catenin"
"ROCK2","ERRFI1","?ñ-Catenin"
"ROCK2","WEE1","?ñ-Catenin"
"ROCK2","SH2B2","?ñ-Catenin"
"ROCK2","AKT1","UBTF"
"ROCK2","PLK1","UBTF"
"ROCK2","mTORC1","UBTF"
"ROCK2","STK39","UBTF"
"ROCK2","MEK1/2","UBTF"
"ROCK2","14/03/2003","UBTF"
"ROCK2","NTRK1","UBTF"
"ROCK2","CDKN1A","UBTF"
"ROCK2","SH2B2","UBTF"
"ROCK2","PRKAR1A","UBTF"
"ROCK2","NOTCH2","UBTF"
"ROCK2","SYK","MAPK15"
"ROCK2","MTOR","MAPK15"
"ROCK2","14/03/2003","MAPK15"
"ROCK2","WEE1","MAPK15"
"ROCK2","CDKN1A","MAPK15"
"ROCK2","GRB10","MAPK15"
"ROCK2","SH2B2","MAPK15"
"ROCK2","GRB14","MAPK15"
"ROCK2","SYK","SKP2"
"ROCK2","MAPK14","SKP2"
"ROCK2","CSNK1D","SKP2"
"ROCK2","mTORC1","SKP2"
"ROCK2","STK39","SKP2"
"ROCK2","MEK1/2","SKP2"
"ROCK2","14/03/2003","SKP2"
"ROCK2","NTRK1","SKP2"
"ROCK2","ERRFI1","SKP2"
"ROCK2","WEE1","SKP2"
"ROCK2","CDKN1A","SKP2"
"ROCK2","SH2B2","SKP2"
"ROCK2","NOTCH2","SKP2"
"ROCK2","SYK","MAML1"
"ROCK2","MTOR","MAML1"
"ROCK2","CSNK1D","MAML1"
"ROCK2","PLK1","MAML1"
"ROCK2","mTORC1","MAML1"
"ROCK2","STK39","MAML1"
"ROCK2","MEK1/2","MAML1"
"ROCK2","14/03/2003","MAML1"
"ROCK2","NTRK1","MAML1"
"ROCK2","WEE1","MAML1"
"ROCK2","CDKN1A","MAML1"
"ROCK2","PRKAR1A","MAML1"
"ROCK2","PTEN","RXRA"
"ROCK2","AKT1","RXRA"
"ROCK2","PLK1","RXRA"
"ROCK2","CDK5","RXRA"
"ROCK2","mTORC1","RXRA"
"ROCK2","STK39","RXRA"
"ROCK2","MEK1/2","RXRA"
"ROCK2","NTRK1","RXRA"
"ROCK2","ERRFI1","RXRA"
"ROCK2","CDKN1A","RXRA"
"ROCK2","GRB10","RXRA"
"ROCK2","SH2B2","RXRA"
"ROCK2","CLK2","RXRA"
"ROCK2","DCK","RXRA"
"ROCK2","NOTCH2","RXRA"
"ROCK2","PTEN","ERRFI1"
"ROCK2","AKT1","ERRFI1"
"ROCK2","MAPK14","ERRFI1"
"ROCK2","CSNK1D","ERRFI1"
"ROCK2","PLK1","ERRFI1"
"ROCK2","RPS6KB1","ERRFI1"
"ROCK2","MEK1/2","ERRFI1"
"ROCK2","WEE1","ERRFI1"
"ROCK2","CDKN1A","ERRFI1"
"ROCK2","DCK","ERRFI1"
"ROCK2","PRKAR1A","ERRFI1"
"ROCK2","NOTCH2","ERRFI1"
"ROCK2","SYK","PGR"
"ROCK2","PTEN","PGR"
"ROCK2","PLK1","PGR"
"ROCK2","RPS6KB1","PGR"
"ROCK2","CDK5","PGR"
"ROCK2","MEK1/2","PGR"
"ROCK2","14/03/2003","PGR"
"ROCK2","WEE1","PGR"
"ROCK2","CDKN1A","PGR"
"ROCK2","SH2B2","PGR"
"ROCK2","NOTCH2","PGR"
"ROCK2","SYK","EPHA3"
"ROCK2","MTOR","EPHA3"
"ROCK2","14/03/2003","EPHA3"
"ROCK2","WEE1","EPHA3"
"ROCK2","CDKN1A","EPHA3"
"ROCK2","GRB14","EPHA3"
"ROCK2","PRKAR1A","EPHA3"
"ROCK2","SYK","CDC25C"
"ROCK2","MAPK14","CDC25C"
"ROCK2","mTORC1","CDC25C"
"ROCK2","STK39","CDC25C"
"ROCK2","MEK1/2","CDC25C"
"ROCK2","NTRK1","CDC25C"
"ROCK2","ERRFI1","CDC25C"
"ROCK2","SH2B2","CDC25C"
"ROCK2","GRB14","CDC25C"
"ROCK2","NOTCH2","CDC25C"
"ROCK2","SYK","VCP"
"ROCK2","MTOR","VCP"
"ROCK2","AKT1","VCP"
"ROCK2","MAPK14","VCP"
"ROCK2","PLK1","VCP"
"ROCK2","CDK5","VCP"
"ROCK2","MEK1/2","VCP"
"ROCK2","14/03/2003","VCP"
"ROCK2","CDKN1A","VCP"
"ROCK2","SH2B2","VCP"
"ROCK2","PRKAR1A","VCP"
"ROCK2","NOTCH2","VCP"
"ROCK2","SYK","LEF1"
"ROCK2","PTEN","LEF1"
"ROCK2","CSNK1D","LEF1"
"ROCK2","PLK1","LEF1"
"ROCK2","RPS6KB1","LEF1"
"ROCK2","CDK5","LEF1"
"ROCK2","mTORC1","LEF1"
"ROCK2","STK39","LEF1"
"ROCK2","MEK1/2","LEF1"
"ROCK2","NTRK1","LEF1"
"ROCK2","ERRFI1","LEF1"
"ROCK2","WEE1","LEF1"
"ROCK2","CDKN1A","LEF1"
"ROCK2","GRB10","LEF1"
"ROCK2","SH2B2","LEF1"
"ROCK2","GRB14","LEF1"
"ROCK2","SYK","DLG1"
"ROCK2","MAPK14","DLG1"
"ROCK2","CSNK1D","DLG1"
"ROCK2","CDC25A","DLG1"
"ROCK2","mTORC1","DLG1"
"ROCK2","STK39","DLG1"
"ROCK2","MEK1/2","DLG1"
"ROCK2","14/03/2003","DLG1"
"ROCK2","NTRK1","DLG1"
"ROCK2","ERRFI1","DLG1"
"ROCK2","WEE1","DLG1"
"ROCK2","CDKN1A","DLG1"
"ROCK2","GRB10","DLG1"
"ROCK2","SH2B2","DLG1"
"ROCK2","GRB14","DLG1"
"ROCK2","PRKAR1A","DLG1"
"ROCK2","NOTCH2","DLG1"
"ROCK2","SYK","SMAD2"
"ROCK2","MTOR","SMAD2"
"ROCK2","CSNK1D","SMAD2"
"ROCK2","RPS6KB1","SMAD2"
"ROCK2","CDC25A","SMAD2"
"ROCK2","TYK2","SMAD2"
"ROCK2","MEK1/2","SMAD2"
"ROCK2","14/03/2003","SMAD2"
"ROCK2","ERRFI1","SMAD2"
"ROCK2","WEE1","SMAD2"
"ROCK2","SH2B2","SMAD2"
"ROCK2","GRB14","SMAD2"
"ROCK2","NOTCH2","SMAD2"
"ROCK2","SYK","NUAK1"
"ROCK2","AKT1","NUAK1"
"ROCK2","PLK1","NUAK1"
"ROCK2","CDK5","NUAK1"
"ROCK2","STK39","NUAK1"
"ROCK2","14/03/2003","NUAK1"
"ROCK2","NTRK1","NUAK1"
"ROCK2","WEE1","NUAK1"
"ROCK2","CDKN1A","NUAK1"
"ROCK2","SH2B2","NUAK1"
"ROCK2","PRKAR1A","NUAK1"
"ROCK2","NOTCH2","NUAK1"
"ROCK2","PTEN","DVL3"
"ROCK2","AKT1","DVL3"
"ROCK2","PLK1","DVL3"
"ROCK2","mTORC1","DVL3"
"ROCK2","STK39","DVL3"
"ROCK2","14/03/2003","DVL3"
"ROCK2","NTRK1","DVL3"
"ROCK2","CDKN1A","DVL3"
"ROCK2","GRB10","DVL3"
"ROCK2","SH2B2","DVL3"
"ROCK2","GRB14","DVL3"
"ROCK2","SYK","CDC25B"
"ROCK2","PTEN","CDC25B"
"ROCK2","RPS6KB1","CDC25B"
"ROCK2","mTORC1","CDC25B"
"ROCK2","STK39","CDC25B"
"ROCK2","TYK2","CDC25B"
"ROCK2","MEK1/2","CDC25B"
"ROCK2","14/03/2003","CDC25B"
"ROCK2","NTRK1","CDC25B"
"ROCK2","WEE1","CDC25B"
"ROCK2","CDKN1A","CDC25B"
"ROCK2","NOTCH2","CDC25B"
"ROCK2","SYK","KDR"
"ROCK2","PTEN","KDR"
"ROCK2","MTOR","KDR"
"ROCK2","PLK1","KDR"
"ROCK2","CDK5","KDR"
"ROCK2","14/03/2003","KDR"
"ROCK2","CDKN1A","KDR"
"ROCK2","SH2B2","KDR"
"ROCK2","PRKAR1A","KDR"
"ROCK2","NOTCH2","KDR"
"ROCK2","MTOR","MALT1"
"ROCK2","CDK5","MALT1"
"ROCK2","CDC25A","MALT1"
"ROCK2","STK39","MALT1"
"ROCK2","MEK1/2","MALT1"
"ROCK2","14/03/2003","MALT1"
"ROCK2","ERRFI1","MALT1"
"ROCK2","WEE1","MALT1"
"ROCK2","CDKN1A","MALT1"
"ROCK2","GRB10","MALT1"
"ROCK2","SH2B2","MALT1"
"ROCK2","DCK","MALT1"
"ROCK2","GRB14","MALT1"
"ROCK2","SYK","SPI1"
"ROCK2","AKT1","SPI1"
"ROCK2","MAPK14","SPI1"
"ROCK2","CSNK1D","SPI1"
"ROCK2","CDK5","SPI1"
"ROCK2","CDC25A","SPI1"
"ROCK2","mTORC1","SPI1"
"ROCK2","STK39","SPI1"
"ROCK2","TYK2","SPI1"
"ROCK2","MEK1/2","SPI1"
"ROCK2","14/03/2003","SPI1"
"ROCK2","ERRFI1","SPI1"
"ROCK2","GRB10","SPI1"
"ROCK2","GRB14","SPI1"
"ROCK2","PRKAR1A","SPI1"
"ROCK2","CSNK1D","P300/PCAF"
"ROCK2","RPS6KB1","P300/PCAF"
"ROCK2","CDC25A","P300/PCAF"
"ROCK2","MEK1/2","P300/PCAF"
"ROCK2","14/03/2003","P300/PCAF"
"ROCK2","WEE1","P300/PCAF"
"ROCK2","CDKN1A","P300/PCAF"
"ROCK2","GRB10","P300/PCAF"
"ROCK2","DCK","P300/PCAF"
"ROCK2","GRB14","P300/PCAF"
"ROCK2","NOTCH2","P300/PCAF"
"ROCK2","SYK","NOTCH1"
"ROCK2","MTOR","NOTCH1"
"ROCK2","AKT1","NOTCH1"
"ROCK2","PLK1","NOTCH1"
"ROCK2","RPS6KB1","NOTCH1"
"ROCK2","CDK5","NOTCH1"
"ROCK2","ERRFI1","NOTCH1"
"ROCK2","GRB10","NOTCH1"
"ROCK2","DCK","NOTCH1"
"ROCK2","GRB14","NOTCH1"
"ROCK2","PRKAR1A","NOTCH1"
"ROCK2","NOTCH2","NOTCH1"
"ROCK2","MTOR","CELF1"
"ROCK2","AKT1","CELF1"
"ROCK2","CSNK1D","CELF1"
"ROCK2","RPS6KB1","CELF1"
"ROCK2","CDC25A","CELF1"
"ROCK2","mTORC1","CELF1"
"ROCK2","TYK2","CELF1"
"ROCK2","MEK1/2","CELF1"
"ROCK2","14/03/2003","CELF1"
"ROCK2","WEE1","CELF1"
"ROCK2","CDKN1A","CELF1"
"ROCK2","GRB10","CELF1"
"ROCK2","DCK","CELF1"
"ROCK2","NOTCH2","CELF1"
"ROCK2","MTOR","USP37"
"ROCK2","AKT1","USP37"
"ROCK2","MAPK14","USP37"
"ROCK2","CDC25A","USP37"
"ROCK2","mTORC1","USP37"
"ROCK2","TYK2","USP37"
"ROCK2","MEK1/2","USP37"
"ROCK2","14/03/2003","USP37"
"ROCK2","NTRK1","USP37"
"ROCK2","ERRFI1","USP37"
"ROCK2","WEE1","USP37"
"ROCK2","GRB10","USP37"
"ROCK2","PRKAR1A","USP37"
"ROCK2","NOTCH2","USP37"
"ROCK2","PTEN","S1PR1"
"ROCK2","RPS6KB1","S1PR1"
"ROCK2","CDC25A","S1PR1"
"ROCK2","MEK1/2","S1PR1"
"ROCK2","14/03/2003","S1PR1"
"ROCK2","NTRK1","S1PR1"
"ROCK2","WEE1","S1PR1"
"ROCK2","CDKN1A","S1PR1"
"ROCK2","GRB10","S1PR1"
"ROCK2","GRB14","S1PR1"
"ROCK2","PRKAR1A","S1PR1"
"ROCK2","NOTCH2","S1PR1"
"ROCK2","SYK","KLF4"
"ROCK2","PTEN","KLF4"
"ROCK2","MAPK14","KLF4"
"ROCK2","CSNK1D","KLF4"
"ROCK2","PLK1","KLF4"
"ROCK2","CDK5","KLF4"
"ROCK2","mTORC1","KLF4"
"ROCK2","TYK2","KLF4"
"ROCK2","14/03/2003","KLF4"
"ROCK2","ERRFI1","KLF4"
"ROCK2","WEE1","KLF4"
"ROCK2","GRB10","KLF4"
"ROCK2","CLK2","KLF4"
"ROCK2","GRB14","KLF4"
"ROCK2","PRKAR1A","KLF4"
"ROCK2","NOTCH2","KLF4"
"ROCK2","SYK","JUN"
"ROCK2","PTEN","JUN"
"ROCK2","MAPK14","JUN"
"ROCK2","CDK5","JUN"
"ROCK2","mTORC1","JUN"
"ROCK2","MEK1/2","JUN"
"ROCK2","ERRFI1","JUN"
"ROCK2","GRB10","JUN"
"ROCK2","SH2B2","JUN"
"ROCK2","DCK","JUN"
"ROCK2","SYK","AMBRA1"
"ROCK2","MTOR","AMBRA1"
"ROCK2","AKT1","AMBRA1"
"ROCK2","CDC25A","AMBRA1"
"ROCK2","mTORC1","AMBRA1"
"ROCK2","MEK1/2","AMBRA1"
"ROCK2","14/03/2003","AMBRA1"
"ROCK2","NTRK1","AMBRA1"
"ROCK2","WEE1","AMBRA1"
"ROCK2","CDKN1A","AMBRA1"
"ROCK2","PRKAR1A","AMBRA1"
"ROCK2","SYK","LAT"
"ROCK2","CSNK1D","LAT"
"ROCK2","MEK1/2","LAT"
"ROCK2","ERRFI1","LAT"
"ROCK2","WEE1","LAT"
"ROCK2","DCK","LAT"
"ROCK2","NOTCH2","LAT"
"ROCK2","PTEN","MYC"
"ROCK2","MAPK14","MYC"
"ROCK2","PLK1","MYC"
"ROCK2","MEK1/2","MYC"
"ROCK2","GRB10","MYC"
"ROCK2","PRKAR1A","MYC"
"ROCK2","NOTCH2","MYC"
"ROCK2","PTEN","TCAP"
"ROCK2","MAPK14","TCAP"
"ROCK2","CSNK1D","TCAP"
"ROCK2","CDC25A","TCAP"
"ROCK2","mTORC1","TCAP"
"ROCK2","MEK1/2","TCAP"
"ROCK2","14/03/2003","TCAP"
"ROCK2","NTRK1","TCAP"
"ROCK2","ERRFI1","TCAP"
"ROCK2","WEE1","TCAP"
"ROCK2","GRB10","TCAP"
"ROCK2","DCK","TCAP"
"ROCK2","PRKAR1A","TCAP"
"ROCK2","NOTCH2","TCAP"
"ROCK2","PTEN","GAB1"
"ROCK2","AKT1","GAB1"
"ROCK2","MAPK14","GAB1"
"ROCK2","PLK1","GAB1"
"ROCK2","RPS6KB1","GAB1"
"ROCK2","CDK5","GAB1"
"ROCK2","STK39","GAB1"
"ROCK2","TYK2","GAB1"
"ROCK2","MEK1/2","GAB1"
"ROCK2","NTRK1","GAB1"
"ROCK2","ERRFI1","GAB1"
"ROCK2","WEE1","GAB1"
"ROCK2","GRB10","GAB1"
"ROCK2","PRKAR1A","GAB1"
"ROCK2","NOTCH2","GAB1"
"ROCK2","PTEN","HJURP"
"ROCK2","MTOR","HJURP"
"ROCK2","AKT1","HJURP"
"ROCK2","RPS6KB1","HJURP"
"ROCK2","CDC25A","HJURP"
"ROCK2","mTORC1","HJURP"
"ROCK2","MEK1/2","HJURP"
"ROCK2","14/03/2003","HJURP"
"ROCK2","NTRK1","HJURP"
"ROCK2","WEE1","HJURP"
"ROCK2","GRB10","HJURP"
"ROCK2","PRKAR1A","HJURP"
"ROCK2","NOTCH2","HJURP"
"ROCK2","MTOR","Cullin 3-RBX1-Skp1"
"ROCK2","PLK1","Cullin 3-RBX1-Skp1"
"ROCK2","CDC25A","Cullin 3-RBX1-Skp1"
"ROCK2","TYK2","Cullin 3-RBX1-Skp1"
"ROCK2","MEK1/2","Cullin 3-RBX1-Skp1"
"ROCK2","ERRFI1","Cullin 3-RBX1-Skp1"
"ROCK2","WEE1","Cullin 3-RBX1-Skp1"
"ROCK2","CDKN1A","Cullin 3-RBX1-Skp1"
"ROCK2","GRB14","Cullin 3-RBX1-Skp1"
"ROCK2","SYK","ESR1"
"ROCK2","AKT1","ESR1"
"ROCK2","CSNK1D","ESR1"
"ROCK2","RPS6KB1","ESR1"
"ROCK2","CDK5","ESR1"
"ROCK2","CDC25A","ESR1"
"ROCK2","STK39","ESR1"
"ROCK2","TYK2","ESR1"
"ROCK2","MEK1/2","ESR1"
"ROCK2","14/03/2003","ESR1"
"ROCK2","DCK","ESR1"
"ROCK2","GRB14","ESR1"
"ROCK2","SYK","WEE1"
"ROCK2","PTEN","WEE1"
"ROCK2","AKT1","WEE1"
"ROCK2","MAPK14","WEE1"
"ROCK2","CSNK1D","WEE1"
"ROCK2","PLK1","WEE1"
"ROCK2","RPS6KB1","WEE1"
"ROCK2","CDC25A","WEE1"
"ROCK2","mTORC1","WEE1"
"ROCK2","STK39","WEE1"
"ROCK2","14/03/2003","WEE1"
"ROCK2","CDKN1A","WEE1"
"ROCK2","SH2B2","WEE1"
"ROCK2","DCK","WEE1"
"ROCK2","GRB14","WEE1"
"ROCK2","NOTCH2","WEE1"
"ROCK2","SYK","TMIGD2"
"ROCK2","PTEN","TMIGD2"
"ROCK2","PLK1","TMIGD2"
"ROCK2","CDK5","TMIGD2"
"ROCK2","TYK2","TMIGD2"
"ROCK2","MEK1/2","TMIGD2"
"ROCK2","ERRFI1","TMIGD2"
"ROCK2","GRB10","TMIGD2"
"ROCK2","SH2B2","TMIGD2"
"ROCK2","CSNK1D","BAK1"
"ROCK2","PLK1","BAK1"
"ROCK2","CDK5","BAK1"
"ROCK2","CDC25A","BAK1"
"ROCK2","mTORC1","BAK1"
"ROCK2","TYK2","BAK1"
"ROCK2","MEK1/2","BAK1"
"ROCK2","ERRFI1","BAK1"
"ROCK2","CDKN1A","BAK1"
"ROCK2","GRB14","BAK1"
"ROCK2","PRKAR1A","BAK1"
"ROCK2","AKT1","OXSR1"
"ROCK2","CSNK1D","OXSR1"
"ROCK2","PLK1","OXSR1"
"ROCK2","RPS6KB1","OXSR1"
"ROCK2","STK39","OXSR1"
"ROCK2","NTRK1","OXSR1"
"ROCK2","ERRFI1","OXSR1"
"ROCK2","WEE1","OXSR1"
"ROCK2","SH2B2","OXSR1"
"ROCK2","CLK2","OXSR1"
"ROCK2","DCK","OXSR1"
"ROCK2","NOTCH2","OXSR1"
"ROCK2","PTEN","SRPK2"
"ROCK2","MTOR","SRPK2"
"ROCK2","MAPK14","SRPK2"
"ROCK2","CSNK1D","SRPK2"
"ROCK2","RPS6KB1","SRPK2"
"ROCK2","CDK5","SRPK2"
"ROCK2","mTORC1","SRPK2"
"ROCK2","STK39","SRPK2"
"ROCK2","TYK2","SRPK2"
"ROCK2","NTRK1","SRPK2"
"ROCK2","WEE1","SRPK2"
"ROCK2","DCK","SRPK2"
"ROCK2","GRB14","SRPK2"
"ROCK2","NOTCH2","SRPK2"
"ROCK2","MTOR","CLASP2"
"ROCK2","AKT1","CLASP2"
"ROCK2","RPS6KB1","CLASP2"
"ROCK2","CDK5","CLASP2"
"ROCK2","STK39","CLASP2"
"ROCK2","TYK2","CLASP2"
"ROCK2","14/03/2003","CLASP2"
"ROCK2","NTRK1","CLASP2"
"ROCK2","WEE1","CLASP2"
"ROCK2","DCK","CLASP2"
"ROCK2","GRB14","CLASP2"
"ROCK2","NOTCH2","CLASP2"
"ROCK2","SYK","CDKN1A"
"ROCK2","MAPK14","CDKN1A"
"ROCK2","CSNK1D","CDKN1A"
"ROCK2","RPS6KB1","CDKN1A"
"ROCK2","CyclinE/CDK2","CDKN1A"
"ROCK2","mTORC1","CDKN1A"
"ROCK2","STK39","CDKN1A"
"ROCK2","TYK2","CDKN1A"
"ROCK2","MEK1/2","CDKN1A"
"ROCK2","14/03/2003","CDKN1A"
"ROCK2","ERRFI1","CDKN1A"
"ROCK2","DCK","CDKN1A"
"ROCK2","GRB14","CDKN1A"
"ROCK2","NOTCH2","CDKN1A"
"ROCK2","MTOR","BCL2L1"
"ROCK2","PLK1","BCL2L1"
"ROCK2","mTORC1","BCL2L1"
"ROCK2","STK39","BCL2L1"
"ROCK2","MEK1/2","BCL2L1"
"ROCK2","14/03/2003","BCL2L1"
"ROCK2","WEE1","BCL2L1"
"ROCK2","DCK","BCL2L1"
"ROCK2","GRB14","BCL2L1"
"ROCK2","SYK","TAX1BP1"
"ROCK2","CSNK1D","TAX1BP1"
"ROCK2","CDK5","TAX1BP1"
"ROCK2","mTORC1","TAX1BP1"
"ROCK2","STK39","TAX1BP1"
"ROCK2","TYK2","TAX1BP1"
"ROCK2","14/03/2003","TAX1BP1"
"ROCK2","NTRK1","TAX1BP1"
"ROCK2","WEE1","TAX1BP1"
"ROCK2","DCK","TAX1BP1"
"ROCK2","GRB14","TAX1BP1"
"ROCK2","SYK","GRIN2C"
"ROCK2","CSNK1D","GRIN2C"
"ROCK2","RPS6KB1","GRIN2C"
"ROCK2","CDK5","GRIN2C"
"ROCK2","STK39","GRIN2C"
"ROCK2","NTRK1","GRIN2C"
"ROCK2","WEE1","GRIN2C"
"ROCK2","SH2B2","GRIN2C"
"ROCK2","CLK2","GRIN2C"
"ROCK2","DCK","GRIN2C"
"ROCK2","GRB14","GRIN2C"
"ROCK2","PRKAR1A","GRIN2C"
"ROCK2","NOTCH2","GRIN2C"
"ROCK2","SYK","CRTC2"
"ROCK2","PTEN","CRTC2"
"ROCK2","MTOR","CRTC2"
"ROCK2","CDK5","CRTC2"
"ROCK2","mTORC1","CRTC2"
"ROCK2","STK39","CRTC2"
"ROCK2","TYK2","CRTC2"
"ROCK2","MEK1/2","CRTC2"
"ROCK2","14/03/2003","CRTC2"
"ROCK2","NTRK1","CRTC2"
"ROCK2","DCK","CRTC2"
"ROCK2","GRB14","CRTC2"
"ROCK2","NOTCH2","CRTC2"
"ROCK2","AKT1","PSEN1"
"ROCK2","PLK1","PSEN1"
"ROCK2","RPS6KB1","PSEN1"
"ROCK2","CDK5","PSEN1"
"ROCK2","mTORC1","PSEN1"
"ROCK2","STK39","PSEN1"
"ROCK2","TYK2","PSEN1"
"ROCK2","MEK1/2","PSEN1"
"ROCK2","14/03/2003","PSEN1"
"ROCK2","NTRK1","PSEN1"
"ROCK2","WEE1","PSEN1"
"ROCK2","DCK","PSEN1"
"ROCK2","GRB14","PSEN1"
"ROCK2","NOTCH2","PSEN1"
"ROCK2","SYK","NCOA3"
"ROCK2","MTOR","NCOA3"
"ROCK2","AKT1","NCOA3"
"ROCK2","PLK1","NCOA3"
"ROCK2","STK39","NCOA3"
"ROCK2","14/03/2003","NCOA3"
"ROCK2","NTRK1","NCOA3"
"ROCK2","WEE1","NCOA3"
"ROCK2","CLK2","NCOA3"
"ROCK2","DCK","NCOA3"
"ROCK2","PRKAR1A","NCOA3"
"ROCK2","SYK","STAT6"
"ROCK2","AKT1","STAT6"
"ROCK2","STK39","STAT6"
"ROCK2","14/03/2003","STAT6"
"ROCK2","NTRK1","STAT6"
"ROCK2","CDKN1A","STAT6"
"ROCK2","GRB14","STAT6"
"ROCK2","PRKAR1A","STAT6"
"ROCK2","AKT1","MAF"
"ROCK2","STK39","EIF2AK3"
"ROCK2","NTRK1","EIF2AK3"
"ROCK2","WEE1","EIF2AK3"
"ROCK2","DCK","EIF2AK3"
"ROCK2","GRB14","EIF2AK3"
"ROCK2","NOTCH2","EIF2AK3"
"ROCK2","MTOR","SNCAIP"
"ROCK2","AKT1","SNCAIP"
"ROCK2","MAPK14","SNCAIP"
"ROCK2","RPS6KB1","SNCAIP"
"ROCK2","CDK5","SNCAIP"
"ROCK2","STK39","SNCAIP"
"ROCK2","TYK2","SNCAIP"
"ROCK2","14/03/2003","SNCAIP"
"ROCK2","NTRK1","SNCAIP"
"ROCK2","ERRFI1","SNCAIP"
"ROCK2","WEE1","SNCAIP"
"ROCK2","SH2B2","SNCAIP"
"ROCK2","CLK2","SNCAIP"
"ROCK2","GRB14","SNCAIP"
"ROCK2","PRKAR1A","SNCAIP"
"ROCK2","NOTCH2","SNCAIP"
"ROCK2","SYK","GNAI1"
"ROCK2","PTEN","GNAI1"
"ROCK2","MTOR","GNAI1"
"ROCK2","MAPK14","GNAI1"
"ROCK2","CSNK1D","GNAI1"
"ROCK2","PLK1","GNAI1"
"ROCK2","RPS6KB1","GNAI1"
"ROCK2","mTORC1","GNAI1"
"ROCK2","STK39","GNAI1"
"ROCK2","TYK2","GNAI1"
"ROCK2","MEK1/2","GNAI1"
"ROCK2","NTRK1","GNAI1"
"ROCK2","ERRFI1","GNAI1"
"ROCK2","WEE1","GNAI1"
"ROCK2","SH2B2","GNAI1"
"ROCK2","GRB14","GNAI1"
"ROCK2","PTEN","NFYA"
"ROCK2","MTOR","NFYA"
"ROCK2","RPS6KB1","NFYA"
"ROCK2","CDK5","NFYA"
"ROCK2","mTORC1","NFYA"
"ROCK2","STK39","NFYA"
"ROCK2","TYK2","NFYA"
"ROCK2","14/03/2003","NFYA"
"ROCK2","NTRK1","NFYA"
"ROCK2","ERRFI1","NFYA"
"ROCK2","WEE1","NFYA"
"ROCK2","CLK2","NFYA"
"ROCK2","DCK","NFYA"
"ROCK2","GRB14","NFYA"
"ROCK2","PRKAR1A","NFYA"
"ROCK2","NOTCH2","NFYA"
"ROCK2","MTOR","BCL2L2"
"ROCK2","PLK1","BCL2L2"
"ROCK2","mTORC1","BCL2L2"
"ROCK2","STK39","BCL2L2"
"ROCK2","MEK1/2","BCL2L2"
"ROCK2","14/03/2003","BCL2L2"
"ROCK2","NTRK1","BCL2L2"
"ROCK2","CDKN1A","BCL2L2"
"ROCK2","GRB10","BCL2L2"
"ROCK2","SH2B2","BCL2L2"
"ROCK2","SYK","TAB1"
"ROCK2","PTEN","TAB1"
"ROCK2","MTOR","TAB1"
"ROCK2","CSNK1D","TAB1"
"ROCK2","PLK1","TAB1"
"ROCK2","CDK5","TAB1"
"ROCK2","mTORC1","TAB1"
"ROCK2","NTRK1","TAB1"
"ROCK2","CDKN1A","TAB1"
"ROCK2","DCK","TAB1"
"ROCK2","GRB14","TAB1"
"ROCK2","MTOR","PIK3R1"
"ROCK2","AKT1","PIK3R1"
"ROCK2","CSNK1D","PIK3R1"
"ROCK2","PLK1","PIK3R1"
"ROCK2","RPS6KB1","PIK3R1"
"ROCK2","CDK5","PIK3R1"
"ROCK2","mTORC1","PIK3R1"
"ROCK2","STK39","PIK3R1"
"ROCK2","TYK2","PIK3R1"
"ROCK2","MEK1/2","PIK3R1"
"ROCK2","NTRK1","PIK3R1"
"ROCK2","ERRFI1","PIK3R1"
"ROCK2","WEE1","PIK3R1"
"ROCK2","CDKN1A","PIK3R1"
"ROCK2","SH2B2","PIK3R1"
"ROCK2","CLK2","PIK3R1"
"ROCK2","GRB14","PIK3R1"
"ROCK2","PRKAR1A","PIK3R1"
"ROCK2","SYK","GNAI3"
"ROCK2","PTEN","GNAI3"
"ROCK2","MTOR","GNAI3"
"ROCK2","CSNK1D","GNAI3"
"ROCK2","PLK1","GNAI3"
"ROCK2","RPS6KB1","GNAI3"
"ROCK2","CDK5","GNAI3"
"ROCK2","CDC25A","GNAI3"
"ROCK2","mTORC1","GNAI3"
"ROCK2","STK39","GNAI3"
"ROCK2","TYK2","GNAI3"
"ROCK2","MEK1/2","GNAI3"
"ROCK2","NTRK1","GNAI3"
"ROCK2","WEE1","GNAI3"
"ROCK2","DCK","GNAI3"
"ROCK2","GRB14","GNAI3"
"ROCK2","NOTCH2","GNAI3"
"ROCK2","MTOR","BLM"
"ROCK2","AKT1","BLM"
"ROCK2","MAPK14","BLM"
"ROCK2","PLK1","BLM"
"ROCK2","mTORC1","BLM"
"ROCK2","STK39","BLM"
"ROCK2","14/03/2003","BLM"
"ROCK2","NTRK1","BLM"
"ROCK2","ERRFI1","BLM"
"ROCK2","CDKN1A","BLM"
"ROCK2","GRB10","BLM"
"ROCK2","CLK2","BLM"
"ROCK2","PRKAR1A","BLM"
"ROCK2","SYK","BECN1"
"ROCK2","MAPK14","BECN1"
"ROCK2","CSNK1D","BECN1"
"ROCK2","PLK1","BECN1"
"ROCK2","CDK5","BECN1"
"ROCK2","CDC25A","BECN1"
"ROCK2","STK39","BECN1"
"ROCK2","NTRK1","BECN1"
"ROCK2","ERRFI1","BECN1"
"ROCK2","CDKN1A","BECN1"
"ROCK2","GRB10","BECN1"
"ROCK2","SYK","BAX"
"ROCK2","MAPK14","BAX"
"ROCK2","RPS6KB1","BAX"
"ROCK2","CDK5","BAX"
"ROCK2","CDC25A","BAX"
"ROCK2","ERRFI1","BAX"
"ROCK2","GRB10","BAX"
"ROCK2","SH2B2","BAX"
"ROCK2","CLK2","BAX"
"ROCK2","DCK","BAX"
"ROCK2","GRB14","BAX"
"ROCK2","PRKAR1A","BAX"
"ROCK2","SYK","GRB10"
"ROCK2","AKT1","GRB10"
"ROCK2","RPS6KB1","GRB10"
"ROCK2","CDK5","GRB10"
"ROCK2","MEK1/2","GRB10"
"ROCK2","NTRK1","GRB10"
"ROCK2","ERRFI1","GRB10"
"ROCK2","DCK","GRB10"
"ROCK2","PRKAR1A","GRB10"
"ROCK2","NOTCH2","GRB10"
"ROCK2","AKT1","MAP1LC3B"
"ROCK2","CSNK1D","MAP1LC3B"
"ROCK2","PLK1","MAP1LC3B"
"ROCK2","mTORC1","MAP1LC3B"
"ROCK2","STK39","MAP1LC3B"
"ROCK2","NTRK1","MAP1LC3B"
"ROCK2","WEE1","MAP1LC3B"
"ROCK2","CLK2","MAP1LC3B"
"ROCK2","DCK","MAP1LC3B"
"ROCK2","GRB14","MAP1LC3B"
"ROCK2","NOTCH2","MAP1LC3B"
"ROCK2","MTOR","GLI3"
"ROCK2","AKT1","GLI3"
"ROCK2","RPS6KB1","GLI3"
"ROCK2","CDK5","GLI3"
"ROCK2","STK39","GLI3"
"ROCK2","TYK2","GLI3"
"ROCK2","NTRK1","GLI3"
"ROCK2","ERRFI1","GLI3"
"ROCK2","WEE1","GLI3"
"ROCK2","DCK","GLI3"
"ROCK2","NOTCH2","GLI3"
"ROCK2","PTEN","BTRC"
"ROCK2","AKT1","BTRC"
"ROCK2","MAPK14","BTRC"
"ROCK2","CSNK1D","BTRC"
"ROCK2","STK39","BTRC"
"ROCK2","14/03/2003","BTRC"
"ROCK2","WEE1","BTRC"
"ROCK2","GRB10","BTRC"
"ROCK2","CLK2","BTRC"
"ROCK2","DCK","BTRC"
"ROCK2","PRKAR1A","BTRC"
"ROCK2","NOTCH2","BTRC"
"ROCK2","CSNK1D","IMPDH2"
"ROCK2","CDK5","IMPDH2"
"ROCK2","STK39","IMPDH2"
"ROCK2","TYK2","IMPDH2"
"ROCK2","14/03/2003","IMPDH2"
"ROCK2","NTRK1","IMPDH2"
"ROCK2","CLK2","IMPDH2"
"ROCK2","DCK","IMPDH2"
"ROCK2","GRB14","IMPDH2"
"ROCK2","PRKAR1A","IMPDH2"
"ROCK2","NOTCH2","IMPDH2"
"ROCK2","AKT1","GPHN"
"ROCK2","RPS6KB1","GPHN"
"ROCK2","mTORC1","GPHN"
"ROCK2","STK39","GPHN"
"ROCK2","TYK2","GPHN"
"ROCK2","MEK1/2","GPHN"
"ROCK2","14/03/2003","GPHN"
"ROCK2","NTRK1","GPHN"
"ROCK2","ERRFI1","GPHN"
"ROCK2","WEE1","GPHN"
"ROCK2","SH2B2","GPHN"
"ROCK2","CLK2","GPHN"
"ROCK2","PRKAR1A","GPHN"
"ROCK2","SYK","RUNX1"
"ROCK2","AKT1","RUNX1"
"ROCK2","RPS6KB1","RUNX1"
"ROCK2","CDK5","RUNX1"
"ROCK2","mTORC1","RUNX1"
"ROCK2","STK39","RUNX1"
"ROCK2","TYK2","RUNX1"
"ROCK2","14/03/2003","RUNX1"
"ROCK2","NTRK1","RUNX1"
"ROCK2","DCK","RUNX1"
"ROCK2","GRB14","RUNX1"
"ROCK2","SYK","DHX9"
"ROCK2","MTOR","DHX9"
"ROCK2","MAPK14","DHX9"
"ROCK2","CSNK1D","DHX9"
"ROCK2","PLK1","DHX9"
"ROCK2","mTORC1","DHX9"
"ROCK2","STK39","DHX9"
"ROCK2","14/03/2003","DHX9"
"ROCK2","WEE1","DHX9"
"ROCK2","CLK2","DHX9"
"ROCK2","DCK","DHX9"
"ROCK2","GRB14","DHX9"
"ROCK2","PRKAR1A","DHX9"
"ROCK2","PTEN","HDAC4"
"ROCK2","MTOR","HDAC4"
"ROCK2","PLK1","HDAC4"
"ROCK2","CDC25A","HDAC4"
"ROCK2","mTORC1","HDAC4"
"ROCK2","TYK2","HDAC4"
"ROCK2","MEK1/2","HDAC4"
"ROCK2","14/03/2003","HDAC4"
"ROCK2","ERRFI1","HDAC4"
"ROCK2","CLK2","HDAC4"
"ROCK2","DCK","HDAC4"
"ROCK2","PRKAR1A","HDAC4"
"ROCK2","NOTCH2","HDAC4"
"ROCK2","CSNK1D","SH2B2"
"ROCK2","CDK5","SH2B2"
"ROCK2","CDC25A","SH2B2"
"ROCK2","STK39","SH2B2"
"ROCK2","TYK2","SH2B2"
"ROCK2","14/03/2003","SH2B2"
"ROCK2","GRB10","SH2B2"
"ROCK2","CLK2","SH2B2"
"ROCK2","DCK","SH2B2"
"ROCK2","PRKAR1A","SH2B2"
"ROCK2","MAPK14","GHR"
"ROCK2","mTORC1","GHR"
"ROCK2","MEK1/2","GHR"
"ROCK2","14/03/2003","GHR"
"ROCK2","ERRFI1","GHR"
"ROCK2","SH2B2","GHR"
"ROCK2","CLK2","GHR"
"ROCK2","GRB14","GHR"
"ROCK2","NOTCH2","GHR"
"ROCK2","PTEN","UBE2S"
"ROCK2","MAPK14","UBE2S"
"ROCK2","CDC25A","UBE2S"
"ROCK2","mTORC1","UBE2S"
"ROCK2","TYK2","UBE2S"
"ROCK2","14/03/2003","UBE2S"
"ROCK2","ERRFI1","UBE2S"
"ROCK2","CLK2","UBE2S"
"ROCK2","DCK","UBE2S"
"ROCK2","PRKAR1A","UBE2S"
"ROCK2","PTEN","AKAP11"
"ROCK2","MTOR","AKAP11"
"ROCK2","PLK1","AKAP11"
"ROCK2","RPS6KB1","AKAP11"
"ROCK2","mTORC1","AKAP11"
"ROCK2","STK39","AKAP11"
"ROCK2","MEK1/2","AKAP11"
"ROCK2","14/03/2003","AKAP11"
"ROCK2","ERRFI1","AKAP11"
"ROCK2","CLK2","AKAP11"
"ROCK2","DCK","AKAP11"
"ROCK2","NOTCH2","AKAP11"
"ROCK2","MAPK14","CLK2"
"ROCK2","PLK1","CLK2"
"ROCK2","RPS6KB1","CLK2"
"ROCK2","mTORC1","CLK2"
"ROCK2","STK39","CLK2"
"ROCK2","TYK2","CLK2"
"ROCK2","MEK1/2","CLK2"
"ROCK2","NTRK1","CLK2"
"ROCK2","GRB10","CLK2"
"ROCK2","SH2B2","CLK2"
"ROCK2","DCK","CLK2"
"ROCK2","MTOR","SMAD1"
"ROCK2","AKT1","SMAD1"
"ROCK2","CSNK1D","SMAD1"
"ROCK2","PLK1","SMAD1"
"ROCK2","RPS6KB1","SMAD1"
"ROCK2","CDK5","SMAD1"
"ROCK2","CDC25A","SMAD1"
"ROCK2","mTORC1","SMAD1"
"ROCK2","TYK2","SMAD1"
"ROCK2","MEK1/2","SMAD1"
"ROCK2","14/03/2003","SMAD1"
"ROCK2","NTRK1","SMAD1"
"ROCK2","ERRFI1","SMAD1"
"ROCK2","SH2B2","SMAD1"
"ROCK2","CLK2","SMAD1"
"ROCK2","DCK","SMAD1"
"ROCK2","PRKAR1A","SMAD1"
"ROCK2","PTEN","SCRIB"
"ROCK2","MTOR","SCRIB"
"ROCK2","AKT1","SCRIB"
"ROCK2","CSNK1D","SCRIB"
"ROCK2","PLK1","SCRIB"
"ROCK2","RPS6KB1","SCRIB"
"ROCK2","CDK5","SCRIB"
"ROCK2","CDC25A","SCRIB"
"ROCK2","STK39","SCRIB"
"ROCK2","MEK1/2","SCRIB"
"ROCK2","14/03/2003","SCRIB"
"ROCK2","ERRFI1","SCRIB"
"ROCK2","CDKN1A","SCRIB"
"ROCK2","SH2B2","SCRIB"
"ROCK2","CLK2","SCRIB"
"ROCK2","GRB14","SCRIB"
"ROCK2","PRKAR1A","SCRIB"
"ROCK2","NOTCH2","SCRIB"
"ROCK2","PTEN","BCL10"
"ROCK2","CDC25A","BCL10"
"ROCK2","mTORC1","BCL10"
"ROCK2","TYK2","BCL10"
"ROCK2","MEK1/2","BCL10"
"ROCK2","ERRFI1","BCL10"
"ROCK2","CLK2","BCL10"
"ROCK2","DCK","BCL10"
"ROCK2","PRKAR1A","BCL10"
"ROCK2","MAPK14","PIK3R6"
"ROCK2","PLK1","PIK3R6"
"ROCK2","mTORC1","PIK3R6"
"ROCK2","MEK1/2","PIK3R6"
"ROCK2","14/03/2003","PIK3R6"
"ROCK2","NTRK1","PIK3R6"
"ROCK2","ERRFI1","PIK3R6"
"ROCK2","SH2B2","PIK3R6"
"ROCK2","DCK","PIK3R6"
"ROCK2","GRB14","PIK3R6"
"ROCK2","SYK","TOB2"
"ROCK2","PTEN","TOB2"
"ROCK2","PLK1","TOB2"
"ROCK2","RPS6KB1","TOB2"
"ROCK2","CDC25A","TOB2"
"ROCK2","mTORC1","TOB2"
"ROCK2","STK39","TOB2"
"ROCK2","TYK2","TOB2"
"ROCK2","14/03/2003","TOB2"
"ROCK2","NTRK1","TOB2"
"ROCK2","ERRFI1","TOB2"
"ROCK2","CLK2","TOB2"
"ROCK2","DCK","TOB2"
"ROCK2","GRB14","TOB2"
"ROCK2","PRKAR1A","TOB2"
"ROCK2","NOTCH2","TOB2"
"ROCK2","MTOR","MDM4"
"ROCK2","AKT1","MDM4"
"ROCK2","MAPK14","MDM4"
"ROCK2","CDC25A","MDM4"
"ROCK2","mTORC1","MDM4"
"ROCK2","14/03/2003","MDM4"
"ROCK2","ERRFI1","MDM4"
"ROCK2","CLK2","MDM4"
"ROCK2","DCK","MDM4"
"ROCK2","PRKAR1A","MDM4"
"ROCK2","PTEN","FRAT1"
"ROCK2","MTOR","FRAT1"
"ROCK2","PLK1","FRAT1"
"ROCK2","RPS6KB1","FRAT1"
"ROCK2","CDC25A","FRAT1"
"ROCK2","mTORC1","FRAT1"
"ROCK2","STK39","FRAT1"
"ROCK2","14/03/2003","FRAT1"
"ROCK2","NTRK1","FRAT1"
"ROCK2","ERRFI1","FRAT1"
"ROCK2","SH2B2","FRAT1"
"ROCK2","DCK","FRAT1"
"ROCK2","GRB14","FRAT1"
"ROCK2","PRKAR1A","FRAT1"
"ROCK2","NOTCH2","FRAT1"
"ROCK2","SYK","GNAO1"
"ROCK2","AKT1","GNAO1"
"ROCK2","MAPK14","GNAO1"
"ROCK2","CSNK1D","GNAO1"
"ROCK2","PLK1","GNAO1"
"ROCK2","CDK5","GNAO1"
"ROCK2","CDC25A","GNAO1"
"ROCK2","mTORC1","GNAO1"
"ROCK2","STK39","GNAO1"
"ROCK2","MEK1/2","GNAO1"
"ROCK2","14/03/2003","GNAO1"
"ROCK2","NTRK1","GNAO1"
"ROCK2","ERRFI1","GNAO1"
"ROCK2","CDKN1A","GNAO1"
"ROCK2","GRB10","GNAO1"
"ROCK2","SH2B2","GNAO1"
"ROCK2","DCK","GNAO1"
"ROCK2","GRB14","GNAO1"
"ROCK2","PRKAR1A","GNAO1"
"ROCK2","NOTCH2","GNAO1"
"ROCK2","PTEN","DCK"
"ROCK2","AKT1","DCK"
"ROCK2","PLK1","DCK"
"ROCK2","RPS6KB1","DCK"
"ROCK2","CDK5","DCK"
"ROCK2","CDC25A","DCK"
"ROCK2","mTORC1","DCK"
"ROCK2","STK39","DCK"
"ROCK2","14/03/2003","DCK"
"ROCK2","CDKN1A","DCK"
"ROCK2","GRB10","DCK"
"ROCK2","GRB14","DCK"
"ROCK2","SYK","CARD11"
"ROCK2","MAPK14","CARD11"
"ROCK2","CDK5","CARD11"
"ROCK2","CDC25A","CARD11"
"ROCK2","TYK2","CARD11"
"ROCK2","MEK1/2","CARD11"
"ROCK2","NTRK1","CARD11"
"ROCK2","GRB10","CARD11"
"ROCK2","SH2B2","CARD11"
"ROCK2","CLK2","CARD11"
"ROCK2","DCK","CARD11"
"ROCK2","GRB14","CARD11"
"ROCK2","PRKAR1A","CARD11"
"ROCK2","AKT1","MEF2A"
"ROCK2","MAPK14","MEF2A"
"ROCK2","CDC25A","MEF2A"
"ROCK2","MEK1/2","MEF2A"
"ROCK2","14/03/2003","MEF2A"
"ROCK2","NTRK1","MEF2A"
"ROCK2","CDKN1A","MEF2A"
"ROCK2","GRB10","MEF2A"
"ROCK2","DCK","MEF2A"
"ROCK2","GRB14","MEF2A"
"ROCK2","NOTCH2","MEF2A"
"ROCK2","SYK","CREB1"
"ROCK2","MTOR","CREB1"
"ROCK2","CSNK1D","CREB1"
"ROCK2","PLK1","CREB1"
"ROCK2","RPS6KB1","CREB1"
"ROCK2","CDK5","CREB1"
"ROCK2","CDC25A","CREB1"
"ROCK2","STK39","CREB1"
"ROCK2","TYK2","CREB1"
"ROCK2","MEK1/2","CREB1"
"ROCK2","14/03/2003","CREB1"
"ROCK2","SH2B2","CREB1"
"ROCK2","CLK2","CREB1"
"ROCK2","DCK","CREB1"
"ROCK2","GRB14","CREB1"
"ROCK2","SYK","NRBF2"
"ROCK2","MTOR","NRBF2"
"ROCK2","AKT1","NRBF2"
"ROCK2","MAPK14","NRBF2"
"ROCK2","CDC25A","NRBF2"
"ROCK2","NTRK1","NRBF2"
"ROCK2","CDKN1A","NRBF2"
"ROCK2","GRB10","NRBF2"
"ROCK2","SH2B2","NRBF2"
"ROCK2","CLK2","NRBF2"
"ROCK2","GRB14","NRBF2"
"ROCK2","PRKAR1A","NRBF2"
"ROCK2","MTOR","UFD1"
"ROCK2","AKT1","UFD1"
"ROCK2","CDK5","UFD1"
"ROCK2","TYK2","UFD1"
"ROCK2","14/03/2003","UFD1"
"ROCK2","GRB10","UFD1"
"ROCK2","SH2B2","UFD1"
"ROCK2","DCK","UFD1"
"ROCK2","PTEN","NGLY1"
"ROCK2","MTOR","NGLY1"
"ROCK2","RPS6KB1","NGLY1"
"ROCK2","CDC25A","NGLY1"
"ROCK2","mTORC1","NGLY1"
"ROCK2","STK39","NGLY1"
"ROCK2","TYK2","NGLY1"
"ROCK2","MEK1/2","NGLY1"
"ROCK2","WEE1","NGLY1"
"ROCK2","CDKN1A","NGLY1"
"ROCK2","GRB10","NGLY1"
"ROCK2","CLK2","NGLY1"
"ROCK2","PRKAR1A","NGLY1"
"ROCK2","SYK","MN1"
"ROCK2","MTOR","MN1"
"ROCK2","RPS6KB1","MN1"
"ROCK2","CDC25A","MN1"
"ROCK2","mTORC1","MN1"
"ROCK2","STK39","MN1"
"ROCK2","MEK1/2","MN1"
"ROCK2","ERRFI1","MN1"
"ROCK2","WEE1","MN1"
"ROCK2","GRB10","MN1"
"ROCK2","GRB14","MN1"
"ROCK2","PRKAR1A","MN1"
"ROCK2","MTOR","BRCA1"
"ROCK2","AKT1","BRCA1"
"ROCK2","MAPK14","BRCA1"
"ROCK2","RPS6KB1","BRCA1"
"ROCK2","CDK5","BRCA1"
"ROCK2","mTORC1","BRCA1"
"ROCK2","STK39","BRCA1"
"ROCK2","MEK1/2","BRCA1"
"ROCK2","14/03/2003","BRCA1"
"ROCK2","ERRFI1","BRCA1"
"ROCK2","GRB10","BRCA1"
"ROCK2","CLK2","BRCA1"
"ROCK2","DCK","BRCA1"
"ROCK2","GRB14","BRCA1"
"ROCK2","PRKAR1A","BRCA1"
"ROCK2","MTOR","CRY1"
"ROCK2","AKT1","CRY1"
"ROCK2","MAPK14","CRY1"
"ROCK2","PLK1","CRY1"
"ROCK2","RPS6KB1","CRY1"
"ROCK2","CDK5","CRY1"
"ROCK2","CDC25A","CRY1"
"ROCK2","mTORC1","CRY1"
"ROCK2","STK39","CRY1"
"ROCK2","MEK1/2","CRY1"
"ROCK2","WEE1","CRY1"
"ROCK2","CDKN1A","CRY1"
"ROCK2","GRB10","CRY1"
"ROCK2","CLK2","CRY1"
"ROCK2","PRKAR1A","CRY1"
"ROCK2","SYK","SMAD2/SMAD4"
"ROCK2","PTEN","SMAD2/SMAD4"
"ROCK2","PLK1","SMAD2/SMAD4"
"ROCK2","RPS6KB1","SMAD2/SMAD4"
"ROCK2","CDC25A","SMAD2/SMAD4"
"ROCK2","mTORC1","SMAD2/SMAD4"
"ROCK2","TYK2","SMAD2/SMAD4"
"ROCK2","NTRK1","SMAD2/SMAD4"
"ROCK2","WEE1","SMAD2/SMAD4"
"ROCK2","CDKN1A","SMAD2/SMAD4"
"ROCK2","SYK","MST1R"
"ROCK2","MTOR","MST1R"
"ROCK2","AKT1","MST1R"
"ROCK2","PLK1","MST1R"
"ROCK2","RPS6KB1","MST1R"
"ROCK2","CDC25A","MST1R"
"ROCK2","mTORC1","MST1R"
"ROCK2","ERRFI1","MST1R"
"ROCK2","WEE1","MST1R"
"ROCK2","CDKN1A","MST1R"
"ROCK2","SH2B2","MST1R"
"ROCK2","GRB14","MST1R"
"ROCK2","PRKAR1A","MST1R"
"ROCK2","MTOR","ROR2"
"ROCK2","AKT1","ROR2"
"ROCK2","PLK1","ROR2"
"ROCK2","RPS6KB1","ROR2"
"ROCK2","CDK5","ROR2"
"ROCK2","CDC25A","ROR2"
"ROCK2","STK39","ROR2"
"ROCK2","CDKN1A","ROR2"
"ROCK2","SH2B2","ROR2"
"ROCK2","GRB14","ROR2"
"ROCK2","NOTCH2","ROR2"
"ROCK2","SYK","RPS6KB2"
"ROCK2","MAPK14","RPS6KB2"
"ROCK2","CSNK1D","RPS6KB2"
"ROCK2","PLK1","RPS6KB2"
"ROCK2","CDK5","RPS6KB2"
"ROCK2","CDC25A","RPS6KB2"
"ROCK2","STK39","RPS6KB2"
"ROCK2","TYK2","RPS6KB2"
"ROCK2","14/03/2003","RPS6KB2"
"ROCK2","ERRFI1","RPS6KB2"
"ROCK2","WEE1","RPS6KB2"
"ROCK2","SH2B2","RPS6KB2"
"ROCK2","CLK2","RPS6KB2"
"ROCK2","DCK","RPS6KB2"
"ROCK2","GRB14","RPS6KB2"
"ROCK2","PRKAR1A","RPS6KB2"
"ROCK2","SYK","TRIO"
"ROCK2","MAPK14","TRIO"
"ROCK2","CSNK1D","TRIO"
"ROCK2","PLK1","TRIO"
"ROCK2","CDK5","TRIO"
"ROCK2","CDC25A","TRIO"
"ROCK2","mTORC1","TRIO"
"ROCK2","STK39","TRIO"
"ROCK2","CDKN1A","TRIO"
"ROCK2","GRB14","TRIO"
"ROCK2","SYK","RUNX2"
"ROCK2","MTOR","RUNX2"
"ROCK2","AKT1","RUNX2"
"ROCK2","PLK1","RUNX2"
"ROCK2","RPS6KB1","RUNX2"
"ROCK2","CDC25A","RUNX2"
"ROCK2","mTORC1","RUNX2"
"ROCK2","STK39","RUNX2"
"ROCK2","TYK2","RUNX2"
"ROCK2","MEK1/2","RUNX2"
"ROCK2","WEE1","RUNX2"
"ROCK2","CDKN1A","RUNX2"
"ROCK2","SH2B2","RUNX2"
"ROCK2","CLK2","RUNX2"
"ROCK2","GRB14","RUNX2"
"ROCK2","NOTCH2","RUNX2"
"ROCK2","MAPK14","CBL"
"ROCK2","CSNK1D","CBL"
"ROCK2","RPS6KB1","CBL"
"ROCK2","CDK5","CBL"
"ROCK2","CDC25A","CBL"
"ROCK2","mTORC1","CBL"
"ROCK2","STK39","CBL"
"ROCK2","CDKN1A","CBL"
"ROCK2","CLK2","CBL"
"ROCK2","MTOR","RBBP8"
"ROCK2","AKT1","RBBP8"
"ROCK2","CSNK1D","RBBP8"
"ROCK2","PLK1","RBBP8"
"ROCK2","RPS6KB1","RBBP8"
"ROCK2","CDK5","RBBP8"
"ROCK2","TYK2","RBBP8"
"ROCK2","WEE1","RBBP8"
"ROCK2","CDKN1A","RBBP8"
"ROCK2","DCK","RBBP8"
"ROCK2","PRKAR1A","RBBP8"
"ROCK2","SYK","KLHL3"
"ROCK2","MTOR","KLHL3"
"ROCK2","AKT1","KLHL3"
"ROCK2","CSNK1D","KLHL3"
"ROCK2","PLK1","KLHL3"
"ROCK2","mTORC1","KLHL3"
"ROCK2","STK39","KLHL3"
"ROCK2","TYK2","KLHL3"
"ROCK2","ERRFI1","KLHL3"
"ROCK2","GRB10","KLHL3"
"ROCK2","SH2B2","KLHL3"
"ROCK2","GRB14","KLHL3"
"ROCK2","PTEN","AP1"
"ROCK2","MTOR","AP1"
"ROCK2","AKT1","AP1"
"ROCK2","CSNK1D","AP1"
"ROCK2","PLK1","AP1"
"ROCK2","CDK5","AP1"
"ROCK2","mTORC1","AP1"
"ROCK2","TYK2","AP1"
"ROCK2","WEE1","AP1"
"ROCK2","CDKN1A","AP1"
"ROCK2","SH2B2","AP1"
"ROCK2","GRB14","AP1"
"ROCK2","PRKAR1A","AP1"
"ROCK2","NOTCH2","AP1"
"ROCK2","MTOR","MYOCD"
"ROCK2","AKT1","MYOCD"
"ROCK2","PLK1","MYOCD"
"ROCK2","RPS6KB1","MYOCD"
"ROCK2","CDC25A","MYOCD"
"ROCK2","mTORC1","MYOCD"
"ROCK2","TYK2","MYOCD"
"ROCK2","WEE1","MYOCD"
"ROCK2","CDKN1A","MYOCD"
"ROCK2","CLK2","MYOCD"
"ROCK2","DCK","MYOCD"
"ROCK2","PRKAR1A","MYOCD"
"ROCK2","SYK","LARP6"
"ROCK2","MTOR","LARP6"
"ROCK2","AKT1","LARP6"
"ROCK2","CSNK1D","LARP6"
"ROCK2","PLK1","LARP6"
"ROCK2","RPS6KB1","LARP6"
"ROCK2","CDK5","LARP6"
"ROCK2","mTORC1","LARP6"
"ROCK2","STK39","LARP6"
"ROCK2","NTRK1","LARP6"
"ROCK2","CDKN1A","LARP6"
"ROCK2","CLK2","LARP6"
"ROCK2","DCK","LARP6"
"ROCK2","GRB14","LARP6"
"ROCK2","MTOR","FOXA1"
"ROCK2","AKT1","FOXA1"
"ROCK2","CSNK1D","FOXA1"
"ROCK2","PLK1","FOXA1"
"ROCK2","RPS6KB1","FOXA1"
"ROCK2","TYK2","FOXA1"
"ROCK2","NTRK1","FOXA1"
"ROCK2","WEE1","FOXA1"
"ROCK2","CDKN1A","FOXA1"
"ROCK2","CLK2","FOXA1"
"ROCK2","DCK","FOXA1"
"ROCK2","PRKAR1A","FOXA1"
"ROCK2","PTEN","SYN1"
"ROCK2","MTOR","SYN1"
"ROCK2","AKT1","SYN1"
"ROCK2","CSNK1D","SYN1"
"ROCK2","PLK1","SYN1"
"ROCK2","CDK5","SYN1"
"ROCK2","mTORC1","SYN1"
"ROCK2","STK39","SYN1"
"ROCK2","14/03/2003","SYN1"
"ROCK2","NTRK1","SYN1"
"ROCK2","ERRFI1","SYN1"
"ROCK2","WEE1","SYN1"
"ROCK2","CDKN1A","SYN1"
"ROCK2","GRB10","SYN1"
"ROCK2","SH2B2","SYN1"
"ROCK2","CLK2","SYN1"
"ROCK2","PRKAR1A","SYN1"
"ROCK2","NOTCH2","SYN1"
"ROCK2","SYK","APC-c"
"ROCK2","mTORC1","APC-c"
"ROCK2","TYK2","APC-c"
"ROCK2","WEE1","APC-c"
"ROCK2","CDKN1A","APC-c"
"ROCK2","SH2B2","APC-c"
"ROCK2","GRB14","APC-c"
"ROCK2","PRKAR1A","APC-c"
"ROCK2","NOTCH2","APC-c"
"ROCK2","MTOR","GRB14"
"ROCK2","AKT1","GRB14"
"ROCK2","PLK1","GRB14"
"ROCK2","RPS6KB1","GRB14"
"ROCK2","CDK5","GRB14"
"ROCK2","CDC25A","GRB14"
"ROCK2","STK39","GRB14"
"ROCK2","CDKN1A","GRB14"
"ROCK2","GRB10","GRB14"
"ROCK2","SH2B2","GRB14"
"ROCK2","DCK","GRB14"
"ROCK2","PRKAR1A","GRB14"
"ROCK2","NOTCH2","GRB14"
"ROCK2","SYK","TLK2"
"ROCK2","CSNK1D","TLK2"
"ROCK2","PLK1","TLK2"
"ROCK2","CDC25A","TLK2"
"ROCK2","mTORC1","TLK2"
"ROCK2","TYK2","TLK2"
"ROCK2","14/03/2003","TLK2"
"ROCK2","ERRFI1","TLK2"
"ROCK2","WEE1","TLK2"
"ROCK2","GRB10","TLK2"
"ROCK2","CLK2","TLK2"
"ROCK2","DCK","TLK2"
"ROCK2","PRKAR1A","TLK2"
"ROCK2","SYK","ITCH"
"ROCK2","MTOR","ITCH"
"ROCK2","CSNK1D","ITCH"
"ROCK2","PLK1","ITCH"
"ROCK2","RPS6KB1","ITCH"
"ROCK2","mTORC1","ITCH"
"ROCK2","STK39","ITCH"
"ROCK2","TYK2","ITCH"
"ROCK2","NTRK1","ITCH"
"ROCK2","CDKN1A","ITCH"
"ROCK2","CLK2","ITCH"
"ROCK2","DCK","ITCH"
"ROCK2","GRB14","ITCH"
"ROCK2","MTOR","PRKAR1A"
"ROCK2","AKT1","PRKAR1A"
"ROCK2","CSNK1D","PRKAR1A"
"ROCK2","PLK1","PRKAR1A"
"ROCK2","RPS6KB1","PRKAR1A"
"ROCK2","CDK5","PRKAR1A"
"ROCK2","CDC25A","PRKAR1A"
"ROCK2","STK39","PRKAR1A"
"ROCK2","MEK1/2","PRKAR1A"
"ROCK2","NTRK1","PRKAR1A"
"ROCK2","ERRFI1","PRKAR1A"
"ROCK2","SH2B2","PRKAR1A"
"ROCK2","NOTCH2","PRKAR1A"
"ROCK2","PTEN","HEXIM1"
"ROCK2","MTOR","HEXIM1"
"ROCK2","PLK1","HEXIM1"
"ROCK2","RPS6KB1","HEXIM1"
"ROCK2","mTORC1","HEXIM1"
"ROCK2","TYK2","HEXIM1"
"ROCK2","WEE1","HEXIM1"
"ROCK2","CDKN1A","HEXIM1"
"ROCK2","SH2B2","HEXIM1"
"ROCK2","GRB14","HEXIM1"
"ROCK2","PRKAR1A","HEXIM1"
"ROCK2","MTOR","ARNTL"
"ROCK2","AKT1","ARNTL"
"ROCK2","PLK1","ARNTL"
"ROCK2","RPS6KB1","ARNTL"
"ROCK2","CDC25A","ARNTL"
"ROCK2","mTORC1","ARNTL"
"ROCK2","STK39","ARNTL"
"ROCK2","MEK1/2","ARNTL"
"ROCK2","14/03/2003","ARNTL"
"ROCK2","ERRFI1","ARNTL"
"ROCK2","WEE1","ARNTL"
"ROCK2","GRB10","ARNTL"
"ROCK2","SH2B2","ARNTL"
"ROCK2","CLK2","ARNTL"
"ROCK2","PRKAR1A","ARNTL"
"ROCK2","PTEN","DNM1L"
"ROCK2","PLK1","DNM1L"
"ROCK2","mTORC1","DNM1L"
"ROCK2","STK39","DNM1L"
"ROCK2","MEK1/2","DNM1L"
"ROCK2","14/03/2003","DNM1L"
"ROCK2","NTRK1","DNM1L"
"ROCK2","GRB10","DNM1L"
"ROCK2","CLK2","DNM1L"
"ROCK2","DCK","DNM1L"
"ROCK2","PRKAR1A","DNM1L"
"ROCK2","MTOR","CEBPA"
"ROCK2","AKT1","CEBPA"
"ROCK2","MAPK14","CEBPA"
"ROCK2","RPS6KB1","CEBPA"
"ROCK2","TYK2","CEBPA"
"ROCK2","WEE1","CEBPA"
"ROCK2","CDKN1A","CEBPA"
"ROCK2","GRB10","CEBPA"
"ROCK2","SH2B2","CEBPA"
"ROCK2","CLK2","CEBPA"
"ROCK2","GRB14","CEBPA"
"ROCK2","NOTCH2","CEBPA"
"ROCK2","CSNK1D","SMAD5"
"ROCK2","PLK1","SMAD5"
"ROCK2","CDK5","SMAD5"
"ROCK2","CDC25A","SMAD5"
"ROCK2","STK39","SMAD5"
"ROCK2","NTRK1","SMAD5"
"ROCK2","ERRFI1","SMAD5"
"ROCK2","PRKAR1A","SMAD5"
"ROCK2","SYK","KDM5A"
"ROCK2","PTEN","KDM5A"
"ROCK2","CSNK1D","KDM5A"
"ROCK2","PLK1","KDM5A"
"ROCK2","CDK5","KDM5A"
"ROCK2","CDC25A","KDM5A"
"ROCK2","mTORC1","KDM5A"
"ROCK2","STK39","KDM5A"
"ROCK2","MEK1/2","KDM5A"
"ROCK2","SH2B2","KDM5A"
"ROCK2","CLK2","KDM5A"
"ROCK2","GRB14","KDM5A"
"ROCK2","PRKAR1A","KDM5A"
"ROCK2","NOTCH2","KDM5A"
"ROCK2","SYK","Cullin 1-RBX1-Skp1"
"ROCK2","PTEN","Cullin 1-RBX1-Skp1"
"ROCK2","CSNK1D","Cullin 1-RBX1-Skp1"
"ROCK2","CDK5","Cullin 1-RBX1-Skp1"
"ROCK2","CDC25A","Cullin 1-RBX1-Skp1"
"ROCK2","STK39","Cullin 1-RBX1-Skp1"
"ROCK2","ERRFI1","Cullin 1-RBX1-Skp1"
"ROCK2","WEE1","Cullin 1-RBX1-Skp1"
"ROCK2","GRB10","Cullin 1-RBX1-Skp1"
"ROCK2","DCK","Cullin 1-RBX1-Skp1"
"ROCK2","GRB14","Cullin 1-RBX1-Skp1"
"ROCK2","PTEN","NOTCH2"
"ROCK2","MTOR","NOTCH2"
"ROCK2","CSNK1D","NOTCH2"
"ROCK2","PLK1","NOTCH2"
"ROCK2","CDK5","NOTCH2"
"ROCK2","mTORC1","NOTCH2"
"ROCK2","14/03/2003","NOTCH2"
"ROCK2","NTRK1","NOTCH2"
"ROCK2","ERRFI1","NOTCH2"
"ROCK2","CDKN1A","NOTCH2"
"ROCK2","GRB10","NOTCH2"
"ROCK2","CLK2","NOTCH2"
"ROCK2","GRB14","NOTCH2"
"ROCK2","PRKAR1A","NOTCH2"
"ROCK2","MAPK14","NPLOC4"
"ROCK2","CDK5","NPLOC4"
"ROCK2","mTORC1","NPLOC4"
"ROCK2","MEK1/2","NPLOC4"
"ROCK2","14/03/2003","NPLOC4"
"ROCK2","WEE1","NPLOC4"
"ROCK2","GRB10","NPLOC4"
"ROCK2","SH2B2","NPLOC4"
"ROCK2","DCK","NPLOC4"
"ROCK2","GRB14","NPLOC4"
"ROCK2","NOTCH2","NPLOC4"
"ROCK2","SYK","TARBP2"
"ROCK2","MTOR","TARBP2"
"ROCK2","MAPK14","TARBP2"
"ROCK2","CSNK1D","TARBP2"
"ROCK2","PLK1","TARBP2"
"ROCK2","CDK5","TARBP2"
"ROCK2","TYK2","TARBP2"
"ROCK2","CDKN1A","TARBP2"
"ROCK2","GRB10","TARBP2"
"ROCK2","GRB14","TARBP2"
"ROCK2","NOTCH2","TARBP2"
"ROCK2","SYK","NFKB2"
"ROCK2","PTEN","NFKB2"
"ROCK2","AKT1","NFKB2"
"ROCK2","MAPK14","NFKB2"
"ROCK2","CSNK1D","NFKB2"
"ROCK2","CDK5","NFKB2"
"ROCK2","CDC25A","NFKB2"
"ROCK2","mTORC1","NFKB2"
"ROCK2","14/03/2003","NFKB2"
"ROCK2","NTRK1","NFKB2"
"ROCK2","CDKN1A","NFKB2"
"ROCK2","DCK","NFKB2"
"ROCK2","GRB14","NFKB2"
"ROCK2","NOTCH2","NFKB2"
"ROCK2","PTEN","BLVRA"
"ROCK2","MTOR","BLVRA"
"ROCK2","MAPK14","BLVRA"
"ROCK2","PLK1","BLVRA"
"ROCK2","RPS6KB1","BLVRA"
"ROCK2","CDK5","BLVRA"
"ROCK2","mTORC1","BLVRA"
"ROCK2","TYK2","BLVRA"
"ROCK2","14/03/2003","BLVRA"
"ROCK2","NTRK1","BLVRA"
"ROCK2","GRB14","BLVRA"
"ROCK2","NOTCH2","BLVRA"
"ROCK2","MTOR","MAPKAP1"
"ROCK2","MAPK14","MAPKAP1"
"ROCK2","CSNK1D","MAPKAP1"
"ROCK2","RPS6KB1","MAPKAP1"
"ROCK2","CDK5","MAPKAP1"
"ROCK2","CDC25A","MAPKAP1"
"ROCK2","mTORC1","MAPKAP1"
"ROCK2","STK39","MAPKAP1"
"ROCK2","TYK2","MAPKAP1"
"ROCK2","MEK1/2","MAPKAP1"
"ROCK2","GRB10","MAPKAP1"
"ROCK2","SH2B2","MAPKAP1"
"ROCK2","GRB14","MAPKAP1"
"ROCK2","PTEN","APC"
"ROCK2","MTOR","APC"
"ROCK2","AKT1","APC"
"ROCK2","PLK1","APC"
"ROCK2","MEK1/2","APC"
"ROCK2","14/03/2003","APC"
"ROCK2","NTRK1","APC"
"ROCK2","WEE1","APC"
"ROCK2","GRB10","APC"
"ROCK2","SH2B2","APC"
"ROCK2","DCK","APC"
"ROCK2","NOTCH2","APC"
"ROCK2","MTOR","CASP8"
"ROCK2","AKT1","CASP8"
"ROCK2","MAPK14","CASP8"
"ROCK2","PLK1","CASP8"
"ROCK2","CDC25A","CASP8"
"ROCK2","STK39","CASP8"
"ROCK2","ERRFI1","CASP8"
"ROCK2","WEE1","CASP8"
"ROCK2","GRB10","CASP8"
"ROCK2","DCK","CASP8"
"ROCK2","GRB14","CASP8"
"ROCK2","SYK","SFPQ"
"ROCK2","PTEN","SFPQ"
"ROCK2","AKT1","SFPQ"
"ROCK2","MAPK14","SFPQ"
"ROCK2","CSNK1D","SFPQ"
"ROCK2","PLK1","SFPQ"
"ROCK2","RPS6KB1","SFPQ"
"ROCK2","CDK5","SFPQ"
"ROCK2","14/03/2003","SFPQ"
"ROCK2","ERRFI1","SFPQ"
"ROCK2","CLK2","SFPQ"
"ROCK2","SYK","PTTG1"
"ROCK2","PTEN","PTTG1"
"ROCK2","MAPK14","PTTG1"
"ROCK2","CSNK1D","PTTG1"
"ROCK2","PLK1","PTTG1"
"ROCK2","RPS6KB1","PTTG1"
"ROCK2","CDK5","PTTG1"
"ROCK2","CDC25A","PTTG1"
"ROCK2","mTORC1","PTTG1"
"ROCK2","STK39","PTTG1"
"ROCK2","14/03/2003","PTTG1"
"ROCK2","ERRFI1","PTTG1"
"ROCK2","GRB10","PTTG1"
"ROCK2","CLK2","PTTG1"
"ROCK2","DCK","PTTG1"
"ROCK2","PRKAR1A","PTTG1"
"ROCK2","NOTCH2","PTTG1"
"ROCK2","SYK","EIF4B"
"ROCK2","PTEN","EIF4B"
"ROCK2","AKT1","EIF4B"
"ROCK2","MAPK14","EIF4B"
"ROCK2","CSNK1D","EIF4B"
"ROCK2","PLK1","EIF4B"
"ROCK2","CDK5","EIF4B"
"ROCK2","mTORC1","EIF4B"
"ROCK2","NTRK1","EIF4B"
"ROCK2","ERRFI1","EIF4B"
"ROCK2","CDKN1A","EIF4B"
"ROCK2","CLK2","EIF4B"
"ROCK2","DCK","EIF4B"
"ROCK2","PRKAR1A","EIF4B"
"ROCK2","NOTCH2","EIF4B"
"ROCK2","SYK","STAT2"
"ROCK2","PTEN","STAT2"
"ROCK2","MAPK14","STAT2"
"ROCK2","CSNK1D","STAT2"
"ROCK2","RPS6KB1","STAT2"
"ROCK2","CDK5","STAT2"
"ROCK2","14/03/2003","STAT2"
"ROCK2","NTRK1","STAT2"
"ROCK2","ERRFI1","STAT2"
"ROCK2","WEE1","STAT2"
"ROCK2","CLK2","STAT2"
"ROCK2","PRKAR1A","STAT2"
"ROCK2","NOTCH2","STAT2"
"ROCK2","AKT1","KLF10"
"ROCK2","MAPK14","KLF10"
"ROCK2","RPS6KB1","KLF10"
"ROCK2","CDK5","KLF10"
"ROCK2","14/03/2003","KLF10"
"ROCK2","NTRK1","KLF10"
"ROCK2","ERRFI1","KLF10"
"ROCK2","WEE1","KLF10"
"ROCK2","CDKN1A","KLF10"
"ROCK2","MAPK14","ACTN1"
"ROCK2","CDK5","ACTN1"
"ROCK2","mTORC1","ACTN1"
"ROCK2","NTRK1","ACTN1"
"ROCK2","ERRFI1","ACTN1"
"ROCK2","CDKN1A","ACTN1"
"ROCK2","CLK2","ACTN1"
"ROCK2","DCK","ACTN1"
"ROCK2","SYK","CLOCK"
"ROCK2","PTEN","CLOCK"
"ROCK2","AKT1","CLOCK"
"ROCK2","MAPK14","CLOCK"
"ROCK2","CSNK1D","CLOCK"
"ROCK2","RPS6KB1","CLOCK"
"ROCK2","CDK5","CLOCK"
"ROCK2","mTORC1","CLOCK"
"ROCK2","MEK1/2","CLOCK"
"ROCK2","NTRK1","CLOCK"
"ROCK2","ERRFI1","CLOCK"
"ROCK2","CDKN1A","CLOCK"
"ROCK2","SH2B2","CLOCK"
"ROCK2","CLK2","CLOCK"
"ROCK2","GRB14","CLOCK"
"ROCK2","NOTCH2","CLOCK"
"ROCK2","PTEN","NCF1"
"ROCK2","MAPK14","NCF1"
"ROCK2","PLK1","NCF1"
"ROCK2","RPS6KB1","NCF1"
"ROCK2","CDK5","NCF1"
"ROCK2","CDC25A","NCF1"
"ROCK2","14/03/2003","NCF1"
"ROCK2","ERRFI1","NCF1"
"ROCK2","WEE1","NCF1"
"ROCK2","CDKN1A","NCF1"
"ROCK2","GRB10","NCF1"
"ROCK2","DCK","NCF1"
"ROCK2","GRB14","NCF1"
"ROCK2","PRKAR1A","NCF1"
"ROCK2","NOTCH2","NCF1"
"ROCK2","MAPK14","PABIR1"
"ROCK2","RPS6KB1","PABIR1"
"ROCK2","CDK5","PABIR1"
"ROCK2","mTORC1","PABIR1"
"ROCK2","MEK1/2","PABIR1"
"ROCK2","ERRFI1","PABIR1"
"ROCK2","GRB10","PABIR1"
"ROCK2","SH2B2","PABIR1"
"ROCK2","PRKAR1A","PABIR1"
"ROCK2","PTEN","RGCC"
"ROCK2","MAPK14","RGCC"
"ROCK2","CSNK1D","RGCC"
"ROCK2","CDK5","RGCC"
"ROCK2","14/03/2003","RGCC"
"ROCK2","NTRK1","RGCC"
"ROCK2","CDKN1A","RGCC"
"ROCK2","MAPK14","PITX1"
"ROCK2","RPS6KB1","PITX1"
"ROCK2","CDC25A","PITX1"
"ROCK2","STK39","PITX1"
"ROCK2","ERRFI1","PITX1"
"ROCK2","WEE1","PITX1"
"ROCK2","SH2B2","PITX1"
"ROCK2","CLK2","PITX1"
"ROCK2","DCK","PITX1"
"ROCK2","GRB14","PITX1"
"ROCK2","CSNK1D","MAPT"
"ROCK2","AKT1","EZR"
"ROCK2","MAPK14","EZR"
"ROCK2","PLK1","EZR"
"ROCK2","CDK5","EZR"
"ROCK2","CDC25A","EZR"
"ROCK2","mTORC1","EZR"
"ROCK2","MEK1/2","EZR"
"ROCK2","14/03/2003","EZR"
"ROCK2","ERRFI1","EZR"
"ROCK2","SYK","FOXM1"
"ROCK2","PTEN","FOXM1"
"ROCK2","AKT1","FOXM1"
"ROCK2","MAPK14","FOXM1"
"ROCK2","CSNK1D","FOXM1"
"ROCK2","PLK1","FOXM1"
"ROCK2","CDK5","FOXM1"
"ROCK2","CDC25A","FOXM1"
"ROCK2","STK39","FOXM1"
"ROCK2","TYK2","FOXM1"
"ROCK2","MEK1/2","FOXM1"
"ROCK2","14/03/2003","FOXM1"
"ROCK2","ERRFI1","FOXM1"
"ROCK2","CDKN1A","FOXM1"
"ROCK2","GRB10","FOXM1"
"ROCK2","CLK2","FOXM1"
"ROCK2","GRB14","FOXM1"
"ROCK2","AKT1","GJA1"
"ROCK2","MAPK14","GJA1"
"ROCK2","mTORC1","GJA1"
"ROCK2","14/03/2003","GJA1"
"ROCK2","ERRFI1","GJA1"
"ROCK2","WEE1","GJA1"
"ROCK2","GRB10","GJA1"
"ROCK2","SH2B2","GJA1"
"ROCK2","CLK2","GJA1"
"ROCK2","SYK","CFTR"
"ROCK2","PTEN","CFTR"
"ROCK2","MTOR","CFTR"
"ROCK2","MAPK14","CFTR"
"ROCK2","CSNK1D","CFTR"
"ROCK2","RPS6KB1","CFTR"
"ROCK2","CDK5","CFTR"
"ROCK2","CDC25A","CFTR"
"ROCK2","mTORC1","CFTR"
"ROCK2","14/03/2003","CFTR"
"ROCK2","NTRK1","CFTR"
"ROCK2","ERRFI1","CFTR"
"ROCK2","CLK2","CFTR"
"ROCK2","DCK","CFTR"
"ROCK2","GRB14","CFTR"
"ROCK2","PRKAR1A","CFTR"
"ROCK2","NOTCH2","CFTR"
"ROCK2","SYK","TCF7L2"
"ROCK2","PTEN","TCF7L2"
"ROCK2","MTOR","TCF7L2"
"ROCK2","CSNK1D","TCF7L2"
"ROCK2","RPS6KB1","TCF7L2"
"ROCK2","CDK5","TCF7L2"
"ROCK2","CDC25A","TCF7L2"
"ROCK2","mTORC1","TCF7L2"
"ROCK2","MEK1/2","TCF7L2"
"ROCK2","NTRK1","TCF7L2"
"ROCK2","ERRFI1","TCF7L2"
"ROCK2","GRB10","TCF7L2"
"ROCK2","SH2B2","TCF7L2"
"ROCK2","CLK2","TCF7L2"
"ROCK2","NOTCH2","TCF7L2"
"ROCK2","SYK","POLL"
"ROCK2","PTEN","POLL"
"ROCK2","AKT1","POLL"
"ROCK2","MAPK14","POLL"
"ROCK2","CSNK1D","POLL"
"ROCK2","RPS6KB1","POLL"
"ROCK2","CDK5","POLL"
"ROCK2","mTORC1","POLL"
"ROCK2","TYK2","POLL"
"ROCK2","14/03/2003","POLL"
"ROCK2","NTRK1","POLL"
"ROCK2","WEE1","POLL"
"ROCK2","GRB10","POLL"
"ROCK2","SH2B2","POLL"
"ROCK2","DCK","POLL"
"ROCK2","PRKAR1A","POLL"
"ROCK2","PTEN","STAT5A"
"ROCK2","MAPK14","STAT5A"
"ROCK2","PLK1","STAT5A"
"ROCK2","RPS6KB1","STAT5A"
"ROCK2","CDK5","STAT5A"
"ROCK2","mTORC1","STAT5A"
"ROCK2","MEK1/2","STAT5A"
"ROCK2","14/03/2003","STAT5A"
"ROCK2","NTRK1","STAT5A"
"ROCK2","ERRFI1","STAT5A"
"ROCK2","WEE1","STAT5A"
"ROCK2","DCK","STAT5A"
"ROCK2","GRB14","STAT5A"
"ROCK2","NOTCH2","STAT5A"
"ROCK2","SYK","GNAZ"
"ROCK2","PTEN","GNAZ"
"ROCK2","AKT1","GNAZ"
"ROCK2","MAPK14","GNAZ"
"ROCK2","PLK1","GNAZ"
"ROCK2","CDK5","GNAZ"
"ROCK2","mTORC1","GNAZ"
"ROCK2","14/03/2003","GNAZ"
"ROCK2","ERRFI1","GNAZ"
"ROCK2","WEE1","GNAZ"
"ROCK2","GRB10","GNAZ"
"ROCK2","DCK","GNAZ"
"ROCK2","GRB14","GNAZ"
"ROCK2","NOTCH2","GNAZ"
"ROCK2","SYK","POU5F1"
"ROCK2","PTEN","POU5F1"
"ROCK2","MAPK14","POU5F1"
"ROCK2","CSNK1D","POU5F1"
"ROCK2","RPS6KB1","POU5F1"
"ROCK2","CDK5","POU5F1"
"ROCK2","CDC25A","POU5F1"
"ROCK2","mTORC1","POU5F1"
"ROCK2","14/03/2003","POU5F1"
"ROCK2","NTRK1","POU5F1"
"ROCK2","ERRFI1","POU5F1"
"ROCK2","CDKN1A","POU5F1"
"ROCK2","CLK2","POU5F1"
"ROCK2","NOTCH2","POU5F1"
"ROCK2","MAPK14","MEF2D"
"ROCK2","CDK5","MEF2D"
"ROCK2","CDC25A","MEF2D"
"ROCK2","mTORC1","MEF2D"
"ROCK2","14/03/2003","MEF2D"
"ROCK2","ERRFI1","MEF2D"
"ROCK2","CDKN1A","MEF2D"
"ROCK2","GRB10","MEF2D"
"ROCK2","CLK2","MEF2D"
"ROCK2","NOTCH2","MEF2D"
"ROCK2","AKT1","VIM"
"ROCK2","MAPK14","VIM"
"ROCK2","CDK5","VIM"
"ROCK2","mTORC1","VIM"
"ROCK2","NTRK1","VIM"
"ROCK2","CDKN1A","VIM"
"ROCK2","SH2B2","VIM"
"ROCK2","CLK2","VIM"
"ROCK2","GRB14","VIM"
"ROCK2","NOTCH2","VIM"
"ROCK2","SYK","PFKFB2"
"ROCK2","PTEN","PFKFB2"
"ROCK2","AKT1","PFKFB2"
"ROCK2","MAPK14","PFKFB2"
"ROCK2","CSNK1D","PFKFB2"
"ROCK2","PLK1","PFKFB2"
"ROCK2","RPS6KB1","PFKFB2"
"ROCK2","CDK5","PFKFB2"
"ROCK2","CDC25A","PFKFB2"
"ROCK2","mTORC1","PFKFB2"
"ROCK2","14/03/2003","PFKFB2"
"ROCK2","ERRFI1","PFKFB2"
"ROCK2","WEE1","PFKFB2"
"ROCK2","CDKN1A","PFKFB2"
"ROCK2","SH2B2","PFKFB2"
"ROCK2","CLK2","PFKFB2"
"ROCK2","GRB14","PFKFB2"
"ROCK2","NOTCH2","PFKFB2"
"ROCK2","SYK","TCF4"
"ROCK2","PTEN","TCF4"
"ROCK2","AKT1","TCF4"
"ROCK2","CSNK1D","TCF4"
"ROCK2","RPS6KB1","TCF4"
"ROCK2","CDK5","TCF4"
"ROCK2","mTORC1","TCF4"
"ROCK2","NTRK1","TCF4"
"ROCK2","ERRFI1","TCF4"
"ROCK2","GRB10","TCF4"
"ROCK2","SH2B2","TCF4"
"ROCK2","PRKAR1A","TCF4"
"ROCK2","SYK","COPS6"
"ROCK2","MAPK14","COPS6"
"ROCK2","CSNK1D","COPS6"
"ROCK2","RPS6KB1","COPS6"
"ROCK2","CDK5","COPS6"
"ROCK2","mTORC1","COPS6"
"ROCK2","NTRK1","COPS6"
"ROCK2","ERRFI1","COPS6"
"ROCK2","SH2B2","COPS6"
"ROCK2","GRB14","COPS6"
"ROCK2","AKT1","FLNC"
"ROCK2","MAPK14","FLNC"
"ROCK2","RPS6KB1","FLNC"
"ROCK2","CDK5","FLNC"
"ROCK2","CDC25A","FLNC"
"ROCK2","mTORC1","FLNC"
"ROCK2","14/03/2003","FLNC"
"ROCK2","CDKN1A","FLNC"
"ROCK2","CLK2","FLNC"
"ROCK2","SYK","SREBF1"
"ROCK2","PTEN","SREBF1"
"ROCK2","MAPK14","SREBF1"
"ROCK2","CSNK1D","SREBF1"
"ROCK2","PLK1","SREBF1"
"ROCK2","CDK5","SREBF1"
"ROCK2","CDC25A","SREBF1"
"ROCK2","mTORC1","SREBF1"
"ROCK2","TYK2","SREBF1"
"ROCK2","NTRK1","SREBF1"
"ROCK2","ERRFI1","SREBF1"
"ROCK2","CDKN1A","SREBF1"
"ROCK2","CLK2","SREBF1"
"ROCK2","PRKAR1A","SREBF1"
"ROCK2","SYK","ELK1"
"ROCK2","PTEN","ELK1"
"ROCK2","MAPK14","ELK1"
"ROCK2","CSNK1D","ELK1"
"ROCK2","CDK5","ELK1"
"ROCK2","MEK1/2","ELK1"
"ROCK2","14/03/2003","ELK1"
"ROCK2","ERRFI1","ELK1"
"ROCK2","WEE1","ELK1"
"ROCK2","GRB10","ELK1"
"ROCK2","PRKAR1A","ELK1"
"ROCK2","SYK","HDAC7"
"ROCK2","PTEN","HDAC7"
"ROCK2","AKT1","HDAC7"
"ROCK2","MAPK14","HDAC7"
"ROCK2","CSNK1D","HDAC7"
"ROCK2","PLK1","HDAC7"
"ROCK2","RPS6KB1","HDAC7"
"ROCK2","CDC25A","HDAC7"
"ROCK2","mTORC1","HDAC7"
"ROCK2","ERRFI1","HDAC7"
"ROCK2","CDKN1A","HDAC7"
"ROCK2","CLK2","HDAC7"
"ROCK2","DCK","HDAC7"
"ROCK2","GRB14","HDAC7"
"ROCK2","PTEN","MAFA"
"ROCK2","AKT1","MAFA"
"ROCK2","CSNK1D","MAFA"
"ROCK2","PLK1","MAFA"
"ROCK2","RPS6KB1","MAFA"
"ROCK2","CDK5","MAFA"
"ROCK2","CDC25A","MAFA"
"ROCK2","mTORC1","MAFA"
"ROCK2","MEK1/2","MAFA"
"ROCK2","ERRFI1","MAFA"
"ROCK2","GRB10","MAFA"
"ROCK2","SH2B2","MAFA"
"ROCK2","CLK2","MAFA"
"ROCK2","SYK","SF3B1"
"ROCK2","PTEN","SF3B1"
"ROCK2","AKT1","SF3B1"
"ROCK2","MAPK14","SF3B1"
"ROCK2","CSNK1D","SF3B1"
"ROCK2","PLK1","SF3B1"
"ROCK2","CDK5","SF3B1"
"ROCK2","CDC25A","SF3B1"
"ROCK2","mTORC1","SF3B1"
"ROCK2","STK39","SF3B1"
"ROCK2","MEK1/2","SF3B1"
"ROCK2","ERRFI1","SF3B1"
"ROCK2","GRB10","SF3B1"
"ROCK2","SH2B2","SF3B1"
"ROCK2","CLK2","SF3B1"
"ROCK2","NOTCH2","SF3B1"
"ROCK2","SYK","CCDC6"
"ROCK2","PTEN","CCDC6"
"ROCK2","MAPK14","CCDC6"
"ROCK2","CSNK1D","CCDC6"
"ROCK2","PLK1","CCDC6"
"ROCK2","CDK5","CCDC6"
"ROCK2","mTORC1","CCDC6"
"ROCK2","MEK1/2","CCDC6"
"ROCK2","14/03/2003","CCDC6"
"ROCK2","CDKN1A","CCDC6"
"ROCK2","GRB10","CCDC6"
"ROCK2","SH2B2","CCDC6"
"ROCK2","CLK2","CCDC6"
"ROCK2","GRB14","CCDC6"
"ROCK2","PRKAR1A","CCDC6"
"ROCK2","SYK","GLI1"
"ROCK2","PTEN","GLI1"
"ROCK2","MTOR","GLI1"
"ROCK2","AKT1","GLI1"
"ROCK2","MAPK14","GLI1"
"ROCK2","CSNK1D","GLI1"
"ROCK2","PLK1","GLI1"
"ROCK2","CDK5","GLI1"
"ROCK2","CDC25A","GLI1"
"ROCK2","mTORC1","GLI1"
"ROCK2","NTRK1","GLI1"
"ROCK2","CDKN1A","GLI1"
"ROCK2","CLK2","GLI1"
"ROCK2","DCK","GLI1"
"ROCK2","PRKAR1A","GLI1"
"ROCK2","SYK","CTPS1"
"ROCK2","PTEN","CTPS1"
"ROCK2","AKT1","CTPS1"
"ROCK2","MAPK14","CTPS1"
"ROCK2","CSNK1D","CTPS1"
"ROCK2","PLK1","CTPS1"
"ROCK2","RPS6KB1","CTPS1"
"ROCK2","CDK5","CTPS1"
"ROCK2","mTORC1","CTPS1"
"ROCK2","ERRFI1","CTPS1"
"ROCK2","CLK2","CTPS1"
"ROCK2","DCK","CTPS1"
"ROCK2","SYK","UNG"
"ROCK2","PTEN","UNG"
"ROCK2","MAPK14","UNG"
"ROCK2","CSNK1D","UNG"
"ROCK2","RPS6KB1","UNG"
"ROCK2","mTORC1","UNG"
"ROCK2","MEK1/2","UNG"
"ROCK2","ERRFI1","UNG"
"ROCK2","GRB10","UNG"
"ROCK2","SH2B2","UNG"
"ROCK2","CLK2","UNG"
"ROCK2","SYK","DNMT1"
"ROCK2","PTEN","DNMT1"
"ROCK2","MAPK14","DNMT1"
"ROCK2","CSNK1D","DNMT1"
"ROCK2","RPS6KB1","DNMT1"
"ROCK2","CDK5","DNMT1"
"ROCK2","mTORC1","DNMT1"
"ROCK2","MEK1/2","DNMT1"
"ROCK2","NTRK1","DNMT1"
"ROCK2","ERRFI1","DNMT1"
"ROCK2","CDKN1A","DNMT1"
"ROCK2","GRB10","DNMT1"
"ROCK2","CLK2","DNMT1"
"ROCK2","PRKAR1A","DNMT1"
"ROCK2","SYK","RANBP3"
"ROCK2","PTEN","RANBP3"
"ROCK2","MAPK14","RANBP3"
"ROCK2","RPS6KB1","RANBP3"
"ROCK2","CDK5","RANBP3"
"ROCK2","MEK1/2","RANBP3"
"ROCK2","NTRK1","RANBP3"
"ROCK2","WEE1","RANBP3"
"ROCK2","CDKN1A","RANBP3"
"ROCK2","GRB10","RANBP3"
"ROCK2","SH2B2","RANBP3"
"ROCK2","CLK2","RANBP3"
"ROCK2","DCK","RANBP3"
"ROCK2","PRKAR1A","RANBP3"
"ROCK2","NOTCH2","RANBP3"
"ROCK2","MTOR","PRDX1"
"ROCK2","AKT1","PRDX1"
"ROCK2","PLK1","PRDX1"
"ROCK2","mTORC1","PRDX1"
"ROCK2","ERRFI1","PRDX1"
"ROCK2","WEE1","PRDX1"
"ROCK2","CDKN1A","PRDX1"
"ROCK2","DCK","PRDX1"
"ROCK2","NOTCH2","PRDX1"
"ROCK2","PTEN","TOP2A"
"ROCK2","MTOR","TOP2A"
"ROCK2","AKT1","TOP2A"
"ROCK2","MAPK14","TOP2A"
"ROCK2","PLK1","TOP2A"
"ROCK2","RPS6KB1","TOP2A"
"ROCK2","mTORC1","TOP2A"
"ROCK2","NTRK1","TOP2A"
"ROCK2","ERRFI1","TOP2A"
"ROCK2","CDKN1A","TOP2A"
"ROCK2","CLK2","TOP2A"
"ROCK2","DCK","TOP2A"
"ROCK2","GRB14","TOP2A"
"ROCK2","SYK","DEK"
"ROCK2","PTEN","DEK"
"ROCK2","MAPK14","DEK"
"ROCK2","CSNK1D","DEK"
"ROCK2","RPS6KB1","DEK"
"ROCK2","CDK5","DEK"
"ROCK2","mTORC1","DEK"
"ROCK2","TYK2","DEK"
"ROCK2","14/03/2003","DEK"
"ROCK2","NTRK1","DEK"
"ROCK2","WEE1","DEK"
"ROCK2","CDKN1A","DEK"
"ROCK2","GRB14","DEK"
"ROCK2","NOTCH2","DEK"
"ROCK2","SYK","ZRANB1"
"ROCK2","MAPK14","ZRANB1"
"ROCK2","PLK1","ZRANB1"
"ROCK2","RPS6KB1","ZRANB1"
"ROCK2","CDK5","ZRANB1"
"ROCK2","mTORC1","ZRANB1"
"ROCK2","MEK1/2","ZRANB1"
"ROCK2","NTRK1","ZRANB1"
"ROCK2","ERRFI1","ZRANB1"
"ROCK2","GRB10","ZRANB1"
"ROCK2","PRKAR1A","ZRANB1"
"ROCK2","SYK","ACOT4"
"ROCK2","MAPK14","ACOT4"
"ROCK2","CDK5","ACOT4"
"ROCK2","CDC25A","ACOT4"
"ROCK2","STK39","ACOT4"
"ROCK2","MEK1/2","ACOT4"
"ROCK2","14/03/2003","ACOT4"
"ROCK2","NTRK1","ACOT4"
"ROCK2","WEE1","ACOT4"
"ROCK2","GRB10","ACOT4"
"ROCK2","SH2B2","ACOT4"
"ROCK2","DCK","ACOT4"
"ROCK2","PRKAR1A","ACOT4"
"ROCK2","NOTCH2","ACOT4"
"ROCK2","MAPK14","Histone H3"
"ROCK2","RPS6KB1","Histone H3"
"ROCK2","STK39","Histone H3"
"ROCK2","TYK2","Histone H3"
"ROCK2","MEK1/2","Histone H3"
"ROCK2","NTRK1","Histone H3"
"ROCK2","ERRFI1","Histone H3"
"ROCK2","WEE1","Histone H3"
"ROCK2","CDKN1A","Histone H3"
"ROCK2","CLK2","Histone H3"
"ROCK2","DCK","Histone H3"
"ROCK2","GRB14","Histone H3"
"ROCK2","NOTCH2","Histone H3"
"ROCK2","MAPK14","TP73"
"ROCK2","mTORC1","TP73"
"ROCK2","STK39","TP73"
"ROCK2","14/03/2003","TP73"
"ROCK2","CDKN1A","TP73"
"ROCK2","CLK2","TP73"
"ROCK2","DCK","TP73"
"ROCK2","PRKAR1A","TP73"
"ROCK2","PTEN","UHRF1"
"ROCK2","RPS6KB1","UHRF1"
"ROCK2","CDK5","UHRF1"
"ROCK2","CDC25A","UHRF1"
"ROCK2","mTORC1","UHRF1"
"ROCK2","STK39","UHRF1"
"ROCK2","ERRFI1","UHRF1"
"ROCK2","CDKN1A","UHRF1"
"ROCK2","GRB14","UHRF1"
"ROCK2","PRKAR1A","UHRF1"
"ROCK2","NOTCH2","UHRF1"
"ROCK2","PTEN","PSEN2"
"ROCK2","AKT1","PSEN2"
"ROCK2","MAPK14","PSEN2"
"ROCK2","RPS6KB1","PSEN2"
"ROCK2","TYK2","PSEN2"
"ROCK2","MEK1/2","PSEN2"
"ROCK2","WEE1","PSEN2"
"ROCK2","GRB10","PSEN2"
"ROCK2","CLK2","PSEN2"
"ROCK2","GRB14","PSEN2"
"ROCK2","PRKAR1A","PSEN2"
"ROCK2","AKT1","ACACA"
"ROCK2","SYK","PIKFYVE"
"ROCK2","PTEN","PIKFYVE"
"ROCK2","MAPK14","PIKFYVE"
"ROCK2","PLK1","PIKFYVE"
"ROCK2","RPS6KB1","PIKFYVE"
"ROCK2","CDC25A","PIKFYVE"
"ROCK2","MEK1/2","PIKFYVE"
"ROCK2","14/03/2003","PIKFYVE"
"ROCK2","NTRK1","PIKFYVE"
"ROCK2","ERRFI1","PIKFYVE"
"ROCK2","CLK2","PIKFYVE"
"ROCK2","DCK","PIKFYVE"
"ROCK2","NOTCH2","PIKFYVE"
"ROCK2","SYK","CRTC1"
"ROCK2","MTOR","CRTC1"
"ROCK2","AKT1","CRTC1"
"ROCK2","MAPK14","CRTC1"
"ROCK2","CSNK1D","CRTC1"
"ROCK2","mTORC1","CRTC1"
"ROCK2","TYK2","CRTC1"
"ROCK2","MEK1/2","CRTC1"
"ROCK2","14/03/2003","CRTC1"
"ROCK2","WEE1","CRTC1"
"ROCK2","CDKN1A","CRTC1"
"ROCK2","SH2B2","CRTC1"
"ROCK2","CLK2","CRTC1"
"ROCK2","DCK","CRTC1"
"ROCK2","GRB14","CRTC1"
"ROCK2","PRKAR1A","CRTC1"
"ROCK2","PTEN","SNAI1"
"ROCK2","AKT1","SNAI1"
"ROCK2","MAPK14","SNAI1"
"ROCK2","PLK1","SNAI1"
"ROCK2","STK39","SNAI1"
"ROCK2","TYK2","SNAI1"
"ROCK2","14/03/2003","SNAI1"
"ROCK2","NTRK1","SNAI1"
"ROCK2","ERRFI1","SNAI1"
"ROCK2","SH2B2","SNAI1"
"ROCK2","CLK2","SNAI1"
"ROCK2","DCK","SNAI1"
"ROCK2","GRB14","SNAI1"
"ROCK2","SYK","PDE3B"
"ROCK2","MAPK14","PDE3B"
"ROCK2","PLK1","PDE3B"
"ROCK2","mTORC1","PDE3B"
"ROCK2","STK39","PDE3B"
"ROCK2","TYK2","PDE3B"
"ROCK2","14/03/2003","PDE3B"
"ROCK2","WEE1","PDE3B"
"ROCK2","CDKN1A","PDE3B"
"ROCK2","DCK","PDE3B"
"ROCK2","GRB14","PDE3B"
"ROCK2","SYK","GLI2"
"ROCK2","PTEN","GLI2"
"ROCK2","MAPK14","GLI2"
"ROCK2","CSNK1D","GLI2"
"ROCK2","RPS6KB1","GLI2"
"ROCK2","CDK5","GLI2"
"ROCK2","TYK2","GLI2"
"ROCK2","ERRFI1","GLI2"
"ROCK2","WEE1","GLI2"
"ROCK2","GRB10","GLI2"
"ROCK2","CLK2","GLI2"
"ROCK2","DCK","GLI2"
"ROCK2","SYK","KIR3DL1"
"ROCK2","MTOR","KIR3DL1"
"ROCK2","AKT1","KIR3DL1"
"ROCK2","MAPK14","KIR3DL1"
"ROCK2","PLK1","KIR3DL1"
"ROCK2","CDC25A","KIR3DL1"
"ROCK2","TYK2","KIR3DL1"
"ROCK2","NTRK1","KIR3DL1"
"ROCK2","ERRFI1","KIR3DL1"
"ROCK2","WEE1","KIR3DL1"
"ROCK2","DCK","KIR3DL1"
"ROCK2","GRB14","KIR3DL1"
"ROCK2","NOTCH2","KIR3DL1"
"ROCK2","SYK","HIRA"
"ROCK2","PTEN","HIRA"
"ROCK2","MTOR","HIRA"
"ROCK2","MAPK14","HIRA"
"ROCK2","PLK1","HIRA"
"ROCK2","STK39","HIRA"
"ROCK2","TYK2","HIRA"
"ROCK2","14/03/2003","HIRA"
"ROCK2","WEE1","HIRA"
"ROCK2","CDKN1A","HIRA"
"ROCK2","GRB10","HIRA"
"ROCK2","CLK2","HIRA"
"ROCK2","DCK","HIRA"
"ROCK2","GRB14","HIRA"
"ROCK2","SYK","MACF1"
"ROCK2","PTEN","MACF1"
"ROCK2","MTOR","MACF1"
"ROCK2","AKT1","MACF1"
"ROCK2","MAPK14","MACF1"
"ROCK2","PLK1","MACF1"
"ROCK2","STK39","MACF1"
"ROCK2","TYK2","MACF1"
"ROCK2","14/03/2003","MACF1"
"ROCK2","WEE1","MACF1"
"ROCK2","CDKN1A","MACF1"
"ROCK2","CLK2","MACF1"
"ROCK2","DCK","MACF1"
"ROCK2","GRB14","MACF1"
"ROCK2","NOTCH2","MACF1"
"ROCK2","SYK","NACA"
"ROCK2","PTEN","NACA"
"ROCK2","AKT1","NACA"
"ROCK2","MAPK14","NACA"
"ROCK2","PLK1","NACA"
"ROCK2","CDK5","NACA"
"ROCK2","mTORC1","NACA"
"ROCK2","STK39","NACA"
"ROCK2","GRB10","NACA"
"ROCK2","DCK","NACA"
"ROCK2","NOTCH2","NACA"
"ROCK2","PTEN","MVD"
"ROCK2","MTOR","MVD"
"ROCK2","MAPK14","MVD"
"ROCK2","CSNK1D","MVD"
"ROCK2","PLK1","MVD"
"ROCK2","CDC25A","MVD"
"ROCK2","mTORC1","MVD"
"ROCK2","STK39","MVD"
"ROCK2","ERRFI1","MVD"
"ROCK2","GRB10","MVD"
"ROCK2","SH2B2","MVD"
"ROCK2","DCK","MVD"
"ROCK2","GRB14","MVD"
"ROCK2","SYK","EIF4A1"
"ROCK2","PTEN","EIF4A1"
"ROCK2","MTOR","EIF4A1"
"ROCK2","MAPK14","EIF4A1"
"ROCK2","CSNK1D","EIF4A1"
"ROCK2","RPS6KB1","EIF4A1"
"ROCK2","CDK5","EIF4A1"
"ROCK2","STK39","EIF4A1"
"ROCK2","NTRK1","EIF4A1"
"ROCK2","ERRFI1","EIF4A1"
"ROCK2","GRB10","EIF4A1"
"ROCK2","SH2B2","EIF4A1"
"ROCK2","DCK","EIF4A1"
"ROCK2","GRB14","EIF4A1"
"ROCK2","PRKAR1A","EIF4A1"
"ROCK2","PTEN","VDAC1"
"ROCK2","MTOR","VDAC1"
"ROCK2","MAPK14","VDAC1"
"ROCK2","PLK1","VDAC1"
"ROCK2","mTORC1","VDAC1"
"ROCK2","STK39","VDAC1"
"ROCK2","TYK2","VDAC1"
"ROCK2","MEK1/2","VDAC1"
"ROCK2","14/03/2003","VDAC1"
"ROCK2","WEE1","VDAC1"
"ROCK2","CDKN1A","VDAC1"
"ROCK2","SH2B2","VDAC1"
"ROCK2","CLK2","VDAC1"
"ROCK2","SYK","CCND3"
"ROCK2","AKT1","CCND3"
"ROCK2","MAPK14","CCND3"
"ROCK2","PLK1","CCND3"
"ROCK2","STK39","CCND3"
"ROCK2","TYK2","CCND3"
"ROCK2","SH2B2","CCND3"
"ROCK2","DCK","CCND3"
"ROCK2","NOTCH2","CCND3"
"ROCK2","SYK","ATG4B"
"ROCK2","PTEN","ATG4B"
"ROCK2","AKT1","ATG4B"
"ROCK2","MAPK14","ATG4B"
"ROCK2","CSNK1D","ATG4B"
"ROCK2","PLK1","ATG4B"
"ROCK2","STK39","ATG4B"
"ROCK2","TYK2","ATG4B"
"ROCK2","14/03/2003","ATG4B"
"ROCK2","WEE1","ATG4B"
"ROCK2","CDKN1A","ATG4B"
"ROCK2","DCK","ATG4B"
"ROCK2","GRB14","ATG4B"
"ROCK2","NOTCH2","ATG4B"
"ROCK2","SYK","NEFH"
"ROCK2","PTEN","NEFH"
"ROCK2","MTOR","NEFH"
"ROCK2","AKT1","NEFH"
"ROCK2","MAPK14","NEFH"
"ROCK2","PLK1","NEFH"
"ROCK2","mTORC1","NEFH"
"ROCK2","STK39","NEFH"
"ROCK2","TYK2","NEFH"
"ROCK2","14/03/2003","NEFH"
"ROCK2","SYK","BCR"
"ROCK2","MAPK14","BCR"
"ROCK2","CSNK1D","BCR"
"ROCK2","PLK1","BCR"
"ROCK2","CDC25A","BCR"
"ROCK2","STK39","BCR"
"ROCK2","TYK2","BCR"
"ROCK2","14/03/2003","BCR"
"ROCK2","ERRFI1","BCR"
"ROCK2","WEE1","BCR"
"ROCK2","GRB10","BCR"
"ROCK2","SH2B2","BCR"
"ROCK2","DCK","BCR"
"ROCK2","GRB14","BCR"
"ROCK2","SYK","YBX1"
"ROCK2","PTEN","YBX1"
"ROCK2","MTOR","YBX1"
"ROCK2","MAPK14","YBX1"
"ROCK2","CDC25A","YBX1"
"ROCK2","STK39","YBX1"
"ROCK2","TYK2","YBX1"
"ROCK2","14/03/2003","YBX1"
"ROCK2","ERRFI1","YBX1"
"ROCK2","WEE1","YBX1"
"ROCK2","GRB10","YBX1"
"ROCK2","SH2B2","YBX1"
"ROCK2","DCK","YBX1"
"ROCK2","PTEN","RPTOR"
"ROCK2","MTOR","RPTOR"
"ROCK2","AKT1","RPTOR"
"ROCK2","MAPK14","RPTOR"
"ROCK2","CSNK1D","RPTOR"
"ROCK2","PLK1","RPTOR"
"ROCK2","STK39","RPTOR"
"ROCK2","WEE1","RPTOR"
"ROCK2","CDKN1A","RPTOR"
"ROCK2","CLK2","RPTOR"
"ROCK2","DCK","RPTOR"
"ROCK2","GRB14","RPTOR"
"ROCK2","SYK","PIK3R2"
"ROCK2","PTEN","PIK3R2"
"ROCK2","CSNK1D","PIK3R2"
"ROCK2","PLK1","PIK3R2"
"ROCK2","CDC25A","PIK3R2"
"ROCK2","mTORC1","PIK3R2"
"ROCK2","TYK2","PIK3R2"
"ROCK2","14/03/2003","PIK3R2"
"ROCK2","ERRFI1","PIK3R2"
"ROCK2","WEE1","PIK3R2"
"ROCK2","GRB10","PIK3R2"
"ROCK2","SH2B2","PIK3R2"
"ROCK2","DCK","PIK3R2"
"ROCK2","GRB14","PIK3R2"
"ROCK2","SYK","RPS3"
"ROCK2","PTEN","RPS3"
"ROCK2","AKT1","RPS3"
"ROCK2","MAPK14","RPS3"
"ROCK2","PLK1","RPS3"
"ROCK2","RPS6KB1","RPS3"
"ROCK2","CDC25A","RPS3"
"ROCK2","STK39","RPS3"
"ROCK2","14/03/2003","RPS3"
"ROCK2","NTRK1","RPS3"
"ROCK2","ERRFI1","RPS3"
"ROCK2","WEE1","RPS3"
"ROCK2","SYK","NR2C2"
"ROCK2","PTEN","NR2C2"
"ROCK2","MTOR","NR2C2"
"ROCK2","AKT1","NR2C2"
"ROCK2","MAPK14","NR2C2"
"ROCK2","CSNK1D","NR2C2"
"ROCK2","PLK1","NR2C2"
"ROCK2","CDC25A","NR2C2"
"ROCK2","TYK2","NR2C2"
"ROCK2","ERRFI1","NR2C2"
"ROCK2","WEE1","NR2C2"
"ROCK2","DCK","NR2C2"
"ROCK2","GRB14","NR2C2"
"ROCK2","NOTCH2","NR2C2"
"ROCK2","SYK","MCM2"
"ROCK2","PTEN","MCM2"
"ROCK2","MAPK14","MCM2"
"ROCK2","CSNK1D","MCM2"
"ROCK2","PLK1","MCM2"
"ROCK2","CDC25A","MCM2"
"ROCK2","TYK2","MCM2"
"ROCK2","ERRFI1","MCM2"
"ROCK2","WEE1","MCM2"
"ROCK2","DCK","MCM2"
"ROCK2","GRB14","MCM2"
"ROCK2","SYK","ATRIP"
"ROCK2","PTEN","ATRIP"
"ROCK2","MTOR","ATRIP"
"ROCK2","MAPK14","ATRIP"
"ROCK2","PLK1","ATRIP"
"ROCK2","STK39","ATRIP"
"ROCK2","TYK2","ATRIP"
"ROCK2","NTRK1","ATRIP"
"ROCK2","ERRFI1","ATRIP"
"ROCK2","CDKN1A","ATRIP"
"ROCK2","SH2B2","ATRIP"
"ROCK2","DCK","ATRIP"
"ROCK2","GRB14","ATRIP"
"ROCK2","SYK","TTC3"
"ROCK2","PTEN","TTC3"
"ROCK2","AKT1","TTC3"
"ROCK2","MAPK14","TTC3"
"ROCK2","PLK1","TTC3"
"ROCK2","mTORC1","TTC3"
"ROCK2","STK39","TTC3"
"ROCK2","TYK2","TTC3"
"ROCK2","MEK1/2","TTC3"
"ROCK2","14/03/2003","TTC3"
"ROCK2","WEE1","TTC3"
"ROCK2","CDKN1A","TTC3"
"ROCK2","SH2B2","TTC3"
"ROCK2","DCK","TTC3"
"ROCK2","GRB14","TTC3"
"ROCK2","NOTCH2","TTC3"
"ROCK2","SYK","DPYSL2"
"ROCK2","PTEN","DPYSL2"
"ROCK2","MTOR","DPYSL2"
"ROCK2","AKT1","DPYSL2"
"ROCK2","MAPK14","DPYSL2"
"ROCK2","CSNK1D","DPYSL2"
"ROCK2","PLK1","DPYSL2"
"ROCK2","mTORC1","DPYSL2"
"ROCK2","STK39","DPYSL2"
"ROCK2","TYK2","DPYSL2"
"ROCK2","MEK1/2","DPYSL2"
"ROCK2","DCK","DPYSL2"
"ROCK2","SYK","PEA15"
"ROCK2","PTEN","PEA15"
"ROCK2","MAPK14","PEA15"
"ROCK2","PLK1","PEA15"
"ROCK2","STK39","PEA15"
"ROCK2","TYK2","PEA15"
"ROCK2","ERRFI1","PEA15"
"ROCK2","SH2B2","PEA15"
"ROCK2","GRB14","PEA15"
"ROCK2","SYK","Hexokinase"
"ROCK2","PTEN","Hexokinase"
"ROCK2","MAPK14","Hexokinase"
"ROCK2","PLK1","Hexokinase"
"ROCK2","STK39","Hexokinase"
"ROCK2","NTRK1","Hexokinase"
"ROCK2","CDKN1A","Hexokinase"
"ROCK2","SYK","EPOR"
"ROCK2","MAPK14","EPOR"
"ROCK2","PLK1","EPOR"
"ROCK2","RPS6KB1","EPOR"
"ROCK2","STK39","EPOR"
"ROCK2","14/03/2003","EPOR"
"ROCK2","NTRK1","EPOR"
"ROCK2","WEE1","EPOR"
"ROCK2","CDKN1A","EPOR"
"ROCK2","DCK","EPOR"
"ROCK2","GRB14","EPOR"
"ROCK2","NOTCH2","EPOR"
"ROCK2","SYK","GYS1"
"ROCK2","PTEN","GYS1"
"ROCK2","MTOR","GYS1"
"ROCK2","MAPK14","GYS1"
"ROCK2","CSNK1D","GYS1"
"ROCK2","PLK1","GYS1"
"ROCK2","CDC25A","GYS1"
"ROCK2","NTRK1","GYS1"
"ROCK2","ERRFI1","GYS1"
"ROCK2","WEE1","GYS1"
"ROCK2","CLK2","GYS1"
"ROCK2","DCK","GYS1"
"ROCK2","GRB14","GYS1"
"ROCK2","NOTCH2","GYS1"
"ROCK2","SYK","RRN3"
"ROCK2","MTOR","RRN3"
"ROCK2","AKT1","RRN3"
"ROCK2","PLK1","RRN3"
"ROCK2","STK39","RRN3"
"ROCK2","TYK2","RRN3"
"ROCK2","14/03/2003","RRN3"
"ROCK2","WEE1","RRN3"
"ROCK2","CDKN1A","RRN3"
"ROCK2","DCK","RRN3"
"ROCK2","GRB14","RRN3"
"ROCK2","SYK","MNX1"
"ROCK2","PTEN","MNX1"
"ROCK2","AKT1","MNX1"
"ROCK2","MAPK14","MNX1"
"ROCK2","PLK1","MNX1"
"ROCK2","mTORC1","MNX1"
"ROCK2","STK39","MNX1"
"ROCK2","TYK2","MNX1"
"ROCK2","14/03/2003","MNX1"
"ROCK2","WEE1","MNX1"
"ROCK2","CDKN1A","MNX1"
"ROCK2","DCK","MNX1"
"ROCK2","GRB14","MNX1"
"ROCK2","SYK","SCN2A"
"ROCK2","PTEN","SCN2A"
"ROCK2","MTOR","SCN2A"
"ROCK2","AKT1","SCN2A"
"ROCK2","MAPK14","SCN2A"
"ROCK2","PLK1","SCN2A"
"ROCK2","CDC25A","SCN2A"
"ROCK2","STK39","SCN2A"
"ROCK2","TYK2","SCN2A"
"ROCK2","WEE1","SCN2A"
"ROCK2","GRB10","SCN2A"
"ROCK2","CLK2","SCN2A"
"ROCK2","DCK","SCN2A"
"ROCK2","PRKAR1A","SCN2A"
"ROCK2","NOTCH2","SCN2A"
"ROCK2","AKT1","DERL1"
"ROCK2","MAPK14","DERL1"
"ROCK2","CSNK1D","DERL1"
"ROCK2","CDK5","DERL1"
"ROCK2","STK39","DERL1"
"ROCK2","14/03/2003","DERL1"
"ROCK2","NTRK1","DERL1"
"ROCK2","ERRFI1","DERL1"
"ROCK2","CLK2","DERL1"
"ROCK2","DCK","DERL1"
"ROCK2","PRKAR1A","DERL1"
"ROCK2","NOTCH2","DERL1"
"ROCK2","SYK","ORC2"
"ROCK2","PTEN","ORC2"
"ROCK2","MTOR","ORC2"
"ROCK2","AKT1","ORC2"
"ROCK2","MAPK14","ORC2"
"ROCK2","PLK1","ORC2"
"ROCK2","TYK2","ORC2"
"ROCK2","WEE1","ORC2"
"ROCK2","CDKN1A","ORC2"
"ROCK2","DCK","ORC2"
"ROCK2","GRB14","ORC2"
"ROCK2","AKT1","CASP3"
"ROCK2","SYK","EIF2B5"
"ROCK2","MTOR","EIF2B5"
"ROCK2","AKT1","EIF2B5"
"ROCK2","PLK1","EIF2B5"
"ROCK2","CDK5","EIF2B5"
"ROCK2","CDC25A","EIF2B5"
"ROCK2","mTORC1","EIF2B5"
"ROCK2","TYK2","EIF2B5"
"ROCK2","MEK1/2","EIF2B5"
"ROCK2","14/03/2003","EIF2B5"
"ROCK2","NTRK1","EIF2B5"
"ROCK2","CDKN1A","EIF2B5"
"ROCK2","GRB10","EIF2B5"
"ROCK2","NOTCH2","EIF2B5"
"ROCK2","MTOR","HNF4A"
"ROCK2","AKT1","HNF4A"
"ROCK2","RPS6KB1","HNF4A"
"ROCK2","CDC25A","HNF4A"
"ROCK2","TYK2","HNF4A"
"ROCK2","NTRK1","HNF4A"
"ROCK2","WEE1","HNF4A"
"ROCK2","CDKN1A","HNF4A"
"ROCK2","DCK","HNF4A"
"ROCK2","GRB14","HNF4A"
"ROCK2","PTEN","EIF4EBP3"
"ROCK2","MAPK14","EIF4EBP3"
"ROCK2","CSNK1D","EIF4EBP3"
"ROCK2","CDC25A","EIF4EBP3"
"ROCK2","mTORC1","EIF4EBP3"
"ROCK2","STK39","EIF4EBP3"
"ROCK2","MEK1/2","EIF4EBP3"
"ROCK2","ERRFI1","EIF4EBP3"
"ROCK2","WEE1","EIF4EBP3"
"ROCK2","CDKN1A","EIF4EBP3"
"ROCK2","GRB10","EIF4EBP3"
"ROCK2","SH2B2","EIF4EBP3"
"ROCK2","CLK2","EIF4EBP3"
"ROCK2","DCK","EIF4EBP3"
"ROCK2","PRKAR1A","EIF4EBP3"
"ROCK2","SYK","TRRAP"
"ROCK2","MTOR","TRRAP"
"ROCK2","AKT1","TRRAP"
"ROCK2","CSNK1D","TRRAP"
"ROCK2","CDK5","TRRAP"
"ROCK2","mTORC1","TRRAP"
"ROCK2","MEK1/2","TRRAP"
"ROCK2","NTRK1","TRRAP"
"ROCK2","ERRFI1","TRRAP"
"ROCK2","SH2B2","TRRAP"
"ROCK2","PRKAR1A","TRRAP"
"ROCK2","NOTCH2","TRRAP"
"ROCK2","SYK","LIPE"
"ROCK2","PTEN","LIPE"
"ROCK2","AKT1","LIPE"
"ROCK2","MAPK14","LIPE"
"ROCK2","CSNK1D","LIPE"
"ROCK2","CDC25A","LIPE"
"ROCK2","mTORC1","LIPE"
"ROCK2","MEK1/2","LIPE"
"ROCK2","NTRK1","LIPE"
"ROCK2","WEE1","LIPE"
"ROCK2","CDKN1A","LIPE"
"ROCK2","GRB10","LIPE"
"ROCK2","GRB14","LIPE"
"ROCK2","PRKAR1A","LIPE"
"ROCK2","MTOR","JMJD1C"
"ROCK2","AKT1","JMJD1C"
"ROCK2","MAPK14","JMJD1C"
"ROCK2","RPS6KB1","JMJD1C"
"ROCK2","CDC25A","JMJD1C"
"ROCK2","STK39","JMJD1C"
"ROCK2","MEK1/2","JMJD1C"
"ROCK2","14/03/2003","JMJD1C"
"ROCK2","NTRK1","JMJD1C"
"ROCK2","ERRFI1","JMJD1C"
"ROCK2","CDKN1A","JMJD1C"
"ROCK2","SH2B2","JMJD1C"
"ROCK2","NOTCH2","JMJD1C"
"ROCK2","MTOR","STAT5B"
"ROCK2","AKT1","STAT5B"
"ROCK2","CSNK1D","STAT5B"
"ROCK2","mTORC1","STAT5B"
"ROCK2","STK39","STAT5B"
"ROCK2","MEK1/2","STAT5B"
"ROCK2","GRB10","STAT5B"
"ROCK2","NOTCH2","STAT5B"
"ROCK2","MAPK14","AGO2"
"ROCK2","CSNK1D","AGO2"
"ROCK2","mTORC1","AGO2"
"ROCK2","STK39","AGO2"
"ROCK2","14/03/2003","AGO2"
"ROCK2","ERRFI1","AGO2"
"ROCK2","CDKN1A","AGO2"
"ROCK2","SH2B2","AGO2"
"ROCK2","PRKAR1A","AGO2"
"ROCK2","NOTCH2","AGO2"
"ROCK2","MTOR","ATP2A2"
"ROCK2","AKT1","ATP2A2"
"ROCK2","MAPK14","ATP2A2"
"ROCK2","CDC25A","ATP2A2"
"ROCK2","TYK2","ATP2A2"
"ROCK2","14/03/2003","ATP2A2"
"ROCK2","ERRFI1","ATP2A2"
"ROCK2","WEE1","ATP2A2"
"ROCK2","CDKN1A","ATP2A2"
"ROCK2","GRB14","ATP2A2"
"ROCK2","SYK","PIP4K2C"
"ROCK2","PTEN","PIP4K2C"
"ROCK2","MTOR","PIP4K2C"
"ROCK2","AKT1","PIP4K2C"
"ROCK2","MAPK14","PIP4K2C"
"ROCK2","CSNK1D","PIP4K2C"
"ROCK2","RPS6KB1","PIP4K2C"
"ROCK2","CDK5","PIP4K2C"
"ROCK2","TYK2","PIP4K2C"
"ROCK2","SH2B2","PIP4K2C"
"ROCK2","CLK2","PIP4K2C"
"ROCK2","GRB14","PIP4K2C"
"ROCK2","SYK","MYL9"
"ROCK2","MTOR","MYL9"
"ROCK2","AKT1","MYL9"
"ROCK2","PLK1","MYL9"
"ROCK2","CDC25A","MYL9"
"ROCK2","TYK2","MYL9"
"ROCK2","MEK1/2","MYL9"
"ROCK2","14/03/2003","MYL9"
"ROCK2","WEE1","MYL9"
"ROCK2","GRB10","MYL9"
"ROCK2","SH2B2","MYL9"
"ROCK2","DCK","MYL9"
"ROCK2","GRB14","MYL9"
"ROCK2","PRKAR1A","MYL9"
"ROCK2","NOTCH2","MYL9"
"ROCK2","PTEN","LIG1"
"ROCK2","AKT1","LIG1"
"ROCK2","PLK1","LIG1"
"ROCK2","RPS6KB1","LIG1"
"ROCK2","CDK5","LIG1"
"ROCK2","CDC25A","LIG1"
"ROCK2","STK39","LIG1"
"ROCK2","ERRFI1","LIG1"
"ROCK2","PRKAR1A","LIG1"
"ROCK2","NOTCH2","LIG1"
"ROCK2","SYK","SRSF1"
"ROCK2","PTEN","SRSF1"
"ROCK2","MAPK14","SRSF1"
"ROCK2","RPS6KB1","SRSF1"
"ROCK2","STK39","SRSF1"
"ROCK2","TYK2","SRSF1"
"ROCK2","WEE1","SRSF1"
"ROCK2","CDKN1A","SRSF1"
"ROCK2","DCK","SRSF1"
"ROCK2","GRB14","SRSF1"
"ROCK2","SYK","PELP1"
"ROCK2","PTEN","PELP1"
"ROCK2","AKT1","PELP1"
"ROCK2","RPS6KB1","PELP1"
"ROCK2","mTORC1","PELP1"
"ROCK2","STK39","PELP1"
"ROCK2","ERRFI1","PELP1"
"ROCK2","GRB10","PELP1"
"ROCK2","CLK2","PELP1"
"ROCK2","DCK","PELP1"
"ROCK2","PRKAR1A","PELP1"
"ROCK2","NOTCH2","PELP1"
"ROCK2","SYK","GFPT1"
"ROCK2","MTOR","GFPT1"
"ROCK2","RPS6KB1","GFPT1"
"ROCK2","CDK5","GFPT1"
"ROCK2","mTORC1","GFPT1"
"ROCK2","STK39","GFPT1"
"ROCK2","NTRK1","GFPT1"
"ROCK2","ERRFI1","GFPT1"
"ROCK2","WEE1","GFPT1"
"ROCK2","CDKN1A","GFPT1"
"ROCK2","CLK2","GFPT1"
"ROCK2","DCK","GFPT1"
"ROCK2","NOTCH2","GFPT1"
"ROCK2","SYK","SYT2"
"ROCK2","PTEN","SYT2"
"ROCK2","PLK1","SYT2"
"ROCK2","RPS6KB1","SYT2"
"ROCK2","CDC25A","SYT2"
"ROCK2","TYK2","SYT2"
"ROCK2","14/03/2003","SYT2"
"ROCK2","NTRK1","SYT2"
"ROCK2","WEE1","SYT2"
"ROCK2","CDKN1A","SYT2"
"ROCK2","CLK2","SYT2"
"ROCK2","DCK","SYT2"
"ROCK2","NOTCH2","SYT2"
"ROCK2","PLK1","TWIST1"
"ROCK2","CDK5","TWIST1"
"ROCK2","MEK1/2","TWIST1"
"ROCK2","NTRK1","TWIST1"
"ROCK2","WEE1","TWIST1"
"ROCK2","CDKN1A","TWIST1"
"ROCK2","CLK2","TWIST1"
"ROCK2","DCK","TWIST1"
"ROCK2","GRB14","TWIST1"
"ROCK2","PRKAR1A","TWIST1"
"ROCK2","NOTCH2","TWIST1"
"ROCK2","PTEN","HSF1"
"ROCK2","PLK1","HSF1"
"ROCK2","RPS6KB1","HSF1"
"ROCK2","mTORC1","HSF1"
"ROCK2","NTRK1","HSF1"
"ROCK2","WEE1","HSF1"
"ROCK2","CDKN1A","HSF1"
"ROCK2","CLK2","HSF1"
"ROCK2","GRB14","HSF1"
"ROCK2","NOTCH2","HSF1"
"ROCK2","PTEN","BMI1"
"ROCK2","MAPK14","BMI1"
"ROCK2","CSNK1D","BMI1"
"ROCK2","RPS6KB1","BMI1"
"ROCK2","mTORC1","BMI1"
"ROCK2","STK39","BMI1"
"ROCK2","NTRK1","BMI1"
"ROCK2","WEE1","BMI1"
"ROCK2","CDKN1A","BMI1"
"ROCK2","CLK2","BMI1"
"ROCK2","DCK","BMI1"
"ROCK2","GRB14","BMI1"
"ROCK2","PRKAR1A","BMI1"
"ROCK2","NOTCH2","BMI1"
"ROCK2","PLK1","PRPS1"
"ROCK2","RPS6KB1","PRPS1"
"ROCK2","CDK5","PRPS1"
"ROCK2","CDC25A","PRPS1"
"ROCK2","MEK1/2","PRPS1"
"ROCK2","NTRK1","PRPS1"
"ROCK2","CLK2","PRPS1"
"ROCK2","NOTCH2","PRPS1"
"ROCK2","SYK","ROS1"
"ROCK2","PTEN","ROS1"
"ROCK2","AKT1","ROS1"
"ROCK2","CSNK1D","ROS1"
"ROCK2","PLK1","ROS1"
"ROCK2","CDC25A","ROS1"
"ROCK2","mTORC1","ROS1"
"ROCK2","STK39","ROS1"
"ROCK2","TYK2","ROS1"
"ROCK2","MEK1/2","ROS1"
"ROCK2","NTRK1","ROS1"
"ROCK2","CDKN1A","ROS1"
"ROCK2","GRB10","ROS1"
"ROCK2","SH2B2","ROS1"
"ROCK2","DCK","ROS1"
"ROCK2","GRB14","ROS1"
"ROCK2","PRKAR1A","ROS1"
"ROCK2","SYK","ACTN4"
"ROCK2","PLK1","ACTN4"
"ROCK2","RPS6KB1","ACTN4"
"ROCK2","mTORC1","ACTN4"
"ROCK2","WEE1","ACTN4"
"ROCK2","CLK2","ACTN4"
"ROCK2","DCK","ACTN4"
"ROCK2","PRKAR1A","ACTN4"
"ROCK2","NOTCH2","ACTN4"
"ROCK2","PLK1","AGAP2"
"ROCK2","RPS6KB1","AGAP2"
"ROCK2","CDC25A","AGAP2"
"ROCK2","TYK2","AGAP2"
"ROCK2","MEK1/2","AGAP2"
"ROCK2","WEE1","AGAP2"
"ROCK2","CDKN1A","AGAP2"
"ROCK2","CLK2","AGAP2"
"ROCK2","PRKAR1A","AGAP2"
"ROCK2","NOTCH2","AGAP2"
"ROCK2","PTEN","KLF5"
"ROCK2","PLK1","KLF5"
"ROCK2","CDC25A","KLF5"
"ROCK2","TYK2","KLF5"
"ROCK2","MEK1/2","KLF5"
"ROCK2","WEE1","KLF5"
"ROCK2","CDKN1A","KLF5"
"ROCK2","SH2B2","KLF5"
"ROCK2","CLK2","KLF5"
"ROCK2","DCK","KLF5"
"ROCK2","PRKAR1A","KLF5"
"ROCK2","NOTCH2","KLF5"
"ROCK2","CSNK1D","CCND2"
"ROCK2","PLK1","CCND2"
"ROCK2","RPS6KB1","CCND2"
"ROCK2","CDK5","CCND2"
"ROCK2","mTORC1","CCND2"
"ROCK2","ERRFI1","CCND2"
"ROCK2","WEE1","CCND2"
"ROCK2","CLK2","CCND2"
"ROCK2","DCK","CCND2"
"ROCK2","GRB14","CCND2"
"ROCK2","NOTCH2","CCND2"
"ROCK2","SYK","TERT"
"ROCK2","PTEN","TERT"
"ROCK2","MAPK14","TERT"
"ROCK2","CSNK1D","TERT"
"ROCK2","RPS6KB1","TERT"
"ROCK2","STK39","TERT"
"ROCK2","TYK2","TERT"
"ROCK2","WEE1","TERT"
"ROCK2","CDKN1A","TERT"
"ROCK2","SH2B2","TERT"
"ROCK2","CLK2","TERT"
"ROCK2","DCK","TERT"
"ROCK2","GRB14","TERT"
"ROCK2","NOTCH2","TERT"
"ROCK2","PTEN","FOXK2"
"ROCK2","MAPK14","FOXK2"
"ROCK2","PLK1","FOXK2"
"ROCK2","RPS6KB1","FOXK2"
"ROCK2","mTORC1","FOXK2"
"ROCK2","STK39","FOXK2"
"ROCK2","NTRK1","FOXK2"
"ROCK2","CLK2","FOXK2"
"ROCK2","DCK","FOXK2"
"ROCK2","NOTCH2","FOXK2"
"ROCK2","PTEN","TBX3"
"ROCK2","MTOR","TBX3"
"ROCK2","MAPK14","TBX3"
"ROCK2","PLK1","TBX3"
"ROCK2","RPS6KB1","TBX3"
"ROCK2","CDC25A","TBX3"
"ROCK2","mTORC1","TBX3"
"ROCK2","STK39","TBX3"
"ROCK2","TYK2","TBX3"
"ROCK2","ERRFI1","TBX3"
"ROCK2","WEE1","TBX3"
"ROCK2","SH2B2","TBX3"
"ROCK2","CLK2","TBX3"
"ROCK2","GRB14","TBX3"
"ROCK2","PRKAR1A","TBX3"
"ROCK2","NOTCH2","TBX3"
"ROCK2","PTEN","SIRT7"
"ROCK2","PLK1","SIRT7"
"ROCK2","RPS6KB1","SIRT7"
"ROCK2","mTORC1","SIRT7"
"ROCK2","NTRK1","SIRT7"
"ROCK2","WEE1","SIRT7"
"ROCK2","CDKN1A","SIRT7"
"ROCK2","SH2B2","SIRT7"
"ROCK2","CLK2","SIRT7"
"ROCK2","PRKAR1A","SIRT7"
"ROCK2","NOTCH2","SIRT7"
"ROCK2","PTEN","HK2"
"ROCK2","MTOR","HK2"
"ROCK2","MAPK14","HK2"
"ROCK2","PLK1","HK2"
"ROCK2","RPS6KB1","HK2"
"ROCK2","CDC25A","HK2"
"ROCK2","mTORC1","HK2"
"ROCK2","STK39","HK2"
"ROCK2","TYK2","HK2"
"ROCK2","ERRFI1","HK2"
"ROCK2","CDKN1A","HK2"
"ROCK2","SH2B2","HK2"
"ROCK2","CLK2","HK2"
"ROCK2","GRB14","HK2"
"ROCK2","PRKAR1A","HK2"
"ROCK2","NOTCH2","HK2"
"ROCK2","PTEN","TBC1D1"
"ROCK2","MAPK14","TBC1D1"
"ROCK2","PLK1","TBC1D1"
"ROCK2","RPS6KB1","TBC1D1"
"ROCK2","CDC25A","TBC1D1"
"ROCK2","mTORC1","TBC1D1"
"ROCK2","STK39","TBC1D1"
"ROCK2","TYK2","TBC1D1"
"ROCK2","NTRK1","TBC1D1"
"ROCK2","WEE1","TBC1D1"
"ROCK2","CLK2","TBC1D1"
"ROCK2","DCK","TBC1D1"
"ROCK2","GRB14","TBC1D1"
"ROCK2","PRKAR1A","TBC1D1"
"ROCK2","NOTCH2","TBC1D1"
"ROCK2","SYK","POU2F1"
"ROCK2","PTEN","POU2F1"
"ROCK2","MAPK14","POU2F1"
"ROCK2","PLK1","POU2F1"
"ROCK2","RPS6KB1","POU2F1"
"ROCK2","mTORC1","POU2F1"
"ROCK2","STK39","POU2F1"
"ROCK2","TYK2","POU2F1"
"ROCK2","NTRK1","POU2F1"
"ROCK2","WEE1","POU2F1"
"ROCK2","CDKN1A","POU2F1"
"ROCK2","SH2B2","POU2F1"
"ROCK2","CLK2","POU2F1"
"ROCK2","DCK","POU2F1"
"ROCK2","GRB14","POU2F1"
"ROCK2","NOTCH2","POU2F1"
"ROCK2","PTEN","MYBL2"
"ROCK2","MAPK14","MYBL2"
"ROCK2","CSNK1D","MYBL2"
"ROCK2","CDK5","MYBL2"
"ROCK2","mTORC1","MYBL2"
"ROCK2","STK39","MYBL2"
"ROCK2","MEK1/2","MYBL2"
"ROCK2","NTRK1","MYBL2"
"ROCK2","ERRFI1","MYBL2"
"ROCK2","WEE1","MYBL2"
"ROCK2","CDKN1A","MYBL2"
"ROCK2","GRB10","MYBL2"
"ROCK2","SH2B2","MYBL2"
"ROCK2","DCK","MYBL2"
"ROCK2","GRB14","MYBL2"
"ROCK2","NOTCH2","MYBL2"
"ROCK2","SYK","EIF2S1"
"ROCK2","PTEN","EIF2S1"
"ROCK2","AKT1","EIF2S1"
"ROCK2","PLK1","EIF2S1"
"ROCK2","CDC25A","EIF2S1"
"ROCK2","mTORC1","EIF2S1"
"ROCK2","STK39","EIF2S1"
"ROCK2","TYK2","EIF2S1"
"ROCK2","MEK1/2","EIF2S1"
"ROCK2","14/03/2003","EIF2S1"
"ROCK2","NTRK1","EIF2S1"
"ROCK2","CDKN1A","EIF2S1"
"ROCK2","GRB10","EIF2S1"
"ROCK2","SH2B2","EIF2S1"
"ROCK2","DCK","EIF2S1"
"ROCK2","PRKAR1A","EIF2S1"
"ROCK2","SYK","NANOG"
"ROCK2","PTEN","NANOG"
"ROCK2","PLK1","NANOG"
"ROCK2","CDC25A","NANOG"
"ROCK2","mTORC1","NANOG"
"ROCK2","TYK2","NANOG"
"ROCK2","NTRK1","NANOG"
"ROCK2","ERRFI1","NANOG"
"ROCK2","SH2B2","NANOG"
"ROCK2","CLK2","NANOG"
"ROCK2","NOTCH2","NANOG"
"ROCK2","PTEN","PRPS2"
"ROCK2","CSNK1D","PRPS2"
"ROCK2","PLK1","PRPS2"
"ROCK2","CDK5","PRPS2"
"ROCK2","14/03/2003","PRPS2"
"ROCK2","ERRFI1","PRPS2"
"ROCK2","WEE1","PRPS2"
"ROCK2","SH2B2","PRPS2"
"ROCK2","GRB14","PRPS2"
"ROCK2","PRKAR1A","PRPS2"
"ROCK2","SYK","LONP1"
"ROCK2","PLK1","LONP1"
"ROCK2","RPS6KB1","LONP1"
"ROCK2","mTORC1","LONP1"
"ROCK2","NTRK1","LONP1"
"ROCK2","WEE1","LONP1"
"ROCK2","CLK2","LONP1"
"ROCK2","DCK","LONP1"
"ROCK2","PRKAR1A","LONP1"
"ROCK2","NOTCH2","LONP1"
"ROCK2","SYK","ATXN1"
"ROCK2","PTEN","ATXN1"
"ROCK2","CSNK1D","ATXN1"
"ROCK2","PLK1","ATXN1"
"ROCK2","RPS6KB1","ATXN1"
"ROCK2","MEK1/2","ATXN1"
"ROCK2","WEE1","ATXN1"
"ROCK2","CDKN1A","ATXN1"
"ROCK2","CLK2","ATXN1"
"ROCK2","DCK","ATXN1"
"ROCK2","NOTCH2","ATXN1"
"ROCK2","SYK","KRT8"
"ROCK2","PTEN","KRT8"
"ROCK2","RPS6KB1","KRT8"
"ROCK2","MEK1/2","KRT8"
"ROCK2","NTRK1","KRT8"
"ROCK2","WEE1","KRT8"
"ROCK2","SH2B2","KRT8"
"ROCK2","CLK2","KRT8"
"ROCK2","DCK","KRT8"
"ROCK2","GRB14","KRT8"
"ROCK2","PRKAR1A","KRT8"
"ROCK2","NOTCH2","KRT8"
"ROCK2","SYK","IRF7"
"ROCK2","PTEN","IRF7"
"ROCK2","MTOR","IRF7"
"ROCK2","CSNK1D","IRF7"
"ROCK2","CDK5","IRF7"
"ROCK2","STK39","IRF7"
"ROCK2","TYK2","IRF7"
"ROCK2","MEK1/2","IRF7"
"ROCK2","CDKN1A","IRF7"
"ROCK2","GRB10","IRF7"
"ROCK2","CLK2","IRF7"
"ROCK2","DCK","IRF7"
"ROCK2","GRB14","IRF7"
"ROCK2","PRKAR1A","IRF7"
"ROCK2","NOTCH2","IRF7"
"ROCK2","AKT1","CENPA"
"ROCK2","PTEN","MCM3"
"ROCK2","PLK1","MCM3"
"ROCK2","STK39","MCM3"
"ROCK2","MEK1/2","MCM3"
"ROCK2","14/03/2003","MCM3"
"ROCK2","ERRFI1","MCM3"
"ROCK2","WEE1","MCM3"
"ROCK2","GRB10","MCM3"
"ROCK2","SH2B2","MCM3"
"ROCK2","CLK2","MCM3"
"ROCK2","DCK","MCM3"
"ROCK2","GRB14","MCM3"
"ROCK2","PRKAR1A","MCM3"
"ROCK2","CSNK1D","ACIN1"
"ROCK2","PLK1","ACIN1"
"ROCK2","RPS6KB1","ACIN1"
"ROCK2","STK39","ACIN1"
"ROCK2","14/03/2003","ACIN1"
"ROCK2","NTRK1","ACIN1"
"ROCK2","ERRFI1","ACIN1"
"ROCK2","CDKN1A","ACIN1"
"ROCK2","GRB10","ACIN1"
"ROCK2","DCK","ACIN1"
"ROCK2","GRB14","ACIN1"
"ROCK2","PRKAR1A","ACIN1"
"ROCK2","SYK","EEF1A2"
"ROCK2","CSNK1D","EEF1A2"
"ROCK2","PLK1","EEF1A2"
"ROCK2","CDK5","EEF1A2"
"ROCK2","CDC25A","EEF1A2"
"ROCK2","MEK1/2","EEF1A2"
"ROCK2","14/03/2003","EEF1A2"
"ROCK2","NTRK1","EEF1A2"
"ROCK2","ERRFI1","EEF1A2"
"ROCK2","GRB10","EEF1A2"
"ROCK2","SH2B2","EEF1A2"
"ROCK2","DCK","EEF1A2"
"ROCK2","GRB14","EEF1A2"
"ROCK2","PRKAR1A","EEF1A2"
"ROCK2","NOTCH2","EEF1A2"
"ROCK2","MTOR","STAMBP"
"ROCK2","CSNK1D","STAMBP"
"ROCK2","CDK5","STAMBP"
"ROCK2","CDC25A","STAMBP"
"ROCK2","mTORC1","STAMBP"
"ROCK2","NTRK1","STAMBP"
"ROCK2","ERRFI1","STAMBP"
"ROCK2","CDKN1A","STAMBP"
"ROCK2","GRB10","STAMBP"
"ROCK2","SH2B2","STAMBP"
"ROCK2","CLK2","STAMBP"
"ROCK2","GRB14","STAMBP"
"ROCK2","NOTCH2","STAMBP"
"ROCK2","MTOR","NPAT"
"ROCK2","CSNK1D","NPAT"
"ROCK2","CDK5","NPAT"
"ROCK2","CDC25A","NPAT"
"ROCK2","mTORC1","NPAT"
"ROCK2","TYK2","NPAT"
"ROCK2","14/03/2003","NPAT"
"ROCK2","NTRK1","NPAT"
"ROCK2","GRB10","NPAT"
"ROCK2","GRB14","NPAT"
"ROCK2","NOTCH2","NPAT"
"ROCK2","MAPK14","GRIN1"
"ROCK2","CSNK1D","GRIN1"
"ROCK2","RPS6KB1","GRIN1"
"ROCK2","mTORC1","GRIN1"
"ROCK2","STK39","GRIN1"
"ROCK2","MEK1/2","GRIN1"
"ROCK2","NTRK1","GRIN1"
"ROCK2","ERRFI1","GRIN1"
"ROCK2","GRB10","GRIN1"
"ROCK2","SH2B2","GRIN1"
"ROCK2","DCK","GRIN1"
"ROCK2","GRB14","GRIN1"
"ROCK2","NOTCH2","GRIN1"
"ROCK2","MTOR","PDX1"
"ROCK2","CSNK1D","PDX1"
"ROCK2","CDK5","PDX1"
"ROCK2","CDC25A","PDX1"
"ROCK2","mTORC1","PDX1"
"ROCK2","14/03/2003","PDX1"
"ROCK2","NTRK1","PDX1"
"ROCK2","ERRFI1","PDX1"
"ROCK2","CDKN1A","PDX1"
"ROCK2","GRB10","PDX1"
"ROCK2","SH2B2","PDX1"
"ROCK2","CLK2","PDX1"
"ROCK2","GRB14","PDX1"
"ROCK2","PRKAR1A","PDX1"
"ROCK2","NOTCH2","PDX1"
"ROCK2","MAPK14","CDKN2D"
"ROCK2","CSNK1D","CDKN2D"
"ROCK2","CDK5","CDKN2D"
"ROCK2","STK39","CDKN2D"
"ROCK2","TYK2","CDKN2D"
"ROCK2","MEK1/2","CDKN2D"
"ROCK2","NTRK1","CDKN2D"
"ROCK2","ERRFI1","CDKN2D"
"ROCK2","CDKN1A","CDKN2D"
"ROCK2","GRB10","CDKN2D"
"ROCK2","SH2B2","CDKN2D"
"ROCK2","GRB14","CDKN2D"
"ROCK2","NOTCH2","CDKN2D"
"ROCK2","MAPK14","SP7"
"ROCK2","CSNK1D","SP7"
"ROCK2","STK39","SP7"
"ROCK2","MEK1/2","SP7"
"ROCK2","14/03/2003","SP7"
"ROCK2","NTRK1","SP7"
"ROCK2","ERRFI1","SP7"
"ROCK2","GRB10","SP7"
"ROCK2","DCK","SP7"
"ROCK2","GRB14","SP7"
"ROCK2","NOTCH2","SP7"
"ROCK2","MAPK14","TBC1D7"
"ROCK2","CSNK1D","TBC1D7"
"ROCK2","RPS6KB1","TBC1D7"
"ROCK2","CDK5","TBC1D7"
"ROCK2","mTORC1","TBC1D7"
"ROCK2","TYK2","TBC1D7"
"ROCK2","GRB10","TBC1D7"
"ROCK2","GRB14","TBC1D7"
"ROCK2","NOTCH2","TBC1D7"
"ROCK2","MAPK14","CYBA"
"ROCK2","CSNK1D","CYBA"
"ROCK2","RPS6KB1","CYBA"
"ROCK2","mTORC1","CYBA"
"ROCK2","STK39","CYBA"
"ROCK2","NTRK1","CYBA"
"ROCK2","ERRFI1","CYBA"
"ROCK2","GRB10","CYBA"
"ROCK2","SH2B2","CYBA"
"ROCK2","DCK","CYBA"
"ROCK2","GRB14","CYBA"
"ROCK2","NOTCH2","CYBA"
"ROCK2","AKT1","ZNF281"
"ROCK2","MAPK14","ZNF281"
"ROCK2","PLK1","ZNF281"
"ROCK2","RPS6KB1","ZNF281"
"ROCK2","TYK2","ZNF281"
"ROCK2","14/03/2003","ZNF281"
"ROCK2","CDKN1A","ZNF281"
"ROCK2","GRB10","ZNF281"
"ROCK2","SH2B2","ZNF281"
"ROCK2","CLK2","ZNF281"
"ROCK2","DCK","ZNF281"
"ROCK2","PRKAR1A","ZNF281"
"ROCK2","MTOR","PARK7"
"ROCK2","MAPK14","PARK7"
"ROCK2","CDK5","PARK7"
"ROCK2","TYK2","PARK7"
"ROCK2","14/03/2003","PARK7"
"ROCK2","WEE1","PARK7"
"ROCK2","CDKN1A","PARK7"
"ROCK2","DCK","PARK7"
"ROCK2","PRKAR1A","PARK7"
"ROCK2","MAPK14","USP4"
"ROCK2","CSNK1D","USP4"
"ROCK2","CDK5","USP4"
"ROCK2","STK39","USP4"
"ROCK2","MEK1/2","USP4"
"ROCK2","NTRK1","USP4"
"ROCK2","ERRFI1","USP4"
"ROCK2","GRB10","USP4"
"ROCK2","SH2B2","USP4"
"ROCK2","GRB14","USP4"
"ROCK2","NOTCH2","USP4"
"ROCK2","AKT1","PRPH"
"ROCK2","MAPK14","PRPH"
"ROCK2","CSNK1D","PRPH"
"ROCK2","RPS6KB1","PRPH"
"ROCK2","mTORC1","PRPH"
"ROCK2","STK39","PRPH"
"ROCK2","TYK2","PRPH"
"ROCK2","NTRK1","PRPH"
"ROCK2","ERRFI1","PRPH"
"ROCK2","GRB10","PRPH"
"ROCK2","SH2B2","PRPH"
"ROCK2","DCK","PRPH"
"ROCK2","GRB14","PRPH"
"ROCK2","PRKAR1A","PRPH"
"ROCK2","MTOR","JUNB"
"ROCK2","AKT1","JUNB"
"ROCK2","CSNK1D","JUNB"
"ROCK2","PLK1","JUNB"
"ROCK2","RPS6KB1","JUNB"
"ROCK2","CDK5","JUNB"
"ROCK2","CDC25A","JUNB"
"ROCK2","mTORC1","JUNB"
"ROCK2","TYK2","JUNB"
"ROCK2","14/03/2003","JUNB"
"ROCK2","NTRK1","JUNB"
"ROCK2","ERRFI1","JUNB"
"ROCK2","GRB10","JUNB"
"ROCK2","CLK2","JUNB"
"ROCK2","NOTCH2","JUNB"
"ROCK2","SYK","PAX8"
"ROCK2","MTOR","PAX8"
"ROCK2","MAPK14","PAX8"
"ROCK2","CSNK1D","PAX8"
"ROCK2","RPS6KB1","PAX8"
"ROCK2","CDK5","PAX8"
"ROCK2","CDC25A","PAX8"
"ROCK2","mTORC1","PAX8"
"ROCK2","NTRK1","PAX8"
"ROCK2","ERRFI1","PAX8"
"ROCK2","CDKN1A","PAX8"
"ROCK2","GRB10","PAX8"
"ROCK2","SH2B2","PAX8"
"ROCK2","DCK","PAX8"
"ROCK2","GRB14","PAX8"
"ROCK2","NOTCH2","PAX8"
"ROCK2","SYK","GBF1"
"ROCK2","MAPK14","GBF1"
"ROCK2","CSNK1D","GBF1"
"ROCK2","RPS6KB1","GBF1"
"ROCK2","CDK5","GBF1"
"ROCK2","CDC25A","GBF1"
"ROCK2","STK39","GBF1"
"ROCK2","GRB10","GBF1"
"ROCK2","SH2B2","GBF1"
"ROCK2","DCK","GBF1"
"ROCK2","GRB14","GBF1"
"ROCK2","NOTCH2","GBF1"
"ROCK2","AKT1","HK1"
"ROCK2","MAPK14","HK1"
"ROCK2","CSNK1D","HK1"
"ROCK2","RPS6KB1","HK1"
"ROCK2","CDK5","HK1"
"ROCK2","mTORC1","HK1"
"ROCK2","NTRK1","HK1"
"ROCK2","ERRFI1","HK1"
"ROCK2","WEE1","HK1"
"ROCK2","CDKN1A","HK1"
"ROCK2","GRB10","HK1"
"ROCK2","SH2B2","HK1"
"ROCK2","CLK2","HK1"
"ROCK2","DCK","HK1"
"ROCK2","GRB14","HK1"
"ROCK2","NOTCH2","HK1"
"ROCK2","MAPK14","EEF1A1"
"ROCK2","CSNK1D","EEF1A1"
"ROCK2","MEK1/2","EEF1A1"
"ROCK2","NTRK1","EEF1A1"
"ROCK2","ERRFI1","EEF1A1"
"ROCK2","GRB10","EEF1A1"
"ROCK2","SH2B2","EEF1A1"
"ROCK2","CLK2","EEF1A1"
"ROCK2","DCK","EEF1A1"
"ROCK2","GRB14","EEF1A1"
"ROCK2","PRKAR1A","EEF1A1"
"ROCK2","NOTCH2","EEF1A1"
"ROCK2","SYK","DOCK6"
"ROCK2","MAPK14","DOCK6"
"ROCK2","PLK1","DOCK6"
"ROCK2","CDK5","DOCK6"
"ROCK2","TYK2","DOCK6"
"ROCK2","MEK1/2","DOCK6"
"ROCK2","14/03/2003","DOCK6"
"ROCK2","NTRK1","DOCK6"
"ROCK2","WEE1","DOCK6"
"ROCK2","GRB10","DOCK6"
"ROCK2","CLK2","DOCK6"
"ROCK2","GRB14","DOCK6"
"ROCK2","PRKAR1A","DOCK6"
"ROCK2","AKT1","MAFB"
"ROCK2","AKT1","TCF7"
"ROCK2","MAPK14","TCF7"
"ROCK2","CSNK1D","TCF7"
"ROCK2","CDK5","TCF7"
"ROCK2","MEK1/2","TCF7"
"ROCK2","NTRK1","TCF7"
"ROCK2","GRB10","TCF7"
"ROCK2","SH2B2","TCF7"
"ROCK2","DCK","TCF7"
"ROCK2","GRB14","TCF7"
"ROCK2","PRKAR1A","TCF7"
"ROCK2","MTOR","OTX2"
"ROCK2","AKT1","OTX2"
"ROCK2","CSNK1D","OTX2"
"ROCK2","PLK1","OTX2"
"ROCK2","RPS6KB1","OTX2"
"ROCK2","CDK5","OTX2"
"ROCK2","CDC25A","OTX2"
"ROCK2","mTORC1","OTX2"
"ROCK2","TYK2","OTX2"
"ROCK2","14/03/2003","OTX2"
"ROCK2","GRB14","OTX2"
"ROCK2","NOTCH2","OTX2"
"ROCK2","MAPK14","NKX2-1"
"ROCK2","CSNK1D","NKX2-1"
"ROCK2","STK39","NKX2-1"
"ROCK2","MEK1/2","NKX2-1"
"ROCK2","NTRK1","NKX2-1"
"ROCK2","ERRFI1","NKX2-1"
"ROCK2","GRB10","NKX2-1"
"ROCK2","SH2B2","NKX2-1"
"ROCK2","CLK2","NKX2-1"
"ROCK2","DCK","NKX2-1"
"ROCK2","GRB14","NKX2-1"
"ROCK2","NOTCH2","NKX2-1"
"ROCK2","MAPK14","ARHGAP22"
"ROCK2","CSNK1D","ARHGAP22"
"ROCK2","RPS6KB1","ARHGAP22"
"ROCK2","mTORC1","ARHGAP22"
"ROCK2","STK39","ARHGAP22"
"ROCK2","NTRK1","ARHGAP22"
"ROCK2","ERRFI1","ARHGAP22"
"ROCK2","CDKN1A","ARHGAP22"
"ROCK2","GRB10","ARHGAP22"
"ROCK2","SH2B2","ARHGAP22"
"ROCK2","DCK","ARHGAP22"
"ROCK2","GRB14","ARHGAP22"
"ROCK2","SYK","HNRNPD"
"ROCK2","MAPK14","HNRNPD"
"ROCK2","CSNK1D","HNRNPD"
"ROCK2","CDK5","HNRNPD"
"ROCK2","mTORC1","HNRNPD"
"ROCK2","STK39","HNRNPD"
"ROCK2","14/03/2003","HNRNPD"
"ROCK2","GRB10","HNRNPD"
"ROCK2","DCK","HNRNPD"
"ROCK2","GRB14","HNRNPD"
"ROCK2","NOTCH2","HNRNPD"
"ROCK2","AKT1","RICTOR"
"ROCK2","MAPK14","RICTOR"
"ROCK2","CSNK1D","RICTOR"
"ROCK2","RPS6KB1","RICTOR"
"ROCK2","mTORC1","RICTOR"
"ROCK2","STK39","RICTOR"
"ROCK2","MEK1/2","RICTOR"
"ROCK2","NTRK1","RICTOR"
"ROCK2","ERRFI1","RICTOR"
"ROCK2","CDKN1A","RICTOR"
"ROCK2","GRB10","RICTOR"
"ROCK2","SH2B2","RICTOR"
"ROCK2","CLK2","RICTOR"
"ROCK2","DCK","RICTOR"
"ROCK2","GRB14","RICTOR"
"ROCK2","NOTCH2","RICTOR"
"ROCK2","MAPK14","ZNF322"
"ROCK2","CSNK1D","ZNF322"
"ROCK2","RPS6KB1","ZNF322"
"ROCK2","mTORC1","ZNF322"
"ROCK2","STK39","ZNF322"
"ROCK2","14/03/2003","ZNF322"
"ROCK2","NTRK1","ZNF322"
"ROCK2","ERRFI1","ZNF322"
"ROCK2","GRB10","ZNF322"
"ROCK2","SH2B2","ZNF322"
"ROCK2","DCK","ZNF322"
"ROCK2","GRB14","ZNF322"
"ROCK2","NOTCH2","ZNF322"
"ROCK2","MAPK14","EIF2B4"
"ROCK2","CSNK1D","EIF2B4"
"ROCK2","RPS6KB1","EIF2B4"
"ROCK2","mTORC1","EIF2B4"
"ROCK2","STK39","EIF2B4"
"ROCK2","NTRK1","EIF2B4"
"ROCK2","ERRFI1","EIF2B4"
"ROCK2","GRB10","EIF2B4"
"ROCK2","SH2B2","EIF2B4"
"ROCK2","DCK","EIF2B4"
"ROCK2","GRB14","EIF2B4"
"ROCK2","NOTCH2","EIF2B4"
"ROCK2","MAPK14","EIF2B1"
"ROCK2","RPS6KB1","EIF2B1"
"ROCK2","STK39","EIF2B1"
"ROCK2","GRB10","EIF2B1"
"ROCK2","GRB14","EIF2B1"
"ROCK2","PRKAR1A","EIF2B1"
"ROCK2","MTOR","TRPV6"
"ROCK2","CSNK1D","TRPV6"
"ROCK2","RPS6KB1","TRPV6"
"ROCK2","CDK5","TRPV6"
"ROCK2","CDC25A","TRPV6"
"ROCK2","mTORC1","TRPV6"
"ROCK2","14/03/2003","TRPV6"
"ROCK2","NTRK1","TRPV6"
"ROCK2","ERRFI1","TRPV6"
"ROCK2","GRB10","TRPV6"
"ROCK2","SH2B2","TRPV6"
"ROCK2","DCK","TRPV6"
"ROCK2","NOTCH2","TRPV6"
"ROCK2","MAPK14","PAX6"
"ROCK2","RPS6KB1","PAX6"
"ROCK2","mTORC1","PAX6"
"ROCK2","TYK2","PAX6"
"ROCK2","14/03/2003","PAX6"
"ROCK2","NTRK1","PAX6"
"ROCK2","CDKN1A","PAX6"
"ROCK2","GRB10","PAX6"
"ROCK2","CLK2","PAX6"
"ROCK2","DCK","PAX6"
"ROCK2","PRKAR1A","PAX6"
"ROCK2","MAPK14","TIFA"
"ROCK2","CSNK1D","TIFA"
"ROCK2","RPS6KB1","TIFA"
"ROCK2","CDK5","TIFA"
"ROCK2","STK39","TIFA"
"ROCK2","MEK1/2","TIFA"
"ROCK2","14/03/2003","TIFA"
"ROCK2","GRB10","TIFA"
"ROCK2","AKT1","CCNF"
"ROCK2","CSNK1D","CCNF"
"ROCK2","PLK1","CCNF"
"ROCK2","RPS6KB1","CCNF"
"ROCK2","CDK5","CCNF"
"ROCK2","mTORC1","CCNF"
"ROCK2","STK39","CCNF"
"ROCK2","MEK1/2","CCNF"
"ROCK2","14/03/2003","CCNF"
"ROCK2","CDKN1A","CCNF"
"ROCK2","DCK","CCNF"
"ROCK2","GRB14","CCNF"
"ROCK2","PRKAR1A","CCNF"
"ROCK2","NOTCH2","CCNF"
"ROCK2","SYK","MTF1"
"ROCK2","CSNK1D","MTF1"
"ROCK2","PLK1","MTF1"
"ROCK2","CDC25A","MTF1"
"ROCK2","mTORC1","MTF1"
"ROCK2","STK39","MTF1"
"ROCK2","TYK2","MTF1"
"ROCK2","14/03/2003","MTF1"
"ROCK2","ERRFI1","MTF1"
"ROCK2","WEE1","MTF1"
"ROCK2","SH2B2","MTF1"
"ROCK2","GRB14","MTF1"
"ROCK2","SYK","PRH1"
"ROCK2","PTEN","PRH1"
"ROCK2","MTOR","PRH1"
"ROCK2","PLK1","PRH1"
"ROCK2","CDK5","PRH1"
"ROCK2","CDC25A","PRH1"
"ROCK2","STK39","PRH1"
"ROCK2","TYK2","PRH1"
"ROCK2","MEK1/2","PRH1"
"ROCK2","14/03/2003","PRH1"
"ROCK2","NTRK1","PRH1"
"ROCK2","ERRFI1","PRH1"
"ROCK2","CDKN1A","PRH1"
"ROCK2","GRB10","PRH1"
"ROCK2","GRB14","PRH1"
"ROCK2","PRKAR1A","PRH1"
"ROCK2","SYK","COIL"
"ROCK2","PTEN","COIL"
"ROCK2","MAPK14","COIL"
"ROCK2","CSNK1D","COIL"
"ROCK2","TYK2","COIL"
"ROCK2","NTRK1","COIL"
"ROCK2","CDKN1A","COIL"
"ROCK2","GRB14","COIL"
"ROCK2","PRKAR1A","COIL"
"ROCK2","SYK","DDIT3"
"ROCK2","PLK1","DDIT3"
"ROCK2","TYK2","DDIT3"
"ROCK2","MEK1/2","DDIT3"
"ROCK2","14/03/2003","DDIT3"
"ROCK2","ERRFI1","DDIT3"
"ROCK2","GRB14","DDIT3"
"ROCK2","PRKAR1A","DDIT3"
"ROCK2","NOTCH2","DDIT3"
"ROCK2","SYK","ILF3"
"ROCK2","AKT1","ILF3"
"ROCK2","MAPK14","ILF3"
"ROCK2","CDK5","ILF3"
"ROCK2","CDC25A","ILF3"
"ROCK2","STK39","ILF3"
"ROCK2","TYK2","ILF3"
"ROCK2","MEK1/2","ILF3"
"ROCK2","NTRK1","ILF3"
"ROCK2","ERRFI1","ILF3"
"ROCK2","WEE1","ILF3"
"ROCK2","CDKN1A","ILF3"
"ROCK2","PTEN","MAP1B"
"ROCK2","MTOR","MAP1B"
"ROCK2","AKT1","MAP1B"
"ROCK2","MAPK14","MAP1B"
"ROCK2","CDK5","MAP1B"
"ROCK2","CDC25A","MAP1B"
"ROCK2","STK39","MAP1B"
"ROCK2","TYK2","MAP1B"
"ROCK2","MEK1/2","MAP1B"
"ROCK2","14/03/2003","MAP1B"
"ROCK2","NTRK1","MAP1B"
"ROCK2","ERRFI1","MAP1B"
"ROCK2","CDKN1A","MAP1B"
"ROCK2","SH2B2","MAP1B"
"ROCK2","DCK","MAP1B"
"ROCK2","GRB14","MAP1B"
"ROCK2","NOTCH2","MAP1B"
"ROCK2","CSNK1D","CCNA2"
"ROCK2","RPS6KB1","CCNA2"
"ROCK2","CDK5","CCNA2"
"ROCK2","STK39","CCNA2"
"ROCK2","TYK2","CCNA2"
"ROCK2","14/03/2003","CCNA2"
"ROCK2","NTRK1","CCNA2"
"ROCK2","WEE1","CCNA2"
"ROCK2","DCK","CCNA2"
"ROCK2","GRB14","CCNA2"
"ROCK2","SYK","SCYL1"
"ROCK2","PLK1","SCYL1"
"ROCK2","CDC25A","SCYL1"
"ROCK2","TYK2","SCYL1"
"ROCK2","MEK1/2","SCYL1"
"ROCK2","ERRFI1","SCYL1"
"ROCK2","CDKN1A","SCYL1"
"ROCK2","GRB14","SCYL1"
"ROCK2","PRKAR1A","SCYL1"
"ROCK2","SYK","ALYREF"
"ROCK2","AKT1","ALYREF"
"ROCK2","MAPK14","ALYREF"
"ROCK2","CDK5","ALYREF"
"ROCK2","CDC25A","ALYREF"
"ROCK2","TYK2","ALYREF"
"ROCK2","MEK1/2","ALYREF"
"ROCK2","NTRK1","ALYREF"
"ROCK2","ERRFI1","ALYREF"
"ROCK2","CLK2","ALYREF"
"ROCK2","DCK","ALYREF"
"ROCK2","GRB14","ALYREF"
"ROCK2","NOTCH2","ALYREF"
"ROCK2","MTOR","AREL1"
"ROCK2","MAPK14","AREL1"
"ROCK2","CSNK1D","AREL1"
"ROCK2","CDC25A","AREL1"
"ROCK2","14/03/2003","AREL1"
"ROCK2","ERRFI1","AREL1"
"ROCK2","CLK2","AREL1"
"ROCK2","DCK","AREL1"
"ROCK2","PRKAR1A","AREL1"
"ROCK2","NOTCH2","AREL1"
"ROCK2","PTEN","ELP1"
"ROCK2","RPS6KB1","ELP1"
"ROCK2","CDK5","ELP1"
"ROCK2","CDC25A","ELP1"
"ROCK2","TYK2","ELP1"
"ROCK2","MEK1/2","ELP1"
"ROCK2","14/03/2003","ELP1"
"ROCK2","NTRK1","ELP1"
"ROCK2","ERRFI1","ELP1"
"ROCK2","WEE1","ELP1"
"ROCK2","CDKN1A","ELP1"
"ROCK2","DCK","ELP1"
"ROCK2","GRB14","ELP1"
"ROCK2","PRKAR1A","ELP1"
"ROCK2","MAPK14","GATA6"
"ROCK2","CSNK1D","GATA6"
"ROCK2","PLK1","GATA6"
"ROCK2","CDK5","GATA6"
"ROCK2","CDC25A","GATA6"
"ROCK2","STK39","GATA6"
"ROCK2","TYK2","GATA6"
"ROCK2","ERRFI1","GATA6"
"ROCK2","CDKN1A","GATA6"
"ROCK2","GRB14","GATA6"
"ROCK2","PRKAR1A","GATA6"
"ROCK2","SYK","PFKFB3"
"ROCK2","PTEN","PFKFB3"
"ROCK2","PLK1","PFKFB3"
"ROCK2","CDK5","PFKFB3"
"ROCK2","CDC25A","PFKFB3"
"ROCK2","TYK2","PFKFB3"
"ROCK2","NTRK1","PFKFB3"
"ROCK2","ERRFI1","PFKFB3"
"ROCK2","CDKN1A","PFKFB3"
"ROCK2","CLK2","PFKFB3"
"ROCK2","GRB14","PFKFB3"
"ROCK2","PRKAR1A","PFKFB3"
"ROCK2","SYK","GABRB2"
"ROCK2","PTEN","GABRB2"
"ROCK2","MTOR","GABRB2"
"ROCK2","RPS6KB1","GABRB2"
"ROCK2","CDK5","GABRB2"
"ROCK2","STK39","GABRB2"
"ROCK2","TYK2","GABRB2"
"ROCK2","14/03/2003","GABRB2"
"ROCK2","NTRK1","GABRB2"
"ROCK2","ERRFI1","GABRB2"
"ROCK2","CDKN1A","GABRB2"
"ROCK2","CLK2","GABRB2"
"ROCK2","DCK","GABRB2"
"ROCK2","PRKAR1A","GABRB2"
"ROCK2","MTOR","MLXIPL"
"ROCK2","RPS6KB1","MLXIPL"
"ROCK2","CDK5","MLXIPL"
"ROCK2","CDC25A","MLXIPL"
"ROCK2","TYK2","MLXIPL"
"ROCK2","MEK1/2","MLXIPL"
"ROCK2","NTRK1","MLXIPL"
"ROCK2","ERRFI1","MLXIPL"
"ROCK2","CDKN1A","MLXIPL"
"ROCK2","GRB14","MLXIPL"
"ROCK2","PRKAR1A","MLXIPL"
"ROCK2","PTEN","MRE11/RAD50/NBS1"
"ROCK2","MTOR","MRE11/RAD50/NBS1"
"ROCK2","PLK1","MRE11/RAD50/NBS1"
"ROCK2","CDK5","MRE11/RAD50/NBS1"
"ROCK2","CDC25A","MRE11/RAD50/NBS1"
"ROCK2","TYK2","MRE11/RAD50/NBS1"
"ROCK2","MEK1/2","MRE11/RAD50/NBS1"
"ROCK2","ERRFI1","MRE11/RAD50/NBS1"
"ROCK2","CDKN1A","MRE11/RAD50/NBS1"
"ROCK2","DCK","MRE11/RAD50/NBS1"
"ROCK2","PRKAR1A","MRE11/RAD50/NBS1"
"ROCK2","AKT1","USP14"
"ROCK2","MAPK14","USP14"
"ROCK2","CSNK1D","USP14"
"ROCK2","PLK1","USP14"
"ROCK2","RPS6KB1","USP14"
"ROCK2","CDK5","USP14"
"ROCK2","CDC25A","USP14"
"ROCK2","mTORC1","USP14"
"ROCK2","MEK1/2","USP14"
"ROCK2","NTRK1","USP14"
"ROCK2","ERRFI1","USP14"
"ROCK2","CDKN1A","USP14"
"ROCK2","GRB14","USP14"
"ROCK2","PRKAR1A","USP14"
"ROCK2","SYK","SOX2"
"ROCK2","AKT1","SOX2"
"ROCK2","MAPK14","SOX2"
"ROCK2","CDK5","SOX2"
"ROCK2","CDC25A","SOX2"
"ROCK2","TYK2","SOX2"
"ROCK2","MEK1/2","SOX2"
"ROCK2","14/03/2003","SOX2"
"ROCK2","NTRK1","SOX2"
"ROCK2","ERRFI1","SOX2"
"ROCK2","CDKN1A","SOX2"
"ROCK2","GRB14","SOX2"
"ROCK2","PRKAR1A","SOX2"
"ROCK2","PTEN","EIF2B2"
"ROCK2","AKT1","EIF2B2"
"ROCK2","MAPK14","EIF2B2"
"ROCK2","CSNK1D","EIF2B2"
"ROCK2","PLK1","EIF2B2"
"ROCK2","RPS6KB1","EIF2B2"
"ROCK2","CDK5","EIF2B2"
"ROCK2","CDC25A","EIF2B2"
"ROCK2","STK39","EIF2B2"
"ROCK2","TYK2","EIF2B2"
"ROCK2","MEK1/2","EIF2B2"
"ROCK2","14/03/2003","EIF2B2"
"ROCK2","ERRFI1","EIF2B2"
"ROCK2","CDKN1A","EIF2B2"
"ROCK2","SH2B2","EIF2B2"
"ROCK2","DCK","EIF2B2"
"ROCK2","GRB14","EIF2B2"
"ROCK2","NOTCH2","EIF2B2"
"ROCK2","SYK","NOX3"
"ROCK2","PTEN","NOX3"
"ROCK2","MTOR","NOX3"
"ROCK2","MAPK14","NOX3"
"ROCK2","CSNK1D","NOX3"
"ROCK2","PLK1","NOX3"
"ROCK2","RPS6KB1","NOX3"
"ROCK2","CDK5","NOX3"
"ROCK2","STK39","NOX3"
"ROCK2","TYK2","NOX3"
"ROCK2","NTRK1","NOX3"
"ROCK2","WEE1","NOX3"
"ROCK2","CDKN1A","NOX3"
"ROCK2","SH2B2","NOX3"
"ROCK2","GRB14","NOX3"
"ROCK2","NOTCH2","NOX3"
"ROCK2","SYK","TNFAIP3"
"ROCK2","PTEN","TNFAIP3"
"ROCK2","MTOR","TNFAIP3"
"ROCK2","RPS6KB1","TNFAIP3"
"ROCK2","CDK5","TNFAIP3"
"ROCK2","CDC25A","TNFAIP3"
"ROCK2","TYK2","TNFAIP3"
"ROCK2","MEK1/2","TNFAIP3"
"ROCK2","14/03/2003","TNFAIP3"
"ROCK2","NTRK1","TNFAIP3"
"ROCK2","ERRFI1","TNFAIP3"
"ROCK2","CDKN1A","TNFAIP3"
"ROCK2","GRB14","TNFAIP3"
"ROCK2","PRKAR1A","TNFAIP3"
"ROCK2","SYK","ZNF692"
"ROCK2","AKT1","ZNF692"
"ROCK2","MAPK14","ZNF692"
"ROCK2","PLK1","ZNF692"
"ROCK2","RPS6KB1","ZNF692"
"ROCK2","TYK2","ZNF692"
"ROCK2","NTRK1","ZNF692"
"ROCK2","ERRFI1","ZNF692"
"ROCK2","CDKN1A","ZNF692"
"ROCK2","GRB14","ZNF692"
"ROCK2","PRKAR1A","ZNF692"
"ROCK2","SYK","RBM38"
"ROCK2","AKT1","RBM38"
"ROCK2","MAPK14","RBM38"
"ROCK2","RPS6KB1","RBM38"
"ROCK2","CDK5","RBM38"
"ROCK2","CDC25A","RBM38"
"ROCK2","TYK2","RBM38"
"ROCK2","MEK1/2","RBM38"
"ROCK2","NTRK1","RBM38"
"ROCK2","ERRFI1","RBM38"
"ROCK2","WEE1","RBM38"
"ROCK2","CDKN1A","RBM38"
"ROCK2","PRKAR1A","RBM38"
"ROCK2","NOTCH2","RBM38"
"ROCK2","SYK","EIF2B3"
"ROCK2","PTEN","EIF2B3"
"ROCK2","AKT1","EIF2B3"
"ROCK2","MAPK14","EIF2B3"
"ROCK2","CSNK1D","EIF2B3"
"ROCK2","PLK1","EIF2B3"
"ROCK2","TYK2","EIF2B3"
"ROCK2","14/03/2003","EIF2B3"
"ROCK2","ERRFI1","EIF2B3"
"ROCK2","WEE1","EIF2B3"
"ROCK2","CDKN1A","EIF2B3"
"ROCK2","GRB10","EIF2B3"
"ROCK2","SH2B2","EIF2B3"
"ROCK2","CLK2","EIF2B3"
"ROCK2","DCK","EIF2B3"
"ROCK2","GRB14","EIF2B3"
"ROCK2","PRKAR1A","EIF2B3"
"ROCK2","NOTCH2","EIF2B3"
"ROCK2","PTEN","E2F6"
"ROCK2","AKT1","E2F6"
"ROCK2","MAPK14","E2F6"
"ROCK2","RPS6KB1","E2F6"
"ROCK2","CDK5","E2F6"
"ROCK2","CDC25A","E2F6"
"ROCK2","STK39","E2F6"
"ROCK2","TYK2","E2F6"
"ROCK2","MEK1/2","E2F6"
"ROCK2","ERRFI1","E2F6"
"ROCK2","WEE1","E2F6"
"ROCK2","CDKN1A","E2F6"
"ROCK2","SH2B2","E2F6"
"ROCK2","CLK2","E2F6"
"ROCK2","DCK","E2F6"
"ROCK2","GRB14","E2F6"
"ROCK2","PRKAR1A","E2F6"
"ROCK2","PTEN","IRF4"
"ROCK2","CSNK1D","IRF4"
"ROCK2","TYK2","IRF4"
"ROCK2","14/03/2003","IRF4"
"ROCK2","NTRK1","IRF4"
"ROCK2","WEE1","IRF4"
"ROCK2","CDKN1A","IRF4"
"ROCK2","DCK","IRF4"
"ROCK2","MAPK14","ATP2B4"
"ROCK2","CSNK1D","ATP2B4"
"ROCK2","CDK5","ATP2B4"
"ROCK2","MEK1/2","ATP2B4"
"ROCK2","NTRK1","ATP2B4"
"ROCK2","ERRFI1","ATP2B4"
"ROCK2","GRB10","ATP2B4"
"ROCK2","SH2B2","ATP2B4"
"ROCK2","DCK","ATP2B4"
"ROCK2","GRB14","ATP2B4"
"ROCK2","PRKAR1A","ATP2B4"
"ROCK2","CSNK1D","UBE2A"
"ROCK2","RPS6KB1","UBE2A"
"ROCK2","mTORC1","UBE2A"
"ROCK2","TYK2","UBE2A"
"ROCK2","MEK1/2","UBE2A"
"ROCK2","GRB10","UBE2A"
"ROCK2","NOTCH2","UBE2A"
"ROCK2","AKT1","TKT"
"ROCK2","MAPK14","TKT"
"ROCK2","RPS6KB1","TKT"
"ROCK2","CDC25A","TKT"
"ROCK2","STK39","TKT"
"ROCK2","MEK1/2","TKT"
"ROCK2","14/03/2003","TKT"
"ROCK2","NTRK1","TKT"
"ROCK2","WEE1","TKT"
"ROCK2","CDKN1A","TKT"
"ROCK2","GRB10","TKT"
"ROCK2","SH2B2","TKT"
"ROCK2","CLK2","TKT"
"ROCK2","DCK","TKT"
"ROCK2","AKT1","ISCU"
"ROCK2","MAPK14","ISCU"
"ROCK2","PLK1","ISCU"
"ROCK2","CDC25A","ISCU"
"ROCK2","mTORC1","ISCU"
"ROCK2","MEK1/2","ISCU"
"ROCK2","14/03/2003","ISCU"
"ROCK2","NTRK1","ISCU"
"ROCK2","WEE1","ISCU"
"ROCK2","CDKN1A","ISCU"
"ROCK2","GRB10","ISCU"
"ROCK2","CLK2","ISCU"
"ROCK2","DCK","ISCU"
"ROCK2","PRKAR1A","ISCU"
"ROCK2","AKT1","LGMN"
"ROCK2","MAPK14","LGMN"
"ROCK2","PLK1","LGMN"
"ROCK2","CDC25A","LGMN"
"ROCK2","mTORC1","LGMN"
"ROCK2","14/03/2003","LGMN"
"ROCK2","NTRK1","LGMN"
"ROCK2","CDKN1A","LGMN"
"ROCK2","GRB10","LGMN"
"ROCK2","CLK2","LGMN"
"ROCK2","DCK","LGMN"
"ROCK2","GRB14","LGMN"
"ROCK2","PRKAR1A","LGMN"
"ROCK2","PTEN","FCAR"
"ROCK2","MAPK14","FCAR"
"ROCK2","CDK5","FCAR"
"ROCK2","CDC25A","FCAR"
"ROCK2","14/03/2003","FCAR"
"ROCK2","NTRK1","FCAR"
"ROCK2","WEE1","FCAR"
"ROCK2","CDKN1A","FCAR"
"ROCK2","GRB10","FCAR"
"ROCK2","SH2B2","FCAR"
"ROCK2","CLK2","FCAR"
"ROCK2","DCK","FCAR"
"ROCK2","GRB14","FCAR"
"ROCK2","PRKAR1A","FCAR"
"ROCK2","PTEN","NFE2L1"
"ROCK2","MTOR","NFE2L1"
"ROCK2","CSNK1D","NFE2L1"
"ROCK2","RPS6KB1","NFE2L1"
"ROCK2","CDC25A","NFE2L1"
"ROCK2","mTORC1","NFE2L1"
"ROCK2","TYK2","NFE2L1"
"ROCK2","MEK1/2","NFE2L1"
"ROCK2","ERRFI1","NFE2L1"
"ROCK2","WEE1","NFE2L1"
"ROCK2","GRB10","NFE2L1"
"ROCK2","SH2B2","NFE2L1"
"ROCK2","PTEN","MCM3AP"
"ROCK2","MAPK14","MCM3AP"
"ROCK2","CSNK1D","MCM3AP"
"ROCK2","RPS6KB1","MCM3AP"
"ROCK2","CDC25A","MCM3AP"
"ROCK2","STK39","MCM3AP"
"ROCK2","TYK2","MCM3AP"
"ROCK2","MEK1/2","MCM3AP"
"ROCK2","14/03/2003","MCM3AP"
"ROCK2","ERRFI1","MCM3AP"
"ROCK2","CDKN1A","MCM3AP"
"ROCK2","DCK","MCM3AP"
"ROCK2","SYK","DICER1"
"ROCK2","MTOR","DICER1"
"ROCK2","PLK1","DICER1"
"ROCK2","CDK5","DICER1"
"ROCK2","STK39","DICER1"
"ROCK2","TYK2","DICER1"
"ROCK2","MEK1/2","DICER1"
"ROCK2","NTRK1","DICER1"
"ROCK2","ERRFI1","DICER1"
"ROCK2","CDKN1A","DICER1"
"ROCK2","GRB10","DICER1"
"ROCK2","PTEN","RELB"
"ROCK2","MTOR","RELB"
"ROCK2","AKT1","RELB"
"ROCK2","PLK1","RELB"
"ROCK2","RPS6KB1","RELB"
"ROCK2","CDK5","RELB"
"ROCK2","CDC25A","RELB"
"ROCK2","NTRK1","RELB"
"ROCK2","CDKN1A","RELB"
"ROCK2","GRB10","RELB"
"ROCK2","SH2B2","RELB"
"ROCK2","CLK2","RELB"
"ROCK2","AKT1","PHB"
"ROCK2","PLK1","PHB"
"ROCK2","CDK5","PHB"
"ROCK2","mTORC1","PHB"
"ROCK2","STK39","PHB"
"ROCK2","TYK2","PHB"
"ROCK2","14/03/2003","PHB"
"ROCK2","NTRK1","PHB"
"ROCK2","WEE1","PHB"
"ROCK2","CLK2","PHB"
"ROCK2","NOTCH2","PHB"
"ROCK2","SYK","SETMAR"
"ROCK2","PTEN","SETMAR"
"ROCK2","MAPK14","SETMAR"
"ROCK2","RPS6KB1","SETMAR"
"ROCK2","CDC25A","SETMAR"
"ROCK2","STK39","SETMAR"
"ROCK2","TYK2","SETMAR"
"ROCK2","NTRK1","SETMAR"
"ROCK2","CDKN1A","SETMAR"
"ROCK2","GRB10","SETMAR"
"ROCK2","CLK2","SETMAR"
"ROCK2","SYK","ESR2"
"ROCK2","PTEN","ESR2"
"ROCK2","MAPK14","ESR2"
"ROCK2","CDC25A","ESR2"
"ROCK2","STK39","ESR2"
"ROCK2","NTRK1","ESR2"
"ROCK2","ERRFI1","ESR2"
"ROCK2","CDKN1A","ESR2"
"ROCK2","GRB10","ESR2"
"ROCK2","SH2B2","ESR2"
"ROCK2","CLK2","ESR2"
"ROCK2","DCK","ESR2"
"ROCK2","GRB14","ESR2"
"ROCK2","PRKAR1A","ESR2"
"ROCK2","NOTCH2","ESR2"
"ROCK2","SYK","ZFPM1"
"ROCK2","PTEN","ZFPM1"
"ROCK2","MTOR","ZFPM1"
"ROCK2","AKT1","ZFPM1"
"ROCK2","MAPK14","ZFPM1"
"ROCK2","CSNK1D","ZFPM1"
"ROCK2","PLK1","ZFPM1"
"ROCK2","RPS6KB1","ZFPM1"
"ROCK2","CDK5","ZFPM1"
"ROCK2","CDC25A","ZFPM1"
"ROCK2","mTORC1","ZFPM1"
"ROCK2","STK39","ZFPM1"
"ROCK2","TYK2","ZFPM1"
"ROCK2","MEK1/2","ZFPM1"
"ROCK2","14/03/2003","ZFPM1"
"ROCK2","NTRK1","ZFPM1"
"ROCK2","ERRFI1","ZFPM1"
"ROCK2","WEE1","ZFPM1"
"ROCK2","CDKN1A","ZFPM1"
"ROCK2","GRB10","ZFPM1"
"ROCK2","SH2B2","ZFPM1"
"ROCK2","CLK2","ZFPM1"
"ROCK2","DCK","ZFPM1"
"ROCK2","GRB14","ZFPM1"
"ROCK2","PRKAR1A","ZFPM1"
"ROCK2","NOTCH2","ZFPM1"
"ROCK2","SYK","BEX1"
"ROCK2","PTEN","BEX1"
"ROCK2","MTOR","BEX1"
"ROCK2","AKT1","BEX1"
"ROCK2","MAPK14","BEX1"
"ROCK2","CSNK1D","BEX1"
"ROCK2","PLK1","BEX1"
"ROCK2","RPS6KB1","BEX1"
"ROCK2","CDK5","BEX1"
"ROCK2","CDC25A","BEX1"
"ROCK2","mTORC1","BEX1"
"ROCK2","STK39","BEX1"
"ROCK2","TYK2","BEX1"
"ROCK2","MEK1/2","BEX1"
"ROCK2","14/03/2003","BEX1"
"ROCK2","NTRK1","BEX1"
"ROCK2","ERRFI1","BEX1"
"ROCK2","WEE1","BEX1"
"ROCK2","CDKN1A","BEX1"
"ROCK2","GRB10","BEX1"
"ROCK2","SH2B2","BEX1"
"ROCK2","CLK2","BEX1"
"ROCK2","DCK","BEX1"
"ROCK2","GRB14","BEX1"
"ROCK2","PRKAR1A","BEX1"
"ROCK2","NOTCH2","BEX1"
