"X1","X2","X3"
"RXRA","MAPK8","MAPK3"
"RXRA","AKT","MAPK3"
"RXRA","MAP3K4","MAPK3"
"RXRA","PHLPP1","MAPK3"
"RXRA","CCNO","MAPK3"
"RXRA","CDKN1B","MAPK3"
"RXRA","SKP2","MAPK3"
"RXRA","FLNA","MAPK3"
"RXRA","CDC25B","MAPK3"
"RXRA","DAXX","MAPK3"
"RXRA","MDC1","MAPK3"
"RXRA","AKAP11","MAPK3"
"RXRA","RCAN1","MAPK3"
"RXRA","PPP1R8","MAPK3"
"RXRA","ROR2","MAPK3"
"RXRA","PCBP2","MAPK3"
"RXRA","NOTCH2","MAPK3"
"RXRA","STAT2","MAPK3"
"RXRA","ERK1/2","GSK3B/Axin/APC"
"RXRA","MAPK3","RPS6KA2"
"RXRA","MAPK8","RPS6KA2"
"RXRA","Gbeta","RPS6KA2"
"RXRA","STK3","RPS6KA2"
"RXRA","MAPK9","RPS6KA2"
"RXRA","ITK","RPS6KA2"
"RXRA","CRK","RPS6KA2"
"RXRA","CCNO","RPS6KA2"
"RXRA","AXIN1","RPS6KA2"
"RXRA","CDKN1B","RPS6KA2"
"RXRA","PIK3R1","RPS6KA2"
"RXRA","AKAP11","RPS6KA2"
"RXRA","RCAN1","RPS6KA2"
"RXRA","MRE11","RPS6KA2"
"RXRA","PCBP2","RPS6KA2"
"RXRA","E2F1","RPS6KA2"
"RXRA","GRB14","RPS6KA2"
"RXRA","TIAM1","RPS6KA2"
"RXRA","CSNK2A1","MAPK8"
"RXRA","RPS6K","MAPK8"
"RXRA","ERK1/2","MAPK8"
"RXRA","LCK","MAPK8"
"RXRA","ABL1","MAPK8"
"RXRA","CHEK1","MAPK8"
"RXRA","RPS6KA1","MAPK8"
"RXRA","MAPKAPK2","MAPK8"
"RXRA","CCAR2","MAPK8"
"RXRA","DEF6","MAPK8"
"RXRA","SHC1","MAPK8"
"RXRA","CCNO","MAPK8"
"RXRA","KHDRBS1","MAPK8"
"RXRA","ARRB2","MAPK8"
"RXRA","NF2","MAPK8"
"RXRA","PPP1R8","MAPK8"
"RXRA","E2F1","MAPK8"
"RXRA","LRP6","MAPK8"
"RXRA","SPEN","MAPK8"
"RXRA","TIAM1","MAPK8"
"RXRA","APC","MAPK8"
"RXRA","DYNLL1","MAPK8"
"RXRA","ACP1","AKT1"
"RXRA","MAPK9","AKT1"
"RXRA","MAPKAPK2","AKT1"
"RXRA","ITK","AKT1"
"RXRA","NBR1","AKT1"
"RXRA","SHC1","AKT1"
"RXRA","FLNA","AKT1"
"RXRA","GRIPAP1","AKT1"
"RXRA","INPP5D","AKT1"
"RXRA","RUNX1","AKT1"
"RXRA","MRE11","AKT1"
"RXRA","FRAT1","AKT1"
"RXRA","ROR2","AKT1"
"RXRA","PCBP2","AKT1"
"RXRA","SPEN","AKT1"
"RXRA","TIAM1","AKT1"
"RXRA","NOTCH2","AKT1"
"RXRA","DYNLL1","AKT1"
"RXRA","PLCG2","AKT1"
"RXRA","MAPK3","STK3/4"
"RXRA","MAPK8","STK3/4"
"RXRA","RPS6K","STK3/4"
"RXRA","RPS6KA1","STK3/4"
"RXRA","MAPK9","STK3/4"
"RXRA","PPP1R1B","STK3/4"
"RXRA","MAP3K4","STK3/4"
"RXRA","MAPKAPK2","STK3/4"
"RXRA","ITK","STK3/4"
"RXRA","PHLPP1","STK3/4"
"RXRA","CDK3","STK3/4"
"RXRA","DEF6","STK3/4"
"RXRA","NBR1","STK3/4"
"RXRA","SKP2","STK3/4"
"RXRA","FLNA","STK3/4"
"RXRA","GRIP1","STK3/4"
"RXRA","KHDRBS1","STK3/4"
"RXRA","ARRB2","STK3/4"
"RXRA","PSEN1","STK3/4"
"RXRA","PIK3R1","STK3/4"
"RXRA","AKAP11","STK3/4"
"RXRA","YY1","STK3/4"
"RXRA","RCAN1","STK3/4"
"RXRA","ABI1","STK3/4"
"RXRA","TIAM1","STK3/4"
"RXRA","APC","STK3/4"
"RXRA","PLCG2","STK3/4"
"RXRA","MAPK3","PRKCD"
"RXRA","ACP1","PRKCD"
"RXRA","Gbeta","PRKCD"
"RXRA","MAPK9","PRKCD"
"RXRA","PHLPP1","PRKCD"
"RXRA","CCAR2","PRKCD"
"RXRA","NCOR2","PRKCD"
"RXRA","CDK3","PRKCD"
"RXRA","CAMKK2","PRKCD"
"RXRA","CRK","PRKCD"
"RXRA","KHDRBS1","PRKCD"
"RXRA","DAXX","PRKCD"
"RXRA","PIK3R1","PRKCD"
"RXRA","NF2","PRKCD"
"RXRA","RUNX1","PRKCD"
"RXRA","MDC1","PRKCD"
"RXRA","AKAP11","PRKCD"
"RXRA","YY1","PRKCD"
"RXRA","RCAN1","PRKCD"
"RXRA","MRE11","PRKCD"
"RXRA","FRAT1","PRKCD"
"RXRA","PPP1R8","PRKCD"
"RXRA","ROR2","PRKCD"
"RXRA","ABI1","PRKCD"
"RXRA","PCBP2","PRKCD"
"RXRA","E2F1","PRKCD"
"RXRA","GRB14","PRKCD"
"RXRA","SPEN","PRKCD"
"RXRA","TIAM1","PRKCD"
"RXRA","APC","PRKCD"
"RXRA","PLCG2","PRKCD"
"RXRA","MAPK8","CDK4"
"RXRA","STK3/4","CDK4"
"RXRA","PRKCD","CDK4"
"RXRA","ACP1","CDK4"
"RXRA","CSNK2A1","CDK4"
"RXRA","Gbeta","CDK4"
"RXRA","ABL1","CDK4"
"RXRA","EIF2AK2","CDK4"
"RXRA","STK3","CDK4"
"RXRA","MAPK9","CDK4"
"RXRA","PPP1R1B","CDK4"
"RXRA","MAP3K4","CDK4"
"RXRA","MAPKAPK2","CDK4"
"RXRA","ITK","CDK4"
"RXRA","mTORC1","CDK4"
"RXRA","DEF6","CDK4"
"RXRA","CAMKK2","CDK4"
"RXRA","CCNO","CDK4"
"RXRA","AXIN1","CDK4"
"RXRA","SKP2","CDK4"
"RXRA","GRIPAP1","CDK4"
"RXRA","ARRB2","CDK4"
"RXRA","PSEN1","CDK4"
"RXRA","PIK3R1","CDK4"
"RXRA","CCNE1","CDK4"
"RXRA","YY1","CDK4"
"RXRA","MRE11","CDK4"
"RXRA","PCBP2","CDK4"
"RXRA","E2F1","CDK4"
"RXRA","LRP6","CDK4"
"RXRA","GRB14","CDK4"
"RXRA","SPEN","CDK4"
"RXRA","TIAM1","CDK4"
"RXRA","NOTCH2","CDK4"
"RXRA","PLCG2","CDK4"
"RXRA","MAPK8","ACP1"
"RXRA","Gbeta","ACP1"
"RXRA","CHEK1","ACP1"
"RXRA","EIF2AK2","ACP1"
"RXRA","MAPK9","ACP1"
"RXRA","ITK","ACP1"
"RXRA","mTORC1","ACP1"
"RXRA","CCAR2","ACP1"
"RXRA","NCOR2","ACP1"
"RXRA","CDK3","ACP1"
"RXRA","NBR1","ACP1"
"RXRA","CCNO","ACP1"
"RXRA","AXIN1","ACP1"
"RXRA","CDKN1B","ACP1"
"RXRA","FLNA","ACP1"
"RXRA","GAB1","ACP1"
"RXRA","GRIPAP1","ACP1"
"RXRA","GRIP1","ACP1"
"RXRA","PIK3R1","ACP1"
"RXRA","NF2","ACP1"
"RXRA","MDC1","ACP1"
"RXRA","AKAP11","ACP1"
"RXRA","YY1","ACP1"
"RXRA","RCAN1","ACP1"
"RXRA","FRAT1","ACP1"
"RXRA","ABI1","ACP1"
"RXRA","PCBP2","ACP1"
"RXRA","LRP6","ACP1"
"RXRA","GRB14","ACP1"
"RXRA","NOTCH2","ACP1"
"RXRA","APC","ACP1"
"RXRA","STAT2","ACP1"
"RXRA","ERK1/2","MAPK1"
"RXRA","STK3/4","CSNK2A1"
"RXRA","PRKCD","CSNK2A1"
"RXRA","RPS6K","CSNK2A1"
"RXRA","Gbeta","CSNK2A1"
"RXRA","ABL1","CSNK2A1"
"RXRA","CHEK1","CSNK2A1"
"RXRA","RPS6KA1","CSNK2A1"
"RXRA","MAPKAPK2","CSNK2A1"
"RXRA","mTORC1","CSNK2A1"
"RXRA","PHLPP1","CSNK2A1"
"RXRA","NCOR2","CSNK2A1"
"RXRA","CDK3","CSNK2A1"
"RXRA","DEF6","CSNK2A1"
"RXRA","NBR1","CSNK2A1"
"RXRA","CAMKK2","CSNK2A1"
"RXRA","CRK","CSNK2A1"
"RXRA","SHC1","CSNK2A1"
"RXRA","CCNO","CSNK2A1"
"RXRA","CDKN1B","CSNK2A1"
"RXRA","GAB1","CSNK2A1"
"RXRA","GRIPAP1","CSNK2A1"
"RXRA","PSEN1","CSNK2A1"
"RXRA","CD28","CSNK2A1"
"RXRA","INPP5D","CSNK2A1"
"RXRA","CCNE1","CSNK2A1"
"RXRA","NF2","CSNK2A1"
"RXRA","FRAT1","CSNK2A1"
"RXRA","ABI1","CSNK2A1"
"RXRA","PCBP2","CSNK2A1"
"RXRA","LRP6","CSNK2A1"
"RXRA","GRB14","CSNK2A1"
"RXRA","SPEN","CSNK2A1"
"RXRA","TIAM1","CSNK2A1"
"RXRA","APC","CSNK2A1"
"RXRA","DYNLL1","CSNK2A1"
"RXRA","MAPK3","CDK1"
"RXRA","MAPK8","CDK1"
"RXRA","STK3/4","CDK1"
"RXRA","PRKCD","CDK1"
"RXRA","ACP1","CDK1"
"RXRA","RPS6K","CDK1"
"RXRA","LCK","CDK1"
"RXRA","ABL1","CDK1"
"RXRA","AKT","CDK1"
"RXRA","ITK","CDK1"
"RXRA","mTORC1","CDK1"
"RXRA","DEF6","CDK1"
"RXRA","NBR1","CDK1"
"RXRA","CAMKK2","CDK1"
"RXRA","SHC1","CDK1"
"RXRA","GAB1","CDK1"
"RXRA","GRIPAP1","CDK1"
"RXRA","GRIP1","CDK1"
"RXRA","KHDRBS1","CDK1"
"RXRA","ARRB2","CDK1"
"RXRA","DAXX","CDK1"
"RXRA","CD28","CDK1"
"RXRA","INPP5D","CDK1"
"RXRA","RUNX1","CDK1"
"RXRA","AKAP11","CDK1"
"RXRA","RCAN1","CDK1"
"RXRA","ROR2","CDK1"
"RXRA","PCBP2","CDK1"
"RXRA","E2F1","CDK1"
"RXRA","GRB14","CDK1"
"RXRA","APC","CDK1"
"RXRA","MAPK8","PTPN6"
"RXRA","CSNK2A1","PTPN6"
"RXRA","PPP1R1B","PTPN6"
"RXRA","MAPKAPK2","PTPN6"
"RXRA","PHLPP1","PTPN6"
"RXRA","DEF6","PTPN6"
"RXRA","SHC1","PTPN6"
"RXRA","CCNO","PTPN6"
"RXRA","CDKN1B","PTPN6"
"RXRA","SKP2","PTPN6"
"RXRA","ARRB2","PTPN6"
"RXRA","PSEN1","PTPN6"
"RXRA","INPP5D","PTPN6"
"RXRA","PIK3R1","PTPN6"
"RXRA","FRAT1","PTPN6"
"RXRA","ABI1","PTPN6"
"RXRA","TIAM1","PTPN6"
"RXRA","NOTCH2","PTPN6"
"RXRA","DYNLL1","PTPN6"
"RXRA","CSNK2A1","MAPK14"
"RXRA","Gbeta","MAPK14"
"RXRA","CHEK1","MAPK14"
"RXRA","STK3","MAPK14"
"RXRA","MAPK9","MAPK14"
"RXRA","CCAR2","MAPK14"
"RXRA","NBR1","MAPK14"
"RXRA","CAMKK2","MAPK14"
"RXRA","AXIN1","MAPK14"
"RXRA","CDKN1B","MAPK14"
"RXRA","SKP2","MAPK14"
"RXRA","GAB1","MAPK14"
"RXRA","GRIP1","MAPK14"
"RXRA","KHDRBS1","MAPK14"
"RXRA","CCNE1","MAPK14"
"RXRA","NF2","MAPK14"
"RXRA","MRE11","MAPK14"
"RXRA","FRAT1","MAPK14"
"RXRA","PPP1R8","MAPK14"
"RXRA","ROR2","MAPK14"
"RXRA","SPEN","MAPK14"
"RXRA","STAT2","MAPK14"
"RXRA","PRKCD","RPS6K"
"RXRA","ACP1","RPS6K"
"RXRA","CSNK2A1","RPS6K"
"RXRA","ABL1","RPS6K"
"RXRA","CHEK1","RPS6K"
"RXRA","PPP1R1B","RPS6K"
"RXRA","MAP3K4","RPS6K"
"RXRA","ITK","RPS6K"
"RXRA","mTORC1","RPS6K"
"RXRA","PHLPP1","RPS6K"
"RXRA","CCAR2","RPS6K"
"RXRA","NCOR2","RPS6K"
"RXRA","CDK3","RPS6K"
"RXRA","CRK","RPS6K"
"RXRA","SHC1","RPS6K"
"RXRA","SKP2","RPS6K"
"RXRA","FLNA","RPS6K"
"RXRA","GRIPAP1","RPS6K"
"RXRA","KHDRBS1","RPS6K"
"RXRA","ARRB2","RPS6K"
"RXRA","DAXX","RPS6K"
"RXRA","PSEN1","RPS6K"
"RXRA","PIK3R1","RPS6K"
"RXRA","AKAP11","RPS6K"
"RXRA","PPP1R8","RPS6K"
"RXRA","ROR2","RPS6K"
"RXRA","ABI1","RPS6K"
"RXRA","PCBP2","RPS6K"
"RXRA","E2F1","RPS6K"
"RXRA","LRP6","RPS6K"
"RXRA","TIAM1","RPS6K"
"RXRA","NOTCH2","RPS6K"
"RXRA","DYNLL1","RPS6K"
"RXRA","PLCG2","RPS6K"
"RXRA","MAPK8","CALM2"
"RXRA","STK3/4","CALM2"
"RXRA","Gbeta","CALM2"
"RXRA","CHEK1","CALM2"
"RXRA","EIF2AK2","CALM2"
"RXRA","RPS6KA1","CALM2"
"RXRA","STK3","CALM2"
"RXRA","PPP1R1B","CALM2"
"RXRA","MAP3K4","CALM2"
"RXRA","ITK","CALM2"
"RXRA","mTORC1","CALM2"
"RXRA","NCOR2","CALM2"
"RXRA","DEF6","CALM2"
"RXRA","CAMKK2","CALM2"
"RXRA","SHC1","CALM2"
"RXRA","CCNO","CALM2"
"RXRA","AXIN1","CALM2"
"RXRA","SKP2","CALM2"
"RXRA","FLNA","CALM2"
"RXRA","GRIP1","CALM2"
"RXRA","INPP5D","CALM2"
"RXRA","PIK3R1","CALM2"
"RXRA","RUNX1","CALM2"
"RXRA","MDC1","CALM2"
"RXRA","RCAN1","CALM2"
"RXRA","PPP1R8","CALM2"
"RXRA","LRP6","CALM2"
"RXRA","NOTCH2","CALM2"
"RXRA","Gbeta","PTPRC"
"RXRA","LCK","PTPRC"
"RXRA","ABL1","PTPRC"
"RXRA","CHEK1","PTPRC"
"RXRA","MAPK9","PTPRC"
"RXRA","PPP1R1B","PTPRC"
"RXRA","NCOR2","PTPRC"
"RXRA","CAMKK2","PTPRC"
"RXRA","CRK","PTPRC"
"RXRA","CCNO","PTPRC"
"RXRA","GAB1","PTPRC"
"RXRA","KHDRBS1","PTPRC"
"RXRA","DAXX","PTPRC"
"RXRA","PSEN1","PTPRC"
"RXRA","CD28","PTPRC"
"RXRA","INPP5D","PTPRC"
"RXRA","CCNE1","PTPRC"
"RXRA","AKAP11","PTPRC"
"RXRA","YY1","PTPRC"
"RXRA","RCAN1","PTPRC"
"RXRA","MRE11","PTPRC"
"RXRA","ROR2","PTPRC"
"RXRA","ABI1","PTPRC"
"RXRA","PCBP2","PTPRC"
"RXRA","E2F1","PTPRC"
"RXRA","GRB14","PTPRC"
"RXRA","TIAM1","PTPRC"
"RXRA","PLCG2","PTPRC"
"RXRA","Gbeta","ERK1/2"
"RXRA","MAPK8","Gbeta"
"RXRA","PRKCD","Gbeta"
"RXRA","ACP1","Gbeta"
"RXRA","RPS6K","Gbeta"
"RXRA","LCK","Gbeta"
"RXRA","CHEK1","Gbeta"
"RXRA","RPS6KA1","Gbeta"
"RXRA","STK3","Gbeta"
"RXRA","PPP1R1B","Gbeta"
"RXRA","ITK","Gbeta"
"RXRA","CCAR2","Gbeta"
"RXRA","CAMKK2","Gbeta"
"RXRA","CCNO","Gbeta"
"RXRA","AXIN1","Gbeta"
"RXRA","CDKN1B","Gbeta"
"RXRA","SKP2","Gbeta"
"RXRA","GAB1","Gbeta"
"RXRA","ARRB2","Gbeta"
"RXRA","CCNE1","Gbeta"
"RXRA","RUNX1","Gbeta"
"RXRA","RCAN1","Gbeta"
"RXRA","ROR2","Gbeta"
"RXRA","SPEN","Gbeta"
"RXRA","STK3/4","CDK7"
"RXRA","PRKCD","CDK7"
"RXRA","Gbeta","CDK7"
"RXRA","ABL1","CDK7"
"RXRA","AKT","CDK7"
"RXRA","MAP3K4","CDK7"
"RXRA","ITK","CDK7"
"RXRA","CCAR2","CDK7"
"RXRA","CAMKK2","CDK7"
"RXRA","CRK","CDK7"
"RXRA","GRIP1","CDK7"
"RXRA","CD28","CDK7"
"RXRA","INPP5D","CDK7"
"RXRA","PIK3R1","CDK7"
"RXRA","CCNE1","CDK7"
"RXRA","NF2","CDK7"
"RXRA","RUNX1","CDK7"
"RXRA","MDC1","CDK7"
"RXRA","FRAT1","CDK7"
"RXRA","ABI1","CDK7"
"RXRA","LRP6","CDK7"
"RXRA","GRB14","CDK7"
"RXRA","TIAM1","CDK7"
"RXRA","NOTCH2","CDK7"
"RXRA","MAPK8","STK4"
"RXRA","Gbeta","STK4"
"RXRA","ABL1","STK4"
"RXRA","CHEK1","STK4"
"RXRA","MAPK9","STK4"
"RXRA","PPP1R1B","STK4"
"RXRA","MAP3K4","STK4"
"RXRA","PHLPP1","STK4"
"RXRA","NCOR2","STK4"
"RXRA","CDK3","STK4"
"RXRA","DEF6","STK4"
"RXRA","CAMKK2","STK4"
"RXRA","CCNO","STK4"
"RXRA","GAB1","STK4"
"RXRA","KHDRBS1","STK4"
"RXRA","ARRB2","STK4"
"RXRA","DAXX","STK4"
"RXRA","INPP5D","STK4"
"RXRA","PIK3R1","STK4"
"RXRA","NF2","STK4"
"RXRA","FRAT1","STK4"
"RXRA","PPP1R8","STK4"
"RXRA","LRP6","STK4"
"RXRA","GRB14","STK4"
"RXRA","SPEN","STK4"
"RXRA","TIAM1","STK4"
"RXRA","NOTCH2","STK4"
"RXRA","DYNLL1","STK4"
"RXRA","STAT2","STK4"
"RXRA","MAPK8","LCK"
"RXRA","RPS6K","LCK"
"RXRA","ABL1","LCK"
"RXRA","CHEK1","LCK"
"RXRA","MAPK9","LCK"
"RXRA","PPP1R1B","LCK"
"RXRA","MAP3K4","LCK"
"RXRA","PHLPP1","LCK"
"RXRA","NBR1","LCK"
"RXRA","CRK","LCK"
"RXRA","GRIPAP1","LCK"
"RXRA","PSEN1","LCK"
"RXRA","INPP5D","LCK"
"RXRA","MDC1","LCK"
"RXRA","PCBP2","LCK"
"RXRA","LRP6","LCK"
"RXRA","TIAM1","LCK"
"RXRA","MAPK3","RPS6KB1"
"RXRA","MAPK8","RPS6KB1"
"RXRA","PRKCD","RPS6KB1"
"RXRA","ABL1","RPS6KB1"
"RXRA","CHEK1","RPS6KB1"
"RXRA","RPS6KA1","RPS6KB1"
"RXRA","PPP1R1B","RPS6KB1"
"RXRA","ITK","RPS6KB1"
"RXRA","PHLPP1","RPS6KB1"
"RXRA","CCAR2","RPS6KB1"
"RXRA","CDK3","RPS6KB1"
"RXRA","CAMKK2","RPS6KB1"
"RXRA","SHC1","RPS6KB1"
"RXRA","CCNO","RPS6KB1"
"RXRA","GAB1","RPS6KB1"
"RXRA","KHDRBS1","RPS6KB1"
"RXRA","ARRB2","RPS6KB1"
"RXRA","PSEN1","RPS6KB1"
"RXRA","CD28","RPS6KB1"
"RXRA","PIK3R1","RPS6KB1"
"RXRA","MDC1","RPS6KB1"
"RXRA","RCAN1","RPS6KB1"
"RXRA","FRAT1","RPS6KB1"
"RXRA","PCBP2","RPS6KB1"
"RXRA","E2F1","RPS6KB1"
"RXRA","GRB14","RPS6KB1"
"RXRA","NOTCH2","RPS6KB1"
"RXRA","APC","RPS6KB1"
"RXRA","PLCG2","RPS6KB1"
"RXRA","MAPK8","SP1"
"RXRA","STK3/4","SP1"
"RXRA","PRKCD","SP1"
"RXRA","ACP1","SP1"
"RXRA","RPS6K","SP1"
"RXRA","CHEK1","SP1"
"RXRA","EIF2AK2","SP1"
"RXRA","RPS6KA1","SP1"
"RXRA","AKT","SP1"
"RXRA","MAPK9","SP1"
"RXRA","PPP1R1B","SP1"
"RXRA","MAP3K4","SP1"
"RXRA","MAPKAPK2","SP1"
"RXRA","ITK","SP1"
"RXRA","mTORC1","SP1"
"RXRA","NBR1","SP1"
"RXRA","CAMKK2","SP1"
"RXRA","CCNO","SP1"
"RXRA","GRIP1","SP1"
"RXRA","CD28","SP1"
"RXRA","INPP5D","SP1"
"RXRA","PIK3R1","SP1"
"RXRA","CCNE1","SP1"
"RXRA","RUNX1","SP1"
"RXRA","MRE11","SP1"
"RXRA","FRAT1","SP1"
"RXRA","PPP1R8","SP1"
"RXRA","PCBP2","SP1"
"RXRA","GRB14","SP1"
"RXRA","TIAM1","SP1"
"RXRA","APC","SP1"
"RXRA","DYNLL1","SP1"
"RXRA","PRKCD","ABL1"
"RXRA","CSNK2A1","ABL1"
"RXRA","AKT","ABL1"
"RXRA","PPP1R1B","ABL1"
"RXRA","CRK","ABL1"
"RXRA","RUNX1","ABL1"
"RXRA","YY1","ABL1"
"RXRA","ROR2","ABL1"
"RXRA","GRB14","ABL1"
"RXRA","SPEN","ABL1"
"RXRA","TIAM1","ABL1"
"RXRA","NOTCH2","ABL1"
"RXRA","DYNLL1","ABL1"
"RXRA","PLCG2","ABL1"
"RXRA","STK3/4","CDK2"
"RXRA","ACP1","CDK2"
"RXRA","CSNK2A1","CDK2"
"RXRA","RPS6K","CDK2"
"RXRA","Gbeta","CDK2"
"RXRA","LCK","CDK2"
"RXRA","ABL1","CDK2"
"RXRA","EIF2AK2","CDK2"
"RXRA","RPS6KA1","CDK2"
"RXRA","AKT","CDK2"
"RXRA","PPP1R1B","CDK2"
"RXRA","MAP3K4","CDK2"
"RXRA","mTORC1","CDK2"
"RXRA","PHLPP1","CDK2"
"RXRA","CCAR2","CDK2"
"RXRA","NCOR2","CDK2"
"RXRA","CDK3","CDK2"
"RXRA","DEF6","CDK2"
"RXRA","NBR1","CDK2"
"RXRA","CAMKK2","CDK2"
"RXRA","SHC1","CDK2"
"RXRA","CDKN1B","CDK2"
"RXRA","GAB1","CDK2"
"RXRA","GRIP1","CDK2"
"RXRA","INPP5D","CDK2"
"RXRA","PIK3R1","CDK2"
"RXRA","MDC1","CDK2"
"RXRA","AKAP11","CDK2"
"RXRA","YY1","CDK2"
"RXRA","RCAN1","CDK2"
"RXRA","ROR2","CDK2"
"RXRA","PCBP2","CDK2"
"RXRA","LRP6","CDK2"
"RXRA","SPEN","CDK2"
"RXRA","DYNLL1","CDK2"
"RXRA","MAPK8","RPS6KA5"
"RXRA","STK3/4","RPS6KA5"
"RXRA","ACP1","RPS6KA5"
"RXRA","ITK","RPS6KA5"
"RXRA","mTORC1","RPS6KA5"
"RXRA","PHLPP1","RPS6KA5"
"RXRA","CCAR2","RPS6KA5"
"RXRA","NCOR2","RPS6KA5"
"RXRA","CDK3","RPS6KA5"
"RXRA","CAMKK2","RPS6KA5"
"RXRA","FLNA","RPS6KA5"
"RXRA","GAB1","RPS6KA5"
"RXRA","GRIP1","RPS6KA5"
"RXRA","DAXX","RPS6KA5"
"RXRA","INPP5D","RPS6KA5"
"RXRA","RCAN1","RPS6KA5"
"RXRA","MRE11","RPS6KA5"
"RXRA","FRAT1","RPS6KA5"
"RXRA","ROR2","RPS6KA5"
"RXRA","LRP6","RPS6KA5"
"RXRA","NOTCH2","RPS6KA5"
"RXRA","APC","RPS6KA5"
"RXRA","MAPK8","CHEK1"
"RXRA","Gbeta","CHEK1"
"RXRA","RPS6KA1","CHEK1"
"RXRA","AKT","CHEK1"
"RXRA","MAPK9","CHEK1"
"RXRA","PPP1R1B","CHEK1"
"RXRA","CRK","CHEK1"
"RXRA","CCNO","CHEK1"
"RXRA","GAB1","CHEK1"
"RXRA","GRIPAP1","CHEK1"
"RXRA","GRIP1","CHEK1"
"RXRA","KHDRBS1","CHEK1"
"RXRA","PIK3R1","CHEK1"
"RXRA","NF2","CHEK1"
"RXRA","RUNX1","CHEK1"
"RXRA","MDC1","CHEK1"
"RXRA","YY1","CHEK1"
"RXRA","ROR2","CHEK1"
"RXRA","PCBP2","CHEK1"
"RXRA","E2F1","CHEK1"
"RXRA","SPEN","CHEK1"
"RXRA","TIAM1","CHEK1"
"RXRA","STAT2","CHEK1"
"RXRA","PRKCD","EIF2AK2"
"RXRA","Gbeta","EIF2AK2"
"RXRA","LCK","EIF2AK2"
"RXRA","ABL1","EIF2AK2"
"RXRA","CHEK1","EIF2AK2"
"RXRA","RPS6KA1","EIF2AK2"
"RXRA","AKT","EIF2AK2"
"RXRA","MAPKAPK2","EIF2AK2"
"RXRA","ITK","EIF2AK2"
"RXRA","CCAR2","EIF2AK2"
"RXRA","CDK3","EIF2AK2"
"RXRA","DEF6","EIF2AK2"
"RXRA","NBR1","EIF2AK2"
"RXRA","SHC1","EIF2AK2"
"RXRA","CCNO","EIF2AK2"
"RXRA","AXIN1","EIF2AK2"
"RXRA","CDKN1B","EIF2AK2"
"RXRA","SKP2","EIF2AK2"
"RXRA","GRIPAP1","EIF2AK2"
"RXRA","PSEN1","EIF2AK2"
"RXRA","CD28","EIF2AK2"
"RXRA","RUNX1","EIF2AK2"
"RXRA","MDC1","EIF2AK2"
"RXRA","AKAP11","EIF2AK2"
"RXRA","FRAT1","EIF2AK2"
"RXRA","PPP1R8","EIF2AK2"
"RXRA","ABI1","EIF2AK2"
"RXRA","E2F1","EIF2AK2"
"RXRA","LRP6","EIF2AK2"
"RXRA","SPEN","EIF2AK2"
"RXRA","DYNLL1","EIF2AK2"
"RXRA","PLCG2","EIF2AK2"
"RXRA","MAPK3","RPS6KA1"
"RXRA","CSNK2A1","RPS6KA1"
"RXRA","RPS6K","RPS6KA1"
"RXRA","Gbeta","RPS6KA1"
"RXRA","CHEK1","RPS6KA1"
"RXRA","STK3","RPS6KA1"
"RXRA","PPP1R1B","RPS6KA1"
"RXRA","MAPKAPK2","RPS6KA1"
"RXRA","ITK","RPS6KA1"
"RXRA","CCAR2","RPS6KA1"
"RXRA","NCOR2","RPS6KA1"
"RXRA","CAMKK2","RPS6KA1"
"RXRA","CRK","RPS6KA1"
"RXRA","AXIN1","RPS6KA1"
"RXRA","CDKN1B","RPS6KA1"
"RXRA","SKP2","RPS6KA1"
"RXRA","GRIPAP1","RPS6KA1"
"RXRA","GRIP1","RPS6KA1"
"RXRA","KHDRBS1","RPS6KA1"
"RXRA","ARRB2","RPS6KA1"
"RXRA","DAXX","RPS6KA1"
"RXRA","PSEN1","RPS6KA1"
"RXRA","CD28","RPS6KA1"
"RXRA","PIK3R1","RPS6KA1"
"RXRA","CCNE1","RPS6KA1"
"RXRA","RUNX1","RPS6KA1"
"RXRA","MDC1","RPS6KA1"
"RXRA","RCAN1","RPS6KA1"
"RXRA","GRB14","RPS6KA1"
"RXRA","SPEN","RPS6KA1"
"RXRA","TIAM1","RPS6KA1"
"RXRA","NOTCH2","RPS6KA1"
"RXRA","APC","RPS6KA1"
"RXRA","PLCG2","RPS6KA1"
"RXRA","PRKCD","STK3"
"RXRA","LCK","STK3"
"RXRA","CHEK1","STK3"
"RXRA","MAPK9","STK3"
"RXRA","PPP1R1B","STK3"
"RXRA","MAP3K4","STK3"
"RXRA","MAPKAPK2","STK3"
"RXRA","CCAR2","STK3"
"RXRA","CRK","STK3"
"RXRA","AXIN1","STK3"
"RXRA","KHDRBS1","STK3"
"RXRA","PSEN1","STK3"
"RXRA","CD28","STK3"
"RXRA","CCNE1","STK3"
"RXRA","PPP1R8","STK3"
"RXRA","E2F1","STK3"
"RXRA","TIAM1","STK3"
"RXRA","STAT2","STK3"
"RXRA","PLCG2","STK3"
"RXRA","MAPK8","CyclinD/CDK4"
"RXRA","EIF2AK2","CyclinD/CDK4"
"RXRA","MAPK9","CyclinD/CDK4"
"RXRA","NCOR2","CyclinD/CDK4"
"RXRA","CAMKK2","CyclinD/CDK4"
"RXRA","CCNO","CyclinD/CDK4"
"RXRA","SKP2","CyclinD/CDK4"
"RXRA","GAB1","CyclinD/CDK4"
"RXRA","GRIPAP1","CyclinD/CDK4"
"RXRA","GRIP1","CyclinD/CDK4"
"RXRA","ARRB2","CyclinD/CDK4"
"RXRA","PSEN1","CyclinD/CDK4"
"RXRA","CD28","CyclinD/CDK4"
"RXRA","INPP5D","CyclinD/CDK4"
"RXRA","PIK3R1","CyclinD/CDK4"
"RXRA","MDC1","CyclinD/CDK4"
"RXRA","AKAP11","CyclinD/CDK4"
"RXRA","RCAN1","CyclinD/CDK4"
"RXRA","MRE11","CyclinD/CDK4"
"RXRA","PPP1R8","CyclinD/CDK4"
"RXRA","ROR2","CyclinD/CDK4"
"RXRA","E2F1","CyclinD/CDK4"
"RXRA","GRB14","CyclinD/CDK4"
"RXRA","PLCG2","CyclinD/CDK4"
"RXRA","MAPK8","AKT"
"RXRA","PRKCD","AKT"
"RXRA","RPS6K","AKT"
"RXRA","Gbeta","AKT"
"RXRA","RPS6KB1","AKT"
"RXRA","EIF2AK2","AKT"
"RXRA","RPS6KA1","AKT"
"RXRA","PPP1R1B","AKT"
"RXRA","MAP3K4","AKT"
"RXRA","MAPKAPK2","AKT"
"RXRA","PHLPP1","AKT"
"RXRA","DEF6","AKT"
"RXRA","NBR1","AKT"
"RXRA","CRK","AKT"
"RXRA","CCNO","AKT"
"RXRA","AXIN1","AKT"
"RXRA","CDKN1B","AKT"
"RXRA","FLNA","AKT"
"RXRA","GRIP1","AKT"
"RXRA","DAXX","AKT"
"RXRA","INPP5D","AKT"
"RXRA","GRB10","AKT"
"RXRA","RUNX1","AKT"
"RXRA","MDC1","AKT"
"RXRA","PPP1R8","AKT"
"RXRA","ABI1","AKT"
"RXRA","LRP6","AKT"
"RXRA","GRB14","AKT"
"RXRA","TIAM1","AKT"
"RXRA","NOTCH2","AKT"
"RXRA","STAT2","AKT"
"RXRA","MAPK3","MAPK9"
"RXRA","CSNK2A1","MAPK9"
"RXRA","RPS6K","MAPK9"
"RXRA","ERK1/2","MAPK9"
"RXRA","CHEK1","MAPK9"
"RXRA","PPP1R1B","MAPK9"
"RXRA","ITK","MAPK9"
"RXRA","NCOR2","MAPK9"
"RXRA","NBR1","MAPK9"
"RXRA","CAMKK2","MAPK9"
"RXRA","AXIN1","MAPK9"
"RXRA","CDKN1B","MAPK9"
"RXRA","GRIPAP1","MAPK9"
"RXRA","CD28","MAPK9"
"RXRA","CCNE1","MAPK9"
"RXRA","NF2","MAPK9"
"RXRA","MDC1","MAPK9"
"RXRA","YY1","MAPK9"
"RXRA","RCAN1","MAPK9"
"RXRA","PPP1R8","MAPK9"
"RXRA","E2F1","MAPK9"
"RXRA","LRP6","MAPK9"
"RXRA","APC","MAPK9"
"RXRA","Gbeta","DOK1"
"RXRA","mTORC1","DOK1"
"RXRA","CCAR2","DOK1"
"RXRA","FLNA","DOK1"
"RXRA","KHDRBS1","DOK1"
"RXRA","ARRB2","DOK1"
"RXRA","CD28","DOK1"
"RXRA","RUNX1","DOK1"
"RXRA","YY1","DOK1"
"RXRA","RCAN1","DOK1"
"RXRA","MRE11","DOK1"
"RXRA","FRAT1","DOK1"
"RXRA","PPP1R8","DOK1"
"RXRA","ABI1","DOK1"
"RXRA","PCBP2","DOK1"
"RXRA","E2F1","DOK1"
"RXRA","LRP6","DOK1"
"RXRA","SPEN","DOK1"
"RXRA","TIAM1","DOK1"
"RXRA","APC","DOK1"
"RXRA","DYNLL1","DOK1"
"RXRA","STAT2","DOK1"
"RXRA","PLCG2","DOK1"
"RXRA","MAPK3","PPP1R1B"
"RXRA","MAPK8","PPP1R1B"
"RXRA","PRKCD","PPP1R1B"
"RXRA","RPS6K","PPP1R1B"
"RXRA","Gbeta","PPP1R1B"
"RXRA","LCK","PPP1R1B"
"RXRA","ABL1","PPP1R1B"
"RXRA","CHEK1","PPP1R1B"
"RXRA","EIF2AK2","PPP1R1B"
"RXRA","RPS6KA1","PPP1R1B"
"RXRA","AKT","PPP1R1B"
"RXRA","MAPK9","PPP1R1B"
"RXRA","MAP3K4","PPP1R1B"
"RXRA","MAPKAPK2","PPP1R1B"
"RXRA","mTORC1","PPP1R1B"
"RXRA","CCAR2","PPP1R1B"
"RXRA","NCOR2","PPP1R1B"
"RXRA","SHC1","PPP1R1B"
"RXRA","CCNO","PPP1R1B"
"RXRA","FLNA","PPP1R1B"
"RXRA","GAB1","PPP1R1B"
"RXRA","GRIPAP1","PPP1R1B"
"RXRA","DAXX","PPP1R1B"
"RXRA","PSEN1","PPP1R1B"
"RXRA","INPP5D","PPP1R1B"
"RXRA","RUNX1","PPP1R1B"
"RXRA","AKAP11","PPP1R1B"
"RXRA","YY1","PPP1R1B"
"RXRA","RCAN1","PPP1R1B"
"RXRA","MRE11","PPP1R1B"
"RXRA","PPP1R8","PPP1R1B"
"RXRA","ROR2","PPP1R1B"
"RXRA","ABI1","PPP1R1B"
"RXRA","PCBP2","PPP1R1B"
"RXRA","GRB14","PPP1R1B"
"RXRA","DYNLL1","PPP1R1B"
"RXRA","STAT2","PPP1R1B"
"RXRA","MAPK3","MAP3K4"
"RXRA","STK3/4","MAP3K4"
"RXRA","PRKCD","MAP3K4"
"RXRA","ACP1","MAP3K4"
"RXRA","Gbeta","MAP3K4"
"RXRA","LCK","MAP3K4"
"RXRA","ABL1","MAP3K4"
"RXRA","RPS6KA1","MAP3K4"
"RXRA","STK3","MAP3K4"
"RXRA","AKT","MAP3K4"
"RXRA","PPP1R1B","MAP3K4"
"RXRA","MAPKAPK2","MAP3K4"
"RXRA","mTORC1","MAP3K4"
"RXRA","DEF6","MAP3K4"
"RXRA","NBR1","MAP3K4"
"RXRA","CAMKK2","MAP3K4"
"RXRA","CRK","MAP3K4"
"RXRA","SHC1","MAP3K4"
"RXRA","CCNO","MAP3K4"
"RXRA","AXIN1","MAP3K4"
"RXRA","CDKN1B","MAP3K4"
"RXRA","SKP2","MAP3K4"
"RXRA","FLNA","MAP3K4"
"RXRA","GAB1","MAP3K4"
"RXRA","ARRB2","MAP3K4"
"RXRA","DAXX","MAP3K4"
"RXRA","NF2","MAP3K4"
"RXRA","RUNX1","MAP3K4"
"RXRA","MDC1","MAP3K4"
"RXRA","AKAP11","MAP3K4"
"RXRA","YY1","MAP3K4"
"RXRA","RCAN1","MAP3K4"
"RXRA","MRE11","MAP3K4"
"RXRA","PPP1R8","MAP3K4"
"RXRA","LRP6","MAP3K4"
"RXRA","GRB14","MAP3K4"
"RXRA","TIAM1","MAP3K4"
"RXRA","APC","MAP3K4"
"RXRA","DYNLL1","MAP3K4"
"RXRA","STAT2","MAP3K4"
"RXRA","MAPK3","MAPKAPK2"
"RXRA","MAPK8","MAPKAPK2"
"RXRA","STK3/4","MAPKAPK2"
"RXRA","PRKCD","MAPKAPK2"
"RXRA","ACP1","MAPKAPK2"
"RXRA","CSNK2A1","MAPKAPK2"
"RXRA","Gbeta","MAPKAPK2"
"RXRA","LCK","MAPKAPK2"
"RXRA","ABL1","MAPKAPK2"
"RXRA","CHEK1","MAPKAPK2"
"RXRA","EIF2AK2","MAPKAPK2"
"RXRA","RPS6KA1","MAPKAPK2"
"RXRA","STK3","MAPKAPK2"
"RXRA","AKT","MAPKAPK2"
"RXRA","MAP3K4","MAPKAPK2"
"RXRA","mTORC1","MAPKAPK2"
"RXRA","PHLPP1","MAPKAPK2"
"RXRA","CDK3","MAPKAPK2"
"RXRA","DEF6","MAPKAPK2"
"RXRA","NBR1","MAPKAPK2"
"RXRA","CAMKK2","MAPKAPK2"
"RXRA","SHC1","MAPKAPK2"
"RXRA","CDKN1B","MAPKAPK2"
"RXRA","SKP2","MAPKAPK2"
"RXRA","GAB1","MAPKAPK2"
"RXRA","GRIPAP1","MAPKAPK2"
"RXRA","ARRB2","MAPKAPK2"
"RXRA","DAXX","MAPKAPK2"
"RXRA","PSEN1","MAPKAPK2"
"RXRA","CD28","MAPKAPK2"
"RXRA","PIK3R1","MAPKAPK2"
"RXRA","CCNE1","MAPKAPK2"
"RXRA","NF2","MAPKAPK2"
"RXRA","MRE11","MAPKAPK2"
"RXRA","PPP1R8","MAPKAPK2"
"RXRA","ROR2","MAPKAPK2"
"RXRA","ABI1","MAPKAPK2"
"RXRA","PCBP2","MAPKAPK2"
"RXRA","LRP6","MAPKAPK2"
"RXRA","GRB14","MAPKAPK2"
"RXRA","SPEN","MAPKAPK2"
"RXRA","NOTCH2","MAPKAPK2"
"RXRA","DYNLL1","MAPKAPK2"
"RXRA","STAT2","MAPKAPK2"
"RXRA","STK3/4","RXRB"
"RXRA","CSNK2A1","RXRB"
"RXRA","LCK","RXRB"
"RXRA","STK3","RXRB"
"RXRA","AKT","RXRB"
"RXRA","ITK","RXRB"
"RXRA","mTORC1","RXRB"
"RXRA","PHLPP1","RXRB"
"RXRA","CCAR2","RXRB"
"RXRA","CRK","RXRB"
"RXRA","SHC1","RXRB"
"RXRA","CCNO","RXRB"
"RXRA","CDKN1B","RXRB"
"RXRA","SKP2","RXRB"
"RXRA","GAB1","RXRB"
"RXRA","KHDRBS1","RXRB"
"RXRA","ARRB2","RXRB"
"RXRA","NF2","RXRB"
"RXRA","MDC1","RXRB"
"RXRA","AKAP11","RXRB"
"RXRA","YY1","RXRB"
"RXRA","MRE11","RXRB"
"RXRA","FRAT1","RXRB"
"RXRA","E2F1","RXRB"
"RXRA","SPEN","RXRB"
"RXRA","NOTCH2","RXRB"
"RXRA","DYNLL1","RXRB"
"RXRA","PLCG2","RXRB"
"RXRA","PRKCD","NFATC2"
"RXRA","RPS6K","NFATC2"
"RXRA","Gbeta","NFATC2"
"RXRA","EIF2AK2","NFATC2"
"RXRA","RPS6KA1","NFATC2"
"RXRA","STK3","NFATC2"
"RXRA","PHLPP1","NFATC2"
"RXRA","CDK3","NFATC2"
"RXRA","DEF6","NFATC2"
"RXRA","NBR1","NFATC2"
"RXRA","CRK","NFATC2"
"RXRA","SHC1","NFATC2"
"RXRA","AXIN1","NFATC2"
"RXRA","FLNA","NFATC2"
"RXRA","ARRB2","NFATC2"
"RXRA","PSEN1","NFATC2"
"RXRA","CD28","NFATC2"
"RXRA","PIK3R1","NFATC2"
"RXRA","CCNE1","NFATC2"
"RXRA","YY1","NFATC2"
"RXRA","FRAT1","NFATC2"
"RXRA","PPP1R8","NFATC2"
"RXRA","ABI1","NFATC2"
"RXRA","PCBP2","NFATC2"
"RXRA","APC","NFATC2"
"RXRA","MAPK3","PIK3CA"
"RXRA","MAPK8","PIK3CA"
"RXRA","PRKCD","PIK3CA"
"RXRA","RPS6K","PIK3CA"
"RXRA","RPS6KA1","PIK3CA"
"RXRA","AKT","PIK3CA"
"RXRA","DOK1","PIK3CA"
"RXRA","MAPKAPK2","PIK3CA"
"RXRA","ITK","PIK3CA"
"RXRA","mTORC1","PIK3CA"
"RXRA","DEF6","PIK3CA"
"RXRA","NBR1","PIK3CA"
"RXRA","CDKN1B","PIK3CA"
"RXRA","SKP2","PIK3CA"
"RXRA","FLNA","PIK3CA"
"RXRA","DAXX","PIK3CA"
"RXRA","CD28","PIK3CA"
"RXRA","INPP5D","PIK3CA"
"RXRA","NF2","PIK3CA"
"RXRA","AKAP11","PIK3CA"
"RXRA","YY1","PIK3CA"
"RXRA","RCAN1","PIK3CA"
"RXRA","MRE11","PIK3CA"
"RXRA","FRAT1","PIK3CA"
"RXRA","ABI1","PIK3CA"
"RXRA","PCBP2","PIK3CA"
"RXRA","E2F1","PIK3CA"
"RXRA","SPEN","PIK3CA"
"RXRA","APC","PIK3CA"
"RXRA","DYNLL1","PIK3CA"
"RXRA","STAT2","PIK3CA"
"RXRA","PLCG2","PIK3CA"
"RXRA","MAPK3","CyclinB/CDK1"
"RXRA","STK3/4","CyclinB/CDK1"
"RXRA","CSNK2A1","CyclinB/CDK1"
"RXRA","RPS6K","CyclinB/CDK1"
"RXRA","Gbeta","CyclinB/CDK1"
"RXRA","LCK","CyclinB/CDK1"
"RXRA","EIF2AK2","CyclinB/CDK1"
"RXRA","RPS6KA1","CyclinB/CDK1"
"RXRA","STK3","CyclinB/CDK1"
"RXRA","AKT","CyclinB/CDK1"
"RXRA","MAPK9","CyclinB/CDK1"
"RXRA","PPP1R1B","CyclinB/CDK1"
"RXRA","MAP3K4","CyclinB/CDK1"
"RXRA","ITK","CyclinB/CDK1"
"RXRA","mTORC1","CyclinB/CDK1"
"RXRA","PHLPP1","CyclinB/CDK1"
"RXRA","CDK3","CyclinB/CDK1"
"RXRA","NBR1","CyclinB/CDK1"
"RXRA","CRK","CyclinB/CDK1"
"RXRA","SHC1","CyclinB/CDK1"
"RXRA","CCNO","CyclinB/CDK1"
"RXRA","AXIN1","CyclinB/CDK1"
"RXRA","CDKN1B","CyclinB/CDK1"
"RXRA","GAB1","CyclinB/CDK1"
"RXRA","GRIPAP1","CyclinB/CDK1"
"RXRA","GRIP1","CyclinB/CDK1"
"RXRA","KHDRBS1","CyclinB/CDK1"
"RXRA","DAXX","CyclinB/CDK1"
"RXRA","PSEN1","CyclinB/CDK1"
"RXRA","CD28","CyclinB/CDK1"
"RXRA","RUNX1","CyclinB/CDK1"
"RXRA","FRAT1","CyclinB/CDK1"
"RXRA","PPP1R8","CyclinB/CDK1"
"RXRA","ROR2","CyclinB/CDK1"
"RXRA","NOTCH2","CyclinB/CDK1"
"RXRA","APC","CyclinB/CDK1"
"RXRA","STAT2","CyclinB/CDK1"
"RXRA","PLCG2","CyclinB/CDK1"
"RXRA","STK3/4","CyclinE/CDK2"
"RXRA","ACP1","CyclinE/CDK2"
"RXRA","CSNK2A1","CyclinE/CDK2"
"RXRA","RPS6K","CyclinE/CDK2"
"RXRA","CHEK1","CyclinE/CDK2"
"RXRA","EIF2AK2","CyclinE/CDK2"
"RXRA","AKT","CyclinE/CDK2"
"RXRA","MAPK9","CyclinE/CDK2"
"RXRA","CCAR2","CyclinE/CDK2"
"RXRA","DEF6","CyclinE/CDK2"
"RXRA","NBR1","CyclinE/CDK2"
"RXRA","CCNO","CyclinE/CDK2"
"RXRA","AXIN1","CyclinE/CDK2"
"RXRA","SKP2","CyclinE/CDK2"
"RXRA","FLNA","CyclinE/CDK2"
"RXRA","GRIP1","CyclinE/CDK2"
"RXRA","ARRB2","CyclinE/CDK2"
"RXRA","DAXX","CyclinE/CDK2"
"RXRA","PIK3R1","CyclinE/CDK2"
"RXRA","YY1","CyclinE/CDK2"
"RXRA","ROR2","CyclinE/CDK2"
"RXRA","GRB14","CyclinE/CDK2"
"RXRA","TIAM1","CyclinE/CDK2"
"RXRA","NOTCH2","CyclinE/CDK2"
"RXRA","STAT2","CyclinE/CDK2"
"RXRA","ACP1","ITK"
"RXRA","RPS6KA1","ITK"
"RXRA","STK3","ITK"
"RXRA","MAPK9","ITK"
"RXRA","CCAR2","ITK"
"RXRA","NCOR2","ITK"
"RXRA","CDK3","ITK"
"RXRA","FLNA","ITK"
"RXRA","GAB1","ITK"
"RXRA","GRIPAP1","ITK"
"RXRA","ARRB2","ITK"
"RXRA","CD28","ITK"
"RXRA","INPP5D","ITK"
"RXRA","CCNE1","ITK"
"RXRA","AKAP11","ITK"
"RXRA","YY1","ITK"
"RXRA","RCAN1","ITK"
"RXRA","FRAT1","ITK"
"RXRA","ABI1","ITK"
"RXRA","E2F1","ITK"
"RXRA","SPEN","ITK"
"RXRA","TIAM1","ITK"
"RXRA","STAT2","ITK"
"RXRA","MAPK3","RPS6KA3"
"RXRA","STK3/4","RPS6KA3"
"RXRA","PRKCD","RPS6KA3"
"RXRA","RPS6K","RPS6KA3"
"RXRA","LCK","RPS6KA3"
"RXRA","STK3","RPS6KA3"
"RXRA","MAPK9","RPS6KA3"
"RXRA","PPP1R1B","RPS6KA3"
"RXRA","MAP3K4","RPS6KA3"
"RXRA","mTORC1","RPS6KA3"
"RXRA","NCOR2","RPS6KA3"
"RXRA","NBR1","RPS6KA3"
"RXRA","MAP3K5","RPS6KA3"
"RXRA","SHC1","RPS6KA3"
"RXRA","SKP2","RPS6KA3"
"RXRA","FLNA","RPS6KA3"
"RXRA","GRIPAP1","RPS6KA3"
"RXRA","KHDRBS1","RPS6KA3"
"RXRA","DAXX","RPS6KA3"
"RXRA","PSEN1","RPS6KA3"
"RXRA","CD28","RPS6KA3"
"RXRA","INPP5D","RPS6KA3"
"RXRA","PIK3R1","RPS6KA3"
"RXRA","NF2","RPS6KA3"
"RXRA","RUNX1","RPS6KA3"
"RXRA","RCAN1","RPS6KA3"
"RXRA","MRE11","RPS6KA3"
"RXRA","FRAT1","RPS6KA3"
"RXRA","ABI1","RPS6KA3"
"RXRA","E2F1","RPS6KA3"
"RXRA","APC","RPS6KA3"
"RXRA","DYNLL1","RPS6KA3"
"RXRA","STAT2","RPS6KA3"
"RXRA","PLCG2","RPS6KA3"
"RXRA","PRKCD","RARA"
"RXRA","RPS6K","RARA"
"RXRA","CHEK1","RARA"
"RXRA","DOK1","RARA"
"RXRA","mTORC1","RARA"
"RXRA","PHLPP1","RARA"
"RXRA","CCAR2","RARA"
"RXRA","CAMKK2","RARA"
"RXRA","CDKN1B","RARA"
"RXRA","ARRB2","RARA"
"RXRA","CD28","RARA"
"RXRA","INPP5D","RARA"
"RXRA","MDC1","RARA"
"RXRA","AKAP11","RARA"
"RXRA","FRAT1","RARA"
"RXRA","E2F1","RARA"
"RXRA","STAT2","RARA"
"RXRA","PLCG2","RARA"
"RXRA","STK3/4","MARK2"
"RXRA","RPS6K","MARK2"
"RXRA","Gbeta","MARK2"
"RXRA","RPS6KA1","MARK2"
"RXRA","STK3","MARK2"
"RXRA","AKT","MARK2"
"RXRA","MAPKAPK2","MARK2"
"RXRA","ITK","MARK2"
"RXRA","DEF6","MARK2"
"RXRA","SHC1","MARK2"
"RXRA","AXIN1","MARK2"
"RXRA","CDKN1B","MARK2"
"RXRA","SKP2","MARK2"
"RXRA","KHDRBS1","MARK2"
"RXRA","CD28","MARK2"
"RXRA","MDC1","MARK2"
"RXRA","RCAN1","MARK2"
"RXRA","MRE11","MARK2"
"RXRA","PCBP2","MARK2"
"RXRA","GRB14","MARK2"
"RXRA","TIAM1","MARK2"
"RXRA","NOTCH2","MARK2"
"RXRA","APC","MARK2"
"RXRA","DYNLL1","MARK2"
"RXRA","MAPK8","mTORC1"
"RXRA","RPS6K","mTORC1"
"RXRA","Gbeta","mTORC1"
"RXRA","EIF2AK2","mTORC1"
"RXRA","AKT","mTORC1"
"RXRA","CCAR2","mTORC1"
"RXRA","CCNO","mTORC1"
"RXRA","AXIN1","mTORC1"
"RXRA","CDKN1B","mTORC1"
"RXRA","SKP2","mTORC1"
"RXRA","GRIPAP1","mTORC1"
"RXRA","DAXX","mTORC1"
"RXRA","PSEN1","mTORC1"
"RXRA","CD28","mTORC1"
"RXRA","PIK3R1","mTORC1"
"RXRA","NF2","mTORC1"
"RXRA","RUNX1","mTORC1"
"RXRA","MDC1","mTORC1"
"RXRA","AKAP11","mTORC1"
"RXRA","MRE11","mTORC1"
"RXRA","PCBP2","mTORC1"
"RXRA","E2F1","mTORC1"
"RXRA","GRB14","mTORC1"
"RXRA","APC","mTORC1"
"RXRA","STAT2","mTORC1"
"RXRA","MAPK3","MECOM"
"RXRA","ACP1","MECOM"
"RXRA","RPS6K","MECOM"
"RXRA","ABL1","MECOM"
"RXRA","CHEK1","MECOM"
"RXRA","STK3","MECOM"
"RXRA","MAPK9","MECOM"
"RXRA","MAPKAPK2","MECOM"
"RXRA","NCOR2","MECOM"
"RXRA","CDK3","MECOM"
"RXRA","DEF6","MECOM"
"RXRA","CRK","MECOM"
"RXRA","SHC1","MECOM"
"RXRA","GAB1","MECOM"
"RXRA","GRIPAP1","MECOM"
"RXRA","KHDRBS1","MECOM"
"RXRA","DAXX","MECOM"
"RXRA","CD28","MECOM"
"RXRA","INPP5D","MECOM"
"RXRA","RUNX1","MECOM"
"RXRA","MDC1","MECOM"
"RXRA","MRE11","MECOM"
"RXRA","FRAT1","MECOM"
"RXRA","PPP1R8","MECOM"
"RXRA","ROR2","MECOM"
"RXRA","PCBP2","MECOM"
"RXRA","LRP6","MECOM"
"RXRA","GRB14","MECOM"
"RXRA","TIAM1","MECOM"
"RXRA","NOTCH2","MECOM"
"RXRA","MAPK3","RNF4"
"RXRA","PRKCD","RNF4"
"RXRA","CSNK2A1","RNF4"
"RXRA","RPS6K","RNF4"
"RXRA","Gbeta","RNF4"
"RXRA","ABL1","RNF4"
"RXRA","RPS6KA1","RNF4"
"RXRA","STK3","RNF4"
"RXRA","MAPK9","RNF4"
"RXRA","PPP1R1B","RNF4"
"RXRA","ITK","RNF4"
"RXRA","mTORC1","RNF4"
"RXRA","PHLPP1","RNF4"
"RXRA","CCAR2","RNF4"
"RXRA","NCOR2","RNF4"
"RXRA","CDK3","RNF4"
"RXRA","CAMKK2","RNF4"
"RXRA","AXIN1","RNF4"
"RXRA","CDKN1B","RNF4"
"RXRA","SKP2","RNF4"
"RXRA","FLNA","RNF4"
"RXRA","GAB1","RNF4"
"RXRA","GRIPAP1","RNF4"
"RXRA","GRIP1","RNF4"
"RXRA","KHDRBS1","RNF4"
"RXRA","CD28","RNF4"
"RXRA","PIK3R1","RNF4"
"RXRA","MDC1","RNF4"
"RXRA","RCAN1","RNF4"
"RXRA","MRE11","RNF4"
"RXRA","FRAT1","RNF4"
"RXRA","PPP1R8","RNF4"
"RXRA","LRP6","RNF4"
"RXRA","TIAM1","RNF4"
"RXRA","NOTCH2","RNF4"
"RXRA","MAPK3","NEB"
"RXRA","MAPK8","NEB"
"RXRA","CSNK2A1","NEB"
"RXRA","EIF2AK2","NEB"
"RXRA","RPS6KA1","NEB"
"RXRA","MAP3K4","NEB"
"RXRA","DEF6","NEB"
"RXRA","NBR1","NEB"
"RXRA","GAB1","NEB"
"RXRA","GRIPAP1","NEB"
"RXRA","KHDRBS1","NEB"
"RXRA","ARRB2","NEB"
"RXRA","PSEN1","NEB"
"RXRA","MDC1","NEB"
"RXRA","RCAN1","NEB"
"RXRA","MRE11","NEB"
"RXRA","PPP1R8","NEB"
"RXRA","TIAM1","NEB"
"RXRA","NOTCH2","NEB"
"RXRA","STAT2","NEB"
"RXRA","PLCG2","NEB"
"RXRA","STK3/4","PHLPP1"
"RXRA","ACP1","PHLPP1"
"RXRA","CSNK2A1","PHLPP1"
"RXRA","RPS6K","PHLPP1"
"RXRA","LCK","PHLPP1"
"RXRA","ABL1","PHLPP1"
"RXRA","CHEK1","PHLPP1"
"RXRA","EIF2AK2","PHLPP1"
"RXRA","AKT","PHLPP1"
"RXRA","PPP1R1B","PHLPP1"
"RXRA","MAPKAPK2","PHLPP1"
"RXRA","NCOR2","PHLPP1"
"RXRA","DEF6","PHLPP1"
"RXRA","NBR1","PHLPP1"
"RXRA","CAMKK2","PHLPP1"
"RXRA","CRK","PHLPP1"
"RXRA","AXIN1","PHLPP1"
"RXRA","GAB1","PHLPP1"
"RXRA","GRIPAP1","PHLPP1"
"RXRA","GRIP1","PHLPP1"
"RXRA","DAXX","PHLPP1"
"RXRA","INPP5D","PHLPP1"
"RXRA","PIK3R1","PHLPP1"
"RXRA","MDC1","PHLPP1"
"RXRA","AKAP11","PHLPP1"
"RXRA","YY1","PHLPP1"
"RXRA","RCAN1","PHLPP1"
"RXRA","FRAT1","PHLPP1"
"RXRA","PPP1R8","PHLPP1"
"RXRA","ROR2","PHLPP1"
"RXRA","ABI1","PHLPP1"
"RXRA","PCBP2","PHLPP1"
"RXRA","E2F1","PHLPP1"
"RXRA","GRB14","PHLPP1"
"RXRA","SPEN","PHLPP1"
"RXRA","TIAM1","PHLPP1"
"RXRA","NOTCH2","PHLPP1"
"RXRA","APC","PHLPP1"
"RXRA","DYNLL1","PHLPP1"
"RXRA","STAT2","PHLPP1"
"RXRA","PLCG2","PHLPP1"
"RXRA","MAPK3","ASXL1"
"RXRA","MAPK8","ASXL1"
"RXRA","STK3/4","ASXL1"
"RXRA","ACP1","ASXL1"
"RXRA","RPS6K","ASXL1"
"RXRA","Gbeta","ASXL1"
"RXRA","LCK","ASXL1"
"RXRA","ABL1","ASXL1"
"RXRA","CHEK1","ASXL1"
"RXRA","STK3","ASXL1"
"RXRA","AKT","ASXL1"
"RXRA","MAPK9","ASXL1"
"RXRA","PPP1R1B","ASXL1"
"RXRA","MAP3K4","ASXL1"
"RXRA","MAPKAPK2","ASXL1"
"RXRA","ITK","ASXL1"
"RXRA","NCOR2","ASXL1"
"RXRA","DEF6","ASXL1"
"RXRA","CRK","ASXL1"
"RXRA","SHC1","ASXL1"
"RXRA","CCNO","ASXL1"
"RXRA","CDKN1B","ASXL1"
"RXRA","SKP2","ASXL1"
"RXRA","GRIPAP1","ASXL1"
"RXRA","GRIP1","ASXL1"
"RXRA","KHDRBS1","ASXL1"
"RXRA","ARRB2","ASXL1"
"RXRA","INPP5D","ASXL1"
"RXRA","CCNE1","ASXL1"
"RXRA","AKAP11","ASXL1"
"RXRA","MRE11","ASXL1"
"RXRA","PCBP2","ASXL1"
"RXRA","E2F1","ASXL1"
"RXRA","DYNLL1","ASXL1"
"RXRA","PRKCD","CCAR2"
"RXRA","ACP1","CCAR2"
"RXRA","RPS6K","CCAR2"
"RXRA","Gbeta","CCAR2"
"RXRA","LCK","CCAR2"
"RXRA","ABL1","CCAR2"
"RXRA","STK3","CCAR2"
"RXRA","MAPK9","CCAR2"
"RXRA","mTORC1","CCAR2"
"RXRA","NCOR2","CCAR2"
"RXRA","CDK3","CCAR2"
"RXRA","CRK","CCAR2"
"RXRA","CDKN1B","CCAR2"
"RXRA","SKP2","CCAR2"
"RXRA","FLNA","CCAR2"
"RXRA","GAB1","CCAR2"
"RXRA","GRIPAP1","CCAR2"
"RXRA","GRIP1","CCAR2"
"RXRA","KHDRBS1","CCAR2"
"RXRA","DAXX","CCAR2"
"RXRA","PSEN1","CCAR2"
"RXRA","INPP5D","CCAR2"
"RXRA","PIK3R1","CCAR2"
"RXRA","CCNE1","CCAR2"
"RXRA","RUNX1","CCAR2"
"RXRA","MRE11","CCAR2"
"RXRA","E2F1","CCAR2"
"RXRA","LRP6","CCAR2"
"RXRA","SPEN","CCAR2"
"RXRA","NOTCH2","CCAR2"
"RXRA","APC","CCAR2"
"RXRA","MAPK8","CALM3"
"RXRA","PRKCD","CALM3"
"RXRA","LCK","CALM3"
"RXRA","ABL1","CALM3"
"RXRA","CHEK1","CALM3"
"RXRA","AKT","CALM3"
"RXRA","MAPK9","CALM3"
"RXRA","ITK","CALM3"
"RXRA","DEF6","CALM3"
"RXRA","SHC1","CALM3"
"RXRA","AXIN1","CALM3"
"RXRA","FLNA","CALM3"
"RXRA","GRIP1","CALM3"
"RXRA","ARRB2","CALM3"
"RXRA","DAXX","CALM3"
"RXRA","PSEN1","CALM3"
"RXRA","INPP5D","CALM3"
"RXRA","RUNX1","CALM3"
"RXRA","MDC1","CALM3"
"RXRA","MRE11","CALM3"
"RXRA","PPP1R8","CALM3"
"RXRA","ROR2","CALM3"
"RXRA","PCBP2","CALM3"
"RXRA","GRB14","CALM3"
"RXRA","NOTCH2","CALM3"
"RXRA","APC","CALM3"
"RXRA","DYNLL1","CALM3"
"RXRA","MAPK3","NCOR2"
"RXRA","MAPK8","NCOR2"
"RXRA","PRKCD","NCOR2"
"RXRA","ACP1","NCOR2"
"RXRA","CSNK2A1","NCOR2"
"RXRA","ERK1/2","NCOR2"
"RXRA","ABL1","NCOR2"
"RXRA","EIF2AK2","NCOR2"
"RXRA","RPS6KA1","NCOR2"
"RXRA","AKT","NCOR2"
"RXRA","MAP3K4","NCOR2"
"RXRA","CCAR2","NCOR2"
"RXRA","CDK3","NCOR2"
"RXRA","DEF6","NCOR2"
"RXRA","CRK","NCOR2"
"RXRA","SHC1","NCOR2"
"RXRA","GAB1","NCOR2"
"RXRA","GRIPAP1","NCOR2"
"RXRA","ARRB2","NCOR2"
"RXRA","PSEN1","NCOR2"
"RXRA","CD28","NCOR2"
"RXRA","CCNE1","NCOR2"
"RXRA","NF2","NCOR2"
"RXRA","RUNX1","NCOR2"
"RXRA","RCAN1","NCOR2"
"RXRA","MRE11","NCOR2"
"RXRA","FRAT1","NCOR2"
"RXRA","PPP1R8","NCOR2"
"RXRA","ABI1","NCOR2"
"RXRA","E2F1","NCOR2"
"RXRA","LRP6","NCOR2"
"RXRA","NOTCH2","NCOR2"
"RXRA","DYNLL1","NCOR2"
"RXRA","PLCG2","NCOR2"
"RXRA","MAPK3","MCL1"
"RXRA","PRKCD","MCL1"
"RXRA","ABL1","MCL1"
"RXRA","STK3","MCL1"
"RXRA","AKT","MCL1"
"RXRA","MAPK9","MCL1"
"RXRA","ITK","MCL1"
"RXRA","DEF6","MCL1"
"RXRA","NBR1","MCL1"
"RXRA","CAMKK2","MCL1"
"RXRA","CCNO","MCL1"
"RXRA","CDKN1B","MCL1"
"RXRA","KHDRBS1","MCL1"
"RXRA","INPP5D","MCL1"
"RXRA","PIK3R1","MCL1"
"RXRA","MDC1","MCL1"
"RXRA","YY1","MCL1"
"RXRA","RCAN1","MCL1"
"RXRA","PPP1R8","MCL1"
"RXRA","ROR2","MCL1"
"RXRA","APC","MCL1"
"RXRA","STAT2","MCL1"
"RXRA","PLCG2","MCL1"
"RXRA","MAPK3","YAP1"
"RXRA","MAPK8","YAP1"
"RXRA","Gbeta","YAP1"
"RXRA","ABL1","YAP1"
"RXRA","RPS6KA1","YAP1"
"RXRA","AKT","YAP1"
"RXRA","MAPKAPK2","YAP1"
"RXRA","PHLPP1","YAP1"
"RXRA","NBR1","YAP1"
"RXRA","SHC1","YAP1"
"RXRA","CDKN1B","YAP1"
"RXRA","SKP2","YAP1"
"RXRA","FLNA","YAP1"
"RXRA","GRIPAP1","YAP1"
"RXRA","PSEN1","YAP1"
"RXRA","CD28","YAP1"
"RXRA","INPP5D","YAP1"
"RXRA","AKAP11","YAP1"
"RXRA","FRAT1","YAP1"
"RXRA","E2F1","YAP1"
"RXRA","LRP6","YAP1"
"RXRA","SPEN","YAP1"
"RXRA","APC","YAP1"
"RXRA","DYNLL1","YAP1"
"RXRA","MAPK3","CDK3"
"RXRA","PRKCD","CDK3"
"RXRA","CSNK2A1","CDK3"
"RXRA","CHEK1","CDK3"
"RXRA","EIF2AK2","CDK3"
"RXRA","RPS6KA1","CDK3"
"RXRA","MAPK9","CDK3"
"RXRA","MAP3K4","CDK3"
"RXRA","MAPKAPK2","CDK3"
"RXRA","ITK","CDK3"
"RXRA","CCAR2","CDK3"
"RXRA","NCOR2","CDK3"
"RXRA","CRK","CDK3"
"RXRA","SHC1","CDK3"
"RXRA","CDKN1B","CDK3"
"RXRA","FLNA","CDK3"
"RXRA","ARRB2","CDK3"
"RXRA","PSEN1","CDK3"
"RXRA","CD28","CDK3"
"RXRA","INPP5D","CDK3"
"RXRA","PIK3R1","CDK3"
"RXRA","AKAP11","CDK3"
"RXRA","FRAT1","CDK3"
"RXRA","ABI1","CDK3"
"RXRA","PCBP2","CDK3"
"RXRA","LRP6","CDK3"
"RXRA","PLCG2","CDK3"
"RXRA","MAPK3","DEF6"
"RXRA","MAP3K4","DEF6"
"RXRA","CCAR2","DEF6"
"RXRA","CRK","DEF6"
"RXRA","SKP2","DEF6"
"RXRA","FLNA","DEF6"
"RXRA","ARRB2","DEF6"
"RXRA","NF2","DEF6"
"RXRA","MRE11","DEF6"
"RXRA","ROR2","DEF6"
"RXRA","PCBP2","DEF6"
"RXRA","GRB14","DEF6"
"RXRA","SPEN","DEF6"
"RXRA","TIAM1","DEF6"
"RXRA","DYNLL1","DEF6"
"RXRA","STAT2","DEF6"
"RXRA","ACP1","NR2F2"
"RXRA","CSNK2A1","NR2F2"
"RXRA","ABL1","NR2F2"
"RXRA","CHEK1","NR2F2"
"RXRA","RPS6KA1","NR2F2"
"RXRA","AKT","NR2F2"
"RXRA","MAPKAPK2","NR2F2"
"RXRA","ITK","NR2F2"
"RXRA","mTORC1","NR2F2"
"RXRA","NCOR2","NR2F2"
"RXRA","CDK3","NR2F2"
"RXRA","DEF6","NR2F2"
"RXRA","NBR1","NR2F2"
"RXRA","CRK","NR2F2"
"RXRA","SHC1","NR2F2"
"RXRA","AXIN1","NR2F2"
"RXRA","GRIP1","NR2F2"
"RXRA","KHDRBS1","NR2F2"
"RXRA","ARRB2","NR2F2"
"RXRA","DAXX","NR2F2"
"RXRA","PSEN1","NR2F2"
"RXRA","CD28","NR2F2"
"RXRA","INPP5D","NR2F2"
"RXRA","PIK3R1","NR2F2"
"RXRA","CCNE1","NR2F2"
"RXRA","NF2","NR2F2"
"RXRA","YY1","NR2F2"
"RXRA","RCAN1","NR2F2"
"RXRA","MRE11","NR2F2"
"RXRA","FRAT1","NR2F2"
"RXRA","PCBP2","NR2F2"
"RXRA","E2F1","NR2F2"
"RXRA","LRP6","NR2F2"
"RXRA","SPEN","NR2F2"
"RXRA","TIAM1","NR2F2"
"RXRA","APC","NR2F2"
"RXRA","DYNLL1","NR2F2"
"RXRA","PLCG2","NR2F2"
"RXRA","MAPK3","NBR1"
"RXRA","MAPK8","NBR1"
"RXRA","STK3/4","NBR1"
"RXRA","PRKCD","NBR1"
"RXRA","RPS6K","NBR1"
"RXRA","CHEK1","NBR1"
"RXRA","RPS6KA1","NBR1"
"RXRA","STK3","NBR1"
"RXRA","AKT","NBR1"
"RXRA","MAPK9","NBR1"
"RXRA","MAP3K4","NBR1"
"RXRA","MAPKAPK2","NBR1"
"RXRA","PHLPP1","NBR1"
"RXRA","NCOR2","NBR1"
"RXRA","CDK3","NBR1"
"RXRA","SHC1","NBR1"
"RXRA","CDKN1B","NBR1"
"RXRA","GAB1","NBR1"
"RXRA","INPP5D","NBR1"
"RXRA","PIK3R1","NBR1"
"RXRA","CCNE1","NBR1"
"RXRA","NF2","NBR1"
"RXRA","RUNX1","NBR1"
"RXRA","RCAN1","NBR1"
"RXRA","GRB14","NBR1"
"RXRA","TIAM1","NBR1"
"RXRA","APC","NBR1"
"RXRA","STAT2","NBR1"
"RXRA","PLCG2","NBR1"
"RXRA","MAPK8","TLE1"
"RXRA","STK3/4","TLE1"
"RXRA","LCK","TLE1"
"RXRA","ABL1","TLE1"
"RXRA","EIF2AK2","TLE1"
"RXRA","STK3","TLE1"
"RXRA","MAP3K4","TLE1"
"RXRA","ITK","TLE1"
"RXRA","NBR1","TLE1"
"RXRA","AXIN1","TLE1"
"RXRA","SKP2","TLE1"
"RXRA","GRIPAP1","TLE1"
"RXRA","KHDRBS1","TLE1"
"RXRA","PSEN1","TLE1"
"RXRA","CD28","TLE1"
"RXRA","INPP5D","TLE1"
"RXRA","CCNE1","TLE1"
"RXRA","AKAP11","TLE1"
"RXRA","MRE11","TLE1"
"RXRA","ROR2","TLE1"
"RXRA","E2F1","TLE1"
"RXRA","SPEN","TLE1"
"RXRA","DYNLL1","TLE1"
"RXRA","STAT2","TLE1"
"RXRA","MAPK3","ABCA1"
"RXRA","STK3/4","ABCA1"
"RXRA","ACP1","ABCA1"
"RXRA","CSNK2A1","ABCA1"
"RXRA","LCK","ABCA1"
"RXRA","ABL1","ABCA1"
"RXRA","CHEK1","ABCA1"
"RXRA","STK3","ABCA1"
"RXRA","PPP1R1B","ABCA1"
"RXRA","MAP3K4","ABCA1"
"RXRA","CCAR2","ABCA1"
"RXRA","CAMKK2","ABCA1"
"RXRA","CRK","ABCA1"
"RXRA","FLNA","ABCA1"
"RXRA","GRIPAP1","ABCA1"
"RXRA","ARRB2","ABCA1"
"RXRA","DAXX","ABCA1"
"RXRA","PSEN1","ABCA1"
"RXRA","CCNE1","ABCA1"
"RXRA","NF2","ABCA1"
"RXRA","RUNX1","ABCA1"
"RXRA","AKAP11","ABCA1"
"RXRA","PPP1R8","ABCA1"
"RXRA","PCBP2","ABCA1"
"RXRA","E2F1","ABCA1"
"RXRA","LRP6","ABCA1"
"RXRA","TIAM1","ABCA1"
"RXRA","NOTCH2","ABCA1"
"RXRA","DYNLL1","ABCA1"
"RXRA","STAT2","ABCA1"
"RXRA","MAPK8","CAMKK2"
"RXRA","STK3/4","CAMKK2"
"RXRA","PRKCD","CAMKK2"
"RXRA","Gbeta","CAMKK2"
"RXRA","LCK","CAMKK2"
"RXRA","EIF2AK2","CAMKK2"
"RXRA","PPP1R1B","CAMKK2"
"RXRA","MAP3K4","CAMKK2"
"RXRA","CCAR2","CAMKK2"
"RXRA","CDK3","CAMKK2"
"RXRA","CRK","CAMKK2"
"RXRA","CCNO","CAMKK2"
"RXRA","SKP2","CAMKK2"
"RXRA","GRIPAP1","CAMKK2"
"RXRA","KHDRBS1","CAMKK2"
"RXRA","ARRB2","CAMKK2"
"RXRA","DAXX","CAMKK2"
"RXRA","CCNE1","CAMKK2"
"RXRA","MDC1","CAMKK2"
"RXRA","MRE11","CAMKK2"
"RXRA","FRAT1","CAMKK2"
"RXRA","PPP1R8","CAMKK2"
"RXRA","ROR2","CAMKK2"
"RXRA","PCBP2","CAMKK2"
"RXRA","LRP6","CAMKK2"
"RXRA","GRB14","CAMKK2"
"RXRA","NOTCH2","CAMKK2"
"RXRA","DYNLL1","CAMKK2"
"RXRA","RPS6KA3","MAP3K5"
"RXRA","MAPK8","CCND1"
"RXRA","ACP1","CCND1"
"RXRA","CSNK2A1","CCND1"
"RXRA","RPS6K","CCND1"
"RXRA","Gbeta","CCND1"
"RXRA","LCK","CCND1"
"RXRA","EIF2AK2","CCND1"
"RXRA","STK3","CCND1"
"RXRA","MAPK9","CCND1"
"RXRA","PPP1R1B","CCND1"
"RXRA","MAPKAPK2","CCND1"
"RXRA","mTORC1","CCND1"
"RXRA","PHLPP1","CCND1"
"RXRA","CAMKK2","CCND1"
"RXRA","GAB1","CCND1"
"RXRA","GRIPAP1","CCND1"
"RXRA","GRIP1","CCND1"
"RXRA","KHDRBS1","CCND1"
"RXRA","ARRB2","CCND1"
"RXRA","PSEN1","CCND1"
"RXRA","CCNE1","CCND1"
"RXRA","AKAP11","CCND1"
"RXRA","YY1","CCND1"
"RXRA","MRE11","CCND1"
"RXRA","FRAT1","CCND1"
"RXRA","ABI1","CCND1"
"RXRA","PCBP2","CCND1"
"RXRA","LRP6","CCND1"
"RXRA","GRB14","CCND1"
"RXRA","SPEN","CCND1"
"RXRA","TIAM1","CCND1"
"RXRA","NOTCH2","CCND1"
"RXRA","MAPK8","ZAP70"
"RXRA","STK3/4","ZAP70"
"RXRA","PRKCD","ZAP70"
"RXRA","CHEK1","ZAP70"
"RXRA","RPS6KA1","ZAP70"
"RXRA","MAPK9","ZAP70"
"RXRA","PPP1R1B","ZAP70"
"RXRA","mTORC1","ZAP70"
"RXRA","PHLPP1","ZAP70"
"RXRA","NCOR2","ZAP70"
"RXRA","CCNO","ZAP70"
"RXRA","AXIN1","ZAP70"
"RXRA","SKP2","ZAP70"
"RXRA","FLNA","ZAP70"
"RXRA","GAB1","ZAP70"
"RXRA","GRIP1","ZAP70"
"RXRA","KHDRBS1","ZAP70"
"RXRA","ARRB2","ZAP70"
"RXRA","DAXX","ZAP70"
"RXRA","PSEN1","ZAP70"
"RXRA","INPP5D","ZAP70"
"RXRA","RUNX1","ZAP70"
"RXRA","MDC1","ZAP70"
"RXRA","YY1","ZAP70"
"RXRA","FRAT1","ZAP70"
"RXRA","ROR2","ZAP70"
"RXRA","PCBP2","ZAP70"
"RXRA","E2F1","ZAP70"
"RXRA","TIAM1","ZAP70"
"RXRA","NOTCH2","ZAP70"
"RXRA","DYNLL1","ZAP70"
"RXRA","MAPK8","PML"
"RXRA","STK3/4","PML"
"RXRA","PRKCD","PML"
"RXRA","RPS6K","PML"
"RXRA","Gbeta","PML"
"RXRA","LCK","PML"
"RXRA","ABL1","PML"
"RXRA","CHEK1","PML"
"RXRA","EIF2AK2","PML"
"RXRA","RPS6KA1","PML"
"RXRA","STK3","PML"
"RXRA","MAPK9","PML"
"RXRA","MAP3K4","PML"
"RXRA","ITK","PML"
"RXRA","mTORC1","PML"
"RXRA","PHLPP1","PML"
"RXRA","CCAR2","PML"
"RXRA","CDK3","PML"
"RXRA","DEF6","PML"
"RXRA","NBR1","PML"
"RXRA","CAMKK2","PML"
"RXRA","SHC1","PML"
"RXRA","CCNO","PML"
"RXRA","AXIN1","PML"
"RXRA","CDKN1B","PML"
"RXRA","SKP2","PML"
"RXRA","GRIPAP1","PML"
"RXRA","GRIP1","PML"
"RXRA","KHDRBS1","PML"
"RXRA","ARRB2","PML"
"RXRA","DAXX","PML"
"RXRA","PSEN1","PML"
"RXRA","CD28","PML"
"RXRA","INPP5D","PML"
"RXRA","CCNE1","PML"
"RXRA","NF2","PML"
"RXRA","RUNX1","PML"
"RXRA","MDC1","PML"
"RXRA","AKAP11","PML"
"RXRA","YY1","PML"
"RXRA","MRE11","PML"
"RXRA","FRAT1","PML"
"RXRA","PPP1R8","PML"
"RXRA","ROR2","PML"
"RXRA","PCBP2","PML"
"RXRA","E2F1","PML"
"RXRA","LRP6","PML"
"RXRA","GRB14","PML"
"RXRA","SPEN","PML"
"RXRA","TIAM1","PML"
"RXRA","NOTCH2","PML"
"RXRA","APC","PML"
"RXRA","DYNLL1","PML"
"RXRA","STAT2","PML"
"RXRA","PLCG2","PML"
"RXRA","MAPK3","SPRED1"
"RXRA","STK3/4","SPRED1"
"RXRA","PRKCD","SPRED1"
"RXRA","CSNK2A1","SPRED1"
"RXRA","RPS6K","SPRED1"
"RXRA","Gbeta","SPRED1"
"RXRA","LCK","SPRED1"
"RXRA","CHEK1","SPRED1"
"RXRA","EIF2AK2","SPRED1"
"RXRA","STK3","SPRED1"
"RXRA","AKT","SPRED1"
"RXRA","MAPK9","SPRED1"
"RXRA","ITK","SPRED1"
"RXRA","mTORC1","SPRED1"
"RXRA","CCAR2","SPRED1"
"RXRA","NCOR2","SPRED1"
"RXRA","DEF6","SPRED1"
"RXRA","NBR1","SPRED1"
"RXRA","CAMKK2","SPRED1"
"RXRA","CRK","SPRED1"
"RXRA","SHC1","SPRED1"
"RXRA","CCNO","SPRED1"
"RXRA","AXIN1","SPRED1"
"RXRA","SKP2","SPRED1"
"RXRA","GAB1","SPRED1"
"RXRA","GRIP1","SPRED1"
"RXRA","KHDRBS1","SPRED1"
"RXRA","ARRB2","SPRED1"
"RXRA","DAXX","SPRED1"
"RXRA","CD28","SPRED1"
"RXRA","PIK3R1","SPRED1"
"RXRA","CCNE1","SPRED1"
"RXRA","RUNX1","SPRED1"
"RXRA","YY1","SPRED1"
"RXRA","FRAT1","SPRED1"
"RXRA","E2F1","SPRED1"
"RXRA","LRP6","SPRED1"
"RXRA","GRB14","SPRED1"
"RXRA","MAPK8","PCNA"
"RXRA","STK3/4","PCNA"
"RXRA","CSNK2A1","PCNA"
"RXRA","Gbeta","PCNA"
"RXRA","LCK","PCNA"
"RXRA","MAPK9","PCNA"
"RXRA","PPP1R1B","PCNA"
"RXRA","CCAR2","PCNA"
"RXRA","CDK3","PCNA"
"RXRA","SKP2","PCNA"
"RXRA","FLNA","PCNA"
"RXRA","GAB1","PCNA"
"RXRA","GRIPAP1","PCNA"
"RXRA","KHDRBS1","PCNA"
"RXRA","DAXX","PCNA"
"RXRA","INPP5D","PCNA"
"RXRA","PIK3R1","PCNA"
"RXRA","NF2","PCNA"
"RXRA","RUNX1","PCNA"
"RXRA","YY1","PCNA"
"RXRA","FRAT1","PCNA"
"RXRA","PCBP2","PCNA"
"RXRA","LRP6","PCNA"
"RXRA","TIAM1","PCNA"
"RXRA","STAT2","PCNA"
"RXRA","PRKCD","PTPN7"
"RXRA","Gbeta","PTPN7"
"RXRA","ABL1","PTPN7"
"RXRA","CHEK1","PTPN7"
"RXRA","EIF2AK2","PTPN7"
"RXRA","AKT","PTPN7"
"RXRA","ITK","PTPN7"
"RXRA","PHLPP1","PTPN7"
"RXRA","CCAR2","PTPN7"
"RXRA","CAMKK2","PTPN7"
"RXRA","SHC1","PTPN7"
"RXRA","SKP2","PTPN7"
"RXRA","ARRB2","PTPN7"
"RXRA","NF2","PTPN7"
"RXRA","AKAP11","PTPN7"
"RXRA","YY1","PTPN7"
"RXRA","ABI1","PTPN7"
"RXRA","LRP6","PTPN7"
"RXRA","GRB14","PTPN7"
"RXRA","APC","PTPN7"
"RXRA","MAPK3","CRK"
"RXRA","MAPK8","CRK"
"RXRA","ACP1","CRK"
"RXRA","ABL1","CRK"
"RXRA","EIF2AK2","CRK"
"RXRA","RPS6KA1","CRK"
"RXRA","AKT","CRK"
"RXRA","MAPK9","CRK"
"RXRA","PPP1R1B","CRK"
"RXRA","CCAR2","CRK"
"RXRA","NCOR2","CRK"
"RXRA","NBR1","CRK"
"RXRA","CAMKK2","CRK"
"RXRA","CCNO","CRK"
"RXRA","AXIN1","CRK"
"RXRA","FLNA","CRK"
"RXRA","GRIPAP1","CRK"
"RXRA","KHDRBS1","CRK"
"RXRA","ARRB2","CRK"
"RXRA","DAXX","CRK"
"RXRA","PSEN1","CRK"
"RXRA","CD28","CRK"
"RXRA","PIK3R1","CRK"
"RXRA","CCNE1","CRK"
"RXRA","RUNX1","CRK"
"RXRA","MDC1","CRK"
"RXRA","AKAP11","CRK"
"RXRA","RCAN1","CRK"
"RXRA","PPP1R8","CRK"
"RXRA","ABI1","CRK"
"RXRA","PCBP2","CRK"
"RXRA","LRP6","CRK"
"RXRA","SPEN","CRK"
"RXRA","TIAM1","CRK"
"RXRA","NOTCH2","CRK"
"RXRA","PLCG2","CRK"
"RXRA","ACP1","STK38"
"RXRA","CHEK1","STK38"
"RXRA","STK3","STK38"
"RXRA","MAPKAPK2","STK38"
"RXRA","CCAR2","STK38"
"RXRA","CDK3","STK38"
"RXRA","CRK","STK38"
"RXRA","AXIN1","STK38"
"RXRA","PSEN1","STK38"
"RXRA","PIK3R1","STK38"
"RXRA","MDC1","STK38"
"RXRA","AKAP11","STK38"
"RXRA","MRE11","STK38"
"RXRA","PPP1R8","STK38"
"RXRA","ROR2","STK38"
"RXRA","ABI1","STK38"
"RXRA","PCBP2","STK38"
"RXRA","LRP6","STK38"
"RXRA","NOTCH2","STK38"
"RXRA","APC","STK38"
"RXRA","STAT2","STK38"
"RXRA","MAPK8","PDP1"
"RXRA","STK3/4","PDP1"
"RXRA","PRKCD","PDP1"
"RXRA","ACP1","PDP1"
"RXRA","CSNK2A1","PDP1"
"RXRA","RPS6K","PDP1"
"RXRA","LCK","PDP1"
"RXRA","ABL1","PDP1"
"RXRA","RPS6KA1","PDP1"
"RXRA","STK3","PDP1"
"RXRA","MAP3K4","PDP1"
"RXRA","DEF6","PDP1"
"RXRA","CAMKK2","PDP1"
"RXRA","CRK","PDP1"
"RXRA","CCNO","PDP1"
"RXRA","CDKN1B","PDP1"
"RXRA","FLNA","PDP1"
"RXRA","GRIP1","PDP1"
"RXRA","DAXX","PDP1"
"RXRA","CD28","PDP1"
"RXRA","INPP5D","PDP1"
"RXRA","PIK3R1","PDP1"
"RXRA","CCNE1","PDP1"
"RXRA","NF2","PDP1"
"RXRA","RUNX1","PDP1"
"RXRA","YY1","PDP1"
"RXRA","RCAN1","PDP1"
"RXRA","MRE11","PDP1"
"RXRA","FRAT1","PDP1"
"RXRA","PPP1R8","PDP1"
"RXRA","ROR2","PDP1"
"RXRA","PCBP2","PDP1"
"RXRA","E2F1","PDP1"
"RXRA","GRB14","PDP1"
"RXRA","NOTCH2","PDP1"
"RXRA","STAT2","PDP1"
"RXRA","PLCG2","PDP1"
"RXRA","MAPK3","PI3K"
"RXRA","PRKCD","PI3K"
"RXRA","ACP1","PI3K"
"RXRA","RPS6K","PI3K"
"RXRA","Gbeta","PI3K"
"RXRA","CHEK1","PI3K"
"RXRA","STK3","PI3K"
"RXRA","MAPK9","PI3K"
"RXRA","PPP1R1B","PI3K"
"RXRA","MAPKAPK2","PI3K"
"RXRA","ITK","PI3K"
"RXRA","DEF6","PI3K"
"RXRA","NBR1","PI3K"
"RXRA","CAMKK2","PI3K"
"RXRA","AXIN1","PI3K"
"RXRA","FLNA","PI3K"
"RXRA","GRIPAP1","PI3K"
"RXRA","PSEN1","PI3K"
"RXRA","INPP5D","PI3K"
"RXRA","GAB2","PI3K"
"RXRA","PIK3R1","PI3K"
"RXRA","NF2","PI3K"
"RXRA","RUNX1","PI3K"
"RXRA","MDC1","PI3K"
"RXRA","MRE11","PI3K"
"RXRA","FRAT1","PI3K"
"RXRA","PPP1R8","PI3K"
"RXRA","ABI1","PI3K"
"RXRA","E2F1","PI3K"
"RXRA","LRP6","PI3K"
"RXRA","SPEN","PI3K"
"RXRA","TIAM1","PI3K"
"RXRA","PLCG2","PI3K"
"RXRA","MAPK8","TFDP1"
"RXRA","STK3/4","TFDP1"
"RXRA","PRKCD","TFDP1"
"RXRA","ACP1","TFDP1"
"RXRA","CSNK2A1","TFDP1"
"RXRA","RPS6K","TFDP1"
"RXRA","ABL1","TFDP1"
"RXRA","CHEK1","TFDP1"
"RXRA","EIF2AK2","TFDP1"
"RXRA","RPS6KA1","TFDP1"
"RXRA","MAPK9","TFDP1"
"RXRA","PPP1R1B","TFDP1"
"RXRA","MAPKAPK2","TFDP1"
"RXRA","ITK","TFDP1"
"RXRA","PHLPP1","TFDP1"
"RXRA","NCOR2","TFDP1"
"RXRA","CDK3","TFDP1"
"RXRA","SHC1","TFDP1"
"RXRA","AXIN1","TFDP1"
"RXRA","FLNA","TFDP1"
"RXRA","GAB1","TFDP1"
"RXRA","GRIPAP1","TFDP1"
"RXRA","GRIP1","TFDP1"
"RXRA","KHDRBS1","TFDP1"
"RXRA","DAXX","TFDP1"
"RXRA","PSEN1","TFDP1"
"RXRA","CCNE1","TFDP1"
"RXRA","RUNX1","TFDP1"
"RXRA","MDC1","TFDP1"
"RXRA","AKAP11","TFDP1"
"RXRA","YY1","TFDP1"
"RXRA","FRAT1","TFDP1"
"RXRA","ABI1","TFDP1"
"RXRA","LRP6","TFDP1"
"RXRA","GRB14","TFDP1"
"RXRA","NOTCH2","TFDP1"
"RXRA","APC","TFDP1"
"RXRA","STAT2","TFDP1"
"RXRA","MAPK3","CTBP1"
"RXRA","STK3/4","CTBP1"
"RXRA","RPS6K","CTBP1"
"RXRA","RPS6KA1","CTBP1"
"RXRA","AKT","CTBP1"
"RXRA","MAPKAPK2","CTBP1"
"RXRA","CRK","CTBP1"
"RXRA","AXIN1","CTBP1"
"RXRA","CDKN1B","CTBP1"
"RXRA","INPP5D","CTBP1"
"RXRA","PIK3R1","CTBP1"
"RXRA","YY1","CTBP1"
"RXRA","RCAN1","CTBP1"
"RXRA","SPEN","CTBP1"
"RXRA","NOTCH2","CTBP1"
"RXRA","PLCG2","CTBP1"
"RXRA","NCOR2","RARG"
"RXRA","CCNO","RARG"
"RXRA","CDKN1B","RARG"
"RXRA","GAB1","RARG"
"RXRA","INPP5D","RARG"
"RXRA","PIK3R1","RARG"
"RXRA","CCNE1","RARG"
"RXRA","MDC1","RARG"
"RXRA","PCBP2","RARG"
"RXRA","SPEN","RARG"
"RXRA","NOTCH2","RARG"
"RXRA","STAT2","RARG"
"RXRA","MAPK3","IKK-complex"
"RXRA","CSNK2A1","IKK-complex"
"RXRA","RPS6K","IKK-complex"
"RXRA","Gbeta","IKK-complex"
"RXRA","ABL1","IKK-complex"
"RXRA","EIF2AK2","IKK-complex"
"RXRA","AKT","IKK-complex"
"RXRA","MAPK9","IKK-complex"
"RXRA","PPP1R1B","IKK-complex"
"RXRA","MAPKAPK2","IKK-complex"
"RXRA","ITK","IKK-complex"
"RXRA","mTORC1","IKK-complex"
"RXRA","PHLPP1","IKK-complex"
"RXRA","CCAR2","IKK-complex"
"RXRA","NBR1","IKK-complex"
"RXRA","CRK","IKK-complex"
"RXRA","SHC1","IKK-complex"
"RXRA","CDKN1B","IKK-complex"
"RXRA","SKP2","IKK-complex"
"RXRA","FLNA","IKK-complex"
"RXRA","GAB1","IKK-complex"
"RXRA","GRIP1","IKK-complex"
"RXRA","KHDRBS1","IKK-complex"
"RXRA","ARRB2","IKK-complex"
"RXRA","PSEN1","IKK-complex"
"RXRA","INPP5D","IKK-complex"
"RXRA","PIK3R1","IKK-complex"
"RXRA","CCNE1","IKK-complex"
"RXRA","MDC1","IKK-complex"
"RXRA","YY1","IKK-complex"
"RXRA","RCAN1","IKK-complex"
"RXRA","FRAT1","IKK-complex"
"RXRA","ROR2","IKK-complex"
"RXRA","ABI1","IKK-complex"
"RXRA","PCBP2","IKK-complex"
"RXRA","E2F1","IKK-complex"
"RXRA","LRP6","IKK-complex"
"RXRA","GRB14","IKK-complex"
"RXRA","SPEN","IKK-complex"
"RXRA","TIAM1","IKK-complex"
"RXRA","NOTCH2","IKK-complex"
"RXRA","APC","IKK-complex"
"RXRA","DYNLL1","IKK-complex"
"RXRA","PLCG2","IKK-complex"
"RXRA","MAPK3","SHC1"
"RXRA","MAPK8","SHC1"
"RXRA","STK3/4","SHC1"
"RXRA","ACP1","SHC1"
"RXRA","CSNK2A1","SHC1"
"RXRA","Gbeta","SHC1"
"RXRA","EIF2AK2","SHC1"
"RXRA","RPS6KA1","SHC1"
"RXRA","STK3","SHC1"
"RXRA","AKT","SHC1"
"RXRA","MAPK9","SHC1"
"RXRA","PPP1R1B","SHC1"
"RXRA","MAP3K4","SHC1"
"RXRA","ITK","SHC1"
"RXRA","NCOR2","SHC1"
"RXRA","CDK3","SHC1"
"RXRA","CAMKK2","SHC1"
"RXRA","CRK","SHC1"
"RXRA","CCNO","SHC1"
"RXRA","CDKN1B","SHC1"
"RXRA","SKP2","SHC1"
"RXRA","GRIPAP1","SHC1"
"RXRA","GRIP1","SHC1"
"RXRA","ARRB2","SHC1"
"RXRA","CD28","SHC1"
"RXRA","INPP5D","SHC1"
"RXRA","CCNE1","SHC1"
"RXRA","AKAP11","SHC1"
"RXRA","FRAT1","SHC1"
"RXRA","PPP1R8","SHC1"
"RXRA","PCBP2","SHC1"
"RXRA","E2F1","SHC1"
"RXRA","LRP6","SHC1"
"RXRA","SPEN","SHC1"
"RXRA","NOTCH2","SHC1"
"RXRA","LCK","RPS6KA4"
"RXRA","ABL1","RPS6KA4"
"RXRA","CHEK1","RPS6KA4"
"RXRA","STK3","RPS6KA4"
"RXRA","MAPK9","RPS6KA4"
"RXRA","ITK","RPS6KA4"
"RXRA","CCAR2","RPS6KA4"
"RXRA","CDK3","RPS6KA4"
"RXRA","SHC1","RPS6KA4"
"RXRA","CDKN1B","RPS6KA4"
"RXRA","SKP2","RPS6KA4"
"RXRA","PSEN1","RPS6KA4"
"RXRA","CD28","RPS6KA4"
"RXRA","INPP5D","RPS6KA4"
"RXRA","PIK3R1","RPS6KA4"
"RXRA","CCNE1","RPS6KA4"
"RXRA","AKAP11","RPS6KA4"
"RXRA","YY1","RPS6KA4"
"RXRA","FRAT1","RPS6KA4"
"RXRA","PPP1R8","RPS6KA4"
"RXRA","ABI1","RPS6KA4"
"RXRA","PCBP2","RPS6KA4"
"RXRA","LRP6","RPS6KA4"
"RXRA","GRB14","RPS6KA4"
"RXRA","TIAM1","RPS6KA4"
"RXRA","APC","RPS6KA4"
"RXRA","DYNLL1","RPS6KA4"
"RXRA","STAT2","RPS6KA4"
"RXRA","PLCG2","RPS6KA4"
"RXRA","STK3/4","CBX5"
"RXRA","PRKCD","CBX5"
"RXRA","RPS6K","CBX5"
"RXRA","Gbeta","CBX5"
"RXRA","CHEK1","CBX5"
"RXRA","STK3","CBX5"
"RXRA","MAPK9","CBX5"
"RXRA","PPP1R1B","CBX5"
"RXRA","ITK","CBX5"
"RXRA","mTORC1","CBX5"
"RXRA","PHLPP1","CBX5"
"RXRA","NCOR2","CBX5"
"RXRA","CAMKK2","CBX5"
"RXRA","CRK","CBX5"
"RXRA","SHC1","CBX5"
"RXRA","CCNO","CBX5"
"RXRA","CDKN1B","CBX5"
"RXRA","FLNA","CBX5"
"RXRA","GAB1","CBX5"
"RXRA","GRIPAP1","CBX5"
"RXRA","KHDRBS1","CBX5"
"RXRA","DAXX","CBX5"
"RXRA","PSEN1","CBX5"
"RXRA","CCNE1","CBX5"
"RXRA","NF2","CBX5"
"RXRA","PCBP2","CBX5"
"RXRA","TIAM1","CBX5"
"RXRA","APC","CBX5"
"RXRA","DYNLL1","CBX5"
"RXRA","STAT2","CBX5"
"RXRA","MAPK3","MKNK1"
"RXRA","MAPK8","MKNK1"
"RXRA","ACP1","MKNK1"
"RXRA","LCK","MKNK1"
"RXRA","ABL1","MKNK1"
"RXRA","AKT","MKNK1"
"RXRA","MAPK9","MKNK1"
"RXRA","PPP1R1B","MKNK1"
"RXRA","PHLPP1","MKNK1"
"RXRA","NBR1","MKNK1"
"RXRA","CRK","MKNK1"
"RXRA","CDKN1B","MKNK1"
"RXRA","FLNA","MKNK1"
"RXRA","GAB1","MKNK1"
"RXRA","GRIPAP1","MKNK1"
"RXRA","ARRB2","MKNK1"
"RXRA","PSEN1","MKNK1"
"RXRA","CCNE1","MKNK1"
"RXRA","RCAN1","MKNK1"
"RXRA","PPP1R8","MKNK1"
"RXRA","ROR2","MKNK1"
"RXRA","LRP6","MKNK1"
"RXRA","GRB14","MKNK1"
"RXRA","NOTCH2","MKNK1"
"RXRA","APC","MKNK1"
"RXRA","DYNLL1","MKNK1"
"RXRA","STAT2","MKNK1"
"RXRA","PLCG2","MKNK1"
"RXRA","MAPK8","CCNO"
"RXRA","STK3/4","CCNO"
"RXRA","PRKCD","CCNO"
"RXRA","ACP1","CCNO"
"RXRA","CSNK2A1","CCNO"
"RXRA","RPS6K","CCNO"
"RXRA","LCK","CCNO"
"RXRA","ABL1","CCNO"
"RXRA","CHEK1","CCNO"
"RXRA","EIF2AK2","CCNO"
"RXRA","RPS6KA1","CCNO"
"RXRA","MAPK9","CCNO"
"RXRA","PPP1R1B","CCNO"
"RXRA","MAP3K4","CCNO"
"RXRA","MAPKAPK2","CCNO"
"RXRA","ITK","CCNO"
"RXRA","mTORC1","CCNO"
"RXRA","PHLPP1","CCNO"
"RXRA","CCAR2","CCNO"
"RXRA","NCOR2","CCNO"
"RXRA","CDK3","CCNO"
"RXRA","CDKN1B","CCNO"
"RXRA","SKP2","CCNO"
"RXRA","GAB1","CCNO"
"RXRA","DAXX","CCNO"
"RXRA","PSEN1","CCNO"
"RXRA","INPP5D","CCNO"
"RXRA","PIK3R1","CCNO"
"RXRA","CCNE1","CCNO"
"RXRA","RUNX1","CCNO"
"RXRA","MDC1","CCNO"
"RXRA","AKAP11","CCNO"
"RXRA","YY1","CCNO"
"RXRA","MRE11","CCNO"
"RXRA","ROR2","CCNO"
"RXRA","ABI1","CCNO"
"RXRA","LRP6","CCNO"
"RXRA","STAT2","CCNO"
"RXRA","PLCG2","CCNO"
"RXRA","MAPK3","BID"
"RXRA","PRKCD","BID"
"RXRA","ACP1","BID"
"RXRA","Gbeta","BID"
"RXRA","ABL1","BID"
"RXRA","PPP1R1B","BID"
"RXRA","MAPKAPK2","BID"
"RXRA","mTORC1","BID"
"RXRA","PHLPP1","BID"
"RXRA","CCAR2","BID"
"RXRA","NBR1","BID"
"RXRA","CDKN1B","BID"
"RXRA","FLNA","BID"
"RXRA","KHDRBS1","BID"
"RXRA","YY1","BID"
"RXRA","RCAN1","BID"
"RXRA","TIAM1","BID"
"RXRA","NOTCH2","BID"
"RXRA","DYNLL1","BID"
"RXRA","MAPK3","HDAC3"
"RXRA","MAPK8","HDAC3"
"RXRA","STK3/4","HDAC3"
"RXRA","EIF2AK2","HDAC3"
"RXRA","RPS6KA1","HDAC3"
"RXRA","STK3","HDAC3"
"RXRA","AKT","HDAC3"
"RXRA","PPP1R1B","HDAC3"
"RXRA","mTORC1","HDAC3"
"RXRA","PHLPP1","HDAC3"
"RXRA","NCOR2","HDAC3"
"RXRA","CDK3","HDAC3"
"RXRA","NBR1","HDAC3"
"RXRA","CRK","HDAC3"
"RXRA","SHC1","HDAC3"
"RXRA","CCNO","HDAC3"
"RXRA","CDKN1B","HDAC3"
"RXRA","FLNA","HDAC3"
"RXRA","ARRB2","HDAC3"
"RXRA","DAXX","HDAC3"
"RXRA","PSEN1","HDAC3"
"RXRA","NF2","HDAC3"
"RXRA","MRE11","HDAC3"
"RXRA","PPP1R8","HDAC3"
"RXRA","ROR2","HDAC3"
"RXRA","LRP6","HDAC3"
"RXRA","GRB14","HDAC3"
"RXRA","SPEN","HDAC3"
"RXRA","NOTCH2","HDAC3"
"RXRA","APC","HDAC3"
"RXRA","PLCG2","HDAC3"
"RXRA","MAPK8","AXIN1"
"RXRA","ACP1","AXIN1"
"RXRA","CSNK2A1","AXIN1"
"RXRA","Gbeta","AXIN1"
"RXRA","LCK","AXIN1"
"RXRA","CHEK1","AXIN1"
"RXRA","STK3","AXIN1"
"RXRA","AKT","AXIN1"
"RXRA","NCOR2","AXIN1"
"RXRA","CRK","AXIN1"
"RXRA","CDKN1B","AXIN1"
"RXRA","SKP2","AXIN1"
"RXRA","GAB1","AXIN1"
"RXRA","GRIP1","AXIN1"
"RXRA","KHDRBS1","AXIN1"
"RXRA","CD28","AXIN1"
"RXRA","INPP5D","AXIN1"
"RXRA","RUNX1","AXIN1"
"RXRA","MDC1","AXIN1"
"RXRA","YY1","AXIN1"
"RXRA","RCAN1","AXIN1"
"RXRA","FRAT1","AXIN1"
"RXRA","PPP1R8","AXIN1"
"RXRA","GRB14","AXIN1"
"RXRA","NOTCH2","AXIN1"
"RXRA","STAT2","AXIN1"
"RXRA","PLCG2","AXIN1"
"RXRA","MAPK3","PTPRR"
"RXRA","MAPK8","PTPRR"
"RXRA","ABL1","PTPRR"
"RXRA","STK3","PTPRR"
"RXRA","MAPK9","PTPRR"
"RXRA","MAP3K4","PTPRR"
"RXRA","NBR1","PTPRR"
"RXRA","CAMKK2","PTPRR"
"RXRA","CRK","PTPRR"
"RXRA","FLNA","PTPRR"
"RXRA","DAXX","PTPRR"
"RXRA","PSEN1","PTPRR"
"RXRA","INPP5D","PTPRR"
"RXRA","NF2","PTPRR"
"RXRA","RUNX1","PTPRR"
"RXRA","YY1","PTPRR"
"RXRA","FRAT1","PTPRR"
"RXRA","ROR2","PTPRR"
"RXRA","SPEN","PTPRR"
"RXRA","TIAM1","PTPRR"
"RXRA","NOTCH2","PTPRR"
"RXRA","APC","PTPRR"
"RXRA","STK3/4","CDCA5"
"RXRA","PRKCD","CDCA5"
"RXRA","CSNK2A1","CDCA5"
"RXRA","Gbeta","CDCA5"
"RXRA","ABL1","CDCA5"
"RXRA","EIF2AK2","CDCA5"
"RXRA","STK3","CDCA5"
"RXRA","MAPK9","CDCA5"
"RXRA","MAPKAPK2","CDCA5"
"RXRA","ITK","CDCA5"
"RXRA","CCAR2","CDCA5"
"RXRA","NCOR2","CDCA5"
"RXRA","DEF6","CDCA5"
"RXRA","CAMKK2","CDCA5"
"RXRA","CRK","CDCA5"
"RXRA","SKP2","CDCA5"
"RXRA","GAB1","CDCA5"
"RXRA","GRIPAP1","CDCA5"
"RXRA","KHDRBS1","CDCA5"
"RXRA","ARRB2","CDCA5"
"RXRA","DAXX","CDCA5"
"RXRA","PSEN1","CDCA5"
"RXRA","CD28","CDCA5"
"RXRA","CCNE1","CDCA5"
"RXRA","RUNX1","CDCA5"
"RXRA","AKAP11","CDCA5"
"RXRA","RCAN1","CDCA5"
"RXRA","MRE11","CDCA5"
"RXRA","FRAT1","CDCA5"
"RXRA","ROR2","CDCA5"
"RXRA","PCBP2","CDCA5"
"RXRA","LRP6","CDCA5"
"RXRA","SPEN","CDCA5"
"RXRA","NOTCH2","CDCA5"
"RXRA","MAPK3","CDKN1B"
"RXRA","MAPK8","CDKN1B"
"RXRA","STK3/4","CDKN1B"
"RXRA","ACP1","CDKN1B"
"RXRA","RPS6K","CDKN1B"
"RXRA","Gbeta","CDKN1B"
"RXRA","LCK","CDKN1B"
"RXRA","CHEK1","CDKN1B"
"RXRA","STK3","CDKN1B"
"RXRA","MAP3K4","CDKN1B"
"RXRA","ITK","CDKN1B"
"RXRA","mTORC1","CDKN1B"
"RXRA","PHLPP1","CDKN1B"
"RXRA","CDK3","CDKN1B"
"RXRA","NBR1","CDKN1B"
"RXRA","CAMKK2","CDKN1B"
"RXRA","SHC1","CDKN1B"
"RXRA","CCNO","CDKN1B"
"RXRA","SKP2","CDKN1B"
"RXRA","GRIPAP1","CDKN1B"
"RXRA","KHDRBS1","CDKN1B"
"RXRA","ARRB2","CDKN1B"
"RXRA","INPP5D","CDKN1B"
"RXRA","PIK3R1","CDKN1B"
"RXRA","NF2","CDKN1B"
"RXRA","RUNX1","CDKN1B"
"RXRA","YY1","CDKN1B"
"RXRA","MRE11","CDKN1B"
"RXRA","LRP6","CDKN1B"
"RXRA","SPEN","CDKN1B"
"RXRA","TIAM1","CDKN1B"
"RXRA","MAPK3","CDK6"
"RXRA","MAPK8","CDK6"
"RXRA","PRKCD","CDK6"
"RXRA","RPS6K","CDK6"
"RXRA","Gbeta","CDK6"
"RXRA","EIF2AK2","CDK6"
"RXRA","mTORC1","CDK6"
"RXRA","PHLPP1","CDK6"
"RXRA","AXIN1","CDK6"
"RXRA","SKP2","CDK6"
"RXRA","FLNA","CDK6"
"RXRA","KHDRBS1","CDK6"
"RXRA","ARRB2","CDK6"
"RXRA","INPP5D","CDK6"
"RXRA","PIK3R1","CDK6"
"RXRA","MRE11","CDK6"
"RXRA","FRAT1","CDK6"
"RXRA","E2F1","CDK6"
"RXRA","NOTCH2","CDK6"
"RXRA","APC","CDK6"
"RXRA","DYNLL1","CDK6"
"RXRA","MAPK3","GTF2I"
"RXRA","MAPK8","GTF2I"
"RXRA","STK3/4","GTF2I"
"RXRA","Gbeta","GTF2I"
"RXRA","ABL1","GTF2I"
"RXRA","STK3","GTF2I"
"RXRA","MAPK9","GTF2I"
"RXRA","PPP1R1B","GTF2I"
"RXRA","MAP3K4","GTF2I"
"RXRA","CCAR2","GTF2I"
"RXRA","DEF6","GTF2I"
"RXRA","NBR1","GTF2I"
"RXRA","SKP2","GTF2I"
"RXRA","GAB1","GTF2I"
"RXRA","GRIPAP1","GTF2I"
"RXRA","GRIP1","GTF2I"
"RXRA","CD28","GTF2I"
"RXRA","PIK3R1","GTF2I"
"RXRA","CCNE1","GTF2I"
"RXRA","NF2","GTF2I"
"RXRA","RUNX1","GTF2I"
"RXRA","MDC1","GTF2I"
"RXRA","RCAN1","GTF2I"
"RXRA","MRE11","GTF2I"
"RXRA","FRAT1","GTF2I"
"RXRA","PPP1R8","GTF2I"
"RXRA","ROR2","GTF2I"
"RXRA","PCBP2","GTF2I"
"RXRA","E2F1","GTF2I"
"RXRA","LRP6","GTF2I"
"RXRA","GRB14","GTF2I"
"RXRA","SPEN","GTF2I"
"RXRA","TIAM1","GTF2I"
"RXRA","NOTCH2","GTF2I"
"RXRA","APC","GTF2I"
"RXRA","DYNLL1","GTF2I"
"RXRA","STAT2","GTF2I"
"RXRA","PLCG2","GTF2I"
"RXRA","MAPK8","OTUB1"
"RXRA","STK3/4","OTUB1"
"RXRA","ACP1","OTUB1"
"RXRA","RPS6K","OTUB1"
"RXRA","Gbeta","OTUB1"
"RXRA","LCK","OTUB1"
"RXRA","ABL1","OTUB1"
"RXRA","EIF2AK2","OTUB1"
"RXRA","RPS6KA1","OTUB1"
"RXRA","AKT","OTUB1"
"RXRA","MAPK9","OTUB1"
"RXRA","PPP1R1B","OTUB1"
"RXRA","MAP3K4","OTUB1"
"RXRA","MAPKAPK2","OTUB1"
"RXRA","ITK","OTUB1"
"RXRA","mTORC1","OTUB1"
"RXRA","PHLPP1","OTUB1"
"RXRA","CCAR2","OTUB1"
"RXRA","NCOR2","OTUB1"
"RXRA","CDK3","OTUB1"
"RXRA","NBR1","OTUB1"
"RXRA","SHC1","OTUB1"
"RXRA","CCNO","OTUB1"
"RXRA","CDKN1B","OTUB1"
"RXRA","SKP2","OTUB1"
"RXRA","FLNA","OTUB1"
"RXRA","GAB1","OTUB1"
"RXRA","GRIP1","OTUB1"
"RXRA","KHDRBS1","OTUB1"
"RXRA","ARRB2","OTUB1"
"RXRA","DAXX","OTUB1"
"RXRA","CD28","OTUB1"
"RXRA","INPP5D","OTUB1"
"RXRA","PIK3R1","OTUB1"
"RXRA","CCNE1","OTUB1"
"RXRA","NF2","OTUB1"
"RXRA","RUNX1","OTUB1"
"RXRA","MDC1","OTUB1"
"RXRA","PPP1R8","OTUB1"
"RXRA","ABI1","OTUB1"
"RXRA","PCBP2","OTUB1"
"RXRA","E2F1","OTUB1"
"RXRA","LRP6","OTUB1"
"RXRA","SPEN","OTUB1"
"RXRA","TIAM1","OTUB1"
"RXRA","NOTCH2","OTUB1"
"RXRA","DYNLL1","OTUB1"
"RXRA","MAPK3","SKP2"
"RXRA","STK3/4","SKP2"
"RXRA","RPS6K","SKP2"
"RXRA","Gbeta","SKP2"
"RXRA","ABL1","SKP2"
"RXRA","EIF2AK2","SKP2"
"RXRA","RPS6KA1","SKP2"
"RXRA","MAPK9","SKP2"
"RXRA","mTORC1","SKP2"
"RXRA","PHLPP1","SKP2"
"RXRA","CCAR2","SKP2"
"RXRA","NCOR2","SKP2"
"RXRA","NBR1","SKP2"
"RXRA","CAMKK2","SKP2"
"RXRA","CRK","SKP2"
"RXRA","SHC1","SKP2"
"RXRA","FLNA","SKP2"
"RXRA","GAB1","SKP2"
"RXRA","GRIPAP1","SKP2"
"RXRA","GRIP1","SKP2"
"RXRA","PSEN1","SKP2"
"RXRA","NF2","SKP2"
"RXRA","MRE11","SKP2"
"RXRA","FRAT1","SKP2"
"RXRA","PPP1R8","SKP2"
"RXRA","ABI1","SKP2"
"RXRA","E2F1","SKP2"
"RXRA","LRP6","SKP2"
"RXRA","GRB14","SKP2"
"RXRA","APC","SKP2"
"RXRA","MAPK8","MAML1"
"RXRA","ACP1","MAML1"
"RXRA","RPS6K","MAML1"
"RXRA","Gbeta","MAML1"
"RXRA","ABL1","MAML1"
"RXRA","STK3","MAML1"
"RXRA","AKT","MAML1"
"RXRA","MAPKAPK2","MAML1"
"RXRA","mTORC1","MAML1"
"RXRA","PHLPP1","MAML1"
"RXRA","CCAR2","MAML1"
"RXRA","NCOR2","MAML1"
"RXRA","CDK3","MAML1"
"RXRA","CAMKK2","MAML1"
"RXRA","CRK","MAML1"
"RXRA","AXIN1","MAML1"
"RXRA","GAB1","MAML1"
"RXRA","DAXX","MAML1"
"RXRA","PSEN1","MAML1"
"RXRA","PIK3R1","MAML1"
"RXRA","CCNE1","MAML1"
"RXRA","NF2","MAML1"
"RXRA","MDC1","MAML1"
"RXRA","MRE11","MAML1"
"RXRA","FRAT1","MAML1"
"RXRA","ROR2","MAML1"
"RXRA","PCBP2","MAML1"
"RXRA","LRP6","MAML1"
"RXRA","GRB14","MAML1"
"RXRA","SPEN","MAML1"
"RXRA","TIAM1","MAML1"
"RXRA","NOTCH2","MAML1"
"RXRA","DYNLL1","MAML1"
"RXRA","STK3/4","RXR"
"RXRA","ITK","RXR"
"RXRA","PHLPP1","RXR"
"RXRA","CCAR2","RXR"
"RXRA","NCOR2","RXR"
"RXRA","NBR1","RXR"
"RXRA","SHC1","RXR"
"RXRA","CCNO","RXR"
"RXRA","CDKN1B","RXR"
"RXRA","GAB1","RXR"
"RXRA","KHDRBS1","RXR"
"RXRA","CD28","RXR"
"RXRA","INPP5D","RXR"
"RXRA","CCNE1","RXR"
"RXRA","NF2","RXR"
"RXRA","RUNX1","RXR"
"RXRA","MDC1","RXR"
"RXRA","AKAP11","RXR"
"RXRA","YY1","RXR"
"RXRA","MRE11","RXR"
"RXRA","FRAT1","RXR"
"RXRA","ABI1","RXR"
"RXRA","PCBP2","RXR"
"RXRA","E2F1","RXR"
"RXRA","LRP6","RXR"
"RXRA","GRB14","RXR"
"RXRA","SPEN","RXR"
"RXRA","NOTCH2","RXR"
"RXRA","APC","RXR"
"RXRA","DYNLL1","RXR"
"RXRA","PLCG2","RXR"
"RXRA","STK3/4","FLNA"
"RXRA","PRKCD","FLNA"
"RXRA","ACP1","FLNA"
"RXRA","CSNK2A1","FLNA"
"RXRA","RPS6K","FLNA"
"RXRA","CALM2","FLNA"
"RXRA","Gbeta","FLNA"
"RXRA","CHEK1","FLNA"
"RXRA","RPS6KA1","FLNA"
"RXRA","STK3","FLNA"
"RXRA","MAPKAPK2","FLNA"
"RXRA","PHLPP1","FLNA"
"RXRA","NCOR2","FLNA"
"RXRA","DEF6","FLNA"
"RXRA","CRK","FLNA"
"RXRA","KHDRBS1","FLNA"
"RXRA","PSEN1","FLNA"
"RXRA","ROR2","FLNA"
"RXRA","ABI1","FLNA"
"RXRA","PCBP2","FLNA"
"RXRA","SPEN","FLNA"
"RXRA","TIAM1","FLNA"
"RXRA","STAT2","FLNA"
"RXRA","PLCG2","FLNA"
"RXRA","RPS6K","ASB2"
"RXRA","Gbeta","ASB2"
"RXRA","LCK","ASB2"
"RXRA","ABL1","ASB2"
"RXRA","CHEK1","ASB2"
"RXRA","EIF2AK2","ASB2"
"RXRA","RPS6KA1","ASB2"
"RXRA","STK3","ASB2"
"RXRA","AKT","ASB2"
"RXRA","PPP1R1B","ASB2"
"RXRA","MAP3K4","ASB2"
"RXRA","ITK","ASB2"
"RXRA","mTORC1","ASB2"
"RXRA","PHLPP1","ASB2"
"RXRA","NCOR2","ASB2"
"RXRA","NBR1","ASB2"
"RXRA","CRK","ASB2"
"RXRA","SHC1","ASB2"
"RXRA","GRIP1","ASB2"
"RXRA","CCNE1","ASB2"
"RXRA","PPP1R8","ASB2"
"RXRA","PCBP2","ASB2"
"RXRA","STK3/4","DLG1"
"RXRA","ABL1","DLG1"
"RXRA","STK3","DLG1"
"RXRA","CRK","DLG1"
"RXRA","SKP2","DLG1"
"RXRA","FLNA","DLG1"
"RXRA","GAB1","DLG1"
"RXRA","ARRB2","DLG1"
"RXRA","DAXX","DLG1"
"RXRA","CCNE1","DLG1"
"RXRA","RUNX1","DLG1"
"RXRA","RCAN1","DLG1"
"RXRA","FRAT1","DLG1"
"RXRA","PPP1R8","DLG1"
"RXRA","ROR2","DLG1"
"RXRA","GRB14","DLG1"
"RXRA","NOTCH2","DLG1"
"RXRA","APC","DLG1"
"RXRA","STK3/4","CTTN"
"RXRA","CSNK2A1","CTTN"
"RXRA","RPS6K","CTTN"
"RXRA","LCK","CTTN"
"RXRA","CHEK1","CTTN"
"RXRA","EIF2AK2","CTTN"
"RXRA","AKT","CTTN"
"RXRA","PPP1R1B","CTTN"
"RXRA","MAP3K4","CTTN"
"RXRA","mTORC1","CTTN"
"RXRA","CRK","CTTN"
"RXRA","AXIN1","CTTN"
"RXRA","CDKN1B","CTTN"
"RXRA","SKP2","CTTN"
"RXRA","GRIPAP1","CTTN"
"RXRA","CCNE1","CTTN"
"RXRA","MDC1","CTTN"
"RXRA","AKAP11","CTTN"
"RXRA","YY1","CTTN"
"RXRA","FRAT1","CTTN"
"RXRA","PCBP2","CTTN"
"RXRA","GRB14","CTTN"
"RXRA","MAPK8","SMAD2"
"RXRA","STK3/4","SMAD2"
"RXRA","PRKCD","SMAD2"
"RXRA","RPS6K","SMAD2"
"RXRA","EIF2AK2","SMAD2"
"RXRA","PHLPP1","SMAD2"
"RXRA","CCAR2","SMAD2"
"RXRA","CDK3","SMAD2"
"RXRA","CAMKK2","SMAD2"
"RXRA","SKP2","SMAD2"
"RXRA","KHDRBS1","SMAD2"
"RXRA","PSEN1","SMAD2"
"RXRA","CD28","SMAD2"
"RXRA","NF2","SMAD2"
"RXRA","MDC1","SMAD2"
"RXRA","AKAP11","SMAD2"
"RXRA","RCAN1","SMAD2"
"RXRA","MRE11","SMAD2"
"RXRA","PPP1R8","SMAD2"
"RXRA","ROR2","SMAD2"
"RXRA","E2F1","SMAD2"
"RXRA","MAPK8","CDC25B"
"RXRA","STK3/4","CDC25B"
"RXRA","EIF2AK2","CDC25B"
"RXRA","RPS6KA1","CDC25B"
"RXRA","AKT","CDC25B"
"RXRA","MAP3K4","CDC25B"
"RXRA","MAPKAPK2","CDC25B"
"RXRA","ITK","CDC25B"
"RXRA","CDK3","CDC25B"
"RXRA","SHC1","CDC25B"
"RXRA","CDKN1B","CDC25B"
"RXRA","GRIP1","CDC25B"
"RXRA","ARRB2","CDC25B"
"RXRA","DAXX","CDC25B"
"RXRA","PIK3R1","CDC25B"
"RXRA","FRAT1","CDC25B"
"RXRA","TIAM1","CDC25B"
"RXRA","NOTCH2","CDC25B"
"RXRA","STAT2","CDC25B"
"RXRA","PLCG2","CDC25B"
"RXRA","MAPK3","ETS1"
"RXRA","PRKCD","ETS1"
"RXRA","Gbeta","ETS1"
"RXRA","LCK","ETS1"
"RXRA","EIF2AK2","ETS1"
"RXRA","CCAR2","ETS1"
"RXRA","NCOR2","ETS1"
"RXRA","CDK3","ETS1"
"RXRA","GAB1","ETS1"
"RXRA","GRIPAP1","ETS1"
"RXRA","KHDRBS1","ETS1"
"RXRA","CD28","ETS1"
"RXRA","INPP5D","ETS1"
"RXRA","PIK3R1","ETS1"
"RXRA","RUNX1","ETS1"
"RXRA","MRE11","ETS1"
"RXRA","SPEN","ETS1"
"RXRA","TIAM1","ETS1"
"RXRA","NOTCH2","ETS1"
"RXRA","APC","ETS1"
"RXRA","STAT2","ETS1"
"RXRA","PLCG2","ETS1"
"RXRA","MAPK8","SPI1"
"RXRA","STK3/4","SPI1"
"RXRA","ERK1/2","SPI1"
"RXRA","ABL1","SPI1"
"RXRA","CHEK1","SPI1"
"RXRA","EIF2AK2","SPI1"
"RXRA","MAPK9","SPI1"
"RXRA","PPP1R1B","SPI1"
"RXRA","ITK","SPI1"
"RXRA","PHLPP1","SPI1"
"RXRA","CDK3","SPI1"
"RXRA","NBR1","SPI1"
"RXRA","SHC1","SPI1"
"RXRA","AXIN1","SPI1"
"RXRA","CDKN1B","SPI1"
"RXRA","GAB1","SPI1"
"RXRA","GRIPAP1","SPI1"
"RXRA","GRIP1","SPI1"
"RXRA","KHDRBS1","SPI1"
"RXRA","INPP5D","SPI1"
"RXRA","NF2","SPI1"
"RXRA","MDC1","SPI1"
"RXRA","RCAN1","SPI1"
"RXRA","PPP1R8","SPI1"
"RXRA","SPEN","SPI1"
"RXRA","DYNLL1","SPI1"
"RXRA","STAT2","SPI1"
"RXRA","CSNK2A1","PIAS1"
"RXRA","EIF2AK2","PIAS1"
"RXRA","RPS6KA1","PIAS1"
"RXRA","AKT","PIAS1"
"RXRA","CCAR2","PIAS1"
"RXRA","NCOR2","PIAS1"
"RXRA","CDK3","PIAS1"
"RXRA","CCNO","PIAS1"
"RXRA","AXIN1","PIAS1"
"RXRA","SKP2","PIAS1"
"RXRA","FLNA","PIAS1"
"RXRA","PSEN1","PIAS1"
"RXRA","CD28","PIAS1"
"RXRA","INPP5D","PIAS1"
"RXRA","CCNE1","PIAS1"
"RXRA","NF2","PIAS1"
"RXRA","RUNX1","PIAS1"
"RXRA","YY1","PIAS1"
"RXRA","ABI1","PIAS1"
"RXRA","LRP6","PIAS1"
"RXRA","SPEN","PIAS1"
"RXRA","NOTCH2","PIAS1"
"RXRA","PLCG2","PIAS1"
"RXRA","STK3/4","THR"
"RXRA","PRKCD","THR"
"RXRA","LCK","THR"
"RXRA","RPS6KA1","THR"
"RXRA","STK3","THR"
"RXRA","AKT","THR"
"RXRA","PPP1R1B","THR"
"RXRA","MAPKAPK2","THR"
"RXRA","ITK","THR"
"RXRA","mTORC1","THR"
"RXRA","CCAR2","THR"
"RXRA","NCOR2","THR"
"RXRA","CDK3","THR"
"RXRA","DEF6","THR"
"RXRA","CAMKK2","THR"
"RXRA","CRK","THR"
"RXRA","SHC1","THR"
"RXRA","CCNO","THR"
"RXRA","AXIN1","THR"
"RXRA","CDKN1B","THR"
"RXRA","GAB1","THR"
"RXRA","KHDRBS1","THR"
"RXRA","ARRB2","THR"
"RXRA","PSEN1","THR"
"RXRA","CD28","THR"
"RXRA","INPP5D","THR"
"RXRA","PIK3R1","THR"
"RXRA","CCNE1","THR"
"RXRA","NF2","THR"
"RXRA","AKAP11","THR"
"RXRA","YY1","THR"
"RXRA","MRE11","THR"
"RXRA","FRAT1","THR"
"RXRA","PPP1R8","THR"
"RXRA","ABI1","THR"
"RXRA","PCBP2","THR"
"RXRA","E2F1","THR"
"RXRA","GRB14","THR"
"RXRA","SPEN","THR"
"RXRA","DYNLL1","THR"
"RXRA","MAPK8","BIRC5"
"RXRA","STK3/4","BIRC5"
"RXRA","PRKCD","BIRC5"
"RXRA","ACP1","BIRC5"
"RXRA","RPS6K","BIRC5"
"RXRA","Gbeta","BIRC5"
"RXRA","CHEK1","BIRC5"
"RXRA","EIF2AK2","BIRC5"
"RXRA","MAPKAPK2","BIRC5"
"RXRA","ITK","BIRC5"
"RXRA","mTORC1","BIRC5"
"RXRA","CCAR2","BIRC5"
"RXRA","NCOR2","BIRC5"
"RXRA","DEF6","BIRC5"
"RXRA","CRK","BIRC5"
"RXRA","SHC1","BIRC5"
"RXRA","AXIN1","BIRC5"
"RXRA","SKP2","BIRC5"
"RXRA","GRIP1","BIRC5"
"RXRA","ARRB2","BIRC5"
"RXRA","DAXX","BIRC5"
"RXRA","CD28","BIRC5"
"RXRA","INPP5D","BIRC5"
"RXRA","CCNE1","BIRC5"
"RXRA","NF2","BIRC5"
"RXRA","RCAN1","BIRC5"
"RXRA","FRAT1","BIRC5"
"RXRA","ROR2","BIRC5"
"RXRA","ABI1","BIRC5"
"RXRA","PCBP2","BIRC5"
"RXRA","E2F1","BIRC5"
"RXRA","TIAM1","BIRC5"
"RXRA","DYNLL1","BIRC5"
"RXRA","MAPK3","BCL2"
"RXRA","LCK","BCL2"
"RXRA","ABL1","BCL2"
"RXRA","ITK","BCL2"
"RXRA","CCAR2","BCL2"
"RXRA","DEF6","BCL2"
"RXRA","CCNO","BCL2"
"RXRA","AXIN1","BCL2"
"RXRA","CDKN1B","BCL2"
"RXRA","GRIPAP1","BCL2"
"RXRA","ARRB2","BCL2"
"RXRA","DAXX","BCL2"
"RXRA","CD28","BCL2"
"RXRA","PIK3R1","BCL2"
"RXRA","AKAP11","BCL2"
"RXRA","MRE11","BCL2"
"RXRA","PPP1R8","BCL2"
"RXRA","GRB14","BCL2"
"RXRA","SPEN","BCL2"
"RXRA","APC","BCL2"
"RXRA","DYNLL1","BCL2"
"RXRA","STAT2","BCL2"
"RXRA","PRKCD","USP37"
"RXRA","RPS6K","USP37"
"RXRA","Gbeta","USP37"
"RXRA","ABL1","USP37"
"RXRA","MAPK9","USP37"
"RXRA","MAP3K4","USP37"
"RXRA","MAPKAPK2","USP37"
"RXRA","mTORC1","USP37"
"RXRA","NCOR2","USP37"
"RXRA","SHC1","USP37"
"RXRA","FLNA","USP37"
"RXRA","GAB1","USP37"
"RXRA","GRIPAP1","USP37"
"RXRA","NF2","USP37"
"RXRA","MDC1","USP37"
"RXRA","MRE11","USP37"
"RXRA","PPP1R8","USP37"
"RXRA","ROR2","USP37"
"RXRA","ABI1","USP37"
"RXRA","SPEN","USP37"
"RXRA","DYNLL1","USP37"
"RXRA","RPS6K","RARB"
"RXRA","CHEK1","RARB"
"RXRA","EIF2AK2","RARB"
"RXRA","ITK","RARB"
"RXRA","CDK3","RARB"
"RXRA","SHC1","RARB"
"RXRA","CCNO","RARB"
"RXRA","CDKN1B","RARB"
"RXRA","GAB1","RARB"
"RXRA","CCNE1","RARB"
"RXRA","MDC1","RARB"
"RXRA","YY1","RARB"
"RXRA","PPP1R8","RARB"
"RXRA","E2F1","RARB"
"RXRA","PLCG2","RARB"
"RXRA","STK3/4","JUN"
"RXRA","PRKCD","JUN"
"RXRA","LCK","JUN"
"RXRA","AKT","JUN"
"RXRA","MAPK9","JUN"
"RXRA","PPP1R1B","JUN"
"RXRA","mTORC1","JUN"
"RXRA","PHLPP1","JUN"
"RXRA","NBR1","JUN"
"RXRA","CCNO","JUN"
"RXRA","SKP2","JUN"
"RXRA","KHDRBS1","JUN"
"RXRA","DAXX","JUN"
"RXRA","PSEN1","JUN"
"RXRA","INPP5D","JUN"
"RXRA","PIK3R1","JUN"
"RXRA","RUNX1","JUN"
"RXRA","FRAT1","JUN"
"RXRA","PPP1R8","JUN"
"RXRA","ABI1","JUN"
"RXRA","SPEN","JUN"
"RXRA","NOTCH2","JUN"
"RXRA","PLCG2","JUN"
"RXRA","STK3/4","NR2F1"
"RXRA","ACP1","NR2F1"
"RXRA","CSNK2A1","NR2F1"
"RXRA","ABL1","NR2F1"
"RXRA","EIF2AK2","NR2F1"
"RXRA","STK3","NR2F1"
"RXRA","ITK","NR2F1"
"RXRA","mTORC1","NR2F1"
"RXRA","PHLPP1","NR2F1"
"RXRA","CCAR2","NR2F1"
"RXRA","CDK3","NR2F1"
"RXRA","DEF6","NR2F1"
"RXRA","NBR1","NR2F1"
"RXRA","CAMKK2","NR2F1"
"RXRA","CRK","NR2F1"
"RXRA","SHC1","NR2F1"
"RXRA","SKP2","NR2F1"
"RXRA","GAB1","NR2F1"
"RXRA","CD28","NR2F1"
"RXRA","INPP5D","NR2F1"
"RXRA","PIK3R1","NR2F1"
"RXRA","CCNE1","NR2F1"
"RXRA","RUNX1","NR2F1"
"RXRA","AKAP11","NR2F1"
"RXRA","PCBP2","NR2F1"
"RXRA","E2F1","NR2F1"
"RXRA","GRB14","NR2F1"
"RXRA","SPEN","NR2F1"
"RXRA","APC","NR2F1"
"RXRA","DYNLL1","NR2F1"
"RXRA","PLCG2","NR2F1"
"RXRA","MAPK8","MYC"
"RXRA","STK3/4","MYC"
"RXRA","PRKCD","MYC"
"RXRA","ACP1","MYC"
"RXRA","RPS6K","MYC"
"RXRA","Gbeta","MYC"
"RXRA","LCK","MYC"
"RXRA","ABL1","MYC"
"RXRA","CHEK1","MYC"
"RXRA","RPS6KA1","MYC"
"RXRA","MAPK9","MYC"
"RXRA","MAP3K4","MYC"
"RXRA","MAPKAPK2","MYC"
"RXRA","mTORC1","MYC"
"RXRA","PHLPP1","MYC"
"RXRA","NCOR2","MYC"
"RXRA","DEF6","MYC"
"RXRA","NBR1","MYC"
"RXRA","CAMKK2","MYC"
"RXRA","AXIN1","MYC"
"RXRA","KHDRBS1","MYC"
"RXRA","ARRB2","MYC"
"RXRA","INPP5D","MYC"
"RXRA","PIK3R1","MYC"
"RXRA","CCNE1","MYC"
"RXRA","MDC1","MYC"
"RXRA","RCAN1","MYC"
"RXRA","ROR2","MYC"
"RXRA","PCBP2","MYC"
"RXRA","E2F1","MYC"
"RXRA","LRP6","MYC"
"RXRA","GRB14","MYC"
"RXRA","NOTCH2","MYC"
"RXRA","DYNLL1","MYC"
"RXRA","PLCG2","MYC"
"RXRA","STK3/4","TCAP"
"RXRA","Gbeta","TCAP"
"RXRA","ABL1","TCAP"
"RXRA","CHEK1","TCAP"
"RXRA","EIF2AK2","TCAP"
"RXRA","RPS6KA1","TCAP"
"RXRA","STK3","TCAP"
"RXRA","ITK","TCAP"
"RXRA","mTORC1","TCAP"
"RXRA","PHLPP1","TCAP"
"RXRA","CCAR2","TCAP"
"RXRA","NCOR2","TCAP"
"RXRA","CAMKK2","TCAP"
"RXRA","CRK","TCAP"
"RXRA","SHC1","TCAP"
"RXRA","CCNO","TCAP"
"RXRA","CDKN1B","TCAP"
"RXRA","FLNA","TCAP"
"RXRA","GAB1","TCAP"
"RXRA","GRIPAP1","TCAP"
"RXRA","GRIP1","TCAP"
"RXRA","KHDRBS1","TCAP"
"RXRA","DAXX","TCAP"
"RXRA","PSEN1","TCAP"
"RXRA","CD28","TCAP"
"RXRA","PIK3R1","TCAP"
"RXRA","CCNE1","TCAP"
"RXRA","NF2","TCAP"
"RXRA","RUNX1","TCAP"
"RXRA","MDC1","TCAP"
"RXRA","AKAP11","TCAP"
"RXRA","YY1","TCAP"
"RXRA","MRE11","TCAP"
"RXRA","PPP1R8","TCAP"
"RXRA","ROR2","TCAP"
"RXRA","E2F1","TCAP"
"RXRA","LRP6","TCAP"
"RXRA","GRB14","TCAP"
"RXRA","SPEN","TCAP"
"RXRA","APC","TCAP"
"RXRA","MAPK3","GAB1"
"RXRA","MAPK8","GAB1"
"RXRA","PRKCD","GAB1"
"RXRA","ACP1","GAB1"
"RXRA","RPS6K","GAB1"
"RXRA","Gbeta","GAB1"
"RXRA","ABL1","GAB1"
"RXRA","MAPK9","GAB1"
"RXRA","PPP1R1B","GAB1"
"RXRA","mTORC1","GAB1"
"RXRA","DEF6","GAB1"
"RXRA","NBR1","GAB1"
"RXRA","SKP2","GAB1"
"RXRA","GRIPAP1","GAB1"
"RXRA","GRIP1","GAB1"
"RXRA","KHDRBS1","GAB1"
"RXRA","ARRB2","GAB1"
"RXRA","INPP5D","GAB1"
"RXRA","NF2","GAB1"
"RXRA","AKAP11","GAB1"
"RXRA","ABI1","GAB1"
"RXRA","PCBP2","GAB1"
"RXRA","GRB14","GAB1"
"RXRA","APC","GAB1"
"RXRA","PLCG2","GAB1"
"RXRA","MAPK8","GRIPAP1"
"RXRA","Gbeta","GRIPAP1"
"RXRA","LCK","GRIPAP1"
"RXRA","CHEK1","GRIPAP1"
"RXRA","MAPKAPK2","GRIPAP1"
"RXRA","PHLPP1","GRIPAP1"
"RXRA","NCOR2","GRIPAP1"
"RXRA","CAMKK2","GRIPAP1"
"RXRA","CRK","GRIPAP1"
"RXRA","SHC1","GRIPAP1"
"RXRA","ARRB2","GRIPAP1"
"RXRA","CD28","GRIPAP1"
"RXRA","INPP5D","GRIPAP1"
"RXRA","RUNX1","GRIPAP1"
"RXRA","MDC1","GRIPAP1"
"RXRA","MRE11","GRIPAP1"
"RXRA","PPP1R8","GRIPAP1"
"RXRA","PCBP2","GRIPAP1"
"RXRA","GRB14","GRIPAP1"
"RXRA","TIAM1","GRIPAP1"
"RXRA","STAT2","GRIPAP1"
"RXRA","MAPK8","GRIP1"
"RXRA","PRKCD","GRIP1"
"RXRA","RPS6K","GRIP1"
"RXRA","Gbeta","GRIP1"
"RXRA","ABL1","GRIP1"
"RXRA","ITK","GRIP1"
"RXRA","mTORC1","GRIP1"
"RXRA","PHLPP1","GRIP1"
"RXRA","CCAR2","GRIP1"
"RXRA","CDK3","GRIP1"
"RXRA","DEF6","GRIP1"
"RXRA","KHDRBS1","GRIP1"
"RXRA","DAXX","GRIP1"
"RXRA","PSEN1","GRIP1"
"RXRA","CCNE1","GRIP1"
"RXRA","AKAP11","GRIP1"
"RXRA","YY1","GRIP1"
"RXRA","RCAN1","GRIP1"
"RXRA","FRAT1","GRIP1"
"RXRA","LRP6","GRIP1"
"RXRA","GRB14","GRIP1"
"RXRA","TIAM1","GRIP1"
"RXRA","APC","GRIP1"
"RXRA","STAT2","GRIP1"
"RXRA","MAPK3","HSPA8"
"RXRA","EIF2AK2","HSPA8"
"RXRA","RPS6KA1","HSPA8"
"RXRA","STK3","HSPA8"
"RXRA","AKT","HSPA8"
"RXRA","NBR1","HSPA8"
"RXRA","CAMKK2","HSPA8"
"RXRA","CRK","HSPA8"
"RXRA","CCNO","HSPA8"
"RXRA","SKP2","HSPA8"
"RXRA","ARRB2","HSPA8"
"RXRA","PSEN1","HSPA8"
"RXRA","CD28","HSPA8"
"RXRA","INPP5D","HSPA8"
"RXRA","PIK3R1","HSPA8"
"RXRA","CCNE1","HSPA8"
"RXRA","MDC1","HSPA8"
"RXRA","YY1","HSPA8"
"RXRA","PPP1R8","HSPA8"
"RXRA","ABI1","HSPA8"
"RXRA","E2F1","HSPA8"
"RXRA","LRP6","HSPA8"
"RXRA","SPEN","HSPA8"
"RXRA","TIAM1","HSPA8"
"RXRA","APC","HSPA8"
"RXRA","DYNLL1","HSPA8"
"RXRA","PLCG2","HSPA8"
"RXRA","ACP1","KHDRBS1"
"RXRA","Gbeta","KHDRBS1"
"RXRA","CHEK1","KHDRBS1"
"RXRA","PPP1R1B","KHDRBS1"
"RXRA","MAP3K4","KHDRBS1"
"RXRA","MAPKAPK2","KHDRBS1"
"RXRA","ITK","KHDRBS1"
"RXRA","CCAR2","KHDRBS1"
"RXRA","CDK3","KHDRBS1"
"RXRA","DEF6","KHDRBS1"
"RXRA","CAMKK2","KHDRBS1"
"RXRA","GAB1","KHDRBS1"
"RXRA","PSEN1","KHDRBS1"
"RXRA","CD28","KHDRBS1"
"RXRA","INPP5D","KHDRBS1"
"RXRA","MDC1","KHDRBS1"
"RXRA","FRAT1","KHDRBS1"
"RXRA","ROR2","KHDRBS1"
"RXRA","LRP6","KHDRBS1"
"RXRA","SPEN","KHDRBS1"
"RXRA","TIAM1","KHDRBS1"
"RXRA","NOTCH2","KHDRBS1"
"RXRA","MAPK3","KLF1"
"RXRA","ACP1","KLF1"
"RXRA","ABL1","KLF1"
"RXRA","STK3","KLF1"
"RXRA","MAP3K4","KLF1"
"RXRA","MAPKAPK2","KLF1"
"RXRA","PHLPP1","KLF1"
"RXRA","NCOR2","KLF1"
"RXRA","CDK3","KLF1"
"RXRA","NBR1","KLF1"
"RXRA","CRK","KLF1"
"RXRA","CDKN1B","KLF1"
"RXRA","SKP2","KLF1"
"RXRA","GAB1","KLF1"
"RXRA","GRIP1","KLF1"
"RXRA","KHDRBS1","KLF1"
"RXRA","DAXX","KLF1"
"RXRA","PSEN1","KLF1"
"RXRA","INPP5D","KLF1"
"RXRA","CCNE1","KLF1"
"RXRA","YY1","KLF1"
"RXRA","RCAN1","KLF1"
"RXRA","MRE11","KLF1"
"RXRA","PPP1R8","KLF1"
"RXRA","NOTCH2","KLF1"
"RXRA","DYNLL1","KLF1"
"RXRA","MAPK3","ESR1"
"RXRA","STK3/4","ESR1"
"RXRA","PRKCD","ESR1"
"RXRA","Gbeta","ESR1"
"RXRA","CHEK1","ESR1"
"RXRA","STK3","ESR1"
"RXRA","PPP1R1B","ESR1"
"RXRA","DEF6","ESR1"
"RXRA","GRIP1","ESR1"
"RXRA","INPP5D","ESR1"
"RXRA","MDC1","ESR1"
"RXRA","AKAP11","ESR1"
"RXRA","YY1","ESR1"
"RXRA","RCAN1","ESR1"
"RXRA","MRE11","ESR1"
"RXRA","PCBP2","ESR1"
"RXRA","E2F1","ESR1"
"RXRA","STAT2","ESR1"
"RXRA","CSNK2A1","WEE1"
"RXRA","PRKCD","PRRX1"
"RXRA","LCK","PRRX1"
"RXRA","EIF2AK2","PRRX1"
"RXRA","AKT","PRRX1"
"RXRA","PPP1R1B","PRRX1"
"RXRA","CCAR2","PRRX1"
"RXRA","NCOR2","PRRX1"
"RXRA","DEF6","PRRX1"
"RXRA","CAMKK2","PRRX1"
"RXRA","SHC1","PRRX1"
"RXRA","SKP2","PRRX1"
"RXRA","GRIPAP1","PRRX1"
"RXRA","GRIP1","PRRX1"
"RXRA","DAXX","PRRX1"
"RXRA","CCNE1","PRRX1"
"RXRA","NF2","PRRX1"
"RXRA","RUNX1","PRRX1"
"RXRA","YY1","PRRX1"
"RXRA","ROR2","PRRX1"
"RXRA","ABI1","PRRX1"
"RXRA","LRP6","PRRX1"
"RXRA","PLCG2","PRRX1"
"RXRA","STK3/4","RAR"
"RXRA","ITK","RAR"
"RXRA","CCAR2","RAR"
"RXRA","NCOR2","RAR"
"RXRA","CDK3","RAR"
"RXRA","DEF6","RAR"
"RXRA","SHC1","RAR"
"RXRA","KHDRBS1","RAR"
"RXRA","ARRB2","RAR"
"RXRA","CD28","RAR"
"RXRA","CCNE1","RAR"
"RXRA","MDC1","RAR"
"RXRA","ABI1","RAR"
"RXRA","STAT2","RAR"
"RXRA","MAPK8","MYLK"
"RXRA","RPS6K","MYLK"
"RXRA","ABL1","MYLK"
"RXRA","CHEK1","MYLK"
"RXRA","STK3","MYLK"
"RXRA","MAPK9","MYLK"
"RXRA","PPP1R1B","MYLK"
"RXRA","MAP3K4","MYLK"
"RXRA","MAPKAPK2","MYLK"
"RXRA","ITK","MYLK"
"RXRA","mTORC1","MYLK"
"RXRA","CCAR2","MYLK"
"RXRA","NCOR2","MYLK"
"RXRA","CDK3","MYLK"
"RXRA","CRK","MYLK"
"RXRA","CDKN1B","MYLK"
"RXRA","SKP2","MYLK"
"RXRA","GAB1","MYLK"
"RXRA","GRIPAP1","MYLK"
"RXRA","ARRB2","MYLK"
"RXRA","PSEN1","MYLK"
"RXRA","PIK3R1","MYLK"
"RXRA","NF2","MYLK"
"RXRA","RUNX1","MYLK"
"RXRA","MDC1","MYLK"
"RXRA","YY1","MYLK"
"RXRA","PPP1R8","MYLK"
"RXRA","ABI1","MYLK"
"RXRA","PCBP2","MYLK"
"RXRA","LRP6","MYLK"
"RXRA","SPEN","MYLK"
"RXRA","TIAM1","MYLK"
"RXRA","APC","MYLK"
"RXRA","PLCG2","MYLK"
"RXRA","STK3/4","SRPK2"
"RXRA","ABL1","SRPK2"
"RXRA","CHEK1","SRPK2"
"RXRA","EIF2AK2","SRPK2"
"RXRA","STK3","SRPK2"
"RXRA","AKT","SRPK2"
"RXRA","MAPK9","SRPK2"
"RXRA","PPP1R1B","SRPK2"
"RXRA","mTORC1","SRPK2"
"RXRA","CCAR2","SRPK2"
"RXRA","NCOR2","SRPK2"
"RXRA","CDK3","SRPK2"
"RXRA","NBR1","SRPK2"
"RXRA","CCNO","SRPK2"
"RXRA","CDKN1B","SRPK2"
"RXRA","SKP2","SRPK2"
"RXRA","FLNA","SRPK2"
"RXRA","GRIPAP1","SRPK2"
"RXRA","GRIP1","SRPK2"
"RXRA","KHDRBS1","SRPK2"
"RXRA","ARRB2","SRPK2"
"RXRA","DAXX","SRPK2"
"RXRA","PIK3R1","SRPK2"
"RXRA","CCNE1","SRPK2"
"RXRA","RCAN1","SRPK2"
"RXRA","PCBP2","SRPK2"
"RXRA","LRP6","SRPK2"
"RXRA","TIAM1","SRPK2"
"RXRA","APC","SRPK2"
"RXRA","MAPK8","MYOG"
"RXRA","STK3/4","MYOG"
"RXRA","ABL1","MYOG"
"RXRA","STK3","MYOG"
"RXRA","MAPK9","MYOG"
"RXRA","PPP1R1B","MYOG"
"RXRA","mTORC1","MYOG"
"RXRA","CDK3","MYOG"
"RXRA","CRK","MYOG"
"RXRA","SHC1","MYOG"
"RXRA","FLNA","MYOG"
"RXRA","GAB1","MYOG"
"RXRA","GRIP1","MYOG"
"RXRA","CD28","MYOG"
"RXRA","PIK3R1","MYOG"
"RXRA","CCNE1","MYOG"
"RXRA","MDC1","MYOG"
"RXRA","YY1","MYOG"
"RXRA","MRE11","MYOG"
"RXRA","PPP1R8","MYOG"
"RXRA","SPEN","MYOG"
"RXRA","TIAM1","MYOG"
"RXRA","DYNLL1","MYOG"
"RXRA","STAT2","MYOG"
"RXRA","PLCG2","MYOG"
"RXRA","RPS6KA1","CLASP2"
"RXRA","STK3","CLASP2"
"RXRA","MAPK9","CLASP2"
"RXRA","MAPKAPK2","CLASP2"
"RXRA","ITK","CLASP2"
"RXRA","mTORC1","CLASP2"
"RXRA","PHLPP1","CLASP2"
"RXRA","CDK3","CLASP2"
"RXRA","CAMKK2","CLASP2"
"RXRA","AXIN1","CLASP2"
"RXRA","CDKN1B","CLASP2"
"RXRA","GRIP1","CLASP2"
"RXRA","ARRB2","CLASP2"
"RXRA","CD28","CLASP2"
"RXRA","PIK3R1","CLASP2"
"RXRA","AKAP11","CLASP2"
"RXRA","RCAN1","CLASP2"
"RXRA","MRE11","CLASP2"
"RXRA","ROR2","CLASP2"
"RXRA","ABI1","CLASP2"
"RXRA","PCBP2","CLASP2"
"RXRA","GRB14","CLASP2"
"RXRA","NOTCH2","CLASP2"
"RXRA","STAT2","CLASP2"
"RXRA","PLCG2","CLASP2"
"RXRA","STK3/4","ARRB2"
"RXRA","ACP1","ARRB2"
"RXRA","CSNK2A1","ARRB2"
"RXRA","Gbeta","ARRB2"
"RXRA","LCK","ARRB2"
"RXRA","ABL1","ARRB2"
"RXRA","STK3","ARRB2"
"RXRA","AKT","ARRB2"
"RXRA","PPP1R1B","ARRB2"
"RXRA","MAPKAPK2","ARRB2"
"RXRA","ITK","ARRB2"
"RXRA","mTORC1","ARRB2"
"RXRA","PHLPP1","ARRB2"
"RXRA","NCOR2","ARRB2"
"RXRA","CDK3","ARRB2"
"RXRA","DEF6","ARRB2"
"RXRA","NBR1","ARRB2"
"RXRA","CAMKK2","ARRB2"
"RXRA","SHC1","ARRB2"
"RXRA","CCNO","ARRB2"
"RXRA","AXIN1","ARRB2"
"RXRA","CDKN1B","ARRB2"
"RXRA","SKP2","ARRB2"
"RXRA","FLNA","ARRB2"
"RXRA","GAB1","ARRB2"
"RXRA","GRIPAP1","ARRB2"
"RXRA","GRIP1","ARRB2"
"RXRA","KHDRBS1","ARRB2"
"RXRA","CD28","ARRB2"
"RXRA","PIK3R1","ARRB2"
"RXRA","NF2","ARRB2"
"RXRA","RUNX1","ARRB2"
"RXRA","MDC1","ARRB2"
"RXRA","AKAP11","ARRB2"
"RXRA","YY1","ARRB2"
"RXRA","RCAN1","ARRB2"
"RXRA","MRE11","ARRB2"
"RXRA","FRAT1","ARRB2"
"RXRA","PPP1R8","ARRB2"
"RXRA","ROR2","ARRB2"
"RXRA","ABI1","ARRB2"
"RXRA","PCBP2","ARRB2"
"RXRA","GRB14","ARRB2"
"RXRA","SPEN","ARRB2"
"RXRA","TIAM1","ARRB2"
"RXRA","NOTCH2","ARRB2"
"RXRA","APC","ARRB2"
"RXRA","PLCG2","ARRB2"
"RXRA","MAPK3","TLE4"
"RXRA","MAPK8","TLE4"
"RXRA","STK3/4","TLE4"
"RXRA","ACP1","TLE4"
"RXRA","CSNK2A1","TLE4"
"RXRA","RPS6K","TLE4"
"RXRA","Gbeta","TLE4"
"RXRA","LCK","TLE4"
"RXRA","ABL1","TLE4"
"RXRA","CHEK1","TLE4"
"RXRA","EIF2AK2","TLE4"
"RXRA","PPP1R1B","TLE4"
"RXRA","MAP3K4","TLE4"
"RXRA","ITK","TLE4"
"RXRA","PHLPP1","TLE4"
"RXRA","NCOR2","TLE4"
"RXRA","CDK3","TLE4"
"RXRA","CAMKK2","TLE4"
"RXRA","SHC1","TLE4"
"RXRA","CDKN1B","TLE4"
"RXRA","SKP2","TLE4"
"RXRA","FLNA","TLE4"
"RXRA","GRIP1","TLE4"
"RXRA","KHDRBS1","TLE4"
"RXRA","DAXX","TLE4"
"RXRA","PSEN1","TLE4"
"RXRA","PIK3R1","TLE4"
"RXRA","RUNX1","TLE4"
"RXRA","AKAP11","TLE4"
"RXRA","YY1","TLE4"
"RXRA","MRE11","TLE4"
"RXRA","PPP1R8","TLE4"
"RXRA","APC","TLE4"
"RXRA","DYNLL1","TLE4"
"RXRA","ACP1","RHEB"
"RXRA","RPS6K","RHEB"
"RXRA","LCK","RHEB"
"RXRA","RPS6KA1","RHEB"
"RXRA","PHLPP1","RHEB"
"RXRA","CCAR2","RHEB"
"RXRA","NCOR2","RHEB"
"RXRA","CDK3","RHEB"
"RXRA","DEF6","RHEB"
"RXRA","SHC1","RHEB"
"RXRA","CCNO","RHEB"
"RXRA","AXIN1","RHEB"
"RXRA","CDKN1B","RHEB"
"RXRA","FLNA","RHEB"
"RXRA","GRIP1","RHEB"
"RXRA","PSEN1","RHEB"
"RXRA","INPP5D","RHEB"
"RXRA","NF2","RHEB"
"RXRA","MDC1","RHEB"
"RXRA","RCAN1","RHEB"
"RXRA","MRE11","RHEB"
"RXRA","PPP1R8","RHEB"
"RXRA","ROR2","RHEB"
"RXRA","PCBP2","RHEB"
"RXRA","SPEN","RHEB"
"RXRA","DYNLL1","RHEB"
"RXRA","PLCG2","RHEB"
"RXRA","MAPK3","DAXX"
"RXRA","MAPK8","DAXX"
"RXRA","STK3/4","DAXX"
"RXRA","PRKCD","DAXX"
"RXRA","Gbeta","DAXX"
"RXRA","LCK","DAXX"
"RXRA","CHEK1","DAXX"
"RXRA","EIF2AK2","DAXX"
"RXRA","STK3","DAXX"
"RXRA","AKT","DAXX"
"RXRA","MAPK9","DAXX"
"RXRA","PPP1R1B","DAXX"
"RXRA","MAP3K4","DAXX"
"RXRA","MAPKAPK2","DAXX"
"RXRA","mTORC1","DAXX"
"RXRA","PHLPP1","DAXX"
"RXRA","NCOR2","DAXX"
"RXRA","DEF6","DAXX"
"RXRA","NBR1","DAXX"
"RXRA","SHC1","DAXX"
"RXRA","AXIN1","DAXX"
"RXRA","GAB1","DAXX"
"RXRA","GRIP1","DAXX"
"RXRA","KHDRBS1","DAXX"
"RXRA","ARRB2","DAXX"
"RXRA","PSEN1","DAXX"
"RXRA","PIK3R1","DAXX"
"RXRA","RUNX1","DAXX"
"RXRA","YY1","DAXX"
"RXRA","FRAT1","DAXX"
"RXRA","PPP1R8","DAXX"
"RXRA","ROR2","DAXX"
"RXRA","E2F1","DAXX"
"RXRA","LRP6","DAXX"
"RXRA","NOTCH2","DAXX"
"RXRA","APC","DAXX"
"RXRA","DYNLL1","DAXX"
"RXRA","STAT2","DAXX"
"RXRA","MAPK8","BCL2L1"
"RXRA","CSNK2A1","BCL2L1"
"RXRA","RPS6K","BCL2L1"
"RXRA","Gbeta","BCL2L1"
"RXRA","STK3","BCL2L1"
"RXRA","AKT","BCL2L1"
"RXRA","MAPK9","BCL2L1"
"RXRA","MAPKAPK2","BCL2L1"
"RXRA","mTORC1","BCL2L1"
"RXRA","PHLPP1","BCL2L1"
"RXRA","NCOR2","BCL2L1"
"RXRA","NBR1","BCL2L1"
"RXRA","CRK","BCL2L1"
"RXRA","SHC1","BCL2L1"
"RXRA","AXIN1","BCL2L1"
"RXRA","CDKN1B","BCL2L1"
"RXRA","FLNA","BCL2L1"
"RXRA","GAB1","BCL2L1"
"RXRA","GRIP1","BCL2L1"
"RXRA","KHDRBS1","BCL2L1"
"RXRA","PSEN1","BCL2L1"
"RXRA","PIK3R1","BCL2L1"
"RXRA","NF2","BCL2L1"
"RXRA","RUNX1","BCL2L1"
"RXRA","YY1","BCL2L1"
"RXRA","RCAN1","BCL2L1"
"RXRA","MRE11","BCL2L1"
"RXRA","FRAT1","BCL2L1"
"RXRA","PPP1R8","BCL2L1"
"RXRA","GRB14","BCL2L1"
"RXRA","SPEN","BCL2L1"
"RXRA","NOTCH2","BCL2L1"
"RXRA","APC","BCL2L1"
"RXRA","STAT2","BCL2L1"
"RXRA","MAPK3","EIF4G2"
"RXRA","MAPK8","EIF4G2"
"RXRA","RPS6K","EIF4G2"
"RXRA","RPS6KA1","EIF4G2"
"RXRA","MAPK9","EIF4G2"
"RXRA","MAP3K4","EIF4G2"
"RXRA","MAPKAPK2","EIF4G2"
"RXRA","mTORC1","EIF4G2"
"RXRA","NBR1","EIF4G2"
"RXRA","SHC1","EIF4G2"
"RXRA","CDKN1B","EIF4G2"
"RXRA","GRIP1","EIF4G2"
"RXRA","KHDRBS1","EIF4G2"
"RXRA","ARRB2","EIF4G2"
"RXRA","DAXX","EIF4G2"
"RXRA","INPP5D","EIF4G2"
"RXRA","AKAP11","EIF4G2"
"RXRA","E2F1","EIF4G2"
"RXRA","TIAM1","EIF4G2"
"RXRA","NOTCH2","EIF4G2"
"RXRA","APC","EIF4G2"
"RXRA","DYNLL1","EIF4G2"
"RXRA","PLCG2","EIF4G2"
"RXRA","ACP1","LRRK1"
"RXRA","LCK","LRRK1"
"RXRA","RPS6KA1","LRRK1"
"RXRA","PPP1R1B","LRRK1"
"RXRA","ITK","LRRK1"
"RXRA","mTORC1","LRRK1"
"RXRA","PHLPP1","LRRK1"
"RXRA","DEF6","LRRK1"
"RXRA","SKP2","LRRK1"
"RXRA","KHDRBS1","LRRK1"
"RXRA","ARRB2","LRRK1"
"RXRA","DAXX","LRRK1"
"RXRA","CCNE1","LRRK1"
"RXRA","YY1","LRRK1"
"RXRA","MRE11","LRRK1"
"RXRA","ABI1","LRRK1"
"RXRA","E2F1","LRRK1"
"RXRA","LRP6","LRRK1"
"RXRA","GRB14","LRRK1"
"RXRA","NOTCH2","LRRK1"
"RXRA","APC","LRRK1"
"RXRA","DYNLL1","LRRK1"
"RXRA","MAPK8","PSEN1"
"RXRA","Gbeta","PSEN1"
"RXRA","EIF2AK2","PSEN1"
"RXRA","MAPK9","PSEN1"
"RXRA","PPP1R1B","PSEN1"
"RXRA","ITK","PSEN1"
"RXRA","PHLPP1","PSEN1"
"RXRA","CCAR2","PSEN1"
"RXRA","NCOR2","PSEN1"
"RXRA","CDK3","PSEN1"
"RXRA","NBR1","PSEN1"
"RXRA","CAMKK2","PSEN1"
"RXRA","CCNO","PSEN1"
"RXRA","AXIN1","PSEN1"
"RXRA","CDKN1B","PSEN1"
"RXRA","GAB1","PSEN1"
"RXRA","GRIP1","PSEN1"
"RXRA","KHDRBS1","PSEN1"
"RXRA","ARRB2","PSEN1"
"RXRA","DAXX","PSEN1"
"RXRA","CD28","PSEN1"
"RXRA","INPP5D","PSEN1"
"RXRA","PIK3R1","PSEN1"
"RXRA","CCNE1","PSEN1"
"RXRA","NF2","PSEN1"
"RXRA","RUNX1","PSEN1"
"RXRA","MDC1","PSEN1"
"RXRA","AKAP11","PSEN1"
"RXRA","YY1","PSEN1"
"RXRA","MRE11","PSEN1"
"RXRA","FRAT1","PSEN1"
"RXRA","PPP1R8","PSEN1"
"RXRA","ROR2","PSEN1"
"RXRA","PCBP2","PSEN1"
"RXRA","LRP6","PSEN1"
"RXRA","SPEN","PSEN1"
"RXRA","TIAM1","PSEN1"
"RXRA","PLCG2","PSEN1"
"RXRA","MAPK3","CD28"
"RXRA","PRKCD","CD28"
"RXRA","RPS6K","CD28"
"RXRA","ABL1","CD28"
"RXRA","CHEK1","CD28"
"RXRA","AKT","CD28"
"RXRA","MAPK9","CD28"
"RXRA","PPP1R1B","CD28"
"RXRA","MAP3K4","CD28"
"RXRA","MAPKAPK2","CD28"
"RXRA","ITK","CD28"
"RXRA","mTORC1","CD28"
"RXRA","PHLPP1","CD28"
"RXRA","CCAR2","CD28"
"RXRA","CDK3","CD28"
"RXRA","NBR1","CD28"
"RXRA","CAMKK2","CD28"
"RXRA","CRK","CD28"
"RXRA","CCNO","CD28"
"RXRA","AXIN1","CD28"
"RXRA","SKP2","CD28"
"RXRA","GRIPAP1","CD28"
"RXRA","ARRB2","CD28"
"RXRA","DAXX","CD28"
"RXRA","INPP5D","CD28"
"RXRA","PIK3R1","CD28"
"RXRA","NF2","CD28"
"RXRA","RUNX1","CD28"
"RXRA","MDC1","CD28"
"RXRA","FRAT1","CD28"
"RXRA","PPP1R8","CD28"
"RXRA","PCBP2","CD28"
"RXRA","E2F1","CD28"
"RXRA","NOTCH2","CD28"
"RXRA","APC","CD28"
"RXRA","DYNLL1","CD28"
"RXRA","MAPK8","SYN3"
"RXRA","RPS6K","SYN3"
"RXRA","LCK","SYN3"
"RXRA","EIF2AK2","SYN3"
"RXRA","AKT","SYN3"
"RXRA","MAPK9","SYN3"
"RXRA","MAP3K4","SYN3"
"RXRA","MAPKAPK2","SYN3"
"RXRA","ITK","SYN3"
"RXRA","PHLPP1","SYN3"
"RXRA","CCAR2","SYN3"
"RXRA","CDK3","SYN3"
"RXRA","DEF6","SYN3"
"RXRA","SHC1","SYN3"
"RXRA","AXIN1","SYN3"
"RXRA","CDKN1B","SYN3"
"RXRA","GRIPAP1","SYN3"
"RXRA","GRIP1","SYN3"
"RXRA","KHDRBS1","SYN3"
"RXRA","INPP5D","SYN3"
"RXRA","NF2","SYN3"
"RXRA","YY1","SYN3"
"RXRA","PPP1R8","SYN3"
"RXRA","ABI1","SYN3"
"RXRA","PCBP2","SYN3"
"RXRA","NOTCH2","SYN3"
"RXRA","PLCG2","SYN3"
"RXRA","MAPK8","INPP5D"
"RXRA","ACP1","INPP5D"
"RXRA","CSNK2A1","INPP5D"
"RXRA","RPS6K","INPP5D"
"RXRA","CHEK1","INPP5D"
"RXRA","RPS6KA1","INPP5D"
"RXRA","STK3","INPP5D"
"RXRA","MAPK9","INPP5D"
"RXRA","MAP3K4","INPP5D"
"RXRA","MAPKAPK2","INPP5D"
"RXRA","NCOR2","INPP5D"
"RXRA","NBR1","INPP5D"
"RXRA","CAMKK2","INPP5D"
"RXRA","CRK","INPP5D"
"RXRA","AXIN1","INPP5D"
"RXRA","CDKN1B","INPP5D"
"RXRA","SKP2","INPP5D"
"RXRA","GRIP1","INPP5D"
"RXRA","DAXX","INPP5D"
"RXRA","NF2","INPP5D"
"RXRA","MDC1","INPP5D"
"RXRA","AKAP11","INPP5D"
"RXRA","RCAN1","INPP5D"
"RXRA","FRAT1","INPP5D"
"RXRA","PPP1R8","INPP5D"
"RXRA","E2F1","INPP5D"
"RXRA","LRP6","INPP5D"
"RXRA","SPEN","INPP5D"
"RXRA","NOTCH2","INPP5D"
"RXRA","APC","INPP5D"
"RXRA","STAT2","INPP5D"
"RXRA","PLCG2","INPP5D"
"RXRA","CSNK2A1","SNCAIP"
"RXRA","CHEK1","SNCAIP"
"RXRA","EIF2AK2","SNCAIP"
"RXRA","RPS6KA1","SNCAIP"
"RXRA","PPP1R1B","SNCAIP"
"RXRA","MAP3K4","SNCAIP"
"RXRA","CCAR2","SNCAIP"
"RXRA","CDK3","SNCAIP"
"RXRA","CRK","SNCAIP"
"RXRA","CCNO","SNCAIP"
"RXRA","AXIN1","SNCAIP"
"RXRA","CDKN1B","SNCAIP"
"RXRA","GAB1","SNCAIP"
"RXRA","GRIP1","SNCAIP"
"RXRA","PSEN1","SNCAIP"
"RXRA","NF2","SNCAIP"
"RXRA","AKAP11","SNCAIP"
"RXRA","YY1","SNCAIP"
"RXRA","ROR2","SNCAIP"
"RXRA","E2F1","SNCAIP"
"RXRA","TIAM1","SNCAIP"
"RXRA","APC","SNCAIP"
"RXRA","MAPK3","NFYA"
"RXRA","CSNK2A1","NFYA"
"RXRA","RPS6K","NFYA"
"RXRA","RPS6KA1","NFYA"
"RXRA","CDK3","NFYA"
"RXRA","DEF6","NFYA"
"RXRA","GRIP1","NFYA"
"RXRA","CD28","NFYA"
"RXRA","PIK3R1","NFYA"
"RXRA","YY1","NFYA"
"RXRA","FRAT1","NFYA"
"RXRA","ABI1","NFYA"
"RXRA","APC","NFYA"
"RXRA","DYNLL1","NFYA"
"RXRA","PRKCD","ZFYVE9"
"RXRA","LCK","ZFYVE9"
"RXRA","CHEK1","ZFYVE9"
"RXRA","RPS6KA1","ZFYVE9"
"RXRA","AKT","ZFYVE9"
"RXRA","MAPKAPK2","ZFYVE9"
"RXRA","ITK","ZFYVE9"
"RXRA","PHLPP1","ZFYVE9"
"RXRA","CDK3","ZFYVE9"
"RXRA","SHC1","ZFYVE9"
"RXRA","AXIN1","ZFYVE9"
"RXRA","CDKN1B","ZFYVE9"
"RXRA","FLNA","ZFYVE9"
"RXRA","GAB1","ZFYVE9"
"RXRA","GRIPAP1","ZFYVE9"
"RXRA","GRIP1","ZFYVE9"
"RXRA","KHDRBS1","ZFYVE9"
"RXRA","ARRB2","ZFYVE9"
"RXRA","DAXX","ZFYVE9"
"RXRA","PSEN1","ZFYVE9"
"RXRA","CD28","ZFYVE9"
"RXRA","CCNE1","ZFYVE9"
"RXRA","NF2","ZFYVE9"
"RXRA","RUNX1","ZFYVE9"
"RXRA","AKAP11","ZFYVE9"
"RXRA","YY1","ZFYVE9"
"RXRA","FRAT1","ZFYVE9"
"RXRA","PCBP2","ZFYVE9"
"RXRA","E2F1","ZFYVE9"
"RXRA","SPEN","ZFYVE9"
"RXRA","TIAM1","ZFYVE9"
"RXRA","NOTCH2","ZFYVE9"
"RXRA","APC","ZFYVE9"
"RXRA","STAT2","ZFYVE9"
"RXRA","PLCG2","ZFYVE9"
"RXRA","MAPK3","BCL2L2"
"RXRA","MAPK8","BCL2L2"
"RXRA","STK3/4","BCL2L2"
"RXRA","PRKCD","BCL2L2"
"RXRA","CSNK2A1","BCL2L2"
"RXRA","LCK","BCL2L2"
"RXRA","EIF2AK2","BCL2L2"
"RXRA","AKT","BCL2L2"
"RXRA","MAPK9","BCL2L2"
"RXRA","MAPKAPK2","BCL2L2"
"RXRA","mTORC1","BCL2L2"
"RXRA","PHLPP1","BCL2L2"
"RXRA","CCAR2","BCL2L2"
"RXRA","CDK3","BCL2L2"
"RXRA","NBR1","BCL2L2"
"RXRA","CRK","BCL2L2"
"RXRA","SHC1","BCL2L2"
"RXRA","CCNO","BCL2L2"
"RXRA","CDKN1B","BCL2L2"
"RXRA","SKP2","BCL2L2"
"RXRA","ARRB2","BCL2L2"
"RXRA","PSEN1","BCL2L2"
"RXRA","CD28","BCL2L2"
"RXRA","PIK3R1","BCL2L2"
"RXRA","NF2","BCL2L2"
"RXRA","RUNX1","BCL2L2"
"RXRA","RCAN1","BCL2L2"
"RXRA","ROR2","BCL2L2"
"RXRA","PCBP2","BCL2L2"
"RXRA","GRB14","BCL2L2"
"RXRA","SPEN","BCL2L2"
"RXRA","TIAM1","BCL2L2"
"RXRA","NOTCH2","BCL2L2"
"RXRA","PLCG2","BCL2L2"
"RXRA","PRKCD","GAB2"
"RXRA","Gbeta","GAB2"
"RXRA","RPS6KA1","GAB2"
"RXRA","MAPK9","GAB2"
"RXRA","PPP1R1B","GAB2"
"RXRA","MAPKAPK2","GAB2"
"RXRA","NBR1","GAB2"
"RXRA","CAMKK2","GAB2"
"RXRA","SHC1","GAB2"
"RXRA","AXIN1","GAB2"
"RXRA","CDKN1B","GAB2"
"RXRA","SKP2","GAB2"
"RXRA","ARRB2","GAB2"
"RXRA","CD28","GAB2"
"RXRA","INPP5D","GAB2"
"RXRA","PIK3R1","GAB2"
"RXRA","CCNE1","GAB2"
"RXRA","NF2","GAB2"
"RXRA","YY1","GAB2"
"RXRA","MRE11","GAB2"
"RXRA","LRP6","GAB2"
"RXRA","NOTCH2","GAB2"
"RXRA","APC","GAB2"
"RXRA","STAT2","GAB2"
"RXRA","MAPK8","EZH2"
"RXRA","STK3/4","EZH2"
"RXRA","PRKCD","EZH2"
"RXRA","ACP1","EZH2"
"RXRA","CSNK2A1","EZH2"
"RXRA","Gbeta","EZH2"
"RXRA","LCK","EZH2"
"RXRA","AKT","EZH2"
"RXRA","PPP1R1B","EZH2"
"RXRA","MAPKAPK2","EZH2"
"RXRA","PHLPP1","EZH2"
"RXRA","CCAR2","EZH2"
"RXRA","NCOR2","EZH2"
"RXRA","DEF6","EZH2"
"RXRA","SHC1","EZH2"
"RXRA","CCNO","EZH2"
"RXRA","CDKN1B","EZH2"
"RXRA","FLNA","EZH2"
"RXRA","GAB1","EZH2"
"RXRA","GRIPAP1","EZH2"
"RXRA","GRIP1","EZH2"
"RXRA","KHDRBS1","EZH2"
"RXRA","DAXX","EZH2"
"RXRA","PSEN1","EZH2"
"RXRA","INPP5D","EZH2"
"RXRA","RUNX1","EZH2"
"RXRA","MDC1","EZH2"
"RXRA","AKAP11","EZH2"
"RXRA","YY1","EZH2"
"RXRA","MRE11","EZH2"
"RXRA","FRAT1","EZH2"
"RXRA","ROR2","EZH2"
"RXRA","SPEN","EZH2"
"RXRA","TIAM1","EZH2"
"RXRA","APC","EZH2"
"RXRA","PLCG2","EZH2"
"RXRA","MAPK8","PIK3R1"
"RXRA","ACP1","PIK3R1"
"RXRA","RPS6K","PIK3R1"
"RXRA","Gbeta","PIK3R1"
"RXRA","CHEK1","PIK3R1"
"RXRA","EIF2AK2","PIK3R1"
"RXRA","RPS6KA1","PIK3R1"
"RXRA","AKT","PIK3R1"
"RXRA","MAP3K4","PIK3R1"
"RXRA","ITK","PIK3R1"
"RXRA","PHLPP1","PIK3R1"
"RXRA","CCAR2","PIK3R1"
"RXRA","CDK3","PIK3R1"
"RXRA","NBR1","PIK3R1"
"RXRA","CAMKK2","PIK3R1"
"RXRA","CRK","PIK3R1"
"RXRA","SHC1","PIK3R1"
"RXRA","CCNO","PIK3R1"
"RXRA","CDKN1B","PIK3R1"
"RXRA","SKP2","PIK3R1"
"RXRA","FLNA","PIK3R1"
"RXRA","GAB1","PIK3R1"
"RXRA","GRIPAP1","PIK3R1"
"RXRA","ARRB2","PIK3R1"
"RXRA","PSEN1","PIK3R1"
"RXRA","CD28","PIK3R1"
"RXRA","INPP5D","PIK3R1"
"RXRA","CCNE1","PIK3R1"
"RXRA","MDC1","PIK3R1"
"RXRA","AKAP11","PIK3R1"
"RXRA","YY1","PIK3R1"
"RXRA","RCAN1","PIK3R1"
"RXRA","FRAT1","PIK3R1"
"RXRA","ABI1","PIK3R1"
"RXRA","PCBP2","PIK3R1"
"RXRA","E2F1","PIK3R1"
"RXRA","LRP6","PIK3R1"
"RXRA","GRB14","PIK3R1"
"RXRA","SPEN","PIK3R1"
"RXRA","NOTCH2","PIK3R1"
"RXRA","APC","PIK3R1"
"RXRA","DYNLL1","PIK3R1"
"RXRA","STAT2","PIK3R1"
"RXRA","PLCG2","PIK3R1"
"RXRA","MAPK3","BLM"
"RXRA","MAPK8","BLM"
"RXRA","RPS6K","BLM"
"RXRA","EIF2AK2","BLM"
"RXRA","RPS6KA1","BLM"
"RXRA","STK3","BLM"
"RXRA","MAP3K4","BLM"
"RXRA","NCOR2","BLM"
"RXRA","DEF6","BLM"
"RXRA","SHC1","BLM"
"RXRA","AXIN1","BLM"
"RXRA","CDKN1B","BLM"
"RXRA","SKP2","BLM"
"RXRA","GRIPAP1","BLM"
"RXRA","KHDRBS1","BLM"
"RXRA","CD28","BLM"
"RXRA","NF2","BLM"
"RXRA","MDC1","BLM"
"RXRA","MRE11","BLM"
"RXRA","PCBP2","BLM"
"RXRA","GRB14","BLM"
"RXRA","TIAM1","BLM"
"RXRA","STAT2","BLM"
"RXRA","PLCG2","BLM"
"RXRA","STK3/4","CAD"
"RXRA","PRKCD","CAD"
"RXRA","ACP1","CAD"
"RXRA","RPS6K","CAD"
"RXRA","Gbeta","CAD"
"RXRA","ABL1","CAD"
"RXRA","CHEK1","CAD"
"RXRA","STK3","CAD"
"RXRA","AKT","CAD"
"RXRA","PPP1R1B","CAD"
"RXRA","ITK","CAD"
"RXRA","mTORC1","CAD"
"RXRA","PHLPP1","CAD"
"RXRA","CCAR2","CAD"
"RXRA","NCOR2","CAD"
"RXRA","NBR1","CAD"
"RXRA","CAMKK2","CAD"
"RXRA","SHC1","CAD"
"RXRA","CCNO","CAD"
"RXRA","AXIN1","CAD"
"RXRA","SKP2","CAD"
"RXRA","GAB1","CAD"
"RXRA","GRIP1","CAD"
"RXRA","ARRB2","CAD"
"RXRA","DAXX","CAD"
"RXRA","CD28","CAD"
"RXRA","INPP5D","CAD"
"RXRA","YY1","CAD"
"RXRA","RCAN1","CAD"
"RXRA","FRAT1","CAD"
"RXRA","ROR2","CAD"
"RXRA","E2F1","CAD"
"RXRA","SPEN","CAD"
"RXRA","TIAM1","CAD"
"RXRA","MAPK8","CCNE1"
"RXRA","STK3/4","CCNE1"
"RXRA","CSNK2A1","CCNE1"
"RXRA","RPS6K","CCNE1"
"RXRA","LCK","CCNE1"
"RXRA","ABL1","CCNE1"
"RXRA","RPS6KA1","CCNE1"
"RXRA","MAPK9","CCNE1"
"RXRA","ITK","CCNE1"
"RXRA","PHLPP1","CCNE1"
"RXRA","CAMKK2","CCNE1"
"RXRA","CRK","CCNE1"
"RXRA","CCNO","CCNE1"
"RXRA","AXIN1","CCNE1"
"RXRA","KHDRBS1","CCNE1"
"RXRA","CD28","CCNE1"
"RXRA","PIK3R1","CCNE1"
"RXRA","MDC1","CCNE1"
"RXRA","AKAP11","CCNE1"
"RXRA","RCAN1","CCNE1"
"RXRA","FRAT1","CCNE1"
"RXRA","ABI1","CCNE1"
"RXRA","LRP6","CCNE1"
"RXRA","GRB14","CCNE1"
"RXRA","NOTCH2","CCNE1"
"RXRA","APC","CCNE1"
"RXRA","CHEK1","THRA"
"RXRA","EIF2AK2","THRA"
"RXRA","STK3","THRA"
"RXRA","ITK","THRA"
"RXRA","NBR1","THRA"
"RXRA","CCNO","THRA"
"RXRA","CDKN1B","THRA"
"RXRA","SKP2","THRA"
"RXRA","GAB1","THRA"
"RXRA","KHDRBS1","THRA"
"RXRA","CD28","THRA"
"RXRA","PIK3R1","THRA"
"RXRA","CCNE1","THRA"
"RXRA","NF2","THRA"
"RXRA","RUNX1","THRA"
"RXRA","MDC1","THRA"
"RXRA","AKAP11","THRA"
"RXRA","MRE11","THRA"
"RXRA","ABI1","THRA"
"RXRA","NOTCH2","THRA"
"RXRA","DYNLL1","THRA"
"RXRA","STAT2","THRA"
"RXRA","STK3/4","TNFAIP1"
"RXRA","PRKCD","TNFAIP1"
"RXRA","ACP1","TNFAIP1"
"RXRA","CHEK1","TNFAIP1"
"RXRA","MAPK9","TNFAIP1"
"RXRA","ITK","TNFAIP1"
"RXRA","CCAR2","TNFAIP1"
"RXRA","CAMKK2","TNFAIP1"
"RXRA","SHC1","TNFAIP1"
"RXRA","CCNO","TNFAIP1"
"RXRA","CDKN1B","TNFAIP1"
"RXRA","SKP2","TNFAIP1"
"RXRA","PSEN1","TNFAIP1"
"RXRA","CCNE1","TNFAIP1"
"RXRA","AKAP11","TNFAIP1"
"RXRA","RCAN1","TNFAIP1"
"RXRA","ABI1","TNFAIP1"
"RXRA","PCBP2","TNFAIP1"
"RXRA","GRB14","TNFAIP1"
"RXRA","TIAM1","TNFAIP1"
"RXRA","MAPK3","GNA11"
"RXRA","PRKCD","GNA11"
"RXRA","ACP1","GNA11"
"RXRA","CSNK2A1","GNA11"
"RXRA","CHEK1","GNA11"
"RXRA","MAPKAPK2","GNA11"
"RXRA","mTORC1","GNA11"
"RXRA","PHLPP1","GNA11"
"RXRA","CCAR2","GNA11"
"RXRA","CAMKK2","GNA11"
"RXRA","CRK","GNA11"
"RXRA","SHC1","GNA11"
"RXRA","CCNO","GNA11"
"RXRA","SKP2","GNA11"
"RXRA","FLNA","GNA11"
"RXRA","GRIPAP1","GNA11"
"RXRA","GRIP1","GNA11"
"RXRA","ARRB2","GNA11"
"RXRA","DAXX","GNA11"
"RXRA","PSEN1","GNA11"
"RXRA","INPP5D","GNA11"
"RXRA","RCAN1","GNA11"
"RXRA","E2F1","GNA11"
"RXRA","DYNLL1","GNA11"
"RXRA","RPS6K","PHF8"
"RXRA","ABL1","PHF8"
"RXRA","PPP1R1B","PHF8"
"RXRA","ITK","PHF8"
"RXRA","PHLPP1","PHF8"
"RXRA","NCOR2","PHF8"
"RXRA","DEF6","PHF8"
"RXRA","NBR1","PHF8"
"RXRA","CAMKK2","PHF8"
"RXRA","SHC1","PHF8"
"RXRA","CCNO","PHF8"
"RXRA","CDKN1B","PHF8"
"RXRA","FLNA","PHF8"
"RXRA","KHDRBS1","PHF8"
"RXRA","DAXX","PHF8"
"RXRA","INPP5D","PHF8"
"RXRA","PIK3R1","PHF8"
"RXRA","MDC1","PHF8"
"RXRA","AKAP11","PHF8"
"RXRA","LRP6","PHF8"
"RXRA","TIAM1","PHF8"
"RXRA","NOTCH2","PHF8"
"RXRA","DYNLL1","PHF8"
"RXRA","PRKCD","PPARG"
"RXRA","ACP1","PPARG"
"RXRA","CSNK2A1","PPARG"
"RXRA","LCK","PPARG"
"RXRA","EIF2AK2","PPARG"
"RXRA","STK3","PPARG"
"RXRA","MAP3K4","PPARG"
"RXRA","mTORC1","PPARG"
"RXRA","CCAR2","PPARG"
"RXRA","DEF6","PPARG"
"RXRA","CCNO","PPARG"
"RXRA","SKP2","PPARG"
"RXRA","KHDRBS1","PPARG"
"RXRA","ARRB2","PPARG"
"RXRA","DAXX","PPARG"
"RXRA","PSEN1","PPARG"
"RXRA","CD28","PPARG"
"RXRA","INPP5D","PPARG"
"RXRA","PIK3R1","PPARG"
"RXRA","CCNE1","PPARG"
"RXRA","MDC1","PPARG"
"RXRA","YY1","PPARG"
"RXRA","ROR2","PPARG"
"RXRA","PCBP2","PPARG"
"RXRA","E2F1","PPARG"
"RXRA","LRP6","PPARG"
"RXRA","NOTCH2","PPARG"
"RXRA","PLCG2","PPARG"
"RXRA","MAPK3","PTGES3"
"RXRA","Gbeta","PTGES3"
"RXRA","EIF2AK2","PTGES3"
"RXRA","STK3","PTGES3"
"RXRA","MAP3K4","PTGES3"
"RXRA","NBR1","PTGES3"
"RXRA","SHC1","PTGES3"
"RXRA","CCNO","PTGES3"
"RXRA","AXIN1","PTGES3"
"RXRA","SKP2","PTGES3"
"RXRA","KHDRBS1","PTGES3"
"RXRA","CD28","PTGES3"
"RXRA","NF2","PTGES3"
"RXRA","RUNX1","PTGES3"
"RXRA","MDC1","PTGES3"
"RXRA","YY1","PTGES3"
"RXRA","RCAN1","PTGES3"
"RXRA","ABI1","PTGES3"
"RXRA","LRP6","PTGES3"
"RXRA","SPEN","PTGES3"
"RXRA","NOTCH2","PTGES3"
"RXRA","APC","PTGES3"
"RXRA","STAT2","PTGES3"
"RXRA","MAPK8","NF2"
"RXRA","STK3/4","NF2"
"RXRA","PRKCD","NF2"
"RXRA","ACP1","NF2"
"RXRA","CSNK2A1","NF2"
"RXRA","Gbeta","NF2"
"RXRA","CHEK1","NF2"
"RXRA","RPS6KA1","NF2"
"RXRA","MAPK9","NF2"
"RXRA","ITK","NF2"
"RXRA","mTORC1","NF2"
"RXRA","PHLPP1","NF2"
"RXRA","CCAR2","NF2"
"RXRA","NBR1","NF2"
"RXRA","CRK","NF2"
"RXRA","CCNO","NF2"
"RXRA","GRIPAP1","NF2"
"RXRA","KHDRBS1","NF2"
"RXRA","PSEN1","NF2"
"RXRA","CD28","NF2"
"RXRA","PIK3R1","NF2"
"RXRA","CCNE1","NF2"
"RXRA","RCAN1","NF2"
"RXRA","ABI1","NF2"
"RXRA","PCBP2","NF2"
"RXRA","E2F1","NF2"
"RXRA","TIAM1","NF2"
"RXRA","MAPK3","GRB10"
"RXRA","MAPK8","GRB10"
"RXRA","PRKCD","GRB10"
"RXRA","ABL1","GRB10"
"RXRA","CHEK1","GRB10"
"RXRA","EIF2AK2","GRB10"
"RXRA","MAP3K4","GRB10"
"RXRA","DEF6","GRB10"
"RXRA","CAMKK2","GRB10"
"RXRA","CRK","GRB10"
"RXRA","CCNO","GRB10"
"RXRA","CDKN1B","GRB10"
"RXRA","GAB1","GRB10"
"RXRA","PSEN1","GRB10"
"RXRA","CD28","GRB10"
"RXRA","NF2","GRB10"
"RXRA","MDC1","GRB10"
"RXRA","AKAP11","GRB10"
"RXRA","MRE11","GRB10"
"RXRA","PPP1R8","GRB10"
"RXRA","ROR2","GRB10"
"RXRA","PCBP2","GRB10"
"RXRA","MAPK8","GLI3"
"RXRA","STK3/4","GLI3"
"RXRA","AKT","GLI3"
"RXRA","MAP3K4","GLI3"
"RXRA","mTORC1","GLI3"
"RXRA","PHLPP1","GLI3"
"RXRA","CCAR2","GLI3"
"RXRA","CCNO","GLI3"
"RXRA","AXIN1","GLI3"
"RXRA","CDKN1B","GLI3"
"RXRA","GAB1","GLI3"
"RXRA","GRIPAP1","GLI3"
"RXRA","GRIP1","GLI3"
"RXRA","KHDRBS1","GLI3"
"RXRA","ARRB2","GLI3"
"RXRA","PSEN1","GLI3"
"RXRA","CD28","GLI3"
"RXRA","INPP5D","GLI3"
"RXRA","PIK3R1","GLI3"
"RXRA","NF2","GLI3"
"RXRA","RUNX1","GLI3"
"RXRA","MDC1","GLI3"
"RXRA","AKAP11","GLI3"
"RXRA","YY1","GLI3"
"RXRA","RCAN1","GLI3"
"RXRA","MRE11","GLI3"
"RXRA","FRAT1","GLI3"
"RXRA","PPP1R8","GLI3"
"RXRA","ABI1","GLI3"
"RXRA","PCBP2","GLI3"
"RXRA","E2F1","GLI3"
"RXRA","LRP6","GLI3"
"RXRA","GRB14","GLI3"
"RXRA","TIAM1","GLI3"
"RXRA","NOTCH2","GLI3"
"RXRA","DYNLL1","GLI3"
"RXRA","STAT2","GLI3"
"RXRA","PLCG2","GLI3"
"RXRA","MAPK3","RUNX1"
"RXRA","MAPK8","RUNX1"
"RXRA","STK3/4","RUNX1"
"RXRA","PRKCD","RUNX1"
"RXRA","ACP1","RUNX1"
"RXRA","CSNK2A1","RUNX1"
"RXRA","RPS6K","RUNX1"
"RXRA","Gbeta","RUNX1"
"RXRA","LCK","RUNX1"
"RXRA","ABL1","RUNX1"
"RXRA","CHEK1","RUNX1"
"RXRA","RPS6KA1","RUNX1"
"RXRA","STK3","RUNX1"
"RXRA","AKT","RUNX1"
"RXRA","MAPK9","RUNX1"
"RXRA","PPP1R1B","RUNX1"
"RXRA","MAP3K4","RUNX1"
"RXRA","ITK","RUNX1"
"RXRA","PHLPP1","RUNX1"
"RXRA","CCAR2","RUNX1"
"RXRA","NCOR2","RUNX1"
"RXRA","CDK3","RUNX1"
"RXRA","DEF6","RUNX1"
"RXRA","CRK","RUNX1"
"RXRA","SHC1","RUNX1"
"RXRA","CCNO","RUNX1"
"RXRA","AXIN1","RUNX1"
"RXRA","CDKN1B","RUNX1"
"RXRA","GRIP1","RUNX1"
"RXRA","KHDRBS1","RUNX1"
"RXRA","ARRB2","RUNX1"
"RXRA","NF2","RUNX1"
"RXRA","ABI1","RUNX1"
"RXRA","APC","RUNX1"
"RXRA","DYNLL1","RUNX1"
"RXRA","STAT2","RUNX1"
"RXRA","PRKCD","TCF3"
"RXRA","ACP1","TCF3"
"RXRA","RPS6K","TCF3"
"RXRA","EIF2AK2","TCF3"
"RXRA","RPS6KA1","TCF3"
"RXRA","AKT","TCF3"
"RXRA","MAPK9","TCF3"
"RXRA","mTORC1","TCF3"
"RXRA","PHLPP1","TCF3"
"RXRA","NCOR2","TCF3"
"RXRA","DEF6","TCF3"
"RXRA","CRK","TCF3"
"RXRA","AXIN1","TCF3"
"RXRA","GRIP1","TCF3"
"RXRA","KHDRBS1","TCF3"
"RXRA","ARRB2","TCF3"
"RXRA","CD28","TCF3"
"RXRA","NF2","TCF3"
"RXRA","FRAT1","TCF3"
"RXRA","ROR2","TCF3"
"RXRA","GRB14","TCF3"
"RXRA","SPEN","TCF3"
"RXRA","NOTCH2","TCF3"
"RXRA","PLCG2","TCF3"
"RXRA","MAPK3","MDC1"
"RXRA","STK3/4","MDC1"
"RXRA","RPS6K","MDC1"
"RXRA","EIF2AK2","MDC1"
"RXRA","RPS6KA1","MDC1"
"RXRA","AKT","MDC1"
"RXRA","MAPK9","MDC1"
"RXRA","PPP1R1B","MDC1"
"RXRA","mTORC1","MDC1"
"RXRA","PHLPP1","MDC1"
"RXRA","CCAR2","MDC1"
"RXRA","NCOR2","MDC1"
"RXRA","DEF6","MDC1"
"RXRA","CRK","MDC1"
"RXRA","SHC1","MDC1"
"RXRA","CCNO","MDC1"
"RXRA","AXIN1","MDC1"
"RXRA","SKP2","MDC1"
"RXRA","FLNA","MDC1"
"RXRA","KHDRBS1","MDC1"
"RXRA","ARRB2","MDC1"
"RXRA","DAXX","MDC1"
"RXRA","INPP5D","MDC1"
"RXRA","CCNE1","MDC1"
"RXRA","MRE11","MDC1"
"RXRA","FRAT1","MDC1"
"RXRA","ROR2","MDC1"
"RXRA","ABI1","MDC1"
"RXRA","E2F1","MDC1"
"RXRA","GRB14","MDC1"
"RXRA","SPEN","MDC1"
"RXRA","TIAM1","MDC1"
"RXRA","APC","MDC1"
"RXRA","PLCG2","MDC1"
"RXRA","MAPK3","HDAC4"
"RXRA","STK3/4","HDAC4"
"RXRA","ACP1","HDAC4"
"RXRA","CSNK2A1","HDAC4"
"RXRA","RPS6K","HDAC4"
"RXRA","CHEK1","HDAC4"
"RXRA","MAPK9","HDAC4"
"RXRA","PPP1R1B","HDAC4"
"RXRA","MAPKAPK2","HDAC4"
"RXRA","CCAR2","HDAC4"
"RXRA","AXIN1","HDAC4"
"RXRA","SKP2","HDAC4"
"RXRA","FLNA","HDAC4"
"RXRA","GAB1","HDAC4"
"RXRA","RUNX1","HDAC4"
"RXRA","MRE11","HDAC4"
"RXRA","FRAT1","HDAC4"
"RXRA","PPP1R8","HDAC4"
"RXRA","GRB14","HDAC4"
"RXRA","NOTCH2","HDAC4"
"RXRA","DYNLL1","HDAC4"
"RXRA","STAT2","HDAC4"
"RXRA","PRKCD","AKAP11"
"RXRA","RPS6K","AKAP11"
"RXRA","LCK","AKAP11"
"RXRA","RPS6KA1","AKAP11"
"RXRA","AKT","AKAP11"
"RXRA","PHLPP1","AKAP11"
"RXRA","CDK3","AKAP11"
"RXRA","DEF6","AKAP11"
"RXRA","NBR1","AKAP11"
"RXRA","CDKN1B","AKAP11"
"RXRA","GRIPAP1","AKAP11"
"RXRA","ARRB2","AKAP11"
"RXRA","PSEN1","AKAP11"
"RXRA","YY1","AKAP11"
"RXRA","MRE11","AKAP11"
"RXRA","ROR2","AKAP11"
"RXRA","E2F1","AKAP11"
"RXRA","GRB14","AKAP11"
"RXRA","APC","AKAP11"
"RXRA","PLCG2","AKAP11"
"RXRA","PRKCD","NCOA1"
"RXRA","ACP1","NCOA1"
"RXRA","RPS6K","NCOA1"
"RXRA","MAP3K4","NCOA1"
"RXRA","MAPKAPK2","NCOA1"
"RXRA","ITK","NCOA1"
"RXRA","mTORC1","NCOA1"
"RXRA","PHLPP1","NCOA1"
"RXRA","CCAR2","NCOA1"
"RXRA","NCOR2","NCOA1"
"RXRA","CAMKK2","NCOA1"
"RXRA","SHC1","NCOA1"
"RXRA","FLNA","NCOA1"
"RXRA","GAB1","NCOA1"
"RXRA","GRIPAP1","NCOA1"
"RXRA","GRIP1","NCOA1"
"RXRA","PSEN1","NCOA1"
"RXRA","CCNE1","NCOA1"
"RXRA","RUNX1","NCOA1"
"RXRA","AKAP11","NCOA1"
"RXRA","ROR2","NCOA1"
"RXRA","ABI1","NCOA1"
"RXRA","PCBP2","NCOA1"
"RXRA","SPEN","NCOA1"
"RXRA","DYNLL1","NCOA1"
"RXRA","PLCG2","NCOA1"
"RXRA","MAPK3","KIF5C"
"RXRA","LCK","KIF5C"
"RXRA","ABL1","KIF5C"
"RXRA","CHEK1","KIF5C"
"RXRA","RPS6KA1","KIF5C"
"RXRA","STK3","KIF5C"
"RXRA","ITK","KIF5C"
"RXRA","CCAR2","KIF5C"
"RXRA","NCOR2","KIF5C"
"RXRA","DEF6","KIF5C"
"RXRA","CRK","KIF5C"
"RXRA","CCNO","KIF5C"
"RXRA","CDKN1B","KIF5C"
"RXRA","SKP2","KIF5C"
"RXRA","GRIPAP1","KIF5C"
"RXRA","DAXX","KIF5C"
"RXRA","CD28","KIF5C"
"RXRA","INPP5D","KIF5C"
"RXRA","PIK3R1","KIF5C"
"RXRA","NF2","KIF5C"
"RXRA","RCAN1","KIF5C"
"RXRA","FRAT1","KIF5C"
"RXRA","PPP1R8","KIF5C"
"RXRA","ROR2","KIF5C"
"RXRA","PCBP2","KIF5C"
"RXRA","E2F1","KIF5C"
"RXRA","SPEN","KIF5C"
"RXRA","NOTCH2","KIF5C"
"RXRA","STAT2","KIF5C"
"RXRA","PLCG2","KIF5C"
"RXRA","MAPK3","YY1"
"RXRA","MAPK8","YY1"
"RXRA","STK3/4","YY1"
"RXRA","RPS6K","YY1"
"RXRA","Gbeta","YY1"
"RXRA","LCK","YY1"
"RXRA","EIF2AK2","YY1"
"RXRA","MAPK9","YY1"
"RXRA","MAPKAPK2","YY1"
"RXRA","mTORC1","YY1"
"RXRA","PHLPP1","YY1"
"RXRA","NBR1","YY1"
"RXRA","AXIN1","YY1"
"RXRA","CDKN1B","YY1"
"RXRA","SKP2","YY1"
"RXRA","GRIP1","YY1"
"RXRA","KHDRBS1","YY1"
"RXRA","INPP5D","YY1"
"RXRA","CCNE1","YY1"
"RXRA","AKAP11","YY1"
"RXRA","MRE11","YY1"
"RXRA","FRAT1","YY1"
"RXRA","PPP1R8","YY1"
"RXRA","PCBP2","YY1"
"RXRA","LRP6","YY1"
"RXRA","NOTCH2","YY1"
"RXRA","MAPK8","RCAN1"
"RXRA","ACP1","RCAN1"
"RXRA","CSNK2A1","RCAN1"
"RXRA","ABL1","RCAN1"
"RXRA","CHEK1","RCAN1"
"RXRA","STK3","RCAN1"
"RXRA","AKT","RCAN1"
"RXRA","MAPK9","RCAN1"
"RXRA","MAP3K4","RCAN1"
"RXRA","MAPKAPK2","RCAN1"
"RXRA","mTORC1","RCAN1"
"RXRA","PHLPP1","RCAN1"
"RXRA","CCAR2","RCAN1"
"RXRA","NCOR2","RCAN1"
"RXRA","CDK3","RCAN1"
"RXRA","DEF6","RCAN1"
"RXRA","CAMKK2","RCAN1"
"RXRA","CRK","RCAN1"
"RXRA","SHC1","RCAN1"
"RXRA","CCNO","RCAN1"
"RXRA","AXIN1","RCAN1"
"RXRA","CDKN1B","RCAN1"
"RXRA","FLNA","RCAN1"
"RXRA","GRIPAP1","RCAN1"
"RXRA","KHDRBS1","RCAN1"
"RXRA","PSEN1","RCAN1"
"RXRA","CD28","RCAN1"
"RXRA","PIK3R1","RCAN1"
"RXRA","CCNE1","RCAN1"
"RXRA","RUNX1","RCAN1"
"RXRA","YY1","RCAN1"
"RXRA","MRE11","RCAN1"
"RXRA","PPP1R8","RCAN1"
"RXRA","ABI1","RCAN1"
"RXRA","PCBP2","RCAN1"
"RXRA","E2F1","RCAN1"
"RXRA","GRB14","RCAN1"
"RXRA","SPEN","RCAN1"
"RXRA","TIAM1","RCAN1"
"RXRA","PLCG2","RCAN1"
"RXRA","MAPK8","MDM2"
"RXRA","STK3/4","MDM2"
"RXRA","RPS6K","MDM2"
"RXRA","ABL1","MDM2"
"RXRA","CHEK1","MDM2"
"RXRA","RPS6KA1","MDM2"
"RXRA","MAP3K4","MDM2"
"RXRA","MAPKAPK2","MDM2"
"RXRA","mTORC1","MDM2"
"RXRA","CDK3","MDM2"
"RXRA","CAMKK2","MDM2"
"RXRA","CDKN1B","MDM2"
"RXRA","FLNA","MDM2"
"RXRA","GRIPAP1","MDM2"
"RXRA","GRIP1","MDM2"
"RXRA","INPP5D","MDM2"
"RXRA","NF2","MDM2"
"RXRA","MDC1","MDM2"
"RXRA","AKAP11","MDM2"
"RXRA","RCAN1","MDM2"
"RXRA","MRE11","MDM2"
"RXRA","PPP1R8","MDM2"
"RXRA","ROR2","MDM2"
"RXRA","APC","MDM2"
"RXRA","PLCG2","MDM2"
"RXRA","MAPK3","TOB2"
"RXRA","PRKCD","TOB2"
"RXRA","ACP1","TOB2"
"RXRA","CSNK2A1","TOB2"
"RXRA","ABL1","TOB2"
"RXRA","CHEK1","TOB2"
"RXRA","EIF2AK2","TOB2"
"RXRA","RPS6KA1","TOB2"
"RXRA","STK3","TOB2"
"RXRA","PPP1R1B","TOB2"
"RXRA","MAP3K4","TOB2"
"RXRA","ITK","TOB2"
"RXRA","CCAR2","TOB2"
"RXRA","NCOR2","TOB2"
"RXRA","CDK3","TOB2"
"RXRA","DEF6","TOB2"
"RXRA","NBR1","TOB2"
"RXRA","CAMKK2","TOB2"
"RXRA","SHC1","TOB2"
"RXRA","AXIN1","TOB2"
"RXRA","SKP2","TOB2"
"RXRA","GRIPAP1","TOB2"
"RXRA","GRIP1","TOB2"
"RXRA","ARRB2","TOB2"
"RXRA","DAXX","TOB2"
"RXRA","PSEN1","TOB2"
"RXRA","CD28","TOB2"
"RXRA","INPP5D","TOB2"
"RXRA","PIK3R1","TOB2"
"RXRA","NF2","TOB2"
"RXRA","MDC1","TOB2"
"RXRA","AKAP11","TOB2"
"RXRA","RCAN1","TOB2"
"RXRA","MRE11","TOB2"
"RXRA","FRAT1","TOB2"
"RXRA","E2F1","TOB2"
"RXRA","GRB14","TOB2"
"RXRA","DYNLL1","TOB2"
"RXRA","STAT2","TOB2"
"RXRA","PRKCD","MRE11"
"RXRA","Gbeta","MRE11"
"RXRA","LCK","MRE11"
"RXRA","ABL1","MRE11"
"RXRA","RPS6KA1","MRE11"
"RXRA","MAPK9","MRE11"
"RXRA","PPP1R1B","MRE11"
"RXRA","MAP3K4","MRE11"
"RXRA","MAPKAPK2","MRE11"
"RXRA","NCOR2","MRE11"
"RXRA","CCNO","MRE11"
"RXRA","CDKN1B","MRE11"
"RXRA","KHDRBS1","MRE11"
"RXRA","ARRB2","MRE11"
"RXRA","DAXX","MRE11"
"RXRA","RUNX1","MRE11"
"RXRA","MDC1","MRE11"
"RXRA","ABI1","MRE11"
"RXRA","SPEN","MRE11"
"RXRA","TIAM1","MRE11"
"RXRA","APC","MRE11"
"RXRA","STAT2","MRE11"
"RXRA","MAPK3","FRAT1"
"RXRA","MAPK8","FRAT1"
"RXRA","RPS6K","FRAT1"
"RXRA","CHEK1","FRAT1"
"RXRA","RPS6KA1","FRAT1"
"RXRA","MAP3K4","FRAT1"
"RXRA","mTORC1","FRAT1"
"RXRA","PHLPP1","FRAT1"
"RXRA","CDK3","FRAT1"
"RXRA","NBR1","FRAT1"
"RXRA","CAMKK2","FRAT1"
"RXRA","CCNO","FRAT1"
"RXRA","ARRB2","FRAT1"
"RXRA","CD28","FRAT1"
"RXRA","YY1","FRAT1"
"RXRA","ABI1","FRAT1"
"RXRA","PCBP2","FRAT1"
"RXRA","E2F1","FRAT1"
"RXRA","NOTCH2","FRAT1"
"RXRA","MAPK3","PPP1R8"
"RXRA","STK3/4","PPP1R8"
"RXRA","Gbeta","PPP1R8"
"RXRA","ABL1","PPP1R8"
"RXRA","CHEK1","PPP1R8"
"RXRA","EIF2AK2","PPP1R8"
"RXRA","PPP1R1B","PPP1R8"
"RXRA","mTORC1","PPP1R8"
"RXRA","NBR1","PPP1R8"
"RXRA","SHC1","PPP1R8"
"RXRA","CCNO","PPP1R8"
"RXRA","FLNA","PPP1R8"
"RXRA","GRIP1","PPP1R8"
"RXRA","DAXX","PPP1R8"
"RXRA","CD28","PPP1R8"
"RXRA","PIK3R1","PPP1R8"
"RXRA","NF2","PPP1R8"
"RXRA","AKAP11","PPP1R8"
"RXRA","YY1","PPP1R8"
"RXRA","RCAN1","PPP1R8"
"RXRA","MRE11","PPP1R8"
"RXRA","FRAT1","PPP1R8"
"RXRA","PCBP2","PPP1R8"
"RXRA","GRB14","PPP1R8"
"RXRA","APC","PPP1R8"
"RXRA","MAPK8","HDAC2"
"RXRA","STK3/4","HDAC2"
"RXRA","ABL1","HDAC2"
"RXRA","STK3","HDAC2"
"RXRA","PPP1R1B","HDAC2"
"RXRA","MAP3K4","HDAC2"
"RXRA","ITK","HDAC2"
"RXRA","NCOR2","HDAC2"
"RXRA","CDKN1B","HDAC2"
"RXRA","KHDRBS1","HDAC2"
"RXRA","ARRB2","HDAC2"
"RXRA","PSEN1","HDAC2"
"RXRA","RUNX1","HDAC2"
"RXRA","MDC1","HDAC2"
"RXRA","AKAP11","HDAC2"
"RXRA","YY1","HDAC2"
"RXRA","FRAT1","HDAC2"
"RXRA","PPP1R8","HDAC2"
"RXRA","ROR2","HDAC2"
"RXRA","ABI1","HDAC2"
"RXRA","PCBP2","HDAC2"
"RXRA","E2F1","HDAC2"
"RXRA","GRB14","HDAC2"
"RXRA","SPEN","HDAC2"
"RXRA","DYNLL1","HDAC2"
"RXRA","STAT2","HDAC2"
"RXRA","PLCG2","HDAC2"
"RXRA","STK3/4","WWC1"
"RXRA","CHEK1","WWC1"
"RXRA","EIF2AK2","WWC1"
"RXRA","RPS6KA1","WWC1"
"RXRA","MAPK9","WWC1"
"RXRA","MAP3K4","WWC1"
"RXRA","MAPKAPK2","WWC1"
"RXRA","ITK","WWC1"
"RXRA","CCAR2","WWC1"
"RXRA","DEF6","WWC1"
"RXRA","NBR1","WWC1"
"RXRA","CAMKK2","WWC1"
"RXRA","SHC1","WWC1"
"RXRA","AXIN1","WWC1"
"RXRA","SKP2","WWC1"
"RXRA","FLNA","WWC1"
"RXRA","GAB1","WWC1"
"RXRA","GRIPAP1","WWC1"
"RXRA","PSEN1","WWC1"
"RXRA","INPP5D","WWC1"
"RXRA","PIK3R1","WWC1"
"RXRA","RUNX1","WWC1"
"RXRA","YY1","WWC1"
"RXRA","RCAN1","WWC1"
"RXRA","MRE11","WWC1"
"RXRA","ABI1","WWC1"
"RXRA","PCBP2","WWC1"
"RXRA","LRP6","WWC1"
"RXRA","TIAM1","WWC1"
"RXRA","APC","WWC1"
"RXRA","DYNLL1","WWC1"
"RXRA","MAPK8","MYH9"
"RXRA","ACP1","MYH9"
"RXRA","RPS6K","MYH9"
"RXRA","LCK","MYH9"
"RXRA","MAP3K4","MYH9"
"RXRA","CCAR2","MYH9"
"RXRA","CDK3","MYH9"
"RXRA","CRK","MYH9"
"RXRA","FLNA","MYH9"
"RXRA","GRIPAP1","MYH9"
"RXRA","DAXX","MYH9"
"RXRA","CD28","MYH9"
"RXRA","INPP5D","MYH9"
"RXRA","PIK3R1","MYH9"
"RXRA","MDC1","MYH9"
"RXRA","AKAP11","MYH9"
"RXRA","FRAT1","MYH9"
"RXRA","E2F1","MYH9"
"RXRA","LRP6","MYH9"
"RXRA","TIAM1","MYH9"
"RXRA","NOTCH2","MYH9"
"RXRA","MAPK3","BZLF1"
"RXRA","PRKCD","BZLF1"
"RXRA","ACP1","BZLF1"
"RXRA","CSNK2A1","BZLF1"
"RXRA","CHEK1","BZLF1"
"RXRA","EIF2AK2","BZLF1"
"RXRA","STK3","BZLF1"
"RXRA","AKT","BZLF1"
"RXRA","PPP1R1B","BZLF1"
"RXRA","MAPKAPK2","BZLF1"
"RXRA","ITK","BZLF1"
"RXRA","PHLPP1","BZLF1"
"RXRA","NCOR2","BZLF1"
"RXRA","CDK3","BZLF1"
"RXRA","CRK","BZLF1"
"RXRA","CCNO","BZLF1"
"RXRA","CDKN1B","BZLF1"
"RXRA","SKP2","BZLF1"
"RXRA","GRIPAP1","BZLF1"
"RXRA","GRIP1","BZLF1"
"RXRA","KHDRBS1","BZLF1"
"RXRA","ARRB2","BZLF1"
"RXRA","DAXX","BZLF1"
"RXRA","PSEN1","BZLF1"
"RXRA","NF2","BZLF1"
"RXRA","RCAN1","BZLF1"
"RXRA","MRE11","BZLF1"
"RXRA","PPP1R8","BZLF1"
"RXRA","ROR2","BZLF1"
"RXRA","E2F1","BZLF1"
"RXRA","LRP6","BZLF1"
"RXRA","SPEN","BZLF1"
"RXRA","DYNLL1","BZLF1"
"RXRA","MAPK3","CREB1"
"RXRA","STK3/4","CREB1"
"RXRA","PRKCD","CREB1"
"RXRA","Gbeta","CREB1"
"RXRA","CHEK1","CREB1"
"RXRA","EIF2AK2","CREB1"
"RXRA","RPS6KA1","CREB1"
"RXRA","STK3","CREB1"
"RXRA","AKT","CREB1"
"RXRA","MAPK9","CREB1"
"RXRA","PPP1R1B","CREB1"
"RXRA","ITK","CREB1"
"RXRA","mTORC1","CREB1"
"RXRA","NCOR2","CREB1"
"RXRA","CDK3","CREB1"
"RXRA","NBR1","CREB1"
"RXRA","CAMKK2","CREB1"
"RXRA","SHC1","CREB1"
"RXRA","CCNO","CREB1"
"RXRA","SKP2","CREB1"
"RXRA","FLNA","CREB1"
"RXRA","GRIPAP1","CREB1"
"RXRA","ARRB2","CREB1"
"RXRA","DAXX","CREB1"
"RXRA","PSEN1","CREB1"
"RXRA","CD28","CREB1"
"RXRA","INPP5D","CREB1"
"RXRA","PIK3R1","CREB1"
"RXRA","CCNE1","CREB1"
"RXRA","NF2","CREB1"
"RXRA","AKAP11","CREB1"
"RXRA","RCAN1","CREB1"
"RXRA","MRE11","CREB1"
"RXRA","FRAT1","CREB1"
"RXRA","ROR2","CREB1"
"RXRA","PCBP2","CREB1"
"RXRA","E2F1","CREB1"
"RXRA","LRP6","CREB1"
"RXRA","NOTCH2","CREB1"
"RXRA","MAPK8","H2AC11"
"RXRA","PRKCD","H2AC11"
"RXRA","RPS6K","H2AC11"
"RXRA","Gbeta","H2AC11"
"RXRA","EIF2AK2","H2AC11"
"RXRA","STK3","H2AC11"
"RXRA","PPP1R1B","H2AC11"
"RXRA","PHLPP1","H2AC11"
"RXRA","CCAR2","H2AC11"
"RXRA","CDK3","H2AC11"
"RXRA","GAB1","H2AC11"
"RXRA","GRIP1","H2AC11"
"RXRA","DAXX","H2AC11"
"RXRA","NF2","H2AC11"
"RXRA","RUNX1","H2AC11"
"RXRA","RCAN1","H2AC11"
"RXRA","LRP6","H2AC11"
"RXRA","APC","H2AC11"
"RXRA","DYNLL1","H2AC11"
"RXRA","STAT2","H2AC11"
"RXRA","STK3/4","BRCA1"
"RXRA","PRKCD","BRCA1"
"RXRA","LCK","BRCA1"
"RXRA","ABL1","BRCA1"
"RXRA","CHEK1","BRCA1"
"RXRA","EIF2AK2","BRCA1"
"RXRA","MAPK9","BRCA1"
"RXRA","MAP3K4","BRCA1"
"RXRA","MAPKAPK2","BRCA1"
"RXRA","ITK","BRCA1"
"RXRA","CDK3","BRCA1"
"RXRA","CRK","BRCA1"
"RXRA","SKP2","BRCA1"
"RXRA","GAB1","BRCA1"
"RXRA","KHDRBS1","BRCA1"
"RXRA","ARRB2","BRCA1"
"RXRA","CD28","BRCA1"
"RXRA","PIK3R1","BRCA1"
"RXRA","NF2","BRCA1"
"RXRA","RCAN1","BRCA1"
"RXRA","FRAT1","BRCA1"
"RXRA","ABI1","BRCA1"
"RXRA","E2F1","BRCA1"
"RXRA","TIAM1","BRCA1"
"RXRA","DYNLL1","BRCA1"
"RXRA","STAT2","BRCA1"
"RXRA","MAPK3","PECAM1"
"RXRA","RPS6K","PECAM1"
"RXRA","CHEK1","PECAM1"
"RXRA","EIF2AK2","PECAM1"
"RXRA","PHLPP1","PECAM1"
"RXRA","DEF6","PECAM1"
"RXRA","CAMKK2","PECAM1"
"RXRA","CDKN1B","PECAM1"
"RXRA","SKP2","PECAM1"
"RXRA","GAB1","PECAM1"
"RXRA","KHDRBS1","PECAM1"
"RXRA","PSEN1","PECAM1"
"RXRA","INPP5D","PECAM1"
"RXRA","PIK3R1","PECAM1"
"RXRA","CCNE1","PECAM1"
"RXRA","RUNX1","PECAM1"
"RXRA","RCAN1","PECAM1"
"RXRA","MRE11","PECAM1"
"RXRA","ABI1","PECAM1"
"RXRA","E2F1","PECAM1"
"RXRA","LRP6","PECAM1"
"RXRA","APC","PECAM1"
"RXRA","STAT2","PECAM1"
"RXRA","PLCG2","PECAM1"
"RXRA","MAPK3","CD3"
"RXRA","MAPK8","CD3"
"RXRA","STK3/4","CD3"
"RXRA","ACP1","CD3"
"RXRA","CSNK2A1","CD3"
"RXRA","LCK","CD3"
"RXRA","ABL1","CD3"
"RXRA","EIF2AK2","CD3"
"RXRA","AKT","CD3"
"RXRA","PPP1R1B","CD3"
"RXRA","MAP3K4","CD3"
"RXRA","MAPKAPK2","CD3"
"RXRA","ITK","CD3"
"RXRA","mTORC1","CD3"
"RXRA","PHLPP1","CD3"
"RXRA","NCOR2","CD3"
"RXRA","CDK3","CD3"
"RXRA","DEF6","CD3"
"RXRA","NBR1","CD3"
"RXRA","CAMKK2","CD3"
"RXRA","CCNO","CD3"
"RXRA","AXIN1","CD3"
"RXRA","CDKN1B","CD3"
"RXRA","SKP2","CD3"
"RXRA","FLNA","CD3"
"RXRA","GRIPAP1","CD3"
"RXRA","GRIP1","CD3"
"RXRA","KHDRBS1","CD3"
"RXRA","ARRB2","CD3"
"RXRA","CD28","CD3"
"RXRA","PIK3R1","CD3"
"RXRA","NF2","CD3"
"RXRA","MDC1","CD3"
"RXRA","YY1","CD3"
"RXRA","RCAN1","CD3"
"RXRA","MRE11","CD3"
"RXRA","FRAT1","CD3"
"RXRA","ABI1","CD3"
"RXRA","PCBP2","CD3"
"RXRA","E2F1","CD3"
"RXRA","SPEN","CD3"
"RXRA","NOTCH2","CD3"
"RXRA","APC","CD3"
"RXRA","DYNLL1","CD3"
"RXRA","STAT2","CD3"
"RXRA","MAPK8","SORT1"
"RXRA","ACP1","SORT1"
"RXRA","CSNK2A1","SORT1"
"RXRA","RPS6K","SORT1"
"RXRA","Gbeta","SORT1"
"RXRA","ABL1","SORT1"
"RXRA","CHEK1","SORT1"
"RXRA","EIF2AK2","SORT1"
"RXRA","MAPK9","SORT1"
"RXRA","PPP1R1B","SORT1"
"RXRA","MAPKAPK2","SORT1"
"RXRA","PHLPP1","SORT1"
"RXRA","CAMKK2","SORT1"
"RXRA","CCNO","SORT1"
"RXRA","AXIN1","SORT1"
"RXRA","FLNA","SORT1"
"RXRA","GAB1","SORT1"
"RXRA","GRIPAP1","SORT1"
"RXRA","DAXX","SORT1"
"RXRA","CD28","SORT1"
"RXRA","PIK3R1","SORT1"
"RXRA","CCNE1","SORT1"
"RXRA","RUNX1","SORT1"
"RXRA","ROR2","SORT1"
"RXRA","ABI1","SORT1"
"RXRA","PCBP2","SORT1"
"RXRA","SPEN","SORT1"
"RXRA","PLCG2","SORT1"
"RXRA","CSNK2A1","ROR2"
"RXRA","STK3","ROR2"
"RXRA","AKT","ROR2"
"RXRA","PPP1R1B","ROR2"
"RXRA","MAP3K4","ROR2"
"RXRA","ITK","ROR2"
"RXRA","CAMKK2","ROR2"
"RXRA","GRIPAP1","ROR2"
"RXRA","PIK3R1","ROR2"
"RXRA","RUNX1","ROR2"
"RXRA","MRE11","ROR2"
"RXRA","FRAT1","ROR2"
"RXRA","PPP1R8","ROR2"
"RXRA","LRP6","ROR2"
"RXRA","STAT2","ROR2"
"RXRA","MAPK3","BAG3"
"RXRA","STK3/4","BAG3"
"RXRA","CSNK2A1","BAG3"
"RXRA","LCK","BAG3"
"RXRA","ABL1","BAG3"
"RXRA","STK3","BAG3"
"RXRA","AKT","BAG3"
"RXRA","MAPK9","BAG3"
"RXRA","CCAR2","BAG3"
"RXRA","NBR1","BAG3"
"RXRA","CAMKK2","BAG3"
"RXRA","CRK","BAG3"
"RXRA","GRIPAP1","BAG3"
"RXRA","PSEN1","BAG3"
"RXRA","CD28","BAG3"
"RXRA","INPP5D","BAG3"
"RXRA","RUNX1","BAG3"
"RXRA","FRAT1","BAG3"
"RXRA","ROR2","BAG3"
"RXRA","LRP6","BAG3"
"RXRA","SPEN","BAG3"
"RXRA","TIAM1","BAG3"
"RXRA","NOTCH2","BAG3"
"RXRA","MAPK3","THRB"
"RXRA","ACP1","THRB"
"RXRA","LCK","THRB"
"RXRA","ABL1","THRB"
"RXRA","RPS6KA1","THRB"
"RXRA","STK3","THRB"
"RXRA","MAPKAPK2","THRB"
"RXRA","NCOR2","THRB"
"RXRA","CDK3","THRB"
"RXRA","DEF6","THRB"
"RXRA","NBR1","THRB"
"RXRA","SKP2","THRB"
"RXRA","KHDRBS1","THRB"
"RXRA","PSEN1","THRB"
"RXRA","INPP5D","THRB"
"RXRA","FRAT1","THRB"
"RXRA","PPP1R8","THRB"
"RXRA","E2F1","THRB"
"RXRA","GRB14","THRB"
"RXRA","ACP1","ABI1"
"RXRA","CSNK2A1","ABI1"
"RXRA","CHEK1","ABI1"
"RXRA","RPS6KA1","ABI1"
"RXRA","AKT","ABI1"
"RXRA","MAPK9","ABI1"
"RXRA","MAPKAPK2","ABI1"
"RXRA","PHLPP1","ABI1"
"RXRA","NCOR2","ABI1"
"RXRA","DEF6","ABI1"
"RXRA","AXIN1","ABI1"
"RXRA","CDKN1B","ABI1"
"RXRA","FLNA","ABI1"
"RXRA","GRIP1","ABI1"
"RXRA","KHDRBS1","ABI1"
"RXRA","ARRB2","ABI1"
"RXRA","PIK3R1","ABI1"
"RXRA","YY1","ABI1"
"RXRA","MRE11","ABI1"
"RXRA","PPP1R8","ABI1"
"RXRA","LRP6","ABI1"
"RXRA","NOTCH2","ABI1"
"RXRA","STAT2","ABI1"
"RXRA","MAPK8","CBL"
"RXRA","STK3/4","CBL"
"RXRA","PRKCD","CBL"
"RXRA","RPS6K","CBL"
"RXRA","CHEK1","CBL"
"RXRA","EIF2AK2","CBL"
"RXRA","RPS6KA1","CBL"
"RXRA","STK3","CBL"
"RXRA","MAP3K4","CBL"
"RXRA","ITK","CBL"
"RXRA","mTORC1","CBL"
"RXRA","CCAR2","CBL"
"RXRA","CRK","CBL"
"RXRA","AXIN1","CBL"
"RXRA","CDKN1B","CBL"
"RXRA","SKP2","CBL"
"RXRA","FLNA","CBL"
"RXRA","GAB1","CBL"
"RXRA","GRIPAP1","CBL"
"RXRA","GRIP1","CBL"
"RXRA","NF2","CBL"
"RXRA","RUNX1","CBL"
"RXRA","AKAP11","CBL"
"RXRA","FRAT1","CBL"
"RXRA","PPP1R8","CBL"
"RXRA","E2F1","CBL"
"RXRA","LRP6","CBL"
"RXRA","TIAM1","CBL"
"RXRA","STAT2","CBL"
"RXRA","PLCG2","CBL"
"RXRA","MAPK8","RBBP8"
"RXRA","MAPKAPK2","RBBP8"
"RXRA","mTORC1","RBBP8"
"RXRA","CAMKK2","RBBP8"
"RXRA","CRK","RBBP8"
"RXRA","AXIN1","RBBP8"
"RXRA","GRIP1","RBBP8"
"RXRA","CCNE1","RBBP8"
"RXRA","AKAP11","RBBP8"
"RXRA","YY1","RBBP8"
"RXRA","FRAT1","RBBP8"
"RXRA","E2F1","RBBP8"
"RXRA","GRB14","RBBP8"
"RXRA","SPEN","RBBP8"
"RXRA","STAT2","RBBP8"
"RXRA","STK3/4","PCBP2"
"RXRA","PRKCD","PCBP2"
"RXRA","ACP1","PCBP2"
"RXRA","CSNK2A1","PCBP2"
"RXRA","RPS6KA1","PCBP2"
"RXRA","MAPK9","PCBP2"
"RXRA","mTORC1","PCBP2"
"RXRA","PHLPP1","PCBP2"
"RXRA","CDK3","PCBP2"
"RXRA","DEF6","PCBP2"
"RXRA","GAB1","PCBP2"
"RXRA","ARRB2","PCBP2"
"RXRA","PSEN1","PCBP2"
"RXRA","NF2","PCBP2"
"RXRA","RUNX1","PCBP2"
"RXRA","MDC1","PCBP2"
"RXRA","AKAP11","PCBP2"
"RXRA","MRE11","PCBP2"
"RXRA","ROR2","PCBP2"
"RXRA","SPEN","PCBP2"
"RXRA","STAT2","PCBP2"
"RXRA","PLCG2","PCBP2"
"RXRA","MAPK3","AP1"
"RXRA","CHEK1","AP1"
"RXRA","RPS6KA1","AP1"
"RXRA","PPP1R1B","AP1"
"RXRA","MAPKAPK2","AP1"
"RXRA","ITK","AP1"
"RXRA","mTORC1","AP1"
"RXRA","NBR1","AP1"
"RXRA","SHC1","AP1"
"RXRA","CCNO","AP1"
"RXRA","GRIPAP1","AP1"
"RXRA","ARRB2","AP1"
"RXRA","DAXX","AP1"
"RXRA","PIK3R1","AP1"
"RXRA","CCNE1","AP1"
"RXRA","MDC1","AP1"
"RXRA","YY1","AP1"
"RXRA","FRAT1","AP1"
"RXRA","PPP1R8","AP1"
"RXRA","E2F1","AP1"
"RXRA","GRB14","AP1"
"RXRA","NOTCH2","AP1"
"RXRA","APC","AP1"
"RXRA","MAPK3","SH2B3"
"RXRA","MAPK9","SH2B3"
"RXRA","PPP1R1B","SH2B3"
"RXRA","MAP3K4","SH2B3"
"RXRA","PHLPP1","SH2B3"
"RXRA","SHC1","SH2B3"
"RXRA","FLNA","SH2B3"
"RXRA","GAB1","SH2B3"
"RXRA","GRIPAP1","SH2B3"
"RXRA","CD28","SH2B3"
"RXRA","NF2","SH2B3"
"RXRA","RUNX1","SH2B3"
"RXRA","AKAP11","SH2B3"
"RXRA","MRE11","SH2B3"
"RXRA","FRAT1","SH2B3"
"RXRA","ROR2","SH2B3"
"RXRA","E2F1","SH2B3"
"RXRA","SPEN","SH2B3"
"RXRA","MAPK3","E2F1"
"RXRA","MAPK8","E2F1"
"RXRA","STK3/4","E2F1"
"RXRA","CHEK1","E2F1"
"RXRA","AKT","E2F1"
"RXRA","MAPK9","E2F1"
"RXRA","MAP3K4","E2F1"
"RXRA","ITK","E2F1"
"RXRA","PHLPP1","E2F1"
"RXRA","CCAR2","E2F1"
"RXRA","DEF6","E2F1"
"RXRA","NBR1","E2F1"
"RXRA","CCNO","E2F1"
"RXRA","AXIN1","E2F1"
"RXRA","SKP2","E2F1"
"RXRA","GRIP1","E2F1"
"RXRA","KHDRBS1","E2F1"
"RXRA","ARRB2","E2F1"
"RXRA","CCNE1","E2F1"
"RXRA","NF2","E2F1"
"RXRA","MDC1","E2F1"
"RXRA","ABI1","E2F1"
"RXRA","LRP6","E2F1"
"RXRA","STAT2","E2F1"
"RXRA","PLCG2","E2F1"
"RXRA","STK3/4","DTD1"
"RXRA","PRKCD","DTD1"
"RXRA","ACP1","DTD1"
"RXRA","ABL1","DTD1"
"RXRA","RPS6KA1","DTD1"
"RXRA","PPP1R1B","DTD1"
"RXRA","mTORC1","DTD1"
"RXRA","DEF6","DTD1"
"RXRA","CRK","DTD1"
"RXRA","SKP2","DTD1"
"RXRA","GAB1","DTD1"
"RXRA","KHDRBS1","DTD1"
"RXRA","ARRB2","DTD1"
"RXRA","PIK3R1","DTD1"
"RXRA","YY1","DTD1"
"RXRA","PCBP2","DTD1"
"RXRA","E2F1","DTD1"
"RXRA","LRP6","DTD1"
"RXRA","TIAM1","DTD1"
"RXRA","MAPK3","MYOCD"
"RXRA","ACP1","MYOCD"
"RXRA","Gbeta","MYOCD"
"RXRA","LCK","MYOCD"
"RXRA","CHEK1","MYOCD"
"RXRA","PPP1R1B","MYOCD"
"RXRA","MAP3K4","MYOCD"
"RXRA","ITK","MYOCD"
"RXRA","CCAR2","MYOCD"
"RXRA","CAMKK2","MYOCD"
"RXRA","AXIN1","MYOCD"
"RXRA","CDKN1B","MYOCD"
"RXRA","FLNA","MYOCD"
"RXRA","ARRB2","MYOCD"
"RXRA","DAXX","MYOCD"
"RXRA","PSEN1","MYOCD"
"RXRA","CD28","MYOCD"
"RXRA","PIK3R1","MYOCD"
"RXRA","AKAP11","MYOCD"
"RXRA","YY1","MYOCD"
"RXRA","FRAT1","MYOCD"
"RXRA","PPP1R8","MYOCD"
"RXRA","ROR2","MYOCD"
"RXRA","PCBP2","MYOCD"
"RXRA","E2F1","MYOCD"
"RXRA","GRB14","MYOCD"
"RXRA","NOTCH2","MYOCD"
"RXRA","APC","MYOCD"
"RXRA","MAPK3","WAS"
"RXRA","STK3/4","WAS"
"RXRA","PRKCD","WAS"
"RXRA","RPS6K","WAS"
"RXRA","Gbeta","WAS"
"RXRA","MAPK9","WAS"
"RXRA","MAP3K4","WAS"
"RXRA","mTORC1","WAS"
"RXRA","CDK3","WAS"
"RXRA","DEF6","WAS"
"RXRA","NBR1","WAS"
"RXRA","CAMKK2","WAS"
"RXRA","CCNO","WAS"
"RXRA","CDKN1B","WAS"
"RXRA","GAB1","WAS"
"RXRA","GRIPAP1","WAS"
"RXRA","GRIP1","WAS"
"RXRA","KHDRBS1","WAS"
"RXRA","ARRB2","WAS"
"RXRA","PSEN1","WAS"
"RXRA","CD28","WAS"
"RXRA","PIK3R1","WAS"
"RXRA","CCNE1","WAS"
"RXRA","AKAP11","WAS"
"RXRA","FRAT1","WAS"
"RXRA","PPP1R8","WAS"
"RXRA","PCBP2","WAS"
"RXRA","E2F1","WAS"
"RXRA","LRP6","WAS"
"RXRA","GRB14","WAS"
"RXRA","TIAM1","WAS"
"RXRA","DYNLL1","WAS"
"RXRA","STAT2","WAS"
"RXRA","STK3/4","PARP1"
"RXRA","PRKCD","PARP1"
"RXRA","Gbeta","PARP1"
"RXRA","STK3","PARP1"
"RXRA","AKT","PARP1"
"RXRA","PPP1R1B","PARP1"
"RXRA","MAP3K4","PARP1"
"RXRA","MAPKAPK2","PARP1"
"RXRA","mTORC1","PARP1"
"RXRA","PHLPP1","PARP1"
"RXRA","CCAR2","PARP1"
"RXRA","NCOR2","PARP1"
"RXRA","CDK3","PARP1"
"RXRA","DEF6","PARP1"
"RXRA","CRK","PARP1"
"RXRA","SHC1","PARP1"
"RXRA","AXIN1","PARP1"
"RXRA","GRIPAP1","PARP1"
"RXRA","DAXX","PARP1"
"RXRA","CD28","PARP1"
"RXRA","INPP5D","PARP1"
"RXRA","CCNE1","PARP1"
"RXRA","RUNX1","PARP1"
"RXRA","MDC1","PARP1"
"RXRA","AKAP11","PARP1"
"RXRA","YY1","PARP1"
"RXRA","RCAN1","PARP1"
"RXRA","FRAT1","PARP1"
"RXRA","PPP1R8","PARP1"
"RXRA","PCBP2","PARP1"
"RXRA","GRB14","PARP1"
"RXRA","SPEN","PARP1"
"RXRA","DYNLL1","PARP1"
"RXRA","LCK","CLIP1"
"RXRA","MAPK9","CLIP1"
"RXRA","MAPKAPK2","CLIP1"
"RXRA","NBR1","CLIP1"
"RXRA","CAMKK2","CLIP1"
"RXRA","SHC1","CLIP1"
"RXRA","AXIN1","CLIP1"
"RXRA","GAB1","CLIP1"
"RXRA","GRIPAP1","CLIP1"
"RXRA","ARRB2","CLIP1"
"RXRA","CD28","CLIP1"
"RXRA","ABI1","CLIP1"
"RXRA","GRB14","CLIP1"
"RXRA","TIAM1","CLIP1"
"RXRA","APC","CLIP1"
"RXRA","PLCG2","CLIP1"
"RXRA","STK3/4","FOXA1"
"RXRA","PRKCD","FOXA1"
"RXRA","CSNK2A1","FOXA1"
"RXRA","Gbeta","FOXA1"
"RXRA","ABL1","FOXA1"
"RXRA","EIF2AK2","FOXA1"
"RXRA","STK3","FOXA1"
"RXRA","AKT","FOXA1"
"RXRA","PPP1R1B","FOXA1"
"RXRA","MAP3K4","FOXA1"
"RXRA","PHLPP1","FOXA1"
"RXRA","CCAR2","FOXA1"
"RXRA","NCOR2","FOXA1"
"RXRA","DEF6","FOXA1"
"RXRA","NBR1","FOXA1"
"RXRA","FLNA","FOXA1"
"RXRA","PSEN1","FOXA1"
"RXRA","INPP5D","FOXA1"
"RXRA","NF2","FOXA1"
"RXRA","AKAP11","FOXA1"
"RXRA","RCAN1","FOXA1"
"RXRA","FRAT1","FOXA1"
"RXRA","PPP1R8","FOXA1"
"RXRA","ROR2","FOXA1"
"RXRA","PCBP2","FOXA1"
"RXRA","E2F1","FOXA1"
"RXRA","LRP6","FOXA1"
"RXRA","PLCG2","FOXA1"
"RXRA","MAPK3","LRP6"
"RXRA","CSNK2A1","LRP6"
"RXRA","RPS6K","LRP6"
"RXRA","Gbeta","LRP6"
"RXRA","RPS6KA1","LRP6"
"RXRA","STK3","LRP6"
"RXRA","MAPK9","LRP6"
"RXRA","MAP3K4","LRP6"
"RXRA","MAPKAPK2","LRP6"
"RXRA","ITK","LRP6"
"RXRA","PHLPP1","LRP6"
"RXRA","CCAR2","LRP6"
"RXRA","DEF6","LRP6"
"RXRA","CCNO","LRP6"
"RXRA","CDKN1B","LRP6"
"RXRA","SKP2","LRP6"
"RXRA","FLNA","LRP6"
"RXRA","GRIP1","LRP6"
"RXRA","ARRB2","LRP6"
"RXRA","PSEN1","LRP6"
"RXRA","CD28","LRP6"
"RXRA","INPP5D","LRP6"
"RXRA","PIK3R1","LRP6"
"RXRA","CCNE1","LRP6"
"RXRA","RUNX1","LRP6"
"RXRA","RCAN1","LRP6"
"RXRA","MRE11","LRP6"
"RXRA","PPP1R8","LRP6"
"RXRA","ROR2","LRP6"
"RXRA","ABI1","LRP6"
"RXRA","E2F1","LRP6"
"RXRA","GRB14","LRP6"
"RXRA","DYNLL1","LRP6"
"RXRA","MAPK3","GRB14"
"RXRA","MAPK8","GRB14"
"RXRA","STK3/4","GRB14"
"RXRA","PRKCD","GRB14"
"RXRA","CSNK2A1","GRB14"
"RXRA","RPS6K","GRB14"
"RXRA","LCK","GRB14"
"RXRA","ABL1","GRB14"
"RXRA","RPS6KA1","GRB14"
"RXRA","MAPK9","GRB14"
"RXRA","MAP3K4","GRB14"
"RXRA","MAPKAPK2","GRB14"
"RXRA","PHLPP1","GRB14"
"RXRA","CCAR2","GRB14"
"RXRA","NCOR2","GRB14"
"RXRA","DEF6","GRB14"
"RXRA","SHC1","GRB14"
"RXRA","AXIN1","GRB14"
"RXRA","CDKN1B","GRB14"
"RXRA","SKP2","GRB14"
"RXRA","INPP5D","GRB14"
"RXRA","RUNX1","GRB14"
"RXRA","AKAP11","GRB14"
"RXRA","E2F1","GRB14"
"RXRA","LRP6","GRB14"
"RXRA","TIAM1","GRB14"
"RXRA","APC","GRB14"
"RXRA","DYNLL1","GRB14"
"RXRA","STAT2","GRB14"
"RXRA","PLCG2","GRB14"
"RXRA","MAPK3","ITCH"
"RXRA","STK3/4","ITCH"
"RXRA","Gbeta","ITCH"
"RXRA","CHEK1","ITCH"
"RXRA","STK3","ITCH"
"RXRA","MAP3K4","ITCH"
"RXRA","PHLPP1","ITCH"
"RXRA","CCAR2","ITCH"
"RXRA","CDK3","ITCH"
"RXRA","NBR1","ITCH"
"RXRA","SHC1","ITCH"
"RXRA","SKP2","ITCH"
"RXRA","GAB1","ITCH"
"RXRA","PSEN1","ITCH"
"RXRA","CCNE1","ITCH"
"RXRA","MDC1","ITCH"
"RXRA","YY1","ITCH"
"RXRA","PPP1R8","ITCH"
"RXRA","ABI1","ITCH"
"RXRA","TIAM1","ITCH"
"RXRA","NOTCH2","ITCH"
"RXRA","PLCG2","ITCH"
"RXRA","MAPK3","PRKAR1A"
"RXRA","ACP1","PRKAR1A"
"RXRA","ABL1","PRKAR1A"
"RXRA","RPS6KA1","PRKAR1A"
"RXRA","PPP1R1B","PRKAR1A"
"RXRA","MAP3K4","PRKAR1A"
"RXRA","PHLPP1","PRKAR1A"
"RXRA","CCAR2","PRKAR1A"
"RXRA","NCOR2","PRKAR1A"
"RXRA","DEF6","PRKAR1A"
"RXRA","CAMKK2","PRKAR1A"
"RXRA","CRK","PRKAR1A"
"RXRA","CDKN1B","PRKAR1A"
"RXRA","SKP2","PRKAR1A"
"RXRA","FLNA","PRKAR1A"
"RXRA","GAB1","PRKAR1A"
"RXRA","GRIPAP1","PRKAR1A"
"RXRA","KHDRBS1","PRKAR1A"
"RXRA","DAXX","PRKAR1A"
"RXRA","PSEN1","PRKAR1A"
"RXRA","RUNX1","PRKAR1A"
"RXRA","RCAN1","PRKAR1A"
"RXRA","FRAT1","PRKAR1A"
"RXRA","PPP1R8","PRKAR1A"
"RXRA","ROR2","PRKAR1A"
"RXRA","PCBP2","PRKAR1A"
"RXRA","LRP6","PRKAR1A"
"RXRA","SPEN","PRKAR1A"
"RXRA","TIAM1","PRKAR1A"
"RXRA","PLCG2","PRKAR1A"
"RXRA","MAPK8","SPEN"
"RXRA","PRKCD","SPEN"
"RXRA","CSNK2A1","SPEN"
"RXRA","RPS6K","SPEN"
"RXRA","ERK1/2","SPEN"
"RXRA","LCK","SPEN"
"RXRA","ABL1","SPEN"
"RXRA","RPS6KA1","SPEN"
"RXRA","STK3","SPEN"
"RXRA","AKT","SPEN"
"RXRA","MAPK9","SPEN"
"RXRA","MAPKAPK2","SPEN"
"RXRA","ITK","SPEN"
"RXRA","mTORC1","SPEN"
"RXRA","PHLPP1","SPEN"
"RXRA","CCAR2","SPEN"
"RXRA","CDK3","SPEN"
"RXRA","NBR1","SPEN"
"RXRA","AXIN1","SPEN"
"RXRA","CDKN1B","SPEN"
"RXRA","SKP2","SPEN"
"RXRA","PIK3R1","SPEN"
"RXRA","YY1","SPEN"
"RXRA","MRE11","SPEN"
"RXRA","FRAT1","SPEN"
"RXRA","PCBP2","SPEN"
"RXRA","GRB14","SPEN"
"RXRA","APC","SPEN"
"RXRA","STAT2","SPEN"
"RXRA","PLCG2","SPEN"
"RXRA","ACP1","ARNTL"
"RXRA","CSNK2A1","ARNTL"
"RXRA","RPS6K","ARNTL"
"RXRA","STK3","ARNTL"
"RXRA","MAPK9","ARNTL"
"RXRA","MAPKAPK2","ARNTL"
"RXRA","CCAR2","ARNTL"
"RXRA","NCOR2","ARNTL"
"RXRA","GRIPAP1","ARNTL"
"RXRA","GRIP1","ARNTL"
"RXRA","KHDRBS1","ARNTL"
"RXRA","INPP5D","ARNTL"
"RXRA","PIK3R1","ARNTL"
"RXRA","CCNE1","ARNTL"
"RXRA","NF2","ARNTL"
"RXRA","MRE11","ARNTL"
"RXRA","FRAT1","ARNTL"
"RXRA","ROR2","ARNTL"
"RXRA","ABI1","ARNTL"
"RXRA","PCBP2","ARNTL"
"RXRA","GRB14","ARNTL"
"RXRA","TIAM1","ARNTL"
"RXRA","NOTCH2","ARNTL"
"RXRA","STAT2","ARNTL"
"RXRA","MAPK3","DNM1L"
"RXRA","ACP1","DNM1L"
"RXRA","CSNK2A1","DNM1L"
"RXRA","Gbeta","DNM1L"
"RXRA","LCK","DNM1L"
"RXRA","AKT","DNM1L"
"RXRA","PPP1R1B","DNM1L"
"RXRA","ITK","DNM1L"
"RXRA","mTORC1","DNM1L"
"RXRA","CCAR2","DNM1L"
"RXRA","NCOR2","DNM1L"
"RXRA","DEF6","DNM1L"
"RXRA","SHC1","DNM1L"
"RXRA","CDKN1B","DNM1L"
"RXRA","FLNA","DNM1L"
"RXRA","KHDRBS1","DNM1L"
"RXRA","ARRB2","DNM1L"
"RXRA","DAXX","DNM1L"
"RXRA","PSEN1","DNM1L"
"RXRA","CD28","DNM1L"
"RXRA","INPP5D","DNM1L"
"RXRA","CCNE1","DNM1L"
"RXRA","NF2","DNM1L"
"RXRA","AKAP11","DNM1L"
"RXRA","RCAN1","DNM1L"
"RXRA","MRE11","DNM1L"
"RXRA","FRAT1","DNM1L"
"RXRA","ROR2","DNM1L"
"RXRA","NOTCH2","DNM1L"
"RXRA","APC","DNM1L"
"RXRA","DYNLL1","DNM1L"
"RXRA","STAT2","DNM1L"
"RXRA","PLCG2","DNM1L"
"RXRA","PRKCD","TIAM1"
"RXRA","ACP1","TIAM1"
"RXRA","Gbeta","TIAM1"
"RXRA","LCK","TIAM1"
"RXRA","CHEK1","TIAM1"
"RXRA","EIF2AK2","TIAM1"
"RXRA","RPS6KA1","TIAM1"
"RXRA","STK3","TIAM1"
"RXRA","AKT","TIAM1"
"RXRA","MAPKAPK2","TIAM1"
"RXRA","ITK","TIAM1"
"RXRA","mTORC1","TIAM1"
"RXRA","PHLPP1","TIAM1"
"RXRA","CCAR2","TIAM1"
"RXRA","DEF6","TIAM1"
"RXRA","CAMKK2","TIAM1"
"RXRA","CDKN1B","TIAM1"
"RXRA","FLNA","TIAM1"
"RXRA","INPP5D","TIAM1"
"RXRA","CCNE1","TIAM1"
"RXRA","MDC1","TIAM1"
"RXRA","AKAP11","TIAM1"
"RXRA","YY1","TIAM1"
"RXRA","RCAN1","TIAM1"
"RXRA","PPP1R8","TIAM1"
"RXRA","PCBP2","TIAM1"
"RXRA","GRB14","TIAM1"
"RXRA","PLCG2","TIAM1"
"RXRA","STK3/4","FOS"
"RXRA","PRKCD","FOS"
"RXRA","ABL1","FOS"
"RXRA","STK3","FOS"
"RXRA","MAP3K4","FOS"
"RXRA","ITK","FOS"
"RXRA","CDK3","FOS"
"RXRA","DEF6","FOS"
"RXRA","NBR1","FOS"
"RXRA","CAMKK2","FOS"
"RXRA","CCNO","FOS"
"RXRA","SKP2","FOS"
"RXRA","GAB1","FOS"
"RXRA","GRIPAP1","FOS"
"RXRA","RUNX1","FOS"
"RXRA","AKAP11","FOS"
"RXRA","PPP1R8","FOS"
"RXRA","LRP6","FOS"
"RXRA","SPEN","FOS"
"RXRA","TIAM1","FOS"
"RXRA","APC","FOS"
"RXRA","MAPK8","NOTCH2"
"RXRA","PRKCD","NOTCH2"
"RXRA","Gbeta","NOTCH2"
"RXRA","ABL1","NOTCH2"
"RXRA","EIF2AK2","NOTCH2"
"RXRA","AKT","NOTCH2"
"RXRA","CCAR2","NOTCH2"
"RXRA","NCOR2","NOTCH2"
"RXRA","CAMKK2","NOTCH2"
"RXRA","CRK","NOTCH2"
"RXRA","CCNO","NOTCH2"
"RXRA","SKP2","NOTCH2"
"RXRA","FLNA","NOTCH2"
"RXRA","PSEN1","NOTCH2"
"RXRA","CD28","NOTCH2"
"RXRA","PIK3R1","NOTCH2"
"RXRA","CCNE1","NOTCH2"
"RXRA","NF2","NOTCH2"
"RXRA","RCAN1","NOTCH2"
"RXRA","ROR2","NOTCH2"
"RXRA","LRP6","NOTCH2"
"RXRA","GRB14","NOTCH2"
"RXRA","TIAM1","NOTCH2"
"RXRA","STAT2","NOTCH2"
"RXRA","PLCG2","NOTCH2"
"RXRA","MAPK3","TARBP2"
"RXRA","ACP1","TARBP2"
"RXRA","LCK","TARBP2"
"RXRA","ABL1","TARBP2"
"RXRA","CHEK1","TARBP2"
"RXRA","EIF2AK2","TARBP2"
"RXRA","RPS6KA1","TARBP2"
"RXRA","MAP3K4","TARBP2"
"RXRA","NCOR2","TARBP2"
"RXRA","DEF6","TARBP2"
"RXRA","SHC1","TARBP2"
"RXRA","KHDRBS1","TARBP2"
"RXRA","ARRB2","TARBP2"
"RXRA","PSEN1","TARBP2"
"RXRA","CD28","TARBP2"
"RXRA","PIK3R1","TARBP2"
"RXRA","CCNE1","TARBP2"
"RXRA","MDC1","TARBP2"
"RXRA","ABI1","TARBP2"
"RXRA","E2F1","TARBP2"
"RXRA","TIAM1","TARBP2"
"RXRA","NOTCH2","TARBP2"
"RXRA","APC","TARBP2"
"RXRA","PLCG2","TARBP2"
"RXRA","ACP1","SEC63"
"RXRA","RPS6K","SEC63"
"RXRA","Gbeta","SEC63"
"RXRA","LCK","SEC63"
"RXRA","STK3","SEC63"
"RXRA","AKT","SEC63"
"RXRA","MAPK9","SEC63"
"RXRA","PPP1R1B","SEC63"
"RXRA","MAPKAPK2","SEC63"
"RXRA","mTORC1","SEC63"
"RXRA","PHLPP1","SEC63"
"RXRA","CDK3","SEC63"
"RXRA","NBR1","SEC63"
"RXRA","SHC1","SEC63"
"RXRA","AXIN1","SEC63"
"RXRA","FLNA","SEC63"
"RXRA","GAB1","SEC63"
"RXRA","GRIP1","SEC63"
"RXRA","KHDRBS1","SEC63"
"RXRA","PSEN1","SEC63"
"RXRA","PIK3R1","SEC63"
"RXRA","NF2","SEC63"
"RXRA","RUNX1","SEC63"
"RXRA","AKAP11","SEC63"
"RXRA","YY1","SEC63"
"RXRA","RCAN1","SEC63"
"RXRA","MRE11","SEC63"
"RXRA","E2F1","SEC63"
"RXRA","LRP6","SEC63"
"RXRA","NOTCH2","SEC63"
"RXRA","APC","SEC63"
"RXRA","PLCG2","SEC63"
"RXRA","MAPK8","APC"
"RXRA","ERK1/2","APC"
"RXRA","EIF2AK2","APC"
"RXRA","RPS6KA1","APC"
"RXRA","MAPK9","APC"
"RXRA","ITK","APC"
"RXRA","CCAR2","APC"
"RXRA","NBR1","APC"
"RXRA","SHC1","APC"
"RXRA","CCNO","APC"
"RXRA","CDKN1B","APC"
"RXRA","FLNA","APC"
"RXRA","GRIPAP1","APC"
"RXRA","ARRB2","APC"
"RXRA","CD28","APC"
"RXRA","RUNX1","APC"
"RXRA","MRE11","APC"
"RXRA","PPP1R8","APC"
"RXRA","TIAM1","APC"
"RXRA","DYNLL1","APC"
"RXRA","PRKCD","CHD2"
"RXRA","CSNK2A1","CHD2"
"RXRA","Gbeta","CHD2"
"RXRA","LCK","CHD2"
"RXRA","AKT","CHD2"
"RXRA","CCAR2","CHD2"
"RXRA","CAMKK2","CHD2"
"RXRA","CRK","CHD2"
"RXRA","AXIN1","CHD2"
"RXRA","CDKN1B","CHD2"
"RXRA","GRIP1","CHD2"
"RXRA","DAXX","CHD2"
"RXRA","CD28","CHD2"
"RXRA","PIK3R1","CHD2"
"RXRA","NF2","CHD2"
"RXRA","YY1","CHD2"
"RXRA","PCBP2","CHD2"
"RXRA","DYNLL1","CHD2"
"RXRA","CSNK2A1","MKNK2"
"RXRA","RPS6K","MKNK2"
"RXRA","MAPK9","MKNK2"
"RXRA","PPP1R1B","MKNK2"
"RXRA","ITK","MKNK2"
"RXRA","CCAR2","MKNK2"
"RXRA","NCOR2","MKNK2"
"RXRA","NBR1","MKNK2"
"RXRA","CAMKK2","MKNK2"
"RXRA","SHC1","MKNK2"
"RXRA","CDKN1B","MKNK2"
"RXRA","GAB1","MKNK2"
"RXRA","GRIP1","MKNK2"
"RXRA","KHDRBS1","MKNK2"
"RXRA","ARRB2","MKNK2"
"RXRA","DAXX","MKNK2"
"RXRA","CD28","MKNK2"
"RXRA","NF2","MKNK2"
"RXRA","RUNX1","MKNK2"
"RXRA","MDC1","MKNK2"
"RXRA","AKAP11","MKNK2"
"RXRA","RCAN1","MKNK2"
"RXRA","PPP1R8","MKNK2"
"RXRA","ROR2","MKNK2"
"RXRA","ABI1","MKNK2"
"RXRA","PCBP2","MKNK2"
"RXRA","LRP6","MKNK2"
"RXRA","GRB14","MKNK2"
"RXRA","APC","MKNK2"
"RXRA","DYNLL1","MKNK2"
"RXRA","STAT2","MKNK2"
"RXRA","MAPK8","PPP1R3A"
"RXRA","ABL1","PPP1R3A"
"RXRA","CHEK1","PPP1R3A"
"RXRA","EIF2AK2","PPP1R3A"
"RXRA","RPS6KA1","PPP1R3A"
"RXRA","AKT","PPP1R3A"
"RXRA","PPP1R1B","PPP1R3A"
"RXRA","MAPKAPK2","PPP1R3A"
"RXRA","mTORC1","PPP1R3A"
"RXRA","PHLPP1","PPP1R3A"
"RXRA","CDK3","PPP1R3A"
"RXRA","CAMKK2","PPP1R3A"
"RXRA","CRK","PPP1R3A"
"RXRA","SHC1","PPP1R3A"
"RXRA","GAB1","PPP1R3A"
"RXRA","GRIPAP1","PPP1R3A"
"RXRA","KHDRBS1","PPP1R3A"
"RXRA","CD28","PPP1R3A"
"RXRA","PIK3R1","PPP1R3A"
"RXRA","CCNE1","PPP1R3A"
"RXRA","NF2","PPP1R3A"
"RXRA","RCAN1","PPP1R3A"
"RXRA","MRE11","PPP1R3A"
"RXRA","PCBP2","PPP1R3A"
"RXRA","E2F1","PPP1R3A"
"RXRA","LRP6","PPP1R3A"
"RXRA","DYNLL1","PPP1R3A"
"RXRA","PRKCD","SFPQ"
"RXRA","CSNK2A1","SFPQ"
"RXRA","RPS6KA1","SFPQ"
"RXRA","AKT","SFPQ"
"RXRA","PPP1R1B","SFPQ"
"RXRA","MAP3K4","SFPQ"
"RXRA","mTORC1","SFPQ"
"RXRA","DEF6","SFPQ"
"RXRA","CAMKK2","SFPQ"
"RXRA","CCNO","SFPQ"
"RXRA","AXIN1","SFPQ"
"RXRA","CDKN1B","SFPQ"
"RXRA","GRIPAP1","SFPQ"
"RXRA","PSEN1","SFPQ"
"RXRA","CD28","SFPQ"
"RXRA","CCNE1","SFPQ"
"RXRA","NF2","SFPQ"
"RXRA","RUNX1","SFPQ"
"RXRA","AKAP11","SFPQ"
"RXRA","YY1","SFPQ"
"RXRA","RCAN1","SFPQ"
"RXRA","LRP6","SFPQ"
"RXRA","GRB14","SFPQ"
"RXRA","NOTCH2","SFPQ"
"RXRA","APC","SFPQ"
"RXRA","DYNLL1","SFPQ"
"RXRA","STAT2","SFPQ"
"RXRA","PLCG2","SFPQ"
"RXRA","STK3/4","PTTG1"
"RXRA","PRKCD","PTTG1"
"RXRA","CSNK2A1","PTTG1"
"RXRA","LCK","PTTG1"
"RXRA","EIF2AK2","PTTG1"
"RXRA","AKT","PTTG1"
"RXRA","MAP3K4","PTTG1"
"RXRA","PHLPP1","PTTG1"
"RXRA","CCAR2","PTTG1"
"RXRA","NCOR2","PTTG1"
"RXRA","NBR1","PTTG1"
"RXRA","CRK","PTTG1"
"RXRA","SHC1","PTTG1"
"RXRA","AXIN1","PTTG1"
"RXRA","FLNA","PTTG1"
"RXRA","GRIPAP1","PTTG1"
"RXRA","GRIP1","PTTG1"
"RXRA","PSEN1","PTTG1"
"RXRA","CD28","PTTG1"
"RXRA","CCNE1","PTTG1"
"RXRA","AKAP11","PTTG1"
"RXRA","MRE11","PTTG1"
"RXRA","FRAT1","PTTG1"
"RXRA","ABI1","PTTG1"
"RXRA","E2F1","PTTG1"
"RXRA","LRP6","PTTG1"
"RXRA","TIAM1","PTTG1"
"RXRA","APC","PTTG1"
"RXRA","PRKCD","DYNLL1"
"RXRA","CSNK2A1","DYNLL1"
"RXRA","Gbeta","DYNLL1"
"RXRA","LCK","DYNLL1"
"RXRA","EIF2AK2","DYNLL1"
"RXRA","MAPK9","DYNLL1"
"RXRA","PHLPP1","DYNLL1"
"RXRA","CCAR2","DYNLL1"
"RXRA","NCOR2","DYNLL1"
"RXRA","SHC1","DYNLL1"
"RXRA","AXIN1","DYNLL1"
"RXRA","SKP2","DYNLL1"
"RXRA","KHDRBS1","DYNLL1"
"RXRA","CD28","DYNLL1"
"RXRA","PIK3R1","DYNLL1"
"RXRA","RUNX1","DYNLL1"
"RXRA","YY1","DYNLL1"
"RXRA","MRE11","DYNLL1"
"RXRA","FRAT1","DYNLL1"
"RXRA","ROR2","DYNLL1"
"RXRA","SPEN","DYNLL1"
"RXRA","TIAM1","DYNLL1"
"RXRA","APC","DYNLL1"
"RXRA","PLCG2","DYNLL1"
"RXRA","MAPK3","CEBPB"
"RXRA","STK3/4","CEBPB"
"RXRA","CSNK2A1","CEBPB"
"RXRA","Gbeta","CEBPB"
"RXRA","STK3","CEBPB"
"RXRA","AKT","CEBPB"
"RXRA","MAPK9","CEBPB"
"RXRA","MAPKAPK2","CEBPB"
"RXRA","ITK","CEBPB"
"RXRA","CDK3","CEBPB"
"RXRA","CAMKK2","CEBPB"
"RXRA","CCNO","CEBPB"
"RXRA","CDKN1B","CEBPB"
"RXRA","FLNA","CEBPB"
"RXRA","KHDRBS1","CEBPB"
"RXRA","CD28","CEBPB"
"RXRA","CCNE1","CEBPB"
"RXRA","RUNX1","CEBPB"
"RXRA","RCAN1","CEBPB"
"RXRA","FRAT1","CEBPB"
"RXRA","PPP1R8","CEBPB"
"RXRA","ABI1","CEBPB"
"RXRA","E2F1","CEBPB"
"RXRA","SPEN","CEBPB"
"RXRA","TIAM1","CEBPB"
"RXRA","NOTCH2","CEBPB"
"RXRA","APC","CEBPB"
"RXRA","PLCG2","CEBPB"
"RXRA","MAPK8","BAZ1B"
"RXRA","STK3/4","BAZ1B"
"RXRA","RPS6K","BAZ1B"
"RXRA","Gbeta","BAZ1B"
"RXRA","AKT","BAZ1B"
"RXRA","MAP3K4","BAZ1B"
"RXRA","mTORC1","BAZ1B"
"RXRA","PHLPP1","BAZ1B"
"RXRA","CCAR2","BAZ1B"
"RXRA","CDK3","BAZ1B"
"RXRA","SHC1","BAZ1B"
"RXRA","CCNO","BAZ1B"
"RXRA","FLNA","BAZ1B"
"RXRA","GRIP1","BAZ1B"
"RXRA","ARRB2","BAZ1B"
"RXRA","CD28","BAZ1B"
"RXRA","PIK3R1","BAZ1B"
"RXRA","RUNX1","BAZ1B"
"RXRA","MDC1","BAZ1B"
"RXRA","FRAT1","BAZ1B"
"RXRA","ROR2","BAZ1B"
"RXRA","PCBP2","BAZ1B"
"RXRA","E2F1","BAZ1B"
"RXRA","STAT2","BAZ1B"
"RXRA","PLCG2","BAZ1B"
"RXRA","MAPK3","EIF4B"
"RXRA","STK3/4","EIF4B"
"RXRA","ACP1","EIF4B"
"RXRA","LCK","EIF4B"
"RXRA","RPS6KA1","EIF4B"
"RXRA","AKT","EIF4B"
"RXRA","MAPKAPK2","EIF4B"
"RXRA","ITK","EIF4B"
"RXRA","mTORC1","EIF4B"
"RXRA","PHLPP1","EIF4B"
"RXRA","DEF6","EIF4B"
"RXRA","CRK","EIF4B"
"RXRA","CCNO","EIF4B"
"RXRA","AXIN1","EIF4B"
"RXRA","KHDRBS1","EIF4B"
"RXRA","ARRB2","EIF4B"
"RXRA","PSEN1","EIF4B"
"RXRA","INPP5D","EIF4B"
"RXRA","PIK3R1","EIF4B"
"RXRA","NF2","EIF4B"
"RXRA","MDC1","EIF4B"
"RXRA","AKAP11","EIF4B"
"RXRA","ROR2","EIF4B"
"RXRA","ABI1","EIF4B"
"RXRA","E2F1","EIF4B"
"RXRA","GRB14","EIF4B"
"RXRA","SPEN","EIF4B"
"RXRA","NOTCH2","EIF4B"
"RXRA","APC","EIF4B"
"RXRA","PLCG2","EIF4B"
"RXRA","STK3/4","STAT2"
"RXRA","RPS6K","STAT2"
"RXRA","Gbeta","STAT2"
"RXRA","LCK","STAT2"
"RXRA","STK3","STAT2"
"RXRA","AKT","STAT2"
"RXRA","PPP1R1B","STAT2"
"RXRA","MAP3K4","STAT2"
"RXRA","MAPKAPK2","STAT2"
"RXRA","NCOR2","STAT2"
"RXRA","CRK","STAT2"
"RXRA","SHC1","STAT2"
"RXRA","CCNO","STAT2"
"RXRA","FLNA","STAT2"
"RXRA","GAB1","STAT2"
"RXRA","DAXX","STAT2"
"RXRA","CD28","STAT2"
"RXRA","NF2","STAT2"
"RXRA","MDC1","STAT2"
"RXRA","AKAP11","STAT2"
"RXRA","YY1","STAT2"
"RXRA","PPP1R8","STAT2"
"RXRA","ROR2","STAT2"
"RXRA","E2F1","STAT2"
"RXRA","LRP6","STAT2"
"RXRA","DYNLL1","STAT2"
"RXRA","MAPK8","PLCB1"
"RXRA","STK3/4","PLCB1"
"RXRA","RPS6K","PLCB1"
"RXRA","Gbeta","PLCB1"
"RXRA","ABL1","PLCB1"
"RXRA","CHEK1","PLCB1"
"RXRA","RPS6KA1","PLCB1"
"RXRA","AKT","PLCB1"
"RXRA","PPP1R1B","PLCB1"
"RXRA","DEF6","PLCB1"
"RXRA","NBR1","PLCB1"
"RXRA","CDKN1B","PLCB1"
"RXRA","PSEN1","PLCB1"
"RXRA","PIK3R1","PLCB1"
"RXRA","PCBP2","PLCB1"
"RXRA","TIAM1","PLCB1"
"RXRA","NOTCH2","PLCB1"
"RXRA","APC","PLCB1"
"RXRA","PRKCD","KLF10"
"RXRA","ACP1","KLF10"
"RXRA","CSNK2A1","KLF10"
"RXRA","RPS6K","KLF10"
"RXRA","Gbeta","KLF10"
"RXRA","ABL1","KLF10"
"RXRA","RPS6KA1","KLF10"
"RXRA","STK3","KLF10"
"RXRA","MAP3K4","KLF10"
"RXRA","ITK","KLF10"
"RXRA","mTORC1","KLF10"
"RXRA","PHLPP1","KLF10"
"RXRA","NCOR2","KLF10"
"RXRA","CDK3","KLF10"
"RXRA","NBR1","KLF10"
"RXRA","CRK","KLF10"
"RXRA","SHC1","KLF10"
"RXRA","CCNO","KLF10"
"RXRA","AXIN1","KLF10"
"RXRA","CDKN1B","KLF10"
"RXRA","SKP2","KLF10"
"RXRA","GRIPAP1","KLF10"
"RXRA","GRIP1","KLF10"
"RXRA","ARRB2","KLF10"
"RXRA","DAXX","KLF10"
"RXRA","INPP5D","KLF10"
"RXRA","CCNE1","KLF10"
"RXRA","RUNX1","KLF10"
"RXRA","MDC1","KLF10"
"RXRA","YY1","KLF10"
"RXRA","RCAN1","KLF10"
"RXRA","ROR2","KLF10"
"RXRA","ABI1","KLF10"
"RXRA","PCBP2","KLF10"
"RXRA","SPEN","KLF10"
"RXRA","STAT2","KLF10"
"RXRA","PLCG2","KLF10"
"RXRA","CSNK2A1","CLOCK"
"RXRA","AKT","CLOCK"
"RXRA","PPP1R1B","CLOCK"
"RXRA","MAP3K4","CLOCK"
"RXRA","MAPKAPK2","CLOCK"
"RXRA","CCNO","CLOCK"
"RXRA","GRIP1","CLOCK"
"RXRA","PIK3R1","CLOCK"
"RXRA","CCNE1","CLOCK"
"RXRA","NF2","CLOCK"
"RXRA","YY1","CLOCK"
"RXRA","MRE11","CLOCK"
"RXRA","ROR2","CLOCK"
"RXRA","ABI1","CLOCK"
"RXRA","PCBP2","CLOCK"
"RXRA","E2F1","CLOCK"
"RXRA","LRP6","CLOCK"
"RXRA","SPEN","CLOCK"
"RXRA","TIAM1","CLOCK"
"RXRA","PLCG2","CLOCK"
"RXRA","MAPK8","NCF1"
"RXRA","STK3/4","NCF1"
"RXRA","CSNK2A1","NCF1"
"RXRA","RPS6K","NCF1"
"RXRA","LCK","NCF1"
"RXRA","ABL1","NCF1"
"RXRA","CHEK1","NCF1"
"RXRA","EIF2AK2","NCF1"
"RXRA","AKT","NCF1"
"RXRA","MAPKAPK2","NCF1"
"RXRA","ITK","NCF1"
"RXRA","mTORC1","NCF1"
"RXRA","CCAR2","NCF1"
"RXRA","DEF6","NCF1"
"RXRA","NBR1","NCF1"
"RXRA","AXIN1","NCF1"
"RXRA","FLNA","NCF1"
"RXRA","GAB1","NCF1"
"RXRA","GRIPAP1","NCF1"
"RXRA","GRIP1","NCF1"
"RXRA","KHDRBS1","NCF1"
"RXRA","ARRB2","NCF1"
"RXRA","PSEN1","NCF1"
"RXRA","CD28","NCF1"
"RXRA","PIK3R1","NCF1"
"RXRA","NF2","NCF1"
"RXRA","RUNX1","NCF1"
"RXRA","MDC1","NCF1"
"RXRA","AKAP11","NCF1"
"RXRA","YY1","NCF1"
"RXRA","RCAN1","NCF1"
"RXRA","MRE11","NCF1"
"RXRA","FRAT1","NCF1"
"RXRA","ROR2","NCF1"
"RXRA","ABI1","NCF1"
"RXRA","E2F1","NCF1"
"RXRA","GRB14","NCF1"
"RXRA","TIAM1","NCF1"
"RXRA","DYNLL1","NCF1"
"RXRA","STAT2","NCF1"
"RXRA","PLCG2","NCF1"
"RXRA","MAPK3","PLCG2"
"RXRA","MAPK8","PLCG2"
"RXRA","STK3/4","PLCG2"
"RXRA","PRKCD","PLCG2"
"RXRA","RPS6KA1","PLCG2"
"RXRA","AKT","PLCG2"
"RXRA","MAPK9","PLCG2"
"RXRA","MAPKAPK2","PLCG2"
"RXRA","ITK","PLCG2"
"RXRA","NCOR2","PLCG2"
"RXRA","CDK3","PLCG2"
"RXRA","DEF6","PLCG2"
"RXRA","SHC1","PLCG2"
"RXRA","AXIN1","PLCG2"
"RXRA","FLNA","PLCG2"
"RXRA","GAB1","PLCG2"
"RXRA","INPP5D","PLCG2"
"RXRA","CCNE1","PLCG2"
"RXRA","NF2","PLCG2"
"RXRA","YY1","PLCG2"
"RXRA","RCAN1","PLCG2"
"RXRA","LRP6","PLCG2"
"RXRA","MAPK3","VTN"
"RXRA","MAPK8","VTN"
"RXRA","RPS6K","VTN"
"RXRA","CHEK1","VTN"
"RXRA","AKT","VTN"
"RXRA","ITK","VTN"
"RXRA","mTORC1","VTN"
"RXRA","CCAR2","VTN"
"RXRA","NBR1","VTN"
"RXRA","CCNO","VTN"
"RXRA","CDKN1B","VTN"
"RXRA","SKP2","VTN"
"RXRA","FLNA","VTN"
"RXRA","GAB1","VTN"
"RXRA","KHDRBS1","VTN"
"RXRA","ARRB2","VTN"
"RXRA","PSEN1","VTN"
"RXRA","RUNX1","VTN"
"RXRA","YY1","VTN"
"RXRA","RCAN1","VTN"
"RXRA","FRAT1","VTN"
"RXRA","ROR2","VTN"
"RXRA","PCBP2","VTN"
"RXRA","E2F1","VTN"
"RXRA","NOTCH2","VTN"
"RXRA","DYNLL1","VTN"
"RXRA","STAT2","VTN"
"RXRA","PLCG2","VTN"
"RXRA","MAPK3","MAPT"
"RXRA","STK3/4","MAPT"
"RXRA","PRKCD","MAPT"
"RXRA","CSNK2A1","MAPT"
"RXRA","RPS6K","MAPT"
"RXRA","LCK","MAPT"
"RXRA","EIF2AK2","MAPT"
"RXRA","RPS6KA1","MAPT"
"RXRA","MAPK9","MAPT"
"RXRA","mTORC1","MAPT"
"RXRA","PHLPP1","MAPT"
"RXRA","CCAR2","MAPT"
"RXRA","CRK","MAPT"
"RXRA","SKP2","MAPT"
"RXRA","FLNA","MAPT"
"RXRA","GAB1","MAPT"
"RXRA","GRIPAP1","MAPT"
"RXRA","GRIP1","MAPT"
"RXRA","KHDRBS1","MAPT"
"RXRA","ARRB2","MAPT"
"RXRA","INPP5D","MAPT"
"RXRA","CCNE1","MAPT"
"RXRA","YY1","MAPT"
"RXRA","RCAN1","MAPT"
"RXRA","MRE11","MAPT"
"RXRA","FRAT1","MAPT"
"RXRA","PCBP2","MAPT"
"RXRA","SPEN","MAPT"
"RXRA","NOTCH2","MAPT"
"RXRA","APC","MAPT"
"RXRA","PLCG2","MAPT"
"RXRA","MAPK8","ATF2"
"RXRA","Gbeta","ATF2"
"RXRA","LCK","ATF2"
"RXRA","ABL1","ATF2"
"RXRA","RPS6KA1","ATF2"
"RXRA","STK3","ATF2"
"RXRA","PPP1R1B","ATF2"
"RXRA","ITK","ATF2"
"RXRA","CCAR2","ATF2"
"RXRA","NBR1","ATF2"
"RXRA","CAMKK2","ATF2"
"RXRA","AXIN1","ATF2"
"RXRA","CDKN1B","ATF2"
"RXRA","GAB1","ATF2"
"RXRA","GRIP1","ATF2"
"RXRA","KHDRBS1","ATF2"
"RXRA","ARRB2","ATF2"
"RXRA","PSEN1","ATF2"
"RXRA","MDC1","ATF2"
"RXRA","AKAP11","ATF2"
"RXRA","RCAN1","ATF2"
"RXRA","MRE11","ATF2"
"RXRA","ABI1","ATF2"
"RXRA","LRP6","ATF2"
"RXRA","GRB14","ATF2"
"RXRA","TIAM1","ATF2"
"RXRA","NOTCH2","ATF2"
"RXRA","PLCG2","ATF2"
"RXRA","MAPK3","FOXM1"
"RXRA","MAPK8","FOXM1"
"RXRA","STK3/4","FOXM1"
"RXRA","PRKCD","FOXM1"
"RXRA","ACP1","FOXM1"
"RXRA","RPS6K","FOXM1"
"RXRA","Gbeta","FOXM1"
"RXRA","LCK","FOXM1"
"RXRA","CHEK1","FOXM1"
"RXRA","RPS6KA1","FOXM1"
"RXRA","STK3","FOXM1"
"RXRA","AKT","FOXM1"
"RXRA","PPP1R1B","FOXM1"
"RXRA","MAP3K4","FOXM1"
"RXRA","MAPKAPK2","FOXM1"
"RXRA","ITK","FOXM1"
"RXRA","PHLPP1","FOXM1"
"RXRA","CCAR2","FOXM1"
"RXRA","CAMKK2","FOXM1"
"RXRA","CCNO","FOXM1"
"RXRA","AXIN1","FOXM1"
"RXRA","CDKN1B","FOXM1"
"RXRA","SKP2","FOXM1"
"RXRA","GRIPAP1","FOXM1"
"RXRA","DAXX","FOXM1"
"RXRA","PSEN1","FOXM1"
"RXRA","INPP5D","FOXM1"
"RXRA","PIK3R1","FOXM1"
"RXRA","YY1","FOXM1"
"RXRA","PPP1R8","FOXM1"
"RXRA","ABI1","FOXM1"
"RXRA","LRP6","FOXM1"
"RXRA","GRB14","FOXM1"
"RXRA","NOTCH2","FOXM1"
"RXRA","PLCG2","FOXM1"
"RXRA","STK3/4","ATF1"
"RXRA","PRKCD","ATF1"
"RXRA","ACP1","ATF1"
"RXRA","CSNK2A1","ATF1"
"RXRA","ABL1","ATF1"
"RXRA","PPP1R1B","ATF1"
"RXRA","MAPKAPK2","ATF1"
"RXRA","CCAR2","ATF1"
"RXRA","NCOR2","ATF1"
"RXRA","CDK3","ATF1"
"RXRA","NBR1","ATF1"
"RXRA","CAMKK2","ATF1"
"RXRA","AXIN1","ATF1"
"RXRA","CDKN1B","ATF1"
"RXRA","SKP2","ATF1"
"RXRA","FLNA","ATF1"
"RXRA","GRIP1","ATF1"
"RXRA","DAXX","ATF1"
"RXRA","PSEN1","ATF1"
"RXRA","CD28","ATF1"
"RXRA","INPP5D","ATF1"
"RXRA","PIK3R1","ATF1"
"RXRA","CCNE1","ATF1"
"RXRA","RUNX1","ATF1"
"RXRA","MDC1","ATF1"
"RXRA","AKAP11","ATF1"
"RXRA","RCAN1","ATF1"
"RXRA","MRE11","ATF1"
"RXRA","FRAT1","ATF1"
"RXRA","PPP1R8","ATF1"
"RXRA","PCBP2","ATF1"
"RXRA","E2F1","ATF1"
"RXRA","LRP6","ATF1"
"RXRA","GRB14","ATF1"
"RXRA","NOTCH2","ATF1"
"RXRA","APC","ATF1"
"RXRA","DYNLL1","ATF1"
"RXRA","PLCG2","ATF1"
"RXRA","MAPK3","TCOF1"
"RXRA","PRKCD","TCOF1"
"RXRA","RPS6K","TCOF1"
"RXRA","LCK","TCOF1"
"RXRA","CHEK1","TCOF1"
"RXRA","EIF2AK2","TCOF1"
"RXRA","MAPK9","TCOF1"
"RXRA","PPP1R1B","TCOF1"
"RXRA","mTORC1","TCOF1"
"RXRA","PHLPP1","TCOF1"
"RXRA","CCAR2","TCOF1"
"RXRA","NCOR2","TCOF1"
"RXRA","CAMKK2","TCOF1"
"RXRA","CRK","TCOF1"
"RXRA","AXIN1","TCOF1"
"RXRA","SKP2","TCOF1"
"RXRA","FLNA","TCOF1"
"RXRA","GAB1","TCOF1"
"RXRA","ARRB2","TCOF1"
"RXRA","PSEN1","TCOF1"
"RXRA","CD28","TCOF1"
"RXRA","INPP5D","TCOF1"
"RXRA","CCNE1","TCOF1"
"RXRA","RUNX1","TCOF1"
"RXRA","MDC1","TCOF1"
"RXRA","AKAP11","TCOF1"
"RXRA","MRE11","TCOF1"
"RXRA","FRAT1","TCOF1"
"RXRA","PCBP2","TCOF1"
"RXRA","LRP6","TCOF1"
"RXRA","GRB14","TCOF1"
"RXRA","NOTCH2","TCOF1"
"RXRA","APC","TCOF1"
"RXRA","PLCG2","TCOF1"
"RXRA","MAPK8","ARHGEF2"
"RXRA","PRKCD","ARHGEF2"
"RXRA","ACP1","ARHGEF2"
"RXRA","RPS6K","ARHGEF2"
"RXRA","Gbeta","ARHGEF2"
"RXRA","LCK","ARHGEF2"
"RXRA","MAPKAPK2","ARHGEF2"
"RXRA","mTORC1","ARHGEF2"
"RXRA","CDK3","ARHGEF2"
"RXRA","GAB1","ARHGEF2"
"RXRA","GRIP1","ARHGEF2"
"RXRA","KHDRBS1","ARHGEF2"
"RXRA","ARRB2","ARHGEF2"
"RXRA","AKAP11","ARHGEF2"
"RXRA","RCAN1","ARHGEF2"
"RXRA","E2F1","ARHGEF2"
"RXRA","TIAM1","ARHGEF2"
"RXRA","STK3/4","STAT3"
"RXRA","Gbeta","STAT3"
"RXRA","LCK","STAT3"
"RXRA","ABL1","STAT3"
"RXRA","STK3","STAT3"
"RXRA","AKT","STAT3"
"RXRA","ITK","STAT3"
"RXRA","PHLPP1","STAT3"
"RXRA","DEF6","STAT3"
"RXRA","CAMKK2","STAT3"
"RXRA","CRK","STAT3"
"RXRA","SHC1","STAT3"
"RXRA","FLNA","STAT3"
"RXRA","GRIP1","STAT3"
"RXRA","KHDRBS1","STAT3"
"RXRA","PIK3R1","STAT3"
"RXRA","RUNX1","STAT3"
"RXRA","MDC1","STAT3"
"RXRA","FRAT1","STAT3"
"RXRA","ABI1","STAT3"
"RXRA","PCBP2","STAT3"
"RXRA","E2F1","STAT3"
"RXRA","LRP6","STAT3"
"RXRA","GRB14","STAT3"
"RXRA","SPEN","STAT3"
"RXRA","NOTCH2","STAT3"
"RXRA","PLCG2","STAT3"
"RXRA","MAPK8","CFTR"
"RXRA","STK3/4","CFTR"
"RXRA","PRKCD","CFTR"
"RXRA","Gbeta","CFTR"
"RXRA","LCK","CFTR"
"RXRA","MAP3K4","CFTR"
"RXRA","CCAR2","CFTR"
"RXRA","CDK3","CFTR"
"RXRA","NBR1","CFTR"
"RXRA","CRK","CFTR"
"RXRA","SKP2","CFTR"
"RXRA","GAB1","CFTR"
"RXRA","KHDRBS1","CFTR"
"RXRA","DAXX","CFTR"
"RXRA","PSEN1","CFTR"
"RXRA","INPP5D","CFTR"
"RXRA","PIK3R1","CFTR"
"RXRA","CCNE1","CFTR"
"RXRA","RUNX1","CFTR"
"RXRA","MDC1","CFTR"
"RXRA","ABI1","CFTR"
"RXRA","PCBP2","CFTR"
"RXRA","LRP6","CFTR"
"RXRA","ACP1","POLL"
"RXRA","RPS6K","POLL"
"RXRA","LCK","POLL"
"RXRA","ABL1","POLL"
"RXRA","EIF2AK2","POLL"
"RXRA","AKT","POLL"
"RXRA","ITK","POLL"
"RXRA","mTORC1","POLL"
"RXRA","CCAR2","POLL"
"RXRA","CDK3","POLL"
"RXRA","CRK","POLL"
"RXRA","CCNO","POLL"
"RXRA","ARRB2","POLL"
"RXRA","DAXX","POLL"
"RXRA","PSEN1","POLL"
"RXRA","CD28","POLL"
"RXRA","PIK3R1","POLL"
"RXRA","MDC1","POLL"
"RXRA","AKAP11","POLL"
"RXRA","RCAN1","POLL"
"RXRA","FRAT1","POLL"
"RXRA","PPP1R8","POLL"
"RXRA","ROR2","POLL"
"RXRA","ABI1","POLL"
"RXRA","PCBP2","POLL"
"RXRA","E2F1","POLL"
"RXRA","LRP6","POLL"
"RXRA","SPEN","POLL"
"RXRA","STAT2","POLL"
"RXRA","PLCG2","POLL"
"RXRA","MAPK3","CRX"
"RXRA","STK3/4","CRX"
"RXRA","EIF2AK2","CRX"
"RXRA","RPS6KA1","CRX"
"RXRA","STK3","CRX"
"RXRA","AKT","CRX"
"RXRA","PPP1R1B","CRX"
"RXRA","MAPKAPK2","CRX"
"RXRA","mTORC1","CRX"
"RXRA","CCAR2","CRX"
"RXRA","NCOR2","CRX"
"RXRA","NBR1","CRX"
"RXRA","AXIN1","CRX"
"RXRA","GRIP1","CRX"
"RXRA","KHDRBS1","CRX"
"RXRA","INPP5D","CRX"
"RXRA","MDC1","CRX"
"RXRA","YY1","CRX"
"RXRA","PPP1R8","CRX"
"RXRA","ABI1","CRX"
"RXRA","PCBP2","CRX"
"RXRA","E2F1","CRX"
"RXRA","NOTCH2","CRX"
"RXRA","PLCG2","CRX"
"RXRA","CSNK2A1","STAT5A"
"RXRA","LCK","STAT5A"
"RXRA","ABL1","STAT5A"
"RXRA","EIF2AK2","STAT5A"
"RXRA","STK3","STAT5A"
"RXRA","AKT","STAT5A"
"RXRA","MAP3K4","STAT5A"
"RXRA","ITK","STAT5A"
"RXRA","mTORC1","STAT5A"
"RXRA","CRK","STAT5A"
"RXRA","SHC1","STAT5A"
"RXRA","AXIN1","STAT5A"
"RXRA","CDKN1B","STAT5A"
"RXRA","SKP2","STAT5A"
"RXRA","GRIPAP1","STAT5A"
"RXRA","CD28","STAT5A"
"RXRA","PIK3R1","STAT5A"
"RXRA","CCNE1","STAT5A"
"RXRA","RUNX1","STAT5A"
"RXRA","AKAP11","STAT5A"
"RXRA","MRE11","STAT5A"
"RXRA","FRAT1","STAT5A"
"RXRA","ABI1","STAT5A"
"RXRA","PCBP2","STAT5A"
"RXRA","E2F1","STAT5A"
"RXRA","SPEN","STAT5A"
"RXRA","NOTCH2","STAT5A"
"RXRA","DYNLL1","STAT5A"
"RXRA","PLCG2","STAT5A"
"RXRA","MAPK3","SMURF2"
"RXRA","CHEK1","SMURF2"
"RXRA","MAPK9","SMURF2"
"RXRA","PPP1R1B","SMURF2"
"RXRA","MAPKAPK2","SMURF2"
"RXRA","mTORC1","SMURF2"
"RXRA","NBR1","SMURF2"
"RXRA","CCNO","SMURF2"
"RXRA","AXIN1","SMURF2"
"RXRA","GAB1","SMURF2"
"RXRA","CD28","SMURF2"
"RXRA","MDC1","SMURF2"
"RXRA","AKAP11","SMURF2"
"RXRA","PPP1R8","SMURF2"
"RXRA","ROR2","SMURF2"
"RXRA","ABI1","SMURF2"
"RXRA","TIAM1","SMURF2"
"RXRA","APC","SMURF2"
"RXRA","MAPK3","PFKFB2"
"RXRA","STK3/4","PFKFB2"
"RXRA","ACP1","PFKFB2"
"RXRA","RPS6K","PFKFB2"
"RXRA","STK3","PFKFB2"
"RXRA","PPP1R1B","PFKFB2"
"RXRA","MAP3K4","PFKFB2"
"RXRA","MAPKAPK2","PFKFB2"
"RXRA","CCAR2","PFKFB2"
"RXRA","NCOR2","PFKFB2"
"RXRA","NBR1","PFKFB2"
"RXRA","CCNO","PFKFB2"
"RXRA","AXIN1","PFKFB2"
"RXRA","SKP2","PFKFB2"
"RXRA","GRIPAP1","PFKFB2"
"RXRA","GRIP1","PFKFB2"
"RXRA","KHDRBS1","PFKFB2"
"RXRA","CD28","PFKFB2"
"RXRA","PIK3R1","PFKFB2"
"RXRA","CCNE1","PFKFB2"
"RXRA","RUNX1","PFKFB2"
"RXRA","MDC1","PFKFB2"
"RXRA","AKAP11","PFKFB2"
"RXRA","YY1","PFKFB2"
"RXRA","RCAN1","PFKFB2"
"RXRA","ROR2","PFKFB2"
"RXRA","ABI1","PFKFB2"
"RXRA","E2F1","PFKFB2"
"RXRA","LRP6","PFKFB2"
"RXRA","GRB14","PFKFB2"
"RXRA","TIAM1","PFKFB2"
"RXRA","NOTCH2","PFKFB2"
"RXRA","DYNLL1","PFKFB2"
"RXRA","STAT2","PFKFB2"
"RXRA","MAPK3","Elongin E3-Cul-5"
"RXRA","STK3/4","Elongin E3-Cul-5"
"RXRA","PRKCD","Elongin E3-Cul-5"
"RXRA","ACP1","Elongin E3-Cul-5"
"RXRA","CSNK2A1","Elongin E3-Cul-5"
"RXRA","LCK","Elongin E3-Cul-5"
"RXRA","ABL1","Elongin E3-Cul-5"
"RXRA","RPS6KA1","Elongin E3-Cul-5"
"RXRA","MAPK9","Elongin E3-Cul-5"
"RXRA","MAPKAPK2","Elongin E3-Cul-5"
"RXRA","mTORC1","Elongin E3-Cul-5"
"RXRA","PHLPP1","Elongin E3-Cul-5"
"RXRA","NBR1","Elongin E3-Cul-5"
"RXRA","AXIN1","Elongin E3-Cul-5"
"RXRA","CDKN1B","Elongin E3-Cul-5"
"RXRA","SKP2","Elongin E3-Cul-5"
"RXRA","GRIP1","Elongin E3-Cul-5"
"RXRA","KHDRBS1","Elongin E3-Cul-5"
"RXRA","INPP5D","Elongin E3-Cul-5"
"RXRA","CCNE1","Elongin E3-Cul-5"
"RXRA","AKAP11","Elongin E3-Cul-5"
"RXRA","RCAN1","Elongin E3-Cul-5"
"RXRA","MRE11","Elongin E3-Cul-5"
"RXRA","FRAT1","Elongin E3-Cul-5"
"RXRA","ABI1","Elongin E3-Cul-5"
"RXRA","E2F1","Elongin E3-Cul-5"
"RXRA","TIAM1","Elongin E3-Cul-5"
"RXRA","PLCG2","Elongin E3-Cul-5"
"RXRA","MAPK8","HSPB8"
"RXRA","ACP1","HSPB8"
"RXRA","CSNK2A1","HSPB8"
"RXRA","CHEK1","HSPB8"
"RXRA","STK3","HSPB8"
"RXRA","MAPK9","HSPB8"
"RXRA","NCOR2","HSPB8"
"RXRA","CDK3","HSPB8"
"RXRA","DEF6","HSPB8"
"RXRA","CRK","HSPB8"
"RXRA","SHC1","HSPB8"
"RXRA","AXIN1","HSPB8"
"RXRA","SKP2","HSPB8"
"RXRA","GAB1","HSPB8"
"RXRA","GRIPAP1","HSPB8"
"RXRA","ARRB2","HSPB8"
"RXRA","DAXX","HSPB8"
"RXRA","CD28","HSPB8"
"RXRA","INPP5D","HSPB8"
"RXRA","PIK3R1","HSPB8"
"RXRA","NF2","HSPB8"
"RXRA","MDC1","HSPB8"
"RXRA","ROR2","HSPB8"
"RXRA","ABI1","HSPB8"
"RXRA","SPEN","HSPB8"
"RXRA","TIAM1","HSPB8"
"RXRA","NOTCH2","HSPB8"
"RXRA","DYNLL1","HSPB8"
"RXRA","STAT2","HSPB8"
"RXRA","CSNK2A1","PPARA"
"RXRA","RPS6K","PPARA"
"RXRA","CHEK1","PPARA"
"RXRA","CCAR2","PPARA"
"RXRA","NCOR2","PPARA"
"RXRA","DEF6","PPARA"
"RXRA","SHC1","PPARA"
"RXRA","CCNO","PPARA"
"RXRA","KHDRBS1","PPARA"
"RXRA","CD28","PPARA"
"RXRA","CCNE1","PPARA"
"RXRA","AKAP11","PPARA"
"RXRA","YY1","PPARA"
"RXRA","MRE11","PPARA"
"RXRA","FRAT1","PPARA"
"RXRA","E2F1","PPARA"
"RXRA","NOTCH2","PPARA"
"RXRA","DYNLL1","PPARA"
"RXRA","STAT2","PPARA"
"RXRA","PLCG2","PPARA"
"RXRA","PRKCD","PRPF3"
"RXRA","CHEK1","PRPF3"
"RXRA","RPS6KA1","PRPF3"
"RXRA","PPP1R1B","PRPF3"
"RXRA","DEF6","PRPF3"
"RXRA","CRK","PRPF3"
"RXRA","SHC1","PRPF3"
"RXRA","PSEN1","PRPF3"
"RXRA","MDC1","PRPF3"
"RXRA","E2F1","PRPF3"
"RXRA","LRP6","PRPF3"
"RXRA","APC","PRPF3"
"RXRA","DYNLL1","PRPF3"
"RXRA","STAT2","PRPF3"
"RXRA","STK3/4","SREBF1"
"RXRA","PRKCD","SREBF1"
"RXRA","LCK","SREBF1"
"RXRA","PPP1R1B","SREBF1"
"RXRA","MAP3K4","SREBF1"
"RXRA","MAPKAPK2","SREBF1"
"RXRA","mTORC1","SREBF1"
"RXRA","DEF6","SREBF1"
"RXRA","SHC1","SREBF1"
"RXRA","SKP2","SREBF1"
"RXRA","GRIPAP1","SREBF1"
"RXRA","GRIP1","SREBF1"
"RXRA","DAXX","SREBF1"
"RXRA","PSEN1","SREBF1"
"RXRA","INPP5D","SREBF1"
"RXRA","NF2","SREBF1"
"RXRA","AKAP11","SREBF1"
"RXRA","RCAN1","SREBF1"
"RXRA","MRE11","SREBF1"
"RXRA","ROR2","SREBF1"
"RXRA","E2F1","SREBF1"
"RXRA","TIAM1","SREBF1"
"RXRA","NOTCH2","SREBF1"
"RXRA","APC","SREBF1"
"RXRA","LCK","ELK1"
"RXRA","ABL1","ELK1"
"RXRA","CHEK1","ELK1"
"RXRA","EIF2AK2","ELK1"
"RXRA","STK3","ELK1"
"RXRA","AKT","ELK1"
"RXRA","ITK","ELK1"
"RXRA","NBR1","ELK1"
"RXRA","CRK","ELK1"
"RXRA","SHC1","ELK1"
"RXRA","AXIN1","ELK1"
"RXRA","SKP2","ELK1"
"RXRA","GRIP1","ELK1"
"RXRA","KHDRBS1","ELK1"
"RXRA","ARRB2","ELK1"
"RXRA","PSEN1","ELK1"
"RXRA","CD28","ELK1"
"RXRA","PIK3R1","ELK1"
"RXRA","CCNE1","ELK1"
"RXRA","NF2","ELK1"
"RXRA","RUNX1","ELK1"
"RXRA","MDC1","ELK1"
"RXRA","AKAP11","ELK1"
"RXRA","MRE11","ELK1"
"RXRA","ROR2","ELK1"
"RXRA","ABI1","ELK1"
"RXRA","LRP6","ELK1"
"RXRA","GRB14","ELK1"
"RXRA","SPEN","ELK1"
"RXRA","TIAM1","ELK1"
"RXRA","DYNLL1","ELK1"
"RXRA","MAPK3","MAFA"
"RXRA","MAPK8","MAFA"
"RXRA","ACP1","MAFA"
"RXRA","CSNK2A1","MAFA"
"RXRA","RPS6K","MAFA"
"RXRA","ABL1","MAFA"
"RXRA","CHEK1","MAFA"
"RXRA","EIF2AK2","MAFA"
"RXRA","RPS6KA1","MAFA"
"RXRA","MAPK9","MAFA"
"RXRA","ITK","MAFA"
"RXRA","PHLPP1","MAFA"
"RXRA","CCAR2","MAFA"
"RXRA","CDK3","MAFA"
"RXRA","CAMKK2","MAFA"
"RXRA","CRK","MAFA"
"RXRA","AXIN1","MAFA"
"RXRA","GRIPAP1","MAFA"
"RXRA","ARRB2","MAFA"
"RXRA","INPP5D","MAFA"
"RXRA","PIK3R1","MAFA"
"RXRA","AKAP11","MAFA"
"RXRA","YY1","MAFA"
"RXRA","RCAN1","MAFA"
"RXRA","MRE11","MAFA"
"RXRA","FRAT1","MAFA"
"RXRA","PPP1R8","MAFA"
"RXRA","ROR2","MAFA"
"RXRA","LRP6","MAFA"
"RXRA","SPEN","MAFA"
"RXRA","DYNLL1","MAFA"
"RXRA","STAT2","MAFA"
"RXRA","PLCG2","MAFA"
"RXRA","MAPK3","SF3B1"
"RXRA","MAPK8","SF3B1"
"RXRA","CSNK2A1","SF3B1"
"RXRA","ABL1","SF3B1"
"RXRA","AKT","SF3B1"
"RXRA","ITK","SF3B1"
"RXRA","PHLPP1","SF3B1"
"RXRA","CRK","SF3B1"
"RXRA","AXIN1","SF3B1"
"RXRA","GRIP1","SF3B1"
"RXRA","DAXX","SF3B1"
"RXRA","PSEN1","SF3B1"
"RXRA","RUNX1","SF3B1"
"RXRA","RCAN1","SF3B1"
"RXRA","ROR2","SF3B1"
"RXRA","PCBP2","SF3B1"
"RXRA","TIAM1","SF3B1"
"RXRA","NOTCH2","SF3B1"
"RXRA","APC","SF3B1"
"RXRA","DYNLL1","SF3B1"
"RXRA","MAPK3","CCDC6"
"RXRA","Gbeta","CCDC6"
"RXRA","LCK","CCDC6"
"RXRA","STK3","CCDC6"
"RXRA","ITK","CCDC6"
"RXRA","DEF6","CCDC6"
"RXRA","CRK","CCDC6"
"RXRA","AXIN1","CCDC6"
"RXRA","SKP2","CCDC6"
"RXRA","GRIP1","CCDC6"
"RXRA","RUNX1","CCDC6"
"RXRA","RCAN1","CCDC6"
"RXRA","MRE11","CCDC6"
"RXRA","PPP1R8","CCDC6"
"RXRA","E2F1","CCDC6"
"RXRA","LRP6","CCDC6"
"RXRA","GRB14","CCDC6"
"RXRA","SPEN","CCDC6"
"RXRA","APC","CCDC6"
"RXRA","STK3/4","GLI1"
"RXRA","PRKCD","GLI1"
"RXRA","ACP1","GLI1"
"RXRA","CSNK2A1","GLI1"
"RXRA","RPS6K","GLI1"
"RXRA","RPS6KA1","GLI1"
"RXRA","mTORC1","GLI1"
"RXRA","DEF6","GLI1"
"RXRA","AXIN1","GLI1"
"RXRA","SKP2","GLI1"
"RXRA","GAB1","GLI1"
"RXRA","GRIPAP1","GLI1"
"RXRA","GRIP1","GLI1"
"RXRA","CCNE1","GLI1"
"RXRA","MDC1","GLI1"
"RXRA","RCAN1","GLI1"
"RXRA","PPP1R8","GLI1"
"RXRA","ROR2","GLI1"
"RXRA","ABI1","GLI1"
"RXRA","PCBP2","GLI1"
"RXRA","E2F1","GLI1"
"RXRA","TIAM1","GLI1"
"RXRA","NOTCH2","GLI1"
"RXRA","PLCG2","GLI1"
"RXRA","MAPK8","SLC29A1"
"RXRA","STK3/4","SLC29A1"
"RXRA","ACP1","SLC29A1"
"RXRA","RPS6K","SLC29A1"
"RXRA","LCK","SLC29A1"
"RXRA","CHEK1","SLC29A1"
"RXRA","EIF2AK2","SLC29A1"
"RXRA","AKT","SLC29A1"
"RXRA","MAP3K4","SLC29A1"
"RXRA","MAPKAPK2","SLC29A1"
"RXRA","ITK","SLC29A1"
"RXRA","mTORC1","SLC29A1"
"RXRA","PHLPP1","SLC29A1"
"RXRA","CDK3","SLC29A1"
"RXRA","CAMKK2","SLC29A1"
"RXRA","SHC1","SLC29A1"
"RXRA","CCNO","SLC29A1"
"RXRA","CDKN1B","SLC29A1"
"RXRA","GRIPAP1","SLC29A1"
"RXRA","ARRB2","SLC29A1"
"RXRA","PSEN1","SLC29A1"
"RXRA","PIK3R1","SLC29A1"
"RXRA","CCNE1","SLC29A1"
"RXRA","MRE11","SLC29A1"
"RXRA","PCBP2","SLC29A1"
"RXRA","E2F1","SLC29A1"
"RXRA","LRP6","SLC29A1"
"RXRA","GRB14","SLC29A1"
"RXRA","SPEN","SLC29A1"
"RXRA","TIAM1","SLC29A1"
"RXRA","NOTCH2","SLC29A1"
"RXRA","RPS6K","CTPS1"
"RXRA","LCK","CTPS1"
"RXRA","ABL1","CTPS1"
"RXRA","STK3","CTPS1"
"RXRA","MAP3K4","CTPS1"
"RXRA","MAPKAPK2","CTPS1"
"RXRA","ITK","CTPS1"
"RXRA","mTORC1","CTPS1"
"RXRA","NCOR2","CTPS1"
"RXRA","CDK3","CTPS1"
"RXRA","DEF6","CTPS1"
"RXRA","SHC1","CTPS1"
"RXRA","CCNO","CTPS1"
"RXRA","AXIN1","CTPS1"
"RXRA","CDKN1B","CTPS1"
"RXRA","SKP2","CTPS1"
"RXRA","FLNA","CTPS1"
"RXRA","GAB1","CTPS1"
"RXRA","GRIPAP1","CTPS1"
"RXRA","ARRB2","CTPS1"
"RXRA","PSEN1","CTPS1"
"RXRA","INPP5D","CTPS1"
"RXRA","PIK3R1","CTPS1"
"RXRA","RUNX1","CTPS1"
"RXRA","MDC1","CTPS1"
"RXRA","YY1","CTPS1"
"RXRA","RCAN1","CTPS1"
"RXRA","MRE11","CTPS1"
"RXRA","FRAT1","CTPS1"
"RXRA","ROR2","CTPS1"
"RXRA","ABI1","CTPS1"
"RXRA","GRB14","CTPS1"
"RXRA","SPEN","CTPS1"
"RXRA","TIAM1","CTPS1"
"RXRA","APC","CTPS1"
"RXRA","PLCG2","CTPS1"
"RXRA","MAPK3","UNG"
"RXRA","ACP1","UNG"
"RXRA","CSNK2A1","UNG"
"RXRA","RPS6K","UNG"
"RXRA","LCK","UNG"
"RXRA","ABL1","UNG"
"RXRA","EIF2AK2","UNG"
"RXRA","RPS6KA1","UNG"
"RXRA","STK3","UNG"
"RXRA","MAPK9","UNG"
"RXRA","NCOR2","UNG"
"RXRA","CRK","UNG"
"RXRA","SHC1","UNG"
"RXRA","AXIN1","UNG"
"RXRA","GRIPAP1","UNG"
"RXRA","DAXX","UNG"
"RXRA","PSEN1","UNG"
"RXRA","CD28","UNG"
"RXRA","PIK3R1","UNG"
"RXRA","CCNE1","UNG"
"RXRA","PPP1R8","UNG"
"RXRA","ROR2","UNG"
"RXRA","ABI1","UNG"
"RXRA","PCBP2","UNG"
"RXRA","GRB14","UNG"
"RXRA","TIAM1","UNG"
"RXRA","NOTCH2","UNG"
"RXRA","DYNLL1","UNG"
"RXRA","STAT2","UNG"
"RXRA","STK3/4","DNMT1"
"RXRA","ACP1","DNMT1"
"RXRA","RPS6K","DNMT1"
"RXRA","LCK","DNMT1"
"RXRA","EIF2AK2","DNMT1"
"RXRA","RPS6KA1","DNMT1"
"RXRA","STK3","DNMT1"
"RXRA","MAP3K4","DNMT1"
"RXRA","PHLPP1","DNMT1"
"RXRA","NCOR2","DNMT1"
"RXRA","CCNO","DNMT1"
"RXRA","AXIN1","DNMT1"
"RXRA","FLNA","DNMT1"
"RXRA","GAB1","DNMT1"
"RXRA","CD28","DNMT1"
"RXRA","AKAP11","DNMT1"
"RXRA","YY1","DNMT1"
"RXRA","RCAN1","DNMT1"
"RXRA","FRAT1","DNMT1"
"RXRA","PCBP2","DNMT1"
"RXRA","E2F1","DNMT1"
"RXRA","NOTCH2","DNMT1"
"RXRA","STAT2","DNMT1"
"RXRA","MAPK8","RANBP3"
"RXRA","PRKCD","RANBP3"
"RXRA","CHEK1","RANBP3"
"RXRA","RPS6KA1","RANBP3"
"RXRA","AKT","RANBP3"
"RXRA","MAP3K4","RANBP3"
"RXRA","MAPKAPK2","RANBP3"
"RXRA","mTORC1","RANBP3"
"RXRA","CCAR2","RANBP3"
"RXRA","NCOR2","RANBP3"
"RXRA","CDK3","RANBP3"
"RXRA","CAMKK2","RANBP3"
"RXRA","CRK","RANBP3"
"RXRA","SKP2","RANBP3"
"RXRA","FLNA","RANBP3"
"RXRA","GRIP1","RANBP3"
"RXRA","DAXX","RANBP3"
"RXRA","PIK3R1","RANBP3"
"RXRA","MDC1","RANBP3"
"RXRA","AKAP11","RANBP3"
"RXRA","FRAT1","RANBP3"
"RXRA","ROR2","RANBP3"
"RXRA","ABI1","RANBP3"
"RXRA","E2F1","RANBP3"
"RXRA","LRP6","RANBP3"
"RXRA","GRB14","RANBP3"
"RXRA","SPEN","RANBP3"
"RXRA","NOTCH2","RANBP3"
"RXRA","PLCG2","RANBP3"
"RXRA","MAPK3","TOP1"
"RXRA","STK3/4","TOP1"
"RXRA","ACP1","TOP1"
"RXRA","Gbeta","TOP1"
"RXRA","LCK","TOP1"
"RXRA","ABL1","TOP1"
"RXRA","EIF2AK2","TOP1"
"RXRA","STK3","TOP1"
"RXRA","MAPKAPK2","TOP1"
"RXRA","ITK","TOP1"
"RXRA","mTORC1","TOP1"
"RXRA","CCAR2","TOP1"
"RXRA","NCOR2","TOP1"
"RXRA","DEF6","TOP1"
"RXRA","AXIN1","TOP1"
"RXRA","SKP2","TOP1"
"RXRA","GAB1","TOP1"
"RXRA","ARRB2","TOP1"
"RXRA","DAXX","TOP1"
"RXRA","PSEN1","TOP1"
"RXRA","PIK3R1","TOP1"
"RXRA","RUNX1","TOP1"
"RXRA","MRE11","TOP1"
"RXRA","PCBP2","TOP1"
"RXRA","E2F1","TOP1"
"RXRA","LRP6","TOP1"
"RXRA","APC","TOP1"
"RXRA","MAPK3","DEK"
"RXRA","MAPK8","DEK"
"RXRA","STK3/4","DEK"
"RXRA","RPS6K","DEK"
"RXRA","LCK","DEK"
"RXRA","ABL1","DEK"
"RXRA","CHEK1","DEK"
"RXRA","MAPK9","DEK"
"RXRA","MAPKAPK2","DEK"
"RXRA","ITK","DEK"
"RXRA","NCOR2","DEK"
"RXRA","DEF6","DEK"
"RXRA","NBR1","DEK"
"RXRA","SHC1","DEK"
"RXRA","CCNO","DEK"
"RXRA","CDKN1B","DEK"
"RXRA","GAB1","DEK"
"RXRA","KHDRBS1","DEK"
"RXRA","DAXX","DEK"
"RXRA","PSEN1","DEK"
"RXRA","INPP5D","DEK"
"RXRA","CCNE1","DEK"
"RXRA","AKAP11","DEK"
"RXRA","YY1","DEK"
"RXRA","RCAN1","DEK"
"RXRA","MRE11","DEK"
"RXRA","FRAT1","DEK"
"RXRA","PPP1R8","DEK"
"RXRA","ABI1","DEK"
"RXRA","E2F1","DEK"
"RXRA","LRP6","DEK"
"RXRA","GRB14","DEK"
"RXRA","NOTCH2","DEK"
"RXRA","STAT2","DEK"
"RXRA","PLCG2","DEK"
"RXRA","PRKCD","IRX2"
"RXRA","ACP1","IRX2"
"RXRA","CSNK2A1","IRX2"
"RXRA","LCK","IRX2"
"RXRA","EIF2AK2","IRX2"
"RXRA","STK3","IRX2"
"RXRA","AKT","IRX2"
"RXRA","MAPKAPK2","IRX2"
"RXRA","mTORC1","IRX2"
"RXRA","CDK3","IRX2"
"RXRA","CAMKK2","IRX2"
"RXRA","CCNO","IRX2"
"RXRA","CDKN1B","IRX2"
"RXRA","SKP2","IRX2"
"RXRA","FLNA","IRX2"
"RXRA","KHDRBS1","IRX2"
"RXRA","DAXX","IRX2"
"RXRA","PSEN1","IRX2"
"RXRA","MDC1","IRX2"
"RXRA","AKAP11","IRX2"
"RXRA","PPP1R8","IRX2"
"RXRA","TIAM1","IRX2"
"RXRA","NOTCH2","IRX2"
"RXRA","STAT2","IRX2"
"RXRA","PLCG2","IRX2"
"RXRA","MAPK3","CAPZA1"
"RXRA","MAPK8","CAPZA1"
"RXRA","ACP1","CAPZA1"
"RXRA","RPS6KA1","CAPZA1"
"RXRA","MAPK9","CAPZA1"
"RXRA","MAPKAPK2","CAPZA1"
"RXRA","PHLPP1","CAPZA1"
"RXRA","CCAR2","CAPZA1"
"RXRA","NCOR2","CAPZA1"
"RXRA","CDK3","CAPZA1"
"RXRA","DEF6","CAPZA1"
"RXRA","NBR1","CAPZA1"
"RXRA","CCNO","CAPZA1"
"RXRA","AXIN1","CAPZA1"
"RXRA","SKP2","CAPZA1"
"RXRA","GAB1","CAPZA1"
"RXRA","KHDRBS1","CAPZA1"
"RXRA","DAXX","CAPZA1"
"RXRA","CD28","CAPZA1"
"RXRA","PIK3R1","CAPZA1"
"RXRA","RUNX1","CAPZA1"
"RXRA","AKAP11","CAPZA1"
"RXRA","FRAT1","CAPZA1"
"RXRA","ROR2","CAPZA1"
"RXRA","ABI1","CAPZA1"
"RXRA","E2F1","CAPZA1"
"RXRA","TIAM1","CAPZA1"
"RXRA","STAT2","CAPZA1"
"RXRA","MAPK3","SREBF2"
"RXRA","MAPK8","SREBF2"
"RXRA","PRKCD","SREBF2"
"RXRA","CSNK2A1","SREBF2"
"RXRA","LCK","SREBF2"
"RXRA","EIF2AK2","SREBF2"
"RXRA","RPS6KA1","SREBF2"
"RXRA","STK3","SREBF2"
"RXRA","AKT","SREBF2"
"RXRA","MAPKAPK2","SREBF2"
"RXRA","mTORC1","SREBF2"
"RXRA","NCOR2","SREBF2"
"RXRA","NBR1","SREBF2"
"RXRA","CAMKK2","SREBF2"
"RXRA","CCNO","SREBF2"
"RXRA","AXIN1","SREBF2"
"RXRA","CDKN1B","SREBF2"
"RXRA","SKP2","SREBF2"
"RXRA","FLNA","SREBF2"
"RXRA","GRIP1","SREBF2"
"RXRA","ARRB2","SREBF2"
"RXRA","INPP5D","SREBF2"
"RXRA","RUNX1","SREBF2"
"RXRA","MDC1","SREBF2"
"RXRA","AKAP11","SREBF2"
"RXRA","YY1","SREBF2"
"RXRA","RCAN1","SREBF2"
"RXRA","MRE11","SREBF2"
"RXRA","ROR2","SREBF2"
"RXRA","GRB14","SREBF2"
"RXRA","DYNLL1","SREBF2"
"RXRA","PLCG2","SREBF2"
"RXRA","PRKCD","TEAD4"
"RXRA","ACP1","TEAD4"
"RXRA","CSNK2A1","TEAD4"
"RXRA","Gbeta","TEAD4"
"RXRA","LCK","TEAD4"
"RXRA","CHEK1","TEAD4"
"RXRA","EIF2AK2","TEAD4"
"RXRA","RPS6KA1","TEAD4"
"RXRA","AKT","TEAD4"
"RXRA","PPP1R1B","TEAD4"
"RXRA","MAP3K4","TEAD4"
"RXRA","MAPKAPK2","TEAD4"
"RXRA","PHLPP1","TEAD4"
"RXRA","NCOR2","TEAD4"
"RXRA","CDK3","TEAD4"
"RXRA","CAMKK2","TEAD4"
"RXRA","AXIN1","TEAD4"
"RXRA","SKP2","TEAD4"
"RXRA","FLNA","TEAD4"
"RXRA","GRIP1","TEAD4"
"RXRA","KHDRBS1","TEAD4"
"RXRA","DAXX","TEAD4"
"RXRA","CD28","TEAD4"
"RXRA","INPP5D","TEAD4"
"RXRA","NF2","TEAD4"
"RXRA","RUNX1","TEAD4"
"RXRA","MDC1","TEAD4"
"RXRA","AKAP11","TEAD4"
"RXRA","YY1","TEAD4"
"RXRA","FRAT1","TEAD4"
"RXRA","LRP6","TEAD4"
"RXRA","GRB14","TEAD4"
"RXRA","TIAM1","TEAD4"
"RXRA","APC","TEAD4"
"RXRA","DYNLL1","TEAD4"
"RXRA","STAT2","TEAD4"
"RXRA","MAPK3","CCNB1"
"RXRA","MAPK8","CCNB1"
"RXRA","PRKCD","CCNB1"
"RXRA","CSNK2A1","CCNB1"
"RXRA","LCK","CCNB1"
"RXRA","ABL1","CCNB1"
"RXRA","CHEK1","CCNB1"
"RXRA","RPS6KA1","CCNB1"
"RXRA","AKT","CCNB1"
"RXRA","MAPK9","CCNB1"
"RXRA","MAPKAPK2","CCNB1"
"RXRA","NCOR2","CCNB1"
"RXRA","CDK3","CCNB1"
"RXRA","DEF6","CCNB1"
"RXRA","NBR1","CCNB1"
"RXRA","SHC1","CCNB1"
"RXRA","CCNO","CCNB1"
"RXRA","AXIN1","CCNB1"
"RXRA","CDKN1B","CCNB1"
"RXRA","GRIP1","CCNB1"
"RXRA","KHDRBS1","CCNB1"
"RXRA","INPP5D","CCNB1"
"RXRA","PIK3R1","CCNB1"
"RXRA","RUNX1","CCNB1"
"RXRA","MDC1","CCNB1"
"RXRA","AKAP11","CCNB1"
"RXRA","YY1","CCNB1"
"RXRA","RCAN1","CCNB1"
"RXRA","MRE11","CCNB1"
"RXRA","FRAT1","CCNB1"
"RXRA","PPP1R8","CCNB1"
"RXRA","ABI1","CCNB1"
"RXRA","PCBP2","CCNB1"
"RXRA","E2F1","CCNB1"
"RXRA","GRB14","CCNB1"
"RXRA","TIAM1","CCNB1"
"RXRA","NOTCH2","CCNB1"
"RXRA","APC","CCNB1"
"RXRA","STAT2","CCNB1"
"RXRA","MAPK8","AATF"
"RXRA","PRKCD","AATF"
"RXRA","RPS6K","AATF"
"RXRA","Gbeta","AATF"
"RXRA","CHEK1","AATF"
"RXRA","STK3","AATF"
"RXRA","MAP3K4","AATF"
"RXRA","ITK","AATF"
"RXRA","mTORC1","AATF"
"RXRA","PHLPP1","AATF"
"RXRA","DEF6","AATF"
"RXRA","CRK","AATF"
"RXRA","SHC1","AATF"
"RXRA","GRIPAP1","AATF"
"RXRA","KHDRBS1","AATF"
"RXRA","CD28","AATF"
"RXRA","PIK3R1","AATF"
"RXRA","CCNE1","AATF"
"RXRA","FRAT1","AATF"
"RXRA","SPEN","AATF"
"RXRA","PLCG2","AATF"
"RXRA","STK3/4","SRF"
"RXRA","LCK","SRF"
"RXRA","STK3","SRF"
"RXRA","MAP3K4","SRF"
"RXRA","SHC1","SRF"
"RXRA","CCNO","SRF"
"RXRA","AXIN1","SRF"
"RXRA","CDKN1B","SRF"
"RXRA","SKP2","SRF"
"RXRA","FLNA","SRF"
"RXRA","KHDRBS1","SRF"
"RXRA","PSEN1","SRF"
"RXRA","INPP5D","SRF"
"RXRA","CCNE1","SRF"
"RXRA","NF2","SRF"
"RXRA","RUNX1","SRF"
"RXRA","MDC1","SRF"
"RXRA","AKAP11","SRF"
"RXRA","PPP1R8","SRF"
"RXRA","ROR2","SRF"
"RXRA","LRP6","SRF"
"RXRA","GRB14","SRF"
"RXRA","SPEN","SRF"
"RXRA","TIAM1","SRF"
"RXRA","APC","SRF"
"RXRA","DYNLL1","SRF"
"RXRA","MAPK3","CD3E"
"RXRA","RPS6K","CD3E"
"RXRA","Gbeta","CD3E"
"RXRA","EIF2AK2","CD3E"
"RXRA","RPS6KA1","CD3E"
"RXRA","MAPK9","CD3E"
"RXRA","MAP3K4","CD3E"
"RXRA","MAPKAPK2","CD3E"
"RXRA","ITK","CD3E"
"RXRA","PHLPP1","CD3E"
"RXRA","DEF6","CD3E"
"RXRA","CCNO","CD3E"
"RXRA","GAB1","CD3E"
"RXRA","GRIPAP1","CD3E"
"RXRA","GRIP1","CD3E"
"RXRA","PSEN1","CD3E"
"RXRA","CD28","CD3E"
"RXRA","RUNX1","CD3E"
"RXRA","AKAP11","CD3E"
"RXRA","FRAT1","CD3E"
"RXRA","ROR2","CD3E"
"RXRA","ABI1","CD3E"
"RXRA","PCBP2","CD3E"
"RXRA","TIAM1","CD3E"
"RXRA","STAT2","CD3E"
"RXRA","ACP1","TP73"
"RXRA","ERK1/2","TP73"
"RXRA","Gbeta","TP73"
"RXRA","RPS6KA1","TP73"
"RXRA","MAPK9","TP73"
"RXRA","PPP1R1B","TP73"
"RXRA","MAP3K4","TP73"
"RXRA","MAPKAPK2","TP73"
"RXRA","PHLPP1","TP73"
"RXRA","CCAR2","TP73"
"RXRA","DEF6","TP73"
"RXRA","NBR1","TP73"
"RXRA","CAMKK2","TP73"
"RXRA","CRK","TP73"
"RXRA","SHC1","TP73"
"RXRA","CCNO","TP73"
"RXRA","AXIN1","TP73"
"RXRA","CDKN1B","TP73"
"RXRA","SKP2","TP73"
"RXRA","GRIPAP1","TP73"
"RXRA","KHDRBS1","TP73"
"RXRA","INPP5D","TP73"
"RXRA","PIK3R1","TP73"
"RXRA","CCNE1","TP73"
"RXRA","RUNX1","TP73"
"RXRA","MDC1","TP73"
"RXRA","RCAN1","TP73"
"RXRA","PPP1R8","TP73"
"RXRA","GRB14","TP73"
"RXRA","TIAM1","TP73"
"RXRA","NOTCH2","TP73"
"RXRA","DYNLL1","TP73"
"RXRA","STAT2","TP73"
"RXRA","MAPK3","RANGAP1"
"RXRA","MAPK8","RANGAP1"
"RXRA","RPS6K","RANGAP1"
"RXRA","Gbeta","RANGAP1"
"RXRA","RPS6KA1","RANGAP1"
"RXRA","STK3","RANGAP1"
"RXRA","AKT","RANGAP1"
"RXRA","MAPKAPK2","RANGAP1"
"RXRA","CDK3","RANGAP1"
"RXRA","NBR1","RANGAP1"
"RXRA","CCNO","RANGAP1"
"RXRA","CDKN1B","RANGAP1"
"RXRA","SKP2","RANGAP1"
"RXRA","FLNA","RANGAP1"
"RXRA","GRIP1","RANGAP1"
"RXRA","ARRB2","RANGAP1"
"RXRA","CD28","RANGAP1"
"RXRA","INPP5D","RANGAP1"
"RXRA","AKAP11","RANGAP1"
"RXRA","MRE11","RANGAP1"
"RXRA","FRAT1","RANGAP1"
"RXRA","ROR2","RANGAP1"
"RXRA","E2F1","RANGAP1"
"RXRA","GRB14","RANGAP1"
"RXRA","SPEN","RANGAP1"
"RXRA","NOTCH2","RANGAP1"
"RXRA","APC","RANGAP1"
"RXRA","DYNLL1","RANGAP1"
"RXRA","STAT2","RANGAP1"
"RXRA","MAPK3","ETV1"
"RXRA","ACP1","ETV1"
"RXRA","CSNK2A1","ETV1"
"RXRA","ABL1","ETV1"
"RXRA","EIF2AK2","ETV1"
"RXRA","RPS6KA1","ETV1"
"RXRA","STK3","ETV1"
"RXRA","MAPK9","ETV1"
"RXRA","mTORC1","ETV1"
"RXRA","CDK3","ETV1"
"RXRA","DEF6","ETV1"
"RXRA","NBR1","ETV1"
"RXRA","CAMKK2","ETV1"
"RXRA","SHC1","ETV1"
"RXRA","CCNO","ETV1"
"RXRA","SKP2","ETV1"
"RXRA","KHDRBS1","ETV1"
"RXRA","ARRB2","ETV1"
"RXRA","DAXX","ETV1"
"RXRA","PSEN1","ETV1"
"RXRA","INPP5D","ETV1"
"RXRA","NF2","ETV1"
"RXRA","MDC1","ETV1"
"RXRA","MRE11","ETV1"
"RXRA","PPP1R8","ETV1"
"RXRA","ROR2","ETV1"
"RXRA","E2F1","ETV1"
"RXRA","GRB14","ETV1"
"RXRA","TIAM1","ETV1"
"RXRA","STAT2","ETV1"
"RXRA","PLCG2","ETV1"
"RXRA","MAPK3","PSEN2"
"RXRA","MAPK8","PSEN2"
"RXRA","RPS6K","PSEN2"
"RXRA","Gbeta","PSEN2"
"RXRA","LCK","PSEN2"
"RXRA","ABL1","PSEN2"
"RXRA","CHEK1","PSEN2"
"RXRA","RPS6KA1","PSEN2"
"RXRA","MAP3K4","PSEN2"
"RXRA","MAPKAPK2","PSEN2"
"RXRA","PHLPP1","PSEN2"
"RXRA","CCAR2","PSEN2"
"RXRA","CCNO","PSEN2"
"RXRA","CDKN1B","PSEN2"
"RXRA","SKP2","PSEN2"
"RXRA","GRIP1","PSEN2"
"RXRA","ARRB2","PSEN2"
"RXRA","CD28","PSEN2"
"RXRA","CCNE1","PSEN2"
"RXRA","YY1","PSEN2"
"RXRA","ROR2","PSEN2"
"RXRA","ABI1","PSEN2"
"RXRA","PCBP2","PSEN2"
"RXRA","SPEN","PSEN2"
"RXRA","TIAM1","PSEN2"
"RXRA","PLCG2","PSEN2"
"RXRA","MAPK8","SNAI1"
"RXRA","CSNK2A1","SNAI1"
"RXRA","Gbeta","SNAI1"
"RXRA","LCK","SNAI1"
"RXRA","ABL1","SNAI1"
"RXRA","AKT","SNAI1"
"RXRA","MAP3K4","SNAI1"
"RXRA","MAPKAPK2","SNAI1"
"RXRA","CRK","SNAI1"
"RXRA","SKP2","SNAI1"
"RXRA","GAB1","SNAI1"
"RXRA","GRIPAP1","SNAI1"
"RXRA","KHDRBS1","SNAI1"
"RXRA","CD28","SNAI1"
"RXRA","MDC1","SNAI1"
"RXRA","RCAN1","SNAI1"
"RXRA","FRAT1","SNAI1"
"RXRA","ROR2","SNAI1"
"RXRA","ABI1","SNAI1"
"RXRA","GRB14","SNAI1"
"RXRA","APC","SNAI1"
"RXRA","STAT2","SNAI1"
"RXRA","PLCG2","SNAI1"
"RXRA","MAPK8","METTL3"
"RXRA","STK3/4","METTL3"
"RXRA","CSNK2A1","METTL3"
"RXRA","ABL1","METTL3"
"RXRA","PPP1R1B","METTL3"
"RXRA","MAP3K4","METTL3"
"RXRA","ITK","METTL3"
"RXRA","CDK3","METTL3"
"RXRA","DEF6","METTL3"
"RXRA","AXIN1","METTL3"
"RXRA","CDKN1B","METTL3"
"RXRA","SKP2","METTL3"
"RXRA","KHDRBS1","METTL3"
"RXRA","PIK3R1","METTL3"
"RXRA","CCNE1","METTL3"
"RXRA","NF2","METTL3"
"RXRA","YY1","METTL3"
"RXRA","ROR2","METTL3"
"RXRA","ABI1","METTL3"
"RXRA","E2F1","METTL3"
"RXRA","LRP6","METTL3"
"RXRA","SPEN","METTL3"
"RXRA","TIAM1","METTL3"
"RXRA","MAPK3","GLI2"
"RXRA","ACP1","GLI2"
"RXRA","LCK","GLI2"
"RXRA","EIF2AK2","GLI2"
"RXRA","RPS6KA1","GLI2"
"RXRA","MAPK9","GLI2"
"RXRA","PPP1R1B","GLI2"
"RXRA","MAPKAPK2","GLI2"
"RXRA","PHLPP1","GLI2"
"RXRA","CDK3","GLI2"
"RXRA","NBR1","GLI2"
"RXRA","CAMKK2","GLI2"
"RXRA","CRK","GLI2"
"RXRA","CCNO","GLI2"
"RXRA","FLNA","GLI2"
"RXRA","GAB1","GLI2"
"RXRA","GRIPAP1","GLI2"
"RXRA","GRIP1","GLI2"
"RXRA","KHDRBS1","GLI2"
"RXRA","ARRB2","GLI2"
"RXRA","PSEN1","GLI2"
"RXRA","CD28","GLI2"
"RXRA","PIK3R1","GLI2"
"RXRA","RUNX1","GLI2"
"RXRA","YY1","GLI2"
"RXRA","RCAN1","GLI2"
"RXRA","MRE11","GLI2"
"RXRA","ROR2","GLI2"
"RXRA","ABI1","GLI2"
"RXRA","E2F1","GLI2"
"RXRA","LRP6","GLI2"
"RXRA","TIAM1","GLI2"
"RXRA","DYNLL1","GLI2"
"RXRA","PLCG2","GLI2"
"RXRA","MAPK3","KIR3DL1"
"RXRA","STK3/4","KIR3DL1"
"RXRA","PRKCD","KIR3DL1"
"RXRA","ACP1","KIR3DL1"
"RXRA","Gbeta","KIR3DL1"
"RXRA","EIF2AK2","KIR3DL1"
"RXRA","RPS6KA1","KIR3DL1"
"RXRA","STK3","KIR3DL1"
"RXRA","AKT","KIR3DL1"
"RXRA","PPP1R1B","KIR3DL1"
"RXRA","MAPKAPK2","KIR3DL1"
"RXRA","ITK","KIR3DL1"
"RXRA","CCAR2","KIR3DL1"
"RXRA","CDK3","KIR3DL1"
"RXRA","CAMKK2","KIR3DL1"
"RXRA","CRK","KIR3DL1"
"RXRA","SHC1","KIR3DL1"
"RXRA","CCNO","KIR3DL1"
"RXRA","CDKN1B","KIR3DL1"
"RXRA","SKP2","KIR3DL1"
"RXRA","GAB1","KIR3DL1"
"RXRA","GRIPAP1","KIR3DL1"
"RXRA","GRIP1","KIR3DL1"
"RXRA","ARRB2","KIR3DL1"
"RXRA","CD28","KIR3DL1"
"RXRA","PIK3R1","KIR3DL1"
"RXRA","CCNE1","KIR3DL1"
"RXRA","MDC1","KIR3DL1"
"RXRA","MRE11","KIR3DL1"
"RXRA","PPP1R8","KIR3DL1"
"RXRA","E2F1","KIR3DL1"
"RXRA","LRP6","KIR3DL1"
"RXRA","NOTCH2","KIR3DL1"
"RXRA","APC","KIR3DL1"
"RXRA","DYNLL1","KIR3DL1"
"RXRA","STAT2","KIR3DL1"
"RXRA","PLCG2","KIR3DL1"
"RXRA","MAPK8","NFATC4"
"RXRA","ACP1","NFATC4"
"RXRA","Gbeta","NFATC4"
"RXRA","RPS6KA1","NFATC4"
"RXRA","MAPKAPK2","NFATC4"
"RXRA","ITK","NFATC4"
"RXRA","PHLPP1","NFATC4"
"RXRA","CAMKK2","NFATC4"
"RXRA","CRK","NFATC4"
"RXRA","AXIN1","NFATC4"
"RXRA","CDKN1B","NFATC4"
"RXRA","DAXX","NFATC4"
"RXRA","PSEN1","NFATC4"
"RXRA","CCNE1","NFATC4"
"RXRA","NF2","NFATC4"
"RXRA","ABI1","NFATC4"
"RXRA","E2F1","NFATC4"
"RXRA","LRP6","NFATC4"
"RXRA","GRB14","NFATC4"
"RXRA","SPEN","NFATC4"
"RXRA","MAPK3","HIRA"
"RXRA","ACP1","HIRA"
"RXRA","LCK","HIRA"
"RXRA","ABL1","HIRA"
"RXRA","CHEK1","HIRA"
"RXRA","STK3","HIRA"
"RXRA","AKT","HIRA"
"RXRA","MAPKAPK2","HIRA"
"RXRA","CDK3","HIRA"
"RXRA","NBR1","HIRA"
"RXRA","FLNA","HIRA"
"RXRA","KHDRBS1","HIRA"
"RXRA","DAXX","HIRA"
"RXRA","CD28","HIRA"
"RXRA","PIK3R1","HIRA"
"RXRA","MRE11","HIRA"
"RXRA","ROR2","HIRA"
"RXRA","ABI1","HIRA"
"RXRA","PCBP2","HIRA"
"RXRA","SPEN","HIRA"
"RXRA","APC","HIRA"
"RXRA","DYNLL1","HIRA"
"RXRA","STK3/4","MACF1"
"RXRA","Gbeta","MACF1"
"RXRA","ABL1","MACF1"
"RXRA","CHEK1","MACF1"
"RXRA","STK3","MACF1"
"RXRA","PPP1R1B","MACF1"
"RXRA","mTORC1","MACF1"
"RXRA","CCAR2","MACF1"
"RXRA","NBR1","MACF1"
"RXRA","AXIN1","MACF1"
"RXRA","PSEN1","MACF1"
"RXRA","NF2","MACF1"
"RXRA","AKAP11","MACF1"
"RXRA","YY1","MACF1"
"RXRA","FRAT1","MACF1"
"RXRA","PPP1R8","MACF1"
"RXRA","ROR2","MACF1"
"RXRA","PCBP2","MACF1"
"RXRA","GRB14","MACF1"
"RXRA","SPEN","MACF1"
"RXRA","STK3/4","KDM1A"
"RXRA","Gbeta","KDM1A"
"RXRA","CHEK1","KDM1A"
"RXRA","EIF2AK2","KDM1A"
"RXRA","RPS6KA1","KDM1A"
"RXRA","MAPK9","KDM1A"
"RXRA","PPP1R1B","KDM1A"
"RXRA","PHLPP1","KDM1A"
"RXRA","CCAR2","KDM1A"
"RXRA","NCOR2","KDM1A"
"RXRA","NBR1","KDM1A"
"RXRA","SHC1","KDM1A"
"RXRA","CCNO","KDM1A"
"RXRA","AXIN1","KDM1A"
"RXRA","CDKN1B","KDM1A"
"RXRA","SKP2","KDM1A"
"RXRA","FLNA","KDM1A"
"RXRA","DAXX","KDM1A"
"RXRA","PIK3R1","KDM1A"
"RXRA","NF2","KDM1A"
"RXRA","RUNX1","KDM1A"
"RXRA","MDC1","KDM1A"
"RXRA","AKAP11","KDM1A"
"RXRA","YY1","KDM1A"
"RXRA","FRAT1","KDM1A"
"RXRA","PPP1R8","KDM1A"
"RXRA","ABI1","KDM1A"
"RXRA","PCBP2","KDM1A"
"RXRA","E2F1","KDM1A"
"RXRA","LRP6","KDM1A"
"RXRA","GRB14","KDM1A"
"RXRA","NOTCH2","KDM1A"
"RXRA","STAT2","KDM1A"
"RXRA","PLCG2","KDM1A"
"RXRA","MAPK3","L1CAM"
"RXRA","MAPK8","L1CAM"
"RXRA","STK3/4","L1CAM"
"RXRA","ACP1","L1CAM"
"RXRA","RPS6K","L1CAM"
"RXRA","Gbeta","L1CAM"
"RXRA","ABL1","L1CAM"
"RXRA","EIF2AK2","L1CAM"
"RXRA","PPP1R1B","L1CAM"
"RXRA","MAP3K4","L1CAM"
"RXRA","MAPKAPK2","L1CAM"
"RXRA","ITK","L1CAM"
"RXRA","CCAR2","L1CAM"
"RXRA","CDK3","L1CAM"
"RXRA","NBR1","L1CAM"
"RXRA","CAMKK2","L1CAM"
"RXRA","CCNO","L1CAM"
"RXRA","AXIN1","L1CAM"
"RXRA","CDKN1B","L1CAM"
"RXRA","GAB1","L1CAM"
"RXRA","GRIPAP1","L1CAM"
"RXRA","KHDRBS1","L1CAM"
"RXRA","ARRB2","L1CAM"
"RXRA","DAXX","L1CAM"
"RXRA","INPP5D","L1CAM"
"RXRA","NF2","L1CAM"
"RXRA","AKAP11","L1CAM"
"RXRA","PPP1R8","L1CAM"
"RXRA","ROR2","L1CAM"
"RXRA","E2F1","L1CAM"
"RXRA","LRP6","L1CAM"
"RXRA","TIAM1","L1CAM"
"RXRA","APC","L1CAM"
"RXRA","MAPK3","MAZ"
"RXRA","STK3/4","MAZ"
"RXRA","ACP1","MAZ"
"RXRA","CSNK2A1","MAZ"
"RXRA","Gbeta","MAZ"
"RXRA","AKT","MAZ"
"RXRA","MAP3K4","MAZ"
"RXRA","PHLPP1","MAZ"
"RXRA","NBR1","MAZ"
"RXRA","CAMKK2","MAZ"
"RXRA","CCNE1","MAZ"
"RXRA","RUNX1","MAZ"
"RXRA","APC","MAZ"
"RXRA","PLCG2","MAZ"
"RXRA","CHEK1","GTF2A1"
"RXRA","AKT","GTF2A1"
"RXRA","MAP3K4","GTF2A1"
"RXRA","CCAR2","GTF2A1"
"RXRA","NCOR2","GTF2A1"
"RXRA","CDK3","GTF2A1"
"RXRA","CCNO","GTF2A1"
"RXRA","GAB1","GTF2A1"
"RXRA","GRIPAP1","GTF2A1"
"RXRA","GRIP1","GTF2A1"
"RXRA","KHDRBS1","GTF2A1"
"RXRA","ARRB2","GTF2A1"
"RXRA","DAXX","GTF2A1"
"RXRA","PSEN1","GTF2A1"
"RXRA","CCNE1","GTF2A1"
"RXRA","RUNX1","GTF2A1"
"RXRA","MRE11","GTF2A1"
"RXRA","PPP1R8","GTF2A1"
"RXRA","ROR2","GTF2A1"
"RXRA","LRP6","GTF2A1"
"RXRA","NOTCH2","GTF2A1"
"RXRA","DYNLL1","GTF2A1"
"RXRA","STAT2","GTF2A1"
"RXRA","MAPK8","NACA"
"RXRA","RPS6K","NACA"
"RXRA","Gbeta","NACA"
"RXRA","ABL1","NACA"
"RXRA","EIF2AK2","NACA"
"RXRA","AKT","NACA"
"RXRA","PHLPP1","NACA"
"RXRA","NCOR2","NACA"
"RXRA","CAMKK2","NACA"
"RXRA","AXIN1","NACA"
"RXRA","FLNA","NACA"
"RXRA","GAB1","NACA"
"RXRA","GRIPAP1","NACA"
"RXRA","ARRB2","NACA"
"RXRA","PSEN1","NACA"
"RXRA","NF2","NACA"
"RXRA","RUNX1","NACA"
"RXRA","MDC1","NACA"
"RXRA","AKAP11","NACA"
"RXRA","YY1","NACA"
"RXRA","LRP6","NACA"
"RXRA","GRB14","NACA"
"RXRA","STAT2","NACA"
"RXRA","Gbeta","RPS6"
"RXRA","ABL1","RPS6"
"RXRA","CHEK1","RPS6"
"RXRA","NCOR2","RPS6"
"RXRA","AXIN1","RPS6"
"RXRA","GAB1","RPS6"
"RXRA","ARRB2","RPS6"
"RXRA","DAXX","RPS6"
"RXRA","PSEN1","RPS6"
"RXRA","CD28","RPS6"
"RXRA","INPP5D","RPS6"
"RXRA","CCNE1","RPS6"
"RXRA","AKAP11","RPS6"
"RXRA","YY1","RPS6"
"RXRA","RCAN1","RPS6"
"RXRA","ROR2","RPS6"
"RXRA","PCBP2","RPS6"
"RXRA","E2F1","RPS6"
"RXRA","LRP6","RPS6"
"RXRA","STAT2","RPS6"
"RXRA","PLCG2","RPS6"
"RXRA","MAPK8","CCND3"
"RXRA","STK3/4","CCND3"
"RXRA","PRKCD","CCND3"
"RXRA","RPS6K","CCND3"
"RXRA","ABL1","CCND3"
"RXRA","RPS6KA1","CCND3"
"RXRA","ITK","CCND3"
"RXRA","NCOR2","CCND3"
"RXRA","CAMKK2","CCND3"
"RXRA","SHC1","CCND3"
"RXRA","CCNO","CCND3"
"RXRA","AXIN1","CCND3"
"RXRA","CDKN1B","CCND3"
"RXRA","FLNA","CCND3"
"RXRA","KHDRBS1","CCND3"
"RXRA","ARRB2","CCND3"
"RXRA","DAXX","CCND3"
"RXRA","PSEN1","CCND3"
"RXRA","INPP5D","CCND3"
"RXRA","PIK3R1","CCND3"
"RXRA","CCNE1","CCND3"
"RXRA","NF2","CCND3"
"RXRA","RUNX1","CCND3"
"RXRA","MDC1","CCND3"
"RXRA","AKAP11","CCND3"
"RXRA","RCAN1","CCND3"
"RXRA","FRAT1","CCND3"
"RXRA","ROR2","CCND3"
"RXRA","ABI1","CCND3"
"RXRA","PCBP2","CCND3"
"RXRA","E2F1","CCND3"
"RXRA","GRB14","CCND3"
"RXRA","SPEN","CCND3"
"RXRA","STAT2","CCND3"
"RXRA","MAPK8","SPHK2"
"RXRA","STK3/4","SPHK2"
"RXRA","PRKCD","SPHK2"
"RXRA","ACP1","SPHK2"
"RXRA","ABL1","SPHK2"
"RXRA","EIF2AK2","SPHK2"
"RXRA","STK3","SPHK2"
"RXRA","AKT","SPHK2"
"RXRA","PPP1R1B","SPHK2"
"RXRA","MAP3K4","SPHK2"
"RXRA","ITK","SPHK2"
"RXRA","mTORC1","SPHK2"
"RXRA","PHLPP1","SPHK2"
"RXRA","NCOR2","SPHK2"
"RXRA","CAMKK2","SPHK2"
"RXRA","CDKN1B","SPHK2"
"RXRA","SKP2","SPHK2"
"RXRA","GAB1","SPHK2"
"RXRA","ARRB2","SPHK2"
"RXRA","MDC1","SPHK2"
"RXRA","YY1","SPHK2"
"RXRA","RCAN1","SPHK2"
"RXRA","MRE11","SPHK2"
"RXRA","APC","SPHK2"
"RXRA","PRKCD","NEFH"
"RXRA","ABL1","NEFH"
"RXRA","EIF2AK2","NEFH"
"RXRA","RPS6KA1","NEFH"
"RXRA","STK3","NEFH"
"RXRA","AKT","NEFH"
"RXRA","PPP1R1B","NEFH"
"RXRA","mTORC1","NEFH"
"RXRA","PHLPP1","NEFH"
"RXRA","CCAR2","NEFH"
"RXRA","NCOR2","NEFH"
"RXRA","DEF6","NEFH"
"RXRA","NBR1","NEFH"
"RXRA","CAMKK2","NEFH"
"RXRA","CRK","NEFH"
"RXRA","SHC1","NEFH"
"RXRA","AXIN1","NEFH"
"RXRA","CDKN1B","NEFH"
"RXRA","FLNA","NEFH"
"RXRA","GAB1","NEFH"
"RXRA","ARRB2","NEFH"
"RXRA","DAXX","NEFH"
"RXRA","PSEN1","NEFH"
"RXRA","MRE11","NEFH"
"RXRA","PPP1R8","NEFH"
"RXRA","LRP6","NEFH"
"RXRA","SPEN","NEFH"
"RXRA","DYNLL1","NEFH"
"RXRA","MAPK3","SIGLEC10"
"RXRA","CSNK2A1","SIGLEC10"
"RXRA","EIF2AK2","SIGLEC10"
"RXRA","STK3","SIGLEC10"
"RXRA","MAP3K4","SIGLEC10"
"RXRA","NCOR2","SIGLEC10"
"RXRA","AXIN1","SIGLEC10"
"RXRA","FLNA","SIGLEC10"
"RXRA","GAB1","SIGLEC10"
"RXRA","PSEN1","SIGLEC10"
"RXRA","CCNE1","SIGLEC10"
"RXRA","AKAP11","SIGLEC10"
"RXRA","PPP1R8","SIGLEC10"
"RXRA","ROR2","SIGLEC10"
"RXRA","E2F1","SIGLEC10"
"RXRA","LRP6","SIGLEC10"
"RXRA","APC","SIGLEC10"
"RXRA","PLCG2","SIGLEC10"
"RXRA","MAPK3","PIP4K2A"
"RXRA","MAPK8","PIP4K2A"
"RXRA","PRKCD","PIP4K2A"
"RXRA","ACP1","PIP4K2A"
"RXRA","ABL1","PIP4K2A"
"RXRA","CHEK1","PIP4K2A"
"RXRA","EIF2AK2","PIP4K2A"
"RXRA","RPS6KA1","PIP4K2A"
"RXRA","MAP3K4","PIP4K2A"
"RXRA","MAPKAPK2","PIP4K2A"
"RXRA","ITK","PIP4K2A"
"RXRA","CCAR2","PIP4K2A"
"RXRA","NCOR2","PIP4K2A"
"RXRA","CDK3","PIP4K2A"
"RXRA","DEF6","PIP4K2A"
"RXRA","NBR1","PIP4K2A"
"RXRA","CRK","PIP4K2A"
"RXRA","CCNO","PIP4K2A"
"RXRA","CDKN1B","PIP4K2A"
"RXRA","SKP2","PIP4K2A"
"RXRA","GAB1","PIP4K2A"
"RXRA","GRIP1","PIP4K2A"
"RXRA","KHDRBS1","PIP4K2A"
"RXRA","ARRB2","PIP4K2A"
"RXRA","DAXX","PIP4K2A"
"RXRA","PSEN1","PIP4K2A"
"RXRA","CD28","PIP4K2A"
"RXRA","INPP5D","PIP4K2A"
"RXRA","PIK3R1","PIP4K2A"
"RXRA","NF2","PIP4K2A"
"RXRA","MDC1","PIP4K2A"
"RXRA","AKAP11","PIP4K2A"
"RXRA","RCAN1","PIP4K2A"
"RXRA","MRE11","PIP4K2A"
"RXRA","PPP1R8","PIP4K2A"
"RXRA","ROR2","PIP4K2A"
"RXRA","ABI1","PIP4K2A"
"RXRA","PCBP2","PIP4K2A"
"RXRA","E2F1","PIP4K2A"
"RXRA","LRP6","PIP4K2A"
"RXRA","SPEN","PIP4K2A"
"RXRA","TIAM1","PIP4K2A"
"RXRA","NOTCH2","PIP4K2A"
"RXRA","APC","PIP4K2A"
"RXRA","DYNLL1","PIP4K2A"
"RXRA","STAT2","PIP4K2A"
"RXRA","PLCG2","PIP4K2A"
"RXRA","MAPK3","TCR"
"RXRA","PRKCD","TCR"
"RXRA","ACP1","TCR"
"RXRA","CSNK2A1","TCR"
"RXRA","RPS6K","TCR"
"RXRA","MAPK9","TCR"
"RXRA","MAP3K4","TCR"
"RXRA","ITK","TCR"
"RXRA","PHLPP1","TCR"
"RXRA","NCOR2","TCR"
"RXRA","CDKN1B","TCR"
"RXRA","SKP2","TCR"
"RXRA","GAB1","TCR"
"RXRA","GRIPAP1","TCR"
"RXRA","RUNX1","TCR"
"RXRA","MRE11","TCR"
"RXRA","PCBP2","TCR"
"RXRA","NOTCH2","TCR"
"RXRA","APC","TCR"
"RXRA","DYNLL1","TCR"
"RXRA","STAT2","TCR"
"RXRA","PLCG2","TCR"
"RXRA","MAPK3","YBX1"
"RXRA","MAPK8","YBX1"
"RXRA","CSNK2A1","YBX1"
"RXRA","RPS6K","YBX1"
"RXRA","LCK","YBX1"
"RXRA","CHEK1","YBX1"
"RXRA","RPS6KA1","YBX1"
"RXRA","STK3","YBX1"
"RXRA","MAPK9","YBX1"
"RXRA","MAPKAPK2","YBX1"
"RXRA","mTORC1","YBX1"
"RXRA","PHLPP1","YBX1"
"RXRA","NCOR2","YBX1"
"RXRA","CDK3","YBX1"
"RXRA","CAMKK2","YBX1"
"RXRA","CRK","YBX1"
"RXRA","SHC1","YBX1"
"RXRA","CCNO","YBX1"
"RXRA","AXIN1","YBX1"
"RXRA","FLNA","YBX1"
"RXRA","GRIP1","YBX1"
"RXRA","ARRB2","YBX1"
"RXRA","DAXX","YBX1"
"RXRA","CD28","YBX1"
"RXRA","INPP5D","YBX1"
"RXRA","CCNE1","YBX1"
"RXRA","MRE11","YBX1"
"RXRA","ABI1","YBX1"
"RXRA","TIAM1","YBX1"
"RXRA","CSNK2A1","RPTOR"
"RXRA","RPS6K","RPTOR"
"RXRA","mTORC1","RPTOR"
"RXRA","PHLPP1","RPTOR"
"RXRA","NCOR2","RPTOR"
"RXRA","CRK","RPTOR"
"RXRA","CDKN1B","RPTOR"
"RXRA","GAB1","RPTOR"
"RXRA","GRIP1","RPTOR"
"RXRA","ARRB2","RPTOR"
"RXRA","PSEN1","RPTOR"
"RXRA","CCNE1","RPTOR"
"RXRA","YY1","RPTOR"
"RXRA","RCAN1","RPTOR"
"RXRA","FRAT1","RPTOR"
"RXRA","PCBP2","RPTOR"
"RXRA","STAT2","RPTOR"
"RXRA","MAPK3","PGAM1"
"RXRA","MAPK8","PGAM1"
"RXRA","STK3/4","PGAM1"
"RXRA","AKT","PGAM1"
"RXRA","ITK","PGAM1"
"RXRA","mTORC1","PGAM1"
"RXRA","PHLPP1","PGAM1"
"RXRA","SHC1","PGAM1"
"RXRA","CCNO","PGAM1"
"RXRA","AXIN1","PGAM1"
"RXRA","CDKN1B","PGAM1"
"RXRA","SKP2","PGAM1"
"RXRA","GRIP1","PGAM1"
"RXRA","KHDRBS1","PGAM1"
"RXRA","ARRB2","PGAM1"
"RXRA","DAXX","PGAM1"
"RXRA","CD28","PGAM1"
"RXRA","PIK3R1","PGAM1"
"RXRA","CCNE1","PGAM1"
"RXRA","RUNX1","PGAM1"
"RXRA","YY1","PGAM1"
"RXRA","FRAT1","PGAM1"
"RXRA","PPP1R8","PGAM1"
"RXRA","ROR2","PGAM1"
"RXRA","E2F1","PGAM1"
"RXRA","LRP6","PGAM1"
"RXRA","SPEN","PGAM1"
"RXRA","TIAM1","PGAM1"
"RXRA","DYNLL1","PGAM1"
"RXRA","STAT2","PGAM1"
"RXRA","MAPK3","CACNA1S"
"RXRA","STK3/4","CACNA1S"
"RXRA","PRKCD","CACNA1S"
"RXRA","RPS6K","CACNA1S"
"RXRA","ABL1","CACNA1S"
"RXRA","AKT","CACNA1S"
"RXRA","PPP1R1B","CACNA1S"
"RXRA","ITK","CACNA1S"
"RXRA","mTORC1","CACNA1S"
"RXRA","NBR1","CACNA1S"
"RXRA","SHC1","CACNA1S"
"RXRA","SKP2","CACNA1S"
"RXRA","GRIPAP1","CACNA1S"
"RXRA","GRIP1","CACNA1S"
"RXRA","ARRB2","CACNA1S"
"RXRA","CD28","CACNA1S"
"RXRA","NF2","CACNA1S"
"RXRA","RUNX1","CACNA1S"
"RXRA","MDC1","CACNA1S"
"RXRA","RCAN1","CACNA1S"
"RXRA","PPP1R8","CACNA1S"
"RXRA","ROR2","CACNA1S"
"RXRA","PCBP2","CACNA1S"
"RXRA","E2F1","CACNA1S"
"RXRA","LRP6","CACNA1S"
"RXRA","GRB14","CACNA1S"
"RXRA","NOTCH2","CACNA1S"
"RXRA","STAT2","CACNA1S"
"RXRA","PRKCD","CD247"
"RXRA","ABL1","CD247"
"RXRA","CHEK1","CD247"
"RXRA","EIF2AK2","CD247"
"RXRA","PPP1R1B","CD247"
"RXRA","PHLPP1","CD247"
"RXRA","NCOR2","CD247"
"RXRA","CAMKK2","CD247"
"RXRA","CRK","CD247"
"RXRA","SHC1","CD247"
"RXRA","CCNO","CD247"
"RXRA","AXIN1","CD247"
"RXRA","GAB1","CD247"
"RXRA","GRIP1","CD247"
"RXRA","PSEN1","CD247"
"RXRA","RUNX1","CD247"
"RXRA","YY1","CD247"
"RXRA","RCAN1","CD247"
"RXRA","ABI1","CD247"
"RXRA","SPEN","CD247"
"RXRA","APC","CD247"
"RXRA","STAT2","CD247"
"RXRA","MAPK8","TEAD3"
"RXRA","ACP1","TEAD3"
"RXRA","RPS6K","TEAD3"
"RXRA","ERK1/2","TEAD3"
"RXRA","LCK","TEAD3"
"RXRA","ABL1","TEAD3"
"RXRA","RPS6KA1","TEAD3"
"RXRA","NCOR2","TEAD3"
"RXRA","CDK3","TEAD3"
"RXRA","GAB1","TEAD3"
"RXRA","KHDRBS1","TEAD3"
"RXRA","PSEN1","TEAD3"
"RXRA","CD28","TEAD3"
"RXRA","INPP5D","TEAD3"
"RXRA","MRE11","TEAD3"
"RXRA","FRAT1","TEAD3"
"RXRA","E2F1","TEAD3"
"RXRA","GRB14","TEAD3"
"RXRA","APC","TEAD3"
"RXRA","STK3/4","PIK3R2"
"RXRA","ACP1","PIK3R2"
"RXRA","LCK","PIK3R2"
"RXRA","CHEK1","PIK3R2"
"RXRA","EIF2AK2","PIK3R2"
"RXRA","RPS6KA1","PIK3R2"
"RXRA","MAP3K4","PIK3R2"
"RXRA","PHLPP1","PIK3R2"
"RXRA","CAMKK2","PIK3R2"
"RXRA","CCNO","PIK3R2"
"RXRA","AXIN1","PIK3R2"
"RXRA","GAB1","PIK3R2"
"RXRA","GRIPAP1","PIK3R2"
"RXRA","ARRB2","PIK3R2"
"RXRA","DAXX","PIK3R2"
"RXRA","PSEN1","PIK3R2"
"RXRA","CD28","PIK3R2"
"RXRA","INPP5D","PIK3R2"
"RXRA","AKAP11","PIK3R2"
"RXRA","YY1","PIK3R2"
"RXRA","RCAN1","PIK3R2"
"RXRA","FRAT1","PIK3R2"
"RXRA","PPP1R8","PIK3R2"
"RXRA","ABI1","PIK3R2"
"RXRA","PCBP2","PIK3R2"
"RXRA","GRB14","PIK3R2"
"RXRA","TIAM1","PIK3R2"
"RXRA","DYNLL1","PIK3R2"
"RXRA","STAT2","PIK3R2"
"RXRA","PLCG2","PIK3R2"
"RXRA","MAPK8","RPS3"
"RXRA","ACP1","RPS3"
"RXRA","CSNK2A1","RPS3"
"RXRA","RPS6K","RPS3"
"RXRA","LCK","RPS3"
"RXRA","ABL1","RPS3"
"RXRA","RPS6KA1","RPS3"
"RXRA","MAPK9","RPS3"
"RXRA","MAP3K4","RPS3"
"RXRA","MAPKAPK2","RPS3"
"RXRA","ITK","RPS3"
"RXRA","mTORC1","RPS3"
"RXRA","PHLPP1","RPS3"
"RXRA","CCAR2","RPS3"
"RXRA","CDK3","RPS3"
"RXRA","CRK","RPS3"
"RXRA","SHC1","RPS3"
"RXRA","CCNO","RPS3"
"RXRA","SKP2","RPS3"
"RXRA","GAB1","RPS3"
"RXRA","GRIPAP1","RPS3"
"RXRA","KHDRBS1","RPS3"
"RXRA","ARRB2","RPS3"
"RXRA","PSEN1","RPS3"
"RXRA","INPP5D","RPS3"
"RXRA","PIK3R1","RPS3"
"RXRA","CCNE1","RPS3"
"RXRA","NF2","RPS3"
"RXRA","AKAP11","RPS3"
"RXRA","YY1","RPS3"
"RXRA","MRE11","RPS3"
"RXRA","FRAT1","RPS3"
"RXRA","ABI1","RPS3"
"RXRA","LRP6","RPS3"
"RXRA","SPEN","RPS3"
"RXRA","TIAM1","RPS3"
"RXRA","APC","RPS3"
"RXRA","DYNLL1","RPS3"
"RXRA","STAT2","RPS3"
"RXRA","PLCG2","RPS3"
"RXRA","MAPK8","MCM2"
"RXRA","CSNK2A1","MCM2"
"RXRA","RPS6K","MCM2"
"RXRA","Gbeta","MCM2"
"RXRA","LCK","MCM2"
"RXRA","CHEK1","MCM2"
"RXRA","STK3","MCM2"
"RXRA","AKT","MCM2"
"RXRA","PPP1R1B","MCM2"
"RXRA","MAPKAPK2","MCM2"
"RXRA","ITK","MCM2"
"RXRA","CCAR2","MCM2"
"RXRA","NCOR2","MCM2"
"RXRA","CDK3","MCM2"
"RXRA","DEF6","MCM2"
"RXRA","CAMKK2","MCM2"
"RXRA","CRK","MCM2"
"RXRA","CCNO","MCM2"
"RXRA","GRIPAP1","MCM2"
"RXRA","GRIP1","MCM2"
"RXRA","KHDRBS1","MCM2"
"RXRA","ARRB2","MCM2"
"RXRA","PIK3R1","MCM2"
"RXRA","CCNE1","MCM2"
"RXRA","NF2","MCM2"
"RXRA","MDC1","MCM2"
"RXRA","AKAP11","MCM2"
"RXRA","MRE11","MCM2"
"RXRA","FRAT1","MCM2"
"RXRA","ROR2","MCM2"
"RXRA","E2F1","MCM2"
"RXRA","LRP6","MCM2"
"RXRA","TIAM1","MCM2"
"RXRA","PLCG2","MCM2"
"RXRA","RPS6K","ATRIP"
"RXRA","Gbeta","ATRIP"
"RXRA","RPS6KA1","ATRIP"
"RXRA","STK3","ATRIP"
"RXRA","AKT","ATRIP"
"RXRA","MAPK9","ATRIP"
"RXRA","PPP1R1B","ATRIP"
"RXRA","MAP3K4","ATRIP"
"RXRA","MAPKAPK2","ATRIP"
"RXRA","CCAR2","ATRIP"
"RXRA","CDK3","ATRIP"
"RXRA","SHC1","ATRIP"
"RXRA","AXIN1","ATRIP"
"RXRA","CDKN1B","ATRIP"
"RXRA","GRIPAP1","ATRIP"
"RXRA","DAXX","ATRIP"
"RXRA","CD28","ATRIP"
"RXRA","RUNX1","ATRIP"
"RXRA","YY1","ATRIP"
"RXRA","RCAN1","ATRIP"
"RXRA","MRE11","ATRIP"
"RXRA","ROR2","ATRIP"
"RXRA","ABI1","ATRIP"
"RXRA","TIAM1","ATRIP"
"RXRA","NOTCH2","ATRIP"
"RXRA","STAT2","ATRIP"
"RXRA","PLCG2","ATRIP"
"RXRA","STK3/4","DPYSL2"
"RXRA","ACP1","DPYSL2"
"RXRA","Gbeta","DPYSL2"
"RXRA","EIF2AK2","DPYSL2"
"RXRA","STK3","DPYSL2"
"RXRA","AKT","DPYSL2"
"RXRA","PPP1R1B","DPYSL2"
"RXRA","PHLPP1","DPYSL2"
"RXRA","CCAR2","DPYSL2"
"RXRA","NCOR2","DPYSL2"
"RXRA","DEF6","DPYSL2"
"RXRA","NBR1","DPYSL2"
"RXRA","SHC1","DPYSL2"
"RXRA","SKP2","DPYSL2"
"RXRA","FLNA","DPYSL2"
"RXRA","ARRB2","DPYSL2"
"RXRA","PSEN1","DPYSL2"
"RXRA","MDC1","DPYSL2"
"RXRA","RCAN1","DPYSL2"
"RXRA","PCBP2","DPYSL2"
"RXRA","LRP6","DPYSL2"
"RXRA","TIAM1","DPYSL2"
"RXRA","NOTCH2","DPYSL2"
"RXRA","MAPK8","ARP2/3"
"RXRA","CSNK2A1","ARP2/3"
"RXRA","ABL1","ARP2/3"
"RXRA","STK3","ARP2/3"
"RXRA","MAP3K4","ARP2/3"
"RXRA","CCAR2","ARP2/3"
"RXRA","CAMKK2","ARP2/3"
"RXRA","SHC1","ARP2/3"
"RXRA","CCNO","ARP2/3"
"RXRA","GAB1","ARP2/3"
"RXRA","GRIPAP1","ARP2/3"
"RXRA","GRIP1","ARP2/3"
"RXRA","PSEN1","ARP2/3"
"RXRA","RUNX1","ARP2/3"
"RXRA","YY1","ARP2/3"
"RXRA","PPP1R8","ARP2/3"
"RXRA","PCBP2","ARP2/3"
"RXRA","E2F1","ARP2/3"
"RXRA","GRB14","ARP2/3"
"RXRA","APC","ARP2/3"
"RXRA","MAPK3","KIF2C"
"RXRA","ACP1","KIF2C"
"RXRA","ABL1","KIF2C"
"RXRA","RPS6KA1","KIF2C"
"RXRA","PPP1R1B","KIF2C"
"RXRA","MAP3K4","KIF2C"
"RXRA","mTORC1","KIF2C"
"RXRA","NCOR2","KIF2C"
"RXRA","CCNO","KIF2C"
"RXRA","CDKN1B","KIF2C"
"RXRA","FLNA","KIF2C"
"RXRA","GRIPAP1","KIF2C"
"RXRA","GRIP1","KIF2C"
"RXRA","CD28","KIF2C"
"RXRA","FRAT1","KIF2C"
"RXRA","ROR2","KIF2C"
"RXRA","ABI1","KIF2C"
"RXRA","PCBP2","KIF2C"
"RXRA","E2F1","KIF2C"
"RXRA","LRP6","KIF2C"
"RXRA","TIAM1","KIF2C"
"RXRA","DYNLL1","KIF2C"
"RXRA","PLCG2","KIF2C"
"RXRA","MAPK8","XRCC1"
"RXRA","LCK","XRCC1"
"RXRA","CHEK1","XRCC1"
"RXRA","RPS6KA1","XRCC1"
"RXRA","PPP1R1B","XRCC1"
"RXRA","MAP3K4","XRCC1"
"RXRA","MAPKAPK2","XRCC1"
"RXRA","CCAR2","XRCC1"
"RXRA","NCOR2","XRCC1"
"RXRA","CDK3","XRCC1"
"RXRA","DEF6","XRCC1"
"RXRA","NBR1","XRCC1"
"RXRA","CAMKK2","XRCC1"
"RXRA","SHC1","XRCC1"
"RXRA","AXIN1","XRCC1"
"RXRA","FLNA","XRCC1"
"RXRA","GAB1","XRCC1"
"RXRA","GRIPAP1","XRCC1"
"RXRA","AKAP11","XRCC1"
"RXRA","FRAT1","XRCC1"
"RXRA","PPP1R8","XRCC1"
"RXRA","ROR2","XRCC1"
"RXRA","ABI1","XRCC1"
"RXRA","LRP6","XRCC1"
"RXRA","TIAM1","XRCC1"
"RXRA","NOTCH2","XRCC1"
"RXRA","APC","XRCC1"
"RXRA","DYNLL1","XRCC1"
"RXRA","STAT2","XRCC1"
"RXRA","PLCG2","XRCC1"
"RXRA","MAPK3","BHLHE41"
"RXRA","ACP1","BHLHE41"
"RXRA","CSNK2A1","BHLHE41"
"RXRA","LCK","BHLHE41"
"RXRA","CHEK1","BHLHE41"
"RXRA","EIF2AK2","BHLHE41"
"RXRA","AKT","BHLHE41"
"RXRA","PPP1R1B","BHLHE41"
"RXRA","ITK","BHLHE41"
"RXRA","mTORC1","BHLHE41"
"RXRA","PHLPP1","BHLHE41"
"RXRA","CCAR2","BHLHE41"
"RXRA","DEF6","BHLHE41"
"RXRA","NBR1","BHLHE41"
"RXRA","CRK","BHLHE41"
"RXRA","SHC1","BHLHE41"
"RXRA","CDKN1B","BHLHE41"
"RXRA","GAB1","BHLHE41"
"RXRA","GRIP1","BHLHE41"
"RXRA","KHDRBS1","BHLHE41"
"RXRA","DAXX","BHLHE41"
"RXRA","PSEN1","BHLHE41"
"RXRA","CD28","BHLHE41"
"RXRA","INPP5D","BHLHE41"
"RXRA","MDC1","BHLHE41"
"RXRA","AKAP11","BHLHE41"
"RXRA","YY1","BHLHE41"
"RXRA","RCAN1","BHLHE41"
"RXRA","FRAT1","BHLHE41"
"RXRA","ROR2","BHLHE41"
"RXRA","ABI1","BHLHE41"
"RXRA","E2F1","BHLHE41"
"RXRA","LRP6","BHLHE41"
"RXRA","SPEN","BHLHE41"
"RXRA","NOTCH2","BHLHE41"
"RXRA","APC","BHLHE41"
"RXRA","DYNLL1","BHLHE41"
"RXRA","STAT2","BHLHE41"
"RXRA","MAPK8","GYS1"
"RXRA","STK3/4","GYS1"
"RXRA","ACP1","GYS1"
"RXRA","CSNK2A1","GYS1"
"RXRA","LCK","GYS1"
"RXRA","EIF2AK2","GYS1"
"RXRA","STK3","GYS1"
"RXRA","AKT","GYS1"
"RXRA","PPP1R1B","GYS1"
"RXRA","MAP3K4","GYS1"
"RXRA","MAPKAPK2","GYS1"
"RXRA","ITK","GYS1"
"RXRA","mTORC1","GYS1"
"RXRA","PHLPP1","GYS1"
"RXRA","CDK3","GYS1"
"RXRA","DEF6","GYS1"
"RXRA","NBR1","GYS1"
"RXRA","CAMKK2","GYS1"
"RXRA","CRK","GYS1"
"RXRA","SHC1","GYS1"
"RXRA","AXIN1","GYS1"
"RXRA","CDKN1B","GYS1"
"RXRA","FLNA","GYS1"
"RXRA","GAB1","GYS1"
"RXRA","GRIP1","GYS1"
"RXRA","DAXX","GYS1"
"RXRA","CD28","GYS1"
"RXRA","INPP5D","GYS1"
"RXRA","CCNE1","GYS1"
"RXRA","NF2","GYS1"
"RXRA","AKAP11","GYS1"
"RXRA","MRE11","GYS1"
"RXRA","ROR2","GYS1"
"RXRA","PCBP2","GYS1"
"RXRA","E2F1","GYS1"
"RXRA","GRB14","GYS1"
"RXRA","SPEN","GYS1"
"RXRA","TIAM1","GYS1"
"RXRA","NOTCH2","GYS1"
"RXRA","ERK1/2","BCL6"
"RXRA","MAPK3","G6PD"
"RXRA","MAPK8","G6PD"
"RXRA","STK3/4","G6PD"
"RXRA","ACP1","G6PD"
"RXRA","RPS6K","G6PD"
"RXRA","ERK1/2","G6PD"
"RXRA","EIF2AK2","G6PD"
"RXRA","AKT","G6PD"
"RXRA","PPP1R1B","G6PD"
"RXRA","MAP3K4","G6PD"
"RXRA","ITK","G6PD"
"RXRA","mTORC1","G6PD"
"RXRA","CCAR2","G6PD"
"RXRA","NCOR2","G6PD"
"RXRA","NBR1","G6PD"
"RXRA","SHC1","G6PD"
"RXRA","AXIN1","G6PD"
"RXRA","CDKN1B","G6PD"
"RXRA","FLNA","G6PD"
"RXRA","GAB1","G6PD"
"RXRA","GRIPAP1","G6PD"
"RXRA","GRIP1","G6PD"
"RXRA","CD28","G6PD"
"RXRA","INPP5D","G6PD"
"RXRA","PIK3R1","G6PD"
"RXRA","RUNX1","G6PD"
"RXRA","AKAP11","G6PD"
"RXRA","YY1","G6PD"
"RXRA","ROR2","G6PD"
"RXRA","PCBP2","G6PD"
"RXRA","E2F1","G6PD"
"RXRA","LRP6","G6PD"
"RXRA","GRB14","G6PD"
"RXRA","NOTCH2","G6PD"
"RXRA","APC","G6PD"
"RXRA","STAT2","G6PD"
"RXRA","PLCG2","G6PD"
"RXRA","STK3/4","HNRNPK"
"RXRA","CSNK2A1","HNRNPK"
"RXRA","Gbeta","HNRNPK"
"RXRA","LCK","HNRNPK"
"RXRA","CHEK1","HNRNPK"
"RXRA","AKT","HNRNPK"
"RXRA","MAP3K4","HNRNPK"
"RXRA","CCAR2","HNRNPK"
"RXRA","DEF6","HNRNPK"
"RXRA","CCNO","HNRNPK"
"RXRA","GAB1","HNRNPK"
"RXRA","GRIPAP1","HNRNPK"
"RXRA","GRIP1","HNRNPK"
"RXRA","KHDRBS1","HNRNPK"
"RXRA","ARRB2","HNRNPK"
"RXRA","DAXX","HNRNPK"
"RXRA","PSEN1","HNRNPK"
"RXRA","CCNE1","HNRNPK"
"RXRA","RUNX1","HNRNPK"
"RXRA","RCAN1","HNRNPK"
"RXRA","MRE11","HNRNPK"
"RXRA","PPP1R8","HNRNPK"
"RXRA","ROR2","HNRNPK"
"RXRA","LRP6","HNRNPK"
"RXRA","NOTCH2","HNRNPK"
"RXRA","APC","HNRNPK"
"RXRA","STK3/4","DNMT3A"
"RXRA","RPS6K","DNMT3A"
"RXRA","LCK","DNMT3A"
"RXRA","EIF2AK2","DNMT3A"
"RXRA","RPS6KA1","DNMT3A"
"RXRA","MAPKAPK2","DNMT3A"
"RXRA","CAMKK2","DNMT3A"
"RXRA","SHC1","DNMT3A"
"RXRA","GRIPAP1","DNMT3A"
"RXRA","MDC1","DNMT3A"
"RXRA","RCAN1","DNMT3A"
"RXRA","MRE11","DNMT3A"
"RXRA","ABI1","DNMT3A"
"RXRA","LRP6","DNMT3A"
"RXRA","GRB14","DNMT3A"
"RXRA","NOTCH2","DNMT3A"
"RXRA","DYNLL1","DNMT3A"
"RXRA","ACP1","RRN3"
"RXRA","CSNK2A1","RRN3"
"RXRA","Gbeta","RRN3"
"RXRA","ABL1","RRN3"
"RXRA","CHEK1","RRN3"
"RXRA","RPS6KA1","RRN3"
"RXRA","STK3","RRN3"
"RXRA","AKT","RRN3"
"RXRA","MAPK9","RRN3"
"RXRA","MAP3K4","RRN3"
"RXRA","CCAR2","RRN3"
"RXRA","NCOR2","RRN3"
"RXRA","CDK3","RRN3"
"RXRA","CAMKK2","RRN3"
"RXRA","GAB1","RRN3"
"RXRA","GRIP1","RRN3"
"RXRA","DAXX","RRN3"
"RXRA","CD28","RRN3"
"RXRA","INPP5D","RRN3"
"RXRA","PIK3R1","RRN3"
"RXRA","RUNX1","RRN3"
"RXRA","YY1","RRN3"
"RXRA","MRE11","RRN3"
"RXRA","PPP1R8","RRN3"
"RXRA","ABI1","RRN3"
"RXRA","DYNLL1","RRN3"
"RXRA","STAT2","RRN3"
"RXRA","MAPK3","MNX1"
"RXRA","ACP1","MNX1"
"RXRA","STK3","MNX1"
"RXRA","PPP1R1B","MNX1"
"RXRA","MAP3K4","MNX1"
"RXRA","SHC1","MNX1"
"RXRA","FLNA","MNX1"
"RXRA","GAB1","MNX1"
"RXRA","GRIPAP1","MNX1"
"RXRA","GRIP1","MNX1"
"RXRA","PIK3R1","MNX1"
"RXRA","CCNE1","MNX1"
"RXRA","NF2","MNX1"
"RXRA","RUNX1","MNX1"
"RXRA","MDC1","MNX1"
"RXRA","YY1","MNX1"
"RXRA","RCAN1","MNX1"
"RXRA","MRE11","MNX1"
"RXRA","FRAT1","MNX1"
"RXRA","PPP1R8","MNX1"
"RXRA","PCBP2","MNX1"
"RXRA","E2F1","MNX1"
"RXRA","LRP6","MNX1"
"RXRA","TIAM1","MNX1"
"RXRA","APC","MNX1"
"RXRA","STAT2","MNX1"
"RXRA","MAPK3","PKD2"
"RXRA","MAPK8","PKD2"
"RXRA","ACP1","PKD2"
"RXRA","CHEK1","PKD2"
"RXRA","EIF2AK2","PKD2"
"RXRA","PPP1R1B","PKD2"
"RXRA","MAPKAPK2","PKD2"
"RXRA","ITK","PKD2"
"RXRA","CDK3","PKD2"
"RXRA","NBR1","PKD2"
"RXRA","CAMKK2","PKD2"
"RXRA","SHC1","PKD2"
"RXRA","CCNO","PKD2"
"RXRA","SKP2","PKD2"
"RXRA","GRIP1","PKD2"
"RXRA","KHDRBS1","PKD2"
"RXRA","DAXX","PKD2"
"RXRA","CD28","PKD2"
"RXRA","PIK3R1","PKD2"
"RXRA","CCNE1","PKD2"
"RXRA","NF2","PKD2"
"RXRA","MDC1","PKD2"
"RXRA","YY1","PKD2"
"RXRA","MRE11","PKD2"
"RXRA","PPP1R8","PKD2"
"RXRA","ROR2","PKD2"
"RXRA","ABI1","PKD2"
"RXRA","PCBP2","PKD2"
"RXRA","LRP6","PKD2"
"RXRA","GRB14","PKD2"
"RXRA","TIAM1","PKD2"
"RXRA","APC","PKD2"
"RXRA","DYNLL1","PKD2"
"RXRA","MAPK3","SCN2A"
"RXRA","MAPK8","SCN2A"
"RXRA","STK3/4","SCN2A"
"RXRA","PRKCD","SCN2A"
"RXRA","RPS6K","SCN2A"
"RXRA","LCK","SCN2A"
"RXRA","CHEK1","SCN2A"
"RXRA","EIF2AK2","SCN2A"
"RXRA","STK3","SCN2A"
"RXRA","AKT","SCN2A"
"RXRA","PPP1R1B","SCN2A"
"RXRA","MAPKAPK2","SCN2A"
"RXRA","ITK","SCN2A"
"RXRA","PHLPP1","SCN2A"
"RXRA","NCOR2","SCN2A"
"RXRA","CDK3","SCN2A"
"RXRA","DEF6","SCN2A"
"RXRA","CAMKK2","SCN2A"
"RXRA","CCNO","SCN2A"
"RXRA","CDKN1B","SCN2A"
"RXRA","SKP2","SCN2A"
"RXRA","KHDRBS1","SCN2A"
"RXRA","ARRB2","SCN2A"
"RXRA","DAXX","SCN2A"
"RXRA","CD28","SCN2A"
"RXRA","INPP5D","SCN2A"
"RXRA","PIK3R1","SCN2A"
"RXRA","CCNE1","SCN2A"
"RXRA","NF2","SCN2A"
"RXRA","MDC1","SCN2A"
"RXRA","YY1","SCN2A"
"RXRA","RCAN1","SCN2A"
"RXRA","MRE11","SCN2A"
"RXRA","PPP1R8","SCN2A"
"RXRA","PCBP2","SCN2A"
"RXRA","SPEN","SCN2A"
"RXRA","NOTCH2","SCN2A"
"RXRA","APC","SCN2A"
"RXRA","DYNLL1","SCN2A"
"RXRA","MAPK3","PAPOLA"
"RXRA","MAPK8","PAPOLA"
"RXRA","STK3/4","PAPOLA"
"RXRA","PRKCD","PAPOLA"
"RXRA","ACP1","PAPOLA"
"RXRA","CSNK2A1","PAPOLA"
"RXRA","RPS6K","PAPOLA"
"RXRA","Gbeta","PAPOLA"
"RXRA","CHEK1","PAPOLA"
"RXRA","EIF2AK2","PAPOLA"
"RXRA","AKT","PAPOLA"
"RXRA","MAPK9","PAPOLA"
"RXRA","PPP1R1B","PAPOLA"
"RXRA","MAP3K4","PAPOLA"
"RXRA","MAPKAPK2","PAPOLA"
"RXRA","ITK","PAPOLA"
"RXRA","PHLPP1","PAPOLA"
"RXRA","NCOR2","PAPOLA"
"RXRA","DEF6","PAPOLA"
"RXRA","CAMKK2","PAPOLA"
"RXRA","CRK","PAPOLA"
"RXRA","CCNO","PAPOLA"
"RXRA","AXIN1","PAPOLA"
"RXRA","SKP2","PAPOLA"
"RXRA","GAB1","PAPOLA"
"RXRA","GRIPAP1","PAPOLA"
"RXRA","PSEN1","PAPOLA"
"RXRA","INPP5D","PAPOLA"
"RXRA","CCNE1","PAPOLA"
"RXRA","RUNX1","PAPOLA"
"RXRA","YY1","PAPOLA"
"RXRA","RCAN1","PAPOLA"
"RXRA","MRE11","PAPOLA"
"RXRA","FRAT1","PAPOLA"
"RXRA","ROR2","PAPOLA"
"RXRA","E2F1","PAPOLA"
"RXRA","GRB14","PAPOLA"
"RXRA","SPEN","PAPOLA"
"RXRA","DYNLL1","PAPOLA"
"RXRA","MAPK3","ORC2"
"RXRA","MAPK8","ORC2"
"RXRA","STK3/4","ORC2"
"RXRA","RPS6K","ORC2"
"RXRA","LCK","ORC2"
"RXRA","ABL1","ORC2"
"RXRA","AKT","ORC2"
"RXRA","PPP1R1B","ORC2"
"RXRA","MAP3K4","ORC2"
"RXRA","MAPKAPK2","ORC2"
"RXRA","ITK","ORC2"
"RXRA","CCAR2","ORC2"
"RXRA","NCOR2","ORC2"
"RXRA","DEF6","ORC2"
"RXRA","NBR1","ORC2"
"RXRA","CAMKK2","ORC2"
"RXRA","CCNO","ORC2"
"RXRA","AXIN1","ORC2"
"RXRA","SKP2","ORC2"
"RXRA","GAB1","ORC2"
"RXRA","GRIPAP1","ORC2"
"RXRA","KHDRBS1","ORC2"
"RXRA","ARRB2","ORC2"
"RXRA","DAXX","ORC2"
"RXRA","NF2","ORC2"
"RXRA","RUNX1","ORC2"
"RXRA","MDC1","ORC2"
"RXRA","AKAP11","ORC2"
"RXRA","RCAN1","ORC2"
"RXRA","FRAT1","ORC2"
"RXRA","PPP1R8","ORC2"
"RXRA","ABI1","ORC2"
"RXRA","PCBP2","ORC2"
"RXRA","LRP6","ORC2"
"RXRA","SPEN","ORC2"
"RXRA","TIAM1","ORC2"
"RXRA","APC","ORC2"
"RXRA","PLCG2","ORC2"
"RXRA","MAPK3","EIF2B5"
"RXRA","STK3/4","EIF2B5"
"RXRA","PRKCD","EIF2B5"
"RXRA","RPS6K","EIF2B5"
"RXRA","ABL1","EIF2B5"
"RXRA","EIF2AK2","EIF2B5"
"RXRA","RPS6KA1","EIF2B5"
"RXRA","AKT","EIF2B5"
"RXRA","MAP3K4","EIF2B5"
"RXRA","MAPKAPK2","EIF2B5"
"RXRA","PHLPP1","EIF2B5"
"RXRA","NBR1","EIF2B5"
"RXRA","SHC1","EIF2B5"
"RXRA","FLNA","EIF2B5"
"RXRA","ARRB2","EIF2B5"
"RXRA","DAXX","EIF2B5"
"RXRA","PSEN1","EIF2B5"
"RXRA","CD28","EIF2B5"
"RXRA","INPP5D","EIF2B5"
"RXRA","PIK3R1","EIF2B5"
"RXRA","CCNE1","EIF2B5"
"RXRA","RUNX1","EIF2B5"
"RXRA","AKAP11","EIF2B5"
"RXRA","RCAN1","EIF2B5"
"RXRA","ABI1","EIF2B5"
"RXRA","E2F1","EIF2B5"
"RXRA","LRP6","EIF2B5"
"RXRA","NOTCH2","EIF2B5"
"RXRA","PLCG2","EIF2B5"
"RXRA","MAPK8","ELAVL1"
"RXRA","STK3/4","ELAVL1"
"RXRA","PRKCD","ELAVL1"
"RXRA","ACP1","ELAVL1"
"RXRA","RPS6K","ELAVL1"
"RXRA","CHEK1","ELAVL1"
"RXRA","EIF2AK2","ELAVL1"
"RXRA","RPS6KA1","ELAVL1"
"RXRA","STK3","ELAVL1"
"RXRA","MAPK9","ELAVL1"
"RXRA","ITK","ELAVL1"
"RXRA","mTORC1","ELAVL1"
"RXRA","PHLPP1","ELAVL1"
"RXRA","CCAR2","ELAVL1"
"RXRA","CDK3","ELAVL1"
"RXRA","SHC1","ELAVL1"
"RXRA","CCNO","ELAVL1"
"RXRA","FLNA","ELAVL1"
"RXRA","GRIPAP1","ELAVL1"
"RXRA","CD28","ELAVL1"
"RXRA","PIK3R1","ELAVL1"
"RXRA","CCNE1","ELAVL1"
"RXRA","RUNX1","ELAVL1"
"RXRA","AKAP11","ELAVL1"
"RXRA","RCAN1","ELAVL1"
"RXRA","PPP1R8","ELAVL1"
"RXRA","PCBP2","ELAVL1"
"RXRA","TIAM1","ELAVL1"
"RXRA","NOTCH2","ELAVL1"
"RXRA","PLCG2","ELAVL1"
"RXRA","MAPK8","LIPE"
"RXRA","CSNK2A1","LIPE"
"RXRA","Gbeta","LIPE"
"RXRA","RPS6KA1","LIPE"
"RXRA","MAPK9","LIPE"
"RXRA","PPP1R1B","LIPE"
"RXRA","MAP3K4","LIPE"
"RXRA","mTORC1","LIPE"
"RXRA","PHLPP1","LIPE"
"RXRA","CCAR2","LIPE"
"RXRA","SHC1","LIPE"
"RXRA","SKP2","LIPE"
"RXRA","FLNA","LIPE"
"RXRA","GAB1","LIPE"
"RXRA","DAXX","LIPE"
"RXRA","PSEN1","LIPE"
"RXRA","CD28","LIPE"
"RXRA","INPP5D","LIPE"
"RXRA","PIK3R1","LIPE"
"RXRA","MDC1","LIPE"
"RXRA","AKAP11","LIPE"
"RXRA","RCAN1","LIPE"
"RXRA","MRE11","LIPE"
"RXRA","FRAT1","LIPE"
"RXRA","ROR2","LIPE"
"RXRA","ABI1","LIPE"
"RXRA","SPEN","LIPE"
"RXRA","NOTCH2","LIPE"
"RXRA","APC","LIPE"
"RXRA","DYNLL1","LIPE"
"RXRA","STAT2","LIPE"
"RXRA","PLCG2","LIPE"
"RXRA","MAPK8","EIF5"
"RXRA","STK3/4","EIF5"
"RXRA","ACP1","EIF5"
"RXRA","RPS6K","EIF5"
"RXRA","Gbeta","EIF5"
"RXRA","ABL1","EIF5"
"RXRA","RPS6KA1","EIF5"
"RXRA","AKT","EIF5"
"RXRA","MAPK9","EIF5"
"RXRA","PPP1R1B","EIF5"
"RXRA","MAP3K4","EIF5"
"RXRA","MAPKAPK2","EIF5"
"RXRA","ITK","EIF5"
"RXRA","PHLPP1","EIF5"
"RXRA","NCOR2","EIF5"
"RXRA","CDK3","EIF5"
"RXRA","CAMKK2","EIF5"
"RXRA","SHC1","EIF5"
"RXRA","CCNO","EIF5"
"RXRA","AXIN1","EIF5"
"RXRA","SKP2","EIF5"
"RXRA","FLNA","EIF5"
"RXRA","PSEN1","EIF5"
"RXRA","CD28","EIF5"
"RXRA","INPP5D","EIF5"
"RXRA","PIK3R1","EIF5"
"RXRA","RUNX1","EIF5"
"RXRA","MDC1","EIF5"
"RXRA","AKAP11","EIF5"
"RXRA","YY1","EIF5"
"RXRA","RCAN1","EIF5"
"RXRA","MRE11","EIF5"
"RXRA","PPP1R8","EIF5"
"RXRA","ROR2","EIF5"
"RXRA","PCBP2","EIF5"
"RXRA","E2F1","EIF5"
"RXRA","GRB14","EIF5"
"RXRA","SPEN","EIF5"
"RXRA","TIAM1","EIF5"
"RXRA","NOTCH2","EIF5"
"RXRA","APC","EIF5"
"RXRA","STAT2","EIF5"
"RXRA","MAPK3","IGFBP3"
"RXRA","PRKCD","IGFBP3"
"RXRA","Gbeta","IGFBP3"
"RXRA","LCK","IGFBP3"
"RXRA","ABL1","IGFBP3"
"RXRA","CHEK1","IGFBP3"
"RXRA","EIF2AK2","IGFBP3"
"RXRA","MAP3K4","IGFBP3"
"RXRA","mTORC1","IGFBP3"
"RXRA","CCAR2","IGFBP3"
"RXRA","NCOR2","IGFBP3"
"RXRA","NBR1","IGFBP3"
"RXRA","CCNO","IGFBP3"
"RXRA","CDKN1B","IGFBP3"
"RXRA","SKP2","IGFBP3"
"RXRA","GRIPAP1","IGFBP3"
"RXRA","KHDRBS1","IGFBP3"
"RXRA","DAXX","IGFBP3"
"RXRA","CD28","IGFBP3"
"RXRA","MDC1","IGFBP3"
"RXRA","MRE11","IGFBP3"
"RXRA","ROR2","IGFBP3"
"RXRA","E2F1","IGFBP3"
"RXRA","LRP6","IGFBP3"
"RXRA","SPEN","IGFBP3"
"RXRA","TIAM1","IGFBP3"
"RXRA","PLCG2","IGFBP3"
"RXRA","PRKCD","STAT5B"
"RXRA","ACP1","STAT5B"
"RXRA","RPS6K","STAT5B"
"RXRA","Gbeta","STAT5B"
"RXRA","LCK","STAT5B"
"RXRA","ABL1","STAT5B"
"RXRA","CHEK1","STAT5B"
"RXRA","RPS6KA1","STAT5B"
"RXRA","STK3","STAT5B"
"RXRA","MAPK9","STAT5B"
"RXRA","MAP3K4","STAT5B"
"RXRA","PHLPP1","STAT5B"
"RXRA","CCAR2","STAT5B"
"RXRA","CDK3","STAT5B"
"RXRA","DEF6","STAT5B"
"RXRA","NBR1","STAT5B"
"RXRA","CAMKK2","STAT5B"
"RXRA","SHC1","STAT5B"
"RXRA","CCNO","STAT5B"
"RXRA","FLNA","STAT5B"
"RXRA","GAB1","STAT5B"
"RXRA","GRIPAP1","STAT5B"
"RXRA","KHDRBS1","STAT5B"
"RXRA","PSEN1","STAT5B"
"RXRA","CD28","STAT5B"
"RXRA","NF2","STAT5B"
"RXRA","RUNX1","STAT5B"
"RXRA","MDC1","STAT5B"
"RXRA","YY1","STAT5B"
"RXRA","RCAN1","STAT5B"
"RXRA","ABI1","STAT5B"
"RXRA","SPEN","STAT5B"
"RXRA","NOTCH2","STAT5B"
"RXRA","PLCG2","STAT5B"
"RXRA","CSNK2A1","AGO2"
"RXRA","Gbeta","AGO2"
"RXRA","EIF2AK2","AGO2"
"RXRA","STK3","AGO2"
"RXRA","AKT","AGO2"
"RXRA","MAPK9","AGO2"
"RXRA","PHLPP1","AGO2"
"RXRA","CDK3","AGO2"
"RXRA","DEF6","AGO2"
"RXRA","SHC1","AGO2"
"RXRA","AXIN1","AGO2"
"RXRA","CDKN1B","AGO2"
"RXRA","GAB1","AGO2"
"RXRA","GRIPAP1","AGO2"
"RXRA","PSEN1","AGO2"
"RXRA","PIK3R1","AGO2"
"RXRA","CCNE1","AGO2"
"RXRA","MDC1","AGO2"
"RXRA","FRAT1","AGO2"
"RXRA","E2F1","AGO2"
"RXRA","LRP6","AGO2"
"RXRA","SPEN","AGO2"
"RXRA","DYNLL1","AGO2"
"RXRA","CSNK2A1","IL16"
"RXRA","Gbeta","IL16"
"RXRA","LCK","IL16"
"RXRA","ABL1","IL16"
"RXRA","mTORC1","IL16"
"RXRA","PHLPP1","IL16"
"RXRA","NCOR2","IL16"
"RXRA","CAMKK2","IL16"
"RXRA","CRK","IL16"
"RXRA","SHC1","IL16"
"RXRA","KHDRBS1","IL16"
"RXRA","DAXX","IL16"
"RXRA","INPP5D","IL16"
"RXRA","PIK3R1","IL16"
"RXRA","CCNE1","IL16"
"RXRA","NF2","IL16"
"RXRA","AKAP11","IL16"
"RXRA","RCAN1","IL16"
"RXRA","MRE11","IL16"
"RXRA","PPP1R8","IL16"
"RXRA","ROR2","IL16"
"RXRA","PCBP2","IL16"
"RXRA","E2F1","IL16"
"RXRA","LRP6","IL16"
"RXRA","TIAM1","IL16"
"RXRA","NOTCH2","IL16"
"RXRA","STAT2","IL16"
"RXRA","ACP1","CCR4-NOT complex"
"RXRA","LCK","CCR4-NOT complex"
"RXRA","ABL1","CCR4-NOT complex"
"RXRA","RPS6KA1","CCR4-NOT complex"
"RXRA","STK3","CCR4-NOT complex"
"RXRA","AKT","CCR4-NOT complex"
"RXRA","MAPK9","CCR4-NOT complex"
"RXRA","PPP1R1B","CCR4-NOT complex"
"RXRA","MAPKAPK2","CCR4-NOT complex"
"RXRA","ITK","CCR4-NOT complex"
"RXRA","CCAR2","CCR4-NOT complex"
"RXRA","CDK3","CCR4-NOT complex"
"RXRA","CAMKK2","CCR4-NOT complex"
"RXRA","CDKN1B","CCR4-NOT complex"
"RXRA","SKP2","CCR4-NOT complex"
"RXRA","FLNA","CCR4-NOT complex"
"RXRA","GRIP1","CCR4-NOT complex"
"RXRA","KHDRBS1","CCR4-NOT complex"
"RXRA","PIK3R1","CCR4-NOT complex"
"RXRA","CCNE1","CCR4-NOT complex"
"RXRA","RUNX1","CCR4-NOT complex"
"RXRA","MDC1","CCR4-NOT complex"
"RXRA","YY1","CCR4-NOT complex"
"RXRA","RCAN1","CCR4-NOT complex"
"RXRA","FRAT1","CCR4-NOT complex"
"RXRA","PPP1R8","CCR4-NOT complex"
"RXRA","ROR2","CCR4-NOT complex"
"RXRA","LRP6","CCR4-NOT complex"
"RXRA","GRB14","CCR4-NOT complex"
"RXRA","SPEN","CCR4-NOT complex"
"RXRA","APC","CCR4-NOT complex"
"RXRA","STAT2","CCR4-NOT complex"
"RXRA","PLCG2","CCR4-NOT complex"
"RXRA","MAPK8","CD5"
"RXRA","STK3/4","CD5"
"RXRA","ACP1","CD5"
"RXRA","Gbeta","CD5"
"RXRA","CHEK1","CD5"
"RXRA","RPS6KA1","CD5"
"RXRA","MAPK9","CD5"
"RXRA","PPP1R1B","CD5"
"RXRA","MAP3K4","CD5"
"RXRA","mTORC1","CD5"
"RXRA","NCOR2","CD5"
"RXRA","NBR1","CD5"
"RXRA","CRK","CD5"
"RXRA","SHC1","CD5"
"RXRA","CDKN1B","CD5"
"RXRA","DAXX","CD5"
"RXRA","INPP5D","CD5"
"RXRA","PIK3R1","CD5"
"RXRA","ROR2","CD5"
"RXRA","ABI1","CD5"
"RXRA","E2F1","CD5"
"RXRA","SPEN","CD5"
"RXRA","NOTCH2","CD5"
"RXRA","APC","CD5"
"RXRA","MAPK3","APEX1"
"RXRA","RPS6K","APEX1"
"RXRA","EIF2AK2","APEX1"
"RXRA","RPS6KA1","APEX1"
"RXRA","MAP3K4","APEX1"
"RXRA","mTORC1","APEX1"
"RXRA","CCAR2","APEX1"
"RXRA","NCOR2","APEX1"
"RXRA","CDK3","APEX1"
"RXRA","CAMKK2","APEX1"
"RXRA","CRK","APEX1"
"RXRA","GRIPAP1","APEX1"
"RXRA","DAXX","APEX1"
"RXRA","PIK3R1","APEX1"
"RXRA","CCNE1","APEX1"
"RXRA","AKAP11","APEX1"
"RXRA","YY1","APEX1"
"RXRA","RCAN1","APEX1"
"RXRA","ROR2","APEX1"
"RXRA","TIAM1","APEX1"
"RXRA","APC","APEX1"
"RXRA","STK3/4","POLA1"
"RXRA","PRKCD","POLA1"
"RXRA","CSNK2A1","POLA1"
"RXRA","LCK","POLA1"
"RXRA","ABL1","POLA1"
"RXRA","CHEK1","POLA1"
"RXRA","EIF2AK2","POLA1"
"RXRA","STK3","POLA1"
"RXRA","ITK","POLA1"
"RXRA","SHC1","POLA1"
"RXRA","AXIN1","POLA1"
"RXRA","CDKN1B","POLA1"
"RXRA","SKP2","POLA1"
"RXRA","GRIP1","POLA1"
"RXRA","ARRB2","POLA1"
"RXRA","INPP5D","POLA1"
"RXRA","PIK3R1","POLA1"
"RXRA","MDC1","POLA1"
"RXRA","AKAP11","POLA1"
"RXRA","PPP1R8","POLA1"
"RXRA","ABI1","POLA1"
"RXRA","SPEN","POLA1"
"RXRA","STAT2","POLA1"
"RXRA","MAPK3","JUND"
"RXRA","ACP1","JUND"
"RXRA","RPS6K","JUND"
"RXRA","Gbeta","JUND"
"RXRA","LCK","JUND"
"RXRA","RPS6KA1","JUND"
"RXRA","STK3","JUND"
"RXRA","MAP3K4","JUND"
"RXRA","NCOR2","JUND"
"RXRA","NBR1","JUND"
"RXRA","CAMKK2","JUND"
"RXRA","CDKN1B","JUND"
"RXRA","GAB1","JUND"
"RXRA","GRIP1","JUND"
"RXRA","ARRB2","JUND"
"RXRA","DAXX","JUND"
"RXRA","PSEN1","JUND"
"RXRA","CCNE1","JUND"
"RXRA","YY1","JUND"
"RXRA","RCAN1","JUND"
"RXRA","ROR2","JUND"
"RXRA","PCBP2","JUND"
"RXRA","DYNLL1","JUND"
"RXRA","PLCG2","JUND"
"RXRA","MAPK3","CD33"
"RXRA","STK3/4","CD33"
"RXRA","EIF2AK2","CD33"
"RXRA","MAPK9","CD33"
"RXRA","ITK","CD33"
"RXRA","mTORC1","CD33"
"RXRA","CRK","CD33"
"RXRA","CCNO","CD33"
"RXRA","AXIN1","CD33"
"RXRA","SKP2","CD33"
"RXRA","PIK3R1","CD33"
"RXRA","CCNE1","CD33"
"RXRA","AKAP11","CD33"
"RXRA","FRAT1","CD33"
"RXRA","NOTCH2","CD33"
"RXRA","PRKCD","ARID3A"
"RXRA","Gbeta","ARID3A"
"RXRA","LCK","ARID3A"
"RXRA","EIF2AK2","ARID3A"
"RXRA","AKT","ARID3A"
"RXRA","PPP1R1B","ARID3A"
"RXRA","MAP3K4","ARID3A"
"RXRA","ITK","ARID3A"
"RXRA","mTORC1","ARID3A"
"RXRA","CCAR2","ARID3A"
"RXRA","NCOR2","ARID3A"
"RXRA","AXIN1","ARID3A"
"RXRA","SKP2","ARID3A"
"RXRA","FLNA","ARID3A"
"RXRA","GAB1","ARID3A"
"RXRA","NF2","ARID3A"
"RXRA","RUNX1","ARID3A"
"RXRA","AKAP11","ARID3A"
"RXRA","MRE11","ARID3A"
"RXRA","FRAT1","ARID3A"
"RXRA","PPP1R8","ARID3A"
"RXRA","ROR2","ARID3A"
"RXRA","LRP6","ARID3A"
"RXRA","GRB14","ARID3A"
"RXRA","SPEN","ARID3A"
"RXRA","TIAM1","ARID3A"
"RXRA","NOTCH2","ARID3A"
"RXRA","MAPK8","ALOX5"
"RXRA","STK3/4","ALOX5"
"RXRA","PRKCD","ALOX5"
"RXRA","RPS6K","ALOX5"
"RXRA","LCK","ALOX5"
"RXRA","ABL1","ALOX5"
"RXRA","EIF2AK2","ALOX5"
"RXRA","RPS6KA1","ALOX5"
"RXRA","AKT","ALOX5"
"RXRA","MAP3K4","ALOX5"
"RXRA","MAPKAPK2","ALOX5"
"RXRA","ITK","ALOX5"
"RXRA","CCAR2","ALOX5"
"RXRA","NCOR2","ALOX5"
"RXRA","DEF6","ALOX5"
"RXRA","NBR1","ALOX5"
"RXRA","SHC1","ALOX5"
"RXRA","CDKN1B","ALOX5"
"RXRA","FLNA","ALOX5"
"RXRA","GAB1","ALOX5"
"RXRA","DAXX","ALOX5"
"RXRA","CCNE1","ALOX5"
"RXRA","NF2","ALOX5"
"RXRA","RUNX1","ALOX5"
"RXRA","RCAN1","ALOX5"
"RXRA","PCBP2","ALOX5"
"RXRA","SPEN","ALOX5"
"RXRA","NOTCH2","ALOX5"
"RXRA","DYNLL1","ALOX5"
"RXRA","MAPK3","TERF1"
"RXRA","MAPK8","TERF1"
"RXRA","LCK","TERF1"
"RXRA","RPS6KA1","TERF1"
"RXRA","mTORC1","TERF1"
"RXRA","NCOR2","TERF1"
"RXRA","CDK3","TERF1"
"RXRA","SHC1","TERF1"
"RXRA","CDKN1B","TERF1"
"RXRA","GAB1","TERF1"
"RXRA","GRIP1","TERF1"
"RXRA","KHDRBS1","TERF1"
"RXRA","ARRB2","TERF1"
"RXRA","CCNE1","TERF1"
"RXRA","NF2","TERF1"
"RXRA","AKAP11","TERF1"
"RXRA","YY1","TERF1"
"RXRA","FRAT1","TERF1"
"RXRA","PPP1R8","TERF1"
"RXRA","ROR2","TERF1"
"RXRA","PCBP2","TERF1"
"RXRA","E2F1","TERF1"
"RXRA","GRB14","TERF1"
"RXRA","SPEN","TERF1"
"RXRA","TIAM1","TERF1"
"RXRA","NOTCH2","TERF1"
"RXRA","APC","TERF1"
"RXRA","MAPK8","LIG1"
"RXRA","Gbeta","LIG1"
"RXRA","LCK","LIG1"
"RXRA","CHEK1","LIG1"
"RXRA","STK3","LIG1"
"RXRA","PPP1R1B","LIG1"
"RXRA","ITK","LIG1"
"RXRA","DEF6","LIG1"
"RXRA","NBR1","LIG1"
"RXRA","CRK","LIG1"
"RXRA","CDKN1B","LIG1"
"RXRA","GAB1","LIG1"
"RXRA","GRIPAP1","LIG1"
"RXRA","DAXX","LIG1"
"RXRA","PSEN1","LIG1"
"RXRA","RUNX1","LIG1"
"RXRA","MDC1","LIG1"
"RXRA","RCAN1","LIG1"
"RXRA","MRE11","LIG1"
"RXRA","FRAT1","LIG1"
"RXRA","ROR2","LIG1"
"RXRA","ABI1","LIG1"
"RXRA","E2F1","LIG1"
"RXRA","LRP6","LIG1"
"RXRA","SPEN","LIG1"
"RXRA","NOTCH2","LIG1"
"RXRA","APC","LIG1"
"RXRA","PLCG2","LIG1"
"RXRA","MAPK3","MED1"
"RXRA","STK3/4","MED1"
"RXRA","PRKCD","MED1"
"RXRA","CSNK2A1","MED1"
"RXRA","RPS6K","MED1"
"RXRA","CHEK1","MED1"
"RXRA","PPP1R1B","MED1"
"RXRA","mTORC1","MED1"
"RXRA","NCOR2","MED1"
"RXRA","CDK3","MED1"
"RXRA","DEF6","MED1"
"RXRA","NBR1","MED1"
"RXRA","CAMKK2","MED1"
"RXRA","CRK","MED1"
"RXRA","SHC1","MED1"
"RXRA","AXIN1","MED1"
"RXRA","CDKN1B","MED1"
"RXRA","GAB1","MED1"
"RXRA","GRIP1","MED1"
"RXRA","DAXX","MED1"
"RXRA","PSEN1","MED1"
"RXRA","INPP5D","MED1"
"RXRA","NF2","MED1"
"RXRA","RUNX1","MED1"
"RXRA","MDC1","MED1"
"RXRA","YY1","MED1"
"RXRA","RCAN1","MED1"
"RXRA","MRE11","MED1"
"RXRA","PPP1R8","MED1"
"RXRA","ROR2","MED1"
"RXRA","PCBP2","MED1"
"RXRA","E2F1","MED1"
"RXRA","LRP6","MED1"
"RXRA","SPEN","MED1"
"RXRA","TIAM1","MED1"
"RXRA","NOTCH2","MED1"
"RXRA","APC","MED1"
"RXRA","DYNLL1","MED1"
"RXRA","STAT2","MED1"
"RXRA","MAPK3","PELP1"
"RXRA","ACP1","PELP1"
"RXRA","CSNK2A1","PELP1"
"RXRA","RPS6K","PELP1"
"RXRA","Gbeta","PELP1"
"RXRA","ABL1","PELP1"
"RXRA","EIF2AK2","PELP1"
"RXRA","RPS6KA1","PELP1"
"RXRA","AKT","PELP1"
"RXRA","MAPK9","PELP1"
"RXRA","MAP3K4","PELP1"
"RXRA","mTORC1","PELP1"
"RXRA","PHLPP1","PELP1"
"RXRA","CCAR2","PELP1"
"RXRA","NCOR2","PELP1"
"RXRA","DEF6","PELP1"
"RXRA","NBR1","PELP1"
"RXRA","CAMKK2","PELP1"
"RXRA","SHC1","PELP1"
"RXRA","CDKN1B","PELP1"
"RXRA","GAB1","PELP1"
"RXRA","GRIP1","PELP1"
"RXRA","KHDRBS1","PELP1"
"RXRA","DAXX","PELP1"
"RXRA","PIK3R1","PELP1"
"RXRA","CCNE1","PELP1"
"RXRA","RUNX1","PELP1"
"RXRA","AKAP11","PELP1"
"RXRA","YY1","PELP1"
"RXRA","MRE11","PELP1"
"RXRA","FRAT1","PELP1"
"RXRA","PPP1R8","PELP1"
"RXRA","ROR2","PELP1"
"RXRA","PCBP2","PELP1"
"RXRA","NOTCH2","PELP1"
"RXRA","STAT2","PELP1"
"RXRA","PLCG2","PELP1"
"RXRA","MAPK3","TWIST1"
"RXRA","STK3/4","TWIST1"
"RXRA","PRKCD","TWIST1"
"RXRA","CSNK2A1","TWIST1"
"RXRA","LCK","TWIST1"
"RXRA","STK3","TWIST1"
"RXRA","MAPK9","TWIST1"
"RXRA","MAP3K4","TWIST1"
"RXRA","MAPKAPK2","TWIST1"
"RXRA","ITK","TWIST1"
"RXRA","PHLPP1","TWIST1"
"RXRA","CCAR2","TWIST1"
"RXRA","CAMKK2","TWIST1"
"RXRA","CRK","TWIST1"
"RXRA","SHC1","TWIST1"
"RXRA","CCNO","TWIST1"
"RXRA","AXIN1","TWIST1"
"RXRA","FLNA","TWIST1"
"RXRA","GAB1","TWIST1"
"RXRA","GRIPAP1","TWIST1"
"RXRA","GRIP1","TWIST1"
"RXRA","ARRB2","TWIST1"
"RXRA","DAXX","TWIST1"
"RXRA","PSEN1","TWIST1"
"RXRA","CD28","TWIST1"
"RXRA","PIK3R1","TWIST1"
"RXRA","CCNE1","TWIST1"
"RXRA","NF2","TWIST1"
"RXRA","RUNX1","TWIST1"
"RXRA","MDC1","TWIST1"
"RXRA","AKAP11","TWIST1"
"RXRA","YY1","TWIST1"
"RXRA","RCAN1","TWIST1"
"RXRA","FRAT1","TWIST1"
"RXRA","PPP1R8","TWIST1"
"RXRA","ROR2","TWIST1"
"RXRA","PCBP2","TWIST1"
"RXRA","E2F1","TWIST1"
"RXRA","LRP6","TWIST1"
"RXRA","GRB14","TWIST1"
"RXRA","SPEN","TWIST1"
"RXRA","TIAM1","TWIST1"
"RXRA","DYNLL1","TWIST1"
"RXRA","STAT2","TWIST1"
"RXRA","PLCG2","TWIST1"
"RXRA","MAPK3","HSF1"
"RXRA","MAPK8","HSF1"
"RXRA","STK3/4","HSF1"
"RXRA","PRKCD","HSF1"
"RXRA","ACP1","HSF1"
"RXRA","CSNK2A1","HSF1"
"RXRA","RPS6K","HSF1"
"RXRA","ABL1","HSF1"
"RXRA","EIF2AK2","HSF1"
"RXRA","STK3","HSF1"
"RXRA","PPP1R1B","HSF1"
"RXRA","MAPKAPK2","HSF1"
"RXRA","ITK","HSF1"
"RXRA","mTORC1","HSF1"
"RXRA","CCAR2","HSF1"
"RXRA","NCOR2","HSF1"
"RXRA","CAMKK2","HSF1"
"RXRA","CRK","HSF1"
"RXRA","SHC1","HSF1"
"RXRA","AXIN1","HSF1"
"RXRA","SKP2","HSF1"
"RXRA","GAB1","HSF1"
"RXRA","GRIPAP1","HSF1"
"RXRA","GRIP1","HSF1"
"RXRA","INPP5D","HSF1"
"RXRA","NF2","HSF1"
"RXRA","AKAP11","HSF1"
"RXRA","YY1","HSF1"
"RXRA","RCAN1","HSF1"
"RXRA","ABI1","HSF1"
"RXRA","PCBP2","HSF1"
"RXRA","E2F1","HSF1"
"RXRA","SPEN","HSF1"
"RXRA","APC","HSF1"
"RXRA","DYNLL1","HSF1"
"RXRA","STAT2","HSF1"
"RXRA","MAPK3","HIF1A"
"RXRA","MAPK8","HIF1A"
"RXRA","CSNK2A1","HIF1A"
"RXRA","RPS6K","HIF1A"
"RXRA","Gbeta","HIF1A"
"RXRA","EIF2AK2","HIF1A"
"RXRA","RPS6KA1","HIF1A"
"RXRA","STK3","HIF1A"
"RXRA","AKT","HIF1A"
"RXRA","MAP3K4","HIF1A"
"RXRA","ITK","HIF1A"
"RXRA","PHLPP1","HIF1A"
"RXRA","CCAR2","HIF1A"
"RXRA","NCOR2","HIF1A"
"RXRA","CDK3","HIF1A"
"RXRA","CAMKK2","HIF1A"
"RXRA","CRK","HIF1A"
"RXRA","AXIN1","HIF1A"
"RXRA","CDKN1B","HIF1A"
"RXRA","FLNA","HIF1A"
"RXRA","GAB1","HIF1A"
"RXRA","KHDRBS1","HIF1A"
"RXRA","DAXX","HIF1A"
"RXRA","PSEN1","HIF1A"
"RXRA","INPP5D","HIF1A"
"RXRA","PIK3R1","HIF1A"
"RXRA","CCNE1","HIF1A"
"RXRA","RUNX1","HIF1A"
"RXRA","RCAN1","HIF1A"
"RXRA","MRE11","HIF1A"
"RXRA","PPP1R8","HIF1A"
"RXRA","ABI1","HIF1A"
"RXRA","E2F1","HIF1A"
"RXRA","LRP6","HIF1A"
"RXRA","SPEN","HIF1A"
"RXRA","TIAM1","HIF1A"
"RXRA","APC","HIF1A"
"RXRA","STAT2","HIF1A"
"RXRA","PLCG2","HIF1A"
"RXRA","MAPK8","TFAP2A"
"RXRA","STK3/4","TFAP2A"
"RXRA","ACP1","TFAP2A"
"RXRA","RPS6K","TFAP2A"
"RXRA","LCK","TFAP2A"
"RXRA","ABL1","TFAP2A"
"RXRA","RPS6KA1","TFAP2A"
"RXRA","MAPK9","TFAP2A"
"RXRA","MAP3K4","TFAP2A"
"RXRA","MAPKAPK2","TFAP2A"
"RXRA","PHLPP1","TFAP2A"
"RXRA","CCAR2","TFAP2A"
"RXRA","NCOR2","TFAP2A"
"RXRA","CDK3","TFAP2A"
"RXRA","DEF6","TFAP2A"
"RXRA","CCNO","TFAP2A"
"RXRA","AXIN1","TFAP2A"
"RXRA","CDKN1B","TFAP2A"
"RXRA","FLNA","TFAP2A"
"RXRA","GRIP1","TFAP2A"
"RXRA","KHDRBS1","TFAP2A"
"RXRA","ARRB2","TFAP2A"
"RXRA","DAXX","TFAP2A"
"RXRA","PIK3R1","TFAP2A"
"RXRA","NF2","TFAP2A"
"RXRA","YY1","TFAP2A"
"RXRA","MRE11","TFAP2A"
"RXRA","PPP1R8","TFAP2A"
"RXRA","SPEN","TFAP2A"
"RXRA","TIAM1","TFAP2A"
"RXRA","DYNLL1","TFAP2A"
"RXRA","PLCG2","TFAP2A"
"RXRA","MAPK8","SP3"
"RXRA","STK3/4","SP3"
"RXRA","PRKCD","SP3"
"RXRA","CSNK2A1","SP3"
"RXRA","ABL1","SP3"
"RXRA","CHEK1","SP3"
"RXRA","STK3","SP3"
"RXRA","AKT","SP3"
"RXRA","PPP1R1B","SP3"
"RXRA","MAP3K4","SP3"
"RXRA","ITK","SP3"
"RXRA","mTORC1","SP3"
"RXRA","CCAR2","SP3"
"RXRA","CDK3","SP3"
"RXRA","DEF6","SP3"
"RXRA","NBR1","SP3"
"RXRA","CAMKK2","SP3"
"RXRA","CCNO","SP3"
"RXRA","AXIN1","SP3"
"RXRA","SKP2","SP3"
"RXRA","FLNA","SP3"
"RXRA","GRIP1","SP3"
"RXRA","DAXX","SP3"
"RXRA","CD28","SP3"
"RXRA","INPP5D","SP3"
"RXRA","PIK3R1","SP3"
"RXRA","CCNE1","SP3"
"RXRA","NF2","SP3"
"RXRA","RUNX1","SP3"
"RXRA","AKAP11","SP3"
"RXRA","RCAN1","SP3"
"RXRA","MRE11","SP3"
"RXRA","FRAT1","SP3"
"RXRA","E2F1","SP3"
"RXRA","LRP6","SP3"
"RXRA","GRB14","SP3"
"RXRA","SPEN","SP3"
"RXRA","TIAM1","SP3"
"RXRA","PLCG2","SP3"
"RXRA","STK3/4","CAPN2"
"RXRA","PRKCD","CAPN2"
"RXRA","ACP1","CAPN2"
"RXRA","CSNK2A1","CAPN2"
"RXRA","RPS6K","CAPN2"
"RXRA","Gbeta","CAPN2"
"RXRA","LCK","CAPN2"
"RXRA","ABL1","CAPN2"
"RXRA","CHEK1","CAPN2"
"RXRA","RPS6KA1","CAPN2"
"RXRA","MAPK9","CAPN2"
"RXRA","PPP1R1B","CAPN2"
"RXRA","MAP3K4","CAPN2"
"RXRA","MAPKAPK2","CAPN2"
"RXRA","PHLPP1","CAPN2"
"RXRA","CCAR2","CAPN2"
"RXRA","CDK3","CAPN2"
"RXRA","DEF6","CAPN2"
"RXRA","CAMKK2","CAPN2"
"RXRA","CCNO","CAPN2"
"RXRA","AXIN1","CAPN2"
"RXRA","FLNA","CAPN2"
"RXRA","ARRB2","CAPN2"
"RXRA","DAXX","CAPN2"
"RXRA","RUNX1","CAPN2"
"RXRA","MRE11","CAPN2"
"RXRA","FRAT1","CAPN2"
"RXRA","PPP1R8","CAPN2"
"RXRA","ROR2","CAPN2"
"RXRA","ABI1","CAPN2"
"RXRA","PCBP2","CAPN2"
"RXRA","E2F1","CAPN2"
"RXRA","TIAM1","CAPN2"
"RXRA","APC","CAPN2"
"RXRA","MAPK8","CDC37"
"RXRA","PRKCD","CDC37"
"RXRA","ACP1","CDC37"
"RXRA","ABL1","CDC37"
"RXRA","STK3","CDC37"
"RXRA","AKT","CDC37"
"RXRA","MAPK9","CDC37"
"RXRA","PPP1R1B","CDC37"
"RXRA","MAP3K4","CDC37"
"RXRA","ITK","CDC37"
"RXRA","NCOR2","CDC37"
"RXRA","CDK3","CDC37"
"RXRA","DEF6","CDC37"
"RXRA","NBR1","CDC37"
"RXRA","CAMKK2","CDC37"
"RXRA","CRK","CDC37"
"RXRA","CCNO","CDC37"
"RXRA","AXIN1","CDC37"
"RXRA","SKP2","CDC37"
"RXRA","GRIPAP1","CDC37"
"RXRA","KHDRBS1","CDC37"
"RXRA","ARRB2","CDC37"
"RXRA","DAXX","CDC37"
"RXRA","PSEN1","CDC37"
"RXRA","PIK3R1","CDC37"
"RXRA","CCNE1","CDC37"
"RXRA","MDC1","CDC37"
"RXRA","RCAN1","CDC37"
"RXRA","PPP1R8","CDC37"
"RXRA","ABI1","CDC37"
"RXRA","PCBP2","CDC37"
"RXRA","LRP6","CDC37"
"RXRA","GRB14","CDC37"
"RXRA","SPEN","CDC37"
"RXRA","TIAM1","CDC37"
"RXRA","NOTCH2","CDC37"
"RXRA","PLCG2","CDC37"
"RXRA","MAPK3","HDAC6"
"RXRA","MAPK8","HDAC6"
"RXRA","ACP1","HDAC6"
"RXRA","RPS6K","HDAC6"
"RXRA","Gbeta","HDAC6"
"RXRA","CHEK1","HDAC6"
"RXRA","RPS6KA1","HDAC6"
"RXRA","MAPK9","HDAC6"
"RXRA","PPP1R1B","HDAC6"
"RXRA","MAP3K4","HDAC6"
"RXRA","MAPKAPK2","HDAC6"
"RXRA","mTORC1","HDAC6"
"RXRA","PHLPP1","HDAC6"
"RXRA","NCOR2","HDAC6"
"RXRA","CDK3","HDAC6"
"RXRA","CAMKK2","HDAC6"
"RXRA","CCNO","HDAC6"
"RXRA","CDKN1B","HDAC6"
"RXRA","SKP2","HDAC6"
"RXRA","FLNA","HDAC6"
"RXRA","GAB1","HDAC6"
"RXRA","GRIPAP1","HDAC6"
"RXRA","GRIP1","HDAC6"
"RXRA","KHDRBS1","HDAC6"
"RXRA","INPP5D","HDAC6"
"RXRA","PIK3R1","HDAC6"
"RXRA","NF2","HDAC6"
"RXRA","MDC1","HDAC6"
"RXRA","YY1","HDAC6"
"RXRA","RCAN1","HDAC6"
"RXRA","ABI1","HDAC6"
"RXRA","LRP6","HDAC6"
"RXRA","GRB14","HDAC6"
"RXRA","SPEN","HDAC6"
"RXRA","TIAM1","HDAC6"
"RXRA","APC","HDAC6"
"RXRA","DYNLL1","HDAC6"
"RXRA","PLCG2","HDAC6"
"RXRA","MAPK3","KLF5"
"RXRA","PRKCD","KLF5"
"RXRA","RPS6K","KLF5"
"RXRA","LCK","KLF5"
"RXRA","ABL1","KLF5"
"RXRA","EIF2AK2","KLF5"
"RXRA","RPS6KA1","KLF5"
"RXRA","AKT","KLF5"
"RXRA","MAPKAPK2","KLF5"
"RXRA","mTORC1","KLF5"
"RXRA","NCOR2","KLF5"
"RXRA","SHC1","KLF5"
"RXRA","CDKN1B","KLF5"
"RXRA","GAB1","KLF5"
"RXRA","GRIPAP1","KLF5"
"RXRA","KHDRBS1","KLF5"
"RXRA","PSEN1","KLF5"
"RXRA","PIK3R1","KLF5"
"RXRA","CCNE1","KLF5"
"RXRA","YY1","KLF5"
"RXRA","ABI1","KLF5"
"RXRA","E2F1","KLF5"
"RXRA","LRP6","KLF5"
"RXRA","TIAM1","KLF5"
"RXRA","APC","KLF5"
"RXRA","DYNLL1","KLF5"
"RXRA","STAT2","KLF5"
"RXRA","ACP1","CACNA1B"
"RXRA","CSNK2A1","CACNA1B"
"RXRA","LCK","CACNA1B"
"RXRA","ABL1","CACNA1B"
"RXRA","RPS6KA1","CACNA1B"
"RXRA","STK3","CACNA1B"
"RXRA","AKT","CACNA1B"
"RXRA","MAP3K4","CACNA1B"
"RXRA","ITK","CACNA1B"
"RXRA","mTORC1","CACNA1B"
"RXRA","CCAR2","CACNA1B"
"RXRA","NCOR2","CACNA1B"
"RXRA","CAMKK2","CACNA1B"
"RXRA","CRK","CACNA1B"
"RXRA","FLNA","CACNA1B"
"RXRA","GAB1","CACNA1B"
"RXRA","GRIP1","CACNA1B"
"RXRA","DAXX","CACNA1B"
"RXRA","INPP5D","CACNA1B"
"RXRA","PIK3R1","CACNA1B"
"RXRA","AKAP11","CACNA1B"
"RXRA","MRE11","CACNA1B"
"RXRA","E2F1","CACNA1B"
"RXRA","NOTCH2","CACNA1B"
"RXRA","APC","CACNA1B"
"RXRA","DYNLL1","CACNA1B"
"RXRA","MAPK8","CCND2"
"RXRA","STK3/4","CCND2"
"RXRA","Gbeta","CCND2"
"RXRA","ABL1","CCND2"
"RXRA","STK3","CCND2"
"RXRA","MAPK9","CCND2"
"RXRA","PPP1R1B","CCND2"
"RXRA","MAP3K4","CCND2"
"RXRA","PHLPP1","CCND2"
"RXRA","CCAR2","CCND2"
"RXRA","NBR1","CCND2"
"RXRA","CDKN1B","CCND2"
"RXRA","GAB1","CCND2"
"RXRA","GRIPAP1","CCND2"
"RXRA","DAXX","CCND2"
"RXRA","PSEN1","CCND2"
"RXRA","NF2","CCND2"
"RXRA","RUNX1","CCND2"
"RXRA","MDC1","CCND2"
"RXRA","AKAP11","CCND2"
"RXRA","FRAT1","CCND2"
"RXRA","NOTCH2","CCND2"
"RXRA","STAT2","CCND2"
"RXRA","CHEK1","CEBPD"
"RXRA","PPP1R1B","CEBPD"
"RXRA","ITK","CEBPD"
"RXRA","mTORC1","CEBPD"
"RXRA","CAMKK2","CEBPD"
"RXRA","CDKN1B","CEBPD"
"RXRA","GAB1","CEBPD"
"RXRA","YY1","CEBPD"
"RXRA","RCAN1","CEBPD"
"RXRA","MRE11","CEBPD"
"RXRA","ABI1","CEBPD"
"RXRA","TIAM1","CEBPD"
"RXRA","NOTCH2","CEBPD"
"RXRA","APC","CEBPD"
"RXRA","STAT2","CEBPD"
"RXRA","MAPK8","GTF2A1L"
"RXRA","PRKCD","GTF2A1L"
"RXRA","ACP1","GTF2A1L"
"RXRA","LCK","GTF2A1L"
"RXRA","AKT","GTF2A1L"
"RXRA","PPP1R1B","GTF2A1L"
"RXRA","MAP3K4","GTF2A1L"
"RXRA","mTORC1","GTF2A1L"
"RXRA","CCAR2","GTF2A1L"
"RXRA","CRK","GTF2A1L"
"RXRA","CDKN1B","GTF2A1L"
"RXRA","GAB1","GTF2A1L"
"RXRA","GRIPAP1","GTF2A1L"
"RXRA","GRIP1","GTF2A1L"
"RXRA","DAXX","GTF2A1L"
"RXRA","PSEN1","GTF2A1L"
"RXRA","INPP5D","GTF2A1L"
"RXRA","RUNX1","GTF2A1L"
"RXRA","MDC1","GTF2A1L"
"RXRA","RCAN1","GTF2A1L"
"RXRA","MRE11","GTF2A1L"
"RXRA","FRAT1","GTF2A1L"
"RXRA","LRP6","GTF2A1L"
"RXRA","NOTCH2","GTF2A1L"
"RXRA","PLCG2","GTF2A1L"
"RXRA","MAPK3","FOXK2"
"RXRA","MAPK8","FOXK2"
"RXRA","LCK","FOXK2"
"RXRA","RPS6KA1","FOXK2"
"RXRA","STK3","FOXK2"
"RXRA","AKT","FOXK2"
"RXRA","MAPK9","FOXK2"
"RXRA","ITK","FOXK2"
"RXRA","mTORC1","FOXK2"
"RXRA","CCAR2","FOXK2"
"RXRA","DEF6","FOXK2"
"RXRA","CRK","FOXK2"
"RXRA","CDKN1B","FOXK2"
"RXRA","FLNA","FOXK2"
"RXRA","GRIPAP1","FOXK2"
"RXRA","CD28","FOXK2"
"RXRA","NF2","FOXK2"
"RXRA","YY1","FOXK2"
"RXRA","PPP1R8","FOXK2"
"RXRA","PCBP2","FOXK2"
"RXRA","E2F1","FOXK2"
"RXRA","GRB14","FOXK2"
"RXRA","NOTCH2","FOXK2"
"RXRA","STK3/4","SH2D2A"
"RXRA","Gbeta","SH2D2A"
"RXRA","ABL1","SH2D2A"
"RXRA","CHEK1","SH2D2A"
"RXRA","AKT","SH2D2A"
"RXRA","MAPK9","SH2D2A"
"RXRA","mTORC1","SH2D2A"
"RXRA","CCAR2","SH2D2A"
"RXRA","NBR1","SH2D2A"
"RXRA","CRK","SH2D2A"
"RXRA","SHC1","SH2D2A"
"RXRA","CCNO","SH2D2A"
"RXRA","GAB1","SH2D2A"
"RXRA","ARRB2","SH2D2A"
"RXRA","CCNE1","SH2D2A"
"RXRA","MDC1","SH2D2A"
"RXRA","AKAP11","SH2D2A"
"RXRA","FRAT1","SH2D2A"
"RXRA","PPP1R8","SH2D2A"
"RXRA","PCBP2","SH2D2A"
"RXRA","GRB14","SH2D2A"
"RXRA","SPEN","SH2D2A"
"RXRA","NOTCH2","SH2D2A"
"RXRA","APC","SH2D2A"
"RXRA","PLCG2","SH2D2A"
"RXRA","STK3/4","EIF4E"
"RXRA","PRKCD","EIF4E"
"RXRA","ABL1","EIF4E"
"RXRA","CHEK1","EIF4E"
"RXRA","EIF2AK2","EIF4E"
"RXRA","MAPK9","EIF4E"
"RXRA","mTORC1","EIF4E"
"RXRA","PHLPP1","EIF4E"
"RXRA","NCOR2","EIF4E"
"RXRA","CDK3","EIF4E"
"RXRA","DEF6","EIF4E"
"RXRA","NBR1","EIF4E"
"RXRA","GAB1","EIF4E"
"RXRA","KHDRBS1","EIF4E"
"RXRA","PSEN1","EIF4E"
"RXRA","PIK3R1","EIF4E"
"RXRA","NF2","EIF4E"
"RXRA","MRE11","EIF4E"
"RXRA","PPP1R8","EIF4E"
"RXRA","PCBP2","EIF4E"
"RXRA","E2F1","EIF4E"
"RXRA","SPEN","EIF4E"
"RXRA","APC","EIF4E"
"RXRA","PLCG2","EIF4E"
"RXRA","STK3/4","SLC9A1"
"RXRA","PRKCD","SLC9A1"
"RXRA","ACP1","SLC9A1"
"RXRA","CSNK2A1","SLC9A1"
"RXRA","RPS6K","SLC9A1"
"RXRA","LCK","SLC9A1"
"RXRA","CHEK1","SLC9A1"
"RXRA","STK3","SLC9A1"
"RXRA","MAPK9","SLC9A1"
"RXRA","MAPKAPK2","SLC9A1"
"RXRA","ITK","SLC9A1"
"RXRA","mTORC1","SLC9A1"
"RXRA","NCOR2","SLC9A1"
"RXRA","NBR1","SLC9A1"
"RXRA","AXIN1","SLC9A1"
"RXRA","GRIPAP1","SLC9A1"
"RXRA","GRIP1","SLC9A1"
"RXRA","KHDRBS1","SLC9A1"
"RXRA","MDC1","SLC9A1"
"RXRA","YY1","SLC9A1"
"RXRA","PPP1R8","SLC9A1"
"RXRA","ABI1","SLC9A1"
"RXRA","PCBP2","SLC9A1"
"RXRA","E2F1","SLC9A1"
"RXRA","SPEN","SLC9A1"
"RXRA","NOTCH2","SLC9A1"
"RXRA","STAT2","SLC9A1"
"RXRA","PLCG2","SLC9A1"
"RXRA","CSNK2A1","PLA2G4A"
"RXRA","LCK","PLA2G4A"
"RXRA","ABL1","PLA2G4A"
"RXRA","AKT","PLA2G4A"
"RXRA","MAP3K4","PLA2G4A"
"RXRA","mTORC1","PLA2G4A"
"RXRA","CCAR2","PLA2G4A"
"RXRA","NCOR2","PLA2G4A"
"RXRA","CDK3","PLA2G4A"
"RXRA","CRK","PLA2G4A"
"RXRA","SHC1","PLA2G4A"
"RXRA","CCNO","PLA2G4A"
"RXRA","AXIN1","PLA2G4A"
"RXRA","GAB1","PLA2G4A"
"RXRA","KHDRBS1","PLA2G4A"
"RXRA","ARRB2","PLA2G4A"
"RXRA","DAXX","PLA2G4A"
"RXRA","CD28","PLA2G4A"
"RXRA","INPP5D","PLA2G4A"
"RXRA","NF2","PLA2G4A"
"RXRA","RUNX1","PLA2G4A"
"RXRA","MDC1","PLA2G4A"
"RXRA","AKAP11","PLA2G4A"
"RXRA","PPP1R8","PLA2G4A"
"RXRA","GRB14","PLA2G4A"
"RXRA","SPEN","PLA2G4A"
"RXRA","NOTCH2","PLA2G4A"
"RXRA","MAPK8","KCNK3"
"RXRA","STK3/4","KCNK3"
"RXRA","CHEK1","KCNK3"
"RXRA","EIF2AK2","KCNK3"
"RXRA","RPS6KA1","KCNK3"
"RXRA","AKT","KCNK3"
"RXRA","MAPK9","KCNK3"
"RXRA","PPP1R1B","KCNK3"
"RXRA","mTORC1","KCNK3"
"RXRA","DEF6","KCNK3"
"RXRA","CRK","KCNK3"
"RXRA","CDKN1B","KCNK3"
"RXRA","CD28","KCNK3"
"RXRA","INPP5D","KCNK3"
"RXRA","PIK3R1","KCNK3"
"RXRA","ROR2","KCNK3"
"RXRA","ABI1","KCNK3"
"RXRA","E2F1","KCNK3"
"RXRA","TIAM1","KCNK3"
"RXRA","NOTCH2","KCNK3"
"RXRA","STK3/4","MYBL2"
"RXRA","CSNK2A1","MYBL2"
"RXRA","ABL1","MYBL2"
"RXRA","mTORC1","MYBL2"
"RXRA","NCOR2","MYBL2"
"RXRA","DEF6","MYBL2"
"RXRA","CCNO","MYBL2"
"RXRA","AXIN1","MYBL2"
"RXRA","GRIPAP1","MYBL2"
"RXRA","CD28","MYBL2"
"RXRA","NF2","MYBL2"
"RXRA","AKAP11","MYBL2"
"RXRA","YY1","MYBL2"
"RXRA","FRAT1","MYBL2"
"RXRA","ROR2","MYBL2"
"RXRA","E2F1","MYBL2"
"RXRA","LRP6","MYBL2"
"RXRA","STAT2","MYBL2"
"RXRA","PRKCD","NPHP1"
"RXRA","ACP1","NPHP1"
"RXRA","RPS6K","NPHP1"
"RXRA","Gbeta","NPHP1"
"RXRA","LCK","NPHP1"
"RXRA","ABL1","NPHP1"
"RXRA","CHEK1","NPHP1"
"RXRA","AKT","NPHP1"
"RXRA","PPP1R1B","NPHP1"
"RXRA","PHLPP1","NPHP1"
"RXRA","NCOR2","NPHP1"
"RXRA","CDK3","NPHP1"
"RXRA","CRK","NPHP1"
"RXRA","SHC1","NPHP1"
"RXRA","CDKN1B","NPHP1"
"RXRA","SKP2","NPHP1"
"RXRA","FLNA","NPHP1"
"RXRA","GAB1","NPHP1"
"RXRA","GRIPAP1","NPHP1"
"RXRA","GRIP1","NPHP1"
"RXRA","KHDRBS1","NPHP1"
"RXRA","CD28","NPHP1"
"RXRA","INPP5D","NPHP1"
"RXRA","CCNE1","NPHP1"
"RXRA","RUNX1","NPHP1"
"RXRA","AKAP11","NPHP1"
"RXRA","YY1","NPHP1"
"RXRA","MRE11","NPHP1"
"RXRA","FRAT1","NPHP1"
"RXRA","ROR2","NPHP1"
"RXRA","PCBP2","NPHP1"
"RXRA","E2F1","NPHP1"
"RXRA","GRB14","NPHP1"
"RXRA","SPEN","NPHP1"
"RXRA","NOTCH2","NPHP1"
"RXRA","APC","NPHP1"
"RXRA","STAT2","NPHP1"
"RXRA","PLCG2","NPHP1"
"RXRA","STK3/4","MYF5"
"RXRA","RPS6K","MYF5"
"RXRA","LCK","MYF5"
"RXRA","ABL1","MYF5"
"RXRA","EIF2AK2","MYF5"
"RXRA","STK3","MYF5"
"RXRA","AKT","MYF5"
"RXRA","MAPK9","MYF5"
"RXRA","MAP3K4","MYF5"
"RXRA","ITK","MYF5"
"RXRA","mTORC1","MYF5"
"RXRA","CCAR2","MYF5"
"RXRA","NBR1","MYF5"
"RXRA","CRK","MYF5"
"RXRA","SHC1","MYF5"
"RXRA","CDKN1B","MYF5"
"RXRA","INPP5D","MYF5"
"RXRA","PIK3R1","MYF5"
"RXRA","CCNE1","MYF5"
"RXRA","PPP1R8","MYF5"
"RXRA","ROR2","MYF5"
"RXRA","PCBP2","MYF5"
"RXRA","E2F1","MYF5"
"RXRA","GRB14","MYF5"
"RXRA","SPEN","MYF5"
"RXRA","TIAM1","MYF5"
"RXRA","STAT2","MYF5"
"RXRA","PLCG2","MYF5"
"RXRA","MAPK3","UBE2R2"
"RXRA","MAPK8","UBE2R2"
"RXRA","STK3/4","UBE2R2"
"RXRA","PRKCD","UBE2R2"
"RXRA","ACP1","UBE2R2"
"RXRA","Gbeta","UBE2R2"
"RXRA","LCK","UBE2R2"
"RXRA","CHEK1","UBE2R2"
"RXRA","EIF2AK2","UBE2R2"
"RXRA","RPS6KA1","UBE2R2"
"RXRA","AKT","UBE2R2"
"RXRA","PPP1R1B","UBE2R2"
"RXRA","MAP3K4","UBE2R2"
"RXRA","NBR1","UBE2R2"
"RXRA","CAMKK2","UBE2R2"
"RXRA","CRK","UBE2R2"
"RXRA","SHC1","UBE2R2"
"RXRA","CCNO","UBE2R2"
"RXRA","AXIN1","UBE2R2"
"RXRA","CDKN1B","UBE2R2"
"RXRA","SKP2","UBE2R2"
"RXRA","FLNA","UBE2R2"
"RXRA","GAB1","UBE2R2"
"RXRA","GRIPAP1","UBE2R2"
"RXRA","KHDRBS1","UBE2R2"
"RXRA","DAXX","UBE2R2"
"RXRA","PIK3R1","UBE2R2"
"RXRA","CCNE1","UBE2R2"
"RXRA","RUNX1","UBE2R2"
"RXRA","MDC1","UBE2R2"
"RXRA","AKAP11","UBE2R2"
"RXRA","YY1","UBE2R2"
"RXRA","MRE11","UBE2R2"
"RXRA","PCBP2","UBE2R2"
"RXRA","E2F1","UBE2R2"
"RXRA","LRP6","UBE2R2"
"RXRA","SPEN","UBE2R2"
"RXRA","NOTCH2","UBE2R2"
"RXRA","APC","UBE2R2"
"RXRA","DYNLL1","UBE2R2"
"RXRA","STK3/4","EXOSC9"
"RXRA","RPS6K","EXOSC9"
"RXRA","Gbeta","EXOSC9"
"RXRA","CHEK1","EXOSC9"
"RXRA","RPS6KA1","EXOSC9"
"RXRA","AKT","EXOSC9"
"RXRA","MAPKAPK2","EXOSC9"
"RXRA","ITK","EXOSC9"
"RXRA","PHLPP1","EXOSC9"
"RXRA","NCOR2","EXOSC9"
"RXRA","DEF6","EXOSC9"
"RXRA","NBR1","EXOSC9"
"RXRA","CAMKK2","EXOSC9"
"RXRA","CRK","EXOSC9"
"RXRA","SHC1","EXOSC9"
"RXRA","AXIN1","EXOSC9"
"RXRA","CDKN1B","EXOSC9"
"RXRA","GRIPAP1","EXOSC9"
"RXRA","GRIP1","EXOSC9"
"RXRA","DAXX","EXOSC9"
"RXRA","AKAP11","EXOSC9"
"RXRA","RCAN1","EXOSC9"
"RXRA","PPP1R8","EXOSC9"
"RXRA","ABI1","EXOSC9"
"RXRA","PCBP2","EXOSC9"
"RXRA","E2F1","EXOSC9"
"RXRA","SPEN","EXOSC9"
"RXRA","APC","EXOSC9"
"RXRA","MAPK3","HES6"
"RXRA","MAPK8","HES6"
"RXRA","LCK","HES6"
"RXRA","ABL1","HES6"
"RXRA","STK3","HES6"
"RXRA","AKT","HES6"
"RXRA","ITK","HES6"
"RXRA","PHLPP1","HES6"
"RXRA","DEF6","HES6"
"RXRA","CAMKK2","HES6"
"RXRA","CRK","HES6"
"RXRA","SHC1","HES6"
"RXRA","FLNA","HES6"
"RXRA","ARRB2","HES6"
"RXRA","PIK3R1","HES6"
"RXRA","CCNE1","HES6"
"RXRA","MDC1","HES6"
"RXRA","AKAP11","HES6"
"RXRA","FRAT1","HES6"
"RXRA","PPP1R8","HES6"
"RXRA","PCBP2","HES6"
"RXRA","LRP6","HES6"
"RXRA","NOTCH2","HES6"
"RXRA","MAPK3","CD3G"
"RXRA","PRKCD","CD3G"
"RXRA","ACP1","CD3G"
"RXRA","CSNK2A1","CD3G"
"RXRA","ABL1","CD3G"
"RXRA","EIF2AK2","CD3G"
"RXRA","MAPKAPK2","CD3G"
"RXRA","mTORC1","CD3G"
"RXRA","CCAR2","CD3G"
"RXRA","DEF6","CD3G"
"RXRA","NBR1","CD3G"
"RXRA","CCNO","CD3G"
"RXRA","FLNA","CD3G"
"RXRA","GAB1","CD3G"
"RXRA","GRIPAP1","CD3G"
"RXRA","CD28","CD3G"
"RXRA","INPP5D","CD3G"
"RXRA","PIK3R1","CD3G"
"RXRA","NF2","CD3G"
"RXRA","RUNX1","CD3G"
"RXRA","YY1","CD3G"
"RXRA","RCAN1","CD3G"
"RXRA","MRE11","CD3G"
"RXRA","FRAT1","CD3G"
"RXRA","ROR2","CD3G"
"RXRA","ABI1","CD3G"
"RXRA","PCBP2","CD3G"
"RXRA","E2F1","CD3G"
"RXRA","LRP6","CD3G"
"RXRA","GRB14","CD3G"
"RXRA","SPEN","CD3G"
"RXRA","NOTCH2","CD3G"
"RXRA","APC","CD3G"
"RXRA","MAPK3","TH"
"RXRA","MAPK8","TH"
"RXRA","ACP1","TH"
"RXRA","ABL1","TH"
"RXRA","STK3","TH"
"RXRA","AKT","TH"
"RXRA","PPP1R1B","TH"
"RXRA","MAP3K4","TH"
"RXRA","ITK","TH"
"RXRA","PHLPP1","TH"
"RXRA","NCOR2","TH"
"RXRA","DEF6","TH"
"RXRA","NBR1","TH"
"RXRA","SHC1","TH"
"RXRA","AXIN1","TH"
"RXRA","CDKN1B","TH"
"RXRA","SKP2","TH"
"RXRA","GAB1","TH"
"RXRA","ARRB2","TH"
"RXRA","DAXX","TH"
"RXRA","PSEN1","TH"
"RXRA","CD28","TH"
"RXRA","INPP5D","TH"
"RXRA","PIK3R1","TH"
"RXRA","NF2","TH"
"RXRA","RUNX1","TH"
"RXRA","AKAP11","TH"
"RXRA","YY1","TH"
"RXRA","MRE11","TH"
"RXRA","ROR2","TH"
"RXRA","PCBP2","TH"
"RXRA","E2F1","TH"
"RXRA","GRB14","TH"
"RXRA","SPEN","TH"
"RXRA","NOTCH2","TH"
"RXRA","APC","TH"
"RXRA","PLCG2","TH"
"RXRA","MAPK8","MCM3"
"RXRA","PRKCD","MCM3"
"RXRA","ACP1","MCM3"
"RXRA","LCK","MCM3"
"RXRA","ABL1","MCM3"
"RXRA","AKT","MCM3"
"RXRA","MAPK9","MCM3"
"RXRA","PPP1R1B","MCM3"
"RXRA","mTORC1","MCM3"
"RXRA","PHLPP1","MCM3"
"RXRA","NBR1","MCM3"
"RXRA","CRK","MCM3"
"RXRA","CDKN1B","MCM3"
"RXRA","FLNA","MCM3"
"RXRA","GAB1","MCM3"
"RXRA","GRIPAP1","MCM3"
"RXRA","ARRB2","MCM3"
"RXRA","PSEN1","MCM3"
"RXRA","CCNE1","MCM3"
"RXRA","RCAN1","MCM3"
"RXRA","PPP1R8","MCM3"
"RXRA","ROR2","MCM3"
"RXRA","LRP6","MCM3"
"RXRA","GRB14","MCM3"
"RXRA","NOTCH2","MCM3"
"RXRA","DYNLL1","MCM3"
"RXRA","ACP1","SPHK1"
"RXRA","RPS6KA1","SPHK1"
"RXRA","PPP1R1B","SPHK1"
"RXRA","CRK","SPHK1"
"RXRA","SHC1","SPHK1"
"RXRA","ARRB2","SPHK1"
"RXRA","DAXX","SPHK1"
"RXRA","PSEN1","SPHK1"
"RXRA","INPP5D","SPHK1"
"RXRA","RUNX1","SPHK1"
"RXRA","MDC1","SPHK1"
"RXRA","AKAP11","SPHK1"
"RXRA","E2F1","SPHK1"
"RXRA","MAPK8","CAV2"
"RXRA","STK3/4","CAV2"
"RXRA","ABL1","CAV2"
"RXRA","AKT","CAV2"
"RXRA","NCOR2","CAV2"
"RXRA","NBR1","CAV2"
"RXRA","CAMKK2","CAV2"
"RXRA","SHC1","CAV2"
"RXRA","SKP2","CAV2"
"RXRA","FLNA","CAV2"
"RXRA","GRIP1","CAV2"
"RXRA","PSEN1","CAV2"
"RXRA","CCNE1","CAV2"
"RXRA","NF2","CAV2"
"RXRA","AKAP11","CAV2"
"RXRA","RCAN1","CAV2"
"RXRA","MRE11","CAV2"
"RXRA","PPP1R8","CAV2"
"RXRA","ROR2","CAV2"
"RXRA","PCBP2","CAV2"
"RXRA","E2F1","CAV2"
"RXRA","GRB14","CAV2"
"RXRA","SPEN","CAV2"
"RXRA","ACP1","CDC27"
"RXRA","RPS6K","CDC27"
"RXRA","MAP3K4","CDC27"
"RXRA","MAPKAPK2","CDC27"
"RXRA","mTORC1","CDC27"
"RXRA","NCOR2","CDC27"
"RXRA","CDK3","CDC27"
"RXRA","DEF6","CDC27"
"RXRA","AXIN1","CDC27"
"RXRA","CDKN1B","CDC27"
"RXRA","SKP2","CDC27"
"RXRA","FLNA","CDC27"
"RXRA","GRIPAP1","CDC27"
"RXRA","DAXX","CDC27"
"RXRA","PSEN1","CDC27"
"RXRA","CD28","CDC27"
"RXRA","INPP5D","CDC27"
"RXRA","CCNE1","CDC27"
"RXRA","RUNX1","CDC27"
"RXRA","MDC1","CDC27"
"RXRA","RCAN1","CDC27"
"RXRA","FRAT1","CDC27"
"RXRA","ABI1","CDC27"
"RXRA","PCBP2","CDC27"
"RXRA","E2F1","CDC27"
"RXRA","LRP6","CDC27"
"RXRA","SPEN","CDC27"
"RXRA","TIAM1","CDC27"
"RXRA","APC","CDC27"
"RXRA","DYNLL1","CDC27"
"RXRA","MAPK3","EEF1A2"
"RXRA","PRKCD","EEF1A2"
"RXRA","CSNK2A1","EEF1A2"
"RXRA","RPS6K","EEF1A2"
"RXRA","LCK","EEF1A2"
"RXRA","ABL1","EEF1A2"
"RXRA","CHEK1","EEF1A2"
"RXRA","RPS6KA1","EEF1A2"
"RXRA","PPP1R1B","EEF1A2"
"RXRA","MAP3K4","EEF1A2"
"RXRA","ITK","EEF1A2"
"RXRA","mTORC1","EEF1A2"
"RXRA","PHLPP1","EEF1A2"
"RXRA","NCOR2","EEF1A2"
"RXRA","CDK3","EEF1A2"
"RXRA","SHC1","EEF1A2"
"RXRA","CDKN1B","EEF1A2"
"RXRA","SKP2","EEF1A2"
"RXRA","FLNA","EEF1A2"
"RXRA","GAB1","EEF1A2"
"RXRA","GRIP1","EEF1A2"
"RXRA","KHDRBS1","EEF1A2"
"RXRA","DAXX","EEF1A2"
"RXRA","PSEN1","EEF1A2"
"RXRA","PIK3R1","EEF1A2"
"RXRA","RUNX1","EEF1A2"
"RXRA","AKAP11","EEF1A2"
"RXRA","YY1","EEF1A2"
"RXRA","MRE11","EEF1A2"
"RXRA","FRAT1","EEF1A2"
"RXRA","PPP1R8","EEF1A2"
"RXRA","SPEN","EEF1A2"
"RXRA","MAPK8","KIF3A"
"RXRA","RPS6K","KIF3A"
"RXRA","EIF2AK2","KIF3A"
"RXRA","MAPK9","KIF3A"
"RXRA","PHLPP1","KIF3A"
"RXRA","DEF6","KIF3A"
"RXRA","NBR1","KIF3A"
"RXRA","CAMKK2","KIF3A"
"RXRA","CRK","KIF3A"
"RXRA","CDKN1B","KIF3A"
"RXRA","FLNA","KIF3A"
"RXRA","PIK3R1","KIF3A"
"RXRA","AKAP11","KIF3A"
"RXRA","PPP1R8","KIF3A"
"RXRA","E2F1","KIF3A"
"RXRA","APC","KIF3A"
"RXRA","MAPK3","USP7"
"RXRA","MAPK8","USP7"
"RXRA","STK3/4","USP7"
"RXRA","PRKCD","USP7"
"RXRA","ABL1","USP7"
"RXRA","CHEK1","USP7"
"RXRA","AKT","USP7"
"RXRA","PPP1R1B","USP7"
"RXRA","MAP3K4","USP7"
"RXRA","ITK","USP7"
"RXRA","CCAR2","USP7"
"RXRA","DEF6","USP7"
"RXRA","CAMKK2","USP7"
"RXRA","CRK","USP7"
"RXRA","CCNO","USP7"
"RXRA","AXIN1","USP7"
"RXRA","SKP2","USP7"
"RXRA","FLNA","USP7"
"RXRA","GRIP1","USP7"
"RXRA","DAXX","USP7"
"RXRA","CD28","USP7"
"RXRA","INPP5D","USP7"
"RXRA","CCNE1","USP7"
"RXRA","NF2","USP7"
"RXRA","RUNX1","USP7"
"RXRA","MRE11","USP7"
"RXRA","PCBP2","USP7"
"RXRA","E2F1","USP7"
"RXRA","TIAM1","USP7"
"RXRA","DYNLL1","USP7"
"RXRA","PLCG2","USP7"
"RXRA","ABL1","ACE"
"RXRA","MAPK9","ACE"
"RXRA","ITK","ACE"
"RXRA","PHLPP1","ACE"
"RXRA","CAMKK2","ACE"
"RXRA","CDKN1B","ACE"
"RXRA","SKP2","ACE"
"RXRA","GAB1","ACE"
"RXRA","GRIP1","ACE"
"RXRA","RUNX1","ACE"
"RXRA","YY1","ACE"
"RXRA","RCAN1","ACE"
"RXRA","MRE11","ACE"
"RXRA","E2F1","ACE"
"RXRA","GRB14","ACE"
"RXRA","NOTCH2","ACE"
"RXRA","STAT2","ACE"
"RXRA","PLCG2","ACE"
"RXRA","MAPK8","ADAM15"
"RXRA","PRKCD","ADAM15"
"RXRA","ABL1","ADAM15"
"RXRA","MAPK9","ADAM15"
"RXRA","mTORC1","ADAM15"
"RXRA","PHLPP1","ADAM15"
"RXRA","CCAR2","ADAM15"
"RXRA","CAMKK2","ADAM15"
"RXRA","CDKN1B","ADAM15"
"RXRA","FLNA","ADAM15"
"RXRA","KHDRBS1","ADAM15"
"RXRA","DAXX","ADAM15"
"RXRA","PSEN1","ADAM15"
"RXRA","CD28","ADAM15"
"RXRA","RUNX1","ADAM15"
"RXRA","RCAN1","ADAM15"
"RXRA","PCBP2","ADAM15"
"RXRA","GRB14","ADAM15"
"RXRA","SPEN","ADAM15"
"RXRA","NOTCH2","ADAM15"
"RXRA","STAT2","ADAM15"
"RXRA","MAPK8","NPAT"
"RXRA","STK3/4","NPAT"
"RXRA","PRKCD","NPAT"
"RXRA","ACP1","NPAT"
"RXRA","CSNK2A1","NPAT"
"RXRA","RPS6K","NPAT"
"RXRA","Gbeta","NPAT"
"RXRA","EIF2AK2","NPAT"
"RXRA","RPS6KA1","NPAT"
"RXRA","AKT","NPAT"
"RXRA","PPP1R1B","NPAT"
"RXRA","MAPKAPK2","NPAT"
"RXRA","ITK","NPAT"
"RXRA","PHLPP1","NPAT"
"RXRA","CCAR2","NPAT"
"RXRA","CDK3","NPAT"
"RXRA","CAMKK2","NPAT"
"RXRA","CRK","NPAT"
"RXRA","SHC1","NPAT"
"RXRA","CDKN1B","NPAT"
"RXRA","SKP2","NPAT"
"RXRA","GAB1","NPAT"
"RXRA","GRIPAP1","NPAT"
"RXRA","ARRB2","NPAT"
"RXRA","CD28","NPAT"
"RXRA","PIK3R1","NPAT"
"RXRA","CCNE1","NPAT"
"RXRA","RUNX1","NPAT"
"RXRA","MDC1","NPAT"
"RXRA","AKAP11","NPAT"
"RXRA","RCAN1","NPAT"
"RXRA","ROR2","NPAT"
"RXRA","ABI1","NPAT"
"RXRA","PCBP2","NPAT"
"RXRA","E2F1","NPAT"
"RXRA","GRB14","NPAT"
"RXRA","TIAM1","NPAT"
"RXRA","NOTCH2","NPAT"
"RXRA","MAPK3","CCT2"
"RXRA","PRKCD","CCT2"
"RXRA","CSNK2A1","CCT2"
"RXRA","LCK","CCT2"
"RXRA","ABL1","CCT2"
"RXRA","EIF2AK2","CCT2"
"RXRA","RPS6KA1","CCT2"
"RXRA","MAPK9","CCT2"
"RXRA","MAPKAPK2","CCT2"
"RXRA","mTORC1","CCT2"
"RXRA","PHLPP1","CCT2"
"RXRA","NCOR2","CCT2"
"RXRA","CDK3","CCT2"
"RXRA","DEF6","CCT2"
"RXRA","CAMKK2","CCT2"
"RXRA","AXIN1","CCT2"
"RXRA","CDKN1B","CCT2"
"RXRA","FLNA","CCT2"
"RXRA","GAB1","CCT2"
"RXRA","GRIPAP1","CCT2"
"RXRA","KHDRBS1","CCT2"
"RXRA","ARRB2","CCT2"
"RXRA","CD28","CCT2"
"RXRA","PIK3R1","CCT2"
"RXRA","NF2","CCT2"
"RXRA","RUNX1","CCT2"
"RXRA","MDC1","CCT2"
"RXRA","AKAP11","CCT2"
"RXRA","MRE11","CCT2"
"RXRA","FRAT1","CCT2"
"RXRA","ROR2","CCT2"
"RXRA","ABI1","CCT2"
"RXRA","LRP6","CCT2"
"RXRA","TIAM1","CCT2"
"RXRA","APC","CCT2"
"RXRA","DYNLL1","CCT2"
"RXRA","STK3/4","EIF2S2"
"RXRA","PRKCD","EIF2S2"
"RXRA","LCK","EIF2S2"
"RXRA","CHEK1","EIF2S2"
"RXRA","STK3","EIF2S2"
"RXRA","AKT","EIF2S2"
"RXRA","ITK","EIF2S2"
"RXRA","CCAR2","EIF2S2"
"RXRA","SHC1","EIF2S2"
"RXRA","SKP2","EIF2S2"
"RXRA","GRIPAP1","EIF2S2"
"RXRA","DAXX","EIF2S2"
"RXRA","PSEN1","EIF2S2"
"RXRA","PIK3R1","EIF2S2"
"RXRA","CCNE1","EIF2S2"
"RXRA","MDC1","EIF2S2"
"RXRA","MRE11","EIF2S2"
"RXRA","PCBP2","EIF2S2"
"RXRA","GRB14","EIF2S2"
"RXRA","APC","EIF2S2"
"RXRA","ERK1/2","RBPJ/NOTCH"
"RXRA","Gbeta","RBPJ/NOTCH"
"RXRA","MAPKAPK2","RBPJ/NOTCH"
"RXRA","ITK","RBPJ/NOTCH"
"RXRA","PHLPP1","RBPJ/NOTCH"
"RXRA","DEF6","RBPJ/NOTCH"
"RXRA","NBR1","RBPJ/NOTCH"
"RXRA","AXIN1","RBPJ/NOTCH"
"RXRA","CDKN1B","RBPJ/NOTCH"
"RXRA","SKP2","RBPJ/NOTCH"
"RXRA","FLNA","RBPJ/NOTCH"
"RXRA","GAB1","RBPJ/NOTCH"
"RXRA","GRIP1","RBPJ/NOTCH"
"RXRA","KHDRBS1","RBPJ/NOTCH"
"RXRA","ARRB2","RBPJ/NOTCH"
"RXRA","PIK3R1","RBPJ/NOTCH"
"RXRA","CCNE1","RBPJ/NOTCH"
"RXRA","NF2","RBPJ/NOTCH"
"RXRA","RUNX1","RBPJ/NOTCH"
"RXRA","AKAP11","RBPJ/NOTCH"
"RXRA","YY1","RBPJ/NOTCH"
"RXRA","RCAN1","RBPJ/NOTCH"
"RXRA","MRE11","RBPJ/NOTCH"
"RXRA","ABI1","RBPJ/NOTCH"
"RXRA","E2F1","RBPJ/NOTCH"
"RXRA","GRB14","RBPJ/NOTCH"
"RXRA","DYNLL1","RBPJ/NOTCH"
"RXRA","STAT2","RBPJ/NOTCH"
"RXRA","PLCG2","RBPJ/NOTCH"
"RXRA","MAPK8","ARHGDIA"
"RXRA","ACP1","ARHGDIA"
"RXRA","RPS6K","ARHGDIA"
"RXRA","LCK","ARHGDIA"
"RXRA","ABL1","ARHGDIA"
"RXRA","CHEK1","ARHGDIA"
"RXRA","EIF2AK2","ARHGDIA"
"RXRA","RPS6KA1","ARHGDIA"
"RXRA","AKT","ARHGDIA"
"RXRA","MAP3K4","ARHGDIA"
"RXRA","MAPKAPK2","ARHGDIA"
"RXRA","mTORC1","ARHGDIA"
"RXRA","PHLPP1","ARHGDIA"
"RXRA","NBR1","ARHGDIA"
"RXRA","SHC1","ARHGDIA"
"RXRA","CDKN1B","ARHGDIA"
"RXRA","SKP2","ARHGDIA"
"RXRA","FLNA","ARHGDIA"
"RXRA","GRIP1","ARHGDIA"
"RXRA","DAXX","ARHGDIA"
"RXRA","CD28","ARHGDIA"
"RXRA","INPP5D","ARHGDIA"
"RXRA","CCNE1","ARHGDIA"
"RXRA","NF2","ARHGDIA"
"RXRA","MDC1","ARHGDIA"
"RXRA","AKAP11","ARHGDIA"
"RXRA","PCBP2","ARHGDIA"
"RXRA","GRB14","ARHGDIA"
"RXRA","SPEN","ARHGDIA"
"RXRA","ACP1","TEAD2"
"RXRA","CSNK2A1","TEAD2"
"RXRA","ERK1/2","TEAD2"
"RXRA","ABL1","TEAD2"
"RXRA","CHEK1","TEAD2"
"RXRA","EIF2AK2","TEAD2"
"RXRA","MAPKAPK2","TEAD2"
"RXRA","ITK","TEAD2"
"RXRA","mTORC1","TEAD2"
"RXRA","PHLPP1","TEAD2"
"RXRA","CCAR2","TEAD2"
"RXRA","NCOR2","TEAD2"
"RXRA","NBR1","TEAD2"
"RXRA","CAMKK2","TEAD2"
"RXRA","AXIN1","TEAD2"
"RXRA","SKP2","TEAD2"
"RXRA","FLNA","TEAD2"
"RXRA","GRIPAP1","TEAD2"
"RXRA","ARRB2","TEAD2"
"RXRA","PSEN1","TEAD2"
"RXRA","CD28","TEAD2"
"RXRA","INPP5D","TEAD2"
"RXRA","PIK3R1","TEAD2"
"RXRA","RUNX1","TEAD2"
"RXRA","MDC1","TEAD2"
"RXRA","YY1","TEAD2"
"RXRA","RCAN1","TEAD2"
"RXRA","PPP1R8","TEAD2"
"RXRA","PCBP2","TEAD2"
"RXRA","LRP6","TEAD2"
"RXRA","GRB14","TEAD2"
"RXRA","APC","TEAD2"
"RXRA","DYNLL1","TEAD2"
"RXRA","STK3/4","PDX1"
"RXRA","AKT","PDX1"
"RXRA","PPP1R1B","PDX1"
"RXRA","mTORC1","PDX1"
"RXRA","PHLPP1","PDX1"
"RXRA","CCAR2","PDX1"
"RXRA","CDK3","PDX1"
"RXRA","CAMKK2","PDX1"
"RXRA","CRK","PDX1"
"RXRA","SHC1","PDX1"
"RXRA","CDKN1B","PDX1"
"RXRA","SKP2","PDX1"
"RXRA","ARRB2","PDX1"
"RXRA","CD28","PDX1"
"RXRA","INPP5D","PDX1"
"RXRA","MDC1","PDX1"
"RXRA","ABI1","PDX1"
"RXRA","SPEN","PDX1"
"RXRA","NOTCH2","PDX1"
"RXRA","PLCG2","PDX1"
"RXRA","MAPK8","MYL1"
"RXRA","RPS6K","MYL1"
"RXRA","LCK","MYL1"
"RXRA","RPS6KA1","MYL1"
"RXRA","AKT","MYL1"
"RXRA","MAPK9","MYL1"
"RXRA","PPP1R1B","MYL1"
"RXRA","mTORC1","MYL1"
"RXRA","PHLPP1","MYL1"
"RXRA","DEF6","MYL1"
"RXRA","AXIN1","MYL1"
"RXRA","FLNA","MYL1"
"RXRA","GAB1","MYL1"
"RXRA","DAXX","MYL1"
"RXRA","INPP5D","MYL1"
"RXRA","CCNE1","MYL1"
"RXRA","NF2","MYL1"
"RXRA","RUNX1","MYL1"
"RXRA","MDC1","MYL1"
"RXRA","AKAP11","MYL1"
"RXRA","FRAT1","MYL1"
"RXRA","PPP1R8","MYL1"
"RXRA","ABI1","MYL1"
"RXRA","E2F1","MYL1"
"RXRA","GRB14","MYL1"
"RXRA","SPEN","MYL1"
"RXRA","NOTCH2","MYL1"
"RXRA","APC","MYL1"
"RXRA","STAT2","MYL1"
"RXRA","MAPK3","CDKN2D"
"RXRA","MAPK8","CDKN2D"
"RXRA","STK3/4","CDKN2D"
"RXRA","PRKCD","CDKN2D"
"RXRA","RPS6K","CDKN2D"
"RXRA","Gbeta","CDKN2D"
"RXRA","ABL1","CDKN2D"
"RXRA","CHEK1","CDKN2D"
"RXRA","STK3","CDKN2D"
"RXRA","PPP1R1B","CDKN2D"
"RXRA","MAPKAPK2","CDKN2D"
"RXRA","ITK","CDKN2D"
"RXRA","CCAR2","CDKN2D"
"RXRA","CDK3","CDKN2D"
"RXRA","NBR1","CDKN2D"
"RXRA","CCNO","CDKN2D"
"RXRA","AXIN1","CDKN2D"
"RXRA","SKP2","CDKN2D"
"RXRA","GAB1","CDKN2D"
"RXRA","GRIPAP1","CDKN2D"
"RXRA","GRIP1","CDKN2D"
"RXRA","KHDRBS1","CDKN2D"
"RXRA","ARRB2","CDKN2D"
"RXRA","PSEN1","CDKN2D"
"RXRA","INPP5D","CDKN2D"
"RXRA","RUNX1","CDKN2D"
"RXRA","MDC1","CDKN2D"
"RXRA","AKAP11","CDKN2D"
"RXRA","YY1","CDKN2D"
"RXRA","FRAT1","CDKN2D"
"RXRA","ROR2","CDKN2D"
"RXRA","SPEN","CDKN2D"
"RXRA","TIAM1","CDKN2D"
"RXRA","NOTCH2","CDKN2D"
"RXRA","APC","CDKN2D"
"RXRA","PLCG2","CDKN2D"
"RXRA","MAPK8","EPB41"
"RXRA","STK3/4","EPB41"
"RXRA","PRKCD","EPB41"
"RXRA","RPS6K","EPB41"
"RXRA","ABL1","EPB41"
"RXRA","EIF2AK2","EPB41"
"RXRA","RPS6KA1","EPB41"
"RXRA","STK3","EPB41"
"RXRA","MAPKAPK2","EPB41"
"RXRA","mTORC1","EPB41"
"RXRA","CDK3","EPB41"
"RXRA","CRK","EPB41"
"RXRA","AXIN1","EPB41"
"RXRA","SKP2","EPB41"
"RXRA","CD28","EPB41"
"RXRA","MDC1","EPB41"
"RXRA","MRE11","EPB41"
"RXRA","FRAT1","EPB41"
"RXRA","ABI1","EPB41"
"RXRA","GRB14","EPB41"
"RXRA","TIAM1","EPB41"
"RXRA","DYNLL1","EPB41"
"RXRA","STAT2","EPB41"
"RXRA","PLCG2","EPB41"
"RXRA","MAPK3","MARS1"
"RXRA","MAPK8","MARS1"
"RXRA","PRKCD","MARS1"
"RXRA","ACP1","MARS1"
"RXRA","RPS6KA1","MARS1"
"RXRA","MAPK9","MARS1"
"RXRA","PPP1R1B","MARS1"
"RXRA","CAMKK2","MARS1"
"RXRA","CCNO","MARS1"
"RXRA","AXIN1","MARS1"
"RXRA","SKP2","MARS1"
"RXRA","GAB1","MARS1"
"RXRA","GRIPAP1","MARS1"
"RXRA","CD28","MARS1"
"RXRA","INPP5D","MARS1"
"RXRA","PIK3R1","MARS1"
"RXRA","CCNE1","MARS1"
"RXRA","NF2","MARS1"
"RXRA","RUNX1","MARS1"
"RXRA","MDC1","MARS1"
"RXRA","RCAN1","MARS1"
"RXRA","MRE11","MARS1"
"RXRA","PPP1R8","MARS1"
"RXRA","ABI1","MARS1"
"RXRA","E2F1","MARS1"
"RXRA","LRP6","MARS1"
"RXRA","SPEN","MARS1"
"RXRA","TIAM1","MARS1"
"RXRA","APC","MARS1"
"RXRA","STAT2","MARS1"
"RXRA","PLCG2","MARS1"
"RXRA","MAPK3","CYBA"
"RXRA","MAPK8","CYBA"
"RXRA","STK3/4","CYBA"
"RXRA","ACP1","CYBA"
"RXRA","CSNK2A1","CYBA"
"RXRA","Gbeta","CYBA"
"RXRA","LCK","CYBA"
"RXRA","EIF2AK2","CYBA"
"RXRA","AKT","CYBA"
"RXRA","PPP1R1B","CYBA"
"RXRA","MAP3K4","CYBA"
"RXRA","ITK","CYBA"
"RXRA","mTORC1","CYBA"
"RXRA","PHLPP1","CYBA"
"RXRA","CCAR2","CYBA"
"RXRA","CAMKK2","CYBA"
"RXRA","CRK","CYBA"
"RXRA","CCNO","CYBA"
"RXRA","CDKN1B","CYBA"
"RXRA","FLNA","CYBA"
"RXRA","GAB1","CYBA"
"RXRA","GRIP1","CYBA"
"RXRA","KHDRBS1","CYBA"
"RXRA","DAXX","CYBA"
"RXRA","CD28","CYBA"
"RXRA","INPP5D","CYBA"
"RXRA","PIK3R1","CYBA"
"RXRA","CCNE1","CYBA"
"RXRA","MDC1","CYBA"
"RXRA","AKAP11","CYBA"
"RXRA","RCAN1","CYBA"
"RXRA","MRE11","CYBA"
"RXRA","ROR2","CYBA"
"RXRA","E2F1","CYBA"
"RXRA","GRB14","CYBA"
"RXRA","SPEN","CYBA"
"RXRA","TIAM1","CYBA"
"RXRA","NOTCH2","CYBA"
"RXRA","APC","CYBA"
"RXRA","DYNLL1","CYBA"
"RXRA","PRKCD","IRF8"
"RXRA","ACP1","IRF8"
"RXRA","CSNK2A1","IRF8"
"RXRA","RPS6K","IRF8"
"RXRA","Gbeta","IRF8"
"RXRA","ABL1","IRF8"
"RXRA","CHEK1","IRF8"
"RXRA","RPS6KA1","IRF8"
"RXRA","STK3","IRF8"
"RXRA","MAPK9","IRF8"
"RXRA","MAPKAPK2","IRF8"
"RXRA","ITK","IRF8"
"RXRA","mTORC1","IRF8"
"RXRA","PHLPP1","IRF8"
"RXRA","NCOR2","IRF8"
"RXRA","CDK3","IRF8"
"RXRA","NBR1","IRF8"
"RXRA","CAMKK2","IRF8"
"RXRA","CCNO","IRF8"
"RXRA","SKP2","IRF8"
"RXRA","GAB1","IRF8"
"RXRA","GRIPAP1","IRF8"
"RXRA","KHDRBS1","IRF8"
"RXRA","CD28","IRF8"
"RXRA","CCNE1","IRF8"
"RXRA","YY1","IRF8"
"RXRA","E2F1","IRF8"
"RXRA","NOTCH2","IRF8"
"RXRA","APC","IRF8"
"RXRA","DYNLL1","IRF8"
"RXRA","STAT2","IRF8"
"RXRA","PLCG2","IRF8"
"RXRA","MAPK3","ZNF281"
"RXRA","MAPK8","ZNF281"
"RXRA","Gbeta","ZNF281"
"RXRA","RPS6KA1","ZNF281"
"RXRA","STK3","ZNF281"
"RXRA","AKT","ZNF281"
"RXRA","MAPK9","ZNF281"
"RXRA","ITK","ZNF281"
"RXRA","NCOR2","ZNF281"
"RXRA","CDK3","ZNF281"
"RXRA","DEF6","ZNF281"
"RXRA","NBR1","ZNF281"
"RXRA","CAMKK2","ZNF281"
"RXRA","GRIP1","ZNF281"
"RXRA","DAXX","ZNF281"
"RXRA","PIK3R1","ZNF281"
"RXRA","MRE11","ZNF281"
"RXRA","ROR2","ZNF281"
"RXRA","ABI1","ZNF281"
"RXRA","PLCG2","ZNF281"
"RXRA","MAPK3","ADAM17"
"RXRA","STK3/4","ADAM17"
"RXRA","CSNK2A1","ADAM17"
"RXRA","Gbeta","ADAM17"
"RXRA","LCK","ADAM17"
"RXRA","RPS6KA1","ADAM17"
"RXRA","STK3","ADAM17"
"RXRA","AKT","ADAM17"
"RXRA","MAPK9","ADAM17"
"RXRA","PPP1R1B","ADAM17"
"RXRA","MAPKAPK2","ADAM17"
"RXRA","CCAR2","ADAM17"
"RXRA","NCOR2","ADAM17"
"RXRA","DEF6","ADAM17"
"RXRA","CAMKK2","ADAM17"
"RXRA","SHC1","ADAM17"
"RXRA","CCNO","ADAM17"
"RXRA","CDKN1B","ADAM17"
"RXRA","GAB1","ADAM17"
"RXRA","KHDRBS1","ADAM17"
"RXRA","ARRB2","ADAM17"
"RXRA","DAXX","ADAM17"
"RXRA","PSEN1","ADAM17"
"RXRA","INPP5D","ADAM17"
"RXRA","PIK3R1","ADAM17"
"RXRA","RUNX1","ADAM17"
"RXRA","MDC1","ADAM17"
"RXRA","YY1","ADAM17"
"RXRA","FRAT1","ADAM17"
"RXRA","ROR2","ADAM17"
"RXRA","ABI1","ADAM17"
"RXRA","LRP6","ADAM17"
"RXRA","SPEN","ADAM17"
"RXRA","PLCG2","ADAM17"
"RXRA","MAPK3","MAGI1"
"RXRA","STK3/4","MAGI1"
"RXRA","ACP1","MAGI1"
"RXRA","CSNK2A1","MAGI1"
"RXRA","CHEK1","MAGI1"
"RXRA","STK3","MAGI1"
"RXRA","ITK","MAGI1"
"RXRA","mTORC1","MAGI1"
"RXRA","PHLPP1","MAGI1"
"RXRA","DEF6","MAGI1"
"RXRA","NBR1","MAGI1"
"RXRA","CAMKK2","MAGI1"
"RXRA","AXIN1","MAGI1"
"RXRA","FLNA","MAGI1"
"RXRA","KHDRBS1","MAGI1"
"RXRA","CD28","MAGI1"
"RXRA","RUNX1","MAGI1"
"RXRA","YY1","MAGI1"
"RXRA","ROR2","MAGI1"
"RXRA","GRB14","MAGI1"
"RXRA","SPEN","MAGI1"
"RXRA","TIAM1","MAGI1"
"RXRA","STAT2","MAGI1"
"RXRA","PLCG2","MAGI1"
"RXRA","ACP1","DHPS"
"RXRA","RPS6K","DHPS"
"RXRA","CHEK1","DHPS"
"RXRA","RPS6KA1","DHPS"
"RXRA","STK3","DHPS"
"RXRA","AKT","DHPS"
"RXRA","MAPKAPK2","DHPS"
"RXRA","ITK","DHPS"
"RXRA","NCOR2","DHPS"
"RXRA","SHC1","DHPS"
"RXRA","CDKN1B","DHPS"
"RXRA","SKP2","DHPS"
"RXRA","GRIP1","DHPS"
"RXRA","KHDRBS1","DHPS"
"RXRA","PSEN1","DHPS"
"RXRA","PIK3R1","DHPS"
"RXRA","NF2","DHPS"
"RXRA","MRE11","DHPS"
"RXRA","FRAT1","DHPS"
"RXRA","PPP1R8","DHPS"
"RXRA","ROR2","DHPS"
"RXRA","PCBP2","DHPS"
"RXRA","E2F1","DHPS"
"RXRA","LRP6","DHPS"
"RXRA","GRB14","DHPS"
"RXRA","SPEN","DHPS"
"RXRA","NOTCH2","DHPS"
"RXRA","DYNLL1","DHPS"
"RXRA","STAT2","DHPS"
"RXRA","STK3/4","OTUD5"
"RXRA","PRKCD","OTUD5"
"RXRA","Gbeta","OTUD5"
"RXRA","PPP1R1B","OTUD5"
"RXRA","MAP3K4","OTUD5"
"RXRA","MAPKAPK2","OTUD5"
"RXRA","ITK","OTUD5"
"RXRA","NCOR2","OTUD5"
"RXRA","DEF6","OTUD5"
"RXRA","CRK","OTUD5"
"RXRA","AXIN1","OTUD5"
"RXRA","FLNA","OTUD5"
"RXRA","GAB1","OTUD5"
"RXRA","DAXX","OTUD5"
"RXRA","CD28","OTUD5"
"RXRA","CCNE1","OTUD5"
"RXRA","NF2","OTUD5"
"RXRA","YY1","OTUD5"
"RXRA","NOTCH2","OTUD5"
"RXRA","APC","OTUD5"
"RXRA","STK3/4","JUNB"
"RXRA","RPS6K","JUNB"
"RXRA","Gbeta","JUNB"
"RXRA","LCK","JUNB"
"RXRA","CHEK1","JUNB"
"RXRA","AKT","JUNB"
"RXRA","MAPK9","JUNB"
"RXRA","PPP1R1B","JUNB"
"RXRA","MAP3K4","JUNB"
"RXRA","ITK","JUNB"
"RXRA","PHLPP1","JUNB"
"RXRA","CCAR2","JUNB"
"RXRA","DEF6","JUNB"
"RXRA","CAMKK2","JUNB"
"RXRA","SHC1","JUNB"
"RXRA","CCNO","JUNB"
"RXRA","AXIN1","JUNB"
"RXRA","CDKN1B","JUNB"
"RXRA","GAB1","JUNB"
"RXRA","GRIPAP1","JUNB"
"RXRA","KHDRBS1","JUNB"
"RXRA","ARRB2","JUNB"
"RXRA","CD28","JUNB"
"RXRA","CCNE1","JUNB"
"RXRA","RUNX1","JUNB"
"RXRA","MDC1","JUNB"
"RXRA","YY1","JUNB"
"RXRA","RCAN1","JUNB"
"RXRA","MRE11","JUNB"
"RXRA","FRAT1","JUNB"
"RXRA","E2F1","JUNB"
"RXRA","LRP6","JUNB"
"RXRA","GRB14","JUNB"
"RXRA","SPEN","JUNB"
"RXRA","NOTCH2","JUNB"
"RXRA","DYNLL1","JUNB"
"RXRA","STAT2","JUNB"
"RXRA","MAPK3","PAX8"
"RXRA","PRKCD","PAX8"
"RXRA","RPS6K","PAX8"
"RXRA","LCK","PAX8"
"RXRA","EIF2AK2","PAX8"
"RXRA","RPS6KA1","PAX8"
"RXRA","AKT","PAX8"
"RXRA","MAPK9","PAX8"
"RXRA","MAPKAPK2","PAX8"
"RXRA","PHLPP1","PAX8"
"RXRA","NCOR2","PAX8"
"RXRA","CDK3","PAX8"
"RXRA","NBR1","PAX8"
"RXRA","CAMKK2","PAX8"
"RXRA","CRK","PAX8"
"RXRA","CCNO","PAX8"
"RXRA","FLNA","PAX8"
"RXRA","GAB1","PAX8"
"RXRA","GRIPAP1","PAX8"
"RXRA","ARRB2","PAX8"
"RXRA","PSEN1","PAX8"
"RXRA","CD28","PAX8"
"RXRA","RUNX1","PAX8"
"RXRA","YY1","PAX8"
"RXRA","MRE11","PAX8"
"RXRA","FRAT1","PAX8"
"RXRA","ROR2","PAX8"
"RXRA","ABI1","PAX8"
"RXRA","E2F1","PAX8"
"RXRA","LRP6","PAX8"
"RXRA","GRB14","PAX8"
"RXRA","TIAM1","PAX8"
"RXRA","DYNLL1","PAX8"
"RXRA","PLCG2","PAX8"
"RXRA","MAPK3","LAX1"
"RXRA","STK3/4","LAX1"
"RXRA","PRKCD","LAX1"
"RXRA","ACP1","LAX1"
"RXRA","CSNK2A1","LAX1"
"RXRA","EIF2AK2","LAX1"
"RXRA","RPS6KA1","LAX1"
"RXRA","AKT","LAX1"
"RXRA","PPP1R1B","LAX1"
"RXRA","MAPKAPK2","LAX1"
"RXRA","ITK","LAX1"
"RXRA","PHLPP1","LAX1"
"RXRA","CCAR2","LAX1"
"RXRA","CDK3","LAX1"
"RXRA","CAMKK2","LAX1"
"RXRA","SHC1","LAX1"
"RXRA","CCNO","LAX1"
"RXRA","CDKN1B","LAX1"
"RXRA","SKP2","LAX1"
"RXRA","GAB1","LAX1"
"RXRA","GRIPAP1","LAX1"
"RXRA","ARRB2","LAX1"
"RXRA","CD28","LAX1"
"RXRA","PIK3R1","LAX1"
"RXRA","CCNE1","LAX1"
"RXRA","NF2","LAX1"
"RXRA","RUNX1","LAX1"
"RXRA","MDC1","LAX1"
"RXRA","AKAP11","LAX1"
"RXRA","RCAN1","LAX1"
"RXRA","MRE11","LAX1"
"RXRA","FRAT1","LAX1"
"RXRA","PPP1R8","LAX1"
"RXRA","ABI1","LAX1"
"RXRA","PCBP2","LAX1"
"RXRA","E2F1","LAX1"
"RXRA","LRP6","LAX1"
"RXRA","SPEN","LAX1"
"RXRA","TIAM1","LAX1"
"RXRA","NOTCH2","LAX1"
"RXRA","APC","LAX1"
"RXRA","DYNLL1","LAX1"
"RXRA","STAT2","LAX1"
"RXRA","PLCG2","LAX1"
"RXRA","MAPK3","STX1A"
"RXRA","STK3/4","STX1A"
"RXRA","PRKCD","STX1A"
"RXRA","ACP1","STX1A"
"RXRA","Gbeta","STX1A"
"RXRA","LCK","STX1A"
"RXRA","ABL1","STX1A"
"RXRA","CHEK1","STX1A"
"RXRA","EIF2AK2","STX1A"
"RXRA","AKT","STX1A"
"RXRA","MAPK9","STX1A"
"RXRA","PPP1R1B","STX1A"
"RXRA","MAP3K4","STX1A"
"RXRA","MAPKAPK2","STX1A"
"RXRA","ITK","STX1A"
"RXRA","mTORC1","STX1A"
"RXRA","PHLPP1","STX1A"
"RXRA","CCAR2","STX1A"
"RXRA","NCOR2","STX1A"
"RXRA","CDK3","STX1A"
"RXRA","CAMKK2","STX1A"
"RXRA","CRK","STX1A"
"RXRA","SHC1","STX1A"
"RXRA","AXIN1","STX1A"
"RXRA","GRIPAP1","STX1A"
"RXRA","GRIP1","STX1A"
"RXRA","KHDRBS1","STX1A"
"RXRA","DAXX","STX1A"
"RXRA","INPP5D","STX1A"
"RXRA","PIK3R1","STX1A"
"RXRA","CCNE1","STX1A"
"RXRA","MRE11","STX1A"
"RXRA","ABI1","STX1A"
"RXRA","E2F1","STX1A"
"RXRA","GRB14","STX1A"
"RXRA","APC","STX1A"
"RXRA","MAPK3","EIF3J"
"RXRA","PRKCD","EIF3J"
"RXRA","RPS6K","EIF3J"
"RXRA","Gbeta","EIF3J"
"RXRA","LCK","EIF3J"
"RXRA","ABL1","EIF3J"
"RXRA","CHEK1","EIF3J"
"RXRA","EIF2AK2","EIF3J"
"RXRA","RPS6KA1","EIF3J"
"RXRA","PPP1R1B","EIF3J"
"RXRA","MAP3K4","EIF3J"
"RXRA","MAPKAPK2","EIF3J"
"RXRA","PHLPP1","EIF3J"
"RXRA","NCOR2","EIF3J"
"RXRA","CDK3","EIF3J"
"RXRA","NBR1","EIF3J"
"RXRA","CAMKK2","EIF3J"
"RXRA","SHC1","EIF3J"
"RXRA","AXIN1","EIF3J"
"RXRA","CDKN1B","EIF3J"
"RXRA","SKP2","EIF3J"
"RXRA","FLNA","EIF3J"
"RXRA","GRIP1","EIF3J"
"RXRA","KHDRBS1","EIF3J"
"RXRA","DAXX","EIF3J"
"RXRA","PSEN1","EIF3J"
"RXRA","PIK3R1","EIF3J"
"RXRA","RUNX1","EIF3J"
"RXRA","AKAP11","EIF3J"
"RXRA","YY1","EIF3J"
"RXRA","FRAT1","EIF3J"
"RXRA","PPP1R8","EIF3J"
"RXRA","ROR2","EIF3J"
"RXRA","ABI1","EIF3J"
"RXRA","APC","EIF3J"
"RXRA","STAT2","EIF3J"
"RXRA","STK3/4","DAPP1"
"RXRA","ACP1","DAPP1"
"RXRA","ABL1","DAPP1"
"RXRA","STK3","DAPP1"
"RXRA","AKT","DAPP1"
"RXRA","mTORC1","DAPP1"
"RXRA","CAMKK2","DAPP1"
"RXRA","SHC1","DAPP1"
"RXRA","GAB1","DAPP1"
"RXRA","GRIPAP1","DAPP1"
"RXRA","GRIP1","DAPP1"
"RXRA","INPP5D","DAPP1"
"RXRA","PIK3R1","DAPP1"
"RXRA","CCNE1","DAPP1"
"RXRA","NF2","DAPP1"
"RXRA","RUNX1","DAPP1"
"RXRA","MDC1","DAPP1"
"RXRA","AKAP11","DAPP1"
"RXRA","YY1","DAPP1"
"RXRA","RCAN1","DAPP1"
"RXRA","MRE11","DAPP1"
"RXRA","FRAT1","DAPP1"
"RXRA","PPP1R8","DAPP1"
"RXRA","ROR2","DAPP1"
"RXRA","ABI1","DAPP1"
"RXRA","PCBP2","DAPP1"
"RXRA","E2F1","DAPP1"
"RXRA","LRP6","DAPP1"
"RXRA","GRB14","DAPP1"
"RXRA","SPEN","DAPP1"
"RXRA","TIAM1","DAPP1"
"RXRA","NOTCH2","DAPP1"
"RXRA","APC","DAPP1"
"RXRA","DYNLL1","DAPP1"
"RXRA","STAT2","DAPP1"
"RXRA","PLCG2","DAPP1"
"RXRA","STK3/4","PPARD"
"RXRA","ITK","PPARD"
"RXRA","CCAR2","PPARD"
"RXRA","NCOR2","PPARD"
"RXRA","CDK3","PPARD"
"RXRA","DEF6","PPARD"
"RXRA","NBR1","PPARD"
"RXRA","SHC1","PPARD"
"RXRA","SKP2","PPARD"
"RXRA","KHDRBS1","PPARD"
"RXRA","ARRB2","PPARD"
"RXRA","CD28","PPARD"
"RXRA","NF2","PPARD"
"RXRA","RUNX1","PPARD"
"RXRA","MDC1","PPARD"
"RXRA","YY1","PPARD"
"RXRA","ABI1","PPARD"
"RXRA","PCBP2","PPARD"
"RXRA","E2F1","PPARD"
"RXRA","GRB14","PPARD"
"RXRA","NOTCH2","PPARD"
"RXRA","STAT2","PPARD"
"RXRA","PLCG2","PPARD"
"RXRA","MAPK3","EEF1A1"
"RXRA","MAPK8","EEF1A1"
"RXRA","STK3/4","EEF1A1"
"RXRA","PRKCD","EEF1A1"
"RXRA","ACP1","EEF1A1"
"RXRA","CSNK2A1","EEF1A1"
"RXRA","RPS6K","EEF1A1"
"RXRA","Gbeta","EEF1A1"
"RXRA","LCK","EEF1A1"
"RXRA","ABL1","EEF1A1"
"RXRA","CHEK1","EEF1A1"
"RXRA","EIF2AK2","EEF1A1"
"RXRA","RPS6KA1","EEF1A1"
"RXRA","STK3","EEF1A1"
"RXRA","AKT","EEF1A1"
"RXRA","MAPK9","EEF1A1"
"RXRA","PPP1R1B","EEF1A1"
"RXRA","MAP3K4","EEF1A1"
"RXRA","MAPKAPK2","EEF1A1"
"RXRA","ITK","EEF1A1"
"RXRA","mTORC1","EEF1A1"
"RXRA","PHLPP1","EEF1A1"
"RXRA","CCAR2","EEF1A1"
"RXRA","NCOR2","EEF1A1"
"RXRA","CDK3","EEF1A1"
"RXRA","DEF6","EEF1A1"
"RXRA","NBR1","EEF1A1"
"RXRA","CAMKK2","EEF1A1"
"RXRA","CRK","EEF1A1"
"RXRA","SHC1","EEF1A1"
"RXRA","CCNO","EEF1A1"
"RXRA","AXIN1","EEF1A1"
"RXRA","CDKN1B","EEF1A1"
"RXRA","SKP2","EEF1A1"
"RXRA","FLNA","EEF1A1"
"RXRA","GAB1","EEF1A1"
"RXRA","GRIPAP1","EEF1A1"
"RXRA","GRIP1","EEF1A1"
"RXRA","KHDRBS1","EEF1A1"
"RXRA","ARRB2","EEF1A1"
"RXRA","DAXX","EEF1A1"
"RXRA","PSEN1","EEF1A1"
"RXRA","CD28","EEF1A1"
"RXRA","INPP5D","EEF1A1"
"RXRA","PIK3R1","EEF1A1"
"RXRA","CCNE1","EEF1A1"
"RXRA","NF2","EEF1A1"
"RXRA","RUNX1","EEF1A1"
"RXRA","MDC1","EEF1A1"
"RXRA","AKAP11","EEF1A1"
"RXRA","YY1","EEF1A1"
"RXRA","RCAN1","EEF1A1"
"RXRA","MRE11","EEF1A1"
"RXRA","FRAT1","EEF1A1"
"RXRA","PPP1R8","EEF1A1"
"RXRA","ROR2","EEF1A1"
"RXRA","ABI1","EEF1A1"
"RXRA","PCBP2","EEF1A1"
"RXRA","E2F1","EEF1A1"
"RXRA","LRP6","EEF1A1"
"RXRA","GRB14","EEF1A1"
"RXRA","SPEN","EEF1A1"
"RXRA","TIAM1","EEF1A1"
"RXRA","NOTCH2","EEF1A1"
"RXRA","APC","EEF1A1"
"RXRA","DYNLL1","EEF1A1"
"RXRA","STAT2","EEF1A1"
"RXRA","PLCG2","EEF1A1"
"RXRA","MAPK3","SLITRK1"
"RXRA","MAPK8","SLITRK1"
"RXRA","STK3/4","SLITRK1"
"RXRA","PRKCD","SLITRK1"
"RXRA","ACP1","SLITRK1"
"RXRA","RPS6K","SLITRK1"
"RXRA","Gbeta","SLITRK1"
"RXRA","LCK","SLITRK1"
"RXRA","ABL1","SLITRK1"
"RXRA","CHEK1","SLITRK1"
"RXRA","EIF2AK2","SLITRK1"
"RXRA","RPS6KA1","SLITRK1"
"RXRA","STK3","SLITRK1"
"RXRA","AKT","SLITRK1"
"RXRA","MAPK9","SLITRK1"
"RXRA","PPP1R1B","SLITRK1"
"RXRA","MAP3K4","SLITRK1"
"RXRA","MAPKAPK2","SLITRK1"
"RXRA","ITK","SLITRK1"
"RXRA","mTORC1","SLITRK1"
"RXRA","PHLPP1","SLITRK1"
"RXRA","CCAR2","SLITRK1"
"RXRA","NCOR2","SLITRK1"
"RXRA","CDK3","SLITRK1"
"RXRA","DEF6","SLITRK1"
"RXRA","NBR1","SLITRK1"
"RXRA","CAMKK2","SLITRK1"
"RXRA","CRK","SLITRK1"
"RXRA","SHC1","SLITRK1"
"RXRA","CCNO","SLITRK1"
"RXRA","AXIN1","SLITRK1"
"RXRA","CDKN1B","SLITRK1"
"RXRA","SKP2","SLITRK1"
"RXRA","FLNA","SLITRK1"
"RXRA","GAB1","SLITRK1"
"RXRA","GRIPAP1","SLITRK1"
"RXRA","GRIP1","SLITRK1"
"RXRA","KHDRBS1","SLITRK1"
"RXRA","ARRB2","SLITRK1"
"RXRA","DAXX","SLITRK1"
"RXRA","PSEN1","SLITRK1"
"RXRA","CD28","SLITRK1"
"RXRA","INPP5D","SLITRK1"
"RXRA","PIK3R1","SLITRK1"
"RXRA","CCNE1","SLITRK1"
"RXRA","NF2","SLITRK1"
"RXRA","RUNX1","SLITRK1"
"RXRA","MDC1","SLITRK1"
"RXRA","AKAP11","SLITRK1"
"RXRA","YY1","SLITRK1"
"RXRA","RCAN1","SLITRK1"
"RXRA","MRE11","SLITRK1"
"RXRA","FRAT1","SLITRK1"
"RXRA","PPP1R8","SLITRK1"
"RXRA","ROR2","SLITRK1"
"RXRA","ABI1","SLITRK1"
"RXRA","PCBP2","SLITRK1"
"RXRA","E2F1","SLITRK1"
"RXRA","LRP6","SLITRK1"
"RXRA","GRB14","SLITRK1"
"RXRA","SPEN","SLITRK1"
"RXRA","TIAM1","SLITRK1"
"RXRA","NOTCH2","SLITRK1"
"RXRA","APC","SLITRK1"
"RXRA","DYNLL1","SLITRK1"
"RXRA","STAT2","SLITRK1"
"RXRA","PLCG2","SLITRK1"
"RXRA","MAPK3","PDCL"
"RXRA","MAPK8","PDCL"
"RXRA","STK3/4","PDCL"
"RXRA","PRKCD","PDCL"
"RXRA","ACP1","PDCL"
"RXRA","RPS6K","PDCL"
"RXRA","Gbeta","PDCL"
"RXRA","LCK","PDCL"
"RXRA","ABL1","PDCL"
"RXRA","CHEK1","PDCL"
"RXRA","EIF2AK2","PDCL"
"RXRA","RPS6KA1","PDCL"
"RXRA","STK3","PDCL"
"RXRA","AKT","PDCL"
"RXRA","MAPK9","PDCL"
"RXRA","PPP1R1B","PDCL"
"RXRA","MAP3K4","PDCL"
"RXRA","MAPKAPK2","PDCL"
"RXRA","ITK","PDCL"
"RXRA","mTORC1","PDCL"
"RXRA","PHLPP1","PDCL"
"RXRA","CCAR2","PDCL"
"RXRA","NCOR2","PDCL"
"RXRA","CDK3","PDCL"
"RXRA","DEF6","PDCL"
"RXRA","NBR1","PDCL"
"RXRA","CAMKK2","PDCL"
"RXRA","CRK","PDCL"
"RXRA","SHC1","PDCL"
"RXRA","CCNO","PDCL"
"RXRA","AXIN1","PDCL"
"RXRA","CDKN1B","PDCL"
"RXRA","SKP2","PDCL"
"RXRA","FLNA","PDCL"
"RXRA","GAB1","PDCL"
"RXRA","GRIPAP1","PDCL"
"RXRA","GRIP1","PDCL"
"RXRA","KHDRBS1","PDCL"
"RXRA","ARRB2","PDCL"
"RXRA","DAXX","PDCL"
"RXRA","PSEN1","PDCL"
"RXRA","CD28","PDCL"
"RXRA","INPP5D","PDCL"
"RXRA","PIK3R1","PDCL"
"RXRA","CCNE1","PDCL"
"RXRA","NF2","PDCL"
"RXRA","RUNX1","PDCL"
"RXRA","MDC1","PDCL"
"RXRA","AKAP11","PDCL"
"RXRA","YY1","PDCL"
"RXRA","RCAN1","PDCL"
"RXRA","MRE11","PDCL"
"RXRA","FRAT1","PDCL"
"RXRA","PPP1R8","PDCL"
"RXRA","ROR2","PDCL"
"RXRA","ABI1","PDCL"
"RXRA","PCBP2","PDCL"
"RXRA","E2F1","PDCL"
"RXRA","LRP6","PDCL"
"RXRA","GRB14","PDCL"
"RXRA","SPEN","PDCL"
"RXRA","TIAM1","PDCL"
"RXRA","NOTCH2","PDCL"
"RXRA","APC","PDCL"
"RXRA","DYNLL1","PDCL"
"RXRA","STAT2","PDCL"
"RXRA","PLCG2","PDCL"
"RXRA","MAPK3","NET1"
"RXRA","MAPK8","NET1"
"RXRA","STK3/4","NET1"
"RXRA","PRKCD","NET1"
"RXRA","ACP1","NET1"
"RXRA","CSNK2A1","NET1"
"RXRA","RPS6K","NET1"
"RXRA","Gbeta","NET1"
"RXRA","LCK","NET1"
"RXRA","ABL1","NET1"
"RXRA","CHEK1","NET1"
"RXRA","EIF2AK2","NET1"
"RXRA","RPS6KA1","NET1"
"RXRA","STK3","NET1"
"RXRA","AKT","NET1"
"RXRA","MAPK9","NET1"
"RXRA","PPP1R1B","NET1"
"RXRA","MAP3K4","NET1"
"RXRA","MAPKAPK2","NET1"
"RXRA","ITK","NET1"
"RXRA","mTORC1","NET1"
"RXRA","PHLPP1","NET1"
"RXRA","CCAR2","NET1"
"RXRA","NCOR2","NET1"
"RXRA","CDK3","NET1"
"RXRA","DEF6","NET1"
"RXRA","NBR1","NET1"
"RXRA","CAMKK2","NET1"
"RXRA","CRK","NET1"
"RXRA","SHC1","NET1"
"RXRA","CCNO","NET1"
"RXRA","AXIN1","NET1"
"RXRA","CDKN1B","NET1"
"RXRA","SKP2","NET1"
"RXRA","FLNA","NET1"
"RXRA","GAB1","NET1"
"RXRA","GRIPAP1","NET1"
"RXRA","GRIP1","NET1"
"RXRA","KHDRBS1","NET1"
"RXRA","ARRB2","NET1"
"RXRA","DAXX","NET1"
"RXRA","PSEN1","NET1"
"RXRA","CD28","NET1"
"RXRA","INPP5D","NET1"
"RXRA","PIK3R1","NET1"
"RXRA","CCNE1","NET1"
"RXRA","NF2","NET1"
"RXRA","RUNX1","NET1"
"RXRA","MDC1","NET1"
"RXRA","AKAP11","NET1"
"RXRA","YY1","NET1"
"RXRA","RCAN1","NET1"
"RXRA","MRE11","NET1"
"RXRA","FRAT1","NET1"
"RXRA","PPP1R8","NET1"
"RXRA","ROR2","NET1"
"RXRA","ABI1","NET1"
"RXRA","PCBP2","NET1"
"RXRA","E2F1","NET1"
"RXRA","LRP6","NET1"
"RXRA","GRB14","NET1"
"RXRA","SPEN","NET1"
"RXRA","TIAM1","NET1"
"RXRA","NOTCH2","NET1"
"RXRA","APC","NET1"
"RXRA","DYNLL1","NET1"
"RXRA","STAT2","NET1"
"RXRA","PLCG2","NET1"
"RXRA","MAPK3","RNF7"
"RXRA","MAPK8","RNF7"
"RXRA","STK3/4","RNF7"
"RXRA","PRKCD","RNF7"
"RXRA","ACP1","RNF7"
"RXRA","RPS6K","RNF7"
"RXRA","Gbeta","RNF7"
"RXRA","LCK","RNF7"
"RXRA","ABL1","RNF7"
"RXRA","CHEK1","RNF7"
"RXRA","EIF2AK2","RNF7"
"RXRA","RPS6KA1","RNF7"
"RXRA","STK3","RNF7"
"RXRA","AKT","RNF7"
"RXRA","MAPK9","RNF7"
"RXRA","PPP1R1B","RNF7"
"RXRA","MAP3K4","RNF7"
"RXRA","MAPKAPK2","RNF7"
"RXRA","ITK","RNF7"
"RXRA","mTORC1","RNF7"
"RXRA","PHLPP1","RNF7"
"RXRA","CCAR2","RNF7"
"RXRA","NCOR2","RNF7"
"RXRA","CDK3","RNF7"
"RXRA","DEF6","RNF7"
"RXRA","NBR1","RNF7"
"RXRA","CAMKK2","RNF7"
"RXRA","CRK","RNF7"
"RXRA","SHC1","RNF7"
"RXRA","CCNO","RNF7"
"RXRA","AXIN1","RNF7"
"RXRA","CDKN1B","RNF7"
"RXRA","SKP2","RNF7"
"RXRA","FLNA","RNF7"
"RXRA","GAB1","RNF7"
"RXRA","GRIPAP1","RNF7"
"RXRA","GRIP1","RNF7"
"RXRA","KHDRBS1","RNF7"
"RXRA","ARRB2","RNF7"
"RXRA","DAXX","RNF7"
"RXRA","PSEN1","RNF7"
"RXRA","CD28","RNF7"
"RXRA","INPP5D","RNF7"
"RXRA","PIK3R1","RNF7"
"RXRA","CCNE1","RNF7"
"RXRA","NF2","RNF7"
"RXRA","RUNX1","RNF7"
"RXRA","MDC1","RNF7"
"RXRA","AKAP11","RNF7"
"RXRA","YY1","RNF7"
"RXRA","RCAN1","RNF7"
"RXRA","MRE11","RNF7"
"RXRA","FRAT1","RNF7"
"RXRA","PPP1R8","RNF7"
"RXRA","ROR2","RNF7"
"RXRA","ABI1","RNF7"
"RXRA","PCBP2","RNF7"
"RXRA","E2F1","RNF7"
"RXRA","LRP6","RNF7"
"RXRA","GRB14","RNF7"
"RXRA","SPEN","RNF7"
"RXRA","TIAM1","RNF7"
"RXRA","NOTCH2","RNF7"
"RXRA","APC","RNF7"
"RXRA","DYNLL1","RNF7"
"RXRA","STAT2","RNF7"
"RXRA","PLCG2","RNF7"
"RXRA","STK3/4","RXRG"
"RXRA","PRKCD","RXRG"
"RXRA","ACP1","RXRG"
"RXRA","CSNK2A1","RXRG"
"RXRA","RPS6K","RXRG"
"RXRA","LCK","RXRG"
"RXRA","ABL1","RXRG"
"RXRA","CHEK1","RXRG"
"RXRA","EIF2AK2","RXRG"
"RXRA","RPS6KA1","RXRG"
"RXRA","STK3","RXRG"
"RXRA","AKT","RXRG"
"RXRA","PPP1R1B","RXRG"
"RXRA","MAPKAPK2","RXRG"
"RXRA","ITK","RXRG"
"RXRA","mTORC1","RXRG"
"RXRA","PHLPP1","RXRG"
"RXRA","CCAR2","RXRG"
"RXRA","NCOR2","RXRG"
"RXRA","CDK3","RXRG"
"RXRA","DEF6","RXRG"
"RXRA","NBR1","RXRG"
"RXRA","CRK","RXRG"
"RXRA","SHC1","RXRG"
"RXRA","CCNO","RXRG"
"RXRA","CDKN1B","RXRG"
"RXRA","SKP2","RXRG"
"RXRA","GAB1","RXRG"
"RXRA","GRIPAP1","RXRG"
"RXRA","GRIP1","RXRG"
"RXRA","KHDRBS1","RXRG"
"RXRA","ARRB2","RXRG"
"RXRA","DAXX","RXRG"
"RXRA","PSEN1","RXRG"
"RXRA","CD28","RXRG"
"RXRA","INPP5D","RXRG"
"RXRA","PIK3R1","RXRG"
"RXRA","CCNE1","RXRG"
"RXRA","NF2","RXRG"
"RXRA","RUNX1","RXRG"
"RXRA","MDC1","RXRG"
"RXRA","AKAP11","RXRG"
"RXRA","YY1","RXRG"
"RXRA","RCAN1","RXRG"
"RXRA","MRE11","RXRG"
"RXRA","FRAT1","RXRG"
"RXRA","PPP1R8","RXRG"
"RXRA","ABI1","RXRG"
"RXRA","PCBP2","RXRG"
"RXRA","E2F1","RXRG"
"RXRA","LRP6","RXRG"
"RXRA","GRB14","RXRG"
"RXRA","SPEN","RXRG"
"RXRA","NOTCH2","RXRG"
"RXRA","APC","RXRG"
"RXRA","DYNLL1","RXRG"
"RXRA","STAT2","RXRG"
"RXRA","PLCG2","RXRG"
"RXRA","MAPK3","CD3D"
"RXRA","MAPK8","CD3D"
"RXRA","STK3/4","CD3D"
"RXRA","PRKCD","CD3D"
"RXRA","ACP1","CD3D"
"RXRA","CSNK2A1","CD3D"
"RXRA","RPS6K","CD3D"
"RXRA","Gbeta","CD3D"
"RXRA","ABL1","CD3D"
"RXRA","CHEK1","CD3D"
"RXRA","EIF2AK2","CD3D"
"RXRA","RPS6KA1","CD3D"
"RXRA","STK3","CD3D"
"RXRA","AKT","CD3D"
"RXRA","MAPK9","CD3D"
"RXRA","PPP1R1B","CD3D"
"RXRA","MAP3K4","CD3D"
"RXRA","MAPKAPK2","CD3D"
"RXRA","ITK","CD3D"
"RXRA","mTORC1","CD3D"
"RXRA","PHLPP1","CD3D"
"RXRA","CCAR2","CD3D"
"RXRA","NCOR2","CD3D"
"RXRA","CDK3","CD3D"
"RXRA","DEF6","CD3D"
"RXRA","NBR1","CD3D"
"RXRA","CAMKK2","CD3D"
"RXRA","CRK","CD3D"
"RXRA","SHC1","CD3D"
"RXRA","CCNO","CD3D"
"RXRA","AXIN1","CD3D"
"RXRA","CDKN1B","CD3D"
"RXRA","SKP2","CD3D"
"RXRA","FLNA","CD3D"
"RXRA","GAB1","CD3D"
"RXRA","GRIPAP1","CD3D"
"RXRA","GRIP1","CD3D"
"RXRA","KHDRBS1","CD3D"
"RXRA","ARRB2","CD3D"
"RXRA","DAXX","CD3D"
"RXRA","PSEN1","CD3D"
"RXRA","CD28","CD3D"
"RXRA","INPP5D","CD3D"
"RXRA","PIK3R1","CD3D"
"RXRA","CCNE1","CD3D"
"RXRA","NF2","CD3D"
"RXRA","RUNX1","CD3D"
"RXRA","MDC1","CD3D"
"RXRA","AKAP11","CD3D"
"RXRA","YY1","CD3D"
"RXRA","RCAN1","CD3D"
"RXRA","MRE11","CD3D"
"RXRA","FRAT1","CD3D"
"RXRA","PPP1R8","CD3D"
"RXRA","ROR2","CD3D"
"RXRA","ABI1","CD3D"
"RXRA","PCBP2","CD3D"
"RXRA","E2F1","CD3D"
"RXRA","LRP6","CD3D"
"RXRA","GRB14","CD3D"
"RXRA","SPEN","CD3D"
"RXRA","TIAM1","CD3D"
"RXRA","NOTCH2","CD3D"
"RXRA","APC","CD3D"
"RXRA","DYNLL1","CD3D"
"RXRA","STAT2","CD3D"
"RXRA","PLCG2","CD3D"
"RXRA","MAPK3","CERS5"
"RXRA","MAPK8","CERS5"
"RXRA","STK3/4","CERS5"
"RXRA","PRKCD","CERS5"
"RXRA","ACP1","CERS5"
"RXRA","RPS6K","CERS5"
"RXRA","Gbeta","CERS5"
"RXRA","LCK","CERS5"
"RXRA","ABL1","CERS5"
"RXRA","CHEK1","CERS5"
"RXRA","EIF2AK2","CERS5"
"RXRA","RPS6KA1","CERS5"
"RXRA","STK3","CERS5"
"RXRA","AKT","CERS5"
"RXRA","MAPK9","CERS5"
"RXRA","PPP1R1B","CERS5"
"RXRA","MAP3K4","CERS5"
"RXRA","MAPKAPK2","CERS5"
"RXRA","ITK","CERS5"
"RXRA","mTORC1","CERS5"
"RXRA","PHLPP1","CERS5"
"RXRA","CCAR2","CERS5"
"RXRA","NCOR2","CERS5"
"RXRA","CDK3","CERS5"
"RXRA","DEF6","CERS5"
"RXRA","NBR1","CERS5"
"RXRA","CAMKK2","CERS5"
"RXRA","CRK","CERS5"
"RXRA","SHC1","CERS5"
"RXRA","CCNO","CERS5"
"RXRA","AXIN1","CERS5"
"RXRA","CDKN1B","CERS5"
"RXRA","SKP2","CERS5"
"RXRA","FLNA","CERS5"
"RXRA","GAB1","CERS5"
"RXRA","GRIPAP1","CERS5"
"RXRA","GRIP1","CERS5"
"RXRA","KHDRBS1","CERS5"
"RXRA","ARRB2","CERS5"
"RXRA","DAXX","CERS5"
"RXRA","PSEN1","CERS5"
"RXRA","CD28","CERS5"
"RXRA","INPP5D","CERS5"
"RXRA","PIK3R1","CERS5"
"RXRA","CCNE1","CERS5"
"RXRA","NF2","CERS5"
"RXRA","RUNX1","CERS5"
"RXRA","MDC1","CERS5"
"RXRA","AKAP11","CERS5"
"RXRA","YY1","CERS5"
"RXRA","RCAN1","CERS5"
"RXRA","MRE11","CERS5"
"RXRA","FRAT1","CERS5"
"RXRA","PPP1R8","CERS5"
"RXRA","ROR2","CERS5"
"RXRA","ABI1","CERS5"
"RXRA","PCBP2","CERS5"
"RXRA","E2F1","CERS5"
"RXRA","LRP6","CERS5"
"RXRA","GRB14","CERS5"
"RXRA","SPEN","CERS5"
"RXRA","TIAM1","CERS5"
"RXRA","NOTCH2","CERS5"
"RXRA","APC","CERS5"
"RXRA","DYNLL1","CERS5"
"RXRA","STAT2","CERS5"
"RXRA","PLCG2","CERS5"
"RXRA","MAPK3","CERS6"
"RXRA","MAPK8","CERS6"
"RXRA","STK3/4","CERS6"
"RXRA","PRKCD","CERS6"
"RXRA","ACP1","CERS6"
"RXRA","RPS6K","CERS6"
"RXRA","Gbeta","CERS6"
"RXRA","LCK","CERS6"
"RXRA","ABL1","CERS6"
"RXRA","CHEK1","CERS6"
"RXRA","EIF2AK2","CERS6"
"RXRA","RPS6KA1","CERS6"
"RXRA","STK3","CERS6"
"RXRA","AKT","CERS6"
"RXRA","MAPK9","CERS6"
"RXRA","PPP1R1B","CERS6"
"RXRA","MAP3K4","CERS6"
"RXRA","MAPKAPK2","CERS6"
"RXRA","ITK","CERS6"
"RXRA","mTORC1","CERS6"
"RXRA","PHLPP1","CERS6"
"RXRA","CCAR2","CERS6"
"RXRA","NCOR2","CERS6"
"RXRA","CDK3","CERS6"
"RXRA","DEF6","CERS6"
"RXRA","NBR1","CERS6"
"RXRA","CAMKK2","CERS6"
"RXRA","CRK","CERS6"
"RXRA","SHC1","CERS6"
"RXRA","CCNO","CERS6"
"RXRA","AXIN1","CERS6"
"RXRA","CDKN1B","CERS6"
"RXRA","SKP2","CERS6"
"RXRA","FLNA","CERS6"
"RXRA","GAB1","CERS6"
"RXRA","GRIPAP1","CERS6"
"RXRA","GRIP1","CERS6"
"RXRA","KHDRBS1","CERS6"
"RXRA","ARRB2","CERS6"
"RXRA","DAXX","CERS6"
"RXRA","PSEN1","CERS6"
"RXRA","CD28","CERS6"
"RXRA","INPP5D","CERS6"
"RXRA","PIK3R1","CERS6"
"RXRA","CCNE1","CERS6"
"RXRA","NF2","CERS6"
"RXRA","RUNX1","CERS6"
"RXRA","MDC1","CERS6"
"RXRA","AKAP11","CERS6"
"RXRA","YY1","CERS6"
"RXRA","RCAN1","CERS6"
"RXRA","MRE11","CERS6"
"RXRA","FRAT1","CERS6"
"RXRA","PPP1R8","CERS6"
"RXRA","ROR2","CERS6"
"RXRA","ABI1","CERS6"
"RXRA","PCBP2","CERS6"
"RXRA","E2F1","CERS6"
"RXRA","LRP6","CERS6"
"RXRA","GRB14","CERS6"
"RXRA","SPEN","CERS6"
"RXRA","TIAM1","CERS6"
"RXRA","NOTCH2","CERS6"
"RXRA","APC","CERS6"
"RXRA","DYNLL1","CERS6"
"RXRA","STAT2","CERS6"
"RXRA","PLCG2","CERS6"
"RXRA","MAPK3","ABCC1"
"RXRA","MAPK8","ABCC1"
"RXRA","STK3/4","ABCC1"
"RXRA","PRKCD","ABCC1"
"RXRA","ACP1","ABCC1"
"RXRA","RPS6K","ABCC1"
"RXRA","Gbeta","ABCC1"
"RXRA","LCK","ABCC1"
"RXRA","ABL1","ABCC1"
"RXRA","CHEK1","ABCC1"
"RXRA","EIF2AK2","ABCC1"
"RXRA","RPS6KA1","ABCC1"
"RXRA","STK3","ABCC1"
"RXRA","AKT","ABCC1"
"RXRA","MAPK9","ABCC1"
"RXRA","PPP1R1B","ABCC1"
"RXRA","MAP3K4","ABCC1"
"RXRA","MAPKAPK2","ABCC1"
"RXRA","ITK","ABCC1"
"RXRA","mTORC1","ABCC1"
"RXRA","PHLPP1","ABCC1"
"RXRA","CCAR2","ABCC1"
"RXRA","NCOR2","ABCC1"
"RXRA","CDK3","ABCC1"
"RXRA","DEF6","ABCC1"
"RXRA","NBR1","ABCC1"
"RXRA","CAMKK2","ABCC1"
"RXRA","CRK","ABCC1"
"RXRA","SHC1","ABCC1"
"RXRA","CCNO","ABCC1"
"RXRA","AXIN1","ABCC1"
"RXRA","CDKN1B","ABCC1"
"RXRA","SKP2","ABCC1"
"RXRA","FLNA","ABCC1"
"RXRA","GAB1","ABCC1"
"RXRA","GRIPAP1","ABCC1"
"RXRA","GRIP1","ABCC1"
"RXRA","KHDRBS1","ABCC1"
"RXRA","ARRB2","ABCC1"
"RXRA","DAXX","ABCC1"
"RXRA","PSEN1","ABCC1"
"RXRA","CD28","ABCC1"
"RXRA","INPP5D","ABCC1"
"RXRA","PIK3R1","ABCC1"
"RXRA","CCNE1","ABCC1"
"RXRA","NF2","ABCC1"
"RXRA","RUNX1","ABCC1"
"RXRA","MDC1","ABCC1"
"RXRA","AKAP11","ABCC1"
"RXRA","YY1","ABCC1"
"RXRA","RCAN1","ABCC1"
"RXRA","MRE11","ABCC1"
"RXRA","FRAT1","ABCC1"
"RXRA","PPP1R8","ABCC1"
"RXRA","ROR2","ABCC1"
"RXRA","ABI1","ABCC1"
"RXRA","PCBP2","ABCC1"
"RXRA","E2F1","ABCC1"
"RXRA","LRP6","ABCC1"
"RXRA","GRB14","ABCC1"
"RXRA","SPEN","ABCC1"
"RXRA","TIAM1","ABCC1"
"RXRA","NOTCH2","ABCC1"
"RXRA","APC","ABCC1"
"RXRA","DYNLL1","ABCC1"
"RXRA","STAT2","ABCC1"
"RXRA","PLCG2","ABCC1"
"RXRA","MAPK3","KRT20"
"RXRA","MAPK8","KRT20"
"RXRA","STK3/4","KRT20"
"RXRA","PRKCD","KRT20"
"RXRA","ACP1","KRT20"
"RXRA","CSNK2A1","KRT20"
"RXRA","RPS6K","KRT20"
"RXRA","Gbeta","KRT20"
"RXRA","LCK","KRT20"
"RXRA","ABL1","KRT20"
"RXRA","CHEK1","KRT20"
"RXRA","EIF2AK2","KRT20"
"RXRA","RPS6KA1","KRT20"
"RXRA","STK3","KRT20"
"RXRA","AKT","KRT20"
"RXRA","MAPK9","KRT20"
"RXRA","PPP1R1B","KRT20"
"RXRA","MAP3K4","KRT20"
"RXRA","ITK","KRT20"
"RXRA","mTORC1","KRT20"
"RXRA","PHLPP1","KRT20"
"RXRA","CCAR2","KRT20"
"RXRA","NCOR2","KRT20"
"RXRA","CDK3","KRT20"
"RXRA","DEF6","KRT20"
"RXRA","NBR1","KRT20"
"RXRA","CAMKK2","KRT20"
"RXRA","CRK","KRT20"
"RXRA","SHC1","KRT20"
"RXRA","CCNO","KRT20"
"RXRA","AXIN1","KRT20"
"RXRA","CDKN1B","KRT20"
"RXRA","SKP2","KRT20"
"RXRA","FLNA","KRT20"
"RXRA","GAB1","KRT20"
"RXRA","GRIPAP1","KRT20"
"RXRA","GRIP1","KRT20"
"RXRA","KHDRBS1","KRT20"
"RXRA","ARRB2","KRT20"
"RXRA","DAXX","KRT20"
"RXRA","PSEN1","KRT20"
"RXRA","CD28","KRT20"
"RXRA","INPP5D","KRT20"
"RXRA","PIK3R1","KRT20"
"RXRA","CCNE1","KRT20"
"RXRA","NF2","KRT20"
"RXRA","RUNX1","KRT20"
"RXRA","MDC1","KRT20"
"RXRA","AKAP11","KRT20"
"RXRA","YY1","KRT20"
"RXRA","RCAN1","KRT20"
"RXRA","MRE11","KRT20"
"RXRA","FRAT1","KRT20"
"RXRA","PPP1R8","KRT20"
"RXRA","ROR2","KRT20"
"RXRA","ABI1","KRT20"
"RXRA","PCBP2","KRT20"
"RXRA","E2F1","KRT20"
"RXRA","LRP6","KRT20"
"RXRA","GRB14","KRT20"
"RXRA","SPEN","KRT20"
"RXRA","TIAM1","KRT20"
"RXRA","NOTCH2","KRT20"
"RXRA","APC","KRT20"
"RXRA","DYNLL1","KRT20"
"RXRA","STAT2","KRT20"
"RXRA","PLCG2","KRT20"
"RXRA","MAPK3","NKX2-1"
"RXRA","MAPK8","NKX2-1"
"RXRA","STK3/4","NKX2-1"
"RXRA","PRKCD","NKX2-1"
"RXRA","ACP1","NKX2-1"
"RXRA","CSNK2A1","NKX2-1"
"RXRA","RPS6K","NKX2-1"
"RXRA","Gbeta","NKX2-1"
"RXRA","LCK","NKX2-1"
"RXRA","ABL1","NKX2-1"
"RXRA","CHEK1","NKX2-1"
"RXRA","EIF2AK2","NKX2-1"
"RXRA","RPS6KA1","NKX2-1"
"RXRA","STK3","NKX2-1"
"RXRA","AKT","NKX2-1"
"RXRA","MAPK9","NKX2-1"
"RXRA","PPP1R1B","NKX2-1"
"RXRA","MAP3K4","NKX2-1"
"RXRA","MAPKAPK2","NKX2-1"
"RXRA","ITK","NKX2-1"
"RXRA","mTORC1","NKX2-1"
"RXRA","PHLPP1","NKX2-1"
"RXRA","CCAR2","NKX2-1"
"RXRA","NCOR2","NKX2-1"
"RXRA","CDK3","NKX2-1"
"RXRA","DEF6","NKX2-1"
"RXRA","NBR1","NKX2-1"
"RXRA","CAMKK2","NKX2-1"
"RXRA","CRK","NKX2-1"
"RXRA","SHC1","NKX2-1"
"RXRA","CCNO","NKX2-1"
"RXRA","AXIN1","NKX2-1"
"RXRA","CDKN1B","NKX2-1"
"RXRA","SKP2","NKX2-1"
"RXRA","FLNA","NKX2-1"
"RXRA","GAB1","NKX2-1"
"RXRA","GRIPAP1","NKX2-1"
"RXRA","GRIP1","NKX2-1"
"RXRA","KHDRBS1","NKX2-1"
"RXRA","ARRB2","NKX2-1"
"RXRA","DAXX","NKX2-1"
"RXRA","PSEN1","NKX2-1"
"RXRA","CD28","NKX2-1"
"RXRA","INPP5D","NKX2-1"
"RXRA","PIK3R1","NKX2-1"
"RXRA","CCNE1","NKX2-1"
"RXRA","NF2","NKX2-1"
"RXRA","RUNX1","NKX2-1"
"RXRA","MDC1","NKX2-1"
"RXRA","AKAP11","NKX2-1"
"RXRA","YY1","NKX2-1"
"RXRA","RCAN1","NKX2-1"
"RXRA","MRE11","NKX2-1"
"RXRA","FRAT1","NKX2-1"
"RXRA","PPP1R8","NKX2-1"
"RXRA","ROR2","NKX2-1"
"RXRA","ABI1","NKX2-1"
"RXRA","PCBP2","NKX2-1"
"RXRA","E2F1","NKX2-1"
"RXRA","LRP6","NKX2-1"
"RXRA","GRB14","NKX2-1"
"RXRA","SPEN","NKX2-1"
"RXRA","TIAM1","NKX2-1"
"RXRA","NOTCH2","NKX2-1"
"RXRA","APC","NKX2-1"
"RXRA","DYNLL1","NKX2-1"
"RXRA","STAT2","NKX2-1"
"RXRA","PLCG2","NKX2-1"
"RXRA","MAPK3","HNRNPD"
"RXRA","MAPK8","HNRNPD"
"RXRA","STK3/4","HNRNPD"
"RXRA","PRKCD","HNRNPD"
"RXRA","ACP1","HNRNPD"
"RXRA","CSNK2A1","HNRNPD"
"RXRA","RPS6K","HNRNPD"
"RXRA","Gbeta","HNRNPD"
"RXRA","LCK","HNRNPD"
"RXRA","ABL1","HNRNPD"
"RXRA","CHEK1","HNRNPD"
"RXRA","EIF2AK2","HNRNPD"
"RXRA","RPS6KA1","HNRNPD"
"RXRA","STK3","HNRNPD"
"RXRA","AKT","HNRNPD"
"RXRA","MAPK9","HNRNPD"
"RXRA","PPP1R1B","HNRNPD"
"RXRA","MAP3K4","HNRNPD"
"RXRA","MAPKAPK2","HNRNPD"
"RXRA","ITK","HNRNPD"
"RXRA","mTORC1","HNRNPD"
"RXRA","PHLPP1","HNRNPD"
"RXRA","CCAR2","HNRNPD"
"RXRA","NCOR2","HNRNPD"
"RXRA","CDK3","HNRNPD"
"RXRA","DEF6","HNRNPD"
"RXRA","NBR1","HNRNPD"
"RXRA","CAMKK2","HNRNPD"
"RXRA","CRK","HNRNPD"
"RXRA","SHC1","HNRNPD"
"RXRA","CCNO","HNRNPD"
"RXRA","AXIN1","HNRNPD"
"RXRA","CDKN1B","HNRNPD"
"RXRA","SKP2","HNRNPD"
"RXRA","FLNA","HNRNPD"
"RXRA","GAB1","HNRNPD"
"RXRA","GRIPAP1","HNRNPD"
"RXRA","GRIP1","HNRNPD"
"RXRA","KHDRBS1","HNRNPD"
"RXRA","ARRB2","HNRNPD"
"RXRA","DAXX","HNRNPD"
"RXRA","PSEN1","HNRNPD"
"RXRA","CD28","HNRNPD"
"RXRA","INPP5D","HNRNPD"
"RXRA","PIK3R1","HNRNPD"
"RXRA","CCNE1","HNRNPD"
"RXRA","NF2","HNRNPD"
"RXRA","RUNX1","HNRNPD"
"RXRA","MDC1","HNRNPD"
"RXRA","AKAP11","HNRNPD"
"RXRA","YY1","HNRNPD"
"RXRA","RCAN1","HNRNPD"
"RXRA","MRE11","HNRNPD"
"RXRA","FRAT1","HNRNPD"
"RXRA","PPP1R8","HNRNPD"
"RXRA","ROR2","HNRNPD"
"RXRA","ABI1","HNRNPD"
"RXRA","PCBP2","HNRNPD"
"RXRA","E2F1","HNRNPD"
"RXRA","LRP6","HNRNPD"
"RXRA","GRB14","HNRNPD"
"RXRA","SPEN","HNRNPD"
"RXRA","TIAM1","HNRNPD"
"RXRA","NOTCH2","HNRNPD"
"RXRA","APC","HNRNPD"
"RXRA","DYNLL1","HNRNPD"
"RXRA","STAT2","HNRNPD"
"RXRA","PLCG2","HNRNPD"
"RXRA","MAPK3","HSPA1L"
"RXRA","MAPK8","HSPA1L"
"RXRA","STK3/4","HSPA1L"
"RXRA","PRKCD","HSPA1L"
"RXRA","ACP1","HSPA1L"
"RXRA","CSNK2A1","HSPA1L"
"RXRA","RPS6K","HSPA1L"
"RXRA","Gbeta","HSPA1L"
"RXRA","LCK","HSPA1L"
"RXRA","ABL1","HSPA1L"
"RXRA","CHEK1","HSPA1L"
"RXRA","EIF2AK2","HSPA1L"
"RXRA","RPS6KA1","HSPA1L"
"RXRA","STK3","HSPA1L"
"RXRA","AKT","HSPA1L"
"RXRA","MAPK9","HSPA1L"
"RXRA","PPP1R1B","HSPA1L"
"RXRA","MAP3K4","HSPA1L"
"RXRA","ITK","HSPA1L"
"RXRA","mTORC1","HSPA1L"
"RXRA","PHLPP1","HSPA1L"
"RXRA","CCAR2","HSPA1L"
"RXRA","NCOR2","HSPA1L"
"RXRA","CDK3","HSPA1L"
"RXRA","DEF6","HSPA1L"
"RXRA","NBR1","HSPA1L"
"RXRA","CAMKK2","HSPA1L"
"RXRA","CRK","HSPA1L"
"RXRA","SHC1","HSPA1L"
"RXRA","CCNO","HSPA1L"
"RXRA","AXIN1","HSPA1L"
"RXRA","CDKN1B","HSPA1L"
"RXRA","SKP2","HSPA1L"
"RXRA","FLNA","HSPA1L"
"RXRA","GAB1","HSPA1L"
"RXRA","GRIPAP1","HSPA1L"
"RXRA","GRIP1","HSPA1L"
"RXRA","KHDRBS1","HSPA1L"
"RXRA","ARRB2","HSPA1L"
"RXRA","DAXX","HSPA1L"
"RXRA","PSEN1","HSPA1L"
"RXRA","CD28","HSPA1L"
"RXRA","INPP5D","HSPA1L"
"RXRA","PIK3R1","HSPA1L"
"RXRA","CCNE1","HSPA1L"
"RXRA","NF2","HSPA1L"
"RXRA","RUNX1","HSPA1L"
"RXRA","MDC1","HSPA1L"
"RXRA","AKAP11","HSPA1L"
"RXRA","YY1","HSPA1L"
"RXRA","RCAN1","HSPA1L"
"RXRA","MRE11","HSPA1L"
"RXRA","FRAT1","HSPA1L"
"RXRA","PPP1R8","HSPA1L"
"RXRA","ROR2","HSPA1L"
"RXRA","ABI1","HSPA1L"
"RXRA","PCBP2","HSPA1L"
"RXRA","E2F1","HSPA1L"
"RXRA","LRP6","HSPA1L"
"RXRA","GRB14","HSPA1L"
"RXRA","SPEN","HSPA1L"
"RXRA","TIAM1","HSPA1L"
"RXRA","NOTCH2","HSPA1L"
"RXRA","APC","HSPA1L"
"RXRA","DYNLL1","HSPA1L"
"RXRA","STAT2","HSPA1L"
"RXRA","PLCG2","HSPA1L"
"RXRA","MAPK8","NOS2"
"RXRA","STK3/4","NOS2"
"RXRA","PRKCD","NOS2"
"RXRA","ACP1","NOS2"
"RXRA","CSNK2A1","NOS2"
"RXRA","RPS6K","NOS2"
"RXRA","Gbeta","NOS2"
"RXRA","LCK","NOS2"
"RXRA","ABL1","NOS2"
"RXRA","CHEK1","NOS2"
"RXRA","EIF2AK2","NOS2"
"RXRA","RPS6KA1","NOS2"
"RXRA","STK3","NOS2"
"RXRA","AKT","NOS2"
"RXRA","MAPK9","NOS2"
"RXRA","PPP1R1B","NOS2"
"RXRA","MAP3K4","NOS2"
"RXRA","MAPKAPK2","NOS2"
"RXRA","ITK","NOS2"
"RXRA","mTORC1","NOS2"
"RXRA","PHLPP1","NOS2"
"RXRA","CCAR2","NOS2"
"RXRA","NCOR2","NOS2"
"RXRA","CDK3","NOS2"
"RXRA","DEF6","NOS2"
"RXRA","NBR1","NOS2"
"RXRA","CAMKK2","NOS2"
"RXRA","CRK","NOS2"
"RXRA","SHC1","NOS2"
"RXRA","CCNO","NOS2"
"RXRA","AXIN1","NOS2"
"RXRA","CDKN1B","NOS2"
"RXRA","SKP2","NOS2"
"RXRA","FLNA","NOS2"
"RXRA","GAB1","NOS2"
"RXRA","GRIPAP1","NOS2"
"RXRA","GRIP1","NOS2"
"RXRA","KHDRBS1","NOS2"
"RXRA","ARRB2","NOS2"
"RXRA","DAXX","NOS2"
"RXRA","PSEN1","NOS2"
"RXRA","CD28","NOS2"
"RXRA","INPP5D","NOS2"
"RXRA","PIK3R1","NOS2"
"RXRA","CCNE1","NOS2"
"RXRA","NF2","NOS2"
"RXRA","RUNX1","NOS2"
"RXRA","MDC1","NOS2"
"RXRA","AKAP11","NOS2"
"RXRA","YY1","NOS2"
"RXRA","RCAN1","NOS2"
"RXRA","MRE11","NOS2"
"RXRA","FRAT1","NOS2"
"RXRA","PPP1R8","NOS2"
"RXRA","ROR2","NOS2"
"RXRA","ABI1","NOS2"
"RXRA","PCBP2","NOS2"
"RXRA","E2F1","NOS2"
"RXRA","LRP6","NOS2"
"RXRA","GRB14","NOS2"
"RXRA","SPEN","NOS2"
"RXRA","TIAM1","NOS2"
"RXRA","NOTCH2","NOS2"
"RXRA","APC","NOS2"
"RXRA","DYNLL1","NOS2"
"RXRA","STAT2","NOS2"
"RXRA","PLCG2","NOS2"
"RXRA","MAPK3","RICTOR"
"RXRA","MAPK8","RICTOR"
"RXRA","STK3/4","RICTOR"
"RXRA","PRKCD","RICTOR"
"RXRA","ACP1","RICTOR"
"RXRA","CSNK2A1","RICTOR"
"RXRA","RPS6K","RICTOR"
"RXRA","Gbeta","RICTOR"
"RXRA","LCK","RICTOR"
"RXRA","ABL1","RICTOR"
"RXRA","CHEK1","RICTOR"
"RXRA","EIF2AK2","RICTOR"
"RXRA","RPS6KA1","RICTOR"
"RXRA","STK3","RICTOR"
"RXRA","AKT","RICTOR"
"RXRA","MAPK9","RICTOR"
"RXRA","PPP1R1B","RICTOR"
"RXRA","MAP3K4","RICTOR"
"RXRA","MAPKAPK2","RICTOR"
"RXRA","ITK","RICTOR"
"RXRA","mTORC1","RICTOR"
"RXRA","PHLPP1","RICTOR"
"RXRA","CCAR2","RICTOR"
"RXRA","NCOR2","RICTOR"
"RXRA","CDK3","RICTOR"
"RXRA","DEF6","RICTOR"
"RXRA","NBR1","RICTOR"
"RXRA","CAMKK2","RICTOR"
"RXRA","CRK","RICTOR"
"RXRA","SHC1","RICTOR"
"RXRA","CCNO","RICTOR"
"RXRA","AXIN1","RICTOR"
"RXRA","CDKN1B","RICTOR"
"RXRA","SKP2","RICTOR"
"RXRA","FLNA","RICTOR"
"RXRA","GAB1","RICTOR"
"RXRA","GRIPAP1","RICTOR"
"RXRA","GRIP1","RICTOR"
"RXRA","KHDRBS1","RICTOR"
"RXRA","ARRB2","RICTOR"
"RXRA","DAXX","RICTOR"
"RXRA","PSEN1","RICTOR"
"RXRA","CD28","RICTOR"
"RXRA","INPP5D","RICTOR"
"RXRA","PIK3R1","RICTOR"
"RXRA","CCNE1","RICTOR"
"RXRA","NF2","RICTOR"
"RXRA","RUNX1","RICTOR"
"RXRA","MDC1","RICTOR"
"RXRA","AKAP11","RICTOR"
"RXRA","YY1","RICTOR"
"RXRA","RCAN1","RICTOR"
"RXRA","MRE11","RICTOR"
"RXRA","FRAT1","RICTOR"
"RXRA","PPP1R8","RICTOR"
"RXRA","ROR2","RICTOR"
"RXRA","ABI1","RICTOR"
"RXRA","PCBP2","RICTOR"
"RXRA","E2F1","RICTOR"
"RXRA","LRP6","RICTOR"
"RXRA","GRB14","RICTOR"
"RXRA","SPEN","RICTOR"
"RXRA","TIAM1","RICTOR"
"RXRA","NOTCH2","RICTOR"
"RXRA","APC","RICTOR"
"RXRA","DYNLL1","RICTOR"
"RXRA","STAT2","RICTOR"
"RXRA","PLCG2","RICTOR"
"RXRA","MAPK3","ZNF322"
"RXRA","MAPK8","ZNF322"
"RXRA","STK3/4","ZNF322"
"RXRA","PRKCD","ZNF322"
"RXRA","ACP1","ZNF322"
"RXRA","CSNK2A1","ZNF322"
"RXRA","RPS6K","ZNF322"
"RXRA","Gbeta","ZNF322"
"RXRA","LCK","ZNF322"
"RXRA","ABL1","ZNF322"
"RXRA","CHEK1","ZNF322"
"RXRA","EIF2AK2","ZNF322"
"RXRA","RPS6KA1","ZNF322"
"RXRA","STK3","ZNF322"
"RXRA","AKT","ZNF322"
"RXRA","MAPK9","ZNF322"
"RXRA","PPP1R1B","ZNF322"
"RXRA","MAP3K4","ZNF322"
"RXRA","MAPKAPK2","ZNF322"
"RXRA","ITK","ZNF322"
"RXRA","mTORC1","ZNF322"
"RXRA","PHLPP1","ZNF322"
"RXRA","CCAR2","ZNF322"
"RXRA","NCOR2","ZNF322"
"RXRA","CDK3","ZNF322"
"RXRA","DEF6","ZNF322"
"RXRA","NBR1","ZNF322"
"RXRA","CAMKK2","ZNF322"
"RXRA","CRK","ZNF322"
"RXRA","SHC1","ZNF322"
"RXRA","CCNO","ZNF322"
"RXRA","AXIN1","ZNF322"
"RXRA","CDKN1B","ZNF322"
"RXRA","SKP2","ZNF322"
"RXRA","FLNA","ZNF322"
"RXRA","GAB1","ZNF322"
"RXRA","GRIPAP1","ZNF322"
"RXRA","GRIP1","ZNF322"
"RXRA","KHDRBS1","ZNF322"
"RXRA","ARRB2","ZNF322"
"RXRA","DAXX","ZNF322"
"RXRA","PSEN1","ZNF322"
"RXRA","CD28","ZNF322"
"RXRA","INPP5D","ZNF322"
"RXRA","PIK3R1","ZNF322"
"RXRA","CCNE1","ZNF322"
"RXRA","NF2","ZNF322"
"RXRA","RUNX1","ZNF322"
"RXRA","MDC1","ZNF322"
"RXRA","AKAP11","ZNF322"
"RXRA","YY1","ZNF322"
"RXRA","RCAN1","ZNF322"
"RXRA","MRE11","ZNF322"
"RXRA","FRAT1","ZNF322"
"RXRA","PPP1R8","ZNF322"
"RXRA","ROR2","ZNF322"
"RXRA","ABI1","ZNF322"
"RXRA","PCBP2","ZNF322"
"RXRA","E2F1","ZNF322"
"RXRA","LRP6","ZNF322"
"RXRA","GRB14","ZNF322"
"RXRA","SPEN","ZNF322"
"RXRA","TIAM1","ZNF322"
"RXRA","NOTCH2","ZNF322"
"RXRA","APC","ZNF322"
"RXRA","DYNLL1","ZNF322"
"RXRA","STAT2","ZNF322"
"RXRA","PLCG2","ZNF322"
"RXRA","MAPK3","EIF2B4"
"RXRA","MAPK8","EIF2B4"
"RXRA","STK3/4","EIF2B4"
"RXRA","PRKCD","EIF2B4"
"RXRA","ACP1","EIF2B4"
"RXRA","CSNK2A1","EIF2B4"
"RXRA","RPS6K","EIF2B4"
"RXRA","Gbeta","EIF2B4"
"RXRA","LCK","EIF2B4"
"RXRA","ABL1","EIF2B4"
"RXRA","CHEK1","EIF2B4"
"RXRA","EIF2AK2","EIF2B4"
"RXRA","RPS6KA1","EIF2B4"
"RXRA","STK3","EIF2B4"
"RXRA","AKT","EIF2B4"
"RXRA","MAPK9","EIF2B4"
"RXRA","PPP1R1B","EIF2B4"
"RXRA","MAP3K4","EIF2B4"
"RXRA","MAPKAPK2","EIF2B4"
"RXRA","ITK","EIF2B4"
"RXRA","mTORC1","EIF2B4"
"RXRA","PHLPP1","EIF2B4"
"RXRA","CCAR2","EIF2B4"
"RXRA","NCOR2","EIF2B4"
"RXRA","CDK3","EIF2B4"
"RXRA","DEF6","EIF2B4"
"RXRA","NBR1","EIF2B4"
"RXRA","CAMKK2","EIF2B4"
"RXRA","CRK","EIF2B4"
"RXRA","SHC1","EIF2B4"
"RXRA","CCNO","EIF2B4"
"RXRA","AXIN1","EIF2B4"
"RXRA","CDKN1B","EIF2B4"
"RXRA","SKP2","EIF2B4"
"RXRA","FLNA","EIF2B4"
"RXRA","GAB1","EIF2B4"
"RXRA","GRIPAP1","EIF2B4"
"RXRA","GRIP1","EIF2B4"
"RXRA","KHDRBS1","EIF2B4"
"RXRA","ARRB2","EIF2B4"
"RXRA","DAXX","EIF2B4"
"RXRA","PSEN1","EIF2B4"
"RXRA","CD28","EIF2B4"
"RXRA","INPP5D","EIF2B4"
"RXRA","PIK3R1","EIF2B4"
"RXRA","CCNE1","EIF2B4"
"RXRA","NF2","EIF2B4"
"RXRA","RUNX1","EIF2B4"
"RXRA","MDC1","EIF2B4"
"RXRA","AKAP11","EIF2B4"
"RXRA","YY1","EIF2B4"
"RXRA","RCAN1","EIF2B4"
"RXRA","MRE11","EIF2B4"
"RXRA","FRAT1","EIF2B4"
"RXRA","PPP1R8","EIF2B4"
"RXRA","ROR2","EIF2B4"
"RXRA","ABI1","EIF2B4"
"RXRA","PCBP2","EIF2B4"
"RXRA","E2F1","EIF2B4"
"RXRA","LRP6","EIF2B4"
"RXRA","GRB14","EIF2B4"
"RXRA","SPEN","EIF2B4"
"RXRA","TIAM1","EIF2B4"
"RXRA","NOTCH2","EIF2B4"
"RXRA","APC","EIF2B4"
"RXRA","DYNLL1","EIF2B4"
"RXRA","STAT2","EIF2B4"
"RXRA","PLCG2","EIF2B4"
"RXRA","MAPK3","PGAM"
"RXRA","MAPK8","PGAM"
"RXRA","STK3/4","PGAM"
"RXRA","PRKCD","PGAM"
"RXRA","ACP1","PGAM"
"RXRA","CSNK2A1","PGAM"
"RXRA","RPS6K","PGAM"
"RXRA","Gbeta","PGAM"
"RXRA","LCK","PGAM"
"RXRA","ABL1","PGAM"
"RXRA","CHEK1","PGAM"
"RXRA","EIF2AK2","PGAM"
"RXRA","RPS6KA1","PGAM"
"RXRA","STK3","PGAM"
"RXRA","AKT","PGAM"
"RXRA","MAPK9","PGAM"
"RXRA","PPP1R1B","PGAM"
"RXRA","MAP3K4","PGAM"
"RXRA","MAPKAPK2","PGAM"
"RXRA","ITK","PGAM"
"RXRA","mTORC1","PGAM"
"RXRA","PHLPP1","PGAM"
"RXRA","CCAR2","PGAM"
"RXRA","NCOR2","PGAM"
"RXRA","CDK3","PGAM"
"RXRA","DEF6","PGAM"
"RXRA","NBR1","PGAM"
"RXRA","CAMKK2","PGAM"
"RXRA","CRK","PGAM"
"RXRA","SHC1","PGAM"
"RXRA","CCNO","PGAM"
"RXRA","AXIN1","PGAM"
"RXRA","CDKN1B","PGAM"
"RXRA","SKP2","PGAM"
"RXRA","FLNA","PGAM"
"RXRA","GAB1","PGAM"
"RXRA","GRIPAP1","PGAM"
"RXRA","GRIP1","PGAM"
"RXRA","KHDRBS1","PGAM"
"RXRA","ARRB2","PGAM"
"RXRA","DAXX","PGAM"
"RXRA","PSEN1","PGAM"
"RXRA","CD28","PGAM"
"RXRA","INPP5D","PGAM"
"RXRA","PIK3R1","PGAM"
"RXRA","CCNE1","PGAM"
"RXRA","NF2","PGAM"
"RXRA","RUNX1","PGAM"
"RXRA","MDC1","PGAM"
"RXRA","AKAP11","PGAM"
"RXRA","YY1","PGAM"
"RXRA","RCAN1","PGAM"
"RXRA","MRE11","PGAM"
"RXRA","FRAT1","PGAM"
"RXRA","PPP1R8","PGAM"
"RXRA","ROR2","PGAM"
"RXRA","ABI1","PGAM"
"RXRA","PCBP2","PGAM"
"RXRA","E2F1","PGAM"
"RXRA","LRP6","PGAM"
"RXRA","GRB14","PGAM"
"RXRA","SPEN","PGAM"
"RXRA","TIAM1","PGAM"
"RXRA","NOTCH2","PGAM"
"RXRA","APC","PGAM"
"RXRA","DYNLL1","PGAM"
"RXRA","STAT2","PGAM"
"RXRA","PLCG2","PGAM"
"RXRA","MAPK3","PRMT5"
"RXRA","MAPK8","PRMT5"
"RXRA","STK3/4","PRMT5"
"RXRA","PRKCD","PRMT5"
"RXRA","ACP1","PRMT5"
"RXRA","CSNK2A1","PRMT5"
"RXRA","RPS6K","PRMT5"
"RXRA","Gbeta","PRMT5"
"RXRA","LCK","PRMT5"
"RXRA","ABL1","PRMT5"
"RXRA","CHEK1","PRMT5"
"RXRA","EIF2AK2","PRMT5"
"RXRA","RPS6KA1","PRMT5"
"RXRA","STK3","PRMT5"
"RXRA","AKT","PRMT5"
"RXRA","MAPK9","PRMT5"
"RXRA","PPP1R1B","PRMT5"
"RXRA","MAP3K4","PRMT5"
"RXRA","MAPKAPK2","PRMT5"
"RXRA","ITK","PRMT5"
"RXRA","mTORC1","PRMT5"
"RXRA","PHLPP1","PRMT5"
"RXRA","CCAR2","PRMT5"
"RXRA","NCOR2","PRMT5"
"RXRA","CDK3","PRMT5"
"RXRA","DEF6","PRMT5"
"RXRA","NBR1","PRMT5"
"RXRA","CAMKK2","PRMT5"
"RXRA","CRK","PRMT5"
"RXRA","SHC1","PRMT5"
"RXRA","CCNO","PRMT5"
"RXRA","AXIN1","PRMT5"
"RXRA","CDKN1B","PRMT5"
"RXRA","SKP2","PRMT5"
"RXRA","FLNA","PRMT5"
"RXRA","GAB1","PRMT5"
"RXRA","GRIPAP1","PRMT5"
"RXRA","GRIP1","PRMT5"
"RXRA","KHDRBS1","PRMT5"
"RXRA","ARRB2","PRMT5"
"RXRA","DAXX","PRMT5"
"RXRA","PSEN1","PRMT5"
"RXRA","CD28","PRMT5"
"RXRA","INPP5D","PRMT5"
"RXRA","PIK3R1","PRMT5"
"RXRA","CCNE1","PRMT5"
"RXRA","NF2","PRMT5"
"RXRA","RUNX1","PRMT5"
"RXRA","MDC1","PRMT5"
"RXRA","AKAP11","PRMT5"
"RXRA","YY1","PRMT5"
"RXRA","RCAN1","PRMT5"
"RXRA","MRE11","PRMT5"
"RXRA","FRAT1","PRMT5"
"RXRA","PPP1R8","PRMT5"
"RXRA","ROR2","PRMT5"
"RXRA","ABI1","PRMT5"
"RXRA","PCBP2","PRMT5"
"RXRA","E2F1","PRMT5"
"RXRA","LRP6","PRMT5"
"RXRA","GRB14","PRMT5"
"RXRA","SPEN","PRMT5"
"RXRA","TIAM1","PRMT5"
"RXRA","NOTCH2","PRMT5"
"RXRA","APC","PRMT5"
"RXRA","DYNLL1","PRMT5"
"RXRA","STAT2","PRMT5"
"RXRA","PLCG2","PRMT5"
"RXRA","MAPK3","EIF2B1"
"RXRA","MAPK8","EIF2B1"
"RXRA","STK3/4","EIF2B1"
"RXRA","PRKCD","EIF2B1"
"RXRA","ACP1","EIF2B1"
"RXRA","CSNK2A1","EIF2B1"
"RXRA","RPS6K","EIF2B1"
"RXRA","Gbeta","EIF2B1"
"RXRA","LCK","EIF2B1"
"RXRA","ABL1","EIF2B1"
"RXRA","CHEK1","EIF2B1"
"RXRA","EIF2AK2","EIF2B1"
"RXRA","RPS6KA1","EIF2B1"
"RXRA","STK3","EIF2B1"
"RXRA","AKT","EIF2B1"
"RXRA","MAPK9","EIF2B1"
"RXRA","PPP1R1B","EIF2B1"
"RXRA","MAP3K4","EIF2B1"
"RXRA","MAPKAPK2","EIF2B1"
"RXRA","ITK","EIF2B1"
"RXRA","mTORC1","EIF2B1"
"RXRA","PHLPP1","EIF2B1"
"RXRA","CCAR2","EIF2B1"
"RXRA","NCOR2","EIF2B1"
"RXRA","CDK3","EIF2B1"
"RXRA","DEF6","EIF2B1"
"RXRA","NBR1","EIF2B1"
"RXRA","CAMKK2","EIF2B1"
"RXRA","CRK","EIF2B1"
"RXRA","SHC1","EIF2B1"
"RXRA","CCNO","EIF2B1"
"RXRA","AXIN1","EIF2B1"
"RXRA","CDKN1B","EIF2B1"
"RXRA","SKP2","EIF2B1"
"RXRA","FLNA","EIF2B1"
"RXRA","GAB1","EIF2B1"
"RXRA","GRIPAP1","EIF2B1"
"RXRA","GRIP1","EIF2B1"
"RXRA","KHDRBS1","EIF2B1"
"RXRA","ARRB2","EIF2B1"
"RXRA","DAXX","EIF2B1"
"RXRA","PSEN1","EIF2B1"
"RXRA","CD28","EIF2B1"
"RXRA","INPP5D","EIF2B1"
"RXRA","PIK3R1","EIF2B1"
"RXRA","CCNE1","EIF2B1"
"RXRA","NF2","EIF2B1"
"RXRA","RUNX1","EIF2B1"
"RXRA","MDC1","EIF2B1"
"RXRA","AKAP11","EIF2B1"
"RXRA","YY1","EIF2B1"
"RXRA","RCAN1","EIF2B1"
"RXRA","MRE11","EIF2B1"
"RXRA","FRAT1","EIF2B1"
"RXRA","PPP1R8","EIF2B1"
"RXRA","ROR2","EIF2B1"
"RXRA","ABI1","EIF2B1"
"RXRA","PCBP2","EIF2B1"
"RXRA","E2F1","EIF2B1"
"RXRA","LRP6","EIF2B1"
"RXRA","GRB14","EIF2B1"
"RXRA","SPEN","EIF2B1"
"RXRA","TIAM1","EIF2B1"
"RXRA","NOTCH2","EIF2B1"
"RXRA","APC","EIF2B1"
"RXRA","DYNLL1","EIF2B1"
"RXRA","STAT2","EIF2B1"
"RXRA","PLCG2","EIF2B1"
"RXRA","MAPK3","PAX6"
"RXRA","MAPK8","PAX6"
"RXRA","STK3/4","PAX6"
"RXRA","PRKCD","PAX6"
"RXRA","ACP1","PAX6"
"RXRA","CSNK2A1","PAX6"
"RXRA","RPS6K","PAX6"
"RXRA","Gbeta","PAX6"
"RXRA","LCK","PAX6"
"RXRA","ABL1","PAX6"
"RXRA","CHEK1","PAX6"
"RXRA","EIF2AK2","PAX6"
"RXRA","RPS6KA1","PAX6"
"RXRA","STK3","PAX6"
"RXRA","AKT","PAX6"
"RXRA","MAPK9","PAX6"
"RXRA","PPP1R1B","PAX6"
"RXRA","MAP3K4","PAX6"
"RXRA","MAPKAPK2","PAX6"
"RXRA","ITK","PAX6"
"RXRA","mTORC1","PAX6"
"RXRA","PHLPP1","PAX6"
"RXRA","CCAR2","PAX6"
"RXRA","NCOR2","PAX6"
"RXRA","CDK3","PAX6"
"RXRA","DEF6","PAX6"
"RXRA","NBR1","PAX6"
"RXRA","CAMKK2","PAX6"
"RXRA","CRK","PAX6"
"RXRA","SHC1","PAX6"
"RXRA","CCNO","PAX6"
"RXRA","AXIN1","PAX6"
"RXRA","CDKN1B","PAX6"
"RXRA","SKP2","PAX6"
"RXRA","FLNA","PAX6"
"RXRA","GAB1","PAX6"
"RXRA","GRIPAP1","PAX6"
"RXRA","GRIP1","PAX6"
"RXRA","KHDRBS1","PAX6"
"RXRA","ARRB2","PAX6"
"RXRA","DAXX","PAX6"
"RXRA","PSEN1","PAX6"
"RXRA","CD28","PAX6"
"RXRA","INPP5D","PAX6"
"RXRA","PIK3R1","PAX6"
"RXRA","CCNE1","PAX6"
"RXRA","NF2","PAX6"
"RXRA","RUNX1","PAX6"
"RXRA","MDC1","PAX6"
"RXRA","AKAP11","PAX6"
"RXRA","YY1","PAX6"
"RXRA","RCAN1","PAX6"
"RXRA","MRE11","PAX6"
"RXRA","FRAT1","PAX6"
"RXRA","PPP1R8","PAX6"
"RXRA","ROR2","PAX6"
"RXRA","ABI1","PAX6"
"RXRA","PCBP2","PAX6"
"RXRA","E2F1","PAX6"
"RXRA","LRP6","PAX6"
"RXRA","GRB14","PAX6"
"RXRA","SPEN","PAX6"
"RXRA","TIAM1","PAX6"
"RXRA","NOTCH2","PAX6"
"RXRA","APC","PAX6"
"RXRA","DYNLL1","PAX6"
"RXRA","STAT2","PAX6"
"RXRA","PLCG2","PAX6"
"RXRA","MAPK8","MAGEA11"
"RXRA","STK3/4","MAGEA11"
"RXRA","PRKCD","MAGEA11"
"RXRA","ACP1","MAGEA11"
"RXRA","CSNK2A1","MAGEA11"
"RXRA","RPS6K","MAGEA11"
"RXRA","Gbeta","MAGEA11"
"RXRA","LCK","MAGEA11"
"RXRA","ABL1","MAGEA11"
"RXRA","CHEK1","MAGEA11"
"RXRA","EIF2AK2","MAGEA11"
"RXRA","RPS6KA1","MAGEA11"
"RXRA","STK3","MAGEA11"
"RXRA","AKT","MAGEA11"
"RXRA","MAPK9","MAGEA11"
"RXRA","PPP1R1B","MAGEA11"
"RXRA","MAP3K4","MAGEA11"
"RXRA","MAPKAPK2","MAGEA11"
"RXRA","ITK","MAGEA11"
"RXRA","mTORC1","MAGEA11"
"RXRA","PHLPP1","MAGEA11"
"RXRA","CCAR2","MAGEA11"
"RXRA","NCOR2","MAGEA11"
"RXRA","CDK3","MAGEA11"
"RXRA","DEF6","MAGEA11"
"RXRA","NBR1","MAGEA11"
"RXRA","CAMKK2","MAGEA11"
"RXRA","CRK","MAGEA11"
"RXRA","SHC1","MAGEA11"
"RXRA","CCNO","MAGEA11"
"RXRA","AXIN1","MAGEA11"
"RXRA","CDKN1B","MAGEA11"
"RXRA","SKP2","MAGEA11"
"RXRA","FLNA","MAGEA11"
"RXRA","GAB1","MAGEA11"
"RXRA","GRIPAP1","MAGEA11"
"RXRA","GRIP1","MAGEA11"
"RXRA","KHDRBS1","MAGEA11"
"RXRA","ARRB2","MAGEA11"
"RXRA","DAXX","MAGEA11"
"RXRA","PSEN1","MAGEA11"
"RXRA","CD28","MAGEA11"
"RXRA","INPP5D","MAGEA11"
"RXRA","PIK3R1","MAGEA11"
"RXRA","CCNE1","MAGEA11"
"RXRA","NF2","MAGEA11"
"RXRA","RUNX1","MAGEA11"
"RXRA","MDC1","MAGEA11"
"RXRA","AKAP11","MAGEA11"
"RXRA","YY1","MAGEA11"
"RXRA","RCAN1","MAGEA11"
"RXRA","MRE11","MAGEA11"
"RXRA","FRAT1","MAGEA11"
"RXRA","PPP1R8","MAGEA11"
"RXRA","ROR2","MAGEA11"
"RXRA","ABI1","MAGEA11"
"RXRA","PCBP2","MAGEA11"
"RXRA","E2F1","MAGEA11"
"RXRA","LRP6","MAGEA11"
"RXRA","GRB14","MAGEA11"
"RXRA","SPEN","MAGEA11"
"RXRA","TIAM1","MAGEA11"
"RXRA","NOTCH2","MAGEA11"
"RXRA","APC","MAGEA11"
"RXRA","DYNLL1","MAGEA11"
"RXRA","STAT2","MAGEA11"
"RXRA","PLCG2","MAGEA11"
"RXRA","MAPK3","SYNCRIP"
"RXRA","MAPK8","SYNCRIP"
"RXRA","STK3/4","SYNCRIP"
"RXRA","PRKCD","SYNCRIP"
"RXRA","ACP1","SYNCRIP"
"RXRA","CSNK2A1","SYNCRIP"
"RXRA","RPS6K","SYNCRIP"
"RXRA","Gbeta","SYNCRIP"
"RXRA","LCK","SYNCRIP"
"RXRA","ABL1","SYNCRIP"
"RXRA","CHEK1","SYNCRIP"
"RXRA","EIF2AK2","SYNCRIP"
"RXRA","RPS6KA1","SYNCRIP"
"RXRA","STK3","SYNCRIP"
"RXRA","AKT","SYNCRIP"
"RXRA","MAPK9","SYNCRIP"
"RXRA","PPP1R1B","SYNCRIP"
"RXRA","MAP3K4","SYNCRIP"
"RXRA","MAPKAPK2","SYNCRIP"
"RXRA","ITK","SYNCRIP"
"RXRA","mTORC1","SYNCRIP"
"RXRA","PHLPP1","SYNCRIP"
"RXRA","CCAR2","SYNCRIP"
"RXRA","NCOR2","SYNCRIP"
"RXRA","CDK3","SYNCRIP"
"RXRA","DEF6","SYNCRIP"
"RXRA","NBR1","SYNCRIP"
"RXRA","CAMKK2","SYNCRIP"
"RXRA","CRK","SYNCRIP"
"RXRA","SHC1","SYNCRIP"
"RXRA","CCNO","SYNCRIP"
"RXRA","AXIN1","SYNCRIP"
"RXRA","CDKN1B","SYNCRIP"
"RXRA","SKP2","SYNCRIP"
"RXRA","FLNA","SYNCRIP"
"RXRA","GAB1","SYNCRIP"
"RXRA","GRIPAP1","SYNCRIP"
"RXRA","GRIP1","SYNCRIP"
"RXRA","KHDRBS1","SYNCRIP"
"RXRA","ARRB2","SYNCRIP"
"RXRA","DAXX","SYNCRIP"
"RXRA","PSEN1","SYNCRIP"
"RXRA","CD28","SYNCRIP"
"RXRA","INPP5D","SYNCRIP"
"RXRA","PIK3R1","SYNCRIP"
"RXRA","CCNE1","SYNCRIP"
"RXRA","NF2","SYNCRIP"
"RXRA","RUNX1","SYNCRIP"
"RXRA","MDC1","SYNCRIP"
"RXRA","AKAP11","SYNCRIP"
"RXRA","YY1","SYNCRIP"
"RXRA","RCAN1","SYNCRIP"
"RXRA","MRE11","SYNCRIP"
"RXRA","FRAT1","SYNCRIP"
"RXRA","PPP1R8","SYNCRIP"
"RXRA","ROR2","SYNCRIP"
"RXRA","ABI1","SYNCRIP"
"RXRA","PCBP2","SYNCRIP"
"RXRA","E2F1","SYNCRIP"
"RXRA","LRP6","SYNCRIP"
"RXRA","GRB14","SYNCRIP"
"RXRA","SPEN","SYNCRIP"
"RXRA","TIAM1","SYNCRIP"
"RXRA","NOTCH2","SYNCRIP"
"RXRA","APC","SYNCRIP"
"RXRA","DYNLL1","SYNCRIP"
"RXRA","STAT2","SYNCRIP"
"RXRA","PLCG2","SYNCRIP"
"RXRA","MAPK3","MED28"
"RXRA","MAPK8","MED28"
"RXRA","STK3/4","MED28"
"RXRA","PRKCD","MED28"
"RXRA","ACP1","MED28"
"RXRA","CSNK2A1","MED28"
"RXRA","RPS6K","MED28"
"RXRA","Gbeta","MED28"
"RXRA","ABL1","MED28"
"RXRA","CHEK1","MED28"
"RXRA","EIF2AK2","MED28"
"RXRA","RPS6KA1","MED28"
"RXRA","STK3","MED28"
"RXRA","AKT","MED28"
"RXRA","MAPK9","MED28"
"RXRA","PPP1R1B","MED28"
"RXRA","MAP3K4","MED28"
"RXRA","MAPKAPK2","MED28"
"RXRA","ITK","MED28"
"RXRA","mTORC1","MED28"
"RXRA","PHLPP1","MED28"
"RXRA","CCAR2","MED28"
"RXRA","NCOR2","MED28"
"RXRA","CDK3","MED28"
"RXRA","DEF6","MED28"
"RXRA","NBR1","MED28"
"RXRA","CAMKK2","MED28"
"RXRA","CRK","MED28"
"RXRA","SHC1","MED28"
"RXRA","CCNO","MED28"
"RXRA","AXIN1","MED28"
"RXRA","CDKN1B","MED28"
"RXRA","SKP2","MED28"
"RXRA","FLNA","MED28"
"RXRA","GAB1","MED28"
"RXRA","GRIPAP1","MED28"
"RXRA","GRIP1","MED28"
"RXRA","KHDRBS1","MED28"
"RXRA","ARRB2","MED28"
"RXRA","DAXX","MED28"
"RXRA","PSEN1","MED28"
"RXRA","CD28","MED28"
"RXRA","INPP5D","MED28"
"RXRA","PIK3R1","MED28"
"RXRA","CCNE1","MED28"
"RXRA","NF2","MED28"
"RXRA","RUNX1","MED28"
"RXRA","MDC1","MED28"
"RXRA","AKAP11","MED28"
"RXRA","YY1","MED28"
"RXRA","RCAN1","MED28"
"RXRA","MRE11","MED28"
"RXRA","FRAT1","MED28"
"RXRA","PPP1R8","MED28"
"RXRA","ROR2","MED28"
"RXRA","ABI1","MED28"
"RXRA","PCBP2","MED28"
"RXRA","E2F1","MED28"
"RXRA","LRP6","MED28"
"RXRA","GRB14","MED28"
"RXRA","SPEN","MED28"
"RXRA","TIAM1","MED28"
"RXRA","NOTCH2","MED28"
"RXRA","APC","MED28"
"RXRA","DYNLL1","MED28"
"RXRA","STAT2","MED28"
"RXRA","PLCG2","MED28"
"RXRA","MAPK3","SSB"
"RXRA","MAPK8","SSB"
"RXRA","STK3/4","SSB"
"RXRA","PRKCD","SSB"
"RXRA","ACP1","SSB"
"RXRA","RPS6K","SSB"
"RXRA","Gbeta","SSB"
"RXRA","LCK","SSB"
"RXRA","ABL1","SSB"
"RXRA","CHEK1","SSB"
"RXRA","EIF2AK2","SSB"
"RXRA","RPS6KA1","SSB"
"RXRA","STK3","SSB"
"RXRA","AKT","SSB"
"RXRA","MAPK9","SSB"
"RXRA","PPP1R1B","SSB"
"RXRA","MAP3K4","SSB"
"RXRA","MAPKAPK2","SSB"
"RXRA","ITK","SSB"
"RXRA","mTORC1","SSB"
"RXRA","PHLPP1","SSB"
"RXRA","CCAR2","SSB"
"RXRA","NCOR2","SSB"
"RXRA","CDK3","SSB"
"RXRA","DEF6","SSB"
"RXRA","NBR1","SSB"
"RXRA","CAMKK2","SSB"
"RXRA","CRK","SSB"
"RXRA","SHC1","SSB"
"RXRA","CCNO","SSB"
"RXRA","AXIN1","SSB"
"RXRA","CDKN1B","SSB"
"RXRA","SKP2","SSB"
"RXRA","FLNA","SSB"
"RXRA","GAB1","SSB"
"RXRA","GRIPAP1","SSB"
"RXRA","GRIP1","SSB"
"RXRA","KHDRBS1","SSB"
"RXRA","ARRB2","SSB"
"RXRA","DAXX","SSB"
"RXRA","PSEN1","SSB"
"RXRA","CD28","SSB"
"RXRA","INPP5D","SSB"
"RXRA","PIK3R1","SSB"
"RXRA","CCNE1","SSB"
"RXRA","NF2","SSB"
"RXRA","RUNX1","SSB"
"RXRA","MDC1","SSB"
"RXRA","AKAP11","SSB"
"RXRA","YY1","SSB"
"RXRA","RCAN1","SSB"
"RXRA","MRE11","SSB"
"RXRA","FRAT1","SSB"
"RXRA","PPP1R8","SSB"
"RXRA","ROR2","SSB"
"RXRA","ABI1","SSB"
"RXRA","PCBP2","SSB"
"RXRA","E2F1","SSB"
"RXRA","LRP6","SSB"
"RXRA","GRB14","SSB"
"RXRA","SPEN","SSB"
"RXRA","TIAM1","SSB"
"RXRA","NOTCH2","SSB"
"RXRA","APC","SSB"
"RXRA","DYNLL1","SSB"
"RXRA","STAT2","SSB"
"RXRA","PLCG2","SSB"
"RXRA","MAPK3","NR4A2"
"RXRA","STK3/4","NR4A2"
"RXRA","PRKCD","NR4A2"
"RXRA","ACP1","NR4A2"
"RXRA","CSNK2A1","NR4A2"
"RXRA","RPS6K","NR4A2"
"RXRA","ERK1/2","NR4A2"
"RXRA","Gbeta","NR4A2"
"RXRA","LCK","NR4A2"
"RXRA","ABL1","NR4A2"
"RXRA","CHEK1","NR4A2"
"RXRA","EIF2AK2","NR4A2"
"RXRA","RPS6KA1","NR4A2"
"RXRA","STK3","NR4A2"
"RXRA","AKT","NR4A2"
"RXRA","PPP1R1B","NR4A2"
"RXRA","MAP3K4","NR4A2"
"RXRA","MAPKAPK2","NR4A2"
"RXRA","ITK","NR4A2"
"RXRA","mTORC1","NR4A2"
"RXRA","PHLPP1","NR4A2"
"RXRA","CCAR2","NR4A2"
"RXRA","NCOR2","NR4A2"
"RXRA","CDK3","NR4A2"
"RXRA","DEF6","NR4A2"
"RXRA","NBR1","NR4A2"
"RXRA","CAMKK2","NR4A2"
"RXRA","CRK","NR4A2"
"RXRA","SHC1","NR4A2"
"RXRA","CCNO","NR4A2"
"RXRA","AXIN1","NR4A2"
"RXRA","CDKN1B","NR4A2"
"RXRA","SKP2","NR4A2"
"RXRA","GAB1","NR4A2"
"RXRA","GRIPAP1","NR4A2"
"RXRA","GRIP1","NR4A2"
"RXRA","KHDRBS1","NR4A2"
"RXRA","ARRB2","NR4A2"
"RXRA","DAXX","NR4A2"
"RXRA","PSEN1","NR4A2"
"RXRA","CD28","NR4A2"
"RXRA","INPP5D","NR4A2"
"RXRA","PIK3R1","NR4A2"
"RXRA","CCNE1","NR4A2"
"RXRA","NF2","NR4A2"
"RXRA","RUNX1","NR4A2"
"RXRA","MDC1","NR4A2"
"RXRA","AKAP11","NR4A2"
"RXRA","YY1","NR4A2"
"RXRA","RCAN1","NR4A2"
"RXRA","MRE11","NR4A2"
"RXRA","FRAT1","NR4A2"
"RXRA","PPP1R8","NR4A2"
"RXRA","ABI1","NR4A2"
"RXRA","PCBP2","NR4A2"
"RXRA","E2F1","NR4A2"
"RXRA","LRP6","NR4A2"
"RXRA","GRB14","NR4A2"
"RXRA","SPEN","NR4A2"
"RXRA","TIAM1","NR4A2"
"RXRA","NOTCH2","NR4A2"
"RXRA","APC","NR4A2"
"RXRA","DYNLL1","NR4A2"
"RXRA","STAT2","NR4A2"
"RXRA","PLCG2","NR4A2"
"RXRA","MAPK3","NRIP1"
"RXRA","STK3/4","NRIP1"
"RXRA","ACP1","NRIP1"
"RXRA","CSNK2A1","NRIP1"
"RXRA","RPS6K","NRIP1"
"RXRA","LCK","NRIP1"
"RXRA","ABL1","NRIP1"
"RXRA","CHEK1","NRIP1"
"RXRA","EIF2AK2","NRIP1"
"RXRA","RPS6KA1","NRIP1"
"RXRA","STK3","NRIP1"
"RXRA","AKT","NRIP1"
"RXRA","PPP1R1B","NRIP1"
"RXRA","MAPKAPK2","NRIP1"
"RXRA","ITK","NRIP1"
"RXRA","mTORC1","NRIP1"
"RXRA","PHLPP1","NRIP1"
"RXRA","CCAR2","NRIP1"
"RXRA","NCOR2","NRIP1"
"RXRA","CDK3","NRIP1"
"RXRA","DEF6","NRIP1"
"RXRA","NBR1","NRIP1"
"RXRA","CAMKK2","NRIP1"
"RXRA","CRK","NRIP1"
"RXRA","SHC1","NRIP1"
"RXRA","CCNO","NRIP1"
"RXRA","AXIN1","NRIP1"
"RXRA","CDKN1B","NRIP1"
"RXRA","SKP2","NRIP1"
"RXRA","GAB1","NRIP1"
"RXRA","GRIP1","NRIP1"
"RXRA","KHDRBS1","NRIP1"
"RXRA","ARRB2","NRIP1"
"RXRA","DAXX","NRIP1"
"RXRA","PSEN1","NRIP1"
"RXRA","CD28","NRIP1"
"RXRA","INPP5D","NRIP1"
"RXRA","PIK3R1","NRIP1"
"RXRA","CCNE1","NRIP1"
"RXRA","NF2","NRIP1"
"RXRA","RUNX1","NRIP1"
"RXRA","MDC1","NRIP1"
"RXRA","AKAP11","NRIP1"
"RXRA","YY1","NRIP1"
"RXRA","RCAN1","NRIP1"
"RXRA","MRE11","NRIP1"
"RXRA","FRAT1","NRIP1"
"RXRA","PPP1R8","NRIP1"
"RXRA","ABI1","NRIP1"
"RXRA","PCBP2","NRIP1"
"RXRA","E2F1","NRIP1"
"RXRA","LRP6","NRIP1"
"RXRA","GRB14","NRIP1"
"RXRA","SPEN","NRIP1"
"RXRA","TIAM1","NRIP1"
"RXRA","NOTCH2","NRIP1"
"RXRA","APC","NRIP1"
"RXRA","DYNLL1","NRIP1"
"RXRA","STAT2","NRIP1"
"RXRA","PLCG2","NRIP1"
"RXRA","MAPK3","TEAD1"
"RXRA","MAPK8","TEAD1"
"RXRA","STK3/4","TEAD1"
"RXRA","PRKCD","TEAD1"
"RXRA","ACP1","TEAD1"
"RXRA","CSNK2A1","TEAD1"
"RXRA","RPS6K","TEAD1"
"RXRA","ERK1/2","TEAD1"
"RXRA","Gbeta","TEAD1"
"RXRA","LCK","TEAD1"
"RXRA","ABL1","TEAD1"
"RXRA","CHEK1","TEAD1"
"RXRA","EIF2AK2","TEAD1"
"RXRA","RPS6KA1","TEAD1"
"RXRA","STK3","TEAD1"
"RXRA","AKT","TEAD1"
"RXRA","MAPK9","TEAD1"
"RXRA","PPP1R1B","TEAD1"
"RXRA","MAP3K4","TEAD1"
"RXRA","MAPKAPK2","TEAD1"
"RXRA","ITK","TEAD1"
"RXRA","mTORC1","TEAD1"
"RXRA","PHLPP1","TEAD1"
"RXRA","CCAR2","TEAD1"
"RXRA","NCOR2","TEAD1"
"RXRA","CDK3","TEAD1"
"RXRA","DEF6","TEAD1"
"RXRA","NBR1","TEAD1"
"RXRA","CAMKK2","TEAD1"
"RXRA","CRK","TEAD1"
"RXRA","SHC1","TEAD1"
"RXRA","CCNO","TEAD1"
"RXRA","AXIN1","TEAD1"
"RXRA","CDKN1B","TEAD1"
"RXRA","SKP2","TEAD1"
"RXRA","FLNA","TEAD1"
"RXRA","GAB1","TEAD1"
"RXRA","GRIPAP1","TEAD1"
"RXRA","GRIP1","TEAD1"
"RXRA","KHDRBS1","TEAD1"
"RXRA","ARRB2","TEAD1"
"RXRA","DAXX","TEAD1"
"RXRA","PSEN1","TEAD1"
"RXRA","CD28","TEAD1"
"RXRA","INPP5D","TEAD1"
"RXRA","PIK3R1","TEAD1"
"RXRA","CCNE1","TEAD1"
"RXRA","NF2","TEAD1"
"RXRA","RUNX1","TEAD1"
"RXRA","MDC1","TEAD1"
"RXRA","AKAP11","TEAD1"
"RXRA","YY1","TEAD1"
"RXRA","RCAN1","TEAD1"
"RXRA","MRE11","TEAD1"
"RXRA","FRAT1","TEAD1"
"RXRA","PPP1R8","TEAD1"
"RXRA","ROR2","TEAD1"
"RXRA","ABI1","TEAD1"
"RXRA","PCBP2","TEAD1"
"RXRA","E2F1","TEAD1"
"RXRA","LRP6","TEAD1"
"RXRA","GRB14","TEAD1"
"RXRA","SPEN","TEAD1"
"RXRA","TIAM1","TEAD1"
"RXRA","NOTCH2","TEAD1"
"RXRA","APC","TEAD1"
"RXRA","DYNLL1","TEAD1"
"RXRA","STAT2","TEAD1"
"RXRA","PLCG2","TEAD1"
"RXRA","MAPK3","COIL"
"RXRA","MAPK8","COIL"
"RXRA","STK3/4","COIL"
"RXRA","PRKCD","COIL"
"RXRA","ACP1","COIL"
"RXRA","CSNK2A1","COIL"
"RXRA","RPS6K","COIL"
"RXRA","Gbeta","COIL"
"RXRA","LCK","COIL"
"RXRA","ABL1","COIL"
"RXRA","CHEK1","COIL"
"RXRA","EIF2AK2","COIL"
"RXRA","RPS6KA1","COIL"
"RXRA","STK3","COIL"
"RXRA","AKT","COIL"
"RXRA","MAPK9","COIL"
"RXRA","PPP1R1B","COIL"
"RXRA","MAP3K4","COIL"
"RXRA","MAPKAPK2","COIL"
"RXRA","ITK","COIL"
"RXRA","mTORC1","COIL"
"RXRA","PHLPP1","COIL"
"RXRA","CCAR2","COIL"
"RXRA","NCOR2","COIL"
"RXRA","CDK3","COIL"
"RXRA","DEF6","COIL"
"RXRA","NBR1","COIL"
"RXRA","CAMKK2","COIL"
"RXRA","CRK","COIL"
"RXRA","SHC1","COIL"
"RXRA","CCNO","COIL"
"RXRA","AXIN1","COIL"
"RXRA","CDKN1B","COIL"
"RXRA","SKP2","COIL"
"RXRA","FLNA","COIL"
"RXRA","GAB1","COIL"
"RXRA","GRIPAP1","COIL"
"RXRA","GRIP1","COIL"
"RXRA","KHDRBS1","COIL"
"RXRA","ARRB2","COIL"
"RXRA","DAXX","COIL"
"RXRA","PSEN1","COIL"
"RXRA","CD28","COIL"
"RXRA","INPP5D","COIL"
"RXRA","PIK3R1","COIL"
"RXRA","CCNE1","COIL"
"RXRA","NF2","COIL"
"RXRA","RUNX1","COIL"
"RXRA","MDC1","COIL"
"RXRA","AKAP11","COIL"
"RXRA","YY1","COIL"
"RXRA","RCAN1","COIL"
"RXRA","MRE11","COIL"
"RXRA","FRAT1","COIL"
"RXRA","PPP1R8","COIL"
"RXRA","ROR2","COIL"
"RXRA","ABI1","COIL"
"RXRA","PCBP2","COIL"
"RXRA","E2F1","COIL"
"RXRA","LRP6","COIL"
"RXRA","GRB14","COIL"
"RXRA","SPEN","COIL"
"RXRA","TIAM1","COIL"
"RXRA","NOTCH2","COIL"
"RXRA","APC","COIL"
"RXRA","DYNLL1","COIL"
"RXRA","STAT2","COIL"
"RXRA","PLCG2","COIL"
"RXRA","MAPK3","MAP1B"
"RXRA","MAPK8","MAP1B"
"RXRA","STK3/4","MAP1B"
"RXRA","PRKCD","MAP1B"
"RXRA","ACP1","MAP1B"
"RXRA","CSNK2A1","MAP1B"
"RXRA","RPS6K","MAP1B"
"RXRA","Gbeta","MAP1B"
"RXRA","LCK","MAP1B"
"RXRA","ABL1","MAP1B"
"RXRA","CHEK1","MAP1B"
"RXRA","EIF2AK2","MAP1B"
"RXRA","RPS6KA1","MAP1B"
"RXRA","STK3","MAP1B"
"RXRA","AKT","MAP1B"
"RXRA","MAPK9","MAP1B"
"RXRA","PPP1R1B","MAP1B"
"RXRA","MAP3K4","MAP1B"
"RXRA","MAPKAPK2","MAP1B"
"RXRA","ITK","MAP1B"
"RXRA","mTORC1","MAP1B"
"RXRA","PHLPP1","MAP1B"
"RXRA","CCAR2","MAP1B"
"RXRA","NCOR2","MAP1B"
"RXRA","CDK3","MAP1B"
"RXRA","DEF6","MAP1B"
"RXRA","NBR1","MAP1B"
"RXRA","CAMKK2","MAP1B"
"RXRA","CRK","MAP1B"
"RXRA","SHC1","MAP1B"
"RXRA","CCNO","MAP1B"
"RXRA","AXIN1","MAP1B"
"RXRA","CDKN1B","MAP1B"
"RXRA","SKP2","MAP1B"
"RXRA","FLNA","MAP1B"
"RXRA","GAB1","MAP1B"
"RXRA","GRIPAP1","MAP1B"
"RXRA","GRIP1","MAP1B"
"RXRA","KHDRBS1","MAP1B"
"RXRA","ARRB2","MAP1B"
"RXRA","DAXX","MAP1B"
"RXRA","PSEN1","MAP1B"
"RXRA","CD28","MAP1B"
"RXRA","INPP5D","MAP1B"
"RXRA","PIK3R1","MAP1B"
"RXRA","CCNE1","MAP1B"
"RXRA","NF2","MAP1B"
"RXRA","RUNX1","MAP1B"
"RXRA","MDC1","MAP1B"
"RXRA","AKAP11","MAP1B"
"RXRA","YY1","MAP1B"
"RXRA","RCAN1","MAP1B"
"RXRA","MRE11","MAP1B"
"RXRA","FRAT1","MAP1B"
"RXRA","PPP1R8","MAP1B"
"RXRA","ROR2","MAP1B"
"RXRA","ABI1","MAP1B"
"RXRA","PCBP2","MAP1B"
"RXRA","E2F1","MAP1B"
"RXRA","LRP6","MAP1B"
"RXRA","GRB14","MAP1B"
"RXRA","SPEN","MAP1B"
"RXRA","TIAM1","MAP1B"
"RXRA","NOTCH2","MAP1B"
"RXRA","APC","MAP1B"
"RXRA","DYNLL1","MAP1B"
"RXRA","STAT2","MAP1B"
"RXRA","PLCG2","MAP1B"
"RXRA","MAPK3","USF2"
"RXRA","MAPK8","USF2"
"RXRA","STK3/4","USF2"
"RXRA","PRKCD","USF2"
"RXRA","ACP1","USF2"
"RXRA","CSNK2A1","USF2"
"RXRA","RPS6K","USF2"
"RXRA","Gbeta","USF2"
"RXRA","LCK","USF2"
"RXRA","ABL1","USF2"
"RXRA","CHEK1","USF2"
"RXRA","EIF2AK2","USF2"
"RXRA","RPS6KA1","USF2"
"RXRA","STK3","USF2"
"RXRA","AKT","USF2"
"RXRA","MAPK9","USF2"
"RXRA","PPP1R1B","USF2"
"RXRA","MAP3K4","USF2"
"RXRA","MAPKAPK2","USF2"
"RXRA","ITK","USF2"
"RXRA","mTORC1","USF2"
"RXRA","PHLPP1","USF2"
"RXRA","CCAR2","USF2"
"RXRA","NCOR2","USF2"
"RXRA","CDK3","USF2"
"RXRA","DEF6","USF2"
"RXRA","NBR1","USF2"
"RXRA","CAMKK2","USF2"
"RXRA","CRK","USF2"
"RXRA","SHC1","USF2"
"RXRA","CCNO","USF2"
"RXRA","AXIN1","USF2"
"RXRA","CDKN1B","USF2"
"RXRA","SKP2","USF2"
"RXRA","FLNA","USF2"
"RXRA","GAB1","USF2"
"RXRA","GRIPAP1","USF2"
"RXRA","GRIP1","USF2"
"RXRA","KHDRBS1","USF2"
"RXRA","ARRB2","USF2"
"RXRA","DAXX","USF2"
"RXRA","PSEN1","USF2"
"RXRA","CD28","USF2"
"RXRA","INPP5D","USF2"
"RXRA","PIK3R1","USF2"
"RXRA","CCNE1","USF2"
"RXRA","NF2","USF2"
"RXRA","RUNX1","USF2"
"RXRA","MDC1","USF2"
"RXRA","AKAP11","USF2"
"RXRA","YY1","USF2"
"RXRA","RCAN1","USF2"
"RXRA","MRE11","USF2"
"RXRA","FRAT1","USF2"
"RXRA","PPP1R8","USF2"
"RXRA","ROR2","USF2"
"RXRA","ABI1","USF2"
"RXRA","PCBP2","USF2"
"RXRA","E2F1","USF2"
"RXRA","LRP6","USF2"
"RXRA","GRB14","USF2"
"RXRA","SPEN","USF2"
"RXRA","TIAM1","USF2"
"RXRA","NOTCH2","USF2"
"RXRA","APC","USF2"
"RXRA","DYNLL1","USF2"
"RXRA","STAT2","USF2"
"RXRA","PLCG2","USF2"
"RXRA","MAPK3","CCNA2"
"RXRA","MAPK8","CCNA2"
"RXRA","STK3/4","CCNA2"
"RXRA","PRKCD","CCNA2"
"RXRA","ACP1","CCNA2"
"RXRA","CSNK2A1","CCNA2"
"RXRA","RPS6K","CCNA2"
"RXRA","Gbeta","CCNA2"
"RXRA","LCK","CCNA2"
"RXRA","ABL1","CCNA2"
"RXRA","CHEK1","CCNA2"
"RXRA","EIF2AK2","CCNA2"
"RXRA","RPS6KA1","CCNA2"
"RXRA","STK3","CCNA2"
"RXRA","AKT","CCNA2"
"RXRA","MAPK9","CCNA2"
"RXRA","PPP1R1B","CCNA2"
"RXRA","MAP3K4","CCNA2"
"RXRA","MAPKAPK2","CCNA2"
"RXRA","ITK","CCNA2"
"RXRA","mTORC1","CCNA2"
"RXRA","PHLPP1","CCNA2"
"RXRA","CCAR2","CCNA2"
"RXRA","NCOR2","CCNA2"
"RXRA","CDK3","CCNA2"
"RXRA","DEF6","CCNA2"
"RXRA","NBR1","CCNA2"
"RXRA","CAMKK2","CCNA2"
"RXRA","CRK","CCNA2"
"RXRA","SHC1","CCNA2"
"RXRA","CCNO","CCNA2"
"RXRA","AXIN1","CCNA2"
"RXRA","CDKN1B","CCNA2"
"RXRA","SKP2","CCNA2"
"RXRA","FLNA","CCNA2"
"RXRA","GAB1","CCNA2"
"RXRA","GRIPAP1","CCNA2"
"RXRA","GRIP1","CCNA2"
"RXRA","KHDRBS1","CCNA2"
"RXRA","ARRB2","CCNA2"
"RXRA","DAXX","CCNA2"
"RXRA","PSEN1","CCNA2"
"RXRA","CD28","CCNA2"
"RXRA","INPP5D","CCNA2"
"RXRA","PIK3R1","CCNA2"
"RXRA","CCNE1","CCNA2"
"RXRA","NF2","CCNA2"
"RXRA","RUNX1","CCNA2"
"RXRA","MDC1","CCNA2"
"RXRA","AKAP11","CCNA2"
"RXRA","YY1","CCNA2"
"RXRA","RCAN1","CCNA2"
"RXRA","MRE11","CCNA2"
"RXRA","FRAT1","CCNA2"
"RXRA","PPP1R8","CCNA2"
"RXRA","ROR2","CCNA2"
"RXRA","ABI1","CCNA2"
"RXRA","PCBP2","CCNA2"
"RXRA","E2F1","CCNA2"
"RXRA","LRP6","CCNA2"
"RXRA","GRB14","CCNA2"
"RXRA","SPEN","CCNA2"
"RXRA","TIAM1","CCNA2"
"RXRA","NOTCH2","CCNA2"
"RXRA","APC","CCNA2"
"RXRA","DYNLL1","CCNA2"
"RXRA","STAT2","CCNA2"
"RXRA","PLCG2","CCNA2"
"RXRA","MAPK3","NOL3"
"RXRA","MAPK8","NOL3"
"RXRA","STK3/4","NOL3"
"RXRA","PRKCD","NOL3"
"RXRA","ACP1","NOL3"
"RXRA","RPS6K","NOL3"
"RXRA","Gbeta","NOL3"
"RXRA","LCK","NOL3"
"RXRA","ABL1","NOL3"
"RXRA","CHEK1","NOL3"
"RXRA","EIF2AK2","NOL3"
"RXRA","RPS6KA1","NOL3"
"RXRA","STK3","NOL3"
"RXRA","AKT","NOL3"
"RXRA","MAPK9","NOL3"
"RXRA","PPP1R1B","NOL3"
"RXRA","MAP3K4","NOL3"
"RXRA","MAPKAPK2","NOL3"
"RXRA","ITK","NOL3"
"RXRA","mTORC1","NOL3"
"RXRA","PHLPP1","NOL3"
"RXRA","CCAR2","NOL3"
"RXRA","NCOR2","NOL3"
"RXRA","CDK3","NOL3"
"RXRA","DEF6","NOL3"
"RXRA","NBR1","NOL3"
"RXRA","CAMKK2","NOL3"
"RXRA","CRK","NOL3"
"RXRA","SHC1","NOL3"
"RXRA","CCNO","NOL3"
"RXRA","AXIN1","NOL3"
"RXRA","CDKN1B","NOL3"
"RXRA","SKP2","NOL3"
"RXRA","FLNA","NOL3"
"RXRA","GAB1","NOL3"
"RXRA","GRIPAP1","NOL3"
"RXRA","GRIP1","NOL3"
"RXRA","KHDRBS1","NOL3"
"RXRA","ARRB2","NOL3"
"RXRA","DAXX","NOL3"
"RXRA","PSEN1","NOL3"
"RXRA","CD28","NOL3"
"RXRA","INPP5D","NOL3"
"RXRA","PIK3R1","NOL3"
"RXRA","CCNE1","NOL3"
"RXRA","NF2","NOL3"
"RXRA","RUNX1","NOL3"
"RXRA","MDC1","NOL3"
"RXRA","AKAP11","NOL3"
"RXRA","YY1","NOL3"
"RXRA","RCAN1","NOL3"
"RXRA","MRE11","NOL3"
"RXRA","FRAT1","NOL3"
"RXRA","PPP1R8","NOL3"
"RXRA","ROR2","NOL3"
"RXRA","ABI1","NOL3"
"RXRA","PCBP2","NOL3"
"RXRA","E2F1","NOL3"
"RXRA","LRP6","NOL3"
"RXRA","GRB14","NOL3"
"RXRA","SPEN","NOL3"
"RXRA","TIAM1","NOL3"
"RXRA","NOTCH2","NOL3"
"RXRA","APC","NOL3"
"RXRA","DYNLL1","NOL3"
"RXRA","STAT2","NOL3"
"RXRA","PLCG2","NOL3"
"RXRA","MAPK3","AREL1"
"RXRA","MAPK8","AREL1"
"RXRA","STK3/4","AREL1"
"RXRA","PRKCD","AREL1"
"RXRA","ACP1","AREL1"
"RXRA","CSNK2A1","AREL1"
"RXRA","RPS6K","AREL1"
"RXRA","Gbeta","AREL1"
"RXRA","LCK","AREL1"
"RXRA","ABL1","AREL1"
"RXRA","CHEK1","AREL1"
"RXRA","EIF2AK2","AREL1"
"RXRA","RPS6KA1","AREL1"
"RXRA","STK3","AREL1"
"RXRA","AKT","AREL1"
"RXRA","MAPK9","AREL1"
"RXRA","PPP1R1B","AREL1"
"RXRA","MAP3K4","AREL1"
"RXRA","MAPKAPK2","AREL1"
"RXRA","ITK","AREL1"
"RXRA","mTORC1","AREL1"
"RXRA","PHLPP1","AREL1"
"RXRA","CCAR2","AREL1"
"RXRA","NCOR2","AREL1"
"RXRA","CDK3","AREL1"
"RXRA","DEF6","AREL1"
"RXRA","NBR1","AREL1"
"RXRA","CAMKK2","AREL1"
"RXRA","CRK","AREL1"
"RXRA","SHC1","AREL1"
"RXRA","CCNO","AREL1"
"RXRA","AXIN1","AREL1"
"RXRA","CDKN1B","AREL1"
"RXRA","SKP2","AREL1"
"RXRA","FLNA","AREL1"
"RXRA","GAB1","AREL1"
"RXRA","GRIPAP1","AREL1"
"RXRA","GRIP1","AREL1"
"RXRA","KHDRBS1","AREL1"
"RXRA","ARRB2","AREL1"
"RXRA","DAXX","AREL1"
"RXRA","PSEN1","AREL1"
"RXRA","CD28","AREL1"
"RXRA","INPP5D","AREL1"
"RXRA","PIK3R1","AREL1"
"RXRA","CCNE1","AREL1"
"RXRA","NF2","AREL1"
"RXRA","RUNX1","AREL1"
"RXRA","MDC1","AREL1"
"RXRA","AKAP11","AREL1"
"RXRA","YY1","AREL1"
"RXRA","RCAN1","AREL1"
"RXRA","MRE11","AREL1"
"RXRA","FRAT1","AREL1"
"RXRA","PPP1R8","AREL1"
"RXRA","ROR2","AREL1"
"RXRA","ABI1","AREL1"
"RXRA","PCBP2","AREL1"
"RXRA","E2F1","AREL1"
"RXRA","LRP6","AREL1"
"RXRA","GRB14","AREL1"
"RXRA","SPEN","AREL1"
"RXRA","TIAM1","AREL1"
"RXRA","NOTCH2","AREL1"
"RXRA","APC","AREL1"
"RXRA","DYNLL1","AREL1"
"RXRA","STAT2","AREL1"
"RXRA","PLCG2","AREL1"
"RXRA","MAPK8","KARS1"
"RXRA","STK3/4","KARS1"
"RXRA","PRKCD","KARS1"
"RXRA","ACP1","KARS1"
"RXRA","CSNK2A1","KARS1"
"RXRA","RPS6K","KARS1"
"RXRA","Gbeta","KARS1"
"RXRA","LCK","KARS1"
"RXRA","ABL1","KARS1"
"RXRA","CHEK1","KARS1"
"RXRA","EIF2AK2","KARS1"
"RXRA","RPS6KA1","KARS1"
"RXRA","STK3","KARS1"
"RXRA","AKT","KARS1"
"RXRA","MAPK9","KARS1"
"RXRA","PPP1R1B","KARS1"
"RXRA","MAP3K4","KARS1"
"RXRA","MAPKAPK2","KARS1"
"RXRA","ITK","KARS1"
"RXRA","mTORC1","KARS1"
"RXRA","PHLPP1","KARS1"
"RXRA","CCAR2","KARS1"
"RXRA","NCOR2","KARS1"
"RXRA","CDK3","KARS1"
"RXRA","DEF6","KARS1"
"RXRA","NBR1","KARS1"
"RXRA","CAMKK2","KARS1"
"RXRA","CRK","KARS1"
"RXRA","SHC1","KARS1"
"RXRA","CCNO","KARS1"
"RXRA","AXIN1","KARS1"
"RXRA","CDKN1B","KARS1"
"RXRA","SKP2","KARS1"
"RXRA","FLNA","KARS1"
"RXRA","GAB1","KARS1"
"RXRA","GRIPAP1","KARS1"
"RXRA","GRIP1","KARS1"
"RXRA","KHDRBS1","KARS1"
"RXRA","ARRB2","KARS1"
"RXRA","DAXX","KARS1"
"RXRA","PSEN1","KARS1"
"RXRA","CD28","KARS1"
"RXRA","INPP5D","KARS1"
"RXRA","PIK3R1","KARS1"
"RXRA","CCNE1","KARS1"
"RXRA","NF2","KARS1"
"RXRA","RUNX1","KARS1"
"RXRA","MDC1","KARS1"
"RXRA","AKAP11","KARS1"
"RXRA","YY1","KARS1"
"RXRA","RCAN1","KARS1"
"RXRA","MRE11","KARS1"
"RXRA","FRAT1","KARS1"
"RXRA","PPP1R8","KARS1"
"RXRA","ROR2","KARS1"
"RXRA","ABI1","KARS1"
"RXRA","PCBP2","KARS1"
"RXRA","E2F1","KARS1"
"RXRA","LRP6","KARS1"
"RXRA","GRB14","KARS1"
"RXRA","SPEN","KARS1"
"RXRA","TIAM1","KARS1"
"RXRA","NOTCH2","KARS1"
"RXRA","APC","KARS1"
"RXRA","DYNLL1","KARS1"
"RXRA","STAT2","KARS1"
"RXRA","PLCG2","KARS1"
"RXRA","MAPK3","TTL"
"RXRA","MAPK8","TTL"
"RXRA","STK3/4","TTL"
"RXRA","PRKCD","TTL"
"RXRA","ACP1","TTL"
"RXRA","CSNK2A1","TTL"
"RXRA","RPS6K","TTL"
"RXRA","Gbeta","TTL"
"RXRA","LCK","TTL"
"RXRA","ABL1","TTL"
"RXRA","CHEK1","TTL"
"RXRA","EIF2AK2","TTL"
"RXRA","RPS6KA1","TTL"
"RXRA","STK3","TTL"
"RXRA","AKT","TTL"
"RXRA","MAPK9","TTL"
"RXRA","PPP1R1B","TTL"
"RXRA","MAP3K4","TTL"
"RXRA","MAPKAPK2","TTL"
"RXRA","ITK","TTL"
"RXRA","mTORC1","TTL"
"RXRA","PHLPP1","TTL"
"RXRA","CCAR2","TTL"
"RXRA","NCOR2","TTL"
"RXRA","CDK3","TTL"
"RXRA","DEF6","TTL"
"RXRA","NBR1","TTL"
"RXRA","CAMKK2","TTL"
"RXRA","CRK","TTL"
"RXRA","SHC1","TTL"
"RXRA","CCNO","TTL"
"RXRA","AXIN1","TTL"
"RXRA","CDKN1B","TTL"
"RXRA","SKP2","TTL"
"RXRA","FLNA","TTL"
"RXRA","GAB1","TTL"
"RXRA","GRIPAP1","TTL"
"RXRA","GRIP1","TTL"
"RXRA","KHDRBS1","TTL"
"RXRA","ARRB2","TTL"
"RXRA","DAXX","TTL"
"RXRA","PSEN1","TTL"
"RXRA","CD28","TTL"
"RXRA","INPP5D","TTL"
"RXRA","PIK3R1","TTL"
"RXRA","CCNE1","TTL"
"RXRA","NF2","TTL"
"RXRA","RUNX1","TTL"
"RXRA","MDC1","TTL"
"RXRA","AKAP11","TTL"
"RXRA","YY1","TTL"
"RXRA","RCAN1","TTL"
"RXRA","MRE11","TTL"
"RXRA","FRAT1","TTL"
"RXRA","PPP1R8","TTL"
"RXRA","ROR2","TTL"
"RXRA","ABI1","TTL"
"RXRA","PCBP2","TTL"
"RXRA","E2F1","TTL"
"RXRA","LRP6","TTL"
"RXRA","GRB14","TTL"
"RXRA","SPEN","TTL"
"RXRA","TIAM1","TTL"
"RXRA","NOTCH2","TTL"
"RXRA","APC","TTL"
"RXRA","DYNLL1","TTL"
"RXRA","STAT2","TTL"
"RXRA","PLCG2","TTL"
"RXRA","MAPK3","CACNB1"
"RXRA","MAPK8","CACNB1"
"RXRA","STK3/4","CACNB1"
"RXRA","PRKCD","CACNB1"
"RXRA","ACP1","CACNB1"
"RXRA","CSNK2A1","CACNB1"
"RXRA","RPS6K","CACNB1"
"RXRA","Gbeta","CACNB1"
"RXRA","LCK","CACNB1"
"RXRA","ABL1","CACNB1"
"RXRA","CHEK1","CACNB1"
"RXRA","EIF2AK2","CACNB1"
"RXRA","RPS6KA1","CACNB1"
"RXRA","STK3","CACNB1"
"RXRA","AKT","CACNB1"
"RXRA","MAPK9","CACNB1"
"RXRA","PPP1R1B","CACNB1"
"RXRA","MAP3K4","CACNB1"
"RXRA","MAPKAPK2","CACNB1"
"RXRA","ITK","CACNB1"
"RXRA","mTORC1","CACNB1"
"RXRA","PHLPP1","CACNB1"
"RXRA","CCAR2","CACNB1"
"RXRA","NCOR2","CACNB1"
"RXRA","CDK3","CACNB1"
"RXRA","DEF6","CACNB1"
"RXRA","NBR1","CACNB1"
"RXRA","CAMKK2","CACNB1"
"RXRA","CRK","CACNB1"
"RXRA","SHC1","CACNB1"
"RXRA","CCNO","CACNB1"
"RXRA","AXIN1","CACNB1"
"RXRA","CDKN1B","CACNB1"
"RXRA","SKP2","CACNB1"
"RXRA","FLNA","CACNB1"
"RXRA","GAB1","CACNB1"
"RXRA","GRIPAP1","CACNB1"
"RXRA","GRIP1","CACNB1"
"RXRA","KHDRBS1","CACNB1"
"RXRA","ARRB2","CACNB1"
"RXRA","DAXX","CACNB1"
"RXRA","PSEN1","CACNB1"
"RXRA","CD28","CACNB1"
"RXRA","INPP5D","CACNB1"
"RXRA","PIK3R1","CACNB1"
"RXRA","CCNE1","CACNB1"
"RXRA","NF2","CACNB1"
"RXRA","RUNX1","CACNB1"
"RXRA","MDC1","CACNB1"
"RXRA","AKAP11","CACNB1"
"RXRA","YY1","CACNB1"
"RXRA","RCAN1","CACNB1"
"RXRA","MRE11","CACNB1"
"RXRA","FRAT1","CACNB1"
"RXRA","PPP1R8","CACNB1"
"RXRA","ROR2","CACNB1"
"RXRA","ABI1","CACNB1"
"RXRA","PCBP2","CACNB1"
"RXRA","E2F1","CACNB1"
"RXRA","LRP6","CACNB1"
"RXRA","GRB14","CACNB1"
"RXRA","SPEN","CACNB1"
"RXRA","TIAM1","CACNB1"
"RXRA","NOTCH2","CACNB1"
"RXRA","APC","CACNB1"
"RXRA","DYNLL1","CACNB1"
"RXRA","STAT2","CACNB1"
"RXRA","PLCG2","CACNB1"
"RXRA","MAPK3","CERS4"
"RXRA","MAPK8","CERS4"
"RXRA","STK3/4","CERS4"
"RXRA","PRKCD","CERS4"
"RXRA","ACP1","CERS4"
"RXRA","RPS6K","CERS4"
"RXRA","Gbeta","CERS4"
"RXRA","LCK","CERS4"
"RXRA","ABL1","CERS4"
"RXRA","CHEK1","CERS4"
"RXRA","EIF2AK2","CERS4"
"RXRA","RPS6KA1","CERS4"
"RXRA","STK3","CERS4"
"RXRA","AKT","CERS4"
"RXRA","MAPK9","CERS4"
"RXRA","PPP1R1B","CERS4"
"RXRA","MAP3K4","CERS4"
"RXRA","MAPKAPK2","CERS4"
"RXRA","ITK","CERS4"
"RXRA","mTORC1","CERS4"
"RXRA","PHLPP1","CERS4"
"RXRA","CCAR2","CERS4"
"RXRA","NCOR2","CERS4"
"RXRA","CDK3","CERS4"
"RXRA","DEF6","CERS4"
"RXRA","NBR1","CERS4"
"RXRA","CAMKK2","CERS4"
"RXRA","CRK","CERS4"
"RXRA","SHC1","CERS4"
"RXRA","CCNO","CERS4"
"RXRA","AXIN1","CERS4"
"RXRA","CDKN1B","CERS4"
"RXRA","SKP2","CERS4"
"RXRA","FLNA","CERS4"
"RXRA","GAB1","CERS4"
"RXRA","GRIPAP1","CERS4"
"RXRA","GRIP1","CERS4"
"RXRA","KHDRBS1","CERS4"
"RXRA","ARRB2","CERS4"
"RXRA","DAXX","CERS4"
"RXRA","PSEN1","CERS4"
"RXRA","CD28","CERS4"
"RXRA","INPP5D","CERS4"
"RXRA","PIK3R1","CERS4"
"RXRA","CCNE1","CERS4"
"RXRA","NF2","CERS4"
"RXRA","RUNX1","CERS4"
"RXRA","MDC1","CERS4"
"RXRA","AKAP11","CERS4"
"RXRA","YY1","CERS4"
"RXRA","RCAN1","CERS4"
"RXRA","MRE11","CERS4"
"RXRA","FRAT1","CERS4"
"RXRA","PPP1R8","CERS4"
"RXRA","ROR2","CERS4"
"RXRA","ABI1","CERS4"
"RXRA","PCBP2","CERS4"
"RXRA","E2F1","CERS4"
"RXRA","LRP6","CERS4"
"RXRA","GRB14","CERS4"
"RXRA","SPEN","CERS4"
"RXRA","TIAM1","CERS4"
"RXRA","NOTCH2","CERS4"
"RXRA","APC","CERS4"
"RXRA","DYNLL1","CERS4"
"RXRA","STAT2","CERS4"
"RXRA","PLCG2","CERS4"
"RXRA","MAPK3","TSPY1"
"RXRA","MAPK8","TSPY1"
"RXRA","STK3/4","TSPY1"
"RXRA","PRKCD","TSPY1"
"RXRA","ACP1","TSPY1"
"RXRA","RPS6K","TSPY1"
"RXRA","Gbeta","TSPY1"
"RXRA","LCK","TSPY1"
"RXRA","ABL1","TSPY1"
"RXRA","CHEK1","TSPY1"
"RXRA","EIF2AK2","TSPY1"
"RXRA","RPS6KA1","TSPY1"
"RXRA","STK3","TSPY1"
"RXRA","AKT","TSPY1"
"RXRA","MAPK9","TSPY1"
"RXRA","PPP1R1B","TSPY1"
"RXRA","MAP3K4","TSPY1"
"RXRA","MAPKAPK2","TSPY1"
"RXRA","ITK","TSPY1"
"RXRA","mTORC1","TSPY1"
"RXRA","PHLPP1","TSPY1"
"RXRA","CCAR2","TSPY1"
"RXRA","NCOR2","TSPY1"
"RXRA","CDK3","TSPY1"
"RXRA","DEF6","TSPY1"
"RXRA","NBR1","TSPY1"
"RXRA","CAMKK2","TSPY1"
"RXRA","CRK","TSPY1"
"RXRA","SHC1","TSPY1"
"RXRA","CCNO","TSPY1"
"RXRA","AXIN1","TSPY1"
"RXRA","CDKN1B","TSPY1"
"RXRA","SKP2","TSPY1"
"RXRA","FLNA","TSPY1"
"RXRA","GAB1","TSPY1"
"RXRA","GRIPAP1","TSPY1"
"RXRA","GRIP1","TSPY1"
"RXRA","KHDRBS1","TSPY1"
"RXRA","ARRB2","TSPY1"
"RXRA","DAXX","TSPY1"
"RXRA","PSEN1","TSPY1"
"RXRA","CD28","TSPY1"
"RXRA","INPP5D","TSPY1"
"RXRA","PIK3R1","TSPY1"
"RXRA","CCNE1","TSPY1"
"RXRA","NF2","TSPY1"
"RXRA","RUNX1","TSPY1"
"RXRA","MDC1","TSPY1"
"RXRA","AKAP11","TSPY1"
"RXRA","YY1","TSPY1"
"RXRA","RCAN1","TSPY1"
"RXRA","MRE11","TSPY1"
"RXRA","FRAT1","TSPY1"
"RXRA","PPP1R8","TSPY1"
"RXRA","ROR2","TSPY1"
"RXRA","ABI1","TSPY1"
"RXRA","PCBP2","TSPY1"
"RXRA","E2F1","TSPY1"
"RXRA","LRP6","TSPY1"
"RXRA","GRB14","TSPY1"
"RXRA","SPEN","TSPY1"
"RXRA","TIAM1","TSPY1"
"RXRA","NOTCH2","TSPY1"
"RXRA","APC","TSPY1"
"RXRA","DYNLL1","TSPY1"
"RXRA","STAT2","TSPY1"
"RXRA","PLCG2","TSPY1"
"RXRA","MAPK3","BAG2"
"RXRA","MAPK8","BAG2"
"RXRA","STK3/4","BAG2"
"RXRA","PRKCD","BAG2"
"RXRA","ACP1","BAG2"
"RXRA","CSNK2A1","BAG2"
"RXRA","RPS6K","BAG2"
"RXRA","Gbeta","BAG2"
"RXRA","LCK","BAG2"
"RXRA","ABL1","BAG2"
"RXRA","CHEK1","BAG2"
"RXRA","EIF2AK2","BAG2"
"RXRA","RPS6KA1","BAG2"
"RXRA","STK3","BAG2"
"RXRA","AKT","BAG2"
"RXRA","MAPK9","BAG2"
"RXRA","PPP1R1B","BAG2"
"RXRA","MAP3K4","BAG2"
"RXRA","ITK","BAG2"
"RXRA","mTORC1","BAG2"
"RXRA","PHLPP1","BAG2"
"RXRA","CCAR2","BAG2"
"RXRA","NCOR2","BAG2"
"RXRA","CDK3","BAG2"
"RXRA","DEF6","BAG2"
"RXRA","NBR1","BAG2"
"RXRA","CAMKK2","BAG2"
"RXRA","CRK","BAG2"
"RXRA","SHC1","BAG2"
"RXRA","CCNO","BAG2"
"RXRA","AXIN1","BAG2"
"RXRA","CDKN1B","BAG2"
"RXRA","SKP2","BAG2"
"RXRA","FLNA","BAG2"
"RXRA","GAB1","BAG2"
"RXRA","GRIPAP1","BAG2"
"RXRA","GRIP1","BAG2"
"RXRA","KHDRBS1","BAG2"
"RXRA","ARRB2","BAG2"
"RXRA","DAXX","BAG2"
"RXRA","PSEN1","BAG2"
"RXRA","CD28","BAG2"
"RXRA","INPP5D","BAG2"
"RXRA","PIK3R1","BAG2"
"RXRA","CCNE1","BAG2"
"RXRA","NF2","BAG2"
"RXRA","RUNX1","BAG2"
"RXRA","MDC1","BAG2"
"RXRA","AKAP11","BAG2"
"RXRA","YY1","BAG2"
"RXRA","RCAN1","BAG2"
"RXRA","MRE11","BAG2"
"RXRA","FRAT1","BAG2"
"RXRA","PPP1R8","BAG2"
"RXRA","ROR2","BAG2"
"RXRA","ABI1","BAG2"
"RXRA","PCBP2","BAG2"
"RXRA","E2F1","BAG2"
"RXRA","LRP6","BAG2"
"RXRA","GRB14","BAG2"
"RXRA","SPEN","BAG2"
"RXRA","TIAM1","BAG2"
"RXRA","NOTCH2","BAG2"
"RXRA","APC","BAG2"
"RXRA","DYNLL1","BAG2"
"RXRA","STAT2","BAG2"
"RXRA","PLCG2","BAG2"
"RXRA","MAPK3","H2AW"
"RXRA","MAPK8","H2AW"
"RXRA","STK3/4","H2AW"
"RXRA","PRKCD","H2AW"
"RXRA","ACP1","H2AW"
"RXRA","CSNK2A1","H2AW"
"RXRA","RPS6K","H2AW"
"RXRA","Gbeta","H2AW"
"RXRA","LCK","H2AW"
"RXRA","ABL1","H2AW"
"RXRA","CHEK1","H2AW"
"RXRA","EIF2AK2","H2AW"
"RXRA","RPS6KA1","H2AW"
"RXRA","STK3","H2AW"
"RXRA","AKT","H2AW"
"RXRA","MAPK9","H2AW"
"RXRA","PPP1R1B","H2AW"
"RXRA","MAP3K4","H2AW"
"RXRA","MAPKAPK2","H2AW"
"RXRA","ITK","H2AW"
"RXRA","mTORC1","H2AW"
"RXRA","PHLPP1","H2AW"
"RXRA","CCAR2","H2AW"
"RXRA","NCOR2","H2AW"
"RXRA","CDK3","H2AW"
"RXRA","DEF6","H2AW"
"RXRA","NBR1","H2AW"
"RXRA","CAMKK2","H2AW"
"RXRA","CRK","H2AW"
"RXRA","SHC1","H2AW"
"RXRA","CCNO","H2AW"
"RXRA","AXIN1","H2AW"
"RXRA","CDKN1B","H2AW"
"RXRA","SKP2","H2AW"
"RXRA","FLNA","H2AW"
"RXRA","GAB1","H2AW"
"RXRA","GRIPAP1","H2AW"
"RXRA","GRIP1","H2AW"
"RXRA","KHDRBS1","H2AW"
"RXRA","ARRB2","H2AW"
"RXRA","DAXX","H2AW"
"RXRA","PSEN1","H2AW"
"RXRA","CD28","H2AW"
"RXRA","INPP5D","H2AW"
"RXRA","PIK3R1","H2AW"
"RXRA","CCNE1","H2AW"
"RXRA","NF2","H2AW"
"RXRA","RUNX1","H2AW"
"RXRA","MDC1","H2AW"
"RXRA","AKAP11","H2AW"
"RXRA","YY1","H2AW"
"RXRA","RCAN1","H2AW"
"RXRA","MRE11","H2AW"
"RXRA","FRAT1","H2AW"
"RXRA","PPP1R8","H2AW"
"RXRA","ROR2","H2AW"
"RXRA","ABI1","H2AW"
"RXRA","PCBP2","H2AW"
"RXRA","E2F1","H2AW"
"RXRA","LRP6","H2AW"
"RXRA","GRB14","H2AW"
"RXRA","SPEN","H2AW"
"RXRA","TIAM1","H2AW"
"RXRA","NOTCH2","H2AW"
"RXRA","APC","H2AW"
"RXRA","DYNLL1","H2AW"
"RXRA","STAT2","H2AW"
"RXRA","PLCG2","H2AW"
"RXRA","MAPK3","HMOX2"
"RXRA","MAPK8","HMOX2"
"RXRA","STK3/4","HMOX2"
"RXRA","PRKCD","HMOX2"
"RXRA","ACP1","HMOX2"
"RXRA","RPS6K","HMOX2"
"RXRA","Gbeta","HMOX2"
"RXRA","LCK","HMOX2"
"RXRA","ABL1","HMOX2"
"RXRA","CHEK1","HMOX2"
"RXRA","EIF2AK2","HMOX2"
"RXRA","RPS6KA1","HMOX2"
"RXRA","STK3","HMOX2"
"RXRA","AKT","HMOX2"
"RXRA","MAPK9","HMOX2"
"RXRA","PPP1R1B","HMOX2"
"RXRA","MAP3K4","HMOX2"
"RXRA","MAPKAPK2","HMOX2"
"RXRA","ITK","HMOX2"
"RXRA","mTORC1","HMOX2"
"RXRA","PHLPP1","HMOX2"
"RXRA","CCAR2","HMOX2"
"RXRA","NCOR2","HMOX2"
"RXRA","CDK3","HMOX2"
"RXRA","DEF6","HMOX2"
"RXRA","NBR1","HMOX2"
"RXRA","CAMKK2","HMOX2"
"RXRA","CRK","HMOX2"
"RXRA","SHC1","HMOX2"
"RXRA","CCNO","HMOX2"
"RXRA","AXIN1","HMOX2"
"RXRA","CDKN1B","HMOX2"
"RXRA","SKP2","HMOX2"
"RXRA","FLNA","HMOX2"
"RXRA","GAB1","HMOX2"
"RXRA","GRIPAP1","HMOX2"
"RXRA","GRIP1","HMOX2"
"RXRA","KHDRBS1","HMOX2"
"RXRA","ARRB2","HMOX2"
"RXRA","DAXX","HMOX2"
"RXRA","PSEN1","HMOX2"
"RXRA","CD28","HMOX2"
"RXRA","INPP5D","HMOX2"
"RXRA","PIK3R1","HMOX2"
"RXRA","CCNE1","HMOX2"
"RXRA","NF2","HMOX2"
"RXRA","RUNX1","HMOX2"
"RXRA","MDC1","HMOX2"
"RXRA","AKAP11","HMOX2"
"RXRA","YY1","HMOX2"
"RXRA","RCAN1","HMOX2"
"RXRA","MRE11","HMOX2"
"RXRA","FRAT1","HMOX2"
"RXRA","PPP1R8","HMOX2"
"RXRA","ROR2","HMOX2"
"RXRA","ABI1","HMOX2"
"RXRA","PCBP2","HMOX2"
"RXRA","E2F1","HMOX2"
"RXRA","LRP6","HMOX2"
"RXRA","GRB14","HMOX2"
"RXRA","SPEN","HMOX2"
"RXRA","TIAM1","HMOX2"
"RXRA","NOTCH2","HMOX2"
"RXRA","APC","HMOX2"
"RXRA","DYNLL1","HMOX2"
"RXRA","STAT2","HMOX2"
"RXRA","PLCG2","HMOX2"
"RXRA","MAPK3","HNRNPA0"
"RXRA","MAPK8","HNRNPA0"
"RXRA","STK3/4","HNRNPA0"
"RXRA","PRKCD","HNRNPA0"
"RXRA","ACP1","HNRNPA0"
"RXRA","CSNK2A1","HNRNPA0"
"RXRA","RPS6K","HNRNPA0"
"RXRA","Gbeta","HNRNPA0"
"RXRA","LCK","HNRNPA0"
"RXRA","ABL1","HNRNPA0"
"RXRA","CHEK1","HNRNPA0"
"RXRA","EIF2AK2","HNRNPA0"
"RXRA","RPS6KA1","HNRNPA0"
"RXRA","STK3","HNRNPA0"
"RXRA","AKT","HNRNPA0"
"RXRA","MAPK9","HNRNPA0"
"RXRA","PPP1R1B","HNRNPA0"
"RXRA","MAP3K4","HNRNPA0"
"RXRA","ITK","HNRNPA0"
"RXRA","mTORC1","HNRNPA0"
"RXRA","PHLPP1","HNRNPA0"
"RXRA","CCAR2","HNRNPA0"
"RXRA","NCOR2","HNRNPA0"
"RXRA","CDK3","HNRNPA0"
"RXRA","DEF6","HNRNPA0"
"RXRA","NBR1","HNRNPA0"
"RXRA","CAMKK2","HNRNPA0"
"RXRA","CRK","HNRNPA0"
"RXRA","SHC1","HNRNPA0"
"RXRA","CCNO","HNRNPA0"
"RXRA","AXIN1","HNRNPA0"
"RXRA","CDKN1B","HNRNPA0"
"RXRA","SKP2","HNRNPA0"
"RXRA","FLNA","HNRNPA0"
"RXRA","GAB1","HNRNPA0"
"RXRA","GRIPAP1","HNRNPA0"
"RXRA","GRIP1","HNRNPA0"
"RXRA","KHDRBS1","HNRNPA0"
"RXRA","ARRB2","HNRNPA0"
"RXRA","DAXX","HNRNPA0"
"RXRA","PSEN1","HNRNPA0"
"RXRA","CD28","HNRNPA0"
"RXRA","INPP5D","HNRNPA0"
"RXRA","PIK3R1","HNRNPA0"
"RXRA","CCNE1","HNRNPA0"
"RXRA","NF2","HNRNPA0"
"RXRA","RUNX1","HNRNPA0"
"RXRA","MDC1","HNRNPA0"
"RXRA","AKAP11","HNRNPA0"
"RXRA","YY1","HNRNPA0"
"RXRA","RCAN1","HNRNPA0"
"RXRA","MRE11","HNRNPA0"
"RXRA","FRAT1","HNRNPA0"
"RXRA","PPP1R8","HNRNPA0"
"RXRA","ROR2","HNRNPA0"
"RXRA","ABI1","HNRNPA0"
"RXRA","PCBP2","HNRNPA0"
"RXRA","E2F1","HNRNPA0"
"RXRA","LRP6","HNRNPA0"
"RXRA","GRB14","HNRNPA0"
"RXRA","SPEN","HNRNPA0"
"RXRA","TIAM1","HNRNPA0"
"RXRA","NOTCH2","HNRNPA0"
"RXRA","APC","HNRNPA0"
"RXRA","DYNLL1","HNRNPA0"
"RXRA","STAT2","HNRNPA0"
"RXRA","PLCG2","HNRNPA0"
"RXRA","MAPK3","MFN1"
"RXRA","MAPK8","MFN1"
"RXRA","STK3/4","MFN1"
"RXRA","PRKCD","MFN1"
"RXRA","ACP1","MFN1"
"RXRA","CSNK2A1","MFN1"
"RXRA","RPS6K","MFN1"
"RXRA","Gbeta","MFN1"
"RXRA","LCK","MFN1"
"RXRA","ABL1","MFN1"
"RXRA","CHEK1","MFN1"
"RXRA","EIF2AK2","MFN1"
"RXRA","RPS6KA1","MFN1"
"RXRA","STK3","MFN1"
"RXRA","AKT","MFN1"
"RXRA","MAPK9","MFN1"
"RXRA","PPP1R1B","MFN1"
"RXRA","MAP3K4","MFN1"
"RXRA","MAPKAPK2","MFN1"
"RXRA","ITK","MFN1"
"RXRA","mTORC1","MFN1"
"RXRA","PHLPP1","MFN1"
"RXRA","CCAR2","MFN1"
"RXRA","NCOR2","MFN1"
"RXRA","CDK3","MFN1"
"RXRA","DEF6","MFN1"
"RXRA","NBR1","MFN1"
"RXRA","CAMKK2","MFN1"
"RXRA","CRK","MFN1"
"RXRA","SHC1","MFN1"
"RXRA","CCNO","MFN1"
"RXRA","AXIN1","MFN1"
"RXRA","CDKN1B","MFN1"
"RXRA","SKP2","MFN1"
"RXRA","FLNA","MFN1"
"RXRA","GAB1","MFN1"
"RXRA","GRIPAP1","MFN1"
"RXRA","GRIP1","MFN1"
"RXRA","KHDRBS1","MFN1"
"RXRA","ARRB2","MFN1"
"RXRA","DAXX","MFN1"
"RXRA","PSEN1","MFN1"
"RXRA","CD28","MFN1"
"RXRA","INPP5D","MFN1"
"RXRA","PIK3R1","MFN1"
"RXRA","CCNE1","MFN1"
"RXRA","NF2","MFN1"
"RXRA","RUNX1","MFN1"
"RXRA","MDC1","MFN1"
"RXRA","AKAP11","MFN1"
"RXRA","YY1","MFN1"
"RXRA","RCAN1","MFN1"
"RXRA","MRE11","MFN1"
"RXRA","FRAT1","MFN1"
"RXRA","PPP1R8","MFN1"
"RXRA","ROR2","MFN1"
"RXRA","ABI1","MFN1"
"RXRA","PCBP2","MFN1"
"RXRA","E2F1","MFN1"
"RXRA","LRP6","MFN1"
"RXRA","GRB14","MFN1"
"RXRA","SPEN","MFN1"
"RXRA","TIAM1","MFN1"
"RXRA","NOTCH2","MFN1"
"RXRA","APC","MFN1"
"RXRA","DYNLL1","MFN1"
"RXRA","STAT2","MFN1"
"RXRA","PLCG2","MFN1"
"RXRA","MAPK3","EIF2B2"
"RXRA","MAPK8","EIF2B2"
"RXRA","STK3/4","EIF2B2"
"RXRA","PRKCD","EIF2B2"
"RXRA","ACP1","EIF2B2"
"RXRA","CSNK2A1","EIF2B2"
"RXRA","RPS6K","EIF2B2"
"RXRA","Gbeta","EIF2B2"
"RXRA","LCK","EIF2B2"
"RXRA","ABL1","EIF2B2"
"RXRA","CHEK1","EIF2B2"
"RXRA","EIF2AK2","EIF2B2"
"RXRA","RPS6KA1","EIF2B2"
"RXRA","STK3","EIF2B2"
"RXRA","AKT","EIF2B2"
"RXRA","MAPK9","EIF2B2"
"RXRA","PPP1R1B","EIF2B2"
"RXRA","MAP3K4","EIF2B2"
"RXRA","MAPKAPK2","EIF2B2"
"RXRA","ITK","EIF2B2"
"RXRA","mTORC1","EIF2B2"
"RXRA","PHLPP1","EIF2B2"
"RXRA","CCAR2","EIF2B2"
"RXRA","NCOR2","EIF2B2"
"RXRA","CDK3","EIF2B2"
"RXRA","DEF6","EIF2B2"
"RXRA","NBR1","EIF2B2"
"RXRA","CAMKK2","EIF2B2"
"RXRA","CRK","EIF2B2"
"RXRA","SHC1","EIF2B2"
"RXRA","CCNO","EIF2B2"
"RXRA","AXIN1","EIF2B2"
"RXRA","CDKN1B","EIF2B2"
"RXRA","SKP2","EIF2B2"
"RXRA","FLNA","EIF2B2"
"RXRA","GAB1","EIF2B2"
"RXRA","GRIPAP1","EIF2B2"
"RXRA","GRIP1","EIF2B2"
"RXRA","KHDRBS1","EIF2B2"
"RXRA","ARRB2","EIF2B2"
"RXRA","DAXX","EIF2B2"
"RXRA","PSEN1","EIF2B2"
"RXRA","CD28","EIF2B2"
"RXRA","INPP5D","EIF2B2"
"RXRA","PIK3R1","EIF2B2"
"RXRA","CCNE1","EIF2B2"
"RXRA","NF2","EIF2B2"
"RXRA","RUNX1","EIF2B2"
"RXRA","MDC1","EIF2B2"
"RXRA","AKAP11","EIF2B2"
"RXRA","YY1","EIF2B2"
"RXRA","RCAN1","EIF2B2"
"RXRA","MRE11","EIF2B2"
"RXRA","FRAT1","EIF2B2"
"RXRA","PPP1R8","EIF2B2"
"RXRA","ROR2","EIF2B2"
"RXRA","ABI1","EIF2B2"
"RXRA","PCBP2","EIF2B2"
"RXRA","E2F1","EIF2B2"
"RXRA","LRP6","EIF2B2"
"RXRA","GRB14","EIF2B2"
"RXRA","SPEN","EIF2B2"
"RXRA","TIAM1","EIF2B2"
"RXRA","NOTCH2","EIF2B2"
"RXRA","APC","EIF2B2"
"RXRA","DYNLL1","EIF2B2"
"RXRA","STAT2","EIF2B2"
"RXRA","PLCG2","EIF2B2"
"RXRA","MAPK3","MUS81"
"RXRA","MAPK8","MUS81"
"RXRA","STK3/4","MUS81"
"RXRA","PRKCD","MUS81"
"RXRA","ACP1","MUS81"
"RXRA","RPS6K","MUS81"
"RXRA","Gbeta","MUS81"
"RXRA","LCK","MUS81"
"RXRA","ABL1","MUS81"
"RXRA","CHEK1","MUS81"
"RXRA","EIF2AK2","MUS81"
"RXRA","RPS6KA1","MUS81"
"RXRA","STK3","MUS81"
"RXRA","AKT","MUS81"
"RXRA","MAPK9","MUS81"
"RXRA","PPP1R1B","MUS81"
"RXRA","MAP3K4","MUS81"
"RXRA","MAPKAPK2","MUS81"
"RXRA","ITK","MUS81"
"RXRA","mTORC1","MUS81"
"RXRA","PHLPP1","MUS81"
"RXRA","CCAR2","MUS81"
"RXRA","NCOR2","MUS81"
"RXRA","CDK3","MUS81"
"RXRA","DEF6","MUS81"
"RXRA","NBR1","MUS81"
"RXRA","CAMKK2","MUS81"
"RXRA","CRK","MUS81"
"RXRA","SHC1","MUS81"
"RXRA","CCNO","MUS81"
"RXRA","AXIN1","MUS81"
"RXRA","CDKN1B","MUS81"
"RXRA","SKP2","MUS81"
"RXRA","FLNA","MUS81"
"RXRA","GAB1","MUS81"
"RXRA","GRIPAP1","MUS81"
"RXRA","GRIP1","MUS81"
"RXRA","KHDRBS1","MUS81"
"RXRA","ARRB2","MUS81"
"RXRA","DAXX","MUS81"
"RXRA","PSEN1","MUS81"
"RXRA","CD28","MUS81"
"RXRA","INPP5D","MUS81"
"RXRA","PIK3R1","MUS81"
"RXRA","CCNE1","MUS81"
"RXRA","NF2","MUS81"
"RXRA","RUNX1","MUS81"
"RXRA","MDC1","MUS81"
"RXRA","AKAP11","MUS81"
"RXRA","YY1","MUS81"
"RXRA","RCAN1","MUS81"
"RXRA","MRE11","MUS81"
"RXRA","FRAT1","MUS81"
"RXRA","PPP1R8","MUS81"
"RXRA","ROR2","MUS81"
"RXRA","ABI1","MUS81"
"RXRA","PCBP2","MUS81"
"RXRA","E2F1","MUS81"
"RXRA","LRP6","MUS81"
"RXRA","GRB14","MUS81"
"RXRA","SPEN","MUS81"
"RXRA","TIAM1","MUS81"
"RXRA","NOTCH2","MUS81"
"RXRA","APC","MUS81"
"RXRA","DYNLL1","MUS81"
"RXRA","STAT2","MUS81"
"RXRA","PLCG2","MUS81"
"RXRA","MAPK3","RIOK1"
"RXRA","MAPK8","RIOK1"
"RXRA","STK3/4","RIOK1"
"RXRA","PRKCD","RIOK1"
"RXRA","ACP1","RIOK1"
"RXRA","RPS6K","RIOK1"
"RXRA","Gbeta","RIOK1"
"RXRA","LCK","RIOK1"
"RXRA","ABL1","RIOK1"
"RXRA","CHEK1","RIOK1"
"RXRA","EIF2AK2","RIOK1"
"RXRA","RPS6KA1","RIOK1"
"RXRA","STK3","RIOK1"
"RXRA","AKT","RIOK1"
"RXRA","MAPK9","RIOK1"
"RXRA","PPP1R1B","RIOK1"
"RXRA","MAP3K4","RIOK1"
"RXRA","MAPKAPK2","RIOK1"
"RXRA","ITK","RIOK1"
"RXRA","mTORC1","RIOK1"
"RXRA","PHLPP1","RIOK1"
"RXRA","CCAR2","RIOK1"
"RXRA","NCOR2","RIOK1"
"RXRA","CDK3","RIOK1"
"RXRA","DEF6","RIOK1"
"RXRA","NBR1","RIOK1"
"RXRA","CAMKK2","RIOK1"
"RXRA","CRK","RIOK1"
"RXRA","SHC1","RIOK1"
"RXRA","CCNO","RIOK1"
"RXRA","AXIN1","RIOK1"
"RXRA","CDKN1B","RIOK1"
"RXRA","SKP2","RIOK1"
"RXRA","FLNA","RIOK1"
"RXRA","GAB1","RIOK1"
"RXRA","GRIPAP1","RIOK1"
"RXRA","GRIP1","RIOK1"
"RXRA","KHDRBS1","RIOK1"
"RXRA","ARRB2","RIOK1"
"RXRA","DAXX","RIOK1"
"RXRA","PSEN1","RIOK1"
"RXRA","CD28","RIOK1"
"RXRA","INPP5D","RIOK1"
"RXRA","PIK3R1","RIOK1"
"RXRA","CCNE1","RIOK1"
"RXRA","NF2","RIOK1"
"RXRA","RUNX1","RIOK1"
"RXRA","MDC1","RIOK1"
"RXRA","AKAP11","RIOK1"
"RXRA","YY1","RIOK1"
"RXRA","RCAN1","RIOK1"
"RXRA","MRE11","RIOK1"
"RXRA","FRAT1","RIOK1"
"RXRA","PPP1R8","RIOK1"
"RXRA","ROR2","RIOK1"
"RXRA","ABI1","RIOK1"
"RXRA","PCBP2","RIOK1"
"RXRA","E2F1","RIOK1"
"RXRA","LRP6","RIOK1"
"RXRA","GRB14","RIOK1"
"RXRA","SPEN","RIOK1"
"RXRA","TIAM1","RIOK1"
"RXRA","NOTCH2","RIOK1"
"RXRA","APC","RIOK1"
"RXRA","DYNLL1","RIOK1"
"RXRA","STAT2","RIOK1"
"RXRA","PLCG2","RIOK1"
"RXRA","MAPK3","SERINC3"
"RXRA","MAPK8","SERINC3"
"RXRA","STK3/4","SERINC3"
"RXRA","PRKCD","SERINC3"
"RXRA","ACP1","SERINC3"
"RXRA","RPS6K","SERINC3"
"RXRA","Gbeta","SERINC3"
"RXRA","LCK","SERINC3"
"RXRA","ABL1","SERINC3"
"RXRA","CHEK1","SERINC3"
"RXRA","EIF2AK2","SERINC3"
"RXRA","RPS6KA1","SERINC3"
"RXRA","STK3","SERINC3"
"RXRA","AKT","SERINC3"
"RXRA","MAPK9","SERINC3"
"RXRA","PPP1R1B","SERINC3"
"RXRA","MAP3K4","SERINC3"
"RXRA","MAPKAPK2","SERINC3"
"RXRA","ITK","SERINC3"
"RXRA","mTORC1","SERINC3"
"RXRA","PHLPP1","SERINC3"
"RXRA","CCAR2","SERINC3"
"RXRA","NCOR2","SERINC3"
"RXRA","CDK3","SERINC3"
"RXRA","DEF6","SERINC3"
"RXRA","NBR1","SERINC3"
"RXRA","CAMKK2","SERINC3"
"RXRA","CRK","SERINC3"
"RXRA","SHC1","SERINC3"
"RXRA","CCNO","SERINC3"
"RXRA","AXIN1","SERINC3"
"RXRA","CDKN1B","SERINC3"
"RXRA","SKP2","SERINC3"
"RXRA","FLNA","SERINC3"
"RXRA","GAB1","SERINC3"
"RXRA","GRIPAP1","SERINC3"
"RXRA","GRIP1","SERINC3"
"RXRA","KHDRBS1","SERINC3"
"RXRA","ARRB2","SERINC3"
"RXRA","DAXX","SERINC3"
"RXRA","PSEN1","SERINC3"
"RXRA","CD28","SERINC3"
"RXRA","INPP5D","SERINC3"
"RXRA","PIK3R1","SERINC3"
"RXRA","CCNE1","SERINC3"
"RXRA","NF2","SERINC3"
"RXRA","RUNX1","SERINC3"
"RXRA","MDC1","SERINC3"
"RXRA","AKAP11","SERINC3"
"RXRA","YY1","SERINC3"
"RXRA","RCAN1","SERINC3"
"RXRA","MRE11","SERINC3"
"RXRA","FRAT1","SERINC3"
"RXRA","PPP1R8","SERINC3"
"RXRA","ROR2","SERINC3"
"RXRA","ABI1","SERINC3"
"RXRA","PCBP2","SERINC3"
"RXRA","E2F1","SERINC3"
"RXRA","LRP6","SERINC3"
"RXRA","GRB14","SERINC3"
"RXRA","SPEN","SERINC3"
"RXRA","TIAM1","SERINC3"
"RXRA","NOTCH2","SERINC3"
"RXRA","APC","SERINC3"
"RXRA","DYNLL1","SERINC3"
"RXRA","STAT2","SERINC3"
"RXRA","PLCG2","SERINC3"
"RXRA","MAPK3","PNPLA8"
"RXRA","MAPK8","PNPLA8"
"RXRA","STK3/4","PNPLA8"
"RXRA","PRKCD","PNPLA8"
"RXRA","ACP1","PNPLA8"
"RXRA","CSNK2A1","PNPLA8"
"RXRA","RPS6K","PNPLA8"
"RXRA","Gbeta","PNPLA8"
"RXRA","LCK","PNPLA8"
"RXRA","ABL1","PNPLA8"
"RXRA","CHEK1","PNPLA8"
"RXRA","EIF2AK2","PNPLA8"
"RXRA","RPS6KA1","PNPLA8"
"RXRA","STK3","PNPLA8"
"RXRA","AKT","PNPLA8"
"RXRA","MAPK9","PNPLA8"
"RXRA","PPP1R1B","PNPLA8"
"RXRA","MAP3K4","PNPLA8"
"RXRA","MAPKAPK2","PNPLA8"
"RXRA","ITK","PNPLA8"
"RXRA","mTORC1","PNPLA8"
"RXRA","PHLPP1","PNPLA8"
"RXRA","CCAR2","PNPLA8"
"RXRA","NCOR2","PNPLA8"
"RXRA","CDK3","PNPLA8"
"RXRA","DEF6","PNPLA8"
"RXRA","NBR1","PNPLA8"
"RXRA","CAMKK2","PNPLA8"
"RXRA","CRK","PNPLA8"
"RXRA","SHC1","PNPLA8"
"RXRA","CCNO","PNPLA8"
"RXRA","AXIN1","PNPLA8"
"RXRA","CDKN1B","PNPLA8"
"RXRA","SKP2","PNPLA8"
"RXRA","FLNA","PNPLA8"
"RXRA","GAB1","PNPLA8"
"RXRA","GRIPAP1","PNPLA8"
"RXRA","GRIP1","PNPLA8"
"RXRA","KHDRBS1","PNPLA8"
"RXRA","ARRB2","PNPLA8"
"RXRA","DAXX","PNPLA8"
"RXRA","PSEN1","PNPLA8"
"RXRA","CD28","PNPLA8"
"RXRA","INPP5D","PNPLA8"
"RXRA","PIK3R1","PNPLA8"
"RXRA","CCNE1","PNPLA8"
"RXRA","NF2","PNPLA8"
"RXRA","RUNX1","PNPLA8"
"RXRA","MDC1","PNPLA8"
"RXRA","AKAP11","PNPLA8"
"RXRA","YY1","PNPLA8"
"RXRA","RCAN1","PNPLA8"
"RXRA","MRE11","PNPLA8"
"RXRA","FRAT1","PNPLA8"
"RXRA","PPP1R8","PNPLA8"
"RXRA","ROR2","PNPLA8"
"RXRA","ABI1","PNPLA8"
"RXRA","PCBP2","PNPLA8"
"RXRA","E2F1","PNPLA8"
"RXRA","LRP6","PNPLA8"
"RXRA","GRB14","PNPLA8"
"RXRA","SPEN","PNPLA8"
"RXRA","TIAM1","PNPLA8"
"RXRA","NOTCH2","PNPLA8"
"RXRA","APC","PNPLA8"
"RXRA","DYNLL1","PNPLA8"
"RXRA","STAT2","PNPLA8"
"RXRA","PLCG2","PNPLA8"
"RXRA","MAPK8","NCKIPSD"
"RXRA","STK3/4","NCKIPSD"
"RXRA","PRKCD","NCKIPSD"
"RXRA","ACP1","NCKIPSD"
"RXRA","CSNK2A1","NCKIPSD"
"RXRA","RPS6K","NCKIPSD"
"RXRA","Gbeta","NCKIPSD"
"RXRA","LCK","NCKIPSD"
"RXRA","ABL1","NCKIPSD"
"RXRA","CHEK1","NCKIPSD"
"RXRA","EIF2AK2","NCKIPSD"
"RXRA","RPS6KA1","NCKIPSD"
"RXRA","STK3","NCKIPSD"
"RXRA","AKT","NCKIPSD"
"RXRA","MAPK9","NCKIPSD"
"RXRA","PPP1R1B","NCKIPSD"
"RXRA","MAP3K4","NCKIPSD"
"RXRA","MAPKAPK2","NCKIPSD"
"RXRA","ITK","NCKIPSD"
"RXRA","mTORC1","NCKIPSD"
"RXRA","PHLPP1","NCKIPSD"
"RXRA","CCAR2","NCKIPSD"
"RXRA","NCOR2","NCKIPSD"
"RXRA","CDK3","NCKIPSD"
"RXRA","DEF6","NCKIPSD"
"RXRA","NBR1","NCKIPSD"
"RXRA","CAMKK2","NCKIPSD"
"RXRA","CRK","NCKIPSD"
"RXRA","SHC1","NCKIPSD"
"RXRA","CCNO","NCKIPSD"
"RXRA","AXIN1","NCKIPSD"
"RXRA","CDKN1B","NCKIPSD"
"RXRA","SKP2","NCKIPSD"
"RXRA","FLNA","NCKIPSD"
"RXRA","GAB1","NCKIPSD"
"RXRA","GRIPAP1","NCKIPSD"
"RXRA","GRIP1","NCKIPSD"
"RXRA","KHDRBS1","NCKIPSD"
"RXRA","ARRB2","NCKIPSD"
"RXRA","DAXX","NCKIPSD"
"RXRA","PSEN1","NCKIPSD"
"RXRA","CD28","NCKIPSD"
"RXRA","INPP5D","NCKIPSD"
"RXRA","PIK3R1","NCKIPSD"
"RXRA","CCNE1","NCKIPSD"
"RXRA","NF2","NCKIPSD"
"RXRA","RUNX1","NCKIPSD"
"RXRA","MDC1","NCKIPSD"
"RXRA","AKAP11","NCKIPSD"
"RXRA","YY1","NCKIPSD"
"RXRA","RCAN1","NCKIPSD"
"RXRA","MRE11","NCKIPSD"
"RXRA","FRAT1","NCKIPSD"
"RXRA","PPP1R8","NCKIPSD"
"RXRA","ROR2","NCKIPSD"
"RXRA","ABI1","NCKIPSD"
"RXRA","PCBP2","NCKIPSD"
"RXRA","E2F1","NCKIPSD"
"RXRA","LRP6","NCKIPSD"
"RXRA","GRB14","NCKIPSD"
"RXRA","SPEN","NCKIPSD"
"RXRA","TIAM1","NCKIPSD"
"RXRA","NOTCH2","NCKIPSD"
"RXRA","APC","NCKIPSD"
"RXRA","DYNLL1","NCKIPSD"
"RXRA","STAT2","NCKIPSD"
"RXRA","PLCG2","NCKIPSD"
"RXRA","MAPK3","ARHGAP31"
"RXRA","MAPK8","ARHGAP31"
"RXRA","STK3/4","ARHGAP31"
"RXRA","PRKCD","ARHGAP31"
"RXRA","ACP1","ARHGAP31"
"RXRA","CSNK2A1","ARHGAP31"
"RXRA","RPS6K","ARHGAP31"
"RXRA","Gbeta","ARHGAP31"
"RXRA","LCK","ARHGAP31"
"RXRA","ABL1","ARHGAP31"
"RXRA","CHEK1","ARHGAP31"
"RXRA","EIF2AK2","ARHGAP31"
"RXRA","RPS6KA1","ARHGAP31"
"RXRA","STK3","ARHGAP31"
"RXRA","AKT","ARHGAP31"
"RXRA","MAPK9","ARHGAP31"
"RXRA","PPP1R1B","ARHGAP31"
"RXRA","MAP3K4","ARHGAP31"
"RXRA","MAPKAPK2","ARHGAP31"
"RXRA","ITK","ARHGAP31"
"RXRA","mTORC1","ARHGAP31"
"RXRA","PHLPP1","ARHGAP31"
"RXRA","CCAR2","ARHGAP31"
"RXRA","NCOR2","ARHGAP31"
"RXRA","CDK3","ARHGAP31"
"RXRA","DEF6","ARHGAP31"
"RXRA","NBR1","ARHGAP31"
"RXRA","CAMKK2","ARHGAP31"
"RXRA","CRK","ARHGAP31"
"RXRA","SHC1","ARHGAP31"
"RXRA","CCNO","ARHGAP31"
"RXRA","AXIN1","ARHGAP31"
"RXRA","CDKN1B","ARHGAP31"
"RXRA","SKP2","ARHGAP31"
"RXRA","FLNA","ARHGAP31"
"RXRA","GAB1","ARHGAP31"
"RXRA","GRIPAP1","ARHGAP31"
"RXRA","GRIP1","ARHGAP31"
"RXRA","KHDRBS1","ARHGAP31"
"RXRA","ARRB2","ARHGAP31"
"RXRA","DAXX","ARHGAP31"
"RXRA","PSEN1","ARHGAP31"
"RXRA","CD28","ARHGAP31"
"RXRA","INPP5D","ARHGAP31"
"RXRA","PIK3R1","ARHGAP31"
"RXRA","CCNE1","ARHGAP31"
"RXRA","NF2","ARHGAP31"
"RXRA","RUNX1","ARHGAP31"
"RXRA","MDC1","ARHGAP31"
"RXRA","AKAP11","ARHGAP31"
"RXRA","YY1","ARHGAP31"
"RXRA","RCAN1","ARHGAP31"
"RXRA","MRE11","ARHGAP31"
"RXRA","FRAT1","ARHGAP31"
"RXRA","PPP1R8","ARHGAP31"
"RXRA","ROR2","ARHGAP31"
"RXRA","ABI1","ARHGAP31"
"RXRA","PCBP2","ARHGAP31"
"RXRA","E2F1","ARHGAP31"
"RXRA","LRP6","ARHGAP31"
"RXRA","GRB14","ARHGAP31"
"RXRA","SPEN","ARHGAP31"
"RXRA","TIAM1","ARHGAP31"
"RXRA","NOTCH2","ARHGAP31"
"RXRA","APC","ARHGAP31"
"RXRA","DYNLL1","ARHGAP31"
"RXRA","STAT2","ARHGAP31"
"RXRA","PLCG2","ARHGAP31"
"RXRA","MAPK3","HECTD3"
"RXRA","MAPK8","HECTD3"
"RXRA","STK3/4","HECTD3"
"RXRA","PRKCD","HECTD3"
"RXRA","ACP1","HECTD3"
"RXRA","CSNK2A1","HECTD3"
"RXRA","RPS6K","HECTD3"
"RXRA","Gbeta","HECTD3"
"RXRA","LCK","HECTD3"
"RXRA","ABL1","HECTD3"
"RXRA","CHEK1","HECTD3"
"RXRA","EIF2AK2","HECTD3"
"RXRA","RPS6KA1","HECTD3"
"RXRA","STK3","HECTD3"
"RXRA","AKT","HECTD3"
"RXRA","MAPK9","HECTD3"
"RXRA","PPP1R1B","HECTD3"
"RXRA","MAP3K4","HECTD3"
"RXRA","MAPKAPK2","HECTD3"
"RXRA","ITK","HECTD3"
"RXRA","mTORC1","HECTD3"
"RXRA","PHLPP1","HECTD3"
"RXRA","CCAR2","HECTD3"
"RXRA","NCOR2","HECTD3"
"RXRA","CDK3","HECTD3"
"RXRA","DEF6","HECTD3"
"RXRA","NBR1","HECTD3"
"RXRA","CAMKK2","HECTD3"
"RXRA","CRK","HECTD3"
"RXRA","SHC1","HECTD3"
"RXRA","CCNO","HECTD3"
"RXRA","AXIN1","HECTD3"
"RXRA","CDKN1B","HECTD3"
"RXRA","SKP2","HECTD3"
"RXRA","FLNA","HECTD3"
"RXRA","GAB1","HECTD3"
"RXRA","GRIPAP1","HECTD3"
"RXRA","GRIP1","HECTD3"
"RXRA","KHDRBS1","HECTD3"
"RXRA","ARRB2","HECTD3"
"RXRA","DAXX","HECTD3"
"RXRA","PSEN1","HECTD3"
"RXRA","CD28","HECTD3"
"RXRA","INPP5D","HECTD3"
"RXRA","PIK3R1","HECTD3"
"RXRA","CCNE1","HECTD3"
"RXRA","NF2","HECTD3"
"RXRA","RUNX1","HECTD3"
"RXRA","MDC1","HECTD3"
"RXRA","AKAP11","HECTD3"
"RXRA","YY1","HECTD3"
"RXRA","RCAN1","HECTD3"
"RXRA","MRE11","HECTD3"
"RXRA","FRAT1","HECTD3"
"RXRA","PPP1R8","HECTD3"
"RXRA","ROR2","HECTD3"
"RXRA","ABI1","HECTD3"
"RXRA","PCBP2","HECTD3"
"RXRA","E2F1","HECTD3"
"RXRA","LRP6","HECTD3"
"RXRA","GRB14","HECTD3"
"RXRA","SPEN","HECTD3"
"RXRA","TIAM1","HECTD3"
"RXRA","NOTCH2","HECTD3"
"RXRA","APC","HECTD3"
"RXRA","DYNLL1","HECTD3"
"RXRA","STAT2","HECTD3"
"RXRA","PLCG2","HECTD3"
"RXRA","MAPK3","PACS1"
"RXRA","MAPK8","PACS1"
"RXRA","STK3/4","PACS1"
"RXRA","PRKCD","PACS1"
"RXRA","ACP1","PACS1"
"RXRA","RPS6K","PACS1"
"RXRA","Gbeta","PACS1"
"RXRA","LCK","PACS1"
"RXRA","ABL1","PACS1"
"RXRA","CHEK1","PACS1"
"RXRA","EIF2AK2","PACS1"
"RXRA","RPS6KA1","PACS1"
"RXRA","STK3","PACS1"
"RXRA","AKT","PACS1"
"RXRA","MAPK9","PACS1"
"RXRA","PPP1R1B","PACS1"
"RXRA","MAP3K4","PACS1"
"RXRA","MAPKAPK2","PACS1"
"RXRA","ITK","PACS1"
"RXRA","mTORC1","PACS1"
"RXRA","PHLPP1","PACS1"
"RXRA","CCAR2","PACS1"
"RXRA","NCOR2","PACS1"
"RXRA","CDK3","PACS1"
"RXRA","DEF6","PACS1"
"RXRA","NBR1","PACS1"
"RXRA","CAMKK2","PACS1"
"RXRA","CRK","PACS1"
"RXRA","SHC1","PACS1"
"RXRA","CCNO","PACS1"
"RXRA","AXIN1","PACS1"
"RXRA","CDKN1B","PACS1"
"RXRA","SKP2","PACS1"
"RXRA","FLNA","PACS1"
"RXRA","GAB1","PACS1"
"RXRA","GRIPAP1","PACS1"
"RXRA","GRIP1","PACS1"
"RXRA","KHDRBS1","PACS1"
"RXRA","ARRB2","PACS1"
"RXRA","DAXX","PACS1"
"RXRA","PSEN1","PACS1"
"RXRA","CD28","PACS1"
"RXRA","INPP5D","PACS1"
"RXRA","PIK3R1","PACS1"
"RXRA","CCNE1","PACS1"
"RXRA","NF2","PACS1"
"RXRA","RUNX1","PACS1"
"RXRA","MDC1","PACS1"
"RXRA","AKAP11","PACS1"
"RXRA","YY1","PACS1"
"RXRA","RCAN1","PACS1"
"RXRA","MRE11","PACS1"
"RXRA","FRAT1","PACS1"
"RXRA","PPP1R8","PACS1"
"RXRA","ROR2","PACS1"
"RXRA","ABI1","PACS1"
"RXRA","PCBP2","PACS1"
"RXRA","E2F1","PACS1"
"RXRA","LRP6","PACS1"
"RXRA","GRB14","PACS1"
"RXRA","SPEN","PACS1"
"RXRA","TIAM1","PACS1"
"RXRA","NOTCH2","PACS1"
"RXRA","APC","PACS1"
"RXRA","DYNLL1","PACS1"
"RXRA","STAT2","PACS1"
"RXRA","PLCG2","PACS1"
"RXRA","MAPK3","RBM38"
"RXRA","MAPK8","RBM38"
"RXRA","STK3/4","RBM38"
"RXRA","PRKCD","RBM38"
"RXRA","ACP1","RBM38"
"RXRA","CSNK2A1","RBM38"
"RXRA","RPS6K","RBM38"
"RXRA","Gbeta","RBM38"
"RXRA","LCK","RBM38"
"RXRA","ABL1","RBM38"
"RXRA","CHEK1","RBM38"
"RXRA","EIF2AK2","RBM38"
"RXRA","RPS6KA1","RBM38"
"RXRA","STK3","RBM38"
"RXRA","AKT","RBM38"
"RXRA","MAPK9","RBM38"
"RXRA","PPP1R1B","RBM38"
"RXRA","MAP3K4","RBM38"
"RXRA","MAPKAPK2","RBM38"
"RXRA","ITK","RBM38"
"RXRA","mTORC1","RBM38"
"RXRA","PHLPP1","RBM38"
"RXRA","CCAR2","RBM38"
"RXRA","NCOR2","RBM38"
"RXRA","CDK3","RBM38"
"RXRA","DEF6","RBM38"
"RXRA","NBR1","RBM38"
"RXRA","CAMKK2","RBM38"
"RXRA","CRK","RBM38"
"RXRA","SHC1","RBM38"
"RXRA","CCNO","RBM38"
"RXRA","AXIN1","RBM38"
"RXRA","CDKN1B","RBM38"
"RXRA","SKP2","RBM38"
"RXRA","FLNA","RBM38"
"RXRA","GAB1","RBM38"
"RXRA","GRIPAP1","RBM38"
"RXRA","GRIP1","RBM38"
"RXRA","KHDRBS1","RBM38"
"RXRA","ARRB2","RBM38"
"RXRA","DAXX","RBM38"
"RXRA","PSEN1","RBM38"
"RXRA","CD28","RBM38"
"RXRA","INPP5D","RBM38"
"RXRA","PIK3R1","RBM38"
"RXRA","CCNE1","RBM38"
"RXRA","NF2","RBM38"
"RXRA","RUNX1","RBM38"
"RXRA","MDC1","RBM38"
"RXRA","AKAP11","RBM38"
"RXRA","YY1","RBM38"
"RXRA","RCAN1","RBM38"
"RXRA","MRE11","RBM38"
"RXRA","FRAT1","RBM38"
"RXRA","PPP1R8","RBM38"
"RXRA","ROR2","RBM38"
"RXRA","ABI1","RBM38"
"RXRA","PCBP2","RBM38"
"RXRA","E2F1","RBM38"
"RXRA","LRP6","RBM38"
"RXRA","GRB14","RBM38"
"RXRA","SPEN","RBM38"
"RXRA","TIAM1","RBM38"
"RXRA","NOTCH2","RBM38"
"RXRA","APC","RBM38"
"RXRA","DYNLL1","RBM38"
"RXRA","STAT2","RBM38"
"RXRA","PLCG2","RBM38"
"RXRA","MAPK3","EIF2B3"
"RXRA","MAPK8","EIF2B3"
"RXRA","STK3/4","EIF2B3"
"RXRA","PRKCD","EIF2B3"
"RXRA","ACP1","EIF2B3"
"RXRA","CSNK2A1","EIF2B3"
"RXRA","RPS6K","EIF2B3"
"RXRA","Gbeta","EIF2B3"
"RXRA","LCK","EIF2B3"
"RXRA","ABL1","EIF2B3"
"RXRA","CHEK1","EIF2B3"
"RXRA","EIF2AK2","EIF2B3"
"RXRA","RPS6KA1","EIF2B3"
"RXRA","STK3","EIF2B3"
"RXRA","AKT","EIF2B3"
"RXRA","MAPK9","EIF2B3"
"RXRA","PPP1R1B","EIF2B3"
"RXRA","MAP3K4","EIF2B3"
"RXRA","MAPKAPK2","EIF2B3"
"RXRA","ITK","EIF2B3"
"RXRA","mTORC1","EIF2B3"
"RXRA","PHLPP1","EIF2B3"
"RXRA","CCAR2","EIF2B3"
"RXRA","NCOR2","EIF2B3"
"RXRA","CDK3","EIF2B3"
"RXRA","DEF6","EIF2B3"
"RXRA","NBR1","EIF2B3"
"RXRA","CAMKK2","EIF2B3"
"RXRA","CRK","EIF2B3"
"RXRA","SHC1","EIF2B3"
"RXRA","CCNO","EIF2B3"
"RXRA","AXIN1","EIF2B3"
"RXRA","CDKN1B","EIF2B3"
"RXRA","SKP2","EIF2B3"
"RXRA","FLNA","EIF2B3"
"RXRA","GAB1","EIF2B3"
"RXRA","GRIPAP1","EIF2B3"
"RXRA","GRIP1","EIF2B3"
"RXRA","KHDRBS1","EIF2B3"
"RXRA","ARRB2","EIF2B3"
"RXRA","DAXX","EIF2B3"
"RXRA","PSEN1","EIF2B3"
"RXRA","CD28","EIF2B3"
"RXRA","INPP5D","EIF2B3"
"RXRA","PIK3R1","EIF2B3"
"RXRA","CCNE1","EIF2B3"
"RXRA","NF2","EIF2B3"
"RXRA","RUNX1","EIF2B3"
"RXRA","MDC1","EIF2B3"
"RXRA","AKAP11","EIF2B3"
"RXRA","YY1","EIF2B3"
"RXRA","RCAN1","EIF2B3"
"RXRA","MRE11","EIF2B3"
"RXRA","FRAT1","EIF2B3"
"RXRA","PPP1R8","EIF2B3"
"RXRA","ROR2","EIF2B3"
"RXRA","ABI1","EIF2B3"
"RXRA","PCBP2","EIF2B3"
"RXRA","E2F1","EIF2B3"
"RXRA","LRP6","EIF2B3"
"RXRA","GRB14","EIF2B3"
"RXRA","SPEN","EIF2B3"
"RXRA","TIAM1","EIF2B3"
"RXRA","NOTCH2","EIF2B3"
"RXRA","APC","EIF2B3"
"RXRA","DYNLL1","EIF2B3"
"RXRA","STAT2","EIF2B3"
"RXRA","PLCG2","EIF2B3"
"RXRA","MAPK3","ANP32B"
"RXRA","MAPK8","ANP32B"
"RXRA","STK3/4","ANP32B"
"RXRA","PRKCD","ANP32B"
"RXRA","ACP1","ANP32B"
"RXRA","RPS6K","ANP32B"
"RXRA","Gbeta","ANP32B"
"RXRA","LCK","ANP32B"
"RXRA","ABL1","ANP32B"
"RXRA","CHEK1","ANP32B"
"RXRA","EIF2AK2","ANP32B"
"RXRA","RPS6KA1","ANP32B"
"RXRA","STK3","ANP32B"
"RXRA","AKT","ANP32B"
"RXRA","MAPK9","ANP32B"
"RXRA","PPP1R1B","ANP32B"
"RXRA","MAP3K4","ANP32B"
"RXRA","MAPKAPK2","ANP32B"
"RXRA","ITK","ANP32B"
"RXRA","mTORC1","ANP32B"
"RXRA","PHLPP1","ANP32B"
"RXRA","CCAR2","ANP32B"
"RXRA","NCOR2","ANP32B"
"RXRA","CDK3","ANP32B"
"RXRA","DEF6","ANP32B"
"RXRA","NBR1","ANP32B"
"RXRA","CAMKK2","ANP32B"
"RXRA","CRK","ANP32B"
"RXRA","SHC1","ANP32B"
"RXRA","CCNO","ANP32B"
"RXRA","AXIN1","ANP32B"
"RXRA","CDKN1B","ANP32B"
"RXRA","SKP2","ANP32B"
"RXRA","FLNA","ANP32B"
"RXRA","GAB1","ANP32B"
"RXRA","GRIPAP1","ANP32B"
"RXRA","GRIP1","ANP32B"
"RXRA","KHDRBS1","ANP32B"
"RXRA","ARRB2","ANP32B"
"RXRA","DAXX","ANP32B"
"RXRA","PSEN1","ANP32B"
"RXRA","CD28","ANP32B"
"RXRA","INPP5D","ANP32B"
"RXRA","PIK3R1","ANP32B"
"RXRA","CCNE1","ANP32B"
"RXRA","NF2","ANP32B"
"RXRA","RUNX1","ANP32B"
"RXRA","MDC1","ANP32B"
"RXRA","AKAP11","ANP32B"
"RXRA","YY1","ANP32B"
"RXRA","RCAN1","ANP32B"
"RXRA","MRE11","ANP32B"
"RXRA","FRAT1","ANP32B"
"RXRA","PPP1R8","ANP32B"
"RXRA","ROR2","ANP32B"
"RXRA","ABI1","ANP32B"
"RXRA","PCBP2","ANP32B"
"RXRA","E2F1","ANP32B"
"RXRA","LRP6","ANP32B"
"RXRA","GRB14","ANP32B"
"RXRA","SPEN","ANP32B"
"RXRA","TIAM1","ANP32B"
"RXRA","NOTCH2","ANP32B"
"RXRA","APC","ANP32B"
"RXRA","DYNLL1","ANP32B"
"RXRA","STAT2","ANP32B"
"RXRA","PLCG2","ANP32B"
"RXRA","MAPK3","UBE2A"
"RXRA","MAPK8","UBE2A"
"RXRA","STK3/4","UBE2A"
"RXRA","PRKCD","UBE2A"
"RXRA","ACP1","UBE2A"
"RXRA","CSNK2A1","UBE2A"
"RXRA","RPS6K","UBE2A"
"RXRA","Gbeta","UBE2A"
"RXRA","LCK","UBE2A"
"RXRA","ABL1","UBE2A"
"RXRA","CHEK1","UBE2A"
"RXRA","EIF2AK2","UBE2A"
"RXRA","RPS6KA1","UBE2A"
"RXRA","STK3","UBE2A"
"RXRA","AKT","UBE2A"
"RXRA","MAPK9","UBE2A"
"RXRA","PPP1R1B","UBE2A"
"RXRA","MAP3K4","UBE2A"
"RXRA","MAPKAPK2","UBE2A"
"RXRA","ITK","UBE2A"
"RXRA","mTORC1","UBE2A"
"RXRA","PHLPP1","UBE2A"
"RXRA","CCAR2","UBE2A"
"RXRA","NCOR2","UBE2A"
"RXRA","CDK3","UBE2A"
"RXRA","DEF6","UBE2A"
"RXRA","NBR1","UBE2A"
"RXRA","CAMKK2","UBE2A"
"RXRA","CRK","UBE2A"
"RXRA","SHC1","UBE2A"
"RXRA","CCNO","UBE2A"
"RXRA","AXIN1","UBE2A"
"RXRA","CDKN1B","UBE2A"
"RXRA","SKP2","UBE2A"
"RXRA","FLNA","UBE2A"
"RXRA","GAB1","UBE2A"
"RXRA","GRIPAP1","UBE2A"
"RXRA","GRIP1","UBE2A"
"RXRA","KHDRBS1","UBE2A"
"RXRA","ARRB2","UBE2A"
"RXRA","DAXX","UBE2A"
"RXRA","PSEN1","UBE2A"
"RXRA","CD28","UBE2A"
"RXRA","INPP5D","UBE2A"
"RXRA","PIK3R1","UBE2A"
"RXRA","CCNE1","UBE2A"
"RXRA","NF2","UBE2A"
"RXRA","RUNX1","UBE2A"
"RXRA","MDC1","UBE2A"
"RXRA","AKAP11","UBE2A"
"RXRA","YY1","UBE2A"
"RXRA","RCAN1","UBE2A"
"RXRA","MRE11","UBE2A"
"RXRA","FRAT1","UBE2A"
"RXRA","PPP1R8","UBE2A"
"RXRA","ROR2","UBE2A"
"RXRA","ABI1","UBE2A"
"RXRA","PCBP2","UBE2A"
"RXRA","E2F1","UBE2A"
"RXRA","LRP6","UBE2A"
"RXRA","GRB14","UBE2A"
"RXRA","SPEN","UBE2A"
"RXRA","TIAM1","UBE2A"
"RXRA","NOTCH2","UBE2A"
"RXRA","APC","UBE2A"
"RXRA","DYNLL1","UBE2A"
"RXRA","STAT2","UBE2A"
"RXRA","PLCG2","UBE2A"
"RXRA","MAPK3","LPCAT2"
"RXRA","MAPK8","LPCAT2"
"RXRA","STK3/4","LPCAT2"
"RXRA","PRKCD","LPCAT2"
"RXRA","ACP1","LPCAT2"
"RXRA","CSNK2A1","LPCAT2"
"RXRA","RPS6K","LPCAT2"
"RXRA","Gbeta","LPCAT2"
"RXRA","LCK","LPCAT2"
"RXRA","ABL1","LPCAT2"
"RXRA","CHEK1","LPCAT2"
"RXRA","EIF2AK2","LPCAT2"
"RXRA","RPS6KA1","LPCAT2"
"RXRA","STK3","LPCAT2"
"RXRA","AKT","LPCAT2"
"RXRA","MAPK9","LPCAT2"
"RXRA","PPP1R1B","LPCAT2"
"RXRA","MAP3K4","LPCAT2"
"RXRA","ITK","LPCAT2"
"RXRA","mTORC1","LPCAT2"
"RXRA","PHLPP1","LPCAT2"
"RXRA","CCAR2","LPCAT2"
"RXRA","NCOR2","LPCAT2"
"RXRA","CDK3","LPCAT2"
"RXRA","DEF6","LPCAT2"
"RXRA","NBR1","LPCAT2"
"RXRA","CAMKK2","LPCAT2"
"RXRA","CRK","LPCAT2"
"RXRA","SHC1","LPCAT2"
"RXRA","CCNO","LPCAT2"
"RXRA","AXIN1","LPCAT2"
"RXRA","CDKN1B","LPCAT2"
"RXRA","SKP2","LPCAT2"
"RXRA","FLNA","LPCAT2"
"RXRA","GAB1","LPCAT2"
"RXRA","GRIPAP1","LPCAT2"
"RXRA","GRIP1","LPCAT2"
"RXRA","KHDRBS1","LPCAT2"
"RXRA","ARRB2","LPCAT2"
"RXRA","DAXX","LPCAT2"
"RXRA","PSEN1","LPCAT2"
"RXRA","CD28","LPCAT2"
"RXRA","INPP5D","LPCAT2"
"RXRA","PIK3R1","LPCAT2"
"RXRA","CCNE1","LPCAT2"
"RXRA","NF2","LPCAT2"
"RXRA","RUNX1","LPCAT2"
"RXRA","MDC1","LPCAT2"
"RXRA","AKAP11","LPCAT2"
"RXRA","YY1","LPCAT2"
"RXRA","RCAN1","LPCAT2"
"RXRA","MRE11","LPCAT2"
"RXRA","FRAT1","LPCAT2"
"RXRA","PPP1R8","LPCAT2"
"RXRA","ROR2","LPCAT2"
"RXRA","ABI1","LPCAT2"
"RXRA","PCBP2","LPCAT2"
"RXRA","E2F1","LPCAT2"
"RXRA","LRP6","LPCAT2"
"RXRA","GRB14","LPCAT2"
"RXRA","SPEN","LPCAT2"
"RXRA","TIAM1","LPCAT2"
"RXRA","NOTCH2","LPCAT2"
"RXRA","APC","LPCAT2"
"RXRA","DYNLL1","LPCAT2"
"RXRA","STAT2","LPCAT2"
"RXRA","PLCG2","LPCAT2"
"RXRA","MAPK3","DIAPH1"
"RXRA","MAPK8","DIAPH1"
"RXRA","STK3/4","DIAPH1"
"RXRA","PRKCD","DIAPH1"
"RXRA","ACP1","DIAPH1"
"RXRA","CSNK2A1","DIAPH1"
"RXRA","RPS6K","DIAPH1"
"RXRA","Gbeta","DIAPH1"
"RXRA","LCK","DIAPH1"
"RXRA","ABL1","DIAPH1"
"RXRA","CHEK1","DIAPH1"
"RXRA","EIF2AK2","DIAPH1"
"RXRA","RPS6KA1","DIAPH1"
"RXRA","STK3","DIAPH1"
"RXRA","AKT","DIAPH1"
"RXRA","MAPK9","DIAPH1"
"RXRA","PPP1R1B","DIAPH1"
"RXRA","MAP3K4","DIAPH1"
"RXRA","MAPKAPK2","DIAPH1"
"RXRA","ITK","DIAPH1"
"RXRA","mTORC1","DIAPH1"
"RXRA","PHLPP1","DIAPH1"
"RXRA","CCAR2","DIAPH1"
"RXRA","NCOR2","DIAPH1"
"RXRA","CDK3","DIAPH1"
"RXRA","DEF6","DIAPH1"
"RXRA","NBR1","DIAPH1"
"RXRA","CAMKK2","DIAPH1"
"RXRA","CRK","DIAPH1"
"RXRA","SHC1","DIAPH1"
"RXRA","CCNO","DIAPH1"
"RXRA","AXIN1","DIAPH1"
"RXRA","CDKN1B","DIAPH1"
"RXRA","SKP2","DIAPH1"
"RXRA","FLNA","DIAPH1"
"RXRA","GAB1","DIAPH1"
"RXRA","GRIPAP1","DIAPH1"
"RXRA","GRIP1","DIAPH1"
"RXRA","KHDRBS1","DIAPH1"
"RXRA","ARRB2","DIAPH1"
"RXRA","DAXX","DIAPH1"
"RXRA","PSEN1","DIAPH1"
"RXRA","CD28","DIAPH1"
"RXRA","INPP5D","DIAPH1"
"RXRA","PIK3R1","DIAPH1"
"RXRA","CCNE1","DIAPH1"
"RXRA","NF2","DIAPH1"
"RXRA","RUNX1","DIAPH1"
"RXRA","MDC1","DIAPH1"
"RXRA","AKAP11","DIAPH1"
"RXRA","YY1","DIAPH1"
"RXRA","RCAN1","DIAPH1"
"RXRA","MRE11","DIAPH1"
"RXRA","FRAT1","DIAPH1"
"RXRA","PPP1R8","DIAPH1"
"RXRA","ROR2","DIAPH1"
"RXRA","ABI1","DIAPH1"
"RXRA","PCBP2","DIAPH1"
"RXRA","E2F1","DIAPH1"
"RXRA","LRP6","DIAPH1"
"RXRA","GRB14","DIAPH1"
"RXRA","SPEN","DIAPH1"
"RXRA","TIAM1","DIAPH1"
"RXRA","NOTCH2","DIAPH1"
"RXRA","APC","DIAPH1"
"RXRA","DYNLL1","DIAPH1"
"RXRA","STAT2","DIAPH1"
"RXRA","PLCG2","DIAPH1"
"RXRA","MAPK3","VAMP4"
"RXRA","MAPK8","VAMP4"
"RXRA","STK3/4","VAMP4"
"RXRA","PRKCD","VAMP4"
"RXRA","ACP1","VAMP4"
"RXRA","RPS6K","VAMP4"
"RXRA","Gbeta","VAMP4"
"RXRA","LCK","VAMP4"
"RXRA","ABL1","VAMP4"
"RXRA","CHEK1","VAMP4"
"RXRA","EIF2AK2","VAMP4"
"RXRA","RPS6KA1","VAMP4"
"RXRA","STK3","VAMP4"
"RXRA","AKT","VAMP4"
"RXRA","MAPK9","VAMP4"
"RXRA","PPP1R1B","VAMP4"
"RXRA","MAP3K4","VAMP4"
"RXRA","MAPKAPK2","VAMP4"
"RXRA","ITK","VAMP4"
"RXRA","mTORC1","VAMP4"
"RXRA","PHLPP1","VAMP4"
"RXRA","CCAR2","VAMP4"
"RXRA","NCOR2","VAMP4"
"RXRA","CDK3","VAMP4"
"RXRA","DEF6","VAMP4"
"RXRA","NBR1","VAMP4"
"RXRA","CAMKK2","VAMP4"
"RXRA","CRK","VAMP4"
"RXRA","SHC1","VAMP4"
"RXRA","CCNO","VAMP4"
"RXRA","AXIN1","VAMP4"
"RXRA","CDKN1B","VAMP4"
"RXRA","SKP2","VAMP4"
"RXRA","FLNA","VAMP4"
"RXRA","GAB1","VAMP4"
"RXRA","GRIPAP1","VAMP4"
"RXRA","GRIP1","VAMP4"
"RXRA","KHDRBS1","VAMP4"
"RXRA","ARRB2","VAMP4"
"RXRA","DAXX","VAMP4"
"RXRA","PSEN1","VAMP4"
"RXRA","CD28","VAMP4"
"RXRA","INPP5D","VAMP4"
"RXRA","PIK3R1","VAMP4"
"RXRA","CCNE1","VAMP4"
"RXRA","NF2","VAMP4"
"RXRA","RUNX1","VAMP4"
"RXRA","MDC1","VAMP4"
"RXRA","AKAP11","VAMP4"
"RXRA","YY1","VAMP4"
"RXRA","RCAN1","VAMP4"
"RXRA","MRE11","VAMP4"
"RXRA","FRAT1","VAMP4"
"RXRA","PPP1R8","VAMP4"
"RXRA","ROR2","VAMP4"
"RXRA","ABI1","VAMP4"
"RXRA","PCBP2","VAMP4"
"RXRA","E2F1","VAMP4"
"RXRA","LRP6","VAMP4"
"RXRA","GRB14","VAMP4"
"RXRA","SPEN","VAMP4"
"RXRA","TIAM1","VAMP4"
"RXRA","NOTCH2","VAMP4"
"RXRA","APC","VAMP4"
"RXRA","DYNLL1","VAMP4"
"RXRA","STAT2","VAMP4"
"RXRA","PLCG2","VAMP4"
"RXRA","MAPK3","PDCD5"
"RXRA","MAPK8","PDCD5"
"RXRA","STK3/4","PDCD5"
"RXRA","PRKCD","PDCD5"
"RXRA","ACP1","PDCD5"
"RXRA","RPS6K","PDCD5"
"RXRA","Gbeta","PDCD5"
"RXRA","LCK","PDCD5"
"RXRA","ABL1","PDCD5"
"RXRA","CHEK1","PDCD5"
"RXRA","EIF2AK2","PDCD5"
"RXRA","RPS6KA1","PDCD5"
"RXRA","STK3","PDCD5"
"RXRA","AKT","PDCD5"
"RXRA","MAPK9","PDCD5"
"RXRA","PPP1R1B","PDCD5"
"RXRA","MAP3K4","PDCD5"
"RXRA","MAPKAPK2","PDCD5"
"RXRA","ITK","PDCD5"
"RXRA","mTORC1","PDCD5"
"RXRA","PHLPP1","PDCD5"
"RXRA","CCAR2","PDCD5"
"RXRA","NCOR2","PDCD5"
"RXRA","CDK3","PDCD5"
"RXRA","DEF6","PDCD5"
"RXRA","NBR1","PDCD5"
"RXRA","CAMKK2","PDCD5"
"RXRA","CRK","PDCD5"
"RXRA","SHC1","PDCD5"
"RXRA","CCNO","PDCD5"
"RXRA","AXIN1","PDCD5"
"RXRA","CDKN1B","PDCD5"
"RXRA","SKP2","PDCD5"
"RXRA","FLNA","PDCD5"
"RXRA","GAB1","PDCD5"
"RXRA","GRIPAP1","PDCD5"
"RXRA","GRIP1","PDCD5"
"RXRA","KHDRBS1","PDCD5"
"RXRA","ARRB2","PDCD5"
"RXRA","DAXX","PDCD5"
"RXRA","PSEN1","PDCD5"
"RXRA","CD28","PDCD5"
"RXRA","INPP5D","PDCD5"
"RXRA","PIK3R1","PDCD5"
"RXRA","CCNE1","PDCD5"
"RXRA","NF2","PDCD5"
"RXRA","RUNX1","PDCD5"
"RXRA","MDC1","PDCD5"
"RXRA","AKAP11","PDCD5"
"RXRA","YY1","PDCD5"
"RXRA","RCAN1","PDCD5"
"RXRA","MRE11","PDCD5"
"RXRA","FRAT1","PDCD5"
"RXRA","PPP1R8","PDCD5"
"RXRA","ROR2","PDCD5"
"RXRA","ABI1","PDCD5"
"RXRA","PCBP2","PDCD5"
"RXRA","E2F1","PDCD5"
"RXRA","LRP6","PDCD5"
"RXRA","GRB14","PDCD5"
"RXRA","SPEN","PDCD5"
"RXRA","TIAM1","PDCD5"
"RXRA","NOTCH2","PDCD5"
"RXRA","APC","PDCD5"
"RXRA","DYNLL1","PDCD5"
"RXRA","STAT2","PDCD5"
"RXRA","PLCG2","PDCD5"
"RXRA","MAPK3","PTPRCAP"
"RXRA","MAPK8","PTPRCAP"
"RXRA","STK3/4","PTPRCAP"
"RXRA","PRKCD","PTPRCAP"
"RXRA","ACP1","PTPRCAP"
"RXRA","RPS6K","PTPRCAP"
"RXRA","Gbeta","PTPRCAP"
"RXRA","LCK","PTPRCAP"
"RXRA","ABL1","PTPRCAP"
"RXRA","CHEK1","PTPRCAP"
"RXRA","EIF2AK2","PTPRCAP"
"RXRA","RPS6KA1","PTPRCAP"
"RXRA","STK3","PTPRCAP"
"RXRA","AKT","PTPRCAP"
"RXRA","MAPK9","PTPRCAP"
"RXRA","PPP1R1B","PTPRCAP"
"RXRA","MAP3K4","PTPRCAP"
"RXRA","MAPKAPK2","PTPRCAP"
"RXRA","ITK","PTPRCAP"
"RXRA","mTORC1","PTPRCAP"
"RXRA","PHLPP1","PTPRCAP"
"RXRA","CCAR2","PTPRCAP"
"RXRA","NCOR2","PTPRCAP"
"RXRA","CDK3","PTPRCAP"
"RXRA","DEF6","PTPRCAP"
"RXRA","NBR1","PTPRCAP"
"RXRA","CAMKK2","PTPRCAP"
"RXRA","CRK","PTPRCAP"
"RXRA","SHC1","PTPRCAP"
"RXRA","CCNO","PTPRCAP"
"RXRA","AXIN1","PTPRCAP"
"RXRA","CDKN1B","PTPRCAP"
"RXRA","SKP2","PTPRCAP"
"RXRA","FLNA","PTPRCAP"
"RXRA","GAB1","PTPRCAP"
"RXRA","GRIPAP1","PTPRCAP"
"RXRA","GRIP1","PTPRCAP"
"RXRA","KHDRBS1","PTPRCAP"
"RXRA","ARRB2","PTPRCAP"
"RXRA","DAXX","PTPRCAP"
"RXRA","PSEN1","PTPRCAP"
"RXRA","CD28","PTPRCAP"
"RXRA","INPP5D","PTPRCAP"
"RXRA","PIK3R1","PTPRCAP"
"RXRA","CCNE1","PTPRCAP"
"RXRA","NF2","PTPRCAP"
"RXRA","RUNX1","PTPRCAP"
"RXRA","MDC1","PTPRCAP"
"RXRA","AKAP11","PTPRCAP"
"RXRA","YY1","PTPRCAP"
"RXRA","RCAN1","PTPRCAP"
"RXRA","MRE11","PTPRCAP"
"RXRA","FRAT1","PTPRCAP"
"RXRA","PPP1R8","PTPRCAP"
"RXRA","ROR2","PTPRCAP"
"RXRA","ABI1","PTPRCAP"
"RXRA","PCBP2","PTPRCAP"
"RXRA","E2F1","PTPRCAP"
"RXRA","LRP6","PTPRCAP"
"RXRA","GRB14","PTPRCAP"
"RXRA","SPEN","PTPRCAP"
"RXRA","TIAM1","PTPRCAP"
"RXRA","NOTCH2","PTPRCAP"
"RXRA","APC","PTPRCAP"
"RXRA","DYNLL1","PTPRCAP"
"RXRA","STAT2","PTPRCAP"
"RXRA","PLCG2","PTPRCAP"
"RXRA","MAPK3","SSBP3"
"RXRA","MAPK8","SSBP3"
"RXRA","STK3/4","SSBP3"
"RXRA","PRKCD","SSBP3"
"RXRA","ACP1","SSBP3"
"RXRA","CSNK2A1","SSBP3"
"RXRA","RPS6K","SSBP3"
"RXRA","Gbeta","SSBP3"
"RXRA","ABL1","SSBP3"
"RXRA","CHEK1","SSBP3"
"RXRA","EIF2AK2","SSBP3"
"RXRA","RPS6KA1","SSBP3"
"RXRA","STK3","SSBP3"
"RXRA","AKT","SSBP3"
"RXRA","MAPK9","SSBP3"
"RXRA","PPP1R1B","SSBP3"
"RXRA","MAP3K4","SSBP3"
"RXRA","MAPKAPK2","SSBP3"
"RXRA","ITK","SSBP3"
"RXRA","mTORC1","SSBP3"
"RXRA","PHLPP1","SSBP3"
"RXRA","CCAR2","SSBP3"
"RXRA","NCOR2","SSBP3"
"RXRA","CDK3","SSBP3"
"RXRA","DEF6","SSBP3"
"RXRA","NBR1","SSBP3"
"RXRA","CAMKK2","SSBP3"
"RXRA","CRK","SSBP3"
"RXRA","SHC1","SSBP3"
"RXRA","CCNO","SSBP3"
"RXRA","AXIN1","SSBP3"
"RXRA","CDKN1B","SSBP3"
"RXRA","SKP2","SSBP3"
"RXRA","FLNA","SSBP3"
"RXRA","GAB1","SSBP3"
"RXRA","GRIPAP1","SSBP3"
"RXRA","GRIP1","SSBP3"
"RXRA","KHDRBS1","SSBP3"
"RXRA","ARRB2","SSBP3"
"RXRA","DAXX","SSBP3"
"RXRA","PSEN1","SSBP3"
"RXRA","CD28","SSBP3"
"RXRA","INPP5D","SSBP3"
"RXRA","PIK3R1","SSBP3"
"RXRA","CCNE1","SSBP3"
"RXRA","NF2","SSBP3"
"RXRA","RUNX1","SSBP3"
"RXRA","MDC1","SSBP3"
"RXRA","AKAP11","SSBP3"
"RXRA","YY1","SSBP3"
"RXRA","RCAN1","SSBP3"
"RXRA","MRE11","SSBP3"
"RXRA","FRAT1","SSBP3"
"RXRA","PPP1R8","SSBP3"
"RXRA","ROR2","SSBP3"
"RXRA","ABI1","SSBP3"
"RXRA","PCBP2","SSBP3"
"RXRA","E2F1","SSBP3"
"RXRA","LRP6","SSBP3"
"RXRA","GRB14","SSBP3"
"RXRA","SPEN","SSBP3"
"RXRA","TIAM1","SSBP3"
"RXRA","NOTCH2","SSBP3"
"RXRA","APC","SSBP3"
"RXRA","DYNLL1","SSBP3"
"RXRA","STAT2","SSBP3"
"RXRA","PLCG2","SSBP3"
"RXRA","MAPK8","TRPV3"
"RXRA","STK3/4","TRPV3"
"RXRA","PRKCD","TRPV3"
"RXRA","ACP1","TRPV3"
"RXRA","CSNK2A1","TRPV3"
"RXRA","RPS6K","TRPV3"
"RXRA","Gbeta","TRPV3"
"RXRA","LCK","TRPV3"
"RXRA","ABL1","TRPV3"
"RXRA","CHEK1","TRPV3"
"RXRA","EIF2AK2","TRPV3"
"RXRA","RPS6KA1","TRPV3"
"RXRA","STK3","TRPV3"
"RXRA","AKT","TRPV3"
"RXRA","MAPK9","TRPV3"
"RXRA","PPP1R1B","TRPV3"
"RXRA","MAP3K4","TRPV3"
"RXRA","MAPKAPK2","TRPV3"
"RXRA","ITK","TRPV3"
"RXRA","mTORC1","TRPV3"
"RXRA","PHLPP1","TRPV3"
"RXRA","CCAR2","TRPV3"
"RXRA","NCOR2","TRPV3"
"RXRA","CDK3","TRPV3"
"RXRA","DEF6","TRPV3"
"RXRA","NBR1","TRPV3"
"RXRA","CAMKK2","TRPV3"
"RXRA","CRK","TRPV3"
"RXRA","SHC1","TRPV3"
"RXRA","CCNO","TRPV3"
"RXRA","AXIN1","TRPV3"
"RXRA","CDKN1B","TRPV3"
"RXRA","SKP2","TRPV3"
"RXRA","FLNA","TRPV3"
"RXRA","GAB1","TRPV3"
"RXRA","GRIPAP1","TRPV3"
"RXRA","GRIP1","TRPV3"
"RXRA","KHDRBS1","TRPV3"
"RXRA","ARRB2","TRPV3"
"RXRA","DAXX","TRPV3"
"RXRA","PSEN1","TRPV3"
"RXRA","CD28","TRPV3"
"RXRA","INPP5D","TRPV3"
"RXRA","PIK3R1","TRPV3"
"RXRA","CCNE1","TRPV3"
"RXRA","NF2","TRPV3"
"RXRA","RUNX1","TRPV3"
"RXRA","MDC1","TRPV3"
"RXRA","AKAP11","TRPV3"
"RXRA","YY1","TRPV3"
"RXRA","RCAN1","TRPV3"
"RXRA","MRE11","TRPV3"
"RXRA","FRAT1","TRPV3"
"RXRA","PPP1R8","TRPV3"
"RXRA","ROR2","TRPV3"
"RXRA","ABI1","TRPV3"
"RXRA","PCBP2","TRPV3"
"RXRA","E2F1","TRPV3"
"RXRA","LRP6","TRPV3"
"RXRA","GRB14","TRPV3"
"RXRA","SPEN","TRPV3"
"RXRA","TIAM1","TRPV3"
"RXRA","NOTCH2","TRPV3"
"RXRA","APC","TRPV3"
"RXRA","DYNLL1","TRPV3"
"RXRA","STAT2","TRPV3"
"RXRA","PLCG2","TRPV3"
"RXRA","MAPK3","IFI16"
"RXRA","MAPK8","IFI16"
"RXRA","STK3/4","IFI16"
"RXRA","PRKCD","IFI16"
"RXRA","ACP1","IFI16"
"RXRA","RPS6K","IFI16"
"RXRA","Gbeta","IFI16"
"RXRA","LCK","IFI16"
"RXRA","ABL1","IFI16"
"RXRA","CHEK1","IFI16"
"RXRA","EIF2AK2","IFI16"
"RXRA","RPS6KA1","IFI16"
"RXRA","STK3","IFI16"
"RXRA","AKT","IFI16"
"RXRA","MAPK9","IFI16"
"RXRA","PPP1R1B","IFI16"
"RXRA","MAP3K4","IFI16"
"RXRA","MAPKAPK2","IFI16"
"RXRA","ITK","IFI16"
"RXRA","mTORC1","IFI16"
"RXRA","PHLPP1","IFI16"
"RXRA","CCAR2","IFI16"
"RXRA","NCOR2","IFI16"
"RXRA","CDK3","IFI16"
"RXRA","DEF6","IFI16"
"RXRA","NBR1","IFI16"
"RXRA","CAMKK2","IFI16"
"RXRA","CRK","IFI16"
"RXRA","SHC1","IFI16"
"RXRA","CCNO","IFI16"
"RXRA","AXIN1","IFI16"
"RXRA","CDKN1B","IFI16"
"RXRA","SKP2","IFI16"
"RXRA","FLNA","IFI16"
"RXRA","GAB1","IFI16"
"RXRA","GRIPAP1","IFI16"
"RXRA","GRIP1","IFI16"
"RXRA","KHDRBS1","IFI16"
"RXRA","ARRB2","IFI16"
"RXRA","DAXX","IFI16"
"RXRA","PSEN1","IFI16"
"RXRA","CD28","IFI16"
"RXRA","INPP5D","IFI16"
"RXRA","PIK3R1","IFI16"
"RXRA","CCNE1","IFI16"
"RXRA","NF2","IFI16"
"RXRA","RUNX1","IFI16"
"RXRA","MDC1","IFI16"
"RXRA","AKAP11","IFI16"
"RXRA","YY1","IFI16"
"RXRA","RCAN1","IFI16"
"RXRA","MRE11","IFI16"
"RXRA","FRAT1","IFI16"
"RXRA","PPP1R8","IFI16"
"RXRA","ROR2","IFI16"
"RXRA","ABI1","IFI16"
"RXRA","PCBP2","IFI16"
"RXRA","E2F1","IFI16"
"RXRA","LRP6","IFI16"
"RXRA","GRB14","IFI16"
"RXRA","SPEN","IFI16"
"RXRA","TIAM1","IFI16"
"RXRA","NOTCH2","IFI16"
"RXRA","APC","IFI16"
"RXRA","DYNLL1","IFI16"
"RXRA","STAT2","IFI16"
"RXRA","PLCG2","IFI16"
"RXRA","MAPK3","FCAR"
"RXRA","MAPK8","FCAR"
"RXRA","STK3/4","FCAR"
"RXRA","PRKCD","FCAR"
"RXRA","ACP1","FCAR"
"RXRA","CSNK2A1","FCAR"
"RXRA","RPS6K","FCAR"
"RXRA","Gbeta","FCAR"
"RXRA","LCK","FCAR"
"RXRA","ABL1","FCAR"
"RXRA","CHEK1","FCAR"
"RXRA","EIF2AK2","FCAR"
"RXRA","RPS6KA1","FCAR"
"RXRA","STK3","FCAR"
"RXRA","AKT","FCAR"
"RXRA","MAPK9","FCAR"
"RXRA","PPP1R1B","FCAR"
"RXRA","MAP3K4","FCAR"
"RXRA","MAPKAPK2","FCAR"
"RXRA","ITK","FCAR"
"RXRA","mTORC1","FCAR"
"RXRA","PHLPP1","FCAR"
"RXRA","CCAR2","FCAR"
"RXRA","NCOR2","FCAR"
"RXRA","CDK3","FCAR"
"RXRA","DEF6","FCAR"
"RXRA","NBR1","FCAR"
"RXRA","CAMKK2","FCAR"
"RXRA","CRK","FCAR"
"RXRA","SHC1","FCAR"
"RXRA","CCNO","FCAR"
"RXRA","AXIN1","FCAR"
"RXRA","CDKN1B","FCAR"
"RXRA","SKP2","FCAR"
"RXRA","FLNA","FCAR"
"RXRA","GAB1","FCAR"
"RXRA","GRIPAP1","FCAR"
"RXRA","GRIP1","FCAR"
"RXRA","KHDRBS1","FCAR"
"RXRA","ARRB2","FCAR"
"RXRA","DAXX","FCAR"
"RXRA","PSEN1","FCAR"
"RXRA","CD28","FCAR"
"RXRA","INPP5D","FCAR"
"RXRA","PIK3R1","FCAR"
"RXRA","CCNE1","FCAR"
"RXRA","NF2","FCAR"
"RXRA","RUNX1","FCAR"
"RXRA","MDC1","FCAR"
"RXRA","AKAP11","FCAR"
"RXRA","YY1","FCAR"
"RXRA","RCAN1","FCAR"
"RXRA","MRE11","FCAR"
"RXRA","FRAT1","FCAR"
"RXRA","PPP1R8","FCAR"
"RXRA","ROR2","FCAR"
"RXRA","ABI1","FCAR"
"RXRA","PCBP2","FCAR"
"RXRA","E2F1","FCAR"
"RXRA","LRP6","FCAR"
"RXRA","GRB14","FCAR"
"RXRA","SPEN","FCAR"
"RXRA","TIAM1","FCAR"
"RXRA","NOTCH2","FCAR"
"RXRA","APC","FCAR"
"RXRA","DYNLL1","FCAR"
"RXRA","STAT2","FCAR"
"RXRA","PLCG2","FCAR"
"RXRA","MAPK3","NFE2L1"
"RXRA","MAPK8","NFE2L1"
"RXRA","STK3/4","NFE2L1"
"RXRA","PRKCD","NFE2L1"
"RXRA","ACP1","NFE2L1"
"RXRA","CSNK2A1","NFE2L1"
"RXRA","RPS6K","NFE2L1"
"RXRA","Gbeta","NFE2L1"
"RXRA","LCK","NFE2L1"
"RXRA","ABL1","NFE2L1"
"RXRA","CHEK1","NFE2L1"
"RXRA","EIF2AK2","NFE2L1"
"RXRA","RPS6KA1","NFE2L1"
"RXRA","STK3","NFE2L1"
"RXRA","AKT","NFE2L1"
"RXRA","MAPK9","NFE2L1"
"RXRA","PPP1R1B","NFE2L1"
"RXRA","MAP3K4","NFE2L1"
"RXRA","MAPKAPK2","NFE2L1"
"RXRA","ITK","NFE2L1"
"RXRA","mTORC1","NFE2L1"
"RXRA","PHLPP1","NFE2L1"
"RXRA","CCAR2","NFE2L1"
"RXRA","NCOR2","NFE2L1"
"RXRA","CDK3","NFE2L1"
"RXRA","DEF6","NFE2L1"
"RXRA","NBR1","NFE2L1"
"RXRA","CAMKK2","NFE2L1"
"RXRA","CRK","NFE2L1"
"RXRA","SHC1","NFE2L1"
"RXRA","CCNO","NFE2L1"
"RXRA","AXIN1","NFE2L1"
"RXRA","CDKN1B","NFE2L1"
"RXRA","SKP2","NFE2L1"
"RXRA","FLNA","NFE2L1"
"RXRA","GAB1","NFE2L1"
"RXRA","GRIPAP1","NFE2L1"
"RXRA","GRIP1","NFE2L1"
"RXRA","KHDRBS1","NFE2L1"
"RXRA","ARRB2","NFE2L1"
"RXRA","DAXX","NFE2L1"
"RXRA","PSEN1","NFE2L1"
"RXRA","CD28","NFE2L1"
"RXRA","INPP5D","NFE2L1"
"RXRA","PIK3R1","NFE2L1"
"RXRA","CCNE1","NFE2L1"
"RXRA","NF2","NFE2L1"
"RXRA","RUNX1","NFE2L1"
"RXRA","MDC1","NFE2L1"
"RXRA","AKAP11","NFE2L1"
"RXRA","YY1","NFE2L1"
"RXRA","RCAN1","NFE2L1"
"RXRA","MRE11","NFE2L1"
"RXRA","FRAT1","NFE2L1"
"RXRA","PPP1R8","NFE2L1"
"RXRA","ROR2","NFE2L1"
"RXRA","ABI1","NFE2L1"
"RXRA","PCBP2","NFE2L1"
"RXRA","E2F1","NFE2L1"
"RXRA","LRP6","NFE2L1"
"RXRA","GRB14","NFE2L1"
"RXRA","SPEN","NFE2L1"
"RXRA","TIAM1","NFE2L1"
"RXRA","NOTCH2","NFE2L1"
"RXRA","APC","NFE2L1"
"RXRA","DYNLL1","NFE2L1"
"RXRA","STAT2","NFE2L1"
"RXRA","PLCG2","NFE2L1"
"RXRA","MAPK3","MCM3AP"
"RXRA","MAPK8","MCM3AP"
"RXRA","STK3/4","MCM3AP"
"RXRA","PRKCD","MCM3AP"
"RXRA","ACP1","MCM3AP"
"RXRA","CSNK2A1","MCM3AP"
"RXRA","RPS6K","MCM3AP"
"RXRA","Gbeta","MCM3AP"
"RXRA","LCK","MCM3AP"
"RXRA","ABL1","MCM3AP"
"RXRA","CHEK1","MCM3AP"
"RXRA","EIF2AK2","MCM3AP"
"RXRA","RPS6KA1","MCM3AP"
"RXRA","STK3","MCM3AP"
"RXRA","AKT","MCM3AP"
"RXRA","MAPK9","MCM3AP"
"RXRA","PPP1R1B","MCM3AP"
"RXRA","MAP3K4","MCM3AP"
"RXRA","MAPKAPK2","MCM3AP"
"RXRA","ITK","MCM3AP"
"RXRA","mTORC1","MCM3AP"
"RXRA","PHLPP1","MCM3AP"
"RXRA","CCAR2","MCM3AP"
"RXRA","NCOR2","MCM3AP"
"RXRA","CDK3","MCM3AP"
"RXRA","DEF6","MCM3AP"
"RXRA","NBR1","MCM3AP"
"RXRA","CAMKK2","MCM3AP"
"RXRA","CRK","MCM3AP"
"RXRA","SHC1","MCM3AP"
"RXRA","CCNO","MCM3AP"
"RXRA","AXIN1","MCM3AP"
"RXRA","CDKN1B","MCM3AP"
"RXRA","SKP2","MCM3AP"
"RXRA","FLNA","MCM3AP"
"RXRA","GAB1","MCM3AP"
"RXRA","GRIPAP1","MCM3AP"
"RXRA","GRIP1","MCM3AP"
"RXRA","KHDRBS1","MCM3AP"
"RXRA","ARRB2","MCM3AP"
"RXRA","DAXX","MCM3AP"
"RXRA","PSEN1","MCM3AP"
"RXRA","CD28","MCM3AP"
"RXRA","INPP5D","MCM3AP"
"RXRA","PIK3R1","MCM3AP"
"RXRA","CCNE1","MCM3AP"
"RXRA","NF2","MCM3AP"
"RXRA","RUNX1","MCM3AP"
"RXRA","MDC1","MCM3AP"
"RXRA","AKAP11","MCM3AP"
"RXRA","YY1","MCM3AP"
"RXRA","RCAN1","MCM3AP"
"RXRA","MRE11","MCM3AP"
"RXRA","FRAT1","MCM3AP"
"RXRA","PPP1R8","MCM3AP"
"RXRA","ROR2","MCM3AP"
"RXRA","ABI1","MCM3AP"
"RXRA","PCBP2","MCM3AP"
"RXRA","E2F1","MCM3AP"
"RXRA","LRP6","MCM3AP"
"RXRA","GRB14","MCM3AP"
"RXRA","SPEN","MCM3AP"
"RXRA","TIAM1","MCM3AP"
"RXRA","NOTCH2","MCM3AP"
"RXRA","APC","MCM3AP"
"RXRA","DYNLL1","MCM3AP"
"RXRA","STAT2","MCM3AP"
"RXRA","PLCG2","MCM3AP"
"RXRA","MAPK3","TRIM29"
"RXRA","MAPK8","TRIM29"
"RXRA","STK3/4","TRIM29"
"RXRA","PRKCD","TRIM29"
"RXRA","ACP1","TRIM29"
"RXRA","CSNK2A1","TRIM29"
"RXRA","RPS6K","TRIM29"
"RXRA","Gbeta","TRIM29"
"RXRA","LCK","TRIM29"
"RXRA","ABL1","TRIM29"
"RXRA","CHEK1","TRIM29"
"RXRA","EIF2AK2","TRIM29"
"RXRA","RPS6KA1","TRIM29"
"RXRA","STK3","TRIM29"
"RXRA","AKT","TRIM29"
"RXRA","MAPK9","TRIM29"
"RXRA","PPP1R1B","TRIM29"
"RXRA","MAP3K4","TRIM29"
"RXRA","ITK","TRIM29"
"RXRA","mTORC1","TRIM29"
"RXRA","PHLPP1","TRIM29"
"RXRA","CCAR2","TRIM29"
"RXRA","NCOR2","TRIM29"
"RXRA","CDK3","TRIM29"
"RXRA","DEF6","TRIM29"
"RXRA","NBR1","TRIM29"
"RXRA","CAMKK2","TRIM29"
"RXRA","CRK","TRIM29"
"RXRA","SHC1","TRIM29"
"RXRA","CCNO","TRIM29"
"RXRA","AXIN1","TRIM29"
"RXRA","CDKN1B","TRIM29"
"RXRA","SKP2","TRIM29"
"RXRA","FLNA","TRIM29"
"RXRA","GAB1","TRIM29"
"RXRA","GRIPAP1","TRIM29"
"RXRA","GRIP1","TRIM29"
"RXRA","KHDRBS1","TRIM29"
"RXRA","ARRB2","TRIM29"
"RXRA","DAXX","TRIM29"
"RXRA","PSEN1","TRIM29"
"RXRA","CD28","TRIM29"
"RXRA","INPP5D","TRIM29"
"RXRA","PIK3R1","TRIM29"
"RXRA","CCNE1","TRIM29"
"RXRA","NF2","TRIM29"
"RXRA","RUNX1","TRIM29"
"RXRA","MDC1","TRIM29"
"RXRA","AKAP11","TRIM29"
"RXRA","YY1","TRIM29"
"RXRA","RCAN1","TRIM29"
"RXRA","MRE11","TRIM29"
"RXRA","FRAT1","TRIM29"
"RXRA","PPP1R8","TRIM29"
"RXRA","ROR2","TRIM29"
"RXRA","ABI1","TRIM29"
"RXRA","PCBP2","TRIM29"
"RXRA","E2F1","TRIM29"
"RXRA","LRP6","TRIM29"
"RXRA","GRB14","TRIM29"
"RXRA","SPEN","TRIM29"
"RXRA","TIAM1","TRIM29"
"RXRA","NOTCH2","TRIM29"
"RXRA","APC","TRIM29"
"RXRA","DYNLL1","TRIM29"
"RXRA","STAT2","TRIM29"
"RXRA","PLCG2","TRIM29"
"RXRA","MAPK3","FOSB"
"RXRA","MAPK8","FOSB"
"RXRA","STK3/4","FOSB"
"RXRA","PRKCD","FOSB"
"RXRA","ACP1","FOSB"
"RXRA","RPS6K","FOSB"
"RXRA","Gbeta","FOSB"
"RXRA","LCK","FOSB"
"RXRA","ABL1","FOSB"
"RXRA","CHEK1","FOSB"
"RXRA","EIF2AK2","FOSB"
"RXRA","RPS6KA1","FOSB"
"RXRA","STK3","FOSB"
"RXRA","AKT","FOSB"
"RXRA","MAPK9","FOSB"
"RXRA","PPP1R1B","FOSB"
"RXRA","MAP3K4","FOSB"
"RXRA","MAPKAPK2","FOSB"
"RXRA","ITK","FOSB"
"RXRA","mTORC1","FOSB"
"RXRA","PHLPP1","FOSB"
"RXRA","CCAR2","FOSB"
"RXRA","NCOR2","FOSB"
"RXRA","CDK3","FOSB"
"RXRA","DEF6","FOSB"
"RXRA","NBR1","FOSB"
"RXRA","CAMKK2","FOSB"
"RXRA","CRK","FOSB"
"RXRA","SHC1","FOSB"
"RXRA","CCNO","FOSB"
"RXRA","AXIN1","FOSB"
"RXRA","CDKN1B","FOSB"
"RXRA","SKP2","FOSB"
"RXRA","FLNA","FOSB"
"RXRA","GAB1","FOSB"
"RXRA","GRIPAP1","FOSB"
"RXRA","GRIP1","FOSB"
"RXRA","KHDRBS1","FOSB"
"RXRA","ARRB2","FOSB"
"RXRA","DAXX","FOSB"
"RXRA","PSEN1","FOSB"
"RXRA","CD28","FOSB"
"RXRA","INPP5D","FOSB"
"RXRA","PIK3R1","FOSB"
"RXRA","CCNE1","FOSB"
"RXRA","NF2","FOSB"
"RXRA","RUNX1","FOSB"
"RXRA","MDC1","FOSB"
"RXRA","AKAP11","FOSB"
"RXRA","YY1","FOSB"
"RXRA","RCAN1","FOSB"
"RXRA","MRE11","FOSB"
"RXRA","FRAT1","FOSB"
"RXRA","PPP1R8","FOSB"
"RXRA","ROR2","FOSB"
"RXRA","ABI1","FOSB"
"RXRA","PCBP2","FOSB"
"RXRA","E2F1","FOSB"
"RXRA","LRP6","FOSB"
"RXRA","GRB14","FOSB"
"RXRA","SPEN","FOSB"
"RXRA","TIAM1","FOSB"
"RXRA","NOTCH2","FOSB"
"RXRA","APC","FOSB"
"RXRA","DYNLL1","FOSB"
"RXRA","STAT2","FOSB"
"RXRA","PLCG2","FOSB"
"RXRA","MAPK3","CORO1C"
"RXRA","MAPK8","CORO1C"
"RXRA","STK3/4","CORO1C"
"RXRA","PRKCD","CORO1C"
"RXRA","ACP1","CORO1C"
"RXRA","RPS6K","CORO1C"
"RXRA","Gbeta","CORO1C"
"RXRA","LCK","CORO1C"
"RXRA","ABL1","CORO1C"
"RXRA","CHEK1","CORO1C"
"RXRA","EIF2AK2","CORO1C"
"RXRA","RPS6KA1","CORO1C"
"RXRA","STK3","CORO1C"
"RXRA","AKT","CORO1C"
"RXRA","MAPK9","CORO1C"
"RXRA","PPP1R1B","CORO1C"
"RXRA","MAP3K4","CORO1C"
"RXRA","MAPKAPK2","CORO1C"
"RXRA","ITK","CORO1C"
"RXRA","mTORC1","CORO1C"
"RXRA","PHLPP1","CORO1C"
"RXRA","CCAR2","CORO1C"
"RXRA","NCOR2","CORO1C"
"RXRA","CDK3","CORO1C"
"RXRA","DEF6","CORO1C"
"RXRA","NBR1","CORO1C"
"RXRA","CAMKK2","CORO1C"
"RXRA","CRK","CORO1C"
"RXRA","SHC1","CORO1C"
"RXRA","CCNO","CORO1C"
"RXRA","AXIN1","CORO1C"
"RXRA","CDKN1B","CORO1C"
"RXRA","SKP2","CORO1C"
"RXRA","FLNA","CORO1C"
"RXRA","GAB1","CORO1C"
"RXRA","GRIPAP1","CORO1C"
"RXRA","GRIP1","CORO1C"
"RXRA","KHDRBS1","CORO1C"
"RXRA","ARRB2","CORO1C"
"RXRA","DAXX","CORO1C"
"RXRA","PSEN1","CORO1C"
"RXRA","CD28","CORO1C"
"RXRA","INPP5D","CORO1C"
"RXRA","PIK3R1","CORO1C"
"RXRA","CCNE1","CORO1C"
"RXRA","NF2","CORO1C"
"RXRA","RUNX1","CORO1C"
"RXRA","MDC1","CORO1C"
"RXRA","AKAP11","CORO1C"
"RXRA","YY1","CORO1C"
"RXRA","RCAN1","CORO1C"
"RXRA","MRE11","CORO1C"
"RXRA","FRAT1","CORO1C"
"RXRA","PPP1R8","CORO1C"
"RXRA","ROR2","CORO1C"
"RXRA","ABI1","CORO1C"
"RXRA","PCBP2","CORO1C"
"RXRA","E2F1","CORO1C"
"RXRA","LRP6","CORO1C"
"RXRA","GRB14","CORO1C"
"RXRA","SPEN","CORO1C"
"RXRA","TIAM1","CORO1C"
"RXRA","NOTCH2","CORO1C"
"RXRA","APC","CORO1C"
"RXRA","DYNLL1","CORO1C"
"RXRA","STAT2","CORO1C"
"RXRA","PLCG2","CORO1C"
"RXRA","MAPK3","VDR"
"RXRA","MAPK8","VDR"
"RXRA","STK3/4","VDR"
"RXRA","PRKCD","VDR"
"RXRA","ACP1","VDR"
"RXRA","RPS6K","VDR"
"RXRA","Gbeta","VDR"
"RXRA","LCK","VDR"
"RXRA","ABL1","VDR"
"RXRA","CHEK1","VDR"
"RXRA","EIF2AK2","VDR"
"RXRA","RPS6KA1","VDR"
"RXRA","STK3","VDR"
"RXRA","AKT","VDR"
"RXRA","MAPK9","VDR"
"RXRA","PPP1R1B","VDR"
"RXRA","MAP3K4","VDR"
"RXRA","MAPKAPK2","VDR"
"RXRA","ITK","VDR"
"RXRA","mTORC1","VDR"
"RXRA","PHLPP1","VDR"
"RXRA","CCAR2","VDR"
"RXRA","NCOR2","VDR"
"RXRA","CDK3","VDR"
"RXRA","DEF6","VDR"
"RXRA","NBR1","VDR"
"RXRA","CAMKK2","VDR"
"RXRA","CRK","VDR"
"RXRA","SHC1","VDR"
"RXRA","CCNO","VDR"
"RXRA","AXIN1","VDR"
"RXRA","CDKN1B","VDR"
"RXRA","SKP2","VDR"
"RXRA","FLNA","VDR"
"RXRA","GAB1","VDR"
"RXRA","GRIPAP1","VDR"
"RXRA","GRIP1","VDR"
"RXRA","KHDRBS1","VDR"
"RXRA","ARRB2","VDR"
"RXRA","DAXX","VDR"
"RXRA","PSEN1","VDR"
"RXRA","CD28","VDR"
"RXRA","INPP5D","VDR"
"RXRA","PIK3R1","VDR"
"RXRA","CCNE1","VDR"
"RXRA","NF2","VDR"
"RXRA","RUNX1","VDR"
"RXRA","MDC1","VDR"
"RXRA","AKAP11","VDR"
"RXRA","YY1","VDR"
"RXRA","RCAN1","VDR"
"RXRA","MRE11","VDR"
"RXRA","FRAT1","VDR"
"RXRA","PPP1R8","VDR"
"RXRA","ROR2","VDR"
"RXRA","ABI1","VDR"
"RXRA","PCBP2","VDR"
"RXRA","E2F1","VDR"
"RXRA","LRP6","VDR"
"RXRA","GRB14","VDR"
"RXRA","SPEN","VDR"
"RXRA","TIAM1","VDR"
"RXRA","NOTCH2","VDR"
"RXRA","APC","VDR"
"RXRA","DYNLL1","VDR"
"RXRA","STAT2","VDR"
"RXRA","PLCG2","VDR"
"RXRA","MAPK3","NKX2-5"
"RXRA","MAPK8","NKX2-5"
"RXRA","STK3/4","NKX2-5"
"RXRA","PRKCD","NKX2-5"
"RXRA","ACP1","NKX2-5"
"RXRA","RPS6K","NKX2-5"
"RXRA","Gbeta","NKX2-5"
"RXRA","LCK","NKX2-5"
"RXRA","ABL1","NKX2-5"
"RXRA","CHEK1","NKX2-5"
"RXRA","EIF2AK2","NKX2-5"
"RXRA","RPS6KA1","NKX2-5"
"RXRA","STK3","NKX2-5"
"RXRA","AKT","NKX2-5"
"RXRA","MAPK9","NKX2-5"
"RXRA","PPP1R1B","NKX2-5"
"RXRA","MAP3K4","NKX2-5"
"RXRA","MAPKAPK2","NKX2-5"
"RXRA","ITK","NKX2-5"
"RXRA","mTORC1","NKX2-5"
"RXRA","PHLPP1","NKX2-5"
"RXRA","CCAR2","NKX2-5"
"RXRA","NCOR2","NKX2-5"
"RXRA","CDK3","NKX2-5"
"RXRA","DEF6","NKX2-5"
"RXRA","NBR1","NKX2-5"
"RXRA","CAMKK2","NKX2-5"
"RXRA","CRK","NKX2-5"
"RXRA","SHC1","NKX2-5"
"RXRA","CCNO","NKX2-5"
"RXRA","AXIN1","NKX2-5"
"RXRA","CDKN1B","NKX2-5"
"RXRA","SKP2","NKX2-5"
"RXRA","FLNA","NKX2-5"
"RXRA","GAB1","NKX2-5"
"RXRA","GRIPAP1","NKX2-5"
"RXRA","GRIP1","NKX2-5"
"RXRA","KHDRBS1","NKX2-5"
"RXRA","ARRB2","NKX2-5"
"RXRA","DAXX","NKX2-5"
"RXRA","PSEN1","NKX2-5"
"RXRA","CD28","NKX2-5"
"RXRA","INPP5D","NKX2-5"
"RXRA","PIK3R1","NKX2-5"
"RXRA","CCNE1","NKX2-5"
"RXRA","NF2","NKX2-5"
"RXRA","RUNX1","NKX2-5"
"RXRA","MDC1","NKX2-5"
"RXRA","AKAP11","NKX2-5"
"RXRA","YY1","NKX2-5"
"RXRA","RCAN1","NKX2-5"
"RXRA","MRE11","NKX2-5"
"RXRA","FRAT1","NKX2-5"
"RXRA","PPP1R8","NKX2-5"
"RXRA","ROR2","NKX2-5"
"RXRA","ABI1","NKX2-5"
"RXRA","PCBP2","NKX2-5"
"RXRA","E2F1","NKX2-5"
"RXRA","LRP6","NKX2-5"
"RXRA","GRB14","NKX2-5"
"RXRA","SPEN","NKX2-5"
"RXRA","TIAM1","NKX2-5"
"RXRA","NOTCH2","NKX2-5"
"RXRA","APC","NKX2-5"
"RXRA","DYNLL1","NKX2-5"
"RXRA","STAT2","NKX2-5"
"RXRA","PLCG2","NKX2-5"
"RXRA","STK3/4","NR1H2"
"RXRA","ITK","NR1H2"
"RXRA","CCAR2","NR1H2"
"RXRA","NCOR2","NR1H2"
"RXRA","CDK3","NR1H2"
"RXRA","DEF6","NR1H2"
"RXRA","NBR1","NR1H2"
"RXRA","SHC1","NR1H2"
"RXRA","SKP2","NR1H2"
"RXRA","KHDRBS1","NR1H2"
"RXRA","ARRB2","NR1H2"
"RXRA","CD28","NR1H2"
"RXRA","NF2","NR1H2"
"RXRA","RUNX1","NR1H2"
"RXRA","MDC1","NR1H2"
"RXRA","YY1","NR1H2"
"RXRA","ABI1","NR1H2"
"RXRA","PCBP2","NR1H2"
"RXRA","E2F1","NR1H2"
"RXRA","GRB14","NR1H2"
"RXRA","NOTCH2","NR1H2"
"RXRA","STAT2","NR1H2"
"RXRA","PLCG2","NR1H2"
"RXRA","MAPK3","HACE1"
"RXRA","MAPK8","HACE1"
"RXRA","STK3/4","HACE1"
"RXRA","PRKCD","HACE1"
"RXRA","ACP1","HACE1"
"RXRA","CSNK2A1","HACE1"
"RXRA","RPS6K","HACE1"
"RXRA","Gbeta","HACE1"
"RXRA","LCK","HACE1"
"RXRA","ABL1","HACE1"
"RXRA","CHEK1","HACE1"
"RXRA","EIF2AK2","HACE1"
"RXRA","RPS6KA1","HACE1"
"RXRA","STK3","HACE1"
"RXRA","AKT","HACE1"
"RXRA","MAPK9","HACE1"
"RXRA","PPP1R1B","HACE1"
"RXRA","MAP3K4","HACE1"
"RXRA","MAPKAPK2","HACE1"
"RXRA","ITK","HACE1"
"RXRA","mTORC1","HACE1"
"RXRA","PHLPP1","HACE1"
"RXRA","CCAR2","HACE1"
"RXRA","NCOR2","HACE1"
"RXRA","CDK3","HACE1"
"RXRA","DEF6","HACE1"
"RXRA","NBR1","HACE1"
"RXRA","CAMKK2","HACE1"
"RXRA","CRK","HACE1"
"RXRA","SHC1","HACE1"
"RXRA","CCNO","HACE1"
"RXRA","AXIN1","HACE1"
"RXRA","CDKN1B","HACE1"
"RXRA","SKP2","HACE1"
"RXRA","FLNA","HACE1"
"RXRA","GAB1","HACE1"
"RXRA","GRIPAP1","HACE1"
"RXRA","GRIP1","HACE1"
"RXRA","KHDRBS1","HACE1"
"RXRA","ARRB2","HACE1"
"RXRA","DAXX","HACE1"
"RXRA","PSEN1","HACE1"
"RXRA","CD28","HACE1"
"RXRA","INPP5D","HACE1"
"RXRA","PIK3R1","HACE1"
"RXRA","CCNE1","HACE1"
"RXRA","NF2","HACE1"
"RXRA","RUNX1","HACE1"
"RXRA","MDC1","HACE1"
"RXRA","AKAP11","HACE1"
"RXRA","YY1","HACE1"
"RXRA","RCAN1","HACE1"
"RXRA","MRE11","HACE1"
"RXRA","FRAT1","HACE1"
"RXRA","PPP1R8","HACE1"
"RXRA","ROR2","HACE1"
"RXRA","ABI1","HACE1"
"RXRA","PCBP2","HACE1"
"RXRA","E2F1","HACE1"
"RXRA","LRP6","HACE1"
"RXRA","GRB14","HACE1"
"RXRA","SPEN","HACE1"
"RXRA","TIAM1","HACE1"
"RXRA","NOTCH2","HACE1"
"RXRA","APC","HACE1"
"RXRA","DYNLL1","HACE1"
"RXRA","STAT2","HACE1"
"RXRA","PLCG2","HACE1"
"RXRA","MAPK3","SHOX"
"RXRA","MAPK8","SHOX"
"RXRA","STK3/4","SHOX"
"RXRA","PRKCD","SHOX"
"RXRA","ACP1","SHOX"
"RXRA","RPS6K","SHOX"
"RXRA","Gbeta","SHOX"
"RXRA","LCK","SHOX"
"RXRA","ABL1","SHOX"
"RXRA","CHEK1","SHOX"
"RXRA","EIF2AK2","SHOX"
"RXRA","RPS6KA1","SHOX"
"RXRA","STK3","SHOX"
"RXRA","AKT","SHOX"
"RXRA","MAPK9","SHOX"
"RXRA","PPP1R1B","SHOX"
"RXRA","MAP3K4","SHOX"
"RXRA","MAPKAPK2","SHOX"
"RXRA","ITK","SHOX"
"RXRA","mTORC1","SHOX"
"RXRA","PHLPP1","SHOX"
"RXRA","CCAR2","SHOX"
"RXRA","NCOR2","SHOX"
"RXRA","CDK3","SHOX"
"RXRA","DEF6","SHOX"
"RXRA","NBR1","SHOX"
"RXRA","CAMKK2","SHOX"
"RXRA","CRK","SHOX"
"RXRA","SHC1","SHOX"
"RXRA","CCNO","SHOX"
"RXRA","AXIN1","SHOX"
"RXRA","CDKN1B","SHOX"
"RXRA","SKP2","SHOX"
"RXRA","FLNA","SHOX"
"RXRA","GAB1","SHOX"
"RXRA","GRIPAP1","SHOX"
"RXRA","GRIP1","SHOX"
"RXRA","KHDRBS1","SHOX"
"RXRA","ARRB2","SHOX"
"RXRA","DAXX","SHOX"
"RXRA","PSEN1","SHOX"
"RXRA","CD28","SHOX"
"RXRA","INPP5D","SHOX"
"RXRA","PIK3R1","SHOX"
"RXRA","CCNE1","SHOX"
"RXRA","NF2","SHOX"
"RXRA","RUNX1","SHOX"
"RXRA","MDC1","SHOX"
"RXRA","AKAP11","SHOX"
"RXRA","YY1","SHOX"
"RXRA","RCAN1","SHOX"
"RXRA","MRE11","SHOX"
"RXRA","FRAT1","SHOX"
"RXRA","PPP1R8","SHOX"
"RXRA","ROR2","SHOX"
"RXRA","ABI1","SHOX"
"RXRA","PCBP2","SHOX"
"RXRA","E2F1","SHOX"
"RXRA","LRP6","SHOX"
"RXRA","GRB14","SHOX"
"RXRA","SPEN","SHOX"
"RXRA","TIAM1","SHOX"
"RXRA","NOTCH2","SHOX"
"RXRA","APC","SHOX"
"RXRA","DYNLL1","SHOX"
"RXRA","STAT2","SHOX"
"RXRA","PLCG2","SHOX"
"RXRA","MAPK3","ESR2"
"RXRA","MAPK8","ESR2"
"RXRA","STK3/4","ESR2"
"RXRA","PRKCD","ESR2"
"RXRA","ACP1","ESR2"
"RXRA","CSNK2A1","ESR2"
"RXRA","RPS6K","ESR2"
"RXRA","Gbeta","ESR2"
"RXRA","LCK","ESR2"
"RXRA","ABL1","ESR2"
"RXRA","CHEK1","ESR2"
"RXRA","EIF2AK2","ESR2"
"RXRA","RPS6KA1","ESR2"
"RXRA","STK3","ESR2"
"RXRA","AKT","ESR2"
"RXRA","MAPK9","ESR2"
"RXRA","PPP1R1B","ESR2"
"RXRA","MAP3K4","ESR2"
"RXRA","MAPKAPK2","ESR2"
"RXRA","ITK","ESR2"
"RXRA","mTORC1","ESR2"
"RXRA","PHLPP1","ESR2"
"RXRA","CCAR2","ESR2"
"RXRA","NCOR2","ESR2"
"RXRA","CDK3","ESR2"
"RXRA","DEF6","ESR2"
"RXRA","NBR1","ESR2"
"RXRA","CAMKK2","ESR2"
"RXRA","CRK","ESR2"
"RXRA","SHC1","ESR2"
"RXRA","CCNO","ESR2"
"RXRA","AXIN1","ESR2"
"RXRA","CDKN1B","ESR2"
"RXRA","SKP2","ESR2"
"RXRA","FLNA","ESR2"
"RXRA","GAB1","ESR2"
"RXRA","GRIPAP1","ESR2"
"RXRA","GRIP1","ESR2"
"RXRA","KHDRBS1","ESR2"
"RXRA","ARRB2","ESR2"
"RXRA","DAXX","ESR2"
"RXRA","PSEN1","ESR2"
"RXRA","CD28","ESR2"
"RXRA","INPP5D","ESR2"
"RXRA","PIK3R1","ESR2"
"RXRA","CCNE1","ESR2"
"RXRA","NF2","ESR2"
"RXRA","RUNX1","ESR2"
"RXRA","MDC1","ESR2"
"RXRA","AKAP11","ESR2"
"RXRA","YY1","ESR2"
"RXRA","RCAN1","ESR2"
"RXRA","MRE11","ESR2"
"RXRA","FRAT1","ESR2"
"RXRA","PPP1R8","ESR2"
"RXRA","ROR2","ESR2"
"RXRA","ABI1","ESR2"
"RXRA","PCBP2","ESR2"
"RXRA","E2F1","ESR2"
"RXRA","LRP6","ESR2"
"RXRA","GRB14","ESR2"
"RXRA","SPEN","ESR2"
"RXRA","TIAM1","ESR2"
"RXRA","NOTCH2","ESR2"
"RXRA","APC","ESR2"
"RXRA","DYNLL1","ESR2"
"RXRA","STAT2","ESR2"
"RXRA","PLCG2","ESR2"
