"1","2","3"
"Calcineurin","ATM","MAPK3"
"Calcineurin","CDK1","MAPK3"
"Calcineurin","VAV1","MAPK3"
"Calcineurin","EGFR","MAPK3"
"Calcineurin","CyclinE/CDK2","MAPK3"
"Calcineurin","ERBB2","MAPK3"
"Calcineurin","YAP1","MAPK3"
"Calcineurin","PRKAA1","MAPK3"
"Calcineurin","TRAF6","MAPK3"
"Calcineurin","CDK6","MAPK3"
"Calcineurin","CDC25C","MAPK3"
"Calcineurin","RCAN1","MAPK3"
"Calcineurin","TRIP13","MAPK3"
"Calcineurin","MAPK3","MYOD1"
"Calcineurin","IRAK1","MYOD1"
"Calcineurin","ATM","MYOD1"
"Calcineurin","DAB2IP","MYOD1"
"Calcineurin","RAF1","MYOD1"
"Calcineurin","CDK4","MYOD1"
"Calcineurin","RAC1","MYOD1"
"Calcineurin","ABL1","MYOD1"
"Calcineurin","CHEK1","MYOD1"
"Calcineurin","EGFR","MYOD1"
"Calcineurin","PPP1R2","MYOD1"
"Calcineurin","YAP1","MYOD1"
"Calcineurin","CDK3","MYOD1"
"Calcineurin","FGFR1","MYOD1"
"Calcineurin","PRKAA1","MYOD1"
"Calcineurin","ADRB2","MYOD1"
"Calcineurin","FADD","MYOD1"
"Calcineurin","SKI","MYOD1"
"Calcineurin","AXIN1","MYOD1"
"Calcineurin","CDK6","MYOD1"
"Calcineurin","AMOTL2","MYOD1"
"Calcineurin","HES1","MYOD1"
"Calcineurin","BRAF","MYOD1"
"Calcineurin","NR3C1","MYOD1"
"Calcineurin","FAM83G","MYOD1"
"Calcineurin","PIK3CG","MYOD1"
"Calcineurin","TRIP13","MYOD1"
"Calcineurin","VAV2","MYOD1"
"Calcineurin","MAPK3","SH3RF1"
"Calcineurin","IRAK1","SH3RF1"
"Calcineurin","CDK4","SH3RF1"
"Calcineurin","CDK1","SH3RF1"
"Calcineurin","ERK1/2","SH3RF1"
"Calcineurin","LCK","SH3RF1"
"Calcineurin","ABL1","SH3RF1"
"Calcineurin","GSK3B","SH3RF1"
"Calcineurin","EGFR","SH3RF1"
"Calcineurin","PPP1R2","SH3RF1"
"Calcineurin","RIPK1","SH3RF1"
"Calcineurin","YAP1","SH3RF1"
"Calcineurin","GRB2","SH3RF1"
"Calcineurin","FGFR1","SH3RF1"
"Calcineurin","PRKAA1","SH3RF1"
"Calcineurin","ADRB2","SH3RF1"
"Calcineurin","SHC1","SH3RF1"
"Calcineurin","AXIN1","SH3RF1"
"Calcineurin","AMOTL2","SH3RF1"
"Calcineurin","CDC25C","SH3RF1"
"Calcineurin","FAS","SH3RF1"
"Calcineurin","HES1","SH3RF1"
"Calcineurin","BRAF","SH3RF1"
"Calcineurin","PIK3CG","SH3RF1"
"Calcineurin","VAV2","SH3RF1"
"Calcineurin","APC","SH3RF1"
"Calcineurin","MAP4K2","SH3RF1"
"Calcineurin","MAPK3","CTNNB1"
"Calcineurin","RAF1","CTNNB1"
"Calcineurin","ERK1/2","CTNNB1"
"Calcineurin","Gbeta","CTNNB1"
"Calcineurin","LCK","CTNNB1"
"Calcineurin","RAC1","CTNNB1"
"Calcineurin","CHEK1","CTNNB1"
"Calcineurin","GSK3B","CTNNB1"
"Calcineurin","CyclinE/CDK2","CTNNB1"
"Calcineurin","GRB2","CTNNB1"
"Calcineurin","PRKAA1","CTNNB1"
"Calcineurin","ADRB2","CTNNB1"
"Calcineurin","SKI","CTNNB1"
"Calcineurin","CDK6","CTNNB1"
"Calcineurin","AMOTL2","CTNNB1"
"Calcineurin","CDC25C","CTNNB1"
"Calcineurin","HES1","CTNNB1"
"Calcineurin","FAM83G","CTNNB1"
"Calcineurin","PIK3CG","CTNNB1"
"Calcineurin","MAPK3","IRAK1"
"Calcineurin","ATM","IRAK1"
"Calcineurin","GSK3A","IRAK1"
"Calcineurin","DAB2IP","IRAK1"
"Calcineurin","CDK4","IRAK1"
"Calcineurin","ERK1/2","IRAK1"
"Calcineurin","RAC1","IRAK1"
"Calcineurin","CDK2","IRAK1"
"Calcineurin","PPP1R2","IRAK1"
"Calcineurin","CyclinE/CDK2","IRAK1"
"Calcineurin","RIPK1","IRAK1"
"Calcineurin","CDK3","IRAK1"
"Calcineurin","PRKAA1","IRAK1"
"Calcineurin","TRAF6","IRAK1"
"Calcineurin","SKI","IRAK1"
"Calcineurin","AXIN1","IRAK1"
"Calcineurin","CDK6","IRAK1"
"Calcineurin","RXRA","IRAK1"
"Calcineurin","AMOTL2","IRAK1"
"Calcineurin","HES1","IRAK1"
"Calcineurin","BRAF","IRAK1"
"Calcineurin","FAM83G","IRAK1"
"Calcineurin","PIK3CG","IRAK1"
"Calcineurin","VAV2","IRAK1"
"Calcineurin","APC","IRAK1"
"Calcineurin","MAP4K2","IRAK1"
"Calcineurin","MAPK3","ATM"
"Calcineurin","IRAK1","ATM"
"Calcineurin","ERK1/2","ATM"
"Calcineurin","Gbeta","ATM"
"Calcineurin","RIPK1","ATM"
"Calcineurin","GRB2","ATM"
"Calcineurin","PRKAA1","ATM"
"Calcineurin","TRAF6","ATM"
"Calcineurin","FADD","ATM"
"Calcineurin","SHC1","ATM"
"Calcineurin","AXIN1","ATM"
"Calcineurin","AMOTL2","ATM"
"Calcineurin","CDC25C","ATM"
"Calcineurin","FAS","ATM"
"Calcineurin","HES1","ATM"
"Calcineurin","BRAF","ATM"
"Calcineurin","PIK3CG","ATM"
"Calcineurin","VAV2","ATM"
"Calcineurin","APC","ATM"
"Calcineurin","MAP4K2","ATM"
"Calcineurin","MAPK3","GSK3B/Axin/APC"
"Calcineurin","ATM","GSK3B/Axin/APC"
"Calcineurin","GSK3A","GSK3B/Axin/APC"
"Calcineurin","RAF1","GSK3B/Axin/APC"
"Calcineurin","CDK1","GSK3B/Axin/APC"
"Calcineurin","ERK1/2","GSK3B/Axin/APC"
"Calcineurin","LCK","GSK3B/Axin/APC"
"Calcineurin","ABL1","GSK3B/Axin/APC"
"Calcineurin","CHEK1","GSK3B/Axin/APC"
"Calcineurin","VAV1","GSK3B/Axin/APC"
"Calcineurin","EGFR","GSK3B/Axin/APC"
"Calcineurin","CDK3","GSK3B/Axin/APC"
"Calcineurin","GRB2","GSK3B/Axin/APC"
"Calcineurin","FGFR1","GSK3B/Axin/APC"
"Calcineurin","ADRB2","GSK3B/Axin/APC"
"Calcineurin","TRAF6","GSK3B/Axin/APC"
"Calcineurin","FADD","GSK3B/Axin/APC"
"Calcineurin","SKI","GSK3B/Axin/APC"
"Calcineurin","RXRA","GSK3B/Axin/APC"
"Calcineurin","AMOTL2","GSK3B/Axin/APC"
"Calcineurin","CDC25C","GSK3B/Axin/APC"
"Calcineurin","FAS","GSK3B/Axin/APC"
"Calcineurin","HES1","GSK3B/Axin/APC"
"Calcineurin","NR3C1","GSK3B/Axin/APC"
"Calcineurin","RCAN1","GSK3B/Axin/APC"
"Calcineurin","TRIP13","GSK3B/Axin/APC"
"Calcineurin","VAV2","GSK3B/Axin/APC"
"Calcineurin","APC","GSK3B/Axin/APC"
"Calcineurin","MAPK3","GSK3A"
"Calcineurin","ATM","GSK3A"
"Calcineurin","CDK4","GSK3A"
"Calcineurin","Gbeta","GSK3A"
"Calcineurin","RAC1","GSK3A"
"Calcineurin","CDK2","GSK3A"
"Calcineurin","CHEK1","GSK3A"
"Calcineurin","VAV1","GSK3A"
"Calcineurin","GSK3B","GSK3A"
"Calcineurin","CyclinE/CDK2","GSK3A"
"Calcineurin","RIPK1","GSK3A"
"Calcineurin","ERBB2","GSK3A"
"Calcineurin","YAP1","GSK3A"
"Calcineurin","FGFR1","GSK3A"
"Calcineurin","PRKAA1","GSK3A"
"Calcineurin","ADRB2","GSK3A"
"Calcineurin","TRAF6","GSK3A"
"Calcineurin","FADD","GSK3A"
"Calcineurin","SHC1","GSK3A"
"Calcineurin","AXIN1","GSK3A"
"Calcineurin","CDK6","GSK3A"
"Calcineurin","RXRA","GSK3A"
"Calcineurin","AMOTL2","GSK3A"
"Calcineurin","CDC25C","GSK3A"
"Calcineurin","HES1","GSK3A"
"Calcineurin","NR3C1","GSK3A"
"Calcineurin","FAM83G","GSK3A"
"Calcineurin","PIK3CG","GSK3A"
"Calcineurin","TRIP13","GSK3A"
"Calcineurin","APC","GSK3A"
"Calcineurin","MAPK3","DAB2IP"
"Calcineurin","IRAK1","DAB2IP"
"Calcineurin","ATM","DAB2IP"
"Calcineurin","GSK3A","DAB2IP"
"Calcineurin","CDK1","DAB2IP"
"Calcineurin","Gbeta","DAB2IP"
"Calcineurin","RAC1","DAB2IP"
"Calcineurin","CDK2","DAB2IP"
"Calcineurin","CHEK1","DAB2IP"
"Calcineurin","GSK3B","DAB2IP"
"Calcineurin","EGFR","DAB2IP"
"Calcineurin","CyclinE/CDK2","DAB2IP"
"Calcineurin","RIPK1","DAB2IP"
"Calcineurin","YAP1","DAB2IP"
"Calcineurin","CDK3","DAB2IP"
"Calcineurin","FGFR1","DAB2IP"
"Calcineurin","PRKAA1","DAB2IP"
"Calcineurin","ADRB2","DAB2IP"
"Calcineurin","FADD","DAB2IP"
"Calcineurin","SKI","DAB2IP"
"Calcineurin","AMOTL2","DAB2IP"
"Calcineurin","CDC25C","DAB2IP"
"Calcineurin","FAS","DAB2IP"
"Calcineurin","FAM83G","DAB2IP"
"Calcineurin","TRIP13","DAB2IP"
"Calcineurin","APC","DAB2IP"
"Calcineurin","MAPK3","STK3/4"
"Calcineurin","Gbeta","STK3/4"
"Calcineurin","LCK","STK3/4"
"Calcineurin","CDK2","STK3/4"
"Calcineurin","GSK3B","STK3/4"
"Calcineurin","EGFR","STK3/4"
"Calcineurin","YAP1","STK3/4"
"Calcineurin","CDK3","STK3/4"
"Calcineurin","ADRB2","STK3/4"
"Calcineurin","TRAF6","STK3/4"
"Calcineurin","FADD","STK3/4"
"Calcineurin","AMOTL2","STK3/4"
"Calcineurin","CDC25C","STK3/4"
"Calcineurin","FAS","STK3/4"
"Calcineurin","PIK3CG","STK3/4"
"Calcineurin","TRIP13","STK3/4"
"Calcineurin","VAV2","STK3/4"
"Calcineurin","MAPK3","RAF1"
"Calcineurin","IRAK1","RAF1"
"Calcineurin","ATM","RAF1"
"Calcineurin","CDK4","RAF1"
"Calcineurin","ERK1/2","RAF1"
"Calcineurin","Gbeta","RAF1"
"Calcineurin","ABL1","RAF1"
"Calcineurin","CDK2","RAF1"
"Calcineurin","CHEK1","RAF1"
"Calcineurin","GSK3B","RAF1"
"Calcineurin","PPP1R2","RAF1"
"Calcineurin","CyclinE/CDK2","RAF1"
"Calcineurin","RIPK1","RAF1"
"Calcineurin","CDK3","RAF1"
"Calcineurin","GRB2","RAF1"
"Calcineurin","FGFR1","RAF1"
"Calcineurin","PRKAA1","RAF1"
"Calcineurin","TRAF6","RAF1"
"Calcineurin","FADD","RAF1"
"Calcineurin","CDC25C","RAF1"
"Calcineurin","FAS","RAF1"
"Calcineurin","HES1","RAF1"
"Calcineurin","NR3C1","RAF1"
"Calcineurin","PIK3CG","RAF1"
"Calcineurin","RCAN1","RAF1"
"Calcineurin","TRIP13","RAF1"
"Calcineurin","MAP4K2","RAF1"
"Calcineurin","MAPK3","CDK4"
"Calcineurin","IRAK1","CDK4"
"Calcineurin","GSK3A","CDK4"
"Calcineurin","DAB2IP","CDK4"
"Calcineurin","RAF1","CDK4"
"Calcineurin","LCK","CDK4"
"Calcineurin","RAC1","CDK4"
"Calcineurin","CHEK1","CDK4"
"Calcineurin","GSK3B","CDK4"
"Calcineurin","EGFR","CDK4"
"Calcineurin","RIPK1","CDK4"
"Calcineurin","YAP1","CDK4"
"Calcineurin","CDK3","CDK4"
"Calcineurin","PRKAA1","CDK4"
"Calcineurin","FADD","CDK4"
"Calcineurin","SKI","CDK4"
"Calcineurin","CDC25C","CDK4"
"Calcineurin","FAS","CDK4"
"Calcineurin","NR3C1","CDK4"
"Calcineurin","RCAN1","CDK4"
"Calcineurin","TRIP13","CDK4"
"Calcineurin","MAP4K2","CDK4"
"Calcineurin","ATM","CDK1"
"Calcineurin","GSK3A","CDK1"
"Calcineurin","CHEK1","CDK1"
"Calcineurin","GSK3B","CDK1"
"Calcineurin","PPP1R2","CDK1"
"Calcineurin","CyclinE/CDK2","CDK1"
"Calcineurin","RIPK1","CDK1"
"Calcineurin","ERBB2","CDK1"
"Calcineurin","YAP1","CDK1"
"Calcineurin","ADRB2","CDK1"
"Calcineurin","SKI","CDK1"
"Calcineurin","AXIN1","CDK1"
"Calcineurin","CDC25B","CDK1"
"Calcineurin","NR3C1","CDK1"
"Calcineurin","RCAN1","CDK1"
"Calcineurin","MAP4K2","CDK1"
"Calcineurin","MAPK3","RPS6K"
"Calcineurin","ATM","RPS6K"
"Calcineurin","DAB2IP","RPS6K"
"Calcineurin","CDK4","RPS6K"
"Calcineurin","Gbeta","RPS6K"
"Calcineurin","ABL1","RPS6K"
"Calcineurin","RIPK1","RPS6K"
"Calcineurin","GRB2","RPS6K"
"Calcineurin","FGFR1","RPS6K"
"Calcineurin","PRKAA1","RPS6K"
"Calcineurin","FADD","RPS6K"
"Calcineurin","AXIN1","RPS6K"
"Calcineurin","CDK6","RPS6K"
"Calcineurin","AMOTL2","RPS6K"
"Calcineurin","HES1","RPS6K"
"Calcineurin","BRAF","RPS6K"
"Calcineurin","PIK3CG","RPS6K"
"Calcineurin","VAV2","RPS6K"
"Calcineurin","MAP4K2","RPS6K"
"Calcineurin","IRAK1","PTPN1"
"Calcineurin","ATM","PTPN1"
"Calcineurin","GSK3A","PTPN1"
"Calcineurin","DAB2IP","PTPN1"
"Calcineurin","CDK1","PTPN1"
"Calcineurin","Gbeta","PTPN1"
"Calcineurin","LCK","PTPN1"
"Calcineurin","CDK2","PTPN1"
"Calcineurin","CHEK1","PTPN1"
"Calcineurin","GSK3B","PTPN1"
"Calcineurin","EGFR","PTPN1"
"Calcineurin","RIPK1","PTPN1"
"Calcineurin","ERBB2","PTPN1"
"Calcineurin","CDK3","PTPN1"
"Calcineurin","GRB2","PTPN1"
"Calcineurin","PRKAA1","PTPN1"
"Calcineurin","FADD","PTPN1"
"Calcineurin","CDK6","PTPN1"
"Calcineurin","CDC25C","PTPN1"
"Calcineurin","NR3C1","PTPN1"
"Calcineurin","RCAN1","PTPN1"
"Calcineurin","MAP4K2","PTPN1"
"Calcineurin","IRAK1","ERK1/2"
"Calcineurin","CDK4","ERK1/2"
"Calcineurin","Gbeta","ERK1/2"
"Calcineurin","RIPK1","ERK1/2"
"Calcineurin","YAP1","ERK1/2"
"Calcineurin","PRKAA1","ERK1/2"
"Calcineurin","SHC1","ERK1/2"
"Calcineurin","CDK6","ERK1/2"
"Calcineurin","NR3C1","ERK1/2"
"Calcineurin","VAV2","ERK1/2"
"Calcineurin","MAPK3","Gbeta"
"Calcineurin","RAF1","Gbeta"
"Calcineurin","ERK1/2","Gbeta"
"Calcineurin","PPP1R2","Gbeta"
"Calcineurin","ERBB2","Gbeta"
"Calcineurin","PRKAA1","Gbeta"
"Calcineurin","ADRB2","Gbeta"
"Calcineurin","SHC1","Gbeta"
"Calcineurin","SKI","Gbeta"
"Calcineurin","RXRA","Gbeta"
"Calcineurin","AMOTL2","Gbeta"
"Calcineurin","HES1","Gbeta"
"Calcineurin","PIK3CG","Gbeta"
"Calcineurin","RCAN1","Gbeta"
"Calcineurin","VAV2","Gbeta"
"Calcineurin","APC","Gbeta"
"Calcineurin","MAP4K2","Gbeta"
"Calcineurin","ATM","LCK"
"Calcineurin","GSK3A","LCK"
"Calcineurin","CDK4","LCK"
"Calcineurin","CDK1","LCK"
"Calcineurin","ABL1","LCK"
"Calcineurin","VAV1","LCK"
"Calcineurin","PPP1R2","LCK"
"Calcineurin","CyclinE/CDK2","LCK"
"Calcineurin","CDK3","LCK"
"Calcineurin","FGFR1","LCK"
"Calcineurin","PRKAA1","LCK"
"Calcineurin","ADRB2","LCK"
"Calcineurin","SHC1","LCK"
"Calcineurin","AXIN1","LCK"
"Calcineurin","AMOTL2","LCK"
"Calcineurin","CDC25C","LCK"
"Calcineurin","BRAF","LCK"
"Calcineurin","FAM83G","LCK"
"Calcineurin","PIK3CG","LCK"
"Calcineurin","APC","LCK"
"Calcineurin","MAPK3","RAC1"
"Calcineurin","IRAK1","RAC1"
"Calcineurin","ATM","RAC1"
"Calcineurin","DAB2IP","RAC1"
"Calcineurin","ERK1/2","RAC1"
"Calcineurin","Gbeta","RAC1"
"Calcineurin","ABL1","RAC1"
"Calcineurin","CDK2","RAC1"
"Calcineurin","CHEK1","RAC1"
"Calcineurin","GSK3B","RAC1"
"Calcineurin","EGFR","RAC1"
"Calcineurin","ERBB2","RAC1"
"Calcineurin","YAP1","RAC1"
"Calcineurin","GRB2","RAC1"
"Calcineurin","TRAF6","RAC1"
"Calcineurin","SHC1","RAC1"
"Calcineurin","SKI","RAC1"
"Calcineurin","AXIN1","RAC1"
"Calcineurin","CDC25C","RAC1"
"Calcineurin","FAS","RAC1"
"Calcineurin","RCAN1","RAC1"
"Calcineurin","IRAK1","ABL1"
"Calcineurin","STK3","ABL1"
"Calcineurin","EGFR","ABL1"
"Calcineurin","PPP1R2","ABL1"
"Calcineurin","FADD","ABL1"
"Calcineurin","SKI","ABL1"
"Calcineurin","AXIN1","ABL1"
"Calcineurin","CDK6","ABL1"
"Calcineurin","CDC25C","ABL1"
"Calcineurin","FAS","ABL1"
"Calcineurin","HES1","ABL1"
"Calcineurin","PIK3CG","ABL1"
"Calcineurin","VAV2","ABL1"
"Calcineurin","IRAK1","CDK2"
"Calcineurin","CDK4","CDK2"
"Calcineurin","LCK","CDK2"
"Calcineurin","ABL1","CDK2"
"Calcineurin","CHEK1","CDK2"
"Calcineurin","EGFR","CDK2"
"Calcineurin","PRKAA1","CDK2"
"Calcineurin","TRAF6","CDK2"
"Calcineurin","CDK6","CDK2"
"Calcineurin","CDC25C","CDK2"
"Calcineurin","FAS","CDK2"
"Calcineurin","NR3C1","CDK2"
"Calcineurin","FAM83G","CDK2"
"Calcineurin","PIK3CG","CDK2"
"Calcineurin","RCAN1","CDK2"
"Calcineurin","APC","CDK2"
"Calcineurin","IRAK1","CHEK1"
"Calcineurin","GSK3A","CHEK1"
"Calcineurin","DAB2IP","CHEK1"
"Calcineurin","CDK1","CHEK1"
"Calcineurin","ERK1/2","CHEK1"
"Calcineurin","ABL1","CHEK1"
"Calcineurin","CDK2","CHEK1"
"Calcineurin","VAV1","CHEK1"
"Calcineurin","GSK3B","CHEK1"
"Calcineurin","EGFR","CHEK1"
"Calcineurin","CyclinE/CDK2","CHEK1"
"Calcineurin","RIPK1","CHEK1"
"Calcineurin","ERBB2","CHEK1"
"Calcineurin","YAP1","CHEK1"
"Calcineurin","CDK3","CHEK1"
"Calcineurin","FGFR1","CHEK1"
"Calcineurin","PRKAA1","CHEK1"
"Calcineurin","ADRB2","CHEK1"
"Calcineurin","TRAF6","CHEK1"
"Calcineurin","FADD","CHEK1"
"Calcineurin","AXIN1","CHEK1"
"Calcineurin","FAS","CHEK1"
"Calcineurin","HES1","CHEK1"
"Calcineurin","BRAF","CHEK1"
"Calcineurin","NR3C1","CHEK1"
"Calcineurin","PIK3CG","CHEK1"
"Calcineurin","RCAN1","CHEK1"
"Calcineurin","TRIP13","CHEK1"
"Calcineurin","VAV2","CHEK1"
"Calcineurin","APC","CHEK1"
"Calcineurin","IRAK1","MAML3"
"Calcineurin","ATM","MAML3"
"Calcineurin","GSK3A","MAML3"
"Calcineurin","DAB2IP","MAML3"
"Calcineurin","RAF1","MAML3"
"Calcineurin","CDK4","MAML3"
"Calcineurin","Gbeta","MAML3"
"Calcineurin","LCK","MAML3"
"Calcineurin","YAP1","MAML3"
"Calcineurin","AXIN1","MAML3"
"Calcineurin","VAV2","MAML3"
"Calcineurin","MAP4K2","MAML3"
"Calcineurin","IRAK1","DDX5"
"Calcineurin","GSK3A","DDX5"
"Calcineurin","DAB2IP","DDX5"
"Calcineurin","RAF1","DDX5"
"Calcineurin","CDK1","DDX5"
"Calcineurin","LCK","DDX5"
"Calcineurin","CHEK1","DDX5"
"Calcineurin","GSK3B","DDX5"
"Calcineurin","EGFR","DDX5"
"Calcineurin","PPP1R2","DDX5"
"Calcineurin","RIPK1","DDX5"
"Calcineurin","ERBB2","DDX5"
"Calcineurin","YAP1","DDX5"
"Calcineurin","GRB2","DDX5"
"Calcineurin","SKI","DDX5"
"Calcineurin","CDC25C","DDX5"
"Calcineurin","HES1","DDX5"
"Calcineurin","BRAF","DDX5"
"Calcineurin","NR3C1","DDX5"
"Calcineurin","FAM83G","DDX5"
"Calcineurin","PIK3CG","DDX5"
"Calcineurin","MAPK3","VAV1"
"Calcineurin","IRAK1","VAV1"
"Calcineurin","ATM","VAV1"
"Calcineurin","GSK3A","VAV1"
"Calcineurin","DAB2IP","VAV1"
"Calcineurin","ERK1/2","VAV1"
"Calcineurin","Gbeta","VAV1"
"Calcineurin","LCK","VAV1"
"Calcineurin","RAC1","VAV1"
"Calcineurin","CHEK1","VAV1"
"Calcineurin","EGFR","VAV1"
"Calcineurin","CyclinE/CDK2","VAV1"
"Calcineurin","YAP1","VAV1"
"Calcineurin","CDK3","VAV1"
"Calcineurin","FGFR1","VAV1"
"Calcineurin","PRKAA1","VAV1"
"Calcineurin","ADRB2","VAV1"
"Calcineurin","TRAF6","VAV1"
"Calcineurin","SKI","VAV1"
"Calcineurin","AXIN1","VAV1"
"Calcineurin","CDK6","VAV1"
"Calcineurin","RXRA","VAV1"
"Calcineurin","AMOTL2","VAV1"
"Calcineurin","FAS","VAV1"
"Calcineurin","BRAF","VAV1"
"Calcineurin","NR3C1","VAV1"
"Calcineurin","PIK3CG","VAV1"
"Calcineurin","RCAN1","VAV1"
"Calcineurin","VAV2","VAV1"
"Calcineurin","MAPK3","GSK3B"
"Calcineurin","GSK3A","GSK3B"
"Calcineurin","RAF1","GSK3B"
"Calcineurin","CDK4","GSK3B"
"Calcineurin","LCK","GSK3B"
"Calcineurin","CDK2","GSK3B"
"Calcineurin","VAV1","GSK3B"
"Calcineurin","EGFR","GSK3B"
"Calcineurin","AKT","GSK3B"
"Calcineurin","ERBB2","GSK3B"
"Calcineurin","CDK3","GSK3B"
"Calcineurin","TRAF6","GSK3B"
"Calcineurin","FADD","GSK3B"
"Calcineurin","CDC25C","GSK3B"
"Calcineurin","FAS","GSK3B"
"Calcineurin","FAM83G","GSK3B"
"Calcineurin","ErbB receptor family","GSK3B"
"Calcineurin","TRIP13","GSK3B"
"Calcineurin","MAP4K2","GSK3B"
"Calcineurin","MAPK3","STK3"
"Calcineurin","IRAK1","STK3"
"Calcineurin","ATM","STK3"
"Calcineurin","GSK3A","STK3"
"Calcineurin","DAB2IP","STK3"
"Calcineurin","RAF1","STK3"
"Calcineurin","CDK4","STK3"
"Calcineurin","CDK1","STK3"
"Calcineurin","ERK1/2","STK3"
"Calcineurin","Gbeta","STK3"
"Calcineurin","LCK","STK3"
"Calcineurin","RAC1","STK3"
"Calcineurin","CHEK1","STK3"
"Calcineurin","VAV1","STK3"
"Calcineurin","EGFR","STK3"
"Calcineurin","CyclinE/CDK2","STK3"
"Calcineurin","RIPK1","STK3"
"Calcineurin","YAP1","STK3"
"Calcineurin","CDK3","STK3"
"Calcineurin","GRB2","STK3"
"Calcineurin","FGFR1","STK3"
"Calcineurin","PRKAA1","STK3"
"Calcineurin","TRAF6","STK3"
"Calcineurin","FADD","STK3"
"Calcineurin","SHC1","STK3"
"Calcineurin","SKI","STK3"
"Calcineurin","CDK6","STK3"
"Calcineurin","RXRA","STK3"
"Calcineurin","AMOTL2","STK3"
"Calcineurin","CDC25C","STK3"
"Calcineurin","FAS","STK3"
"Calcineurin","HES1","STK3"
"Calcineurin","VAV2","STK3"
"Calcineurin","MAPK3","EGFR"
"Calcineurin","IRAK1","EGFR"
"Calcineurin","GSK3A","EGFR"
"Calcineurin","RAF1","EGFR"
"Calcineurin","CDK1","EGFR"
"Calcineurin","RAC1","EGFR"
"Calcineurin","CDK2","EGFR"
"Calcineurin","CHEK1","EGFR"
"Calcineurin","GSK3B","EGFR"
"Calcineurin","STK3","EGFR"
"Calcineurin","PPP1R2","EGFR"
"Calcineurin","CyclinE/CDK2","EGFR"
"Calcineurin","RIPK1","EGFR"
"Calcineurin","YAP1","EGFR"
"Calcineurin","FADD","EGFR"
"Calcineurin","SKI","EGFR"
"Calcineurin","AXIN1","EGFR"
"Calcineurin","RB1","EGFR"
"Calcineurin","CDC25C","EGFR"
"Calcineurin","CDC25B","EGFR"
"Calcineurin","HES1","EGFR"
"Calcineurin","PIK3CG","EGFR"
"Calcineurin","APC","EGFR"
"Calcineurin","MAP4K2","EGFR"
"Calcineurin","IRAK1","STXBP4"
"Calcineurin","ATM","STXBP4"
"Calcineurin","CDK4","STXBP4"
"Calcineurin","CDK1","STXBP4"
"Calcineurin","ERK1/2","STXBP4"
"Calcineurin","Gbeta","STXBP4"
"Calcineurin","RAC1","STXBP4"
"Calcineurin","ABL1","STXBP4"
"Calcineurin","CDK2","STXBP4"
"Calcineurin","CHEK1","STXBP4"
"Calcineurin","VAV1","STXBP4"
"Calcineurin","EGFR","STXBP4"
"Calcineurin","CyclinE/CDK2","STXBP4"
"Calcineurin","RIPK1","STXBP4"
"Calcineurin","YAP1","STXBP4"
"Calcineurin","CDK3","STXBP4"
"Calcineurin","GRB2","STXBP4"
"Calcineurin","FGFR1","STXBP4"
"Calcineurin","ADRB2","STXBP4"
"Calcineurin","TRAF6","STXBP4"
"Calcineurin","SKI","STXBP4"
"Calcineurin","AXIN1","STXBP4"
"Calcineurin","RXRA","STXBP4"
"Calcineurin","HES1","STXBP4"
"Calcineurin","NR3C1","STXBP4"
"Calcineurin","FAM83G","STXBP4"
"Calcineurin","PIK3CG","STXBP4"
"Calcineurin","TRIP13","STXBP4"
"Calcineurin","VAV2","STXBP4"
"Calcineurin","APC","STXBP4"
"Calcineurin","MAP4K2","STXBP4"
"Calcineurin","MAPK3","AIMP1"
"Calcineurin","GSK3A","AIMP1"
"Calcineurin","RAF1","AIMP1"
"Calcineurin","CDK4","AIMP1"
"Calcineurin","CDK1","AIMP1"
"Calcineurin","ERK1/2","AIMP1"
"Calcineurin","Gbeta","AIMP1"
"Calcineurin","ABL1","AIMP1"
"Calcineurin","CHEK1","AIMP1"
"Calcineurin","GSK3B","AIMP1"
"Calcineurin","EGFR","AIMP1"
"Calcineurin","RIPK1","AIMP1"
"Calcineurin","YAP1","AIMP1"
"Calcineurin","GRB2","AIMP1"
"Calcineurin","FGFR1","AIMP1"
"Calcineurin","PRKAA1","AIMP1"
"Calcineurin","ADRB2","AIMP1"
"Calcineurin","FADD","AIMP1"
"Calcineurin","SKI","AIMP1"
"Calcineurin","AXIN1","AIMP1"
"Calcineurin","RXRA","AIMP1"
"Calcineurin","AMOTL2","AIMP1"
"Calcineurin","BRAF","AIMP1"
"Calcineurin","FAM83G","AIMP1"
"Calcineurin","PIK3CG","AIMP1"
"Calcineurin","MAPK3","PPP1R2"
"Calcineurin","GSK3A","PPP1R2"
"Calcineurin","DAB2IP","PPP1R2"
"Calcineurin","RAF1","PPP1R2"
"Calcineurin","CDK1","PPP1R2"
"Calcineurin","RAC1","PPP1R2"
"Calcineurin","CDK2","PPP1R2"
"Calcineurin","CHEK1","PPP1R2"
"Calcineurin","CyclinE/CDK2","PPP1R2"
"Calcineurin","ERBB2","PPP1R2"
"Calcineurin","YAP1","PPP1R2"
"Calcineurin","GRB2","PPP1R2"
"Calcineurin","FGFR1","PPP1R2"
"Calcineurin","PRKAA1","PPP1R2"
"Calcineurin","ADRB2","PPP1R2"
"Calcineurin","SHC1","PPP1R2"
"Calcineurin","SKI","PPP1R2"
"Calcineurin","CDK6","PPP1R2"
"Calcineurin","RXRA","PPP1R2"
"Calcineurin","CDC25C","PPP1R2"
"Calcineurin","FAS","PPP1R2"
"Calcineurin","BRAF","PPP1R2"
"Calcineurin","FAM83G","PPP1R2"
"Calcineurin","PIK3CG","PPP1R2"
"Calcineurin","TRIP13","PPP1R2"
"Calcineurin","APC","PPP1R2"
"Calcineurin","MAP4K2","PPP1R2"
"Calcineurin","GSK3A","MAP3K7"
"Calcineurin","RAF1","MAP3K7"
"Calcineurin","ERK1/2","MAP3K7"
"Calcineurin","GSK3B","MAP3K7"
"Calcineurin","CyclinE/CDK2","MAP3K7"
"Calcineurin","YAP1","MAP3K7"
"Calcineurin","PRKAA1","MAP3K7"
"Calcineurin","ADRB2","MAP3K7"
"Calcineurin","AXIN1","MAP3K7"
"Calcineurin","AMOTL2","MAP3K7"
"Calcineurin","BRAF","MAP3K7"
"Calcineurin","PIK3CG","MAP3K7"
"Calcineurin","TRIP13","MAP3K7"
"Calcineurin","MAPK3","AKT"
"Calcineurin","ERK1/2","AKT"
"Calcineurin","Gbeta","AKT"
"Calcineurin","RAC1","AKT"
"Calcineurin","CHEK1","AKT"
"Calcineurin","VAV1","AKT"
"Calcineurin","CyclinE/CDK2","AKT"
"Calcineurin","YAP1","AKT"
"Calcineurin","TRAF6","AKT"
"Calcineurin","FADD","AKT"
"Calcineurin","AXIN1","AKT"
"Calcineurin","NR3C1","AKT"
"Calcineurin","TRIP13","AKT"
"Calcineurin","APC","AKT"
"Calcineurin","GSK3B","CDC25A"
"Calcineurin","MAPK3","PRKD1"
"Calcineurin","CDK1","PRKD1"
"Calcineurin","ERK1/2","PRKD1"
"Calcineurin","RAC1","PRKD1"
"Calcineurin","CDK2","PRKD1"
"Calcineurin","GSK3B","PRKD1"
"Calcineurin","EGFR","PRKD1"
"Calcineurin","CyclinE/CDK2","PRKD1"
"Calcineurin","ERBB2","PRKD1"
"Calcineurin","YAP1","PRKD1"
"Calcineurin","CDK3","PRKD1"
"Calcineurin","FGFR1","PRKD1"
"Calcineurin","ADRB2","PRKD1"
"Calcineurin","TRAF6","PRKD1"
"Calcineurin","FADD","PRKD1"
"Calcineurin","SHC1","PRKD1"
"Calcineurin","SKI","PRKD1"
"Calcineurin","RXRA","PRKD1"
"Calcineurin","AMOTL2","PRKD1"
"Calcineurin","CDC25C","PRKD1"
"Calcineurin","HES1","PRKD1"
"Calcineurin","PIK3CG","PRKD1"
"Calcineurin","VAV2","PRKD1"
"Calcineurin","APC","PRKD1"
"Calcineurin","MAP4K2","PRKD1"
"Calcineurin","MAPK3","CBP/p300"
"Calcineurin","GSK3A","CBP/p300"
"Calcineurin","DAB2IP","CBP/p300"
"Calcineurin","RAF1","CBP/p300"
"Calcineurin","CDK4","CBP/p300"
"Calcineurin","RAC1","CBP/p300"
"Calcineurin","CHEK1","CBP/p300"
"Calcineurin","GSK3B","CBP/p300"
"Calcineurin","EGFR","CBP/p300"
"Calcineurin","CyclinE/CDK2","CBP/p300"
"Calcineurin","RIPK1","CBP/p300"
"Calcineurin","ERBB2","CBP/p300"
"Calcineurin","YAP1","CBP/p300"
"Calcineurin","ADRB2","CBP/p300"
"Calcineurin","FADD","CBP/p300"
"Calcineurin","SHC1","CBP/p300"
"Calcineurin","SKI","CBP/p300"
"Calcineurin","AXIN1","CBP/p300"
"Calcineurin","FAS","CBP/p300"
"Calcineurin","HES1","CBP/p300"
"Calcineurin","BRAF","CBP/p300"
"Calcineurin","NR3C1","CBP/p300"
"Calcineurin","FAM83G","CBP/p300"
"Calcineurin","TRIP13","CBP/p300"
"Calcineurin","VAV2","CBP/p300"
"Calcineurin","MAP4K2","CBP/p300"
"Calcineurin","MAPK3","RXRB"
"Calcineurin","RAF1","RXRB"
"Calcineurin","CDK4","RXRB"
"Calcineurin","ERK1/2","RXRB"
"Calcineurin","Gbeta","RXRB"
"Calcineurin","LCK","RXRB"
"Calcineurin","RAC1","RXRB"
"Calcineurin","ABL1","RXRB"
"Calcineurin","CDK2","RXRB"
"Calcineurin","VAV1","RXRB"
"Calcineurin","EGFR","RXRB"
"Calcineurin","PPP1R2","RXRB"
"Calcineurin","RIPK1","RXRB"
"Calcineurin","ERBB2","RXRB"
"Calcineurin","FGFR1","RXRB"
"Calcineurin","ADRB2","RXRB"
"Calcineurin","TRAF6","RXRB"
"Calcineurin","FADD","RXRB"
"Calcineurin","AXIN1","RXRB"
"Calcineurin","AMOTL2","RXRB"
"Calcineurin","HES1","RXRB"
"Calcineurin","BRAF","RXRB"
"Calcineurin","NR3C1","RXRB"
"Calcineurin","FAM83G","RXRB"
"Calcineurin","PIK3CG","RXRB"
"Calcineurin","RCAN1","RXRB"
"Calcineurin","TRIP13","RXRB"
"Calcineurin","VAV2","RXRB"
"Calcineurin","APC","RXRB"
"Calcineurin","MAP4K2","RXRB"
"Calcineurin","MAPK3","NFATC2"
"Calcineurin","DAB2IP","NFATC2"
"Calcineurin","RAF1","NFATC2"
"Calcineurin","CDK1","NFATC2"
"Calcineurin","RAC1","NFATC2"
"Calcineurin","PPP1R2","NFATC2"
"Calcineurin","RIPK1","NFATC2"
"Calcineurin","YAP1","NFATC2"
"Calcineurin","FADD","NFATC2"
"Calcineurin","AXIN1","NFATC2"
"Calcineurin","CDC25C","NFATC2"
"Calcineurin","HES1","NFATC2"
"Calcineurin","FAM83G","NFATC2"
"Calcineurin","PIK3CG","NFATC2"
"Calcineurin","APC","NFATC2"
"Calcineurin","MAP4K2","NFATC2"
"Calcineurin","MAPK3","IRS1"
"Calcineurin","IRAK1","IRS1"
"Calcineurin","RAF1","IRS1"
"Calcineurin","CDK4","IRS1"
"Calcineurin","CDK1","IRS1"
"Calcineurin","ERK1/2","IRS1"
"Calcineurin","Gbeta","IRS1"
"Calcineurin","RAC1","IRS1"
"Calcineurin","ABL1","IRS1"
"Calcineurin","CDK2","IRS1"
"Calcineurin","VAV1","IRS1"
"Calcineurin","CDK3","IRS1"
"Calcineurin","FGFR1","IRS1"
"Calcineurin","SHC1","IRS1"
"Calcineurin","SKI","IRS1"
"Calcineurin","CDK6","IRS1"
"Calcineurin","AMOTL2","IRS1"
"Calcineurin","FAS","IRS1"
"Calcineurin","NR3C1","IRS1"
"Calcineurin","FAM83G","IRS1"
"Calcineurin","VAV2","IRS1"
"Calcineurin","APC","IRS1"
"Calcineurin","MAP4K2","IRS1"
"Calcineurin","GSK3A","PIK3CA"
"Calcineurin","DAB2IP","PIK3CA"
"Calcineurin","RAF1","PIK3CA"
"Calcineurin","CDK4","PIK3CA"
"Calcineurin","Gbeta","PIK3CA"
"Calcineurin","RAC1","PIK3CA"
"Calcineurin","ABL1","PIK3CA"
"Calcineurin","CDK2","PIK3CA"
"Calcineurin","GSK3B","PIK3CA"
"Calcineurin","PPP1R2","PIK3CA"
"Calcineurin","CyclinE/CDK2","PIK3CA"
"Calcineurin","RIPK1","PIK3CA"
"Calcineurin","ERBB2","PIK3CA"
"Calcineurin","YAP1","PIK3CA"
"Calcineurin","CDK3","PIK3CA"
"Calcineurin","TRAF6","PIK3CA"
"Calcineurin","FADD","PIK3CA"
"Calcineurin","SHC1","PIK3CA"
"Calcineurin","SKI","PIK3CA"
"Calcineurin","CDK6","PIK3CA"
"Calcineurin","AMOTL2","PIK3CA"
"Calcineurin","FAS","PIK3CA"
"Calcineurin","BRAF","PIK3CA"
"Calcineurin","NR3C1","PIK3CA"
"Calcineurin","PIK3CG","PIK3CA"
"Calcineurin","TRIP13","PIK3CA"
"Calcineurin","DAB2IP","PRKCE"
"Calcineurin","RAF1","PRKCE"
"Calcineurin","ERK1/2","PRKCE"
"Calcineurin","Gbeta","PRKCE"
"Calcineurin","RAC1","PRKCE"
"Calcineurin","ABL1","PRKCE"
"Calcineurin","VAV1","PRKCE"
"Calcineurin","PPP1R2","PRKCE"
"Calcineurin","CyclinE/CDK2","PRKCE"
"Calcineurin","RIPK1","PRKCE"
"Calcineurin","ERBB2","PRKCE"
"Calcineurin","YAP1","PRKCE"
"Calcineurin","CDK3","PRKCE"
"Calcineurin","ADRB2","PRKCE"
"Calcineurin","SHC1","PRKCE"
"Calcineurin","AXIN1","PRKCE"
"Calcineurin","CDK6","PRKCE"
"Calcineurin","AMOTL2","PRKCE"
"Calcineurin","FAS","PRKCE"
"Calcineurin","HES1","PRKCE"
"Calcineurin","BRAF","PRKCE"
"Calcineurin","TRIP13","PRKCE"
"Calcineurin","APC","PRKCE"
"Calcineurin","RAF1","FBXO4"
"Calcineurin","CDK1","FBXO4"
"Calcineurin","ERK1/2","FBXO4"
"Calcineurin","Gbeta","FBXO4"
"Calcineurin","RAC1","FBXO4"
"Calcineurin","CHEK1","FBXO4"
"Calcineurin","VAV1","FBXO4"
"Calcineurin","CyclinE/CDK2","FBXO4"
"Calcineurin","RIPK1","FBXO4"
"Calcineurin","PRKAA1","FBXO4"
"Calcineurin","SKI","FBXO4"
"Calcineurin","AMOTL2","FBXO4"
"Calcineurin","FAS","FBXO4"
"Calcineurin","HES1","FBXO4"
"Calcineurin","BRAF","FBXO4"
"Calcineurin","PIK3CG","FBXO4"
"Calcineurin","TRIP13","FBXO4"
"Calcineurin","MAP4K2","FBXO4"
"Calcineurin","MAPK3","CyclinB/CDK1"
"Calcineurin","IRAK1","CyclinB/CDK1"
"Calcineurin","GSK3A","CyclinB/CDK1"
"Calcineurin","RAF1","CyclinB/CDK1"
"Calcineurin","ERK1/2","CyclinB/CDK1"
"Calcineurin","Gbeta","CyclinB/CDK1"
"Calcineurin","ABL1","CyclinB/CDK1"
"Calcineurin","CHEK1","CyclinB/CDK1"
"Calcineurin","VAV1","CyclinB/CDK1"
"Calcineurin","GSK3B","CyclinB/CDK1"
"Calcineurin","PPP1R2","CyclinB/CDK1"
"Calcineurin","CyclinE/CDK2","CyclinB/CDK1"
"Calcineurin","RIPK1","CyclinB/CDK1"
"Calcineurin","ERBB2","CyclinB/CDK1"
"Calcineurin","YAP1","CyclinB/CDK1"
"Calcineurin","FGFR1","CyclinB/CDK1"
"Calcineurin","PRKAA1","CyclinB/CDK1"
"Calcineurin","ADRB2","CyclinB/CDK1"
"Calcineurin","TRAF6","CyclinB/CDK1"
"Calcineurin","SKI","CyclinB/CDK1"
"Calcineurin","AXIN1","CyclinB/CDK1"
"Calcineurin","CDK6","CyclinB/CDK1"
"Calcineurin","RXRA","CyclinB/CDK1"
"Calcineurin","NR3C1","CyclinB/CDK1"
"Calcineurin","FAM83G","CyclinB/CDK1"
"Calcineurin","PIK3CG","CyclinB/CDK1"
"Calcineurin","RCAN1","CyclinB/CDK1"
"Calcineurin","APC","CyclinB/CDK1"
"Calcineurin","MAPK3","CyclinE/CDK2"
"Calcineurin","ATM","CyclinE/CDK2"
"Calcineurin","RAF1","CyclinE/CDK2"
"Calcineurin","CDK1","CyclinE/CDK2"
"Calcineurin","ERK1/2","CyclinE/CDK2"
"Calcineurin","Gbeta","CyclinE/CDK2"
"Calcineurin","RAC1","CyclinE/CDK2"
"Calcineurin","ABL1","CyclinE/CDK2"
"Calcineurin","VAV1","CyclinE/CDK2"
"Calcineurin","PPP1R2","CyclinE/CDK2"
"Calcineurin","ERBB2","CyclinE/CDK2"
"Calcineurin","YAP1","CyclinE/CDK2"
"Calcineurin","CDK3","CyclinE/CDK2"
"Calcineurin","FGFR1","CyclinE/CDK2"
"Calcineurin","PRKAA1","CyclinE/CDK2"
"Calcineurin","ADRB2","CyclinE/CDK2"
"Calcineurin","SHC1","CyclinE/CDK2"
"Calcineurin","SKI","CyclinE/CDK2"
"Calcineurin","AXIN1","CyclinE/CDK2"
"Calcineurin","CDK6","CyclinE/CDK2"
"Calcineurin","AMOTL2","CyclinE/CDK2"
"Calcineurin","CDC25C","CyclinE/CDK2"
"Calcineurin","BRAF","CyclinE/CDK2"
"Calcineurin","NR3C1","CyclinE/CDK2"
"Calcineurin","FAM83G","CyclinE/CDK2"
"Calcineurin","PIK3CG","CyclinE/CDK2"
"Calcineurin","RCAN1","CyclinE/CDK2"
"Calcineurin","IRAK1","RIPK1"
"Calcineurin","GSK3A","RIPK1"
"Calcineurin","RAC1","RIPK1"
"Calcineurin","ABL1","RIPK1"
"Calcineurin","GSK3B","RIPK1"
"Calcineurin","PPP1R2","RIPK1"
"Calcineurin","CyclinE/CDK2","RIPK1"
"Calcineurin","ERBB2","RIPK1"
"Calcineurin","YAP1","RIPK1"
"Calcineurin","CDK3","RIPK1"
"Calcineurin","GRB2","RIPK1"
"Calcineurin","FGFR1","RIPK1"
"Calcineurin","SHC1","RIPK1"
"Calcineurin","SKI","RIPK1"
"Calcineurin","AXIN1","RIPK1"
"Calcineurin","CDK6","RIPK1"
"Calcineurin","AMOTL2","RIPK1"
"Calcineurin","CDC25C","RIPK1"
"Calcineurin","HES1","RIPK1"
"Calcineurin","NR3C1","RIPK1"
"Calcineurin","FAM83G","RIPK1"
"Calcineurin","PIK3CG","RIPK1"
"Calcineurin","TRIP13","RIPK1"
"Calcineurin","MAPK3","RARA"
"Calcineurin","ATM","RARA"
"Calcineurin","GSK3A","RARA"
"Calcineurin","DAB2IP","RARA"
"Calcineurin","ERK1/2","RARA"
"Calcineurin","RAC1","RARA"
"Calcineurin","ABL1","RARA"
"Calcineurin","CHEK1","RARA"
"Calcineurin","VAV1","RARA"
"Calcineurin","GSK3B","RARA"
"Calcineurin","PPP1R2","RARA"
"Calcineurin","RIPK1","RARA"
"Calcineurin","ERBB2","RARA"
"Calcineurin","YAP1","RARA"
"Calcineurin","GRB2","RARA"
"Calcineurin","ADRB2","RARA"
"Calcineurin","TRAF6","RARA"
"Calcineurin","FADD","RARA"
"Calcineurin","SHC1","RARA"
"Calcineurin","SKI","RARA"
"Calcineurin","CDK6","RARA"
"Calcineurin","RXRA","RARA"
"Calcineurin","AMOTL2","RARA"
"Calcineurin","CDC25C","RARA"
"Calcineurin","FAS","RARA"
"Calcineurin","HES1","RARA"
"Calcineurin","BRAF","RARA"
"Calcineurin","NR3C1","RARA"
"Calcineurin","FAM83G","RARA"
"Calcineurin","PIK3CG","RARA"
"Calcineurin","MAP4K2","RARA"
"Calcineurin","MAPK3","NCK1"
"Calcineurin","IRAK1","NCK1"
"Calcineurin","RAF1","NCK1"
"Calcineurin","CDK1","NCK1"
"Calcineurin","Gbeta","NCK1"
"Calcineurin","LCK","NCK1"
"Calcineurin","RAC1","NCK1"
"Calcineurin","CDK2","NCK1"
"Calcineurin","VAV1","NCK1"
"Calcineurin","GSK3B","NCK1"
"Calcineurin","PPP1R2","NCK1"
"Calcineurin","CyclinE/CDK2","NCK1"
"Calcineurin","RIPK1","NCK1"
"Calcineurin","YAP1","NCK1"
"Calcineurin","FGFR1","NCK1"
"Calcineurin","PRKAA1","NCK1"
"Calcineurin","TRAF6","NCK1"
"Calcineurin","SKI","NCK1"
"Calcineurin","AXIN1","NCK1"
"Calcineurin","AMOTL2","NCK1"
"Calcineurin","CDC25C","NCK1"
"Calcineurin","HES1","NCK1"
"Calcineurin","NR3C1","NCK1"
"Calcineurin","FAM83G","NCK1"
"Calcineurin","PIK3CG","NCK1"
"Calcineurin","RCAN1","NCK1"
"Calcineurin","TRIP13","NCK1"
"Calcineurin","MAP4K2","NCK1"
"Calcineurin","MAPK3","ERBB2"
"Calcineurin","IRAK1","ERBB2"
"Calcineurin","ATM","ERBB2"
"Calcineurin","GSK3A","ERBB2"
"Calcineurin","RAF1","ERBB2"
"Calcineurin","CDK1","ERBB2"
"Calcineurin","ERK1/2","ERBB2"
"Calcineurin","RAC1","ERBB2"
"Calcineurin","CDK2","ERBB2"
"Calcineurin","VAV1","ERBB2"
"Calcineurin","GSK3B","ERBB2"
"Calcineurin","CyclinE/CDK2","ERBB2"
"Calcineurin","RIPK1","ERBB2"
"Calcineurin","YAP1","ERBB2"
"Calcineurin","CDK3","ERBB2"
"Calcineurin","AMOTL2","ERBB2"
"Calcineurin","CDC25C","ERBB2"
"Calcineurin","HES1","ERBB2"
"Calcineurin","BRAF","ERBB2"
"Calcineurin","PIK3CG","ERBB2"
"Calcineurin","RCAN1","ERBB2"
"Calcineurin","APC","ERBB2"
"Calcineurin","DAB2IP","BTK"
"Calcineurin","CDK1","BTK"
"Calcineurin","ERK1/2","BTK"
"Calcineurin","CHEK1","BTK"
"Calcineurin","PPP1R2","BTK"
"Calcineurin","CDK3","BTK"
"Calcineurin","GRB2","BTK"
"Calcineurin","FGFR1","BTK"
"Calcineurin","FADD","BTK"
"Calcineurin","SHC1","BTK"
"Calcineurin","AXIN1","BTK"
"Calcineurin","CDK6","BTK"
"Calcineurin","RXRA","BTK"
"Calcineurin","AMOTL2","BTK"
"Calcineurin","FAS","BTK"
"Calcineurin","HES1","BTK"
"Calcineurin","NR3C1","BTK"
"Calcineurin","FAM83G","BTK"
"Calcineurin","RCAN1","BTK"
"Calcineurin","TRIP13","BTK"
"Calcineurin","APC","BTK"
"Calcineurin","MAP4K2","BTK"
"Calcineurin","MAPK3","APAF1"
"Calcineurin","IRAK1","APAF1"
"Calcineurin","ATM","APAF1"
"Calcineurin","CDK4","APAF1"
"Calcineurin","Gbeta","APAF1"
"Calcineurin","RAC1","APAF1"
"Calcineurin","ABL1","APAF1"
"Calcineurin","CHEK1","APAF1"
"Calcineurin","GSK3B","APAF1"
"Calcineurin","EGFR","APAF1"
"Calcineurin","PPP1R2","APAF1"
"Calcineurin","ERBB2","APAF1"
"Calcineurin","PRKAA1","APAF1"
"Calcineurin","ADRB2","APAF1"
"Calcineurin","TRAF6","APAF1"
"Calcineurin","FADD","APAF1"
"Calcineurin","SHC1","APAF1"
"Calcineurin","SKI","APAF1"
"Calcineurin","AXIN1","APAF1"
"Calcineurin","AMOTL2","APAF1"
"Calcineurin","FAS","APAF1"
"Calcineurin","HES1","APAF1"
"Calcineurin","BRAF","APAF1"
"Calcineurin","TRIP13","APAF1"
"Calcineurin","APC","APAF1"
"Calcineurin","MAP4K2","APAF1"
"Calcineurin","MAPK3","YAP1"
"Calcineurin","GSK3A","YAP1"
"Calcineurin","DAB2IP","YAP1"
"Calcineurin","RAF1","YAP1"
"Calcineurin","CDK1","YAP1"
"Calcineurin","ERK1/2","YAP1"
"Calcineurin","Gbeta","YAP1"
"Calcineurin","LCK","YAP1"
"Calcineurin","RAC1","YAP1"
"Calcineurin","ABL1","YAP1"
"Calcineurin","CDK2","YAP1"
"Calcineurin","CHEK1","YAP1"
"Calcineurin","VAV1","YAP1"
"Calcineurin","GSK3B","YAP1"
"Calcineurin","EGFR","YAP1"
"Calcineurin","CyclinE/CDK2","YAP1"
"Calcineurin","RIPK1","YAP1"
"Calcineurin","CDK3","YAP1"
"Calcineurin","GRB2","YAP1"
"Calcineurin","FGFR1","YAP1"
"Calcineurin","ADRB2","YAP1"
"Calcineurin","TRAF6","YAP1"
"Calcineurin","FADD","YAP1"
"Calcineurin","SKI","YAP1"
"Calcineurin","AXIN1","YAP1"
"Calcineurin","RXRA","YAP1"
"Calcineurin","FAS","YAP1"
"Calcineurin","BRAF","YAP1"
"Calcineurin","PIK3CG","YAP1"
"Calcineurin","MAP4K2","YAP1"
"Calcineurin","IRAK1","CDK3"
"Calcineurin","ATM","CDK3"
"Calcineurin","DAB2IP","CDK3"
"Calcineurin","RAF1","CDK3"
"Calcineurin","CDK4","CDK3"
"Calcineurin","CDK1","CDK3"
"Calcineurin","CDK2","CDK3"
"Calcineurin","CHEK1","CDK3"
"Calcineurin","VAV1","CDK3"
"Calcineurin","GSK3B","CDK3"
"Calcineurin","EGFR","CDK3"
"Calcineurin","ERBB2","CDK3"
"Calcineurin","GRB2","CDK3"
"Calcineurin","FGFR1","CDK3"
"Calcineurin","PRKAA1","CDK3"
"Calcineurin","TRAF6","CDK3"
"Calcineurin","FADD","CDK3"
"Calcineurin","SHC1","CDK3"
"Calcineurin","CDK6","CDK3"
"Calcineurin","FAS","CDK3"
"Calcineurin","HES1","CDK3"
"Calcineurin","BRAF","CDK3"
"Calcineurin","NR3C1","CDK3"
"Calcineurin","FAM83G","CDK3"
"Calcineurin","PIK3CG","CDK3"
"Calcineurin","TRIP13","CDK3"
"Calcineurin","VAV2","CDK3"
"Calcineurin","MAPK3","CAV1"
"Calcineurin","ATM","CAV1"
"Calcineurin","GSK3A","CAV1"
"Calcineurin","DAB2IP","CAV1"
"Calcineurin","RAF1","CAV1"
"Calcineurin","CDK4","CAV1"
"Calcineurin","CDK1","CAV1"
"Calcineurin","ERK1/2","CAV1"
"Calcineurin","Gbeta","CAV1"
"Calcineurin","LCK","CAV1"
"Calcineurin","CDK2","CAV1"
"Calcineurin","CHEK1","CAV1"
"Calcineurin","VAV1","CAV1"
"Calcineurin","GSK3B","CAV1"
"Calcineurin","EGFR","CAV1"
"Calcineurin","PPP1R2","CAV1"
"Calcineurin","RIPK1","CAV1"
"Calcineurin","ERBB2","CAV1"
"Calcineurin","YAP1","CAV1"
"Calcineurin","FGFR1","CAV1"
"Calcineurin","ADRB2","CAV1"
"Calcineurin","TRAF6","CAV1"
"Calcineurin","SHC1","CAV1"
"Calcineurin","SKI","CAV1"
"Calcineurin","CDK6","CAV1"
"Calcineurin","RXRA","CAV1"
"Calcineurin","CDC25C","CAV1"
"Calcineurin","HES1","CAV1"
"Calcineurin","FAM83G","CAV1"
"Calcineurin","RCAN1","CAV1"
"Calcineurin","TRIP13","CAV1"
"Calcineurin","VAV2","CAV1"
"Calcineurin","APC","CAV1"
"Calcineurin","IRAK1","GRB2"
"Calcineurin","DAB2IP","GRB2"
"Calcineurin","RAF1","GRB2"
"Calcineurin","CDK4","GRB2"
"Calcineurin","Gbeta","GRB2"
"Calcineurin","RAC1","GRB2"
"Calcineurin","ABL1","GRB2"
"Calcineurin","CHEK1","GRB2"
"Calcineurin","GSK3B","GRB2"
"Calcineurin","EGFR","GRB2"
"Calcineurin","PRKAA1","GRB2"
"Calcineurin","FADD","GRB2"
"Calcineurin","CDK6","GRB2"
"Calcineurin","AMOTL2","GRB2"
"Calcineurin","BRAF","GRB2"
"Calcineurin","FAM83G","GRB2"
"Calcineurin","PIK3CG","GRB2"
"Calcineurin","RCAN1","GRB2"
"Calcineurin","VAV2","GRB2"
"Calcineurin","APC","GRB2"
"Calcineurin","IRAK1","MSX1"
"Calcineurin","ATM","MSX1"
"Calcineurin","GSK3A","MSX1"
"Calcineurin","CDK1","MSX1"
"Calcineurin","Gbeta","MSX1"
"Calcineurin","LCK","MSX1"
"Calcineurin","RAC1","MSX1"
"Calcineurin","ABL1","MSX1"
"Calcineurin","CDK2","MSX1"
"Calcineurin","VAV1","MSX1"
"Calcineurin","EGFR","MSX1"
"Calcineurin","PPP1R2","MSX1"
"Calcineurin","CyclinE/CDK2","MSX1"
"Calcineurin","RIPK1","MSX1"
"Calcineurin","CDK3","MSX1"
"Calcineurin","GRB2","MSX1"
"Calcineurin","FGFR1","MSX1"
"Calcineurin","ADRB2","MSX1"
"Calcineurin","TRAF6","MSX1"
"Calcineurin","FADD","MSX1"
"Calcineurin","AXIN1","MSX1"
"Calcineurin","CDK6","MSX1"
"Calcineurin","AMOTL2","MSX1"
"Calcineurin","CDC25C","MSX1"
"Calcineurin","BRAF","MSX1"
"Calcineurin","NR3C1","MSX1"
"Calcineurin","PIK3CG","MSX1"
"Calcineurin","RCAN1","MSX1"
"Calcineurin","APC","MSX1"
"Calcineurin","MAP4K2","MSX1"
"Calcineurin","MAPK3","FGFR1"
"Calcineurin","RAF1","FGFR1"
"Calcineurin","CDK4","FGFR1"
"Calcineurin","CDK1","FGFR1"
"Calcineurin","Gbeta","FGFR1"
"Calcineurin","LCK","FGFR1"
"Calcineurin","RAC1","FGFR1"
"Calcineurin","CDK2","FGFR1"
"Calcineurin","CyclinE/CDK2","FGFR1"
"Calcineurin","CDK3","FGFR1"
"Calcineurin","AXIN1","FGFR1"
"Calcineurin","RXRA","FGFR1"
"Calcineurin","CDC25C","FGFR1"
"Calcineurin","FAS","FGFR1"
"Calcineurin","BRAF","FGFR1"
"Calcineurin","FAM83G","FGFR1"
"Calcineurin","PIK3CG","FGFR1"
"Calcineurin","APC","FGFR1"
"Calcineurin","MAPK3","GFI1"
"Calcineurin","IRAK1","GFI1"
"Calcineurin","DAB2IP","GFI1"
"Calcineurin","CDK4","GFI1"
"Calcineurin","CDK1","GFI1"
"Calcineurin","ERK1/2","GFI1"
"Calcineurin","Gbeta","GFI1"
"Calcineurin","LCK","GFI1"
"Calcineurin","ABL1","GFI1"
"Calcineurin","CDK2","GFI1"
"Calcineurin","VAV1","GFI1"
"Calcineurin","EGFR","GFI1"
"Calcineurin","PPP1R2","GFI1"
"Calcineurin","RIPK1","GFI1"
"Calcineurin","YAP1","GFI1"
"Calcineurin","GRB2","GFI1"
"Calcineurin","PRKAA1","GFI1"
"Calcineurin","TRAF6","GFI1"
"Calcineurin","FADD","GFI1"
"Calcineurin","SHC1","GFI1"
"Calcineurin","SKI","GFI1"
"Calcineurin","AXIN1","GFI1"
"Calcineurin","CDK6","GFI1"
"Calcineurin","AMOTL2","GFI1"
"Calcineurin","CDC25C","GFI1"
"Calcineurin","FAS","GFI1"
"Calcineurin","HES1","GFI1"
"Calcineurin","BRAF","GFI1"
"Calcineurin","FAM83G","GFI1"
"Calcineurin","PIK3CG","GFI1"
"Calcineurin","TRIP13","GFI1"
"Calcineurin","VAV2","GFI1"
"Calcineurin","APC","GFI1"
"Calcineurin","ATM","PRKAA1"
"Calcineurin","GSK3A","PRKAA1"
"Calcineurin","DAB2IP","PRKAA1"
"Calcineurin","RAF1","PRKAA1"
"Calcineurin","CDK4","PRKAA1"
"Calcineurin","ERK1/2","PRKAA1"
"Calcineurin","Gbeta","PRKAA1"
"Calcineurin","LCK","PRKAA1"
"Calcineurin","ABL1","PRKAA1"
"Calcineurin","EGFR","PRKAA1"
"Calcineurin","CyclinE/CDK2","PRKAA1"
"Calcineurin","RIPK1","PRKAA1"
"Calcineurin","ERBB2","PRKAA1"
"Calcineurin","YAP1","PRKAA1"
"Calcineurin","TRAF6","PRKAA1"
"Calcineurin","FADD","PRKAA1"
"Calcineurin","SHC1","PRKAA1"
"Calcineurin","SKI","PRKAA1"
"Calcineurin","CDK6","PRKAA1"
"Calcineurin","AMOTL2","PRKAA1"
"Calcineurin","FAS","PRKAA1"
"Calcineurin","NR3C1","PRKAA1"
"Calcineurin","PIK3CG","PRKAA1"
"Calcineurin","RCAN1","PRKAA1"
"Calcineurin","TRIP13","PRKAA1"
"Calcineurin","IRAK1","MAP2K3"
"Calcineurin","ATM","MAP2K3"
"Calcineurin","GSK3A","MAP2K3"
"Calcineurin","RAF1","MAP2K3"
"Calcineurin","CDK1","MAP2K3"
"Calcineurin","Gbeta","MAP2K3"
"Calcineurin","ABL1","MAP2K3"
"Calcineurin","EGFR","MAP2K3"
"Calcineurin","PPP1R2","MAP2K3"
"Calcineurin","CyclinE/CDK2","MAP2K3"
"Calcineurin","ERBB2","MAP2K3"
"Calcineurin","YAP1","MAP2K3"
"Calcineurin","FGFR1","MAP2K3"
"Calcineurin","PRKAA1","MAP2K3"
"Calcineurin","ADRB2","MAP2K3"
"Calcineurin","TRAF6","MAP2K3"
"Calcineurin","SHC1","MAP2K3"
"Calcineurin","SKI","MAP2K3"
"Calcineurin","CDK6","MAP2K3"
"Calcineurin","RXRA","MAP2K3"
"Calcineurin","FAS","MAP2K3"
"Calcineurin","HES1","MAP2K3"
"Calcineurin","PIK3CG","MAP2K3"
"Calcineurin","APC","MAP2K3"
"Calcineurin","MAP4K2","MAP2K3"
"Calcineurin","MAPK3","ADRB2"
"Calcineurin","GSK3A","ADRB2"
"Calcineurin","DAB2IP","ADRB2"
"Calcineurin","RAF1","ADRB2"
"Calcineurin","CDK4","ADRB2"
"Calcineurin","CDK1","ADRB2"
"Calcineurin","LCK","ADRB2"
"Calcineurin","VAV1","ADRB2"
"Calcineurin","GSK3B","ADRB2"
"Calcineurin","PPP1R2","ADRB2"
"Calcineurin","CDK3","ADRB2"
"Calcineurin","GRB2","ADRB2"
"Calcineurin","TRAF6","ADRB2"
"Calcineurin","SHC1","ADRB2"
"Calcineurin","AXIN1","ADRB2"
"Calcineurin","CDK6","ADRB2"
"Calcineurin","RXRA","ADRB2"
"Calcineurin","AMOTL2","ADRB2"
"Calcineurin","FAS","ADRB2"
"Calcineurin","HES1","ADRB2"
"Calcineurin","BRAF","ADRB2"
"Calcineurin","NR3C1","ADRB2"
"Calcineurin","PIK3CG","ADRB2"
"Calcineurin","RCAN1","ADRB2"
"Calcineurin","TRIP13","ADRB2"
"Calcineurin","VAV2","ADRB2"
"Calcineurin","MAPK3","DPYSL5"
"Calcineurin","IRAK1","DPYSL5"
"Calcineurin","GSK3A","DPYSL5"
"Calcineurin","DAB2IP","DPYSL5"
"Calcineurin","CDK1","DPYSL5"
"Calcineurin","ERK1/2","DPYSL5"
"Calcineurin","RAC1","DPYSL5"
"Calcineurin","ABL1","DPYSL5"
"Calcineurin","CDK2","DPYSL5"
"Calcineurin","CHEK1","DPYSL5"
"Calcineurin","VAV1","DPYSL5"
"Calcineurin","EGFR","DPYSL5"
"Calcineurin","PPP1R2","DPYSL5"
"Calcineurin","CyclinE/CDK2","DPYSL5"
"Calcineurin","RIPK1","DPYSL5"
"Calcineurin","CDK3","DPYSL5"
"Calcineurin","GRB2","DPYSL5"
"Calcineurin","PRKAA1","DPYSL5"
"Calcineurin","ADRB2","DPYSL5"
"Calcineurin","SKI","DPYSL5"
"Calcineurin","AXIN1","DPYSL5"
"Calcineurin","CDK6","DPYSL5"
"Calcineurin","AMOTL2","DPYSL5"
"Calcineurin","CDC25C","DPYSL5"
"Calcineurin","FAM83G","DPYSL5"
"Calcineurin","PIK3CG","DPYSL5"
"Calcineurin","RCAN1","DPYSL5"
"Calcineurin","MAPK3","ADARB1"
"Calcineurin","IRAK1","ADARB1"
"Calcineurin","RAF1","ADARB1"
"Calcineurin","CDK1","ADARB1"
"Calcineurin","ERK1/2","ADARB1"
"Calcineurin","Gbeta","ADARB1"
"Calcineurin","LCK","ADARB1"
"Calcineurin","RAC1","ADARB1"
"Calcineurin","ABL1","ADARB1"
"Calcineurin","PPP1R2","ADARB1"
"Calcineurin","CyclinE/CDK2","ADARB1"
"Calcineurin","RIPK1","ADARB1"
"Calcineurin","PRKAA1","ADARB1"
"Calcineurin","FADD","ADARB1"
"Calcineurin","SKI","ADARB1"
"Calcineurin","HES1","ADARB1"
"Calcineurin","BRAF","ADARB1"
"Calcineurin","NR3C1","ADARB1"
"Calcineurin","FAM83G","ADARB1"
"Calcineurin","TRIP13","ADARB1"
"Calcineurin","VAV2","ADARB1"
"Calcineurin","MAP4K2","ADARB1"
"Calcineurin","MAPK3","FGF14"
"Calcineurin","ATM","FGF14"
"Calcineurin","DAB2IP","FGF14"
"Calcineurin","RAF1","FGF14"
"Calcineurin","CDK4","FGF14"
"Calcineurin","Gbeta","FGF14"
"Calcineurin","CyclinE/CDK2","FGF14"
"Calcineurin","ERBB2","FGF14"
"Calcineurin","YAP1","FGF14"
"Calcineurin","CDK3","FGF14"
"Calcineurin","GRB2","FGF14"
"Calcineurin","FGFR1","FGF14"
"Calcineurin","PRKAA1","FGF14"
"Calcineurin","ADRB2","FGF14"
"Calcineurin","AXIN1","FGF14"
"Calcineurin","RXRA","FGF14"
"Calcineurin","AMOTL2","FGF14"
"Calcineurin","CDC25C","FGF14"
"Calcineurin","TRIP13","FGF14"
"Calcineurin","ATM","PAX7"
"Calcineurin","GSK3A","PAX7"
"Calcineurin","RAF1","PAX7"
"Calcineurin","Gbeta","PAX7"
"Calcineurin","CHEK1","PAX7"
"Calcineurin","VAV1","PAX7"
"Calcineurin","EGFR","PAX7"
"Calcineurin","CyclinE/CDK2","PAX7"
"Calcineurin","FGFR1","PAX7"
"Calcineurin","ADRB2","PAX7"
"Calcineurin","AXIN1","PAX7"
"Calcineurin","HES1","PAX7"
"Calcineurin","NR3C1","PAX7"
"Calcineurin","PIK3CG","PAX7"
"Calcineurin","MAP4K2","PAX7"
"Calcineurin","ATM","CIITA"
"Calcineurin","DAB2IP","CIITA"
"Calcineurin","RAF1","CIITA"
"Calcineurin","ABL1","CIITA"
"Calcineurin","CDK2","CIITA"
"Calcineurin","RIPK1","CIITA"
"Calcineurin","ERBB2","CIITA"
"Calcineurin","YAP1","CIITA"
"Calcineurin","GRB2","CIITA"
"Calcineurin","PRKAA1","CIITA"
"Calcineurin","ADRB2","CIITA"
"Calcineurin","FADD","CIITA"
"Calcineurin","SKI","CIITA"
"Calcineurin","AXIN1","CIITA"
"Calcineurin","RXRA","CIITA"
"Calcineurin","AMOTL2","CIITA"
"Calcineurin","FAS","CIITA"
"Calcineurin","NR3C1","CIITA"
"Calcineurin","FAM83G","CIITA"
"Calcineurin","PIK3CG","CIITA"
"Calcineurin","TRIP13","CIITA"
"Calcineurin","APC","CIITA"
"Calcineurin","MAP4K2","CIITA"
"Calcineurin","MAPK3","TRAF6"
"Calcineurin","ATM","TRAF6"
"Calcineurin","GSK3A","TRAF6"
"Calcineurin","DAB2IP","TRAF6"
"Calcineurin","RAF1","TRAF6"
"Calcineurin","CDK4","TRAF6"
"Calcineurin","CDK1","TRAF6"
"Calcineurin","ERK1/2","TRAF6"
"Calcineurin","Gbeta","TRAF6"
"Calcineurin","LCK","TRAF6"
"Calcineurin","RAC1","TRAF6"
"Calcineurin","ABL1","TRAF6"
"Calcineurin","CDK2","TRAF6"
"Calcineurin","CHEK1","TRAF6"
"Calcineurin","VAV1","TRAF6"
"Calcineurin","PPP1R2","TRAF6"
"Calcineurin","ERBB2","TRAF6"
"Calcineurin","CDK3","TRAF6"
"Calcineurin","GRB2","TRAF6"
"Calcineurin","FGFR1","TRAF6"
"Calcineurin","ADRB2","TRAF6"
"Calcineurin","AXIN1","TRAF6"
"Calcineurin","CDK6","TRAF6"
"Calcineurin","CDC25C","TRAF6"
"Calcineurin","NR3C1","TRAF6"
"Calcineurin","PIK3CG","TRAF6"
"Calcineurin","ATM","PCNA"
"Calcineurin","GSK3A","PCNA"
"Calcineurin","Gbeta","PCNA"
"Calcineurin","LCK","PCNA"
"Calcineurin","ABL1","PCNA"
"Calcineurin","CDK2","PCNA"
"Calcineurin","CHEK1","PCNA"
"Calcineurin","EGFR","PCNA"
"Calcineurin","PPP1R2","PCNA"
"Calcineurin","YAP1","PCNA"
"Calcineurin","PRKAA1","PCNA"
"Calcineurin","ADRB2","PCNA"
"Calcineurin","FADD","PCNA"
"Calcineurin","SHC1","PCNA"
"Calcineurin","CDK6","PCNA"
"Calcineurin","RXRA","PCNA"
"Calcineurin","AMOTL2","PCNA"
"Calcineurin","CDC25C","PCNA"
"Calcineurin","NR3C1","PCNA"
"Calcineurin","PIK3CG","PCNA"
"Calcineurin","RCAN1","PCNA"
"Calcineurin","TRIP13","PCNA"
"Calcineurin","APC","PCNA"
"Calcineurin","MAP4K2","PCNA"
"Calcineurin","MAPK3","PTPN7"
"Calcineurin","IRAK1","PTPN7"
"Calcineurin","ATM","PTPN7"
"Calcineurin","DAB2IP","PTPN7"
"Calcineurin","RAF1","PTPN7"
"Calcineurin","MAPK1","PTPN7"
"Calcineurin","CDK1","PTPN7"
"Calcineurin","Gbeta","PTPN7"
"Calcineurin","RAC1","PTPN7"
"Calcineurin","ABL1","PTPN7"
"Calcineurin","GSK3B","PTPN7"
"Calcineurin","EGFR","PTPN7"
"Calcineurin","PPP1R2","PTPN7"
"Calcineurin","CyclinE/CDK2","PTPN7"
"Calcineurin","ERBB2","PTPN7"
"Calcineurin","YAP1","PTPN7"
"Calcineurin","CDK3","PTPN7"
"Calcineurin","GRB2","PTPN7"
"Calcineurin","FGFR1","PTPN7"
"Calcineurin","PRKAA1","PTPN7"
"Calcineurin","FADD","PTPN7"
"Calcineurin","SHC1","PTPN7"
"Calcineurin","SKI","PTPN7"
"Calcineurin","AXIN1","PTPN7"
"Calcineurin","AMOTL2","PTPN7"
"Calcineurin","HES1","PTPN7"
"Calcineurin","BRAF","PTPN7"
"Calcineurin","FAM83G","PTPN7"
"Calcineurin","PIK3CG","PTPN7"
"Calcineurin","MAP4K2","PTPN7"
"Calcineurin","IRAK1","FADD"
"Calcineurin","ATM","FADD"
"Calcineurin","CDK4","FADD"
"Calcineurin","CDK1","FADD"
"Calcineurin","ERK1/2","FADD"
"Calcineurin","Gbeta","FADD"
"Calcineurin","LCK","FADD"
"Calcineurin","RAC1","FADD"
"Calcineurin","ABL1","FADD"
"Calcineurin","CDK2","FADD"
"Calcineurin","CHEK1","FADD"
"Calcineurin","VAV1","FADD"
"Calcineurin","PPP1R2","FADD"
"Calcineurin","CyclinE/CDK2","FADD"
"Calcineurin","CDK3","FADD"
"Calcineurin","GRB2","FADD"
"Calcineurin","FGFR1","FADD"
"Calcineurin","PRKAA1","FADD"
"Calcineurin","SKI","FADD"
"Calcineurin","AXIN1","FADD"
"Calcineurin","HES1","FADD"
"Calcineurin","NR3C1","FADD"
"Calcineurin","TRIP13","FADD"
"Calcineurin","MAP4K2","FADD"
"Calcineurin","ATM","PI3K"
"Calcineurin","RAF1","PI3K"
"Calcineurin","CDK1","PI3K"
"Calcineurin","Gbeta","PI3K"
"Calcineurin","VAV1","PI3K"
"Calcineurin","CyclinE/CDK2","PI3K"
"Calcineurin","ERBB2","PI3K"
"Calcineurin","CDK3","PI3K"
"Calcineurin","FGFR1","PI3K"
"Calcineurin","ADRB2","PI3K"
"Calcineurin","TRAF6","PI3K"
"Calcineurin","FADD","PI3K"
"Calcineurin","SHC1","PI3K"
"Calcineurin","BRAF","PI3K"
"Calcineurin","FAM83G","PI3K"
"Calcineurin","APC","PI3K"
"Calcineurin","IRAK1","CTBP1"
"Calcineurin","ATM","CTBP1"
"Calcineurin","RAC1","CTBP1"
"Calcineurin","CHEK1","CTBP1"
"Calcineurin","EGFR","CTBP1"
"Calcineurin","PPP1R2","CTBP1"
"Calcineurin","CyclinE/CDK2","CTBP1"
"Calcineurin","YAP1","CTBP1"
"Calcineurin","CDK3","CTBP1"
"Calcineurin","PRKAA1","CTBP1"
"Calcineurin","TRAF6","CTBP1"
"Calcineurin","FADD","CTBP1"
"Calcineurin","SHC1","CTBP1"
"Calcineurin","AXIN1","CTBP1"
"Calcineurin","CDK6","CTBP1"
"Calcineurin","RXRA","CTBP1"
"Calcineurin","CDC25C","CTBP1"
"Calcineurin","FAS","CTBP1"
"Calcineurin","HES1","CTBP1"
"Calcineurin","BRAF","CTBP1"
"Calcineurin","NR3C1","CTBP1"
"Calcineurin","TRIP13","CTBP1"
"Calcineurin","MAPK3","RARG"
"Calcineurin","IRAK1","RARG"
"Calcineurin","ATM","RARG"
"Calcineurin","GSK3A","RARG"
"Calcineurin","DAB2IP","RARG"
"Calcineurin","RAF1","RARG"
"Calcineurin","CDK4","RARG"
"Calcineurin","Gbeta","RARG"
"Calcineurin","LCK","RARG"
"Calcineurin","ABL1","RARG"
"Calcineurin","CDK2","RARG"
"Calcineurin","CHEK1","RARG"
"Calcineurin","VAV1","RARG"
"Calcineurin","RIPK1","RARG"
"Calcineurin","YAP1","RARG"
"Calcineurin","CDK3","RARG"
"Calcineurin","GRB2","RARG"
"Calcineurin","FGFR1","RARG"
"Calcineurin","TRAF6","RARG"
"Calcineurin","SHC1","RARG"
"Calcineurin","AXIN1","RARG"
"Calcineurin","CDK6","RARG"
"Calcineurin","AMOTL2","RARG"
"Calcineurin","CDC25C","RARG"
"Calcineurin","FAS","RARG"
"Calcineurin","BRAF","RARG"
"Calcineurin","NR3C1","RARG"
"Calcineurin","FAM83G","RARG"
"Calcineurin","PIK3CG","RARG"
"Calcineurin","TRIP13","RARG"
"Calcineurin","VAV2","RARG"
"Calcineurin","APC","RARG"
"Calcineurin","MAP4K2","RARG"
"Calcineurin","MAPK3","IKK-complex"
"Calcineurin","IRAK1","IKK-complex"
"Calcineurin","ATM","IKK-complex"
"Calcineurin","GSK3A","IKK-complex"
"Calcineurin","DAB2IP","IKK-complex"
"Calcineurin","RAF1","IKK-complex"
"Calcineurin","CDK1","IKK-complex"
"Calcineurin","ERK1/2","IKK-complex"
"Calcineurin","CDK2","IKK-complex"
"Calcineurin","CHEK1","IKK-complex"
"Calcineurin","EGFR","IKK-complex"
"Calcineurin","CyclinE/CDK2","IKK-complex"
"Calcineurin","CDK3","IKK-complex"
"Calcineurin","FGFR1","IKK-complex"
"Calcineurin","SKI","IKK-complex"
"Calcineurin","CDK6","IKK-complex"
"Calcineurin","AMOTL2","IKK-complex"
"Calcineurin","CDC25C","IKK-complex"
"Calcineurin","HES1","IKK-complex"
"Calcineurin","BRAF","IKK-complex"
"Calcineurin","NR3C1","IKK-complex"
"Calcineurin","FAM83G","IKK-complex"
"Calcineurin","PIK3CG","IKK-complex"
"Calcineurin","TRIP13","IKK-complex"
"Calcineurin","VAV2","IKK-complex"
"Calcineurin","MAP4K2","IKK-complex"
"Calcineurin","MAPK3","SHC1"
"Calcineurin","IRAK1","SHC1"
"Calcineurin","GSK3A","SHC1"
"Calcineurin","CDK1","SHC1"
"Calcineurin","LCK","SHC1"
"Calcineurin","CHEK1","SHC1"
"Calcineurin","PPP1R2","SHC1"
"Calcineurin","RIPK1","SHC1"
"Calcineurin","CDK3","SHC1"
"Calcineurin","CDK6","SHC1"
"Calcineurin","CDC25C","SHC1"
"Calcineurin","FAS","SHC1"
"Calcineurin","FAM83G","SHC1"
"Calcineurin","PIK3CG","SHC1"
"Calcineurin","RCAN1","SHC1"
"Calcineurin","TRIP13","SHC1"
"Calcineurin","APC","SHC1"
"Calcineurin","MAP4K2","SHC1"
"Calcineurin","DAB2IP","IKBKG"
"Calcineurin","RAF1","IKBKG"
"Calcineurin","CDK4","IKBKG"
"Calcineurin","RAC1","IKBKG"
"Calcineurin","GSK3B","IKBKG"
"Calcineurin","ERBB2","IKBKG"
"Calcineurin","YAP1","IKBKG"
"Calcineurin","SKI","IKBKG"
"Calcineurin","RXRA","IKBKG"
"Calcineurin","CDC25C","IKBKG"
"Calcineurin","HES1","IKBKG"
"Calcineurin","BRAF","IKBKG"
"Calcineurin","RCAN1","IKBKG"
"Calcineurin","VAV2","IKBKG"
"Calcineurin","IRAK1","EEF2K"
"Calcineurin","GSK3A","EEF2K"
"Calcineurin","RAF1","EEF2K"
"Calcineurin","CDK4","EEF2K"
"Calcineurin","CDK1","EEF2K"
"Calcineurin","ERK1/2","EEF2K"
"Calcineurin","Gbeta","EEF2K"
"Calcineurin","LCK","EEF2K"
"Calcineurin","ABL1","EEF2K"
"Calcineurin","CDK2","EEF2K"
"Calcineurin","CHEK1","EEF2K"
"Calcineurin","GSK3B","EEF2K"
"Calcineurin","PPP1R2","EEF2K"
"Calcineurin","CyclinE/CDK2","EEF2K"
"Calcineurin","RIPK1","EEF2K"
"Calcineurin","YAP1","EEF2K"
"Calcineurin","FGFR1","EEF2K"
"Calcineurin","FADD","EEF2K"
"Calcineurin","SHC1","EEF2K"
"Calcineurin","CDK6","EEF2K"
"Calcineurin","AMOTL2","EEF2K"
"Calcineurin","HES1","EEF2K"
"Calcineurin","BRAF","EEF2K"
"Calcineurin","NR3C1","EEF2K"
"Calcineurin","VAV2","EEF2K"
"Calcineurin","MAP4K2","EEF2K"
"Calcineurin","MAPK3","SKI"
"Calcineurin","GSK3A","SKI"
"Calcineurin","CDK2","SKI"
"Calcineurin","CHEK1","SKI"
"Calcineurin","VAV1","SKI"
"Calcineurin","EGFR","SKI"
"Calcineurin","CyclinE/CDK2","SKI"
"Calcineurin","ERBB2","SKI"
"Calcineurin","CDK3","SKI"
"Calcineurin","TRAF6","SKI"
"Calcineurin","FADD","SKI"
"Calcineurin","AXIN1","SKI"
"Calcineurin","HES1","SKI"
"Calcineurin","FAM83G","SKI"
"Calcineurin","TRIP13","SKI"
"Calcineurin","APC","SKI"
"Calcineurin","MAPK3","PAK4"
"Calcineurin","ATM","PAK4"
"Calcineurin","DAB2IP","PAK4"
"Calcineurin","CDK1","PAK4"
"Calcineurin","CHEK1","PAK4"
"Calcineurin","VAV1","PAK4"
"Calcineurin","RIPK1","PAK4"
"Calcineurin","YAP1","PAK4"
"Calcineurin","CDK3","PAK4"
"Calcineurin","GRB2","PAK4"
"Calcineurin","FGFR1","PAK4"
"Calcineurin","ADRB2","PAK4"
"Calcineurin","TRAF6","PAK4"
"Calcineurin","FADD","PAK4"
"Calcineurin","SHC1","PAK4"
"Calcineurin","RXRA","PAK4"
"Calcineurin","AMOTL2","PAK4"
"Calcineurin","HES1","PAK4"
"Calcineurin","BRAF","PAK4"
"Calcineurin","NR3C1","PAK4"
"Calcineurin","FAM83G","PAK4"
"Calcineurin","RCAN1","PAK4"
"Calcineurin","VAV2","PAK4"
"Calcineurin","APC","PAK4"
"Calcineurin","MAP4K2","PAK4"
"Calcineurin","MAPK3","AXIN1"
"Calcineurin","ATM","AXIN1"
"Calcineurin","GSK3A","AXIN1"
"Calcineurin","RAF1","AXIN1"
"Calcineurin","CDK4","AXIN1"
"Calcineurin","CDK1","AXIN1"
"Calcineurin","ERK1/2","AXIN1"
"Calcineurin","Gbeta","AXIN1"
"Calcineurin","LCK","AXIN1"
"Calcineurin","ABL1","AXIN1"
"Calcineurin","CDK2","AXIN1"
"Calcineurin","CHEK1","AXIN1"
"Calcineurin","EGFR","AXIN1"
"Calcineurin","CyclinE/CDK2","AXIN1"
"Calcineurin","RIPK1","AXIN1"
"Calcineurin","YAP1","AXIN1"
"Calcineurin","GRB2","AXIN1"
"Calcineurin","FGFR1","AXIN1"
"Calcineurin","ADRB2","AXIN1"
"Calcineurin","TRAF6","AXIN1"
"Calcineurin","FADD","AXIN1"
"Calcineurin","SHC1","AXIN1"
"Calcineurin","SKI","AXIN1"
"Calcineurin","CDK6","AXIN1"
"Calcineurin","RXRA","AXIN1"
"Calcineurin","AMOTL2","AXIN1"
"Calcineurin","CDC25C","AXIN1"
"Calcineurin","FAS","AXIN1"
"Calcineurin","HES1","AXIN1"
"Calcineurin","BRAF","AXIN1"
"Calcineurin","NR3C1","AXIN1"
"Calcineurin","FAM83G","AXIN1"
"Calcineurin","TRIP13","AXIN1"
"Calcineurin","VAV2","AXIN1"
"Calcineurin","APC","AXIN1"
"Calcineurin","MAPK3","RELA"
"Calcineurin","IRAK1","RELA"
"Calcineurin","ATM","RELA"
"Calcineurin","GSK3A","RELA"
"Calcineurin","DAB2IP","RELA"
"Calcineurin","Gbeta","RELA"
"Calcineurin","LCK","RELA"
"Calcineurin","CDK2","RELA"
"Calcineurin","CHEK1","RELA"
"Calcineurin","VAV1","RELA"
"Calcineurin","GSK3B","RELA"
"Calcineurin","PPP1R2","RELA"
"Calcineurin","ERBB2","RELA"
"Calcineurin","YAP1","RELA"
"Calcineurin","CDK3","RELA"
"Calcineurin","FGFR1","RELA"
"Calcineurin","PRKAA1","RELA"
"Calcineurin","FADD","RELA"
"Calcineurin","SHC1","RELA"
"Calcineurin","AXIN1","RELA"
"Calcineurin","CDK6","RELA"
"Calcineurin","FAS","RELA"
"Calcineurin","HES1","RELA"
"Calcineurin","BRAF","RELA"
"Calcineurin","RCAN1","RELA"
"Calcineurin","APC","RELA"
"Calcineurin","MAP4K2","RELA"
"Calcineurin","MAPK3","TP53"
"Calcineurin","IRAK1","TP53"
"Calcineurin","GSK3A","TP53"
"Calcineurin","DAB2IP","TP53"
"Calcineurin","CDK4","TP53"
"Calcineurin","CDK1","TP53"
"Calcineurin","LCK","TP53"
"Calcineurin","ABL1","TP53"
"Calcineurin","CDK2","TP53"
"Calcineurin","VAV1","TP53"
"Calcineurin","GSK3B","TP53"
"Calcineurin","EGFR","TP53"
"Calcineurin","ERBB2","TP53"
"Calcineurin","CDK3","TP53"
"Calcineurin","FGFR1","TP53"
"Calcineurin","PRKAA1","TP53"
"Calcineurin","TRAF6","TP53"
"Calcineurin","FADD","TP53"
"Calcineurin","SHC1","TP53"
"Calcineurin","SKI","TP53"
"Calcineurin","AXIN1","TP53"
"Calcineurin","RXRA","TP53"
"Calcineurin","AMOTL2","TP53"
"Calcineurin","CDC25C","TP53"
"Calcineurin","FAS","TP53"
"Calcineurin","HES1","TP53"
"Calcineurin","TRIP13","TP53"
"Calcineurin","VAV2","TP53"
"Calcineurin","APC","TP53"
"Calcineurin","MAP4K2","TP53"
"Calcineurin","IRAK1","DIABLO"
"Calcineurin","ATM","DIABLO"
"Calcineurin","ERK1/2","DIABLO"
"Calcineurin","Gbeta","DIABLO"
"Calcineurin","RAC1","DIABLO"
"Calcineurin","CDK2","DIABLO"
"Calcineurin","VAV1","DIABLO"
"Calcineurin","GSK3B","DIABLO"
"Calcineurin","EGFR","DIABLO"
"Calcineurin","RIPK1","DIABLO"
"Calcineurin","YAP1","DIABLO"
"Calcineurin","GRB2","DIABLO"
"Calcineurin","FGFR1","DIABLO"
"Calcineurin","PRKAA1","DIABLO"
"Calcineurin","ADRB2","DIABLO"
"Calcineurin","FADD","DIABLO"
"Calcineurin","SHC1","DIABLO"
"Calcineurin","CDK6","DIABLO"
"Calcineurin","AMOTL2","DIABLO"
"Calcineurin","CDC25C","DIABLO"
"Calcineurin","FAS","DIABLO"
"Calcineurin","BRAF","DIABLO"
"Calcineurin","NR3C1","DIABLO"
"Calcineurin","FAM83G","DIABLO"
"Calcineurin","TRIP13","DIABLO"
"Calcineurin","VAV2","DIABLO"
"Calcineurin","APC","DIABLO"
"Calcineurin","MAP4K2","DIABLO"
"Calcineurin","MAPK3","TOB1"
"Calcineurin","ATM","TOB1"
"Calcineurin","GSK3A","TOB1"
"Calcineurin","CDK4","TOB1"
"Calcineurin","CDK1","TOB1"
"Calcineurin","Gbeta","TOB1"
"Calcineurin","LCK","TOB1"
"Calcineurin","CDK2","TOB1"
"Calcineurin","CHEK1","TOB1"
"Calcineurin","VAV1","TOB1"
"Calcineurin","GSK3B","TOB1"
"Calcineurin","PPP1R2","TOB1"
"Calcineurin","CyclinE/CDK2","TOB1"
"Calcineurin","ERBB2","TOB1"
"Calcineurin","YAP1","TOB1"
"Calcineurin","CDK3","TOB1"
"Calcineurin","GRB2","TOB1"
"Calcineurin","FGFR1","TOB1"
"Calcineurin","PRKAA1","TOB1"
"Calcineurin","ADRB2","TOB1"
"Calcineurin","TRAF6","TOB1"
"Calcineurin","FADD","TOB1"
"Calcineurin","SHC1","TOB1"
"Calcineurin","SKI","TOB1"
"Calcineurin","AXIN1","TOB1"
"Calcineurin","CDK6","TOB1"
"Calcineurin","AMOTL2","TOB1"
"Calcineurin","CDC25C","TOB1"
"Calcineurin","FAS","TOB1"
"Calcineurin","HES1","TOB1"
"Calcineurin","BRAF","TOB1"
"Calcineurin","NR3C1","TOB1"
"Calcineurin","PIK3CG","TOB1"
"Calcineurin","TRIP13","TOB1"
"Calcineurin","MAP4K2","TOB1"
"Calcineurin","MAPK3","CDKN1B"
"Calcineurin","IRAK1","CDKN1B"
"Calcineurin","DAB2IP","CDKN1B"
"Calcineurin","RAF1","CDKN1B"
"Calcineurin","CDK4","CDKN1B"
"Calcineurin","CDK1","CDKN1B"
"Calcineurin","ERK1/2","CDKN1B"
"Calcineurin","LCK","CDKN1B"
"Calcineurin","RAC1","CDKN1B"
"Calcineurin","ABL1","CDKN1B"
"Calcineurin","CDK2","CDKN1B"
"Calcineurin","PPP1R2","CDKN1B"
"Calcineurin","CyclinE/CDK2","CDKN1B"
"Calcineurin","RIPK1","CDKN1B"
"Calcineurin","ERBB2","CDKN1B"
"Calcineurin","YAP1","CDKN1B"
"Calcineurin","FGFR1","CDKN1B"
"Calcineurin","PRKAA1","CDKN1B"
"Calcineurin","ADRB2","CDKN1B"
"Calcineurin","TRAF6","CDKN1B"
"Calcineurin","FADD","CDKN1B"
"Calcineurin","SHC1","CDKN1B"
"Calcineurin","AXIN1","CDKN1B"
"Calcineurin","CDK6","CDKN1B"
"Calcineurin","RXRA","CDKN1B"
"Calcineurin","FAS","CDKN1B"
"Calcineurin","HES1","CDKN1B"
"Calcineurin","BRAF","CDKN1B"
"Calcineurin","PIK3CG","CDKN1B"
"Calcineurin","VAV2","CDKN1B"
"Calcineurin","APC","CDKN1B"
"Calcineurin","MAP4K2","CDKN1B"
"Calcineurin","MAPK3","CDK6"
"Calcineurin","GSK3A","CDK6"
"Calcineurin","DAB2IP","CDK6"
"Calcineurin","RAF1","CDK6"
"Calcineurin","CDK1","CDK6"
"Calcineurin","ERK1/2","CDK6"
"Calcineurin","Gbeta","CDK6"
"Calcineurin","RAC1","CDK6"
"Calcineurin","CDK2","CDK6"
"Calcineurin","CHEK1","CDK6"
"Calcineurin","EGFR","CDK6"
"Calcineurin","PPP1R2","CDK6"
"Calcineurin","CyclinE/CDK2","CDK6"
"Calcineurin","RIPK1","CDK6"
"Calcineurin","GRB2","CDK6"
"Calcineurin","FGFR1","CDK6"
"Calcineurin","PRKAA1","CDK6"
"Calcineurin","ADRB2","CDK6"
"Calcineurin","TRAF6","CDK6"
"Calcineurin","SHC1","CDK6"
"Calcineurin","AXIN1","CDK6"
"Calcineurin","RXRA","CDK6"
"Calcineurin","CDC25C","CDK6"
"Calcineurin","HES1","CDK6"
"Calcineurin","BRAF","CDK6"
"Calcineurin","PIK3CG","CDK6"
"Calcineurin","RCAN1","CDK6"
"Calcineurin","VAV2","CDK6"
"Calcineurin","MAP4K2","CDK6"
"Calcineurin","NR3C1","AR"
"Calcineurin","ATM","YWHAB"
"Calcineurin","GSK3A","YWHAB"
"Calcineurin","DAB2IP","YWHAB"
"Calcineurin","RAF1","YWHAB"
"Calcineurin","CDK4","YWHAB"
"Calcineurin","CDK1","YWHAB"
"Calcineurin","ERK1/2","YWHAB"
"Calcineurin","Gbeta","YWHAB"
"Calcineurin","LCK","YWHAB"
"Calcineurin","ABL1","YWHAB"
"Calcineurin","CDK2","YWHAB"
"Calcineurin","VAV1","YWHAB"
"Calcineurin","GSK3B","YWHAB"
"Calcineurin","EGFR","YWHAB"
"Calcineurin","PPP1R2","YWHAB"
"Calcineurin","CyclinE/CDK2","YWHAB"
"Calcineurin","RIPK1","YWHAB"
"Calcineurin","CDK3","YWHAB"
"Calcineurin","GRB2","YWHAB"
"Calcineurin","PRKAA1","YWHAB"
"Calcineurin","ADRB2","YWHAB"
"Calcineurin","FADD","YWHAB"
"Calcineurin","SHC1","YWHAB"
"Calcineurin","AXIN1","YWHAB"
"Calcineurin","RXRA","YWHAB"
"Calcineurin","AMOTL2","YWHAB"
"Calcineurin","CDC25C","YWHAB"
"Calcineurin","HES1","YWHAB"
"Calcineurin","BRAF","YWHAB"
"Calcineurin","FAM83G","YWHAB"
"Calcineurin","PIK3CG","YWHAB"
"Calcineurin","VAV2","YWHAB"
"Calcineurin","APC","YWHAB"
"Calcineurin","MAP4K2","YWHAB"
"Calcineurin","MAPK3","GEM"
"Calcineurin","IRAK1","GEM"
"Calcineurin","ATM","GEM"
"Calcineurin","DAB2IP","GEM"
"Calcineurin","RAF1","GEM"
"Calcineurin","CDK1","GEM"
"Calcineurin","ERK1/2","GEM"
"Calcineurin","Gbeta","GEM"
"Calcineurin","LCK","GEM"
"Calcineurin","RAC1","GEM"
"Calcineurin","ABL1","GEM"
"Calcineurin","CDK2","GEM"
"Calcineurin","CHEK1","GEM"
"Calcineurin","VAV1","GEM"
"Calcineurin","GSK3B","GEM"
"Calcineurin","EGFR","GEM"
"Calcineurin","PPP1R2","GEM"
"Calcineurin","CyclinE/CDK2","GEM"
"Calcineurin","ERBB2","GEM"
"Calcineurin","YAP1","GEM"
"Calcineurin","CDK3","GEM"
"Calcineurin","FGFR1","GEM"
"Calcineurin","PRKAA1","GEM"
"Calcineurin","ADRB2","GEM"
"Calcineurin","TRAF6","GEM"
"Calcineurin","FADD","GEM"
"Calcineurin","SKI","GEM"
"Calcineurin","CDK6","GEM"
"Calcineurin","AMOTL2","GEM"
"Calcineurin","CDC25C","GEM"
"Calcineurin","FAS","GEM"
"Calcineurin","PIK3CG","GEM"
"Calcineurin","VAV2","GEM"
"Calcineurin","APC","GEM"
"Calcineurin","IRAK1","PDK1"
"Calcineurin","ATM","PDK1"
"Calcineurin","DAB2IP","PDK1"
"Calcineurin","RAF1","PDK1"
"Calcineurin","CDK4","PDK1"
"Calcineurin","CDK1","PDK1"
"Calcineurin","ERK1/2","PDK1"
"Calcineurin","LCK","PDK1"
"Calcineurin","CDK2","PDK1"
"Calcineurin","CHEK1","PDK1"
"Calcineurin","VAV1","PDK1"
"Calcineurin","GSK3B","PDK1"
"Calcineurin","EGFR","PDK1"
"Calcineurin","PPP1R2","PDK1"
"Calcineurin","CyclinE/CDK2","PDK1"
"Calcineurin","CDK3","PDK1"
"Calcineurin","GRB2","PDK1"
"Calcineurin","PRKAA1","PDK1"
"Calcineurin","ADRB2","PDK1"
"Calcineurin","TRAF6","PDK1"
"Calcineurin","SHC1","PDK1"
"Calcineurin","AXIN1","PDK1"
"Calcineurin","CDK6","PDK1"
"Calcineurin","RXRA","PDK1"
"Calcineurin","CDC25C","PDK1"
"Calcineurin","FAS","PDK1"
"Calcineurin","BRAF","PDK1"
"Calcineurin","NR3C1","PDK1"
"Calcineurin","RCAN1","PDK1"
"Calcineurin","VAV2","PDK1"
"Calcineurin","APC","PDK1"
"Calcineurin","MAPK3","MAX"
"Calcineurin","DAB2IP","MAX"
"Calcineurin","RAF1","MAX"
"Calcineurin","CDK4","MAX"
"Calcineurin","CDK1","MAX"
"Calcineurin","ERK1/2","MAX"
"Calcineurin","Gbeta","MAX"
"Calcineurin","LCK","MAX"
"Calcineurin","RAC1","MAX"
"Calcineurin","ABL1","MAX"
"Calcineurin","CDK2","MAX"
"Calcineurin","CHEK1","MAX"
"Calcineurin","VAV1","MAX"
"Calcineurin","GSK3B","MAX"
"Calcineurin","EGFR","MAX"
"Calcineurin","ERBB2","MAX"
"Calcineurin","YAP1","MAX"
"Calcineurin","CDK3","MAX"
"Calcineurin","GRB2","MAX"
"Calcineurin","FGFR1","MAX"
"Calcineurin","ADRB2","MAX"
"Calcineurin","TRAF6","MAX"
"Calcineurin","FADD","MAX"
"Calcineurin","SKI","MAX"
"Calcineurin","RXRA","MAX"
"Calcineurin","FAS","MAX"
"Calcineurin","HES1","MAX"
"Calcineurin","BRAF","MAX"
"Calcineurin","NR3C1","MAX"
"Calcineurin","FAM83G","MAX"
"Calcineurin","PIK3CG","MAX"
"Calcineurin","VAV2","MAX"
"Calcineurin","MAP4K2","MAX"
"Calcineurin","MAPK3","FOXO1"
"Calcineurin","IRAK1","FOXO1"
"Calcineurin","ATM","FOXO1"
"Calcineurin","DAB2IP","FOXO1"
"Calcineurin","RAF1","FOXO1"
"Calcineurin","CDK1","FOXO1"
"Calcineurin","RAC1","FOXO1"
"Calcineurin","VAV1","FOXO1"
"Calcineurin","GSK3B","FOXO1"
"Calcineurin","EGFR","FOXO1"
"Calcineurin","PPP1R2","FOXO1"
"Calcineurin","CyclinE/CDK2","FOXO1"
"Calcineurin","RIPK1","FOXO1"
"Calcineurin","YAP1","FOXO1"
"Calcineurin","CDK3","FOXO1"
"Calcineurin","GRB2","FOXO1"
"Calcineurin","FGFR1","FOXO1"
"Calcineurin","PRKAA1","FOXO1"
"Calcineurin","ADRB2","FOXO1"
"Calcineurin","TRAF6","FOXO1"
"Calcineurin","FADD","FOXO1"
"Calcineurin","SHC1","FOXO1"
"Calcineurin","SKI","FOXO1"
"Calcineurin","AXIN1","FOXO1"
"Calcineurin","CDK6","FOXO1"
"Calcineurin","CDC25C","FOXO1"
"Calcineurin","FAS","FOXO1"
"Calcineurin","HES1","FOXO1"
"Calcineurin","APC","FOXO1"
"Calcineurin","MAP4K2","FOXO1"
"Calcineurin","MAPK3","BAD"
"Calcineurin","IRAK1","BAD"
"Calcineurin","GSK3A","BAD"
"Calcineurin","DAB2IP","BAD"
"Calcineurin","ERK1/2","BAD"
"Calcineurin","LCK","BAD"
"Calcineurin","RAC1","BAD"
"Calcineurin","VAV1","BAD"
"Calcineurin","GSK3B","BAD"
"Calcineurin","EGFR","BAD"
"Calcineurin","CyclinE/CDK2","BAD"
"Calcineurin","ERBB2","BAD"
"Calcineurin","CDK3","BAD"
"Calcineurin","GRB2","BAD"
"Calcineurin","FGFR1","BAD"
"Calcineurin","PRKAA1","BAD"
"Calcineurin","ADRB2","BAD"
"Calcineurin","TRAF6","BAD"
"Calcineurin","SKI","BAD"
"Calcineurin","AXIN1","BAD"
"Calcineurin","CDK6","BAD"
"Calcineurin","AMOTL2","BAD"
"Calcineurin","CDC25C","BAD"
"Calcineurin","FAS","BAD"
"Calcineurin","HES1","BAD"
"Calcineurin","NR3C1","BAD"
"Calcineurin","FAM83G","BAD"
"Calcineurin","PIK3CG","BAD"
"Calcineurin","RCAN1","BAD"
"Calcineurin","APC","BAD"
"Calcineurin","MAP4K2","BAD"
"Calcineurin","MAPK3","ERBB3"
"Calcineurin","ATM","ERBB3"
"Calcineurin","DAB2IP","ERBB3"
"Calcineurin","LCK","ERBB3"
"Calcineurin","CDK2","ERBB3"
"Calcineurin","PPP1R2","ERBB3"
"Calcineurin","RIPK1","ERBB3"
"Calcineurin","ERBB2","ERBB3"
"Calcineurin","YAP1","ERBB3"
"Calcineurin","CDK3","ERBB3"
"Calcineurin","GRB2","ERBB3"
"Calcineurin","PRKAA1","ERBB3"
"Calcineurin","FADD","ERBB3"
"Calcineurin","SHC1","ERBB3"
"Calcineurin","SKI","ERBB3"
"Calcineurin","AXIN1","ERBB3"
"Calcineurin","CDK6","ERBB3"
"Calcineurin","RXRA","ERBB3"
"Calcineurin","AMOTL2","ERBB3"
"Calcineurin","CDC25C","ERBB3"
"Calcineurin","BRAF","ERBB3"
"Calcineurin","FAM83G","ERBB3"
"Calcineurin","PIK3CG","ERBB3"
"Calcineurin","VAV2","ERBB3"
"Calcineurin","APC","ERBB3"
"Calcineurin","IRAK1","RXRA"
"Calcineurin","GSK3A","RXRA"
"Calcineurin","DAB2IP","RXRA"
"Calcineurin","Gbeta","RXRA"
"Calcineurin","LCK","RXRA"
"Calcineurin","RAC1","RXRA"
"Calcineurin","ABL1","RXRA"
"Calcineurin","VAV1","RXRA"
"Calcineurin","EGFR","RXRA"
"Calcineurin","PPP1R2","RXRA"
"Calcineurin","CyclinE/CDK2","RXRA"
"Calcineurin","RIPK1","RXRA"
"Calcineurin","YAP1","RXRA"
"Calcineurin","FGFR1","RXRA"
"Calcineurin","PRKAA1","RXRA"
"Calcineurin","ADRB2","RXRA"
"Calcineurin","TRAF6","RXRA"
"Calcineurin","FADD","RXRA"
"Calcineurin","SHC1","RXRA"
"Calcineurin","SKI","RXRA"
"Calcineurin","CDK6","RXRA"
"Calcineurin","AMOTL2","RXRA"
"Calcineurin","FAS","RXRA"
"Calcineurin","HES1","RXRA"
"Calcineurin","BRAF","RXRA"
"Calcineurin","NR3C1","RXRA"
"Calcineurin","ATM","RXR"
"Calcineurin","GSK3A","RXR"
"Calcineurin","DAB2IP","RXR"
"Calcineurin","RAF1","RXR"
"Calcineurin","CDK1","RXR"
"Calcineurin","ERK1/2","RXR"
"Calcineurin","RAC1","RXR"
"Calcineurin","ABL1","RXR"
"Calcineurin","CDK2","RXR"
"Calcineurin","EGFR","RXR"
"Calcineurin","PPP1R2","RXR"
"Calcineurin","CyclinE/CDK2","RXR"
"Calcineurin","RIPK1","RXR"
"Calcineurin","FGFR1","RXR"
"Calcineurin","PRKAA1","RXR"
"Calcineurin","ADRB2","RXR"
"Calcineurin","FADD","RXR"
"Calcineurin","SKI","RXR"
"Calcineurin","AMOTL2","RXR"
"Calcineurin","FAS","RXR"
"Calcineurin","NR3C1","RXR"
"Calcineurin","PIK3CG","RXR"
"Calcineurin","TRIP13","RXR"
"Calcineurin","APC","RXR"
"Calcineurin","MAP4K2","RXR"
"Calcineurin","IRAK1","RB1"
"Calcineurin","ATM","RB1"
"Calcineurin","GSK3A","RB1"
"Calcineurin","DAB2IP","RB1"
"Calcineurin","ERK1/2","RB1"
"Calcineurin","Gbeta","RB1"
"Calcineurin","RAC1","RB1"
"Calcineurin","ABL1","RB1"
"Calcineurin","VAV1","RB1"
"Calcineurin","PPP1R2","RB1"
"Calcineurin","CyclinE/CDK2","RB1"
"Calcineurin","RIPK1","RB1"
"Calcineurin","FADD","RB1"
"Calcineurin","SKI","RB1"
"Calcineurin","RXRA","RB1"
"Calcineurin","FAS","RB1"
"Calcineurin","HES1","RB1"
"Calcineurin","PIK3CG","RB1"
"Calcineurin","RCAN1","RB1"
"Calcineurin","TRIP13","RB1"
"Calcineurin","IRAK1","AMOTL2"
"Calcineurin","CDK1","AMOTL2"
"Calcineurin","Gbeta","AMOTL2"
"Calcineurin","LCK","AMOTL2"
"Calcineurin","ABL1","AMOTL2"
"Calcineurin","CDK2","AMOTL2"
"Calcineurin","CHEK1","AMOTL2"
"Calcineurin","GSK3B","AMOTL2"
"Calcineurin","EGFR","AMOTL2"
"Calcineurin","PPP1R2","AMOTL2"
"Calcineurin","YAP1","AMOTL2"
"Calcineurin","PRKAA1","AMOTL2"
"Calcineurin","ADRB2","AMOTL2"
"Calcineurin","TRAF6","AMOTL2"
"Calcineurin","FADD","AMOTL2"
"Calcineurin","AXIN1","AMOTL2"
"Calcineurin","RXRA","AMOTL2"
"Calcineurin","CDC25C","AMOTL2"
"Calcineurin","FAS","AMOTL2"
"Calcineurin","BRAF","AMOTL2"
"Calcineurin","NR3C1","AMOTL2"
"Calcineurin","RCAN1","AMOTL2"
"Calcineurin","APC","AMOTL2"
"Calcineurin","MAP4K2","AMOTL2"
"Calcineurin","IRAK1","ERRFI1"
"Calcineurin","ATM","ERRFI1"
"Calcineurin","DAB2IP","ERRFI1"
"Calcineurin","CDK4","ERRFI1"
"Calcineurin","CDK1","ERRFI1"
"Calcineurin","ERK1/2","ERRFI1"
"Calcineurin","Gbeta","ERRFI1"
"Calcineurin","LCK","ERRFI1"
"Calcineurin","RAC1","ERRFI1"
"Calcineurin","ABL1","ERRFI1"
"Calcineurin","CDK2","ERRFI1"
"Calcineurin","CHEK1","ERRFI1"
"Calcineurin","VAV1","ERRFI1"
"Calcineurin","GSK3B","ERRFI1"
"Calcineurin","PPP1R2","ERRFI1"
"Calcineurin","CyclinE/CDK2","ERRFI1"
"Calcineurin","RIPK1","ERRFI1"
"Calcineurin","ERBB2","ERRFI1"
"Calcineurin","CDK3","ERRFI1"
"Calcineurin","PRKAA1","ERRFI1"
"Calcineurin","ADRB2","ERRFI1"
"Calcineurin","TRAF6","ERRFI1"
"Calcineurin","FADD","ERRFI1"
"Calcineurin","AXIN1","ERRFI1"
"Calcineurin","RXRA","ERRFI1"
"Calcineurin","CDC25C","ERRFI1"
"Calcineurin","HES1","ERRFI1"
"Calcineurin","BRAF","ERRFI1"
"Calcineurin","PIK3CG","ERRFI1"
"Calcineurin","TRIP13","ERRFI1"
"Calcineurin","VAV2","ERRFI1"
"Calcineurin","APC","ERRFI1"
"Calcineurin","MAP4K2","ERRFI1"
"Calcineurin","GSK3A","CDC25C"
"Calcineurin","DAB2IP","CDC25C"
"Calcineurin","RAF1","CDC25C"
"Calcineurin","CDK4","CDC25C"
"Calcineurin","CDK1","CDC25C"
"Calcineurin","ERK1/2","CDC25C"
"Calcineurin","Gbeta","CDC25C"
"Calcineurin","LCK","CDC25C"
"Calcineurin","RAC1","CDC25C"
"Calcineurin","ABL1","CDC25C"
"Calcineurin","CDK2","CDC25C"
"Calcineurin","VAV1","CDC25C"
"Calcineurin","GSK3B","CDC25C"
"Calcineurin","EGFR","CDC25C"
"Calcineurin","PPP1R2","CDC25C"
"Calcineurin","CyclinE/CDK2","CDC25C"
"Calcineurin","RIPK1","CDC25C"
"Calcineurin","CDK3","CDC25C"
"Calcineurin","GRB2","CDC25C"
"Calcineurin","FGFR1","CDC25C"
"Calcineurin","ADRB2","CDC25C"
"Calcineurin","TRAF6","CDC25C"
"Calcineurin","FADD","CDC25C"
"Calcineurin","SHC1","CDC25C"
"Calcineurin","SKI","CDC25C"
"Calcineurin","AMOTL2","CDC25C"
"Calcineurin","FAS","CDC25C"
"Calcineurin","BRAF","CDC25C"
"Calcineurin","FAM83G","CDC25C"
"Calcineurin","TRIP13","CDC25C"
"Calcineurin","VAV2","CDC25C"
"Calcineurin","APC","CDC25C"
"Calcineurin","MAP4K2","CDC25C"
"Calcineurin","MAPK3","FAS"
"Calcineurin","IRAK1","FAS"
"Calcineurin","ATM","FAS"
"Calcineurin","GSK3A","FAS"
"Calcineurin","CDK4","FAS"
"Calcineurin","CDK1","FAS"
"Calcineurin","ERK1/2","FAS"
"Calcineurin","Gbeta","FAS"
"Calcineurin","LCK","FAS"
"Calcineurin","RAC1","FAS"
"Calcineurin","ABL1","FAS"
"Calcineurin","CDK2","FAS"
"Calcineurin","ERBB2","FAS"
"Calcineurin","CDK3","FAS"
"Calcineurin","PRKAA1","FAS"
"Calcineurin","ADRB2","FAS"
"Calcineurin","SKI","FAS"
"Calcineurin","AXIN1","FAS"
"Calcineurin","AMOTL2","FAS"
"Calcineurin","NR3C1","FAS"
"Calcineurin","PIK3CG","FAS"
"Calcineurin","RCAN1","FAS"
"Calcineurin","MAP4K2","FAS"
"Calcineurin","GSK3A","RNF11"
"Calcineurin","DAB2IP","RNF11"
"Calcineurin","CDK4","RNF11"
"Calcineurin","LCK","RNF11"
"Calcineurin","RAC1","RNF11"
"Calcineurin","CDK2","RNF11"
"Calcineurin","CHEK1","RNF11"
"Calcineurin","VAV1","RNF11"
"Calcineurin","GSK3B","RNF11"
"Calcineurin","PPP1R2","RNF11"
"Calcineurin","CyclinE/CDK2","RNF11"
"Calcineurin","RIPK1","RNF11"
"Calcineurin","ERBB2","RNF11"
"Calcineurin","YAP1","RNF11"
"Calcineurin","CDK3","RNF11"
"Calcineurin","FGFR1","RNF11"
"Calcineurin","ADRB2","RNF11"
"Calcineurin","TRAF6","RNF11"
"Calcineurin","FADD","RNF11"
"Calcineurin","SHC1","RNF11"
"Calcineurin","SKI","RNF11"
"Calcineurin","AXIN1","RNF11"
"Calcineurin","CDK6","RNF11"
"Calcineurin","AMOTL2","RNF11"
"Calcineurin","FAS","RNF11"
"Calcineurin","HES1","RNF11"
"Calcineurin","BRAF","RNF11"
"Calcineurin","NR3C1","RNF11"
"Calcineurin","PIK3CG","RNF11"
"Calcineurin","RCAN1","RNF11"
"Calcineurin","TRIP13","RNF11"
"Calcineurin","VAV2","RNF11"
"Calcineurin","APC","RNF11"
"Calcineurin","MAP4K2","RNF11"
"Calcineurin","MAPK3","CDC25B"
"Calcineurin","IRAK1","CDC25B"
"Calcineurin","ATM","CDC25B"
"Calcineurin","GSK3A","CDC25B"
"Calcineurin","DAB2IP","CDC25B"
"Calcineurin","RAF1","CDC25B"
"Calcineurin","CDK4","CDC25B"
"Calcineurin","CDK1","CDC25B"
"Calcineurin","ERK1/2","CDC25B"
"Calcineurin","ABL1","CDC25B"
"Calcineurin","CHEK1","CDC25B"
"Calcineurin","EGFR","CDC25B"
"Calcineurin","ERBB2","CDC25B"
"Calcineurin","TRAF6","CDC25B"
"Calcineurin","SKI","CDC25B"
"Calcineurin","FAS","CDC25B"
"Calcineurin","FAM83G","CDC25B"
"Calcineurin","TRIP13","CDC25B"
"Calcineurin","Gbeta","THR"
"Calcineurin","LCK","THR"
"Calcineurin","RAC1","THR"
"Calcineurin","ABL1","THR"
"Calcineurin","CDK2","THR"
"Calcineurin","CHEK1","THR"
"Calcineurin","EGFR","THR"
"Calcineurin","CyclinE/CDK2","THR"
"Calcineurin","RIPK1","THR"
"Calcineurin","YAP1","THR"
"Calcineurin","CDK3","THR"
"Calcineurin","FGFR1","THR"
"Calcineurin","PRKAA1","THR"
"Calcineurin","ADRB2","THR"
"Calcineurin","SHC1","THR"
"Calcineurin","SKI","THR"
"Calcineurin","CDK6","THR"
"Calcineurin","CDC25C","THR"
"Calcineurin","FAS","THR"
"Calcineurin","BRAF","THR"
"Calcineurin","NR3C1","THR"
"Calcineurin","FAM83G","THR"
"Calcineurin","VAV2","THR"
"Calcineurin","APC","THR"
"Calcineurin","MAP4K2","THR"
"Calcineurin","RXRA","KLF4"
"Calcineurin","MAPK3","RARB"
"Calcineurin","GSK3A","RARB"
"Calcineurin","RAF1","RARB"
"Calcineurin","CDK4","RARB"
"Calcineurin","ERK1/2","RARB"
"Calcineurin","Gbeta","RARB"
"Calcineurin","LCK","RARB"
"Calcineurin","ABL1","RARB"
"Calcineurin","CDK2","RARB"
"Calcineurin","CHEK1","RARB"
"Calcineurin","VAV1","RARB"
"Calcineurin","GSK3B","RARB"
"Calcineurin","PPP1R2","RARB"
"Calcineurin","CyclinE/CDK2","RARB"
"Calcineurin","RIPK1","RARB"
"Calcineurin","YAP1","RARB"
"Calcineurin","CDK3","RARB"
"Calcineurin","GRB2","RARB"
"Calcineurin","SHC1","RARB"
"Calcineurin","AXIN1","RARB"
"Calcineurin","CDK6","RARB"
"Calcineurin","FAS","RARB"
"Calcineurin","HES1","RARB"
"Calcineurin","BRAF","RARB"
"Calcineurin","NR3C1","RARB"
"Calcineurin","FAM83G","RARB"
"Calcineurin","TRIP13","RARB"
"Calcineurin","VAV2","RARB"
"Calcineurin","APC","RARB"
"Calcineurin","MAP4K2","RARB"
"Calcineurin","MAPK3","LAT"
"Calcineurin","ATM","LAT"
"Calcineurin","GSK3A","LAT"
"Calcineurin","DAB2IP","LAT"
"Calcineurin","RAF1","LAT"
"Calcineurin","CDK4","LAT"
"Calcineurin","RAC1","LAT"
"Calcineurin","ABL1","LAT"
"Calcineurin","CDK2","LAT"
"Calcineurin","CHEK1","LAT"
"Calcineurin","EGFR","LAT"
"Calcineurin","PPP1R2","LAT"
"Calcineurin","CyclinE/CDK2","LAT"
"Calcineurin","ERBB2","LAT"
"Calcineurin","YAP1","LAT"
"Calcineurin","GRB2","LAT"
"Calcineurin","PRKAA1","LAT"
"Calcineurin","TRAF6","LAT"
"Calcineurin","FADD","LAT"
"Calcineurin","SHC1","LAT"
"Calcineurin","SKI","LAT"
"Calcineurin","CDK6","LAT"
"Calcineurin","RXRA","LAT"
"Calcineurin","CDC25C","LAT"
"Calcineurin","FAS","LAT"
"Calcineurin","BRAF","LAT"
"Calcineurin","NR3C1","LAT"
"Calcineurin","FAM83G","LAT"
"Calcineurin","PIK3CG","LAT"
"Calcineurin","RCAN1","LAT"
"Calcineurin","TRIP13","LAT"
"Calcineurin","MAP4K2","LAT"
"Calcineurin","MAPK3","PIN1"
"Calcineurin","DAB2IP","PIN1"
"Calcineurin","RAF1","PIN1"
"Calcineurin","CDK4","PIN1"
"Calcineurin","Gbeta","PIN1"
"Calcineurin","RAC1","PIN1"
"Calcineurin","CDK2","PIN1"
"Calcineurin","CHEK1","PIN1"
"Calcineurin","GSK3B","PIN1"
"Calcineurin","EGFR","PIN1"
"Calcineurin","PPP1R2","PIN1"
"Calcineurin","CyclinE/CDK2","PIN1"
"Calcineurin","ERBB2","PIN1"
"Calcineurin","CDK3","PIN1"
"Calcineurin","GRB2","PIN1"
"Calcineurin","FGFR1","PIN1"
"Calcineurin","SKI","PIN1"
"Calcineurin","CDK6","PIN1"
"Calcineurin","AMOTL2","PIN1"
"Calcineurin","CDC25C","PIN1"
"Calcineurin","FAS","PIN1"
"Calcineurin","HES1","PIN1"
"Calcineurin","BRAF","PIN1"
"Calcineurin","NR3C1","PIN1"
"Calcineurin","VAV2","PIN1"
"Calcineurin","APC","PIN1"
"Calcineurin","MAP4K2","PIN1"
"Calcineurin","IRAK1","HES1"
"Calcineurin","GSK3A","HES1"
"Calcineurin","RAF1","HES1"
"Calcineurin","CDK4","HES1"
"Calcineurin","ERK1/2","HES1"
"Calcineurin","Gbeta","HES1"
"Calcineurin","RAC1","HES1"
"Calcineurin","ABL1","HES1"
"Calcineurin","CDK2","HES1"
"Calcineurin","VAV1","HES1"
"Calcineurin","EGFR","HES1"
"Calcineurin","PPP1R2","HES1"
"Calcineurin","ERBB2","HES1"
"Calcineurin","CDK3","HES1"
"Calcineurin","GRB2","HES1"
"Calcineurin","PRKAA1","HES1"
"Calcineurin","ADRB2","HES1"
"Calcineurin","FADD","HES1"
"Calcineurin","SHC1","HES1"
"Calcineurin","CDK6","HES1"
"Calcineurin","RXRA","HES1"
"Calcineurin","AMOTL2","HES1"
"Calcineurin","CDC25C","HES1"
"Calcineurin","FAS","HES1"
"Calcineurin","PIK3CG","HES1"
"Calcineurin","RCAN1","HES1"
"Calcineurin","TRIP13","HES1"
"Calcineurin","VAV2","HES1"
"Calcineurin","MAPK3","GAB1"
"Calcineurin","ATM","GAB1"
"Calcineurin","DAB2IP","GAB1"
"Calcineurin","CDK4","GAB1"
"Calcineurin","CDK1","GAB1"
"Calcineurin","LCK","GAB1"
"Calcineurin","ABL1","GAB1"
"Calcineurin","CHEK1","GAB1"
"Calcineurin","VAV1","GAB1"
"Calcineurin","PPP1R2","GAB1"
"Calcineurin","RIPK1","GAB1"
"Calcineurin","ERBB2","GAB1"
"Calcineurin","YAP1","GAB1"
"Calcineurin","CDK3","GAB1"
"Calcineurin","GRB2","GAB1"
"Calcineurin","FGFR1","GAB1"
"Calcineurin","PRKAA1","GAB1"
"Calcineurin","ADRB2","GAB1"
"Calcineurin","TRAF6","GAB1"
"Calcineurin","FADD","GAB1"
"Calcineurin","RXRA","GAB1"
"Calcineurin","AMOTL2","GAB1"
"Calcineurin","FAS","GAB1"
"Calcineurin","HES1","GAB1"
"Calcineurin","BRAF","GAB1"
"Calcineurin","APC","GAB1"
"Calcineurin","ATM","SMARCA4"
"Calcineurin","DAB2IP","SMARCA4"
"Calcineurin","CDK4","SMARCA4"
"Calcineurin","ERK1/2","SMARCA4"
"Calcineurin","VAV1","SMARCA4"
"Calcineurin","GSK3B","SMARCA4"
"Calcineurin","RIPK1","SMARCA4"
"Calcineurin","GRB2","SMARCA4"
"Calcineurin","ADRB2","SMARCA4"
"Calcineurin","TRAF6","SMARCA4"
"Calcineurin","FADD","SMARCA4"
"Calcineurin","SHC1","SMARCA4"
"Calcineurin","RXRA","SMARCA4"
"Calcineurin","CDC25C","SMARCA4"
"Calcineurin","FAS","SMARCA4"
"Calcineurin","HES1","SMARCA4"
"Calcineurin","BRAF","SMARCA4"
"Calcineurin","NR3C1","SMARCA4"
"Calcineurin","PIK3CG","SMARCA4"
"Calcineurin","VAV2","SMARCA4"
"Calcineurin","MAP4K2","SMARCA4"
"Calcineurin","DAB2IP","CASP8AP2"
"Calcineurin","Gbeta","CASP8AP2"
"Calcineurin","RAC1","CASP8AP2"
"Calcineurin","ABL1","CASP8AP2"
"Calcineurin","CDK2","CASP8AP2"
"Calcineurin","CHEK1","CASP8AP2"
"Calcineurin","VAV1","CASP8AP2"
"Calcineurin","GSK3B","CASP8AP2"
"Calcineurin","PPP1R2","CASP8AP2"
"Calcineurin","CyclinE/CDK2","CASP8AP2"
"Calcineurin","RIPK1","CASP8AP2"
"Calcineurin","ERBB2","CASP8AP2"
"Calcineurin","YAP1","CASP8AP2"
"Calcineurin","GRB2","CASP8AP2"
"Calcineurin","FGFR1","CASP8AP2"
"Calcineurin","PRKAA1","CASP8AP2"
"Calcineurin","TRAF6","CASP8AP2"
"Calcineurin","SHC1","CASP8AP2"
"Calcineurin","SKI","CASP8AP2"
"Calcineurin","AXIN1","CASP8AP2"
"Calcineurin","CDK6","CASP8AP2"
"Calcineurin","RXRA","CASP8AP2"
"Calcineurin","AMOTL2","CASP8AP2"
"Calcineurin","CDC25C","CASP8AP2"
"Calcineurin","HES1","CASP8AP2"
"Calcineurin","BRAF","CASP8AP2"
"Calcineurin","FAM83G","CASP8AP2"
"Calcineurin","PIK3CG","CASP8AP2"
"Calcineurin","RCAN1","CASP8AP2"
"Calcineurin","TRIP13","CASP8AP2"
"Calcineurin","VAV2","CASP8AP2"
"Calcineurin","APC","CASP8AP2"
"Calcineurin","IRAK1","MSX2"
"Calcineurin","ATM","MSX2"
"Calcineurin","DAB2IP","MSX2"
"Calcineurin","RAF1","MSX2"
"Calcineurin","CDK1","MSX2"
"Calcineurin","Gbeta","MSX2"
"Calcineurin","LCK","MSX2"
"Calcineurin","RAC1","MSX2"
"Calcineurin","CDK2","MSX2"
"Calcineurin","VAV1","MSX2"
"Calcineurin","GSK3B","MSX2"
"Calcineurin","EGFR","MSX2"
"Calcineurin","PPP1R2","MSX2"
"Calcineurin","CyclinE/CDK2","MSX2"
"Calcineurin","RIPK1","MSX2"
"Calcineurin","ERBB2","MSX2"
"Calcineurin","YAP1","MSX2"
"Calcineurin","CDK3","MSX2"
"Calcineurin","FGFR1","MSX2"
"Calcineurin","PRKAA1","MSX2"
"Calcineurin","ADRB2","MSX2"
"Calcineurin","SKI","MSX2"
"Calcineurin","AXIN1","MSX2"
"Calcineurin","CDK6","MSX2"
"Calcineurin","RXRA","MSX2"
"Calcineurin","FAS","MSX2"
"Calcineurin","BRAF","MSX2"
"Calcineurin","NR3C1","MSX2"
"Calcineurin","FAM83G","MSX2"
"Calcineurin","APC","MSX2"
"Calcineurin","MAPK3","TAB2"
"Calcineurin","IRAK1","TAB2"
"Calcineurin","ATM","TAB2"
"Calcineurin","GSK3A","TAB2"
"Calcineurin","ERK1/2","TAB2"
"Calcineurin","Gbeta","TAB2"
"Calcineurin","LCK","TAB2"
"Calcineurin","RAC1","TAB2"
"Calcineurin","CDK2","TAB2"
"Calcineurin","VAV1","TAB2"
"Calcineurin","EGFR","TAB2"
"Calcineurin","ERBB2","TAB2"
"Calcineurin","FGFR1","TAB2"
"Calcineurin","PRKAA1","TAB2"
"Calcineurin","ADRB2","TAB2"
"Calcineurin","TRAF6","TAB2"
"Calcineurin","RXRA","TAB2"
"Calcineurin","AMOTL2","TAB2"
"Calcineurin","HES1","TAB2"
"Calcineurin","BRAF","TAB2"
"Calcineurin","NR3C1","TAB2"
"Calcineurin","TRIP13","TAB2"
"Calcineurin","VAV2","TAB2"
"Calcineurin","APC","TAB2"
"Calcineurin","MAPK3","CABLES1"
"Calcineurin","DAB2IP","CABLES1"
"Calcineurin","Gbeta","CABLES1"
"Calcineurin","RAC1","CABLES1"
"Calcineurin","CDK2","CABLES1"
"Calcineurin","CHEK1","CABLES1"
"Calcineurin","VAV1","CABLES1"
"Calcineurin","GSK3B","CABLES1"
"Calcineurin","PPP1R2","CABLES1"
"Calcineurin","CyclinE/CDK2","CABLES1"
"Calcineurin","RIPK1","CABLES1"
"Calcineurin","ERBB2","CABLES1"
"Calcineurin","PRKAA1","CABLES1"
"Calcineurin","ADRB2","CABLES1"
"Calcineurin","TRAF6","CABLES1"
"Calcineurin","FADD","CABLES1"
"Calcineurin","SHC1","CABLES1"
"Calcineurin","AXIN1","CABLES1"
"Calcineurin","CDK6","CABLES1"
"Calcineurin","CDC25C","CABLES1"
"Calcineurin","FAS","CABLES1"
"Calcineurin","NR3C1","CABLES1"
"Calcineurin","PIK3CG","CABLES1"
"Calcineurin","VAV2","CABLES1"
"Calcineurin","APC","CABLES1"
"Calcineurin","MAP4K2","CABLES1"
"Calcineurin","GSK3A","RAR"
"Calcineurin","RAF1","RAR"
"Calcineurin","CDK4","RAR"
"Calcineurin","CDK1","RAR"
"Calcineurin","ERK1/2","RAR"
"Calcineurin","Gbeta","RAR"
"Calcineurin","RAC1","RAR"
"Calcineurin","CDK2","RAR"
"Calcineurin","CHEK1","RAR"
"Calcineurin","VAV1","RAR"
"Calcineurin","GSK3B","RAR"
"Calcineurin","EGFR","RAR"
"Calcineurin","PPP1R2","RAR"
"Calcineurin","CyclinE/CDK2","RAR"
"Calcineurin","RIPK1","RAR"
"Calcineurin","ERBB2","RAR"
"Calcineurin","GRB2","RAR"
"Calcineurin","FGFR1","RAR"
"Calcineurin","PRKAA1","RAR"
"Calcineurin","ADRB2","RAR"
"Calcineurin","TRAF6","RAR"
"Calcineurin","FADD","RAR"
"Calcineurin","SHC1","RAR"
"Calcineurin","AXIN1","RAR"
"Calcineurin","AMOTL2","RAR"
"Calcineurin","FAS","RAR"
"Calcineurin","HES1","RAR"
"Calcineurin","BRAF","RAR"
"Calcineurin","FAM83G","RAR"
"Calcineurin","PIK3CG","RAR"
"Calcineurin","TRIP13","RAR"
"Calcineurin","VAV2","RAR"
"Calcineurin","APC","RAR"
"Calcineurin","MAP4K2","RAR"
"Calcineurin","IRAK1","BAK1"
"Calcineurin","ATM","BAK1"
"Calcineurin","GSK3A","BAK1"
"Calcineurin","RAF1","BAK1"
"Calcineurin","CDK4","BAK1"
"Calcineurin","CDK1","BAK1"
"Calcineurin","Gbeta","BAK1"
"Calcineurin","LCK","BAK1"
"Calcineurin","RAC1","BAK1"
"Calcineurin","CDK2","BAK1"
"Calcineurin","GSK3B","BAK1"
"Calcineurin","PPP1R2","BAK1"
"Calcineurin","ERBB2","BAK1"
"Calcineurin","YAP1","BAK1"
"Calcineurin","FGFR1","BAK1"
"Calcineurin","PRKAA1","BAK1"
"Calcineurin","ADRB2","BAK1"
"Calcineurin","TRAF6","BAK1"
"Calcineurin","FADD","BAK1"
"Calcineurin","SKI","BAK1"
"Calcineurin","AXIN1","BAK1"
"Calcineurin","AMOTL2","BAK1"
"Calcineurin","CDC25C","BAK1"
"Calcineurin","FAS","BAK1"
"Calcineurin","HES1","BAK1"
"Calcineurin","BRAF","BAK1"
"Calcineurin","VAV2","BAK1"
"Calcineurin","APC","BAK1"
"Calcineurin","MAP4K2","BAK1"
"Calcineurin","ATM","BRAF"
"Calcineurin","GSK3A","BRAF"
"Calcineurin","DAB2IP","BRAF"
"Calcineurin","CDK4","BRAF"
"Calcineurin","CDK1","BRAF"
"Calcineurin","ERK1/2","BRAF"
"Calcineurin","Gbeta","BRAF"
"Calcineurin","LCK","BRAF"
"Calcineurin","ABL1","BRAF"
"Calcineurin","CDK2","BRAF"
"Calcineurin","CHEK1","BRAF"
"Calcineurin","VAV1","BRAF"
"Calcineurin","GSK3B","BRAF"
"Calcineurin","EGFR","BRAF"
"Calcineurin","PPP1R2","BRAF"
"Calcineurin","CyclinE/CDK2","BRAF"
"Calcineurin","RIPK1","BRAF"
"Calcineurin","ERBB2","BRAF"
"Calcineurin","GRB2","BRAF"
"Calcineurin","FGFR1","BRAF"
"Calcineurin","PRKAA1","BRAF"
"Calcineurin","ADRB2","BRAF"
"Calcineurin","FADD","BRAF"
"Calcineurin","SHC1","BRAF"
"Calcineurin","SKI","BRAF"
"Calcineurin","AXIN1","BRAF"
"Calcineurin","RXRA","BRAF"
"Calcineurin","NR3C1","BRAF"
"Calcineurin","PIK3CG","BRAF"
"Calcineurin","RCAN1","BRAF"
"Calcineurin","TRIP13","BRAF"
"Calcineurin","VAV2","BRAF"
"Calcineurin","MAP4K2","BRAF"
"Calcineurin","ATM","SWI/SNF complex"
"Calcineurin","GSK3A","SWI/SNF complex"
"Calcineurin","DAB2IP","SWI/SNF complex"
"Calcineurin","RAF1","SWI/SNF complex"
"Calcineurin","CDK1","SWI/SNF complex"
"Calcineurin","Gbeta","SWI/SNF complex"
"Calcineurin","RAC1","SWI/SNF complex"
"Calcineurin","ABL1","SWI/SNF complex"
"Calcineurin","CHEK1","SWI/SNF complex"
"Calcineurin","PPP1R2","SWI/SNF complex"
"Calcineurin","CyclinE/CDK2","SWI/SNF complex"
"Calcineurin","PRKAA1","SWI/SNF complex"
"Calcineurin","FADD","SWI/SNF complex"
"Calcineurin","SKI","SWI/SNF complex"
"Calcineurin","RXRA","SWI/SNF complex"
"Calcineurin","MAP4K2","SWI/SNF complex"
"Calcineurin","DAB2IP","NR1D1"
"Calcineurin","CDK1","NR1D1"
"Calcineurin","ERK1/2","NR1D1"
"Calcineurin","LCK","NR1D1"
"Calcineurin","CHEK1","NR1D1"
"Calcineurin","VAV1","NR1D1"
"Calcineurin","EGFR","NR1D1"
"Calcineurin","PPP1R2","NR1D1"
"Calcineurin","CyclinE/CDK2","NR1D1"
"Calcineurin","YAP1","NR1D1"
"Calcineurin","GRB2","NR1D1"
"Calcineurin","FGFR1","NR1D1"
"Calcineurin","PRKAA1","NR1D1"
"Calcineurin","TRAF6","NR1D1"
"Calcineurin","FADD","NR1D1"
"Calcineurin","SHC1","NR1D1"
"Calcineurin","SKI","NR1D1"
"Calcineurin","CDK6","NR1D1"
"Calcineurin","AMOTL2","NR1D1"
"Calcineurin","CDC25C","NR1D1"
"Calcineurin","HES1","NR1D1"
"Calcineurin","BRAF","NR1D1"
"Calcineurin","FAM83G","NR1D1"
"Calcineurin","RCAN1","NR1D1"
"Calcineurin","TRIP13","NR1D1"
"Calcineurin","VAV2","NR1D1"
"Calcineurin","APC","NR1D1"
"Calcineurin","MAPK3","RHEB"
"Calcineurin","GSK3A","RHEB"
"Calcineurin","CDK4","RHEB"
"Calcineurin","LCK","RHEB"
"Calcineurin","VAV1","RHEB"
"Calcineurin","CyclinE/CDK2","RHEB"
"Calcineurin","ERBB2","RHEB"
"Calcineurin","YAP1","RHEB"
"Calcineurin","FGFR1","RHEB"
"Calcineurin","PRKAA1","RHEB"
"Calcineurin","ADRB2","RHEB"
"Calcineurin","SHC1","RHEB"
"Calcineurin","RXRA","RHEB"
"Calcineurin","AMOTL2","RHEB"
"Calcineurin","FAM83G","RHEB"
"Calcineurin","MAPK3","MAP3K11"
"Calcineurin","DAB2IP","MAP3K11"
"Calcineurin","RAF1","MAP3K11"
"Calcineurin","CDK4","MAP3K11"
"Calcineurin","CDK1","MAP3K11"
"Calcineurin","ERK1/2","MAP3K11"
"Calcineurin","Gbeta","MAP3K11"
"Calcineurin","LCK","MAP3K11"
"Calcineurin","RAC1","MAP3K11"
"Calcineurin","ABL1","MAP3K11"
"Calcineurin","CDK2","MAP3K11"
"Calcineurin","GSK3B","MAP3K11"
"Calcineurin","EGFR","MAP3K11"
"Calcineurin","CyclinE/CDK2","MAP3K11"
"Calcineurin","ERBB2","MAP3K11"
"Calcineurin","YAP1","MAP3K11"
"Calcineurin","CDK3","MAP3K11"
"Calcineurin","GRB2","MAP3K11"
"Calcineurin","TRAF6","MAP3K11"
"Calcineurin","CDK6","MAP3K11"
"Calcineurin","AMOTL2","MAP3K11"
"Calcineurin","FAS","MAP3K11"
"Calcineurin","BRAF","MAP3K11"
"Calcineurin","NR3C1","MAP3K11"
"Calcineurin","TRIP13","MAP3K11"
"Calcineurin","APC","MAP3K11"
"Calcineurin","MAP4K2","MAP3K11"
"Calcineurin","MAPK3","NR3C1"
"Calcineurin","IRAK1","NR3C1"
"Calcineurin","CDK4","NR3C1"
"Calcineurin","CDK1","NR3C1"
"Calcineurin","RAC1","NR3C1"
"Calcineurin","EGFR","NR3C1"
"Calcineurin","PRKAA1","NR3C1"
"Calcineurin","AXIN1","NR3C1"
"Calcineurin","RXRA","NR3C1"
"Calcineurin","AMOTL2","NR3C1"
"Calcineurin","CDC25C","NR3C1"
"Calcineurin","FAS","NR3C1"
"Calcineurin","FAM83G","NR3C1"
"Calcineurin","TRIP13","NR3C1"
"Calcineurin","VAV2","NR3C1"
"Calcineurin","APC","NR3C1"
"Calcineurin","MAP4K2","NR3C1"
"Calcineurin","MAPK3","STAT6"
"Calcineurin","IRAK1","STAT6"
"Calcineurin","ATM","STAT6"
"Calcineurin","GSK3A","STAT6"
"Calcineurin","DAB2IP","STAT6"
"Calcineurin","RAF1","STAT6"
"Calcineurin","CDK4","STAT6"
"Calcineurin","CDK1","STAT6"
"Calcineurin","ERK1/2","STAT6"
"Calcineurin","LCK","STAT6"
"Calcineurin","RAC1","STAT6"
"Calcineurin","ABL1","STAT6"
"Calcineurin","CDK2","STAT6"
"Calcineurin","GSK3B","STAT6"
"Calcineurin","PPP1R2","STAT6"
"Calcineurin","ERBB2","STAT6"
"Calcineurin","YAP1","STAT6"
"Calcineurin","GRB2","STAT6"
"Calcineurin","FGFR1","STAT6"
"Calcineurin","PRKAA1","STAT6"
"Calcineurin","ADRB2","STAT6"
"Calcineurin","TRAF6","STAT6"
"Calcineurin","FADD","STAT6"
"Calcineurin","SKI","STAT6"
"Calcineurin","AXIN1","STAT6"
"Calcineurin","CDK6","STAT6"
"Calcineurin","RXRA","STAT6"
"Calcineurin","AMOTL2","STAT6"
"Calcineurin","BRAF","STAT6"
"Calcineurin","NR3C1","STAT6"
"Calcineurin","FAM83G","STAT6"
"Calcineurin","PIK3CG","STAT6"
"Calcineurin","RCAN1","STAT6"
"Calcineurin","TRIP13","STAT6"
"Calcineurin","MAP4K2","STAT6"
"Calcineurin","ATM","MAF"
"Calcineurin","GSK3A","MAF"
"Calcineurin","DAB2IP","MAF"
"Calcineurin","RAF1","MAF"
"Calcineurin","ERK1/2","MAF"
"Calcineurin","LCK","MAF"
"Calcineurin","ABL1","MAF"
"Calcineurin","VAV1","MAF"
"Calcineurin","RIPK1","MAF"
"Calcineurin","YAP1","MAF"
"Calcineurin","CDK3","MAF"
"Calcineurin","FGFR1","MAF"
"Calcineurin","ADRB2","MAF"
"Calcineurin","FADD","MAF"
"Calcineurin","SHC1","MAF"
"Calcineurin","SKI","MAF"
"Calcineurin","AXIN1","MAF"
"Calcineurin","CDK6","MAF"
"Calcineurin","RXRA","MAF"
"Calcineurin","AMOTL2","MAF"
"Calcineurin","HES1","MAF"
"Calcineurin","BRAF","MAF"
"Calcineurin","NR3C1","MAF"
"Calcineurin","FAM83G","MAF"
"Calcineurin","RCAN1","MAF"
"Calcineurin","TRIP13","MAF"
"Calcineurin","MAP4K2","MAF"
"Calcineurin","MAPK3","FAM83G"
"Calcineurin","IRAK1","FAM83G"
"Calcineurin","ATM","FAM83G"
"Calcineurin","GSK3A","FAM83G"
"Calcineurin","RAF1","FAM83G"
"Calcineurin","CDK1","FAM83G"
"Calcineurin","Gbeta","FAM83G"
"Calcineurin","RAC1","FAM83G"
"Calcineurin","GSK3B","FAM83G"
"Calcineurin","CyclinE/CDK2","FAM83G"
"Calcineurin","RIPK1","FAM83G"
"Calcineurin","GRB2","FAM83G"
"Calcineurin","PRKAA1","FAM83G"
"Calcineurin","ADRB2","FAM83G"
"Calcineurin","TRAF6","FAM83G"
"Calcineurin","FADD","FAM83G"
"Calcineurin","SHC1","FAM83G"
"Calcineurin","AXIN1","FAM83G"
"Calcineurin","AMOTL2","FAM83G"
"Calcineurin","CDC25C","FAM83G"
"Calcineurin","FAS","FAM83G"
"Calcineurin","BRAF","FAM83G"
"Calcineurin","PIK3CG","FAM83G"
"Calcineurin","RCAN1","FAM83G"
"Calcineurin","TRIP13","FAM83G"
"Calcineurin","VAV2","FAM83G"
"Calcineurin","APC","FAM83G"
"Calcineurin","MAP4K2","FAM83G"
"Calcineurin","MAPK3","ZEB2"
"Calcineurin","IRAK1","ZEB2"
"Calcineurin","GSK3A","ZEB2"
"Calcineurin","DAB2IP","ZEB2"
"Calcineurin","CDK1","ZEB2"
"Calcineurin","ERK1/2","ZEB2"
"Calcineurin","Gbeta","ZEB2"
"Calcineurin","RAC1","ZEB2"
"Calcineurin","PPP1R2","ZEB2"
"Calcineurin","RIPK1","ZEB2"
"Calcineurin","ERBB2","ZEB2"
"Calcineurin","CDK3","ZEB2"
"Calcineurin","GRB2","ZEB2"
"Calcineurin","FGFR1","ZEB2"
"Calcineurin","PRKAA1","ZEB2"
"Calcineurin","ADRB2","ZEB2"
"Calcineurin","FADD","ZEB2"
"Calcineurin","AXIN1","ZEB2"
"Calcineurin","CDK6","ZEB2"
"Calcineurin","RXRA","ZEB2"
"Calcineurin","HES1","ZEB2"
"Calcineurin","BRAF","ZEB2"
"Calcineurin","NR3C1","ZEB2"
"Calcineurin","FAM83G","ZEB2"
"Calcineurin","PIK3CG","ZEB2"
"Calcineurin","RCAN1","ZEB2"
"Calcineurin","TRIP13","ZEB2"
"Calcineurin","DAB2IP","GAB2"
"Calcineurin","RAF1","GAB2"
"Calcineurin","CDK4","GAB2"
"Calcineurin","Gbeta","GAB2"
"Calcineurin","LCK","GAB2"
"Calcineurin","RAC1","GAB2"
"Calcineurin","CDK2","GAB2"
"Calcineurin","PPP1R2","GAB2"
"Calcineurin","CyclinE/CDK2","GAB2"
"Calcineurin","RIPK1","GAB2"
"Calcineurin","YAP1","GAB2"
"Calcineurin","CDK3","GAB2"
"Calcineurin","GRB2","GAB2"
"Calcineurin","FGFR1","GAB2"
"Calcineurin","PRKAA1","GAB2"
"Calcineurin","ADRB2","GAB2"
"Calcineurin","TRAF6","GAB2"
"Calcineurin","SKI","GAB2"
"Calcineurin","CDK6","GAB2"
"Calcineurin","RXRA","GAB2"
"Calcineurin","AMOTL2","GAB2"
"Calcineurin","CDC25C","GAB2"
"Calcineurin","FAS","GAB2"
"Calcineurin","BRAF","GAB2"
"Calcineurin","NR3C1","GAB2"
"Calcineurin","FAM83G","GAB2"
"Calcineurin","RCAN1","GAB2"
"Calcineurin","TRIP13","GAB2"
"Calcineurin","VAV2","GAB2"
"Calcineurin","APC","GAB2"
"Calcineurin","MAP4K2","GAB2"
"Calcineurin","MAPK3","TAB1"
"Calcineurin","GSK3A","TAB1"
"Calcineurin","DAB2IP","TAB1"
"Calcineurin","RAF1","TAB1"
"Calcineurin","CDK1","TAB1"
"Calcineurin","ERK1/2","TAB1"
"Calcineurin","Gbeta","TAB1"
"Calcineurin","LCK","TAB1"
"Calcineurin","RAC1","TAB1"
"Calcineurin","ABL1","TAB1"
"Calcineurin","CDK2","TAB1"
"Calcineurin","CHEK1","TAB1"
"Calcineurin","VAV1","TAB1"
"Calcineurin","PPP1R2","TAB1"
"Calcineurin","CyclinE/CDK2","TAB1"
"Calcineurin","ERBB2","TAB1"
"Calcineurin","YAP1","TAB1"
"Calcineurin","CDK3","TAB1"
"Calcineurin","PRKAA1","TAB1"
"Calcineurin","ADRB2","TAB1"
"Calcineurin","TRAF6","TAB1"
"Calcineurin","FADD","TAB1"
"Calcineurin","AMOTL2","TAB1"
"Calcineurin","FAS","TAB1"
"Calcineurin","HES1","TAB1"
"Calcineurin","BRAF","TAB1"
"Calcineurin","PIK3CG","TAB1"
"Calcineurin","APC","TAB1"
"Calcineurin","IRAK1","PIK3R1"
"Calcineurin","ATM","PIK3R1"
"Calcineurin","CDK4","PIK3R1"
"Calcineurin","CDK1","PIK3R1"
"Calcineurin","ERK1/2","PIK3R1"
"Calcineurin","EGFR","PIK3R1"
"Calcineurin","PPP1R2","PIK3R1"
"Calcineurin","RIPK1","PIK3R1"
"Calcineurin","CDK3","PIK3R1"
"Calcineurin","TRAF6","PIK3R1"
"Calcineurin","FADD","PIK3R1"
"Calcineurin","RXRA","PIK3R1"
"Calcineurin","CDC25C","PIK3R1"
"Calcineurin","FAS","PIK3R1"
"Calcineurin","RCAN1","PIK3R1"
"Calcineurin","IRAK1","FRS2"
"Calcineurin","GSK3A","FRS2"
"Calcineurin","DAB2IP","FRS2"
"Calcineurin","RAF1","FRS2"
"Calcineurin","CDK1","FRS2"
"Calcineurin","ERK1/2","FRS2"
"Calcineurin","LCK","FRS2"
"Calcineurin","CHEK1","FRS2"
"Calcineurin","VAV1","FRS2"
"Calcineurin","PPP1R2","FRS2"
"Calcineurin","YAP1","FRS2"
"Calcineurin","CDK3","FRS2"
"Calcineurin","ADRB2","FRS2"
"Calcineurin","SKI","FRS2"
"Calcineurin","AXIN1","FRS2"
"Calcineurin","CDK6","FRS2"
"Calcineurin","FAS","FRS2"
"Calcineurin","HES1","FRS2"
"Calcineurin","BRAF","FRS2"
"Calcineurin","FAM83G","FRS2"
"Calcineurin","RCAN1","FRS2"
"Calcineurin","TRIP13","FRS2"
"Calcineurin","APC","FRS2"
"Calcineurin","MAP4K2","FRS2"
"Calcineurin","MAPK3","THRA"
"Calcineurin","IRAK1","THRA"
"Calcineurin","GSK3A","THRA"
"Calcineurin","RAF1","THRA"
"Calcineurin","CDK4","THRA"
"Calcineurin","CDK1","THRA"
"Calcineurin","LCK","THRA"
"Calcineurin","RAC1","THRA"
"Calcineurin","ABL1","THRA"
"Calcineurin","CHEK1","THRA"
"Calcineurin","GSK3B","THRA"
"Calcineurin","EGFR","THRA"
"Calcineurin","PPP1R2","THRA"
"Calcineurin","CyclinE/CDK2","THRA"
"Calcineurin","RIPK1","THRA"
"Calcineurin","ERBB2","THRA"
"Calcineurin","CDK3","THRA"
"Calcineurin","GRB2","THRA"
"Calcineurin","FGFR1","THRA"
"Calcineurin","ADRB2","THRA"
"Calcineurin","TRAF6","THRA"
"Calcineurin","FADD","THRA"
"Calcineurin","SHC1","THRA"
"Calcineurin","SKI","THRA"
"Calcineurin","CDK6","THRA"
"Calcineurin","HES1","THRA"
"Calcineurin","NR3C1","THRA"
"Calcineurin","VAV2","THRA"
"Calcineurin","MAPK3","ErbB receptor family"
"Calcineurin","IRAK1","ErbB receptor family"
"Calcineurin","GSK3A","ErbB receptor family"
"Calcineurin","RAF1","ErbB receptor family"
"Calcineurin","CDK1","ErbB receptor family"
"Calcineurin","ERK1/2","ErbB receptor family"
"Calcineurin","Gbeta","ErbB receptor family"
"Calcineurin","LCK","ErbB receptor family"
"Calcineurin","RAC1","ErbB receptor family"
"Calcineurin","CDK2","ErbB receptor family"
"Calcineurin","GSK3B","ErbB receptor family"
"Calcineurin","PPP1R2","ErbB receptor family"
"Calcineurin","CyclinE/CDK2","ErbB receptor family"
"Calcineurin","RIPK1","ErbB receptor family"
"Calcineurin","YAP1","ErbB receptor family"
"Calcineurin","CDK3","ErbB receptor family"
"Calcineurin","GRB2","ErbB receptor family"
"Calcineurin","PRKAA1","ErbB receptor family"
"Calcineurin","ADRB2","ErbB receptor family"
"Calcineurin","TRAF6","ErbB receptor family"
"Calcineurin","FADD","ErbB receptor family"
"Calcineurin","SHC1","ErbB receptor family"
"Calcineurin","AXIN1","ErbB receptor family"
"Calcineurin","CDC25C","ErbB receptor family"
"Calcineurin","HES1","ErbB receptor family"
"Calcineurin","RCAN1","ErbB receptor family"
"Calcineurin","APC","ErbB receptor family"
"Calcineurin","MAP4K2","ErbB receptor family"
"Calcineurin","GSK3A","BCAR1"
"Calcineurin","RAF1","BCAR1"
"Calcineurin","CDK4","BCAR1"
"Calcineurin","CDK1","BCAR1"
"Calcineurin","ERK1/2","BCAR1"
"Calcineurin","Gbeta","BCAR1"
"Calcineurin","RAC1","BCAR1"
"Calcineurin","CHEK1","BCAR1"
"Calcineurin","VAV1","BCAR1"
"Calcineurin","PPP1R2","BCAR1"
"Calcineurin","CyclinE/CDK2","BCAR1"
"Calcineurin","ERBB2","BCAR1"
"Calcineurin","YAP1","BCAR1"
"Calcineurin","PRKAA1","BCAR1"
"Calcineurin","TRAF6","BCAR1"
"Calcineurin","SKI","BCAR1"
"Calcineurin","AXIN1","BCAR1"
"Calcineurin","CDK6","BCAR1"
"Calcineurin","RXRA","BCAR1"
"Calcineurin","AMOTL2","BCAR1"
"Calcineurin","CDC25C","BCAR1"
"Calcineurin","HES1","BCAR1"
"Calcineurin","BRAF","BCAR1"
"Calcineurin","NR3C1","BCAR1"
"Calcineurin","RCAN1","BCAR1"
"Calcineurin","MAP4K2","BCAR1"
"Calcineurin","IRAK1","BECN1"
"Calcineurin","CDK4","BECN1"
"Calcineurin","CDK1","BECN1"
"Calcineurin","ERK1/2","BECN1"
"Calcineurin","LCK","BECN1"
"Calcineurin","RAC1","BECN1"
"Calcineurin","ABL1","BECN1"
"Calcineurin","CDK2","BECN1"
"Calcineurin","CHEK1","BECN1"
"Calcineurin","VAV1","BECN1"
"Calcineurin","GSK3B","BECN1"
"Calcineurin","RIPK1","BECN1"
"Calcineurin","ERBB2","BECN1"
"Calcineurin","CDK3","BECN1"
"Calcineurin","GRB2","BECN1"
"Calcineurin","FGFR1","BECN1"
"Calcineurin","PRKAA1","BECN1"
"Calcineurin","ADRB2","BECN1"
"Calcineurin","FADD","BECN1"
"Calcineurin","SHC1","BECN1"
"Calcineurin","CDK6","BECN1"
"Calcineurin","AMOTL2","BECN1"
"Calcineurin","TRIP13","BECN1"
"Calcineurin","MAPK3","GTF2A2"
"Calcineurin","ATM","GTF2A2"
"Calcineurin","GSK3A","GTF2A2"
"Calcineurin","DAB2IP","GTF2A2"
"Calcineurin","RAF1","GTF2A2"
"Calcineurin","RAC1","GTF2A2"
"Calcineurin","ABL1","GTF2A2"
"Calcineurin","CDK2","GTF2A2"
"Calcineurin","GSK3B","GTF2A2"
"Calcineurin","EGFR","GTF2A2"
"Calcineurin","PPP1R2","GTF2A2"
"Calcineurin","CDK3","GTF2A2"
"Calcineurin","GRB2","GTF2A2"
"Calcineurin","TRAF6","GTF2A2"
"Calcineurin","SKI","GTF2A2"
"Calcineurin","CDK6","GTF2A2"
"Calcineurin","PIK3CG","GTF2A2"
"Calcineurin","APC","GTF2A2"
"Calcineurin","MAPK3","PPARG"
"Calcineurin","IRAK1","PPARG"
"Calcineurin","CDK4","PPARG"
"Calcineurin","CDK1","PPARG"
"Calcineurin","Gbeta","PPARG"
"Calcineurin","LCK","PPARG"
"Calcineurin","RAC1","PPARG"
"Calcineurin","ABL1","PPARG"
"Calcineurin","VAV1","PPARG"
"Calcineurin","GSK3B","PPARG"
"Calcineurin","EGFR","PPARG"
"Calcineurin","PPP1R2","PPARG"
"Calcineurin","YAP1","PPARG"
"Calcineurin","FGFR1","PPARG"
"Calcineurin","ADRB2","PPARG"
"Calcineurin","CDC25C","PPARG"
"Calcineurin","HES1","PPARG"
"Calcineurin","NR3C1","PPARG"
"Calcineurin","TRIP13","PPARG"
"Calcineurin","VAV2","PPARG"
"Calcineurin","APC","PPARG"
"Calcineurin","MAPK3","BAX"
"Calcineurin","IRAK1","BAX"
"Calcineurin","DAB2IP","BAX"
"Calcineurin","RAF1","BAX"
"Calcineurin","CDK4","BAX"
"Calcineurin","CDK1","BAX"
"Calcineurin","Gbeta","BAX"
"Calcineurin","RAC1","BAX"
"Calcineurin","CHEK1","BAX"
"Calcineurin","VAV1","BAX"
"Calcineurin","GSK3B","BAX"
"Calcineurin","EGFR","BAX"
"Calcineurin","RIPK1","BAX"
"Calcineurin","ERBB2","BAX"
"Calcineurin","GRB2","BAX"
"Calcineurin","PRKAA1","BAX"
"Calcineurin","ADRB2","BAX"
"Calcineurin","SKI","BAX"
"Calcineurin","CDK6","BAX"
"Calcineurin","RXRA","BAX"
"Calcineurin","AMOTL2","BAX"
"Calcineurin","NR3C1","BAX"
"Calcineurin","FAM83G","BAX"
"Calcineurin","TRIP13","BAX"
"Calcineurin","VAV2","BAX"
"Calcineurin","APC","BAX"
"Calcineurin","MAP4K2","BAX"
"Calcineurin","MAPK3","NF90-NF45"
"Calcineurin","IRAK1","NF90-NF45"
"Calcineurin","DAB2IP","NF90-NF45"
"Calcineurin","RAF1","NF90-NF45"
"Calcineurin","CDK4","NF90-NF45"
"Calcineurin","Gbeta","NF90-NF45"
"Calcineurin","CDK2","NF90-NF45"
"Calcineurin","CHEK1","NF90-NF45"
"Calcineurin","VAV1","NF90-NF45"
"Calcineurin","GSK3B","NF90-NF45"
"Calcineurin","PPP1R2","NF90-NF45"
"Calcineurin","RIPK1","NF90-NF45"
"Calcineurin","YAP1","NF90-NF45"
"Calcineurin","CDK3","NF90-NF45"
"Calcineurin","FGFR1","NF90-NF45"
"Calcineurin","PRKAA1","NF90-NF45"
"Calcineurin","ADRB2","NF90-NF45"
"Calcineurin","TRAF6","NF90-NF45"
"Calcineurin","SHC1","NF90-NF45"
"Calcineurin","AXIN1","NF90-NF45"
"Calcineurin","CDK6","NF90-NF45"
"Calcineurin","RXRA","NF90-NF45"
"Calcineurin","FAM83G","NF90-NF45"
"Calcineurin","PIK3CG","NF90-NF45"
"Calcineurin","TRIP13","NF90-NF45"
"Calcineurin","VAV2","NF90-NF45"
"Calcineurin","APC","NF90-NF45"
"Calcineurin","MAP4K2","NF90-NF45"
"Calcineurin","MAPK3","ASAP3"
"Calcineurin","DAB2IP","ASAP3"
"Calcineurin","CDK4","ASAP3"
"Calcineurin","CDK1","ASAP3"
"Calcineurin","ERK1/2","ASAP3"
"Calcineurin","ABL1","ASAP3"
"Calcineurin","CHEK1","ASAP3"
"Calcineurin","PPP1R2","ASAP3"
"Calcineurin","CyclinE/CDK2","ASAP3"
"Calcineurin","YAP1","ASAP3"
"Calcineurin","CDK3","ASAP3"
"Calcineurin","FGFR1","ASAP3"
"Calcineurin","ADRB2","ASAP3"
"Calcineurin","TRAF6","ASAP3"
"Calcineurin","AXIN1","ASAP3"
"Calcineurin","CDK6","ASAP3"
"Calcineurin","RXRA","ASAP3"
"Calcineurin","AMOTL2","ASAP3"
"Calcineurin","FAS","ASAP3"
"Calcineurin","HES1","ASAP3"
"Calcineurin","BRAF","ASAP3"
"Calcineurin","TRIP13","ASAP3"
"Calcineurin","VAV2","ASAP3"
"Calcineurin","APC","ASAP3"
"Calcineurin","IRAK1","NIBAN2"
"Calcineurin","ATM","NIBAN2"
"Calcineurin","GSK3A","NIBAN2"
"Calcineurin","RAF1","NIBAN2"
"Calcineurin","CDK4","NIBAN2"
"Calcineurin","CDK1","NIBAN2"
"Calcineurin","ERK1/2","NIBAN2"
"Calcineurin","RAC1","NIBAN2"
"Calcineurin","ABL1","NIBAN2"
"Calcineurin","CHEK1","NIBAN2"
"Calcineurin","GSK3B","NIBAN2"
"Calcineurin","CyclinE/CDK2","NIBAN2"
"Calcineurin","FGFR1","NIBAN2"
"Calcineurin","TRAF6","NIBAN2"
"Calcineurin","SHC1","NIBAN2"
"Calcineurin","SKI","NIBAN2"
"Calcineurin","AXIN1","NIBAN2"
"Calcineurin","RXRA","NIBAN2"
"Calcineurin","AMOTL2","NIBAN2"
"Calcineurin","CDC25C","NIBAN2"
"Calcineurin","FAS","NIBAN2"
"Calcineurin","HES1","NIBAN2"
"Calcineurin","BRAF","NIBAN2"
"Calcineurin","FAM83G","NIBAN2"
"Calcineurin","TRIP13","NIBAN2"
"Calcineurin","VAV2","NIBAN2"
"Calcineurin","APC","NIBAN2"
"Calcineurin","GSK3A","RUNX1"
"Calcineurin","CDK1","RUNX1"
"Calcineurin","ERK1/2","RUNX1"
"Calcineurin","Gbeta","RUNX1"
"Calcineurin","VAV1","RUNX1"
"Calcineurin","CyclinE/CDK2","RUNX1"
"Calcineurin","CDK3","RUNX1"
"Calcineurin","FGFR1","RUNX1"
"Calcineurin","SHC1","RUNX1"
"Calcineurin","CDK6","RUNX1"
"Calcineurin","CDC25C","RUNX1"
"Calcineurin","FAS","RUNX1"
"Calcineurin","HES1","RUNX1"
"Calcineurin","FAM83G","RUNX1"
"Calcineurin","PIK3CG","RUNX1"
"Calcineurin","VAV2","RUNX1"
"Calcineurin","MAPK3","ANXA1"
"Calcineurin","DAB2IP","ANXA1"
"Calcineurin","CDK4","ANXA1"
"Calcineurin","CDK1","ANXA1"
"Calcineurin","ERK1/2","ANXA1"
"Calcineurin","ABL1","ANXA1"
"Calcineurin","CHEK1","ANXA1"
"Calcineurin","VAV1","ANXA1"
"Calcineurin","GSK3B","ANXA1"
"Calcineurin","PPP1R2","ANXA1"
"Calcineurin","ERBB2","ANXA1"
"Calcineurin","YAP1","ANXA1"
"Calcineurin","CDK3","ANXA1"
"Calcineurin","GRB2","ANXA1"
"Calcineurin","PRKAA1","ANXA1"
"Calcineurin","ADRB2","ANXA1"
"Calcineurin","CDK6","ANXA1"
"Calcineurin","RXRA","ANXA1"
"Calcineurin","AMOTL2","ANXA1"
"Calcineurin","CDC25C","ANXA1"
"Calcineurin","HES1","ANXA1"
"Calcineurin","BRAF","ANXA1"
"Calcineurin","NR3C1","ANXA1"
"Calcineurin","PIK3CG","ANXA1"
"Calcineurin","RCAN1","ANXA1"
"Calcineurin","TRIP13","ANXA1"
"Calcineurin","VAV2","ANXA1"
"Calcineurin","APC","ANXA1"
"Calcineurin","IRAK1","PIK3CG"
"Calcineurin","ATM","PIK3CG"
"Calcineurin","GSK3A","PIK3CG"
"Calcineurin","CDK4","PIK3CG"
"Calcineurin","ERK1/2","PIK3CG"
"Calcineurin","Gbeta","PIK3CG"
"Calcineurin","RAC1","PIK3CG"
"Calcineurin","CDK2","PIK3CG"
"Calcineurin","CHEK1","PIK3CG"
"Calcineurin","RIPK1","PIK3CG"
"Calcineurin","ERBB2","PIK3CG"
"Calcineurin","YAP1","PIK3CG"
"Calcineurin","CDK3","PIK3CG"
"Calcineurin","ADRB2","PIK3CG"
"Calcineurin","FADD","PIK3CG"
"Calcineurin","SKI","PIK3CG"
"Calcineurin","CDK6","PIK3CG"
"Calcineurin","RXRA","PIK3CG"
"Calcineurin","AMOTL2","PIK3CG"
"Calcineurin","BRAF","PIK3CG"
"Calcineurin","NR3C1","PIK3CG"
"Calcineurin","VAV2","PIK3CG"
"Calcineurin","CDK1","PIK3CB"
"Calcineurin","VAV1","PIK3CB"
"Calcineurin","GSK3B","PIK3CB"
"Calcineurin","CDK3","PIK3CB"
"Calcineurin","FGFR1","PIK3CB"
"Calcineurin","PRKAA1","PIK3CB"
"Calcineurin","FADD","PIK3CB"
"Calcineurin","SKI","PIK3CB"
"Calcineurin","AXIN1","PIK3CB"
"Calcineurin","AMOTL2","PIK3CB"
"Calcineurin","FAS","PIK3CB"
"Calcineurin","NR3C1","PIK3CB"
"Calcineurin","PIK3CG","PIK3CB"
"Calcineurin","MAP4K2","PIK3CB"
"Calcineurin","IRAK1","YWHAZ"
"Calcineurin","GSK3A","YWHAZ"
"Calcineurin","DAB2IP","YWHAZ"
"Calcineurin","CDK1","YWHAZ"
"Calcineurin","Gbeta","YWHAZ"
"Calcineurin","LCK","YWHAZ"
"Calcineurin","ABL1","YWHAZ"
"Calcineurin","VAV1","YWHAZ"
"Calcineurin","GSK3B","YWHAZ"
"Calcineurin","EGFR","YWHAZ"
"Calcineurin","CyclinE/CDK2","YWHAZ"
"Calcineurin","RIPK1","YWHAZ"
"Calcineurin","ERBB2","YWHAZ"
"Calcineurin","YAP1","YWHAZ"
"Calcineurin","CDK3","YWHAZ"
"Calcineurin","PRKAA1","YWHAZ"
"Calcineurin","ADRB2","YWHAZ"
"Calcineurin","TRAF6","YWHAZ"
"Calcineurin","FADD","YWHAZ"
"Calcineurin","SKI","YWHAZ"
"Calcineurin","AXIN1","YWHAZ"
"Calcineurin","RXRA","YWHAZ"
"Calcineurin","AMOTL2","YWHAZ"
"Calcineurin","BRAF","YWHAZ"
"Calcineurin","NR3C1","YWHAZ"
"Calcineurin","FAM83G","YWHAZ"
"Calcineurin","TRIP13","YWHAZ"
"Calcineurin","VAV2","YWHAZ"
"Calcineurin","APC","YWHAZ"
"Calcineurin","MAP4K2","YWHAZ"
"Calcineurin","MAPK3","TAB3"
"Calcineurin","ATM","TAB3"
"Calcineurin","GSK3A","TAB3"
"Calcineurin","DAB2IP","TAB3"
"Calcineurin","RAF1","TAB3"
"Calcineurin","CDK4","TAB3"
"Calcineurin","Gbeta","TAB3"
"Calcineurin","LCK","TAB3"
"Calcineurin","RAC1","TAB3"
"Calcineurin","ABL1","TAB3"
"Calcineurin","CDK2","TAB3"
"Calcineurin","CHEK1","TAB3"
"Calcineurin","EGFR","TAB3"
"Calcineurin","PPP1R2","TAB3"
"Calcineurin","CyclinE/CDK2","TAB3"
"Calcineurin","ERBB2","TAB3"
"Calcineurin","YAP1","TAB3"
"Calcineurin","GRB2","TAB3"
"Calcineurin","FGFR1","TAB3"
"Calcineurin","PRKAA1","TAB3"
"Calcineurin","ADRB2","TAB3"
"Calcineurin","TRAF6","TAB3"
"Calcineurin","SHC1","TAB3"
"Calcineurin","AXIN1","TAB3"
"Calcineurin","CDK6","TAB3"
"Calcineurin","RXRA","TAB3"
"Calcineurin","AMOTL2","TAB3"
"Calcineurin","BRAF","TAB3"
"Calcineurin","FAM83G","TAB3"
"Calcineurin","TRIP13","TAB3"
"Calcineurin","VAV2","TAB3"
"Calcineurin","MAP4K2","TAB3"
"Calcineurin","ATM","NPM1"
"Calcineurin","GSK3A","NPM1"
"Calcineurin","RAF1","NPM1"
"Calcineurin","CDK4","NPM1"
"Calcineurin","ERK1/2","NPM1"
"Calcineurin","LCK","NPM1"
"Calcineurin","RAC1","NPM1"
"Calcineurin","CHEK1","NPM1"
"Calcineurin","EGFR","NPM1"
"Calcineurin","PPP1R2","NPM1"
"Calcineurin","CyclinE/CDK2","NPM1"
"Calcineurin","CDK3","NPM1"
"Calcineurin","GRB2","NPM1"
"Calcineurin","FGFR1","NPM1"
"Calcineurin","ADRB2","NPM1"
"Calcineurin","TRAF6","NPM1"
"Calcineurin","FADD","NPM1"
"Calcineurin","AXIN1","NPM1"
"Calcineurin","CDK6","NPM1"
"Calcineurin","RXRA","NPM1"
"Calcineurin","FAS","NPM1"
"Calcineurin","HES1","NPM1"
"Calcineurin","NR3C1","NPM1"
"Calcineurin","PIK3CG","NPM1"
"Calcineurin","RCAN1","NPM1"
"Calcineurin","MAP4K2","NPM1"
"Calcineurin","MAPK3","SMAD1"
"Calcineurin","GSK3A","SMAD1"
"Calcineurin","RAF1","SMAD1"
"Calcineurin","CDK4","SMAD1"
"Calcineurin","CDK1","SMAD1"
"Calcineurin","ERK1/2","SMAD1"
"Calcineurin","Gbeta","SMAD1"
"Calcineurin","CHEK1","SMAD1"
"Calcineurin","VAV1","SMAD1"
"Calcineurin","CyclinE/CDK2","SMAD1"
"Calcineurin","RIPK1","SMAD1"
"Calcineurin","ERBB2","SMAD1"
"Calcineurin","YAP1","SMAD1"
"Calcineurin","CDK3","SMAD1"
"Calcineurin","ADRB2","SMAD1"
"Calcineurin","TRAF6","SMAD1"
"Calcineurin","CDC25C","SMAD1"
"Calcineurin","FAS","SMAD1"
"Calcineurin","NR3C1","SMAD1"
"Calcineurin","FAM83G","SMAD1"
"Calcineurin","PIK3CG","SMAD1"
"Calcineurin","TRIP13","SMAD1"
"Calcineurin","MAP4K2","SMAD1"
"Calcineurin","MAPK3","YY1"
"Calcineurin","IRAK1","YY1"
"Calcineurin","ATM","YY1"
"Calcineurin","GSK3A","YY1"
"Calcineurin","DAB2IP","YY1"
"Calcineurin","RAF1","YY1"
"Calcineurin","ERK1/2","YY1"
"Calcineurin","LCK","YY1"
"Calcineurin","ABL1","YY1"
"Calcineurin","CHEK1","YY1"
"Calcineurin","VAV1","YY1"
"Calcineurin","EGFR","YY1"
"Calcineurin","PPP1R2","YY1"
"Calcineurin","ERBB2","YY1"
"Calcineurin","YAP1","YY1"
"Calcineurin","CDK3","YY1"
"Calcineurin","FGFR1","YY1"
"Calcineurin","PRKAA1","YY1"
"Calcineurin","ADRB2","YY1"
"Calcineurin","TRAF6","YY1"
"Calcineurin","FADD","YY1"
"Calcineurin","SHC1","YY1"
"Calcineurin","SKI","YY1"
"Calcineurin","CDK6","YY1"
"Calcineurin","RXRA","YY1"
"Calcineurin","AMOTL2","YY1"
"Calcineurin","FAS","YY1"
"Calcineurin","HES1","YY1"
"Calcineurin","NR3C1","YY1"
"Calcineurin","FAM83G","YY1"
"Calcineurin","PIK3CG","YY1"
"Calcineurin","TRIP13","YY1"
"Calcineurin","VAV2","YY1"
"Calcineurin","APC","YY1"
"Calcineurin","MAP4K2","YY1"
"Calcineurin","ATM","RCAN1"
"Calcineurin","GSK3A","RCAN1"
"Calcineurin","CDK4","RCAN1"
"Calcineurin","CDK2","RCAN1"
"Calcineurin","CHEK1","RCAN1"
"Calcineurin","VAV1","RCAN1"
"Calcineurin","EGFR","RCAN1"
"Calcineurin","AKT","RCAN1"
"Calcineurin","PIK3CA","RCAN1"
"Calcineurin","PRKCE","RCAN1"
"Calcineurin","CyclinE/CDK2","RCAN1"
"Calcineurin","RIPK1","RCAN1"
"Calcineurin","ERBB2","RCAN1"
"Calcineurin","CDK3","RCAN1"
"Calcineurin","GRB2","RCAN1"
"Calcineurin","PRKAA1","RCAN1"
"Calcineurin","CDK6","RCAN1"
"Calcineurin","AMOTL2","RCAN1"
"Calcineurin","CDC25C","RCAN1"
"Calcineurin","FAS","RCAN1"
"Calcineurin","SCRIB","RCAN1"
"Calcineurin","ATM","SCRIB"
"Calcineurin","RAF1","SCRIB"
"Calcineurin","Gbeta","SCRIB"
"Calcineurin","RAC1","SCRIB"
"Calcineurin","CHEK1","SCRIB"
"Calcineurin","GSK3B","SCRIB"
"Calcineurin","EGFR","SCRIB"
"Calcineurin","PPP1R2","SCRIB"
"Calcineurin","CyclinE/CDK2","SCRIB"
"Calcineurin","YAP1","SCRIB"
"Calcineurin","GRB2","SCRIB"
"Calcineurin","FGFR1","SCRIB"
"Calcineurin","PRKAA1","SCRIB"
"Calcineurin","ADRB2","SCRIB"
"Calcineurin","TRAF6","SCRIB"
"Calcineurin","FADD","SCRIB"
"Calcineurin","SKI","SCRIB"
"Calcineurin","AXIN1","SCRIB"
"Calcineurin","CDC25C","SCRIB"
"Calcineurin","BRAF","SCRIB"
"Calcineurin","NR3C1","SCRIB"
"Calcineurin","FAM83G","SCRIB"
"Calcineurin","PIK3CG","SCRIB"
"Calcineurin","TRIP13","SCRIB"
"Calcineurin","VAV2","SCRIB"
"Calcineurin","MAPK3","PPP1R14A"
"Calcineurin","IRAK1","PPP1R14A"
"Calcineurin","ATM","PPP1R14A"
"Calcineurin","DAB2IP","PPP1R14A"
"Calcineurin","RAF1","PPP1R14A"
"Calcineurin","ERK1/2","PPP1R14A"
"Calcineurin","Gbeta","PPP1R14A"
"Calcineurin","RAC1","PPP1R14A"
"Calcineurin","ABL1","PPP1R14A"
"Calcineurin","CDK2","PPP1R14A"
"Calcineurin","CHEK1","PPP1R14A"
"Calcineurin","VAV1","PPP1R14A"
"Calcineurin","EGFR","PPP1R14A"
"Calcineurin","CyclinE/CDK2","PPP1R14A"
"Calcineurin","RIPK1","PPP1R14A"
"Calcineurin","ERBB2","PPP1R14A"
"Calcineurin","YAP1","PPP1R14A"
"Calcineurin","CDK3","PPP1R14A"
"Calcineurin","GRB2","PPP1R14A"
"Calcineurin","FGFR1","PPP1R14A"
"Calcineurin","PRKAA1","PPP1R14A"
"Calcineurin","ADRB2","PPP1R14A"
"Calcineurin","TRAF6","PPP1R14A"
"Calcineurin","FADD","PPP1R14A"
"Calcineurin","SHC1","PPP1R14A"
"Calcineurin","AXIN1","PPP1R14A"
"Calcineurin","CDK6","PPP1R14A"
"Calcineurin","RXRA","PPP1R14A"
"Calcineurin","AMOTL2","PPP1R14A"
"Calcineurin","HES1","PPP1R14A"
"Calcineurin","BRAF","PPP1R14A"
"Calcineurin","TRIP13","PPP1R14A"
"Calcineurin","VAV2","PPP1R14A"
"Calcineurin","MAP4K2","PPP1R14A"
"Calcineurin","ATM","PHB2"
"Calcineurin","GSK3A","PHB2"
"Calcineurin","CDK1","PHB2"
"Calcineurin","ERK1/2","PHB2"
"Calcineurin","Gbeta","PHB2"
"Calcineurin","RAC1","PHB2"
"Calcineurin","VAV1","PHB2"
"Calcineurin","GSK3B","PHB2"
"Calcineurin","CyclinE/CDK2","PHB2"
"Calcineurin","RIPK1","PHB2"
"Calcineurin","YAP1","PHB2"
"Calcineurin","CDK3","PHB2"
"Calcineurin","GRB2","PHB2"
"Calcineurin","FGFR1","PHB2"
"Calcineurin","PRKAA1","PHB2"
"Calcineurin","ADRB2","PHB2"
"Calcineurin","FADD","PHB2"
"Calcineurin","CDC25C","PHB2"
"Calcineurin","BRAF","PHB2"
"Calcineurin","FAM83G","PHB2"
"Calcineurin","APC","PHB2"
"Calcineurin","IRAK1","RBPJ"
"Calcineurin","GSK3A","RBPJ"
"Calcineurin","RAF1","RBPJ"
"Calcineurin","CDK1","RBPJ"
"Calcineurin","ERK1/2","RBPJ"
"Calcineurin","CDK2","RBPJ"
"Calcineurin","GSK3B","RBPJ"
"Calcineurin","EGFR","RBPJ"
"Calcineurin","RIPK1","RBPJ"
"Calcineurin","CDK3","RBPJ"
"Calcineurin","ADRB2","RBPJ"
"Calcineurin","FADD","RBPJ"
"Calcineurin","CDK6","RBPJ"
"Calcineurin","AMOTL2","RBPJ"
"Calcineurin","BRAF","RBPJ"
"Calcineurin","FAM83G","RBPJ"
"Calcineurin","APC","RBPJ"
"Calcineurin","MAP4K2","RBPJ"
"Calcineurin","GSK3A","PLCG1"
"Calcineurin","DAB2IP","PLCG1"
"Calcineurin","CDK1","PLCG1"
"Calcineurin","ERK1/2","PLCG1"
"Calcineurin","Gbeta","PLCG1"
"Calcineurin","RAC1","PLCG1"
"Calcineurin","GSK3B","PLCG1"
"Calcineurin","PPP1R2","PLCG1"
"Calcineurin","CyclinE/CDK2","PLCG1"
"Calcineurin","CDK3","PLCG1"
"Calcineurin","GRB2","PLCG1"
"Calcineurin","PRKAA1","PLCG1"
"Calcineurin","SHC1","PLCG1"
"Calcineurin","AXIN1","PLCG1"
"Calcineurin","CDK6","PLCG1"
"Calcineurin","RXRA","PLCG1"
"Calcineurin","CDC25C","PLCG1"
"Calcineurin","HES1","PLCG1"
"Calcineurin","BRAF","PLCG1"
"Calcineurin","NR3C1","PLCG1"
"Calcineurin","FAM83G","PLCG1"
"Calcineurin","TRIP13","PLCG1"
"Calcineurin","APC","PLCG1"
"Calcineurin","MAP4K2","PLCG1"
"Calcineurin","MAPK3","SPRY2"
"Calcineurin","IRAK1","SPRY2"
"Calcineurin","ATM","SPRY2"
"Calcineurin","RAF1","SPRY2"
"Calcineurin","CDK1","SPRY2"
"Calcineurin","ERK1/2","SPRY2"
"Calcineurin","Gbeta","SPRY2"
"Calcineurin","LCK","SPRY2"
"Calcineurin","ABL1","SPRY2"
"Calcineurin","CDK2","SPRY2"
"Calcineurin","VAV1","SPRY2"
"Calcineurin","EGFR","SPRY2"
"Calcineurin","PPP1R2","SPRY2"
"Calcineurin","CyclinE/CDK2","SPRY2"
"Calcineurin","RIPK1","SPRY2"
"Calcineurin","YAP1","SPRY2"
"Calcineurin","CDK3","SPRY2"
"Calcineurin","ADRB2","SPRY2"
"Calcineurin","SHC1","SPRY2"
"Calcineurin","SKI","SPRY2"
"Calcineurin","AXIN1","SPRY2"
"Calcineurin","CDK6","SPRY2"
"Calcineurin","AMOTL2","SPRY2"
"Calcineurin","CDC25C","SPRY2"
"Calcineurin","FAS","SPRY2"
"Calcineurin","NR3C1","SPRY2"
"Calcineurin","RCAN1","SPRY2"
"Calcineurin","VAV2","SPRY2"
"Calcineurin","APC","SPRY2"
"Calcineurin","MAP4K2","SPRY2"
"Calcineurin","MAPK3","MEF2A"
"Calcineurin","IRAK1","MEF2A"
"Calcineurin","ATM","MEF2A"
"Calcineurin","DAB2IP","MEF2A"
"Calcineurin","CDK4","MEF2A"
"Calcineurin","CDK1","MEF2A"
"Calcineurin","ERK1/2","MEF2A"
"Calcineurin","Gbeta","MEF2A"
"Calcineurin","ABL1","MEF2A"
"Calcineurin","CDK2","MEF2A"
"Calcineurin","CHEK1","MEF2A"
"Calcineurin","GSK3B","MEF2A"
"Calcineurin","CyclinE/CDK2","MEF2A"
"Calcineurin","RIPK1","MEF2A"
"Calcineurin","ERBB2","MEF2A"
"Calcineurin","YAP1","MEF2A"
"Calcineurin","CDK3","MEF2A"
"Calcineurin","ADRB2","MEF2A"
"Calcineurin","TRAF6","MEF2A"
"Calcineurin","FADD","MEF2A"
"Calcineurin","SHC1","MEF2A"
"Calcineurin","SKI","MEF2A"
"Calcineurin","AXIN1","MEF2A"
"Calcineurin","CDK6","MEF2A"
"Calcineurin","AMOTL2","MEF2A"
"Calcineurin","CDC25C","MEF2A"
"Calcineurin","FAS","MEF2A"
"Calcineurin","HES1","MEF2A"
"Calcineurin","TRIP13","MEF2A"
"Calcineurin","VAV2","MEF2A"
"Calcineurin","APC","MEF2A"
"Calcineurin","MAP4K2","MEF2A"
"Calcineurin","ATM","STMN1"
"Calcineurin","CDK4","STMN1"
"Calcineurin","CDK1","STMN1"
"Calcineurin","Gbeta","STMN1"
"Calcineurin","LCK","STMN1"
"Calcineurin","ABL1","STMN1"
"Calcineurin","CHEK1","STMN1"
"Calcineurin","VAV1","STMN1"
"Calcineurin","GSK3B","STMN1"
"Calcineurin","EGFR","STMN1"
"Calcineurin","RIPK1","STMN1"
"Calcineurin","YAP1","STMN1"
"Calcineurin","RXRA","STMN1"
"Calcineurin","HES1","STMN1"
"Calcineurin","BRAF","STMN1"
"Calcineurin","NR3C1","STMN1"
"Calcineurin","VAV2","STMN1"
"Calcineurin","MAP4K2","STMN1"
"Calcineurin","MAPK3","CDH1"
"Calcineurin","GSK3A","CDH1"
"Calcineurin","CDK4","CDH1"
"Calcineurin","ERK1/2","CDH1"
"Calcineurin","ABL1","CDH1"
"Calcineurin","EGFR","CDH1"
"Calcineurin","PPP1R2","CDH1"
"Calcineurin","CyclinE/CDK2","CDH1"
"Calcineurin","ERBB2","CDH1"
"Calcineurin","YAP1","CDH1"
"Calcineurin","CDK3","CDH1"
"Calcineurin","FGFR1","CDH1"
"Calcineurin","PRKAA1","CDH1"
"Calcineurin","ADRB2","CDH1"
"Calcineurin","TRAF6","CDH1"
"Calcineurin","FADD","CDH1"
"Calcineurin","AMOTL2","CDH1"
"Calcineurin","FAS","CDH1"
"Calcineurin","PIK3CG","CDH1"
"Calcineurin","VAV2","CDH1"
"Calcineurin","APC","CDH1"
"Calcineurin","MAPK3","THRB"
"Calcineurin","IRAK1","THRB"
"Calcineurin","ATM","THRB"
"Calcineurin","DAB2IP","THRB"
"Calcineurin","RAF1","THRB"
"Calcineurin","CDK4","THRB"
"Calcineurin","CDK1","THRB"
"Calcineurin","ERK1/2","THRB"
"Calcineurin","LCK","THRB"
"Calcineurin","ABL1","THRB"
"Calcineurin","CDK2","THRB"
"Calcineurin","CHEK1","THRB"
"Calcineurin","GSK3B","THRB"
"Calcineurin","EGFR","THRB"
"Calcineurin","ERBB2","THRB"
"Calcineurin","YAP1","THRB"
"Calcineurin","CDK3","THRB"
"Calcineurin","ADRB2","THRB"
"Calcineurin","TRAF6","THRB"
"Calcineurin","FADD","THRB"
"Calcineurin","SHC1","THRB"
"Calcineurin","SKI","THRB"
"Calcineurin","AXIN1","THRB"
"Calcineurin","CDK6","THRB"
"Calcineurin","FAS","THRB"
"Calcineurin","HES1","THRB"
"Calcineurin","FAM83G","THRB"
"Calcineurin","TRIP13","THRB"
"Calcineurin","MAP4K2","THRB"
"Calcineurin","MAPK3","H3C1"
"Calcineurin","ATM","H3C1"
"Calcineurin","DAB2IP","H3C1"
"Calcineurin","ERK1/2","H3C1"
"Calcineurin","Gbeta","H3C1"
"Calcineurin","LCK","H3C1"
"Calcineurin","RAC1","H3C1"
"Calcineurin","CDK2","H3C1"
"Calcineurin","VAV1","H3C1"
"Calcineurin","GSK3B","H3C1"
"Calcineurin","CyclinE/CDK2","H3C1"
"Calcineurin","RIPK1","H3C1"
"Calcineurin","YAP1","H3C1"
"Calcineurin","FGFR1","H3C1"
"Calcineurin","ADRB2","H3C1"
"Calcineurin","TRAF6","H3C1"
"Calcineurin","SHC1","H3C1"
"Calcineurin","RXRA","H3C1"
"Calcineurin","CDC25C","H3C1"
"Calcineurin","FAS","H3C1"
"Calcineurin","HES1","H3C1"
"Calcineurin","BRAF","H3C1"
"Calcineurin","FAM83G","H3C1"
"Calcineurin","RCAN1","H3C1"
"Calcineurin","MAPK3","HTRA2"
"Calcineurin","ERK1/2","HTRA2"
"Calcineurin","Gbeta","HTRA2"
"Calcineurin","LCK","HTRA2"
"Calcineurin","CDK2","HTRA2"
"Calcineurin","CHEK1","HTRA2"
"Calcineurin","PPP1R2","HTRA2"
"Calcineurin","ERBB2","HTRA2"
"Calcineurin","YAP1","HTRA2"
"Calcineurin","CDK3","HTRA2"
"Calcineurin","GRB2","HTRA2"
"Calcineurin","ADRB2","HTRA2"
"Calcineurin","SHC1","HTRA2"
"Calcineurin","SKI","HTRA2"
"Calcineurin","RXRA","HTRA2"
"Calcineurin","BRAF","HTRA2"
"Calcineurin","FAM83G","HTRA2"
"Calcineurin","VAV2","HTRA2"
"Calcineurin","MAP4K2","HTRA2"
"Calcineurin","MAPK3","HDAC1"
"Calcineurin","GSK3A","HDAC1"
"Calcineurin","DAB2IP","HDAC1"
"Calcineurin","RAF1","HDAC1"
"Calcineurin","CDK1","HDAC1"
"Calcineurin","ERK1/2","HDAC1"
"Calcineurin","Gbeta","HDAC1"
"Calcineurin","LCK","HDAC1"
"Calcineurin","CDK2","HDAC1"
"Calcineurin","CHEK1","HDAC1"
"Calcineurin","EGFR","HDAC1"
"Calcineurin","CyclinE/CDK2","HDAC1"
"Calcineurin","RIPK1","HDAC1"
"Calcineurin","CDK3","HDAC1"
"Calcineurin","FGFR1","HDAC1"
"Calcineurin","ADRB2","HDAC1"
"Calcineurin","TRAF6","HDAC1"
"Calcineurin","SHC1","HDAC1"
"Calcineurin","AXIN1","HDAC1"
"Calcineurin","CDK6","HDAC1"
"Calcineurin","AMOTL2","HDAC1"
"Calcineurin","CDC25C","HDAC1"
"Calcineurin","FAS","HDAC1"
"Calcineurin","BRAF","HDAC1"
"Calcineurin","NR3C1","HDAC1"
"Calcineurin","FAM83G","HDAC1"
"Calcineurin","PIK3CG","HDAC1"
"Calcineurin","RCAN1","HDAC1"
"Calcineurin","VAV2","HDAC1"
"Calcineurin","APC","HDAC1"
"Calcineurin","MAP4K2","HDAC1"
"Calcineurin","MAPK3","KAT5"
"Calcineurin","IRAK1","KAT5"
"Calcineurin","GSK3A","KAT5"
"Calcineurin","DAB2IP","KAT5"
"Calcineurin","CDK1","KAT5"
"Calcineurin","ERK1/2","KAT5"
"Calcineurin","Gbeta","KAT5"
"Calcineurin","LCK","KAT5"
"Calcineurin","VAV1","KAT5"
"Calcineurin","EGFR","KAT5"
"Calcineurin","PPP1R2","KAT5"
"Calcineurin","CyclinE/CDK2","KAT5"
"Calcineurin","ERBB2","KAT5"
"Calcineurin","GRB2","KAT5"
"Calcineurin","PRKAA1","KAT5"
"Calcineurin","SHC1","KAT5"
"Calcineurin","AXIN1","KAT5"
"Calcineurin","CDK6","KAT5"
"Calcineurin","RXRA","KAT5"
"Calcineurin","CDC25C","KAT5"
"Calcineurin","FAS","KAT5"
"Calcineurin","HES1","KAT5"
"Calcineurin","BRAF","KAT5"
"Calcineurin","NR3C1","KAT5"
"Calcineurin","FAM83G","KAT5"
"Calcineurin","RCAN1","KAT5"
"Calcineurin","TRIP13","KAT5"
"Calcineurin","APC","KAT5"
"Calcineurin","MAP4K2","KAT5"
"Calcineurin","MAPK3","TSC2"
"Calcineurin","IRAK1","TSC2"
"Calcineurin","GSK3A","TSC2"
"Calcineurin","DAB2IP","TSC2"
"Calcineurin","CDK1","TSC2"
"Calcineurin","ERK1/2","TSC2"
"Calcineurin","Gbeta","TSC2"
"Calcineurin","LCK","TSC2"
"Calcineurin","RAC1","TSC2"
"Calcineurin","CDK2","TSC2"
"Calcineurin","GSK3B","TSC2"
"Calcineurin","EGFR","TSC2"
"Calcineurin","CyclinE/CDK2","TSC2"
"Calcineurin","ADRB2","TSC2"
"Calcineurin","TRAF6","TSC2"
"Calcineurin","SKI","TSC2"
"Calcineurin","AXIN1","TSC2"
"Calcineurin","RXRA","TSC2"
"Calcineurin","AMOTL2","TSC2"
"Calcineurin","CDC25C","TSC2"
"Calcineurin","FAS","TSC2"
"Calcineurin","HES1","TSC2"
"Calcineurin","BRAF","TSC2"
"Calcineurin","NR3C1","TSC2"
"Calcineurin","PIK3CG","TSC2"
"Calcineurin","RCAN1","TSC2"
"Calcineurin","TRIP13","TSC2"
"Calcineurin","VAV2","TSC2"
"Calcineurin","RAF1","BORA"
"Calcineurin","CDK4","BORA"
"Calcineurin","CDK1","BORA"
"Calcineurin","Gbeta","BORA"
"Calcineurin","RAC1","BORA"
"Calcineurin","CHEK1","BORA"
"Calcineurin","RIPK1","BORA"
"Calcineurin","YAP1","BORA"
"Calcineurin","GRB2","BORA"
"Calcineurin","FGFR1","BORA"
"Calcineurin","SKI","BORA"
"Calcineurin","CDK6","BORA"
"Calcineurin","RXRA","BORA"
"Calcineurin","CDC25C","BORA"
"Calcineurin","HES1","BORA"
"Calcineurin","BRAF","BORA"
"Calcineurin","PIK3CG","BORA"
"Calcineurin","RCAN1","BORA"
"Calcineurin","TRIP13","BORA"
"Calcineurin","VAV2","BORA"
"Calcineurin","MAPK3","FOXA1"
"Calcineurin","ATM","FOXA1"
"Calcineurin","GSK3A","FOXA1"
"Calcineurin","DAB2IP","FOXA1"
"Calcineurin","CDK4","FOXA1"
"Calcineurin","ERK1/2","FOXA1"
"Calcineurin","LCK","FOXA1"
"Calcineurin","RAC1","FOXA1"
"Calcineurin","CDK2","FOXA1"
"Calcineurin","CHEK1","FOXA1"
"Calcineurin","PPP1R2","FOXA1"
"Calcineurin","RIPK1","FOXA1"
"Calcineurin","YAP1","FOXA1"
"Calcineurin","CDK3","FOXA1"
"Calcineurin","PRKAA1","FOXA1"
"Calcineurin","ADRB2","FOXA1"
"Calcineurin","TRAF6","FOXA1"
"Calcineurin","FADD","FOXA1"
"Calcineurin","SHC1","FOXA1"
"Calcineurin","AXIN1","FOXA1"
"Calcineurin","CDK6","FOXA1"
"Calcineurin","AMOTL2","FOXA1"
"Calcineurin","CDC25C","FOXA1"
"Calcineurin","HES1","FOXA1"
"Calcineurin","BRAF","FOXA1"
"Calcineurin","NR3C1","FOXA1"
"Calcineurin","PIK3CG","FOXA1"
"Calcineurin","MAP4K2","FOXA1"
"Calcineurin","MAPK3","TRIP13"
"Calcineurin","IRAK1","TRIP13"
"Calcineurin","ATM","TRIP13"
"Calcineurin","GSK3A","TRIP13"
"Calcineurin","DAB2IP","TRIP13"
"Calcineurin","RAF1","TRIP13"
"Calcineurin","CDK4","TRIP13"
"Calcineurin","ERK1/2","TRIP13"
"Calcineurin","RAC1","TRIP13"
"Calcineurin","ABL1","TRIP13"
"Calcineurin","CDK2","TRIP13"
"Calcineurin","GSK3B","TRIP13"
"Calcineurin","PPP1R2","TRIP13"
"Calcineurin","CyclinE/CDK2","TRIP13"
"Calcineurin","ERBB2","TRIP13"
"Calcineurin","YAP1","TRIP13"
"Calcineurin","CDK3","TRIP13"
"Calcineurin","GRB2","TRIP13"
"Calcineurin","ADRB2","TRIP13"
"Calcineurin","TRAF6","TRIP13"
"Calcineurin","FADD","TRIP13"
"Calcineurin","SHC1","TRIP13"
"Calcineurin","SKI","TRIP13"
"Calcineurin","CDK6","TRIP13"
"Calcineurin","AMOTL2","TRIP13"
"Calcineurin","CDC25C","TRIP13"
"Calcineurin","BRAF","TRIP13"
"Calcineurin","RCAN1","TRIP13"
"Calcineurin","VAV2","TRIP13"
"Calcineurin","APC","TRIP13"
"Calcineurin","MAP4K2","TRIP13"
"Calcineurin","IRAK1","NFKB1"
"Calcineurin","ATM","NFKB1"
"Calcineurin","CHEK1","NFKB1"
"Calcineurin","EGFR","NFKB1"
"Calcineurin","CyclinE/CDK2","NFKB1"
"Calcineurin","ERBB2","NFKB1"
"Calcineurin","GRB2","NFKB1"
"Calcineurin","TRAF6","NFKB1"
"Calcineurin","FADD","NFKB1"
"Calcineurin","CDC25C","NFKB1"
"Calcineurin","FAS","NFKB1"
"Calcineurin","BRAF","NFKB1"
"Calcineurin","NR3C1","NFKB1"
"Calcineurin","PIK3CG","NFKB1"
"Calcineurin","RCAN1","NFKB1"
"Calcineurin","TRIP13","NFKB1"
"Calcineurin","IRAK1","DNM1L"
"Calcineurin","ATM","DNM1L"
"Calcineurin","GSK3A","DNM1L"
"Calcineurin","DAB2IP","DNM1L"
"Calcineurin","Gbeta","DNM1L"
"Calcineurin","LCK","DNM1L"
"Calcineurin","GSK3B","DNM1L"
"Calcineurin","PPP1R2","DNM1L"
"Calcineurin","CyclinE/CDK2","DNM1L"
"Calcineurin","ERBB2","DNM1L"
"Calcineurin","FADD","DNM1L"
"Calcineurin","SKI","DNM1L"
"Calcineurin","CDK6","DNM1L"
"Calcineurin","AMOTL2","DNM1L"
"Calcineurin","BRAF","DNM1L"
"Calcineurin","NR3C1","DNM1L"
"Calcineurin","FAM83G","DNM1L"
"Calcineurin","PIK3CG","DNM1L"
"Calcineurin","TRIP13","DNM1L"
"Calcineurin","APC","DNM1L"
"Calcineurin","MAP4K2","DNM1L"
"Calcineurin","MAPK3","CEBPA"
"Calcineurin","IRAK1","CEBPA"
"Calcineurin","ATM","CEBPA"
"Calcineurin","DAB2IP","CEBPA"
"Calcineurin","RAF1","CEBPA"
"Calcineurin","CDK4","CEBPA"
"Calcineurin","Gbeta","CEBPA"
"Calcineurin","LCK","CEBPA"
"Calcineurin","VAV1","CEBPA"
"Calcineurin","GSK3B","CEBPA"
"Calcineurin","PPP1R2","CEBPA"
"Calcineurin","CyclinE/CDK2","CEBPA"
"Calcineurin","CDK3","CEBPA"
"Calcineurin","GRB2","CEBPA"
"Calcineurin","FGFR1","CEBPA"
"Calcineurin","PRKAA1","CEBPA"
"Calcineurin","ADRB2","CEBPA"
"Calcineurin","FADD","CEBPA"
"Calcineurin","SHC1","CEBPA"
"Calcineurin","SKI","CEBPA"
"Calcineurin","AXIN1","CEBPA"
"Calcineurin","CDK6","CEBPA"
"Calcineurin","RXRA","CEBPA"
"Calcineurin","CDC25C","CEBPA"
"Calcineurin","FAS","CEBPA"
"Calcineurin","HES1","CEBPA"
"Calcineurin","BRAF","CEBPA"
"Calcineurin","NR3C1","CEBPA"
"Calcineurin","FAM83G","CEBPA"
"Calcineurin","PIK3CG","CEBPA"
"Calcineurin","RCAN1","CEBPA"
"Calcineurin","TRIP13","CEBPA"
"Calcineurin","APC","CEBPA"
"Calcineurin","IRAK1","NHEJ1"
"Calcineurin","ATM","NHEJ1"
"Calcineurin","DAB2IP","NHEJ1"
"Calcineurin","CDK4","NHEJ1"
"Calcineurin","CDK1","NHEJ1"
"Calcineurin","ERK1/2","NHEJ1"
"Calcineurin","Gbeta","NHEJ1"
"Calcineurin","LCK","NHEJ1"
"Calcineurin","RAC1","NHEJ1"
"Calcineurin","CDK2","NHEJ1"
"Calcineurin","CyclinE/CDK2","NHEJ1"
"Calcineurin","RIPK1","NHEJ1"
"Calcineurin","YAP1","NHEJ1"
"Calcineurin","CDK3","NHEJ1"
"Calcineurin","GRB2","NHEJ1"
"Calcineurin","FGFR1","NHEJ1"
"Calcineurin","ADRB2","NHEJ1"
"Calcineurin","TRAF6","NHEJ1"
"Calcineurin","FADD","NHEJ1"
"Calcineurin","SHC1","NHEJ1"
"Calcineurin","SKI","NHEJ1"
"Calcineurin","AXIN1","NHEJ1"
"Calcineurin","RXRA","NHEJ1"
"Calcineurin","AMOTL2","NHEJ1"
"Calcineurin","CDC25C","NHEJ1"
"Calcineurin","FAS","NHEJ1"
"Calcineurin","HES1","NHEJ1"
"Calcineurin","BRAF","NHEJ1"
"Calcineurin","NR3C1","NHEJ1"
"Calcineurin","FAM83G","NHEJ1"
"Calcineurin","APC","NHEJ1"
"Calcineurin","MAP4K2","NHEJ1"
"Calcineurin","MAPK3","MAP3K12"
"Calcineurin","ATM","MAP3K12"
"Calcineurin","DAB2IP","MAP3K12"
"Calcineurin","CDK1","MAP3K12"
"Calcineurin","Gbeta","MAP3K12"
"Calcineurin","ABL1","MAP3K12"
"Calcineurin","CDK2","MAP3K12"
"Calcineurin","CHEK1","MAP3K12"
"Calcineurin","VAV1","MAP3K12"
"Calcineurin","GSK3B","MAP3K12"
"Calcineurin","PPP1R2","MAP3K12"
"Calcineurin","CyclinE/CDK2","MAP3K12"
"Calcineurin","YAP1","MAP3K12"
"Calcineurin","CDK3","MAP3K12"
"Calcineurin","GRB2","MAP3K12"
"Calcineurin","ADRB2","MAP3K12"
"Calcineurin","TRAF6","MAP3K12"
"Calcineurin","SHC1","MAP3K12"
"Calcineurin","SKI","MAP3K12"
"Calcineurin","AXIN1","MAP3K12"
"Calcineurin","RXRA","MAP3K12"
"Calcineurin","AMOTL2","MAP3K12"
"Calcineurin","FAS","MAP3K12"
"Calcineurin","HES1","MAP3K12"
"Calcineurin","BRAF","MAP3K12"
"Calcineurin","FAM83G","MAP3K12"
"Calcineurin","PIK3CG","MAP3K12"
"Calcineurin","RCAN1","MAP3K12"
"Calcineurin","TRIP13","MAP3K12"
"Calcineurin","VAV2","MAP3K12"
"Calcineurin","APC","MAP3K12"
"Calcineurin","MAP4K2","MAP3K12"
"Calcineurin","MAPK3","VAV2"
"Calcineurin","IRAK1","VAV2"
"Calcineurin","DAB2IP","VAV2"
"Calcineurin","RAF1","VAV2"
"Calcineurin","CDK4","VAV2"
"Calcineurin","Gbeta","VAV2"
"Calcineurin","LCK","VAV2"
"Calcineurin","RAC1","VAV2"
"Calcineurin","ABL1","VAV2"
"Calcineurin","CDK2","VAV2"
"Calcineurin","CHEK1","VAV2"
"Calcineurin","VAV1","VAV2"
"Calcineurin","PPP1R2","VAV2"
"Calcineurin","CyclinE/CDK2","VAV2"
"Calcineurin","RIPK1","VAV2"
"Calcineurin","YAP1","VAV2"
"Calcineurin","CDK3","VAV2"
"Calcineurin","GRB2","VAV2"
"Calcineurin","FGFR1","VAV2"
"Calcineurin","PRKAA1","VAV2"
"Calcineurin","TRAF6","VAV2"
"Calcineurin","FADD","VAV2"
"Calcineurin","AXIN1","VAV2"
"Calcineurin","CDK6","VAV2"
"Calcineurin","AMOTL2","VAV2"
"Calcineurin","FAS","VAV2"
"Calcineurin","APC","VAV2"
"Calcineurin","IRAK1","KHSRP"
"Calcineurin","VAV1","KHSRP"
"Calcineurin","CyclinE/CDK2","KHSRP"
"Calcineurin","FADD","KHSRP"
"Calcineurin","RXRA","KHSRP"
"Calcineurin","CDC25C","KHSRP"
"Calcineurin","FAS","KHSRP"
"Calcineurin","HES1","KHSRP"
"Calcineurin","FAM83G","KHSRP"
"Calcineurin","PIK3CG","KHSRP"
"Calcineurin","TRIP13","KHSRP"
"Calcineurin","VAV2","KHSRP"
"Calcineurin","MAP4K2","KHSRP"
"Calcineurin","RAF1","HSPB1"
"Calcineurin","ERK1/2","HSPB1"
"Calcineurin","Gbeta","HSPB1"
"Calcineurin","ABL1","HSPB1"
"Calcineurin","CHEK1","HSPB1"
"Calcineurin","GSK3B","HSPB1"
"Calcineurin","EGFR","HSPB1"
"Calcineurin","CyclinE/CDK2","HSPB1"
"Calcineurin","RIPK1","HSPB1"
"Calcineurin","ERBB2","HSPB1"
"Calcineurin","YAP1","HSPB1"
"Calcineurin","GRB2","HSPB1"
"Calcineurin","FGFR1","HSPB1"
"Calcineurin","TRAF6","HSPB1"
"Calcineurin","FADD","HSPB1"
"Calcineurin","SHC1","HSPB1"
"Calcineurin","SKI","HSPB1"
"Calcineurin","RXRA","HSPB1"
"Calcineurin","CDC25C","HSPB1"
"Calcineurin","FAS","HSPB1"
"Calcineurin","NR3C1","HSPB1"
"Calcineurin","PIK3CG","HSPB1"
"Calcineurin","TRIP13","HSPB1"
"Calcineurin","VAV2","HSPB1"
"Calcineurin","MAP4K2","HSPB1"
"Calcineurin","IRAK1","TP53BP1"
"Calcineurin","GSK3A","TP53BP1"
"Calcineurin","DAB2IP","TP53BP1"
"Calcineurin","RAF1","TP53BP1"
"Calcineurin","CDK4","TP53BP1"
"Calcineurin","ERK1/2","TP53BP1"
"Calcineurin","Gbeta","TP53BP1"
"Calcineurin","LCK","TP53BP1"
"Calcineurin","RAC1","TP53BP1"
"Calcineurin","ABL1","TP53BP1"
"Calcineurin","CDK2","TP53BP1"
"Calcineurin","CHEK1","TP53BP1"
"Calcineurin","GSK3B","TP53BP1"
"Calcineurin","EGFR","TP53BP1"
"Calcineurin","PPP1R2","TP53BP1"
"Calcineurin","RIPK1","TP53BP1"
"Calcineurin","ERBB2","TP53BP1"
"Calcineurin","YAP1","TP53BP1"
"Calcineurin","GRB2","TP53BP1"
"Calcineurin","FADD","TP53BP1"
"Calcineurin","SHC1","TP53BP1"
"Calcineurin","AXIN1","TP53BP1"
"Calcineurin","CDK6","TP53BP1"
"Calcineurin","RXRA","TP53BP1"
"Calcineurin","AMOTL2","TP53BP1"
"Calcineurin","CDC25C","TP53BP1"
"Calcineurin","NR3C1","TP53BP1"
"Calcineurin","VAV2","TP53BP1"
"Calcineurin","GSK3A","NFKB2"
"Calcineurin","CDK4","NFKB2"
"Calcineurin","ABL1","NFKB2"
"Calcineurin","CDK2","NFKB2"
"Calcineurin","CHEK1","NFKB2"
"Calcineurin","GSK3B","NFKB2"
"Calcineurin","CyclinE/CDK2","NFKB2"
"Calcineurin","RIPK1","NFKB2"
"Calcineurin","ERBB2","NFKB2"
"Calcineurin","YAP1","NFKB2"
"Calcineurin","GRB2","NFKB2"
"Calcineurin","FGFR1","NFKB2"
"Calcineurin","PRKAA1","NFKB2"
"Calcineurin","ADRB2","NFKB2"
"Calcineurin","TRAF6","NFKB2"
"Calcineurin","FADD","NFKB2"
"Calcineurin","SHC1","NFKB2"
"Calcineurin","RXRA","NFKB2"
"Calcineurin","BRAF","NFKB2"
"Calcineurin","FAM83G","NFKB2"
"Calcineurin","PIK3CG","NFKB2"
"Calcineurin","VAV2","NFKB2"
"Calcineurin","MAP4K2","NFKB2"
"Calcineurin","IRAK1","APC"
"Calcineurin","ATM","APC"
"Calcineurin","GSK3A","APC"
"Calcineurin","DAB2IP","APC"
"Calcineurin","RAF1","APC"
"Calcineurin","CDK4","APC"
"Calcineurin","CDK1","APC"
"Calcineurin","ABL1","APC"
"Calcineurin","CDK2","APC"
"Calcineurin","CHEK1","APC"
"Calcineurin","EGFR","APC"
"Calcineurin","CyclinE/CDK2","APC"
"Calcineurin","YAP1","APC"
"Calcineurin","GRB2","APC"
"Calcineurin","FGFR1","APC"
"Calcineurin","ADRB2","APC"
"Calcineurin","TRAF6","APC"
"Calcineurin","FADD","APC"
"Calcineurin","SKI","APC"
"Calcineurin","CDK6","APC"
"Calcineurin","RXRA","APC"
"Calcineurin","CDC25C","APC"
"Calcineurin","FAS","APC"
"Calcineurin","BRAF","APC"
"Calcineurin","NR3C1","APC"
"Calcineurin","PIK3CG","APC"
"Calcineurin","RCAN1","APC"
"Calcineurin","VAV2","APC"
"Calcineurin","MAP4K2","APC"
"Calcineurin","ATM","CASP8"
"Calcineurin","GSK3A","CASP8"
"Calcineurin","CDK4","CASP8"
"Calcineurin","CDK1","CASP8"
"Calcineurin","LCK","CASP8"
"Calcineurin","RAC1","CASP8"
"Calcineurin","ABL1","CASP8"
"Calcineurin","CDK2","CASP8"
"Calcineurin","GSK3B","CASP8"
"Calcineurin","EGFR","CASP8"
"Calcineurin","YAP1","CASP8"
"Calcineurin","GRB2","CASP8"
"Calcineurin","SKI","CASP8"
"Calcineurin","AXIN1","CASP8"
"Calcineurin","CDK6","CASP8"
"Calcineurin","AMOTL2","CASP8"
"Calcineurin","CDC25C","CASP8"
"Calcineurin","HES1","CASP8"
"Calcineurin","BRAF","CASP8"
"Calcineurin","NR3C1","CASP8"
"Calcineurin","FAM83G","CASP8"
"Calcineurin","PIK3CG","CASP8"
"Calcineurin","MAP4K2","CASP8"
"Calcineurin","ATM","EIF4EBP1"
"Calcineurin","Gbeta","EIF4EBP1"
"Calcineurin","RAC1","EIF4EBP1"
"Calcineurin","ABL1","EIF4EBP1"
"Calcineurin","CHEK1","EIF4EBP1"
"Calcineurin","GSK3B","EIF4EBP1"
"Calcineurin","EGFR","EIF4EBP1"
"Calcineurin","CyclinE/CDK2","EIF4EBP1"
"Calcineurin","GRB2","EIF4EBP1"
"Calcineurin","PRKAA1","EIF4EBP1"
"Calcineurin","TRAF6","EIF4EBP1"
"Calcineurin","FADD","EIF4EBP1"
"Calcineurin","AXIN1","EIF4EBP1"
"Calcineurin","RXRA","EIF4EBP1"
"Calcineurin","FAS","EIF4EBP1"
"Calcineurin","NR3C1","EIF4EBP1"
"Calcineurin","FAM83G","EIF4EBP1"
"Calcineurin","TRIP13","EIF4EBP1"
"Calcineurin","VAV2","EIF4EBP1"
"Calcineurin","MAP4K2","EIF4EBP1"
"Calcineurin","RAF1","NCOR1"
"Calcineurin","CDK4","NCOR1"
"Calcineurin","CDK1","NCOR1"
"Calcineurin","RAC1","NCOR1"
"Calcineurin","ABL1","NCOR1"
"Calcineurin","CDK2","NCOR1"
"Calcineurin","CHEK1","NCOR1"
"Calcineurin","EGFR","NCOR1"
"Calcineurin","CyclinE/CDK2","NCOR1"
"Calcineurin","ERBB2","NCOR1"
"Calcineurin","YAP1","NCOR1"
"Calcineurin","TRAF6","NCOR1"
"Calcineurin","SHC1","NCOR1"
"Calcineurin","SKI","NCOR1"
"Calcineurin","RXRA","NCOR1"
"Calcineurin","CDC25C","NCOR1"
"Calcineurin","HES1","NCOR1"
"Calcineurin","BRAF","NCOR1"
"Calcineurin","NR3C1","NCOR1"
"Calcineurin","FAM83G","NCOR1"
"Calcineurin","RCAN1","NCOR1"
"Calcineurin","TRIP13","NCOR1"
"Calcineurin","MAPK3","RCSD1"
"Calcineurin","ATM","RCSD1"
"Calcineurin","GSK3A","RCSD1"
"Calcineurin","DAB2IP","RCSD1"
"Calcineurin","CDK4","RCSD1"
"Calcineurin","ERK1/2","RCSD1"
"Calcineurin","RAC1","RCSD1"
"Calcineurin","ABL1","RCSD1"
"Calcineurin","CDK2","RCSD1"
"Calcineurin","CHEK1","RCSD1"
"Calcineurin","EGFR","RCSD1"
"Calcineurin","PPP1R2","RCSD1"
"Calcineurin","RIPK1","RCSD1"
"Calcineurin","YAP1","RCSD1"
"Calcineurin","CDK3","RCSD1"
"Calcineurin","PRKAA1","RCSD1"
"Calcineurin","ADRB2","RCSD1"
"Calcineurin","TRAF6","RCSD1"
"Calcineurin","FADD","RCSD1"
"Calcineurin","SHC1","RCSD1"
"Calcineurin","SKI","RCSD1"
"Calcineurin","CDK6","RCSD1"
"Calcineurin","RXRA","RCSD1"
"Calcineurin","AMOTL2","RCSD1"
"Calcineurin","CDC25C","RCSD1"
"Calcineurin","FAS","RCSD1"
"Calcineurin","HES1","RCSD1"
"Calcineurin","NR3C1","RCSD1"
"Calcineurin","FAM83G","RCSD1"
"Calcineurin","VAV2","RCSD1"
"Calcineurin","APC","RCSD1"
"Calcineurin","IRAK1","CEBPB"
"Calcineurin","DAB2IP","CEBPB"
"Calcineurin","RAF1","CEBPB"
"Calcineurin","CDK4","CEBPB"
"Calcineurin","Gbeta","CEBPB"
"Calcineurin","CHEK1","CEBPB"
"Calcineurin","RIPK1","CEBPB"
"Calcineurin","CDK3","CEBPB"
"Calcineurin","FGFR1","CEBPB"
"Calcineurin","ADRB2","CEBPB"
"Calcineurin","SHC1","CEBPB"
"Calcineurin","SKI","CEBPB"
"Calcineurin","FAM83G","CEBPB"
"Calcineurin","PIK3CG","CEBPB"
"Calcineurin","APC","CEBPB"
"Calcineurin","MAPK3","SARM1"
"Calcineurin","IRAK1","SARM1"
"Calcineurin","ATM","SARM1"
"Calcineurin","DAB2IP","SARM1"
"Calcineurin","CDK4","SARM1"
"Calcineurin","Gbeta","SARM1"
"Calcineurin","RAC1","SARM1"
"Calcineurin","CHEK1","SARM1"
"Calcineurin","VAV1","SARM1"
"Calcineurin","GSK3B","SARM1"
"Calcineurin","PPP1R2","SARM1"
"Calcineurin","CyclinE/CDK2","SARM1"
"Calcineurin","RIPK1","SARM1"
"Calcineurin","ERBB2","SARM1"
"Calcineurin","GRB2","SARM1"
"Calcineurin","FGFR1","SARM1"
"Calcineurin","ADRB2","SARM1"
"Calcineurin","TRAF6","SARM1"
"Calcineurin","SKI","SARM1"
"Calcineurin","AXIN1","SARM1"
"Calcineurin","CDK6","SARM1"
"Calcineurin","RXRA","SARM1"
"Calcineurin","AMOTL2","SARM1"
"Calcineurin","HES1","SARM1"
"Calcineurin","BRAF","SARM1"
"Calcineurin","NR3C1","SARM1"
"Calcineurin","RCAN1","SARM1"
"Calcineurin","TRIP13","SARM1"
"Calcineurin","MAP4K2","SARM1"
"Calcineurin","MAPK3","LARP1"
"Calcineurin","IRAK1","LARP1"
"Calcineurin","GSK3A","LARP1"
"Calcineurin","RAF1","LARP1"
"Calcineurin","CDK1","LARP1"
"Calcineurin","Gbeta","LARP1"
"Calcineurin","RAC1","LARP1"
"Calcineurin","CyclinE/CDK2","LARP1"
"Calcineurin","RIPK1","LARP1"
"Calcineurin","CDK3","LARP1"
"Calcineurin","GRB2","LARP1"
"Calcineurin","PRKAA1","LARP1"
"Calcineurin","ADRB2","LARP1"
"Calcineurin","TRAF6","LARP1"
"Calcineurin","FADD","LARP1"
"Calcineurin","SHC1","LARP1"
"Calcineurin","AXIN1","LARP1"
"Calcineurin","AMOTL2","LARP1"
"Calcineurin","CDC25C","LARP1"
"Calcineurin","FAS","LARP1"
"Calcineurin","BRAF","LARP1"
"Calcineurin","NR3C1","LARP1"
"Calcineurin","FAM83G","LARP1"
"Calcineurin","TRIP13","LARP1"
"Calcineurin","VAV2","LARP1"
"Calcineurin","APC","LARP1"
"Calcineurin","MAP4K2","LARP1"
"Calcineurin","ERK1/2","PIK3CD"
"Calcineurin","Gbeta","PIK3CD"
"Calcineurin","RAC1","PIK3CD"
"Calcineurin","ABL1","PIK3CD"
"Calcineurin","CDK2","PIK3CD"
"Calcineurin","CHEK1","PIK3CD"
"Calcineurin","VAV1","PIK3CD"
"Calcineurin","EGFR","PIK3CD"
"Calcineurin","CyclinE/CDK2","PIK3CD"
"Calcineurin","CDK3","PIK3CD"
"Calcineurin","GRB2","PIK3CD"
"Calcineurin","FGFR1","PIK3CD"
"Calcineurin","PRKAA1","PIK3CD"
"Calcineurin","TRAF6","PIK3CD"
"Calcineurin","FADD","PIK3CD"
"Calcineurin","AXIN1","PIK3CD"
"Calcineurin","CDC25C","PIK3CD"
"Calcineurin","FAS","PIK3CD"
"Calcineurin","HES1","PIK3CD"
"Calcineurin","BRAF","PIK3CD"
"Calcineurin","NR3C1","PIK3CD"
"Calcineurin","TRIP13","PIK3CD"
"Calcineurin","RAF1","MAP4K2"
"Calcineurin","CDK2","MAP4K2"
"Calcineurin","CHEK1","MAP4K2"
"Calcineurin","GSK3B","MAP4K2"
"Calcineurin","PPP1R2","MAP4K2"
"Calcineurin","CyclinE/CDK2","MAP4K2"
"Calcineurin","RIPK1","MAP4K2"
"Calcineurin","ERBB2","MAP4K2"
"Calcineurin","PRKAA1","MAP4K2"
"Calcineurin","TRAF6","MAP4K2"
"Calcineurin","SHC1","MAP4K2"
"Calcineurin","SKI","MAP4K2"
"Calcineurin","RXRA","MAP4K2"
"Calcineurin","AMOTL2","MAP4K2"
"Calcineurin","NR3C1","MAP4K2"
"Calcineurin","TRIP13","MAP4K2"
"Calcineurin","APC","MAP4K2"
"Calcineurin","IRAK1","PLN"
"Calcineurin","ATM","PLN"
"Calcineurin","DAB2IP","PLN"
"Calcineurin","RAF1","PLN"
"Calcineurin","ERK1/2","PLN"
"Calcineurin","Gbeta","PLN"
"Calcineurin","RAC1","PLN"
"Calcineurin","CDK2","PLN"
"Calcineurin","CHEK1","PLN"
"Calcineurin","GSK3B","PLN"
"Calcineurin","EGFR","PLN"
"Calcineurin","PPP1R2","PLN"
"Calcineurin","RIPK1","PLN"
"Calcineurin","ERBB2","PLN"
"Calcineurin","CDK3","PLN"
"Calcineurin","PRKAA1","PLN"
"Calcineurin","ADRB2","PLN"
"Calcineurin","SKI","PLN"
"Calcineurin","CDK6","PLN"
"Calcineurin","RXRA","PLN"
"Calcineurin","FAS","PLN"
"Calcineurin","BRAF","PLN"
"Calcineurin","NR3C1","PLN"
"Calcineurin","FAM83G","PLN"
"Calcineurin","PIK3CG","PLN"
"Calcineurin","RCAN1","PLN"
"Calcineurin","VAV2","PLN"
"Calcineurin","MAPK3","EZR"
"Calcineurin","ATM","EZR"
"Calcineurin","RAF1","EZR"
"Calcineurin","CDK4","EZR"
"Calcineurin","CDK1","EZR"
"Calcineurin","Gbeta","EZR"
"Calcineurin","RAC1","EZR"
"Calcineurin","ABL1","EZR"
"Calcineurin","GSK3B","EZR"
"Calcineurin","PPP1R2","EZR"
"Calcineurin","ERBB2","EZR"
"Calcineurin","YAP1","EZR"
"Calcineurin","CDK3","EZR"
"Calcineurin","GRB2","EZR"
"Calcineurin","FGFR1","EZR"
"Calcineurin","TRAF6","EZR"
"Calcineurin","FADD","EZR"
"Calcineurin","SHC1","EZR"
"Calcineurin","CDC25C","EZR"
"Calcineurin","FAS","EZR"
"Calcineurin","HES1","EZR"
"Calcineurin","BRAF","EZR"
"Calcineurin","PIK3CG","EZR"
"Calcineurin","TRIP13","EZR"
"Calcineurin","VAV2","EZR"
"Calcineurin","APC","EZR"
"Calcineurin","RAF1","AKT1S1"
"Calcineurin","CDK4","AKT1S1"
"Calcineurin","CDK1","AKT1S1"
"Calcineurin","ERK1/2","AKT1S1"
"Calcineurin","CHEK1","AKT1S1"
"Calcineurin","VAV1","AKT1S1"
"Calcineurin","GSK3B","AKT1S1"
"Calcineurin","PPP1R2","AKT1S1"
"Calcineurin","RIPK1","AKT1S1"
"Calcineurin","YAP1","AKT1S1"
"Calcineurin","CDK3","AKT1S1"
"Calcineurin","FGFR1","AKT1S1"
"Calcineurin","TRAF6","AKT1S1"
"Calcineurin","FADD","AKT1S1"
"Calcineurin","SHC1","AKT1S1"
"Calcineurin","AXIN1","AKT1S1"
"Calcineurin","CDC25C","AKT1S1"
"Calcineurin","FAS","AKT1S1"
"Calcineurin","NR3C1","AKT1S1"
"Calcineurin","VAV2","AKT1S1"
"Calcineurin","MAP4K2","AKT1S1"
"Calcineurin","IRAK1","NIFK"
"Calcineurin","GSK3A","NIFK"
"Calcineurin","DAB2IP","NIFK"
"Calcineurin","RAF1","NIFK"
"Calcineurin","ERK1/2","NIFK"
"Calcineurin","Gbeta","NIFK"
"Calcineurin","RAC1","NIFK"
"Calcineurin","ABL1","NIFK"
"Calcineurin","CyclinE/CDK2","NIFK"
"Calcineurin","ERBB2","NIFK"
"Calcineurin","GRB2","NIFK"
"Calcineurin","FGFR1","NIFK"
"Calcineurin","PRKAA1","NIFK"
"Calcineurin","FADD","NIFK"
"Calcineurin","SKI","NIFK"
"Calcineurin","AXIN1","NIFK"
"Calcineurin","CDK6","NIFK"
"Calcineurin","RXRA","NIFK"
"Calcineurin","CDC25C","NIFK"
"Calcineurin","FAS","NIFK"
"Calcineurin","HES1","NIFK"
"Calcineurin","FAM83G","NIFK"
"Calcineurin","RCAN1","NIFK"
"Calcineurin","APC","NIFK"
"Calcineurin","MAP4K2","NIFK"
"Calcineurin","IRAK1","MXD1"
"Calcineurin","GSK3A","MXD1"
"Calcineurin","DAB2IP","MXD1"
"Calcineurin","CDK1","MXD1"
"Calcineurin","Gbeta","MXD1"
"Calcineurin","RAC1","MXD1"
"Calcineurin","ABL1","MXD1"
"Calcineurin","CDK2","MXD1"
"Calcineurin","CHEK1","MXD1"
"Calcineurin","VAV1","MXD1"
"Calcineurin","EGFR","MXD1"
"Calcineurin","PPP1R2","MXD1"
"Calcineurin","ERBB2","MXD1"
"Calcineurin","YAP1","MXD1"
"Calcineurin","CDK3","MXD1"
"Calcineurin","GRB2","MXD1"
"Calcineurin","SHC1","MXD1"
"Calcineurin","SKI","MXD1"
"Calcineurin","AXIN1","MXD1"
"Calcineurin","RXRA","MXD1"
"Calcineurin","CDC25C","MXD1"
"Calcineurin","FAS","MXD1"
"Calcineurin","BRAF","MXD1"
"Calcineurin","FAM83G","MXD1"
"Calcineurin","TRIP13","MXD1"
"Calcineurin","VAV2","MXD1"
"Calcineurin","GSK3A","STAT5A"
"Calcineurin","LCK","STAT5A"
"Calcineurin","CDK2","STAT5A"
"Calcineurin","CHEK1","STAT5A"
"Calcineurin","VAV1","STAT5A"
"Calcineurin","EGFR","STAT5A"
"Calcineurin","PPP1R2","STAT5A"
"Calcineurin","CyclinE/CDK2","STAT5A"
"Calcineurin","FGFR1","STAT5A"
"Calcineurin","PRKAA1","STAT5A"
"Calcineurin","ADRB2","STAT5A"
"Calcineurin","TRAF6","STAT5A"
"Calcineurin","FADD","STAT5A"
"Calcineurin","SKI","STAT5A"
"Calcineurin","AXIN1","STAT5A"
"Calcineurin","AMOTL2","STAT5A"
"Calcineurin","FAS","STAT5A"
"Calcineurin","PIK3CG","STAT5A"
"Calcineurin","VAV2","STAT5A"
"Calcineurin","APC","STAT5A"
"Calcineurin","IRAK1","TSC"
"Calcineurin","ATM","TSC"
"Calcineurin","GSK3A","TSC"
"Calcineurin","RAF1","TSC"
"Calcineurin","CDK4","TSC"
"Calcineurin","CDK1","TSC"
"Calcineurin","ERK1/2","TSC"
"Calcineurin","Gbeta","TSC"
"Calcineurin","CHEK1","TSC"
"Calcineurin","VAV1","TSC"
"Calcineurin","GSK3B","TSC"
"Calcineurin","EGFR","TSC"
"Calcineurin","PPP1R2","TSC"
"Calcineurin","ERBB2","TSC"
"Calcineurin","CDK3","TSC"
"Calcineurin","GRB2","TSC"
"Calcineurin","FGFR1","TSC"
"Calcineurin","ADRB2","TSC"
"Calcineurin","FADD","TSC"
"Calcineurin","SKI","TSC"
"Calcineurin","AXIN1","TSC"
"Calcineurin","RXRA","TSC"
"Calcineurin","CDC25C","TSC"
"Calcineurin","FAS","TSC"
"Calcineurin","HES1","TSC"
"Calcineurin","BRAF","TSC"
"Calcineurin","FAM83G","TSC"
"Calcineurin","RCAN1","TSC"
"Calcineurin","TRIP13","TSC"
"Calcineurin","VAV2","TSC"
"Calcineurin","MAP4K2","TSC"
"Calcineurin","IRAK1","RGS16"
"Calcineurin","ATM","RGS16"
"Calcineurin","GSK3A","RGS16"
"Calcineurin","DAB2IP","RGS16"
"Calcineurin","RAF1","RGS16"
"Calcineurin","CDK1","RGS16"
"Calcineurin","ERK1/2","RGS16"
"Calcineurin","RAC1","RGS16"
"Calcineurin","ABL1","RGS16"
"Calcineurin","CDK2","RGS16"
"Calcineurin","CHEK1","RGS16"
"Calcineurin","VAV1","RGS16"
"Calcineurin","GSK3B","RGS16"
"Calcineurin","CyclinE/CDK2","RGS16"
"Calcineurin","RIPK1","RGS16"
"Calcineurin","ERBB2","RGS16"
"Calcineurin","YAP1","RGS16"
"Calcineurin","CDK3","RGS16"
"Calcineurin","GRB2","RGS16"
"Calcineurin","FGFR1","RGS16"
"Calcineurin","PRKAA1","RGS16"
"Calcineurin","TRAF6","RGS16"
"Calcineurin","FADD","RGS16"
"Calcineurin","SHC1","RGS16"
"Calcineurin","AXIN1","RGS16"
"Calcineurin","CDK6","RGS16"
"Calcineurin","AMOTL2","RGS16"
"Calcineurin","CDC25C","RGS16"
"Calcineurin","FAS","RGS16"
"Calcineurin","HES1","RGS16"
"Calcineurin","BRAF","RGS16"
"Calcineurin","NR3C1","RGS16"
"Calcineurin","FAM83G","RGS16"
"Calcineurin","PIK3CG","RGS16"
"Calcineurin","RCAN1","RGS16"
"Calcineurin","VAV2","RGS16"
"Calcineurin","APC","RGS16"
"Calcineurin","MAP4K2","RGS16"
"Calcineurin","MAPK3","WDR62"
"Calcineurin","ATM","WDR62"
"Calcineurin","GSK3A","WDR62"
"Calcineurin","DAB2IP","WDR62"
"Calcineurin","CDK1","WDR62"
"Calcineurin","ERK1/2","WDR62"
"Calcineurin","Gbeta","WDR62"
"Calcineurin","LCK","WDR62"
"Calcineurin","RAC1","WDR62"
"Calcineurin","ABL1","WDR62"
"Calcineurin","PPP1R2","WDR62"
"Calcineurin","CyclinE/CDK2","WDR62"
"Calcineurin","RIPK1","WDR62"
"Calcineurin","ERBB2","WDR62"
"Calcineurin","PRKAA1","WDR62"
"Calcineurin","TRAF6","WDR62"
"Calcineurin","AMOTL2","WDR62"
"Calcineurin","HES1","WDR62"
"Calcineurin","TRIP13","WDR62"
"Calcineurin","APC","WDR62"
"Calcineurin","MAPK3","MEF2D"
"Calcineurin","ATM","MEF2D"
"Calcineurin","DAB2IP","MEF2D"
"Calcineurin","CDK1","MEF2D"
"Calcineurin","Gbeta","MEF2D"
"Calcineurin","LCK","MEF2D"
"Calcineurin","RAC1","MEF2D"
"Calcineurin","EGFR","MEF2D"
"Calcineurin","PPP1R2","MEF2D"
"Calcineurin","CyclinE/CDK2","MEF2D"
"Calcineurin","YAP1","MEF2D"
"Calcineurin","CDK3","MEF2D"
"Calcineurin","FGFR1","MEF2D"
"Calcineurin","PRKAA1","MEF2D"
"Calcineurin","FADD","MEF2D"
"Calcineurin","CDK6","MEF2D"
"Calcineurin","AMOTL2","MEF2D"
"Calcineurin","CDC25C","MEF2D"
"Calcineurin","NR3C1","MEF2D"
"Calcineurin","PIK3CG","MEF2D"
"Calcineurin","APC","MEF2D"
"Calcineurin","MAPK3","SMURF2"
"Calcineurin","ATM","SMURF2"
"Calcineurin","DAB2IP","SMURF2"
"Calcineurin","RAF1","SMURF2"
"Calcineurin","CDK4","SMURF2"
"Calcineurin","CDK1","SMURF2"
"Calcineurin","Gbeta","SMURF2"
"Calcineurin","LCK","SMURF2"
"Calcineurin","RAC1","SMURF2"
"Calcineurin","VAV1","SMURF2"
"Calcineurin","EGFR","SMURF2"
"Calcineurin","RIPK1","SMURF2"
"Calcineurin","ERBB2","SMURF2"
"Calcineurin","CDK3","SMURF2"
"Calcineurin","ADRB2","SMURF2"
"Calcineurin","FADD","SMURF2"
"Calcineurin","SHC1","SMURF2"
"Calcineurin","SKI","SMURF2"
"Calcineurin","RXRA","SMURF2"
"Calcineurin","AMOTL2","SMURF2"
"Calcineurin","FAM83G","SMURF2"
"Calcineurin","TRIP13","SMURF2"
"Calcineurin","APC","SMURF2"
"Calcineurin","MAP4K2","SMURF2"
"Calcineurin","IRAK1","ITGB3"
"Calcineurin","ATM","ITGB3"
"Calcineurin","GSK3A","ITGB3"
"Calcineurin","CDK1","ITGB3"
"Calcineurin","Gbeta","ITGB3"
"Calcineurin","LCK","ITGB3"
"Calcineurin","RAC1","ITGB3"
"Calcineurin","ABL1","ITGB3"
"Calcineurin","CDK2","ITGB3"
"Calcineurin","VAV1","ITGB3"
"Calcineurin","RIPK1","ITGB3"
"Calcineurin","SHC1","ITGB3"
"Calcineurin","SKI","ITGB3"
"Calcineurin","CDK6","ITGB3"
"Calcineurin","RXRA","ITGB3"
"Calcineurin","AMOTL2","ITGB3"
"Calcineurin","FAS","ITGB3"
"Calcineurin","BRAF","ITGB3"
"Calcineurin","NR3C1","ITGB3"
"Calcineurin","FAM83G","ITGB3"
"Calcineurin","RCAN1","ITGB3"
"Calcineurin","TRIP13","ITGB3"
"Calcineurin","VAV2","ITGB3"
"Calcineurin","MAP4K2","ITGB3"
"Calcineurin","MAPK3","CRMP1"
"Calcineurin","IRAK1","CRMP1"
"Calcineurin","ATM","CRMP1"
"Calcineurin","RAC1","CRMP1"
"Calcineurin","VAV1","CRMP1"
"Calcineurin","CyclinE/CDK2","CRMP1"
"Calcineurin","RIPK1","CRMP1"
"Calcineurin","YAP1","CRMP1"
"Calcineurin","CDK3","CRMP1"
"Calcineurin","ADRB2","CRMP1"
"Calcineurin","TRAF6","CRMP1"
"Calcineurin","FADD","CRMP1"
"Calcineurin","SHC1","CRMP1"
"Calcineurin","RXRA","CRMP1"
"Calcineurin","FAS","CRMP1"
"Calcineurin","BRAF","CRMP1"
"Calcineurin","NR3C1","CRMP1"
"Calcineurin","RCAN1","CRMP1"
"Calcineurin","VAV2","CRMP1"
"Calcineurin","APC","CRMP1"
"Calcineurin","MAPK3","PPARA"
"Calcineurin","IRAK1","PPARA"
"Calcineurin","ATM","PPARA"
"Calcineurin","GSK3A","PPARA"
"Calcineurin","DAB2IP","PPARA"
"Calcineurin","RAF1","PPARA"
"Calcineurin","CDK4","PPARA"
"Calcineurin","ERK1/2","PPARA"
"Calcineurin","Gbeta","PPARA"
"Calcineurin","LCK","PPARA"
"Calcineurin","CHEK1","PPARA"
"Calcineurin","VAV1","PPARA"
"Calcineurin","GSK3B","PPARA"
"Calcineurin","EGFR","PPARA"
"Calcineurin","PPP1R2","PPARA"
"Calcineurin","CyclinE/CDK2","PPARA"
"Calcineurin","RIPK1","PPARA"
"Calcineurin","ERBB2","PPARA"
"Calcineurin","CDK3","PPARA"
"Calcineurin","PRKAA1","PPARA"
"Calcineurin","ADRB2","PPARA"
"Calcineurin","TRAF6","PPARA"
"Calcineurin","FADD","PPARA"
"Calcineurin","SHC1","PPARA"
"Calcineurin","AXIN1","PPARA"
"Calcineurin","AMOTL2","PPARA"
"Calcineurin","CDC25C","PPARA"
"Calcineurin","FAS","PPARA"
"Calcineurin","HES1","PPARA"
"Calcineurin","BRAF","PPARA"
"Calcineurin","NR3C1","PPARA"
"Calcineurin","FAM83G","PPARA"
"Calcineurin","TRIP13","PPARA"
"Calcineurin","VAV2","PPARA"
"Calcineurin","APC","PPARA"
"Calcineurin","MAP4K2","PPARA"
"Calcineurin","MAPK3","ZFP36"
"Calcineurin","ATM","ZFP36"
"Calcineurin","GSK3A","ZFP36"
"Calcineurin","DAB2IP","ZFP36"
"Calcineurin","RAF1","ZFP36"
"Calcineurin","CDK4","ZFP36"
"Calcineurin","CDK1","ZFP36"
"Calcineurin","RAC1","ZFP36"
"Calcineurin","CDK2","ZFP36"
"Calcineurin","CHEK1","ZFP36"
"Calcineurin","VAV1","ZFP36"
"Calcineurin","GSK3B","ZFP36"
"Calcineurin","EGFR","ZFP36"
"Calcineurin","PPP1R2","ZFP36"
"Calcineurin","RIPK1","ZFP36"
"Calcineurin","ERBB2","ZFP36"
"Calcineurin","YAP1","ZFP36"
"Calcineurin","CDK3","ZFP36"
"Calcineurin","GRB2","ZFP36"
"Calcineurin","PRKAA1","ZFP36"
"Calcineurin","FADD","ZFP36"
"Calcineurin","SHC1","ZFP36"
"Calcineurin","SKI","ZFP36"
"Calcineurin","AXIN1","ZFP36"
"Calcineurin","CDK6","ZFP36"
"Calcineurin","RXRA","ZFP36"
"Calcineurin","AMOTL2","ZFP36"
"Calcineurin","CDC25C","ZFP36"
"Calcineurin","FAS","ZFP36"
"Calcineurin","HES1","ZFP36"
"Calcineurin","BRAF","ZFP36"
"Calcineurin","PIK3CG","ZFP36"
"Calcineurin","RCAN1","ZFP36"
"Calcineurin","VAV2","ZFP36"
"Calcineurin","ATM","MFF"
"Calcineurin","GSK3A","MFF"
"Calcineurin","CDK4","MFF"
"Calcineurin","CDK1","MFF"
"Calcineurin","ERK1/2","MFF"
"Calcineurin","LCK","MFF"
"Calcineurin","RAC1","MFF"
"Calcineurin","ABL1","MFF"
"Calcineurin","CDK2","MFF"
"Calcineurin","PPP1R2","MFF"
"Calcineurin","RIPK1","MFF"
"Calcineurin","YAP1","MFF"
"Calcineurin","CDK3","MFF"
"Calcineurin","ADRB2","MFF"
"Calcineurin","TRAF6","MFF"
"Calcineurin","FADD","MFF"
"Calcineurin","RXRA","MFF"
"Calcineurin","AMOTL2","MFF"
"Calcineurin","FAS","MFF"
"Calcineurin","HES1","MFF"
"Calcineurin","NR3C1","MFF"
"Calcineurin","FAM83G","MFF"
"Calcineurin","PIK3CG","MFF"
"Calcineurin","TRIP13","MFF"
"Calcineurin","VAV2","MFF"
"Calcineurin","APC","MFF"
"Calcineurin","MAP4K2","MFF"
"Calcineurin","MAPK3","GSTP1"
"Calcineurin","ATM","GSTP1"
"Calcineurin","DAB2IP","GSTP1"
"Calcineurin","CDK4","GSTP1"
"Calcineurin","CDK1","GSTP1"
"Calcineurin","ERK1/2","GSTP1"
"Calcineurin","PPP1R2","GSTP1"
"Calcineurin","ERBB2","GSTP1"
"Calcineurin","YAP1","GSTP1"
"Calcineurin","GRB2","GSTP1"
"Calcineurin","FGFR1","GSTP1"
"Calcineurin","PRKAA1","GSTP1"
"Calcineurin","ADRB2","GSTP1"
"Calcineurin","TRAF6","GSTP1"
"Calcineurin","SHC1","GSTP1"
"Calcineurin","CDK6","GSTP1"
"Calcineurin","RXRA","GSTP1"
"Calcineurin","CDC25C","GSTP1"
"Calcineurin","IRAK1","TENT2"
"Calcineurin","GSK3A","TENT2"
"Calcineurin","RAF1","TENT2"
"Calcineurin","CDK4","TENT2"
"Calcineurin","ERK1/2","TENT2"
"Calcineurin","LCK","TENT2"
"Calcineurin","ABL1","TENT2"
"Calcineurin","CHEK1","TENT2"
"Calcineurin","VAV1","TENT2"
"Calcineurin","CDK3","TENT2"
"Calcineurin","FADD","TENT2"
"Calcineurin","SKI","TENT2"
"Calcineurin","RXRA","TENT2"
"Calcineurin","AMOTL2","TENT2"
"Calcineurin","CDC25C","TENT2"
"Calcineurin","NR3C1","TENT2"
"Calcineurin","FAM83G","TENT2"
"Calcineurin","PIK3CG","TENT2"
"Calcineurin","RCAN1","TENT2"
"Calcineurin","TRIP13","TENT2"
"Calcineurin","VAV2","TENT2"
"Calcineurin","APC","TENT2"
"Calcineurin","MAPK3","PRDX1"
"Calcineurin","IRAK1","PRDX1"
"Calcineurin","ATM","PRDX1"
"Calcineurin","CDK1","PRDX1"
"Calcineurin","Gbeta","PRDX1"
"Calcineurin","LCK","PRDX1"
"Calcineurin","RAC1","PRDX1"
"Calcineurin","ABL1","PRDX1"
"Calcineurin","EGFR","PRDX1"
"Calcineurin","PPP1R2","PRDX1"
"Calcineurin","CyclinE/CDK2","PRDX1"
"Calcineurin","RIPK1","PRDX1"
"Calcineurin","YAP1","PRDX1"
"Calcineurin","GRB2","PRDX1"
"Calcineurin","PRKAA1","PRDX1"
"Calcineurin","TRAF6","PRDX1"
"Calcineurin","FADD","PRDX1"
"Calcineurin","RXRA","PRDX1"
"Calcineurin","FAS","PRDX1"
"Calcineurin","FAM83G","PRDX1"
"Calcineurin","TRIP13","PRDX1"
"Calcineurin","VAV2","PRDX1"
"Calcineurin","GSK3A","DPYSL3"
"Calcineurin","CHEK1","DPYSL3"
"Calcineurin","VAV1","DPYSL3"
"Calcineurin","EGFR","DPYSL3"
"Calcineurin","PPP1R2","DPYSL3"
"Calcineurin","ERBB2","DPYSL3"
"Calcineurin","YAP1","DPYSL3"
"Calcineurin","CDK3","DPYSL3"
"Calcineurin","ADRB2","DPYSL3"
"Calcineurin","TRAF6","DPYSL3"
"Calcineurin","FADD","DPYSL3"
"Calcineurin","SHC1","DPYSL3"
"Calcineurin","SKI","DPYSL3"
"Calcineurin","CDC25C","DPYSL3"
"Calcineurin","HES1","DPYSL3"
"Calcineurin","RCAN1","DPYSL3"
"Calcineurin","TRIP13","DPYSL3"
"Calcineurin","VAV2","DPYSL3"
"Calcineurin","APC","DPYSL3"
"Calcineurin","MAP4K2","DPYSL3"
"Calcineurin","MAPK3","MITF"
"Calcineurin","ATM","MITF"
"Calcineurin","CDK4","MITF"
"Calcineurin","ERK1/2","MITF"
"Calcineurin","LCK","MITF"
"Calcineurin","ABL1","MITF"
"Calcineurin","CHEK1","MITF"
"Calcineurin","PPP1R2","MITF"
"Calcineurin","RIPK1","MITF"
"Calcineurin","ERBB2","MITF"
"Calcineurin","YAP1","MITF"
"Calcineurin","CDK3","MITF"
"Calcineurin","GRB2","MITF"
"Calcineurin","ADRB2","MITF"
"Calcineurin","TRAF6","MITF"
"Calcineurin","FADD","MITF"
"Calcineurin","SHC1","MITF"
"Calcineurin","SKI","MITF"
"Calcineurin","AXIN1","MITF"
"Calcineurin","CDK6","MITF"
"Calcineurin","AMOTL2","MITF"
"Calcineurin","CDC25C","MITF"
"Calcineurin","FAS","MITF"
"Calcineurin","BRAF","MITF"
"Calcineurin","NR3C1","MITF"
"Calcineurin","PIK3CG","MITF"
"Calcineurin","RCAN1","MITF"
"Calcineurin","TRIP13","MITF"
"Calcineurin","APC","MITF"
"Calcineurin","MAP4K2","MITF"
"Calcineurin","MAPK3","CAPZA1"
"Calcineurin","ATM","CAPZA1"
"Calcineurin","GSK3A","CAPZA1"
"Calcineurin","RAF1","CAPZA1"
"Calcineurin","CDK4","CAPZA1"
"Calcineurin","ERK1/2","CAPZA1"
"Calcineurin","Gbeta","CAPZA1"
"Calcineurin","LCK","CAPZA1"
"Calcineurin","RAC1","CAPZA1"
"Calcineurin","ABL1","CAPZA1"
"Calcineurin","CDK2","CAPZA1"
"Calcineurin","CHEK1","CAPZA1"
"Calcineurin","VAV1","CAPZA1"
"Calcineurin","EGFR","CAPZA1"
"Calcineurin","RIPK1","CAPZA1"
"Calcineurin","ERBB2","CAPZA1"
"Calcineurin","CDK3","CAPZA1"
"Calcineurin","GRB2","CAPZA1"
"Calcineurin","AXIN1","CAPZA1"
"Calcineurin","AMOTL2","CAPZA1"
"Calcineurin","CDC25C","CAPZA1"
"Calcineurin","HES1","CAPZA1"
"Calcineurin","BRAF","CAPZA1"
"Calcineurin","NR3C1","CAPZA1"
"Calcineurin","TRIP13","CAPZA1"
"Calcineurin","MAPK3","CASP9"
"Calcineurin","ATM","CASP9"
"Calcineurin","CDK1","CASP9"
"Calcineurin","ERK1/2","CASP9"
"Calcineurin","Gbeta","CASP9"
"Calcineurin","LCK","CASP9"
"Calcineurin","ABL1","CASP9"
"Calcineurin","CDK2","CASP9"
"Calcineurin","CHEK1","CASP9"
"Calcineurin","EGFR","CASP9"
"Calcineurin","CyclinE/CDK2","CASP9"
"Calcineurin","RIPK1","CASP9"
"Calcineurin","ERBB2","CASP9"
"Calcineurin","YAP1","CASP9"
"Calcineurin","CDK3","CASP9"
"Calcineurin","GRB2","CASP9"
"Calcineurin","FGFR1","CASP9"
"Calcineurin","PRKAA1","CASP9"
"Calcineurin","TRAF6","CASP9"
"Calcineurin","FADD","CASP9"
"Calcineurin","SHC1","CASP9"
"Calcineurin","SKI","CASP9"
"Calcineurin","RXRA","CASP9"
"Calcineurin","AMOTL2","CASP9"
"Calcineurin","FAS","CASP9"
"Calcineurin","BRAF","CASP9"
"Calcineurin","TRIP13","CASP9"
"Calcineurin","VAV2","CASP9"
"Calcineurin","APC","CASP9"
"Calcineurin","MAP4K2","CASP9"
"Calcineurin","MAPK3","CCNB1"
"Calcineurin","ATM","CCNB1"
"Calcineurin","GSK3A","CCNB1"
"Calcineurin","DAB2IP","CCNB1"
"Calcineurin","RAF1","CCNB1"
"Calcineurin","CDK4","CCNB1"
"Calcineurin","CDK1","CCNB1"
"Calcineurin","ERK1/2","CCNB1"
"Calcineurin","Gbeta","CCNB1"
"Calcineurin","LCK","CCNB1"
"Calcineurin","ABL1","CCNB1"
"Calcineurin","PPP1R2","CCNB1"
"Calcineurin","CyclinE/CDK2","CCNB1"
"Calcineurin","YAP1","CCNB1"
"Calcineurin","GRB2","CCNB1"
"Calcineurin","ADRB2","CCNB1"
"Calcineurin","TRAF6","CCNB1"
"Calcineurin","FADD","CCNB1"
"Calcineurin","AXIN1","CCNB1"
"Calcineurin","CDK6","CCNB1"
"Calcineurin","RXRA","CCNB1"
"Calcineurin","AMOTL2","CCNB1"
"Calcineurin","CDC25C","CCNB1"
"Calcineurin","FAS","CCNB1"
"Calcineurin","BRAF","CCNB1"
"Calcineurin","NR3C1","CCNB1"
"Calcineurin","FAM83G","CCNB1"
"Calcineurin","RCAN1","CCNB1"
"Calcineurin","TRIP13","CCNB1"
"Calcineurin","MAP4K2","CCNB1"
"Calcineurin","MAPK3","Histone H3"
"Calcineurin","IRAK1","Histone H3"
"Calcineurin","GSK3A","Histone H3"
"Calcineurin","RAF1","Histone H3"
"Calcineurin","CDK4","Histone H3"
"Calcineurin","CDK1","Histone H3"
"Calcineurin","RAC1","Histone H3"
"Calcineurin","CHEK1","Histone H3"
"Calcineurin","VAV1","Histone H3"
"Calcineurin","CyclinE/CDK2","Histone H3"
"Calcineurin","ERBB2","Histone H3"
"Calcineurin","YAP1","Histone H3"
"Calcineurin","CDK3","Histone H3"
"Calcineurin","GRB2","Histone H3"
"Calcineurin","FGFR1","Histone H3"
"Calcineurin","PRKAA1","Histone H3"
"Calcineurin","ADRB2","Histone H3"
"Calcineurin","TRAF6","Histone H3"
"Calcineurin","FADD","Histone H3"
"Calcineurin","SHC1","Histone H3"
"Calcineurin","SKI","Histone H3"
"Calcineurin","CDK6","Histone H3"
"Calcineurin","RXRA","Histone H3"
"Calcineurin","AMOTL2","Histone H3"
"Calcineurin","CDC25C","Histone H3"
"Calcineurin","HES1","Histone H3"
"Calcineurin","NR3C1","Histone H3"
"Calcineurin","FAM83G","Histone H3"
"Calcineurin","TRIP13","Histone H3"
"Calcineurin","Gbeta","FOSL1"
"Calcineurin","EGFR","FOSL1"
"Calcineurin","PPP1R2","FOSL1"
"Calcineurin","FGFR1","FOSL1"
"Calcineurin","TRAF6","FOSL1"
"Calcineurin","CDC25C","FOSL1"
"Calcineurin","FAS","FOSL1"
"Calcineurin","HES1","FOSL1"
"Calcineurin","BRAF","FOSL1"
"Calcineurin","FAM83G","FOSL1"
"Calcineurin","RCAN1","FOSL1"
"Calcineurin","TRIP13","FOSL1"
"Calcineurin","VAV2","FOSL1"
"Calcineurin","APC","FOSL1"
"Calcineurin","MAP4K2","FOSL1"
"Calcineurin","GSK3A","CASP7"
"Calcineurin","RAF1","CASP7"
"Calcineurin","CDK4","CASP7"
"Calcineurin","ERK1/2","CASP7"
"Calcineurin","CDK2","CASP7"
"Calcineurin","CHEK1","CASP7"
"Calcineurin","VAV1","CASP7"
"Calcineurin","GSK3B","CASP7"
"Calcineurin","EGFR","CASP7"
"Calcineurin","CyclinE/CDK2","CASP7"
"Calcineurin","RIPK1","CASP7"
"Calcineurin","ERBB2","CASP7"
"Calcineurin","YAP1","CASP7"
"Calcineurin","CDK3","CASP7"
"Calcineurin","GRB2","CASP7"
"Calcineurin","FGFR1","CASP7"
"Calcineurin","PRKAA1","CASP7"
"Calcineurin","ADRB2","CASP7"
"Calcineurin","TRAF6","CASP7"
"Calcineurin","FADD","CASP7"
"Calcineurin","SHC1","CASP7"
"Calcineurin","SKI","CASP7"
"Calcineurin","AXIN1","CASP7"
"Calcineurin","CDK6","CASP7"
"Calcineurin","RXRA","CASP7"
"Calcineurin","AMOTL2","CASP7"
"Calcineurin","CDC25C","CASP7"
"Calcineurin","FAS","CASP7"
"Calcineurin","BRAF","CASP7"
"Calcineurin","FAM83G","CASP7"
"Calcineurin","PIK3CG","CASP7"
"Calcineurin","RCAN1","CASP7"
"Calcineurin","TRIP13","CASP7"
"Calcineurin","VAV2","CASP7"
"Calcineurin","APC","CASP7"
"Calcineurin","MAP4K2","CASP7"
"Calcineurin","MAPK3","SHC3"
"Calcineurin","GSK3A","SHC3"
"Calcineurin","DAB2IP","SHC3"
"Calcineurin","RAF1","SHC3"
"Calcineurin","ERK1/2","SHC3"
"Calcineurin","Gbeta","SHC3"
"Calcineurin","LCK","SHC3"
"Calcineurin","CDK2","SHC3"
"Calcineurin","CHEK1","SHC3"
"Calcineurin","VAV1","SHC3"
"Calcineurin","GSK3B","SHC3"
"Calcineurin","CyclinE/CDK2","SHC3"
"Calcineurin","YAP1","SHC3"
"Calcineurin","CDK3","SHC3"
"Calcineurin","HES1","SHC3"
"Calcineurin","VAV2","SHC3"
"Calcineurin","IRAK1","NFATC4"
"Calcineurin","GSK3A","NFATC4"
"Calcineurin","ERK1/2","NFATC4"
"Calcineurin","RAC1","NFATC4"
"Calcineurin","CDK2","NFATC4"
"Calcineurin","CyclinE/CDK2","NFATC4"
"Calcineurin","GRB2","NFATC4"
"Calcineurin","FGFR1","NFATC4"
"Calcineurin","PRKAA1","NFATC4"
"Calcineurin","SKI","NFATC4"
"Calcineurin","AXIN1","NFATC4"
"Calcineurin","CDK6","NFATC4"
"Calcineurin","AMOTL2","NFATC4"
"Calcineurin","FAS","NFATC4"
"Calcineurin","NR3C1","NFATC4"
"Calcineurin","PIK3CG","NFATC4"
"Calcineurin","TRIP13","NFATC4"
"Calcineurin","APC","NFATC4"
"Calcineurin","MAP4K2","NFATC4"
"Calcineurin","IRAK1","DCX"
"Calcineurin","GSK3A","DCX"
"Calcineurin","DAB2IP","DCX"
"Calcineurin","RAF1","DCX"
"Calcineurin","CDK1","DCX"
"Calcineurin","Gbeta","DCX"
"Calcineurin","LCK","DCX"
"Calcineurin","RAC1","DCX"
"Calcineurin","ABL1","DCX"
"Calcineurin","CDK2","DCX"
"Calcineurin","VAV1","DCX"
"Calcineurin","EGFR","DCX"
"Calcineurin","RIPK1","DCX"
"Calcineurin","ERBB2","DCX"
"Calcineurin","YAP1","DCX"
"Calcineurin","ADRB2","DCX"
"Calcineurin","FADD","DCX"
"Calcineurin","SHC1","DCX"
"Calcineurin","SKI","DCX"
"Calcineurin","AXIN1","DCX"
"Calcineurin","CDK6","DCX"
"Calcineurin","RXRA","DCX"
"Calcineurin","CDC25C","DCX"
"Calcineurin","BRAF","DCX"
"Calcineurin","NR3C1","DCX"
"Calcineurin","FAM83G","DCX"
"Calcineurin","TRIP13","DCX"
"Calcineurin","VAV2","DCX"
"Calcineurin","MAPK3","Microprocessor complex"
"Calcineurin","IRAK1","Microprocessor complex"
"Calcineurin","ATM","Microprocessor complex"
"Calcineurin","GSK3A","Microprocessor complex"
"Calcineurin","RAF1","Microprocessor complex"
"Calcineurin","CDK4","Microprocessor complex"
"Calcineurin","CDK1","Microprocessor complex"
"Calcineurin","Gbeta","Microprocessor complex"
"Calcineurin","LCK","Microprocessor complex"
"Calcineurin","RAC1","Microprocessor complex"
"Calcineurin","ABL1","Microprocessor complex"
"Calcineurin","CDK2","Microprocessor complex"
"Calcineurin","VAV1","Microprocessor complex"
"Calcineurin","GSK3B","Microprocessor complex"
"Calcineurin","CyclinE/CDK2","Microprocessor complex"
"Calcineurin","RIPK1","Microprocessor complex"
"Calcineurin","YAP1","Microprocessor complex"
"Calcineurin","CDK3","Microprocessor complex"
"Calcineurin","FGFR1","Microprocessor complex"
"Calcineurin","PRKAA1","Microprocessor complex"
"Calcineurin","ADRB2","Microprocessor complex"
"Calcineurin","SKI","Microprocessor complex"
"Calcineurin","AXIN1","Microprocessor complex"
"Calcineurin","CDK6","Microprocessor complex"
"Calcineurin","AMOTL2","Microprocessor complex"
"Calcineurin","HES1","Microprocessor complex"
"Calcineurin","NR3C1","Microprocessor complex"
"Calcineurin","FAM83G","Microprocessor complex"
"Calcineurin","PIK3CG","Microprocessor complex"
"Calcineurin","RCAN1","Microprocessor complex"
"Calcineurin","VAV2","Microprocessor complex"
"Calcineurin","APC","Microprocessor complex"
"Calcineurin","MAP4K2","Microprocessor complex"
"Calcineurin","MAPK3","SCN8A"
"Calcineurin","IRAK1","SCN8A"
"Calcineurin","ATM","SCN8A"
"Calcineurin","GSK3A","SCN8A"
"Calcineurin","ERK1/2","SCN8A"
"Calcineurin","LCK","SCN8A"
"Calcineurin","RAC1","SCN8A"
"Calcineurin","CDK2","SCN8A"
"Calcineurin","VAV1","SCN8A"
"Calcineurin","EGFR","SCN8A"
"Calcineurin","PPP1R2","SCN8A"
"Calcineurin","RIPK1","SCN8A"
"Calcineurin","YAP1","SCN8A"
"Calcineurin","CDK3","SCN8A"
"Calcineurin","GRB2","SCN8A"
"Calcineurin","FGFR1","SCN8A"
"Calcineurin","TRAF6","SCN8A"
"Calcineurin","AXIN1","SCN8A"
"Calcineurin","AMOTL2","SCN8A"
"Calcineurin","FAS","SCN8A"
"Calcineurin","HES1","SCN8A"
"Calcineurin","FAM83G","SCN8A"
"Calcineurin","APC","SCN8A"
"Calcineurin","MAP4K2","SCN8A"
"Calcineurin","IRAK1","NFATC3"
"Calcineurin","ATM","NFATC3"
"Calcineurin","RAF1","NFATC3"
"Calcineurin","ERK1/2","NFATC3"
"Calcineurin","LCK","NFATC3"
"Calcineurin","RIPK1","NFATC3"
"Calcineurin","SHC1","NFATC3"
"Calcineurin","AXIN1","NFATC3"
"Calcineurin","AMOTL2","NFATC3"
"Calcineurin","PIK3CG","NFATC3"
"Calcineurin","VAV1","VDAC1"
"Calcineurin","GSK3B","VDAC1"
"Calcineurin","PPP1R2","VDAC1"
"Calcineurin","RIPK1","VDAC1"
"Calcineurin","FGFR1","VDAC1"
"Calcineurin","PRKAA1","VDAC1"
"Calcineurin","ADRB2","VDAC1"
"Calcineurin","TRAF6","VDAC1"
"Calcineurin","FADD","VDAC1"
"Calcineurin","SHC1","VDAC1"
"Calcineurin","SKI","VDAC1"
"Calcineurin","AXIN1","VDAC1"
"Calcineurin","RXRA","VDAC1"
"Calcineurin","HES1","VDAC1"
"Calcineurin","BRAF","VDAC1"
"Calcineurin","PIK3CG","VDAC1"
"Calcineurin","RCAN1","VDAC1"
"Calcineurin","TRIP13","VDAC1"
"Calcineurin","MAP4K2","VDAC1"
"Calcineurin","MAPK3","H3-3A"
"Calcineurin","IRAK1","H3-3A"
"Calcineurin","DAB2IP","H3-3A"
"Calcineurin","RAF1","H3-3A"
"Calcineurin","CDK4","H3-3A"
"Calcineurin","CDK1","H3-3A"
"Calcineurin","ERK1/2","H3-3A"
"Calcineurin","LCK","H3-3A"
"Calcineurin","ABL1","H3-3A"
"Calcineurin","CDK2","H3-3A"
"Calcineurin","GSK3B","H3-3A"
"Calcineurin","EGFR","H3-3A"
"Calcineurin","PPP1R2","H3-3A"
"Calcineurin","CyclinE/CDK2","H3-3A"
"Calcineurin","RIPK1","H3-3A"
"Calcineurin","FGFR1","H3-3A"
"Calcineurin","PRKAA1","H3-3A"
"Calcineurin","ADRB2","H3-3A"
"Calcineurin","TRAF6","H3-3A"
"Calcineurin","SKI","H3-3A"
"Calcineurin","AMOTL2","H3-3A"
"Calcineurin","CDC25C","H3-3A"
"Calcineurin","FAS","H3-3A"
"Calcineurin","HES1","H3-3A"
"Calcineurin","NR3C1","H3-3A"
"Calcineurin","PIK3CG","H3-3A"
"Calcineurin","TRIP13","H3-3A"
"Calcineurin","VAV2","H3-3A"
"Calcineurin","APC","H3-3A"
"Calcineurin","RAF1","PCBP1"
"Calcineurin","CDK4","PCBP1"
"Calcineurin","CDK1","PCBP1"
"Calcineurin","ERK1/2","PCBP1"
"Calcineurin","LCK","PCBP1"
"Calcineurin","RAC1","PCBP1"
"Calcineurin","CHEK1","PCBP1"
"Calcineurin","PPP1R2","PCBP1"
"Calcineurin","CyclinE/CDK2","PCBP1"
"Calcineurin","YAP1","PCBP1"
"Calcineurin","FGFR1","PCBP1"
"Calcineurin","PRKAA1","PCBP1"
"Calcineurin","TRAF6","PCBP1"
"Calcineurin","SHC1","PCBP1"
"Calcineurin","CDK6","PCBP1"
"Calcineurin","RXRA","PCBP1"
"Calcineurin","PIK3CG","PCBP1"
"Calcineurin","RCAN1","PCBP1"
"Calcineurin","APC","PCBP1"
"Calcineurin","IRAK1","CASP10"
"Calcineurin","ATM","CASP10"
"Calcineurin","GSK3A","CASP10"
"Calcineurin","DAB2IP","CASP10"
"Calcineurin","RAF1","CASP10"
"Calcineurin","CDK1","CASP10"
"Calcineurin","RAC1","CASP10"
"Calcineurin","ABL1","CASP10"
"Calcineurin","CDK2","CASP10"
"Calcineurin","CHEK1","CASP10"
"Calcineurin","CyclinE/CDK2","CASP10"
"Calcineurin","RIPK1","CASP10"
"Calcineurin","ERBB2","CASP10"
"Calcineurin","CDK3","CASP10"
"Calcineurin","FGFR1","CASP10"
"Calcineurin","TRAF6","CASP10"
"Calcineurin","SKI","CASP10"
"Calcineurin","AXIN1","CASP10"
"Calcineurin","RXRA","CASP10"
"Calcineurin","CDC25C","CASP10"
"Calcineurin","HES1","CASP10"
"Calcineurin","BRAF","CASP10"
"Calcineurin","NR3C1","CASP10"
"Calcineurin","FAM83G","CASP10"
"Calcineurin","MAP4K2","CASP10"
"Calcineurin","MAPK3","PIK3R2"
"Calcineurin","RAF1","PIK3R2"
"Calcineurin","CDK4","PIK3R2"
"Calcineurin","CDK1","PIK3R2"
"Calcineurin","ERK1/2","PIK3R2"
"Calcineurin","RAC1","PIK3R2"
"Calcineurin","CDK2","PIK3R2"
"Calcineurin","CHEK1","PIK3R2"
"Calcineurin","GSK3B","PIK3R2"
"Calcineurin","EGFR","PIK3R2"
"Calcineurin","RIPK1","PIK3R2"
"Calcineurin","ERBB2","PIK3R2"
"Calcineurin","YAP1","PIK3R2"
"Calcineurin","CDK3","PIK3R2"
"Calcineurin","GRB2","PIK3R2"
"Calcineurin","PRKAA1","PIK3R2"
"Calcineurin","TRAF6","PIK3R2"
"Calcineurin","SHC1","PIK3R2"
"Calcineurin","AXIN1","PIK3R2"
"Calcineurin","FAS","PIK3R2"
"Calcineurin","NR3C1","PIK3R2"
"Calcineurin","FAM83G","PIK3R2"
"Calcineurin","TRIP13","PIK3R2"
"Calcineurin","VAV2","PIK3R2"
"Calcineurin","MAP4K2","PIK3R2"
"Calcineurin","MAPK3","HMGN1"
"Calcineurin","IRAK1","HMGN1"
"Calcineurin","ATM","HMGN1"
"Calcineurin","GSK3A","HMGN1"
"Calcineurin","RAF1","HMGN1"
"Calcineurin","ERK1/2","HMGN1"
"Calcineurin","Gbeta","HMGN1"
"Calcineurin","LCK","HMGN1"
"Calcineurin","RAC1","HMGN1"
"Calcineurin","GSK3B","HMGN1"
"Calcineurin","EGFR","HMGN1"
"Calcineurin","PPP1R2","HMGN1"
"Calcineurin","CyclinE/CDK2","HMGN1"
"Calcineurin","ERBB2","HMGN1"
"Calcineurin","YAP1","HMGN1"
"Calcineurin","CDK3","HMGN1"
"Calcineurin","PRKAA1","HMGN1"
"Calcineurin","ADRB2","HMGN1"
"Calcineurin","TRAF6","HMGN1"
"Calcineurin","AXIN1","HMGN1"
"Calcineurin","CDK6","HMGN1"
"Calcineurin","RXRA","HMGN1"
"Calcineurin","CDC25C","HMGN1"
"Calcineurin","FAS","HMGN1"
"Calcineurin","BRAF","HMGN1"
"Calcineurin","NR3C1","HMGN1"
"Calcineurin","FAM83G","HMGN1"
"Calcineurin","PIK3CG","HMGN1"
"Calcineurin","RCAN1","HMGN1"
"Calcineurin","VAV2","HMGN1"
"Calcineurin","MAPK3","UBE2J1"
"Calcineurin","ATM","UBE2J1"
"Calcineurin","GSK3A","UBE2J1"
"Calcineurin","CDK1","UBE2J1"
"Calcineurin","ERK1/2","UBE2J1"
"Calcineurin","Gbeta","UBE2J1"
"Calcineurin","LCK","UBE2J1"
"Calcineurin","ABL1","UBE2J1"
"Calcineurin","CDK2","UBE2J1"
"Calcineurin","CHEK1","UBE2J1"
"Calcineurin","EGFR","UBE2J1"
"Calcineurin","PPP1R2","UBE2J1"
"Calcineurin","CyclinE/CDK2","UBE2J1"
"Calcineurin","CDK3","UBE2J1"
"Calcineurin","GRB2","UBE2J1"
"Calcineurin","FGFR1","UBE2J1"
"Calcineurin","ADRB2","UBE2J1"
"Calcineurin","TRAF6","UBE2J1"
"Calcineurin","SHC1","UBE2J1"
"Calcineurin","SKI","UBE2J1"
"Calcineurin","AXIN1","UBE2J1"
"Calcineurin","CDK6","UBE2J1"
"Calcineurin","RXRA","UBE2J1"
"Calcineurin","CDC25C","UBE2J1"
"Calcineurin","BRAF","UBE2J1"
"Calcineurin","NR3C1","UBE2J1"
"Calcineurin","RCAN1","UBE2J1"
"Calcineurin","TRIP13","UBE2J1"
"Calcineurin","VAV2","UBE2J1"
"Calcineurin","APC","UBE2J1"
"Calcineurin","MAPK3","ARP2/3"
"Calcineurin","ATM","ARP2/3"
"Calcineurin","GSK3A","ARP2/3"
"Calcineurin","DAB2IP","ARP2/3"
"Calcineurin","RAF1","ARP2/3"
"Calcineurin","CDK4","ARP2/3"
"Calcineurin","ERK1/2","ARP2/3"
"Calcineurin","LCK","ARP2/3"
"Calcineurin","RAC1","ARP2/3"
"Calcineurin","ABL1","ARP2/3"
"Calcineurin","CHEK1","ARP2/3"
"Calcineurin","VAV1","ARP2/3"
"Calcineurin","GSK3B","ARP2/3"
"Calcineurin","CyclinE/CDK2","ARP2/3"
"Calcineurin","YAP1","ARP2/3"
"Calcineurin","CDK3","ARP2/3"
"Calcineurin","GRB2","ARP2/3"
"Calcineurin","FGFR1","ARP2/3"
"Calcineurin","ADRB2","ARP2/3"
"Calcineurin","SHC1","ARP2/3"
"Calcineurin","SKI","ARP2/3"
"Calcineurin","AXIN1","ARP2/3"
"Calcineurin","CDK6","ARP2/3"
"Calcineurin","RXRA","ARP2/3"
"Calcineurin","AMOTL2","ARP2/3"
"Calcineurin","CDC25C","ARP2/3"
"Calcineurin","FAS","ARP2/3"
"Calcineurin","HES1","ARP2/3"
"Calcineurin","BRAF","ARP2/3"
"Calcineurin","NR3C1","ARP2/3"
"Calcineurin","FAM83G","ARP2/3"
"Calcineurin","PIK3CG","ARP2/3"
"Calcineurin","MAP4K2","ARP2/3"
"Calcineurin","MAPK3","NQO1"
"Calcineurin","GSK3A","NQO1"
"Calcineurin","RAF1","NQO1"
"Calcineurin","ERK1/2","NQO1"
"Calcineurin","LCK","NQO1"
"Calcineurin","RAC1","NQO1"
"Calcineurin","CDK2","NQO1"
"Calcineurin","CHEK1","NQO1"
"Calcineurin","VAV1","NQO1"
"Calcineurin","EGFR","NQO1"
"Calcineurin","CyclinE/CDK2","NQO1"
"Calcineurin","RIPK1","NQO1"
"Calcineurin","CDK3","NQO1"
"Calcineurin","GRB2","NQO1"
"Calcineurin","FGFR1","NQO1"
"Calcineurin","TRAF6","NQO1"
"Calcineurin","FADD","NQO1"
"Calcineurin","SKI","NQO1"
"Calcineurin","AXIN1","NQO1"
"Calcineurin","AMOTL2","NQO1"
"Calcineurin","CDC25C","NQO1"
"Calcineurin","FAS","NQO1"
"Calcineurin","BRAF","NQO1"
"Calcineurin","NR3C1","NQO1"
"Calcineurin","FAM83G","NQO1"
"Calcineurin","RCAN1","NQO1"
"Calcineurin","TRIP13","NQO1"
"Calcineurin","VAV2","NQO1"
"Calcineurin","APC","NQO1"
"Calcineurin","MAP4K2","NQO1"
"Calcineurin","IRAK1","CDX2"
"Calcineurin","GSK3A","CDX2"
"Calcineurin","RAF1","CDX2"
"Calcineurin","CDK1","CDX2"
"Calcineurin","VAV1","CDX2"
"Calcineurin","GSK3B","CDX2"
"Calcineurin","PPP1R2","CDX2"
"Calcineurin","RIPK1","CDX2"
"Calcineurin","YAP1","CDX2"
"Calcineurin","CDK3","CDX2"
"Calcineurin","GRB2","CDX2"
"Calcineurin","FGFR1","CDX2"
"Calcineurin","PRKAA1","CDX2"
"Calcineurin","ADRB2","CDX2"
"Calcineurin","TRAF6","CDX2"
"Calcineurin","SKI","CDX2"
"Calcineurin","AXIN1","CDX2"
"Calcineurin","CDK6","CDX2"
"Calcineurin","RXRA","CDX2"
"Calcineurin","AMOTL2","CDX2"
"Calcineurin","NR3C1","CDX2"
"Calcineurin","FAM83G","CDX2"
"Calcineurin","PIK3CG","CDX2"
"Calcineurin","TRIP13","CDX2"
"Calcineurin","APC","CDX2"
"Calcineurin","IRAK1","BHLHE41"
"Calcineurin","GSK3A","BHLHE41"
"Calcineurin","ERK1/2","BHLHE41"
"Calcineurin","LCK","BHLHE41"
"Calcineurin","ABL1","BHLHE41"
"Calcineurin","CDK2","BHLHE41"
"Calcineurin","GSK3B","BHLHE41"
"Calcineurin","PPP1R2","BHLHE41"
"Calcineurin","ERBB2","BHLHE41"
"Calcineurin","YAP1","BHLHE41"
"Calcineurin","GRB2","BHLHE41"
"Calcineurin","FGFR1","BHLHE41"
"Calcineurin","TRAF6","BHLHE41"
"Calcineurin","FADD","BHLHE41"
"Calcineurin","SHC1","BHLHE41"
"Calcineurin","SKI","BHLHE41"
"Calcineurin","AMOTL2","BHLHE41"
"Calcineurin","CDC25C","BHLHE41"
"Calcineurin","FAS","BHLHE41"
"Calcineurin","HES1","BHLHE41"
"Calcineurin","BRAF","BHLHE41"
"Calcineurin","FAM83G","BHLHE41"
"Calcineurin","RCAN1","BHLHE41"
"Calcineurin","VAV2","BHLHE41"
"Calcineurin","ATM","RRN3"
"Calcineurin","DAB2IP","RRN3"
"Calcineurin","RAF1","RRN3"
"Calcineurin","CDK4","RRN3"
"Calcineurin","CDK1","RRN3"
"Calcineurin","ABL1","RRN3"
"Calcineurin","CDK2","RRN3"
"Calcineurin","CHEK1","RRN3"
"Calcineurin","VAV1","RRN3"
"Calcineurin","EGFR","RRN3"
"Calcineurin","CyclinE/CDK2","RRN3"
"Calcineurin","ERBB2","RRN3"
"Calcineurin","YAP1","RRN3"
"Calcineurin","GRB2","RRN3"
"Calcineurin","FADD","RRN3"
"Calcineurin","SHC1","RRN3"
"Calcineurin","SKI","RRN3"
"Calcineurin","AXIN1","RRN3"
"Calcineurin","CDK6","RRN3"
"Calcineurin","CDC25C","RRN3"
"Calcineurin","HES1","RRN3"
"Calcineurin","FAM83G","RRN3"
"Calcineurin","PIK3CG","RRN3"
"Calcineurin","RCAN1","RRN3"
"Calcineurin","VAV2","RRN3"
"Calcineurin","APC","RRN3"
"Calcineurin","IRAK1","PKD2"
"Calcineurin","GSK3A","PKD2"
"Calcineurin","DAB2IP","PKD2"
"Calcineurin","RAF1","PKD2"
"Calcineurin","CDK1","PKD2"
"Calcineurin","RAC1","PKD2"
"Calcineurin","ABL1","PKD2"
"Calcineurin","CDK2","PKD2"
"Calcineurin","VAV1","PKD2"
"Calcineurin","EGFR","PKD2"
"Calcineurin","CyclinE/CDK2","PKD2"
"Calcineurin","ERBB2","PKD2"
"Calcineurin","YAP1","PKD2"
"Calcineurin","CDK3","PKD2"
"Calcineurin","FGFR1","PKD2"
"Calcineurin","PRKAA1","PKD2"
"Calcineurin","TRAF6","PKD2"
"Calcineurin","SHC1","PKD2"
"Calcineurin","CDK6","PKD2"
"Calcineurin","RXRA","PKD2"
"Calcineurin","AMOTL2","PKD2"
"Calcineurin","HES1","PKD2"
"Calcineurin","NR3C1","PKD2"
"Calcineurin","RCAN1","PKD2"
"Calcineurin","VAV2","PKD2"
"Calcineurin","APC","PKD2"
"Calcineurin","RAF1","CASP3"
"Calcineurin","CDK4","CASP3"
"Calcineurin","ERK1/2","CASP3"
"Calcineurin","Gbeta","CASP3"
"Calcineurin","RAC1","CASP3"
"Calcineurin","ABL1","CASP3"
"Calcineurin","CDK2","CASP3"
"Calcineurin","CHEK1","CASP3"
"Calcineurin","VAV1","CASP3"
"Calcineurin","GSK3B","CASP3"
"Calcineurin","EGFR","CASP3"
"Calcineurin","CyclinE/CDK2","CASP3"
"Calcineurin","RIPK1","CASP3"
"Calcineurin","ERBB2","CASP3"
"Calcineurin","CDK3","CASP3"
"Calcineurin","GRB2","CASP3"
"Calcineurin","FGFR1","CASP3"
"Calcineurin","PRKAA1","CASP3"
"Calcineurin","ADRB2","CASP3"
"Calcineurin","SKI","CASP3"
"Calcineurin","AXIN1","CASP3"
"Calcineurin","CDK6","CASP3"
"Calcineurin","RXRA","CASP3"
"Calcineurin","FAS","CASP3"
"Calcineurin","HES1","CASP3"
"Calcineurin","BRAF","CASP3"
"Calcineurin","NR3C1","CASP3"
"Calcineurin","FAM83G","CASP3"
"Calcineurin","APC","CASP3"
"Calcineurin","MAPK3","PPM1J"
"Calcineurin","IRAK1","PPM1J"
"Calcineurin","ATM","PPM1J"
"Calcineurin","GSK3A","PPM1J"
"Calcineurin","ERK1/2","PPM1J"
"Calcineurin","Gbeta","PPM1J"
"Calcineurin","LCK","PPM1J"
"Calcineurin","RAC1","PPM1J"
"Calcineurin","CDK2","PPM1J"
"Calcineurin","VAV1","PPM1J"
"Calcineurin","EGFR","PPM1J"
"Calcineurin","RIPK1","PPM1J"
"Calcineurin","YAP1","PPM1J"
"Calcineurin","CDK3","PPM1J"
"Calcineurin","GRB2","PPM1J"
"Calcineurin","ADRB2","PPM1J"
"Calcineurin","TRAF6","PPM1J"
"Calcineurin","FADD","PPM1J"
"Calcineurin","SHC1","PPM1J"
"Calcineurin","SKI","PPM1J"
"Calcineurin","AXIN1","PPM1J"
"Calcineurin","CDK6","PPM1J"
"Calcineurin","RXRA","PPM1J"
"Calcineurin","AMOTL2","PPM1J"
"Calcineurin","CDC25C","PPM1J"
"Calcineurin","BRAF","PPM1J"
"Calcineurin","NR3C1","PPM1J"
"Calcineurin","TRIP13","PPM1J"
"Calcineurin","VAV2","PPM1J"
"Calcineurin","APC","PPM1J"
"Calcineurin","MAP4K2","PPM1J"
"Calcineurin","IRAK1","STAT5B"
"Calcineurin","ATM","STAT5B"
"Calcineurin","GSK3A","STAT5B"
"Calcineurin","DAB2IP","STAT5B"
"Calcineurin","CDK4","STAT5B"
"Calcineurin","Gbeta","STAT5B"
"Calcineurin","LCK","STAT5B"
"Calcineurin","RAC1","STAT5B"
"Calcineurin","VAV1","STAT5B"
"Calcineurin","CyclinE/CDK2","STAT5B"
"Calcineurin","RIPK1","STAT5B"
"Calcineurin","ERBB2","STAT5B"
"Calcineurin","YAP1","STAT5B"
"Calcineurin","CDK3","STAT5B"
"Calcineurin","FGFR1","STAT5B"
"Calcineurin","ADRB2","STAT5B"
"Calcineurin","FADD","STAT5B"
"Calcineurin","SKI","STAT5B"
"Calcineurin","BRAF","STAT5B"
"Calcineurin","NR3C1","STAT5B"
"Calcineurin","TRIP13","STAT5B"
"Calcineurin","APC","STAT5B"
"Calcineurin","MAP4K2","STAT5B"
"Calcineurin","MAPK3","NR4A1"
"Calcineurin","IRAK1","NR4A1"
"Calcineurin","ATM","NR4A1"
"Calcineurin","DAB2IP","NR4A1"
"Calcineurin","CDK1","NR4A1"
"Calcineurin","ERK1/2","NR4A1"
"Calcineurin","Gbeta","NR4A1"
"Calcineurin","LCK","NR4A1"
"Calcineurin","RAC1","NR4A1"
"Calcineurin","CHEK1","NR4A1"
"Calcineurin","GSK3B","NR4A1"
"Calcineurin","EGFR","NR4A1"
"Calcineurin","PPP1R2","NR4A1"
"Calcineurin","RIPK1","NR4A1"
"Calcineurin","YAP1","NR4A1"
"Calcineurin","FGFR1","NR4A1"
"Calcineurin","PRKAA1","NR4A1"
"Calcineurin","ADRB2","NR4A1"
"Calcineurin","TRAF6","NR4A1"
"Calcineurin","AXIN1","NR4A1"
"Calcineurin","RXRA","NR4A1"
"Calcineurin","CDC25C","NR4A1"
"Calcineurin","FAS","NR4A1"
"Calcineurin","BRAF","NR4A1"
"Calcineurin","NR3C1","NR4A1"
"Calcineurin","FAM83G","NR4A1"
"Calcineurin","PIK3CG","NR4A1"
"Calcineurin","RCAN1","NR4A1"
"Calcineurin","TRIP13","NR4A1"
"Calcineurin","APC","NR4A1"
"Calcineurin","MAP4K2","NR4A1"
"Calcineurin","IRAK1","HGS"
"Calcineurin","ATM","HGS"
"Calcineurin","RAF1","HGS"
"Calcineurin","CDK4","HGS"
"Calcineurin","CDK1","HGS"
"Calcineurin","ERK1/2","HGS"
"Calcineurin","LCK","HGS"
"Calcineurin","RAC1","HGS"
"Calcineurin","CDK2","HGS"
"Calcineurin","CHEK1","HGS"
"Calcineurin","VAV1","HGS"
"Calcineurin","GSK3B","HGS"
"Calcineurin","ERBB2","HGS"
"Calcineurin","YAP1","HGS"
"Calcineurin","FGFR1","HGS"
"Calcineurin","ADRB2","HGS"
"Calcineurin","AMOTL2","HGS"
"Calcineurin","CDC25C","HGS"
"Calcineurin","HES1","HGS"
"Calcineurin","BRAF","HGS"
"Calcineurin","NR3C1","HGS"
"Calcineurin","PIK3CG","HGS"
"Calcineurin","RCAN1","HGS"
"Calcineurin","TRIP13","HGS"
"Calcineurin","VAV2","HGS"
"Calcineurin","MAP4K2","HGS"
"Calcineurin","GSK3A","MXD3"
"Calcineurin","DAB2IP","MXD3"
"Calcineurin","RAF1","MXD3"
"Calcineurin","CDK4","MXD3"
"Calcineurin","CDK1","MXD3"
"Calcineurin","ABL1","MXD3"
"Calcineurin","CDK2","MXD3"
"Calcineurin","GSK3B","MXD3"
"Calcineurin","PPP1R2","MXD3"
"Calcineurin","RIPK1","MXD3"
"Calcineurin","ERBB2","MXD3"
"Calcineurin","CDK3","MXD3"
"Calcineurin","PRKAA1","MXD3"
"Calcineurin","ADRB2","MXD3"
"Calcineurin","TRAF6","MXD3"
"Calcineurin","SHC1","MXD3"
"Calcineurin","AXIN1","MXD3"
"Calcineurin","CDK6","MXD3"
"Calcineurin","CDC25C","MXD3"
"Calcineurin","HES1","MXD3"
"Calcineurin","FAM83G","MXD3"
"Calcineurin","PIK3CG","MXD3"
"Calcineurin","TRIP13","MXD3"
"Calcineurin","VAV2","MXD3"
"Calcineurin","APC","MXD3"
"Calcineurin","MAPK3","MXD4"
"Calcineurin","IRAK1","MXD4"
"Calcineurin","ATM","MXD4"
"Calcineurin","GSK3A","MXD4"
"Calcineurin","Gbeta","MXD4"
"Calcineurin","LCK","MXD4"
"Calcineurin","ABL1","MXD4"
"Calcineurin","CHEK1","MXD4"
"Calcineurin","EGFR","MXD4"
"Calcineurin","CyclinE/CDK2","MXD4"
"Calcineurin","YAP1","MXD4"
"Calcineurin","CDK3","MXD4"
"Calcineurin","GRB2","MXD4"
"Calcineurin","PRKAA1","MXD4"
"Calcineurin","TRAF6","MXD4"
"Calcineurin","FADD","MXD4"
"Calcineurin","SKI","MXD4"
"Calcineurin","AXIN1","MXD4"
"Calcineurin","RXRA","MXD4"
"Calcineurin","FAS","MXD4"
"Calcineurin","HES1","MXD4"
"Calcineurin","NR3C1","MXD4"
"Calcineurin","FAM83G","MXD4"
"Calcineurin","TRIP13","MXD4"
"Calcineurin","VAV2","MXD4"
"Calcineurin","MAP4K2","MXD4"
"Calcineurin","MAPK3","HSF1"
"Calcineurin","IRAK1","HSF1"
"Calcineurin","DAB2IP","HSF1"
"Calcineurin","RAF1","HSF1"
"Calcineurin","CDK4","HSF1"
"Calcineurin","CDK1","HSF1"
"Calcineurin","LCK","HSF1"
"Calcineurin","ABL1","HSF1"
"Calcineurin","CDK2","HSF1"
"Calcineurin","CHEK1","HSF1"
"Calcineurin","GSK3B","HSF1"
"Calcineurin","PPP1R2","HSF1"
"Calcineurin","CyclinE/CDK2","HSF1"
"Calcineurin","ERBB2","HSF1"
"Calcineurin","FGFR1","HSF1"
"Calcineurin","PRKAA1","HSF1"
"Calcineurin","ADRB2","HSF1"
"Calcineurin","FADD","HSF1"
"Calcineurin","SHC1","HSF1"
"Calcineurin","AXIN1","HSF1"
"Calcineurin","CDK6","HSF1"
"Calcineurin","RXRA","HSF1"
"Calcineurin","AMOTL2","HSF1"
"Calcineurin","CDC25C","HSF1"
"Calcineurin","FAS","HSF1"
"Calcineurin","HES1","HSF1"
"Calcineurin","NR3C1","HSF1"
"Calcineurin","FAM83G","HSF1"
"Calcineurin","PIK3CG","HSF1"
"Calcineurin","TRIP13","HSF1"
"Calcineurin","MAPK3","PHF20"
"Calcineurin","IRAK1","PHF20"
"Calcineurin","ATM","PHF20"
"Calcineurin","GSK3A","PHF20"
"Calcineurin","DAB2IP","PHF20"
"Calcineurin","RAF1","PHF20"
"Calcineurin","CDK4","PHF20"
"Calcineurin","CDK1","PHF20"
"Calcineurin","Gbeta","PHF20"
"Calcineurin","CDK2","PHF20"
"Calcineurin","CHEK1","PHF20"
"Calcineurin","EGFR","PHF20"
"Calcineurin","CyclinE/CDK2","PHF20"
"Calcineurin","RIPK1","PHF20"
"Calcineurin","YAP1","PHF20"
"Calcineurin","CDK3","PHF20"
"Calcineurin","GRB2","PHF20"
"Calcineurin","PRKAA1","PHF20"
"Calcineurin","ADRB2","PHF20"
"Calcineurin","FADD","PHF20"
"Calcineurin","AXIN1","PHF20"
"Calcineurin","CDK6","PHF20"
"Calcineurin","RXRA","PHF20"
"Calcineurin","AMOTL2","PHF20"
"Calcineurin","CDC25C","PHF20"
"Calcineurin","FAS","PHF20"
"Calcineurin","BRAF","PHF20"
"Calcineurin","NR3C1","PHF20"
"Calcineurin","FAM83G","PHF20"
"Calcineurin","PIK3CG","PHF20"
"Calcineurin","RCAN1","PHF20"
"Calcineurin","TRIP13","PHF20"
"Calcineurin","APC","PHF20"
"Calcineurin","MAPK3","SCAMP3"
"Calcineurin","ATM","SCAMP3"
"Calcineurin","DAB2IP","SCAMP3"
"Calcineurin","CDK1","SCAMP3"
"Calcineurin","ERK1/2","SCAMP3"
"Calcineurin","Gbeta","SCAMP3"
"Calcineurin","LCK","SCAMP3"
"Calcineurin","RAC1","SCAMP3"
"Calcineurin","CDK2","SCAMP3"
"Calcineurin","VAV1","SCAMP3"
"Calcineurin","GSK3B","SCAMP3"
"Calcineurin","CyclinE/CDK2","SCAMP3"
"Calcineurin","RIPK1","SCAMP3"
"Calcineurin","ERBB2","SCAMP3"
"Calcineurin","YAP1","SCAMP3"
"Calcineurin","CDK3","SCAMP3"
"Calcineurin","GRB2","SCAMP3"
"Calcineurin","FGFR1","SCAMP3"
"Calcineurin","TRAF6","SCAMP3"
"Calcineurin","FADD","SCAMP3"
"Calcineurin","SKI","SCAMP3"
"Calcineurin","AXIN1","SCAMP3"
"Calcineurin","CDK6","SCAMP3"
"Calcineurin","RXRA","SCAMP3"
"Calcineurin","AMOTL2","SCAMP3"
"Calcineurin","BRAF","SCAMP3"
"Calcineurin","NR3C1","SCAMP3"
"Calcineurin","TRIP13","SCAMP3"
"Calcineurin","VAV2","SCAMP3"
"Calcineurin","MAP4K2","SCAMP3"
"Calcineurin","MAPK3","TBC1D4"
"Calcineurin","ATM","TBC1D4"
"Calcineurin","GSK3A","TBC1D4"
"Calcineurin","DAB2IP","TBC1D4"
"Calcineurin","RAF1","TBC1D4"
"Calcineurin","CDK1","TBC1D4"
"Calcineurin","RAC1","TBC1D4"
"Calcineurin","CHEK1","TBC1D4"
"Calcineurin","VAV1","TBC1D4"
"Calcineurin","GSK3B","TBC1D4"
"Calcineurin","PPP1R2","TBC1D4"
"Calcineurin","RIPK1","TBC1D4"
"Calcineurin","YAP1","TBC1D4"
"Calcineurin","CDK3","TBC1D4"
"Calcineurin","GRB2","TBC1D4"
"Calcineurin","FGFR1","TBC1D4"
"Calcineurin","ADRB2","TBC1D4"
"Calcineurin","TRAF6","TBC1D4"
"Calcineurin","SHC1","TBC1D4"
"Calcineurin","SKI","TBC1D4"
"Calcineurin","AXIN1","TBC1D4"
"Calcineurin","FAS","TBC1D4"
"Calcineurin","HES1","TBC1D4"
"Calcineurin","NR3C1","TBC1D4"
"Calcineurin","FAM83G","TBC1D4"
"Calcineurin","RCAN1","TBC1D4"
"Calcineurin","TRIP13","TBC1D4"
"Calcineurin","MAP4K2","TBC1D4"
"Calcineurin","MAPK3","STMN3"
"Calcineurin","ATM","STMN3"
"Calcineurin","DAB2IP","STMN3"
"Calcineurin","CDK4","STMN3"
"Calcineurin","CDK1","STMN3"
"Calcineurin","ERK1/2","STMN3"
"Calcineurin","LCK","STMN3"
"Calcineurin","RAC1","STMN3"
"Calcineurin","ABL1","STMN3"
"Calcineurin","CDK2","STMN3"
"Calcineurin","CHEK1","STMN3"
"Calcineurin","VAV1","STMN3"
"Calcineurin","EGFR","STMN3"
"Calcineurin","PPP1R2","STMN3"
"Calcineurin","YAP1","STMN3"
"Calcineurin","CDK3","STMN3"
"Calcineurin","GRB2","STMN3"
"Calcineurin","FGFR1","STMN3"
"Calcineurin","TRAF6","STMN3"
"Calcineurin","SHC1","STMN3"
"Calcineurin","AXIN1","STMN3"
"Calcineurin","AMOTL2","STMN3"
"Calcineurin","FAS","STMN3"
"Calcineurin","BRAF","STMN3"
"Calcineurin","NR3C1","STMN3"
"Calcineurin","FAM83G","STMN3"
"Calcineurin","PIK3CG","STMN3"
"Calcineurin","MAP4K2","STMN3"
"Calcineurin","MAPK3","TERT"
"Calcineurin","IRAK1","TERT"
"Calcineurin","ATM","TERT"
"Calcineurin","DAB2IP","TERT"
"Calcineurin","CDK4","TERT"
"Calcineurin","ERK1/2","TERT"
"Calcineurin","RAC1","TERT"
"Calcineurin","CDK2","TERT"
"Calcineurin","CHEK1","TERT"
"Calcineurin","RIPK1","TERT"
"Calcineurin","ERBB2","TERT"
"Calcineurin","YAP1","TERT"
"Calcineurin","GRB2","TERT"
"Calcineurin","PRKAA1","TERT"
"Calcineurin","TRAF6","TERT"
"Calcineurin","SHC1","TERT"
"Calcineurin","SKI","TERT"
"Calcineurin","CDK6","TERT"
"Calcineurin","AMOTL2","TERT"
"Calcineurin","HES1","TERT"
"Calcineurin","NR3C1","TERT"
"Calcineurin","VAV2","TERT"
"Calcineurin","APC","TERT"
"Calcineurin","MAPK3","NFATC1"
"Calcineurin","ATM","NFATC1"
"Calcineurin","DAB2IP","NFATC1"
"Calcineurin","CDK4","NFATC1"
"Calcineurin","ABL1","NFATC1"
"Calcineurin","CDK2","NFATC1"
"Calcineurin","EGFR","NFATC1"
"Calcineurin","CyclinE/CDK2","NFATC1"
"Calcineurin","RIPK1","NFATC1"
"Calcineurin","ERBB2","NFATC1"
"Calcineurin","YAP1","NFATC1"
"Calcineurin","CDK3","NFATC1"
"Calcineurin","GRB2","NFATC1"
"Calcineurin","FGFR1","NFATC1"
"Calcineurin","PRKAA1","NFATC1"
"Calcineurin","FADD","NFATC1"
"Calcineurin","SHC1","NFATC1"
"Calcineurin","RXRA","NFATC1"
"Calcineurin","AMOTL2","NFATC1"
"Calcineurin","FAS","NFATC1"
"Calcineurin","HES1","NFATC1"
"Calcineurin","BRAF","NFATC1"
"Calcineurin","FAM83G","NFATC1"
"Calcineurin","TRIP13","NFATC1"
"Calcineurin","MAP4K2","NFATC1"
"Calcineurin","MAPK3","CAP1"
"Calcineurin","ATM","CAP1"
"Calcineurin","RAF1","CAP1"
"Calcineurin","ERK1/2","CAP1"
"Calcineurin","RAC1","CAP1"
"Calcineurin","ABL1","CAP1"
"Calcineurin","CDK2","CAP1"
"Calcineurin","CHEK1","CAP1"
"Calcineurin","VAV1","CAP1"
"Calcineurin","RIPK1","CAP1"
"Calcineurin","ERBB2","CAP1"
"Calcineurin","YAP1","CAP1"
"Calcineurin","CDK3","CAP1"
"Calcineurin","GRB2","CAP1"
"Calcineurin","PRKAA1","CAP1"
"Calcineurin","ADRB2","CAP1"
"Calcineurin","FADD","CAP1"
"Calcineurin","SHC1","CAP1"
"Calcineurin","SKI","CAP1"
"Calcineurin","CDK6","CAP1"
"Calcineurin","RXRA","CAP1"
"Calcineurin","AMOTL2","CAP1"
"Calcineurin","FAS","CAP1"
"Calcineurin","BRAF","CAP1"
"Calcineurin","NR3C1","CAP1"
"Calcineurin","PIK3CG","CAP1"
"Calcineurin","RCAN1","CAP1"
"Calcineurin","VAV2","CAP1"
"Calcineurin","MAP4K2","CAP1"
"Calcineurin","MAPK3","Histone H2A"
"Calcineurin","IRAK1","Histone H2A"
"Calcineurin","GSK3A","Histone H2A"
"Calcineurin","RAF1","Histone H2A"
"Calcineurin","CDK4","Histone H2A"
"Calcineurin","Gbeta","Histone H2A"
"Calcineurin","LCK","Histone H2A"
"Calcineurin","ABL1","Histone H2A"
"Calcineurin","EGFR","Histone H2A"
"Calcineurin","PPP1R2","Histone H2A"
"Calcineurin","CyclinE/CDK2","Histone H2A"
"Calcineurin","YAP1","Histone H2A"
"Calcineurin","GRB2","Histone H2A"
"Calcineurin","PRKAA1","Histone H2A"
"Calcineurin","FADD","Histone H2A"
"Calcineurin","SKI","Histone H2A"
"Calcineurin","AXIN1","Histone H2A"
"Calcineurin","CDK6","Histone H2A"
"Calcineurin","RXRA","Histone H2A"
"Calcineurin","AMOTL2","Histone H2A"
"Calcineurin","HES1","Histone H2A"
"Calcineurin","PIK3CG","Histone H2A"
"Calcineurin","RCAN1","Histone H2A"
"Calcineurin","APC","Histone H2A"
"Calcineurin","MAPK3","KCND3"
"Calcineurin","ATM","KCND3"
"Calcineurin","GSK3A","KCND3"
"Calcineurin","DAB2IP","KCND3"
"Calcineurin","RAF1","KCND3"
"Calcineurin","VAV1","KCND3"
"Calcineurin","GSK3B","KCND3"
"Calcineurin","CyclinE/CDK2","KCND3"
"Calcineurin","ERBB2","KCND3"
"Calcineurin","YAP1","KCND3"
"Calcineurin","PRKAA1","KCND3"
"Calcineurin","ADRB2","KCND3"
"Calcineurin","FADD","KCND3"
"Calcineurin","PIK3CG","KCND3"
"Calcineurin","IRAK1","PDCD4"
"Calcineurin","DAB2IP","PDCD4"
"Calcineurin","RAF1","PDCD4"
"Calcineurin","ABL1","PDCD4"
"Calcineurin","VAV1","PDCD4"
"Calcineurin","RIPK1","PDCD4"
"Calcineurin","CDK6","PDCD4"
"Calcineurin","BRAF","PDCD4"
"Calcineurin","NR3C1","PDCD4"
"Calcineurin","FAM83G","PDCD4"
"Calcineurin","PIK3CG","PDCD4"
"Calcineurin","RCAN1","PDCD4"
"Calcineurin","TRIP13","PDCD4"
"Calcineurin","VAV2","PDCD4"
"Calcineurin","APC","PDCD4"
"Calcineurin","MAP4K2","PDCD4"
"Calcineurin","MAPK3","PLD2"
"Calcineurin","IRAK1","PLD2"
"Calcineurin","ATM","PLD2"
"Calcineurin","DAB2IP","PLD2"
"Calcineurin","RAF1","PLD2"
"Calcineurin","CDK1","PLD2"
"Calcineurin","Gbeta","PLD2"
"Calcineurin","LCK","PLD2"
"Calcineurin","RAC1","PLD2"
"Calcineurin","GSK3B","PLD2"
"Calcineurin","RIPK1","PLD2"
"Calcineurin","ERBB2","PLD2"
"Calcineurin","CDK3","PLD2"
"Calcineurin","FGFR1","PLD2"
"Calcineurin","ADRB2","PLD2"
"Calcineurin","TRAF6","PLD2"
"Calcineurin","FADD","PLD2"
"Calcineurin","SHC1","PLD2"
"Calcineurin","SKI","PLD2"
"Calcineurin","CDK6","PLD2"
"Calcineurin","CDC25C","PLD2"
"Calcineurin","FAS","PLD2"
"Calcineurin","NR3C1","PLD2"
"Calcineurin","PIK3CG","PLD2"
"Calcineurin","RCAN1","PLD2"
"Calcineurin","APC","PLD2"
"Calcineurin","MAPK3","HNRNPA1"
"Calcineurin","RAF1","HNRNPA1"
"Calcineurin","Gbeta","HNRNPA1"
"Calcineurin","CHEK1","HNRNPA1"
"Calcineurin","EGFR","HNRNPA1"
"Calcineurin","CyclinE/CDK2","HNRNPA1"
"Calcineurin","RIPK1","HNRNPA1"
"Calcineurin","ERBB2","HNRNPA1"
"Calcineurin","YAP1","HNRNPA1"
"Calcineurin","PRKAA1","HNRNPA1"
"Calcineurin","ADRB2","HNRNPA1"
"Calcineurin","SKI","HNRNPA1"
"Calcineurin","AXIN1","HNRNPA1"
"Calcineurin","RXRA","HNRNPA1"
"Calcineurin","CDC25C","HNRNPA1"
"Calcineurin","HES1","HNRNPA1"
"Calcineurin","BRAF","HNRNPA1"
"Calcineurin","NR3C1","HNRNPA1"
"Calcineurin","FAM83G","HNRNPA1"
"Calcineurin","PIK3CG","HNRNPA1"
"Calcineurin","RCAN1","HNRNPA1"
"Calcineurin","TRIP13","HNRNPA1"
"Calcineurin","VAV2","HNRNPA1"
"Calcineurin","MAPK3","ZYX"
"Calcineurin","IRAK1","ZYX"
"Calcineurin","ATM","ZYX"
"Calcineurin","GSK3A","ZYX"
"Calcineurin","CDK1","ZYX"
"Calcineurin","ERK1/2","ZYX"
"Calcineurin","Gbeta","ZYX"
"Calcineurin","LCK","ZYX"
"Calcineurin","RAC1","ZYX"
"Calcineurin","ABL1","ZYX"
"Calcineurin","CDK2","ZYX"
"Calcineurin","CHEK1","ZYX"
"Calcineurin","VAV1","ZYX"
"Calcineurin","GSK3B","ZYX"
"Calcineurin","PPP1R2","ZYX"
"Calcineurin","ERBB2","ZYX"
"Calcineurin","YAP1","ZYX"
"Calcineurin","CDK3","ZYX"
"Calcineurin","GRB2","ZYX"
"Calcineurin","FGFR1","ZYX"
"Calcineurin","TRAF6","ZYX"
"Calcineurin","SKI","ZYX"
"Calcineurin","AXIN1","ZYX"
"Calcineurin","RXRA","ZYX"
"Calcineurin","CDC25C","ZYX"
"Calcineurin","FAM83G","ZYX"
"Calcineurin","APC","ZYX"
"Calcineurin","MAPK3","STMN2"
"Calcineurin","ATM","STMN2"
"Calcineurin","GSK3A","STMN2"
"Calcineurin","CDK4","STMN2"
"Calcineurin","ERK1/2","STMN2"
"Calcineurin","Gbeta","STMN2"
"Calcineurin","LCK","STMN2"
"Calcineurin","ABL1","STMN2"
"Calcineurin","CDK2","STMN2"
"Calcineurin","VAV1","STMN2"
"Calcineurin","GSK3B","STMN2"
"Calcineurin","CyclinE/CDK2","STMN2"
"Calcineurin","RIPK1","STMN2"
"Calcineurin","ERBB2","STMN2"
"Calcineurin","YAP1","STMN2"
"Calcineurin","CDK3","STMN2"
"Calcineurin","PRKAA1","STMN2"
"Calcineurin","FADD","STMN2"
"Calcineurin","SHC1","STMN2"
"Calcineurin","SKI","STMN2"
"Calcineurin","AXIN1","STMN2"
"Calcineurin","RXRA","STMN2"
"Calcineurin","AMOTL2","STMN2"
"Calcineurin","FAS","STMN2"
"Calcineurin","BRAF","STMN2"
"Calcineurin","FAM83G","STMN2"
"Calcineurin","PIK3CG","STMN2"
"Calcineurin","TRIP13","STMN2"
"Calcineurin","VAV2","STMN2"
"Calcineurin","APC","STMN2"
"Calcineurin","MAPK3","CLOCK/BMAL1"
"Calcineurin","IRAK1","CLOCK/BMAL1"
"Calcineurin","ATM","CLOCK/BMAL1"
"Calcineurin","GSK3A","CLOCK/BMAL1"
"Calcineurin","RAF1","CLOCK/BMAL1"
"Calcineurin","CDK1","CLOCK/BMAL1"
"Calcineurin","ERK1/2","CLOCK/BMAL1"
"Calcineurin","RAC1","CLOCK/BMAL1"
"Calcineurin","ABL1","CLOCK/BMAL1"
"Calcineurin","CDK2","CLOCK/BMAL1"
"Calcineurin","CHEK1","CLOCK/BMAL1"
"Calcineurin","VAV1","CLOCK/BMAL1"
"Calcineurin","PPP1R2","CLOCK/BMAL1"
"Calcineurin","CyclinE/CDK2","CLOCK/BMAL1"
"Calcineurin","YAP1","CLOCK/BMAL1"
"Calcineurin","CDK3","CLOCK/BMAL1"
"Calcineurin","PRKAA1","CLOCK/BMAL1"
"Calcineurin","SHC1","CLOCK/BMAL1"
"Calcineurin","CDK6","CLOCK/BMAL1"
"Calcineurin","AMOTL2","CLOCK/BMAL1"
"Calcineurin","HES1","CLOCK/BMAL1"
"Calcineurin","GSK3A","MFN2"
"Calcineurin","CDK1","MFN2"
"Calcineurin","ERK1/2","MFN2"
"Calcineurin","Gbeta","MFN2"
"Calcineurin","LCK","MFN2"
"Calcineurin","RAC1","MFN2"
"Calcineurin","ABL1","MFN2"
"Calcineurin","CDK2","MFN2"
"Calcineurin","VAV1","MFN2"
"Calcineurin","GSK3B","MFN2"
"Calcineurin","EGFR","MFN2"
"Calcineurin","PPP1R2","MFN2"
"Calcineurin","CyclinE/CDK2","MFN2"
"Calcineurin","RIPK1","MFN2"
"Calcineurin","ERBB2","MFN2"
"Calcineurin","YAP1","MFN2"
"Calcineurin","CDK3","MFN2"
"Calcineurin","GRB2","MFN2"
"Calcineurin","ADRB2","MFN2"
"Calcineurin","FADD","MFN2"
"Calcineurin","AXIN1","MFN2"
"Calcineurin","CDK6","MFN2"
"Calcineurin","RXRA","MFN2"
"Calcineurin","AMOTL2","MFN2"
"Calcineurin","CDC25C","MFN2"
"Calcineurin","BRAF","MFN2"
"Calcineurin","NR3C1","MFN2"
"Calcineurin","FAM83G","MFN2"
"Calcineurin","PIK3CG","MFN2"
"Calcineurin","TRIP13","MFN2"
"Calcineurin","MAP4K2","MFN2"
"Calcineurin","MAPK3","ELK3"
"Calcineurin","IRAK1","ELK3"
"Calcineurin","ATM","ELK3"
"Calcineurin","GSK3A","ELK3"
"Calcineurin","DAB2IP","ELK3"
"Calcineurin","CDK4","ELK3"
"Calcineurin","CDK1","ELK3"
"Calcineurin","ERK1/2","ELK3"
"Calcineurin","Gbeta","ELK3"
"Calcineurin","LCK","ELK3"
"Calcineurin","RAC1","ELK3"
"Calcineurin","ABL1","ELK3"
"Calcineurin","CDK2","ELK3"
"Calcineurin","CHEK1","ELK3"
"Calcineurin","VAV1","ELK3"
"Calcineurin","GSK3B","ELK3"
"Calcineurin","EGFR","ELK3"
"Calcineurin","CyclinE/CDK2","ELK3"
"Calcineurin","GRB2","ELK3"
"Calcineurin","FGFR1","ELK3"
"Calcineurin","PRKAA1","ELK3"
"Calcineurin","ADRB2","ELK3"
"Calcineurin","FADD","ELK3"
"Calcineurin","SHC1","ELK3"
"Calcineurin","SKI","ELK3"
"Calcineurin","AXIN1","ELK3"
"Calcineurin","CDK6","ELK3"
"Calcineurin","CDC25C","ELK3"
"Calcineurin","FAS","ELK3"
"Calcineurin","HES1","ELK3"
"Calcineurin","NR3C1","ELK3"
"Calcineurin","FAM83G","ELK3"
"Calcineurin","TRIP13","ELK3"
"Calcineurin","VAV2","ELK3"
"Calcineurin","APC","ELK3"
"Calcineurin","MAP4K2","ELK3"
"Calcineurin","MAPK3","SMARCC2"
"Calcineurin","DAB2IP","SMARCC2"
"Calcineurin","RAF1","SMARCC2"
"Calcineurin","CDK4","SMARCC2"
"Calcineurin","CDK1","SMARCC2"
"Calcineurin","ERK1/2","SMARCC2"
"Calcineurin","LCK","SMARCC2"
"Calcineurin","ABL1","SMARCC2"
"Calcineurin","CHEK1","SMARCC2"
"Calcineurin","CyclinE/CDK2","SMARCC2"
"Calcineurin","ERBB2","SMARCC2"
"Calcineurin","CDK3","SMARCC2"
"Calcineurin","GRB2","SMARCC2"
"Calcineurin","FADD","SMARCC2"
"Calcineurin","SHC1","SMARCC2"
"Calcineurin","SKI","SMARCC2"
"Calcineurin","AXIN1","SMARCC2"
"Calcineurin","RXRA","SMARCC2"
"Calcineurin","CDC25C","SMARCC2"
"Calcineurin","HES1","SMARCC2"
"Calcineurin","FAM83G","SMARCC2"
"Calcineurin","RCAN1","SMARCC2"
"Calcineurin","TRIP13","SMARCC2"
"Calcineurin","APC","SMARCC2"
"Calcineurin","MAP4K2","SMARCC2"
"Calcineurin","ATM","BCL2L12"
"Calcineurin","GSK3A","BCL2L12"
"Calcineurin","DAB2IP","BCL2L12"
"Calcineurin","RAF1","BCL2L12"
"Calcineurin","CDK4","BCL2L12"
"Calcineurin","ERK1/2","BCL2L12"
"Calcineurin","ABL1","BCL2L12"
"Calcineurin","CHEK1","BCL2L12"
"Calcineurin","RIPK1","BCL2L12"
"Calcineurin","CDK3","BCL2L12"
"Calcineurin","GRB2","BCL2L12"
"Calcineurin","ADRB2","BCL2L12"
"Calcineurin","TRAF6","BCL2L12"
"Calcineurin","SHC1","BCL2L12"
"Calcineurin","SKI","BCL2L12"
"Calcineurin","AXIN1","BCL2L12"
"Calcineurin","CDK6","BCL2L12"
"Calcineurin","RXRA","BCL2L12"
"Calcineurin","CDC25C","BCL2L12"
"Calcineurin","BRAF","BCL2L12"
"Calcineurin","NR3C1","BCL2L12"
"Calcineurin","FAM83G","BCL2L12"
"Calcineurin","VAV2","BCL2L12"
"Calcineurin","MAP4K2","BCL2L12"
"Calcineurin","MAPK3","ACLY"
"Calcineurin","IRAK1","ACLY"
"Calcineurin","GSK3A","ACLY"
"Calcineurin","CDK1","ACLY"
"Calcineurin","Gbeta","ACLY"
"Calcineurin","RAC1","ACLY"
"Calcineurin","CHEK1","ACLY"
"Calcineurin","EGFR","ACLY"
"Calcineurin","ERBB2","ACLY"
"Calcineurin","CDK3","ACLY"
"Calcineurin","GRB2","ACLY"
"Calcineurin","FGFR1","ACLY"
"Calcineurin","PRKAA1","ACLY"
"Calcineurin","ADRB2","ACLY"
"Calcineurin","CDK6","ACLY"
"Calcineurin","FAS","ACLY"
"Calcineurin","VAV2","ACLY"
"Calcineurin","MAPK3","F3"
"Calcineurin","IRAK1","F3"
"Calcineurin","ATM","F3"
"Calcineurin","DAB2IP","F3"
"Calcineurin","ERK1/2","F3"
"Calcineurin","RAC1","F3"
"Calcineurin","CHEK1","F3"
"Calcineurin","PPP1R2","F3"
"Calcineurin","CyclinE/CDK2","F3"
"Calcineurin","TRAF6","F3"
"Calcineurin","SHC1","F3"
"Calcineurin","SKI","F3"
"Calcineurin","RXRA","F3"
"Calcineurin","CDC25C","F3"
"Calcineurin","FAS","F3"
"Calcineurin","NR3C1","F3"
"Calcineurin","PIK3CG","F3"
"Calcineurin","VAV2","F3"
"Calcineurin","MAP4K2","F3"
"Calcineurin","GSK3A","EEF1A2"
"Calcineurin","DAB2IP","EEF1A2"
"Calcineurin","CDK4","EEF1A2"
"Calcineurin","ERK1/2","EEF1A2"
"Calcineurin","Gbeta","EEF1A2"
"Calcineurin","ABL1","EEF1A2"
"Calcineurin","CHEK1","EEF1A2"
"Calcineurin","VAV1","EEF1A2"
"Calcineurin","EGFR","EEF1A2"
"Calcineurin","PPP1R2","EEF1A2"
"Calcineurin","RIPK1","EEF1A2"
"Calcineurin","ERBB2","EEF1A2"
"Calcineurin","GRB2","EEF1A2"
"Calcineurin","FGFR1","EEF1A2"
"Calcineurin","PRKAA1","EEF1A2"
"Calcineurin","FADD","EEF1A2"
"Calcineurin","AXIN1","EEF1A2"
"Calcineurin","CDK6","EEF1A2"
"Calcineurin","RXRA","EEF1A2"
"Calcineurin","CDC25C","EEF1A2"
"Calcineurin","FAS","EEF1A2"
"Calcineurin","HES1","EEF1A2"
"Calcineurin","BRAF","EEF1A2"
"Calcineurin","PIK3CG","EEF1A2"
"Calcineurin","RCAN1","EEF1A2"
"Calcineurin","APC","EEF1A2"
"Calcineurin","MAPK3","ATXN3"
"Calcineurin","IRAK1","ATXN3"
"Calcineurin","ATM","ATXN3"
"Calcineurin","GSK3A","ATXN3"
"Calcineurin","DAB2IP","ATXN3"
"Calcineurin","RAF1","ATXN3"
"Calcineurin","CDK4","ATXN3"
"Calcineurin","ERK1/2","ATXN3"
"Calcineurin","Gbeta","ATXN3"
"Calcineurin","LCK","ATXN3"
"Calcineurin","CDK2","ATXN3"
"Calcineurin","CHEK1","ATXN3"
"Calcineurin","VAV1","ATXN3"
"Calcineurin","PPP1R2","ATXN3"
"Calcineurin","CyclinE/CDK2","ATXN3"
"Calcineurin","CDK3","ATXN3"
"Calcineurin","GRB2","ATXN3"
"Calcineurin","FGFR1","ATXN3"
"Calcineurin","AXIN1","ATXN3"
"Calcineurin","AMOTL2","ATXN3"
"Calcineurin","CDC25C","ATXN3"
"Calcineurin","FAS","ATXN3"
"Calcineurin","RCAN1","ATXN3"
"Calcineurin","TRIP13","ATXN3"
"Calcineurin","ATM","CACNA1C"
"Calcineurin","GSK3A","CACNA1C"
"Calcineurin","RAF1","CACNA1C"
"Calcineurin","Gbeta","CACNA1C"
"Calcineurin","LCK","CACNA1C"
"Calcineurin","ABL1","CACNA1C"
"Calcineurin","CDK2","CACNA1C"
"Calcineurin","CHEK1","CACNA1C"
"Calcineurin","CyclinE/CDK2","CACNA1C"
"Calcineurin","ERBB2","CACNA1C"
"Calcineurin","YAP1","CACNA1C"
"Calcineurin","GRB2","CACNA1C"
"Calcineurin","FGFR1","CACNA1C"
"Calcineurin","PRKAA1","CACNA1C"
"Calcineurin","ADRB2","CACNA1C"
"Calcineurin","TRAF6","CACNA1C"
"Calcineurin","FADD","CACNA1C"
"Calcineurin","SHC1","CACNA1C"
"Calcineurin","SKI","CACNA1C"
"Calcineurin","AXIN1","CACNA1C"
"Calcineurin","CDK6","CACNA1C"
"Calcineurin","AMOTL2","CACNA1C"
"Calcineurin","CDC25C","CACNA1C"
"Calcineurin","FAS","CACNA1C"
"Calcineurin","HES1","CACNA1C"
"Calcineurin","NR3C1","CACNA1C"
"Calcineurin","FAM83G","CACNA1C"
"Calcineurin","RCAN1","CACNA1C"
"Calcineurin","VAV2","CACNA1C"
"Calcineurin","MAP4K2","CACNA1C"
"Calcineurin","MAPK3","RTKN"
"Calcineurin","ATM","RTKN"
"Calcineurin","DAB2IP","RTKN"
"Calcineurin","CDK4","RTKN"
"Calcineurin","CDK1","RTKN"
"Calcineurin","LCK","RTKN"
"Calcineurin","RAC1","RTKN"
"Calcineurin","ABL1","RTKN"
"Calcineurin","CDK2","RTKN"
"Calcineurin","CHEK1","RTKN"
"Calcineurin","VAV1","RTKN"
"Calcineurin","GSK3B","RTKN"
"Calcineurin","EGFR","RTKN"
"Calcineurin","PPP1R2","RTKN"
"Calcineurin","ERBB2","RTKN"
"Calcineurin","YAP1","RTKN"
"Calcineurin","FGFR1","RTKN"
"Calcineurin","FADD","RTKN"
"Calcineurin","AXIN1","RTKN"
"Calcineurin","RXRA","RTKN"
"Calcineurin","HES1","RTKN"
"Calcineurin","NR3C1","RTKN"
"Calcineurin","MAP4K2","RTKN"
"Calcineurin","IRAK1","NCK2"
"Calcineurin","RAF1","NCK2"
"Calcineurin","CDK4","NCK2"
"Calcineurin","CDK1","NCK2"
"Calcineurin","Gbeta","NCK2"
"Calcineurin","ABL1","NCK2"
"Calcineurin","CDK2","NCK2"
"Calcineurin","CHEK1","NCK2"
"Calcineurin","VAV1","NCK2"
"Calcineurin","GSK3B","NCK2"
"Calcineurin","RIPK1","NCK2"
"Calcineurin","CDK3","NCK2"
"Calcineurin","GRB2","NCK2"
"Calcineurin","FGFR1","NCK2"
"Calcineurin","PRKAA1","NCK2"
"Calcineurin","TRAF6","NCK2"
"Calcineurin","FADD","NCK2"
"Calcineurin","SKI","NCK2"
"Calcineurin","AXIN1","NCK2"
"Calcineurin","CDK6","NCK2"
"Calcineurin","RXRA","NCK2"
"Calcineurin","CDC25C","NCK2"
"Calcineurin","FAS","NCK2"
"Calcineurin","HES1","NCK2"
"Calcineurin","NR3C1","NCK2"
"Calcineurin","PIK3CG","NCK2"
"Calcineurin","RCAN1","NCK2"
"Calcineurin","VAV2","NCK2"
"Calcineurin","APC","NCK2"
"Calcineurin","MAP4K2","NCK2"
"Calcineurin","IRAK1","TPM1"
"Calcineurin","ATM","TPM1"
"Calcineurin","RAF1","TPM1"
"Calcineurin","CDK4","TPM1"
"Calcineurin","ERK1/2","TPM1"
"Calcineurin","Gbeta","TPM1"
"Calcineurin","LCK","TPM1"
"Calcineurin","ABL1","TPM1"
"Calcineurin","CDK2","TPM1"
"Calcineurin","CHEK1","TPM1"
"Calcineurin","VAV1","TPM1"
"Calcineurin","GSK3B","TPM1"
"Calcineurin","RIPK1","TPM1"
"Calcineurin","ERBB2","TPM1"
"Calcineurin","YAP1","TPM1"
"Calcineurin","CDK3","TPM1"
"Calcineurin","GRB2","TPM1"
"Calcineurin","PRKAA1","TPM1"
"Calcineurin","TRAF6","TPM1"
"Calcineurin","SHC1","TPM1"
"Calcineurin","SKI","TPM1"
"Calcineurin","CDC25C","TPM1"
"Calcineurin","FAS","TPM1"
"Calcineurin","HES1","TPM1"
"Calcineurin","BRAF","TPM1"
"Calcineurin","NR3C1","TPM1"
"Calcineurin","FAM83G","TPM1"
"Calcineurin","PIK3CG","TPM1"
"Calcineurin","APC","TPM1"
"Calcineurin","MAP4K2","TPM1"
"Calcineurin","MAPK3","ACAT1"
"Calcineurin","IRAK1","ACAT1"
"Calcineurin","GSK3A","ACAT1"
"Calcineurin","RAF1","ACAT1"
"Calcineurin","CDK1","ACAT1"
"Calcineurin","ERK1/2","ACAT1"
"Calcineurin","LCK","ACAT1"
"Calcineurin","RAC1","ACAT1"
"Calcineurin","CDK2","ACAT1"
"Calcineurin","CHEK1","ACAT1"
"Calcineurin","VAV1","ACAT1"
"Calcineurin","GSK3B","ACAT1"
"Calcineurin","CyclinE/CDK2","ACAT1"
"Calcineurin","RIPK1","ACAT1"
"Calcineurin","ERBB2","ACAT1"
"Calcineurin","CDK3","ACAT1"
"Calcineurin","GRB2","ACAT1"
"Calcineurin","PRKAA1","ACAT1"
"Calcineurin","ADRB2","ACAT1"
"Calcineurin","TRAF6","ACAT1"
"Calcineurin","SHC1","ACAT1"
"Calcineurin","FAS","ACAT1"
"Calcineurin","HES1","ACAT1"
"Calcineurin","BRAF","ACAT1"
"Calcineurin","NR3C1","ACAT1"
"Calcineurin","PIK3CG","ACAT1"
"Calcineurin","VAV2","ACAT1"
"Calcineurin","APC","ACAT1"
"Calcineurin","MAPK3","ZFP36L1"
"Calcineurin","ATM","ZFP36L1"
"Calcineurin","CDK4","ZFP36L1"
"Calcineurin","Gbeta","ZFP36L1"
"Calcineurin","CDK2","ZFP36L1"
"Calcineurin","EGFR","ZFP36L1"
"Calcineurin","ERBB2","ZFP36L1"
"Calcineurin","GRB2","ZFP36L1"
"Calcineurin","PRKAA1","ZFP36L1"
"Calcineurin","FADD","ZFP36L1"
"Calcineurin","CDC25C","ZFP36L1"
"Calcineurin","HES1","ZFP36L1"
"Calcineurin","FAM83G","ZFP36L1"
"Calcineurin","PIK3CG","ZFP36L1"
"Calcineurin","MAP4K2","ZFP36L1"
"Calcineurin","MAPK3","TAL1"
"Calcineurin","IRAK1","TAL1"
"Calcineurin","ATM","TAL1"
"Calcineurin","GSK3A","TAL1"
"Calcineurin","CDK1","TAL1"
"Calcineurin","ERK1/2","TAL1"
"Calcineurin","Gbeta","TAL1"
"Calcineurin","LCK","TAL1"
"Calcineurin","RAC1","TAL1"
"Calcineurin","CDK2","TAL1"
"Calcineurin","VAV1","TAL1"
"Calcineurin","EGFR","TAL1"
"Calcineurin","RIPK1","TAL1"
"Calcineurin","YAP1","TAL1"
"Calcineurin","GRB2","TAL1"
"Calcineurin","FGFR1","TAL1"
"Calcineurin","PRKAA1","TAL1"
"Calcineurin","ADRB2","TAL1"
"Calcineurin","AXIN1","TAL1"
"Calcineurin","CDK6","TAL1"
"Calcineurin","RXRA","TAL1"
"Calcineurin","AMOTL2","TAL1"
"Calcineurin","FAS","TAL1"
"Calcineurin","BRAF","TAL1"
"Calcineurin","FAM83G","TAL1"
"Calcineurin","PIK3CG","TAL1"
"Calcineurin","TRIP13","TAL1"
"Calcineurin","APC","TAL1"
"Calcineurin","MAP4K2","TAL1"
"Calcineurin","MAPK3","PTRH2"
"Calcineurin","GSK3A","PTRH2"
"Calcineurin","RAF1","PTRH2"
"Calcineurin","CDK4","PTRH2"
"Calcineurin","CDK1","PTRH2"
"Calcineurin","ERK1/2","PTRH2"
"Calcineurin","Gbeta","PTRH2"
"Calcineurin","CHEK1","PTRH2"
"Calcineurin","GSK3B","PTRH2"
"Calcineurin","CyclinE/CDK2","PTRH2"
"Calcineurin","YAP1","PTRH2"
"Calcineurin","GRB2","PTRH2"
"Calcineurin","FGFR1","PTRH2"
"Calcineurin","ADRB2","PTRH2"
"Calcineurin","FADD","PTRH2"
"Calcineurin","SKI","PTRH2"
"Calcineurin","AXIN1","PTRH2"
"Calcineurin","RXRA","PTRH2"
"Calcineurin","AMOTL2","PTRH2"
"Calcineurin","HES1","PTRH2"
"Calcineurin","BRAF","PTRH2"
"Calcineurin","NR3C1","PTRH2"
"Calcineurin","FAM83G","PTRH2"
"Calcineurin","APC","PTRH2"
"Calcineurin","MAP4K2","PTRH2"
"Calcineurin","MAPK3","PDE4A"
"Calcineurin","DAB2IP","PDE4A"
"Calcineurin","RAF1","PDE4A"
"Calcineurin","ABL1","PDE4A"
"Calcineurin","CHEK1","PDE4A"
"Calcineurin","VAV1","PDE4A"
"Calcineurin","GSK3B","PDE4A"
"Calcineurin","EGFR","PDE4A"
"Calcineurin","CDK3","PDE4A"
"Calcineurin","GRB2","PDE4A"
"Calcineurin","ADRB2","PDE4A"
"Calcineurin","FADD","PDE4A"
"Calcineurin","SKI","PDE4A"
"Calcineurin","RXRA","PDE4A"
"Calcineurin","CDC25C","PDE4A"
"Calcineurin","FAS","PDE4A"
"Calcineurin","HES1","PDE4A"
"Calcineurin","PIK3CG","PDE4A"
"Calcineurin","RCAN1","PDE4A"
"Calcineurin","TRIP13","PDE4A"
"Calcineurin","VAV2","PDE4A"
"Calcineurin","MAPK3","MAML2"
"Calcineurin","ATM","MAML2"
"Calcineurin","GSK3A","MAML2"
"Calcineurin","DAB2IP","MAML2"
"Calcineurin","Gbeta","MAML2"
"Calcineurin","RAC1","MAML2"
"Calcineurin","ABL1","MAML2"
"Calcineurin","CDK2","MAML2"
"Calcineurin","CHEK1","MAML2"
"Calcineurin","CyclinE/CDK2","MAML2"
"Calcineurin","RIPK1","MAML2"
"Calcineurin","ERBB2","MAML2"
"Calcineurin","YAP1","MAML2"
"Calcineurin","GRB2","MAML2"
"Calcineurin","PRKAA1","MAML2"
"Calcineurin","TRAF6","MAML2"
"Calcineurin","SKI","MAML2"
"Calcineurin","CDC25C","MAML2"
"Calcineurin","NR3C1","MAML2"
"Calcineurin","MAPK3","OGT"
"Calcineurin","GSK3A","OGT"
"Calcineurin","DAB2IP","OGT"
"Calcineurin","RAF1","OGT"
"Calcineurin","CDK1","OGT"
"Calcineurin","CDK2","OGT"
"Calcineurin","CHEK1","OGT"
"Calcineurin","PPP1R2","OGT"
"Calcineurin","CyclinE/CDK2","OGT"
"Calcineurin","YAP1","OGT"
"Calcineurin","CDK3","OGT"
"Calcineurin","ADRB2","OGT"
"Calcineurin","AXIN1","OGT"
"Calcineurin","CDK6","OGT"
"Calcineurin","RXRA","OGT"
"Calcineurin","AMOTL2","OGT"
"Calcineurin","HES1","OGT"
"Calcineurin","NR3C1","OGT"
"Calcineurin","FAM83G","OGT"
"Calcineurin","PIK3CG","OGT"
"Calcineurin","RCAN1","OGT"
"Calcineurin","VAV2","OGT"
"Calcineurin","APC","OGT"
"Calcineurin","MAP4K2","OGT"
"Calcineurin","ATM","PKIA"
"Calcineurin","CDK4","PKIA"
"Calcineurin","CDK1","PKIA"
"Calcineurin","ERK1/2","PKIA"
"Calcineurin","Gbeta","PKIA"
"Calcineurin","LCK","PKIA"
"Calcineurin","RAC1","PKIA"
"Calcineurin","ABL1","PKIA"
"Calcineurin","CDK2","PKIA"
"Calcineurin","CHEK1","PKIA"
"Calcineurin","VAV1","PKIA"
"Calcineurin","GSK3B","PKIA"
"Calcineurin","YAP1","PKIA"
"Calcineurin","CDK3","PKIA"
"Calcineurin","FGFR1","PKIA"
"Calcineurin","PRKAA1","PKIA"
"Calcineurin","SKI","PKIA"
"Calcineurin","AXIN1","PKIA"
"Calcineurin","CDK6","PKIA"
"Calcineurin","AMOTL2","PKIA"
"Calcineurin","FAS","PKIA"
"Calcineurin","NR3C1","PKIA"
"Calcineurin","PIK3CG","PKIA"
"Calcineurin","MAP4K2","PKIA"
"Calcineurin","IRAK1","ZWINT"
"Calcineurin","GSK3A","ZWINT"
"Calcineurin","DAB2IP","ZWINT"
"Calcineurin","CDK1","ZWINT"
"Calcineurin","Gbeta","ZWINT"
"Calcineurin","ABL1","ZWINT"
"Calcineurin","CHEK1","ZWINT"
"Calcineurin","VAV1","ZWINT"
"Calcineurin","GSK3B","ZWINT"
"Calcineurin","CyclinE/CDK2","ZWINT"
"Calcineurin","ERBB2","ZWINT"
"Calcineurin","YAP1","ZWINT"
"Calcineurin","CDK3","ZWINT"
"Calcineurin","GRB2","ZWINT"
"Calcineurin","RXRA","ZWINT"
"Calcineurin","BRAF","ZWINT"
"Calcineurin","NR3C1","ZWINT"
"Calcineurin","FAM83G","ZWINT"
"Calcineurin","MAP4K2","ZWINT"
"Calcineurin","MAPK3","PAX8"
"Calcineurin","IRAK1","PAX8"
"Calcineurin","DAB2IP","PAX8"
"Calcineurin","CDK1","PAX8"
"Calcineurin","CDK2","PAX8"
"Calcineurin","VAV1","PAX8"
"Calcineurin","CyclinE/CDK2","PAX8"
"Calcineurin","RIPK1","PAX8"
"Calcineurin","YAP1","PAX8"
"Calcineurin","CDK3","PAX8"
"Calcineurin","GRB2","PAX8"
"Calcineurin","PRKAA1","PAX8"
"Calcineurin","ADRB2","PAX8"
"Calcineurin","TRAF6","PAX8"
"Calcineurin","FADD","PAX8"
"Calcineurin","SHC1","PAX8"
"Calcineurin","AXIN1","PAX8"
"Calcineurin","RXRA","PAX8"
"Calcineurin","CDC25C","PAX8"
"Calcineurin","HES1","PAX8"
"Calcineurin","RCAN1","PAX8"
"Calcineurin","APC","PAX8"
"Calcineurin","MAP4K2","PAX8"
"Calcineurin","IRAK1","FOXO6"
"Calcineurin","GSK3A","FOXO6"
"Calcineurin","RAF1","FOXO6"
"Calcineurin","CDK4","FOXO6"
"Calcineurin","CDK1","FOXO6"
"Calcineurin","ERK1/2","FOXO6"
"Calcineurin","Gbeta","FOXO6"
"Calcineurin","LCK","FOXO6"
"Calcineurin","RAC1","FOXO6"
"Calcineurin","CHEK1","FOXO6"
"Calcineurin","VAV1","FOXO6"
"Calcineurin","GSK3B","FOXO6"
"Calcineurin","EGFR","FOXO6"
"Calcineurin","PPP1R2","FOXO6"
"Calcineurin","YAP1","FOXO6"
"Calcineurin","CDK3","FOXO6"
"Calcineurin","GRB2","FOXO6"
"Calcineurin","FGFR1","FOXO6"
"Calcineurin","TRAF6","FOXO6"
"Calcineurin","SHC1","FOXO6"
"Calcineurin","AXIN1","FOXO6"
"Calcineurin","AMOTL2","FOXO6"
"Calcineurin","FAS","FOXO6"
"Calcineurin","BRAF","FOXO6"
"Calcineurin","NR3C1","FOXO6"
"Calcineurin","FAM83G","FOXO6"
"Calcineurin","PIK3CG","FOXO6"
"Calcineurin","MAP4K2","FOXO6"
"Calcineurin","MAPK3","RALGAPA2"
"Calcineurin","IRAK1","RALGAPA2"
"Calcineurin","ATM","RALGAPA2"
"Calcineurin","DAB2IP","RALGAPA2"
"Calcineurin","CDK4","RALGAPA2"
"Calcineurin","ERK1/2","RALGAPA2"
"Calcineurin","Gbeta","RALGAPA2"
"Calcineurin","RAC1","RALGAPA2"
"Calcineurin","CDK2","RALGAPA2"
"Calcineurin","CHEK1","RALGAPA2"
"Calcineurin","VAV1","RALGAPA2"
"Calcineurin","GSK3B","RALGAPA2"
"Calcineurin","EGFR","RALGAPA2"
"Calcineurin","ERBB2","RALGAPA2"
"Calcineurin","YAP1","RALGAPA2"
"Calcineurin","CDK3","RALGAPA2"
"Calcineurin","GRB2","RALGAPA2"
"Calcineurin","ADRB2","RALGAPA2"
"Calcineurin","SKI","RALGAPA2"
"Calcineurin","CDK6","RALGAPA2"
"Calcineurin","RXRA","RALGAPA2"
"Calcineurin","HES1","RALGAPA2"
"Calcineurin","BRAF","RALGAPA2"
"Calcineurin","NR3C1","RALGAPA2"
"Calcineurin","FAM83G","RALGAPA2"
"Calcineurin","PIK3CG","RALGAPA2"
"Calcineurin","VAV2","RALGAPA2"
"Calcineurin","MAP4K2","RALGAPA2"
"Calcineurin","IRAK1","MAD1L1"
"Calcineurin","ATM","MAD1L1"
"Calcineurin","GSK3A","MAD1L1"
"Calcineurin","DAB2IP","MAD1L1"
"Calcineurin","CDK4","MAD1L1"
"Calcineurin","CDK1","MAD1L1"
"Calcineurin","LCK","MAD1L1"
"Calcineurin","ERBB2","MAD1L1"
"Calcineurin","GRB2","MAD1L1"
"Calcineurin","PRKAA1","MAD1L1"
"Calcineurin","ADRB2","MAD1L1"
"Calcineurin","FADD","MAD1L1"
"Calcineurin","FAM83G","MAD1L1"
"Calcineurin","PIK3CG","MAD1L1"
"Calcineurin","MAPK3","DNA-PK"
"Calcineurin","ATM","DNA-PK"
"Calcineurin","GSK3A","DNA-PK"
"Calcineurin","RAF1","DNA-PK"
"Calcineurin","CDK4","DNA-PK"
"Calcineurin","CDK1","DNA-PK"
"Calcineurin","Gbeta","DNA-PK"
"Calcineurin","LCK","DNA-PK"
"Calcineurin","ABL1","DNA-PK"
"Calcineurin","CDK2","DNA-PK"
"Calcineurin","VAV1","DNA-PK"
"Calcineurin","PPP1R2","DNA-PK"
"Calcineurin","CyclinE/CDK2","DNA-PK"
"Calcineurin","YAP1","DNA-PK"
"Calcineurin","CDK3","DNA-PK"
"Calcineurin","FGFR1","DNA-PK"
"Calcineurin","PRKAA1","DNA-PK"
"Calcineurin","ADRB2","DNA-PK"
"Calcineurin","FADD","DNA-PK"
"Calcineurin","SHC1","DNA-PK"
"Calcineurin","SKI","DNA-PK"
"Calcineurin","CDK6","DNA-PK"
"Calcineurin","RXRA","DNA-PK"
"Calcineurin","AMOTL2","DNA-PK"
"Calcineurin","CDC25C","DNA-PK"
"Calcineurin","FAS","DNA-PK"
"Calcineurin","HES1","DNA-PK"
"Calcineurin","BRAF","DNA-PK"
"Calcineurin","NR3C1","DNA-PK"
"Calcineurin","TRIP13","DNA-PK"
"Calcineurin","VAV2","DNA-PK"
"Calcineurin","APC","DNA-PK"
"Calcineurin","MAP4K2","DNA-PK"
"Calcineurin","ATM","PPARD"
"Calcineurin","GSK3A","PPARD"
"Calcineurin","DAB2IP","PPARD"
"Calcineurin","CDK4","PPARD"
"Calcineurin","RAC1","PPARD"
"Calcineurin","CDK2","PPARD"
"Calcineurin","CHEK1","PPARD"
"Calcineurin","VAV1","PPARD"
"Calcineurin","GSK3B","PPARD"
"Calcineurin","ERBB2","PPARD"
"Calcineurin","YAP1","PPARD"
"Calcineurin","CDK3","PPARD"
"Calcineurin","GRB2","PPARD"
"Calcineurin","PRKAA1","PPARD"
"Calcineurin","TRAF6","PPARD"
"Calcineurin","SHC1","PPARD"
"Calcineurin","AXIN1","PPARD"
"Calcineurin","CDK6","PPARD"
"Calcineurin","FAS","PPARD"
"Calcineurin","HES1","PPARD"
"Calcineurin","NR3C1","PPARD"
"Calcineurin","TRIP13","PPARD"
"Calcineurin","VAV2","PPARD"
"Calcineurin","MAP4K2","PPARD"
"Calcineurin","IRAK1","PI4KB"
"Calcineurin","GSK3A","PI4KB"
"Calcineurin","DAB2IP","PI4KB"
"Calcineurin","RAF1","PI4KB"
"Calcineurin","CDK4","PI4KB"
"Calcineurin","CDK1","PI4KB"
"Calcineurin","ERK1/2","PI4KB"
"Calcineurin","RAC1","PI4KB"
"Calcineurin","CDK2","PI4KB"
"Calcineurin","VAV1","PI4KB"
"Calcineurin","GSK3B","PI4KB"
"Calcineurin","EGFR","PI4KB"
"Calcineurin","CyclinE/CDK2","PI4KB"
"Calcineurin","RIPK1","PI4KB"
"Calcineurin","ERBB2","PI4KB"
"Calcineurin","YAP1","PI4KB"
"Calcineurin","CDK3","PI4KB"
"Calcineurin","GRB2","PI4KB"
"Calcineurin","FGFR1","PI4KB"
"Calcineurin","ADRB2","PI4KB"
"Calcineurin","TRAF6","PI4KB"
"Calcineurin","SKI","PI4KB"
"Calcineurin","CDK6","PI4KB"
"Calcineurin","RXRA","PI4KB"
"Calcineurin","AMOTL2","PI4KB"
"Calcineurin","CDC25C","PI4KB"
"Calcineurin","FAS","PI4KB"
"Calcineurin","HES1","PI4KB"
"Calcineurin","FAM83G","PI4KB"
"Calcineurin","RCAN1","PI4KB"
"Calcineurin","TRIP13","PI4KB"
"Calcineurin","APC","PI4KB"
"Calcineurin","MAP4K2","PI4KB"
"Calcineurin","IRAK1","METTL1"
"Calcineurin","ATM","METTL1"
"Calcineurin","RAF1","METTL1"
"Calcineurin","CDK4","METTL1"
"Calcineurin","ERK1/2","METTL1"
"Calcineurin","LCK","METTL1"
"Calcineurin","ABL1","METTL1"
"Calcineurin","CDK2","METTL1"
"Calcineurin","CHEK1","METTL1"
"Calcineurin","VAV1","METTL1"
"Calcineurin","GSK3B","METTL1"
"Calcineurin","EGFR","METTL1"
"Calcineurin","PPP1R2","METTL1"
"Calcineurin","CyclinE/CDK2","METTL1"
"Calcineurin","RIPK1","METTL1"
"Calcineurin","ERBB2","METTL1"
"Calcineurin","CDK3","METTL1"
"Calcineurin","GRB2","METTL1"
"Calcineurin","FGFR1","METTL1"
"Calcineurin","TRAF6","METTL1"
"Calcineurin","FADD","METTL1"
"Calcineurin","SHC1","METTL1"
"Calcineurin","SKI","METTL1"
"Calcineurin","AXIN1","METTL1"
"Calcineurin","RXRA","METTL1"
"Calcineurin","HES1","METTL1"
"Calcineurin","NR3C1","METTL1"
"Calcineurin","FAM83G","METTL1"
"Calcineurin","RCAN1","METTL1"
"Calcineurin","TRIP13","METTL1"
"Calcineurin","VAV2","METTL1"
"Calcineurin","APC","METTL1"
"Calcineurin","MAP4K2","METTL1"
"Calcineurin","IRAK1","DROSHA"
"Calcineurin","GSK3A","DROSHA"
"Calcineurin","DAB2IP","DROSHA"
"Calcineurin","CDK4","DROSHA"
"Calcineurin","CDK1","DROSHA"
"Calcineurin","Gbeta","DROSHA"
"Calcineurin","RAC1","DROSHA"
"Calcineurin","ABL1","DROSHA"
"Calcineurin","VAV1","DROSHA"
"Calcineurin","GSK3B","DROSHA"
"Calcineurin","PPP1R2","DROSHA"
"Calcineurin","CyclinE/CDK2","DROSHA"
"Calcineurin","RIPK1","DROSHA"
"Calcineurin","ERBB2","DROSHA"
"Calcineurin","FGFR1","DROSHA"
"Calcineurin","PRKAA1","DROSHA"
"Calcineurin","FADD","DROSHA"
"Calcineurin","SHC1","DROSHA"
"Calcineurin","SKI","DROSHA"
"Calcineurin","AXIN1","DROSHA"
"Calcineurin","AMOTL2","DROSHA"
"Calcineurin","PIK3CG","DROSHA"
"Calcineurin","VAV2","DROSHA"
"Calcineurin","APC","DROSHA"
"Calcineurin","MAP4K2","DROSHA"
"Calcineurin","MAPK3","MAFB"
"Calcineurin","ATM","MAFB"
"Calcineurin","CDK1","MAFB"
"Calcineurin","ERK1/2","MAFB"
"Calcineurin","Gbeta","MAFB"
"Calcineurin","LCK","MAFB"
"Calcineurin","CDK2","MAFB"
"Calcineurin","VAV1","MAFB"
"Calcineurin","EGFR","MAFB"
"Calcineurin","PPP1R2","MAFB"
"Calcineurin","CyclinE/CDK2","MAFB"
"Calcineurin","ERBB2","MAFB"
"Calcineurin","CDK3","MAFB"
"Calcineurin","GRB2","MAFB"
"Calcineurin","FGFR1","MAFB"
"Calcineurin","PRKAA1","MAFB"
"Calcineurin","TRAF6","MAFB"
"Calcineurin","FADD","MAFB"
"Calcineurin","SHC1","MAFB"
"Calcineurin","CDK6","MAFB"
"Calcineurin","RXRA","MAFB"
"Calcineurin","HES1","MAFB"
"Calcineurin","BRAF","MAFB"
"Calcineurin","NR3C1","MAFB"
"Calcineurin","PIK3CG","MAFB"
"Calcineurin","RCAN1","MAFB"
"Calcineurin","TRIP13","MAFB"
"Calcineurin","VAV2","MAFB"
"Calcineurin","APC","MAFB"
"Calcineurin","MAPK3","TLR5"
"Calcineurin","GSK3A","TLR5"
"Calcineurin","DAB2IP","TLR5"
"Calcineurin","RAF1","TLR5"
"Calcineurin","CDK4","TLR5"
"Calcineurin","ERK1/2","TLR5"
"Calcineurin","Gbeta","TLR5"
"Calcineurin","LCK","TLR5"
"Calcineurin","ABL1","TLR5"
"Calcineurin","CDK2","TLR5"
"Calcineurin","CHEK1","TLR5"
"Calcineurin","VAV1","TLR5"
"Calcineurin","GSK3B","TLR5"
"Calcineurin","PPP1R2","TLR5"
"Calcineurin","RIPK1","TLR5"
"Calcineurin","YAP1","TLR5"
"Calcineurin","GRB2","TLR5"
"Calcineurin","FADD","TLR5"
"Calcineurin","AXIN1","TLR5"
"Calcineurin","CDK6","TLR5"
"Calcineurin","AMOTL2","TLR5"
"Calcineurin","FAS","TLR5"
"Calcineurin","BRAF","TLR5"
"Calcineurin","NR3C1","TLR5"
"Calcineurin","FAM83G","TLR5"
"Calcineurin","PIK3CG","TLR5"
"Calcineurin","RCAN1","TLR5"
"Calcineurin","VAV2","TLR5"
"Calcineurin","MAPK3","FBXL21P"
"Calcineurin","IRAK1","FBXL21P"
"Calcineurin","DAB2IP","FBXL21P"
"Calcineurin","RAF1","FBXL21P"
"Calcineurin","ABL1","FBXL21P"
"Calcineurin","VAV1","FBXL21P"
"Calcineurin","ERBB2","FBXL21P"
"Calcineurin","TRAF6","FBXL21P"
"Calcineurin","SHC1","FBXL21P"
"Calcineurin","CDK6","FBXL21P"
"Calcineurin","RXRA","FBXL21P"
"Calcineurin","HES1","FBXL21P"
"Calcineurin","NR3C1","FBXL21P"
"Calcineurin","FAM83G","FBXL21P"
"Calcineurin","PIK3CG","FBXL21P"
"Calcineurin","TRIP13","FBXL21P"
"Calcineurin","IRAK1","RXRG"
"Calcineurin","ATM","RXRG"
"Calcineurin","GSK3A","RXRG"
"Calcineurin","DAB2IP","RXRG"
"Calcineurin","CDK4","RXRG"
"Calcineurin","CDK1","RXRG"
"Calcineurin","RAC1","RXRG"
"Calcineurin","ABL1","RXRG"
"Calcineurin","CDK2","RXRG"
"Calcineurin","CHEK1","RXRG"
"Calcineurin","GSK3B","RXRG"
"Calcineurin","PPP1R2","RXRG"
"Calcineurin","CyclinE/CDK2","RXRG"
"Calcineurin","RIPK1","RXRG"
"Calcineurin","ERBB2","RXRG"
"Calcineurin","YAP1","RXRG"
"Calcineurin","FGFR1","RXRG"
"Calcineurin","ADRB2","RXRG"
"Calcineurin","FADD","RXRG"
"Calcineurin","SHC1","RXRG"
"Calcineurin","SKI","RXRG"
"Calcineurin","AXIN1","RXRG"
"Calcineurin","AMOTL2","RXRG"
"Calcineurin","CDC25C","RXRG"
"Calcineurin","BRAF","RXRG"
"Calcineurin","FAM83G","RXRG"
"Calcineurin","PIK3CG","RXRG"
"Calcineurin","MAPK3","SPAG5"
"Calcineurin","IRAK1","SPAG5"
"Calcineurin","ATM","SPAG5"
"Calcineurin","DAB2IP","SPAG5"
"Calcineurin","RAF1","SPAG5"
"Calcineurin","CDK4","SPAG5"
"Calcineurin","Gbeta","SPAG5"
"Calcineurin","RAC1","SPAG5"
"Calcineurin","CHEK1","SPAG5"
"Calcineurin","VAV1","SPAG5"
"Calcineurin","PPP1R2","SPAG5"
"Calcineurin","CyclinE/CDK2","SPAG5"
"Calcineurin","RIPK1","SPAG5"
"Calcineurin","ERBB2","SPAG5"
"Calcineurin","YAP1","SPAG5"
"Calcineurin","GRB2","SPAG5"
"Calcineurin","FGFR1","SPAG5"
"Calcineurin","TRAF6","SPAG5"
"Calcineurin","FADD","SPAG5"
"Calcineurin","SKI","SPAG5"
"Calcineurin","CDK6","SPAG5"
"Calcineurin","RXRA","SPAG5"
"Calcineurin","FAS","SPAG5"
"Calcineurin","NR3C1","SPAG5"
"Calcineurin","FAM83G","SPAG5"
"Calcineurin","MAPK3","AHR"
"Calcineurin","GSK3A","AHR"
"Calcineurin","CDK4","AHR"
"Calcineurin","ERK1/2","AHR"
"Calcineurin","PPP1R2","AHR"
"Calcineurin","YAP1","AHR"
"Calcineurin","TRAF6","AHR"
"Calcineurin","FADD","AHR"
"Calcineurin","SHC1","AHR"
"Calcineurin","SKI","AHR"
"Calcineurin","AMOTL2","AHR"
"Calcineurin","FAS","AHR"
"Calcineurin","RCAN1","AHR"
"Calcineurin","TRIP13","AHR"
"Calcineurin","VAV2","AHR"
"Calcineurin","ATM","NKX2-1"
"Calcineurin","RAF1","NKX2-1"
"Calcineurin","CDK4","NKX2-1"
"Calcineurin","CDK1","NKX2-1"
"Calcineurin","ABL1","NKX2-1"
"Calcineurin","CHEK1","NKX2-1"
"Calcineurin","VAV1","NKX2-1"
"Calcineurin","ERBB2","NKX2-1"
"Calcineurin","PRKAA1","NKX2-1"
"Calcineurin","ADRB2","NKX2-1"
"Calcineurin","FADD","NKX2-1"
"Calcineurin","SHC1","NKX2-1"
"Calcineurin","SKI","NKX2-1"
"Calcineurin","CDK6","NKX2-1"
"Calcineurin","RXRA","NKX2-1"
"Calcineurin","AMOTL2","NKX2-1"
"Calcineurin","CDC25C","NKX2-1"
"Calcineurin","FAS","NKX2-1"
"Calcineurin","BRAF","NKX2-1"
"Calcineurin","RCAN1","NKX2-1"
"Calcineurin","VAV2","NKX2-1"
"Calcineurin","RAF1","LDHA"
"Calcineurin","CDK4","LDHA"
"Calcineurin","Gbeta","LDHA"
"Calcineurin","LCK","LDHA"
"Calcineurin","ABL1","LDHA"
"Calcineurin","CDK2","LDHA"
"Calcineurin","CHEK1","LDHA"
"Calcineurin","VAV1","LDHA"
"Calcineurin","GSK3B","LDHA"
"Calcineurin","EGFR","LDHA"
"Calcineurin","PPP1R2","LDHA"
"Calcineurin","ERBB2","LDHA"
"Calcineurin","YAP1","LDHA"
"Calcineurin","CDK3","LDHA"
"Calcineurin","GRB2","LDHA"
"Calcineurin","PRKAA1","LDHA"
"Calcineurin","AXIN1","LDHA"
"Calcineurin","CDK6","LDHA"
"Calcineurin","AMOTL2","LDHA"
"Calcineurin","FAS","LDHA"
"Calcineurin","NR3C1","LDHA"
"Calcineurin","FAM83G","LDHA"
"Calcineurin","PIK3CG","LDHA"
"Calcineurin","VAV2","LDHA"
"Calcineurin","APC","LDHA"
"Calcineurin","MAP4K2","LDHA"
"Calcineurin","MAPK3","ADAR"
"Calcineurin","IRAK1","ADAR"
"Calcineurin","GSK3A","ADAR"
"Calcineurin","DAB2IP","ADAR"
"Calcineurin","CDK1","ADAR"
"Calcineurin","ERK1/2","ADAR"
"Calcineurin","Gbeta","ADAR"
"Calcineurin","LCK","ADAR"
"Calcineurin","ABL1","ADAR"
"Calcineurin","CDK2","ADAR"
"Calcineurin","VAV1","ADAR"
"Calcineurin","GSK3B","ADAR"
"Calcineurin","PPP1R2","ADAR"
"Calcineurin","CyclinE/CDK2","ADAR"
"Calcineurin","ERBB2","ADAR"
"Calcineurin","YAP1","ADAR"
"Calcineurin","CDK3","ADAR"
"Calcineurin","ADRB2","ADAR"
"Calcineurin","FADD","ADAR"
"Calcineurin","SHC1","ADAR"
"Calcineurin","SKI","ADAR"
"Calcineurin","AXIN1","ADAR"
"Calcineurin","RXRA","ADAR"
"Calcineurin","AMOTL2","ADAR"
"Calcineurin","BRAF","ADAR"
"Calcineurin","PIK3CG","ADAR"
"Calcineurin","RCAN1","ADAR"
"Calcineurin","TRIP13","ADAR"
"Calcineurin","VAV2","ADAR"
"Calcineurin","APC","ADAR"
"Calcineurin","MAP4K2","ADAR"
"Calcineurin","MAPK3","PAX6"
"Calcineurin","IRAK1","PAX6"
"Calcineurin","ATM","PAX6"
"Calcineurin","DAB2IP","PAX6"
"Calcineurin","RAF1","PAX6"
"Calcineurin","CDK4","PAX6"
"Calcineurin","CDK1","PAX6"
"Calcineurin","Gbeta","PAX6"
"Calcineurin","CDK2","PAX6"
"Calcineurin","CHEK1","PAX6"
"Calcineurin","VAV1","PAX6"
"Calcineurin","GSK3B","PAX6"
"Calcineurin","PPP1R2","PAX6"
"Calcineurin","CyclinE/CDK2","PAX6"
"Calcineurin","RIPK1","PAX6"
"Calcineurin","YAP1","PAX6"
"Calcineurin","CDK3","PAX6"
"Calcineurin","GRB2","PAX6"
"Calcineurin","FGFR1","PAX6"
"Calcineurin","PRKAA1","PAX6"
"Calcineurin","TRAF6","PAX6"
"Calcineurin","AXIN1","PAX6"
"Calcineurin","RXRA","PAX6"
"Calcineurin","PIK3CG","PAX6"
"Calcineurin","RCAN1","PAX6"
"Calcineurin","MAP4K2","PAX6"
"Calcineurin","IRAK1","KCNJ4"
"Calcineurin","ATM","KCNJ4"
"Calcineurin","GSK3A","KCNJ4"
"Calcineurin","DAB2IP","KCNJ4"
"Calcineurin","RAF1","KCNJ4"
"Calcineurin","CDK1","KCNJ4"
"Calcineurin","LCK","KCNJ4"
"Calcineurin","RAC1","KCNJ4"
"Calcineurin","ABL1","KCNJ4"
"Calcineurin","CDK2","KCNJ4"
"Calcineurin","CyclinE/CDK2","KCNJ4"
"Calcineurin","RIPK1","KCNJ4"
"Calcineurin","ERBB2","KCNJ4"
"Calcineurin","YAP1","KCNJ4"
"Calcineurin","CDK3","KCNJ4"
"Calcineurin","GRB2","KCNJ4"
"Calcineurin","FGFR1","KCNJ4"
"Calcineurin","PRKAA1","KCNJ4"
"Calcineurin","FADD","KCNJ4"
"Calcineurin","SHC1","KCNJ4"
"Calcineurin","SKI","KCNJ4"
"Calcineurin","CDC25C","KCNJ4"
"Calcineurin","FAS","KCNJ4"
"Calcineurin","BRAF","KCNJ4"
"Calcineurin","NR3C1","KCNJ4"
"Calcineurin","PIK3CG","KCNJ4"
"Calcineurin","RCAN1","KCNJ4"
"Calcineurin","TRIP13","KCNJ4"
"Calcineurin","APC","KCNJ4"
"Calcineurin","MAPK3","H1-5"
"Calcineurin","GSK3A","H1-5"
"Calcineurin","DAB2IP","H1-5"
"Calcineurin","RAF1","H1-5"
"Calcineurin","Gbeta","H1-5"
"Calcineurin","LCK","H1-5"
"Calcineurin","RAC1","H1-5"
"Calcineurin","ABL1","H1-5"
"Calcineurin","CDK2","H1-5"
"Calcineurin","VAV1","H1-5"
"Calcineurin","EGFR","H1-5"
"Calcineurin","PPP1R2","H1-5"
"Calcineurin","ERBB2","H1-5"
"Calcineurin","YAP1","H1-5"
"Calcineurin","CDK3","H1-5"
"Calcineurin","ADRB2","H1-5"
"Calcineurin","TRAF6","H1-5"
"Calcineurin","FADD","H1-5"
"Calcineurin","SKI","H1-5"
"Calcineurin","AXIN1","H1-5"
"Calcineurin","RXRA","H1-5"
"Calcineurin","AMOTL2","H1-5"
"Calcineurin","CDC25C","H1-5"
"Calcineurin","HES1","H1-5"
"Calcineurin","NR3C1","H1-5"
"Calcineurin","RCAN1","H1-5"
"Calcineurin","TRIP13","H1-5"
"Calcineurin","VAV2","H1-5"
"Calcineurin","MAP4K2","H1-5"
"Calcineurin","GSK3A","SFN"
"Calcineurin","DAB2IP","SFN"
"Calcineurin","RAF1","SFN"
"Calcineurin","CDK4","SFN"
"Calcineurin","CDK1","SFN"
"Calcineurin","ERK1/2","SFN"
"Calcineurin","Gbeta","SFN"
"Calcineurin","RAC1","SFN"
"Calcineurin","CHEK1","SFN"
"Calcineurin","VAV1","SFN"
"Calcineurin","GSK3B","SFN"
"Calcineurin","RIPK1","SFN"
"Calcineurin","GRB2","SFN"
"Calcineurin","FGFR1","SFN"
"Calcineurin","TRAF6","SFN"
"Calcineurin","SHC1","SFN"
"Calcineurin","SKI","SFN"
"Calcineurin","AXIN1","SFN"
"Calcineurin","CDK6","SFN"
"Calcineurin","RXRA","SFN"
"Calcineurin","CDC25C","SFN"
"Calcineurin","BRAF","SFN"
"Calcineurin","PIK3CG","SFN"
"Calcineurin","RCAN1","SFN"
"Calcineurin","TRIP13","SFN"
"Calcineurin","VAV2","SFN"
"Calcineurin","APC","SFN"
"Calcineurin","MAPK3","ATP7B"
"Calcineurin","IRAK1","ATP7B"
"Calcineurin","CDK2","ATP7B"
"Calcineurin","VAV1","ATP7B"
"Calcineurin","GSK3B","ATP7B"
"Calcineurin","PPP1R2","ATP7B"
"Calcineurin","ERBB2","ATP7B"
"Calcineurin","GRB2","ATP7B"
"Calcineurin","SKI","ATP7B"
"Calcineurin","CDK6","ATP7B"
"Calcineurin","RXRA","ATP7B"
"Calcineurin","AMOTL2","ATP7B"
"Calcineurin","CDC25C","ATP7B"
"Calcineurin","HES1","ATP7B"
"Calcineurin","BRAF","ATP7B"
"Calcineurin","NR3C1","ATP7B"
"Calcineurin","FAM83G","ATP7B"
"Calcineurin","PIK3CG","ATP7B"
"Calcineurin","RCAN1","ATP7B"
"Calcineurin","APC","ATP7B"
"Calcineurin","MAPK3","SMARCC1"
"Calcineurin","IRAK1","SMARCC1"
"Calcineurin","ATM","SMARCC1"
"Calcineurin","DAB2IP","SMARCC1"
"Calcineurin","RAF1","SMARCC1"
"Calcineurin","CDK1","SMARCC1"
"Calcineurin","Gbeta","SMARCC1"
"Calcineurin","LCK","SMARCC1"
"Calcineurin","RAC1","SMARCC1"
"Calcineurin","ABL1","SMARCC1"
"Calcineurin","VAV1","SMARCC1"
"Calcineurin","GSK3B","SMARCC1"
"Calcineurin","EGFR","SMARCC1"
"Calcineurin","PPP1R2","SMARCC1"
"Calcineurin","CyclinE/CDK2","SMARCC1"
"Calcineurin","RIPK1","SMARCC1"
"Calcineurin","ERBB2","SMARCC1"
"Calcineurin","YAP1","SMARCC1"
"Calcineurin","CDK3","SMARCC1"
"Calcineurin","GRB2","SMARCC1"
"Calcineurin","FGFR1","SMARCC1"
"Calcineurin","ADRB2","SMARCC1"
"Calcineurin","TRAF6","SMARCC1"
"Calcineurin","SKI","SMARCC1"
"Calcineurin","AXIN1","SMARCC1"
"Calcineurin","CDK6","SMARCC1"
"Calcineurin","RXRA","SMARCC1"
"Calcineurin","AMOTL2","SMARCC1"
"Calcineurin","FAS","SMARCC1"
"Calcineurin","BRAF","SMARCC1"
"Calcineurin","FAM83G","SMARCC1"
"Calcineurin","RCAN1","SMARCC1"
"Calcineurin","GSK3A","BICD1"
"Calcineurin","DAB2IP","BICD1"
"Calcineurin","CDK4","BICD1"
"Calcineurin","CDK1","BICD1"
"Calcineurin","ERK1/2","BICD1"
"Calcineurin","LCK","BICD1"
"Calcineurin","RAC1","BICD1"
"Calcineurin","ABL1","BICD1"
"Calcineurin","CDK2","BICD1"
"Calcineurin","CHEK1","BICD1"
"Calcineurin","EGFR","BICD1"
"Calcineurin","RIPK1","BICD1"
"Calcineurin","ERBB2","BICD1"
"Calcineurin","YAP1","BICD1"
"Calcineurin","CDK3","BICD1"
"Calcineurin","FGFR1","BICD1"
"Calcineurin","PRKAA1","BICD1"
"Calcineurin","ADRB2","BICD1"
"Calcineurin","FADD","BICD1"
"Calcineurin","SHC1","BICD1"
"Calcineurin","SKI","BICD1"
"Calcineurin","AXIN1","BICD1"
"Calcineurin","CDK6","BICD1"
"Calcineurin","AMOTL2","BICD1"
"Calcineurin","FAS","BICD1"
"Calcineurin","BRAF","BICD1"
"Calcineurin","FAM83G","BICD1"
"Calcineurin","APC","BICD1"
"Calcineurin","IRAK1","SYTL1"
"Calcineurin","ATM","SYTL1"
"Calcineurin","DAB2IP","SYTL1"
"Calcineurin","CDK4","SYTL1"
"Calcineurin","ERK1/2","SYTL1"
"Calcineurin","Gbeta","SYTL1"
"Calcineurin","LCK","SYTL1"
"Calcineurin","RAC1","SYTL1"
"Calcineurin","ABL1","SYTL1"
"Calcineurin","CDK2","SYTL1"
"Calcineurin","CHEK1","SYTL1"
"Calcineurin","EGFR","SYTL1"
"Calcineurin","PPP1R2","SYTL1"
"Calcineurin","RIPK1","SYTL1"
"Calcineurin","ERBB2","SYTL1"
"Calcineurin","GRB2","SYTL1"
"Calcineurin","FGFR1","SYTL1"
"Calcineurin","PRKAA1","SYTL1"
"Calcineurin","ADRB2","SYTL1"
"Calcineurin","TRAF6","SYTL1"
"Calcineurin","SHC1","SYTL1"
"Calcineurin","AXIN1","SYTL1"
"Calcineurin","AMOTL2","SYTL1"
"Calcineurin","CDC25C","SYTL1"
"Calcineurin","FAS","SYTL1"
"Calcineurin","FAM83G","SYTL1"
"Calcineurin","PIK3CG","SYTL1"
"Calcineurin","RCAN1","SYTL1"
"Calcineurin","VAV2","SYTL1"
"Calcineurin","APC","SYTL1"
"Calcineurin","MAPK3","ZEB1"
"Calcineurin","IRAK1","ZEB1"
"Calcineurin","ATM","ZEB1"
"Calcineurin","GSK3A","ZEB1"
"Calcineurin","DAB2IP","ZEB1"
"Calcineurin","CDK4","ZEB1"
"Calcineurin","Gbeta","ZEB1"
"Calcineurin","VAV1","ZEB1"
"Calcineurin","GSK3B","ZEB1"
"Calcineurin","PPP1R2","ZEB1"
"Calcineurin","CyclinE/CDK2","ZEB1"
"Calcineurin","FADD","ZEB1"
"Calcineurin","SKI","ZEB1"
"Calcineurin","CDK6","ZEB1"
"Calcineurin","AMOTL2","ZEB1"
"Calcineurin","FAS","ZEB1"
"Calcineurin","TRIP13","ZEB1"
"Calcineurin","VAV2","ZEB1"
"Calcineurin","RAF1","NFE2"
"Calcineurin","ERK1/2","NFE2"
"Calcineurin","LCK","NFE2"
"Calcineurin","RAC1","NFE2"
"Calcineurin","ABL1","NFE2"
"Calcineurin","CDK2","NFE2"
"Calcineurin","CHEK1","NFE2"
"Calcineurin","VAV1","NFE2"
"Calcineurin","GSK3B","NFE2"
"Calcineurin","EGFR","NFE2"
"Calcineurin","PPP1R2","NFE2"
"Calcineurin","CyclinE/CDK2","NFE2"
"Calcineurin","RIPK1","NFE2"
"Calcineurin","ERBB2","NFE2"
"Calcineurin","YAP1","NFE2"
"Calcineurin","CDK3","NFE2"
"Calcineurin","GRB2","NFE2"
"Calcineurin","FGFR1","NFE2"
"Calcineurin","PRKAA1","NFE2"
"Calcineurin","ADRB2","NFE2"
"Calcineurin","TRAF6","NFE2"
"Calcineurin","FADD","NFE2"
"Calcineurin","SHC1","NFE2"
"Calcineurin","SKI","NFE2"
"Calcineurin","AXIN1","NFE2"
"Calcineurin","CDK6","NFE2"
"Calcineurin","RXRA","NFE2"
"Calcineurin","AMOTL2","NFE2"
"Calcineurin","CDC25C","NFE2"
"Calcineurin","FAS","NFE2"
"Calcineurin","HES1","NFE2"
"Calcineurin","BRAF","NFE2"
"Calcineurin","NR3C1","NFE2"
"Calcineurin","FAM83G","NFE2"
"Calcineurin","PIK3CG","NFE2"
"Calcineurin","TRIP13","NFE2"
"Calcineurin","VAV2","NFE2"
"Calcineurin","APC","NFE2"
"Calcineurin","MAP4K2","NFE2"
"Calcineurin","MAPK3","SOX2"
"Calcineurin","IRAK1","SOX2"
"Calcineurin","ATM","SOX2"
"Calcineurin","GSK3A","SOX2"
"Calcineurin","DAB2IP","SOX2"
"Calcineurin","RAF1","SOX2"
"Calcineurin","CDK4","SOX2"
"Calcineurin","CDK1","SOX2"
"Calcineurin","ERK1/2","SOX2"
"Calcineurin","Gbeta","SOX2"
"Calcineurin","LCK","SOX2"
"Calcineurin","RAC1","SOX2"
"Calcineurin","ABL1","SOX2"
"Calcineurin","CDK2","SOX2"
"Calcineurin","CHEK1","SOX2"
"Calcineurin","VAV1","SOX2"
"Calcineurin","GSK3B","SOX2"
"Calcineurin","EGFR","SOX2"
"Calcineurin","PPP1R2","SOX2"
"Calcineurin","CyclinE/CDK2","SOX2"
"Calcineurin","RIPK1","SOX2"
"Calcineurin","ERBB2","SOX2"
"Calcineurin","YAP1","SOX2"
"Calcineurin","CDK3","SOX2"
"Calcineurin","GRB2","SOX2"
"Calcineurin","FGFR1","SOX2"
"Calcineurin","PRKAA1","SOX2"
"Calcineurin","ADRB2","SOX2"
"Calcineurin","TRAF6","SOX2"
"Calcineurin","FADD","SOX2"
"Calcineurin","SHC1","SOX2"
"Calcineurin","SKI","SOX2"
"Calcineurin","AXIN1","SOX2"
"Calcineurin","CDK6","SOX2"
"Calcineurin","RXRA","SOX2"
"Calcineurin","AMOTL2","SOX2"
"Calcineurin","CDC25C","SOX2"
"Calcineurin","FAS","SOX2"
"Calcineurin","HES1","SOX2"
"Calcineurin","BRAF","SOX2"
"Calcineurin","NR3C1","SOX2"
"Calcineurin","FAM83G","SOX2"
"Calcineurin","PIK3CG","SOX2"
"Calcineurin","RCAN1","SOX2"
"Calcineurin","TRIP13","SOX2"
"Calcineurin","VAV2","SOX2"
"Calcineurin","APC","SOX2"
"Calcineurin","MAP4K2","SOX2"
"Calcineurin","MAPK3","PARN"
"Calcineurin","IRAK1","PARN"
"Calcineurin","ATM","PARN"
"Calcineurin","GSK3A","PARN"
"Calcineurin","DAB2IP","PARN"
"Calcineurin","RAF1","PARN"
"Calcineurin","CDK4","PARN"
"Calcineurin","CDK1","PARN"
"Calcineurin","ERK1/2","PARN"
"Calcineurin","Gbeta","PARN"
"Calcineurin","LCK","PARN"
"Calcineurin","RAC1","PARN"
"Calcineurin","ABL1","PARN"
"Calcineurin","CDK2","PARN"
"Calcineurin","CHEK1","PARN"
"Calcineurin","VAV1","PARN"
"Calcineurin","GSK3B","PARN"
"Calcineurin","EGFR","PARN"
"Calcineurin","PPP1R2","PARN"
"Calcineurin","CyclinE/CDK2","PARN"
"Calcineurin","RIPK1","PARN"
"Calcineurin","ERBB2","PARN"
"Calcineurin","YAP1","PARN"
"Calcineurin","CDK3","PARN"
"Calcineurin","GRB2","PARN"
"Calcineurin","FGFR1","PARN"
"Calcineurin","PRKAA1","PARN"
"Calcineurin","ADRB2","PARN"
"Calcineurin","TRAF6","PARN"
"Calcineurin","FADD","PARN"
"Calcineurin","SHC1","PARN"
"Calcineurin","SKI","PARN"
"Calcineurin","AXIN1","PARN"
"Calcineurin","CDK6","PARN"
"Calcineurin","RXRA","PARN"
"Calcineurin","AMOTL2","PARN"
"Calcineurin","CDC25C","PARN"
"Calcineurin","FAS","PARN"
"Calcineurin","HES1","PARN"
"Calcineurin","BRAF","PARN"
"Calcineurin","NR3C1","PARN"
"Calcineurin","FAM83G","PARN"
"Calcineurin","PIK3CG","PARN"
"Calcineurin","RCAN1","PARN"
"Calcineurin","TRIP13","PARN"
"Calcineurin","VAV2","PARN"
"Calcineurin","APC","PARN"
"Calcineurin","MAP4K2","PARN"
"Calcineurin","MAPK3","SHC2"
"Calcineurin","IRAK1","SHC2"
"Calcineurin","ATM","SHC2"
"Calcineurin","GSK3A","SHC2"
"Calcineurin","DAB2IP","SHC2"
"Calcineurin","RAF1","SHC2"
"Calcineurin","CDK4","SHC2"
"Calcineurin","CDK1","SHC2"
"Calcineurin","ERK1/2","SHC2"
"Calcineurin","Gbeta","SHC2"
"Calcineurin","LCK","SHC2"
"Calcineurin","RAC1","SHC2"
"Calcineurin","ABL1","SHC2"
"Calcineurin","CDK2","SHC2"
"Calcineurin","CHEK1","SHC2"
"Calcineurin","VAV1","SHC2"
"Calcineurin","GSK3B","SHC2"
"Calcineurin","PPP1R2","SHC2"
"Calcineurin","CyclinE/CDK2","SHC2"
"Calcineurin","RIPK1","SHC2"
"Calcineurin","ERBB2","SHC2"
"Calcineurin","YAP1","SHC2"
"Calcineurin","CDK3","SHC2"
"Calcineurin","GRB2","SHC2"
"Calcineurin","FGFR1","SHC2"
"Calcineurin","PRKAA1","SHC2"
"Calcineurin","ADRB2","SHC2"
"Calcineurin","TRAF6","SHC2"
"Calcineurin","FADD","SHC2"
"Calcineurin","SHC1","SHC2"
"Calcineurin","SKI","SHC2"
"Calcineurin","AXIN1","SHC2"
"Calcineurin","CDK6","SHC2"
"Calcineurin","RXRA","SHC2"
"Calcineurin","AMOTL2","SHC2"
"Calcineurin","CDC25C","SHC2"
"Calcineurin","FAS","SHC2"
"Calcineurin","HES1","SHC2"
"Calcineurin","BRAF","SHC2"
"Calcineurin","NR3C1","SHC2"
"Calcineurin","FAM83G","SHC2"
"Calcineurin","PIK3CG","SHC2"
"Calcineurin","RCAN1","SHC2"
"Calcineurin","TRIP13","SHC2"
"Calcineurin","VAV2","SHC2"
"Calcineurin","APC","SHC2"
"Calcineurin","MAP4K2","SHC2"
"Calcineurin","MAPK3","ARFIP1"
"Calcineurin","IRAK1","ARFIP1"
"Calcineurin","ATM","ARFIP1"
"Calcineurin","GSK3A","ARFIP1"
"Calcineurin","DAB2IP","ARFIP1"
"Calcineurin","RAF1","ARFIP1"
"Calcineurin","CDK4","ARFIP1"
"Calcineurin","CDK1","ARFIP1"
"Calcineurin","ERK1/2","ARFIP1"
"Calcineurin","Gbeta","ARFIP1"
"Calcineurin","LCK","ARFIP1"
"Calcineurin","RAC1","ARFIP1"
"Calcineurin","ABL1","ARFIP1"
"Calcineurin","CDK2","ARFIP1"
"Calcineurin","CHEK1","ARFIP1"
"Calcineurin","VAV1","ARFIP1"
"Calcineurin","GSK3B","ARFIP1"
"Calcineurin","EGFR","ARFIP1"
"Calcineurin","PPP1R2","ARFIP1"
"Calcineurin","CyclinE/CDK2","ARFIP1"
"Calcineurin","RIPK1","ARFIP1"
"Calcineurin","ERBB2","ARFIP1"
"Calcineurin","YAP1","ARFIP1"
"Calcineurin","CDK3","ARFIP1"
"Calcineurin","GRB2","ARFIP1"
"Calcineurin","FGFR1","ARFIP1"
"Calcineurin","PRKAA1","ARFIP1"
"Calcineurin","ADRB2","ARFIP1"
"Calcineurin","TRAF6","ARFIP1"
"Calcineurin","FADD","ARFIP1"
"Calcineurin","SHC1","ARFIP1"
"Calcineurin","SKI","ARFIP1"
"Calcineurin","AXIN1","ARFIP1"
"Calcineurin","CDK6","ARFIP1"
"Calcineurin","RXRA","ARFIP1"
"Calcineurin","AMOTL2","ARFIP1"
"Calcineurin","CDC25C","ARFIP1"
"Calcineurin","FAS","ARFIP1"
"Calcineurin","HES1","ARFIP1"
"Calcineurin","BRAF","ARFIP1"
"Calcineurin","NR3C1","ARFIP1"
"Calcineurin","FAM83G","ARFIP1"
"Calcineurin","PIK3CG","ARFIP1"
"Calcineurin","RCAN1","ARFIP1"
"Calcineurin","TRIP13","ARFIP1"
"Calcineurin","VAV2","ARFIP1"
"Calcineurin","APC","ARFIP1"
"Calcineurin","MAP4K2","ARFIP1"
"Calcineurin","MAPK3","ATN1"
"Calcineurin","IRAK1","ATN1"
"Calcineurin","ATM","ATN1"
"Calcineurin","GSK3A","ATN1"
"Calcineurin","DAB2IP","ATN1"
"Calcineurin","RAF1","ATN1"
"Calcineurin","CDK4","ATN1"
"Calcineurin","CDK1","ATN1"
"Calcineurin","ERK1/2","ATN1"
"Calcineurin","Gbeta","ATN1"
"Calcineurin","LCK","ATN1"
"Calcineurin","RAC1","ATN1"
"Calcineurin","ABL1","ATN1"
"Calcineurin","CDK2","ATN1"
"Calcineurin","CHEK1","ATN1"
"Calcineurin","VAV1","ATN1"
"Calcineurin","GSK3B","ATN1"
"Calcineurin","EGFR","ATN1"
"Calcineurin","PPP1R2","ATN1"
"Calcineurin","CyclinE/CDK2","ATN1"
"Calcineurin","RIPK1","ATN1"
"Calcineurin","ERBB2","ATN1"
"Calcineurin","YAP1","ATN1"
"Calcineurin","CDK3","ATN1"
"Calcineurin","GRB2","ATN1"
"Calcineurin","FGFR1","ATN1"
"Calcineurin","PRKAA1","ATN1"
"Calcineurin","ADRB2","ATN1"
"Calcineurin","TRAF6","ATN1"
"Calcineurin","FADD","ATN1"
"Calcineurin","SHC1","ATN1"
"Calcineurin","SKI","ATN1"
"Calcineurin","AXIN1","ATN1"
"Calcineurin","CDK6","ATN1"
"Calcineurin","RXRA","ATN1"
"Calcineurin","AMOTL2","ATN1"
"Calcineurin","CDC25C","ATN1"
"Calcineurin","FAS","ATN1"
"Calcineurin","HES1","ATN1"
"Calcineurin","BRAF","ATN1"
"Calcineurin","NR3C1","ATN1"
"Calcineurin","FAM83G","ATN1"
"Calcineurin","PIK3CG","ATN1"
"Calcineurin","RCAN1","ATN1"
"Calcineurin","TRIP13","ATN1"
"Calcineurin","VAV2","ATN1"
"Calcineurin","APC","ATN1"
"Calcineurin","MAP4K2","ATN1"
"Calcineurin","MAPK3","PIP4K2B"
"Calcineurin","IRAK1","PIP4K2B"
"Calcineurin","ATM","PIP4K2B"
"Calcineurin","GSK3A","PIP4K2B"
"Calcineurin","DAB2IP","PIP4K2B"
"Calcineurin","RAF1","PIP4K2B"
"Calcineurin","CDK4","PIP4K2B"
"Calcineurin","CDK1","PIP4K2B"
"Calcineurin","ERK1/2","PIP4K2B"
"Calcineurin","Gbeta","PIP4K2B"
"Calcineurin","LCK","PIP4K2B"
"Calcineurin","RAC1","PIP4K2B"
"Calcineurin","ABL1","PIP4K2B"
"Calcineurin","CDK2","PIP4K2B"
"Calcineurin","CHEK1","PIP4K2B"
"Calcineurin","VAV1","PIP4K2B"
"Calcineurin","GSK3B","PIP4K2B"
"Calcineurin","EGFR","PIP4K2B"
"Calcineurin","PPP1R2","PIP4K2B"
"Calcineurin","CyclinE/CDK2","PIP4K2B"
"Calcineurin","RIPK1","PIP4K2B"
"Calcineurin","ERBB2","PIP4K2B"
"Calcineurin","YAP1","PIP4K2B"
"Calcineurin","CDK3","PIP4K2B"
"Calcineurin","GRB2","PIP4K2B"
"Calcineurin","FGFR1","PIP4K2B"
"Calcineurin","PRKAA1","PIP4K2B"
"Calcineurin","ADRB2","PIP4K2B"
"Calcineurin","TRAF6","PIP4K2B"
"Calcineurin","FADD","PIP4K2B"
"Calcineurin","SHC1","PIP4K2B"
"Calcineurin","SKI","PIP4K2B"
"Calcineurin","AXIN1","PIP4K2B"
"Calcineurin","CDK6","PIP4K2B"
"Calcineurin","RXRA","PIP4K2B"
"Calcineurin","AMOTL2","PIP4K2B"
"Calcineurin","CDC25C","PIP4K2B"
"Calcineurin","FAS","PIP4K2B"
"Calcineurin","HES1","PIP4K2B"
"Calcineurin","BRAF","PIP4K2B"
"Calcineurin","NR3C1","PIP4K2B"
"Calcineurin","FAM83G","PIP4K2B"
"Calcineurin","PIK3CG","PIP4K2B"
"Calcineurin","RCAN1","PIP4K2B"
"Calcineurin","TRIP13","PIP4K2B"
"Calcineurin","VAV2","PIP4K2B"
"Calcineurin","APC","PIP4K2B"
"Calcineurin","MAP4K2","PIP4K2B"
"Calcineurin","MAPK3","REM1"
"Calcineurin","IRAK1","REM1"
"Calcineurin","ATM","REM1"
"Calcineurin","GSK3A","REM1"
"Calcineurin","DAB2IP","REM1"
"Calcineurin","RAF1","REM1"
"Calcineurin","CDK4","REM1"
"Calcineurin","CDK1","REM1"
"Calcineurin","ERK1/2","REM1"
"Calcineurin","Gbeta","REM1"
"Calcineurin","LCK","REM1"
"Calcineurin","RAC1","REM1"
"Calcineurin","ABL1","REM1"
"Calcineurin","CDK2","REM1"
"Calcineurin","CHEK1","REM1"
"Calcineurin","VAV1","REM1"
"Calcineurin","GSK3B","REM1"
"Calcineurin","EGFR","REM1"
"Calcineurin","PPP1R2","REM1"
"Calcineurin","CyclinE/CDK2","REM1"
"Calcineurin","RIPK1","REM1"
"Calcineurin","ERBB2","REM1"
"Calcineurin","YAP1","REM1"
"Calcineurin","CDK3","REM1"
"Calcineurin","GRB2","REM1"
"Calcineurin","FGFR1","REM1"
"Calcineurin","PRKAA1","REM1"
"Calcineurin","ADRB2","REM1"
"Calcineurin","TRAF6","REM1"
"Calcineurin","FADD","REM1"
"Calcineurin","SHC1","REM1"
"Calcineurin","SKI","REM1"
"Calcineurin","AXIN1","REM1"
"Calcineurin","CDK6","REM1"
"Calcineurin","RXRA","REM1"
"Calcineurin","AMOTL2","REM1"
"Calcineurin","CDC25C","REM1"
"Calcineurin","FAS","REM1"
"Calcineurin","HES1","REM1"
"Calcineurin","BRAF","REM1"
"Calcineurin","NR3C1","REM1"
"Calcineurin","FAM83G","REM1"
"Calcineurin","PIK3CG","REM1"
"Calcineurin","RCAN1","REM1"
"Calcineurin","TRIP13","REM1"
"Calcineurin","VAV2","REM1"
"Calcineurin","APC","REM1"
"Calcineurin","MAP4K2","REM1"
"Calcineurin","MAPK3","ARHGAP31"
"Calcineurin","IRAK1","ARHGAP31"
"Calcineurin","ATM","ARHGAP31"
"Calcineurin","GSK3A","ARHGAP31"
"Calcineurin","DAB2IP","ARHGAP31"
"Calcineurin","RAF1","ARHGAP31"
"Calcineurin","CDK4","ARHGAP31"
"Calcineurin","CDK1","ARHGAP31"
"Calcineurin","ERK1/2","ARHGAP31"
"Calcineurin","Gbeta","ARHGAP31"
"Calcineurin","LCK","ARHGAP31"
"Calcineurin","RAC1","ARHGAP31"
"Calcineurin","ABL1","ARHGAP31"
"Calcineurin","CDK2","ARHGAP31"
"Calcineurin","CHEK1","ARHGAP31"
"Calcineurin","VAV1","ARHGAP31"
"Calcineurin","EGFR","ARHGAP31"
"Calcineurin","PPP1R2","ARHGAP31"
"Calcineurin","CyclinE/CDK2","ARHGAP31"
"Calcineurin","RIPK1","ARHGAP31"
"Calcineurin","ERBB2","ARHGAP31"
"Calcineurin","YAP1","ARHGAP31"
"Calcineurin","CDK3","ARHGAP31"
"Calcineurin","GRB2","ARHGAP31"
"Calcineurin","FGFR1","ARHGAP31"
"Calcineurin","PRKAA1","ARHGAP31"
"Calcineurin","ADRB2","ARHGAP31"
"Calcineurin","TRAF6","ARHGAP31"
"Calcineurin","FADD","ARHGAP31"
"Calcineurin","SHC1","ARHGAP31"
"Calcineurin","SKI","ARHGAP31"
"Calcineurin","AXIN1","ARHGAP31"
"Calcineurin","CDK6","ARHGAP31"
"Calcineurin","RXRA","ARHGAP31"
"Calcineurin","AMOTL2","ARHGAP31"
"Calcineurin","CDC25C","ARHGAP31"
"Calcineurin","FAS","ARHGAP31"
"Calcineurin","HES1","ARHGAP31"
"Calcineurin","BRAF","ARHGAP31"
"Calcineurin","NR3C1","ARHGAP31"
"Calcineurin","FAM83G","ARHGAP31"
"Calcineurin","PIK3CG","ARHGAP31"
"Calcineurin","RCAN1","ARHGAP31"
"Calcineurin","TRIP13","ARHGAP31"
"Calcineurin","VAV2","ARHGAP31"
"Calcineurin","APC","ARHGAP31"
"Calcineurin","MAP4K2","ARHGAP31"
"Calcineurin","MAPK3","JAK1/STAT1/STAT3"
"Calcineurin","IRAK1","JAK1/STAT1/STAT3"
"Calcineurin","ATM","JAK1/STAT1/STAT3"
"Calcineurin","GSK3A","JAK1/STAT1/STAT3"
"Calcineurin","DAB2IP","JAK1/STAT1/STAT3"
"Calcineurin","RAF1","JAK1/STAT1/STAT3"
"Calcineurin","CDK4","JAK1/STAT1/STAT3"
"Calcineurin","CDK1","JAK1/STAT1/STAT3"
"Calcineurin","ERK1/2","JAK1/STAT1/STAT3"
"Calcineurin","Gbeta","JAK1/STAT1/STAT3"
"Calcineurin","LCK","JAK1/STAT1/STAT3"
"Calcineurin","RAC1","JAK1/STAT1/STAT3"
"Calcineurin","ABL1","JAK1/STAT1/STAT3"
"Calcineurin","CDK2","JAK1/STAT1/STAT3"
"Calcineurin","CHEK1","JAK1/STAT1/STAT3"
"Calcineurin","VAV1","JAK1/STAT1/STAT3"
"Calcineurin","GSK3B","JAK1/STAT1/STAT3"
"Calcineurin","PPP1R2","JAK1/STAT1/STAT3"
"Calcineurin","CyclinE/CDK2","JAK1/STAT1/STAT3"
"Calcineurin","RIPK1","JAK1/STAT1/STAT3"
"Calcineurin","ERBB2","JAK1/STAT1/STAT3"
"Calcineurin","YAP1","JAK1/STAT1/STAT3"
"Calcineurin","CDK3","JAK1/STAT1/STAT3"
"Calcineurin","GRB2","JAK1/STAT1/STAT3"
"Calcineurin","FGFR1","JAK1/STAT1/STAT3"
"Calcineurin","PRKAA1","JAK1/STAT1/STAT3"
"Calcineurin","ADRB2","JAK1/STAT1/STAT3"
"Calcineurin","TRAF6","JAK1/STAT1/STAT3"
"Calcineurin","FADD","JAK1/STAT1/STAT3"
"Calcineurin","SHC1","JAK1/STAT1/STAT3"
"Calcineurin","SKI","JAK1/STAT1/STAT3"
"Calcineurin","AXIN1","JAK1/STAT1/STAT3"
"Calcineurin","CDK6","JAK1/STAT1/STAT3"
"Calcineurin","RXRA","JAK1/STAT1/STAT3"
"Calcineurin","AMOTL2","JAK1/STAT1/STAT3"
"Calcineurin","CDC25C","JAK1/STAT1/STAT3"
"Calcineurin","FAS","JAK1/STAT1/STAT3"
"Calcineurin","HES1","JAK1/STAT1/STAT3"
"Calcineurin","BRAF","JAK1/STAT1/STAT3"
"Calcineurin","NR3C1","JAK1/STAT1/STAT3"
"Calcineurin","FAM83G","JAK1/STAT1/STAT3"
"Calcineurin","PIK3CG","JAK1/STAT1/STAT3"
"Calcineurin","RCAN1","JAK1/STAT1/STAT3"
"Calcineurin","TRIP13","JAK1/STAT1/STAT3"
"Calcineurin","VAV2","JAK1/STAT1/STAT3"
"Calcineurin","APC","JAK1/STAT1/STAT3"
"Calcineurin","MAP4K2","JAK1/STAT1/STAT3"
"Calcineurin","MAPK3","CDCA7"
"Calcineurin","IRAK1","CDCA7"
"Calcineurin","ATM","CDCA7"
"Calcineurin","GSK3A","CDCA7"
"Calcineurin","DAB2IP","CDCA7"
"Calcineurin","RAF1","CDCA7"
"Calcineurin","CDK4","CDCA7"
"Calcineurin","CDK1","CDCA7"
"Calcineurin","ERK1/2","CDCA7"
"Calcineurin","Gbeta","CDCA7"
"Calcineurin","LCK","CDCA7"
"Calcineurin","RAC1","CDCA7"
"Calcineurin","ABL1","CDCA7"
"Calcineurin","CDK2","CDCA7"
"Calcineurin","CHEK1","CDCA7"
"Calcineurin","VAV1","CDCA7"
"Calcineurin","GSK3B","CDCA7"
"Calcineurin","EGFR","CDCA7"
"Calcineurin","PPP1R2","CDCA7"
"Calcineurin","CyclinE/CDK2","CDCA7"
"Calcineurin","RIPK1","CDCA7"
"Calcineurin","ERBB2","CDCA7"
"Calcineurin","YAP1","CDCA7"
"Calcineurin","CDK3","CDCA7"
"Calcineurin","GRB2","CDCA7"
"Calcineurin","FGFR1","CDCA7"
"Calcineurin","PRKAA1","CDCA7"
"Calcineurin","ADRB2","CDCA7"
"Calcineurin","TRAF6","CDCA7"
"Calcineurin","FADD","CDCA7"
"Calcineurin","SHC1","CDCA7"
"Calcineurin","SKI","CDCA7"
"Calcineurin","AXIN1","CDCA7"
"Calcineurin","CDK6","CDCA7"
"Calcineurin","RXRA","CDCA7"
"Calcineurin","AMOTL2","CDCA7"
"Calcineurin","CDC25C","CDCA7"
"Calcineurin","FAS","CDCA7"
"Calcineurin","HES1","CDCA7"
"Calcineurin","BRAF","CDCA7"
"Calcineurin","NR3C1","CDCA7"
"Calcineurin","FAM83G","CDCA7"
"Calcineurin","PIK3CG","CDCA7"
"Calcineurin","RCAN1","CDCA7"
"Calcineurin","TRIP13","CDCA7"
"Calcineurin","VAV2","CDCA7"
"Calcineurin","APC","CDCA7"
"Calcineurin","MAP4K2","CDCA7"
"Calcineurin","MAPK3","CIR1"
"Calcineurin","IRAK1","CIR1"
"Calcineurin","ATM","CIR1"
"Calcineurin","GSK3A","CIR1"
"Calcineurin","DAB2IP","CIR1"
"Calcineurin","RAF1","CIR1"
"Calcineurin","CDK4","CIR1"
"Calcineurin","CDK1","CIR1"
"Calcineurin","ERK1/2","CIR1"
"Calcineurin","Gbeta","CIR1"
"Calcineurin","LCK","CIR1"
"Calcineurin","RAC1","CIR1"
"Calcineurin","ABL1","CIR1"
"Calcineurin","CDK2","CIR1"
"Calcineurin","CHEK1","CIR1"
"Calcineurin","VAV1","CIR1"
"Calcineurin","GSK3B","CIR1"
"Calcineurin","EGFR","CIR1"
"Calcineurin","PPP1R2","CIR1"
"Calcineurin","CyclinE/CDK2","CIR1"
"Calcineurin","RIPK1","CIR1"
"Calcineurin","ERBB2","CIR1"
"Calcineurin","YAP1","CIR1"
"Calcineurin","CDK3","CIR1"
"Calcineurin","GRB2","CIR1"
"Calcineurin","FGFR1","CIR1"
"Calcineurin","PRKAA1","CIR1"
"Calcineurin","ADRB2","CIR1"
"Calcineurin","TRAF6","CIR1"
"Calcineurin","FADD","CIR1"
"Calcineurin","SHC1","CIR1"
"Calcineurin","SKI","CIR1"
"Calcineurin","AXIN1","CIR1"
"Calcineurin","CDK6","CIR1"
"Calcineurin","RXRA","CIR1"
"Calcineurin","AMOTL2","CIR1"
"Calcineurin","CDC25C","CIR1"
"Calcineurin","FAS","CIR1"
"Calcineurin","HES1","CIR1"
"Calcineurin","BRAF","CIR1"
"Calcineurin","NR3C1","CIR1"
"Calcineurin","FAM83G","CIR1"
"Calcineurin","PIK3CG","CIR1"
"Calcineurin","RCAN1","CIR1"
"Calcineurin","TRIP13","CIR1"
"Calcineurin","VAV2","CIR1"
"Calcineurin","APC","CIR1"
"Calcineurin","MAP4K2","CIR1"
"Calcineurin","MAPK3","KCNN1"
"Calcineurin","IRAK1","KCNN1"
"Calcineurin","ATM","KCNN1"
"Calcineurin","GSK3A","KCNN1"
"Calcineurin","DAB2IP","KCNN1"
"Calcineurin","RAF1","KCNN1"
"Calcineurin","CDK4","KCNN1"
"Calcineurin","CDK1","KCNN1"
"Calcineurin","ERK1/2","KCNN1"
"Calcineurin","Gbeta","KCNN1"
"Calcineurin","LCK","KCNN1"
"Calcineurin","RAC1","KCNN1"
"Calcineurin","ABL1","KCNN1"
"Calcineurin","CDK2","KCNN1"
"Calcineurin","CHEK1","KCNN1"
"Calcineurin","VAV1","KCNN1"
"Calcineurin","GSK3B","KCNN1"
"Calcineurin","PPP1R2","KCNN1"
"Calcineurin","CyclinE/CDK2","KCNN1"
"Calcineurin","RIPK1","KCNN1"
"Calcineurin","ERBB2","KCNN1"
"Calcineurin","YAP1","KCNN1"
"Calcineurin","CDK3","KCNN1"
"Calcineurin","GRB2","KCNN1"
"Calcineurin","FGFR1","KCNN1"
"Calcineurin","PRKAA1","KCNN1"
"Calcineurin","ADRB2","KCNN1"
"Calcineurin","TRAF6","KCNN1"
"Calcineurin","FADD","KCNN1"
"Calcineurin","SHC1","KCNN1"
"Calcineurin","SKI","KCNN1"
"Calcineurin","AXIN1","KCNN1"
"Calcineurin","CDK6","KCNN1"
"Calcineurin","RXRA","KCNN1"
"Calcineurin","AMOTL2","KCNN1"
"Calcineurin","CDC25C","KCNN1"
"Calcineurin","FAS","KCNN1"
"Calcineurin","HES1","KCNN1"
"Calcineurin","BRAF","KCNN1"
"Calcineurin","NR3C1","KCNN1"
"Calcineurin","FAM83G","KCNN1"
"Calcineurin","PIK3CG","KCNN1"
"Calcineurin","RCAN1","KCNN1"
"Calcineurin","TRIP13","KCNN1"
"Calcineurin","VAV2","KCNN1"
"Calcineurin","APC","KCNN1"
"Calcineurin","MAP4K2","KCNN1"
"Calcineurin","MAPK3","MGA"
"Calcineurin","IRAK1","MGA"
"Calcineurin","ATM","MGA"
"Calcineurin","GSK3A","MGA"
"Calcineurin","DAB2IP","MGA"
"Calcineurin","RAF1","MGA"
"Calcineurin","CDK4","MGA"
"Calcineurin","CDK1","MGA"
"Calcineurin","ERK1/2","MGA"
"Calcineurin","Gbeta","MGA"
"Calcineurin","LCK","MGA"
"Calcineurin","RAC1","MGA"
"Calcineurin","ABL1","MGA"
"Calcineurin","CDK2","MGA"
"Calcineurin","CHEK1","MGA"
"Calcineurin","VAV1","MGA"
"Calcineurin","GSK3B","MGA"
"Calcineurin","EGFR","MGA"
"Calcineurin","PPP1R2","MGA"
"Calcineurin","CyclinE/CDK2","MGA"
"Calcineurin","RIPK1","MGA"
"Calcineurin","ERBB2","MGA"
"Calcineurin","YAP1","MGA"
"Calcineurin","CDK3","MGA"
"Calcineurin","GRB2","MGA"
"Calcineurin","FGFR1","MGA"
"Calcineurin","PRKAA1","MGA"
"Calcineurin","ADRB2","MGA"
"Calcineurin","TRAF6","MGA"
"Calcineurin","FADD","MGA"
"Calcineurin","SHC1","MGA"
"Calcineurin","SKI","MGA"
"Calcineurin","AXIN1","MGA"
"Calcineurin","CDK6","MGA"
"Calcineurin","RXRA","MGA"
"Calcineurin","AMOTL2","MGA"
"Calcineurin","CDC25C","MGA"
"Calcineurin","FAS","MGA"
"Calcineurin","HES1","MGA"
"Calcineurin","BRAF","MGA"
"Calcineurin","NR3C1","MGA"
"Calcineurin","FAM83G","MGA"
"Calcineurin","PIK3CG","MGA"
"Calcineurin","RCAN1","MGA"
"Calcineurin","TRIP13","MGA"
"Calcineurin","VAV2","MGA"
"Calcineurin","APC","MGA"
"Calcineurin","MAP4K2","MGA"
"Calcineurin","MAPK3","MXI1"
"Calcineurin","IRAK1","MXI1"
"Calcineurin","ATM","MXI1"
"Calcineurin","GSK3A","MXI1"
"Calcineurin","DAB2IP","MXI1"
"Calcineurin","RAF1","MXI1"
"Calcineurin","CDK4","MXI1"
"Calcineurin","CDK1","MXI1"
"Calcineurin","ERK1/2","MXI1"
"Calcineurin","Gbeta","MXI1"
"Calcineurin","LCK","MXI1"
"Calcineurin","RAC1","MXI1"
"Calcineurin","ABL1","MXI1"
"Calcineurin","CDK2","MXI1"
"Calcineurin","CHEK1","MXI1"
"Calcineurin","VAV1","MXI1"
"Calcineurin","GSK3B","MXI1"
"Calcineurin","EGFR","MXI1"
"Calcineurin","PPP1R2","MXI1"
"Calcineurin","CyclinE/CDK2","MXI1"
"Calcineurin","RIPK1","MXI1"
"Calcineurin","ERBB2","MXI1"
"Calcineurin","YAP1","MXI1"
"Calcineurin","CDK3","MXI1"
"Calcineurin","GRB2","MXI1"
"Calcineurin","FGFR1","MXI1"
"Calcineurin","PRKAA1","MXI1"
"Calcineurin","ADRB2","MXI1"
"Calcineurin","TRAF6","MXI1"
"Calcineurin","FADD","MXI1"
"Calcineurin","SHC1","MXI1"
"Calcineurin","SKI","MXI1"
"Calcineurin","AXIN1","MXI1"
"Calcineurin","CDK6","MXI1"
"Calcineurin","RXRA","MXI1"
"Calcineurin","AMOTL2","MXI1"
"Calcineurin","CDC25C","MXI1"
"Calcineurin","FAS","MXI1"
"Calcineurin","HES1","MXI1"
"Calcineurin","BRAF","MXI1"
"Calcineurin","NR3C1","MXI1"
"Calcineurin","FAM83G","MXI1"
"Calcineurin","PIK3CG","MXI1"
"Calcineurin","RCAN1","MXI1"
"Calcineurin","TRIP13","MXI1"
"Calcineurin","VAV2","MXI1"
"Calcineurin","APC","MXI1"
"Calcineurin","MAP4K2","MXI1"
"Calcineurin","MAPK3","RIF1"
"Calcineurin","IRAK1","RIF1"
"Calcineurin","ATM","RIF1"
"Calcineurin","GSK3A","RIF1"
"Calcineurin","DAB2IP","RIF1"
"Calcineurin","RAF1","RIF1"
"Calcineurin","CDK4","RIF1"
"Calcineurin","CDK1","RIF1"
"Calcineurin","ERK1/2","RIF1"
"Calcineurin","Gbeta","RIF1"
"Calcineurin","LCK","RIF1"
"Calcineurin","RAC1","RIF1"
"Calcineurin","ABL1","RIF1"
"Calcineurin","CDK2","RIF1"
"Calcineurin","CHEK1","RIF1"
"Calcineurin","VAV1","RIF1"
"Calcineurin","GSK3B","RIF1"
"Calcineurin","EGFR","RIF1"
"Calcineurin","PPP1R2","RIF1"
"Calcineurin","CyclinE/CDK2","RIF1"
"Calcineurin","RIPK1","RIF1"
"Calcineurin","ERBB2","RIF1"
"Calcineurin","YAP1","RIF1"
"Calcineurin","CDK3","RIF1"
"Calcineurin","GRB2","RIF1"
"Calcineurin","FGFR1","RIF1"
"Calcineurin","PRKAA1","RIF1"
"Calcineurin","ADRB2","RIF1"
"Calcineurin","TRAF6","RIF1"
"Calcineurin","FADD","RIF1"
"Calcineurin","SHC1","RIF1"
"Calcineurin","SKI","RIF1"
"Calcineurin","AXIN1","RIF1"
"Calcineurin","CDK6","RIF1"
"Calcineurin","RXRA","RIF1"
"Calcineurin","AMOTL2","RIF1"
"Calcineurin","CDC25C","RIF1"
"Calcineurin","FAS","RIF1"
"Calcineurin","HES1","RIF1"
"Calcineurin","BRAF","RIF1"
"Calcineurin","NR3C1","RIF1"
"Calcineurin","FAM83G","RIF1"
"Calcineurin","PIK3CG","RIF1"
"Calcineurin","RCAN1","RIF1"
"Calcineurin","TRIP13","RIF1"
"Calcineurin","VAV2","RIF1"
"Calcineurin","APC","RIF1"
"Calcineurin","MAP4K2","RIF1"
"Calcineurin","MAPK3","RELB"
"Calcineurin","IRAK1","RELB"
"Calcineurin","ATM","RELB"
"Calcineurin","GSK3A","RELB"
"Calcineurin","DAB2IP","RELB"
"Calcineurin","RAF1","RELB"
"Calcineurin","CDK4","RELB"
"Calcineurin","CDK1","RELB"
"Calcineurin","ERK1/2","RELB"
"Calcineurin","Gbeta","RELB"
"Calcineurin","LCK","RELB"
"Calcineurin","RAC1","RELB"
"Calcineurin","ABL1","RELB"
"Calcineurin","CDK2","RELB"
"Calcineurin","CHEK1","RELB"
"Calcineurin","VAV1","RELB"
"Calcineurin","GSK3B","RELB"
"Calcineurin","EGFR","RELB"
"Calcineurin","PPP1R2","RELB"
"Calcineurin","CyclinE/CDK2","RELB"
"Calcineurin","RIPK1","RELB"
"Calcineurin","ERBB2","RELB"
"Calcineurin","YAP1","RELB"
"Calcineurin","CDK3","RELB"
"Calcineurin","GRB2","RELB"
"Calcineurin","FGFR1","RELB"
"Calcineurin","PRKAA1","RELB"
"Calcineurin","ADRB2","RELB"
"Calcineurin","TRAF6","RELB"
"Calcineurin","FADD","RELB"
"Calcineurin","SHC1","RELB"
"Calcineurin","SKI","RELB"
"Calcineurin","AXIN1","RELB"
"Calcineurin","CDK6","RELB"
"Calcineurin","RXRA","RELB"
"Calcineurin","AMOTL2","RELB"
"Calcineurin","CDC25C","RELB"
"Calcineurin","FAS","RELB"
"Calcineurin","HES1","RELB"
"Calcineurin","BRAF","RELB"
"Calcineurin","NR3C1","RELB"
"Calcineurin","FAM83G","RELB"
"Calcineurin","PIK3CG","RELB"
"Calcineurin","TRIP13","RELB"
"Calcineurin","VAV2","RELB"
"Calcineurin","APC","RELB"
"Calcineurin","MAP4K2","RELB"
"Calcineurin","MAPK3","NR1H2"
"Calcineurin","IRAK1","NR1H2"
"Calcineurin","ATM","NR1H2"
"Calcineurin","GSK3A","NR1H2"
"Calcineurin","DAB2IP","NR1H2"
"Calcineurin","RAF1","NR1H2"
"Calcineurin","CDK4","NR1H2"
"Calcineurin","CDK1","NR1H2"
"Calcineurin","ERK1/2","NR1H2"
"Calcineurin","Gbeta","NR1H2"
"Calcineurin","LCK","NR1H2"
"Calcineurin","RAC1","NR1H2"
"Calcineurin","ABL1","NR1H2"
"Calcineurin","CDK2","NR1H2"
"Calcineurin","CHEK1","NR1H2"
"Calcineurin","VAV1","NR1H2"
"Calcineurin","GSK3B","NR1H2"
"Calcineurin","EGFR","NR1H2"
"Calcineurin","PPP1R2","NR1H2"
"Calcineurin","CyclinE/CDK2","NR1H2"
"Calcineurin","RIPK1","NR1H2"
"Calcineurin","ERBB2","NR1H2"
"Calcineurin","YAP1","NR1H2"
"Calcineurin","CDK3","NR1H2"
"Calcineurin","GRB2","NR1H2"
"Calcineurin","FGFR1","NR1H2"
"Calcineurin","PRKAA1","NR1H2"
"Calcineurin","ADRB2","NR1H2"
"Calcineurin","TRAF6","NR1H2"
"Calcineurin","FADD","NR1H2"
"Calcineurin","SHC1","NR1H2"
"Calcineurin","SKI","NR1H2"
"Calcineurin","AXIN1","NR1H2"
"Calcineurin","CDK6","NR1H2"
"Calcineurin","AMOTL2","NR1H2"
"Calcineurin","CDC25C","NR1H2"
"Calcineurin","FAS","NR1H2"
"Calcineurin","HES1","NR1H2"
"Calcineurin","BRAF","NR1H2"
"Calcineurin","NR3C1","NR1H2"
"Calcineurin","FAM83G","NR1H2"
"Calcineurin","PIK3CG","NR1H2"
"Calcineurin","RCAN1","NR1H2"
"Calcineurin","TRIP13","NR1H2"
"Calcineurin","VAV2","NR1H2"
"Calcineurin","APC","NR1H2"
"Calcineurin","MAP4K2","NR1H2"
"Calcineurin","MAPK3","SCAMP1"
"Calcineurin","IRAK1","SCAMP1"
"Calcineurin","ATM","SCAMP1"
"Calcineurin","GSK3A","SCAMP1"
"Calcineurin","DAB2IP","SCAMP1"
"Calcineurin","RAF1","SCAMP1"
"Calcineurin","CDK4","SCAMP1"
"Calcineurin","CDK1","SCAMP1"
"Calcineurin","ERK1/2","SCAMP1"
"Calcineurin","Gbeta","SCAMP1"
"Calcineurin","LCK","SCAMP1"
"Calcineurin","RAC1","SCAMP1"
"Calcineurin","ABL1","SCAMP1"
"Calcineurin","CDK2","SCAMP1"
"Calcineurin","CHEK1","SCAMP1"
"Calcineurin","VAV1","SCAMP1"
"Calcineurin","GSK3B","SCAMP1"
"Calcineurin","PPP1R2","SCAMP1"
"Calcineurin","CyclinE/CDK2","SCAMP1"
"Calcineurin","RIPK1","SCAMP1"
"Calcineurin","ERBB2","SCAMP1"
"Calcineurin","YAP1","SCAMP1"
"Calcineurin","CDK3","SCAMP1"
"Calcineurin","GRB2","SCAMP1"
"Calcineurin","FGFR1","SCAMP1"
"Calcineurin","PRKAA1","SCAMP1"
"Calcineurin","ADRB2","SCAMP1"
"Calcineurin","TRAF6","SCAMP1"
"Calcineurin","FADD","SCAMP1"
"Calcineurin","SHC1","SCAMP1"
"Calcineurin","SKI","SCAMP1"
"Calcineurin","AXIN1","SCAMP1"
"Calcineurin","CDK6","SCAMP1"
"Calcineurin","RXRA","SCAMP1"
"Calcineurin","AMOTL2","SCAMP1"
"Calcineurin","CDC25C","SCAMP1"
"Calcineurin","FAS","SCAMP1"
"Calcineurin","HES1","SCAMP1"
"Calcineurin","BRAF","SCAMP1"
"Calcineurin","NR3C1","SCAMP1"
"Calcineurin","FAM83G","SCAMP1"
"Calcineurin","PIK3CG","SCAMP1"
"Calcineurin","RCAN1","SCAMP1"
"Calcineurin","TRIP13","SCAMP1"
"Calcineurin","VAV2","SCAMP1"
"Calcineurin","APC","SCAMP1"
"Calcineurin","MAP4K2","SCAMP1"
"Calcineurin","MAPK3","PIK3C2B"
"Calcineurin","IRAK1","PIK3C2B"
"Calcineurin","ATM","PIK3C2B"
"Calcineurin","GSK3A","PIK3C2B"
"Calcineurin","DAB2IP","PIK3C2B"
"Calcineurin","RAF1","PIK3C2B"
"Calcineurin","CDK4","PIK3C2B"
"Calcineurin","CDK1","PIK3C2B"
"Calcineurin","ERK1/2","PIK3C2B"
"Calcineurin","Gbeta","PIK3C2B"
"Calcineurin","LCK","PIK3C2B"
"Calcineurin","RAC1","PIK3C2B"
"Calcineurin","ABL1","PIK3C2B"
"Calcineurin","CDK2","PIK3C2B"
"Calcineurin","CHEK1","PIK3C2B"
"Calcineurin","VAV1","PIK3C2B"
"Calcineurin","GSK3B","PIK3C2B"
"Calcineurin","PPP1R2","PIK3C2B"
"Calcineurin","CyclinE/CDK2","PIK3C2B"
"Calcineurin","RIPK1","PIK3C2B"
"Calcineurin","ERBB2","PIK3C2B"
"Calcineurin","YAP1","PIK3C2B"
"Calcineurin","CDK3","PIK3C2B"
"Calcineurin","GRB2","PIK3C2B"
"Calcineurin","FGFR1","PIK3C2B"
"Calcineurin","PRKAA1","PIK3C2B"
"Calcineurin","ADRB2","PIK3C2B"
"Calcineurin","TRAF6","PIK3C2B"
"Calcineurin","FADD","PIK3C2B"
"Calcineurin","SHC1","PIK3C2B"
"Calcineurin","SKI","PIK3C2B"
"Calcineurin","AXIN1","PIK3C2B"
"Calcineurin","CDK6","PIK3C2B"
"Calcineurin","RXRA","PIK3C2B"
"Calcineurin","AMOTL2","PIK3C2B"
"Calcineurin","CDC25C","PIK3C2B"
"Calcineurin","FAS","PIK3C2B"
"Calcineurin","HES1","PIK3C2B"
"Calcineurin","BRAF","PIK3C2B"
"Calcineurin","NR3C1","PIK3C2B"
"Calcineurin","FAM83G","PIK3C2B"
"Calcineurin","PIK3CG","PIK3C2B"
"Calcineurin","RCAN1","PIK3C2B"
"Calcineurin","TRIP13","PIK3C2B"
"Calcineurin","VAV2","PIK3C2B"
"Calcineurin","APC","PIK3C2B"
"Calcineurin","MAP4K2","PIK3C2B"
"Calcineurin","MAPK3","MNT"
"Calcineurin","IRAK1","MNT"
"Calcineurin","ATM","MNT"
"Calcineurin","GSK3A","MNT"
"Calcineurin","DAB2IP","MNT"
"Calcineurin","RAF1","MNT"
"Calcineurin","CDK4","MNT"
"Calcineurin","CDK1","MNT"
"Calcineurin","ERK1/2","MNT"
"Calcineurin","Gbeta","MNT"
"Calcineurin","LCK","MNT"
"Calcineurin","RAC1","MNT"
"Calcineurin","ABL1","MNT"
"Calcineurin","CDK2","MNT"
"Calcineurin","CHEK1","MNT"
"Calcineurin","VAV1","MNT"
"Calcineurin","GSK3B","MNT"
"Calcineurin","EGFR","MNT"
"Calcineurin","PPP1R2","MNT"
"Calcineurin","CyclinE/CDK2","MNT"
"Calcineurin","RIPK1","MNT"
"Calcineurin","ERBB2","MNT"
"Calcineurin","YAP1","MNT"
"Calcineurin","CDK3","MNT"
"Calcineurin","GRB2","MNT"
"Calcineurin","FGFR1","MNT"
"Calcineurin","PRKAA1","MNT"
"Calcineurin","ADRB2","MNT"
"Calcineurin","TRAF6","MNT"
"Calcineurin","FADD","MNT"
"Calcineurin","SHC1","MNT"
"Calcineurin","SKI","MNT"
"Calcineurin","AXIN1","MNT"
"Calcineurin","CDK6","MNT"
"Calcineurin","RXRA","MNT"
"Calcineurin","AMOTL2","MNT"
"Calcineurin","CDC25C","MNT"
"Calcineurin","FAS","MNT"
"Calcineurin","HES1","MNT"
"Calcineurin","BRAF","MNT"
"Calcineurin","NR3C1","MNT"
"Calcineurin","FAM83G","MNT"
"Calcineurin","PIK3CG","MNT"
"Calcineurin","RCAN1","MNT"
"Calcineurin","TRIP13","MNT"
"Calcineurin","VAV2","MNT"
"Calcineurin","APC","MNT"
"Calcineurin","MAP4K2","MNT"
"Calcineurin","MAPK3","PHB"
"Calcineurin","IRAK1","PHB"
"Calcineurin","ATM","PHB"
"Calcineurin","GSK3A","PHB"
"Calcineurin","DAB2IP","PHB"
"Calcineurin","RAF1","PHB"
"Calcineurin","CDK4","PHB"
"Calcineurin","CDK1","PHB"
"Calcineurin","ERK1/2","PHB"
"Calcineurin","Gbeta","PHB"
"Calcineurin","LCK","PHB"
"Calcineurin","RAC1","PHB"
"Calcineurin","ABL1","PHB"
"Calcineurin","CDK2","PHB"
"Calcineurin","CHEK1","PHB"
"Calcineurin","VAV1","PHB"
"Calcineurin","GSK3B","PHB"
"Calcineurin","EGFR","PHB"
"Calcineurin","PPP1R2","PHB"
"Calcineurin","CyclinE/CDK2","PHB"
"Calcineurin","RIPK1","PHB"
"Calcineurin","ERBB2","PHB"
"Calcineurin","YAP1","PHB"
"Calcineurin","CDK3","PHB"
"Calcineurin","GRB2","PHB"
"Calcineurin","FGFR1","PHB"
"Calcineurin","PRKAA1","PHB"
"Calcineurin","ADRB2","PHB"
"Calcineurin","TRAF6","PHB"
"Calcineurin","FADD","PHB"
"Calcineurin","SHC1","PHB"
"Calcineurin","SKI","PHB"
"Calcineurin","AXIN1","PHB"
"Calcineurin","CDK6","PHB"
"Calcineurin","RXRA","PHB"
"Calcineurin","AMOTL2","PHB"
"Calcineurin","CDC25C","PHB"
"Calcineurin","FAS","PHB"
"Calcineurin","HES1","PHB"
"Calcineurin","BRAF","PHB"
"Calcineurin","NR3C1","PHB"
"Calcineurin","FAM83G","PHB"
"Calcineurin","PIK3CG","PHB"
"Calcineurin","TRIP13","PHB"
"Calcineurin","VAV2","PHB"
"Calcineurin","APC","PHB"
"Calcineurin","MAP4K2","PHB"
