"1","2","3"
"HSP90AB1","CDKN1B","FLI1"
"HSP90AB1","RXRA","FLI1"
"HSP90AB1","RB1","FLI1"
"HSP90AB1","SMAD1","FLI1"
"HSP90AB1","STING1","FLI1"
"HSP90AB1","BANP","FLI1"
"HSP90AB1","AKT2","AKT3"
"HSP90AB1","RPS6KB1","AKT3"
"HSP90AB1","MAP2K1","AKT3"
"HSP90AB1","IKBKB","AKT3"
"HSP90AB1","PIK3CA","AKT3"
"HSP90AB1","NFKBIA","AKT3"
"HSP90AB1","PTK6","AKT3"
"HSP90AB1","IKBKE","AKT3"
"HSP90AB1","CREBBP","AKT3"
"HSP90AB1","RELA","AKT3"
"HSP90AB1","CDC25C","AKT3"
"HSP90AB1","PTK2B","AKT3"
"HSP90AB1","IRS1","MYOD1"
"HSP90AB1","PTK6","MYOD1"
"HSP90AB1","TBK1","MYOD1"
"HSP90AB1","MEK1/2","MYOD1"
"HSP90AB1","PI3K","MYOD1"
"HSP90AB1","RELA","MYOD1"
"HSP90AB1","CDKN1B","MYOD1"
"HSP90AB1","RB1","MYOD1"
"HSP90AB1","SMAD1","MYOD1"
"HSP90AB1","TRIM28","MYOD1"
"HSP90AB1","BANP","MYOD1"
"HSP90AB1","NFKBIA","CTNNB1"
"HSP90AB1","PTK6","CTNNB1"
"HSP90AB1","TBK1","CTNNB1"
"HSP90AB1","RELA","CTNNB1"
"HSP90AB1","PTK2B","CTNNB1"
"HSP90AB1","KDR","CTNNB1"
"HSP90AB1","TRIM28","CTNNB1"
"HSP90AB1","BANP","CTNNB1"
"HSP90AB1","IRS1","HDAC5"
"HSP90AB1","NFKBIA","HDAC5"
"HSP90AB1","MEK1/2","HDAC5"
"HSP90AB1","PI3K","HDAC5"
"HSP90AB1","RELA","HDAC5"
"HSP90AB1","PTK2B","HDAC5"
"HSP90AB1","BRAF","HDAC5"
"HSP90AB1","RPS6KB1","SYK"
"HSP90AB1","IKBKB","SYK"
"HSP90AB1","PIK3CA","SYK"
"HSP90AB1","PTK6","SYK"
"HSP90AB1","IKBKE","SYK"
"HSP90AB1","PAK1","SYK"
"HSP90AB1","TBK1","SYK"
"HSP90AB1","BRAF","SYK"
"HSP90AB1","STING1","SYK"
"HSP90AB1","JAK2","SRC"
"HSP90AB1","PAK1","SRC"
"HSP90AB1","MEK1/2","SRC"
"HSP90AB1","JAK1","SRC"
"HSP90AB1","CDKN1B","SRC"
"HSP90AB1","RXRA","SRC"
"HSP90AB1","RB1","SRC"
"HSP90AB1","CDC25C","SRC"
"HSP90AB1","AIIB/b3 integrin","SRC"
"HSP90AB1","PTK2B","SRC"
"HSP90AB1","KDR","SRC"
"HSP90AB1","PIK3CG","SRC"
"HSP90AB1","TRIM28","SRC"
"HSP90AB1","AKT1","GSK3B/Axin/APC"
"HSP90AB1","RPS6KB1","GSK3B/Axin/APC"
"HSP90AB1","MAP2K1","GSK3B/Axin/APC"
"HSP90AB1","IKBKB","GSK3B/Axin/APC"
"HSP90AB1","IRS1","GSK3B/Axin/APC"
"HSP90AB1","PIK3CA","GSK3B/Axin/APC"
"HSP90AB1","A6/b4 integrin","GSK3B/Axin/APC"
"HSP90AB1","NFKBIA","GSK3B/Axin/APC"
"HSP90AB1","PTK6","GSK3B/Axin/APC"
"HSP90AB1","IKBKE","GSK3B/Axin/APC"
"HSP90AB1","PAK1","GSK3B/Axin/APC"
"HSP90AB1","MEK1/2","GSK3B/Axin/APC"
"HSP90AB1","PTK2B","GSK3B/Axin/APC"
"HSP90AB1","SMAD1","GSK3B/Axin/APC"
"HSP90AB1","TRIM28","GSK3B/Axin/APC"
"HSP90AB1","AKT2","PDGFRB"
"HSP90AB1","IKBKB","PDGFRB"
"HSP90AB1","IRS1","PDGFRB"
"HSP90AB1","A6/b4 integrin","PDGFRB"
"HSP90AB1","PTK6","PDGFRB"
"HSP90AB1","PPP2R5C","PDGFRB"
"HSP90AB1","PAK1","PDGFRB"
"HSP90AB1","CREBBP","PDGFRB"
"HSP90AB1","RELA","PDGFRB"
"HSP90AB1","RB1","PDGFRB"
"HSP90AB1","PTK2B","PDGFRB"
"HSP90AB1","BRAF","PDGFRB"
"HSP90AB1","SMAD1","PDGFRB"
"HSP90AB1","TRIM28","PDGFRB"
"HSP90AB1","BANP","PDGFRB"
"HSP90AB1","AKT1","AKT2"
"HSP90AB1","MAP2K1","AKT2"
"HSP90AB1","IRS1","AKT2"
"HSP90AB1","A6/b4 integrin","AKT2"
"HSP90AB1","PTK6","AKT2"
"HSP90AB1","IKBKE","AKT2"
"HSP90AB1","PAK1","AKT2"
"HSP90AB1","RXRA","AKT2"
"HSP90AB1","PTK2B","AKT2"
"HSP90AB1","SMAD1","AKT2"
"HSP90AB1","TRIM28","AKT2"
"HSP90AB1","AKT2","AKT1"
"HSP90AB1","IKBKB","AKT1"
"HSP90AB1","IRS1","AKT1"
"HSP90AB1","A6/b4 integrin","AKT1"
"HSP90AB1","NFKBIA","AKT1"
"HSP90AB1","PTK6","AKT1"
"HSP90AB1","PPP2R5C","AKT1"
"HSP90AB1","PAK1","AKT1"
"HSP90AB1","CREBBP","AKT1"
"HSP90AB1","MEK1/2","AKT1"
"HSP90AB1","PI3K","AKT1"
"HSP90AB1","RELA","AKT1"
"HSP90AB1","CDKN1B","AKT1"
"HSP90AB1","RB1","AKT1"
"HSP90AB1","CDC25C","AKT1"
"HSP90AB1","KDR","AKT1"
"HSP90AB1","BRAF","AKT1"
"HSP90AB1","STING1","AKT1"
"HSP90AB1","BANP","AKT1"
"HSP90AB1","AKT1","GSK3A"
"HSP90AB1","RPS6KB1","GSK3A"
"HSP90AB1","MAP2K1","GSK3A"
"HSP90AB1","IKBKB","GSK3A"
"HSP90AB1","PIK3CA","GSK3A"
"HSP90AB1","NFKBIA","GSK3A"
"HSP90AB1","IKBKE","GSK3A"
"HSP90AB1","PPP2R5C","GSK3A"
"HSP90AB1","PAK1","GSK3A"
"HSP90AB1","CREBBP","GSK3A"
"HSP90AB1","CDKN1B","GSK3A"
"HSP90AB1","RXRA","GSK3A"
"HSP90AB1","CDC25C","GSK3A"
"HSP90AB1","PTK2B","GSK3A"
"HSP90AB1","SMAD1","GSK3A"
"HSP90AB1","TRIM28","GSK3A"
"HSP90AB1","BANP","GSK3A"
"HSP90AB1","AKT2","STK11"
"HSP90AB1","AKT1","STK11"
"HSP90AB1","AKT","STK11"
"HSP90AB1","IKBKB","STK11"
"HSP90AB1","PIK3CA","STK11"
"HSP90AB1","A6/b4 integrin","STK11"
"HSP90AB1","NFKBIA","STK11"
"HSP90AB1","PTK6","STK11"
"HSP90AB1","IKBKE","STK11"
"HSP90AB1","PPP2R5C","STK11"
"HSP90AB1","PAK1","STK11"
"HSP90AB1","TBK1","STK11"
"HSP90AB1","CREBBP","STK11"
"HSP90AB1","RELA","STK11"
"HSP90AB1","CDKN1B","STK11"
"HSP90AB1","RXRA","STK11"
"HSP90AB1","RB1","STK11"
"HSP90AB1","CDC25C","STK11"
"HSP90AB1","KDR","STK11"
"HSP90AB1","BRAF","STK11"
"HSP90AB1","SMAD1","STK11"
"HSP90AB1","STING1","STK11"
"HSP90AB1","BANP","STK11"
"HSP90AB1","AKT2","RAF1"
"HSP90AB1","RPS6KB1","RAF1"
"HSP90AB1","MAP2K1","RAF1"
"HSP90AB1","AKT","RAF1"
"HSP90AB1","IKBKB","RAF1"
"HSP90AB1","PIK3CA","RAF1"
"HSP90AB1","NFKBIA","RAF1"
"HSP90AB1","PTK6","RAF1"
"HSP90AB1","IKBKE","RAF1"
"HSP90AB1","PAK1","RAF1"
"HSP90AB1","MEK1/2","RAF1"
"HSP90AB1","PI3K","RAF1"
"HSP90AB1","RELA","RAF1"
"HSP90AB1","CDKN1B","RAF1"
"HSP90AB1","RXRA","RAF1"
"HSP90AB1","CDC25C","RAF1"
"HSP90AB1","PTK2B","RAF1"
"HSP90AB1","KDR","RAF1"
"HSP90AB1","SMAD1","RAF1"
"HSP90AB1","TRIM28","RAF1"
"HSP90AB1","STING1","RAF1"
"HSP90AB1","BANP","RAF1"
"HSP90AB1","AKT2","LYN"
"HSP90AB1","AKT1","LYN"
"HSP90AB1","MAP2K1","LYN"
"HSP90AB1","AKT","LYN"
"HSP90AB1","IKBKB","LYN"
"HSP90AB1","IRS1","LYN"
"HSP90AB1","A6/b4 integrin","LYN"
"HSP90AB1","PTK6","LYN"
"HSP90AB1","IKBKE","LYN"
"HSP90AB1","PPP2R5C","LYN"
"HSP90AB1","TBK1","LYN"
"HSP90AB1","CREBBP","LYN"
"HSP90AB1","MEK1/2","LYN"
"HSP90AB1","PI3K","LYN"
"HSP90AB1","RELA","LYN"
"HSP90AB1","CDKN1B","LYN"
"HSP90AB1","RB1","LYN"
"HSP90AB1","PTK2B","LYN"
"HSP90AB1","BRAF","LYN"
"HSP90AB1","SMAD1","LYN"
"HSP90AB1","TRIM28","LYN"
"HSP90AB1","RPS6KB1","KIT"
"HSP90AB1","NFKBIA","KIT"
"HSP90AB1","MEK1/2","KIT"
"HSP90AB1","PTK2B","KIT"
"HSP90AB1","STING1","KIT"
"HSP90AB1","IRS1","RPS6KB1"
"HSP90AB1","NFKBIA","RPS6KB1"
"HSP90AB1","MEK1/2","RPS6KB1"
"HSP90AB1","RELA","RPS6KB1"
"HSP90AB1","STING1","RPS6KB1"
"HSP90AB1","BANP","RPS6KB1"
"HSP90AB1","AKT1","SP1"
"HSP90AB1","IKBKB","SP1"
"HSP90AB1","NFKBIA","SP1"
"HSP90AB1","IKBKE","SP1"
"HSP90AB1","PPP2R5C","SP1"
"HSP90AB1","TBK1","SP1"
"HSP90AB1","MEK1/2","SP1"
"HSP90AB1","PI3K","SP1"
"HSP90AB1","RELA","SP1"
"HSP90AB1","RB1","SP1"
"HSP90AB1","CDC25C","SP1"
"HSP90AB1","PTK2B","SP1"
"HSP90AB1","BRAF","SP1"
"HSP90AB1","SMAD1","SP1"
"HSP90AB1","TRIM28","SP1"
"HSP90AB1","STING1","SP1"
"HSP90AB1","BANP","SP1"
"HSP90AB1","RPS6KB1","JAK2"
"HSP90AB1","IRS1","JAK2"
"HSP90AB1","A6/b4 integrin","JAK2"
"HSP90AB1","NFKBIA","JAK2"
"HSP90AB1","PTK6","JAK2"
"HSP90AB1","PPP2R5C","JAK2"
"HSP90AB1","TBK1","JAK2"
"HSP90AB1","CREBBP","JAK2"
"HSP90AB1","MEK1/2","JAK2"
"HSP90AB1","PI3K","JAK2"
"HSP90AB1","RXRA","JAK2"
"HSP90AB1","RB1","JAK2"
"HSP90AB1","CDC25C","JAK2"
"HSP90AB1","PTK2B","JAK2"
"HSP90AB1","KDR","JAK2"
"HSP90AB1","TRIM28","JAK2"
"HSP90AB1","BANP","JAK2"
"HSP90AB1","AKT2","MAP2K1"
"HSP90AB1","AKT1","MAP2K1"
"HSP90AB1","AKT","MAP2K1"
"HSP90AB1","IKBKB","MAP2K1"
"HSP90AB1","A6/b4 integrin","MAP2K1"
"HSP90AB1","IKBKE","MAP2K1"
"HSP90AB1","PPP2R5C","MAP2K1"
"HSP90AB1","CREBBP","MAP2K1"
"HSP90AB1","MEK1/2","MAP2K1"
"HSP90AB1","PI3K","MAP2K1"
"HSP90AB1","RELA","MAP2K1"
"HSP90AB1","CDKN1B","MAP2K1"
"HSP90AB1","RB1","MAP2K1"
"HSP90AB1","CDC25C","MAP2K1"
"HSP90AB1","PTK2B","MAP2K1"
"HSP90AB1","BRAF","MAP2K1"
"HSP90AB1","TRIM28","MAP2K1"
"HSP90AB1","AKT2","GSK3B"
"HSP90AB1","AKT1","GSK3B"
"HSP90AB1","MAP2K1","GSK3B"
"HSP90AB1","PIK3CA","GSK3B"
"HSP90AB1","NFKBIA","GSK3B"
"HSP90AB1","PTK6","GSK3B"
"HSP90AB1","IKBKE","GSK3B"
"HSP90AB1","TBK1","GSK3B"
"HSP90AB1","MEK1/2","GSK3B"
"HSP90AB1","PI3K","GSK3B"
"HSP90AB1","CDKN1B","GSK3B"
"HSP90AB1","RXRA","GSK3B"
"HSP90AB1","RB1","GSK3B"
"HSP90AB1","SMAD1","GSK3B"
"HSP90AB1","STING1","GSK3B"
"HSP90AB1","RPS6KB1","INSR"
"HSP90AB1","IRS1","INSR"
"HSP90AB1","A6/b4 integrin","INSR"
"HSP90AB1","NFKBIA","INSR"
"HSP90AB1","IKBKE","INSR"
"HSP90AB1","PAK1","INSR"
"HSP90AB1","TBK1","INSR"
"HSP90AB1","CREBBP","INSR"
"HSP90AB1","PI3K","INSR"
"HSP90AB1","RELA","INSR"
"HSP90AB1","CDKN1B","INSR"
"HSP90AB1","RXRA","INSR"
"HSP90AB1","CDC25C","INSR"
"HSP90AB1","PTK2B","INSR"
"HSP90AB1","KDR","INSR"
"HSP90AB1","BRAF","INSR"
"HSP90AB1","TRIM28","INSR"
"HSP90AB1","STING1","INSR"
"HSP90AB1","BANP","INSR"
"HSP90AB1","RPS6KB1","EGFR"
"HSP90AB1","IKBKB","EGFR"
"HSP90AB1","IRS1","EGFR"
"HSP90AB1","NFKBIA","EGFR"
"HSP90AB1","PPP2R5C","EGFR"
"HSP90AB1","CREBBP","EGFR"
"HSP90AB1","RELA","EGFR"
"HSP90AB1","CDKN1B","EGFR"
"HSP90AB1","RXRA","EGFR"
"HSP90AB1","PTK2B","EGFR"
"HSP90AB1","SMAD1","EGFR"
"HSP90AB1","BANP","EGFR"
"HSP90AB1","RPS6KB1","MAP3K7"
"HSP90AB1","MAP2K1","MAP3K7"
"HSP90AB1","PTK6","MAP3K7"
"HSP90AB1","IKBKE","MAP3K7"
"HSP90AB1","PAK1","MAP3K7"
"HSP90AB1","PI3K","MAP3K7"
"HSP90AB1","CDC25C","MAP3K7"
"HSP90AB1","BRAF","MAP3K7"
"HSP90AB1","SMAD1","MAP3K7"
"HSP90AB1","TRIM28","MAP3K7"
"HSP90AB1","AKT2","AKT"
"HSP90AB1","MAP2K1","AKT"
"HSP90AB1","A6/b4 integrin","AKT"
"HSP90AB1","NFKBIA","AKT"
"HSP90AB1","PTK6","AKT"
"HSP90AB1","PPP2R5C","AKT"
"HSP90AB1","PAK1","AKT"
"HSP90AB1","TBK1","AKT"
"HSP90AB1","MEK1/2","AKT"
"HSP90AB1","PI3K","AKT"
"HSP90AB1","RELA","AKT"
"HSP90AB1","CDKN1B","AKT"
"HSP90AB1","RXRA","AKT"
"HSP90AB1","RB1","AKT"
"HSP90AB1","CDC25C","AKT"
"HSP90AB1","PTK2B","AKT"
"HSP90AB1","BRAF","AKT"
"HSP90AB1","SMAD1","AKT"
"HSP90AB1","STING1","AKT"
"HSP90AB1","BANP","AKT"
"HSP90AB1","RPS6KB1","IKBKB"
"HSP90AB1","AKT","IKBKB"
"HSP90AB1","IRS1","IKBKB"
"HSP90AB1","PIK3CA","IKBKB"
"HSP90AB1","A6/b4 integrin","IKBKB"
"HSP90AB1","PTK6","IKBKB"
"HSP90AB1","IKBKE","IKBKB"
"HSP90AB1","PPP2R5C","IKBKB"
"HSP90AB1","CREBBP","IKBKB"
"HSP90AB1","PI3K","IKBKB"
"HSP90AB1","CDKN1B","IKBKB"
"HSP90AB1","RB1","IKBKB"
"HSP90AB1","PTK2B","IKBKB"
"HSP90AB1","AKT2","HMGA1"
"HSP90AB1","AKT1","HMGA1"
"HSP90AB1","RPS6KB1","HMGA1"
"HSP90AB1","MAP2K1","HMGA1"
"HSP90AB1","IRS1","HMGA1"
"HSP90AB1","A6/b4 integrin","HMGA1"
"HSP90AB1","IKBKE","HMGA1"
"HSP90AB1","PPP2R5C","HMGA1"
"HSP90AB1","TBK1","HMGA1"
"HSP90AB1","CREBBP","HMGA1"
"HSP90AB1","MEK1/2","HMGA1"
"HSP90AB1","PI3K","HMGA1"
"HSP90AB1","RELA","HMGA1"
"HSP90AB1","CDKN1B","HMGA1"
"HSP90AB1","RXRA","HMGA1"
"HSP90AB1","RB1","HMGA1"
"HSP90AB1","CDC25C","HMGA1"
"HSP90AB1","PTK2B","HMGA1"
"HSP90AB1","KDR","HMGA1"
"HSP90AB1","BRAF","HMGA1"
"HSP90AB1","SMAD1","HMGA1"
"HSP90AB1","STING1","HMGA1"
"HSP90AB1","BANP","HMGA1"
"HSP90AB1","AKT2","CBP/p300"
"HSP90AB1","RPS6KB1","CBP/p300"
"HSP90AB1","MAP2K1","CBP/p300"
"HSP90AB1","AKT","CBP/p300"
"HSP90AB1","IKBKB","CBP/p300"
"HSP90AB1","IRS1","CBP/p300"
"HSP90AB1","PIK3CA","CBP/p300"
"HSP90AB1","A6/b4 integrin","CBP/p300"
"HSP90AB1","NFKBIA","CBP/p300"
"HSP90AB1","PPP2R5C","CBP/p300"
"HSP90AB1","TBK1","CBP/p300"
"HSP90AB1","CREBBP","CBP/p300"
"HSP90AB1","PI3K","CBP/p300"
"HSP90AB1","RB1","CBP/p300"
"HSP90AB1","CDC25C","CBP/p300"
"HSP90AB1","PTK2B","CBP/p300"
"HSP90AB1","KDR","CBP/p300"
"HSP90AB1","SMAD1","CBP/p300"
"HSP90AB1","TRIM28","CBP/p300"
"HSP90AB1","STING1","CBP/p300"
"HSP90AB1","IKBKB","NOD2"
"HSP90AB1","A6/b4 integrin","NOD2"
"HSP90AB1","PI3K","NOD2"
"HSP90AB1","CDKN1B","NOD2"
"HSP90AB1","AR","NOD2"
"HSP90AB1","RXRA","NOD2"
"HSP90AB1","KDR","NOD2"
"HSP90AB1","SMAD1","NOD2"
"HSP90AB1","TRIM28","NOD2"
"HSP90AB1","BANP","NOD2"
"HSP90AB1","AKT2","DAB2"
"HSP90AB1","AKT","DAB2"
"HSP90AB1","IKBKB","DAB2"
"HSP90AB1","IRS1","DAB2"
"HSP90AB1","PIK3CA","DAB2"
"HSP90AB1","PTK6","DAB2"
"HSP90AB1","PPP2R5C","DAB2"
"HSP90AB1","MEK1/2","DAB2"
"HSP90AB1","PI3K","DAB2"
"HSP90AB1","RELA","DAB2"
"HSP90AB1","RB1","DAB2"
"HSP90AB1","STING1","DAB2"
"HSP90AB1","AKT1","IRS1"
"HSP90AB1","RPS6KB1","IRS1"
"HSP90AB1","AKT","IRS1"
"HSP90AB1","IKBKB","IRS1"
"HSP90AB1","A6/b4 integrin","IRS1"
"HSP90AB1","PTK6","IRS1"
"HSP90AB1","PPP2R5C","IRS1"
"HSP90AB1","TBK1","IRS1"
"HSP90AB1","CREBBP","IRS1"
"HSP90AB1","MEK1/2","IRS1"
"HSP90AB1","RELA","IRS1"
"HSP90AB1","CDKN1B","IRS1"
"HSP90AB1","RB1","IRS1"
"HSP90AB1","CDC25C","IRS1"
"HSP90AB1","KDR","IRS1"
"HSP90AB1","SMAD1","IRS1"
"HSP90AB1","STING1","IRS1"
"HSP90AB1","AKT1","PIK3CA"
"HSP90AB1","MAP2K1","PIK3CA"
"HSP90AB1","IRS1","PIK3CA"
"HSP90AB1","A6/b4 integrin","PIK3CA"
"HSP90AB1","PPP2R5C","PIK3CA"
"HSP90AB1","PAK1","PIK3CA"
"HSP90AB1","TBK1","PIK3CA"
"HSP90AB1","CREBBP","PIK3CA"
"HSP90AB1","PI3K","PIK3CA"
"HSP90AB1","RELA","PIK3CA"
"HSP90AB1","CDKN1B","PIK3CA"
"HSP90AB1","PTK2B","PIK3CA"
"HSP90AB1","KDR","PIK3CA"
"HSP90AB1","BRAF","PIK3CA"
"HSP90AB1","SMAD1","PIK3CA"
"HSP90AB1","STING1","PIK3CA"
"HSP90AB1","BANP","PIK3CA"
"HSP90AB1","AKT2","PTK2"
"HSP90AB1","RPS6KB1","PTK2"
"HSP90AB1","MAP2K1","PTK2"
"HSP90AB1","IKBKB","PTK2"
"HSP90AB1","IRS1","PTK2"
"HSP90AB1","A6/b4 integrin","PTK2"
"HSP90AB1","NFKBIA","PTK2"
"HSP90AB1","PTK6","PTK2"
"HSP90AB1","IKBKE","PTK2"
"HSP90AB1","PPP2R5C","PTK2"
"HSP90AB1","PAK1","PTK2"
"HSP90AB1","CREBBP","PTK2"
"HSP90AB1","MEK1/2","PTK2"
"HSP90AB1","PI3K","PTK2"
"HSP90AB1","RELA","PTK2"
"HSP90AB1","CDKN1B","PTK2"
"HSP90AB1","RXRA","PTK2"
"HSP90AB1","RB1","PTK2"
"HSP90AB1","CDC25C","PTK2"
"HSP90AB1","SMAD1","PTK2"
"HSP90AB1","STING1","PTK2"
"HSP90AB1","BANP","PTK2"
"HSP90AB1","AKT1","A6/b4 integrin"
"HSP90AB1","AKT","A6/b4 integrin"
"HSP90AB1","IKBKB","A6/b4 integrin"
"HSP90AB1","IRS1","A6/b4 integrin"
"HSP90AB1","PIK3CA","A6/b4 integrin"
"HSP90AB1","NFKBIA","A6/b4 integrin"
"HSP90AB1","IKBKE","A6/b4 integrin"
"HSP90AB1","PPP2R5C","A6/b4 integrin"
"HSP90AB1","PAK1","A6/b4 integrin"
"HSP90AB1","TBK1","A6/b4 integrin"
"HSP90AB1","CREBBP","A6/b4 integrin"
"HSP90AB1","MEK1/2","A6/b4 integrin"
"HSP90AB1","PI3K","A6/b4 integrin"
"HSP90AB1","RELA","A6/b4 integrin"
"HSP90AB1","CDKN1B","A6/b4 integrin"
"HSP90AB1","CDC25C","A6/b4 integrin"
"HSP90AB1","BRAF","A6/b4 integrin"
"HSP90AB1","SMAD1","A6/b4 integrin"
"HSP90AB1","BANP","A6/b4 integrin"
"HSP90AB1","RPS6KB1","BTK"
"HSP90AB1","AKT","BTK"
"HSP90AB1","IKBKB","BTK"
"HSP90AB1","PIK3CA","BTK"
"HSP90AB1","A6/b4 integrin","BTK"
"HSP90AB1","PTK6","BTK"
"HSP90AB1","IKBKE","BTK"
"HSP90AB1","PPP2R5C","BTK"
"HSP90AB1","PAK1","BTK"
"HSP90AB1","CREBBP","BTK"
"HSP90AB1","PI3K","BTK"
"HSP90AB1","CDKN1B","BTK"
"HSP90AB1","RXRA","BTK"
"HSP90AB1","CDC25C","BTK"
"HSP90AB1","PTK2B","BTK"
"HSP90AB1","SMAD1","BTK"
"HSP90AB1","TRIM28","BTK"
"HSP90AB1","STING1","BTK"
"HSP90AB1","BANP","BTK"
"HSP90AB1","AKT1","PTPN22"
"HSP90AB1","MAP2K1","PTPN22"
"HSP90AB1","AKT","PTPN22"
"HSP90AB1","IRS1","PTPN22"
"HSP90AB1","PIK3CA","PTPN22"
"HSP90AB1","NFKBIA","PTPN22"
"HSP90AB1","PTK6","PTPN22"
"HSP90AB1","IKBKE","PTPN22"
"HSP90AB1","PPP2R5C","PTPN22"
"HSP90AB1","PAK1","PTPN22"
"HSP90AB1","TBK1","PTPN22"
"HSP90AB1","CREBBP","PTPN22"
"HSP90AB1","MEK1/2","PTPN22"
"HSP90AB1","PI3K","PTPN22"
"HSP90AB1","CDKN1B","PTPN22"
"HSP90AB1","RXRA","PTPN22"
"HSP90AB1","CDC25C","PTPN22"
"HSP90AB1","PTK2B","PTPN22"
"HSP90AB1","SMAD1","PTPN22"
"HSP90AB1","TRIM28","PTPN22"
"HSP90AB1","STING1","PTPN22"
"HSP90AB1","BANP","PTPN22"
"HSP90AB1","AKT2","FGFR1"
"HSP90AB1","AKT1","FGFR1"
"HSP90AB1","MAP2K1","FGFR1"
"HSP90AB1","IRS1","FGFR1"
"HSP90AB1","PAK1","FGFR1"
"HSP90AB1","CREBBP","FGFR1"
"HSP90AB1","MEK1/2","FGFR1"
"HSP90AB1","KDR","FGFR1"
"HSP90AB1","BRAF","FGFR1"
"HSP90AB1","STING1","FGFR1"
"HSP90AB1","BANP","FGFR1"
"HSP90AB1","AKT1","NFKBIA"
"HSP90AB1","RPS6KB1","NFKBIA"
"HSP90AB1","IKBKB","NFKBIA"
"HSP90AB1","PIK3CA","NFKBIA"
"HSP90AB1","A6/b4 integrin","NFKBIA"
"HSP90AB1","PTK6","NFKBIA"
"HSP90AB1","IKBKE","NFKBIA"
"HSP90AB1","PPP2R5C","NFKBIA"
"HSP90AB1","CREBBP","NFKBIA"
"HSP90AB1","RELA","NFKBIA"
"HSP90AB1","RXRA","NFKBIA"
"HSP90AB1","RB1","NFKBIA"
"HSP90AB1","PTK2B","NFKBIA"
"HSP90AB1","BRAF","NFKBIA"
"HSP90AB1","SMAD1","NFKBIA"
"HSP90AB1","TRIM28","NFKBIA"
"HSP90AB1","STING1","NFKBIA"
"HSP90AB1","AKT2","ADRB2"
"HSP90AB1","AKT1","ADRB2"
"HSP90AB1","RPS6KB1","ADRB2"
"HSP90AB1","MAP2K1","ADRB2"
"HSP90AB1","AKT","ADRB2"
"HSP90AB1","IKBKB","ADRB2"
"HSP90AB1","IRS1","ADRB2"
"HSP90AB1","PIK3CA","ADRB2"
"HSP90AB1","PTK6","ADRB2"
"HSP90AB1","PPP2R5C","ADRB2"
"HSP90AB1","PAK1","ADRB2"
"HSP90AB1","CREBBP","ADRB2"
"HSP90AB1","MEK1/2","ADRB2"
"HSP90AB1","RELA","ADRB2"
"HSP90AB1","CDKN1B","ADRB2"
"HSP90AB1","RXRA","ADRB2"
"HSP90AB1","CDC25C","ADRB2"
"HSP90AB1","PTK2B","ADRB2"
"HSP90AB1","KDR","ADRB2"
"HSP90AB1","BRAF","ADRB2"
"HSP90AB1","AKT2","PTK6"
"HSP90AB1","MAP2K1","PTK6"
"HSP90AB1","AKT","PTK6"
"HSP90AB1","PIK3CA","PTK6"
"HSP90AB1","PAK1","PTK6"
"HSP90AB1","TBK1","PTK6"
"HSP90AB1","CDKN1B","PTK6"
"HSP90AB1","RB1","PTK6"
"HSP90AB1","KDR","PTK6"
"HSP90AB1","BRAF","PTK6"
"HSP90AB1","RPS6KB1","PREX2"
"HSP90AB1","IRS1","PREX2"
"HSP90AB1","A6/b4 integrin","PREX2"
"HSP90AB1","NFKBIA","PREX2"
"HSP90AB1","PPP2R5C","PREX2"
"HSP90AB1","PAK1","PREX2"
"HSP90AB1","TBK1","PREX2"
"HSP90AB1","MEK1/2","PREX2"
"HSP90AB1","PI3K","PREX2"
"HSP90AB1","RELA","PREX2"
"HSP90AB1","CDKN1B","PREX2"
"HSP90AB1","RXRA","PREX2"
"HSP90AB1","RB1","PREX2"
"HSP90AB1","KDR","PREX2"
"HSP90AB1","TRIM28","PREX2"
"HSP90AB1","STING1","PREX2"
"HSP90AB1","BANP","PREX2"
"HSP90AB1","AKT1","SHOC2"
"HSP90AB1","RPS6KB1","SHOC2"
"HSP90AB1","MAP2K1","SHOC2"
"HSP90AB1","IKBKB","SHOC2"
"HSP90AB1","IRS1","SHOC2"
"HSP90AB1","PIK3CA","SHOC2"
"HSP90AB1","A6/b4 integrin","SHOC2"
"HSP90AB1","NFKBIA","SHOC2"
"HSP90AB1","PTK6","SHOC2"
"HSP90AB1","PPP2R5C","SHOC2"
"HSP90AB1","TBK1","SHOC2"
"HSP90AB1","CREBBP","SHOC2"
"HSP90AB1","MEK1/2","SHOC2"
"HSP90AB1","PI3K","SHOC2"
"HSP90AB1","RELA","SHOC2"
"HSP90AB1","CDKN1B","SHOC2"
"HSP90AB1","RXRA","SHOC2"
"HSP90AB1","PTK2B","SHOC2"
"HSP90AB1","KDR","SHOC2"
"HSP90AB1","SMAD1","SHOC2"
"HSP90AB1","TRIM28","SHOC2"
"HSP90AB1","BANP","SHOC2"
"HSP90AB1","AKT1","DVL2"
"HSP90AB1","AKT","DVL2"
"HSP90AB1","IKBKB","DVL2"
"HSP90AB1","CREBBP","DVL2"
"HSP90AB1","RELA","DVL2"
"HSP90AB1","CDKN1B","DVL2"
"HSP90AB1","RXRA","DVL2"
"HSP90AB1","CDC25C","DVL2"
"HSP90AB1","KDR","DVL2"
"HSP90AB1","IRS1","IKBKE"
"HSP90AB1","A6/b4 integrin","IKBKE"
"HSP90AB1","NFKBIA","IKBKE"
"HSP90AB1","CREBBP","IKBKE"
"HSP90AB1","MEK1/2","IKBKE"
"HSP90AB1","PI3K","IKBKE"
"HSP90AB1","CDKN1B","IKBKE"
"HSP90AB1","RXRA","IKBKE"
"HSP90AB1","BRAF","IKBKE"
"HSP90AB1","TRIM28","IKBKE"
"HSP90AB1","STING1","IKBKE"
"HSP90AB1","BANP","IKBKE"
"HSP90AB1","RPS6KB1","PPP2R5C"
"HSP90AB1","IRS1","PPP2R5C"
"HSP90AB1","NFKBIA","PPP2R5C"
"HSP90AB1","PTK6","PPP2R5C"
"HSP90AB1","PAK1","PPP2R5C"
"HSP90AB1","CREBBP","PPP2R5C"
"HSP90AB1","MEK1/2","PPP2R5C"
"HSP90AB1","PI3K","PPP2R5C"
"HSP90AB1","RELA","PPP2R5C"
"HSP90AB1","RB1","PPP2R5C"
"HSP90AB1","CDC25C","PPP2R5C"
"HSP90AB1","PTK2B","PPP2R5C"
"HSP90AB1","KDR","PPP2R5C"
"HSP90AB1","BRAF","PPP2R5C"
"HSP90AB1","SMAD1","PPP2R5C"
"HSP90AB1","TRIM28","PPP2R5C"
"HSP90AB1","BANP","PPP2R5C"
"HSP90AB1","AKT2","PAK1"
"HSP90AB1","AKT1","PAK1"
"HSP90AB1","MAP2K1","PAK1"
"HSP90AB1","IKBKB","PAK1"
"HSP90AB1","IRS1","PAK1"
"HSP90AB1","PIK3CA","PAK1"
"HSP90AB1","A6/b4 integrin","PAK1"
"HSP90AB1","PTK6","PAK1"
"HSP90AB1","TBK1","PAK1"
"HSP90AB1","CREBBP","PAK1"
"HSP90AB1","PI3K","PAK1"
"HSP90AB1","RELA","PAK1"
"HSP90AB1","CDKN1B","PAK1"
"HSP90AB1","RXRA","PAK1"
"HSP90AB1","RB1","PAK1"
"HSP90AB1","PTK2B","PAK1"
"HSP90AB1","KDR","PAK1"
"HSP90AB1","BRAF","PAK1"
"HSP90AB1","SMAD1","PAK1"
"HSP90AB1","TRIM28","PAK1"
"HSP90AB1","BANP","PAK1"
"HSP90AB1","RPS6KB1","TBK1"
"HSP90AB1","AKT","TBK1"
"HSP90AB1","PIK3CA","TBK1"
"HSP90AB1","PTK6","TBK1"
"HSP90AB1","PPP2R5C","TBK1"
"HSP90AB1","PI3K","TBK1"
"HSP90AB1","CDKN1B","TBK1"
"HSP90AB1","PTK2B","TBK1"
"HSP90AB1","KDR","TBK1"
"HSP90AB1","TRIM28","TBK1"
"HSP90AB1","BANP","TBK1"
"HSP90AB1","AKT1","CREBBP"
"HSP90AB1","IKBKB","CREBBP"
"HSP90AB1","PAK1","CREBBP"
"HSP90AB1","CDKN1B","CREBBP"
"HSP90AB1","TRIM28","CREBBP"
"HSP90AB1","RPS6KB1","MEK1/2"
"HSP90AB1","MAP2K1","MEK1/2"
"HSP90AB1","IKBKB","MEK1/2"
"HSP90AB1","IRS1","MEK1/2"
"HSP90AB1","PIK3CA","MEK1/2"
"HSP90AB1","A6/b4 integrin","MEK1/2"
"HSP90AB1","NFKBIA","MEK1/2"
"HSP90AB1","IKBKE","MEK1/2"
"HSP90AB1","PPP2R5C","MEK1/2"
"HSP90AB1","PAK1","MEK1/2"
"HSP90AB1","TBK1","MEK1/2"
"HSP90AB1","CREBBP","MEK1/2"
"HSP90AB1","PI3K","MEK1/2"
"HSP90AB1","CDKN1B","MEK1/2"
"HSP90AB1","RXRA","MEK1/2"
"HSP90AB1","CDC25C","MEK1/2"
"HSP90AB1","PTK2B","MEK1/2"
"HSP90AB1","SMAD1","MEK1/2"
"HSP90AB1","STING1","MEK1/2"
"HSP90AB1","BANP","MEK1/2"
"HSP90AB1","AKT2","JAK1"
"HSP90AB1","AKT1","JAK1"
"HSP90AB1","RPS6KB1","JAK1"
"HSP90AB1","MAP2K1","JAK1"
"HSP90AB1","AKT","JAK1"
"HSP90AB1","IRS1","JAK1"
"HSP90AB1","A6/b4 integrin","JAK1"
"HSP90AB1","NFKBIA","JAK1"
"HSP90AB1","PTK6","JAK1"
"HSP90AB1","IKBKE","JAK1"
"HSP90AB1","PPP2R5C","JAK1"
"HSP90AB1","PAK1","JAK1"
"HSP90AB1","TBK1","JAK1"
"HSP90AB1","CREBBP","JAK1"
"HSP90AB1","MEK1/2","JAK1"
"HSP90AB1","PI3K","JAK1"
"HSP90AB1","RELA","JAK1"
"HSP90AB1","CDKN1B","JAK1"
"HSP90AB1","RB1","JAK1"
"HSP90AB1","CDC25C","JAK1"
"HSP90AB1","PTK2B","JAK1"
"HSP90AB1","BRAF","JAK1"
"HSP90AB1","TRIM28","JAK1"
"HSP90AB1","STING1","JAK1"
"HSP90AB1","BANP","JAK1"
"HSP90AB1","RPS6KB1","RIPK2"
"HSP90AB1","IRS1","RIPK2"
"HSP90AB1","PTK6","RIPK2"
"HSP90AB1","AR","RIPK2"
"HSP90AB1","RXRA","RIPK2"
"HSP90AB1","PTK2B","RIPK2"
"HSP90AB1","KDR","RIPK2"
"HSP90AB1","SMAD1","RIPK2"
"HSP90AB1","BANP","RIPK2"
"HSP90AB1","AKT2","PI3K"
"HSP90AB1","MAP2K1","PI3K"
"HSP90AB1","AKT","PI3K"
"HSP90AB1","IKBKB","PI3K"
"HSP90AB1","IRS1","PI3K"
"HSP90AB1","PIK3CA","PI3K"
"HSP90AB1","NFKBIA","PI3K"
"HSP90AB1","PTK6","PI3K"
"HSP90AB1","IKBKE","PI3K"
"HSP90AB1","PPP2R5C","PI3K"
"HSP90AB1","TBK1","PI3K"
"HSP90AB1","CREBBP","PI3K"
"HSP90AB1","MEK1/2","PI3K"
"HSP90AB1","RELA","PI3K"
"HSP90AB1","CDKN1B","PI3K"
"HSP90AB1","RXRA","PI3K"
"HSP90AB1","RB1","PI3K"
"HSP90AB1","CDC25C","PI3K"
"HSP90AB1","BRAF","PI3K"
"HSP90AB1","SMAD1","PI3K"
"HSP90AB1","TRIM28","PI3K"
"HSP90AB1","STING1","PI3K"
"HSP90AB1","RPS6KB1","NTRK1"
"HSP90AB1","AKT","NTRK1"
"HSP90AB1","A6/b4 integrin","NTRK1"
"HSP90AB1","PPP2R5C","NTRK1"
"HSP90AB1","CREBBP","NTRK1"
"HSP90AB1","RELA","NTRK1"
"HSP90AB1","CDKN1B","NTRK1"
"HSP90AB1","RXRA","NTRK1"
"HSP90AB1","CDC25C","NTRK1"
"HSP90AB1","KDR","NTRK1"
"HSP90AB1","BRAF","NTRK1"
"HSP90AB1","TRIM28","NTRK1"
"HSP90AB1","STING1","NTRK1"
"HSP90AB1","AKT2","EEF2K"
"HSP90AB1","AKT1","EEF2K"
"HSP90AB1","RPS6KB1","EEF2K"
"HSP90AB1","MAP2K1","EEF2K"
"HSP90AB1","AKT","EEF2K"
"HSP90AB1","IKBKB","EEF2K"
"HSP90AB1","PIK3CA","EEF2K"
"HSP90AB1","A6/b4 integrin","EEF2K"
"HSP90AB1","PTK6","EEF2K"
"HSP90AB1","IKBKE","EEF2K"
"HSP90AB1","PAK1","EEF2K"
"HSP90AB1","TBK1","EEF2K"
"HSP90AB1","RELA","EEF2K"
"HSP90AB1","CDKN1B","EEF2K"
"HSP90AB1","RXRA","EEF2K"
"HSP90AB1","RB1","EEF2K"
"HSP90AB1","PTK2B","EEF2K"
"HSP90AB1","KDR","EEF2K"
"HSP90AB1","BANP","EEF2K"
"HSP90AB1","IKBKB","SMAD3"
"HSP90AB1","NFKBIA","SMAD3"
"HSP90AB1","PPP2R5C","SMAD3"
"HSP90AB1","CREBBP","SMAD3"
"HSP90AB1","MEK1/2","SMAD3"
"HSP90AB1","PI3K","SMAD3"
"HSP90AB1","CDKN1B","SMAD3"
"HSP90AB1","RB1","SMAD3"
"HSP90AB1","BRAF","SMAD3"
"HSP90AB1","SMAD1","SMAD3"
"HSP90AB1","TRIM28","SMAD3"
"HSP90AB1","STING1","SMAD3"
"HSP90AB1","BANP","SMAD3"
"HSP90AB1","AKT2","RELA"
"HSP90AB1","AKT1","RELA"
"HSP90AB1","RPS6KB1","RELA"
"HSP90AB1","MAP2K1","RELA"
"HSP90AB1","AKT","RELA"
"HSP90AB1","IKBKB","RELA"
"HSP90AB1","IRS1","RELA"
"HSP90AB1","A6/b4 integrin","RELA"
"HSP90AB1","PTK6","RELA"
"HSP90AB1","PPP2R5C","RELA"
"HSP90AB1","PAK1","RELA"
"HSP90AB1","PI3K","RELA"
"HSP90AB1","CDKN1B","RELA"
"HSP90AB1","RXRA","RELA"
"HSP90AB1","RB1","RELA"
"HSP90AB1","CDC25C","RELA"
"HSP90AB1","PTK2B","RELA"
"HSP90AB1","KDR","RELA"
"HSP90AB1","BRAF","RELA"
"HSP90AB1","SMAD1","RELA"
"HSP90AB1","TRIM28","RELA"
"HSP90AB1","STING1","RELA"
"HSP90AB1","AKT2","EPHA2"
"HSP90AB1","RPS6KB1","EPHA2"
"HSP90AB1","MAP2K1","EPHA2"
"HSP90AB1","AKT","EPHA2"
"HSP90AB1","IRS1","EPHA2"
"HSP90AB1","A6/b4 integrin","EPHA2"
"HSP90AB1","IKBKE","EPHA2"
"HSP90AB1","TBK1","EPHA2"
"HSP90AB1","MEK1/2","EPHA2"
"HSP90AB1","PI3K","EPHA2"
"HSP90AB1","CDKN1B","EPHA2"
"HSP90AB1","RB1","EPHA2"
"HSP90AB1","CDC25C","EPHA2"
"HSP90AB1","PTK2B","EPHA2"
"HSP90AB1","KDR","EPHA2"
"HSP90AB1","BRAF","EPHA2"
"HSP90AB1","STING1","EPHA2"
"HSP90AB1","AKT1","TOB1"
"HSP90AB1","RPS6KB1","TOB1"
"HSP90AB1","MAP2K1","TOB1"
"HSP90AB1","AKT","TOB1"
"HSP90AB1","IKBKB","TOB1"
"HSP90AB1","IRS1","TOB1"
"HSP90AB1","NFKBIA","TOB1"
"HSP90AB1","PPP2R5C","TOB1"
"HSP90AB1","PAK1","TOB1"
"HSP90AB1","TBK1","TOB1"
"HSP90AB1","PI3K","TOB1"
"HSP90AB1","CDKN1B","TOB1"
"HSP90AB1","RB1","TOB1"
"HSP90AB1","CDC25C","TOB1"
"HSP90AB1","PTK2B","TOB1"
"HSP90AB1","KDR","TOB1"
"HSP90AB1","TRIM28","TOB1"
"HSP90AB1","STING1","TOB1"
"HSP90AB1","BANP","TOB1"
"HSP90AB1","AKT2","CDKN1B"
"HSP90AB1","AKT1","CDKN1B"
"HSP90AB1","RPS6KB1","CDKN1B"
"HSP90AB1","MAP2K1","CDKN1B"
"HSP90AB1","PTK6","CDKN1B"
"HSP90AB1","PAK1","CDKN1B"
"HSP90AB1","TBK1","CDKN1B"
"HSP90AB1","CREBBP","CDKN1B"
"HSP90AB1","MEK1/2","CDKN1B"
"HSP90AB1","PI3K","CDKN1B"
"HSP90AB1","RXRA","CDKN1B"
"HSP90AB1","RB1","CDKN1B"
"HSP90AB1","CDC25C","CDKN1B"
"HSP90AB1","PTK2B","CDKN1B"
"HSP90AB1","TRIM28","CDKN1B"
"HSP90AB1","STING1","CDKN1B"
"HSP90AB1","BANP","CDKN1B"
"HSP90AB1","MAP2K1","UBTF"
"HSP90AB1","AKT","UBTF"
"HSP90AB1","IKBKB","UBTF"
"HSP90AB1","PIK3CA","UBTF"
"HSP90AB1","PTK6","UBTF"
"HSP90AB1","PAK1","UBTF"
"HSP90AB1","TBK1","UBTF"
"HSP90AB1","MEK1/2","UBTF"
"HSP90AB1","RELA","UBTF"
"HSP90AB1","CDKN1B","UBTF"
"HSP90AB1","RXRA","UBTF"
"HSP90AB1","RB1","UBTF"
"HSP90AB1","KDR","UBTF"
"HSP90AB1","SMAD1","UBTF"
"HSP90AB1","TRIM28","UBTF"
"HSP90AB1","STING1","UBTF"
"HSP90AB1","AKT1","TSC1"
"HSP90AB1","AKT","TSC1"
"HSP90AB1","IRS1","TSC1"
"HSP90AB1","NFKBIA","TSC1"
"HSP90AB1","PTK6","TSC1"
"HSP90AB1","PAK1","TSC1"
"HSP90AB1","TBK1","TSC1"
"HSP90AB1","MEK1/2","TSC1"
"HSP90AB1","PI3K","TSC1"
"HSP90AB1","RELA","TSC1"
"HSP90AB1","CDC25C","TSC1"
"HSP90AB1","PTK2B","TSC1"
"HSP90AB1","KDR","TSC1"
"HSP90AB1","BRAF","TSC1"
"HSP90AB1","STING1","TSC1"
"HSP90AB1","AKT1","YWHAB"
"HSP90AB1","AKT","YWHAB"
"HSP90AB1","PIK3CA","YWHAB"
"HSP90AB1","A6/b4 integrin","YWHAB"
"HSP90AB1","NFKBIA","YWHAB"
"HSP90AB1","IKBKE","YWHAB"
"HSP90AB1","PPP2R5C","YWHAB"
"HSP90AB1","PAK1","YWHAB"
"HSP90AB1","MEK1/2","YWHAB"
"HSP90AB1","PI3K","YWHAB"
"HSP90AB1","RELA","YWHAB"
"HSP90AB1","RXRA","YWHAB"
"HSP90AB1","CDC25C","YWHAB"
"HSP90AB1","PTK2B","YWHAB"
"HSP90AB1","KDR","YWHAB"
"HSP90AB1","STING1","YWHAB"
"HSP90AB1","AKT1","BDKRB2"
"HSP90AB1","IKBKB","BDKRB2"
"HSP90AB1","PIK3CA","BDKRB2"
"HSP90AB1","A6/b4 integrin","BDKRB2"
"HSP90AB1","NFKBIA","BDKRB2"
"HSP90AB1","PTK6","BDKRB2"
"HSP90AB1","PPP2R5C","BDKRB2"
"HSP90AB1","MEK1/2","BDKRB2"
"HSP90AB1","SMAD1","BDKRB2"
"HSP90AB1","MAP2K1","MAX"
"HSP90AB1","AKT","MAX"
"HSP90AB1","IKBKB","MAX"
"HSP90AB1","IRS1","MAX"
"HSP90AB1","NFKBIA","MAX"
"HSP90AB1","PPP2R5C","MAX"
"HSP90AB1","CREBBP","MAX"
"HSP90AB1","PI3K","MAX"
"HSP90AB1","CDKN1B","MAX"
"HSP90AB1","CDC25C","MAX"
"HSP90AB1","BRAF","MAX"
"HSP90AB1","TRIM28","MAX"
"HSP90AB1","PI3K","BAD"
"HSP90AB1","AKT2","RXRA"
"HSP90AB1","AKT1","RXRA"
"HSP90AB1","AKT","RXRA"
"HSP90AB1","IKBKB","RXRA"
"HSP90AB1","PIK3CA","RXRA"
"HSP90AB1","NFKBIA","RXRA"
"HSP90AB1","IKBKE","RXRA"
"HSP90AB1","PPP2R5C","RXRA"
"HSP90AB1","PAK1","RXRA"
"HSP90AB1","TBK1","RXRA"
"HSP90AB1","PI3K","RXRA"
"HSP90AB1","RB1","RXRA"
"HSP90AB1","BRAF","RXRA"
"HSP90AB1","STING1","RXRA"
"HSP90AB1","BANP","RXRA"
"HSP90AB1","AKT1","ITGB4"
"HSP90AB1","RPS6KB1","ITGB4"
"HSP90AB1","IKBKB","ITGB4"
"HSP90AB1","IRS1","ITGB4"
"HSP90AB1","PIK3CA","ITGB4"
"HSP90AB1","A6/b4 integrin","ITGB4"
"HSP90AB1","NFKBIA","ITGB4"
"HSP90AB1","PTK6","ITGB4"
"HSP90AB1","IKBKE","ITGB4"
"HSP90AB1","PPP2R5C","ITGB4"
"HSP90AB1","PAK1","ITGB4"
"HSP90AB1","CREBBP","ITGB4"
"HSP90AB1","MEK1/2","ITGB4"
"HSP90AB1","RELA","ITGB4"
"HSP90AB1","CDKN1B","ITGB4"
"HSP90AB1","RXRA","ITGB4"
"HSP90AB1","KDR","ITGB4"
"HSP90AB1","BRAF","ITGB4"
"HSP90AB1","SMAD1","ITGB4"
"HSP90AB1","TRIM28","ITGB4"
"HSP90AB1","AKT2","RB1"
"HSP90AB1","AKT1","RB1"
"HSP90AB1","PIK3CA","RB1"
"HSP90AB1","IKBKE","RB1"
"HSP90AB1","TBK1","RB1"
"HSP90AB1","CDKN1B","RB1"
"HSP90AB1","CDC25C","RB1"
"HSP90AB1","PTK2B","RB1"
"HSP90AB1","SMAD1","RB1"
"HSP90AB1","STING1","RB1"
"HSP90AB1","BANP","RB1"
"HSP90AB1","AKT2","PGR"
"HSP90AB1","AKT1","PGR"
"HSP90AB1","RPS6KB1","PGR"
"HSP90AB1","MAP2K1","PGR"
"HSP90AB1","AKT","PGR"
"HSP90AB1","IKBKB","PGR"
"HSP90AB1","IRS1","PGR"
"HSP90AB1","A6/b4 integrin","PGR"
"HSP90AB1","NFKBIA","PGR"
"HSP90AB1","IKBKE","PGR"
"HSP90AB1","PPP2R5C","PGR"
"HSP90AB1","TBK1","PGR"
"HSP90AB1","MEK1/2","PGR"
"HSP90AB1","RELA","PGR"
"HSP90AB1","CDKN1B","PGR"
"HSP90AB1","RXRA","PGR"
"HSP90AB1","RB1","PGR"
"HSP90AB1","CDC25C","PGR"
"HSP90AB1","KDR","PGR"
"HSP90AB1","SMAD1","PGR"
"HSP90AB1","TRIM28","PGR"
"HSP90AB1","BANP","PGR"
"HSP90AB1","AKT2","CDC25C"
"HSP90AB1","AKT1","CDC25C"
"HSP90AB1","RPS6KB1","CDC25C"
"HSP90AB1","MAP2K1","CDC25C"
"HSP90AB1","AKT","CDC25C"
"HSP90AB1","IRS1","CDC25C"
"HSP90AB1","PIK3CA","CDC25C"
"HSP90AB1","NFKBIA","CDC25C"
"HSP90AB1","PTK6","CDC25C"
"HSP90AB1","PPP2R5C","CDC25C"
"HSP90AB1","PAK1","CDC25C"
"HSP90AB1","TBK1","CDC25C"
"HSP90AB1","MEK1/2","CDC25C"
"HSP90AB1","PI3K","CDC25C"
"HSP90AB1","RELA","CDC25C"
"HSP90AB1","CDKN1B","CDC25C"
"HSP90AB1","RB1","CDC25C"
"HSP90AB1","KDR","CDC25C"
"HSP90AB1","BRAF","CDC25C"
"HSP90AB1","IKBKB","AIIB/b3 integrin"
"HSP90AB1","A6/b4 integrin","AIIB/b3 integrin"
"HSP90AB1","TBK1","AIIB/b3 integrin"
"HSP90AB1","CREBBP","AIIB/b3 integrin"
"HSP90AB1","PTK2B","AIIB/b3 integrin"
"HSP90AB1","BRAF","AIIB/b3 integrin"
"HSP90AB1","TRIM28","AIIB/b3 integrin"
"HSP90AB1","STING1","AIIB/b3 integrin"
"HSP90AB1","BANP","AIIB/b3 integrin"
"HSP90AB1","MAP2K1","XBP1"
"HSP90AB1","IRS1","XBP1"
"HSP90AB1","PIK3CA","XBP1"
"HSP90AB1","NFKBIA","XBP1"
"HSP90AB1","PTK6","XBP1"
"HSP90AB1","IKBKE","XBP1"
"HSP90AB1","PAK1","XBP1"
"HSP90AB1","TBK1","XBP1"
"HSP90AB1","PTK2B","XBP1"
"HSP90AB1","STING1","XBP1"
"HSP90AB1","IRS1","PTK2B"
"HSP90AB1","A6/b4 integrin","PTK2B"
"HSP90AB1","NFKBIA","PTK2B"
"HSP90AB1","PTK6","PTK2B"
"HSP90AB1","IKBKE","PTK2B"
"HSP90AB1","PAK1","PTK2B"
"HSP90AB1","RELA","PTK2B"
"HSP90AB1","RB1","PTK2B"
"HSP90AB1","BANP","PTK2B"
"HSP90AB1","AKT2","KDR"
"HSP90AB1","RPS6KB1","KDR"
"HSP90AB1","MAP2K1","KDR"
"HSP90AB1","PIK3CA","KDR"
"HSP90AB1","NFKBIA","KDR"
"HSP90AB1","PTK6","KDR"
"HSP90AB1","PAK1","KDR"
"HSP90AB1","TBK1","KDR"
"HSP90AB1","RELA","KDR"
"HSP90AB1","RXRA","KDR"
"HSP90AB1","RB1","KDR"
"HSP90AB1","CDC25C","KDR"
"HSP90AB1","BRAF","KDR"
"HSP90AB1","SMAD1","KDR"
"HSP90AB1","TRIM28","KDR"
"HSP90AB1","BANP","KDR"
"HSP90AB1","AKT","THR"
"HSP90AB1","IKBKB","THR"
"HSP90AB1","IRS1","THR"
"HSP90AB1","PIK3CA","THR"
"HSP90AB1","NFKBIA","THR"
"HSP90AB1","PTK6","THR"
"HSP90AB1","IKBKE","THR"
"HSP90AB1","PAK1","THR"
"HSP90AB1","CREBBP","THR"
"HSP90AB1","MEK1/2","THR"
"HSP90AB1","RELA","THR"
"HSP90AB1","CDKN1B","THR"
"HSP90AB1","RXRA","THR"
"HSP90AB1","RB1","THR"
"HSP90AB1","CDC25C","THR"
"HSP90AB1","PTK2B","THR"
"HSP90AB1","KDR","THR"
"HSP90AB1","BRAF","THR"
"HSP90AB1","SMAD1","THR"
"HSP90AB1","STING1","THR"
"HSP90AB1","BANP","THR"
"HSP90AB1","AKT1","BCL2L11"
"HSP90AB1","RPS6KB1","BCL2L11"
"HSP90AB1","IKBKB","BCL2L11"
"HSP90AB1","IRS1","BCL2L11"
"HSP90AB1","PIK3CA","BCL2L11"
"HSP90AB1","A6/b4 integrin","BCL2L11"
"HSP90AB1","NFKBIA","BCL2L11"
"HSP90AB1","IKBKE","BCL2L11"
"HSP90AB1","PPP2R5C","BCL2L11"
"HSP90AB1","MEK1/2","BCL2L11"
"HSP90AB1","RELA","BCL2L11"
"HSP90AB1","BANP","BCL2L11"
"HSP90AB1","MAP2K1","JUN"
"HSP90AB1","IKBKB","JUN"
"HSP90AB1","IRS1","JUN"
"HSP90AB1","PIK3CA","JUN"
"HSP90AB1","A6/b4 integrin","JUN"
"HSP90AB1","PTK6","JUN"
"HSP90AB1","PAK1","JUN"
"HSP90AB1","TBK1","JUN"
"HSP90AB1","CREBBP","JUN"
"HSP90AB1","MEK1/2","JUN"
"HSP90AB1","RELA","JUN"
"HSP90AB1","PTK2B","JUN"
"HSP90AB1","BRAF","JUN"
"HSP90AB1","AKT1","KLC1"
"HSP90AB1","MAP2K1","KLC1"
"HSP90AB1","AKT","KLC1"
"HSP90AB1","IKBKB","KLC1"
"HSP90AB1","A6/b4 integrin","KLC1"
"HSP90AB1","PTK6","KLC1"
"HSP90AB1","IKBKE","KLC1"
"HSP90AB1","PPP2R5C","KLC1"
"HSP90AB1","TBK1","KLC1"
"HSP90AB1","CREBBP","KLC1"
"HSP90AB1","PI3K","KLC1"
"HSP90AB1","RELA","KLC1"
"HSP90AB1","CDKN1B","KLC1"
"HSP90AB1","RB1","KLC1"
"HSP90AB1","KDR","KLC1"
"HSP90AB1","BRAF","KLC1"
"HSP90AB1","SMAD1","KLC1"
"HSP90AB1","TRIM28","KLC1"
"HSP90AB1","STING1","KLC1"
"HSP90AB1","AKT2","SMARCA4"
"HSP90AB1","AKT1","SMARCA4"
"HSP90AB1","MAP2K1","SMARCA4"
"HSP90AB1","IKBKB","SMARCA4"
"HSP90AB1","PIK3CA","SMARCA4"
"HSP90AB1","NFKBIA","SMARCA4"
"HSP90AB1","PAK1","SMARCA4"
"HSP90AB1","TBK1","SMARCA4"
"HSP90AB1","MEK1/2","SMARCA4"
"HSP90AB1","PI3K","SMARCA4"
"HSP90AB1","CDKN1B","SMARCA4"
"HSP90AB1","RXRA","SMARCA4"
"HSP90AB1","PTK2B","SMARCA4"
"HSP90AB1","KDR","SMARCA4"
"HSP90AB1","BANP","SMARCA4"
"HSP90AB1","IKBKB","EGR1"
"HSP90AB1","NFKBIA","EGR1"
"HSP90AB1","IKBKE","EGR1"
"HSP90AB1","PAK1","EGR1"
"HSP90AB1","CREBBP","EGR1"
"HSP90AB1","MEK1/2","EGR1"
"HSP90AB1","PI3K","EGR1"
"HSP90AB1","RXRA","EGR1"
"HSP90AB1","RB1","EGR1"
"HSP90AB1","CDC25C","EGR1"
"HSP90AB1","BRAF","EGR1"
"HSP90AB1","TRIM28","EGR1"
"HSP90AB1","STING1","EGR1"
"HSP90AB1","BANP","EGR1"
"HSP90AB1","AKT2","NfKb-p65/p50"
"HSP90AB1","AKT1","NfKb-p65/p50"
"HSP90AB1","RPS6KB1","NfKb-p65/p50"
"HSP90AB1","MAP2K1","NfKb-p65/p50"
"HSP90AB1","AKT","NfKb-p65/p50"
"HSP90AB1","PIK3CA","NfKb-p65/p50"
"HSP90AB1","A6/b4 integrin","NfKb-p65/p50"
"HSP90AB1","PTK6","NfKb-p65/p50"
"HSP90AB1","IKBKE","NfKb-p65/p50"
"HSP90AB1","PAK1","NfKb-p65/p50"
"HSP90AB1","TBK1","NfKb-p65/p50"
"HSP90AB1","PI3K","NfKb-p65/p50"
"HSP90AB1","RELA","NfKb-p65/p50"
"HSP90AB1","CDKN1B","NfKb-p65/p50"
"HSP90AB1","RB1","NfKb-p65/p50"
"HSP90AB1","CDC25C","NfKb-p65/p50"
"HSP90AB1","PTK2B","NfKb-p65/p50"
"HSP90AB1","TRIM28","NfKb-p65/p50"
"HSP90AB1","STING1","NfKb-p65/p50"
"HSP90AB1","AKT2","BRAF"
"HSP90AB1","AKT1","BRAF"
"HSP90AB1","AKT","BRAF"
"HSP90AB1","NFKBIA","BRAF"
"HSP90AB1","PAK1","BRAF"
"HSP90AB1","TBK1","BRAF"
"HSP90AB1","PI3K","BRAF"
"HSP90AB1","RELA","BRAF"
"HSP90AB1","RB1","BRAF"
"HSP90AB1","CDC25C","BRAF"
"HSP90AB1","KDR","BRAF"
"HSP90AB1","AKT1","SWI/SNF complex"
"HSP90AB1","MAP2K1","SWI/SNF complex"
"HSP90AB1","IKBKB","SWI/SNF complex"
"HSP90AB1","A6/b4 integrin","SWI/SNF complex"
"HSP90AB1","PTK6","SWI/SNF complex"
"HSP90AB1","TBK1","SWI/SNF complex"
"HSP90AB1","CREBBP","SWI/SNF complex"
"HSP90AB1","CDKN1B","SWI/SNF complex"
"HSP90AB1","RXRA","SWI/SNF complex"
"HSP90AB1","CDC25C","SWI/SNF complex"
"HSP90AB1","KDR","SWI/SNF complex"
"HSP90AB1","BRAF","SWI/SNF complex"
"HSP90AB1","SMAD1","SWI/SNF complex"
"HSP90AB1","STING1","SWI/SNF complex"
"HSP90AB1","BANP","SWI/SNF complex"
"HSP90AB1","RPS6KB1","IL2RB"
"HSP90AB1","MAP2K1","IL2RB"
"HSP90AB1","IKBKB","IL2RB"
"HSP90AB1","IRS1","IL2RB"
"HSP90AB1","NFKBIA","IL2RB"
"HSP90AB1","PTK6","IL2RB"
"HSP90AB1","PPP2R5C","IL2RB"
"HSP90AB1","PAK1","IL2RB"
"HSP90AB1","TBK1","IL2RB"
"HSP90AB1","MEK1/2","IL2RB"
"HSP90AB1","PI3K","IL2RB"
"HSP90AB1","RELA","IL2RB"
"HSP90AB1","RXRA","IL2RB"
"HSP90AB1","RB1","IL2RB"
"HSP90AB1","CDC25C","IL2RB"
"HSP90AB1","PTK2B","IL2RB"
"HSP90AB1","KDR","IL2RB"
"HSP90AB1","BRAF","IL2RB"
"HSP90AB1","SMAD1","IL2RB"
"HSP90AB1","TRIM28","IL2RB"
"HSP90AB1","STING1","IL2RB"
"HSP90AB1","BANP","IL2RB"
"HSP90AB1","AKT2","MAP3K11"
"HSP90AB1","AKT1","MAP3K11"
"HSP90AB1","RPS6KB1","MAP3K11"
"HSP90AB1","AKT","MAP3K11"
"HSP90AB1","IKBKB","MAP3K11"
"HSP90AB1","IRS1","MAP3K11"
"HSP90AB1","A6/b4 integrin","MAP3K11"
"HSP90AB1","NFKBIA","MAP3K11"
"HSP90AB1","IKBKE","MAP3K11"
"HSP90AB1","PPP2R5C","MAP3K11"
"HSP90AB1","PAK1","MAP3K11"
"HSP90AB1","CREBBP","MAP3K11"
"HSP90AB1","MEK1/2","MAP3K11"
"HSP90AB1","PI3K","MAP3K11"
"HSP90AB1","CDKN1B","MAP3K11"
"HSP90AB1","CDC25C","MAP3K11"
"HSP90AB1","KDR","MAP3K11"
"HSP90AB1","SMAD1","MAP3K11"
"HSP90AB1","BANP","MAP3K11"
"HSP90AB1","AKT2","DUSP6"
"HSP90AB1","RPS6KB1","DUSP6"
"HSP90AB1","IRS1","DUSP6"
"HSP90AB1","PTK6","DUSP6"
"HSP90AB1","PAK1","DUSP6"
"HSP90AB1","PI3K","DUSP6"
"HSP90AB1","RELA","DUSP6"
"HSP90AB1","RXRA","DUSP6"
"HSP90AB1","CDC25C","DUSP6"
"HSP90AB1","BRAF","DUSP6"
"HSP90AB1","SMAD1","DUSP6"
"HSP90AB1","STING1","DUSP6"
"HSP90AB1","AKT2","STAT6"
"HSP90AB1","RPS6KB1","STAT6"
"HSP90AB1","IRS1","STAT6"
"HSP90AB1","A6/b4 integrin","STAT6"
"HSP90AB1","NFKBIA","STAT6"
"HSP90AB1","PTK6","STAT6"
"HSP90AB1","IKBKE","STAT6"
"HSP90AB1","PPP2R5C","STAT6"
"HSP90AB1","PAK1","STAT6"
"HSP90AB1","CREBBP","STAT6"
"HSP90AB1","PI3K","STAT6"
"HSP90AB1","CDKN1B","STAT6"
"HSP90AB1","RB1","STAT6"
"HSP90AB1","BRAF","STAT6"
"HSP90AB1","BANP","STAT6"
"HSP90AB1","AKT1","PAX5"
"HSP90AB1","PIK3CA","PAX5"
"HSP90AB1","NFKBIA","PAX5"
"HSP90AB1","PTK6","PAX5"
"HSP90AB1","IKBKE","PAX5"
"HSP90AB1","PAK1","PAX5"
"HSP90AB1","TBK1","PAX5"
"HSP90AB1","MEK1/2","PAX5"
"HSP90AB1","RXRA","PAX5"
"HSP90AB1","CDC25C","PAX5"
"HSP90AB1","PTK2B","PAX5"
"HSP90AB1","SMAD1","PAX5"
"HSP90AB1","TRIM28","PAX5"
"HSP90AB1","PIK3CA","TAB1"
"HSP90AB1","PTK6","TAB1"
"HSP90AB1","PPP2R5C","TAB1"
"HSP90AB1","CREBBP","TAB1"
"HSP90AB1","RELA","TAB1"
"HSP90AB1","PTK2B","TAB1"
"HSP90AB1","KDR","TAB1"
"HSP90AB1","BRAF","TAB1"
"HSP90AB1","SMAD1","TAB1"
"HSP90AB1","AKT2","PIK3R1"
"HSP90AB1","AKT","PIK3R1"
"HSP90AB1","IKBKB","PIK3R1"
"HSP90AB1","A6/b4 integrin","PIK3R1"
"HSP90AB1","IKBKE","PIK3R1"
"HSP90AB1","PPP2R5C","PIK3R1"
"HSP90AB1","PAK1","PIK3R1"
"HSP90AB1","PI3K","PIK3R1"
"HSP90AB1","RELA","PIK3R1"
"HSP90AB1","CDKN1B","PIK3R1"
"HSP90AB1","RXRA","PIK3R1"
"HSP90AB1","CDC25C","PIK3R1"
"HSP90AB1","KDR","PIK3R1"
"HSP90AB1","BRAF","PIK3R1"
"HSP90AB1","SMAD1","PIK3R1"
"HSP90AB1","TRIM28","PIK3R1"
"HSP90AB1","STING1","PIK3R1"
"HSP90AB1","BANP","PIK3R1"
"HSP90AB1","AKT2","CIC"
"HSP90AB1","AKT1","CIC"
"HSP90AB1","MAP2K1","CIC"
"HSP90AB1","IKBKE","CIC"
"HSP90AB1","TBK1","CIC"
"HSP90AB1","CDKN1B","CIC"
"HSP90AB1","CDC25C","CIC"
"HSP90AB1","KDR","CIC"
"HSP90AB1","BRAF","CIC"
"HSP90AB1","BANP","CIC"
"HSP90AB1","RPS6KB1","ATG16L1"
"HSP90AB1","IKBKB","ATG16L1"
"HSP90AB1","IRS1","ATG16L1"
"HSP90AB1","PIK3CA","ATG16L1"
"HSP90AB1","NFKBIA","ATG16L1"
"HSP90AB1","PTK6","ATG16L1"
"HSP90AB1","IKBKE","ATG16L1"
"HSP90AB1","PI3K","ATG16L1"
"HSP90AB1","STING1","ATG16L1"
"HSP90AB1","BANP","ATG16L1"
"HSP90AB1","RPS6KB1","PPARG"
"HSP90AB1","MAP2K1","PPARG"
"HSP90AB1","AKT","PPARG"
"HSP90AB1","IKBKB","PPARG"
"HSP90AB1","IRS1","PPARG"
"HSP90AB1","A6/b4 integrin","PPARG"
"HSP90AB1","NFKBIA","PPARG"
"HSP90AB1","PAK1","PPARG"
"HSP90AB1","TBK1","PPARG"
"HSP90AB1","MEK1/2","PPARG"
"HSP90AB1","RXRA","PPARG"
"HSP90AB1","KDR","PPARG"
"HSP90AB1","TRIM28","PPARG"
"HSP90AB1","AKT1","GPHN"
"HSP90AB1","MAP2K1","GPHN"
"HSP90AB1","AKT","GPHN"
"HSP90AB1","IRS1","GPHN"
"HSP90AB1","PTK6","GPHN"
"HSP90AB1","IKBKE","GPHN"
"HSP90AB1","PPP2R5C","GPHN"
"HSP90AB1","TBK1","GPHN"
"HSP90AB1","MEK1/2","GPHN"
"HSP90AB1","PI3K","GPHN"
"HSP90AB1","RELA","GPHN"
"HSP90AB1","CDKN1B","GPHN"
"HSP90AB1","RXRA","GPHN"
"HSP90AB1","PTK2B","GPHN"
"HSP90AB1","SMAD1","GPHN"
"HSP90AB1","STING1","GPHN"
"HSP90AB1","BANP","GPHN"
"HSP90AB1","AKT1","TCF3"
"HSP90AB1","MAP2K1","TCF3"
"HSP90AB1","AKT","TCF3"
"HSP90AB1","PTK6","TCF3"
"HSP90AB1","PPP2R5C","TCF3"
"HSP90AB1","TBK1","TCF3"
"HSP90AB1","CREBBP","TCF3"
"HSP90AB1","PI3K","TCF3"
"HSP90AB1","CDKN1B","TCF3"
"HSP90AB1","BRAF","TCF3"
"HSP90AB1","STING1","TCF3"
"HSP90AB1","AKT2","PIK3CG"
"HSP90AB1","AKT1","PIK3CG"
"HSP90AB1","RPS6KB1","PIK3CG"
"HSP90AB1","IKBKB","PIK3CG"
"HSP90AB1","IRS1","PIK3CG"
"HSP90AB1","A6/b4 integrin","PIK3CG"
"HSP90AB1","NFKBIA","PIK3CG"
"HSP90AB1","PTK6","PIK3CG"
"HSP90AB1","IKBKE","PIK3CG"
"HSP90AB1","PPP2R5C","PIK3CG"
"HSP90AB1","PAK1","PIK3CG"
"HSP90AB1","TBK1","PIK3CG"
"HSP90AB1","CREBBP","PIK3CG"
"HSP90AB1","RELA","PIK3CG"
"HSP90AB1","RXRA","PIK3CG"
"HSP90AB1","ITGB4","PIK3CG"
"HSP90AB1","CDC25C","PIK3CG"
"HSP90AB1","BRAF","PIK3CG"
"HSP90AB1","PIK3R1","PIK3CG"
"HSP90AB1","SMAD1","PIK3CG"
"HSP90AB1","TRIM28","PIK3CG"
"HSP90AB1","AKT1","HDAC4"
"HSP90AB1","MAP2K1","HDAC4"
"HSP90AB1","AKT","HDAC4"
"HSP90AB1","IRS1","HDAC4"
"HSP90AB1","PIK3CA","HDAC4"
"HSP90AB1","IKBKE","HDAC4"
"HSP90AB1","TBK1","HDAC4"
"HSP90AB1","PI3K","HDAC4"
"HSP90AB1","CDKN1B","HDAC4"
"HSP90AB1","CDC25C","HDAC4"
"HSP90AB1","PTK2B","HDAC4"
"HSP90AB1","KDR","HDAC4"
"HSP90AB1","BRAF","HDAC4"
"HSP90AB1","SMAD1","HDAC4"
"HSP90AB1","TRIM28","HDAC4"
"HSP90AB1","STING1","HDAC4"
"HSP90AB1","AKT1","PIK3CB"
"HSP90AB1","RPS6KB1","PIK3CB"
"HSP90AB1","MAP2K1","PIK3CB"
"HSP90AB1","AKT","PIK3CB"
"HSP90AB1","IKBKB","PIK3CB"
"HSP90AB1","IRS1","PIK3CB"
"HSP90AB1","PIK3CA","PIK3CB"
"HSP90AB1","PTK6","PIK3CB"
"HSP90AB1","IKBKE","PIK3CB"
"HSP90AB1","TBK1","PIK3CB"
"HSP90AB1","PI3K","PIK3CB"
"HSP90AB1","RXRA","PIK3CB"
"HSP90AB1","RB1","PIK3CB"
"HSP90AB1","PTK2B","PIK3CB"
"HSP90AB1","KDR","PIK3CB"
"HSP90AB1","BRAF","PIK3CB"
"HSP90AB1","STING1","PIK3CB"
"HSP90AB1","AKT2","TRPV1"
"HSP90AB1","AKT1","TRPV1"
"HSP90AB1","RPS6KB1","TRPV1"
"HSP90AB1","AKT","TRPV1"
"HSP90AB1","IKBKB","TRPV1"
"HSP90AB1","A6/b4 integrin","TRPV1"
"HSP90AB1","IKBKE","TRPV1"
"HSP90AB1","TBK1","TRPV1"
"HSP90AB1","CREBBP","TRPV1"
"HSP90AB1","MEK1/2","TRPV1"
"HSP90AB1","RELA","TRPV1"
"HSP90AB1","CDKN1B","TRPV1"
"HSP90AB1","RB1","TRPV1"
"HSP90AB1","CDC25C","TRPV1"
"HSP90AB1","KDR","TRPV1"
"HSP90AB1","BRAF","TRPV1"
"HSP90AB1","SMAD1","TRPV1"
"HSP90AB1","TRIM28","TRPV1"
"HSP90AB1","STING1","TRPV1"
"HSP90AB1","BANP","TRPV1"
"HSP90AB1","AKT2","YWHAZ"
"HSP90AB1","AKT1","YWHAZ"
"HSP90AB1","AKT","YWHAZ"
"HSP90AB1","IRS1","YWHAZ"
"HSP90AB1","PIK3CA","YWHAZ"
"HSP90AB1","IKBKE","YWHAZ"
"HSP90AB1","PPP2R5C","YWHAZ"
"HSP90AB1","PAK1","YWHAZ"
"HSP90AB1","TBK1","YWHAZ"
"HSP90AB1","MEK1/2","YWHAZ"
"HSP90AB1","PI3K","YWHAZ"
"HSP90AB1","RELA","YWHAZ"
"HSP90AB1","RXRA","YWHAZ"
"HSP90AB1","RB1","YWHAZ"
"HSP90AB1","CDC25C","YWHAZ"
"HSP90AB1","PTK2B","YWHAZ"
"HSP90AB1","KDR","YWHAZ"
"HSP90AB1","BRAF","YWHAZ"
"HSP90AB1","SMAD1","YWHAZ"
"HSP90AB1","TRIM28","YWHAZ"
"HSP90AB1","AKT2","SMAD1"
"HSP90AB1","RPS6KB1","SMAD1"
"HSP90AB1","MAP2K1","SMAD1"
"HSP90AB1","IKBKB","SMAD1"
"HSP90AB1","IRS1","SMAD1"
"HSP90AB1","A6/b4 integrin","SMAD1"
"HSP90AB1","NFKBIA","SMAD1"
"HSP90AB1","PTK6","SMAD1"
"HSP90AB1","PPP2R5C","SMAD1"
"HSP90AB1","MEK1/2","SMAD1"
"HSP90AB1","RELA","SMAD1"
"HSP90AB1","CDKN1B","SMAD1"
"HSP90AB1","RXRA","SMAD1"
"HSP90AB1","CDC25C","SMAD1"
"HSP90AB1","TRIM28","SMAD1"
"HSP90AB1","AKT2","ARRB1"
"HSP90AB1","MAP2K1","ARRB1"
"HSP90AB1","IKBKB","ARRB1"
"HSP90AB1","PIK3CA","ARRB1"
"HSP90AB1","NFKBIA","ARRB1"
"HSP90AB1","PTK6","ARRB1"
"HSP90AB1","IKBKE","ARRB1"
"HSP90AB1","PPP2R5C","ARRB1"
"HSP90AB1","TBK1","ARRB1"
"HSP90AB1","CREBBP","ARRB1"
"HSP90AB1","PI3K","ARRB1"
"HSP90AB1","CDKN1B","ARRB1"
"HSP90AB1","CDC25C","ARRB1"
"HSP90AB1","BRAF","ARRB1"
"HSP90AB1","TRIM28","ARRB1"
"HSP90AB1","AKT2","PFKP"
"HSP90AB1","AKT1","PFKP"
"HSP90AB1","RPS6KB1","PFKP"
"HSP90AB1","IKBKB","PFKP"
"HSP90AB1","IRS1","PFKP"
"HSP90AB1","PIK3CA","PFKP"
"HSP90AB1","A6/b4 integrin","PFKP"
"HSP90AB1","PTK6","PFKP"
"HSP90AB1","IKBKE","PFKP"
"HSP90AB1","PPP2R5C","PFKP"
"HSP90AB1","PAK1","PFKP"
"HSP90AB1","TBK1","PFKP"
"HSP90AB1","CREBBP","PFKP"
"HSP90AB1","MEK1/2","PFKP"
"HSP90AB1","PI3K","PFKP"
"HSP90AB1","RELA","PFKP"
"HSP90AB1","RXRA","PFKP"
"HSP90AB1","RB1","PFKP"
"HSP90AB1","CDC25C","PFKP"
"HSP90AB1","PTK2B","PFKP"
"HSP90AB1","KDR","PFKP"
"HSP90AB1","BRAF","PFKP"
"HSP90AB1","SMAD1","PFKP"
"HSP90AB1","TRIM28","PFKP"
"HSP90AB1","AKT2","RBPJ"
"HSP90AB1","AKT1","RBPJ"
"HSP90AB1","RPS6KB1","RBPJ"
"HSP90AB1","MAP2K1","RBPJ"
"HSP90AB1","AKT","RBPJ"
"HSP90AB1","IKBKB","RBPJ"
"HSP90AB1","NFKBIA","RBPJ"
"HSP90AB1","MEK1/2","RBPJ"
"HSP90AB1","RELA","RBPJ"
"HSP90AB1","CDC25C","RBPJ"
"HSP90AB1","SMAD1","RBPJ"
"HSP90AB1","STING1","RBPJ"
"HSP90AB1","AKT2","HAX1"
"HSP90AB1","AKT1","HAX1"
"HSP90AB1","MAP2K1","HAX1"
"HSP90AB1","NFKBIA","HAX1"
"HSP90AB1","IKBKE","HAX1"
"HSP90AB1","PPP2R5C","HAX1"
"HSP90AB1","PAK1","HAX1"
"HSP90AB1","TBK1","HAX1"
"HSP90AB1","PI3K","HAX1"
"HSP90AB1","RELA","HAX1"
"HSP90AB1","RXRA","HAX1"
"HSP90AB1","PTK2B","HAX1"
"HSP90AB1","KDR","HAX1"
"HSP90AB1","BRAF","HAX1"
"HSP90AB1","TRIM28","HAX1"
"HSP90AB1","STING1","HAX1"
"HSP90AB1","AKT2","STMN1"
"HSP90AB1","AKT1","STMN1"
"HSP90AB1","MAP2K1","STMN1"
"HSP90AB1","AKT","STMN1"
"HSP90AB1","IRS1","STMN1"
"HSP90AB1","PIK3CA","STMN1"
"HSP90AB1","A6/b4 integrin","STMN1"
"HSP90AB1","NFKBIA","STMN1"
"HSP90AB1","PTK6","STMN1"
"HSP90AB1","IKBKE","STMN1"
"HSP90AB1","PAK1","STMN1"
"HSP90AB1","TBK1","STMN1"
"HSP90AB1","PI3K","STMN1"
"HSP90AB1","RXRA","STMN1"
"HSP90AB1","RB1","STMN1"
"HSP90AB1","PTK2B","STMN1"
"HSP90AB1","KDR","STMN1"
"HSP90AB1","BRAF","STMN1"
"HSP90AB1","SMAD1","STMN1"
"HSP90AB1","TRIM28","STMN1"
"HSP90AB1","STING1","STMN1"
"HSP90AB1","AKT1","CDH1"
"HSP90AB1","RPS6KB1","CDH1"
"HSP90AB1","MAP2K1","CDH1"
"HSP90AB1","IKBKB","CDH1"
"HSP90AB1","NFKBIA","CDH1"
"HSP90AB1","PPP2R5C","CDH1"
"HSP90AB1","MEK1/2","CDH1"
"HSP90AB1","PI3K","CDH1"
"HSP90AB1","CDKN1B","CDH1"
"HSP90AB1","RXRA","CDH1"
"HSP90AB1","PTK2B","CDH1"
"HSP90AB1","KDR","CDH1"
"HSP90AB1","BRAF","CDH1"
"HSP90AB1","SMAD1","CDH1"
"HSP90AB1","TRIM28","CDH1"
"HSP90AB1","AKT1","SCNN1G"
"HSP90AB1","IRS1","SCNN1G"
"HSP90AB1","NFKBIA","SCNN1G"
"HSP90AB1","TBK1","SCNN1G"
"HSP90AB1","CREBBP","SCNN1G"
"HSP90AB1","RELA","SCNN1G"
"HSP90AB1","CDKN1B","SCNN1G"
"HSP90AB1","RB1","SCNN1G"
"HSP90AB1","TRIM28","SCNN1G"
"HSP90AB1","AKT2","TRIM28"
"HSP90AB1","MAP2K1","TRIM28"
"HSP90AB1","AKT","TRIM28"
"HSP90AB1","IRS1","TRIM28"
"HSP90AB1","PIK3CA","TRIM28"
"HSP90AB1","IKBKE","TRIM28"
"HSP90AB1","PPP2R5C","TRIM28"
"HSP90AB1","TBK1","TRIM28"
"HSP90AB1","CREBBP","TRIM28"
"HSP90AB1","MEK1/2","TRIM28"
"HSP90AB1","PI3K","TRIM28"
"HSP90AB1","RELA","TRIM28"
"HSP90AB1","CDKN1B","TRIM28"
"HSP90AB1","RXRA","TRIM28"
"HSP90AB1","RB1","TRIM28"
"HSP90AB1","KDR","TRIM28"
"HSP90AB1","SMAD1","TRIM28"
"HSP90AB1","STING1","TRIM28"
"HSP90AB1","AKT2","TACSTD2"
"HSP90AB1","AKT1","TACSTD2"
"HSP90AB1","MAP2K1","TACSTD2"
"HSP90AB1","AKT","TACSTD2"
"HSP90AB1","IKBKB","TACSTD2"
"HSP90AB1","PIK3CA","TACSTD2"
"HSP90AB1","A6/b4 integrin","TACSTD2"
"HSP90AB1","NFKBIA","TACSTD2"
"HSP90AB1","IKBKE","TACSTD2"
"HSP90AB1","PPP2R5C","TACSTD2"
"HSP90AB1","TBK1","TACSTD2"
"HSP90AB1","CREBBP","TACSTD2"
"HSP90AB1","RB1","TACSTD2"
"HSP90AB1","CDC25C","TACSTD2"
"HSP90AB1","KDR","TACSTD2"
"HSP90AB1","BRAF","TACSTD2"
"HSP90AB1","TRIM28","TACSTD2"
"HSP90AB1","STING1","TACSTD2"
"HSP90AB1","BANP","TACSTD2"
"HSP90AB1","AKT1","THRB"
"HSP90AB1","RPS6KB1","THRB"
"HSP90AB1","MAP2K1","THRB"
"HSP90AB1","AKT","THRB"
"HSP90AB1","IRS1","THRB"
"HSP90AB1","A6/b4 integrin","THRB"
"HSP90AB1","PTK6","THRB"
"HSP90AB1","PPP2R5C","THRB"
"HSP90AB1","PAK1","THRB"
"HSP90AB1","TBK1","THRB"
"HSP90AB1","RELA","THRB"
"HSP90AB1","RB1","THRB"
"HSP90AB1","CDC25C","THRB"
"HSP90AB1","KDR","THRB"
"HSP90AB1","BRAF","THRB"
"HSP90AB1","STING1","THRB"
"HSP90AB1","BANP","THRB"
"HSP90AB1","AKT1","AL/b2 integrin"
"HSP90AB1","MAP2K1","AL/b2 integrin"
"HSP90AB1","AKT","AL/b2 integrin"
"HSP90AB1","IRS1","AL/b2 integrin"
"HSP90AB1","IKBKE","AL/b2 integrin"
"HSP90AB1","TBK1","AL/b2 integrin"
"HSP90AB1","MEK1/2","AL/b2 integrin"
"HSP90AB1","RXRA","AL/b2 integrin"
"HSP90AB1","KDR","AL/b2 integrin"
"HSP90AB1","BRAF","AL/b2 integrin"
"HSP90AB1","SMAD1","AL/b2 integrin"
"HSP90AB1","TRIM28","AL/b2 integrin"
"HSP90AB1","AKT2","NOXA1"
"HSP90AB1","RPS6KB1","NOXA1"
"HSP90AB1","MAP2K1","NOXA1"
"HSP90AB1","AKT","NOXA1"
"HSP90AB1","IKBKB","NOXA1"
"HSP90AB1","IRS1","NOXA1"
"HSP90AB1","PIK3CA","NOXA1"
"HSP90AB1","NFKBIA","NOXA1"
"HSP90AB1","PTK6","NOXA1"
"HSP90AB1","PAK1","NOXA1"
"HSP90AB1","CREBBP","NOXA1"
"HSP90AB1","MEK1/2","NOXA1"
"HSP90AB1","RELA","NOXA1"
"HSP90AB1","CDKN1B","NOXA1"
"HSP90AB1","RB1","NOXA1"
"HSP90AB1","CDC25C","NOXA1"
"HSP90AB1","PTK2B","NOXA1"
"HSP90AB1","KDR","NOXA1"
"HSP90AB1","SMAD1","NOXA1"
"HSP90AB1","TRIM28","NOXA1"
"HSP90AB1","STING1","NOXA1"
"HSP90AB1","BANP","NOXA1"
"HSP90AB1","AKT2","SMARCD3"
"HSP90AB1","AKT1","SMARCD3"
"HSP90AB1","RPS6KB1","SMARCD3"
"HSP90AB1","MAP2K1","SMARCD3"
"HSP90AB1","IRS1","SMARCD3"
"HSP90AB1","A6/b4 integrin","SMARCD3"
"HSP90AB1","NFKBIA","SMARCD3"
"HSP90AB1","IKBKE","SMARCD3"
"HSP90AB1","PPP2R5C","SMARCD3"
"HSP90AB1","TBK1","SMARCD3"
"HSP90AB1","CREBBP","SMARCD3"
"HSP90AB1","MEK1/2","SMARCD3"
"HSP90AB1","RELA","SMARCD3"
"HSP90AB1","CDKN1B","SMARCD3"
"HSP90AB1","RXRA","SMARCD3"
"HSP90AB1","RB1","SMARCD3"
"HSP90AB1","PTK2B","SMARCD3"
"HSP90AB1","KDR","SMARCD3"
"HSP90AB1","BRAF","SMARCD3"
"HSP90AB1","SMAD1","SMARCD3"
"HSP90AB1","TRIM28","SMARCD3"
"HSP90AB1","STING1","SMARCD3"
"HSP90AB1","BANP","SMARCD3"
"HSP90AB1","AKT1","LIFR"
"HSP90AB1","RPS6KB1","LIFR"
"HSP90AB1","MAP2K1","LIFR"
"HSP90AB1","IRS1","LIFR"
"HSP90AB1","PTK6","LIFR"
"HSP90AB1","IKBKE","LIFR"
"HSP90AB1","TBK1","LIFR"
"HSP90AB1","CREBBP","LIFR"
"HSP90AB1","RELA","LIFR"
"HSP90AB1","RXRA","LIFR"
"HSP90AB1","CDC25C","LIFR"
"HSP90AB1","KDR","LIFR"
"HSP90AB1","BRAF","LIFR"
"HSP90AB1","STING1","LIFR"
"HSP90AB1","BANP","LIFR"
"HSP90AB1","AKT1","TSC2"
"HSP90AB1","IKBKB","TSC2"
"HSP90AB1","IRS1","TSC2"
"HSP90AB1","PIK3CA","TSC2"
"HSP90AB1","A6/b4 integrin","TSC2"
"HSP90AB1","NFKBIA","TSC2"
"HSP90AB1","IKBKE","TSC2"
"HSP90AB1","TBK1","TSC2"
"HSP90AB1","MEK1/2","TSC2"
"HSP90AB1","RXRA","TSC2"
"HSP90AB1","KDR","TSC2"
"HSP90AB1","TRIM28","TSC2"
"HSP90AB1","AKT1","SCNN1B"
"HSP90AB1","RPS6KB1","SCNN1B"
"HSP90AB1","MAP2K1","SCNN1B"
"HSP90AB1","AKT","SCNN1B"
"HSP90AB1","IRS1","SCNN1B"
"HSP90AB1","PIK3CA","SCNN1B"
"HSP90AB1","A6/b4 integrin","SCNN1B"
"HSP90AB1","IKBKE","SCNN1B"
"HSP90AB1","PPP2R5C","SCNN1B"
"HSP90AB1","TBK1","SCNN1B"
"HSP90AB1","CREBBP","SCNN1B"
"HSP90AB1","PI3K","SCNN1B"
"HSP90AB1","RELA","SCNN1B"
"HSP90AB1","RXRA","SCNN1B"
"HSP90AB1","RB1","SCNN1B"
"HSP90AB1","CDC25C","SCNN1B"
"HSP90AB1","KDR","SCNN1B"
"HSP90AB1","TRIM28","SCNN1B"
"HSP90AB1","STING1","SCNN1B"
"HSP90AB1","AKT1","STING1"
"HSP90AB1","RPS6KB1","STING1"
"HSP90AB1","MAP2K1","STING1"
"HSP90AB1","AKT","STING1"
"HSP90AB1","IRS1","STING1"
"HSP90AB1","A6/b4 integrin","STING1"
"HSP90AB1","PPP2R5C","STING1"
"HSP90AB1","PAK1","STING1"
"HSP90AB1","MEK1/2","STING1"
"HSP90AB1","KDR","STING1"
"HSP90AB1","SMAD1","STING1"
"HSP90AB1","BANP","STING1"
"HSP90AB1","AKT2","SQSTM1"
"HSP90AB1","AKT1","SQSTM1"
"HSP90AB1","IKBKB","SQSTM1"
"HSP90AB1","IRS1","SQSTM1"
"HSP90AB1","PIK3CA","SQSTM1"
"HSP90AB1","IKBKE","SQSTM1"
"HSP90AB1","PAK1","SQSTM1"
"HSP90AB1","MEK1/2","SQSTM1"
"HSP90AB1","PI3K","SQSTM1"
"HSP90AB1","RXRA","SQSTM1"
"HSP90AB1","RB1","SQSTM1"
"HSP90AB1","PTK2B","SQSTM1"
"HSP90AB1","KDR","SQSTM1"
"HSP90AB1","TRIM28","SQSTM1"
"HSP90AB1","AKT2","LIMK2"
"HSP90AB1","AKT1","LIMK2"
"HSP90AB1","IRS1","LIMK2"
"HSP90AB1","A6/b4 integrin","LIMK2"
"HSP90AB1","PPP2R5C","LIMK2"
"HSP90AB1","MEK1/2","LIMK2"
"HSP90AB1","RELA","LIMK2"
"HSP90AB1","CDKN1B","LIMK2"
"HSP90AB1","BRAF","LIMK2"
"HSP90AB1","SMAD1","LIMK2"
"HSP90AB1","TRIM28","LIMK2"
"HSP90AB1","STING1","LIMK2"
"HSP90AB1","AKT2","CEBPA"
"HSP90AB1","MAP2K1","CEBPA"
"HSP90AB1","IKBKB","CEBPA"
"HSP90AB1","IRS1","CEBPA"
"HSP90AB1","PIK3CA","CEBPA"
"HSP90AB1","A6/b4 integrin","CEBPA"
"HSP90AB1","NFKBIA","CEBPA"
"HSP90AB1","PTK6","CEBPA"
"HSP90AB1","IKBKE","CEBPA"
"HSP90AB1","PPP2R5C","CEBPA"
"HSP90AB1","CREBBP","CEBPA"
"HSP90AB1","MEK1/2","CEBPA"
"HSP90AB1","RELA","CEBPA"
"HSP90AB1","CDKN1B","CEBPA"
"HSP90AB1","CDC25C","CEBPA"
"HSP90AB1","PTK2B","CEBPA"
"HSP90AB1","BRAF","CEBPA"
"HSP90AB1","TRIM28","CEBPA"
"HSP90AB1","BANP","CEBPA"
"HSP90AB1","AKT2","BANP"
"HSP90AB1","AKT1","BANP"
"HSP90AB1","RPS6KB1","BANP"
"HSP90AB1","AKT","BANP"
"HSP90AB1","IKBKB","BANP"
"HSP90AB1","IRS1","BANP"
"HSP90AB1","A6/b4 integrin","BANP"
"HSP90AB1","NFKBIA","BANP"
"HSP90AB1","PPP2R5C","BANP"
"HSP90AB1","PAK1","BANP"
"HSP90AB1","CREBBP","BANP"
"HSP90AB1","CDKN1B","BANP"
"HSP90AB1","RXRA","BANP"
"HSP90AB1","RB1","BANP"
"HSP90AB1","CDC25C","BANP"
"HSP90AB1","KDR","BANP"
"HSP90AB1","SMAD1","BANP"
"HSP90AB1","TRIM28","BANP"
"HSP90AB1","STING1","BANP"
"HSP90AB1","AKT1","AD/b2 integrin"
"HSP90AB1","MAP2K1","AD/b2 integrin"
"HSP90AB1","IKBKB","AD/b2 integrin"
"HSP90AB1","NFKBIA","AD/b2 integrin"
"HSP90AB1","PTK6","AD/b2 integrin"
"HSP90AB1","PPP2R5C","AD/b2 integrin"
"HSP90AB1","PAK1","AD/b2 integrin"
"HSP90AB1","CREBBP","AD/b2 integrin"
"HSP90AB1","MEK1/2","AD/b2 integrin"
"HSP90AB1","PI3K","AD/b2 integrin"
"HSP90AB1","CDKN1B","AD/b2 integrin"
"HSP90AB1","RXRA","AD/b2 integrin"
"HSP90AB1","CDC25C","AD/b2 integrin"
"HSP90AB1","PTK2B","AD/b2 integrin"
"HSP90AB1","BRAF","AD/b2 integrin"
"HSP90AB1","SMAD1","AD/b2 integrin"
"HSP90AB1","TRIM28","AD/b2 integrin"
"HSP90AB1","STING1","AD/b2 integrin"
"HSP90AB1","BANP","AD/b2 integrin"
"HSP90AB1","AKT2","KHSRP"
"HSP90AB1","RPS6KB1","KHSRP"
"HSP90AB1","IKBKB","KHSRP"
"HSP90AB1","IRS1","KHSRP"
"HSP90AB1","A6/b4 integrin","KHSRP"
"HSP90AB1","NFKBIA","KHSRP"
"HSP90AB1","IKBKE","KHSRP"
"HSP90AB1","PPP2R5C","KHSRP"
"HSP90AB1","PAK1","KHSRP"
"HSP90AB1","CREBBP","KHSRP"
"HSP90AB1","MEK1/2","KHSRP"
"HSP90AB1","PI3K","KHSRP"
"HSP90AB1","RELA","KHSRP"
"HSP90AB1","CDKN1B","KHSRP"
"HSP90AB1","KDR","KHSRP"
"HSP90AB1","BRAF","KHSRP"
"HSP90AB1","SMAD1","KHSRP"
"HSP90AB1","AKT2","HABP4"
"HSP90AB1","AKT","HABP4"
"HSP90AB1","IRS1","HABP4"
"HSP90AB1","PIK3CA","HABP4"
"HSP90AB1","NFKBIA","HABP4"
"HSP90AB1","PTK6","HABP4"
"HSP90AB1","IKBKE","HABP4"
"HSP90AB1","MEK1/2","HABP4"
"HSP90AB1","CDKN1B","HABP4"
"HSP90AB1","RB1","HABP4"
"HSP90AB1","CDC25C","HABP4"
"HSP90AB1","KDR","HABP4"
"HSP90AB1","SMAD1","HABP4"
"HSP90AB1","BANP","HABP4"
"HSP90AB1","RPS6KB1","TP53BP1"
"HSP90AB1","AKT","TP53BP1"
"HSP90AB1","A6/b4 integrin","TP53BP1"
"HSP90AB1","PPP2R5C","TP53BP1"
"HSP90AB1","PAK1","TP53BP1"
"HSP90AB1","MEK1/2","TP53BP1"
"HSP90AB1","PI3K","TP53BP1"
"HSP90AB1","RELA","TP53BP1"
"HSP90AB1","CDKN1B","TP53BP1"
"HSP90AB1","RB1","TP53BP1"
"HSP90AB1","KDR","TP53BP1"
"HSP90AB1","TRIM28","TP53BP1"
"HSP90AB1","BANP","TP53BP1"
"HSP90AB1","MAP2K1","MCRIP1"
"HSP90AB1","PIK3CA","MCRIP1"
"HSP90AB1","A6/b4 integrin","MCRIP1"
"HSP90AB1","NFKBIA","MCRIP1"
"HSP90AB1","IKBKE","MCRIP1"
"HSP90AB1","PPP2R5C","MCRIP1"
"HSP90AB1","TBK1","MCRIP1"
"HSP90AB1","CDKN1B","MCRIP1"
"HSP90AB1","CDC25C","MCRIP1"
"HSP90AB1","KDR","MCRIP1"
"HSP90AB1","STING1","MCRIP1"
"HSP90AB1","RPS6KB1","CASP8"
"HSP90AB1","MAP2K1","CASP8"
"HSP90AB1","AKT","CASP8"
"HSP90AB1","IKBKB","CASP8"
"HSP90AB1","PIK3CA","CASP8"
"HSP90AB1","A6/b4 integrin","CASP8"
"HSP90AB1","PTK6","CASP8"
"HSP90AB1","IKBKE","CASP8"
"HSP90AB1","PPP2R5C","CASP8"
"HSP90AB1","PAK1","CASP8"
"HSP90AB1","TBK1","CASP8"
"HSP90AB1","CREBBP","CASP8"
"HSP90AB1","PI3K","CASP8"
"HSP90AB1","RELA","CASP8"
"HSP90AB1","CDKN1B","CASP8"
"HSP90AB1","RXRA","CASP8"
"HSP90AB1","RB1","CASP8"
"HSP90AB1","CDC25C","CASP8"
"HSP90AB1","KDR","CASP8"
"HSP90AB1","BRAF","CASP8"
"HSP90AB1","SMAD1","CASP8"
"HSP90AB1","TRIM28","CASP8"
"HSP90AB1","STING1","CASP8"
"HSP90AB1","BANP","CASP8"
"HSP90AB1","AKT2","EIF4EBP1"
"HSP90AB1","AKT1","EIF4EBP1"
"HSP90AB1","RPS6KB1","EIF4EBP1"
"HSP90AB1","MAP2K1","EIF4EBP1"
"HSP90AB1","IRS1","EIF4EBP1"
"HSP90AB1","PIK3CA","EIF4EBP1"
"HSP90AB1","NFKBIA","EIF4EBP1"
"HSP90AB1","PAK1","EIF4EBP1"
"HSP90AB1","CDKN1B","EIF4EBP1"
"HSP90AB1","RXRA","EIF4EBP1"
"HSP90AB1","PTK2B","EIF4EBP1"
"HSP90AB1","KDR","EIF4EBP1"
"HSP90AB1","BRAF","EIF4EBP1"
"HSP90AB1","TRIM28","EIF4EBP1"
"HSP90AB1","BANP","EIF4EBP1"
"HSP90AB1","MAP2K1","PIK3CD"
"HSP90AB1","AKT","PIK3CD"
"HSP90AB1","IRS1","PIK3CD"
"HSP90AB1","PIK3CA","PIK3CD"
"HSP90AB1","A6/b4 integrin","PIK3CD"
"HSP90AB1","NFKBIA","PIK3CD"
"HSP90AB1","PTK6","PIK3CD"
"HSP90AB1","IKBKE","PIK3CD"
"HSP90AB1","PPP2R5C","PIK3CD"
"HSP90AB1","PAK1","PIK3CD"
"HSP90AB1","TBK1","PIK3CD"
"HSP90AB1","MEK1/2","PIK3CD"
"HSP90AB1","PI3K","PIK3CD"
"HSP90AB1","CDKN1B","PIK3CD"
"HSP90AB1","RXRA","PIK3CD"
"HSP90AB1","CDC25C","PIK3CD"
"HSP90AB1","PTK2B","PIK3CD"
"HSP90AB1","KDR","PIK3CD"
"HSP90AB1","BRAF","PIK3CD"
"HSP90AB1","SMAD1","PIK3CD"
"HSP90AB1","TRIM28","PIK3CD"
"HSP90AB1","STING1","PIK3CD"
"HSP90AB1","AKT2","MRTFA"
"HSP90AB1","AKT1","MRTFA"
"HSP90AB1","RPS6KB1","MRTFA"
"HSP90AB1","IKBKB","MRTFA"
"HSP90AB1","IRS1","MRTFA"
"HSP90AB1","PIK3CA","MRTFA"
"HSP90AB1","A6/b4 integrin","MRTFA"
"HSP90AB1","NFKBIA","MRTFA"
"HSP90AB1","IKBKE","MRTFA"
"HSP90AB1","PPP2R5C","MRTFA"
"HSP90AB1","TBK1","MRTFA"
"HSP90AB1","CREBBP","MRTFA"
"HSP90AB1","PI3K","MRTFA"
"HSP90AB1","RELA","MRTFA"
"HSP90AB1","KDR","MRTFA"
"HSP90AB1","BRAF","MRTFA"
"HSP90AB1","TRIM28","MRTFA"
"HSP90AB1","BANP","MRTFA"
"HSP90AB1","AKT2","MAPT"
"HSP90AB1","RPS6KB1","MAPT"
"HSP90AB1","MAP2K1","MAPT"
"HSP90AB1","AKT","MAPT"
"HSP90AB1","IKBKB","MAPT"
"HSP90AB1","IRS1","MAPT"
"HSP90AB1","PIK3CA","MAPT"
"HSP90AB1","A6/b4 integrin","MAPT"
"HSP90AB1","NFKBIA","MAPT"
"HSP90AB1","PTK6","MAPT"
"HSP90AB1","PPP2R5C","MAPT"
"HSP90AB1","PAK1","MAPT"
"HSP90AB1","TBK1","MAPT"
"HSP90AB1","CREBBP","MAPT"
"HSP90AB1","MEK1/2","MAPT"
"HSP90AB1","PI3K","MAPT"
"HSP90AB1","CDKN1B","MAPT"
"HSP90AB1","RXRA","MAPT"
"HSP90AB1","RB1","MAPT"
"HSP90AB1","CDC25C","MAPT"
"HSP90AB1","PTK2B","MAPT"
"HSP90AB1","KDR","MAPT"
"HSP90AB1","SMAD1","MAPT"
"HSP90AB1","TRIM28","MAPT"
"HSP90AB1","STING1","MAPT"
"HSP90AB1","AKT2","POLR2A"
"HSP90AB1","RPS6KB1","POLR2A"
"HSP90AB1","AKT","POLR2A"
"HSP90AB1","IRS1","POLR2A"
"HSP90AB1","PTK6","POLR2A"
"HSP90AB1","IKBKE","POLR2A"
"HSP90AB1","PAK1","POLR2A"
"HSP90AB1","MEK1/2","POLR2A"
"HSP90AB1","PI3K","POLR2A"
"HSP90AB1","RELA","POLR2A"
"HSP90AB1","RXRA","POLR2A"
"HSP90AB1","RB1","POLR2A"
"HSP90AB1","PTK2B","POLR2A"
"HSP90AB1","BRAF","POLR2A"
"HSP90AB1","SMAD1","POLR2A"
"HSP90AB1","STING1","POLR2A"
"HSP90AB1","MAP2K1","AMPH"
"HSP90AB1","IRS1","AMPH"
"HSP90AB1","A6/b4 integrin","AMPH"
"HSP90AB1","PPP2R5C","AMPH"
"HSP90AB1","MEK1/2","AMPH"
"HSP90AB1","PI3K","AMPH"
"HSP90AB1","RELA","AMPH"
"HSP90AB1","CDKN1B","AMPH"
"HSP90AB1","CDC25C","AMPH"
"HSP90AB1","PTK2B","AMPH"
"HSP90AB1","BRAF","AMPH"
"HSP90AB1","SMAD1","AMPH"
"HSP90AB1","TRIM28","AMPH"
"HSP90AB1","STING1","AMPH"
"HSP90AB1","AKT1","MBP"
"HSP90AB1","AKT","MBP"
"HSP90AB1","PIK3CA","MBP"
"HSP90AB1","A6/b4 integrin","MBP"
"HSP90AB1","NFKBIA","MBP"
"HSP90AB1","PTK6","MBP"
"HSP90AB1","IKBKE","MBP"
"HSP90AB1","PAK1","MBP"
"HSP90AB1","TBK1","MBP"
"HSP90AB1","CREBBP","MBP"
"HSP90AB1","CDKN1B","MBP"
"HSP90AB1","RXRA","MBP"
"HSP90AB1","RB1","MBP"
"HSP90AB1","PTK2B","MBP"
"HSP90AB1","KDR","MBP"
"HSP90AB1","TRIM28","MBP"
"HSP90AB1","AKT2","GJA1"
"HSP90AB1","MAP2K1","GJA1"
"HSP90AB1","AKT","GJA1"
"HSP90AB1","IKBKB","GJA1"
"HSP90AB1","PIK3CA","GJA1"
"HSP90AB1","A6/b4 integrin","GJA1"
"HSP90AB1","IKBKE","GJA1"
"HSP90AB1","PAK1","GJA1"
"HSP90AB1","CREBBP","GJA1"
"HSP90AB1","PI3K","GJA1"
"HSP90AB1","RB1","GJA1"
"HSP90AB1","KDR","GJA1"
"HSP90AB1","BRAF","GJA1"
"HSP90AB1","TRIM28","GJA1"
"HSP90AB1","STING1","GJA1"
"HSP90AB1","BANP","GJA1"
"HSP90AB1","AKT1","SOS1"
"HSP90AB1","RPS6KB1","SOS1"
"HSP90AB1","PIK3CA","SOS1"
"HSP90AB1","NFKBIA","SOS1"
"HSP90AB1","CREBBP","SOS1"
"HSP90AB1","PI3K","SOS1"
"HSP90AB1","RELA","SOS1"
"HSP90AB1","RXRA","SOS1"
"HSP90AB1","RB1","SOS1"
"HSP90AB1","KDR","SOS1"
"HSP90AB1","SMAD1","SOS1"
"HSP90AB1","TRIM28","SOS1"
"HSP90AB1","BANP","SOS1"
"HSP90AB1","AKT1","AM/b2 integrin"
"HSP90AB1","RPS6KB1","AM/b2 integrin"
"HSP90AB1","AKT","AM/b2 integrin"
"HSP90AB1","IKBKB","AM/b2 integrin"
"HSP90AB1","PIK3CA","AM/b2 integrin"
"HSP90AB1","A6/b4 integrin","AM/b2 integrin"
"HSP90AB1","NFKBIA","AM/b2 integrin"
"HSP90AB1","PTK6","AM/b2 integrin"
"HSP90AB1","IKBKE","AM/b2 integrin"
"HSP90AB1","PPP2R5C","AM/b2 integrin"
"HSP90AB1","PAK1","AM/b2 integrin"
"HSP90AB1","TBK1","AM/b2 integrin"
"HSP90AB1","CREBBP","AM/b2 integrin"
"HSP90AB1","RELA","AM/b2 integrin"
"HSP90AB1","RXRA","AM/b2 integrin"
"HSP90AB1","RB1","AM/b2 integrin"
"HSP90AB1","KDR","AM/b2 integrin"
"HSP90AB1","BRAF","AM/b2 integrin"
"HSP90AB1","TRIM28","AM/b2 integrin"
"HSP90AB1","STING1","AM/b2 integrin"
"HSP90AB1","AKT2","A6/b1 integrin"
"HSP90AB1","AKT1","A6/b1 integrin"
"HSP90AB1","IKBKB","A6/b1 integrin"
"HSP90AB1","PAK1","A6/b1 integrin"
"HSP90AB1","PI3K","A6/b1 integrin"
"HSP90AB1","PTK2B","A6/b1 integrin"
"HSP90AB1","KDR","A6/b1 integrin"
"HSP90AB1","SMAD1","A6/b1 integrin"
"HSP90AB1","STING1","A6/b1 integrin"
"HSP90AB1","AKT2","Av/b3 integrin"
"HSP90AB1","AKT1","Av/b3 integrin"
"HSP90AB1","MAP2K1","Av/b3 integrin"
"HSP90AB1","IKBKB","Av/b3 integrin"
"HSP90AB1","PIK3CA","Av/b3 integrin"
"HSP90AB1","IKBKE","Av/b3 integrin"
"HSP90AB1","PPP2R5C","Av/b3 integrin"
"HSP90AB1","TBK1","Av/b3 integrin"
"HSP90AB1","PI3K","Av/b3 integrin"
"HSP90AB1","RELA","Av/b3 integrin"
"HSP90AB1","CDKN1B","Av/b3 integrin"
"HSP90AB1","RB1","Av/b3 integrin"
"HSP90AB1","CDC25C","Av/b3 integrin"
"HSP90AB1","KDR","Av/b3 integrin"
"HSP90AB1","SMAD1","Av/b3 integrin"
"HSP90AB1","TRIM28","Av/b3 integrin"
"HSP90AB1","STING1","Av/b3 integrin"
"HSP90AB1","BANP","Av/b3 integrin"
"HSP90AB1","AKT","FOXO4"
"HSP90AB1","PIK3CA","FOXO4"
"HSP90AB1","NFKBIA","FOXO4"
"HSP90AB1","PPP2R5C","FOXO4"
"HSP90AB1","PAK1","FOXO4"
"HSP90AB1","PI3K","FOXO4"
"HSP90AB1","RELA","FOXO4"
"HSP90AB1","CDKN1B","FOXO4"
"HSP90AB1","RB1","FOXO4"
"HSP90AB1","KDR","FOXO4"
"HSP90AB1","AKT2","POU5F1"
"HSP90AB1","MAP2K1","POU5F1"
"HSP90AB1","IRS1","POU5F1"
"HSP90AB1","PPP2R5C","POU5F1"
"HSP90AB1","MEK1/2","POU5F1"
"HSP90AB1","PI3K","POU5F1"
"HSP90AB1","CDKN1B","POU5F1"
"HSP90AB1","RB1","POU5F1"
"HSP90AB1","KDR","POU5F1"
"HSP90AB1","TRIM28","POU5F1"
"HSP90AB1","BANP","POU5F1"
"HSP90AB1","MAP2K1","FOXO3"
"HSP90AB1","PIK3CA","FOXO3"
"HSP90AB1","A6/b4 integrin","FOXO3"
"HSP90AB1","NFKBIA","FOXO3"
"HSP90AB1","IKBKE","FOXO3"
"HSP90AB1","PPP2R5C","FOXO3"
"HSP90AB1","TBK1","FOXO3"
"HSP90AB1","CDKN1B","FOXO3"
"HSP90AB1","CDC25C","FOXO3"
"HSP90AB1","KDR","FOXO3"
"HSP90AB1","TRIM28","FOXO3"
"HSP90AB1","STING1","FOXO3"
"HSP90AB1","BANP","FOXO3"
"HSP90AB1","RPS6KB1","ITGB3"
"HSP90AB1","MAP2K1","ITGB3"
"HSP90AB1","AKT","ITGB3"
"HSP90AB1","IKBKB","ITGB3"
"HSP90AB1","PIK3CA","ITGB3"
"HSP90AB1","A6/b4 integrin","ITGB3"
"HSP90AB1","NFKBIA","ITGB3"
"HSP90AB1","PTK6","ITGB3"
"HSP90AB1","PPP2R5C","ITGB3"
"HSP90AB1","PAK1","ITGB3"
"HSP90AB1","TBK1","ITGB3"
"HSP90AB1","CREBBP","ITGB3"
"HSP90AB1","MEK1/2","ITGB3"
"HSP90AB1","PI3K","ITGB3"
"HSP90AB1","CDKN1B","ITGB3"
"HSP90AB1","RB1","ITGB3"
"HSP90AB1","PTK2B","ITGB3"
"HSP90AB1","KDR","ITGB3"
"HSP90AB1","BRAF","ITGB3"
"HSP90AB1","SMAD1","ITGB3"
"HSP90AB1","TRIM28","ITGB3"
"HSP90AB1","STING1","ITGB3"
"HSP90AB1","AKT1","FOXO"
"HSP90AB1","RPS6KB1","FOXO"
"HSP90AB1","AKT","FOXO"
"HSP90AB1","NFKBIA","FOXO"
"HSP90AB1","PTK6","FOXO"
"HSP90AB1","PPP2R5C","FOXO"
"HSP90AB1","PAK1","FOXO"
"HSP90AB1","TBK1","FOXO"
"HSP90AB1","PI3K","FOXO"
"HSP90AB1","CDKN1B","FOXO"
"HSP90AB1","RXRA","FOXO"
"HSP90AB1","RB1","FOXO"
"HSP90AB1","PTK2B","FOXO"
"HSP90AB1","KDR","FOXO"
"HSP90AB1","BRAF","FOXO"
"HSP90AB1","TRIM28","FOXO"
"HSP90AB1","AKT2","PCYT1A"
"HSP90AB1","RPS6KB1","PCYT1A"
"HSP90AB1","MAP2K1","PCYT1A"
"HSP90AB1","AKT","PCYT1A"
"HSP90AB1","PIK3CA","PCYT1A"
"HSP90AB1","NFKBIA","PCYT1A"
"HSP90AB1","IKBKE","PCYT1A"
"HSP90AB1","TBK1","PCYT1A"
"HSP90AB1","CREBBP","PCYT1A"
"HSP90AB1","PTK2B","PCYT1A"
"HSP90AB1","SMAD1","PCYT1A"
"HSP90AB1","TRIM28","PCYT1A"
"HSP90AB1","BANP","PCYT1A"
"HSP90AB1","AKT1","ITGB7"
"HSP90AB1","RPS6KB1","ITGB7"
"HSP90AB1","MAP2K1","ITGB7"
"HSP90AB1","AKT","ITGB7"
"HSP90AB1","IKBKB","ITGB7"
"HSP90AB1","IRS1","ITGB7"
"HSP90AB1","PIK3CA","ITGB7"
"HSP90AB1","A6/b4 integrin","ITGB7"
"HSP90AB1","NFKBIA","ITGB7"
"HSP90AB1","PTK6","ITGB7"
"HSP90AB1","PAK1","ITGB7"
"HSP90AB1","CREBBP","ITGB7"
"HSP90AB1","MEK1/2","ITGB7"
"HSP90AB1","RB1","ITGB7"
"HSP90AB1","CDC25C","ITGB7"
"HSP90AB1","PTK2B","ITGB7"
"HSP90AB1","SMAD1","ITGB7"
"HSP90AB1","TRIM28","ITGB7"
"HSP90AB1","BANP","ITGB7"
"HSP90AB1","AKT2","ZFP36"
"HSP90AB1","RPS6KB1","ZFP36"
"HSP90AB1","MAP2K1","ZFP36"
"HSP90AB1","AKT","ZFP36"
"HSP90AB1","IKBKB","ZFP36"
"HSP90AB1","IRS1","ZFP36"
"HSP90AB1","PIK3CA","ZFP36"
"HSP90AB1","NFKBIA","ZFP36"
"HSP90AB1","PTK6","ZFP36"
"HSP90AB1","IKBKE","ZFP36"
"HSP90AB1","PPP2R5C","ZFP36"
"HSP90AB1","PAK1","ZFP36"
"HSP90AB1","MEK1/2","ZFP36"
"HSP90AB1","RELA","ZFP36"
"HSP90AB1","CDKN1B","ZFP36"
"HSP90AB1","RXRA","ZFP36"
"HSP90AB1","RB1","ZFP36"
"HSP90AB1","PTK2B","ZFP36"
"HSP90AB1","KDR","ZFP36"
"HSP90AB1","BRAF","ZFP36"
"HSP90AB1","TRIM28","ZFP36"
"HSP90AB1","STING1","ZFP36"
"HSP90AB1","BANP","ZFP36"
"HSP90AB1","AKT2","ETV6"
"HSP90AB1","AKT1","ETV6"
"HSP90AB1","RPS6KB1","ETV6"
"HSP90AB1","MAP2K1","ETV6"
"HSP90AB1","IKBKB","ETV6"
"HSP90AB1","PIK3CA","ETV6"
"HSP90AB1","NFKBIA","ETV6"
"HSP90AB1","PTK6","ETV6"
"HSP90AB1","PPP2R5C","ETV6"
"HSP90AB1","CREBBP","ETV6"
"HSP90AB1","PI3K","ETV6"
"HSP90AB1","RXRA","ETV6"
"HSP90AB1","RB1","ETV6"
"HSP90AB1","PTK2B","ETV6"
"HSP90AB1","KDR","ETV6"
"HSP90AB1","BRAF","ETV6"
"HSP90AB1","SMAD1","ETV6"
"HSP90AB1","TRIM28","ETV6"
"HSP90AB1","BANP","ETV6"
"HSP90AB1","AKT2","NR3C2"
"HSP90AB1","AKT1","NR3C2"
"HSP90AB1","RPS6KB1","NR3C2"
"HSP90AB1","MAP2K1","NR3C2"
"HSP90AB1","IKBKB","NR3C2"
"HSP90AB1","PIK3CA","NR3C2"
"HSP90AB1","PTK6","NR3C2"
"HSP90AB1","IKBKE","NR3C2"
"HSP90AB1","RXRA","NR3C2"
"HSP90AB1","PTK2B","NR3C2"
"HSP90AB1","BRAF","NR3C2"
"HSP90AB1","TRIM28","NR3C2"
"HSP90AB1","BANP","NR3C2"
"HSP90AB1","AKT2","PRDX1"
"HSP90AB1","AKT1","PRDX1"
"HSP90AB1","MAP2K1","PRDX1"
"HSP90AB1","AKT","PRDX1"
"HSP90AB1","IKBKB","PRDX1"
"HSP90AB1","IRS1","PRDX1"
"HSP90AB1","PIK3CA","PRDX1"
"HSP90AB1","A6/b4 integrin","PRDX1"
"HSP90AB1","NFKBIA","PRDX1"
"HSP90AB1","PTK6","PRDX1"
"HSP90AB1","IKBKE","PRDX1"
"HSP90AB1","PAK1","PRDX1"
"HSP90AB1","TBK1","PRDX1"
"HSP90AB1","MEK1/2","PRDX1"
"HSP90AB1","PI3K","PRDX1"
"HSP90AB1","RELA","PRDX1"
"HSP90AB1","CDKN1B","PRDX1"
"HSP90AB1","PTK2B","PRDX1"
"HSP90AB1","BRAF","PRDX1"
"HSP90AB1","SMAD1","PRDX1"
"HSP90AB1","TRIM28","PRDX1"
"HSP90AB1","STING1","PRDX1"
"HSP90AB1","AKT2","MITF"
"HSP90AB1","AKT1","MITF"
"HSP90AB1","MAP2K1","MITF"
"HSP90AB1","A6/b4 integrin","MITF"
"HSP90AB1","IKBKE","MITF"
"HSP90AB1","PAK1","MITF"
"HSP90AB1","PI3K","MITF"
"HSP90AB1","RB1","MITF"
"HSP90AB1","CDC25C","MITF"
"HSP90AB1","PTK2B","MITF"
"HSP90AB1","BRAF","MITF"
"HSP90AB1","SMAD1","MITF"
"HSP90AB1","STING1","MITF"
"HSP90AB1","AKT2","NOS3"
"HSP90AB1","MAP2K1","NOS3"
"HSP90AB1","IRS1","NOS3"
"HSP90AB1","A6/b4 integrin","NOS3"
"HSP90AB1","PPP2R5C","NOS3"
"HSP90AB1","MEK1/2","NOS3"
"HSP90AB1","PI3K","NOS3"
"HSP90AB1","RELA","NOS3"
"HSP90AB1","CDKN1B","NOS3"
"HSP90AB1","RB1","NOS3"
"HSP90AB1","CDC25C","NOS3"
"HSP90AB1","PTK2B","NOS3"
"HSP90AB1","KDR","NOS3"
"HSP90AB1","BRAF","NOS3"
"HSP90AB1","SMAD1","NOS3"
"HSP90AB1","TRIM28","NOS3"
"HSP90AB1","STING1","NOS3"
"HSP90AB1","AKT2","XPO5"
"HSP90AB1","AKT1","XPO5"
"HSP90AB1","AKT","XPO5"
"HSP90AB1","PIK3CA","XPO5"
"HSP90AB1","NFKBIA","XPO5"
"HSP90AB1","PTK6","XPO5"
"HSP90AB1","PPP2R5C","XPO5"
"HSP90AB1","PAK1","XPO5"
"HSP90AB1","TBK1","XPO5"
"HSP90AB1","CREBBP","XPO5"
"HSP90AB1","MEK1/2","XPO5"
"HSP90AB1","PI3K","XPO5"
"HSP90AB1","RELA","XPO5"
"HSP90AB1","CDKN1B","XPO5"
"HSP90AB1","RB1","XPO5"
"HSP90AB1","STING1","XPO5"
"HSP90AB1","MAP2K1","AX/b2 integrin"
"HSP90AB1","AKT","AX/b2 integrin"
"HSP90AB1","IRS1","AX/b2 integrin"
"HSP90AB1","PIK3CA","AX/b2 integrin"
"HSP90AB1","A6/b4 integrin","AX/b2 integrin"
"HSP90AB1","PTK6","AX/b2 integrin"
"HSP90AB1","IKBKE","AX/b2 integrin"
"HSP90AB1","PPP2R5C","AX/b2 integrin"
"HSP90AB1","PAK1","AX/b2 integrin"
"HSP90AB1","TBK1","AX/b2 integrin"
"HSP90AB1","CREBBP","AX/b2 integrin"
"HSP90AB1","MEK1/2","AX/b2 integrin"
"HSP90AB1","PI3K","AX/b2 integrin"
"HSP90AB1","RELA","AX/b2 integrin"
"HSP90AB1","RXRA","AX/b2 integrin"
"HSP90AB1","RB1","AX/b2 integrin"
"HSP90AB1","PTK2B","AX/b2 integrin"
"HSP90AB1","KDR","AX/b2 integrin"
"HSP90AB1","TRIM28","AX/b2 integrin"
"HSP90AB1","AKT2","SLC1A6"
"HSP90AB1","AKT1","SLC1A6"
"HSP90AB1","RPS6KB1","SLC1A6"
"HSP90AB1","MAP2K1","SLC1A6"
"HSP90AB1","AKT","SLC1A6"
"HSP90AB1","IKBKB","SLC1A6"
"HSP90AB1","IRS1","SLC1A6"
"HSP90AB1","NFKBIA","SLC1A6"
"HSP90AB1","PTK6","SLC1A6"
"HSP90AB1","IKBKE","SLC1A6"
"HSP90AB1","PPP2R5C","SLC1A6"
"HSP90AB1","PAK1","SLC1A6"
"HSP90AB1","RELA","SLC1A6"
"HSP90AB1","CDKN1B","SLC1A6"
"HSP90AB1","CDC25C","SLC1A6"
"HSP90AB1","KDR","SLC1A6"
"HSP90AB1","TRIM28","SLC1A6"
"HSP90AB1","STING1","SLC1A6"
"HSP90AB1","BANP","SLC1A6"
"HSP90AB1","AKT2","A1/b1 integrin"
"HSP90AB1","RPS6KB1","A1/b1 integrin"
"HSP90AB1","AKT","A1/b1 integrin"
"HSP90AB1","IKBKB","A1/b1 integrin"
"HSP90AB1","PIK3CA","A1/b1 integrin"
"HSP90AB1","A6/b4 integrin","A1/b1 integrin"
"HSP90AB1","NFKBIA","A1/b1 integrin"
"HSP90AB1","PTK6","A1/b1 integrin"
"HSP90AB1","IKBKE","A1/b1 integrin"
"HSP90AB1","PPP2R5C","A1/b1 integrin"
"HSP90AB1","PAK1","A1/b1 integrin"
"HSP90AB1","TBK1","A1/b1 integrin"
"HSP90AB1","CREBBP","A1/b1 integrin"
"HSP90AB1","PI3K","A1/b1 integrin"
"HSP90AB1","RELA","A1/b1 integrin"
"HSP90AB1","RXRA","A1/b1 integrin"
"HSP90AB1","RB1","A1/b1 integrin"
"HSP90AB1","KDR","A1/b1 integrin"
"HSP90AB1","BRAF","A1/b1 integrin"
"HSP90AB1","SMAD1","A1/b1 integrin"
"HSP90AB1","TRIM28","A1/b1 integrin"
"HSP90AB1","STING1","A1/b1 integrin"
"HSP90AB1","BANP","A1/b1 integrin"
"HSP90AB1","AKT1","A5/b1 integrin"
"HSP90AB1","RPS6KB1","A5/b1 integrin"
"HSP90AB1","MAP2K1","A5/b1 integrin"
"HSP90AB1","IKBKB","A5/b1 integrin"
"HSP90AB1","IRS1","A5/b1 integrin"
"HSP90AB1","A6/b4 integrin","A5/b1 integrin"
"HSP90AB1","PAK1","A5/b1 integrin"
"HSP90AB1","MEK1/2","A5/b1 integrin"
"HSP90AB1","RELA","A5/b1 integrin"
"HSP90AB1","CDC25C","A5/b1 integrin"
"HSP90AB1","PTK2B","A5/b1 integrin"
"HSP90AB1","SMAD1","A5/b1 integrin"
"HSP90AB1","TRIM28","A5/b1 integrin"
"HSP90AB1","STING1","A5/b1 integrin"
"HSP90AB1","A6/b4 integrin","CBLL1"
"HSP90AB1","IKBKE","CBLL1"
"HSP90AB1","RXRA","CBLL1"
"HSP90AB1","RB1","CBLL1"
"HSP90AB1","CDC25C","CBLL1"
"HSP90AB1","KDR","CBLL1"
"HSP90AB1","TRIM28","CBLL1"
"HSP90AB1","BANP","CBLL1"
"HSP90AB1","RPS6KB1","CD72"
"HSP90AB1","IKBKB","CD72"
"HSP90AB1","PIK3CA","CD72"
"HSP90AB1","IKBKE","CD72"
"HSP90AB1","CREBBP","CD72"
"HSP90AB1","MEK1/2","CD72"
"HSP90AB1","PI3K","CD72"
"HSP90AB1","RELA","CD72"
"HSP90AB1","RB1","CD72"
"HSP90AB1","CDC25C","CD72"
"HSP90AB1","PTK2B","CD72"
"HSP90AB1","KDR","CD72"
"HSP90AB1","BRAF","CD72"
"HSP90AB1","SMAD1","CD72"
"HSP90AB1","TRIM28","CD72"
"HSP90AB1","STING1","CD72"
"HSP90AB1","AKT2","NR5A1"
"HSP90AB1","AKT1","NR5A1"
"HSP90AB1","AKT","NR5A1"
"HSP90AB1","A6/b4 integrin","NR5A1"
"HSP90AB1","NFKBIA","NR5A1"
"HSP90AB1","PTK6","NR5A1"
"HSP90AB1","PPP2R5C","NR5A1"
"HSP90AB1","PAK1","NR5A1"
"HSP90AB1","TBK1","NR5A1"
"HSP90AB1","CREBBP","NR5A1"
"HSP90AB1","MEK1/2","NR5A1"
"HSP90AB1","RELA","NR5A1"
"HSP90AB1","CDKN1B","NR5A1"
"HSP90AB1","RXRA","NR5A1"
"HSP90AB1","RB1","NR5A1"
"HSP90AB1","CDC25C","NR5A1"
"HSP90AB1","PTK2B","NR5A1"
"HSP90AB1","KDR","NR5A1"
"HSP90AB1","BRAF","NR5A1"
"HSP90AB1","STING1","NR5A1"
"HSP90AB1","AKT2","SIKE1"
"HSP90AB1","AKT1","SIKE1"
"HSP90AB1","MAP2K1","SIKE1"
"HSP90AB1","AKT","SIKE1"
"HSP90AB1","IRS1","SIKE1"
"HSP90AB1","PIK3CA","SIKE1"
"HSP90AB1","A6/b4 integrin","SIKE1"
"HSP90AB1","NFKBIA","SIKE1"
"HSP90AB1","PTK6","SIKE1"
"HSP90AB1","PPP2R5C","SIKE1"
"HSP90AB1","PAK1","SIKE1"
"HSP90AB1","CREBBP","SIKE1"
"HSP90AB1","MEK1/2","SIKE1"
"HSP90AB1","RELA","SIKE1"
"HSP90AB1","RB1","SIKE1"
"HSP90AB1","KDR","SIKE1"
"HSP90AB1","SMAD1","SIKE1"
"HSP90AB1","BANP","SIKE1"
"HSP90AB1","AKT2","STX17"
"HSP90AB1","AKT","STX17"
"HSP90AB1","IKBKB","STX17"
"HSP90AB1","IRS1","STX17"
"HSP90AB1","NFKBIA","STX17"
"HSP90AB1","PTK6","STX17"
"HSP90AB1","IKBKE","STX17"
"HSP90AB1","PPP2R5C","STX17"
"HSP90AB1","PAK1","STX17"
"HSP90AB1","MEK1/2","STX17"
"HSP90AB1","RXRA","STX17"
"HSP90AB1","RB1","STX17"
"HSP90AB1","PTK2B","STX17"
"HSP90AB1","TRIM28","STX17"
"HSP90AB1","BANP","STX17"
"HSP90AB1","AKT2","H3-3A"
"HSP90AB1","RPS6KB1","H3-3A"
"HSP90AB1","AKT","H3-3A"
"HSP90AB1","IRS1","H3-3A"
"HSP90AB1","NFKBIA","H3-3A"
"HSP90AB1","PTK6","H3-3A"
"HSP90AB1","IKBKE","H3-3A"
"HSP90AB1","PAK1","H3-3A"
"HSP90AB1","CREBBP","H3-3A"
"HSP90AB1","CDKN1B","H3-3A"
"HSP90AB1","CDC25C","H3-3A"
"HSP90AB1","PTK2B","H3-3A"
"HSP90AB1","SMAD1","H3-3A"
"HSP90AB1","STING1","H3-3A"
"HSP90AB1","BANP","H3-3A"
"HSP90AB1","AKT1","IRF3"
"HSP90AB1","MAP2K1","IRF3"
"HSP90AB1","AKT","IRF3"
"HSP90AB1","IKBKB","IRF3"
"HSP90AB1","IRS1","IRF3"
"HSP90AB1","PIK3CA","IRF3"
"HSP90AB1","NFKBIA","IRF3"
"HSP90AB1","PTK6","IRF3"
"HSP90AB1","PPP2R5C","IRF3"
"HSP90AB1","PAK1","IRF3"
"HSP90AB1","CREBBP","IRF3"
"HSP90AB1","MEK1/2","IRF3"
"HSP90AB1","PI3K","IRF3"
"HSP90AB1","RELA","IRF3"
"HSP90AB1","CDKN1B","IRF3"
"HSP90AB1","RXRA","IRF3"
"HSP90AB1","RB1","IRF3"
"HSP90AB1","CDC25C","IRF3"
"HSP90AB1","PTK2B","IRF3"
"HSP90AB1","KDR","IRF3"
"HSP90AB1","SMAD1","IRF3"
"HSP90AB1","STING1","IRF3"
"HSP90AB1","BANP","IRF3"
"HSP90AB1","RPS6KB1","FLCN"
"HSP90AB1","IKBKB","FLCN"
"HSP90AB1","NFKBIA","FLCN"
"HSP90AB1","IKBKE","FLCN"
"HSP90AB1","PAK1","FLCN"
"HSP90AB1","AR","FLCN"
"HSP90AB1","CDC25C","FLCN"
"HSP90AB1","STING1","FLCN"
"HSP90AB1","BANP","FLCN"
"HSP90AB1","AKT2","IRF5"
"HSP90AB1","IKBKB","IRF5"
"HSP90AB1","PIK3CA","IRF5"
"HSP90AB1","IKBKE","IRF5"
"HSP90AB1","CREBBP","IRF5"
"HSP90AB1","RELA","IRF5"
"HSP90AB1","RXRA","IRF5"
"HSP90AB1","KDR","IRF5"
"HSP90AB1","SMAD1","IRF5"
"HSP90AB1","RPS6KB1","CLTC"
"HSP90AB1","MAP2K1","CLTC"
"HSP90AB1","IKBKB","CLTC"
"HSP90AB1","IRS1","CLTC"
"HSP90AB1","PTK6","CLTC"
"HSP90AB1","IKBKE","CLTC"
"HSP90AB1","RELA","CLTC"
"HSP90AB1","RB1","CLTC"
"HSP90AB1","CDC25C","CLTC"
"HSP90AB1","PTK2B","CLTC"
"HSP90AB1","STING1","CLTC"
"HSP90AB1","BANP","CLTC"
"HSP90AB1","IKBKB","ITGB1"
"HSP90AB1","NFKBIA","ITGB1"
"HSP90AB1","PPP2R5C","ITGB1"
"HSP90AB1","PI3K","ITGB1"
"HSP90AB1","RXRA","ITGB1"
"HSP90AB1","RB1","ITGB1"
"HSP90AB1","PTK2B","ITGB1"
"HSP90AB1","BRAF","ITGB1"
"HSP90AB1","SMAD1","ITGB1"
"HSP90AB1","STING1","ITGB1"
"HSP90AB1","AKT2","A11/b1 integrin"
"HSP90AB1","MAP2K1","A11/b1 integrin"
"HSP90AB1","IRS1","A11/b1 integrin"
"HSP90AB1","A6/b4 integrin","A11/b1 integrin"
"HSP90AB1","IKBKE","A11/b1 integrin"
"HSP90AB1","PPP2R5C","A11/b1 integrin"
"HSP90AB1","MEK1/2","A11/b1 integrin"
"HSP90AB1","PI3K","A11/b1 integrin"
"HSP90AB1","RELA","A11/b1 integrin"
"HSP90AB1","CDKN1B","A11/b1 integrin"
"HSP90AB1","RB1","A11/b1 integrin"
"HSP90AB1","CDC25C","A11/b1 integrin"
"HSP90AB1","PTK2B","A11/b1 integrin"
"HSP90AB1","KDR","A11/b1 integrin"
"HSP90AB1","BRAF","A11/b1 integrin"
"HSP90AB1","SMAD1","A11/b1 integrin"
"HSP90AB1","TRIM28","A11/b1 integrin"
"HSP90AB1","STING1","A11/b1 integrin"
"HSP90AB1","AKT1","CDX2"
"HSP90AB1","MAP2K1","CDX2"
"HSP90AB1","AKT","CDX2"
"HSP90AB1","IRS1","CDX2"
"HSP90AB1","PIK3CA","CDX2"
"HSP90AB1","NFKBIA","CDX2"
"HSP90AB1","PTK6","CDX2"
"HSP90AB1","IKBKE","CDX2"
"HSP90AB1","PPP2R5C","CDX2"
"HSP90AB1","PAK1","CDX2"
"HSP90AB1","CREBBP","CDX2"
"HSP90AB1","MEK1/2","CDX2"
"HSP90AB1","RELA","CDX2"
"HSP90AB1","RXRA","CDX2"
"HSP90AB1","PTK2B","CDX2"
"HSP90AB1","SMAD1","CDX2"
"HSP90AB1","STING1","CDX2"
"HSP90AB1","RPS6KB1","KCNH2"
"HSP90AB1","MAP2K1","KCNH2"
"HSP90AB1","IRS1","KCNH2"
"HSP90AB1","PIK3CA","KCNH2"
"HSP90AB1","A6/b4 integrin","KCNH2"
"HSP90AB1","PTK6","KCNH2"
"HSP90AB1","IKBKE","KCNH2"
"HSP90AB1","PAK1","KCNH2"
"HSP90AB1","RELA","KCNH2"
"HSP90AB1","RB1","KCNH2"
"HSP90AB1","PTK2B","KCNH2"
"HSP90AB1","SMAD1","KCNH2"
"HSP90AB1","TRIM28","KCNH2"
"HSP90AB1","AKT1","BCL6"
"HSP90AB1","RPS6KB1","BCL6"
"HSP90AB1","MAP2K1","BCL6"
"HSP90AB1","IRS1","BCL6"
"HSP90AB1","PIK3CA","BCL6"
"HSP90AB1","A6/b4 integrin","BCL6"
"HSP90AB1","NFKBIA","BCL6"
"HSP90AB1","PTK6","BCL6"
"HSP90AB1","IKBKE","BCL6"
"HSP90AB1","PPP2R5C","BCL6"
"HSP90AB1","PAK1","BCL6"
"HSP90AB1","CDKN1B","BCL6"
"HSP90AB1","RXRA","BCL6"
"HSP90AB1","RB1","BCL6"
"HSP90AB1","CDC25C","BCL6"
"HSP90AB1","PTK2B","BCL6"
"HSP90AB1","KDR","BCL6"
"HSP90AB1","BRAF","BCL6"
"HSP90AB1","SMAD1","BCL6"
"HSP90AB1","TRIM28","BCL6"
"HSP90AB1","STING1","BCL6"
"HSP90AB1","BANP","BCL6"
"HSP90AB1","AKT1","HNRNPK"
"HSP90AB1","RPS6KB1","HNRNPK"
"HSP90AB1","AKT","HNRNPK"
"HSP90AB1","IKBKB","HNRNPK"
"HSP90AB1","IRS1","HNRNPK"
"HSP90AB1","PIK3CA","HNRNPK"
"HSP90AB1","A6/b4 integrin","HNRNPK"
"HSP90AB1","NFKBIA","HNRNPK"
"HSP90AB1","PTK6","HNRNPK"
"HSP90AB1","CREBBP","HNRNPK"
"HSP90AB1","MEK1/2","HNRNPK"
"HSP90AB1","CDKN1B","HNRNPK"
"HSP90AB1","RXRA","HNRNPK"
"HSP90AB1","RB1","HNRNPK"
"HSP90AB1","CDC25C","HNRNPK"
"HSP90AB1","PTK2B","HNRNPK"
"HSP90AB1","KDR","HNRNPK"
"HSP90AB1","BANP","HNRNPK"
"HSP90AB1","IRS1","TFCP2"
"HSP90AB1","NFKBIA","TFCP2"
"HSP90AB1","PPP2R5C","TFCP2"
"HSP90AB1","MEK1/2","TFCP2"
"HSP90AB1","RELA","TFCP2"
"HSP90AB1","CDKN1B","TFCP2"
"HSP90AB1","RXRA","TFCP2"
"HSP90AB1","RB1","TFCP2"
"HSP90AB1","PTK2B","TFCP2"
"HSP90AB1","BANP","TFCP2"
"HSP90AB1","AKT1","A10/b1 integrin"
"HSP90AB1","IKBKB","A10/b1 integrin"
"HSP90AB1","NFKBIA","A10/b1 integrin"
"HSP90AB1","PPP2R5C","A10/b1 integrin"
"HSP90AB1","CREBBP","A10/b1 integrin"
"HSP90AB1","MEK1/2","A10/b1 integrin"
"HSP90AB1","PI3K","A10/b1 integrin"
"HSP90AB1","CDKN1B","A10/b1 integrin"
"HSP90AB1","RB1","A10/b1 integrin"
"HSP90AB1","KDR","A10/b1 integrin"
"HSP90AB1","BRAF","A10/b1 integrin"
"HSP90AB1","TRIM28","A10/b1 integrin"
"HSP90AB1","STING1","A10/b1 integrin"
"HSP90AB1","BANP","A10/b1 integrin"
"HSP90AB1","AKT2","A4/b1 integrin"
"HSP90AB1","AKT1","A4/b1 integrin"
"HSP90AB1","RPS6KB1","A4/b1 integrin"
"HSP90AB1","MAP2K1","A4/b1 integrin"
"HSP90AB1","AKT","A4/b1 integrin"
"HSP90AB1","PIK3CA","A4/b1 integrin"
"HSP90AB1","NFKBIA","A4/b1 integrin"
"HSP90AB1","PTK6","A4/b1 integrin"
"HSP90AB1","PPP2R5C","A4/b1 integrin"
"HSP90AB1","PAK1","A4/b1 integrin"
"HSP90AB1","CREBBP","A4/b1 integrin"
"HSP90AB1","MEK1/2","A4/b1 integrin"
"HSP90AB1","PI3K","A4/b1 integrin"
"HSP90AB1","CDKN1B","A4/b1 integrin"
"HSP90AB1","RXRA","A4/b1 integrin"
"HSP90AB1","CDC25C","A4/b1 integrin"
"HSP90AB1","PTK2B","A4/b1 integrin"
"HSP90AB1","BRAF","A4/b1 integrin"
"HSP90AB1","SMAD1","A4/b1 integrin"
"HSP90AB1","TRIM28","A4/b1 integrin"
"HSP90AB1","AKT2","A2/b1 integrin"
"HSP90AB1","MAP2K1","A2/b1 integrin"
"HSP90AB1","AKT","A2/b1 integrin"
"HSP90AB1","IRS1","A2/b1 integrin"
"HSP90AB1","NFKBIA","A2/b1 integrin"
"HSP90AB1","PTK6","A2/b1 integrin"
"HSP90AB1","CREBBP","A2/b1 integrin"
"HSP90AB1","MEK1/2","A2/b1 integrin"
"HSP90AB1","RELA","A2/b1 integrin"
"HSP90AB1","CDC25C","A2/b1 integrin"
"HSP90AB1","TRIM28","A2/b1 integrin"
"HSP90AB1","RPS6KB1","CASP3"
"HSP90AB1","NFKBIA","CASP3"
"HSP90AB1","PPP2R5C","CASP3"
"HSP90AB1","PAK1","CASP3"
"HSP90AB1","CREBBP","CASP3"
"HSP90AB1","RXRA","CASP3"
"HSP90AB1","CDC25C","CASP3"
"HSP90AB1","KDR","CASP3"
"HSP90AB1","TRIM28","CASP3"
"HSP90AB1","AKT2","CXCR4"
"HSP90AB1","RPS6KB1","CXCR4"
"HSP90AB1","IRS1","CXCR4"
"HSP90AB1","PTK6","CXCR4"
"HSP90AB1","IKBKE","CXCR4"
"HSP90AB1","PAK1","CXCR4"
"HSP90AB1","CREBBP","CXCR4"
"HSP90AB1","PI3K","CXCR4"
"HSP90AB1","CDKN1B","CXCR4"
"HSP90AB1","PTK2B","CXCR4"
"HSP90AB1","SMAD1","CXCR4"
"HSP90AB1","BANP","CXCR4"
"HSP90AB1","AKT2","ITGB8"
"HSP90AB1","MAP2K1","ITGB8"
"HSP90AB1","AKT","ITGB8"
"HSP90AB1","IRS1","ITGB8"
"HSP90AB1","PIK3CA","ITGB8"
"HSP90AB1","A6/b4 integrin","ITGB8"
"HSP90AB1","NFKBIA","ITGB8"
"HSP90AB1","PTK6","ITGB8"
"HSP90AB1","IKBKE","ITGB8"
"HSP90AB1","CREBBP","ITGB8"
"HSP90AB1","RELA","ITGB8"
"HSP90AB1","CDKN1B","ITGB8"
"HSP90AB1","SMAD1","ITGB8"
"HSP90AB1","TRIM28","ITGB8"
"HSP90AB1","BANP","ITGB8"
"HSP90AB1","AKT1","GORASP1"
"HSP90AB1","RPS6KB1","GORASP1"
"HSP90AB1","AKT","GORASP1"
"HSP90AB1","IKBKB","GORASP1"
"HSP90AB1","IRS1","GORASP1"
"HSP90AB1","PIK3CA","GORASP1"
"HSP90AB1","IKBKE","GORASP1"
"HSP90AB1","CDKN1B","GORASP1"
"HSP90AB1","CDC25C","GORASP1"
"HSP90AB1","PTK2B","GORASP1"
"HSP90AB1","SMAD1","GORASP1"
"HSP90AB1","IKBKB","NUP50"
"HSP90AB1","A6/b4 integrin","NUP50"
"HSP90AB1","IKBKE","NUP50"
"HSP90AB1","RELA","NUP50"
"HSP90AB1","RXRA","NUP50"
"HSP90AB1","RB1","NUP50"
"HSP90AB1","PTK2B","NUP50"
"HSP90AB1","BRAF","NUP50"
"HSP90AB1","TRIM28","NUP50"
"HSP90AB1","AKT1","GRIN2B"
"HSP90AB1","RPS6KB1","GRIN2B"
"HSP90AB1","AKT","GRIN2B"
"HSP90AB1","A6/b4 integrin","GRIN2B"
"HSP90AB1","NFKBIA","GRIN2B"
"HSP90AB1","IKBKE","GRIN2B"
"HSP90AB1","PPP2R5C","GRIN2B"
"HSP90AB1","TBK1","GRIN2B"
"HSP90AB1","CREBBP","GRIN2B"
"HSP90AB1","PI3K","GRIN2B"
"HSP90AB1","RELA","GRIN2B"
"HSP90AB1","CDKN1B","GRIN2B"
"HSP90AB1","RXRA","GRIN2B"
"HSP90AB1","RB1","GRIN2B"
"HSP90AB1","CDC25C","GRIN2B"
"HSP90AB1","PTK2B","GRIN2B"
"HSP90AB1","KDR","GRIN2B"
"HSP90AB1","TRIM28","GRIN2B"
"HSP90AB1","BANP","GRIN2B"
"HSP90AB1","AKT2","CALD1"
"HSP90AB1","RPS6KB1","CALD1"
"HSP90AB1","MAP2K1","CALD1"
"HSP90AB1","IKBKB","CALD1"
"HSP90AB1","IRS1","CALD1"
"HSP90AB1","PIK3CA","CALD1"
"HSP90AB1","A6/b4 integrin","CALD1"
"HSP90AB1","NFKBIA","CALD1"
"HSP90AB1","IKBKE","CALD1"
"HSP90AB1","PPP2R5C","CALD1"
"HSP90AB1","TBK1","CALD1"
"HSP90AB1","MEK1/2","CALD1"
"HSP90AB1","CDKN1B","CALD1"
"HSP90AB1","CDC25C","CALD1"
"HSP90AB1","KDR","CALD1"
"HSP90AB1","STING1","CALD1"
"HSP90AB1","BANP","CALD1"
"HSP90AB1","RPS6KB1","HSF1"
"HSP90AB1","MAP2K1","HSF1"
"HSP90AB1","AKT","HSF1"
"HSP90AB1","IKBKB","HSF1"
"HSP90AB1","PIK3CA","HSF1"
"HSP90AB1","A6/b4 integrin","HSF1"
"HSP90AB1","NFKBIA","HSF1"
"HSP90AB1","PTK6","HSF1"
"HSP90AB1","IKBKE","HSF1"
"HSP90AB1","PPP2R5C","HSF1"
"HSP90AB1","PAK1","HSF1"
"HSP90AB1","TBK1","HSF1"
"HSP90AB1","PI3K","HSF1"
"HSP90AB1","CDKN1B","HSF1"
"HSP90AB1","RXRA","HSF1"
"HSP90AB1","CDC25C","HSF1"
"HSP90AB1","PTK2B","HSF1"
"HSP90AB1","BRAF","HSF1"
"HSP90AB1","SMAD1","HSF1"
"HSP90AB1","TRIM28","HSF1"
"HSP90AB1","BANP","HSF1"
"HSP90AB1","AKT2","NFAT5"
"HSP90AB1","RPS6KB1","NFAT5"
"HSP90AB1","MAP2K1","NFAT5"
"HSP90AB1","AKT","NFAT5"
"HSP90AB1","IKBKB","NFAT5"
"HSP90AB1","PIK3CA","NFAT5"
"HSP90AB1","PTK6","NFAT5"
"HSP90AB1","PAK1","NFAT5"
"HSP90AB1","CREBBP","NFAT5"
"HSP90AB1","CDKN1B","NFAT5"
"HSP90AB1","RXRA","NFAT5"
"HSP90AB1","PTK2B","NFAT5"
"HSP90AB1","KDR","NFAT5"
"HSP90AB1","BRAF","NFAT5"
"HSP90AB1","TRIM28","NFAT5"
"HSP90AB1","STING1","NFAT5"
"HSP90AB1","BANP","NFAT5"
"HSP90AB1","AKT2","ROS1"
"HSP90AB1","RPS6KB1","ROS1"
"HSP90AB1","IKBKB","ROS1"
"HSP90AB1","A6/b4 integrin","ROS1"
"HSP90AB1","PTK6","ROS1"
"HSP90AB1","TBK1","ROS1"
"HSP90AB1","RELA","ROS1"
"HSP90AB1","CDKN1B","ROS1"
"HSP90AB1","RXRA","ROS1"
"HSP90AB1","RB1","ROS1"
"HSP90AB1","PTK2B","ROS1"
"HSP90AB1","KDR","ROS1"
"HSP90AB1","SMAD1","ROS1"
"HSP90AB1","TRIM28","ROS1"
"HSP90AB1","STING1","ROS1"
"HSP90AB1","BANP","ROS1"
"HSP90AB1","AKT2","A3/b1 integrin"
"HSP90AB1","AKT1","A3/b1 integrin"
"HSP90AB1","MAP2K1","A3/b1 integrin"
"HSP90AB1","AKT","A3/b1 integrin"
"HSP90AB1","IRS1","A3/b1 integrin"
"HSP90AB1","PIK3CA","A3/b1 integrin"
"HSP90AB1","A6/b4 integrin","A3/b1 integrin"
"HSP90AB1","NFKBIA","A3/b1 integrin"
"HSP90AB1","PTK6","A3/b1 integrin"
"HSP90AB1","IKBKE","A3/b1 integrin"
"HSP90AB1","PAK1","A3/b1 integrin"
"HSP90AB1","TBK1","A3/b1 integrin"
"HSP90AB1","CREBBP","A3/b1 integrin"
"HSP90AB1","MEK1/2","A3/b1 integrin"
"HSP90AB1","RELA","A3/b1 integrin"
"HSP90AB1","RB1","A3/b1 integrin"
"HSP90AB1","CDC25C","A3/b1 integrin"
"HSP90AB1","AKT2","BEST1"
"HSP90AB1","AKT","BEST1"
"HSP90AB1","IRS1","BEST1"
"HSP90AB1","A6/b4 integrin","BEST1"
"HSP90AB1","PTK6","BEST1"
"HSP90AB1","IKBKE","BEST1"
"HSP90AB1","PTK2B","BEST1"
"HSP90AB1","STING1","BEST1"
"HSP90AB1","BANP","BEST1"
"HSP90AB1","AKT1","ITGB6"
"HSP90AB1","MAP2K1","ITGB6"
"HSP90AB1","IKBKB","ITGB6"
"HSP90AB1","IRS1","ITGB6"
"HSP90AB1","PIK3CA","ITGB6"
"HSP90AB1","A6/b4 integrin","ITGB6"
"HSP90AB1","NFKBIA","ITGB6"
"HSP90AB1","PTK6","ITGB6"
"HSP90AB1","PAK1","ITGB6"
"HSP90AB1","CREBBP","ITGB6"
"HSP90AB1","MEK1/2","ITGB6"
"HSP90AB1","RB1","ITGB6"
"HSP90AB1","PTK2B","ITGB6"
"HSP90AB1","KDR","ITGB6"
"HSP90AB1","BRAF","ITGB6"
"HSP90AB1","TRIM28","ITGB6"
"HSP90AB1","STING1","ITGB6"
"HSP90AB1","BANP","ITGB6"
"HSP90AB1","AKT2","A8/b1 integrin"
"HSP90AB1","AKT1","A8/b1 integrin"
"HSP90AB1","MAP2K1","A8/b1 integrin"
"HSP90AB1","PIK3CA","A8/b1 integrin"
"HSP90AB1","PTK6","A8/b1 integrin"
"HSP90AB1","IKBKE","A8/b1 integrin"
"HSP90AB1","TBK1","A8/b1 integrin"
"HSP90AB1","MEK1/2","A8/b1 integrin"
"HSP90AB1","PI3K","A8/b1 integrin"
"HSP90AB1","CDKN1B","A8/b1 integrin"
"HSP90AB1","RB1","A8/b1 integrin"
"HSP90AB1","CDC25C","A8/b1 integrin"
"HSP90AB1","BRAF","A8/b1 integrin"
"HSP90AB1","SMAD1","A8/b1 integrin"
"HSP90AB1","AKT","NFATC1"
"HSP90AB1","A6/b4 integrin","NFATC1"
"HSP90AB1","PTK6","NFATC1"
"HSP90AB1","TBK1","NFATC1"
"HSP90AB1","CREBBP","NFATC1"
"HSP90AB1","PI3K","NFATC1"
"HSP90AB1","CDKN1B","NFATC1"
"HSP90AB1","CDC25C","NFATC1"
"HSP90AB1","BRAF","NFATC1"
"HSP90AB1","TRIM28","NFATC1"
"HSP90AB1","AKT2","HTT"
"HSP90AB1","AKT1","HTT"
"HSP90AB1","RPS6KB1","HTT"
"HSP90AB1","IKBKB","HTT"
"HSP90AB1","IRS1","HTT"
"HSP90AB1","PIK3CA","HTT"
"HSP90AB1","A6/b4 integrin","HTT"
"HSP90AB1","IKBKE","HTT"
"HSP90AB1","PPP2R5C","HTT"
"HSP90AB1","PAK1","HTT"
"HSP90AB1","CREBBP","HTT"
"HSP90AB1","MEK1/2","HTT"
"HSP90AB1","PI3K","HTT"
"HSP90AB1","RELA","HTT"
"HSP90AB1","CDKN1B","HTT"
"HSP90AB1","RB1","HTT"
"HSP90AB1","CDC25C","HTT"
"HSP90AB1","BRAF","HTT"
"HSP90AB1","STING1","HTT"
"HSP90AB1","AKT1","MYB"
"HSP90AB1","MAP2K1","MYB"
"HSP90AB1","AKT","MYB"
"HSP90AB1","IKBKB","MYB"
"HSP90AB1","NFKBIA","MYB"
"HSP90AB1","CREBBP","MYB"
"HSP90AB1","CDKN1B","MYB"
"HSP90AB1","CDC25C","MYB"
"HSP90AB1","SMAD1","MYB"
"HSP90AB1","TRIM28","MYB"
"HSP90AB1","STING1","MYB"
"HSP90AB1","BANP","MYB"
"HSP90AB1","AKT1","STMN2"
"HSP90AB1","RPS6KB1","STMN2"
"HSP90AB1","AKT","STMN2"
"HSP90AB1","IRS1","STMN2"
"HSP90AB1","PIK3CA","STMN2"
"HSP90AB1","NFKBIA","STMN2"
"HSP90AB1","TBK1","STMN2"
"HSP90AB1","PI3K","STMN2"
"HSP90AB1","CDKN1B","STMN2"
"HSP90AB1","PTK2B","STMN2"
"HSP90AB1","TRIM28","STMN2"
"HSP90AB1","STING1","STMN2"
"HSP90AB1","BANP","STMN2"
"HSP90AB1","AKT1","MEP1B"
"HSP90AB1","RPS6KB1","MEP1B"
"HSP90AB1","AKT","MEP1B"
"HSP90AB1","NFKBIA","MEP1B"
"HSP90AB1","PPP2R5C","MEP1B"
"HSP90AB1","TBK1","MEP1B"
"HSP90AB1","RELA","MEP1B"
"HSP90AB1","CDKN1B","MEP1B"
"HSP90AB1","CDC25C","MEP1B"
"HSP90AB1","PTK2B","MEP1B"
"HSP90AB1","KDR","MEP1B"
"HSP90AB1","BRAF","MEP1B"
"HSP90AB1","TRIM28","MEP1B"
"HSP90AB1","STING1","MEP1B"
"HSP90AB1","BANP","MEP1B"
"HSP90AB1","AKT2","CCDC50"
"HSP90AB1","AKT1","CCDC50"
"HSP90AB1","RPS6KB1","CCDC50"
"HSP90AB1","MAP2K1","CCDC50"
"HSP90AB1","AKT","CCDC50"
"HSP90AB1","PIK3CA","CCDC50"
"HSP90AB1","NFKBIA","CCDC50"
"HSP90AB1","PTK6","CCDC50"
"HSP90AB1","PPP2R5C","CCDC50"
"HSP90AB1","PAK1","CCDC50"
"HSP90AB1","CREBBP","CCDC50"
"HSP90AB1","MEK1/2","CCDC50"
"HSP90AB1","PI3K","CCDC50"
"HSP90AB1","RELA","CCDC50"
"HSP90AB1","CDKN1B","CCDC50"
"HSP90AB1","RXRA","CCDC50"
"HSP90AB1","CDC25C","CCDC50"
"HSP90AB1","PTK2B","CCDC50"
"HSP90AB1","KDR","CCDC50"
"HSP90AB1","BRAF","CCDC50"
"HSP90AB1","SMAD1","CCDC50"
"HSP90AB1","TRIM28","CCDC50"
"HSP90AB1","BANP","CCDC50"
"HSP90AB1","RPS6KB1","CITED1"
"HSP90AB1","MAP2K1","CITED1"
"HSP90AB1","IKBKB","CITED1"
"HSP90AB1","NFKBIA","CITED1"
"HSP90AB1","IKBKE","CITED1"
"HSP90AB1","PPP2R5C","CITED1"
"HSP90AB1","PAK1","CITED1"
"HSP90AB1","TBK1","CITED1"
"HSP90AB1","RELA","CITED1"
"HSP90AB1","RXRA","CITED1"
"HSP90AB1","RB1","CITED1"
"HSP90AB1","PTK2B","CITED1"
"HSP90AB1","AKT1","Av/b2 integrin"
"HSP90AB1","AKT","Av/b2 integrin"
"HSP90AB1","A6/b4 integrin","Av/b2 integrin"
"HSP90AB1","NFKBIA","Av/b2 integrin"
"HSP90AB1","IKBKE","Av/b2 integrin"
"HSP90AB1","PAK1","Av/b2 integrin"
"HSP90AB1","PI3K","Av/b2 integrin"
"HSP90AB1","RELA","Av/b2 integrin"
"HSP90AB1","RXRA","Av/b2 integrin"
"HSP90AB1","RB1","Av/b2 integrin"
"HSP90AB1","CDC25C","Av/b2 integrin"
"HSP90AB1","PTK2B","Av/b2 integrin"
"HSP90AB1","KDR","Av/b2 integrin"
"HSP90AB1","BRAF","Av/b2 integrin"
"HSP90AB1","SMAD1","Av/b2 integrin"
"HSP90AB1","TRIM28","Av/b2 integrin"
"HSP90AB1","AKT2","LIMA1"
"HSP90AB1","RPS6KB1","LIMA1"
"HSP90AB1","MAP2K1","LIMA1"
"HSP90AB1","IKBKB","LIMA1"
"HSP90AB1","IRS1","LIMA1"
"HSP90AB1","A6/b4 integrin","LIMA1"
"HSP90AB1","NFKBIA","LIMA1"
"HSP90AB1","PTK6","LIMA1"
"HSP90AB1","IKBKE","LIMA1"
"HSP90AB1","PAK1","LIMA1"
"HSP90AB1","CREBBP","LIMA1"
"HSP90AB1","PI3K","LIMA1"
"HSP90AB1","RELA","LIMA1"
"HSP90AB1","CDKN1B","LIMA1"
"HSP90AB1","RXRA","LIMA1"
"HSP90AB1","PTK2B","LIMA1"
"HSP90AB1","SMAD1","LIMA1"
"HSP90AB1","TRIM28","LIMA1"
"HSP90AB1","BANP","LIMA1"
"HSP90AB1","AKT2","CSF2RB"
"HSP90AB1","AKT1","CSF2RB"
"HSP90AB1","RPS6KB1","CSF2RB"
"HSP90AB1","MAP2K1","CSF2RB"
"HSP90AB1","AKT","CSF2RB"
"HSP90AB1","IRS1","CSF2RB"
"HSP90AB1","PIK3CA","CSF2RB"
"HSP90AB1","IKBKE","CSF2RB"
"HSP90AB1","PPP2R5C","CSF2RB"
"HSP90AB1","PAK1","CSF2RB"
"HSP90AB1","CREBBP","CSF2RB"
"HSP90AB1","MEK1/2","CSF2RB"
"HSP90AB1","PTK2B","CSF2RB"
"HSP90AB1","STING1","CSF2RB"
"HSP90AB1","BANP","CSF2RB"
"HSP90AB1","AKT1","F3"
"HSP90AB1","MAP2K1","F3"
"HSP90AB1","IKBKB","F3"
"HSP90AB1","A6/b4 integrin","F3"
"HSP90AB1","TBK1","F3"
"HSP90AB1","PI3K","F3"
"HSP90AB1","RXRA","F3"
"HSP90AB1","CDC25C","F3"
"HSP90AB1","SMAD1","F3"
"HSP90AB1","STING1","F3"
"HSP90AB1","MAP2K1","SLC1A3"
"HSP90AB1","NFKBIA","SLC1A3"
"HSP90AB1","PPP2R5C","SLC1A3"
"HSP90AB1","CREBBP","SLC1A3"
"HSP90AB1","PI3K","SLC1A3"
"HSP90AB1","RB1","SLC1A3"
"HSP90AB1","SMAD1","SLC1A3"
"HSP90AB1","TRIM28","SLC1A3"
"HSP90AB1","STING1","SLC1A3"
"HSP90AB1","BANP","SLC1A3"
"HSP90AB1","AKT2","PDE4D"
"HSP90AB1","AKT1","PDE4D"
"HSP90AB1","AKT","PDE4D"
"HSP90AB1","NFKBIA","PDE4D"
"HSP90AB1","PPP2R5C","PDE4D"
"HSP90AB1","PAK1","PDE4D"
"HSP90AB1","TBK1","PDE4D"
"HSP90AB1","MEK1/2","PDE4D"
"HSP90AB1","PI3K","PDE4D"
"HSP90AB1","RELA","PDE4D"
"HSP90AB1","BRAF","PDE4D"
"HSP90AB1","TRIM28","PDE4D"
"HSP90AB1","BANP","PDE4D"
"HSP90AB1","MAP2K1","TAGLN"
"HSP90AB1","IRS1","TAGLN"
"HSP90AB1","PIK3CA","TAGLN"
"HSP90AB1","NFKBIA","TAGLN"
"HSP90AB1","PTK6","TAGLN"
"HSP90AB1","IKBKE","TAGLN"
"HSP90AB1","PAK1","TAGLN"
"HSP90AB1","TBK1","TAGLN"
"HSP90AB1","MEK1/2","TAGLN"
"HSP90AB1","PI3K","TAGLN"
"HSP90AB1","RELA","TAGLN"
"HSP90AB1","CDKN1B","TAGLN"
"HSP90AB1","RXRA","TAGLN"
"HSP90AB1","RB1","TAGLN"
"HSP90AB1","CDC25C","TAGLN"
"HSP90AB1","PTK2B","TAGLN"
"HSP90AB1","KDR","TAGLN"
"HSP90AB1","BRAF","TAGLN"
"HSP90AB1","SMAD1","TAGLN"
"HSP90AB1","TRIM28","TAGLN"
"HSP90AB1","STING1","TAGLN"
"HSP90AB1","BANP","TAGLN"
"HSP90AB1","AKT2","Av/b6 integrin"
"HSP90AB1","AKT1","Av/b6 integrin"
"HSP90AB1","RPS6KB1","Av/b6 integrin"
"HSP90AB1","MAP2K1","Av/b6 integrin"
"HSP90AB1","AKT","Av/b6 integrin"
"HSP90AB1","IKBKB","Av/b6 integrin"
"HSP90AB1","IRS1","Av/b6 integrin"
"HSP90AB1","PIK3CA","Av/b6 integrin"
"HSP90AB1","A6/b4 integrin","Av/b6 integrin"
"HSP90AB1","NFKBIA","Av/b6 integrin"
"HSP90AB1","PTK6","Av/b6 integrin"
"HSP90AB1","IKBKE","Av/b6 integrin"
"HSP90AB1","PPP2R5C","Av/b6 integrin"
"HSP90AB1","PAK1","Av/b6 integrin"
"HSP90AB1","TBK1","Av/b6 integrin"
"HSP90AB1","CREBBP","Av/b6 integrin"
"HSP90AB1","MEK1/2","Av/b6 integrin"
"HSP90AB1","PI3K","Av/b6 integrin"
"HSP90AB1","RELA","Av/b6 integrin"
"HSP90AB1","CDKN1B","Av/b6 integrin"
"HSP90AB1","RXRA","Av/b6 integrin"
"HSP90AB1","RB1","Av/b6 integrin"
"HSP90AB1","CDC25C","Av/b6 integrin"
"HSP90AB1","PTK2B","Av/b6 integrin"
"HSP90AB1","KDR","Av/b6 integrin"
"HSP90AB1","BRAF","Av/b6 integrin"
"HSP90AB1","SMAD1","Av/b6 integrin"
"HSP90AB1","TRIM28","Av/b6 integrin"
"HSP90AB1","STING1","Av/b6 integrin"
"HSP90AB1","BANP","Av/b6 integrin"
"HSP90AB1","AKT2","C5AR1"
"HSP90AB1","AKT1","C5AR1"
"HSP90AB1","RPS6KB1","C5AR1"
"HSP90AB1","MAP2K1","C5AR1"
"HSP90AB1","AKT","C5AR1"
"HSP90AB1","IKBKB","C5AR1"
"HSP90AB1","IRS1","C5AR1"
"HSP90AB1","PIK3CA","C5AR1"
"HSP90AB1","A6/b4 integrin","C5AR1"
"HSP90AB1","NFKBIA","C5AR1"
"HSP90AB1","PTK6","C5AR1"
"HSP90AB1","IKBKE","C5AR1"
"HSP90AB1","PPP2R5C","C5AR1"
"HSP90AB1","PAK1","C5AR1"
"HSP90AB1","TBK1","C5AR1"
"HSP90AB1","CREBBP","C5AR1"
"HSP90AB1","MEK1/2","C5AR1"
"HSP90AB1","PI3K","C5AR1"
"HSP90AB1","RELA","C5AR1"
"HSP90AB1","CDKN1B","C5AR1"
"HSP90AB1","RXRA","C5AR1"
"HSP90AB1","RB1","C5AR1"
"HSP90AB1","CDC25C","C5AR1"
"HSP90AB1","PTK2B","C5AR1"
"HSP90AB1","KDR","C5AR1"
"HSP90AB1","BRAF","C5AR1"
"HSP90AB1","SMAD1","C5AR1"
"HSP90AB1","TRIM28","C5AR1"
"HSP90AB1","STING1","C5AR1"
"HSP90AB1","BANP","C5AR1"
"HSP90AB1","AKT2","A9/b1 integrin"
"HSP90AB1","AKT1","A9/b1 integrin"
"HSP90AB1","RPS6KB1","A9/b1 integrin"
"HSP90AB1","MAP2K1","A9/b1 integrin"
"HSP90AB1","AKT","A9/b1 integrin"
"HSP90AB1","IKBKB","A9/b1 integrin"
"HSP90AB1","IRS1","A9/b1 integrin"
"HSP90AB1","PIK3CA","A9/b1 integrin"
"HSP90AB1","A6/b4 integrin","A9/b1 integrin"
"HSP90AB1","NFKBIA","A9/b1 integrin"
"HSP90AB1","PTK6","A9/b1 integrin"
"HSP90AB1","IKBKE","A9/b1 integrin"
"HSP90AB1","PPP2R5C","A9/b1 integrin"
"HSP90AB1","PAK1","A9/b1 integrin"
"HSP90AB1","TBK1","A9/b1 integrin"
"HSP90AB1","CREBBP","A9/b1 integrin"
"HSP90AB1","MEK1/2","A9/b1 integrin"
"HSP90AB1","PI3K","A9/b1 integrin"
"HSP90AB1","RELA","A9/b1 integrin"
"HSP90AB1","CDKN1B","A9/b1 integrin"
"HSP90AB1","RXRA","A9/b1 integrin"
"HSP90AB1","RB1","A9/b1 integrin"
"HSP90AB1","CDC25C","A9/b1 integrin"
"HSP90AB1","PTK2B","A9/b1 integrin"
"HSP90AB1","KDR","A9/b1 integrin"
"HSP90AB1","BRAF","A9/b1 integrin"
"HSP90AB1","SMAD1","A9/b1 integrin"
"HSP90AB1","TRIM28","A9/b1 integrin"
"HSP90AB1","STING1","A9/b1 integrin"
"HSP90AB1","BANP","A9/b1 integrin"
"HSP90AB1","AKT2","ITGB5"
"HSP90AB1","AKT1","ITGB5"
"HSP90AB1","RPS6KB1","ITGB5"
"HSP90AB1","MAP2K1","ITGB5"
"HSP90AB1","AKT","ITGB5"
"HSP90AB1","IKBKB","ITGB5"
"HSP90AB1","IRS1","ITGB5"
"HSP90AB1","PIK3CA","ITGB5"
"HSP90AB1","A6/b4 integrin","ITGB5"
"HSP90AB1","NFKBIA","ITGB5"
"HSP90AB1","PTK6","ITGB5"
"HSP90AB1","IKBKE","ITGB5"
"HSP90AB1","PPP2R5C","ITGB5"
"HSP90AB1","PAK1","ITGB5"
"HSP90AB1","TBK1","ITGB5"
"HSP90AB1","CREBBP","ITGB5"
"HSP90AB1","MEK1/2","ITGB5"
"HSP90AB1","PI3K","ITGB5"
"HSP90AB1","RELA","ITGB5"
"HSP90AB1","CDKN1B","ITGB5"
"HSP90AB1","RXRA","ITGB5"
"HSP90AB1","RB1","ITGB5"
"HSP90AB1","CDC25C","ITGB5"
"HSP90AB1","PTK2B","ITGB5"
"HSP90AB1","KDR","ITGB5"
"HSP90AB1","BRAF","ITGB5"
"HSP90AB1","SMAD1","ITGB5"
"HSP90AB1","TRIM28","ITGB5"
"HSP90AB1","STING1","ITGB5"
"HSP90AB1","BANP","ITGB5"
"HSP90AB1","AKT2","TAL1"
"HSP90AB1","AKT1","TAL1"
"HSP90AB1","RPS6KB1","TAL1"
"HSP90AB1","MAP2K1","TAL1"
"HSP90AB1","AKT","TAL1"
"HSP90AB1","IKBKB","TAL1"
"HSP90AB1","IRS1","TAL1"
"HSP90AB1","PIK3CA","TAL1"
"HSP90AB1","A6/b4 integrin","TAL1"
"HSP90AB1","NFKBIA","TAL1"
"HSP90AB1","PTK6","TAL1"
"HSP90AB1","IKBKE","TAL1"
"HSP90AB1","PPP2R5C","TAL1"
"HSP90AB1","PAK1","TAL1"
"HSP90AB1","TBK1","TAL1"
"HSP90AB1","CREBBP","TAL1"
"HSP90AB1","MEK1/2","TAL1"
"HSP90AB1","PI3K","TAL1"
"HSP90AB1","RELA","TAL1"
"HSP90AB1","CDKN1B","TAL1"
"HSP90AB1","RXRA","TAL1"
"HSP90AB1","RB1","TAL1"
"HSP90AB1","CDC25C","TAL1"
"HSP90AB1","PTK2B","TAL1"
"HSP90AB1","KDR","TAL1"
"HSP90AB1","BRAF","TAL1"
"HSP90AB1","SMAD1","TAL1"
"HSP90AB1","TRIM28","TAL1"
"HSP90AB1","STING1","TAL1"
"HSP90AB1","BANP","TAL1"
"HSP90AB1","AKT2","REL"
"HSP90AB1","AKT1","REL"
"HSP90AB1","RPS6KB1","REL"
"HSP90AB1","MAP2K1","REL"
"HSP90AB1","AKT","REL"
"HSP90AB1","IKBKB","REL"
"HSP90AB1","IRS1","REL"
"HSP90AB1","PIK3CA","REL"
"HSP90AB1","A6/b4 integrin","REL"
"HSP90AB1","NFKBIA","REL"
"HSP90AB1","PTK6","REL"
"HSP90AB1","IKBKE","REL"
"HSP90AB1","PPP2R5C","REL"
"HSP90AB1","PAK1","REL"
"HSP90AB1","CREBBP","REL"
"HSP90AB1","MEK1/2","REL"
"HSP90AB1","PI3K","REL"
"HSP90AB1","RELA","REL"
"HSP90AB1","CDKN1B","REL"
"HSP90AB1","RXRA","REL"
"HSP90AB1","RB1","REL"
"HSP90AB1","CDC25C","REL"
"HSP90AB1","PTK2B","REL"
"HSP90AB1","KDR","REL"
"HSP90AB1","BRAF","REL"
"HSP90AB1","SMAD1","REL"
"HSP90AB1","TRIM28","REL"
"HSP90AB1","STING1","REL"
"HSP90AB1","BANP","REL"
"HSP90AB1","AKT2","SH3BP2"
"HSP90AB1","AKT1","SH3BP2"
"HSP90AB1","RPS6KB1","SH3BP2"
"HSP90AB1","MAP2K1","SH3BP2"
"HSP90AB1","AKT","SH3BP2"
"HSP90AB1","IKBKB","SH3BP2"
"HSP90AB1","IRS1","SH3BP2"
"HSP90AB1","PIK3CA","SH3BP2"
"HSP90AB1","A6/b4 integrin","SH3BP2"
"HSP90AB1","NFKBIA","SH3BP2"
"HSP90AB1","PTK6","SH3BP2"
"HSP90AB1","IKBKE","SH3BP2"
"HSP90AB1","PPP2R5C","SH3BP2"
"HSP90AB1","PAK1","SH3BP2"
"HSP90AB1","TBK1","SH3BP2"
"HSP90AB1","CREBBP","SH3BP2"
"HSP90AB1","MEK1/2","SH3BP2"
"HSP90AB1","PI3K","SH3BP2"
"HSP90AB1","RELA","SH3BP2"
"HSP90AB1","CDKN1B","SH3BP2"
"HSP90AB1","RXRA","SH3BP2"
"HSP90AB1","RB1","SH3BP2"
"HSP90AB1","CDC25C","SH3BP2"
"HSP90AB1","PTK2B","SH3BP2"
"HSP90AB1","KDR","SH3BP2"
"HSP90AB1","BRAF","SH3BP2"
"HSP90AB1","SMAD1","SH3BP2"
"HSP90AB1","TRIM28","SH3BP2"
"HSP90AB1","STING1","SH3BP2"
"HSP90AB1","BANP","SH3BP2"
"HSP90AB1","AKT2","ACTG1"
"HSP90AB1","AKT1","ACTG1"
"HSP90AB1","RPS6KB1","ACTG1"
"HSP90AB1","MAP2K1","ACTG1"
"HSP90AB1","AKT","ACTG1"
"HSP90AB1","IKBKB","ACTG1"
"HSP90AB1","IRS1","ACTG1"
"HSP90AB1","PIK3CA","ACTG1"
"HSP90AB1","A6/b4 integrin","ACTG1"
"HSP90AB1","NFKBIA","ACTG1"
"HSP90AB1","PTK6","ACTG1"
"HSP90AB1","IKBKE","ACTG1"
"HSP90AB1","PPP2R5C","ACTG1"
"HSP90AB1","PAK1","ACTG1"
"HSP90AB1","TBK1","ACTG1"
"HSP90AB1","CREBBP","ACTG1"
"HSP90AB1","MEK1/2","ACTG1"
"HSP90AB1","PI3K","ACTG1"
"HSP90AB1","RELA","ACTG1"
"HSP90AB1","CDKN1B","ACTG1"
"HSP90AB1","RXRA","ACTG1"
"HSP90AB1","RB1","ACTG1"
"HSP90AB1","CDC25C","ACTG1"
"HSP90AB1","PTK2B","ACTG1"
"HSP90AB1","KDR","ACTG1"
"HSP90AB1","BRAF","ACTG1"
"HSP90AB1","SMAD1","ACTG1"
"HSP90AB1","TRIM28","ACTG1"
"HSP90AB1","STING1","ACTG1"
"HSP90AB1","BANP","ACTG1"
"HSP90AB1","AKT2","CREM"
"HSP90AB1","AKT1","CREM"
"HSP90AB1","RPS6KB1","CREM"
"HSP90AB1","MAP2K1","CREM"
"HSP90AB1","AKT","CREM"
"HSP90AB1","IKBKB","CREM"
"HSP90AB1","IRS1","CREM"
"HSP90AB1","PIK3CA","CREM"
"HSP90AB1","A6/b4 integrin","CREM"
"HSP90AB1","NFKBIA","CREM"
"HSP90AB1","PTK6","CREM"
"HSP90AB1","IKBKE","CREM"
"HSP90AB1","PPP2R5C","CREM"
"HSP90AB1","PAK1","CREM"
"HSP90AB1","TBK1","CREM"
"HSP90AB1","CREBBP","CREM"
"HSP90AB1","MEK1/2","CREM"
"HSP90AB1","PI3K","CREM"
"HSP90AB1","RELA","CREM"
"HSP90AB1","CDKN1B","CREM"
"HSP90AB1","RXRA","CREM"
"HSP90AB1","RB1","CREM"
"HSP90AB1","CDC25C","CREM"
"HSP90AB1","PTK2B","CREM"
"HSP90AB1","KDR","CREM"
"HSP90AB1","BRAF","CREM"
"HSP90AB1","SMAD1","CREM"
"HSP90AB1","TRIM28","CREM"
"HSP90AB1","STING1","CREM"
"HSP90AB1","BANP","CREM"
"HSP90AB1","AKT2","REL/RELA"
"HSP90AB1","AKT1","REL/RELA"
"HSP90AB1","RPS6KB1","REL/RELA"
"HSP90AB1","MAP2K1","REL/RELA"
"HSP90AB1","AKT","REL/RELA"
"HSP90AB1","IKBKB","REL/RELA"
"HSP90AB1","IRS1","REL/RELA"
"HSP90AB1","PIK3CA","REL/RELA"
"HSP90AB1","A6/b4 integrin","REL/RELA"
"HSP90AB1","NFKBIA","REL/RELA"
"HSP90AB1","PTK6","REL/RELA"
"HSP90AB1","IKBKE","REL/RELA"
"HSP90AB1","PPP2R5C","REL/RELA"
"HSP90AB1","PAK1","REL/RELA"
"HSP90AB1","CREBBP","REL/RELA"
"HSP90AB1","MEK1/2","REL/RELA"
"HSP90AB1","PI3K","REL/RELA"
"HSP90AB1","RELA","REL/RELA"
"HSP90AB1","CDKN1B","REL/RELA"
"HSP90AB1","RXRA","REL/RELA"
"HSP90AB1","RB1","REL/RELA"
"HSP90AB1","CDC25C","REL/RELA"
"HSP90AB1","PTK2B","REL/RELA"
"HSP90AB1","KDR","REL/RELA"
"HSP90AB1","BRAF","REL/RELA"
"HSP90AB1","SMAD1","REL/RELA"
"HSP90AB1","TRIM28","REL/RELA"
"HSP90AB1","STING1","REL/RELA"
"HSP90AB1","BANP","REL/RELA"
"HSP90AB1","AKT2","A4/b7 integrin"
"HSP90AB1","AKT1","A4/b7 integrin"
"HSP90AB1","RPS6KB1","A4/b7 integrin"
"HSP90AB1","MAP2K1","A4/b7 integrin"
"HSP90AB1","AKT","A4/b7 integrin"
"HSP90AB1","IKBKB","A4/b7 integrin"
"HSP90AB1","IRS1","A4/b7 integrin"
"HSP90AB1","PIK3CA","A4/b7 integrin"
"HSP90AB1","A6/b4 integrin","A4/b7 integrin"
"HSP90AB1","NFKBIA","A4/b7 integrin"
"HSP90AB1","PTK6","A4/b7 integrin"
"HSP90AB1","IKBKE","A4/b7 integrin"
"HSP90AB1","PPP2R5C","A4/b7 integrin"
"HSP90AB1","PAK1","A4/b7 integrin"
"HSP90AB1","TBK1","A4/b7 integrin"
"HSP90AB1","CREBBP","A4/b7 integrin"
"HSP90AB1","MEK1/2","A4/b7 integrin"
"HSP90AB1","PI3K","A4/b7 integrin"
"HSP90AB1","RELA","A4/b7 integrin"
"HSP90AB1","CDKN1B","A4/b7 integrin"
"HSP90AB1","RXRA","A4/b7 integrin"
"HSP90AB1","RB1","A4/b7 integrin"
"HSP90AB1","CDC25C","A4/b7 integrin"
"HSP90AB1","PTK2B","A4/b7 integrin"
"HSP90AB1","KDR","A4/b7 integrin"
"HSP90AB1","BRAF","A4/b7 integrin"
"HSP90AB1","SMAD1","A4/b7 integrin"
"HSP90AB1","TRIM28","A4/b7 integrin"
"HSP90AB1","STING1","A4/b7 integrin"
"HSP90AB1","BANP","A4/b7 integrin"
"HSP90AB1","AKT2","AE/b7 integrin"
"HSP90AB1","AKT1","AE/b7 integrin"
"HSP90AB1","RPS6KB1","AE/b7 integrin"
"HSP90AB1","MAP2K1","AE/b7 integrin"
"HSP90AB1","AKT","AE/b7 integrin"
"HSP90AB1","IKBKB","AE/b7 integrin"
"HSP90AB1","IRS1","AE/b7 integrin"
"HSP90AB1","PIK3CA","AE/b7 integrin"
"HSP90AB1","A6/b4 integrin","AE/b7 integrin"
"HSP90AB1","NFKBIA","AE/b7 integrin"
"HSP90AB1","PTK6","AE/b7 integrin"
"HSP90AB1","IKBKE","AE/b7 integrin"
"HSP90AB1","PPP2R5C","AE/b7 integrin"
"HSP90AB1","PAK1","AE/b7 integrin"
"HSP90AB1","TBK1","AE/b7 integrin"
"HSP90AB1","CREBBP","AE/b7 integrin"
"HSP90AB1","MEK1/2","AE/b7 integrin"
"HSP90AB1","PI3K","AE/b7 integrin"
"HSP90AB1","RELA","AE/b7 integrin"
"HSP90AB1","CDKN1B","AE/b7 integrin"
"HSP90AB1","RXRA","AE/b7 integrin"
"HSP90AB1","RB1","AE/b7 integrin"
"HSP90AB1","CDC25C","AE/b7 integrin"
"HSP90AB1","PTK2B","AE/b7 integrin"
"HSP90AB1","KDR","AE/b7 integrin"
"HSP90AB1","BRAF","AE/b7 integrin"
"HSP90AB1","SMAD1","AE/b7 integrin"
"HSP90AB1","TRIM28","AE/b7 integrin"
"HSP90AB1","STING1","AE/b7 integrin"
"HSP90AB1","BANP","AE/b7 integrin"
"HSP90AB1","AKT2","EPS8"
"HSP90AB1","AKT1","EPS8"
"HSP90AB1","RPS6KB1","EPS8"
"HSP90AB1","MAP2K1","EPS8"
"HSP90AB1","AKT","EPS8"
"HSP90AB1","IKBKB","EPS8"
"HSP90AB1","IRS1","EPS8"
"HSP90AB1","PIK3CA","EPS8"
"HSP90AB1","A6/b4 integrin","EPS8"
"HSP90AB1","NFKBIA","EPS8"
"HSP90AB1","PTK6","EPS8"
"HSP90AB1","IKBKE","EPS8"
"HSP90AB1","PPP2R5C","EPS8"
"HSP90AB1","PAK1","EPS8"
"HSP90AB1","TBK1","EPS8"
"HSP90AB1","CREBBP","EPS8"
"HSP90AB1","MEK1/2","EPS8"
"HSP90AB1","PI3K","EPS8"
"HSP90AB1","RELA","EPS8"
"HSP90AB1","CDKN1B","EPS8"
"HSP90AB1","RXRA","EPS8"
"HSP90AB1","RB1","EPS8"
"HSP90AB1","CDC25C","EPS8"
"HSP90AB1","PTK2B","EPS8"
"HSP90AB1","KDR","EPS8"
"HSP90AB1","BRAF","EPS8"
"HSP90AB1","SMAD1","EPS8"
"HSP90AB1","TRIM28","EPS8"
"HSP90AB1","STING1","EPS8"
"HSP90AB1","BANP","EPS8"
"HSP90AB1","AKT2","Av/b5 integrin"
"HSP90AB1","AKT1","Av/b5 integrin"
"HSP90AB1","RPS6KB1","Av/b5 integrin"
"HSP90AB1","MAP2K1","Av/b5 integrin"
"HSP90AB1","AKT","Av/b5 integrin"
"HSP90AB1","IKBKB","Av/b5 integrin"
"HSP90AB1","IRS1","Av/b5 integrin"
"HSP90AB1","PIK3CA","Av/b5 integrin"
"HSP90AB1","A6/b4 integrin","Av/b5 integrin"
"HSP90AB1","NFKBIA","Av/b5 integrin"
"HSP90AB1","PTK6","Av/b5 integrin"
"HSP90AB1","IKBKE","Av/b5 integrin"
"HSP90AB1","PPP2R5C","Av/b5 integrin"
"HSP90AB1","PAK1","Av/b5 integrin"
"HSP90AB1","TBK1","Av/b5 integrin"
"HSP90AB1","CREBBP","Av/b5 integrin"
"HSP90AB1","MEK1/2","Av/b5 integrin"
"HSP90AB1","PI3K","Av/b5 integrin"
"HSP90AB1","RELA","Av/b5 integrin"
"HSP90AB1","CDKN1B","Av/b5 integrin"
"HSP90AB1","RXRA","Av/b5 integrin"
"HSP90AB1","RB1","Av/b5 integrin"
"HSP90AB1","CDC25C","Av/b5 integrin"
"HSP90AB1","PTK2B","Av/b5 integrin"
"HSP90AB1","KDR","Av/b5 integrin"
"HSP90AB1","BRAF","Av/b5 integrin"
"HSP90AB1","SMAD1","Av/b5 integrin"
"HSP90AB1","TRIM28","Av/b5 integrin"
"HSP90AB1","STING1","Av/b5 integrin"
"HSP90AB1","BANP","Av/b5 integrin"
"HSP90AB1","AKT2","Av/b8 integrin"
"HSP90AB1","AKT1","Av/b8 integrin"
"HSP90AB1","RPS6KB1","Av/b8 integrin"
"HSP90AB1","MAP2K1","Av/b8 integrin"
"HSP90AB1","AKT","Av/b8 integrin"
"HSP90AB1","IKBKB","Av/b8 integrin"
"HSP90AB1","IRS1","Av/b8 integrin"
"HSP90AB1","PIK3CA","Av/b8 integrin"
"HSP90AB1","A6/b4 integrin","Av/b8 integrin"
"HSP90AB1","NFKBIA","Av/b8 integrin"
"HSP90AB1","PTK6","Av/b8 integrin"
"HSP90AB1","IKBKE","Av/b8 integrin"
"HSP90AB1","PPP2R5C","Av/b8 integrin"
"HSP90AB1","PAK1","Av/b8 integrin"
"HSP90AB1","TBK1","Av/b8 integrin"
"HSP90AB1","CREBBP","Av/b8 integrin"
"HSP90AB1","MEK1/2","Av/b8 integrin"
"HSP90AB1","PI3K","Av/b8 integrin"
"HSP90AB1","RELA","Av/b8 integrin"
"HSP90AB1","CDKN1B","Av/b8 integrin"
"HSP90AB1","RXRA","Av/b8 integrin"
"HSP90AB1","RB1","Av/b8 integrin"
"HSP90AB1","CDC25C","Av/b8 integrin"
"HSP90AB1","PTK2B","Av/b8 integrin"
"HSP90AB1","KDR","Av/b8 integrin"
"HSP90AB1","BRAF","Av/b8 integrin"
"HSP90AB1","SMAD1","Av/b8 integrin"
"HSP90AB1","TRIM28","Av/b8 integrin"
"HSP90AB1","STING1","Av/b8 integrin"
"HSP90AB1","BANP","Av/b8 integrin"
"HSP90AB1","AKT2","FSCN1"
"HSP90AB1","AKT1","FSCN1"
"HSP90AB1","RPS6KB1","FSCN1"
"HSP90AB1","MAP2K1","FSCN1"
"HSP90AB1","AKT","FSCN1"
"HSP90AB1","IKBKB","FSCN1"
"HSP90AB1","IRS1","FSCN1"
"HSP90AB1","PIK3CA","FSCN1"
"HSP90AB1","A6/b4 integrin","FSCN1"
"HSP90AB1","NFKBIA","FSCN1"
"HSP90AB1","PTK6","FSCN1"
"HSP90AB1","IKBKE","FSCN1"
"HSP90AB1","PPP2R5C","FSCN1"
"HSP90AB1","PAK1","FSCN1"
"HSP90AB1","TBK1","FSCN1"
"HSP90AB1","CREBBP","FSCN1"
"HSP90AB1","MEK1/2","FSCN1"
"HSP90AB1","PI3K","FSCN1"
"HSP90AB1","RELA","FSCN1"
"HSP90AB1","CDKN1B","FSCN1"
"HSP90AB1","RXRA","FSCN1"
"HSP90AB1","RB1","FSCN1"
"HSP90AB1","CDC25C","FSCN1"
"HSP90AB1","PTK2B","FSCN1"
"HSP90AB1","KDR","FSCN1"
"HSP90AB1","BRAF","FSCN1"
"HSP90AB1","SMAD1","FSCN1"
"HSP90AB1","TRIM28","FSCN1"
"HSP90AB1","STING1","FSCN1"
"HSP90AB1","BANP","FSCN1"
"HSP90AB1","AKT2","PRDX2"
"HSP90AB1","AKT1","PRDX2"
"HSP90AB1","RPS6KB1","PRDX2"
"HSP90AB1","MAP2K1","PRDX2"
"HSP90AB1","AKT","PRDX2"
"HSP90AB1","IKBKB","PRDX2"
"HSP90AB1","IRS1","PRDX2"
"HSP90AB1","PIK3CA","PRDX2"
"HSP90AB1","A6/b4 integrin","PRDX2"
"HSP90AB1","NFKBIA","PRDX2"
"HSP90AB1","PTK6","PRDX2"
"HSP90AB1","IKBKE","PRDX2"
"HSP90AB1","PPP2R5C","PRDX2"
"HSP90AB1","PAK1","PRDX2"
"HSP90AB1","TBK1","PRDX2"
"HSP90AB1","CREBBP","PRDX2"
"HSP90AB1","MEK1/2","PRDX2"
"HSP90AB1","PI3K","PRDX2"
"HSP90AB1","RELA","PRDX2"
"HSP90AB1","CDKN1B","PRDX2"
"HSP90AB1","RXRA","PRDX2"
"HSP90AB1","RB1","PRDX2"
"HSP90AB1","CDC25C","PRDX2"
"HSP90AB1","PTK2B","PRDX2"
"HSP90AB1","KDR","PRDX2"
"HSP90AB1","BRAF","PRDX2"
"HSP90AB1","SMAD1","PRDX2"
"HSP90AB1","TRIM28","PRDX2"
"HSP90AB1","STING1","PRDX2"
"HSP90AB1","BANP","PRDX2"
"HSP90AB1","AKT2","FOXP3"
"HSP90AB1","AKT1","FOXP3"
"HSP90AB1","RPS6KB1","FOXP3"
"HSP90AB1","MAP2K1","FOXP3"
"HSP90AB1","AKT","FOXP3"
"HSP90AB1","IKBKB","FOXP3"
"HSP90AB1","IRS1","FOXP3"
"HSP90AB1","PIK3CA","FOXP3"
"HSP90AB1","A6/b4 integrin","FOXP3"
"HSP90AB1","NFKBIA","FOXP3"
"HSP90AB1","PTK6","FOXP3"
"HSP90AB1","IKBKE","FOXP3"
"HSP90AB1","PPP2R5C","FOXP3"
"HSP90AB1","PAK1","FOXP3"
"HSP90AB1","TBK1","FOXP3"
"HSP90AB1","CREBBP","FOXP3"
"HSP90AB1","MEK1/2","FOXP3"
"HSP90AB1","PI3K","FOXP3"
"HSP90AB1","RELA","FOXP3"
"HSP90AB1","CDKN1B","FOXP3"
"HSP90AB1","RXRA","FOXP3"
"HSP90AB1","RB1","FOXP3"
"HSP90AB1","CDC25C","FOXP3"
"HSP90AB1","PTK2B","FOXP3"
"HSP90AB1","KDR","FOXP3"
"HSP90AB1","BRAF","FOXP3"
"HSP90AB1","SMAD1","FOXP3"
"HSP90AB1","TRIM28","FOXP3"
"HSP90AB1","STING1","FOXP3"
"HSP90AB1","BANP","FOXP3"
"HSP90AB1","AKT2","NR2F6"
"HSP90AB1","AKT1","NR2F6"
"HSP90AB1","RPS6KB1","NR2F6"
"HSP90AB1","MAP2K1","NR2F6"
"HSP90AB1","AKT","NR2F6"
"HSP90AB1","IKBKB","NR2F6"
"HSP90AB1","IRS1","NR2F6"
"HSP90AB1","PIK3CA","NR2F6"
"HSP90AB1","A6/b4 integrin","NR2F6"
"HSP90AB1","NFKBIA","NR2F6"
"HSP90AB1","PTK6","NR2F6"
"HSP90AB1","IKBKE","NR2F6"
"HSP90AB1","PPP2R5C","NR2F6"
"HSP90AB1","PAK1","NR2F6"
"HSP90AB1","TBK1","NR2F6"
"HSP90AB1","CREBBP","NR2F6"
"HSP90AB1","MEK1/2","NR2F6"
"HSP90AB1","PI3K","NR2F6"
"HSP90AB1","RELA","NR2F6"
"HSP90AB1","CDKN1B","NR2F6"
"HSP90AB1","RXRA","NR2F6"
"HSP90AB1","RB1","NR2F6"
"HSP90AB1","CDC25C","NR2F6"
"HSP90AB1","PTK2B","NR2F6"
"HSP90AB1","KDR","NR2F6"
"HSP90AB1","BRAF","NR2F6"
"HSP90AB1","SMAD1","NR2F6"
"HSP90AB1","TRIM28","NR2F6"
"HSP90AB1","STING1","NR2F6"
"HSP90AB1","BANP","NR2F6"
"HSP90AB1","AKT2","SHC4"
"HSP90AB1","AKT1","SHC4"
"HSP90AB1","RPS6KB1","SHC4"
"HSP90AB1","MAP2K1","SHC4"
"HSP90AB1","AKT","SHC4"
"HSP90AB1","IKBKB","SHC4"
"HSP90AB1","IRS1","SHC4"
"HSP90AB1","PIK3CA","SHC4"
"HSP90AB1","A6/b4 integrin","SHC4"
"HSP90AB1","NFKBIA","SHC4"
"HSP90AB1","PTK6","SHC4"
"HSP90AB1","IKBKE","SHC4"
"HSP90AB1","PPP2R5C","SHC4"
"HSP90AB1","PAK1","SHC4"
"HSP90AB1","TBK1","SHC4"
"HSP90AB1","CREBBP","SHC4"
"HSP90AB1","MEK1/2","SHC4"
"HSP90AB1","PI3K","SHC4"
"HSP90AB1","RELA","SHC4"
"HSP90AB1","CDKN1B","SHC4"
"HSP90AB1","RXRA","SHC4"
"HSP90AB1","RB1","SHC4"
"HSP90AB1","CDC25C","SHC4"
"HSP90AB1","PTK2B","SHC4"
"HSP90AB1","KDR","SHC4"
"HSP90AB1","BRAF","SHC4"
"HSP90AB1","SMAD1","SHC4"
"HSP90AB1","TRIM28","SHC4"
"HSP90AB1","STING1","SHC4"
"HSP90AB1","BANP","SHC4"
"HSP90AB1","AKT2","PIP4K2B"
"HSP90AB1","AKT1","PIP4K2B"
"HSP90AB1","RPS6KB1","PIP4K2B"
"HSP90AB1","MAP2K1","PIP4K2B"
"HSP90AB1","AKT","PIP4K2B"
"HSP90AB1","IKBKB","PIP4K2B"
"HSP90AB1","IRS1","PIP4K2B"
"HSP90AB1","PIK3CA","PIP4K2B"
"HSP90AB1","A6/b4 integrin","PIP4K2B"
"HSP90AB1","NFKBIA","PIP4K2B"
"HSP90AB1","PTK6","PIP4K2B"
"HSP90AB1","IKBKE","PIP4K2B"
"HSP90AB1","PPP2R5C","PIP4K2B"
"HSP90AB1","PAK1","PIP4K2B"
"HSP90AB1","TBK1","PIP4K2B"
"HSP90AB1","CREBBP","PIP4K2B"
"HSP90AB1","MEK1/2","PIP4K2B"
"HSP90AB1","PI3K","PIP4K2B"
"HSP90AB1","RELA","PIP4K2B"
"HSP90AB1","CDKN1B","PIP4K2B"
"HSP90AB1","RXRA","PIP4K2B"
"HSP90AB1","RB1","PIP4K2B"
"HSP90AB1","CDC25C","PIP4K2B"
"HSP90AB1","PTK2B","PIP4K2B"
"HSP90AB1","KDR","PIP4K2B"
"HSP90AB1","BRAF","PIP4K2B"
"HSP90AB1","SMAD1","PIP4K2B"
"HSP90AB1","TRIM28","PIP4K2B"
"HSP90AB1","STING1","PIP4K2B"
"HSP90AB1","BANP","PIP4K2B"
"HSP90AB1","AKT2","SLC1A1"
"HSP90AB1","AKT1","SLC1A1"
"HSP90AB1","RPS6KB1","SLC1A1"
"HSP90AB1","MAP2K1","SLC1A1"
"HSP90AB1","AKT","SLC1A1"
"HSP90AB1","IKBKB","SLC1A1"
"HSP90AB1","IRS1","SLC1A1"
"HSP90AB1","PIK3CA","SLC1A1"
"HSP90AB1","A6/b4 integrin","SLC1A1"
"HSP90AB1","NFKBIA","SLC1A1"
"HSP90AB1","PTK6","SLC1A1"
"HSP90AB1","IKBKE","SLC1A1"
"HSP90AB1","PPP2R5C","SLC1A1"
"HSP90AB1","PAK1","SLC1A1"
"HSP90AB1","TBK1","SLC1A1"
"HSP90AB1","CREBBP","SLC1A1"
"HSP90AB1","MEK1/2","SLC1A1"
"HSP90AB1","PI3K","SLC1A1"
"HSP90AB1","RELA","SLC1A1"
"HSP90AB1","CDKN1B","SLC1A1"
"HSP90AB1","RXRA","SLC1A1"
"HSP90AB1","RB1","SLC1A1"
"HSP90AB1","CDC25C","SLC1A1"
"HSP90AB1","PTK2B","SLC1A1"
"HSP90AB1","KDR","SLC1A1"
"HSP90AB1","BRAF","SLC1A1"
"HSP90AB1","SMAD1","SLC1A1"
"HSP90AB1","TRIM28","SLC1A1"
"HSP90AB1","STING1","SLC1A1"
"HSP90AB1","BANP","SLC1A1"
"HSP90AB1","AKT2","SLC1A2"
"HSP90AB1","AKT1","SLC1A2"
"HSP90AB1","RPS6KB1","SLC1A2"
"HSP90AB1","MAP2K1","SLC1A2"
"HSP90AB1","AKT","SLC1A2"
"HSP90AB1","IKBKB","SLC1A2"
"HSP90AB1","IRS1","SLC1A2"
"HSP90AB1","PIK3CA","SLC1A2"
"HSP90AB1","A6/b4 integrin","SLC1A2"
"HSP90AB1","NFKBIA","SLC1A2"
"HSP90AB1","PTK6","SLC1A2"
"HSP90AB1","IKBKE","SLC1A2"
"HSP90AB1","PPP2R5C","SLC1A2"
"HSP90AB1","PAK1","SLC1A2"
"HSP90AB1","TBK1","SLC1A2"
"HSP90AB1","CREBBP","SLC1A2"
"HSP90AB1","MEK1/2","SLC1A2"
"HSP90AB1","PI3K","SLC1A2"
"HSP90AB1","RELA","SLC1A2"
"HSP90AB1","CDKN1B","SLC1A2"
"HSP90AB1","RXRA","SLC1A2"
"HSP90AB1","RB1","SLC1A2"
"HSP90AB1","CDC25C","SLC1A2"
"HSP90AB1","PTK2B","SLC1A2"
"HSP90AB1","KDR","SLC1A2"
"HSP90AB1","BRAF","SLC1A2"
"HSP90AB1","SMAD1","SLC1A2"
"HSP90AB1","TRIM28","SLC1A2"
"HSP90AB1","STING1","SLC1A2"
"HSP90AB1","BANP","SLC1A2"
"HSP90AB1","AKT2","CHN2"
"HSP90AB1","AKT1","CHN2"
"HSP90AB1","RPS6KB1","CHN2"
"HSP90AB1","MAP2K1","CHN2"
"HSP90AB1","AKT","CHN2"
"HSP90AB1","IKBKB","CHN2"
"HSP90AB1","IRS1","CHN2"
"HSP90AB1","PIK3CA","CHN2"
"HSP90AB1","A6/b4 integrin","CHN2"
"HSP90AB1","NFKBIA","CHN2"
"HSP90AB1","PTK6","CHN2"
"HSP90AB1","IKBKE","CHN2"
"HSP90AB1","PPP2R5C","CHN2"
"HSP90AB1","PAK1","CHN2"
"HSP90AB1","TBK1","CHN2"
"HSP90AB1","CREBBP","CHN2"
"HSP90AB1","MEK1/2","CHN2"
"HSP90AB1","PI3K","CHN2"
"HSP90AB1","RELA","CHN2"
"HSP90AB1","CDKN1B","CHN2"
"HSP90AB1","RXRA","CHN2"
"HSP90AB1","RB1","CHN2"
"HSP90AB1","CDC25C","CHN2"
"HSP90AB1","PTK2B","CHN2"
"HSP90AB1","KDR","CHN2"
"HSP90AB1","BRAF","CHN2"
"HSP90AB1","SMAD1","CHN2"
"HSP90AB1","TRIM28","CHN2"
"HSP90AB1","STING1","CHN2"
"HSP90AB1","BANP","CHN2"
"HSP90AB1","AKT2","SULT4A1"
"HSP90AB1","AKT1","SULT4A1"
"HSP90AB1","RPS6KB1","SULT4A1"
"HSP90AB1","MAP2K1","SULT4A1"
"HSP90AB1","AKT","SULT4A1"
"HSP90AB1","IKBKB","SULT4A1"
"HSP90AB1","IRS1","SULT4A1"
"HSP90AB1","PIK3CA","SULT4A1"
"HSP90AB1","A6/b4 integrin","SULT4A1"
"HSP90AB1","NFKBIA","SULT4A1"
"HSP90AB1","PTK6","SULT4A1"
"HSP90AB1","IKBKE","SULT4A1"
"HSP90AB1","PPP2R5C","SULT4A1"
"HSP90AB1","PAK1","SULT4A1"
"HSP90AB1","TBK1","SULT4A1"
"HSP90AB1","CREBBP","SULT4A1"
"HSP90AB1","MEK1/2","SULT4A1"
"HSP90AB1","PI3K","SULT4A1"
"HSP90AB1","RELA","SULT4A1"
"HSP90AB1","CDKN1B","SULT4A1"
"HSP90AB1","RXRA","SULT4A1"
"HSP90AB1","RB1","SULT4A1"
"HSP90AB1","CDC25C","SULT4A1"
"HSP90AB1","PTK2B","SULT4A1"
"HSP90AB1","KDR","SULT4A1"
"HSP90AB1","BRAF","SULT4A1"
"HSP90AB1","SMAD1","SULT4A1"
"HSP90AB1","TRIM28","SULT4A1"
"HSP90AB1","STING1","SULT4A1"
"HSP90AB1","BANP","SULT4A1"
